114940000000,0.09360,0.24750,-0.15800,0.50000,0.50000,-0.50000,0.50000,0.00000,0.00000,0.00000
115006000000,0.09360,0.24750,-0.15800,0.50000,0.50000,-0.50000,0.50000,-0.00000,-0.00002,-0.00004
115072000000,0.09360,0.24749,-0.15800,0.50000,0.50000,-0.50000,0.50000,0.00006,-0.00007,-0.00001
115105000000,0.09360,0.24750,-0.15800,0.50000,0.50000,-0.50000,0.50000,-0.00015,0.00008,-0.00002
115138000000,0.09360,0.24750,-0.15800,0.50000,0.50000,-0.50000,0.50000,0.00002,0.00004,0.00002
115171000000,0.09360,0.24750,-0.15800,0.50000,0.50000,-0.50000,0.50000,0.00001,0.00000,0.00000
115204000000,0.09360,0.24750,-0.15800,0.50000,0.50000,-0.50000,0.50000,-0.00001,-0.00000,0.00000
115237000000,0.09360,0.24750,-0.15800,0.50000,0.50000,-0.50000,0.50000,0.00003,-0.00001,-0.00002
115303000000,0.09360,0.24750,-0.15800,0.50000,0.50000,-0.50000,0.50000,-0.00001,0.00003,0.00005
115369000000,0.09359,0.24749,-0.15799,0.50000,0.50000,-0.49999,0.50000,-0.00010,-0.00020,0.00011
115402000000,0.09361,0.24750,-0.15800,0.50000,0.50000,-0.50000,0.50000,0.00036,0.00045,-0.00010
115468000000,0.09363,0.24749,-0.15805,0.50000,0.50000,-0.50000,0.50000,0.00045,-0.00024,-0.00081
115501000000,0.09361,0.24750,-0.15802,0.50000,0.50000,-0.50000,0.50000,-0.00089,0.00042,0.00102
115534000000,0.09361,0.24750,-0.15802,0.50000,0.50000,-0.50000,0.50000,-0.00002,0.00001,0.00001
115567000000,0.09361,0.24750,-0.15802,0.50000,0.50000,-0.50000,0.50000,0.00000,-0.00001,-0.00001
115600000000,0.09360,0.24750,-0.15802,0.50000,0.50000,-0.50000,0.50000,-0.00001,0.00011,-0.00000
115666000000,0.09361,0.24750,-0.15801,0.50000,0.50000,-0.50000,0.50000,0.00001,-0.00005,0.00001
115699000000,0.09361,0.24750,-0.15801,0.50000,0.50000,-0.50000,0.50000,0.00001,0.00004,0.00006
115765000000,0.09361,0.24750,-0.15801,0.50000,0.50000,-0.50000,0.50000,0.00000,-0.00000,-0.00001
115798000000,0.09361,0.24750,-0.15801,0.50000,0.50000,-0.50000,0.50000,0.00012,0.00003,0.00013
115831000000,0.09361,0.24750,-0.15801,0.50000,0.50000,-0.50000,0.50000,0.00001,-0.00000,0.00000
115864000000,0.09361,0.24750,-0.15801,0.50000,0.50000,-0.50000,0.50000,-0.00001,0.00000,-0.00001
115897000000,0.09361,0.24750,-0.15801,0.50000,0.50000,-0.50000,0.50000,0.00002,0.00000,0.00001
115930000000,0.09361,0.24753,-0.15802,0.50000,0.50000,-0.50000,0.50000,0.00001,0.00096,-0.00027
115963000000,0.09361,0.24750,-0.15802,0.50000,0.50000,-0.50000,0.50000,-0.00002,-0.00088,0.00000
115996000000,0.09361,0.24750,-0.15801,0.50000,0.50000,-0.50000,0.50000,-0.00010,-0.00010,0.00014
116062000000,0.09361,0.24750,-0.15801,0.50000,0.50000,-0.50000,0.50000,0.00005,0.00001,0.00006
116095000000,0.09361,0.24750,-0.15801,0.50000,0.50000,-0.50000,0.50000,-0.00005,0.00006,0.00005
116128000000,0.09361,0.24750,-0.15801,0.50000,0.50000,-0.50000,0.50000,-0.00001,-0.00000,0.00000
116161000000,0.09361,0.24750,-0.15801,0.50000,0.50000,-0.50000,0.50000,-0.00006,-0.00003,-0.00013
116194000000,0.09360,0.24750,-0.15801,0.50000,0.50000,-0.50000,0.50000,-0.00003,0.00005,0.00008
116227000000,0.09361,0.24750,-0.15803,0.50000,0.50000,-0.50000,0.50000,0.00018,-0.00025,-0.00063
116260000000,0.09359,0.24750,-0.15803,0.50000,0.50000,-0.50000,0.50000,-0.00065,-0.00001,-0.00004
116359000000,0.09361,0.24750,-0.15801,0.50000,0.50000,-0.50000,0.50000,0.00017,0.00007,0.00019
116392000000,0.09360,0.24751,-0.15802,0.50000,0.50000,-0.50000,0.50000,-0.00023,0.00014,-0.00011
116425000000,0.09360,0.24750,-0.15801,0.50000,0.50000,-0.50000,0.50000,0.00019,-0.00014,0.00007
116458000000,0.09360,0.24750,-0.15801,0.50000,0.50000,-0.50000,0.50000,0.00001,0.00000,0.00000
116491000000,0.09360,0.24750,-0.15801,0.50000,0.50000,-0.50000,0.50000,-0.00001,0.00000,0.00001
116524000000,0.09360,0.24750,-0.15801,0.50000,0.50000,-0.50000,0.50000,0.00000,0.00004,0.00006
116590000000,0.09361,0.24750,-0.15801,0.50000,0.50000,-0.50000,0.50000,0.00001,-0.00002,-0.00004
116623000000,0.09360,0.24750,-0.15801,0.50000,0.50000,-0.50000,0.50000,-0.00001,0.00001,0.00002
116689000000,0.09360,0.24750,-0.15801,0.50000,0.50000,-0.50000,0.50000,-0.00003,-0.00001,0.00001
116722000000,0.09360,0.24750,-0.15801,0.50000,0.50000,-0.50000,0.50000,0.00002,0.00004,0.00001
116755000000,0.09360,0.24750,-0.15801,0.50000,0.50000,-0.50000,0.50000,-0.00001,-0.00000,-0.00004
116821000000,0.09360,0.24751,-0.15800,0.50000,0.50000,-0.50000,0.50000,-0.00006,0.00002,0.00022
116887000000,0.09360,0.24750,-0.15801,0.50000,0.50000,-0.50000,0.50000,0.00004,-0.00002,-0.00013
116920000000,0.09361,0.24750,-0.15801,0.50000,0.50000,-0.50000,0.50000,0.00020,-0.00008,-0.00018
116953000000,0.09360,0.24750,-0.15801,0.50000,0.50000,-0.50000,0.50000,-0.00014,0.00010,0.00008
116986000000,0.09360,0.24750,-0.15801,0.50000,0.50000,-0.50000,0.50000,0.00001,-0.00004,-0.00006
117019000000,0.09361,0.24750,-0.15801,0.50000,0.50000,-0.50000,0.50000,0.00009,0.00001,-0.00002
117052000000,0.09361,0.24750,-0.15801,0.50000,0.50000,-0.50000,0.50000,-0.00007,0.00003,0.00012
117118000000,0.09369,0.24705,-0.15767,0.50000,0.49999,-0.49997,0.50003,0.00122,-0.00690,0.00517
117184000000,0.09362,0.24713,-0.15140,0.50001,0.50003,-0.49994,0.50002,-0.00098,0.00119,0.09500
117217000000,0.09374,0.24703,-0.14815,0.50001,0.50002,-0.49994,0.50003,0.00372,-0.00305,0.09844
117250000000,0.09352,0.24717,-0.14334,0.50004,0.50002,-0.49995,0.50000,-0.00677,0.00430,0.14568
117316000000,0.09367,0.24723,-0.13154,0.50000,0.50003,-0.49994,0.50002,0.00232,0.00090,0.17887
117349000000,0.09345,0.24731,-0.12419,0.50006,0.50004,-0.49997,0.49993,-0.00690,0.00247,0.22278
117415000000,0.09363,0.24722,-0.11167,0.49997,0.50000,-0.50000,0.50004,0.00286,-0.00131,0.18965
117481000000,0.09354,0.24731,-0.10162,0.50005,0.50003,-0.49994,0.49998,-0.00145,0.00133,0.15220
117547000000,0.09289,0.24720,-0.09082,0.50004,0.50010,-0.49987,0.50000,-0.00982,-0.00161,0.16367
117613000000,0.09676,-0.07267,-0.24701,0.70307,-0.00149,-0.00702,0.71109,0.05857,-4.84651,-2.36654
117679000000,0.09696,-0.05527,-0.24669,0.70301,-0.00150,-0.00701,0.71114,0.00313,0.26365,0.00490
117745000000,0.15549,-0.14042,-0.24652,0.70300,-0.00134,-0.00690,0.71115,0.88680,-1.29020,0.00251
117778000000,0.15554,-0.12892,-0.24635,0.70300,-0.00136,-0.00691,0.71115,0.00145,0.34832,0.00522
117844000000,0.15509,-0.10291,-0.24647,0.70300,-0.00135,-0.00696,0.71116,-0.00685,0.39412,-0.00184
117943000000,0.15445,-0.05893,-0.24569,0.70304,-0.00139,-0.00698,0.71112,-0.00641,0.44431,0.00790
118009000000,0.15385,-0.02474,-0.24558,0.70304,-0.00142,-0.00693,0.71111,-0.00917,0.51792,0.00169
118042000000,0.15368,-0.00637,-0.24557,0.70305,-0.00134,-0.00693,0.71111,-0.00518,0.55663,0.00027
118075000000,0.15377,0.01254,-0.24548,0.70309,-0.00138,-0.00693,0.71107,0.00281,0.57318,0.00279
118108000000,0.15355,0.03325,-0.24559,0.70300,-0.00140,-0.00694,0.71115,-0.00676,0.62740,-0.00331
118174000000,0.15346,0.07459,-0.24509,0.70297,-0.00129,-0.00688,0.71118,-0.00131,0.62644,0.00751
118240000000,0.15269,0.11879,-0.24462,0.70290,-0.00130,-0.00684,0.71125,-0.01164,0.66971,0.00719
118306000000,0.15204,0.16739,-0.24418,0.70298,-0.00133,-0.00689,0.71117,-0.00985,0.73642,0.00654
118339000000,0.15161,0.19126,-0.24388,0.70305,-0.00135,-0.00692,0.71111,-0.01297,0.72322,0.00922
118405000000,0.15091,0.24360,-0.24330,0.70305,-0.00139,-0.00691,0.71111,-0.01061,0.79296,0.00873
118438000000,0.15065,0.27143,-0.24306,0.70305,-0.00140,-0.00690,0.71110,-0.00798,0.84341,0.00752
118471000000,0.15022,0.29977,-0.24269,0.70310,-0.00142,-0.00691,0.71106,-0.01294,0.85876,0.01112
118570000000,0.14795,0.38692,-0.24139,0.70309,-0.00155,-0.00694,0.71106,-0.02292,0.88034,0.01316
118603000000,0.14747,0.41965,-0.24165,0.70313,-0.00148,-0.00702,0.71102,-0.01476,0.99182,-0.00811
118702000000,0.14673,0.52097,-0.24087,0.70308,-0.00140,-0.00699,0.71108,-0.00746,1.02343,0.00787
118768000000,0.14696,0.59492,-0.24100,0.70301,-0.00126,-0.00692,0.71114,0.00351,1.12041,-0.00190
118834000000,0.14635,0.67081,-0.24068,0.70304,-0.00128,-0.00699,0.71111,-0.00920,1.14995,0.00481
118867000000,0.14584,0.70888,-0.24017,0.70300,-0.00133,-0.00693,0.71116,-0.01545,1.15360,0.01547
118933000000,0.14602,0.78505,-0.23878,0.70288,-0.00125,-0.00682,0.71128,0.00267,1.15398,0.02110
118966000000,0.14498,0.82756,-0.23860,0.70291,-0.00131,-0.00688,0.71124,-0.03142,1.28842,0.00535
119032000000,0.14399,0.91155,-0.23779,0.70292,-0.00136,-0.00682,0.71123,-0.01501,1.27245,0.01223
119098000000,0.14142,1.00008,-0.23719,0.70306,-0.00144,-0.00708,0.71109,-0.03901,1.34144,0.00916
119164000000,0.14032,1.09119,-0.23633,0.70304,-0.00145,-0.00705,0.71111,-0.01659,1.38047,0.01303
119197000000,0.13985,1.13781,-0.23592,0.70308,-0.00146,-0.00696,0.71107,-0.01434,1.41275,0.01246
119263000000,0.13874,1.23294,-0.23479,0.70308,-0.00147,-0.00698,0.71107,-0.01678,1.44129,0.01706
119329000000,0.13843,1.33429,-0.23490,0.70294,-0.00150,-0.00701,0.71121,-0.00466,1.53558,-0.00155
119395000000,0.13728,1.43266,-0.23408,0.70297,-0.00145,-0.00695,0.71118,-0.01751,1.49057,0.01232
119428000000,0.13701,1.48253,-0.23385,0.70296,-0.00142,-0.00697,0.71120,-0.00810,1.51120,0.00700
119461000000,0.13721,1.53016,-0.23376,0.70302,-0.00139,-0.00705,0.71114,0.00600,1.44319,0.00287
119527000000,0.13557,1.63098,-0.23385,0.70309,-0.00139,-0.00720,0.71106,-0.02486,1.52765,-0.00143
119560000000,0.13521,1.68062,-0.23340,0.70310,-0.00140,-0.00707,0.71106,-0.01082,1.50419,0.01365
119626000000,0.13450,1.77998,-0.23287,0.70305,-0.00133,-0.00709,0.71110,-0.01080,1.50548,0.00799
119659000000,0.13411,1.83003,-0.23231,0.70312,-0.00139,-0.00710,0.71103,-0.01184,1.51662,0.01695
119725000000,0.13284,1.92867,-0.23163,0.70316,-0.00139,-0.00716,0.71099,-0.01924,1.49447,0.01033
119758000000,0.13211,1.97862,-0.23113,0.70312,-0.00146,-0.00726,0.71103,-0.02209,1.51360,0.01525
119791000000,0.13150,2.02787,-0.23061,0.70319,-0.00139,-0.00714,0.71096,-0.01833,1.49254,0.01567
119857000000,0.13123,2.12306,-0.22818,0.70302,-0.00151,-0.00704,0.71113,-0.00415,1.44227,0.03688
119956000000,0.12927,2.27092,-0.22713,0.70305,-0.00146,-0.00698,0.71110,-0.01981,1.49353,0.01063
120022000000,0.12789,2.37038,-0.22660,0.70301,-0.00145,-0.00699,0.71115,-0.02098,1.50692,0.00802
120055000000,0.12716,2.41877,-0.22638,0.70307,-0.00142,-0.00705,0.71108,-0.02189,1.46636,0.00642
120088000000,0.12755,2.46942,-0.22648,0.70294,-0.00125,-0.00695,0.71121,0.01162,1.53486,-0.00285
120187000000,0.12558,2.61791,-0.22541,0.70301,-0.00129,-0.00694,0.71115,-0.01988,1.49994,0.01078
120220000000,0.12518,2.66655,-0.22494,0.70297,-0.00129,-0.00701,0.71118,-0.01220,1.47385,0.01430
120286000000,0.11965,2.76244,-0.22630,0.70313,-0.00130,-0.00721,0.71102,-0.08370,1.45285,-0.02055
120352000000,0.11803,2.86093,-0.22130,0.70315,-0.00090,-0.00756,0.71101,-0.02454,1.49239,0.07578
120385000000,0.11700,2.90974,-0.22059,0.70313,-0.00094,-0.00751,0.71102,-0.03120,1.47900,0.02134
120418000000,0.11635,2.95832,-0.22002,0.70315,-0.00105,-0.00748,0.71101,-0.01968,1.47223,0.01723
120484000000,0.11593,3.05740,-0.21870,0.70308,-0.00106,-0.00754,0.71107,-0.00638,1.50120,0.02003
120550000000,0.11521,3.15586,-0.21777,0.70313,-0.00100,-0.00749,0.71102,-0.01096,1.49182,0.01407
120583000000,0.11565,3.20553,-0.21675,0.70316,-0.00099,-0.00747,0.71100,0.01335,1.50509,0.03091
120682000000,0.10343,3.39499,-0.21129,0.70309,-0.00103,-0.00729,0.71106,-0.12340,1.91375,0.05521
120748000000,0.10309,3.49405,-0.21038,0.70308,-0.00099,-0.00726,0.71107,-0.00513,1.50094,0.01372
120814000000,0.10145,3.59337,-0.20973,0.70310,-0.00098,-0.00729,0.71105,-0.02486,1.50485,0.00980
120847000000,0.09749,3.65057,-0.21227,0.70317,-0.00080,-0.00754,0.71098,-0.12004,1.73330,-0.07687
120880000000,0.09678,3.69802,-0.21133,0.70316,-0.00086,-0.00751,0.71099,-0.02162,1.43769,0.02862
120913000000,0.09603,3.74724,-0.21087,0.70316,-0.00091,-0.00753,0.71099,-0.02255,1.49166,0.01371
120979000000,0.09554,3.84578,-0.20944,0.70318,-0.00092,-0.00748,0.71097,-0.00743,1.49301,0.02167
121045000000,0.09789,3.93853,-0.20838,0.70312,-0.00082,-0.00728,0.71103,0.03548,1.40526,0.01618
121111000000,0.09703,4.03669,-0.20674,0.70308,-0.00102,-0.00718,0.71108,-0.01303,1.48737,0.02480
121144000000,0.09646,4.08537,-0.20644,0.70305,-0.00099,-0.00726,0.71110,-0.01711,1.47516,0.00898
121243000000,0.09803,4.23997,-0.20781,0.70299,-0.00090,-0.00744,0.71116,0.01587,1.56159,-0.01381
121309000000,0.09680,4.33902,-0.20677,0.70295,-0.00095,-0.00747,0.71120,-0.01863,1.50079,0.01575
121342000000,0.09583,4.38709,-0.20592,0.70295,-0.00102,-0.00737,0.71120,-0.02963,1.45648,0.02565
121408000000,0.09523,4.48711,-0.20497,0.70307,-0.00101,-0.00746,0.71108,-0.00903,1.51553,0.01438
121474000000,0.08729,4.57358,-0.20112,0.70306,-0.00104,-0.00724,0.71109,-0.12024,1.31006,0.05840
121540000000,0.08626,4.67168,-0.20023,0.70298,-0.00103,-0.00718,0.71117,-0.01558,1.48640,0.01350
121573000000,0.08608,4.72075,-0.19975,0.70295,-0.00098,-0.00710,0.71120,-0.00554,1.48704,0.01455
121672000000,0.08682,4.85792,-0.19761,0.70305,-0.00098,-0.00706,0.71111,0.00748,1.38558,0.02157
121705000000,0.08662,4.90800,-0.19712,0.70300,-0.00098,-0.00706,0.71115,-0.00627,1.51747,0.01489
121738000000,0.08659,4.95761,-0.19668,0.70296,-0.00100,-0.00701,0.71119,-0.00083,1.50342,0.01353
121804000000,0.08531,5.05508,-0.19617,0.70296,-0.00089,-0.00709,0.71119,-0.01929,1.47670,0.00761
121837000000,0.08338,5.11221,-0.19792,0.70310,-0.00078,-0.00724,0.71105,-0.05859,1.73144,-0.05304
121903000000,0.08266,5.21161,-0.19731,0.70303,-0.00076,-0.00735,0.71112,-0.01086,1.50603,0.00928
121936000000,0.08195,5.26124,-0.19681,0.70303,-0.00081,-0.00728,0.71112,-0.02160,1.50400,0.01515
122002000000,0.08025,5.35924,-0.19598,0.70309,-0.00087,-0.00736,0.71106,-0.02583,1.48486,0.01266
122068000000,0.07956,5.46580,-0.19446,0.70309,-0.00083,-0.00738,0.71106,-0.01048,1.61446,0.02302
122167000000,0.07871,5.61415,-0.19259,0.70303,-0.00084,-0.00722,0.71112,-0.00857,1.49847,0.01881
122200000000,0.07800,5.66425,-0.19243,0.70305,-0.00091,-0.00733,0.71110,-0.02137,1.51831,0.00505
122233000000,0.07759,5.71344,-0.19196,0.70294,-0.00088,-0.00724,0.71121,-0.01233,1.49046,0.01433
122299000000,0.07332,5.81907,-0.19528,0.70301,-0.00072,-0.00738,0.71114,-0.06471,1.60054,-0.05037
122365000000,0.07236,5.91735,-0.19407,0.70299,-0.00079,-0.00740,0.71116,-0.01460,1.48906,0.01831
122431000000,0.07177,6.01620,-0.19338,0.70306,-0.00073,-0.00735,0.71109,-0.00888,1.49773,0.01054
122464000000,0.07108,6.06559,-0.19288,0.70301,-0.00072,-0.00737,0.71114,-0.02100,1.49659,0.01508
122563000000,0.07647,6.19827,-0.18505,0.70302,-0.00102,-0.00726,0.71114,0.05445,1.34019,0.07910
122596000000,0.07558,6.24771,-0.18464,0.70307,-0.00100,-0.00736,0.71109,-0.02701,1.49828,0.01247
122629000000,0.07493,6.29715,-0.18410,0.70306,-0.00101,-0.00734,0.71109,-0.01983,1.49819,0.01611
122695000000,0.07322,6.39542,-0.18317,0.70304,-0.00099,-0.00736,0.71111,-0.02593,1.48897,0.01415
122728000000,0.07015,6.44915,-0.18491,0.70292,-0.00084,-0.00742,0.71123,-0.09287,1.62812,-0.05289
122761000000,0.06979,6.49886,-0.18445,0.70293,-0.00086,-0.00747,0.71122,-0.01079,1.50621,0.01411
122827000000,0.06838,6.59699,-0.18322,0.70293,-0.00090,-0.00732,0.71122,-0.02145,1.48681,0.01868
122893000000,0.06690,6.69360,-0.18224,0.70286,-0.00085,-0.00728,0.71129,-0.02235,1.46385,0.01476
122926000000,0.06779,6.74353,-0.18171,0.70289,-0.00094,-0.00737,0.71126,0.02679,1.51305,0.01611
122992000000,0.06663,6.84242,-0.18088,0.70292,-0.00097,-0.00737,0.71123,-0.01748,1.49829,0.01255
123091000000,0.06571,6.98978,-0.17961,0.70287,-0.00096,-0.00738,0.71128,-0.00938,1.48846,0.01285
123124000000,0.06539,7.03896,-0.17901,0.70290,-0.00095,-0.00723,0.71126,-0.00952,1.49055,0.01814
123157000000,0.06619,7.08440,-0.17569,0.70299,-0.00100,-0.00734,0.71116,0.02411,1.37689,0.10067
123223000000,0.06509,7.18159,-0.17435,0.70298,-0.00105,-0.00737,0.71117,-0.01664,1.47255,0.02028
123289000000,0.06403,7.28011,-0.17352,0.70302,-0.00100,-0.00733,0.71113,-0.01609,1.49279,0.01255
123355000000,0.06421,7.38236,-0.17497,0.70280,-0.00083,-0.00741,0.71135,0.00276,1.54916,-0.02190
123388000000,0.06293,7.43152,-0.17372,0.70277,-0.00095,-0.00733,0.71138,-0.03868,1.48974,0.03767
123421000000,0.06199,7.48098,-0.17324,0.70279,-0.00090,-0.00727,0.71136,-0.02858,1.49866,0.01464
123487000000,0.06102,7.57993,-0.17253,0.70285,-0.00095,-0.00740,0.71130,-0.01467,1.49923,0.01083
123553000000,0.05956,7.67812,-0.17154,0.70285,-0.00092,-0.00736,0.71130,-0.02218,1.48783,0.01500
123619000000,0.05854,7.77669,-0.17228,0.70299,-0.00092,-0.00749,0.71116,-0.01550,1.49347,-0.01125
123652000000,0.05767,7.82587,-0.17176,0.70299,-0.00084,-0.00742,0.71116,-0.02616,1.49023,0.01573
123718000000,0.05660,7.92547,-0.17119,0.70301,-0.00081,-0.00746,0.71114,-0.01625,1.50918,0.00856
123784000000,0.05550,8.02429,-0.17011,0.70292,-0.00087,-0.00743,0.71123,-0.01669,1.49720,0.01646
123850000000,0.05409,8.11447,-0.16749,0.70291,-0.00098,-0.00746,0.71124,-0.02139,1.36638,0.03965
123916000000,0.05309,8.21191,-0.16633,0.70291,-0.00093,-0.00733,0.71124,-0.01514,1.47639,0.01762
123949000000,0.05250,8.26139,-0.16591,0.70288,-0.00089,-0.00734,0.71127,-0.01771,1.49941,0.01276
124015000000,0.05181,8.35992,-0.16485,0.70289,-0.00095,-0.00737,0.71126,-0.01057,1.49277,0.01602
124048000000,0.04947,8.41114,-0.16590,0.70308,-0.00094,-0.00750,0.71107,-0.07090,1.55212,-0.03191
124114000000,0.04869,8.50906,-0.16468,0.70306,-0.00101,-0.00749,0.71109,-0.01170,1.48376,0.01850
124147000000,0.04815,8.55802,-0.16424,0.70306,-0.00102,-0.00751,0.71109,-0.01660,1.48357,0.01326
124213000000,0.04827,8.65657,-0.16129,0.70290,-0.00094,-0.00720,0.71125,0.00183,1.49315,0.04483
124279000000,0.04708,8.75442,-0.16028,0.70288,-0.00089,-0.00724,0.71127,-0.01801,1.48254,0.01526
124312000000,0.04664,8.80426,-0.16010,0.70284,-0.00089,-0.00725,0.71131,-0.01344,1.51045,0.00532
124345000000,0.04515,8.85472,-0.16181,0.70299,-0.00090,-0.00749,0.71116,-0.04505,1.52888,-0.05176
124378000000,0.04456,8.90366,-0.16127,0.70302,-0.00084,-0.00750,0.71113,-0.01786,1.48308,0.01653
124477000000,0.04265,9.05163,-0.15955,0.70297,-0.00099,-0.00746,0.71118,-0.01926,1.49469,0.01728
124510000000,0.04236,9.10204,-0.15923,0.70296,-0.00098,-0.00744,0.71119,-0.00901,1.52756,0.00990
124609000000,0.04009,9.25330,-0.15816,0.70285,-0.00088,-0.00749,0.71129,-0.02292,1.52785,0.01084
124708000000,0.03821,9.40102,-0.15600,0.70294,-0.00106,-0.00737,0.71121,-0.01895,1.49210,0.02176
124774000000,0.03743,9.50018,-0.15487,0.70292,-0.00103,-0.00720,0.71123,-0.01187,1.50247,0.01712
124840000000,0.03345,9.60322,-0.15528,0.70307,-0.00100,-0.00744,0.71108,-0.06032,1.56131,-0.00615
124873000000,0.03325,9.65187,-0.15446,0.70311,-0.00103,-0.00742,0.71104,-0.00583,1.47403,0.02470
124939000000,0.03229,9.75113,-0.15389,0.70303,-0.00089,-0.00740,0.71112,-0.01466,1.50392,0.00869
124972000000,0.03160,9.79861,-0.15370,0.70319,-0.00101,-0.00764,0.71096,-0.02083,1.43886,0.00560
125005000000,0.03163,9.84860,-0.15301,0.70315,-0.00102,-0.00746,0.71100,0.00100,1.51481,0.02097
125038000000,0.03154,9.89871,-0.15265,0.70312,-0.00098,-0.00737,0.71103,-0.00280,1.51845,0.01104
125104000000,0.03075,9.99779,-0.15171,0.70304,-0.00091,-0.00735,0.71111,-0.01194,1.50133,0.01420
125170000000,0.02977,10.09678,-0.15101,0.70308,-0.00097,-0.00746,0.71108,-0.01480,1.49975,0.01065
125203000000,0.03138,10.14333,-0.15110,0.70300,-0.00078,-0.00749,0.71115,0.04855,1.41054,-0.00281
125269000000,0.03074,10.24200,-0.15018,0.70295,-0.00075,-0.00742,0.71120,-0.00959,1.49504,0.01394
125302000000,0.03005,10.29212,-0.14974,0.70298,-0.00075,-0.00740,0.71117,-0.02089,1.51868,0.01321
125335000000,0.02956,10.34183,-0.14923,0.70291,-0.00081,-0.00742,0.71124,-0.01506,1.50643,0.01541
125368000000,0.02836,10.38636,-0.14831,0.70298,-0.00074,-0.00746,0.71117,-0.03631,1.34942,0.02810
125401000000,0.02765,10.43506,-0.14741,0.70303,-0.00084,-0.00743,0.71112,-0.02161,1.47568,0.02730
125434000000,0.02732,10.48524,-0.14687,0.70296,-0.00087,-0.00744,0.71119,-0.00975,1.52071,0.01612
125533000000,0.02122,10.64327,-0.14806,0.70313,-0.00088,-0.00759,0.71102,-0.06162,1.59629,-0.01199
125566000000,0.02141,10.69207,-0.14749,0.70307,-0.00081,-0.00762,0.71108,0.00571,1.47866,0.01738
125599000000,0.02122,10.74189,-0.14702,0.70306,-0.00087,-0.00763,0.71109,-0.00596,1.50972,0.01419
125665000000,0.02031,10.84111,-0.14642,0.70296,-0.00077,-0.00757,0.71119,-0.01368,1.50331,0.00907
125698000000,0.01944,10.89015,-0.14575,0.70299,-0.00079,-0.00750,0.71116,-0.02651,1.48603,0.02039
125764000000,0.01866,10.98429,-0.14439,0.70292,-0.00098,-0.00762,0.71123,-0.01179,1.42638,0.02065
125830000000,0.01772,11.08280,-0.14362,0.70292,-0.00085,-0.00758,0.71123,-0.01418,1.49260,0.01158
125896000000,0.01648,11.18164,-0.14261,0.70287,-0.00083,-0.00749,0.71127,-0.01880,1.49762,0.01535
125962000000,0.01862,11.27935,-0.14094,0.70303,-0.00085,-0.00757,0.71112,0.03239,1.48051,0.02525
125995000000,0.01804,11.32848,-0.14011,0.70301,-0.00092,-0.00744,0.71114,-0.01748,1.48857,0.02530
126028000000,0.01718,11.37827,-0.13973,0.70303,-0.00093,-0.00750,0.71112,-0.02626,1.50886,0.01156
126061000000,0.01686,11.42813,-0.13937,0.70298,-0.00084,-0.00747,0.71117,-0.00953,1.51102,0.01075
126160000000,0.01506,11.57684,-0.13846,0.70296,-0.00087,-0.00749,0.71119,-0.01818,1.50206,0.00921
126193000000,0.01429,11.62404,-0.13726,0.70293,-0.00081,-0.00743,0.71122,-0.02355,1.43042,0.03642
126226000000,0.01331,11.67377,-0.13680,0.70297,-0.00078,-0.00736,0.71118,-0.02974,1.50695,0.01394
126259000000,0.01309,11.72322,-0.13650,0.70290,-0.00079,-0.00741,0.71125,-0.00662,1.49860,0.00912
126325000000,0.01191,11.82222,-0.13573,0.70289,-0.00075,-0.00751,0.71126,-0.01788,1.49988,0.01167
126391000000,0.01064,11.92076,-0.13463,0.70293,-0.00071,-0.00737,0.71123,-0.01926,1.49317,0.01659
126457000000,0.00930,12.02142,-0.13541,0.70300,-0.00082,-0.00765,0.71115,-0.02027,1.52503,-0.01176
126490000000,0.00886,12.07053,-0.13443,0.70303,-0.00087,-0.00750,0.71112,-0.01323,1.48828,0.02952
126556000000,0.00767,12.16965,-0.13365,0.70302,-0.00079,-0.00759,0.71113,-0.01801,1.50178,0.01185
126622000000,0.00543,12.25451,-0.13183,0.70295,-0.00077,-0.00751,0.71120,-0.03404,1.28581,0.02752
126688000000,0.00395,12.35415,-0.13104,0.70290,-0.00067,-0.00741,0.71125,-0.02237,1.50964,0.01203
126721000000,0.00320,12.40395,-0.13091,0.70296,-0.00066,-0.00740,0.71119,-0.02275,1.50926,0.00403
126754000000,0.00237,12.45307,-0.13029,0.70289,-0.00075,-0.00741,0.71126,-0.02515,1.48828,0.01881
126787000000,0.00167,12.50230,-0.12978,0.70294,-0.00079,-0.00748,0.71121,-0.02113,1.49192,0.01535
126853000000,0.00042,12.61110,-0.13003,0.70297,-0.00080,-0.00759,0.71118,-0.01899,1.64851,-0.00384
126919000000,-0.00053,12.70856,-0.12857,0.70301,-0.00080,-0.00745,0.71114,-0.01433,1.47666,0.02224
126985000000,-0.00168,12.80540,-0.12688,0.70307,-0.00088,-0.00740,0.71109,-0.01746,1.46724,0.02549
127051000000,-0.00323,12.90580,-0.12596,0.70301,-0.00087,-0.00740,0.71114,-0.02349,1.52120,0.01391
127084000000,-0.00364,12.95542,-0.12557,0.70304,-0.00093,-0.00734,0.71111,-0.01230,1.50374,0.01193
127150000000,-0.00645,13.04347,-0.12576,0.70315,-0.00052,-0.00739,0.71100,-0.04259,1.33407,-0.00283
127183000000,-0.00671,13.09308,-0.12521,0.70311,-0.00061,-0.00741,0.71104,-0.00798,1.50322,0.01658
127249000000,-0.00802,13.19195,-0.12388,0.70323,-0.00072,-0.00733,0.71093,-0.01993,1.49812,0.02020
127282000000,-0.00863,13.24127,-0.12344,0.70311,-0.00072,-0.00733,0.71104,-0.01835,1.49441,0.01334
127348000000,-0.00936,13.33960,-0.12230,0.70318,-0.00074,-0.00734,0.71098,-0.01106,1.48981,0.01719
127414000000,-0.00650,13.44391,-0.12079,0.70281,-0.00066,-0.00740,0.71134,0.04329,1.58048,0.02293
127447000000,-0.00757,13.49357,-0.12024,0.70292,-0.00072,-0.00728,0.71124,-0.03236,1.50498,0.01670
127513000000,-0.00862,13.59202,-0.11929,0.70295,-0.00069,-0.00731,0.71121,-0.01590,1.49168,0.01444
127546000000,-0.00898,13.64153,-0.11873,0.70293,-0.00073,-0.00729,0.71122,-0.01102,1.50016,0.01680
127612000000,-0.01022,13.74120,-0.11801,0.70300,-0.00070,-0.00740,0.71115,-0.01873,1.51024,0.01096
127645000000,-0.00979,13.78732,-0.11751,0.70294,-0.00081,-0.00744,0.71121,0.01314,1.39757,0.01498
127711000000,-0.01085,13.88754,-0.11683,0.70294,-0.00074,-0.00741,0.71121,-0.01605,1.51841,0.01040
127744000000,-0.01149,13.93698,-0.11627,0.70292,-0.00080,-0.00737,0.71123,-0.01959,1.49814,0.01675
127810000000,-0.01295,14.03637,-0.11549,0.70290,-0.00086,-0.00743,0.71125,-0.02212,1.50600,0.01195
127843000000,-0.01672,14.09041,-0.11615,0.70297,-0.00092,-0.00772,0.71117,-0.11401,1.63737,-0.02027
127876000000,-0.01693,14.14015,-0.11583,0.70299,-0.00088,-0.00770,0.71115,-0.00641,1.50738,0.00995
127909000000,-0.01699,14.18928,-0.11522,0.70295,-0.00081,-0.00769,0.71119,-0.00198,1.48892,0.01850
127942000000,-0.01773,14.23814,-0.11468,0.70292,-0.00088,-0.00767,0.71123,-0.02244,1.48059,0.01608
128041000000,-0.01914,14.38670,-0.11378,0.70296,-0.00067,-0.00755,0.71119,-0.01417,1.50053,0.00911
128107000000,-0.01943,14.48745,-0.11331,0.70306,-0.00073,-0.00752,0.71109,-0.00447,1.52650,0.00714
128140000000,-0.01981,14.53677,-0.11266,0.70307,-0.00070,-0.00746,0.71108,-0.01160,1.49473,0.01963
128206000000,-0.02069,14.63560,-0.11174,0.70302,-0.00079,-0.00750,0.71113,-0.01333,1.49733,0.01392
128272000000,-0.02193,14.73427,-0.11122,0.70301,-0.00067,-0.00747,0.71114,-0.01877,1.49506,0.00798
128305000000,-0.02192,14.77737,-0.10944,0.70303,-0.00066,-0.00732,0.71112,0.00037,1.30613,0.05379
128404000000,-0.02345,14.92461,-0.10756,0.70298,-0.00075,-0.00718,0.71117,-0.01547,1.48731,0.01898
128437000000,-0.02442,14.97456,-0.10709,0.70302,-0.00075,-0.00732,0.71113,-0.02930,1.51348,0.01423
128503000000,-0.02538,15.07363,-0.10623,0.70304,-0.00074,-0.00726,0.71111,-0.01458,1.50105,0.01305
128536000000,-0.02832,15.12425,-0.10562,0.70314,-0.00086,-0.00756,0.71101,-0.08915,1.53383,0.01854
128569000000,-0.02900,15.17258,-0.10472,0.70311,-0.00090,-0.00752,0.71104,-0.02065,1.46458,0.02730
128668000000,-0.03047,15.32119,-0.10338,0.70312,-0.00087,-0.00743,0.71103,-0.01485,1.50110,0.01351
128701000000,-0.03110,15.37110,-0.10332,0.70313,-0.00079,-0.00754,0.71102,-0.01891,1.51241,0.00177
128734000000,-0.02778,15.41464,-0.10563,0.70291,-0.00061,-0.00750,0.71124,0.10055,1.31942,-0.06991
128767000000,-0.02829,15.46459,-0.10493,0.70294,-0.00066,-0.00750,0.71121,-0.01529,1.51380,0.02113
128866000000,-0.03000,15.61286,-0.10364,0.70291,-0.00073,-0.00748,0.71124,-0.01732,1.49763,0.01305
128899000000,-0.03044,15.66223,-0.10301,0.70291,-0.00065,-0.00751,0.71124,-0.01329,1.49620,0.01908
128932000000,-0.03090,15.71171,-0.10228,0.70287,-0.00072,-0.00746,0.71128,-0.01391,1.49923,0.02215
129031000000,-0.03324,15.86034,-0.10070,0.70296,-0.00071,-0.00741,0.71119,-0.02369,1.50131,0.01598
129064000000,-0.03711,15.91649,-0.10061,0.70310,-0.00072,-0.00756,0.71106,-0.11727,1.70153,0.00270
129163000000,-0.03897,16.06315,-0.09833,0.70313,-0.00080,-0.00737,0.71102,-0.01875,1.48146,0.02299
129262000000,-0.04071,16.21103,-0.09687,0.70310,-0.00083,-0.00744,0.71105,-0.01756,1.49367,0.01475
129295000000,-0.04317,16.26164,-0.09747,0.70309,-0.00075,-0.00766,0.71106,-0.07459,1.53386,-0.01820
129328000000,-0.04426,16.31130,-0.09704,0.70309,-0.00068,-0.00759,0.71106,-0.03301,1.50490,0.01323
129394000000,-0.04524,16.40955,-0.09551,0.70308,-0.00076,-0.00750,0.71107,-0.01489,1.48860,0.02321
129427000000,-0.04599,16.45865,-0.09507,0.70304,-0.00077,-0.00755,0.71111,-0.02268,1.48796,0.01311
129493000000,-0.04904,16.55214,-0.09407,0.70323,-0.00074,-0.00746,0.71092,-0.04626,1.41644,0.01526
129559000000,-0.04997,16.65113,-0.09307,0.70324,-0.00078,-0.00748,0.71092,-0.01400,1.49990,0.01508
129592000000,-0.05041,16.70035,-0.09266,0.70325,-0.00081,-0.00749,0.71090,-0.01347,1.49149,0.01248
129658000000,-0.05107,16.79948,-0.09143,0.70325,-0.00094,-0.00757,0.71090,-0.00999,1.50201,0.01870
129724000000,-0.04795,16.90406,-0.09141,0.70300,-0.00075,-0.00768,0.71115,0.04734,1.58454,0.00022
129757000000,-0.04851,16.95355,-0.09066,0.70304,-0.00084,-0.00765,0.71111,-0.01706,1.49946,0.02285
129856000000,-0.05089,17.10206,-0.08952,0.70312,-0.00084,-0.00773,0.71103,-0.02409,1.50016,0.01145
129922000000,-0.05088,17.19920,-0.08883,0.70313,-0.00071,-0.00752,0.71102,0.00017,1.47172,0.01046
129988000000,-0.05459,17.29077,-0.08661,0.70322,-0.00091,-0.00744,0.71093,-0.05611,1.38745,0.03363
130021000000,-0.05493,17.34052,-0.08632,0.70318,-0.00084,-0.00740,0.71098,-0.01040,1.50761,0.00889
130054000000,-0.05527,17.38969,-0.08574,0.70315,-0.00087,-0.00740,0.71100,-0.01029,1.49010,0.01753
130120000000,-0.05631,17.48760,-0.08453,0.70319,-0.00094,-0.00735,0.71096,-0.01578,1.48345,0.01834
130153000000,-0.05919,17.54141,-0.08592,0.70302,-0.00080,-0.00756,0.71113,-0.08719,1.63073,-0.04200
130186000000,-0.05898,17.58943,-0.06364,0.70306,0.00072,-0.00684,0.71110,0.00640,1.45496,0.67507
130252000000,-0.06040,17.69057,-0.06312,0.70304,0.00081,-0.00691,0.71112,-0.02154,1.53250,0.00792
130285000000,-0.06128,17.74093,-0.06318,0.70300,0.00077,-0.00688,0.71115,-0.02666,1.52599,-0.00195
130318000000,-0.06181,17.79021,-0.06256,0.70301,0.00086,-0.00687,0.71114,-0.01616,1.49328,0.01887
130351000000,-0.06196,17.83935,-0.06210,0.70301,0.00087,-0.00688,0.71114,-0.00446,1.48923,0.01399
130417000000,-0.06327,17.93600,-0.06153,0.70290,0.00083,-0.00690,0.71125,-0.01995,1.46432,0.00852
130483000000,-0.06496,18.03397,-0.06065,0.70300,0.00088,-0.00701,0.71116,-0.02554,1.48438,0.01344
130549000000,-0.06582,18.13305,-0.05967,0.70297,0.00086,-0.00692,0.71118,-0.01307,1.50129,0.01476
130582000000,-0.06637,18.18151,-0.05901,0.70299,0.00085,-0.00686,0.71117,-0.01672,1.46825,0.02020
130681000000,-0.06780,18.32988,-0.05746,0.70295,0.00089,-0.00684,0.71121,-0.01440,1.49877,0.01561
130714000000,-0.06817,18.37971,-0.05715,0.70288,0.00093,-0.00688,0.71128,-0.01116,1.50993,0.00947
130780000000,-0.06901,18.47775,-0.05606,0.70302,0.00086,-0.00697,0.71113,-0.01277,1.48536,0.01646
130879000000,-0.07038,18.62535,-0.05414,0.70291,0.00089,-0.00684,0.71125,-0.01387,1.49099,0.01939
130945000000,-0.07248,18.72245,-0.05268,0.70306,0.00086,-0.00693,0.71110,-0.03168,1.47114,0.02218
131011000000,-0.07523,18.81952,-0.05114,0.70313,0.00073,-0.00699,0.71102,-0.04166,1.47080,0.02340
131044000000,-0.07626,18.86608,-0.05020,0.70311,0.00074,-0.00681,0.71105,-0.03132,1.41074,0.02825
131143000000,-0.07823,19.00992,-0.04840,0.70303,0.00062,-0.00685,0.71112,-0.01986,1.45300,0.01823
131209000000,-0.07923,19.10751,-0.04736,0.70310,0.00074,-0.00692,0.71106,-0.01520,1.47866,0.01577
131242000000,-0.07976,19.15686,-0.04692,0.70306,0.00068,-0.00698,0.71110,-0.01618,1.49548,0.01343
131308000000,-0.08036,19.25596,-0.04551,0.70304,0.00069,-0.00699,0.71112,-0.00905,1.50140,0.02129
131407000000,-0.08128,19.40030,-0.04286,0.70288,0.00065,-0.00683,0.71128,-0.00931,1.45799,0.02677
131473000000,-0.09308,19.72102,-0.05056,0.70299,0.00542,0.00052,0.71118,-0.17876,4.85949,-0.11673
131506000000,-0.09367,19.76951,-0.05003,0.70299,0.00543,0.00054,0.71118,-0.01795,1.46924,0.01628
131539000000,-0.09378,19.81931,-0.04986,0.70300,0.00550,0.00051,0.71117,-0.00332,1.50923,0.00507
131605000000,-0.09527,19.91845,-0.04908,0.70304,0.00544,0.00043,0.71113,-0.02249,1.50201,0.01186
131638000000,-0.08904,19.95503,-0.04923,0.70306,0.00549,0.00023,0.71111,0.18856,1.10869,-0.00469
131671000000,-0.08934,20.00541,-0.04881,0.70302,0.00545,0.00035,0.71115,-0.00897,1.52669,0.01283
131737000000,-0.09002,20.10403,-0.04851,0.70300,0.00544,0.00018,0.71117,-0.01033,1.49426,0.00444
131770000000,-0.09074,20.15344,-0.04791,0.70303,0.00546,0.00030,0.71114,-0.02168,1.49715,0.01836
131803000000,-0.09129,20.20303,-0.04745,0.70290,0.00549,0.00027,0.71127,-0.01675,1.50282,0.01379
131869000000,-0.09824,20.32769,-0.04968,0.70321,0.00558,0.00024,0.71096,-0.10530,1.88874,-0.03374
131902000000,-0.09858,20.37728,-0.04928,0.70323,0.00550,0.00028,0.71094,-0.01036,1.50270,0.01199
131968000000,-0.09982,20.47613,-0.04874,0.70318,0.00555,0.00009,0.71099,-0.01873,1.49779,0.00820
132001000000,-0.10044,20.52594,-0.04845,0.70318,0.00554,0.00015,0.71099,-0.01881,1.50918,0.00902
132067000000,-0.09829,20.62406,-0.04772,0.70316,0.00554,0.00012,0.71101,0.03253,1.48669,0.01099
132100000000,-0.09878,20.67290,-0.04692,0.70320,0.00542,0.00023,0.71098,-0.01493,1.48016,0.02412
132166000000,-0.10014,20.77042,-0.04612,0.70324,0.00543,0.00017,0.71093,-0.02059,1.47750,0.01221
132199000000,-0.10073,20.81954,-0.04558,0.70325,0.00544,0.00025,0.71093,-0.01764,1.48866,0.01625
132265000000,-0.10208,20.91889,-0.04483,0.70316,0.00542,0.00011,0.71101,-0.02059,1.50527,0.01140
132298000000,-0.10206,20.97059,-0.04581,0.70321,0.00545,0.00014,0.71096,0.00066,1.56663,-0.02977
132364000000,-0.10249,21.06830,-0.04480,0.70317,0.00545,0.00027,0.71100,-0.00647,1.48039,0.01539
132397000000,-0.10255,21.11835,-0.04455,0.70310,0.00542,0.00011,0.71107,-0.00195,1.51675,0.00750
132430000000,-0.10348,21.16807,-0.04404,0.70315,0.00546,0.00027,0.71102,-0.02811,1.50681,0.01547
132529000000,-0.10724,21.31787,-0.04415,0.70300,0.00556,0.00015,0.71116,-0.03800,1.51307,-0.00116
132628000000,-0.10861,21.46648,-0.04268,0.70309,0.00552,0.00037,0.71108,-0.01377,1.50112,0.01484
132661000000,-0.10952,21.51562,-0.04200,0.70310,0.00542,0.00034,0.71107,-0.02774,1.48923,0.02061
132760000000,-0.11150,21.66533,-0.04134,0.70323,0.00538,0.00020,0.71095,-0.01994,1.51216,0.00673
132793000000,-0.11186,21.71485,-0.04115,0.70321,0.00540,0.00017,0.71096,-0.01114,1.50056,0.00579
132859000000,-0.11277,21.81314,-0.04040,0.70315,0.00548,0.00012,0.71102,-0.01379,1.48929,0.01124
132892000000,-0.11585,21.86219,-0.03890,0.70326,0.00551,0.00002,0.71091,-0.09324,1.48640,0.04558
132925000000,-0.11608,21.91202,-0.03860,0.70323,0.00552,0.00015,0.71094,-0.00681,1.51004,0.00899
133024000000,-0.11781,22.06026,-0.03728,0.70319,0.00556,0.00018,0.71098,-0.01748,1.49736,0.01336
133057000000,-0.11808,22.11055,-0.03677,0.70311,0.00551,0.00030,0.71106,-0.00816,1.52397,0.01549
133123000000,-0.11927,22.20912,-0.03581,0.70309,0.00548,0.00031,0.71107,-0.01804,1.49340,0.01459
133189000000,-0.11899,22.31106,-0.03606,0.70303,0.00556,0.00010,0.71114,0.00424,1.54466,-0.00390
133222000000,-0.11926,22.36067,-0.03541,0.70296,0.00547,0.00026,0.71120,-0.00815,1.50322,0.01978
133288000000,-0.12041,22.45893,-0.03445,0.70297,0.00543,0.00023,0.71120,-0.01744,1.48883,0.01449
133354000000,-0.12152,22.55777,-0.03337,0.70302,0.00542,0.00036,0.71115,-0.01688,1.49759,0.01638
133387000000,-0.12318,22.60556,-0.03202,0.70324,0.00524,0.00039,0.71093,-0.05021,1.44820,0.04117
133420000000,-0.12317,22.65529,-0.03192,0.70311,0.00530,0.00040,0.71106,0.00019,1.50698,0.00292
133453000000,-0.12361,22.70478,-0.03161,0.70315,0.00530,0.00042,0.71102,-0.01333,1.49946,0.00930
133486000000,-0.12376,22.75441,-0.03147,0.70319,0.00529,0.00048,0.71098,-0.00459,1.50409,0.00429
133552000000,-0.12560,22.85328,-0.03084,0.70321,0.00532,0.00034,0.71096,-0.02779,1.49802,0.00948
133585000000,-0.12612,22.90277,-0.03025,0.70299,0.00532,0.00020,0.71118,-0.01591,1.49958,0.01788
133651000000,-0.12748,23.00144,-0.02935,0.70300,0.00524,0.00032,0.71117,-0.02066,1.49510,0.01370
133717000000,-0.12911,23.10080,-0.02870,0.70304,0.00533,0.00035,0.71113,-0.02459,1.50542,0.00989
133816000000,-0.13074,23.24947,-0.02796,0.70312,0.00532,0.00028,0.71105,-0.01650,1.50172,0.00741
133849000000,-0.13111,23.29981,-0.02802,0.70310,0.00530,0.00023,0.71107,-0.01113,1.52536,-0.00177
133882000000,-0.13282,23.34877,-0.02670,0.70305,0.00513,0.00016,0.71112,-0.05183,1.48374,0.03997
133981000000,-0.13417,23.49747,-0.02573,0.70305,0.00519,0.00023,0.71112,-0.01364,1.50199,0.00986
134080000000,-0.13626,23.64491,-0.02441,0.70311,0.00519,0.00026,0.71106,-0.02115,1.48931,0.01332
134113000000,-0.13285,23.69589,-0.02569,0.70304,0.00549,0.00050,0.71113,0.10345,1.54495,-0.03869
134146000000,-0.13314,23.74539,-0.02514,0.70295,0.00546,0.00058,0.71122,-0.00879,1.49987,0.01649
134245000000,-0.13515,23.89306,-0.02393,0.70297,0.00541,0.00058,0.71120,-0.02034,1.49166,0.01224
134311000000,-0.13635,23.99160,-0.02338,0.70298,0.00547,0.00058,0.71118,-0.01819,1.49302,0.00839
134344000000,-0.13675,24.04028,-0.02296,0.70296,0.00544,0.00065,0.71120,-0.01200,1.47490,0.01261
134410000000,-0.14170,24.14175,-0.02212,0.70315,0.00537,0.00017,0.71102,-0.07505,1.53747,0.01271
134476000000,-0.14227,24.24072,-0.02113,0.70313,0.00538,0.00036,0.71104,-0.00855,1.49958,0.01502
134509000000,-0.14339,24.29057,-0.02097,0.70321,0.00540,0.00032,0.71096,-0.03418,1.51056,0.00480
134608000000,-0.14488,24.43788,-0.01938,0.70304,0.00529,0.00024,0.71113,-0.01496,1.48802,0.01603
134674000000,-0.14581,24.53822,-0.01911,0.70298,0.00528,0.00018,0.71119,-0.01414,1.52024,0.00422
134707000000,-0.14603,24.58873,-0.01910,0.70290,0.00534,0.00020,0.71127,-0.00664,1.53056,0.00024
134740000000,-0.14658,24.63808,-0.01877,0.70293,0.00534,0.00023,0.71124,-0.01684,1.49565,0.00980
134806000000,-0.14822,24.73756,-0.01821,0.70300,0.00535,0.00019,0.71117,-0.02476,1.50727,0.00856
134839000000,-0.14554,24.78531,-0.01786,0.70286,0.00528,0.00044,0.71131,0.08106,1.44675,0.01062
134905000000,-0.14685,24.88271,-0.01724,0.70290,0.00531,0.00039,0.71127,-0.01985,1.47577,0.00936
134971000000,-0.14889,24.98034,-0.01651,0.70299,0.00535,0.00032,0.71118,-0.03091,1.47935,0.01105
135037000000,-0.15044,25.07923,-0.01575,0.70306,0.00528,0.00031,0.71111,-0.02348,1.49819,0.01149
135103000000,-0.15187,25.17747,-0.01472,0.70308,0.00527,0.00036,0.71109,-0.02157,1.48863,0.01566
135136000000,-0.15425,25.22949,-0.01576,0.70319,0.00537,0.00022,0.71098,-0.07225,1.57628,-0.03141
135202000000,-0.15482,25.32823,-0.01485,0.70310,0.00537,0.00016,0.71107,-0.00859,1.49600,0.01371
135268000000,-0.15571,25.42727,-0.01378,0.70312,0.00526,0.00026,0.71105,-0.01350,1.50059,0.01628
135367000000,-0.15649,25.57572,-0.01220,0.70296,0.00523,0.00039,0.71121,-0.00786,1.49956,0.01592
135433000000,-0.15773,25.67510,-0.01225,0.70296,0.00542,0.00029,0.71121,-0.01890,1.50565,-0.00075
135466000000,-0.15436,25.72484,-0.01178,0.70285,0.00536,0.00032,0.71132,0.10214,1.50744,0.01419
135532000000,-0.15569,25.82366,-0.01101,0.70292,0.00534,0.00038,0.71125,-0.02008,1.49727,0.01167
135598000000,-0.15696,25.92241,-0.00995,0.70288,0.00532,0.00048,0.71128,-0.01931,1.49617,0.01603
135631000000,-0.15757,25.97206,-0.00959,0.70294,0.00528,0.00042,0.71123,-0.01832,1.50467,0.01102
135697000000,-0.16003,26.06765,-0.00895,0.70287,0.00538,0.00038,0.71130,-0.03733,1.44826,0.00968
135763000000,-0.16088,26.16699,-0.00859,0.70284,0.00545,0.00040,0.71132,-0.01281,1.50516,0.00550
135829000000,-0.16201,26.26661,-0.00814,0.70282,0.00549,0.00038,0.71135,-0.01724,1.50949,0.00676
135895000000,-0.16285,26.36502,-0.00715,0.70283,0.00534,0.00029,0.71134,-0.01272,1.49097,0.01498
135928000000,-0.16226,26.41258,-0.00621,0.70305,0.00520,0.00043,0.71112,0.01807,1.44115,0.02865
135994000000,-0.16353,26.51104,-0.00544,0.70308,0.00528,0.00043,0.71109,-0.01927,1.49186,0.01171
136060000000,-0.16446,26.61016,-0.00494,0.70303,0.00531,0.00044,0.71114,-0.01411,1.50186,0.00746
136093000000,-0.16484,26.65902,-0.00437,0.70302,0.00529,0.00049,0.71115,-0.01150,1.48045,0.01745
136126000000,-0.16605,26.70637,-0.00305,0.70311,0.00525,0.00056,0.71106,-0.03666,1.43485,0.03984
136159000000,-0.16606,26.75513,-0.00266,0.70311,0.00533,0.00048,0.71106,-0.00040,1.47779,0.01191
136192000000,-0.16642,26.80473,-0.00276,0.70310,0.00548,0.00052,0.71107,-0.01071,1.50293,-0.00292
136225000000,-0.16726,26.85340,-0.00187,0.70312,0.00534,0.00061,0.71105,-0.02554,1.47467,0.02674
136291000000,-0.16847,26.95148,-0.00105,0.70315,0.00541,0.00056,0.71102,-0.01835,1.48606,0.01254
136390000000,-0.16986,27.09904,-0.00067,0.70302,0.00519,0.00043,0.71115,-0.01405,1.49060,0.00385
136456000000,-0.17030,27.19613,0.00041,0.70307,0.00517,0.00042,0.71110,-0.00667,1.47097,0.01634
136522000000,-0.17139,27.29504,0.00092,0.70308,0.00522,0.00043,0.71110,-0.01644,1.49866,0.00776
136555000000,-0.17167,27.34381,0.00162,0.70301,0.00522,0.00046,0.71116,-0.00856,1.47791,0.02096
136621000000,-0.17291,27.44153,0.00266,0.70299,0.00517,0.00052,0.71118,-0.01872,1.48054,0.01579
136687000000,-0.17338,27.54070,0.00277,0.70314,0.00541,0.00062,0.71103,-0.00711,1.50259,0.00165
136720000000,-0.17375,27.59119,0.00281,0.70310,0.00549,0.00059,0.71107,-0.01148,1.53004,0.00126
136786000000,-0.17467,27.68926,0.00320,0.70305,0.00538,0.00059,0.71112,-0.01386,1.48597,0.00591
136852000000,-0.17515,27.78886,0.00352,0.70300,0.00549,0.00065,0.71117,-0.00729,1.50912,0.00484
136918000000,-0.17661,27.88791,0.00393,0.70303,0.00551,0.00061,0.71114,-0.02215,1.50077,0.00629
136951000000,-0.17882,27.93526,0.00564,0.70359,0.00550,0.00085,0.71059,-0.06690,1.43479,0.05158
136984000000,-0.17985,27.98483,0.00624,0.70348,0.00544,0.00087,0.71070,-0.03132,1.50218,0.01839
137083000000,-0.18228,28.13244,0.00756,0.70359,0.00543,0.00086,0.71059,-0.02455,1.49093,0.01326
137116000000,-0.18266,28.18130,0.00818,0.70353,0.00539,0.00092,0.71065,-0.01139,1.48074,0.01883
137149000000,-0.18313,28.23041,0.00855,0.70351,0.00535,0.00089,0.71067,-0.01419,1.48819,0.01133
137215000000,-0.18404,28.32980,0.00927,0.70364,0.00539,0.00079,0.71054,-0.01384,1.50582,0.01089
137248000000,-0.18554,28.38063,0.00747,0.70318,0.00548,0.00034,0.71099,-0.04549,1.54039,-0.05447
137347000000,-0.18585,28.52758,0.00884,0.70313,0.00545,0.00042,0.71104,-0.00313,1.48436,0.01381
137413000000,-0.18640,28.62639,0.00947,0.70307,0.00558,0.00048,0.71110,-0.00830,1.49718,0.00953
137446000000,-0.18676,28.67536,0.01028,0.70301,0.00550,0.00065,0.71116,-0.01103,1.48374,0.02465
137479000000,-0.18759,28.72474,0.01068,0.70300,0.00546,0.00058,0.71117,-0.02519,1.49652,0.01218
137545000000,-0.18859,28.82524,0.01100,0.70313,0.00542,0.00029,0.71104,-0.01512,1.52261,0.00482
137611000000,-0.18936,28.92310,0.01177,0.70310,0.00541,0.00036,0.71107,-0.01167,1.48279,0.01166
137677000000,-0.19057,29.02184,0.01256,0.70316,0.00540,0.00041,0.71101,-0.01834,1.49608,0.01195
137743000000,-0.19209,29.12069,0.01347,0.70307,0.00529,0.00044,0.71110,-0.02292,1.49776,0.01384
137809000000,-0.19039,29.21940,0.01458,0.70301,0.00556,0.00078,0.71116,0.02571,1.49551,0.01677
137842000000,-0.19054,29.27010,0.01460,0.70298,0.00559,0.00075,0.71119,-0.00470,1.53640,0.00064
137875000000,-0.19062,29.31990,0.01500,0.70298,0.00564,0.00081,0.71118,-0.00228,1.50918,0.01205
137908000000,-0.19132,29.36893,0.01559,0.70302,0.00552,0.00088,0.71115,-0.02127,1.48577,0.01780
137974000000,-0.19257,29.46819,0.01611,0.70302,0.00557,0.00084,0.71115,-0.01895,1.50394,0.00786
138007000000,-0.19419,29.51901,0.01684,0.70308,0.00551,0.00086,0.71109,-0.04906,1.53998,0.02214
138040000000,-0.19530,29.56828,0.01684,0.70307,0.00559,0.00085,0.71110,-0.03362,1.49299,0.00003
138073000000,-0.19587,29.61725,0.01730,0.70308,0.00559,0.00091,0.71109,-0.01724,1.48398,0.01411
138106000000,-0.19639,29.66660,0.01768,0.70302,0.00555,0.00089,0.71115,-0.01579,1.49536,0.01136
138172000000,-0.19770,29.76506,0.01829,0.70318,0.00563,0.00095,0.71099,-0.01984,1.49186,0.00920
138205000000,-0.19892,29.81371,0.01889,0.70324,0.00558,0.00099,0.71093,-0.03685,1.47415,0.01837
138238000000,-0.19665,29.86000,0.01965,0.70350,0.00552,0.00106,0.71068,0.06869,1.40294,0.02289
138337000000,-0.19829,30.00845,0.02048,0.70345,0.00567,0.00084,0.71072,-0.01660,1.49948,0.00838
138403000000,-0.19935,30.10819,0.02069,0.70342,0.00564,0.00077,0.71075,-0.01604,1.51120,0.00329
138469000000,-0.20046,30.20689,0.02181,0.70344,0.00560,0.00088,0.71073,-0.01677,1.49545,0.01685
138502000000,-0.20084,30.25615,0.02233,0.70337,0.00565,0.00099,0.71080,-0.01169,1.49264,0.01597
138535000000,-0.19885,30.31005,0.02200,0.70318,0.00573,0.00112,0.71099,0.06042,1.63344,-0.01018
138601000000,-0.20068,30.41040,0.02226,0.70315,0.00579,0.00111,0.71102,-0.02768,1.52047,0.00399
138634000000,-0.20113,30.46035,0.02242,0.70311,0.00578,0.00110,0.71106,-0.01378,1.51363,0.00488
138700000000,-0.20244,30.55980,0.02300,0.70329,0.00582,0.00115,0.71088,-0.01988,1.50681,0.00884
138766000000,-0.20390,30.65872,0.02375,0.70324,0.00581,0.00127,0.71093,-0.02206,1.49877,0.01132
138832000000,-0.20420,30.75240,0.02684,0.70344,0.00566,0.00141,0.71074,-0.00451,1.41936,0.04676
138898000000,-0.20522,30.85157,0.02725,0.70346,0.00564,0.00142,0.71071,-0.01545,1.50253,0.00620
138964000000,-0.20661,30.95028,0.02826,0.70343,0.00558,0.00142,0.71074,-0.02111,1.49571,0.01539
139030000000,-0.20868,31.05146,0.02776,0.70348,0.00573,0.00102,0.71069,-0.03137,1.53299,-0.00767
139096000000,-0.21067,31.14959,0.02871,0.70345,0.00568,0.00093,0.71072,-0.03014,1.48681,0.01448
139162000000,-0.21200,31.24867,0.02897,0.70362,0.00576,0.00090,0.71055,-0.02015,1.50120,0.00397
139228000000,-0.20911,31.34814,0.02995,0.70322,0.00579,0.00144,0.71095,0.04381,1.50709,0.01480
139261000000,-0.20961,31.39718,0.03035,0.70327,0.00584,0.00154,0.71090,-0.01513,1.48617,0.01216
139327000000,-0.21117,31.49542,0.03109,0.70339,0.00581,0.00151,0.71078,-0.02372,1.48843,0.01117
139393000000,-0.21224,31.59364,0.03173,0.70333,0.00574,0.00138,0.71084,-0.01621,1.48819,0.00968
139426000000,-0.21271,31.64298,0.03208,0.70338,0.00571,0.00142,0.71079,-0.01403,1.49536,0.01062
139459000000,-0.21321,31.69239,0.03239,0.70342,0.00570,0.00146,0.71075,-0.01512,1.49704,0.00931
139591000000,-0.21633,31.89104,0.03370,0.70363,0.00561,0.00123,0.71055,-0.02367,1.50498,0.00991
139624000000,-0.21620,31.94042,0.03428,0.70356,0.00559,0.00136,0.71062,0.00394,1.49617,0.01758
139690000000,-0.21737,32.03860,0.03530,0.70354,0.00548,0.00135,0.71063,-0.01778,1.48767,0.01545
139756000000,-0.21823,32.13686,0.03624,0.70351,0.00547,0.00140,0.71066,-0.01303,1.48871,0.01425
139822000000,-0.21555,32.24010,0.03235,0.70271,0.00598,0.00091,0.71145,0.04066,1.56420,-0.05882
139888000000,-0.21728,32.33944,0.03280,0.70282,0.00601,0.00085,0.71134,-0.02622,1.50524,0.00671
139921000000,-0.21775,32.38823,0.03344,0.70272,0.00592,0.00085,0.71144,-0.01428,1.47837,0.01950
139987000000,-0.21895,32.48645,0.03450,0.70276,0.00592,0.00101,0.71140,-0.01813,1.48819,0.01598
140053000000,-0.22417,32.58298,0.03818,0.70355,0.00543,0.00089,0.71063,-0.07915,1.46253,0.05585
140086000000,-0.22482,32.63135,0.03875,0.70356,0.00546,0.00090,0.71062,-0.01945,1.46577,0.01725
140152000000,-0.22611,32.72868,0.03942,0.70364,0.00550,0.00096,0.71054,-0.01956,1.47467,0.01008
140185000000,-0.22666,32.77801,0.04017,0.70367,0.00544,0.00104,0.71050,-0.01686,1.49490,0.02295
140251000000,-0.22790,32.87531,0.04167,0.70369,0.00536,0.00115,0.71049,-0.01869,1.47426,0.02272
140317000000,-0.22464,32.97956,0.04109,0.70347,0.00556,0.00115,0.71070,0.04926,1.57957,-0.00883
140350000000,-0.22585,33.02951,0.04142,0.70345,0.00548,0.00116,0.71072,-0.03644,1.51374,0.00994
140416000000,-0.22733,33.12796,0.04256,0.70355,0.00537,0.00116,0.71063,-0.02253,1.49160,0.01734
140449000000,-0.22753,33.17773,0.04268,0.70354,0.00545,0.00120,0.71063,-0.00584,1.50819,0.00350
140515000000,-0.22882,33.27686,0.04336,0.70353,0.00548,0.00129,0.71064,-0.01964,1.50195,0.01035
140548000000,-0.23269,33.32471,0.04348,0.70338,0.00537,0.00079,0.71079,-0.11710,1.45005,0.00351
140581000000,-0.23334,33.37279,0.04433,0.70340,0.00537,0.00098,0.71078,-0.01986,1.45698,0.02584
140713000000,-0.23645,33.56794,0.04628,0.70360,0.00532,0.00094,0.71057,-0.02357,1.47840,0.01477
140746000000,-0.23663,33.61547,0.04687,0.70379,0.00530,0.00101,0.71039,-0.00549,1.44034,0.01783
140779000000,-0.23644,33.66278,0.04725,0.70412,0.00534,0.00107,0.71006,0.00578,1.43363,0.01143
140845000000,-0.23628,33.75589,0.04781,0.70505,0.00521,0.00095,0.70914,0.00249,1.41069,0.00859
140911000000,-0.23195,33.84748,0.04845,0.70658,0.00536,0.00110,0.70761,0.06553,1.38774,0.00963
140977000000,-0.22686,33.93582,0.04910,0.70920,0.00525,0.00098,0.70498,0.07723,1.33855,0.00983
141010000000,-0.22312,33.98013,0.04925,0.71074,0.00537,0.00107,0.70344,0.11324,1.34277,0.00470
141076000000,-0.21472,34.06612,0.05060,0.71457,0.00530,0.00129,0.69954,0.12734,1.30283,0.02038
141142000000,-0.20450,34.15130,0.05087,0.71968,0.00539,0.00135,0.69428,0.15474,1.29064,0.00414
141208000000,-0.19022,34.23804,0.05001,0.72627,0.00543,0.00083,0.68739,0.21635,1.31416,-0.01296
141274000000,-0.17276,34.31979,0.05127,0.73371,0.00534,0.00115,0.67944,0.26456,1.23862,0.01895
141307000000,-0.16257,34.36020,0.05118,0.73801,0.00544,0.00120,0.67477,0.30896,1.22463,-0.00262
141373000000,-0.13879,34.43939,0.05156,0.74743,0.00537,0.00126,0.66431,0.36029,1.19990,0.00584
141472000000,-0.09342,34.55635,0.05187,0.76432,0.00529,0.00136,0.64482,0.45829,1.18140,0.00312
141505000000,-0.07507,34.59422,0.05191,0.77081,0.00537,0.00195,0.63704,0.55612,1.14765,0.00101
141604000000,-0.01035,34.70517,0.05289,0.79219,0.00539,0.00245,0.61024,0.65370,1.12067,0.00995
141637000000,0.01393,34.74197,0.05285,0.80015,0.00536,0.00253,0.59977,0.73570,1.11505,-0.00133
141670000000,0.04080,34.77871,0.05251,0.80859,0.00542,0.00250,0.58835,0.81432,1.11354,-0.01026
141703000000,0.06920,34.81722,0.05160,0.81736,0.00514,0.00220,0.57611,0.86067,1.16695,-0.02762
141736000000,0.10127,34.85262,0.05159,0.82649,0.00516,0.00239,0.56292,0.97177,1.07251,-0.00038
141802000000,0.17116,34.92269,0.05145,0.84646,0.00510,0.00264,0.53242,1.05899,1.06170,-0.00202
141835000000,0.21128,34.95665,0.05138,0.85715,0.00509,0.00273,0.51504,1.21569,1.02916,-0.00214
141901000000,0.29710,35.02099,0.05184,0.88025,0.00479,0.00308,0.47447,1.30033,0.97483,0.00691
141934000000,0.34268,35.04967,0.05133,0.89129,0.00480,0.00316,0.45340,1.38100,0.86929,-0.01548
142000000000,0.43823,35.09879,0.05050,0.91211,0.00466,0.00346,0.40990,1.44773,0.74415,-0.01248
142066000000,0.53788,35.13564,0.04920,0.93090,0.00476,0.00364,0.36522,1.50986,0.55839,-0.01981
142099000000,0.58936,35.14951,0.05102,0.93981,0.00477,0.00207,0.34167,1.56010,0.42031,0.05535
142165000000,0.69249,35.16899,0.05069,0.95528,0.00469,0.00247,0.29564,1.56254,0.29506,-0.00506
142231000000,0.79755,35.17778,0.04997,0.96819,0.00466,0.00281,0.25014,1.59188,0.13328,-0.01081
142264000000,0.84983,35.17834,0.04967,0.97375,0.00451,0.00276,0.22756,1.58422,0.01688,-0.00923
142330000000,0.96194,35.17247,0.04484,0.98293,0.00462,0.00427,0.18385,1.69852,-0.08901,-0.07323
142363000000,1.01587,35.16581,0.04393,0.98670,0.00458,0.00431,0.16242,1.63450,-0.20183,-0.02753
142396000000,1.06800,35.15888,0.04348,0.98985,0.00447,0.00442,0.14201,1.57948,-0.20992,-0.01353
142462000000,1.17175,35.13977,0.04230,0.99478,0.00424,0.00450,0.10185,1.57207,-0.28957,-0.01789
142495000000,1.22915,35.13497,0.04024,0.99652,0.00417,0.00433,0.08316,1.73917,-0.14531,-0.06258
142561000000,1.33039,35.10407,0.03857,0.99899,0.00387,0.00435,0.04455,1.53406,-0.46817,-0.02523
142627000000,1.42816,35.06703,0.03721,0.99996,0.00375,0.00441,0.00663,1.48136,-0.56122,-0.02069
142693000000,1.52407,35.02394,0.03568,0.99956,0.00377,0.00450,-0.02908,1.45318,-0.65289,-0.02309
142726000000,1.56847,35.00245,0.03674,0.99896,0.00390,0.00484,-0.04507,1.34538,-0.65139,0.03211
142792000000,1.65919,34.95576,0.03500,0.99710,0.00379,0.00488,-0.07583,1.37448,-0.70740,-0.02633
142825000000,1.70312,34.93211,0.03459,0.99596,0.00370,0.00497,-0.08963,1.33140,-0.71670,-0.01243
142924000000,1.83170,34.85928,0.03247,0.99231,0.00354,0.00501,-0.12363,1.29879,-0.73558,-0.02146
142957000000,1.86932,34.82994,0.03284,0.99111,0.00306,0.00462,-0.13293,1.13987,-0.88917,0.01126
142990000000,1.91083,34.80609,0.03215,0.99006,0.00306,0.00455,-0.14054,1.25796,-0.72283,-0.02081
143056000000,1.99238,34.76087,0.03120,0.98835,0.00311,0.00463,-0.15210,1.23561,-0.68508,-0.01449
143122000000,2.07360,34.71856,0.03033,0.98737,0.00298,0.00470,-0.15831,1.23066,-0.64104,-0.01313
143188000000,2.15515,34.68349,0.03149,0.98712,0.00278,0.00450,-0.15988,1.23561,-0.53140,0.01754
143221000000,2.19491,34.66573,0.03107,0.98733,0.00287,0.00450,-0.15860,1.20459,-0.53833,-0.01275
143287000000,2.27518,34.63544,0.02988,0.98819,0.00280,0.00441,-0.15313,1.21631,-0.45886,-0.01798
143353000000,2.35662,34.61081,0.02908,0.98960,0.00270,0.00434,-0.14377,1.23392,-0.37315,-0.01216
143386000000,2.39649,34.59600,0.02883,0.99040,0.00279,0.00431,-0.13815,1.20824,-0.44886,-0.00738
143452000000,2.47790,34.58039,0.02841,0.99231,0.00284,0.00432,-0.12365,1.23345,-0.23645,-0.00643
143518000000,2.56063,34.57085,0.02787,0.99430,0.00280,0.00430,-0.10653,1.25345,-0.14455,-0.00813
143584000000,2.64667,34.56674,0.02781,0.99605,0.00278,0.00376,-0.08868,1.30361,-0.06231,-0.00101
143617000000,2.69017,34.56656,0.02733,0.99682,0.00283,0.00365,-0.07956,1.31842,-0.00555,-0.01439
143716000000,2.82448,34.57428,0.02664,0.99865,0.00289,0.00365,-0.05171,1.35663,0.07799,-0.00700
143749000000,2.87085,34.57991,0.02653,0.99910,0.00291,0.00360,-0.04219,1.40513,0.17062,-0.00318
143782000000,2.91790,34.58658,0.02645,0.99947,0.00280,0.00368,-0.03234,1.42582,0.20206,-0.00246
143848000000,3.01044,34.60053,0.02657,0.99990,0.00304,0.00364,-0.01326,1.40215,0.21143,0.00176
143914000000,3.10774,34.62227,0.02640,0.99996,0.00294,0.00370,0.00749,1.47418,0.32939,-0.00255
144013000000,3.25653,34.66019,0.02509,0.99937,0.00296,0.00346,0.03529,1.50292,0.38301,-0.01323
144046000000,3.30573,34.67081,0.02506,0.99912,0.00297,0.00350,0.04159,1.49089,0.32194,-0.00096
144079000000,3.35525,34.68034,0.02441,0.99890,0.00302,0.00341,0.04672,1.50058,0.28876,-0.01982
144145000000,3.45115,34.70009,0.02203,0.99845,0.00336,0.00345,0.05549,1.45300,0.29916,-0.03598
144178000000,3.49836,34.70996,0.02175,0.99820,0.00338,0.00344,0.05975,1.43087,0.29928,-0.00856
144277000000,3.64096,34.74189,0.02077,0.99746,0.00340,0.00337,0.07108,1.44032,0.32252,-0.00993
144310000000,3.69111,34.75766,0.02133,0.99719,0.00336,0.00321,0.07473,1.51993,0.47776,0.01718
144409000000,3.82768,34.79039,0.02126,0.99658,0.00342,0.00326,0.08254,1.37949,0.33065,-0.00068
144442000000,3.87345,34.80057,0.02140,0.99640,0.00345,0.00338,0.08459,1.38670,0.30830,0.00406
144475000000,3.91892,34.81105,0.02113,0.99629,0.00347,0.00334,0.08592,1.37815,0.31754,-0.00801
144508000000,3.96412,34.82121,0.02089,0.99620,0.00349,0.00331,0.08691,1.36966,0.30807,-0.00745
144541000000,4.01114,34.83201,0.02028,0.99614,0.00367,0.00341,0.08767,1.42479,0.32714,-0.01854
144574000000,4.05524,34.84111,0.02010,0.99613,0.00360,0.00341,0.08770,1.33642,0.27581,-0.00534
144673000000,4.18919,34.86504,0.01932,0.99629,0.00382,0.00332,0.08593,1.35303,0.24171,-0.00794
144739000000,4.28339,34.88014,0.01855,0.99644,0.00382,0.00326,0.08412,1.42720,0.22882,-0.01160
144772000000,4.33139,34.88827,0.01844,0.99652,0.00377,0.00336,0.08324,1.45450,0.24634,-0.00344
144838000000,4.42857,34.90344,0.01775,0.99659,0.00370,0.00337,0.08231,1.47250,0.22986,-0.01044
144904000000,4.52932,34.92192,0.01584,0.99660,0.00428,0.00344,0.08221,1.52654,0.27998,-0.02891
144937000000,4.57820,34.93021,0.01555,0.99661,0.00429,0.00337,0.08210,1.48116,0.25119,-0.00886
144970000000,4.62741,34.93774,0.01522,0.99661,0.00431,0.00340,0.08212,1.49114,0.22830,-0.00992
145003000000,4.67595,34.94508,0.01509,0.99664,0.00440,0.00347,0.08170,1.47109,0.22241,-0.00397
145036000000,4.72450,34.95213,0.01465,0.99669,0.00437,0.00347,0.08108,1.47117,0.21339,-0.01342
145069000000,4.76707,34.95588,0.01423,0.99678,0.00465,0.00350,0.07992,1.29003,0.11375,-0.01255
145102000000,4.81424,34.96294,0.01414,0.99687,0.00452,0.00354,0.07883,1.42941,0.21409,-0.00287
145201000000,4.95990,34.98329,0.01266,0.99704,0.00458,0.00340,0.07661,1.47131,0.20549,-0.01490
145234000000,5.00913,34.99123,0.01229,0.99705,0.00457,0.00338,0.07651,1.49178,0.24067,-0.01128
145300000000,5.10683,35.00941,0.01276,0.99703,0.00468,0.00341,0.07678,1.48032,0.27553,0.00717
145333000000,5.15526,35.01723,0.01248,0.99703,0.00467,0.00341,0.07674,1.46730,0.23686,-0.00855
145366000000,5.20452,35.02486,0.01220,0.99703,0.00469,0.00342,0.07675,1.49301,0.23108,-0.00856
145399000000,5.25342,35.03223,0.01195,0.99705,0.00463,0.00341,0.07647,1.48163,0.22356,-0.00758
145432000000,5.30442,35.03876,0.01084,0.99712,0.00479,0.00364,0.07561,1.54557,0.19779,-0.03372
145465000000,5.35253,35.04541,0.01057,0.99719,0.00474,0.00361,0.07465,1.45768,0.20160,-0.00819
145498000000,5.40021,35.05175,0.01030,0.99728,0.00464,0.00369,0.07344,1.44489,0.19212,-0.00807
145531000000,5.44753,35.05788,0.01025,0.99739,0.00451,0.00367,0.07203,1.43396,0.18553,-0.00152
145597000000,5.54464,35.06890,0.00984,0.99753,0.00456,0.00374,0.07005,1.47141,0.16704,-0.00621
145696000000,5.69179,35.08941,0.00867,0.99753,0.00464,0.00360,0.07001,1.48639,0.20719,-0.01185
145762000000,5.78624,35.09889,0.00885,0.99755,0.00481,0.00346,0.06972,1.43101,0.14363,0.00281
145795000000,5.83529,35.10605,0.00864,0.99755,0.00474,0.00349,0.06968,1.48633,0.21686,-0.00649
145894000000,5.98227,35.12445,0.00782,0.99766,0.00481,0.00354,0.06805,1.48463,0.18588,-0.00822
145960000000,6.07943,35.13572,0.00694,0.99784,0.00471,0.00357,0.06546,1.47209,0.17074,-0.01335
145993000000,6.12806,35.14202,0.00534,0.99796,0.00441,0.00318,0.06366,1.47372,0.19108,-0.04847
146059000000,6.22301,35.15079,0.00472,0.99819,0.00439,0.00321,0.05992,1.43870,0.13282,-0.00952
146092000000,6.27154,35.15510,0.00441,0.99830,0.00434,0.00325,0.05804,1.47061,0.13062,-0.00913
146158000000,6.37023,35.16361,0.00369,0.99845,0.00416,0.00327,0.05542,1.49528,0.12889,-0.01090
146191000000,6.42189,35.16848,0.00310,0.99842,0.00498,0.00346,0.05592,1.56547,0.14750,-0.01795
146224000000,6.47088,35.17346,0.00271,0.99846,0.00503,0.00352,0.05513,1.48464,0.15097,-0.01183
146290000000,6.57003,35.18287,0.00184,0.99852,0.00494,0.00345,0.05398,1.50213,0.14265,-0.01313
146356000000,6.66931,35.19248,0.00115,0.99859,0.00497,0.00357,0.05275,1.50437,0.14554,-0.01051
146422000000,6.76906,35.20188,0.00025,0.99863,0.00487,0.00351,0.05196,1.51133,0.14247,-0.01370
146488000000,6.86710,35.20704,-0.00051,0.99867,0.00519,0.00332,0.05112,1.48549,0.07820,-0.01145
146521000000,6.91670,35.21154,-0.00075,0.99869,0.00521,0.00330,0.05073,1.50282,0.13640,-0.00729
146554000000,6.96619,35.21623,-0.00118,0.99872,0.00525,0.00336,0.05024,1.49974,0.14207,-0.01301
146587000000,7.01560,35.22075,-0.00158,0.99874,0.00522,0.00332,0.04982,1.49727,0.13698,-0.01215
146653000000,7.11849,35.22875,-0.00156,0.99878,0.00508,0.00324,0.04894,1.55893,0.12115,0.00036
146686000000,7.16699,35.23318,-0.00169,0.99881,0.00507,0.00330,0.04850,1.46963,0.13432,-0.00420
146752000000,7.26527,35.24246,-0.00202,0.99884,0.00492,0.00336,0.04774,1.48916,0.14062,-0.00489
146785000000,7.31522,35.24711,-0.00237,0.99887,0.00484,0.00331,0.04718,1.51373,0.14091,-0.01068
146818000000,7.36366,35.25204,-0.00539,0.99888,0.00465,0.00367,0.04700,1.46781,0.14947,-0.09144
146851000000,7.41212,35.25644,-0.00571,0.99889,0.00460,0.00358,0.04667,1.46843,0.13317,-0.00988
146884000000,7.46125,35.26052,-0.00599,0.99891,0.00472,0.00362,0.04628,1.48890,0.12357,-0.00845
146917000000,7.51054,35.26394,-0.00636,0.99894,0.00473,0.00360,0.04571,1.49358,0.10357,-0.01127
146983000000,7.60741,35.27095,-0.00702,0.99903,0.00465,0.00364,0.04368,1.46773,0.10629,-0.00994
147016000000,7.65301,35.27329,-0.00765,0.99908,0.00481,0.00342,0.04243,1.38177,0.07086,-0.01922
147082000000,7.75117,35.27902,-0.00855,0.99915,0.00494,0.00335,0.04075,1.48731,0.08681,-0.01362
147115000000,7.80080,35.28226,-0.00855,0.99917,0.00494,0.00346,0.04017,1.50393,0.09826,0.00020
147181000000,7.90008,35.28860,-0.00924,0.99921,0.00495,0.00343,0.03919,1.50420,0.09612,-0.01057
147247000000,8.00621,35.29348,-0.00817,0.99926,0.00483,0.00334,0.03796,1.60800,0.07392,0.01633
147313000000,8.10450,35.30045,-0.00846,0.99931,0.00482,0.00339,0.03654,1.48936,0.10548,-0.00451
147346000000,8.15365,35.30365,-0.00874,0.99932,0.00470,0.00343,0.03628,1.48935,0.09699,-0.00835
147379000000,8.20315,35.30609,-0.00914,0.99933,0.00475,0.00337,0.03605,1.49981,0.07410,-0.01224
147412000000,8.25267,35.30959,-0.00932,0.99936,0.00474,0.00347,0.03530,1.50074,0.10600,-0.00533
147445000000,8.30198,35.31241,-0.00976,0.99937,0.00475,0.00340,0.03510,1.49418,0.08543,-0.01351
147478000000,8.35383,35.31560,-0.01367,0.99939,0.00512,0.00350,0.03437,1.57134,0.09664,-0.11849
147544000000,8.45149,35.32130,-0.01441,0.99941,0.00505,0.00334,0.03375,1.47968,0.08635,-0.01116
147577000000,8.50048,35.32442,-0.01450,0.99943,0.00504,0.00337,0.03323,1.48438,0.09479,-0.00272
147643000000,8.59956,35.33101,-0.01536,0.99946,0.00493,0.00337,0.03235,1.50121,0.09976,-0.01296
147709000000,8.69886,35.33667,-0.01602,0.99948,0.00502,0.00339,0.03163,1.50464,0.08577,-0.01013
147775000000,8.79835,35.34161,-0.01637,0.99949,0.00489,0.00339,0.03133,1.50733,0.07479,-0.00529
147841000000,8.89578,35.34800,-0.01572,0.99952,0.00488,0.00345,0.03052,1.47620,0.09681,0.00990
147907000000,8.99450,35.35418,-0.01625,0.99954,0.00473,0.00342,0.02990,1.49578,0.09375,-0.00800
147940000000,9.04435,35.35708,-0.01671,0.99955,0.00480,0.00340,0.02957,1.51079,0.08785,-0.01412
148006000000,9.14422,35.36211,-0.01765,0.99956,0.00482,0.00339,0.02913,1.51313,0.07624,-0.01422
148039000000,9.19721,35.36642,-0.01740,0.99956,0.00500,0.00325,0.02907,1.60573,0.13039,0.00766
148105000000,9.29600,35.37213,-0.01805,0.99957,0.00491,0.00324,0.02859,1.49676,0.08658,-0.00991
148171000000,9.39470,35.37698,-0.01828,0.99959,0.00502,0.00335,0.02801,1.49556,0.07340,-0.00339
148204000000,9.44483,35.37850,-0.01883,0.99959,0.00511,0.00330,0.02811,1.51900,0.04612,-0.01674
148237000000,9.49397,35.38129,-0.01905,0.99960,0.00507,0.00340,0.02769,1.48915,0.08462,-0.00665
148270000000,9.54356,35.38382,-0.01933,0.99960,0.00511,0.00338,0.02761,1.50282,0.07664,-0.00836
148303000000,9.59313,35.38414,-0.02128,0.99961,0.00512,0.00328,0.02718,1.50189,0.00959,-0.05922
148369000000,9.69183,35.38965,-0.02198,0.99963,0.00498,0.00322,0.02667,1.49549,0.08358,-0.01061
148402000000,9.74168,35.39204,-0.02230,0.99963,0.00503,0.00327,0.02661,1.51053,0.07248,-0.00965
148435000000,9.79069,35.39443,-0.02228,0.99963,0.00511,0.00334,0.02639,1.48510,0.07236,0.00044
148468000000,9.84025,35.39741,-0.02265,0.99964,0.00500,0.00333,0.02625,1.50183,0.09028,-0.01103
148501000000,9.88992,35.40020,-0.02295,0.99964,0.00491,0.00329,0.02598,1.50519,0.08439,-0.00913
148567000000,9.98981,35.40451,-0.02259,0.99965,0.00541,0.00335,0.02587,1.51354,0.06531,0.00538
148600000000,10.03797,35.40671,-0.02285,0.99965,0.00537,0.00327,0.02578,1.45947,0.06682,-0.00761
148633000000,10.08719,35.40894,-0.02310,0.99965,0.00532,0.00331,0.02559,1.49134,0.06739,-0.00778
148699000000,10.18678,35.41338,-0.02398,0.99966,0.00536,0.00333,0.02545,1.50897,0.06739,-0.01335
148765000000,10.28589,35.41800,-0.02462,0.99966,0.00524,0.00335,0.02529,1.50162,0.06994,-0.00963
148798000000,10.33425,35.42142,-0.02505,0.99968,0.00488,0.00328,0.02467,1.46545,0.10357,-0.01303
148864000000,10.43379,35.42553,-0.02598,0.99968,0.00485,0.00325,0.02469,1.50831,0.06236,-0.01410
148897000000,10.48313,35.42819,-0.02610,0.99968,0.00485,0.00328,0.02444,1.49504,0.08046,-0.00382
148930000000,10.53242,35.43093,-0.02634,0.99969,0.00488,0.00333,0.02421,1.49357,0.08311,-0.00727
148996000000,10.63107,35.43536,-0.02678,0.99969,0.00487,0.00336,0.02411,1.49465,0.06710,-0.00665
149029000000,10.68016,35.43724,-0.02721,0.99969,0.00489,0.00340,0.02414,1.48779,0.05710,-0.01298
149062000000,10.72965,35.43942,-0.02745,0.99969,0.00484,0.00343,0.02417,1.49952,0.06601,-0.00714
149095000000,10.78124,35.44047,-0.02778,0.99968,0.00494,0.00326,0.02441,1.56336,0.03179,-0.00998
149161000000,10.87920,35.44575,-0.02831,0.99970,0.00490,0.00330,0.02384,1.48419,0.07999,-0.00811
149194000000,10.92779,35.44775,-0.02857,0.99970,0.00500,0.00326,0.02388,1.47247,0.06057,-0.00778
149260000000,11.02590,35.45235,-0.02887,0.99970,0.00500,0.00337,0.02372,1.48653,0.06970,-0.00451
149293000000,11.07437,35.45483,-0.02881,0.99970,0.00497,0.00349,0.02360,1.46872,0.07525,0.00167
149326000000,11.12384,35.45699,-0.02906,0.99970,0.00502,0.00349,0.02358,1.49915,0.06543,-0.00748
149359000000,11.17347,35.45963,-0.02967,0.99971,0.00509,0.00342,0.02345,1.50392,0.07976,-0.01865
149392000000,11.22323,35.46195,-0.03007,0.99971,0.00512,0.00343,0.02336,1.50796,0.07040,-0.01217
149425000000,11.27425,35.46279,-0.03053,0.99971,0.00434,0.00350,0.02353,1.54602,0.02555,-0.01366
149458000000,11.32305,35.46479,-0.03053,0.99971,0.00430,0.00353,0.02347,1.47874,0.06069,-0.00006
149491000000,11.37219,35.46771,-0.03080,0.99971,0.00416,0.00353,0.02330,1.48926,0.08832,-0.00841
149557000000,11.46996,35.47219,-0.03139,0.99972,0.00408,0.00349,0.02299,1.48140,0.06791,-0.00890
149590000000,11.51903,35.47388,-0.03180,0.99972,0.00419,0.00338,0.02296,1.48681,0.05109,-0.01223
149623000000,11.56736,35.47594,-0.03196,0.99973,0.00414,0.00347,0.02268,1.46470,0.06242,-0.00488
149689000000,11.66150,35.47904,-0.03275,0.99975,0.00420,0.00344,0.02157,1.42634,0.04699,-0.01200
149722000000,11.70842,35.48031,-0.03312,0.99977,0.00418,0.00339,0.02074,1.42161,0.03849,-0.01140
149755000000,11.75488,35.48185,-0.03336,0.99980,0.00413,0.00344,0.01928,1.40785,0.04659,-0.00704
149821000000,11.84615,35.48093,-0.03471,0.99985,0.00437,0.00351,0.01661,1.38300,-0.01393,-0.02049
149854000000,11.89191,35.48008,-0.03521,0.99987,0.00441,0.00345,0.01491,1.38656,-0.02555,-0.01505
149887000000,11.93801,35.47954,-0.03526,0.99990,0.00437,0.00353,0.01281,1.39713,-0.01641,-0.00178
149920000000,11.98576,35.47866,-0.03547,0.99993,0.00429,0.00350,0.01039,1.44690,-0.02682,-0.00616
149986000000,12.08342,35.47502,-0.03627,0.99997,0.00431,0.00350,0.00585,1.47963,-0.05508,-0.01209
150052000000,12.18161,35.47126,-0.03668,0.99998,0.00431,0.00359,0.00134,1.48778,-0.05699,-0.00626
150118000000,12.28511,35.46601,-0.03998,0.99998,0.00441,0.00342,-0.00332,1.56810,-0.07959,-0.04996
150151000000,12.33183,35.46287,-0.04007,0.99997,0.00436,0.00350,-0.00585,1.41580,-0.09514,-0.00293
150250000000,12.47152,35.45120,-0.04060,0.99989,0.00435,0.00348,-0.01398,1.41101,-0.11787,-0.00531
150283000000,12.51757,35.44602,-0.04084,0.99984,0.00438,0.00356,-0.01688,1.39563,-0.15698,-0.00725
150316000000,12.56269,35.44066,-0.04138,0.99978,0.00432,0.00357,-0.02016,1.36702,-0.16230,-0.01636
150382000000,12.65857,35.42756,-0.04480,0.99960,0.00469,0.00356,-0.02765,1.45279,-0.19854,-0.05182
150448000000,12.74500,35.41293,-0.04574,0.99932,0.00464,0.00347,-0.03647,1.30955,-0.22166,-0.01423
150481000000,12.78705,35.40456,-0.04588,0.99913,0.00468,0.00344,-0.04121,1.27428,-0.25350,-0.00423
150514000000,12.82937,35.39524,-0.04639,0.99890,0.00449,0.00349,-0.04651,1.28229,-0.28240,-0.01552
150547000000,12.87145,35.38455,-0.04646,0.99862,0.00452,0.00348,-0.05212,1.27524,-0.32413,-0.00223
150580000000,12.91428,35.37312,-0.04673,0.99829,0.00439,0.00357,-0.05813,1.29784,-0.34644,-0.00798
150613000000,12.95825,35.36053,-0.04720,0.99788,0.00441,0.00359,-0.06478,1.33263,-0.38135,-0.01420
150646000000,13.00333,35.34593,-0.04796,0.99744,0.00449,0.00351,-0.07134,1.36578,-0.44239,-0.02304
150712000000,13.09442,35.31508,-0.04886,0.99628,0.00444,0.00361,-0.08603,1.38027,-0.46742,-0.01371
150778000000,13.18684,35.27945,-0.05049,0.99480,0.00462,0.00334,-0.10171,1.40020,-0.53984,-0.02473
150811000000,13.23266,35.26093,-0.05078,0.99394,0.00471,0.00340,-0.10976,1.38861,-0.56145,-0.00879
150844000000,13.27848,35.24143,-0.05095,0.99299,0.00471,0.00351,-0.11808,1.38849,-0.59070,-0.00521
150910000000,13.37035,35.19844,-0.05179,0.99067,0.00451,0.00368,-0.13615,1.39196,-0.65145,-0.01264
150943000000,13.41583,35.17522,-0.05253,0.98924,0.00448,0.00365,-0.14619,1.37812,-0.70364,-0.02259
150976000000,13.46140,35.15037,-0.05305,0.98764,0.00444,0.00374,-0.15665,1.38112,-0.75288,-0.01551
151042000000,13.54964,35.09673,-0.05349,0.98369,0.00439,0.00394,-0.17979,1.33694,-0.81270,-0.00676
151108000000,13.63187,35.03404,-0.05474,0.97897,0.00334,0.00406,-0.20396,1.24582,-0.94986,-0.01896
151141000000,13.67172,35.00290,-0.05443,0.97653,0.00353,0.00422,-0.21532,1.20779,-0.94373,0.00955
151207000000,13.75028,34.93858,-0.05540,0.97135,0.00349,0.00433,-0.23761,1.19030,-0.97454,-0.01468
151273000000,13.82512,34.87210,-0.05625,0.96622,0.00343,0.00447,-0.25767,1.13388,-1.00720,-0.01294
151306000000,13.86190,34.83892,-0.05692,0.96377,0.00343,0.00447,-0.26669,1.11459,-1.00546,-0.02036
151339000000,13.89644,34.80163,-0.05799,0.96155,0.00354,0.00443,-0.27458,1.04653,-1.13008,-0.03241
151405000000,13.96561,34.73264,-0.05901,0.95735,0.00334,0.00436,-0.28889,1.04806,-1.04528,-0.01540
151438000000,14.00061,34.69724,-0.05945,0.95551,0.00342,0.00439,-0.29491,1.06075,-1.07285,-0.01325
151570000000,14.13888,34.55798,-0.06178,0.94874,0.00327,0.00446,-0.31601,1.04749,-1.05502,-0.01771
151636000000,14.20179,34.48541,-0.06526,0.94551,0.00301,0.00421,-0.32556,0.95314,-1.09944,-0.05268
151669000000,14.23461,34.44964,-0.06523,0.94392,0.00303,0.00431,-0.33013,0.99471,-1.08407,0.00108
151702000000,14.26821,34.41364,-0.06554,0.94244,0.00293,0.00440,-0.33434,1.01815,-1.09100,-0.00940
151768000000,14.33555,34.34142,-0.06665,0.93947,0.00303,0.00433,-0.34258,1.02026,-1.09412,-0.01689
151801000000,14.36885,34.30479,-0.06749,0.93808,0.00299,0.00423,-0.34638,1.00910,-1.11008,-0.02554
151834000000,14.40578,34.26848,-0.06869,0.93669,0.00331,0.00453,-0.35012,1.11898,-1.10025,-0.03627
151900000000,14.47101,34.19593,-0.06961,0.93400,0.00325,0.00448,-0.35722,0.98843,-1.09921,-0.01396
151933000000,14.50350,34.15958,-0.06993,0.93273,0.00328,0.00444,-0.36054,0.98439,-1.10164,-0.00967
151966000000,14.53704,34.12502,-0.06936,0.93158,0.00338,0.00464,-0.36350,1.01647,-1.04742,0.01725
151999000000,14.56897,34.08796,-0.06958,0.93032,0.00337,0.00469,-0.36669,0.96752,-1.12279,-0.00653
152032000000,14.60127,34.05048,-0.07019,0.92890,0.00335,0.00466,-0.37029,0.97890,-1.13574,-0.01852
152098000000,14.66496,33.97496,-0.07137,0.92563,0.00333,0.00461,-0.37839,0.96490,-1.14429,-0.01786
152164000000,14.72612,33.89797,-0.07238,0.92125,0.00319,0.00477,-0.38892,0.92678,-1.16655,-0.01530
152197000000,14.75500,33.85638,-0.07279,0.91881,0.00321,0.00487,-0.39465,0.87490,-1.26024,-0.01249
152263000000,14.81142,33.77646,-0.07377,0.91319,0.00313,0.00490,-0.40749,0.85485,-1.21088,-0.01490
152296000000,14.83946,33.73528,-0.07450,0.91004,0.00315,0.00484,-0.41449,0.84981,-1.24787,-0.02216
152329000000,14.86599,33.69393,-0.07513,0.90657,0.00308,0.00491,-0.42202,0.80386,-1.25319,-0.01887
152395000000,14.92082,33.60922,-0.07952,0.89903,0.00308,0.00466,-0.43786,0.83084,-1.28341,-0.06655
152461000000,14.96731,33.52262,-0.08105,0.89157,0.00289,0.00461,-0.45285,0.70432,-1.31220,-0.02319
152527000000,15.01090,33.43304,-0.08225,0.88482,0.00285,0.00486,-0.46590,0.66054,-1.35722,-0.01827
152593000000,15.05384,33.34367,-0.08348,0.87894,0.00280,0.00479,-0.47691,0.65054,-1.35416,-0.01862
152626000000,15.07423,33.29704,-0.08411,0.87636,0.00258,0.00498,-0.48163,0.61801,-1.41306,-0.01894
152659000000,15.09521,33.25140,-0.08452,0.87408,0.00238,0.00506,-0.48574,0.63570,-1.38289,-0.01245
152725000000,15.13753,33.15924,-0.08576,0.87004,0.00244,0.00505,-0.49295,0.64119,-1.39641,-0.01872
152791000000,15.17925,33.06636,-0.08745,0.86617,0.00252,0.00491,-0.49972,0.63217,-1.40722,-0.02564
152824000000,15.19652,33.02010,-0.08619,0.86448,0.00267,0.00503,-0.50263,0.52336,-1.40196,0.03825
152890000000,15.23665,32.92797,-0.08738,0.86089,0.00256,0.00502,-0.50875,0.60804,-1.39589,-0.01807
152956000000,15.27631,32.83509,-0.08860,0.85743,0.00253,0.00509,-0.51457,0.60089,-1.40728,-0.01844
152989000000,15.29524,32.78743,-0.08832,0.85555,0.00213,0.00543,-0.51769,0.57348,-1.44427,0.00835
153055000000,15.33372,32.69451,-0.08993,0.85232,0.00208,0.00531,-0.52299,0.58313,-1.40785,-0.02436
153121000000,15.37208,32.60117,-0.09143,0.84930,0.00201,0.00526,-0.52787,0.58111,-1.41421,-0.02281
153154000000,15.39075,32.55183,-0.09310,0.84800,0.00217,0.00517,-0.52996,0.56602,-1.49501,-0.05065
153220000000,15.42758,32.45824,-0.09517,0.84518,0.00216,0.00501,-0.53445,0.55802,-1.41814,-0.03137
153286000000,15.46318,32.36541,-0.09643,0.84226,0.00222,0.00498,-0.53904,0.53935,-1.40647,-0.01897
153319000000,15.48032,32.31800,-0.09722,0.84054,0.00219,0.00501,-0.54172,0.51952,-1.43664,-0.02404
153385000000,15.51329,32.22494,-0.09793,0.83620,0.00224,0.00513,-0.54840,0.49951,-1.40999,-0.01081
153418000000,15.52848,32.17913,-0.09739,0.83389,0.00225,0.00515,-0.55190,0.46022,-1.38832,0.01658
153451000000,15.54291,32.13242,-0.09778,0.83150,0.00210,0.00527,-0.55549,0.43722,-1.41548,-0.01191
153484000000,15.55759,32.08525,-0.09825,0.82937,0.00214,0.00524,-0.55867,0.44487,-1.42924,-0.01419
153550000000,15.58751,31.99006,-0.09952,0.82604,0.00217,0.00519,-0.56358,0.45328,-1.44230,-0.01923
153616000000,15.61813,31.89408,-0.10110,0.82362,0.00269,0.00461,-0.56711,0.46403,-1.45430,-0.02399
153649000000,15.63270,31.84666,-0.10138,0.82222,0.00278,0.00455,-0.56914,0.44132,-1.43687,-0.00852
153715000000,15.66236,31.74990,-0.10266,0.81962,0.00268,0.00464,-0.57288,0.44954,-1.46606,-0.01936
153781000000,15.68148,31.65111,-0.10427,0.81668,0.00217,0.00479,-0.57707,0.28957,-1.49684,-0.02436
153814000000,15.69564,31.60281,-0.10476,0.81550,0.00220,0.00469,-0.57873,0.42907,-1.46357,-0.01494
153880000000,15.72379,31.50598,-0.10569,0.81320,0.00218,0.00474,-0.58196,0.42657,-1.46713,-0.01408
153946000000,15.75120,31.40965,-0.10694,0.81113,0.00219,0.00469,-0.58485,0.41537,-1.45961,-0.01901
153979000000,15.76348,31.36540,-0.10686,0.81014,0.00235,0.00467,-0.58622,0.37211,-1.34087,0.00257
154012000000,15.77702,31.31734,-0.10749,0.80914,0.00233,0.00465,-0.58759,0.41022,-1.45612,-0.01914
154111000000,15.81665,31.17289,-0.10913,0.80636,0.00249,0.00450,-0.59140,0.40034,-1.45910,-0.01661
154144000000,15.83634,31.12882,-0.10932,0.80568,0.00238,0.00461,-0.59233,0.59648,-1.33549,-0.00556
154177000000,15.84896,31.08066,-0.10980,0.80487,0.00247,0.00454,-0.59342,0.38237,-1.45941,-0.01470
154210000000,15.86211,31.03255,-0.11038,0.80403,0.00254,0.00449,-0.59457,0.39855,-1.45802,-0.01743
154309000000,15.89994,30.88840,-0.11249,0.80102,0.00234,0.00456,-0.59862,0.38216,-1.45598,-0.02135
154342000000,15.91115,30.84125,-0.11275,0.79970,0.00239,0.00463,-0.60037,0.33965,-1.42901,-0.00769
154408000000,15.93286,30.74714,-0.11388,0.79647,0.00245,0.00448,-0.60466,0.32895,-1.42580,-0.01723
154441000000,15.93921,30.69589,-0.11523,0.79456,0.00253,0.00429,-0.60716,0.19247,-1.55322,-0.04087
154507000000,15.95807,30.60248,-0.11633,0.79022,0.00255,0.00416,-0.61281,0.28567,-1.41528,-0.01660
154573000000,15.97524,30.50716,-0.11731,0.78611,0.00245,0.00431,-0.61807,0.26025,-1.44430,-0.01493
154606000000,15.98328,30.45836,-0.11800,0.78436,0.00262,0.00446,-0.62028,0.24365,-1.47877,-0.02084
154639000000,15.99158,30.40937,-0.11814,0.78285,0.00246,0.00465,-0.62219,0.25137,-1.48444,-0.00427
154672000000,15.99999,30.36033,-0.11839,0.78133,0.00249,0.00466,-0.62409,0.25498,-1.48617,-0.00761
154705000000,16.00802,30.31063,-0.11884,0.78002,0.00249,0.00461,-0.62573,0.24330,-1.50582,-0.01347
154771000000,16.02416,30.21100,-0.12005,0.77711,0.00251,0.00470,-0.62934,0.24457,-1.50958,-0.01834
154804000000,16.03078,30.16291,-0.12054,0.77532,0.00238,0.00451,-0.63154,0.20033,-1.45721,-0.01482
154870000000,16.04357,30.06690,-0.12115,0.77175,0.00236,0.00460,-0.63590,0.19388,-1.45473,-0.00924
154903000000,16.04974,30.01962,-0.12156,0.76972,0.00242,0.00450,-0.63837,0.18692,-1.43277,-0.01240
154969000000,16.06209,29.91965,-0.12376,0.76602,0.00226,0.00454,-0.64280,0.18712,-1.51467,-0.03342
155002000000,16.06769,29.87001,-0.12388,0.76460,0.00229,0.00467,-0.64449,0.16964,-1.50432,-0.00361
155068000000,16.07949,29.76957,-0.12492,0.76174,0.00229,0.00470,-0.64786,0.17880,-1.52183,-0.01572
155101000000,16.08485,29.72069,-0.12556,0.76030,0.00230,0.00453,-0.64955,0.16236,-1.48109,-0.01928
155167000000,16.09465,29.62089,-0.12627,0.75760,0.00236,0.00452,-0.65270,0.14854,-1.51212,-0.01088
155233000000,16.10425,29.52147,-0.12704,0.75516,0.00243,0.00447,-0.65552,0.14551,-1.50640,-0.01158
155266000000,16.10873,29.47109,-0.12744,0.75398,0.00233,0.00460,-0.65688,0.13554,-1.52675,-0.01228
155332000000,16.11852,29.37023,-0.12866,0.75165,0.00232,0.00462,-0.65954,0.14834,-1.52819,-0.01847
155365000000,16.12620,29.32026,-0.12909,0.75041,0.00221,0.00486,-0.66095,0.23293,-1.51426,-0.01297
155431000000,16.13488,29.22013,-0.13028,0.74832,0.00213,0.00486,-0.66332,0.13146,-1.51701,-0.01806
155464000000,16.13871,29.17060,-0.13073,0.74741,0.00219,0.00486,-0.66434,0.11617,-1.50103,-0.01362
155497000000,16.14263,29.12056,-0.13140,0.74641,0.00211,0.00486,-0.66546,0.11878,-1.51634,-0.02022
155563000000,16.14801,29.01644,-0.13382,0.74455,0.00227,0.00450,-0.66755,0.08141,-1.57755,-0.03675
155596000000,16.15143,28.96628,-0.13454,0.74373,0.00225,0.00445,-0.66846,0.10369,-1.52004,-0.02161
155629000000,16.15532,28.91571,-0.13525,0.74282,0.00219,0.00439,-0.66947,0.11808,-1.53258,-0.02159
155695000000,16.16239,28.81562,-0.13642,0.74105,0.00224,0.00443,-0.67143,0.10704,-1.51643,-0.01780
155728000000,16.16683,28.77038,-0.13577,0.74035,0.00211,0.00447,-0.67221,0.13444,-1.37092,0.01995
155761000000,16.17044,28.72035,-0.13641,0.73952,0.00208,0.00451,-0.67312,0.10964,-1.51605,-0.01966
155794000000,16.17362,28.67013,-0.13690,0.73879,0.00210,0.00453,-0.67392,0.09623,-1.52178,-0.01461
155860000000,16.18004,28.57015,-0.13785,0.73740,0.00210,0.00457,-0.67544,0.09722,-1.51487,-0.01449
155926000000,16.18693,28.47094,-0.13809,0.73607,0.00199,0.00467,-0.67689,0.10438,-1.50325,-0.00356
155992000000,16.19341,28.37166,-0.13900,0.73479,0.00199,0.00470,-0.67828,0.09823,-1.50423,-0.01377
156025000000,16.19645,28.32233,-0.13927,0.73418,0.00198,0.00474,-0.67893,0.09213,-1.49473,-0.00842
156058000000,16.19911,28.27275,-0.13967,0.73364,0.00208,0.00466,-0.67952,0.08074,-1.50235,-0.01190
156124000000,16.20584,28.17192,-0.14200,0.73263,0.00228,0.00459,-0.68061,0.10187,-1.52779,-0.03527
156157000000,16.20844,28.12325,-0.14238,0.73214,0.00230,0.00456,-0.68114,0.07901,-1.47479,-0.01165
156190000000,16.21099,28.07399,-0.14276,0.73156,0.00231,0.00463,-0.68176,0.07728,-1.49288,-0.01140
156256000000,16.21650,27.97473,-0.14367,0.73056,0.00230,0.00459,-0.68283,0.08340,-1.50386,-0.01385
156289000000,16.21911,27.92323,-0.14372,0.72998,0.00202,0.00471,-0.68345,0.07901,-1.56079,-0.00145
156355000000,16.22364,27.82561,-0.14424,0.72913,0.00210,0.00468,-0.68435,0.06875,-1.47903,-0.00795
156454000000,16.23301,27.67194,-0.14696,0.72764,0.00179,0.00482,-0.68594,0.09464,-1.55227,-0.02745
156487000000,16.23472,27.62236,-0.14727,0.72740,0.00188,0.00481,-0.68619,0.05173,-1.50235,-0.00948
156520000000,16.23667,27.57288,-0.14771,0.72704,0.00193,0.00471,-0.68658,0.05913,-1.49946,-0.01335
156553000000,16.23892,27.52374,-0.14823,0.72667,0.00188,0.00480,-0.68697,0.06826,-1.48889,-0.01551
156619000000,16.24142,27.42794,-0.14971,0.72602,0.00186,0.00469,-0.68765,0.03783,-1.45158,-0.02249
156685000000,16.24583,27.32930,-0.15031,0.72534,0.00184,0.00477,-0.68838,0.06676,-1.49449,-0.00914
156718000000,16.24828,27.27984,-0.15062,0.72497,0.00182,0.00481,-0.68876,0.07421,-1.49871,-0.00932
156751000000,16.25005,27.23040,-0.15097,0.72470,0.00187,0.00470,-0.68905,0.05381,-1.49831,-0.01067
156817000000,16.25487,27.13240,-0.15112,0.72415,0.00199,0.00470,-0.68962,0.07303,-1.48481,-0.00229
156850000000,16.25705,27.08278,-0.15159,0.72387,0.00197,0.00476,-0.68992,0.06601,-1.50386,-0.01405
156949000000,16.26292,26.93274,-0.15323,0.72315,0.00189,0.00474,-0.69067,0.05930,-1.51555,-0.01656
156982000000,16.26505,26.88306,-0.15380,0.72287,0.00200,0.00472,-0.69097,0.06445,-1.50524,-0.01730
157015000000,16.26620,26.83677,-0.15480,0.72268,0.00206,0.00455,-0.69116,0.03485,-1.40271,-0.03037
157081000000,16.26997,26.73824,-0.15542,0.72225,0.00210,0.00467,-0.69161,0.05710,-1.49299,-0.00934
157147000000,16.27364,26.63826,-0.15630,0.72177,0.00213,0.00467,-0.69212,0.05563,-1.51481,-0.01347
157213000000,16.27666,26.53882,-0.15712,0.72150,0.00212,0.00472,-0.69240,0.04586,-1.50663,-0.01241
157246000000,16.27786,26.48421,-0.15853,0.72118,0.00199,0.00445,-0.69273,0.03618,-1.65489,-0.04270
157279000000,16.27958,26.43517,-0.15886,0.72104,0.00200,0.00451,-0.69287,0.05219,-1.48600,-0.00988
157345000000,16.28285,26.33551,-0.15952,0.72065,0.00208,0.00460,-0.69328,0.04956,-1.50998,-0.00996
157378000000,16.28430,26.28659,-0.15975,0.72049,0.00206,0.00464,-0.69345,0.04387,-1.48241,-0.00721
157444000000,16.28695,26.18087,-0.16298,0.72029,0.00214,0.00443,-0.69365,0.04011,-1.60191,-0.04887
157510000000,16.29017,26.08202,-0.16370,0.71996,0.00216,0.00442,-0.69399,0.04887,-1.49773,-0.01096
157576000000,16.29360,25.98245,-0.16480,0.71972,0.00212,0.00445,-0.69425,0.05196,-1.50863,-0.01667
157609000000,16.29559,25.93260,-0.16520,0.71959,0.00213,0.00450,-0.69438,0.06023,-1.51062,-0.01211
157675000000,16.29803,25.84044,-0.16438,0.71932,0.00208,0.00464,-0.69466,0.03693,-1.39624,0.01243
157708000000,16.29947,25.79177,-0.16448,0.71928,0.00209,0.00468,-0.69470,0.04364,-1.47490,-0.00312
157807000000,16.30424,25.64298,-0.16646,0.71885,0.00204,0.00462,-0.69515,0.04817,-1.50297,-0.02000
157840000000,16.30636,25.59414,-0.16746,0.71891,0.00215,0.00439,-0.69509,0.06433,-1.47999,-0.03004
157906000000,16.30965,25.49644,-0.16810,0.71870,0.00219,0.00438,-0.69531,0.04991,-1.48025,-0.00973
157939000000,16.31110,25.44663,-0.16861,0.71861,0.00217,0.00435,-0.69540,0.04375,-1.50935,-0.01547
158005000000,16.31425,25.34706,-0.16969,0.71845,0.00217,0.00435,-0.69556,0.04780,-1.50863,-0.01635
158038000000,16.31272,25.30246,-0.17086,0.71848,0.00225,0.00414,-0.69553,-0.04630,-1.35173,-0.03567
158137000000,16.31776,25.15371,-0.17200,0.71818,0.00232,0.00421,-0.69584,0.05086,-1.50247,-0.01143
158203000000,16.32084,25.05479,-0.17256,0.71802,0.00231,0.00424,-0.69601,0.04673,-1.49877,-0.00850
158269000000,16.32380,24.95585,-0.17335,0.71800,0.00216,0.00448,-0.69603,0.04482,-1.49918,-0.01201
158302000000,16.32452,24.90442,-0.17536,0.71773,0.00202,0.00445,-0.69631,0.02191,-1.55830,-0.06108
158335000000,16.32603,24.85514,-0.17594,0.71769,0.00205,0.00432,-0.69635,0.04549,-1.49351,-0.01736
158401000000,16.32883,24.75549,-0.17700,0.71753,0.00203,0.00438,-0.69651,0.04257,-1.50987,-0.01602
158434000000,16.32996,24.70623,-0.17725,0.71745,0.00203,0.00442,-0.69659,0.03404,-1.49270,-0.00762
158467000000,16.33326,24.65573,-0.17766,0.71757,0.00215,0.00427,-0.69647,0.09993,-1.53027,-0.01265
158533000000,16.33596,24.55860,-0.17787,0.71757,0.00219,0.00437,-0.69647,0.04101,-1.47169,-0.00304
158566000000,16.33765,24.50841,-0.17842,0.71745,0.00222,0.00434,-0.69660,0.05121,-1.52073,-0.01668
158665000000,16.34204,24.36076,-0.17976,0.71737,0.00223,0.00429,-0.69668,0.04435,-1.49143,-0.01357
158698000000,16.34363,24.31183,-0.18017,0.71726,0.00227,0.00422,-0.69679,0.04815,-1.48270,-0.01248
158731000000,16.34468,24.26297,-0.18050,0.71726,0.00226,0.00432,-0.69679,0.03167,-1.48074,-0.01003
158797000000,16.34682,24.16338,-0.18140,0.71716,0.00222,0.00431,-0.69690,0.03242,-1.50897,-0.01365
158830000000,16.35019,24.11552,-0.18093,0.71703,0.00221,0.00444,-0.69703,0.10225,-1.45016,0.01421
158896000000,16.35269,24.01703,-0.18185,0.71699,0.00224,0.00435,-0.69706,0.03780,-1.49233,-0.01396
158962000000,16.35588,23.91760,-0.18290,0.71690,0.00218,0.00443,-0.69715,0.04844,-1.50652,-0.01580
159028000000,16.35849,23.81794,-0.18390,0.71685,0.00226,0.00440,-0.69721,0.03953,-1.50990,-0.01516
159061000000,16.36018,23.76453,-0.18526,0.71670,0.00222,0.00444,-0.69736,0.05121,-1.61870,-0.04136
159127000000,16.36205,23.66566,-0.18608,0.71675,0.00226,0.00445,-0.69731,0.02826,-1.49799,-0.01242
159160000000,16.36355,23.61543,-0.18668,0.71670,0.00220,0.00443,-0.69736,0.04555,-1.52206,-0.01813
159193000000,16.36465,23.56577,-0.18742,0.71667,0.00222,0.00437,-0.69740,0.03335,-1.50478,-0.02247
159226000000,16.36583,23.51613,-0.18797,0.71659,0.00217,0.00440,-0.69748,0.03566,-1.50444,-0.01642
159292000000,16.36871,23.41772,-0.18889,0.71657,0.00218,0.00440,-0.69750,0.04370,-1.49097,-0.01394
159325000000,16.36907,23.38080,-0.18867,0.71677,0.00227,0.00433,-0.69730,0.01075,-1.11880,0.00646
159391000000,16.37165,23.28219,-0.18961,0.71675,0.00231,0.00426,-0.69731,0.03913,-1.49412,-0.01426
159457000000,16.37436,23.18399,-0.19057,0.71670,0.00226,0.00430,-0.69737,0.04107,-1.48782,-0.01446
159523000000,16.37695,23.08561,-0.19177,0.71668,0.00223,0.00427,-0.69738,0.03930,-1.49062,-0.01828
159589000000,16.38044,22.98098,-0.19229,0.71643,0.00217,0.00445,-0.69764,0.05283,-1.58538,-0.00776
159655000000,16.38256,22.88223,-0.19332,0.71641,0.00223,0.00437,-0.69766,0.03208,-1.49614,-0.01569
159688000000,16.38361,22.83250,-0.19395,0.71645,0.00221,0.00429,-0.69762,0.03190,-1.50709,-0.01896
159754000000,16.38644,22.73344,-0.19491,0.71641,0.00218,0.00443,-0.69766,0.04289,-1.50082,-0.01457
159787000000,16.38711,22.67619,-0.19558,0.71640,0.00219,0.00435,-0.69768,0.02029,-1.73488,-0.02038
159853000000,16.38970,22.57782,-0.19663,0.71632,0.00224,0.00411,-0.69776,0.03927,-1.49048,-0.01588
159886000000,16.39124,22.52848,-0.19673,0.71634,0.00216,0.00427,-0.69774,0.04653,-1.49513,-0.00289
159985000000,16.39586,22.38016,-0.19809,0.71631,0.00220,0.00426,-0.69777,0.04670,-1.49821,-0.01379
160051000000,16.39815,22.29008,-0.19903,0.71639,0.00219,0.00438,-0.69768,0.03471,-1.36482,-0.01428
160117000000,16.40038,22.19059,-0.19992,0.71627,0.00209,0.00429,-0.69781,0.03373,-1.50747,-0.01348
160150000000,16.40159,22.14077,-0.20028,0.71631,0.00219,0.00427,-0.69776,0.03670,-1.50964,-0.01087
160183000000,16.40288,22.09035,-0.20094,0.71620,0.00214,0.00436,-0.69787,0.03925,-1.52796,-0.02010
160282000000,16.40670,21.93960,-0.20255,0.71621,0.00216,0.00430,-0.69786,0.03857,-1.52274,-0.01623
160381000000,16.41066,21.79810,-0.20514,0.71639,0.00216,0.00424,-0.69769,0.04000,-1.42928,-0.02615
160447000000,16.41303,21.69920,-0.20605,0.71634,0.00222,0.00415,-0.69774,0.03589,-1.49848,-0.01380
160513000000,16.41629,21.59907,-0.20719,0.71630,0.00224,0.00421,-0.69777,0.04936,-1.51704,-0.01722
160546000000,16.41714,21.54961,-0.20739,0.71626,0.00223,0.00425,-0.69782,0.02566,-1.49883,-0.00628
160612000000,16.41996,21.45116,-0.20852,0.71628,0.00220,0.00415,-0.69780,0.04286,-1.49163,-0.01705
160645000000,16.41629,21.39155,-0.20884,0.71621,0.00210,0.00427,-0.69787,-0.11132,-1.80637,-0.00960
160678000000,16.41788,21.34258,-0.20905,0.71620,0.00213,0.00429,-0.69788,0.04832,-1.48415,-0.00658
160744000000,16.42029,21.24418,-0.21012,0.71624,0.00208,0.00429,-0.69784,0.03644,-1.49085,-0.01615
160810000000,16.42278,21.14457,-0.21116,0.71616,0.00211,0.00414,-0.69792,0.03780,-1.50923,-0.01584
160876000000,16.42510,21.04679,-0.21165,0.71619,0.00214,0.00427,-0.69788,0.03503,-1.48149,-0.00742
160909000000,16.42636,20.99805,-0.21234,0.71620,0.00206,0.00427,-0.69788,0.03844,-1.47692,-0.02074
160975000000,16.42904,20.89811,-0.21333,0.71613,0.00217,0.00421,-0.69795,0.04060,-1.51432,-0.01497
161041000000,16.43236,20.79926,-0.21393,0.71619,0.00219,0.00415,-0.69789,0.05028,-1.49773,-0.00915
161107000000,16.43393,20.70142,-0.21480,0.71615,0.00214,0.00421,-0.69793,0.02370,-1.48247,-0.01320
161173000000,16.43532,20.59579,-0.21736,0.71610,0.00213,0.00415,-0.69798,0.02110,-1.60038,-0.03880
161239000000,16.43786,20.49818,-0.21783,0.71615,0.00218,0.00423,-0.69793,0.03852,-1.47895,-0.00705
161305000000,16.44052,20.39881,-0.21880,0.71606,0.00211,0.00432,-0.69803,0.04029,-1.50559,-0.01474
161338000000,16.44168,20.34966,-0.21903,0.71606,0.00215,0.00434,-0.69803,0.03514,-1.48929,-0.00709
161404000000,16.44512,20.25006,-0.22001,0.71606,0.00219,0.00423,-0.69802,0.05213,-1.50915,-0.01478
161470000000,16.44664,20.14849,-0.22078,0.71607,0.00215,0.00412,-0.69802,0.02306,-1.53900,-0.01161
161536000000,16.44908,20.05011,-0.22136,0.71611,0.00221,0.00419,-0.69797,0.03688,-1.49056,-0.00878
161569000000,16.45040,20.00093,-0.22171,0.71612,0.00213,0.00421,-0.69797,0.03994,-1.49028,-0.01070
161635000000,16.45270,19.90154,-0.22281,0.71613,0.00222,0.00416,-0.69795,0.03485,-1.50597,-0.01671
161701000000,16.45498,19.80715,-0.22441,0.71612,0.00224,0.00398,-0.69796,0.03453,-1.43005,-0.02428
161734000000,16.45642,19.75811,-0.22437,0.71612,0.00220,0.00406,-0.69796,0.04375,-1.48629,0.00143
161800000000,16.45957,19.65962,-0.22500,0.71605,0.00214,0.00417,-0.69803,0.04771,-1.49215,-0.00955
161866000000,16.46228,19.56058,-0.22575,0.71605,0.00216,0.00427,-0.69803,0.04107,-1.50062,-0.01141
161899000000,16.46174,19.51077,-0.22684,0.71606,0.00226,0.00403,-0.69803,-0.01641,-1.50935,-0.03290
161965000000,16.46439,19.41173,-0.22766,0.71607,0.00230,0.00411,-0.69801,0.04017,-1.50074,-0.01249
162031000000,16.46717,19.31333,-0.22878,0.71599,0.00220,0.00415,-0.69809,0.04216,-1.49088,-0.01695
162097000000,16.46982,19.21412,-0.22973,0.71599,0.00218,0.00416,-0.69809,0.04017,-1.50322,-0.01435
162163000000,16.47101,19.11308,-0.23112,0.71602,0.00214,0.00409,-0.69806,0.01800,-1.53082,-0.02108
162229000000,16.47413,19.01484,-0.23170,0.71608,0.00211,0.00416,-0.69800,0.04734,-1.48845,-0.00884
162262000000,16.47542,18.96540,-0.23219,0.71607,0.00209,0.00416,-0.69801,0.03884,-1.49831,-0.01481
162328000000,16.47836,18.86613,-0.23302,0.71602,0.00212,0.00423,-0.69806,0.04453,-1.50400,-0.01256
162394000000,16.48082,18.76754,-0.23401,0.71603,0.00220,0.00416,-0.69806,0.03731,-1.49389,-0.01506
162460000000,16.48346,18.66870,-0.23476,0.71603,0.00220,0.00417,-0.69805,0.04000,-1.49759,-0.01134
162559000000,16.48770,18.50937,-0.23805,0.71601,0.00206,0.00403,-0.69807,0.04289,-1.60942,-0.03325
162592000000,16.48888,18.45931,-0.23874,0.71599,0.00209,0.00401,-0.69810,0.03572,-1.51692,-0.02086
162658000000,16.49146,18.36016,-0.23979,0.71601,0.00206,0.00400,-0.69807,0.03901,-1.50215,-0.01590
162724000000,16.49412,18.26170,-0.24003,0.71601,0.00213,0.00405,-0.69808,0.04037,-1.49186,-0.00366
162790000000,16.49715,18.16566,-0.23975,0.71598,0.00225,0.00415,-0.69811,0.04583,-1.45519,0.00432
162856000000,16.50000,18.06689,-0.24112,0.71602,0.00217,0.00409,-0.69806,0.04329,-1.49643,-0.02080
162922000000,16.50283,17.96844,-0.24213,0.71598,0.00212,0.00407,-0.69810,0.04283,-1.49169,-0.01538
162988000000,16.50626,17.86954,-0.24306,0.71596,0.00213,0.00410,-0.69812,0.05199,-1.49845,-0.01399
163021000000,16.50731,17.82062,-0.24335,0.71606,0.00204,0.00418,-0.69802,0.03167,-1.48259,-0.00878
163087000000,16.51003,17.72176,-0.24410,0.71594,0.00211,0.00422,-0.69814,0.04127,-1.49790,-0.01144
163120000000,16.51080,17.68621,-0.24436,0.71598,0.00217,0.00408,-0.69810,0.02323,-1.07725,-0.00795
163153000000,16.51182,17.63687,-0.24464,0.71601,0.00216,0.00414,-0.69808,0.03086,-1.49513,-0.00828
163186000000,16.51331,17.58747,-0.24517,0.71596,0.00206,0.00416,-0.69812,0.04537,-1.49710,-0.01604
163252000000,16.51574,17.48826,-0.24603,0.71601,0.00218,0.00402,-0.69807,0.03682,-1.50308,-0.01312
163285000000,16.51760,17.43963,-0.24656,0.71601,0.00215,0.00409,-0.69808,0.05630,-1.47374,-0.01598
163351000000,16.51962,17.33965,-0.24738,0.71602,0.00224,0.00400,-0.69807,0.03058,-1.51475,-0.01249
163384000000,16.52117,17.29095,-0.24759,0.71602,0.00219,0.00401,-0.69806,0.04711,-1.47606,-0.00634
163417000000,16.52246,17.24171,-0.24825,0.71603,0.00216,0.00402,-0.69806,0.03890,-1.49184,-0.01982
163516000000,16.52689,17.09366,-0.24949,0.71598,0.00216,0.00408,-0.69811,0.04479,-1.49553,-0.01259
163582000000,16.52826,16.99253,-0.25014,0.71596,0.00229,0.00393,-0.69813,0.02081,-1.53224,-0.00973
163648000000,16.53058,16.89463,-0.25114,0.71607,0.00224,0.00399,-0.69801,0.03508,-1.48331,-0.01528
163681000000,16.53218,16.84506,-0.25172,0.71605,0.00216,0.00407,-0.69804,0.04855,-1.50212,-0.01747
163747000000,16.53520,16.74610,-0.25288,0.71606,0.00208,0.00397,-0.69803,0.04566,-1.49944,-0.01752
163780000000,16.53684,16.69650,-0.25334,0.71603,0.00206,0.00400,-0.69805,0.04994,-1.50305,-0.01397
163846000000,16.53810,16.60338,-0.25425,0.71609,0.00216,0.00401,-0.69799,0.01907,-1.41092,-0.01386
163912000000,16.54059,16.50441,-0.25553,0.71610,0.00211,0.00395,-0.69799,0.03766,-1.49955,-0.01932
163978000000,16.54313,16.40565,-0.25649,0.71613,0.00216,0.00392,-0.69796,0.03858,-1.49637,-0.01450
164044000000,16.54586,16.30761,-0.25712,0.71613,0.00222,0.00389,-0.69795,0.04135,-1.48536,-0.00967
164110000000,16.54800,16.19841,-0.25744,0.71599,0.00220,0.00396,-0.69810,0.03234,-1.65451,-0.00477
164143000000,16.54938,16.15012,-0.25741,0.71606,0.00220,0.00406,-0.69802,0.04185,-1.46346,0.00087
164176000000,16.55066,16.10023,-0.25784,0.71601,0.00225,0.00401,-0.69808,0.03872,-1.51195,-0.01307
164242000000,16.55300,16.00083,-0.25868,0.71600,0.00228,0.00404,-0.69808,0.03555,-1.50594,-0.01276
164275000000,16.55540,15.95234,-0.26040,0.71603,0.00218,0.00400,-0.69805,0.07277,-1.46964,-0.05215
164341000000,16.55804,15.85263,-0.26123,0.71604,0.00228,0.00389,-0.69805,0.03988,-1.51063,-0.01259
164407000000,16.56058,15.75397,-0.26203,0.71597,0.00229,0.00386,-0.69812,0.03849,-1.49483,-0.01213
164440000000,16.56183,15.70386,-0.26277,0.71599,0.00231,0.00384,-0.69810,0.03786,-1.51857,-0.02236
164506000000,16.56467,15.60377,-0.26408,0.71603,0.00226,0.00387,-0.69806,0.04306,-1.51649,-0.01979
164605000000,16.56900,15.45609,-0.26514,0.71605,0.00219,0.00389,-0.69803,0.04377,-1.49177,-0.01072
164671000000,16.57107,15.35559,-0.26543,0.71594,0.00221,0.00389,-0.69814,0.03127,-1.52270,-0.00438
164770000000,16.57468,15.20799,-0.26622,0.71600,0.00223,0.00393,-0.69808,0.03651,-1.49096,-0.00797
164803000000,16.57588,15.15790,-0.26695,0.71600,0.00225,0.00388,-0.69809,0.03647,-1.51764,-0.02211
164836000000,16.57685,15.10791,-0.26765,0.71597,0.00225,0.00383,-0.69812,0.02936,-1.51493,-0.02131
164902000000,16.57669,15.00874,-0.26801,0.71603,0.00230,0.00389,-0.69805,-0.00243,-1.50263,-0.00544
164968000000,16.57985,14.90872,-0.26948,0.71603,0.00218,0.00392,-0.69805,0.04789,-1.51539,-0.02233
165001000000,16.58114,14.85984,-0.26989,0.71603,0.00214,0.00385,-0.69805,0.03901,-1.48132,-0.01233
165034000000,16.58256,14.80964,-0.27047,0.71608,0.00218,0.00382,-0.69801,0.04294,-1.52120,-0.01769
165067000000,16.58376,14.76035,-0.27082,0.71610,0.00220,0.00389,-0.69799,0.03641,-1.49345,-0.01039
165166000000,16.58777,14.61210,-0.27212,0.71603,0.00221,0.00396,-0.69805,0.04054,-1.49756,-0.01316
165232000000,16.59116,14.52117,-0.27386,0.71616,0.00223,0.00367,-0.69792,0.05133,-1.37768,-0.02641
165331000000,16.59537,14.37315,-0.27513,0.71616,0.00229,0.00366,-0.69792,0.04254,-1.49511,-0.01278
165364000000,16.59702,14.32400,-0.27549,0.71615,0.00232,0.00364,-0.69794,0.04982,-1.48955,-0.01093
165397000000,16.59840,14.27488,-0.27583,0.71616,0.00226,0.00367,-0.69792,0.04190,-1.48848,-0.01043
165430000000,16.60000,14.21765,-0.27763,0.71607,0.00214,0.00370,-0.69802,0.04844,-1.73407,-0.05437
165496000000,16.60244,14.11843,-0.27872,0.71603,0.00212,0.00369,-0.69805,0.03705,-1.50340,-0.01652
165595000000,16.60631,13.97015,-0.28010,0.71605,0.00213,0.00363,-0.69804,0.03903,-1.49780,-0.01400
165661000000,16.60828,13.86732,-0.28060,0.71605,0.00214,0.00361,-0.69803,0.02988,-1.55804,-0.00757
165727000000,16.61126,13.76768,-0.28160,0.71611,0.00210,0.00372,-0.69797,0.04511,-1.50972,-0.01501
165760000000,16.61285,13.71815,-0.28208,0.71605,0.00208,0.00365,-0.69804,0.04826,-1.50085,-0.01454
165826000000,16.61573,13.61911,-0.28291,0.71603,0.00213,0.00371,-0.69805,0.04367,-1.50064,-0.01265
165859000000,16.61670,13.57015,-0.28327,0.71604,0.00216,0.00362,-0.69804,0.02954,-1.48337,-0.01088
165925000000,16.61592,13.47452,-0.28403,0.71617,0.00212,0.00379,-0.69791,-0.01185,-1.44899,-0.01160
165958000000,16.61754,13.42585,-0.28406,0.71621,0.00217,0.00379,-0.69787,0.04913,-1.47479,-0.00075
166024000000,16.62021,13.32794,-0.28500,0.71623,0.00217,0.00379,-0.69785,0.04043,-1.48347,-0.01422
166057000000,16.62187,13.27774,-0.28600,0.71623,0.00216,0.00370,-0.69786,0.05023,-1.52140,-0.03029
166123000000,16.62448,13.17895,-0.28704,0.71613,0.00212,0.00366,-0.69795,0.03948,-1.49676,-0.01585
166156000000,16.62514,13.12923,-0.28748,0.71623,0.00215,0.00362,-0.69785,0.02029,-1.50663,-0.01328
166189000000,16.62425,13.07663,-0.28718,0.71610,0.00233,0.00371,-0.69798,-0.02699,-1.59399,0.00926
166288000000,16.62815,12.92877,-0.28819,0.71618,0.00227,0.00379,-0.69790,0.03930,-1.49354,-0.01021
166321000000,16.62943,12.87842,-0.28898,0.71619,0.00222,0.00376,-0.69789,0.03878,-1.52562,-0.02415
166420000000,16.63303,12.72971,-0.29066,0.71621,0.00213,0.00378,-0.69788,0.03639,-1.50220,-0.01695
166453000000,16.63396,12.68148,-0.29079,0.71618,0.00221,0.00378,-0.69790,0.02838,-1.46155,-0.00382
166519000000,16.63696,12.58185,-0.29245,0.71603,0.00211,0.00350,-0.69806,0.04534,-1.50941,-0.02526
166552000000,16.63809,12.53231,-0.29256,0.71601,0.00211,0.00357,-0.69808,0.03427,-1.50131,-0.00311
166618000000,16.64082,12.43333,-0.29313,0.71605,0.00211,0.00368,-0.69803,0.04133,-1.49967,-0.00866
166684000000,16.64374,12.33395,-0.29388,0.71603,0.00221,0.00361,-0.69805,0.04433,-1.50579,-0.01136
166750000000,16.64600,12.23373,-0.29466,0.71607,0.00226,0.00353,-0.69801,0.03427,-1.51847,-0.01183
166783000000,16.64920,12.18380,-0.29644,0.71607,0.00217,0.00358,-0.69802,0.09675,-1.51322,-0.05392
166816000000,16.65022,12.13602,-0.29672,0.71601,0.00222,0.00359,-0.69808,0.03104,-1.44768,-0.00848
166882000000,16.65236,12.03754,-0.29770,0.71604,0.00228,0.00345,-0.69804,0.03234,-1.49215,-0.01491
166915000000,16.65393,11.98780,-0.29812,0.71601,0.00220,0.00349,-0.69807,0.04780,-1.50727,-0.01258
166981000000,16.65673,11.88814,-0.29925,0.71605,0.00220,0.00355,-0.69803,0.04237,-1.51004,-0.01722
167014000000,16.65691,11.83398,-0.29936,0.71613,0.00228,0.00350,-0.69796,0.00561,-1.64127,-0.00328
167047000000,16.65743,11.78481,-0.29975,0.71627,0.00223,0.00348,-0.69781,0.01555,-1.48975,-0.01186
167146000000,16.66103,11.63698,-0.30062,0.71634,0.00232,0.00343,-0.69774,0.03641,-1.49330,-0.00876
167212000000,16.66415,11.53856,-0.30118,0.71631,0.00230,0.00357,-0.69777,0.04725,-1.49113,-0.00840
167245000000,16.66545,11.48988,-0.30162,0.71630,0.00227,0.00348,-0.69778,0.03930,-1.47533,-0.01336
167311000000,16.66989,11.39374,-0.30215,0.71598,0.00226,0.00361,-0.69811,0.06725,-1.45662,-0.00810
167344000000,16.67099,11.34383,-0.30265,0.71601,0.00218,0.00361,-0.69807,0.03347,-1.51247,-0.01512
167410000000,16.67417,11.24519,-0.30347,0.71597,0.00224,0.00358,-0.69812,0.04815,-1.49457,-0.01241
167443000000,16.67558,11.19611,-0.30365,0.71595,0.00231,0.00366,-0.69814,0.04271,-1.48724,-0.00540
167476000000,16.67679,11.14640,-0.30388,0.71601,0.00222,0.00373,-0.69807,0.03664,-1.50623,-0.00717
167542000000,16.67707,11.05194,-0.30494,0.71593,0.00225,0.00376,-0.69816,0.00425,-1.43126,-0.01596
167608000000,16.68051,10.95252,-0.30590,0.71591,0.00222,0.00372,-0.69818,0.05216,-1.50640,-0.01459
167707000000,16.68353,10.80385,-0.30742,0.71598,0.00223,0.00361,-0.69811,0.03054,-1.50163,-0.01540
167773000000,16.68643,10.70457,-0.30833,0.71597,0.00215,0.00372,-0.69811,0.04390,-1.50429,-0.01379
167806000000,16.68722,10.65613,-0.30840,0.71599,0.00221,0.00377,-0.69810,0.02387,-1.46802,-0.00186
167872000000,16.69007,10.55780,-0.30910,0.71612,0.00222,0.00375,-0.69796,0.04323,-1.48978,-0.01074
167938000000,16.69158,10.45927,-0.30995,0.71619,0.00221,0.00376,-0.69789,0.02292,-1.49296,-0.01282
168004000000,16.69386,10.36042,-0.31060,0.71623,0.00222,0.00381,-0.69785,0.03451,-1.49759,-0.00979
168037000000,16.69513,10.31106,-0.31122,0.71627,0.00222,0.00380,-0.69781,0.03838,-1.49579,-0.01886
168103000000,16.69782,10.21281,-0.31177,0.71624,0.00226,0.00381,-0.69784,0.04078,-1.48863,-0.00839
168169000000,16.70267,10.11079,-0.31355,0.71596,0.00222,0.00374,-0.69813,0.07358,-1.54583,-0.02695
168235000000,16.70477,10.01433,-0.31348,0.71599,0.00224,0.00390,-0.69809,0.03176,-1.46153,0.00108
168301000000,16.70749,9.91562,-0.31422,0.71594,0.00225,0.00393,-0.69815,0.04112,-1.49553,-0.01116
168367000000,16.71036,9.81714,-0.31507,0.71598,0.00226,0.00395,-0.69811,0.04352,-1.49212,-0.01293
168400000000,16.71190,9.76807,-0.31511,0.71592,0.00235,0.00404,-0.69816,0.04670,-1.48701,-0.00113
168466000000,16.71426,9.66885,-0.31620,0.71602,0.00212,0.00392,-0.69806,0.03572,-1.50340,-0.01658
168532000000,16.71592,9.57052,-0.31766,0.71603,0.00217,0.00378,-0.69806,0.02523,-1.48975,-0.02215
168565000000,16.71719,9.52038,-0.31877,0.71601,0.00217,0.00358,-0.69808,0.03849,-1.51949,-0.03356
168598000000,16.71866,9.47078,-0.31917,0.71599,0.00216,0.00365,-0.69809,0.04462,-1.50290,-0.01210
168631000000,16.72007,9.42135,-0.31960,0.71603,0.00210,0.00372,-0.69805,0.04254,-1.49788,-0.01291
168697000000,16.72174,9.32126,-0.32123,0.71591,0.00213,0.00341,-0.69818,0.02529,-1.51654,-0.02471
168730000000,16.72339,9.27192,-0.32163,0.71587,0.00206,0.00340,-0.69823,0.05000,-1.49513,-0.01219
168796000000,16.72541,9.17340,-0.32218,0.71588,0.00216,0.00347,-0.69821,0.03072,-1.49282,-0.00831
168829000000,16.72672,9.12401,-0.32233,0.71589,0.00227,0.00341,-0.69820,0.03971,-1.49649,-0.00473
168895000000,16.72931,9.02530,-0.32281,0.71583,0.00231,0.00348,-0.69826,0.03922,-1.49571,-0.00715
168928000000,16.73072,8.97618,-0.32312,0.71585,0.00229,0.00362,-0.69824,0.04277,-1.48848,-0.00950
169060000000,16.73585,8.77835,-0.32476,0.71576,0.00232,0.00352,-0.69834,0.03881,-1.49867,-0.01244
169093000000,16.73634,8.72522,-0.32668,0.71612,0.00219,0.00324,-0.69797,0.01485,-1.60992,-0.05798
169192000000,16.74165,8.57840,-0.32758,0.71613,0.00216,0.00337,-0.69795,0.05362,-1.48305,-0.00913
169225000000,16.74289,8.52911,-0.32787,0.71610,0.00222,0.00335,-0.69799,0.03780,-1.49386,-0.00885
169291000000,16.74531,8.43064,-0.32832,0.71604,0.00224,0.00340,-0.69805,0.03664,-1.49191,-0.00679
169324000000,16.74684,8.38095,-0.32885,0.71614,0.00225,0.00340,-0.69794,0.04641,-1.50588,-0.01599
169390000000,16.74697,8.28128,-0.32962,0.71617,0.00226,0.00330,-0.69792,0.00188,-1.51010,-0.01167
169456000000,16.74975,8.18219,-0.33048,0.71618,0.00222,0.00338,-0.69791,0.04222,-1.50127,-0.01302
169489000000,16.75078,8.13338,-0.33071,0.71612,0.00225,0.00352,-0.69796,0.03115,-1.47929,-0.00711
169555000000,16.75428,8.03501,-0.33146,0.71613,0.00222,0.00345,-0.69796,0.05303,-1.49036,-0.01141
169588000000,16.75577,7.98594,-0.33188,0.71607,0.00226,0.00340,-0.69802,0.04514,-1.48702,-0.01256
169621000000,16.75755,7.93673,-0.33237,0.71601,0.00226,0.00331,-0.69807,0.05375,-1.49121,-0.01499
169687000000,16.76041,7.83762,-0.33287,0.71599,0.00227,0.00345,-0.69810,0.04338,-1.50168,-0.00750
169720000000,16.76139,7.78861,-0.33302,0.71600,0.00233,0.00349,-0.69808,0.02971,-1.48517,-0.00461
169786000000,16.76456,7.68912,-0.33467,0.71616,0.00217,0.00324,-0.69793,0.04812,-1.50742,-0.02501
169852000000,16.76571,7.59059,-0.33485,0.71619,0.00229,0.00318,-0.69789,0.01743,-1.49296,-0.00269
169918000000,16.76783,7.49273,-0.33540,0.71620,0.00231,0.00323,-0.69788,0.03205,-1.48273,-0.00831
169984000000,16.77032,7.39351,-0.33594,0.71617,0.00239,0.00326,-0.69791,0.03774,-1.50334,-0.00816
170017000000,16.77182,7.34427,-0.33602,0.71619,0.00240,0.00338,-0.69790,0.04537,-1.49184,-0.00261
170050000000,16.77345,7.29493,-0.33639,0.71620,0.00238,0.00332,-0.69788,0.04936,-1.49535,-0.01127
170116000000,16.77595,7.19880,-0.33626,0.71620,0.00247,0.00321,-0.69788,0.03786,-1.45644,0.00197
170182000000,16.77786,7.10068,-0.33711,0.71624,0.00241,0.00333,-0.69784,0.02901,-1.48664,-0.01282
170215000000,16.77926,7.05153,-0.33719,0.71622,0.00244,0.00333,-0.69787,0.04231,-1.48939,-0.00256
170248000000,16.78093,7.00240,-0.33743,0.71626,0.00243,0.00337,-0.69782,0.05080,-1.48880,-0.00700
170314000000,16.78362,6.90402,-0.33813,0.71623,0.00240,0.00331,-0.69786,0.04075,-1.49071,-0.01065
170380000000,16.78573,6.80545,-0.33857,0.71632,0.00246,0.00342,-0.69776,0.03190,-1.49337,-0.00674
170413000000,16.78733,6.75586,-0.33915,0.71631,0.00243,0.00340,-0.69777,0.04844,-1.50296,-0.01756
170512000000,16.79087,6.60864,-0.34097,0.71635,0.00240,0.00308,-0.69773,0.03580,-1.48705,-0.01838
170545000000,16.79243,6.55902,-0.34156,0.71638,0.00228,0.00323,-0.69770,0.04739,-1.50357,-0.01797
170578000000,16.79367,6.50999,-0.34188,0.71630,0.00231,0.00320,-0.69778,0.03751,-1.48582,-0.00944
170644000000,16.79709,6.41107,-0.34233,0.71619,0.00228,0.00334,-0.69790,0.05179,-1.49879,-0.00691
170710000000,16.79941,6.31118,-0.34363,0.71624,0.00224,0.00333,-0.69784,0.03514,-1.51353,-0.01959
170743000000,16.79819,6.26332,-0.34428,0.71650,0.00219,0.00315,-0.69757,-0.03688,-1.45029,-0.01980
170809000000,16.80037,6.16449,-0.34509,0.71654,0.00216,0.00316,-0.69754,0.03303,-1.49730,-0.01224
170842000000,16.80152,6.11502,-0.34552,0.71654,0.00221,0.00310,-0.69753,0.03485,-1.49915,-0.01313
170908000000,16.80449,6.01650,-0.34606,0.71648,0.00219,0.00316,-0.69759,0.04502,-1.49269,-0.00824
170941000000,16.80570,5.96730,-0.34610,0.71655,0.00223,0.00324,-0.69752,0.03659,-1.49101,-0.00120
171040000000,16.80904,5.81638,-0.34851,0.71649,0.00203,0.00299,-0.69759,0.03372,-1.52443,-0.02429
171106000000,16.81112,5.71839,-0.34877,0.71642,0.00210,0.00304,-0.69766,0.03156,-1.48470,-0.00402
171172000000,16.81381,5.61954,-0.34926,0.71634,0.00218,0.00317,-0.69774,0.04075,-1.49775,-0.00734
171205000000,16.81509,5.57045,-0.34938,0.71641,0.00219,0.00329,-0.69767,0.03867,-1.48750,-0.00357
171271000000,16.81849,5.47087,-0.34974,0.71628,0.00221,0.00334,-0.69780,0.05153,-1.50884,-0.00546
171304000000,16.81987,5.42099,-0.35035,0.71627,0.00216,0.00327,-0.69781,0.04173,-1.51157,-0.01860
171370000000,16.82147,5.32574,-0.35032,0.71635,0.00211,0.00337,-0.69773,0.02436,-1.44308,0.00044
171436000000,16.82362,5.22737,-0.35088,0.71649,0.00219,0.00338,-0.69759,0.03254,-1.49048,-0.00843
171502000000,16.82656,5.12756,-0.35144,0.71646,0.00220,0.00349,-0.69762,0.04445,-1.51230,-0.00855
171568000000,16.82703,5.02886,-0.35166,0.71673,0.00220,0.00320,-0.69734,0.00720,-1.49543,-0.00327
171634000000,16.82910,4.93111,-0.35187,0.71689,0.00223,0.00306,-0.69718,0.03138,-1.48108,-0.00317
171700000000,16.83169,4.83247,-0.35260,0.71687,0.00224,0.00311,-0.69720,0.03925,-1.49458,-0.01105
171766000000,16.83438,4.73380,-0.35312,0.71703,0.00219,0.00322,-0.69703,0.04078,-1.49500,-0.00801
171799000000,16.83725,4.68867,-0.35187,0.71630,0.00218,0.00315,-0.69778,0.08687,-1.36770,0.03804
171832000000,16.83841,4.63894,-0.35196,0.71643,0.00236,0.00303,-0.69765,0.03526,-1.50691,-0.00260
171898000000,16.84036,4.54038,-0.35204,0.71648,0.00240,0.00326,-0.69760,0.02948,-1.49326,-0.00124
171931000000,16.84205,4.49071,-0.35235,0.71639,0.00241,0.00332,-0.69769,0.05127,-1.50529,-0.00956
171997000000,16.84415,4.39218,-0.35270,0.71657,0.00244,0.00336,-0.69751,0.03179,-1.49281,-0.00525
172030000000,16.84546,4.34220,-0.35315,0.71648,0.00254,0.00329,-0.69759,0.03971,-1.51458,-0.01355
172063000000,16.84674,4.29089,-0.35401,0.71661,0.00231,0.00322,-0.69747,0.03896,-1.55482,-0.02633
172129000000,16.84896,4.19196,-0.35524,0.71664,0.00233,0.00311,-0.69744,0.03355,-1.49899,-0.01849
172162000000,16.85064,4.14330,-0.35521,0.71654,0.00232,0.00326,-0.69753,0.05080,-1.47442,0.00068
172195000000,16.85225,4.09506,-0.35542,0.71640,0.00235,0.00330,-0.69767,0.04896,-1.46198,-0.00632
172261000000,16.85430,3.99937,-0.35623,0.71605,0.00228,0.00328,-0.69804,0.03101,-1.44981,-0.01218
172327000000,16.85406,3.90627,-0.35678,0.71501,0.00229,0.00320,-0.69910,-0.00367,-1.41056,-0.00844
172393000000,16.85399,3.81459,-0.35764,0.71358,0.00214,0.00313,-0.70056,-0.00092,-1.38914,-0.01305
172426000000,16.85299,3.76852,-0.35838,0.71265,0.00209,0.00310,-0.70151,-0.03046,-1.39601,-0.02241
172525000000,16.84876,3.63474,-0.35934,0.70826,0.00198,0.00321,-0.70594,-0.04269,-1.35134,-0.00967
172591000000,16.84008,3.54805,-0.35919,0.70442,0.00234,0.00281,-0.70978,-0.13161,-1.31341,0.00226
172624000000,16.83562,3.50591,-0.35933,0.70212,0.00240,0.00276,-0.71205,-0.13496,-1.27706,-0.00413
172657000000,16.83061,3.46391,-0.35943,0.69973,0.00245,0.00283,-0.71439,-0.15184,-1.27269,-0.00295
172690000000,16.82564,3.42198,-0.35980,0.69709,0.00239,0.00282,-0.71698,-0.15080,-1.27073,-0.01143
172723000000,16.82056,3.37971,-0.36013,0.69429,0.00244,0.00281,-0.71969,-0.15369,-1.28075,-0.00998
172822000000,16.80296,3.25488,-0.36066,0.68631,0.00237,0.00289,-0.72730,-0.17785,-1.26093,-0.00529
172888000000,16.78953,3.17217,-0.36086,0.68194,0.00245,0.00286,-0.73140,-0.20345,-1.25316,-0.00301
172954000000,16.77632,3.08691,-0.36112,0.67761,0.00248,0.00297,-0.73541,-0.20021,-1.29192,-0.00395
172987000000,16.76943,3.04294,-0.36137,0.67552,0.00253,0.00298,-0.73733,-0.20854,-1.33232,-0.00775
173053000000,16.75479,2.95223,-0.36214,0.67145,0.00247,0.00299,-0.74104,-0.22183,-1.37434,-0.01159
173086000000,16.74722,2.90493,-0.36267,0.66916,0.00238,0.00303,-0.74311,-0.22940,-1.43334,-0.01617
173152000000,16.73043,2.80813,-0.36465,0.66390,0.00224,0.00217,-0.74781,-0.25443,-1.46667,-0.03005
173185000000,16.72141,2.76052,-0.36525,0.66109,0.00219,0.00214,-0.75030,-0.27333,-1.44294,-0.01798
173218000000,16.71096,2.71300,-0.36535,0.65842,0.00224,0.00218,-0.75264,-0.31668,-1.43996,-0.00304
173251000000,16.70068,2.66574,-0.36531,0.65546,0.00233,0.00230,-0.75523,-0.31142,-1.43211,0.00109
173284000000,16.69028,2.61848,-0.36540,0.65226,0.00226,0.00238,-0.75799,-0.31523,-1.43210,-0.00267
173350000000,16.66650,2.52514,-0.36555,0.64519,0.00237,0.00256,-0.76401,-0.36026,-1.41419,-0.00220
173383000000,16.65206,2.47895,-0.36444,0.64158,0.00207,0.00243,-0.76705,-0.43782,-1.39970,0.03349
173416000000,16.63884,2.43445,-0.36431,0.63806,0.00219,0.00250,-0.76998,-0.40043,-1.34867,0.00382
173482000000,16.61248,2.34954,-0.36460,0.63164,0.00223,0.00247,-0.77525,-0.39947,-1.28647,-0.00434
173548000000,16.58632,2.26599,-0.36569,0.62597,0.00208,0.00235,-0.77984,-0.39624,-1.26586,-0.01644
173581000000,16.57323,2.22553,-0.36610,0.62324,0.00206,0.00232,-0.78203,-0.39696,-1.22605,-0.01252
173647000000,16.54677,2.14766,-0.36602,0.61823,0.00219,0.00243,-0.78599,-0.40086,-1.17989,0.00117
173713000000,16.52162,2.07257,-0.36505,0.61319,0.00263,0.00244,-0.78993,-0.38109,-1.13769,0.01472
173746000000,16.50680,2.03420,-0.36509,0.61054,0.00279,0.00245,-0.79198,-0.44898,-1.16293,-0.00122
173779000000,16.49333,1.99572,-0.36569,0.60740,0.00272,0.00243,-0.79439,-0.40811,-1.16591,-0.01826
173812000000,16.47849,1.95675,-0.36599,0.60449,0.00269,0.00241,-0.79661,-0.44973,-1.18079,-0.00916
173845000000,16.46306,1.91780,-0.36624,0.60130,0.00267,0.00249,-0.79902,-0.46747,-1.18036,-0.00743
173878000000,16.44384,1.87441,-0.36627,0.59836,0.00279,0.00248,-0.80122,-0.58255,-1.31491,-0.00091
173977000000,16.39073,1.75079,-0.36717,0.58795,0.00274,0.00243,-0.80889,-0.53647,-1.24872,-0.00912
174010000000,16.37330,1.71006,-0.36766,0.58486,0.00270,0.00242,-0.81112,-0.52805,-1.23414,-0.01490
174076000000,16.33702,1.62960,-0.36775,0.57969,0.00280,0.00259,-0.81483,-0.54975,-1.21916,-0.00136
174142000000,16.30077,1.54675,-0.36786,0.57415,0.00289,0.00273,-0.81874,-0.54929,-1.25525,-0.00165
174208000000,16.26165,1.46048,-0.36995,0.56724,0.00215,0.00236,-0.82355,-0.59267,-1.30704,-0.03161
174274000000,16.21747,1.37368,-0.37021,0.55984,0.00223,0.00239,-0.82859,-0.66942,-1.31524,-0.00394
174307000000,16.19436,1.32964,-0.37030,0.55543,0.00229,0.00247,-0.83156,-0.70046,-1.33454,-0.00262
174373000000,16.14536,1.24150,-0.37079,0.54498,0.00233,0.00268,-0.83844,-0.74228,-1.33550,-0.00749
174439000000,16.09319,1.15568,-0.37344,0.53257,0.00190,0.00220,-0.84638,-0.79054,-1.30026,-0.04014
174472000000,16.06719,1.11563,-0.37342,0.52670,0.00191,0.00229,-0.85004,-0.78797,-1.21345,0.00056
174505000000,16.04012,1.07634,-0.37401,0.52118,0.00188,0.00233,-0.85344,-0.82004,-1.19077,-0.01787
174571000000,15.98817,1.00148,-0.37295,0.51135,0.00252,0.00212,-0.85937,-0.78726,-1.13423,0.01604
174604000000,15.96143,0.96749,-0.37327,0.50658,0.00241,0.00201,-0.86219,-0.81007,-1.02998,-0.00963
174637000000,15.93501,0.93389,-0.37336,0.50131,0.00248,0.00206,-0.86526,-0.80074,-1.01828,-0.00267
174670000000,15.90886,0.90124,-0.37347,-0.49589,-0.00241,-0.00203,0.86838,-0.79247,-0.98940,-0.00339
174736000000,15.85565,0.83813,-0.37405,-0.48380,-0.00247,-0.00197,0.87517,-0.80622,-0.95620,-0.00877
174769000000,15.82866,0.80845,-0.37434,-0.47742,-0.00245,-0.00199,0.87867,-0.81767,-0.89940,-0.00887
174835000000,15.77492,0.75178,-0.37499,-0.46347,-0.00240,-0.00208,0.88611,-0.81426,-0.85864,-0.00979
174868000000,15.74773,0.72642,-0.37481,-0.45638,-0.00244,-0.00207,0.88978,-0.82415,-0.76843,0.00541
174901000000,15.72253,0.69780,-0.37660,-0.44766,-0.00172,-0.00135,0.89420,-0.76358,-0.86735,-0.05424
174967000000,15.66926,0.65155,-0.37686,-0.43295,-0.00173,-0.00140,0.90142,-0.80711,-0.70069,-0.00397
175000000000,15.64331,0.63057,-0.37698,-0.42632,-0.00172,-0.00134,0.90457,-0.78632,-0.63591,-0.00364
175066000000,15.59207,0.59152,-0.37718,-0.41461,-0.00183,-0.00137,0.91000,-0.77633,-0.59165,-0.00295
175132000000,15.54395,0.55507,-0.37740,-0.40530,-0.00180,-0.00148,0.91418,-0.72907,-0.55218,-0.00345
175198000000,15.49279,0.51812,-0.37957,-0.39791,-0.00185,-0.00025,0.91742,-0.77525,-0.55997,-0.03285
175264000000,15.44284,0.48083,-0.37992,-0.39125,-0.00180,-0.00011,0.92028,-0.75675,-0.56490,-0.00530
175297000000,15.41676,0.46143,-0.37987,-0.38746,-0.00187,-0.00012,0.92188,-0.79025,-0.58793,0.00152
175330000000,15.39004,0.44172,-0.38003,-0.38337,-0.00188,-0.00015,0.92359,-0.80987,-0.59743,-0.00467
175363000000,15.36294,0.42145,-0.38003,-0.37868,-0.00181,-0.00024,0.92553,-0.82120,-0.61400,-0.00026
175396000000,15.33480,0.40187,-0.37999,-0.37420,-0.00187,-0.00026,0.92734,-0.85267,-0.59342,0.00150
175429000000,15.30565,0.38179,-0.38022,-0.36983,-0.00183,-0.00035,0.92910,-0.88336,-0.60841,-0.00708
175495000000,15.24960,0.34274,-0.37984,-0.36286,-0.00197,-0.00044,0.93184,-0.84917,-0.59179,0.00575
175561000000,15.19611,0.30547,-0.37977,-0.35722,-0.00210,-0.00039,0.93402,-0.81052,-0.56463,0.00106
175594000000,15.17021,0.28845,-0.38045,-0.35478,-0.00199,-0.00008,0.93495,-0.78464,-0.51569,-0.02052
175660000000,15.11883,0.25367,-0.38068,-0.34932,-0.00198,-0.00022,0.93700,-0.77852,-0.52696,-0.00349
175693000000,15.09128,0.23599,-0.37968,-0.34563,-0.00235,-0.00158,0.93837,-0.83478,-0.53597,0.03010
175726000000,15.06362,0.21878,-0.38016,-0.34245,-0.00226,-0.00140,0.93953,-0.83819,-0.52138,-0.01432
175759000000,15.03509,0.20081,-0.38054,-0.33884,-0.00220,-0.00140,0.94084,-0.86464,-0.54456,-0.01155
175858000000,14.94463,0.14774,-0.38142,-0.32513,-0.00223,-0.00146,0.94567,-0.91375,-0.53610,-0.00895
175924000000,14.88592,0.11594,-0.38229,-0.31471,-0.00194,-0.00128,0.94918,-0.88952,-0.48174,-0.01318
175957000000,14.85887,0.10190,-0.38292,-0.30983,-0.00187,-0.00117,0.95079,-0.81987,-0.42540,-0.01912
175990000000,14.83135,0.08777,-0.38289,-0.30524,-0.00193,-0.00123,0.95227,-0.83392,-0.42826,0.00093
176023000000,14.80450,0.07426,-0.38301,-0.30120,-0.00186,-0.00115,0.95356,-0.81348,-0.40937,-0.00343
176089000000,14.75537,0.04959,-0.38200,-0.29458,-0.00197,-0.00040,0.95562,-0.74449,-0.37375,0.01526
176122000000,14.72994,0.03762,-0.38196,-0.29168,-0.00194,-0.00031,0.95651,-0.77063,-0.36290,0.00112
176155000000,14.70539,0.02560,-0.38174,-0.28857,-0.00198,-0.00021,0.95746,-0.74381,-0.36422,0.00665
176188000000,14.67910,0.01321,-0.38193,-0.28509,-0.00199,-0.00026,0.95850,-0.79658,-0.37547,-0.00571
176221000000,14.65251,0.00097,-0.38213,-0.28127,-0.00193,-0.00027,0.95963,-0.80574,-0.37070,-0.00587
176287000000,14.59581,-0.02373,-0.38262,-0.27273,-0.00193,-0.00036,0.96209,-0.85920,-0.37434,-0.00742
176386000000,14.51497,-0.05859,-0.38341,-0.26241,-0.00188,-0.00034,0.96495,-0.81648,-0.35210,-0.00807
176452000000,14.46544,-0.08008,-0.38327,-0.25790,-0.00200,-0.00061,0.96617,-0.75056,-0.32560,0.00223
176485000000,14.44126,-0.09061,-0.38336,-0.25570,-0.00200,-0.00077,0.96675,-0.73271,-0.31915,-0.00265
176518000000,14.41704,-0.10067,-0.38337,-0.25371,-0.00199,-0.00080,0.96728,-0.73404,-0.30486,-0.00038
176551000000,14.39262,-0.11133,-0.38340,-0.25151,-0.00202,-0.00074,0.96785,-0.73979,-0.32315,-0.00102
176584000000,14.36713,-0.12186,-0.38343,-0.24921,-0.00205,-0.00086,0.96845,-0.77239,-0.31904,-0.00094
176617000000,14.33923,-0.13320,-0.38387,-0.24741,-0.00210,-0.00001,0.96891,-0.84548,-0.34369,-0.01321
176716000000,14.25653,-0.16492,-0.38361,-0.23786,-0.00216,0.00015,0.97130,-0.83539,-0.32035,0.00258
176749000000,14.22776,-0.17547,-0.38341,-0.23390,-0.00221,0.00011,0.97226,-0.87175,-0.31986,0.00602
176815000000,14.17042,-0.19535,-0.38356,-0.22627,-0.00224,0.00007,0.97406,-0.86875,-0.30115,-0.00218
176881000000,14.11476,-0.21414,-0.38400,-0.22018,-0.00223,0.00004,0.97546,-0.84334,-0.28473,-0.00671
176914000000,14.08737,-0.22405,-0.38442,-0.21776,-0.00228,-0.00018,0.97600,-0.83010,-0.30031,-0.01259
176947000000,14.06157,-0.23296,-0.38468,-0.21566,-0.00222,-0.00011,0.97647,-0.78175,-0.26982,-0.00792
176980000000,14.03634,-0.24156,-0.38500,-0.21346,-0.00216,-0.00004,0.97695,-0.76447,-0.26070,-0.00983
177046000000,13.98638,-0.25802,-0.38531,-0.20873,-0.00216,-0.00018,0.97797,-0.75699,-0.24937,-0.00460
177079000000,13.96177,-0.26424,-0.38397,-0.20649,-0.00197,0.00105,0.97845,-0.74583,-0.18850,0.04055
177112000000,13.93517,-0.27245,-0.38430,-0.20350,-0.00191,0.00107,0.97907,-0.80603,-0.24882,-0.01008
177145000000,13.90784,-0.28050,-0.38447,-0.20013,-0.00188,0.00117,0.97977,-0.82831,-0.24401,-0.00501
177178000000,13.87940,-0.28830,-0.38478,-0.19665,-0.00181,0.00114,0.98047,-0.86177,-0.23617,-0.00951
177244000000,13.82250,-0.30378,-0.38480,-0.18919,-0.00196,0.00109,0.98194,-0.86209,-0.23464,-0.00037
177277000000,13.79593,-0.31083,-0.38444,-0.18614,-0.00201,0.00110,0.98252,-0.80510,-0.21371,0.01099
177343000000,13.74345,-0.32476,-0.38403,-0.18137,-0.00216,0.00088,0.98341,-0.79526,-0.21103,0.00631
177376000000,13.71777,-0.33175,-0.38409,-0.17931,-0.00219,0.00085,0.98379,-0.77808,-0.21171,-0.00210
177409000000,13.69314,-0.33845,-0.38429,-0.17736,-0.00217,0.00083,0.98414,-0.74635,-0.20307,-0.00589
177475000000,13.64298,-0.35153,-0.38357,-0.17375,-0.00128,0.00168,0.98479,-0.75995,-0.19816,0.01087
177508000000,13.61574,-0.35901,-0.38337,-0.17174,-0.00142,0.00148,0.98514,-0.82562,-0.22681,0.00608
177574000000,13.55910,-0.37333,-0.38325,-0.16736,-0.00148,0.00151,0.98589,-0.85813,-0.21693,0.00178
177640000000,13.49860,-0.38792,-0.38337,-0.16325,-0.00147,0.00161,0.98658,-0.91674,-0.22099,-0.00173
177673000000,13.46709,-0.39562,-0.38378,-0.16121,-0.00143,0.00158,0.98692,-0.95469,-0.23353,-0.01238
177739000000,13.40126,-0.41153,-0.38434,-0.15739,-0.00143,0.00147,0.98753,-0.99737,-0.24106,-0.00853
177772000000,13.36729,-0.41988,-0.38436,-0.15556,-0.00147,0.00156,0.98782,-1.02951,-0.25301,-0.00072
177838000000,13.29786,-0.43600,-0.38477,-0.15186,-0.00144,0.00172,0.98840,-1.05196,-0.24416,-0.00624
177871000000,13.26149,-0.44465,-0.38468,-0.14998,-0.00149,0.00170,0.98869,-1.10227,-0.26217,0.00271
177937000000,13.18737,-0.46231,-0.38478,-0.14619,-0.00147,0.00179,0.98925,-1.12304,-0.26761,-0.00147
177970000000,13.15377,-0.47162,-0.38492,-0.14462,-0.00165,0.00162,0.98948,-1.01815,-0.28200,-0.00432
178003000000,13.11521,-0.47998,-0.38490,-0.14221,-0.00162,0.00168,0.98983,-1.16845,-0.25338,0.00068
178036000000,13.07578,-0.48845,-0.38504,-0.13947,-0.00168,0.00164,0.99022,-1.19464,-0.25664,-0.00428
178102000000,12.99612,-0.50396,-0.38565,-0.13350,-0.00168,0.00170,0.99105,-1.20706,-0.23499,-0.00915
178168000000,12.92199,-0.51740,-0.38582,-0.12692,-0.00163,0.00191,0.99191,-1.12315,-0.20369,-0.00257
178267000000,12.81307,-0.53559,-0.38632,-0.11926,-0.00158,0.00195,0.99286,-1.10019,-0.18378,-0.00508
178333000000,12.73836,-0.54603,-0.38821,-0.11497,-0.00164,0.00172,0.99337,-1.13194,-0.15815,-0.02866
178366000000,12.70333,-0.55169,-0.38771,-0.11316,-0.00172,0.00182,0.99357,-1.06158,-0.17142,0.01523
178432000000,12.63067,-0.56356,-0.38763,-0.10937,-0.00162,0.00221,0.99400,-1.10093,-0.17993,0.00116
178465000000,12.59317,-0.56915,-0.38743,-0.10759,-0.00168,0.00224,0.99419,-1.13646,-0.16934,0.00615
178498000000,12.55430,-0.57507,-0.38777,-0.10574,-0.00158,0.00234,0.99439,-1.17785,-0.17919,-0.01032
178531000000,12.51470,-0.58098,-0.38779,-0.10400,-0.00158,0.00240,0.99457,-1.20001,-0.17926,-0.00073
178597000000,12.43505,-0.59313,-0.38641,-0.10091,-0.00146,0.00283,0.99489,-1.20683,-0.18408,0.02096
178630000000,12.39302,-0.59926,-0.38629,-0.09916,-0.00147,0.00290,0.99507,-1.27353,-0.18566,0.00371
178663000000,12.35040,-0.60548,-0.38624,-0.09739,-0.00147,0.00301,0.99524,-1.29148,-0.18850,0.00137
178696000000,12.30698,-0.61154,-0.38641,-0.09584,-0.00145,0.00308,0.99539,-1.31584,-0.18357,-0.00501
178729000000,12.26298,-0.61829,-0.38642,-0.09407,-0.00136,0.00323,0.99556,-1.33318,-0.20459,-0.00050
178795000000,12.17215,-0.63086,-0.38663,-0.09089,-0.00132,0.00328,0.99585,-1.37625,-0.19056,-0.00310
178861000000,12.07858,-0.64471,-0.38495,-0.08759,-0.00132,0.00303,0.99615,-1.41778,-0.20977,0.02537
178894000000,12.03033,-0.65123,-0.38482,-0.08605,-0.00131,0.00312,0.99629,-1.46204,-0.19749,0.00409
178960000000,11.93120,-0.66437,-0.38484,-0.08306,-0.00140,0.00309,0.99654,-1.50202,-0.19917,-0.00030
179026000000,11.83162,-0.67767,-0.38523,-0.08006,-0.00142,0.00315,0.99678,-1.50868,-0.20149,-0.00591
179059000000,11.78237,-0.68361,-0.38513,-0.07874,-0.00144,0.00316,0.99689,-1.49253,-0.18000,0.00313
179092000000,11.73145,-0.68987,-0.38597,-0.07738,-0.00121,0.00324,0.99700,-1.54316,-0.18972,-0.02554
179125000000,11.68338,-0.69172,-0.38674,-0.07439,-0.00121,0.00309,0.99722,-1.45641,-0.05605,-0.02327
179224000000,11.53946,-0.69595,-0.38940,-0.05725,-0.00108,0.00339,0.99835,-1.45378,-0.04271,-0.02694
179257000000,11.49131,-0.69565,-0.39003,-0.05207,-0.00100,0.00332,0.99864,-1.45895,0.00917,-0.01909
179323000000,11.39457,-0.69550,-0.39094,-0.04331,-0.00100,0.00316,0.99906,-1.46578,0.00217,-0.01372
179389000000,11.27288,-0.73458,-0.40532,-0.03470,-0.00056,0.00491,0.99939,-1.84390,-0.59203,-0.21787
179422000000,11.22369,-0.73491,-0.40598,-0.03155,-0.00058,0.00464,0.99949,-1.49062,-0.00999,-0.02016
179455000000,11.17499,-0.73629,-0.40652,-0.02855,-0.00053,0.00454,0.99958,-1.47554,-0.04196,-0.01612
179488000000,11.13181,-0.73569,-0.40158,-0.02522,-0.00015,0.00418,0.99967,-1.30861,0.01832,0.14962
179521000000,11.08818,-0.72449,-0.39714,-0.02492,-0.00075,0.00507,0.99968,-1.32208,0.33929,0.13458
179620000000,10.94370,-0.72223,-0.39646,-0.02023,-0.00087,0.00547,0.99978,-1.45938,0.02279,0.00682
179686000000,10.84718,-0.72210,-0.39410,-0.01774,-0.00115,0.00561,0.99983,-1.46243,0.00206,0.03580
179752000000,10.74825,-0.72356,-0.39539,-0.01535,-0.00090,0.00576,0.99987,-1.49902,-0.02217,-0.01959
179785000000,10.70484,-0.71443,-0.38566,-0.01326,-0.00046,0.00656,0.99989,-1.31526,0.27673,0.29498
179818000000,10.65997,-0.70794,-0.38413,-0.01384,-0.00051,0.00766,0.99987,-1.35977,0.19673,0.04628
179884000000,10.56282,-0.70782,-0.38479,-0.01261,-0.00021,0.00801,0.99989,-1.47201,0.00181,-0.00998
179917000000,10.51332,-0.70736,-0.38466,-0.01235,-0.00019,0.00821,0.99989,-1.49987,0.01395,0.00401
179983000000,10.41403,-0.70731,-0.38506,-0.01114,-0.00012,0.00851,0.99990,-1.50446,0.00064,-0.00607
180016000000,10.36461,-0.70755,-0.38523,-0.01066,-0.00008,0.00844,0.99991,-1.49753,-0.00699,-0.00522
180049000000,10.31468,-0.70783,-0.38537,-0.01009,-0.00018,0.00833,0.99991,-1.51305,-0.00863,-0.00413
180082000000,10.26499,-0.70817,-0.38524,-0.00955,-0.00015,0.00847,0.99992,-1.50565,-0.01038,0.00389
180115000000,10.21088,-0.70546,-0.37702,-0.00943,0.00065,0.01230,0.99988,-1.63966,0.08236,0.24901
180148000000,10.16242,-0.70618,-0.37667,-0.00908,0.00068,0.01214,0.99988,-1.46843,-0.02182,0.01053
180181000000,10.11382,-0.70640,-0.37610,-0.00870,0.00053,0.01216,0.99989,-1.47291,-0.00675,0.01734
180247000000,10.01515,-0.70737,-0.37566,-0.00769,0.00052,0.01226,0.99990,-1.49503,-0.01475,0.00660
180280000000,9.96552,-0.70805,-0.37482,-0.00719,0.00039,0.01222,0.99990,-1.50394,-0.02052,0.02551
180313000000,9.91667,-0.70797,-0.37460,-0.00689,0.00039,0.01215,0.99990,-1.48025,0.00247,0.00691
180346000000,9.86686,-0.70802,-0.37468,-0.00650,0.00044,0.01222,0.99990,-1.50929,-0.00165,-0.00255
180412000000,9.76433,-0.70224,-0.37502,-0.00551,0.00053,0.01162,0.99992,-1.55358,0.08758,-0.00520
180445000000,9.71464,-0.70251,-0.37493,-0.00514,0.00046,0.01145,0.99992,-1.50574,-0.00827,0.00294
180511000000,9.61519,-0.70253,-0.37491,-0.00436,0.00047,0.01144,0.99992,-1.50681,-0.00029,0.00017
180544000000,9.56530,-0.70239,-0.37528,-0.00402,0.00043,0.01129,0.99993,-1.51175,0.00420,-0.01117
180577000000,9.51577,-0.70271,-0.37544,-0.00368,0.00056,0.01122,0.99993,-1.50074,-0.00966,-0.00465
180676000000,9.36716,-0.70237,-0.37510,-0.00282,0.00053,0.01137,0.99993,-1.50112,0.00345,0.00337
180709000000,9.31710,-0.69998,-0.37597,-0.00273,0.00069,0.01081,0.99994,-1.51718,0.07251,-0.02639
180775000000,9.21836,-0.70002,-0.37557,-0.00209,0.00057,0.01075,0.99994,-1.49607,-0.00064,0.00616
180841000000,9.12045,-0.70028,-0.37504,-0.00153,0.00049,0.01057,0.99994,-1.48337,-0.00394,0.00803
180874000000,9.07136,-0.70056,-0.37466,-0.00122,0.00044,0.01042,0.99994,-1.48765,-0.00848,0.01156
180907000000,9.02190,-0.70079,-0.37461,-0.00090,0.00047,0.01041,0.99995,-1.49894,-0.00685,0.00138
180973000000,8.92230,-0.70023,-0.37458,-0.00053,0.00045,0.01049,0.99994,-1.50897,0.00845,0.00043
181006000000,8.87335,-0.70002,-0.37425,-0.00034,0.00037,0.01054,0.99994,-1.48337,0.00648,0.00994
181072000000,8.77810,-0.70072,-0.37025,0.00042,0.00048,0.00972,0.99995,-1.44326,-0.01064,0.06069
181138000000,8.67772,-0.70112,-0.37059,0.00117,0.00045,0.00942,0.99995,-1.52084,-0.00615,-0.00509
181171000000,8.62843,-0.70128,-0.37081,0.00146,0.00043,0.00931,0.99996,-1.49380,-0.00459,-0.00683
181237000000,8.53037,-0.70002,-0.37030,0.00168,0.00045,0.00945,0.99995,-1.48577,0.01903,0.00769
181270000000,8.48083,-0.69978,-0.37047,0.00184,0.00046,0.00927,0.99996,-1.50105,0.00740,-0.00493
181303000000,8.43108,-0.69903,-0.37021,0.00187,0.00035,0.00933,0.99995,-1.50773,0.02256,0.00777
181336000000,8.38168,-0.69867,-0.37008,0.00202,0.00031,0.00928,0.99995,-1.49675,0.01091,0.00392
181402000000,8.27827,-0.69479,-0.37276,0.00255,0.00050,0.00879,0.99996,-1.56684,0.05877,-0.04067
181435000000,8.22858,-0.69501,-0.37296,0.00273,0.00057,0.00880,0.99996,-1.50594,-0.00663,-0.00591
181468000000,8.17907,-0.69495,-0.37286,0.00292,0.00057,0.00879,0.99996,-1.50027,0.00197,0.00305
181501000000,8.12988,-0.69439,-0.37244,0.00305,0.00053,0.00893,0.99996,-1.49045,0.01697,0.01266
181534000000,8.08021,-0.69432,-0.37223,0.00309,0.00051,0.00900,0.99995,-1.50524,0.00197,0.00626
181567000000,8.03070,-0.69397,-0.37213,0.00324,0.00057,0.00899,0.99995,-1.50022,0.01061,0.00310
181633000000,7.93149,-0.69280,-0.37230,0.00338,0.00055,0.00880,0.99996,-1.50322,0.01772,-0.00251
181666000000,7.88027,-0.69084,-0.37345,0.00372,0.00065,0.00847,0.99996,-1.55226,0.05930,-0.03496
181732000000,7.78162,-0.68982,-0.37301,0.00382,0.00063,0.00835,0.99996,-1.49464,0.01548,0.00676
181798000000,7.68225,-0.68906,-0.37244,0.00417,0.00047,0.00831,0.99996,-1.50555,0.01163,0.00859
181831000000,7.63303,-0.68908,-0.37247,0.00435,0.00043,0.00813,0.99996,-1.49172,-0.00076,-0.00081
181897000000,7.53326,-0.68758,-0.37273,0.00449,0.00052,0.00823,0.99996,-1.51162,0.02272,-0.00399
181930000000,7.48121,-0.68193,-0.37349,0.00478,0.00066,0.00794,0.99996,-1.57735,0.17119,-0.02295
181963000000,7.43175,-0.68151,-0.37320,0.00486,0.00045,0.00775,0.99996,-1.49867,0.01277,0.00852
181996000000,7.38168,-0.68086,-0.37358,0.00483,0.00049,0.00772,0.99996,-1.51714,0.01977,-0.01126
182062000000,7.28268,-0.67926,-0.37396,0.00490,0.00055,0.00756,0.99996,-1.50005,0.02414,-0.00580
182095000000,7.23301,-0.67883,-0.37397,0.00493,0.00055,0.00755,0.99996,-1.50507,0.01305,-0.00047
182161000000,7.13346,-0.67734,-0.37412,0.00505,0.00053,0.00756,0.99996,-1.50837,0.02265,-0.00225
182194000000,7.08247,-0.67348,-0.37243,0.00566,0.00051,0.00750,0.99996,-1.54505,0.11701,0.05134
182260000000,6.98318,-0.67245,-0.37236,0.00573,0.00052,0.00756,0.99995,-1.50454,0.01561,0.00097
182293000000,6.93349,-0.67178,-0.37236,0.00593,0.00044,0.00745,0.99995,-1.50562,0.02034,0.00018
182359000000,6.83479,-0.67026,-0.37261,0.00597,0.00058,0.00751,0.99995,-1.49538,0.02298,-0.00384
182392000000,6.78572,-0.67006,-0.37294,0.00619,0.00079,0.00761,0.99995,-1.48727,0.00611,-0.00994
182425000000,6.73572,-0.66923,-0.37307,0.00612,0.00073,0.00751,0.99995,-1.51501,0.02509,-0.00386
182458000000,6.68574,-0.66529,-0.37135,0.00654,0.00063,0.00738,0.99995,-1.51458,0.11932,0.05209
182524000000,6.58695,-0.66376,-0.37176,0.00665,0.00075,0.00715,0.99995,-1.49681,0.02323,-0.00625
182557000000,6.53752,-0.66340,-0.37157,0.00673,0.00068,0.00716,0.99995,-1.49779,0.01093,0.00578
182590000000,6.48793,-0.66248,-0.37151,0.00684,0.00067,0.00733,0.99995,-1.50270,0.02780,0.00192
182656000000,6.38879,-0.66093,-0.37139,0.00689,0.00059,0.00730,0.99995,-1.50212,0.02345,0.00176
182689000000,6.33979,-0.66022,-0.37136,0.00690,0.00062,0.00724,0.99995,-1.48493,0.02173,0.00105
182722000000,6.28996,-0.65942,-0.37134,0.00696,0.00063,0.00725,0.99995,-1.51009,0.02408,0.00037
182788000000,6.18993,-0.65764,-0.37134,0.00686,0.00066,0.00731,0.99995,-1.51555,0.02701,-0.00001
182854000000,6.08948,-0.65459,-0.37068,0.00732,0.00093,0.00677,0.99995,-1.52191,0.04626,0.01010
182887000000,6.03895,-0.65405,-0.37048,0.00737,0.00080,0.00679,0.99995,-1.53123,0.01639,0.00588
182920000000,5.98941,-0.65314,-0.37058,0.00744,0.00084,0.00678,0.99995,-1.50146,0.02746,-0.00304
182953000000,5.94030,-0.65236,-0.37037,0.00749,0.00079,0.00694,0.99995,-1.48809,0.02361,0.00645
183019000000,5.83765,-0.64894,-0.36947,0.00769,0.00060,0.00700,0.99995,-1.55530,0.05188,0.01363
183085000000,5.74023,-0.64768,-0.36925,0.00773,0.00074,0.00693,0.99995,-1.47600,0.01902,0.00333
183118000000,5.69091,-0.64763,-0.36868,0.00782,0.00060,0.00692,0.99995,-1.49471,0.00145,0.01726
183184000000,5.59120,-0.64637,-0.36922,0.00784,0.00067,0.00656,0.99995,-1.51077,0.01922,-0.00819
183250000000,5.49224,-0.64506,-0.36933,0.00795,0.00074,0.00647,0.99995,-1.49931,0.01978,-0.00163
183283000000,5.44274,-0.64424,-0.36923,0.00797,0.00075,0.00646,0.99995,-1.50000,0.02480,0.00293
183316000000,5.39337,-0.64355,-0.36897,0.00801,0.00076,0.00656,0.99995,-1.49608,0.02100,0.00792
183382000000,5.29747,-0.64514,-0.36823,0.00805,0.00089,0.00681,0.99994,-1.45313,-0.02407,0.01125
183415000000,5.24815,-0.64405,-0.36881,0.00809,0.00106,0.00682,0.99994,-1.49445,0.03305,-0.01747
183481000000,5.14970,-0.64173,-0.36837,0.00788,0.00101,0.00677,0.99995,-1.49163,0.03506,0.00662
183514000000,5.09999,-0.64082,-0.36835,0.00784,0.00100,0.00683,0.99995,-1.50626,0.02766,0.00057
183613000000,4.95103,-0.63858,-0.36766,0.00803,0.00090,0.00684,0.99994,-1.50469,0.02266,0.00697
183679000000,4.84650,-0.63459,-0.36933,0.00830,0.00085,0.00656,0.99994,-1.58383,0.06037,-0.02532
183745000000,4.74731,-0.63375,-0.36925,0.00856,0.00083,0.00650,0.99994,-1.50288,0.01277,0.00122
183811000000,4.64774,-0.63217,-0.36938,0.00862,0.00083,0.00643,0.99994,-1.50857,0.02392,-0.00189
183844000000,4.59846,-0.63118,-0.36932,0.00868,0.00082,0.00636,0.99994,-1.49345,0.02999,0.00158
183910000000,4.49919,-0.62880,-0.36903,0.00845,0.00074,0.00645,0.99994,-1.50409,0.03616,0.00439
184009000000,4.35020,-0.62524,-0.36974,0.00867,0.00090,0.00634,0.99994,-1.50497,0.03592,-0.00712
184075000000,4.25268,-0.62333,-0.36955,0.00876,0.00087,0.00630,0.99994,-1.47755,0.02898,0.00289
184108000000,4.20554,-0.62229,-0.36924,0.00900,0.00081,0.00629,0.99994,-1.42843,0.03151,0.00940
184141000000,4.15837,-0.62109,-0.36927,0.00920,0.00086,0.00626,0.99994,-1.42940,0.03618,-0.00095
184174000000,4.10988,-0.61845,-0.36883,0.00967,0.00091,0.00641,0.99993,-1.46948,0.08018,0.01320
184240000000,4.01707,-0.61506,-0.36870,0.01139,0.00089,0.00637,0.99991,-1.40617,0.05136,0.00195
184273000000,3.97103,-0.61337,-0.36854,0.01271,0.00083,0.00617,0.99990,-1.39525,0.05119,0.00505
184306000000,3.92558,-0.61076,-0.36868,0.01431,0.00092,0.00635,0.99988,-1.37708,0.07912,-0.00422
184405000000,3.79728,-0.59846,-0.36746,0.02020,0.00075,0.00642,0.99977,-1.29600,0.12425,0.01230
184438000000,3.75433,-0.59327,-0.36743,0.02274,0.00073,0.00644,0.99972,-1.30148,0.15710,0.00087
184471000000,3.71122,-0.58741,-0.36780,0.02574,0.00100,0.00667,0.99965,-1.30635,0.17759,-0.01111
184537000000,3.62521,-0.57495,-0.36755,0.03329,0.00090,0.00665,0.99942,-1.30319,0.18885,0.00372
184603000000,3.53937,-0.55901,-0.36776,0.04118,0.00093,0.00677,0.99913,-1.30055,0.24146,-0.00322
184636000000,3.49933,-0.55033,-0.36626,0.04485,0.00073,0.00675,0.99897,-1.21343,0.26315,0.04547
184702000000,3.41255,-0.53282,-0.36625,0.05360,0.00068,0.00677,0.99854,-1.31484,0.26523,0.00025
184735000000,3.36857,-0.52403,-0.36614,0.05766,0.00057,0.00673,0.99831,-1.33272,0.26625,0.00331
184768000000,3.32438,-0.51465,-0.36611,0.06128,0.00058,0.00679,0.99810,-1.33915,0.28443,0.00089
184834000000,3.23164,-0.49358,-0.36607,0.06829,0.00024,0.00625,0.99765,-1.40518,0.31918,0.00064
184867000000,3.18490,-0.48285,-0.36660,0.07155,0.00034,0.00627,0.99742,-1.41616,0.32515,-0.01620
184933000000,3.08971,-0.45956,-0.36731,0.07803,0.00043,0.00631,0.99693,-1.44230,0.35289,-0.01077
184966000000,3.04181,-0.44796,-0.36707,0.08193,0.00034,0.00637,0.99662,-1.45147,0.35146,0.00721
185032000000,2.94621,-0.42170,-0.36708,0.09010,0.00020,0.00636,0.99591,-1.44848,0.39800,-0.00004
185065000000,2.90070,-0.40998,-0.36778,0.09492,0.00016,0.00611,0.99547,-1.37906,0.35512,-0.02143
185098000000,2.85425,-0.39616,-0.36749,0.09959,0.00015,0.00614,0.99501,-1.40768,0.41869,0.00899
185164000000,2.76096,-0.36604,-0.36716,0.10964,0.00010,0.00615,0.99395,-1.41346,0.45641,0.00489
185197000000,2.71451,-0.34949,-0.36725,0.11537,0.00003,0.00616,0.99330,-1.40772,0.50154,-0.00246
185230000000,2.66789,-0.33226,-0.36726,0.12139,-0.00007,0.00615,0.99259,-1.41258,0.52202,-0.00041
185329000000,2.53118,-0.27785,-0.36961,0.14112,0.00014,0.00630,0.98997,-1.38093,0.54962,-0.02374
185395000000,2.44469,-0.23785,-0.36902,0.15319,-0.00011,0.00633,0.98818,-1.31051,0.60600,0.00890
185428000000,2.40060,-0.21677,-0.36932,0.15843,-0.00010,0.00635,0.98735,-1.33589,0.63884,-0.00915
185494000000,2.31266,-0.17455,-0.36970,0.16774,-0.00022,0.00637,0.98581,-1.33245,0.63965,-0.00573
185527000000,2.27205,-0.15226,-0.36914,0.17185,-0.00042,0.00598,0.98511,-1.23077,0.67544,0.01711
185593000000,2.18443,-0.10823,-0.36950,0.18105,-0.00042,0.00583,0.98346,-1.32753,0.66708,-0.00548
185659000000,2.09736,-0.06107,-0.36989,0.19155,-0.00053,0.00595,0.98146,-1.31923,0.71466,-0.00589
185692000000,2.05365,-0.03614,-0.37033,0.19738,-0.00052,0.00601,0.98031,-1.32462,0.75543,-0.01347
185758000000,1.96885,0.01781,-0.37089,0.21016,-0.00032,0.00585,0.97765,-1.28486,0.81739,-0.00846
185791000000,1.92656,0.04455,-0.37084,0.21736,-0.00053,0.00575,0.97607,-1.28151,0.81037,0.00153
185824000000,1.88404,0.07280,-0.37111,0.22453,-0.00060,0.00575,0.97445,-1.28832,0.85607,-0.00808
185923000000,1.76463,0.15742,-0.37207,0.24349,-0.00060,0.00593,0.96989,-1.20617,0.85467,-0.00971
185989000000,1.68992,0.21297,-0.37245,0.25337,-0.00076,0.00553,0.96735,-1.13191,0.84179,-0.00585
186055000000,1.61514,0.26757,-0.37240,0.26087,-0.00105,0.00545,0.96536,-1.13313,0.82723,0.00082
186088000000,1.57697,0.29597,-0.37305,0.26441,-0.00090,0.00555,0.96440,-1.15645,0.86056,-0.01966
186154000000,1.50566,0.35728,-0.37406,0.27144,-0.00075,0.00526,0.96244,-1.08051,0.92895,-0.01532
186253000000,1.39210,0.44805,-0.37365,0.28493,-0.00084,0.00518,0.95854,-1.14704,0.91686,0.00414
186286000000,1.35421,0.47996,-0.37380,0.29009,-0.00092,0.00522,0.95698,-1.14843,0.96701,-0.00444
186319000000,1.31622,0.51252,-0.37391,0.29572,-0.00103,0.00511,0.95526,-1.15110,0.98668,-0.00342
186385000000,1.24259,0.57895,-0.37427,0.30815,-0.00120,0.00499,0.95132,-1.11557,1.00655,-0.00547
186484000000,1.13169,0.68393,-0.37793,0.32945,-0.00106,0.00511,0.94416,-1.12025,1.06039,-0.03692
186517000000,1.10029,0.71811,-0.37775,0.33585,-0.00117,0.00511,0.94190,-0.95154,1.03566,0.00528
186583000000,1.03947,0.78566,-0.37842,0.34738,-0.00113,0.00515,0.93771,-0.92143,1.02356,-0.01012
186616000000,1.00985,0.81874,-0.37847,0.35207,-0.00118,0.00508,0.93596,-0.89777,1.00243,-0.00150
186682000000,0.95046,0.88975,-0.37952,0.36023,-0.00117,0.00498,0.93285,-0.89975,1.07588,-0.01588
186748000000,0.88942,0.96183,-0.38037,0.36879,-0.00120,0.00509,0.92950,-0.92483,1.09211,-0.01291
186781000000,0.85857,0.99934,-0.38074,0.37368,-0.00126,0.00505,0.92754,-0.93483,1.13668,-0.01133
186847000000,0.80033,1.07515,-0.38020,0.38448,-0.00140,0.00516,0.92312,-0.88254,1.14864,0.00817
186880000000,0.77097,1.11474,-0.38056,0.39060,-0.00142,0.00519,0.92054,-0.88950,1.19963,-0.01068
186946000000,0.71508,1.19423,-0.38170,0.40365,-0.00142,0.00511,0.91490,-0.84689,1.20435,-0.01738
187012000000,0.66535,1.27508,-0.38240,0.41777,-0.00144,0.00488,0.90854,-0.75352,1.22510,-0.01056
187045000000,0.64236,1.31345,-0.38267,0.42400,-0.00151,0.00477,0.90565,-0.69645,1.16265,-0.00825
187144000000,0.57632,1.42559,-0.38374,0.43995,-0.00142,0.00478,0.89801,-0.66711,1.13275,-0.01081
187210000000,0.53475,1.49895,-0.38448,0.44758,-0.00159,0.00467,0.89423,-0.62985,1.11145,-0.01118
187243000000,0.51368,1.53524,-0.38492,0.45087,-0.00147,0.00510,0.89258,-0.63854,1.09968,-0.01322
187342000000,0.45133,1.65044,-0.38581,0.46293,-0.00163,0.00514,0.88638,-0.62982,1.16363,-0.00905
187441000000,0.39028,1.77432,-0.38721,0.47861,-0.00175,0.00512,0.87801,-0.61665,1.25135,-0.01409
187540000000,0.33478,1.89737,-0.38947,0.49420,-0.00189,0.00483,0.86933,-0.56056,1.24293,-0.02285
187573000000,0.31805,1.93647,-0.38973,0.49834,-0.00192,0.00479,0.86697,-0.50717,1.18475,-0.00792
187606000000,0.30184,1.97528,-0.39010,0.50192,-0.00196,0.00476,0.86490,-0.49109,1.17616,-0.01101
187705000000,0.25418,2.08730,-0.39189,0.51025,-0.00179,0.00519,0.86001,-0.48137,1.13152,-0.01816
187771000000,0.22540,2.15806,-0.39238,0.51528,-0.00168,0.00537,0.85700,-0.43615,1.07210,-0.00742
187837000000,0.19843,2.22629,-0.39324,0.52070,-0.00177,0.00522,0.85372,-0.40865,1.03383,-0.01306
187936000000,0.16315,2.32238,-0.39428,0.52973,-0.00183,0.00532,0.84815,-0.35635,0.97060,-0.01049
188002000000,0.14334,2.38121,-0.39505,0.53628,-0.00190,0.00510,0.84402,-0.30011,0.89135,-0.01157
188035000000,0.13620,2.40703,-0.39478,0.53959,-0.00191,0.00493,0.84191,-0.21634,0.78229,0.00807
188101000000,0.11971,2.46096,-0.39534,0.54661,-0.00196,0.00483,0.83737,-0.24994,0.81718,-0.00848
188134000000,0.11195,2.48764,-0.39608,0.54976,-0.00191,0.00482,0.83531,-0.23493,0.80848,-0.02240
188200000000,0.09808,2.53901,-0.39670,0.55509,-0.00192,0.00486,0.83177,-0.21016,0.77836,-0.00946
188266000000,0.08469,2.59123,-0.39709,0.56095,-0.00204,0.00481,0.82783,-0.20300,0.79121,-0.00588
188332000000,0.07046,2.64842,-0.39708,0.56778,-0.00211,0.00451,0.82316,-0.21553,0.86644,0.00011
188398000000,0.05890,2.70528,-0.39730,0.57553,-0.00219,0.00455,0.81776,-0.17522,0.86158,-0.00334
188464000000,0.04951,2.76195,-0.39801,0.58368,-0.00218,0.00454,0.81197,-0.14226,0.85856,-0.01075
188530000000,0.04182,2.81284,-0.39795,0.59134,-0.00222,0.00437,0.80641,-0.11643,0.77114,0.00097
188563000000,0.03841,2.83973,-0.39813,0.59478,-0.00220,0.00437,0.80388,-0.10340,0.81484,-0.00533
188629000000,0.03194,2.89117,-0.39834,0.60056,-0.00226,0.00432,0.79957,-0.09805,0.77935,-0.00329
188761000000,0.01602,3.00777,-0.39995,0.61096,-0.00224,0.00429,0.79165,-0.12055,0.88334,-0.01214
188794000000,0.01203,3.03928,-0.40039,0.61352,-0.00233,0.00422,0.78966,-0.12096,0.95476,-0.01337
188860000000,0.00761,3.09645,-0.39878,0.61837,-0.00244,0.00420,0.78588,-0.06704,0.86620,0.02436
188959000000,-0.00408,3.20057,-0.39997,0.62565,-0.00233,0.00427,0.78009,-0.11803,1.05174,-0.01201
188992000000,-0.00812,3.23646,-0.40046,0.62810,-0.00240,0.00419,0.77812,-0.12267,1.08757,-0.01475
189091000000,-0.01832,3.34969,-0.40066,0.63524,-0.00231,0.00408,0.77230,-0.10301,1.14374,-0.00205
189157000000,-0.02539,3.42837,-0.40152,0.63983,-0.00238,0.00401,0.76850,-0.10714,1.19206,-0.01299
189190000000,-0.02950,3.46939,-0.40208,0.64218,-0.00235,0.00401,0.76654,-0.12433,1.24302,-0.01697
189322000000,-0.04547,3.64255,-0.40366,0.65096,-0.00249,0.00394,0.75910,-0.12102,1.31184,-0.01203
189355000000,-0.04629,3.68377,-0.40249,0.65304,-0.00252,0.00392,0.75731,-0.02475,1.24905,0.03568
189421000000,-0.05266,3.77529,-0.40325,0.65714,-0.00250,0.00394,0.75375,-0.09655,1.38677,-0.01164
189520000000,-0.06202,3.91970,-0.40489,0.66323,-0.00248,0.00383,0.74840,-0.09449,1.45859,-0.01652
189619000000,-0.07020,4.07209,-0.40732,0.66880,-0.00249,0.00384,0.74343,-0.08269,1.53936,-0.02460
189652000000,-0.07375,4.12361,-0.40742,0.67067,-0.00239,0.00366,0.74174,-0.10756,1.56103,-0.00301
189751000000,-0.07951,4.27495,-0.40892,0.67566,-0.00239,0.00370,0.73720,-0.05815,1.52871,-0.01508
189817000000,-0.08305,4.37587,-0.40975,0.67869,-0.00251,0.00367,0.73441,-0.05374,1.52910,-0.01255
189850000000,-0.08465,4.42586,-0.41009,0.68009,-0.00247,0.00371,0.73311,-0.04825,1.51482,-0.01040
189949000000,-0.09200,4.57715,-0.41102,0.68380,-0.00259,0.00351,0.72966,-0.07424,1.52822,-0.00945
190015000000,-0.09563,4.68191,-0.41193,0.68537,-0.00256,0.00346,0.72818,-0.05500,1.58723,-0.01376
190081000000,-0.10039,4.78715,-0.41298,0.68599,-0.00259,0.00346,0.72760,-0.07213,1.59456,-0.01591
190147000000,-0.10632,4.89124,-0.41376,0.68574,-0.00253,0.00351,0.72783,-0.08986,1.57719,-0.01181
190213000000,-0.11053,4.98897,-0.41477,0.68498,-0.00253,0.00345,0.72855,-0.06386,1.48075,-0.01531
190279000000,-0.11747,5.08039,-0.41534,0.68408,-0.00253,0.00354,0.72939,-0.10512,1.38502,-0.00858
190345000000,-0.12370,5.16645,-0.41568,0.68386,-0.00258,0.00355,0.72960,-0.09436,1.30393,-0.00514
190444000000,-0.13281,5.29446,-0.41700,0.68359,-0.00249,0.00351,0.72986,-0.09199,1.29310,-0.01339
190477000000,-0.13736,5.33969,-0.41757,0.68347,-0.00249,0.00351,0.72996,-0.13803,1.37052,-0.01729
190576000000,-0.14685,5.47779,-0.41933,0.68321,-0.00235,0.00348,0.73021,-0.09581,1.39498,-0.01778
190642000000,-0.15332,5.57366,-0.42021,0.68311,-0.00247,0.00348,0.73030,-0.09808,1.45257,-0.01328
190708000000,-0.16064,5.67146,-0.42089,0.68300,-0.00249,0.00359,0.73040,-0.11097,1.48174,-0.01033
190774000000,-0.16497,5.76344,-0.42200,0.68281,-0.00222,0.00357,0.73059,-0.06557,1.39371,-0.01674
190840000000,-0.17161,5.86091,-0.42283,0.68289,-0.00231,0.00363,0.73050,-0.10062,1.47687,-0.01265
190906000000,-0.17786,5.95921,-0.42353,0.68311,-0.00226,0.00355,0.73031,-0.09468,1.48940,-0.01059
190972000000,-0.18451,6.05699,-0.42384,0.68312,-0.00248,0.00349,0.73029,-0.10082,1.48146,-0.00464
191038000000,-0.19156,6.15907,-0.42509,0.68325,-0.00246,0.00355,0.73018,-0.10677,1.54672,-0.01900
191104000000,-0.19789,6.25789,-0.42595,0.68325,-0.00238,0.00348,0.73017,-0.09581,1.49715,-0.01306
191137000000,-0.20113,6.30702,-0.42650,0.68328,-0.00240,0.00343,0.73015,-0.09834,1.48903,-0.01665
191236000000,-0.21133,6.45414,-0.42733,0.68327,-0.00248,0.00344,0.73016,-0.10299,1.48598,-0.00839
191302000000,-0.21732,6.54947,-0.42675,0.68331,-0.00244,0.00354,0.73012,-0.09088,1.44449,0.00888
191335000000,-0.22075,6.59847,-0.42702,0.68333,-0.00242,0.00350,0.73010,-0.10375,1.48471,-0.00833
191434000000,-0.23131,6.74685,-0.42848,0.68332,-0.00253,0.00340,0.73011,-0.10666,1.49880,-0.01478
191500000000,-0.23673,6.84303,-0.42942,0.68334,-0.00240,0.00347,0.73009,-0.08221,1.45721,-0.01414
191566000000,-0.24000,6.94055,-0.43190,0.68321,-0.00217,0.00355,0.73021,-0.04954,1.47764,-0.03760
191632000000,-0.24558,7.03009,-0.43247,0.68335,-0.00219,0.00349,0.73008,-0.08458,1.35674,-0.00860
191698000000,-0.25100,7.11717,-0.43332,0.68369,-0.00221,0.00350,0.72976,-0.08206,1.31934,-0.01298
191731000000,-0.25140,7.15973,-0.43300,0.68401,-0.00236,0.00345,0.72946,-0.01203,1.28953,0.00976
191830000000,-0.25649,7.27940,-0.43420,0.68582,-0.00225,0.00339,0.72776,-0.05147,1.20884,-0.01208
191929000000,-0.26012,7.39415,-0.43507,0.68843,-0.00230,0.00339,0.72530,-0.03666,1.15914,-0.00879
191962000000,-0.26143,7.42976,-0.43531,0.68917,-0.00237,0.00337,0.72459,-0.03957,1.07904,-0.00738
192028000000,-0.26157,7.49478,-0.43475,0.69052,-0.00239,0.00336,0.72330,-0.00214,0.98508,0.00848
192061000000,-0.26242,7.52790,-0.43474,0.69118,-0.00242,0.00343,0.72267,-0.02593,1.00373,0.00033
192160000000,-0.26416,7.62297,-0.43580,0.69280,-0.00254,0.00333,0.72111,-0.01757,0.96027,-0.01073
192193000000,-0.26471,7.65233,-0.43598,0.69329,-0.00252,0.00335,0.72065,-0.01659,0.88963,-0.00523
192292000000,-0.26239,7.74332,-0.43540,0.69475,-0.00254,0.00333,0.71924,0.02348,0.91910,0.00582
192391000000,-0.26370,7.84328,-0.43608,0.69615,-0.00252,0.00329,0.71789,-0.01326,1.00969,-0.00689
192457000000,-0.26492,7.91395,-0.43708,0.69712,-0.00251,0.00324,0.71694,-0.01844,1.07082,-0.01516
192523000000,-0.26583,7.98762,-0.43753,0.69789,-0.00258,0.00326,0.71620,-0.01387,1.11629,-0.00673
192589000000,-0.26623,8.06376,-0.43816,0.69877,-0.00251,0.00327,0.71534,-0.00603,1.15362,-0.00966
192622000000,-0.26653,8.10401,-0.43843,0.69913,-0.00258,0.00321,0.71498,-0.00911,1.21963,-0.00819
192688000000,-0.26741,8.18483,-0.43808,0.69993,-0.00263,0.00319,0.71420,-0.01327,1.22455,0.00536
192754000000,-0.26763,8.26973,-0.43879,0.70078,-0.00265,0.00321,0.71336,-0.00344,1.28629,-0.01080
192787000000,-0.26768,8.31381,-0.43913,0.70116,-0.00266,0.00325,0.71299,-0.00133,1.33581,-0.01024
192919000000,-0.26778,8.48720,-0.44064,0.70259,-0.00265,0.00321,0.71159,-0.00078,1.31357,-0.01143
193018000000,-0.26714,8.60893,-0.44237,0.70346,-0.00263,0.00322,0.71072,0.00651,1.22963,-0.01746
193051000000,-0.26715,8.64822,-0.44268,0.70374,-0.00262,0.00326,0.71044,-0.00041,1.19042,-0.00955
193117000000,-0.26651,8.72408,-0.44355,0.70416,-0.00261,0.00322,0.71003,0.00964,1.14950,-0.01317
193183000000,-0.26635,8.79567,-0.44410,0.70467,-0.00255,0.00326,0.70952,0.00251,1.08457,-0.00829
193282000000,-0.26619,8.89631,-0.44406,0.70528,-0.00263,0.00314,0.70892,0.00158,1.01663,0.00041
193315000000,-0.26612,8.92694,-0.44395,0.70547,-0.00261,0.00316,0.70873,0.00224,0.92804,0.00332
193414000000,-0.26609,9.01779,-0.44514,0.70591,-0.00257,0.00308,0.70829,0.00032,0.91772,-0.01199
193480000000,-0.26582,9.07449,-0.44586,0.70618,-0.00251,0.00311,0.70802,0.00404,0.85903,-0.01089
193513000000,-0.26616,9.09657,-0.44573,0.70629,-0.00267,0.00311,0.70791,-0.01041,0.66905,0.00390
193579000000,-0.26582,9.14687,-0.44613,0.70647,-0.00263,0.00307,0.70773,0.00524,0.76214,-0.00607
193612000000,-0.26593,9.17025,-0.44627,0.70663,-0.00269,0.00304,0.70757,-0.00346,0.70852,-0.00422
193777000000,-0.26576,9.27757,-0.44701,0.70700,-0.00258,0.00312,0.70720,0.00101,0.65043,-0.00450
193843000000,-0.26534,9.31268,-0.44771,0.70717,-0.00269,0.00298,0.70703,0.00642,0.53202,-0.01057
193909000000,-0.26519,9.34518,-0.44780,0.70724,-0.00267,0.00298,0.70696,0.00230,0.49233,-0.00133
193975000000,-0.26547,9.38024,-0.44789,0.70741,-0.00272,0.00301,0.70679,-0.00419,0.53121,-0.00136
194041000000,-0.26511,9.41953,-0.44839,0.70751,-0.00273,0.00292,0.70669,0.00543,0.59543,-0.00770
194107000000,-0.26512,9.46159,-0.44871,0.70757,-0.00276,0.00298,0.70663,-0.00018,0.63726,-0.00482
194173000000,-0.26680,9.50574,-0.44881,0.70778,-0.00275,0.00288,0.70642,-0.02550,0.66881,-0.00145
194239000000,-0.26638,9.55283,-0.44891,0.70794,-0.00267,0.00297,0.70627,0.00644,0.71349,-0.00149
194338000000,-0.26462,9.62754,-0.44930,0.70863,-0.00270,0.00303,0.70557,0.01778,0.75470,-0.00403
194371000000,-0.26382,9.65434,-0.44976,0.70904,-0.00276,0.00301,0.70516,0.02425,0.81215,-0.01375
194437000000,-0.26108,9.70773,-0.45013,0.71010,-0.00286,0.00297,0.70409,0.04147,0.80893,-0.00566
194536000000,-0.25571,9.79208,-0.45085,0.71283,-0.00280,0.00299,0.70133,0.05425,0.85205,-0.00725
194602000000,-0.25147,9.84870,-0.45141,0.71499,-0.00274,0.00300,0.69913,0.06419,0.85776,-0.00842
194668000000,-0.24613,9.90350,-0.45186,0.71697,-0.00282,0.00298,0.69709,0.08100,0.83042,-0.00691
194734000000,-0.24181,9.95491,-0.45255,0.71882,-0.00274,0.00295,0.69519,0.06541,0.77881,-0.01047
194767000000,-0.23952,9.98095,-0.45234,0.71962,-0.00277,0.00302,0.69436,0.06925,0.78912,0.00637
194833000000,-0.23461,10.04280,-0.45523,0.72124,-0.00262,0.00291,0.69268,0.07444,0.93713,-0.04378
194899000000,-0.22981,10.10021,-0.45520,0.72279,-0.00265,0.00294,0.69106,0.07270,0.86995,0.00042
194965000000,-0.22436,10.16094,-0.45547,0.72431,-0.00274,0.00294,0.68946,0.08262,0.92011,-0.00408
195031000000,-0.21850,10.22533,-0.45596,0.72587,-0.00271,0.00299,0.68782,0.08879,0.97554,-0.00731
195064000000,-0.21526,10.26122,-0.45663,0.72659,-0.00273,0.00287,0.68706,0.09816,1.08754,-0.02030
195097000000,-0.21270,10.29466,-0.45645,0.72736,-0.00275,0.00290,0.68625,0.07761,1.01355,0.00528
195196000000,-0.20251,10.40195,-0.45680,0.72956,-0.00275,0.00303,0.68391,0.10290,1.08375,-0.00357
195262000000,-0.19527,10.47700,-0.45707,0.73091,-0.00286,0.00295,0.68246,0.10978,1.13705,-0.00402
195328000000,-0.18773,10.55587,-0.45769,0.73227,-0.00273,0.00301,0.68100,0.11417,1.19504,-0.00935
195427000000,-0.17480,10.67281,-0.45765,0.73423,-0.00286,0.00306,0.67889,0.13059,1.18116,0.00041
195493000000,-0.16586,10.75803,-0.45828,0.73542,-0.00282,0.00306,0.67760,0.13545,1.29129,-0.00956
195559000000,-0.15689,10.84713,-0.45870,0.73665,-0.00296,0.00295,0.67626,0.13594,1.34998,-0.00645
195592000000,-0.15125,10.89488,-0.45979,0.73720,-0.00282,0.00293,0.67566,0.17086,1.44701,-0.03297
195658000000,-0.14074,10.99009,-0.46006,0.73833,-0.00288,0.00299,0.67443,0.15923,1.44250,-0.00402
195724000000,-0.13035,11.08728,-0.46072,0.73943,-0.00283,0.00310,0.67322,0.15756,1.47255,-0.01000
195757000000,-0.12493,11.13656,-0.46125,0.73981,-0.00289,0.00299,0.67281,0.16403,1.49360,-0.01605
195823000000,-0.11540,11.23988,-0.46270,0.74042,-0.00281,0.00297,0.67213,0.14442,1.56536,-0.02196
195856000000,-0.11011,11.29094,-0.46320,0.74050,-0.00288,0.00296,0.67205,0.16028,1.54726,-0.01526
195955000000,-0.09581,11.44265,-0.46491,0.74052,-0.00287,0.00290,0.67203,0.14449,1.53244,-0.01733
196021000000,-0.08704,11.54309,-0.46590,0.74034,-0.00274,0.00289,0.67222,0.13287,1.52179,-0.01487
196054000000,-0.08225,11.59324,-0.46624,0.74013,-0.00288,0.00286,0.67245,0.14499,1.51972,-0.01054
196153000000,-0.06779,11.73555,-0.46779,0.73960,-0.00277,0.00289,0.67303,0.14611,1.43747,-0.01558
196186000000,-0.06357,11.77948,-0.46804,0.73947,-0.00272,0.00297,0.67317,0.12770,1.33144,-0.00773
196252000000,-0.05583,11.86727,-0.46871,0.73929,-0.00267,0.00295,0.67338,0.11729,1.33009,-0.01014
196285000000,-0.05185,11.91033,-0.46893,0.73914,-0.00270,0.00303,0.67354,0.12065,1.30474,-0.00652
196351000000,-0.04507,11.99555,-0.46971,0.73865,-0.00274,0.00300,0.67408,0.10276,1.29119,-0.01182
196417000000,-0.03871,12.08457,-0.47074,0.73776,-0.00272,0.00300,0.67505,0.09638,1.34884,-0.01565
196516000000,-0.02831,12.22025,-0.47269,0.73513,-0.00266,0.00297,0.67791,0.10509,1.37052,-0.01971
196582000000,-0.02387,12.31342,-0.47333,0.73236,-0.00264,0.00304,0.68091,0.06714,1.41163,-0.00978
196681000000,-0.02218,12.45426,-0.47470,0.72813,-0.00257,0.00303,0.68543,0.01710,1.42268,-0.01383
196780000000,-0.02099,12.58471,-0.47580,0.72445,-0.00262,0.00309,0.68931,0.01203,1.31763,-0.01106
196846000000,-0.02045,12.67108,-0.47820,0.72226,-0.00253,0.00292,0.69161,0.00824,1.30869,-0.03632
196879000000,-0.02008,12.71192,-0.47879,0.72120,-0.00246,0.00302,0.69272,0.01105,1.23738,-0.01792
196912000000,-0.02019,12.75121,-0.47889,0.72034,-0.00255,0.00292,0.69361,-0.00315,1.19065,-0.00323
196978000000,-0.02068,12.82767,-0.47968,0.71857,-0.00256,0.00294,0.69544,-0.00743,1.15856,-0.01187
197011000000,-0.02043,12.86420,-0.47989,0.71786,-0.00253,0.00298,0.69618,0.00739,1.10698,-0.00650
197077000000,-0.02098,12.93450,-0.48036,0.71663,-0.00263,0.00279,0.69744,-0.00837,1.06511,-0.00702
197110000000,-0.02079,12.96821,-0.48010,0.71620,-0.00274,0.00282,0.69789,0.00592,1.02156,0.00770
197209000000,-0.01983,13.06749,-0.48087,0.71562,-0.00262,0.00286,0.69848,0.00969,1.00281,-0.00780
197275000000,-0.01783,13.13081,-0.48152,0.71578,-0.00254,0.00283,0.69832,0.03023,0.95941,-0.00983
197341000000,-0.01585,13.19138,-0.48231,0.71672,-0.00263,0.00280,0.69735,0.03000,0.91780,-0.01199
197374000000,-0.01229,13.21347,-0.48260,0.71730,-0.00264,0.00285,0.69675,0.10811,0.66928,-0.00878
197407000000,-0.01018,13.24274,-0.48236,0.71788,-0.00266,0.00296,0.69616,0.06372,0.88700,0.00748
197473000000,-0.00632,13.30466,-0.48293,0.71934,-0.00270,0.00300,0.69465,0.05860,0.93817,-0.00864
197506000000,-0.00473,13.33664,-0.48308,0.71996,-0.00266,0.00296,0.69401,0.04805,0.96911,-0.00461
197605000000,0.00222,13.43788,-0.48377,0.72153,-0.00272,0.00298,0.69237,0.07018,1.02261,-0.00695
197671000000,0.00601,13.51045,-0.48445,0.72257,-0.00273,0.00292,0.69129,0.05750,1.09949,-0.01041
197737000000,0.01273,13.58447,-0.48517,0.72354,-0.00273,0.00279,0.69027,0.10183,1.12165,-0.01086
197803000000,0.01811,13.66093,-0.48516,0.72455,-0.00267,0.00301,0.68921,0.08145,1.15838,0.00016
197869000000,0.02345,13.74184,-0.48557,0.72551,-0.00277,0.00303,0.68820,0.08090,1.22601,-0.00624
197902000000,0.02617,13.78381,-0.48598,0.72598,-0.00266,0.00300,0.68771,0.08245,1.27157,-0.01237
197935000000,0.02940,13.82597,-0.48626,0.72639,-0.00272,0.00300,0.68727,0.09800,1.27772,-0.00863
198001000000,0.03538,13.91277,-0.48696,0.72689,-0.00271,0.00305,0.68674,0.09053,1.31507,-0.01050
198067000000,0.03977,14.00135,-0.48710,0.72677,-0.00269,0.00315,0.68687,0.06657,1.34212,-0.00215
198166000000,0.04614,14.14017,-0.48879,0.72521,-0.00267,0.00301,0.68851,0.06436,1.40225,-0.01706
198265000000,0.04828,14.28515,-0.49046,0.72160,-0.00262,0.00310,0.69230,0.02163,1.46450,-0.01687
198298000000,0.04826,14.33412,-0.49107,0.72018,-0.00250,0.00310,0.69378,-0.00059,1.48389,-0.01840
198397000000,0.04404,14.47261,-0.49266,0.71557,-0.00269,0.00310,0.69853,-0.04264,1.39884,-0.01609
198463000000,0.04159,14.56201,-0.49390,0.71272,-0.00259,0.00309,0.70144,-0.03712,1.35452,-0.01884
198496000000,0.04032,14.60710,-0.49428,0.71147,-0.00257,0.00314,0.70270,-0.03844,1.36653,-0.01156
198562000000,0.03766,14.69931,-0.49500,0.70900,-0.00255,0.00321,0.70520,-0.04031,1.39713,-0.01093
198628000000,0.03235,14.79815,-0.49706,0.70656,-0.00252,0.00305,0.70764,-0.08058,1.49762,-0.03112
198694000000,0.02894,14.89507,-0.49733,0.70429,-0.00262,0.00311,0.70990,-0.05160,1.46836,-0.00413
198760000000,0.02430,14.99280,-0.49852,0.70215,-0.00249,0.00307,0.71201,-0.07030,1.48077,-0.01797
198826000000,0.01962,15.09061,-0.49905,0.70008,-0.00252,0.00315,0.71406,-0.07086,1.48197,-0.00809
198892000000,0.01445,15.18746,-0.49953,0.69821,-0.00253,0.00316,0.71588,-0.07845,1.46744,-0.00726
198925000000,0.01176,15.23625,-0.49981,0.69737,-0.00256,0.00315,0.71670,-0.08153,1.47869,-0.00848
199024000000,0.00433,15.37743,-0.50035,0.69492,-0.00254,0.00315,0.71908,-0.07499,1.42605,-0.00546
199057000000,0.00169,15.42541,-0.50045,0.69423,-0.00259,0.00314,0.71974,-0.08003,1.45392,-0.00311
199123000000,-0.00379,15.51953,-0.50118,0.69341,-0.00256,0.00312,0.72053,-0.08304,1.42609,-0.01103
199156000000,-0.00574,15.56606,-0.50160,0.69318,-0.00258,0.00314,0.72076,-0.05912,1.40985,-0.01276
199288000000,-0.01221,15.74752,-0.50379,0.69426,-0.00253,0.00306,0.71971,-0.04902,1.37471,-0.01660
199321000000,-0.01262,15.78963,-0.50457,0.69510,-0.00260,0.00298,0.71890,-0.01226,1.27596,-0.02366
199453000000,-0.00897,15.95187,-0.50618,0.70060,-0.00256,0.00299,0.71355,0.02765,1.22908,-0.01216
199519000000,-0.00466,16.02874,-0.50703,0.70447,-0.00253,0.00294,0.70973,0.06529,1.16471,-0.01296
199618000000,0.00525,16.13901,-0.50826,0.71076,-0.00250,0.00290,0.70342,0.10005,1.11385,-0.01240
199717000000,0.01356,16.24636,-0.50803,0.71582,-0.00243,0.00312,0.69828,0.08399,1.08441,0.00238
199750000000,0.01684,16.28205,-0.50871,0.71736,-0.00243,0.00304,0.69669,0.09928,1.08152,-0.02074
199816000000,0.02338,16.35287,-0.50907,0.72034,-0.00254,0.00297,0.69361,0.09913,1.07291,-0.00550
199882000000,0.03118,16.42738,-0.50973,0.72310,-0.00243,0.00298,0.69073,0.11822,1.12895,-0.01002
200014000000,0.05090,16.58272,-0.51122,0.72822,-0.00233,0.00301,0.68533,0.14940,1.17682,-0.01128
200080000000,0.05964,16.66346,-0.51204,0.73081,-0.00227,0.00307,0.68257,0.13236,1.22333,-0.01231
200146000000,0.06817,16.74240,-0.51262,0.73298,-0.00241,0.00292,0.68024,0.12919,1.19614,-0.00888
200179000000,0.07291,16.78088,-0.51287,0.73391,-0.00237,0.00297,0.67924,0.14383,1.16608,-0.00763
200278000000,0.08463,16.89477,-0.51435,0.73565,-0.00229,0.00295,0.67735,0.11838,1.15040,-0.01495
200344000000,0.09087,16.96532,-0.51448,0.73597,-0.00245,0.00303,0.67701,0.09451,1.06887,-0.00186
200410000000,0.09603,17.03102,-0.51399,0.73533,-0.00260,0.00305,0.67770,0.07811,0.99540,0.00742
200476000000,0.09907,17.09484,-0.51483,0.73416,-0.00248,0.00302,0.67896,0.04616,0.96711,-0.01284
200509000000,0.09947,17.12445,-0.51512,0.73350,-0.00259,0.00297,0.67967,0.01197,0.89726,-0.00853
200575000000,0.10101,17.17905,-0.51559,0.73193,-0.00254,0.00286,0.68137,0.02330,0.82724,-0.00717
200608000000,0.10370,17.20805,-0.51629,0.73139,-0.00237,0.00305,0.68194,0.08158,0.87871,-0.02130
200641000000,0.10485,17.23161,-0.51639,0.73099,-0.00232,0.00305,0.68238,0.03494,0.71387,-0.00299
200773000000,0.10926,17.32046,-0.51670,0.72965,-0.00227,0.00310,0.68381,0.03339,0.67314,-0.00235
200839000000,0.10991,17.36139,-0.51686,0.72873,-0.00227,0.00312,0.68479,0.00982,0.62012,-0.00235
200905000000,0.11101,17.39871,-0.51716,0.72780,-0.00233,0.00311,0.68578,0.01674,0.56541,-0.00465
200938000000,0.11199,17.41565,-0.51741,0.72746,-0.00230,0.00310,0.68614,0.02968,0.51354,-0.00756
201037000000,0.11236,17.46162,-0.51813,0.72675,-0.00242,0.00296,0.68689,0.00375,0.46428,-0.00727
201070000000,0.11253,17.47462,-0.51807,0.72657,-0.00245,0.00305,0.68708,0.00512,0.39407,0.00180
201136000000,0.11290,17.49917,-0.51846,0.72628,-0.00246,0.00292,0.68739,0.00560,0.37202,-0.00591
201202000000,0.11409,17.52387,-0.51838,0.72591,-0.00245,0.00301,0.68778,0.01806,0.37422,0.00127
201268000000,0.11527,17.55227,-0.51867,0.72549,-0.00244,0.00303,0.68823,0.01780,0.43025,-0.00434
201334000000,0.11501,17.58113,-0.51869,0.72484,-0.00240,0.00299,0.68890,-0.00388,0.43730,-0.00034
201367000000,0.11564,17.59743,-0.51852,0.72451,-0.00244,0.00302,0.68925,0.01899,0.49400,0.00496
201466000000,0.11609,17.65401,-0.51979,0.72284,-0.00239,0.00293,0.69101,0.00461,0.57145,-0.01276
201499000000,0.11596,17.67265,-0.51984,0.72233,-0.00240,0.00294,0.69154,-0.00421,0.56504,-0.00168
201565000000,0.11582,17.70703,-0.52017,0.72116,-0.00238,0.00292,0.69276,-0.00206,0.52085,-0.00499
201598000000,0.11605,17.72195,-0.52010,0.72074,-0.00240,0.00295,0.69319,0.00701,0.45216,0.00214
201664000000,0.11637,17.75366,-0.52005,0.71994,-0.00239,0.00298,0.69403,0.00488,0.48051,0.00075
201697000000,0.11601,17.76672,-0.51996,0.71963,-0.00234,0.00301,0.69435,-0.01088,0.39557,0.00277
201796000000,0.11615,17.80132,-0.51976,0.71883,-0.00239,0.00302,0.69518,0.00139,0.34956,0.00201
201862000000,0.11597,17.82083,-0.52006,0.71846,-0.00245,0.00300,0.69555,-0.00281,0.29552,-0.00454
201928000000,0.11614,17.83797,-0.52039,0.71803,-0.00236,0.00300,0.69600,0.00271,0.25969,-0.00492
201994000000,0.11583,17.85918,-0.52030,0.71771,-0.00242,0.00297,0.69633,-0.00471,0.32133,0.00129
202060000000,0.11586,17.88462,-0.52063,0.71730,-0.00244,0.00290,0.69675,0.00037,0.38546,-0.00493
202126000000,0.11617,17.91156,-0.52080,0.71685,-0.00242,0.00293,0.69722,0.00476,0.40817,-0.00267
202192000000,0.11558,17.94245,-0.52122,0.71638,-0.00238,0.00281,0.69770,-0.00898,0.46811,-0.00632
202291000000,0.11593,17.99489,-0.52162,0.71559,-0.00238,0.00285,0.69851,0.00353,0.52968,-0.00405
202357000000,0.11617,18.03471,-0.52202,0.71506,-0.00237,0.00286,0.69906,0.00365,0.60330,-0.00600
202390000000,0.11613,18.05572,-0.52224,0.71484,-0.00248,0.00275,0.69928,-0.00126,0.63677,-0.00691
202456000000,0.11634,18.09875,-0.52325,0.71423,-0.00217,0.00301,0.69990,0.00319,0.65188,-0.01524
202522000000,0.11657,18.14288,-0.52380,0.71373,-0.00220,0.00296,0.70041,0.00355,0.66876,-0.00832
202621000000,0.11686,18.20353,-0.52394,0.71308,-0.00216,0.00305,0.70108,0.00291,0.61261,-0.00143
202687000000,0.11655,18.23975,-0.52421,0.71273,-0.00220,0.00299,0.70142,-0.00473,0.54880,-0.00404
202753000000,0.11658,18.27374,-0.52488,0.71249,-0.00216,0.00296,0.70167,0.00039,0.51504,-0.01018
202786000000,0.11605,18.28604,-0.52461,0.71239,-0.00223,0.00302,0.70177,-0.01588,0.37251,0.00824
202885000000,0.11616,18.32579,-0.52507,0.71208,-0.00219,0.00295,0.70209,0.00108,0.40151,-0.00472
202984000000,0.11652,18.35882,-0.52521,0.71182,-0.00229,0.00290,0.70236,0.00367,0.33369,-0.00138
203050000000,0.11638,18.37693,-0.52561,0.71174,-0.00223,0.00284,0.70244,-0.00210,0.27437,-0.00608
203083000000,0.11642,18.38369,-0.52545,0.71163,-0.00229,0.00288,0.70254,0.00120,0.20484,0.00503
203149000000,0.11585,18.39615,-0.52554,0.71164,-0.00228,0.00286,0.70253,-0.00863,0.18883,-0.00135
203215000000,0.11656,18.40323,-0.52506,0.71158,-0.00227,0.00303,0.70259,0.01072,0.10727,0.00719
203248000000,0.11680,18.40573,-0.52490,0.71153,-0.00226,0.00309,0.70265,0.00716,0.07560,0.00474
203281000000,0.11654,18.40776,-0.52484,0.71155,-0.00229,0.00309,0.70262,-0.00781,0.06156,0.00205
203380000000,0.11654,18.40882,-0.52472,0.71159,-0.00228,0.00307,0.70258,0.00001,0.01077,0.00122
203446000000,0.11651,18.40873,-0.52465,0.71160,-0.00228,0.00307,0.70258,-0.00043,-0.00139,0.00101
203479000000,0.11639,18.40874,-0.52465,0.71162,-0.00229,0.00305,0.70256,-0.00362,0.00023,0.00002
203545000000,0.11635,18.40876,-0.52464,0.71162,-0.00229,0.00305,0.70255,-0.00059,0.00035,0.00007
203611000000,0.11635,18.40874,-0.52463,0.71162,-0.00229,0.00305,0.70255,-0.00010,-0.00032,0.00023
203644000000,0.11631,18.40831,-0.52466,0.71164,-0.00229,0.00306,0.70254,-0.00113,-0.01300,-0.00084
203743000000,0.11641,18.40809,-0.52453,0.71163,-0.00229,0.00308,0.70255,0.00096,-0.00229,0.00128
203809000000,0.11638,18.40811,-0.52454,0.71163,-0.00230,0.00307,0.70254,-0.00044,0.00038,-0.00010
203842000000,0.11637,18.40811,-0.52453,0.71163,-0.00229,0.00307,0.70254,-0.00017,0.00000,0.00027
203908000000,0.11637,18.40812,-0.52453,0.71163,-0.00229,0.00308,0.70254,0.00005,0.00020,-0.00009
203974000000,0.11637,18.40813,-0.52456,0.71163,-0.00229,0.00307,0.70254,-0.00003,0.00003,-0.00040
204007000000,0.11632,18.40814,-0.52460,0.71164,-0.00230,0.00306,0.70253,-0.00158,0.00040,-0.00122
204040000000,0.11629,18.40816,-0.52462,0.71165,-0.00230,0.00305,0.70253,-0.00088,0.00075,-0.00060
204139000000,0.11634,18.40816,-0.52462,0.71164,-0.00230,0.00305,0.70254,0.00049,-0.00004,-0.00000
