24454000000,0.04152,-0.08332,-0.01575,0.99994,-0.00424,0.00456,0.00928,0.13482,-0.21776,-0.05234
24487000000,0.01411,-0.02353,-0.00523,0.99999,-0.00199,-0.00148,0.00264,0.03440,-0.05853,-0.01759
24520000000,0.00502,-0.00812,-0.00179,1.00000,-0.00231,-0.00155,0.00091,0.00992,-0.01621,-0.00765
24553000000,0.00456,-0.00780,-0.00125,1.00000,-0.00256,-0.00161,0.00088,0.00754,-0.01376,-0.00451
24586000000,0.00458,-0.00785,-0.00127,1.00000,-0.00252,-0.00160,0.00089,0.00604,-0.01258,-0.00354
24619000000,0.00462,-0.00791,-0.00133,1.00000,-0.00239,-0.00153,0.00090,0.00725,-0.01122,-0.00376
24652000000,0.00387,-0.00666,-0.00104,1.00000,-0.00233,-0.00147,0.00075,0.00503,-0.00923,-0.00316
24685000000,0.00384,-0.00666,-0.00103,1.00000,-0.00235,-0.00147,0.00075,0.00357,-0.00915,-0.00327
24718000000,0.00322,-0.00550,-0.00108,1.00000,-0.00242,-0.00149,0.00061,0.00118,-0.00508,-0.00253
24751000000,0.00321,-0.00550,-0.00108,1.00000,-0.00232,-0.00143,0.00064,0.00009,-0.00553,-0.00218
24784000000,0.00271,-0.00412,-0.00091,1.00000,-0.00215,-0.00136,0.00051,0.03476,-0.00315,-0.00244
24817000000,0.00368,-0.00423,-0.00085,1.00000,-0.00205,-0.00138,0.00051,0.05832,-0.00489,-0.00252
24850000000,0.00554,-0.00471,-0.00077,1.00000,-0.00198,-0.00140,0.00052,0.07250,-0.00541,-0.00134
24883000000,0.00755,-0.00316,-0.00068,1.00000,-0.00184,-0.00136,0.00034,0.10253,-0.00468,-0.00184
24916000000,0.00860,-0.00053,-0.00003,1.00000,-0.00181,-0.00150,0.00005,0.12783,-0.00169,-0.00002
24949000000,0.01284,-0.00094,-0.00031,1.00000,-0.00167,-0.00150,0.00006,0.14323,-0.00298,-0.00025
24982000000,0.02030,-0.00315,-0.00074,1.00000,-0.00153,-0.00129,0.00027,0.17739,-0.00624,-0.00039
25015000000,0.02698,-0.00283,-0.00033,1.00000,-0.00150,-0.00118,0.00025,0.20061,-0.00629,0.00002
25048000000,0.03335,-0.00185,-0.00065,1.00000,-0.00160,-0.00124,0.00013,0.22199,-0.00399,0.00002
25081000000,0.04109,-0.00176,-0.00069,1.00000,-0.00167,-0.00125,0.00009,0.25104,-0.00193,-0.00054
25114000000,0.04932,-0.00188,-0.00067,1.00000,-0.00169,-0.00131,0.00011,0.27840,-0.00141,0.00058
25147000000,0.05818,-0.00133,-0.00061,1.00000,-0.00173,-0.00135,0.00004,0.29152,-0.00123,0.00055
25180000000,0.06826,-0.00119,-0.00074,1.00000,-0.00178,-0.00136,0.00001,0.32077,-0.00091,0.00016
25213000000,0.08003,-0.00131,-0.00053,1.00000,-0.00183,-0.00127,0.00004,0.34766,-0.00169,0.00224
25246000000,0.09239,-0.00160,-0.00039,1.00000,-0.00183,-0.00120,0.00009,0.36365,-0.00177,0.00161
25279000000,0.10452,-0.00114,-0.00052,1.00000,-0.00186,-0.00122,0.00000,0.38422,-0.00077,0.00138
25312000000,0.11811,-0.00092,-0.00032,1.00000,-0.00187,-0.00122,-0.00002,0.41933,0.00028,0.00189
25345000000,0.13233,-0.00098,-0.00007,1.00000,-0.00187,-0.00119,-0.00001,0.43422,-0.00032,0.00233
25378000000,0.14750,-0.00099,-0.00012,1.00000,-0.00189,-0.00116,0.00000,0.46402,-0.00139,0.00194
25411000000,0.16318,-0.00106,0.00005,1.00000,-0.00215,-0.00129,-0.00006,0.47858,-0.00213,0.00207
25444000000,0.17925,-0.00112,0.00024,1.00000,-0.00257,-0.00159,-0.00006,0.50658,-0.00204,0.00336
25477000000,0.19666,-0.00145,0.00038,0.99999,-0.00308,-0.00181,-0.00004,0.53589,-0.00311,0.00469
25510000000,0.21507,-0.00197,0.00037,0.99999,-0.00392,-0.00178,0.00002,0.55172,-0.00408,0.00388
25543000000,0.23381,-0.00208,0.00041,0.99999,-0.00512,-0.00157,0.00003,0.58248,-0.00359,0.00409
25576000000,0.25608,-0.00362,-0.00077,0.99997,-0.00751,0.00138,0.00002,0.60633,-0.00973,0.00049
25609000000,0.28810,-0.01110,-0.00457,0.99992,-0.01058,0.00717,0.00021,0.66198,-0.02519,-0.00743
25642000000,0.31339,-0.01173,-0.00890,0.99967,-0.02095,0.01471,0.00037,0.70668,-0.02665,-0.01803
25675000000,0.32577,-0.00646,-0.01138,0.99942,-0.02853,0.01863,0.00059,0.69779,-0.01399,-0.02121
25708000000,0.34825,-0.00582,-0.01550,0.99910,-0.03517,0.02366,0.00085,0.73787,-0.01155,-0.02985
25741000000,0.37191,-0.00549,-0.01943,0.99881,-0.04017,0.02781,0.00115,0.75139,-0.01062,-0.03616
25774000000,0.39635,-0.00456,-0.02404,0.99838,-0.04707,0.03201,0.00156,0.76711,-0.00827,-0.04384
25807000000,0.42088,-0.00403,-0.03003,0.99788,-0.05351,0.03689,0.00201,0.79426,-0.00743,-0.05358
25840000000,0.44697,-0.00441,-0.03608,0.99744,-0.05846,0.04118,0.00248,0.80719,-0.00820,-0.06261
25873000000,0.47689,-0.00591,-0.04094,0.99698,-0.06360,0.04448,0.00301,0.84754,-0.01137,-0.07129
25906000000,0.49876,-0.00315,-0.04681,0.99648,-0.06876,0.04778,0.00333,0.86192,-0.00451,-0.07910
25939000000,0.52745,-0.00289,-0.05388,0.99599,-0.07278,0.05187,0.00378,0.88912,-0.00396,-0.08832
25972000000,0.55706,-0.00302,-0.05883,0.99579,-0.07454,0.05329,0.00397,0.91421,-0.00350,-0.09416
26005000000,0.58701,-0.00288,-0.06131,0.99576,-0.07539,0.05257,0.00397,0.91514,-0.00382,-0.09499
26038000000,0.61603,-0.00239,-0.06450,0.99561,-0.07729,0.05257,0.00406,0.95357,-0.00243,-0.09923
26071000000,0.64794,-0.00281,-0.06772,0.99554,-0.07830,0.05251,0.00413,0.96926,-0.00363,-0.10114
26104000000,0.68547,-0.00440,-0.06792,0.99580,-0.07658,0.05007,0.00388,1.01206,-0.00715,-0.10213
26137000000,0.71327,-0.00284,-0.07145,0.99576,-0.07710,0.05011,0.00389,1.03184,-0.00394,-0.10625
26170000000,0.74767,-0.00305,-0.07505,0.99576,-0.07710,0.05008,0.00394,1.06162,-0.00462,-0.10949
26203000000,0.78386,-0.00362,-0.07734,0.99589,-0.07602,0.04908,0.00378,1.07481,-0.00573,-0.10988
26236000000,0.81804,-0.00297,-0.08249,0.99590,-0.07520,0.05008,0.00378,1.08516,-0.00342,-0.11266
26269000000,0.85415,-0.00310,-0.08695,0.99592,-0.07467,0.05051,0.00378,1.11192,-0.00369,-0.11624
26302000000,0.89708,-0.00388,-0.08875,0.99639,-0.06906,0.04929,0.00349,1.15026,-0.00636,-0.11625
26335000000,0.93049,-0.00303,-0.09387,0.99629,-0.06996,0.05006,0.00351,1.16542,-0.00478,-0.11985
26368000000,0.96889,-0.00333,-0.09741,0.99630,-0.06991,0.04982,0.00346,1.18596,-0.00512,-0.12032
26401000000,1.00825,-0.00342,-0.10133,0.99635,-0.06932,0.04969,0.00340,1.20932,-0.00489,-0.12281
26434000000,1.04870,-0.00368,-0.10558,0.99639,-0.06891,0.04949,0.00333,1.22913,-0.00513,-0.12504
26467000000,1.08931,-0.00345,-0.11054,0.99639,-0.06870,0.04978,0.00338,1.25320,-0.00501,-0.12923
26500000000,1.13136,-0.00361,-0.11496,0.99639,-0.06860,0.04986,0.00340,1.28306,-0.00427,-0.13286
26533000000,1.17718,-0.00407,-0.12008,0.99652,-0.06678,0.04986,0.00325,1.30875,-0.00433,-0.13532
26566000000,1.21915,-0.00349,-0.12593,0.99642,-0.06775,0.05044,0.00336,1.33268,-0.00267,-0.13998
26599000000,1.26343,-0.00362,-0.13059,0.99642,-0.06774,0.05049,0.00338,1.34638,-0.00209,-0.14048
26632000000,1.30853,-0.00355,-0.13558,0.99641,-0.06765,0.05074,0.00336,1.37522,-0.00067,-0.14388
26665000000,1.35603,-0.00330,-0.14163,0.99646,-0.06655,0.05130,0.00332,1.40753,0.00068,-0.14871
26698000000,1.40272,-0.00365,-0.14630,0.99647,-0.06648,0.05116,0.00335,1.43669,-0.00030,-0.15123
26731000000,1.44955,-0.00411,-0.15064,0.99649,-0.06646,0.05083,0.00335,1.45858,-0.00064,-0.15394
26764000000,1.50241,-0.00442,-0.15290,0.99673,-0.06374,0.04963,0.00317,1.46569,-0.00036,-0.14994
26797000000,1.54717,-0.00389,-0.15907,0.99662,-0.06494,0.05025,0.00327,1.46052,0.00124,-0.15234
26830000000,1.59523,-0.00357,-0.16487,0.99660,-0.06497,0.05052,0.00328,1.46075,0.00178,-0.15209
26863000000,1.64557,-0.00265,-0.17210,0.99657,-0.06468,0.05152,0.00336,1.46356,0.00352,-0.15450
26896000000,1.69405,-0.00250,-0.17742,0.99658,-0.06454,0.05154,0.00338,1.46369,0.00355,-0.15519
26929000000,1.74243,-0.00256,-0.18212,0.99659,-0.06446,0.05134,0.00337,1.46295,0.00431,-0.15416
26962000000,1.79296,-0.00186,-0.18738,0.99660,-0.06434,0.05140,0.00333,1.46549,0.00714,-0.15533
26995000000,1.84140,-0.00132,-0.19336,0.99659,-0.06412,0.05179,0.00336,1.46618,0.00853,-0.15572
27028000000,1.88939,-0.00105,-0.19893,0.99660,-0.06386,0.05204,0.00335,1.46611,0.01044,-0.15508
27061000000,1.93987,0.00046,-0.20572,0.99655,-0.06405,0.05274,0.00335,1.46827,0.01237,-0.15746
27094000000,1.98777,0.00089,-0.21167,0.99654,-0.06400,0.05299,0.00338,1.46829,0.01293,-0.15826
27127000000,2.03618,0.00115,-0.21714,0.99654,-0.06392,0.05311,0.00335,1.46908,0.01381,-0.15906
27160000000,2.08762,0.00260,-0.22374,0.99651,-0.06384,0.05361,0.00336,1.47277,0.01472,-0.16160
27193000000,2.13628,0.00283,-0.22957,0.99652,-0.06355,0.05380,0.00336,1.47245,0.01527,-0.16284
27226000000,2.18515,0.00326,-0.23512,0.99655,-0.06305,0.05394,0.00332,1.47252,0.01557,-0.16351
27259000000,2.23617,0.00306,-0.23586,0.99674,-0.06145,0.05222,0.00316,1.47567,0.01401,-0.15830
27292000000,2.28754,0.00277,-0.23446,0.99689,-0.06117,0.04965,0.00300,1.47860,0.01330,-0.15142
27325000000,2.33624,0.00335,-0.23946,0.99689,-0.06111,0.04963,0.00293,1.47873,0.01324,-0.15029
27358000000,2.38687,0.00356,-0.24507,0.99689,-0.06095,0.04990,0.00288,1.48157,0.01269,-0.15197
27391000000,2.43526,0.00446,-0.25123,0.99689,-0.06052,0.05042,0.00293,1.48152,0.01579,-0.15367
27424000000,2.48499,0.00517,-0.25751,0.99690,-0.05996,0.05092,0.00290,1.48253,0.01644,-0.15567
27457000000,2.53605,0.00547,-0.26149,0.99702,-0.05809,0.05067,0.00271,1.48581,0.01701,-0.15387
27490000000,2.58697,0.00605,-0.26526,0.99695,-0.05983,0.05002,0.00274,1.48820,0.01893,-0.15275
27523000000,2.63610,0.00642,-0.26900,0.99692,-0.06085,0.04945,0.00272,1.48666,0.01892,-0.15211
27556000000,2.68871,0.00597,-0.26963,0.99712,-0.05878,0.04788,0.00247,1.49170,0.01759,-0.14732
27589000000,2.73859,0.00636,-0.27380,0.99713,-0.05874,0.04773,0.00246,1.49430,0.01848,-0.14743
27622000000,2.78957,0.00687,-0.27764,0.99712,-0.05919,0.04733,0.00240,1.49668,0.01914,-0.14739
27655000000,2.84391,0.00575,-0.27343,0.99737,-0.05762,0.04402,0.00206,1.50491,0.01556,-0.13641
27688000000,2.89295,0.00587,-0.27880,0.99734,-0.05776,0.04435,0.00208,1.50512,0.01577,-0.13724
27721000000,2.94286,0.00595,-0.28218,0.99737,-0.05765,0.04396,0.00203,1.50649,0.01385,-0.13713
27754000000,2.99718,0.00459,-0.27797,0.99760,-0.05577,0.04106,0.00177,1.51423,0.01097,-0.12567
27787000000,3.04631,0.00469,-0.28314,0.99762,-0.05506,0.04152,0.00172,1.51374,0.01185,-0.12740
27820000000,3.09573,0.00529,-0.28785,0.99764,-0.05441,0.04180,0.00173,1.51387,0.01249,-0.12853
27853000000,3.14739,0.00538,-0.28949,0.99772,-0.05351,0.04112,0.00171,1.51827,0.01163,-0.12525
27886000000,3.19865,0.00536,-0.29287,0.99770,-0.05419,0.04080,0.00173,1.51970,0.01015,-0.12465
27919000000,3.24926,0.00575,-0.29635,0.99770,-0.05429,0.04059,0.00170,1.52137,0.01043,-0.12469
27952000000,3.30063,0.00503,-0.29660,0.99781,-0.05311,0.03937,0.00159,1.52332,0.00786,-0.11971
27985000000,3.35013,0.00528,-0.30284,0.99777,-0.05340,0.04011,0.00163,1.52360,0.00680,-0.12274
28018000000,3.40052,0.00539,-0.30758,0.99773,-0.05395,0.04025,0.00164,1.52317,0.00644,-0.12335
28051000000,3.45032,0.00511,-0.30840,0.99780,-0.05340,0.03921,0.00156,1.52252,0.00571,-0.12015
28084000000,3.49971,0.00529,-0.31382,0.99778,-0.05354,0.03969,0.00157,1.52203,0.00559,-0.12096
28117000000,3.55062,0.00540,-0.31863,0.99774,-0.05402,0.03990,0.00158,1.52353,0.00541,-0.12106
28150000000,3.60045,0.00519,-0.32082,0.99779,-0.05349,0.03938,0.00152,1.52351,0.00412,-0.11914
28183000000,3.64968,0.00568,-0.32666,0.99776,-0.05353,0.04006,0.00158,1.52307,0.00563,-0.12212
28216000000,3.70023,0.00587,-0.33041,0.99777,-0.05328,0.04007,0.00152,1.52411,0.00568,-0.12098
28249000000,3.74970,0.00564,-0.33305,0.99780,-0.05305,0.03969,0.00147,1.52312,0.00496,-0.11955
28282000000,3.79941,0.00571,-0.33808,0.99776,-0.05360,0.03995,0.00148,1.52260,0.00471,-0.11940
28315000000,3.84915,0.00560,-0.34046,0.99778,-0.05370,0.03945,0.00141,1.52236,0.00289,-0.11668
28348000000,3.89681,0.00511,-0.34230,0.99781,-0.05342,0.03888,0.00134,1.51759,0.00210,-0.11350
28381000000,3.94744,0.00530,-0.34693,0.99781,-0.05330,0.03919,0.00133,1.51904,0.00157,-0.11321
28414000000,3.99789,0.00550,-0.35152,0.99780,-0.05327,0.03953,0.00133,1.52027,0.00217,-0.11467
28447000000,4.04661,0.00442,-0.35389,0.99777,-0.05421,0.03902,0.00136,1.51983,0.00046,-0.11292
28480000000,4.09667,0.00483,-0.35892,0.99776,-0.05411,0.03937,0.00140,1.51963,-0.00017,-0.11559
28513000000,4.14746,0.00512,-0.36314,0.99776,-0.05395,0.03955,0.00141,1.52018,-0.00055,-0.11655
28546000000,4.19721,0.00467,-0.36745,0.99771,-0.05485,0.03960,0.00140,1.51955,0.00012,-0.11735
28579000000,4.24602,0.00501,-0.37179,0.99771,-0.05465,0.03975,0.00141,1.51856,0.00122,-0.11852
28612000000,4.29559,0.00519,-0.37587,0.99772,-0.05455,0.03980,0.00141,1.51809,0.00075,-0.11819
28645000000,4.34664,0.00532,-0.38088,0.99766,-0.05537,0.04006,0.00143,1.52033,0.00141,-0.11918
28678000000,4.39336,0.00511,-0.38398,0.99769,-0.05513,0.03979,0.00145,1.51549,0.00182,-0.11877
28711000000,4.44429,0.00514,-0.38855,0.99767,-0.05530,0.03993,0.00151,1.51800,0.00248,-0.11799
28744000000,4.49261,0.00542,-0.39408,0.99762,-0.05578,0.04039,0.00153,1.51761,0.00206,-0.12143
28777000000,4.54091,0.00529,-0.39727,0.99764,-0.05561,0.04018,0.00151,1.51564,0.00208,-0.12028
28810000000,4.59000,0.00549,-0.40125,0.99764,-0.05554,0.04022,0.00155,1.51417,0.00133,-0.11993
28843000000,4.64038,0.00577,-0.40559,0.99762,-0.05590,0.04033,0.00152,1.51440,0.00209,-0.12068
28876000000,4.69081,0.00474,-0.40843,0.99764,-0.05579,0.03999,0.00154,1.51511,-0.00158,-0.11965
28909000000,4.74118,0.00485,-0.41257,0.99764,-0.05579,0.04003,0.00152,1.51631,-0.00181,-0.11912
28942000000,4.79206,0.00472,-0.41692,0.99763,-0.05580,0.04018,0.00145,1.51829,-0.00288,-0.11993
28975000000,4.84121,0.00438,-0.42014,0.99765,-0.05567,0.04000,0.00141,1.51723,-0.00328,-0.12014
29008000000,4.89137,0.00422,-0.42416,0.99764,-0.05574,0.04000,0.00141,1.51786,-0.00401,-0.12011
29041000000,4.94128,0.00395,-0.42821,0.99764,-0.05579,0.04004,0.00141,1.51855,-0.00476,-0.12022
29074000000,4.99455,0.00395,-0.43204,0.99764,-0.05588,0.04000,0.00140,1.52394,-0.00482,-0.12015
29107000000,5.04208,0.00333,-0.43529,0.99765,-0.05574,0.03980,0.00137,1.52069,-0.00460,-0.12016
29140000000,5.09266,0.00326,-0.43962,0.99765,-0.05577,0.03988,0.00138,1.52246,-0.00309,-0.11970
29173000000,5.14282,0.00325,-0.44345,0.99765,-0.05580,0.03978,0.00132,1.52163,-0.00253,-0.11974
29206000000,5.19166,0.00299,-0.44734,0.99765,-0.05567,0.03980,0.00135,1.52090,-0.00210,-0.11962
29239000000,5.24285,0.00263,-0.45101,0.99766,-0.05569,0.03976,0.00129,1.52274,-0.00301,-0.11897
29272000000,5.29328,0.00233,-0.45407,0.99766,-0.05572,0.03952,0.00127,1.52272,-0.00461,-0.11787
29305000000,5.34701,0.00212,-0.45850,0.99764,-0.05611,0.03958,0.00127,1.52661,-0.00495,-0.11774
29338000000,5.39594,0.00195,-0.46274,0.99764,-0.05592,0.03974,0.00132,1.52548,-0.00461,-0.11769
29371000000,5.44661,0.00189,-0.46661,0.99764,-0.05593,0.03978,0.00135,1.52696,-0.00462,-0.11633
29404000000,5.49908,0.00147,-0.46958,0.99763,-0.05642,0.03943,0.00135,1.52899,-0.00425,-0.11579
29437000000,5.54743,0.00113,-0.47372,0.99763,-0.05623,0.03951,0.00136,1.52653,-0.00424,-0.11594
29470000000,5.59762,0.00093,-0.47766,0.99763,-0.05623,0.03955,0.00138,1.52744,-0.00490,-0.11562
29503000000,5.64919,0.00036,-0.47944,0.99762,-0.05680,0.03894,0.00132,1.52840,-0.00541,-0.11207
29536000000,5.69768,0.00002,-0.48248,0.99764,-0.05658,0.03885,0.00132,1.52721,-0.00501,-0.11011
29569000000,5.74918,-0.00023,-0.48687,0.99763,-0.05657,0.03903,0.00134,1.52843,-0.00599,-0.11009
29602000000,5.80188,-0.00078,-0.48835,0.99762,-0.05730,0.03829,0.00125,1.53217,-0.00645,-0.10792
29635000000,5.85055,-0.00140,-0.49140,0.99764,-0.05709,0.03813,0.00125,1.53056,-0.00727,-0.10767
29668000000,5.90036,-0.00144,-0.49524,0.99763,-0.05708,0.03829,0.00123,1.53086,-0.00715,-0.10773
29701000000,5.95393,-0.00108,-0.50021,0.99761,-0.05731,0.03862,0.00116,1.53407,-0.00611,-0.11032
29734000000,6.00232,-0.00166,-0.50455,0.99761,-0.05716,0.03881,0.00125,1.53199,-0.00706,-0.11073
29767000000,6.05223,-0.00240,-0.50873,0.99761,-0.05714,0.03892,0.00124,1.53212,-0.00902,-0.11094
29800000000,6.10403,-0.00176,-0.51509,0.99759,-0.05690,0.03978,0.00124,1.53497,-0.00834,-0.11274
29833000000,6.15448,-0.00188,-0.51829,0.99759,-0.05686,0.03969,0.00127,1.53611,-0.00814,-0.11180
29866000000,6.20627,-0.00207,-0.52157,0.99759,-0.05695,0.03957,0.00120,1.53756,-0.00890,-0.11055
29899000000,6.25792,-0.00169,-0.52797,0.99757,-0.05684,0.04035,0.00120,1.53800,-0.00930,-0.11276
29932000000,6.30666,-0.00178,-0.53190,0.99756,-0.05677,0.04052,0.00123,1.53534,-0.00906,-0.11287
29965000000,6.35836,-0.00194,-0.53585,0.99756,-0.05681,0.04061,0.00117,1.53618,-0.00831,-0.11332
29998000000,6.41116,-0.00138,-0.54242,0.99752,-0.05698,0.04136,0.00115,1.54024,-0.00669,-0.11554
30031000000,6.46119,-0.00168,-0.54594,0.99752,-0.05690,0.04135,0.00120,1.53926,-0.00496,-0.11566
30064000000,6.51219,-0.00180,-0.54976,0.99752,-0.05700,0.04135,0.00122,1.53884,-0.00581,-0.11449
30097000000,6.56523,-0.00113,-0.55572,0.99748,-0.05735,0.04178,0.00119,1.54190,-0.00476,-0.11774
30130000000,6.61399,-0.00180,-0.55951,0.99749,-0.05725,0.04172,0.00121,1.53861,-0.00458,-0.11776
30163000000,6.66461,-0.00198,-0.56369,0.99748,-0.05733,0.04180,0.00117,1.53930,-0.00390,-0.11776
30196000000,6.71552,-0.00203,-0.56913,0.99745,-0.05754,0.04210,0.00109,1.54092,-0.00329,-0.12099
30229000000,6.76700,-0.00239,-0.57310,0.99746,-0.05751,0.04207,0.00108,1.54335,-0.00359,-0.11984
30262000000,6.81823,-0.00289,-0.57722,0.99746,-0.05752,0.04209,0.00108,1.54553,-0.00410,-0.12080
30295000000,6.87184,-0.00229,-0.58279,0.99743,-0.05785,0.04234,0.00100,1.54880,-0.00394,-0.12305
30328000000,6.92172,-0.00260,-0.58660,0.99743,-0.05772,0.04232,0.00101,1.54767,-0.00497,-0.12179
30361000000,6.97316,-0.00267,-0.59084,0.99743,-0.05778,0.04235,0.00102,1.54884,-0.00493,-0.12134
30394000000,7.02566,-0.00271,-0.59652,0.99740,-0.05806,0.04264,0.00101,1.55132,-0.00567,-0.12262
30427000000,7.07608,-0.00277,-0.60090,0.99740,-0.05811,0.04270,0.00106,1.55221,-0.00473,-0.12255
30460000000,7.12810,-0.00276,-0.60521,0.99739,-0.05818,0.04274,0.00103,1.55377,-0.00372,-0.12341
30493000000,7.18099,-0.00274,-0.61055,0.99737,-0.05844,0.04287,0.00099,1.55636,-0.00424,-0.12537
30526000000,7.23119,-0.00316,-0.61443,0.99738,-0.05830,0.04288,0.00098,1.55513,-0.00502,-0.12407
30559000000,7.28298,-0.00317,-0.61877,0.99737,-0.05838,0.04294,0.00104,1.55704,-0.00422,-0.12470
30592000000,7.33317,-0.00324,-0.62416,0.99736,-0.05844,0.04320,0.00098,1.55511,-0.00338,-0.12665
30625000000,7.38363,-0.00360,-0.62820,0.99736,-0.05837,0.04320,0.00106,1.55446,-0.00209,-0.12563
30658000000,7.43682,-0.00358,-0.63224,0.99736,-0.05843,0.04319,0.00101,1.55820,-0.00176,-0.12467
30691000000,7.48876,-0.00356,-0.63724,0.99734,-0.05859,0.04337,0.00094,1.55933,-0.00214,-0.12652
30724000000,7.53898,-0.00401,-0.64142,0.99735,-0.05846,0.04340,0.00093,1.55950,-0.00185,-0.12645
30757000000,7.59044,-0.00397,-0.64570,0.99734,-0.05848,0.04341,0.00087,1.56076,-0.00152,-0.12711
30790000000,7.64119,-0.00412,-0.65100,0.99733,-0.05862,0.04357,0.00081,1.56019,0.00028,-0.12761
30823000000,7.69251,-0.00429,-0.65510,0.99733,-0.05855,0.04360,0.00083,1.56154,-0.00047,-0.12791
30856000000,7.74457,-0.00421,-0.65929,0.99733,-0.05861,0.04366,0.00081,1.56260,0.00035,-0.12727
30889000000,7.79515,-0.00425,-0.66427,0.99731,-0.05870,0.04378,0.00078,1.56276,-0.00039,-0.12774
30922000000,7.84659,-0.00469,-0.66863,0.99732,-0.05859,0.04388,0.00088,1.56280,-0.00103,-0.12733
30955000000,7.89895,-0.00481,-0.67271,0.99731,-0.05863,0.04396,0.00087,1.56395,-0.00086,-0.12757
30988000000,7.94877,-0.00544,-0.67665,0.99731,-0.05865,0.04385,0.00079,1.56281,-0.00131,-0.12633
31021000000,8.00017,-0.00536,-0.68081,0.99731,-0.05867,0.04384,0.00080,1.56342,-0.00202,-0.12580
31054000000,8.05196,-0.00540,-0.68504,0.99731,-0.05872,0.04387,0.00082,1.56441,-0.00209,-0.12475
31087000000,8.10145,-0.00584,-0.68933,0.99731,-0.05865,0.04387,0.00077,1.56133,-0.00292,-0.12403
31120000000,8.15218,-0.00633,-0.69366,0.99731,-0.05863,0.04392,0.00085,1.56041,-0.00346,-0.12323
31153000000,8.20534,-0.00645,-0.69779,0.99731,-0.05867,0.04399,0.00078,1.56216,-0.00410,-0.12351
31186000000,8.25630,-0.00732,-0.70233,0.99731,-0.05845,0.04417,0.00074,1.56171,-0.00548,-0.12367
31219000000,8.30708,-0.00757,-0.70653,0.99731,-0.05845,0.04422,0.00078,1.56161,-0.00595,-0.12325
31252000000,8.35896,-0.00780,-0.71077,0.99730,-0.05851,0.04430,0.00075,1.56242,-0.00560,-0.12287
31285000000,8.41208,-0.00818,-0.71502,0.99730,-0.05852,0.04430,0.00067,1.56462,-0.00563,-0.12375
31318000000,8.46322,-0.00895,-0.71966,0.99730,-0.05842,0.04447,0.00071,1.56517,-0.00645,-0.12364
31351000000,8.51523,-0.00951,-0.72386,0.99730,-0.05828,0.04465,0.00070,1.56715,-0.00746,-0.12320
31384000000,8.56771,-0.01084,-0.72867,0.99731,-0.05807,0.04481,0.00068,1.56940,-0.00981,-0.12444
31417000000,8.61943,-0.01133,-0.73301,0.99731,-0.05799,0.04490,0.00073,1.57029,-0.00920,-0.12315
31450000000,8.67225,-0.01132,-0.73706,0.99730,-0.05807,0.04485,0.00075,1.57246,-0.00839,-0.12276
31483000000,8.72511,-0.01138,-0.74117,0.99730,-0.05817,0.04486,0.00076,1.57393,-0.00821,-0.12163
31516000000,8.77901,-0.01310,-0.74542,0.99730,-0.05819,0.04478,0.00066,1.57758,-0.01110,-0.12057
31549000000,8.83023,-0.01363,-0.74961,0.99730,-0.05819,0.04477,0.00067,1.57796,-0.01212,-0.12086
31582000000,8.88284,-0.01399,-0.75363,0.99730,-0.05824,0.04471,0.00067,1.57930,-0.01202,-0.12128
31615000000,8.93603,-0.01605,-0.75790,0.99730,-0.05840,0.04462,0.00058,1.58013,-0.01651,-0.11980
31648000000,8.98818,-0.01639,-0.76191,0.99730,-0.05837,0.04461,0.00057,1.58087,-0.01605,-0.11887
31681000000,9.04072,-0.01702,-0.76600,0.99729,-0.05847,0.04458,0.00057,1.58248,-0.01586,-0.11971
31714000000,9.09679,-0.01896,-0.77057,0.99729,-0.05863,0.04451,0.00053,1.58813,-0.01842,-0.12073
31747000000,9.14890,-0.02000,-0.77471,0.99729,-0.05854,0.04454,0.00057,1.58899,-0.01906,-0.11990
31780000000,9.20175,-0.02120,-0.77881,0.99729,-0.05849,0.04465,0.00063,1.59027,-0.02064,-0.11962
31813000000,9.25856,-0.02285,-0.78286,0.99728,-0.05897,0.04432,0.00060,1.59689,-0.02313,-0.11822
31846000000,9.31069,-0.02375,-0.78695,0.99728,-0.05896,0.04433,0.00057,1.59848,-0.02395,-0.11780
31879000000,9.36392,-0.02487,-0.79095,0.99727,-0.05896,0.04435,0.00057,1.60098,-0.02517,-0.11739
31912000000,9.41929,-0.02677,-0.79517,0.99727,-0.05924,0.04413,0.00053,1.60424,-0.02760,-0.11753
31945000000,9.47225,-0.02786,-0.79913,0.99727,-0.05923,0.04412,0.00055,1.60495,-0.02768,-0.11799
31978000000,9.52688,-0.02903,-0.80296,0.99727,-0.05927,0.04409,0.00055,1.60724,-0.02810,-0.11775
32011000000,9.58322,-0.03082,-0.80722,0.99726,-0.05962,0.04382,0.00045,1.61309,-0.03081,-0.11898
32044000000,9.63612,-0.03166,-0.81120,0.99726,-0.05959,0.04383,0.00048,1.61265,-0.03118,-0.11896
32077000000,9.69062,-0.03247,-0.81501,0.99726,-0.05963,0.04388,0.00045,1.61446,-0.03079,-0.11930
32110000000,9.74754,-0.03259,-0.81958,0.99724,-0.05999,0.04365,0.00040,1.61913,-0.02888,-0.12008
32143000000,9.79994,-0.03409,-0.82347,0.99725,-0.05991,0.04366,0.00037,1.61851,-0.02899,-0.11992
32176000000,9.85373,-0.03507,-0.82751,0.99725,-0.05991,0.04368,0.00033,1.62050,-0.02866,-0.11993
32209000000,9.91099,-0.03567,-0.83253,0.99724,-0.06015,0.04357,0.00031,1.62603,-0.02969,-0.12113
32242000000,9.96336,-0.03799,-0.83668,0.99724,-0.06000,0.04372,0.00029,1.62512,-0.03100,-0.12186
32275000000,10.01689,-0.03896,-0.84080,0.99724,-0.06000,0.04379,0.00031,1.62630,-0.02948,-0.12100
32308000000,10.07324,-0.03913,-0.84621,0.99723,-0.06015,0.04376,0.00030,1.63070,-0.02951,-0.12191
32341000000,10.12766,-0.03989,-0.85006,0.99723,-0.06014,0.04377,0.00030,1.63343,-0.02871,-0.12024
32374000000,10.18171,-0.04107,-0.85420,0.99723,-0.06013,0.04372,0.00031,1.63408,-0.03048,-0.12016
32407000000,10.23842,-0.04139,-0.86022,0.99723,-0.06011,0.04370,0.00032,1.63888,-0.02948,-0.12235
32440000000,10.29337,-0.04196,-0.86406,0.99724,-0.06010,0.04364,0.00030,1.63925,-0.02852,-0.12211
32473000000,10.34760,-0.04374,-0.86803,0.99723,-0.06012,0.04372,0.00030,1.63999,-0.03018,-0.12279
32506000000,10.40343,-0.04376,-0.87403,0.99724,-0.06001,0.04375,0.00029,1.64298,-0.02760,-0.12487
32539000000,10.45743,-0.04451,-0.87806,0.99724,-0.06000,0.04384,0.00025,1.64332,-0.02649,-0.12475
32572000000,10.51305,-0.04553,-0.88205,0.99723,-0.06005,0.04385,0.00021,1.64575,-0.02625,-0.12509
32605000000,10.57090,-0.04640,-0.88789,0.99724,-0.05999,0.04382,0.00023,1.65003,-0.02734,-0.12610
32638000000,10.62539,-0.04740,-0.89208,0.99724,-0.05998,0.04384,0.00018,1.65099,-0.02783,-0.12551
32671000000,10.68008,-0.04826,-0.89624,0.99724,-0.05999,0.04385,0.00019,1.65230,-0.02744,-0.12573
32704000000,10.73863,-0.04853,-0.90187,0.99723,-0.06001,0.04385,0.00021,1.65874,-0.02661,-0.12862
32737000000,10.79253,-0.04943,-0.90587,0.99723,-0.06002,0.04386,0.00023,1.65927,-0.02710,-0.12805
32770000000,10.84850,-0.05067,-0.90976,0.99723,-0.06008,0.04387,0.00025,1.66236,-0.02838,-0.12833
32803000000,10.90424,-0.05169,-0.91544,0.99723,-0.05995,0.04402,0.00028,1.66491,-0.02859,-0.13005
32836000000,10.95823,-0.05367,-0.92006,0.99723,-0.05982,0.04412,0.00025,1.66525,-0.03048,-0.13085
32869000000,11.01370,-0.05473,-0.92444,0.99723,-0.05986,0.04421,0.00030,1.66598,-0.02958,-0.13022
32902000000,11.06860,-0.05563,-0.92969,0.99723,-0.05981,0.04431,0.00029,1.66720,-0.02985,-0.13158
32935000000,11.12216,-0.05662,-0.93399,0.99723,-0.05976,0.04437,0.00032,1.66610,-0.03031,-0.13138
32968000000,11.17660,-0.05755,-0.93845,0.99723,-0.05974,0.04435,0.00030,1.66645,-0.03078,-0.13070
33001000000,11.22683,-0.05796,-0.94385,0.99723,-0.05963,0.04445,0.00026,1.66139,-0.03041,-0.13108
33034000000,11.28152,-0.05878,-0.94797,0.99723,-0.05963,0.04444,0.00028,1.66134,-0.02973,-0.13031
33067000000,11.33627,-0.05929,-0.95224,0.99723,-0.05966,0.04446,0.00024,1.66304,-0.02868,-0.12971
33100000000,11.38912,-0.05930,-0.95774,0.99722,-0.05964,0.04458,0.00024,1.66224,-0.02805,-0.13047
33133000000,11.44256,-0.06017,-0.96165,0.99723,-0.05960,0.04454,0.00026,1.66180,-0.02843,-0.13065
33166000000,11.49774,-0.06189,-0.96596,0.99722,-0.05964,0.04457,0.00017,1.66311,-0.02961,-0.13116
33199000000,11.54990,-0.06227,-0.97162,0.99722,-0.05964,0.04477,0.00019,1.66107,-0.02896,-0.13275
33232000000,11.60287,-0.06299,-0.97552,0.99722,-0.05961,0.04472,0.00019,1.65930,-0.02740,-0.13153
33265000000,11.65719,-0.06404,-0.98026,0.99722,-0.05956,0.04483,0.00019,1.66051,-0.02801,-0.13223
33298000000,11.70683,-0.06426,-0.98580,0.99722,-0.05951,0.04494,0.00022,1.65358,-0.02696,-0.13392
33331000000,11.76249,-0.06531,-0.99000,0.99721,-0.05951,0.04496,0.00019,1.65572,-0.02713,-0.13361
33364000000,11.81552,-0.06627,-0.99601,0.99721,-0.05941,0.04514,0.00016,1.65500,-0.02718,-0.13520
33397000000,11.86656,-0.06753,-1.00043,0.99722,-0.05931,0.04518,0.00019,1.65215,-0.02724,-0.13508
33430000000,11.92072,-0.06831,-1.00495,0.99722,-0.05930,0.04520,0.00013,1.65290,-0.02806,-0.13505
33463000000,11.97012,-0.06910,-1.01036,0.99721,-0.05923,0.04533,0.00010,1.64598,-0.02745,-0.13516
33496000000,12.02431,-0.06963,-1.01429,0.99721,-0.05931,0.04525,0.00005,1.64644,-0.02711,-0.13432
33529000000,12.07874,-0.06987,-1.01857,0.99721,-0.05938,0.04521,0.00002,1.64703,-0.02391,-0.13349
33562000000,12.12865,-0.06855,-1.02329,0.99721,-0.05940,0.04516,0.00001,1.64176,-0.01930,-0.13414
33595000000,12.18157,-0.07003,-1.02783,0.99721,-0.05931,0.04522,0.00007,1.64124,-0.01990,-0.13444
33628000000,12.23570,-0.07059,-1.03224,0.99721,-0.05931,0.04526,0.00004,1.64284,-0.02126,-0.13465
33661000000,12.28094,-0.06999,-1.03739,0.99722,-0.05904,0.04540,0.00000,1.63158,-0.01806,-0.13621
33694000000,12.33512,-0.07047,-1.04168,0.99722,-0.05912,0.04535,0.00001,1.63288,-0.01757,-0.13551
33727000000,12.38952,-0.07107,-1.04628,0.99722,-0.05912,0.04533,-0.00001,1.63630,-0.01723,-0.13502
33760000000,12.43561,-0.07056,-1.05194,0.99722,-0.05888,0.04556,0.00001,1.62609,-0.01544,-0.13803
33793000000,12.48880,-0.07140,-1.05660,0.99722,-0.05887,0.04561,0.00004,1.62609,-0.01617,-0.13709
33826000000,12.53438,-0.07139,-1.06208,0.99723,-0.05861,0.04589,0.00010,1.61574,-0.01429,-0.13821
33859000000,12.58872,-0.07200,-1.06671,0.99722,-0.05863,0.04592,0.00011,1.61791,-0.01407,-0.13782
33892000000,12.64275,-0.07240,-1.07133,0.99722,-0.05867,0.04595,0.00012,1.61897,-0.01388,-0.13701
33925000000,12.69036,-0.07235,-1.07628,0.99722,-0.05858,0.04608,0.00013,1.61216,-0.01155,-0.13557
33958000000,12.74421,-0.07250,-1.08064,0.99722,-0.05865,0.04604,0.00012,1.61386,-0.01060,-0.13437
33991000000,12.79831,-0.07269,-1.08521,0.99722,-0.05865,0.04605,0.00013,1.61634,-0.00897,-0.13388
34024000000,12.84430,-0.06933,-1.08959,0.99722,-0.05869,0.04586,0.00005,1.60710,-0.00083,-0.13486
34057000000,12.89781,-0.07339,-1.09442,0.99722,-0.05848,0.04613,0.00010,1.60803,-0.00676,-0.13354
34090000000,12.95186,-0.07368,-1.09886,0.99722,-0.05856,0.04611,0.00010,1.60951,-0.00600,-0.13277
34123000000,12.99644,-0.07397,-1.10360,0.99722,-0.05846,0.04626,0.00013,1.59884,-0.00537,-0.13227
34156000000,13.04901,-0.07428,-1.10802,0.99722,-0.05846,0.04628,0.00013,1.59882,-0.00406,-0.13187
34189000000,13.10315,-0.07436,-1.11229,0.99722,-0.05850,0.04619,0.00012,1.59980,-0.00294,-0.13143
34222000000,13.14802,-0.07495,-1.11694,0.99722,-0.05845,0.04624,0.00008,1.58908,-0.00293,-0.13220
34255000000,13.20099,-0.07513,-1.12133,0.99721,-0.05851,0.04627,0.00008,1.59198,-0.00293,-0.13173
34288000000,13.24412,-0.07585,-1.12590,0.99722,-0.05838,0.04641,0.00008,1.57873,-0.00262,-0.13189
34321000000,13.29565,-0.07629,-1.13021,0.99722,-0.05831,0.04644,0.00011,1.57794,-0.00131,-0.13154
34354000000,13.34859,-0.07639,-1.13460,0.99722,-0.05834,0.04643,0.00008,1.58045,0.00061,-0.13031
34387000000,13.39241,-0.07740,-1.13893,0.99721,-0.05839,0.04643,0.00007,1.57019,0.00019,-0.13152
34420000000,13.44387,-0.07759,-1.14344,0.99721,-0.05831,0.04650,0.00009,1.57093,-0.00026,-0.13168
34453000000,13.49622,-0.07766,-1.14786,0.99721,-0.05836,0.04649,0.00003,1.57194,-0.00035,-0.13026
34486000000,13.53958,-0.07811,-1.15267,0.99720,-0.05840,0.04662,-0.00004,1.56084,-0.00065,-0.13213
34519000000,13.59113,-0.07829,-1.15697,0.99721,-0.05838,0.04660,-0.00005,1.56085,-0.00037,-0.13152
34552000000,13.63558,-0.07922,-1.16161,0.99720,-0.05847,0.04665,-0.00002,1.55055,-0.00227,-0.13128
34585000000,13.68667,-0.07950,-1.16583,0.99720,-0.05849,0.04665,-0.00003,1.55096,-0.00256,-0.13093
34618000000,13.73875,-0.07957,-1.17027,0.99720,-0.05846,0.04662,-0.00005,1.55236,-0.00134,-0.13080
34651000000,13.78484,-0.08069,-1.17506,0.99720,-0.05856,0.04657,-0.00006,1.54537,-0.00177,-0.13142
34684000000,13.83673,-0.08070,-1.17956,0.99720,-0.05853,0.04660,-0.00001,1.54617,-0.00103,-0.13159
34717000000,13.88799,-0.08068,-1.18392,0.99720,-0.05853,0.04660,-0.00005,1.54699,-0.00036,-0.13040
34750000000,13.93514,-0.08175,-1.18883,0.99719,-0.05875,0.04657,-0.00003,1.54296,-0.00268,-0.13147
34783000000,13.98455,-0.08233,-1.19295,0.99719,-0.05869,0.04654,0.00003,1.54062,-0.00409,-0.13002
34816000000,14.03230,-0.08371,-1.19755,0.99719,-0.05882,0.04650,0.00005,1.53679,-0.00464,-0.13039
34849000000,14.08286,-0.08370,-1.20167,0.99719,-0.05885,0.04634,-0.00000,1.53662,-0.00204,-0.12897
34882000000,14.13037,-0.08473,-1.20613,0.99719,-0.05896,0.04621,-0.00002,1.53121,-0.00323,-0.12910
34915000000,14.18015,-0.08475,-1.21051,0.99719,-0.05896,0.04622,0.00000,1.53037,-0.00117,-0.12904
34948000000,14.23109,-0.08481,-1.21479,0.99719,-0.05897,0.04621,0.00000,1.53113,-0.00118,-0.12952
34981000000,14.27815,-0.08562,-1.21948,0.99719,-0.05907,0.04615,0.00001,1.52612,-0.00232,-0.13072
35014000000,14.32818,-0.08587,-1.22355,0.99719,-0.05911,0.04608,0.00001,1.52583,-0.00308,-0.12944
35047000000,14.37622,-0.08652,-1.22787,0.99719,-0.05923,0.04594,-0.00002,1.52287,-0.00251,-0.12923
35080000000,14.42661,-0.08647,-1.23212,0.99718,-0.05927,0.04595,-0.00001,1.52283,-0.00237,-0.12777
35113000000,14.47471,-0.08678,-1.23666,0.99718,-0.05934,0.04593,0.00000,1.51942,-0.00219,-0.12760
35146000000,14.52496,-0.08668,-1.24073,0.99718,-0.05938,0.04586,-0.00001,1.51918,-0.00258,-0.12619
35179000000,14.57566,-0.08687,-1.24490,0.99718,-0.05942,0.04577,-0.00006,1.52095,-0.00275,-0.12546
35212000000,14.62379,-0.08747,-1.24948,0.99718,-0.05939,0.04582,-0.00010,1.51854,-0.00289,-0.12638
35245000000,14.67386,-0.08766,-1.25350,0.99718,-0.05943,0.04572,-0.00009,1.51873,-0.00235,-0.12713
35278000000,14.72268,-0.08825,-1.25831,0.99719,-0.05946,0.04566,-0.00006,1.51776,-0.00237,-0.12753
35311000000,14.77250,-0.08847,-1.26251,0.99718,-0.05949,0.04565,-0.00007,1.51568,-0.00186,-0.12718
35344000000,14.82155,-0.08910,-1.26708,0.99719,-0.05953,0.04557,-0.00008,1.51306,-0.00331,-0.12767
35377000000,14.87083,-0.08939,-1.27129,0.99719,-0.05948,0.04560,-0.00012,1.51261,-0.00295,-0.12796
35410000000,14.91860,-0.08989,-1.27613,0.99719,-0.05937,0.04569,-0.00010,1.50922,-0.00275,-0.12924
35443000000,14.96878,-0.09019,-1.28045,0.99719,-0.05940,0.04572,-0.00010,1.51001,-0.00319,-0.12957
35476000000,15.01813,-0.09056,-1.28491,0.99719,-0.05947,0.04567,-0.00009,1.50815,-0.00345,-0.12962
35509000000,15.06861,-0.09056,-1.28913,0.99718,-0.05953,0.04564,-0.00008,1.50930,-0.00401,-0.12882
35542000000,15.11764,-0.09098,-1.29382,0.99718,-0.05948,0.04570,-0.00011,1.50822,-0.00336,-0.12890
35575000000,15.16713,-0.09109,-1.29804,0.99719,-0.05945,0.04567,-0.00010,1.50754,-0.00335,-0.12807
35608000000,15.21653,-0.09139,-1.30254,0.99718,-0.05948,0.04571,-0.00012,1.50722,-0.00269,-0.12859
35641000000,15.26653,-0.09137,-1.30665,0.99718,-0.05957,0.04565,-0.00017,1.50700,-0.00252,-0.12784
35674000000,15.31564,-0.09171,-1.31115,0.99718,-0.05951,0.04566,-0.00017,1.50528,-0.00287,-0.12726
35707000000,15.36576,-0.09175,-1.31521,0.99718,-0.05958,0.04560,-0.00022,1.50739,-0.00210,-0.12730
35740000000,15.41500,-0.09205,-1.31965,0.99719,-0.05951,0.04557,-0.00027,1.50546,-0.00130,-0.12686
35806000000,15.51436,-0.09218,-1.32796,0.99719,-0.05950,0.04559,-0.00031,1.50658,-0.00103,-0.12603
35839000000,15.56484,-0.09226,-1.33239,0.99719,-0.05963,0.04542,-0.00029,1.50844,-0.00192,-0.12707
35872000000,15.61470,-0.09247,-1.33655,0.99719,-0.05962,0.04542,-0.00032,1.50935,-0.00249,-0.12600
35905000000,15.66487,-0.09260,-1.34086,0.99719,-0.05968,0.04527,-0.00038,1.50937,-0.00198,-0.12622
35938000000,15.71454,-0.09258,-1.34487,0.99719,-0.05967,0.04526,-0.00040,1.51024,-0.00142,-0.12562
35971000000,15.76327,-0.09277,-1.34943,0.99721,-0.05947,0.04522,-0.00040,1.50678,-0.00132,-0.12701
36004000000,15.81310,-0.09284,-1.35368,0.99721,-0.05944,0.04524,-0.00036,1.50910,-0.00144,-0.12632
36037000000,15.86286,-0.09306,-1.35812,0.99721,-0.05942,0.04526,-0.00039,1.50849,-0.00089,-0.12760
36070000000,15.91267,-0.09314,-1.36224,0.99721,-0.05940,0.04529,-0.00042,1.50813,-0.00008,-0.12612
36103000000,15.96254,-0.09328,-1.36670,0.99721,-0.05943,0.04521,-0.00042,1.50864,-0.00090,-0.12654
36136000000,16.01233,-0.09325,-1.37094,0.99721,-0.05947,0.04519,-0.00049,1.50953,0.00032,-0.12755
36169000000,16.06152,-0.09350,-1.37553,0.99721,-0.05939,0.04518,-0.00047,1.50883,0.00025,-0.12797
36202000000,16.11120,-0.09359,-1.37982,0.99721,-0.05939,0.04514,-0.00049,1.51007,0.00125,-0.12747
36235000000,16.16043,-0.09373,-1.38449,0.99722,-0.05933,0.04517,-0.00054,1.50994,0.00057,-0.12756
36268000000,16.21032,-0.09363,-1.38856,0.99721,-0.05936,0.04520,-0.00054,1.50993,0.00111,-0.12651
36301000000,16.25993,-0.09350,-1.39322,0.99721,-0.05940,0.04522,-0.00052,1.50907,0.00185,-0.12821
36334000000,16.30981,-0.09356,-1.39732,0.99720,-0.05946,0.04525,-0.00048,1.50938,0.00138,-0.12658
36367000000,16.35926,-0.09350,-1.40182,0.99720,-0.05946,0.04526,-0.00049,1.50898,0.00178,-0.12619
36400000000,16.40902,-0.09357,-1.40603,0.99721,-0.05943,0.04522,-0.00049,1.50903,0.00244,-0.12593
36433000000,16.45805,-0.09375,-1.41058,0.99721,-0.05931,0.04524,-0.00053,1.50862,0.00366,-0.12621
36466000000,16.50776,-0.09376,-1.41476,0.99721,-0.05926,0.04529,-0.00056,1.50918,0.00253,-0.12644
36499000000,16.55648,-0.09426,-1.41933,0.99722,-0.05911,0.04532,-0.00055,1.50718,0.00266,-0.12613
36532000000,16.60600,-0.09439,-1.42350,0.99723,-0.05904,0.04530,-0.00059,1.50747,0.00297,-0.12626
36565000000,16.65487,-0.09489,-1.42824,0.99723,-0.05892,0.04540,-0.00058,1.50655,0.00231,-0.12580
36598000000,16.70478,-0.09473,-1.43223,0.99723,-0.05901,0.04530,-0.00064,1.50753,0.00396,-0.12473
36631000000,16.75401,-0.09480,-1.43686,0.99723,-0.05885,0.04539,-0.00066,1.50725,0.00330,-0.12562
36664000000,16.80378,-0.09467,-1.44083,0.99724,-0.05890,0.04529,-0.00065,1.50862,0.00324,-0.12597
36697000000,16.85319,-0.09475,-1.44542,0.99724,-0.05891,0.04528,-0.00062,1.50785,0.00317,-0.12652
36730000000,16.90336,-0.09418,-1.44934,0.99723,-0.05906,0.04515,-0.00070,1.50939,0.00381,-0.12634
36763000000,16.95262,-0.09423,-1.45389,0.99724,-0.05897,0.04514,-0.00069,1.50918,0.00344,-0.12638
36796000000,17.00236,-0.09406,-1.45793,0.99724,-0.05903,0.04512,-0.00076,1.50939,0.00418,-0.12495
36829000000,17.05219,-0.09380,-1.46204,0.99723,-0.05906,0.04512,-0.00081,1.50969,0.00468,-0.12516
36862000000,17.10141,-0.09393,-1.46675,0.99724,-0.05897,0.04515,-0.00085,1.50728,0.00562,-0.12438
36895000000,17.15115,-0.09394,-1.47081,0.99724,-0.05903,0.04508,-0.00080,1.50705,0.00594,-0.12409
36928000000,17.20047,-0.09413,-1.47567,0.99725,-0.05894,0.04503,-0.00083,1.50750,0.00496,-0.12599
36961000000,17.25021,-0.09425,-1.47969,0.99725,-0.05890,0.04491,-0.00088,1.50728,0.00520,-0.12512
36994000000,17.29983,-0.09453,-1.48428,0.99725,-0.05895,0.04485,-0.00086,1.50771,0.00427,-0.12479
37027000000,17.34969,-0.09431,-1.48837,0.99725,-0.05894,0.04489,-0.00092,1.50677,0.00492,-0.12462
37060000000,17.39946,-0.09418,-1.49243,0.99725,-0.05900,0.04482,-0.00093,1.50698,0.00604,-0.12363
37093000000,17.44888,-0.09454,-1.49693,0.99725,-0.05903,0.04479,-0.00096,1.50683,0.00569,-0.12369
37126000000,17.49838,-0.09440,-1.50085,0.99725,-0.05901,0.04483,-0.00097,1.50657,0.00567,-0.12251
37159000000,17.54806,-0.09486,-1.50520,0.99725,-0.05912,0.04469,-0.00096,1.50632,0.00360,-0.12342
37192000000,17.59757,-0.09490,-1.50928,0.99726,-0.05906,0.04464,-0.00100,1.50562,0.00359,-0.12323
37225000000,17.64747,-0.09549,-1.51367,0.99726,-0.05908,0.04451,-0.00101,1.50576,0.00246,-0.12325
37258000000,17.69746,-0.09531,-1.51766,0.99726,-0.05912,0.04446,-0.00103,1.50595,0.00292,-0.12249
37291000000,17.74737,-0.09537,-1.52178,0.99726,-0.05913,0.04451,-0.00105,1.50645,0.00239,-0.12154
37324000000,17.79712,-0.09597,-1.52611,0.99726,-0.05916,0.04442,-0.00107,1.50550,0.00153,-0.12161
37357000000,17.84677,-0.09550,-1.52997,0.99726,-0.05918,0.04436,-0.00111,1.50427,0.00234,-0.12023
37390000000,17.89603,-0.09641,-1.53445,0.99726,-0.05925,0.04432,-0.00104,1.50318,0.00086,-0.12122
37423000000,17.94542,-0.09637,-1.53835,0.99726,-0.05927,0.04428,-0.00106,1.50107,0.00022,-0.11988
37456000000,17.99403,-0.09728,-1.54307,0.99726,-0.05926,0.04424,-0.00105,1.49886,-0.00176,-0.12055
37489000000,18.04328,-0.09759,-1.54711,0.99726,-0.05923,0.04423,-0.00107,1.49804,-0.00136,-0.11889
37522000000,18.09267,-0.09775,-1.55117,0.99726,-0.05921,0.04429,-0.00106,1.49738,-0.00012,-0.11774
37555000000,18.14141,-0.09878,-1.55597,0.99726,-0.05927,0.04431,-0.00108,1.49672,-0.00296,-0.11815
37588000000,18.19099,-0.09893,-1.55983,0.99726,-0.05927,0.04425,-0.00107,1.49680,-0.00397,-0.11671
37621000000,18.24033,-0.09970,-1.56447,0.99726,-0.05937,0.04418,-0.00105,1.49713,-0.00494,-0.11802
37654000000,18.28937,-0.09983,-1.56851,0.99726,-0.05932,0.04413,-0.00104,1.49735,-0.00453,-0.11750
37687000000,18.33782,-0.10076,-1.57346,0.99726,-0.05936,0.04416,-0.00101,1.49546,-0.00635,-0.11929
37720000000,18.38709,-0.10108,-1.57723,0.99726,-0.05934,0.04414,-0.00103,1.49504,-0.00605,-0.11814
37753000000,18.43593,-0.10165,-1.58222,0.99726,-0.05939,0.04415,-0.00105,1.49404,-0.00587,-0.12053
37786000000,18.48405,-0.10207,-1.58623,0.99726,-0.05926,0.04421,-0.00104,1.49157,-0.00532,-0.11918
37819000000,18.53340,-0.10211,-1.59025,0.99726,-0.05929,0.04419,-0.00106,1.49154,-0.00469,-0.11854
37852000000,18.58213,-0.10246,-1.59524,0.99726,-0.05937,0.04421,-0.00108,1.49007,-0.00479,-0.11945
37885000000,18.63116,-0.10261,-1.59914,0.99726,-0.05938,0.04420,-0.00112,1.49064,-0.00421,-0.11796
37918000000,18.68010,-0.10261,-1.60305,0.99726,-0.05934,0.04424,-0.00109,1.49038,-0.00451,-0.11744
37951000000,18.72954,-0.10259,-1.60796,0.99725,-0.05943,0.04426,-0.00111,1.49067,-0.00428,-0.11867
37984000000,18.77799,-0.10270,-1.61176,0.99726,-0.05931,0.04428,-0.00106,1.48823,-0.00379,-0.11730
38017000000,18.82706,-0.10272,-1.61573,0.99725,-0.05933,0.04430,-0.00110,1.48646,-0.00291,-0.11766
38050000000,18.87603,-0.10317,-1.62104,0.99725,-0.05939,0.04431,-0.00111,1.48608,-0.00369,-0.12082
38083000000,18.92509,-0.10351,-1.62483,0.99725,-0.05939,0.04432,-0.00110,1.48556,-0.00221,-0.11984
38116000000,18.97431,-0.10413,-1.62994,0.99725,-0.05937,0.04434,-0.00113,1.48509,-0.00312,-0.11997
38149000000,19.02266,-0.10455,-1.63394,0.99726,-0.05924,0.04439,-0.00111,1.48288,-0.00485,-0.11863
38182000000,19.07223,-0.10505,-1.63867,0.99725,-0.05926,0.04438,-0.00116,1.48307,-0.00438,-0.11959
38215000000,19.12145,-0.10534,-1.64256,0.99726,-0.05925,0.04439,-0.00115,1.48271,-0.00534,-0.11844
38248000000,19.17019,-0.10558,-1.64656,0.99726,-0.05918,0.04441,-0.00110,1.48191,-0.00589,-0.11637
38281000000,19.21981,-0.10670,-1.65137,0.99726,-0.05921,0.04440,-0.00109,1.48226,-0.00778,-0.11677
38314000000,19.26838,-0.10703,-1.65518,0.99726,-0.05913,0.04443,-0.00111,1.48086,-0.00790,-0.11661
38347000000,19.31844,-0.10769,-1.65972,0.99726,-0.05922,0.04434,-0.00112,1.48250,-0.00861,-0.11874
38380000000,19.36621,-0.10807,-1.66357,0.99726,-0.05918,0.04439,-0.00115,1.48047,-0.01015,-0.11832
38413000000,19.41570,-0.10847,-1.66800,0.99726,-0.05924,0.04438,-0.00118,1.48184,-0.01011,-0.11962
38446000000,19.46469,-0.10867,-1.67188,0.99726,-0.05926,0.04428,-0.00117,1.48125,-0.01017,-0.11878
38479000000,19.51397,-0.10878,-1.67575,0.99726,-0.05932,0.04422,-0.00119,1.48146,-0.00943,-0.11770
38512000000,19.56254,-0.10913,-1.68044,0.99726,-0.05925,0.04426,-0.00124,1.48091,-0.00934,-0.11769
38545000000,19.61095,-0.10932,-1.68431,0.99726,-0.05924,0.04427,-0.00124,1.47886,-0.00836,-0.11705
38578000000,19.66062,-0.10934,-1.68873,0.99725,-0.05935,0.04426,-0.00126,1.47983,-0.00801,-0.11721
38611000000,19.70838,-0.11001,-1.69251,0.99726,-0.05924,0.04431,-0.00121,1.47897,-0.00852,-0.11699
38644000000,19.75728,-0.11046,-1.69630,0.99726,-0.05922,0.04433,-0.00122,1.47771,-0.00881,-0.11543
38677000000,19.80579,-0.11114,-1.70096,0.99726,-0.05921,0.04432,-0.00120,1.47642,-0.00983,-0.11545
38710000000,19.85412,-0.11140,-1.70479,0.99726,-0.05924,0.04434,-0.00121,1.47557,-0.00938,-0.11463
38743000000,19.90323,-0.11143,-1.70854,0.99726,-0.05929,0.04433,-0.00123,1.47710,-0.00933,-0.11322
38776000000,19.95206,-0.11188,-1.71309,0.99725,-0.05927,0.04439,-0.00124,1.47641,-0.01076,-0.11403
38809000000,19.99969,-0.11268,-1.71673,0.99726,-0.05918,0.04443,-0.00123,1.47512,-0.01073,-0.11150
38842000000,20.04842,-0.11303,-1.72044,0.99725,-0.05919,0.04447,-0.00124,1.47444,-0.01068,-0.11002
38875000000,20.09710,-0.11340,-1.72491,0.99726,-0.05920,0.04438,-0.00126,1.47348,-0.01022,-0.10981
38908000000,20.14516,-0.11368,-1.72863,0.99726,-0.05914,0.04439,-0.00132,1.47194,-0.01013,-0.10890
38941000000,20.19373,-0.11422,-1.73230,0.99726,-0.05917,0.04439,-0.00135,1.47157,-0.01098,-0.10719
38974000000,20.24290,-0.11463,-1.73693,0.99726,-0.05926,0.04430,-0.00136,1.47081,-0.01123,-0.10799
39007000000,20.28985,-0.11536,-1.74040,0.99726,-0.05918,0.04439,-0.00133,1.46851,-0.01173,-0.10679
39040000000,20.33897,-0.11557,-1.74492,0.99726,-0.05923,0.04434,-0.00131,1.46794,-0.01084,-0.10718
39073000000,20.38673,-0.11600,-1.74844,0.99726,-0.05919,0.04439,-0.00130,1.46523,-0.01174,-0.10655
39106000000,20.43487,-0.11603,-1.75198,0.99726,-0.05923,0.04440,-0.00131,1.46472,-0.01146,-0.10509
39139000000,20.48392,-0.11581,-1.75668,0.99725,-0.05928,0.04440,-0.00132,1.46450,-0.01156,-0.10681
39172000000,20.53229,-0.11600,-1.76001,0.99725,-0.05930,0.04435,-0.00127,1.46284,-0.01194,-0.10550
39205000000,20.58020,-0.11621,-1.76353,0.99725,-0.05932,0.04435,-0.00131,1.46305,-0.01268,-0.10558
39238000000,20.63093,-0.11585,-1.76819,0.99725,-0.05939,0.04430,-0.00136,1.46714,-0.01154,-0.10612
39271000000,20.67816,-0.11655,-1.77172,0.99726,-0.05927,0.04435,-0.00133,1.46621,-0.01377,-0.10442
39304000000,20.72744,-0.11651,-1.77694,0.99726,-0.05924,0.04434,-0.00136,1.46678,-0.01249,-0.10637
39337000000,20.77577,-0.11697,-1.78060,0.99726,-0.05921,0.04438,-0.00134,1.46615,-0.01162,-0.10635
39370000000,20.82510,-0.11700,-1.78570,0.99726,-0.05918,0.04432,-0.00142,1.46541,-0.01142,-0.10867
39403000000,20.87300,-0.11774,-1.78923,0.99727,-0.05912,0.04432,-0.00143,1.46514,-0.01325,-0.10705
39436000000,20.92228,-0.11766,-1.79419,0.99727,-0.05911,0.04423,-0.00151,1.46596,-0.01396,-0.10876
39469000000,20.96947,-0.11865,-1.79771,0.99727,-0.05901,0.04433,-0.00154,1.46318,-0.01650,-0.10719
39502000000,21.01791,-0.11919,-1.80260,0.99727,-0.05900,0.04433,-0.00154,1.46372,-0.01805,-0.10926
39535000000,21.06643,-0.12015,-1.80588,0.99727,-0.05905,0.04430,-0.00156,1.46300,-0.01970,-0.10711
39568000000,21.11414,-0.12025,-1.81080,0.99727,-0.05900,0.04432,-0.00159,1.46075,-0.01952,-0.11029
39601000000,21.16198,-0.12087,-1.81439,0.99727,-0.05897,0.04437,-0.00156,1.46026,-0.02036,-0.10944
39634000000,21.21029,-0.12148,-1.81788,0.99727,-0.05897,0.04438,-0.00152,1.45960,-0.02023,-0.10760
39667000000,21.25837,-0.12165,-1.82274,0.99727,-0.05890,0.04439,-0.00152,1.45881,-0.02020,-0.11084
39700000000,21.30583,-0.12258,-1.82626,0.99727,-0.05891,0.04445,-0.00147,1.45771,-0.02213,-0.10917
39733000000,21.35411,-0.12273,-1.83092,0.99727,-0.05894,0.04439,-0.00147,1.45777,-0.02276,-0.10956
39766000000,21.40188,-0.12327,-1.83446,0.99727,-0.05896,0.04441,-0.00143,1.45650,-0.02274,-0.10750
39799000000,21.44978,-0.12356,-1.83919,0.99727,-0.05893,0.04451,-0.00141,1.45574,-0.02248,-0.10868
39832000000,21.49772,-0.12437,-1.84281,0.99727,-0.05891,0.04451,-0.00141,1.45532,-0.02338,-0.10757
39865000000,21.54592,-0.12502,-1.84642,0.99727,-0.05895,0.04456,-0.00144,1.45605,-0.02332,-0.10718
39898000000,21.59559,-0.12522,-1.85121,0.99727,-0.05894,0.04446,-0.00144,1.45828,-0.02181,-0.10893
39931000000,21.64282,-0.12619,-1.85483,0.99727,-0.05885,0.04456,-0.00145,1.45747,-0.02248,-0.10804
39964000000,21.69276,-0.12648,-1.85925,0.99727,-0.05899,0.04435,-0.00147,1.45972,-0.02260,-0.10894
39997000000,21.74021,-0.12723,-1.86288,0.99727,-0.05896,0.04444,-0.00148,1.45788,-0.02332,-0.10819
40030000000,21.78922,-0.12759,-1.86741,0.99727,-0.05908,0.04425,-0.00145,1.45912,-0.02286,-0.10982
40063000000,21.83692,-0.12845,-1.87100,0.99727,-0.05906,0.04431,-0.00144,1.45781,-0.02329,-0.10974
40096000000,21.88638,-0.12834,-1.87557,0.99727,-0.05919,0.04418,-0.00142,1.46069,-0.02197,-0.11090
40129000000,21.93402,-0.12944,-1.87906,0.99727,-0.05915,0.04416,-0.00145,1.45915,-0.02396,-0.11009
40162000000,21.98233,-0.12942,-1.88371,0.99727,-0.05912,0.04413,-0.00144,1.45848,-0.02328,-0.11007
40195000000,22.03024,-0.13030,-1.88724,0.99727,-0.05906,0.04420,-0.00138,1.45933,-0.02476,-0.10882
40228000000,22.07906,-0.13020,-1.89179,0.99727,-0.05919,0.04408,-0.00143,1.45994,-0.02254,-0.11022
40261000000,22.12693,-0.13087,-1.89540,0.99728,-0.05911,0.04409,-0.00146,1.46028,-0.02299,-0.11044
40294000000,22.17632,-0.13061,-1.90005,0.99728,-0.05914,0.04401,-0.00151,1.46099,-0.02127,-0.11145
40327000000,22.22418,-0.13140,-1.90356,0.99728,-0.05911,0.04402,-0.00153,1.45980,-0.02126,-0.10973
40360000000,22.27215,-0.13214,-1.90724,0.99728,-0.05906,0.04404,-0.00153,1.45856,-0.02072,-0.10909
40393000000,22.32127,-0.13181,-1.91204,0.99728,-0.05906,0.04405,-0.00157,1.45978,-0.01885,-0.11012
40426000000,22.36911,-0.13253,-1.91557,0.99728,-0.05907,0.04398,-0.00162,1.45931,-0.02029,-0.10974
40459000000,22.41826,-0.13229,-1.92028,0.99729,-0.05904,0.04398,-0.00161,1.46069,-0.01875,-0.11035
40492000000,22.46589,-0.13294,-1.92404,0.99729,-0.05897,0.04406,-0.00158,1.45880,-0.01836,-0.10891
40525000000,22.51473,-0.13248,-1.92900,0.99729,-0.05888,0.04409,-0.00155,1.45918,-0.01622,-0.11049
40558000000,22.56281,-0.13296,-1.93251,0.99729,-0.05891,0.04410,-0.00161,1.45840,-0.01557,-0.10879
40591000000,22.61098,-0.13345,-1.93605,0.99729,-0.05891,0.04407,-0.00162,1.45784,-0.01576,-0.10743
40624000000,22.65966,-0.13337,-1.94091,0.99729,-0.05880,0.04408,-0.00162,1.45904,-0.01398,-0.10965
40657000000,22.70771,-0.13382,-1.94430,0.99729,-0.05880,0.04411,-0.00163,1.45901,-0.01452,-0.10791
40690000000,22.75691,-0.13370,-1.94896,0.99730,-0.05880,0.04407,-0.00161,1.46046,-0.01337,-0.10819
40723000000,22.80471,-0.13438,-1.95260,0.99729,-0.05880,0.04409,-0.00165,1.45887,-0.01437,-0.10873
40756000000,22.85342,-0.13421,-1.95727,0.99730,-0.05872,0.04416,-0.00169,1.45993,-0.01265,-0.11016
40789000000,22.90148,-0.13472,-1.96070,0.99729,-0.05877,0.04420,-0.00162,1.45998,-0.01224,-0.10922
40822000000,22.95009,-0.13493,-1.96552,0.99729,-0.05874,0.04421,-0.00157,1.46138,-0.01187,-0.11074
40855000000,22.99800,-0.13544,-1.96918,0.99730,-0.05864,0.04425,-0.00156,1.46025,-0.01314,-0.11018
40888000000,23.04621,-0.13594,-1.97292,0.99730,-0.05864,0.04420,-0.00156,1.45895,-0.01304,-0.10999
40921000000,23.09528,-0.13621,-1.97770,0.99730,-0.05870,0.04415,-0.00155,1.45925,-0.01191,-0.11166
40954000000,23.14306,-0.13666,-1.98155,0.99729,-0.05871,0.04420,-0.00156,1.45872,-0.01270,-0.11197
40987000000,23.19115,-0.13702,-1.98528,0.99729,-0.05874,0.04420,-0.00156,1.45905,-0.01188,-0.11216
41020000000,23.23970,-0.13751,-1.98999,0.99729,-0.05877,0.04414,-0.00162,1.45919,-0.01235,-0.11178
41053000000,23.28833,-0.13783,-1.99362,0.99729,-0.05882,0.04411,-0.00170,1.45878,-0.01187,-0.11044
41086000000,23.33667,-0.13791,-1.99722,0.99729,-0.05885,0.04408,-0.00172,1.45961,-0.01122,-0.10920
41119000000,23.38696,-0.13765,-2.00194,0.99729,-0.05897,0.04393,-0.00175,1.46384,-0.01077,-0.10992
41152000000,23.43486,-0.13792,-2.00549,0.99729,-0.05895,0.04397,-0.00178,1.46270,-0.00854,-0.10944
41185000000,23.48311,-0.13826,-2.00916,0.99729,-0.05893,0.04390,-0.00175,1.46252,-0.00902,-0.10736
41218000000,23.53266,-0.13821,-2.01399,0.99729,-0.05899,0.04389,-0.00173,1.46478,-0.00834,-0.10922
41251000000,23.58091,-0.13865,-2.01747,0.99729,-0.05895,0.04391,-0.00170,1.46518,-0.00854,-0.10818
41284000000,23.62909,-0.13898,-2.02116,0.99730,-0.05887,0.04392,-0.00167,1.46488,-0.00907,-0.10745
41317000000,23.67869,-0.13920,-2.02588,0.99729,-0.05896,0.04394,-0.00162,1.46666,-0.00836,-0.10809
41350000000,23.72743,-0.13962,-2.02945,0.99729,-0.05903,0.04395,-0.00159,1.46734,-0.00807,-0.10734
41383000000,23.77590,-0.13992,-2.03322,0.99728,-0.05903,0.04401,-0.00164,1.46788,-0.00901,-0.10659
41416000000,23.82518,-0.14058,-2.03795,0.99729,-0.05899,0.04403,-0.00167,1.46851,-0.01084,-0.10825
41449000000,23.87367,-0.14102,-2.04147,0.99728,-0.05903,0.04403,-0.00170,1.46823,-0.01115,-0.10710
41482000000,23.92225,-0.14172,-2.04624,0.99728,-0.05900,0.04404,-0.00174,1.46804,-0.01201,-0.10850
41515000000,23.97044,-0.14219,-2.04984,0.99728,-0.05900,0.04409,-0.00172,1.46703,-0.01254,-0.10752
41548000000,24.01908,-0.14304,-2.05454,0.99728,-0.05906,0.04410,-0.00173,1.46731,-0.01374,-0.10879
41581000000,24.06761,-0.14345,-2.05822,0.99728,-0.05904,0.04411,-0.00177,1.46735,-0.01288,-0.10728
41614000000,24.11609,-0.14398,-2.06194,0.99728,-0.05906,0.04410,-0.00181,1.46751,-0.01193,-0.10780
41647000000,24.16551,-0.14450,-2.06652,0.99728,-0.05912,0.04403,-0.00181,1.46954,-0.01090,-0.10792
41680000000,24.21401,-0.14469,-2.07006,0.99728,-0.05910,0.04399,-0.00183,1.47079,-0.01048,-0.10726
41713000000,24.26273,-0.14503,-2.07484,0.99728,-0.05905,0.04408,-0.00183,1.47165,-0.01041,-0.10963
41746000000,24.31153,-0.14536,-2.07839,0.99728,-0.05904,0.04411,-0.00183,1.47164,-0.01070,-0.10920
41779000000,24.36004,-0.14601,-2.08321,0.99728,-0.05902,0.04422,-0.00187,1.47193,-0.01250,-0.10986
41812000000,24.40838,-0.14668,-2.08660,0.99728,-0.05898,0.04424,-0.00190,1.47234,-0.01277,-0.10885
41845000000,24.45702,-0.14749,-2.09136,0.99728,-0.05892,0.04427,-0.00191,1.47103,-0.01328,-0.11070
41878000000,24.50542,-0.14787,-2.09498,0.99728,-0.05891,0.04434,-0.00193,1.47218,-0.01404,-0.10930
41911000000,24.55560,-0.14822,-2.09940,0.99727,-0.05910,0.04419,-0.00190,1.47540,-0.01327,-0.10920
41944000000,24.60455,-0.14834,-2.10290,0.99727,-0.05911,0.04417,-0.00190,1.47623,-0.01469,-0.10870
41977000000,24.65405,-0.14883,-2.10735,0.99727,-0.05914,0.04412,-0.00190,1.47744,-0.01599,-0.10993
42010000000,24.70259,-0.14928,-2.11093,0.99727,-0.05911,0.04413,-0.00193,1.47668,-0.01740,-0.10976
42043000000,24.75147,-0.14969,-2.11555,0.99728,-0.05907,0.04411,-0.00189,1.47619,-0.01803,-0.11101
42076000000,24.80012,-0.15012,-2.11927,0.99728,-0.05905,0.04411,-0.00191,1.47675,-0.01863,-0.11051
42109000000,24.84883,-0.15051,-2.12394,0.99728,-0.05900,0.04409,-0.00189,1.47678,-0.01966,-0.11281
42142000000,24.89781,-0.15125,-2.12762,0.99728,-0.05899,0.04407,-0.00186,1.47711,-0.02046,-0.11087
42175000000,24.94634,-0.15164,-2.13229,0.99728,-0.05895,0.04412,-0.00193,1.47642,-0.01988,-0.11166
42208000000,24.99517,-0.15213,-2.13599,0.99728,-0.05895,0.04416,-0.00197,1.47662,-0.01974,-0.11115
42241000000,25.04414,-0.15254,-2.14064,0.99728,-0.05894,0.04418,-0.00200,1.47749,-0.01962,-0.11365
42274000000,25.09320,-0.15312,-2.14423,0.99728,-0.05902,0.04416,-0.00198,1.47805,-0.01925,-0.11283
42307000000,25.14179,-0.15316,-2.14883,0.99728,-0.05898,0.04415,-0.00201,1.47751,-0.01782,-0.11369
42340000000,25.19063,-0.15372,-2.15254,0.99728,-0.05897,0.04418,-0.00206,1.47936,-0.02010,-0.11236
42373000000,25.23927,-0.15407,-2.15718,0.99728,-0.05894,0.04424,-0.00206,1.47899,-0.01965,-0.11496
42406000000,25.28775,-0.15497,-2.16101,0.99728,-0.05884,0.04430,-0.00210,1.47811,-0.02078,-0.11345
42439000000,25.33631,-0.15518,-2.16566,0.99728,-0.05879,0.04437,-0.00210,1.47681,-0.02044,-0.11405
42472000000,25.38484,-0.15597,-2.16942,0.99728,-0.05880,0.04442,-0.00207,1.47591,-0.02269,-0.11493
42505000000,25.43305,-0.15623,-2.17415,0.99728,-0.05871,0.04455,-0.00206,1.47489,-0.02256,-0.11464
42538000000,25.48200,-0.15691,-2.17782,0.99728,-0.05875,0.04455,-0.00209,1.47631,-0.02282,-0.11367
42571000000,25.53067,-0.15730,-2.18240,0.99728,-0.05873,0.04454,-0.00214,1.47591,-0.02205,-0.11664
42604000000,25.57993,-0.15818,-2.18688,0.99728,-0.05873,0.04453,-0.00212,1.49170,-0.02484,-0.14018
42637000000,25.62900,-0.15881,-2.19199,0.99728,-0.05877,0.04449,-0.00213,1.49121,-0.02439,-0.14092
42670000000,25.67823,-0.15980,-2.19649,0.99728,-0.05879,0.04449,-0.00214,1.49183,-0.02466,-0.14094
42703000000,25.72738,-0.16037,-2.20137,0.99727,-0.05890,0.04451,-0.00215,1.49234,-0.02509,-0.13970
42736000000,25.77682,-0.16116,-2.20578,0.99727,-0.05891,0.04447,-0.00215,1.49323,-0.02556,-0.13822
42769000000,25.82580,-0.16165,-2.21048,0.99727,-0.05898,0.04442,-0.00209,1.49314,-0.02416,-0.13739
42802000000,25.87514,-0.16240,-2.21502,0.99727,-0.05897,0.04440,-0.00208,1.49235,-0.02391,-0.13722
42835000000,25.92344,-0.16307,-2.21980,0.99727,-0.05885,0.04446,-0.00209,1.49070,-0.02327,-0.13702
42868000000,25.97282,-0.16370,-2.22432,0.99728,-0.05884,0.04443,-0.00206,1.49041,-0.02348,-0.13669
42901000000,26.02153,-0.16401,-2.22867,0.99727,-0.05896,0.04439,-0.00207,1.48972,-0.02219,-0.13542
42934000000,26.07078,-0.16480,-2.23301,0.99727,-0.05902,0.04436,-0.00205,1.48939,-0.02278,-0.13336
42967000000,26.11955,-0.16512,-2.23715,0.99727,-0.05912,0.04430,-0.00206,1.48834,-0.02244,-0.13109
43000000000,26.16833,-0.16590,-2.24145,0.99727,-0.05910,0.04432,-0.00203,1.48765,-0.02197,-0.13132
43033000000,26.21672,-0.16625,-2.24549,0.99727,-0.05917,0.04422,-0.00206,1.48557,-0.02112,-0.13045
43066000000,26.26549,-0.16700,-2.24980,0.99726,-0.05921,0.04421,-0.00204,1.48564,-0.02079,-0.13093
43099000000,26.31406,-0.16757,-2.25381,0.99727,-0.05917,0.04414,-0.00201,1.48501,-0.02042,-0.13059
43132000000,26.36301,-0.16826,-2.25806,0.99727,-0.05918,0.04411,-0.00205,1.48528,-0.02115,-0.13022
43165000000,26.41225,-0.16850,-2.26172,0.99726,-0.05941,0.04393,-0.00206,1.48611,-0.01964,-0.12841
43198000000,26.46148,-0.16909,-2.26583,0.99726,-0.05949,0.04383,-0.00211,1.48698,-0.02081,-0.12837
43231000000,26.51091,-0.16923,-2.26889,0.99726,-0.06001,0.04330,-0.00211,1.48746,-0.01959,-0.12673
43264000000,26.55971,-0.17005,-2.27330,0.99727,-0.05980,0.04331,-0.00209,1.48605,-0.02118,-0.12571
43297000000,26.60895,-0.17034,-2.27790,0.99727,-0.05961,0.04357,-0.00211,1.48616,-0.02048,-0.12719
43330000000,26.65832,-0.17097,-2.28228,0.99727,-0.05951,0.04371,-0.00209,1.48725,-0.02167,-0.12517
43363000000,26.70723,-0.17170,-2.28663,0.99727,-0.05939,0.04379,-0.00208,1.48598,-0.02198,-0.12449
43396000000,26.75733,-0.17203,-2.29110,0.99726,-0.05944,0.04389,-0.00203,1.48694,-0.02163,-0.12556
43429000000,26.80647,-0.17268,-2.29530,0.99727,-0.05941,0.04390,-0.00203,1.48787,-0.02175,-0.12422
43462000000,26.85578,-0.17313,-2.29958,0.99727,-0.05939,0.04391,-0.00209,1.48897,-0.02066,-0.12388
43495000000,26.90468,-0.17381,-2.30352,0.99726,-0.05951,0.04381,-0.00207,1.48845,-0.02112,-0.12260
43528000000,26.95366,-0.17424,-2.30783,0.99727,-0.05933,0.04389,-0.00207,1.48760,-0.01907,-0.12252
43561000000,27.00257,-0.17491,-2.31211,0.99728,-0.05914,0.04401,-0.00212,1.48786,-0.02004,-0.12240
43594000000,27.05114,-0.17525,-2.31652,0.99728,-0.05907,0.04407,-0.00207,1.48695,-0.01944,-0.12274
43627000000,27.10034,-0.17596,-2.32056,0.99728,-0.05903,0.04409,-0.00210,1.48643,-0.02070,-0.12058
43660000000,27.14886,-0.17613,-2.32475,0.99728,-0.05910,0.04405,-0.00207,1.48403,-0.01964,-0.11897
43693000000,27.19800,-0.17674,-2.32889,0.99728,-0.05904,0.04408,-0.00212,1.48314,-0.01951,-0.11790
43726000000,27.24640,-0.17672,-2.33345,0.99728,-0.05896,0.04423,-0.00213,1.48332,-0.01752,-0.11925
43759000000,27.29536,-0.17726,-2.33733,0.99728,-0.05896,0.04421,-0.00213,1.48340,-0.01739,-0.11875
43792000000,27.34420,-0.17737,-2.34175,0.99728,-0.05892,0.04425,-0.00220,1.48359,-0.01628,-0.11938
43825000000,27.39320,-0.17794,-2.34563,0.99728,-0.05892,0.04430,-0.00222,1.48423,-0.01614,-0.11826
43858000000,27.44172,-0.17803,-2.35041,0.99728,-0.05868,0.04449,-0.00224,1.48408,-0.01370,-0.11896
43891000000,27.49091,-0.17856,-2.35446,0.99729,-0.05864,0.04445,-0.00228,1.48424,-0.01453,-0.11959
43924000000,27.53987,-0.17871,-2.35921,0.99729,-0.05859,0.04455,-0.00225,1.48498,-0.01395,-0.12145
43957000000,27.58901,-0.17917,-2.36321,0.99729,-0.05860,0.04453,-0.00226,1.48575,-0.01404,-0.12157
43990000000,27.63823,-0.17943,-2.36782,0.99728,-0.05872,0.04450,-0.00221,1.48597,-0.01300,-0.12180
44023000000,27.68726,-0.17988,-2.37186,0.99728,-0.05870,0.04450,-0.00223,1.48640,-0.01324,-0.12085
44056000000,27.73590,-0.18021,-2.37651,0.99727,-0.05875,0.04458,-0.00223,1.48592,-0.01272,-0.12060
44089000000,27.78505,-0.18050,-2.38034,0.99727,-0.05878,0.04463,-0.00220,1.48602,-0.01168,-0.11854
44122000000,27.83372,-0.18071,-2.38482,0.99727,-0.05884,0.04463,-0.00225,1.48474,-0.01164,-0.11786
44155000000,27.88259,-0.18113,-2.38880,0.99727,-0.05883,0.04463,-0.00227,1.48534,-0.01020,-0.11681
44188000000,27.93134,-0.18132,-2.39323,0.99726,-0.05892,0.04464,-0.00225,1.48430,-0.00888,-0.11713
44221000000,27.98042,-0.18174,-2.39703,0.99726,-0.05888,0.04468,-0.00224,1.48582,-0.00802,-0.11748
44254000000,28.02978,-0.18200,-2.40153,0.99726,-0.05893,0.04467,-0.00222,1.48669,-0.00825,-0.11747
44287000000,28.07884,-0.18243,-2.40539,0.99726,-0.05894,0.04471,-0.00222,1.48597,-0.00768,-0.11838
44320000000,28.12864,-0.18288,-2.40965,0.99726,-0.05900,0.04466,-0.00222,1.48846,-0.00813,-0.11682
44353000000,28.17733,-0.18309,-2.41360,0.99726,-0.05892,0.04470,-0.00226,1.48766,-0.00805,-0.11587
44386000000,28.22659,-0.18351,-2.41785,0.99726,-0.05892,0.04468,-0.00230,1.48817,-0.00857,-0.11677
44419000000,28.27548,-0.18361,-2.42161,0.99726,-0.05893,0.04474,-0.00230,1.48705,-0.00692,-0.11542
44452000000,28.32450,-0.18390,-2.42594,0.99726,-0.05893,0.04469,-0.00230,1.48688,-0.00793,-0.11568
44485000000,28.37345,-0.18415,-2.42969,0.99726,-0.05888,0.04473,-0.00233,1.48654,-0.00752,-0.11446
44518000000,28.42285,-0.18449,-2.43401,0.99726,-0.05897,0.04464,-0.00235,1.48747,-0.00941,-0.11533
44551000000,28.47144,-0.18483,-2.43790,0.99726,-0.05890,0.04461,-0.00231,1.48826,-0.00872,-0.11525
44584000000,28.52021,-0.18530,-2.44240,0.99726,-0.05890,0.04461,-0.00233,1.48764,-0.00847,-0.11672
44617000000,28.56896,-0.18549,-2.44615,0.99727,-0.05880,0.04465,-0.00236,1.48677,-0.00828,-0.11406
44650000000,28.61772,-0.18588,-2.45057,0.99727,-0.05879,0.04465,-0.00238,1.48563,-0.00823,-0.11467
44683000000,28.66665,-0.18616,-2.45435,0.99727,-0.05883,0.04462,-0.00243,1.48525,-0.00740,-0.11448
44716000000,28.71591,-0.18676,-2.45891,0.99726,-0.05886,0.04467,-0.00245,1.48565,-0.00704,-0.11596
44749000000,28.76456,-0.18681,-2.46266,0.99726,-0.05889,0.04462,-0.00246,1.48516,-0.00627,-0.11522
44782000000,28.81404,-0.18743,-2.46709,0.99726,-0.05897,0.04460,-0.00247,1.48562,-0.00816,-0.11616
44815000000,28.86267,-0.18762,-2.47069,0.99727,-0.05893,0.04451,-0.00250,1.48597,-0.00726,-0.11417
44848000000,28.91215,-0.18818,-2.47528,0.99727,-0.05897,0.04447,-0.00250,1.48769,-0.00695,-0.11478
44881000000,28.96105,-0.18838,-2.47889,0.99727,-0.05899,0.04439,-0.00249,1.48692,-0.00620,-0.11337
44914000000,29.01084,-0.18911,-2.48347,0.99727,-0.05908,0.04423,-0.00251,1.48902,-0.00720,-0.11487
44947000000,29.05992,-0.18915,-2.48731,0.99727,-0.05901,0.04425,-0.00247,1.48847,-0.00644,-0.11413
44980000000,29.10922,-0.18972,-2.49189,0.99727,-0.05904,0.04425,-0.00241,1.48934,-0.00615,-0.11671
45013000000,29.15787,-0.18983,-2.49536,0.99727,-0.05907,0.04428,-0.00242,1.48905,-0.00542,-0.11557
45046000000,29.20762,-0.19044,-2.49980,0.99727,-0.05916,0.04420,-0.00244,1.49106,-0.00561,-0.11638
45079000000,29.25631,-0.19050,-2.50347,0.99727,-0.05908,0.04415,-0.00240,1.48966,-0.00420,-0.11549
45112000000,29.30566,-0.19120,-2.50803,0.99727,-0.05916,0.04412,-0.00244,1.49005,-0.00541,-0.11613
45145000000,29.35454,-0.19140,-2.51183,0.99727,-0.05916,0.04407,-0.00247,1.48899,-0.00526,-0.11682
45178000000,29.40619,-0.19156,-2.51620,0.99726,-0.05955,0.04382,-0.00245,1.49256,-0.00481,-0.11753
45211000000,29.45343,-0.19205,-2.52005,0.99727,-0.05931,0.04392,-0.00250,1.48984,-0.00649,-0.11698
45244000000,29.50481,-0.19214,-2.52453,0.99726,-0.05953,0.04377,-0.00254,1.49423,-0.00492,-0.11682
45277000000,29.55219,-0.19245,-2.52836,0.99727,-0.05928,0.04387,-0.00260,1.49015,-0.00539,-0.11609
45310000000,29.60181,-0.19276,-2.53296,0.99727,-0.05928,0.04387,-0.00256,1.49145,-0.00423,-0.11789
45343000000,29.65012,-0.19304,-2.53678,0.99728,-0.05924,0.04389,-0.00255,1.48945,-0.00419,-0.11580
45376000000,29.70009,-0.19330,-2.54125,0.99727,-0.05938,0.04386,-0.00257,1.49156,-0.00489,-0.11649
45409000000,29.74820,-0.19384,-2.54512,0.99727,-0.05924,0.04398,-0.00259,1.48880,-0.00603,-0.11587
45442000000,29.79917,-0.19417,-2.54949,0.99726,-0.05954,0.04381,-0.00260,1.49173,-0.00608,-0.11661
45475000000,29.84629,-0.19465,-2.55335,0.99727,-0.05926,0.04400,-0.00264,1.48627,-0.00727,-0.11499
45508000000,29.89587,-0.19485,-2.55767,0.99726,-0.05946,0.04393,-0.00263,1.48692,-0.00613,-0.11613
45541000000,29.94443,-0.19523,-2.56144,0.99727,-0.05938,0.04393,-0.00256,1.48643,-0.00523,-0.11405
45574000000,29.99426,-0.19558,-2.56589,0.99726,-0.05954,0.04385,-0.00251,1.48875,-0.00572,-0.11454
45607000000,30.04225,-0.19608,-2.56969,0.99726,-0.05939,0.04393,-0.00251,1.48689,-0.00629,-0.11439
45640000000,30.09296,-0.19635,-2.57434,0.99726,-0.05956,0.04385,-0.00254,1.48864,-0.00662,-0.11572
45673000000,30.14022,-0.19712,-2.57820,0.99726,-0.05936,0.04396,-0.00257,1.48563,-0.00681,-0.11608
45706000000,30.19034,-0.19728,-2.58312,0.99726,-0.05943,0.04407,-0.00258,1.48810,-0.00621,-0.11784
45739000000,30.23841,-0.19758,-2.58681,0.99726,-0.05934,0.04406,-0.00253,1.48571,-0.00635,-0.11726
45772000000,30.28872,-0.19780,-2.59163,0.99726,-0.05935,0.04411,-0.00255,1.48832,-0.00622,-0.11935
45805000000,30.33629,-0.19833,-2.59559,0.99727,-0.05923,0.04413,-0.00254,1.48484,-0.00444,-0.11918
45838000000,30.38586,-0.19856,-2.60049,0.99726,-0.05913,0.04431,-0.00254,1.48524,-0.00406,-0.12009
45871000000,30.43372,-0.19913,-2.60427,0.99727,-0.05911,0.04427,-0.00249,1.48243,-0.00621,-0.11897
45904000000,30.48372,-0.19954,-2.60915,0.99726,-0.05910,0.04433,-0.00247,1.48353,-0.00588,-0.12147
45937000000,30.53104,-0.20019,-2.61299,0.99727,-0.05900,0.04432,-0.00241,1.48009,-0.00594,-0.12010
45970000000,30.58155,-0.20072,-2.61777,0.99726,-0.05911,0.04431,-0.00243,1.48299,-0.00646,-0.12316
46003000000,30.62874,-0.20101,-2.62154,0.99727,-0.05901,0.04428,-0.00245,1.47925,-0.00687,-0.12243
46036000000,30.67978,-0.20145,-2.62633,0.99726,-0.05921,0.04421,-0.00248,1.48294,-0.00761,-0.12373
46069000000,30.72900,-0.20210,-2.63081,0.99726,-0.05936,0.04401,-0.00251,1.48286,-0.00790,-0.12437
46102000000,30.77808,-0.20265,-2.63500,0.99726,-0.05957,0.04375,-0.00251,1.48157,-0.00853,-0.12391
46135000000,30.82620,-0.20295,-2.63899,0.99727,-0.05944,0.04371,-0.00256,1.47940,-0.00754,-0.12363
46168000000,30.87544,-0.20336,-2.64344,0.99727,-0.05948,0.04373,-0.00255,1.47962,-0.00663,-0.12313
46201000000,30.92544,-0.20363,-2.64780,0.99726,-0.05963,0.04363,-0.00253,1.48187,-0.00612,-0.12273
46234000000,30.97300,-0.20417,-2.65182,0.99727,-0.05943,0.04367,-0.00258,1.47903,-0.00659,-0.12240
46267000000,31.02241,-0.20455,-2.65639,0.99727,-0.05940,0.04381,-0.00256,1.47915,-0.00742,-0.12279
46300000000,31.07099,-0.20503,-2.66081,0.99727,-0.05934,0.04391,-0.00254,1.47782,-0.00746,-0.12177
46333000000,31.11977,-0.20551,-2.66511,0.99727,-0.05921,0.04398,-0.00258,1.47699,-0.00775,-0.12175
46366000000,31.16824,-0.20584,-2.66916,0.99728,-0.05912,0.04400,-0.00260,1.47679,-0.00794,-0.12134
46399000000,31.21731,-0.20627,-2.67367,0.99727,-0.05900,0.04425,-0.00260,1.47647,-0.00764,-0.12175
46432000000,31.26614,-0.20640,-2.67757,0.99727,-0.05897,0.04428,-0.00264,1.47572,-0.00714,-0.11983
46465000000,31.31541,-0.20698,-2.68186,0.99727,-0.05896,0.04430,-0.00257,1.47731,-0.00866,-0.12088
46498000000,31.36414,-0.20733,-2.68582,0.99728,-0.05890,0.04432,-0.00252,1.47736,-0.01035,-0.11958
46531000000,31.41337,-0.20805,-2.69013,0.99728,-0.05884,0.04429,-0.00256,1.47769,-0.01239,-0.11952
46564000000,31.46203,-0.20839,-2.69404,0.99728,-0.05883,0.04426,-0.00261,1.47749,-0.01085,-0.11890
46597000000,31.51126,-0.20908,-2.69828,0.99728,-0.05888,0.04428,-0.00257,1.47766,-0.01087,-0.12026
46630000000,31.55993,-0.20941,-2.70217,0.99728,-0.05885,0.04426,-0.00261,1.47710,-0.01032,-0.11899
46663000000,31.60907,-0.21020,-2.70623,0.99728,-0.05898,0.04410,-0.00259,1.47776,-0.01191,-0.11845
46696000000,31.65782,-0.21065,-2.71013,0.99728,-0.05896,0.04416,-0.00260,1.47772,-0.01036,-0.11730
46729000000,31.70706,-0.21135,-2.71396,0.99728,-0.05915,0.04386,-0.00262,1.47927,-0.01093,-0.11735
46762000000,31.75589,-0.21163,-2.71792,0.99728,-0.05917,0.04385,-0.00264,1.47870,-0.01101,-0.11743
46795000000,31.80498,-0.21206,-2.72226,0.99728,-0.05917,0.04381,-0.00264,1.47804,-0.01095,-0.11853
46828000000,31.85397,-0.21233,-2.72620,0.99728,-0.05920,0.04379,-0.00264,1.47860,-0.01032,-0.11769
46861000000,31.90317,-0.21280,-2.73060,0.99728,-0.05923,0.04377,-0.00262,1.47980,-0.01079,-0.11879
46894000000,31.95183,-0.21324,-2.73466,0.99728,-0.05915,0.04385,-0.00263,1.47845,-0.01027,-0.11896
46927000000,32.00079,-0.21370,-2.73911,0.99728,-0.05917,0.04380,-0.00266,1.47938,-0.01065,-0.12001
46960000000,32.04963,-0.21405,-2.74311,0.99728,-0.05918,0.04382,-0.00271,1.47781,-0.01016,-0.11893
46993000000,32.09877,-0.21439,-2.74787,0.99728,-0.05923,0.04387,-0.00272,1.47795,-0.01083,-0.12190
47026000000,32.14753,-0.21479,-2.75188,0.99728,-0.05921,0.04383,-0.00270,1.47704,-0.01112,-0.12046
47059000000,32.19740,-0.21509,-2.75650,0.99728,-0.05937,0.04368,-0.00271,1.47997,-0.01095,-0.12101
47092000000,32.24608,-0.21542,-2.76028,0.99728,-0.05936,0.04370,-0.00271,1.47916,-0.01078,-0.12062
47125000000,32.29573,-0.21582,-2.76489,0.99727,-0.05944,0.04362,-0.00268,1.48013,-0.01166,-0.12167
47158000000,32.34453,-0.21626,-2.76893,0.99727,-0.05941,0.04366,-0.00265,1.47954,-0.01068,-0.12157
47191000000,32.39414,-0.21661,-2.77353,0.99727,-0.05941,0.04370,-0.00264,1.48091,-0.01009,-0.12259
47224000000,32.44287,-0.21693,-2.77774,0.99728,-0.05936,0.04371,-0.00268,1.48030,-0.00998,-0.12374
47257000000,32.49250,-0.21719,-2.78238,0.99728,-0.05933,0.04369,-0.00265,1.48044,-0.00885,-0.12432
47290000000,32.54120,-0.21754,-2.78646,0.99728,-0.05933,0.04370,-0.00268,1.47992,-0.00905,-0.12495
47323000000,32.59028,-0.21773,-2.79121,0.99728,-0.05923,0.04379,-0.00267,1.47946,-0.00832,-0.12589
47356000000,32.63904,-0.21806,-2.79552,0.99728,-0.05923,0.04377,-0.00269,1.47783,-0.00842,-0.12642
47389000000,32.68779,-0.21841,-2.80026,0.99728,-0.05920,0.04382,-0.00268,1.47720,-0.00819,-0.12752
47422000000,32.73659,-0.21869,-2.80453,0.99728,-0.05917,0.04392,-0.00271,1.47633,-0.00824,-0.12651
47455000000,32.78561,-0.21916,-2.80909,0.99728,-0.05916,0.04390,-0.00265,1.47488,-0.00840,-0.12895
47488000000,32.83441,-0.21961,-2.81329,0.99728,-0.05918,0.04390,-0.00262,1.47434,-0.00961,-0.12816
47521000000,32.88357,-0.22022,-2.81797,0.99727,-0.05919,0.04399,-0.00266,1.47421,-0.00930,-0.12766
47554000000,32.93211,-0.22065,-2.82214,0.99728,-0.05916,0.04398,-0.00262,1.47299,-0.00976,-0.12618
47587000000,32.98142,-0.22157,-2.82648,0.99728,-0.05919,0.04389,-0.00259,1.47400,-0.01167,-0.12545
47620000000,33.02991,-0.22187,-2.83058,0.99727,-0.05927,0.04387,-0.00257,1.47293,-0.01085,-0.12625
47653000000,33.07894,-0.22249,-2.83489,0.99727,-0.05934,0.04379,-0.00262,1.47400,-0.01012,-0.12571
47686000000,33.12757,-0.22280,-2.83903,0.99727,-0.05938,0.04379,-0.00261,1.47456,-0.01000,-0.12600
47719000000,33.17650,-0.22339,-2.84332,0.99727,-0.05938,0.04378,-0.00264,1.47496,-0.01064,-0.12647
47752000000,33.22525,-0.22376,-2.84747,0.99727,-0.05942,0.04372,-0.00260,1.47492,-0.01079,-0.12628
47785000000,33.27437,-0.22448,-2.85190,0.99727,-0.05945,0.04368,-0.00254,1.47603,-0.01195,-0.12806
47818000000,33.32310,-0.22496,-2.85611,0.99727,-0.05942,0.04370,-0.00255,1.47573,-0.01131,-0.12770
47851000000,33.37237,-0.22584,-2.86054,0.99727,-0.05945,0.04368,-0.00253,1.47547,-0.01175,-0.12703
47884000000,33.42099,-0.22617,-2.86457,0.99728,-0.05941,0.04362,-0.00258,1.47462,-0.01188,-0.12592
47917000000,33.47045,-0.22689,-2.86871,0.99728,-0.05943,0.04362,-0.00256,1.47511,-0.01197,-0.12604
47950000000,33.51899,-0.22738,-2.87290,0.99728,-0.05941,0.04351,-0.00255,1.47399,-0.01141,-0.12535
47983000000,33.56835,-0.22791,-2.87722,0.99728,-0.05938,0.04356,-0.00259,1.47552,-0.01244,-0.12556
48016000000,33.61710,-0.22831,-2.88142,0.99728,-0.05931,0.04361,-0.00259,1.47407,-0.01210,-0.12555
48049000000,33.66674,-0.22896,-2.88536,0.99729,-0.05946,0.04335,-0.00262,1.47567,-0.01332,-0.12558
48082000000,33.71523,-0.22936,-2.88957,0.99729,-0.05939,0.04337,-0.00262,1.47560,-0.01313,-0.12527
48115000000,33.76458,-0.23002,-2.89388,0.99729,-0.05947,0.04322,-0.00263,1.47563,-0.01423,-0.12726
48148000000,33.81329,-0.23050,-2.89792,0.99729,-0.05950,0.04317,-0.00265,1.47460,-0.01485,-0.12749
48181000000,33.86291,-0.23108,-2.90192,0.99729,-0.05980,0.04283,-0.00269,1.47639,-0.01530,-0.12713
48214000000,33.91179,-0.23162,-2.90593,0.99729,-0.05982,0.04272,-0.00271,1.47685,-0.01654,-0.12566
48247000000,33.96111,-0.23226,-2.91044,0.99729,-0.05973,0.04287,-0.00274,1.47797,-0.01729,-0.12531
48280000000,34.00997,-0.23281,-2.91460,0.99729,-0.05976,0.04287,-0.00277,1.47759,-0.01820,-0.12510
48313000000,34.05947,-0.23314,-2.91893,0.99728,-0.05975,0.04297,-0.00276,1.47855,-0.01715,-0.12475
48346000000,34.10830,-0.23361,-2.92295,0.99729,-0.05979,0.04286,-0.00279,1.47811,-0.01589,-0.12524
48379000000,34.15769,-0.23379,-2.92654,0.99728,-0.06009,0.04255,-0.00291,1.47807,-0.01536,-0.12438
48412000000,34.20646,-0.23437,-2.93078,0.99729,-0.06000,0.04253,-0.00286,1.47760,-0.01605,-0.12425
48445000000,34.25550,-0.23465,-2.93493,0.99729,-0.05994,0.04255,-0.00283,1.47706,-0.01549,-0.12336
48478000000,34.30440,-0.23518,-2.93923,0.99729,-0.05993,0.04265,-0.00283,1.47678,-0.01561,-0.12426
48511000000,34.35329,-0.23557,-2.94358,0.99729,-0.05983,0.04283,-0.00285,1.47718,-0.01477,-0.12409
48544000000,34.40199,-0.23603,-2.94768,0.99728,-0.05983,0.04284,-0.00287,1.47627,-0.01478,-0.12401
48577000000,34.45099,-0.23650,-2.95113,0.99728,-0.06007,0.04261,-0.00291,1.47568,-0.01491,-0.12223
48610000000,34.49971,-0.23713,-2.95522,0.99728,-0.06002,0.04260,-0.00297,1.47580,-0.01540,-0.12121
48643000000,34.54823,-0.23760,-2.95925,0.99729,-0.05989,0.04269,-0.00296,1.47412,-0.01530,-0.12023
48676000000,34.59703,-0.23817,-2.96354,0.99728,-0.05983,0.04283,-0.00293,1.47448,-0.01547,-0.11999
48709000000,34.64604,-0.23872,-2.96755,0.99728,-0.05984,0.04283,-0.00295,1.47439,-0.01671,-0.11984
48742000000,34.69460,-0.23917,-2.97156,0.99728,-0.05982,0.04285,-0.00295,1.47322,-0.01681,-0.12085
48775000000,34.74379,-0.23969,-2.97592,0.99728,-0.05977,0.04295,-0.00299,1.47290,-0.01920,-0.12187
48808000000,34.79232,-0.24028,-2.98013,0.99728,-0.05972,0.04302,-0.00296,1.47241,-0.01849,-0.12311
48841000000,34.84176,-0.24085,-2.98443,0.99728,-0.05972,0.04303,-0.00298,1.47362,-0.01879,-0.12331
48874000000,34.89020,-0.24153,-2.98859,0.99728,-0.05964,0.04316,-0.00296,1.47335,-0.01799,-0.12356
48907000000,34.93975,-0.24239,-2.99240,0.99728,-0.05978,0.04295,-0.00300,1.47543,-0.01817,-0.12315
48940000000,34.98838,-0.24289,-2.99626,0.99728,-0.05984,0.04287,-0.00299,1.47504,-0.01762,-0.12258
48973000000,35.03771,-0.24359,-3.00002,0.99728,-0.06003,0.04265,-0.00305,1.47662,-0.01722,-0.12179
49006000000,35.08630,-0.24417,-3.00414,0.99728,-0.05998,0.04265,-0.00306,1.47520,-0.01727,-0.12237
49039000000,35.13585,-0.24455,-3.00822,0.99728,-0.06008,0.04250,-0.00307,1.47659,-0.01736,-0.12247
49072000000,35.18449,-0.24512,-3.01210,0.99728,-0.06018,0.04239,-0.00312,1.47673,-0.01771,-0.12133
49105000000,35.23326,-0.24511,-3.01706,0.99728,-0.05979,0.04290,-0.00309,1.47671,-0.01593,-0.12237
49138000000,35.28206,-0.24558,-3.02102,0.99729,-0.05977,0.04290,-0.00312,1.47726,-0.01586,-0.12287
49171000000,35.33101,-0.24574,-3.02579,0.99729,-0.05953,0.04322,-0.00308,1.47737,-0.01425,-0.12400
49204000000,35.37989,-0.24627,-3.03004,0.99729,-0.05945,0.04331,-0.00305,1.47711,-0.01442,-0.12494
49237000000,35.42873,-0.24670,-3.03482,0.99729,-0.05916,0.04365,-0.00307,1.47596,-0.01349,-0.12516
49270000000,35.47744,-0.24717,-3.03900,0.99729,-0.05912,0.04361,-0.00305,1.47443,-0.01282,-0.12465
49303000000,35.52637,-0.24751,-3.04337,0.99730,-0.05902,0.04365,-0.00305,1.47317,-0.01309,-0.12481
49336000000,35.57495,-0.24790,-3.04745,0.99729,-0.05909,0.04367,-0.00304,1.47240,-0.01306,-0.12462
49369000000,35.62366,-0.24823,-3.05199,0.99729,-0.05894,0.04386,-0.00308,1.47163,-0.01212,-0.12587
49402000000,35.67216,-0.24862,-3.05617,0.99729,-0.05891,0.04395,-0.00314,1.47131,-0.01181,-0.12524
49435000000,35.72120,-0.24882,-3.06059,0.99729,-0.05886,0.04406,-0.00323,1.47236,-0.01191,-0.12614
49468000000,35.76992,-0.24922,-3.06462,0.99729,-0.05895,0.04399,-0.00325,1.47314,-0.01119,-0.12509
49501000000,35.81877,-0.24963,-3.06896,0.99729,-0.05893,0.04402,-0.00326,1.47331,-0.01071,-0.12484
49534000000,35.86733,-0.25001,-3.07313,0.99729,-0.05887,0.04405,-0.00327,1.47325,-0.01081,-0.12480
49567000000,35.91610,-0.25051,-3.07752,0.99729,-0.05884,0.04407,-0.00325,1.47301,-0.00911,-0.12573
49600000000,35.96463,-0.25094,-3.08182,0.99729,-0.05883,0.04411,-0.00327,1.47091,-0.00939,-0.12593
49633000000,36.01358,-0.25148,-3.08611,0.99729,-0.05886,0.04403,-0.00332,1.47124,-0.01042,-0.12611
49666000000,36.06269,-0.25201,-3.09068,0.99729,-0.05874,0.04409,-0.00331,1.47204,-0.01090,-0.12657
49699000000,36.11122,-0.25247,-3.09478,0.99729,-0.05871,0.04419,-0.00333,1.47244,-0.01178,-0.12409
49732000000,36.16119,-0.25278,-3.09906,0.99728,-0.05893,0.04418,-0.00334,1.47435,-0.01069,-0.12371
49765000000,36.20850,-0.25346,-3.10307,0.99729,-0.05873,0.04420,-0.00334,1.47113,-0.01114,-0.12266
49798000000,36.25764,-0.25408,-3.10703,0.99729,-0.05884,0.04406,-0.00332,1.47107,-0.01189,-0.12160
49831000000,36.30640,-0.25467,-3.11102,0.99729,-0.05874,0.04410,-0.00332,1.47053,-0.01215,-0.12175
49864000000,36.35489,-0.25506,-3.11504,0.99729,-0.05872,0.04412,-0.00335,1.46216,-0.01265,-0.12050
49897000000,36.40318,-0.25563,-3.11922,0.99730,-0.05859,0.04422,-0.00337,1.44885,-0.01424,-0.11957
49930000000,36.45072,-0.25614,-3.12331,0.99729,-0.05856,0.04434,-0.00345,1.43308,-0.01655,-0.11686
49963000000,36.49815,-0.25698,-3.12746,0.99730,-0.05840,0.04448,-0.00359,1.41845,-0.02047,-0.11461
49996000000,36.54505,-0.25790,-3.13144,0.99730,-0.05836,0.04443,-0.00389,1.40243,-0.02655,-0.11340
50029000000,36.59218,-0.25902,-3.13480,0.99729,-0.05892,0.04394,-0.00433,1.39535,-0.03371,-0.11098
50062000000,36.63852,-0.26050,-3.13834,0.99728,-0.05911,0.04364,-0.00500,1.38289,-0.04264,-0.10898
50095000000,36.68392,-0.26207,-3.14195,0.99728,-0.05908,0.04357,-0.00584,1.37339,-0.05099,-0.10742
50128000000,36.72986,-0.26404,-3.14530,0.99727,-0.05952,0.04312,-0.00699,1.36215,-0.06276,-0.10347
50161000000,36.77453,-0.26623,-3.14869,0.99726,-0.05959,0.04303,-0.00843,1.34215,-0.07475,-0.10052
50194000000,36.81910,-0.26897,-3.15233,0.99725,-0.05957,0.04294,-0.00999,1.32928,-0.08845,-0.09917
50227000000,36.86268,-0.27216,-3.15556,0.99723,-0.05966,0.04287,-0.01199,1.31467,-0.10343,-0.09565
50260000000,36.90652,-0.27589,-3.15899,0.99720,-0.05975,0.04269,-0.01431,1.30720,-0.12044,-0.09259
50293000000,36.94934,-0.28026,-3.16196,0.99716,-0.05980,0.04256,-0.01699,1.29260,-0.13795,-0.08860
50326000000,36.99268,-0.28510,-3.16508,0.99710,-0.06012,0.04223,-0.02008,1.27770,-0.15716,-0.08496
50359000000,37.03509,-0.29072,-3.16832,0.99703,-0.06004,0.04211,-0.02362,1.25910,-0.17839,-0.08278
50392000000,37.07693,-0.29704,-3.17135,0.99693,-0.06012,0.04192,-0.02757,1.24524,-0.20044,-0.07964
50425000000,37.11840,-0.30423,-3.17393,0.99681,-0.06028,0.04148,-0.03190,1.22995,-0.22524,-0.07436
50458000000,37.15918,-0.31234,-3.17614,0.99665,-0.06053,0.04086,-0.03674,1.21383,-0.25125,-0.06908
50491000000,37.19969,-0.32127,-3.17818,0.99645,-0.06084,0.04023,-0.04208,1.19890,-0.27724,-0.06388
50524000000,37.23946,-0.33118,-3.17959,0.99620,-0.06124,0.03926,-0.04784,1.18292,-0.30568,-0.05643
50557000000,37.27872,-0.34199,-3.18060,0.99590,-0.06173,0.03803,-0.05414,1.16687,-0.33566,-0.04994
50590000000,37.31770,-0.35395,-3.18098,0.99552,-0.06254,0.03615,-0.06104,1.15205,-0.36897,-0.04196
50623000000,37.35626,-0.36697,-3.18195,0.99508,-0.06233,0.03505,-0.06856,1.13735,-0.40285,-0.03550
50656000000,37.39410,-0.38123,-3.18160,0.99452,-0.06300,0.03282,-0.07665,1.12172,-0.43908,-0.02557
50689000000,37.43155,-0.39671,-3.18202,0.99387,-0.06262,0.03168,-0.08543,1.10706,-0.47981,-0.01846
50722000000,37.46836,-0.41366,-3.18112,0.99304,-0.06313,0.02937,-0.09497,1.09167,-0.52219,-0.00838
50755000000,37.50496,-0.43198,-3.18150,0.99211,-0.06214,0.02867,-0.10503,1.07908,-0.56527,-0.00404
50788000000,37.54100,-0.45173,-3.18135,0.99099,-0.06138,0.02753,-0.11584,1.06459,-0.61115,0.00248
50821000000,37.57685,-0.47301,-3.18191,0.98969,-0.05963,0.02725,-0.12737,1.05091,-0.65842,0.00701
50854000000,37.61235,-0.49597,-3.18195,0.98813,-0.05807,0.02651,-0.13970,1.03797,-0.70784,0.01348
50887000000,37.64760,-0.52073,-3.18178,0.98632,-0.05613,0.02568,-0.15284,1.02509,-0.76109,0.01843
50920000000,37.68256,-0.54737,-3.18177,0.98419,-0.05378,0.02497,-0.16691,1.01363,-0.81822,0.02157
50953000000,37.71732,-0.57607,-3.18177,0.98167,-0.05138,0.02433,-0.18192,1.00160,-0.88157,0.02592
50986000000,37.75189,-0.60701,-3.18198,0.97870,-0.04869,0.02386,-0.19802,0.98798,-0.95010,0.02774
51019000000,37.78589,-0.64042,-3.18179,0.97519,-0.04630,0.02297,-0.21525,0.97188,-1.02458,0.03108
51052000000,37.81934,-0.67643,-3.18162,0.97107,-0.04386,0.02216,-0.23370,0.95323,-1.10509,0.03561
51085000000,37.85209,-0.71520,-3.18140,0.96626,-0.04160,0.02142,-0.25330,0.93070,-1.19087,0.03915
51118000000,37.88349,-0.75677,-3.18034,0.96073,-0.03986,0.02002,-0.27387,0.87618,-1.24497,0.04413
51151000000,37.91253,-0.79936,-3.17948,0.95480,-0.03815,0.01899,-0.29417,0.80700,-1.27300,0.04646
51184000000,37.93954,-0.84287,-3.17879,0.94851,-0.03649,0.01830,-0.31411,0.74139,-1.29763,0.04804
51217000000,37.96454,-0.88715,-3.17822,0.94195,-0.03473,0.01775,-0.33348,0.67984,-1.31974,0.04950
51250000000,37.98751,-0.93223,-3.17747,0.93516,-0.03311,0.01713,-0.35225,0.62178,-1.33912,0.05098
51283000000,38.00864,-0.97782,-3.17680,0.92816,-0.03157,0.01677,-0.37047,0.56776,-1.35581,0.05273
51316000000,38.02786,-1.02391,-3.17576,0.92098,-0.03036,0.01617,-0.38810,0.53106,-1.35614,0.05399
51349000000,38.04658,-1.06970,-3.17481,0.91403,-0.02904,0.01562,-0.40431,0.52063,-1.33702,0.05271
51382000000,38.06417,-1.11527,-3.17372,0.90725,-0.02796,0.01501,-0.41939,0.48023,-1.34671,0.05447
51415000000,38.08039,-1.16118,-3.17255,0.90046,-0.02701,0.01440,-0.43386,0.44282,-1.35572,0.05555
51448000000,38.09540,-1.20757,-3.17137,0.89375,-0.02596,0.01376,-0.44760,0.40872,-1.36367,0.05567
51481000000,38.10949,-1.25441,-3.17036,0.88709,-0.02461,0.01320,-0.46075,0.37946,-1.37248,0.05655
51514000000,38.12247,-1.30198,-3.16931,0.88056,-0.02316,0.01239,-0.47321,0.35320,-1.38238,0.05590
51547000000,38.13478,-1.35040,-3.16835,0.87414,-0.02164,0.01156,-0.48505,0.32968,-1.39426,0.05649
51580000000,38.14659,-1.39982,-3.16757,0.86788,-0.01994,0.01072,-0.49625,0.30814,-1.40867,0.05623
51613000000,38.15768,-1.44949,-3.16679,0.86188,-0.01842,0.00999,-0.50668,0.29221,-1.42170,0.05587
51646000000,38.16808,-1.49962,-3.16598,0.85603,-0.01705,0.00932,-0.51657,0.27850,-1.43450,0.05396
51679000000,38.17786,-1.54992,-3.16504,0.85041,-0.01598,0.00868,-0.52581,0.26672,-1.44567,0.05445
51712000000,38.18729,-1.60049,-3.16418,0.84508,-0.01505,0.00812,-0.53436,0.25791,-1.45757,0.05458
51745000000,38.19661,-1.65149,-3.16344,0.84007,-0.01402,0.00763,-0.54225,0.25407,-1.46781,0.05335
51778000000,38.20585,-1.70307,-3.16269,0.83540,-0.01300,0.00722,-0.54944,0.25360,-1.47878,0.05374
51811000000,38.21524,-1.75505,-3.16212,0.83109,-0.01198,0.00687,-0.55596,0.25807,-1.48976,0.05241
51844000000,38.22464,-1.80745,-3.16153,0.82721,-0.01109,0.00646,-0.56174,0.26469,-1.50101,0.05143
51910000000,38.24348,-1.90966,-3.15913,0.82073,-0.01032,0.00613,-0.57119,0.28601,-1.50601,0.05477
51943000000,38.25381,-1.96269,-3.15846,0.81822,-0.00966,0.00584,-0.57480,0.30269,-1.51492,0.05446
51976000000,38.26460,-2.01580,-3.15766,0.81620,-0.00910,0.00559,-0.57767,0.32041,-1.51677,0.05383
52009000000,38.27525,-2.06539,-3.15574,0.81442,-0.00915,0.00554,-0.58018,0.32892,-1.48846,0.05597
52042000000,38.28646,-2.11773,-3.15509,0.81274,-0.00873,0.00525,-0.58253,0.33466,-1.47383,0.05399
52075000000,38.29745,-2.16555,-3.15311,0.81109,-0.00895,0.00527,-0.58482,0.33755,-1.44878,0.05548
52108000000,38.30874,-2.21619,-3.15250,0.80945,-0.00873,0.00509,-0.58710,0.33657,-1.43501,0.05533
52141000000,38.31981,-2.26279,-3.15033,0.80781,-0.00869,0.00507,-0.58936,0.33317,-1.41152,0.05949
52174000000,38.33059,-2.31258,-3.14969,0.80609,-0.00862,0.00486,-0.59171,0.32737,-1.39955,0.05869
52240000000,38.35236,-2.40271,-3.14541,0.80235,-0.00841,0.00484,-0.59678,0.31276,-1.36006,0.06519
52273000000,38.36274,-2.45058,-3.14475,0.80034,-0.00833,0.00479,-0.59947,0.30740,-1.36222,0.06528
52306000000,38.37293,-2.49791,-3.14411,0.79843,-0.00833,0.00477,-0.60201,0.30265,-1.36269,0.06533
52339000000,38.38259,-2.54286,-3.14163,0.79648,-0.00832,0.00472,-0.60459,0.29131,-1.34716,0.06899
52372000000,38.39142,-2.59060,-3.14113,0.79441,-0.00849,0.00456,-0.60731,0.27825,-1.34141,0.06779
52405000000,38.40020,-2.63469,-3.13858,0.79222,-0.00847,0.00451,-0.61016,0.26604,-1.32974,0.07223
52438000000,38.41009,-2.68565,-3.13921,0.78983,-0.00781,0.00444,-0.61327,0.23246,-1.34575,0.07002
52471000000,38.41504,-2.72490,-3.13514,0.78682,-0.00865,0.00442,-0.61711,0.20964,-1.33240,0.07628
52504000000,38.42202,-2.77115,-3.13433,0.78438,-0.00882,0.00446,-0.62020,0.22612,-1.33732,0.07478
52537000000,38.43002,-2.81396,-3.13160,0.78223,-0.00881,0.00448,-0.62291,0.22489,-1.34571,0.07753
52570000000,38.43783,-2.86077,-3.13042,0.78027,-0.00873,0.00450,-0.62536,0.22289,-1.35813,0.07846
52603000000,38.44555,-2.90485,-3.12695,0.77841,-0.00858,0.00448,-0.62768,0.21980,-1.35237,0.08307
52636000000,38.45232,-2.95125,-3.12546,0.77658,-0.00872,0.00448,-0.62995,0.21406,-1.35044,0.08184
52669000000,38.45924,-2.99461,-3.12231,0.77484,-0.00879,0.00440,-0.63208,0.20887,-1.34319,0.08487
52702000000,38.46545,-3.04047,-3.12097,0.77312,-0.00900,0.00443,-0.63417,0.20266,-1.33990,0.08513
52735000000,38.47164,-3.08342,-3.11769,0.77145,-0.00905,0.00440,-0.63621,0.19617,-1.33175,0.08812
52768000000,38.47800,-3.12905,-3.11571,0.76979,-0.00902,0.00440,-0.63822,0.19072,-1.33028,0.08801
52801000000,38.48403,-3.17152,-3.11232,0.76822,-0.00911,0.00441,-0.64011,0.18620,-1.32211,0.09084
52834000000,38.48951,-3.21597,-3.11072,0.76666,-0.00928,0.00440,-0.64197,0.18167,-1.31886,0.09095
52867000000,38.49524,-3.25818,-3.10697,0.76516,-0.00929,0.00436,-0.64375,0.17802,-1.31211,0.09569
52900000000,38.50099,-3.30397,-3.10529,0.76369,-0.00924,0.00439,-0.64551,0.17293,-1.31235,0.09513
52933000000,38.50694,-3.34564,-3.10171,0.76226,-0.00927,0.00438,-0.64718,0.16999,-1.30362,0.09806
52966000000,38.51223,-3.38962,-3.09996,0.76091,-0.00937,0.00443,-0.64878,0.16492,-1.29947,0.09835
52999000000,38.51741,-3.43239,-3.09660,0.75956,-0.00941,0.00445,-0.65036,0.16168,-1.29349,0.10070
53032000000,38.52176,-3.47631,-3.09476,0.75825,-0.00963,0.00450,-0.65188,0.15626,-1.29001,0.10025
53065000000,38.52645,-3.51633,-3.09044,0.75693,-0.00967,0.00443,-0.65340,0.15296,-1.28018,0.10454
53098000000,38.53113,-3.56050,-3.08807,0.75568,-0.00968,0.00447,-0.65486,0.14885,-1.27910,0.10441
53131000000,38.53622,-3.60115,-3.08414,0.75448,-0.00963,0.00445,-0.65624,0.14645,-1.27001,0.10815
53164000000,38.54080,-3.64529,-3.08216,0.75332,-0.00963,0.00447,-0.65756,0.14176,-1.26874,0.10752
53197000000,38.54539,-3.68537,-3.07814,0.75218,-0.00971,0.00446,-0.65887,0.13729,-1.26045,0.11027
53230000000,38.55010,-3.73107,-3.07596,0.75109,-0.00958,0.00447,-0.66012,0.13387,-1.26338,0.11023
53263000000,38.55409,-3.77081,-3.07181,0.75003,-0.00959,0.00445,-0.66132,0.13007,-1.25401,0.11504
53296000000,38.55813,-3.81341,-3.06933,0.74901,-0.00965,0.00446,-0.66247,0.12621,-1.25056,0.11450
53329000000,38.56185,-3.85165,-3.06469,0.74803,-0.00973,0.00446,-0.66357,0.12273,-1.23872,0.11815
53362000000,38.56581,-3.89264,-3.06083,0.74707,-0.00973,0.00444,-0.66466,0.12049,-1.23287,0.11846
53395000000,38.57010,-3.93559,-3.05851,0.74611,-0.00969,0.00453,-0.66574,0.11935,-1.23109,0.11877
53428000000,38.57485,-3.97566,-3.05360,0.74518,-0.00954,0.00450,-0.66678,0.11862,-1.22541,0.12310
53461000000,38.58025,-4.02517,-3.05183,0.74429,-0.00914,0.00456,-0.66777,0.11963,-1.23531,0.12027
53494000000,38.58290,-4.05932,-3.04701,0.74342,-0.00947,0.00457,-0.66874,0.11523,-1.21715,0.12388
53527000000,38.58628,-4.09854,-3.04279,0.74257,-0.00951,0.00458,-0.66969,0.11186,-1.20933,0.12542
53560000000,38.59015,-4.14166,-3.04040,0.74178,-0.00940,0.00464,-0.67057,0.10956,-1.20925,0.12646
53593000000,38.59306,-4.17847,-3.03538,0.74099,-0.00948,0.00465,-0.67144,0.10570,-1.19872,0.12921
53626000000,38.59835,-4.23116,-3.03439,0.74020,-0.00899,0.00471,-0.67230,0.10696,-1.21727,0.12436
53659000000,38.60084,-4.26023,-3.02865,0.73946,-0.00941,0.00476,-0.67312,0.10389,-1.19292,0.13012
53692000000,38.60484,-4.29992,-3.02409,0.73872,-0.00935,0.00474,-0.67393,0.10332,-1.18758,0.13287
53725000000,38.60946,-4.34405,-3.02238,0.73800,-0.00926,0.00485,-0.67472,0.10466,-1.19051,0.13205
53758000000,38.61261,-4.37940,-3.01663,0.73734,-0.00928,0.00477,-0.67544,0.10291,-1.17911,0.13628
53791000000,38.61756,-4.42918,-3.01493,0.73666,-0.00894,0.00487,-0.67618,0.10444,-1.19295,0.13374
53824000000,38.61982,-4.46016,-3.00933,0.73602,-0.00916,0.00487,-0.67688,0.10052,-1.17413,0.13742
53857000000,38.62305,-4.50298,-3.00699,0.73543,-0.00912,0.00496,-0.67753,0.09845,-1.17565,0.13569
53890000000,38.62711,-4.54038,-3.00174,0.73482,-0.00907,0.00498,-0.67818,0.09855,-1.16916,0.14067
53923000000,38.62990,-4.57782,-2.99656,0.73422,-0.00904,0.00499,-0.67883,0.09592,-1.16236,0.14367
53956000000,38.63290,-4.62043,-2.99458,0.73369,-0.00898,0.00504,-0.67941,0.09391,-1.16382,0.14066
53989000000,38.63526,-4.65418,-2.98875,0.73315,-0.00910,0.00501,-0.67999,0.08990,-1.15198,0.14437
54022000000,38.63523,-4.71263,-2.99035,0.73263,-0.00886,0.00487,-0.68055,0.08103,-1.18049,0.13578
54055000000,38.64049,-4.73300,-2.98149,0.73210,-0.00913,0.00504,-0.68112,0.08645,-1.14753,0.14524
54088000000,38.64533,-4.77857,-2.97897,0.73163,-0.00893,0.00509,-0.68162,0.08810,-1.15652,0.14384
54121000000,38.64844,-4.81333,-2.97316,0.73114,-0.00895,0.00512,-0.68215,0.08777,-1.14549,0.14760
54154000000,38.65175,-4.85106,-2.96779,0.73065,-0.00889,0.00513,-0.68268,0.08718,-1.13986,0.15071
54187000000,38.65632,-4.89528,-2.96584,0.73018,-0.00875,0.00524,-0.68318,0.08905,-1.14570,0.14759
54220000000,38.65841,-4.92875,-2.95930,0.72970,-0.00877,0.00518,-0.68369,0.08788,-1.13443,0.15233
54253000000,38.66211,-4.97648,-2.95805,0.72929,-0.00862,0.00528,-0.68413,0.08777,-1.14713,0.14777
54286000000,38.66510,-5.00907,-2.95166,0.72889,-0.00868,0.00524,-0.68456,0.08773,-1.13389,0.15188
54319000000,38.66759,-5.04550,-2.94692,0.72852,-0.00873,0.00525,-0.68495,0.08576,-1.12764,0.15289
54352000000,38.67219,-5.09056,-2.94478,0.72816,-0.00852,0.00535,-0.68533,0.08769,-1.13560,0.15020
54385000000,38.67315,-5.12195,-2.93880,0.72780,-0.00867,0.00530,-0.68572,0.08511,-1.12163,0.15423
54418000000,38.67563,-5.15770,-2.93313,0.72739,-0.00866,0.00530,-0.68615,0.08395,-1.11521,0.15706
54451000000,38.67845,-5.20847,-2.93370,0.72702,-0.00852,0.00547,-0.68654,0.08191,-1.13322,0.14970
54484000000,38.68091,-5.23396,-2.92572,0.72668,-0.00863,0.00547,-0.68690,0.08215,-1.11106,0.15583
54517000000,38.68479,-5.27126,-2.92028,0.72632,-0.00858,0.00555,-0.68728,0.08315,-1.10656,0.15802
54550000000,38.68787,-5.30821,-2.91515,0.72595,-0.00856,0.00560,-0.68767,0.08336,-1.10219,0.15906
54583000000,38.68914,-5.35562,-2.91559,0.72565,-0.00853,0.00563,-0.68798,0.07872,-1.11284,0.15318
54616000000,38.69314,-5.38478,-2.90805,0.72535,-0.00854,0.00568,-0.68831,0.08098,-1.09796,0.15756
54649000000,38.69634,-5.42223,-2.90286,0.72503,-0.00848,0.00569,-0.68865,0.08075,-1.09579,0.16036
54682000000,38.70109,-5.47509,-2.90446,0.72475,-0.00836,0.00583,-0.68894,0.08264,-1.11549,0.15207
54715000000,38.70352,-5.49865,-2.89617,0.72448,-0.00849,0.00586,-0.68922,0.08244,-1.09256,0.15756
54748000000,38.70542,-5.53342,-2.89084,0.72422,-0.00849,0.00581,-0.68949,0.08085,-1.08669,0.15946
54781000000,38.70887,-5.58974,-2.89271,0.72395,-0.00824,0.00589,-0.68978,0.08003,-1.11078,0.15148
54814000000,38.71166,-5.61212,-2.88452,0.72366,-0.00836,0.00594,-0.69008,0.08031,-1.08737,0.15802
54847000000,38.71459,-5.64828,-2.87910,0.72341,-0.00831,0.00592,-0.69034,0.08012,-1.08273,0.15991
54880000000,38.71874,-5.70608,-2.88183,0.72317,-0.00808,0.00605,-0.69059,0.07963,-1.10811,0.15227
54913000000,38.72297,-5.72942,-2.87369,0.72288,-0.00820,0.00609,-0.69089,0.07269,-1.08148,0.15842
54946000000,38.72503,-5.76293,-2.86824,0.72241,-0.00825,0.00615,-0.69139,0.06702,-1.05956,0.16067
54979000000,38.72898,-5.81294,-2.87198,0.72192,-0.00823,0.00637,-0.69190,0.06508,-1.06402,0.15134
55012000000,38.73013,-5.83791,-2.86349,0.72130,-0.00829,0.00634,-0.69254,0.05771,-1.03493,0.15901
55045000000,38.73226,-5.87312,-2.85827,0.72063,-0.00828,0.00637,-0.69324,0.05408,-1.04923,0.16052
55078000000,38.73365,-5.93157,-2.86359,0.71996,-0.00803,0.00652,-0.69393,0.04942,-1.09584,0.14968
55111000000,38.73552,-5.95701,-2.85516,0.71944,-0.00815,0.00650,-0.69448,0.05659,-1.09392,0.15613
55144000000,38.73555,-5.99072,-2.84997,0.71895,-0.00819,0.00646,-0.69499,0.05203,-1.08746,0.15894
55177000000,38.73976,-6.05100,-2.85550,0.71849,-0.00802,0.00668,-0.69546,0.05396,-1.11419,0.14704
55210000000,38.74114,-6.07558,-2.84718,0.71805,-0.00809,0.00664,-0.69591,0.05308,-1.09551,0.15269
55243000000,38.74384,-6.11398,-2.84200,0.71760,-0.00804,0.00667,-0.69638,0.05251,-1.09345,0.15569
55276000000,38.74810,-6.17602,-2.84686,0.71720,-0.00783,0.00683,-0.69679,0.05400,-1.12244,0.14534
55309000000,38.74934,-6.19812,-2.83912,0.71681,-0.00796,0.00682,-0.69719,0.05205,-1.10044,0.15120
55342000000,38.74891,-6.22965,-2.83450,0.71645,-0.00805,0.00675,-0.69756,0.04817,-1.09094,0.15290
55375000000,38.75168,-6.28783,-2.83740,0.71608,-0.00782,0.00685,-0.69794,0.04760,-1.11656,0.14460
55408000000,38.75634,-6.31394,-2.82986,0.71570,-0.00787,0.00693,-0.69833,0.05151,-1.09976,0.15059
55441000000,38.76144,-6.37475,-2.83261,0.71536,-0.00761,0.00709,-0.69868,0.05339,-1.12990,0.14270
55474000000,38.76184,-6.39556,-2.82656,0.71506,-0.00783,0.00709,-0.69899,0.05059,-1.10423,0.14601
55507000000,38.76259,-6.42964,-2.82210,0.71476,-0.00788,0.00709,-0.69929,0.04839,-1.09787,0.14831
55540000000,38.76368,-6.46264,-2.81742,0.71443,-0.00793,0.00707,-0.69963,0.04629,-1.09012,0.14982
55573000000,38.76453,-6.49752,-2.81245,0.71414,-0.00790,0.00707,-0.69992,0.04440,-1.08577,0.15190
55606000000,38.76572,-6.53375,-2.80722,0.71381,-0.00793,0.00707,-0.70026,0.04270,-1.08232,0.15307
55639000000,38.76723,-6.58185,-2.81166,0.71356,-0.00795,0.00716,-0.70052,0.04057,-1.09373,0.14271
55672000000,38.77044,-6.61379,-2.80476,0.71326,-0.00795,0.00720,-0.70081,0.04240,-1.08443,0.14671
55705000000,38.77454,-6.67344,-2.81020,0.71297,-0.00783,0.00737,-0.70112,0.04250,-1.11205,0.13541
55738000000,38.77661,-6.69804,-2.80304,0.71269,-0.00791,0.00734,-0.70139,0.04311,-1.09361,0.14115
55771000000,38.77834,-6.73298,-2.79837,0.71240,-0.00793,0.00737,-0.70169,0.04169,-1.08836,0.14358
55804000000,38.77769,-6.76897,-2.79327,0.71218,-0.00788,0.00731,-0.70192,0.03747,-1.08429,0.14540
55837000000,38.77768,-6.80255,-2.78912,0.71193,-0.00794,0.00732,-0.70216,0.03427,-1.07767,0.14541
55870000000,38.78057,-6.85127,-2.79526,0.71169,-0.00791,0.00747,-0.70241,0.03581,-1.08987,0.13547
55903000000,38.78298,-6.88210,-2.78861,0.71146,-0.00790,0.00746,-0.70264,0.03576,-1.08115,0.14070
55936000000,38.78890,-6.95101,-2.79412,0.71123,-0.00762,0.00764,-0.70287,0.04046,-1.11755,0.12968
55969000000,38.79168,-6.97131,-2.78764,0.71104,-0.00780,0.00765,-0.70307,0.04132,-1.09650,0.13381
56002000000,38.79212,-7.00620,-2.78273,0.71084,-0.00773,0.00759,-0.70327,0.03804,-1.09198,0.13597
56035000000,38.79270,-7.04209,-2.77763,0.71060,-0.00770,0.00758,-0.70352,0.03638,-1.08967,0.13851
56068000000,38.79376,-7.07802,-2.77308,0.71040,-0.00775,0.00759,-0.70371,0.03441,-1.08742,0.14046
56101000000,38.79387,-7.11077,-2.76804,0.71021,-0.00777,0.00761,-0.70391,0.03264,-1.08043,0.14281
56134000000,38.79420,-7.14785,-2.77257,0.71000,-0.00789,0.00768,-0.70412,0.03191,-1.07865,0.13409
56167000000,38.79635,-7.18077,-2.76516,0.70981,-0.00784,0.00766,-0.70431,0.03285,-1.07369,0.13948
56200000000,38.79985,-7.26483,-2.76613,0.70962,-0.00736,0.00774,-0.70450,0.03383,-1.12623,0.13452
56233000000,38.80121,-7.26682,-2.76022,0.70944,-0.00776,0.00784,-0.70468,0.03476,-1.08397,0.13775
56266000000,38.79945,-7.29046,-2.75617,0.70930,-0.00780,0.00781,-0.70482,0.03103,-1.06817,0.13814
56299000000,38.80445,-7.35849,-2.75644,0.70916,-0.00746,0.00796,-0.70497,0.03494,-1.10236,0.13504
56332000000,38.80203,-7.37301,-2.75156,0.70903,-0.00769,0.00794,-0.70510,0.02986,-1.07564,0.13748
56365000000,38.80178,-7.45492,-2.75321,0.70890,-0.00719,0.00796,-0.70523,0.02564,-1.12644,0.13181
56398000000,38.80023,-7.44460,-2.74835,0.70875,-0.00772,0.00799,-0.70537,0.02413,-1.07191,0.13230
56431000000,38.79769,-7.47371,-2.74430,0.70865,-0.00785,0.00790,-0.70547,0.01904,-1.06246,0.13246
56464000000,38.80021,-7.53310,-2.74475,0.70851,-0.00759,0.00795,-0.70562,0.01968,-1.08972,0.12821
56497000000,38.80123,-7.55638,-2.73904,0.70833,-0.00772,0.00800,-0.70580,0.01893,-1.07264,0.13105
56530000000,38.80757,-7.63883,-2.73883,0.70815,-0.00712,0.00818,-0.70597,0.02541,-1.13055,0.12637
56563000000,38.80865,-7.64326,-2.73480,0.70802,-0.00756,0.00825,-0.70611,0.02394,-1.08882,0.12758
56596000000,38.80973,-7.67615,-2.73078,0.70789,-0.00757,0.00826,-0.70624,0.02345,-1.08469,0.12842
56629000000,38.80870,-7.71758,-2.73305,0.70777,-0.00763,0.00825,-0.70635,0.01965,-1.09007,0.12002
56662000000,38.80989,-7.74857,-2.72729,0.70765,-0.00765,0.00826,-0.70648,0.01941,-1.08112,0.12288
56695000000,38.81553,-7.82973,-2.72823,0.70756,-0.00712,0.00841,-0.70657,0.02506,-1.14007,0.11712
56728000000,38.81383,-7.82465,-2.72438,0.70745,-0.00768,0.00840,-0.70668,0.02190,-1.08348,0.11935
56761000000,38.81696,-7.88001,-2.72328,0.70733,-0.00742,0.00848,-0.70679,0.02451,-1.11145,0.11598
56794000000,38.81825,-7.90622,-2.71871,0.70720,-0.00750,0.00847,-0.70692,0.02490,-1.09398,0.11818
56827000000,38.81943,-7.94267,-2.71457,0.70709,-0.00739,0.00850,-0.70704,0.02551,-1.09286,0.11809
56860000000,38.81894,-7.98713,-2.71710,0.70700,-0.00746,0.00854,-0.70712,0.02211,-1.10319,0.10920
56893000000,38.82151,-8.01861,-2.71132,0.70692,-0.00743,0.00856,-0.70720,0.02291,-1.09455,0.11337
56926000000,38.82406,-8.09263,-2.71219,0.70682,-0.00691,0.00866,-0.70730,0.02457,-1.15199,0.10585
56959000000,38.82342,-8.10110,-2.70803,0.70673,-0.00731,0.00867,-0.70739,0.02160,-1.10698,0.10757
56992000000,38.82384,-8.13874,-2.70427,0.70667,-0.00724,0.00866,-0.70746,0.02116,-1.10667,0.10787
57025000000,38.82577,-8.18979,-2.70666,0.70662,-0.00718,0.00873,-0.70751,0.02217,-1.12664,0.09934
57058000000,38.82622,-8.22055,-2.70235,0.70652,-0.00721,0.00875,-0.70760,0.02090,-1.11658,0.10127
57091000000,38.82875,-8.28856,-2.70392,0.70642,-0.00686,0.00890,-0.70770,0.02298,-1.16359,0.09440
57124000000,38.82857,-8.30438,-2.70033,0.70635,-0.00717,0.00894,-0.70777,0.02009,-1.12873,0.09632
57157000000,38.82864,-8.33896,-2.69679,0.70630,-0.00714,0.00891,-0.70782,0.01795,-1.12325,0.09895
57190000000,38.82975,-8.39018,-2.69938,0.70624,-0.00711,0.00891,-0.70788,0.01693,-1.14273,0.09025
57223000000,38.83020,-8.42245,-2.69491,0.70615,-0.00706,0.00887,-0.70798,0.01657,-1.13365,0.09309
57256000000,38.83318,-8.48995,-2.69645,0.70609,-0.00671,0.00895,-0.70804,0.01952,-1.17806,0.08618
57289000000,38.83297,-8.50725,-2.69269,0.70602,-0.00699,0.00898,-0.70810,0.01786,-1.14531,0.08842
57322000000,38.83396,-8.54597,-2.68995,0.70595,-0.00700,0.00900,-0.70817,0.01863,-1.14529,0.08830
57355000000,38.83459,-8.59748,-2.69279,0.70586,-0.00689,0.00903,-0.70826,0.01817,-1.16339,0.08035
57388000000,38.83503,-8.63265,-2.68852,0.70580,-0.00690,0.00907,-0.70832,0.01737,-1.15759,0.08364
57421000000,38.83620,-8.69108,-2.69037,0.70578,-0.00664,0.00913,-0.70834,0.01750,-1.18800,0.07698
57454000000,38.83641,-8.71931,-2.68671,0.70572,-0.00671,0.00914,-0.70840,0.01552,-1.17156,0.07911
57487000000,38.83660,-8.75664,-2.68399,0.70569,-0.00666,0.00915,-0.70843,0.01326,-1.16843,0.08017
57520000000,38.83849,-8.81177,-2.68547,0.70565,-0.00649,0.00925,-0.70847,0.01499,-1.19071,0.07455
57553000000,38.83956,-8.84825,-2.68217,0.70558,-0.00654,0.00927,-0.70854,0.01610,-1.18486,0.07687
57586000000,38.84119,-8.90914,-2.68433,0.70554,-0.00629,0.00931,-0.70859,0.01649,-1.21549,0.07108
57619000000,38.84109,-8.93616,-2.68108,0.70549,-0.00646,0.00928,-0.70863,0.01447,-1.19550,0.07238
57652000000,38.84141,-8.97370,-2.67828,0.70544,-0.00643,0.00930,-0.70868,0.01359,-1.19176,0.07219
57685000000,38.84264,-9.03001,-2.68056,0.70540,-0.00627,0.00933,-0.70872,0.01328,-1.21544,0.06578
57718000000,38.84309,-9.06668,-2.67748,0.70535,-0.00631,0.00938,-0.70877,0.01212,-1.21035,0.06750
57751000000,38.84542,-9.12809,-2.67979,0.70533,-0.00610,0.00947,-0.70879,0.01411,-1.24146,0.06132
57784000000,38.84518,-9.15941,-2.67705,0.70530,-0.00619,0.00948,-0.70881,0.01285,-1.22770,0.06308
57817000000,38.84618,-9.21395,-2.67875,0.70525,-0.00597,0.00956,-0.70887,0.01361,-1.24876,0.05747
57850000000,38.84739,-9.25271,-2.67595,0.70517,-0.00604,0.00959,-0.70894,0.01435,-1.24526,0.05887
57883000000,38.84830,-9.30567,-2.67756,0.70514,-0.00595,0.00959,-0.70898,0.01475,-1.26218,0.05367
57916000000,38.84853,-9.34620,-2.67550,0.70508,-0.00596,0.00958,-0.70903,0.01345,-1.26103,0.05378
57949000000,38.84972,-9.40057,-2.67687,0.70502,-0.00579,0.00967,-0.70910,0.01364,-1.28155,0.04996
57982000000,38.84963,-9.43988,-2.67522,0.70498,-0.00586,0.00967,-0.70913,0.01157,-1.27533,0.05089
58015000000,38.85041,-9.48977,-2.67610,0.70497,-0.00572,0.00971,-0.70915,0.01183,-1.28663,0.04638
58048000000,38.85172,-9.53167,-2.67397,0.70494,-0.00576,0.00975,-0.70918,0.01279,-1.28722,0.04890
58081000000,38.85199,-9.58070,-2.67484,0.70494,-0.00565,0.00974,-0.70917,0.01099,-1.29671,0.04499
58114000000,38.85240,-9.62250,-2.67301,0.70493,-0.00570,0.00977,-0.70918,0.01044,-1.29376,0.04444
58147000000,38.85207,-9.67433,-2.67475,0.70494,-0.00556,0.00983,-0.70918,0.00736,-1.30940,0.03868
58180000000,38.85231,-9.71817,-2.67359,0.70491,-0.00551,0.00985,-0.70921,0.00646,-1.30952,0.03974
58213000000,38.85246,-9.76998,-2.67467,0.70489,-0.00537,0.00985,-0.70923,0.00534,-1.32412,0.03484
58246000000,38.85312,-9.81241,-2.67279,0.70489,-0.00538,0.00992,-0.70923,0.00489,-1.32017,0.03680
58279000000,38.85335,-9.86248,-2.67337,0.70485,-0.00525,0.00994,-0.70926,0.00483,-1.33343,0.03353
58312000000,38.85329,-9.90551,-2.67209,0.70486,-0.00516,0.00996,-0.70926,0.00346,-1.33205,0.03396
58345000000,38.85375,-9.95945,-2.67337,0.70485,-0.00503,0.01000,-0.70926,0.00362,-1.34955,0.02988
58378000000,38.85411,-10.00391,-2.67232,0.70483,-0.00499,0.01003,-0.70929,0.00314,-1.35052,0.02996
58411000000,38.85462,-10.05705,-2.67341,0.70477,-0.00484,0.01006,-0.70935,0.00226,-1.36644,0.02573
58444000000,38.85486,-10.10181,-2.67258,0.70478,-0.00489,0.01006,-0.70934,0.00034,-1.36597,0.02657
58477000000,38.85508,-10.15387,-2.67361,0.70475,-0.00477,0.01004,-0.70936,0.00031,-1.37893,0.02414
58510000000,38.85504,-10.19946,-2.67285,0.70473,-0.00477,0.01007,-0.70939,-0.00041,-1.37934,0.02441
58543000000,38.85516,-10.25090,-2.67399,0.70468,-0.00467,0.01006,-0.70943,-0.00105,-1.38993,0.02178
58576000000,38.85521,-10.29698,-2.67342,0.70462,-0.00465,0.01006,-0.70950,-0.00146,-1.39013,0.02296
58609000000,38.85509,-10.34858,-2.67476,0.70461,-0.00464,0.01000,-0.70951,-0.00208,-1.39945,0.01883
58642000000,38.85492,-10.39464,-2.67402,0.70460,-0.00464,0.01003,-0.70951,-0.00297,-1.39809,0.01990
58675000000,38.85477,-10.44624,-2.67527,0.70458,-0.00460,0.00996,-0.70954,-0.00268,-1.40740,0.01678
58708000000,38.85478,-10.49321,-2.67458,0.70454,-0.00460,0.00998,-0.70958,-0.00429,-1.40983,0.01833
58741000000,38.85431,-10.54541,-2.67598,0.70450,-0.00457,0.00994,-0.70962,-0.00795,-1.41954,0.01566
58774000000,38.85386,-10.59082,-2.67504,0.70445,-0.00450,0.00998,-0.70967,-0.00914,-1.41763,0.01788
58807000000,38.85321,-10.64418,-2.67689,0.70445,-0.00451,0.01000,-0.70967,-0.01089,-1.42841,0.01502
58840000000,38.85290,-10.69162,-2.67640,0.70444,-0.00446,0.01003,-0.70968,-0.01146,-1.42945,0.01510
58873000000,38.85242,-10.74506,-2.67795,0.70443,-0.00438,0.01009,-0.70969,-0.01247,-1.43950,0.01128
58906000000,38.85213,-10.79245,-2.67751,0.70444,-0.00439,0.01008,-0.70968,-0.01312,-1.43815,0.01267
58939000000,38.85140,-10.84609,-2.67912,0.70442,-0.00436,0.01012,-0.70970,-0.01501,-1.44901,0.00991
58972000000,38.85109,-10.89377,-2.67867,0.70439,-0.00439,0.01017,-0.70973,-0.01609,-1.44993,0.01108
59005000000,38.85059,-10.94581,-2.67997,0.70436,-0.00437,0.01021,-0.70975,-0.01659,-1.45655,0.00873
59038000000,38.85028,-10.99411,-2.67961,0.70434,-0.00434,0.01027,-0.70977,-0.01769,-1.45682,0.01005
59071000000,38.85026,-11.04626,-2.68062,0.70435,-0.00433,0.01036,-0.70976,-0.01737,-1.46469,0.00919
59104000000,38.84977,-11.09459,-2.68023,0.70430,-0.00433,0.01039,-0.70981,-0.01843,-1.46527,0.00998
59137000000,38.84975,-11.14583,-2.68112,0.70435,-0.00433,0.01049,-0.70977,-0.01726,-1.47103,0.00804
59170000000,38.84913,-11.19368,-2.68067,0.70429,-0.00429,0.01049,-0.70983,-0.01821,-1.47084,0.00818
59203000000,38.84892,-11.24478,-2.68149,0.70429,-0.00428,0.01056,-0.70982,-0.01864,-1.47617,0.00733
59236000000,38.84836,-11.29358,-2.68121,0.70430,-0.00432,0.01057,-0.70981,-0.01916,-1.47698,0.00837
59269000000,38.84849,-11.34570,-2.68216,0.70428,-0.00427,0.01074,-0.70983,-0.01759,-1.47276,0.00592
59302000000,38.84766,-11.39291,-2.68180,0.70417,-0.00428,0.01067,-0.70994,-0.02077,-1.45412,0.00789
59335000000,38.84760,-11.44358,-2.68252,0.70410,-0.00423,0.01074,-0.71000,-0.02194,-1.45142,0.00680
59368000000,38.84655,-11.49014,-2.68217,0.70393,-0.00426,0.01066,-0.71018,-0.02869,-1.43372,0.00880
59401000000,38.84599,-11.53866,-2.68283,0.70365,-0.00424,0.01070,-0.71046,-0.03472,-1.42121,0.00805
59434000000,38.84476,-11.58548,-2.68259,0.70330,-0.00423,0.01070,-0.71080,-0.04252,-1.41312,0.00977
59467000000,38.84403,-11.63464,-2.68348,0.70285,-0.00425,0.01081,-0.71125,-0.04850,-1.43032,0.00753
59500000000,38.84195,-11.68110,-2.68299,0.70221,-0.00422,0.01080,-0.71188,-0.05953,-1.44787,0.00994
59533000000,38.84067,-11.73140,-2.68371,0.70148,-0.00425,0.01096,-0.71259,-0.06487,-1.47442,0.00868
59566000000,38.83835,-11.77934,-2.68334,0.70073,-0.00427,0.01093,-0.71333,-0.07059,-1.49396,0.01044
59599000000,38.83658,-11.82990,-2.68398,0.69994,-0.00428,0.01106,-0.71410,-0.07472,-1.51445,0.00924
59632000000,38.83402,-11.87952,-2.68353,0.69920,-0.00426,0.01109,-0.71483,-0.07903,-1.51451,0.01019
59665000000,38.83221,-11.93080,-2.68420,0.69849,-0.00428,0.01118,-0.71552,-0.07931,-1.50920,0.00786
59698000000,38.82932,-11.97946,-2.68378,0.69778,-0.00427,0.01107,-0.71622,-0.08210,-1.49706,0.00831
59731000000,38.82744,-12.03004,-2.68435,0.69703,-0.00433,0.01122,-0.71694,-0.08418,-1.48094,0.00830
59764000000,38.82452,-12.07792,-2.68410,0.69623,-0.00435,0.01119,-0.71772,-0.09001,-1.46694,0.00898
59797000000,38.82217,-12.12720,-2.68469,0.69541,-0.00440,0.01133,-0.71851,-0.09568,-1.45642,0.00801
59830000000,38.81863,-12.17413,-2.68423,0.69446,-0.00432,0.01129,-0.71943,-0.10542,-1.44017,0.00981
59863000000,38.81589,-12.22275,-2.68491,0.69335,-0.00429,0.01133,-0.72050,-0.11352,-1.42848,0.00916
59896000000,38.81189,-12.26914,-2.68448,0.69211,-0.00432,0.01124,-0.72170,-0.12397,-1.41409,0.01053
59929000000,38.80871,-12.31651,-2.68519,0.69077,-0.00436,0.01133,-0.72297,-0.13379,-1.39948,0.01033
59962000000,38.80388,-12.36168,-2.68479,0.68922,-0.00435,0.01125,-0.72445,-0.14829,-1.38520,0.01284
59995000000,38.79969,-12.40778,-2.68538,0.68749,-0.00443,0.01138,-0.72609,-0.16126,-1.36903,0.01176
60028000000,38.79385,-12.45210,-2.68489,0.68556,-0.00447,0.01130,-0.72792,-0.18004,-1.35999,0.01290
60061000000,38.78864,-12.49841,-2.68547,0.68338,-0.00453,0.01142,-0.72995,-0.19837,-1.37912,0.01264
60094000000,38.78146,-12.54339,-2.68498,0.68094,-0.00457,0.01133,-0.73224,-0.22086,-1.39995,0.01357
60127000000,38.77441,-12.59012,-2.68554,0.67829,-0.00467,0.01138,-0.73470,-0.23618,-1.39798,0.01286
60160000000,38.76606,-12.63503,-2.68496,0.67548,-0.00469,0.01128,-0.73728,-0.25297,-1.38127,0.01322
60193000000,38.75786,-12.68081,-2.68551,0.67250,-0.00476,0.01129,-0.73999,-0.26995,-1.36838,0.01206
60226000000,38.74852,-12.72524,-2.68508,0.66927,-0.00477,0.01119,-0.74292,-0.28939,-1.35319,0.01268
60259000000,38.73892,-12.77024,-2.68586,0.66585,-0.00483,0.01128,-0.74598,-0.31149,-1.34125,0.01169
60292000000,38.72811,-12.81307,-2.68525,0.66214,-0.00488,0.01118,-0.74928,-0.33368,-1.32528,0.01379
60325000000,38.71688,-12.85766,-2.68599,0.65822,-0.00496,0.01126,-0.75273,-0.35785,-1.31517,0.01260
60358000000,38.70446,-12.89974,-2.68549,0.65390,-0.00501,0.01116,-0.75648,-0.38455,-1.30181,0.01341
60391000000,38.69122,-12.94355,-2.68620,0.64923,-0.00508,0.01117,-0.76050,-0.41495,-1.29262,0.01232
60424000000,38.67705,-12.98511,-2.68569,0.64433,-0.00514,0.01111,-0.76465,-0.44257,-1.28037,0.01423
60457000000,38.66164,-13.02797,-2.68628,0.63919,-0.00513,0.01109,-0.76895,-0.47703,-1.29099,0.01492
60490000000,38.64539,-13.06983,-2.68564,0.63361,-0.00522,0.01105,-0.77356,-0.50924,-1.28830,0.01717
60523000000,38.62771,-13.11272,-2.68593,0.62767,-0.00529,0.01110,-0.77838,-0.54074,-1.28104,0.01673
60556000000,38.60903,-13.15416,-2.68601,0.62133,-0.00539,0.01105,-0.78345,-0.57652,-1.27059,0.01778
60589000000,38.58925,-13.19656,-2.68600,0.61450,-0.00545,0.01106,-0.78882,-0.61506,-1.26286,0.01828
60622000000,38.56827,-13.23812,-2.68582,0.60711,-0.00549,0.01102,-0.79452,-0.65709,-1.25468,0.01912
60655000000,38.54566,-13.27996,-2.68559,0.59910,-0.00561,0.01099,-0.80058,-0.70304,-1.24687,0.02014
60688000000,38.52100,-13.32370,-2.68569,0.59030,-0.00561,0.01110,-0.80709,-0.75569,-1.24370,0.01987
60721000000,38.49532,-13.36272,-2.68491,0.58070,-0.00577,0.01095,-0.81402,-0.81073,-1.22687,0.02272
60754000000,38.46732,-13.40335,-2.68441,0.57013,-0.00588,0.01097,-0.82146,-0.87310,-1.21426,0.02490
60787000000,38.43722,-13.44382,-2.68382,0.55849,-0.00599,0.01095,-0.82942,-0.94030,-1.20131,0.02515
60820000000,38.40489,-13.48353,-2.68318,0.54567,-0.00617,0.01090,-0.83791,-1.01303,-1.18545,0.02777
60853000000,38.37009,-13.52268,-2.68246,0.53184,-0.00632,0.01083,-0.84675,-1.08957,-1.16773,0.02998
60886000000,38.33309,-13.56079,-2.68162,0.51712,-0.00646,0.01076,-0.85582,-1.13881,-1.11850,0.03171
60919000000,38.29483,-13.59713,-2.68069,0.50238,-0.00668,0.01064,-0.86456,-1.17172,-1.06003,0.03425
60952000000,38.25553,-13.63150,-2.67975,-0.48766,0.00681,-0.01057,0.87294,-1.20033,-1.00406,0.03562
60985000000,38.21525,-13.66411,-2.67873,-0.47305,0.00696,-0.01048,0.88094,-1.22912,-0.95220,0.03741
61018000000,38.17403,-13.69504,-2.67769,-0.45862,0.00705,-0.01039,0.88854,-1.25437,-0.90291,0.03885
61051000000,38.13172,-13.72507,-2.67693,-0.44444,0.00715,-0.01036,0.89572,-1.27835,-0.85804,0.03909
61084000000,38.08912,-13.75216,-2.67559,-0.43055,0.00729,-0.01024,0.90248,-1.29824,-0.80981,0.04073
61117000000,38.04558,-13.77860,-2.67450,-0.41699,0.00742,-0.01016,0.90882,-1.30845,-0.77862,0.04155
61150000000,38.00213,-13.80444,-2.67342,-0.40452,0.00756,-0.01011,0.91444,-1.30856,-0.76060,0.03986
61183000000,37.95833,-13.82935,-2.67238,-0.39263,0.00766,-0.01003,0.91961,-1.32220,-0.72977,0.03976
61216000000,37.91426,-13.85325,-2.67133,-0.38124,0.00771,-0.00997,0.92439,-1.33352,-0.70105,0.03898
61249000000,37.87000,-13.87621,-2.67030,-0.37048,0.00778,-0.00990,0.92875,-1.34162,-0.67574,0.03826
61282000000,37.82541,-13.89825,-2.66923,-0.36028,0.00782,-0.00987,0.93276,-1.35025,-0.65318,0.03974
61315000000,37.78051,-13.92038,-2.66829,-0.35068,0.00784,-0.00987,0.93641,-1.35597,-0.63650,0.04016
61348000000,37.73547,-13.94188,-2.66735,-0.34177,0.00777,-0.00987,0.93970,-1.36283,-0.62335,0.04098
61381000000,37.69028,-13.96295,-2.66639,-0.33354,0.00777,-0.00993,0.94265,-1.36571,-0.61294,0.04124
61414000000,37.64510,-13.98417,-2.66550,-0.32601,0.00772,-0.00996,0.94528,-1.36661,-0.60781,0.04164
61447000000,37.59995,-14.00512,-2.66458,-0.31882,0.00768,-0.01003,0.94773,-1.36755,-0.59799,0.04172
61480000000,37.55485,-14.02586,-2.66367,-0.31185,0.00761,-0.01011,0.95005,-1.36849,-0.58886,0.04212
61513000000,37.50960,-14.04587,-2.66275,-0.30512,0.00757,-0.01010,0.95223,-1.36885,-0.57823,0.04176
61546000000,37.46427,-14.06542,-2.66179,-0.29856,0.00752,-0.01011,0.95431,-1.37022,-0.56738,0.04214
61579000000,37.41903,-14.08389,-2.66037,-0.29214,0.00757,-0.01007,0.95629,-1.36984,-0.55470,0.04274
61612000000,37.37369,-14.10337,-2.65965,-0.28595,0.00746,-0.01015,0.95816,-1.36828,-0.54538,0.04135
61645000000,37.32857,-14.12127,-2.65833,-0.27985,0.00752,-0.01013,0.95996,-1.36640,-0.53281,0.04101
61678000000,37.28312,-14.14078,-2.65805,-0.27402,0.00734,-0.01015,0.96164,-1.36581,-0.52674,0.03857
61711000000,37.23813,-14.15791,-2.65663,-0.26829,0.00742,-0.01010,0.96326,-1.36374,-0.51489,0.04063
61744000000,37.19292,-14.17672,-2.65636,-0.26271,0.00729,-0.01015,0.96479,-1.36183,-0.50940,0.03855
61777000000,37.14810,-14.19337,-2.65503,-0.25729,0.00738,-0.01013,0.96625,-1.35914,-0.49856,0.03922
61810000000,37.10278,-14.21163,-2.65495,-0.25210,0.00727,-0.01017,0.96762,-1.35736,-0.49307,0.03775
61843000000,37.05814,-14.22782,-2.65365,-0.24698,0.00730,-0.01014,0.96894,-1.35393,-0.48278,0.03860
61876000000,37.01292,-14.24557,-2.65360,-0.24209,0.00715,-0.01016,0.97017,-1.35182,-0.47858,0.03663
61909000000,36.96844,-14.26112,-2.65221,-0.23732,0.00721,-0.01019,0.97135,-1.34887,-0.46812,0.03811
61942000000,36.92335,-14.27861,-2.65217,-0.23270,0.00703,-0.01023,0.97247,-1.34656,-0.46390,0.03572
61975000000,36.87897,-14.29362,-2.65088,-0.22821,0.00706,-0.01019,0.97353,-1.34230,-0.45332,0.03697
62008000000,36.83379,-14.31034,-2.65088,-0.22382,0.00690,-0.01015,0.97455,-1.34155,-0.44741,0.03477
62041000000,36.78982,-14.32483,-2.64959,-0.21956,0.00697,-0.01015,0.97552,-1.33630,-0.43760,0.03574
62074000000,36.74473,-14.34140,-2.64983,-0.21543,0.00679,-0.01016,0.97644,-1.33468,-0.43322,0.03327
62107000000,36.70087,-14.35544,-2.64857,-0.21143,0.00682,-0.01013,0.97732,-1.33038,-0.42343,0.03419
62140000000,36.65575,-14.37200,-2.64872,-0.20759,0.00655,-0.01012,0.97814,-1.32945,-0.42124,0.03177
62173000000,36.61213,-14.38539,-2.64748,-0.20383,0.00658,-0.01007,0.97893,-1.32581,-0.41137,0.03357
62206000000,36.56676,-14.40136,-2.64750,-0.20022,0.00633,-0.01009,0.97968,-1.32514,-0.40904,0.03421
62239000000,36.52324,-14.41470,-2.64626,-0.19662,0.00635,-0.01010,0.98041,-1.32037,-0.40108,0.03484
62272000000,36.47762,-14.43015,-2.64619,-0.19325,0.00613,-0.01007,0.98108,-1.31946,-0.39756,0.03532
62305000000,36.43447,-14.44319,-2.64495,-0.18985,0.00612,-0.01009,0.98174,-1.31262,-0.39082,0.03655
62338000000,36.38888,-14.45865,-2.64501,-0.18664,0.00586,-0.01005,0.98236,-1.31309,-0.39047,0.03523
62371000000,36.34644,-14.47115,-2.64363,-0.18346,0.00595,-0.01000,0.98296,-1.30708,-0.38233,0.03607
62404000000,36.30116,-14.48582,-2.64362,-0.18037,0.00572,-0.00993,0.98353,-1.30752,-0.37948,0.03592
62437000000,36.25830,-14.49786,-2.64233,-0.17738,0.00578,-0.00990,0.98408,-1.30262,-0.37074,0.03621
62470000000,36.21523,-14.51014,-2.64121,-0.17450,0.00573,-0.00984,0.98459,-1.29811,-0.36463,0.03676
62503000000,36.16866,-14.52484,-2.64138,-0.17174,0.00544,-0.00982,0.98508,-1.30111,-0.36378,0.03491
62536000000,36.12660,-14.53659,-2.64009,-0.16897,0.00542,-0.00983,0.98556,-1.29540,-0.35596,0.03628
62569000000,36.08420,-14.54812,-2.63886,-0.16631,0.00544,-0.00983,0.98601,-1.29035,-0.34970,0.03800
62602000000,36.03746,-14.56249,-2.63890,-0.16385,0.00514,-0.00979,0.98642,-1.29338,-0.34883,0.03669
62635000000,35.99607,-14.57323,-2.63736,-0.16132,0.00519,-0.00983,0.98684,-1.28658,-0.33979,0.03852
62668000000,35.95390,-14.58422,-2.63613,-0.15888,0.00518,-0.00977,0.98724,-1.28073,-0.33326,0.03917
62701000000,35.90759,-14.59844,-2.63620,-0.15662,0.00489,-0.00971,0.98760,-1.28404,-0.33349,0.03809
62734000000,35.86638,-14.60915,-2.63491,-0.15430,0.00494,-0.00972,0.98796,-1.27694,-0.32672,0.03857
62767000000,35.82447,-14.61957,-2.63358,-0.15207,0.00495,-0.00974,0.98831,-1.27248,-0.32177,0.04003
62800000000,35.77698,-14.63263,-2.63350,-0.14998,0.00467,-0.00963,0.98863,-1.27779,-0.32158,0.03875
62833000000,35.73682,-14.64225,-2.63212,-0.14788,0.00480,-0.00962,0.98895,-1.27022,-0.31497,0.03927
62866000000,35.69489,-14.65224,-2.63102,-0.14591,0.00483,-0.00961,0.98924,-1.26454,-0.30870,0.03904
62899000000,35.64689,-14.66563,-2.63161,-0.14400,0.00456,-0.00950,0.98952,-1.26961,-0.31086,0.03726
62932000000,35.60764,-14.67363,-2.62960,-0.14208,0.00473,-0.00948,0.98980,-1.26084,-0.30279,0.03913
62965000000,35.56677,-14.68323,-2.62815,-0.14010,0.00476,-0.00951,0.99008,-1.24528,-0.29063,0.04125
62998000000,35.51935,-14.69569,-2.62881,-0.13796,0.00445,-0.00946,0.99038,-1.24556,-0.28198,0.03868
63031000000,35.47993,-14.70359,-2.62726,-0.13516,0.00452,-0.00948,0.99077,-1.24052,-0.24318,0.04066
63064000000,35.43943,-14.71146,-2.62607,-0.13195,0.00455,-0.00944,0.99120,-1.22373,-0.22799,0.04097
63097000000,35.38939,-14.72485,-2.62750,-0.12855,0.00407,-0.00939,0.99165,-1.22531,-0.22028,0.03847
63130000000,35.35219,-14.73056,-2.62585,-0.12484,0.00421,-0.00943,0.99212,-1.22405,-0.20580,0.03975
63163000000,35.30267,-14.74192,-2.62695,-0.12146,0.00388,-0.00934,0.99255,-1.24894,-0.20653,0.03669
63196000000,35.26582,-14.74605,-2.62526,-0.11841,0.00412,-0.00934,0.99291,-1.24336,-0.21908,0.03757
63229000000,35.21961,-14.75486,-2.62563,-0.11601,0.00393,-0.00928,0.99320,-1.26105,-0.22048,0.03665
63262000000,35.17811,-14.76133,-2.62380,-0.11383,0.00397,-0.00925,0.99345,-1.26200,-0.21789,0.03885
63295000000,35.13652,-14.76856,-2.62256,-0.11181,0.00391,-0.00925,0.99368,-1.25858,-0.21378,0.04016
63328000000,35.08719,-14.77806,-2.62313,-0.10983,0.00366,-0.00916,0.99390,-1.26577,-0.21310,0.03856
63361000000,35.04928,-14.78332,-2.62149,-0.10786,0.00379,-0.00915,0.99412,-1.25616,-0.20663,0.03919
63394000000,35.00776,-14.79010,-2.62037,-0.10594,0.00385,-0.00909,0.99432,-1.25083,-0.20354,0.04014
63427000000,34.95838,-14.79906,-2.62114,-0.10415,0.00360,-0.00899,0.99451,-1.25949,-0.20357,0.03742
63460000000,34.91960,-14.80441,-2.61943,-0.10235,0.00366,-0.00899,0.99470,-1.25077,-0.19855,0.03944
63493000000,34.87797,-14.81100,-2.61820,-0.10064,0.00367,-0.00895,0.99488,-1.24614,-0.19578,0.04038
63526000000,34.82619,-14.81997,-2.61918,-0.09902,0.00334,-0.00876,0.99504,-1.25875,-0.19517,0.03878
63559000000,34.78906,-14.82525,-2.61717,-0.09744,0.00350,-0.00878,0.99520,-1.24819,-0.18933,0.04094
63592000000,34.74773,-14.83125,-2.61604,-0.09590,0.00356,-0.00874,0.99535,-1.24426,-0.18503,0.04114
63625000000,34.69453,-14.84258,-2.61756,-0.09444,0.00316,-0.00859,0.99549,-1.25897,-0.19116,0.03717
63658000000,34.65672,-14.84691,-2.61571,-0.09299,0.00327,-0.00863,0.99562,-1.24914,-0.18565,0.03847
63691000000,34.61546,-14.85292,-2.61450,-0.09157,0.00328,-0.00860,0.99576,-1.24437,-0.18172,0.03907
63724000000,34.56188,-14.86392,-2.61600,-0.09012,0.00287,-0.00850,0.99589,-1.25088,-0.18148,0.03664
63757000000,34.52595,-14.86736,-2.61412,-0.08832,0.00301,-0.00850,0.99605,-1.23046,-0.16061,0.03784
63790000000,34.48592,-14.87195,-2.61291,-0.08618,0.00303,-0.00848,0.99624,-1.21554,-0.14830,0.03904
63823000000,34.43537,-14.88020,-2.61367,-0.08390,0.00267,-0.00837,0.99644,-1.23066,-0.14554,0.03811
63856000000,34.39773,-14.88399,-2.61193,-0.08180,0.00280,-0.00839,0.99661,-1.23775,-0.14372,0.03801
63889000000,34.35739,-14.88904,-2.61046,-0.08016,0.00282,-0.00840,0.99674,-1.24903,-0.14340,0.03994
63922000000,34.30712,-14.89835,-2.61150,-0.07873,0.00250,-0.00832,0.99686,-1.25967,-0.14738,0.03792
63955000000,34.26851,-14.90299,-2.60964,-0.07725,0.00261,-0.00837,0.99697,-1.25121,-0.14437,0.03946
63988000000,34.22804,-14.90715,-2.60838,-0.07584,0.00261,-0.00836,0.99708,-1.24538,-0.14003,0.04056
64021000000,34.17858,-14.91541,-2.60948,-0.07458,0.00237,-0.00832,0.99718,-1.25288,-0.14246,0.03750
64054000000,34.13959,-14.91855,-2.60779,-0.07326,0.00243,-0.00833,0.99727,-1.24594,-0.13766,0.03879
64087000000,34.09986,-14.92383,-2.60604,-0.07194,0.00240,-0.00840,0.99737,-1.24004,-0.13557,0.04018
64120000000,34.05917,-14.92779,-2.60473,-0.07074,0.00233,-0.00833,0.99746,-1.23554,-0.13232,0.04078
64153000000,34.00446,-14.93720,-2.60671,-0.06966,0.00198,-0.00821,0.99754,-1.25155,-0.13662,0.03689
64186000000,33.96849,-14.93886,-2.60455,-0.06855,0.00204,-0.00822,0.99761,-1.24189,-0.12971,0.03770
64219000000,33.92758,-14.94356,-2.60333,-0.06739,0.00204,-0.00824,0.99769,-1.22647,-0.12460,0.03916
64252000000,33.88770,-14.94777,-2.60225,-0.06587,0.00201,-0.00824,0.99779,-1.20953,-0.11284,0.03977
64285000000,33.83440,-14.95781,-2.60400,-0.06424,0.00173,-0.00814,0.99790,-1.21672,-0.11457,0.03680
64318000000,33.80051,-14.95899,-2.60188,-0.06237,0.00190,-0.00819,0.99802,-1.18984,-0.09998,0.03936
64351000000,33.76264,-14.96134,-2.60032,-0.06034,0.00192,-0.00820,0.99814,-1.17609,-0.08680,0.04053
64384000000,33.71286,-14.96793,-2.60126,-0.05820,0.00170,-0.00814,0.99827,-1.20715,-0.08720,0.03849
64417000000,33.67823,-14.96862,-2.59925,-0.05619,0.00180,-0.00817,0.99838,-1.21361,-0.07950,0.04014
64450000000,33.63793,-14.97158,-2.59815,-0.05445,0.00183,-0.00817,0.99848,-1.22624,-0.08572,0.04080
64483000000,33.58467,-14.97889,-2.59978,-0.05301,0.00160,-0.00803,0.99856,-1.24751,-0.08996,0.03925
64516000000,33.54914,-14.98028,-2.59810,-0.05159,0.00172,-0.00809,0.99863,-1.23622,-0.08480,0.04188
64549000000,33.50874,-14.98308,-2.59692,-0.05016,0.00171,-0.00808,0.99871,-1.23214,-0.08177,0.04235
64582000000,33.45534,-14.99019,-2.59899,-0.04879,0.00148,-0.00799,0.99878,-1.24353,-0.08433,0.03914
64615000000,33.41790,-14.99328,-2.59748,-0.04745,0.00146,-0.00801,0.99884,-1.23450,-0.08278,0.04057
64648000000,33.38155,-14.99429,-2.59547,-0.04618,0.00154,-0.00806,0.99890,-1.22575,-0.07814,0.04196
64681000000,33.33527,-14.99798,-2.59610,-0.04493,0.00137,-0.00797,0.99896,-1.22940,-0.07704,0.04041
64714000000,33.29510,-15.00076,-2.59423,-0.04370,0.00135,-0.00797,0.99901,-1.22592,-0.07468,0.04368
64747000000,33.25546,-15.00251,-2.59300,-0.04252,0.00136,-0.00794,0.99906,-1.22065,-0.07241,0.04599
64780000000,33.21508,-15.00471,-2.59178,-0.04137,0.00140,-0.00789,0.99911,-1.21722,-0.07076,0.04695
64813000000,33.16428,-15.01003,-2.59379,-0.04028,0.00122,-0.00780,0.99916,-1.22773,-0.07262,0.04323
64846000000,33.12724,-15.01257,-2.59133,-0.03922,0.00122,-0.00784,0.99920,-1.22016,-0.07080,0.04603
64879000000,33.08639,-15.01536,-2.59001,-0.03817,0.00123,-0.00783,0.99924,-1.21730,-0.07000,0.04616
64912000000,33.04580,-15.01758,-2.58882,-0.03723,0.00121,-0.00785,0.99928,-1.21348,-0.06769,0.04735
64945000000,32.98873,-15.02574,-2.59130,-0.03633,0.00092,-0.00779,0.99931,-1.22952,-0.07334,0.04239
64978000000,32.95742,-15.02723,-2.58828,-0.03538,0.00102,-0.00792,0.99934,-1.21562,-0.07087,0.04520
65011000000,32.91685,-15.03082,-2.58649,-0.03448,0.00101,-0.00795,0.99937,-1.21409,-0.07128,0.04592
65044000000,32.87741,-15.03300,-2.58501,-0.03363,0.00097,-0.00797,0.99940,-1.21103,-0.07098,0.04560
65077000000,32.82271,-15.04013,-2.58634,-0.03280,0.00068,-0.00788,0.99943,-1.22557,-0.07530,0.04208
65110000000,32.78780,-15.04230,-2.58440,-0.03197,0.00073,-0.00796,0.99946,-1.21645,-0.07404,0.04355
65143000000,32.74673,-15.04547,-2.58310,-0.03115,0.00062,-0.00803,0.99948,-1.21511,-0.07335,0.04456
65176000000,32.70813,-15.04745,-2.58114,-0.03036,0.00064,-0.00800,0.99951,-1.21191,-0.07246,0.04660
65209000000,32.65373,-15.05323,-2.58274,-0.02968,0.00042,-0.00787,0.99953,-1.22566,-0.07541,0.04221
65242000000,32.62040,-15.05472,-2.58072,-0.02897,0.00050,-0.00792,0.99955,-1.21503,-0.07364,0.04394
65275000000,32.58189,-15.05901,-2.57897,-0.02822,0.00051,-0.00799,0.99957,-1.21026,-0.07505,0.04427
65308000000,32.54370,-15.06148,-2.57713,-0.02755,0.00047,-0.00798,0.99959,-1.20540,-0.07477,0.04537
65341000000,32.48898,-15.06891,-2.57905,-0.02693,0.00022,-0.00788,0.99961,-1.21831,-0.07952,0.04238
65374000000,32.45700,-15.06911,-2.57653,-0.02625,0.00029,-0.00791,0.99962,-1.20582,-0.07583,0.04502
65407000000,32.40043,-15.07788,-2.57643,-0.02563,-0.00001,-0.00782,0.99964,-1.22251,-0.08251,0.04320
65440000000,32.36820,-15.07994,-2.57429,-0.02502,0.00008,-0.00792,0.99966,-1.20953,-0.08021,0.04491
65473000000,32.32948,-15.08261,-2.57308,-0.02444,0.00009,-0.00789,0.99967,-1.20416,-0.07848,0.04502
65506000000,32.29064,-15.08549,-2.57160,-0.02388,0.00006,-0.00790,0.99968,-1.20062,-0.07774,0.04646
65539000000,32.25570,-15.08572,-2.56818,-0.02331,0.00006,-0.00790,0.99970,-1.19215,-0.07472,0.04948
65572000000,32.20888,-15.09036,-2.56834,-0.02279,-0.00005,-0.00784,0.99971,-1.19600,-0.07629,0.04900
65605000000,32.17133,-15.09424,-2.56586,-0.02222,-0.00002,-0.00790,0.99972,-1.19135,-0.07727,0.05054
65638000000,32.10654,-15.10080,-2.56646,-0.02170,-0.00040,-0.00771,0.99973,-1.21802,-0.07943,0.04882
65671000000,32.08287,-15.10116,-2.56459,-0.02116,-0.00019,-0.00780,0.99975,-1.19722,-0.07620,0.04942
65704000000,32.04455,-15.10355,-2.56321,-0.02064,-0.00020,-0.00780,0.99976,-1.19363,-0.07454,0.04930
65737000000,31.99555,-15.10720,-2.56406,-0.02017,-0.00043,-0.00774,0.99977,-1.20281,-0.07495,0.04657
65770000000,31.96237,-15.11103,-2.56175,-0.01976,-0.00043,-0.00782,0.99977,-1.19384,-0.07437,0.04816
65803000000,31.92571,-15.11220,-2.55998,-0.01937,-0.00039,-0.00778,0.99978,-1.18784,-0.07276,0.04927
65836000000,31.86795,-15.11636,-2.56072,-0.01890,-0.00070,-0.00761,0.99979,-1.20736,-0.07423,0.04700
65869000000,31.84454,-15.11701,-2.55845,-0.01846,-0.00046,-0.00772,0.99980,-1.18493,-0.07118,0.04778
65902000000,31.80523,-15.12012,-2.55691,-0.01807,-0.00047,-0.00769,0.99981,-1.18441,-0.07160,0.04886
65935000000,31.76606,-15.12225,-2.55555,-0.01769,-0.00046,-0.00767,0.99981,-1.18305,-0.07188,0.04890
65968000000,31.71007,-15.12591,-2.55767,-0.01732,-0.00071,-0.00752,0.99982,-1.20106,-0.07195,0.04547
66001000000,31.68213,-15.13025,-2.55458,-0.01697,-0.00061,-0.00764,0.99983,-1.18573,-0.07464,0.04843
66034000000,31.62492,-15.13215,-2.55451,-0.01663,-0.00085,-0.00738,0.99983,-1.20607,-0.07362,0.04577
66067000000,31.60147,-15.13284,-2.55208,-0.01629,-0.00064,-0.00753,0.99984,-1.18515,-0.07001,0.04747
66100000000,31.56229,-15.13493,-2.55070,-0.01602,-0.00060,-0.00750,0.99984,-1.18365,-0.06840,0.04805
66133000000,31.52623,-15.13822,-2.54807,-0.01566,-0.00061,-0.00748,0.99985,-1.17764,-0.06668,0.04993
66166000000,31.48129,-15.14173,-2.54880,-0.01537,-0.00069,-0.00746,0.99985,-1.18247,-0.06675,0.04706
66199000000,31.44379,-15.14542,-2.54642,-0.01508,-0.00072,-0.00749,0.99986,-1.17807,-0.06901,0.04875
66232000000,31.37578,-15.15123,-2.54767,-0.01486,-0.00113,-0.00734,0.99986,-1.21333,-0.07372,0.04735
66265000000,31.36142,-15.15177,-2.54533,-0.01460,-0.00080,-0.00749,0.99987,-1.17973,-0.07124,0.04826
66298000000,31.32229,-15.15432,-2.54392,-0.01436,-0.00083,-0.00755,0.99987,-1.17883,-0.07097,0.04905
66331000000,31.28492,-15.15535,-2.54229,-0.01406,-0.00081,-0.00751,0.99987,-1.17546,-0.06775,0.04996
66364000000,31.24821,-15.15625,-2.53969,-0.01377,-0.00077,-0.00748,0.99988,-1.17060,-0.06546,0.05116
66397000000,31.20489,-15.15648,-2.54038,-0.01352,-0.00083,-0.00733,0.99988,-1.17250,-0.06215,0.04994
66430000000,31.14231,-15.15907,-2.54069,-0.01333,-0.00122,-0.00715,0.99988,-1.20221,-0.06136,0.04810
66463000000,31.11503,-15.15836,-2.53943,-0.01306,-0.00101,-0.00717,0.99989,-1.18458,-0.05646,0.05046
66496000000,31.07530,-15.16086,-2.53787,-0.01284,-0.00101,-0.00720,0.99989,-1.18377,-0.05683,0.05214
66529000000,31.03785,-15.16311,-2.53638,-0.01260,-0.00100,-0.00725,0.99989,-1.17960,-0.05744,0.05365
66562000000,31.00367,-15.16503,-2.53462,-0.01239,-0.00099,-0.00728,0.99990,-1.17163,-0.05839,0.05497
66595000000,30.96803,-15.16440,-2.53440,-0.01226,-0.00098,-0.00724,0.99990,-1.16549,-0.05500,0.05401
66628000000,30.93077,-15.16593,-2.53240,-0.01208,-0.00100,-0.00721,0.99990,-1.16165,-0.05423,0.05505
66661000000,30.84965,-15.17021,-2.53371,-0.01191,-0.00159,-0.00691,0.99990,-1.21489,-0.05660,0.05131
66694000000,30.83794,-15.16816,-2.53161,-0.01173,-0.00118,-0.00701,0.99991,-1.17861,-0.05115,0.05263
66727000000,30.78261,-15.16813,-2.53232,-0.01154,-0.00139,-0.00684,0.99991,-1.19951,-0.04879,0.05004
66760000000,30.76069,-15.16975,-2.52963,-0.01141,-0.00120,-0.00695,0.99991,-1.17438,-0.04816,0.05206
66793000000,30.72545,-15.17299,-2.52775,-0.01119,-0.00119,-0.00699,0.99991,-1.16777,-0.04952,0.05414
66826000000,30.68808,-15.17491,-2.52592,-0.01104,-0.00120,-0.00700,0.99991,-1.16408,-0.04971,0.05552
66859000000,30.65168,-15.17879,-2.52385,-0.01080,-0.00124,-0.00704,0.99992,-1.16034,-0.05206,0.05756
66892000000,30.60496,-15.18223,-2.52440,-0.01069,-0.00142,-0.00700,0.99992,-1.16722,-0.05393,0.05573
66925000000,30.57142,-15.18508,-2.52106,-0.01053,-0.00140,-0.00703,0.99992,-1.16043,-0.05382,0.05793
66958000000,30.48100,-15.19366,-2.52173,-0.01039,-0.00213,-0.00691,0.99992,-1.22695,-0.06129,0.05499
66991000000,30.47243,-15.19066,-2.51968,-0.01027,-0.00180,-0.00698,0.99992,-1.18588,-0.05463,0.05721
67024000000,30.44503,-15.19202,-2.51751,-0.01019,-0.00172,-0.00701,0.99992,-1.17001,-0.05374,0.05851
67057000000,30.39717,-15.19540,-2.51891,-0.01001,-0.00180,-0.00695,0.99992,-1.17912,-0.05482,0.05457
67090000000,30.36680,-15.19703,-2.51616,-0.00989,-0.00166,-0.00697,0.99993,-1.16703,-0.05568,0.05720
67123000000,30.28795,-15.20365,-2.51622,-0.00979,-0.00228,-0.00685,0.99993,-1.22139,-0.06265,0.05487
67156000000,30.28548,-15.20085,-2.51345,-0.00963,-0.00177,-0.00699,0.99993,-1.17047,-0.05502,0.05766
67189000000,30.23582,-15.20110,-2.51415,-0.00954,-0.00188,-0.00687,0.99993,-1.18350,-0.05150,0.05586
67222000000,30.20182,-15.20278,-2.51194,-0.00944,-0.00183,-0.00686,0.99993,-1.17578,-0.05086,0.05713
67255000000,30.16507,-15.20658,-2.50935,-0.00927,-0.00183,-0.00690,0.99993,-1.17154,-0.05308,0.05793
67288000000,30.12964,-15.20846,-2.50628,-0.00912,-0.00183,-0.00698,0.99993,-1.16634,-0.05377,0.06042
67321000000,30.08131,-15.21299,-2.50594,-0.00904,-0.00200,-0.00697,0.99993,-1.17906,-0.05602,0.05778
67354000000,30.05282,-15.21267,-2.50324,-0.00898,-0.00191,-0.00696,0.99993,-1.16453,-0.05266,0.06003
67387000000,29.96598,-15.21942,-2.50385,-0.00894,-0.00258,-0.00686,0.99993,-1.23030,-0.05755,0.05617
67420000000,29.96850,-15.21432,-2.50093,-0.00883,-0.00204,-0.00692,0.99994,-1.17201,-0.04537,0.05911
67453000000,29.93496,-15.21624,-2.49855,-0.00867,-0.00205,-0.00699,0.99994,-1.16358,-0.04549,0.06081
67486000000,29.87742,-15.21712,-2.49953,-0.00866,-0.00228,-0.00685,0.99994,-1.18762,-0.04396,0.05589
67519000000,29.84865,-15.21807,-2.49758,-0.00857,-0.00217,-0.00686,0.99994,-1.17340,-0.04326,0.05636
67552000000,29.76540,-15.22856,-2.49748,-0.00846,-0.00283,-0.00686,0.99994,-1.23893,-0.05845,0.05299
67585000000,29.76814,-15.22688,-2.49338,-0.00841,-0.00231,-0.00699,0.99994,-1.17542,-0.05263,0.05741
67618000000,29.72066,-15.22954,-2.49418,-0.00840,-0.00241,-0.00692,0.99994,-1.18605,-0.05403,0.05390
67651000000,29.68725,-15.22909,-2.49265,-0.00832,-0.00232,-0.00681,0.99994,-1.17701,-0.05036,0.05399
67684000000,29.65082,-15.23131,-2.48994,-0.00820,-0.00235,-0.00683,0.99994,-1.17326,-0.05025,0.05696
67717000000,29.59638,-15.23115,-2.49164,-0.00813,-0.00257,-0.00667,0.99994,-1.19581,-0.04628,0.05158
67750000000,29.56705,-15.23202,-2.48930,-0.00805,-0.00245,-0.00670,0.99994,-1.17960,-0.04494,0.05425
67783000000,29.52757,-15.23490,-2.48717,-0.00795,-0.00254,-0.00673,0.99994,-1.17913,-0.04727,0.05637
67816000000,29.45108,-15.24130,-2.48853,-0.00794,-0.00309,-0.00665,0.99994,-1.23103,-0.05359,0.05328
67849000000,29.44401,-15.24008,-2.48491,-0.00786,-0.00261,-0.00670,0.99994,-1.18341,-0.04740,0.05681
67882000000,29.41459,-15.24175,-2.48107,-0.00781,-0.00258,-0.00675,0.99994,-1.16923,-0.04795,0.06027
67915000000,29.35211,-15.24543,-2.48064,-0.00782,-0.00296,-0.00664,0.99994,-1.20040,-0.05058,0.05750
67948000000,29.33446,-15.24416,-2.47767,-0.00777,-0.00272,-0.00660,0.99994,-1.17033,-0.04621,0.05998
67981000000,29.26015,-15.24643,-2.47757,-0.00776,-0.00325,-0.00636,0.99994,-1.22197,-0.04599,0.05755
68014000000,29.24791,-15.24482,-2.47506,-0.00774,-0.00289,-0.00642,0.99995,-1.18109,-0.04125,0.05955
68047000000,29.21462,-15.24710,-2.47247,-0.00766,-0.00287,-0.00648,0.99995,-1.17241,-0.04115,0.06195
68080000000,29.14994,-15.24774,-2.47388,-0.00756,-0.00315,-0.00637,0.99995,-1.20935,-0.03910,0.05736
68113000000,29.12617,-15.24621,-2.47148,-0.00748,-0.00301,-0.00636,0.99995,-1.18642,-0.03465,0.05830
68146000000,29.04271,-15.25201,-2.47282,-0.00741,-0.00365,-0.00626,0.99995,-1.25280,-0.04123,0.05222
68179000000,29.03349,-15.25080,-2.47005,-0.00734,-0.00326,-0.00636,0.99995,-1.20504,-0.03736,0.05435
68212000000,29.00363,-15.25341,-2.46681,-0.00724,-0.00317,-0.00640,0.99995,-1.19126,-0.03829,0.05738
68245000000,28.96523,-15.25545,-2.46489,-0.00719,-0.00316,-0.00646,0.99995,-1.19045,-0.03912,0.05788
68278000000,28.91669,-15.25604,-2.46710,-0.00718,-0.00331,-0.00640,0.99995,-1.20298,-0.03722,0.05216
68311000000,28.88314,-15.25869,-2.46433,-0.00715,-0.00326,-0.00646,0.99995,-1.19548,-0.03924,0.05359
68344000000,28.80106,-15.26214,-2.46592,-0.00712,-0.00381,-0.00631,0.99995,-1.25403,-0.04144,0.04924
68377000000,28.78144,-15.26229,-2.46420,-0.00704,-0.00352,-0.00639,0.99995,-1.22491,-0.03979,0.04893
68410000000,28.74767,-15.26254,-2.46252,-0.00706,-0.00350,-0.00638,0.99995,-1.21514,-0.03783,0.04877
68443000000,28.69722,-15.26326,-2.46516,-0.00698,-0.00364,-0.00632,0.99995,-1.23008,-0.03604,0.04389
68476000000,28.66474,-15.26462,-2.46294,-0.00693,-0.00360,-0.00633,0.99995,-1.21935,-0.03589,0.04473
68509000000,28.63321,-15.26667,-2.45972,-0.00692,-0.00351,-0.00632,0.99995,-1.20072,-0.03694,0.04812
68542000000,28.57766,-15.27205,-2.45988,-0.00683,-0.00372,-0.00637,0.99995,-1.21239,-0.04085,0.04489
68575000000,28.54796,-15.27615,-2.45706,-0.00664,-0.00362,-0.00646,0.99995,-1.20652,-0.04317,0.04641
68608000000,28.51606,-15.28324,-2.45239,-0.00650,-0.00358,-0.00657,0.99995,-1.20646,-0.05116,0.05030
68641000000,28.46870,-15.28309,-2.45389,-0.00643,-0.00370,-0.00648,0.99995,-1.21626,-0.04734,0.04609
68674000000,28.43042,-15.28643,-2.45145,-0.00631,-0.00374,-0.00649,0.99995,-1.21368,-0.04850,0.04733
68707000000,28.39376,-15.28974,-2.44947,-0.00620,-0.00368,-0.00652,0.99995,-1.21024,-0.05043,0.04916
68740000000,28.32882,-15.29013,-2.45214,-0.00612,-0.00401,-0.00642,0.99995,-1.24167,-0.04650,0.04334
68773000000,28.29519,-15.29163,-2.44972,-0.00603,-0.00398,-0.00638,0.99995,-1.23115,-0.04492,0.04386
68806000000,28.24425,-15.29489,-2.45089,-0.00592,-0.00415,-0.00642,0.99995,-1.24528,-0.04683,0.03964
68839000000,28.20695,-15.29815,-2.44886,-0.00580,-0.00420,-0.00644,0.99995,-1.23993,-0.04946,0.04098
68872000000,28.16923,-15.29930,-2.44736,-0.00575,-0.00422,-0.00644,0.99995,-1.23508,-0.04735,0.04134
68905000000,28.13141,-15.30106,-2.44577,-0.00558,-0.00425,-0.00642,0.99995,-1.23261,-0.04625,0.04148
68938000000,28.07820,-15.30004,-2.44819,-0.00550,-0.00438,-0.00629,0.99996,-1.24814,-0.04212,0.03752
68971000000,28.03862,-15.30174,-2.44643,-0.00539,-0.00444,-0.00629,0.99996,-1.24632,-0.04077,0.03857
69004000000,27.99940,-15.30646,-2.44421,-0.00525,-0.00454,-0.00637,0.99996,-1.24460,-0.04286,0.03944
69037000000,27.93752,-15.30795,-2.44558,-0.00519,-0.00481,-0.00629,0.99996,-1.27168,-0.04316,0.03546
69070000000,27.90448,-15.31063,-2.44357,-0.00506,-0.00473,-0.00634,0.99996,-1.26072,-0.04473,0.03738
69103000000,27.86948,-15.31587,-2.44129,-0.00495,-0.00471,-0.00642,0.99996,-1.25299,-0.04928,0.03832
69136000000,27.82884,-15.31842,-2.43997,-0.00487,-0.00473,-0.00648,0.99996,-1.25272,-0.05012,0.03960
69169000000,27.77649,-15.31884,-2.44165,-0.00479,-0.00487,-0.00645,0.99996,-1.26550,-0.04681,0.03556
69202000000,27.74457,-15.32036,-2.43834,-0.00472,-0.00481,-0.00643,0.99996,-1.25487,-0.04499,0.03755
69235000000,27.70693,-15.32240,-2.43685,-0.00465,-0.00483,-0.00641,0.99996,-1.25102,-0.04332,0.03753
69268000000,27.64613,-15.31874,-2.43929,-0.00459,-0.00503,-0.00624,0.99996,-1.27460,-0.03386,0.03247
69301000000,27.60935,-15.32349,-2.43703,-0.00445,-0.00503,-0.00634,0.99996,-1.26952,-0.03762,0.03478
69334000000,27.57366,-15.32459,-2.43595,-0.00441,-0.00499,-0.00638,0.99996,-1.26280,-0.03639,0.03613
69367000000,27.51036,-15.32181,-2.43772,-0.00437,-0.00516,-0.00626,0.99996,-1.28976,-0.02968,0.03196
69400000000,27.47691,-15.32480,-2.43599,-0.00431,-0.00513,-0.00635,0.99996,-1.27990,-0.03201,0.03291
69433000000,27.43378,-15.32688,-2.43471,-0.00423,-0.00523,-0.00635,0.99996,-1.28173,-0.03299,0.03188
69466000000,27.36752,-15.32272,-2.43766,-0.00422,-0.00548,-0.00618,0.99996,-1.31074,-0.02497,0.02729
69499000000,27.33002,-15.32359,-2.43642,-0.00413,-0.00546,-0.00622,0.99996,-1.30431,-0.02207,0.02858
69532000000,27.26944,-15.32195,-2.43840,-0.00406,-0.00565,-0.00619,0.99996,-1.32738,-0.01740,0.02482
69565000000,27.22470,-15.32224,-2.43770,-0.00399,-0.00569,-0.00619,0.99996,-1.32875,-0.01540,0.02449
69598000000,27.18901,-15.32424,-2.43636,-0.00395,-0.00563,-0.00623,0.99996,-1.32036,-0.01555,0.02620
69631000000,27.13388,-15.32469,-2.43812,-0.00386,-0.00569,-0.00627,0.99996,-1.33540,-0.01440,0.02304
69664000000,27.09156,-15.32532,-2.43727,-0.00381,-0.00570,-0.00626,0.99996,-1.33452,-0.01403,0.02182
69697000000,27.05492,-15.32950,-2.43484,-0.00375,-0.00573,-0.00642,0.99996,-1.32778,-0.01770,0.02423
69730000000,27.00113,-15.33114,-2.43580,-0.00368,-0.00581,-0.00647,0.99996,-1.34009,-0.01820,0.02295
69763000000,26.95735,-15.33077,-2.43525,-0.00365,-0.00583,-0.00642,0.99996,-1.34051,-0.01484,0.02327
69796000000,26.91639,-15.33056,-2.43440,-0.00361,-0.00582,-0.00639,0.99996,-1.33671,-0.01285,0.02449
69829000000,26.86200,-15.32931,-2.43686,-0.00357,-0.00593,-0.00628,0.99996,-1.34947,-0.00891,0.02036
69862000000,26.81881,-15.32879,-2.43636,-0.00351,-0.00591,-0.00625,0.99996,-1.34832,-0.00735,0.01972
69895000000,26.77603,-15.32903,-2.43539,-0.00345,-0.00595,-0.00620,0.99996,-1.34854,-0.00632,0.01944
69928000000,26.72027,-15.32825,-2.43796,-0.00345,-0.00601,-0.00622,0.99996,-1.36460,-0.00391,0.01453
69961000000,26.67473,-15.32823,-2.43756,-0.00340,-0.00605,-0.00620,0.99996,-1.36721,-0.00212,0.01337
69994000000,26.62221,-15.32749,-2.43953,-0.00342,-0.00615,-0.00618,0.99996,-1.37712,0.00019,0.01008
70027000000,26.57624,-15.32774,-2.43885,-0.00338,-0.00617,-0.00616,0.99996,-1.37971,0.00096,0.01186
70060000000,26.52407,-15.32687,-2.44114,-0.00338,-0.00617,-0.00620,0.99996,-1.39027,0.00230,0.00825
70093000000,26.47955,-15.32674,-2.44058,-0.00330,-0.00618,-0.00619,0.99996,-1.39082,0.00361,0.00979
70126000000,26.43534,-15.32568,-2.44000,-0.00329,-0.00623,-0.00616,0.99996,-1.38920,0.00621,0.01022
70159000000,26.38302,-15.32589,-2.44164,-0.00326,-0.00630,-0.00623,0.99996,-1.40000,0.00808,0.00627
70192000000,26.33840,-15.32599,-2.44100,-0.00324,-0.00634,-0.00620,0.99996,-1.39908,0.00917,0.00696
70225000000,26.29275,-15.32556,-2.44086,-0.00319,-0.00631,-0.00622,0.99996,-1.39926,0.00975,0.00703
70258000000,26.24009,-15.32604,-2.44267,-0.00317,-0.00640,-0.00626,0.99995,-1.40908,0.01044,0.00378
70291000000,26.19400,-15.32533,-2.44227,-0.00314,-0.00646,-0.00624,0.99995,-1.40936,0.01224,0.00441
70324000000,26.15117,-15.32325,-2.44146,-0.00307,-0.00645,-0.00610,0.99996,-1.40537,0.01764,0.00499
70357000000,26.10023,-15.32347,-2.44270,-0.00306,-0.00647,-0.00613,0.99996,-1.41126,0.01747,0.00365
70390000000,26.05425,-15.32341,-2.44251,-0.00310,-0.00648,-0.00613,0.99996,-1.41249,0.01682,0.00427
70423000000,26.00779,-15.32337,-2.44246,-0.00311,-0.00646,-0.00621,0.99996,-1.41472,0.01724,0.00398
70456000000,25.95181,-15.32496,-2.44432,-0.00306,-0.00659,-0.00629,0.99995,-1.42954,0.01420,0.00165
70489000000,25.90507,-15.32474,-2.44415,-0.00305,-0.00658,-0.00625,0.99995,-1.43033,0.01536,0.00190
70522000000,25.85953,-15.32408,-2.44403,-0.00306,-0.00655,-0.00621,0.99995,-1.42934,0.01795,0.00230
70555000000,25.80648,-15.32517,-2.44556,-0.00300,-0.00660,-0.00625,0.99995,-1.43886,0.01595,-0.00067
70588000000,25.75910,-15.32462,-2.44553,-0.00295,-0.00663,-0.00625,0.99995,-1.44009,0.01631,-0.00136
70621000000,25.70683,-15.32606,-2.44701,-0.00293,-0.00664,-0.00634,0.99995,-1.44800,0.01390,-0.00302
70654000000,25.66020,-15.32557,-2.44687,-0.00292,-0.00666,-0.00633,0.99995,-1.44848,0.01476,-0.00282
70687000000,25.60667,-15.32578,-2.44797,-0.00294,-0.00672,-0.00635,0.99995,-1.45855,0.01544,-0.00462
70720000000,25.56048,-15.32489,-2.44753,-0.00290,-0.00669,-0.00635,0.99995,-1.45827,0.01783,-0.00345
70753000000,25.50714,-15.32564,-2.44871,-0.00290,-0.00674,-0.00645,0.99995,-1.46734,0.01613,-0.00645
70786000000,25.45847,-15.32551,-2.44890,-0.00288,-0.00679,-0.00645,0.99995,-1.46880,0.01712,-0.00662
70819000000,25.40515,-15.32645,-2.45007,-0.00292,-0.00682,-0.00649,0.99995,-1.47844,0.01643,-0.00655
70852000000,25.35675,-15.32625,-2.45017,-0.00295,-0.00682,-0.00649,0.99995,-1.47910,0.01648,-0.00534
70885000000,25.30299,-15.32696,-2.45132,-0.00291,-0.00693,-0.00649,0.99995,-1.48872,0.01528,-0.00698
70918000000,25.25493,-15.32631,-2.45143,-0.00286,-0.00694,-0.00649,0.99995,-1.48760,0.01609,-0.00715
70951000000,25.20269,-15.32727,-2.45242,-0.00287,-0.00698,-0.00661,0.99995,-1.49407,0.01374,-0.00787
70984000000,25.15364,-15.32654,-2.45253,-0.00286,-0.00698,-0.00659,0.99995,-1.49461,0.01576,-0.00659
71017000000,25.10222,-15.32792,-2.45363,-0.00284,-0.00704,-0.00669,0.99995,-1.50038,0.01209,-0.00805
71050000000,25.05313,-15.32763,-2.45389,-0.00285,-0.00701,-0.00671,0.99995,-1.50206,0.01307,-0.00770
71083000000,25.00200,-15.32838,-2.45480,-0.00283,-0.00702,-0.00675,0.99995,-1.50606,0.01097,-0.00862
71116000000,24.95299,-15.32767,-2.45491,-0.00278,-0.00703,-0.00672,0.99995,-1.50675,0.01336,-0.00903
71149000000,24.90267,-15.32837,-2.45576,-0.00274,-0.00705,-0.00675,0.99995,-1.50980,0.01309,-0.01097
71182000000,24.85360,-15.32773,-2.45581,-0.00273,-0.00708,-0.00671,0.99995,-1.50963,0.01404,-0.01052
71215000000,24.80384,-15.32795,-2.45645,-0.00272,-0.00705,-0.00674,0.99995,-1.51102,0.01413,-0.01224
71248000000,24.75469,-15.32759,-2.45673,-0.00273,-0.00708,-0.00671,0.99995,-1.51318,0.01423,-0.01156
71281000000,24.70441,-15.32822,-2.45749,-0.00271,-0.00703,-0.00675,0.99995,-1.51580,0.01331,-0.01198
71314000000,24.65457,-15.32771,-2.45773,-0.00271,-0.00703,-0.00675,0.99995,-1.51694,0.01470,-0.01254
71347000000,24.60422,-15.32824,-2.45839,-0.00270,-0.00699,-0.00679,0.99995,-1.51883,0.01430,-0.01283
71380000000,24.55419,-15.32767,-2.45885,-0.00274,-0.00701,-0.00675,0.99995,-1.52035,0.01490,-0.01403
71413000000,24.50291,-15.32793,-2.45950,-0.00276,-0.00706,-0.00685,0.99995,-1.52370,0.01417,-0.01458
71446000000,24.45331,-15.32748,-2.45984,-0.00272,-0.00705,-0.00682,0.99995,-1.52480,0.01476,-0.01415
71479000000,24.40284,-15.32771,-2.46041,-0.00273,-0.00703,-0.00685,0.99995,-1.52660,0.01376,-0.01378
71512000000,24.35264,-15.32737,-2.46099,-0.00274,-0.00701,-0.00678,0.99995,-1.52855,0.01460,-0.01460
71545000000,24.30205,-15.32772,-2.46168,-0.00273,-0.00700,-0.00682,0.99995,-1.52992,0.01275,-0.01432
71578000000,24.25230,-15.32740,-2.46203,-0.00269,-0.00700,-0.00678,0.99995,-1.53048,0.01292,-0.01379
71611000000,24.20128,-15.32759,-2.46264,-0.00264,-0.00699,-0.00682,0.99995,-1.53331,0.01243,-0.01415
71644000000,24.15154,-15.32736,-2.46307,-0.00263,-0.00698,-0.00681,0.99995,-1.53415,0.01217,-0.01535
71677000000,24.10011,-15.32790,-2.46357,-0.00259,-0.00704,-0.00688,0.99995,-1.53733,0.01020,-0.01644
71710000000,24.04979,-15.32764,-2.46407,-0.00259,-0.00699,-0.00685,0.99995,-1.53864,0.00950,-0.01796
71743000000,23.99876,-15.32777,-2.46457,-0.00254,-0.00700,-0.00688,0.99995,-1.54163,0.00915,-0.01700
71776000000,23.94810,-15.32767,-2.46514,-0.00250,-0.00705,-0.00686,0.99995,-1.54354,0.00990,-0.01764
71809000000,23.89672,-15.32755,-2.46559,-0.00246,-0.00706,-0.00689,0.99995,-1.54692,0.00934,-0.01614
71842000000,23.84684,-15.32749,-2.46600,-0.00244,-0.00706,-0.00690,0.99995,-1.54751,0.00845,-0.01541
71875000000,23.79585,-15.32774,-2.46637,-0.00239,-0.00705,-0.00694,0.99995,-1.54911,0.00782,-0.01337
71908000000,23.74562,-15.32739,-2.46676,-0.00245,-0.00704,-0.00691,0.99995,-1.54882,0.00811,-0.01385
71941000000,23.69450,-15.32799,-2.46727,-0.00247,-0.00706,-0.00702,0.99995,-1.55115,0.00668,-0.01354
71974000000,23.64377,-15.32802,-2.46779,-0.00251,-0.00704,-0.00705,0.99995,-1.55287,0.00744,-0.01496
72007000000,23.59219,-15.32831,-2.46841,-0.00248,-0.00704,-0.00707,0.99995,-1.55576,0.00620,-0.01584
72040000000,23.54166,-15.32822,-2.46887,-0.00243,-0.00701,-0.00710,0.99995,-1.55629,0.00576,-0.01543
72073000000,23.48995,-15.32872,-2.46976,-0.00244,-0.00697,-0.00717,0.99995,-1.55856,0.00301,-0.01563
72106000000,23.43991,-15.32885,-2.47012,-0.00242,-0.00696,-0.00717,0.99995,-1.55835,0.00338,-0.01518
72139000000,23.38930,-15.32953,-2.47097,-0.00241,-0.00699,-0.00725,0.99995,-1.55905,0.00227,-0.01713
72172000000,23.33838,-15.32961,-2.47138,-0.00233,-0.00698,-0.00725,0.99995,-1.55770,0.00174,-0.01668
72205000000,23.28762,-15.33047,-2.47227,-0.00230,-0.00693,-0.00729,0.99995,-1.54594,0.00087,-0.01791
72238000000,23.23738,-15.33037,-2.47280,-0.00222,-0.00690,-0.00730,0.99995,-1.53272,0.00409,-0.01812
72271000000,23.18688,-15.33069,-2.47368,-0.00198,-0.00697,-0.00729,0.99995,-1.53838,0.00701,-0.01787
72304000000,23.13684,-15.33048,-2.47422,-0.00179,-0.00696,-0.00730,0.99995,-1.55831,0.00959,-0.01947
72337000000,23.08538,-15.33066,-2.47518,-0.00159,-0.00702,-0.00737,0.99995,-1.56928,0.00829,-0.02015
72370000000,23.03402,-15.33032,-2.47561,-0.00136,-0.00706,-0.00735,0.99995,-1.56995,0.00805,-0.02007
72403000000,22.98239,-15.33050,-2.47647,-0.00111,-0.00710,-0.00733,0.99995,-1.57197,0.00763,-0.01948
72436000000,22.93102,-15.33045,-2.47705,-0.00088,-0.00705,-0.00737,0.99995,-1.57253,0.00701,-0.01967
72469000000,22.87923,-15.33069,-2.47791,-0.00071,-0.00706,-0.00739,0.99995,-1.57340,0.00722,-0.02008
72502000000,22.82767,-15.33046,-2.47848,-0.00053,-0.00704,-0.00732,0.99995,-1.57503,0.00811,-0.02071
72535000000,22.77580,-15.33042,-2.47926,-0.00030,-0.00705,-0.00730,0.99995,-1.57677,0.00781,-0.02089
72568000000,22.72409,-15.33036,-2.47978,-0.00015,-0.00708,-0.00729,0.99995,-1.57856,0.00678,-0.02023
72601000000,22.67255,-15.33041,-2.48050,0.00004,-0.00701,-0.00731,0.99995,-1.57847,0.00598,-0.02086
72634000000,22.62083,-15.33039,-2.48112,0.00020,-0.00704,-0.00726,0.99995,-1.58010,0.00519,-0.02114
72667000000,22.56940,-15.33044,-2.48182,0.00037,-0.00697,-0.00724,0.99995,-1.58118,0.00419,-0.02046
72700000000,22.51795,-15.33042,-2.48239,0.00056,-0.00698,-0.00725,0.99995,-1.58173,0.00500,-0.01960
72733000000,22.46653,-15.33037,-2.48309,0.00070,-0.00697,-0.00729,0.99995,-1.58104,0.00442,-0.02048
72766000000,22.41533,-15.33039,-2.48356,0.00091,-0.00696,-0.00731,0.99995,-1.58145,0.00510,-0.02123
72799000000,22.36437,-15.33013,-2.48407,0.00102,-0.00692,-0.00733,0.99995,-1.58009,0.00511,-0.02105
72832000000,22.31328,-15.33005,-2.48466,0.00117,-0.00690,-0.00731,0.99995,-1.58087,0.00501,-0.02094
72865000000,22.26226,-15.32996,-2.48512,0.00137,-0.00684,-0.00731,0.99995,-1.58066,0.00503,-0.02076
72898000000,22.21060,-15.32996,-2.48583,0.00149,-0.00679,-0.00738,0.99995,-1.58183,0.00386,-0.02056
72931000000,22.15816,-15.32983,-2.48649,0.00168,-0.00682,-0.00736,0.99995,-1.58390,0.00379,-0.02005
72964000000,22.10719,-15.32981,-2.48685,0.00185,-0.00680,-0.00739,0.99995,-1.58342,0.00310,-0.01966
72997000000,22.05548,-15.32947,-2.48745,0.00194,-0.00679,-0.00735,0.99995,-1.58320,0.00441,-0.02018
73030000000,22.00471,-15.32936,-2.48791,0.00206,-0.00678,-0.00737,0.99995,-1.58219,0.00584,-0.01874
73063000000,21.95333,-15.32889,-2.48832,0.00221,-0.00671,-0.00737,0.99995,-1.58379,0.00535,-0.01832
73096000000,21.90163,-15.32885,-2.48889,0.00235,-0.00668,-0.00736,0.99995,-1.58489,0.00588,-0.01812
73129000000,21.85041,-15.32835,-2.48938,0.00246,-0.00666,-0.00729,0.99995,-1.58487,0.00852,-0.01895
73162000000,21.79888,-15.32806,-2.48991,0.00258,-0.00661,-0.00723,0.99995,-1.58437,0.00883,-0.01758
73195000000,21.74910,-15.32756,-2.49024,0.00273,-0.00654,-0.00719,0.99995,-1.57933,0.00834,-0.01627
73228000000,21.69700,-15.32735,-2.49073,0.00281,-0.00657,-0.00717,0.99995,-1.58031,0.00727,-0.01689
73261000000,21.64650,-15.32702,-2.49117,0.00294,-0.00651,-0.00715,0.99995,-1.57773,0.00793,-0.01706
73294000000,21.59489,-15.32674,-2.49161,0.00302,-0.00647,-0.00711,0.99995,-1.57897,0.00817,-0.01683
73327000000,21.54437,-15.32619,-2.49208,0.00307,-0.00646,-0.00705,0.99995,-1.57711,0.01025,-0.01667
73360000000,21.49242,-15.32596,-2.49263,0.00319,-0.00648,-0.00706,0.99995,-1.57796,0.00907,-0.01641
73393000000,21.44218,-15.32548,-2.49304,0.00325,-0.00646,-0.00703,0.99995,-1.57560,0.00907,-0.01569
73426000000,21.39016,-15.32525,-2.49354,0.00335,-0.00646,-0.00704,0.99995,-1.57707,0.00904,-0.01517
73459000000,21.34047,-15.32467,-2.49406,0.00348,-0.00637,-0.00702,0.99995,-1.57393,0.00942,-0.01491
73492000000,21.28850,-15.32443,-2.49449,0.00357,-0.00643,-0.00700,0.99995,-1.57526,0.01042,-0.01448
73525000000,21.23863,-15.32381,-2.49501,0.00370,-0.00635,-0.00700,0.99995,-1.57181,0.01168,-0.01400
73558000000,21.18673,-15.32348,-2.49542,0.00378,-0.00639,-0.00699,0.99995,-1.57245,0.01262,-0.01316
73591000000,21.13675,-15.32277,-2.49594,0.00389,-0.00634,-0.00700,0.99995,-1.57040,0.01268,-0.01248
73624000000,21.08487,-15.32237,-2.49634,0.00400,-0.00638,-0.00698,0.99995,-1.57147,0.01320,-0.01220
73657000000,21.03459,-15.32179,-2.49687,0.00408,-0.00626,-0.00691,0.99995,-1.57084,0.01499,-0.01228
73690000000,20.98285,-15.32131,-2.49730,0.00410,-0.00628,-0.00686,0.99995,-1.57330,0.01536,-0.01194
73723000000,20.93268,-15.32058,-2.49787,0.00414,-0.00622,-0.00683,0.99995,-1.57100,0.01650,-0.01351
73756000000,20.88110,-15.32009,-2.49832,0.00416,-0.00617,-0.00680,0.99995,-1.57058,0.01641,-0.01429
73789000000,20.83023,-15.31945,-2.49897,0.00428,-0.00617,-0.00683,0.99995,-1.57156,0.01650,-0.01329
73822000000,20.77817,-15.31898,-2.49925,0.00432,-0.00623,-0.00687,0.99995,-1.57333,0.01708,-0.01138
73855000000,20.72781,-15.31826,-2.49977,0.00441,-0.00616,-0.00687,0.99995,-1.56992,0.01828,-0.01185
73888000000,20.67597,-15.31772,-2.50013,0.00444,-0.00622,-0.00685,0.99995,-1.57179,0.01801,-0.01123
73921000000,20.62577,-15.31712,-2.50064,0.00449,-0.00614,-0.00681,0.99995,-1.56843,0.01712,-0.01154
73954000000,20.57402,-15.31666,-2.50107,0.00455,-0.00614,-0.00678,0.99995,-1.57051,0.01758,-0.01198
73987000000,20.52397,-15.31595,-2.50165,0.00462,-0.00609,-0.00671,0.99995,-1.56929,0.01796,-0.01151
74020000000,20.47217,-15.31546,-2.50200,0.00468,-0.00609,-0.00668,0.99995,-1.57029,0.01803,-0.01046
74053000000,20.42224,-15.31495,-2.50239,0.00472,-0.00598,-0.00669,0.99995,-1.56876,0.01859,-0.01017
74086000000,20.37037,-15.31442,-2.50268,0.00474,-0.00598,-0.00671,0.99995,-1.56954,0.01832,-0.00868
74119000000,20.32094,-15.31376,-2.50305,0.00477,-0.00582,-0.00672,0.99995,-1.56744,0.01909,-0.00733
74152000000,20.26929,-15.31320,-2.50331,0.00483,-0.00582,-0.00667,0.99995,-1.56902,0.01953,-0.00679
74185000000,20.22024,-15.31225,-2.50364,0.00493,-0.00575,-0.00657,0.99995,-1.56593,0.02183,-0.00683
74218000000,20.16846,-15.31154,-2.50389,0.00496,-0.00577,-0.00655,0.99995,-1.56709,0.02232,-0.00696
74251000000,20.11813,-15.31079,-2.50425,0.00498,-0.00574,-0.00656,0.99995,-1.56635,0.02301,-0.00694
74284000000,20.06654,-15.31001,-2.50440,0.00502,-0.00574,-0.00653,0.99995,-1.56648,0.02380,-0.00585
74317000000,20.01646,-15.30943,-2.50484,0.00510,-0.00574,-0.00656,0.99995,-1.56463,0.02349,-0.00603
74350000000,19.96465,-15.30879,-2.50505,0.00513,-0.00576,-0.00657,0.99995,-1.56524,0.02397,-0.00570
74383000000,19.91403,-15.30803,-2.50550,0.00522,-0.00572,-0.00653,0.99995,-1.56379,0.02449,-0.00603
74416000000,19.86242,-15.30735,-2.50564,0.00525,-0.00571,-0.00655,0.99995,-1.56460,0.02550,-0.00666
74449000000,19.81163,-15.30662,-2.50622,0.00532,-0.00569,-0.00655,0.99995,-1.56471,0.02632,-0.00787
74482000000,19.76041,-15.30595,-2.50637,0.00535,-0.00569,-0.00655,0.99995,-1.56475,0.02597,-0.00792
74515000000,19.71031,-15.30532,-2.50701,0.00541,-0.00560,-0.00658,0.99995,-1.56234,0.02566,-0.00853
74548000000,19.65883,-15.30465,-2.50728,0.00550,-0.00559,-0.00658,0.99995,-1.56392,0.02557,-0.00683
74581000000,19.60821,-15.30437,-2.50778,0.00551,-0.00557,-0.00661,0.99995,-1.56415,0.02500,-0.00786
74614000000,19.55686,-15.30359,-2.50803,0.00551,-0.00557,-0.00660,0.99995,-1.56408,0.02603,-0.00696
74647000000,19.50567,-15.30327,-2.50861,0.00556,-0.00552,-0.00660,0.99995,-1.56463,0.02572,-0.00697
74680000000,19.45412,-15.30242,-2.50882,0.00561,-0.00551,-0.00661,0.99995,-1.56484,0.02613,-0.00626
74713000000,19.40383,-15.30194,-2.50928,0.00567,-0.00547,-0.00666,0.99995,-1.56330,0.02479,-0.00666
74746000000,19.35220,-15.30116,-2.50943,0.00560,-0.00550,-0.00667,0.99995,-1.56522,0.02491,-0.00615
74779000000,19.30145,-15.30053,-2.50989,0.00561,-0.00546,-0.00668,0.99995,-1.56399,0.02506,-0.00587
74812000000,19.25058,-15.29978,-2.51006,0.00558,-0.00545,-0.00669,0.99995,-1.56365,0.02479,-0.00529
74845000000,19.19995,-15.29904,-2.51063,0.00560,-0.00541,-0.00666,0.99995,-1.56217,0.02453,-0.00642
74878000000,19.14865,-15.29844,-2.51075,0.00565,-0.00541,-0.00665,0.99995,-1.56305,0.02489,-0.00521
74911000000,19.09855,-15.29771,-2.51131,0.00570,-0.00539,-0.00667,0.99995,-1.56083,0.02536,-0.00552
74944000000,19.04730,-15.29708,-2.51135,0.00570,-0.00538,-0.00666,0.99995,-1.56169,0.02545,-0.00355
74977000000,18.99730,-15.29630,-2.51182,0.00575,-0.00535,-0.00668,0.99995,-1.55915,0.02535,-0.00434
75010000000,18.94682,-15.29560,-2.51189,0.00576,-0.00533,-0.00672,0.99995,-1.55758,0.02529,-0.00426
75043000000,18.89651,-15.29486,-2.51239,0.00580,-0.00529,-0.00675,0.99995,-1.55669,0.02569,-0.00427
75076000000,18.84592,-15.29429,-2.51246,0.00580,-0.00527,-0.00673,0.99995,-1.55664,0.02506,-0.00349
75109000000,18.79637,-15.29372,-2.51287,0.00581,-0.00523,-0.00676,0.99995,-1.55352,0.02431,-0.00409
75142000000,18.74532,-15.29304,-2.51296,0.00584,-0.00527,-0.00679,0.99995,-1.55315,0.02436,-0.00339
75175000000,18.69462,-15.29233,-2.51332,0.00591,-0.00528,-0.00681,0.99995,-1.55288,0.02482,-0.00339
75208000000,18.64464,-15.29151,-2.51330,0.00598,-0.00520,-0.00686,0.99995,-1.55118,0.02562,-0.00270
75241000000,18.59406,-15.29071,-2.51366,0.00601,-0.00515,-0.00680,0.99995,-1.55057,0.02456,-0.00378
75274000000,18.54431,-15.28996,-2.51360,0.00609,-0.00512,-0.00680,0.99995,-1.54814,0.02624,-0.00345
75307000000,18.49477,-15.28907,-2.51388,0.00606,-0.00507,-0.00677,0.99995,-1.54563,0.02684,-0.00365
75340000000,18.44439,-15.28833,-2.51394,0.00607,-0.00507,-0.00673,0.99995,-1.54399,0.02703,-0.00314
75373000000,18.39329,-15.28758,-2.51435,0.00606,-0.00508,-0.00674,0.99995,-1.54515,0.02751,-0.00284
75406000000,18.34395,-15.28685,-2.51435,0.00606,-0.00502,-0.00676,0.99995,-1.54356,0.02673,-0.00293
75439000000,18.29403,-15.28632,-2.51482,0.00610,-0.00497,-0.00678,0.99995,-1.54319,0.02613,-0.00325
75472000000,18.24452,-15.28535,-2.51477,0.00615,-0.00490,-0.00677,0.99995,-1.54063,0.02682,-0.00265
75505000000,18.19511,-15.28459,-2.51527,0.00613,-0.00483,-0.00676,0.99995,-1.53843,0.02799,-0.00449
75538000000,18.14477,-15.28382,-2.51540,0.00614,-0.00484,-0.00672,0.99995,-1.53815,0.02764,-0.00370
75571000000,18.09535,-15.28305,-2.51582,0.00620,-0.00478,-0.00673,0.99995,-1.53551,0.02775,-0.00533
75604000000,18.04497,-15.28232,-2.51602,0.00626,-0.00482,-0.00675,0.99995,-1.53443,0.02843,-0.00529
75637000000,17.99570,-15.28165,-2.51644,0.00626,-0.00475,-0.00673,0.99995,-1.53172,0.02846,-0.00529
75670000000,17.94495,-15.28070,-2.51654,0.00623,-0.00479,-0.00672,0.99995,-1.53191,0.03080,-0.00394
75703000000,17.89519,-15.27982,-2.51693,0.00617,-0.00474,-0.00679,0.99995,-1.53142,0.03209,-0.00425
75736000000,17.84514,-15.27899,-2.51705,0.00616,-0.00471,-0.00674,0.99995,-1.53045,0.03136,-0.00417
75769000000,17.79532,-15.27798,-2.51753,0.00623,-0.00468,-0.00675,0.99995,-1.52888,0.03190,-0.00486
75802000000,17.74520,-15.27716,-2.51770,0.00627,-0.00470,-0.00675,0.99995,-1.52839,0.03107,-0.00561
75835000000,17.69586,-15.27659,-2.51820,0.00625,-0.00467,-0.00682,0.99995,-1.52770,0.03011,-0.00546
75868000000,17.64574,-15.27570,-2.51835,0.00622,-0.00466,-0.00682,0.99995,-1.52784,0.03028,-0.00500
75901000000,17.59636,-15.27509,-2.51881,0.00623,-0.00462,-0.00683,0.99995,-1.52687,0.03010,-0.00428
75934000000,17.54686,-15.27432,-2.51896,0.00624,-0.00456,-0.00678,0.99995,-1.52460,0.02933,-0.00337
75967000000,17.49771,-15.27383,-2.51942,0.00628,-0.00456,-0.00684,0.99995,-1.52375,0.02935,-0.00385
76000000000,17.44782,-15.27304,-2.51954,0.00627,-0.00447,-0.00689,0.99995,-1.52279,0.02951,-0.00474
76033000000,17.39828,-15.27278,-2.52009,0.00629,-0.00450,-0.00691,0.99995,-1.52054,0.02888,-0.00557
76066000000,17.34854,-15.27160,-2.52003,0.00624,-0.00457,-0.00690,0.99995,-1.51999,0.02877,-0.00430
76099000000,17.29959,-15.27112,-2.52030,0.00618,-0.00455,-0.00686,0.99995,-1.51721,0.02796,-0.00254
76132000000,17.24974,-15.27023,-2.52041,0.00617,-0.00458,-0.00688,0.99995,-1.51684,0.02893,-0.00226
76165000000,17.20012,-15.26936,-2.52066,0.00623,-0.00454,-0.00687,0.99995,-1.51548,0.02937,-0.00237
76198000000,17.15107,-15.26876,-2.52073,0.00623,-0.00455,-0.00688,0.99995,-1.51394,0.02960,-0.00006
76231000000,17.10131,-15.26842,-2.52114,0.00625,-0.00455,-0.00689,0.99995,-1.51348,0.02970,-0.00083
76264000000,17.05164,-15.26750,-2.52118,0.00630,-0.00455,-0.00697,0.99995,-1.51400,0.03035,-0.00079
76297000000,17.00219,-15.26703,-2.52157,0.00634,-0.00454,-0.00699,0.99995,-1.51301,0.03021,-0.00136
76330000000,16.95221,-15.26623,-2.52177,0.00634,-0.00460,-0.00694,0.99995,-1.51364,0.02915,0.00086
76363000000,16.90173,-15.26597,-2.52228,0.00640,-0.00468,-0.00701,0.99994,-1.51408,0.02700,0.00075
76396000000,16.85256,-15.26572,-2.52266,0.00640,-0.00463,-0.00706,0.99994,-1.51220,0.02486,0.00004
76429000000,16.80288,-15.26507,-2.52268,0.00643,-0.00467,-0.00708,0.99994,-1.51199,0.02390,0.00013
76462000000,16.75335,-15.26479,-2.52315,0.00646,-0.00466,-0.00715,0.99994,-1.51015,0.02312,-0.00121
76495000000,16.70349,-15.26443,-2.52356,0.00647,-0.00467,-0.00721,0.99994,-1.51040,0.02277,-0.00153
76528000000,16.65391,-15.26371,-2.52360,0.00652,-0.00464,-0.00722,0.99994,-1.50882,0.02174,-0.00150
76561000000,16.60460,-15.26339,-2.52397,0.00653,-0.00459,-0.00729,0.99994,-1.50783,0.02082,-0.00165
76594000000,16.55485,-15.26265,-2.52400,0.00652,-0.00460,-0.00734,0.99994,-1.50606,0.02147,-0.00082
76627000000,16.50530,-15.26241,-2.52442,0.00651,-0.00461,-0.00734,0.99994,-1.50560,0.01961,-0.00171
76660000000,16.45622,-15.26210,-2.52484,0.00653,-0.00458,-0.00730,0.99994,-1.50516,0.01887,-0.00194
76693000000,16.40646,-15.26146,-2.52494,0.00655,-0.00461,-0.00725,0.99994,-1.50692,0.01811,-0.00309
76726000000,16.35682,-15.26115,-2.52541,0.00651,-0.00462,-0.00730,0.99994,-1.50704,0.01750,-0.00353
76759000000,16.30704,-15.26051,-2.52558,0.00651,-0.00463,-0.00731,0.99994,-1.50684,0.01766,-0.00356
76792000000,16.25767,-15.25991,-2.52614,0.00648,-0.00464,-0.00725,0.99994,-1.50568,0.01794,-0.00475
76825000000,16.20818,-15.25923,-2.52621,0.00643,-0.00466,-0.00724,0.99994,-1.50370,0.01901,-0.00477
76858000000,16.15878,-15.25866,-2.52680,0.00652,-0.00466,-0.00728,0.99994,-1.50287,0.01870,-0.00456
76891000000,16.10907,-15.25811,-2.52692,0.00649,-0.00463,-0.00726,0.99994,-1.50332,0.01719,-0.00339
76924000000,16.05967,-15.25743,-2.52745,0.00649,-0.00460,-0.00727,0.99994,-1.50350,0.01820,-0.00383
76957000000,16.01001,-15.25685,-2.52758,0.00650,-0.00460,-0.00723,0.99994,-1.50361,0.01774,-0.00410
76990000000,15.96074,-15.25614,-2.52825,0.00651,-0.00453,-0.00714,0.99994,-1.50244,0.01709,-0.00509
77023000000,15.91101,-15.25554,-2.52843,0.00649,-0.00455,-0.00715,0.99994,-1.50312,0.01754,-0.00650
77056000000,15.86142,-15.25481,-2.52915,0.00647,-0.00450,-0.00712,0.99994,-1.50131,0.01732,-0.00673
77089000000,15.81208,-15.25429,-2.52929,0.00650,-0.00447,-0.00714,0.99994,-1.50003,0.01743,-0.00567
77122000000,15.76247,-15.25372,-2.52991,0.00657,-0.00450,-0.00714,0.99994,-1.49992,0.01711,-0.00662
77155000000,15.71295,-15.25323,-2.53004,0.00663,-0.00458,-0.00713,0.99994,-1.49961,0.01607,-0.00629
77188000000,15.66320,-15.25274,-2.53057,0.00666,-0.00465,-0.00710,0.99994,-1.50047,0.01544,-0.00715
77221000000,15.61360,-15.25224,-2.53088,0.00667,-0.00471,-0.00711,0.99994,-1.50035,0.01536,-0.00743
77254000000,15.56389,-15.25175,-2.53140,0.00672,-0.00473,-0.00714,0.99994,-1.50188,0.01473,-0.00805
77287000000,15.51434,-15.25131,-2.53152,0.00670,-0.00480,-0.00713,0.99994,-1.50186,0.01381,-0.00714
77320000000,15.46478,-15.25084,-2.53202,0.00678,-0.00479,-0.00716,0.99994,-1.50100,0.01364,-0.00713
77353000000,15.41513,-15.25036,-2.53226,0.00680,-0.00485,-0.00711,0.99994,-1.50096,0.01418,-0.00725
77386000000,15.36556,-15.24978,-2.53269,0.00683,-0.00486,-0.00709,0.99994,-1.50055,0.01498,-0.00731
77419000000,15.31592,-15.24936,-2.53290,0.00685,-0.00496,-0.00712,0.99994,-1.50202,0.01449,-0.00665
77452000000,15.26669,-15.24875,-2.53330,0.00695,-0.00497,-0.00708,0.99994,-1.50096,0.01406,-0.00670
77485000000,15.21721,-15.24817,-2.53355,0.00694,-0.00498,-0.00705,0.99994,-1.50160,0.01387,-0.00589
77518000000,15.16828,-15.24753,-2.53380,0.00695,-0.00495,-0.00700,0.99994,-1.50149,0.01358,-0.00599
77551000000,15.11890,-15.24698,-2.53402,0.00692,-0.00496,-0.00700,0.99994,-1.50205,0.01497,-0.00590
77584000000,15.06987,-15.24621,-2.53418,0.00693,-0.00496,-0.00698,0.99994,-1.50122,0.01452,-0.00427
77617000000,15.02041,-15.24575,-2.53431,0.00694,-0.00494,-0.00697,0.99994,-1.50134,0.01366,-0.00303
77650000000,14.97084,-15.24511,-2.53450,0.00697,-0.00489,-0.00699,0.99994,-1.50033,0.01506,-0.00226
77683000000,14.92154,-15.24460,-2.53470,0.00700,-0.00489,-0.00702,0.99994,-1.49929,0.01634,-0.00271
77716000000,14.87235,-15.24382,-2.53494,0.00702,-0.00487,-0.00700,0.99994,-1.49853,0.01746,-0.00250
77749000000,14.82302,-15.24324,-2.53501,0.00709,-0.00486,-0.00703,0.99994,-1.49698,0.01790,-0.00312
77782000000,14.77371,-15.24227,-2.53550,0.00711,-0.00487,-0.00701,0.99994,-1.49641,0.01923,-0.00254
77815000000,14.72437,-15.24166,-2.53560,0.00709,-0.00491,-0.00700,0.99994,-1.49642,0.01993,-0.00169
77848000000,14.67466,-15.24078,-2.53620,0.00713,-0.00492,-0.00702,0.99994,-1.49660,0.02014,-0.00208
77881000000,14.62536,-15.24020,-2.53614,0.00717,-0.00498,-0.00705,0.99994,-1.49798,0.02027,-0.00060
77914000000,14.57558,-15.23936,-2.53659,0.00720,-0.00503,-0.00706,0.99994,-1.49809,0.02091,-0.00053
77947000000,14.52623,-15.23860,-2.53660,0.00724,-0.00503,-0.00711,0.99994,-1.49817,0.02125,0.00007
77980000000,14.47668,-15.23789,-2.53693,0.00726,-0.00501,-0.00706,0.99994,-1.49704,0.01997,0.00022
78013000000,14.42729,-15.23733,-2.53699,0.00731,-0.00501,-0.00706,0.99994,-1.49723,0.02050,0.00021
78046000000,14.37780,-15.23677,-2.53744,0.00736,-0.00498,-0.00705,0.99994,-1.49774,0.02091,-0.00032
78079000000,14.32850,-15.23602,-2.53753,0.00737,-0.00498,-0.00709,0.99994,-1.49892,0.02169,-0.00081
78112000000,14.27893,-15.23529,-2.53803,0.00740,-0.00499,-0.00707,0.99994,-1.49975,0.02263,-0.00069
78145000000,14.22942,-15.23454,-2.53817,0.00742,-0.00505,-0.00704,0.99993,-1.50073,0.02381,-0.00057
78178000000,14.17962,-15.23390,-2.53874,0.00741,-0.00511,-0.00704,0.99993,-1.50106,0.02380,-0.00161
78211000000,14.13039,-15.23298,-2.53884,0.00740,-0.00511,-0.00699,0.99994,-1.49972,0.02490,-0.00165
78244000000,14.08031,-15.23225,-2.53938,0.00746,-0.00511,-0.00698,0.99993,-1.50119,0.02548,-0.00207
78277000000,14.03103,-15.23152,-2.53941,0.00743,-0.00504,-0.00696,0.99994,-1.50118,0.02561,-0.00049
78310000000,13.98103,-15.23072,-2.53983,0.00746,-0.00503,-0.00701,0.99993,-1.50194,0.02581,-0.00003
78343000000,13.93157,-15.22978,-2.53985,0.00750,-0.00502,-0.00702,0.99993,-1.50175,0.02593,0.00093
78376000000,13.88194,-15.22894,-2.54021,0.00749,-0.00508,-0.00702,0.99993,-1.50283,0.02750,-0.00080
78409000000,13.83277,-15.22787,-2.54018,0.00749,-0.00508,-0.00696,0.99993,-1.50258,0.02841,0.00003
78442000000,13.78266,-15.22719,-2.54098,0.00751,-0.00511,-0.00703,0.99993,-1.50412,0.02849,-0.00149
78475000000,13.73319,-15.22642,-2.54097,0.00750,-0.00514,-0.00707,0.99993,-1.50389,0.02758,-0.00017
78508000000,13.68316,-15.22582,-2.54172,0.00750,-0.00515,-0.00710,0.99993,-1.50509,0.02672,-0.00183
78541000000,13.63349,-15.22495,-2.54178,0.00746,-0.00514,-0.00710,0.99993,-1.50545,0.02680,-0.00041
78574000000,13.58326,-15.22438,-2.54253,0.00744,-0.00518,-0.00710,0.99993,-1.50636,0.02784,-0.00117
78607000000,13.53393,-15.22337,-2.54248,0.00744,-0.00520,-0.00710,0.99993,-1.50694,0.02925,0.00013
78640000000,13.48389,-15.22280,-2.54314,0.00747,-0.00520,-0.00716,0.99993,-1.50670,0.02853,-0.00059
78673000000,13.43450,-15.22183,-2.54315,0.00747,-0.00520,-0.00710,0.99993,-1.50675,0.02951,0.00066
78706000000,13.38471,-15.22116,-2.54369,0.00744,-0.00517,-0.00709,0.99993,-1.50680,0.02951,0.00089
78739000000,13.33524,-15.22005,-2.54361,0.00747,-0.00512,-0.00710,0.99993,-1.50675,0.02991,0.00202
78772000000,13.28593,-15.21953,-2.54429,0.00749,-0.00515,-0.00711,0.99993,-1.50624,0.02935,0.00116
78805000000,13.23633,-15.21862,-2.54424,0.00745,-0.00511,-0.00709,0.99993,-1.50731,0.02951,0.00210
78838000000,13.18669,-15.21812,-2.54491,0.00742,-0.00515,-0.00713,0.99993,-1.50783,0.02870,0.00109
78871000000,13.13729,-15.21712,-2.54480,0.00737,-0.00519,-0.00713,0.99993,-1.50759,0.02958,0.00194
78904000000,13.08783,-15.21655,-2.54536,0.00738,-0.00514,-0.00720,0.99993,-1.50679,0.02948,-0.00033
78937000000,13.03834,-15.21556,-2.54528,0.00740,-0.00512,-0.00719,0.99993,-1.50697,0.03150,0.00105
78970000000,12.98890,-15.21502,-2.54590,0.00743,-0.00511,-0.00718,0.99993,-1.50742,0.03041,0.00015
79003000000,12.93927,-15.21415,-2.54590,0.00741,-0.00514,-0.00715,0.99993,-1.50752,0.03010,0.00030
79036000000,12.88967,-15.21370,-2.54650,0.00740,-0.00513,-0.00719,0.99993,-1.50742,0.02965,-0.00186
79069000000,12.84009,-15.21265,-2.54655,0.00740,-0.00515,-0.00719,0.99993,-1.50876,0.02989,-0.00120
79102000000,12.79072,-15.21201,-2.54724,0.00739,-0.00517,-0.00721,0.99993,-1.50848,0.03028,-0.00281
79135000000,12.74076,-15.21112,-2.54736,0.00743,-0.00519,-0.00725,0.99993,-1.50907,0.03059,-0.00147
79168000000,12.69108,-15.21062,-2.54814,0.00742,-0.00517,-0.00728,0.99993,-1.50825,0.02888,-0.00259
79201000000,12.64164,-15.20945,-2.54813,0.00743,-0.00520,-0.00721,0.99993,-1.50827,0.02997,-0.00162
79234000000,12.59194,-15.20907,-2.54877,0.00740,-0.00520,-0.00724,0.99993,-1.50908,0.02844,-0.00261
79267000000,12.54249,-15.20777,-2.54872,0.00734,-0.00517,-0.00722,0.99993,-1.50942,0.02933,-0.00177
79300000000,12.49302,-15.20739,-2.54925,0.00736,-0.00517,-0.00723,0.99993,-1.50951,0.02877,-0.00307
79333000000,12.44300,-15.20641,-2.54927,0.00738,-0.00517,-0.00721,0.99993,-1.50888,0.02970,-0.00233
79366000000,12.39391,-15.20569,-2.54991,0.00737,-0.00517,-0.00717,0.99993,-1.50690,0.02938,-0.00328
79399000000,12.34427,-15.20472,-2.55015,0.00737,-0.00519,-0.00716,0.99993,-1.50769,0.02996,-0.00281
79432000000,12.29442,-15.20424,-2.55078,0.00737,-0.00522,-0.00727,0.99993,-1.50824,0.02905,-0.00346
79465000000,12.24497,-15.20322,-2.55087,0.00740,-0.00518,-0.00725,0.99993,-1.50954,0.03093,-0.00410
79498000000,12.19554,-15.20266,-2.55147,0.00747,-0.00520,-0.00728,0.99993,-1.50974,0.03094,-0.00455
79531000000,12.14585,-15.20168,-2.55164,0.00753,-0.00518,-0.00729,0.99993,-1.50900,0.03024,-0.00375
79564000000,12.09602,-15.20134,-2.55213,0.00752,-0.00524,-0.00734,0.99993,-1.51011,0.02941,-0.00316
79597000000,12.04606,-15.20051,-2.55238,0.00754,-0.00526,-0.00736,0.99993,-1.51043,0.02961,-0.00356
79630000000,11.99675,-15.20010,-2.55284,0.00761,-0.00523,-0.00742,0.99993,-1.50980,0.02793,-0.00349
79663000000,11.94706,-15.19913,-2.55304,0.00754,-0.00523,-0.00740,0.99993,-1.50915,0.02892,-0.00313
79696000000,11.89750,-15.19859,-2.55372,0.00754,-0.00523,-0.00741,0.99993,-1.50942,0.02828,-0.00445
79729000000,11.84776,-15.19762,-2.55373,0.00758,-0.00530,-0.00736,0.99993,-1.50941,0.02851,-0.00353
79762000000,11.79775,-15.19732,-2.55445,0.00762,-0.00527,-0.00743,0.99993,-1.51055,0.02728,-0.00402
79795000000,11.74792,-15.19637,-2.55454,0.00763,-0.00529,-0.00737,0.99993,-1.51227,0.02637,-0.00444
79828000000,11.69815,-15.19599,-2.55521,0.00766,-0.00527,-0.00739,0.99993,-1.51290,0.02460,-0.00512
79861000000,11.64830,-15.19502,-2.55536,0.00765,-0.00531,-0.00736,0.99993,-1.51321,0.02644,-0.00366
79894000000,11.59862,-15.19460,-2.55592,0.00762,-0.00536,-0.00745,0.99993,-1.51403,0.02548,-0.00337
79927000000,11.54883,-15.19366,-2.55602,0.00762,-0.00535,-0.00743,0.99993,-1.51504,0.02818,-0.00229
79960000000,11.49888,-15.19300,-2.55659,0.00759,-0.00528,-0.00743,0.99993,-1.51700,0.02795,-0.00355
79993000000,11.44903,-15.19207,-2.55674,0.00758,-0.00530,-0.00740,0.99993,-1.51717,0.02853,-0.00288
80026000000,11.39930,-15.19127,-2.55733,0.00758,-0.00525,-0.00747,0.99993,-1.51797,0.02816,-0.00415
80059000000,11.34926,-15.19044,-2.55748,0.00765,-0.00521,-0.00745,0.99993,-1.51860,0.02901,-0.00325
80092000000,11.29961,-15.18987,-2.55810,0.00768,-0.00516,-0.00748,0.99993,-1.51810,0.02865,-0.00277
80125000000,11.24967,-15.18883,-2.55808,0.00771,-0.00516,-0.00743,0.99993,-1.51854,0.02934,-0.00138
80158000000,11.19990,-15.18833,-2.55868,0.00771,-0.00514,-0.00744,0.99993,-1.52001,0.02714,-0.00202
80191000000,11.14983,-15.18746,-2.55879,0.00771,-0.00516,-0.00743,0.99993,-1.52114,0.02680,-0.00174
80224000000,11.10057,-15.18677,-2.55941,0.00769,-0.00510,-0.00749,0.99993,-1.51977,0.02702,-0.00243
80257000000,11.05045,-15.18588,-2.55949,0.00769,-0.00509,-0.00754,0.99993,-1.51938,0.02793,-0.00271
80290000000,11.00071,-15.18521,-2.56014,0.00770,-0.00505,-0.00755,0.99993,-1.51869,0.02792,-0.00435
80323000000,10.95069,-15.18428,-2.56028,0.00775,-0.00500,-0.00756,0.99993,-1.51847,0.02791,-0.00423
80356000000,10.90085,-15.18362,-2.56101,0.00782,-0.00496,-0.00754,0.99993,-1.51780,0.02764,-0.00507
80389000000,10.85083,-15.18276,-2.56120,0.00788,-0.00500,-0.00754,0.99993,-1.51902,0.02806,-0.00503
80422000000,10.80132,-15.18214,-2.56183,0.00789,-0.00502,-0.00756,0.99993,-1.51884,0.02652,-0.00581
80455000000,10.75132,-15.18123,-2.56205,0.00788,-0.00505,-0.00756,0.99993,-1.51986,0.02625,-0.00599
80488000000,10.70149,-15.18077,-2.56283,0.00790,-0.00500,-0.00761,0.99993,-1.52007,0.02537,-0.00816
80521000000,10.65134,-15.17992,-2.56304,0.00788,-0.00500,-0.00762,0.99993,-1.52026,0.02503,-0.00901
80554000000,10.60154,-15.17956,-2.56372,0.00784,-0.00494,-0.00759,0.99993,-1.51939,0.02226,-0.00884
80587000000,10.55153,-15.17868,-2.56399,0.00781,-0.00494,-0.00762,0.99993,-1.51982,0.02325,-0.00900
80620000000,10.50234,-15.17804,-2.56451,0.00786,-0.00493,-0.00763,0.99993,-1.51835,0.02173,-0.00899
80653000000,10.45207,-15.17725,-2.56481,0.00786,-0.00489,-0.00765,0.99993,-1.52025,0.02128,-0.00874
80686000000,10.40196,-15.17669,-2.56539,0.00788,-0.00493,-0.00767,0.99993,-1.52011,0.02019,-0.00925
80719000000,10.35195,-15.17585,-2.56560,0.00789,-0.00492,-0.00761,0.99993,-1.51960,0.01998,-0.00793
80752000000,10.30177,-15.17514,-2.56608,0.00792,-0.00491,-0.00753,0.99993,-1.52026,0.01933,-0.00796
80785000000,10.25196,-15.17444,-2.56641,0.00791,-0.00491,-0.00747,0.99993,-1.52184,0.02054,-0.00780
80818000000,10.20162,-15.17362,-2.56701,0.00792,-0.00486,-0.00743,0.99993,-1.52282,0.02093,-0.00774
80851000000,10.15156,-15.17285,-2.56730,0.00796,-0.00484,-0.00742,0.99993,-1.52410,0.02092,-0.00705
80884000000,10.10131,-15.17191,-2.56778,0.00794,-0.00487,-0.00739,0.99993,-1.52383,0.02106,-0.00737
80917000000,10.05114,-15.17128,-2.56801,0.00793,-0.00491,-0.00742,0.99993,-1.52413,0.01988,-0.00767
80950000000,10.00157,-15.17036,-2.56857,0.00793,-0.00483,-0.00733,0.99993,-1.52354,0.01929,-0.00820
80983000000,9.95106,-15.16974,-2.56883,0.00791,-0.00489,-0.00731,0.99993,-1.52457,0.01844,-0.00712
81016000000,9.90128,-15.16889,-2.56953,0.00793,-0.00487,-0.00728,0.99993,-1.52446,0.01882,-0.00808
81049000000,9.85089,-15.16828,-2.56975,0.00798,-0.00492,-0.00724,0.99993,-1.52536,0.01875,-0.00823
81082000000,9.80065,-15.16727,-2.57039,0.00800,-0.00490,-0.00718,0.99993,-1.52622,0.01882,-0.00854
81115000000,9.75012,-15.16667,-2.57067,0.00800,-0.00490,-0.00713,0.99993,-1.52659,0.01927,-0.00921
81148000000,9.70019,-15.16587,-2.57128,0.00795,-0.00489,-0.00714,0.99993,-1.52656,0.01928,-0.00961
81181000000,9.64978,-15.16526,-2.57156,0.00801,-0.00495,-0.00712,0.99993,-1.52835,0.02028,-0.00713
81214000000,9.59977,-15.16442,-2.57199,0.00799,-0.00492,-0.00714,0.99993,-1.52741,0.02105,-0.00618
81247000000,9.54945,-15.16358,-2.57217,0.00796,-0.00492,-0.00710,0.99993,-1.52721,0.02152,-0.00567
81280000000,9.49974,-15.16270,-2.57265,0.00797,-0.00486,-0.00706,0.99993,-1.52692,0.02237,-0.00578
81313000000,9.44912,-15.16198,-2.57289,0.00799,-0.00492,-0.00698,0.99993,-1.52887,0.02176,-0.00586
81346000000,9.39943,-15.16104,-2.57339,0.00799,-0.00492,-0.00692,0.99993,-1.52894,0.02228,-0.00514
81379000000,9.34893,-15.16024,-2.57352,0.00801,-0.00491,-0.00689,0.99993,-1.52964,0.02270,-0.00523
81412000000,9.29928,-15.15915,-2.57395,0.00798,-0.00486,-0.00683,0.99993,-1.52818,0.02439,-0.00484
81445000000,9.24873,-15.15827,-2.57405,0.00795,-0.00487,-0.00674,0.99993,-1.53036,0.02467,-0.00420
81478000000,9.19924,-15.15712,-2.57442,0.00799,-0.00486,-0.00673,0.99993,-1.52933,0.02616,-0.00367
81511000000,9.14873,-15.15634,-2.57451,0.00800,-0.00490,-0.00672,0.99993,-1.52987,0.02646,-0.00301
81544000000,9.09929,-15.15521,-2.57488,0.00800,-0.00486,-0.00671,0.99993,-1.53018,0.02651,-0.00354
81577000000,9.04866,-15.15436,-2.57503,0.00803,-0.00487,-0.00671,0.99993,-1.53123,0.02702,-0.00356
81610000000,8.99901,-15.15329,-2.57544,0.00805,-0.00483,-0.00670,0.99993,-1.52961,0.02906,-0.00427
81643000000,8.94841,-15.15240,-2.57559,0.00807,-0.00483,-0.00668,0.99993,-1.53022,0.02862,-0.00351
81676000000,8.89944,-15.15153,-2.57588,0.00809,-0.00476,-0.00672,0.99993,-1.52776,0.02826,-0.00323
81709000000,8.84869,-15.15061,-2.57601,0.00809,-0.00479,-0.00666,0.99993,-1.52884,0.02861,-0.00289
81742000000,8.79925,-15.14973,-2.57629,0.00815,-0.00475,-0.00665,0.99993,-1.52731,0.03016,-0.00165
81775000000,8.74875,-15.14887,-2.57642,0.00817,-0.00471,-0.00665,0.99993,-1.52777,0.03024,-0.00052
81808000000,8.69914,-15.14790,-2.57670,0.00813,-0.00466,-0.00668,0.99993,-1.52679,0.03028,-0.00154
81841000000,8.64859,-15.14697,-2.57656,0.00816,-0.00462,-0.00661,0.99993,-1.52866,0.03113,-0.00022
81874000000,8.59903,-15.14594,-2.57696,0.00823,-0.00453,-0.00667,0.99993,-1.52917,0.03109,-0.00030
81907000000,8.54844,-15.14500,-2.57702,0.00823,-0.00458,-0.00665,0.99993,-1.53114,0.03277,0.00036
81940000000,8.49884,-15.14392,-2.57745,0.00819,-0.00454,-0.00665,0.99993,-1.53017,0.03471,-0.00129
81973000000,8.44835,-15.14276,-2.57745,0.00820,-0.00453,-0.00665,0.99993,-1.53107,0.03588,0.00000
82006000000,8.39870,-15.14171,-2.57769,0.00822,-0.00445,-0.00663,0.99993,-1.52998,0.03577,0.00030
82039000000,8.34806,-15.14064,-2.57767,0.00826,-0.00447,-0.00663,0.99993,-1.53088,0.03622,0.00098
82072000000,8.29866,-15.13983,-2.57801,0.00827,-0.00450,-0.00665,0.99993,-1.52936,0.03489,0.00144
82105000000,8.24821,-15.13875,-2.57806,0.00832,-0.00449,-0.00664,0.99993,-1.52956,0.03502,0.00206
82138000000,8.19870,-15.13805,-2.57840,0.00835,-0.00445,-0.00663,0.99993,-1.52821,0.03495,0.00144
82171000000,8.14807,-15.13673,-2.57837,0.00831,-0.00440,-0.00659,0.99993,-1.52942,0.03682,0.00146
82204000000,8.09834,-15.13595,-2.57882,0.00834,-0.00437,-0.00663,0.99993,-1.52907,0.03572,0.00045
82237000000,8.04795,-15.13492,-2.57883,0.00836,-0.00437,-0.00660,0.99993,-1.52934,0.03678,0.00121
82270000000,7.99862,-15.13419,-2.57922,0.00840,-0.00430,-0.00660,0.99993,-1.52715,0.03670,0.00002
82303000000,7.94825,-15.13305,-2.57926,0.00843,-0.00430,-0.00661,0.99993,-1.52747,0.03551,0.00120
82336000000,7.89880,-15.13239,-2.57985,0.00843,-0.00428,-0.00668,0.99993,-1.52684,0.03415,-0.00022
82369000000,7.84831,-15.13115,-2.57987,0.00844,-0.00428,-0.00667,0.99993,-1.52782,0.03511,0.00006
82402000000,7.79895,-15.13062,-2.58038,0.00845,-0.00419,-0.00672,0.99993,-1.52605,0.03453,0.00030
82435000000,7.74842,-15.12943,-2.58032,0.00840,-0.00418,-0.00674,0.99993,-1.52667,0.03575,0.00036
82468000000,7.69921,-15.12885,-2.58082,0.00838,-0.00411,-0.00676,0.99993,-1.52331,0.03584,0.00017
82501000000,7.64897,-15.12765,-2.58084,0.00842,-0.00409,-0.00674,0.99993,-1.52295,0.03576,0.00039
82534000000,7.59959,-15.12704,-2.58132,0.00838,-0.00407,-0.00677,0.99993,-1.52126,0.03438,-0.00036
82567000000,7.54941,-15.12596,-2.58134,0.00838,-0.00409,-0.00679,0.99993,-1.52002,0.03425,-0.00099
82600000000,7.50005,-15.12541,-2.58187,0.00840,-0.00405,-0.00687,0.99993,-1.51839,0.03306,-0.00227
82633000000,7.44980,-15.12443,-2.58197,0.00841,-0.00403,-0.00685,0.99993,-1.51925,0.03220,-0.00165
82666000000,7.40051,-15.12386,-2.58255,0.00845,-0.00406,-0.00688,0.99993,-1.50867,0.03125,-0.00139
82699000000,7.35116,-15.12287,-2.58262,0.00843,-0.00406,-0.00688,0.99993,-1.48694,0.03047,0.00038
82732000000,7.30313,-15.12239,-2.58318,0.00845,-0.00409,-0.00690,0.99993,-1.46074,0.02773,-0.00109
82765000000,7.25534,-15.12147,-2.58315,0.00842,-0.00412,-0.00688,0.99993,-1.43061,0.02884,0.00013
82798000000,7.20911,-15.12099,-2.58358,0.00838,-0.00411,-0.00693,0.99993,-1.39931,0.02749,0.00024
82831000000,7.16319,-15.12001,-2.58358,0.00839,-0.00407,-0.00692,0.99993,-1.39802,0.02651,0.00038
82864000000,7.11799,-15.11945,-2.58401,0.00837,-0.00400,-0.00689,0.99993,-1.36875,0.02571,0.00038
82897000000,7.07368,-15.11865,-2.58405,0.00841,-0.00401,-0.00694,0.99993,-1.31898,0.02635,0.00172
82930000000,7.03155,-15.11815,-2.58449,0.00844,-0.00396,-0.00696,0.99993,-1.29348,0.02637,0.00125
82963000000,6.98930,-15.11732,-2.58446,0.00844,-0.00393,-0.00695,0.99993,-1.28074,0.02640,0.00313
82996000000,6.94863,-15.11691,-2.58486,0.00847,-0.00390,-0.00696,0.99993,-1.23843,0.02500,0.00277
83029000000,6.90794,-15.11605,-2.58484,0.00844,-0.00392,-0.00701,0.99993,-1.22414,0.02503,0.00276
83062000000,6.86901,-15.11558,-2.58528,0.00841,-0.00390,-0.00701,0.99993,-1.20488,0.02389,0.00172
83095000000,6.83017,-15.11486,-2.58522,0.00840,-0.00390,-0.00702,0.99993,-1.16922,0.02333,0.00321
83128000000,6.79391,-15.11440,-2.58563,0.00844,-0.00385,-0.00702,0.99993,-1.13531,0.02302,0.00302
83161000000,6.75678,-15.11369,-2.58557,0.00842,-0.00386,-0.00702,0.99993,-1.10475,0.02171,0.00257
83194000000,6.72189,-15.11337,-2.58608,0.00843,-0.00376,-0.00704,0.99993,-1.08020,0.02043,0.00251
83227000000,6.68675,-15.11273,-2.58611,0.00845,-0.00377,-0.00702,0.99993,-1.04143,0.02008,0.00191
83260000000,6.65402,-15.11245,-2.58678,0.00837,-0.00366,-0.00708,0.99993,-1.01506,0.01885,0.00171
83293000000,6.62093,-15.11179,-2.58680,0.00839,-0.00369,-0.00704,0.99993,-0.98121,0.01909,0.00239
83326000000,6.58972,-15.11146,-2.58746,0.00844,-0.00358,-0.00705,0.99993,-0.96363,0.01819,0.00199
83359000000,6.55823,-15.11105,-2.58743,0.00847,-0.00358,-0.00705,0.99993,-0.94161,0.01682,0.00243
83392000000,6.52882,-15.11075,-2.58795,0.00850,-0.00357,-0.00704,0.99993,-0.90970,0.01546,0.00286
83425000000,6.49926,-15.11026,-2.58785,0.00853,-0.00359,-0.00700,0.99993,-0.87948,0.01427,0.00432
83458000000,6.47122,-15.11031,-2.58841,0.00852,-0.00357,-0.00707,0.99993,-0.84917,0.01329,0.00421
83491000000,6.44342,-15.10986,-2.58833,0.00855,-0.00359,-0.00712,0.99993,-0.83407,0.01291,0.00229
83524000000,6.41727,-15.10965,-2.58888,0.00856,-0.00349,-0.00714,0.99993,-0.79846,0.01207,0.00150
83557000000,6.39161,-15.10907,-2.58877,0.00858,-0.00346,-0.00718,0.99993,-0.76714,0.01278,0.00230
83590000000,6.36711,-15.10880,-2.58918,0.00861,-0.00345,-0.00723,0.99993,-0.74384,0.01261,0.00176
83623000000,6.34315,-15.10841,-2.58909,0.00864,-0.00345,-0.00726,0.99993,-0.72101,0.01279,0.00233
83656000000,6.32025,-15.10808,-2.58948,0.00863,-0.00342,-0.00731,0.99993,-0.69493,0.01171,0.00203
83689000000,6.29778,-15.10778,-2.58941,0.00866,-0.00344,-0.00733,0.99993,-0.67513,0.01014,0.00243
83722000000,6.27600,-15.10747,-2.58938,0.00866,-0.00344,-0.00731,0.99993,-0.65703,0.00915,0.00283
83755000000,6.25574,-15.10732,-2.58976,0.00871,-0.00341,-0.00731,0.99993,-0.60973,0.00727,0.00205
83788000000,6.23578,-15.10719,-2.58972,0.00875,-0.00340,-0.00730,0.99993,-0.59419,0.00605,0.00280
83821000000,6.21679,-15.10703,-2.58972,0.00879,-0.00341,-0.00726,0.99993,-0.56216,0.00466,0.00353
83854000000,6.19873,-15.10695,-2.59012,0.00878,-0.00340,-0.00731,0.99993,-0.54582,0.00441,0.00256
83887000000,6.18177,-15.10670,-2.59007,0.00880,-0.00334,-0.00726,0.99993,-0.51435,0.00336,0.00384
83920000000,6.16533,-15.10659,-2.59008,0.00885,-0.00329,-0.00725,0.99993,-0.49176,0.00282,0.00465
83953000000,6.15018,-15.10639,-2.59042,0.00885,-0.00326,-0.00725,0.99993,-0.45865,0.00268,0.00401
83986000000,6.13568,-15.10626,-2.59031,0.00888,-0.00322,-0.00724,0.99993,-0.42870,0.00171,0.00583
84019000000,6.12204,-15.10624,-2.59025,0.00890,-0.00325,-0.00726,0.99993,-0.39843,-0.00097,0.00667
84052000000,6.10954,-15.10618,-2.59049,0.00895,-0.00326,-0.00719,0.99993,-0.38131,-0.00161,0.00652
84085000000,6.09708,-15.10614,-2.59034,0.00892,-0.00327,-0.00718,0.99993,-0.35837,-0.00298,0.00627
84118000000,6.08597,-15.10612,-2.59026,0.00894,-0.00331,-0.00714,0.99993,-0.32573,-0.00356,0.00732
84151000000,6.07582,-15.10606,-2.59018,0.00889,-0.00330,-0.00716,0.99993,-0.29548,-0.00326,0.00801
84184000000,6.06655,-15.10612,-2.59057,0.00899,-0.00329,-0.00716,0.99993,-0.26887,-0.00317,0.00699
84217000000,6.05830,-15.10616,-2.59049,0.00897,-0.00321,-0.00708,0.99993,-0.25310,-0.00356,0.00716
84250000000,6.05055,-15.10613,-2.59044,0.00900,-0.00327,-0.00710,0.99993,-0.22188,-0.00310,0.00653
84283000000,6.04360,-15.10606,-2.59037,0.00900,-0.00330,-0.00709,0.99993,-0.19436,-0.00230,0.00505
84316000000,6.03796,-15.10600,-2.59032,0.00899,-0.00330,-0.00705,0.99993,-0.16140,-0.00282,0.00447
84349000000,6.03307,-15.10595,-2.59029,0.00899,-0.00328,-0.00701,0.99993,-0.14722,-0.00304,0.00550
84382000000,6.02884,-15.10549,-2.59082,0.00891,-0.00331,-0.00695,0.99993,-0.11630,-0.00161,0.00393
84415000000,6.02532,-15.10542,-2.59071,0.00894,-0.00331,-0.00695,0.99993,-0.09410,-0.00207,0.00457
84448000000,6.02323,-15.10534,-2.59070,0.00892,-0.00326,-0.00693,0.99993,-0.04424,-0.00171,0.00463
84481000000,6.02313,-15.10531,-2.59068,0.00892,-0.00326,-0.00696,0.99993,0.00063,-0.00118,0.00603
84514000000,6.02326,-15.10524,-2.59071,0.00888,-0.00319,-0.00696,0.99993,0.00014,-0.00199,0.00592
84547000000,6.02342,-15.10517,-2.59076,0.00891,-0.00317,-0.00691,0.99993,0.00147,-0.00106,0.00646
84580000000,6.02356,-15.10521,-2.59077,0.00897,-0.00317,-0.00692,0.99993,0.00237,-0.00054,0.00599
84613000000,6.02367,-15.10530,-2.59074,0.00901,-0.00319,-0.00695,0.99993,0.00372,-0.00069,0.00682
84646000000,6.02378,-15.10532,-2.59075,0.00901,-0.00315,-0.00696,0.99993,0.00365,-0.00056,0.00644
84679000000,6.02388,-15.10533,-2.59083,0.00905,-0.00313,-0.00697,0.99993,0.00444,0.00094,0.00555
84712000000,6.02396,-15.10536,-2.59088,0.00907,-0.00312,-0.00696,0.99993,0.00464,0.00161,0.00558
84745000000,6.02400,-15.10537,-2.59088,0.00910,-0.00316,-0.00690,0.99993,0.00452,0.00144,0.00606
84778000000,6.02403,-15.10530,-2.59086,0.00907,-0.00317,-0.00687,0.99993,0.00585,-0.00026,0.00633
84811000000,6.02407,-15.10530,-2.59089,0.00911,-0.00314,-0.00688,0.99993,0.00693,-0.00074,0.00635
84844000000,6.02409,-15.10538,-2.59091,0.00914,-0.00319,-0.00688,0.99993,0.00845,-0.00046,0.00534
84877000000,6.02409,-15.10540,-2.59088,0.00915,-0.00320,-0.00684,0.99993,0.00944,0.00070,0.00654
84910000000,6.02406,-15.10544,-2.59083,0.00919,-0.00326,-0.00687,0.99993,0.00910,0.00021,0.00710
84943000000,6.02401,-15.10548,-2.59075,0.00918,-0.00330,-0.00688,0.99993,0.00918,0.00063,0.00668
84976000000,6.02396,-15.10538,-2.59074,0.00915,-0.00330,-0.00684,0.99993,0.00859,0.00080,0.00749
85009000000,6.02391,-15.10526,-2.59074,0.00913,-0.00332,-0.00685,0.99993,0.00927,0.00188,0.00682
85042000000,6.02387,-15.10523,-2.59071,0.00914,-0.00336,-0.00685,0.99993,0.00949,0.00163,0.00692
85075000000,6.02383,-15.10517,-2.59071,0.00912,-0.00335,-0.00684,0.99993,0.00956,0.00262,0.00716
85108000000,6.02377,-15.10517,-2.59071,0.00915,-0.00339,-0.00685,0.99993,0.00974,0.00213,0.00632
85141000000,6.02370,-15.10526,-2.59062,0.00917,-0.00345,-0.00688,0.99993,0.00946,0.00191,0.00679
