14620000000,0.00071,0.00005,0.00004,1.00000,-0.00213,-0.00142,-0.00000,0.00185,0.00111,0.00014
14653000000,0.00076,0.00006,0.00003,1.00000,-0.00206,-0.00138,-0.00003,0.00179,0.00137,-0.00051
14686000000,0.00080,0.00008,0.00005,1.00000,-0.00202,-0.00136,-0.00002,0.00128,0.00182,0.00003
14719000000,0.00088,0.00007,0.00006,1.00000,-0.00195,-0.00134,0.00000,0.00183,0.00049,0.00081
14752000000,0.00092,0.00006,0.00006,1.00000,-0.00193,-0.00133,-0.00000,0.00177,0.00060,0.00122
14785000000,0.00095,0.00008,0.00008,1.00000,-0.00192,-0.00132,-0.00004,0.00087,0.00061,0.00062
14818000000,0.00102,0.00009,0.00009,1.00000,-0.00194,-0.00131,-0.00004,0.00138,0.00023,0.00059
14851000000,0.00109,0.00009,0.00009,1.00000,-0.00192,-0.00134,-0.00004,0.00122,0.00015,0.00095
14884000000,0.00130,0.00009,0.00009,1.00000,-0.00193,-0.00133,-0.00001,0.00125,0.00040,0.00044
14917000000,0.00144,0.00009,0.00009,1.00000,-0.00195,-0.00134,-0.00001,0.00095,0.00040,-0.00101
14950000000,0.00161,0.00009,0.00009,1.00000,-0.00193,-0.00132,-0.00000,0.00219,-0.00011,-0.00077
14983000000,0.00131,0.00008,0.00006,1.00000,-0.00194,-0.00127,-0.00001,0.00163,0.00035,-0.00134
15016000000,0.00130,0.00008,0.00007,1.00000,-0.00194,-0.00130,-0.00003,0.00122,-0.00058,-0.00099
15049000000,0.00134,0.00009,0.00007,1.00000,-0.00191,-0.00130,-0.00001,0.00232,-0.00010,-0.00157
15082000000,0.00143,0.00009,0.00007,1.00000,-0.00194,-0.00131,-0.00004,0.00256,0.00033,-0.00130
15115000000,0.00144,0.00010,0.00006,1.00000,-0.00188,-0.00132,-0.00001,0.00212,0.00089,-0.00039
15148000000,0.00149,0.00011,0.00008,1.00000,-0.00191,-0.00132,-0.00002,0.00248,0.00094,0.00009
15181000000,0.00150,0.00012,0.00009,1.00000,-0.00188,-0.00133,-0.00004,0.00217,0.00174,0.00085
15214000000,0.00156,0.00012,0.00011,1.00000,-0.00189,-0.00134,-0.00002,0.00129,0.00165,0.00172
15247000000,0.00160,0.00012,0.00013,1.00000,-0.00188,-0.00136,-0.00002,0.00116,0.00213,0.00243
15280000000,0.00158,0.00014,0.00014,1.00000,-0.00189,-0.00139,-0.00002,-0.00053,0.00200,0.00355
15313000000,0.00162,0.00013,0.00014,1.00000,-0.00186,-0.00138,-0.00001,-0.00053,0.00193,0.00313
15346000000,0.00174,0.00013,0.00014,1.00000,-0.00187,-0.00140,-0.00003,-0.00161,0.00130,0.00275
15379000000,0.00172,0.00012,0.00014,1.00000,-0.00186,-0.00138,-0.00002,-0.00258,0.00133,0.00287
15412000000,0.00169,0.00012,0.00014,1.00000,-0.00186,-0.00134,-0.00003,-0.00194,0.00143,0.00366
15445000000,0.00188,0.00013,0.00017,1.00000,-0.00183,-0.00133,0.00000,-0.00254,0.00057,0.00439
15478000000,0.00205,0.00012,0.00020,1.00000,-0.00183,-0.00134,0.00001,-0.00259,0.00005,0.00472
15511000000,0.00208,0.00013,0.00021,1.00000,-0.00184,-0.00131,-0.00004,-0.00356,0.00060,0.00563
15544000000,0.00207,0.00013,0.00022,1.00000,-0.00184,-0.00128,-0.00002,-0.00455,0.00003,0.00547
15577000000,0.00212,0.00015,0.00024,1.00000,-0.00186,-0.00128,-0.00004,-0.00432,0.00032,0.00581
15610000000,0.00214,0.00014,0.00025,1.00000,-0.00189,-0.00125,-0.00004,-0.00420,0.00038,0.00544
15643000000,0.00259,0.00015,0.00029,1.00000,-0.00187,-0.00125,-0.00002,-0.00410,-0.00087,0.00612
15676000000,0.00257,0.00013,0.00030,1.00000,-0.00187,-0.00121,-0.00003,-0.00507,-0.00140,0.00612
15709000000,0.00210,0.00010,0.00023,1.00000,-0.00190,-0.00119,-0.00002,-0.00552,-0.00129,0.00529
15742000000,0.00217,0.00011,0.00023,1.00000,-0.00186,-0.00118,-0.00002,-0.00596,-0.00138,0.00489
15775000000,0.00203,0.00009,0.00021,1.00000,-0.00193,-0.00113,-0.00001,-0.00737,-0.00158,0.00457
15808000000,0.00221,0.00010,0.00024,1.00000,-0.00196,-0.00114,-0.00006,-0.00862,-0.00295,0.00411
15841000000,0.00229,0.00009,0.00024,1.00000,-0.00196,-0.00116,-0.00001,-0.00725,-0.00294,0.00296
15874000000,0.00226,0.00009,0.00022,1.00000,-0.00195,-0.00117,-0.00002,-0.00660,-0.00244,0.00386
15907000000,0.00228,0.00009,0.00023,1.00000,-0.00193,-0.00113,-0.00004,-0.00585,-0.00291,0.00332
15940000000,0.00224,0.00009,0.00023,1.00000,-0.00196,-0.00114,-0.00003,-0.00620,-0.00237,0.00415
15973000000,0.00233,0.00010,0.00024,1.00000,-0.00198,-0.00116,-0.00003,-0.00753,-0.00276,0.00449
16006000000,0.00234,0.00011,0.00025,1.00000,-0.00200,-0.00114,-0.00003,-0.00776,-0.00155,0.00529
16039000000,0.00241,0.00011,0.00026,1.00000,-0.00201,-0.00111,-0.00004,-0.00741,-0.00169,0.00530
16072000000,0.00241,0.00011,0.00025,1.00000,-0.00203,-0.00111,-0.00005,-0.00868,-0.00093,0.00445
16105000000,0.00245,0.00013,0.00026,1.00000,-0.00202,-0.00107,-0.00007,-0.00974,-0.00128,0.00515
16138000000,0.00279,0.00014,0.00029,1.00000,-0.00203,-0.00110,-0.00004,-0.01014,-0.00044,0.00550
16171000000,0.00289,0.00015,0.00030,1.00000,-0.00201,-0.00111,-0.00006,-0.01006,-0.00092,0.00534
16204000000,0.00249,0.00012,0.00027,1.00000,-0.00206,-0.00110,-0.00005,-0.00926,-0.00200,0.00548
16237000000,0.00264,0.00012,0.00028,1.00000,-0.00206,-0.00112,-0.00005,-0.00856,-0.00144,0.00542
16270000000,0.00261,0.00011,0.00027,1.00000,-0.00210,-0.00114,-0.00004,-0.00857,-0.00151,0.00487
16303000000,0.00257,0.00010,0.00027,1.00000,-0.00214,-0.00119,-0.00005,-0.00862,-0.00283,0.00504
16336000000,0.00270,0.00010,0.00028,1.00000,-0.00214,-0.00117,-0.00002,-0.00837,-0.00216,0.00505
16369000000,0.00275,0.00011,0.00029,1.00000,-0.00215,-0.00117,-0.00004,-0.00837,-0.00280,0.00554
16402000000,0.00282,0.00010,0.00029,1.00000,-0.00214,-0.00122,-0.00002,-0.00785,-0.00289,0.00466
16435000000,0.00261,0.00011,0.00026,1.00000,-0.00216,-0.00124,-0.00005,-0.00758,-0.00112,0.00529
16468000000,0.00257,0.00012,0.00025,1.00000,-0.00215,-0.00123,-0.00006,-0.00781,-0.00050,0.00478
16501000000,0.00255,0.00012,0.00025,1.00000,-0.00214,-0.00122,-0.00003,-0.00882,0.00013,0.00536
16534000000,0.00253,0.00013,0.00026,1.00000,-0.00221,-0.00123,-0.00007,-0.00867,0.00068,0.00616
16567000000,0.00266,0.00017,0.00030,1.00000,-0.00224,-0.00124,-0.00007,-0.00947,0.00146,0.00673
16600000000,0.00262,0.00017,0.00027,1.00000,-0.00228,-0.00122,-0.00004,-0.00932,0.00146,0.00595
16633000000,0.00293,0.00020,0.00030,1.00000,-0.00227,-0.00124,-0.00002,-0.00921,0.00260,0.00533
16666000000,0.00232,0.00016,0.00023,1.00000,-0.00232,-0.00118,-0.00003,-0.00950,0.00238,0.00534
16699000000,0.00237,0.00017,0.00024,1.00000,-0.00233,-0.00121,-0.00006,-0.01019,0.00327,0.00484
16732000000,0.00253,0.00015,0.00031,1.00000,-0.00236,-0.00118,-0.00001,-0.01026,0.00302,0.00606
16765000000,0.00259,0.00018,0.00025,1.00000,-0.00239,-0.00116,-0.00004,-0.00996,0.00297,0.00531
16798000000,0.00252,0.00017,0.00024,1.00000,-0.00245,-0.00116,-0.00003,-0.01180,0.00275,0.00551
16831000000,0.00254,0.00015,0.00026,1.00000,-0.00250,-0.00120,-0.00005,-0.01120,0.00146,0.00528
16864000000,0.00271,0.00014,0.00028,1.00000,-0.00255,-0.00116,-0.00004,-0.01298,0.00054,0.00564
16897000000,0.00268,0.00015,0.00029,1.00000,-0.00258,-0.00116,-0.00004,-0.01300,0.00143,0.00550
16930000000,0.00278,0.00015,0.00030,1.00000,-0.00263,-0.00120,-0.00003,-0.01508,0.00049,0.00604
16963000000,0.00293,0.00016,0.00033,1.00000,-0.00268,-0.00127,-0.00007,-0.01432,0.00166,0.00624
16996000000,0.00284,0.00016,0.00031,1.00000,-0.00275,-0.00131,-0.00004,-0.01421,0.00225,0.00601
17029000000,0.00274,0.00016,0.00029,1.00000,-0.00277,-0.00126,-0.00007,-0.01395,0.00266,0.00613
17062000000,0.00278,0.00018,0.00030,1.00000,-0.00281,-0.00132,-0.00002,-0.01512,0.00363,0.00657
17095000000,0.00280,0.00019,0.00030,0.99999,-0.00287,-0.00134,-0.00003,-0.01456,0.00436,0.00590
17128000000,0.00279,0.00020,0.00029,0.99999,-0.00289,-0.00130,-0.00004,-0.01367,0.00481,0.00634
17161000000,0.00275,0.00020,0.00029,1.00000,-0.00289,-0.00128,-0.00002,-0.01370,0.00451,0.00693
17194000000,0.00277,0.00022,0.00028,0.99999,-0.00292,-0.00127,-0.00004,-0.01265,0.00655,0.00628
17227000000,0.00281,0.00024,0.00027,0.99999,-0.00293,-0.00121,-0.00003,-0.01235,0.00627,0.00703
17260000000,0.00308,0.00026,0.00030,0.99999,-0.00296,-0.00120,-0.00005,-0.01281,0.00713,0.00706
17293000000,0.00312,0.00027,0.00032,0.99999,-0.00300,-0.00119,-0.00005,-0.01292,0.00710,0.00853
17326000000,0.00290,0.00025,0.00032,0.99999,-0.00298,-0.00116,-0.00004,-0.01290,0.00659,0.00881
17359000000,0.00284,0.00023,0.00031,0.99999,-0.00307,-0.00105,-0.00005,-0.01306,0.00544,0.00834
17392000000,0.00280,0.00022,0.00030,0.99999,-0.00313,-0.00102,-0.00006,-0.01236,0.00549,0.00697
17425000000,0.00276,0.00022,0.00027,0.99999,-0.00319,-0.00096,-0.00004,-0.01203,0.00568,0.00705
17458000000,0.00281,0.00024,0.00027,0.99999,-0.00325,-0.00087,-0.00004,-0.01192,0.00659,0.00748
17491000000,0.00280,0.00025,0.00027,0.99999,-0.00330,-0.00075,-0.00005,-0.01209,0.00645,0.00710
17524000000,0.00281,0.00025,0.00027,0.99999,-0.00337,-0.00063,-0.00005,-0.01223,0.00688,0.00701
17557000000,0.00278,0.00026,0.00027,0.99999,-0.00341,-0.00056,-0.00008,-0.01212,0.00746,0.00733
17590000000,0.00285,0.00030,0.00030,0.99999,-0.00343,-0.00047,-0.00008,-0.01163,0.00828,0.00805
17623000000,0.00320,0.00033,0.00033,0.99999,-0.00343,-0.00043,-0.00005,-0.01245,0.00867,0.00792
17656000000,0.00326,0.00031,0.00030,0.99999,-0.00348,-0.00029,-0.00006,-0.01353,0.00898,0.00786
17689000000,0.00296,0.00030,0.00029,0.99999,-0.00351,-0.00015,-0.00008,-0.01254,0.00862,0.00877
17722000000,0.00315,0.00027,0.00029,0.99999,-0.00355,-0.00009,-0.00005,-0.01330,0.00843,0.00835
17755000000,0.00324,0.00026,0.00029,0.99999,-0.00356,-0.00006,-0.00005,-0.01355,0.00883,0.00862
17788000000,0.00341,0.00028,0.00030,0.99999,-0.00360,0.00002,-0.00005,-0.01392,0.00846,0.00862
17821000000,0.00323,0.00025,0.00030,0.99999,-0.00364,0.00009,-0.00006,-0.01505,0.00861,0.00907
17854000000,0.00314,0.00030,0.00031,0.99999,-0.00370,0.00019,-0.00005,-0.01476,0.00849,0.00844
17887000000,0.00343,0.00031,0.00032,0.99999,-0.00374,0.00027,-0.00004,-0.01681,0.00841,0.00835
17920000000,0.00346,0.00033,0.00033,0.99999,-0.00379,0.00037,-0.00005,-0.01800,0.00983,0.00838
17953000000,0.00340,0.00028,0.00030,0.99999,-0.00381,0.00037,-0.00006,-0.01735,0.00982,0.00836
17986000000,0.00353,0.00029,0.00030,0.99999,-0.00384,0.00042,-0.00005,-0.01762,0.01047,0.00917
18019000000,0.00361,0.00031,0.00032,0.99999,-0.00386,0.00051,-0.00006,-0.01828,0.01118,0.00953
18052000000,0.00371,0.00030,0.00032,0.99999,-0.00394,0.00059,-0.00007,-0.01888,0.01060,0.00901
18085000000,0.00365,0.00030,0.00031,0.99999,-0.00395,0.00067,-0.00008,-0.01914,0.01043,0.00804
18118000000,0.00381,0.00039,0.00034,0.99999,-0.00394,0.00078,-0.00005,-0.01989,0.01204,0.00785
18151000000,0.00402,0.00041,0.00032,0.99999,-0.00396,0.00087,-0.00008,-0.00391,0.01317,0.00737
18184000000,0.00540,0.00044,0.00045,0.99999,-0.00396,0.00102,-0.00006,0.02921,0.01400,0.00746
18217000000,0.00720,0.00049,0.00066,0.99999,-0.00401,0.00111,-0.00007,0.05434,0.01484,0.00757
18250000000,0.00912,0.00051,0.00088,0.99999,-0.00398,0.00120,-0.00005,0.07633,0.01532,0.00757
18283000000,0.01121,0.00056,0.00106,0.99999,-0.00397,0.00126,-0.00007,0.10314,0.01736,0.00622
18316000000,0.01470,0.00064,0.00147,0.99999,-0.00396,0.00133,-0.00006,0.11562,0.01871,0.00627
18349000000,0.01864,0.00074,0.00185,0.99999,-0.00395,0.00138,-0.00010,0.14380,0.01985,0.00641
18382000000,0.02385,0.00075,0.00240,0.99999,-0.00394,0.00143,-0.00011,0.16884,0.02062,0.00689
18415000000,0.02992,0.00070,0.00291,0.99999,-0.00394,0.00151,-0.00007,0.19162,0.02009,0.00707
18448000000,0.03712,0.00057,0.00335,0.99999,-0.00395,0.00156,-0.00008,0.21354,0.01970,0.00708
18481000000,0.04509,0.00039,0.00360,0.99999,-0.00394,0.00162,-0.00006,0.24436,0.01982,0.00821
18514000000,0.05421,0.00019,0.00375,0.99999,-0.00392,0.00166,-0.00005,0.27438,0.02076,0.00940
18547000000,0.06423,0.00014,0.00388,0.99999,-0.00392,0.00168,-0.00004,0.28890,0.02101,0.00901
18580000000,0.07479,-0.00003,0.00397,0.99999,-0.00393,0.00169,-0.00003,0.31925,0.02084,0.00957
18613000000,0.08655,-0.00021,0.00406,0.99999,-0.00394,0.00169,-0.00001,0.34666,0.02021,0.01065
18646000000,0.09898,-0.00060,0.00427,0.99999,-0.00394,0.00173,0.00002,0.36191,0.02072,0.01078
18679000000,0.11203,-0.00057,0.00436,0.99999,-0.00393,0.00175,0.00000,0.39211,0.02068,0.01081
18712000000,0.12596,-0.00033,0.00438,0.99999,-0.00391,0.00177,-0.00001,0.42165,0.02179,0.01101
18745000000,0.14076,-0.00069,0.00438,0.99999,-0.00389,0.00176,0.00000,0.43825,0.02242,0.01143
18778000000,0.15647,-0.00100,0.00434,0.99999,-0.00389,0.00179,0.00003,0.46530,0.02336,0.01093
18811000000,0.17280,-0.00113,0.00443,0.99999,-0.00387,0.00184,0.00006,0.48117,0.02437,0.00988
18844000000,0.19019,-0.00113,0.00447,0.99999,-0.00386,0.00185,0.00004,0.51655,0.02688,0.00963
18877000000,0.20824,-0.00058,0.00465,0.99999,-0.00389,0.00189,0.00007,0.54761,0.02715,0.00847
18910000000,0.22688,-0.00002,0.00493,0.99999,-0.00393,0.00192,0.00007,0.56980,0.02742,0.00813
18943000000,0.24634,0.00042,0.00494,0.99999,-0.00393,0.00206,0.00008,0.59207,0.02632,0.00741
18976000000,0.26657,0.00097,0.00503,0.99999,-0.00399,0.00218,0.00009,0.62193,0.02509,0.00724
19009000000,0.28764,0.00151,0.00514,0.99999,-0.00403,0.00234,0.00009,0.65187,0.02587,0.00667
19042000000,0.30922,0.00225,0.00525,0.99999,-0.00413,0.00254,0.00007,0.65507,0.02502,0.00599
19075000000,0.33172,0.00270,0.00508,0.99999,-0.00419,0.00283,0.00011,0.68656,0.02451,0.00621
19108000000,0.35469,0.00307,0.00487,0.99999,-0.00432,0.00319,0.00017,0.71290,0.02432,0.00511
19141000000,0.37856,0.00365,0.00474,0.99998,-0.00446,0.00348,0.00018,0.73017,0.02390,0.00329
19174000000,0.40409,0.00082,0.00336,0.99998,-0.00447,0.00402,0.00028,0.76497,0.01510,-0.00171
19207000000,0.42940,0.00279,0.00330,0.99998,-0.00477,0.00462,0.00023,0.79068,0.01866,-0.00192
19240000000,0.45579,0.00323,0.00258,0.99997,-0.00499,0.00534,0.00030,0.80509,0.01944,-0.00317
19273000000,0.48300,0.00356,0.00157,0.99997,-0.00528,0.00609,0.00031,0.83604,0.01918,-0.00578
19306000000,0.51110,0.00388,0.00053,0.99996,-0.00561,0.00667,0.00031,0.86548,0.01840,-0.00897
19339000000,0.53997,0.00411,-0.00042,0.99996,-0.00581,0.00718,0.00033,0.88657,0.01711,-0.01159
19372000000,0.57031,0.00229,-0.00247,0.99995,-0.00599,0.00815,0.00031,0.91317,0.01325,-0.01508
19405000000,0.60074,0.00306,-0.00387,0.99994,-0.00627,0.00916,0.00028,0.94238,0.01402,-0.01641
19438000000,0.63197,0.00391,-0.00583,0.99993,-0.00664,0.01025,0.00023,0.96212,0.01497,-0.01913
19471000000,0.66425,0.00440,-0.00783,0.99991,-0.00696,0.01138,0.00025,0.99037,0.01505,-0.02321
19504000000,0.69738,0.00465,-0.00957,0.99990,-0.00713,0.01209,0.00027,1.01874,0.01595,-0.02420
19537000000,0.73212,0.00364,-0.01259,0.99988,-0.00734,0.01340,0.00027,1.03834,0.01391,-0.02890
19570000000,0.76711,0.00414,-0.01556,0.99986,-0.00748,0.01477,0.00032,1.06927,0.01448,-0.03309
19603000000,0.80279,0.00434,-0.01872,0.99984,-0.00769,0.01605,0.00032,1.09499,0.01426,-0.03765
19636000000,0.83930,0.00482,-0.02191,0.99982,-0.00780,0.01732,0.00034,1.11946,0.01407,-0.03985
19669000000,0.87600,0.00514,-0.02485,0.99980,-0.00784,0.01832,0.00036,1.13317,0.01397,-0.04212
19702000000,0.91457,0.00408,-0.02888,0.99978,-0.00777,0.01962,0.00031,1.16486,0.01278,-0.04675
19735000000,0.95345,0.00470,-0.03250,0.99976,-0.00784,0.02056,0.00028,1.17961,0.01292,-0.04985
19768000000,0.99304,0.00493,-0.03595,0.99974,-0.00793,0.02140,0.00029,1.20835,0.01324,-0.05367
19801000000,1.03300,0.00527,-0.03876,0.99973,-0.00798,0.02177,0.00034,1.23801,0.01439,-0.05640
19834000000,1.07515,0.00433,-0.04236,0.99971,-0.00805,0.02258,0.00036,1.25948,0.01444,-0.05982
19867000000,1.11734,0.00480,-0.04595,0.99970,-0.00814,0.02321,0.00041,1.28353,0.01476,-0.06287
19900000000,1.16058,0.00502,-0.04974,0.99968,-0.00828,0.02391,0.00041,1.31388,0.01434,-0.06468
19933000000,1.20421,0.00531,-0.05339,0.99966,-0.00847,0.02456,0.00040,1.33223,0.01517,-0.06759
19966000000,1.24995,0.00477,-0.05799,0.99964,-0.00856,0.02548,0.00036,1.36105,0.01459,-0.07165
19999000000,1.29584,0.00505,-0.06224,0.99962,-0.00875,0.02618,0.00040,1.38980,0.01452,-0.07493
20032000000,1.34212,0.00535,-0.06621,0.99960,-0.00898,0.02677,0.00038,1.41555,0.01550,-0.07796
20065000000,1.38859,0.00592,-0.06988,0.99959,-0.00913,0.02717,0.00039,1.43045,0.01691,-0.07938
20098000000,1.43828,0.00492,-0.07292,0.99958,-0.00950,0.02722,0.00042,1.46055,0.01518,-0.08310
20131000000,1.48805,0.00550,-0.07556,0.99958,-0.00991,0.02715,0.00044,1.47569,0.01567,-0.08410
20164000000,1.53815,0.00585,-0.07778,0.99959,-0.01006,0.02698,0.00043,1.47713,0.01636,-0.08403
20197000000,1.59063,0.00418,-0.07973,0.99960,-0.01066,0.02637,0.00046,1.47809,0.01468,-0.08368
20230000000,1.63904,0.00510,-0.08071,0.99960,-0.01140,0.02585,0.00050,1.47727,0.01665,-0.08189
20263000000,1.68612,0.00599,-0.08184,0.99960,-0.01229,0.02539,0.00052,1.47442,0.01743,-0.07979
20296000000,1.73846,0.00560,-0.08342,0.99960,-0.01313,0.02510,0.00053,1.47848,0.01856,-0.07882
20329000000,1.78582,0.00689,-0.08319,0.99959,-0.01498,0.02427,0.00052,1.47743,0.02008,-0.07637
20362000000,1.83203,0.00781,-0.08229,0.99958,-0.01721,0.02327,0.00054,1.47346,0.02146,-0.07187
20395000000,1.87705,0.00715,-0.06760,0.99950,-0.02633,0.01768,0.00061,1.46770,0.01947,-0.05059
20428000000,1.92353,0.00696,-0.06223,0.99953,-0.02665,0.01519,0.00053,1.46385,0.01940,-0.04214
20461000000,1.97041,0.00694,-0.06035,0.99957,-0.02577,0.01396,0.00047,1.46091,0.01771,-0.03905
20494000000,2.01816,0.00621,-0.05633,0.99960,-0.02563,0.01212,0.00042,1.45927,0.01600,-0.03251
20527000000,2.06560,0.00585,-0.05404,0.99965,-0.02396,0.01088,0.00037,1.45777,0.01320,-0.02971
20560000000,2.11348,0.00570,-0.05054,0.99971,-0.02211,0.00935,0.00035,1.45719,0.01076,-0.02537
20593000000,2.16223,0.00500,-0.04741,0.99977,-0.02004,0.00792,0.00031,1.45708,0.00836,-0.02239
20626000000,2.21086,0.00469,-0.04369,0.99982,-0.01761,0.00639,0.00029,1.45746,0.00740,-0.01886
20659000000,2.25923,0.00459,-0.04013,0.99987,-0.01510,0.00500,0.00029,1.45683,0.00589,-0.01405
20692000000,2.30908,0.00397,-0.03841,0.99992,-0.01221,0.00425,0.00032,1.45949,0.00273,-0.01158
20725000000,2.35782,0.00421,-0.03814,0.99995,-0.00951,0.00406,0.00030,1.46065,0.00232,-0.00981
20758000000,2.40621,0.00443,-0.03854,0.99996,-0.00831,0.00405,0.00033,1.46108,0.00184,-0.01059
20791000000,2.45461,0.00436,-0.03851,0.99996,-0.00766,0.00399,0.00035,1.46250,0.00171,-0.00929
20824000000,2.50432,0.00389,-0.03852,0.99997,-0.00720,0.00398,0.00036,1.46548,0.00046,-0.00820
20857000000,2.55268,0.00395,-0.03919,0.99997,-0.00712,0.00411,0.00034,1.46563,0.00116,-0.00898
20890000000,2.60096,0.00390,-0.03942,0.99997,-0.00700,0.00410,0.00034,1.46569,0.00228,-0.00856
20923000000,2.64922,0.00401,-0.03927,0.99997,-0.00674,0.00399,0.00027,1.46448,0.00317,-0.00819
20956000000,2.69731,0.00307,-0.03847,0.99998,-0.00599,0.00372,0.00024,1.46351,0.00182,-0.00736
20989000000,2.74609,0.00328,-0.03858,0.99998,-0.00583,0.00372,0.00024,1.46411,0.00149,-0.00751
21022000000,2.79458,0.00315,-0.03928,0.99998,-0.00579,0.00385,0.00027,1.46364,0.00178,-0.00678
21055000000,2.84282,0.00291,-0.04065,0.99997,-0.00601,0.00416,0.00031,1.46225,0.00121,-0.00993
21088000000,2.89098,0.00297,-0.04162,0.99997,-0.00646,0.00431,0.00027,1.46150,0.00200,-0.00999
21121000000,2.93990,0.00258,-0.04118,0.99997,-0.00636,0.00410,0.00029,1.46308,0.00119,-0.00919
21154000000,2.98807,0.00247,-0.04202,0.99997,-0.00648,0.00423,0.00031,1.46235,0.00075,-0.01129
21187000000,3.03634,0.00240,-0.04252,0.99997,-0.00665,0.00428,0.00030,1.46260,0.00220,-0.01036
21220000000,3.08473,0.00251,-0.04265,0.99997,-0.00662,0.00426,0.00023,1.46308,0.00347,-0.00932
21253000000,3.13378,0.00276,-0.04254,0.99997,-0.00642,0.00416,0.00022,1.46306,0.00348,-0.00838
21286000000,3.18205,0.00275,-0.04296,0.99997,-0.00628,0.00421,0.00020,1.46288,0.00372,-0.00820
21319000000,3.23042,0.00298,-0.04282,0.99997,-0.00607,0.00413,0.00017,1.46228,0.00383,-0.00765
21352000000,3.27859,0.00300,-0.04353,0.99997,-0.00610,0.00422,0.00016,1.46210,0.00258,-0.00911
21385000000,3.32801,0.00283,-0.04520,0.99997,-0.00654,0.00456,0.00021,1.46460,0.00207,-0.00978
21418000000,3.37596,0.00308,-0.04609,0.99997,-0.00691,0.00467,0.00021,1.46266,0.00248,-0.00903
21451000000,3.42421,0.00327,-0.04704,0.99996,-0.00749,0.00476,0.00021,1.46233,0.00256,-0.00945
21484000000,3.47222,0.00354,-0.04801,0.99996,-0.00782,0.00494,0.00015,1.46155,0.00216,-0.00932
21517000000,3.52141,0.00361,-0.05041,0.99995,-0.00869,0.00540,0.00015,1.46293,0.00225,-0.01128
21550000000,3.56903,0.00376,-0.05105,0.99994,-0.00904,0.00546,0.00011,1.46176,0.00062,-0.01244
21583000000,3.61731,0.00403,-0.05191,0.99994,-0.00918,0.00550,0.00012,1.46101,0.00118,-0.01324
21616000000,3.66598,0.00462,-0.05263,0.99994,-0.00935,0.00553,0.00012,1.46192,0.00201,-0.01426
21649000000,3.71414,0.00448,-0.05278,0.99994,-0.00936,0.00546,0.00012,1.46171,0.00190,-0.01382
21682000000,3.76236,0.00438,-0.05365,0.99994,-0.00942,0.00556,0.00011,1.46243,0.00226,-0.01401
21715000000,3.81065,0.00435,-0.05456,0.99994,-0.00951,0.00566,0.00013,1.46218,0.00305,-0.01531
21748000000,3.85989,0.00475,-0.05614,0.99993,-0.00985,0.00588,0.00012,1.46291,0.00262,-0.01575
21781000000,3.90788,0.00480,-0.05689,0.99993,-0.00999,0.00591,0.00015,1.46150,0.00235,-0.01659
21814000000,3.95645,0.00492,-0.05758,0.99993,-0.01003,0.00591,0.00020,1.46224,0.00347,-0.01682
21847000000,4.00560,0.00499,-0.05900,0.99993,-0.01022,0.00608,0.00016,1.46311,0.00300,-0.01706
21913000000,4.10100,0.00511,-0.06045,0.99993,-0.01024,0.00611,0.00018,1.46087,0.00227,-0.01673
22012000000,4.24532,0.00520,-0.06227,0.99993,-0.01030,0.00620,0.00021,1.46152,0.00206,-0.01687
22078000000,4.34282,0.00555,-0.06513,0.99992,-0.01051,0.00649,0.00024,1.46273,0.00244,-0.01888
22177000000,4.48790,0.00574,-0.06709,0.99992,-0.01066,0.00651,0.00018,1.46491,0.00280,-0.01678
22309000000,4.68249,0.00681,-0.07011,0.99992,-0.01067,0.00678,0.00016,1.46578,0.00347,-0.01647
22375000000,4.77941,0.00738,-0.07114,0.99992,-0.01067,0.00675,0.00016,1.46448,0.00312,-0.01694
22441000000,4.87795,0.00798,-0.07269,0.99992,-0.01067,0.00688,0.00025,1.46571,0.00455,-0.01712
22507000000,4.97501,0.00809,-0.07314,0.99992,-0.01062,0.00676,0.00021,1.46624,0.00381,-0.01682
22606000000,5.12175,0.00795,-0.07529,0.99992,-0.01063,0.00685,0.00019,1.46775,0.00280,-0.01635
22672000000,5.21891,0.00743,-0.07657,0.99992,-0.01064,0.00685,0.00026,1.46929,0.00202,-0.01552
22771000000,5.36672,0.00593,-0.07864,0.99992,-0.01066,0.00689,0.00036,1.47275,0.00094,-0.01756
22837000000,5.46393,0.00617,-0.08089,0.99992,-0.01072,0.00697,0.00035,1.47250,0.00008,-0.01975
22870000000,5.51356,0.00428,-0.08334,0.99991,-0.01081,0.00728,0.00036,1.47390,-0.00104,-0.02089
22936000000,5.61051,0.00457,-0.08444,0.99991,-0.01086,0.00721,0.00032,1.47223,0.00173,-0.02078
23002000000,5.70756,0.00460,-0.08525,0.99992,-0.01084,0.00717,0.00034,1.47156,0.00134,-0.01842
23101000000,5.85497,0.00318,-0.08761,0.99991,-0.01086,0.00734,0.00038,1.47458,-0.00200,-0.01646
23167000000,5.95200,0.00342,-0.08911,0.99991,-0.01090,0.00743,0.00034,1.47359,-0.00145,-0.01556
23233000000,6.05076,0.00253,-0.09003,0.99991,-0.01099,0.00751,0.00040,1.47288,-0.00237,-0.01484
23332000000,6.19454,0.00253,-0.09239,0.99991,-0.01100,0.00762,0.00037,1.46790,-0.00088,-0.01566
23398000000,6.29108,0.00136,-0.09318,0.99991,-0.01102,0.00763,0.00045,1.46550,-0.00342,-0.01515
23497000000,6.43624,0.00048,-0.09473,0.99991,-0.01092,0.00764,0.00037,1.46263,-0.00426,-0.01476
23563000000,6.53314,0.00042,-0.09674,0.99991,-0.01095,0.00770,0.00037,1.46453,-0.00464,-0.01514
23629000000,6.62953,0.00032,-0.09944,0.99991,-0.01090,0.00787,0.00049,1.46318,-0.00338,-0.01529
23761000000,6.82130,-0.00154,-0.09902,0.99991,-0.01086,0.00761,0.00064,1.46001,-0.00768,-0.01367
23827000000,6.92130,-0.00253,-0.09948,0.99991,-0.01088,0.00764,0.00067,1.46166,-0.00886,-0.01256
23893000000,7.01880,-0.00384,-0.10217,0.99991,-0.01082,0.00790,0.00077,1.46223,-0.00987,-0.01425
23959000000,7.11557,-0.00434,-0.10362,0.99991,-0.01075,0.00794,0.00089,1.46210,-0.01085,-0.01512
24025000000,7.21223,-0.00525,-0.10569,0.99991,-0.01080,0.00800,0.00091,1.46167,-0.01119,-0.01502
24124000000,7.35928,-0.00556,-0.11041,0.99991,-0.01076,0.00842,0.00093,1.46193,-0.01280,-0.01763
24190000000,7.45538,-0.00588,-0.11128,0.99991,-0.01077,0.00841,0.00095,1.46109,-0.01295,-0.01624
24289000000,7.60117,-0.00603,-0.11626,0.99990,-0.01067,0.00876,0.00093,1.46089,-0.01361,-0.01880
24388000000,7.74442,-0.00681,-0.11827,0.99990,-0.01066,0.00881,0.00083,1.45853,-0.01423,-0.01538
24454000000,7.84353,-0.00609,-0.12051,0.99990,-0.01073,0.00898,0.00084,1.46045,-0.01422,-0.01685
24553000000,7.98761,-0.00833,-0.12162,0.99990,-0.01070,0.00890,0.00089,1.46006,-0.01752,-0.01639
24652000000,8.13646,-0.00649,-0.12558,0.99990,-0.01074,0.00921,0.00083,1.46151,-0.01519,-0.01741
24751000000,8.27960,-0.00911,-0.12642,0.99990,-0.01068,0.00919,0.00087,1.45804,-0.01923,-0.01417
24850000000,8.42582,-0.00883,-0.12970,0.99990,-0.01065,0.00942,0.00081,1.45882,-0.01836,-0.01506
24949000000,8.56974,-0.01073,-0.13270,0.99990,-0.01060,0.00949,0.00080,1.45698,-0.02000,-0.01610
25015000000,8.66824,-0.00931,-0.13646,0.99989,-0.01061,0.00986,0.00080,1.45829,-0.01543,-0.01836
25180000000,8.90778,-0.01300,-0.13970,0.99990,-0.01060,0.00982,0.00078,1.45757,-0.01959,-0.01595
25312000000,9.10126,-0.01474,-0.14372,0.99989,-0.01061,0.01002,0.00084,1.45820,-0.01913,-0.01407
25411000000,9.24684,-0.01634,-0.14494,0.99989,-0.01056,0.01013,0.00095,1.45726,-0.02127,-0.01498
25510000000,9.39385,-0.01583,-0.14784,0.99989,-0.01068,0.01040,0.00093,1.45598,-0.02017,-0.01624
25576000000,9.48982,-0.01712,-0.14915,0.99989,-0.01064,0.01042,0.00091,1.45552,-0.02099,-0.01604
25675000000,9.63394,-0.01817,-0.15146,0.99989,-0.01061,0.01049,0.00079,1.45451,-0.01911,-0.01673
25774000000,9.78054,-0.01618,-0.15545,0.99989,-0.01051,0.01074,0.00083,1.45669,-0.01811,-0.02059
25840000000,9.87701,-0.01718,-0.15727,0.99989,-0.01046,0.01079,0.00081,1.45698,-0.01858,-0.02055
25906000000,9.97833,-0.01203,-0.16151,0.99988,-0.01060,0.01105,0.00073,1.45990,-0.01403,-0.02346
26005000000,10.12050,-0.01445,-0.16461,0.99988,-0.01061,0.01108,0.00068,1.45885,-0.01431,-0.02628
26137000000,10.31310,-0.01170,-0.17044,0.99988,-0.01058,0.01129,0.00068,1.45664,-0.01059,-0.02905
26203000000,10.40915,-0.01310,-0.17244,0.99988,-0.01063,0.01126,0.00073,1.45821,-0.00944,-0.03117
26269000000,10.50666,-0.00945,-0.17648,0.99988,-0.01058,0.01138,0.00079,1.45721,-0.00418,-0.03167
26335000000,10.60400,-0.00967,-0.17806,0.99988,-0.01055,0.01134,0.00089,1.45853,-0.00310,-0.03232
26500000000,10.84497,-0.00996,-0.18356,0.99988,-0.01052,0.01140,0.00085,1.45659,-0.00190,-0.03501
26599000000,10.99005,-0.01094,-0.18723,0.99988,-0.01050,0.01137,0.00090,1.45621,-0.00160,-0.03382
26632000000,11.04227,-0.00744,-0.18999,0.99988,-0.01051,0.01146,0.00094,1.45922,0.00065,-0.03461
26665000000,11.09041,-0.00733,-0.19123,0.99988,-0.01053,0.01146,0.00096,1.45896,-0.00040,-0.03407
26698000000,11.13778,-0.00718,-0.19228,0.99988,-0.01050,0.01148,0.00100,1.45823,0.00093,-0.03392
26797000000,11.28583,-0.00421,-0.19700,0.99988,-0.01042,0.01163,0.00110,1.46002,0.00114,-0.03370
26863000000,11.38266,-0.00400,-0.19897,0.99988,-0.01039,0.01160,0.00106,1.45871,-0.00050,-0.03320
26962000000,11.53065,-0.00203,-0.20279,0.99988,-0.01040,0.01169,0.00087,1.42554,-0.00541,-0.03422
27028000000,11.62353,-0.00226,-0.20489,0.99988,-0.01045,0.01158,0.00026,1.39413,-0.01714,-0.03385
27127000000,11.76567,-0.00325,-0.20851,0.99987,-0.01071,0.01160,-0.00179,1.36861,-0.03642,-0.03179
27193000000,11.85577,-0.00600,-0.21036,0.99987,-0.01084,0.01154,-0.00378,1.35335,-0.04728,-0.02983
27259000000,11.94795,-0.00806,-0.21278,0.99986,-0.01094,0.01160,-0.00574,1.31022,-0.04435,-0.02841
27325000000,12.03280,-0.01065,-0.21446,0.99984,-0.01095,0.01161,-0.00752,1.25882,-0.04411,-0.02753
27424000000,12.16471,-0.01537,-0.21740,0.99982,-0.01111,0.01166,-0.01036,1.30488,-0.05900,-0.03117
27490000000,12.25035,-0.02036,-0.21896,0.99979,-0.01110,0.01159,-0.01269,1.32043,-0.07520,-0.03051
27556000000,12.34045,-0.02577,-0.22105,0.99975,-0.01097,0.01155,-0.01557,1.31197,-0.08927,-0.02865
27589000000,12.38351,-0.02845,-0.22185,0.99973,-0.01098,0.01154,-0.01710,1.29544,-0.09179,-0.02778
27655000000,12.47361,-0.03394,-0.22408,0.99968,-0.01081,0.01170,-0.01989,1.26611,-0.08791,-0.02621
27721000000,12.55579,-0.04017,-0.22584,0.99963,-0.01029,0.01171,-0.02245,1.21315,-0.09108,-0.02640
27820000000,12.67270,-0.04972,-0.22840,0.99955,-0.00987,0.01168,-0.02574,1.13570,-0.09580,-0.02438
27886000000,12.74436,-0.05669,-0.22909,0.99951,-0.00911,0.01166,-0.02765,1.08910,-0.09648,-0.02137
27952000000,12.81772,-0.06304,-0.23026,0.99945,-0.00960,0.01154,-0.02944,1.09708,-0.10066,-0.01916
28084000000,12.96702,-0.07704,-0.23336,0.99930,-0.01205,0.01152,-0.03345,1.15840,-0.12018,-0.02104
28117000000,13.00635,-0.08064,-0.23374,0.99922,-0.01491,0.01140,-0.03466,1.14666,-0.12545,-0.02019
28216000000,13.11813,-0.09349,-0.23546,0.99900,-0.01797,0.01128,-0.03941,1.09666,-0.14184,-0.01725
28282000000,13.18868,-0.10238,-0.23705,0.99886,-0.01817,0.01130,-0.04275,1.02766,-0.13113,-0.01612
28315000000,13.22184,-0.10687,-0.23760,0.99878,-0.01894,0.01118,-0.04424,1.00316,-0.13094,-0.01465
28414000000,13.32345,-0.12042,-0.23924,0.99862,-0.01759,0.01104,-0.04830,1.03233,-0.13642,-0.01627
28480000000,13.39329,-0.13027,-0.24007,0.99850,-0.01706,0.01096,-0.05081,1.08615,-0.14594,-0.01744
28546000000,13.46786,-0.14122,-0.24010,0.99838,-0.01737,0.01049,-0.05319,1.14269,-0.15786,-0.01946
28645000000,13.58487,-0.15797,-0.24118,0.99817,-0.01821,0.01033,-0.05671,1.21698,-0.17345,-0.01984
28678000000,13.62548,-0.16515,-0.24014,0.99811,-0.01808,0.00971,-0.05786,1.23693,-0.17982,-0.01908
28744000000,13.71053,-0.17879,-0.23999,0.99799,-0.01787,0.00921,-0.06011,1.28465,-0.18966,-0.01928
28876000000,13.88807,-0.20513,-0.24221,0.99772,-0.01824,0.00910,-0.06438,1.40831,-0.21060,-0.01749
29008000000,14.07570,-0.23424,-0.24312,0.99742,-0.01894,0.00867,-0.06865,1.36261,-0.21081,-0.01695
29206000000,14.32965,-0.27363,-0.24495,0.99704,-0.02136,0.00827,-0.07341,1.28907,-0.19966,-0.01469
29272000000,14.41711,-0.28878,-0.24643,0.99698,-0.01922,0.00809,-0.07479,1.32706,-0.20785,-0.01525
29404000000,14.59899,-0.31902,-0.24817,0.99675,-0.01936,0.00787,-0.07784,1.39954,-0.23116,-0.01645
29470000000,14.69190,-0.33502,-0.24888,0.99659,-0.01919,0.00774,-0.07991,1.39055,-0.24255,-0.01457
29569000000,14.82760,-0.36323,-0.24805,0.99621,-0.01941,0.00699,-0.08450,1.35793,-0.27247,-0.01146
29668000000,14.96152,-0.39250,-0.24934,0.99557,-0.01914,0.00678,-0.09185,1.32517,-0.31773,-0.00989
29734000000,15.05179,-0.41811,-0.24720,0.99495,-0.01861,0.00590,-0.09846,1.30957,-0.35218,-0.00772
29833000000,15.18306,-0.45704,-0.24758,0.99388,-0.01755,0.00532,-0.10890,1.24096,-0.36503,-0.00942
29932000000,15.30604,-0.49396,-0.24801,0.99298,-0.01735,0.00503,-0.11689,1.22687,-0.36782,-0.00859
30031000000,15.43432,-0.53408,-0.24901,0.99225,-0.01610,0.00469,-0.12314,1.26766,-0.38979,-0.00869
30130000000,15.56581,-0.57772,-0.24918,0.99145,-0.01574,0.00420,-0.12950,1.35589,-0.43954,-0.01089
30229000000,15.70589,-0.62397,-0.25160,0.99027,-0.01491,0.00427,-0.13832,1.36293,-0.48411,-0.01190
30394000000,15.93519,-0.71301,-0.25390,0.98712,-0.01394,0.00393,-0.15934,1.33089,-0.57578,-0.00663
30460000000,16.02624,-0.75423,-0.25396,0.98549,-0.01286,0.00367,-0.16921,1.24787,-0.57654,-0.00642
30526000000,16.11103,-0.79517,-0.25353,0.98404,-0.01192,0.00341,-0.17750,1.17751,-0.56323,-0.00472
30592000000,16.19343,-0.83489,-0.25353,0.98280,-0.01060,0.00336,-0.18431,1.15105,-0.56574,-0.00238
30658000000,16.27229,-0.87521,-0.25249,0.98163,-0.00974,0.00288,-0.19053,1.11350,-0.55880,-0.00172
30757000000,16.38341,-0.93237,-0.25287,0.97977,-0.00976,0.00283,-0.19986,1.13403,-0.60500,-0.00003
30889000000,16.53617,-1.01965,-0.25189,0.97642,-0.00908,0.00240,-0.21566,1.09015,-0.64449,0.00330
30955000000,16.61218,-1.06437,-0.25182,0.97490,-0.00822,0.00230,-0.22248,1.06336,-0.63343,0.00359
31021000000,16.68585,-1.10756,-0.25184,0.97349,-0.00753,0.00236,-0.22859,1.02121,-0.61634,0.00252
31054000000,16.72418,-1.12986,-0.25201,0.97284,-0.00684,0.00242,-0.23137,1.04750,-0.64114,0.00100
31120000000,16.79588,-1.17380,-0.25225,0.97128,-0.00627,0.00240,-0.23783,1.00925,-0.64388,0.00121
31153000000,16.82934,-1.19547,-0.25203,0.97040,-0.00621,0.00231,-0.24142,0.99553,-0.64836,0.00199
31252000000,16.93301,-1.26549,-0.25175,0.96720,-0.00569,0.00221,-0.25394,1.03264,-0.73326,0.00394
31318000000,17.00173,-1.31661,-0.25136,0.96430,-0.00561,0.00204,-0.26475,1.04852,-0.80541,0.00398
31384000000,17.07190,-1.37372,-0.25083,0.96067,-0.00552,0.00168,-0.27764,1.06095,-0.88347,0.00632
31450000000,17.14535,-1.43484,-0.25127,0.95705,-0.00488,0.00174,-0.28986,1.01849,-0.89512,0.00486
31516000000,17.21183,-1.49381,-0.25140,0.95392,-0.00482,0.00171,-0.30000,0.96769,-0.86867,0.00522
31615000000,17.30586,-1.57904,-0.25137,0.95027,-0.00470,0.00164,-0.31139,0.89817,-0.83011,0.00477
31714000000,17.39489,-1.66269,-0.25148,0.94641,-0.00448,0.00166,-0.32292,0.88656,-0.87215,0.00540
31846000000,17.50690,-1.77792,-0.25130,0.93953,-0.00422,0.00164,-0.34244,0.77435,-0.84757,0.00672
31912000000,17.55887,-1.83473,-0.25121,0.93625,-0.00399,0.00163,-0.35132,0.72576,-0.81843,0.00695
31978000000,17.60721,-1.88902,-0.25123,0.93370,-0.00384,0.00161,-0.35802,0.68928,-0.78246,0.00816
32044000000,17.65575,-1.94360,-0.25099,0.93164,-0.00356,0.00148,-0.36337,0.71341,-0.82360,0.00713
32143000000,17.72935,-2.03088,-0.25068,0.92737,-0.00326,0.00142,-0.37412,0.73785,-0.91048,0.00984
32242000000,17.80443,-2.12678,-0.25009,0.92146,-0.00301,0.00141,-0.38845,0.74535,-1.00175,0.01226
32308000000,17.85406,-2.19583,-0.24980,0.91641,-0.00296,0.00135,-0.40023,0.74080,-1.07527,0.01224
32473000000,17.97037,-2.38868,-0.24797,0.89811,-0.00300,0.00119,-0.43976,0.65046,-1.26605,0.01271
32539000000,18.01133,-2.47444,-0.24733,0.88822,-0.00298,0.00118,-0.45940,0.57777,-1.31976,0.01506
32638000000,18.06138,-2.60889,-0.24585,0.86991,-0.00312,0.00111,-0.49319,0.42333,-1.35783,0.01687
32737000000,18.09557,-2.74097,-0.24489,0.84953,-0.00311,0.00097,-0.52753,0.26840,-1.31865,0.01841
32836000000,18.11450,-2.86685,-0.24328,0.82975,-0.00319,0.00081,-0.55813,0.13979,-1.26410,0.02018
32935000000,18.12385,-2.98990,-0.24181,0.81085,-0.00322,0.00069,-0.58524,0.04512,-1.21868,0.01919
33034000000,18.12902,-3.11466,-0.24104,0.79345,-0.00293,0.00059,-0.60862,0.00385,-1.26790,0.02027
33166000000,18.12552,-3.28715,-0.23943,0.77119,-0.00285,0.00056,-0.63660,-0.05352,-1.33219,0.02042
33265000000,18.12319,-3.42301,-0.24055,0.75655,-0.00243,0.00061,-0.65393,-0.07497,-1.28710,0.01825
33331000000,18.11674,-3.50552,-0.23960,0.74783,-0.00249,0.00054,-0.66389,-0.08753,-1.24610,0.01750
33463000000,18.10614,-3.67577,-0.23937,0.73220,-0.00234,0.00067,-0.68108,-0.09788,-1.30435,0.01389
33529000000,18.10090,-3.76456,-0.23970,0.72541,-0.00224,0.00077,-0.68832,-0.09383,-1.33372,0.01500
33595000000,18.09551,-3.85567,-0.24158,0.71972,-0.00216,0.00064,-0.69426,-0.08268,-1.36334,0.01173
33661000000,18.09524,-3.95108,-0.24079,0.71535,-0.00188,0.00087,-0.69876,-0.05323,-1.39849,0.01351
33760000000,18.09341,-4.09338,-0.24046,0.71200,-0.00169,0.00084,-0.70218,-0.00094,-1.39871,0.01262
33826000000,18.09516,-4.18615,-0.24038,0.71222,-0.00153,0.00079,-0.70195,0.05224,-1.34523,0.01143
33859000000,18.09722,-4.23221,-0.24080,0.71311,-0.00144,0.00070,-0.70105,0.07709,-1.33711,0.01152
33991000000,18.11653,-4.41374,-0.23928,0.72277,-0.00141,0.00071,-0.69108,0.23296,-1.41491,0.01275
34090000000,18.14663,-4.55844,-0.23932,0.73745,-0.00130,0.00066,-0.67540,0.37644,-1.38891,0.01117
34156000000,18.17378,-4.64872,-0.23949,0.74946,-0.00116,0.00060,-0.66205,0.44026,-1.27041,0.01088
34288000000,18.23945,-4.81181,-0.23864,0.77513,-0.00085,0.00058,-0.63181,0.56761,-1.18005,0.00998
34354000000,18.27858,-4.89312,-0.23871,0.78785,-0.00071,0.00053,-0.61587,0.62741,-1.16780,0.00960
34420000000,18.32069,-4.97322,-0.23883,0.79949,-0.00071,0.00051,-0.60068,0.63037,-1.18422,0.00934
34486000000,18.36164,-5.05562,-0.23879,0.80799,-0.00062,0.00047,-0.58919,0.62748,-1.20086,0.00893
34552000000,18.40293,-5.13586,-0.23892,0.81491,-0.00058,0.00046,-0.57959,0.61334,-1.13994,0.00811
34618000000,18.44231,-5.21240,-0.23899,0.82017,-0.00043,0.00049,-0.57212,0.58226,-1.07953,0.00755
34684000000,18.47930,-5.28392,-0.23913,0.82369,-0.00036,0.00051,-0.56704,0.53530,-1.01457,0.00725
34750000000,18.51339,-5.35118,-0.23931,0.82536,-0.00026,0.00059,-0.56460,0.48533,-0.96981,0.00624
34816000000,18.54378,-5.41517,-0.23940,0.82564,-0.00019,0.00056,-0.56420,0.43828,-0.93834,0.00469
34882000000,18.57190,-5.47843,-0.23924,0.82468,-0.00014,0.00055,-0.56560,0.41691,-0.97513,0.00338
35047000000,18.63471,-5.64997,-0.23924,0.81588,-0.00017,0.00056,-0.57823,0.32754,-1.09749,0.00177
35113000000,18.65481,-5.72477,-0.23960,0.80954,-0.00012,0.00059,-0.58706,0.25519,-1.08465,0.00007
35179000000,18.67010,-5.79722,-0.23997,0.80235,-0.00009,0.00058,-0.59686,0.19741,-1.07781,-0.00088
35278000000,18.68678,-5.90542,-0.24034,0.79182,0.00000,0.00064,-0.61075,0.13027,-1.05511,-0.00114
35476000000,18.70583,-6.11624,-0.24086,0.77330,0.00003,0.00059,-0.63404,0.10741,-1.07229,-0.00114
35575000000,18.72008,-6.22636,-0.24122,0.76918,-0.00004,0.00060,-0.63903,0.14870,-1.14256,-0.00250
35674000000,18.73522,-6.34391,-0.24177,0.76572,-0.00006,0.00065,-0.64318,0.15127,-1.22483,-0.00394
35740000000,18.74439,-6.42580,-0.24200,0.76345,-0.00010,0.00064,-0.64587,0.14798,-1.27146,-0.00488
35872000000,18.76394,-6.59803,-0.24204,0.75901,-0.00022,0.00072,-0.65108,0.15018,-1.36596,-0.00436
35938000000,18.77416,-6.69009,-0.24174,0.75680,-0.00011,0.00068,-0.65365,0.14503,-1.40530,-0.00465
36070000000,18.78472,-6.87835,-0.24207,0.74775,-0.00013,0.00065,-0.66398,0.03443,-1.38439,-0.00558
36202000000,18.78540,-7.05231,-0.24236,0.73682,-0.00023,0.00057,-0.67609,-0.01897,-1.27938,-0.00648
36301000000,18.78562,-7.17472,-0.24272,0.73130,-0.00030,0.00052,-0.68206,0.01873,-1.21987,-0.00595
36400000000,18.78667,-7.29695,-0.24303,0.72708,-0.00031,0.00046,-0.68655,0.01144,-1.27034,-0.00592
36499000000,18.78716,-7.42445,-0.24339,0.72288,-0.00031,0.00051,-0.69097,0.00302,-1.32844,-0.00689
36631000000,18.78661,-7.60456,-0.24382,0.71751,-0.00035,0.00052,-0.69655,-0.00993,-1.40611,-0.00587
36763000000,18.78395,-7.79754,-0.24438,0.71253,-0.00045,0.00050,-0.70164,-0.02605,-1.51615,-0.00412
36895000000,18.77736,-7.99762,-0.24482,0.70700,-0.00060,0.00047,-0.70721,-0.08316,-1.50155,-0.00526
36961000000,18.77101,-8.09491,-0.24448,0.70322,-0.00055,0.00045,-0.71097,-0.10158,-1.47187,-0.00504
37060000000,18.75971,-8.23959,-0.24450,0.69786,-0.00047,0.00039,-0.71624,-0.09510,-1.44858,-0.00526
37192000000,18.74653,-8.43264,-0.24533,0.69278,-0.00047,0.00035,-0.72115,-0.11106,-1.48923,-0.00828
37357000000,18.72557,-8.68189,-0.24589,0.68692,-0.00039,0.00040,-0.72674,-0.13286,-1.52651,-0.00820
37423000000,18.71590,-8.78174,-0.24560,0.68480,-0.00042,0.00034,-0.72874,-0.13965,-1.52221,-0.00816
37489000000,18.70577,-8.88172,-0.24513,0.68281,-0.00047,0.00032,-0.73059,-0.14465,-1.51895,-0.00659
37588000000,18.69117,-9.03215,-0.24569,0.68008,-0.00050,0.00029,-0.73314,-0.15177,-1.51629,-0.00631
37654000000,18.67997,-9.13201,-0.24509,0.67835,-0.00047,0.00028,-0.73474,-0.15618,-1.51484,-0.00611
37786000000,18.65903,-9.33149,-0.24546,0.67528,-0.00035,0.00024,-0.73756,-0.16539,-1.51252,-0.00738
37852000000,18.64785,-9.43127,-0.24533,0.67385,-0.00037,0.00027,-0.73887,-0.16895,-1.51930,-0.00440
37951000000,18.63185,-9.58415,-0.24514,0.67222,-0.00039,0.00029,-0.74035,-0.16518,-1.55849,-0.00332
38050000000,18.61695,-9.73888,-0.24430,0.67164,-0.00043,0.00033,-0.74088,-0.14595,-1.50382,-0.00121
38149000000,18.60405,-9.88045,-0.24415,0.67164,-0.00047,0.00039,-0.74088,-0.13592,-1.38788,-0.00085
38248000000,18.59109,-10.02211,-0.24386,0.67162,-0.00053,0.00037,-0.74089,-0.14195,-1.46601,-0.00134
38347000000,18.57719,-10.16954,-0.24395,0.67166,-0.00050,0.00041,-0.74086,-0.14599,-1.49433,-0.00172
38380000000,18.57267,-10.21873,-0.24383,0.67165,-0.00050,0.00041,-0.74086,-0.14559,-1.49394,-0.00189
38479000000,18.55845,-10.36582,-0.24374,0.67166,-0.00051,0.00036,-0.74086,-0.14695,-1.49344,-0.00153
38578000000,18.54425,-10.51323,-0.24367,0.67167,-0.00057,0.00028,-0.74085,-0.14679,-1.49288,-0.00023
38644000000,18.53472,-10.61175,-0.24375,0.67168,-0.00060,0.00023,-0.74084,-0.14780,-1.49237,-0.00069
38743000000,18.52000,-10.75971,-0.24378,0.67169,-0.00055,0.00032,-0.74084,-0.14956,-1.48902,0.00025
38809000000,18.51038,-10.85818,-0.24371,0.67164,-0.00050,0.00030,-0.74088,-0.14852,-1.48792,0.00182
38908000000,18.49600,-11.00566,-0.24359,0.67159,-0.00039,0.00032,-0.74092,-0.14909,-1.48863,0.00117
39073000000,18.47208,-11.25522,-0.24303,0.67207,-0.00042,0.00043,-0.74048,-0.13914,-1.54704,0.00286
39205000000,18.45569,-11.45335,-0.24231,0.67389,-0.00040,0.00061,-0.73883,-0.12060,-1.42132,0.00360
39271000000,18.44848,-11.54566,-0.24204,0.67456,-0.00047,0.00064,-0.73822,-0.11212,-1.35409,0.00401
39304000000,18.44507,-11.58975,-0.24159,0.67487,-0.00047,0.00064,-0.73794,-0.10725,-1.31478,0.00484
39403000000,18.43518,-11.71601,-0.24117,0.67575,-0.00039,0.00070,-0.73713,-0.09881,-1.23739,0.00415
39469000000,18.42911,-11.79788,-0.24089,0.67644,-0.00034,0.00075,-0.73650,-0.09467,-1.22874,0.00407
39634000000,18.41640,-12.00874,-0.24048,0.68020,-0.00031,0.00072,-0.73303,-0.06394,-1.31706,0.00261
39733000000,18.41149,-12.14156,-0.24026,0.68376,-0.00047,0.00072,-0.72971,-0.04236,-1.35038,0.00121
39799000000,18.40983,-12.22892,-0.24029,0.68571,-0.00047,0.00079,-0.72787,-0.03556,-1.28277,0.00184
39964000000,18.40538,-12.43718,-0.24041,0.69008,-0.00053,0.00068,-0.72373,-0.02004,-1.30019,-0.00020
39997000000,18.40548,-12.48095,-0.24067,0.69111,-0.00054,0.00067,-0.72275,-0.01341,-1.32110,-0.00094
40096000000,18.40563,-12.61565,-0.24091,0.69487,-0.00054,0.00072,-0.71914,0.01575,-1.38755,-0.00295
40195000000,18.40918,-12.75656,-0.24112,0.69990,-0.00057,0.00069,-0.71424,0.06068,-1.45557,-0.00210
40261000000,18.41464,-12.85555,-0.24127,0.70433,-0.00049,0.00074,-0.70987,0.10398,-1.50594,-0.00248
40360000000,18.42901,-13.01006,-0.24135,0.71318,-0.00052,0.00066,-0.70098,0.19342,-1.58463,-0.00175
40459000000,18.45456,-13.17225,-0.24132,0.72608,-0.00053,0.00070,-0.68761,0.32544,-1.66379,-0.00194
40525000000,18.47940,-13.28267,-0.24134,0.73751,-0.00048,0.00081,-0.67534,0.42863,-1.66326,-0.00164
40624000000,18.53083,-13.44793,-0.24130,0.75908,-0.00042,0.00079,-0.65099,0.61910,-1.64183,0.00254
40756000000,18.62980,-13.65929,-0.24155,0.79581,-0.00045,0.00080,-0.60555,0.86521,-1.47216,-0.00017
40822000000,18.68876,-13.75087,-0.24199,0.81474,-0.00043,0.00080,-0.57982,0.92989,-1.30263,-0.00058
40888000000,18.75154,-13.83341,-0.24221,0.83272,-0.00038,0.00081,-0.55370,0.97685,-1.15763,-0.00006
40987000000,18.85212,-13.94090,-0.24210,0.85727,-0.00034,0.00086,-0.51487,1.07819,-1.03483,-0.00128
41086000000,18.96536,-14.04305,-0.24298,0.87883,-0.00030,0.00089,-0.47713,1.16655,-1.00309,-0.00298
41152000000,19.04552,-14.10341,-0.24358,0.89081,-0.00040,0.00084,-0.45437,1.22694,-0.95395,-0.00388
41317000000,19.25240,-14.25604,-0.24406,0.91396,-0.00014,0.00085,-0.40581,1.27672,-0.87595,-0.00288
41449000000,19.42267,-14.36945,-0.24452,0.92544,-0.00019,0.00091,-0.37889,1.29685,-0.84543,-0.00555
41482000000,19.46525,-14.39953,-0.24466,0.92790,-0.00009,0.00098,-0.37284,1.28160,-0.82804,-0.00628
41614000000,19.63253,-14.50141,-0.24533,0.93655,-0.00016,0.00097,-0.35053,1.28948,-0.78064,-0.00631
41746000000,19.80739,-14.60404,-0.24620,0.94460,-0.00014,0.00110,-0.32821,1.34336,-0.77430,-0.00692
41878000000,19.98703,-14.70351,-0.24718,0.95063,-0.00022,0.00111,-0.31033,1.36830,-0.75779,-0.00724
41977000000,20.12172,-14.77904,-0.24658,0.95443,-0.00013,0.00107,-0.29843,1.37467,-0.74439,-0.00547
42076000000,20.25689,-14.85342,-0.24640,0.95776,0.00003,0.00106,-0.28756,1.38161,-0.73035,-0.00458
42175000000,20.39379,-14.92185,-0.24562,0.96064,0.00003,0.00099,-0.27778,1.38900,-0.71226,-0.00271
42241000000,20.48561,-14.96702,-0.24498,0.96237,0.00000,0.00092,-0.27173,1.38929,-0.70320,-0.00103
42340000000,20.62223,-15.03382,-0.24416,0.96462,-0.00007,0.00093,-0.26365,1.35528,-0.67961,0.00133
42439000000,20.75140,-15.09839,-0.24326,0.96561,-0.00005,0.00091,-0.26001,1.29117,-0.66981,0.00326
42538000000,20.87467,-15.16206,-0.24239,0.96555,-0.00011,0.00070,-0.26022,1.26367,-0.68720,0.00600
42637000000,21.00033,-15.22952,-0.24171,0.96591,-0.00018,0.00064,-0.25887,1.30962,-0.70872,0.00377
42736000000,21.13450,-15.29913,-0.24110,0.96734,-0.00032,0.00072,-0.25349,1.37550,-0.68242,0.00263
42835000000,21.26970,-15.36272,-0.24050,0.96979,-0.00032,0.00066,-0.24394,1.38240,-0.63858,0.00341
42967000000,21.45169,-15.43919,-0.23980,0.97430,-0.00037,0.00058,-0.22527,1.39825,-0.54455,0.00522
43033000000,21.54140,-15.47098,-0.23950,0.97673,-0.00038,0.00045,-0.21445,1.40513,-0.50467,0.00564
43165000000,21.72197,-15.53064,-0.23900,0.98017,-0.00044,0.00041,-0.19815,1.35284,-0.45943,0.00626
43231000000,21.80917,-15.55828,-0.23889,0.98136,-0.00040,0.00035,-0.19218,1.36378,-0.44713,0.00465
43297000000,21.89964,-15.58696,-0.23873,0.98252,-0.00038,0.00026,-0.18617,1.42178,-0.45570,0.00438
43396000000,22.04092,-15.63156,-0.23804,0.98407,-0.00025,0.00029,-0.17781,1.42918,-0.44402,0.00478
43462000000,22.13496,-15.65891,-0.23824,0.98499,-0.00026,0.00022,-0.17263,1.43208,-0.43450,0.00376
43495000000,22.18142,-15.67174,-0.23856,0.98541,-0.00030,0.00021,-0.17021,1.43247,-0.42866,0.00365
43627000000,22.37019,-15.72464,-0.23835,0.98716,-0.00036,0.00009,-0.15974,1.47307,-0.38995,0.00295
43726000000,22.52056,-15.76315,-0.23785,0.98858,-0.00032,0.00015,-0.15067,1.45122,-0.37280,0.00223
43792000000,22.61312,-15.78590,-0.23813,0.98918,-0.00033,0.00014,-0.14673,1.40526,-0.35735,0.00144
43891000000,22.74761,-15.81696,-0.23918,0.98979,-0.00043,0.00003,-0.14250,1.33134,-0.33762,0.00073
43957000000,22.83314,-15.84076,-0.23804,0.99012,-0.00041,0.00008,-0.14021,1.26405,-0.31785,0.00264
44056000000,22.96188,-15.87204,-0.23802,0.99076,-0.00043,0.00004,-0.13560,1.31063,-0.32166,0.00314
44188000000,23.14124,-15.91416,-0.23807,0.99174,-0.00032,-0.00007,-0.12824,1.42702,-0.31376,0.00051
44287000000,23.28722,-15.94403,-0.23906,0.99278,-0.00051,-0.00003,-0.11997,1.46515,-0.28045,-0.00059
44386000000,23.43560,-15.96915,-0.23917,0.99393,-0.00057,-0.00001,-0.11003,1.49186,-0.23964,-0.00099
44452000000,23.53275,-15.98373,-0.23915,0.99458,-0.00057,0.00003,-0.10400,1.40956,-0.20479,-0.00181
44551000000,23.66895,-16.00375,-0.23935,0.99533,-0.00053,-0.00007,-0.09655,1.37923,-0.19463,-0.00388
44716000000,23.90180,-16.03369,-0.23987,0.99640,-0.00044,-0.00021,-0.08482,1.46422,-0.18594,-0.00527
44914000000,24.19546,-16.06811,-0.24079,0.99734,-0.00059,-0.00026,-0.07287,1.46869,-0.16576,-0.00887
45046000000,24.39030,-16.08898,-0.24164,0.99782,-0.00051,-0.00039,-0.06605,1.47354,-0.15612,-0.01030
45112000000,24.48773,-16.09895,-0.24216,0.99802,-0.00051,-0.00037,-0.06297,1.47374,-0.15230,-0.01104
45211000000,24.63338,-16.11375,-0.24276,0.99827,-0.00057,-0.00031,-0.05873,1.47459,-0.14652,-0.01005
45310000000,24.77976,-16.12793,-0.24343,0.99849,-0.00054,-0.00032,-0.05489,1.47442,-0.14124,-0.01078
45442000000,24.97265,-16.14542,-0.24377,0.99873,-0.00046,-0.00032,-0.05039,1.47423,-0.13442,-0.00905
45574000000,25.16935,-16.16176,-0.24419,0.99892,-0.00048,-0.00042,-0.04643,1.47642,-0.12763,-0.00922
45673000000,25.31608,-16.17252,-0.24413,0.99904,-0.00047,-0.00048,-0.04381,1.47652,-0.12084,-0.00928
45838000000,25.55923,-16.19061,-0.24504,0.99921,-0.00047,-0.00049,-0.03981,1.47716,-0.11423,-0.00939
45970000000,25.75393,-16.20414,-0.24507,0.99931,-0.00047,-0.00043,-0.03707,1.47623,-0.10826,-0.00892
46036000000,25.85389,-16.20919,-0.24451,0.99936,-0.00054,-0.00048,-0.03580,1.47857,-0.10360,-0.00745
46135000000,25.99930,-16.21746,-0.24426,0.99942,-0.00057,-0.00058,-0.03404,1.47800,-0.10117,-0.00783
46300000000,26.24428,-16.23355,-0.24514,0.99950,-0.00056,-0.00053,-0.03172,1.47739,-0.09873,-0.00942
46465000000,26.48900,-16.24744,-0.24442,0.99956,-0.00064,-0.00045,-0.02958,1.47730,-0.09767,-0.00697
46630000000,26.73693,-16.25914,-0.24399,0.99961,-0.00083,-0.00039,-0.02792,1.48076,-0.09372,-0.00566
46762000000,26.93296,-16.26944,-0.24331,0.99965,-0.00088,-0.00039,-0.02654,1.48360,-0.09191,-0.00578
46861000000,27.08062,-16.27592,-0.24278,0.99967,-0.00099,-0.00039,-0.02572,1.48351,-0.08909,-0.00667
46993000000,27.27824,-16.28481,-0.24241,0.99969,-0.00099,-0.00039,-0.02476,1.48751,-0.08521,-0.00702
47092000000,27.42318,-16.29027,-0.24151,0.99971,-0.00093,-0.00036,-0.02413,1.48814,-0.08231,-0.00663
47158000000,27.52237,-16.29287,-0.24086,0.99972,-0.00101,-0.00045,-0.02377,1.48963,-0.07914,-0.00586
47224000000,27.62164,-16.29502,-0.24042,0.99972,-0.00109,-0.00050,-0.02342,1.48937,-0.07572,-0.00613
47323000000,27.76964,-16.30226,-0.24101,0.99974,-0.00118,-0.00055,-0.02294,1.49096,-0.07515,-0.00683
47422000000,27.91860,-16.30715,-0.24059,0.99974,-0.00125,-0.00058,-0.02255,1.49156,-0.07340,-0.00669
47521000000,28.06753,-16.31142,-0.24025,0.99976,-0.00132,-0.00054,-0.02206,1.49265,-0.07117,-0.00754
47620000000,28.21529,-16.31694,-0.23999,0.99976,-0.00136,-0.00043,-0.02175,1.49304,-0.06999,-0.00739
47686000000,28.31369,-16.31962,-0.23984,0.99977,-0.00152,-0.00047,-0.02154,1.49300,-0.06597,-0.00817
47752000000,28.41155,-16.32268,-0.23961,0.99977,-0.00163,-0.00043,-0.02130,1.49244,-0.06497,-0.00974
47818000000,28.51062,-16.32701,-0.24009,0.99978,-0.00163,-0.00039,-0.02109,1.49310,-0.06515,-0.01080
47917000000,28.65905,-16.33149,-0.24021,0.99978,-0.00168,-0.00038,-0.02070,1.51915,-0.06054,-0.01120
47983000000,28.76018,-16.33542,-0.24091,0.99979,-0.00170,-0.00039,-0.02019,1.54960,-0.05261,-0.01267
48115000000,28.96325,-16.33874,-0.24131,0.99985,-0.00175,-0.00043,-0.01715,1.48062,-0.01984,-0.01486
48214000000,29.10469,-16.33990,-0.24268,0.99990,-0.00176,-0.00047,-0.01391,1.36811,-0.01369,-0.01809
48313000000,29.23625,-16.34049,-0.24300,0.99994,-0.00173,-0.00047,-0.01118,1.29835,-0.00928,-0.01798
48412000000,29.36263,-16.34147,-0.24273,0.99996,-0.00173,-0.00049,-0.00892,1.23305,-0.00734,-0.01843
48478000000,29.44482,-16.34045,-0.24181,0.99997,-0.00177,-0.00055,-0.00751,1.26641,-0.00364,-0.01630
48577000000,29.57062,-16.33984,-0.24166,0.99998,-0.00186,-0.00062,-0.00551,1.33954,-0.00131,-0.01571
48709000000,29.75392,-16.33975,-0.24430,1.00000,-0.00185,-0.00071,-0.00236,1.44503,0.01449,-0.01884
48775000000,29.85019,-16.33786,-0.24363,1.00000,-0.00178,-0.00080,-0.00018,1.49005,0.03148,-0.01697
48874000000,29.99833,-16.33267,-0.24347,0.99999,-0.00170,-0.00091,0.00472,1.55860,0.07433,-0.01553
48973000000,30.15206,-16.32269,-0.24305,0.99992,-0.00168,-0.00093,0.01255,1.54927,0.12630,-0.01637
49039000000,30.25043,-16.31218,-0.24243,0.99983,-0.00176,-0.00088,0.01847,1.44035,0.14361,-0.01585
49138000000,30.38487,-16.29654,-0.24256,0.99964,-0.00178,-0.00085,0.02675,1.33211,0.14918,-0.01585
49204000000,30.47101,-16.28522,-0.24201,0.99949,-0.00175,-0.00075,0.03183,1.28685,0.15978,-0.01696
49270000000,30.55281,-16.27313,-0.24170,0.99931,-0.00182,-0.00079,0.03717,1.25076,0.17310,-0.01712
49369000000,30.67393,-16.25394,-0.24352,0.99894,-0.00184,-0.00077,0.04590,1.24840,0.21123,-0.02059
49435000000,30.75482,-16.23711,-0.24324,0.99859,-0.00190,-0.00078,0.05308,1.24188,0.24636,-0.02205
49501000000,30.83190,-16.21889,-0.24299,0.99812,-0.00196,-0.00086,0.06119,1.17157,0.26568,-0.02097
49633000000,30.97428,-16.18244,-0.24448,0.99715,-0.00200,-0.00096,0.07537,1.07790,0.27115,-0.02414
49699000000,31.04526,-16.16232,-0.24450,0.99665,-0.00203,-0.00096,0.08172,1.12844,0.30340,-0.02291
49831000000,31.19832,-16.11659,-0.24620,0.99521,-0.00202,-0.00108,0.09772,1.23889,0.39359,-0.02493
49963000000,31.37001,-16.05836,-0.24877,0.99281,-0.00201,-0.00108,0.11969,1.27722,0.49279,-0.02822
50095000000,31.52536,-15.99441,-0.25069,0.99011,-0.00196,-0.00113,0.14031,1.08664,0.46499,-0.02957
50260000000,31.69260,-15.92091,-0.25329,0.98766,-0.00188,-0.00117,0.15657,1.02188,0.45614,-0.03088
50359000000,31.79956,-15.87371,-0.25345,0.98592,-0.00189,-0.00117,0.16719,1.11761,0.53508,-0.03211
50425000000,31.87414,-15.83645,-0.25260,0.98435,-0.00188,-0.00110,0.17618,1.15915,0.58749,-0.03186
50491000000,31.95139,-15.79417,-0.25111,0.98240,-0.00193,-0.00110,0.18678,1.19462,0.65407,-0.02794
50557000000,32.03114,-15.74812,-0.25013,0.97997,-0.00201,-0.00104,0.19914,1.23346,0.73323,-0.02432
50590000000,32.07150,-15.72304,-0.24873,0.97849,-0.00197,-0.00101,0.20627,1.24484,0.77823,-0.02177
50623000000,32.11217,-15.69651,-0.24768,0.97682,-0.00199,-0.00095,0.21406,1.25017,0.82286,-0.01917
50689000000,32.19067,-15.64188,-0.24739,0.97325,-0.00203,-0.00088,0.22975,1.15119,0.82714,-0.01735
50755000000,32.26306,-15.58781,-0.24717,0.96982,-0.00200,-0.00086,0.24382,1.05720,0.81210,-0.01687
50821000000,32.33009,-15.53542,-0.24714,0.96676,-0.00196,-0.00080,0.25569,0.98138,0.77644,-0.01630
50920000000,32.42688,-15.45703,-0.24790,0.96289,-0.00192,-0.00078,0.26988,1.00251,0.82831,-0.01754
50986000000,32.49312,-15.40049,-0.24787,0.95993,-0.00200,-0.00074,0.28022,1.03024,0.89179,-0.01597
51118000000,32.63216,-15.27140,-0.24899,0.95177,-0.00186,-0.00061,0.30680,1.06684,1.06636,-0.01611
51184000000,32.70085,-15.20001,-0.24898,0.94642,-0.00180,-0.00059,0.32294,1.00549,1.08943,-0.01547
51283000000,32.79463,-15.09339,-0.24954,0.93879,-0.00181,-0.00061,0.34449,0.89355,1.05263,-0.01635
51349000000,32.85220,-15.02430,-0.24937,0.93459,-0.00180,-0.00053,0.35573,0.84859,1.03258,-0.01634
51448000000,32.93346,-14.92438,-0.24981,0.92981,-0.00187,-0.00046,0.36803,0.80457,1.00784,-0.01667
51547000000,33.01392,-14.82133,-0.25009,0.92430,-0.00180,-0.00043,0.38167,0.81892,1.08918,-0.01556
51646000000,33.09580,-14.70821,-0.25020,0.91701,-0.00187,-0.00042,0.39886,0.82169,1.20165,-0.01461
51712000000,33.14918,-14.62742,-0.24983,0.91096,-0.00184,-0.00044,0.41249,0.80438,1.26691,-0.01316
51778000000,33.19973,-14.54560,-0.24967,0.90523,-0.00183,-0.00049,0.42491,0.74970,1.23479,-0.01230
51877000000,33.26964,-14.42761,-0.25003,0.89853,-0.00185,-0.00049,0.43891,0.69034,1.17681,-0.01215
51976000000,33.33716,-14.31081,-0.25038,0.89258,-0.00192,-0.00044,0.45088,0.67741,1.22493,-0.01033
52108000000,33.42473,-14.14276,-0.25101,0.88205,-0.00183,-0.00039,0.47115,0.65141,1.34684,-0.01082
52207000000,33.48551,-14.01082,-0.25104,0.87313,-0.00172,-0.00034,0.48749,0.59020,1.32411,-0.01186
52306000000,33.54115,-13.88393,-0.25120,0.86662,-0.00165,-0.00034,0.49897,0.54696,1.26037,-0.01232
52405000000,33.59277,-13.76081,-0.25131,0.86058,-0.00164,-0.00025,0.50932,0.51268,1.27336,-0.01367
52438000000,33.60925,-13.71921,-0.25074,0.85811,-0.00164,-0.00025,0.51346,0.51749,1.31490,-0.01329
52504000000,33.64279,-13.63117,-0.25074,0.85261,-0.00156,-0.00025,0.52255,0.49799,1.37284,-0.01330
52636000000,33.70404,-13.44363,-0.25261,0.83823,-0.00165,-0.00021,0.54532,0.40990,1.44005,-0.01650
52735000000,33.74025,-13.30193,-0.25314,0.82642,-0.00165,-0.00015,0.56305,0.33429,1.42992,-0.01813
52834000000,33.77062,-13.16491,-0.25371,0.81618,-0.00162,-0.00019,0.57779,0.27676,1.35455,-0.01680
52900000000,33.78868,-13.07625,-0.25343,0.81059,-0.00161,-0.00018,0.58561,0.26463,1.33153,-0.01516
53032000000,33.82145,-12.90498,-0.25458,0.80086,-0.00163,-0.00019,0.59885,0.22496,1.27893,-0.01686
53131000000,33.84380,-12.77497,-0.25519,0.79290,-0.00163,-0.00011,0.60935,0.21601,1.35146,-0.01638
53230000000,33.86521,-12.63794,-0.25545,0.78525,-0.00164,-0.00011,0.61918,0.20686,1.42359,-0.01521
53329000000,33.88504,-12.49449,-0.25533,0.77789,-0.00173,-0.00004,0.62840,0.19122,1.45196,-0.01589
53428000000,33.90282,-12.35078,-0.25534,0.77110,-0.00175,0.00000,0.63671,0.17263,1.45920,-0.01586
53527000000,33.91915,-12.20624,-0.25552,0.76491,-0.00157,0.00007,0.64414,0.15894,1.46428,-0.01539
53659000000,33.93903,-12.01291,-0.25608,0.75744,-0.00152,0.00014,0.65290,0.14061,1.46925,-0.01513
53758000000,33.95159,-11.86952,-0.25617,0.75268,-0.00152,0.00009,0.65839,0.12538,1.43268,-0.01327
53824000000,33.95842,-11.77576,-0.25537,0.74999,-0.00156,0.00011,0.66145,0.11446,1.40219,-0.01157
53890000000,33.96425,-11.68555,-0.25452,0.74760,-0.00166,0.00007,0.66415,0.10084,1.33435,-0.01089
53956000000,33.97049,-11.59871,-0.25494,0.74538,-0.00162,0.00015,0.66664,0.09423,1.30209,-0.01031
54055000000,33.97884,-11.47068,-0.25443,0.74244,-0.00145,0.00011,0.66992,0.09557,1.31374,-0.00884
54154000000,33.98897,-11.34138,-0.25565,0.74049,-0.00146,0.00009,0.67207,0.10518,1.29012,-0.01130
54286000000,34.00172,-11.17191,-0.25567,0.73860,-0.00148,0.00007,0.67414,0.10118,1.29714,-0.00954
54352000000,34.00809,-11.08335,-0.25550,0.73765,-0.00154,0.00003,0.67519,0.10258,1.34758,-0.00930
54418000000,34.01440,-10.99188,-0.25546,0.73678,-0.00162,-0.00002,0.67613,0.10314,1.39970,-0.01159
54484000000,34.02152,-10.89772,-0.25585,0.73593,-0.00160,0.00000,0.67706,0.10479,1.45882,-0.01168
54583000000,34.03106,-10.74940,-0.25578,0.73469,-0.00160,-0.00012,0.67840,0.10413,1.49426,-0.01136
54682000000,34.04049,-10.60118,-0.25582,0.73363,-0.00169,-0.00006,0.67954,0.10086,1.49570,-0.01245
54748000000,34.04659,-10.50126,-0.25573,0.73300,-0.00167,-0.00015,0.68023,0.09781,1.49759,-0.01296
54880000000,34.05948,-10.30475,-0.25659,0.73180,-0.00148,-0.00018,0.68152,0.09596,1.49893,-0.01409
54946000000,34.06551,-10.20575,-0.25673,0.73125,-0.00148,-0.00022,0.68211,0.09402,1.50178,-0.01352
55210000000,34.08827,-9.80969,-0.26007,0.72874,-0.00122,-0.00041,0.68479,0.06312,1.46084,-0.01758
55309000000,34.09430,-9.67015,-0.26110,0.72740,-0.00119,-0.00040,0.68621,0.06812,1.36841,-0.01683
55441000000,34.10242,-9.48931,-0.26249,0.72592,-0.00123,-0.00039,0.68778,0.06820,1.41940,-0.01715
55540000000,34.10775,-9.34517,-0.26170,0.72479,-0.00130,-0.00037,0.68897,0.06472,1.49040,-0.01420
55606000000,34.11071,-9.24591,-0.26169,0.72411,-0.00129,-0.00041,0.68969,0.06191,1.50028,-0.01434
55672000000,34.11369,-9.14683,-0.26144,0.72353,-0.00135,-0.00037,0.69029,0.05918,1.49989,-0.01356
55738000000,34.11665,-9.04833,-0.26126,0.72291,-0.00148,-0.00040,0.69094,0.05488,1.50074,-0.01223
55837000000,34.12118,-8.90002,-0.26130,0.72210,-0.00161,-0.00041,0.69178,0.05200,1.50267,-0.01213
55903000000,34.12402,-8.80130,-0.26120,0.72157,-0.00161,-0.00041,0.69234,0.04973,1.50074,-0.01274
55969000000,34.12636,-8.70287,-0.26087,0.72115,-0.00167,-0.00044,0.69278,0.04674,1.50218,-0.01208
56035000000,34.12911,-8.60463,-0.26037,0.72066,-0.00165,-0.00041,0.69329,0.04549,1.50035,-0.01050
56134000000,34.13358,-8.45589,-0.25988,0.72007,-0.00163,-0.00043,0.69390,0.04412,1.50021,-0.00839
56233000000,34.13778,-8.30749,-0.26014,0.71952,-0.00165,-0.00038,0.69447,0.04250,1.50206,-0.00895
56299000000,34.14075,-8.21008,-0.26026,0.71919,-0.00172,-0.00036,0.69481,0.03970,1.44200,-0.00984
56365000000,34.14352,-8.11571,-0.26043,0.71885,-0.00164,-0.00032,0.69516,0.03623,1.39642,-0.01159
56431000000,34.14598,-8.02435,-0.26090,0.71852,-0.00166,-0.00033,0.69550,0.02832,1.37347,-0.01269
56530000000,34.14854,-7.89108,-0.26194,0.71770,-0.00159,-0.00038,0.69636,0.01331,1.32297,-0.01544
56596000000,34.14899,-7.80732,-0.26290,0.71682,-0.00155,-0.00041,0.69726,-0.00122,1.22066,-0.01697
56695000000,34.14963,-7.68744,-0.26394,0.71546,-0.00157,-0.00041,0.69866,-0.00041,1.24306,-0.01716
56761000000,34.14961,-7.60424,-0.26489,0.71456,-0.00155,-0.00033,0.69957,-0.00317,1.28759,-0.01773
56860000000,34.14966,-7.47239,-0.26517,0.71330,-0.00155,-0.00036,0.70086,-0.00682,1.36387,-0.01857
56992000000,34.14846,-7.28748,-0.26724,0.71160,-0.00157,-0.00034,0.70258,-0.01150,1.45240,-0.02018
57058000000,34.14888,-7.18995,-0.26667,0.71084,-0.00147,-0.00034,0.70335,-0.01232,1.49948,-0.01929
57157000000,34.14851,-7.04288,-0.26672,0.70980,-0.00146,-0.00031,0.70440,-0.01504,1.44542,-0.01790
57223000000,34.14716,-6.94932,-0.26759,0.70918,-0.00138,-0.00038,0.70502,-0.01772,1.39183,-0.02019
57355000000,34.14504,-6.77057,-0.26777,0.70761,-0.00123,-0.00036,0.70660,-0.03238,1.31163,-0.01731
57454000000,34.14235,-6.64617,-0.26890,0.70621,-0.00118,-0.00039,0.70800,-0.02856,1.23723,-0.01674
57487000000,34.14260,-6.60487,-0.26714,0.70581,-0.00118,-0.00035,0.70840,-0.02836,1.25417,-0.01444
57553000000,34.14119,-6.51891,-0.26686,0.70499,-0.00118,-0.00032,0.70922,-0.03200,1.31335,-0.01529
57619000000,34.13875,-6.42993,-0.26745,0.70416,-0.00117,-0.00030,0.71004,-0.03613,1.34652,-0.01403
57718000000,34.13578,-6.29004,-0.26719,0.70296,-0.00117,-0.00033,0.71122,-0.04006,1.43806,-0.01258
57817000000,34.13241,-6.14886,-0.26688,0.70182,-0.00122,-0.00032,0.71236,-0.04187,1.37735,-0.01032
57916000000,34.12916,-6.01409,-0.26660,0.70081,-0.00128,-0.00017,0.71334,-0.04106,1.31446,-0.01159
58081000000,34.12260,-5.80356,-0.26737,0.69887,-0.00121,-0.00015,0.71525,-0.05704,1.29372,-0.01301
58114000000,34.12127,-5.75934,-0.26656,0.69819,-0.00123,-0.00006,0.71591,-0.06542,1.32093,-0.01122
58180000000,34.11684,-5.67070,-0.26628,0.69641,-0.00123,-0.00002,0.71764,-0.08532,1.36419,-0.01019
58279000000,34.10737,-5.54245,-0.26707,0.69349,-0.00117,0.00000,0.72047,-0.09788,1.24944,-0.01172
58378000000,34.09802,-5.41708,-0.26696,0.69100,-0.00110,-0.00004,0.72285,-0.10622,1.30849,-0.01294
58477000000,34.08772,-5.28531,-0.26738,0.68871,-0.00100,-0.00002,0.72504,-0.11315,1.36964,-0.01402
58543000000,34.08077,-5.19399,-0.26739,0.68722,-0.00092,-0.00012,0.72645,-0.12000,1.42790,-0.01464
58642000000,34.06882,-5.05036,-0.26794,0.68509,-0.00088,-0.00014,0.72846,-0.13083,1.49793,-0.01425
58741000000,34.05613,-4.90230,-0.26834,0.68310,-0.00081,-0.00012,0.73032,-0.13596,1.50865,-0.01333
58807000000,34.04760,-4.80379,-0.26829,0.68189,-0.00084,-0.00019,0.73146,-0.13755,1.50824,-0.01339
58906000000,34.03441,-4.65520,-0.26863,0.68019,-0.00074,-0.00023,0.73304,-0.13920,1.50984,-0.01360
58972000000,34.02584,-4.55697,-0.26856,0.67918,-0.00070,-0.00036,0.73397,-0.13888,1.50946,-0.01206
59071000000,34.01274,-4.40862,-0.26886,0.67776,-0.00068,-0.00040,0.73528,-0.13969,1.50986,-0.01269
59203000000,33.99444,-4.21015,-0.27036,0.67598,-0.00061,-0.00045,0.73692,-0.14206,1.51132,-0.01469
59302000000,33.98027,-4.06122,-0.27136,0.67481,-0.00059,-0.00059,0.73799,-0.14480,1.51258,-0.01486
59368000000,33.97069,-3.96205,-0.27154,0.67407,-0.00052,-0.00063,0.73866,-0.14769,1.51343,-0.01398
59467000000,33.95505,-3.81076,-0.27303,0.67277,-0.00062,-0.00069,0.73985,-0.16667,1.54278,-0.01527
59566000000,33.93715,-3.65723,-0.27352,0.67019,-0.00050,-0.00076,0.74219,-0.20007,1.57643,-0.01532
59632000000,33.92257,-3.55299,-0.27379,0.66721,-0.00044,-0.00072,0.74487,-0.23664,1.59288,-0.01647
59731000000,33.89584,-3.39429,-0.27547,0.66030,-0.00048,-0.00073,0.75100,-0.31179,1.61367,-0.02100
59830000000,33.85966,-3.23464,-0.27650,0.64946,-0.00045,-0.00073,0.76039,-0.41025,1.60630,-0.02328
59896000000,33.83070,-3.13100,-0.27674,0.64067,-0.00047,-0.00075,0.76782,-0.44314,1.52527,-0.02366
59995000000,33.78496,-2.98875,-0.27757,0.62766,-0.00046,-0.00070,0.77848,-0.46648,1.37221,-0.02331
60061000000,33.75217,-2.89738,-0.27731,0.61980,-0.00050,-0.00065,0.78476,-0.48730,1.39746,-0.02323
60127000000,33.71804,-2.80505,-0.27724,0.61320,-0.00037,-0.00062,0.78993,-0.50843,1.40509,-0.02191
60259000000,33.64897,-2.62055,-0.27903,0.60258,-0.00047,-0.00056,0.79806,-0.52705,1.39738,-0.02439
60325000000,33.61139,-2.52789,-0.27843,0.59777,-0.00055,-0.00059,0.80167,-0.54060,1.39962,-0.02385
60457000000,33.53790,-2.34210,-0.27925,0.58823,-0.00060,-0.00060,0.80869,-0.57963,1.41896,-0.02364
60523000000,33.49870,-2.24870,-0.28047,0.58172,-0.00060,-0.00058,0.81339,-0.61906,1.42337,-0.02579
60589000000,33.45442,-2.15543,-0.27887,0.57411,-0.00068,-0.00062,0.81878,-0.66133,1.42267,-0.02221
60655000000,33.40886,-2.06237,-0.27769,0.56515,-0.00073,-0.00070,0.82499,-0.71077,1.41801,-0.02187
60721000000,33.35947,-1.97004,-0.27743,0.55449,-0.00072,-0.00078,0.83219,-0.77204,1.40276,-0.02290
60787000000,33.30602,-1.87995,-0.27723,0.54162,-0.00069,-0.00088,0.84062,-0.84427,1.37458,-0.02202
60886000000,33.21593,-1.74898,-0.27787,0.51783,-0.00064,-0.00093,0.85548,-0.96612,1.30828,-0.02148
60952000000,33.14939,-1.66800,-0.27757,0.49878,-0.00065,-0.00096,0.86673,-1.03714,1.22769,-0.01890
61018000000,33.08078,-1.59326,-0.27724,0.47959,-0.00067,-0.00102,0.87749,-1.04448,1.10115,-0.01718
61117000000,32.97772,-1.49400,-0.27761,0.45287,-0.00062,-0.00104,0.89158,-1.03579,0.94221,-0.01811
61216000000,32.87018,-1.40181,-0.27811,0.42964,-0.00062,-0.00109,0.90300,-1.11091,0.93874,-0.01680
61282000000,32.79396,-1.34132,-0.27756,0.41461,-0.00063,-0.00105,0.91000,-1.20251,0.92398,-0.01534
61381000000,32.66906,-1.25185,-0.27770,0.38885,-0.00062,-0.00108,0.92130,-1.27705,0.89623,-0.01408
61480000000,32.54085,-1.16483,-0.27809,0.36757,-0.00061,-0.00110,0.93000,-1.30310,0.85664,-0.01433
61546000000,32.45472,-1.10925,-0.27793,0.35644,-0.00065,-0.00105,0.93432,-1.31098,0.84537,-0.01457
61612000000,32.36786,-1.05337,-0.27818,0.34701,-0.00069,-0.00100,0.93786,-1.32100,0.83279,-0.01398
61711000000,32.23674,-0.97133,-0.27875,0.33399,-0.00066,-0.00101,0.94258,-1.33193,0.81399,-0.01556
61810000000,32.10494,-0.89114,-0.27895,0.32209,-0.00059,-0.00096,0.94671,-1.32589,0.78993,-0.01340
61876000000,32.01846,-0.83968,-0.27870,0.31491,-0.00058,-0.00089,0.94912,-1.30004,0.76493,-0.01248
61909000000,31.97634,-0.81562,-0.27833,0.31157,-0.00057,-0.00095,0.95022,-1.27217,0.74172,-0.01179
61942000000,31.93495,-0.79222,-0.27810,0.30837,-0.00058,-0.00093,0.95127,-1.24837,0.72005,-0.01089
61975000000,31.89359,-0.76823,-0.27852,0.30526,-0.00057,-0.00095,0.95227,-1.25973,0.72014,-0.01130
62008000000,31.85213,-0.74499,-0.27835,0.30205,-0.00051,-0.00101,0.95329,-1.27888,0.72142,-0.01027
62074000000,31.76651,-0.69724,-0.27922,0.29517,-0.00048,-0.00099,0.95544,-1.31513,0.72317,-0.01089
62173000000,31.63447,-0.62627,-0.27965,0.28509,-0.00042,-0.00097,0.95850,-1.35828,0.72573,-0.01157
62239000000,31.54471,-0.57854,-0.27980,0.27977,-0.00037,-0.00098,0.96007,-1.37076,0.72512,-0.01078
62272000000,31.50027,-0.55480,-0.27973,0.27733,-0.00037,-0.00093,0.96077,-1.37205,0.72121,-0.00994
62371000000,31.36493,-0.48419,-0.28038,0.27049,-0.00027,-0.00091,0.96272,-1.37561,0.71061,-0.01022
62437000000,31.27374,-0.43807,-0.28110,0.26618,-0.00026,-0.00092,0.96392,-1.37908,0.69888,-0.01148
62536000000,31.13748,-0.37191,-0.28219,0.25707,-0.00016,-0.00091,0.96639,-1.39585,0.64911,-0.01345
62635000000,30.99842,-0.30992,-0.28355,0.24419,-0.00016,-0.00091,0.96973,-1.40976,0.59462,-0.01681
62701000000,30.90614,-0.27274,-0.28400,0.23395,-0.00016,-0.00091,0.97225,-1.40457,0.54486,-0.01745
62833000000,30.72595,-0.20716,-0.28580,0.21665,-0.00001,-0.00084,0.97625,-1.31827,0.46130,-0.01883
62899000000,30.64182,-0.17851,-0.28629,0.21065,-0.00003,-0.00088,0.97756,-1.27577,0.43932,-0.01822
62965000000,30.56018,-0.15060,-0.28667,0.20584,0.00003,-0.00086,0.97859,-1.23993,0.41824,-0.01832
63064000000,30.43739,-0.10881,-0.28739,0.19767,0.00002,-0.00083,0.98027,-1.27145,0.41175,-0.01685
63130000000,30.35174,-0.08081,-0.28837,0.19204,0.00007,-0.00087,0.98139,-1.31992,0.42034,-0.01697
63229000000,30.21690,-0.03735,-0.28884,0.18387,0.00008,-0.00094,0.98295,-1.39904,0.43201,-0.01617
63328000000,30.07570,0.00480,-0.29018,0.17611,0.00013,-0.00086,0.98437,-1.44410,0.43031,-0.01472
63460000000,29.88222,0.06118,-0.29028,0.16472,0.00012,-0.00093,0.98634,-1.47984,0.39224,-0.01207
63526000000,29.78446,0.08664,-0.28984,0.15757,0.00012,-0.00099,0.98751,-1.48993,0.36284,-0.01054
63658000000,29.59200,0.13237,-0.28994,0.14429,0.00014,-0.00105,0.98953,-1.40475,0.31403,-0.00994
63724000000,29.50125,0.15464,-0.28903,0.13935,0.00010,-0.00102,0.99024,-1.38533,0.30182,-0.00662
63823000000,29.36165,0.18530,-0.28881,0.13154,0.00008,-0.00104,0.99131,-1.45195,0.30130,-0.00637
63922000000,29.21623,0.21495,-0.28949,0.12411,0.00019,-0.00102,0.99227,-1.48111,0.29289,-0.00821
63988000000,29.11974,0.23518,-0.28883,0.11956,0.00017,-0.00100,0.99283,-1.48403,0.28576,-0.00649
64087000000,28.97361,0.26382,-0.28862,0.11327,0.00023,-0.00105,0.99356,-1.48992,0.27410,-0.00729
64153000000,28.87683,0.28217,-0.28823,0.10949,0.00027,-0.00108,0.99399,-1.49018,0.26749,-0.00566
64219000000,28.78063,0.29924,-0.28805,0.10591,0.00032,-0.00114,0.99437,-1.48830,0.25934,-0.00642
64285000000,28.68254,0.31628,-0.28860,0.10250,0.00034,-0.00112,0.99473,-1.49232,0.25320,-0.00872
64384000000,28.53656,0.34011,-0.28937,0.09785,0.00054,-0.00119,0.99520,-1.49602,0.24159,-0.00794
64450000000,28.43751,0.35613,-0.29007,0.09490,0.00053,-0.00113,0.99549,-1.49852,0.23485,-0.00855
64549000000,28.29092,0.37903,-0.29091,0.09099,0.00065,-0.00125,0.99585,-1.50051,0.22652,-0.00928
64615000000,28.19177,0.39428,-0.29123,0.08849,0.00063,-0.00121,0.99608,-1.50280,0.22236,-0.00800
64681000000,28.09376,0.40925,-0.29117,0.08619,0.00065,-0.00131,0.99628,-1.50412,0.21771,-0.00560
64813000000,27.89635,0.43598,-0.29226,0.08212,0.00068,-0.00131,0.99662,-1.50648,0.20562,-0.00608
64912000000,27.74739,0.45754,-0.29243,0.07935,0.00066,-0.00126,0.99685,-1.51057,0.20125,-0.00468
64978000000,27.64692,0.47083,-0.29264,0.07771,0.00065,-0.00123,0.99698,-1.51357,0.19605,-0.00550
65077000000,27.49786,0.49182,-0.29255,0.07545,0.00071,-0.00123,0.99715,-1.48665,0.18837,-0.00495
65176000000,27.35274,0.51031,-0.29357,0.07363,0.00073,-0.00119,0.99728,-1.40830,0.17357,-0.00461
65242000000,27.26325,0.52462,-0.29278,0.07255,0.00075,-0.00113,0.99736,-1.37238,0.17146,-0.00362
65341000000,27.12708,0.54550,-0.29245,0.07086,0.00079,-0.00112,0.99749,-1.44186,0.18112,-0.00200
65407000000,27.02925,0.55774,-0.29261,0.06979,0.00080,-0.00110,0.99756,-1.48758,0.18670,-0.00097
65473000000,26.92927,0.57275,-0.29225,0.06863,0.00085,-0.00101,0.99764,-1.50433,0.18922,0.00071
65572000000,26.77876,0.59063,-0.29238,0.06726,0.00082,-0.00107,0.99773,-1.50942,0.18418,0.00074
65671000000,26.62706,0.60955,-0.29283,0.06552,0.00090,-0.00111,0.99785,-1.54491,0.17744,-0.00057
65770000000,26.47239,0.62552,-0.29295,0.06285,0.00091,-0.00119,0.99802,-1.55466,0.15871,-0.00022
65836000000,26.37401,0.63705,-0.29281,0.06050,0.00096,-0.00119,0.99817,-1.45211,0.14055,-0.00126
65935000000,26.23909,0.65216,-0.29270,0.05733,0.00102,-0.00117,0.99835,-1.35106,0.12657,-0.00132
66034000000,26.10987,0.66403,-0.29274,0.05441,0.00113,-0.00121,0.99852,-1.27336,0.11242,-0.00165
66133000000,25.98759,0.67456,-0.29270,0.05103,0.00113,-0.00117,0.99870,-1.23839,0.09136,-0.00222
66199000000,25.90600,0.67986,-0.29279,0.04810,0.00113,-0.00122,0.99884,-1.26866,0.07610,-0.00212
66298000000,25.77991,0.68541,-0.29284,0.04170,0.00119,-0.00121,0.99913,-1.32270,0.04240,-0.00193
66364000000,25.69572,0.68752,-0.29282,0.03718,0.00123,-0.00123,0.99931,-1.23586,0.01824,-0.00097
66529000000,25.49455,0.68755,-0.29283,0.02699,0.00131,-0.00113,0.99963,-1.29187,0.00056,-0.00060
66595000000,25.40960,0.68739,-0.29274,0.02315,0.00132,-0.00107,0.99973,-1.33052,-0.00549,-0.00114
66661000000,25.31991,0.68692,-0.29251,0.01924,0.00143,-0.00101,0.99981,-1.39149,-0.01189,-0.00089
66760000000,25.17765,0.68543,-0.29277,0.01377,0.00145,-0.00101,0.99990,-1.46650,-0.02133,-0.00087
66859000000,25.03137,0.68211,-0.29264,0.00865,0.00145,-0.00096,0.99996,-1.48889,-0.03322,0.00106
66991000000,24.83598,0.67768,-0.29220,0.00253,0.00137,-0.00091,1.00000,-1.49052,-0.04597,0.00405
67090000000,24.69070,0.67350,-0.29146,-0.00179,0.00138,-0.00091,1.00000,-1.48957,-0.05400,0.00619
67156000000,24.59264,0.66982,-0.29093,-0.00450,0.00136,-0.00091,0.99999,-1.49051,-0.05946,0.00687
67222000000,24.49409,0.66571,-0.29048,-0.00710,0.00136,-0.00097,0.99997,-1.49248,-0.06561,0.00676
67354000000,24.29853,0.65830,-0.28938,-0.01148,0.00133,-0.00099,0.99993,-1.50006,-0.05567,0.00832
67486000000,24.09923,0.65015,-0.28804,-0.01511,0.00133,-0.00106,0.99988,-1.50396,-0.06387,0.00806
67585000000,23.95362,0.64426,-0.28765,-0.01754,0.00128,-0.00105,0.99984,-1.44771,-0.06363,0.00765
67651000000,23.86239,0.64022,-0.28776,-0.01892,0.00129,-0.00103,0.99982,-1.39372,-0.06153,0.00717
67750000000,23.72676,0.63462,-0.28677,-0.02089,0.00125,-0.00111,0.99978,-1.32807,-0.05951,0.00757
67816000000,23.64221,0.63036,-0.28685,-0.02191,0.00136,-0.00111,0.99976,-1.28668,-0.06031,0.00726
67915000000,23.51914,0.62466,-0.28596,-0.02338,0.00137,-0.00107,0.99973,-1.20517,-0.05921,0.00993
67981000000,23.44610,0.62063,-0.28628,-0.02408,0.00146,-0.00113,0.99971,-1.16257,-0.05723,0.00823
68113000000,23.29950,0.61400,-0.28498,-0.02514,0.00150,-0.00114,0.99968,-1.05375,-0.04528,0.00982
68245000000,23.17090,0.60698,-0.28530,-0.02475,0.00162,-0.00110,0.99969,-1.02962,-0.03560,0.00979
68344000000,23.06516,0.60222,-0.28498,-0.02446,0.00169,-0.00112,0.99970,-1.09518,-0.04180,0.00755
68410000000,22.99831,0.59769,-0.28592,-0.02418,0.00176,-0.00113,0.99971,-1.14889,-0.04589,0.00491
68575000000,22.79832,0.59120,-0.28339,-0.02375,0.00173,-0.00125,0.99972,-1.28634,-0.05013,0.00873
68641000000,22.72080,0.58947,-0.28376,-0.02356,0.00185,-0.00120,0.99972,-1.33427,-0.05048,0.01041
68707000000,22.62843,0.58571,-0.28341,-0.02335,0.00184,-0.00128,0.99972,-1.37171,-0.05184,0.01098
68806000000,22.49641,0.57944,-0.28359,-0.02317,0.00195,-0.00118,0.99973,-1.44671,-0.05727,0.01080
68872000000,22.39837,0.57556,-0.28300,-0.02310,0.00193,-0.00122,0.99973,-1.49242,-0.05960,0.01109
68971000000,22.25601,0.56824,-0.28281,-0.02288,0.00188,-0.00112,0.99974,-1.52471,-0.06155,0.01129
69037000000,22.15602,0.56398,-0.28211,-0.02262,0.00195,-0.00115,0.99974,-1.52307,-0.06117,0.01162
69136000000,22.01050,0.55601,-0.28159,-0.02242,0.00196,-0.00115,0.99975,-1.51850,-0.06414,0.01281
69202000000,21.90851,0.55108,-0.28087,-0.02236,0.00195,-0.00123,0.99975,-1.51957,-0.06576,0.01501
69268000000,21.81371,0.54582,-0.28083,-0.02221,0.00196,-0.00124,0.99975,-1.51448,-0.06477,0.01260
69334000000,21.71342,0.54138,-0.28052,-0.02216,0.00202,-0.00122,0.99975,-1.51543,-0.06382,0.01304
69400000000,21.61541,0.53637,-0.28036,-0.02201,0.00210,-0.00116,0.99975,-1.51471,-0.06320,0.01261
69499000000,21.46378,0.52996,-0.27935,-0.02194,0.00209,-0.00124,0.99976,-1.51676,-0.06528,0.01071
69565000000,21.36803,0.52526,-0.27945,-0.02188,0.00214,-0.00113,0.99976,-1.51353,-0.06560,0.01060
69631000000,21.27104,0.52074,-0.27939,-0.02187,0.00215,-0.00106,0.99976,-1.51082,-0.06618,0.01082
69697000000,21.17076,0.51637,-0.27871,-0.02176,0.00212,-0.00108,0.99976,-1.51077,-0.06542,0.00988
69796000000,21.02536,0.51045,-0.27873,-0.02163,0.00221,-0.00106,0.99976,-1.46991,-0.06292,0.00883
69862000000,20.93003,0.50632,-0.27818,-0.02160,0.00217,-0.00108,0.99976,-1.41574,-0.06108,0.00674
69961000000,20.79472,0.50099,-0.27833,-0.02159,0.00216,-0.00107,0.99976,-1.32652,-0.05814,0.00547
70060000000,20.66525,0.49513,-0.27739,-0.02143,0.00221,-0.00109,0.99977,-1.26933,-0.05284,0.00736
70159000000,20.53885,0.49042,-0.27754,-0.02144,0.00226,-0.00103,0.99977,-1.33942,-0.05756,0.00863
70225000000,20.44905,0.48694,-0.27788,-0.02142,0.00227,-0.00102,0.99977,-1.39457,-0.06034,0.00949
70258000000,20.40355,0.48562,-0.27801,-0.02145,0.00226,-0.00101,0.99977,-1.40877,-0.06005,0.00928
70324000000,20.30869,0.48160,-0.27748,-0.02140,0.00233,-0.00096,0.99977,-1.43270,-0.06270,0.00942
70555000000,20.00454,0.46693,-0.27558,-0.02125,0.00237,-0.00088,0.99977,-1.24876,-0.06588,0.00944
70654000000,19.88050,0.46091,-0.27497,-0.02216,0.00229,-0.00085,0.99975,-1.19809,-0.07634,0.01019
70753000000,19.76421,0.45262,-0.27397,-0.02479,0.00218,-0.00078,0.99969,-1.14571,-0.09942,0.00906
70819000000,19.68882,0.44479,-0.27375,-0.02774,0.00217,-0.00080,0.99961,-1.11349,-0.12330,0.00941
70885000000,19.61642,0.43675,-0.27358,-0.03197,0.00215,-0.00087,0.99949,-1.12062,-0.15306,0.00859
70984000000,19.50004,0.41846,-0.27293,-0.04161,0.00221,-0.00093,0.99913,-1.20761,-0.22751,0.00657
71083000000,19.37455,0.39237,-0.27294,-0.05671,0.00211,-0.00100,0.99839,-1.22246,-0.31396,0.00640
71149000000,19.29516,0.37053,-0.27323,-0.06971,0.00208,-0.00104,0.99756,-1.16384,-0.36959,0.00644
71215000000,19.22196,0.34547,-0.27344,-0.08477,0.00208,-0.00105,0.99640,-1.08341,-0.41970,0.00644
71314000000,19.11933,0.30072,-0.27316,-0.11108,0.00203,-0.00109,0.99381,-0.95952,-0.49216,0.00691
71380000000,19.05658,0.26739,-0.27308,-0.13081,0.00205,-0.00114,0.99140,-0.87279,-0.53047,0.00781
71479000000,18.96907,0.20934,-0.27266,-0.16402,0.00207,-0.00117,0.98645,-0.86986,-0.66853,0.00937
71578000000,18.87990,0.13592,-0.27207,-0.20355,0.00198,-0.00122,0.97906,-0.85987,-0.82858,0.00865
71710000000,18.77511,0.01800,-0.27131,-0.26334,0.00199,-0.00135,0.96470,-0.68649,-0.92325,0.00607
71776000000,18.73103,-0.04213,-0.27127,-0.29244,0.00194,-0.00133,0.95628,-0.58199,-0.92003,0.00488
71842000000,18.69527,-0.10227,-0.27125,-0.32040,0.00188,-0.00137,0.94728,-0.48447,-0.90858,0.00515
71875000000,18.67973,-0.13229,-0.27169,-0.33392,0.00185,-0.00136,0.94260,-0.43593,-0.89306,0.00348
71941000000,18.65419,-0.19068,-0.27208,-0.35994,0.00183,-0.00134,0.93297,-0.34994,-0.86877,0.00202
72007000000,18.63363,-0.24690,-0.27265,-0.38373,0.00178,-0.00131,0.92344,-0.27897,-0.83785,-0.00024
72106000000,18.61005,-0.32576,-0.27316,-0.41400,0.00173,-0.00133,0.91028,-0.21547,-0.75203,-0.00145
72205000000,18.59121,-0.39425,-0.27370,-0.43589,0.00166,-0.00119,0.90000,-0.17522,-0.65730,-0.00078
72304000000,18.57466,-0.45398,-0.27390,-0.45048,0.00165,-0.00112,0.89279,-0.16096,-0.55997,0.00023
72370000000,18.56420,-0.48946,-0.27505,-0.45786,0.00161,-0.00102,0.88902,-0.15155,-0.54523,-0.00172
72469000000,18.54937,-0.54300,-0.27410,-0.47167,0.00149,-0.00095,0.88177,-0.15291,-0.57857,0.00197
72568000000,18.53276,-0.60287,-0.27386,-0.48621,0.00138,-0.00097,0.87384,-0.17297,-0.66049,-0.00020
72667000000,18.51461,-0.67164,-0.27395,0.50154,-0.00140,0.00079,-0.86513,-0.18931,-0.76821,-0.00145
72733000000,18.50220,-0.72197,-0.27386,0.51242,-0.00136,0.00078,-0.85873,-0.18817,-0.82441,-0.00126
72832000000,18.48458,-0.80316,-0.27391,0.52902,-0.00137,0.00072,-0.84861,-0.16180,-0.81873,-0.00058
72898000000,18.47419,-0.85391,-0.27369,0.53782,-0.00139,0.00068,-0.84306,-0.15564,-0.77952,0.00172
73030000000,18.45526,-0.94661,-0.27350,0.55029,-0.00135,0.00064,-0.83497,-0.12874,-0.66912,0.00526
73096000000,18.44700,-0.98849,-0.27308,0.55677,-0.00123,0.00057,-0.83067,-0.12259,-0.67233,0.00715
73228000000,18.42993,-1.08257,-0.27204,0.57051,-0.00123,0.00048,-0.82129,-0.13868,-0.78571,0.01176
73327000000,18.41633,-1.16267,-0.27157,0.58104,-0.00122,0.00044,-0.81388,-0.14054,-0.86798,0.01032
73426000000,18.40333,-1.25230,-0.27118,0.59251,-0.00121,0.00043,-0.80557,-0.09769,-0.98834,0.01041
73558000000,18.39325,-1.38048,-0.27079,0.60976,-0.00119,0.00046,-0.79258,-0.07522,-0.93798,0.00804
73624000000,18.38798,-1.44002,-0.27081,0.61589,-0.00117,0.00036,-0.78783,-0.07003,-0.90075,0.00713
73723000000,18.38069,-1.52450,-0.27056,0.62334,-0.00109,0.00031,-0.78195,-0.05812,-0.80729,0.00604
73822000000,18.37434,-1.59959,-0.27059,0.62960,-0.00096,0.00022,-0.77692,-0.05117,-0.74130,0.00455
73888000000,18.36995,-1.64931,-0.27080,0.63396,-0.00094,0.00009,-0.77337,-0.05358,-0.78196,0.00471
73954000000,18.36553,-1.70237,-0.27098,0.63823,-0.00091,0.00014,-0.76985,-0.05734,-0.83336,0.00552
74086000000,18.35724,-1.81868,-0.27107,0.64664,-0.00100,0.00015,-0.76279,-0.06101,-0.93377,0.00487
74152000000,18.35305,-1.88216,-0.27129,0.65081,-0.00104,0.00010,-0.75924,-0.06114,-0.99917,0.00440
74251000000,18.34700,-1.98311,-0.27132,0.65691,-0.00102,0.00020,-0.75397,-0.05767,-1.05860,0.00338
74383000000,18.33938,-2.12854,-0.27111,0.66456,-0.00114,0.00008,-0.74723,-0.05286,-1.16502,0.00246
74515000000,18.33307,-2.28759,-0.27095,0.67185,-0.00117,0.00002,-0.74069,-0.04561,-1.26740,0.00353
74647000000,18.32791,-2.45944,-0.27069,0.67868,-0.00124,0.00006,-0.73443,-0.03492,-1.35937,0.00205
74779000000,18.32468,-2.64428,-0.27030,0.68497,-0.00122,-0.00000,-0.72857,-0.02080,-1.46175,0.00319
74878000000,18.32343,-2.79000,-0.27022,0.68946,-0.00125,-0.00002,-0.72433,-0.01028,-1.49186,0.00111
75043000000,18.32320,-3.03535,-0.26967,0.69582,-0.00114,-0.00012,-0.71821,0.00484,-1.49572,0.00273
75175000000,18.32444,-3.22840,-0.26905,0.69993,-0.00117,-0.00016,-0.71421,0.00386,-1.43989,0.00171
75274000000,18.32530,-3.36859,-0.26805,0.70187,-0.00116,-0.00016,-0.71231,0.00214,-1.42030,0.00398
75373000000,18.32576,-3.50713,-0.26721,0.70334,-0.00118,-0.00015,-0.71085,0.00579,-1.41716,0.00285
75472000000,18.32699,-3.65091,-0.26672,0.70475,-0.00119,-0.00028,-0.70945,0.00812,-1.49373,0.00344
75604000000,18.32881,-3.84953,-0.26604,0.70643,-0.00119,-0.00038,-0.70779,0.01288,-1.50954,0.00293
75736000000,18.33091,-4.04871,-0.26598,0.70795,-0.00127,-0.00051,-0.70626,0.01582,-1.50754,0.00115
75802000000,18.33255,-4.14717,-0.26596,0.70864,-0.00127,-0.00048,-0.70557,0.01606,-1.48763,0.00090
75901000000,18.33525,-4.29229,-0.26587,0.70920,-0.00133,-0.00049,-0.70500,0.00584,-1.44906,0.00263
76066000000,18.33306,-4.52448,-0.26534,0.70781,-0.00124,-0.00057,-0.70640,-0.02475,-1.37756,0.00092
76198000000,18.33118,-4.70567,-0.26456,0.70656,-0.00121,-0.00055,-0.70765,-0.01874,-1.40535,0.00307
76297000000,18.33067,-4.84871,-0.26384,0.70573,-0.00123,-0.00051,-0.70848,-0.02158,-1.48708,0.00168
76396000000,18.32854,-4.99818,-0.26354,0.70494,-0.00129,-0.00053,-0.70927,-0.02430,-1.51474,0.00090
76462000000,18.32713,-5.09817,-0.26296,0.70443,-0.00126,-0.00050,-0.70978,-0.02577,-1.51474,0.00071
76528000000,18.32574,-5.19822,-0.26264,0.70400,-0.00123,-0.00040,-0.71020,-0.02629,-1.51495,0.00154
76627000000,18.32275,-5.34851,-0.26221,0.70342,-0.00127,-0.00030,-0.71078,-0.02799,-1.51537,0.00204
76693000000,18.32115,-5.44804,-0.26161,0.70302,-0.00124,-0.00029,-0.71117,-0.02600,-1.51258,0.00387
76759000000,18.31989,-5.54761,-0.26086,0.70260,-0.00120,-0.00022,-0.71159,-0.02500,-1.51285,0.00465
76858000000,18.31762,-5.69656,-0.26010,0.70211,-0.00118,-0.00028,-0.71207,-0.02412,-1.51360,0.00426
76957000000,18.31545,-5.84638,-0.25936,0.70167,-0.00112,-0.00026,-0.71250,-0.02453,-1.51388,0.00563
77089000000,18.31216,-6.04633,-0.25854,0.70115,-0.00116,-0.00024,-0.71301,-0.02665,-1.51528,0.00656
77221000000,18.30864,-6.24636,-0.25742,0.70067,-0.00120,-0.00027,-0.71348,-0.02702,-1.51636,0.00781
77320000000,18.30598,-6.39582,-0.25655,0.70032,-0.00125,-0.00033,-0.71383,-0.02650,-1.51678,0.00890
77419000000,18.30306,-6.54515,-0.25602,0.70006,-0.00130,-0.00039,-0.71409,-0.02657,-1.51711,0.00626
77485000000,18.30087,-6.64432,-0.25588,0.69993,-0.00126,-0.00040,-0.71421,-0.02673,-1.51623,0.00438
77617000000,18.29667,-6.84418,-0.25567,0.69965,-0.00125,-0.00045,-0.71448,-0.02748,-1.51698,0.00347
77749000000,18.29261,-7.04419,-0.25587,0.69943,-0.00121,-0.00060,-0.71470,-0.02821,-1.51629,0.00085
77848000000,18.28937,-7.19400,-0.25602,0.69928,-0.00115,-0.00069,-0.71485,-0.02807,-1.51611,0.00009
77947000000,18.28573,-7.34378,-0.25611,0.69915,-0.00115,-0.00062,-0.71498,-0.03135,-1.51710,0.00179
78046000000,18.28197,-7.49368,-0.25614,0.69904,-0.00118,-0.00064,-0.71508,-0.03185,-1.51594,0.00093
78112000000,18.27947,-7.59313,-0.25601,0.69888,-0.00113,-0.00066,-0.71523,-0.03174,-1.51589,0.00135
78211000000,18.27549,-7.74217,-0.25551,0.69873,-0.00111,-0.00068,-0.71538,-0.03330,-1.51461,0.00156
78244000000,18.27407,-7.79192,-0.25529,0.69869,-0.00112,-0.00069,-0.71542,-0.03276,-1.51463,0.00099
78376000000,18.26925,-7.99092,-0.25465,0.69853,-0.00109,-0.00070,-0.71558,-0.03190,-1.51331,0.00170
78475000000,18.26582,-8.14062,-0.25431,0.69847,-0.00102,-0.00087,-0.71564,-0.03109,-1.51416,0.00276
78508000000,18.26450,-8.19021,-0.25403,0.69842,-0.00106,-0.00090,-0.71568,-0.03081,-1.51472,0.00290
78640000000,18.26011,-8.38998,-0.25349,0.69827,-0.00089,-0.00096,-0.71583,-0.02872,-1.51435,0.00122
78772000000,18.25655,-8.59016,-0.25332,0.69816,-0.00091,-0.00102,-0.71594,-0.02467,-1.51682,0.00029
78838000000,18.25485,-8.69034,-0.25315,0.69814,-0.00088,-0.00105,-0.71596,-0.02410,-1.51955,0.00087
78937000000,18.25085,-8.84048,-0.25261,0.69806,-0.00080,-0.00110,-0.71603,-0.02811,-1.52032,0.00046
79003000000,18.24904,-8.94064,-0.25259,0.69801,-0.00075,-0.00109,-0.71609,-0.02667,-1.52044,-0.00059
79168000000,18.24423,-9.19374,-0.25257,0.69818,-0.00077,-0.00124,-0.71592,-0.01695,-1.56724,-0.00010
79267000000,18.24285,-9.34202,-0.25217,0.69887,-0.00077,-0.00125,-0.71525,-0.01029,-1.44120,0.00003
79399000000,18.24028,-9.53148,-0.25212,0.69971,-0.00079,-0.00135,-0.71442,-0.00677,-1.49301,0.00061
79564000000,18.24025,-9.78584,-0.25174,0.70164,-0.00073,-0.00141,-0.71253,0.02136,-1.59693,-0.00255
79663000000,18.24241,-9.93631,-0.25171,0.70388,-0.00075,-0.00140,-0.71031,0.03936,-1.45103,-0.00229
79729000000,18.24347,-10.02960,-0.25129,0.70544,-0.00077,-0.00136,-0.70876,0.03964,-1.41969,-0.00118
79795000000,18.24468,-10.12466,-0.25092,0.70687,-0.00070,-0.00148,-0.70735,0.04338,-1.47401,-0.00089
79960000000,18.25130,-10.36992,-0.24992,0.71015,-0.00065,-0.00164,-0.70405,0.05130,-1.50900,0.00236
80026000000,18.25485,-10.46970,-0.24897,0.71132,-0.00069,-0.00166,-0.70287,0.05629,-1.50977,0.00380
80092000000,18.25772,-10.56833,-0.24815,0.71236,-0.00066,-0.00172,-0.70182,0.05819,-1.50974,0.00363
80224000000,18.26478,-10.76694,-0.24680,0.71428,-0.00066,-0.00175,-0.69986,0.06476,-1.50970,0.00575
80257000000,18.26585,-10.81544,-0.24612,0.71472,-0.00066,-0.00178,-0.69940,0.06526,-1.50953,0.00539
80356000000,18.27139,-10.96443,-0.24474,0.71594,-0.00066,-0.00181,-0.69816,0.06766,-1.50872,0.01053
80521000000,18.28306,-11.21224,-0.24326,0.71770,-0.00061,-0.00183,-0.69634,0.07508,-1.50677,0.00982
80587000000,18.28748,-11.31241,-0.24257,0.71831,-0.00046,-0.00190,-0.69572,0.07670,-1.50720,0.00906
80686000000,18.29392,-11.46104,-0.24194,0.71916,-0.00049,-0.00194,-0.69484,0.07987,-1.50571,0.01038
80752000000,18.29798,-11.55977,-0.24149,0.71972,-0.00051,-0.00201,-0.69426,0.08062,-1.50329,0.00926
80818000000,18.30187,-11.65782,-0.24124,0.72026,-0.00046,-0.00207,-0.69370,0.08163,-1.50151,0.00839
80950000000,18.31268,-11.85638,-0.23986,0.72120,-0.00043,-0.00212,-0.69272,0.08406,-1.50221,0.00983
81016000000,18.31662,-11.95455,-0.23967,0.72163,-0.00037,-0.00221,-0.69227,0.08266,-1.50043,0.00905
81082000000,18.32068,-12.05338,-0.23951,0.72204,-0.00040,-0.00226,-0.69185,0.08179,-1.49917,0.00746
81181000000,18.32714,-12.19935,-0.23856,0.72247,-0.00033,-0.00238,-0.69140,0.07656,-1.46090,0.00889
81247000000,18.33184,-12.29560,-0.23774,0.72231,-0.00028,-0.00242,-0.69157,0.06575,-1.43553,0.01059
81346000000,18.33588,-12.43570,-0.23670,0.72100,-0.00028,-0.00243,-0.69293,0.03752,-1.39556,0.01117
81412000000,18.33724,-12.52718,-0.23608,0.71922,-0.00029,-0.00249,-0.69478,0.01198,-1.37453,0.01139
81478000000,18.33567,-12.61654,-0.23581,0.71662,-0.00024,-0.00248,-0.69746,-0.02055,-1.34206,0.01166
81610000000,18.32892,-12.79048,-0.23401,0.70859,-0.00028,-0.00248,-0.70562,-0.09413,-1.29072,0.01344
81742000000,18.30855,-12.95639,-0.23290,0.69622,-0.00026,-0.00257,-0.71782,-0.19770,-1.23242,0.01480
81841000000,18.28280,-13.07685,-0.23231,0.68306,-0.00018,-0.00257,-0.73036,-0.29082,-1.18900,0.01256
81907000000,18.25937,-13.15307,-0.23227,0.67220,-0.00004,-0.00262,-0.74036,-0.36124,-1.16082,0.01161
82006000000,18.21767,-13.26709,-0.23163,0.65226,0.00008,-0.00263,-0.75799,-0.48007,-1.12466,0.01265
82072000000,18.18311,-13.34242,-0.23130,0.63632,0.00017,-0.00262,-0.77142,-0.56867,-1.10698,0.01256
82171000000,18.11888,-13.45108,-0.23068,0.60791,0.00033,-0.00263,-0.79400,-0.72321,-1.08316,0.01407
82336000000,17.97267,-13.62640,-0.22933,0.54285,0.00063,-0.00263,-0.83982,-1.06803,-1.01988,0.00948
82468000000,17.81345,-13.74420,-0.22932,-0.46993,-0.00072,0.00265,0.88270,-1.31527,-0.81601,0.00678
82534000000,17.72243,-13.79127,-0.22941,-0.43174,-0.00089,0.00264,0.90199,-1.42826,-0.70942,0.00567
82600000000,17.62575,-13.83260,-0.22898,-0.39365,-0.00104,0.00264,0.91926,-1.49555,-0.58775,0.00677
82732000000,17.42617,-13.90345,-0.22826,-0.32450,-0.00130,0.00253,0.94588,-1.53163,-0.44252,0.00792
82798000000,17.32384,-13.92893,-0.22768,-0.29359,-0.00143,0.00251,0.95593,-1.56434,-0.36578,0.00988
82864000000,17.21933,-13.94925,-0.22744,-0.26473,-0.00162,0.00251,0.96432,-1.59259,-0.30015,0.01181
82963000000,17.06055,-13.97287,-0.22647,-0.22565,-0.00179,0.00249,0.97420,-1.59752,-0.21762,0.01421
83062000000,16.90533,-13.98960,-0.22568,-0.19301,-0.00179,0.00247,0.98119,-1.54608,-0.15861,0.01505
83128000000,16.80397,-14.00072,-0.22546,-0.17529,-0.00185,0.00239,0.98451,-1.51239,-0.14888,0.01642
83227000000,16.65690,-14.01595,-0.22484,-0.15536,-0.00185,0.00256,0.98785,-1.45909,-0.16079,0.01658
83326000000,16.50963,-14.03354,-0.22421,-0.14294,-0.00190,0.00251,0.98973,-1.52706,-0.21505,0.01475
83458000000,16.30291,-14.06940,-0.22409,-0.13755,-0.00189,0.00254,0.99049,-1.61952,-0.34513,0.01623
83557000000,16.13989,-14.11242,-0.22470,-0.14494,-0.00188,0.00261,0.98944,-1.68927,-0.50383,0.01585
83689000000,15.91990,-14.19530,-0.22397,-0.17451,-0.00173,0.00265,0.98465,-1.63941,-0.76707,0.01843
83788000000,15.76926,-14.27771,-0.22278,-0.21037,-0.00156,0.00267,0.97762,-1.44683,-0.90955,0.02111
83887000000,15.64195,-14.37816,-0.22271,-0.25185,-0.00144,0.00252,0.96776,-1.21353,-1.03476,0.02216
83986000000,15.53526,-14.49159,-0.22204,-0.29526,-0.00117,0.00248,0.95541,-1.09082,-1.20382,0.02017
84052000000,15.46952,-14.57430,-0.22160,-0.32402,-0.00096,0.00247,0.94605,-1.01578,-1.30014,0.02164
84184000000,15.35214,-14.75418,-0.21989,-0.37644,-0.00067,0.00242,0.92644,-0.85559,-1.39976,0.02346
84316000000,15.24975,-14.94025,-0.21778,-0.41736,-0.00039,0.00235,0.90874,-0.83202,-1.36582,0.02258
84448000000,15.14461,-15.12200,-0.21650,-0.44054,-0.00032,0.00230,0.89773,-0.80367,-1.37872,0.02139
84514000000,15.09596,-15.21426,-0.21696,-0.44857,-0.00031,0.00214,0.89374,-0.79571,-1.38659,0.02014
84613000000,15.01993,-15.35162,-0.21610,-0.45548,-0.00030,0.00215,0.89024,-0.81422,-1.38394,0.02186
84778000000,14.87998,-15.57565,-0.21410,-0.45190,-0.00016,0.00210,0.89206,-0.90802,-1.32336,0.02258
84877000000,14.78443,-15.70342,-0.21349,-0.43947,-0.00026,0.00213,0.89825,-0.99946,-1.24807,0.02208
84976000000,14.67925,-15.82170,-0.21343,-0.41828,-0.00036,0.00219,0.90832,-1.10739,-1.13618,0.01944
85042000000,14.60383,-15.89283,-0.21406,-0.39909,-0.00043,0.00220,0.91691,-1.17813,-1.03875,0.01637
85108000000,14.52368,-15.95610,-0.21442,-0.37572,-0.00046,0.00230,0.92673,-1.24700,-0.92140,0.01473
85174000000,14.44053,-16.00865,-0.21450,-0.34874,-0.00049,0.00244,0.93721,-1.26017,-0.76328,0.01248
85240000000,14.35685,-16.05096,-0.21448,-0.32077,-0.00054,0.00258,0.94715,-1.27296,-0.62761,0.01148
85339000000,14.22837,-16.10125,-0.21380,-0.27967,-0.00046,0.00281,0.96009,-1.37293,-0.49192,0.01227
85438000000,14.08716,-16.13910,-0.21386,-0.23894,-0.00054,0.00291,0.97103,-1.51263,-0.37678,0.00938
85570000000,13.88644,-16.17178,-0.21332,-0.18712,-0.00065,0.00295,0.98233,-1.53996,-0.20663,0.00906
85603000000,13.83892,-16.17181,-0.21349,-0.17518,-0.00061,0.00308,0.98453,-1.52940,-0.17875,0.00914
85636000000,13.79205,-16.17344,-0.21419,-0.16462,-0.00055,0.00322,0.98635,-1.48392,-0.18193,0.00814
85735000000,13.65368,-16.18907,-0.21352,-0.14130,-0.00057,0.00329,0.98996,-1.43596,-0.18899,0.00839
85834000000,13.50956,-16.20356,-0.21311,-0.12112,-0.00054,0.00330,0.99263,-1.50455,-0.15507,0.01025
85933000000,13.35981,-16.21442,-0.21253,-0.10265,-0.00062,0.00345,0.99471,-1.56602,-0.12490,0.01084
85999000000,13.25771,-16.21859,-0.21219,-0.09145,-0.00060,0.00355,0.99580,-1.60587,-0.10278,0.01172
86098000000,13.10013,-16.22457,-0.21158,-0.07594,-0.00058,0.00361,0.99711,-1.61353,-0.06856,0.01102
86131000000,13.04941,-16.22326,-0.21176,-0.07103,-0.00050,0.00372,0.99747,-1.60980,-0.05332,0.00949
86230000000,12.89495,-16.22519,-0.21137,-0.05724,-0.00042,0.00374,0.99835,-1.54173,-0.02087,0.01107
86329000000,12.74727,-16.22643,-0.21054,-0.04516,-0.00054,0.00376,0.99897,-1.45120,0.00159,0.01080
86428000000,12.60796,-16.22358,-0.21073,-0.03504,-0.00042,0.00373,0.99938,-1.40602,0.01683,0.01151
86527000000,12.47497,-16.21987,-0.21112,-0.02751,-0.00039,0.00379,0.99961,-1.35402,0.01697,0.01171
86659000000,12.31117,-16.21686,-0.21106,-0.02069,-0.00033,0.00376,0.99978,-1.17661,0.01663,0.01313
86791000000,12.16725,-16.21356,-0.21100,-0.01556,-0.00026,0.00367,0.99987,-1.07520,0.03205,0.01287
86857000000,12.10315,-16.21177,-0.21153,-0.01349,-0.00008,0.00361,0.99990,-1.02552,0.03377,0.01280
86956000000,12.00974,-16.20977,-0.21174,-0.01130,0.00001,0.00349,0.99993,-0.99072,0.02584,0.01387
87055000000,11.90848,-16.20897,-0.21081,-0.01050,0.00001,0.00345,0.99994,-1.05464,0.00803,0.01426
87121000000,11.84574,-16.21289,-0.21165,-0.01107,0.00022,0.00327,0.99993,-1.08902,-0.01696,0.01292
87187000000,11.77880,-16.21723,-0.21224,-0.01280,0.00040,0.00317,0.99991,-1.12737,-0.04347,0.01372
87352000000,11.60496,-16.22264,-0.20893,-0.01852,0.00044,0.00328,0.99982,-0.97343,-0.01391,0.01813
87451000000,11.50975,-16.22538,-0.20823,-0.01920,0.00041,0.00324,0.99981,-1.03077,-0.01824,0.01690
87517000000,11.44576,-16.22981,-0.20879,-0.01966,0.00047,0.00309,0.99980,-1.08648,-0.02408,0.01525
87583000000,11.37221,-16.23135,-0.20780,-0.02011,0.00052,0.00307,0.99979,-1.13475,-0.02379,0.01479
87649000000,11.30322,-16.23792,-0.20855,-0.02053,0.00062,0.00276,0.99979,-1.15872,-0.03121,0.01528
87715000000,11.22333,-16.24016,-0.20754,-0.02100,0.00068,0.00275,0.99978,-1.22875,-0.03576,0.01640
87814000000,11.10498,-16.24835,-0.20868,-0.02161,0.00081,0.00251,0.99976,-1.28991,-0.04391,0.01446
87847000000,11.06031,-16.24953,-0.20859,-0.02181,0.00083,0.00250,0.99976,-1.32432,-0.04597,0.01451
87913000000,10.97630,-16.25435,-0.20937,-0.02218,0.00091,0.00244,0.99975,-1.36669,-0.04851,0.01297
88012000000,10.83648,-16.25920,-0.20782,-0.02286,0.00095,0.00242,0.99974,-1.44649,-0.05176,0.01510
88045000000,10.79333,-16.26423,-0.20961,-0.02299,0.00097,0.00230,0.99973,-1.47352,-0.05827,0.01211
88111000000,10.69830,-16.27045,-0.21032,-0.02329,0.00097,0.00234,0.99973,-1.51618,-0.06235,0.01134
88243000000,10.49349,-16.27802,-0.20741,-0.02406,0.00093,0.00238,0.99971,-1.53915,-0.06256,0.01437
88342000000,10.34266,-16.28313,-0.20660,-0.02443,0.00101,0.00243,0.99970,-1.53827,-0.06041,0.01461
88408000000,10.24276,-16.28860,-0.20669,-0.02465,0.00111,0.00231,0.99969,-1.53606,-0.06161,0.01395
88474000000,10.14321,-16.29448,-0.20708,-0.02495,0.00116,0.00223,0.99969,-1.53399,-0.06363,0.01229
88540000000,10.04196,-16.29932,-0.20632,-0.02514,0.00118,0.00220,0.99968,-1.53488,-0.06394,0.01335
88672000000,9.84258,-16.30920,-0.20608,-0.02561,0.00120,0.00220,0.99967,-1.53443,-0.06590,0.01333
88738000000,9.73941,-16.31246,-0.20493,-0.02584,0.00111,0.00222,0.99966,-1.53684,-0.06431,0.01700
88870000000,9.53898,-16.32204,-0.20445,-0.02624,0.00114,0.00213,0.99965,-1.53515,-0.06301,0.01752
88936000000,9.43968,-16.32730,-0.20448,-0.02648,0.00119,0.00211,0.99965,-1.53346,-0.06383,0.01824
89068000000,9.24107,-16.33642,-0.20305,-0.02676,0.00132,0.00211,0.99964,-1.47527,-0.06236,0.02030
89134000000,9.14655,-16.34010,-0.20226,-0.02686,0.00135,0.00207,0.99964,-1.41625,-0.05827,0.01902
89233000000,9.01325,-16.34747,-0.20210,-0.02703,0.00143,0.00205,0.99963,-1.32771,-0.05526,0.01948
89332000000,8.88559,-16.35308,-0.20064,-0.02721,0.00155,0.00199,0.99963,-1.25619,-0.05142,0.02027
89464000000,8.72645,-16.36143,-0.20148,-0.02741,0.00169,0.00182,0.99962,-1.27326,-0.05100,0.01861
89497000000,8.68744,-16.36508,-0.20364,-0.02742,0.00178,0.00173,0.99962,-1.28435,-0.05245,0.01512
89563000000,8.60443,-16.36919,-0.20461,-0.02757,0.00190,0.00166,0.99962,-1.33877,-0.05540,0.01300
89629000000,8.51447,-16.37348,-0.20372,-0.02767,0.00190,0.00160,0.99961,-1.38353,-0.05901,0.01605
89695000000,8.42610,-16.37912,-0.20408,-0.02772,0.00198,0.00159,0.99961,-1.43786,-0.06313,0.01576
89761000000,8.32972,-16.38382,-0.20330,-0.02776,0.00203,0.00159,0.99961,-1.46903,-0.06563,0.01633
89926000000,8.09221,-16.39500,-0.20176,-0.02792,0.00209,0.00155,0.99961,-1.38653,-0.06220,0.01696
89992000000,7.99812,-16.39789,-0.20035,-0.02801,0.00202,0.00153,0.99960,-1.33098,-0.05759,0.01780
90091000000,7.87363,-16.40517,-0.20116,-0.02799,0.00211,0.00146,0.99960,-1.24060,-0.05451,0.01430
90124000000,7.83304,-16.40703,-0.20084,-0.02804,0.00204,0.00145,0.99960,-1.23210,-0.05398,0.01575
90223000000,7.70779,-16.41507,-0.20130,-0.02812,0.00208,0.00142,0.99960,-1.30519,-0.06220,0.01496
90289000000,7.61895,-16.42014,-0.20064,-0.02810,0.00203,0.00136,0.99960,-1.36283,-0.06778,0.01531
90388000000,7.48272,-16.42837,-0.20094,-0.02815,0.00214,0.00134,0.99960,-1.41384,-0.07205,0.01396
90421000000,7.43563,-16.43181,-0.20161,-0.02814,0.00218,0.00127,0.99960,-1.42990,-0.07394,0.01518
90520000000,7.29058,-16.44038,-0.20086,-0.02817,0.00217,0.00123,0.99960,-1.47785,-0.07849,0.01544
90619000000,7.14378,-16.44814,-0.19935,-0.02830,0.00209,0.00125,0.99960,-1.47748,-0.07955,0.01553
90685000000,7.04470,-16.45427,-0.19926,-0.02838,0.00202,0.00120,0.99959,-1.47478,-0.08001,0.01450
90751000000,6.94474,-16.46065,-0.19891,-0.02839,0.00200,0.00112,0.99959,-1.47559,-0.08325,0.01364
90817000000,6.84558,-16.46679,-0.19874,-0.02844,0.00199,0.00104,0.99959,-1.47608,-0.08411,0.01503
90916000000,6.69869,-16.47534,-0.19794,-0.02847,0.00204,0.00097,0.99959,-1.47848,-0.08364,0.01498
90982000000,6.60110,-16.48125,-0.19770,-0.02846,0.00205,0.00095,0.99959,-1.47684,-0.08438,0.01337
91081000000,6.45442,-16.48954,-0.19698,-0.02852,0.00210,0.00089,0.99959,-1.47583,-0.08387,0.01586
91213000000,6.26075,-16.50075,-0.19585,-0.02857,0.00217,0.00088,0.99959,-1.47075,-0.08688,0.01492
91312000000,6.11508,-16.50914,-0.19513,-0.02850,0.00214,0.00088,0.99959,-1.46744,-0.08506,0.01437
91378000000,6.01843,-16.51455,-0.19489,-0.02857,0.00224,0.00091,0.99959,-1.46663,-0.08527,0.01329
91477000000,5.87270,-16.52306,-0.19462,-0.02856,0.00217,0.00098,0.99959,-1.46572,-0.08588,0.01244
91510000000,5.82284,-16.52584,-0.19514,-0.02859,0.00214,0.00091,0.99959,-1.46771,-0.08631,0.01092
91609000000,5.67691,-16.53421,-0.19461,-0.02854,0.00213,0.00090,0.99959,-1.46846,-0.08803,0.01183
91708000000,5.53179,-16.54280,-0.19328,-0.02859,0.00213,0.00094,0.99959,-1.46720,-0.08978,0.01379
91807000000,5.38586,-16.55123,-0.19272,-0.02858,0.00219,0.00095,0.99959,-1.46646,-0.08932,0.01506
91906000000,5.24001,-16.55957,-0.19216,-0.02856,0.00217,0.00100,0.99959,-1.46517,-0.08997,0.01456
92005000000,5.09431,-16.56857,-0.19170,-0.02852,0.00224,0.00101,0.99959,-1.46416,-0.09220,0.01515
92104000000,4.94920,-16.57773,-0.19097,-0.02848,0.00231,0.00105,0.99959,-1.44260,-0.09164,0.01671
92203000000,4.80820,-16.58611,-0.18997,-0.02741,0.00231,0.00109,0.99962,-1.40020,-0.07452,0.01438
92302000000,4.67127,-16.59215,-0.18923,-0.02453,0.00233,0.00112,0.99970,-1.36427,-0.04398,0.01503
92368000000,4.58072,-16.59440,-0.18871,-0.02167,0.00237,0.00117,0.99976,-1.36598,-0.02537,0.01640
92500000000,4.40667,-16.59614,-0.18700,-0.01605,0.00249,0.00124,0.99987,-1.28756,-0.01887,0.01642
92632000000,4.24302,-16.59726,-0.18536,-0.01156,0.00238,0.00124,0.99993,-1.19409,-0.01219,0.01556
92764000000,4.07944,-16.59788,-0.18408,-0.00770,0.00235,0.00122,0.99997,-1.27518,-0.00796,0.01813
92830000000,3.99359,-16.59573,-0.18405,-0.00590,0.00240,0.00130,0.99998,-1.31786,-0.00227,0.01794
92896000000,3.90417,-16.59384,-0.18404,-0.00407,0.00243,0.00137,0.99999,-1.36107,0.00277,0.01713
92995000000,3.76341,-16.59141,-0.18330,-0.00146,0.00245,0.00142,0.99999,-1.42528,0.00802,0.01735
93127000000,3.57306,-16.58926,-0.18170,0.00174,0.00249,0.00149,0.99999,-1.43282,0.01246,0.01843
93160000000,3.52409,-16.58763,-0.18214,0.00247,0.00250,0.00157,0.99999,-1.43287,0.01474,0.01671
93259000000,3.38208,-16.58464,-0.18181,0.00480,0.00248,0.00156,0.99998,-1.39134,0.02231,0.01533
93358000000,3.24365,-16.58049,-0.18143,0.00778,0.00253,0.00157,0.99997,-1.35009,0.04092,0.01562
93457000000,3.10881,-16.57360,-0.18101,0.01223,0.00251,0.00166,0.99992,-1.31417,0.07566,0.01554
93556000000,2.97786,-16.56260,-0.18079,0.01903,0.00250,0.00179,0.99981,-1.27434,0.11726,0.01338
93655000000,2.85143,-16.54819,-0.18054,0.02749,0.00258,0.00177,0.99962,-1.25327,0.14990,0.01347
93721000000,2.76520,-16.53661,-0.18087,0.03314,0.00250,0.00175,0.99945,-1.24471,0.14908,0.01119
93820000000,2.63660,-16.51882,-0.18070,0.04071,0.00241,0.00190,0.99917,-1.28613,0.16696,0.01129
93919000000,2.50216,-16.49895,-0.18002,0.04766,0.00225,0.00201,0.99886,-1.38220,0.19522,0.01358
94018000000,2.35956,-16.47596,-0.17932,0.05569,0.00212,0.00207,0.99844,-1.41121,0.23451,0.01487
94117000000,2.21861,-16.44964,-0.17809,0.06453,0.00206,0.00224,0.99791,-1.38141,0.26775,0.01624
94183000000,2.12583,-16.42956,-0.17724,0.07131,0.00189,0.00224,0.99745,-1.36404,0.29955,0.01719
94249000000,2.03368,-16.40731,-0.17674,0.07916,0.00185,0.00225,0.99686,-1.34838,0.34018,0.01879
94315000000,1.94247,-16.38229,-0.17617,0.08851,0.00174,0.00232,0.99607,-1.33337,0.39057,0.01791
94414000000,1.80897,-16.33857,-0.17518,0.10617,0.00163,0.00243,0.99434,-1.31452,0.47383,0.01832
94513000000,1.68313,-16.28956,-0.17433,0.12499,0.00161,0.00252,0.99215,-1.18743,0.49314,0.01744
94612000000,1.56636,-16.24052,-0.17339,0.14052,0.00146,0.00266,0.99007,-1.11713,0.48444,0.01826
94744000000,1.41858,-16.17500,-0.17226,0.15885,0.00132,0.00257,0.98730,-1.10535,0.53643,0.02019
94843000000,1.30635,-16.11979,-0.17138,0.17202,0.00128,0.00255,0.98509,-1.14614,0.56562,0.02312
94909000000,1.22910,-16.08282,-0.17147,0.17920,0.00121,0.00249,0.98381,-1.12653,0.56498,0.02178
95041000000,1.08322,-16.00812,-0.16968,0.19399,0.00129,0.00242,0.98100,-1.04928,0.55397,0.02682
95107000000,1.01344,-15.97098,-0.16976,0.20033,0.00126,0.00253,0.97973,-1.05096,0.56445,0.02700
95206000000,0.90537,-15.91061,-0.16892,0.21117,0.00121,0.00246,0.97745,-1.10236,0.63791,0.02818
95272000000,0.83137,-15.86683,-0.16851,0.21994,0.00126,0.00246,0.97551,-1.12373,0.68581,0.02873
95371000000,0.71852,-15.79475,-0.16688,0.23587,0.00123,0.00244,0.97178,-1.15045,0.78246,0.03150
95437000000,0.64169,-15.74014,-0.16598,0.24912,0.00123,0.00248,0.96847,-1.16724,0.86659,0.03055
95503000000,0.56422,-15.68048,-0.16516,0.26556,0.00119,0.00245,0.96409,-1.14122,0.94412,0.03051
95569000000,0.49249,-15.61860,-0.16479,0.28257,0.00116,0.00249,0.95924,-1.04148,0.94127,0.03030
95602000000,0.45992,-15.58805,-0.16542,0.29038,0.00124,0.00247,0.95691,-1.00434,0.94340,0.02744
95767000000,0.30567,-15.43511,-0.16131,0.32120,0.00111,0.00227,0.94701,-0.93288,0.94932,0.03150
95866000000,0.21226,-15.33713,-0.15887,0.33599,0.00112,0.00226,0.94186,-0.96125,1.03197,0.03424
95932000000,0.14805,-15.26883,-0.15764,0.34466,0.00103,0.00220,0.93872,-0.94513,1.02434,0.03366
95998000000,0.08809,-15.20383,-0.15762,0.35163,0.00103,0.00210,0.93614,-0.90291,0.98825,0.03341
96130000000,-0.02656,-15.07831,-0.15389,0.36354,0.00108,0.00202,0.93158,-0.86604,0.96330,0.03658
96262000000,-0.14431,-14.94609,-0.14954,0.37472,0.00107,0.00202,0.92714,-0.91489,1.05551,0.03949
96295000000,-0.17381,-14.91181,-0.14929,0.37812,0.00106,0.00199,0.92575,-0.91539,1.07239,0.03830
96394000000,-0.26053,-14.80770,-0.14662,0.39019,0.00109,0.00205,0.92073,-0.82485,1.04084,0.03862
96460000000,-0.31283,-14.74083,-0.14534,0.39966,0.00117,0.00202,0.91666,-0.77223,1.02676,0.03882
96625000000,-0.42598,-14.57644,-0.14010,0.42771,0.00123,0.00199,0.90391,-0.59589,0.96902,0.04116
96691000000,-0.46174,-14.51423,-0.13766,0.44062,0.00127,0.00202,0.89769,-0.51305,0.93217,0.04126
96790000000,-0.50392,-14.42532,-0.13510,0.46164,0.00139,0.00203,0.88706,-0.39389,0.88146,0.04127
96889000000,-0.53664,-14.34143,-0.13268,0.48309,0.00142,0.00217,0.87557,-0.30284,0.83854,0.04194
96988000000,-0.56235,-14.25923,-0.13180,0.50146,0.00143,0.00209,0.86518,-0.27907,0.90811,0.03833
97087000000,-0.59110,-14.16637,-0.13028,0.51679,0.00138,0.00212,0.85611,-0.30914,0.98477,0.03844
97153000000,-0.61192,-14.09745,-0.13029,0.52522,0.00132,0.00217,0.85096,-0.32866,1.05283,0.03745
97219000000,-0.63255,-14.02499,-0.13090,0.53273,0.00135,0.00226,0.84628,-0.33451,1.10858,0.03582
97318000000,-0.66523,-13.91186,-0.13034,0.54373,0.00139,0.00232,0.83926,-0.32266,1.10959,0.03549
97384000000,-0.68578,-13.83774,-0.13063,0.55017,0.00135,0.00226,0.83505,-0.30297,1.07516,0.03239
97450000000,-0.70486,-13.76749,-0.13215,0.55594,0.00140,0.00227,0.83122,-0.28477,1.02846,0.02831
97549000000,-0.73279,-13.66486,-0.12965,0.56371,0.00143,0.00219,0.82597,-0.28497,1.06316,0.02984
97615000000,-0.75163,-13.59012,-0.13200,0.56882,0.00147,0.00228,0.82245,-0.29603,1.13447,0.02354
97747000000,-0.79077,-13.43484,-0.13299,0.57911,0.00144,0.00232,0.81524,-0.29659,1.21975,0.02173
97780000000,-0.80050,-13.39350,-0.13234,0.58212,0.00146,0.00233,0.81310,-0.29242,1.24657,0.02241
97846000000,-0.81772,-13.31071,-0.13388,0.58875,0.00157,0.00244,0.80831,-0.25892,1.28705,0.01963
97945000000,-0.84104,-13.18482,-0.13226,0.60079,0.00156,0.00235,0.79940,-0.20316,1.23542,0.02071
98044000000,-0.85767,-13.06610,-0.13352,0.61143,0.00169,0.00236,0.79130,-0.18127,1.20233,0.01902
98143000000,-0.87279,-12.95080,-0.13452,0.61895,0.00183,0.00235,0.78543,-0.16817,1.19415,0.01716
98242000000,-0.88800,-12.82867,-0.13511,0.62586,0.00182,0.00243,0.77993,-0.16720,1.28126,0.01557
98308000000,-0.89795,-12.74315,-0.13576,0.63032,0.00191,0.00244,0.77633,-0.16345,1.32667,0.01581
98341000000,-0.90262,-12.69960,-0.13679,0.63251,0.00199,0.00244,0.77455,-0.16113,1.35495,0.01401
98407000000,-0.91348,-12.60803,-0.13595,0.63683,0.00194,0.00233,0.77100,-0.15818,1.39553,0.01628
98539000000,-0.93357,-12.41922,-0.13566,0.64507,0.00211,0.00228,0.76411,-0.15055,1.49905,0.01659
98638000000,-0.94800,-12.26670,-0.13432,0.65094,0.00209,0.00222,0.75912,-0.14278,1.57159,0.01754
98704000000,-0.95662,-12.16625,-0.13578,0.65491,0.00224,0.00215,0.75570,-0.11985,1.51122,0.01661
98770000000,-0.96364,-12.07024,-0.13683,0.65939,0.00218,0.00211,0.75180,-0.08759,1.45350,0.01466
98836000000,-0.96931,-11.97530,-0.13581,0.66355,0.00220,0.00216,0.74813,-0.08530,1.43031,0.01566
98935000000,-0.97707,-11.84049,-0.13636,0.66844,0.00227,0.00204,0.74376,-0.07718,1.41157,0.01612
98968000000,-0.97948,-11.79314,-0.13613,0.67001,0.00231,0.00207,0.74234,-0.07449,1.43524,0.01488
99034000000,-0.98416,-11.70099,-0.13691,0.67308,0.00238,0.00197,0.73957,-0.06699,1.47613,0.01338
99133000000,-0.99050,-11.55044,-0.13554,0.67764,0.00229,0.00195,0.73538,-0.06064,1.55242,0.01250
99199000000,-0.99404,-11.45132,-0.13666,0.68044,0.00226,0.00193,0.73279,-0.05159,1.55249,0.01046
99232000000,-0.99566,-11.40253,-0.13758,0.68176,0.00227,0.00188,0.73157,-0.04812,1.54991,0.00902
99331000000,-0.99989,-11.25155,-0.13782,0.68548,0.00225,0.00186,0.72809,-0.03779,1.54713,0.00830
99397000000,-1.00228,-11.14872,-0.13747,0.68780,0.00227,0.00178,0.72589,-0.03338,1.54779,0.00778
99463000000,-1.00396,-11.04918,-0.13819,0.68995,0.00235,0.00166,0.72386,-0.02596,1.54333,0.00590
99529000000,-1.00520,-10.94988,-0.13853,0.69192,0.00240,0.00165,0.72197,-0.01913,1.53990,0.00529
99562000000,-1.00540,-10.90091,-0.13892,0.69288,0.00243,0.00159,0.72105,-0.01540,1.53699,0.00475
99694000000,-1.00636,-10.70000,-0.13879,0.69635,0.00243,0.00154,0.71770,-0.00545,1.53360,0.00371
99760000000,-1.00645,-10.60058,-0.13878,0.69797,0.00242,0.00155,0.71612,-0.00162,1.53112,0.00551
99859000000,-1.00607,-10.45063,-0.13842,0.70016,0.00249,0.00152,0.71398,0.00626,1.52948,0.00551
99892000000,-1.00562,-10.40154,-0.13851,0.70085,0.00254,0.00151,0.71330,0.01045,1.52751,0.00554
99958000000,-1.00456,-10.30247,-0.13836,0.70209,0.00257,0.00152,0.71208,0.01316,1.52471,0.00716
100024000000,-1.00359,-10.20179,-0.13788,0.70331,0.00257,0.00153,0.71088,0.01819,1.52470,0.00672
100090000000,-1.00223,-10.10215,-0.13801,0.70447,0.00265,0.00151,0.70973,0.02237,1.52553,0.00703
100189000000,-0.99992,-9.95221,-0.13761,0.70610,0.00273,0.00152,0.70810,0.02726,1.52329,0.00802
100288000000,-0.99709,-9.80242,-0.13685,0.70745,0.00273,0.00144,0.70676,0.03158,1.51992,0.01040
100354000000,-0.99531,-9.70266,-0.13651,0.70832,0.00271,0.00146,0.70588,0.03546,1.51691,0.01170
100420000000,-0.99335,-9.60337,-0.13616,0.70917,0.00272,0.00137,0.70503,0.03884,1.51611,0.01009
100453000000,-0.99263,-9.55386,-0.13633,0.70956,0.00269,0.00131,0.70464,0.04002,1.51524,0.00952
100519000000,-0.99075,-9.45432,-0.13615,0.71033,0.00269,0.00128,0.70387,0.04040,1.51198,0.00772
100585000000,-0.98814,-9.35460,-0.13571,0.71105,0.00263,0.00129,0.70314,0.04317,1.50967,0.00784
100684000000,-0.98464,-9.20625,-0.13539,0.71198,0.00270,0.00114,0.70219,0.04576,1.50540,0.00884
100750000000,-0.98255,-9.10743,-0.13541,0.71259,0.00266,0.00106,0.70157,0.04567,1.50371,0.00905
100816000000,-0.98032,-9.00856,-0.13553,0.71312,0.00268,0.00103,0.70104,0.04541,1.50157,0.00905
100882000000,-0.97815,-8.91003,-0.13535,0.71365,0.00258,0.00106,0.70050,0.04508,1.49842,0.00956
100915000000,-0.97737,-8.86101,-0.13535,0.71389,0.00255,0.00097,0.70025,0.04496,1.49721,0.00997
100981000000,-0.97508,-8.76257,-0.13507,0.71437,0.00254,0.00086,0.69976,0.04530,1.49793,0.01003
101080000000,-0.97036,-8.61420,-0.13416,0.71507,0.00253,0.00087,0.69905,0.05038,1.49835,0.01183
101179000000,-0.96583,-8.46633,-0.13344,0.71562,0.00246,0.00074,0.69849,0.05467,1.49722,0.01376
101278000000,-0.96093,-8.31834,-0.13255,0.71617,0.00256,0.00069,0.69792,0.05477,1.49491,0.01435
101377000000,-0.95609,-8.17065,-0.13169,0.71670,0.00258,0.00066,0.69738,0.05537,1.49388,0.01669
101443000000,-0.95334,-8.07188,-0.13173,0.71701,0.00251,0.00056,0.69706,0.05482,1.49346,0.01547
101542000000,-0.94843,-7.92396,-0.13120,0.71747,0.00255,0.00051,0.69658,0.05597,1.49331,0.01299
101608000000,-0.94525,-7.82542,-0.13143,0.71776,0.00246,0.00045,0.69628,0.05702,1.49130,0.01191
101707000000,-0.94029,-7.67787,-0.13092,0.71808,0.00234,0.00036,0.69595,0.05656,1.48842,0.01143
101773000000,-0.93718,-7.57951,-0.13095,0.71831,0.00230,0.00031,0.69572,0.05608,1.48720,0.01019
101872000000,-0.93223,-7.43182,-0.13088,0.71861,0.00228,0.00024,0.69541,0.05592,1.48580,0.01086
101938000000,-0.92912,-7.33338,-0.13100,0.71872,0.00222,0.00032,0.69530,0.05621,1.48619,0.01008
102004000000,-0.92585,-7.23506,-0.13100,0.71886,0.00218,0.00032,0.69515,0.05607,1.48516,0.00893
102103000000,-0.92065,-7.08797,-0.13044,0.71913,0.00223,0.00025,0.69487,0.05596,1.48270,0.01151
102169000000,-0.91738,-6.98982,-0.13010,0.71924,0.00224,0.00029,0.69475,0.05544,1.48350,0.01099
102235000000,-0.91385,-6.89112,-0.12981,0.71936,0.00219,0.00036,0.69463,0.05529,1.48484,0.01215
102301000000,-0.91007,-6.79256,-0.12925,0.71949,0.00221,0.00035,0.69450,0.05501,1.48480,0.01519
102433000000,-0.90280,-6.59690,-0.12711,0.71970,0.00219,0.00035,0.69429,0.05694,1.48288,0.01743
102532000000,-0.89691,-6.44951,-0.12596,0.71985,0.00213,0.00027,0.69413,0.05827,1.48449,0.01873
102598000000,-0.89313,-6.35043,-0.12532,0.71995,0.00213,0.00025,0.69402,0.05743,1.48554,0.01892
102664000000,-0.88940,-6.25032,-0.12522,0.72002,0.00207,0.00029,0.69395,0.05750,1.48659,0.01924
102730000000,-0.88596,-6.15323,-0.12493,0.72008,0.00209,0.00024,0.69389,0.05695,1.48388,0.01984
102763000000,-0.88439,-6.10384,-0.12526,0.72011,0.00214,0.00027,0.69385,0.05802,1.48516,0.01918
102829000000,-0.88099,-6.00518,-0.12498,0.72023,0.00210,0.00021,0.69373,0.05650,1.48419,0.02007
102862000000,-0.87940,-5.95614,-0.12447,0.72025,0.00204,0.00015,0.69371,0.05479,1.48381,0.02138
102928000000,-0.87607,-5.85820,-0.12402,0.72031,0.00205,0.00020,0.69365,0.05390,1.48337,0.02102
102994000000,-0.87242,-5.76072,-0.12258,0.72037,0.00209,0.00021,0.69359,0.05224,1.48137,0.02078
103060000000,-0.86941,-5.66189,-0.12230,0.72043,0.00210,0.00016,0.69352,0.05186,1.48105,0.01902
103159000000,-0.86471,-5.51504,-0.12126,0.72048,0.00201,0.00009,0.69347,0.05048,1.47801,0.01885
103225000000,-0.86144,-5.41678,-0.12103,0.72055,0.00209,0.00016,0.69340,0.04983,1.47787,0.01704
103324000000,-0.85642,-5.27053,-0.12021,0.72060,0.00213,0.00005,0.69335,0.04896,1.47322,0.01677
103390000000,-0.85244,-5.17244,-0.11978,0.72061,0.00210,0.00010,0.69333,0.05022,1.47242,0.01820
103423000000,-0.85016,-5.12290,-0.12001,0.72065,0.00214,0.00011,0.69330,0.05184,1.47227,0.01675
103489000000,-0.84651,-5.02458,-0.11952,0.72064,0.00215,0.00011,0.69331,0.05194,1.47201,0.01643
103555000000,-0.84317,-4.92771,-0.11828,0.72072,0.00219,0.00005,0.69322,0.05123,1.46851,0.01736
103621000000,-0.83952,-4.83056,-0.11770,0.72081,0.00217,0.00003,0.69313,0.05193,1.46779,0.01727
103654000000,-0.83751,-4.78154,-0.11762,0.72087,0.00214,0.00003,0.69306,0.05257,1.46869,0.01736
103753000000,-0.83196,-4.63574,-0.11646,0.72093,0.00215,0.00002,0.69301,0.05370,1.46617,0.01961
103819000000,-0.82810,-4.53862,-0.11593,0.72098,0.00212,-0.00004,0.69295,0.05503,1.46502,0.01971
103885000000,-0.82428,-4.44079,-0.11569,0.72103,0.00204,-0.00003,0.69290,0.05465,1.46625,0.02053
103918000000,-0.82228,-4.39142,-0.11607,0.72103,0.00200,-0.00003,0.69290,0.05539,1.46628,0.01954
103984000000,-0.81856,-4.29360,-0.11581,0.72106,0.00210,0.00000,0.69287,0.05531,1.46759,0.01943
104050000000,-0.81471,-4.19744,-0.11451,0.72110,0.00216,-0.00003,0.69283,0.05379,1.46291,0.01953
104116000000,-0.81100,-4.09982,-0.11427,0.72113,0.00226,0.00001,0.69280,0.05350,1.46247,0.01844
104248000000,-0.80398,-3.90825,-0.11141,0.72120,0.00220,0.00004,0.69273,0.05260,1.43167,0.02072
104314000000,-0.79948,-3.81360,-0.11129,0.72158,0.00218,0.00016,0.69233,0.06139,1.39942,0.02173
104380000000,-0.79444,-3.72075,-0.11109,0.72240,0.00219,0.00016,0.69147,0.07571,1.36244,0.01996
104413000000,-0.79186,-3.67590,-0.11047,0.72305,0.00221,0.00019,0.69079,0.08376,1.34402,0.02062
104545000000,-0.77713,-3.50192,-0.10907,0.72785,0.00224,0.00017,0.68573,0.13519,1.27308,0.02334
104611000000,-0.76622,-3.41766,-0.10904,0.73149,0.00222,0.00033,0.68185,0.16986,1.23976,0.02329
104677000000,-0.75347,-3.33754,-0.10753,0.73590,0.00232,0.00030,0.67709,0.20849,1.20876,0.02284
104776000000,-0.72878,-3.21627,-0.10720,0.74440,0.00232,0.00047,0.66773,0.28833,1.21314,0.02148
104842000000,-0.70807,-3.13686,-0.10574,0.75160,0.00228,0.00049,0.65962,0.34761,1.18643,0.02295
104908000000,-0.68243,-3.05762,-0.10700,0.76018,0.00221,0.00054,0.64970,0.41651,1.16492,0.01929
104941000000,-0.66749,-3.01606,-0.10897,0.76507,0.00220,0.00064,0.64395,0.45501,1.15813,0.01557
105040000000,-0.61525,-2.90226,-0.10904,0.78222,0.00214,0.00056,0.62299,0.58864,1.12880,0.01496
105073000000,-0.59527,-2.86469,-0.10802,0.78882,0.00208,0.00057,0.61462,0.63897,1.11933,0.01622
105106000000,-0.57244,-2.82871,-0.10863,0.79584,0.00212,0.00064,0.60550,0.69414,1.10934,0.01475
105139000000,-0.54835,-2.79010,-0.10943,0.80338,0.00210,0.00068,0.59546,0.75265,1.10187,0.01332
105205000000,-0.49417,-2.71810,-0.10941,0.82007,0.00212,0.00073,0.57225,0.88208,1.07852,0.01355
105271000000,-0.43125,-2.64498,-0.10931,0.83848,0.00201,0.00079,0.54493,1.02667,1.05793,0.01394
105337000000,-0.35824,-2.57475,-0.10890,0.85747,0.00199,0.00087,0.51453,1.18219,1.02836,0.01280
105436000000,-0.23530,-2.47885,-0.10794,0.88403,0.00188,0.00090,0.46743,1.28866,0.88712,0.01501
105502000000,-0.14883,-2.42144,-0.10762,0.89929,0.00185,0.00099,0.43734,1.32055,0.81749,0.01189
105568000000,-0.06172,-2.36684,-0.10745,0.91174,0.00181,0.00106,0.41077,1.33169,0.77553,0.01341
105634000000,0.02723,-2.31635,-0.10688,0.92229,0.00172,0.00116,0.38650,1.36217,0.72295,0.01406
105700000000,0.11784,-2.26952,-0.10668,0.93124,0.00170,0.00124,0.36440,1.38453,0.68303,0.01255
105799000000,0.25628,-2.20258,-0.10609,0.94180,0.00154,0.00136,0.33617,1.41174,0.64840,0.01373
105865000000,0.35015,-2.15926,-0.10599,0.94726,0.00154,0.00141,0.32045,1.42406,0.63176,0.01241
105931000000,0.44433,-2.11876,-0.10579,0.95179,0.00148,0.00147,0.30673,1.43406,0.62609,0.01128
105997000000,0.53901,-2.07733,-0.10587,0.95528,0.00140,0.00143,0.29570,1.43809,0.63210,0.01135
106030000000,0.58621,-2.05714,-0.10624,0.95667,0.00142,0.00138,0.29115,1.43923,0.63851,0.01062
106096000000,0.68079,-2.01486,-0.10629,0.95873,0.00142,0.00135,0.28430,1.43543,0.65962,0.00949
106162000000,0.77512,-1.97095,-0.10587,0.95981,0.00146,0.00126,0.28065,1.42458,0.69338,0.01118
106228000000,0.86773,-1.92453,-0.10598,0.95998,0.00154,0.00125,0.28006,1.38373,0.72763,0.01280
106261000000,0.91291,-1.90049,-0.10539,0.95969,0.00156,0.00126,0.28105,1.35043,0.74236,0.01395
106327000000,0.99899,-1.85085,-0.10544,0.95849,0.00152,0.00123,0.28511,1.27253,0.76398,0.01563
106360000000,1.04048,-1.82483,-0.10498,0.95783,0.00154,0.00121,0.28732,1.23010,0.76332,0.01867
106426000000,1.11939,-1.77455,-0.10398,0.95660,0.00145,0.00116,0.29140,1.16763,0.76012,0.01939
106492000000,1.19403,-1.72557,-0.10309,0.95563,0.00146,0.00115,0.29455,1.12441,0.75716,0.01816
106591000000,1.30669,-1.64678,-0.10364,0.95495,0.00147,0.00112,0.29675,1.18082,0.80853,0.01622
106624000000,1.34599,-1.61543,-0.10297,0.95501,0.00135,0.00115,0.29656,1.20664,0.83502,0.01724
106690000000,1.42721,-1.55786,-0.10229,0.95512,0.00132,0.00117,0.29621,1.24945,0.86701,0.01830
106756000000,1.50968,-1.50003,-0.10346,0.95527,0.00131,0.00110,0.29573,1.29126,0.89573,0.01527
106822000000,1.59540,-1.44210,-0.10260,0.95536,0.00131,0.00105,0.29542,1.29189,0.89458,0.01427
106888000000,1.68097,-1.38376,-0.10197,0.95549,0.00134,0.00106,0.29503,1.29213,0.89440,0.01364
106954000000,1.76522,-1.32800,-0.10396,0.95632,0.00129,0.00106,0.29232,1.32910,0.82747,0.00901
107020000000,1.85391,-1.27499,-0.10330,0.95792,0.00137,0.00101,0.28702,1.33456,0.80471,0.01088
107086000000,1.93872,-1.22578,-0.10438,0.95991,0.00138,0.00101,0.28029,1.33808,0.76881,0.01223
107185000000,2.06833,-1.15614,-0.10437,0.96357,0.00145,0.00101,0.26744,1.31391,0.69104,0.01294
107218000000,2.11011,-1.13615,-0.10420,0.96466,0.00142,0.00100,0.26350,1.31527,0.67714,0.01333
107284000000,2.19364,-1.09582,-0.10379,0.96642,0.00140,0.00104,0.25697,1.29198,0.67276,0.01259
107317000000,2.23634,-1.07261,-0.10345,0.96690,0.00140,0.00105,0.25514,1.30930,0.70544,0.01390
107416000000,2.36665,-1.00463,-0.10244,0.96785,0.00140,0.00104,0.25154,1.36363,0.72741,0.01308
107548000000,2.54796,-0.90716,-0.10135,0.96893,0.00141,0.00103,0.24731,1.37381,0.72902,0.01190
107614000000,2.63709,-0.86134,-0.10211,0.96942,0.00145,0.00094,0.24541,1.37268,0.72602,0.01164
107680000000,2.72620,-0.81645,-0.10213,0.96988,0.00145,0.00091,0.24358,1.37278,0.72151,0.01061
107779000000,2.86112,-0.74597,-0.10091,0.97052,0.00144,0.00085,0.24100,1.31572,0.68898,0.01075
107845000000,2.94553,-0.70450,-0.10133,0.97103,0.00149,0.00083,0.23894,1.28533,0.63483,0.01058
107944000000,3.07545,-0.64213,-0.10036,0.97278,0.00143,0.00075,0.23173,1.34361,0.62395,0.01134
108043000000,3.20694,-0.58706,-0.10085,0.97524,0.00156,0.00064,0.22116,1.33241,0.56334,0.00975
108109000000,3.29288,-0.55492,-0.10153,0.97685,0.00162,0.00072,0.21393,1.30288,0.52334,0.00830
108175000000,3.38549,-0.51507,-0.10310,0.97801,0.00156,0.00088,0.20857,1.28337,0.53304,0.00610
108241000000,3.45865,-0.49234,-0.10220,0.97864,0.00169,0.00065,0.20558,1.26432,0.51235,0.00978
108307000000,3.54203,-0.46104,-0.10230,0.97924,0.00175,0.00067,0.20271,1.29033,0.51124,0.00916
108373000000,3.62990,-0.42735,-0.10157,0.98010,0.00167,0.00065,0.19852,1.31803,0.48402,0.01223
108406000000,3.67171,-0.41424,-0.10183,0.98065,0.00173,0.00065,0.19577,1.29024,0.46025,0.01296
108472000000,3.75472,-0.38546,-0.10113,0.98188,0.00176,0.00068,0.18947,1.23474,0.41460,0.01134
108571000000,3.87135,-0.35073,-0.10077,0.98370,0.00183,0.00066,0.17980,1.18144,0.36262,0.01292
108604000000,3.90887,-0.34063,-0.10112,0.98412,0.00187,0.00063,0.17749,1.16163,0.36238,0.01190
108703000000,4.01863,-0.30721,-0.10044,0.98498,0.00186,0.00059,0.17267,1.08582,0.33378,0.01353
108769000000,4.08870,-0.28610,-0.09965,0.98561,0.00184,0.00057,0.16902,1.03710,0.29886,0.01447
108835000000,4.15313,-0.26909,-0.09970,0.98638,0.00188,0.00046,0.16448,0.99157,0.27038,0.01426
108934000000,4.24754,-0.24414,-0.09847,0.98741,0.00187,0.00049,0.15816,0.91707,0.25128,0.01555
109000000000,4.30644,-0.22910,-0.09902,0.98783,0.00188,0.00039,0.15555,0.94566,0.25690,0.01493
109099000000,4.40103,-0.20488,-0.09907,0.98844,0.00194,0.00029,0.15160,1.01364,0.26884,0.01595
109198000000,4.50195,-0.17843,-0.09762,0.98918,0.00190,0.00033,0.14668,0.99514,0.24118,0.01756
109264000000,4.56231,-0.16582,-0.09846,0.98980,0.00200,0.00027,0.14248,0.94680,0.21470,0.01554
109363000000,4.65115,-0.14706,-0.09735,0.99083,0.00199,0.00024,0.13512,0.86393,0.17014,0.01429
109462000000,4.73095,-0.13307,-0.09809,0.99172,0.00200,0.00012,0.12840,0.80538,0.15418,0.01399
109528000000,4.78077,-0.12438,-0.09879,0.99209,0.00201,0.00017,0.12549,0.76051,0.14841,0.01112
109627000000,4.85711,-0.11024,-0.09902,0.99260,0.00204,0.00021,0.12144,0.82696,0.15603,0.01015
109726000000,4.94286,-0.09469,-0.09816,0.99308,0.00218,0.00023,0.11741,0.89831,0.16459,0.01025
109825000000,5.03516,-0.07767,-0.09887,0.99355,0.00207,0.00019,0.11336,0.98382,0.17819,0.00927
109891000000,5.10107,-0.06561,-0.09859,0.99385,0.00209,0.00015,0.11074,1.03335,0.18591,0.00963
109990000000,5.20650,-0.04617,-0.09959,0.99429,0.00200,0.00018,0.10673,1.08623,0.18627,0.00782
110089000000,5.31587,-0.02819,-0.09835,0.99489,0.00199,0.00019,0.10099,1.08180,0.16398,0.00932
110188000000,5.41853,-0.01316,-0.09943,0.99557,0.00199,0.00025,0.09404,1.00046,0.12554,0.00755
110287000000,5.51590,-0.00153,-0.09852,0.99614,0.00192,0.00025,0.08772,0.98385,0.11345,0.01203
110320000000,5.54640,0.00224,-0.10011,0.99629,0.00190,0.00023,0.08601,1.00400,0.11285,0.01057
110386000000,5.61323,0.00987,-0.10074,0.99658,0.00189,0.00014,0.08262,1.06584,0.11542,0.00908
110452000000,5.68579,0.01773,-0.10012,0.99685,0.00189,0.00020,0.07930,1.12216,0.11712,0.01074
110518000000,5.76129,0.02620,-0.09950,0.99710,0.00192,0.00023,0.07612,1.16930,0.12066,0.01210
110584000000,5.83882,0.03460,-0.09988,0.99733,0.00188,0.00016,0.07296,1.21413,0.12231,0.01313
110650000000,5.92124,0.04282,-0.09909,0.99756,0.00187,0.00011,0.06984,1.27596,0.12414,0.01332
110749000000,6.04851,0.05406,-0.09914,0.99785,0.00192,0.00012,0.06545,1.34081,0.12213,0.01258
110815000000,6.13909,0.06207,-0.09833,0.99804,0.00187,0.00012,0.06255,1.39491,0.12109,0.01355
110881000000,6.23065,0.07003,-0.09889,0.99821,0.00188,0.00005,0.05979,1.44312,0.11944,0.01327
110914000000,6.27847,0.07382,-0.09840,0.99829,0.00188,-0.00002,0.05838,1.47093,0.11934,0.01293
110947000000,6.32632,0.07810,-0.09959,0.99837,0.00191,-0.00001,0.05704,1.49844,0.11886,0.01111
110980000000,6.37640,0.08186,-0.09914,0.99845,0.00196,-0.00004,0.05570,1.51977,0.11880,0.01133
111046000000,6.47618,0.08984,-0.09828,0.99858,0.00195,0.00001,0.05318,1.51995,0.11590,0.01296
111112000000,6.57531,0.09762,-0.09877,0.99871,0.00190,0.00007,0.05081,1.51866,0.11155,0.01116
111178000000,6.67588,0.10471,-0.09803,0.99881,0.00191,0.00004,0.04867,1.51870,0.10629,0.01137
111244000000,6.77647,0.11139,-0.09736,0.99891,0.00192,0.00012,0.04662,1.51952,0.10252,0.01141
111310000000,6.87522,0.11810,-0.09778,0.99900,0.00197,0.00016,0.04466,1.51931,0.09947,0.01225
111343000000,6.92536,0.12174,-0.09731,0.99904,0.00195,0.00015,0.04373,1.51930,0.09788,0.01232
111409000000,7.02550,0.12785,-0.09670,0.99912,0.00186,0.00009,0.04199,1.51839,0.09452,0.01287
111541000000,7.22342,0.13959,-0.09641,0.99925,0.00177,0.00009,0.03876,1.51645,0.08547,0.01372
111607000000,7.32247,0.14564,-0.09556,0.99931,0.00175,0.00009,0.03722,1.45257,0.08006,0.01549
111706000000,7.46243,0.15335,-0.09443,0.99938,0.00177,0.00018,0.03526,1.38107,0.07228,0.01553
111772000000,7.54974,0.15858,-0.09581,0.99942,0.00180,0.00017,0.03411,1.32887,0.07015,0.01433
111838000000,7.63966,0.16308,-0.09492,0.99945,0.00177,0.00008,0.03302,1.37288,0.07116,0.01495
111937000000,7.78065,0.17023,-0.09377,0.99950,0.00171,0.00018,0.03145,1.46695,0.07475,0.01611
112003000000,7.87679,0.17524,-0.09538,0.99953,0.00177,0.00021,0.03050,1.51434,0.07380,0.01502
112102000000,8.02804,0.18250,-0.09385,0.99958,0.00181,0.00018,0.02898,1.51243,0.06628,0.01467
112234000000,8.21950,0.19016,-0.09360,0.99967,0.00177,0.00019,0.02545,1.45602,0.04014,0.01259
112333000000,8.36195,0.19240,-0.09233,0.99978,0.00183,0.00016,0.02089,1.39740,0.00760,0.01284
112399000000,8.45138,0.19233,-0.09342,0.99985,0.00192,0.00009,0.01743,1.39687,-0.00701,0.01127
112432000000,8.49786,0.19164,-0.09332,0.99987,0.00186,0.00004,0.01571,1.40520,-0.00378,0.01148
112465000000,8.54030,0.19167,-0.09464,0.99990,0.00185,0.00000,0.01411,1.43315,-0.00693,0.00817
112498000000,8.58805,0.19102,-0.09438,0.99992,0.00189,0.00001,0.01252,1.45601,-0.01084,0.00816
112597000000,8.73702,0.18946,-0.09351,0.99997,0.00185,-0.00006,0.00786,1.52369,-0.02125,0.00982
112696000000,8.88545,0.18732,-0.09466,0.99999,0.00197,-0.00012,0.00343,1.53537,-0.03010,0.00787
112762000000,8.98480,0.18605,-0.09559,1.00000,0.00205,-0.00013,0.00076,1.53415,-0.03586,0.00654
112828000000,9.08770,0.18419,-0.09505,1.00000,0.00207,-0.00010,-0.00178,1.53553,-0.03950,0.00817
112927000000,9.23629,0.18077,-0.09596,0.99998,0.00212,-0.00016,-0.00510,1.53267,-0.04571,0.00852
113026000000,9.38809,0.17663,-0.09527,0.99996,0.00221,-0.00030,-0.00829,1.53163,-0.05090,0.00915
113092000000,9.48588,0.17369,-0.09629,0.99995,0.00217,-0.00030,-0.01020,1.52717,-0.05495,0.00685
113158000000,9.58731,0.17023,-0.09567,0.99993,0.00211,-0.00030,-0.01196,1.52862,-0.05852,0.00791
113224000000,9.68449,0.16626,-0.09624,0.99990,0.00206,-0.00034,-0.01362,1.49109,-0.06331,0.00677
113323000000,9.82721,0.15961,-0.09572,0.99987,0.00217,-0.00043,-0.01573,1.40078,-0.06536,0.00770
113389000000,9.91893,0.15567,-0.09558,0.99985,0.00213,-0.00037,-0.01698,1.37882,-0.06458,0.00888
113455000000,10.00615,0.15127,-0.09636,0.99984,0.00211,-0.00040,-0.01787,1.35324,-0.06013,0.00980
113488000000,10.05105,0.14936,-0.09624,0.99983,0.00208,-0.00045,-0.01815,1.33326,-0.05458,0.00963
113521000000,10.09480,0.14779,-0.09623,0.99983,0.00208,-0.00048,-0.01821,1.32172,-0.04839,0.01011
113554000000,10.13738,0.14639,-0.09593,0.99983,0.00207,-0.00043,-0.01808,1.27656,-0.03955,0.01013
113587000000,10.17760,0.14510,-0.09696,0.99984,0.00210,-0.00049,-0.01772,1.25228,-0.03141,0.00777
113620000000,10.21844,0.14441,-0.09682,0.99985,0.00207,-0.00049,-0.01709,1.24508,-0.02158,0.00716
113653000000,10.25903,0.14412,-0.09663,0.99987,0.00206,-0.00048,-0.01625,1.21404,-0.01053,0.00790
113686000000,10.29884,0.14410,-0.09620,0.99988,0.00201,-0.00042,-0.01508,1.18620,0.00222,0.00889
113719000000,10.33387,0.14444,-0.09650,0.99990,0.00204,-0.00039,-0.01368,1.14437,0.01568,0.00878
113752000000,10.37164,0.14539,-0.09624,0.99993,0.00199,-0.00035,-0.01208,1.08529,0.02189,0.00826
113785000000,10.40770,0.14639,-0.09607,0.99995,0.00195,-0.00037,-0.01029,1.04862,0.02873,0.00854
113818000000,10.44171,0.14773,-0.09595,0.99996,0.00195,-0.00037,-0.00849,1.00794,0.03596,0.00869
113851000000,10.47437,0.15044,-0.09654,0.99998,0.00189,-0.00035,-0.00675,0.95670,0.04332,0.00809
113884000000,10.50571,0.15189,-0.09621,0.99998,0.00185,-0.00027,-0.00518,0.93293,0.03665,0.00879
113917000000,10.53666,0.15342,-0.09596,0.99999,0.00187,-0.00030,-0.00381,0.90169,0.03640,0.00991
113950000000,10.56585,0.15587,-0.09622,1.00000,0.00188,-0.00034,-0.00247,0.86593,0.03801,0.01011
113983000000,10.59411,0.15688,-0.09579,1.00000,0.00186,-0.00031,-0.00123,0.84059,0.03688,0.00958
114016000000,10.62122,0.15782,-0.09545,1.00000,0.00187,-0.00032,-0.00004,0.81700,0.03624,0.01029
114049000000,10.64732,0.15884,-0.09523,1.00000,0.00186,-0.00035,0.00107,0.79087,0.03525,0.01123
114082000000,10.67208,0.16069,-0.09587,1.00000,0.00191,-0.00034,0.00207,0.76453,0.03625,0.00980
114115000000,10.69713,0.16195,-0.09548,0.99999,0.00186,-0.00031,0.00296,0.73961,0.03484,0.00919
114148000000,10.72170,0.16321,-0.09531,0.99999,0.00185,-0.00036,0.00386,0.71486,0.03439,0.00882
114181000000,10.74591,0.16426,-0.09516,0.99999,0.00188,-0.00034,0.00467,0.68957,0.03328,0.00883
114214000000,10.76887,0.16555,-0.09510,0.99998,0.00182,-0.00040,0.00543,0.66286,0.03274,0.00876
114247000000,10.78978,0.16711,-0.09618,0.99998,0.00181,-0.00037,0.00615,0.63559,0.03141,0.00741
114280000000,10.81064,0.16820,-0.09589,0.99998,0.00177,-0.00045,0.00679,0.61041,0.02848,0.00827
114313000000,10.82980,0.16897,-0.09580,0.99997,0.00181,-0.00042,0.00740,0.58866,0.02672,0.00876
114346000000,10.85003,0.16982,-0.09560,0.99997,0.00184,-0.00045,0.00798,0.56726,0.02490,0.00924
114379000000,10.86866,0.17060,-0.09554,0.99996,0.00184,-0.00047,0.00848,0.53513,0.02317,0.00925
114412000000,10.88658,0.17135,-0.09539,0.99996,0.00185,-0.00045,0.00898,0.50102,0.02200,0.00963
114445000000,10.90427,0.17259,-0.09614,0.99995,0.00184,-0.00039,0.00943,0.48909,0.02117,0.00856
114478000000,10.91941,0.17294,-0.09576,0.99995,0.00183,-0.00046,0.00993,0.46435,0.01990,0.00877
114511000000,10.93424,0.17347,-0.09575,0.99995,0.00185,-0.00052,0.01028,0.42859,0.01747,0.00844
114544000000,10.94857,0.17395,-0.09567,0.99994,0.00185,-0.00050,0.01062,0.41170,0.01661,0.00824
114577000000,10.96148,0.17455,-0.09550,0.99994,0.00189,-0.00050,0.01090,0.39241,0.01592,0.00894
114610000000,10.97374,0.17525,-0.09537,0.99994,0.00186,-0.00052,0.01117,0.35629,0.01413,0.00910
114643000000,10.98506,0.17594,-0.09533,0.99993,0.00184,-0.00054,0.01135,0.32773,0.01296,0.00831
114676000000,10.99504,0.17640,-0.09529,0.99993,0.00184,-0.00058,0.01154,0.30536,0.01138,0.00815
114709000000,11.00378,0.17660,-0.09534,0.99993,0.00182,-0.00059,0.01176,0.26635,0.00890,0.00738
114742000000,11.01293,0.17679,-0.09507,0.99993,0.00182,-0.00058,0.01192,0.23499,0.00677,0.00831
114775000000,11.02082,0.17691,-0.09494,0.99993,0.00185,-0.00060,0.01207,0.22443,0.00649,0.00836
114808000000,11.02766,0.17712,-0.09495,0.99992,0.00184,-0.00062,0.01217,0.19089,0.00467,0.00924
114841000000,11.03208,0.17754,-0.09628,0.99992,0.00182,-0.00063,0.01225,0.16430,0.00175,0.00766
114874000000,11.03700,0.17805,-0.09598,0.99992,0.00181,-0.00067,0.01230,0.13010,-0.00085,0.00756
114907000000,11.04052,0.17819,-0.09588,0.99992,0.00187,-0.00065,0.01240,0.10841,-0.00162,0.00752
114940000000,11.04321,0.17809,-0.09580,0.99992,0.00189,-0.00072,0.01246,0.07227,-0.00318,0.00806
114973000000,11.04484,0.17794,-0.09577,0.99992,0.00189,-0.00070,0.01251,0.04252,-0.00577,0.00867
115006000000,11.04584,0.17789,-0.09565,0.99992,0.00190,-0.00068,0.01251,0.01539,-0.00703,0.00866
115039000000,11.04590,0.17776,-0.09562,0.99992,0.00189,-0.00071,0.01255,-0.00681,-0.00921,0.00828
115072000000,11.04578,0.17760,-0.09557,0.99992,0.00185,-0.00067,0.01253,-0.00699,-0.01002,0.00906
115105000000,11.04574,0.17759,-0.09533,0.99992,0.00185,-0.00060,0.01251,-0.00606,-0.01072,0.00968
115138000000,11.04581,0.17765,-0.09512,0.99992,0.00186,-0.00060,0.01249,-0.00570,-0.01077,0.01075
115171000000,11.04595,0.17763,-0.09513,0.99992,0.00180,-0.00061,0.01250,-0.00545,-0.01064,0.01073
115204000000,11.04614,0.17757,-0.09527,0.99992,0.00178,-0.00066,0.01249,-0.00557,-0.01124,0.01107
115237000000,11.04637,0.17753,-0.09539,0.99992,0.00173,-0.00065,0.01249,-0.00572,-0.01215,0.01171
115270000000,11.04656,0.17748,-0.09544,0.99992,0.00172,-0.00067,0.01249,-0.00516,-0.01158,0.01209
115303000000,11.04675,0.17736,-0.09557,0.99992,0.00173,-0.00071,0.01252,-0.00572,-0.01198,0.01163
115336000000,11.04688,0.17717,-0.09571,0.99992,0.00166,-0.00071,0.01255,-0.00503,-0.01164,0.01149
115369000000,11.04711,0.17717,-0.09579,0.99992,0.00163,-0.00070,0.01250,-0.00509,-0.01187,0.01058
115402000000,11.04727,0.17722,-0.09576,0.99992,0.00161,-0.00067,0.01253,-0.00421,-0.01082,0.01089
115435000000,11.04730,0.17705,-0.09571,0.99992,0.00164,-0.00068,0.01256,-0.00421,-0.01069,0.01057
115468000000,11.04733,0.17685,-0.09571,0.99992,0.00166,-0.00068,0.01259,-0.00483,-0.01070,0.01115
115501000000,11.04734,0.17659,-0.09571,0.99992,0.00165,-0.00067,0.01263,-0.00416,-0.01046,0.01038
115534000000,11.04735,0.17636,-0.09564,0.99992,0.00163,-0.00064,0.01265,-0.00387,-0.01122,0.01037
115567000000,11.04733,0.17606,-0.09547,0.99992,0.00167,-0.00062,0.01271,-0.00366,-0.01101,0.01063
115600000000,11.04743,0.17588,-0.09545,0.99992,0.00162,-0.00062,0.01270,-0.00324,-0.01011,0.00986
115633000000,11.04765,0.17601,-0.09557,0.99992,0.00159,-0.00063,0.01267,-0.00437,-0.01021,0.00959
115666000000,11.04780,0.17613,-0.09575,0.99992,0.00158,-0.00064,0.01268,-0.00470,-0.00955,0.00896
115699000000,11.04799,0.17626,-0.09588,0.99992,0.00154,-0.00063,0.01264,-0.00581,-0.00989,0.00863
115732000000,11.04818,0.17651,-0.09600,0.99992,0.00155,-0.00064,0.01263,-0.00565,-0.01008,0.00871
115765000000,11.04825,0.17658,-0.09599,0.99992,0.00155,-0.00061,0.01264,-0.00596,-0.00834,0.00854
115798000000,11.04839,0.17662,-0.09609,0.99992,0.00152,-0.00065,0.01263,-0.00666,-0.00760,0.00870
115831000000,11.04853,0.17682,-0.09621,0.99992,0.00151,-0.00061,0.01261,-0.00550,-0.00648,0.00863
115864000000,11.04859,0.17690,-0.09611,0.99992,0.00155,-0.00061,0.01263,-0.00492,-0.00604,0.00974
115897000000,11.04868,0.17690,-0.09616,0.99992,0.00150,-0.00061,0.01263,-0.00529,-0.00618,0.01002
115930000000,11.04885,0.17708,-0.09636,0.99992,0.00151,-0.00064,0.01260,-0.00664,-0.00577,0.00990
115963000000,11.04894,0.17712,-0.09647,0.99992,0.00151,-0.00063,0.01263,-0.00734,-0.00519,0.00940
115996000000,11.04905,0.17709,-0.09662,0.99992,0.00149,-0.00066,0.01262,-0.00764,-0.00494,0.00927
116029000000,11.04923,0.17720,-0.09685,0.99992,0.00146,-0.00066,0.01261,-0.00814,-0.00484,0.00935
116062000000,11.04938,0.17745,-0.09691,0.99992,0.00150,-0.00065,0.01257,-0.00945,-0.00481,0.00853
116095000000,11.04950,0.17763,-0.09696,0.99992,0.00148,-0.00065,0.01258,-0.01025,-0.00482,0.00857
116128000000,11.04960,0.17751,-0.09703,0.99992,0.00147,-0.00065,0.01262,-0.01120,-0.00504,0.00833
116161000000,11.04972,0.17729,-0.09712,0.99992,0.00142,-0.00065,0.01264,-0.01045,-0.00578,0.00913
116194000000,11.04988,0.17712,-0.09728,0.99992,0.00142,-0.00067,0.01266,-0.01149,-0.00649,0.00945
116227000000,11.05003,0.17701,-0.09744,0.99992,0.00141,-0.00067,0.01266,-0.01122,-0.00680,0.00900
116260000000,11.05021,0.17682,-0.09771,0.99992,0.00140,-0.00072,0.01271,-0.01120,-0.00621,0.00840
116293000000,11.05032,0.17658,-0.09785,0.99992,0.00141,-0.00068,0.01273,-0.01078,-0.00650,0.00833
116326000000,11.05039,0.17638,-0.09781,0.99992,0.00142,-0.00069,0.01275,-0.01283,-0.00738,0.00737
116359000000,11.05051,0.17637,-0.09785,0.99992,0.00140,-0.00067,0.01273,-0.01221,-0.00702,0.00686
116392000000,11.05073,0.17672,-0.09796,0.99992,0.00137,-0.00069,0.01267,-0.01198,-0.00549,0.00705
116425000000,11.05091,0.17707,-0.09809,0.99992,0.00138,-0.00068,0.01267,-0.01310,-0.00474,0.00682
116458000000,11.05105,0.17730,-0.09815,0.99992,0.00137,-0.00069,0.01263,-0.01365,-0.00426,0.00744
116491000000,11.05128,0.17749,-0.09849,0.99992,0.00135,-0.00075,0.01263,-0.01410,-0.00377,0.00752
116524000000,11.05145,0.17760,-0.09867,0.99992,0.00136,-0.00072,0.01262,-0.01517,-0.00305,0.00801
116557000000,11.05158,0.17753,-0.09873,0.99992,0.00134,-0.00074,0.01266,-0.01534,-0.00349,0.00780
116590000000,11.05170,0.17743,-0.09889,0.99992,0.00139,-0.00076,0.01265,-0.01587,-0.00246,0.00700
116623000000,11.05182,0.17734,-0.09899,0.99992,0.00138,-0.00075,0.01269,-0.01575,-0.00067,0.00716
116656000000,11.05191,0.17716,-0.09900,0.99992,0.00138,-0.00074,0.01270,-0.01673,-0.00032,0.00664
116689000000,11.05205,0.17709,-0.09908,0.99992,0.00134,-0.00075,0.01271,-0.01725,0.00058,0.00624
116722000000,11.05221,0.17711,-0.09924,0.99992,0.00138,-0.00077,0.01270,-0.01654,0.00096,0.00728
