19240000000,0.00077,0.00005,0.00008,1.00000,0.00012,-0.00043,-0.00004,0.00153,-0.00088,0.00081
19273000000,0.00074,0.00006,0.00007,1.00000,0.00005,-0.00042,-0.00003,0.00023,0.00003,-0.00003
19306000000,0.00078,0.00007,0.00006,1.00000,0.00005,-0.00035,-0.00003,0.00117,0.00029,-0.00043
19339000000,0.00087,0.00008,0.00006,1.00000,0.00003,-0.00034,-0.00004,0.00322,0.00039,-0.00002
19372000000,0.00089,0.00009,0.00007,1.00000,0.00004,-0.00038,-0.00003,0.00282,0.00109,-0.00012
19405000000,0.00095,0.00009,0.00007,1.00000,0.00007,-0.00041,-0.00002,0.00218,0.00135,0.00021
19438000000,0.00100,0.00011,0.00008,1.00000,0.00005,-0.00040,-0.00005,0.00223,0.00212,0.00023
19471000000,0.00101,0.00011,0.00007,1.00000,0.00008,-0.00044,-0.00004,0.00178,0.00170,0.00044
19504000000,0.00101,0.00009,0.00008,1.00000,0.00009,-0.00041,-0.00003,0.00096,0.00051,0.00010
19537000000,0.00109,0.00011,0.00008,1.00000,0.00010,-0.00041,-0.00004,0.00010,0.00074,-0.00099
19570000000,0.00104,0.00010,0.00006,1.00000,0.00010,-0.00039,-0.00002,0.00091,0.00031,-0.00149
19603000000,0.00110,0.00008,0.00006,1.00000,0.00009,-0.00041,-0.00001,0.00041,-0.00019,-0.00085
19636000000,0.00113,0.00008,0.00007,1.00000,0.00009,-0.00037,-0.00003,-0.00038,-0.00013,-0.00048
19669000000,0.00105,0.00007,0.00007,1.00000,0.00007,-0.00039,-0.00004,0.00008,0.00018,-0.00077
19702000000,0.00130,0.00009,0.00008,1.00000,-0.00000,-0.00038,-0.00005,0.00157,0.00010,-0.00141
19735000000,0.00122,0.00008,0.00007,1.00000,0.00002,-0.00041,-0.00005,0.00236,0.00017,-0.00073
19768000000,0.00128,0.00008,0.00007,1.00000,-0.00002,-0.00040,-0.00004,0.00170,-0.00039,-0.00143
19801000000,0.00137,0.00007,0.00007,1.00000,-0.00002,-0.00038,-0.00005,0.00075,-0.00094,-0.00189
19834000000,0.00138,0.00007,0.00008,1.00000,0.00000,-0.00037,-0.00003,0.00035,-0.00129,-0.00127
19867000000,0.00140,0.00007,0.00009,1.00000,-0.00000,-0.00035,-0.00004,0.00081,-0.00112,-0.00097
19900000000,0.00144,0.00008,0.00009,1.00000,0.00001,-0.00035,-0.00005,0.00131,-0.00082,-0.00152
19933000000,0.00145,0.00008,0.00008,1.00000,-0.00003,-0.00033,-0.00006,0.00159,-0.00146,-0.00111
19966000000,0.00138,0.00006,0.00009,1.00000,-0.00001,-0.00034,-0.00005,0.00080,-0.00209,-0.00034
19999000000,0.00139,0.00004,0.00010,1.00000,-0.00004,-0.00033,-0.00003,0.00030,-0.00262,-0.00021
20032000000,0.00144,0.00005,0.00010,1.00000,-0.00004,-0.00033,-0.00004,0.00027,-0.00249,-0.00123
20065000000,0.00152,0.00005,0.00011,1.00000,-0.00003,-0.00033,-0.00004,-0.00012,-0.00308,-0.00151
20098000000,0.00158,0.00005,0.00011,1.00000,-0.00004,-0.00034,-0.00006,0.00087,-0.00208,-0.00152
20131000000,0.00155,0.00006,0.00010,1.00000,-0.00003,-0.00035,-0.00002,-0.00029,-0.00163,0.00032
20164000000,0.00152,0.00007,0.00011,1.00000,-0.00006,-0.00035,-0.00004,-0.00102,-0.00082,0.00001
20197000000,0.00169,0.00008,0.00013,1.00000,-0.00005,-0.00032,-0.00002,-0.00183,-0.00130,0.00065
20230000000,0.00167,0.00007,0.00012,1.00000,-0.00008,-0.00033,-0.00005,-0.00143,-0.00180,-0.00122
20263000000,0.00161,0.00006,0.00010,1.00000,-0.00010,-0.00030,-0.00005,-0.00174,-0.00194,-0.00171
20296000000,0.00170,0.00008,0.00011,1.00000,-0.00007,-0.00032,-0.00007,-0.00239,-0.00127,-0.00157
20329000000,0.00170,0.00008,0.00011,1.00000,-0.00007,-0.00032,-0.00005,-0.00306,-0.00088,-0.00060
20362000000,0.00170,0.00009,0.00011,1.00000,-0.00007,-0.00031,-0.00006,-0.00278,-0.00137,-0.00146
20395000000,0.00168,0.00009,0.00009,1.00000,-0.00008,-0.00032,-0.00005,-0.00203,-0.00042,-0.00195
20428000000,0.00174,0.00010,0.00009,1.00000,-0.00009,-0.00032,-0.00005,-0.00224,-0.00042,-0.00250
20461000000,0.00184,0.00010,0.00009,1.00000,-0.00011,-0.00037,-0.00005,-0.00175,-0.00115,-0.00248
20494000000,0.00186,0.00010,0.00009,1.00000,-0.00008,-0.00036,-0.00005,-0.00168,-0.00014,-0.00276
20527000000,0.00192,0.00012,0.00010,1.00000,-0.00008,-0.00037,-0.00006,-0.00311,0.00036,-0.00341
20560000000,0.00201,0.00013,0.00010,1.00000,-0.00010,-0.00040,-0.00006,-0.00311,0.00022,-0.00425
20593000000,0.00196,0.00013,0.00008,1.00000,-0.00011,-0.00046,-0.00005,-0.00267,0.00042,-0.00398
20626000000,0.00205,0.00013,0.00009,1.00000,-0.00013,-0.00045,-0.00005,-0.00289,0.00035,-0.00347
20659000000,0.00200,0.00011,0.00009,1.00000,-0.00014,-0.00049,-0.00005,-0.00342,-0.00082,-0.00387
20692000000,0.00204,0.00011,0.00009,1.00000,-0.00016,-0.00053,-0.00005,-0.00262,-0.00044,-0.00369
20725000000,0.00213,0.00013,0.00009,1.00000,-0.00022,-0.00064,-0.00005,-0.00216,0.00076,-0.00408
20758000000,0.00216,0.00013,0.00009,1.00000,-0.00022,-0.00071,-0.00004,-0.00296,0.00062,-0.00503
20791000000,0.00189,0.00012,0.00006,1.00000,-0.00019,-0.00072,-0.00005,-0.00394,0.00069,-0.00507
20824000000,0.00214,0.00015,0.00008,1.00000,-0.00022,-0.00084,-0.00005,-0.00388,0.00187,-0.00433
20857000000,0.00209,0.00014,0.00010,1.00000,-0.00027,-0.00095,-0.00005,-0.00414,0.00055,-0.00287
20890000000,0.00207,0.00012,0.00011,1.00000,-0.00031,-0.00097,-0.00007,-0.00428,-0.00017,-0.00228
20923000000,0.00212,0.00010,0.00012,1.00000,-0.00032,-0.00100,-0.00001,-0.00448,-0.00234,-0.00316
20956000000,0.00219,0.00009,0.00012,1.00000,-0.00035,-0.00106,-0.00002,-0.00347,-0.00229,-0.00374
20989000000,0.00204,0.00009,0.00011,1.00000,-0.00034,-0.00111,-0.00004,-0.00384,-0.00161,-0.00340
21022000000,0.00214,0.00009,0.00012,1.00000,-0.00036,-0.00116,-0.00006,-0.00474,-0.00110,-0.00313
21055000000,0.00206,0.00010,0.00012,1.00000,-0.00040,-0.00124,-0.00009,-0.00562,-0.00085,-0.00298
21088000000,0.00217,0.00010,0.00014,1.00000,-0.00042,-0.00138,-0.00005,-0.00589,-0.00163,-0.00349
21121000000,0.00220,0.00010,0.00014,1.00000,-0.00043,-0.00145,-0.00007,-0.00618,-0.00184,-0.00310
21154000000,0.00231,0.00010,0.00016,1.00000,-0.00046,-0.00146,-0.00008,-0.00761,-0.00200,-0.00324
21187000000,0.00232,0.00010,0.00017,1.00000,-0.00049,-0.00149,-0.00006,-0.00783,-0.00207,-0.00265
21220000000,0.00226,0.00011,0.00016,1.00000,-0.00047,-0.00155,-0.00003,-0.00805,-0.00079,-0.00246
21253000000,0.00208,0.00011,0.00014,1.00000,-0.00055,-0.00162,-0.00006,-0.00803,-0.00144,-0.00283
21286000000,0.00221,0.00010,0.00016,1.00000,-0.00054,-0.00169,-0.00006,-0.00860,-0.00265,-0.00338
21319000000,0.00225,0.00009,0.00017,1.00000,-0.00060,-0.00177,-0.00005,-0.00791,-0.00265,-0.00254
21352000000,0.00225,0.00009,0.00018,1.00000,-0.00063,-0.00182,-0.00005,-0.00814,-0.00241,-0.00153
21385000000,0.00209,0.00009,0.00017,1.00000,-0.00061,-0.00185,-0.00006,-0.00808,-0.00212,-0.00166
21418000000,0.00221,0.00009,0.00018,1.00000,-0.00063,-0.00190,-0.00005,-0.00871,-0.00249,-0.00134
21451000000,0.00229,0.00010,0.00021,1.00000,-0.00063,-0.00193,-0.00006,-0.00889,-0.00275,-0.00118
21484000000,0.00236,0.00010,0.00022,1.00000,-0.00062,-0.00195,-0.00005,-0.01117,-0.00275,-0.00073
21517000000,0.00216,0.00009,0.00021,1.00000,-0.00066,-0.00202,-0.00008,-0.01146,-0.00233,-0.00051
21550000000,0.00229,0.00010,0.00023,1.00000,-0.00066,-0.00206,-0.00006,-0.01014,-0.00258,0.00021
21583000000,0.00224,0.00008,0.00023,1.00000,-0.00068,-0.00203,-0.00007,-0.01082,-0.00375,0.00002
21616000000,0.00221,0.00007,0.00023,1.00000,-0.00069,-0.00206,-0.00003,-0.01209,-0.00423,-0.00027
21649000000,0.00235,0.00009,0.00026,1.00000,-0.00071,-0.00211,-0.00007,-0.01257,-0.00397,0.00010
21682000000,0.00227,0.00007,0.00025,1.00000,-0.00074,-0.00219,-0.00004,-0.01284,-0.00546,0.00019
21715000000,0.00244,0.00008,0.00029,1.00000,-0.00070,-0.00219,-0.00006,-0.01307,-0.00499,0.00006
21748000000,0.00203,0.00006,0.00023,1.00000,-0.00072,-0.00223,-0.00004,-0.01380,-0.00472,0.00027
21781000000,0.00243,0.00008,0.00028,1.00000,-0.00074,-0.00226,-0.00004,-0.01262,-0.00391,0.00168
21814000000,0.00235,0.00008,0.00028,1.00000,-0.00074,-0.00229,-0.00005,-0.01295,-0.00442,0.00087
21847000000,0.00243,0.00008,0.00029,1.00000,-0.00077,-0.00235,-0.00007,-0.01291,-0.00523,0.00085
21880000000,0.00232,0.00007,0.00029,1.00000,-0.00074,-0.00235,-0.00004,-0.01352,-0.00425,0.00251
21913000000,0.00218,0.00007,0.00029,1.00000,-0.00074,-0.00235,-0.00007,-0.01441,-0.00358,0.00283
21946000000,0.00218,0.00009,0.00029,1.00000,-0.00073,-0.00237,-0.00006,-0.01426,-0.00148,0.00310
21979000000,0.00207,0.00009,0.00027,1.00000,-0.00074,-0.00239,-0.00005,-0.01323,-0.00186,0.00383
22012000000,0.00207,0.00008,0.00028,1.00000,-0.00075,-0.00239,-0.00004,-0.01344,-0.00247,0.00373
22045000000,0.00224,0.00010,0.00031,1.00000,-0.00070,-0.00236,-0.00005,-0.01367,-0.00192,0.00363
22078000000,0.00224,0.00010,0.00030,1.00000,-0.00074,-0.00240,-0.00008,-0.01458,-0.00247,0.00304
22111000000,0.00228,0.00010,0.00030,1.00000,-0.00071,-0.00241,-0.00006,-0.01432,-0.00239,0.00347
22144000000,0.00214,0.00011,0.00030,1.00000,-0.00065,-0.00240,-0.00003,-0.01456,-0.00071,0.00529
22177000000,0.00219,0.00012,0.00032,1.00000,-0.00062,-0.00236,-0.00007,-0.01556,-0.00112,0.00524
22210000000,0.00207,0.00011,0.00032,1.00000,-0.00061,-0.00231,-0.00006,-0.01497,-0.00127,0.00612
22243000000,0.00207,0.00010,0.00033,1.00000,-0.00057,-0.00228,-0.00005,-0.01515,-0.00216,0.00638
22276000000,0.00226,0.00010,0.00035,1.00000,-0.00052,-0.00218,-0.00005,-0.01455,-0.00222,0.00643
22309000000,0.00201,0.00008,0.00031,1.00000,-0.00054,-0.00216,-0.00010,-0.01424,-0.00220,0.00505
22342000000,0.00224,0.00009,0.00033,1.00000,-0.00054,-0.00213,-0.00008,-0.01489,-0.00240,0.00434
22375000000,0.00214,0.00009,0.00028,1.00000,-0.00055,-0.00214,-0.00003,-0.01470,-0.00219,0.00339
22408000000,0.00217,0.00009,0.00029,1.00000,-0.00056,-0.00217,-0.00002,-0.01457,-0.00240,0.00319
22441000000,0.00219,0.00010,0.00030,1.00000,-0.00055,-0.00219,-0.00008,-0.01385,-0.00231,0.00353
22474000000,0.00224,0.00009,0.00032,1.00000,-0.00055,-0.00217,-0.00007,-0.01421,-0.00268,0.00488
22507000000,0.00227,0.00010,0.00033,1.00000,-0.00055,-0.00218,-0.00006,-0.01414,-0.00226,0.00473
22540000000,0.00226,0.00010,0.00032,1.00000,-0.00054,-0.00215,-0.00009,-0.01412,-0.00148,0.00370
22573000000,0.00229,0.00011,0.00031,1.00000,-0.00051,-0.00220,-0.00007,-0.01438,-0.00098,0.00296
22606000000,0.00193,0.00010,0.00027,1.00000,-0.00050,-0.00222,-0.00009,-0.01507,-0.00012,0.00422
22639000000,0.00222,0.00013,0.00031,1.00000,-0.00048,-0.00223,-0.00008,-0.01471,-0.00051,0.00423
22672000000,0.00218,0.00012,0.00030,1.00000,-0.00047,-0.00225,-0.00006,-0.01447,-0.00079,0.00389
22705000000,0.00216,0.00012,0.00028,1.00000,-0.00049,-0.00236,-0.00005,-0.01402,-0.00046,0.00212
22738000000,0.00210,0.00011,0.00026,1.00000,-0.00050,-0.00245,-0.00006,-0.01343,-0.00111,0.00221
22771000000,0.00221,0.00011,0.00028,1.00000,-0.00051,-0.00257,-0.00004,-0.01414,-0.00054,0.00208
22804000000,0.00208,0.00012,0.00025,1.00000,-0.00051,-0.00268,-0.00003,-0.01432,-0.00002,0.00175
22837000000,0.00208,0.00013,0.00025,1.00000,-0.00053,-0.00286,-0.00005,-0.01440,0.00055,0.00185
22870000000,0.00219,0.00014,0.00025,1.00000,-0.00054,-0.00304,-0.00005,-0.01423,0.00120,0.00170
22903000000,0.00205,0.00014,0.00025,0.99999,-0.00059,-0.00318,-0.00007,-0.01431,0.00171,0.00112
22936000000,0.00226,0.00016,0.00026,0.99999,-0.00062,-0.00346,-0.00004,-0.01554,0.00099,0.00138
22969000000,0.00224,0.00016,0.00027,0.99999,-0.00061,-0.00368,-0.00005,-0.01541,0.00174,0.00106
23002000000,0.00222,0.00016,0.00027,0.99999,-0.00065,-0.00390,-0.00006,-0.01571,0.00072,0.00134
23035000000,0.00222,0.00015,0.00027,0.99999,-0.00070,-0.00411,-0.00008,-0.01493,0.00056,0.00132
23068000000,0.00219,0.00014,0.00028,0.99999,-0.00065,-0.00418,-0.00005,-0.01583,0.00014,0.00197
23101000000,0.00215,0.00014,0.00028,0.99999,-0.00067,-0.00429,-0.00006,-0.01581,0.00079,0.00185
23134000000,0.00214,0.00015,0.00027,0.99999,-0.00067,-0.00456,-0.00006,-0.01421,0.00157,0.00145
23167000000,0.00198,0.00016,0.00025,0.99999,-0.00067,-0.00482,-0.00008,-0.01396,0.00272,0.00205
23200000000,0.00208,0.00015,0.00026,0.99999,-0.00070,-0.00508,-0.00005,-0.01412,0.00265,0.00267
23233000000,0.00203,0.00017,0.00026,0.99999,-0.00065,-0.00524,-0.00005,-0.01436,0.00300,0.00252
23266000000,0.00212,0.00017,0.00026,0.99999,-0.00065,-0.00538,-0.00005,-0.01424,0.00346,0.00248
23299000000,0.00207,0.00018,0.00025,0.99998,-0.00066,-0.00562,-0.00005,-0.01338,0.00309,0.00257
23332000000,0.00197,0.00015,0.00026,0.99998,-0.00066,-0.00576,-0.00005,-0.01372,0.00183,0.00369
23365000000,0.00198,0.00015,0.00027,0.99998,-0.00065,-0.00587,-0.00003,-0.01342,0.00219,0.00395
23398000000,0.00199,0.00016,0.00028,0.99998,-0.00062,-0.00595,-0.00006,-0.01460,0.00303,0.00439
23431000000,0.00204,0.00017,0.00029,0.99998,-0.00056,-0.00603,-0.00006,-0.01450,0.00388,0.00446
23464000000,0.00199,0.00018,0.00028,0.99998,-0.00050,-0.00609,-0.00004,-0.01530,0.00380,0.00453
23497000000,0.00201,0.00018,0.00028,0.99998,-0.00047,-0.00616,-0.00005,-0.01516,0.00364,0.00448
23530000000,0.00198,0.00019,0.00027,0.99998,-0.00044,-0.00625,-0.00004,-0.01567,0.00436,0.00365
23563000000,0.00191,0.00019,0.00026,0.99998,-0.00045,-0.00649,-0.00004,-0.01595,0.00440,0.00320
23596000000,0.00221,0.00021,0.00028,0.99998,-0.00043,-0.00667,-0.00005,-0.01466,0.00427,0.00331
23629000000,0.00197,0.00019,0.00026,0.99998,-0.00042,-0.00680,-0.00006,-0.01383,0.00515,0.00373
23662000000,0.00216,0.00020,0.00027,0.99998,-0.00041,-0.00702,-0.00004,-0.01353,0.00391,0.00379
23695000000,0.00193,0.00018,0.00027,0.99997,-0.00035,-0.00709,-0.00005,-0.01368,0.00396,0.00421
23728000000,0.00195,0.00018,0.00027,0.99997,-0.00031,-0.00712,-0.00006,-0.01341,0.00401,0.00512
23761000000,0.00189,0.00018,0.00027,0.99997,-0.00027,-0.00713,-0.00006,-0.01322,0.00453,0.00497
23794000000,0.00198,0.00020,0.00029,0.99997,-0.00022,-0.00708,-0.00007,-0.01274,0.00449,0.00581
23827000000,0.00202,0.00019,0.00030,0.99998,-0.00015,-0.00703,-0.00002,-0.01302,0.00359,0.00643
23860000000,0.00201,0.00017,0.00031,0.99998,-0.00012,-0.00688,-0.00004,-0.01222,0.00289,0.00670
23893000000,0.00196,0.00017,0.00031,0.99998,-0.00006,-0.00670,-0.00007,-0.01200,0.00427,0.00657
23926000000,0.00198,0.00019,0.00030,0.99998,0.00004,-0.00654,-0.00005,-0.01271,0.00418,0.00562
23959000000,0.00200,0.00020,0.00028,0.99998,0.00019,-0.00645,-0.00002,-0.01344,0.00447,0.00553
23992000000,0.00200,0.00020,0.00029,0.99998,0.00023,-0.00644,-0.00003,-0.01445,0.00432,0.00586
24025000000,0.00192,0.00020,0.00029,0.99998,0.00031,-0.00636,-0.00005,-0.01404,0.00516,0.00634
24058000000,0.00192,0.00020,0.00028,0.99998,0.00035,-0.00633,-0.00005,-0.01442,0.00466,0.00576
24091000000,0.00180,0.00020,0.00026,0.99998,0.00040,-0.00635,-0.00003,-0.01342,0.00564,0.00542
24124000000,0.00193,0.00022,0.00027,0.99998,0.00045,-0.00636,-0.00004,-0.01395,0.00519,0.00528
24157000000,0.00195,0.00022,0.00028,0.99998,0.00049,-0.00633,-0.00007,-0.01361,0.00612,0.00689
24190000000,0.00198,0.00022,0.00030,0.99998,0.00055,-0.00623,-0.00005,-0.01412,0.00571,0.00706
24223000000,0.00211,0.00022,0.00032,0.99998,0.00062,-0.00605,-0.00005,-0.01381,0.00504,0.00736
24256000000,0.00197,0.00021,0.00031,0.99998,0.00067,-0.00591,-0.00006,-0.01412,0.00485,0.00781
24289000000,0.00201,0.00023,0.00031,0.99998,0.00082,-0.00567,-0.00006,-0.01464,0.00676,0.00693
24322000000,0.00200,0.00022,0.00028,0.99998,0.00084,-0.00563,-0.00004,-0.01364,0.00510,0.00528
24355000000,0.00187,0.00020,0.00027,0.99998,0.00093,-0.00566,-0.00005,-0.01478,0.00542,0.00521
24388000000,0.00176,0.00021,0.00025,0.99998,0.00097,-0.00577,-0.00005,-0.01587,0.00573,0.00527
24421000000,0.00194,0.00022,0.00027,0.99998,0.00103,-0.00599,-0.00005,-0.01603,0.00629,0.00524
24454000000,0.00186,0.00023,0.00027,0.99998,0.00112,-0.00609,-0.00003,-0.01652,0.00652,0.00531
24487000000,0.00212,0.00024,0.00029,0.99998,0.00116,-0.00625,-0.00006,-0.01655,0.00679,0.00527
24520000000,0.00201,0.00025,0.00029,0.99998,0.00125,-0.00636,-0.00003,-0.01658,0.00711,0.00570
24553000000,0.00196,0.00025,0.00029,0.99998,0.00131,-0.00653,-0.00003,-0.01764,0.00704,0.00666
24586000000,0.00213,0.00025,0.00032,0.99998,0.00137,-0.00660,-0.00005,-0.01790,0.00720,0.00657
24619000000,0.00201,0.00026,0.00031,0.99998,0.00151,-0.00666,-0.00003,-0.01770,0.00724,0.00693
24652000000,0.00196,0.00025,0.00030,0.99998,0.00160,-0.00672,-0.00002,-0.01710,0.00667,0.00719
24685000000,0.00210,0.00026,0.00032,0.99998,0.00165,-0.00671,-0.00004,-0.01701,0.00728,0.00722
24718000000,0.00207,0.00026,0.00032,0.99998,0.00173,-0.00669,0.00000,-0.01690,0.00695,0.00794
24751000000,0.00216,0.00028,0.00034,0.99998,0.00182,-0.00639,-0.00004,-0.01562,0.00731,0.00860
24784000000,0.00203,0.00026,0.00031,0.99998,0.00188,-0.00606,-0.00004,-0.01317,0.00709,0.00804
24817000000,0.00202,0.00026,0.00030,0.99998,0.00193,-0.00568,-0.00004,-0.01139,0.00729,0.00849
24850000000,0.00202,0.00025,0.00030,0.99998,0.00192,-0.00532,-0.00003,-0.01080,0.00596,0.00909
24883000000,0.00232,0.00027,0.00035,0.99999,0.00194,-0.00487,-0.00004,-0.01017,0.00636,0.00985
24916000000,0.00229,0.00027,0.00035,0.99999,0.00193,-0.00438,-0.00003,-0.01114,0.00655,0.00961
24949000000,0.00228,0.00028,0.00035,0.99999,0.00195,-0.00386,-0.00004,-0.01150,0.00714,0.00986
24982000000,0.00217,0.00027,0.00032,0.99999,0.00196,-0.00356,-0.00003,-0.01149,0.00654,0.00906
25015000000,0.00218,0.00028,0.00032,0.99999,0.00196,-0.00305,-0.00004,-0.01153,0.00759,0.01020
25048000000,0.00223,0.00030,0.00033,0.99999,0.00198,-0.00250,-0.00003,-0.01146,0.00761,0.01053
25081000000,0.00230,0.00030,0.00036,1.00000,0.00192,-0.00202,-0.00004,-0.01292,0.00744,0.01247
25114000000,0.00243,0.00030,0.00040,1.00000,0.00187,-0.00153,-0.00001,-0.01144,0.00611,0.01276
25147000000,0.00247,0.00029,0.00041,1.00000,0.00180,-0.00093,-0.00003,-0.01001,0.00625,0.01397
25180000000,0.00255,0.00030,0.00044,1.00000,0.00176,-0.00024,-0.00006,-0.01077,0.00647,0.01450
25213000000,0.00261,0.00031,0.00045,1.00000,0.00171,0.00044,-0.00004,-0.01032,0.00676,0.01443
25246000000,0.00267,0.00033,0.00046,1.00000,0.00166,0.00114,-0.00007,-0.00963,0.00809,0.01491
25279000000,0.00266,0.00034,0.00046,1.00000,0.00156,0.00168,-0.00006,-0.01028,0.00748,0.01586
25312000000,0.00273,0.00033,0.00048,1.00000,0.00149,0.00221,-0.00003,-0.01043,0.00660,0.01675
25345000000,0.00278,0.00033,0.00050,1.00000,0.00143,0.00279,-0.00004,-0.01001,0.00639,0.01720
25378000000,0.00285,0.00033,0.00051,0.99999,0.00135,0.00329,-0.00004,-0.00931,0.00566,0.01670
25411000000,0.00272,0.00030,0.00048,0.99999,0.00128,0.00392,-0.00004,-0.00858,0.00533,0.01657
25444000000,0.00262,0.00031,0.00048,0.99999,0.00122,0.00471,-0.00008,-0.00915,0.00611,0.01633
25477000000,0.00271,0.00032,0.00048,0.99998,0.00113,0.00550,-0.00007,-0.00803,0.00592,0.01719
25510000000,0.00296,0.00033,0.00050,0.99998,0.00100,0.00646,-0.00007,-0.00887,0.00601,0.01785
25543000000,0.00291,0.00034,0.00052,0.99998,0.00098,0.00697,-0.00007,-0.00981,0.00647,0.01882
25576000000,0.00286,0.00034,0.00053,0.99997,0.00091,0.00747,-0.00008,-0.01146,0.00713,0.01890
25609000000,0.00283,0.00034,0.00053,0.99997,0.00086,0.00796,-0.00009,-0.01113,0.00655,0.01820
25642000000,0.00288,0.00033,0.00053,0.99996,0.00080,0.00851,-0.00006,-0.01123,0.00573,0.01905
25675000000,0.00289,0.00032,0.00052,0.99996,0.00076,0.00903,-0.00006,-0.01001,0.00491,0.01809
25708000000,0.00284,0.00031,0.00050,0.99995,0.00071,0.00955,-0.00006,-0.01053,0.00510,0.01801
25741000000,0.00288,0.00031,0.00051,0.99995,0.00064,0.01036,-0.00005,-0.00936,0.00449,0.01854
25774000000,0.00288,0.00029,0.00052,0.99994,0.00055,0.01099,-0.00006,-0.00899,0.00303,0.01937
25807000000,0.00310,0.00031,0.00054,0.99993,0.00043,0.01215,-0.00007,-0.00858,0.00319,0.02042
25840000000,0.00313,0.00031,0.00057,0.99992,0.00034,0.01303,-0.00006,-0.00763,0.00244,0.02186
25873000000,0.00320,0.00029,0.00059,0.99990,0.00023,0.01392,-0.00005,-0.00653,0.00054,0.02161
25906000000,0.00302,0.00026,0.00056,0.99989,0.00014,0.01460,-0.00007,-0.00681,0.00128,0.02124
25939000000,0.00309,0.00027,0.00058,0.99988,0.00005,0.01528,-0.00007,-0.00721,0.00107,0.02148
25972000000,0.00313,0.00027,0.00058,0.99987,0.00000,0.01592,-0.00008,-0.00616,0.00153,0.02108
26005000000,0.00305,0.00025,0.00054,0.99986,-0.00010,0.01662,-0.00005,-0.00452,-0.00027,0.02072
26038000000,0.00317,0.00024,0.00058,0.99984,-0.00022,0.01766,-0.00007,-0.00529,-0.00022,0.02210
26071000000,0.00320,0.00025,0.00057,0.99983,-0.00030,0.01857,-0.00009,-0.00537,0.00095,0.02053
26104000000,0.00305,0.00024,0.00051,0.99981,-0.00043,0.01949,-0.00005,-0.00555,-0.00041,0.02063
26137000000,0.00302,0.00023,0.00051,0.99979,-0.00052,0.02061,-0.00003,-0.00493,-0.00108,0.02157
26170000000,0.00328,0.00024,0.00054,0.99976,-0.00069,0.02200,-0.00004,-0.00478,-0.00230,0.02141
26203000000,0.00325,0.00022,0.00053,0.99973,-0.00084,0.02333,-0.00004,-0.00416,-0.00213,0.02111
26236000000,0.00309,0.00020,0.00051,0.99970,-0.00096,0.02442,-0.00007,-0.00481,-0.00195,0.02093
26269000000,0.00330,0.00018,0.00051,0.99967,-0.00111,0.02575,-0.00003,0.00919,-0.00391,0.01994
26302000000,0.00447,0.00020,0.00058,0.99964,-0.00132,0.02670,-0.00001,0.03835,-0.00764,0.02017
26335000000,0.00592,0.00028,0.00063,0.99962,-0.00154,0.02759,-0.00001,0.06863,-0.00832,0.01836
26368000000,0.00764,0.00035,0.00071,0.99960,-0.00176,0.02831,-0.00006,0.09488,-0.00935,0.01654
26401000000,0.00976,0.00037,0.00074,0.99958,-0.00193,0.02886,-0.00005,0.10554,-0.00940,0.01659
26434000000,0.01282,0.00040,0.00077,0.99957,-0.00205,0.02929,-0.00002,0.12122,-0.00931,0.01553
26467000000,0.01594,0.00041,0.00072,0.99956,-0.00211,0.02956,-0.00001,0.09190,-0.00856,0.01741
26500000000,0.01850,0.00037,0.00063,0.99955,-0.00216,0.02976,-0.00001,0.06958,-0.00973,0.01954
26533000000,0.02023,0.00031,0.00054,0.99955,-0.00221,0.02990,0.00001,0.04393,-0.00980,0.02073
26566000000,0.02123,0.00046,0.00076,0.99955,-0.00223,0.03006,-0.00003,0.01717,-0.00945,0.02177
26599000000,0.02154,0.00047,0.00084,0.99954,-0.00225,0.03016,-0.00002,-0.00244,-0.00934,0.02340
26632000000,0.02158,0.00047,0.00086,0.99954,-0.00228,0.03025,-0.00004,-0.00186,-0.00958,0.02344
26665000000,0.02159,0.00047,0.00085,0.99954,-0.00227,0.03039,-0.00003,-0.00126,-0.00946,0.02326
26698000000,0.02159,0.00047,0.00083,0.99953,-0.00230,0.03052,-0.00003,-0.00170,-0.00990,0.02253
26731000000,0.02159,0.00044,0.00082,0.99953,-0.00232,0.03061,-0.00002,-0.00112,-0.01156,0.02270
26764000000,0.02160,0.00045,0.00081,0.99952,-0.00231,0.03077,-0.00004,-0.00107,-0.01139,0.02133
26797000000,0.02158,0.00043,0.00080,0.99952,-0.00232,0.03087,-0.00002,-0.00199,-0.01228,0.02168
26830000000,0.02157,0.00043,0.00080,0.99952,-0.00234,0.03098,-0.00003,-0.00271,-0.01203,0.02120
26863000000,0.02156,0.00044,0.00079,0.99951,-0.00232,0.03109,-0.00005,-0.00278,-0.01169,0.02112
26896000000,0.02154,0.00044,0.00078,0.99951,-0.00232,0.03121,-0.00002,-0.00374,-0.01149,0.02063
26929000000,0.02152,0.00044,0.00076,0.99951,-0.00234,0.03128,-0.00001,-0.00519,-0.01116,0.02063
26962000000,0.02151,0.00045,0.00077,0.99950,-0.00232,0.03141,-0.00003,-0.00583,-0.01128,0.02071
26995000000,0.02150,0.00044,0.00074,0.99950,-0.00231,0.03148,0.00000,-0.00638,-0.01140,0.01984
27028000000,0.02152,0.00045,0.00073,0.99950,-0.00232,0.03153,-0.00002,-0.00454,-0.01044,0.01964
27061000000,0.02154,0.00046,0.00073,0.99949,-0.00229,0.03170,-0.00003,-0.00442,-0.01002,0.02001
27094000000,0.02152,0.00047,0.00074,0.99949,-0.00230,0.03185,-0.00005,-0.00465,-0.01050,0.02082
27127000000,0.02151,0.00045,0.00073,0.99949,-0.00230,0.03196,-0.00002,-0.00553,-0.01021,0.02000
27160000000,0.02153,0.00046,0.00071,0.99948,-0.00227,0.03205,0.00001,-0.00456,-0.00938,0.02012
27193000000,0.02152,0.00048,0.00071,0.99948,-0.00225,0.03214,-0.00001,-0.00515,-0.00777,0.01965
27226000000,0.02152,0.00050,0.00069,0.99948,-0.00223,0.03220,-0.00000,-0.00428,-0.00696,0.01895
27259000000,0.02154,0.00053,0.00069,0.99948,-0.00223,0.03227,-0.00004,-0.00415,-0.00549,0.01897
27292000000,0.02156,0.00053,0.00066,0.99947,-0.00221,0.03237,-0.00002,-0.00240,-0.00510,0.01791
27325000000,0.02154,0.00054,0.00066,0.99947,-0.00221,0.03248,-0.00002,-0.00344,-0.00400,0.01812
27358000000,0.02153,0.00054,0.00065,0.99947,-0.00221,0.03253,0.00001,-0.00481,-0.00359,0.01877
27391000000,0.02152,0.00055,0.00065,0.99947,-0.00224,0.03262,-0.00004,-0.00568,-0.00418,0.01762
27424000000,0.02151,0.00053,0.00064,0.99946,-0.00224,0.03270,-0.00002,-0.00499,-0.00509,0.01747
27457000000,0.02151,0.00052,0.00064,0.99946,-0.00222,0.03279,-0.00002,-0.00592,-0.00614,0.01747
27490000000,0.02144,0.00046,0.00056,0.99946,-0.00226,0.03289,-0.00001,-0.00602,-0.00706,0.01841
27523000000,0.02145,0.00045,0.00056,0.99945,-0.00226,0.03302,-0.00002,-0.00540,-0.00734,0.01727
27556000000,0.02149,0.00049,0.00063,0.99945,-0.00226,0.03312,-0.00002,-0.00605,-0.00748,0.01830
27589000000,0.02150,0.00049,0.00065,0.99945,-0.00226,0.03321,-0.00003,-0.00581,-0.00738,0.01940
27622000000,0.02152,0.00049,0.00065,0.99944,-0.00225,0.03333,-0.00001,-0.00443,-0.00719,0.01977
27655000000,0.02155,0.00050,0.00065,0.99944,-0.00223,0.03346,-0.00001,-0.00450,-0.00751,0.02029
27688000000,0.02154,0.00050,0.00067,0.99943,-0.00223,0.03363,-0.00002,-0.00353,-0.00755,0.02183
27721000000,0.02154,0.00049,0.00067,0.99943,-0.00223,0.03373,-0.00000,-0.00414,-0.00734,0.02113
27754000000,0.02154,0.00050,0.00067,0.99942,-0.00228,0.03386,-0.00004,-0.00399,-0.00654,0.02205
27787000000,0.02156,0.00050,0.00066,0.99942,-0.00225,0.03405,-0.00002,-0.00250,-0.00774,0.02118
27820000000,0.02158,0.00048,0.00063,0.99941,-0.00227,0.03420,0.00000,-0.00165,-0.00830,0.02154
27853000000,0.02158,0.00045,0.00063,0.99941,-0.00229,0.03432,0.00002,-0.00230,-0.00961,0.02121
27886000000,0.02157,0.00046,0.00063,0.99940,-0.00228,0.03446,0.00001,-0.00330,-0.01021,0.02109
27919000000,0.02154,0.00044,0.00061,0.99940,-0.00229,0.03457,-0.00001,-0.00468,-0.01153,0.01952
27952000000,0.02153,0.00044,0.00060,0.99940,-0.00229,0.03470,-0.00003,-0.00477,-0.01203,0.01979
27985000000,0.02153,0.00044,0.00060,0.99939,-0.00227,0.03485,-0.00004,-0.00545,-0.01237,0.01912
28018000000,0.02151,0.00042,0.00059,0.99938,-0.00225,0.03500,-0.00002,-0.00535,-0.01351,0.01989
28051000000,0.02150,0.00039,0.00058,0.99938,-0.00227,0.03513,0.00001,-0.00631,-0.01443,0.01853
28084000000,0.02168,0.00037,0.00055,0.99938,-0.00226,0.03527,-0.00000,0.00764,-0.01537,0.01728
28117000000,0.02250,0.00031,0.00041,0.99937,-0.00226,0.03539,0.00003,0.03801,-0.01571,0.01542
28150000000,0.02398,0.00007,0.00009,0.99936,-0.00228,0.03556,0.00002,0.05987,-0.01694,0.01408
28183000000,0.02638,0.00003,-0.00005,0.99936,-0.00230,0.03576,-0.00001,0.08039,-0.01615,0.01185
28216000000,0.02972,-0.00008,-0.00025,0.99935,-0.00235,0.03589,0.00004,0.10911,-0.01688,0.00870
28249000000,0.03368,-0.00017,-0.00046,0.99935,-0.00241,0.03607,0.00005,0.12366,-0.01742,0.00760
28282000000,0.03841,-0.00017,-0.00069,0.99934,-0.00247,0.03629,-0.00001,0.15019,-0.01730,0.00527
28315000000,0.04390,-0.00022,-0.00100,0.99933,-0.00252,0.03642,0.00004,0.16573,-0.01918,0.00497
28348000000,0.05032,-0.00040,-0.00150,0.99933,-0.00253,0.03654,0.00005,0.19989,-0.01974,0.00144
28381000000,0.05785,-0.00072,-0.00220,0.99932,-0.00257,0.03668,0.00005,0.22808,-0.01941,-0.00080
28414000000,0.06567,-0.00112,-0.00322,0.99932,-0.00256,0.03672,0.00013,0.25450,-0.01991,-0.00122
28447000000,0.07458,-0.00140,-0.00404,0.99932,-0.00258,0.03676,0.00014,0.28059,-0.01931,-0.00156
28480000000,0.08439,-0.00121,-0.00441,0.99932,-0.00261,0.03685,0.00011,0.29676,-0.02032,-0.00266
28513000000,0.09530,-0.00129,-0.00512,0.99932,-0.00258,0.03692,0.00012,0.32563,-0.02093,-0.00516
28546000000,0.10686,-0.00126,-0.00592,0.99931,-0.00258,0.03698,0.00009,0.34875,-0.01880,-0.00727
28579000000,0.11908,-0.00128,-0.00677,0.99931,-0.00257,0.03702,0.00012,0.35414,-0.01918,-0.00849
28612000000,0.13206,-0.00123,-0.00768,0.99931,-0.00261,0.03710,0.00010,0.38226,-0.01921,-0.01124
28645000000,0.14620,-0.00112,-0.00869,0.99931,-0.00254,0.03715,0.00011,0.41327,-0.01841,-0.01336
28678000000,0.16104,-0.00098,-0.00978,0.99930,-0.00254,0.03723,0.00008,0.44290,-0.01858,-0.01491
28711000000,0.17673,-0.00089,-0.01093,0.99930,-0.00254,0.03730,0.00012,0.46794,-0.01752,-0.01664
28744000000,0.19260,-0.00142,-0.01167,0.99929,-0.00248,0.03756,0.00013,0.48295,-0.01881,-0.01836
28777000000,0.20927,-0.00179,-0.01254,0.99927,-0.00233,0.03820,0.00013,0.51397,-0.01675,-0.02161
28810000000,0.22689,-0.00206,-0.01403,0.99922,-0.00200,0.03948,0.00013,0.53726,-0.01553,-0.02503
28843000000,0.24512,-0.00237,-0.01589,0.99915,-0.00151,0.04123,0.00013,0.56080,-0.01640,-0.03141
28876000000,0.26417,-0.00254,-0.01830,0.99905,-0.00088,0.04352,0.00009,0.59132,-0.01657,-0.03940
28909000000,0.28408,-0.00269,-0.02190,0.99889,0.00020,0.04718,0.00006,0.61353,-0.01597,-0.04708
28942000000,0.30471,-0.00271,-0.02657,0.99867,0.00131,0.05159,-0.00001,0.63979,-0.01385,-0.05558
28975000000,0.32610,-0.00284,-0.03146,0.99846,0.00220,0.05544,-0.00006,0.66849,-0.01131,-0.06495
29008000000,0.34821,-0.00294,-0.03717,0.99819,0.00323,0.06001,-0.00014,0.69437,-0.01044,-0.07554
29041000000,0.37093,-0.00267,-0.04264,0.99797,0.00390,0.06354,-0.00025,0.70386,-0.00884,-0.08335
29074000000,0.39565,-0.00048,-0.05280,0.99742,0.00579,0.07157,-0.00050,0.72299,-0.00242,-0.10118
29107000000,0.41942,-0.00032,-0.06174,0.99693,0.00746,0.07791,-0.00066,0.75436,-0.00188,-0.11616
29140000000,0.44412,-0.00042,-0.07188,0.99637,0.00954,0.08458,-0.00088,0.77586,-0.00151,-0.13036
29173000000,0.46892,-0.00101,-0.08304,0.99575,0.01210,0.09131,-0.00117,0.80621,-0.00315,-0.14755
29206000000,0.49519,-0.00105,-0.09295,0.99528,0.01422,0.09601,-0.00145,0.82090,-0.00381,-0.15924
29239000000,0.52256,-0.00126,-0.10232,0.99491,0.01605,0.09948,-0.00167,0.85448,-0.00546,-0.17315
29272000000,0.55088,-0.00115,-0.11101,0.99463,0.01754,0.10195,-0.00188,0.88283,-0.00389,-0.18418
29305000000,0.58050,-0.00047,-0.12050,0.99430,0.01980,0.10477,-0.00217,0.89709,-0.00455,-0.19278
29338000000,0.60970,-0.00102,-0.12889,0.99409,0.02164,0.10639,-0.00238,0.91408,-0.00517,-0.19955
29371000000,0.64045,-0.00092,-0.13728,0.99391,0.02348,0.10768,-0.00261,0.94343,-0.00532,-0.20784
29404000000,0.67212,-0.00087,-0.14554,0.99376,0.02528,0.10862,-0.00285,0.97601,-0.00534,-0.21692
29437000000,0.70424,-0.00119,-0.15323,0.99368,0.02665,0.10904,-0.00295,1.00042,-0.00650,-0.22146
29470000000,0.73729,-0.00152,-0.16124,0.99360,0.02793,0.10939,-0.00312,1.02849,-0.00709,-0.22819
29503000000,0.77177,-0.00091,-0.16937,0.99349,0.03015,0.10985,-0.00335,1.04049,-0.00616,-0.23076
29536000000,0.80649,-0.00118,-0.17751,0.99341,0.03207,0.10999,-0.00358,1.06926,-0.00490,-0.23739
29569000000,0.84220,-0.00142,-0.18600,0.99331,0.03433,0.11022,-0.00383,1.09001,-0.00519,-0.24292
29602000000,0.87909,-0.00152,-0.19451,0.99321,0.03654,0.11035,-0.00405,1.11483,-0.00482,-0.24838
29635000000,0.91658,-0.00173,-0.20289,0.99316,0.03801,0.11034,-0.00417,1.14268,-0.00660,-0.25517
29668000000,0.95615,-0.00101,-0.21109,0.99310,0.04009,0.11008,-0.00433,1.15597,-0.00552,-0.25611
29701000000,0.99439,-0.00134,-0.21928,0.99305,0.04175,0.10995,-0.00452,1.17094,-0.00575,-0.26006
29734000000,1.03381,-0.00147,-0.22768,0.99301,0.04297,0.10984,-0.00462,1.20465,-0.00472,-0.26771
29767000000,1.07414,-0.00154,-0.23631,0.99297,0.04409,0.10970,-0.00477,1.23324,-0.00381,-0.27342
29800000000,1.11665,-0.00100,-0.24418,0.99293,0.04647,0.10911,-0.00492,1.25751,-0.00418,-0.27671
29833000000,1.15844,-0.00134,-0.25305,0.99285,0.04835,0.10899,-0.00511,1.27948,-0.00442,-0.28180
29866000000,1.20138,-0.00121,-0.26201,0.99277,0.05027,0.10889,-0.00534,1.30856,-0.00486,-0.28766
29899000000,1.24566,-0.00097,-0.27133,0.99272,0.05138,0.10880,-0.00547,1.34131,-0.00462,-0.29469
29932000000,1.29182,0.00002,-0.27955,0.99271,0.05305,0.10811,-0.00566,1.37223,-0.00436,-0.29874
29965000000,1.33738,0.00001,-0.28785,0.99270,0.05435,0.10752,-0.00581,1.37839,-0.00468,-0.29790
29998000000,1.38344,-0.00000,-0.29719,0.99267,0.05517,0.10734,-0.00586,1.40506,-0.00437,-0.30226
30031000000,1.43201,0.00097,-0.30475,0.99271,0.05640,0.10632,-0.00594,1.43468,-0.00295,-0.30709
30064000000,1.48045,0.00096,-0.31420,0.99272,0.05684,0.10604,-0.00598,1.46853,-0.00201,-0.31367
30097000000,1.52899,0.00086,-0.32427,0.99271,0.05718,0.10589,-0.00601,1.46780,-0.00234,-0.31332
30130000000,1.57731,0.00053,-0.33515,0.99269,0.05736,0.10604,-0.00597,1.46674,-0.00290,-0.31461
30163000000,1.62754,0.00177,-0.34550,0.99270,0.05773,0.10573,-0.00602,1.46788,-0.00216,-0.31563
30196000000,1.67558,0.00163,-0.35567,0.99268,0.05804,0.10571,-0.00607,1.46667,-0.00235,-0.31676
30229000000,1.72402,0.00170,-0.36602,0.99267,0.05825,0.10573,-0.00609,1.46733,-0.00209,-0.31605
30262000000,1.77366,0.00284,-0.37534,0.99272,0.05840,0.10517,-0.00609,1.46934,-0.00106,-0.31409
30295000000,1.82206,0.00284,-0.38486,0.99275,0.05839,0.10491,-0.00612,1.46837,-0.00117,-0.31293
30328000000,1.87057,0.00286,-0.39493,0.99277,0.05832,0.10475,-0.00613,1.46797,-0.00018,-0.31277
30361000000,1.91918,0.00367,-0.40471,0.99279,0.05831,0.10451,-0.00609,1.46640,0.00159,-0.31281
30394000000,1.96751,0.00351,-0.41527,0.99278,0.05836,0.10460,-0.00611,1.46549,0.00098,-0.31451
30427000000,2.01554,0.00352,-0.42576,0.99277,0.05841,0.10467,-0.00609,1.46383,0.00080,-0.31484
30460000000,2.06348,0.00395,-0.43584,0.99279,0.05838,0.10447,-0.00607,1.46065,0.00096,-0.31444
30493000000,2.11182,0.00379,-0.44632,0.99278,0.05844,0.10461,-0.00608,1.46047,0.00113,-0.31195
30526000000,2.15997,0.00380,-0.45679,0.99276,0.05851,0.10469,-0.00608,1.45978,0.00181,-0.31099
30559000000,2.20805,0.00384,-0.46731,0.99274,0.05866,0.10485,-0.00614,1.45975,0.00145,-0.31140
30592000000,2.25579,0.00396,-0.47839,0.99266,0.05935,0.10520,-0.00627,1.45799,0.00227,-0.31181
30625000000,2.30409,0.00418,-0.48914,0.99262,0.05978,0.10534,-0.00631,1.45703,0.00257,-0.31295
30658000000,2.35217,0.00422,-0.49979,0.99260,0.05999,0.10539,-0.00635,1.45597,0.00310,-0.31317
30691000000,2.40024,0.00439,-0.51014,0.99260,0.06005,0.10534,-0.00633,1.45532,0.00259,-0.31385
30724000000,2.44788,0.00427,-0.52203,0.99245,0.06130,0.10599,-0.00652,1.45432,0.00271,-0.31586
30757000000,2.49535,0.00426,-0.53408,0.99231,0.06266,0.10652,-0.00669,1.45326,0.00226,-0.31733
30790000000,2.54298,0.00431,-0.54522,0.99223,0.06346,0.10677,-0.00681,1.45179,0.00374,-0.31774
30823000000,2.59094,0.00430,-0.55579,0.99223,0.06349,0.10677,-0.00686,1.45026,0.00275,-0.31751
30856000000,2.63807,0.00411,-0.56759,0.99209,0.06472,0.10732,-0.00697,1.44878,0.00324,-0.31955
30889000000,2.68523,0.00411,-0.57945,0.99191,0.06654,0.10788,-0.00722,1.44758,0.00439,-0.31978
30922000000,2.73374,0.00456,-0.58909,0.99190,0.06721,0.10753,-0.00729,1.44651,0.00569,-0.31883
30955000000,2.78138,0.00521,-0.59756,0.99199,0.06706,0.10682,-0.00731,1.44426,0.00619,-0.31694
30988000000,2.82940,0.00566,-0.60611,0.99192,0.06878,0.10635,-0.00746,1.44337,0.00705,-0.31483
31021000000,2.87675,0.00595,-0.61493,0.99191,0.06968,0.10588,-0.00754,1.44221,0.00800,-0.31299
31054000000,2.92427,0.00619,-0.62442,0.99190,0.07012,0.10562,-0.00754,1.44168,0.00825,-0.31174
31087000000,2.97199,0.00650,-0.63381,0.99191,0.07041,0.10533,-0.00759,1.44044,0.00835,-0.31125
31120000000,3.02053,0.00727,-0.64070,0.99193,0.07163,0.10432,-0.00765,1.44106,0.00846,-0.30873
31153000000,3.06826,0.00769,-0.64934,0.99203,0.07119,0.10373,-0.00753,1.44039,0.00834,-0.30848
31186000000,3.11624,0.00776,-0.65914,0.99208,0.07080,0.10352,-0.00746,1.44015,0.00792,-0.30811
31219000000,3.16390,0.00807,-0.66884,0.99209,0.07071,0.10340,-0.00745,1.44016,0.00818,-0.30744
31252000000,3.21098,0.00764,-0.67957,0.99204,0.07107,0.10368,-0.00747,1.43895,0.00764,-0.30769
31285000000,3.25859,0.00793,-0.68959,0.99202,0.07142,0.10365,-0.00752,1.43690,0.00810,-0.30826
31318000000,3.30632,0.00830,-0.69923,0.99201,0.07163,0.10353,-0.00759,1.43560,0.00769,-0.30777
31351000000,3.35545,0.00857,-0.70884,0.99204,0.07156,0.10335,-0.00756,1.43605,0.00750,-0.30743
31384000000,3.40428,0.00840,-0.71784,0.99201,0.07229,0.10311,-0.00769,1.43829,0.00694,-0.30745
31417000000,3.45209,0.00870,-0.72556,0.99203,0.07294,0.10248,-0.00772,1.43762,0.00690,-0.30587
31483000000,3.54727,0.00901,-0.74358,0.99205,0.07338,0.10194,-0.00770,1.43669,0.00905,-0.30334
31549000000,3.64486,0.00893,-0.75883,0.99209,0.07455,0.10073,-0.00768,1.43877,0.00551,-0.29973
31582000000,3.69206,0.00888,-0.76550,0.99213,0.07504,0.09992,-0.00765,1.43804,0.00487,-0.29658
31681000000,3.83722,0.00914,-0.78860,0.99230,0.07513,0.09816,-0.00752,1.44076,0.00453,-0.28852
31780000000,3.97969,0.00913,-0.81448,0.99245,0.07436,0.09724,-0.00738,1.43746,0.00337,-0.28535
31846000000,4.07713,0.00923,-0.82715,0.99265,0.07397,0.09550,-0.00725,1.43865,0.00252,-0.27956
31912000000,4.17108,0.00984,-0.84314,0.99271,0.07395,0.09489,-0.00730,1.43507,-0.00064,-0.27428
31978000000,4.26849,0.00990,-0.85828,0.99284,0.07339,0.09402,-0.00712,1.43798,-0.00148,-0.27051
32044000000,4.36369,0.00967,-0.87539,0.99288,0.07311,0.09380,-0.00709,1.43831,-0.00306,-0.26886
32110000000,4.46044,0.00954,-0.89482,0.99288,0.07259,0.09414,-0.00709,1.43949,-0.00422,-0.26918
32176000000,4.55476,0.00948,-0.91348,0.99285,0.07265,0.09445,-0.00714,1.43684,-0.00430,-0.26733
32209000000,4.60321,0.00885,-0.92380,0.99283,0.07241,0.09481,-0.00712,1.43640,-0.00538,-0.26771
32275000000,4.69706,0.00843,-0.94319,0.99279,0.07243,0.09524,-0.00717,1.43390,-0.00673,-0.26878
32341000000,4.79183,0.00810,-0.96248,0.99277,0.07225,0.09561,-0.00720,1.43390,-0.00573,-0.26986
32440000000,4.93635,0.00728,-0.98920,0.99279,0.07195,0.09560,-0.00705,1.43325,-0.00657,-0.26965
32506000000,5.03055,0.00662,-1.00704,0.99279,0.07200,0.09556,-0.00708,1.43022,-0.00784,-0.26838
32605000000,5.17454,0.00512,-1.03680,0.99279,0.07123,0.09617,-0.00695,1.43020,-0.00888,-0.26862
32671000000,5.26872,0.00456,-1.05584,0.99277,0.07105,0.09647,-0.00698,1.42890,-0.00984,-0.26948
32704000000,5.31820,0.00382,-1.06833,0.99278,0.07014,0.09704,-0.00685,1.43003,-0.01181,-0.27145
32770000000,5.41242,0.00254,-1.08731,0.99279,0.06994,0.09715,-0.00684,1.42862,-0.01470,-0.27333
32836000000,5.50574,0.00151,-1.10677,0.99277,0.06984,0.09743,-0.00682,1.42465,-0.01568,-0.27189
32902000000,5.60415,0.00130,-1.12831,0.99280,0.06883,0.09786,-0.00670,1.42729,-0.01427,-0.27328
33001000000,5.74461,0.00034,-1.15484,0.99278,0.06900,0.09785,-0.00678,1.42332,-0.01404,-0.27245
33067000000,5.84082,0.00016,-1.17644,0.99280,0.06817,0.09829,-0.00666,1.42374,-0.01339,-0.27532
33166000000,5.98082,-0.00184,-1.20421,0.99280,0.06813,0.09831,-0.00663,1.42002,-0.01416,-0.27524
33232000000,6.07878,-0.00111,-1.22641,0.99282,0.06721,0.09875,-0.00660,1.42128,-0.01204,-0.27873
33298000000,6.17136,-0.00218,-1.24451,0.99282,0.06727,0.09866,-0.00657,1.41999,-0.01344,-0.27910
33364000000,6.26826,-0.00135,-1.26607,0.99282,0.06669,0.09905,-0.00655,1.42081,-0.01175,-0.28154
33430000000,6.36181,-0.00224,-1.28424,0.99282,0.06672,0.09903,-0.00651,1.42049,-0.01400,-0.28051
33496000000,6.45498,-0.00327,-1.30278,0.99281,0.06676,0.09911,-0.00652,1.41853,-0.01593,-0.27912
33562000000,6.55204,-0.00168,-1.32417,0.99282,0.06616,0.09946,-0.00648,1.42197,-0.01451,-0.28096
33628000000,6.64513,-0.00225,-1.34326,0.99283,0.06611,0.09943,-0.00649,1.42088,-0.01291,-0.27909
33694000000,6.74202,-0.00106,-1.36407,0.99284,0.06548,0.09967,-0.00647,1.42176,-0.00985,-0.28247
33793000000,6.88231,-0.00227,-1.39210,0.99283,0.06551,0.09974,-0.00655,1.42112,-0.01092,-0.28020
33859000000,6.97765,-0.00196,-1.41324,0.99285,0.06496,0.09989,-0.00656,1.42334,-0.00863,-0.28300
33925000000,7.07159,-0.00236,-1.43226,0.99285,0.06498,0.09994,-0.00656,1.42170,-0.01013,-0.28080
33991000000,7.16718,-0.00177,-1.45218,0.99287,0.06453,0.09998,-0.00654,1.42081,-0.00752,-0.28023
34090000000,7.30619,-0.00218,-1.48006,0.99286,0.06458,0.10010,-0.00650,1.41775,-0.00576,-0.27866
34156000000,7.40036,-0.00193,-1.49947,0.99286,0.06435,0.10024,-0.00640,1.41837,-0.00545,-0.28049
34222000000,7.49260,-0.00275,-1.51765,0.99285,0.06451,0.10025,-0.00635,1.41762,-0.00658,-0.27975
34354000000,7.68009,-0.00346,-1.55533,0.99286,0.06428,0.10029,-0.00637,1.41500,-0.00631,-0.27956
34420000000,7.77584,-0.00473,-1.57383,0.99285,0.06431,0.10032,-0.00632,1.41801,-0.00747,-0.27951
34486000000,7.86917,-0.00528,-1.59251,0.99285,0.06430,0.10033,-0.00629,1.41628,-0.00831,-0.27969
34552000000,7.96274,-0.00534,-1.61213,0.99286,0.06412,0.10042,-0.00635,1.41455,-0.00866,-0.28016
34618000000,8.05729,-0.00560,-1.63162,0.99286,0.06395,0.10046,-0.00633,1.41442,-0.00880,-0.28207
34684000000,8.15270,-0.00518,-1.65208,0.99288,0.06353,0.10058,-0.00626,1.41646,-0.00880,-0.28404
34717000000,8.19924,-0.00518,-1.66175,0.99287,0.06357,0.10066,-0.00624,1.41681,-0.00926,-0.28525
34783000000,8.29303,-0.00572,-1.68085,0.99287,0.06351,0.10064,-0.00624,1.41571,-0.00967,-0.28381
34849000000,8.38849,-0.00532,-1.70097,0.99289,0.06317,0.10073,-0.00624,1.41675,-0.00843,-0.28408
34915000000,8.48153,-0.00557,-1.71968,0.99288,0.06323,0.10076,-0.00630,1.41599,-0.00772,-0.28497
34981000000,8.57685,-0.00550,-1.74016,0.99289,0.06309,0.10077,-0.00626,1.41519,-0.00711,-0.28465
35014000000,8.62324,-0.00544,-1.75001,0.99289,0.06306,0.10077,-0.00629,1.41418,-0.00802,-0.28393
35080000000,8.71644,-0.00576,-1.76915,0.99289,0.06303,0.10077,-0.00629,1.41234,-0.00849,-0.28237
35146000000,8.81486,-0.00441,-1.78992,0.99291,0.06263,0.10079,-0.00630,1.41540,-0.00596,-0.28319
35212000000,8.90566,-0.00493,-1.80813,0.99290,0.06280,0.10082,-0.00631,1.41167,-0.00575,-0.28197
35278000000,9.00171,-0.00497,-1.82794,0.99290,0.06263,0.10089,-0.00635,1.41446,-0.00583,-0.28359
35344000000,9.09517,-0.00493,-1.84694,0.99291,0.06262,0.10088,-0.00635,1.41487,-0.00493,-0.28451
35410000000,9.19210,-0.00481,-1.86669,0.99292,0.06243,0.10091,-0.00634,1.41817,-0.00433,-0.28499
35509000000,9.33167,-0.00480,-1.89504,0.99292,0.06247,0.10086,-0.00624,1.41734,-0.00481,-0.28493
35608000000,9.47556,-0.00449,-1.92487,0.99294,0.06224,0.10080,-0.00616,1.41961,-0.00510,-0.28771
35674000000,9.56807,-0.00565,-1.94422,0.99293,0.06225,0.10089,-0.00621,1.41809,-0.00688,-0.28858
35707000000,9.61831,-0.00497,-1.95527,0.99295,0.06194,0.10091,-0.00612,1.42043,-0.00552,-0.29080
35773000000,9.71179,-0.00513,-1.97451,0.99295,0.06189,0.10092,-0.00618,1.41921,-0.00553,-0.29220
35872000000,9.85184,-0.00539,-2.00372,0.99295,0.06192,0.10093,-0.00620,1.41816,-0.00461,-0.29139
35938000000,9.94743,-0.00400,-2.02423,0.99294,0.06172,0.10106,-0.00622,1.41921,-0.00379,-0.29122
36004000000,10.04075,-0.00409,-2.04307,0.99295,0.06167,0.10105,-0.00627,1.41851,-0.00486,-0.29179
36070000000,10.13362,-0.00465,-2.06250,0.99295,0.06171,0.10098,-0.00626,1.41818,-0.00398,-0.29201
36103000000,10.18392,-0.00234,-2.07365,0.99297,0.06144,0.10101,-0.00619,1.42255,-0.00049,-0.29281
36202000000,10.32365,-0.00261,-2.10213,0.99297,0.06143,0.10103,-0.00623,1.42202,-0.00053,-0.29127
36268000000,10.41675,-0.00265,-2.12152,0.99295,0.06147,0.10117,-0.00620,1.42069,-0.00109,-0.28926
36301000000,10.46610,-0.00102,-2.13167,0.99298,0.06121,0.10105,-0.00615,1.42283,0.00080,-0.29090
36400000000,10.60646,-0.00096,-2.16044,0.99296,0.06130,0.10113,-0.00614,1.42120,0.00518,-0.28910
36466000000,10.69965,-0.00090,-2.17968,0.99295,0.06132,0.10121,-0.00616,1.42049,0.00531,-0.28916
36565000000,10.84269,0.00090,-2.20948,0.99296,0.06118,0.10123,-0.00623,1.42181,0.00838,-0.28890
36631000000,10.93561,0.00157,-2.22892,0.99295,0.06121,0.10127,-0.00621,1.42072,0.00924,-0.28932
36697000000,11.03117,0.00214,-2.24894,0.99294,0.06122,0.10141,-0.00613,1.42155,0.01004,-0.28927
36796000000,11.17181,0.00275,-2.27778,0.99294,0.06117,0.10142,-0.00615,1.42039,0.01243,-0.28767
36862000000,11.26943,0.00279,-2.29819,0.99294,0.06114,0.10149,-0.00618,1.42371,0.01113,-0.28862
36928000000,11.36137,0.00340,-2.31754,0.99293,0.06117,0.10155,-0.00623,1.42160,0.01061,-0.28960
37027000000,11.50551,0.00294,-2.34756,0.99292,0.06115,0.10163,-0.00622,1.42209,0.01143,-0.29190
37093000000,11.59964,0.00403,-2.36693,0.99292,0.06117,0.10167,-0.00623,1.42064,0.01386,-0.29143
37126000000,11.65157,0.00267,-2.37761,0.99290,0.06116,0.10179,-0.00615,1.42517,0.01152,-0.29279
37159000000,11.69867,0.00350,-2.38736,0.99291,0.06110,0.10173,-0.00620,1.42522,0.01160,-0.29307
37225000000,11.79246,0.00433,-2.40663,0.99292,0.06112,0.10171,-0.00619,1.42378,0.01542,-0.29281
37258000000,11.84416,0.00349,-2.41774,0.99289,0.06116,0.10192,-0.00619,1.42703,0.01521,-0.29313
37291000000,11.89032,0.00385,-2.42739,0.99289,0.06119,0.10196,-0.00617,1.42623,0.01493,-0.29393
37357000000,11.98422,0.00479,-2.44670,0.99289,0.06128,0.10189,-0.00617,1.42440,0.01515,-0.29309
37390000000,12.03364,0.00342,-2.45758,0.99287,0.06136,0.10197,-0.00616,1.42632,0.01301,-0.29442
37456000000,12.12714,0.00411,-2.47730,0.99288,0.06137,0.10187,-0.00616,1.42758,0.01453,-0.29347
37555000000,12.26866,0.00550,-2.50634,0.99287,0.06142,0.10196,-0.00617,1.42655,0.01712,-0.29116
37654000000,12.41349,0.00533,-2.53597,0.99288,0.06128,0.10192,-0.00614,1.42750,0.01484,-0.29089
37687000000,12.46063,0.00575,-2.54573,0.99289,0.06133,0.10188,-0.00614,1.42732,0.01385,-0.28932
37720000000,12.51074,0.00447,-2.55631,0.99288,0.06126,0.10197,-0.00606,1.43004,0.01108,-0.29038
37786000000,12.60502,0.00516,-2.57539,0.99289,0.06125,0.10190,-0.00608,1.42801,0.01090,-0.28988
37852000000,12.69871,0.00602,-2.59493,0.99289,0.06127,0.10187,-0.00611,1.42665,0.01307,-0.29153
37918000000,12.79534,0.00501,-2.61563,0.99286,0.06137,0.10209,-0.00601,1.42873,0.01132,-0.29351
37984000000,12.88939,0.00551,-2.63497,0.99286,0.06139,0.10207,-0.00603,1.42654,0.01173,-0.29261
38050000000,12.98961,0.00552,-2.65576,0.99288,0.06124,0.10199,-0.00591,1.43123,0.01062,-0.29682
38083000000,13.03669,0.00561,-2.66537,0.99288,0.06128,0.10199,-0.00588,1.43039,0.01007,-0.29738
38116000000,13.08668,0.00514,-2.67661,0.99285,0.06127,0.10232,-0.00588,1.43323,0.00979,-0.29863
38182000000,13.18147,0.00580,-2.69637,0.99284,0.06127,0.10240,-0.00594,1.43389,0.00918,-0.29933
38281000000,13.32300,0.00695,-2.72598,0.99283,0.06131,0.10242,-0.00592,1.43185,0.00885,-0.30105
38347000000,13.41948,0.00572,-2.74671,0.99280,0.06143,0.10263,-0.00586,1.43339,0.00796,-0.30268
38413000000,13.51590,0.00506,-2.76734,0.99277,0.06155,0.10286,-0.00581,1.43480,0.00676,-0.30164
38479000000,13.60980,0.00513,-2.78766,0.99275,0.06163,0.10304,-0.00584,1.43379,0.00501,-0.30325
38512000000,13.65875,0.00407,-2.79892,0.99270,0.06176,0.10341,-0.00586,1.43571,0.00450,-0.30518
38578000000,13.75352,0.00455,-2.81982,0.99267,0.06184,0.10363,-0.00587,1.43567,0.00358,-0.30673
38611000000,13.80204,0.00378,-2.83302,0.99255,0.06207,0.10464,-0.00596,1.43732,0.00291,-0.30897
38677000000,13.89657,0.00399,-2.85743,0.99239,0.06256,0.10586,-0.00615,1.43717,0.00329,-0.31237
38743000000,13.98892,0.00401,-2.89692,0.99155,0.06504,0.11203,-0.00688,1.43560,0.00428,-0.33013
38809000000,14.08305,0.00482,-2.92347,0.99134,0.06564,0.11349,-0.00698,1.43620,0.00591,-0.33473
38875000000,14.17738,0.00479,-2.95140,0.99109,0.06644,0.11523,-0.00723,1.43492,0.00586,-0.34011
38941000000,14.27194,0.00547,-2.97381,0.99109,0.06646,0.11524,-0.00726,1.43394,0.00613,-0.33978
39007000000,14.36789,0.00550,-2.99641,0.99110,0.06648,0.11514,-0.00721,1.43432,0.00694,-0.34014
39073000000,14.46241,0.00586,-3.02089,0.99099,0.06678,0.11583,-0.00731,1.43483,0.00730,-0.34197
39139000000,14.55914,0.00650,-3.04733,0.99084,0.06704,0.11700,-0.00739,1.43698,0.00770,-0.34523
39205000000,14.65341,0.00680,-3.07232,0.99071,0.06739,0.11788,-0.00749,1.43836,0.00777,-0.34579
39304000000,14.79567,0.00697,-3.10849,0.99060,0.06783,0.11854,-0.00764,1.43853,0.00761,-0.34468
39337000000,14.84264,0.00729,-3.11924,0.99063,0.06777,0.11833,-0.00762,1.43790,0.00741,-0.34433
39403000000,14.93849,0.00731,-3.14221,0.99064,0.06784,0.11824,-0.00763,1.43851,0.00706,-0.34537
39469000000,15.03372,0.00791,-3.16435,0.99067,0.06765,0.11805,-0.00769,1.44068,0.00758,-0.34570
39502000000,15.08255,0.00826,-3.17588,0.99069,0.06753,0.11792,-0.00768,1.44163,0.00766,-0.34556
39568000000,15.17788,0.00881,-3.19816,0.99074,0.06742,0.11764,-0.00767,1.44222,0.00859,-0.34532
39634000000,15.27371,0.00933,-3.22096,0.99075,0.06735,0.11755,-0.00767,1.44298,0.00927,-0.34517
39700000000,15.36956,0.00990,-3.24340,0.99078,0.06729,0.11735,-0.00765,1.44312,0.01033,-0.34506
39766000000,15.46584,0.00989,-3.26618,0.99078,0.06735,0.11732,-0.00769,1.44313,0.01122,-0.34465
39832000000,15.56092,0.01053,-3.28868,0.99080,0.06725,0.11722,-0.00773,1.44458,0.01145,-0.34489
39898000000,15.65670,0.01005,-3.31128,0.99080,0.06736,0.11711,-0.00770,1.44420,0.00989,-0.34671
39931000000,15.70457,0.01013,-3.32251,0.99083,0.06728,0.11696,-0.00767,1.44466,0.01042,-0.34813
39997000000,15.79958,0.00964,-3.34564,0.99082,0.06733,0.11699,-0.00768,1.44457,0.00827,-0.35033
40063000000,15.89522,0.01035,-3.36873,0.99082,0.06735,0.11699,-0.00765,1.44528,0.01007,-0.34980
40096000000,15.94383,0.01043,-3.38021,0.99082,0.06731,0.11696,-0.00762,1.44577,0.01011,-0.34926
40195000000,16.08657,0.01126,-3.41493,0.99082,0.06736,0.11699,-0.00766,1.44462,0.00937,-0.35028
40261000000,16.18197,0.01076,-3.43849,0.99079,0.06749,0.11717,-0.00769,1.44458,0.00821,-0.35057
40327000000,16.27802,0.01126,-3.46159,0.99080,0.06750,0.11703,-0.00766,1.44673,0.01004,-0.35204
40393000000,16.37373,0.01055,-3.48450,0.99082,0.06755,0.11685,-0.00763,1.44722,0.00846,-0.35018
40492000000,16.51735,0.01104,-3.51922,0.99082,0.06756,0.11688,-0.00765,1.44892,0.00615,-0.34917
40558000000,16.61378,0.00990,-3.54290,0.99076,0.06780,0.11721,-0.00768,1.45046,0.00424,-0.34955
40624000000,16.70985,0.00959,-3.56603,0.99075,0.06792,0.11723,-0.00763,1.45179,0.00297,-0.34929
40690000000,16.80498,0.00970,-3.58931,0.99072,0.06807,0.11742,-0.00765,1.45248,0.00310,-0.34879
40789000000,16.94753,0.00911,-3.62426,0.99069,0.06818,0.11761,-0.00767,1.45309,0.00018,-0.34920
40855000000,17.04347,0.00944,-3.64717,0.99070,0.06819,0.11753,-0.00769,1.45365,0.00069,-0.35009
40888000000,17.09213,0.00913,-3.65909,0.99068,0.06825,0.11766,-0.00773,1.45569,0.00065,-0.34992
40987000000,17.23547,0.00909,-3.69371,0.99068,0.06822,0.11766,-0.00770,1.45454,-0.00186,-0.35104
41053000000,17.32988,0.00859,-3.71684,0.99066,0.06834,0.11773,-0.00771,1.45348,-0.00298,-0.35044
41119000000,17.42599,0.00842,-3.74007,0.99066,0.06833,0.11778,-0.00767,1.45590,-0.00201,-0.34877
41185000000,17.52187,0.00830,-3.76318,0.99065,0.06843,0.11780,-0.00763,1.45460,-0.00467,-0.34907
41251000000,17.61692,0.00823,-3.78619,0.99064,0.06852,0.11777,-0.00767,1.45440,-0.00446,-0.34971
41350000000,17.76036,0.00761,-3.82063,0.99066,0.06842,0.11772,-0.00765,1.45610,-0.00328,-0.34859
41416000000,17.85681,0.00728,-3.84355,0.99067,0.06837,0.11763,-0.00764,1.45434,-0.00326,-0.34837
41482000000,17.95253,0.00705,-3.86653,0.99068,0.06831,0.11762,-0.00771,1.45444,-0.00150,-0.34856
41548000000,18.04778,0.00668,-3.88964,0.99066,0.06833,0.11777,-0.00774,1.45476,-0.00154,-0.34955
41614000000,18.14421,0.00689,-3.91274,0.99066,0.06828,0.11780,-0.00774,1.45591,0.00038,-0.34874
41680000000,18.24065,0.00632,-3.93588,0.99065,0.06830,0.11783,-0.00781,1.45808,-0.00142,-0.34917
41746000000,18.33702,0.00616,-3.95905,0.99065,0.06827,0.11789,-0.00768,1.45779,-0.00125,-0.34945
41812000000,18.43287,0.00573,-3.98216,0.99066,0.06825,0.11783,-0.00775,1.45724,-0.00109,-0.35032
41878000000,18.52900,0.00567,-4.00531,0.99066,0.06818,0.11783,-0.00777,1.45879,-0.00092,-0.34922
41944000000,18.62573,0.00549,-4.02829,0.99067,0.06822,0.11774,-0.00769,1.46037,-0.00125,-0.34835
42010000000,18.72306,0.00562,-4.05130,0.99069,0.06806,0.11764,-0.00766,1.46306,0.00130,-0.34952
42076000000,18.81897,0.00551,-4.07446,0.99068,0.06813,0.11770,-0.00761,1.46257,0.00181,-0.35097
42109000000,18.86480,0.00543,-4.08607,0.99067,0.06822,0.11777,-0.00766,1.46023,0.00153,-0.35054
42142000000,18.91303,0.00537,-4.09759,0.99067,0.06822,0.11772,-0.00764,1.45953,0.00079,-0.34963
42208000000,19.00735,0.00526,-4.12064,0.99068,0.06821,0.11763,-0.00763,1.45761,0.00188,-0.35097
42274000000,19.10318,0.00521,-4.14371,0.99069,0.06818,0.11763,-0.00761,1.45819,0.00270,-0.34967
42307000000,19.14961,0.00515,-4.15525,0.99068,0.06820,0.11765,-0.00763,1.45598,0.00191,-0.34922
42340000000,19.19762,0.00537,-4.16671,0.99069,0.06821,0.11757,-0.00766,1.45526,0.00316,-0.34996
42406000000,19.29145,0.00513,-4.18989,0.99066,0.06827,0.11778,-0.00767,1.45305,0.00244,-0.35036
42505000000,19.43536,0.00532,-4.22467,0.99063,0.06845,0.11796,-0.00759,1.45274,0.00254,-0.35053
42571000000,19.52998,0.00460,-4.24790,0.99059,0.06864,0.11813,-0.00759,1.45066,0.00261,-0.35072
42637000000,19.62656,0.00457,-4.27107,0.99060,0.06858,0.11813,-0.00757,1.45320,0.00223,-0.34911
42703000000,19.72251,0.00464,-4.29408,0.99059,0.06856,0.11818,-0.00756,1.45508,0.00099,-0.34812
42802000000,19.86770,0.00432,-4.32868,0.99058,0.06867,0.11824,-0.00757,1.45893,0.00119,-0.34868
42901000000,20.01237,0.00464,-4.36328,0.99059,0.06865,0.11818,-0.00752,1.46052,0.00254,-0.34946
43000000000,20.15675,0.00468,-4.39790,0.99058,0.06877,0.11815,-0.00751,1.46243,0.00389,-0.34955
43099000000,20.30107,0.00473,-4.43237,0.99058,0.06874,0.11816,-0.00758,1.46177,0.00255,-0.34733
43198000000,20.44542,0.00484,-4.46667,0.99059,0.06873,0.11811,-0.00759,1.46192,0.00174,-0.34764
43297000000,20.58894,0.00483,-4.50096,0.99058,0.06871,0.11821,-0.00770,1.46183,0.00044,-0.34759
43363000000,20.68520,0.00515,-4.52373,0.99059,0.06870,0.11808,-0.00781,1.46337,0.00006,-0.34660
43429000000,20.78085,0.00536,-4.54650,0.99061,0.06869,0.11797,-0.00779,1.46325,0.00011,-0.34618
43495000000,20.87754,0.00534,-4.56934,0.99061,0.06874,0.11796,-0.00784,1.46293,0.00053,-0.34663
43594000000,21.02091,0.00555,-4.60350,0.99060,0.06869,0.11800,-0.00773,1.46245,-0.00192,-0.34406
43660000000,21.11603,0.00572,-4.62623,0.99062,0.06857,0.11792,-0.00774,1.46092,-0.00059,-0.34486
43726000000,21.21121,0.00602,-4.64904,0.99063,0.06849,0.11788,-0.00776,1.46106,0.00006,-0.34521
43825000000,21.35651,0.00563,-4.68327,0.99063,0.06847,0.11788,-0.00768,1.46204,-0.00043,-0.34648
43990000000,21.59646,0.00586,-4.74040,0.99064,0.06835,0.11793,-0.00773,1.46004,0.00137,-0.34603
44056000000,21.69209,0.00512,-4.76338,0.99065,0.06831,0.11781,-0.00771,1.46029,0.00118,-0.34729
44155000000,21.83679,0.00485,-4.79787,0.99067,0.06830,0.11770,-0.00767,1.46246,0.00076,-0.34678
44221000000,21.93348,0.00478,-4.82088,0.99067,0.06836,0.11765,-0.00767,1.46393,-0.00001,-0.34974
44320000000,22.07747,0.00433,-4.85552,0.99068,0.06841,0.11755,-0.00761,1.46363,0.00055,-0.34966
44419000000,22.22242,0.00470,-4.89013,0.99068,0.06841,0.11756,-0.00764,1.46280,0.00269,-0.35104
44485000000,22.31732,0.00501,-4.91327,0.99069,0.06838,0.11750,-0.00760,1.46138,0.00330,-0.35061
44551000000,22.41217,0.00513,-4.93632,0.99068,0.06841,0.11757,-0.00766,1.45957,0.00532,-0.35107
44650000000,22.55832,0.00519,-4.97121,0.99067,0.06839,0.11763,-0.00763,1.46012,0.00566,-0.35285
44716000000,22.65433,0.00443,-4.99443,0.99066,0.06844,0.11772,-0.00758,1.46007,0.00613,-0.35294
44815000000,22.79882,0.00474,-5.02955,0.99066,0.06835,0.11778,-0.00766,1.46076,0.00679,-0.35467
44914000000,22.94421,0.00508,-5.06486,0.99066,0.06835,0.11778,-0.00758,1.46354,0.00723,-0.35725
45013000000,23.08831,0.00483,-5.10016,0.99062,0.06847,0.11798,-0.00757,1.46090,0.00717,-0.35751
45079000000,23.18500,0.00389,-5.12388,0.99061,0.06849,0.11811,-0.00760,1.46235,0.00591,-0.35826
45145000000,23.28138,0.00378,-5.14742,0.99059,0.06860,0.11818,-0.00757,1.46316,0.00623,-0.35589
45277000000,23.47257,0.00499,-5.19428,0.99059,0.06861,0.11818,-0.00758,1.46354,0.00684,-0.35637
45376000000,23.61814,0.00429,-5.22959,0.99058,0.06860,0.11824,-0.00771,1.46468,0.00703,-0.35582
45442000000,23.71618,0.00503,-5.25328,0.99059,0.06858,0.11821,-0.00776,1.46682,0.00935,-0.35792
45508000000,23.81042,0.00383,-5.27658,0.99055,0.06871,0.11844,-0.00783,1.46461,0.00792,-0.35826
45607000000,23.95595,0.00483,-5.31213,0.99053,0.06879,0.11859,-0.00793,1.46602,0.00869,-0.35984
45739000000,24.14702,0.00448,-5.35926,0.99048,0.06887,0.11896,-0.00805,1.46415,0.00622,-0.36137
45838000000,24.28900,0.00431,-5.39450,0.99043,0.06911,0.11922,-0.00813,1.46237,0.00736,-0.36071
45871000000,24.33863,0.00444,-5.40639,0.99041,0.06916,0.11931,-0.00816,1.46353,0.00817,-0.36029
45970000000,24.48435,0.00236,-5.44014,0.99042,0.06912,0.11923,-0.00813,1.46917,-0.02279,-0.33998
46102000000,24.67768,-0.00037,-5.48515,0.99046,0.06902,0.11901,-0.00801,1.46616,-0.02232,-0.34063
46168000000,24.77385,-0.00144,-5.50756,0.99048,0.06895,0.11888,-0.00805,1.46669,-0.02184,-0.34099
46201000000,24.82188,-0.00159,-5.51897,0.99051,0.06887,0.11865,-0.00800,1.46608,-0.02036,-0.34244
46300000000,24.96713,-0.00382,-5.55298,0.99052,0.06885,0.11864,-0.00792,1.46608,-0.02049,-0.34376
46432000000,25.15990,-0.00640,-5.59853,0.99054,0.06876,0.11846,-0.00779,1.46427,-0.01842,-0.34465
46498000000,25.25583,-0.00680,-5.62175,0.99059,0.06865,0.11812,-0.00768,1.46360,-0.01650,-0.34735
46531000000,25.30328,-0.00698,-5.63365,0.99062,0.06859,0.11791,-0.00756,1.46191,-0.01605,-0.34812
46597000000,25.39942,-0.00776,-5.65650,0.99063,0.06857,0.11788,-0.00759,1.46169,-0.01494,-0.34708
46663000000,25.49532,-0.00862,-5.67948,0.99064,0.06849,0.11782,-0.00757,1.46110,-0.01370,-0.34696
46729000000,25.58985,-0.00853,-5.70288,0.99068,0.06839,0.11753,-0.00751,1.45891,-0.01136,-0.34723
46795000000,25.68612,-0.00905,-5.72577,0.99069,0.06841,0.11749,-0.00744,1.45826,-0.00831,-0.34634
46894000000,25.82654,-0.00951,-5.76085,0.99073,0.06825,0.11720,-0.00744,1.45386,-0.00702,-0.34987
46960000000,25.92381,-0.00966,-5.78401,0.99074,0.06819,0.11717,-0.00747,1.45268,-0.00594,-0.35182
47026000000,26.01933,-0.00858,-5.80821,0.99077,0.06810,0.11698,-0.00746,1.45182,-0.00322,-0.35319
47158000000,26.20865,-0.01075,-5.85417,0.99074,0.06810,0.11724,-0.00743,1.45168,-0.00299,-0.35363
47224000000,26.30385,-0.01042,-5.87857,0.99077,0.06801,0.11700,-0.00744,1.45189,-0.00043,-0.35461
47323000000,26.44880,-0.00957,-5.91440,0.99080,0.06791,0.11679,-0.00736,1.44958,-0.00153,-0.35589
47422000000,26.59146,-0.00902,-5.94982,0.99081,0.06787,0.11676,-0.00731,1.44669,0.00141,-0.35679
47488000000,26.68536,-0.00906,-5.97330,0.99081,0.06782,0.11677,-0.00732,1.44250,0.00139,-0.35536
47521000000,26.73279,-0.00919,-5.98486,0.99080,0.06793,0.11686,-0.00733,1.44160,0.00132,-0.35486
47620000000,26.87639,-0.00895,-6.01987,0.99079,0.06796,0.11693,-0.00727,1.44019,0.00043,-0.35319
47653000000,26.92435,-0.00887,-6.03149,0.99078,0.06793,0.11699,-0.00726,1.44124,-0.00086,-0.35238
47719000000,27.01938,-0.00937,-6.05455,0.99077,0.06797,0.11703,-0.00729,1.44060,-0.00196,-0.35138
47752000000,27.06644,-0.00920,-6.06609,0.99077,0.06797,0.11701,-0.00726,1.44048,0.00043,-0.35150
47818000000,27.16280,-0.00939,-6.08923,0.99076,0.06799,0.11709,-0.00726,1.44100,-0.00104,-0.35223
47950000000,27.35092,-0.00999,-6.13541,0.99076,0.06807,0.11706,-0.00720,1.43513,-0.00208,-0.35041
47983000000,27.40086,-0.01038,-6.14712,0.99076,0.06811,0.11708,-0.00716,1.43708,-0.00251,-0.34955
48016000000,27.44871,-0.01083,-6.15870,0.99075,0.06816,0.11711,-0.00716,1.43615,-0.00314,-0.35000
48082000000,27.54363,-0.01129,-6.18184,0.99076,0.06811,0.11707,-0.00710,1.43641,-0.00256,-0.35026
48148000000,27.63826,-0.01207,-6.20493,0.99077,0.06809,0.11703,-0.00714,1.43531,-0.00286,-0.34920
48181000000,27.68564,-0.01244,-6.21621,0.99075,0.06818,0.11710,-0.00719,1.43491,-0.00330,-0.34770
48280000000,27.82723,-0.01259,-6.25053,0.99076,0.06817,0.11704,-0.00718,1.43292,-0.00283,-0.34782
48412000000,28.01506,-0.01305,-6.29589,0.99075,0.06819,0.11714,-0.00719,1.42878,-0.00332,-0.34553
48511000000,28.15829,-0.01302,-6.33027,0.99074,0.06823,0.11715,-0.00715,1.42923,-0.00301,-0.34389
48643000000,28.34769,-0.01381,-6.37552,0.99074,0.06832,0.11712,-0.00712,1.42723,-0.00382,-0.34063
48742000000,28.48873,-0.01478,-6.40915,0.99074,0.06839,0.11705,-0.00697,1.42774,-0.00437,-0.33818
48841000000,28.63254,-0.01555,-6.44311,0.99077,0.06827,0.11687,-0.00687,1.42829,-0.00614,-0.33773
48940000000,28.77328,-0.01611,-6.47649,0.99078,0.06827,0.11680,-0.00689,1.42681,-0.00490,-0.33484
48973000000,28.82335,-0.01525,-6.48803,0.99079,0.06822,0.11672,-0.00689,1.42874,-0.00433,-0.33516
49039000000,28.92000,-0.01511,-6.51066,0.99081,0.06816,0.11660,-0.00690,1.42859,-0.00469,-0.33450
49105000000,29.01375,-0.01537,-6.53289,0.99083,0.06813,0.11646,-0.00689,1.42568,-0.00564,-0.33537
49138000000,29.06314,-0.01452,-6.54453,0.99085,0.06805,0.11632,-0.00686,1.42652,-0.00475,-0.33696
49237000000,29.20571,-0.01417,-6.57816,0.99087,0.06790,0.11623,-0.00684,1.42413,-0.00256,-0.33477
49336000000,29.34559,-0.01434,-6.61090,0.99086,0.06795,0.11630,-0.00693,1.41773,-0.00131,-0.33166
49402000000,29.44171,-0.01354,-6.63333,0.99088,0.06788,0.11619,-0.00697,1.41730,-0.00092,-0.33298
49435000000,29.49108,-0.01286,-6.64494,0.99089,0.06784,0.11610,-0.00692,1.41796,0.00081,-0.33306
49534000000,29.63086,-0.01314,-6.67785,0.99091,0.06777,0.11599,-0.00687,1.41336,0.00144,-0.33147
49633000000,29.77398,-0.01240,-6.71144,0.99093,0.06767,0.11588,-0.00688,1.41523,0.00289,-0.33080
49666000000,29.82263,-0.01162,-6.72288,0.99095,0.06759,0.11580,-0.00686,1.41678,0.00355,-0.33051
49732000000,29.91916,-0.01068,-6.74527,0.99097,0.06754,0.11563,-0.00670,1.41877,0.00513,-0.33111
49798000000,30.01237,-0.01029,-6.76700,0.99097,0.06755,0.11567,-0.00672,1.41753,0.00656,-0.32934
49864000000,30.10906,-0.00898,-6.78949,0.99099,0.06741,0.11551,-0.00675,1.42001,0.00944,-0.33085
49963000000,30.25243,-0.00763,-6.82281,0.99099,0.06741,0.11554,-0.00682,1.42031,0.00985,-0.33021
50062000000,30.39509,-0.00642,-6.85574,0.99100,0.06737,0.11550,-0.00678,1.41827,0.00815,-0.32705
50194000000,30.58484,-0.00511,-6.89925,0.99099,0.06748,0.11546,-0.00683,1.41757,0.00644,-0.32492
50293000000,30.72758,-0.00431,-6.93210,0.99103,0.06741,0.11521,-0.00679,1.41715,0.00765,-0.32487
50425000000,30.91662,-0.00350,-6.97552,0.99103,0.06750,0.11515,-0.00673,1.41538,0.00771,-0.32338
50524000000,31.05801,-0.00261,-7.00811,0.99106,0.06740,0.11499,-0.00675,1.41624,0.00689,-0.32343
50590000000,31.15254,-0.00207,-7.03006,0.99106,0.06735,0.11495,-0.00672,1.41643,0.00566,-0.32407
50689000000,31.29427,-0.00100,-7.06265,0.99107,0.06735,0.11484,-0.00676,1.41679,0.00858,-0.32224
50755000000,31.38901,-0.00045,-7.08454,0.99109,0.06731,0.11475,-0.00687,1.41452,0.00853,-0.32038
50821000000,31.48316,-0.00020,-7.10623,0.99110,0.06734,0.11461,-0.00676,1.41359,0.00866,-0.31954
50887000000,31.57713,-0.00013,-7.12816,0.99113,0.06730,0.11444,-0.00675,1.41285,0.00597,-0.31916
51019000000,31.76106,0.00074,-7.17043,0.99114,0.06723,0.11439,-0.00679,1.40591,0.00506,-0.31793
51085000000,31.85510,0.00133,-7.19223,0.99115,0.06721,0.11431,-0.00678,1.40623,0.00480,-0.31664
51217000000,32.04226,0.00228,-7.23480,0.99117,0.06714,0.11416,-0.00681,1.40941,0.00576,-0.31651
51316000000,32.18137,0.00318,-7.26678,0.99119,0.06706,0.11400,-0.00687,1.40612,0.00645,-0.31572
51415000000,32.32052,0.00396,-7.29887,0.99122,0.06702,0.11381,-0.00681,1.40407,0.00488,-0.31667
51547000000,32.50551,0.00510,-7.34170,0.99123,0.06702,0.11370,-0.00681,1.39726,0.00449,-0.31707
51613000000,32.59791,0.00564,-7.36369,0.99124,0.06697,0.11364,-0.00673,1.39580,0.00295,-0.31960
51679000000,32.69093,0.00586,-7.38570,0.99125,0.06690,0.11358,-0.00678,1.39421,0.00329,-0.31884
51811000000,32.87435,0.00662,-7.42805,0.99126,0.06692,0.11352,-0.00674,1.39087,0.00497,-0.31543
51877000000,32.96758,0.00736,-7.44962,0.99125,0.06700,0.11350,-0.00679,1.38900,0.00595,-0.31509
52009000000,33.15200,0.00781,-7.49198,0.99125,0.06702,0.11350,-0.00687,1.38716,0.00367,-0.31554
52042000000,33.19732,0.00816,-7.50290,0.99126,0.06699,0.11348,-0.00685,1.38599,0.00476,-0.31566
52108000000,33.29053,0.00866,-7.52441,0.99126,0.06699,0.11347,-0.00683,1.37663,0.00555,-0.31481
52207000000,33.42673,0.00897,-7.55544,0.99126,0.06699,0.11343,-0.00713,1.33198,-0.00213,-0.30513
52339000000,33.59896,0.00671,-7.59517,0.99125,0.06673,0.11349,-0.00945,1.27506,-0.03391,-0.29662
52438000000,33.72433,0.00155,-7.62455,0.99119,0.06623,0.11390,-0.01371,1.21912,-0.07091,-0.28849
52537000000,33.84456,-0.00803,-7.65345,0.99107,0.06538,0.11431,-0.02091,1.16617,-0.11871,-0.28188
52636000000,33.96167,-0.02310,-7.68177,0.99077,0.06420,0.11509,-0.03161,1.12146,-0.17543,-0.27821
52669000000,34.00109,-0.02985,-7.69158,0.99062,0.06368,0.11538,-0.03606,1.11039,-0.19674,-0.27846
52867000000,34.21281,-0.08178,-7.74639,0.98845,0.05900,0.11777,-0.07497,1.04387,-0.33697,-0.27869
52933000000,34.28095,-0.10593,-7.76456,0.98703,0.05728,0.11850,-0.09196,0.96364,-0.34688,-0.25965
52999000000,34.33895,-0.13044,-7.77958,0.98538,0.05530,0.11918,-0.10848,0.88718,-0.33690,-0.24001
53065000000,34.38480,-0.15500,-7.79074,0.98376,0.05326,0.11870,-0.12361,0.83251,-0.32378,-0.22472
53197000000,34.49314,-0.19750,-7.81696,0.98032,0.04947,0.11907,-0.14946,0.90514,-0.28250,-0.23203
53263000000,34.55524,-0.21837,-7.83053,0.97870,0.04921,0.11887,-0.16000,0.94474,-0.26166,-0.23405
53329000000,34.61601,-0.23867,-7.84390,0.97722,0.04897,0.11806,-0.16941,1.01480,-0.26006,-0.24675
53461000000,34.76199,-0.27517,-7.87711,0.97417,0.04808,0.11725,-0.18691,1.13864,-0.23364,-0.26446
53560000000,34.88047,-0.29814,-7.90361,0.97169,0.04836,0.11681,-0.19960,1.16276,-0.16562,-0.25507
53626000000,34.96236,-0.30800,-7.92217,0.97016,0.04838,0.11730,-0.20661,1.20238,-0.12340,-0.25624
53725000000,35.08977,-0.33008,-7.94493,0.96827,0.05080,0.11437,-0.21631,1.29390,-0.10167,-0.25754
53791000000,35.17551,-0.32797,-7.96317,0.96664,0.04791,0.11681,-0.22288,1.38454,-0.08400,-0.27675
53890000000,35.31474,-0.33245,-7.99140,0.96358,0.04575,0.11796,-0.23561,1.46074,-0.08505,-0.29325
53989000000,35.46271,-0.33730,-8.02177,0.95941,0.04309,0.11917,-0.25194,1.56452,-0.08254,-0.31443
54088000000,35.62981,-0.35367,-8.05439,0.95372,0.04228,0.11936,-0.27272,1.68961,-0.13318,-0.34255
54253000000,35.90763,-0.35472,-8.11761,0.93895,0.03277,0.12372,-0.31937,1.75440,-0.11107,-0.36338
54319000000,36.02389,-0.36107,-8.14091,0.93228,0.03041,0.12424,-0.33836,1.74818,-0.04175,-0.34874
54418000000,36.19921,-0.36360,-8.17410,0.92303,0.02715,0.12471,-0.36294,1.83790,0.02273,-0.35206
54616000000,36.59703,-0.34822,-8.25151,0.90902,0.02228,0.12586,-0.39668,2.18134,0.10468,-0.41005
54715000000,36.82070,-0.32938,-8.29398,0.90346,0.02047,0.12636,-0.40911,2.32730,0.20745,-0.42382
54814000000,37.05948,-0.30451,-8.33688,0.89826,0.01901,0.12666,-0.42038,2.48215,0.30792,-0.43809
54880000000,37.21687,-0.28353,-8.36272,0.89555,0.01757,0.12623,-0.42632,2.58013,0.37898,-0.44687
54979000000,37.48920,-0.24396,-8.40967,0.89116,0.01691,0.12668,-0.43531,2.75167,0.48061,-0.46550
55111000000,37.86304,-0.16466,-8.47314,0.88495,0.01475,0.12707,-0.44778,2.95028,0.62737,-0.48804
55210000000,38.16379,-0.10265,-8.52218,0.87792,0.01311,0.12723,-0.46141,3.07133,0.70387,-0.49782
55342000000,38.58059,-0.00355,-8.58862,0.86522,0.00986,0.12744,-0.48483,3.23293,0.82022,-0.50969
55474000000,39.02826,0.09672,-8.65468,0.85149,0.00721,0.12746,-0.50859,3.41902,0.99117,-0.51242
55573000000,39.36435,0.22115,-8.70720,0.84411,0.00454,0.12763,-0.52074,3.62596,1.10916,-0.54632
55639000000,39.61344,0.29062,-8.74526,0.84019,0.00396,0.12770,-0.52702,3.79251,1.12087,-0.57870
55771000000,40.12560,0.44488,-8.82317,0.83277,0.00182,0.12751,-0.53873,4.08860,1.21597,-0.62276
55804000000,40.26690,0.46957,-8.84269,0.83101,0.00194,0.12725,-0.54151,4.16879,1.22937,-0.62985
55903000000,40.67967,0.61653,-8.90709,0.82610,0.00007,0.12742,-0.54892,4.37676,1.36225,-0.65900
56002000000,41.12889,0.74042,-8.97301,0.82149,-0.00049,0.12721,-0.55586,4.61068,1.45000,-0.68897
56068000000,41.43084,0.84249,-9.01813,0.81851,-0.00137,0.12710,-0.56025,4.74728,1.53712,-0.70383
56167000000,41.93536,0.96486,-9.08957,0.81256,-0.00142,0.12707,-0.56886,4.97749,1.60563,-0.72623
56266000000,42.43470,1.12989,-9.16215,0.80468,-0.00319,0.12698,-0.57997,5.16652,1.73329,-0.74497
56398000000,43.13006,1.38181,-9.26332,0.79375,-0.00567,0.12700,-0.59481,5.45785,1.93277,-0.77959
56464000000,43.49666,1.50001,-9.31470,0.78964,-0.00627,0.12680,-0.60030,5.63321,1.94324,-0.81227
56596000000,44.23912,1.79820,-9.42552,0.78257,-0.00889,0.12665,-0.60948,5.96198,2.03494,-0.88116
56761000000,45.28094,2.11298,-9.57800,0.77542,-0.00946,0.12661,-0.61855,6.44956,2.12613,-0.95735
56926000000,46.38445,2.48263,-9.74297,0.77276,-0.00996,0.12654,-0.62188,6.91874,2.40199,-1.01443
56959000000,46.56734,2.62534,-9.77259,0.77216,-0.01150,0.12632,-0.62264,6.95098,2.55592,-1.01726
57025000000,47.08315,2.70401,-9.84178,0.77078,-0.00978,0.12640,-0.62436,7.19280,2.50721,-1.04764
57124000000,47.74460,3.05201,-9.94468,0.76889,-0.01216,0.12601,-0.62672,7.41277,2.64766,-1.10075
57256000000,48.77801,3.36010,-10.09663,0.76644,-0.01168,0.12612,-0.62971,7.81982,2.70592,-1.16553
57421000000,50.09198,3.83580,-10.29291,0.76383,-0.01248,0.12599,-0.63288,8.27323,2.88347,-1.23611
57520000000,50.95010,4.07363,-10.41730,0.76245,-0.01190,0.12605,-0.63453,8.58159,2.92325,-1.27998
57553000000,51.18068,4.25722,-10.45713,0.76205,-0.01339,0.12582,-0.63504,8.61960,3.05209,-1.29257
57685000000,52.35112,4.65240,-10.63168,0.76049,-0.01342,0.12586,-0.63689,9.00845,3.16414,-1.35243
57817000000,53.56518,5.07597,-10.81388,0.75913,-0.01371,0.12589,-0.63850,9.38928,3.28816,-1.41262
57916000000,54.51047,5.40057,-10.95568,0.75814,-0.01374,0.12582,-0.63969,9.67887,3.37719,-1.45758
57982000000,55.18574,5.57994,-11.05562,0.75751,-0.01315,0.12602,-0.64041,9.90279,3.38841,-1.49090
58081000000,56.18360,5.90840,-11.20495,0.75674,-0.01318,0.12601,-0.64132,10.19438,3.46926,-1.53632
58180000000,57.18575,6.29931,-11.35948,0.75601,-0.01369,0.12598,-0.64218,10.46126,3.61032,-1.58403
58279000000,58.27091,6.58796,-11.51869,0.75503,-0.01280,0.12614,-0.64332,10.77328,3.64047,-1.62436
58345000000,58.99158,6.82057,-11.62653,0.75362,-0.01295,0.12602,-0.64498,10.95664,3.69946,-1.65077
58444000000,60.05240,7.26244,-11.79147,0.75186,-0.01419,0.12575,-0.64706,11.20090,3.87949,-1.69682
58576000000,61.63564,7.64690,-12.02249,0.75031,-0.01270,0.12604,-0.64884,11.66588,3.94817,-1.74567
58675000000,62.77148,8.09421,-12.19591,0.74931,-0.01361,0.12588,-0.65000,11.93104,4.02604,-1.80265
58741000000,63.60647,8.28367,-12.31820,0.74871,-0.01270,0.12597,-0.65070,12.17991,3.94527,-1.84489
58807000000,64.37276,8.62774,-12.43933,0.74812,-0.01377,0.12577,-0.65139,12.32156,4.10455,-1.87611
58939000000,66.05013,9.13724,-12.69306,0.74699,-0.01366,0.12588,-0.65267,12.74348,4.17723,-1.94426
59005000000,66.89824,9.40573,-12.82205,0.74649,-0.01356,0.12591,-0.65323,12.94061,4.22664,-1.97591
59137000000,68.64050,9.93312,-13.08454,0.74558,-0.01335,0.12578,-0.65430,13.34529,4.30096,-2.03781
59236000000,69.97145,10.38892,-13.29085,0.74495,-0.01362,0.12583,-0.65500,13.63592,4.41567,-2.08891
59335000000,71.39510,10.71898,-13.50299,0.74443,-0.01262,0.12603,-0.65557,13.99557,4.38064,-2.14081
59401000000,72.34172,10.97021,-13.64540,0.74406,-0.01235,0.12608,-0.65600,14.21108,4.39303,-2.17360
59467000000,73.28767,11.26005,-13.79035,0.74373,-0.01242,0.12616,-0.65635,14.41364,4.44600,-2.20664
59533000000,74.27759,11.48455,-13.93802,0.74344,-0.01178,0.12632,-0.65666,14.65059,4.41735,-2.24043
59599000000,75.20818,11.87840,-14.08677,0.74310,-0.01287,0.12622,-0.65704,14.79980,4.58677,-2.27315
59698000000,76.70103,12.30297,-14.31377,0.74188,-0.01272,0.12620,-0.65843,15.09595,4.66750,-2.31409
59797000000,78.26410,12.64126,-14.54500,0.73930,-0.01190,0.12635,-0.66131,15.42645,4.63413,-2.35163
59863000000,79.26229,13.01545,-14.70198,0.73732,-0.01288,0.12622,-0.66352,15.58542,4.77981,-2.37993
59962000000,80.78612,13.55773,-14.93788,0.73507,-0.01396,0.12603,-0.66603,15.84816,4.96262,-2.42430
60028000000,81.85752,13.83982,-15.09935,0.73378,-0.01380,0.12610,-0.66744,16.07440,4.90813,-2.46759
60127000000,83.47144,14.30040,-15.34597,0.73187,-0.01384,0.12623,-0.66950,16.39078,4.88155,-2.53024
60226000000,85.10335,14.80369,-15.59986,0.73013,-0.01424,0.12615,-0.67141,16.68793,4.97049,-2.58389
60391000000,87.90327,15.62641,-16.03335,0.72750,-0.01455,0.12614,-0.67425,17.20731,5.09225,-2.66941
60457000000,89.11815,15.80585,-16.21371,0.72662,-0.01334,0.12638,-0.67518,17.49764,4.95524,-2.70772
60523000000,90.30220,16.07942,-16.39310,0.72581,-0.01301,0.12642,-0.67606,17.73172,4.93984,-2.74237
60589000000,91.31327,16.78475,-16.57159,0.72495,-0.01641,0.12573,-0.67703,17.74310,5.44703,-2.77384
60688000000,93.11354,17.22633,-16.84489,0.72380,-0.01576,0.12580,-0.67826,18.08784,5.40310,-2.82136
60754000000,94.43575,17.33501,-17.03927,0.72312,-0.01372,0.12627,-0.67895,18.44022,5.15104,-2.86496
60820000000,95.56614,17.87408,-17.22461,0.72247,-0.01550,0.12589,-0.67967,18.53322,5.44582,-2.89302
60886000000,96.77207,18.27123,-17.41390,0.72182,-0.01591,0.12574,-0.68038,18.71322,5.54035,-2.92466
61018000000,99.33698,18.85578,-17.80662,0.72068,-0.01492,0.12596,-0.68157,19.21084,5.45172,-2.99849
61117000000,101.28177,19.34387,-18.10665,0.71995,-0.01461,0.12603,-0.68233,19.55975,5.54270,-3.03879
61249000000,103.89501,20.08548,-18.51175,0.71918,-0.01480,0.12600,-0.68315,19.98854,5.73211,-3.09552
61381000000,106.57944,20.81349,-18.92451,0.71836,-0.01456,0.12597,-0.68402,20.42304,5.88164,-3.14949
61480000000,108.59410,21.44701,-19.23683,0.71720,-0.01513,0.12585,-0.68524,20.69930,6.07505,-3.18588
61579000000,110.64004,22.07121,-19.55048,0.71500,-0.01559,0.12576,-0.68754,20.97372,6.23460,-3.22065
61645000000,112.04596,22.43794,-19.76309,0.71290,-0.01564,0.12577,-0.68972,21.18215,6.27295,-3.24436
61711000000,113.47021,22.82634,-19.98058,0.71012,-0.01595,0.12581,-0.69257,21.39346,6.33044,-3.27175
61810000000,115.58361,23.48517,-20.30383,0.70506,-0.01694,0.12558,-0.69773,21.67048,6.44111,-3.31438
61876000000,116.94100,24.05250,-20.51718,0.70115,-0.01845,0.12508,-0.70171,21.79705,6.54162,-3.35756
61942000000,118.37861,24.50305,-20.74012,0.69739,-0.01918,0.12489,-0.70547,21.99646,6.56760,-3.39894
62074000000,121.37830,25.20704,-21.19580,0.69026,-0.01943,0.12501,-0.71242,22.48512,6.39181,-3.48530
62173000000,123.71238,25.65090,-21.55026,0.68522,-0.01930,0.12519,-0.71724,22.89664,6.19620,-3.55493
62272000000,126.01027,26.22384,-21.90555,0.68044,-0.01983,0.12510,-0.72178,23.23347,6.14557,-3.62045
62404000000,129.12756,26.97230,-22.38973,0.67434,-0.02065,0.12505,-0.72746,23.68271,6.04336,-3.71333
62536000000,132.34524,27.61285,-22.88778,0.66865,-0.02072,0.12520,-0.73267,24.17972,5.86600,-3.80468
62602000000,133.90857,28.08619,-23.13834,0.66585,-0.02162,0.12493,-0.73523,24.35737,5.97157,-3.84363
62767000000,137.97416,29.06268,-23.77916,0.65946,-0.02265,0.12482,-0.74095,24.92375,6.02621,-3.94080
62833000000,139.65601,29.36984,-24.03968,0.65726,-0.02262,0.12492,-0.74290,25.18078,5.95779,-3.98173
62965000000,143.07324,30.01590,-24.57365,0.65275,-0.02278,0.12502,-0.74684,25.70094,5.92296,-4.05921
63031000000,144.74954,30.48577,-24.84256,0.64989,-0.02366,0.12477,-0.74935,25.90084,6.05799,-4.09398
63097000000,146.45682,30.88897,-25.11100,0.64637,-0.02425,0.12457,-0.75240,26.11510,6.12194,-4.12354
63196000000,149.07849,31.43599,-25.52150,0.63995,-0.02501,0.12438,-0.75788,26.45723,6.12921,-4.17619
63328000000,152.72487,31.94512,-26.08469,0.62928,-0.02541,0.12465,-0.76670,26.99382,5.88731,-4.25395
63460000000,156.36659,32.61245,-26.65531,0.61358,-0.02729,0.12437,-0.77930,27.42911,5.82143,-4.32493
63559000000,158.97875,33.51240,-27.08199,0.59668,-0.03139,0.12316,-0.79235,27.58157,6.18169,-4.36877
63658000000,161.94045,33.47767,-27.52101,0.57599,-0.03191,0.12334,-0.80747,28.06794,5.52739,-4.42810
63757000000,161.45811,40.53869,-27.64841,0.55195,-0.06461,0.10579,-0.82461,24.93451,12.54443,-4.14944
63790000000,162.69682,40.23280,-27.78885,0.54549,-0.06145,0.10674,-0.82901,25.50012,11.74696,-4.17935
63889000000,165.34335,41.20364,-28.22050,0.52782,-0.06281,0.10607,-0.84036,25.98133,11.62142,-4.26582
63955000000,167.16920,41.79027,-28.52429,0.51856,-0.06322,0.10601,-0.84608,26.35172,11.45947,-4.33893
64120000000,173.27308,40.12453,-29.42614,0.50009,-0.05178,0.11403,-0.85687,28.68622,7.78932,-4.65059
64219000000,174.34453,44.60273,-29.72593,-0.48839,0.06756,-0.10375,0.86380,27.29617,11.67809,-4.56272
64285000000,176.11898,45.53578,-30.01859,-0.48213,0.06864,-0.10273,0.86734,27.51418,11.88180,-4.60637
64450000000,181.29677,46.26367,-30.83899,-0.46760,0.06567,-0.10490,0.87523,28.76330,10.61390,-4.79248
64549000000,184.97416,45.52883,-31.40155,-0.45599,0.06067,-0.10888,0.88121,29.99415,8.77896,-4.95821
64681000000,189.21123,46.21683,-32.09570,-0.43525,0.06169,-0.10881,0.89158,30.79238,8.36513,-5.09751
64780000000,192.32831,46.99311,-32.61552,-0.41611,0.06382,-0.10778,0.90065,31.19954,8.31295,-5.18513
64912000000,197.10789,46.47377,-33.35938,-0.38263,0.06301,-0.10925,0.91525,32.17265,6.73193,-5.32401
64978000000,199.20800,47.11890,-33.71959,-0.36434,0.06576,-0.10767,0.92268,32.44848,6.95317,-5.38959
65110000000,203.60076,47.80574,-34.44081,-0.33316,0.06867,-0.10603,0.93437,33.08231,6.68207,-5.51705
65209000000,206.86265,48.59374,-34.99391,-0.31547,0.07103,-0.10440,0.94050,33.40618,6.67095,-5.61552
65308000000,210.21922,49.13129,-35.55529,-0.30179,0.07220,-0.10366,0.94497,33.78243,6.39903,-5.71324
65374000000,212.48212,49.52471,-35.94037,-0.29322,0.07315,-0.10323,0.94764,34.06261,6.28161,-5.78467
65473000000,216.14921,49.16033,-36.53264,-0.28207,0.07179,-0.10471,0.95095,34.81633,5.17034,-5.91486
65671000000,223.06013,50.54127,-37.72608,-0.26210,0.07479,-0.10234,0.95668,35.53850,5.20340,-6.12313
65737000000,225.41304,50.89634,-38.13465,-0.25571,0.07553,-0.10191,0.95839,35.77188,5.09900,-6.19090
65836000000,228.97564,51.39088,-38.75292,-0.24424,0.07671,-0.10108,0.96138,36.19084,4.96657,-6.29620
66001000000,235.05087,52.04040,-39.80991,-0.21813,0.07903,-0.09922,0.96764,36.97578,4.64136,-6.47899
66133000000,240.06902,52.30152,-40.68144,-0.20248,0.07996,-0.09871,0.97101,37.68376,4.10377,-6.64986
66199000000,242.60290,52.43650,-41.12750,-0.19682,0.08033,-0.09852,0.97216,37.96089,3.83624,-6.72771
66265000000,245.09589,52.84671,-41.57922,-0.19130,0.08128,-0.09775,0.97326,38.17904,3.85539,-6.80420
66397000000,250.33995,52.57223,-42.49263,-0.18092,0.08076,-0.09847,0.97522,38.77886,2.87965,-6.95229
66463000000,252.86498,53.07773,-42.96053,-0.17595,0.08198,-0.09741,0.97613,39.01510,3.03464,-7.03349
66529000000,255.45370,53.22476,-43.42927,-0.17132,0.08238,-0.09711,0.97695,39.29316,2.85344,-7.11362
66661000000,260.82383,52.29057,-44.38236,-0.16327,0.08052,-0.09872,0.97832,39.93953,1.41921,-7.27444
66826000000,267.50791,52.79337,-45.59022,-0.14821,0.08294,-0.09703,0.98068,40.78727,1.39404,-7.47619
66859000000,268.84546,53.05206,-45.84884,-0.14514,0.08366,-0.09633,0.98115,40.93228,1.52751,-7.52736
66958000000,272.91713,53.20103,-46.60030,-0.13848,0.08433,-0.09576,0.98211,41.31231,1.28820,-7.64391
67057000000,277.05169,53.24142,-47.37195,-0.13272,0.08488,-0.09547,0.98289,41.66162,0.95688,-7.76106
67123000000,279.83290,53.13209,-47.88665,-0.12904,0.08490,-0.09548,0.98337,41.91408,0.61505,-7.83528
67189000000,282.62256,53.10537,-48.41081,-0.12550,0.08514,-0.09536,0.98382,42.17435,0.37913,-7.91641
67255000000,285.44461,52.98141,-48.93984,-0.12218,0.08512,-0.09551,0.98423,42.47274,0.04378,-8.00272
67321000000,288.27842,52.81610,-49.46833,-0.11901,0.08510,-0.09569,0.98460,42.75794,-0.30442,-8.08056
67387000000,291.23923,50.48679,-50.00882,-0.11668,0.07976,-0.10068,0.98483,43.10388,-3.07774,-8.17086
67552000000,298.38696,52.12179,-51.38524,-0.10938,0.08501,-0.09605,0.98569,43.78377,-1.42848,-8.38138
67618000000,301.28513,52.06482,-51.94159,-0.10705,0.08535,-0.09576,0.98594,44.04529,-1.56094,-8.46388
67717000000,305.66044,52.60225,-52.79365,-0.10358,0.08715,-0.09414,0.98631,44.45342,-1.12162,-8.59361
67816000000,310.06407,52.34718,-53.66871,-0.10066,0.08697,-0.09414,0.98663,44.82889,-1.51803,-8.73602
67981000000,317.49922,51.56592,-55.09884,-0.09632,0.08642,-0.09466,0.98706,45.45562,-2.41976,-8.91646
68080000000,322.01923,51.31417,-55.98609,-0.09407,0.08664,-0.09452,0.98727,45.84693,-2.68651,-9.03804
68245000000,329.64746,52.23108,-57.50499,-0.09054,0.08961,-0.09185,0.98759,46.54332,-1.89556,-9.25267
68311000000,332.72723,52.23987,-58.12069,-0.08940,0.08995,-0.09150,0.98770,46.81023,-1.94593,-9.33766
68377000000,335.79938,50.78958,-58.73722,-0.08845,0.08746,-0.09366,0.98780,47.01629,-3.35220,-9.41633
68476000000,340.48865,50.25780,-59.67156,-0.08694,0.08732,-0.09377,0.98794,47.41534,-3.80096,-9.53554
68608000000,346.77565,51.03971,-60.93738,-0.08498,0.09005,-0.09114,0.98811,47.95954,-2.86866,-9.69644
68707000000,351.48626,51.42527,-61.90046,-0.08375,0.09137,-0.08970,0.98823,48.31967,-2.47496,-9.81542
68806000000,356.27397,49.36433,-62.87194,-0.08284,0.08814,-0.09290,0.98830,48.65643,-4.46785,-9.93140
68938000000,362.74054,48.92355,-64.19339,-0.08154,0.08868,-0.09245,0.98840,49.18859,-4.66958,-10.09293
69004000000,365.99903,48.66278,-64.86239,-0.08092,0.08888,-0.09227,0.98845,49.45243,-4.79653,-10.17534
69136000000,372.56291,48.03061,-66.21662,-0.07990,0.08901,-0.09212,0.98854,49.97373,-5.13406,-10.33915
69235000000,377.53327,47.04296,-67.24655,-0.07928,0.08823,-0.09288,0.98859,50.35715,-5.89640,-10.46078
69301000000,380.86583,46.65280,-67.93970,-0.07882,0.08830,-0.09282,0.98862,50.61612,-6.07625,-10.54300
69400000000,385.90388,46.12386,-68.99003,-0.07815,0.08862,-0.09263,0.98867,51.01410,-6.26395,-10.66695
69499000000,390.97968,45.01670,-70.05203,-0.07762,0.08793,-0.09347,0.98869,51.39554,-6.98262,-10.79051
69598000000,396.19813,45.46770,-71.13927,-0.07703,0.09012,-0.09169,0.98870,51.91036,-6.18740,-10.92799
69697000000,401.24072,43.59601,-72.21862,-0.07672,0.08812,-0.09336,0.98875,52.17290,-7.53274,-11.04460
69763000000,404.85966,44.76247,-72.96008,-0.07623,0.09107,-0.09081,0.98876,52.61798,-6.20989,-11.13672
69862000000,409.91182,42.40739,-74.06549,-0.07597,0.08819,-0.09303,0.98884,52.82416,-7.92556,-11.25518
69994000000,416.92820,41.41792,-75.56307,-0.07557,0.08844,-0.09286,0.98886,53.34926,-8.23464,-11.42069
70093000000,422.18873,40.04192,-76.68752,-0.07536,0.08786,-0.09357,0.98886,53.69083,-8.92858,-11.53538
70192000000,427.59459,39.67255,-77.84462,-0.07404,0.08863,-0.09288,0.98896,54.17126,-8.79390,-11.67305
70225000000,429.33245,38.96625,-78.24459,-0.07315,0.08813,-0.09326,0.98903,54.26378,-9.18683,-11.72517
70291000000,432.92909,38.40861,-79.02114,-0.07123,0.08840,-0.09305,0.98917,54.49894,-9.33096,-11.80249
70357000000,436.60361,38.25544,-79.80225,-0.06990,0.08934,-0.09244,0.98924,54.83032,-9.15296,-11.88651
70456000000,442.28690,39.47294,-81.01397,-0.06821,0.09220,-0.08939,0.98937,55.43409,-7.73729,-12.02981
70555000000,447.47989,36.26552,-82.16427,-0.06696,0.08902,-0.09233,0.98948,55.56681,-9.92836,-12.12375
70687000000,455.11316,37.36349,-83.78899,-0.06519,0.09286,-0.08888,0.98956,56.27101,-8.33613,-12.28582
70753000000,458.85005,36.95219,-84.60673,-0.06446,0.09318,-0.08858,0.98960,56.54702,-8.38555,-12.37116
70852000000,464.47587,36.19384,-85.84112,-0.06345,0.09341,-0.08836,0.98967,56.95146,-8.57486,-12.49863
71050000000,475.61268,32.90360,-88.34460,-0.05854,0.09095,-0.09020,0.99003,57.50276,-10.60101,-12.74545
71116000000,479.43621,32.31101,-89.18446,-0.05676,0.09132,-0.08984,0.99014,57.75592,-10.66563,-12.81798
71149000000,481.40570,32.33473,-89.60983,-0.05594,0.09216,-0.08915,0.99017,57.95859,-10.33710,-12.86096
71281000000,488.91117,29.62911,-91.29759,-0.05330,0.09035,-0.09089,0.99032,58.26817,-12.00070,-13.00565
71314000000,490.83987,29.25212,-91.72762,-0.05269,0.09040,-0.09083,0.99035,58.39922,-12.07582,-13.04635
71380000000,494.71156,28.49785,-92.59227,-0.05146,0.09065,-0.09062,0.99042,58.66171,-12.21972,-13.12887
71446000000,498.56674,27.48741,-93.45877,-0.05033,0.09046,-0.09073,0.99048,58.88565,-12.60238,-13.20713
71512000000,502.46490,26.66665,-94.33326,-0.04925,0.09062,-0.09055,0.99054,59.14113,-12.77849,-13.28963
71611000000,508.32326,25.26402,-95.65350,-0.04775,0.09056,-0.09057,0.99061,59.50084,-13.18050,-13.41204
71677000000,512.23887,24.28628,-96.54285,-0.04680,0.09047,-0.09060,0.99067,59.73361,-13.46855,-13.49626
71809000000,520.16810,22.53830,-98.33574,-0.04504,0.09075,-0.09030,0.99075,60.24496,-13.81022,-13.66088
71875000000,524.66775,24.49488,-99.26165,-0.04409,0.09523,-0.08622,0.99073,61.02053,-11.35066,-13.76093
71908000000,526.36937,22.52154,-99.73520,-0.04390,0.09243,-0.08850,0.99081,60.81525,-13.01036,-13.81939
72007000000,532.32421,20.71106,-101.08815,-0.04298,0.09171,-0.08918,0.99085,61.09444,-13.84748,-13.91841
72073000000,536.44434,20.21336,-102.00827,-0.04226,0.09261,-0.08850,0.99086,61.44233,-13.56953,-13.99819
72139000000,540.51091,19.32728,-102.93525,-0.04168,0.09271,-0.08846,0.99088,61.69869,-13.74526,-14.07922
72238000000,546.52369,17.40398,-104.32747,-0.04087,0.09162,-0.08928,0.99094,61.93201,-14.69243,-14.19205
72304000000,550.60441,16.31792,-105.26469,-0.04033,0.09147,-0.08943,0.99096,62.15889,-15.03244,-14.27166
72403000000,556.72690,14.58257,-106.67402,-0.03964,0.09111,-0.08976,0.99100,62.47181,-15.59585,-14.38431
72469000000,560.88179,13.64878,-107.62719,-0.03922,0.09137,-0.08956,0.99101,62.75061,-15.67320,-14.46714
72535000000,565.10465,12.92807,-108.59001,-0.03878,0.09205,-0.08892,0.99102,63.09242,-15.48826,-14.55597
72634000000,571.48832,11.91749,-110.04356,-0.03822,0.09319,-0.08778,0.99103,63.62347,-15.11374,-14.68824
72733000000,577.63015,9.62923,-111.51761,-0.03759,0.09189,-0.08915,0.99106,63.79768,-16.33244,-14.82821
72799000000,581.84859,8.53960,-112.49889,-0.03672,0.09196,-0.08907,0.99109,64.06783,-16.52667,-14.91299
72898000000,588.19915,6.81780,-113.96829,-0.03512,0.09188,-0.08892,0.99117,64.38263,-16.90382,-15.00971
73030000000,596.61171,3.99291,-115.95386,-0.03359,0.09135,-0.08968,0.99120,64.74166,-17.91108,-15.16882
73195000000,607.28553,0.66568,-118.45985,-0.03179,0.09111,-0.08996,0.99126,65.29260,-18.73547,-15.36104
73327000000,615.97274,-1.69983,-120.50185,-0.03069,0.09155,-0.08974,0.99127,65.82081,-19.00660,-15.52856
73426000000,622.50375,-3.60891,-122.04534,-0.02992,0.09162,-0.08964,0.99130,66.18342,-19.32392,-15.64923
73459000000,624.68910,-4.25114,-122.56237,-0.02964,0.09168,-0.08965,0.99130,66.30548,-19.42867,-15.69016
73525000000,629.13915,-5.30160,-123.60625,-0.02911,0.09227,-0.08937,0.99129,66.62292,-19.38466,-15.77899
73624000000,635.60483,-7.80444,-125.17596,-0.02845,0.09138,-0.09016,0.99132,66.82841,-20.28126,-15.90346
73690000000,639.71233,-10.28669,-126.20872,-0.02808,0.08999,-0.09196,0.99129,66.72250,-21.70684,-15.96455
73756000000,644.34519,-11.01318,-127.24587,-0.02766,0.09082,-0.09079,0.99133,67.20569,-21.15190,-16.02551
73822000000,648.77936,-12.46221,-128.32065,-0.02740,0.09092,-0.09092,0.99132,67.43885,-21.40884,-16.12333
73888000000,653.24078,-13.87433,-129.38760,-0.02707,0.09098,-0.09086,0.99133,67.68383,-21.60815,-16.20509
73954000000,657.66051,-15.50270,-130.46121,-0.02683,0.09065,-0.09116,0.99134,67.84794,-22.07839,-16.29001
74053000000,664.39315,-17.71110,-132.07976,-0.02637,0.09064,-0.09114,0.99135,68.20532,-22.40021,-16.41400
74152000000,671.18960,-19.86523,-133.71018,-0.02606,0.09098,-0.09103,0.99134,68.60400,-22.60366,-16.53734
74251000000,678.01010,-22.08490,-135.35365,-0.02576,0.09115,-0.09105,0.99133,68.97962,-22.87570,-16.66204
74317000000,682.57220,-23.59681,-136.45609,-0.02555,0.09117,-0.09104,0.99134,69.22071,-23.07645,-16.74431
74383000000,686.27334,-27.77637,-137.52903,-0.02551,0.08614,-0.09588,0.99133,68.24880,-26.85047,-16.78057
74449000000,690.78917,-29.54611,-138.63893,-0.02522,0.08613,-0.09585,0.99134,68.48256,-27.05919,-16.86236
74515000000,695.51445,-30.83713,-139.66828,-0.02499,0.08685,-0.09477,0.99139,68.97993,-26.60205,-16.82730
74581000000,700.17902,-32.30862,-140.78912,-0.02485,0.08742,-0.09424,0.99139,69.35414,-26.42878,-16.92008
74680000000,707.65478,-33.15199,-142.52277,-0.02445,0.09125,-0.09147,0.99132,70.49318,-24.44810,-17.10979
74746000000,712.09073,-35.42964,-143.69828,-0.02437,0.09044,-0.09286,0.99126,70.43910,-25.50707,-17.24799
74812000000,716.75621,-37.09750,-144.83890,-0.02428,0.09043,-0.09269,0.99128,70.68856,-25.69189,-17.33040
74911000000,723.99191,-39.01901,-146.56461,-0.02409,0.09156,-0.09161,0.99128,71.34763,-25.15480,-17.45914
74977000000,728.70838,-40.68608,-147.72049,-0.02399,0.09155,-0.09160,0.99129,71.58800,-25.36469,-17.54167
75043000000,733.44199,-42.36335,-148.88134,-0.02390,0.09163,-0.09162,0.99128,71.82886,-25.56964,-17.62276
75109000000,738.17936,-44.08817,-150.04869,-0.02378,0.09158,-0.09167,0.99128,72.05290,-25.82042,-17.70865
75208000000,745.00876,-47.52989,-151.78692,-0.02374,0.08957,-0.09273,0.99137,72.00055,-27.21207,-17.80501
75274000000,749.98280,-48.75255,-152.96184,-0.02361,0.09078,-0.09195,0.99134,72.50842,-26.70820,-17.88373
75373000000,756.86569,-52.18806,-154.71423,-0.02357,0.08925,-0.09278,0.99140,72.50797,-27.88552,-17.98021
75439000000,762.46971,-51.67504,-155.93733,-0.02332,0.09306,-0.08961,0.99135,73.67149,-25.48460,-18.09951
75505000000,767.33769,-53.36993,-157.13493,-0.02329,0.09302,-0.08956,0.99135,73.91016,-25.69610,-18.18074
75604000000,774.44688,-56.55831,-158.96403,-0.02328,0.09226,-0.09056,0.99133,74.02055,-26.70104,-18.33058
75703000000,781.23676,-60.81863,-160.76661,-0.02337,0.08975,-0.09263,0.99137,73.76777,-28.72825,-18.43292
75802000000,788.95206,-62.65616,-162.57419,-0.02314,0.09155,-0.09142,0.99133,74.54112,-27.99001,-18.53546
75901000000,796.46436,-65.10744,-164.43043,-0.02305,0.09210,-0.09093,0.99132,75.02322,-27.95691,-18.67373
76000000000,803.71874,-68.39981,-166.30452,-0.02303,0.09134,-0.09154,0.99134,75.18715,-28.78049,-18.81341
76066000000,808.05481,-72.01205,-167.51851,-0.02315,0.08866,-0.09363,0.99138,74.72695,-30.81588,-18.86220
76165000000,815.48231,-75.05626,-169.38997,-0.02275,0.08870,-0.09356,0.99139,75.13071,-31.10404,-18.98871
76264000000,823.00319,-78.01244,-171.23365,-0.02117,0.08891,-0.09319,0.99144,75.54031,-31.25432,-19.05757
76363000000,830.54285,-81.00824,-173.12746,-0.01960,0.08938,-0.09285,0.99147,75.91219,-31.44918,-19.17642
76462000000,838.48231,-83.10685,-175.05403,-0.01817,0.09117,-0.09139,0.99147,76.71058,-30.66561,-19.32208
76528000000,842.98929,-86.51460,-176.34995,-0.01748,0.08906,-0.09316,0.99151,76.31191,-32.40195,-19.42450
76594000000,848.03355,-88.66025,-177.63464,-0.01668,0.08919,-0.09310,0.99151,76.54478,-32.61852,-19.50462
76693000000,855.63347,-91.89603,-179.57027,-0.01555,0.08934,-0.09295,0.99153,76.89778,-32.93293,-19.62607
76759000000,860.72352,-94.08933,-180.82403,-0.01484,0.08925,-0.09279,0.99157,77.13525,-33.16452,-19.65473
76825000000,865.84472,-96.23139,-182.12416,-0.01424,0.08940,-0.09267,0.99157,77.39472,-33.31659,-19.73617
76924000000,873.52141,-99.55170,-184.08382,-0.01332,0.08955,-0.09259,0.99158,77.73834,-33.65014,-19.85416
76990000000,878.66625,-101.76367,-185.39709,-0.01276,0.08960,-0.09254,0.99159,77.97709,-33.84868,-19.93569
77089000000,885.81291,-106.40331,-187.33669,-0.01211,0.08704,-0.09412,0.99167,77.57946,-35.74778,-20.00966
77155000000,891.40493,-107.70675,-188.62812,-0.01153,0.08900,-0.09254,0.99166,78.41094,-34.60268,-20.04946
77221000000,896.59200,-109.98721,-189.95431,-0.01102,0.08902,-0.09244,0.99167,78.64537,-34.80533,-20.13060
77320000000,904.58438,-112.98102,-191.97735,-0.01046,0.08998,-0.09174,0.99165,79.23783,-34.53219,-20.28457
77419000000,912.42913,-116.45020,-193.99584,-0.00991,0.08986,-0.09155,0.99169,79.56459,-34.90129,-20.41311
77485000000,917.69342,-118.74660,-195.34709,-0.00955,0.08999,-0.09150,0.99168,79.80166,-35.10079,-20.49649
77584000000,925.62429,-122.20593,-197.38313,-0.00909,0.09003,-0.09133,0.99170,80.16461,-35.38718,-20.62093
77650000000,930.91631,-124.55511,-198.75354,-0.00886,0.08996,-0.09127,0.99171,80.38855,-35.61254,-20.70898
77716000000,935.91925,-127.49817,-200.11496,-0.00870,0.08878,-0.09183,0.99177,80.25752,-36.49998,-20.78093
77749000000,938.57149,-128.70604,-200.79611,-0.00863,0.08887,-0.09184,0.99176,80.37345,-36.61176,-20.81477
77881000000,949.23557,-133.51483,-203.55327,-0.00818,0.08894,-0.09175,0.99177,80.86015,-36.99234,-20.97689
77980000000,957.27105,-137.13510,-205.62667,-0.00786,0.08887,-0.09150,0.99180,81.21839,-37.25347,-21.08864
78046000000,962.52267,-139.76905,-207.00207,-0.00770,0.08851,-0.09169,0.99182,81.31271,-37.66528,-21.14777
78178000000,973.26783,-144.73866,-209.78518,-0.00736,0.08853,-0.09154,0.99183,81.74744,-38.07045,-21.29075
78277000000,981.40763,-148.45813,-211.89947,-0.00706,0.08854,-0.09145,0.99184,82.12196,-38.32871,-21.41548
78310000000,984.14018,-149.67946,-212.60706,-0.00697,0.08859,-0.09136,0.99184,82.25961,-38.38603,-21.45764
78376000000,989.58510,-152.20188,-214.02609,-0.00679,0.08862,-0.09132,0.99185,82.49517,-38.58450,-21.53902
78442000000,995.05235,-154.71719,-215.45082,-0.00661,0.08854,-0.09121,0.99187,82.74308,-38.75416,-21.62223
78508000000,999.74000,-158.93282,-216.86760,-0.00662,0.08570,-0.09361,0.99189,81.95328,-41.09381,-21.68626
78607000000,1007.85962,-162.91418,-218.90812,-0.00648,0.08574,-0.09329,0.99192,82.27229,-41.30685,-21.67328
78706000000,1016.97123,-164.95339,-221.09674,-0.00622,0.08880,-0.09030,0.99193,83.79549,-39.09268,-21.84009
78805000000,1025.28398,-168.83912,-223.26564,-0.00608,0.08885,-0.09028,0.99193,84.13910,-39.41967,-21.96389
78871000000,1030.87428,-171.37981,-224.72125,-0.00598,0.08896,-0.09020,0.99192,84.40347,-39.55278,-22.04795
79003000000,1042.04551,-176.62941,-227.64224,-0.00589,0.08887,-0.09013,0.99194,84.85897,-39.98723,-22.20907
79102000000,1049.99004,-181.56160,-229.88951,-0.00584,0.08779,-0.09173,0.99189,84.61617,-41.49779,-22.38494
79168000000,1055.59547,-184.28336,-231.36854,-0.00571,0.08782,-0.09170,0.99189,84.88732,-41.68668,-22.46727
79234000000,1061.21126,-187.03573,-232.85027,-0.00527,0.08778,-0.09167,0.99190,85.12715,-41.89039,-22.54306
79366000000,1072.42516,-192.71389,-235.80383,-0.00365,0.08761,-0.09139,0.99195,85.47489,-42.45924,-22.66324
79432000000,1078.41562,-194.81488,-237.30629,-0.00284,0.08871,-0.09043,0.99194,86.08303,-41.89747,-22.74888
79531000000,1087.21859,-198.38310,-239.59264,-0.00178,0.08980,-0.08963,0.99192,86.72249,-41.56812,-22.90008
79630000000,1095.90372,-202.33364,-241.87081,-0.00072,0.09012,-0.08932,0.99192,87.15912,-41.69353,-23.02628
79762000000,1107.44710,-207.84572,-244.92277,0.00046,0.09030,-0.08906,0.99193,87.62352,-42.10552,-23.18777
79927000000,1121.95629,-214.82870,-248.76576,0.00157,0.09051,-0.08887,0.99192,88.19874,-42.63915,-23.39039
80059000000,1133.74628,-220.22373,-251.87877,0.00234,0.09069,-0.08845,0.99194,88.77098,-42.81848,-23.56350
80125000000,1138.22468,-225.88214,-253.42353,0.00268,0.08746,-0.09167,0.99194,87.59155,-45.85630,-23.63290
80224000000,1147.62628,-229.11793,-255.68534,0.00327,0.08878,-0.08988,0.99198,88.61599,-44.91284,-23.67265
80290000000,1153.47776,-232.09779,-257.25102,0.00359,0.08873,-0.08987,0.99199,88.83387,-45.14304,-23.75476
80389000000,1161.32025,-238.39261,-259.61778,0.00393,0.08654,-0.09180,0.99200,88.18943,-47.28079,-23.88407
80488000000,1170.10366,-243.02461,-261.98443,0.00433,0.08663,-0.09172,0.99200,88.55167,-47.55665,-24.00162
80554000000,1175.96632,-246.15072,-263.57021,0.00453,0.08664,-0.09160,0.99201,88.78181,-47.76236,-24.07945
80653000000,1184.80272,-250.83920,-265.95881,0.00481,0.08682,-0.09153,0.99200,89.14070,-48.04598,-24.19890
80752000000,1193.68507,-255.53576,-268.36011,0.00514,0.08700,-0.09147,0.99199,89.51312,-48.30492,-24.32171
80851000000,1202.62288,-260.19099,-270.72073,0.00550,0.08721,-0.09134,0.99198,89.90853,-48.48410,-24.38478
80917000000,1208.58370,-263.36138,-272.33316,0.00574,0.08733,-0.09128,0.99197,90.15173,-48.66788,-24.46508
80983000000,1214.52638,-266.55736,-273.94370,0.00589,0.08745,-0.09127,0.99196,90.35517,-48.86640,-24.53829
81049000000,1220.59156,-269.59245,-275.56239,0.00594,0.08747,-0.09068,0.99201,90.69091,-48.84707,-24.61541
81115000000,1226.91182,-272.19541,-277.19976,0.00619,0.08846,-0.08980,0.99200,91.31948,-48.29790,-24.70770
81181000000,1233.05692,-275.14800,-278.86384,0.00635,0.08895,-0.08954,0.99198,91.68657,-48.20877,-24.82795
81280000000,1242.16627,-279.90546,-281.32907,0.00653,0.08904,-0.08952,0.99198,92.04129,-48.50206,-24.95050
81379000000,1249.73265,-287.47408,-283.71664,0.00646,0.08497,-0.09307,0.99201,90.43063,-52.22376,-24.96314
81445000000,1256.41298,-289.62344,-285.28903,0.00661,0.08697,-0.09122,0.99200,91.55539,-50.78119,-24.94239
81544000000,1265.49688,-294.66439,-287.76493,0.00694,0.08700,-0.09121,0.99200,91.92832,-51.10865,-25.06863
81610000000,1271.57187,-298.04319,-289.42223,0.00770,0.08707,-0.09111,0.99200,92.12677,-51.32437,-25.14370
81676000000,1277.70714,-301.34625,-291.08652,0.00880,0.08732,-0.09093,0.99198,92.37432,-51.42439,-25.21834
81775000000,1286.86755,-306.45445,-293.58983,0.01035,0.08740,-0.09081,0.99197,92.70013,-51.76185,-25.33845
81841000000,1292.98855,-309.88512,-295.26540,0.01127,0.08749,-0.09065,0.99197,92.91038,-51.99409,-25.41832
81940000000,1301.99833,-315.39056,-297.80885,0.01255,0.08744,-0.09121,0.99191,92.98415,-52.75309,-25.56678
82039000000,1311.20527,-320.65597,-300.34553,0.01372,0.08750,-0.09114,0.99189,93.29211,-53.12507,-25.68598
82105000000,1317.37221,-324.16497,-302.04343,0.01445,0.08753,-0.09111,0.99188,93.50924,-53.34681,-25.76595
82204000000,1326.70203,-329.32755,-304.59441,0.01545,0.08763,-0.09080,0.99189,93.90331,-53.52319,-25.87665
82303000000,1336.02005,-334.63330,-307.16230,0.01638,0.08780,-0.09076,0.99186,94.23175,-53.85572,-25.99742
82402000000,1344.74428,-340.94629,-309.69909,0.01719,0.08696,-0.09231,0.99178,93.81457,-55.34362,-26.06643
82435000000,1347.85287,-342.75735,-310.55839,0.01743,0.08700,-0.09228,0.99177,93.93424,-55.43845,-26.10421
82534000000,1357.18145,-348.24039,-313.14833,0.01815,0.08703,-0.09216,0.99177,94.26798,-55.76270,-26.22273
82666000000,1370.00467,-354.97512,-316.57977,0.01892,0.08736,-0.09063,0.99186,95.14600,-55.47592,-26.34347
82732000000,1376.36301,-358.46987,-318.33610,0.01926,0.08759,-0.09042,0.99186,95.48012,-55.50631,-26.44671
82864000000,1389.19030,-365.48038,-321.84160,0.01987,0.08816,-0.08992,0.99184,96.06977,-55.58407,-26.59949
83029000000,1405.13442,-374.59887,-326.24752,0.02058,0.08828,-0.08973,0.99183,96.60575,-56.05189,-26.78800
83095000000,1411.51851,-378.30405,-328.01822,0.02092,0.08844,-0.08961,0.99182,96.82077,-56.28100,-26.86814
83161000000,1417.87365,-382.05328,-329.81258,0.02114,0.08824,-0.08956,0.99184,96.99041,-56.54019,-26.96581
83194000000,1421.11028,-383.86301,-330.70179,0.02124,0.08829,-0.08939,0.99185,97.13596,-56.58983,-27.00328
83260000000,1427.12079,-388.23902,-332.46356,0.02145,0.08749,-0.09016,0.99185,96.91333,-57.49223,-27.05712
83359000000,1436.74626,-393.92266,-335.14687,0.02175,0.08749,-0.09017,0.99184,97.24716,-57.81048,-27.17311
83392000000,1440.21337,-395.39533,-336.04358,0.02190,0.08800,-0.08956,0.99184,97.62670,-57.46090,-27.21103
83491000000,1449.84857,-401.18039,-338.74251,0.02217,0.08809,-0.08964,0.99182,97.89670,-57.88996,-27.32796
83590000000,1459.31216,-407.27869,-341.43072,0.02245,0.08753,-0.08999,0.99184,97.94646,-58.62084,-27.42007
83689000000,1469.02688,-413.09544,-344.15116,0.02270,0.08757,-0.08995,0.99183,98.26590,-58.96451,-27.53832
83755000000,1475.54148,-416.95806,-345.97076,0.02287,0.08758,-0.08986,0.99183,98.50211,-59.15584,-27.61694
83821000000,1482.08019,-420.81899,-347.79574,0.02306,0.08774,-0.08977,0.99182,98.75260,-59.32278,-27.69682
83887000000,1488.60551,-424.74087,-349.62621,0.02309,0.08774,-0.08978,0.99182,98.96487,-59.55289,-27.77308
83953000000,1495.16067,-428.65131,-351.46188,0.02314,0.08786,-0.08967,0.99182,99.19830,-59.74767,-27.85197
84052000000,1504.95866,-434.64889,-354.22362,0.02328,0.08786,-0.08979,0.99180,99.46676,-60.17781,-27.96609
84151000000,1514.58924,-441.01340,-356.99113,0.02330,0.08742,-0.09039,0.99179,99.46015,-61.02584,-28.07010
84217000000,1521.16225,-445.04528,-358.84554,0.02299,0.08742,-0.09038,0.99180,99.65097,-61.26331,-28.14513
84283000000,1527.74056,-449.11451,-360.69413,0.02222,0.08760,-0.09069,0.99177,99.85711,-61.53476,-28.21352
84349000000,1534.92815,-452.20095,-362.55779,0.02077,0.08899,-0.08930,0.99180,100.94404,-60.46494,-28.30550
84415000000,1541.51196,-456.32904,-364.44699,0.01912,0.08838,-0.08932,0.99189,101.11652,-60.87531,-28.42195
84448000000,1544.86197,-458.32081,-365.38622,0.01841,0.08834,-0.08931,0.99191,101.26300,-60.96301,-28.46590
84547000000,1555.13318,-463.97588,-368.21789,0.01639,0.08864,-0.08883,0.99196,101.85028,-60.75550,-28.58375
84646000000,1565.20465,-470.04670,-371.05323,0.01432,0.08847,-0.08909,0.99198,102.06990,-61.15146,-28.68639
84745000000,1575.36982,-476.04263,-373.90029,0.01244,0.08837,-0.08913,0.99201,102.45222,-61.39846,-28.80589
84811000000,1581.71583,-480.75330,-375.80719,0.01123,0.08717,-0.09020,0.99204,102.10222,-62.49667,-28.88838
84877000000,1588.46355,-484.88284,-377.71615,0.01020,0.08709,-0.09030,0.99205,102.31964,-62.72215,-28.96542
84976000000,1598.60971,-491.10889,-380.58896,0.00873,0.08696,-0.09054,0.99205,102.64289,-63.06448,-29.08140
85075000000,1608.92200,-497.15270,-383.46882,0.00739,0.08717,-0.09040,0.99206,103.13993,-63.13138,-29.19053
85141000000,1616.15447,-500.63730,-385.39607,0.00665,0.08816,-0.08952,0.99205,103.89600,-62.47832,-29.26540
85207000000,1623.07840,-504.66702,-387.33164,0.00580,0.08822,-0.08942,0.99206,104.19177,-62.57365,-29.34604
85273000000,1629.89676,-508.90567,-389.27974,0.00511,0.08820,-0.08964,0.99205,104.32986,-62.92452,-29.43379
85372000000,1640.19174,-515.23519,-392.19939,0.00406,0.08801,-0.08978,0.99206,104.59669,-63.36664,-29.55095
85438000000,1647.13584,-519.36861,-394.15306,0.00351,0.08806,-0.08973,0.99206,104.86077,-63.51943,-29.62937
85504000000,1653.95463,-523.74948,-396.11142,0.00296,0.08792,-0.09009,0.99204,104.93359,-63.98542,-29.70770
85603000000,1664.42932,-529.98416,-399.05978,0.00218,0.08808,-0.09000,0.99204,105.36176,-64.17276,-29.82819
85735000000,1678.77739,-537.80214,-403.03882,0.00125,0.08884,-0.08912,0.99205,106.29099,-63.81383,-30.02262
85801000000,1685.58979,-542.36940,-405.03034,0.00079,0.08838,-0.08965,0.99204,106.25544,-64.46577,-30.10982
85834000000,1689.01919,-544.63271,-406.02107,0.00057,0.08813,-0.08992,0.99204,106.26033,-64.75621,-30.14386
85933000000,1699.03773,-551.92231,-408.98917,-0.00011,0.08678,-0.09099,0.99206,105.92333,-66.19370,-30.23314
86032000000,1709.13210,-559.12745,-411.94189,-0.00067,0.08590,-0.09192,0.99205,105.74500,-67.31438,-30.29427
86131000000,1719.65167,-565.75470,-414.94545,-0.00115,0.08589,-0.09182,0.99206,106.11303,-67.59257,-30.40887
86197000000,1726.65908,-570.23045,-416.95311,-0.00149,0.08589,-0.09191,0.99206,106.32663,-67.82856,-30.48510
86296000000,1737.20838,-576.95151,-419.97695,-0.00193,0.08586,-0.09189,0.99206,106.66053,-68.15388,-30.60217
86395000000,1747.81389,-583.66891,-423.01224,-0.00233,0.08595,-0.09187,0.99205,107.02187,-68.44185,-30.72179
86461000000,1754.89898,-588.17106,-425.04218,-0.00256,0.08597,-0.09188,0.99205,107.25668,-68.64110,-30.79905
86560000000,1765.55750,-594.94588,-428.09709,-0.00290,0.08601,-0.09186,0.99205,107.61524,-68.93571,-30.91591
86626000000,1772.73490,-599.39810,-430.13970,-0.00311,0.08614,-0.09178,0.99204,107.94480,-69.03252,-30.99811
86692000000,1779.84446,-603.99898,-432.18667,-0.00325,0.08597,-0.09185,0.99205,108.17688,-69.30123,-31.07899
86791000000,1790.91550,-610.32358,-435.26618,-0.00336,0.08680,-0.09105,0.99205,108.98534,-68.98032,-31.20109
86890000000,1801.72653,-617.16526,-438.36142,-0.00276,0.08680,-0.09091,0.99207,109.38368,-69.29652,-31.32444
87022000000,1816.74432,-625.42772,-442.51781,0.00042,0.08818,-0.08942,0.99208,110.53311,-68.66888,-31.49948
87088000000,1824.22751,-629.64847,-444.63464,0.00360,0.08913,-0.08893,0.99204,111.00461,-68.50472,-31.61989
87187000000,1835.22616,-636.46156,-447.77082,0.01065,0.08982,-0.08830,0.99198,111.38240,-68.81466,-31.73724
87253000000,1842.59882,-640.98832,-449.86837,0.01722,0.09040,-0.08769,0.99189,111.65307,-68.97891,-31.81589
87319000000,1849.25089,-646.71226,-451.97581,0.02534,0.09024,-0.08896,0.99161,111.04566,-70.54465,-31.89884
87385000000,1856.58144,-651.38551,-454.08311,0.03471,0.09103,-0.08802,0.99134,111.28081,-70.75508,-31.97468
87451000000,1863.95413,-656.03036,-456.19567,0.04469,0.09197,-0.08700,0.99095,111.54103,-70.92103,-32.05051
87517000000,1871.32573,-660.71106,-458.31278,0.05519,0.09293,-0.08598,0.99042,111.69490,-71.10242,-32.10813
87583000000,1877.62305,-667.11559,-460.38776,0.06672,0.09161,-0.08738,0.98971,110.43397,-73.49991,-32.11018
87682000000,1890.26083,-671.80543,-463.55112,0.08257,0.09563,-0.08156,0.98863,112.91889,-70.51354,-32.19558
87781000000,1901.45945,-678.79692,-466.74600,0.09641,0.09684,-0.08021,0.98737,113.24076,-70.85757,-32.31605
87847000000,1908.84601,-683.62842,-468.88481,0.10393,0.09725,-0.07973,0.98660,113.30408,-71.28944,-32.39449
87913000000,1916.31451,-688.36446,-471.02545,0.11084,0.09775,-0.07908,0.98585,113.43823,-71.54742,-32.46207
87979000000,1922.66947,-694.82061,-473.20485,0.11739,0.09623,-0.08146,0.98505,112.01473,-74.18322,-32.58118
88078000000,1933.79425,-702.14780,-476.42935,0.12673,0.09696,-0.08050,0.98390,112.25594,-74.48077,-32.66808
88177000000,1945.17060,-709.10598,-479.60965,0.13563,0.09780,-0.07868,0.98278,112.77383,-74.26745,-32.68501
88276000000,1956.34854,-716.47078,-482.85017,0.14399,0.09842,-0.07780,0.98159,112.98418,-74.60410,-32.77916
88342000000,1963.81350,-721.39951,-485.01605,0.14922,0.09875,-0.07727,0.98082,113.16502,-74.84869,-32.85484
88408000000,1971.30235,-726.32614,-487.18707,0.15415,0.09914,-0.07675,0.98006,113.36201,-75.07060,-32.92738
88507000000,1982.53350,-733.78384,-490.45232,0.16085,0.09971,-0.07595,0.97899,113.62018,-75.45378,-33.03856
88573000000,1990.02613,-738.79037,-492.63539,0.16486,0.10011,-0.07559,0.97831,113.78122,-75.72805,-33.11198
88672000000,2001.30122,-746.30945,-495.91904,0.17044,0.10053,-0.07504,0.97735,114.03924,-76.11133,-33.22419
88738000000,2008.77764,-751.42688,-498.11370,0.17441,0.10074,-0.07481,0.97664,114.15992,-76.47330,-33.29976
88771000000,2012.54845,-753.94989,-499.21326,0.17648,0.10094,-0.07457,0.97627,114.26307,-76.60208,-33.33966
88870000000,2023.87771,-761.55426,-502.52047,0.18208,0.10135,-0.07398,0.97524,114.61265,-77.02159,-33.47344
88969000000,2035.09086,-769.40862,-505.83373,0.18681,0.10152,-0.07382,0.97434,114.75795,-77.70924,-33.59772
89035000000,2042.66667,-774.55553,-508.05406,0.18958,0.10176,-0.07348,0.97381,114.98060,-78.00710,-33.68811
89101000000,2050.26337,-779.71135,-510.28025,0.19191,0.10198,-0.07321,0.97335,115.18141,-78.27850,-33.77083
89167000000,2057.99815,-784.69635,-512.50997,0.19362,0.10245,-0.07283,0.97299,115.47991,-78.26915,-33.83295
89233000000,2065.73755,-789.69901,-514.74622,0.19523,0.10287,-0.07238,0.97266,115.75515,-78.26952,-33.89646
89299000000,2073.31390,-794.96786,-516.99070,0.19683,0.10257,-0.07225,0.97238,115.78632,-78.64330,-33.96635
89431000000,2087.40156,-807.14507,-521.46855,0.20058,0.10167,-0.07524,0.97148,114.51732,-81.52555,-34.10592
89563000000,2104.40181,-815.18336,-525.93255,0.20455,0.10351,-0.06973,0.97087,117.22984,-78.69878,-34.21121
89629000000,2112.13946,-820.39615,-528.19381,0.20821,0.10374,-0.06936,0.97009,117.43786,-78.97813,-34.29726
89695000000,2119.87202,-825.64625,-530.46854,0.21302,0.10422,-0.06891,0.96903,117.61404,-79.27292,-34.39016
89761000000,2126.56702,-832.42769,-532.75526,0.21908,0.10506,-0.07173,0.96738,116.45344,-81.50412,-34.49739
89827000000,2134.25834,-837.81492,-535.03395,0.22530,0.10553,-0.07107,0.96595,116.61450,-81.75036,-34.56658
89926000000,2146.09832,-845.52852,-538.45926,0.23181,0.10590,-0.06946,0.96448,117.26304,-81.70220,-34.69289
89992000000,2152.64847,-852.64313,-540.73273,0.23507,0.10392,-0.07173,0.96374,115.96586,-84.08298,-34.75198
90091000000,2163.29381,-862.16817,-544.13961,0.23923,0.10382,-0.07364,0.96258,115.24314,-85.91508,-34.83669
90157000000,2170.91281,-867.84007,-546.44123,0.24155,0.10400,-0.07340,0.96200,115.44036,-86.20544,-34.92154
90223000000,2179.13160,-872.74724,-548.70467,0.24315,0.10461,-0.07181,0.96165,116.33342,-85.46619,-34.93350
90256000000,2182.98001,-875.55817,-549.85800,0.24391,0.10467,-0.07169,0.96146,116.40329,-85.57581,-34.96637
90355000000,2193.27581,-885.70073,-553.31042,0.24650,0.10392,-0.07496,0.96063,114.82448,-88.24186,-35.04152
90421000000,2200.52192,-891.98428,-555.59437,0.24915,0.10398,-0.07590,0.95987,114.53792,-89.16631,-35.08530
90487000000,2208.87047,-896.85918,-557.88856,0.25230,0.10507,-0.07355,0.95911,115.81554,-88.04175,-35.13556
90553000000,2216.53479,-902.65908,-560.21002,0.25631,0.10539,-0.07303,0.95805,116.00870,-88.29577,-35.21444
90586000000,2220.36491,-905.57529,-561.37289,0.25853,0.10552,-0.07276,0.95746,116.11275,-88.44726,-35.26110
90685000000,2231.90244,-914.31642,-564.87023,0.26625,0.10610,-0.07182,0.95535,116.43648,-88.83265,-35.39050
90784000000,2243.97419,-922.30954,-568.35609,0.27488,0.10511,-0.06781,0.95331,117.48337,-88.06641,-35.47512
90850000000,2252.55849,-926.98192,-570.72477,0.28106,0.10727,-0.06491,0.95146,118.87142,-86.68829,-35.59411
90916000000,2260.40063,-932.72319,-573.07704,0.28669,0.10764,-0.06427,0.94979,118.98800,-86.95905,-35.66211
90949000000,2264.32695,-935.59561,-574.25510,0.28939,0.10787,-0.06399,0.94896,119.03787,-87.07982,-35.69267
91048000000,2276.63783,-943.46158,-577.85049,0.29625,0.10918,-0.06177,0.94684,119.93935,-86.32265,-35.86416
91114000000,2284.60729,-949.09209,-580.22348,0.29964,0.10944,-0.06119,0.94578,120.09963,-86.45330,-35.92670
91180000000,2292.53066,-954.81881,-582.59729,0.30282,0.10971,-0.06090,0.94475,120.23607,-86.75881,-36.00293
91213000000,2296.49705,-957.68831,-583.78607,0.30443,0.10978,-0.06073,0.94424,120.31738,-86.91778,-36.04413
91312000000,2308.48781,-966.14169,-587.38585,0.30812,0.10951,-0.05982,0.94313,120.60169,-87.09837,-36.18497
91411000000,2320.43006,-974.78838,-590.97225,0.31165,0.10974,-0.05940,0.94197,120.73060,-87.46432,-36.26876
91477000000,2328.26486,-980.76082,-593.36672,0.31410,0.11007,-0.05958,0.94110,120.65882,-87.96421,-36.33019
91543000000,2333.22096,-990.58722,-595.73882,0.31741,0.10878,-0.06767,0.93960,116.79680,-93.60993,-36.38741
91642000000,2345.92915,-998.48721,-599.26989,0.32125,0.10887,-0.06453,0.93850,118.46998,-92.28964,-36.40434
91708000000,2354.89672,-1003.09303,-601.65577,0.32416,0.10990,-0.06107,0.93761,120.08617,-90.68244,-36.45506
91807000000,2366.80715,-1012.07582,-605.27249,0.32912,0.11031,-0.06051,0.93587,120.29062,-91.08012,-36.56567
91873000000,2374.72135,-1018.13093,-607.68813,0.33166,0.11051,-0.06026,0.93496,120.32679,-91.36813,-36.62055
91972000000,2386.62781,-1027.21041,-611.31827,0.33450,0.11066,-0.05990,0.93396,120.43710,-91.76002,-36.70532
92038000000,2392.94662,-1035.34291,-613.74975,0.33661,0.11112,-0.06377,0.93289,118.52550,-94.55341,-36.78274
92104000000,2400.77573,-1041.59158,-616.17997,0.33851,0.11128,-0.06353,0.93220,118.66909,-94.86155,-36.86368
92170000000,2408.61773,-1047.85394,-618.61505,0.34029,0.11143,-0.06324,0.93155,118.77763,-95.12391,-36.93037
92236000000,2416.51469,-1054.07164,-621.05290,0.34264,0.11153,-0.06277,0.93071,118.93138,-95.27157,-36.98285
92302000000,2423.50245,-1061.43983,-623.46070,0.34620,0.11174,-0.06489,0.92922,117.85389,-96.93584,-36.99508
92335000000,2427.41245,-1064.61628,-624.68172,0.34828,0.11190,-0.06460,0.92844,117.92615,-97.02385,-37.02446
92434000000,2440.57051,-1072.41300,-628.27009,0.35478,0.11107,-0.05906,0.92645,120.17946,-94.93401,-37.02010
92500000000,2449.89938,-1076.78217,-630.80537,0.35741,0.11318,-0.05489,0.92544,122.34939,-92.47331,-37.22376
92566000000,2457.94394,-1082.94142,-633.26595,0.35975,0.11329,-0.05468,0.92453,122.44220,-92.84896,-37.30471
92632000000,2465.91048,-1089.23186,-635.73858,0.36246,0.11326,-0.05455,0.92348,122.41106,-93.39588,-37.39687
92731000000,2478.01864,-1098.52748,-639.44677,0.36702,0.11352,-0.05400,0.92168,122.59223,-93.88970,-37.51230
92797000000,2485.98789,-1104.89746,-641.92759,0.37027,0.11353,-0.05394,0.92038,122.54607,-94.42816,-37.59291
92863000000,2494.02557,-1111.21071,-644.41182,0.37339,0.11371,-0.05362,0.91911,122.59890,-94.83754,-37.67004
92929000000,2502.04302,-1117.58095,-646.90232,0.37571,0.11381,-0.05358,0.91816,122.61199,-95.29265,-37.75128
93028000000,2514.16996,-1127.06792,-650.64614,0.37862,0.11397,-0.05328,0.91696,122.78874,-95.80999,-37.87453
93094000000,2522.92097,-1132.46557,-653.19172,0.38018,0.11351,-0.05111,0.91650,123.74629,-94.93407,-38.00506
93127000000,2526.86742,-1135.78306,-654.44636,0.38090,0.11355,-0.05136,0.91618,123.63997,-95.32725,-38.04647
93193000000,2535.02637,-1142.09219,-656.95997,0.38217,0.11361,-0.05129,0.91565,123.76172,-95.64867,-38.12325
93292000000,2547.58997,-1151.11188,-660.75635,0.38342,0.11383,-0.05033,0.91515,124.26292,-95.48661,-38.23733
93358000000,2555.79367,-1157.42127,-663.28173,0.38546,0.11386,-0.05011,0.91430,124.33681,-95.71087,-38.29029
93391000000,2559.87662,-1160.60645,-664.54077,0.38686,0.11387,-0.04999,0.91371,124.35241,-95.85132,-38.31118
93457000000,2568.05645,-1166.97968,-667.07088,0.39062,0.11412,-0.04956,0.91210,124.40516,-96.13637,-38.36827
93556000000,2580.03562,-1176.97861,-670.87035,0.39560,0.11503,-0.04993,0.90982,124.22199,-97.12976,-38.48474
93655000000,2592.72076,-1186.09199,-674.67676,0.39774,0.11451,-0.04871,0.90902,124.77356,-97.09067,-38.58992
93754000000,2605.07035,-1195.73192,-678.50100,0.40032,0.11475,-0.04849,0.90787,124.87947,-97.45239,-38.67098
93820000000,2613.36382,-1202.08758,-681.05849,0.40304,0.11490,-0.04797,0.90667,124.99999,-97.60267,-38.72716
93886000000,2621.51401,-1208.67224,-683.61594,0.40587,0.11504,-0.04777,0.90541,125.00363,-98.01897,-38.79539
93985000000,2633.55023,-1218.84753,-687.45873,0.40847,0.11516,-0.04818,0.90419,124.85531,-98.89295,-38.90469
94051000000,2642.17882,-1224.87744,-690.01222,0.40959,0.11506,-0.04727,0.90375,125.27050,-98.72673,-38.94890
94117000000,2650.43680,-1231.41720,-692.58458,0.41121,0.11524,-0.04712,0.90300,125.33632,-98.97965,-39.00457
94216000000,2662.97911,-1241.03447,-696.46554,0.41512,0.11548,-0.04641,0.90121,125.55136,-99.14756,-39.09598
94282000000,2671.13634,-1247.75878,-699.04744,0.41837,0.11569,-0.04627,0.89969,125.54249,-99.60199,-39.16844
94348000000,2678.83519,-1255.09738,-701.63199,0.42061,0.11574,-0.04696,0.89860,125.13115,-100.58646,-39.24449
94414000000,2687.67707,-1261.00700,-704.19388,0.42194,0.11576,-0.04573,0.89804,125.69692,-100.24547,-39.27823
94480000000,2695.93635,-1267.68018,-706.78768,0.42316,0.11586,-0.04562,0.89746,125.72181,-100.51943,-39.32679
94513000000,2700.17020,-1270.88254,-708.09329,0.42388,0.11595,-0.04534,0.89712,125.83029,-100.53672,-39.35929
94612000000,2712.61670,-1280.87208,-711.99353,0.42652,0.11604,-0.04506,0.89587,125.91307,-100.90490,-39.43766
94678000000,2719.32142,-1289.55599,-714.58809,0.42867,0.11612,-0.04756,0.89471,124.50778,-102.94793,-39.48157
94711000000,2724.83549,-1291.19218,-715.84556,0.42964,0.11594,-0.04492,0.89440,125.77698,-101.52773,-39.46197
94777000000,2733.09830,-1297.95150,-718.45153,0.43190,0.11608,-0.04473,0.89330,125.79512,-101.81327,-39.51282
94843000000,2741.68858,-1304.27164,-721.10086,0.43412,0.11643,-0.04385,0.89222,126.11528,-101.65650,-39.59653
94909000000,2749.19164,-1312.01549,-723.71013,0.43677,0.11634,-0.04494,0.89089,125.40396,-102.84195,-39.64237
95008000000,2761.54482,-1322.29802,-727.63619,0.44173,0.11669,-0.04457,0.88841,125.43997,-103.28822,-39.72009
95074000000,2769.76798,-1329.19545,-730.25898,0.44601,0.11694,-0.04410,0.88626,125.47232,-103.63365,-39.78258
95140000000,2777.78544,-1336.39364,-732.86045,0.45069,0.11667,-0.04405,0.88393,125.28926,-104.33944,-39.83078
95206000000,2784.92887,-1344.65356,-735.47813,0.45498,0.11679,-0.04610,0.88161,124.04436,-106.26149,-39.89240
95305000000,2797.19725,-1355.21887,-739.43268,0.45859,0.11709,-0.04564,0.87972,124.15041,-106.76922,-40.00188
95371000000,2807.26516,-1359.97073,-742.03424,0.45993,0.11747,-0.04135,0.87918,126.36987,-104.47408,-40.02176
95437000000,2812.47666,-1370.57882,-744.67337,0.46181,0.11650,-0.04734,0.87802,122.97166,-108.74650,-40.07481
95536000000,2828.29674,-1376.81365,-748.63038,0.46377,0.11778,-0.04020,0.87717,126.66175,-104.60776,-40.12172
95635000000,2840.83067,-1387.19862,-752.60596,0.46630,0.11793,-0.03985,0.87582,126.71736,-104.95339,-40.18796
95701000000,2849.45396,-1393.84066,-755.31138,0.46804,0.11829,-0.03920,0.87488,127.01571,-104.88309,-40.28157
95734000000,2853.64078,-1397.30996,-756.64105,0.46909,0.11833,-0.03912,0.87431,127.03548,-105.00071,-40.30506
95800000000,2861.99745,-1404.28445,-759.30277,0.47175,0.11846,-0.03887,0.87287,127.06813,-105.27165,-40.35511
95866000000,2870.22628,-1411.43469,-761.96695,0.47541,0.11852,-0.03872,0.87089,126.95320,-105.69821,-40.40240
95932000000,2878.72973,-1418.29006,-764.63805,0.47999,0.11863,-0.03790,0.86839,127.15300,-105.79202,-40.45647
95998000000,2887.09317,-1425.31699,-767.30953,0.48564,0.11881,-0.03714,0.86525,127.18017,-106.05102,-40.50247
96097000000,2899.59251,-1435.95563,-771.32336,0.49571,0.11917,-0.03598,0.85952,127.21951,-106.61630,-40.60478
96196000000,2905.19054,-1454.42539,-775.32646,0.50485,0.11672,-0.04866,0.85389,119.34109,-115.98940,-40.69265
96262000000,2913.09479,-1462.06622,-778.01189,0.50825,0.11688,-0.04817,0.85188,119.42782,-116.27711,-40.75901
96295000000,2917.01710,-1465.92672,-779.35665,0.50957,0.11693,-0.04805,0.85109,119.42781,-116.46979,-40.79226
96361000000,2924.90235,-1473.62338,-782.05122,0.51186,0.11706,-0.04773,0.84972,119.48653,-116.78983,-40.86196
96427000000,2932.79898,-1481.33414,-784.74905,0.51379,0.11719,-0.04749,0.84855,119.55198,-117.10008,-40.92945
96493000000,2943.84977,-1485.84567,-787.22555,0.51524,0.11785,-0.04091,0.84792,124.20211,-112.73693,-40.65972
96592000000,2955.87155,-1497.33765,-791.25983,0.51782,0.11788,-0.04108,0.84634,123.91789,-113.63970,-40.76867
96658000000,2966.70027,-1501.55416,-794.11202,0.51897,0.11971,-0.03361,0.84570,127.38477,-109.77492,-41.03283
96724000000,2974.87719,-1509.08139,-796.82316,0.52074,0.11965,-0.03391,0.84461,127.15656,-110.43498,-41.10237
96790000000,2980.47641,-1519.52715,-799.53900,0.52276,0.11897,-0.03987,0.84319,123.63809,-114.71417,-41.17178
96856000000,2991.85163,-1523.37035,-802.21326,0.52470,0.11975,-0.03289,0.84218,127.46473,-110.55062,-41.15173
96922000000,2999.98040,-1531.00484,-804.93146,0.52784,0.11981,-0.03306,0.84020,127.15912,-111.18521,-41.20187
96988000000,3009.20913,-1537.35632,-807.74709,0.53126,0.12054,-0.03068,0.83803,128.17156,-110.33156,-41.36335
97054000000,3017.29289,-1545.09064,-810.47867,0.53491,0.12067,-0.03095,0.83568,127.79085,-111.15148,-41.42618
97120000000,3025.70847,-1552.46130,-813.21494,0.53818,0.12076,-0.03051,0.83358,127.83263,-111.49974,-41.49321
97186000000,3034.59221,-1559.33022,-815.96356,0.54088,0.12094,-0.02931,0.83185,128.37980,-111.26793,-41.56567
97252000000,3042.89675,-1566.88369,-818.70847,0.54270,0.12087,-0.02937,0.83067,128.25381,-111.78784,-41.62990
97318000000,3051.63154,-1573.97861,-821.47649,0.54371,0.12094,-0.02877,0.83002,128.57419,-111.81130,-41.71001
97384000000,3060.06639,-1581.42643,-824.23060,0.54457,0.12094,-0.02875,0.82945,128.56135,-112.09881,-41.75434
97450000000,3068.68934,-1588.70400,-827.00817,0.54580,0.12105,-0.02833,0.82864,128.71921,-112.18310,-41.81269
97549000000,3081.09085,-1600.22509,-831.14933,0.54812,0.12113,-0.02853,0.82709,128.45263,-112.85713,-41.87253
97582000000,3085.59414,-1603.66173,-832.52454,0.54898,0.12109,-0.02796,0.82654,128.69745,-112.70542,-41.88412
97681000000,3098.11918,-1615.08820,-836.67365,0.55190,0.12121,-0.02784,0.82459,128.53691,-113.26050,-41.94515
97747000000,3106.90956,-1622.23478,-839.45819,0.55408,0.12142,-0.02695,0.82312,128.83728,-113.18120,-41.99706
97813000000,3115.28542,-1629.86069,-842.23122,0.55670,0.12148,-0.02684,0.82135,128.75870,-113.53877,-42.04183
97912000000,3128.33927,-1640.81940,-846.43182,0.56191,0.12179,-0.02559,0.81778,129.06812,-113.61320,-42.13172
97978000000,3136.78429,-1648.41058,-849.21355,0.56637,0.12187,-0.02505,0.81470,129.03864,-113.88050,-42.16916
98011000000,3141.04674,-1652.18123,-850.60182,0.56880,0.12190,-0.02476,0.81302,129.05539,-114.00008,-42.18745
98110000000,3153.76490,-1663.56071,-854.78265,0.57391,0.12200,-0.02406,0.80942,129.06479,-114.51502,-42.27467
98176000000,3160.04512,-1673.66267,-857.56474,0.57661,0.12173,-0.02697,0.80745,127.17127,-116.91980,-42.32021
98242000000,3170.47039,-1679.07960,-860.31055,0.57916,0.12187,-0.02376,0.80570,128.83664,-115.26667,-42.31385
98341000000,3183.20044,-1690.53636,-864.50239,0.58302,0.12202,-0.02317,0.80291,128.84398,-115.59868,-42.36925
98440000000,3196.47892,-1701.40503,-868.76452,0.58690,0.12235,-0.02169,0.80006,129.28475,-115.46734,-42.47661
98506000000,3201.67551,-1712.73652,-871.56202,0.58978,0.12181,-0.02592,0.79791,126.59073,-118.66885,-42.51887
98572000000,3209.68546,-1720.94925,-874.36694,0.59248,0.12182,-0.02598,0.79590,126.30800,-119.18974,-42.55451
98638000000,3221.08393,-1725.40540,-877.08088,0.59519,0.12218,-0.02137,0.79395,128.80081,-116.62725,-42.50611
98704000000,3229.22473,-1733.51158,-879.88751,0.59786,0.12220,-0.02140,0.79195,128.50015,-117.19033,-42.54328
98737000000,3234.14302,-1736.59258,-881.32869,0.59910,0.12245,-0.02005,0.79100,129.09286,-116.62643,-42.59309
98803000000,3240.29376,-1746.90265,-884.13868,0.60201,0.12224,-0.02328,0.78873,126.96439,-119.18540,-42.63573
98869000000,3250.88381,-1752.34004,-886.90961,0.60552,0.12243,-0.01958,0.78611,128.88825,-117.32140,-42.63456
99001000000,3267.41408,-1768.40298,-892.54480,0.61361,0.12262,-0.01907,0.77979,128.52575,-118.35083,-42.74598
99100000000,3279.83385,-1780.47539,-896.78040,0.61757,0.12269,-0.01885,0.77666,128.27196,-119.03181,-42.81581
99166000000,3288.27846,-1788.36172,-899.60742,0.62014,0.12282,-0.01849,0.77460,128.26446,-119.25370,-42.85158
99232000000,3296.29389,-1796.72596,-902.43753,0.62265,0.12293,-0.01886,0.77255,127.83841,-119.90944,-42.88549
99298000000,3304.58888,-1804.79814,-905.27100,0.62513,0.12286,-0.01880,0.77056,127.69399,-120.27386,-42.92362
99397000000,3316.95015,-1817.02084,-909.52223,0.62873,0.12299,-0.01874,0.76761,127.40671,-120.87888,-42.97449
99595000000,3341.79177,-1841.42440,-918.04100,0.63550,0.12307,-0.01820,0.76201,127.03867,-121.87188,-43.07886
99727000000,3358.59436,-1857.50597,-923.72904,0.63976,0.12309,-0.01743,0.75845,127.08068,-122.25261,-43.14911
99793000000,3366.94821,-1865.61652,-926.57767,0.64182,0.12307,-0.01727,0.75672,127.04877,-122.48011,-43.18148
99892000000,3378.94584,-1878.36211,-930.85390,0.64480,0.12308,-0.01782,0.75417,126.47694,-123.37929,-43.23269
99925000000,3372.74177,-1892.28182,-932.26669,0.64625,0.12050,-0.03579,0.75270,115.08970,-134.23185,-43.26019
100024000000,3384.13719,-1905.58994,-936.55312,0.64873,0.12059,-0.03533,0.75057,115.07248,-134.65205,-43.34032
100057000000,3392.67542,-1906.03208,-937.58987,0.64975,0.12078,-0.03075,0.74987,120.42668,-130.28667,-42.91761
100123000000,3400.58340,-1914.67864,-940.42496,0.65115,0.12084,-0.03048,0.74865,120.37443,-130.64507,-42.97625
100189000000,3409.65046,-1922.23487,-943.28374,0.65232,0.12137,-0.02752,0.74766,121.64973,-129.73182,-43.05446
100255000000,3417.70025,-1930.78363,-946.12996,0.65345,0.12141,-0.02716,0.74667,121.66424,-129.99188,-43.11090
100321000000,3426.50264,-1938.47081,-949.09799,0.65428,0.12231,-0.02302,0.74594,122.74998,-129.04331,-43.32942
100387000000,3434.33070,-1947.25662,-951.96050,0.65522,0.12226,-0.02350,0.74511,122.32404,-129.67691,-43.37308
100486000000,3447.58795,-1958.79225,-956.26349,0.65663,0.12204,-0.02019,0.74400,123.97944,-128.05775,-43.42587
100552000000,3455.63656,-1967.38078,-959.13070,0.65753,0.12204,-0.02035,0.74320,123.76447,-128.44769,-43.45763
100684000000,3467.04109,-1988.88847,-964.89915,0.65973,0.11994,-0.02996,0.74126,117.17908,-134.82213,-43.56682
100750000000,3474.77727,-1997.79239,-967.77122,0.66672,0.12024,-0.02891,0.73498,117.09060,-135.00859,-43.49508
100783000000,3478.64274,-2002.24889,-969.20673,0.66993,0.12037,-0.02841,0.73205,117.09862,-135.14258,-43.52244
100849000000,3486.40885,-2011.13458,-972.07782,0.67542,0.12055,-0.02752,0.72700,116.88970,-135.29887,-43.53237
100882000000,3493.98103,-2012.21210,-973.24091,0.67754,0.12250,-0.01943,0.72495,122.63024,-130.59965,-43.11626
100948000000,3502.08367,-2020.82939,-976.08860,0.68159,0.12264,-0.01866,0.72114,122.62406,-130.81450,-43.15453
101014000000,3513.89789,-2025.57443,-979.10088,0.68455,0.12352,-0.00845,0.71838,128.03862,-125.39429,-43.42089
101146000000,3530.78447,-2042.16851,-984.83988,0.68932,0.12361,-0.00766,0.71379,128.00222,-125.88074,-43.50107
101179000000,3534.76616,-2046.57123,-986.27703,0.69022,0.12358,-0.00800,0.71293,127.64342,-126.37896,-43.52735
101278000000,3539.19185,-2066.73242,-990.63982,0.69247,0.12245,-0.02446,0.71055,116.20742,-137.35404,-43.68873
101311000000,3547.99261,-2066.93640,-991.80771,0.69318,0.12248,-0.01470,0.71012,124.16323,-130.54957,-43.25878
101410000000,3560.27957,-2079.88591,-996.09485,0.69455,0.12266,-0.01439,0.70876,124.20017,-130.98566,-43.34517
101476000000,3568.15689,-2088.65801,-999.19600,0.69508,0.12317,-0.01347,0.70817,123.74996,-131.41604,-43.71165
101542000000,3576.32773,-2097.34463,-1002.08368,0.69559,0.12315,-0.01331,0.70768,123.83097,-131.74988,-43.78097
101608000000,3584.32904,-2106.20801,-1004.97423,0.69605,0.12305,-0.01352,0.70725,123.49699,-132.22335,-43.80977
101707000000,3596.48552,-2119.38028,-1009.31442,0.69648,0.12310,-0.01356,0.70681,123.35715,-132.70512,-43.87354
101839000000,3608.52617,-2140.74886,-1015.10978,0.69695,0.12222,-0.02153,0.70630,118.13864,-137.82589,-43.96629
101905000000,3616.31820,-2149.85499,-1018.01244,0.69711,0.12226,-0.02157,0.70614,118.11257,-138.01535,-43.99768
101971000000,3624.04888,-2159.02545,-1020.91623,0.69724,0.12214,-0.02173,0.70602,117.99685,-138.27300,-44.02558
102037000000,3631.83583,-2168.15816,-1023.82309,0.69734,0.12204,-0.02173,0.70594,117.96887,-138.46465,-44.05725
102136000000,3643.49171,-2181.89937,-1028.18632,0.69764,0.12198,-0.02180,0.70565,117.90047,-138.78653,-44.10682
102202000000,3651.01202,-2191.28948,-1031.09656,0.69776,0.12189,-0.02233,0.70553,117.54078,-139.27347,-44.13976
102301000000,3662.68619,-2205.05886,-1035.46777,0.69797,0.12187,-0.02220,0.70533,117.54505,-139.52961,-44.18812
102334000000,3666.44902,-2209.76387,-1036.92493,0.69803,0.12183,-0.02240,0.70527,117.38192,-139.74925,-44.20253
102400000000,3674.18488,-2219.00200,-1039.84293,0.69815,0.12184,-0.02240,0.70515,117.33825,-139.93252,-44.22789
102499000000,3685.78430,-2232.88343,-1044.22223,0.69829,0.12183,-0.02235,0.70501,117.27578,-140.24160,-44.27413
102598000000,3697.58074,-2246.62939,-1048.60188,0.69852,0.12180,-0.02207,0.70481,117.47908,-140.38737,-44.32660
102664000000,3705.33355,-2255.90261,-1051.52874,0.69860,0.12175,-0.02201,0.70473,117.44914,-140.62233,-44.36586
102730000000,3713.06832,-2265.20526,-1054.45724,0.69863,0.12177,-0.02207,0.70470,117.39698,-140.87566,-44.40424
102796000000,3720.71295,-2274.59848,-1057.38644,0.69878,0.12165,-0.02228,0.70457,117.22966,-141.22607,-44.44123
102862000000,3728.50806,-2283.87844,-1060.31965,0.69890,0.12166,-0.02218,0.70445,117.28069,-141.39243,-44.47913
102928000000,3736.27345,-2293.19675,-1063.25618,0.69898,0.12164,-0.02220,0.70437,117.28616,-141.59964,-44.51674
102994000000,3744.00390,-2302.55823,-1066.19517,0.69904,0.12162,-0.02218,0.70432,117.24283,-141.84479,-44.55639
103093000000,3755.95251,-2316.33431,-1070.60231,0.69916,0.12164,-0.02164,0.70421,117.65485,-141.82056,-44.60539
103159000000,3761.53056,-2327.51744,-1073.42853,0.69935,0.12060,-0.02662,0.70403,114.70921,-144.45551,-44.49373
103225000000,3769.07834,-2337.07698,-1076.36596,0.69935,0.12057,-0.02668,0.70404,114.64226,-144.71673,-44.53249
103291000000,3776.72784,-2346.56947,-1079.30482,0.69938,0.12056,-0.02654,0.70401,114.72855,-144.85640,-44.57156
103357000000,3784.33432,-2356.10964,-1082.24714,0.69948,0.12052,-0.02650,0.70392,114.74222,-145.05135,-44.61199
103423000000,3791.97506,-2365.63623,-1085.19178,0.69946,0.12044,-0.02635,0.70396,114.80650,-145.20659,-44.64993
103522000000,3803.35350,-2380.01713,-1089.61485,0.69954,0.12030,-0.02629,0.70391,114.77383,-145.54335,-44.71224
103555000000,3807.12065,-2384.83803,-1091.09056,0.69955,0.12032,-0.02633,0.70389,114.72564,-145.68440,-44.73199
103687000000,3822.35814,-2404.02163,-1096.99923,0.69966,0.12034,-0.02619,0.70378,114.78392,-146.04987,-44.80862
103720000000,3826.17013,-2408.82407,-1098.47780,0.69966,0.12039,-0.02612,0.70378,114.79960,-146.14106,-44.82752
103786000000,3837.46944,-2415.44350,-1101.36468,0.69967,0.12123,-0.01942,0.70384,120.18043,-141.98113,-44.75532
103852000000,3846.40296,-2423.85344,-1104.43187,0.69947,0.12229,-0.01559,0.70395,121.62491,-140.81162,-44.95379
103918000000,3854.38092,-2433.19621,-1107.40088,0.69948,0.12222,-0.01566,0.70395,121.53259,-141.10211,-44.99307
103984000000,3862.39260,-2442.52410,-1110.37172,0.69951,0.12226,-0.01565,0.70391,121.49783,-141.34387,-45.03198
104083000000,3874.40511,-2456.54584,-1114.83343,0.69950,0.12224,-0.01564,0.70393,121.44352,-141.70438,-45.09034
104149000000,3882.19204,-2466.10107,-1117.81340,0.69956,0.12215,-0.01615,0.70387,121.10405,-142.23833,-45.14009
104215000000,3890.11330,-2475.55860,-1120.79458,0.69963,0.12218,-0.01628,0.70379,120.97591,-142.60920,-45.18902
104314000000,3901.59669,-2490.11428,-1125.27530,0.69971,0.12206,-0.01712,0.70371,120.29104,-143.57769,-45.27029
104446000000,3923.16379,-2503.81081,-1131.24235,0.70082,0.12335,-0.00542,0.70258,127.84074,-137.11860,-45.33142
104545000000,3935.10905,-2518.06715,-1135.74270,0.70309,0.12327,-0.00616,0.70030,126.98067,-138.32212,-45.41441
104611000000,3943.48120,-2527.21281,-1138.74246,0.70556,0.12330,-0.00572,0.69781,126.98050,-138.59208,-45.46264
104677000000,3951.86082,-2536.36975,-1141.74450,0.70877,0.12338,-0.00522,0.69455,126.99037,-138.85119,-45.50862
104743000000,3960.20212,-2545.57958,-1144.74965,0.71278,0.12335,-0.00459,0.69044,126.95706,-139.13358,-45.55251
104842000000,3972.70839,-2559.42925,-1149.26312,0.72013,0.12331,-0.00337,0.68279,126.89970,-139.53646,-45.61255
104908000000,3974.08279,-2574.68999,-1152.30935,0.72540,0.12296,-0.01388,0.67712,118.33547,-147.14319,-45.71227
104974000000,3981.87833,-2584.42059,-1155.32753,0.73038,0.12302,-0.01296,0.67174,118.27998,-147.40614,-45.75431
105007000000,3985.77640,-2589.29083,-1156.83763,0.73263,0.12310,-0.01260,0.66928,118.26244,-147.51585,-45.77140
105073000000,4002.31296,-2591.22852,-1159.75475,0.73686,0.12391,0.00264,0.66458,128.51739,-138.57144,-45.66285
105139000000,4010.66201,-2600.50428,-1162.76981,0.74067,0.12381,0.00305,0.66036,128.34619,-138.90191,-45.69191
105205000000,4017.04235,-2611.58372,-1165.79415,0.74419,0.12373,-0.00008,0.65641,125.56230,-141.58962,-45.73048
105337000000,4037.16063,-2627.38352,-1171.98085,0.75080,0.12440,0.00723,0.64867,129.56637,-138.63938,-45.94230
105403000000,4045.71173,-2636.53906,-1175.01384,0.75396,0.12432,0.00779,0.64500,129.56623,-138.79109,-45.96644
105502000000,4058.28292,-2650.53170,-1179.56705,0.75863,0.12429,0.00833,0.63950,129.26457,-139.33155,-46.00803
105601000000,4059.67547,-2674.18948,-1184.17795,0.76306,0.12390,-0.00852,0.63429,116.73878,-150.44226,-46.14753
105700000000,4071.24630,-2689.08940,-1188.74843,0.76686,0.12391,-0.00773,0.62969,116.67767,-150.81979,-46.20736
105832000000,4074.64383,-2717.75018,-1194.67710,0.77115,0.12110,-0.02590,0.62450,104.31052,-160.04570,-46.11358
105898000000,4081.53444,-2728.31352,-1197.72118,0.77282,0.12108,-0.02568,0.62244,104.26645,-160.20245,-46.13945
106030000000,4095.16198,-2749.77112,-1203.08393,0.77637,0.12038,-0.02809,0.61803,104.00756,-160.80352,-45.47274
106096000000,4102.02089,-2760.39203,-1206.08592,0.77788,0.12047,-0.02779,0.61613,103.94639,-160.97157,-45.49811
106162000000,4108.90740,-2771.00379,-1209.08959,0.77941,0.12054,-0.02749,0.61419,103.91062,-161.14198,-45.52896
106195000000,4112.35978,-2776.30772,-1210.59192,0.78023,0.12054,-0.02733,0.61315,103.90667,-161.22825,-45.54703
106261000000,4138.34929,-2771.15898,-1213.48759,0.78204,0.12328,0.00452,0.61090,124.79075,-144.28576,-45.42865
106360000000,4128.81785,-2801.65011,-1218.52352,0.78378,0.11935,-0.02353,0.60901,101.60145,-161.66579,-46.08848
106459000000,4148.24983,-2811.76530,-1222.09174,0.78587,0.12148,-0.01616,0.60612,111.35072,-155.86027,-45.09559
106558000000,4159.24141,-2827.23189,-1226.56157,0.78860,0.12153,-0.01557,0.60258,111.22813,-156.24817,-45.15940
106624000000,4169.08040,-2835.29033,-1230.00694,0.79104,0.12174,-0.00820,0.59947,113.92911,-153.99981,-45.68644
106723000000,4179.84740,-2850.92872,-1234.53499,0.79505,0.12178,-0.00814,0.59414,113.30161,-154.71965,-45.73910
106789000000,4199.46764,-2851.13888,-1237.70341,0.79849,0.12278,0.01212,0.58923,126.12193,-144.39809,-45.89920
106855000000,4207.44228,-2860.98257,-1240.73462,0.80222,0.12272,0.01243,0.58415,125.75696,-144.90439,-45.93088
106921000000,4218.47836,-2868.71432,-1244.10939,0.80679,0.12309,0.01868,0.57757,128.48502,-143.28044,-46.29391
107020000000,4231.03636,-2883.06012,-1248.69521,0.81543,0.12275,0.02031,0.56533,128.35565,-143.68934,-46.34246
107086000000,4241.22782,-2891.25645,-1251.74433,0.82268,0.12346,0.02506,0.55437,130.15132,-142.54431,-46.36185
107152000000,4243.47545,-2906.24340,-1254.83448,0.83049,0.12363,0.01766,0.54285,123.47808,-148.56005,-46.43023
107185000000,4223.53916,-2928.03809,-1256.51627,0.83396,0.12154,-0.01789,0.53798,97.20030,-167.01760,-46.63939
107284000000,4233.36764,-2944.46904,-1261.11905,0.84332,0.12175,-0.01580,0.52320,97.33299,-167.12814,-46.66085
107350000000,4252.05291,-2947.08831,-1263.08309,0.84855,0.12193,-0.00122,0.51488,111.13620,-157.79537,-45.41267
107416000000,4235.75439,-2971.16283,-1266.70667,0.85255,0.11699,-0.03311,0.50831,83.27024,-173.93762,-46.20008
107482000000,4241.28352,-2982.63275,-1269.75503,0.85682,0.11722,-0.03211,0.50109,83.20069,-174.13271,-46.23624
107548000000,4237.11089,-2998.55277,-1271.21804,0.86143,0.11461,-0.05282,0.49195,69.02465,-180.73506,-44.00144
107614000000,4241.70883,-3010.47106,-1274.12221,0.86670,0.11519,-0.05159,0.48259,69.00158,-180.89216,-44.03542
107713000000,4274.93593,-3014.47985,-1276.94970,0.87358,0.12354,-0.00542,0.47071,107.20979,-161.00606,-41.81100
107812000000,4274.42537,-3035.75539,-1283.50000,0.87864,0.11817,-0.01545,0.46238,91.62269,-168.64405,-45.18585
107878000000,4282.96631,-3045.68186,-1285.73762,0.88120,0.11914,-0.01369,0.45728,95.00138,-167.11031,-44.17438
107944000000,4289.39306,-3056.62174,-1288.65532,0.88365,0.11914,-0.01280,0.45255,95.13987,-167.11850,-44.19369
108043000000,4318.26461,-3059.26358,-1293.35059,0.88848,0.11861,0.02520,0.44261,120.91605,-148.91289,-44.60744
108109000000,4330.23106,-3066.09984,-1296.98520,0.89220,0.11678,0.03779,0.43464,126.19548,-145.11337,-45.53335
108175000000,4339.49481,-3075.38275,-1300.20797,0.89620,0.11641,0.04112,0.42613,127.37432,-144.90304,-45.83724
108241000000,4325.49772,-3101.42400,-1303.53153,0.89822,0.12011,0.00213,0.42280,97.53323,-166.86347,-46.28552
108307000000,4339.11960,-3108.20197,-1306.06507,0.90105,0.11910,0.00434,0.41701,106.88999,-161.43649,-45.61100
108373000000,4359.09924,-3108.86424,-1309.31178,0.90358,0.11693,0.03515,0.41065,123.98519,-148.37773,-45.90409
108439000000,4369.67080,-3117.02954,-1312.63108,0.90560,0.11576,0.04290,0.40577,127.25081,-146.26324,-46.30937
108505000000,4378.59154,-3126.72294,-1315.87873,0.90764,0.11590,0.04451,0.40096,127.90224,-146.39605,-46.55901
108538000000,4383.09464,-3131.39604,-1317.44918,0.90845,0.11569,0.04544,0.39908,128.28437,-146.22184,-46.61056
108604000000,4391.51053,-3141.28670,-1320.61517,0.90989,0.11567,0.04553,0.39578,128.21580,-146.60245,-46.73343
108670000000,4367.94905,-3172.72313,-1323.99272,0.90939,0.12049,-0.00684,0.39806,87.38288,-174.33598,-47.17421
108769000000,4407.04386,-3168.56234,-1327.23160,0.91320,0.11656,0.03360,0.38905,121.68271,-150.39433,-45.53312
108835000000,4419.09365,-3175.35290,-1330.80878,0.91531,0.11398,0.04438,0.38372,126.23689,-146.95111,-46.17994
108901000000,4428.49835,-3184.51344,-1333.99790,0.91769,0.11358,0.04740,0.37776,127.50600,-146.41200,-46.35758
108967000000,4437.15420,-3194.22950,-1337.17138,0.92078,0.11321,0.04874,0.37009,127.80317,-146.57269,-46.50693
109099000000,4454.04689,-3213.90593,-1343.48730,0.92882,0.11224,0.05081,0.34945,127.72108,-147.24233,-46.72850
109198000000,4466.82120,-3228.58915,-1348.22013,0.93596,0.11113,0.05322,0.32985,127.75056,-147.61201,-46.86416
109330000000,4549.90772,-3080.79730,-1353.06320,0.94371,-0.01685,0.18429,0.27417,193.10914,16.84051,-45.44026
109462000000,4548.04235,-3104.10754,-1338.41124,0.95856,-0.02376,0.13909,0.24748,166.17503,-8.20252,-25.21734
109594000000,4568.55723,-3139.53675,-1345.58945,0.96774,0.00875,0.13388,0.21327,164.98972,-40.93738,-28.89962
109693000000,4585.75725,-3117.06069,-1343.84545,0.97010,-0.01809,0.15143,0.18882,166.09739,-14.72325,-24.42634
109759000000,4592.13876,-3135.58416,-1336.82964,0.97194,0.00009,0.15692,0.17525,161.72693,-32.54611,-15.73404
109825000000,4601.90121,-3125.63883,-1342.06890,0.97495,-0.01845,0.14597,0.16679,160.65712,-20.14793,-19.95622
109891000000,4608.19265,-3152.30287,-1344.42679,0.97783,0.00639,0.13675,0.15843,156.26561,-45.88869,-20.99178
109990000000,4634.70219,-3140.16696,-1354.48094,0.97924,-0.01223,0.14116,0.14496,166.94983,-29.34310,-28.77388
110089000000,4650.80424,-3160.63789,-1358.44916,0.98063,0.00316,0.14280,0.13405,166.52395,-47.08927,-29.87967
110155000000,4664.10869,-3160.10876,-1361.60846,0.98129,-0.00168,0.14386,0.12798,168.97026,-43.18795,-31.12610
110221000000,4673.89957,-3168.91312,-1364.70876,0.98315,0.00418,0.13530,0.12286,167.45865,-49.85587,-32.31053
110287000000,4686.64439,-3155.33893,-1363.94568,0.98198,-0.01420,0.14777,0.11695,169.66338,-29.22469,-28.82788
110353000000,4693.43442,-3171.43204,-1363.95734,0.98331,0.00174,0.14479,0.11014,163.98655,-47.90814,-26.34866
110419000000,4704.88932,-3174.59703,-1367.17713,0.98430,0.00029,0.14211,0.10471,164.91980,-47.83475,-28.40430
110518000000,4686.70796,-3254.37512,-1379.10734,0.98723,0.08669,0.09094,0.09792,122.92194,-139.27576,-39.43572
110584000000,4734.46265,-3208.28391,-1382.45166,0.98546,0.02351,0.14324,0.08829,171.24562,-71.80061,-40.36754
110716000000,4762.08210,-3185.14992,-1380.45348,0.98329,-0.01454,0.16210,0.08155,177.09126,-34.84510,-32.19626
110815000000,4769.25711,-3211.05490,-1382.57155,0.98716,0.00619,0.14127,0.07431,165.91719,-59.19697,-31.03279
110914000000,4771.00967,-3260.39219,-1391.54681,0.98879,0.05205,0.12359,0.06567,150.06963,-106.48272,-37.40883
110980000000,4804.09243,-3215.48272,-1394.38141,0.98732,-0.00201,0.14547,0.06359,176.23060,-47.76904,-37.88268
111046000000,4816.73595,-3203.23515,-1387.30962,0.98399,-0.01821,0.16661,0.06065,177.68074,-30.31707,-27.20354
111178000000,4785.20726,-3318.92669,-1403.58224,0.99018,0.08549,0.09812,0.05103,123.64082,-140.18105,-39.51687
111244000000,4844.19165,-3255.77680,-1407.06968,0.98762,0.01500,0.14948,0.04513,173.69636,-68.74659,-40.45760
111310000000,4855.78135,-3249.86144,-1402.77000,0.98703,0.00443,0.15452,0.04330,173.88484,-58.44222,-33.64826
111376000000,4867.30552,-3239.74352,-1401.72272,0.98680,-0.01027,0.15616,0.04172,173.98843,-43.66488,-30.24571
111442000000,4832.38746,-3331.52974,-1408.38490,0.99030,0.07600,0.11061,0.03610,128.34177,-131.23888,-34.71925
111508000000,4853.99628,-3330.74121,-1416.15099,0.99102,0.06382,0.11269,0.03317,141.58950,-121.54273,-40.24215
111541000000,4894.55894,-3268.53417,-1416.96313,0.98736,-0.00042,0.15479,0.03413,179.34072,-51.80081,-39.76197
111607000000,4851.02376,-3365.00510,-1421.22053,0.99154,0.08242,0.09472,0.03299,124.80857,-143.41661,-41.28550
111673000000,4914.55552,-3277.48042,-1423.47846,0.98622,-0.00808,0.16179,0.03351,182.96761,-41.27829,-40.85110
111739000000,4869.09937,-3381.48457,-1425.56654,0.99168,0.07825,0.09705,0.03200,126.25784,-140.99665,-40.17430
111805000000,4905.07642,-3360.15913,-1430.19975,0.99040,0.05347,0.12414,0.02906,154.34605,-109.81310,-42.16707
111904000000,4945.43492,-3319.23826,-1432.21240,0.98768,0.00473,0.15330,0.03097,179.83586,-57.05200,-40.00139
112003000000,4902.37611,-3420.72925,-1438.57895,0.99102,0.08735,0.09707,0.02881,123.52452,-145.72980,-42.16144
112069000000,4969.93324,-3338.21034,-1442.18260,0.98774,0.00376,0.15329,0.02939,181.95956,-54.87549,-42.98934
112201000000,4926.55616,-3450.70105,-1447.48496,0.99106,0.08811,0.09631,0.02772,123.16188,-146.72928,-42.61269
112333000000,4984.47685,-3420.08540,-1453.44013,0.99026,0.04768,0.12824,0.02580,159.42458,-103.03411,-42.87323
112399000000,5012.57624,-3390.77809,-1451.75003,0.98771,0.01781,0.15281,0.02742,174.85032,-71.45070,-38.97135
112432000000,4974.22987,-3463.96763,-1448.24867,0.98899,0.07530,0.12481,0.02535,137.54949,-131.69210,-34.90715
112498000000,5025.79551,-3398.22935,-1457.25077,0.98865,0.00947,0.14724,0.02817,175.50052,-64.63085,-40.90166
112564000000,4988.25288,-3483.53951,-1454.33762,0.98952,0.07648,0.11980,0.02547,133.99098,-133.53655,-36.12477
112630000000,5041.57783,-3421.18166,-1462.56347,0.98948,0.01785,0.14098,0.02711,171.53044,-72.94872,-41.06381
112729000000,5067.87119,-3395.36027,-1458.67807,0.98743,-0.00556,0.15515,0.02966,179.49947,-44.85502,-34.38338
112795000000,5026.34383,-3498.68760,-1457.81924,0.98889,0.07086,0.12829,0.02465,136.82352,-125.66211,-31.81844
112894000000,5085.62346,-3425.28853,-1468.49333,0.98817,-0.00050,0.15073,0.02834,174.38130,-54.49490,-38.02686
112960000000,5045.12860,-3523.82011,-1465.72079,0.98948,0.07326,0.12230,0.02476,133.81536,-129.08202,-33.85342
113059000000,5106.56277,-3458.41616,-1475.95264,0.98904,0.01458,0.14452,0.02646,170.42133,-69.08406,-39.08572
113092000000,5117.80069,-3440.43176,-1470.15651,0.98752,-0.00004,0.15490,0.02854,175.25625,-51.89282,-33.13061
113158000000,5065.92530,-3554.01129,-1480.30437,0.99086,0.08335,0.10317,0.02477,124.22287,-140.55049,-39.42678
113191000000,5130.78256,-3462.10246,-1483.23878,0.98783,0.00350,0.15309,0.02710,178.76995,-53.64730,-40.93299
113224000000,5085.02419,-3553.99710,-1478.71189,0.98942,0.07640,0.12102,0.02388,133.87649,-132.45843,-35.78990
113257000000,5128.81418,-3494.83593,-1485.22318,0.98961,0.01798,0.14015,0.02649,171.24944,-71.69237,-40.86928
113290000000,5091.81411,-3565.23187,-1482.50072,0.98998,0.07685,0.11594,0.02427,131.97995,-134.73808,-37.09665
113323000000,5137.70765,-3498.74747,-1487.86131,0.98921,0.00654,0.14369,0.02798,177.07796,-57.35218,-41.61994
113356000000,5107.03688,-3567.51731,-1481.50793,0.98871,0.07110,0.12973,0.02375,138.98088,-127.79528,-33.50992
113389000000,5145.91313,-3504.82919,-1488.83510,0.98901,-0.00005,0.14501,0.02896,177.51660,-52.08945,-40.55423
113455000000,5117.43419,-3581.69594,-1485.71067,0.98921,0.07288,0.12480,0.02390,135.57915,-129.38248,-34.45413
113488000000,5151.25148,-3539.22811,-1492.21281,0.99008,0.02390,0.13592,0.02656,167.38686,-78.35142,-40.29866
113587000000,5121.28184,-3616.54700,-1498.37489,0.99139,0.08731,0.09430,0.02506,121.70750,-146.83062,-42.38917
113620000000,5173.78662,-3554.83048,-1499.70987,0.98793,0.02316,0.15105,0.02553,176.54362,-71.57977,-42.39018
113719000000,5137.16144,-3637.50182,-1504.70145,0.99127,0.08968,0.09339,0.02492,121.60888,-148.44352,-43.13972
113818000000,5201.52826,-3569.12314,-1506.41437,0.98672,0.01178,0.15976,0.02690,178.78705,-57.88069,-40.49091
113884000000,5164.87981,-3651.40502,-1507.58568,0.99137,0.07512,0.10445,0.02535,129.55648,-137.64361,-38.88506
113983000000,5220.53202,-3599.46875,-1514.03835,0.98974,0.02386,0.13847,0.02584,171.74264,-73.04978,-41.51155
114082000000,5241.19653,-3589.43273,-1511.95479,0.98806,0.00570,0.15139,0.02790,175.69397,-55.37166,-35.31723
114115000000,5212.14728,-3657.79140,-1508.44306,0.98846,0.06650,0.13411,0.02331,141.66759,-120.94945,-30.68880
114181000000,5257.42544,-3591.89077,-1515.63392,0.98574,-0.00654,0.16561,0.02901,178.21659,-45.57533,-36.03349
114214000000,5229.90003,-3664.99337,-1509.12917,0.98909,0.05878,0.13284,0.02444,145.45870,-116.19970,-28.40886
114280000000,5260.66857,-3630.99954,-1520.13658,0.98981,0.02197,0.13825,0.02617,166.18807,-75.06016,-37.37966
114346000000,5280.27584,-3615.31397,-1517.91529,0.98752,0.00546,0.15495,0.02780,174.86890,-54.68630,-32.85654
114412000000,5250.25718,-3694.72064,-1520.18423,0.98938,0.07051,0.12498,0.02311,136.63585,-124.84980,-32.87362
114511000000,5302.82663,-3639.67010,-1529.47758,0.98909,0.01301,0.14464,0.02475,171.60855,-64.12949,-38.33493
114544000000,5304.79043,-3651.87901,-1524.96256,0.98863,0.02135,0.14690,0.02399,168.20117,-73.77675,-32.86162
114610000000,5324.78331,-3624.07287,-1526.92907,0.98768,-0.00832,0.15425,0.02504,177.25364,-40.45458,-32.70013
114676000000,5284.96608,-3725.94989,-1534.29381,0.99089,0.07771,0.10855,0.01761,128.17589,-135.10756,-37.51830
114742000000,5317.72104,-3706.99895,-1540.00018,0.99107,0.05022,0.12249,0.01613,154.58703,-104.68795,-41.03443
114841000000,5358.26793,-3662.49068,-1541.75447,0.98798,0.00084,0.15357,0.01764,181.27195,-46.88434,-38.71031
114907000000,5322.72621,-3751.08352,-1541.72934,0.98973,0.07458,0.12140,0.01151,134.77766,-131.06385,-36.12415
114973000000,5369.31025,-3693.66779,-1547.48893,0.98863,0.00654,0.14959,0.01413,177.29749,-56.32644,-39.99109
115072000000,5339.68874,-3779.07230,-1550.45846,0.99060,0.07930,0.11109,0.00855,129.55386,-137.50320,-38.93497
115171000000,5379.36064,-3759.35020,-1557.47278,0.99137,0.04800,0.12175,0.00693,156.81751,-103.52848,-42.15803
115204000000,5403.91144,-3725.36186,-1555.20587,0.98811,0.01601,0.15270,0.00812,176.66824,-65.44824,-38.53079
115270000000,5367.39656,-3804.99585,-1558.39138,0.99056,0.07892,0.11196,0.00444,130.86669,-137.30088,-39.07296
115336000000,5427.13429,-3725.23016,-1562.73525,0.98743,-0.00051,0.15790,0.00679,182.87689,-46.81994,-40.98415
115369000000,5397.40054,-3800.89734,-1554.23607,0.98773,0.06409,0.14240,0.00164,147.95707,-119.90431,-31.28909
115468000000,5428.33230,-3781.42418,-1566.69629,0.99084,0.03309,0.13091,0.00219,163.33893,-89.85263,-40.17251
115534000000,5451.07849,-3761.51489,-1565.62972,0.98837,0.01349,0.15148,0.00219,175.30399,-64.36728,-36.60329
115600000000,5419.00086,-3838.09188,-1568.28170,0.99016,0.07300,0.11942,-0.00179,135.09828,-131.30251,-36.74877
115633000000,5463.42154,-3777.32930,-1573.12082,0.98936,0.01627,0.14456,-0.00007,174.33747,-67.10466,-40.36587
115699000000,5431.34398,-3853.52042,-1573.06649,0.99032,0.07425,0.11721,-0.00331,134.18445,-133.52578,-37.79574
115765000000,5469.64481,-3821.35822,-1580.12119,0.99142,0.04013,0.12435,-0.00344,161.26282,-95.52766,-42.00743
115831000000,5498.75290,-3783.35248,-1578.21770,0.98778,0.00254,0.15583,-0.00136,180.20876,-50.39337,-37.36010
115897000000,5457.48417,-3878.42454,-1583.00973,0.99075,0.07893,0.11020,-0.00637,129.58603,-137.91702,-39.46213
115963000000,5517.89959,-3794.56407,-1586.29563,0.98753,-0.00263,0.15741,-0.00279,182.33546,-43.25163,-40.25692
116029000000,5480.21337,-3889.74235,-1585.73702,0.99112,0.06838,0.11380,-0.00699,135.00226,-131.29166,-37.11083
116095000000,5510.24051,-3871.47425,-1592.50645,0.99123,0.04879,0.12252,-0.00801,155.71594,-104.74336,-41.34843
116194000000,5549.07528,-3835.96536,-1593.90343,0.98807,0.00944,0.15360,-0.00623,179.64216,-57.99243,-38.67874
116260000000,5521.27483,-3910.38775,-1592.38374,0.98908,0.06721,0.13069,-0.01069,141.99627,-125.34368,-34.75290
116326000000,5566.23042,-3849.84973,-1600.28245,0.98949,0.00506,0.14434,-0.00692,177.97665,-55.22397,-40.46057
116392000000,5544.35731,-3921.01266,-1594.46391,0.98846,0.06108,0.13817,-0.01147,146.19302,-119.65420,-32.35875
116458000000,5573.62160,-3894.30935,-1604.00496,0.99022,0.03220,0.13537,-0.01025,164.13062,-87.52330,-39.16551
116524000000,5597.15719,-3869.59091,-1603.86513,0.98852,0.00651,0.15075,-0.00826,177.07586,-56.43489,-36.43250
116590000000,5564.78616,-3950.81699,-1606.69429,0.99008,0.07143,0.12031,-0.01300,135.19833,-130.37098,-36.77693
116656000000,5617.06242,-3883.70469,-1612.48647,0.98896,0.00766,0.14764,-0.00988,177.84231,-55.71313,-40.13955
116722000000,5585.92737,-3965.38518,-1610.68926,0.98965,0.06889,0.12515,-0.01380,138.45371,-127.89861,-36.01280
116821000000,5622.97467,-3945.85464,-1619.63499,0.99074,0.04357,0.12785,-0.01360,159.37395,-98.89046,-40.84046
116887000000,5648.10662,-3924.05350,-1619.73598,0.98892,0.02095,0.14647,-0.01229,173.44967,-71.80950,-38.43382
116920000000,5618.35144,-3985.60199,-1618.21200,0.98986,0.06538,0.12525,-0.01478,140.78951,-126.57655,-35.82679
116986000000,5669.23423,-3907.37824,-1625.69937,0.98942,-0.00433,0.14462,-0.01069,181.60631,-41.24687,-40.93165
117052000000,5636.84476,-3999.79320,-1621.82569,0.99021,0.06281,0.12375,-0.01523,140.84197,-124.20447,-34.81594
117118000000,5674.69062,-3963.01446,-1628.82738,0.98955,0.03080,0.14007,-0.01489,167.21685,-82.53056,-39.17553
117184000000,5691.40380,-3954.05014,-1629.56068,0.98952,0.01575,0.14291,-0.01353,173.01324,-67.78828,-37.32600
117250000000,5658.09137,-4031.32381,-1634.44045,0.99089,0.07634,0.10960,-0.01723,130.45493,-137.22540,-39.54435
117283000000,5711.31953,-3951.30288,-1637.83948,0.98896,0.00511,0.14742,-0.01377,181.84515,-48.22863,-41.81897
117316000000,5683.46402,-4022.48222,-1630.66591,0.98946,0.05601,0.13251,-0.01671,147.64031,-118.97559,-33.12103
117349000000,5701.40890,-4004.42960,-1636.91555,0.98931,0.04244,0.13847,-0.01702,161.35089,-95.84626,-38.52441
117382000000,5675.49615,-4050.16027,-1640.00844,0.99116,0.07741,0.10625,-0.01769,129.55155,-139.13584,-40.32216
117415000000,5721.21049,-3991.82225,-1643.15970,0.98973,0.02233,0.14027,-0.01590,176.29702,-68.03888,-42.42075
117448000000,5692.24776,-4051.64602,-1640.32014,0.99050,0.06737,0.11852,-0.01780,138.56107,-130.71614,-37.78725
117481000000,5735.18020,-3975.80379,-1644.90673,0.98889,-0.00763,0.14793,-0.01247,185.19049,-32.96140,-41.90836
117514000000,5710.57776,-4046.89436,-1637.56837,0.98910,0.05344,0.13610,-0.01744,149.41756,-115.01480,-31.67756
117547000000,5729.13081,-4025.66552,-1644.00964,0.98956,0.03152,0.13967,-0.01641,165.92019,-84.47169,-38.22631
117580000000,5700.79177,-4078.13428,-1648.02235,0.99143,0.08081,0.10093,-0.01841,126.24700,-142.72761,-41.39387
117613000000,5741.07965,-4030.28329,-1650.33085,0.98966,0.02548,0.14023,-0.01642,176.21528,-69.94859,-42.71952
117646000000,5714.61710,-4082.67957,-1649.49720,0.99108,0.07228,0.11043,-0.01843,133.52007,-136.23976,-39.72608
117679000000,5753.22062,-4021.82938,-1652.70353,0.98960,0.00109,0.14323,-0.01351,183.00066,-41.47495,-42.50225
117712000000,5731.18880,-4080.97058,-1648.25119,0.98883,0.06254,0.13399,-0.01899,144.37432,-121.43549,-34.39463
117745000000,5751.63690,-4060.13367,-1652.32831,0.98887,0.03388,0.14388,-0.01706,167.04543,-85.36876,-38.64846
117778000000,5731.44499,-4100.31389,-1654.51653,0.99077,0.07628,0.11042,-0.01918,131.44278,-137.08877,-39.87853
117811000000,5762.93997,-4063.36176,-1657.24140,0.98986,0.02430,0.13905,-0.01613,174.86833,-70.62383,-42.13894
117844000000,5745.07978,-4104.60917,-1655.75541,0.98978,0.06957,0.12298,-0.01944,139.01708,-129.84051,-37.75442
117877000000,5775.77742,-4056.16788,-1659.75874,0.98994,-0.00153,0.14090,-0.01312,183.00920,-40.66678,-42.42949
117910000000,5761.15546,-4103.62437,-1654.76222,0.98797,0.05610,0.14286,-0.01904,150.15041,-114.51987,-32.19067
117943000000,5776.86664,-4087.04020,-1659.47790,0.98953,0.02748,0.14076,-0.01621,168.23459,-80.04637,-38.34951
117976000000,5763.45214,-4119.99809,-1660.07003,0.99005,0.06857,0.12135,-0.01948,137.90154,-128.60560,-37.25196
118009000000,5791.21247,-4083.37947,-1663.52288,0.98979,0.01342,0.14111,-0.01502,177.04217,-59.49205,-41.01573
118042000000,5776.60455,-4124.14542,-1661.10526,0.98902,0.06247,0.13251,-0.01959,144.42786,-121.63481,-34.96957
118075000000,5802.06769,-4085.43667,-1665.57475,0.98984,0.00312,0.14149,-0.01384,179.27026,-49.35946,-40.57813
118108000000,5786.97278,-4130.23624,-1662.68248,0.98875,0.05977,0.13574,-0.01961,145.79853,-118.50806,-33.79514
118141000000,5806.74059,-4107.01808,-1666.84544,0.98966,0.02197,0.14084,-0.01604,170.97693,-72.60124,-38.93734
118174000000,5816.17678,-4095.87522,-1666.44123,0.98947,0.00031,0.14410,-0.01331,177.74148,-48.32667,-35.93454
118207000000,5802.16289,-4138.39249,-1666.09855,0.98901,0.05898,0.13416,-0.01971,144.28230,-117.49733,-33.32659
118240000000,5825.09795,-4104.13526,-1670.70302,0.99041,0.00217,0.13742,-0.01401,176.65314,-49.19842,-39.59988
118273000000,5811.68893,-4146.46807,-1668.49609,0.98905,0.05886,0.13387,-0.01977,144.31979,-118.00566,-33.65303
118306000000,5830.39416,-4126.15579,-1672.22299,0.98957,0.02418,0.14103,-0.01670,169.17340,-74.64767,-38.32200
118339000000,5817.76161,-4159.47472,-1672.59959,0.99000,0.06688,0.12256,-0.02024,138.44463,-126.79679,-36.80501
118372000000,5843.00063,-4127.29158,-1676.16237,0.99024,0.01508,0.13762,-0.01589,175.33371,-61.68145,-41.00956
118405000000,5830.18831,-4164.58138,-1674.05939,0.98916,0.06178,0.13164,-0.02027,144.04015,-121.25943,-35.16363
118438000000,5854.79717,-4126.92813,-1678.37129,0.99018,0.00183,0.13905,-0.01433,179.42549,-46.67261,-40.80536
118471000000,5843.85635,-4166.68655,-1674.32249,0.98800,0.05311,0.14369,-0.01974,151.13370,-111.26297,-31.69022
118504000000,5856.60937,-4155.27716,-1678.88676,0.98996,0.03080,0.13688,-0.01743,164.91573,-84.23286,-37.96191
118537000000,5847.15093,-4182.14564,-1679.20998,0.98995,0.06486,0.12402,-0.02030,139.77927,-124.94548,-36.37541
118570000000,5870.90697,-4152.88324,-1682.55726,0.99000,0.01831,0.13893,-0.01639,173.93690,-65.17271,-40.21287
118603000000,5861.78645,-4184.71969,-1679.79990,0.98849,0.05654,0.13884,-0.02017,148.98021,-115.33359,-33.31733
118636000000,5883.61793,-4150.31059,-1684.57595,0.98997,0.00096,0.14053,-0.01430,179.08759,-46.89593,-39.89306
118669000000,5875.78193,-4186.08356,-1679.75952,0.98718,0.04735,0.15115,-0.01947,156.09255,-104.74103,-29.54421
118702000000,5885.19415,-4180.65306,-1685.45207,0.98935,0.03632,0.13978,-0.01833,163.18352,-89.67693,-37.48075
118735000000,5872.16127,-4210.58909,-1687.65501,0.99067,0.07205,0.11384,-0.02056,133.68414,-132.88006,-39.00619
118768000000,5900.78395,-4176.16909,-1690.62190,0.99024,0.02214,0.13653,-0.01721,174.52495,-67.26251,-41.84644
118801000000,5885.97391,-4214.46831,-1688.87430,0.98954,0.06507,0.12710,-0.02070,141.69977,-125.02673,-36.83030
118834000000,5913.28312,-4173.30521,-1692.94282,0.99018,0.00490,0.13891,-0.01517,179.82367,-48.43004,-41.65933
118867000000,5899.29109,-4216.86091,-1689.34936,0.98852,0.05695,0.13846,-0.02032,148.09776,-115.61950,-33.69864
118900000000,5911.60909,-4208.44374,-1692.99385,0.98935,0.04236,0.13794,-0.01914,160.61923,-94.91831,-37.96685
118933000000,5900.47715,-4234.87139,-1694.87197,0.99066,0.07129,0.11437,-0.02064,134.26089,-132.21294,-38.94323
118966000000,5928.12034,-4202.05233,-1698.04977,0.99061,0.02357,0.13356,-0.01739,173.41064,-69.34038,-42.14273
118999000000,5914.63690,-4238.29465,-1695.98835,0.98944,0.06367,0.12853,-0.02066,142.78242,-123.69912,-36.61031
119032000000,5941.16470,-4198.25702,-1700.12032,0.99021,0.00551,0.13863,-0.01526,179.52001,-49.08001,-41.55766
119065000000,5927.19151,-4241.47600,-1696.73980,0.98860,0.05711,0.13779,-0.02037,147.84640,-115.69419,-33.94497
119098000000,5941.38659,-4229.61908,-1700.34610,0.98941,0.03756,0.13896,-0.01868,163.52638,-89.17111,-38.13050
119131000000,5929.83127,-4257.87525,-1701.72711,0.99039,0.06923,0.11789,-0.02064,136.38319,-129.70038,-38.31042
119164000000,5956.83444,-4224.60105,-1704.99571,0.99038,0.02087,0.13570,-0.01709,174.31729,-66.19437,-41.69628
119197000000,5943.05367,-4262.04205,-1703.05165,0.98941,0.06294,0.12915,-0.02060,143.18442,-122.64075,-36.37927
119230000000,5968.56073,-4224.93929,-1707.15357,0.99028,0.00866,0.13796,-0.01563,178.16042,-53.04198,-41.28184
119263000000,5954.26339,-4267.16955,-1704.48346,0.98895,0.05899,0.13448,-0.02049,146.02193,-117.86249,-34.81920
119296000000,5969.68693,-4253.67330,-1707.90903,0.98968,0.03719,0.13713,-0.01867,163.88387,-88.44966,-38.65577
119329000000,5958.02322,-4282.29854,-1709.02724,0.99038,0.06912,0.11805,-0.02074,136.55128,-129.60611,-38.38549
119362000000,5985.14726,-4248.65493,-1712.27304,0.99036,0.02079,0.13589,-0.01715,174.71027,-65.48449,-41.73733
119395000000,5972.22190,-4285.24329,-1710.01116,0.98919,0.06134,0.13159,-0.02070,144.94837,-120.60183,-35.91547
119428000000,5996.68747,-4249.07108,-1714.29456,0.99033,0.00817,0.13760,-0.01561,178.09125,-52.69033,-41.15897
119461000000,5983.66905,-4289.85341,-1711.28544,0.98869,0.05682,0.13728,-0.02046,148.04223,-115.21132,-34.17019
119494000000,5997.89220,-4277.78630,-1714.91797,0.98965,0.03690,0.13739,-0.01870,163.77170,-88.36010,-38.39459
119527000000,5986.69457,-4305.88434,-1716.07129,0.99034,0.06843,0.11883,-0.02081,137.23068,-128.67913,-38.19803
119560000000,6012.45903,-4275.17785,-1719.32053,0.99045,0.02403,0.13464,-0.01752,173.05103,-69.57433,-41.56559
119593000000,5998.59609,-4311.62709,-1717.90848,0.98967,0.06462,0.12629,-0.02086,141.85181,-124.25312,-37.10657
119626000000,6024.90494,-4273.67504,-1721.83037,0.99043,0.01011,0.13669,-0.01604,178.29485,-53.13692,-41.67748
119659000000,6010.16783,-4316.38549,-1719.29155,0.98911,0.06005,0.13276,-0.02072,145.47035,-118.71689,-35.40783
119692000000,6026.51744,-4301.47153,-1722.74510,0.98990,0.03625,0.13575,-0.01879,164.93551,-86.85972,-39.26405
119725000000,6014.39675,-4331.07583,-1723.63447,0.99037,0.06938,0.11793,-0.02101,136.86688,-129.66989,-38.59800
119758000000,6041.48800,-4297.49260,-1726.86386,0.99044,0.02183,0.13510,-0.01751,174.94656,-65.65093,-41.91589
119791000000,6027.69618,-4334.96209,-1724.95149,0.98942,0.06306,0.12898,-0.02095,143.77865,-122.16736,-36.63967
119824000000,6053.84804,-4295.16270,-1728.94679,0.99020,0.00651,0.13864,-0.01568,179.84374,-48.04402,-41.36185
119857000000,6039.48113,-4339.04210,-1726.11314,0.98884,0.05790,0.13570,-0.02072,147.53794,-115.76381,-34.63853
119890000000,6055.52515,-4323.63024,-1729.68778,0.98982,0.03333,0.13710,-0.01851,166.36375,-83.22739,-38.74132
119923000000,6042.98813,-4354.68232,-1730.71339,0.99030,0.06876,0.11891,-0.02100,137.55625,-128.54878,-38.31752
119956000000,6069.49409,-4321.87117,-1733.95649,0.99043,0.02218,0.13510,-0.01742,174.60741,-65.89556,-41.67310
119989000000,6055.03336,-4360.09426,-1732.48467,0.98963,0.06454,0.12657,-0.02097,142.37418,-123.60621,-37.11027
120022000000,6081.75305,-4320.26074,-1736.30646,0.99027,0.00826,0.13801,-0.01588,179.48245,-49.34985,-41.51653
120055000000,6066.72954,-4364.55744,-1733.81957,0.98908,0.05966,0.13313,-0.02080,146.13325,-117.66534,-35.33800
120088000000,6082.83402,-4349.90425,-1737.15946,0.98986,0.03649,0.13598,-0.01882,165.14853,-86.30994,-39.00707
120121000000,6071.13077,-4379.18312,-1738.10678,0.99033,0.06883,0.11863,-0.02107,137.73833,-128.62522,-38.44725
120154000000,6097.83490,-4345.78919,-1741.35348,0.99047,0.02188,0.13483,-0.01746,175.11272,-64.98659,-41.80308
120187000000,6084.11228,-4383.39362,-1739.56624,0.98947,0.06302,0.12861,-0.02102,144.04565,-121.75149,-36.73236
120220000000,6110.17817,-4343.67113,-1743.48437,0.99028,0.00716,0.13803,-0.01576,179.95129,-47.78626,-41.31923
120253000000,6096.72135,-4386.49032,-1740.52055,0.98873,0.05653,0.13705,-0.02067,149.10093,-113.81446,-34.39228
120286000000,6111.39509,-4373.36612,-1744.11940,0.98975,0.03535,0.13710,-0.01872,165.52775,-85.25508,-38.54828
120319000000,6100.08522,-4402.42332,-1745.15331,0.99025,0.06785,0.11985,-0.02108,138.72600,-127.27126,-38.14922
120352000000,6126.93010,-4367.34745,-1748.48974,0.99045,0.01880,0.13553,-0.01721,176.27700,-60.86366,-41.67369
120385000000,6112.81442,-4406.75499,-1746.64984,0.98944,0.06235,0.12913,-0.02109,144.52420,-120.73223,-36.52350
120418000000,6138.38608,-4368.02988,-1750.51271,0.99023,0.00785,0.13831,-0.01592,179.57106,-48.50854,-41.03053
120451000000,6124.20631,-4411.55851,-1748.12339,0.98900,0.05824,0.13433,-0.02091,147.56735,-115.63717,-35.03342
120484000000,6140.51736,-4395.76991,-1751.55630,0.98989,0.03360,0.13651,-0.01873,166.84550,-82.47484,-38.87640
120517000000,6128.20825,-4426.80781,-1752.53163,0.99029,0.06841,0.11911,-0.02132,138.38073,-127.80895,-38.36543
