8284000000,-0.00020,-0.00041,0.00004,1.00000,-0.00061,0.00006,0.00007,0.00066,0.00113,-0.00228
8317000000,0.00012,-0.00068,0.00037,1.00000,-0.00035,0.00010,0.00007,0.00172,-0.00065,-0.00348
8350000000,0.00018,-0.00076,0.00044,1.00000,-0.00015,0.00003,0.00010,0.00097,-0.00177,-0.00248
8383000000,0.00023,-0.00085,0.00046,1.00000,-0.00004,-0.00005,0.00009,0.00137,-0.00258,-0.00326
8416000000,0.00013,-0.00087,0.00053,1.00000,0.00001,-0.00016,0.00011,-0.00013,-0.00173,-0.00218
8449000000,0.00028,-0.00098,0.00061,1.00000,0.00010,-0.00013,0.00009,0.00043,-0.00259,-0.00174
8482000000,0.00040,-0.00103,0.00061,1.00000,0.00008,-0.00008,0.00006,-0.00120,-0.00310,-0.00319
8515000000,0.00037,-0.00102,0.00060,1.00000,0.00005,-0.00008,0.00008,-0.00128,-0.00165,-0.00271
8548000000,0.00032,-0.00103,0.00067,1.00000,-0.00003,-0.00005,0.00006,-0.00243,-0.00231,-0.00335
8581000000,0.00029,-0.00111,0.00076,1.00000,-0.00005,-0.00004,0.00010,-0.00222,-0.00239,-0.00310
8614000000,0.00043,-0.00128,0.00089,1.00000,0.00007,0.00001,0.00011,-0.00136,-0.00366,-0.00312
8647000000,0.00043,-0.00133,0.00096,1.00000,0.00005,0.00001,0.00007,-0.00153,-0.00427,-0.00241
8680000000,0.00038,-0.00124,0.00093,1.00000,0.00002,0.00002,0.00008,-0.00224,-0.00397,-0.00173
8713000000,0.00044,-0.00120,0.00093,1.00000,-0.00006,0.00006,0.00007,-0.00231,-0.00246,-0.00112
8746000000,0.00035,-0.00123,0.00096,1.00000,-0.00013,0.00004,0.00007,-0.00242,-0.00198,-0.00165
8779000000,0.00045,-0.00129,0.00102,1.00000,-0.00013,0.00008,0.00008,-0.00291,-0.00169,-0.00177
8812000000,0.00066,-0.00139,0.00112,1.00000,-0.00017,0.00012,0.00007,-0.00159,-0.00199,-0.00212
8845000000,0.00068,-0.00140,0.00112,1.00000,-0.00013,0.00016,0.00010,-0.00198,-0.00113,-0.00363
8878000000,0.00058,-0.00133,0.00110,1.00000,-0.00012,0.00019,0.00009,-0.00172,-0.00053,-0.00341
8911000000,0.00073,-0.00145,0.00122,1.00000,-0.00010,0.00018,0.00011,-0.00004,-0.00002,-0.00306
8944000000,0.00087,-0.00149,0.00125,1.00000,-0.00005,0.00016,0.00008,-0.00096,0.00008,-0.00229
8977000000,0.00077,-0.00140,0.00124,1.00000,-0.00006,0.00020,0.00006,-0.00092,0.00195,-0.00212
9010000000,0.00091,-0.00152,0.00137,1.00000,-0.00007,0.00027,0.00007,0.00041,0.00179,-0.00337
9043000000,0.00091,-0.00155,0.00138,1.00000,-0.00002,0.00021,0.00011,-0.00027,0.00249,-0.00421
9076000000,0.00085,-0.00143,0.00133,1.00000,-0.00005,0.00025,0.00006,0.00013,0.00241,-0.00489
9109000000,0.00102,-0.00146,0.00134,1.00000,-0.00004,0.00026,0.00007,-0.00012,0.00267,-0.00456
9142000000,0.00126,-0.00157,0.00144,1.00000,-0.00001,0.00025,0.00009,0.00103,0.00331,-0.00506
9175000000,0.00135,-0.00169,0.00157,1.00000,0.00003,0.00025,0.00007,0.00121,0.00304,-0.00616
9208000000,0.00119,-0.00172,0.00160,1.00000,0.00004,0.00026,0.00009,0.00111,0.00303,-0.00550
9241000000,0.00111,-0.00177,0.00166,1.00000,0.00007,0.00025,0.00013,-0.00036,0.00393,-0.00545
9274000000,0.00081,-0.00165,0.00155,1.00000,0.00008,0.00023,0.00012,-0.00037,0.00371,-0.00578
9307000000,0.00078,-0.00168,0.00160,1.00000,0.00003,0.00021,0.00011,-0.00117,0.00348,-0.00475
9340000000,0.00110,-0.00188,0.00174,1.00000,0.00010,0.00027,0.00010,-0.00165,0.00204,-0.00449
9373000000,0.00093,-0.00179,0.00170,1.00000,0.00010,0.00024,0.00011,-0.00217,0.00178,-0.00415
9406000000,0.00076,-0.00172,0.00168,1.00000,0.00005,0.00024,0.00011,-0.00230,0.00262,-0.00297
9439000000,0.00082,-0.00174,0.00174,1.00000,0.00008,0.00025,0.00014,-0.00191,0.00338,-0.00257
9472000000,0.00085,-0.00180,0.00183,1.00000,0.00010,0.00027,0.00010,-0.00156,0.00194,-0.00179
9505000000,0.00088,-0.00189,0.00193,1.00000,0.00014,0.00028,0.00012,-0.00252,0.00255,-0.00112
9538000000,0.00091,-0.00186,0.00193,1.00000,0.00011,0.00032,0.00010,-0.00283,0.00254,-0.00065
9571000000,0.00090,-0.00185,0.00192,1.00000,0.00013,0.00028,0.00010,-0.00369,0.00361,-0.00112
9604000000,0.00092,-0.00188,0.00193,1.00000,0.00011,0.00031,0.00012,-0.00296,0.00333,-0.00155
9637000000,0.00093,-0.00195,0.00201,1.00000,0.00011,0.00029,0.00010,-0.00235,0.00338,-0.00193
9670000000,0.00088,-0.00197,0.00202,1.00000,0.00012,0.00028,0.00010,-0.00210,0.00304,-0.00092
9703000000,0.00086,-0.00197,0.00200,1.00000,0.00008,0.00028,0.00014,-0.00274,0.00252,-0.00069
9736000000,0.00095,-0.00198,0.00203,1.00000,0.00006,0.00028,0.00012,-0.00242,0.00291,-0.00078
9769000000,0.00063,-0.00178,0.00190,1.00000,0.00006,0.00025,0.00011,-0.00326,0.00241,-0.00167
9802000000,0.00071,-0.00185,0.00197,1.00000,0.00006,0.00025,0.00010,-0.00327,0.00264,-0.00077
9835000000,0.00127,-0.00217,0.00220,1.00000,0.00010,0.00028,0.00013,-0.00300,0.00128,-0.00020
9868000000,0.00116,-0.00218,0.00220,1.00000,0.00009,0.00032,0.00011,-0.00386,0.00101,-0.00065
9901000000,0.00114,-0.00221,0.00228,1.00000,0.00011,0.00034,0.00011,-0.00518,0.00272,0.00056
9934000000,0.00116,-0.00226,0.00234,1.00000,0.00012,0.00032,0.00011,-0.00423,0.00218,-0.00028
9967000000,0.00121,-0.00240,0.00242,1.00000,0.00014,0.00033,0.00012,-0.00334,0.00197,-0.00172
10000000000,0.00119,-0.00245,0.00245,1.00000,0.00017,0.00032,0.00014,-0.00301,0.00132,-0.00240
10033000000,0.00124,-0.00252,0.00251,1.00000,0.00019,0.00032,0.00015,-0.00153,0.00239,-0.00314
10066000000,0.00130,-0.00254,0.00253,1.00000,0.00022,0.00030,0.00015,-0.00167,0.00181,-0.00368
10099000000,0.00127,-0.00252,0.00250,1.00000,0.00021,0.00031,0.00015,-0.00168,0.00197,-0.00488
10132000000,0.00122,-0.00239,0.00241,1.00000,0.00021,0.00031,0.00011,-0.00178,0.00216,-0.00408
10165000000,0.00125,-0.00241,0.00244,1.00000,0.00025,0.00031,0.00014,-0.00118,0.00184,-0.00429
10198000000,0.00138,-0.00262,0.00263,1.00000,0.00029,0.00034,0.00014,-0.00062,0.00163,-0.00428
10231000000,0.00142,-0.00273,0.00273,1.00000,0.00028,0.00034,0.00014,-0.00088,0.00137,-0.00564
10264000000,0.00147,-0.00274,0.00274,1.00000,0.00028,0.00033,0.00012,-0.00001,0.00168,-0.00484
10297000000,0.00155,-0.00273,0.00277,1.00000,0.00027,0.00034,0.00016,0.00012,0.00234,-0.00533
10330000000,0.00173,-0.00280,0.00285,1.00000,0.00028,0.00030,0.00014,-0.00058,0.00069,-0.00612
10363000000,0.00178,-0.00301,0.00301,1.00000,0.00028,0.00035,0.00017,-0.00009,0.00138,-0.00631
10396000000,0.00147,-0.00284,0.00284,1.00000,0.00026,0.00031,0.00017,-0.00036,0.00074,-0.00617
10429000000,0.00141,-0.00280,0.00279,1.00000,0.00029,0.00028,0.00014,0.00012,0.00090,-0.00691
10462000000,0.00161,-0.00286,0.00288,1.00000,0.00029,0.00030,0.00013,0.00036,0.00062,-0.00661
10495000000,0.00167,-0.00292,0.00294,1.00000,0.00027,0.00027,0.00018,0.00138,0.00004,-0.00573
10528000000,0.00188,-0.00329,0.00329,1.00000,0.00033,0.00030,0.00017,-0.00005,-0.00263,-0.00624
10561000000,0.00183,-0.00333,0.00331,1.00000,0.00034,0.00030,0.00014,-0.00004,-0.00240,-0.00562
10594000000,0.00179,-0.00329,0.00327,1.00000,0.00027,0.00028,0.00015,-0.00005,-0.00222,-0.00610
10627000000,0.00188,-0.00335,0.00332,1.00000,0.00025,0.00028,0.00017,0.00061,-0.00249,-0.00604
10660000000,0.00167,-0.00311,0.00310,1.00000,0.00024,0.00027,0.00016,0.00087,-0.00273,-0.00660
10693000000,0.00170,-0.00327,0.00323,1.00000,0.00028,0.00027,0.00018,0.00095,-0.00338,-0.00684
10726000000,0.00160,-0.00315,0.00311,1.00000,0.00028,0.00021,0.00013,0.00204,-0.00276,-0.00727
10759000000,0.00188,-0.00318,0.00315,1.00000,0.00028,0.00020,0.00015,0.00354,-0.00407,-0.00716
10792000000,0.00235,-0.00348,0.00342,1.00000,0.00031,0.00021,0.00012,0.00529,-0.00482,-0.00734
10825000000,0.00190,-0.00327,0.00320,1.00000,0.00029,0.00018,0.00016,0.00530,-0.00396,-0.00636
10858000000,0.00152,-0.00302,0.00299,1.00000,0.00024,0.00014,0.00015,0.00510,-0.00244,-0.00537
10891000000,0.00187,-0.00322,0.00321,1.00000,0.00028,0.00014,0.00017,0.00574,-0.00194,-0.00570
10924000000,0.00255,-0.00377,0.00370,1.00000,0.00032,0.00017,0.00015,0.00576,-0.00427,-0.00575
10957000000,0.00244,-0.00374,0.00369,1.00000,0.00032,0.00015,0.00014,0.00673,-0.00338,-0.00680
10990000000,0.00248,-0.00377,0.00372,1.00000,0.00035,0.00015,0.00016,0.00704,-0.00232,-0.00874
11023000000,0.00252,-0.00386,0.00379,1.00000,0.00036,0.00012,0.00017,0.00822,-0.00260,-0.00933
11056000000,0.00222,-0.00369,0.00364,1.00000,0.00032,0.00011,0.00016,0.00960,-0.00156,-0.00981
11089000000,0.00222,-0.00367,0.00368,1.00000,0.00029,0.00011,0.00018,0.00896,-0.00064,-0.00925
11122000000,0.00220,-0.00370,0.00371,1.00000,0.00030,0.00010,0.00016,0.00882,-0.00162,-0.01051
11155000000,0.00210,-0.00369,0.00369,1.00000,0.00032,0.00009,0.00017,0.00830,-0.00127,-0.01031
11188000000,0.00206,-0.00371,0.00375,1.00000,0.00028,0.00010,0.00021,0.00850,-0.00137,-0.00986
11221000000,0.00208,-0.00377,0.00379,1.00000,0.00030,0.00006,0.00018,0.00834,-0.00224,-0.01002
11254000000,0.00211,-0.00376,0.00375,1.00000,0.00032,0.00005,0.00018,0.00812,-0.00217,-0.01118
11287000000,0.00209,-0.00370,0.00368,1.00000,0.00030,0.00004,0.00019,0.00742,-0.00317,-0.00998
11320000000,0.00204,-0.00359,0.00361,1.00000,0.00028,0.00003,0.00016,0.00798,-0.00227,-0.00868
11353000000,0.00214,-0.00369,0.00375,1.00000,0.00028,0.00000,0.00019,0.00765,-0.00396,-0.00743
11386000000,0.00217,-0.00381,0.00387,1.00000,0.00029,0.00003,0.00020,0.00651,-0.00431,-0.00684
11419000000,0.00205,-0.00380,0.00384,1.00000,0.00031,0.00002,0.00017,0.00551,-0.00291,-0.00674
11452000000,0.00178,-0.00355,0.00359,1.00000,0.00025,-0.00003,0.00017,0.00526,-0.00446,-0.00629
11485000000,0.00210,-0.00381,0.00383,1.00000,0.00028,-0.00003,0.00017,0.00691,-0.00521,-0.00617
11518000000,0.00220,-0.00392,0.00395,1.00000,0.00031,-0.00004,0.00019,0.00919,-0.00644,-0.00656
11551000000,0.00275,-0.00396,0.00400,1.00000,0.00035,-0.00006,0.00018,0.03913,-0.00616,-0.00768
11584000000,0.00424,-0.00404,0.00414,1.00000,0.00033,-0.00005,0.00017,0.06416,-0.00633,-0.00805
11617000000,0.00593,-0.00375,0.00399,1.00000,0.00029,-0.00005,0.00021,0.09051,-0.00604,-0.00888
11650000000,0.00857,-0.00379,0.00426,1.00000,0.00029,-0.00005,0.00016,0.10470,-0.00637,-0.01060
11683000000,0.01237,-0.00340,0.00431,1.00000,0.00034,-0.00004,0.00017,0.13651,-0.00650,-0.01103
11716000000,0.01629,-0.00244,0.00386,1.00000,0.00028,-0.00008,0.00010,0.16653,-0.00661,-0.01132
11749000000,0.02068,-0.00185,0.00369,1.00000,0.00026,-0.00010,0.00009,0.18473,-0.00752,-0.01191
11782000000,0.02540,-0.00170,0.00386,1.00000,0.00029,-0.00011,0.00010,0.15368,-0.00713,-0.01253
11815000000,0.02913,-0.00138,0.00387,1.00000,0.00027,-0.00009,0.00008,0.12276,-0.00711,-0.01258
11848000000,0.03227,-0.00124,0.00396,1.00000,0.00026,-0.00011,0.00012,0.09551,-0.00736,-0.01274
11881000000,0.03482,-0.00130,0.00407,1.00000,0.00024,-0.00014,0.00013,0.08540,-0.00778,-0.01306
11914000000,0.03652,-0.00141,0.00423,1.00000,0.00030,-0.00013,0.00014,0.05606,-0.00990,-0.01436
11947000000,0.03742,-0.00147,0.00441,1.00000,0.00031,-0.00013,0.00014,0.03797,-0.00999,-0.01438
11980000000,0.03728,-0.00144,0.00443,1.00000,0.00029,-0.00011,0.00014,0.02101,-0.01009,-0.01286
12013000000,0.03733,-0.00148,0.00440,1.00000,0.00025,-0.00013,0.00016,0.02178,-0.01100,-0.01328
12046000000,0.03744,-0.00156,0.00442,1.00000,0.00028,-0.00013,0.00017,0.02203,-0.01283,-0.01358
12079000000,0.03742,-0.00162,0.00452,1.00000,0.00032,-0.00015,0.00017,0.02131,-0.01254,-0.01443
12112000000,0.03740,-0.00166,0.00461,1.00000,0.00028,-0.00014,0.00015,0.02012,-0.01349,-0.01441
12145000000,0.03745,-0.00161,0.00459,1.00000,0.00026,-0.00019,0.00014,0.01932,-0.01468,-0.01444
12178000000,0.03755,-0.00153,0.00458,1.00000,0.00025,-0.00017,0.00010,0.01885,-0.01427,-0.01364
12211000000,0.03756,-0.00154,0.00461,1.00000,0.00024,-0.00016,0.00011,0.01840,-0.01366,-0.01447
12244000000,0.03762,-0.00159,0.00469,1.00000,0.00024,-0.00016,0.00010,0.01734,-0.01412,-0.01566
12277000000,0.03767,-0.00162,0.00469,1.00000,0.00023,-0.00022,0.00011,0.01788,-0.01405,-0.01606
12310000000,0.03769,-0.00158,0.00468,1.00000,0.00023,-0.00021,0.00010,0.01996,-0.01352,-0.01478
12343000000,0.03801,-0.00154,0.00477,1.00000,0.00023,-0.00021,0.00009,0.01985,-0.01390,-0.01601
12376000000,0.03802,-0.00158,0.00478,1.00000,0.00022,-0.00022,0.00010,0.01995,-0.01412,-0.01661
12409000000,0.03771,-0.00162,0.00473,1.00000,0.00020,-0.00027,0.00008,0.01995,-0.01441,-0.01600
12442000000,0.03803,-0.00157,0.00481,1.00000,0.00024,-0.00026,0.00014,0.02211,-0.01391,-0.01572
12475000000,0.03820,-0.00141,0.00481,1.00000,0.00018,-0.00028,0.00010,0.02284,-0.01296,-0.01539
12508000000,0.03828,-0.00143,0.00485,1.00000,0.00022,-0.00027,0.00008,0.03582,-0.01282,-0.01548
12541000000,0.03918,-0.00160,0.00500,1.00000,0.00024,-0.00030,0.00010,0.05124,-0.01376,-0.01586
12574000000,0.04061,-0.00166,0.00507,1.00000,0.00025,-0.00029,0.00009,0.08615,-0.01358,-0.01630
12607000000,0.04269,-0.00134,0.00507,1.00000,0.00022,-0.00030,0.00010,0.11164,-0.01410,-0.01590
12640000000,0.04565,-0.00102,0.00495,1.00000,0.00021,-0.00032,0.00006,0.11089,-0.01449,-0.01612
12673000000,0.04904,-0.00081,0.00496,1.00000,0.00018,-0.00034,0.00002,0.14123,-0.01345,-0.01615
12706000000,0.05324,-0.00081,0.00491,1.00000,0.00022,-0.00032,0.00006,0.16578,-0.01454,-0.01615
12739000000,0.05816,-0.00080,0.00498,1.00000,0.00022,-0.00036,0.00005,0.18026,-0.01452,-0.01679
12772000000,0.06478,-0.00105,0.00567,1.00000,0.00021,-0.00035,0.00005,0.21247,-0.01699,-0.01749
12805000000,0.07160,-0.00087,0.00561,1.00000,0.00018,-0.00038,0.00001,0.24271,-0.01818,-0.01807
12838000000,0.07908,-0.00078,0.00548,1.00000,0.00018,-0.00042,0.00008,0.27156,-0.01863,-0.01788
12871000000,0.08739,-0.00068,0.00541,1.00000,0.00011,-0.00040,0.00009,0.28832,-0.01763,-0.01748
12904000000,0.09683,-0.00052,0.00535,1.00000,0.00007,-0.00043,0.00009,0.32277,-0.01848,-0.01776
12937000000,0.10708,-0.00035,0.00532,1.00000,0.00009,-0.00043,0.00011,0.35101,-0.01930,-0.01649
12970000000,0.11860,-0.00002,0.00528,1.00000,0.00008,-0.00047,0.00009,0.37824,-0.02004,-0.01638
13003000000,0.13126,0.00038,0.00525,1.00000,0.00006,-0.00051,0.00005,0.39918,-0.01991,-0.01704
13036000000,0.14392,0.00016,0.00505,1.00000,0.00003,-0.00054,0.00003,0.41252,-0.02068,-0.01676
13069000000,0.15704,0.00000,0.00521,1.00000,0.00003,-0.00055,0.00009,0.44156,-0.02164,-0.01504
13102000000,0.17098,0.00010,0.00550,1.00000,0.00006,-0.00061,0.00009,0.47174,-0.02308,-0.01555
13135000000,0.18764,-0.00037,0.00556,1.00000,0.00010,-0.00066,0.00006,0.50207,-0.02416,-0.01610
13168000000,0.20392,-0.00040,0.00556,1.00000,0.00008,-0.00069,0.00006,0.52136,-0.02530,-0.01581
13201000000,0.22159,-0.00101,0.00536,1.00000,0.00009,-0.00072,0.00003,0.55123,-0.02695,-0.01492
13234000000,0.24023,-0.00154,0.00520,1.00000,0.00014,-0.00101,0.00002,0.58128,-0.02560,-0.01454
13267000000,0.25947,-0.00186,0.00527,1.00000,0.00021,-0.00158,-0.00000,0.60687,-0.02520,-0.01309
13300000000,0.27942,-0.00195,0.00558,1.00000,0.00030,-0.00255,0.00002,0.60679,-0.02403,-0.01199
13333000000,0.29998,-0.00220,0.00602,0.99999,0.00047,-0.00396,0.00001,0.63618,-0.02451,-0.00954
13366000000,0.32109,-0.00254,0.00683,0.99998,0.00064,-0.00564,-0.00000,0.66576,-0.02397,-0.00737
13399000000,0.34330,-0.00269,0.00785,0.99997,0.00082,-0.00714,-0.00004,0.68803,-0.02224,-0.00437
13432000000,0.36508,-0.00185,0.01305,0.99992,0.00178,-0.01247,-0.00006,0.70935,-0.01937,0.00788
13465000000,0.38874,-0.00292,0.01819,0.99982,0.00287,-0.01873,0.00003,0.73943,-0.02082,0.01813
13498000000,0.41348,-0.00354,0.02341,0.99970,0.00384,-0.02436,0.00005,0.75887,-0.02109,0.02790
13531000000,0.43924,-0.00460,0.02806,0.99958,0.00459,-0.02875,0.00010,0.78919,-0.02328,0.03589
13564000000,0.46566,-0.00553,0.03433,0.99941,0.00550,-0.03383,0.00015,0.81785,-0.02360,0.04511
13597000000,0.49270,-0.00663,0.03982,0.99928,0.00614,-0.03749,0.00025,0.83572,-0.02364,0.05252
13630000000,0.51993,-0.00547,0.04874,0.99904,0.00710,-0.04315,0.00026,0.86574,-0.02004,0.06690
13663000000,0.54874,-0.00611,0.05751,0.99876,0.00813,-0.04913,0.00038,0.89317,-0.02146,0.07908
13696000000,0.57799,-0.00684,0.06911,0.99833,0.00955,-0.05704,0.00049,0.90874,-0.02168,0.09501
13729000000,0.60798,-0.00775,0.08138,0.99784,0.01119,-0.06478,0.00060,0.94310,-0.02325,0.11174
13762000000,0.63916,-0.00926,0.09063,0.99753,0.01221,-0.06914,0.00073,0.96902,-0.02591,0.12356
13795000000,0.66995,-0.00794,0.10030,0.99726,0.01334,-0.07270,0.00083,0.98191,-0.02287,0.13421
13828000000,0.70241,-0.00900,0.10969,0.99698,0.01471,-0.07625,0.00097,1.01113,-0.02385,0.14531
13861000000,0.73579,-0.00940,0.11869,0.99674,0.01609,-0.07907,0.00109,1.03482,-0.02417,0.15552
13894000000,0.76980,-0.00935,0.12764,0.99652,0.01756,-0.08150,0.00126,1.04990,-0.02221,0.16255
13927000000,0.80319,-0.00833,0.13671,0.99632,0.01999,-0.08336,0.00148,1.07735,-0.01932,0.17238
13960000000,0.83874,-0.00934,0.14409,0.99619,0.02218,-0.08437,0.00171,1.10006,-0.01972,0.17745
13993000000,0.87543,-0.01049,0.15021,0.99611,0.02518,-0.08443,0.00197,1.13454,-0.02108,0.18330
14026000000,0.91309,-0.01130,0.15557,0.99607,0.02800,-0.08405,0.00220,1.15101,-0.02204,0.18497
14059000000,0.95000,-0.01053,0.16026,0.99606,0.03133,-0.08298,0.00240,1.17831,-0.02049,0.18800
14092000000,0.99004,-0.01136,0.16255,0.99604,0.03642,-0.08111,0.00278,1.20967,-0.02121,0.18799
14125000000,1.03128,-0.01224,0.16233,0.99601,0.04330,-0.07801,0.00316,1.21844,-0.02034,0.18052
14158000000,1.07327,-0.01228,0.15099,0.99597,0.05628,-0.06968,0.00371,1.24257,-0.01980,0.16367
14191000000,1.11840,-0.01409,0.13015,0.99570,0.07209,-0.05796,0.00395,1.27591,-0.02013,0.13946
14224000000,1.16274,-0.01514,0.12181,0.99552,0.07867,-0.05232,0.00393,1.30713,-0.02091,0.12766
14257000000,1.20648,-0.01512,0.11808,0.99538,0.08260,-0.04884,0.00379,1.32667,-0.02052,0.12097
14290000000,1.25170,-0.01590,0.12147,0.99519,0.08497,-0.04854,0.00388,1.36072,-0.02084,0.12365
14323000000,1.29698,-0.01627,0.12615,0.99513,0.08556,-0.04870,0.00388,1.38149,-0.02116,0.12604
14356000000,1.33772,-0.01283,0.15482,0.99375,0.09482,-0.05859,0.00530,1.40207,-0.01631,0.15965
14389000000,1.37975,-0.01136,0.17555,0.99309,0.09760,-0.06489,0.00604,1.42559,-0.01194,0.18402
14422000000,1.42652,-0.01146,0.18487,0.99309,0.09679,-0.06612,0.00611,1.44319,-0.01196,0.18935
14455000000,1.47125,-0.00762,0.20131,0.99292,0.09574,-0.07006,0.00640,1.46873,-0.00371,0.20727
14488000000,1.52051,-0.00725,0.21229,0.99304,0.09323,-0.07168,0.00635,1.49855,-0.00298,0.21655
14521000000,1.57029,-0.00712,0.22036,0.99311,0.09216,-0.07205,0.00627,1.51317,-0.00330,0.21860
14554000000,1.62025,-0.00551,0.22784,0.99308,0.09257,-0.07201,0.00633,1.51413,-0.00105,0.21892
14587000000,1.67043,-0.00592,0.23586,0.99307,0.09242,-0.07227,0.00635,1.51362,-0.00204,0.21997
14620000000,1.72040,-0.00622,0.24506,0.99309,0.09171,-0.07293,0.00634,1.51310,-0.00125,0.22287
14653000000,1.76959,-0.00580,0.25448,0.99306,0.09145,-0.07362,0.00638,1.51199,-0.00035,0.22692
14686000000,1.81973,-0.00616,0.26176,0.99311,0.09096,-0.07359,0.00631,1.51327,-0.00099,0.22597
14719000000,1.86972,-0.00599,0.27040,0.99313,0.09037,-0.07402,0.00627,1.51462,0.00106,0.22748
14752000000,1.91857,-0.00553,0.27980,0.99311,0.09003,-0.07470,0.00631,1.51260,0.00230,0.23118
14785000000,1.96868,-0.00551,0.28694,0.99315,0.08970,-0.07455,0.00629,1.51358,0.00236,0.23102
14818000000,2.01743,-0.00514,0.29557,0.99320,0.08886,-0.07495,0.00627,1.51379,0.00437,0.23205
14851000000,2.06782,-0.00533,0.30171,0.99323,0.08888,-0.07448,0.00622,1.51585,0.00322,0.23012
14884000000,2.11794,-0.00514,0.30962,0.99323,0.08888,-0.07454,0.00622,1.51611,0.00328,0.23142
14917000000,2.16677,-0.00487,0.31777,0.99323,0.08870,-0.07472,0.00620,1.51390,0.00316,0.23293
14950000000,2.21686,-0.00476,0.32512,0.99325,0.08862,-0.07464,0.00616,1.51497,0.00458,0.23318
14983000000,2.26686,-0.00476,0.33341,0.99324,0.08854,-0.07475,0.00621,1.51560,0.00462,0.23517
15016000000,2.31632,-0.00487,0.34232,0.99325,0.08814,-0.07511,0.00621,1.51439,0.00525,0.23801
15049000000,2.36651,-0.00464,0.35019,0.99327,0.08791,-0.07509,0.00620,1.51586,0.00503,0.23913
15082000000,2.41667,-0.00448,0.35771,0.99328,0.08794,-0.07498,0.00618,1.51708,0.00478,0.23933
15115000000,2.46596,-0.00503,0.36594,0.99329,0.08772,-0.07505,0.00618,1.51516,0.00433,0.24091
15148000000,2.51617,-0.00501,0.37289,0.99331,0.08780,-0.07477,0.00613,1.51652,0.00348,0.23976
15181000000,2.56648,-0.00492,0.37996,0.99330,0.08808,-0.07454,0.00617,1.51687,0.00402,0.23766
15214000000,2.61545,-0.00537,0.38767,0.99332,0.08790,-0.07450,0.00619,1.51598,0.00244,0.23811
15247000000,2.66577,-0.00503,0.39489,0.99332,0.08808,-0.07432,0.00616,1.51667,0.00389,0.23837
15280000000,2.71595,-0.00492,0.40253,0.99332,0.08809,-0.07424,0.00615,1.51783,0.00325,0.23854
15313000000,2.76479,-0.00538,0.40912,0.99335,0.08809,-0.07392,0.00604,1.51704,0.00314,0.23780
15346000000,2.81525,-0.00539,0.41612,0.99335,0.08825,-0.07365,0.00597,1.51963,0.00270,0.23695
15379000000,2.86571,-0.00538,0.42364,0.99335,0.08835,-0.07352,0.00599,1.52083,0.00212,0.23575
15412000000,2.91452,-0.00566,0.42982,0.99338,0.08836,-0.07312,0.00597,1.51901,0.00187,0.23298
15445000000,2.96460,-0.00537,0.43800,0.99338,0.08835,-0.07323,0.00599,1.51974,0.00183,0.23419
15511000000,3.06502,-0.00525,0.45340,0.99338,0.08838,-0.07314,0.00591,1.52200,0.00225,0.23497
15544000000,3.11381,-0.00568,0.45831,0.99342,0.08853,-0.07237,0.00583,1.52127,0.00092,0.23227
15610000000,3.21414,-0.00569,0.47354,0.99342,0.08859,-0.07242,0.00581,1.52142,0.00025,0.23191
15709000000,3.36308,-0.00570,0.49377,0.99345,0.08871,-0.07177,0.00573,1.52079,0.00091,0.22909
15742000000,3.41389,-0.00568,0.50129,0.99345,0.08877,-0.07177,0.00573,1.52206,0.00031,0.22887
15808000000,3.51302,-0.00586,0.51403,0.99347,0.08886,-0.07129,0.00567,1.52232,0.00155,0.22671
15874000000,3.61364,-0.00592,0.52862,0.99348,0.08884,-0.07122,0.00566,1.52358,0.00086,0.22626
15973000000,3.76456,-0.00608,0.55108,0.99348,0.08884,-0.07122,0.00571,1.52443,0.00181,0.22713
16039000000,3.86323,-0.00658,0.56209,0.99352,0.08892,-0.07055,0.00561,1.52318,0.00144,0.22225
16138000000,4.01410,-0.00624,0.58497,0.99352,0.08882,-0.07074,0.00556,1.52269,0.00084,0.22447
16204000000,4.11361,-0.00601,0.59618,0.99356,0.08893,-0.07005,0.00553,1.52440,0.00163,0.22140
16270000000,4.21392,-0.00587,0.61144,0.99356,0.08885,-0.07014,0.00543,1.52430,-0.00044,0.22172
16303000000,4.26289,-0.00595,0.61615,0.99358,0.08893,-0.06969,0.00542,1.52352,-0.00266,0.21830
16336000000,4.31281,-0.00618,0.62375,0.99358,0.08892,-0.06973,0.00542,1.52428,-0.00233,0.21873
16435000000,4.46404,-0.00648,0.64528,0.99357,0.08898,-0.06979,0.00543,1.52539,-0.00202,0.21807
16501000000,4.56482,-0.00679,0.65911,0.99358,0.08900,-0.06967,0.00542,1.52694,-0.00172,0.21723
16567000000,4.66297,-0.00739,0.67103,0.99360,0.08893,-0.06942,0.00539,1.52550,-0.00133,0.21385
16600000000,4.71356,-0.00756,0.67832,0.99360,0.08891,-0.06946,0.00541,1.52596,-0.00272,0.21407
16699000000,4.86138,-0.00807,0.69900,0.99361,0.08880,-0.06949,0.00537,1.52469,-0.00545,0.21422
16765000000,4.96331,-0.00853,0.71387,0.99360,0.08885,-0.06957,0.00530,1.52634,-0.00676,0.21431
16831000000,5.06120,-0.00929,0.72804,0.99362,0.08861,-0.06957,0.00535,1.52550,-0.00712,0.21523
16897000000,5.16198,-0.00989,0.74198,0.99362,0.08859,-0.06954,0.00529,1.52485,-0.00754,0.21587
16963000000,5.26148,-0.01107,0.75711,0.99362,0.08849,-0.06964,0.00541,1.52485,-0.00924,0.21636
17029000000,5.36203,-0.01180,0.77122,0.99363,0.08844,-0.06963,0.00539,1.52569,-0.00921,0.21781
17062000000,5.41277,-0.01213,0.77913,0.99363,0.08841,-0.06971,0.00534,1.52642,-0.00930,0.21944
17095000000,5.45982,-0.01328,0.78743,0.99366,0.08793,-0.06987,0.00533,1.52392,-0.01092,0.22069
17161000000,5.56131,-0.01399,0.80198,0.99367,0.08781,-0.06983,0.00526,1.52461,-0.01173,0.22021
17194000000,5.61137,-0.01437,0.80948,0.99368,0.08776,-0.06981,0.00525,1.52394,-0.01259,0.22073
17227000000,5.65836,-0.01476,0.81839,0.99371,0.08717,-0.07011,0.00518,1.52175,-0.01311,0.22203
17293000000,5.76099,-0.01507,0.83312,0.99375,0.08678,-0.07007,0.00512,1.52436,-0.01265,0.22055
17326000000,5.81131,-0.01549,0.83890,0.99371,0.08733,-0.06990,0.00513,1.52594,-0.01250,0.21892
17359000000,5.85723,-0.01622,0.84591,0.99375,0.08680,-0.06999,0.00512,1.52189,-0.01436,0.21831
17458000000,6.00940,-0.01775,0.86692,0.99373,0.08717,-0.06987,0.00510,1.52393,-0.01664,0.21933
17491000000,6.05965,-0.01839,0.87245,0.99370,0.08766,-0.06964,0.00507,1.52333,-0.01756,0.21693
17557000000,6.15608,-0.01807,0.88458,0.99370,0.08786,-0.06941,0.00507,1.51971,-0.01715,0.21377
17623000000,6.25722,-0.01933,0.89976,0.99370,0.08775,-0.06950,0.00506,1.52074,-0.01827,0.21331
17689000000,6.35204,-0.01889,0.91239,0.99372,0.08769,-0.06938,0.00500,1.51601,-0.01749,0.20885
17788000000,6.50538,-0.02113,0.93390,0.99371,0.08776,-0.06938,0.00499,1.51972,-0.01906,0.20928
17887000000,6.65694,-0.02362,0.95528,0.99372,0.08763,-0.06945,0.00500,1.51904,-0.02169,0.20825
17986000000,6.80421,-0.02317,0.97523,0.99372,0.08757,-0.06942,0.00500,1.51737,-0.02191,0.20760
18118000000,7.00323,-0.02712,1.00230,0.99373,0.08750,-0.06947,0.00501,1.51665,-0.02430,0.20543
18151000000,7.04907,-0.02652,1.00743,0.99373,0.08760,-0.06935,0.00506,1.51355,-0.02316,0.20337
18250000000,7.20106,-0.02807,1.02894,0.99372,0.08759,-0.06950,0.00500,1.51668,-0.02119,0.20464
18316000000,7.30113,-0.02901,1.04290,0.99372,0.08751,-0.06959,0.00499,1.51725,-0.01925,0.20377
18415000000,7.45114,-0.03035,1.06317,0.99372,0.08747,-0.06961,0.00499,1.51614,-0.01859,0.20084
18514000000,7.60103,-0.03157,1.08409,0.99374,0.08725,-0.06966,0.00498,1.51669,-0.01976,0.20196
18580000000,7.69709,-0.02822,1.09993,0.99378,0.08650,-0.07000,0.00498,1.51370,-0.01701,0.20203
18646000000,7.79846,-0.02988,1.11239,0.99377,0.08670,-0.06988,0.00496,1.51400,-0.01775,0.19995
18712000000,7.89565,-0.02724,1.13203,0.99393,0.08418,-0.07065,0.00483,1.51225,-0.01638,0.20240
18778000000,7.99747,-0.02764,1.14943,0.99416,0.08108,-0.07109,0.00465,1.51387,-0.01660,0.20520
18844000000,8.09880,-0.02594,1.16804,0.99445,0.07716,-0.07145,0.00443,1.51733,-0.01407,0.20880
18943000000,8.25161,-0.02694,1.18951,0.99451,0.07637,-0.07144,0.00433,1.52036,-0.01269,0.20902
19042000000,8.40212,-0.02534,1.21400,0.99469,0.07383,-0.07165,0.00415,1.52094,-0.00856,0.21080
19141000000,8.55530,-0.02554,1.23652,0.99476,0.07279,-0.07170,0.00406,1.52296,-0.00828,0.21029
19207000000,8.65403,-0.02320,1.25410,0.99492,0.07045,-0.07186,0.00388,1.52300,-0.00482,0.21325
19273000000,8.75434,-0.02284,1.26871,0.99494,0.07003,-0.07189,0.00380,1.52365,-0.00559,0.21143
19306000000,8.80171,-0.01981,1.27931,0.99507,0.06806,-0.07208,0.00361,1.52117,-0.00301,0.21454
19339000000,8.85197,-0.02029,1.28564,0.99506,0.06833,-0.07197,0.00364,1.52235,-0.00349,0.21293
19438000000,8.99298,-0.01947,1.30688,0.99511,0.06739,-0.07211,0.00357,1.51753,-0.00164,0.21224
19471000000,9.04559,-0.02140,1.31471,0.99514,0.06700,-0.07205,0.00354,1.52114,-0.00236,0.21425
19603000000,9.24659,-0.02124,1.34326,0.99516,0.06683,-0.07190,0.00354,1.52174,-0.00216,0.21279
19669000000,9.34366,-0.02007,1.35791,0.99521,0.06611,-0.07192,0.00353,1.51968,-0.00181,0.21413
19768000000,9.49582,-0.02087,1.37814,0.99518,0.06655,-0.07187,0.00353,1.52038,-0.00040,0.21077
19801000000,9.54584,-0.02094,1.38535,0.99519,0.06638,-0.07190,0.00354,1.52000,0.00010,0.21028
19867000000,9.64299,-0.02028,1.40079,0.99526,0.06531,-0.07199,0.00342,1.51703,-0.00014,0.21130
19966000000,9.79427,-0.02117,1.42171,0.99527,0.06520,-0.07196,0.00351,1.52059,-0.00226,0.20855
20032000000,9.89443,-0.02149,1.43601,0.99529,0.06488,-0.07193,0.00345,1.52142,-0.00190,0.20836
20098000000,9.98796,-0.02296,1.45076,0.99537,0.06369,-0.07189,0.00333,1.51646,-0.00458,0.20804
20164000000,10.08980,-0.02222,1.46557,0.99540,0.06321,-0.07189,0.00332,1.51780,-0.00483,0.20912
20230000000,10.18535,-0.02312,1.48068,0.99548,0.06202,-0.07192,0.00319,1.51453,-0.00590,0.20947
20296000000,10.28967,-0.02139,1.49522,0.99548,0.06190,-0.07189,0.00326,1.51851,-0.00461,0.21043
20362000000,10.38266,-0.02142,1.51063,0.99557,0.06058,-0.07184,0.00315,1.51330,-0.00477,0.21220
20461000000,10.53509,-0.02167,1.53190,0.99558,0.06058,-0.07175,0.00312,1.51578,-0.00533,0.21225
20527000000,10.63622,-0.02203,1.54683,0.99560,0.06015,-0.07182,0.00307,1.51625,-0.00530,0.21332
20593000000,10.73343,-0.02021,1.56351,0.99569,0.05871,-0.07174,0.00284,1.51426,-0.00459,0.21676
20626000000,10.78535,-0.01934,1.57124,0.99571,0.05851,-0.07168,0.00279,1.51799,-0.00395,0.21666
20692000000,10.87573,-0.01882,1.58560,0.99573,0.05801,-0.07171,0.00272,1.51108,-0.00345,0.21552
20758000000,10.97847,-0.01783,1.60040,0.99575,0.05787,-0.07163,0.00269,1.51411,-0.00290,0.21547
20824000000,11.07339,-0.01795,1.61495,0.99577,0.05744,-0.07166,0.00262,1.51093,-0.00237,0.21492
20890000000,11.17592,-0.01961,1.62862,0.99576,0.05765,-0.07170,0.00266,1.51198,-0.00338,0.21367
20956000000,11.26600,-0.01890,1.64275,0.99577,0.05727,-0.07174,0.00256,1.50254,-0.00295,0.21371
20989000000,11.31623,-0.01938,1.64995,0.99578,0.05716,-0.07169,0.00261,1.50263,-0.00341,0.21419
21055000000,11.41124,-0.01988,1.66383,0.99580,0.05700,-0.07162,0.00264,1.49657,-0.00537,0.21283
21121000000,11.51279,-0.02021,1.67835,0.99581,0.05685,-0.07157,0.00263,1.49814,-0.00384,0.21264
21187000000,11.60967,-0.02062,1.69237,0.99581,0.05676,-0.07161,0.00258,1.49541,-0.00371,0.21140
21253000000,11.70903,-0.02097,1.70637,0.99582,0.05666,-0.07160,0.00254,1.49627,-0.00319,0.20957
21319000000,11.80916,-0.02129,1.72059,0.99583,0.05651,-0.07162,0.00257,1.49833,-0.00446,0.20992
21385000000,11.90651,-0.02187,1.73413,0.99583,0.05656,-0.07159,0.00255,1.49590,-0.00342,0.20847
21451000000,12.00500,-0.02211,1.74859,0.99585,0.05620,-0.07154,0.00245,1.49653,-0.00415,0.20950
21517000000,12.10384,-0.02233,1.76246,0.99586,0.05615,-0.07151,0.00246,1.49536,-0.00353,0.20868
21616000000,12.24953,-0.02330,1.78318,0.99588,0.05585,-0.07136,0.00243,1.49260,-0.00293,0.20718
21682000000,12.34891,-0.02418,1.79694,0.99589,0.05579,-0.07132,0.00239,1.49287,-0.00255,0.20714
21748000000,12.44044,-0.02539,1.81051,0.99592,0.05539,-0.07118,0.00242,1.48634,-0.00384,0.20583
21814000000,12.54174,-0.02567,1.82438,0.99592,0.05534,-0.07122,0.00245,1.48908,-0.00322,0.20397
21880000000,12.63558,-0.02669,1.83814,0.99595,0.05494,-0.07115,0.00239,1.48535,-0.00429,0.20350
21913000000,12.68555,-0.02683,1.84489,0.99595,0.05496,-0.07114,0.00238,1.48600,-0.00428,0.20362
22012000000,12.82655,-0.02778,1.86503,0.99597,0.05462,-0.07105,0.00234,1.47876,-0.00556,0.20233
22078000000,12.92540,-0.02812,1.87883,0.99598,0.05446,-0.07102,0.00232,1.48024,-0.00539,0.20223
22111000000,12.97197,-0.02815,1.88612,0.99601,0.05408,-0.07096,0.00230,1.47799,-0.00478,0.20281
22177000000,13.06983,-0.02824,1.89939,0.99601,0.05409,-0.07095,0.00232,1.47822,-0.00287,0.20191
22243000000,13.16712,-0.02800,1.91335,0.99604,0.05370,-0.07085,0.00230,1.47759,-0.00290,0.20184
22276000000,13.21605,-0.02812,1.92001,0.99604,0.05365,-0.07084,0.00233,1.47982,-0.00262,0.20092
22342000000,13.31227,-0.02746,1.93378,0.99606,0.05335,-0.07079,0.00228,1.47977,-0.00142,0.20121
22408000000,13.40999,-0.02701,1.94744,0.99608,0.05315,-0.07070,0.00225,1.48086,-0.00028,0.20200
22474000000,13.51072,-0.02663,1.96164,0.99611,0.05267,-0.07055,0.00223,1.48517,0.00084,0.20177
22507000000,13.55715,-0.02701,1.96792,0.99611,0.05273,-0.07056,0.00226,1.48357,0.00137,0.20140
22606000000,13.70350,-0.02623,1.98843,0.99613,0.05247,-0.07042,0.00224,1.48417,0.00365,0.20222
22672000000,13.80209,-0.02546,2.00192,0.99614,0.05239,-0.07046,0.00213,1.48508,0.00524,0.20383
22771000000,13.94742,-0.02488,2.02237,0.99615,0.05214,-0.07046,0.00212,1.48410,0.00617,0.20683
22870000000,14.09429,-0.02458,2.04254,0.99614,0.05225,-0.07056,0.00205,1.48644,0.00669,0.20453
22936000000,14.19200,-0.02419,2.05656,0.99616,0.05200,-0.07040,0.00201,1.48424,0.00797,0.20558
23002000000,14.28998,-0.02394,2.07052,0.99618,0.05179,-0.07027,0.00198,1.48623,0.00828,0.20408
23101000000,14.43578,-0.02307,2.09111,0.99620,0.05154,-0.07023,0.00197,1.48324,0.00763,0.20538
23200000000,14.58369,-0.02192,2.11145,0.99620,0.05156,-0.07022,0.00198,1.48535,0.00932,0.20630
23266000000,14.68207,-0.02253,2.12576,0.99621,0.05135,-0.07014,0.00197,1.48587,0.00764,0.20719
23299000000,14.73083,-0.02325,2.13293,0.99622,0.05119,-0.07009,0.00197,1.48619,0.00655,0.20864
23365000000,14.82928,-0.02274,2.14678,0.99623,0.05110,-0.07007,0.00198,1.48644,0.00788,0.20961
23431000000,14.92705,-0.02340,2.16083,0.99624,0.05104,-0.07002,0.00196,1.48735,0.00602,0.20896
23464000000,14.97625,-0.02300,2.16773,0.99624,0.05107,-0.06999,0.00199,1.48739,0.00679,0.20831
23530000000,15.07390,-0.02369,2.18166,0.99624,0.05112,-0.06995,0.00199,1.48794,0.00628,0.20892
23596000000,15.17328,-0.02301,2.19561,0.99624,0.05105,-0.06995,0.00197,1.48813,0.00686,0.21097
23629000000,15.22041,-0.02447,2.20247,0.99625,0.05104,-0.06979,0.00194,1.48632,0.00382,0.20945
23695000000,15.31888,-0.02551,2.21659,0.99626,0.05094,-0.06972,0.00186,1.48770,0.00217,0.21133
23728000000,15.36825,-0.02530,2.22347,0.99626,0.05099,-0.06972,0.00183,1.48775,0.00261,0.21112
23761000000,15.41686,-0.02628,2.23065,0.99627,0.05094,-0.06968,0.00178,1.48865,0.00033,0.21171
23827000000,15.51511,-0.02588,2.24458,0.99627,0.05099,-0.06965,0.00185,1.48955,0.00141,0.21121
23926000000,15.66247,-0.02552,2.26563,0.99627,0.05100,-0.06961,0.00178,1.48750,0.00259,0.21273
23992000000,15.75962,-0.02675,2.27964,0.99626,0.05105,-0.06963,0.00176,1.48813,0.00103,0.21297
24058000000,15.85694,-0.02799,2.29355,0.99625,0.05109,-0.06974,0.00177,1.48737,0.00007,0.21448
24157000000,16.00480,-0.02767,2.31467,0.99626,0.05109,-0.06973,0.00175,1.48819,0.00278,0.21374
24223000000,16.10294,-0.02943,2.32858,0.99625,0.05124,-0.06965,0.00175,1.48727,0.00005,0.21526
24256000000,16.15192,-0.03036,2.33545,0.99625,0.05123,-0.06969,0.00170,1.48725,-0.00030,0.21531
24322000000,16.25019,-0.03030,2.34949,0.99624,0.05129,-0.06976,0.00166,1.48739,-0.00123,0.21305
24355000000,16.29822,-0.03153,2.35605,0.99623,0.05146,-0.06980,0.00169,1.48655,-0.00266,0.21288
24388000000,16.34795,-0.03143,2.36311,0.99623,0.05148,-0.06980,0.00169,1.48786,-0.00275,0.21253
24454000000,16.44573,-0.03203,2.37690,0.99623,0.05156,-0.06976,0.00174,1.48789,-0.00323,0.21397
24520000000,16.54417,-0.03195,2.39135,0.99624,0.05147,-0.06967,0.00175,1.48660,-0.00182,0.21629
24553000000,16.59247,-0.03234,2.39815,0.99623,0.05154,-0.06975,0.00184,1.48705,-0.00254,0.21707
24619000000,16.69067,-0.03236,2.41246,0.99624,0.05155,-0.06967,0.00188,1.48797,-0.00256,0.21880
24718000000,16.83701,-0.03299,2.43320,0.99623,0.05170,-0.06969,0.00193,1.48743,-0.00269,0.21682
24784000000,16.93574,-0.03303,2.44754,0.99623,0.05167,-0.06970,0.00190,1.48810,-0.00175,0.21770
24850000000,17.03289,-0.03310,2.46104,0.99622,0.05182,-0.06973,0.00190,1.48774,-0.00239,0.21698
24916000000,17.12791,-0.03356,2.47428,0.99620,0.05206,-0.06981,0.00196,1.48335,-0.00175,0.21482
24982000000,17.22608,-0.03360,2.48789,0.99618,0.05227,-0.06991,0.00199,1.48492,-0.00065,0.21298
25048000000,17.32434,-0.03357,2.50213,0.99619,0.05215,-0.06987,0.00199,1.48724,0.00163,0.21488
25114000000,17.42348,-0.03388,2.51585,0.99618,0.05236,-0.06987,0.00198,1.48920,0.00107,0.21422
25180000000,17.52162,-0.03420,2.52980,0.99617,0.05247,-0.06987,0.00202,1.48880,0.00096,0.21341
25213000000,17.57134,-0.03487,2.53627,0.99616,0.05261,-0.06990,0.00203,1.48883,0.00194,0.21249
25279000000,17.66977,-0.03538,2.55002,0.99617,0.05268,-0.06980,0.00197,1.49146,0.00094,0.21234
25345000000,17.76855,-0.03559,2.56431,0.99617,0.05266,-0.06971,0.00195,1.49254,0.00214,0.21302
25378000000,17.81895,-0.03618,2.57122,0.99617,0.05271,-0.06975,0.00191,1.49345,0.00233,0.21272
25444000000,17.91756,-0.03643,2.58523,0.99617,0.05274,-0.06974,0.00187,1.49393,0.00406,0.21279
25510000000,18.01592,-0.03635,2.59921,0.99616,0.05283,-0.06979,0.00185,1.49372,0.00607,0.21333
25576000000,18.11405,-0.03654,2.61307,0.99615,0.05290,-0.06984,0.00180,1.49333,0.00567,0.21296
25642000000,18.20991,-0.03691,2.62644,0.99614,0.05304,-0.06989,0.00185,1.49102,0.00427,0.21034
25675000000,18.25725,-0.03728,2.63299,0.99613,0.05311,-0.06995,0.00186,1.48907,0.00365,0.20980
25741000000,18.35555,-0.03716,2.64680,0.99613,0.05309,-0.06999,0.00185,1.48964,0.00386,0.20805
25807000000,18.45208,-0.03739,2.66018,0.99613,0.05315,-0.06999,0.00184,1.48760,0.00211,0.20683
25873000000,18.54967,-0.03797,2.67380,0.99613,0.05314,-0.06993,0.00191,1.48998,-0.00006,0.20466
26005000000,18.74320,-0.03768,2.70055,0.99613,0.05316,-0.07004,0.00193,1.48887,0.00197,0.20212
26038000000,18.79419,-0.03781,2.70725,0.99613,0.05310,-0.06998,0.00189,1.49238,0.00233,0.20223
26137000000,18.94278,-0.03767,2.72731,0.99614,0.05301,-0.06996,0.00191,1.49277,0.00222,0.20203
26170000000,18.99333,-0.03754,2.73389,0.99614,0.05296,-0.07001,0.00190,1.49574,0.00324,0.20162
26269000000,19.13961,-0.03821,2.75384,0.99613,0.05305,-0.07002,0.00185,1.49442,0.00304,0.20177
26335000000,19.23778,-0.03790,2.76719,0.99614,0.05302,-0.07000,0.00180,1.49557,0.00536,0.19978
26368000000,19.28618,-0.03871,2.77426,0.99614,0.05295,-0.06998,0.00181,1.49512,0.00298,0.20024
26533000000,19.53257,-0.03794,2.80752,0.99614,0.05300,-0.07001,0.00189,1.50131,0.00530,0.19918
26632000000,19.68293,-0.03833,2.82766,0.99614,0.05304,-0.06988,0.00189,1.50429,0.00700,0.19881
26698000000,19.78200,-0.03891,2.84166,0.99614,0.05294,-0.06996,0.00184,1.50733,0.00538,0.20157
26764000000,19.88173,-0.03870,2.85506,0.99615,0.05292,-0.06990,0.00189,1.50947,0.00608,0.20135
26830000000,19.98015,-0.03977,2.86964,0.99617,0.05270,-0.06979,0.00176,1.50991,0.00488,0.20183
26896000000,20.07811,-0.04042,2.88403,0.99618,0.05251,-0.06975,0.00171,1.50825,0.00419,0.20244
26929000000,20.12795,-0.04088,2.89076,0.99618,0.05247,-0.06977,0.00173,1.50821,0.00337,0.20323
26962000000,20.17647,-0.04282,2.89858,0.99619,0.05234,-0.06974,0.00176,1.50794,0.00040,0.20511
27028000000,20.27588,-0.04287,2.91217,0.99619,0.05231,-0.06982,0.00172,1.50909,-0.00081,0.20584
27094000000,20.37193,-0.04434,2.92650,0.99618,0.05226,-0.06989,0.00172,1.50664,-0.00258,0.20621
27160000000,20.46959,-0.04530,2.94074,0.99619,0.05218,-0.06990,0.00166,1.50735,-0.00296,0.20701
27226000000,20.56985,-0.04550,2.95446,0.99619,0.05212,-0.06987,0.00164,1.50915,-0.00335,0.20559
27292000000,20.66827,-0.04625,2.96873,0.99620,0.05206,-0.06982,0.00162,1.50943,-0.00223,0.20691
27358000000,20.76595,-0.04633,2.98267,0.99619,0.05202,-0.06993,0.00164,1.50887,-0.00045,0.20679
27457000000,20.91551,-0.04648,3.00315,0.99620,0.05203,-0.06987,0.00159,1.50933,0.00004,0.20611
27556000000,21.06367,-0.04663,3.02399,0.99620,0.05198,-0.06988,0.00162,1.51119,0.00012,0.20908
27589000000,21.11150,-0.04647,3.03135,0.99620,0.05187,-0.06992,0.00166,1.50921,0.00101,0.20988
27688000000,21.25782,-0.04639,3.05233,0.99619,0.05196,-0.07006,0.00164,1.50864,0.00259,0.20977
27787000000,21.40825,-0.04644,3.07310,0.99620,0.05185,-0.07001,0.00168,1.51308,0.00268,0.20946
27886000000,21.55440,-0.04767,3.09383,0.99619,0.05188,-0.07012,0.00168,1.51094,0.00011,0.20833
27952000000,21.64982,-0.04826,3.10781,0.99619,0.05186,-0.07012,0.00159,1.50664,-0.00111,0.21034
28018000000,21.74588,-0.04876,3.12202,0.99617,0.05191,-0.07030,0.00161,1.50392,-0.00195,0.21208
28117000000,21.89228,-0.04980,3.14309,0.99617,0.05192,-0.07036,0.00166,1.50213,-0.00447,0.21289
28183000000,21.98851,-0.05107,3.15712,0.99616,0.05202,-0.07038,0.00166,1.49704,-0.00553,0.21291
28249000000,22.08471,-0.05221,3.17116,0.99616,0.05198,-0.07041,0.00158,1.49384,-0.00713,0.21478
28348000000,22.23087,-0.05322,3.19230,0.99615,0.05204,-0.07046,0.00151,1.49177,-0.00837,0.21327
28381000000,22.27848,-0.05346,3.19919,0.99615,0.05204,-0.07050,0.00156,1.49051,-0.00826,0.21374
28447000000,22.37470,-0.05415,3.21329,0.99615,0.05203,-0.07060,0.00155,1.48859,-0.00923,0.21501
28480000000,22.42430,-0.05429,3.22044,0.99615,0.05206,-0.07056,0.00149,1.48906,-0.00951,0.21509
28546000000,22.52048,-0.05520,3.23442,0.99614,0.05213,-0.07059,0.00148,1.48557,-0.01145,0.21566
28612000000,22.61918,-0.05592,3.24857,0.99613,0.05220,-0.07067,0.00141,1.48769,-0.01042,0.21574
28711000000,22.76464,-0.05657,3.26959,0.99612,0.05221,-0.07077,0.00146,1.48519,-0.01004,0.21506
28810000000,22.91039,-0.05742,3.29033,0.99612,0.05220,-0.07084,0.00144,1.48422,-0.01198,0.21441
28843000000,22.95812,-0.05755,3.29722,0.99612,0.05216,-0.07084,0.00143,1.48275,-0.01207,0.21482
28942000000,23.10397,-0.05855,3.31818,0.99612,0.05224,-0.07085,0.00143,1.48339,-0.01155,0.21496
28975000000,23.15349,-0.05922,3.32521,0.99612,0.05224,-0.07083,0.00137,1.48497,-0.01182,0.21425
29041000000,23.25089,-0.05952,3.33919,0.99611,0.05230,-0.07087,0.00134,1.48349,-0.01292,0.21545
29107000000,23.34887,-0.06064,3.35346,0.99612,0.05229,-0.07081,0.00130,1.48379,-0.01257,0.21571
29173000000,23.44651,-0.06091,3.36744,0.99612,0.05228,-0.07074,0.00134,1.48405,-0.01245,0.21608
29239000000,23.54334,-0.06171,3.38142,0.99612,0.05225,-0.07078,0.00132,1.48359,-0.01339,0.21488
29305000000,23.64035,-0.06240,3.39552,0.99612,0.05228,-0.07074,0.00126,1.48201,-0.01432,0.21600
29371000000,23.73752,-0.06292,3.40957,0.99612,0.05223,-0.07076,0.00115,1.48249,-0.01348,0.21630
29437000000,23.83441,-0.06319,3.42377,0.99612,0.05220,-0.07079,0.00106,1.48136,-0.01314,0.21510
29536000000,23.98002,-0.06414,3.44482,0.99612,0.05222,-0.07087,0.00105,1.47984,-0.01176,0.21437
29569000000,24.02750,-0.06413,3.45172,0.99611,0.05221,-0.07092,0.00105,1.47777,-0.01015,0.21323
29635000000,24.12478,-0.06468,3.46552,0.99611,0.05221,-0.07093,0.00104,1.47873,-0.01116,0.21312
29701000000,24.22239,-0.06555,3.47949,0.99611,0.05223,-0.07095,0.00102,1.47961,-0.01113,0.21179
29767000000,24.31945,-0.06596,3.49333,0.99611,0.05223,-0.07099,0.00107,1.47898,-0.01098,0.21300
29833000000,24.41640,-0.06629,3.50707,0.99611,0.05230,-0.07096,0.00105,1.47913,-0.01020,0.21325
29899000000,24.51401,-0.06657,3.52103,0.99611,0.05232,-0.07096,0.00109,1.47952,-0.00979,0.21251
29998000000,24.65999,-0.06750,3.54192,0.99610,0.05238,-0.07095,0.00116,1.48100,-0.00923,0.21485
30130000000,24.85495,-0.06825,3.56992,0.99610,0.05234,-0.07104,0.00117,1.48089,-0.00964,0.21556
30196000000,24.95306,-0.06872,3.58385,0.99610,0.05231,-0.07101,0.00121,1.48267,-0.00966,0.21492
30262000000,25.05094,-0.06902,3.59775,0.99610,0.05231,-0.07104,0.00120,1.48335,-0.00935,0.21550
30295000000,25.09926,-0.06917,3.60447,0.99610,0.05232,-0.07104,0.00123,1.48279,-0.00859,0.21595
30394000000,25.24610,-0.06983,3.62571,0.99610,0.05237,-0.07107,0.00114,1.48548,-0.00619,0.21789
30427000000,25.29512,-0.06996,3.63271,0.99610,0.05235,-0.07106,0.00111,1.48582,-0.00588,0.21813
30526000000,25.44193,-0.07057,3.65407,0.99609,0.05237,-0.07110,0.00118,1.48349,-0.00495,0.21956
30592000000,25.53903,-0.07100,3.66810,0.99609,0.05241,-0.07113,0.00114,1.48379,-0.00372,0.22021
30625000000,25.58768,-0.07108,3.67499,0.99608,0.05243,-0.07118,0.00117,1.48303,-0.00378,0.21989
30691000000,25.68520,-0.07165,3.68920,0.99608,0.05245,-0.07117,0.00125,1.48291,-0.00559,0.22018
30790000000,25.83251,-0.07178,3.71126,0.99608,0.05255,-0.07118,0.00119,1.48356,-0.00420,0.22320
30856000000,25.93221,-0.07121,3.72580,0.99608,0.05253,-0.07119,0.00109,1.48599,-0.00282,0.22332
30955000000,26.07619,-0.07228,3.74716,0.99607,0.05257,-0.07120,0.00113,1.48372,-0.00509,0.22445
30988000000,26.12459,-0.07230,3.75376,0.99607,0.05265,-0.07123,0.00113,1.48335,-0.00450,0.22276
31087000000,26.27165,-0.07266,3.77524,0.99607,0.05277,-0.07116,0.00099,1.48516,-0.00494,0.22463
31153000000,26.36979,-0.07250,3.78943,0.99607,0.05280,-0.07114,0.00097,1.48576,-0.00321,0.22383
31252000000,26.51639,-0.07367,3.81106,0.99607,0.05284,-0.07113,0.00090,1.48690,-0.00370,0.22508
31384000000,26.71107,-0.07425,3.84036,0.99606,0.05294,-0.07115,0.00094,1.48545,-0.00557,0.22507
31417000000,26.76140,-0.07468,3.84755,0.99606,0.05292,-0.07114,0.00094,1.48790,-0.00598,0.22477
31516000000,26.90912,-0.07538,3.86928,0.99607,0.05290,-0.07106,0.00094,1.48977,-0.00758,0.22298
31615000000,27.05622,-0.07677,3.89069,0.99607,0.05299,-0.07102,0.00099,1.48834,-0.00835,0.22375
31648000000,27.10545,-0.07744,3.89745,0.99606,0.05304,-0.07103,0.00103,1.48861,-0.00964,0.22226
31714000000,27.20362,-0.07849,3.91131,0.99606,0.05306,-0.07099,0.00102,1.49179,-0.00965,0.21977
31780000000,27.30167,-0.07923,3.92585,0.99606,0.05307,-0.07099,0.00104,1.49176,-0.00976,0.22098
31846000000,27.39942,-0.08046,3.93959,0.99605,0.05320,-0.07102,0.00097,1.49123,-0.01106,0.21942
31912000000,27.49634,-0.08154,3.95310,0.99604,0.05336,-0.07108,0.00095,1.48972,-0.01042,0.21867
32011000000,27.64297,-0.08264,3.97406,0.99604,0.05341,-0.07111,0.00098,1.48863,-0.01030,0.21903
32110000000,27.78969,-0.08420,3.99523,0.99603,0.05350,-0.07111,0.00105,1.48784,-0.01349,0.22090
32176000000,27.88722,-0.08541,4.00928,0.99603,0.05356,-0.07116,0.00112,1.48694,-0.01494,0.22068
32242000000,27.98416,-0.08660,4.02337,0.99603,0.05361,-0.07112,0.00108,1.48430,-0.01796,0.22036
32275000000,28.03149,-0.08693,4.03007,0.99603,0.05360,-0.07110,0.00103,1.48161,-0.01678,0.21929
32374000000,28.17705,-0.08832,4.05146,0.99603,0.05357,-0.07113,0.00097,1.48099,-0.01646,0.22050
32440000000,28.27449,-0.08910,4.06576,0.99602,0.05359,-0.07119,0.00090,1.48038,-0.01627,0.22260
32539000000,28.42046,-0.09058,4.08737,0.99602,0.05360,-0.07122,0.00083,1.47921,-0.01739,0.22267
32605000000,28.51709,-0.09107,4.10145,0.99601,0.05358,-0.07130,0.00082,1.47772,-0.01544,0.22087
32671000000,28.61394,-0.09136,4.11534,0.99601,0.05362,-0.07134,0.00079,1.47636,-0.01379,0.21698
32737000000,28.71054,-0.09149,4.12895,0.99601,0.05363,-0.07134,0.00071,1.47356,-0.01306,0.21564
32803000000,28.80734,-0.09140,4.14264,0.99601,0.05360,-0.07135,0.00069,1.47255,-0.01115,0.21366
32869000000,28.90438,-0.09141,4.15634,0.99601,0.05358,-0.07139,0.00066,1.47202,-0.01121,0.21229
32935000000,29.00149,-0.09130,4.17010,0.99601,0.05360,-0.07139,0.00063,1.47189,-0.00783,0.21205
33001000000,29.09863,-0.09135,4.18351,0.99600,0.05363,-0.07143,0.00059,1.47343,-0.00625,0.21030
33067000000,29.19632,-0.09125,4.19703,0.99601,0.05361,-0.07141,0.00061,1.47479,-0.00394,0.21007
33133000000,29.29400,-0.09126,4.21089,0.99600,0.05366,-0.07149,0.00059,1.47566,-0.00363,0.21100
33199000000,29.39255,-0.09123,4.22488,0.99600,0.05364,-0.07145,0.00058,1.47807,-0.00236,0.21093
33265000000,29.49075,-0.09146,4.23884,0.99600,0.05368,-0.07143,0.00063,1.47802,-0.00317,0.21118
33298000000,29.53981,-0.09195,4.24592,0.99600,0.05370,-0.07137,0.00058,1.47992,-0.00479,0.21270
33397000000,29.68631,-0.09266,4.26715,0.99601,0.05370,-0.07131,0.00071,1.47958,-0.00497,0.21402
33463000000,29.78366,-0.09339,4.28123,0.99601,0.05367,-0.07131,0.00064,1.47979,-0.00534,0.21436
33529000000,29.88101,-0.09409,4.29536,0.99600,0.05368,-0.07137,0.00062,1.47950,-0.00615,0.21401
33628000000,30.02732,-0.09513,4.31661,0.99601,0.05365,-0.07130,0.00067,1.47958,-0.00777,0.21245
33694000000,30.12490,-0.09590,4.33071,0.99601,0.05365,-0.07137,0.00066,1.48067,-0.00870,0.21306
33760000000,30.22226,-0.09659,4.34475,0.99600,0.05367,-0.07142,0.00060,1.47919,-0.00873,0.21322
33826000000,30.31968,-0.09758,4.35888,0.99600,0.05371,-0.07141,0.00057,1.47934,-0.00927,0.21443
33925000000,30.46581,-0.09871,4.38008,0.99600,0.05376,-0.07143,0.00062,1.47971,-0.00908,0.21649
34024000000,30.61241,-0.09970,4.40130,0.99600,0.05376,-0.07143,0.00054,1.47975,-0.00990,0.21500
34123000000,30.75867,-0.10057,4.42226,0.99600,0.05377,-0.07141,0.00055,1.47959,-0.00865,0.21354
34189000000,30.85629,-0.10113,4.43615,0.99600,0.05374,-0.07144,0.00060,1.48153,-0.00760,0.21328
34255000000,30.95419,-0.10158,4.45010,0.99600,0.05370,-0.07142,0.00061,1.48062,-0.00660,0.21284
34354000000,31.10161,-0.10237,4.47138,0.99600,0.05370,-0.07141,0.00054,1.48356,-0.00617,0.21450
34420000000,31.19975,-0.10285,4.48550,0.99600,0.05371,-0.07139,0.00051,1.48422,-0.00557,0.21539
34486000000,31.29782,-0.10295,4.49984,0.99600,0.05370,-0.07138,0.00043,1.48594,-0.00481,0.21643
34552000000,31.39566,-0.10337,4.51427,0.99600,0.05370,-0.07135,0.00045,1.48665,-0.00291,0.21568
34585000000,31.44404,-0.10358,4.52144,0.99600,0.05374,-0.07138,0.00045,1.48474,-0.00239,0.21611
34684000000,31.59117,-0.10391,4.54284,0.99600,0.05372,-0.07142,0.00049,1.48564,-0.00265,0.21606
34750000000,31.68875,-0.10438,4.55701,0.99599,0.05380,-0.07149,0.00051,1.48542,-0.00160,0.21653
34849000000,31.83618,-0.10485,4.57847,0.99600,0.05366,-0.07141,0.00049,1.48480,-0.00034,0.21778
34915000000,31.93474,-0.10528,4.59269,0.99600,0.05366,-0.07142,0.00045,1.48561,-0.00163,0.21788
34948000000,31.98422,-0.10566,4.59973,0.99600,0.05370,-0.07144,0.00041,1.48729,-0.00220,0.21852
35047000000,32.13186,-0.10628,4.62109,0.99600,0.05376,-0.07138,0.00040,1.48967,0.00048,0.21645
35179000000,32.32804,-0.10541,4.64958,0.99600,0.05369,-0.07141,0.00028,1.49137,0.00465,0.21544
35278000000,32.47798,-0.10446,4.67102,0.99601,0.05368,-0.07129,0.00019,1.49528,0.00514,0.21624
35344000000,32.57527,-0.10492,4.68512,0.99600,0.05374,-0.07135,0.00018,1.49384,0.00352,0.21684
35443000000,32.72290,-0.10485,4.70627,0.99600,0.05380,-0.07135,0.00014,1.49483,0.00449,0.21561
35509000000,32.82018,-0.10531,4.71994,0.99599,0.05393,-0.07140,0.00013,1.49403,0.00406,0.21508
35575000000,32.91878,-0.10563,4.73405,0.99598,0.05399,-0.07147,0.00017,1.49574,0.00346,0.21576
35674000000,33.06563,-0.10639,4.75524,0.99598,0.05408,-0.07146,0.00014,1.49303,0.00121,0.21517
35740000000,33.16442,-0.10720,4.76929,0.99598,0.05409,-0.07142,0.00017,1.49316,-0.00017,0.21428
35839000000,33.31172,-0.10799,4.79066,0.99597,0.05416,-0.07142,0.00016,1.49272,-0.00201,0.21624
35905000000,33.40915,-0.10910,4.80486,0.99597,0.05423,-0.07147,0.00011,1.49231,-0.00184,0.21484
36004000000,33.55604,-0.10986,4.82575,0.99595,0.05434,-0.07157,0.00004,1.49150,-0.00181,0.21356
36070000000,33.65341,-0.11095,4.83944,0.99595,0.05441,-0.07159,0.00013,1.49104,-0.00146,0.21410
36103000000,33.70097,-0.11191,4.84623,0.99594,0.05446,-0.07161,0.00013,1.48892,-0.00199,0.21427
36235000000,33.89522,-0.11288,4.87440,0.99594,0.05447,-0.07162,0.00013,1.48522,-0.00356,0.21538
36301000000,33.99362,-0.11349,4.88849,0.99594,0.05451,-0.07158,0.00011,1.48670,-0.00539,0.21467
36334000000,34.04295,-0.11420,4.89556,0.99595,0.05456,-0.07152,0.00010,1.48874,-0.00757,0.21444
36400000000,34.14102,-0.11547,4.90958,0.99594,0.05467,-0.07146,0.00012,1.49088,-0.01002,0.21448
36466000000,34.23939,-0.11589,4.92388,0.99595,0.05468,-0.07141,0.00020,1.49264,-0.00997,0.21488
36532000000,34.33757,-0.11712,4.93814,0.99595,0.05465,-0.07142,0.00018,1.49215,-0.01051,0.21500
36598000000,34.43495,-0.11811,4.95228,0.99594,0.05469,-0.07144,0.00019,1.49193,-0.01148,0.21396
36664000000,34.53228,-0.11921,4.96643,0.99594,0.05468,-0.07148,0.00019,1.49285,-0.01401,0.21364
36730000000,34.62976,-0.12034,4.98056,0.99593,0.05477,-0.07157,0.00018,1.48990,-0.01463,0.21156
36796000000,34.72723,-0.12115,4.99465,0.99593,0.05477,-0.07163,0.00014,1.49028,-0.01463,0.21025
36862000000,34.82512,-0.12223,5.00873,0.99592,0.05482,-0.07164,0.00016,1.49229,-0.01389,0.21008
36928000000,34.92318,-0.12304,5.02289,0.99592,0.05488,-0.07169,0.00019,1.49190,-0.01540,0.20988
36994000000,35.02118,-0.12345,5.03707,0.99592,0.05479,-0.07165,0.00015,1.49162,-0.01355,0.21092
37027000000,35.07066,-0.12358,5.04434,0.99592,0.05477,-0.07168,0.00013,1.49221,-0.01350,0.21083
37126000000,35.21886,-0.12477,5.06537,0.99593,0.05473,-0.07155,0.00009,1.49475,-0.01330,0.21200
37225000000,35.36745,-0.12607,5.08657,0.99594,0.05466,-0.07150,0.00007,1.49539,-0.01450,0.21130
37291000000,35.46515,-0.12700,5.10088,0.99594,0.05466,-0.07159,0.00009,1.49523,-0.01510,0.21132
37324000000,35.51317,-0.12746,5.10823,0.99593,0.05466,-0.07162,0.00004,1.49304,-0.01600,0.21292
37423000000,35.65904,-0.12910,5.12951,0.99592,0.05477,-0.07177,0.00005,1.48987,-0.01848,0.21275
37522000000,35.80519,-0.13095,5.15079,0.99591,0.05481,-0.07179,0.00007,1.48863,-0.01682,0.21425
37621000000,35.95123,-0.13263,5.17227,0.99591,0.05476,-0.07182,0.00005,1.47792,-0.01895,0.21270
37720000000,36.09375,-0.13444,5.19321,0.99592,0.05467,-0.07179,-0.00039,1.42902,-0.02974,0.20539
37786000000,36.18646,-0.13623,5.20680,0.99591,0.05476,-0.07179,-0.00126,1.40992,-0.04242,0.20084
37852000000,36.27755,-0.13919,5.21998,0.99590,0.05487,-0.07181,-0.00298,1.37988,-0.06265,0.19456
37918000000,36.36652,-0.14368,5.23250,0.99589,0.05505,-0.07164,-0.00579,1.35212,-0.09001,0.18642
38017000000,36.49743,-0.15474,5.25030,0.99583,0.05554,-0.07137,-0.01241,1.32429,-0.14402,0.17531
38083000000,36.58389,-0.16514,5.26181,0.99573,0.05598,-0.07102,-0.01862,1.30455,-0.18663,0.16677
38149000000,36.66857,-0.17870,5.27249,0.99556,0.05643,-0.07054,-0.02649,1.27591,-0.23589,0.15774
38215000000,36.75155,-0.19562,5.28257,0.99527,0.05707,-0.06988,-0.03606,1.24903,-0.29414,0.14666
38281000000,36.83286,-0.21651,5.29168,0.99479,0.05780,-0.06912,-0.04760,1.22819,-0.35996,0.13461
38380000000,36.95299,-0.25692,5.30380,0.99357,0.05902,-0.06764,-0.06902,1.20422,-0.47844,0.11792
38479000000,37.07210,-0.31002,5.31384,0.99136,0.06051,-0.06538,-0.09632,1.18772,-0.62295,0.09657
38545000000,37.15085,-0.35338,5.31879,0.98909,0.06145,-0.06321,-0.11802,1.18456,-0.73473,0.08032
38677000000,37.30855,-0.46722,5.32579,0.98147,0.06424,-0.05877,-0.17067,1.18568,-1.01993,0.04514
38776000000,37.42411,-0.58114,5.32824,0.97164,0.06707,-0.05517,-0.21994,1.17400,-1.30136,0.01020
38842000000,37.50115,-0.67316,5.32723,0.96230,0.06883,-0.05192,-0.25796,1.14600,-1.50818,-0.01835
38908000000,37.57372,-0.77494,5.32386,0.95119,0.07040,-0.04834,-0.29656,1.04520,-1.62439,-0.04557
38974000000,37.63790,-0.88410,5.31926,0.93905,0.07152,-0.04498,-0.33323,0.95187,-1.73928,-0.07119
39040000000,37.69710,-0.99951,5.31314,0.92641,0.07227,-0.04179,-0.36715,0.90794,-1.81420,-0.08481
39139000000,37.78424,-1.18408,5.30270,0.90827,0.07355,-0.03772,-0.41015,0.84188,-1.96600,-0.11120
39205000000,37.83949,-1.31593,5.29400,0.89649,0.07424,-0.03511,-0.43539,0.80723,-2.07503,-0.12843
39271000000,37.89103,-1.45581,5.28540,0.88522,0.07486,-0.03307,-0.45791,0.78240,-2.18780,-0.14203
39337000000,37.94147,-1.60250,5.27556,0.87473,0.07525,-0.03126,-0.47771,0.76684,-2.30018,-0.15564
39403000000,37.98733,-1.75738,5.26672,0.86520,0.07534,-0.03036,-0.49480,0.75035,-2.41197,-0.16414
39469000000,38.03631,-1.91881,5.25521,0.85608,0.07572,-0.02878,-0.51046,0.73736,-2.51844,-0.17996
39535000000,38.08643,-2.08879,5.24243,0.84715,0.07632,-0.02732,-0.52513,0.72705,-2.62930,-0.19449
39601000000,38.13281,-2.26707,5.22956,0.83848,0.07677,-0.02624,-0.53886,0.71161,-2.74742,-0.20782
39700000000,38.20135,-2.54979,5.20798,0.82594,0.07753,-0.02472,-0.55786,0.68675,-2.92516,-0.23128
39766000000,38.24563,-2.74564,5.19253,0.81793,0.07781,-0.02359,-0.56954,0.67184,-3.04041,-0.24496
39865000000,38.31179,-3.05511,5.16736,0.80640,0.07823,-0.02197,-0.58576,0.65036,-3.21905,-0.26636
39931000000,38.35171,-3.27569,5.14914,0.79900,0.07874,-0.02139,-0.59576,0.62740,-3.34932,-0.28346
39997000000,38.38703,-3.50135,5.13120,0.79194,0.07878,-0.02098,-0.60514,0.59881,-3.47453,-0.29586
40096000000,38.44062,-3.85057,5.10202,0.78130,0.07881,-0.01970,-0.61885,0.55115,-3.62844,-0.31741
40162000000,38.46506,-4.10083,5.08143,0.77370,0.07928,-0.01961,-0.62827,0.49045,-3.74766,-0.33451
40228000000,38.48806,-4.35470,5.05919,0.76482,0.07963,-0.01890,-0.63902,0.38539,-3.88019,-0.36033
40327000000,38.50556,-4.75165,5.02385,0.74948,0.07994,-0.01807,-0.65694,0.30366,-4.08755,-0.38396
40393000000,38.51519,-5.02489,4.99995,0.74090,0.07988,-0.01748,-0.66662,0.25652,-4.25075,-0.40196
40459000000,38.53024,-5.31316,4.97225,0.73255,0.08016,-0.01651,-0.67577,0.21323,-4.42722,-0.42534
40525000000,38.51613,-5.61087,4.94673,0.72462,0.08001,-0.01690,-0.68428,0.12647,-4.56981,-0.44033
40624000000,38.52054,-6.07538,4.90196,0.71318,0.08031,-0.01580,-0.69618,0.05300,-4.78646,-0.46989
40723000000,38.52218,-6.58307,4.84733,0.70246,0.08141,-0.01501,-0.70690,-0.00998,-5.06917,-0.51264
40756000000,38.50532,-6.72973,4.83852,0.69923,0.08056,-0.01497,-0.71019,-0.05224,-5.11475,-0.50839
40855000000,38.47406,-7.24984,4.78813,0.69103,0.08063,-0.01492,-0.71816,-0.13315,-5.36141,-0.53557
40954000000,38.47642,-7.79803,4.72954,0.68577,0.08100,-0.01373,-0.72317,-0.12564,-5.62715,-0.56734
41086000000,38.42860,-8.55545,4.65875,0.68509,0.08060,-0.01448,-0.72384,-0.15274,-5.95339,-0.58666
41185000000,38.33379,-9.19331,4.59620,0.69014,0.08107,-0.01763,-0.71891,-0.22531,-6.25655,-0.60711
41251000000,38.42851,-9.53653,4.56403,0.69652,0.07942,-0.01512,-0.71297,-0.00697,-6.31283,-0.59999
41350000000,38.34288,-10.22406,4.49877,0.71075,0.07996,-0.01923,-0.69862,-0.02241,-6.56312,-0.60877
41383000000,38.23892,-10.51070,4.46905,0.71671,0.08086,-0.02296,-0.69229,-0.14217,-6.69319,-0.62048
41449000000,38.45451,-10.73605,4.46356,0.73013,0.07631,-0.01793,-0.67880,0.25863,-6.45242,-0.56819
41515000000,38.42332,-11.16031,4.43387,0.74409,0.07567,-0.02059,-0.66346,0.24133,-6.50963,-0.55531
41614000000,38.41688,-11.86165,4.36910,0.76465,0.07582,-0.02398,-0.63953,0.25735,-6.68085,-0.56685
41680000000,38.56279,-12.01356,4.39379,0.77796,0.07010,-0.02106,-0.62404,0.46406,-6.34420,-0.48744
41746000000,38.35800,-12.90497,4.25590,0.78679,0.07766,-0.03012,-0.61157,0.07082,-7.13094,-0.64840
41812000000,38.68137,-12.77730,4.33711,0.79598,0.06648,-0.02024,-0.60133,0.58165,-6.27540,-0.46740
41911000000,38.58266,-13.65253,4.24960,0.80474,0.07045,-0.02585,-0.58886,0.33137,-6.77971,-0.54102
41977000000,38.63611,-13.97798,4.24262,0.80913,0.06790,-0.02491,-0.58316,0.36261,-6.67910,-0.50563
42109000000,39.00605,-14.22160,4.29387,0.81305,0.05759,-0.01539,-0.57914,0.77766,-5.90579,-0.35056
42175000000,39.03195,-14.64255,4.26697,0.81169,0.05811,-0.01568,-0.58098,0.70013,-6.03241,-0.36750
42241000000,38.86502,-15.50124,4.15520,0.80792,0.06470,-0.02146,-0.58534,0.34575,-6.76775,-0.50456
42307000000,39.01212,-15.89287,4.12006,0.80284,0.06423,-0.01873,-0.59243,0.45520,-6.78197,-0.51890
42373000000,38.92786,-16.35870,4.09649,0.79585,0.06439,-0.01985,-0.60173,0.21147,-6.90007,-0.52085
42439000000,39.01835,-16.71770,4.07929,0.78709,0.06333,-0.01704,-0.61334,0.23790,-6.84669,-0.51056
42505000000,38.94088,-17.20574,4.04495,0.77647,0.06392,-0.01760,-0.62666,0.01054,-6.97858,-0.52902
42571000000,38.86813,-17.71104,4.00463,0.76428,0.06466,-0.01775,-0.64139,-0.19084,-7.12817,-0.55379
42637000000,38.79083,-18.13092,3.98490,0.75119,0.06398,-0.01732,-0.65675,-0.38384,-7.17861,-0.54810
42736000000,38.86429,-18.72685,3.95315,0.73020,0.06293,-0.01294,-0.68021,-0.36553,-7.21641,-0.54036
42835000000,38.75173,-19.45944,3.89806,0.70727,0.06332,-0.01205,-0.70400,-0.62781,-7.44315,-0.57106
42934000000,38.60224,-20.26765,3.82534,0.68138,0.06429,-0.01123,-0.72901,-0.91796,-7.74491,-0.62686
43033000000,38.59044,-21.03297,3.76369,0.65247,0.06461,-0.00738,-0.75502,-0.93902,-7.92305,-0.65102
43099000000,38.33560,-21.26777,3.78822,0.63661,0.06078,-0.00889,-0.76873,-1.20364,-7.62512,-0.56269
43132000000,38.50586,-21.91968,3.67047,0.62885,0.06619,-0.00520,-0.77469,-0.93938,-8.25371,-0.71325
43198000000,38.37703,-22.33312,3.66066,0.61557,0.06454,-0.00495,-0.78542,-1.09742,-8.15202,-0.67166
43297000000,38.22752,-22.94964,3.64336,0.59844,0.06224,-0.00392,-0.79874,-1.22082,-8.01834,-0.61649
43363000000,38.06575,-23.29131,3.64659,0.58973,0.05997,-0.00452,-0.80536,-1.36078,-7.84551,-0.56311
43429000000,37.86573,-23.64174,3.64248,0.58357,0.05809,-0.00591,-0.80996,-1.53167,-7.70063,-0.52339
43528000000,37.92302,-24.87977,3.48566,0.57867,0.06329,-0.00209,-0.81310,-1.26517,-8.52381,-0.67719
43660000000,37.71202,-25.96725,3.40898,0.58274,0.06279,-0.00315,-0.81023,-1.30538,-8.70399,-0.67067
43726000000,37.64722,-26.53634,3.36815,0.58802,0.06265,-0.00329,-0.80641,-1.27798,-8.84938,-0.67542
43792000000,37.34290,-27.18624,3.29826,0.59338,0.06334,-0.00717,-0.80239,-1.61377,-9.09216,-0.72067
43858000000,37.63988,-28.13834,3.15909,0.59800,0.06660,-0.00226,-0.79872,-1.05931,-9.76790,-0.86434
43924000000,37.24197,-28.49212,3.18134,0.60303,0.06400,-0.00672,-0.79512,-1.53310,-9.51150,-0.76633
43990000000,37.28981,-29.22941,3.10899,0.60692,0.06487,-0.00497,-0.79209,-1.35989,-9.81751,-0.80941
44056000000,37.16450,-29.74287,3.09265,0.60963,0.06361,-0.00547,-0.79011,-1.49382,-9.73840,-0.77113
44122000000,37.02557,-30.49822,3.00830,0.60954,0.06465,-0.00624,-0.79009,-1.60446,-10.00949,-0.83015
44221000000,37.04157,-31.43237,2.94423,0.60954,0.06383,-0.00394,-0.79017,-1.41766,-10.11000,-0.82174
44287000000,36.87139,-32.20535,2.86231,0.61054,0.06488,-0.00502,-0.78930,-1.51000,-10.39424,-0.86705
44353000000,36.64879,-32.83824,2.81693,0.61349,0.06444,-0.00703,-0.78704,-1.72601,-10.43195,-0.85839
44452000000,36.50376,-33.88238,2.73210,0.61886,0.06440,-0.00704,-0.78282,-1.71301,-10.63551,-0.87243
44518000000,36.60526,-34.70326,2.64164,0.62331,0.06510,-0.00498,-0.77924,-1.40217,-10.94782,-0.92943
44551000000,36.52394,-35.01864,2.62397,0.62594,0.06473,-0.00560,-0.77716,-1.45560,-10.94493,-0.91331
44617000000,36.37777,-35.63798,2.59305,0.63211,0.06377,-0.00665,-0.77222,-1.52338,-10.92275,-0.87683
44683000000,36.19205,-36.51702,2.49313,0.63921,0.06519,-0.00854,-0.76622,-1.63964,-11.30350,-0.94537
44749000000,36.24213,-36.97606,2.50427,0.64777,0.06233,-0.00723,-0.75924,-1.37002,-11.00575,-0.83984
44848000000,36.04401,-38.22850,2.38018,0.66075,0.06360,-0.00918,-0.74785,-1.43606,-11.38524,-0.90483
44914000000,35.85084,-39.09885,2.29195,0.66951,0.06466,-0.01113,-0.73990,-1.58189,-11.63952,-0.95128
44980000000,35.79335,-39.75175,2.25761,0.67631,0.06343,-0.01109,-0.73380,-1.56522,-11.55053,-0.91921
45013000000,35.65240,-40.24113,2.19951,0.67908,0.06437,-0.01250,-0.73113,-1.71473,-11.75997,-0.96511
45112000000,35.74625,-41.17574,2.15956,0.68720,0.06182,-0.01003,-0.72376,-1.30533,-11.54806,-0.88762
45145000000,35.46784,-41.74496,2.08318,0.68955,0.06364,-0.01328,-0.72131,-1.70970,-11.91593,-0.97150
45211000000,35.41618,-42.31365,2.07976,0.69439,0.06181,-0.01253,-0.71683,-1.62414,-11.67988,-0.88291
45310000000,35.27026,-43.38799,2.01300,0.70072,0.06099,-0.01289,-0.71071,-1.61839,-11.71161,-0.86159
45376000000,35.25364,-44.40344,1.89011,0.70435,0.06242,-0.01291,-0.70698,-1.49127,-12.18517,-0.96726
45442000000,35.07125,-45.13271,1.84657,0.70803,0.06179,-0.01395,-0.70334,-1.63084,-12.17805,-0.94339
45508000000,34.89574,-45.99660,1.77001,0.71133,0.06216,-0.01497,-0.69995,-1.75147,-12.38049,-0.97438
45574000000,34.82882,-46.64325,1.75227,0.71444,0.06079,-0.01432,-0.69691,-1.68608,-12.21865,-0.90854
45640000000,34.89101,-47.41710,1.69734,0.71725,0.06016,-0.01284,-0.69410,-1.41991,-12.26909,-0.90827
45706000000,34.90832,-48.15569,1.64954,0.71989,0.05918,-0.01205,-0.69146,-1.25893,-12.26334,-0.89772
45805000000,34.49767,-49.50977,1.53371,0.72336,0.06055,-0.01519,-0.68764,-1.70605,-12.62408,-0.94895
45871000000,34.60353,-50.07630,1.53412,0.72565,0.05837,-0.01312,-0.68546,-1.39921,-12.33917,-0.86654
45937000000,34.53470,-50.80676,1.49782,0.72773,0.05767,-0.01300,-0.68331,-1.37493,-12.31640,-0.84229
46003000000,34.40290,-51.72284,1.41605,0.72952,0.05828,-0.01385,-0.68134,-1.44785,-12.57113,-0.88782
46069000000,34.08521,-52.77849,1.30336,0.73123,0.05982,-0.01647,-0.67930,-1.79644,-13.01011,-0.97480
46168000000,34.00156,-53.80819,1.27478,0.73371,0.05816,-0.01532,-0.67679,-1.67932,-12.78511,-0.88916
46234000000,34.09709,-54.48044,1.25284,0.73516,0.05657,-0.01349,-0.67539,-1.38979,-12.63524,-0.84282
46300000000,33.88539,-55.38977,1.18085,0.73653,0.05711,-0.01473,-0.67383,-1.57223,-12.84122,-0.87327
46366000000,33.88850,-56.34149,1.09433,0.73770,0.05732,-0.01417,-0.67254,-1.42556,-13.08752,-0.92069
46465000000,33.73148,-57.39464,1.06689,0.73952,0.05609,-0.01407,-0.67064,-1.46213,-12.89590,-0.84101
46564000000,33.63790,-58.62129,0.99636,0.74109,0.05558,-0.01376,-0.66896,-1.40509,-12.96493,-0.83102
46630000000,33.47369,-59.53814,0.92515,0.74199,0.05584,-0.01463,-0.66792,-1.51498,-13.13494,-0.86012
46696000000,33.39091,-60.50502,0.84402,0.74246,0.05625,-0.01471,-0.66736,-1.51049,-13.33962,-0.89841
46795000000,33.26399,-61.55719,0.82077,0.74217,0.05496,-0.01408,-0.66781,-1.52068,-13.09235,-0.82155
46861000000,33.19238,-62.44403,0.75851,0.74095,0.05495,-0.01385,-0.66916,-1.51125,-13.22726,-0.83968
46927000000,33.16258,-63.27304,0.71277,0.73960,0.05454,-0.01314,-0.67071,-1.43292,-13.29854,-0.83660
47026000000,32.99660,-64.63577,0.62055,0.73830,0.05464,-0.01328,-0.67212,-1.46943,-13.52128,-0.86030
47092000000,32.76171,-65.59068,0.55147,0.73788,0.05521,-0.01439,-0.67252,-1.66597,-13.69574,-0.88278
47158000000,32.78307,-66.36207,0.52267,0.73746,0.05423,-0.01323,-0.67308,-1.50281,-13.61498,-0.84963
47191000000,32.72234,-67.05980,0.42881,0.73716,0.05500,-0.01398,-0.67333,-1.52130,-14.01567,-0.94539
47257000000,32.71867,-67.39610,0.51314,0.73699,0.05256,-0.01224,-0.67374,-1.41101,-13.33926,-0.75816
47356000000,32.39498,-69.05417,0.35986,0.73636,0.05439,-0.01405,-0.67425,-1.66918,-13.91292,-0.86747
47422000000,32.32254,-69.97969,0.30088,0.73605,0.05423,-0.01379,-0.67461,-1.63231,-14.01487,-0.87625
47488000000,32.18172,-71.20647,0.16986,0.73569,0.05525,-0.01447,-0.67491,-1.68703,-14.50227,-0.97862
47521000000,32.32926,-71.37826,0.21025,0.73560,0.05352,-0.01231,-0.67519,-1.40198,-14.11310,-0.87728
47587000000,32.19006,-72.23416,0.16956,0.73534,0.05327,-0.01251,-0.67548,-1.48214,-14.09548,-0.85799
47653000000,32.05660,-73.11508,0.12544,0.73511,0.05316,-0.01273,-0.67574,-1.54656,-14.11640,-0.84712
47719000000,31.90815,-74.14077,0.04760,0.73484,0.05366,-0.01334,-0.67598,-1.62845,-14.34354,-0.88610
47785000000,31.99542,-74.91139,0.02758,0.73433,0.05215,-0.01144,-0.67669,-1.35780,-14.14947,-0.83430
47851000000,31.82134,-76.03332,-0.07122,0.73330,0.05317,-0.01240,-0.67771,-1.51448,-14.50578,-0.90671
47884000000,31.78551,-76.32652,-0.05525,0.73268,0.05239,-0.01187,-0.67845,-1.50791,-14.23696,-0.83439
47950000000,31.73109,-77.03204,-0.05587,0.73095,0.05125,-0.01103,-0.68042,-1.47026,-13.97316,-0.75954
48016000000,31.70295,-78.13994,-0.15348,0.72887,0.05152,-0.01071,-0.68262,-1.38213,-14.38901,-0.84100
48115000000,31.37141,-79.74315,-0.27501,0.72615,0.05292,-0.01228,-0.68539,-1.68953,-14.81908,-0.90854
48181000000,31.45196,-80.49952,-0.28466,0.72473,0.05125,-0.01033,-0.68705,-1.41585,-14.57912,-0.83836
48247000000,31.38802,-81.50652,-0.35074,0.72331,0.05126,-0.01015,-0.68855,-1.38765,-14.73213,-0.85887
48280000000,31.31229,-82.13066,-0.41365,0.72263,0.05167,-0.01072,-0.68922,-1.43920,-14.98199,-0.91319
48346000000,31.17461,-82.67601,-0.36371,0.72130,0.05057,-0.01011,-0.69070,-1.52923,-14.44759,-0.77008
48412000000,31.13175,-83.83473,-0.46494,0.71946,0.05093,-0.00993,-0.69259,-1.46847,-14.78985,-0.84346
48478000000,31.18155,-84.88022,-0.54389,0.71733,0.05029,-0.00900,-0.69485,-1.29008,-14.94428,-0.87993
48544000000,30.88013,-85.54310,-0.51608,0.71481,0.05051,-0.00956,-0.69743,-1.60563,-14.60230,-0.77885
48610000000,30.65773,-87.09449,-0.70087,0.71144,0.05273,-0.01062,-0.70068,-1.79179,-15.40378,-0.95361
48676000000,30.66686,-87.47049,-0.61831,0.70764,0.05044,-0.00907,-0.70471,-1.69203,-14.72606,-0.79096
48742000000,30.66977,-89.08111,-0.82361,0.70280,0.05161,-0.00871,-0.70946,-1.59716,-15.55587,-0.98131
48775000000,30.48423,-89.04897,-0.72020,0.70021,0.05095,-0.00851,-0.71206,-1.79060,-14.95540,-0.82774
48841000000,30.38785,-90.82948,-0.97190,0.69374,0.05236,-0.00924,-0.71826,-1.82024,-15.94454,-1.06584
48907000000,30.25376,-90.92721,-0.81122,0.68636,0.05055,-0.00771,-0.72547,-1.91203,-14.97929,-0.82181
48973000000,30.18828,-92.67827,-1.04386,0.67715,0.05212,-0.00731,-0.73396,-1.91306,-15.87017,-1.02556
49039000000,29.96612,-93.44544,-1.04795,0.66665,0.05187,-0.00697,-0.74353,-2.10835,-15.62656,-0.96338
49105000000,29.81382,-94.76062,-1.18696,0.65420,0.05238,-0.00683,-0.75447,-2.21443,-16.01403,-1.06172
49171000000,29.73889,-95.48453,-1.17222,0.63962,0.05175,-0.00474,-0.76694,-2.23958,-15.70659,-0.97559
49237000000,29.44096,-96.38265,-1.20579,0.62264,0.05213,-0.00438,-0.78076,-2.53550,-15.62178,-0.95357
49270000000,29.39571,-97.10979,-1.29072,0.61308,0.05238,-0.00391,-0.78827,-2.54956,-15.93702,-1.03208
49369000000,29.03181,-98.55580,-1.36701,0.58016,0.05240,-0.00261,-0.81281,-2.91648,-15.87171,-1.02297
49435000000,28.85658,-99.54056,-1.41320,0.55331,0.05241,-0.00025,-0.83133,-3.06485,-15.85359,-1.00899
49501000000,28.82988,-100.41922,-1.43065,0.52145,0.05101,0.00369,-0.85175,-2.98878,-15.65548,-0.94923
49567000000,28.70403,-101.75846,-1.55890,-0.48298,-0.05144,-0.00676,0.87410,-3.07844,-16.15032,-1.06552
49633000000,28.49085,-102.99079,-1.66789,-0.44140,-0.05167,-0.00919,0.89578,-3.21521,-16.35867,-1.13130
49732000000,27.97179,-104.39123,-1.74592,-0.37937,-0.05122,-0.01057,0.92377,-3.67570,-15.96924,-1.09076
49798000000,27.67795,-105.18546,-1.76447,-0.33874,-0.05015,-0.01210,0.93946,-3.85729,-15.54860,-1.01747
49831000000,27.49890,-105.55813,-1.76993,-0.31877,-0.04983,-0.01265,0.94644,-3.99033,-15.31345,-0.97843
49930000000,27.12634,-107.29443,-1.92802,-0.26315,-0.04916,-0.01499,0.96339,-4.07235,-15.67216,-1.07998
49996000000,26.82301,-107.86733,-1.89255,-0.22919,-0.04769,-0.01637,0.97207,-4.21776,-15.02187,-0.93651
50062000000,26.64624,-109.18782,-2.01078,-0.19666,-0.04739,-0.01986,0.97912,-4.17664,-15.52439,-1.02698
50128000000,26.38944,-110.24907,-2.08372,-0.16576,-0.04673,-0.02164,0.98482,-4.25793,-15.59552,-1.04386
50227000000,25.77507,-108.88160,-1.64268,-0.12257,-0.03933,-0.01242,0.99160,-4.61113,-11.45982,-0.28143
50293000000,25.64447,-112.55943,-2.20689,-0.09486,-0.04488,-0.02502,0.99416,-4.52839,-15.64176,-1.06130
50359000000,25.19126,-110.10474,-1.62703,-0.06923,-0.03684,-0.01248,0.99684,-4.74970,-10.69469,-0.14612
50458000000,24.76110,-111.81699,-1.76051,-0.03345,-0.03779,-0.01651,0.99859,-4.83574,-11.65150,-0.32434
50491000000,24.76743,-114.47537,-2.18935,-0.02253,-0.04120,-0.02676,0.99854,-4.70046,-15.06266,-0.95095
50524000000,24.52345,-115.46317,-2.31864,-0.01203,-0.04280,-0.02879,0.99860,-4.90245,-15.82034,-1.10306
50623000000,24.02909,-117.03100,-2.42810,0.01545,-0.04198,-0.02983,0.99855,-5.07761,-15.93141,-1.12339
50656000000,23.85870,-117.56616,-2.46702,0.02257,-0.04180,-0.03012,0.99842,-5.14225,-15.99455,-1.13375
50722000000,23.51593,-118.62044,-2.54140,0.03328,-0.04147,-0.03059,0.99812,-5.26522,-16.09639,-1.14987
50788000000,23.16266,-119.70065,-2.62087,0.03945,-0.04128,-0.03084,0.99789,-5.39832,-16.24541,-1.17323
50887000000,22.61925,-121.30246,-2.73474,0.03983,-0.04128,-0.03088,0.99788,-5.59970,-16.44008,-1.19752
50953000000,22.24350,-122.41006,-2.81815,0.03403,-0.04157,-0.03069,0.99808,-5.74447,-16.63967,-1.22339
51052000000,21.66410,-124.06001,-2.93822,0.01599,-0.04217,-0.02990,0.99854,-5.95865,-16.92910,-1.25374
51118000000,21.37975,-116.85887,-1.40687,-0.00095,-0.02531,0.00004,0.99968,-5.58854,-5.84617,0.97037
51184000000,21.07216,-112.92349,-0.54256,-0.02414,-0.01342,0.01658,0.99948,-5.33037,0.11714,2.11887
51250000000,21.07247,-123.17255,-2.32087,-0.05362,-0.03468,-0.01946,0.99777,-5.18674,-13.95296,-0.51723
51316000000,19.82151,-123.36316,-2.27941,-0.08697,-0.04072,-0.01187,0.99531,-6.37612,-13.18635,-0.41876
51382000000,19.76563,-125.85441,-2.58908,-0.12362,-0.04148,-0.01760,0.99131,-5.89158,-15.59334,-0.81757
51481000000,19.09343,-128.28835,-2.84495,-0.18096,-0.04465,-0.01745,0.98232,-5.96652,-16.97505,-1.04911
51514000000,18.47422,-127.91411,-2.74032,-0.20005,-0.04596,-0.01105,0.97864,-6.48873,-15.82815,-0.86044
51580000000,18.61729,-129.82709,-2.91328,-0.23717,-0.04462,-0.01525,0.97032,-5.71411,-17.13174,-1.02583
51613000000,17.93000,-130.09720,-2.94754,-0.25535,-0.04739,-0.00902,0.96564,-6.48242,-16.73012,-1.02006
51679000000,17.48701,-131.05086,-2.98615,-0.29007,-0.04738,-0.00652,0.95581,-6.48193,-16.61734,-0.97497
51745000000,17.26543,-132.50313,-3.08741,-0.32044,-0.04750,-0.00871,0.94604,-6.19163,-17.26423,-1.04391
51811000000,16.93862,-133.92426,-3.20577,-0.34449,-0.04792,-0.00908,0.93752,-6.11395,-17.78933,-1.13349
51877000000,16.08133,-132.13644,-2.77122,-0.36440,-0.04105,0.00794,0.93030,-6.83588,-13.01893,-0.29871
51976000000,15.58286,-134.81048,-3.04196,-0.39065,-0.04461,0.00264,0.91945,-6.61833,-15.29225,-0.67905
52141000000,15.10977,-139.03558,-3.41515,-0.42024,-0.04617,-0.00564,0.90622,-5.90558,-17.79915,-1.04929
52240000000,14.31545,-141.43888,-3.66073,-0.42806,-0.04873,-0.00577,0.90242,-6.31386,-18.78901,-1.25519
52306000000,13.62943,-143.31065,-3.90945,-0.42842,-0.05068,-0.00486,0.90214,-6.76820,-19.67630,-1.48072
52405000000,12.02588,-144.25734,-3.93425,-0.42298,-0.05239,0.00298,0.90462,-8.10063,-18.47825,-1.34637
52504000000,12.06591,-146.11198,-3.98297,-0.40987,-0.04961,-0.00314,0.91079,-7.28725,-18.57103,-1.26147
52603000000,11.70727,-148.35161,-4.14636,-0.38864,-0.04911,-0.00757,0.92005,-7.06214,-19.05348,-1.31920
52669000000,11.08804,-150.05008,-4.34660,-0.36982,-0.04996,-0.00834,0.92772,-7.36483,-19.54398,-1.45507
52735000000,9.84444,-148.85894,-4.04542,-0.34864,-0.04846,0.00145,0.93600,-8.33497,-16.72901,-1.02602
52768000000,9.95453,-146.06073,-3.43210,-0.33817,-0.04012,0.00874,0.94019,-7.90694,-12.80947,-0.28186
52834000000,9.86029,-145.54862,-3.10971,-0.31751,-0.03663,0.00772,0.94752,-7.47725,-11.15915,0.12198
52900000000,9.50581,-146.78611,-3.17879,-0.29750,-0.03737,0.00447,0.95398,-7.39381,-11.82822,0.01530
52966000000,8.80591,-149.19856,-3.53055,-0.27848,-0.04145,0.00066,0.95955,-7.81271,-14.13714,-0.48398
52999000000,8.31442,-148.88789,-3.44709,-0.26957,-0.04064,0.00555,0.96211,-8.20624,-12.97667,-0.34395
53065000000,7.95036,-150.02839,-3.48328,-0.25263,-0.04086,0.00167,0.96670,-8.03243,-13.43972,-0.36907
53131000000,7.73801,-148.82507,-3.05373,-0.23932,-0.03463,0.00546,0.97031,-7.52282,-10.12646,0.36843
53164000000,7.51373,-151.77026,-3.55185,-0.23486,-0.04037,-0.00459,0.97118,-7.53193,-14.94854,-0.55860
53230000000,6.44408,-152.82417,-3.68973,-0.22872,-0.04371,0.00085,0.97251,-8.67351,-15.11947,-0.75173
53263000000,6.95017,-154.83274,-3.85232,-0.22647,-0.04255,-0.01443,0.97298,-7.35457,-17.78455,-0.99228
53329000000,5.53196,-155.49952,-3.91813,-0.22173,-0.04808,-0.00627,0.97390,-9.05041,-16.95950,-1.00394
53395000000,5.77003,-157.86685,-4.12776,-0.21758,-0.04477,-0.01638,0.97488,-7.83647,-18.98699,-1.23538
53461000000,4.53746,-157.29708,-3.94388,-0.21344,-0.04639,-0.00581,0.97584,-8.97192,-16.33832,-0.85242
53626000000,3.44500,-158.69444,-3.79450,-0.20459,-0.04268,-0.00429,0.97791,-8.64099,-14.79434,-0.49364
53758000000,2.38099,-161.38457,-3.99548,-0.19834,-0.04300,-0.00679,0.97917,-8.70706,-15.78963,-0.66704
53857000000,1.82379,-159.39203,-3.32016,-0.19412,-0.03797,0.00002,0.98024,-8.41258,-11.75007,0.18401
53923000000,1.56299,-162.20937,-3.70245,-0.19066,-0.03864,-0.00529,0.98088,-8.18577,-14.04976,-0.25869
54022000000,0.30772,-164.17687,-3.89329,-0.17897,-0.04093,-0.00501,0.98299,-8.79662,-14.66231,-0.44518
54088000000,-0.34207,-159.78682,-2.90827,-0.16903,-0.03560,0.00770,0.98494,-8.86300,-8.86088,0.63971
54187000000,-0.17179,-158.10435,-2.28927,-0.15164,-0.02815,0.01008,0.98798,-7.75355,-6.06627,1.23561
54220000000,-0.90112,-156.46943,-2.00852,-0.14510,-0.02704,0.01782,0.98889,-8.29551,-3.89372,1.50520
54286000000,-0.62058,-156.75177,-1.78799,-0.13144,-0.02537,0.01344,0.99091,-7.40910,-3.89825,1.64657
54352000000,-1.45955,-160.45093,-2.33890,-0.11785,-0.03089,0.00555,0.99254,-7.96613,-7.85495,0.89216
54418000000,-2.25410,-161.94708,-2.49555,-0.10500,-0.03303,0.00365,0.99392,-8.42979,-9.11048,0.60966
54550000000,-3.18889,-165.62317,-2.82236,-0.08713,-0.03444,-0.00588,0.99558,-8.40279,-12.39212,0.07959
54616000000,-3.53348,-167.08625,-2.90725,-0.07964,-0.03374,-0.00911,0.99621,-8.19586,-13.29822,-0.04308
54682000000,-3.96494,-159.29683,-1.40604,-0.07250,-0.02348,0.01863,0.99692,-7.96051,-1.58505,1.97036
54715000000,-3.20384,-166.13550,-2.40542,-0.06916,-0.02660,-0.00586,0.99723,-6.77292,-10.41376,0.60998
54781000000,-4.90391,-160.59554,-1.44426,-0.06254,-0.02540,0.01949,0.99753,-8.42232,-1.97054,1.83579
54847000000,-5.07065,-171.00763,-3.02768,-0.05670,-0.03264,-0.01413,0.99776,-8.15704,-14.80960,-0.26728
54913000000,-5.93086,-161.61750,-1.32140,-0.05054,-0.02493,0.01895,0.99823,-8.45169,-1.88846,1.85810
54979000000,-5.87333,-172.06991,-2.88031,-0.04539,-0.03093,-0.01262,0.99841,-7.96420,-13.85406,-0.06355
55012000000,-8.05358,-167.88327,-2.27669,-0.04253,-0.03809,0.00817,0.99834,-10.35538,-8.02955,0.67829
55111000000,-7.30452,-175.03317,-3.12079,-0.03548,-0.03267,-0.01510,0.99872,-8.54413,-15.18746,-0.32840
55177000000,-7.41412,-162.22829,-0.76103,-0.03054,-0.02185,0.02008,0.99909,-7.85789,-0.30262,2.21352
55276000000,-8.36839,-165.71568,-1.10515,-0.02068,-0.02720,0.01199,0.99934,-8.15307,-3.83653,1.63968
55342000000,-8.57014,-163.86753,-0.62439,-0.01378,-0.02436,0.01620,0.99948,-7.81993,-1.61729,2.02314
55441000000,-9.29451,-175.34421,-2.31745,-0.00427,-0.02829,-0.01223,0.99952,-8.06582,-13.06226,0.13581
55474000000,-9.46780,-163.99573,-0.37316,-0.00136,-0.02175,0.02023,0.99956,-7.80423,0.08926,2.27003
55507000000,-10.25192,-171.39829,-1.53499,0.00138,-0.02996,-0.00139,0.99955,-8.62372,-9.12369,0.75053
55573000000,-10.30532,-175.23205,-1.98034,0.00648,-0.02768,-0.01218,0.99952,-8.12354,-12.88573,0.18280
55606000000,-11.72441,-169.75083,-1.15930,0.00935,-0.03011,0.01101,0.99944,-9.51136,-5.50448,1.18413
55705000000,-11.54337,-167.08330,-0.36430,0.01630,-0.02447,0.01636,0.99943,-8.08331,-1.35706,2.05379
55738000000,-11.83444,-169.45581,-0.64905,0.01837,-0.02658,0.00805,0.99945,-8.18185,-4.63308,1.56360
55804000000,-12.32925,-176.00335,-1.58334,0.02220,-0.02718,-0.01197,0.99931,-8.26299,-12.71867,0.23229
55870000000,-12.92455,-176.98071,-1.59544,0.02601,-0.02746,-0.01238,0.99921,-8.39974,-12.93176,0.19364
55936000000,-13.02657,-167.99095,0.03204,0.02993,-0.02159,0.01961,0.99913,-7.69586,0.33868,2.35274
56002000000,-13.96160,-178.44474,-1.52125,0.03301,-0.02709,-0.01209,0.99901,-8.43625,-12.68488,0.25074
56035000000,-13.96162,-170.80145,-0.16902,0.03499,-0.02361,0.01401,0.99901,-7.96717,-1.81235,2.05004
56101000000,-14.81523,-179.74770,-1.50510,0.03769,-0.02708,-0.01227,0.99885,-8.55770,-12.78498,0.23654
56167000000,-15.18978,-169.48419,0.24020,0.04080,-0.02237,0.02271,0.99866,-8.20891,1.02470,2.36211
56233000000,-15.95219,-181.41797,-1.47093,0.04305,-0.02704,-0.01234,0.99863,-8.69546,-12.81955,0.23453
56299000000,-16.04774,-171.00622,0.35436,0.04594,-0.02229,0.02055,0.99848,-8.01284,0.64379,2.37655
56365000000,-16.99276,-182.78685,-1.37474,0.04787,-0.02644,-0.01190,0.99843,-8.70090,-12.51470,0.30284
56398000000,-19.40070,-175.79586,-0.47183,0.04919,-0.03505,0.01619,0.99804,-11.12166,-3.91576,1.31402
56464000000,-17.75925,-183.51302,-1.25043,0.05104,-0.02619,-0.01074,0.99830,-8.72261,-12.00665,0.39969
56563000000,-19.66301,-180.01529,-0.55213,0.05329,-0.02999,0.00346,0.99812,-9.89083,-7.14869,1.07289
56629000000,-19.40756,-186.22478,-1.32295,0.05328,-0.02664,-0.01219,0.99815,-9.16019,-12.80852,0.25647
56695000000,-19.90613,-171.62084,0.93437,0.05249,-0.02243,0.02656,0.99802,-8.87030,1.84900,2.35404
56761000000,-20.38052,-187.23287,-1.15210,0.05031,-0.02605,-0.01092,0.99833,-9.00989,-12.30293,0.37818
56794000000,-22.15176,-179.52070,-0.03253,0.04952,-0.03036,0.01256,0.99823,-10.37252,-4.33599,1.44820
56860000000,-21.55336,-189.25698,-1.27361,0.04747,-0.02686,-0.01228,0.99844,-9.33872,-13.09157,0.23188
56893000000,-20.86565,-176.04964,0.95687,0.04719,-0.02209,0.01865,0.99847,-8.22619,-0.14833,2.32063
56992000000,-23.09271,-181.12366,0.27572,0.04518,-0.02864,0.00928,0.99853,-9.76969,-5.05426,1.44355
57058000000,-23.40832,-190.46023,-1.00048,0.04371,-0.02715,-0.01242,0.99860,-9.63097,-13.38214,0.18928
57091000000,-23.39148,-175.83246,1.20016,0.04362,-0.02267,0.02601,0.99845,-9.12153,1.37535,2.30934
57190000000,-24.72575,-192.37610,-1.00192,0.04161,-0.02723,-0.01273,0.99868,-9.81177,-13.58538,0.16337
57256000000,-26.13978,-182.08501,0.56167,0.04107,-0.02795,0.01724,0.99862,-10.47105,-2.95264,1.61853
57322000000,-26.86595,-182.65355,0.59795,0.04013,-0.02909,0.01653,0.99863,-10.58028,-3.31767,1.54947
57421000000,-27.12533,-194.19918,-0.77354,0.03842,-0.02735,-0.01282,0.99881,-10.06750,-13.69671,0.16290
57454000000,-29.49364,-185.35025,0.11527,0.03836,-0.03069,0.02006,0.99859,-11.99959,-4.51801,1.01131
57520000000,-29.93009,-183.73223,0.45754,0.03764,-0.02949,0.02488,0.99855,-11.66194,-2.44444,1.30193
57586000000,-28.99900,-194.74815,-0.54336,0.03641,-0.02705,-0.01219,0.99890,-10.12159,-13.46817,0.22382
57685000000,-31.10801,-186.81311,0.61863,0.03585,-0.02897,0.01717,0.99879,-11.27402,-3.81358,1.39124
57751000000,-30.75263,-197.13769,-0.53982,0.03489,-0.02727,-0.01243,0.99894,-10.37013,-13.71242,0.18367
57817000000,-32.76412,-191.92599,0.20614,0.03462,-0.03144,0.00681,0.99888,-11.72274,-7.53886,0.91223
57883000000,-33.34807,-187.22071,0.84202,0.03426,-0.02882,0.02316,0.99873,-11.54200,-2.27211,1.47971
57949000000,-32.69522,-198.83528,-0.33362,0.03286,-0.02701,-0.01122,0.99903,-10.41152,-13.21957,0.28931
58015000000,-34.42068,-190.81036,0.79986,0.03186,-0.02947,0.01559,0.99894,-11.45891,-4.24177,1.39654
58081000000,-34.23570,-201.01299,-0.37929,0.02973,-0.02753,-0.01176,0.99911,-10.69259,-13.71182,0.20694
58180000000,-36.08084,-191.86614,1.00869,0.02743,-0.02883,0.01683,0.99907,-11.40929,-3.74332,1.48646
58246000000,-35.99145,-188.10748,1.69252,0.02583,-0.02598,0.02594,0.99899,-10.59843,0.18246,2.04792
58279000000,-37.27046,-194.30953,0.86216,0.02496,-0.03056,0.01013,0.99917,-11.70532,-6.48825,1.09741
58345000000,-37.58866,-195.44478,0.96023,0.02347,-0.02964,0.00566,0.99927,-11.26887,-7.29852,1.12794
58411000000,-38.35996,-194.11237,1.25897,0.02231,-0.02932,0.01186,0.99925,-11.34630,-5.20500,1.38351
58510000000,-38.63741,-191.84680,1.88304,0.02057,-0.02642,0.01894,0.99926,-10.35246,-1.75253,1.98441
58543000000,-39.92099,-192.79023,1.63676,0.02004,-0.02911,0.02022,0.99917,-11.61202,-2.86648,1.58347
58576000000,-39.15683,-200.15604,0.90194,0.01918,-0.02503,-0.00801,0.99947,-10.27372,-11.94510,0.61866
58642000000,-40.39872,-192.48413,1.93460,0.01849,-0.02615,0.02550,0.99916,-11.01849,-0.52504,1.93839
58708000000,-41.72905,-193.54460,1.80001,0.01760,-0.02871,0.02482,0.99912,-11.97580,-1.99913,1.55389
58741000000,-40.83116,-199.35531,1.39106,0.01679,-0.02512,-0.00361,0.99954,-10.23019,-10.13447,0.91896
58807000000,-42.90702,-194.77242,1.87332,0.01618,-0.02906,0.02266,0.99919,-12.21936,-2.70741,1.50171
58906000000,-42.68290,-202.60077,1.29448,0.01452,-0.02501,-0.00798,0.99955,-10.58344,-12.13839,0.61148
58972000000,-44.87954,-200.20539,1.54987,0.01406,-0.03054,0.00778,0.99940,-12.56698,-7.99322,0.88498
59038000000,-45.26341,-194.67450,2.28180,0.01358,-0.02714,0.03038,0.99908,-12.00141,-0.13436,1.73888
59104000000,-44.81152,-203.95662,1.55911,0.01256,-0.02523,-0.00562,0.99959,-10.64423,-11.26992,0.75736
59137000000,-47.49434,-200.38542,1.72421,0.01234,-0.03276,0.01439,0.99928,-13.45175,-6.50093,0.91692
59203000000,-46.07916,-205.90541,1.48950,0.01160,-0.02548,-0.00750,0.99958,-10.98009,-12.22898,0.59551
59269000000,-48.66718,-201.90060,1.86181,0.01129,-0.03072,0.01257,0.99939,-13.08714,-6.84585,0.95722
59302000000,-47.53335,-205.13093,1.80301,0.01106,-0.02733,-0.00169,0.99956,-11.45543,-10.12925,0.86496
59368000000,-50.53852,-200.91219,1.98454,0.01041,-0.03279,0.02128,0.99918,-13.92087,-4.80276,0.98941
59434000000,-48.75052,-207.68621,1.76403,0.01007,-0.02630,-0.00487,0.99959,-11.28952,-11.39618,0.71254
59500000000,-50.68856,-199.36576,2.71587,0.00987,-0.02933,0.02600,0.99918,-12.57121,-1.59552,1.66529
59599000000,-50.48537,-210.07830,1.82238,0.00904,-0.02579,-0.00614,0.99961,-11.31664,-11.95394,0.65622
59665000000,-52.16600,-203.02409,2.79923,0.00882,-0.02935,0.01539,0.99941,-12.21691,-4.49842,1.52649
59731000000,-52.15682,-212.49495,1.76914,0.00832,-0.02606,-0.00759,0.99960,-11.60511,-12.75332,0.52948
59797000000,-54.11307,-203.39797,2.91166,0.00825,-0.02979,0.02053,0.99931,-12.73422,-3.29509,1.56185
59863000000,-53.67686,-213.92865,1.87407,0.00768,-0.02619,-0.00684,0.99960,-11.71984,-12.58309,0.55911
59962000000,-57.04121,-205.54841,2.84259,0.00747,-0.03241,0.02084,0.99923,-13.74044,-3.92092,1.35728
60028000000,-55.67364,-215.90854,1.97162,0.00711,-0.02648,-0.00650,0.99960,-11.92918,-12.56430,0.56088
60160000000,-58.29749,-205.54870,3.40233,0.00679,-0.02957,0.02263,0.99928,-12.84611,-2.60229,1.65869
60292000000,-59.17474,-205.07852,3.83299,0.00629,-0.02900,0.02336,0.99929,-12.28780,-1.90116,1.83105
60358000000,-60.94470,-214.84393,2.68039,0.00610,-0.02979,0.00217,0.99954,-13.21916,-10.09704,0.77215
60424000000,-60.26462,-218.30470,2.56719,0.00584,-0.02582,-0.00601,0.99963,-12.03800,-12.39469,0.64133
60457000000,-60.85868,-204.71123,4.18668,0.00558,-0.02811,0.02880,0.99917,-12.16478,-0.12706,2.00445
60490000000,-63.02317,-205.72345,3.46101,0.00554,-0.02682,0.03455,0.99903,-13.80659,-0.98078,1.27875
60589000000,-61.79462,-218.13208,3.01788,0.00558,-0.02510,-0.00424,0.99966,-11.77178,-11.52931,0.81966
60655000000,-64.56160,-212.96184,3.53765,0.00550,-0.03068,0.01357,0.99942,-13.58931,-6.18977,1.22565
60721000000,-65.97805,-212.21551,3.59688,0.00543,-0.03118,0.01889,0.99932,-14.15421,-5.03856,1.20284
60787000000,-64.46256,-219.56400,3.24812,0.00520,-0.02535,-0.00403,0.99966,-11.99519,-11.56056,0.81989
60853000000,-67.47152,-209.96432,3.94300,0.00524,-0.02894,0.03141,0.99907,-14.15899,-1.35934,1.42399
60919000000,-66.10527,-220.95650,3.36685,0.00497,-0.02565,-0.00351,0.99965,-12.16413,-11.48098,0.82648
60985000000,-68.99143,-215.29844,3.88647,0.00504,-0.03167,0.01830,0.99932,-14.29565,-4.98300,1.28414
61051000000,-67.73293,-222.50029,3.47028,0.00479,-0.02580,-0.00354,0.99965,-12.30413,-11.55110,0.81915
61117000000,-70.61224,-215.41034,4.12596,0.00485,-0.03121,0.02108,0.99928,-14.28921,-4.06253,1.37625
61216000000,-69.71450,-224.62073,3.58459,0.00462,-0.02555,-0.00394,0.99966,-12.40849,-11.78923,0.80133
61282000000,-71.81933,-211.83295,4.61879,0.00465,-0.02644,0.03689,0.99896,-13.57304,0.79207,1.67637
61315000000,-71.19898,-223.62732,3.91541,0.00471,-0.02726,0.00134,0.99962,-12.72096,-9.88245,1.02242
61414000000,-72.80523,-225.62418,3.83040,0.00448,-0.02723,-0.00050,0.99962,-13.15052,-10.89301,0.84409
61480000000,-73.06736,-227.36329,3.84276,0.00437,-0.02565,-0.00398,0.99965,-12.65823,-11.86005,0.80387
61546000000,-75.90299,-218.08134,4.67786,0.00450,-0.03038,0.02594,0.99919,-14.51229,-2.53530,1.50536
61579000000,-74.58440,-227.41790,4.03388,0.00435,-0.02670,-0.00107,0.99963,-12.98034,-10.88618,0.90312
61678000000,-78.67276,-221.68646,4.31546,0.00451,-0.03062,0.02220,0.99927,-15.47255,-4.89332,1.06000
61744000000,-76.48762,-230.44940,4.05480,0.00431,-0.02568,-0.00381,0.99965,-12.93175,-11.95600,0.79863
61810000000,-81.22102,-223.19020,4.10615,0.00444,-0.02974,0.02544,0.99922,-16.23015,-5.02536,0.78984
61876000000,-78.24853,-232.05021,4.14895,0.00433,-0.02579,-0.00360,0.99965,-13.09626,-12.01513,0.79111
61975000000,-83.51443,-226.35988,4.08383,0.00450,-0.02972,0.02235,0.99930,-16.42103,-6.23776,0.66543
62041000000,-80.43221,-234.10453,4.26631,0.00426,-0.02602,-0.00364,0.99965,-13.26663,-12.12037,0.77908
62074000000,-84.48275,-226.26542,4.40993,0.00437,-0.03042,0.02464,0.99922,-16.31002,-5.03032,0.86926
62173000000,-82.22763,-235.73013,4.35844,0.00416,-0.02614,-0.00351,0.99964,-13.42209,-12.18039,0.76858
62239000000,-86.89034,-229.05986,4.31713,0.00430,-0.02934,0.02370,0.99928,-16.54963,-5.90146,0.68564
62305000000,-84.04600,-237.36779,4.44794,0.00420,-0.02633,-0.00343,0.99964,-13.57936,-12.24291,0.75835
62404000000,-89.59165,-230.06472,4.28944,0.00426,-0.02798,0.02778,0.99921,-16.98631,-5.26107,0.56402
62470000000,-86.34243,-239.41582,4.56055,0.00416,-0.02641,-0.00328,0.99964,-13.77348,-12.31296,0.74929
62536000000,-91.02091,-230.24882,4.76970,0.00425,-0.02986,0.02915,0.99912,-16.88587,-3.95672,0.86692
62569000000,-87.99606,-240.08570,4.66434,0.00415,-0.02739,-0.00176,0.99961,-14.10000,-11.89720,0.77141
62602000000,-92.50120,-233.99096,4.20769,0.00425,-0.02743,0.02740,0.99924,-17.57757,-6.11787,0.34960
62668000000,-89.22213,-241.81551,4.68943,0.00413,-0.02680,-0.00287,0.99963,-14.05400,-12.38285,0.72722
62734000000,-93.61403,-235.48972,4.61463,0.00424,-0.02900,0.02443,0.99927,-17.07499,-6.07031,0.61401
62833000000,-91.57297,-243.95321,4.78946,0.00407,-0.02693,-0.00287,0.99962,-14.23099,-12.50848,0.71177
62932000000,-96.08741,-238.63131,4.99091,0.00419,-0.03165,0.01817,0.99932,-16.85675,-7.03881,0.81119
62998000000,-97.50399,-236.57389,5.20271,0.00413,-0.03219,0.02558,0.99915,-17.17951,-4.81305,0.94221
63064000000,-98.24044,-236.40301,5.37316,0.00408,-0.03194,0.02645,0.99913,-16.87295,-4.33312,1.04391
63130000000,-98.83720,-237.57371,5.52871,0.00398,-0.03258,0.02213,0.99922,-16.44965,-5.19378,1.12913
63163000000,-100.04999,-237.36418,5.29137,0.00398,-0.03030,0.02774,0.99915,-17.20738,-4.73533,0.82636
63229000000,-98.74792,-245.13413,5.20950,0.00368,-0.02747,-0.00176,0.99961,-14.78533,-12.55370,0.69272
63262000000,-101.58493,-239.50143,5.36057,0.00401,-0.03219,0.02541,0.99915,-17.59148,-5.27251,0.83815
63328000000,-100.29690,-246.26631,5.27854,0.00366,-0.02778,-0.00117,0.99961,-14.97092,-12.45923,0.69168
63361000000,-103.43290,-239.70840,5.34550,0.00386,-0.03196,0.03223,0.99896,-18.24544,-3.73370,0.73802
63427000000,-103.55694,-240.05933,5.67716,0.00391,-0.03168,0.02852,0.99908,-16.98124,-3.85982,1.08537
63460000000,-103.92156,-239.98652,5.78799,0.00390,-0.03212,0.02855,0.99907,-16.74362,-3.56936,1.18932
63526000000,-103.77060,-246.99155,5.48011,0.00347,-0.02802,-0.00030,0.99960,-15.20828,-12.34559,0.70078
63592000000,-104.63744,-248.06575,5.51606,0.00349,-0.02743,-0.00130,0.99962,-15.10734,-12.67359,0.68754
63658000000,-106.14344,-248.24503,5.55954,0.00346,-0.02908,0.00208,0.99957,-15.79880,-11.86811,0.68323
63724000000,-108.01666,-239.71130,5.87033,0.00377,-0.02581,0.04488,0.99865,-16.88467,0.23953,1.00967
63790000000,-108.11900,-249.45714,5.70407,0.00370,-0.02969,0.00331,0.99955,-15.79617,-11.47404,0.74635
63856000000,-110.02903,-249.53796,5.67867,0.00369,-0.03104,0.00751,0.99948,-16.89056,-10.66415,0.65591
63922000000,-109.88653,-252.06386,5.72550,0.00362,-0.02799,-0.00027,0.99960,-15.56738,-12.71796,0.66142
64021000000,-113.81301,-246.30165,6.06677,0.00384,-0.03467,0.02556,0.99906,-18.20531,-5.14092,0.94530
64120000000,-114.62053,-242.54235,6.41365,0.00396,-0.02954,0.04085,0.99872,-17.17294,-0.49245,1.20500
64186000000,-115.03786,-251.38304,6.17459,0.00470,-0.03172,0.01040,0.99943,-16.53982,-9.39132,0.90180
64252000000,-116.46544,-253.11236,6.04194,0.00564,-0.03080,0.00803,0.99948,-16.92243,-10.52777,0.70630
64318000000,-118.95903,-246.79898,6.26673,0.00770,-0.03208,0.03378,0.99888,-18.36358,-3.16224,0.87743
64384000000,-118.63930,-254.08755,6.22617,0.01113,-0.03201,0.00863,0.99939,-16.94634,-10.09343,0.79492
64450000000,-121.29154,-246.64753,6.36682,0.01552,-0.03055,0.03708,0.99872,-18.38357,-2.29633,0.86003
64516000000,-119.90413,-258.21034,6.15375,0.02130,-0.02871,0.00053,0.99936,-16.16145,-12.54303,0.63823
64582000000,-122.45156,-256.70462,6.19061,0.02895,-0.03196,0.00899,0.99903,-17.63137,-10.20779,0.63043
64648000000,-122.00094,-260.00299,6.22570,0.03831,-0.02856,-0.00035,0.99886,-16.19634,-12.60504,0.62844
64747000000,-124.95671,-247.06379,7.06388,0.05638,-0.03366,0.03991,0.99704,-17.49772,0.26956,1.26854
64813000000,-125.46106,-247.13565,7.04584,0.07095,-0.02950,0.04070,0.99621,-16.95831,0.30785,1.16523
64879000000,-127.00176,-254.91846,6.83112,0.08747,-0.03327,0.01368,0.99552,-17.52022,-7.49052,0.89800
64945000000,-128.67031,-254.58097,6.86136,0.10473,-0.03425,0.01624,0.99378,-18.12130,-6.56098,0.86017
65011000000,-129.97867,-254.24339,6.93247,0.12202,-0.03471,0.01903,0.99174,-18.32195,-5.62893,0.87085
65077000000,-129.65972,-248.56262,7.30820,0.13690,-0.03083,0.04177,0.98922,-16.57488,1.42475,1.20486
65143000000,-131.47340,-253.48292,7.24753,0.15038,-0.03433,0.01980,0.98783,-17.53795,-4.77315,1.05132
65176000000,-132.26826,-251.66571,7.34263,0.15621,-0.03592,0.02880,0.98665,-17.85785,-1.96605,1.12721
65242000000,-133.63024,-251.91281,7.29262,0.16605,-0.03417,0.03016,0.98506,-18.18109,-2.10826,0.93738
65341000000,-134.17805,-258.94919,7.25606,0.17475,-0.02844,-0.00136,0.98420,-16.62144,-11.33208,0.78059
65440000000,-138.15830,-254.44091,7.27965,0.17651,-0.03773,0.02374,0.98329,-19.70247,-4.06558,0.70281
65506000000,-138.53837,-256.57086,7.47256,0.17359,-0.03564,0.01393,0.98407,-18.55407,-6.62368,0.90070
65572000000,-138.31198,-260.92942,7.43118,0.16677,-0.02838,-0.00105,0.98559,-16.84427,-11.56205,0.77771
65638000000,-140.75434,-252.46159,7.73798,0.15892,-0.03615,0.03656,0.98595,-18.55254,-0.08807,1.08764
65704000000,-142.13669,-253.88063,7.60325,0.15062,-0.03208,0.03397,0.98749,-18.83801,-1.82357,0.83411
65803000000,-142.98439,-261.34134,7.65681,0.13866,-0.03120,0.00357,0.98984,-17.83131,-10.56230,0.79093
65869000000,-145.36747,-258.49677,7.72539,0.13168,-0.03463,0.01844,0.99052,-19.35162,-6.31485,0.81073
65968000000,-147.36037,-258.14782,7.83264,0.12506,-0.03476,0.02270,0.99128,-19.53454,-5.11117,0.83759
66034000000,-148.59121,-255.23953,7.90111,0.12357,-0.03305,0.03634,0.99112,-19.50700,-1.32368,0.85099
66100000000,-149.35905,-261.11722,7.92381,0.12179,-0.03376,0.01235,0.99190,-18.99695,-8.24816,0.81378
66166000000,-150.43504,-255.54437,8.18681,0.12065,-0.03339,0.03747,0.99143,-18.81149,-0.60759,1.06367
66232000000,-150.95098,-264.80466,7.96416,0.11884,-0.03004,0.00303,0.99245,-18.08847,-11.24216,0.73681
66331000000,-154.43899,-261.01227,7.97151,0.11402,-0.03303,0.02537,0.99261,-20.28118,-5.16931,0.65028
66397000000,-153.98834,-266.72566,8.07486,0.10882,-0.02996,0.00333,0.99360,-18.34881,-11.39691,0.71866
66463000000,-156.28216,-257.24618,8.07210,0.10368,-0.02743,0.04537,0.99320,-19.59937,0.43802,0.65378
66529000000,-156.77993,-267.43838,8.18240,0.09666,-0.03147,0.00678,0.99480,-18.91333,-10.60674,0.72714
66595000000,-159.26005,-265.55234,8.06318,0.08892,-0.03107,0.01859,0.99538,-20.29383,-7.83399,0.55067
66661000000,-160.56577,-266.14110,8.12119,0.08052,-0.03127,0.01854,0.99609,-20.31560,-7.93808,0.57464
66760000000,-162.85346,-262.12302,8.22444,0.06776,-0.02951,0.03651,0.99660,-20.63096,-2.74316,0.62300
66859000000,-164.20457,-268.39330,8.32402,0.05805,-0.03194,0.01505,0.99769,-20.02402,-8.98355,0.66166
66892000000,-165.71288,-265.53140,8.20234,0.05533,-0.02985,0.02900,0.99760,-20.96371,-5.44080,0.50490
66958000000,-167.10556,-265.96640,8.18915,0.04979,-0.02873,0.02956,0.99791,-21.03579,-5.50734,0.45324
67024000000,-166.34271,-272.20705,8.44532,0.04432,-0.02949,0.00645,0.99856,-18.94215,-11.65761,0.68221
67090000000,-169.68778,-266.71640,8.28381,0.03970,-0.02841,0.03270,0.99827,-21.26361,-4.65732,0.45715
67156000000,-168.89536,-273.72438,8.53217,0.03472,-0.02961,0.00699,0.99893,-19.11746,-11.66428,0.67864
67222000000,-170.62473,-274.36052,8.33895,0.03039,-0.02642,0.01072,0.99913,-19.69386,-11.50642,0.41146
67321000000,-171.88093,-275.80577,8.65593,0.02442,-0.02927,0.00680,0.99925,-19.09994,-11.85937,0.69495
67420000000,-175.85922,-271.51024,8.63066,0.01939,-0.03076,0.02796,0.99895,-21.39301,-5.96115,0.59233
67519000000,-176.99336,-276.15851,8.74195,0.01422,-0.03180,0.01312,0.99931,-20.50695,-10.18992,0.64458
67618000000,-177.80190,-278.93205,8.84567,0.00979,-0.02920,0.00747,0.99950,-19.45996,-11.88299,0.68154
67684000000,-181.40051,-272.73739,8.85627,0.00737,-0.03124,0.03018,0.99903,-21.67362,-5.23283,0.64752
67750000000,-182.88449,-275.47006,8.56812,0.00485,-0.02687,0.02575,0.99930,-21.76428,-7.47648,0.34170
67816000000,-181.92162,-280.77399,8.97132,0.00234,-0.02951,0.00814,0.99953,-19.75843,-11.82735,0.67427
67882000000,-184.20428,-279.33743,9.18902,0.00011,-0.03454,0.01340,0.99931,-20.73718,-9.79252,0.82736
67915000000,-183.93123,-281.87279,9.03565,-0.00091,-0.02965,0.00853,0.99952,-19.90145,-11.77770,0.67060
68014000000,-188.18051,-277.82941,9.00508,-0.00364,-0.03138,0.02515,0.99918,-21.99589,-7.09319,0.58105
68047000000,-188.39271,-279.67822,8.97484,-0.00466,-0.03001,0.02052,0.99933,-21.54747,-8.62383,0.53665
68080000000,-187.34260,-282.67104,9.52097,-0.00593,-0.03688,0.00542,0.99929,-19.83614,-11.48343,1.07512
68146000000,-188.77563,-283.92109,9.17182,-0.00744,-0.02919,0.00838,0.99951,-19.97082,-11.95355,0.67668
68212000000,-191.68326,-280.89130,9.17921,-0.00888,-0.03109,0.02225,0.99923,-21.66267,-7.96940,0.63631
68278000000,-193.62180,-281.27246,9.03678,-0.01034,-0.02898,0.02469,0.99922,-22.25126,-7.79654,0.44042
68377000000,-194.88178,-284.04869,9.23021,-0.01245,-0.03063,0.01531,0.99934,-21.25107,-10.19715,0.61611
68443000000,-196.55370,-283.58185,9.30765,-0.01358,-0.03141,0.01978,0.99922,-21.64203,-8.77701,0.65952
68476000000,-197.44565,-283.60443,9.25178,-0.01409,-0.02965,0.02205,0.99922,-21.89979,-8.39064,0.55222
68542000000,-198.93291,-284.69250,9.15856,-0.01464,-0.02657,0.02151,0.99931,-21.98248,-9.19604,0.35732
68641000000,-199.90874,-287.65511,9.42448,-0.01396,-0.02929,0.00953,0.99943,-20.46226,-11.94815,0.66481
68707000000,-202.53727,-285.14691,9.48674,-0.01168,-0.03255,0.02342,0.99913,-22.14531,-7.65241,0.68576
68806000000,-204.92381,-284.60959,9.57047,-0.00622,-0.03248,0.02877,0.99904,-22.45633,-5.90924,0.70396
68872000000,-206.26950,-286.37456,9.51133,-0.00113,-0.03062,0.02404,0.99924,-22.31648,-7.63092,0.57026
68938000000,-207.76324,-283.94513,9.71227,0.00553,-0.03214,0.03484,0.99886,-22.38137,-3.77636,0.77045
69004000000,-208.73720,-288.72152,9.69310,0.01343,-0.03285,0.01580,0.99925,-21.79737,-9.57024,0.68802
69070000000,-209.62575,-290.57854,9.70463,0.02336,-0.03047,0.01093,0.99920,-21.13259,-11.09803,0.64664
69136000000,-211.77224,-289.50525,9.71296,0.03550,-0.03195,0.01888,0.99868,-22.16718,-8.59870,0.59473
69202000000,-213.36147,-289.55839,9.72484,0.04994,-0.03148,0.02122,0.99803,-22.43791,-7.81073,0.54921
69268000000,-214.25492,-284.98747,9.96435,0.06689,-0.03013,0.04256,0.99640,-21.69706,-0.54172,0.80413
69334000000,-216.06406,-290.05016,9.84181,0.08557,-0.03156,0.01943,0.99564,-22.35427,-7.83587,0.55846
69400000000,-217.70793,-287.32325,9.85502,0.10606,-0.03006,0.03496,0.99329,-22.65984,-2.94679,0.50369
69466000000,-218.87375,-286.84013,10.07416,0.12764,-0.03391,0.03529,0.99061,-22.24275,-1.79005,0.77595
69565000000,-219.54912,-283.96914,10.33134,0.15552,-0.03029,0.04863,0.98617,-20.04733,2.77573,1.02316
69598000000,-217.12043,-281.09416,10.63010,0.16293,-0.01941,0.06254,0.98446,-15.27970,7.12004,1.41292
69664000000,-222.28476,-286.01527,10.06729,0.17813,-0.02540,0.03949,0.98289,-21.67709,-1.12525,0.43114
69730000000,-223.54173,-285.22121,10.32521,0.19041,-0.03216,0.04022,0.98035,-21.47679,0.26912,0.77597
69763000000,-220.83883,-281.33432,10.67689,0.19534,-0.02149,0.06056,0.97863,-15.95837,6.60952,1.28250
69829000000,-222.52517,-281.83053,10.70960,0.20601,-0.02320,0.05525,0.97671,-17.01843,5.18278,1.20038
69895000000,-226.66124,-286.25486,10.47786,0.21615,-0.03286,0.03089,0.97532,-21.96227,-2.47829,0.70959
70027000000,-228.34710,-283.08174,10.79975,0.23379,-0.03380,0.04536,0.97064,-20.28794,2.79282,1.02695
70093000000,-223.15067,-278.65955,11.14755,0.24167,-0.00833,0.06985,0.96780,-10.68986,9.13195,1.40965
70192000000,-226.01274,-279.22487,11.43805,0.25960,-0.01913,0.05933,0.96370,-13.22843,7.25916,1.61381
70291000000,-228.75941,-278.82351,11.33901,0.28141,-0.02174,0.05879,0.95754,-15.23348,7.00347,1.24112
70357000000,-230.00888,-278.40668,11.48731,0.29827,-0.02534,0.05751,0.95241,-15.56231,7.07537,1.32059
70423000000,-229.87557,-277.11573,11.58230,0.31662,-0.02162,0.06214,0.94627,-13.97052,8.32218,1.31567
70489000000,-231.77379,-278.38357,11.77503,0.33618,-0.02796,0.05208,0.93994,-15.27986,5.99524,1.46087
70555000000,-231.09254,-276.15739,11.67128,0.35335,-0.01914,0.06344,0.93314,-13.04526,8.48220,1.18358
70654000000,-238.81110,-281.85887,11.57364,0.37553,-0.03800,0.03093,0.92552,-21.07649,0.50487,0.95117
70687000000,-235.54168,-276.58491,11.80292,0.38146,-0.03010,0.05614,0.92219,-15.94676,7.34728,1.17313
70786000000,-235.29366,-275.03387,11.88889,0.39530,-0.02161,0.06222,0.91619,-13.49860,8.59234,1.11832
70852000000,-236.48173,-274.83304,11.98658,0.40432,-0.02306,0.05964,0.91238,-13.90207,8.19916,1.14606
70918000000,-238.20600,-275.23561,12.24650,0.41459,-0.03035,0.05212,0.90801,-15.05991,6.97276,1.40411
70984000000,-237.30580,-273.54825,12.22791,0.42614,-0.02141,0.06261,0.90224,-12.21767,8.90610,1.22287
71050000000,-240.71692,-274.46825,12.16574,0.43996,-0.02857,0.05244,0.89603,-16.02173,6.80230,1.01569
71149000000,-239.19282,-272.18677,12.31804,0.46179,-0.01995,0.06390,0.88446,-11.60995,9.23049,1.06234
71215000000,-239.04087,-271.75402,12.67349,0.47464,-0.02155,0.06120,0.87779,-10.33778,9.08107,1.45410
71281000000,-239.94666,-271.14600,12.60857,0.48501,-0.02014,0.06261,0.87203,-10.63079,9.21199,1.22077
71380000000,-240.13109,-270.09075,12.52324,0.49685,-0.01332,0.06689,0.86515,-9.38069,9.57298,0.91724
71479000000,-243.32144,-269.66883,12.73508,0.50755,-0.02345,0.05934,0.85926,-12.30267,9.04037,1.07058
71512000000,-243.11630,-269.21273,12.87589,0.51088,-0.02379,0.06052,0.85719,-11.45215,9.31437,1.21433
71578000000,-242.91694,-268.45546,12.63065,0.51682,-0.01410,0.06689,0.85336,-10.06794,9.62219,0.75139
71677000000,-253.30596,-282.13489,12.80838,0.52515,-0.03092,-0.00161,0.85045,-21.85161,-8.38639,0.91834
71710000000,-253.99055,-282.51440,12.83778,0.52785,-0.03041,-0.00201,0.84879,-21.83003,-8.49966,0.91818
71776000000,-255.41235,-283.14322,12.89349,0.53298,-0.03014,-0.00228,0.84559,-21.85521,-8.55064,0.91330
71842000000,-256.88997,-283.57927,12.96221,0.53778,-0.03057,-0.00229,0.84252,-21.94987,-8.36197,0.92049
71875000000,-257.57222,-283.94834,12.99896,0.54008,-0.03032,-0.00270,0.84106,-21.92430,-8.45951,0.92746
71908000000,-258.30422,-284.24470,13.02322,0.54227,-0.03015,-0.00272,0.83966,-21.96068,-8.46355,0.91810
71974000000,-259.76397,-284.78642,13.08097,0.54645,-0.03019,-0.00273,0.83694,-22.02579,-8.40230,0.91282
72040000000,-261.24280,-285.25186,13.14407,0.55040,-0.03042,-0.00270,0.83434,-22.11190,-8.24724,0.91654
72139000000,-263.41323,-286.15066,13.23589,0.55586,-0.03015,-0.00316,0.83072,-22.16219,-8.30163,0.91769
72205000000,-264.88487,-286.71054,13.29239,0.55925,-0.03004,-0.00321,0.82845,-22.22719,-8.28013,0.90965
72271000000,-266.34124,-287.25074,13.34948,0.56242,-0.02988,-0.00321,0.82631,-22.26384,-8.23422,0.90372
72337000000,-267.82057,-287.76230,13.41752,0.56541,-0.03010,-0.00340,0.82426,-22.32991,-8.15098,0.91449
72403000000,-269.29797,-288.28965,13.47874,0.56875,-0.03008,-0.00340,0.82195,-22.36945,-8.10171,0.91641
72502000000,-271.52891,-289.05379,13.56552,0.57633,-0.03015,-0.00337,0.81666,-22.42983,-8.00147,0.91044
72601000000,-273.76309,-289.79499,13.65682,0.58641,-0.03017,-0.00357,0.80945,-22.47306,-7.88521,0.91538
72667000000,-275.26209,-290.27369,13.71467,0.59464,-0.03021,-0.00365,0.80341,-22.50247,-7.79382,0.91346
72733000000,-276.72731,-290.88783,13.77510,0.60387,-0.02986,-0.00422,0.79651,-22.49144,-7.86857,0.91714
72799000000,-278.21444,-291.39787,13.82839,0.61257,-0.02975,-0.00431,0.78984,-22.51911,-7.77986,0.90774
72865000000,-279.72721,-291.81428,13.89379,0.62058,-0.03011,-0.00440,0.78355,-22.58700,-7.57105,0.91532
72931000000,-281.23409,-292.29341,13.94718,0.62723,-0.03012,-0.00446,0.77824,-22.65716,-7.47103,0.90473
72997000000,-282.73980,-292.74374,14.00922,0.63292,-0.03022,-0.00462,0.77361,-22.71623,-7.35356,0.90723
73063000000,-284.23641,-293.30044,14.06083,0.63823,-0.02989,-0.00474,0.76925,-22.75390,-7.40973,0.89463
73162000000,-286.51342,-293.95423,14.15246,0.64546,-0.03003,-0.00484,0.76319,-22.84947,-7.24111,0.89864
73228000000,-288.02830,-294.39607,14.21203,0.64991,-0.02996,-0.00492,0.75940,-22.90092,-7.14722,0.89846
73327000000,-290.30336,-295.09584,14.29751,0.65613,-0.02987,-0.00510,0.75404,-22.97259,-7.07200,0.89212
73360000000,-291.04995,-295.36946,14.32370,0.65811,-0.02974,-0.00511,0.75232,-22.97800,-7.10700,0.88655
73426000000,-292.59743,-295.74258,14.38229,0.66176,-0.02998,-0.00503,0.74910,-23.06567,-6.92327,0.88735
73492000000,-294.11127,-296.23992,14.43810,0.66521,-0.02981,-0.00524,0.74604,-23.09765,-6.93283,0.88274
73558000000,-295.67072,-296.59726,14.49553,0.66863,-0.03010,-0.00512,0.74297,-23.18288,-6.77447,0.88469
73624000000,-297.21387,-297.04057,14.54328,0.67236,-0.02990,-0.00499,0.73960,-23.22417,-6.74005,0.87231
73690000000,-298.75232,-297.46680,14.60004,0.67658,-0.02987,-0.00495,0.73574,-23.25910,-6.69916,0.87287
73756000000,-300.30999,-297.86091,14.65182,0.68127,-0.02991,-0.00484,0.73140,-23.30795,-6.60974,0.86708
73855000000,-302.65171,-298.43399,14.73244,0.68923,-0.03002,-0.00485,0.72390,-23.37957,-6.40970,0.86026
73954000000,-304.97315,-299.06104,14.81244,0.69733,-0.02997,-0.00498,0.71610,-23.43282,-6.27604,0.85112
74053000000,-307.31830,-299.62169,14.89170,0.70468,-0.02990,-0.00491,0.70888,-23.51279,-6.10659,0.84539
74152000000,-309.67424,-300.14537,14.96320,0.71135,-0.02997,-0.00474,0.70218,-23.59737,-5.93781,0.83078
74218000000,-311.23913,-300.53499,15.01374,0.71542,-0.02993,-0.00479,0.69804,-23.64194,-5.88754,0.82599
74284000000,-312.80715,-300.93493,15.05917,0.71920,-0.02974,-0.00470,0.69415,-23.68704,-5.85416,0.81446
74350000000,-314.39100,-301.21042,15.10918,0.72267,-0.02995,-0.00439,0.69053,-23.74901,-5.66325,0.80949
74416000000,-315.97586,-301.54992,15.15767,0.72588,-0.02996,-0.00438,0.68715,-23.80663,-5.57105,0.80325
74482000000,-317.55767,-301.91147,15.20222,0.72892,-0.02988,-0.00423,0.68393,-23.85530,-5.51479,0.79193
74548000000,-319.16008,-302.22777,15.24478,0.73172,-0.02989,-0.00401,0.68093,-23.92588,-5.40143,0.77939
74647000000,-321.55862,-302.61346,15.32119,0.73555,-0.03013,-0.00380,0.67679,-24.01912,-5.13528,0.78022
74713000000,-323.16357,-302.89098,15.36808,0.73789,-0.03031,-0.00364,0.67423,-24.08118,-5.00260,0.77491
74779000000,-324.75356,-303.23046,15.40973,0.74005,-0.03014,-0.00346,0.67187,-24.11645,-4.94196,0.76184
74812000000,-325.55176,-303.37809,15.43038,0.74102,-0.03009,-0.00327,0.67080,-24.13941,-4.87919,0.75368
74878000000,-327.16274,-303.58848,15.47729,0.74257,-0.03037,-0.00286,0.66907,-24.20945,-4.63010,0.74822
74944000000,-328.77665,-303.84638,15.52039,0.74358,-0.03049,-0.00255,0.66795,-24.28479,-4.47973,0.73529
75010000000,-330.40100,-304.06677,15.56138,0.74387,-0.03061,-0.00213,0.66763,-24.37607,-4.33710,0.72348
75076000000,-332.01732,-304.36774,15.59733,0.74363,-0.03046,-0.00182,0.66789,-24.43905,-4.34342,0.70755
75175000000,-334.46447,-304.62658,15.66685,0.74336,-0.03088,-0.00126,0.66818,-24.53397,-4.03326,0.70694
75274000000,-336.90644,-304.96355,15.72961,0.74334,-0.03092,-0.00085,0.66820,-24.60870,-3.86094,0.69878
75373000000,-339.35058,-305.24131,15.79683,0.74325,-0.03117,-0.00034,0.66829,-24.67834,-3.63124,0.69510
75439000000,-340.98317,-305.47076,15.83152,0.74326,-0.03102,0.00001,0.66828,-24.72222,-3.55815,0.67948
75505000000,-342.61490,-305.70636,15.87044,0.74323,-0.03087,0.00024,0.66832,-24.75976,-3.50051,0.67011
75571000000,-344.25823,-305.79528,15.91220,0.74320,-0.03116,0.00068,0.66834,-24.81026,-3.25363,0.66686
75604000000,-345.08282,-305.86117,15.93784,0.74315,-0.03126,0.00075,0.66839,-24.83884,-3.17155,0.67178
75670000000,-346.72413,-306.05824,15.97225,0.74309,-0.03114,0.00107,0.66847,-24.87895,-3.09800,0.65881
75736000000,-348.37666,-306.24261,16.00520,0.74304,-0.03113,0.00141,0.66852,-24.92974,-3.01394,0.64536
75835000000,-350.85259,-306.37390,16.07705,0.74304,-0.03139,0.00171,0.66851,-24.99578,-2.73468,0.65562
75901000000,-352.51212,-306.42411,16.11487,0.74304,-0.03154,0.00221,0.66850,-25.04383,-2.52502,0.64991
75967000000,-354.17114,-306.57270,16.15020,0.74306,-0.03149,0.00242,0.66848,-25.08837,-2.44401,0.64093
76033000000,-355.83454,-306.67285,16.19311,0.74303,-0.03158,0.00255,0.66850,-25.13423,-2.31805,0.64303
76132000000,-358.31938,-307.06449,16.24462,0.74308,-0.03114,0.00257,0.66847,-25.18372,-2.40150,0.63142
76198000000,-359.97958,-307.03900,16.29530,0.74299,-0.03138,0.00289,0.66856,-25.22016,-2.13976,0.63896
76264000000,-361.64652,-307.10146,16.33158,0.74269,-0.03139,0.00317,0.66889,-25.26170,-1.96891,0.63290
76330000000,-363.32014,-307.21067,16.36337,0.74199,-0.03120,0.00347,0.66967,-25.31598,-1.85936,0.62093
76396000000,-365.00030,-307.23690,16.41042,0.74069,-0.03131,0.00361,0.67111,-25.38307,-1.67440,0.62574
76462000000,-366.69086,-307.45934,16.45138,0.73871,-0.03108,0.00364,0.67330,-25.46638,-1.73195,0.62591
76528000000,-368.36587,-307.43715,16.48766,0.73604,-0.03106,0.00415,0.67621,-25.52128,-1.56781,0.62236
76594000000,-370.05146,-307.59514,16.52436,0.73317,-0.03098,0.00434,0.67932,-25.57290,-1.59933,0.61914
76660000000,-371.72752,-307.52277,16.56919,0.73062,-0.03121,0.00488,0.68205,-25.60048,-1.36553,0.62532
76726000000,-373.44209,-307.62694,16.61363,0.72825,-0.03125,0.00493,0.68458,-25.67120,-1.32024,0.62808
76792000000,-375.13389,-307.58618,16.65148,0.72604,-0.03139,0.00533,0.68691,-25.71041,-1.12234,0.62506
76858000000,-376.82549,-307.68639,16.69038,0.72388,-0.03128,0.00547,0.68919,-25.74683,-1.08900,0.62302
76891000000,-377.67942,-307.78758,16.70385,0.72287,-0.03106,0.00547,0.69026,-25.77388,-1.14353,0.61388
76957000000,-379.38366,-307.77825,16.75140,0.72100,-0.03127,0.00583,0.69220,-25.81969,-0.96853,0.62331
77056000000,-381.92911,-307.76603,16.81413,0.71826,-0.03137,0.00639,0.69504,-25.86660,-0.72774,0.62229
77122000000,-383.63475,-307.80018,16.85123,0.71663,-0.03126,0.00661,0.69672,-25.90413,-0.63718,0.61655
77254000000,-387.05967,-307.89782,16.92854,0.71291,-0.03108,0.00690,0.70053,-26.00776,-0.49077,0.61024
77320000000,-388.78427,-307.90393,16.97730,0.71055,-0.03120,0.00711,0.70292,-26.07823,-0.36351,0.61837
77386000000,-390.49529,-307.83487,17.01471,0.70754,-0.03114,0.00764,0.70594,-26.12496,-0.22398,0.61712
77485000000,-393.07722,-307.83385,17.06933,0.70307,-0.03087,0.00806,0.71040,-26.18197,-0.15952,0.61233
77551000000,-394.81043,-307.84665,17.11010,0.70044,-0.03085,0.00824,0.71299,-26.23134,-0.10136,0.61363
77650000000,-397.40833,-307.87571,17.16763,0.69675,-0.03070,0.00848,0.71661,-26.29648,-0.03536,0.60907
77716000000,-399.12579,-307.74832,17.20886,0.69452,-0.03078,0.00900,0.71876,-26.31557,0.18622,0.61027
77782000000,-400.87554,-307.90049,17.24085,0.69245,-0.03038,0.00894,0.72077,-26.37506,0.04794,0.59894
77881000000,-403.48524,-307.78567,17.30724,0.68955,-0.03048,0.00934,0.72354,-26.43389,0.27365,0.60638
77947000000,-405.19551,-307.54972,17.34457,0.68777,-0.03056,0.01008,0.72522,-26.43054,0.60282,0.60185
78046000000,-407.81418,-307.47876,17.39756,0.68535,-0.03037,0.01033,0.72750,-26.49077,0.70926,0.59234
78079000000,-408.68209,-307.38839,17.41719,0.68461,-0.03037,0.01059,0.72820,-26.50216,0.83044,0.59174
78145000000,-410.46112,-307.44546,17.45143,0.68323,-0.03017,0.01055,0.72950,-26.58186,0.74185,0.58557
78244000000,-413.07741,-307.18372,17.51159,0.68128,-0.03028,0.01110,0.73131,-26.62138,1.05514,0.58829
78310000000,-414.82591,-307.19362,17.54962,0.68011,-0.02996,0.01107,0.73242,-26.64888,1.01887,0.58700
78376000000,-416.57838,-307.14982,17.58533,0.67896,-0.02977,0.01116,0.73348,-26.67990,1.05168,0.58290
78442000000,-418.32185,-306.96329,17.62686,0.67791,-0.02991,0.01153,0.73444,-26.69744,1.26178,0.58646
78541000000,-420.96207,-306.79948,17.67905,0.67646,-0.02972,0.01179,0.73578,-26.74920,1.39960,0.58061
78607000000,-422.70701,-306.57804,17.72272,0.67559,-0.02987,0.01217,0.73658,-26.76121,1.62119,0.58505
78673000000,-424.48443,-306.55813,17.75433,0.67478,-0.02955,0.01223,0.73733,-26.81415,1.56994,0.57451
78739000000,-426.25767,-306.43737,17.79454,0.67403,-0.02962,0.01236,0.73800,-26.85679,1.65416,0.57431
78805000000,-428.02325,-306.32316,17.82702,0.67328,-0.02945,0.01258,0.73870,-26.88371,1.72221,0.56679
78871000000,-429.79216,-306.16554,17.86438,0.67261,-0.02936,0.01283,0.73931,-26.91132,1.84395,0.56640
78937000000,-431.56718,-306.02909,17.90089,0.67197,-0.02938,0.01294,0.73989,-26.94809,1.92598,0.56619
79003000000,-433.35071,-305.89785,17.94217,0.67138,-0.02948,0.01306,0.74041,-26.99253,1.99142,0.57261
79069000000,-435.11747,-305.69566,17.97687,0.67078,-0.02945,0.01338,0.74095,-27.00543,2.15807,0.56733
79135000000,-436.91477,-305.62304,18.00947,0.67029,-0.02920,0.01339,0.74141,-27.06320,2.11983,0.56130
79168000000,-437.79234,-305.47444,18.02889,0.67003,-0.02926,0.01369,0.74163,-27.05495,2.27849,0.56151
79234000000,-439.58985,-305.35131,18.06764,0.66955,-0.02927,0.01363,0.74206,-27.10958,2.29543,0.56235
79300000000,-441.37267,-305.14310,18.10303,0.66908,-0.02926,0.01389,0.74249,-27.13610,2.44033,0.55828
79366000000,-443.13800,-304.88442,18.13968,0.66869,-0.02921,0.01433,0.74283,-27.13417,2.64552,0.55866
79432000000,-444.90209,-304.69411,18.17044,0.66835,-0.02895,0.01462,0.74314,-27.12680,2.73014,0.54780
79465000000,-445.81960,-304.62120,18.19355,0.66810,-0.02911,0.01454,0.74336,-27.17716,2.73685,0.55472
79531000000,-447.62068,-304.44341,18.22991,0.66774,-0.02910,0.01460,0.74368,-27.22119,2.79543,0.55216
79630000000,-450.30668,-304.14210,18.28476,0.66737,-0.02905,0.01490,0.74401,-27.25711,2.92510,0.55193
79696000000,-452.03534,-303.75276,18.32165,0.66704,-0.02902,0.01561,0.74429,-27.18662,3.27469,0.55169
79762000000,-453.89848,-303.77766,18.34844,0.66704,-0.02858,0.01499,0.74433,-27.31597,2.95942,0.54029
79861000000,-456.60910,-303.49364,18.40764,0.66816,-0.02856,0.01498,0.74331,-27.34970,3.00447,0.55096
79927000000,-458.40649,-303.25395,18.44150,0.66997,-0.02846,0.01522,0.74169,-27.34682,3.10779,0.54974
80026000000,-461.11093,-302.93632,18.49450,0.67452,-0.02835,0.01527,0.73756,-27.34279,3.19165,0.54971
80092000000,-462.90917,-302.73361,18.52620,0.67876,-0.02830,0.01519,0.73365,-27.32696,3.21617,0.54618
80158000000,-458.91946,-294.16993,18.81210,0.68365,-0.02796,0.04253,0.72804,-19.18184,14.95575,0.87754
80224000000,-451.97662,-293.32720,18.87758,0.68971,-0.00074,0.05429,0.72205,-8.12842,14.83613,0.86828
80257000000,-451.21043,-293.29994,19.34170,0.69267,-0.00298,0.05434,0.71920,-6.66984,14.25492,1.46980
80290000000,-448.98347,-293.15550,18.93263,0.69540,0.01210,0.05528,0.71639,-2.86702,13.74808,0.76529
80389000000,-450.95544,-292.34692,19.54339,0.70492,0.00025,0.05340,0.70727,-5.24334,13.03407,1.54313
80455000000,-464.29276,-297.60553,19.13418,0.71148,-0.02430,0.01830,0.70204,-24.22496,4.19552,0.83037
80521000000,-466.73887,-297.62447,19.13516,0.71865,-0.02643,0.01604,0.69468,-25.50544,3.77943,0.75109
80620000000,-469.29759,-297.26957,19.20434,0.73089,-0.02645,0.01570,0.68180,-25.51277,3.80827,0.74702
80686000000,-470.96639,-296.95397,19.25491,0.74020,-0.02669,0.01554,0.67168,-25.45366,3.94575,0.75264
80752000000,-472.70596,-296.98297,19.30261,0.75059,-0.02640,0.01442,0.66009,-25.49799,3.54332,0.75077
80785000000,-473.51940,-296.69634,19.32571,0.75623,-0.02676,0.01464,0.65359,-25.42355,3.83909,0.75031
80884000000,-475.98570,-296.08383,19.40490,0.77527,-0.02750,0.01449,0.63087,-25.24885,4.26217,0.76080
80950000000,-477.62971,-295.71337,19.45641,0.79008,-0.02788,0.01416,0.61221,-25.12858,4.43814,0.76504
81049000000,-480.13026,-295.43514,19.53132,0.81531,-0.02796,0.01274,0.57821,-24.98853,4.29001,0.76915
81148000000,-482.59580,-295.01933,19.60680,0.84422,-0.02843,0.01136,0.53512,-24.77488,4.33400,0.77401
81181000000,-483.40331,-294.81460,19.63313,0.85458,-0.02870,0.01095,0.51841,-24.67659,4.43395,0.77764
81280000000,-485.81737,-294.31882,19.71492,0.88435,-0.02932,0.00939,0.46582,-24.54134,4.43850,0.79884
81346000000,-487.45237,-294.07071,19.75849,0.90166,-0.02939,0.00829,0.43137,-24.51008,4.33257,0.79326
81379000000,-488.25543,-293.85467,19.78320,0.90951,-0.02966,0.00791,0.41454,-24.47743,4.42256,0.79550
81445000000,-489.87642,-293.56803,19.83691,0.92327,-0.02990,0.00686,0.38293,-24.48124,4.42999,0.80123
81511000000,-491.49450,-293.42572,19.89235,0.93470,-0.02971,0.00580,0.35414,-24.45127,4.21608,0.80980
81577000000,-493.12872,-293.23559,19.94382,0.94438,-0.02958,0.00487,0.32750,-24.45039,4.09475,0.81331
81610000000,-493.86857,-292.75205,19.97406,0.94856,-0.03053,0.00506,0.31509,-24.33101,4.63666,0.82066
81676000000,-495.51420,-292.59502,20.02734,0.95595,-0.03020,0.00405,0.29195,-24.36542,4.42340,0.82363
81742000000,-497.10811,-292.27555,20.08410,0.96199,-0.03032,0.00346,0.27136,-24.31510,4.50632,0.83091
81775000000,-497.93779,-292.21174,20.10990,0.96457,-0.03010,0.00302,0.26209,-24.35151,4.38179,0.83127
81874000000,-500.36594,-291.79976,20.21001,0.97134,-0.03030,0.00187,0.23576,-24.36098,4.39294,0.86594
81973000000,-502.83188,-291.62184,20.27874,0.97699,-0.02930,0.00102,0.21128,-24.42681,4.02631,0.84309
82039000000,-503.97044,-289.83012,20.43674,0.97996,-0.03425,0.00208,0.19620,-23.69203,6.39842,1.00274
82105000000,-505.99421,-290.81534,20.39883,0.98295,-0.02936,0.00038,0.18154,-24.37487,4.28019,0.84681
82171000000,-506.88798,-288.48921,20.55447,0.98514,-0.03534,0.00247,0.16804,-23.26531,7.44371,1.00099
82237000000,-509.13830,-289.98128,20.53990,0.98751,-0.02948,-0.00067,0.15478,-24.34362,4.44700,0.88352
82303000000,-510.71362,-289.65485,20.57684,0.98940,-0.02914,-0.00068,0.14228,-24.28130,4.52849,0.85571
82369000000,-511.30407,-286.77400,20.72898,0.99076,-0.03580,0.00262,0.13076,-22.78793,8.33090,0.99591
82435000000,-513.67551,-288.35461,20.70148,0.99242,-0.02997,-0.00045,0.11917,-24.03380,5.26732,0.86485
82534000000,-515.37916,-286.14567,20.87635,0.99402,-0.03415,0.00082,0.10373,-23.11041,7.57174,0.98603
82567000000,-516.84860,-287.71753,20.82518,0.99471,-0.02903,-0.00144,0.09849,-24.12988,4.93578,0.86692
82666000000,-519.47753,-288.22803,20.93605,0.99609,-0.02669,-0.00343,0.08419,-24.46368,3.53388,0.90785
82765000000,-521.65374,-286.84556,21.05040,0.99702,-0.02916,-0.00298,0.07132,-24.09881,5.02245,0.94312
82831000000,-523.34245,-286.96452,21.06605,0.99763,-0.02745,-0.00308,0.06307,-24.21617,4.43212,0.87989
82897000000,-524.91892,-286.55257,21.12292,0.99808,-0.02752,-0.00320,0.05542,-24.16828,4.63567,0.88157
82963000000,-526.56289,-286.41204,21.17768,0.99847,-0.02702,-0.00359,0.04821,-24.21893,4.44202,0.88034
83029000000,-527.48584,-284.06595,21.30595,0.99862,-0.03219,-0.00200,0.04149,-23.26350,7.33859,0.97977
83095000000,-529.61793,-285.36239,21.30227,0.99901,-0.02738,-0.00365,0.03482,-24.07439,4.90283,0.88929
83161000000,-531.21668,-285.06773,21.36023,0.99921,-0.02720,-0.00385,0.02865,-24.07224,4.90051,0.89258
83260000000,-533.63942,-284.68496,21.48921,0.99942,-0.02716,-0.00471,0.02012,-24.10649,4.81552,0.95476
83326000000,-535.15263,-284.10617,21.56931,0.99949,-0.02780,-0.00479,0.01485,-23.98666,5.20229,0.98089
83392000000,-537.04128,-285.62965,21.64365,0.99966,-0.02326,-0.00635,0.00975,-24.37456,2.64005,0.99885
83458000000,-538.46451,-284.14973,21.64556,0.99964,-0.02591,-0.00476,0.00545,-24.05069,4.58446,0.90900
83491000000,-539.20714,-283.77631,21.67909,0.99964,-0.02638,-0.00463,0.00348,-23.94992,4.95012,0.91661
83590000000,-541.51458,-283.09878,21.77094,0.99963,-0.02676,-0.00450,-0.00060,-23.80077,5.30918,0.92276
83656000000,-543.10715,-282.79999,21.82935,0.99964,-0.02656,-0.00458,-0.00153,-23.79079,5.30249,0.92226
83689000000,-543.70684,-281.97179,21.91025,0.99958,-0.02865,-0.00448,-0.00131,-23.48551,6.34154,0.99892
83722000000,-544.72894,-282.54567,21.89295,0.99965,-0.02614,-0.00481,-0.00069,-23.85827,5.12549,0.92134
83788000000,-546.25448,-282.11154,21.95656,0.99964,-0.02625,-0.00464,0.00249,-23.73905,5.37364,0.92608
83854000000,-546.49613,-279.09373,22.08431,0.99940,-0.03359,0.00010,0.00877,-21.47284,9.99979,1.03275
83953000000,-549.98322,-280.85883,22.12034,0.99942,-0.02612,-0.00383,0.02173,-23.70661,5.71977,0.93246
84019000000,-551.54448,-280.44774,22.18132,0.99914,-0.02613,-0.00368,0.03196,-23.72995,5.86006,0.93196
84085000000,-553.10876,-280.04650,22.24434,0.99876,-0.02607,-0.00344,0.04228,-23.75179,5.96079,0.93448
84151000000,-555.08382,-281.60468,22.32576,0.99845,-0.02136,-0.00540,0.05118,-24.38411,2.99708,0.97191
84184000000,-555.31719,-279.22680,22.38382,0.99811,-0.02762,-0.00288,0.05473,-23.42102,6.89302,1.01450
84250000000,-556.75863,-278.42867,22.45065,0.99774,-0.02858,-0.00213,0.06078,-23.23684,7.53392,1.01734
84316000000,-558.86553,-279.53207,22.47123,0.99750,-0.02424,-0.00398,0.06630,-24.14087,5.01688,0.94729
84415000000,-561.01689,-278.38946,22.56500,0.99693,-0.02534,-0.00291,0.07402,-23.76501,6.04082,0.95156
84514000000,-561.60501,-274.65874,22.73458,0.99621,-0.03168,0.00269,0.08096,-21.28356,10.47890,1.05636
84547000000,-563.72772,-276.87711,22.70604,0.99624,-0.02604,-0.00168,0.08260,-23.35387,6.77181,0.96965
84613000000,-565.56935,-277.01375,22.76117,0.99604,-0.02470,-0.00274,0.08536,-23.82186,5.91901,0.95959
84679000000,-567.16356,-276.61241,22.82265,0.99595,-0.02463,-0.00276,0.08646,-23.85321,5.96483,0.96103
84712000000,-567.87703,-276.17722,22.85448,0.99594,-0.02519,-0.00243,0.08634,-23.73284,6.36137,0.96291
84745000000,-568.68211,-276.04150,22.88823,0.99600,-0.02498,-0.00253,0.08580,-23.76631,6.24815,0.96842
84778000000,-569.54007,-276.07635,22.92542,0.99610,-0.02435,-0.00291,0.08481,-23.89535,5.84615,0.97967
84811000000,-570.24161,-275.58576,22.95166,0.99620,-0.02499,-0.00245,0.08343,-23.74891,6.33354,0.97112
84844000000,-571.07567,-275.56716,22.98186,0.99637,-0.02443,-0.00266,0.08152,-23.83550,6.01446,0.97041
84877000000,-571.91840,-275.54494,23.01537,0.99657,-0.02393,-0.00301,0.07918,-23.92974,5.70191,0.97643
84910000000,-572.63535,-275.20657,23.04977,0.99679,-0.02419,-0.00278,0.07629,-23.80830,5.95666,0.98364
84943000000,-573.39263,-274.89336,23.09315,0.99703,-0.02465,-0.00282,0.07290,-23.75550,6.17743,1.00804
84976000000,-574.19646,-274.73470,23.11486,0.99732,-0.02433,-0.00283,0.06896,-23.79162,6.07655,0.98526
85009000000,-575.01368,-274.63469,23.14714,0.99761,-0.02395,-0.00316,0.06469,-23.85928,5.85513,0.98860
85042000000,-575.78791,-274.45805,23.18320,0.99791,-0.02386,-0.00330,0.05994,-23.82795,5.81188,1.00005
85075000000,-576.56871,-274.26624,23.21872,0.99821,-0.02381,-0.00344,0.05479,-23.78527,5.80981,1.01032
85108000000,-577.37627,-274.14439,23.25116,0.99849,-0.02347,-0.00367,0.04956,-23.81165,5.63066,1.01046
85141000000,-578.15448,-273.93900,23.28556,0.99874,-0.02354,-0.00378,0.04409,-23.75959,5.68403,1.01536
85174000000,-578.92911,-273.74469,23.32107,0.99897,-0.02353,-0.00395,0.03853,-23.70385,5.70153,1.02488
85207000000,-579.69730,-273.50454,23.35179,0.99917,-0.02361,-0.00391,0.03282,-23.63009,5.86012,1.01800
85240000000,-580.49525,-273.34842,23.38172,0.99935,-0.02332,-0.00408,0.02706,-23.65438,5.74656,1.01029
85273000000,-581.25262,-273.08123,23.41599,0.99949,-0.02362,-0.00409,0.02119,-23.55314,5.98475,1.01661
85306000000,-582.05021,-272.96832,23.45114,0.99960,-0.02325,-0.00441,0.01520,-23.58780,5.72934,1.02506
85339000000,-582.83074,-272.78117,23.48602,0.99968,-0.02318,-0.00458,0.00925,-23.57518,5.73445,1.03016
85372000000,-583.62070,-272.62392,23.52022,0.99972,-0.02295,-0.00472,0.00427,-23.62661,5.69237,1.03025
85405000000,-584.37648,-272.34802,23.55139,0.99972,-0.02326,-0.00456,-0.00003,-23.54374,5.97041,1.02359
85438000000,-585.16558,-272.17280,23.58474,0.99971,-0.02310,-0.00475,-0.00431,-23.56983,5.91700,1.02508
85471000000,-585.95029,-272.00136,23.61933,0.99969,-0.02292,-0.00489,-0.00855,-23.60067,5.86625,1.02994
85504000000,-586.75025,-271.88953,23.65429,0.99965,-0.02250,-0.00521,-0.01256,-23.68416,5.63083,1.03509
85537000000,-587.51026,-271.63378,23.69098,0.99959,-0.02280,-0.00521,-0.01634,-23.63690,5.85775,1.04433
85570000000,-588.30769,-271.48948,23.72116,0.99954,-0.02247,-0.00532,-0.01986,-23.70284,5.73016,1.03207
85603000000,-589.07574,-271.25557,23.75696,0.99946,-0.02265,-0.00535,-0.02321,-23.68550,5.88655,1.03918
85636000000,-589.87705,-271.15025,23.79000,0.99939,-0.02214,-0.00551,-0.02636,-23.75904,5.63253,1.03670
85669000000,-590.64479,-270.91891,23.82693,0.99930,-0.02237,-0.00552,-0.02933,-23.71573,5.79366,1.04607
85702000000,-591.42786,-270.71205,23.85920,0.99922,-0.02238,-0.00551,-0.03218,-23.73737,5.86325,1.04196
85735000000,-592.19300,-270.46409,23.89599,0.99912,-0.02261,-0.00554,-0.03484,-23.68677,6.04546,1.05251
85768000000,-593.00316,-270.33661,23.92827,0.99904,-0.02219,-0.00577,-0.03734,-23.78482,5.84632,1.04780
85801000000,-593.78458,-270.15213,23.96541,0.99895,-0.02207,-0.00588,-0.03976,-23.78133,5.84244,1.05768
85834000000,-594.56819,-269.94906,23.99796,0.99886,-0.02204,-0.00585,-0.04202,-23.77551,5.89380,1.05201
85867000000,-595.37556,-269.84683,24.03380,0.99878,-0.02161,-0.00606,-0.04403,-23.85248,5.63604,1.05544
85900000000,-596.13015,-269.54766,24.06800,0.99869,-0.02204,-0.00591,-0.04578,-23.76321,6.00456,1.05387
85933000000,-596.92155,-269.37196,24.10456,0.99862,-0.02193,-0.00595,-0.04731,-23.78486,5.96230,1.06090
85966000000,-597.69449,-269.13457,24.13819,0.99856,-0.02201,-0.00586,-0.04858,-23.74984,6.11224,1.05719
85999000000,-598.47830,-268.94026,24.17399,0.99851,-0.02198,-0.00586,-0.04957,-23.77286,6.12066,1.06055
86032000000,-599.27879,-268.77843,24.20775,0.99848,-0.02174,-0.00591,-0.05025,-23.82459,6.02691,1.05794
86065000000,-600.06306,-268.57946,24.24542,0.99847,-0.02169,-0.00595,-0.05058,-23.83262,6.05914,1.06765
86098000000,-600.84987,-268.37415,24.27840,0.99847,-0.02164,-0.00595,-0.05059,-23.84474,6.10631,1.06154
86131000000,-601.64195,-268.19809,24.31393,0.99848,-0.02152,-0.00599,-0.05037,-23.86428,6.05939,1.06451
86164000000,-602.41116,-267.93255,24.34888,0.99851,-0.02178,-0.00586,-0.04977,-23.84953,6.28538,1.06469
86197000000,-603.21798,-267.78158,24.38606,0.99855,-0.02153,-0.00602,-0.04898,-23.94797,6.14508,1.07095
86230000000,-603.97368,-267.47969,24.42085,0.99858,-0.02186,-0.00581,-0.04814,-23.87986,6.44906,1.07045
86263000000,-604.78947,-267.33139,24.45450,0.99863,-0.02158,-0.00592,-0.04721,-23.98463,6.29290,1.06669
86296000000,-605.59176,-267.15561,24.48950,0.99868,-0.02137,-0.00594,-0.04630,-24.04520,6.22789,1.06886
86329000000,-606.34545,-266.83697,24.52679,0.99870,-0.02179,-0.00571,-0.04576,-23.95645,6.51261,1.07723
86362000000,-607.19336,-266.77233,24.56079,0.99872,-0.02115,-0.00595,-0.04551,-24.12484,6.15339,1.07568
86395000000,-607.93851,-266.39999,24.59734,0.99872,-0.02173,-0.00577,-0.04526,-24.01117,6.57119,1.07870
86428000000,-608.73601,-266.22021,24.63182,0.99874,-0.02156,-0.00578,-0.04503,-24.02268,6.50486,1.07714
86461000000,-609.44417,-265.77666,24.67505,0.99873,-0.02237,-0.00547,-0.04482,-23.83745,7.06300,1.09647
86494000000,-610.29114,-265.74690,24.70551,0.99875,-0.02163,-0.00556,-0.04465,-23.97071,6.64168,1.08573
86527000000,-611.12352,-265.62145,24.73986,0.99877,-0.02124,-0.00574,-0.04446,-24.08042,6.45988,1.08425
86560000000,-611.88286,-265.31179,24.77689,0.99877,-0.02151,-0.00558,-0.04422,-24.02351,6.67940,1.08786
86593000000,-612.68378,-265.10448,24.81081,0.99880,-0.02142,-0.00558,-0.04380,-24.05743,6.67505,1.08515
86626000000,-613.72887,-265.68438,24.84166,0.99886,-0.01903,-0.00652,-0.04331,-24.57470,5.07008,1.07787
86659000000,-614.34799,-264.98103,24.88478,0.99886,-0.02045,-0.00584,-0.04274,-24.22277,6.11256,1.09386
86692000000,-615.11553,-264.64668,24.92055,0.99887,-0.02084,-0.00568,-0.04225,-24.16384,6.40354,1.09452
86725000000,-615.85790,-264.24021,24.95726,0.99889,-0.02136,-0.00548,-0.04170,-24.07609,6.79758,1.09720
86758000000,-616.67547,-264.09282,24.99219,0.99891,-0.02110,-0.00551,-0.04119,-24.12802,6.67327,1.09722
86791000000,-617.46359,-263.86099,25.04380,0.99893,-0.02123,-0.00564,-0.04066,-24.12981,6.72001,1.13002
86824000000,-618.23516,-263.56445,25.06632,0.99896,-0.02123,-0.00537,-0.04007,-24.10148,6.88351,1.10315
86857000000,-619.05038,-263.38782,25.10206,0.99899,-0.02104,-0.00543,-0.03945,-24.15500,6.80289,1.10396
86890000000,-619.82392,-263.09964,25.13923,0.99900,-0.02116,-0.00537,-0.03890,-24.11348,6.94457,1.10732
86923000000,-620.61852,-262.88651,25.18209,0.99903,-0.02110,-0.00541,-0.03831,-24.12971,6.93791,1.12083
86956000000,-621.41412,-262.66176,25.21318,0.99906,-0.02100,-0.00533,-0.03768,-24.13317,6.95128,1.10939
86989000000,-622.20582,-262.41438,25.25024,0.99907,-0.02101,-0.00534,-0.03715,-24.15803,7.00653,1.11179
87022000000,-623.01436,-262.22093,25.28708,0.99910,-0.02085,-0.00543,-0.03664,-24.19135,6.95034,1.11434
87055000000,-623.80174,-261.95654,25.32373,0.99911,-0.02091,-0.00540,-0.03617,-24.18576,7.03723,1.11526
87088000000,-624.61285,-261.76917,25.36026,0.99913,-0.02074,-0.00545,-0.03573,-24.23375,6.97000,1.11649
87121000000,-625.39942,-261.50030,25.39744,0.99914,-0.02077,-0.00543,-0.03540,-24.23334,7.05766,1.11925
87154000000,-624.67344,-258.58455,25.55470,0.99898,-0.02870,-0.00123,-0.03489,-21.32900,12.19183,1.34980
87187000000,-626.72224,-260.67373,25.48072,0.99914,-0.02161,-0.00455,-0.03505,-23.76116,7.73862,1.13988
87220000000,-627.90898,-261.38703,25.51034,0.99919,-0.01896,-0.00607,-0.03510,-24.53339,5.91161,1.12553
87253000000,-628.57826,-260.63832,25.54765,0.99917,-0.02024,-0.00558,-0.03502,-24.26933,6.92395,1.12730
87286000000,-629.54575,-260.85444,25.59777,0.99918,-0.01925,-0.00628,-0.03506,-24.55878,6.14514,1.15215
87319000000,-630.19277,-260.15451,25.62118,0.99917,-0.02025,-0.00566,-0.03503,-24.26922,7.00814,1.12825
87352000000,-628.93613,-256.47988,25.79726,0.99896,-0.02957,-0.00009,-0.03469,-20.56292,13.20881,1.37782
87385000000,-631.17681,-258.81829,25.71546,0.99913,-0.02232,-0.00377,-0.03502,-23.19659,8.52826,1.16563
87418000000,-632.21989,-258.93963,25.74556,0.99915,-0.02123,-0.00465,-0.03503,-23.68451,7.82629,1.15359
87451000000,-633.16227,-258.86921,25.77770,0.99916,-0.02072,-0.00510,-0.03505,-23.94723,7.52819,1.14352
87484000000,-634.04681,-258.75418,25.81274,0.99916,-0.02036,-0.00534,-0.03508,-24.09585,7.32316,1.14150
87517000000,-634.86440,-258.52320,25.84924,0.99916,-0.02034,-0.00539,-0.03513,-24.12100,7.32561,1.14163
87550000000,-632.67324,-254.32818,26.07887,0.99893,-0.03038,0.00229,-0.03483,-19.03969,14.04842,1.46528
87583000000,-635.95272,-257.61894,25.94400,0.99915,-0.02107,-0.00400,-0.03515,-23.28576,8.03752,1.17714
87616000000,-637.07762,-257.70353,25.97032,0.99916,-0.02028,-0.00511,-0.03516,-23.87965,7.46466,1.15795
87649000000,-637.96625,-257.50280,26.00377,0.99916,-0.02019,-0.00535,-0.03519,-24.03035,7.41071,1.15395
87682000000,-638.77573,-257.24845,26.04091,0.99916,-0.02014,-0.00537,-0.03527,-24.04518,7.44490,1.15430
87715000000,-639.57310,-256.99832,26.07870,0.99916,-0.02009,-0.00538,-0.03526,-24.03935,7.47085,1.15573
87748000000,-640.36651,-256.74764,26.11676,0.99916,-0.02008,-0.00537,-0.03526,-24.02820,7.49550,1.15739
87781000000,-641.15619,-256.48638,26.15493,0.99916,-0.02006,-0.00543,-0.03530,-24.01297,7.53338,1.15856
87814000000,-641.94552,-256.22315,26.19318,0.99916,-0.02002,-0.00550,-0.03535,-23.99741,7.57047,1.16179
87847000000,-642.73260,-255.95280,26.23153,0.99916,-0.01999,-0.00551,-0.03532,-23.98030,7.61487,1.16519
87880000000,-643.51828,-255.68064,26.27000,0.99916,-0.02001,-0.00549,-0.03535,-23.96248,7.65928,1.16866
87913000000,-644.30298,-255.40700,26.30855,0.99916,-0.02000,-0.00550,-0.03540,-23.94432,7.70210,1.17081
