17060000000,5.25000,19.99738,0.01706,0.70711,-0.00000,-0.00000,-0.70711,0.00000,-0.00000,0.00100
17080000000,5.25000,19.99738,0.01708,0.70711,-0.00000,-0.00000,-0.70711,0.00000,-0.00000,0.00100
17100000000,5.25000,19.99738,0.01710,0.70711,-0.00000,-0.00000,-0.70711,0.00000,-0.00000,0.00100
17120000000,5.25000,19.99738,0.01712,0.70711,-0.00000,-0.00000,-0.70711,0.00000,-0.00000,0.00100
17140000000,5.25000,19.99738,0.01714,0.70711,-0.00000,-0.00000,-0.70711,0.00000,-0.00000,0.00100
17160000000,5.25000,19.99738,0.01716,0.70711,-0.00000,-0.00000,-0.70711,0.00000,-0.00000,0.00100
17180000000,5.25000,19.99738,0.01718,0.70711,-0.00000,-0.00000,-0.70711,0.00000,-0.00000,0.00100
17200000000,5.25000,19.99738,0.01720,0.70711,-0.00000,-0.00000,-0.70711,0.00000,-0.00000,0.00100
17220000000,5.25000,19.99738,0.01722,0.70711,-0.00000,-0.00000,-0.70711,0.00000,-0.00000,0.00100
17240000000,5.25000,19.99738,0.01724,0.70711,-0.00000,-0.00000,-0.70711,0.00000,-0.00000,0.00100
17260000000,5.25000,19.99738,0.01726,0.70711,-0.00000,-0.00000,-0.70711,0.00000,-0.00000,0.00100
17280000000,5.25000,19.99738,0.01728,0.70711,-0.00000,-0.00000,-0.70711,0.00000,-0.00000,0.00100
17300000000,5.25000,19.99738,0.01730,0.70711,-0.00000,-0.00000,-0.70711,0.00000,-0.00000,0.00100
17320000000,5.25000,19.99738,0.01732,0.70711,-0.00000,-0.00000,-0.70711,0.00000,-0.00000,0.00100
17340000000,5.25000,19.99738,0.01734,0.70711,-0.00000,-0.00000,-0.70711,0.00000,-0.00000,0.00100
17360000000,5.25000,19.99738,0.01736,0.70711,-0.00000,-0.00000,-0.70711,0.00000,-0.00000,0.00100
17380000000,5.25000,19.99738,0.01738,0.70711,-0.00000,-0.00000,-0.70711,0.00000,-0.00000,0.00100
17400000000,5.25000,19.99738,0.01740,0.70711,-0.00000,-0.00000,-0.70711,0.00000,-0.00000,0.00100
17420000000,5.25000,19.99738,0.01742,0.70711,-0.00000,-0.00000,-0.70711,0.00000,-0.00000,0.00100
17440000000,5.25000,19.99738,0.01744,0.70711,-0.00000,-0.00000,-0.70711,0.00000,-0.00000,0.00100
17460000000,5.25000,19.99738,0.01746,0.70711,-0.00000,-0.00000,-0.70711,0.00000,-0.00000,0.00100
17480000000,5.25000,19.99738,0.01748,0.70711,-0.00000,-0.00000,-0.70711,0.00000,-0.00000,0.00100
17500000000,5.25000,19.99738,0.01750,0.70711,-0.00000,-0.00000,-0.70711,0.00000,-0.00000,0.00100
17520000000,5.25000,19.99738,0.01752,0.70711,-0.00000,-0.00000,-0.70711,0.00000,-0.00000,0.00100
17540000000,5.25000,19.99738,0.01754,0.70711,-0.00000,-0.00000,-0.70711,0.00000,-0.00000,0.00100
17560000000,5.25000,19.99738,0.01756,0.70711,-0.00000,-0.00000,-0.70711,0.00000,-0.00000,0.00100
17580000000,5.25000,19.99738,0.01758,0.70711,-0.00000,-0.00000,-0.70711,0.00000,-0.00000,0.00100
17600000000,5.25000,19.99738,0.01760,0.70711,-0.00000,-0.00000,-0.70711,0.00000,-0.00000,0.00100
17620000000,5.25000,19.99738,0.01762,0.70711,-0.00000,-0.00000,-0.70711,0.00000,-0.00000,0.00100
17640000000,5.25000,19.99738,0.01764,0.70711,-0.00000,-0.00000,-0.70711,0.00000,-0.00000,0.00100
17660000000,5.25000,19.99738,0.01766,0.70711,-0.00000,-0.00000,-0.70711,0.00000,-0.00000,0.00100
17680000000,5.25000,19.99738,0.01768,0.70711,-0.00000,-0.00000,-0.70711,0.00000,-0.00000,0.00100
17700000000,5.25000,19.99738,0.01770,0.70711,-0.00000,-0.00000,-0.70711,0.00000,-0.00000,0.00100
17720000000,5.25000,19.99738,0.01772,0.70711,-0.00000,-0.00000,-0.70711,0.00000,-0.00000,0.00100
17740000000,5.25000,19.99738,0.01774,0.70711,-0.00000,-0.00000,-0.70711,0.00000,-0.00000,0.00100
17760000000,5.25000,19.99738,0.01776,0.70711,-0.00000,-0.00000,-0.70711,0.00000,-0.00000,0.00100
17780000000,5.25000,19.99738,0.01778,0.70711,-0.00000,-0.00000,-0.70711,0.00000,-0.00000,0.00100
17800000000,5.25000,19.99738,0.01780,0.70711,-0.00000,-0.00000,-0.70711,0.00000,-0.00000,0.00100
17820000000,5.25000,19.99738,0.01782,0.70711,-0.00000,-0.00000,-0.70711,0.00000,-0.00000,0.00100
17840000000,5.25000,19.99738,0.01784,0.70711,-0.00000,-0.00000,-0.70711,0.00000,-0.00000,0.00100
17860000000,5.25000,19.99738,0.01786,0.70711,-0.00000,-0.00000,-0.70711,0.00000,-0.00000,0.00100
17880000000,5.25000,19.99738,0.01788,0.70711,-0.00000,-0.00000,-0.70711,0.00000,-0.00000,0.00100
17900000000,5.25000,19.99738,0.01790,0.70711,-0.00000,-0.00000,-0.70711,0.00000,-0.00000,0.00100
17920000000,5.25000,19.99738,0.01792,0.70711,-0.00000,-0.00000,-0.70711,0.00000,-0.00000,0.00100
17940000000,5.25000,19.99738,0.01794,0.70711,-0.00000,-0.00000,-0.70711,0.00000,-0.00000,0.00100
17960000000,5.25000,19.99738,0.01796,0.70711,-0.00000,-0.00000,-0.70711,0.00000,-0.00000,0.00100
17980000000,5.25000,19.99738,0.01798,0.70711,-0.00000,-0.00000,-0.70711,0.00000,-0.00000,0.00100
18000000000,5.25000,19.99738,0.01800,0.70711,-0.00000,-0.00000,-0.70711,0.00000,-0.00000,0.00100
18020000000,5.25000,19.99738,0.01802,0.70711,-0.00000,-0.00000,-0.70711,0.00000,-0.00000,0.00100
18040000000,5.25000,19.99738,0.01804,0.70711,-0.00000,-0.00000,-0.70711,0.00000,-0.00000,0.00100
18060000000,5.25000,19.99738,0.01806,0.70711,-0.00000,-0.00000,-0.70711,0.00000,-0.00000,0.00100
18080000000,5.25000,19.99738,0.01808,0.70711,-0.00000,-0.00000,-0.70711,0.00000,-0.00000,0.00100
18100000000,5.25000,19.99738,0.01810,0.70711,-0.00000,-0.00000,-0.70711,0.00000,-0.00000,0.00100
18120000000,5.25000,19.99738,0.01812,0.70711,-0.00000,-0.00000,-0.70711,0.00000,-0.00000,0.00100
18140000000,5.25000,19.99738,0.01814,0.70711,-0.00000,-0.00000,-0.70711,0.00000,-0.00000,0.00100
18160000000,5.25000,19.99738,0.01816,0.70711,-0.00000,-0.00000,-0.70711,0.00000,-0.00000,0.00100
18180000000,5.25000,19.99738,0.01818,0.70711,-0.00000,-0.00000,-0.70711,0.00000,-0.00000,0.00100
18200000000,5.25000,19.99738,0.01820,0.70711,-0.00000,-0.00000,-0.70711,0.00000,-0.00000,0.00100
18220000000,5.25000,19.99738,0.01822,0.70711,-0.00000,-0.00000,-0.70711,0.00000,-0.00000,0.00100
18240000000,5.25000,19.99738,0.01824,0.70711,-0.00000,-0.00000,-0.70711,0.00000,-0.00000,0.00100
18260000000,5.25000,19.99738,0.01826,0.70711,-0.00000,-0.00000,-0.70711,0.00000,-0.00000,0.00100
18280000000,5.25000,19.99738,0.01828,0.70711,-0.00000,-0.00000,-0.70711,0.00000,-0.00000,0.00100
18300000000,5.25000,19.99738,0.01830,0.70711,-0.00000,-0.00000,-0.70711,0.00000,-0.00000,0.00100
18320000000,5.25000,19.99738,0.01832,0.70711,-0.00000,-0.00000,-0.70711,0.00000,-0.00000,0.00100
18340000000,5.25000,19.99738,0.01834,0.70711,-0.00000,-0.00000,-0.70711,0.00000,-0.00000,0.00100
18360000000,5.25000,19.99738,0.01836,0.70711,-0.00000,-0.00000,-0.70711,0.00000,-0.00000,0.00100
18380000000,5.25000,19.99738,0.01838,0.70711,-0.00000,-0.00000,-0.70711,0.00000,-0.00000,0.00100
18400000000,5.25000,19.99738,0.01840,0.70711,-0.00000,-0.00000,-0.70711,0.00000,-0.00000,0.00100
18420000000,5.25000,19.99738,0.01842,0.70711,-0.00000,-0.00000,-0.70711,0.00000,-0.00000,0.00100
18440000000,5.25000,19.99738,0.01844,0.70711,-0.00000,-0.00000,-0.70711,0.00000,-0.00000,0.00100
18460000000,5.25000,19.99738,0.01846,0.70711,-0.00000,-0.00000,-0.70711,0.00000,-0.00000,0.00100
18480000000,5.25000,19.99738,0.01848,0.70711,-0.00000,-0.00000,-0.70711,0.00000,-0.00000,0.00100
18500000000,5.25000,19.99738,0.01850,0.70711,-0.00000,-0.00000,-0.70711,0.00000,-0.00000,0.00100
18520000000,5.25000,19.99738,0.01852,0.70711,-0.00000,-0.00000,-0.70711,0.00000,-0.00000,0.00100
18540000000,5.25000,19.99738,0.01854,0.70711,-0.00000,-0.00000,-0.70711,0.00000,-0.00000,0.00100
18560000000,5.25000,19.99738,0.01856,0.70711,-0.00000,-0.00000,-0.70711,0.00000,-0.00000,0.00100
18580000000,5.25000,19.99738,0.01858,0.70711,-0.00000,-0.00000,-0.70711,0.00000,-0.00000,0.00100
18600000000,5.25000,19.99738,0.01860,0.70711,-0.00000,-0.00000,-0.70711,0.00000,-0.00000,0.00100
18620000000,5.25000,19.99738,0.01862,0.70711,-0.00000,-0.00000,-0.70711,0.00000,-0.00000,0.00100
18640000000,5.25000,19.99738,0.01864,0.70711,-0.00000,-0.00000,-0.70711,0.00000,-0.00000,0.00100
18660000000,5.25000,19.99738,0.01866,0.70711,-0.00000,-0.00000,-0.70711,0.00000,-0.00000,0.00100
18680000000,5.25000,19.99738,0.01868,0.70711,-0.00000,-0.00000,-0.70711,0.00000,-0.00000,0.00100
18700000000,5.25000,19.99738,0.01870,0.70711,-0.00000,-0.00000,-0.70711,0.00000,-0.00000,0.00100
18720000000,5.25000,19.99738,0.01872,0.70711,-0.00000,-0.00000,-0.70711,0.00000,-0.00000,0.00100
18740000000,5.25000,19.99738,0.01874,0.70711,-0.00000,-0.00000,-0.70711,0.00000,-0.00000,0.00100
18760000000,5.25000,19.99738,0.01876,0.70711,-0.00000,-0.00000,-0.70711,0.00000,-0.00000,0.00100
18780000000,5.25000,19.99738,0.01878,0.70711,-0.00000,-0.00000,-0.70711,0.00000,-0.00000,0.00100
18800000000,5.25000,19.99738,0.01880,0.70711,-0.00000,-0.00000,-0.70711,0.00000,-0.00000,0.00100
18820000000,5.25000,19.99738,0.01882,0.70711,-0.00000,-0.00000,-0.70711,0.00000,-0.00000,0.00100
18840000000,5.25000,19.99738,0.01884,0.70711,-0.00000,-0.00000,-0.70711,0.00000,-0.00000,0.00100
18860000000,5.25000,19.99738,0.01886,0.70711,-0.00000,-0.00000,-0.70711,0.00000,-0.00000,0.00100
18880000000,5.25000,19.99738,0.01888,0.70711,-0.00000,-0.00000,-0.70711,0.00000,-0.00000,0.00100
18900000000,5.25000,19.99738,0.01890,0.70711,-0.00000,-0.00000,-0.70711,0.00000,-0.00000,0.00100
18920000000,5.25000,19.99738,0.01892,0.70711,-0.00000,-0.00000,-0.70711,0.00000,-0.00000,0.00100
18940000000,5.25000,19.99738,0.01894,0.70711,-0.00000,-0.00000,-0.70711,0.00000,-0.00000,0.00100
18960000000,5.25000,19.99738,0.01896,0.70711,-0.00000,-0.00000,-0.70711,0.00000,-0.00000,0.00100
18980000000,5.25000,19.99738,0.01898,0.70711,-0.00000,-0.00000,-0.70711,0.00000,-0.00000,0.00100
19000000000,5.25000,19.99738,0.01900,0.70711,-0.00000,-0.00000,-0.70711,0.00000,-0.00000,0.00100
19020000000,5.25000,19.99738,0.01902,0.70711,-0.00000,-0.00000,-0.70711,0.00000,-0.00000,0.00100
19040000000,5.25000,19.99738,0.01904,0.70711,-0.00000,-0.00000,-0.70711,0.00000,-0.00000,0.00100
19060000000,5.25000,19.99738,0.01906,0.70711,-0.00000,-0.00000,-0.70711,0.00000,-0.00000,0.00100
19080000000,5.25000,19.99738,0.01908,0.70711,-0.00000,-0.00000,-0.70711,0.00000,-0.00000,0.00100
19100000000,5.25000,19.99738,0.01910,0.70711,-0.00000,-0.00000,-0.70711,0.00000,-0.00000,0.00100
19120000000,5.25000,19.99738,0.01912,0.70711,-0.00000,-0.00000,-0.70711,0.00000,-0.00000,0.00100
19140000000,5.25000,19.99738,0.01914,0.70711,-0.00000,-0.00000,-0.70711,0.00000,-0.00000,0.00100
19160000000,5.25000,19.99738,0.01916,0.70711,-0.00000,-0.00000,-0.70711,0.00000,-0.00000,0.00100
19180000000,5.25000,19.99738,0.01918,0.70711,-0.00000,-0.00000,-0.70711,0.00000,-0.00000,0.00100
19200000000,5.25000,19.99738,0.01920,0.70711,-0.00000,-0.00000,-0.70711,0.00000,-0.00000,0.00100
19220000000,5.25000,19.99738,0.01922,0.70711,-0.00000,-0.00000,-0.70711,0.00000,-0.00000,0.00100
19240000000,5.25000,19.99738,0.01924,0.70711,-0.00000,-0.00000,-0.70711,0.00000,-0.00000,0.00100
19260000000,5.25000,19.99738,0.01926,0.70711,-0.00000,-0.00000,-0.70711,0.00000,-0.00000,0.00100
19280000000,5.25000,19.99738,0.01928,0.70711,-0.00000,-0.00000,-0.70711,0.00000,-0.00000,0.00100
19300000000,5.25000,19.99729,0.01930,0.70711,-0.00000,-0.00000,-0.70711,0.00900,0.00000,0.00110
19320000000,5.25000,19.99680,0.01932,0.70711,-0.00000,-0.00000,-0.70711,0.03000,0.00000,0.00100
19340000000,5.25000,19.99600,0.01934,0.70711,-0.00000,-0.00000,-0.70711,0.04500,0.00000,0.00100
19360000000,5.25000,19.99500,0.01936,0.70711,-0.00000,-0.00000,-0.70711,0.05550,0.00000,0.00100
19380000000,5.25000,19.99377,0.01938,0.70711,-0.00000,-0.00000,-0.70711,0.06300,0.00000,0.00100
19400000000,5.25000,19.99226,0.01940,0.70711,-0.00000,-0.00000,-0.70711,0.07590,0.00000,0.00100
19420000000,5.25000,19.99033,0.01942,0.70711,-0.00000,-0.00000,-0.70711,0.10320,0.00000,0.00100
19440000000,5.25000,19.98814,0.01944,0.70711,-0.00000,-0.00000,-0.70711,0.11400,0.00000,0.00100
19460000000,5.25000,19.98567,0.01946,0.70711,-0.00000,-0.00000,-0.70711,0.12750,0.00000,0.00100
19480000000,5.25000,19.98286,0.01948,0.70711,-0.00000,-0.00000,-0.70711,0.14550,0.00000,0.00100
19500000000,5.25000,19.97977,0.01950,0.70711,-0.00000,-0.00000,-0.70711,0.15900,0.00000,0.00100
19520000000,5.25000,19.97623,0.01952,0.70711,-0.00000,-0.00000,-0.70711,0.18000,0.00000,0.00100
19540000000,5.25000,19.97245,0.01954,0.70711,-0.00000,-0.00000,-0.70711,0.19500,0.00000,0.00100
19560000000,5.25000,19.96848,0.01956,0.70711,-0.00000,-0.00000,-0.70711,0.20250,0.00000,0.00100
19580000000,5.25000,19.96410,0.01958,0.70711,-0.00000,-0.00000,-0.70711,0.22500,0.00000,0.00100
19600000000,5.25000,19.95960,0.01960,0.70711,-0.00000,-0.00000,-0.70711,0.22500,0.00000,0.00100
19620000000,5.25000,19.95465,0.01962,0.70711,-0.00000,-0.00000,-0.70711,0.25500,0.00000,0.00100
19640000000,5.25000,19.94940,0.01964,0.70711,-0.00000,-0.00000,-0.70711,0.26910,0.00000,0.00100
19660000000,5.25000,19.94391,0.01966,0.70711,-0.00000,-0.00000,-0.70711,0.27900,0.00000,0.00100
19680000000,5.25000,19.93810,0.01968,0.70711,-0.00000,-0.00000,-0.70711,0.29550,0.00000,0.00100
19700000000,5.25000,19.93201,0.01970,0.70711,-0.00000,-0.00000,-0.70711,0.30900,0.00000,0.00100
19720000000,5.25000,19.92556,0.01972,0.70711,-0.00000,-0.00000,-0.70711,0.32910,0.00000,0.00100
19740000000,5.25000,19.91883,0.01974,0.70711,-0.00000,-0.00000,-0.70711,0.34320,0.00000,0.00100
19760000000,5.25000,19.91190,0.01976,0.70711,-0.00000,-0.00000,-0.70711,0.34800,0.00000,0.00100
19780000000,5.25000,19.90455,0.01978,0.70711,-0.00000,-0.00000,-0.70711,0.37410,0.00000,0.00100
19800000000,5.25000,19.89691,0.01980,0.70711,-0.00000,-0.00000,-0.70711,0.38820,0.00000,0.00100
19820000000,5.25000,19.88886,0.01982,0.70711,-0.00000,-0.00000,-0.70711,0.40500,0.00000,0.00100
19840000000,5.25000,19.88062,0.01984,0.70711,-0.00000,-0.00000,-0.70711,0.41820,0.00000,0.00100
19860000000,5.25000,19.87209,0.01986,0.70711,-0.00000,-0.00000,-0.70711,0.43320,0.00000,0.00100
19880000000,5.25000,19.86319,0.01988,0.70711,-0.00000,-0.00000,-0.70711,0.45000,0.00000,0.00100
19900000000,5.25000,19.85415,0.01990,0.70711,-0.00000,-0.00000,-0.70711,0.45450,0.00000,0.00100
19920000000,5.25000,19.84468,0.01992,0.70711,-0.00000,-0.00000,-0.70711,0.47970,0.00000,0.00100
19940000000,5.25000,19.83495,0.01994,0.70711,-0.00000,-0.00000,-0.70711,0.49320,0.00000,0.00100
19960000000,5.25000,19.82494,0.01996,0.70711,-0.00000,-0.00000,-0.70711,0.50550,0.00000,0.00100
19980000000,5.25000,19.81459,0.01998,0.70711,-0.00000,-0.00000,-0.70711,0.52410,0.00000,0.00100
20000000000,5.25000,19.80393,0.02000,0.70711,-0.00000,-0.00000,-0.70711,0.53970,0.00000,0.00100
20020000000,5.25000,19.79307,0.02002,0.70711,-0.00000,-0.00000,-0.70711,0.54600,0.00000,0.00100
20040000000,5.25000,19.78183,0.02004,0.70711,-0.00000,-0.00000,-0.70711,0.56820,0.00000,0.00100
20060000000,5.25000,19.77025,0.02006,0.70711,-0.00000,-0.00000,-0.70711,0.58500,0.00000,0.00100
20080000000,5.25000,19.75845,0.02008,0.70711,-0.00000,-0.00000,-0.70711,0.59550,0.00000,0.00100
20100000000,5.25000,19.74636,0.02010,0.70711,-0.00000,-0.00000,-0.70711,0.60900,0.00000,0.00100
20120000000,5.25000,19.73385,0.02012,0.70711,-0.00000,-0.00000,-0.70711,0.63000,0.00000,0.00100
20140000000,5.25000,19.72105,0.02014,0.70711,-0.00000,-0.00000,-0.70711,0.64500,0.00000,0.00100
20160000000,5.25000,19.70802,0.02016,0.70711,-0.00000,-0.00000,-0.70711,0.65820,0.00000,0.00100
20180000000,5.25000,19.69465,0.02018,0.70711,-0.00000,-0.00000,-0.70711,0.67470,0.00000,0.00100
20200000000,5.25000,19.68102,0.02020,0.70711,-0.00000,-0.00000,-0.70711,0.68820,0.00000,0.00100
20220000000,5.25000,19.66698,0.02022,0.70711,-0.00000,-0.00000,-0.70711,0.70500,0.00000,0.00100
20240000000,5.25000,19.65271,0.02024,0.70711,-0.00000,-0.00000,-0.70711,0.71970,0.00000,0.00100
20260000000,5.25000,19.63813,0.02026,0.70711,-0.00000,-0.00000,-0.70711,0.73500,0.00000,0.00100
20280000000,5.25000,19.62331,0.02028,0.70711,-0.00000,-0.00000,-0.70711,0.74700,0.00000,0.00100
20300000000,5.25000,19.60822,0.02030,0.70711,-0.00000,-0.00000,-0.70711,0.75900,0.00000,0.00100
20320000000,5.25000,19.59285,0.02032,0.70711,-0.00000,-0.00000,-0.70711,0.77250,0.00000,0.00100
20340000000,5.25000,19.57710,0.02034,0.70711,-0.00000,-0.00000,-0.70711,0.79410,0.00000,0.00100
20360000000,5.25000,19.56097,0.02036,0.70711,-0.00000,-0.00000,-0.70711,0.81000,0.00000,0.00100
20380000000,5.25000,19.54456,0.02038,0.70711,-0.00000,-0.00000,-0.70711,0.82500,0.00000,0.00100
20400000000,5.25000,19.52791,0.02040,0.70711,-0.00000,-0.00000,-0.70711,0.83910,0.00000,0.00100
20420000000,5.25000,19.51096,0.02042,0.70711,-0.00000,-0.00000,-0.70711,0.85410,0.00000,0.00100
20440000000,5.25000,19.49383,0.02044,0.70711,-0.00000,-0.00000,-0.70711,0.85800,0.00000,0.00100
20460000000,5.25000,19.47630,0.02046,0.70711,-0.00000,-0.00000,-0.70711,0.88320,0.00000,0.00100
20480000000,5.25000,19.45859,0.02048,0.70711,-0.00000,-0.00000,-0.70711,0.88590,0.00000,0.00100
20500000000,5.25000,19.44042,0.02050,0.70711,-0.00000,-0.00000,-0.70711,0.91500,0.00000,0.00100
20520000000,5.25000,19.42204,0.02052,0.70711,-0.00000,-0.00000,-0.70711,0.92250,0.00000,0.00100
20540000000,5.25000,19.40332,0.02054,0.70711,-0.00000,-0.00000,-0.70711,0.94200,0.00000,0.00100
20560000000,5.25000,19.38435,0.02056,0.70711,-0.00000,-0.00000,-0.70711,0.95250,0.00000,0.00100
20580000000,5.25000,19.36510,0.02058,0.70711,-0.00000,-0.00000,-0.70711,0.96450,0.00000,0.00100
20600000000,5.25000,19.34542,0.02060,0.70711,-0.00000,-0.00000,-0.70711,0.99000,0.00000,0.00100
20620000000,5.25000,19.32552,0.02062,0.70711,-0.00000,-0.00000,-0.70711,1.00050,0.00000,0.00100
20640000000,5.25000,19.30533,0.02064,0.70711,-0.00000,-0.00000,-0.70711,1.01400,0.00000,0.00093
20660000000,5.25000,19.28479,0.02065,0.70711,-0.00000,-0.00000,-0.70711,1.03320,0.00000,0.00076
20680000000,5.25000,19.26402,0.02067,0.70711,-0.00000,-0.00000,-0.70711,1.04250,0.00000,0.00062
20700000000,5.25000,19.24296,0.02068,0.70711,-0.00000,-0.00000,-0.70711,1.05600,0.00000,0.00051
20720000000,5.25000,19.22145,0.02069,0.70711,-0.00000,-0.00000,-0.70711,1.08000,0.00000,0.00041
20740000000,5.25000,19.19961,0.02069,0.70711,-0.00000,-0.00000,-0.70711,1.09500,0.00000,0.00034
20760000000,5.25000,19.17747,0.02070,0.70711,-0.00000,-0.00000,-0.70711,1.11000,0.00000,0.00028
20780000000,5.25000,19.15518,0.02070,0.70711,-0.00000,-0.00000,-0.70711,1.11900,0.00000,0.00023
20800000000,5.25000,19.13259,0.02071,0.70711,-0.00000,-0.00000,-0.70711,1.13400,0.00000,0.00019
20820000000,5.25000,19.10956,0.02071,0.70711,-0.00000,-0.00000,-0.70711,1.15500,0.00000,0.00015
20840000000,5.25000,19.08646,0.02071,0.70711,-0.00000,-0.00000,-0.70711,1.15500,0.00000,0.00012
20860000000,5.25000,19.06302,0.02072,0.70711,-0.00000,-0.00000,-0.70711,1.18320,0.00000,0.00010
20880000000,5.25000,19.03918,0.02072,0.70711,-0.00000,-0.00000,-0.70711,1.19820,0.00000,0.00008
20900000000,5.25000,19.01500,0.02072,0.70711,-0.00000,-0.00000,-0.70711,1.21500,0.00000,0.00007
20920000000,5.25000,18.99049,0.02072,0.70711,0.00000,0.00000,-0.70711,1.23000,0.00000,0.00006
20940000000,5.25000,18.96582,0.02072,0.70711,0.00000,0.00000,-0.70711,1.23750,0.00000,0.00005
20960000000,5.25000,18.94078,0.02072,0.70711,0.00000,0.00000,-0.70711,1.25820,0.00000,0.00004
20980000000,5.25000,18.91558,0.02072,0.70711,0.00000,0.00000,-0.70711,1.26000,0.00000,0.00003
21000000000,5.25000,18.89007,0.02072,0.70711,0.00000,0.00000,-0.70711,1.28250,0.00000,0.00002
21020000000,5.25000,18.86427,0.02072,0.70711,0.00000,0.00000,-0.70711,1.29000,0.00000,0.00002
21040000000,5.25000,18.83836,0.02072,0.70711,0.00000,0.00000,-0.70711,1.30080,0.00000,0.00002
21060000000,5.25000,18.81180,0.02072,0.70711,0.00000,0.00000,-0.70711,1.33470,0.00000,0.00001
21080000000,5.25000,18.78504,0.02072,0.70711,0.00000,0.00000,-0.70711,1.34100,0.00000,0.00001
21100000000,5.25000,18.75804,0.02073,0.70711,0.00000,0.00000,-0.70711,1.35000,0.00000,0.00001
21120000000,5.25000,18.73066,0.02073,0.70711,0.00000,0.00000,-0.70711,1.37700,0.00000,0.00001
21140000000,5.25000,18.70285,0.02073,0.70711,0.00000,0.00000,-0.70711,1.39500,0.00000,0.00001
21160000000,5.25000,18.67480,0.02073,0.70711,0.00000,0.00000,-0.70711,1.40910,0.00000,0.00000
21180000000,5.25000,18.64654,0.02073,0.70711,0.00000,0.00000,-0.70711,1.41600,0.00000,0.00000
21200000000,5.24999,18.61792,0.02073,0.70711,0.00000,0.00000,-0.70711,1.43700,0.00000,0.00000
21220000000,5.24999,18.58908,0.02073,0.70711,0.00000,0.00000,-0.70711,1.44450,0.00000,0.00000
21240000000,5.24999,18.55984,0.02073,0.70711,0.00000,0.00000,-0.70711,1.46820,0.00000,0.00000
21260000000,5.24999,18.53040,0.02073,0.70711,0.00000,0.00000,-0.70711,1.47450,0.00000,0.00000
21280000000,5.24999,18.50070,0.02073,0.70711,0.00000,0.00000,-0.70711,1.48500,0.00000,0.00000
21300000000,5.24999,18.47079,0.02073,0.70711,0.00000,0.00000,-0.70711,1.50000,0.00000,0.00000
21320000000,5.24999,18.44079,0.02073,0.70711,0.00000,0.00000,-0.70711,1.50000,0.00000,0.00000
21340000000,5.24999,18.41079,0.02073,0.70711,0.00000,0.00000,-0.70711,1.50000,0.00000,0.00000
21360000000,5.24999,18.38079,0.02073,0.70711,0.00000,0.00000,-0.70711,1.50000,0.00000,0.00000
21380000000,5.24999,18.35079,0.02073,0.70711,0.00000,0.00000,-0.70711,1.50000,0.00000,0.00000
21400000000,5.24999,18.32079,0.02073,0.70711,0.00000,0.00000,-0.70711,1.50000,0.00000,0.00000
21420000000,5.24999,18.29079,0.02073,0.70711,0.00000,0.00000,-0.70711,1.50000,0.00000,0.00000
21440000000,5.24999,18.26079,0.02073,0.70711,0.00000,0.00000,-0.70711,1.50000,0.00000,0.00000
21460000000,5.24999,18.23079,0.02073,0.70711,0.00000,0.00000,-0.70711,1.50000,0.00000,0.00000
21480000000,5.24999,18.20079,0.02073,0.70711,0.00000,0.00000,-0.70711,1.50000,0.00000,0.00000
21500000000,5.24999,18.17079,0.02073,0.70711,0.00000,0.00000,-0.70711,1.50000,0.00000,0.00000
21520000000,5.24999,18.14079,0.02073,0.70711,0.00000,0.00000,-0.70711,1.50000,0.00000,0.00000
21540000000,5.24999,18.11079,0.02073,0.70711,0.00000,0.00000,-0.70711,1.50000,0.00000,0.00000
21560000000,5.24999,18.08079,0.02073,0.70711,0.00000,0.00000,-0.70711,1.50000,0.00000,0.00000
21580000000,5.24999,18.05079,0.02073,0.70711,0.00000,0.00000,-0.70711,1.50000,0.00000,0.00000
21600000000,5.24999,18.02079,0.02073,0.70711,0.00000,0.00000,-0.70711,1.50000,0.00000,0.00000
21620000000,5.24999,17.99079,0.02073,0.70711,0.00000,0.00000,-0.70711,1.50000,0.00000,0.00000
21640000000,5.24999,17.96079,0.02073,0.70711,0.00000,0.00000,-0.70711,1.50000,0.00000,0.00000
21660000000,5.24999,17.93079,0.02073,0.70711,0.00000,0.00000,-0.70711,1.50000,0.00000,0.00000
21680000000,5.24999,17.90079,0.02073,0.70711,0.00000,0.00000,-0.70711,1.50000,0.00000,0.00000
21700000000,5.24999,17.87079,0.02073,0.70711,0.00000,0.00000,-0.70711,1.50000,0.00000,0.00000
21720000000,5.24999,17.84079,0.02073,0.70711,0.00000,0.00000,-0.70711,1.50000,0.00000,0.00000
21740000000,5.24999,17.81079,0.02073,0.70711,0.00000,0.00000,-0.70711,1.50000,0.00000,0.00000
21760000000,5.24999,17.78079,0.02073,0.70711,0.00000,0.00000,-0.70711,1.50000,0.00000,0.00000
21780000000,5.24999,17.75079,0.02073,0.70711,0.00000,0.00000,-0.70711,1.50000,0.00000,0.00000
21800000000,5.24999,17.72079,0.02073,0.70711,0.00000,0.00000,-0.70711,1.50000,0.00000,0.00000
21820000000,5.24999,17.69079,0.02073,0.70711,0.00000,0.00000,-0.70711,1.50000,0.00000,0.00000
21840000000,5.24999,17.66079,0.02073,0.70711,0.00000,0.00000,-0.70711,1.50000,0.00000,0.00000
21860000000,5.24999,17.63079,0.02073,0.70711,0.00000,0.00000,-0.70711,1.50000,0.00000,0.00000
21880000000,5.24999,17.60079,0.02073,0.70711,0.00000,0.00000,-0.70711,1.50000,0.00000,0.00000
21900000000,5.24999,17.57079,0.02073,0.70711,0.00000,0.00000,-0.70711,1.50000,0.00000,0.00000
21920000000,5.24999,17.54079,0.02073,0.70711,0.00000,0.00000,-0.70711,1.50000,0.00000,0.00000
21940000000,5.24999,17.51079,0.02073,0.70711,0.00000,0.00000,-0.70711,1.50000,0.00000,0.00000
21960000000,5.24999,17.48079,0.02073,0.70711,0.00000,0.00000,-0.70711,1.50000,0.00000,0.00000
21980000000,5.24999,17.45079,0.02073,0.70711,0.00000,0.00000,-0.70711,1.50000,0.00000,0.00000
22000000000,5.24999,17.42079,0.02073,0.70711,0.00000,0.00000,-0.70711,1.50000,0.00000,0.00000
22020000000,5.24999,17.39079,0.02073,0.70711,0.00000,0.00000,-0.70711,1.50000,0.00000,0.00000
22040000000,5.24999,17.36079,0.02073,0.70711,0.00000,0.00000,-0.70711,1.50000,0.00000,0.00000
22060000000,5.24999,17.33079,0.02073,0.70711,0.00000,0.00000,-0.70711,1.50000,0.00000,0.00000
22080000000,5.24999,17.30079,0.02073,0.70711,0.00000,0.00000,-0.70711,1.50000,0.00000,0.00000
22100000000,5.24999,17.27079,0.02073,0.70711,0.00000,0.00000,-0.70711,1.50000,0.00000,0.00000
22120000000,5.24999,17.24079,0.02073,0.70711,0.00000,0.00000,-0.70711,1.50000,0.00000,0.00000
22140000000,5.24999,17.21079,0.02073,0.70711,0.00000,0.00000,-0.70711,1.50000,0.00000,0.00000
22160000000,5.24999,17.18079,0.02073,0.70711,0.00000,0.00000,-0.70711,1.50000,0.00000,0.00000
22180000000,5.24999,17.15079,0.02073,0.70711,0.00000,0.00000,-0.70711,1.50000,0.00000,0.00000
22200000000,5.24999,17.12079,0.02073,0.70711,0.00000,0.00000,-0.70711,1.50000,0.00000,0.00000
22220000000,5.24999,17.09079,0.02073,0.70711,0.00000,0.00000,-0.70711,1.50000,0.00000,0.00000
22240000000,5.24999,17.06079,0.02073,0.70711,0.00000,0.00000,-0.70711,1.50000,0.00000,0.00000
22260000000,5.24999,17.03079,0.02073,0.70711,0.00000,0.00000,-0.70711,1.50000,0.00000,0.00000
22280000000,5.24999,17.00079,0.02073,0.70711,0.00000,0.00000,-0.70711,1.50000,0.00000,0.00000
22300000000,5.24999,16.97079,0.02073,0.70711,0.00000,0.00000,-0.70711,1.50000,0.00000,0.00000
22320000000,5.24999,16.94079,0.02073,0.70711,0.00000,0.00000,-0.70711,1.50000,0.00000,0.00000
22340000000,5.24999,16.91079,0.02073,0.70711,0.00000,0.00000,-0.70711,1.50000,0.00000,0.00000
22360000000,5.24999,16.88079,0.02073,0.70711,0.00000,0.00000,-0.70711,1.50000,0.00000,0.00000
22380000000,5.24999,16.85079,0.02073,0.70711,0.00000,0.00000,-0.70711,1.50000,0.00000,0.00000
22400000000,5.24999,16.82079,0.02073,0.70711,0.00000,0.00000,-0.70711,1.50000,0.00000,0.00000
22420000000,5.24999,16.79079,0.02073,0.70711,0.00000,0.00000,-0.70711,1.50000,0.00000,0.00000
22440000000,5.24999,16.76079,0.02073,0.70711,0.00000,0.00000,-0.70711,1.50000,0.00000,0.00000
22460000000,5.24999,16.73079,0.02073,0.70711,0.00000,0.00000,-0.70711,1.50000,0.00000,0.00000
22480000000,5.24999,16.70079,0.02073,0.70711,0.00000,0.00000,-0.70711,1.50000,0.00000,0.00000
22500000000,5.24999,16.67079,0.02073,0.70711,0.00000,0.00000,-0.70711,1.50000,0.00000,0.00000
22520000000,5.24999,16.64079,0.02073,0.70711,0.00000,0.00000,-0.70711,1.50000,0.00000,0.00000
22540000000,5.24999,16.61079,0.02073,0.70711,0.00000,0.00000,-0.70711,1.50000,0.00000,0.00000
22560000000,5.24999,16.58079,0.02073,0.70711,0.00000,0.00000,-0.70711,1.50000,0.00000,0.00000
22580000000,5.24999,16.55079,0.02073,0.70711,0.00000,0.00000,-0.70711,1.50000,0.00000,0.00000
22600000000,5.24999,16.52079,0.02073,0.70711,0.00000,0.00000,-0.70711,1.50000,0.00000,0.00000
22620000000,5.24999,16.49079,0.02073,0.70711,0.00000,0.00000,-0.70711,1.50000,0.00000,0.00000
22640000000,5.24999,16.46079,0.02073,0.70711,0.00000,0.00000,-0.70711,1.50000,0.00000,0.00000
22660000000,5.24999,16.43079,0.02073,0.70711,0.00000,0.00000,-0.70711,1.50000,0.00000,0.00000
22680000000,5.24999,16.40079,0.02073,0.70711,0.00000,0.00000,-0.70711,1.50000,0.00000,0.00000
22700000000,5.24999,16.37079,0.02073,0.70711,0.00000,0.00000,-0.70711,1.50000,0.00000,0.00000
22720000000,5.24999,16.34079,0.02073,0.70711,0.00000,0.00000,-0.70711,1.50000,0.00000,0.00000
22740000000,5.24999,16.31079,0.02073,0.70711,0.00000,0.00000,-0.70711,1.50000,0.00000,0.00000
22760000000,5.24999,16.28079,0.02073,0.70711,0.00000,0.00000,-0.70711,1.50000,0.00000,0.00000
22780000000,5.24999,16.25079,0.02073,0.70711,0.00000,0.00000,-0.70711,1.50000,0.00000,0.00000
22800000000,5.24999,16.22079,0.02073,0.70711,0.00000,0.00000,-0.70711,1.50000,0.00000,0.00000
22820000000,5.24999,16.19079,0.02073,0.70711,0.00000,0.00000,-0.70711,1.50000,0.00000,0.00000
22840000000,5.24999,16.16079,0.02073,0.70711,0.00000,0.00000,-0.70711,1.50000,0.00000,0.00000
22860000000,5.24999,16.13079,0.02073,0.70711,0.00000,0.00000,-0.70711,1.50000,0.00000,0.00000
22880000000,5.24999,16.10079,0.02073,0.70711,0.00000,0.00000,-0.70711,1.50000,0.00000,0.00000
22900000000,5.24999,16.07079,0.02073,0.70711,0.00000,0.00000,-0.70711,1.50000,0.00000,0.00000
22920000000,5.24999,16.04079,0.02073,0.70711,0.00000,0.00000,-0.70711,1.50000,0.00000,0.00000
22940000000,5.24999,16.01079,0.02073,0.70711,0.00000,0.00000,-0.70711,1.50000,0.00000,0.00000
22960000000,5.24999,15.98079,0.02073,0.70711,0.00000,0.00000,-0.70711,1.50000,0.00000,0.00000
22980000000,5.24999,15.95079,0.02073,0.70711,0.00000,0.00000,-0.70711,1.50000,0.00000,0.00000
23000000000,5.24999,15.92079,0.02073,0.70711,0.00000,0.00000,-0.70711,1.50000,0.00000,0.00000
23020000000,5.24998,15.89079,0.02073,0.70711,0.00000,0.00000,-0.70711,1.50000,0.00000,0.00000
23040000000,5.24998,15.86079,0.02073,0.70711,0.00000,0.00000,-0.70711,1.50000,0.00000,0.00000
23060000000,5.24998,15.83079,0.02073,0.70711,0.00000,0.00000,-0.70711,1.50000,0.00000,0.00000
23080000000,5.24998,15.80079,0.02073,0.70711,0.00000,0.00000,-0.70711,1.50000,0.00000,0.00000
23100000000,5.24998,15.77079,0.02073,0.70711,0.00000,0.00000,-0.70711,1.50000,0.00000,0.00000
23120000000,5.24998,15.74079,0.02073,0.70711,0.00000,0.00000,-0.70711,1.50000,0.00000,0.00000
23140000000,5.24998,15.71079,0.02073,0.70711,0.00000,0.00000,-0.70711,1.50000,0.00000,0.00000
23160000000,5.24998,15.68079,0.02073,0.70711,0.00000,0.00000,-0.70711,1.50000,0.00000,0.00000
23180000000,5.24998,15.65079,0.02073,0.70711,0.00000,0.00000,-0.70711,1.50000,0.00000,0.00000
23200000000,5.24998,15.62079,0.02073,0.70711,0.00000,0.00000,-0.70711,1.50000,0.00000,0.00000
23220000000,5.24998,15.59079,0.02073,0.70711,0.00000,0.00000,-0.70711,1.50000,0.00000,0.00000
23240000000,5.24998,15.56079,0.02073,0.70711,0.00000,0.00000,-0.70711,1.50000,0.00000,0.00000
23260000000,5.24998,15.53079,0.02073,0.70711,0.00000,0.00000,-0.70711,1.50000,0.00000,0.00000
23280000000,5.24998,15.50079,0.02073,0.70711,0.00000,0.00000,-0.70711,1.50000,0.00000,0.00000
23300000000,5.24998,15.47079,0.02073,0.70711,0.00000,0.00000,-0.70711,1.50000,0.00000,0.00000
23320000000,5.24998,15.44079,0.02073,0.70711,0.00000,0.00000,-0.70711,1.50000,0.00000,0.00000
23340000000,5.24998,15.41079,0.02073,0.70711,0.00000,0.00000,-0.70711,1.50000,0.00000,0.00000
23360000000,5.24998,15.38079,0.02073,0.70711,0.00000,0.00000,-0.70711,1.50000,0.00000,0.00000
23380000000,5.24998,15.35079,0.02073,0.70711,0.00000,0.00000,-0.70711,1.50000,0.00000,0.00000
23400000000,5.24998,15.32079,0.02073,0.70711,0.00000,0.00000,-0.70711,1.50000,0.00000,0.00000
23420000000,5.24998,15.29079,0.02073,0.70711,0.00000,0.00000,-0.70711,1.50000,0.00000,0.00000
23440000000,5.24998,15.26079,0.02073,0.70711,0.00000,0.00000,-0.70711,1.50000,0.00000,0.00000
23460000000,5.24998,15.23079,0.02073,0.70711,0.00000,0.00000,-0.70711,1.50000,0.00000,0.00000
23480000000,5.24998,15.20079,0.02073,0.70711,0.00000,0.00000,-0.70711,1.50000,0.00000,0.00000
23500000000,5.24998,15.17079,0.02073,0.70711,0.00000,0.00000,-0.70711,1.50000,0.00000,0.00000
23520000000,5.24998,15.14079,0.02073,0.70711,0.00000,0.00000,-0.70711,1.50000,0.00000,0.00000
23540000000,5.24998,15.11079,0.02073,0.70711,0.00000,0.00000,-0.70711,1.50000,0.00000,0.00000
23560000000,5.24998,15.08079,0.02073,0.70711,0.00000,0.00000,-0.70711,1.50000,0.00000,0.00000
23580000000,5.24998,15.05079,0.02073,0.70711,0.00000,0.00000,-0.70711,1.50000,0.00000,0.00000
23600000000,5.24998,15.02079,0.02073,0.70711,0.00000,0.00000,-0.70711,1.50000,0.00000,0.00000
23620000000,5.24998,14.99079,0.02073,0.70711,0.00000,0.00000,-0.70711,1.50000,0.00000,0.00000
23640000000,5.24998,14.96079,0.02073,0.70711,0.00000,0.00000,-0.70711,1.50000,0.00000,0.00000
23660000000,5.24998,14.93079,0.02073,0.70711,0.00000,0.00000,-0.70711,1.50000,0.00000,0.00000
23680000000,5.24998,14.90079,0.02073,0.70711,0.00000,0.00000,-0.70711,1.50000,0.00000,0.00000
23700000000,5.24998,14.87079,0.02073,0.70711,0.00000,0.00000,-0.70711,1.50000,0.00000,0.00000
23720000000,5.24998,14.84079,0.02073,0.70711,0.00000,0.00000,-0.70711,1.50000,0.00000,0.00000
23740000000,5.24998,14.81079,0.02073,0.70711,0.00000,0.00000,-0.70711,1.50000,0.00000,0.00000
23760000000,5.24998,14.78079,0.02073,0.70711,0.00000,0.00000,-0.70711,1.50000,0.00000,0.00000
23780000000,5.24998,14.75079,0.02073,0.70711,0.00000,0.00000,-0.70711,1.50000,0.00000,0.00000
23800000000,5.24998,14.72079,0.02073,0.70711,0.00000,0.00000,-0.70711,1.50000,0.00000,0.00000
23820000000,5.24998,14.69079,0.02073,0.70711,0.00000,0.00000,-0.70711,1.50000,0.00000,0.00000
23840000000,5.24998,14.66079,0.02073,0.70711,0.00000,0.00000,-0.70711,1.50000,0.00000,0.00000
23860000000,5.24998,14.63079,0.02073,0.70711,0.00000,0.00000,-0.70711,1.50000,0.00000,0.00000
23880000000,5.24998,14.60079,0.02073,0.70711,0.00000,0.00000,-0.70711,1.50000,0.00000,0.00000
23900000000,5.24998,14.57079,0.02073,0.70711,0.00000,0.00000,-0.70711,1.50000,0.00000,0.00000
23920000000,5.24998,14.54079,0.02073,0.70711,0.00000,0.00000,-0.70711,1.50000,0.00000,0.00000
23940000000,5.24998,14.51079,0.02073,0.70711,0.00000,0.00000,-0.70711,1.50000,0.00000,0.00000
23960000000,5.24998,14.48079,0.02073,0.70711,0.00000,0.00000,-0.70711,1.50000,0.00000,0.00000
23980000000,5.24998,14.45079,0.02073,0.70711,0.00000,0.00000,-0.70711,1.50000,0.00000,0.00000
24000000000,5.24998,14.42079,0.02073,0.70711,0.00000,0.00000,-0.70711,1.50000,0.00000,0.00000
24020000000,5.24998,14.39079,0.02073,0.70711,0.00000,0.00000,-0.70711,1.50000,0.00000,0.00000
24040000000,5.24998,14.36079,0.02073,0.70711,0.00000,0.00000,-0.70711,1.50000,0.00000,0.00000
24060000000,5.24998,14.33079,0.02073,0.70711,0.00000,0.00000,-0.70711,1.50000,0.00000,0.00000
24080000000,5.24998,14.30079,0.02073,0.70711,0.00000,0.00000,-0.70711,1.50000,0.00000,0.00000
24100000000,5.24998,14.27079,0.02073,0.70711,0.00000,0.00000,-0.70711,1.50000,0.00000,0.00000
24120000000,5.24998,14.24079,0.02073,0.70711,0.00000,0.00000,-0.70711,1.50000,0.00000,0.00000
24140000000,5.24998,14.21079,0.02073,0.70711,0.00000,0.00000,-0.70711,1.50000,0.00000,0.00000
24160000000,5.24998,14.18079,0.02073,0.70711,0.00000,0.00000,-0.70711,1.50000,0.00000,0.00000
24180000000,5.24998,14.15079,0.02073,0.70711,0.00000,0.00000,-0.70711,1.50000,0.00000,0.00000
24200000000,5.24998,14.12079,0.02073,0.70711,0.00000,0.00000,-0.70711,1.50000,0.00000,0.00000
24220000000,5.24998,14.09079,0.02073,0.70711,0.00000,0.00000,-0.70711,1.50000,0.00000,0.00000
24240000000,5.24998,14.06079,0.02073,0.70711,0.00000,0.00000,-0.70711,1.50000,0.00000,0.00000
24260000000,5.24998,14.03079,0.02073,0.70711,0.00000,0.00000,-0.70711,1.50000,0.00000,0.00000
24280000000,5.24998,14.00079,0.02073,0.70711,0.00000,0.00000,-0.70711,1.50000,0.00000,0.00000
24300000000,5.24998,13.97079,0.02073,0.70711,0.00000,0.00000,-0.70711,1.50000,0.00000,0.00000
24320000000,5.24998,13.94079,0.02073,0.70711,0.00000,0.00000,-0.70711,1.50000,0.00000,0.00000
24340000000,5.24998,13.91079,0.02073,0.70711,0.00000,0.00000,-0.70711,1.50000,0.00000,0.00000
24360000000,5.24998,13.88079,0.02073,0.70711,0.00000,0.00000,-0.70711,1.50000,0.00000,0.00000
24380000000,5.24998,13.85079,0.02073,0.70711,0.00000,0.00000,-0.70711,1.50000,0.00000,0.00000
24400000000,5.24998,13.82079,0.02073,0.70711,0.00000,0.00000,-0.70711,1.50000,0.00000,0.00000
24420000000,5.24998,13.79079,0.02073,0.70711,0.00000,0.00000,-0.70711,1.50000,0.00000,0.00000
24440000000,5.24998,13.76079,0.02073,0.70711,0.00000,0.00000,-0.70711,1.50000,0.00000,0.00000
24460000000,5.24998,13.73079,0.02073,0.70711,0.00000,0.00000,-0.70711,1.50000,0.00000,0.00000
24480000000,5.24998,13.70079,0.02073,0.70711,0.00000,0.00000,-0.70711,1.50000,0.00000,0.00000
24500000000,5.24998,13.67079,0.02073,0.70711,0.00000,0.00000,-0.70711,1.50000,0.00000,0.00000
24520000000,5.24998,13.64079,0.02073,0.70711,0.00000,0.00000,-0.70711,1.50000,0.00000,0.00000
24540000000,5.24998,13.61079,0.02073,0.70711,0.00000,0.00000,-0.70711,1.50000,0.00000,0.00000
24560000000,5.24998,13.58079,0.02073,0.70711,0.00000,0.00000,-0.70711,1.50000,0.00000,0.00000
24580000000,5.24998,13.55079,0.02073,0.70711,0.00000,0.00000,-0.70711,1.50000,0.00000,0.00000
24600000000,5.24998,13.52079,0.02073,0.70711,0.00000,0.00000,-0.70711,1.50000,0.00000,0.00000
24620000000,5.24998,13.49079,0.02073,0.70711,0.00000,0.00000,-0.70711,1.50000,0.00000,0.00000
24640000000,5.24998,13.46079,0.02073,0.70711,0.00000,0.00000,-0.70711,1.50000,0.00000,0.00000
24660000000,5.24998,13.43079,0.02073,0.70711,0.00000,0.00000,-0.70711,1.50000,0.00000,0.00000
24680000000,5.24998,13.40079,0.02073,0.70711,0.00000,0.00000,-0.70711,1.50000,0.00000,0.00000
24700000000,5.24998,13.37079,0.02073,0.70711,0.00000,0.00000,-0.70711,1.50000,0.00000,0.00000
24720000000,5.24998,13.34079,0.02073,0.70711,0.00000,0.00000,-0.70711,1.50000,0.00000,0.00000
24740000000,5.24998,13.31079,0.02073,0.70711,0.00000,0.00000,-0.70711,1.50000,0.00000,0.00000
24760000000,5.24998,13.28079,0.02073,0.70711,0.00000,0.00000,-0.70711,1.50000,0.00000,0.00000
24780000000,5.24998,13.25079,0.02073,0.70711,0.00000,0.00000,-0.70711,1.50000,0.00000,0.00000
24800000000,5.24998,13.22079,0.02073,0.70711,0.00000,0.00000,-0.70711,1.50000,0.00000,0.00000
24820000000,5.24998,13.19079,0.02073,0.70711,0.00000,0.00000,-0.70711,1.50000,0.00000,0.00000
24840000000,5.24998,13.16079,0.02073,0.70711,0.00000,0.00000,-0.70711,1.50000,0.00000,0.00000
24860000000,5.24997,13.13079,0.02073,0.70711,0.00000,0.00000,-0.70711,1.50000,0.00000,0.00000
24880000000,5.24997,13.10079,0.02073,0.70711,0.00000,0.00000,-0.70711,1.50000,0.00000,0.00000
24900000000,5.24997,13.07079,0.02073,0.70711,0.00000,0.00000,-0.70711,1.50000,0.00000,0.00000
24920000000,5.24997,13.04079,0.02073,0.70711,0.00000,0.00000,-0.70711,1.50000,0.00000,0.00000
24940000000,5.24997,13.01079,0.02073,0.70711,0.00000,0.00000,-0.70711,1.50000,0.00000,0.00000
24960000000,5.24997,12.98079,0.02073,0.70711,0.00000,0.00000,-0.70711,1.50000,0.00000,0.00000
24980000000,5.24997,12.95079,0.02073,0.70711,0.00000,0.00000,-0.70711,1.50000,0.00000,0.00000
25000000000,5.24997,12.92079,0.02073,0.70711,0.00000,0.00000,-0.70711,1.50000,0.00000,0.00000
25020000000,5.24997,12.89079,0.02073,0.70711,0.00000,0.00000,-0.70711,1.50000,0.00000,0.00000
25040000000,5.24997,12.86079,0.02073,0.70711,0.00000,0.00000,-0.70711,1.50000,0.00000,0.00000
25060000000,5.24997,12.83079,0.02073,0.70711,0.00000,0.00000,-0.70711,1.50000,0.00000,0.00000
25080000000,5.24997,12.80079,0.02073,0.70711,0.00000,0.00000,-0.70711,1.50000,0.00000,0.00000
25100000000,5.24997,12.77079,0.02073,0.70711,0.00000,0.00000,-0.70711,1.50000,0.00000,0.00000
25120000000,5.24997,12.74079,0.02073,0.70711,0.00000,0.00000,-0.70711,1.50000,0.00000,0.00000
25140000000,5.24997,12.71079,0.02073,0.70711,0.00000,0.00000,-0.70711,1.50000,0.00000,0.00000
25160000000,5.24997,12.68079,0.02073,0.70711,0.00000,0.00000,-0.70711,1.50000,0.00000,0.00000
25180000000,5.24997,12.65079,0.02073,0.70711,0.00000,0.00000,-0.70711,1.50000,0.00000,0.00000
25200000000,5.24997,12.62079,0.02073,0.70711,0.00000,0.00000,-0.70711,1.50000,0.00000,0.00000
25220000000,5.24997,12.59079,0.02073,0.70711,0.00000,0.00000,-0.70711,1.50000,0.00000,0.00000
25240000000,5.24997,12.56079,0.02073,0.70711,0.00000,0.00000,-0.70711,1.50000,0.00000,0.00000
25260000000,5.24997,12.53079,0.02073,0.70711,0.00000,0.00000,-0.70711,1.50000,0.00000,0.00000
25280000000,5.24997,12.50079,0.02073,0.70711,0.00000,0.00000,-0.70711,1.50000,0.00000,0.00000
25300000000,5.24997,12.47079,0.02073,0.70711,0.00000,0.00000,-0.70711,1.50000,0.00000,0.00000
25320000000,5.24997,12.44079,0.02073,0.70711,0.00000,0.00000,-0.70711,1.50000,0.00000,0.00000
25340000000,5.24997,12.41071,0.02073,0.70711,0.00000,0.00000,-0.70711,1.50656,0.00003,0.00000
25360000000,5.24998,12.38053,0.02073,0.70711,0.00000,0.00000,-0.70710,1.50899,0.00021,0.00000
25380000000,5.24998,12.35023,0.02073,0.70712,0.00000,0.00000,-0.70709,1.51836,0.00046,0.00000
25400000000,5.25000,12.31968,0.02073,0.70715,0.00000,0.00000,-0.70706,1.53042,0.00096,0.00000
25420000000,5.25004,12.28895,0.02073,0.70720,0.00000,0.00000,-0.70701,1.53808,0.00167,0.00000
25440000000,5.25010,12.25804,0.02073,0.70728,0.00000,0.00000,-0.70693,1.54712,0.00256,0.00000
25460000000,5.25019,12.22699,0.02073,0.70740,0.00000,0.00000,-0.70681,1.55368,0.00363,0.00000
25480000000,5.25031,12.19578,0.02073,0.70756,0.00000,0.00000,-0.70666,1.56181,0.00486,0.00000
25500000000,5.25048,12.16441,0.02073,0.70776,0.00000,0.00000,-0.70645,1.56978,0.00626,0.00000
25520000000,5.25070,12.13288,0.02073,0.70803,0.00000,0.00000,-0.70619,1.57809,0.00783,0.00000
25540000000,5.25098,12.10117,0.02073,0.70835,0.00000,0.00000,-0.70586,1.58754,0.00959,0.00000
25560000000,5.25133,12.06932,0.02073,0.70875,0.00000,0.00000,-0.70546,1.59437,0.01152,0.00000
25580000000,5.25176,12.03732,0.02073,0.70923,0.00000,0.00000,-0.70498,1.60105,0.01360,0.00000
25600000000,5.25228,12.00519,0.02073,0.70979,0.00000,0.00000,-0.70441,1.60764,0.01581,0.00000
25620000000,5.25291,11.97289,0.02073,0.71045,0.00000,0.00000,-0.70375,1.61768,0.01818,0.00000
25640000000,5.25366,11.94049,0.02073,0.71121,0.00000,0.00000,-0.70298,1.62012,0.02068,0.00000
25660000000,5.25453,11.90800,0.02073,0.71208,0.00000,0.00000,-0.70210,1.62607,0.02324,0.00000
25680000000,5.25554,11.87538,0.02073,0.71306,0.00000,0.00000,-0.70110,1.63387,0.02589,0.00000
25700000000,5.25671,11.84258,0.02073,0.71417,0.00000,0.00000,-0.69998,1.64307,0.02871,0.00000
25720000000,5.25805,11.80975,0.02073,0.71540,0.00000,0.00000,-0.69871,1.63970,0.03163,0.00000
25740000000,5.25955,11.77721,0.02073,0.71674,0.00000,0.00000,-0.69734,1.62467,0.03427,0.00000
25760000000,5.26122,11.74497,0.02073,0.71815,0.00000,0.00000,-0.69589,1.61005,0.03658,0.00000
25780000000,5.26306,11.71302,0.02073,0.71963,0.00000,0.00000,-0.69436,1.59584,0.03858,0.00000
25800000000,5.26507,11.68137,0.02073,0.72115,0.00000,0.00000,-0.69277,1.58202,0.04031,0.00000
25820000000,5.26723,11.64999,0.02073,0.72271,0.00000,0.00000,-0.69115,1.56859,0.04179,0.00000
25840000000,5.26955,11.61887,0.02073,0.72429,0.00000,0.00000,-0.68950,1.55800,0.04301,0.00000
25860000000,5.27204,11.58767,0.02073,0.72592,0.00000,0.00000,-0.68778,1.56657,0.04382,0.00000
25880000000,5.27470,11.55642,0.02073,0.72762,0.00000,0.00000,-0.68598,1.56848,0.04487,0.00000
25900000000,5.27755,11.52506,0.02073,0.72938,0.00000,0.00000,-0.68411,1.57373,0.04591,0.00000
25920000000,5.28059,11.49361,0.02073,0.73122,0.00000,0.00000,-0.68214,1.58203,0.04689,0.00000
25940000000,5.28384,11.46201,0.02073,0.73315,0.00000,0.00000,-0.68007,1.58819,0.04810,0.00000
25960000000,5.28731,11.43029,0.02073,0.73518,0.00000,0.00000,-0.67787,1.59698,0.04927,0.00000
25980000000,5.29101,11.39845,0.02073,0.73732,0.00000,0.00000,-0.67554,1.60275,0.05069,0.00000
26000000000,5.29496,11.36651,0.02073,0.73957,0.00000,0.00000,-0.67308,1.60995,0.05211,0.00000
26020000000,5.29917,11.33449,0.02073,0.74194,0.00000,0.00000,-0.67046,1.61467,0.05374,0.00000
26040000000,5.30366,11.30237,0.02073,0.74444,0.00000,0.00000,-0.66769,1.62281,0.05522,0.00000
26060000000,5.30844,11.27022,0.02073,0.74707,0.00000,0.00000,-0.66475,1.62373,0.05726,0.00000
26080000000,5.31352,11.23805,0.02073,0.74982,0.00000,0.00000,-0.66164,1.62842,0.05900,0.00000
26100000000,5.31893,11.20584,0.02073,0.75272,0.00000,0.00000,-0.65834,1.63380,0.06069,0.00000
26120000000,5.32467,11.17367,0.02073,0.75574,0.00000,0.00000,-0.65488,1.62967,0.06332,0.00000
26140000000,5.33074,11.14183,0.02073,0.75879,0.00000,0.00000,-0.65134,1.61587,0.06671,0.00000
26160000000,5.33713,11.11032,0.02073,0.76186,0.00000,0.00000,-0.64775,1.60261,0.06990,0.00000
26180000000,5.34383,11.07914,0.02073,0.76492,0.00000,0.00000,-0.64412,1.58987,0.07290,0.00000
26200000000,5.35084,11.04828,0.02073,0.76797,0.00000,0.00000,-0.64049,1.57765,0.07573,0.00000
26220000000,5.35816,11.01773,0.02073,0.77099,0.00000,0.00000,-0.63685,1.56592,0.07840,0.00000
26240000000,5.36577,10.98748,0.02073,0.77396,0.00000,0.00000,-0.63324,1.55467,0.08091,0.00000
26260000000,5.37366,10.95753,0.02073,0.77688,0.00000,0.00000,-0.62965,1.54389,0.08328,0.00000
26280000000,5.38183,10.92786,0.02073,0.77972,0.00000,0.00000,-0.62612,1.53355,0.08550,0.00000
26300000000,5.39025,10.89847,0.02073,0.78250,0.00000,0.00000,-0.62265,1.52363,0.08757,0.00000
26320000000,5.39893,10.86935,0.02073,0.78518,0.00000,0.00000,-0.61927,1.51453,0.08871,0.00000
26340000000,5.40771,10.84035,0.02073,0.78763,0.00000,0.00000,-0.61614,1.51285,0.08220,0.00000
26360000000,5.41674,10.81142,0.02073,0.79009,0.00000,0.00000,-0.61299,1.51320,0.08446,0.00000
26380000000,5.42612,10.78251,0.02073,0.79274,0.00000,0.00000,-0.60957,1.51936,0.08813,0.00000
26400000000,5.43577,10.75357,0.02073,0.79542,0.00000,0.00000,-0.60605,1.52307,0.08743,0.00000
26420000000,5.44568,10.72462,0.02073,0.79816,0.00000,0.00000,-0.60245,1.52863,0.08632,0.00000
26440000000,5.45587,10.69562,0.02073,0.80096,0.00000,0.00000,-0.59872,1.53627,0.08470,0.00000
26460000000,5.46635,10.66661,0.02073,0.80383,0.00000,0.00000,-0.59486,1.54098,0.08393,0.00000
26480000000,5.47712,10.63757,0.02073,0.80678,0.00000,0.00000,-0.59086,1.54790,0.08256,0.00000
26500000000,5.48821,10.60854,0.02073,0.80980,0.00000,0.00000,-0.58671,1.55288,0.08178,0.00000
26520000000,5.49961,10.57955,0.02073,0.81289,0.00000,0.00000,-0.58242,1.55570,0.08170,0.00000
26540000000,5.51134,10.55059,0.02073,0.81607,0.00000,0.00000,-0.57795,1.56192,0.08052,0.00000
26560000000,5.52342,10.52164,0.02073,0.81935,0.00000,0.00000,-0.57329,1.56777,0.07947,0.00000
26580000000,5.53585,10.49283,0.02073,0.82269,0.00000,0.00000,-0.56849,1.56575,0.08123,0.00000
26600000000,5.54863,10.46434,0.02073,0.82596,0.00000,0.00000,-0.56372,1.55659,0.08559,0.00000
26620000000,5.56175,10.43619,0.02073,0.82916,0.00000,0.00000,-0.55902,1.54793,0.08977,0.00000
26640000000,5.57519,10.40838,0.02073,0.83226,0.00000,0.00000,-0.55439,1.53977,0.09375,0.00000
26660000000,5.58895,10.38090,0.02073,0.83526,0.00000,0.00000,-0.54986,1.53209,0.09753,0.00000
26680000000,5.60302,10.35372,0.02073,0.83816,0.00000,0.00000,-0.54543,1.52487,0.10112,0.00000
26700000000,5.61737,10.32685,0.02073,0.84095,0.00000,0.00000,-0.54112,1.51808,0.10451,0.00000
26720000000,5.63190,10.30018,0.02073,0.84353,0.00000,0.00000,-0.53708,1.51393,0.09973,0.00000
26740000000,5.64664,10.27376,0.02073,0.84597,0.00000,0.00000,-0.53323,1.50795,0.10230,0.00000
26760000000,5.66161,10.24759,0.02073,0.84829,0.00000,0.00000,-0.52954,1.50230,0.10465,0.00000
26780000000,5.67679,10.22167,0.02073,0.85047,0.00000,0.00000,-0.52602,1.49698,0.10677,0.00000
26800000000,5.69217,10.19598,0.02073,0.85253,0.00000,0.00000,-0.52268,1.49193,0.10866,0.00000
26820000000,5.70774,10.17051,0.02073,0.85445,0.00000,0.00000,-0.51953,1.48715,0.11031,0.00000
26840000000,5.72346,10.14520,0.02073,0.85628,0.00000,0.00000,-0.51652,1.48665,0.10957,0.00000
26860000000,5.73935,10.11987,0.02073,0.85815,0.00000,0.00000,-0.51340,1.49290,0.10526,0.00000
26880000000,5.75541,10.09456,0.02073,0.86005,0.00000,0.00000,-0.51021,1.49578,0.10293,0.00000
26900000000,5.77165,10.06926,0.02073,0.86201,0.00000,0.00000,-0.50690,1.50114,0.09922,0.00000
26920000000,5.78808,10.04404,0.02073,0.86396,0.00000,0.00000,-0.50356,1.50051,0.09923,0.00000
26940000000,5.80469,10.01905,0.02073,0.86579,0.00000,0.00000,-0.50041,1.49610,0.10147,0.00000
26960000000,5.82147,9.99426,0.02073,0.86749,0.00000,0.00000,-0.49745,1.49193,0.10345,0.00000
26980000000,5.83840,9.96968,0.02073,0.86906,0.00000,0.00000,-0.49470,1.48796,0.10518,0.00000
27000000000,5.85547,9.94528,0.02073,0.87050,0.00000,0.00000,-0.49216,1.48418,0.10666,0.00000
27020000000,5.87265,9.92102,0.02073,0.87184,0.00000,0.00000,-0.48979,1.48268,0.10635,0.00000
27040000000,5.88994,9.89681,0.02073,0.87314,0.00000,0.00000,-0.48747,1.48405,0.10395,0.00000
27060000000,5.90733,9.87260,0.02073,0.87446,0.00000,0.00000,-0.48509,1.48775,0.09992,0.00000
27080000000,5.92483,9.84837,0.02073,0.87583,0.00000,0.00000,-0.48262,1.49232,0.09528,0.00000
27100000000,5.94244,9.82414,0.02073,0.87725,0.00000,0.00000,-0.48003,1.49575,0.09170,0.00000
27120000000,5.96017,9.79989,0.02073,0.87873,0.00000,0.00000,-0.47732,1.50031,0.08728,0.00000
27140000000,5.97804,9.77568,0.02073,0.88025,0.00000,0.00000,-0.47452,1.50216,0.08525,0.00000
27160000000,5.99605,9.75151,0.02073,0.88181,0.00000,0.00000,-0.47161,1.50597,0.08151,0.00000
27180000000,6.01420,9.72735,0.02073,0.88345,0.00000,0.00000,-0.46853,1.50995,0.07771,0.00000
27200000000,6.03251,9.70325,0.02073,0.88513,0.00000,0.00000,-0.46534,1.51149,0.07654,0.00000
27220000000,6.05108,9.67929,0.02073,0.88695,0.00000,0.00000,-0.46186,1.51439,0.07919,0.00000
27240000000,6.06984,9.65542,0.02073,0.88883,0.00000,0.00000,-0.45825,1.51628,0.07711,0.00000
27260000000,6.08877,9.63164,0.02073,0.89076,0.00000,0.00000,-0.45448,1.51889,0.07411,0.00000
27280000000,6.10790,9.60795,0.02073,0.89275,0.00000,0.00000,-0.45055,1.52125,0.07134,0.00000
27300000000,6.12722,9.58436,0.02073,0.89482,0.00000,0.00000,-0.44644,1.52349,0.06860,0.00000
27320000000,6.14675,9.56092,0.02073,0.89693,0.00000,0.00000,-0.44218,1.52447,0.06746,0.00000
27340000000,6.16650,9.53764,0.02073,0.89908,0.00000,0.00000,-0.43778,1.52516,0.06664,0.00000
27360000000,6.18648,9.51452,0.02073,0.90129,0.00000,0.00000,-0.43321,1.52607,0.06535,0.00000
27380000000,6.20668,9.49159,0.02073,0.90355,0.00000,0.00000,-0.42848,1.52697,0.06382,0.00000
27400000000,6.22711,9.46884,0.02073,0.90588,0.00000,0.00000,-0.42354,1.52796,0.06177,0.00000
27420000000,6.24778,9.44629,0.02073,0.90827,0.00000,0.00000,-0.41839,1.52801,0.06125,0.00000
27440000000,6.26869,9.42397,0.02073,0.91072,0.00000,0.00000,-0.41304,1.52841,0.05947,0.00000
27460000000,6.28985,9.40188,0.02073,0.91323,0.00000,0.00000,-0.40745,1.52817,0.05861,0.00000
27480000000,6.31127,9.38005,0.02073,0.91581,0.00000,0.00000,-0.40162,1.52790,0.05705,0.00000
27500000000,6.33295,9.35851,0.02073,0.91843,0.00000,0.00000,-0.39558,1.52669,0.05762,0.00000
27520000000,6.35491,9.33729,0.02073,0.92109,0.00000,0.00000,-0.38935,1.52521,0.05853,0.00000
27540000000,6.37714,9.31640,0.02073,0.92379,0.00000,0.00000,-0.38291,1.52372,0.05817,0.00000
27560000000,6.39963,9.29585,0.02073,0.92654,0.00000,0.00000,-0.37621,1.52187,0.05802,0.00000
27580000000,6.42240,9.27566,0.02073,0.92933,0.00000,0.00000,-0.36925,1.51967,0.05789,0.00000
27600000000,6.44543,9.25585,0.02073,0.93217,0.00000,0.00000,-0.36201,1.51702,0.05769,0.00000
27620000000,6.46874,9.23647,0.02073,0.93504,0.00000,0.00000,-0.35455,1.51406,0.06037,0.00000
27640000000,6.49242,9.21761,0.02073,0.93782,0.00000,0.00000,-0.34713,1.51180,0.06869,0.00000
27660000000,6.51648,9.19928,0.02073,0.94050,0.00000,0.00000,-0.33979,1.51026,0.07711,0.00000
27680000000,6.54091,9.18146,0.02073,0.94309,0.00000,0.00000,-0.33254,1.50935,0.08515,0.00000
27700000000,6.56570,9.16414,0.02073,0.94558,0.00000,0.00000,-0.32539,1.50903,0.09283,0.00000
27720000000,6.59083,9.14731,0.02073,0.94798,0.00000,0.00000,-0.31833,1.50930,0.10014,0.00000
27740000000,6.61631,9.13097,0.02073,0.95028,0.00000,0.00000,-0.31139,1.51010,0.10709,0.00000
27760000000,6.64211,9.11508,0.02073,0.95249,0.00000,0.00000,-0.30456,1.51144,0.11366,0.00000
27780000000,6.66824,9.09965,0.02073,0.95461,0.00000,0.00000,-0.29786,1.51326,0.11986,0.00000
27800000000,6.69469,9.08465,0.02073,0.95663,0.00000,0.00000,-0.29129,1.51555,0.12569,0.00000
27820000000,6.72144,9.07008,0.02073,0.95857,0.00000,0.00000,-0.28485,1.51828,0.13114,0.00000
27840000000,6.74848,9.05591,0.02073,0.96041,0.00000,0.00000,-0.27857,1.52099,0.13482,0.00000
27860000000,6.77562,9.04201,0.02073,0.96211,0.00000,0.00000,-0.27266,1.51854,0.12854,0.00000
27880000000,6.80289,9.02848,0.02073,0.96373,0.00000,0.00000,-0.26689,1.51555,0.13011,0.00000
27900000000,6.83027,9.01533,0.02073,0.96527,0.00000,0.00000,-0.26124,1.51245,0.13127,0.00000
27920000000,6.85775,9.00254,0.02073,0.96675,0.00000,0.00000,-0.25572,1.50925,0.13202,0.00000
27940000000,6.88533,8.99010,0.02073,0.96816,0.00000,0.00000,-0.25033,1.50594,0.13239,0.00000
27960000000,6.91298,8.97799,0.02073,0.96951,0.00000,0.00000,-0.24505,1.50318,0.13120,0.00000
27980000000,6.94070,8.96613,0.02073,0.97085,0.00000,0.00000,-0.23969,1.50136,0.12762,0.00000
28000000000,6.96848,8.95456,0.02073,0.97217,0.00000,0.00000,-0.23427,1.49867,0.12503,0.00000
28020000000,6.99631,8.94332,0.02073,0.97344,0.00000,0.00000,-0.22896,1.49435,0.12498,0.00000
28040000000,7.02418,8.93242,0.02073,0.97464,0.00000,0.00000,-0.22377,1.48993,0.12457,0.00000
28060000000,7.05207,8.92183,0.02073,0.97579,0.00000,0.00000,-0.21871,1.48540,0.12380,0.00000
28080000000,7.07998,8.91155,0.02073,0.97688,0.00000,0.00000,-0.21379,1.48078,0.12271,0.00000
28100000000,7.10789,8.90157,0.02073,0.97791,0.00000,0.00000,-0.20902,1.47609,0.12129,0.00000
28120000000,7.13580,8.89186,0.02073,0.97889,0.00000,0.00000,-0.20440,1.47133,0.11957,0.00000
28140000000,7.16369,8.88239,0.02073,0.97982,0.00000,0.00000,-0.19990,1.46704,0.11637,0.00000
28160000000,7.19157,8.87315,0.02073,0.98072,0.00000,0.00000,-0.19544,1.46285,0.11254,0.00000
28180000000,7.21941,8.86411,0.02073,0.98158,0.00000,0.00000,-0.19104,1.45844,0.10878,0.00000
28200000000,7.24722,8.85530,0.02073,0.98242,0.00000,0.00000,-0.18668,1.45383,0.10509,0.00000
28220000000,7.27500,8.84669,0.02073,0.98323,0.00000,0.00000,-0.18237,1.44902,0.10147,0.00000
28240000000,7.30273,8.83829,0.02073,0.98401,0.00000,0.00000,-0.17811,1.44400,0.09791,0.00000
28260000000,7.33041,8.83011,0.02073,0.98477,0.00000,0.00000,-0.17389,1.43877,0.09443,0.00000
28280000000,7.35803,8.82213,0.02073,0.98549,0.00000,0.00000,-0.16972,1.43334,0.09101,0.00000
28300000000,7.38559,8.81436,0.02073,0.98619,0.00000,0.00000,-0.16559,1.42770,0.08766,0.00000
28320000000,7.41316,8.80678,0.02073,0.98687,0.00000,0.00000,-0.16153,1.42728,0.08550,0.00000
28340000000,7.44081,8.79939,0.02073,0.98751,0.00000,0.00000,-0.15754,1.42874,0.08377,0.00000
28360000000,7.46853,8.79217,0.02073,0.98813,0.00000,0.00000,-0.15363,1.43018,0.08208,0.00000
28380000000,7.49632,8.78514,0.02073,0.98872,0.00000,0.00000,-0.14980,1.43158,0.08043,0.00000
28400000000,7.52418,8.77827,0.02073,0.98928,0.00000,0.00000,-0.14605,1.43296,0.07881,0.00000
28420000000,7.55211,8.77158,0.02073,0.98981,0.00000,0.00000,-0.14236,1.43431,0.07723,0.00000
28440000000,7.58011,8.76506,0.02073,0.99033,0.00000,0.00000,-0.13875,1.43563,0.07567,0.00000
28460000000,7.60817,8.75870,0.02073,0.99082,0.00000,0.00000,-0.13521,1.43692,0.07415,0.00000
28480000000,7.63629,8.75251,0.02073,0.99128,0.00000,0.00000,-0.13174,1.43819,0.07266,0.00000
28500000000,7.66447,8.74647,0.02073,0.99173,0.00000,0.00000,-0.12834,1.43943,0.07120,0.00000
28520000000,7.69270,8.74060,0.02073,0.99216,0.00000,0.00000,-0.12500,1.44064,0.06977,0.00000
28540000000,7.72099,8.73487,0.02073,0.99256,0.00000,0.00000,-0.12173,1.44183,0.06837,0.00000
28560000000,7.74934,8.72930,0.02073,0.99295,0.00000,0.00000,-0.11853,1.44300,0.06700,0.00000
28580000000,7.77773,8.72388,0.02073,0.99332,0.00000,0.00000,-0.11539,1.44414,0.06566,0.00000
28600000000,7.80618,8.71861,0.02073,0.99367,0.00000,0.00000,-0.11231,1.44526,0.06434,0.00000
28620000000,7.83467,8.71348,0.02073,0.99401,0.00000,0.00000,-0.10929,1.44636,0.06305,0.00000
28640000000,7.86321,8.70850,0.02073,0.99433,0.00000,0.00000,-0.10633,1.44743,0.06179,0.00000
28660000000,7.89179,8.70365,0.02073,0.99464,0.00000,0.00000,-0.10342,1.44848,0.06055,0.00000
28680000000,7.92041,8.69894,0.02073,0.99493,0.00000,0.00000,-0.10058,1.44951,0.05934,0.00000
28700000000,7.94908,8.69437,0.02073,0.99521,0.00000,0.00000,-0.09779,1.45052,0.05815,0.00000
28720000000,7.97778,8.68992,0.02073,0.99547,0.00000,0.00000,-0.09506,1.45151,0.05699,0.00000
28740000000,8.00653,8.68561,0.02073,0.99572,0.00000,0.00000,-0.09238,1.45248,0.05585,0.00000
28760000000,8.03531,8.68142,0.02073,0.99596,0.00000,0.00000,-0.08975,1.45343,0.05473,0.00000
28780000000,8.06413,8.67736,0.02073,0.99619,0.00000,0.00000,-0.08717,1.45436,0.05364,0.00000
28800000000,8.09298,8.67343,0.02073,0.99641,0.00000,0.00000,-0.08465,1.45527,0.05256,0.00000
28820000000,8.12187,8.66961,0.02073,0.99662,0.00000,0.00000,-0.08218,1.45617,0.05151,0.00000
28840000000,8.15079,8.66591,0.02073,0.99681,0.00000,0.00000,-0.07975,1.45704,0.05048,0.00000
28860000000,8.17974,8.66233,0.02073,0.99700,0.00000,0.00000,-0.07737,1.45790,0.04948,0.00000
28880000000,8.20872,8.65887,0.02073,0.99718,0.00000,0.00000,-0.07504,1.45874,0.04849,0.00000
28900000000,8.23773,8.65551,0.02073,0.99735,0.00000,0.00000,-0.07276,1.45957,0.04752,0.00000
28920000000,8.26677,8.65227,0.02073,0.99751,0.00000,0.00000,-0.07052,1.46037,0.04657,0.00000
28940000000,8.29583,8.64913,0.02073,0.99766,0.00000,0.00000,-0.06833,1.46116,0.04564,0.00000
28960000000,8.32492,8.64611,0.02073,0.99781,0.00000,0.00000,-0.06618,1.46194,0.04473,0.00000
28980000000,8.35404,8.64318,0.02073,0.99795,0.00000,0.00000,-0.06407,1.46270,0.04384,0.00000
29000000000,8.38318,8.64036,0.02073,0.99808,0.00000,0.00000,-0.06200,1.46344,0.04296,0.00000
29020000000,8.41235,8.63764,0.02073,0.99820,0.00000,0.00000,-0.05998,1.46417,0.04211,0.00000
29040000000,8.44153,8.63501,0.02073,0.99832,0.00000,0.00000,-0.05799,1.46488,0.04127,0.00000
29060000000,8.47074,8.63249,0.02073,0.99843,0.00000,0.00000,-0.05604,1.46558,0.04045,0.00000
29080000000,8.49998,8.63006,0.02073,0.99853,0.00000,0.00000,-0.05414,1.46627,0.03964,0.00000
29100000000,8.52923,8.62772,0.02073,0.99863,0.00000,0.00000,-0.05227,1.46694,0.03885,0.00000
29120000000,8.55850,8.62547,0.02073,0.99873,0.00000,0.00000,-0.05043,1.46760,0.03807,0.00000
29140000000,8.58779,8.62332,0.02073,0.99882,0.00000,0.00000,-0.04864,1.46824,0.03732,0.00000
29160000000,8.61710,8.62125,0.02073,0.99890,0.00000,0.00000,-0.04688,1.46888,0.03657,0.00000
29180000000,8.64643,8.61927,0.02073,0.99898,0.00000,0.00000,-0.04515,1.46950,0.03584,0.00000
29200000000,8.67578,8.61737,0.02073,0.99906,0.00000,0.00000,-0.04346,1.47010,0.03513,0.00000
29220000000,8.70514,8.61556,0.02073,0.99913,0.00000,0.00000,-0.04180,1.47070,0.03443,0.00000
29240000000,8.73452,8.61383,0.02073,0.99919,0.00000,0.00000,-0.04018,1.47128,0.03375,0.00000
29260000000,8.76392,8.61218,0.02073,0.99926,0.00000,0.00000,-0.03858,1.47185,0.03307,0.00000
29280000000,8.79333,8.61060,0.02073,0.99931,0.00000,0.00000,-0.03702,1.47241,0.03242,0.00000
29300000000,8.82275,8.60911,0.02073,0.99937,0.00000,0.00000,-0.03549,1.47296,0.03177,0.00000
29320000000,8.85219,8.60769,0.02073,0.99942,0.00000,0.00000,-0.03399,1.47350,0.03114,0.00000
29340000000,8.88165,8.60634,0.02073,0.99947,0.00000,0.00000,-0.03252,1.47403,0.03052,0.00000
29360000000,8.91107,8.60507,0.02073,0.99952,0.00000,0.00000,-0.03108,1.47053,0.02982,0.00000
29380000000,8.94029,8.60388,0.02073,0.99956,0.00000,0.00000,-0.02969,1.45882,0.02878,0.00000
29400000000,8.96928,8.60275,0.02073,0.99960,0.00000,0.00000,-0.02836,1.44729,0.02752,0.00000
29420000000,8.99804,8.60169,0.02073,0.99963,0.00000,0.00000,-0.02709,1.43594,0.02605,0.00000
29440000000,9.02666,8.60067,0.02073,0.99966,0.00000,0.00000,-0.02590,1.43099,0.02453,0.00000
29460000000,9.05515,8.59969,0.02073,0.99969,0.00000,0.00000,-0.02478,1.42483,0.02287,0.00000
29480000000,9.08349,8.59875,0.02073,0.99972,0.00000,0.00000,-0.02375,1.41474,0.02104,0.00000
29500000000,9.11170,8.59783,0.02073,0.99974,0.00000,0.00000,-0.02281,1.41193,0.01915,0.00000
29520000000,9.14013,8.59692,0.02073,0.99976,0.00000,0.00000,-0.02195,1.42564,0.01762,0.00000
29540000000,9.16884,8.59602,0.02073,0.99978,0.00000,0.00000,-0.02115,1.43931,0.01637,0.00000
29560000000,9.19781,8.59512,0.02073,0.99979,0.00000,0.00000,-0.02040,1.45275,0.01537,0.00000
29580000000,9.22705,8.59425,0.02073,0.99981,0.00000,0.00000,-0.01969,1.46598,0.01464,0.00000
29600000000,9.25656,8.59339,0.02073,0.99982,0.00000,0.00000,-0.01901,1.47899,0.01416,0.00000
29620000000,9.28628,8.59256,0.02073,0.99983,0.00000,0.00000,-0.01834,1.48818,0.01389,0.00000
29640000000,9.31604,8.59177,0.02073,0.99984,0.00000,0.00000,-0.01768,1.48841,0.01362,0.00000
29660000000,9.34580,8.59100,0.02073,0.99985,0.00000,0.00000,-0.01704,1.48864,0.01335,0.00000
29680000000,9.37557,8.59027,0.02073,0.99987,0.00000,0.00000,-0.01641,1.48887,0.01308,0.00000
29700000000,9.40535,8.58957,0.02073,0.99988,0.00000,0.00000,-0.01579,1.48909,0.01282,0.00000
29720000000,9.43513,8.58890,0.02073,0.99988,0.00000,0.00000,-0.01519,1.48930,0.01257,0.00000
29740000000,9.46487,8.58826,0.02073,0.99989,0.00000,0.00000,-0.01459,1.48608,0.01228,0.00000
29760000000,9.49447,8.58765,0.02073,0.99990,0.00000,0.00000,-0.01402,1.47901,0.01182,0.00000
29780000000,9.52390,8.58707,0.02073,0.99991,0.00000,0.00000,-0.01348,1.47037,0.01120,0.00000
29800000000,9.55313,8.58651,0.02073,0.99992,0.00000,0.00000,-0.01297,1.45894,0.01039,0.00000
29820000000,9.58221,8.58597,0.02073,0.99992,0.00000,0.00000,-0.01250,1.45247,0.00942,0.00000
29840000000,9.61112,8.58543,0.02073,0.99993,0.00000,0.00000,-0.01209,1.44423,0.00831,0.00000
29860000000,9.63988,8.58489,0.02073,0.99993,0.00000,0.00000,-0.01174,1.43716,0.00705,0.00000
29880000000,9.66845,8.58435,0.02073,0.99993,0.00000,0.00000,-0.01145,1.42619,0.00563,0.00000
29900000000,9.69689,8.58379,0.02073,0.99994,0.00000,0.00000,-0.01124,1.42168,0.00407,0.00000
29920000000,9.72518,8.58322,0.02073,0.99994,0.00000,0.00000,-0.01110,1.41383,0.00240,0.00000
29940000000,9.75330,8.58262,0.02073,0.99994,0.00000,0.00000,-0.01105,1.40316,0.00058,0.00000
29960000000,9.78131,8.58198,0.02073,0.99994,0.00000,0.00000,-0.01109,1.40261,-0.00138,0.00000
29980000000,9.80956,8.58129,0.02073,0.99994,0.00000,0.00000,-0.01123,1.41674,-0.00319,0.00000
30000000000,9.83810,8.58056,0.02073,0.99993,0.00000,0.00000,-0.01143,1.43065,-0.00472,0.00000
30020000000,9.86691,8.57978,0.02073,0.99993,0.00000,0.00000,-0.01171,1.44434,-0.00600,0.00000
30040000000,9.89598,8.57895,0.02073,0.99993,0.00000,0.00000,-0.01203,1.45780,-0.00701,0.00000
30060000000,9.92533,8.57808,0.02073,0.99992,0.00000,0.00000,-0.01240,1.47104,-0.00776,0.00000
30080000000,9.95493,8.57717,0.02073,0.99992,0.00000,0.00000,-0.01279,1.48406,-0.00825,0.00000
30100000000,9.98478,8.57623,0.02073,0.99991,0.00000,0.00000,-0.01319,1.49656,-0.00849,0.00000
30120000000,10.01462,8.57526,0.02073,0.99991,0.00000,0.00000,-0.01360,1.48988,-0.00853,0.00000
30140000000,10.04430,8.57426,0.02073,0.99990,0.00000,0.00000,-0.01402,1.48212,-0.00871,0.00000
30160000000,10.07389,8.57324,0.02073,0.99990,0.00000,0.00000,-0.01445,1.48022,-0.00906,0.00000
30180000000,10.10336,8.57219,0.02073,0.99989,0.00000,0.00000,-0.01489,1.47165,-0.00943,0.00000
30200000000,10.13262,8.57111,0.02073,0.99988,0.00000,0.00000,-0.01537,1.46139,-0.01000,0.00000
30220000000,10.16168,8.56999,0.02073,0.99987,0.00000,0.00000,-0.01587,1.45283,-0.01076,0.00000
30240000000,10.19056,8.56882,0.02073,0.99987,0.00000,0.00000,-0.01642,1.44293,-0.01168,0.00000
30260000000,10.21927,8.56761,0.02073,0.99986,0.00000,0.00000,-0.01702,1.43519,-0.01278,0.00000
30280000000,10.24778,8.56635,0.02073,0.99984,0.00000,0.00000,-0.01768,1.42377,-0.01401,0.00000
30300000000,10.27616,8.56502,0.02073,0.99983,0.00000,0.00000,-0.01840,1.42050,-0.01547,0.00000
30320000000,10.30441,8.56363,0.02073,0.99982,0.00000,0.00000,-0.01919,1.41270,-0.01696,0.00000
30340000000,10.33249,8.56216,0.02073,0.99980,0.00000,0.00000,-0.02006,1.40304,-0.01855,0.00000
30360000000,10.36035,8.56062,0.02073,0.99978,0.00000,0.00000,-0.02102,1.39205,-0.02032,0.00000
30380000000,10.38806,8.55898,0.02073,0.99976,0.00000,0.00000,-0.02206,1.38686,-0.02232,0.00000
30400000000,10.41562,8.55726,0.02073,0.99973,0.00000,0.00000,-0.02321,1.37971,-0.02439,0.00000
30420000000,10.44305,8.55543,0.02073,0.99970,0.00000,0.00000,-0.02445,1.37380,-0.02659,0.00000
30440000000,10.47035,8.55349,0.02073,0.99967,0.00000,0.00000,-0.02581,1.36517,-0.02879,0.00000
30460000000,10.49749,8.55143,0.02073,0.99963,0.00000,0.00000,-0.02728,1.36124,-0.03128,0.00000
30480000000,10.52486,8.54922,0.02073,0.99958,0.00000,0.00000,-0.02887,1.37612,-0.03402,0.00000
30500000000,10.55251,8.54685,0.02073,0.99953,0.00000,0.00000,-0.03059,1.39083,-0.03651,0.00000
30520000000,10.58044,8.54432,0.02073,0.99947,0.00000,0.00000,-0.03242,1.40532,-0.03872,0.00000
30540000000,10.60864,8.54163,0.02073,0.99941,0.00000,0.00000,-0.03435,1.41958,-0.04067,0.00000
30560000000,10.63711,8.53877,0.02073,0.99934,0.00000,0.00000,-0.03636,1.43361,-0.04235,0.00000
30580000000,10.66585,8.53574,0.02073,0.99926,0.00000,0.00000,-0.03844,1.44742,-0.04377,0.00000
30600000000,10.69484,8.53254,0.02073,0.99918,0.00000,0.00000,-0.04058,1.46101,-0.04492,0.00000
30620000000,10.72393,8.52920,0.02073,0.99909,0.00000,0.00000,-0.04276,1.46221,-0.04543,0.00000
30640000000,10.75288,8.52573,0.02073,0.99899,0.00000,0.00000,-0.04496,1.45554,-0.04592,0.00000
30660000000,10.78168,8.52214,0.02073,0.99889,0.00000,0.00000,-0.04720,1.44904,-0.04638,0.00000
30680000000,10.81035,8.51841,0.02073,0.99878,0.00000,0.00000,-0.04948,1.44276,-0.04710,0.00000
30700000000,10.83886,8.51455,0.02073,0.99866,0.00000,0.00000,-0.05181,1.43670,-0.04787,0.00000
30720000000,10.86725,8.51055,0.02073,0.99853,0.00000,0.00000,-0.05419,1.43090,-0.04885,0.00000
30740000000,10.89550,8.50640,0.02073,0.99839,0.00000,0.00000,-0.05666,1.42538,-0.04984,0.00000
30760000000,10.92362,8.50210,0.02073,0.99825,0.00000,0.00000,-0.05920,1.42019,-0.05116,0.00000
30780000000,10.95161,8.49763,0.02073,0.99809,0.00000,0.00000,-0.06183,1.41537,-0.05276,0.00000
30800000000,10.97949,8.49300,0.02073,0.99791,0.00000,0.00000,-0.06454,1.41088,-0.05424,0.00000
30820000000,11.00725,8.48819,0.02073,0.99773,0.00000,0.00000,-0.06736,1.40680,-0.05593,0.00000
30840000000,11.03491,8.48320,0.02073,0.99753,0.00000,0.00000,-0.07029,1.40307,-0.05742,0.00000
30860000000,11.06246,8.47802,0.02073,0.99731,0.00000,0.00000,-0.07334,1.39985,-0.05949,0.00000
30880000000,11.08992,8.47264,0.02073,0.99707,0.00000,0.00000,-0.07651,1.39702,-0.06119,0.00000
30900000000,11.11729,8.46705,0.02073,0.99681,0.00000,0.00000,-0.07984,1.39466,-0.06295,0.00000
30920000000,11.14457,8.46124,0.02073,0.99652,0.00000,0.00000,-0.08331,1.39291,-0.06533,0.00000
30940000000,11.17178,8.45519,0.02073,0.99621,0.00000,0.00000,-0.08694,1.39161,-0.06724,0.00000
30960000000,11.19892,8.44891,0.02073,0.99587,0.00000,0.00000,-0.09075,1.39090,-0.06937,0.00000
30980000000,11.22599,8.44238,0.02073,0.99550,0.00000,0.00000,-0.09475,1.39078,-0.07144,0.00000
31000000000,11.25301,8.43557,0.02073,0.99509,0.00000,0.00000,-0.09895,1.39138,-0.07403,0.00000
31020000000,11.27998,8.42847,0.02073,0.99464,0.00000,0.00000,-0.10336,1.39261,-0.07636,0.00000
31040000000,11.30691,8.42108,0.02073,0.99415,0.00000,0.00000,-0.10798,1.39457,-0.07882,0.00000
31060000000,11.33380,8.41338,0.02073,0.99361,0.00000,0.00000,-0.11284,1.39720,-0.08094,0.00000
31080000000,11.36067,8.40535,0.02073,0.99302,0.00000,0.00000,-0.11797,1.40059,-0.08298,0.00000
31100000000,11.38752,8.39697,0.02073,0.99236,0.00000,0.00000,-0.12338,1.40486,-0.08535,0.00000
31120000000,11.41435,8.38822,0.02073,0.99164,0.00000,0.00000,-0.12907,1.41000,-0.08766,0.00000
31140000000,11.44119,8.37909,0.02073,0.99084,0.00000,0.00000,-0.13507,1.41599,-0.08968,0.00000
31160000000,11.46802,8.36955,0.02073,0.98995,0.00000,0.00000,-0.14142,1.42289,-0.09146,0.00000
31180000000,11.49486,8.35958,0.02073,0.98897,0.00000,0.00000,-0.14813,1.43077,-0.09312,0.00000
31200000000,11.52172,8.34915,0.02073,0.98788,0.00000,0.00000,-0.15523,1.43981,-0.09509,0.00000
31220000000,11.54859,8.33822,0.02073,0.98667,0.00000,0.00000,-0.16272,1.45000,-0.09696,0.00000
31240000000,11.57549,8.32678,0.02073,0.98533,0.00000,0.00000,-0.17065,1.46121,-0.09805,0.00000
31260000000,11.60242,8.31479,0.02073,0.98384,0.00000,0.00000,-0.17905,1.47359,-0.09877,-0.00000
31280000000,11.62938,8.30222,0.02073,0.98218,0.00000,0.00000,-0.18797,1.48730,-0.09937,-0.00000
31300000000,11.65636,8.28904,0.02073,0.98032,0.00000,0.00000,-0.19742,1.50228,-0.09935,-0.00000
31320000000,11.68338,8.27518,0.02073,0.97825,0.00000,0.00000,-0.20744,1.51909,-0.10021,-0.00000
31340000000,11.71041,8.26058,0.02073,0.97595,0.00000,0.00000,-0.21799,1.53782,-0.10157,-0.00000
31360000000,11.73747,8.24520,0.02073,0.97340,0.00000,0.00000,-0.22911,1.55823,-0.10226,-0.00000
31380000000,11.76437,8.22905,0.02073,0.97060,0.00000,0.00000,-0.24070,1.56357,-0.10394,-0.00000
31400000000,11.79067,8.21229,0.02073,0.96760,0.00000,0.00000,-0.25248,1.55344,-0.10707,0.00000
31420000000,11.81636,8.19495,0.02073,0.96441,0.00000,0.00000,-0.26440,1.54350,-0.11018,0.00000
31440000000,11.84141,8.17701,0.02073,0.96103,0.00000,0.00000,-0.27645,1.53376,-0.11329,0.00000
31460000000,11.86580,8.15850,0.02073,0.95744,0.00000,0.00000,-0.28863,1.52420,-0.11640,0.00000
31480000000,11.88952,8.13943,0.02073,0.95365,0.00000,0.00000,-0.30091,1.51483,-0.11953,0.00000
31500000000,11.91255,8.11981,0.02073,0.94966,0.00000,0.00000,-0.31328,1.50565,-0.12266,0.00000
31520000000,11.93488,8.09966,0.02073,0.94547,0.00000,0.00000,-0.32572,1.49664,-0.12582,0.00000
31540000000,11.95649,8.07898,0.02073,0.94107,0.00000,0.00000,-0.33822,1.48782,-0.12901,0.00000
31560000000,11.97737,8.05780,0.02073,0.93646,0.00000,0.00000,-0.35078,1.47917,-0.13222,0.00000
31580000000,11.99751,8.03614,0.02073,0.93165,0.00000,0.00000,-0.36336,1.47069,-0.13547,0.00000
31600000000,12.01688,8.01400,0.02073,0.92663,0.00000,0.00000,-0.37597,1.46239,-0.13876,0.00000
31620000000,12.03548,7.99141,0.02073,0.92141,0.00000,0.00000,-0.38859,1.45425,-0.14210,0.00000
31640000000,12.05330,7.96839,0.02073,0.91599,0.00000,0.00000,-0.40120,1.44628,-0.14548,0.00000
31660000000,12.07032,7.94496,0.02073,0.91037,0.00000,0.00000,-0.41380,1.43847,-0.14892,0.00000
31680000000,12.08653,7.92114,0.02073,0.90455,0.00000,0.00000,-0.42637,1.43083,-0.15241,0.00000
31700000000,12.10193,7.89696,0.02073,0.89853,0.00000,0.00000,-0.43890,1.42335,-0.15597,0.00000
31720000000,12.11650,7.87242,0.02073,0.89233,0.00000,0.00000,-0.45139,1.41603,-0.15959,0.00000
31740000000,12.13023,7.84757,0.02073,0.88593,0.00000,0.00000,-0.46382,1.40888,-0.16329,0.00000
31760000000,12.14312,7.82238,0.02073,0.87936,0.00000,0.00000,-0.47615,1.40396,-0.16994,0.00000
31780000000,12.15511,7.79678,0.02073,0.87268,0.00000,0.00000,-0.48829,1.40215,-0.17954,0.00000
31800000000,12.16622,7.77077,0.02073,0.86589,0.00000,0.00000,-0.50023,1.40157,-0.18900,0.00000
31820000000,12.17645,7.74437,0.02073,0.85900,0.00000,0.00000,-0.51198,1.40219,-0.19829,0.00000
31840000000,12.18582,7.71760,0.02073,0.85201,0.00000,0.00000,-0.52353,1.40398,-0.20736,0.00000
31860000000,12.19432,7.69046,0.02073,0.84492,0.00000,0.00000,-0.53490,1.40690,-0.21618,0.00000
31880000000,12.20198,7.66296,0.02073,0.83773,0.00000,0.00000,-0.54609,1.41093,-0.22470,0.00000
31900000000,12.20878,7.63511,0.02073,0.83044,0.00000,0.00000,-0.55710,1.41603,-0.23288,0.00000
31920000000,12.21475,7.60693,0.02073,0.82307,0.00000,0.00000,-0.56795,1.42216,-0.24067,0.00000
31940000000,12.21989,7.57841,0.02073,0.81559,0.00000,0.00000,-0.57863,1.42930,-0.24803,0.00000
31960000000,12.22420,7.54959,0.02073,0.80801,0.00000,0.00000,-0.58916,1.43739,-0.25491,0.00000
31980000000,12.22769,7.52045,0.02073,0.80033,0.00000,0.00000,-0.59955,1.44640,-0.26126,0.00000
32000000000,12.23037,7.49102,0.02073,0.79255,0.00000,0.00000,-0.60981,1.45628,-0.26701,-0.00000
32020000000,12.23240,7.46143,0.02073,0.78484,0.00000,0.00000,-0.61970,1.46005,-0.25843,0.00000
32040000000,12.23396,7.43182,0.02073,0.77738,0.00000,0.00000,-0.62903,1.46194,-0.24612,0.00000
32060000000,12.23491,7.40218,0.02073,0.76996,0.00000,0.00000,-0.63809,1.46232,-0.24459,0.00000
32080000000,12.23507,7.37253,0.02073,0.76228,0.00000,0.00000,-0.64724,1.46102,-0.25207,0.00000
32100000000,12.23432,7.34289,0.02073,0.75419,0.00000,0.00000,-0.65665,1.45957,-0.26157,0.00000
32120000000,12.23268,7.31329,0.02073,0.74576,0.00000,0.00000,-0.66621,1.45732,-0.26521,0.00000
32140000000,12.23030,7.28385,0.02073,0.73722,0.00000,0.00000,-0.67566,1.45198,-0.26355,0.00000
32160000000,12.22719,7.25456,0.02073,0.72856,0.00000,0.00000,-0.68498,1.44797,-0.26288,0.00000
32180000000,12.22334,7.22543,0.02073,0.71980,0.00000,0.00000,-0.69418,1.44547,-0.26293,0.00000
32200000000,12.21873,7.19642,0.02073,0.71092,0.00000,0.00000,-0.70327,1.44448,-0.26391,0.00000
32220000000,12.21336,7.16754,0.02073,0.70192,0.00000,0.00000,-0.71226,1.44504,-0.26525,0.00000
32240000000,12.20723,7.13877,0.02073,0.69274,0.00000,0.00000,-0.72119,1.44728,-0.26574,0.00000
32260000000,12.20036,7.11009,0.02073,0.68337,0.00000,0.00000,-0.73007,1.45126,-0.26665,0.00000
32280000000,12.19270,7.08150,0.02073,0.67379,0.00000,0.00000,-0.73892,1.45718,-0.26825,0.00000
32300000000,12.18424,7.05298,0.02073,0.66402,0.00000,0.00000,-0.74771,1.46507,-0.27010,0.00000
32320000000,12.17497,7.02452,0.02073,0.65405,0.00000,0.00000,-0.75645,1.47400,-0.27200,0.00000
32340000000,12.16496,6.99638,0.02073,0.64399,0.00000,0.00000,-0.76503,1.46618,-0.27201,0.00000
32360000000,12.15424,6.96867,0.02073,0.63395,0.00000,0.00000,-0.77338,1.45843,-0.27104,0.00000
32380000000,12.14301,6.94123,0.02073,0.62417,0.00000,0.00000,-0.78129,1.45995,-0.25903,0.00000
32400000000,12.13125,6.91407,0.02073,0.61464,0.00000,0.00000,-0.78881,1.45575,-0.25511,0.00000
32420000000,12.11887,6.88734,0.02073,0.60516,0.00000,0.00000,-0.79610,1.44927,-0.25545,0.00000
32440000000,12.10588,6.86102,0.02073,0.59578,0.00000,0.00000,-0.80315,1.44358,-0.25588,0.00000
32460000000,12.09231,6.83511,0.02073,0.58649,0.00000,0.00000,-0.80996,1.43866,-0.25637,0.00000
32480000000,12.07817,6.80961,0.02073,0.57733,0.00000,0.00000,-0.81651,1.43445,-0.25690,0.00000
32500000000,12.06348,6.78449,0.02073,0.56830,0.00000,0.00000,-0.82282,1.43094,-0.25743,0.00000
32520000000,12.04826,6.75977,0.02073,0.55943,0.00000,0.00000,-0.82888,1.42807,-0.25795,0.00000
32540000000,12.03252,6.73542,0.02073,0.55073,0.00000,0.00000,-0.83469,1.42583,-0.25842,0.00000
32560000000,12.01630,6.71143,0.02073,0.54220,0.00000,0.00000,-0.84025,1.42416,-0.25883,0.00000
32580000000,11.99960,6.68780,0.02073,0.53388,0.00000,0.00000,-0.84556,1.42303,-0.25915,0.00000
32600000000,11.98245,6.66452,0.02073,0.52576,0.00000,0.00000,-0.85063,1.42241,-0.25937,0.00000
32620000000,11.96487,6.64156,0.02073,0.51784,0.00000,0.00000,-0.85547,1.42271,-0.25923,0.00000
32640000000,11.94686,6.61884,0.02073,0.50996,0.00000,0.00000,-0.86020,1.42851,-0.25602,0.00000
32660000000,11.92844,6.59632,0.02073,0.50202,0.00000,0.00000,-0.86485,1.43295,-0.25352,0.00000
32680000000,11.90961,6.57403,0.02073,-0.49400,-0.00000,-0.00000,0.86946,1.43909,-0.24953,0.00000
32700000000,11.89038,6.55196,0.02073,-0.48586,-0.00000,-0.00000,0.87404,1.44338,-0.24673,0.00000
32720000000,11.87073,6.53024,0.02073,-0.47789,-0.00000,-0.00000,0.87842,1.44353,-0.24757,0.00000
32740000000,11.85068,6.50887,0.02073,-0.47014,-0.00000,-0.00000,0.88259,1.44414,-0.24826,0.00000
32760000000,11.83024,6.48785,0.02073,-0.46261,-0.00000,-0.00000,0.88656,1.44517,-0.24877,0.00000
32780000000,11.80943,6.46715,0.02073,-0.45533,-0.00000,-0.00000,0.89032,1.44660,-0.24910,0.00000
32800000000,11.78826,6.44677,0.02073,-0.44829,-0.00000,-0.00000,0.89389,1.44838,-0.24922,0.00000
32820000000,11.76677,6.42668,0.02073,-0.44150,-0.00000,-0.00000,0.89726,1.45049,-0.24914,0.00000
32840000000,11.74495,6.40687,0.02073,-0.43498,-0.00000,-0.00000,0.90044,1.45289,-0.24883,0.00000
32860000000,11.72282,6.38733,0.02073,-0.42873,-0.00000,-0.00000,0.90343,1.45554,-0.24830,0.00000
32880000000,11.70042,6.36803,0.02073,-0.42276,-0.00000,-0.00000,0.90624,1.45841,-0.24753,0.00000
32900000000,11.67773,6.34897,0.02073,-0.41707,-0.00000,-0.00000,0.90887,1.46146,-0.24652,0.00000
32920000000,11.65480,6.33012,0.02073,-0.41166,-0.00000,-0.00000,0.91134,1.46473,-0.24473,0.00000
32940000000,11.63167,6.31143,0.02073,-0.40639,-0.00000,-0.00000,0.91370,1.46824,-0.24001,0.00000
32960000000,11.60835,6.29289,0.02073,-0.40120,-0.00000,-0.00000,0.91599,1.47158,-0.23531,0.00000
32980000000,11.58484,6.27450,0.02073,-0.39612,-0.00000,-0.00000,0.91820,1.47474,-0.23067,0.00000
33000000000,11.56116,6.25627,0.02073,-0.39112,-0.00000,-0.00000,0.92034,1.47773,-0.22610,0.00000
33020000000,11.53731,6.23818,0.02073,-0.38622,-0.00000,-0.00000,0.92241,1.48056,-0.22158,0.00000
33040000000,11.51330,6.22025,0.02073,-0.38141,-0.00000,-0.00000,0.92441,1.48323,-0.21714,0.00000
33060000000,11.48912,6.20247,0.02073,-0.37668,-0.00000,-0.00000,0.92634,1.48576,-0.21276,0.00000
33080000000,11.46480,6.18484,0.02073,-0.37203,-0.00000,-0.00000,0.92822,1.48815,-0.20844,0.00000
33100000000,11.44032,6.16735,0.02073,-0.36747,-0.00000,-0.00000,0.93003,1.49040,-0.20420,0.00000
33120000000,11.41571,6.15002,0.02073,-0.36299,-0.00000,-0.00000,0.93179,1.49253,-0.20002,0.00000
33140000000,11.39095,6.13283,0.02073,-0.35860,-0.00000,-0.00000,0.93349,1.49454,-0.19592,0.00000
33160000000,11.36606,6.11578,0.02073,-0.35428,-0.00000,-0.00000,0.93514,1.49643,-0.19188,0.00000
33180000000,11.34104,6.09888,0.02073,-0.35003,-0.00000,-0.00000,0.93674,1.49821,-0.18791,0.00000
33200000000,11.31589,6.08213,0.02073,-0.34587,-0.00000,-0.00000,0.93828,1.49989,-0.18401,0.00000
33220000000,11.29063,6.06551,0.02073,-0.34177,-0.00000,-0.00000,0.93978,1.50146,-0.18018,0.00000
33240000000,11.26524,6.04904,0.02073,-0.33775,-0.00000,-0.00000,0.94123,1.50295,-0.17642,0.00000
33260000000,11.23974,6.03271,0.02073,-0.33380,-0.00000,-0.00000,0.94264,1.50434,-0.17273,0.00000
33280000000,11.21414,6.01652,0.02073,-0.32993,-0.00000,-0.00000,0.94401,1.50564,-0.16911,0.00000
33300000000,11.18842,6.00046,0.02073,-0.32612,-0.00000,-0.00000,0.94533,1.50686,-0.16555,0.00000
33320000000,11.16261,5.98454,0.02073,-0.32238,-0.00000,-0.00000,0.94661,1.50800,-0.16206,0.00000
33340000000,11.13669,5.96876,0.02073,-0.31870,-0.00000,-0.00000,0.94785,1.50907,-0.15864,0.00000
33360000000,11.11068,5.95310,0.02073,-0.31509,-0.00000,-0.00000,0.94906,1.51007,-0.15528,0.00000
33380000000,11.08458,5.93758,0.02073,-0.31155,-0.00000,-0.00000,0.95023,1.51099,-0.15199,0.00000
33400000000,11.05838,5.92220,0.02073,-0.30807,-0.00000,-0.00000,0.95136,1.51186,-0.14877,0.00000
33420000000,11.03210,5.90694,0.02073,-0.30465,-0.00000,-0.00000,0.95247,1.51266,-0.14561,0.00000
33440000000,11.00573,5.89180,0.02073,-0.30129,-0.00000,-0.00000,0.95353,1.51341,-0.14251,0.00000
33460000000,10.97929,5.87680,0.02073,-0.29799,-0.00000,-0.00000,0.95457,1.51410,-0.13947,0.00000
33480000000,10.95276,5.86192,0.02073,-0.29475,-0.00000,-0.00000,0.95557,1.51473,-0.13649,0.00000
33500000000,10.92616,5.84716,0.02073,-0.29157,-0.00000,-0.00000,0.95655,1.51532,-0.13358,0.00000
33520000000,10.89948,5.83252,0.02073,-0.28844,-0.00000,-0.00000,0.95750,1.51586,-0.13072,0.00000
33540000000,10.87273,5.81801,0.02073,-0.28537,-0.00000,-0.00000,0.95842,1.51636,-0.12793,0.00000
33560000000,10.84591,5.80361,0.02073,-0.28236,-0.00000,-0.00000,0.95931,1.51681,-0.12519,0.00000
33580000000,10.81903,5.78933,0.02073,-0.27939,-0.00000,-0.00000,0.96018,1.51722,-0.12251,0.00000
33600000000,10.79208,5.77517,0.02073,-0.27649,-0.00000,-0.00000,0.96102,1.51759,-0.11988,0.00000
33620000000,10.76506,5.76112,0.02073,-0.27363,-0.00000,-0.00000,0.96184,1.51793,-0.11731,0.00000
33640000000,10.73799,5.74718,0.02073,-0.27083,-0.00000,-0.00000,0.96263,1.51823,-0.11479,0.00000
33660000000,10.71090,5.73335,0.02073,-0.26799,-0.00000,-0.00000,0.96342,1.51538,-0.10974,0.00000
33680000000,10.68386,5.71963,0.02073,-0.26505,-0.00000,-0.00000,0.96424,1.51196,-0.10466,0.00000
33700000000,10.65682,5.70602,0.02073,-0.26205,-0.00000,-0.00000,0.96505,1.50915,-0.10042,0.00000
33720000000,10.62982,5.69255,0.02073,-0.25890,-0.00000,-0.00000,0.96590,1.50441,-0.09509,0.00000
33740000000,10.60285,5.67922,0.02073,-0.25563,-0.00000,-0.00000,0.96677,1.50104,-0.09128,0.00000
33760000000,10.57587,5.66604,0.02073,-0.25227,-0.00000,-0.00000,0.96766,1.49813,-0.08818,0.00000
33780000000,10.54888,5.65304,0.02073,-0.24882,-0.00000,-0.00000,0.96855,1.49451,-0.08483,0.00000
33800000000,10.52190,5.64021,0.02073,-0.24524,-0.00000,-0.00000,0.96946,1.49026,-0.08141,0.00000
33820000000,10.49491,5.62760,0.02073,-0.24147,-0.00000,-0.00000,0.97041,1.48722,-0.08221,0.00000
33840000000,10.46777,5.61534,0.02073,-0.23737,-0.00000,-0.00000,0.97142,1.48581,-0.09129,0.00000
33860000000,10.44048,5.60350,0.02073,-0.23281,-0.00000,-0.00000,0.97252,1.48310,-0.09650,0.00000
33880000000,10.41321,5.59192,0.02073,-0.22810,-0.00000,-0.00000,0.97364,1.47739,-0.09258,0.00000
33900000000,10.38593,5.58059,0.02073,-0.22327,-0.00000,-0.00000,0.97476,1.47375,-0.09061,0.00000
33920000000,10.35860,5.56953,0.02073,-0.21836,-0.00000,-0.00000,0.97587,1.47118,-0.08966,0.00000
33940000000,10.33104,5.55879,0.02073,-0.21355,-0.00000,-0.00000,0.97693,1.47766,-0.09460,0.00000
33960000000,10.30323,5.54833,0.02073,-0.20886,-0.00000,-0.00000,0.97794,1.48413,-0.09832,0.00000
33980000000,10.27532,5.53797,0.02073,-0.20463,-0.00000,-0.00000,0.97884,1.48646,-0.08713,0.00000
34000000000,10.24729,5.52770,0.02073,-0.20079,-0.00000,-0.00000,0.97963,1.49182,-0.08564,0.00000
34020000000,10.21903,5.51765,0.02073,-0.19710,-0.00000,-0.00000,0.98038,1.49886,-0.08883,0.00000
34040000000,10.19054,5.50781,0.02073,-0.19357,-0.00000,-0.00000,0.98109,1.50603,-0.09166,0.00000
34060000000,10.16183,5.49816,0.02073,-0.19020,-0.00000,-0.00000,0.98175,1.51330,-0.09413,0.00000
34080000000,10.13290,5.48870,0.02073,-0.18700,-0.00000,-0.00000,0.98236,1.52065,-0.09622,0.00000
34100000000,10.10377,5.47939,0.02073,-0.18398,-0.00000,-0.00000,0.98293,1.52806,-0.09796,0.00000
34120000000,10.07443,5.47023,0.02073,-0.18114,-0.00000,-0.00000,0.98346,1.53488,-0.09905,0.00000
34140000000,10.04502,5.46120,0.02073,-0.17838,-0.00000,-0.00000,0.98396,1.53505,-0.09697,0.00000
34160000000,10.01558,5.45230,0.02073,-0.17566,-0.00000,-0.00000,0.98445,1.53485,-0.09478,0.00000
34180000000,9.98612,5.44351,0.02073,-0.17299,-0.00000,-0.00000,0.98492,1.53464,-0.09264,0.00000
34200000000,9.95662,5.43485,0.02073,-0.17037,-0.00000,-0.00000,0.98538,1.53440,-0.09055,0.00000
34220000000,9.92709,5.42631,0.02073,-0.16780,-0.00000,-0.00000,0.98582,1.53416,-0.08851,0.00000
34240000000,9.89754,5.41788,0.02073,-0.16526,-0.00000,-0.00000,0.98625,1.53390,-0.08652,0.00000
34260000000,9.86797,5.40957,0.02073,-0.16277,-0.00000,-0.00000,0.98666,1.53363,-0.08457,0.00000
34280000000,9.83837,5.40137,0.02073,-0.16033,-0.00000,-0.00000,0.98706,1.53335,-0.08266,0.00000
34300000000,9.80875,5.39328,0.02073,-0.15793,-0.00000,-0.00000,0.98745,1.53306,-0.08080,0.00000
34320000000,9.77910,5.38530,0.02073,-0.15556,-0.00000,-0.00000,0.98783,1.53276,-0.07898,0.00000
34340000000,9.74944,5.37743,0.02073,-0.15324,-0.00000,-0.00000,0.98819,1.53244,-0.07720,0.00000
34360000000,9.71976,5.36967,0.02073,-0.15096,-0.00000,-0.00000,0.98854,1.53213,-0.07547,0.00000
34380000000,9.69005,5.36201,0.02073,-0.14872,-0.00000,-0.00000,0.98888,1.53180,-0.07377,0.00000
34400000000,9.66033,5.35446,0.02073,-0.14652,-0.00000,-0.00000,0.98921,1.53147,-0.07212,0.00000
34420000000,9.63060,5.34701,0.02073,-0.14436,-0.00000,-0.00000,0.98953,1.53113,-0.07050,0.00000
34440000000,9.60084,5.33966,0.02073,-0.14223,-0.00000,-0.00000,0.98983,1.53079,-0.06892,0.00000
34460000000,9.57107,5.33241,0.02073,-0.14014,-0.00000,-0.00000,0.99013,1.53044,-0.06737,0.00000
34480000000,9.54129,5.32525,0.02073,-0.13809,-0.00000,-0.00000,0.99042,1.53009,-0.06587,0.00000
34500000000,9.51150,5.31819,0.02073,-0.13607,-0.00000,-0.00000,0.99070,1.52878,-0.06409,0.00000
34520000000,9.48182,5.31122,0.02073,-0.13401,-0.00000,-0.00000,0.99098,1.52187,-0.06074,0.00000
34540000000,9.45226,5.30436,0.02073,-0.13188,-0.00000,-0.00000,0.99127,1.51429,-0.05747,0.00000
34560000000,9.42282,5.29761,0.02073,-0.12970,-0.00000,-0.00000,0.99155,1.50908,-0.05523,0.00000
34580000000,9.39343,5.29097,0.02073,-0.12749,-0.00000,-0.00000,0.99184,1.50313,-0.05294,0.00000
34600000000,9.36421,5.28446,0.02073,-0.12517,-0.00000,-0.00000,0.99214,1.49379,-0.05010,0.00000
34620000000,9.33502,5.27819,0.02073,-0.12256,-0.00000,-0.00000,0.99246,1.49122,-0.05644,0.00000
34640000000,9.30584,5.27219,0.02073,-0.11967,-0.00000,-0.00000,0.99281,1.48786,-0.05944,0.00000
34660000000,9.27672,5.26636,0.02073,-0.11673,-0.00000,-0.00000,0.99316,1.48128,-0.05761,0.00000
34680000000,9.24775,5.26071,0.02073,-0.11370,-0.00000,-0.00000,0.99352,1.47357,-0.05578,0.00000
34700000000,9.21869,5.25524,0.02073,-0.11068,-0.00000,-0.00000,0.99386,1.47987,-0.05808,0.00000
34720000000,9.18939,5.24996,0.02073,-0.10774,-0.00000,-0.00000,0.99418,1.48964,-0.06049,0.00000
34740000000,9.15998,5.24470,0.02073,-0.10519,-0.00000,-0.00000,0.99445,1.49381,-0.05213,0.00000
34760000000,9.13039,5.23954,0.02073,-0.10282,-0.00000,-0.00000,0.99470,1.50377,-0.05431,0.00000
34780000000,9.10056,5.23452,0.02073,-0.10054,-0.00000,-0.00000,0.99493,1.51375,-0.05618,0.00000
34800000000,9.07051,5.22963,0.02073,-0.09837,-0.00000,-0.00000,0.99515,1.52369,-0.05768,0.00000
34820000000,9.04025,5.22485,0.02073,-0.09632,-0.00000,-0.00000,0.99535,1.53262,-0.05862,0.00000
34840000000,9.00993,5.22017,0.02073,-0.09431,-0.00000,-0.00000,0.99554,1.53257,-0.05736,0.00000
34860000000,8.97961,5.21559,0.02073,-0.09235,-0.00000,-0.00000,0.99573,1.53212,-0.05605,0.00000
34880000000,8.94929,5.21110,0.02073,-0.09041,-0.00000,-0.00000,0.99590,1.53166,-0.05477,0.00000
34900000000,8.91896,5.20670,0.02073,-0.08851,-0.00000,-0.00000,0.99608,1.53122,-0.05352,0.00000
34920000000,8.88863,5.20240,0.02073,-0.08664,-0.00000,-0.00000,0.99624,1.53077,-0.05230,0.00000
34940000000,8.85829,5.19819,0.02073,-0.08481,-0.00000,-0.00000,0.99640,1.53032,-0.05111,0.00000
34960000000,8.82796,5.19406,0.02073,-0.08301,-0.00000,-0.00000,0.99655,1.52988,-0.04995,0.00000
34980000000,8.79762,5.19003,0.02073,-0.08124,-0.00000,-0.00000,0.99669,1.52943,-0.04881,0.00000
35000000000,8.76728,5.18608,0.02073,-0.07950,-0.00000,-0.00000,0.99684,1.52899,-0.04771,0.00000
35020000000,8.73693,5.18221,0.02073,-0.07779,-0.00000,-0.00000,0.99697,1.52855,-0.04663,0.00000
35040000000,8.70659,5.17843,0.02073,-0.07611,-0.00000,-0.00000,0.99710,1.52812,-0.04557,0.00000
35060000000,8.67624,5.17473,0.02073,-0.07446,-0.00000,-0.00000,0.99722,1.52769,-0.04454,0.00000
35080000000,8.64590,5.17111,0.02073,-0.07284,-0.00000,-0.00000,0.99734,1.52726,-0.04353,0.00000
35100000000,8.61555,5.16757,0.02073,-0.07125,-0.00000,-0.00000,0.99746,1.52683,-0.04255,0.00000
35120000000,8.58521,5.16411,0.02073,-0.06969,-0.00000,-0.00000,0.99757,1.52641,-0.04159,0.00000
35140000000,8.55487,5.16073,0.02073,-0.06815,-0.00000,-0.00000,0.99768,1.52599,-0.04066,0.00000
35160000000,8.52452,5.15742,0.02073,-0.06664,-0.00000,-0.00000,0.99778,1.52558,-0.03974,0.00000
35180000000,8.49418,5.15418,0.02073,-0.06516,-0.00000,-0.00000,0.99787,1.52517,-0.03885,0.00000
35200000000,8.46383,5.15102,0.02073,-0.06371,-0.00000,-0.00000,0.99797,1.52476,-0.03798,0.00000
35220000000,8.43349,5.14793,0.02073,-0.06228,-0.00000,-0.00000,0.99806,1.52436,-0.03713,0.00000
35240000000,8.40315,5.14491,0.02073,-0.06088,-0.00000,-0.00000,0.99815,1.52396,-0.03630,0.00000
35260000000,8.37282,5.14196,0.02073,-0.05950,-0.00000,-0.00000,0.99823,1.52356,-0.03549,0.00000
35280000000,8.34248,5.13908,0.02073,-0.05815,-0.00000,-0.00000,0.99831,1.52317,-0.03470,0.00000
35300000000,8.31214,5.13626,0.02073,-0.05682,-0.00000,-0.00000,0.99838,1.52279,-0.03392,0.00000
35320000000,8.28181,5.13351,0.02073,-0.05551,-0.00000,-0.00000,0.99846,1.52241,-0.03317,0.00000
35340000000,8.25148,5.13083,0.02073,-0.05423,-0.00000,-0.00000,0.99853,1.52203,-0.03243,0.00000
35360000000,8.22115,5.12820,0.02073,-0.05297,-0.00000,-0.00000,0.99860,1.52166,-0.03171,0.00000
35380000000,8.19083,5.12564,0.02073,-0.05174,-0.00000,-0.00000,0.99866,1.52129,-0.03101,0.00000
35400000000,8.16050,5.12315,0.02073,-0.05053,-0.00000,-0.00000,0.99872,1.52093,-0.03032,0.00000
35420000000,8.13018,5.12071,0.02073,-0.04934,-0.00000,-0.00000,0.99878,1.52057,-0.02965,0.00000
35440000000,8.09986,5.11833,0.02073,-0.04817,-0.00000,-0.00000,0.99884,1.52022,-0.02900,0.00000
35460000000,8.06955,5.11601,0.02073,-0.04702,-0.00000,-0.00000,0.99889,1.51987,-0.02836,0.00000
35480000000,8.03923,5.11374,0.02073,-0.04589,-0.00000,-0.00000,0.99895,1.51952,-0.02773,0.00000
35500000000,8.00888,5.11154,0.02073,-0.04480,-0.00000,-0.00000,0.99900,1.52354,-0.02756,0.00000
35520000000,7.97836,5.10938,0.02073,-0.04376,-0.00000,-0.00000,0.99904,1.53158,-0.02763,0.00000
35540000000,7.94768,5.10728,0.02073,-0.04278,-0.00000,-0.00000,0.99908,1.53950,-0.02747,0.00000
35560000000,7.91682,5.10521,0.02073,-0.04187,-0.00000,-0.00000,0.99912,1.54847,-0.02719,0.00000
35580000000,7.88585,5.10316,0.02073,-0.04104,-0.00000,-0.00000,0.99916,1.55182,-0.02618,0.00000
35600000000,7.85476,5.10115,0.02073,-0.04028,-0.00000,-0.00000,0.99919,1.55908,-0.02540,0.00000
35620000000,7.82349,5.09914,0.02073,-0.03962,-0.00000,-0.00000,0.99921,1.56915,-0.02467,0.00000
35640000000,7.79203,5.09714,0.02073,-0.03907,-0.00000,-0.00000,0.99924,1.57800,-0.02358,0.00000
35660000000,7.76043,5.09513,0.02073,-0.03862,-0.00000,-0.00000,0.99925,1.58459,-0.02208,0.00000
35680000000,7.72870,5.09311,0.02073,-0.03830,-0.00000,-0.00000,0.99927,1.59164,-0.02045,0.00000
35700000000,7.69685,5.09105,0.02073,-0.03810,-0.00000,-0.00000,0.99927,1.59626,-0.01846,0.00000
35720000000,7.66488,5.08895,0.02073,-0.03803,-0.00000,-0.00000,0.99928,1.60305,-0.01652,0.00000
35740000000,7.63280,5.08680,0.02073,-0.03811,-0.00000,-0.00000,0.99927,1.60795,-0.01427,0.00000
35760000000,7.60059,5.08459,0.02073,-0.03834,-0.00000,-0.00000,0.99926,1.61625,-0.01218,0.00000
35780000000,7.56823,5.08230,0.02073,-0.03873,-0.00000,-0.00000,0.99925,1.62369,-0.00983,0.00000
35800000000,7.53571,5.07992,0.02073,-0.03932,-0.00000,-0.00000,0.99923,1.63274,-0.00742,0.00000
35820000000,7.50312,5.07743,0.02073,-0.04008,-0.00000,-0.00000,0.99920,1.63423,-0.00432,0.00000
35840000000,7.47045,5.07481,0.02073,-0.04104,-0.00000,-0.00000,0.99916,1.63904,-0.00143,0.00000
35860000000,7.43768,5.07207,0.02073,-0.04221,-0.00000,-0.00000,0.99911,1.64663,0.00133,0.00000
35880000000,7.40479,5.06916,0.02073,-0.04359,-0.00000,-0.00000,0.99905,1.65085,0.00447,0.00000
35900000000,7.37181,5.06609,0.02073,-0.04521,-0.00000,-0.00000,0.99898,1.65844,0.00742,0.00000
35920000000,7.33869,5.06283,0.02073,-0.04709,-0.00000,-0.00000,0.99889,1.66542,0.01054,0.00000
35940000000,7.30553,5.05935,0.02073,-0.04922,-0.00000,-0.00000,0.99879,1.66692,0.01413,0.00000
35960000000,7.27233,5.05566,0.02073,-0.05161,-0.00000,-0.00000,0.99867,1.67076,0.01754,0.00000
35980000000,7.23905,5.05171,0.02073,-0.05428,-0.00000,-0.00000,0.99853,1.67724,0.02073,0.00000
36000000000,7.20567,5.04750,0.02073,-0.05726,-0.00000,-0.00000,0.99836,1.68367,0.02399,0.00000
36020000000,7.17225,5.04300,0.02073,-0.06055,-0.00000,-0.00000,0.99817,1.68634,0.02759,0.00000
36040000000,7.13883,5.03820,0.02073,-0.06415,-0.00000,-0.00000,0.99794,1.68793,0.03127,0.00000
36060000000,7.10538,5.03306,0.02073,-0.06809,-0.00000,-0.00000,0.99768,1.69333,0.03451,0.00000
36080000000,7.07187,5.02756,0.02073,-0.07239,-0.00000,-0.00000,0.99738,1.69835,0.03778,0.00000
36100000000,7.03841,5.02169,0.02073,-0.07703,-0.00000,-0.00000,0.99703,1.69747,0.04164,0.00000
36120000000,7.00499,5.01543,0.02073,-0.08203,-0.00000,-0.00000,0.99663,1.70012,0.04498,0.00000
36140000000,6.97158,5.00874,0.02073,-0.08741,-0.00000,-0.00000,0.99617,1.70395,0.04808,0.00000
36160000000,6.93821,5.00160,0.02073,-0.09320,-0.00000,-0.00000,0.99565,1.70587,0.05135,0.00000
36180000000,6.90496,4.99400,0.02073,-0.09935,-0.00000,-0.00000,0.99505,1.70162,0.05543,0.00000
36200000000,6.87213,4.98593,0.02073,-0.10570,-0.00000,-0.00000,0.99440,1.68533,0.06115,0.00000
36220000000,6.83974,4.97739,0.02073,-0.11220,-0.00000,-0.00000,0.99369,1.66974,0.06660,0.00000
36240000000,6.80778,4.96840,0.02073,-0.11881,-0.00000,-0.00000,0.99292,1.65484,0.07181,0.00000
36260000000,6.77625,4.95895,0.02073,-0.12551,-0.00000,-0.00000,0.99209,1.64065,0.07681,0.00000
36280000000,6.74514,4.94905,0.02073,-0.13226,-0.00000,-0.00000,0.99122,1.62714,0.08161,0.00000
36300000000,6.71444,4.93870,0.02073,-0.13904,-0.00000,-0.00000,0.99029,1.61430,0.08625,0.00000
36320000000,6.68415,4.92792,0.02073,-0.14582,-0.00000,-0.00000,0.98931,1.60213,0.09072,0.00000
36340000000,6.65423,4.91671,0.02073,-0.15260,-0.00000,-0.00000,0.98829,1.59358,0.09423,0.00000
36360000000,6.62443,4.90506,0.02073,-0.15961,-0.00000,-0.00000,0.98718,1.59847,0.09401,0.00000
36380000000,6.59478,4.89296,0.02073,-0.16680,-0.00000,-0.00000,0.98599,1.59724,0.09559,0.00000
36400000000,6.56530,4.88040,0.02073,-0.17422,-0.00000,-0.00000,0.98471,1.60065,0.09561,0.00000
36420000000,6.53594,4.86736,0.02073,-0.18193,-0.00000,-0.00000,0.98331,1.60434,0.09544,0.00000
36440000000,6.50676,4.85383,0.02073,-0.18989,-0.00000,-0.00000,0.98180,1.60460,0.09645,0.00000
36460000000,6.47779,4.83981,0.02073,-0.19812,-0.00000,-0.00000,0.98018,1.60698,0.09649,0.00000
36480000000,6.44903,4.82528,0.02073,-0.20664,-0.00000,-0.00000,0.97842,1.60913,0.09645,0.00000
36500000000,6.42051,4.81022,0.02073,-0.21547,-0.00000,-0.00000,0.97651,1.60983,0.09688,0.00000
36520000000,6.39227,4.79463,0.02073,-0.22458,-0.00000,-0.00000,0.97445,1.60993,0.09740,0.00000
36540000000,6.36436,4.77849,0.02073,-0.23396,-0.00000,-0.00000,0.97225,1.60757,0.09907,0.00000
36560000000,6.33682,4.76181,0.02073,-0.24360,-0.00000,-0.00000,0.96988,1.60676,0.09960,0.00000
36580000000,6.30963,4.74459,0.02073,-0.25354,-0.00000,-0.00000,0.96732,1.60597,0.09979,0.00000
36600000000,6.28284,4.72680,0.02073,-0.26380,-0.00000,-0.00000,0.96458,1.60469,0.09991,0.00000
36620000000,6.25646,4.70846,0.02073,-0.27438,-0.00000,-0.00000,0.96162,1.60261,0.10016,0.00000
36640000000,6.23060,4.68955,0.02073,-0.28518,-0.00000,-0.00000,0.95847,1.59650,0.10290,0.00000
36660000000,6.20538,4.67009,0.02073,-0.29588,-0.00000,-0.00000,0.95523,1.58632,0.10791,0.00000
36680000000,6.18080,4.65014,0.02073,-0.30638,-0.00000,-0.00000,0.95191,1.57728,0.11016,0.00000
36700000000,6.15682,4.62972,0.02073,-0.31667,-0.00000,-0.00000,0.94854,1.56895,0.11322,0.00000
36720000000,6.13346,4.60880,0.02073,-0.32678,-0.00000,-0.00000,0.94510,1.56129,0.11833,0.00000
36740000000,6.11074,4.58739,0.02073,-0.33674,-0.00000,-0.00000,0.94160,1.55441,0.12473,0.00000
36760000000,6.08867,4.56547,0.02073,-0.34657,-0.00000,-0.00000,0.93803,1.54836,0.13233,0.00000
36780000000,6.06725,4.54305,0.02073,-0.35627,-0.00000,-0.00000,0.93438,1.54320,0.14101,0.00000
36800000000,6.04649,4.52011,0.02073,-0.36588,-0.00000,-0.00000,0.93066,1.53897,0.15067,0.00000
36820000000,6.02640,4.49664,0.02073,-0.37541,-0.00000,-0.00000,0.92686,1.53571,0.16123,0.00000
36840000000,6.00699,4.47264,0.02073,-0.38486,-0.00000,-0.00000,0.92297,1.53346,0.17257,0.00000
36860000000,5.98825,4.44813,0.02073,-0.39424,-0.00000,-0.00000,0.91901,1.53205,0.18246,0.00000
36880000000,5.97010,4.42318,0.02073,-0.40346,-0.00000,-0.00000,0.91500,1.53105,0.18703,0.00000
36900000000,5.95248,4.39788,0.02073,-0.41269,-0.00000,-0.00000,0.91087,1.53013,0.18647,0.00000
36920000000,5.93536,4.37228,0.02073,-0.42200,-0.00000,-0.00000,0.90660,1.52857,0.18325,0.00000
36940000000,5.91874,4.34640,0.02073,-0.43143,-0.00000,-0.00000,0.90215,1.52644,0.18029,0.00000
36960000000,5.90266,4.32026,0.02073,-0.44098,-0.00000,-0.00000,0.89752,1.52350,0.17686,0.00000
36980000000,5.88715,4.29385,0.02073,-0.45064,-0.00000,-0.00000,0.89271,1.52047,0.17520,0.00000
37000000000,5.87221,4.26721,0.02073,-0.46040,-0.00000,-0.00000,0.88771,1.51639,0.17253,0.00000
37020000000,5.85790,4.24032,0.02073,-0.47024,-0.00000,-0.00000,0.88254,1.51255,0.17177,0.00000
37040000000,5.84421,4.21322,0.02073,-0.48016,-0.00000,-0.00000,0.87718,1.50725,0.16953,0.00000
37060000000,5.83117,4.18594,0.02073,-0.49019,-0.00000,-0.00000,0.87161,1.50098,0.16719,0.00000
37080000000,5.81881,4.15847,0.02073,0.50028,0.00000,0.00000,-0.86586,1.49590,0.16762,0.00000
37100000000,5.80720,4.13066,0.02073,0.51026,0.00000,0.00000,-0.86002,1.49731,0.17588,0.00000
37120000000,5.79637,4.10246,0.02073,0.52008,0.00000,0.00000,-0.85412,1.49996,0.18419,0.00000
37140000000,5.78629,4.07390,0.02073,0.52975,0.00000,0.00000,-0.84816,1.50353,0.19212,0.00000
37160000000,5.77697,4.04497,0.02073,0.53926,0.00000,0.00000,-0.84214,1.50799,0.19966,0.00000
37180000000,5.76839,4.01569,0.02073,0.54862,0.00000,0.00000,-0.83607,1.51330,0.20678,0.00000
37200000000,5.76053,3.98606,0.02072,0.55784,0.00000,0.00000,-0.82995,1.51943,0.21344,0.00000
37220000000,5.75340,3.95609,0.02072,0.56691,0.00000,0.00000,-0.82378,1.52636,0.21964,0.00000
37240000000,5.74699,3.92580,0.02072,0.57585,0.00000,0.00000,-0.81756,1.53401,0.22526,0.00000
37260000000,5.74112,3.89536,0.02072,0.58442,0.00000,0.00000,-0.81145,1.53392,0.21611,0.00000
37280000000,5.73567,3.86493,0.02072,0.59247,0.00000,0.00000,-0.80559,1.53039,0.20544,0.00000
37300000000,5.73081,3.83461,0.02072,0.60033,0.00000,0.00000,-0.79975,1.51922,0.20377,0.00000
37320000000,5.72657,3.80441,0.02072,0.60807,0.00000,0.00000,-0.79389,1.50815,0.20197,0.00000
37340000000,5.72293,3.77437,0.02072,0.61567,0.00000,0.00000,-0.78800,1.49728,0.19995,0.00000
37360000000,5.71987,3.74448,0.02072,0.62314,0.00000,0.00000,-0.78211,1.48658,0.19772,0.00000
37380000000,5.71737,3.71475,0.02072,0.63046,0.00000,0.00000,-0.77622,1.47607,0.19528,0.00000
37400000000,5.71543,3.68519,0.02072,0.63763,0.00000,0.00000,-0.77035,1.46572,0.19263,0.00000
37420000000,5.71400,3.65582,0.02072,0.64464,0.00000,0.00000,-0.76449,1.45555,0.18978,0.00000
37440000000,5.71308,3.62663,0.02072,0.65148,0.00000,0.00000,-0.75866,1.44554,0.18674,0.00000
37460000000,5.71265,3.59764,0.02072,0.65816,0.00000,0.00000,-0.75287,1.43570,0.18350,0.00000
37480000000,5.71268,3.56884,0.02072,0.66467,0.00000,0.00000,-0.74714,1.42601,0.18009,0.00000
37500000000,5.71316,3.54025,0.02072,0.67100,0.00000,0.00000,-0.74146,1.41647,0.17649,0.00000
37520000000,5.71406,3.51186,0.02072,0.67715,0.00000,0.00000,-0.73584,1.40707,0.17272,0.00000
37540000000,5.71536,3.48368,0.02072,0.68312,0.00000,0.00000,-0.73031,1.39782,0.16878,0.00000
37560000000,5.71704,3.45572,0.02072,0.68890,0.00000,0.00000,-0.72486,1.38871,0.16468,0.00000
37580000000,5.71909,3.42797,0.02072,0.69449,0.00000,0.00000,-0.71950,1.37973,0.16043,0.00000
37600000000,5.72148,3.40043,0.02072,0.69989,0.00000,0.00000,-0.71425,1.37088,0.15602,0.00000
37620000000,5.72420,3.37300,0.02072,0.70512,0.00000,0.00000,-0.70909,1.37040,0.15246,0.00000
37640000000,5.72726,3.34555,0.02072,0.71019,0.00000,0.00000,-0.70401,1.37370,0.15002,0.00000
37660000000,5.73069,3.31806,0.02072,0.71505,0.00000,0.00000,-0.69907,1.37810,0.14891,0.00000
37680000000,5.73447,3.29053,0.02072,0.71973,0.00000,0.00000,-0.69426,1.38239,0.14772,0.00000
37700000000,5.73858,3.26301,0.02072,0.72420,0.00000,0.00000,-0.68959,1.38291,0.14616,0.00000
37720000000,5.74300,3.23564,0.02072,0.72845,0.00000,0.00000,-0.68509,1.37741,0.14412,0.00000
37740000000,5.74770,3.20839,0.02072,0.73249,0.00000,0.00000,-0.68078,1.37373,0.14208,0.00000
37760000000,5.75267,3.18128,0.02072,0.73630,0.00000,0.00000,-0.67666,1.36966,0.13991,0.00000
37780000000,5.75789,3.15425,0.02072,0.73990,0.00000,0.00000,-0.67271,1.36987,0.13773,0.00000
37800000000,5.76333,3.12735,0.02072,0.74329,0.00000,0.00000,-0.66897,1.36363,0.13539,0.00000
37820000000,5.76898,3.10054,0.02072,0.74648,0.00000,0.00000,-0.66541,1.36420,0.13290,0.00000
37840000000,5.77483,3.07384,0.02072,0.74945,0.00000,0.00000,-0.66206,1.35878,0.13042,0.00000
37860000000,5.78084,3.04727,0.02072,0.75222,0.00000,0.00000,-0.65892,1.35552,0.12775,0.00000
37880000000,5.78700,3.02081,0.02072,0.75477,0.00000,0.00000,-0.65599,1.35228,0.12495,0.00000
37900000000,5.79330,2.99442,0.02072,0.75713,0.00000,0.00000,-0.65326,1.35132,0.12191,0.00000
37920000000,5.79971,2.96814,0.02072,0.75930,0.00000,0.00000,-0.65074,1.34613,0.11905,0.00000
37940000000,5.80621,2.94195,0.02072,0.76126,0.00000,0.00000,-0.64845,1.34414,0.11580,0.00000
37960000000,5.81279,2.91587,0.02072,0.76302,0.00000,0.00000,-0.64638,1.33857,0.11273,0.00000
37980000000,5.81943,2.88988,0.02072,0.76458,0.00000,0.00000,-0.64453,1.33661,0.10918,0.00000
38000000000,5.82610,2.86396,0.02072,0.76595,0.00000,0.00000,-0.64290,1.33385,0.10559,0.00000
38020000000,5.83279,2.83812,0.02072,0.76714,0.00000,0.00000,-0.64148,1.33053,0.10193,0.00000
38040000000,5.83949,2.81236,0.02072,0.76813,0.00000,0.00000,-0.64029,1.32617,0.09828,0.00000
38060000000,5.84616,2.78671,0.02072,0.76893,0.00000,0.00000,-0.63933,1.32012,0.09467,0.00000
38080000000,5.85280,2.76117,0.02072,0.76953,0.00000,0.00000,-0.63861,1.31458,0.09082,0.00000
38100000000,5.85938,2.73568,0.02072,0.76995,0.00000,0.00000,-0.63811,1.31296,0.08629,0.00000
38120000000,5.86588,2.71026,0.02072,0.77019,0.00000,0.00000,-0.63782,1.30818,0.08208,0.00000
38140000000,5.87230,2.68489,0.02072,0.77025,0.00000,0.00000,-0.63774,1.30696,0.07719,0.00000
38160000000,5.87861,2.65954,0.02072,0.77015,0.00000,0.00000,-0.63786,1.30238,0.07277,0.00000
38180000000,5.88480,2.63431,0.02072,0.76987,0.00000,0.00000,-0.63820,1.29563,0.06849,0.00000
38200000000,5.89085,2.60915,0.02072,0.76940,0.00000,0.00000,-0.63877,1.29160,0.06358,0.00000
38220000000,5.89674,2.58407,0.02072,0.76876,0.00000,0.00000,-0.63954,1.28524,0.05893,0.00000
38240000000,5.90246,2.55910,0.02072,0.76794,0.00000,0.00000,-0.64052,1.27781,0.05425,0.00000
38260000000,5.90798,2.53421,0.02072,0.76694,0.00000,0.00000,-0.64171,1.27244,0.04903,0.00000
38280000000,5.91329,2.50938,0.02072,0.76578,0.00000,0.00000,-0.64310,1.26831,0.04343,0.00000
38300000000,5.91839,2.48461,0.02072,0.76447,0.00000,0.00000,-0.64466,1.26314,0.03789,0.00000
38320000000,5.92324,2.45991,0.02072,0.76299,0.00000,0.00000,-0.64641,1.25633,0.03250,0.00000
38340000000,5.92785,2.43533,0.02072,0.76135,0.00000,0.00000,-0.64835,1.24805,0.02717,0.00000
38360000000,5.93219,2.41079,0.02072,0.75956,0.00000,0.00000,-0.65044,1.24737,0.02030,0.00000
38380000000,5.93625,2.38598,0.02072,0.75769,0.00000,0.00000,-0.65261,1.26008,0.01130,0.00000
38400000000,5.94003,2.36087,0.02072,0.75576,0.00000,0.00000,-0.65484,1.27280,0.00269,0.00000
38420000000,5.94353,2.33546,0.02072,0.75378,0.00000,0.00000,-0.65713,1.28552,-0.00552,0.00000
38440000000,5.94675,2.30976,0.02072,0.75173,0.00000,0.00000,-0.65947,1.29827,-0.01333,0.00000
38460000000,5.94970,2.28377,0.02072,0.74963,0.00000,0.00000,-0.66186,1.31104,-0.02072,0.00000
38480000000,5.95237,2.25749,0.02072,0.74748,0.00000,0.00000,-0.66429,1.32382,-0.02770,0.00000
38500000000,5.95476,2.23092,0.02072,0.74528,0.00000,0.00000,-0.66675,1.33664,-0.03426,0.00000
38520000000,5.95688,2.20407,0.02072,0.74303,0.00000,0.00000,-0.66926,1.34947,-0.04039,-0.00000
38540000000,5.95872,2.17693,0.02072,0.74074,0.00000,0.00000,-0.67179,1.36233,-0.04608,-0.00000
38560000000,5.96030,2.14952,0.02072,0.73840,0.00000,0.00000,-0.67436,1.37521,-0.05133,-0.00000
38580000000,5.96161,2.12183,0.02072,0.73603,0.00000,0.00000,-0.67695,1.38811,-0.05613,-0.00000
38600000000,5.96265,2.09387,0.02072,0.73362,0.00000,0.00000,-0.67956,1.40103,-0.06049,-0.00000
38620000000,5.96344,2.06564,0.02072,0.73118,0.00000,0.00000,-0.68219,1.41395,-0.06440,-0.00000
38640000000,5.96396,2.03714,0.02072,0.72870,0.00000,0.00000,-0.68483,1.42687,-0.06785,-0.00000
38660000000,5.96423,2.00837,0.02072,0.72619,0.00000,0.00000,-0.68749,1.43980,-0.07084,-0.00000
38680000000,5.96425,1.97935,0.02072,0.72366,0.00000,0.00000,-0.69016,1.45272,-0.07338,-0.00000
38700000000,5.96403,1.95006,0.02072,0.72110,0.00000,0.00000,-0.69283,1.46562,-0.07546,-0.00000
38720000000,5.96356,1.92052,0.02072,0.71851,0.00000,0.00000,-0.69551,1.47850,-0.07708,-0.00000
38740000000,5.96289,1.89076,0.02072,0.71596,0.00000,0.00000,-0.69814,1.48840,-0.07459,0.00000
38760000000,5.96223,1.86094,0.02072,0.71378,0.00000,0.00000,-0.70037,1.49034,-0.06208,0.00000
38780000000,5.96166,1.83109,0.02072,0.71200,0.00000,0.00000,-0.70218,1.49229,-0.04957,0.00000
38800000000,5.96121,1.80120,0.02072,0.71065,0.00000,0.00000,-0.70355,1.49424,-0.03708,0.00000
38820000000,5.96077,1.77122,0.02072,0.70949,0.00000,0.00000,-0.70472,1.50129,-0.03455,-0.00000
38840000000,5.96023,1.74106,0.02072,0.70833,0.00000,0.00000,-0.70589,1.50962,-0.03444,-0.00000
38860000000,5.95960,1.71074,0.02072,0.70717,0.00000,0.00000,-0.70704,1.51794,-0.03400,-0.00000
38880000000,5.95888,1.68026,0.02072,0.70603,0.00000,0.00000,-0.70818,1.52623,-0.03347,-0.00000
38900000000,5.95808,1.64970,0.02072,0.70491,0.00000,0.00000,-0.70930,1.52795,-0.03282,0.00000
38920000000,5.95719,1.61916,0.02072,0.70381,0.00000,0.00000,-0.71039,1.52737,-0.03215,0.00000
38940000000,5.95623,1.58863,0.02072,0.70273,0.00000,0.00000,-0.71146,1.52681,-0.03148,0.00000
38960000000,5.95518,1.55811,0.02072,0.70167,0.00000,0.00000,-0.71250,1.52626,-0.03084,0.00000
38980000000,5.95406,1.52761,0.02072,0.70063,0.00000,0.00000,-0.71352,1.52572,-0.03020,0.00000
39000000000,5.95287,1.49712,0.02072,0.69962,0.00000,0.00000,-0.71452,1.52519,-0.02958,0.00000
39020000000,5.95160,1.46665,0.02072,0.69862,0.00000,0.00000,-0.71550,1.52467,-0.02897,0.00000
39040000000,5.95025,1.43618,0.02072,0.69764,0.00000,0.00000,-0.71645,1.52416,-0.02838,0.00000
39060000000,5.94884,1.40574,0.02072,0.69668,0.00000,0.00000,-0.71739,1.52367,-0.02780,0.00000
39080000000,5.94736,1.37522,0.02072,0.69573,0.00000,0.00000,-0.71830,1.52947,-0.02730,0.00000
39100000000,5.94580,1.34454,0.02072,0.69481,0.00000,0.00000,-0.71919,1.53762,-0.02666,0.00000
39120000000,5.94417,1.31371,0.02072,0.69392,0.00000,0.00000,-0.72005,1.54573,-0.02582,0.00000
39140000000,5.94249,1.28271,0.02072,0.69306,0.00000,0.00000,-0.72088,1.55383,-0.02470,0.00000
39160000000,5.94075,1.25156,0.02072,0.69225,0.00000,0.00000,-0.72165,1.56196,-0.02336,0.00000
39180000000,5.93897,1.22024,0.02072,0.69150,0.00000,0.00000,-0.72238,1.57013,-0.02182,0.00000
39200000000,5.93715,1.18879,0.02072,0.69079,0.00000,0.00000,-0.72305,1.57667,-0.01994,0.00000
39220000000,5.93532,1.15749,0.02072,0.69015,0.00000,0.00000,-0.72367,1.56370,-0.01817,0.00000
39240000000,5.93348,1.12648,0.02072,0.68956,0.00000,0.00000,-0.72423,1.54989,-0.01674,0.00000
39260000000,5.93163,1.09574,0.02072,0.68900,0.00000,0.00000,-0.72476,1.53635,-0.01564,0.00000
39280000000,5.92976,1.06527,0.02072,0.68848,0.00000,0.00000,-0.72525,1.52308,-0.01485,0.00000
39300000000,5.92788,1.03504,0.02072,0.68798,0.00000,0.00000,-0.72573,1.51229,-0.01435,0.00000
39320000000,5.92596,1.00485,0.02072,0.68749,0.00000,0.00000,-0.72620,1.51197,-0.01406,0.00000
39340000000,5.92401,0.97468,0.02072,0.68700,0.00000,0.00000,-0.72665,1.51173,-0.01378,0.00000
39360000000,5.92202,0.94451,0.02072,0.68653,0.00000,0.00000,-0.72710,1.51150,-0.01350,0.00000
39380000000,5.92000,0.91435,0.02072,0.68607,0.00000,0.00000,-0.72754,1.51126,-0.01323,0.00000
39400000000,5.91795,0.88420,0.02072,0.68561,0.00000,0.00000,-0.72797,1.51104,-0.01296,0.00000
39420000000,5.91586,0.85405,0.02072,0.68516,0.00000,0.00000,-0.72839,1.51081,-0.01270,0.00000
39440000000,5.91375,0.82391,0.02072,0.68473,0.00000,0.00000,-0.72880,1.51060,-0.01245,0.00000
39460000000,5.91160,0.79378,0.02072,0.68430,0.00000,0.00000,-0.72920,1.51038,-0.01220,0.00000
39480000000,5.90943,0.76365,0.02072,0.68388,0.00000,0.00000,-0.72960,1.51018,-0.01195,0.00000
39500000000,5.90722,0.73353,0.02072,0.68347,0.00000,0.00000,-0.72998,1.50997,-0.01171,0.00000
39520000000,5.90499,0.70342,0.02072,0.68306,0.00000,0.00000,-0.73036,1.50977,-0.01148,0.00000
39540000000,5.90273,0.67331,0.02072,0.68267,0.00000,0.00000,-0.73073,1.50957,-0.01125,0.00000
39560000000,5.90044,0.64321,0.02072,0.68228,0.00000,0.00000,-0.73109,1.50938,-0.01102,0.00000
39580000000,5.89813,0.61311,0.02072,0.68190,0.00000,0.00000,-0.73145,1.50919,-0.01080,0.00000
39600000000,5.89578,0.58302,0.02072,0.68152,0.00000,0.00000,-0.73180,1.50901,-0.01058,0.00000
39620000000,5.89342,0.55293,0.02072,0.68116,0.00000,0.00000,-0.73214,1.50883,-0.01037,0.00000
39640000000,5.89102,0.52285,0.02072,0.68080,0.00000,0.00000,-0.73247,1.50865,-0.01016,0.00000
39660000000,5.88860,0.49278,0.02072,0.68045,0.00000,0.00000,-0.73280,1.50848,-0.00996,0.00000
39680000000,5.88616,0.46271,0.02072,0.68010,0.00000,0.00000,-0.73312,1.50831,-0.00976,0.00000
39700000000,5.88370,0.43265,0.02072,0.67977,0.00000,0.00000,-0.73343,1.50814,-0.00956,0.00000
39720000000,5.88120,0.40250,0.02072,0.67944,0.00000,0.00000,-0.73373,1.51460,-0.00945,0.00000
39740000000,5.87867,0.37219,0.02072,0.67913,0.00000,0.00000,-0.73402,1.52294,-0.00914,0.00000
39760000000,5.87611,0.34171,0.02072,0.67884,0.00000,0.00000,-0.73428,1.53128,-0.00851,0.00000
39780000000,5.87353,0.31107,0.02072,0.67859,0.00000,0.00000,-0.73452,1.53965,-0.00758,0.00000
39800000000,5.87094,0.28026,0.02072,0.67837,0.00000,0.00000,-0.73472,1.54807,-0.00646,0.00000
39820000000,5.86835,0.24928,0.02072,0.67819,0.00000,0.00000,-0.73489,1.55656,-0.00523,0.00000
39840000000,5.86575,0.21812,0.02072,0.67806,0.00000,0.00000,-0.73501,1.56515,-0.00390,0.00000
39860000000,5.86317,0.18683,0.02072,0.67798,0.00000,0.00000,-0.73508,1.57025,-0.00199,0.00000
39880000000,5.86064,0.15573,0.02072,0.67795,0.00000,0.00000,-0.73511,1.55671,-0.00059,0.00000
39900000000,5.85814,0.12490,0.02072,0.67795,0.00000,0.00000,-0.73510,1.54321,0.00048,0.00000
39920000000,5.85569,0.09434,0.02072,0.67799,0.00000,0.00000,-0.73507,1.52996,0.00124,0.00000
39940000000,5.85327,0.06403,0.02072,0.67805,0.00000,0.00000,-0.73502,1.51696,0.00171,0.00000
39960000000,5.85088,0.03398,0.02072,0.67811,0.00000,0.00000,-0.73496,1.50419,0.00191,0.00000
39980000000,5.84848,0.00407,0.02072,0.67812,0.00000,0.00000,-0.73495,1.50000,-0.00000,0.00000
40000000000,5.84607,-0.02583,0.02072,0.67812,0.00000,0.00000,-0.73495,1.50000,-0.00000,0.00000
40020000000,5.84366,-0.05573,0.02072,0.67812,0.00000,0.00000,-0.73495,1.50000,-0.00000,0.00000
40040000000,5.84125,-0.08564,0.02072,0.67812,0.00000,0.00000,-0.73495,1.50000,-0.00000,0.00000
40060000000,5.83884,-0.11554,0.02072,0.67812,0.00000,0.00000,-0.73495,1.50000,-0.00000,0.00000
40080000000,5.83643,-0.14544,0.02072,0.67812,0.00000,0.00000,-0.73495,1.50000,-0.00000,0.00000
40100000000,5.83403,-0.17535,0.02072,0.67812,0.00000,0.00000,-0.73495,1.50000,-0.00000,0.00000
40120000000,5.83162,-0.20525,0.02072,0.67812,0.00000,0.00000,-0.73495,1.50000,-0.00000,0.00000
40140000000,5.82921,-0.23515,0.02072,0.67812,0.00000,0.00000,-0.73495,1.50000,-0.00000,0.00000
40160000000,5.82680,-0.26506,0.02072,0.67812,0.00000,0.00000,-0.73495,1.50000,-0.00000,0.00000
40180000000,5.82439,-0.29496,0.02072,0.67812,0.00000,0.00000,-0.73495,1.50000,-0.00000,0.00000
40200000000,5.82198,-0.32486,0.02072,0.67812,0.00000,0.00000,-0.73495,1.50000,-0.00000,0.00000
40220000000,5.81957,-0.35477,0.02072,0.67812,0.00000,0.00000,-0.73495,1.50000,-0.00000,0.00000
40240000000,5.81716,-0.38467,0.02072,0.67812,0.00000,0.00000,-0.73495,1.50000,-0.00000,0.00000
40260000000,5.81475,-0.41457,0.02072,0.67812,0.00000,0.00000,-0.73495,1.50000,-0.00000,0.00000
40280000000,5.81235,-0.44448,0.02072,0.67814,0.00000,0.00000,-0.73493,1.50082,0.00088,0.00000
40300000000,5.80996,-0.47454,0.02072,0.67819,0.00000,0.00000,-0.73488,1.50972,0.00142,0.00000
40320000000,5.80757,-0.50478,0.02072,0.67826,0.00000,0.00000,-0.73482,1.51906,0.00172,0.00000
40340000000,5.80518,-0.53520,0.02072,0.67835,0.00000,0.00000,-0.73474,1.52843,0.00237,0.00000
40360000000,5.80279,-0.56582,0.02072,0.67846,0.00000,0.00000,-0.73464,1.53777,0.00315,0.00000
40380000000,5.80042,-0.59661,0.02072,0.67859,0.00000,0.00000,-0.73452,1.54628,0.00406,0.00000
40400000000,5.79807,-0.62760,0.02072,0.67877,0.00000,0.00000,-0.73435,1.55591,0.00513,0.00000
40420000000,5.79575,-0.65873,0.02072,0.67899,0.00000,0.00000,-0.73415,1.56283,0.00650,0.00000
40440000000,5.79347,-0.69000,0.02072,0.67925,0.00000,0.00000,-0.73390,1.56793,0.00795,0.00000
40460000000,5.79123,-0.72142,0.02072,0.67958,0.00000,0.00000,-0.73360,1.57756,0.00953,0.00000
40480000000,5.78906,-0.75293,0.02072,0.67996,0.00000,0.00000,-0.73325,1.57709,0.01133,0.00000
40500000000,5.78696,-0.78420,0.02072,0.68040,0.00000,0.00000,-0.73284,1.56330,0.01272,0.00000
40520000000,5.78495,-0.81520,0.02072,0.68088,0.00000,0.00000,-0.73240,1.54979,0.01379,0.00000
40540000000,5.78302,-0.84593,0.02072,0.68138,0.00000,0.00000,-0.73193,1.53655,0.01454,0.00000
40560000000,5.78116,-0.87641,0.02072,0.68190,0.00000,0.00000,-0.73144,1.52356,0.01500,0.00000
40580000000,5.77936,-0.90664,0.02072,0.68243,0.00000,0.00000,-0.73095,1.51080,0.01519,0.00000
40600000000,5.77758,-0.93665,0.02072,0.68289,0.00000,0.00000,-0.73052,1.50172,0.01105,0.00000
40620000000,5.77570,-0.96654,0.02072,0.68311,0.00000,0.00000,-0.73032,1.49535,0.00588,0.00000
40640000000,5.77383,-0.99639,0.02072,0.68331,0.00000,0.00000,-0.73013,1.49510,0.00576,0.00000
40660000000,5.77197,-1.02623,0.02072,0.68351,0.00000,0.00000,-0.72994,1.49520,0.00564,0.00000
40680000000,5.77013,-1.05608,0.02072,0.68370,0.00000,0.00000,-0.72976,1.49529,0.00553,0.00000
40700000000,5.76830,-1.08593,0.02072,0.68389,0.00000,0.00000,-0.72958,1.49538,0.00542,0.00000
40720000000,5.76648,-1.11579,0.02072,0.68408,0.00000,0.00000,-0.72941,1.49548,0.00532,0.00000
40740000000,5.76468,-1.14564,0.02072,0.68426,0.00000,0.00000,-0.72924,1.49557,0.00521,0.00000
40760000000,5.76288,-1.17550,0.02072,0.68444,0.00000,0.00000,-0.72907,1.49565,0.00511,0.00000
40780000000,5.76111,-1.20537,0.02072,0.68462,0.00000,0.00000,-0.72890,1.49574,0.00501,0.00000
40800000000,5.75934,-1.23523,0.02072,0.68479,0.00000,0.00000,-0.72874,1.49582,0.00491,0.00000
40820000000,5.75758,-1.26510,0.02072,0.68496,0.00000,0.00000,-0.72858,1.49591,0.00481,0.00000
40840000000,5.75584,-1.29496,0.02072,0.68512,0.00000,0.00000,-0.72843,1.49599,0.00471,0.00000
40860000000,5.75411,-1.32484,0.02072,0.68529,0.00000,0.00000,-0.72827,1.49607,0.00462,0.00000
40880000000,5.75240,-1.35476,0.02072,0.68547,0.00000,0.00000,-0.72810,1.50045,0.00576,0.00000
40900000000,5.75079,-1.38475,0.02072,0.68580,0.00000,0.00000,-0.72779,1.50178,0.01020,0.00000
40920000000,5.74925,-1.41488,0.02072,0.68621,0.00000,0.00000,-0.72740,1.51161,0.01165,0.00000
40940000000,5.74774,-1.44523,0.02072,0.68663,0.00000,0.00000,-0.72701,1.52159,0.01206,0.00000
40960000000,5.74626,-1.47575,0.02072,0.68706,0.00000,0.00000,-0.72660,1.52980,0.01263,0.00000
40980000000,5.74483,-1.50640,0.02072,0.68752,0.00000,0.00000,-0.72616,1.53321,0.01332,0.00000
41000000000,5.74346,-1.53684,0.02072,0.68800,0.00000,0.00000,-0.72571,1.52064,0.01373,0.00000
41020000000,5.74215,-1.56704,0.02072,0.68848,0.00000,0.00000,-0.72526,1.50792,0.01387,0.00000
41040000000,5.74081,-1.59704,0.02072,0.68884,0.00000,0.00000,-0.72491,1.50016,0.00822,0.00000
41060000000,5.73945,-1.62689,0.02072,0.68911,0.00000,0.00000,-0.72466,1.49353,0.00760,0.00000
41080000000,5.73811,-1.65673,0.02072,0.68937,0.00000,0.00000,-0.72441,1.49366,0.00745,0.00000
41100000000,5.73679,-1.68658,0.02072,0.68962,0.00000,0.00000,-0.72417,1.49379,0.00730,0.00000
41120000000,5.73549,-1.71643,0.02072,0.68987,0.00000,0.00000,-0.72393,1.49391,0.00715,0.00000
41140000000,5.73420,-1.74628,0.02072,0.69012,0.00000,0.00000,-0.72370,1.49403,0.00701,0.00000
41160000000,5.73293,-1.77614,0.02072,0.69036,0.00000,0.00000,-0.72347,1.49415,0.00687,0.00000
41180000000,5.73167,-1.80600,0.02072,0.69059,0.00000,0.00000,-0.72324,1.49427,0.00674,0.00000
41200000000,5.73044,-1.83586,0.02072,0.69082,0.00000,0.00000,-0.72302,1.49438,0.00660,0.00000
41220000000,5.72922,-1.86572,0.02072,0.69105,0.00000,0.00000,-0.72281,1.49449,0.00647,0.00000
41240000000,5.72801,-1.89559,0.02072,0.69127,0.00000,0.00000,-0.72260,1.49460,0.00634,0.00000
41260000000,5.72682,-1.92546,0.02072,0.69149,0.00000,0.00000,-0.72239,1.49471,0.00622,0.00000
41280000000,5.72565,-1.95533,0.02072,0.69170,0.00000,0.00000,-0.72219,1.49481,0.00610,0.00000
41300000000,5.72449,-1.98521,0.02072,0.69191,0.00000,0.00000,-0.72199,1.49491,0.00597,0.00000
41320000000,5.72334,-2.01509,0.02072,0.69211,0.00000,0.00000,-0.72179,1.49502,0.00586,0.00000
41340000000,5.72221,-2.04497,0.02072,0.69231,0.00000,0.00000,-0.72160,1.49511,0.00574,0.00000
41360000000,5.72109,-2.07485,0.02072,0.69251,0.00000,0.00000,-0.72141,1.49521,0.00563,0.00000
41380000000,5.71999,-2.10473,0.02072,0.69270,0.00000,0.00000,-0.72123,1.49531,0.00551,0.00000
41400000000,5.71890,-2.13462,0.02072,0.69289,0.00000,0.00000,-0.72105,1.49540,0.00541,0.00000
41420000000,5.71783,-2.16451,0.02072,0.69307,0.00000,0.00000,-0.72087,1.49549,0.00530,0.00000
41440000000,5.71676,-2.19441,0.02072,0.69325,0.00000,0.00000,-0.72070,1.49558,0.00519,0.00000
41460000000,5.71571,-2.22430,0.02072,0.69343,0.00000,0.00000,-0.72053,1.49567,0.00509,0.00000
41480000000,5.71467,-2.25420,0.02072,0.69360,0.00000,0.00000,-0.72036,1.49575,0.00499,0.00000
41500000000,5.71365,-2.28410,0.02072,0.69377,0.00000,0.00000,-0.72020,1.49584,0.00489,0.00000
41520000000,5.71263,-2.31400,0.02072,0.69394,0.00000,0.00000,-0.72004,1.49592,0.00479,0.00000
41540000000,5.71163,-2.34390,0.02072,0.69410,0.00000,0.00000,-0.71988,1.49600,0.00470,0.00000
41560000000,5.71064,-2.37380,0.02072,0.69426,0.00000,0.00000,-0.71973,1.49608,0.00461,0.00000
41580000000,5.70966,-2.40371,0.02072,0.69442,0.00000,0.00000,-0.71957,1.49616,0.00451,0.00000
41600000000,5.70869,-2.43362,0.02072,0.69457,0.00000,0.00000,-0.71943,1.49623,0.00442,0.00000
41620000000,5.70773,-2.46353,0.02072,0.69472,0.00000,0.00000,-0.71928,1.49631,0.00434,0.00000
41640000000,5.70678,-2.49344,0.02072,0.69487,0.00000,0.00000,-0.71914,1.49638,0.00425,0.00000
41660000000,5.70585,-2.52336,0.02072,0.69501,0.00000,0.00000,-0.71900,1.49645,0.00417,0.00000
41680000000,5.70492,-2.55327,0.02072,0.69515,0.00000,0.00000,-0.71886,1.49652,0.00408,0.00000
41700000000,5.70400,-2.58319,0.02072,0.69529,0.00000,0.00000,-0.71873,1.49659,0.00400,0.00000
41720000000,5.70309,-2.61311,0.02072,0.69543,0.00000,0.00000,-0.71860,1.49666,0.00392,0.00000
41740000000,5.70220,-2.64303,0.02072,0.69556,0.00000,0.00000,-0.71847,1.49673,0.00385,0.00000
41760000000,5.70131,-2.67295,0.02072,0.69569,0.00000,0.00000,-0.71834,1.49679,0.00377,0.00000
41780000000,5.70043,-2.70288,0.02072,0.69582,0.00000,0.00000,-0.71822,1.49686,0.00370,0.00000
41800000000,5.69956,-2.73280,0.02072,0.69594,0.00000,0.00000,-0.71810,1.49692,0.00362,0.00000
41820000000,5.69870,-2.76273,0.02072,0.69607,0.00000,0.00000,-0.71798,1.49698,0.00355,0.00000
41840000000,5.69785,-2.79266,0.02072,0.69619,0.00000,0.00000,-0.71786,1.49704,0.00348,0.00000
41860000000,5.69700,-2.82259,0.02072,0.69631,0.00000,0.00000,-0.71775,1.49710,0.00341,0.00000
41880000000,5.69617,-2.85252,0.02072,0.69642,0.00000,0.00000,-0.71763,1.49715,0.00334,0.00000
41900000000,5.69534,-2.88245,0.02072,0.69653,0.00000,0.00000,-0.71752,1.49721,0.00328,0.00000
41920000000,5.69452,-2.91239,0.02072,0.69665,0.00000,0.00000,-0.71742,1.49727,0.00321,0.00000
41940000000,5.69371,-2.94232,0.02072,0.69675,0.00000,0.00000,-0.71731,1.49732,0.00315,0.00000
41960000000,5.69291,-2.97226,0.02072,0.69686,0.00000,0.00000,-0.71721,1.49737,0.00309,0.00000
41980000000,5.69211,-3.00219,0.02072,0.69697,0.00000,0.00000,-0.71710,1.49743,0.00302,0.00000
42000000000,5.69132,-3.03213,0.02072,0.69707,0.00000,0.00000,-0.71700,1.49748,0.00296,0.00000
42020000000,5.69054,-3.06207,0.02072,0.69717,0.00000,0.00000,-0.71691,1.49753,0.00291,0.00000
42040000000,5.68976,-3.09202,0.02072,0.69727,0.00000,0.00000,-0.71681,1.49758,0.00285,0.00000
42060000000,5.68900,-3.12196,0.02072,0.69736,0.00000,0.00000,-0.71672,1.49762,0.00279,0.00000
42080000000,5.68824,-3.15190,0.02072,0.69746,0.00000,0.00000,-0.71663,1.49767,0.00274,0.00000
42100000000,5.68748,-3.18185,0.02072,0.69755,0.00000,0.00000,-0.71654,1.49772,0.00268,0.00000
42120000000,5.68674,-3.21179,0.02072,0.69764,0.00000,0.00000,-0.71645,1.49776,0.00263,0.00000
42140000000,5.68599,-3.24174,0.02072,0.69773,0.00000,0.00000,-0.71636,1.49781,0.00258,0.00000
42160000000,5.68526,-3.27169,0.02072,0.69782,0.00000,0.00000,-0.71628,1.49785,0.00253,0.00000
42180000000,5.68453,-3.30164,0.02072,0.69790,0.00000,0.00000,-0.71619,1.49789,0.00248,0.00000
42200000000,5.68381,-3.33159,0.02072,0.69799,0.00000,0.00000,-0.71611,1.49793,0.00243,0.00000
42220000000,5.68309,-3.36154,0.02072,0.69807,0.00000,0.00000,-0.71603,1.49798,0.00238,0.00000
42240000000,5.68238,-3.39149,0.02072,0.69815,0.00000,0.00000,-0.71595,1.49802,0.00233,0.00000
42260000000,5.68168,-3.42144,0.02072,0.69823,0.00000,0.00000,-0.71587,1.49806,0.00229,0.00000
42280000000,5.68098,-3.45139,0.02072,0.69831,0.00000,0.00000,-0.71580,1.49809,0.00224,0.00000
42300000000,5.68028,-3.48135,0.02072,0.69838,0.00000,0.00000,-0.71573,1.49813,0.00220,0.00000
42320000000,5.67960,-3.51130,0.02072,0.69846,0.00000,0.00000,-0.71565,1.49817,0.00215,0.00000
42340000000,5.67891,-3.54126,0.02072,0.69853,0.00000,0.00000,-0.71558,1.49820,0.00211,0.00000
42360000000,5.67824,-3.57122,0.02072,0.69860,0.00000,0.00000,-0.71551,1.49824,0.00207,0.00000
42380000000,5.67756,-3.60117,0.02072,0.69867,0.00000,0.00000,-0.71544,1.49828,0.00203,0.00000
42400000000,5.67689,-3.63113,0.02072,0.69874,0.00000,0.00000,-0.71538,1.49831,0.00199,0.00000
42420000000,5.67623,-3.66109,0.02072,0.69881,0.00000,0.00000,-0.71531,1.49834,0.00195,0.00000
42440000000,5.67557,-3.69105,0.02072,0.69887,0.00000,0.00000,-0.71525,1.49838,0.00191,0.00000
42460000000,5.67492,-3.72101,0.02072,0.69894,0.00000,0.00000,-0.71518,1.49841,0.00187,0.00000
42480000000,5.67427,-3.75098,0.02072,0.69900,0.00000,0.00000,-0.71512,1.49844,0.00183,0.00000
42500000000,5.67363,-3.78094,0.02072,0.69906,0.00000,0.00000,-0.71506,1.49847,0.00180,0.00000
42520000000,5.67299,-3.81090,0.02072,0.69912,0.00000,0.00000,-0.71500,1.49850,0.00176,0.00000
42540000000,5.67235,-3.84086,0.02072,0.69918,0.00000,0.00000,-0.71494,1.49853,0.00173,0.00000
42560000000,5.67172,-3.87083,0.02072,0.69924,0.00000,0.00000,-0.71489,1.49856,0.00169,0.00000
42580000000,5.67109,-3.90079,0.02072,0.69930,0.00000,0.00000,-0.71483,1.49859,0.00166,0.00000
42600000000,5.67047,-3.93076,0.02072,0.69935,0.00000,0.00000,-0.71478,1.49862,0.00163,0.00000
42620000000,5.66985,-3.96073,0.02072,0.69941,0.00000,0.00000,-0.71472,1.49864,0.00159,0.00000
42640000000,5.66923,-3.99069,0.02072,0.69946,0.00000,0.00000,-0.71467,1.49867,0.00156,0.00000
42660000000,5.66862,-4.02066,0.02072,0.69951,0.00000,0.00000,-0.71462,1.49870,0.00153,0.00000
42680000000,5.66801,-4.05063,0.02072,0.69957,0.00000,0.00000,-0.71457,1.49872,0.00150,0.00000
42700000000,5.66741,-4.08060,0.02072,0.69962,0.00000,0.00000,-0.71452,1.49875,0.00147,0.00000
42720000000,5.66681,-4.11057,0.02072,0.69967,0.00000,0.00000,-0.71447,1.49877,0.00144,0.00000
42740000000,5.66621,-4.14054,0.02072,0.69972,0.00000,0.00000,-0.71442,1.49880,0.00141,0.00000
42760000000,5.66562,-4.17051,0.02072,0.69976,0.00000,0.00000,-0.71438,1.49882,0.00139,0.00000
42780000000,5.66503,-4.20048,0.02072,0.69981,0.00000,0.00000,-0.71433,1.49884,0.00136,0.00000
42800000000,5.66444,-4.23045,0.02072,0.69986,0.00000,0.00000,-0.71428,1.49887,0.00133,0.00000
42820000000,5.66386,-4.26042,0.02072,0.69990,0.00000,0.00000,-0.71424,1.49889,0.00131,0.00000
42840000000,5.66328,-4.29039,0.02072,0.69994,0.00000,0.00000,-0.71420,1.49891,0.00128,0.00000
42860000000,5.66270,-4.32037,0.02072,0.69999,0.00000,0.00000,-0.71415,1.49893,0.00125,0.00000
42880000000,5.66213,-4.35034,0.02072,0.70003,0.00000,0.00000,-0.71411,1.49895,0.00123,0.00000
42900000000,5.66156,-4.38031,0.02072,0.70007,0.00000,0.00000,-0.71407,1.49898,0.00120,0.00000
42920000000,5.66099,-4.41029,0.02072,0.70011,0.00000,0.00000,-0.71403,1.49900,0.00118,0.00000
42940000000,5.66042,-4.44026,0.02072,0.70015,0.00000,0.00000,-0.71399,1.49902,0.00116,0.00000
42960000000,5.65986,-4.47024,0.02072,0.70019,0.00000,0.00000,-0.71396,1.49904,0.00113,0.00000
42980000000,5.65930,-4.50022,0.02072,0.70023,0.00000,0.00000,-0.71392,1.49905,0.00111,0.00000
43000000000,5.65875,-4.53019,0.02072,0.70027,0.00000,0.00000,-0.71388,1.49907,0.00109,0.00000
43020000000,5.65819,-4.56017,0.02072,0.70030,0.00000,0.00000,-0.71385,1.49909,0.00107,0.00000
43040000000,5.65764,-4.59015,0.02072,0.70034,0.00000,0.00000,-0.71381,1.49911,0.00105,0.00000
43060000000,5.65709,-4.62012,0.02072,0.70037,0.00000,0.00000,-0.71378,1.49913,0.00103,0.00000
43080000000,5.65654,-4.65010,0.02072,0.70041,0.00000,0.00000,-0.71374,1.49914,0.00101,0.00000
43100000000,5.65600,-4.68008,0.02072,0.70044,0.00000,0.00000,-0.71371,1.49916,0.00099,0.00000
43120000000,5.65546,-4.71006,0.02072,0.70048,0.00000,0.00000,-0.71368,1.49918,0.00097,0.00000
43140000000,5.65492,-4.74004,0.02072,0.70051,0.00000,0.00000,-0.71364,1.49919,0.00095,0.00000
43160000000,5.65438,-4.77002,0.02072,0.70054,0.00000,0.00000,-0.71361,1.49921,0.00093,0.00000
43180000000,5.65385,-4.80000,0.02072,0.70057,0.00000,0.00000,-0.71358,1.49923,0.00091,0.00000
43200000000,5.65332,-4.82998,0.02072,0.70060,0.00000,0.00000,-0.71355,1.49924,0.00089,0.00000
43220000000,5.65279,-4.85996,0.02072,0.70063,0.00000,0.00000,-0.71352,1.49926,0.00087,0.00000
43240000000,5.65226,-4.88994,0.02072,0.70066,0.00000,0.00000,-0.71349,1.49927,0.00086,0.00000
43260000000,5.65173,-4.91992,0.02072,0.70069,0.00000,0.00000,-0.71346,1.49929,0.00084,0.00000
43280000000,5.65121,-4.94990,0.02072,0.70072,0.00000,0.00000,-0.71344,1.49930,0.00082,0.00000
43300000000,5.65069,-4.97988,0.02072,0.70075,0.00000,0.00000,-0.71341,1.49931,0.00081,0.00000
43320000000,5.65017,-5.00986,0.02072,0.70078,0.00000,0.00000,-0.71338,1.49933,0.00079,0.00000
43340000000,5.64965,-5.03984,0.02072,0.70080,0.00000,0.00000,-0.71336,1.49934,0.00078,0.00000
43360000000,5.64913,-5.06983,0.02072,0.70083,0.00000,0.00000,-0.71333,1.49935,0.00076,0.00000
43380000000,5.64862,-5.09981,0.02072,0.70085,0.00000,0.00000,-0.71331,1.49937,0.00075,0.00000
43400000000,5.64811,-5.12979,0.02072,0.70088,0.00000,0.00000,-0.71328,1.49938,0.00073,0.00000
43420000000,5.64760,-5.15978,0.02072,0.70090,0.00000,0.00000,-0.71326,1.49939,0.00072,0.00000
43440000000,5.64709,-5.18976,0.02072,0.70093,0.00000,0.00000,-0.71323,1.49940,0.00070,0.00000
43460000000,5.64658,-5.21974,0.02072,0.70095,0.00000,0.00000,-0.71321,1.49942,0.00069,0.00000
43480000000,5.64607,-5.24973,0.02072,0.70097,0.00000,0.00000,-0.71319,1.49943,0.00067,-0.00000
43500000000,5.64557,-5.27972,0.02072,0.70100,0.00000,0.00000,-0.71316,1.49944,0.00066,-0.00000
43520000000,5.64507,-5.30970,0.02072,0.70102,0.00000,0.00000,-0.71314,1.49945,0.00065,-0.00000
43540000000,5.64457,-5.33968,0.02072,0.70104,0.00000,0.00000,-0.71312,1.49946,0.00063,-0.00000
43560000000,5.64407,-5.36967,0.02072,0.70106,0.00000,0.00000,-0.71310,1.49947,0.00062,-0.00000
43580000000,5.64357,-5.39966,0.02072,0.70108,0.00000,0.00000,-0.71308,1.49948,0.00061,-0.00000
43600000000,5.64308,-5.42964,0.02072,0.70110,0.00000,0.00000,-0.71306,1.49949,0.00060,-0.00000
43620000000,5.64258,-5.45963,0.02072,0.70112,0.00000,0.00000,-0.71304,1.49950,0.00059,-0.00000
43640000000,5.64209,-5.48961,0.02072,0.70114,0.00000,0.00000,-0.71302,1.49951,0.00057,-0.00000
43660000000,5.64160,-5.51960,0.02072,0.70116,0.00000,0.00000,-0.71300,1.49952,0.00056,-0.00000
43680000000,5.64111,-5.54959,0.02072,0.70118,0.00000,0.00000,-0.71298,1.49953,0.00055,-0.00000
43700000000,5.64062,-5.57957,0.02072,0.70120,0.00000,0.00000,-0.71296,1.49954,0.00054,-0.00000
43720000000,5.64013,-5.60956,0.02072,0.70122,0.00000,0.00000,-0.71295,1.49955,0.00053,-0.00000
43740000000,5.63965,-5.63955,0.02072,0.70124,-0.00001,0.00001,-0.71293,1.49954,0.00057,-0.00050
43760000000,5.63916,-5.66954,0.02072,0.70126,-0.00001,0.00001,-0.71291,1.49957,0.00051,0.00004
43780000000,5.63868,-5.69952,0.02072,0.70127,-0.00001,0.00001,-0.71289,1.49958,0.00050,0.00004
43800000000,5.63820,-5.72951,0.02072,0.70129,-0.00001,0.00001,-0.71288,1.49958,0.00049,0.00003
43820000000,5.63772,-5.75950,0.02072,0.70131,-0.00000,0.00000,-0.71286,1.49959,0.00048,0.00002
43840000000,5.63724,-5.78949,0.02072,0.70132,-0.00000,0.00000,-0.71284,1.49960,0.00047,0.00002
43860000000,5.63676,-5.81948,0.02072,0.70134,-0.00000,0.00000,-0.71283,1.49961,0.00046,0.00002
43880000000,5.63628,-5.84947,0.02072,0.70135,-0.00000,0.00000,-0.71281,1.49962,0.00045,0.00001
43900000000,5.63580,-5.87945,0.02072,0.70137,-0.00000,0.00000,-0.71280,1.49962,0.00044,0.00001
43920000000,5.63533,-5.90944,0.02072,0.70138,-0.00000,0.00000,-0.71278,1.49963,0.00043,0.00001
43940000000,5.63485,-5.93943,0.02072,0.70140,-0.00000,0.00000,-0.71277,1.49964,0.00043,0.00001
43960000000,5.63438,-5.96942,0.02072,0.70141,-0.00000,0.00000,-0.71275,1.49965,0.00042,0.00001
43980000000,5.63391,-5.99942,0.02072,0.70143,-0.00000,0.00000,-0.71274,1.50035,0.00041,0.00001
44000000000,5.63344,-6.02942,0.02072,0.70144,-0.00000,0.00000,-0.71273,1.50034,0.00040,0.00001
44020000000,5.63297,-6.05942,0.02072,0.70145,-0.00000,0.00000,-0.71271,1.50034,0.00039,0.00000
44040000000,5.63250,-6.08942,0.02072,0.70147,-0.00000,0.00000,-0.71270,1.49967,0.00039,0.00000
44060000000,5.63203,-6.11941,0.02072,0.70148,-0.00000,0.00000,-0.71269,1.49968,0.00038,0.00000
44080000000,5.63156,-6.14940,0.02072,0.70149,-0.00000,0.00000,-0.71268,1.49969,0.00037,0.00000
44100000000,5.63109,-6.17939,0.02072,0.70151,-0.00000,0.00000,-0.71266,1.49969,0.00036,0.00000
44120000000,5.63063,-6.20938,0.02072,0.70152,-0.00000,0.00000,-0.71265,1.49970,0.00036,0.00000
44140000000,5.63016,-6.23937,0.02072,0.70153,-0.00000,0.00000,-0.71264,1.49970,0.00035,0.00000
44160000000,5.62970,-6.26936,0.02072,0.70154,-0.00000,0.00000,-0.71263,1.49971,0.00034,0.00000
44180000000,5.62924,-6.29935,0.02072,0.70155,-0.00000,0.00000,-0.71262,1.49972,0.00033,0.00000
44200000000,5.62878,-6.32934,0.02072,0.70156,-0.00000,0.00000,-0.71261,1.49972,0.00033,0.00000
44220000000,5.62831,-6.35933,0.02072,0.70158,-0.00000,0.00000,-0.71259,1.49973,0.00032,0.00000
44240000000,5.62785,-6.38932,0.02072,0.70159,-0.00000,0.00000,-0.71258,1.49973,0.00032,0.00000
44260000000,5.62739,-6.41932,0.02072,0.70160,-0.00000,0.00000,-0.71257,1.49974,0.00031,0.00000
44280000000,5.62693,-6.44931,0.02072,0.70161,-0.00000,0.00000,-0.71256,1.49974,0.00030,0.00000
44300000000,5.62648,-6.47930,0.02072,0.70162,-0.00000,0.00000,-0.71255,1.49975,0.00030,0.00000
44320000000,5.62602,-6.50929,0.02072,0.70163,0.00000,0.00000,-0.71254,1.49975,0.00029,0.00000
44340000000,5.62556,-6.53928,0.02072,0.70164,0.00000,0.00000,-0.71253,1.49976,0.00029,0.00000
44360000000,5.62511,-6.56927,0.02072,0.70165,0.00000,0.00000,-0.71252,1.49976,0.00028,0.00000
44380000000,5.62465,-6.59926,0.02072,0.70166,0.00000,0.00000,-0.71252,1.49977,0.00027,0.00000
44400000000,5.62420,-6.62926,0.02072,0.70167,0.00000,0.00000,-0.71251,1.49977,0.00027,0.00000
44420000000,5.62374,-6.65925,0.02072,0.70167,0.00000,0.00000,-0.71250,1.49978,0.00026,0.00000
44440000000,5.62329,-6.68924,0.02072,0.70168,0.00000,0.00000,-0.71249,1.49978,0.00026,0.00000
44460000000,5.62284,-6.71923,0.02072,0.70169,0.00000,0.00000,-0.71248,1.49979,0.00025,0.00000
44480000000,5.62238,-6.74923,0.02072,0.70170,0.00000,0.00000,-0.71247,1.49979,0.00025,0.00000
44500000000,5.62193,-6.77922,0.02072,0.70171,0.00000,0.00000,-0.71246,1.49979,0.00024,0.00000
44520000000,5.62148,-6.80921,0.02072,0.70172,0.00000,0.00000,-0.71246,1.49980,0.00024,0.00000
44540000000,5.62103,-6.83920,0.02072,0.70173,0.00000,0.00000,-0.71245,1.49980,0.00023,0.00000
44560000000,5.62058,-6.86920,0.02072,0.70173,0.00000,0.00000,-0.71244,1.49981,0.00023,0.00000
44580000000,5.62013,-6.89919,0.02072,0.70174,0.00000,0.00000,-0.71243,1.49981,0.00022,0.00000
44600000000,5.61968,-6.92918,0.02072,0.70175,0.00000,0.00000,-0.71242,1.49981,0.00022,0.00000
44620000000,5.61923,-6.95917,0.02072,0.70176,0.00000,0.00000,-0.71242,1.49982,0.00022,0.00000
44640000000,5.61879,-6.98917,0.02072,0.70176,0.00000,0.00000,-0.71241,1.49982,0.00021,0.00000
44660000000,5.61834,-7.01916,0.02072,0.70177,0.00000,0.00000,-0.71240,1.49982,0.00021,0.00000
44680000000,5.61789,-7.04915,0.02072,0.70178,0.00000,0.00000,-0.71240,1.49983,0.00020,0.00000
44700000000,5.61745,-7.07915,0.02072,0.70178,0.00000,0.00000,-0.71239,1.49983,0.00020,0.00000
44720000000,5.61700,-7.10914,0.02072,0.70179,0.00000,0.00000,-0.71238,1.49984,0.00019,0.00000
44740000000,5.61656,-7.13913,0.02072,0.70180,0.00000,0.00000,-0.71238,1.49984,0.00019,0.00000
44760000000,5.61611,-7.16913,0.02072,0.70180,0.00000,0.00000,-0.71237,1.49984,0.00019,0.00000
44780000000,5.61567,-7.19912,0.02072,0.70181,0.00000,0.00000,-0.71236,1.49984,0.00018,0.00000
44800000000,5.61522,-7.22912,0.02072,0.70182,0.00000,0.00000,-0.71236,1.49985,0.00018,0.00000
44820000000,5.61478,-7.25911,0.02072,0.70182,0.00000,0.00000,-0.71235,1.49985,0.00018,0.00000
44840000000,5.61434,-7.28910,0.02072,0.70183,0.00000,0.00000,-0.71235,1.49985,0.00017,0.00000
44860000000,5.61389,-7.31910,0.02072,0.70183,0.00000,0.00000,-0.71234,1.49986,0.00017,0.00000
44880000000,5.61345,-7.34909,0.02072,0.70184,0.00000,0.00000,-0.71233,1.49986,0.00017,0.00000
44900000000,5.61301,-7.37908,0.02072,0.70185,0.00000,0.00000,-0.71233,1.49986,0.00016,0.00000
44920000000,5.61257,-7.40908,0.02072,0.70185,0.00000,0.00000,-0.71232,1.49987,0.00016,0.00000
44940000000,5.61213,-7.43907,0.02072,0.70186,0.00000,0.00000,-0.71232,1.49987,0.00016,0.00000
44960000000,5.61169,-7.46907,0.02072,0.70186,0.00000,0.00000,-0.71231,1.49987,0.00015,0.00000
44980000000,5.61125,-7.49906,0.02072,0.70187,0.00000,0.00000,-0.71231,1.49987,0.00015,0.00000
45000000000,5.61081,-7.52906,0.02072,0.70187,0.00000,0.00000,-0.71230,1.49988,0.00015,0.00000
45020000000,5.61037,-7.55905,0.02072,0.70188,0.00000,0.00000,-0.71230,1.49988,0.00014,0.00000
45040000000,5.60993,-7.58904,0.02072,0.70188,0.00000,0.00000,-0.71229,1.49988,0.00014,0.00000
45060000000,5.60949,-7.61904,0.02072,0.70189,0.00000,0.00000,-0.71229,1.49988,0.00014,0.00000
45080000000,5.60905,-7.64903,0.02072,0.70189,0.00000,0.00000,-0.71228,1.49989,0.00014,0.00000
45100000000,5.60861,-7.67903,0.02072,0.70190,0.00000,0.00000,-0.71228,1.49989,0.00013,0.00000
45120000000,5.60818,-7.70902,0.02072,0.70190,0.00000,0.00000,-0.71228,1.49989,0.00013,0.00000
45140000000,5.60774,-7.73902,0.02072,0.70190,0.00000,0.00000,-0.71227,1.49989,0.00013,0.00000
45160000000,5.60730,-7.76901,0.02072,0.70191,0.00000,0.00000,-0.71227,1.49989,0.00013,0.00000
45180000000,5.60686,-7.79901,0.02072,0.70191,0.00000,0.00000,-0.71226,1.49990,0.00012,0.00000
45200000000,5.60643,-7.82900,0.02072,0.70192,0.00000,0.00000,-0.71226,1.49990,0.00012,0.00000
45220000000,5.60599,-7.85900,0.02072,0.70192,0.00000,0.00000,-0.71225,1.49990,0.00012,0.00000
45240000000,5.60556,-7.88899,0.02072,0.70193,0.00000,0.00000,-0.71225,1.49990,0.00012,0.00000
45260000000,5.60512,-7.91899,0.02072,0.70193,0.00000,0.00000,-0.71225,1.49990,0.00011,0.00000
45280000000,5.60469,-7.94898,0.02072,0.70193,0.00000,0.00000,-0.71224,1.49991,0.00011,0.00000
45300000000,5.60425,-7.97898,0.02072,0.70194,0.00000,0.00000,-0.71224,1.49991,0.00011,0.00000
45320000000,5.60382,-8.00897,0.02072,0.70194,0.00000,0.00000,-0.71224,1.49991,0.00011,0.00000
45340000000,5.60338,-8.03897,0.02072,0.70194,0.00000,0.00000,-0.71223,1.49991,0.00010,0.00000
45360000000,5.60295,-8.06896,0.02072,0.70195,0.00000,0.00000,-0.71223,1.49991,0.00010,0.00000
45380000000,5.60251,-8.09896,0.02072,0.70195,0.00000,0.00000,-0.71223,1.49992,0.00010,0.00000
45400000000,5.60208,-8.12895,0.02072,0.70195,0.00000,0.00000,-0.71222,1.49992,0.00010,0.00000
45420000000,5.60165,-8.15895,0.02072,0.70196,0.00000,0.00000,-0.71222,1.49992,0.00010,0.00000
45440000000,5.60121,-8.18894,0.02072,0.70196,0.00000,0.00000,-0.71222,1.49992,0.00009,0.00000
45460000000,5.60078,-8.21894,0.02072,0.70196,0.00000,0.00000,-0.71221,1.49992,0.00009,0.00000
45480000000,5.60035,-8.24893,0.02072,0.70197,0.00000,0.00000,-0.71221,1.49992,0.00009,0.00000
45500000000,5.59991,-8.27893,0.02072,0.70197,0.00000,0.00000,-0.71221,1.49992,0.00009,0.00000
45520000000,5.59948,-8.30892,0.02072,0.70197,0.00000,0.00000,-0.71220,1.49993,0.00009,0.00000
45540000000,5.59905,-8.33892,0.02072,0.70198,0.00000,0.00000,-0.71220,1.49993,0.00009,0.00000
45560000000,5.59862,-8.36891,0.02072,0.70198,0.00000,0.00000,-0.71220,1.49993,0.00008,0.00000
45580000000,5.59819,-8.39891,0.02072,0.70198,0.00000,0.00000,-0.71219,1.49993,0.00008,0.00000
45600000000,5.59775,-8.42890,0.02072,0.70198,0.00000,0.00000,-0.71219,1.49993,0.00008,0.00000
45620000000,5.59732,-8.45890,0.02072,0.70199,0.00000,0.00000,-0.71219,1.49993,0.00008,0.00000
45640000000,5.59689,-8.48890,0.02072,0.70199,0.00000,0.00000,-0.71219,1.49993,0.00008,0.00000
45660000000,5.59646,-8.51889,0.02072,0.70199,0.00000,0.00000,-0.71218,1.49994,0.00008,0.00000
45680000000,5.59603,-8.54889,0.02072,0.70200,0.00000,0.00000,-0.71218,1.49994,0.00007,0.00000
45700000000,5.59560,-8.57888,0.02072,0.70200,0.00000,0.00000,-0.71218,1.49994,0.00007,0.00000
45720000000,5.59517,-8.60888,0.02072,0.70200,0.00000,0.00000,-0.71218,1.49994,0.00007,0.00000
45740000000,5.59474,-8.63887,0.02072,0.70200,0.00000,0.00000,-0.71217,1.49994,0.00007,0.00000
45760000000,5.59431,-8.66887,0.02072,0.70201,0.00000,0.00000,-0.71217,1.49994,0.00007,0.00000
45780000000,5.59388,-8.69887,0.02072,0.70201,0.00000,0.00000,-0.71217,1.49994,0.00007,0.00000
45800000000,5.59345,-8.72886,0.02072,0.70201,0.00000,0.00000,-0.71217,1.49994,0.00007,0.00000
45820000000,5.59302,-8.75886,0.02072,0.70201,0.00000,0.00000,-0.71217,1.49995,0.00006,0.00000
45840000000,5.59259,-8.78885,0.02072,0.70201,0.00000,0.00000,-0.71216,1.49995,0.00006,0.00000
45860000000,5.59216,-8.81885,0.02072,0.70202,0.00000,0.00000,-0.71216,1.49995,0.00006,0.00000
45880000000,5.59173,-8.84885,0.02072,0.70202,0.00000,0.00000,-0.71216,1.49995,0.00006,0.00000
45900000000,5.59130,-8.87884,0.02072,0.70202,0.00000,0.00000,-0.71216,1.49995,0.00006,0.00000
45920000000,5.59088,-8.90884,0.02072,0.70202,0.00000,0.00000,-0.71215,1.49995,0.00006,0.00000
45940000000,5.59045,-8.93883,0.02072,0.70202,0.00000,0.00000,-0.71215,1.49995,0.00006,0.00000
45960000000,5.59002,-8.96883,0.02072,0.70203,0.00000,0.00000,-0.71215,1.49995,0.00006,0.00000
45980000000,5.58959,-8.99883,0.02072,0.70203,0.00000,0.00000,-0.71215,1.49995,0.00006,0.00000
46000000000,5.58916,-9.02882,0.02072,0.70203,0.00000,0.00000,-0.71215,1.49995,0.00005,0.00000
46020000000,5.58873,-9.05882,0.02072,0.70203,0.00000,0.00000,-0.71215,1.49996,0.00005,0.00000
46040000000,5.58831,-9.08881,0.02072,0.70203,0.00000,0.00000,-0.71214,1.49996,0.00005,0.00000
46060000000,5.58788,-9.11881,0.02072,0.70204,0.00000,0.00000,-0.71214,1.49996,0.00005,0.00000
46080000000,5.58745,-9.14881,0.02072,0.70204,0.00000,0.00000,-0.71214,1.49996,0.00005,0.00000
46100000000,5.58702,-9.17880,0.02072,0.70204,0.00000,0.00000,-0.71214,1.49996,0.00005,0.00000
46120000000,5.58660,-9.20880,0.02072,0.70204,0.00000,0.00000,-0.71214,1.49996,0.00005,0.00000
46140000000,5.58617,-9.23879,0.02072,0.70204,0.00000,0.00000,-0.71214,1.49996,0.00005,0.00000
46160000000,5.58574,-9.26879,0.02072,0.70204,0.00000,0.00000,-0.71213,1.49996,0.00005,0.00000
46180000000,5.58531,-9.29879,0.02072,0.70205,0.00000,0.00000,-0.71213,1.49996,0.00005,0.00000
46200000000,5.58489,-9.32878,0.02072,0.70205,0.00000,0.00000,-0.71213,1.49996,0.00004,0.00000
46220000000,5.58446,-9.35878,0.02072,0.70205,0.00000,0.00000,-0.71213,1.49996,0.00004,0.00000
46240000000,5.58403,-9.38878,0.02072,0.70205,0.00000,0.00000,-0.71213,1.49996,0.00004,0.00000
46260000000,5.58361,-9.41877,0.02072,0.70205,0.00000,0.00000,-0.71213,1.49997,0.00004,0.00000
46280000000,5.58318,-9.44877,0.02072,0.70205,0.00000,0.00000,-0.71213,1.49997,0.00004,0.00000
46300000000,5.58275,-9.47876,0.02072,0.70205,0.00000,0.00000,-0.71212,1.49997,0.00004,0.00000
46320000000,5.58233,-9.50876,0.02072,0.70206,0.00000,0.00000,-0.71212,1.49997,0.00004,0.00000
46340000000,5.58190,-9.53876,0.02072,0.70206,0.00000,0.00000,-0.71212,1.49997,0.00004,0.00000
46360000000,5.58147,-9.56875,0.02072,0.70206,0.00000,0.00000,-0.71212,1.49997,0.00004,0.00000
46380000000,5.58105,-9.59875,0.02072,0.70206,0.00000,0.00000,-0.71212,1.49997,0.00004,0.00000
46400000000,5.58062,-9.62875,0.02072,0.70206,0.00000,0.00000,-0.71212,1.49997,0.00004,0.00000
46420000000,5.58020,-9.65874,0.02072,0.70206,0.00000,0.00000,-0.71212,1.49997,0.00004,0.00000
46440000000,5.57977,-9.68874,0.02072,0.70206,0.00000,0.00000,-0.71211,1.49997,0.00003,0.00000
46460000000,5.57935,-9.71873,0.02072,0.70206,0.00000,0.00000,-0.71211,1.49997,0.00003,0.00000
46480000000,5.57892,-9.74873,0.02072,0.70207,0.00000,0.00000,-0.71211,1.49997,0.00003,0.00000
46500000000,5.57849,-9.77873,0.02072,0.70207,0.00000,0.00000,-0.71211,1.49997,0.00003,0.00000
46520000000,5.57807,-9.80872,0.02072,0.70207,0.00000,0.00000,-0.71211,1.49997,0.00003,0.00000
46540000000,5.57764,-9.83872,0.02072,0.70207,0.00000,0.00000,-0.71211,1.49997,0.00003,0.00000
46560000000,5.57722,-9.86872,0.02072,0.70207,0.00000,0.00000,-0.71211,1.49997,0.00003,0.00000
46580000000,5.57679,-9.89871,0.02072,0.70207,0.00000,0.00000,-0.71211,1.49998,0.00003,0.00000
46600000000,5.57637,-9.92871,0.02072,0.70207,0.00000,0.00000,-0.71211,1.49998,0.00003,0.00000
46620000000,5.57594,-9.95871,0.02072,0.70207,0.00000,0.00000,-0.71211,1.49998,0.00003,0.00000
46640000000,5.57552,-9.98870,0.02072,0.70207,0.00000,0.00000,-0.71210,1.49998,0.00003,0.00000
46660000000,5.57509,-10.01870,0.02072,0.70207,0.00000,0.00000,-0.71210,1.49998,0.00003,0.00000
46680000000,5.57467,-10.04870,0.02072,0.70208,0.00000,0.00000,-0.71210,1.49998,0.00003,0.00000
46700000000,5.57424,-10.07869,0.02072,0.70208,0.00000,0.00000,-0.71210,1.49998,0.00003,0.00000
46720000000,5.57382,-10.10869,0.02072,0.70208,0.00000,0.00000,-0.71210,1.49998,0.00003,0.00000
46740000000,5.57339,-10.13869,0.02072,0.70208,0.00000,0.00000,-0.71210,1.49998,0.00003,0.00000
46760000000,5.57297,-10.16868,0.02072,0.70208,0.00000,0.00000,-0.71210,1.49998,0.00003,0.00000
46780000000,5.57254,-10.19868,0.02072,0.70208,0.00000,0.00000,-0.71210,1.49998,0.00002,0.00000
46800000000,5.57212,-10.22868,0.02072,0.70208,0.00000,0.00000,-0.71210,1.49998,0.00002,0.00000
46820000000,5.57170,-10.25867,0.02072,0.70208,0.00000,0.00000,-0.71210,1.49998,0.00002,0.00000
46840000000,5.57127,-10.28867,0.02072,0.70208,0.00000,0.00000,-0.71210,1.49998,0.00002,0.00000
46860000000,5.57085,-10.31867,0.02072,0.70208,0.00000,0.00000,-0.71209,1.49998,0.00002,0.00000
46880000000,5.57042,-10.34866,0.02072,0.70208,0.00000,0.00000,-0.71209,1.49998,0.00002,0.00000
46900000000,5.57000,-10.37866,0.02072,0.70208,0.00000,0.00000,-0.71209,1.49998,0.00002,0.00000
46920000000,5.56957,-10.40866,0.02072,0.70209,0.00000,0.00000,-0.71209,1.49998,0.00002,0.00000
46940000000,5.56915,-10.43865,0.02072,0.70209,0.00000,0.00000,-0.71209,1.49998,0.00002,0.00000
46960000000,5.56873,-10.46865,0.02072,0.70209,0.00000,0.00000,-0.71209,1.49998,0.00002,0.00000
46980000000,5.56830,-10.49865,0.02072,0.70209,0.00000,0.00000,-0.71209,1.49998,0.00002,0.00000
47000000000,5.56788,-10.52864,0.02072,0.70209,0.00000,0.00000,-0.71209,1.49998,0.00002,0.00000
47020000000,5.56745,-10.55864,0.02072,0.70209,0.00000,0.00000,-0.71209,1.49998,0.00002,0.00000
47040000000,5.56703,-10.58864,0.02072,0.70209,0.00000,0.00000,-0.71209,1.49998,0.00002,0.00000
47060000000,5.56661,-10.61863,0.02072,0.70209,0.00000,0.00000,-0.71209,1.49999,0.00002,0.00000
47080000000,5.56618,-10.64863,0.02072,0.70209,0.00000,0.00000,-0.71209,1.49999,0.00002,0.00000
47100000000,5.56576,-10.67863,0.02072,0.70209,0.00000,0.00000,-0.71209,1.49999,0.00002,0.00000
47120000000,5.56534,-10.70862,0.02072,0.70209,0.00000,0.00000,-0.71209,1.49999,0.00002,0.00000
47140000000,5.56491,-10.73862,0.02072,0.70209,0.00000,0.00000,-0.71209,1.49999,0.00002,0.00000
47160000000,5.56449,-10.76862,0.02072,0.70209,0.00000,0.00000,-0.71208,1.49999,0.00002,0.00000
47180000000,5.56406,-10.79861,0.02072,0.70209,0.00000,0.00000,-0.71208,1.49999,0.00002,0.00000
47200000000,5.56364,-10.82861,0.02072,0.70209,0.00000,0.00000,-0.71208,1.49999,0.00002,0.00000
47220000000,5.56322,-10.85861,0.02072,0.70209,0.00000,0.00000,-0.71208,1.49999,0.00002,0.00000
47240000000,5.56279,-10.88860,0.02072,0.70210,0.00000,0.00000,-0.71208,1.49999,0.00002,0.00000
47260000000,5.56237,-10.91860,0.02072,0.70210,0.00000,0.00000,-0.71208,1.49999,0.00002,0.00000
47280000000,5.56195,-10.94860,0.02072,0.70210,0.00000,0.00000,-0.71208,1.49999,0.00002,0.00000
47300000000,5.56152,-10.97859,0.02072,0.70210,0.00000,0.00000,-0.71208,1.49999,0.00001,0.00000
47320000000,5.56110,-11.00859,0.02072,0.70210,0.00000,0.00000,-0.71208,1.49999,0.00001,0.00000
47340000000,5.56068,-11.03859,0.02072,0.70210,0.00000,0.00000,-0.71208,1.49999,0.00001,0.00000
47360000000,5.56025,-11.06858,0.02072,0.70210,0.00000,0.00000,-0.71208,1.49999,0.00001,0.00000
47380000000,5.55983,-11.09858,0.02072,0.70210,0.00000,0.00000,-0.71208,1.49999,0.00001,0.00000
47400000000,5.55941,-11.12858,0.02072,0.70210,0.00000,0.00000,-0.71208,1.49999,0.00001,0.00000
47420000000,5.55898,-11.15857,0.02072,0.70210,0.00000,0.00000,-0.71208,1.49999,0.00001,0.00000
47440000000,5.55856,-11.18857,0.02072,0.70210,0.00000,0.00000,-0.71208,1.49999,0.00001,0.00000
47460000000,5.55814,-11.21857,0.02072,0.70210,0.00000,0.00000,-0.71208,1.49999,0.00001,0.00000
47480000000,5.55772,-11.24856,0.02072,0.70210,0.00000,0.00000,-0.71208,1.49999,0.00001,0.00000
47500000000,5.55729,-11.27856,0.02072,0.70210,0.00000,0.00000,-0.71208,1.49999,0.00001,0.00000
47520000000,5.55687,-11.30856,0.02072,0.70210,0.00000,0.00000,-0.71208,1.49999,0.00001,0.00000
47540000000,5.55645,-11.33856,0.02072,0.70210,0.00000,0.00000,-0.71208,1.49999,0.00001,0.00000
47560000000,5.55602,-11.36855,0.02072,0.70210,0.00000,0.00000,-0.71208,1.49999,0.00001,0.00000
47580000000,5.55560,-11.39855,0.02072,0.70210,0.00000,0.00000,-0.71208,1.49999,0.00001,0.00000
47600000000,5.55518,-11.42855,0.02072,0.70210,0.00000,0.00000,-0.71207,1.49999,0.00001,0.00000
47620000000,5.55476,-11.45854,0.02072,0.70210,0.00000,0.00000,-0.71207,1.49999,0.00001,0.00000
47640000000,5.55433,-11.48854,0.02072,0.70210,0.00000,0.00000,-0.71207,1.49999,0.00001,0.00000
47660000000,5.55391,-11.51854,0.02072,0.70210,0.00000,0.00000,-0.71207,1.49999,0.00001,0.00000
47680000000,5.55349,-11.54853,0.02072,0.70210,0.00000,0.00000,-0.71207,1.49999,0.00001,0.00000
47700000000,5.55306,-11.57853,0.02072,0.70211,0.00000,0.00000,-0.71207,1.49999,0.00001,0.00000
47720000000,5.55264,-11.60853,0.02072,0.70211,0.00000,0.00000,-0.71207,1.49999,0.00001,0.00000
47740000000,5.55222,-11.63852,0.02072,0.70211,0.00000,0.00000,-0.71207,1.49999,0.00001,0.00000
47760000000,5.55180,-11.66852,0.02072,0.70211,0.00000,0.00000,-0.71207,1.49999,0.00001,0.00000
47780000000,5.55137,-11.69852,0.02072,0.70211,0.00000,0.00000,-0.71207,1.49999,0.00001,0.00000
47800000000,5.55095,-11.72851,0.02072,0.70211,0.00000,0.00000,-0.71207,1.49999,0.00001,0.00000
47820000000,5.55053,-11.75851,0.02072,0.70211,0.00000,0.00000,-0.71207,1.49999,0.00001,0.00000
47840000000,5.55011,-11.78851,0.02072,0.70211,0.00000,0.00000,-0.71207,1.49999,0.00001,0.00000
47860000000,5.54968,-11.81850,0.02072,0.70211,0.00000,0.00000,-0.71207,1.49999,0.00001,0.00000
47880000000,5.54926,-11.84850,0.02072,0.70211,0.00000,0.00000,-0.71207,1.49999,0.00001,0.00000
47900000000,5.54884,-11.87850,0.02072,0.70211,0.00000,0.00000,-0.71207,1.49999,0.00001,0.00000
47920000000,5.54842,-11.90850,0.02072,0.70211,0.00000,0.00000,-0.71207,1.49999,0.00001,0.00000
47940000000,5.54799,-11.93849,0.02072,0.70211,0.00000,0.00000,-0.71207,1.49999,0.00001,0.00000
47960000000,5.54757,-11.96849,0.02072,0.70211,0.00000,0.00000,-0.71207,1.49999,0.00001,0.00000
47980000000,5.54715,-11.99849,0.02072,0.70211,0.00000,0.00000,-0.71207,1.49999,0.00001,0.00000
48000000000,5.54673,-12.02848,0.02072,0.70211,0.00000,0.00000,-0.71207,1.49999,0.00001,0.00000
48020000000,5.54630,-12.05848,0.02072,0.70211,0.00000,0.00000,-0.71207,1.49999,0.00001,0.00000
48040000000,5.54588,-12.08848,0.02072,0.70211,0.00000,0.00000,-0.71207,1.50000,0.00001,0.00000
48060000000,5.54546,-12.11847,0.02072,0.70211,0.00000,0.00000,-0.71207,1.50000,0.00001,0.00000
48080000000,5.54504,-12.14847,0.02072,0.70211,0.00000,0.00000,-0.71207,1.50000,0.00001,0.00000
48100000000,5.54462,-12.17847,0.02072,0.70211,0.00000,0.00000,-0.71207,1.50000,0.00001,0.00000
48120000000,5.54419,-12.20846,0.02072,0.70211,0.00000,0.00000,-0.71207,1.50000,0.00001,0.00000
48140000000,5.54377,-12.23846,0.02072,0.70211,0.00000,0.00000,-0.71207,1.50000,0.00001,0.00000
48160000000,5.54335,-12.26846,0.02072,0.70211,0.00000,0.00000,-0.71207,1.50000,0.00001,0.00000
48180000000,5.54293,-12.29846,0.02072,0.70211,0.00000,0.00000,-0.71207,1.50000,0.00001,0.00000
48200000000,5.54250,-12.32845,0.02072,0.70211,0.00000,0.00000,-0.71207,1.50000,0.00001,0.00000
48220000000,5.54208,-12.35845,0.02072,0.70211,0.00000,0.00000,-0.71207,1.50000,0.00001,0.00000
48240000000,5.54166,-12.38845,0.02072,0.70211,0.00000,0.00000,-0.71207,1.50000,0.00001,0.00000
48260000000,5.54124,-12.41844,0.02072,0.70211,0.00000,0.00000,-0.71207,1.50000,0.00001,0.00000
48280000000,5.54082,-12.44844,0.02072,0.70211,0.00000,0.00000,-0.71207,1.50000,0.00001,0.00000
48300000000,5.54039,-12.47844,0.02072,0.70211,0.00000,0.00000,-0.71207,1.50000,0.00001,0.00000
48320000000,5.53997,-12.50843,0.02072,0.70211,0.00000,0.00000,-0.71207,1.50000,0.00001,0.00000
48340000000,5.53955,-12.53843,0.02072,0.70211,0.00000,0.00000,-0.71207,1.50000,0.00001,0.00000
48360000000,5.53913,-12.56843,0.02072,0.70211,0.00000,0.00000,-0.71207,1.50000,0.00001,0.00000
48380000000,5.53870,-12.59843,0.02072,0.70211,0.00000,0.00000,-0.71206,1.50000,0.00001,0.00000
48400000000,5.53828,-12.62842,0.02072,0.70211,0.00000,0.00000,-0.71206,1.50000,0.00000,0.00000
48420000000,5.53786,-12.65842,0.02072,0.70211,0.00000,0.00000,-0.71206,1.50000,0.00000,0.00000
48440000000,5.53744,-12.68842,0.02072,0.70211,0.00000,0.00000,-0.71206,1.50000,0.00000,0.00000
48460000000,5.53702,-12.71841,0.02072,0.70211,0.00000,0.00000,-0.71206,1.50000,0.00000,0.00000
48480000000,5.53659,-12.74841,0.02072,0.70211,0.00000,0.00000,-0.71206,1.50000,0.00000,0.00000
48500000000,5.53617,-12.77841,0.02072,0.70211,0.00000,0.00000,-0.71206,1.50000,0.00000,0.00000
48520000000,5.53575,-12.80840,0.02072,0.70211,0.00000,0.00000,-0.71206,1.50000,0.00000,0.00000
48540000000,5.53533,-12.83840,0.02072,0.70211,0.00000,0.00000,-0.71206,1.50000,0.00000,0.00000
48560000000,5.53491,-12.86840,0.02072,0.70211,0.00000,0.00000,-0.71206,1.50000,0.00000,0.00000
48580000000,5.53448,-12.89840,0.02072,0.70212,0.00000,0.00000,-0.71206,1.50000,0.00000,0.00000
48600000000,5.53406,-12.92839,0.02072,0.70212,0.00000,0.00000,-0.71206,1.50000,0.00000,0.00000
48620000000,5.53364,-12.95839,0.02072,0.70212,0.00000,0.00000,-0.71206,1.50000,0.00000,0.00000
48640000000,5.53322,-12.98839,0.02072,0.70212,0.00000,0.00000,-0.71206,1.50000,0.00000,0.00000
48660000000,5.53280,-13.01838,0.02072,0.70212,0.00000,0.00000,-0.71206,1.50000,0.00000,0.00000
48680000000,5.53237,-13.04838,0.02072,0.70212,0.00000,0.00000,-0.71206,1.50000,0.00000,0.00000
48700000000,5.53195,-13.07838,0.02072,0.70212,0.00000,0.00000,-0.71206,1.50000,0.00000,0.00000
48720000000,5.53153,-13.10837,0.02072,0.70212,0.00000,0.00000,-0.71206,1.50000,0.00000,0.00000
48740000000,5.53111,-13.13837,0.02072,0.70212,0.00000,0.00000,-0.71206,1.50000,0.00000,0.00000
48760000000,5.53069,-13.16837,0.02072,0.70212,0.00000,0.00000,-0.71206,1.50000,0.00000,0.00000
48780000000,5.53026,-13.19837,0.02072,0.70212,0.00000,0.00000,-0.71206,1.50000,0.00000,0.00000
48800000000,5.52984,-13.22836,0.02072,0.70212,0.00000,0.00000,-0.71206,1.50000,0.00000,0.00000
48820000000,5.52942,-13.25836,0.02072,0.70212,0.00000,0.00000,-0.71206,1.50000,0.00000,0.00000
48840000000,5.52900,-13.28836,0.02072,0.70212,0.00000,0.00000,-0.71206,1.50000,0.00000,0.00000
48860000000,5.52858,-13.31835,0.02072,0.70212,0.00000,0.00000,-0.71206,1.50000,0.00000,0.00000
48880000000,5.52816,-13.34835,0.02072,0.70212,0.00000,0.00000,-0.71206,1.50000,0.00000,0.00000
48900000000,5.52773,-13.37835,0.02072,0.70212,0.00000,0.00000,-0.71206,1.50000,0.00000,0.00000
48920000000,5.52731,-13.40834,0.02072,0.70212,0.00000,0.00000,-0.71206,1.50000,0.00000,0.00000
48940000000,5.52689,-13.43834,0.02072,0.70212,0.00000,0.00000,-0.71206,1.50000,0.00000,0.00000
48960000000,5.52647,-13.46834,0.02072,0.70212,0.00000,0.00000,-0.71206,1.50000,0.00000,0.00000
48980000000,5.52605,-13.49834,0.02072,0.70212,0.00000,0.00000,-0.71206,1.50000,0.00000,0.00000
49000000000,5.52562,-13.52833,0.02072,0.70212,0.00000,0.00000,-0.71206,1.50000,0.00000,0.00000
49020000000,5.52520,-13.55833,0.02072,0.70212,0.00000,0.00000,-0.71206,1.50000,0.00000,0.00000
49040000000,5.52478,-13.58833,0.02072,0.70212,0.00000,0.00000,-0.71206,1.50000,0.00000,0.00000
49060000000,5.52436,-13.61832,0.02072,0.70212,0.00000,0.00000,-0.71206,1.50000,0.00000,0.00000
49080000000,5.52394,-13.64832,0.02072,0.70212,0.00000,0.00000,-0.71206,1.50000,0.00000,0.00000
49100000000,5.52352,-13.67832,0.02072,0.70212,0.00000,0.00000,-0.71206,1.50000,0.00000,0.00000
49120000000,5.52309,-13.70831,0.02072,0.70212,0.00000,0.00000,-0.71206,1.50000,0.00000,0.00000
49140000000,5.52267,-13.73831,0.02072,0.70212,0.00000,0.00000,-0.71206,1.50000,0.00000,0.00000
49160000000,5.52225,-13.76831,0.02072,0.70212,0.00000,0.00000,-0.71206,1.50000,0.00000,0.00000
49180000000,5.52183,-13.79831,0.02072,0.70212,0.00000,0.00000,-0.71206,1.50000,0.00000,0.00000
49200000000,5.52141,-13.82830,0.02072,0.70212,0.00000,0.00000,-0.71206,1.50000,0.00000,0.00000
49220000000,5.52099,-13.85830,0.02072,0.70212,0.00000,0.00000,-0.71206,1.50000,0.00000,0.00000
49240000000,5.52056,-13.88830,0.02072,0.70212,0.00000,0.00000,-0.71206,1.50000,0.00000,0.00000
49260000000,5.52014,-13.91829,0.02072,0.70212,0.00000,0.00000,-0.71206,1.50000,0.00000,0.00000
49280000000,5.51972,-13.94829,0.02072,0.70212,0.00000,0.00000,-0.71206,1.50000,0.00000,0.00000
49300000000,5.51930,-13.97829,0.02072,0.70212,0.00000,0.00000,-0.71206,1.50000,0.00000,0.00000
49320000000,5.51888,-14.00828,0.02072,0.70212,0.00000,0.00000,-0.71206,1.50000,0.00000,0.00000
49340000000,5.51845,-14.03828,0.02072,0.70212,0.00000,0.00000,-0.71206,1.50000,0.00000,0.00000
49360000000,5.51803,-14.06828,0.02072,0.70212,0.00000,0.00000,-0.71206,1.50000,0.00000,0.00000
49380000000,5.51761,-14.09828,0.02072,0.70212,0.00000,0.00000,-0.71206,1.50000,0.00000,0.00000
49400000000,5.51719,-14.12827,0.02072,0.70212,0.00000,0.00000,-0.71206,1.50000,0.00000,0.00000
49420000000,5.51677,-14.15827,0.02072,0.70212,0.00000,0.00000,-0.71206,1.50000,0.00000,0.00000
49440000000,5.51635,-14.18827,0.02072,0.70212,0.00000,0.00000,-0.71206,1.50000,0.00000,0.00000
49460000000,5.51592,-14.21826,0.02072,0.70212,0.00000,0.00000,-0.71206,1.50000,0.00000,0.00000
49480000000,5.51550,-14.24826,0.02072,0.70212,0.00000,0.00000,-0.71206,1.50000,0.00000,0.00000
49500000000,5.51508,-14.27826,0.02072,0.70212,0.00000,0.00000,-0.71206,1.50000,0.00000,0.00000
49520000000,5.51466,-14.30825,0.02072,0.70212,0.00000,0.00000,-0.71206,1.50000,0.00000,0.00000
49540000000,5.51424,-14.33825,0.02072,0.70212,0.00000,0.00000,-0.71206,1.50000,0.00000,0.00000
49560000000,5.51382,-14.36825,0.02072,0.70212,0.00000,0.00000,-0.71206,1.50000,0.00000,0.00000
49580000000,5.51339,-14.39825,0.02072,0.70212,0.00000,0.00000,-0.71206,1.50000,0.00000,0.00000
49600000000,5.51297,-14.42824,0.02072,0.70212,0.00000,0.00000,-0.71206,1.50000,0.00000,0.00000
49620000000,5.51255,-14.45824,0.02072,0.70212,0.00000,0.00000,-0.71206,1.50000,0.00000,0.00000
49640000000,5.51213,-14.48824,0.02072,0.70212,0.00000,0.00000,-0.71206,1.50000,0.00000,0.00000
49660000000,5.51171,-14.51823,0.02072,0.70212,0.00000,0.00000,-0.71206,1.50000,0.00000,0.00000
49680000000,5.51129,-14.54823,0.02072,0.70212,0.00000,0.00000,-0.71206,1.50000,0.00000,0.00000
49700000000,5.51086,-14.57823,0.02072,0.70212,0.00000,0.00000,-0.71206,1.50000,0.00000,0.00000
49720000000,5.51044,-14.60822,0.02072,0.70212,0.00000,0.00000,-0.71206,1.50000,0.00000,0.00000
49740000000,5.51002,-14.63822,0.02072,0.70212,0.00000,0.00000,-0.71206,1.50000,0.00000,0.00000
49760000000,5.50960,-14.66822,0.02072,0.70212,0.00000,0.00000,-0.71206,1.50000,0.00000,0.00000
49780000000,5.50918,-14.69822,0.02072,0.70212,0.00000,0.00000,-0.71206,1.50000,0.00000,0.00000
49800000000,5.50876,-14.72821,0.02072,0.70212,0.00000,0.00000,-0.71206,1.50000,0.00000,0.00000
49820000000,5.50833,-14.75821,0.02072,0.70212,0.00000,0.00000,-0.71206,1.50000,0.00000,0.00000
49840000000,5.50791,-14.78821,0.02072,0.70212,0.00000,0.00000,-0.71206,1.50000,0.00000,0.00000
49860000000,5.50749,-14.81820,0.02072,0.70212,0.00000,0.00000,-0.71206,1.50000,0.00000,0.00000
49880000000,5.50707,-14.84820,0.02072,0.70212,0.00000,0.00000,-0.71206,1.50000,0.00000,0.00000
49900000000,5.50665,-14.87820,0.02072,0.70212,0.00000,0.00000,-0.71206,1.50000,0.00000,0.00000
49920000000,5.50623,-14.90820,0.02072,0.70212,0.00000,0.00000,-0.71206,1.50000,0.00000,0.00000
49940000000,5.50581,-14.93819,0.02072,0.70212,0.00000,0.00000,-0.71206,1.50000,0.00000,0.00000
49960000000,5.50538,-14.96819,0.02072,0.70212,0.00000,0.00000,-0.71206,1.50000,0.00000,0.00000
49980000000,5.50496,-14.99819,0.02072,0.70212,0.00000,0.00000,-0.71206,1.50000,0.00000,0.00000
50000000000,5.50454,-15.02818,0.02072,0.70212,0.00000,0.00000,-0.71206,1.50000,0.00000,0.00000
50020000000,5.50412,-15.05818,0.02072,0.70212,0.00000,0.00000,-0.71206,1.50000,0.00000,0.00000
50040000000,5.50370,-15.08818,0.02072,0.70212,0.00000,0.00000,-0.71206,1.50000,0.00000,0.00000
50060000000,5.50328,-15.11817,0.02072,0.70212,0.00000,0.00000,-0.71206,1.50000,0.00000,0.00000
50080000000,5.50285,-15.14817,0.02072,0.70212,0.00000,0.00000,-0.71206,1.50000,0.00000,0.00000
50100000000,5.50243,-15.17817,0.02072,0.70212,0.00000,0.00000,-0.71206,1.50000,0.00000,0.00000
50120000000,5.50201,-15.20817,0.02072,0.70212,0.00000,0.00000,-0.71206,1.50000,0.00000,0.00000
50140000000,5.50159,-15.23816,0.02072,0.70212,0.00000,0.00000,-0.71206,1.50000,0.00000,0.00000
50160000000,5.50117,-15.26816,0.02072,0.70212,0.00000,0.00000,-0.71206,1.50000,0.00000,0.00000
50180000000,5.50075,-15.29816,0.02072,0.70212,0.00000,0.00000,-0.71206,1.50000,0.00000,0.00000
50200000000,5.50032,-15.32815,0.02072,0.70212,0.00000,0.00000,-0.71206,1.50000,0.00000,0.00000
50220000000,5.49990,-15.35815,0.02072,0.70212,0.00000,0.00000,-0.71206,1.50000,0.00000,0.00000
50240000000,5.49948,-15.38815,0.02072,0.70212,0.00000,0.00000,-0.71206,1.50000,0.00000,0.00000
50260000000,5.49906,-15.41815,0.02072,0.70212,0.00000,0.00000,-0.71206,1.50000,0.00000,0.00000
50280000000,5.49864,-15.44814,0.02072,0.70212,0.00000,0.00000,-0.71206,1.50000,0.00000,0.00000
50300000000,5.49822,-15.47814,0.02072,0.70212,0.00000,0.00000,-0.71206,1.50000,0.00000,0.00000
50320000000,5.49780,-15.50814,0.02072,0.70212,0.00000,0.00000,-0.71206,1.50000,0.00000,0.00000
50340000000,5.49737,-15.53813,0.02072,0.70212,0.00000,0.00000,-0.71206,1.50000,0.00000,0.00000
50360000000,5.49695,-15.56813,0.02072,0.70212,0.00000,0.00000,-0.71206,1.50000,0.00000,0.00000
50380000000,5.49653,-15.59813,0.02072,0.70212,0.00000,0.00000,-0.71206,1.50000,0.00000,0.00000
50400000000,5.49611,-15.62812,0.02072,0.70212,0.00000,0.00000,-0.71206,1.50000,0.00000,0.00000
50420000000,5.49569,-15.65812,0.02072,0.70212,0.00000,0.00000,-0.71206,1.50000,0.00000,0.00000
50440000000,5.49527,-15.68812,0.02072,0.70212,0.00000,0.00000,-0.71206,1.50000,0.00000,0.00000
50460000000,5.49484,-15.71812,0.02072,0.70212,0.00000,0.00000,-0.71206,1.50000,0.00000,0.00000
50480000000,5.49442,-15.74811,0.02072,0.70212,0.00000,0.00000,-0.71206,1.50000,0.00000,0.00000
50500000000,5.49400,-15.77811,0.02072,0.70212,0.00000,0.00000,-0.71206,1.50000,0.00000,0.00000
50520000000,5.49358,-15.80811,0.02072,0.70212,0.00000,0.00000,-0.71206,1.50000,0.00000,0.00000
50540000000,5.49316,-15.83810,0.02072,0.70212,0.00000,0.00000,-0.71206,1.50000,0.00000,0.00000
50560000000,5.49274,-15.86810,0.02072,0.70212,0.00000,0.00000,-0.71206,1.50000,0.00000,0.00000
50580000000,5.49232,-15.89810,0.02072,0.70212,0.00000,0.00000,-0.71206,1.50000,0.00000,0.00000
50600000000,5.49189,-15.92809,0.02072,0.70212,0.00000,0.00000,-0.71206,1.50000,0.00000,0.00000
50620000000,5.49147,-15.95809,0.02072,0.70212,0.00000,0.00000,-0.71206,1.50000,0.00000,0.00000
50640000000,5.49105,-15.98809,0.02072,0.70212,0.00000,0.00000,-0.71206,1.50000,0.00000,0.00000
50660000000,5.49063,-16.01809,0.02072,0.70212,0.00000,0.00000,-0.71206,1.50000,0.00000,0.00000
50680000000,5.49021,-16.04808,0.02072,0.70212,0.00000,0.00000,-0.71206,1.50000,0.00000,0.00000
50700000000,5.48979,-16.07808,0.02072,0.70212,0.00000,0.00000,-0.71206,1.49962,0.00000,0.00000
50720000000,5.48937,-16.10792,0.02072,0.70212,0.00000,0.00000,-0.71206,1.49032,-0.00010,0.00000
50740000000,5.48894,-16.13756,0.02072,0.70211,0.00000,0.00000,-0.71207,1.47888,-0.00039,0.00000
50760000000,5.48851,-16.16702,0.02072,0.70208,0.00000,0.00000,-0.71209,1.47262,-0.00088,0.00000
50780000000,5.48807,-16.19631,0.02072,0.70204,0.00000,0.00000,-0.71214,1.46150,-0.00151,0.00000
50800000000,5.48761,-16.22537,0.02072,0.70196,0.00000,0.00000,-0.71221,1.45078,-0.00236,0.00000
50820000000,5.48712,-16.25431,0.02072,0.70186,0.00000,0.00000,-0.71232,1.44647,-0.00337,0.00000
50840000000,5.48661,-16.28311,0.02072,0.70172,0.00000,0.00000,-0.71246,1.43945,-0.00448,0.00000
50860000000,5.48605,-16.31176,0.02072,0.70153,0.00000,0.00000,-0.71264,1.43016,-0.00570,0.00000
50880000000,5.48546,-16.34019,0.02072,0.70130,0.00000,0.00000,-0.71287,1.41876,-0.00711,0.00000
50900000000,5.48482,-16.36844,0.02072,0.70102,0.00000,0.00000,-0.71314,1.41123,-0.00871,0.00000
50920000000,5.48413,-16.39658,0.02072,0.70067,0.00000,0.00000,-0.71348,1.40749,-0.01045,0.00000
50940000000,5.48337,-16.42462,0.02072,0.70027,0.00000,0.00000,-0.71388,1.39986,-0.01222,0.00000
50960000000,5.48254,-16.45247,0.02072,0.69981,0.00000,0.00000,-0.71433,1.39158,-0.01413,0.00000
50980000000,5.48164,-16.48015,0.02072,0.69927,0.00000,0.00000,-0.71486,1.38208,-0.01616,0.00000
51000000000,5.48065,-16.50765,0.02072,0.69866,0.00000,0.00000,-0.71546,1.37386,-0.01837,0.00000
51020000000,5.47957,-16.53495,0.02072,0.69797,0.00000,0.00000,-0.71613,1.36345,-0.02068,0.00000
51040000000,5.47839,-16.56210,0.02072,0.69719,0.00000,0.00000,-0.71688,1.35655,-0.02318,0.00000
51060000000,5.47711,-16.58910,0.02072,0.69633,0.00000,0.00000,-0.71772,1.34982,-0.02578,0.00000
51080000000,5.47570,-16.61592,0.02072,0.69537,0.00000,0.00000,-0.71865,1.34004,-0.02843,0.00000
51100000000,5.47417,-16.64266,0.02072,0.69432,0.00000,0.00000,-0.71967,1.33964,-0.03137,0.00000
51120000000,5.47250,-16.66932,0.02072,0.69316,0.00000,0.00000,-0.72078,1.33302,-0.03416,0.00000
51140000000,5.47068,-16.69586,0.02072,0.69191,0.00000,0.00000,-0.72199,1.32747,-0.03704,0.00000
51160000000,5.46873,-16.72221,0.02072,0.69055,0.00000,0.00000,-0.72329,1.31772,-0.03993,0.00000
51180000000,5.46662,-16.74835,0.02072,0.68908,0.00000,0.00000,-0.72468,1.30830,-0.04296,0.00000
51200000000,5.46434,-16.77429,0.02072,0.68750,0.00000,0.00000,-0.72618,1.29924,-0.04609,0.00000
51220000000,5.46190,-16.80005,0.02072,0.68581,0.00000,0.00000,-0.72778,1.29057,-0.04934,0.00000
51240000000,5.45927,-16.82567,0.02072,0.68399,0.00000,0.00000,-0.72949,1.28649,-0.05290,0.00000
51260000000,5.45644,-16.85116,0.02072,0.68205,0.00000,0.00000,-0.73130,1.27884,-0.05623,0.00000
51280000000,5.45342,-16.87647,0.02072,0.67998,0.00000,0.00000,-0.73323,1.27150,-0.05975,0.00000
51300000000,5.45019,-16.90162,0.02072,0.67778,0.00000,0.00000,-0.73526,1.26471,-0.06332,0.00000
51320000000,5.44675,-16.92662,0.02072,0.67544,0.00000,0.00000,-0.73741,1.25838,-0.06691,0.00000
51340000000,5.44308,-16.95147,0.02072,0.67297,0.00000,0.00000,-0.73967,1.25261,-0.07055,0.00000
51360000000,5.43917,-16.97618,0.02072,0.67035,0.00000,0.00000,-0.74205,1.24743,-0.07428,0.00000
51380000000,5.43503,-17.00076,0.02072,0.66757,0.00000,0.00000,-0.74455,1.24286,-0.07792,0.00000
51400000000,5.43063,-17.02521,0.02072,0.66463,0.00000,0.00000,-0.74717,1.23896,-0.08174,0.00000
51420000000,5.42596,-17.04956,0.02072,0.66153,0.00000,0.00000,-0.74992,1.23579,-0.08588,0.00000
51440000000,5.42098,-17.07385,0.02072,0.65829,0.00000,0.00000,-0.75276,1.23875,-0.09110,0.00000
51460000000,5.41564,-17.09838,0.02072,0.65486,0.00000,0.00000,-0.75575,1.25573,-0.09624,0.00000
51480000000,5.40993,-17.12318,0.02072,0.65123,0.00000,0.00000,-0.75888,1.27252,-0.10115,0.00000
51500000000,5.40383,-17.14823,0.02072,0.64742,0.00000,0.00000,-0.76213,1.28910,-0.10582,0.00000
51520000000,5.39733,-17.17352,0.02072,0.64342,0.00000,0.00000,-0.76551,1.30487,-0.11019,0.00000
51540000000,5.39047,-17.19887,0.02072,0.63928,0.00000,0.00000,-0.76897,1.30942,-0.11340,-0.00000
51560000000,5.38326,-17.22421,0.02072,0.63498,0.00000,0.00000,-0.77252,1.31299,-0.11578,-0.00000
51580000000,5.37571,-17.24953,0.02072,0.63050,0.00000,0.00000,-0.77619,1.31680,-0.11767,-0.00000
51600000000,5.36781,-17.27484,0.02072,0.62582,0.00000,0.00000,-0.77997,1.32145,-0.11970,0.00000
51620000000,5.35953,-17.30014,0.02072,0.62092,0.00000,0.00000,-0.78388,1.32699,-0.12177,0.00000
51640000000,5.35086,-17.32544,0.02072,0.61578,0.00000,0.00000,-0.78792,1.33344,-0.12382,0.00000
51660000000,5.34177,-17.35076,0.02072,0.61039,0.00000,0.00000,-0.79210,1.34087,-0.12591,-0.00000
51680000000,5.33226,-17.37609,0.02072,0.60471,0.00000,0.00000,-0.79645,1.34924,-0.12761,-0.00000
51700000000,5.32229,-17.40145,0.02072,0.59872,0.00000,0.00000,-0.80096,1.35866,-0.12922,-0.00000
51720000000,5.31184,-17.42684,0.02072,0.59239,0.00000,0.00000,-0.80565,1.36925,-0.13103,-0.00000
51740000000,5.30088,-17.45226,0.02072,0.58571,0.00000,0.00000,-0.81052,1.38103,-0.13269,-0.00000
51760000000,5.28938,-17.47773,0.02072,0.57862,0.00000,0.00000,-0.81560,1.39392,-0.13370,-0.00000
51780000000,5.27732,-17.50324,0.02072,0.57109,0.00000,0.00000,-0.82088,1.40806,-0.13442,-0.00000
51800000000,5.26465,-17.52879,0.02072,0.56310,0.00000,0.00000,-0.82639,1.42376,-0.13563,-0.00000
51820000000,5.25131,-17.55439,0.02072,0.55465,0.00000,0.00000,-0.83209,1.44135,-0.13794,-0.00000
51840000000,5.23725,-17.58003,0.02072,0.54571,0.00000,0.00000,-0.83797,1.46063,-0.14008,-0.00000
51860000000,5.22239,-17.60572,0.02072,0.53632,0.00000,0.00000,-0.84402,1.48231,-0.14395,-0.00000
51880000000,5.20668,-17.63144,0.02072,0.52644,0.00000,0.00000,-0.85021,1.50591,-0.14728,-0.00000
51900000000,5.19009,-17.65720,0.02072,0.51607,0.00000,0.00000,-0.85654,1.53072,-0.14998,-0.00000
51920000000,5.17277,-17.68254,0.02072,0.50548,0.00000,0.00000,-0.86284,1.52422,-0.15510,-0.00000
51940000000,5.15484,-17.70720,0.02072,-0.49486,-0.00000,-0.00000,0.86897,1.51378,-0.16073,-0.00000
51960000000,5.13632,-17.73120,0.02072,-0.48422,-0.00000,-0.00000,0.87494,1.50444,-0.16643,-0.00000
51980000000,5.11721,-17.75453,0.02072,-0.47360,-0.00000,-0.00000,0.88074,1.49616,-0.17219,-0.00000
52000000000,5.09754,-17.77721,0.02072,-0.46300,-0.00000,-0.00000,0.88636,1.48893,-0.17799,0.00000
52020000000,5.07732,-17.79924,0.02072,-0.45243,-0.00000,-0.00000,0.89180,1.48271,-0.18380,0.00000
52040000000,5.05655,-17.82063,0.02072,-0.44192,-0.00000,-0.00000,0.89706,1.47748,-0.18960,0.00000
52060000000,5.03525,-17.84138,0.02072,-0.43147,-0.00000,-0.00000,0.90213,1.47322,-0.19537,0.00000
52080000000,5.01344,-17.86151,0.02072,-0.42110,-0.00000,-0.00000,0.90701,1.46989,-0.20108,0.00000
52100000000,4.99112,-17.88103,0.02072,-0.41080,-0.00000,-0.00000,0.91172,1.46755,-0.20592,0.00000
52120000000,4.96840,-17.90002,0.02072,-0.40041,-0.00000,-0.00000,0.91634,1.46620,-0.20375,0.00000
52140000000,4.94530,-17.91849,0.02072,-0.38983,-0.00000,-0.00000,0.92089,1.46447,-0.20284,0.00000
52160000000,4.92174,-17.93634,0.02072,-0.37931,-0.00000,-0.00000,0.92527,1.46324,-0.20827,0.00000
52180000000,4.89772,-17.95358,0.02072,-0.36885,-0.00000,-0.00000,0.92949,1.46271,-0.21315,0.00000
52200000000,4.87325,-17.97019,0.02072,-0.35850,-0.00000,-0.00000,0.93353,1.46314,-0.21889,0.00000
52220000000,4.84832,-17.98619,0.02072,-0.34826,-0.00000,-0.00000,0.93740,1.46439,-0.22444,0.00000
52240000000,4.82306,-18.00170,0.02072,-0.33830,-0.00000,-0.00000,0.94104,1.46626,-0.21797,0.00000
52260000000,4.79760,-18.01690,0.02072,-0.32886,-0.00000,-0.00000,0.94438,1.46820,-0.20592,0.00000
52280000000,4.77183,-18.03165,0.02072,-0.31972,-0.00000,-0.00000,0.94751,1.47090,-0.20782,0.00000
52300000000,4.74570,-18.04590,0.02072,-0.31075,-0.00000,-0.00000,0.95049,1.47426,-0.21122,0.00000
52320000000,4.71920,-18.05965,0.02072,-0.30194,-0.00000,-0.00000,0.95333,1.47818,-0.21436,0.00000
52340000000,4.69236,-18.07291,0.02072,-0.29332,-0.00000,-0.00000,0.95601,1.48263,-0.21722,0.00000
52360000000,4.66517,-18.08570,0.02072,-0.28487,-0.00000,-0.00000,0.95857,1.48758,-0.21979,0.00000
52380000000,4.63764,-18.09803,0.02072,-0.27661,-0.00000,-0.00000,0.96098,1.49299,-0.22206,0.00000
52400000000,4.60980,-18.10992,0.02072,-0.26854,-0.00000,-0.00000,0.96327,1.49884,-0.22401,0.00000
52420000000,4.58163,-18.12138,0.02072,-0.26065,-0.00000,-0.00000,0.96543,1.50509,-0.22563,0.00000
52440000000,4.55316,-18.13242,0.02072,-0.25296,-0.00000,-0.00000,0.96748,1.51170,-0.22692,0.00000
52460000000,4.52439,-18.14307,0.02072,-0.24547,-0.00000,-0.00000,0.96940,1.51864,-0.22787,0.00000
52480000000,4.49533,-18.15333,0.02072,-0.23818,-0.00000,-0.00000,0.97122,1.52588,-0.22846,0.00000
52500000000,4.46598,-18.16322,0.02072,-0.23109,-0.00000,-0.00000,0.97293,1.53339,-0.22869,0.00000
52520000000,4.43636,-18.17275,0.02072,-0.22420,-0.00000,-0.00000,0.97454,1.54112,-0.22856,0.00000
52540000000,4.40646,-18.18195,0.02072,-0.21753,-0.00000,-0.00000,0.97605,1.54906,-0.22805,0.00000
52560000000,4.37631,-18.19083,0.02072,-0.21107,-0.00000,-0.00000,0.97747,1.55716,-0.22717,0.00000
52580000000,4.34591,-18.19941,0.02072,-0.20483,-0.00000,-0.00000,0.97880,1.56539,-0.22591,0.00000
52600000000,4.31525,-18.20770,0.02072,-0.19882,-0.00000,-0.00000,0.98004,1.57373,-0.22428,0.00000
52620000000,4.28437,-18.21572,0.02072,-0.19303,-0.00000,-0.00000,0.98119,1.58213,-0.22226,0.00000
52640000000,4.25325,-18.22348,0.02072,-0.18748,-0.00000,-0.00000,0.98227,1.59057,-0.21987,0.00000
52660000000,4.22191,-18.23102,0.02072,-0.18217,-0.00000,-0.00000,0.98327,1.59901,-0.21710,0.00000
52680000000,4.19035,-18.23834,0.02072,-0.17711,-0.00000,-0.00000,0.98419,1.60742,-0.21397,0.00000
52700000000,4.15859,-18.24546,0.02072,-0.17231,-0.00000,-0.00000,0.98504,1.61578,-0.21047,0.00000
52720000000,4.12663,-18.25241,0.02072,-0.16776,-0.00000,-0.00000,0.98583,1.62404,-0.20662,0.00000
52740000000,4.09449,-18.25921,0.02072,-0.16349,-0.00000,-0.00000,0.98654,1.63219,-0.20243,0.00000
52760000000,4.06216,-18.26587,0.02072,-0.15950,-0.00000,-0.00000,0.98720,1.64018,-0.19790,0.00000
52780000000,4.02982,-18.27243,0.02072,-0.15570,-0.00000,-0.00000,0.98780,1.63690,-0.18870,0.00000
52800000000,3.99766,-18.27889,0.02072,-0.15194,-0.00000,-0.00000,0.98839,1.62766,-0.17778,0.00000
52820000000,3.96567,-18.28525,0.02072,-0.14822,-0.00000,-0.00000,0.98895,1.62072,-0.16851,0.00000
52840000000,3.93370,-18.29150,0.02072,-0.14464,-0.00000,-0.00000,0.98948,1.62032,-0.16211,0.00000
52860000000,3.90164,-18.29764,0.02072,-0.14125,-0.00000,-0.00000,0.98997,1.62645,-0.15818,0.00000
52880000000,3.86943,-18.30367,0.02072,-0.13810,-0.00000,-0.00000,0.99042,1.63187,-0.15379,0.00000
52900000000,3.83711,-18.30963,0.02072,-0.13518,-0.00000,-0.00000,0.99082,1.63849,-0.14971,0.00000
52920000000,3.80466,-18.31552,0.02072,-0.13251,-0.00000,-0.00000,0.99118,1.64276,-0.14466,0.00000
52940000000,3.77213,-18.32136,0.02072,-0.13007,-0.00000,-0.00000,0.99150,1.64775,-0.13980,0.00000
52960000000,3.73951,-18.32717,0.02072,-0.12788,-0.00000,-0.00000,0.99179,1.65278,-0.13490,0.00000
52980000000,3.70677,-18.33297,0.02072,-0.12598,-0.00000,-0.00000,0.99203,1.65841,-0.13005,0.00000
53000000000,3.67393,-18.33878,0.02072,-0.12435,-0.00000,-0.00000,0.99224,1.66401,-0.12511,0.00000
53020000000,3.64097,-18.34461,0.02072,-0.12303,-0.00000,-0.00000,0.99240,1.67068,-0.12037,0.00000
53040000000,3.60800,-18.35050,0.02072,-0.12197,-0.00000,-0.00000,0.99253,1.66892,-0.11312,0.00000
53060000000,3.57527,-18.35645,0.02072,-0.12104,-0.00000,-0.00000,0.99265,1.65650,-0.10331,0.00000
53080000000,3.54282,-18.36247,0.02072,-0.12021,-0.00000,-0.00000,0.99275,1.64429,-0.09422,0.00000
53100000000,3.51064,-18.36854,0.02072,-0.11944,-0.00000,-0.00000,0.99284,1.63227,-0.08580,0.00000
53120000000,3.47871,-18.37466,0.02072,-0.11873,-0.00000,-0.00000,0.99293,1.62047,-0.07802,0.00000
53140000000,3.44704,-18.38083,0.02072,-0.11806,-0.00000,-0.00000,0.99301,1.60887,-0.07083,0.00000
53160000000,3.41561,-18.38703,0.02072,-0.11742,-0.00000,-0.00000,0.99308,1.59748,-0.06420,0.00000
53180000000,3.38443,-18.39326,0.02072,-0.11678,-0.00000,-0.00000,0.99316,1.58629,-0.05809,0.00000
53200000000,3.35347,-18.39952,0.02072,-0.11614,-0.00000,-0.00000,0.99323,1.57529,-0.05248,0.00000
53220000000,3.32275,-18.40578,0.02072,-0.11548,-0.00000,-0.00000,0.99331,1.56448,-0.04734,0.00000
53240000000,3.29224,-18.41205,0.02072,-0.11479,-0.00000,-0.00000,0.99339,1.55385,-0.04264,0.00000
53260000000,3.26195,-18.41831,0.02072,-0.11405,-0.00000,-0.00000,0.99347,1.54338,-0.03836,0.00000
53280000000,3.23187,-18.42456,0.02072,-0.11326,-0.00000,-0.00000,0.99357,1.53307,-0.03448,0.00000
53300000000,3.20200,-18.43077,0.02072,-0.11239,-0.00000,-0.00000,0.99366,1.52290,-0.03099,0.00000
53320000000,3.17230,-18.43696,0.02072,-0.11146,-0.00000,-0.00000,0.99377,1.51487,-0.02835,0.00000
53340000000,3.14263,-18.44309,0.02072,-0.11054,-0.00000,-0.00000,0.99387,1.51460,-0.02774,0.00000
53360000000,3.11296,-18.44919,0.02072,-0.10963,-0.00000,-0.00000,0.99397,1.51435,-0.02716,0.00000
53380000000,3.08328,-18.45524,0.02072,-0.10873,-0.00000,-0.00000,0.99407,1.51411,-0.02658,0.00000
53400000000,3.05360,-18.46124,0.02072,-0.10786,-0.00000,-0.00000,0.99417,1.51387,-0.02602,0.00000
53420000000,3.02391,-18.46721,0.02072,-0.10700,-0.00000,-0.00000,0.99426,1.51363,-0.02547,0.00000
53440000000,2.99423,-18.47313,0.02072,-0.10615,-0.00000,-0.00000,0.99435,1.51340,-0.02494,0.00000
53460000000,2.96453,-18.47902,0.02072,-0.10533,-0.00000,-0.00000,0.99444,1.51317,-0.02441,0.00000
53480000000,2.93484,-18.48486,0.02072,-0.10451,-0.00000,-0.00000,0.99452,1.51294,-0.02390,0.00000
53500000000,2.90514,-18.49066,0.02072,-0.10372,-0.00000,-0.00000,0.99461,1.51272,-0.02339,0.00000
53520000000,2.87544,-18.49643,0.02072,-0.10293,-0.00000,-0.00000,0.99469,1.51250,-0.02290,0.00000
53540000000,2.84574,-18.50216,0.02072,-0.10217,-0.00000,-0.00000,0.99477,1.51228,-0.02242,0.00000
53560000000,2.81603,-18.50785,0.02072,-0.10142,-0.00000,-0.00000,0.99484,1.51207,-0.02195,0.00000
53580000000,2.78633,-18.51351,0.02072,-0.10068,-0.00000,-0.00000,0.99492,1.51186,-0.02149,0.00000
53600000000,2.75662,-18.51913,0.02072,-0.09995,-0.00000,-0.00000,0.99499,1.51165,-0.02104,0.00000
53620000000,2.72690,-18.52471,0.02072,-0.09924,-0.00000,-0.00000,0.99506,1.51144,-0.02060,0.00000
53640000000,2.69719,-18.53026,0.02072,-0.09855,-0.00000,-0.00000,0.99513,1.51124,-0.02017,0.00000
53660000000,2.66747,-18.53578,0.02072,-0.09786,-0.00000,-0.00000,0.99520,1.51104,-0.01975,0.00000
53680000000,2.63775,-18.54126,0.02072,-0.09719,-0.00000,-0.00000,0.99527,1.51084,-0.01934,0.00000
53700000000,2.60803,-18.54671,0.02072,-0.09653,-0.00000,-0.00000,0.99533,1.51065,-0.01893,0.00000
53720000000,2.57831,-18.55213,0.02072,-0.09589,-0.00000,-0.00000,0.99539,1.51046,-0.01854,0.00000
53740000000,2.54859,-18.55752,0.02072,-0.09526,-0.00000,-0.00000,0.99545,1.51027,-0.01815,0.00000
53760000000,2.51886,-18.56288,0.02072,-0.09463,-0.00000,-0.00000,0.99551,1.51009,-0.01777,0.00000
53780000000,2.48913,-18.56820,0.02072,-0.09403,-0.00000,-0.00000,0.99557,1.50991,-0.01740,0.00000
53800000000,2.45940,-18.57350,0.02072,-0.09343,-0.00000,-0.00000,0.99563,1.50973,-0.01704,0.00000
53820000000,2.42967,-18.57877,0.02072,-0.09284,-0.00000,-0.00000,0.99568,1.50955,-0.01669,0.00000
53840000000,2.39994,-18.58401,0.02072,-0.09227,-0.00000,-0.00000,0.99573,1.50938,-0.01634,0.00000
53860000000,2.37022,-18.58922,0.02072,-0.09170,-0.00000,-0.00000,0.99579,1.50813,-0.01579,0.00000
53880000000,2.34065,-18.59440,0.02072,-0.09106,-0.00000,-0.00000,0.99585,1.49849,-0.01447,0.00000
53900000000,2.31113,-18.59943,0.02072,-0.09015,-0.00000,-0.00000,0.99593,1.49689,-0.01995,0.00000
53920000000,2.28160,-18.60424,0.02072,-0.08888,-0.00000,-0.00000,0.99604,1.49575,-0.02731,0.00000
53940000000,2.25207,-18.60886,0.02072,-0.08735,-0.00000,-0.00000,0.99618,1.49301,-0.03339,0.00000
53960000000,2.22266,-18.61335,0.02072,-0.08568,-0.00000,-0.00000,0.99632,1.48576,-0.03208,0.00000
53980000000,2.19313,-18.61775,0.02072,-0.08408,-0.00000,-0.00000,0.99646,1.49472,-0.03241,0.00000
54000000000,2.16354,-18.62226,0.02072,-0.08296,-0.00000,-0.00000,0.99655,1.49685,-0.02021,0.00000
54020000000,2.13386,-18.62689,0.02072,-0.08225,-0.00000,-0.00000,0.99661,1.50414,-0.01660,0.00000
54040000000,2.10401,-18.63147,0.02072,-0.08161,-0.00000,-0.00000,0.99666,1.51051,-0.01744,0.00000
54060000000,2.07415,-18.63603,0.02072,-0.08099,-0.00000,-0.00000,0.99672,1.51032,-0.01708,0.00000
54080000000,2.04429,-18.64055,0.02072,-0.08038,-0.00000,-0.00000,0.99676,1.51013,-0.01672,0.00000
54100000000,2.01442,-18.64505,0.02072,-0.07978,-0.00000,-0.00000,0.99681,1.50995,-0.01637,0.00000
54120000000,1.98455,-18.64952,0.02072,-0.07920,-0.00000,-0.00000,0.99686,1.50977,-0.01603,0.00000
54140000000,1.95469,-18.65395,0.02072,-0.07862,-0.00000,-0.00000,0.99690,1.50959,-0.01570,0.00000
54160000000,1.92482,-18.65836,0.02072,-0.07806,-0.00000,-0.00000,0.99695,1.50941,-0.01537,0.00000
54180000000,1.89495,-18.66274,0.02072,-0.07751,-0.00000,-0.00000,0.99699,1.50924,-0.01505,0.00000
54200000000,1.86509,-18.66710,0.02072,-0.07696,-0.00000,-0.00000,0.99703,1.50907,-0.01474,0.00000
54220000000,1.83522,-18.67143,0.02072,-0.07643,-0.00000,-0.00000,0.99707,1.50890,-0.01443,0.00000
54240000000,1.80535,-18.67573,0.02072,-0.07591,-0.00000,-0.00000,0.99711,1.50874,-0.01413,0.00000
54260000000,1.77548,-18.68001,0.02072,-0.07540,-0.00000,-0.00000,0.99715,1.50858,-0.01384,0.00000
54280000000,1.74561,-18.68426,0.02072,-0.07490,-0.00000,-0.00000,0.99719,1.50842,-0.01356,0.00000
54300000000,1.71574,-18.68848,0.02072,-0.07440,-0.00000,-0.00000,0.99723,1.50826,-0.01328,0.00000
54320000000,1.68587,-18.69269,0.02072,-0.07392,-0.00000,-0.00000,0.99726,1.50811,-0.01300,0.00000
54340000000,1.65600,-18.69686,0.02072,-0.07345,-0.00000,-0.00000,0.99730,1.50796,-0.01273,0.00000
54360000000,1.62613,-18.70102,0.02072,-0.07298,-0.00000,-0.00000,0.99733,1.50781,-0.01247,0.00000
54380000000,1.59626,-18.70515,0.02072,-0.07253,-0.00000,-0.00000,0.99737,1.50767,-0.01221,0.00000
54400000000,1.56639,-18.70926,0.02072,-0.07208,-0.00000,-0.00000,0.99740,1.50752,-0.01196,0.00000
54420000000,1.53652,-18.71335,0.02072,-0.07164,-0.00000,-0.00000,0.99743,1.50738,-0.01171,0.00000
54440000000,1.50667,-18.71742,0.02072,-0.07121,-0.00000,-0.00000,0.99746,1.50529,-0.01119,0.00000
54460000000,1.47695,-18.72143,0.02072,-0.07066,-0.00000,-0.00000,0.99750,1.49795,-0.01316,0.00000
54480000000,1.44726,-18.72524,0.02072,-0.06973,-0.00000,-0.00000,0.99757,1.49642,-0.02054,0.00000
54500000000,1.41764,-18.72894,0.02072,-0.06866,-0.00000,-0.00000,0.99764,1.49183,-0.02117,0.00000
54520000000,1.38812,-18.73257,0.02072,-0.06755,-0.00000,-0.00000,0.99772,1.48447,-0.02021,0.00000
54540000000,1.35881,-18.73613,0.02072,-0.06637,-0.00000,-0.00000,0.99780,1.47361,-0.01898,0.00000
54560000000,1.32969,-18.73961,0.02072,-0.06511,-0.00000,-0.00000,0.99788,1.46354,-0.01817,0.00000
54580000000,1.30064,-18.74300,0.02072,-0.06379,-0.00000,-0.00000,0.99796,1.46365,-0.01907,0.00000
54600000000,1.27138,-18.74630,0.02072,-0.06250,-0.00000,-0.00000,0.99804,1.47521,-0.02145,0.00000
54620000000,1.24187,-18.74951,0.02072,-0.06125,-0.00000,-0.00000,0.99812,1.48666,-0.02349,0.00000
54640000000,1.21215,-18.75266,0.02072,-0.06010,-0.00000,-0.00000,0.99819,1.49637,-0.02277,0.00000
54660000000,1.18233,-18.75591,0.02072,-0.05935,-0.00000,-0.00000,0.99824,1.50179,-0.01547,0.00000
54680000000,1.15232,-18.75914,0.02072,-0.05870,-0.00000,-0.00000,0.99828,1.51089,-0.01642,0.00000
54700000000,1.12227,-18.76234,0.02072,-0.05808,-0.00000,-0.00000,0.99831,1.51075,-0.01608,0.00000
54720000000,1.09223,-18.76551,0.02072,-0.05746,-0.00000,-0.00000,0.99835,1.51055,-0.01574,0.00000
54740000000,1.06218,-18.76865,0.02072,-0.05686,-0.00000,-0.00000,0.99838,1.51036,-0.01541,0.00000
54760000000,1.03213,-18.77176,0.02072,-0.05626,-0.00000,-0.00000,0.99842,1.51017,-0.01509,0.00000
54780000000,1.00209,-18.77484,0.02072,-0.05568,-0.00000,-0.00000,0.99845,1.50998,-0.01478,0.00000
54800000000,0.97205,-18.77789,0.02072,-0.05511,-0.00000,-0.00000,0.99848,1.50980,-0.01447,0.00000
54820000000,0.94200,-18.78091,0.02072,-0.05455,-0.00000,-0.00000,0.99851,1.50961,-0.01416,0.00000
54840000000,0.91196,-18.78391,0.02072,-0.05401,-0.00000,-0.00000,0.99854,1.50944,-0.01387,0.00000
54860000000,0.88192,-18.78687,0.02072,-0.05347,-0.00000,-0.00000,0.99857,1.50926,-0.01358,0.00000
54880000000,0.85188,-18.78981,0.02072,-0.05294,-0.00000,-0.00000,0.99860,1.50909,-0.01330,0.00000
54900000000,0.82184,-18.79273,0.02072,-0.05242,-0.00000,-0.00000,0.99863,1.50892,-0.01302,0.00000
54920000000,0.79180,-18.79562,0.02072,-0.05191,-0.00000,-0.00000,0.99865,1.50875,-0.01275,0.00000
54940000000,0.76176,-18.79848,0.02072,-0.05142,-0.00000,-0.00000,0.99868,1.50859,-0.01248,0.00000
54960000000,0.73173,-18.80132,0.02072,-0.05093,-0.00000,-0.00000,0.99870,1.50843,-0.01222,0.00000
54980000000,0.70169,-18.80413,0.02072,-0.05045,-0.00000,-0.00000,0.99873,1.50827,-0.01197,0.00000
55000000000,0.67166,-18.80692,0.02072,-0.04998,-0.00000,-0.00000,0.99875,1.50812,-0.01172,0.00000
55020000000,0.64162,-18.80969,0.02072,-0.04952,-0.00000,-0.00000,0.99877,1.50796,-0.01148,0.00000
55040000000,0.61159,-18.81243,0.02072,-0.04906,-0.00000,-0.00000,0.99880,1.50781,-0.01124,0.00000
55060000000,0.58156,-18.81515,0.02072,-0.04862,-0.00000,-0.00000,0.99882,1.50767,-0.01101,0.00000
55080000000,0.55153,-18.81785,0.02072,-0.04819,-0.00000,-0.00000,0.99884,1.50752,-0.01078,0.00000
55100000000,0.52150,-18.82053,0.02072,-0.04776,-0.00000,-0.00000,0.99886,1.50738,-0.01056,0.00000
55120000000,0.49147,-18.82319,0.02072,-0.04734,-0.00000,-0.00000,0.99888,1.50724,-0.01034,0.00000
55140000000,0.46144,-18.82582,0.02072,-0.04693,-0.00000,-0.00000,0.99890,1.50710,-0.01013,0.00000
55160000000,0.43141,-18.82844,0.02072,-0.04653,-0.00000,-0.00000,0.99892,1.50697,-0.00992,0.00000
55180000000,0.40139,-18.83103,0.02072,-0.04613,-0.00000,-0.00000,0.99894,1.50684,-0.00971,0.00000
55200000000,0.37136,-18.83360,0.02072,-0.04575,-0.00000,-0.00000,0.99895,1.50671,-0.00951,0.00000
55220000000,0.34134,-18.83616,0.02072,-0.04537,-0.00000,-0.00000,0.99897,1.50658,-0.00932,0.00000
55240000000,0.31132,-18.83870,0.02072,-0.04500,-0.00000,-0.00000,0.99899,1.50645,-0.00913,0.00000
55260000000,0.28129,-18.84121,0.02072,-0.04463,-0.00000,-0.00000,0.99900,1.50633,-0.00894,0.00000
55280000000,0.25127,-18.84371,0.02072,-0.04427,-0.00000,-0.00000,0.99902,1.50621,-0.00876,0.00000
55300000000,0.22125,-18.84620,0.02072,-0.04392,-0.00000,-0.00000,0.99903,1.50609,-0.00858,0.00000
55320000000,0.19123,-18.84866,0.02072,-0.04358,-0.00000,-0.00000,0.99905,1.50598,-0.00840,0.00000
55340000000,0.16121,-18.85111,0.02072,-0.04324,-0.00000,-0.00000,0.99906,1.50586,-0.00823,0.00000
55360000000,0.13119,-18.85354,0.02072,-0.04291,-0.00000,-0.00000,0.99908,1.50575,-0.00806,0.00000
55380000000,0.10118,-18.85595,0.02072,-0.04258,-0.00000,-0.00000,0.99909,1.50564,-0.00789,0.00000
55400000000,0.07116,-18.85835,0.02072,-0.04227,-0.00000,-0.00000,0.99911,1.50553,-0.00773,0.00000
55420000000,0.04115,-18.86073,0.02072,-0.04195,-0.00000,-0.00000,0.99912,1.50543,-0.00758,0.00000
55440000000,0.01113,-18.86309,0.02072,-0.04165,-0.00000,-0.00000,0.99913,1.50532,-0.00742,0.00000
55460000000,-0.01888,-18.86544,0.02072,-0.04135,-0.00000,-0.00000,0.99914,1.50522,-0.00727,0.00000
55480000000,-0.04889,-18.86778,0.02072,-0.04105,-0.00000,-0.00000,0.99916,1.50512,-0.00712,0.00000
55500000000,-0.07890,-18.87010,0.02072,-0.04076,-0.00000,-0.00000,0.99917,1.50502,-0.00698,0.00000
55520000000,-0.10892,-18.87241,0.02072,-0.04048,-0.00000,-0.00000,0.99918,1.50492,-0.00683,0.00000
55540000000,-0.13893,-18.87470,0.02072,-0.04020,-0.00000,-0.00000,0.99919,1.50483,-0.00669,0.00000
55560000000,-0.16893,-18.87698,0.02072,-0.03993,-0.00000,-0.00000,0.99920,1.50474,-0.00656,0.00000
55580000000,-0.19894,-18.87924,0.02072,-0.03966,-0.00000,-0.00000,0.99921,1.50465,-0.00642,0.00000
55600000000,-0.22895,-18.88149,0.02072,-0.03940,-0.00000,-0.00000,0.99922,1.50456,-0.00629,0.00000
55620000000,-0.25896,-18.88373,0.02072,-0.03915,-0.00000,-0.00000,0.99923,1.50447,-0.00616,0.00000
55640000000,-0.28896,-18.88595,0.02072,-0.03890,-0.00000,-0.00000,0.99924,1.50438,-0.00604,0.00000
55660000000,-0.31897,-18.88817,0.02072,-0.03865,-0.00000,-0.00000,0.99925,1.50430,-0.00592,0.00000
55680000000,-0.34897,-18.89037,0.02072,-0.03841,-0.00000,-0.00000,0.99926,1.50421,-0.00580,0.00000
55700000000,-0.37898,-18.89255,0.02072,-0.03817,-0.00000,-0.00000,0.99927,1.50413,-0.00568,0.00000
55720000000,-0.40898,-18.89473,0.02072,-0.03794,-0.00000,-0.00000,0.99928,1.50405,-0.00556,0.00000
55740000000,-0.43898,-18.89689,0.02072,-0.03771,-0.00000,-0.00000,0.99929,1.50397,-0.00545,0.00000
55760000000,-0.46898,-18.89905,0.02072,-0.03749,-0.00000,-0.00000,0.99930,1.50390,-0.00534,0.00000
55780000000,-0.49898,-18.90119,0.02072,-0.03727,-0.00000,-0.00000,0.99931,1.50382,-0.00523,0.00000
55800000000,-0.52898,-18.90332,0.02072,-0.03705,-0.00000,-0.00000,0.99931,1.50375,-0.00513,0.00000
55820000000,-0.55898,-18.90544,0.02072,-0.03684,-0.00000,-0.00000,0.99932,1.50368,-0.00502,0.00000
55840000000,-0.58898,-18.90755,0.02072,-0.03663,-0.00000,-0.00000,0.99933,1.50360,-0.00492,0.00000
55860000000,-0.61898,-18.90965,0.02072,-0.03643,-0.00000,-0.00000,0.99934,1.50353,-0.00482,0.00000
55880000000,-0.64898,-18.91173,0.02072,-0.03623,-0.00000,-0.00000,0.99934,1.50347,-0.00472,0.00000
55900000000,-0.67897,-18.91381,0.02072,-0.03604,-0.00000,-0.00000,0.99935,1.50340,-0.00463,0.00000
55920000000,-0.70897,-18.91588,0.02072,-0.03585,-0.00000,-0.00000,0.99936,1.50333,-0.00453,0.00000
55940000000,-0.73896,-18.91794,0.02072,-0.03566,-0.00000,-0.00000,0.99936,1.50327,-0.00444,0.00000
55960000000,-0.76896,-18.91999,0.02072,-0.03548,-0.00000,-0.00000,0.99937,1.50320,-0.00435,0.00000
55980000000,-0.79895,-18.92203,0.02072,-0.03530,-0.00000,-0.00000,0.99938,1.50314,-0.00427,0.00000
56000000000,-0.82895,-18.92406,0.02072,-0.03512,-0.00000,-0.00000,0.99938,1.50308,-0.00418,0.00000
56020000000,-0.85894,-18.92609,0.02072,-0.03495,-0.00000,-0.00000,0.99939,1.50302,-0.00409,0.00000
56040000000,-0.88893,-18.92810,0.02072,-0.03478,-0.00000,-0.00000,0.99940,1.50296,-0.00401,0.00000
56060000000,-0.91892,-18.93010,0.02072,-0.03461,-0.00000,-0.00000,0.99940,1.50290,-0.00393,0.00000
56080000000,-0.94891,-18.93210,0.02072,-0.03445,-0.00000,-0.00000,0.99941,1.50285,-0.00385,0.00000
56100000000,-0.97890,-18.93409,0.02072,-0.03429,-0.00000,-0.00000,0.99941,1.50279,-0.00377,0.00000
56120000000,-1.00889,-18.93607,0.02072,-0.03413,-0.00000,-0.00000,0.99942,1.50274,-0.00370,0.00000
56140000000,-1.03888,-18.93804,0.02072,-0.03398,-0.00000,-0.00000,0.99942,1.50268,-0.00362,0.00000
56160000000,-1.06887,-18.94001,0.02072,-0.03383,-0.00000,-0.00000,0.99943,1.50263,-0.00355,0.00000
56180000000,-1.09886,-18.94197,0.02072,-0.03368,-0.00000,-0.00000,0.99943,1.50258,-0.00348,0.00000
56200000000,-1.12885,-18.94392,0.02072,-0.03354,-0.00000,-0.00000,0.99944,1.50253,-0.00341,0.00000
56220000000,-1.15883,-18.94586,0.02072,-0.03339,-0.00000,-0.00000,0.99944,1.50248,-0.00334,0.00000
56240000000,-1.18882,-18.94780,0.02072,-0.03325,-0.00000,-0.00000,0.99945,1.50243,-0.00327,0.00000
56260000000,-1.21881,-18.94972,0.02072,-0.03312,-0.00000,-0.00000,0.99945,1.50238,-0.00321,0.00000
56280000000,-1.24879,-18.95165,0.02072,-0.03298,-0.00000,-0.00000,0.99946,1.50234,-0.00314,0.00000
56300000000,-1.27878,-18.95356,0.02072,-0.03285,-0.00000,-0.00000,0.99946,1.50229,-0.00308,0.00000
56320000000,-1.30876,-18.95547,0.02072,-0.03273,-0.00000,-0.00000,0.99946,1.50225,-0.00302,0.00000
56340000000,-1.33875,-18.95737,0.02072,-0.03260,-0.00000,-0.00000,0.99947,1.50220,-0.00296,0.00000
56360000000,-1.36873,-18.95927,0.02072,-0.03248,-0.00000,-0.00000,0.99947,1.50216,-0.00290,0.00000
56380000000,-1.39871,-18.96116,0.02072,-0.03235,-0.00000,-0.00000,0.99948,1.50212,-0.00284,0.00000
56400000000,-1.42869,-18.96304,0.02072,-0.03224,-0.00000,-0.00000,0.99948,1.50208,-0.00278,0.00000
56420000000,-1.45868,-18.96492,0.02072,-0.03212,-0.00000,-0.00000,0.99948,1.50204,-0.00273,0.00000
56440000000,-1.48866,-18.96679,0.02072,-0.03201,-0.00000,-0.00000,0.99949,1.50200,-0.00267,0.00000
56460000000,-1.51864,-18.96866,0.02072,-0.03189,-0.00000,-0.00000,0.99949,1.50196,-0.00262,0.00000
56480000000,-1.54862,-18.97052,0.02072,-0.03178,-0.00000,-0.00000,0.99949,1.50192,-0.00257,0.00000
56500000000,-1.57860,-18.97237,0.02072,-0.03168,-0.00000,-0.00000,0.99950,1.50188,-0.00252,0.00000
56520000000,-1.60858,-18.97422,0.02072,-0.03157,-0.00000,-0.00000,0.99950,1.50184,-0.00246,0.00000
56540000000,-1.63856,-18.97606,0.02072,-0.03147,-0.00000,-0.00000,0.99950,1.50181,-0.00242,0.00000
56560000000,-1.66854,-18.97790,0.02072,-0.03137,-0.00000,-0.00000,0.99951,1.50177,-0.00237,0.00000
56580000000,-1.69852,-18.97974,0.02072,-0.03127,-0.00000,-0.00000,0.99951,1.50174,-0.00232,0.00000
56600000000,-1.72850,-18.98156,0.02072,-0.03117,-0.00000,-0.00000,0.99951,1.50170,-0.00227,0.00000
56620000000,-1.75848,-18.98339,0.02072,-0.03107,-0.00000,-0.00000,0.99952,1.50167,-0.00223,0.00000
56640000000,-1.78845,-18.98521,0.02072,-0.03098,-0.00000,-0.00000,0.99952,1.50164,-0.00218,0.00000
56660000000,-1.81843,-18.98702,0.02072,-0.03089,-0.00000,-0.00000,0.99952,1.50160,-0.00214,0.00000
56680000000,-1.84831,-18.98881,0.02072,-0.03073,-0.00000,-0.00000,0.99953,1.49408,-0.00307,0.00000
56700000000,-1.87798,-18.99057,0.02072,-0.03053,-0.00000,-0.00000,0.99953,1.48341,-0.00262,0.00000
56720000000,-1.90748,-18.99232,0.02072,-0.03028,-0.00000,-0.00000,0.99954,1.47703,-0.00265,0.00000
56740000000,-1.93683,-18.99404,0.02072,-0.02998,-0.00000,-0.00000,0.99955,1.46719,-0.00259,0.00000
56760000000,-1.96601,-18.99572,0.02072,-0.02963,-0.00000,-0.00000,0.99956,1.46080,-0.00298,0.00000
56780000000,-1.99508,-18.99737,0.02072,-0.02923,-0.00000,-0.00000,0.99957,1.45368,-0.00343,0.00000
56800000000,-2.02425,-18.99897,0.02072,-0.02880,-0.00000,-0.00000,0.99959,1.46385,-0.00497,0.00000
56820000000,-2.05367,-19.00053,0.02072,-0.02837,-0.00000,-0.00000,0.99960,1.47631,-0.00639,0.00000
56840000000,-2.08335,-19.00206,0.02072,-0.02795,-0.00000,-0.00000,0.99961,1.48858,-0.00752,0.00000
56860000000,-2.11325,-19.00357,0.02072,-0.02757,-0.00000,-0.00000,0.99962,1.49989,-0.00734,0.00000
56880000000,-2.14332,-19.00507,0.02072,-0.02726,-0.00000,-0.00000,0.99963,1.50547,-0.00718,0.00000
56900000000,-2.17339,-19.00656,0.02072,-0.02696,-0.00000,-0.00000,0.99964,1.50536,-0.00703,0.00000
56920000000,-2.20346,-19.00804,0.02072,-0.02666,-0.00000,-0.00000,0.99964,1.50526,-0.00689,0.00000
56940000000,-2.23353,-19.00950,0.02072,-0.02636,-0.00000,-0.00000,0.99965,1.50516,-0.00675,0.00000
56960000000,-2.26360,-19.01094,0.02072,-0.02607,-0.00000,-0.00000,0.99966,1.50506,-0.00661,0.00000
56980000000,-2.29366,-19.01237,0.02072,-0.02579,-0.00000,-0.00000,0.99967,1.50496,-0.00648,0.00000
57000000000,-2.32373,-19.01379,0.02072,-0.02552,-0.00000,-0.00000,0.99967,1.50487,-0.00634,0.00000
57020000000,-2.35379,-19.01519,0.02072,-0.02524,-0.00000,-0.00000,0.99968,1.50477,-0.00621,0.00000
57040000000,-2.38385,-19.01658,0.02072,-0.02498,-0.00000,-0.00000,0.99969,1.50468,-0.00609,0.00000
57060000000,-2.41391,-19.01795,0.02072,-0.02472,-0.00000,-0.00000,0.99969,1.50459,-0.00596,0.00000
57080000000,-2.44397,-19.01932,0.02072,-0.02446,-0.00000,-0.00000,0.99970,1.50450,-0.00584,0.00000
57100000000,-2.47403,-19.02066,0.02072,-0.02421,-0.00000,-0.00000,0.99971,1.50441,-0.00572,0.00000
57120000000,-2.50409,-19.02200,0.02072,-0.02396,-0.00000,-0.00000,0.99971,1.50433,-0.00561,0.00000
57140000000,-2.53415,-19.02332,0.02072,-0.02372,-0.00000,-0.00000,0.99972,1.50424,-0.00549,0.00000
57160000000,-2.56420,-19.02463,0.02072,-0.02348,-0.00000,-0.00000,0.99972,1.50416,-0.00538,0.00000
57180000000,-2.59425,-19.02593,0.02072,-0.02325,-0.00000,-0.00000,0.99973,1.50408,-0.00527,0.00000
57200000000,-2.62431,-19.02722,0.02072,-0.02302,-0.00000,-0.00000,0.99973,1.50400,-0.00516,0.00000
57220000000,-2.65436,-19.02850,0.02072,-0.02280,-0.00000,-0.00000,0.99974,1.50392,-0.00506,0.00000
57240000000,-2.68441,-19.02976,0.02072,-0.02258,-0.00000,-0.00000,0.99975,1.50385,-0.00496,0.00000
57260000000,-2.71446,-19.03102,0.02072,-0.02237,-0.00000,-0.00000,0.99975,1.50377,-0.00486,0.00000
57280000000,-2.74451,-19.03226,0.02072,-0.02216,-0.00000,-0.00000,0.99975,1.50370,-0.00476,0.00000
57300000000,-2.77456,-19.03349,0.02072,-0.02195,-0.00000,-0.00000,0.99976,1.50363,-0.00466,0.00000
57320000000,-2.80460,-19.03471,0.02072,-0.02175,-0.00000,-0.00000,0.99976,1.50356,-0.00457,0.00000
57340000000,-2.83465,-19.03592,0.02072,-0.02155,-0.00000,-0.00000,0.99977,1.50349,-0.00447,0.00000
57360000000,-2.86469,-19.03713,0.02072,-0.02136,-0.00000,-0.00000,0.99977,1.50342,-0.00438,0.00000
57380000000,-2.89474,-19.03832,0.02072,-0.02116,-0.00000,-0.00000,0.99978,1.50335,-0.00429,0.00000
57400000000,-2.92478,-19.03950,0.02072,-0.02098,-0.00000,-0.00000,0.99978,1.50329,-0.00421,0.00000
57420000000,-2.95482,-19.04067,0.02072,-0.02079,-0.00000,-0.00000,0.99978,1.50322,-0.00412,0.00000
57440000000,-2.98486,-19.04183,0.02072,-0.02061,-0.00000,-0.00000,0.99979,1.50316,-0.00404,0.00000
57460000000,-3.01490,-19.04299,0.02072,-0.02044,-0.00000,-0.00000,0.99979,1.50310,-0.00396,0.00000
57480000000,-3.04494,-19.04413,0.02072,-0.02027,-0.00000,-0.00000,0.99979,1.50304,-0.00388,0.00000
57500000000,-3.07498,-19.04527,0.02072,-0.02010,-0.00000,-0.00000,0.99980,1.50298,-0.00380,0.00000
57520000000,-3.10502,-19.04640,0.02072,-0.01993,-0.00000,-0.00000,0.99980,1.50292,-0.00372,0.00000
57540000000,-3.13506,-19.04752,0.02072,-0.01977,-0.00000,-0.00000,0.99980,1.50286,-0.00365,0.00000
57560000000,-3.16509,-19.04863,0.02072,-0.01961,-0.00000,-0.00000,0.99981,1.50281,-0.00357,0.00000
57580000000,-3.19513,-19.04973,0.02072,-0.01945,-0.00000,-0.00000,0.99981,1.50275,-0.00350,0.00000
57600000000,-3.22516,-19.05083,0.02072,-0.01930,-0.00000,-0.00000,0.99981,1.50270,-0.00343,0.00000
57620000000,-3.25520,-19.05191,0.02072,-0.01915,-0.00000,-0.00000,0.99982,1.50265,-0.00336,0.00000
57640000000,-3.28523,-19.05299,0.02072,-0.01900,-0.00000,-0.00000,0.99982,1.50259,-0.00329,0.00000
57660000000,-3.31526,-19.05407,0.02072,-0.01886,-0.00000,-0.00000,0.99982,1.50254,-0.00323,0.00000
57680000000,-3.34529,-19.05513,0.02072,-0.01871,-0.00000,-0.00000,0.99982,1.50249,-0.00316,0.00000
57700000000,-3.37532,-19.05619,0.02072,-0.01858,-0.00000,-0.00000,0.99983,1.50245,-0.00310,0.00000
57720000000,-3.40535,-19.05724,0.02072,-0.01844,-0.00000,-0.00000,0.99983,1.50240,-0.00304,0.00000
57740000000,-3.43538,-19.05828,0.02072,-0.01831,-0.00000,-0.00000,0.99983,1.50235,-0.00298,0.00000
57760000000,-3.46541,-19.05932,0.02072,-0.01817,-0.00000,-0.00000,0.99983,1.50230,-0.00292,0.00000
57780000000,-3.49544,-19.06035,0.02072,-0.01805,-0.00000,-0.00000,0.99984,1.50226,-0.00286,0.00000
57800000000,-3.52547,-19.06138,0.02072,-0.01792,-0.00000,-0.00000,0.99984,1.50222,-0.00280,0.00000
57820000000,-3.55549,-19.06239,0.02072,-0.01780,-0.00000,-0.00000,0.99984,1.50217,-0.00274,0.00000
57840000000,-3.58552,-19.06341,0.02072,-0.01768,-0.00000,-0.00000,0.99984,1.50213,-0.00269,0.00000
57860000000,-3.61554,-19.06441,0.02072,-0.01756,-0.00000,-0.00000,0.99985,1.50209,-0.00263,0.00000
57880000000,-3.64557,-19.06541,0.02072,-0.01744,-0.00000,-0.00000,0.99985,1.50205,-0.00258,0.00000
57900000000,-3.67559,-19.06640,0.02072,-0.01733,-0.00000,-0.00000,0.99985,1.50201,-0.00253,0.00000
57920000000,-3.70561,-19.06739,0.02072,-0.01722,-0.00000,-0.00000,0.99985,1.50197,-0.00248,0.00000
57940000000,-3.73564,-19.06837,0.02072,-0.01711,-0.00000,-0.00000,0.99985,1.50193,-0.00243,0.00000
57960000000,-3.76566,-19.06935,0.02072,-0.01700,-0.00000,-0.00000,0.99986,1.50189,-0.00238,0.00000
57980000000,-3.79568,-19.07032,0.02072,-0.01689,-0.00000,-0.00000,0.99986,1.50185,-0.00233,0.00000
58000000000,-3.82570,-19.07128,0.02072,-0.01679,-0.00000,-0.00000,0.99986,1.50182,-0.00229,0.00000
58020000000,-3.85572,-19.07225,0.02072,-0.01669,-0.00000,-0.00000,0.99986,1.50178,-0.00224,0.00000
58040000000,-3.88574,-19.07320,0.02072,-0.01659,-0.00000,-0.00000,0.99986,1.50175,-0.00220,0.00000
58060000000,-3.91576,-19.07415,0.02072,-0.01649,-0.00000,-0.00000,0.99986,1.50171,-0.00215,0.00000
58080000000,-3.94578,-19.07510,0.02072,-0.01640,-0.00000,-0.00000,0.99987,1.50168,-0.00211,0.00000
58100000000,-3.97580,-19.07604,0.02072,-0.01630,-0.00000,-0.00000,0.99987,1.50165,-0.00207,0.00000
58120000000,-4.00582,-19.07697,0.02072,-0.01621,-0.00000,-0.00000,0.99987,1.50161,-0.00202,0.00000
58140000000,-4.03583,-19.07790,0.02072,-0.01612,-0.00000,-0.00000,0.99987,1.50158,-0.00198,0.00000
58160000000,-4.06585,-19.07883,0.02072,-0.01603,-0.00000,-0.00000,0.99987,1.50155,-0.00194,0.00000
58180000000,-4.09587,-19.07975,0.02072,-0.01595,-0.00000,-0.00000,0.99987,1.50152,-0.00191,0.00000
58200000000,-4.12588,-19.08067,0.02072,-0.01586,-0.00000,-0.00000,0.99987,1.50149,-0.00187,0.00000
58220000000,-4.15590,-19.08158,0.02072,-0.01578,-0.00000,-0.00000,0.99988,1.50146,-0.00183,0.00000
58240000000,-4.18591,-19.08249,0.02072,-0.01570,-0.00000,-0.00000,0.99988,1.50143,-0.00179,0.00000
58260000000,-4.21593,-19.08340,0.02072,-0.01562,-0.00000,-0.00000,0.99988,1.50140,-0.00176,0.00000
58280000000,-4.24594,-19.08430,0.02072,-0.01554,-0.00000,-0.00000,0.99988,1.50138,-0.00172,0.00000
58300000000,-4.27596,-19.08519,0.02072,-0.01547,-0.00000,-0.00000,0.99988,1.50135,-0.00169,0.00000
58320000000,-4.30597,-19.08609,0.02072,-0.01539,-0.00000,-0.00000,0.99988,1.50132,-0.00165,0.00000
58340000000,-4.33598,-19.08698,0.02072,-0.01532,-0.00000,-0.00000,0.99988,1.50130,-0.00162,0.00000
58360000000,-4.36600,-19.08786,0.02072,-0.01524,-0.00000,-0.00000,0.99988,1.50127,-0.00159,0.00000
58380000000,-4.39601,-19.08874,0.02072,-0.01517,-0.00000,-0.00000,0.99988,1.50125,-0.00156,0.00000
58400000000,-4.42602,-19.08962,0.02072,-0.01510,-0.00000,-0.00000,0.99989,1.50122,-0.00153,0.00000
58420000000,-4.45603,-19.09050,0.02072,-0.01504,-0.00000,-0.00000,0.99989,1.50120,-0.00150,0.00000
58440000000,-4.48604,-19.09137,0.02072,-0.01497,-0.00000,-0.00000,0.99989,1.50117,-0.00147,0.00000
58460000000,-4.51605,-19.09223,0.02072,-0.01490,-0.00000,-0.00000,0.99989,1.50115,-0.00144,0.00000
58480000000,-4.54606,-19.09310,0.02072,-0.01484,-0.00000,-0.00000,0.99989,1.50113,-0.00141,0.00000
58500000000,-4.57607,-19.09396,0.02072,-0.01478,-0.00000,-0.00000,0.99989,1.50111,-0.00138,0.00000
58520000000,-4.60608,-19.09482,0.02072,-0.01472,-0.00000,-0.00000,0.99989,1.50108,-0.00135,0.00000
58540000000,-4.63609,-19.09567,0.02072,-0.01466,-0.00000,-0.00000,0.99989,1.50106,-0.00133,0.00000
58560000000,-4.66610,-19.09653,0.02072,-0.01460,-0.00000,-0.00000,0.99989,1.50104,-0.00130,0.00000
58580000000,-4.69611,-19.09737,0.02072,-0.01454,-0.00000,-0.00000,0.99989,1.50102,-0.00127,0.00000
58600000000,-4.72612,-19.09822,0.02072,-0.01448,-0.00000,-0.00000,0.99990,1.50100,-0.00125,0.00000
58620000000,-4.75612,-19.09906,0.02072,-0.01443,-0.00000,-0.00000,0.99990,1.50098,-0.00122,0.00000
58640000000,-4.78613,-19.09990,0.02072,-0.01437,-0.00000,-0.00000,0.99990,1.50096,-0.00120,0.00000
58660000000,-4.81614,-19.10074,0.02072,-0.01432,-0.00000,-0.00000,0.99990,1.50094,-0.00117,0.00000
58680000000,-4.84615,-19.10158,0.02072,-0.01427,-0.00000,-0.00000,0.99990,1.50092,-0.00115,0.00000
58700000000,-4.87615,-19.10241,0.02072,-0.01421,-0.00000,-0.00000,0.99990,1.50091,-0.00113,0.00000
58720000000,-4.90616,-19.10324,0.02072,-0.01416,-0.00000,-0.00000,0.99990,1.50089,-0.00111,0.00000
58740000000,-4.93617,-19.10406,0.02072,-0.01411,-0.00000,-0.00000,0.99990,1.50087,-0.00108,0.00000
58760000000,-4.96617,-19.10489,0.02072,-0.01407,-0.00000,-0.00000,0.99990,1.50085,-0.00106,0.00000
58780000000,-4.99618,-19.10571,0.02072,-0.01402,-0.00000,-0.00000,0.99990,1.50084,-0.00104,0.00000
58800000000,-5.02618,-19.10653,0.02072,-0.01397,-0.00000,-0.00000,0.99990,1.50082,-0.00102,0.00000
58820000000,-5.05619,-19.10735,0.02072,-0.01393,-0.00000,-0.00000,0.99990,1.50080,-0.00100,0.00000
58840000000,-5.08619,-19.10816,0.02072,-0.01388,-0.00000,-0.00000,0.99990,1.50079,-0.00098,0.00000
58860000000,-5.11620,-19.10897,0.02072,-0.01384,-0.00000,-0.00000,0.99990,1.50077,-0.00096,0.00000
58880000000,-5.14620,-19.10979,0.02072,-0.01379,-0.00000,-0.00000,0.99990,1.50076,-0.00094,0.00000
58900000000,-5.17620,-19.11059,0.02072,-0.01375,-0.00000,-0.00000,0.99991,1.50074,-0.00092,0.00000
58920000000,-5.20621,-19.11140,0.02072,-0.01371,-0.00000,-0.00000,0.99991,1.50073,-0.00090,0.00000
58940000000,-5.23621,-19.11220,0.02072,-0.01367,-0.00000,-0.00000,0.99991,1.50071,-0.00089,0.00000
58960000000,-5.26622,-19.11301,0.02072,-0.01363,-0.00000,-0.00000,0.99991,1.50070,-0.00087,0.00000
58980000000,-5.29622,-19.11381,0.02072,-0.01359,-0.00000,-0.00000,0.99991,1.50068,-0.00085,0.00000
59000000000,-5.32622,-19.11460,0.02072,-0.01355,-0.00000,-0.00000,0.99991,1.50067,-0.00083,0.00000
59020000000,-5.35622,-19.11540,0.02072,-0.01352,-0.00000,-0.00000,0.99991,1.50066,-0.00082,0.00000
59040000000,-5.38623,-19.11619,0.02072,-0.01348,-0.00000,-0.00000,0.99991,1.50064,-0.00080,0.00000
59060000000,-5.41623,-19.11699,0.02072,-0.01344,-0.00000,-0.00000,0.99991,1.50063,-0.00079,0.00000
59080000000,-5.44623,-19.11778,0.02072,-0.01341,-0.00000,-0.00000,0.99991,1.50062,-0.00077,0.00000
59100000000,-5.47623,-19.11856,0.02072,-0.01337,-0.00000,-0.00000,0.99991,1.50061,-0.00075,0.00000
59120000000,-5.50623,-19.11935,0.02072,-0.01334,-0.00000,-0.00000,0.99991,1.50060,-0.00074,0.00000
59140000000,-5.53624,-19.12014,0.02072,-0.01331,-0.00000,-0.00000,0.99991,1.50058,-0.00072,0.00000
59160000000,-5.56624,-19.12092,0.02072,-0.01328,-0.00000,-0.00000,0.99991,1.50057,-0.00071,0.00000
59180000000,-5.59624,-19.12170,0.02072,-0.01324,-0.00000,-0.00000,0.99991,1.50056,-0.00070,0.00000
59200000000,-5.62624,-19.12248,0.02072,-0.01321,-0.00000,-0.00000,0.99991,1.50055,-0.00068,0.00000
59220000000,-5.65624,-19.12326,0.02072,-0.01318,-0.00000,-0.00000,0.99991,1.50054,-0.00067,0.00000
59240000000,-5.68624,-19.12404,0.02072,-0.01315,-0.00000,-0.00000,0.99991,1.50053,-0.00066,0.00000
59260000000,-5.71624,-19.12481,0.02072,-0.01312,-0.00000,-0.00000,0.99991,1.50052,-0.00064,0.00000
59280000000,-5.74624,-19.12559,0.02072,-0.01309,-0.00000,-0.00000,0.99991,1.50051,-0.00063,0.00000
59300000000,-5.77624,-19.12636,0.02072,-0.01307,-0.00000,-0.00000,0.99991,1.50050,-0.00062,0.00000
59320000000,-5.80624,-19.12713,0.02072,-0.01304,-0.00000,-0.00000,0.99992,1.50049,-0.00060,0.00000
59340000000,-5.83624,-19.12790,0.02072,-0.01301,-0.00000,-0.00000,0.99992,1.50048,-0.00059,0.00000
59360000000,-5.86624,-19.12867,0.02072,-0.01298,-0.00000,-0.00000,0.99992,1.50047,-0.00058,0.00000
59380000000,-5.89624,-19.12943,0.02072,-0.01296,-0.00000,-0.00000,0.99992,1.50046,-0.00057,0.00000
59400000000,-5.92624,-19.13020,0.02072,-0.01293,-0.00000,-0.00000,0.99992,1.50045,-0.00056,0.00000
59420000000,-5.95624,-19.13096,0.02072,-0.01291,-0.00000,-0.00000,0.99992,1.50044,-0.00055,0.00000
59440000000,-5.98624,-19.13173,0.02072,-0.01288,-0.00000,-0.00000,0.99992,1.50043,-0.00054,0.00000
59460000000,-6.01624,-19.13249,0.02072,-0.01286,-0.00000,-0.00000,0.99992,1.50042,-0.00053,0.00000
59480000000,-6.04623,-19.13325,0.02072,-0.01283,-0.00000,-0.00000,0.99992,1.50042,-0.00052,0.00000
59500000000,-6.07623,-19.13401,0.02072,-0.01281,-0.00000,-0.00000,0.99992,1.50041,-0.00050,0.00000
59520000000,-6.10623,-19.13477,0.02072,-0.01279,-0.00000,-0.00000,0.99992,1.50040,-0.00049,0.00000
59540000000,-6.13623,-19.13552,0.02072,-0.01277,-0.00000,-0.00000,0.99992,1.50039,-0.00048,0.00000
59560000000,-6.16623,-19.13628,0.02072,-0.01274,-0.00000,-0.00000,0.99992,1.50038,-0.00048,0.00000
59580000000,-6.19623,-19.13704,0.02072,-0.01272,-0.00000,-0.00000,0.99992,1.50038,-0.00047,0.00000
59600000000,-6.22622,-19.13779,0.02072,-0.01270,-0.00000,-0.00000,0.99992,1.50037,-0.00046,0.00000
59620000000,-6.25622,-19.13854,0.02072,-0.01268,-0.00000,-0.00000,0.99992,1.50036,-0.00045,0.00000
59640000000,-6.28622,-19.13929,0.02072,-0.01266,-0.00000,-0.00000,0.99992,1.50035,-0.00044,0.00000
59660000000,-6.31622,-19.14004,0.02072,-0.01264,-0.00000,-0.00000,0.99992,1.50035,-0.00043,0.00000
59680000000,-6.34621,-19.14079,0.02072,-0.01262,-0.00000,-0.00000,0.99992,1.50034,-0.00042,0.00000
59700000000,-6.37621,-19.14154,0.02072,-0.01260,-0.00000,-0.00000,0.99992,1.50033,-0.00041,0.00000
59720000000,-6.40621,-19.14229,0.02072,-0.01259,-0.00000,-0.00000,0.99992,1.50033,-0.00040,0.00000
59740000000,-6.43621,-19.14304,0.02072,-0.01257,-0.00000,-0.00000,0.99992,1.50032,-0.00040,0.00000
59760000000,-6.46620,-19.14378,0.02072,-0.01255,-0.00000,-0.00000,0.99992,1.50031,-0.00039,0.00000
59780000000,-6.49620,-19.14453,0.02072,-0.01253,-0.00000,-0.00000,0.99992,1.50031,-0.00038,0.00000
59800000000,-6.52620,-19.14527,0.02072,-0.01251,-0.00000,-0.00000,0.99992,1.50030,-0.00037,0.00000
59820000000,-6.55619,-19.14601,0.02072,-0.01250,-0.00000,-0.00000,0.99992,1.50030,-0.00037,0.00000
59840000000,-6.58619,-19.14676,0.02072,-0.01248,-0.00000,-0.00000,0.99992,1.50029,-0.00036,0.00000
59860000000,-6.61619,-19.14750,0.02072,-0.01247,-0.00000,-0.00000,0.99992,1.50028,-0.00035,0.00000
59880000000,-6.64618,-19.14824,0.02072,-0.01245,-0.00000,-0.00000,0.99992,1.50028,-0.00034,0.00000
59900000000,-6.67618,-19.14898,0.02072,-0.01243,-0.00000,-0.00000,0.99992,1.50027,-0.00034,0.00000
59920000000,-6.70618,-19.14972,0.02072,-0.01242,-0.00000,-0.00000,0.99992,1.50027,-0.00033,0.00000
59940000000,-6.73617,-19.15045,0.02072,-0.01240,-0.00000,-0.00000,0.99992,1.50026,-0.00032,0.00000
59960000000,-6.76617,-19.15119,0.02072,-0.01239,-0.00000,-0.00000,0.99992,1.50026,-0.00032,0.00000
59980000000,-6.79616,-19.15193,0.02072,-0.01237,-0.00000,-0.00000,0.99992,1.50025,-0.00031,0.00000
60000000000,-6.82616,-19.15266,0.02072,-0.01236,-0.00000,-0.00000,0.99992,1.50025,-0.00031,0.00000
60020000000,-6.85603,-19.15340,0.02072,-0.01235,-0.00000,-0.00000,0.99992,1.48777,-0.00032,0.00000
60040000000,-6.88566,-19.15412,0.02072,-0.01233,-0.00000,-0.00000,0.99992,1.47976,-0.00032,0.00000
60060000000,-6.91488,-19.15484,0.02072,-0.01232,-0.00000,-0.00000,0.99992,1.45445,-0.00030,0.00000
60080000000,-6.94385,-19.15554,0.02072,-0.01231,-0.00000,-0.00000,0.99992,1.44615,-0.00030,0.00000
60100000000,-6.97257,-19.15625,0.02072,-0.01229,-0.00000,-0.00000,0.99992,1.43621,-0.00026,0.00000
60120000000,-7.00097,-19.15694,0.02072,-0.01228,-0.00000,-0.00000,0.99992,1.41573,-0.00028,0.00000
60140000000,-7.02883,-19.15762,0.02072,-0.01227,-0.00000,-0.00000,0.99992,1.38820,-0.00025,0.00000
60160000000,-7.05649,-19.15829,0.02072,-0.01226,-0.00000,-0.00000,0.99992,1.37892,-0.00026,0.00000
60180000000,-7.08383,-19.15896,0.02072,-0.01224,-0.00000,-0.00000,0.99993,1.36291,-0.00025,0.00000
60200000000,-7.11092,-19.15961,0.02072,-0.01223,-0.00000,-0.00000,0.99993,1.35320,-0.00024,0.00000
60220000000,-7.13770,-19.16026,0.02072,-0.01222,-0.00000,-0.00000,0.99993,1.33839,-0.00023,0.00000
60240000000,-7.16415,-19.16091,0.02072,-0.01221,-0.00000,-0.00000,0.99993,1.32119,-0.00023,0.00000
60260000000,-7.19024,-19.16154,0.02072,-0.01220,-0.00000,-0.00000,0.99993,1.30209,-0.00022,0.00000
60280000000,-7.21608,-19.16217,0.02072,-0.01219,-0.00000,-0.00000,0.99993,1.29186,-0.00020,0.00000
60300000000,-7.24154,-19.16278,0.02072,-0.01218,-0.00000,-0.00000,0.99993,1.26847,-0.00021,0.00000
60320000000,-7.26673,-19.16339,0.02072,-0.01218,-0.00000,-0.00000,0.99993,1.26015,-0.00019,0.00000
60340000000,-7.29164,-19.16400,0.02072,-0.01217,-0.00000,-0.00000,0.99993,1.24415,-0.00018,0.00000
60360000000,-7.31623,-19.16459,0.02072,-0.01216,-0.00000,-0.00000,0.99993,1.22784,-0.00018,0.00000
60380000000,-7.34033,-19.16517,0.02072,-0.01215,-0.00000,-0.00000,0.99993,1.19734,-0.00018,0.00000
60400000000,-7.36406,-19.16575,0.02072,-0.01214,-0.00000,-0.00000,0.99993,1.18023,-0.00016,0.00000
60420000000,-7.38755,-19.16631,0.02072,-0.01213,-0.00000,-0.00000,0.99993,1.16924,-0.00017,0.00000
60440000000,-7.41082,-19.16687,0.02072,-0.01213,-0.00000,-0.00000,0.99993,1.16412,-0.00015,0.00000
60460000000,-7.43388,-19.16743,0.02072,-0.01212,-0.00000,-0.00000,0.99993,1.14523,-0.00016,0.00000
60480000000,-7.45651,-19.16798,0.02072,-0.01211,-0.00000,-0.00000,0.99993,1.13122,-0.00015,0.00000
60500000000,-7.47874,-19.16851,0.02072,-0.01211,-0.00000,-0.00000,0.99993,1.10682,-0.00015,0.00000
60520000000,-7.50068,-19.16904,0.02072,-0.01210,-0.00000,-0.00000,0.99993,1.09402,-0.00014,0.00000
60540000000,-7.52211,-19.16956,0.02072,-0.01209,-0.00000,-0.00000,0.99993,1.06810,-0.00013,0.00000
60560000000,-7.54330,-19.17006,0.02072,-0.01209,-0.00000,-0.00000,0.99993,1.05260,-0.00013,0.00000
60580000000,-7.56421,-19.17057,0.02072,-0.01208,-0.00000,-0.00000,0.99993,1.03961,-0.00013,0.00000
60600000000,-7.58485,-19.17106,0.02072,-0.01208,-0.00000,-0.00000,0.99993,1.02840,-0.00013,0.00000
60620000000,-7.60524,-19.17155,0.02072,-0.01207,-0.00000,-0.00000,0.99993,1.02009,-0.00011,0.00000
60640000000,-7.62538,-19.17204,0.02072,-0.01207,-0.00000,-0.00000,0.99993,1.00319,-0.00011,0.00000
60660000000,-7.64512,-19.17251,0.02072,-0.01206,-0.00000,-0.00000,0.99993,0.98509,-0.00011,0.00000
60680000000,-7.66441,-19.17298,0.02072,-0.01206,-0.00000,-0.00000,0.99993,0.95829,-0.00011,0.00000
60700000000,-7.68348,-19.17343,0.02072,-0.01205,-0.00000,-0.00000,0.99993,0.95159,-0.00010,0.00000
60720000000,-7.70211,-19.17388,0.02072,-0.01205,-0.00000,-0.00000,0.99993,0.92458,-0.00010,0.00000
60740000000,-7.72051,-19.17432,0.02072,-0.01204,-0.00000,-0.00000,0.99993,0.91638,-0.00010,0.00000
60760000000,-7.73866,-19.17476,0.02072,-0.01204,-0.00000,-0.00000,0.99993,0.90807,-0.00009,0.00000
60780000000,-7.75658,-19.17519,0.02072,-0.01203,-0.00000,-0.00000,0.99993,0.88907,-0.00009,0.00000
60800000000,-7.77402,-19.17560,0.02072,-0.01203,-0.00000,-0.00000,0.99993,0.86837,-0.00009,0.00000
60820000000,-7.79102,-19.17601,0.02072,-0.01203,-0.00000,-0.00000,0.99993,0.84406,-0.00008,0.00000
60840000000,-7.80781,-19.17641,0.02072,-0.01202,-0.00000,-0.00000,0.99993,0.83637,-0.00008,0.00000
60860000000,-7.82418,-19.17681,0.02072,-0.01202,-0.00000,-0.00000,0.99993,0.81216,-0.00007,0.00000
60880000000,-7.84026,-19.17719,0.02072,-0.01202,-0.00000,-0.00000,0.99993,0.79726,-0.00007,0.00000
60900000000,-7.85607,-19.17757,0.02072,-0.01201,-0.00000,-0.00000,0.99993,0.78516,-0.00007,0.00000
60920000000,-7.87157,-19.17794,0.02072,-0.01201,-0.00000,-0.00000,0.99993,0.77076,-0.00007,0.00000
60940000000,-7.88674,-19.17830,0.02072,-0.01201,-0.00000,-0.00000,0.99993,0.75315,-0.00007,0.00000
60960000000,-7.90170,-19.17866,0.02072,-0.01200,-0.00000,-0.00000,0.99993,0.74805,-0.00006,0.00000
60980000000,-7.91628,-19.17901,0.02072,-0.01200,-0.00000,-0.00000,0.99993,0.72115,-0.00006,0.00000
61000000000,-7.93057,-19.17935,0.02072,-0.01200,-0.00000,-0.00000,0.99993,0.71425,-0.00006,0.00000
61020000000,-7.94445,-19.17969,0.02072,-0.01200,-0.00000,-0.00000,0.99993,0.68755,-0.00006,0.00000
61040000000,-7.95800,-19.18001,0.02072,-0.01199,-0.00000,-0.00000,0.99993,0.67154,-0.00005,0.00000
61060000000,-7.97127,-19.18033,0.02072,-0.01199,-0.00000,-0.00000,0.99993,0.65874,-0.00005,0.00000
61080000000,-7.98420,-19.18064,0.02072,-0.01199,-0.00000,-0.00000,0.99993,0.64114,-0.00005,0.00000
61100000000,-7.99672,-19.18094,0.02072,-0.01199,-0.00000,-0.00000,0.99993,0.62013,-0.00004,0.00000
61120000000,-8.00896,-19.18123,0.02072,-0.01198,-0.00000,-0.00000,0.99993,0.60523,-0.00004,0.00000
61140000000,-8.02098,-19.18152,0.02072,-0.01198,-0.00000,-0.00000,0.99993,0.59794,-0.00004,0.00000
61160000000,-8.03252,-19.18179,0.02072,-0.01198,-0.00000,-0.00000,0.99993,0.57203,-0.00004,0.00000
61180000000,-8.04386,-19.18206,0.02072,-0.01198,-0.00000,-0.00000,0.99993,0.56273,-0.00004,0.00000
61200000000,-8.05492,-19.18233,0.02072,-0.01198,-0.00000,-0.00000,0.99993,0.54993,-0.00004,0.00000
61220000000,-8.06571,-19.18258,0.02072,-0.01198,-0.00000,-0.00000,0.99993,0.53913,-0.00003,0.00000
61240000000,-8.07604,-19.18283,0.02072,-0.01197,-0.00000,-0.00000,0.99993,0.50923,-0.00003,0.00000
61260000000,-8.08609,-19.18307,0.02072,-0.01197,-0.00000,-0.00000,0.99993,0.49713,-0.00003,0.00000
61280000000,-8.09586,-19.18330,0.02072,-0.01197,-0.00000,-0.00000,0.99993,0.48592,-0.00003,0.00000
61300000000,-8.10527,-19.18353,0.02072,-0.01197,-0.00000,-0.00000,0.99993,0.46512,-0.00003,0.00000
61320000000,-8.11431,-19.18375,0.02072,-0.01197,-0.00000,-0.00000,0.99993,0.44522,-0.00003,0.00000
61340000000,-8.12319,-19.18396,0.02072,-0.01197,-0.00000,-0.00000,0.99993,0.44402,-0.00002,0.00000
61360000000,-8.13176,-19.18416,0.02072,-0.01197,-0.00000,-0.00000,0.99993,0.42352,-0.00002,0.00000
61380000000,-8.13995,-19.18436,0.02072,-0.01197,-0.00000,-0.00000,0.99993,0.40752,-0.00002,0.00000
61400000000,-8.14766,-19.18454,0.02072,-0.01197,-0.00000,-0.00000,0.99993,0.38001,-0.00002,0.00000
61420000000,-8.15526,-19.18472,0.02072,-0.01196,-0.00000,-0.00000,0.99993,0.38001,-0.00002,0.00000
61440000000,-8.16254,-19.18490,0.02072,-0.01196,-0.00000,-0.00000,0.99993,0.36102,-0.00002,0.00000
61460000000,-8.16946,-19.18506,0.02072,-0.01196,-0.00000,-0.00000,0.99993,0.34351,-0.00002,0.00000
61480000000,-8.17602,-19.18522,0.02072,-0.01196,-0.00000,-0.00000,0.99993,0.32431,-0.00002,0.00000
61500000000,-8.18224,-19.18537,0.02072,-0.01196,-0.00000,-0.00000,0.99993,0.30671,-0.00002,0.00000
61520000000,-8.18818,-19.18551,0.02072,-0.01196,-0.00000,-0.00000,0.99993,0.29391,-0.00001,0.00000
61540000000,-8.19383,-19.18564,0.02072,-0.01196,-0.00000,-0.00000,0.99993,0.28101,-0.00001,0.00000
61560000000,-8.19911,-19.18577,0.02072,-0.01196,-0.00000,-0.00000,0.99993,0.26031,-0.00001,0.00000
61580000000,-8.20399,-19.18589,0.02072,-0.01196,-0.00000,-0.00000,0.99993,0.23721,-0.00001,0.00000
61600000000,-8.20870,-19.18600,0.02072,-0.01196,-0.00000,-0.00000,0.99993,0.23421,-0.00001,0.00000
61620000000,-8.21296,-19.18610,0.02072,-0.01196,-0.00000,-0.00000,0.99993,0.20621,-0.00001,0.00000
61640000000,-8.21694,-19.18620,0.02072,-0.01196,-0.00000,-0.00000,0.99993,0.19471,-0.00001,0.00000
61660000000,-8.22048,-19.18628,0.02072,-0.01196,-0.00000,-0.00000,0.99993,0.17200,-0.00001,0.00000
61680000000,-8.22389,-19.18636,0.02072,-0.01196,-0.00000,-0.00000,0.99993,0.16901,-0.00001,0.00000
61700000000,-8.22697,-19.18644,0.02072,-0.01196,-0.00000,-0.00000,0.99993,0.15150,-0.00001,0.00000
61720000000,-8.22966,-19.18650,0.02072,-0.01196,-0.00000,-0.00000,0.99993,0.12910,-0.00001,0.00000
61740000000,-8.23209,-19.18656,0.02072,-0.01196,-0.00000,-0.00000,0.99993,0.11950,-0.00000,0.00000
61760000000,-8.23419,-19.18661,0.02072,-0.01196,-0.00000,-0.00000,0.99993,0.10190,-0.00000,0.00000
61780000000,-8.23587,-19.18665,0.02072,-0.01196,-0.00000,-0.00000,0.99993,0.07720,-0.00000,0.00000
61800000000,-8.23722,-19.18668,0.02072,-0.01196,-0.00000,-0.00000,0.99993,0.06050,-0.00000,0.00000
61820000000,-8.23834,-19.18671,0.02072,-0.01196,-0.00000,-0.00000,0.99993,0.05230,-0.00000,0.00000
61840000000,-8.23899,-19.18672,0.02072,-0.01196,-0.00000,-0.00000,0.99993,0.02150,-0.00000,0.00000
61860000000,-8.23852,-19.18671,0.02072,-0.01196,-0.00000,-0.00000,0.99993,-0.03850,0.00000,0.00000
61880000000,-8.23685,-19.18667,0.02072,-0.01196,-0.00000,-0.00000,0.99993,-0.09850,0.00000,-0.00000
61900000000,-8.23398,-19.18660,0.02072,-0.01196,-0.00000,-0.00000,0.99993,-0.15849,0.00000,-0.00000
61920000000,-8.22991,-19.18651,0.02072,-0.01196,-0.00000,-0.00000,0.99993,-0.21849,0.00001,-0.00000
61940000000,-8.22464,-19.18638,0.02072,-0.01196,-0.00000,-0.00000,0.99993,-0.27849,0.00001,-0.00000
61960000000,-8.21817,-19.18623,0.02072,-0.01196,-0.00000,-0.00000,0.99993,-0.33849,0.00001,-0.00000
61980000000,-8.21051,-19.18604,0.02072,-0.01196,-0.00000,-0.00000,0.99993,-0.39849,0.00001,-0.00000
62000000000,-8.20164,-19.18583,0.02072,-0.01196,-0.00000,-0.00000,0.99993,-0.45849,0.00001,-0.00000
62020000000,-8.19157,-19.18559,0.02072,-0.01196,-0.00000,-0.00000,0.99993,-0.51848,0.00001,-0.00000
62040000000,-8.18031,-19.18532,0.02072,-0.01196,-0.00000,-0.00000,0.99993,-0.57848,0.00002,-0.00000
62060000000,-8.16784,-19.18502,0.02072,-0.01196,-0.00000,-0.00000,0.99993,-0.63848,0.00002,-0.00000
62080000000,-8.15417,-19.18470,0.02072,-0.01196,-0.00000,-0.00000,0.99993,-0.69848,0.00002,-0.00000
62100000000,-8.13931,-19.18434,0.02072,-0.01196,-0.00000,-0.00000,0.99993,-0.75848,0.00002,-0.00000
62120000000,-8.12324,-19.18396,0.02072,-0.01196,-0.00000,-0.00000,0.99993,-0.81848,0.00002,-0.00000
62140000000,-8.10598,-19.18354,0.02072,-0.01196,-0.00000,-0.00000,0.99993,-0.87848,0.00002,-0.00000
62160000000,-8.08752,-19.18310,0.02072,-0.01196,-0.00000,-0.00000,0.99993,-0.93847,0.00002,-0.00000
62180000000,-8.06785,-19.18263,0.02072,-0.01197,-0.00000,-0.00000,0.99993,-0.99847,0.00002,-0.00000
62200000000,-8.04699,-19.18213,0.02072,-0.01197,-0.00000,-0.00000,0.99993,-1.05847,0.00002,-0.00000
62220000000,-8.02492,-19.18161,0.02072,-0.01197,-0.00000,-0.00000,0.99993,-1.11847,0.00002,-0.00000
62240000000,-8.00166,-19.18105,0.02072,-0.01197,-0.00000,-0.00000,0.99993,-1.17847,0.00003,-0.00000
62260000000,-7.97720,-19.18046,0.02072,-0.01197,-0.00000,-0.00000,0.99993,-1.23847,0.00003,-0.00000
62280000000,-7.95154,-19.17985,0.02072,-0.01197,-0.00000,-0.00000,0.99993,-1.29847,0.00003,-0.00000
62300000000,-7.92468,-19.17921,0.02072,-0.01197,-0.00000,-0.00000,0.99993,-1.35847,0.00003,-0.00000
62320000000,-7.89661,-19.17854,0.02072,-0.01197,-0.00000,-0.00000,0.99993,-1.41847,0.00003,-0.00000
62340000000,-7.86735,-19.17784,0.02072,-0.01198,-0.00000,-0.00000,0.99993,-1.47847,0.00003,-0.00000
62360000000,-7.83737,-19.17712,0.02072,-0.01198,-0.00000,-0.00000,0.99993,-1.50002,0.00003,-0.00000
62380000000,-7.80738,-19.17640,0.02072,-0.01198,-0.00000,-0.00000,0.99993,-1.50002,0.00003,-0.00000
62400000000,-7.77739,-19.17568,0.02072,-0.01198,-0.00000,-0.00000,0.99993,-1.50002,0.00003,-0.00000
62420000000,-7.74739,-19.17496,0.02072,-0.01198,-0.00000,-0.00000,0.99993,-1.50002,0.00003,-0.00000
62440000000,-7.71740,-19.17424,0.02072,-0.01198,-0.00000,-0.00000,0.99993,-1.50002,0.00003,-0.00000
62460000000,-7.68741,-19.17353,0.02072,-0.01198,-0.00000,-0.00000,0.99993,-1.50002,0.00003,-0.00000
62480000000,-7.65742,-19.17281,0.02072,-0.01198,-0.00000,-0.00000,0.99993,-1.50002,0.00003,-0.00000
62500000000,-7.62743,-19.17209,0.02072,-0.01199,-0.00000,-0.00000,0.99993,-1.50002,0.00003,-0.00000
62520000000,-7.59743,-19.17137,0.02072,-0.01199,-0.00000,-0.00000,0.99993,-1.50002,0.00002,-0.00000
62540000000,-7.56744,-19.17065,0.02072,-0.01199,-0.00000,-0.00000,0.99993,-1.50002,0.00002,-0.00000
62560000000,-7.53745,-19.16993,0.02072,-0.01199,-0.00000,-0.00000,0.99993,-1.50002,0.00002,-0.00000
62580000000,-7.50746,-19.16921,0.02072,-0.01199,-0.00000,-0.00000,0.99993,-1.50002,0.00002,-0.00000
62600000000,-7.47747,-19.16850,0.02072,-0.01199,-0.00000,-0.00000,0.99993,-1.50002,0.00002,-0.00000
62620000000,-7.44748,-19.16778,0.02072,-0.01199,-0.00000,-0.00000,0.99993,-1.50002,0.00002,-0.00000
62640000000,-7.41748,-19.16706,0.02072,-0.01199,-0.00000,-0.00000,0.99993,-1.50002,0.00002,-0.00000
62660000000,-7.38749,-19.16634,0.02072,-0.01199,-0.00000,-0.00000,0.99993,-1.50002,0.00002,-0.00000
62680000000,-7.35750,-19.16562,0.02072,-0.01200,-0.00000,-0.00000,0.99993,-1.50002,0.00002,-0.00000
62700000000,-7.32751,-19.16490,0.02072,-0.01200,-0.00000,-0.00000,0.99993,-1.50002,0.00002,-0.00000
62720000000,-7.29752,-19.16418,0.02072,-0.01200,-0.00000,-0.00000,0.99993,-1.50002,0.00002,-0.00000
62740000000,-7.26753,-19.16346,0.02072,-0.01200,-0.00000,-0.00000,0.99993,-1.50002,0.00002,-0.00000
62760000000,-7.23753,-19.16274,0.02072,-0.01200,-0.00000,-0.00000,0.99993,-1.50001,0.00002,-0.00000
62780000000,-7.20754,-19.16202,0.02072,-0.01200,-0.00000,-0.00000,0.99993,-1.50001,0.00002,-0.00000
62800000000,-7.17755,-19.16130,0.02072,-0.01200,-0.00000,-0.00000,0.99993,-1.50001,0.00002,-0.00000
62820000000,-7.14756,-19.16058,0.02072,-0.01200,-0.00000,-0.00000,0.99993,-1.50001,0.00002,-0.00000
62840000000,-7.11757,-19.15986,0.02072,-0.01200,-0.00000,-0.00000,0.99993,-1.50001,0.00002,-0.00000
62860000000,-7.08758,-19.15914,0.02072,-0.01200,-0.00000,-0.00000,0.99993,-1.50001,0.00002,-0.00000
62880000000,-7.05758,-19.15842,0.02072,-0.01200,-0.00000,-0.00000,0.99993,-1.50001,0.00002,-0.00000
62900000000,-7.02759,-19.15770,0.02072,-0.01200,-0.00000,-0.00000,0.99993,-1.50001,0.00002,-0.00000
62920000000,-6.99760,-19.15698,0.02072,-0.01201,-0.00000,-0.00000,0.99993,-1.50001,0.00002,-0.00000
62940000000,-6.96761,-19.15626,0.02072,-0.01201,-0.00000,-0.00000,0.99993,-1.50001,0.00002,-0.00000
62960000000,-6.93762,-19.15554,0.02072,-0.01201,-0.00000,-0.00000,0.99993,-1.50001,0.00002,-0.00000
62980000000,-6.90763,-19.15482,0.02072,-0.01201,-0.00000,-0.00000,0.99993,-1.50001,0.00002,-0.00000
63000000000,-6.87763,-19.15410,0.02072,-0.01201,-0.00000,-0.00000,0.99993,-1.50001,0.00002,-0.00000
63020000000,-6.84764,-19.15338,0.02072,-0.01201,-0.00000,-0.00000,0.99993,-1.50001,0.00002,-0.00000
63040000000,-6.81765,-19.15266,0.02072,-0.01201,-0.00000,-0.00000,0.99993,-1.50001,0.00001,-0.00000
63060000000,-6.78766,-19.15194,0.02072,-0.01201,-0.00000,-0.00000,0.99993,-1.50001,0.00001,-0.00000
63080000000,-6.75767,-19.15122,0.02072,-0.01201,-0.00000,-0.00000,0.99993,-1.50001,0.00001,-0.00000
63100000000,-6.72768,-19.15050,0.02072,-0.01201,-0.00000,-0.00000,0.99993,-1.50001,0.00001,-0.00000
63120000000,-6.69768,-19.14978,0.02072,-0.01201,-0.00000,-0.00000,0.99993,-1.50001,0.00001,-0.00000
63140000000,-6.66769,-19.14906,0.02072,-0.01201,-0.00000,-0.00000,0.99993,-1.50001,0.00001,-0.00000
63160000000,-6.63770,-19.14834,0.02072,-0.01201,-0.00000,-0.00000,0.99993,-1.50001,0.00001,-0.00000
63180000000,-6.60771,-19.14762,0.02072,-0.01201,-0.00000,-0.00000,0.99993,-1.50001,0.00001,-0.00000
63200000000,-6.57772,-19.14690,0.02072,-0.01201,-0.00000,-0.00000,0.99993,-1.50001,0.00001,-0.00000
63220000000,-6.54773,-19.14618,0.02072,-0.01202,-0.00000,-0.00000,0.99993,-1.50001,0.00001,-0.00000
63240000000,-6.51774,-19.14546,0.02072,-0.01202,-0.00000,-0.00000,0.99993,-1.50001,0.00001,-0.00000
63260000000,-6.48774,-19.14474,0.02072,-0.01202,-0.00000,-0.00000,0.99993,-1.50001,0.00001,-0.00000
63280000000,-6.45775,-19.14402,0.02072,-0.01202,-0.00000,-0.00000,0.99993,-1.50001,0.00001,-0.00000
63300000000,-6.42776,-19.14330,0.02072,-0.01202,-0.00000,-0.00000,0.99993,-1.50001,0.00001,-0.00000
63320000000,-6.39777,-19.14258,0.02072,-0.01202,-0.00000,-0.00000,0.99993,-1.50001,0.00001,-0.00000
63340000000,-6.36778,-19.14185,0.02072,-0.01202,-0.00000,-0.00000,0.99993,-1.50001,0.00001,-0.00000
63360000000,-6.33779,-19.14113,0.02072,-0.01202,-0.00000,-0.00000,0.99993,-1.50001,0.00001,-0.00000
63380000000,-6.30780,-19.14041,0.02072,-0.01202,-0.00000,-0.00000,0.99993,-1.50001,0.00001,-0.00000
63400000000,-6.27780,-19.13969,0.02072,-0.01202,-0.00000,-0.00000,0.99993,-1.50001,0.00001,-0.00000
63420000000,-6.24781,-19.13897,0.02072,-0.01202,-0.00000,-0.00000,0.99993,-1.50001,0.00001,-0.00000
63440000000,-6.21782,-19.13825,0.02072,-0.01202,-0.00000,-0.00000,0.99993,-1.50001,0.00001,-0.00000
63460000000,-6.18783,-19.13753,0.02072,-0.01202,-0.00000,-0.00000,0.99993,-1.50001,0.00001,-0.00000
63480000000,-6.15784,-19.13681,0.02072,-0.01202,-0.00000,-0.00000,0.99993,-1.50001,0.00001,-0.00000
63500000000,-6.12785,-19.13609,0.02072,-0.01202,-0.00000,-0.00000,0.99993,-1.50001,0.00001,-0.00000
63520000000,-6.09786,-19.13537,0.02072,-0.01202,-0.00000,-0.00000,0.99993,-1.50001,0.00001,-0.00000
63540000000,-6.06786,-19.13464,0.02072,-0.01202,-0.00000,-0.00000,0.99993,-1.50001,0.00001,-0.00000
63560000000,-6.03787,-19.13392,0.02072,-0.01202,-0.00000,-0.00000,0.99993,-1.50001,0.00001,-0.00000
63580000000,-6.00788,-19.13320,0.02072,-0.01202,-0.00000,-0.00000,0.99993,-1.50001,0.00001,-0.00000
63600000000,-5.97789,-19.13248,0.02072,-0.01202,-0.00000,-0.00000,0.99993,-1.50001,0.00001,-0.00000
63620000000,-5.94790,-19.13176,0.02072,-0.01202,-0.00000,-0.00000,0.99993,-1.50001,0.00001,-0.00000
63640000000,-5.91791,-19.13104,0.02072,-0.01202,-0.00000,-0.00000,0.99993,-1.50001,0.00001,-0.00000
63660000000,-5.88791,-19.13032,0.02072,-0.01202,-0.00000,-0.00000,0.99993,-1.50001,0.00001,-0.00000
63680000000,-5.85792,-19.12960,0.02072,-0.01203,-0.00000,-0.00000,0.99993,-1.50001,0.00001,-0.00000
63700000000,-5.82793,-19.12888,0.02072,-0.01203,-0.00000,-0.00000,0.99993,-1.50001,0.00001,-0.00000
63720000000,-5.79794,-19.12815,0.02072,-0.01203,-0.00000,-0.00000,0.99993,-1.50001,0.00001,-0.00000
63740000000,-5.76795,-19.12743,0.02072,-0.01203,-0.00000,-0.00000,0.99993,-1.50000,0.00001,-0.00000
63760000000,-5.73796,-19.12671,0.02072,-0.01203,-0.00000,-0.00000,0.99993,-1.50000,0.00001,-0.00000
63780000000,-5.70797,-19.12599,0.02072,-0.01203,-0.00000,-0.00000,0.99993,-1.50000,0.00001,-0.00000
63800000000,-5.67797,-19.12527,0.02072,-0.01203,-0.00000,-0.00000,0.99993,-1.50000,0.00001,-0.00000
63820000000,-5.64798,-19.12455,0.02072,-0.01203,-0.00000,-0.00000,0.99993,-1.50000,0.00001,-0.00000
63840000000,-5.61799,-19.12383,0.02072,-0.01203,-0.00000,-0.00000,0.99993,-1.50000,0.00001,-0.00000
63860000000,-5.58800,-19.12310,0.02072,-0.01203,-0.00000,-0.00000,0.99993,-1.50000,0.00001,-0.00000
63880000000,-5.55801,-19.12238,0.02072,-0.01203,-0.00000,-0.00000,0.99993,-1.50000,0.00001,-0.00000
63900000000,-5.52802,-19.12166,0.02072,-0.01203,-0.00000,-0.00000,0.99993,-1.50000,0.00001,-0.00000
63920000000,-5.49803,-19.12094,0.02072,-0.01203,-0.00000,-0.00000,0.99993,-1.50000,0.00001,-0.00000
63940000000,-5.46804,-19.12022,0.02072,-0.01203,-0.00000,-0.00000,0.99993,-1.50000,0.00001,-0.00000
63960000000,-5.43804,-19.11950,0.02072,-0.01203,-0.00000,-0.00000,0.99993,-1.50000,0.00001,-0.00000
63980000000,-5.40805,-19.11877,0.02072,-0.01203,-0.00000,-0.00000,0.99993,-1.50000,0.00001,-0.00000
64000000000,-5.37806,-19.11805,0.02072,-0.01203,-0.00000,-0.00000,0.99993,-1.50000,0.00001,-0.00000
64020000000,-5.34807,-19.11733,0.02072,-0.01203,-0.00000,-0.00000,0.99993,-1.50000,0.00001,-0.00000
64040000000,-5.31808,-19.11661,0.02072,-0.01203,-0.00000,-0.00000,0.99993,-1.50000,0.00001,-0.00000
64060000000,-5.28809,-19.11589,0.02072,-0.01203,-0.00000,-0.00000,0.99993,-1.50000,0.00001,-0.00000
64080000000,-5.25810,-19.11517,0.02072,-0.01203,-0.00000,-0.00000,0.99993,-1.50000,0.00001,-0.00000
64100000000,-5.22810,-19.11444,0.02072,-0.01203,-0.00000,-0.00000,0.99993,-1.50000,0.00001,-0.00000
64120000000,-5.19811,-19.11372,0.02072,-0.01203,-0.00000,-0.00000,0.99993,-1.50000,0.00001,-0.00000
64140000000,-5.16812,-19.11300,0.02072,-0.01203,-0.00000,-0.00000,0.99993,-1.50000,0.00000,-0.00000
64160000000,-5.13813,-19.11228,0.02072,-0.01203,-0.00000,-0.00000,0.99993,-1.50000,0.00000,-0.00000
64180000000,-5.10814,-19.11156,0.02072,-0.01203,-0.00000,-0.00000,0.99993,-1.50000,0.00000,-0.00000
64200000000,-5.07815,-19.11084,0.02072,-0.01203,-0.00000,-0.00000,0.99993,-1.50000,0.00000,-0.00000
64220000000,-5.04816,-19.11011,0.02072,-0.01203,-0.00000,-0.00000,0.99993,-1.50000,0.00000,-0.00000
64240000000,-5.01816,-19.10939,0.02072,-0.01203,-0.00000,-0.00000,0.99993,-1.50000,0.00000,-0.00000
64260000000,-4.98817,-19.10867,0.02072,-0.01203,-0.00000,-0.00000,0.99993,-1.50000,0.00000,-0.00000
64280000000,-4.95818,-19.10795,0.02072,-0.01203,-0.00000,-0.00000,0.99993,-1.50000,0.00000,-0.00000
64300000000,-4.92819,-19.10723,0.02072,-0.01203,-0.00000,-0.00000,0.99993,-1.50000,0.00000,-0.00000
64320000000,-4.89820,-19.10650,0.02072,-0.01203,-0.00000,-0.00000,0.99993,-1.50000,0.00000,-0.00000
64340000000,-4.86821,-19.10578,0.02072,-0.01203,-0.00000,-0.00000,0.99993,-1.50000,0.00000,-0.00000
64360000000,-4.83822,-19.10506,0.02072,-0.01203,-0.00000,-0.00000,0.99993,-1.50000,0.00000,-0.00000
64380000000,-4.80822,-19.10434,0.02072,-0.01203,-0.00000,-0.00000,0.99993,-1.50000,0.00000,-0.00000
64400000000,-4.77823,-19.10362,0.02072,-0.01203,-0.00000,-0.00000,0.99993,-1.50000,0.00000,-0.00000
64420000000,-4.74824,-19.10289,0.02072,-0.01203,-0.00000,-0.00000,0.99993,-1.50000,0.00000,-0.00000
64440000000,-4.71825,-19.10217,0.02072,-0.01203,-0.00000,-0.00000,0.99993,-1.50000,0.00000,-0.00000
64460000000,-4.68826,-19.10145,0.02072,-0.01203,-0.00000,-0.00000,0.99993,-1.50000,0.00000,-0.00000
64480000000,-4.65827,-19.10073,0.02072,-0.01204,-0.00000,-0.00000,0.99993,-1.50000,0.00000,-0.00000
64500000000,-4.62828,-19.10001,0.02072,-0.01204,-0.00000,-0.00000,0.99993,-1.50000,0.00000,-0.00000
64520000000,-4.59829,-19.09928,0.02072,-0.01204,-0.00000,-0.00000,0.99993,-1.50000,0.00000,-0.00000
64540000000,-4.56829,-19.09856,0.02072,-0.01204,-0.00000,-0.00000,0.99993,-1.50000,0.00000,-0.00000
64560000000,-4.53830,-19.09784,0.02072,-0.01204,-0.00000,-0.00000,0.99993,-1.50000,0.00000,-0.00000
64580000000,-4.50831,-19.09712,0.02072,-0.01204,-0.00000,-0.00000,0.99993,-1.50000,0.00000,-0.00000
64600000000,-4.47832,-19.09640,0.02072,-0.01204,-0.00000,-0.00000,0.99993,-1.50000,0.00000,-0.00000
64620000000,-4.44833,-19.09567,0.02072,-0.01204,-0.00000,-0.00000,0.99993,-1.50000,0.00000,-0.00000
64640000000,-4.41834,-19.09495,0.02072,-0.01204,-0.00000,-0.00000,0.99993,-1.50000,0.00000,-0.00000
64660000000,-4.38835,-19.09423,0.02072,-0.01204,-0.00000,-0.00000,0.99993,-1.50000,0.00000,-0.00000
64680000000,-4.35835,-19.09351,0.02072,-0.01204,-0.00000,-0.00000,0.99993,-1.50000,0.00000,-0.00000
64700000000,-4.32836,-19.09279,0.02072,-0.01204,-0.00000,-0.00000,0.99993,-1.50000,0.00000,-0.00000
64720000000,-4.29837,-19.09206,0.02072,-0.01204,-0.00000,-0.00000,0.99993,-1.50000,0.00000,-0.00000
64740000000,-4.26838,-19.09134,0.02072,-0.01204,-0.00000,-0.00000,0.99993,-1.50000,0.00000,-0.00000
64760000000,-4.23839,-19.09062,0.02072,-0.01204,-0.00000,-0.00000,0.99993,-1.50000,0.00000,-0.00000
64780000000,-4.20840,-19.08990,0.02072,-0.01204,-0.00000,-0.00000,0.99993,-1.50000,0.00000,-0.00000
64800000000,-4.17841,-19.08918,0.02072,-0.01204,-0.00000,-0.00000,0.99993,-1.50000,0.00000,-0.00000
64820000000,-4.14842,-19.08845,0.02072,-0.01204,-0.00000,-0.00000,0.99993,-1.50000,0.00000,-0.00000
64840000000,-4.11842,-19.08773,0.02072,-0.01204,-0.00000,-0.00000,0.99993,-1.50000,0.00000,-0.00000
64860000000,-4.08843,-19.08701,0.02072,-0.01204,-0.00000,-0.00000,0.99993,-1.50000,0.00000,-0.00000
64880000000,-4.05844,-19.08629,0.02072,-0.01204,-0.00000,-0.00000,0.99993,-1.50000,0.00000,-0.00000
64900000000,-4.02845,-19.08556,0.02072,-0.01204,-0.00000,-0.00000,0.99993,-1.50000,0.00000,-0.00000
64920000000,-3.99846,-19.08484,0.02072,-0.01204,-0.00000,-0.00000,0.99993,-1.50000,0.00000,-0.00000
64940000000,-3.96847,-19.08412,0.02072,-0.01204,-0.00000,-0.00000,0.99993,-1.50000,0.00000,-0.00000
64960000000,-3.93848,-19.08340,0.02072,-0.01204,-0.00000,-0.00000,0.99993,-1.50000,0.00000,-0.00000
64980000000,-3.90848,-19.08268,0.02072,-0.01204,-0.00000,-0.00000,0.99993,-1.50000,0.00000,-0.00000
65000000000,-3.87849,-19.08195,0.02072,-0.01204,-0.00000,-0.00000,0.99993,-1.50000,0.00000,-0.00000
65020000000,-3.84850,-19.08123,0.02072,-0.01204,-0.00000,-0.00000,0.99993,-1.50000,0.00000,-0.00000
65040000000,-3.81851,-19.08051,0.02072,-0.01204,-0.00000,-0.00000,0.99993,-1.50000,0.00000,-0.00000
65060000000,-3.78852,-19.07979,0.02072,-0.01204,-0.00000,-0.00000,0.99993,-1.50000,0.00000,-0.00000
65080000000,-3.75853,-19.07907,0.02072,-0.01204,-0.00000,-0.00000,0.99993,-1.50000,0.00000,-0.00000
65100000000,-3.72854,-19.07834,0.02072,-0.01204,-0.00000,-0.00000,0.99993,-1.50000,0.00000,-0.00000
65120000000,-3.69855,-19.07762,0.02072,-0.01204,-0.00000,-0.00000,0.99993,-1.50000,0.00000,-0.00000
65140000000,-3.66855,-19.07690,0.02072,-0.01204,-0.00000,-0.00000,0.99993,-1.50000,0.00000,-0.00000
65160000000,-3.63856,-19.07618,0.02072,-0.01204,-0.00000,-0.00000,0.99993,-1.50000,0.00000,-0.00000
65180000000,-3.60857,-19.07545,0.02072,-0.01204,-0.00000,-0.00000,0.99993,-1.50000,0.00000,-0.00000
65200000000,-3.57858,-19.07473,0.02072,-0.01204,-0.00000,-0.00000,0.99993,-1.50000,0.00000,-0.00000
65220000000,-3.54859,-19.07401,0.02072,-0.01204,-0.00000,-0.00000,0.99993,-1.50000,0.00000,-0.00000
65240000000,-3.51860,-19.07329,0.02072,-0.01204,-0.00000,-0.00000,0.99993,-1.50000,0.00000,-0.00000
65260000000,-3.48861,-19.07256,0.02072,-0.01204,-0.00000,-0.00000,0.99993,-1.50000,0.00000,-0.00000
65280000000,-3.45862,-19.07184,0.02072,-0.01204,-0.00000,-0.00000,0.99993,-1.50000,0.00000,-0.00000
65300000000,-3.42862,-19.07112,0.02072,-0.01204,-0.00000,-0.00000,0.99993,-1.50000,0.00000,-0.00000
65320000000,-3.39863,-19.07040,0.02072,-0.01204,-0.00000,-0.00000,0.99993,-1.50000,0.00000,-0.00000
65340000000,-3.36864,-19.06968,0.02072,-0.01204,-0.00000,-0.00000,0.99993,-1.50000,0.00000,-0.00000
65360000000,-3.33865,-19.06895,0.02072,-0.01204,-0.00000,-0.00000,0.99993,-1.50000,0.00000,-0.00000
65380000000,-3.30866,-19.06823,0.02072,-0.01204,-0.00000,-0.00000,0.99993,-1.50000,0.00000,-0.00000
65400000000,-3.27867,-19.06751,0.02072,-0.01204,-0.00000,-0.00000,0.99993,-1.50000,0.00000,-0.00000
65420000000,-3.24868,-19.06679,0.02072,-0.01204,-0.00000,-0.00000,0.99993,-1.50000,0.00000,-0.00000
65440000000,-3.21868,-19.06606,0.02072,-0.01204,-0.00000,-0.00000,0.99993,-1.50000,0.00000,-0.00000
65460000000,-3.18869,-19.06534,0.02072,-0.01204,-0.00000,-0.00000,0.99993,-1.50000,0.00000,-0.00000
65480000000,-3.15870,-19.06462,0.02072,-0.01204,-0.00000,-0.00000,0.99993,-1.50000,0.00000,-0.00000
65500000000,-3.12871,-19.06390,0.02072,-0.01204,-0.00000,-0.00000,0.99993,-1.50000,0.00000,-0.00000
65520000000,-3.09872,-19.06317,0.02072,-0.01204,-0.00000,-0.00000,0.99993,-1.50000,0.00000,-0.00000
65540000000,-3.06873,-19.06245,0.02072,-0.01204,-0.00000,-0.00000,0.99993,-1.50000,0.00000,-0.00000
65560000000,-3.03874,-19.06173,0.02072,-0.01204,-0.00000,-0.00000,0.99993,-1.50000,0.00000,-0.00000
65580000000,-3.00875,-19.06101,0.02072,-0.01204,-0.00000,-0.00000,0.99993,-1.50000,0.00000,-0.00000
65600000000,-2.97875,-19.06029,0.02072,-0.01204,-0.00000,-0.00000,0.99993,-1.50000,0.00000,-0.00000
65620000000,-2.94876,-19.05956,0.02072,-0.01204,-0.00000,-0.00000,0.99993,-1.50000,0.00000,-0.00000
65640000000,-2.91877,-19.05884,0.02072,-0.01204,-0.00000,-0.00000,0.99993,-1.50000,0.00000,-0.00000
65660000000,-2.88878,-19.05812,0.02072,-0.01204,-0.00000,-0.00000,0.99993,-1.50000,0.00000,-0.00000
65680000000,-2.85879,-19.05740,0.02072,-0.01204,-0.00000,-0.00000,0.99993,-1.50000,0.00000,-0.00000
65700000000,-2.82880,-19.05667,0.02072,-0.01204,-0.00000,-0.00000,0.99993,-1.50000,0.00000,-0.00000
65720000000,-2.79881,-19.05595,0.02072,-0.01204,-0.00000,-0.00000,0.99993,-1.50000,0.00000,-0.00000
65740000000,-2.76882,-19.05523,0.02072,-0.01204,-0.00000,-0.00000,0.99993,-1.50000,0.00000,-0.00000
65760000000,-2.73882,-19.05451,0.02072,-0.01204,-0.00000,-0.00000,0.99993,-1.50000,0.00000,-0.00000
65780000000,-2.70883,-19.05378,0.02072,-0.01204,-0.00000,-0.00000,0.99993,-1.50000,0.00000,-0.00000
65800000000,-2.67884,-19.05306,0.02072,-0.01204,-0.00000,-0.00000,0.99993,-1.50000,0.00000,-0.00000
65820000000,-2.64885,-19.05234,0.02072,-0.01204,-0.00000,-0.00000,0.99993,-1.50000,0.00000,-0.00000
65840000000,-2.61886,-19.05162,0.02072,-0.01204,-0.00000,-0.00000,0.99993,-1.50000,0.00000,-0.00000
65860000000,-2.58887,-19.05089,0.02072,-0.01204,-0.00000,-0.00000,0.99993,-1.50000,0.00000,-0.00000
65880000000,-2.55888,-19.05017,0.02072,-0.01204,-0.00000,-0.00000,0.99993,-1.50000,0.00000,-0.00000
65900000000,-2.52888,-19.04945,0.02072,-0.01204,-0.00000,-0.00000,0.99993,-1.50000,0.00000,-0.00000
65920000000,-2.49889,-19.04873,0.02072,-0.01204,-0.00000,-0.00000,0.99993,-1.50000,0.00000,-0.00000
65940000000,-2.46890,-19.04801,0.02072,-0.01204,-0.00000,-0.00000,0.99993,-1.50000,0.00000,-0.00000
65960000000,-2.43891,-19.04728,0.02072,-0.01204,-0.00000,-0.00000,0.99993,-1.50000,0.00000,-0.00000
65980000000,-2.40892,-19.04656,0.02072,-0.01204,-0.00000,-0.00000,0.99993,-1.50000,0.00000,-0.00000
66000000000,-2.37893,-19.04584,0.02072,-0.01204,-0.00000,-0.00000,0.99993,-1.50000,0.00000,-0.00000
66020000000,-2.34894,-19.04512,0.02072,-0.01204,-0.00000,-0.00000,0.99993,-1.50000,0.00000,-0.00000
66040000000,-2.31895,-19.04439,0.02072,-0.01204,-0.00000,-0.00000,0.99993,-1.50000,0.00000,-0.00000
66060000000,-2.28895,-19.04367,0.02072,-0.01204,-0.00000,-0.00000,0.99993,-1.50000,0.00000,-0.00000
66080000000,-2.25896,-19.04295,0.02072,-0.01204,-0.00000,-0.00000,0.99993,-1.50000,0.00000,-0.00000
66100000000,-2.22897,-19.04223,0.02072,-0.01204,-0.00000,-0.00000,0.99993,-1.50000,0.00000,-0.00000
66120000000,-2.19898,-19.04150,0.02072,-0.01204,-0.00000,-0.00000,0.99993,-1.50000,0.00000,-0.00000
66140000000,-2.16899,-19.04078,0.02072,-0.01204,-0.00000,-0.00000,0.99993,-1.50000,0.00000,-0.00000
66160000000,-2.13900,-19.04006,0.02072,-0.01204,-0.00000,-0.00000,0.99993,-1.50000,0.00000,-0.00000
66180000000,-2.10901,-19.03934,0.02072,-0.01204,-0.00000,-0.00000,0.99993,-1.50000,0.00000,-0.00000
66200000000,-2.07902,-19.03861,0.02072,-0.01204,-0.00000,-0.00000,0.99993,-1.50000,0.00000,-0.00000
66220000000,-2.04902,-19.03789,0.02072,-0.01204,-0.00000,-0.00000,0.99993,-1.50000,0.00000,-0.00000
66240000000,-2.01903,-19.03717,0.02072,-0.01204,-0.00000,-0.00000,0.99993,-1.50000,0.00000,-0.00000
66260000000,-1.98904,-19.03645,0.02072,-0.01204,-0.00000,-0.00000,0.99993,-1.50000,0.00000,-0.00000
66280000000,-1.95905,-19.03572,0.02072,-0.01204,-0.00000,-0.00000,0.99993,-1.50000,0.00000,-0.00000
66300000000,-1.92906,-19.03500,0.02072,-0.01204,-0.00000,-0.00000,0.99993,-1.50000,0.00000,-0.00000
66320000000,-1.89907,-19.03428,0.02072,-0.01204,-0.00000,-0.00000,0.99993,-1.50000,0.00000,-0.00000
66340000000,-1.86908,-19.03356,0.02072,-0.01204,-0.00000,-0.00000,0.99993,-1.50000,0.00000,-0.00000
66360000000,-1.83908,-19.03283,0.02072,-0.01204,-0.00000,-0.00000,0.99993,-1.50000,0.00000,-0.00000
66380000000,-1.80909,-19.03211,0.02072,-0.01204,-0.00000,-0.00000,0.99993,-1.50000,0.00000,-0.00000
66400000000,-1.77910,-19.03139,0.02072,-0.01204,-0.00000,-0.00000,0.99993,-1.50000,0.00000,-0.00000
66420000000,-1.74911,-19.03067,0.02072,-0.01204,-0.00000,-0.00000,0.99993,-1.50000,0.00000,-0.00000
66440000000,-1.71912,-19.02994,0.02072,-0.01204,-0.00000,-0.00000,0.99993,-1.50000,0.00000,-0.00000
66460000000,-1.68913,-19.02922,0.02072,-0.01204,-0.00000,-0.00000,0.99993,-1.50000,0.00000,-0.00000
66480000000,-1.65914,-19.02850,0.02072,-0.01204,-0.00000,-0.00000,0.99993,-1.50000,0.00000,-0.00000
66500000000,-1.62915,-19.02778,0.02072,-0.01204,-0.00000,-0.00000,0.99993,-1.50000,0.00000,-0.00000
66520000000,-1.59915,-19.02705,0.02072,-0.01204,-0.00000,-0.00000,0.99993,-1.50000,0.00000,-0.00000
66540000000,-1.56916,-19.02633,0.02072,-0.01204,-0.00000,-0.00000,0.99993,-1.50000,0.00000,-0.00000
66560000000,-1.53917,-19.02561,0.02072,-0.01204,-0.00000,-0.00000,0.99993,-1.50000,0.00000,-0.00000
66580000000,-1.50918,-19.02489,0.02072,-0.01204,-0.00000,-0.00000,0.99993,-1.50000,0.00000,-0.00000
66600000000,-1.47919,-19.02416,0.02072,-0.01204,-0.00000,-0.00000,0.99993,-1.50000,0.00000,-0.00000
66620000000,-1.44920,-19.02344,0.02072,-0.01204,-0.00000,-0.00000,0.99993,-1.50000,0.00000,-0.00000
66640000000,-1.41921,-19.02272,0.02072,-0.01204,-0.00000,-0.00000,0.99993,-1.50000,0.00000,-0.00000
66660000000,-1.38922,-19.02200,0.02072,-0.01204,-0.00000,-0.00000,0.99993,-1.50000,0.00000,-0.00000
66680000000,-1.35922,-19.02127,0.02072,-0.01204,-0.00000,-0.00000,0.99993,-1.50000,0.00000,-0.00000
66700000000,-1.32923,-19.02055,0.02072,-0.01204,-0.00000,-0.00000,0.99993,-1.50000,0.00000,-0.00000
66720000000,-1.29924,-19.01983,0.02072,-0.01204,-0.00000,-0.00000,0.99993,-1.50000,0.00000,-0.00000
66740000000,-1.26925,-19.01911,0.02072,-0.01204,-0.00000,-0.00000,0.99993,-1.50000,0.00000,-0.00000
66760000000,-1.23926,-19.01839,0.02072,-0.01204,-0.00000,-0.00000,0.99993,-1.50000,0.00000,-0.00000
66780000000,-1.20927,-19.01766,0.02072,-0.01204,-0.00000,-0.00000,0.99993,-1.50000,0.00000,-0.00000
66800000000,-1.17928,-19.01694,0.02072,-0.01204,-0.00000,-0.00000,0.99993,-1.50000,0.00000,-0.00000
66820000000,-1.14928,-19.01622,0.02072,-0.01204,-0.00000,-0.00000,0.99993,-1.50000,0.00000,-0.00000
66840000000,-1.11929,-19.01550,0.02072,-0.01204,-0.00000,-0.00000,0.99993,-1.50000,0.00000,-0.00000
66860000000,-1.08930,-19.01477,0.02072,-0.01204,-0.00000,-0.00000,0.99993,-1.50000,0.00000,-0.00000
66880000000,-1.05931,-19.01405,0.02072,-0.01204,-0.00000,-0.00000,0.99993,-1.50000,0.00000,-0.00000
66900000000,-1.02932,-19.01333,0.02072,-0.01204,-0.00000,-0.00000,0.99993,-1.50000,0.00000,-0.00000
66920000000,-0.99933,-19.01261,0.02072,-0.01204,-0.00000,-0.00000,0.99993,-1.50000,0.00000,-0.00000
66940000000,-0.96934,-19.01188,0.02072,-0.01204,-0.00000,-0.00000,0.99993,-1.50000,0.00000,-0.00000
66960000000,-0.93935,-19.01116,0.02072,-0.01204,-0.00000,-0.00000,0.99993,-1.50000,0.00000,-0.00000
66980000000,-0.90935,-19.01044,0.02072,-0.01204,-0.00000,-0.00000,0.99993,-1.50000,0.00000,-0.00000
67000000000,-0.87936,-19.00972,0.02072,-0.01204,-0.00000,-0.00000,0.99993,-1.50000,0.00000,-0.00000
67020000000,-0.84937,-19.00899,0.02072,-0.01204,-0.00000,-0.00000,0.99993,-1.50000,0.00000,-0.00000
67040000000,-0.81938,-19.00827,0.02072,-0.01204,-0.00000,-0.00000,0.99993,-1.50000,0.00000,-0.00000
67060000000,-0.78939,-19.00755,0.02072,-0.01204,-0.00000,-0.00000,0.99993,-1.50000,0.00000,-0.00000
67080000000,-0.75940,-19.00683,0.02072,-0.01204,-0.00000,-0.00000,0.99993,-1.50000,0.00000,-0.00000
67100000000,-0.72941,-19.00610,0.02072,-0.01204,-0.00000,-0.00000,0.99993,-1.50000,0.00000,-0.00000
67120000000,-0.69942,-19.00538,0.02072,-0.01204,-0.00000,-0.00000,0.99993,-1.50000,0.00000,-0.00000
67140000000,-0.66942,-19.00466,0.02072,-0.01204,-0.00000,-0.00000,0.99993,-1.50000,0.00000,-0.00000
67160000000,-0.63943,-19.00394,0.02072,-0.01204,-0.00000,-0.00000,0.99993,-1.50000,0.00000,-0.00000
67180000000,-0.60944,-19.00321,0.02072,-0.01204,-0.00000,-0.00000,0.99993,-1.50000,0.00000,-0.00000
67200000000,-0.57945,-19.00249,0.02072,-0.01204,-0.00000,-0.00000,0.99993,-1.50000,0.00000,-0.00000
67220000000,-0.54946,-19.00177,0.02072,-0.01204,-0.00000,-0.00000,0.99993,-1.50000,0.00000,-0.00000
67240000000,-0.51947,-19.00105,0.02072,-0.01204,-0.00000,-0.00000,0.99993,-1.50000,0.00000,-0.00000
67260000000,-0.48948,-19.00032,0.02072,-0.01204,-0.00000,-0.00000,0.99993,-1.50000,0.00000,-0.00000
67280000000,-0.45949,-18.99960,0.02072,-0.01204,-0.00000,-0.00000,0.99993,-1.50000,0.00000,-0.00000
67300000000,-0.42949,-18.99888,0.02072,-0.01204,-0.00000,-0.00000,0.99993,-1.50000,0.00000,-0.00000
67320000000,-0.39950,-18.99816,0.02072,-0.01204,-0.00000,-0.00000,0.99993,-1.50000,0.00000,-0.00000
67340000000,-0.36951,-18.99743,0.02072,-0.01204,-0.00000,-0.00000,0.99993,-1.50000,0.00000,-0.00000
67360000000,-0.33952,-18.99671,0.02072,-0.01204,-0.00000,-0.00000,0.99993,-1.50000,0.00000,-0.00000
67380000000,-0.30953,-18.99599,0.02072,-0.01204,-0.00000,-0.00000,0.99993,-1.50000,0.00000,-0.00000
67400000000,-0.27954,-18.99527,0.02072,-0.01204,-0.00000,-0.00000,0.99993,-1.50000,0.00000,-0.00000
67420000000,-0.24955,-18.99454,0.02072,-0.01204,-0.00000,-0.00000,0.99993,-1.50000,0.00000,-0.00000
67440000000,-0.21955,-18.99382,0.02072,-0.01204,-0.00000,-0.00000,0.99993,-1.50000,0.00000,-0.00000
67460000000,-0.18956,-18.99310,0.02072,-0.01204,-0.00000,-0.00000,0.99993,-1.50000,0.00000,-0.00000
67480000000,-0.15957,-18.99238,0.02072,-0.01204,-0.00000,-0.00000,0.99993,-1.50000,0.00000,-0.00000
67500000000,-0.12958,-18.99165,0.02072,-0.01204,-0.00000,-0.00000,0.99993,-1.50000,0.00000,-0.00000
67520000000,-0.09959,-18.99093,0.02072,-0.01204,-0.00000,-0.00000,0.99993,-1.50000,0.00000,-0.00000
67540000000,-0.06960,-18.99021,0.02072,-0.01204,-0.00000,-0.00000,0.99993,-1.50000,0.00000,-0.00000
67560000000,-0.03961,-18.98949,0.02072,-0.01204,-0.00000,-0.00000,0.99993,-1.50000,0.00000,-0.00000
67580000000,-0.00962,-18.98876,0.02072,-0.01204,-0.00000,-0.00000,0.99993,-1.50000,0.00000,-0.00000
67600000000,0.02038,-18.98804,0.02072,-0.01204,-0.00000,-0.00000,0.99993,-1.50000,0.00000,-0.00000
67620000000,0.05037,-18.98732,0.02072,-0.01204,-0.00000,-0.00000,0.99993,-1.50000,0.00000,-0.00000
67640000000,0.08036,-18.98660,0.02072,-0.01204,-0.00000,-0.00000,0.99993,-1.50000,0.00000,-0.00000
67660000000,0.11035,-18.98587,0.02072,-0.01204,-0.00000,-0.00000,0.99993,-1.50000,0.00000,-0.00000
67680000000,0.14034,-18.98515,0.02072,-0.01204,-0.00000,-0.00000,0.99993,-1.50000,0.00000,-0.00000
67700000000,0.17033,-18.98443,0.02072,-0.01204,-0.00000,-0.00000,0.99993,-1.50000,0.00000,-0.00000
67720000000,0.20032,-18.98371,0.02072,-0.01204,-0.00000,-0.00000,0.99993,-1.50000,0.00000,-0.00000
67740000000,0.23031,-18.98298,0.02072,-0.01204,-0.00000,-0.00000,0.99993,-1.50000,0.00000,-0.00000
67760000000,0.26031,-18.98226,0.02072,-0.01204,-0.00000,-0.00000,0.99993,-1.50000,0.00000,-0.00000
67780000000,0.29030,-18.98154,0.02072,-0.01204,-0.00000,-0.00000,0.99993,-1.50000,0.00000,-0.00000
67800000000,0.32029,-18.98082,0.02072,-0.01204,-0.00000,-0.00000,0.99993,-1.50000,0.00000,-0.00000
67820000000,0.35028,-18.98009,0.02072,-0.01204,-0.00000,-0.00000,0.99993,-1.50000,0.00000,-0.00000
67840000000,0.38027,-18.97937,0.02072,-0.01204,-0.00000,-0.00000,0.99993,-1.50000,0.00000,-0.00000
67860000000,0.41026,-18.97865,0.02072,-0.01204,-0.00000,-0.00000,0.99993,-1.50000,0.00000,-0.00000
67880000000,0.44025,-18.97793,0.02072,-0.01204,-0.00000,-0.00000,0.99993,-1.50000,0.00000,-0.00000
67900000000,0.47025,-18.97720,0.02072,-0.01204,-0.00000,-0.00000,0.99993,-1.50000,0.00000,-0.00000
67920000000,0.50024,-18.97648,0.02072,-0.01204,-0.00000,-0.00000,0.99993,-1.50000,0.00000,-0.00000
67940000000,0.53023,-18.97576,0.02072,-0.01204,-0.00000,-0.00000,0.99993,-1.50000,0.00000,-0.00000
67960000000,0.56022,-18.97504,0.02072,-0.01204,-0.00000,-0.00000,0.99993,-1.50000,0.00000,-0.00000
67980000000,0.59021,-18.97431,0.02072,-0.01204,-0.00000,-0.00000,0.99993,-1.50000,0.00000,-0.00000
68000000000,0.62020,-18.97359,0.02072,-0.01204,-0.00000,-0.00000,0.99993,-1.50000,0.00000,-0.00000
68020000000,0.65019,-18.97287,0.02072,-0.01204,-0.00000,-0.00000,0.99993,-1.50000,0.00000,-0.00000
68040000000,0.68018,-18.97215,0.02072,-0.01204,-0.00000,-0.00000,0.99993,-1.50000,0.00000,-0.00000
68060000000,0.71018,-18.97142,0.02072,-0.01204,-0.00000,-0.00000,0.99993,-1.50000,0.00000,-0.00000
68080000000,0.74017,-18.97070,0.02072,-0.01204,-0.00000,-0.00000,0.99993,-1.50000,0.00000,-0.00000
68100000000,0.77016,-18.96998,0.02072,-0.01204,-0.00000,-0.00000,0.99993,-1.50000,0.00000,-0.00000
68120000000,0.80015,-18.96925,0.02072,-0.01204,-0.00000,-0.00000,0.99993,-1.50000,0.00000,-0.00000
68140000000,0.83014,-18.96853,0.02072,-0.01204,-0.00000,-0.00000,0.99993,-1.50000,0.00000,-0.00000
68160000000,0.86013,-18.96781,0.02072,-0.01204,-0.00000,-0.00000,0.99993,-1.50000,0.00000,-0.00000
68180000000,0.89012,-18.96709,0.02072,-0.01204,-0.00000,-0.00000,0.99993,-1.50000,0.00000,-0.00000
68200000000,0.92011,-18.96636,0.02072,-0.01204,-0.00000,-0.00000,0.99993,-1.50000,0.00000,-0.00000
68220000000,0.95011,-18.96564,0.02072,-0.01204,-0.00000,-0.00000,0.99993,-1.50000,0.00000,-0.00000
68240000000,0.98010,-18.96492,0.02072,-0.01204,-0.00000,-0.00000,0.99993,-1.50000,0.00000,-0.00000
68260000000,1.01009,-18.96420,0.02072,-0.01204,-0.00000,-0.00000,0.99993,-1.50000,0.00000,-0.00000
68280000000,1.04008,-18.96347,0.02072,-0.01204,-0.00000,-0.00000,0.99993,-1.50000,0.00000,-0.00000
68300000000,1.07007,-18.96275,0.02072,-0.01204,-0.00000,-0.00000,0.99993,-1.50000,0.00000,-0.00000
68320000000,1.10006,-18.96203,0.02072,-0.01204,-0.00000,-0.00000,0.99993,-1.50000,0.00000,-0.00000
68340000000,1.13005,-18.96131,0.02072,-0.01204,-0.00000,-0.00000,0.99993,-1.50000,0.00000,-0.00000
68360000000,1.16005,-18.96058,0.02072,-0.01204,-0.00000,-0.00000,0.99993,-1.50000,0.00000,-0.00000
68380000000,1.19004,-18.95986,0.02072,-0.01204,-0.00000,-0.00000,0.99993,-1.50000,0.00000,-0.00000
68400000000,1.22003,-18.95914,0.02072,-0.01204,-0.00000,-0.00000,0.99993,-1.50000,0.00000,-0.00000
68420000000,1.25002,-18.95842,0.02072,-0.01204,-0.00000,-0.00000,0.99993,-1.50000,0.00000,-0.00000
68440000000,1.28001,-18.95769,0.02072,-0.01204,-0.00000,-0.00000,0.99993,-1.50000,0.00000,-0.00000
68460000000,1.31000,-18.95697,0.02072,-0.01204,-0.00000,-0.00000,0.99993,-1.50000,0.00000,-0.00000
68480000000,1.33999,-18.95625,0.02072,-0.01204,-0.00000,-0.00000,0.99993,-1.50000,0.00000,-0.00000
68500000000,1.36998,-18.95553,0.02072,-0.01204,-0.00000,-0.00000,0.99993,-1.50000,0.00000,-0.00000
68520000000,1.39998,-18.95480,0.02072,-0.01204,-0.00000,-0.00000,0.99993,-1.50000,0.00000,-0.00000
68540000000,1.42997,-18.95408,0.02072,-0.01204,-0.00000,-0.00000,0.99993,-1.50000,0.00000,-0.00000
68560000000,1.45996,-18.95336,0.02072,-0.01204,-0.00000,-0.00000,0.99993,-1.50000,0.00000,-0.00000
68580000000,1.48995,-18.95264,0.02072,-0.01204,-0.00000,-0.00000,0.99993,-1.50000,0.00000,-0.00000
68600000000,1.51994,-18.95191,0.02072,-0.01204,-0.00000,-0.00000,0.99993,-1.50000,0.00000,-0.00000
68620000000,1.54993,-18.95119,0.02072,-0.01204,-0.00000,-0.00000,0.99993,-1.50000,0.00000,-0.00000
68640000000,1.57992,-18.95047,0.02072,-0.01204,-0.00000,-0.00000,0.99993,-1.50000,0.00000,-0.00000
68660000000,1.60991,-18.94975,0.02072,-0.01204,-0.00000,-0.00000,0.99993,-1.50000,0.00000,-0.00000
68680000000,1.63991,-18.94902,0.02072,-0.01204,-0.00000,-0.00000,0.99993,-1.50000,0.00000,-0.00000
68700000000,1.66990,-18.94830,0.02072,-0.01204,-0.00000,-0.00000,0.99993,-1.50000,0.00000,-0.00000
68720000000,1.69989,-18.94758,0.02072,-0.01204,-0.00000,-0.00000,0.99993,-1.50000,0.00000,-0.00000
68740000000,1.72988,-18.94686,0.02072,-0.01204,-0.00000,-0.00000,0.99993,-1.50000,0.00000,-0.00000
68760000000,1.75987,-18.94613,0.02072,-0.01204,-0.00000,-0.00000,0.99993,-1.50000,0.00000,-0.00000
68780000000,1.78986,-18.94541,0.02072,-0.01204,-0.00000,-0.00000,0.99993,-1.50000,0.00000,-0.00000
68800000000,1.81985,-18.94469,0.02072,-0.01204,-0.00000,-0.00000,0.99993,-1.50000,0.00000,-0.00000
68820000000,1.84984,-18.94397,0.02072,-0.01204,-0.00000,-0.00000,0.99993,-1.50000,0.00000,-0.00000
68840000000,1.87984,-18.94324,0.02072,-0.01204,-0.00000,-0.00000,0.99993,-1.50000,0.00000,-0.00000
68860000000,1.90983,-18.94252,0.02072,-0.01204,-0.00000,-0.00000,0.99993,-1.50000,0.00000,-0.00000
68880000000,1.93982,-18.94180,0.02072,-0.01204,-0.00000,-0.00000,0.99993,-1.50000,0.00000,-0.00000
68900000000,1.96981,-18.94108,0.02072,-0.01204,-0.00000,-0.00000,0.99993,-1.50000,0.00000,-0.00000
68920000000,1.99980,-18.94035,0.02072,-0.01204,-0.00000,-0.00000,0.99993,-1.50000,0.00000,-0.00000
68940000000,2.02979,-18.93963,0.02072,-0.01204,-0.00000,-0.00000,0.99993,-1.50000,0.00000,-0.00000
68960000000,2.05978,-18.93891,0.02072,-0.01204,-0.00000,-0.00000,0.99993,-1.50000,0.00000,-0.00000
68980000000,2.08978,-18.93819,0.02072,-0.01204,-0.00000,-0.00000,0.99993,-1.50000,0.00000,-0.00000
69000000000,2.11977,-18.93746,0.02072,-0.01204,-0.00000,-0.00000,0.99993,-1.50000,0.00000,-0.00000
69020000000,2.14976,-18.93674,0.02072,-0.01204,-0.00000,-0.00000,0.99993,-1.50000,0.00000,-0.00000
69040000000,2.17975,-18.93602,0.02072,-0.01204,-0.00000,-0.00000,0.99993,-1.50000,0.00000,-0.00000
69060000000,2.20974,-18.93530,0.02072,-0.01204,-0.00000,-0.00000,0.99993,-1.50000,0.00000,-0.00000
69080000000,2.23973,-18.93457,0.02072,-0.01204,-0.00000,-0.00000,0.99993,-1.50000,0.00000,-0.00000
69100000000,2.26972,-18.93385,0.02072,-0.01204,-0.00000,-0.00000,0.99993,-1.50000,0.00000,-0.00000
69120000000,2.29971,-18.93313,0.02072,-0.01204,-0.00000,-0.00000,0.99993,-1.50000,0.00000,-0.00000
69140000000,2.32971,-18.93241,0.02072,-0.01204,-0.00000,-0.00000,0.99993,-1.50000,0.00000,-0.00000
69160000000,2.35970,-18.93168,0.02072,-0.01204,-0.00000,-0.00000,0.99993,-1.50000,0.00000,-0.00000
69180000000,2.38969,-18.93096,0.02072,-0.01204,-0.00000,-0.00000,0.99993,-1.50000,0.00000,-0.00000
69200000000,2.41968,-18.93024,0.02072,-0.01204,-0.00000,-0.00000,0.99993,-1.50000,0.00000,-0.00000
69220000000,2.44967,-18.92952,0.02072,-0.01204,-0.00000,-0.00000,0.99993,-1.50000,0.00000,-0.00000
69240000000,2.47966,-18.92879,0.02072,-0.01204,-0.00000,-0.00000,0.99993,-1.50000,0.00000,-0.00000
69260000000,2.50965,-18.92807,0.02072,-0.01204,-0.00000,-0.00000,0.99993,-1.50000,0.00000,-0.00000
69280000000,2.53964,-18.92735,0.02072,-0.01204,-0.00000,-0.00000,0.99993,-1.50000,0.00000,-0.00000
69300000000,2.56964,-18.92663,0.02072,-0.01204,-0.00000,-0.00000,0.99993,-1.50000,0.00000,-0.00000
69320000000,2.59963,-18.92590,0.02072,-0.01204,-0.00000,-0.00000,0.99993,-1.50000,0.00000,-0.00000
69340000000,2.62962,-18.92518,0.02072,-0.01204,-0.00000,-0.00000,0.99993,-1.50000,0.00000,-0.00000
69360000000,2.65961,-18.92446,0.02072,-0.01204,-0.00000,-0.00000,0.99993,-1.50000,0.00000,-0.00000
69380000000,2.68960,-18.92374,0.02072,-0.01204,-0.00000,-0.00000,0.99993,-1.50000,0.00000,-0.00000
69400000000,2.71959,-18.92301,0.02072,-0.01204,-0.00000,-0.00000,0.99993,-1.50000,0.00000,-0.00000
69420000000,2.74937,-18.92230,0.02072,-0.01204,-0.00000,-0.00000,0.99993,-1.47910,0.00000,0.00000
69440000000,2.77864,-18.92159,0.02072,-0.01204,-0.00000,-0.00000,0.99993,-1.46030,0.00000,0.00000
69460000000,2.80759,-18.92089,0.02072,-0.01204,-0.00000,-0.00000,0.99993,-1.44430,0.00000,0.00000
69480000000,2.83631,-18.92020,0.02072,-0.01204,-0.00000,-0.00000,0.99993,-1.43600,0.00000,-0.00000
69500000000,2.86467,-18.91952,0.02072,-0.01204,-0.00000,-0.00000,0.99993,-1.41070,0.00000,0.00000
69520000000,2.89257,-18.91885,0.02072,-0.01204,-0.00000,-0.00000,0.99993,-1.38850,0.00000,0.00000
69540000000,2.92029,-18.91818,0.02072,-0.01204,-0.00000,-0.00000,0.99993,-1.38500,0.00000,0.00000
69560000000,2.94762,-18.91752,0.02072,-0.01204,0.00000,-0.00000,0.99993,-1.36110,0.00000,0.00000
69580000000,2.97464,-18.91687,0.02072,-0.01204,0.00000,-0.00000,0.99993,-1.34670,0.00000,0.00000
69600000000,3.00138,-18.91622,0.02072,-0.01204,0.00000,-0.00000,0.99993,-1.33550,0.00000,0.00000
69620000000,3.02786,-18.91559,0.02072,-0.01204,-0.00000,-0.00000,0.99993,-1.32400,0.00000,0.00000
69640000000,3.05400,-18.91496,0.02072,-0.01204,0.00000,-0.00000,0.99993,-1.29600,0.00000,0.00000
69660000000,3.07979,-18.91434,0.02072,-0.01204,0.00000,-0.00000,0.99993,-1.28750,0.00000,0.00000
69680000000,3.10519,-18.91372,0.02072,-0.01204,0.00000,-0.00000,0.99993,-1.26510,0.00000,0.00000
69700000000,3.13034,-18.91312,0.02072,-0.01204,0.00000,-0.00000,0.99993,-1.25550,0.00000,0.00000
69720000000,3.15522,-18.91252,0.02072,-0.01204,0.00000,-0.00000,0.99993,-1.24400,0.00000,0.00000
69740000000,3.17969,-18.91193,0.02072,-0.01204,0.00000,-0.00000,0.99993,-1.21420,0.00000,0.00000
69760000000,3.20388,-18.91135,0.02072,-0.01204,0.00000,-0.00000,0.99993,-1.20750,0.00000,0.00000
69780000000,3.22771,-18.91077,0.02072,-0.01204,0.00000,-0.00000,0.99993,-1.18700,0.00000,0.00000
69800000000,3.25132,-18.91020,0.02072,-0.01204,0.00000,-0.00000,0.99993,-1.18100,0.00000,0.00000
69820000000,3.27481,-18.90964,0.02072,-0.01204,0.00000,-0.00000,0.99993,-1.16900,0.00000,0.00000
69840000000,3.29781,-18.90908,0.02072,-0.01204,0.00000,-0.00000,0.99993,-1.13900,0.00000,0.00000
69860000000,3.32037,-18.90854,0.02072,-0.01204,0.00000,-0.00000,0.99993,-1.12190,0.00000,0.00000
69880000000,3.34279,-18.90800,0.02072,-0.01204,0.00000,-0.00000,0.99993,-1.12100,0.00000,0.00000
69900000000,3.36520,-18.90746,0.02072,-0.01204,0.00000,-0.00000,0.99993,-1.12100,0.00000,0.00000
69920000000,3.38742,-18.90692,0.02072,-0.01204,0.00000,-0.00000,0.99993,-1.10180,0.00000,0.00000
69940000000,3.40901,-18.90640,0.02072,-0.01204,0.00000,-0.00000,0.99993,-1.06940,0.00000,0.00000
69960000000,3.43020,-18.90589,0.02072,-0.01204,0.00000,-0.00000,0.99993,-1.05920,0.00000,0.00000
69980000000,3.45103,-18.90539,0.02072,-0.01204,0.00000,-0.00000,0.99993,-1.03700,0.00000,0.00000
70000000000,3.47164,-18.90490,0.02072,-0.01204,0.00000,-0.00000,0.99993,-1.03100,0.00000,0.00000
70020000000,3.49184,-18.90441,0.02072,-0.01204,0.00000,-0.00000,0.99993,-1.00190,0.00000,0.00000
70040000000,3.51173,-18.90393,0.02072,-0.01204,0.00000,-0.00000,0.99993,-0.98900,0.00000,0.00000
70060000000,3.53127,-18.90346,0.02072,-0.01204,0.00000,-0.00000,0.99993,-0.97100,0.00000,0.00000
70080000000,3.55059,-18.90299,0.02072,-0.01204,0.00000,-0.00000,0.99993,-0.96200,0.00000,0.00000
70100000000,3.56960,-18.90254,0.02072,-0.01204,0.00000,-0.00000,0.99993,-0.94550,0.00000,0.00000
70120000000,3.58840,-18.90208,0.02072,-0.01204,0.00000,-0.00000,0.99993,-0.93920,0.00000,0.00000
70140000000,3.60680,-18.90164,0.02072,-0.01204,0.00000,-0.00000,0.99993,-0.91400,0.00000,0.00000
70160000000,3.62493,-18.90120,0.02072,-0.01204,0.00000,-0.00000,0.99993,-0.90350,0.00000,0.00000
70180000000,3.64273,-18.90077,0.02072,-0.01204,0.00000,-0.00000,0.99993,-0.88400,0.00000,0.00000
70200000000,3.66025,-18.90035,0.02072,-0.01204,0.00000,-0.00000,0.99993,-0.87200,0.00000,0.00000
70220000000,3.67757,-18.89993,0.02072,-0.01204,0.00000,-0.00000,0.99993,-0.86600,0.00000,0.00000
70240000000,3.69454,-18.89953,0.02072,-0.01204,0.00000,-0.00000,0.99993,-0.84050,0.00000,0.00000
70260000000,3.71125,-18.89912,0.02072,-0.01204,0.00000,-0.00000,0.99993,-0.83600,0.00000,0.00000
70280000000,3.72778,-18.89872,0.02072,-0.01204,0.00000,-0.00000,0.99993,-0.82100,0.00000,0.00000
70300000000,3.74406,-18.89833,0.02072,-0.01204,0.00000,-0.00000,0.99993,-0.80780,0.00000,0.00000
70320000000,3.75989,-18.89795,0.02072,-0.01204,0.00000,-0.00000,0.99993,-0.78050,0.00000,0.00000
70340000000,3.77524,-18.89758,0.02072,-0.01204,0.00000,-0.00000,0.99993,-0.76130,0.00000,0.00000
70360000000,3.79045,-18.89721,0.02072,-0.01204,0.00000,-0.00000,0.99993,-0.76100,0.00000,0.00000
70380000000,3.80535,-18.89686,0.02072,-0.01204,0.00000,-0.00000,0.99993,-0.74000,0.00000,0.00000
70400000000,3.81997,-18.89650,0.02072,-0.01204,0.00000,-0.00000,0.99993,-0.73100,0.00000,0.00000
70420000000,3.83440,-18.89616,0.02072,-0.01204,0.00000,-0.00000,0.99993,-0.71600,0.00000,0.00000
70440000000,3.84844,-18.89582,0.02072,-0.01204,0.00000,-0.00000,0.99993,-0.70010,0.00000,0.00000
70460000000,3.86208,-18.89549,0.02072,-0.01204,0.00000,-0.00000,0.99993,-0.67700,0.00000,0.00000
70480000000,3.87542,-18.89517,0.02072,-0.01204,0.00000,-0.00000,0.99993,-0.66350,0.00000,0.00000
70500000000,3.88853,-18.89485,0.02072,-0.01204,0.00000,-0.00000,0.99993,-0.65570,0.00000,0.00000
70520000000,3.90126,-18.89455,0.02072,-0.01204,0.00000,-0.00000,0.99993,-0.63050,0.00000,0.00000
70540000000,3.91369,-18.89425,0.02072,-0.01204,0.00000,-0.00000,0.99993,-0.61700,0.00000,0.00000
70560000000,3.92590,-18.89395,0.02072,-0.01204,0.00000,-0.00000,0.99993,-0.61100,0.00000,0.00000
70580000000,3.93789,-18.89366,0.02072,-0.01204,0.00000,-0.00000,0.99993,-0.59420,0.00000,0.00000
70600000000,3.94941,-18.89339,0.02072,-0.01204,0.00000,-0.00000,0.99993,-0.57050,0.00000,0.00000
70620000000,3.96059,-18.89312,0.02072,-0.01204,0.00000,-0.00000,0.99993,-0.55280,0.00000,0.00000
70640000000,3.97141,-18.89286,0.02072,-0.01204,0.00000,-0.00000,0.99993,-0.53600,0.00000,0.00000
70660000000,3.98213,-18.89260,0.02072,-0.01204,0.00000,-0.00000,0.99993,-0.53600,0.00000,0.00000
70680000000,3.99248,-18.89235,0.02072,-0.01204,0.00000,-0.00000,0.99993,-0.50900,0.00000,0.00000
70700000000,4.00253,-18.89211,0.02072,-0.01204,0.00000,-0.00000,0.99993,-0.49850,0.00000,0.00000
70720000000,4.01228,-18.89187,0.02072,-0.01204,0.00000,-0.00000,0.99993,-0.48500,0.00000,0.00000
70740000000,4.02175,-18.89164,0.02072,-0.01204,0.00000,-0.00000,0.99993,-0.47150,0.00000,0.00000
70760000000,4.03078,-18.89143,0.02072,-0.01204,0.00000,-0.00000,0.99993,-0.44600,0.00000,0.00000
70780000000,4.03969,-18.89121,0.02072,-0.01204,0.00000,-0.00000,0.99993,-0.44600,0.00000,-0.00000
70800000000,4.04836,-18.89100,0.02072,-0.01204,0.00000,-0.00000,0.99993,-0.42230,0.00000,0.00000
70820000000,4.05667,-18.89080,0.02072,-0.01204,0.00000,-0.00000,0.99993,-0.41600,0.00000,-0.00000
70840000000,4.06475,-18.89061,0.02072,-0.01204,0.00000,-0.00000,0.99993,-0.40070,0.00000,0.00000
70860000000,4.07238,-18.89042,0.02072,-0.01204,0.00000,-0.00000,0.99993,-0.37550,0.00000,0.00000
70880000000,4.07972,-18.89025,0.02072,-0.01204,0.00000,-0.00000,0.99993,-0.36350,0.00000,0.00000
70900000000,4.08660,-18.89008,0.02072,-0.01204,0.00000,-0.00000,0.99993,-0.34100,0.00000,0.00000
70920000000,4.09322,-18.88992,0.02072,-0.01204,0.00000,-0.00000,0.99993,-0.32600,0.00000,-0.00000
70940000000,4.09964,-18.88977,0.02072,-0.01204,0.00000,-0.00000,0.99993,-0.31550,0.00000,0.00000
70960000000,4.10586,-18.88962,0.02072,-0.01204,0.00000,-0.00000,0.99993,-0.31100,0.00000,-0.00000
70980000000,4.11179,-18.88947,0.02072,-0.01204,0.00000,-0.00000,0.99993,-0.29000,0.00000,0.00000
71000000000,4.11735,-18.88934,0.02072,-0.01204,0.00000,-0.00000,0.99993,-0.27500,0.00000,0.00000
71020000000,4.12253,-18.88921,0.02072,-0.01204,0.00000,-0.00000,0.99993,-0.25280,0.00000,0.00000
71040000000,4.12749,-18.88910,0.02072,-0.01204,0.00000,-0.00000,0.99993,-0.24500,0.00000,0.00000
71060000000,4.13200,-18.88899,0.02072,-0.01204,0.00000,-0.00000,0.99993,-0.22100,0.00000,-0.00000
71080000000,4.13630,-18.88888,0.02072,-0.01204,0.00000,-0.00000,0.99993,-0.20900,0.00000,0.00000
71100000000,4.14033,-18.88879,0.02072,-0.01204,0.00000,-0.00000,0.99993,-0.19700,0.00000,0.00000
71120000000,4.14399,-18.88870,0.02072,-0.01204,0.00000,-0.00000,0.99993,-0.17690,0.00000,0.00000
71140000000,4.14751,-18.88861,0.02072,-0.01204,0.00000,-0.00000,0.99993,-0.17570,0.00000,-0.00000
71160000000,4.15064,-18.88854,0.02072,-0.01204,0.00000,-0.00000,0.99993,-0.15050,0.00000,0.00000
71180000000,4.15356,-18.88847,0.02072,-0.01204,0.00000,-0.00000,0.99993,-0.14600,0.00000,-0.00000
71200000000,4.15608,-18.88841,0.02072,-0.01204,0.00000,-0.00000,0.99993,-0.11630,0.00000,0.00000
71220000000,4.15832,-18.88835,0.02072,-0.01204,0.00000,-0.00000,0.99993,-0.10850,0.00000,0.00000
71240000000,4.16019,-18.88831,0.02072,-0.01204,0.00000,-0.00000,0.99993,-0.08690,0.00000,0.00000
71260000000,4.16191,-18.88827,0.02072,-0.01204,0.00000,-0.00000,0.99993,-0.08600,0.00000,-0.00000
71280000000,4.16339,-18.88823,0.02072,-0.01204,0.00000,-0.00000,0.99993,-0.06800,0.00000,0.00000
71300000000,4.16451,-18.88820,0.02072,-0.01204,0.00000,-0.00000,0.99993,-0.05600,0.00000,-0.00000
71320000000,4.16543,-18.88818,0.02072,-0.01204,0.00000,-0.00000,0.99993,-0.04100,0.00000,-0.00000
71340000000,4.16598,-18.88817,0.02072,-0.01204,0.00000,-0.00000,0.99993,-0.02600,0.00000,-0.00000
71360000000,4.16614,-18.88816,0.02072,-0.01204,0.00000,-0.00000,0.99993,0.00100,0.00000,0.00000
71380000000,4.16594,-18.88817,0.02072,-0.01204,0.00000,-0.00000,0.99993,0.01600,0.00000,0.00000
71400000000,4.16556,-18.88818,0.02072,-0.01204,0.00000,-0.00000,0.99993,0.01900,-0.00000,-0.00000
71420000000,4.16490,-18.88819,0.02072,-0.01204,0.00000,-0.00000,0.99993,0.04450,0.00000,0.00000
71440000000,4.16381,-18.88822,0.02072,-0.01204,0.00000,-0.00000,0.99993,0.05950,0.00000,0.00000
71460000000,4.16244,-18.88825,0.02072,-0.01204,0.00000,-0.00000,0.99993,0.07300,0.00000,0.00000
71480000000,4.16085,-18.88829,0.02072,-0.01204,0.00000,-0.00000,0.99993,0.08080,0.00000,0.00000
71500000000,4.15884,-18.88834,0.02072,-0.01204,0.00000,-0.00000,0.99993,0.10720,0.00000,0.00000
71520000000,4.15655,-18.88840,0.02072,-0.01204,0.00000,-0.00000,0.99993,0.11950,0.00000,0.00000
71540000000,4.15386,-18.88846,0.02072,-0.01204,0.00000,-0.00000,0.99993,0.13900,-0.00000,-0.00000
71560000000,4.15108,-18.88853,0.02072,-0.01204,0.00000,-0.00000,0.99993,0.13900,-0.00000,-0.00000
71580000000,4.14812,-18.88860,0.02072,-0.01204,0.00000,-0.00000,0.99993,0.15400,0.00000,-0.00000
71600000000,4.14485,-18.88868,0.02072,-0.01204,0.00000,-0.00000,0.99993,0.16900,-0.00000,-0.00000
71620000000,4.14119,-18.88877,0.02072,-0.01204,0.00000,-0.00000,0.99993,0.19450,0.00000,0.00000
71640000000,4.13721,-18.88886,0.02072,-0.01204,0.00000,-0.00000,0.99993,0.19900,-0.00000,-0.00000
71660000000,4.13297,-18.88896,0.02072,-0.01204,0.00000,-0.00000,0.99993,0.22270,0.00000,0.00000
71680000000,4.12835,-18.88907,0.02072,-0.01204,0.00000,-0.00000,0.99993,0.23350,0.00000,0.00000
71700000000,4.12331,-18.88920,0.02072,-0.01204,0.00000,-0.00000,0.99993,0.25870,0.00000,-0.00000
71720000000,4.11808,-18.88932,0.02072,-0.01204,0.00000,-0.00000,0.99993,0.26350,0.00000,0.00000
71740000000,4.11239,-18.88946,0.02072,-0.01204,0.00000,-0.00000,0.99993,0.28900,-0.00000,-0.00000
71760000000,4.10651,-18.88960,0.02072,-0.01204,0.00000,-0.00000,0.99993,0.29950,0.00000,0.00000
71780000000,4.10043,-18.88975,0.02072,-0.01204,0.00000,-0.00000,0.99993,0.30400,-0.00000,-0.00000
71800000000,4.09410,-18.88990,0.02072,-0.01204,0.00000,-0.00000,0.99993,0.32770,0.00000,0.00000
71820000000,4.08739,-18.89006,0.02072,-0.01204,0.00000,-0.00000,0.99993,0.33700,0.00000,-0.00000
71840000000,4.08037,-18.89023,0.02072,-0.01204,0.00000,-0.00000,0.99993,0.35350,0.00000,0.00000
71860000000,4.07302,-18.89041,0.02072,-0.01204,0.00000,-0.00000,0.99993,0.37150,0.00000,0.00000
71880000000,4.06543,-18.89059,0.02072,-0.01204,0.00000,-0.00000,0.99993,0.37990,0.00000,-0.00000
71900000000,4.05756,-18.89078,0.02072,-0.01204,0.00000,-0.00000,0.99993,0.39400,-0.00000,-0.00000
71920000000,4.04941,-18.89098,0.02072,-0.01204,0.00000,-0.00000,0.99993,0.40930,0.00000,-0.00000
71940000000,4.04081,-18.89118,0.02072,-0.01204,0.00000,-0.00000,0.99993,0.43720,0.00000,-0.00000
71960000000,4.03192,-18.89140,0.02072,-0.01204,0.00000,-0.00000,0.99993,0.45100,0.00000,-0.00000
71980000000,4.02273,-18.89162,0.02072,-0.01204,0.00000,-0.00000,0.99993,0.46450,0.00000,-0.00000
72000000000,4.01315,-18.89185,0.02072,-0.01204,0.00000,-0.00000,0.99993,0.48400,-0.00000,-0.00000
72020000000,4.00335,-18.89209,0.02072,-0.01204,0.00000,-0.00000,0.99993,0.49600,0.00000,-0.00000
72040000000,3.99337,-18.89233,0.02072,-0.01204,0.00000,-0.00000,0.99993,0.49900,-0.00000,-0.00000
72060000000,3.98314,-18.89257,0.02072,-0.01204,0.00000,-0.00000,0.99993,0.52270,0.00000,0.00000
72080000000,3.97255,-18.89283,0.02072,-0.01204,0.00000,-0.00000,0.99993,0.53080,0.00000,-0.00000
72100000000,3.96167,-18.89309,0.02072,-0.01204,0.00000,-0.00000,0.99993,0.54400,-0.00000,-0.00000
72120000000,3.95058,-18.89336,0.02072,-0.01204,0.00000,-0.00000,0.99993,0.55930,0.00000,-0.00000
72140000000,3.93912,-18.89363,0.02072,-0.01204,0.00000,-0.00000,0.99993,0.57490,0.00000,-0.00000
72160000000,3.92734,-18.89392,0.02072,-0.01204,0.00000,-0.00000,0.99993,0.58990,0.00000,-0.00000
72180000000,3.91512,-18.89421,0.02072,-0.01204,0.00000,-0.00000,0.99993,0.61810,0.00000,-0.00000
72200000000,3.90264,-18.89451,0.02072,-0.01204,0.00000,-0.00000,0.99993,0.62950,0.00000,-0.00000
72220000000,3.88996,-18.89482,0.02072,-0.01204,0.00000,-0.00000,0.99993,0.63400,-0.00000,-0.00000
72240000000,3.87699,-18.89513,0.02072,-0.01204,0.00000,-0.00000,0.99993,0.65350,0.00000,-0.00000
72260000000,3.86364,-18.89545,0.02072,-0.01204,0.00000,-0.00000,0.99993,0.67150,0.00000,-0.00000
72280000000,3.84988,-18.89578,0.02072,-0.01204,0.00000,-0.00000,0.99993,0.69400,0.00000,-0.00000
72300000000,3.83590,-18.89612,0.02072,-0.01204,0.00000,-0.00000,0.99993,0.70450,0.00000,-0.00000
72320000000,3.82172,-18.89646,0.02072,-0.01204,0.00000,-0.00000,0.99993,0.70900,-0.00000,-0.00000
72340000000,3.80723,-18.89681,0.02072,-0.01204,0.00000,-0.00000,0.99993,0.73600,0.00000,-0.00000
72360000000,3.79246,-18.89717,0.02072,-0.01204,0.00000,-0.00000,0.99993,0.73900,-0.00000,-0.00000
72380000000,3.77735,-18.89753,0.02072,-0.01204,0.00000,-0.00000,0.99993,0.76000,0.00000,-0.00000
72400000000,3.76197,-18.89790,0.02072,-0.01204,0.00000,-0.00000,0.99993,0.76990,0.00000,-0.00000
72420000000,3.74615,-18.89828,0.02072,-0.01204,0.00000,-0.00000,0.99993,0.79810,0.00000,-0.00000
72440000000,3.73010,-18.89867,0.02072,-0.01204,0.00000,-0.00000,0.99993,0.80650,0.00000,-0.00000
72460000000,3.71382,-18.89906,0.02072,-0.01204,0.00000,-0.00000,0.99993,0.81400,-0.00000,-0.00000
72480000000,3.69717,-18.89946,0.02072,-0.01204,0.00000,-0.00000,0.99993,0.84310,0.00000,-0.00000
72500000000,3.68030,-18.89987,0.02072,-0.01204,0.00000,-0.00000,0.99993,0.84400,-0.00000,-0.00000
72520000000,3.66311,-18.90028,0.02072,-0.01204,0.00000,-0.00000,0.99993,0.87100,0.00000,-0.00000
72540000000,3.64559,-18.90070,0.02072,-0.01204,0.00000,-0.00000,0.99993,0.87850,0.00000,-0.00000
72560000000,3.62760,-18.90114,0.02072,-0.01204,0.00000,-0.00000,0.99993,0.90400,-0.00000,-0.00000
72580000000,3.60952,-18.90157,0.02072,-0.01204,0.00000,-0.00000,0.99993,0.90490,0.00000,-0.00000
72600000000,3.59098,-18.90202,0.02072,-0.01204,0.00000,-0.00000,0.99993,0.93400,0.00000,-0.00000
72620000000,3.57227,-18.90247,0.02072,-0.01204,0.00000,-0.00000,0.99993,0.93700,0.00000,-0.00000
72640000000,3.55325,-18.90293,0.02072,-0.01204,0.00000,-0.00000,0.99993,0.95350,0.00000,-0.00000
72660000000,3.53380,-18.90340,0.02072,-0.01204,0.00000,-0.00000,0.99993,0.97900,0.00000,-0.00000
72680000000,3.51410,-18.90387,0.02072,-0.01204,0.00000,-0.00000,0.99993,0.99100,0.00000,-0.00000
72700000000,3.49402,-18.90436,0.02072,-0.01204,0.00000,-0.00000,0.99993,1.00900,-0.00000,-0.00000
72720000000,3.47384,-18.90484,0.02072,-0.01204,0.00000,-0.00000,0.99993,1.00990,0.00000,-0.00000
72740000000,3.45328,-18.90534,0.02072,-0.01204,0.00000,-0.00000,0.99993,1.03300,0.00000,-0.00000
72760000000,3.43248,-18.90584,0.02072,-0.01204,0.00000,-0.00000,0.99993,1.04200,0.00000,-0.00000
72780000000,3.41124,-18.90635,0.02072,-0.01204,0.00000,-0.00000,0.99993,1.06870,0.00000,-0.00000
72800000000,3.38983,-18.90687,0.02072,-0.01204,0.00000,-0.00000,0.99993,1.07200,0.00000,-0.00000
72820000000,3.36816,-18.90739,0.02072,-0.01204,0.00000,-0.00000,0.99993,1.08400,-0.00000,-0.00000
72840000000,3.34625,-18.90792,0.02072,-0.01204,0.00000,-0.00000,0.99993,1.09900,-0.00000,-0.00000
72860000000,3.32405,-18.90845,0.02072,-0.01204,0.00000,-0.00000,0.99993,1.12060,0.00000,-0.00000
72880000000,3.30147,-18.90900,0.02072,-0.01204,0.00000,-0.00000,0.99993,1.12990,0.00000,-0.00000
72900000000,3.27854,-18.90955,0.02072,-0.01204,0.00000,-0.00000,0.99993,1.15000,0.00000,-0.00000
72920000000,3.25536,-18.91011,0.02072,-0.01204,0.00000,-0.00000,0.99993,1.15990,0.00000,-0.00000
72940000000,3.23179,-18.91067,0.02072,-0.01204,0.00000,-0.00000,0.99993,1.18450,0.00000,-0.00000
72960000000,3.20801,-18.91125,0.02072,-0.01204,0.00000,-0.00000,0.99993,1.18990,0.00000,-0.00000
72980000000,3.18393,-18.91183,0.02072,-0.01204,0.00000,-0.00000,0.99993,1.20490,0.00000,-0.00000
73000000000,3.15957,-18.91241,0.02072,-0.01204,0.00000,-0.00000,0.99993,1.21900,-0.00000,-0.00000
73020000000,3.13484,-18.91301,0.02072,-0.01204,0.00000,-0.00000,0.99993,1.24300,0.00000,-0.00000
73040000000,3.10982,-18.91361,0.02072,-0.01204,0.00000,-0.00000,0.99993,1.25350,0.00000,-0.00000
73060000000,3.08438,-18.91423,0.02072,-0.01204,0.00000,-0.00000,0.99993,1.27870,0.00000,-0.00000
73080000000,3.05873,-18.91484,0.02072,-0.01204,0.00000,-0.00000,0.99993,1.28650,0.00000,-0.00000
73100000000,3.03286,-18.91547,0.02072,-0.01204,0.00000,-0.00000,0.99993,1.29400,-0.00000,-0.00000
73120000000,3.00666,-18.91610,0.02072,-0.01204,0.00000,-0.00000,0.99993,1.31500,0.00000,-0.00000
73140000000,2.98014,-18.91674,0.02072,-0.01204,0.00000,-0.00000,0.99993,1.32850,0.00000,-0.00000
73160000000,2.95328,-18.91738,0.02072,-0.01204,0.00000,-0.00000,0.99993,1.34800,0.00000,-0.00000
73180000000,2.92616,-18.91804,0.02072,-0.01204,0.00000,-0.00000,0.99993,1.35850,0.00000,-0.00000
73200000000,2.89877,-18.91870,0.02072,-0.01204,0.00000,-0.00000,0.99993,1.37080,0.00000,-0.00000
73220000000,2.87100,-18.91937,0.02072,-0.01204,0.00000,-0.00000,0.99993,1.39450,0.00000,-0.00000
73240000000,2.84291,-18.92004,0.02072,-0.01204,0.00000,-0.00000,0.99993,1.41100,0.00000,-0.00000
73260000000,2.81455,-18.92073,0.02072,-0.01204,0.00000,-0.00000,0.99993,1.42300,0.00000,-0.00000
73280000000,2.78578,-18.92142,0.02072,-0.01204,0.00000,-0.00000,0.99993,1.44400,-0.00000,-0.00000
73300000000,2.75676,-18.92212,0.02072,-0.01204,0.00000,-0.00000,0.99993,1.45810,0.00000,-0.00000
73320000000,2.72759,-18.92282,0.02072,-0.01204,0.00000,-0.00000,0.99993,1.45900,-0.00000,-0.00000
73340000000,2.69813,-18.92353,0.02072,-0.01204,0.00000,-0.00000,0.99993,1.48450,0.00000,-0.00000
73360000000,2.66836,-18.92425,0.02072,-0.01204,0.00000,-0.00000,0.99993,1.48930,0.00000,-0.00000
73380000000,2.63837,-18.92497,0.02072,-0.01204,0.00000,-0.00000,0.99993,1.50000,-0.00000,-0.00000
73400000000,2.60838,-18.92569,0.02072,-0.01204,0.00000,-0.00000,0.99993,1.50000,-0.00000,-0.00000
73420000000,2.57839,-18.92642,0.02072,-0.01204,-0.00000,-0.00000,0.99993,1.50000,-0.00000,-0.00000
73440000000,2.54840,-18.92714,0.02072,-0.01204,-0.00000,-0.00000,0.99993,1.50000,-0.00000,-0.00000
73460000000,2.51841,-18.92786,0.02072,-0.01204,-0.00000,-0.00000,0.99993,1.50000,-0.00000,-0.00000
73480000000,2.48841,-18.92858,0.02072,-0.01204,-0.00000,-0.00000,0.99993,1.50000,-0.00000,-0.00000
73500000000,2.45842,-18.92931,0.02072,-0.01204,-0.00000,-0.00000,0.99993,1.50000,-0.00000,-0.00000
73520000000,2.42843,-18.93003,0.02072,-0.01204,-0.00000,-0.00000,0.99993,1.50000,-0.00000,-0.00000
73540000000,2.39844,-18.93075,0.02072,-0.01204,-0.00000,-0.00000,0.99993,1.50000,-0.00000,0.00000
73560000000,2.36845,-18.93147,0.02072,-0.01204,-0.00000,-0.00000,0.99993,1.50000,-0.00000,0.00000
73580000000,2.33846,-18.93220,0.02072,-0.01204,-0.00000,-0.00000,0.99993,1.50000,-0.00000,0.00000
73600000000,2.30847,-18.93292,0.02072,-0.01204,-0.00000,-0.00000,0.99993,1.50000,-0.00000,0.00000
73620000000,2.27848,-18.93364,0.02072,-0.01204,-0.00000,-0.00000,0.99993,1.50000,-0.00000,0.00000
73640000000,2.24848,-18.93436,0.02072,-0.01204,-0.00000,-0.00000,0.99993,1.50000,-0.00000,0.00000
73660000000,2.21849,-18.93509,0.02072,-0.01204,-0.00000,-0.00000,0.99993,1.50000,-0.00000,0.00000
73680000000,2.18850,-18.93581,0.02072,-0.01204,-0.00000,-0.00000,0.99993,1.50000,-0.00000,0.00000
73700000000,2.15851,-18.93653,0.02072,-0.01204,-0.00000,-0.00000,0.99993,1.50000,-0.00000,0.00000
73720000000,2.12852,-18.93725,0.02072,-0.01204,-0.00000,-0.00000,0.99993,1.50000,-0.00000,0.00000
73740000000,2.09853,-18.93798,0.02072,-0.01204,-0.00000,-0.00000,0.99993,1.50000,-0.00000,0.00000
73760000000,2.06854,-18.93870,0.02072,-0.01204,-0.00000,-0.00000,0.99993,1.50000,-0.00000,0.00000
73780000000,2.03854,-18.93942,0.02072,-0.01204,-0.00000,-0.00000,0.99993,1.50000,-0.00000,0.00000
73800000000,2.00855,-18.94014,0.02072,-0.01204,-0.00000,-0.00000,0.99993,1.50000,-0.00000,0.00000
73820000000,1.97856,-18.94087,0.02072,-0.01204,-0.00000,-0.00000,0.99993,1.50000,-0.00000,0.00000
73840000000,1.94857,-18.94159,0.02072,-0.01204,-0.00000,-0.00000,0.99993,1.50000,-0.00000,0.00000
73860000000,1.91858,-18.94231,0.02072,-0.01204,-0.00000,-0.00000,0.99993,1.50000,-0.00000,0.00000
73880000000,1.88859,-18.94303,0.02072,-0.01204,-0.00000,-0.00000,0.99993,1.50000,-0.00000,0.00000
73900000000,1.85860,-18.94376,0.02072,-0.01204,-0.00000,-0.00000,0.99993,1.50000,0.00000,0.00000
73920000000,1.82861,-18.94448,0.02072,-0.01204,-0.00000,-0.00000,0.99993,1.50000,0.00000,0.00000
73940000000,1.79861,-18.94520,0.02072,-0.01204,-0.00000,-0.00000,0.99993,1.50000,0.00000,0.00000
73960000000,1.76862,-18.94592,0.02072,-0.01204,-0.00000,-0.00000,0.99993,1.50000,0.00000,0.00000
73980000000,1.73863,-18.94665,0.02072,-0.01204,-0.00000,-0.00000,0.99993,1.50000,0.00000,0.00000
74000000000,1.70864,-18.94737,0.02072,-0.01204,-0.00000,-0.00000,0.99993,1.50000,0.00000,0.00000
74020000000,1.67865,-18.94809,0.02072,-0.01204,-0.00000,-0.00000,0.99993,1.50000,0.00000,0.00000
74040000000,1.64866,-18.94881,0.02072,-0.01204,-0.00000,-0.00000,0.99993,1.50000,0.00000,0.00000
74060000000,1.61867,-18.94954,0.02072,-0.01204,-0.00000,-0.00000,0.99993,1.50000,0.00000,0.00000
74080000000,1.58868,-18.95026,0.02072,-0.01204,-0.00000,-0.00000,0.99993,1.50000,0.00000,0.00000
74100000000,1.55868,-18.95098,0.02072,-0.01204,-0.00000,-0.00000,0.99993,1.50000,0.00000,0.00000
74120000000,1.52869,-18.95170,0.02072,-0.01204,-0.00000,-0.00000,0.99993,1.50000,0.00000,0.00000
74140000000,1.49870,-18.95243,0.02072,-0.01204,-0.00000,-0.00000,0.99993,1.50000,0.00000,0.00000
74160000000,1.46871,-18.95315,0.02072,-0.01204,-0.00000,-0.00000,0.99993,1.50000,0.00000,0.00000
74180000000,1.43872,-18.95387,0.02072,-0.01204,-0.00000,-0.00000,0.99993,1.50000,0.00000,0.00000
74200000000,1.40873,-18.95459,0.02072,-0.01204,-0.00000,-0.00000,0.99993,1.50000,0.00000,0.00000
74220000000,1.37874,-18.95532,0.02072,-0.01204,-0.00000,-0.00000,0.99993,1.50000,0.00000,0.00000
74240000000,1.34875,-18.95604,0.02072,-0.01204,-0.00000,-0.00000,0.99993,1.50000,0.00000,0.00000
74260000000,1.31875,-18.95676,0.02072,-0.01204,-0.00000,-0.00000,0.99993,1.50000,0.00000,0.00000
74280000000,1.28876,-18.95748,0.02072,-0.01204,-0.00000,-0.00000,0.99993,1.50000,0.00000,0.00000
74300000000,1.25877,-18.95821,0.02072,-0.01204,-0.00000,-0.00000,0.99993,1.50000,0.00000,0.00000
74320000000,1.22878,-18.95893,0.02072,-0.01204,-0.00000,-0.00000,0.99993,1.50000,0.00000,0.00000
74340000000,1.19879,-18.95965,0.02072,-0.01204,-0.00000,-0.00000,0.99993,1.50000,0.00000,0.00000
74360000000,1.16880,-18.96037,0.02072,-0.01204,-0.00000,-0.00000,0.99993,1.50000,0.00000,0.00000
74380000000,1.13881,-18.96110,0.02072,-0.01204,-0.00000,-0.00000,0.99993,1.50000,0.00000,0.00000
74400000000,1.10881,-18.96182,0.02072,-0.01204,-0.00000,-0.00000,0.99993,1.50000,0.00000,0.00000
74420000000,1.07882,-18.96254,0.02072,-0.01204,-0.00000,-0.00000,0.99993,1.50000,0.00000,0.00000
74440000000,1.04883,-18.96326,0.02072,-0.01204,-0.00000,-0.00000,0.99993,1.50000,0.00000,0.00000
74460000000,1.01884,-18.96399,0.02072,-0.01204,-0.00000,-0.00000,0.99993,1.50000,0.00000,0.00000
74480000000,0.98885,-18.96471,0.02072,-0.01204,-0.00000,-0.00000,0.99993,1.50000,0.00000,0.00000
74500000000,0.95886,-18.96543,0.02072,-0.01204,-0.00000,-0.00000,0.99993,1.50000,0.00000,0.00000
74520000000,0.92887,-18.96615,0.02072,-0.01204,-0.00000,-0.00000,0.99993,1.50000,0.00000,0.00000
74540000000,0.89888,-18.96688,0.02072,-0.01204,-0.00000,-0.00000,0.99993,1.50000,0.00000,0.00000
74560000000,0.86888,-18.96760,0.02072,-0.01204,-0.00000,-0.00000,0.99993,1.50000,0.00000,0.00000
74580000000,0.83889,-18.96832,0.02072,-0.01204,-0.00000,-0.00000,0.99993,1.50000,0.00000,0.00000
74600000000,0.80890,-18.96904,0.02072,-0.01204,-0.00000,-0.00000,0.99993,1.50000,0.00000,0.00000
74620000000,0.77891,-18.96977,0.02072,-0.01204,-0.00000,-0.00000,0.99993,1.50000,0.00000,0.00000
74640000000,0.74892,-18.97049,0.02072,-0.01204,-0.00000,-0.00000,0.99993,1.50000,0.00000,0.00000
74660000000,0.71893,-18.97121,0.02072,-0.01204,-0.00000,-0.00000,0.99993,1.50000,0.00000,0.00000
74680000000,0.68894,-18.97193,0.02072,-0.01204,-0.00000,-0.00000,0.99993,1.50000,0.00000,0.00000
74700000000,0.65895,-18.97266,0.02072,-0.01204,-0.00000,-0.00000,0.99993,1.50000,0.00000,0.00000
74720000000,0.62895,-18.97338,0.02072,-0.01204,-0.00000,-0.00000,0.99993,1.50000,0.00000,0.00000
74740000000,0.59896,-18.97410,0.02072,-0.01204,-0.00000,-0.00000,0.99993,1.50000,0.00000,0.00000
74760000000,0.56897,-18.97482,0.02072,-0.01204,-0.00000,-0.00000,0.99993,1.50000,0.00000,0.00000
74780000000,0.53898,-18.97555,0.02072,-0.01204,-0.00000,-0.00000,0.99993,1.50000,0.00000,0.00000
74800000000,0.50899,-18.97627,0.02072,-0.01204,-0.00000,-0.00000,0.99993,1.50000,0.00000,0.00000
74820000000,0.47900,-18.97699,0.02072,-0.01204,-0.00000,-0.00000,0.99993,1.50000,0.00000,0.00000
74840000000,0.44901,-18.97771,0.02072,-0.01204,-0.00000,-0.00000,0.99993,1.50000,0.00000,0.00000
74860000000,0.41901,-18.97844,0.02072,-0.01204,-0.00000,-0.00000,0.99993,1.50000,0.00000,0.00000
74880000000,0.38902,-18.97916,0.02072,-0.01204,-0.00000,-0.00000,0.99993,1.50000,0.00000,0.00000
74900000000,0.35903,-18.97988,0.02072,-0.01204,-0.00000,-0.00000,0.99993,1.50000,0.00000,0.00000
74920000000,0.32904,-18.98060,0.02072,-0.01204,-0.00000,-0.00000,0.99993,1.50000,0.00000,0.00000
74940000000,0.29905,-18.98133,0.02072,-0.01204,-0.00000,-0.00000,0.99993,1.50000,0.00000,0.00000
74960000000,0.26906,-18.98205,0.02072,-0.01204,-0.00000,-0.00000,0.99993,1.50000,0.00000,0.00000
74980000000,0.23907,-18.98277,0.02072,-0.01204,-0.00000,-0.00000,0.99993,1.50000,0.00000,0.00000
75000000000,0.20908,-18.98350,0.02072,-0.01204,-0.00000,-0.00000,0.99993,1.50000,0.00000,0.00000
75020000000,0.17908,-18.98422,0.02072,-0.01204,-0.00000,-0.00000,0.99993,1.50000,0.00000,0.00000
75040000000,0.14909,-18.98494,0.02072,-0.01204,-0.00000,-0.00000,0.99993,1.50000,0.00000,0.00000
75060000000,0.11910,-18.98566,0.02072,-0.01204,-0.00000,-0.00000,0.99993,1.50000,0.00000,0.00000
75080000000,0.08911,-18.98639,0.02072,-0.01204,-0.00000,-0.00000,0.99993,1.50000,0.00000,0.00000
75100000000,0.05912,-18.98711,0.02072,-0.01204,-0.00000,-0.00000,0.99993,1.50000,0.00000,0.00000
75120000000,0.02913,-18.98783,0.02072,-0.01204,-0.00000,-0.00000,0.99993,1.50000,0.00000,0.00000
75140000000,-0.00086,-18.98855,0.02072,-0.01204,-0.00000,-0.00000,0.99993,1.50000,0.00000,0.00000
75160000000,-0.03085,-18.98928,0.02072,-0.01204,-0.00000,-0.00000,0.99993,1.50000,0.00000,0.00000
75180000000,-0.06085,-18.99000,0.02072,-0.01204,-0.00000,-0.00000,0.99993,1.50000,0.00000,0.00000
75200000000,-0.09084,-18.99072,0.02072,-0.01204,-0.00000,-0.00000,0.99993,1.50000,0.00000,0.00000
75220000000,-0.12083,-18.99144,0.02072,-0.01204,-0.00000,-0.00000,0.99993,1.50000,0.00000,0.00000
75240000000,-0.15082,-18.99217,0.02072,-0.01204,-0.00000,-0.00000,0.99993,1.50000,0.00000,0.00000
75260000000,-0.18081,-18.99289,0.02072,-0.01204,-0.00000,-0.00000,0.99993,1.50000,0.00000,0.00000
75280000000,-0.21080,-18.99361,0.02072,-0.01204,-0.00000,-0.00000,0.99993,1.50000,0.00000,0.00000
75300000000,-0.24079,-18.99433,0.02072,-0.01204,-0.00000,-0.00000,0.99993,1.50000,0.00000,0.00000
75320000000,-0.27079,-18.99506,0.02072,-0.01204,-0.00000,-0.00000,0.99993,1.50000,0.00000,0.00000
75340000000,-0.30078,-18.99578,0.02072,-0.01204,-0.00000,-0.00000,0.99993,1.50000,0.00000,0.00000
75360000000,-0.33077,-18.99650,0.02072,-0.01204,-0.00000,-0.00000,0.99993,1.50000,0.00000,0.00000
75380000000,-0.36076,-18.99722,0.02072,-0.01204,-0.00000,-0.00000,0.99993,1.50000,0.00000,0.00000
75400000000,-0.39075,-18.99795,0.02072,-0.01204,-0.00000,-0.00000,0.99993,1.50000,0.00000,0.00000
75420000000,-0.42074,-18.99867,0.02072,-0.01204,-0.00000,-0.00000,0.99993,1.50000,0.00000,0.00000
75440000000,-0.45073,-18.99939,0.02072,-0.01204,-0.00000,-0.00000,0.99993,1.50000,0.00000,0.00000
75460000000,-0.48072,-19.00011,0.02072,-0.01204,-0.00000,-0.00000,0.99993,1.50000,0.00000,0.00000
75480000000,-0.51072,-19.00084,0.02072,-0.01204,-0.00000,-0.00000,0.99993,1.50000,0.00000,0.00000
75500000000,-0.54071,-19.00156,0.02072,-0.01204,-0.00000,-0.00000,0.99993,1.50000,0.00000,0.00000
75520000000,-0.57070,-19.00228,0.02072,-0.01204,-0.00000,-0.00000,0.99993,1.50000,0.00000,0.00000
75540000000,-0.60069,-19.00300,0.02072,-0.01204,-0.00000,-0.00000,0.99993,1.50000,0.00000,0.00000
75560000000,-0.63068,-19.00373,0.02072,-0.01204,-0.00000,-0.00000,0.99993,1.50000,0.00000,0.00000
75580000000,-0.66067,-19.00445,0.02072,-0.01204,-0.00000,-0.00000,0.99993,1.50000,0.00000,0.00000
75600000000,-0.69066,-19.00517,0.02072,-0.01204,-0.00000,-0.00000,0.99993,1.50000,0.00000,0.00000
75620000000,-0.72065,-19.00589,0.02072,-0.01204,-0.00000,-0.00000,0.99993,1.50000,0.00000,0.00000
75640000000,-0.75065,-19.00662,0.02072,-0.01204,-0.00000,-0.00000,0.99993,1.50000,0.00000,0.00000
75660000000,-0.78064,-19.00734,0.02072,-0.01204,-0.00000,-0.00000,0.99993,1.50000,0.00000,0.00000
75680000000,-0.81063,-19.00806,0.02072,-0.01204,-0.00000,-0.00000,0.99993,1.50000,0.00000,0.00000
75700000000,-0.84062,-19.00878,0.02072,-0.01204,-0.00000,-0.00000,0.99993,1.50000,0.00000,0.00000
75720000000,-0.87061,-19.00951,0.02072,-0.01204,-0.00000,-0.00000,0.99993,1.50000,0.00000,0.00000
75740000000,-0.90060,-19.01023,0.02072,-0.01204,-0.00000,-0.00000,0.99993,1.50000,0.00000,0.00000
75760000000,-0.93059,-19.01095,0.02072,-0.01204,-0.00000,-0.00000,0.99993,1.50000,0.00000,0.00000
75780000000,-0.96058,-19.01167,0.02072,-0.01204,-0.00000,-0.00000,0.99993,1.50000,0.00000,0.00000
75800000000,-0.99058,-19.01240,0.02072,-0.01204,-0.00000,-0.00000,0.99993,1.50000,0.00000,0.00000
75820000000,-1.02057,-19.01312,0.02072,-0.01204,-0.00000,-0.00000,0.99993,1.50000,0.00000,0.00000
75840000000,-1.05056,-19.01384,0.02072,-0.01204,-0.00000,-0.00000,0.99993,1.50000,0.00000,0.00000
75860000000,-1.08055,-19.01456,0.02072,-0.01204,-0.00000,-0.00000,0.99993,1.50000,0.00000,0.00000
75880000000,-1.11054,-19.01529,0.02072,-0.01204,-0.00000,-0.00000,0.99993,1.50000,0.00000,0.00000
75900000000,-1.14053,-19.01601,0.02072,-0.01204,-0.00000,-0.00000,0.99993,1.50000,0.00000,0.00000
75920000000,-1.17052,-19.01673,0.02072,-0.01204,-0.00000,-0.00000,0.99993,1.50000,0.00000,0.00000
75940000000,-1.20052,-19.01745,0.02072,-0.01204,-0.00000,-0.00000,0.99993,1.50000,0.00000,0.00000
75960000000,-1.23051,-19.01818,0.02072,-0.01204,-0.00000,-0.00000,0.99993,1.50000,0.00000,0.00000
75980000000,-1.26050,-19.01890,0.02072,-0.01204,-0.00000,-0.00000,0.99993,1.50000,0.00000,0.00000
76000000000,-1.29049,-19.01962,0.02072,-0.01204,-0.00000,-0.00000,0.99993,1.50000,0.00000,0.00000
76020000000,-1.32048,-19.02034,0.02072,-0.01204,-0.00000,-0.00000,0.99993,1.50000,0.00000,0.00000
76040000000,-1.35047,-19.02107,0.02072,-0.01204,-0.00000,-0.00000,0.99993,1.50000,0.00000,0.00000
76060000000,-1.38046,-19.02179,0.02072,-0.01204,-0.00000,-0.00000,0.99993,1.50000,0.00000,0.00000
76080000000,-1.41045,-19.02251,0.02072,-0.01204,-0.00000,-0.00000,0.99993,1.50000,0.00000,0.00000
76100000000,-1.44045,-19.02323,0.02072,-0.01204,-0.00000,-0.00000,0.99993,1.50000,0.00000,0.00000
76120000000,-1.47044,-19.02396,0.02072,-0.01204,-0.00000,-0.00000,0.99993,1.50000,0.00000,0.00000
76140000000,-1.50043,-19.02468,0.02072,-0.01204,-0.00000,-0.00000,0.99993,1.50000,0.00000,0.00000
76160000000,-1.53042,-19.02540,0.02072,-0.01204,-0.00000,-0.00000,0.99993,1.50000,0.00000,0.00000
76180000000,-1.56041,-19.02612,0.02072,-0.01204,-0.00000,-0.00000,0.99993,1.50000,0.00000,0.00000
76200000000,-1.59040,-19.02685,0.02072,-0.01204,-0.00000,-0.00000,0.99993,1.50000,0.00000,0.00000
76220000000,-1.62039,-19.02757,0.02072,-0.01204,-0.00000,-0.00000,0.99993,1.50000,0.00000,0.00000
76240000000,-1.65038,-19.02829,0.02072,-0.01204,-0.00000,-0.00000,0.99993,1.50000,0.00000,0.00000
76260000000,-1.68038,-19.02901,0.02072,-0.01204,-0.00000,-0.00000,0.99993,1.50000,0.00000,0.00000
76280000000,-1.71037,-19.02974,0.02072,-0.01204,-0.00000,-0.00000,0.99993,1.50000,0.00000,0.00000
76300000000,-1.74036,-19.03046,0.02072,-0.01204,-0.00000,-0.00000,0.99993,1.50000,0.00000,0.00000
76320000000,-1.77035,-19.03118,0.02072,-0.01204,-0.00000,-0.00000,0.99993,1.50000,0.00000,0.00000
76340000000,-1.80034,-19.03190,0.02072,-0.01204,-0.00000,-0.00000,0.99993,1.50000,0.00000,0.00000
76360000000,-1.83033,-19.03263,0.02072,-0.01204,-0.00000,-0.00000,0.99993,1.50000,0.00000,0.00000
76380000000,-1.86032,-19.03335,0.02072,-0.01204,-0.00000,-0.00000,0.99993,1.50000,0.00000,0.00000
76400000000,-1.89032,-19.03407,0.02072,-0.01204,-0.00000,-0.00000,0.99993,1.50000,0.00000,0.00000
76420000000,-1.92031,-19.03479,0.02072,-0.01204,-0.00000,-0.00000,0.99993,1.50000,0.00000,0.00000
76440000000,-1.95030,-19.03552,0.02072,-0.01204,-0.00000,-0.00000,0.99993,1.50000,0.00000,0.00000
76460000000,-1.98029,-19.03624,0.02072,-0.01204,-0.00000,-0.00000,0.99993,1.50000,0.00000,0.00000
76480000000,-2.01028,-19.03696,0.02072,-0.01204,-0.00000,-0.00000,0.99993,1.50000,0.00000,0.00000
76500000000,-2.04027,-19.03768,0.02072,-0.01204,-0.00000,-0.00000,0.99993,1.50000,0.00000,0.00000
76520000000,-2.07026,-19.03841,0.02072,-0.01204,-0.00000,-0.00000,0.99993,1.50000,0.00000,0.00000
76540000000,-2.10025,-19.03913,0.02072,-0.01204,-0.00000,-0.00000,0.99993,1.50000,0.00000,0.00000
76560000000,-2.13025,-19.03985,0.02072,-0.01204,-0.00000,-0.00000,0.99993,1.50000,0.00000,0.00000
76580000000,-2.16024,-19.04058,0.02072,-0.01204,-0.00000,-0.00000,0.99993,1.50000,0.00000,0.00000
76600000000,-2.19023,-19.04130,0.02072,-0.01204,-0.00000,-0.00000,0.99993,1.50000,0.00000,0.00000
76620000000,-2.22022,-19.04202,0.02072,-0.01204,-0.00000,-0.00000,0.99993,1.50000,0.00000,0.00000
76640000000,-2.25021,-19.04274,0.02072,-0.01204,-0.00000,-0.00000,0.99993,1.50000,0.00000,0.00000
76660000000,-2.28020,-19.04347,0.02072,-0.01204,-0.00000,-0.00000,0.99993,1.50000,0.00000,0.00000
76680000000,-2.31019,-19.04419,0.02072,-0.01204,-0.00000,-0.00000,0.99993,1.50000,0.00000,0.00000
76700000000,-2.34018,-19.04491,0.02072,-0.01204,-0.00000,-0.00000,0.99993,1.50000,0.00000,0.00000
76720000000,-2.37018,-19.04563,0.02072,-0.01204,-0.00000,-0.00000,0.99993,1.50000,0.00000,0.00000
76740000000,-2.40017,-19.04636,0.02072,-0.01204,-0.00000,-0.00000,0.99993,1.50000,0.00000,0.00000
76760000000,-2.43016,-19.04708,0.02072,-0.01204,-0.00000,-0.00000,0.99993,1.50000,0.00000,0.00000
76780000000,-2.46015,-19.04780,0.02072,-0.01204,-0.00000,-0.00000,0.99993,1.50000,0.00000,0.00000
76800000000,-2.49014,-19.04852,0.02072,-0.01204,-0.00000,-0.00000,0.99993,1.50000,0.00000,0.00000
76820000000,-2.52013,-19.04925,0.02072,-0.01204,-0.00000,-0.00000,0.99993,1.50000,0.00000,0.00000
76840000000,-2.55012,-19.04997,0.02072,-0.01204,-0.00000,-0.00000,0.99993,1.50000,0.00000,0.00000
76860000000,-2.58011,-19.05069,0.02072,-0.01204,-0.00000,-0.00000,0.99993,1.50000,0.00000,0.00000
76880000000,-2.61011,-19.05141,0.02072,-0.01204,-0.00000,-0.00000,0.99993,1.50000,0.00000,0.00000
76900000000,-2.64010,-19.05214,0.02072,-0.01204,-0.00000,-0.00000,0.99993,1.50000,0.00000,0.00000
76920000000,-2.67009,-19.05286,0.02072,-0.01204,-0.00000,-0.00000,0.99993,1.50000,0.00000,0.00000
76940000000,-2.70008,-19.05358,0.02072,-0.01204,-0.00000,-0.00000,0.99993,1.50000,0.00000,0.00000
76960000000,-2.73007,-19.05430,0.02072,-0.01204,-0.00000,-0.00000,0.99993,1.50000,0.00000,0.00000
76980000000,-2.76006,-19.05503,0.02072,-0.01204,-0.00000,-0.00000,0.99993,1.50000,0.00000,0.00000
77000000000,-2.79005,-19.05575,0.02072,-0.01204,-0.00000,-0.00000,0.99993,1.50000,0.00000,0.00000
77020000000,-2.82005,-19.05647,0.02072,-0.01204,-0.00000,-0.00000,0.99993,1.50000,0.00000,0.00000
77040000000,-2.85004,-19.05719,0.02072,-0.01204,-0.00000,-0.00000,0.99993,1.50000,0.00000,0.00000
77060000000,-2.88003,-19.05792,0.02072,-0.01204,-0.00000,-0.00000,0.99993,1.50000,0.00000,0.00000
77080000000,-2.91002,-19.05864,0.02072,-0.01204,-0.00000,-0.00000,0.99993,1.50000,0.00000,0.00000
77100000000,-2.94001,-19.05936,0.02072,-0.01204,-0.00000,-0.00000,0.99993,1.50000,0.00000,0.00000
77120000000,-2.97000,-19.06008,0.02072,-0.01204,-0.00000,-0.00000,0.99993,1.50000,0.00000,0.00000
77140000000,-2.99999,-19.06081,0.02072,-0.01204,-0.00000,-0.00000,0.99993,1.50000,0.00000,0.00000
77160000000,-3.02998,-19.06153,0.02072,-0.01204,-0.00000,-0.00000,0.99993,1.50000,0.00000,0.00000
77180000000,-3.05998,-19.06225,0.02072,-0.01204,-0.00000,-0.00000,0.99993,1.50000,0.00000,0.00000
77200000000,-3.08997,-19.06297,0.02072,-0.01204,-0.00000,-0.00000,0.99993,1.50000,0.00000,0.00000
77220000000,-3.11996,-19.06370,0.02072,-0.01204,-0.00000,-0.00000,0.99993,1.50000,0.00000,0.00000
77240000000,-3.14995,-19.06442,0.02072,-0.01204,-0.00000,-0.00000,0.99993,1.50000,0.00000,0.00000
77260000000,-3.17994,-19.06514,0.02072,-0.01204,-0.00000,-0.00000,0.99993,1.50000,0.00000,0.00000
77280000000,-3.20993,-19.06586,0.02072,-0.01204,-0.00000,-0.00000,0.99993,1.50000,0.00000,0.00000
77300000000,-3.23992,-19.06659,0.02072,-0.01204,-0.00000,-0.00000,0.99993,1.50000,0.00000,0.00000
77320000000,-3.26991,-19.06731,0.02072,-0.01204,-0.00000,-0.00000,0.99993,1.50000,0.00000,0.00000
77340000000,-3.29991,-19.06803,0.02072,-0.01204,-0.00000,-0.00000,0.99993,1.50000,0.00000,0.00000
77360000000,-3.32990,-19.06875,0.02072,-0.01204,-0.00000,-0.00000,0.99993,1.50000,0.00000,0.00000
77380000000,-3.35989,-19.06948,0.02072,-0.01204,-0.00000,-0.00000,0.99993,1.50000,0.00000,0.00000
77400000000,-3.38988,-19.07020,0.02072,-0.01204,-0.00000,-0.00000,0.99993,1.50000,0.00000,0.00000
77420000000,-3.41987,-19.07092,0.02072,-0.01204,-0.00000,-0.00000,0.99993,1.50000,0.00000,0.00000
77440000000,-3.44986,-19.07164,0.02072,-0.01204,-0.00000,-0.00000,0.99993,1.50000,0.00000,0.00000
77460000000,-3.47985,-19.07237,0.02072,-0.01204,-0.00000,-0.00000,0.99993,1.50000,0.00000,0.00000
77480000000,-3.50985,-19.07309,0.02072,-0.01204,-0.00000,-0.00000,0.99993,1.50000,0.00000,0.00000
77500000000,-3.53984,-19.07381,0.02072,-0.01204,-0.00000,-0.00000,0.99993,1.50000,0.00000,0.00000
77520000000,-3.56983,-19.07453,0.02072,-0.01204,-0.00000,-0.00000,0.99993,1.50000,0.00000,0.00000
77540000000,-3.59982,-19.07526,0.02072,-0.01204,-0.00000,-0.00000,0.99993,1.50000,0.00000,0.00000
77560000000,-3.62981,-19.07598,0.02072,-0.01204,-0.00000,-0.00000,0.99993,1.50000,0.00000,0.00000
77580000000,-3.65980,-19.07670,0.02072,-0.01204,-0.00000,-0.00000,0.99993,1.50000,0.00000,0.00000
77600000000,-3.68979,-19.07742,0.02072,-0.01204,-0.00000,-0.00000,0.99993,1.50000,0.00000,0.00000
77620000000,-3.71978,-19.07815,0.02072,-0.01204,-0.00000,-0.00000,0.99993,1.50000,0.00000,0.00000
77640000000,-3.74978,-19.07887,0.02072,-0.01204,-0.00000,-0.00000,0.99993,1.50000,0.00000,0.00000
77660000000,-3.77977,-19.07959,0.02072,-0.01204,-0.00000,-0.00000,0.99993,1.50000,0.00000,0.00000
77680000000,-3.80976,-19.08031,0.02072,-0.01204,-0.00000,-0.00000,0.99993,1.50000,0.00000,0.00000
77700000000,-3.83975,-19.08104,0.02072,-0.01204,-0.00000,-0.00000,0.99993,1.50000,0.00000,0.00000
77720000000,-3.86974,-19.08176,0.02072,-0.01204,-0.00000,-0.00000,0.99993,1.50000,0.00000,0.00000
77740000000,-3.89973,-19.08248,0.02072,-0.01204,-0.00000,-0.00000,0.99993,1.50000,0.00000,0.00000
77760000000,-3.92972,-19.08320,0.02072,-0.01204,-0.00000,-0.00000,0.99993,1.50000,0.00000,0.00000
77780000000,-3.95971,-19.08393,0.02072,-0.01204,-0.00000,-0.00000,0.99993,1.50000,0.00000,0.00000
77800000000,-3.98971,-19.08465,0.02072,-0.01204,-0.00000,-0.00000,0.99993,1.50000,0.00000,0.00000
77820000000,-4.01970,-19.08537,0.02072,-0.01204,-0.00000,-0.00000,0.99993,1.50000,0.00000,0.00000
77840000000,-4.04969,-19.08609,0.02072,-0.01204,-0.00000,-0.00000,0.99993,1.50000,0.00000,0.00000
77860000000,-4.07968,-19.08682,0.02072,-0.01204,-0.00000,-0.00000,0.99993,1.50000,0.00000,0.00000
77880000000,-4.10967,-19.08754,0.02072,-0.01204,-0.00000,-0.00000,0.99993,1.50000,0.00000,0.00000
77900000000,-4.13966,-19.08826,0.02072,-0.01204,-0.00000,-0.00000,0.99993,1.50000,0.00000,0.00000
77920000000,-4.16965,-19.08898,0.02072,-0.01204,-0.00000,-0.00000,0.99993,1.50000,0.00000,0.00000
77940000000,-4.19965,-19.08971,0.02072,-0.01204,-0.00000,-0.00000,0.99993,1.50000,0.00000,0.00000
77960000000,-4.22964,-19.09043,0.02072,-0.01204,-0.00000,-0.00000,0.99993,1.50000,0.00000,0.00000
77980000000,-4.25963,-19.09115,0.02072,-0.01204,-0.00000,-0.00000,0.99993,1.50000,0.00000,0.00000
78000000000,-4.28962,-19.09187,0.02072,-0.01204,-0.00000,-0.00000,0.99993,1.50000,0.00000,0.00000
78020000000,-4.31961,-19.09260,0.02072,-0.01204,-0.00000,-0.00000,0.99993,1.50000,0.00000,0.00000
78040000000,-4.34960,-19.09332,0.02072,-0.01204,-0.00000,-0.00000,0.99993,1.50000,0.00000,0.00000
78060000000,-4.37959,-19.09404,0.02072,-0.01204,-0.00000,-0.00000,0.99993,1.50000,0.00000,0.00000
78080000000,-4.40958,-19.09476,0.02072,-0.01204,-0.00000,-0.00000,0.99993,1.50000,0.00000,0.00000
78100000000,-4.43958,-19.09549,0.02072,-0.01204,-0.00000,-0.00000,0.99993,1.50000,0.00000,0.00000
78120000000,-4.46957,-19.09621,0.02072,-0.01204,-0.00000,-0.00000,0.99993,1.50000,0.00000,0.00000
78140000000,-4.49956,-19.09693,0.02072,-0.01204,-0.00000,-0.00000,0.99993,1.50000,0.00000,0.00000
78160000000,-4.52955,-19.09766,0.02072,-0.01204,-0.00000,-0.00000,0.99993,1.50000,0.00000,0.00000
78180000000,-4.55954,-19.09838,0.02072,-0.01204,-0.00000,-0.00000,0.99993,1.50000,0.00000,0.00000
78200000000,-4.58953,-19.09910,0.02072,-0.01204,-0.00000,-0.00000,0.99993,1.50000,0.00000,0.00000
78220000000,-4.61952,-19.09982,0.02072,-0.01204,-0.00000,-0.00000,0.99993,1.50000,0.00000,0.00000
78240000000,-4.64951,-19.10055,0.02072,-0.01204,-0.00000,-0.00000,0.99993,1.50000,0.00000,0.00000
78260000000,-4.67951,-19.10127,0.02072,-0.01204,-0.00000,-0.00000,0.99993,1.50000,0.00000,0.00000
78280000000,-4.70950,-19.10199,0.02072,-0.01204,-0.00000,-0.00000,0.99993,1.50000,0.00000,0.00000
78300000000,-4.73949,-19.10271,0.02072,-0.01204,-0.00000,-0.00000,0.99993,1.50000,0.00000,0.00000
78320000000,-4.76948,-19.10344,0.02072,-0.01204,-0.00000,-0.00000,0.99993,1.50000,0.00000,0.00000
78340000000,-4.79947,-19.10416,0.02072,-0.01204,-0.00000,-0.00000,0.99993,1.50000,0.00000,0.00000
78360000000,-4.82946,-19.10488,0.02072,-0.01204,-0.00000,-0.00000,0.99993,1.50000,0.00000,0.00000
78380000000,-4.85945,-19.10560,0.02072,-0.01204,-0.00000,-0.00000,0.99993,1.50000,0.00000,0.00000
78400000000,-4.88944,-19.10633,0.02072,-0.01204,-0.00000,-0.00000,0.99993,1.50000,0.00000,0.00000
78420000000,-4.91944,-19.10705,0.02072,-0.01204,-0.00000,-0.00000,0.99993,1.50000,0.00000,0.00000
78440000000,-4.94943,-19.10777,0.02072,-0.01204,-0.00000,-0.00000,0.99993,1.50000,0.00000,0.00000
78460000000,-4.97942,-19.10849,0.02072,-0.01204,-0.00000,-0.00000,0.99993,1.50000,0.00000,0.00000
78480000000,-5.00941,-19.10922,0.02072,-0.01204,-0.00000,-0.00000,0.99993,1.50000,0.00000,0.00000
78500000000,-5.03940,-19.10994,0.02072,-0.01204,-0.00000,-0.00000,0.99993,1.50000,0.00000,0.00000
78520000000,-5.06939,-19.11066,0.02072,-0.01204,-0.00000,-0.00000,0.99993,1.50000,0.00000,0.00000
78540000000,-5.09938,-19.11138,0.02072,-0.01204,-0.00000,-0.00000,0.99993,1.50000,0.00000,0.00000
78560000000,-5.12938,-19.11211,0.02072,-0.01204,-0.00000,-0.00000,0.99993,1.50000,0.00000,0.00000
78580000000,-5.15937,-19.11283,0.02072,-0.01204,-0.00000,-0.00000,0.99993,1.50000,0.00000,0.00000
78600000000,-5.18936,-19.11355,0.02072,-0.01204,-0.00000,-0.00000,0.99993,1.50000,0.00000,0.00000
78620000000,-5.21935,-19.11427,0.02072,-0.01204,-0.00000,-0.00000,0.99993,1.50000,0.00000,0.00000
78640000000,-5.24934,-19.11500,0.02072,-0.01204,-0.00000,-0.00000,0.99993,1.50000,0.00000,0.00000
78660000000,-5.27933,-19.11572,0.02072,-0.01204,-0.00000,-0.00000,0.99993,1.50000,0.00000,0.00000
78680000000,-5.30932,-19.11644,0.02072,-0.01204,-0.00000,-0.00000,0.99993,1.50000,0.00000,0.00000
78700000000,-5.33931,-19.11716,0.02072,-0.01204,-0.00000,-0.00000,0.99993,1.50000,0.00000,0.00000
78720000000,-5.36931,-19.11789,0.02072,-0.01204,-0.00000,-0.00000,0.99993,1.50000,0.00000,0.00000
78740000000,-5.39930,-19.11861,0.02072,-0.01204,-0.00000,-0.00000,0.99993,1.50000,0.00000,0.00000
78760000000,-5.42929,-19.11933,0.02072,-0.01204,-0.00000,-0.00000,0.99993,1.50000,0.00000,0.00000
78780000000,-5.45928,-19.12005,0.02072,-0.01204,-0.00000,-0.00000,0.99993,1.50000,0.00000,0.00000
78800000000,-5.48927,-19.12078,0.02072,-0.01204,-0.00000,-0.00000,0.99993,1.50000,0.00000,0.00000
78820000000,-5.51926,-19.12150,0.02072,-0.01204,-0.00000,-0.00000,0.99993,1.50000,0.00000,0.00000
78840000000,-5.54925,-19.12222,0.02072,-0.01204,-0.00000,-0.00000,0.99993,1.50000,0.00000,0.00000
78860000000,-5.57924,-19.12294,0.02072,-0.01204,-0.00000,-0.00000,0.99993,1.50000,0.00000,0.00000
78880000000,-5.60924,-19.12367,0.02072,-0.01204,-0.00000,-0.00000,0.99993,1.50000,0.00000,0.00000
78900000000,-5.63923,-19.12439,0.02072,-0.01204,-0.00000,-0.00000,0.99993,1.50000,0.00000,0.00000
78920000000,-5.66922,-19.12511,0.02072,-0.01204,-0.00000,-0.00000,0.99993,1.50000,0.00000,0.00000
78940000000,-5.69921,-19.12583,0.02072,-0.01204,-0.00000,-0.00000,0.99993,1.50000,0.00000,0.00000
78960000000,-5.72920,-19.12656,0.02072,-0.01204,-0.00000,-0.00000,0.99993,1.50000,0.00000,0.00000
78980000000,-5.75919,-19.12728,0.02072,-0.01204,-0.00000,-0.00000,0.99993,1.50000,0.00000,0.00000
79000000000,-5.78918,-19.12800,0.02072,-0.01204,-0.00000,-0.00000,0.99993,1.50000,0.00000,0.00000
79020000000,-5.81918,-19.12872,0.02072,-0.01204,-0.00000,-0.00000,0.99993,1.50000,0.00000,0.00000
79040000000,-5.84917,-19.12945,0.02072,-0.01204,-0.00000,-0.00000,0.99993,1.50000,0.00000,0.00000
79060000000,-5.87916,-19.13017,0.02072,-0.01204,-0.00000,-0.00000,0.99993,1.50000,0.00000,0.00000
79080000000,-5.90915,-19.13089,0.02072,-0.01204,-0.00000,-0.00000,0.99993,1.50000,0.00000,0.00000
79100000000,-5.93914,-19.13161,0.02072,-0.01204,-0.00000,-0.00000,0.99993,1.50000,0.00000,0.00000
79120000000,-5.96913,-19.13234,0.02072,-0.01204,-0.00000,-0.00000,0.99993,1.50000,0.00000,0.00000
79140000000,-5.99912,-19.13306,0.02072,-0.01204,-0.00000,-0.00000,0.99993,1.50000,0.00000,0.00000
79160000000,-6.02911,-19.13378,0.02072,-0.01204,-0.00000,-0.00000,0.99993,1.50000,0.00000,0.00000
79180000000,-6.05911,-19.13450,0.02072,-0.01204,-0.00000,-0.00000,0.99993,1.50000,0.00000,0.00000
79200000000,-6.08910,-19.13523,0.02072,-0.01204,-0.00000,-0.00000,0.99993,1.50000,0.00000,0.00000
79220000000,-6.11909,-19.13595,0.02072,-0.01204,-0.00000,-0.00000,0.99993,1.50000,0.00000,0.00000
79240000000,-6.14908,-19.13667,0.02072,-0.01204,-0.00000,-0.00000,0.99993,1.50000,0.00000,0.00000
79260000000,-6.17907,-19.13739,0.02072,-0.01204,-0.00000,-0.00000,0.99993,1.50000,0.00000,0.00000
79280000000,-6.20906,-19.13812,0.02072,-0.01204,-0.00000,-0.00000,0.99993,1.50000,0.00000,0.00000
79300000000,-6.23905,-19.13884,0.02072,-0.01204,-0.00000,-0.00000,0.99993,1.50000,0.00000,0.00000
79320000000,-6.26904,-19.13956,0.02072,-0.01204,-0.00000,-0.00000,0.99993,1.50000,0.00000,0.00000
79340000000,-6.29904,-19.14028,0.02072,-0.01204,-0.00000,-0.00000,0.99993,1.50000,0.00000,0.00000
79360000000,-6.32903,-19.14101,0.02072,-0.01204,-0.00000,-0.00000,0.99993,1.50000,0.00000,0.00000
79380000000,-6.35902,-19.14173,0.02072,-0.01204,-0.00000,-0.00000,0.99993,1.50000,0.00000,0.00000
79400000000,-6.38901,-19.14245,0.02072,-0.01204,-0.00000,-0.00000,0.99993,1.50000,0.00000,0.00000
79420000000,-6.41900,-19.14317,0.02072,-0.01204,-0.00000,-0.00000,0.99993,1.50000,0.00000,0.00000
79440000000,-6.44899,-19.14390,0.02072,-0.01204,-0.00000,-0.00000,0.99993,1.50000,0.00000,0.00000
79460000000,-6.47898,-19.14462,0.02072,-0.01204,-0.00000,-0.00000,0.99993,1.50000,0.00000,0.00000
79480000000,-6.50897,-19.14534,0.02072,-0.01204,-0.00000,-0.00000,0.99993,1.50000,0.00000,0.00000
79500000000,-6.53897,-19.14606,0.02072,-0.01204,-0.00000,-0.00000,0.99993,1.50000,0.00000,0.00000
79520000000,-6.56896,-19.14679,0.02072,-0.01204,-0.00000,-0.00000,0.99993,1.50000,0.00000,0.00000
79540000000,-6.59895,-19.14751,0.02072,-0.01204,-0.00000,-0.00000,0.99993,1.50000,0.00000,0.00000
79560000000,-6.62894,-19.14823,0.02072,-0.01204,-0.00000,-0.00000,0.99993,1.50000,0.00000,0.00000
79580000000,-6.65893,-19.14895,0.02072,-0.01204,-0.00000,-0.00000,0.99993,1.50000,0.00000,0.00000
79600000000,-6.68892,-19.14968,0.02072,-0.01204,-0.00000,-0.00000,0.99993,1.50000,0.00000,0.00000
79620000000,-6.71891,-19.15040,0.02072,-0.01204,-0.00000,-0.00000,0.99993,1.50000,0.00000,0.00000
79640000000,-6.74891,-19.15112,0.02072,-0.01204,-0.00000,-0.00000,0.99993,1.50000,0.00000,0.00000
79660000000,-6.77890,-19.15184,0.02072,-0.01204,-0.00000,-0.00000,0.99993,1.50000,0.00000,0.00000
79680000000,-6.80889,-19.15257,0.02072,-0.01204,-0.00000,-0.00000,0.99993,1.50000,0.00000,0.00000
79700000000,-6.83888,-19.15329,0.02072,-0.01204,-0.00000,-0.00000,0.99993,1.50000,0.00000,0.00000
79720000000,-6.86887,-19.15401,0.02072,-0.01204,-0.00000,-0.00000,0.99993,1.50000,0.00000,0.00000
79740000000,-6.89886,-19.15473,0.02072,-0.01204,-0.00000,-0.00000,0.99993,1.50000,0.00000,0.00000
79760000000,-6.92885,-19.15546,0.02072,-0.01204,-0.00000,-0.00000,0.99993,1.50000,0.00000,0.00000
79780000000,-6.95884,-19.15618,0.02072,-0.01204,-0.00000,-0.00000,0.99993,1.50000,0.00000,0.00000
79800000000,-6.98884,-19.15690,0.02072,-0.01204,-0.00000,-0.00000,0.99993,1.50000,0.00000,0.00000
79820000000,-7.01883,-19.15763,0.02072,-0.01204,-0.00000,-0.00000,0.99993,1.50000,0.00000,0.00000
79840000000,-7.04882,-19.15835,0.02072,-0.01204,-0.00000,-0.00000,0.99993,1.50000,0.00000,0.00000
79860000000,-7.07881,-19.15907,0.02072,-0.01204,-0.00000,-0.00000,0.99993,1.50000,0.00000,0.00000
79880000000,-7.10880,-19.15979,0.02072,-0.01204,-0.00000,-0.00000,0.99993,1.50000,0.00000,0.00000
79900000000,-7.13879,-19.16052,0.02072,-0.01204,-0.00000,-0.00000,0.99993,1.50000,0.00000,0.00000
79920000000,-7.16878,-19.16124,0.02072,-0.01204,-0.00000,-0.00000,0.99993,1.50000,0.00000,0.00000
79940000000,-7.19877,-19.16196,0.02072,-0.01204,-0.00000,-0.00000,0.99993,1.50000,0.00000,0.00000
79960000000,-7.22877,-19.16268,0.02072,-0.01204,-0.00000,-0.00000,0.99993,1.50000,0.00000,0.00000
79980000000,-7.25876,-19.16341,0.02072,-0.01204,-0.00000,-0.00000,0.99993,1.50000,0.00000,0.00000
80000000000,-7.28875,-19.16413,0.02072,-0.01204,-0.00000,-0.00000,0.99993,1.50000,0.00000,0.00000
80020000000,-7.31874,-19.16485,0.02072,-0.01204,-0.00000,-0.00000,0.99993,1.50000,0.00000,0.00000
80040000000,-7.34873,-19.16557,0.02072,-0.01204,-0.00000,-0.00000,0.99993,1.50000,0.00000,0.00000
80060000000,-7.37872,-19.16630,0.02072,-0.01204,-0.00000,-0.00000,0.99993,1.50000,0.00000,0.00000
80080000000,-7.40871,-19.16702,0.02072,-0.01204,-0.00000,-0.00000,0.99993,1.50000,0.00000,0.00000
80100000000,-7.43871,-19.16774,0.02072,-0.01204,-0.00000,-0.00000,0.99993,1.50000,0.00000,0.00000
80120000000,-7.46870,-19.16846,0.02072,-0.01204,-0.00000,-0.00000,0.99993,1.50000,0.00000,0.00000
80140000000,-7.49869,-19.16919,0.02072,-0.01204,-0.00000,-0.00000,0.99993,1.50000,0.00000,0.00000
80160000000,-7.52868,-19.16991,0.02072,-0.01204,-0.00000,-0.00000,0.99993,1.50000,0.00000,0.00000
80180000000,-7.55867,-19.17063,0.02072,-0.01204,-0.00000,-0.00000,0.99993,1.50000,0.00000,0.00000
80200000000,-7.58866,-19.17135,0.02072,-0.01204,-0.00000,-0.00000,0.99993,1.50000,0.00000,0.00000
80220000000,-7.61865,-19.17208,0.02072,-0.01204,-0.00000,-0.00000,0.99993,1.50000,0.00000,0.00000
80240000000,-7.64864,-19.17280,0.02072,-0.01204,-0.00000,-0.00000,0.99993,1.50000,0.00000,0.00000
80260000000,-7.67858,-19.17352,0.02072,-0.01204,-0.00000,-0.00000,0.99993,1.49478,0.00010,0.00000
80280000000,-7.70828,-19.17424,0.02072,-0.01201,-0.00000,-0.00000,0.99993,1.48263,0.00017,0.00000
80300000000,-7.73778,-19.17495,0.02072,-0.01196,-0.00000,-0.00000,0.99993,1.47366,-0.00007,0.00000
80320000000,-7.76718,-19.17564,0.02072,-0.01187,-0.00000,-0.00000,0.99993,1.46763,-0.00049,0.00000
80340000000,-7.79636,-19.17631,0.02072,-0.01174,-0.00000,-0.00000,0.99993,1.45715,-0.00100,0.00000
80360000000,-7.82537,-19.17696,0.02072,-0.01156,-0.00000,-0.00000,0.99993,1.44806,-0.00172,0.00000
80380000000,-7.85418,-19.17757,0.02072,-0.01132,-0.00000,-0.00000,0.99994,1.43940,-0.00266,0.00000
80400000000,-7.88281,-19.17814,0.02072,-0.01101,-0.00000,-0.00000,0.99994,1.42889,-0.00373,0.00000
80420000000,-7.91129,-19.17866,0.02072,-0.01062,-0.00000,-0.00000,0.99994,1.42437,-0.00515,0.00000
80440000000,-7.93970,-19.17912,0.02072,-0.01017,-0.00000,-0.00000,0.99995,1.41787,-0.00658,0.00000
80460000000,-7.96789,-19.17953,0.02072,-0.00963,-0.00000,-0.00000,0.99995,1.40743,-0.00810,0.00000
80480000000,-7.99591,-19.17986,0.02072,-0.00900,-0.00000,-0.00000,0.99996,1.40018,-0.00992,0.00000
80500000000,-8.02380,-19.18012,0.02072,-0.00829,-0.00000,-0.00000,0.99997,1.39307,-0.01189,0.00000
80520000000,-8.05161,-19.18028,0.02072,-0.00748,-0.00000,-0.00000,0.99997,1.38809,-0.01400,0.00000
80540000000,-8.07922,-19.18036,0.02072,-0.00657,-0.00000,-0.00000,0.99998,1.37819,-0.01618,0.00000
80560000000,-8.10674,-19.18033,0.02072,-0.00557,-0.00000,-0.00000,0.99998,1.37336,-0.01863,0.00000
80580000000,-8.13405,-19.18019,0.02072,-0.00446,-0.00000,-0.00000,0.99999,1.36315,-0.02114,0.00000
80600000000,-8.16128,-19.17994,0.02072,-0.00324,-0.00000,-0.00000,0.99999,1.36184,-0.02402,0.00000
80620000000,-8.18874,-19.17955,0.02072,-0.00191,-0.00000,-0.00000,1.00000,1.37639,-0.02716,0.00000
80640000000,-8.21649,-19.17903,0.02072,-0.00048,-0.00000,-0.00000,1.00000,1.39077,-0.02997,0.00000
80660000000,-8.24452,-19.17837,0.02072,0.00104,-0.00000,-0.00000,1.00000,1.40508,-0.03235,0.00000
80680000000,-8.27283,-19.17759,0.02072,0.00266,-0.00000,-0.00000,1.00000,1.41931,-0.03426,0.00000
80700000000,-8.30142,-19.17668,0.02072,0.00437,0.00000,-0.00000,0.99999,1.43332,-0.03592,0.00000
80720000000,-8.33028,-19.17563,0.02072,0.00614,0.00000,-0.00000,0.99998,1.44710,-0.03730,0.00000
80740000000,-8.35942,-19.17446,0.02072,0.00797,0.00000,-0.00000,0.99997,1.46066,-0.03843,0.00000
80760000000,-8.38881,-19.17315,0.02072,0.00984,0.00000,-0.00000,0.99995,1.47400,-0.03930,-0.00000
80780000000,-8.41846,-19.17171,0.02072,0.01175,0.00000,-0.00000,0.99993,1.48712,-0.03990,-0.00000
80800000000,-8.44833,-19.17019,0.02072,0.01357,0.00000,-0.00000,0.99991,1.49634,-0.03656,-0.00000
80820000000,-8.47837,-19.16859,0.02072,0.01532,0.00000,-0.00000,0.99988,1.50606,-0.03664,-0.00000
80840000000,-8.50853,-19.16688,0.02072,0.01707,0.00000,-0.00000,0.99985,1.50977,-0.03633,0.00000
80860000000,-8.53854,-19.16508,0.02072,0.01880,0.00000,-0.00000,0.99982,1.50132,-0.03592,0.00000
80880000000,-8.56839,-19.16317,0.02072,0.02053,0.00000,-0.00000,0.99979,1.49433,-0.03642,0.00000
80900000000,-8.59817,-19.16113,0.02072,0.02237,0.00000,-0.00000,0.99975,1.49053,-0.03894,0.00000
80920000000,-8.62783,-19.15896,0.02072,0.02423,0.00000,-0.00000,0.99971,1.48486,-0.03892,0.00000
80940000000,-8.65731,-19.15670,0.02072,0.02611,0.00000,-0.00000,0.99966,1.47584,-0.03890,0.00000
80960000000,-8.68661,-19.15432,0.02072,0.02800,0.00000,-0.00000,0.99961,1.46694,-0.03911,0.00000
80980000000,-8.71572,-19.15184,0.02072,0.02991,0.00000,-0.00000,0.99955,1.45822,-0.03966,0.00000
81000000000,-8.74465,-19.14925,0.02072,0.03185,0.00000,-0.00000,0.99949,1.44968,-0.04032,0.00000
81020000000,-8.77340,-19.14653,0.02072,0.03383,0.00000,-0.00000,0.99943,1.44132,-0.04100,0.00000
81040000000,-8.80198,-19.14370,0.02072,0.03586,0.00000,-0.00000,0.99936,1.43320,-0.04204,0.00000
81060000000,-8.83039,-19.14074,0.02072,0.03794,0.00000,-0.00000,0.99928,1.42532,-0.04311,0.00000
81080000000,-8.85862,-19.13764,0.02072,0.04009,0.00000,-0.00000,0.99920,1.41769,-0.04430,0.00000
81100000000,-8.88669,-19.13441,0.02072,0.04232,0.00000,-0.00000,0.99910,1.41038,-0.04589,0.00000
81120000000,-8.91465,-19.13102,0.02072,0.04460,0.00000,-0.00000,0.99901,1.40725,-0.04791,0.00000
81140000000,-8.94279,-19.12744,0.02072,0.04696,0.00000,-0.00000,0.99890,1.42141,-0.04988,0.00000
81160000000,-8.97117,-19.12366,0.02072,0.04941,0.00000,-0.00000,0.99878,1.43237,-0.05144,0.00000
81180000000,-8.99949,-19.11973,0.02072,0.05192,0.00000,-0.00000,0.99865,1.42698,-0.05237,0.00000
81200000000,-9.02771,-19.11564,0.02072,0.05447,0.00000,-0.00000,0.99852,1.42515,-0.05365,0.00000
81220000000,-9.05585,-19.11139,0.02072,0.05710,0.00000,-0.00000,0.99837,1.42045,-0.05446,0.00000
81240000000,-9.08386,-19.10698,0.02072,0.05980,0.00000,-0.00000,0.99821,1.41569,-0.05546,0.00000
81260000000,-9.11176,-19.10241,0.02072,0.06260,0.00000,-0.00000,0.99804,1.41128,-0.05660,0.00000
81280000000,-9.13955,-19.09767,0.02072,0.06549,0.00000,-0.00000,0.99785,1.40727,-0.05806,0.00000
81300000000,-9.16723,-19.09273,0.02072,0.06849,0.00000,-0.00000,0.99765,1.40369,-0.05968,0.00000
81320000000,-9.19481,-19.08760,0.02072,0.07160,0.00000,-0.00000,0.99743,1.40052,-0.06130,0.00000
81340000000,-9.22229,-19.08228,0.02072,0.07484,0.00000,-0.00000,0.99720,1.39779,-0.06296,0.00000
81360000000,-9.24969,-19.07674,0.02072,0.07822,0.00000,-0.00000,0.99694,1.39556,-0.06489,0.00000
81380000000,-9.27700,-19.07098,0.02072,0.08176,0.00000,-0.00000,0.99665,1.39383,-0.06672,0.00000
81400000000,-9.30424,-19.06499,0.02072,0.08545,0.00000,-0.00000,0.99634,1.39270,-0.06903,0.00000
81420000000,-9.33142,-19.05874,0.02072,0.08928,0.00000,-0.00000,0.99601,1.39221,-0.07154,0.00000
81440000000,-9.35853,-19.05224,0.02072,0.09330,0.00000,-0.00000,0.99564,1.39219,-0.07337,0.00000
81460000000,-9.38559,-19.04547,0.02072,0.09751,0.00000,-0.00000,0.99523,1.39281,-0.07539,0.00000
81480000000,-9.41260,-19.03843,0.02072,0.10193,0.00000,-0.00000,0.99479,1.39406,-0.07735,0.00000
81500000000,-9.43958,-19.03109,0.02072,0.10659,0.00000,-0.00000,0.99430,1.39602,-0.07947,0.00000
81520000000,-9.46652,-19.02344,0.02072,0.11149,0.00000,-0.00000,0.99377,1.39870,-0.08154,0.00000
81540000000,-9.49344,-19.01546,0.02072,0.11665,0.00000,-0.00000,0.99317,1.40218,-0.08377,0.00000
81560000000,-9.52033,-19.00713,0.02072,0.12208,0.00000,-0.00000,0.99252,1.40658,-0.08641,0.00000
81580000000,-9.54722,-18.99843,0.02072,0.12779,0.00000,-0.00000,0.99180,1.41177,-0.08856,0.00000
81600000000,-9.57411,-18.98933,0.02072,0.13381,0.00000,-0.00000,0.99101,1.41784,-0.09058,0.00000
81620000000,-9.60100,-18.97983,0.02072,0.14016,0.00000,-0.00000,0.99013,1.42486,-0.09255,0.00000
81640000000,-9.62790,-18.96989,0.02072,0.14686,0.00000,-0.00000,0.98916,1.43289,-0.09443,0.00000
81660000000,-9.65482,-18.95945,0.02072,0.15385,0.00000,-0.00000,0.98809,1.44280,-0.09917,0.00000
81680000000,-9.68176,-18.94846,0.02072,0.16108,0.00000,-0.00000,0.98694,1.45403,-0.10384,0.00000
81700000000,-9.70873,-18.93691,0.02072,0.16855,0.00000,-0.00000,0.98569,1.46654,-0.10813,0.00000
81720000000,-9.73576,-18.92478,0.02072,0.17625,0.00000,-0.00000,0.98434,1.48036,-0.11204,-0.00000
81740000000,-9.76283,-18.91205,0.02072,0.18420,0.00000,-0.00000,0.98289,1.49551,-0.11553,-0.00000
81760000000,-9.78997,-18.89870,0.02072,0.19240,0.00000,-0.00000,0.98132,1.51201,-0.11859,-0.00000
81780000000,-9.81717,-18.88471,0.02072,0.20083,0.00000,-0.00000,0.97963,1.52820,-0.12131,-0.00000
81800000000,-9.84406,-18.87018,0.02072,0.20927,0.00000,-0.00000,0.97786,1.52077,-0.12583,0.00000
81820000000,-9.87050,-18.85519,0.02072,0.21761,0.00000,-0.00000,0.97604,1.51231,-0.13044,0.00000
81840000000,-9.89656,-18.83974,0.02072,0.22591,0.00000,-0.00000,0.97415,1.50799,-0.13274,0.00000
81860000000,-9.92233,-18.82386,0.02072,0.23433,0.00000,-0.00000,0.97216,1.50855,-0.13168,-0.00000
81880000000,-9.94787,-18.80755,0.02072,0.24297,0.00000,-0.00000,0.97003,1.51008,-0.12958,0.00000
81900000000,-9.97314,-18.79080,0.02072,0.25182,0.00000,-0.00000,0.96777,1.50994,-0.12848,0.00000
81920000000,-9.99807,-18.77361,0.02072,0.26082,0.00000,-0.00000,0.96539,1.50885,-0.12785,0.00000
81940000000,-10.02269,-18.75598,0.02072,0.27005,0.00000,-0.00000,0.96285,1.50863,-0.12588,0.00000
81960000000,-10.04698,-18.73792,0.02072,0.27952,0.00000,-0.00000,0.96014,1.50773,-0.12399,0.00000
81980000000,-10.07088,-18.71942,0.02072,0.28921,0.00000,-0.00000,0.95727,1.50552,-0.12305,0.00000
82000000000,-10.09437,-18.70048,0.02072,0.29911,0.00000,-0.00000,0.95422,1.50317,-0.12148,0.00000
82020000000,-10.11743,-18.68112,0.02072,0.30926,0.00000,-0.00000,0.95098,1.50023,-0.11978,0.00000
82040000000,-10.14001,-18.66131,0.02072,0.31961,0.00000,-0.00000,0.94755,1.49589,-0.11986,0.00000
82060000000,-10.16209,-18.64108,0.02072,0.33014,0.00000,-0.00000,0.94393,1.49154,-0.11862,0.00000
82080000000,-10.18364,-18.62043,0.02072,0.34088,0.00000,-0.00000,0.94011,1.48631,-0.11847,0.00000
82100000000,-10.20454,-18.59928,0.02072,0.35156,0.00000,-0.00000,0.93616,1.47955,-0.12615,0.00000
82120000000,-10.22475,-18.57763,0.02072,0.36211,0.00000,-0.00000,0.93214,1.47380,-0.13388,0.00000
82140000000,-10.24430,-18.55549,0.02072,0.37251,0.00000,-0.00000,0.92803,1.46905,-0.14149,0.00000
82160000000,-10.26319,-18.53287,0.02072,0.38275,0.00000,-0.00000,0.92385,1.46527,-0.14896,0.00000
82180000000,-10.28143,-18.50979,0.02072,0.39284,0.00000,-0.00000,0.91961,1.46245,-0.15628,0.00000
82200000000,-10.29903,-18.48624,0.02072,0.40275,0.00000,-0.00000,0.91531,1.46055,-0.16343,0.00000
82220000000,-10.31600,-18.46224,0.02072,0.41249,0.00000,-0.00000,0.91096,1.45953,-0.17038,0.00000
82240000000,-10.33234,-18.43781,0.02072,0.42206,0.00000,-0.00000,0.90657,1.45937,-0.17712,0.00000
82260000000,-10.34808,-18.41295,0.02072,0.43144,0.00000,-0.00000,0.90214,1.46003,-0.18364,0.00000
82280000000,-10.36322,-18.38768,0.02072,0.44065,0.00000,-0.00000,0.89768,1.46148,-0.18991,0.00000
82300000000,-10.37777,-18.36199,0.02072,0.44967,0.00000,-0.00000,0.89320,1.46370,-0.19591,0.00000
82320000000,-10.39174,-18.33591,0.02072,0.45850,0.00000,-0.00000,0.88869,1.46664,-0.20163,0.00000
82340000000,-10.40523,-18.30951,0.02072,0.46704,0.00000,-0.00000,0.88423,1.46932,-0.19804,0.00000
82360000000,-10.41839,-18.28292,0.02072,0.47509,0.00000,-0.00000,0.87994,1.47195,-0.19112,0.00000
82380000000,-10.43109,-18.25600,0.02072,0.48289,0.00000,-0.00000,0.87568,1.47627,-0.19478,0.00000
82400000000,-10.44329,-18.22875,0.02072,0.49049,0.00000,-0.00000,0.87145,1.48112,-0.19814,0.00000
82420000000,-10.45503,-18.20118,0.02072,0.49788,0.00000,-0.00000,0.86725,1.48647,-0.20118,0.00000
82440000000,-10.46631,-18.17328,0.02072,0.50507,0.00000,-0.00000,0.86308,1.49228,-0.20390,0.00000
82460000000,-10.47715,-18.14507,0.02072,0.51205,0.00000,-0.00000,0.85896,1.49851,-0.20628,0.00000
82480000000,-10.48755,-18.11656,0.02072,0.51883,0.00000,-0.00000,0.85488,1.50515,-0.20832,0.00000
82500000000,-10.49754,-18.08774,0.02072,0.52541,0.00000,-0.00000,0.85085,1.51215,-0.21000,0.00000
82520000000,-10.50714,-18.05864,0.02072,0.53179,0.00000,-0.00000,0.84688,1.51948,-0.21132,0.00000
82540000000,-10.51634,-18.02925,0.02072,0.53797,0.00000,-0.00000,0.84297,1.52711,-0.21228,0.00000
82560000000,-10.52517,-17.99958,0.02072,0.54395,0.00000,-0.00000,0.83912,1.53501,-0.21285,0.00000
82580000000,-10.53365,-17.96964,0.02072,0.54973,0.00000,-0.00000,0.83534,1.54314,-0.21304,0.00000
82600000000,-10.54178,-17.93944,0.02072,0.55532,0.00000,-0.00000,0.83164,1.55147,-0.21284,0.00000
82620000000,-10.54959,-17.90898,0.02072,0.56071,0.00000,-0.00000,0.82801,1.55998,-0.21225,0.00000
82640000000,-10.55709,-17.87827,0.02072,0.56590,0.00000,-0.00000,0.82447,1.56862,-0.21127,0.00000
82660000000,-10.56429,-17.84731,0.02072,0.57090,0.00000,-0.00000,0.82102,1.57737,-0.20989,0.00000
82680000000,-10.57121,-17.81612,0.02072,0.57569,0.00000,-0.00000,0.81767,1.58619,-0.20811,0.00000
82700000000,-10.57788,-17.78470,0.02072,0.58028,0.00000,-0.00000,0.81441,1.59505,-0.20594,0.00000
82720000000,-10.58430,-17.75305,0.02072,0.58467,0.00000,-0.00000,0.81127,1.60392,-0.20338,0.00000
82740000000,-10.59050,-17.72118,0.02072,0.58886,0.00000,-0.00000,0.80824,1.61278,-0.20043,0.00000
82760000000,-10.59649,-17.68911,0.02072,0.59283,0.00000,-0.00000,0.80533,1.62159,-0.19710,0.00000
82780000000,-10.60229,-17.65683,0.02072,0.59660,0.00000,-0.00000,0.80254,1.63032,-0.19339,0.00000
82800000000,-10.60793,-17.62436,0.02072,0.60014,0.00000,-0.00000,0.79989,1.63894,-0.18933,0.00000
82820000000,-10.61341,-17.59170,0.02072,0.60347,0.00000,-0.00000,0.79739,1.64743,-0.18492,0.00000
82840000000,-10.61877,-17.55887,0.02072,0.60657,0.00000,-0.00000,0.79503,1.65575,-0.18017,0.00000
82860000000,-10.62402,-17.52586,0.02072,0.60944,0.00000,-0.00000,0.79284,1.66389,-0.17509,0.00000
82880000000,-10.62919,-17.49268,0.02072,0.61206,0.00000,-0.00000,0.79081,1.67181,-0.16972,0.00000
82900000000,-10.63429,-17.45936,0.02072,0.61445,0.00000,-0.00000,0.78896,1.67949,-0.16406,0.00000
82920000000,-10.63935,-17.42589,0.02072,0.61658,0.00000,-0.00000,0.78729,1.68692,-0.15814,0.00000
82940000000,-10.64439,-17.39228,0.02072,0.61845,0.00000,-0.00000,0.78582,1.69406,-0.15198,0.00000
82960000000,-10.64945,-17.35854,0.02072,0.62006,0.00000,-0.00000,0.78456,1.70089,-0.14560,0.00000
82980000000,-10.65453,-17.32469,0.02072,0.62138,0.00000,-0.00000,0.78351,1.70740,-0.13903,0.00000
83000000000,-10.65967,-17.29074,0.02072,0.62242,0.00000,-0.00000,0.78268,1.71285,-0.13209,0.00000
83020000000,-10.66490,-17.25696,0.02072,0.62327,0.00000,-0.00000,0.78200,1.70123,-0.12081,0.00000
83040000000,-10.67021,-17.22348,0.02072,0.62399,0.00000,-0.00000,0.78143,1.68776,-0.10983,0.00000
83060000000,-10.67562,-17.19030,0.02072,0.62460,0.00000,-0.00000,0.78094,1.67451,-0.09968,0.00000
83080000000,-10.68110,-17.15741,0.02072,0.62512,0.00000,-0.00000,0.78053,1.66148,-0.09029,0.00000
83100000000,-10.68667,-17.12480,0.02072,0.62555,0.00000,-0.00000,0.78019,1.64869,-0.08161,0.00000
83120000000,-10.69230,-17.09247,0.02072,0.62591,0.00000,-0.00000,0.77990,1.63614,-0.07359,0.00000
83140000000,-10.69801,-17.06040,0.02072,0.62622,0.00000,-0.00000,0.77964,1.62383,-0.06619,0.00000
83160000000,-10.70377,-17.02860,0.02072,0.62650,0.00000,-0.00000,0.77943,1.61177,-0.05937,0.00000
83180000000,-10.70958,-16.99706,0.02072,0.62674,0.00000,-0.00000,0.77923,1.59994,-0.05309,0.00000
83200000000,-10.71544,-16.96576,0.02072,0.62698,0.00000,-0.00000,0.77904,1.58835,-0.04732,0.00000
83220000000,-10.72134,-16.93471,0.02072,0.62721,0.00000,-0.00000,0.77885,1.57698,-0.04203,0.00000
83240000000,-10.72727,-16.90389,0.02072,0.62745,0.00000,-0.00000,0.77865,1.56584,-0.03720,0.00000
83260000000,-10.73322,-16.87331,0.02072,0.62772,0.00000,-0.00000,0.77844,1.55489,-0.03279,0.00000
83280000000,-10.73919,-16.84295,0.02072,0.62801,0.00000,-0.00000,0.77820,1.54415,-0.02878,0.00000
83300000000,-10.74515,-16.81280,0.02072,0.62835,0.00000,-0.00000,0.77793,1.53358,-0.02516,0.00000
83320000000,-10.75111,-16.78287,0.02072,0.62874,0.00000,-0.00000,0.77762,1.52319,-0.02191,0.00000
83340000000,-10.75706,-16.75315,0.02072,0.62918,0.00000,-0.00000,0.77726,1.51295,-0.01900,0.00000
83360000000,-10.76297,-16.72353,0.02072,0.62966,0.00000,-0.00000,0.77687,1.50973,-0.01792,0.00000
83380000000,-10.76886,-16.69392,0.02072,0.63013,0.00000,-0.00000,0.77649,1.50955,-0.01755,0.00000
83400000000,-10.77472,-16.66430,0.02072,0.63058,0.00000,-0.00000,0.77612,1.50938,-0.01718,0.00000
83420000000,-10.78055,-16.63468,0.02072,0.63103,0.00000,-0.00000,0.77576,1.50921,-0.01683,0.00000
83440000000,-10.78635,-16.60506,0.02072,0.63147,0.00000,-0.00000,0.77540,1.50905,-0.01648,0.00000
83460000000,-10.79213,-16.57544,0.02072,0.63190,0.00000,-0.00000,0.77505,1.50888,-0.01614,0.00000
83480000000,-10.79788,-16.54582,0.02072,0.63233,0.00000,-0.00000,0.77470,1.50872,-0.01580,0.00000
83500000000,-10.80360,-16.51619,0.02072,0.63274,0.00000,-0.00000,0.77436,1.50856,-0.01548,0.00000
83520000000,-10.80930,-16.48656,0.02072,0.63315,0.00000,-0.00000,0.77403,1.50841,-0.01516,0.00000
83540000000,-10.81497,-16.45693,0.02072,0.63355,0.00000,-0.00000,0.77370,1.50825,-0.01485,0.00000
83560000000,-10.82061,-16.42730,0.02072,0.63394,0.00000,-0.00000,0.77338,1.50810,-0.01454,0.00000
83580000000,-10.82624,-16.39767,0.02072,0.63432,0.00000,-0.00000,0.77307,1.50795,-0.01424,0.00000
83600000000,-10.83184,-16.36804,0.02072,0.63470,0.00000,-0.00000,0.77276,1.50781,-0.01395,0.00000
83620000000,-10.83741,-16.33840,0.02072,0.63506,0.00000,-0.00000,0.77246,1.50766,-0.01366,0.00000
83640000000,-10.84296,-16.30876,0.02072,0.63542,0.00000,-0.00000,0.77216,1.50752,-0.01338,0.00000
83660000000,-10.84849,-16.27913,0.02072,0.63578,0.00000,-0.00000,0.77187,1.50739,-0.01311,0.00000
83680000000,-10.85400,-16.24949,0.02072,0.63612,0.00000,-0.00000,0.77159,1.50725,-0.01284,0.00000
83700000000,-10.85949,-16.21985,0.02072,0.63646,0.00000,-0.00000,0.77131,1.50711,-0.01257,0.00000
83720000000,-10.86495,-16.19020,0.02072,0.63680,0.00000,-0.00000,0.77103,1.50698,-0.01232,0.00000
83740000000,-10.87040,-16.16056,0.02072,0.63712,0.00000,-0.00000,0.77076,1.50685,-0.01206,0.00000
83760000000,-10.87582,-16.13092,0.02072,0.63744,0.00000,-0.00000,0.77050,1.50673,-0.01182,0.00000
83780000000,-10.88122,-16.10127,0.02072,0.63776,0.00000,-0.00000,0.77024,1.50660,-0.01157,0.00000
83800000000,-10.88661,-16.07163,0.02072,0.63806,0.00000,-0.00000,0.76998,1.50648,-0.01134,0.00000
83820000000,-10.89197,-16.04198,0.02072,0.63837,0.00000,-0.00000,0.76973,1.50636,-0.01111,0.00000
83840000000,-10.89732,-16.01233,0.02072,0.63866,0.00000,-0.00000,0.76949,1.50624,-0.01088,0.00000
83860000000,-10.90264,-15.98268,0.02072,0.63895,0.00000,-0.00000,0.76925,1.50612,-0.01066,0.00000
83880000000,-10.90795,-15.95303,0.02072,0.63924,0.00000,-0.00000,0.76901,1.50601,-0.01044,0.00000
83900000000,-10.91324,-15.92338,0.02072,0.63951,0.00000,-0.00000,0.76878,1.50589,-0.01023,0.00000
83920000000,-10.91852,-15.89373,0.02072,0.63979,0.00000,-0.00000,0.76855,1.50578,-0.01002,0.00000
83940000000,-10.92377,-15.86408,0.02072,0.64005,0.00000,-0.00000,0.76833,1.50567,-0.00981,0.00000
83960000000,-10.92901,-15.83442,0.02072,0.64032,0.00000,-0.00000,0.76811,1.50557,-0.00961,0.00000
83980000000,-10.93424,-15.80477,0.02072,0.64057,0.00000,-0.00000,0.76790,1.50546,-0.00942,0.00000
84000000000,-10.93944,-15.77511,0.02072,0.64083,0.00000,-0.00000,0.76769,1.50536,-0.00923,0.00000
84020000000,-10.94463,-15.74546,0.02072,0.64107,0.00000,-0.00000,0.76748,1.50526,-0.00904,0.00000
84040000000,-10.94981,-15.71580,0.02072,0.64132,0.00000,-0.00000,0.76728,1.50516,-0.00885,0.00000
84060000000,-10.95497,-15.68615,0.02072,0.64155,0.00000,-0.00000,0.76708,1.50506,-0.00867,0.00000
84080000000,-10.96011,-15.65649,0.02072,0.64179,0.00000,-0.00000,0.76688,1.50497,-0.00850,0.00000
84100000000,-10.96524,-15.62683,0.02072,0.64201,0.00000,-0.00000,0.76669,1.50487,-0.00833,0.00000
84120000000,-10.97036,-15.59717,0.02072,0.64224,0.00000,-0.00000,0.76651,1.50478,-0.00816,0.00000
84140000000,-10.97546,-15.56751,0.02072,0.64246,0.00000,-0.00000,0.76632,1.50469,-0.00799,0.00000
84160000000,-10.98055,-15.53785,0.02072,0.64267,0.00000,-0.00000,0.76614,1.50460,-0.00783,0.00000
84180000000,-10.98562,-15.50819,0.02072,0.64288,0.00000,-0.00000,0.76596,1.50451,-0.00767,0.00000
84200000000,-10.99068,-15.47853,0.02072,0.64309,0.00000,-0.00000,0.76579,1.50442,-0.00751,0.00000
84220000000,-10.99573,-15.44887,0.02072,0.64329,0.00000,-0.00000,0.76562,1.50434,-0.00736,0.00000
84240000000,-11.00076,-15.41921,0.02072,0.64349,0.00000,-0.00000,0.76545,1.50426,-0.00721,0.00000
84260000000,-11.00578,-15.38955,0.02072,0.64368,0.00000,-0.00000,0.76529,1.50418,-0.00707,0.00000
84280000000,-11.01079,-15.35989,0.02072,0.64388,0.00000,-0.00000,0.76513,1.50410,-0.00692,0.00000
84300000000,-11.01579,-15.33022,0.02072,0.64406,0.00000,-0.00000,0.76497,1.50402,-0.00678,0.00000
84320000000,-11.02077,-15.30056,0.02072,0.64425,0.00000,-0.00000,0.76482,1.50394,-0.00665,0.00000
84340000000,-11.02575,-15.27089,0.02072,0.64443,0.00000,-0.00000,0.76467,1.50387,-0.00651,0.00000
84360000000,-11.03071,-15.24123,0.02072,0.64460,0.00000,-0.00000,0.76452,1.50379,-0.00638,0.00000
84380000000,-11.03566,-15.21157,0.02072,0.64477,0.00000,-0.00000,0.76437,1.50372,-0.00625,0.00000
84400000000,-11.04059,-15.18195,0.02072,0.64499,0.00000,-0.00000,0.76419,1.49918,-0.00688,0.00000
84420000000,-11.04543,-15.15237,0.02072,0.64532,0.00000,-0.00000,0.76391,1.49858,-0.00910,0.00000
84440000000,-11.05014,-15.12279,0.02072,0.64583,0.00000,-0.00000,0.76348,1.49710,-0.01665,0.00000
84460000000,-11.05473,-15.09328,0.02072,0.64650,0.00000,-0.00000,0.76292,1.49056,-0.01627,0.00000
84480000000,-11.05927,-15.06396,0.02072,0.64722,0.00000,-0.00000,0.76230,1.48153,-0.01493,0.00000
84500000000,-11.06375,-15.03474,0.02072,0.64798,0.00000,-0.00000,0.76165,1.47545,-0.01429,0.00000
84520000000,-11.06816,-15.00572,0.02072,0.64882,0.00000,-0.00000,0.76094,1.46510,-0.01315,0.00000
84540000000,-11.07248,-14.97687,0.02072,0.64973,0.00000,-0.00000,0.76016,1.45745,-0.01276,0.00000
84560000000,-11.07671,-14.94815,0.02072,0.65071,0.00000,-0.00000,0.75933,1.45012,-0.01263,0.00000
84580000000,-11.08085,-14.91955,0.02072,0.65175,0.00000,-0.00000,0.75843,1.44427,-0.01295,0.00000
84600000000,-11.08487,-14.89091,0.02072,0.65282,0.00000,-0.00000,0.75751,1.44852,-0.01504,0.00000
84620000000,-11.08879,-14.86209,0.02072,0.65389,0.00000,-0.00000,0.75659,1.45551,-0.01737,0.00000
84640000000,-11.09260,-14.83305,0.02072,0.65493,0.00000,-0.00000,0.75569,1.46687,-0.02018,0.00000
84660000000,-11.09632,-14.80378,0.02072,0.65595,0.00000,-0.00000,0.75481,1.47817,-0.02265,0.00000
84680000000,-11.09995,-14.77426,0.02072,0.65692,0.00000,-0.00000,0.75396,1.48938,-0.02477,0.00000
84700000000,-11.10355,-14.74456,0.02072,0.65776,0.00000,-0.00000,0.75323,1.49676,-0.02078,0.00000
84720000000,-11.10723,-14.71475,0.02072,0.65833,0.00000,-0.00000,0.75273,1.50443,-0.01715,0.00000
84740000000,-11.11088,-14.68476,0.02072,0.65884,0.00000,-0.00000,0.75228,1.51155,-0.01789,0.00000
84760000000,-11.11450,-14.65475,0.02072,0.65935,0.00000,-0.00000,0.75184,1.51134,-0.01752,0.00000
84780000000,-11.11808,-14.62473,0.02072,0.65984,0.00000,-0.00000,0.75141,1.51114,-0.01715,0.00000
84800000000,-11.12163,-14.59472,0.02072,0.66033,0.00000,-0.00000,0.75098,1.51094,-0.01679,0.00000
84820000000,-11.12515,-14.56471,0.02072,0.66080,0.00000,-0.00000,0.75056,1.51074,-0.01644,0.00000
84840000000,-11.12864,-14.53470,0.02072,0.66126,0.00000,-0.00000,0.75015,1.51054,-0.01609,0.00000
84860000000,-11.13209,-14.50469,0.02072,0.66172,0.00000,-0.00000,0.74975,1.51035,-0.01576,0.00000
84880000000,-11.13552,-14.47468,0.02072,0.66217,0.00000,-0.00000,0.74936,1.51016,-0.01543,0.00000
84900000000,-11.13892,-14.44467,0.02072,0.66261,0.00000,-0.00000,0.74897,1.50997,-0.01510,0.00000
84920000000,-11.14228,-14.41466,0.02072,0.66304,0.00000,-0.00000,0.74859,1.50978,-0.01479,0.00000
84940000000,-11.14562,-14.38465,0.02072,0.66346,0.00000,-0.00000,0.74821,1.50960,-0.01448,0.00000
84960000000,-11.14893,-14.35464,0.02072,0.66387,0.00000,-0.00000,0.74785,1.50943,-0.01418,0.00000
84980000000,-11.15222,-14.32463,0.02072,0.66427,0.00000,-0.00000,0.74749,1.50925,-0.01388,0.00000
85000000000,-11.15548,-14.29462,0.02072,0.66467,0.00000,-0.00000,0.74714,1.50908,-0.01359,0.00000
85020000000,-11.15871,-14.26462,0.02072,0.66506,0.00000,-0.00000,0.74679,1.50891,-0.01331,0.00000
85040000000,-11.16191,-14.23461,0.02072,0.66544,0.00000,-0.00000,0.74645,1.50875,-0.01303,0.00000
85060000000,-11.16509,-14.20460,0.02072,0.66582,0.00000,-0.00000,0.74612,1.50858,-0.01276,0.00000
85080000000,-11.16825,-14.17464,0.02072,0.66619,0.00000,-0.00000,0.74578,1.50420,-0.01201,0.00000
85100000000,-11.17138,-14.14480,0.02072,0.66659,0.00000,-0.00000,0.74543,1.50018,-0.01146,0.00000
85120000000,-11.17439,-14.11501,0.02072,0.66713,0.00000,-0.00000,0.74494,1.49603,-0.01725,0.00000
85140000000,-11.17730,-14.08536,0.02072,0.66779,0.00000,-0.00000,0.74435,1.48856,-0.01681,0.00000
85160000000,-11.18015,-14.05585,0.02072,0.66848,0.00000,-0.00000,0.74373,1.47937,-0.01599,0.00000
85180000000,-11.18294,-14.02656,0.02072,0.66923,0.00000,-0.00000,0.74306,1.46825,-0.01521,0.00000
85200000000,-11.18566,-13.99746,0.02072,0.67003,0.00000,-0.00000,0.74234,1.45909,-0.01492,0.00000
85220000000,-11.18830,-13.96846,0.02072,0.67087,0.00000,-0.00000,0.74158,1.45462,-0.01537,0.00000
85240000000,-11.19084,-13.93959,0.02072,0.67175,0.00000,-0.00000,0.74078,1.44887,-0.01583,0.00000
85260000000,-11.19330,-13.91080,0.02072,0.67269,0.00000,-0.00000,0.73993,1.44172,-0.01624,0.00000
85280000000,-11.19566,-13.88220,0.02072,0.67368,0.00000,-0.00000,0.73902,1.43387,-0.01680,0.00000
85300000000,-11.19790,-13.85344,0.02072,0.67469,0.00000,-0.00000,0.73810,1.44541,-0.01947,0.00000
85320000000,-11.20004,-13.82442,0.02072,0.67571,0.00000,-0.00000,0.73717,1.45773,-0.02189,0.00000
85340000000,-11.20208,-13.79515,0.02072,0.67671,0.00000,-0.00000,0.73625,1.46992,-0.02396,0.00000
85360000000,-11.20402,-13.76563,0.02072,0.67770,0.00000,-0.00000,0.73534,1.48200,-0.02570,0.00000
85380000000,-11.20588,-13.73586,0.02072,0.67867,0.00000,-0.00000,0.73444,1.49385,-0.02697,0.00000
85400000000,-11.20775,-13.70594,0.02072,0.67946,0.00000,-0.00000,0.73372,1.50139,-0.02217,0.00000
85420000000,-11.20958,-13.67579,0.02072,0.68019,0.00000,-0.00000,0.73304,1.51307,-0.02298,0.00000
85440000000,-11.21136,-13.64550,0.02072,0.68089,0.00000,-0.00000,0.73239,1.51674,-0.02284,0.00000
85460000000,-11.21309,-13.61521,0.02072,0.68158,0.00000,-0.00000,0.73174,1.51644,-0.02235,0.00000
85480000000,-11.21477,-13.58493,0.02072,0.68226,0.00000,-0.00000,0.73111,1.51614,-0.02186,0.00000
85500000000,-11.21641,-13.55466,0.02072,0.68292,0.00000,-0.00000,0.73049,1.51585,-0.02139,0.00000
85520000000,-11.21800,-13.52438,0.02072,0.68357,0.00000,-0.00000,0.72989,1.51557,-0.02092,0.00000
85540000000,-11.21954,-13.49411,0.02072,0.68421,0.00000,-0.00000,0.72929,1.51529,-0.02047,0.00000
85560000000,-11.22105,-13.46385,0.02072,0.68483,0.00000,-0.00000,0.72870,1.51501,-0.02003,0.00000
85580000000,-11.22250,-13.43358,0.02072,0.68544,0.00000,-0.00000,0.72813,1.51474,-0.01959,0.00000
85600000000,-11.22392,-13.40332,0.02072,0.68604,0.00000,-0.00000,0.72756,1.51447,-0.01917,0.00000
85620000000,-11.22530,-13.37307,0.02072,0.68663,0.00000,-0.00000,0.72700,1.51420,-0.01876,0.00000
85640000000,-11.22663,-13.34281,0.02072,0.68721,0.00000,-0.00000,0.72646,1.51394,-0.01835,0.00000
85660000000,-11.22792,-13.31256,0.02072,0.68778,0.00000,-0.00000,0.72592,1.51369,-0.01796,0.00000
85680000000,-11.22918,-13.28232,0.02072,0.68833,0.00000,-0.00000,0.72539,1.51344,-0.01757,0.00000
85700000000,-11.23040,-13.25207,0.02072,0.68888,0.00000,-0.00000,0.72488,1.51319,-0.01720,0.00000
85720000000,-11.23157,-13.22184,0.02072,0.68941,0.00000,-0.00000,0.72437,1.51295,-0.01683,0.00000
85740000000,-11.23272,-13.19160,0.02072,0.68994,0.00000,-0.00000,0.72387,1.51271,-0.01647,0.00000
85760000000,-11.23382,-13.16137,0.02072,0.69045,0.00000,-0.00000,0.72338,1.51247,-0.01612,0.00000
85780000000,-11.23489,-13.13114,0.02072,0.69095,0.00000,-0.00000,0.72290,1.51224,-0.01577,0.00000
85800000000,-11.23592,-13.10091,0.02072,0.69145,0.00000,-0.00000,0.72243,1.51201,-0.01544,0.00000
85820000000,-11.23692,-13.07069,0.02072,0.69193,0.00000,-0.00000,0.72196,1.51179,-0.01511,0.00000
85840000000,-11.23789,-13.04047,0.02072,0.69241,0.00000,-0.00000,0.72151,1.51157,-0.01479,0.00000
85860000000,-11.23882,-13.01026,0.02072,0.69287,0.00000,-0.00000,0.72106,1.51135,-0.01447,0.00000
85880000000,-11.23972,-12.98005,0.02072,0.69333,0.00000,-0.00000,0.72062,1.51114,-0.01416,0.00000
85900000000,-11.24059,-12.94984,0.02072,0.69377,0.00000,-0.00000,0.72019,1.51093,-0.01386,0.00000
85920000000,-11.24143,-12.91963,0.02072,0.69421,0.00000,-0.00000,0.71977,1.51073,-0.01357,0.00000
85940000000,-11.24223,-12.88943,0.02072,0.69464,0.00000,-0.00000,0.71935,1.51053,-0.01328,0.00000
85960000000,-11.24301,-12.85923,0.02072,0.69507,0.00000,-0.00000,0.71895,1.51033,-0.01300,0.00000
85980000000,-11.24375,-12.82904,0.02072,0.69548,0.00000,-0.00000,0.71855,1.51013,-0.01273,0.00000
86000000000,-11.24447,-12.79884,0.02072,0.69588,0.00000,-0.00000,0.71815,1.50994,-0.01246,0.00000
86020000000,-11.24516,-12.76865,0.02072,0.69628,0.00000,-0.00000,0.71777,1.50976,-0.01219,0.00000
86040000000,-11.24582,-12.73847,0.02072,0.69667,0.00000,-0.00000,0.71739,1.50957,-0.01194,0.00000
86060000000,-11.24645,-12.70829,0.02072,0.69705,0.00000,-0.00000,0.71702,1.50939,-0.01169,0.00000
86080000000,-11.24706,-12.67811,0.02072,0.69743,0.00000,-0.00000,0.71666,1.50921,-0.01144,0.00000
86100000000,-11.24764,-12.64793,0.02072,0.69779,0.00000,-0.00000,0.71630,1.50904,-0.01120,0.00000
86120000000,-11.24819,-12.61775,0.02072,0.69815,0.00000,-0.00000,0.71595,1.50887,-0.01097,0.00000
86140000000,-11.24872,-12.58758,0.02072,0.69851,0.00000,-0.00000,0.71560,1.50870,-0.01074,0.00000
86160000000,-11.24922,-12.55742,0.02072,0.69885,0.00000,-0.00000,0.71526,1.50853,-0.01051,0.00000
86180000000,-11.24970,-12.52725,0.02072,0.69919,0.00000,-0.00000,0.71493,1.50837,-0.01029,0.00000
86200000000,-11.25015,-12.49709,0.02072,0.69953,0.00000,-0.00000,0.71461,1.50821,-0.01008,0.00000
86220000000,-11.25058,-12.46693,0.02072,0.69985,0.00000,-0.00000,0.71429,1.50805,-0.00987,0.00000
86240000000,-11.25099,-12.43677,0.02072,0.70017,0.00000,-0.00000,0.71397,1.50790,-0.00966,0.00000
86260000000,-11.25137,-12.40662,0.02072,0.70049,0.00000,-0.00000,0.71367,1.50775,-0.00946,0.00000
86280000000,-11.25174,-12.37647,0.02072,0.70079,0.00000,-0.00000,0.71337,1.50760,-0.00926,0.00000
86300000000,-11.25208,-12.34632,0.02072,0.70109,0.00000,-0.00000,0.71307,1.50746,-0.00907,0.00000
86320000000,-11.25240,-12.31617,0.02072,0.70139,0.00000,-0.00000,0.71278,1.50731,-0.00888,0.00000
86340000000,-11.25269,-12.28603,0.02072,0.70168,0.00000,-0.00000,0.71249,1.50717,-0.00869,0.00000
86360000000,-11.25297,-12.25589,0.02072,0.70196,0.00000,-0.00000,0.71221,1.50704,-0.00851,0.00000
86380000000,-11.25323,-12.22575,0.02072,0.70224,0.00000,-0.00000,0.71194,1.50690,-0.00834,0.00000
86400000000,-11.25346,-12.19562,0.02072,0.70251,0.00000,-0.00000,0.71167,1.50677,-0.00816,0.00000
86420000000,-11.25368,-12.16548,0.02072,0.70278,0.00000,-0.00000,0.71141,1.50664,-0.00800,0.00000
86440000000,-11.25388,-12.13535,0.02072,0.70304,0.00000,-0.00000,0.71115,1.50651,-0.00783,0.00000
86460000000,-11.25406,-12.10522,0.02072,0.70330,0.00000,-0.00000,0.71089,1.50639,-0.00767,0.00000
86480000000,-11.25422,-12.07510,0.02072,0.70355,0.00000,-0.00000,0.71064,1.50626,-0.00751,0.00000
86500000000,-11.25436,-12.04497,0.02072,0.70380,0.00000,-0.00000,0.71040,1.50614,-0.00735,0.00000
86520000000,-11.25449,-12.01485,0.02072,0.70404,0.00000,-0.00000,0.71016,1.50602,-0.00720,0.00000
86540000000,-11.25460,-11.98473,0.02072,0.70428,0.00000,-0.00000,0.70992,1.50591,-0.00705,0.00000
86560000000,-11.25469,-11.95462,0.02072,0.70451,0.00000,-0.00000,0.70969,1.50579,-0.00691,0.00000
86580000000,-11.25476,-11.92450,0.02072,0.70474,0.00000,-0.00000,0.70946,1.50568,-0.00677,0.00000
86600000000,-11.25482,-11.89439,0.02072,0.70496,0.00000,-0.00000,0.70924,1.50557,-0.00663,0.00000
86620000000,-11.25486,-11.86428,0.02072,0.70518,0.00000,-0.00000,0.70902,1.50546,-0.00649,0.00000
86640000000,-11.25489,-11.83417,0.02072,0.70540,0.00000,-0.00000,0.70881,1.50536,-0.00636,0.00000
86660000000,-11.25490,-11.80407,0.02072,0.70561,0.00000,-0.00000,0.70860,1.50525,-0.00623,0.00000
86680000000,-11.25489,-11.77396,0.02072,0.70582,0.00000,-0.00000,0.70839,1.50515,-0.00610,0.00000
86700000000,-11.25488,-11.74386,0.02072,0.70602,0.00000,-0.00000,0.70819,1.50505,-0.00597,0.00000
86720000000,-11.25484,-11.71376,0.02072,0.70622,0.00000,-0.00000,0.70799,1.50495,-0.00585,0.00000
86740000000,-11.25479,-11.68366,0.02072,0.70641,0.00000,-0.00000,0.70780,1.50486,-0.00573,0.00000
86760000000,-11.25473,-11.65357,0.02072,0.70660,0.00000,-0.00000,0.70761,1.50476,-0.00561,0.00000
86780000000,-11.25465,-11.62347,0.02072,0.70679,0.00000,-0.00000,0.70742,1.50467,-0.00550,0.00000
86800000000,-11.25456,-11.59338,0.02072,0.70697,0.00000,-0.00000,0.70724,1.50458,-0.00539,0.00000
86820000000,-11.25446,-11.56329,0.02072,0.70715,0.00000,-0.00000,0.70706,1.50449,-0.00528,0.00000
86840000000,-11.25435,-11.53320,0.02072,0.70733,0.00000,-0.00000,0.70688,1.50440,-0.00517,0.00000
86860000000,-11.25422,-11.50312,0.02072,0.70750,0.00000,-0.00000,0.70671,1.50431,-0.00507,0.00000
86880000000,-11.25408,-11.47303,0.02072,0.70767,0.00000,-0.00000,0.70654,1.50423,-0.00497,0.00000
86900000000,-11.25392,-11.44295,0.02072,0.70784,0.00000,-0.00000,0.70637,1.50414,-0.00487,0.00000
86920000000,-11.25376,-11.41287,0.02072,0.70800,0.00000,-0.00000,0.70621,1.50406,-0.00477,0.00000
86940000000,-11.25358,-11.38279,0.02072,0.70816,0.00000,-0.00000,0.70605,1.50398,-0.00468,0.00000
86960000000,-11.25339,-11.35271,0.02072,0.70832,0.00000,-0.00000,0.70590,1.50390,-0.00458,0.00000
86980000000,-11.25319,-11.32263,0.02072,0.70847,0.00000,-0.00000,0.70574,1.50382,-0.00449,0.00000
87000000000,-11.25298,-11.29256,0.02072,0.70862,0.00000,-0.00000,0.70559,1.50375,-0.00440,0.00000
87020000000,-11.25276,-11.26249,0.02072,0.70876,0.00000,-0.00000,0.70544,1.50367,-0.00431,0.00000
87040000000,-11.25253,-11.23241,0.02072,0.70891,0.00000,-0.00000,0.70530,1.50360,-0.00423,0.00000
87060000000,-11.25228,-11.20234,0.02072,0.70905,0.00000,-0.00000,0.70516,1.50353,-0.00414,0.00000
87080000000,-11.25203,-11.17228,0.02072,0.70919,0.00000,-0.00000,0.70502,1.50346,-0.00406,0.00000
87100000000,-11.25177,-11.14221,0.02072,0.70932,0.00000,-0.00000,0.70488,1.50339,-0.00398,0.00000
87120000000,-11.25149,-11.11214,0.02072,0.70946,0.00000,-0.00000,0.70475,1.50332,-0.00390,0.00000
87140000000,-11.25121,-11.08208,0.02072,0.70959,0.00000,-0.00000,0.70462,1.50325,-0.00382,0.00000
87160000000,-11.25092,-11.05202,0.02072,0.70971,0.00000,-0.00000,0.70449,1.50319,-0.00375,0.00000
87180000000,-11.25062,-11.02195,0.02072,0.70984,0.00000,-0.00000,0.70437,1.50313,-0.00367,0.00000
87200000000,-11.25031,-10.99189,0.02072,0.70996,0.00000,-0.00000,0.70424,1.50306,-0.00360,0.00000
87220000000,-11.24999,-10.96184,0.02072,0.71008,0.00000,-0.00000,0.70412,1.50300,-0.00353,0.00000
87240000000,-11.24966,-10.93178,0.02072,0.71020,0.00000,-0.00000,0.70400,1.50294,-0.00346,0.00000
87260000000,-11.24932,-10.90172,0.02072,0.71031,0.00000,-0.00000,0.70389,1.50288,-0.00339,0.00000
87280000000,-11.24898,-10.87167,0.02072,0.71042,0.00000,-0.00000,0.70377,1.50283,-0.00332,0.00000
87300000000,-11.24862,-10.84161,0.02072,0.71053,0.00000,-0.00000,0.70366,1.50277,-0.00326,0.00000
87320000000,-11.24826,-10.81156,0.02072,0.71064,0.00000,-0.00000,0.70355,1.50272,-0.00319,0.00000
87340000000,-11.24789,-10.78151,0.02072,0.71075,0.00000,-0.00000,0.70345,1.50266,-0.00313,0.00000
87360000000,-11.24752,-10.75146,0.02072,0.71085,0.00000,-0.00000,0.70334,1.50261,-0.00307,0.00000
87380000000,-11.24713,-10.72141,0.02072,0.71095,0.00000,-0.00000,0.70324,1.50256,-0.00300,0.00000
87400000000,-11.24674,-10.69136,0.02072,0.71105,0.00000,-0.00000,0.70314,1.50251,-0.00294,0.00000
87420000000,-11.24634,-10.66132,0.02072,0.71115,0.00000,-0.00000,0.70304,1.50246,-0.00289,0.00000
87440000000,-11.24594,-10.63127,0.02072,0.71125,0.00000,-0.00000,0.70294,1.50241,-0.00283,0.00000
87460000000,-11.24552,-10.60123,0.02072,0.71134,0.00000,-0.00000,0.70285,1.50236,-0.00277,0.00000
87480000000,-11.24510,-10.57118,0.02072,0.71143,0.00000,-0.00000,0.70275,1.50231,-0.00272,0.00000
87500000000,-11.24468,-10.54114,0.02072,0.71152,0.00000,-0.00000,0.70266,1.50227,-0.00266,0.00000
87520000000,-11.24424,-10.51110,0.02072,0.71161,0.00000,-0.00000,0.70257,1.50222,-0.00261,0.00000
87540000000,-11.24380,-10.48106,0.02072,0.71170,0.00000,-0.00000,0.70248,1.50218,-0.00256,0.00000
87560000000,-11.24336,-10.45102,0.02072,0.71178,0.00000,-0.00000,0.70240,1.50213,-0.00251,0.00000
87580000000,-11.24291,-10.42098,0.02072,0.71187,0.00000,-0.00000,0.70231,1.50209,-0.00246,0.00000
87600000000,-11.24245,-10.39094,0.02072,0.71195,0.00000,-0.00000,0.70223,1.50205,-0.00241,0.00000
87620000000,-11.24198,-10.36090,0.02072,0.71203,0.00000,-0.00000,0.70215,1.50201,-0.00236,0.00000
87640000000,-11.24151,-10.33087,0.02072,0.71211,0.00000,-0.00000,0.70207,1.50197,-0.00231,0.00000
87660000000,-11.24104,-10.30083,0.02072,0.71218,0.00000,-0.00000,0.70199,1.50193,-0.00227,0.00000
87680000000,-11.24056,-10.27080,0.02072,0.71226,0.00000,-0.00000,0.70192,1.50189,-0.00222,0.00000
87700000000,-11.24007,-10.24077,0.02072,0.71233,0.00000,-0.00000,0.70184,1.50185,-0.00218,0.00000
87720000000,-11.23958,-10.21073,0.02072,0.71241,0.00000,-0.00000,0.70177,1.50182,-0.00214,0.00000
87740000000,-11.23908,-10.18070,0.02072,0.71248,0.00000,-0.00000,0.70170,1.50178,-0.00209,0.00000
87760000000,-11.23858,-10.15067,0.02072,0.71255,0.00000,-0.00000,0.70163,1.50175,-0.00205,0.00000
87780000000,-11.23807,-10.12064,0.02072,0.71261,0.00000,-0.00000,0.70156,1.50171,-0.00201,0.00000
87800000000,-11.23756,-10.09061,0.02072,0.71268,0.00000,-0.00000,0.70149,1.50168,-0.00197,0.00000
87820000000,-11.23704,-10.06058,0.02072,0.71275,0.00000,-0.00000,0.70142,1.50164,-0.00193,0.00000
87840000000,-11.23652,-10.03055,0.02072,0.71281,0.00000,-0.00000,0.70136,1.50161,-0.00189,0.00000
87860000000,-11.23600,-10.00053,0.02072,0.71287,0.00000,-0.00000,0.70129,1.50158,-0.00186,0.00000
87880000000,-11.23546,-9.97050,0.02072,0.71293,0.00000,-0.00000,0.70123,1.50155,-0.00182,0.00000
87900000000,-11.23493,-9.94048,0.02072,0.71299,0.00000,-0.00000,0.70117,1.50152,-0.00178,0.00000
87920000000,-11.23439,-9.91045,0.02072,0.71305,0.00000,-0.00000,0.70111,1.50149,-0.00175,0.00000
87940000000,-11.23384,-9.88043,0.02072,0.71311,0.00000,-0.00000,0.70105,1.50146,-0.00171,0.00000
87960000000,-11.23330,-9.85040,0.02072,0.71317,0.00000,-0.00000,0.70099,1.50143,-0.00168,0.00000
87980000000,-11.23274,-9.82038,0.02072,0.71322,0.00000,-0.00000,0.70094,1.50140,-0.00165,0.00000
88000000000,-11.23219,-9.79036,0.02072,0.71328,0.00000,-0.00000,0.70088,1.50137,-0.00161,0.00000
88020000000,-11.23163,-9.76033,0.02072,0.71333,0.00000,-0.00000,0.70083,1.50134,-0.00158,0.00000
88040000000,-11.23106,-9.73031,0.02072,0.71338,0.00000,-0.00000,0.70077,1.50132,-0.00155,0.00000
88060000000,-11.23049,-9.70029,0.02072,0.71344,0.00000,-0.00000,0.70072,1.50129,-0.00152,0.00000
88080000000,-11.22992,-9.67027,0.02072,0.71349,0.00000,-0.00000,0.70067,1.50127,-0.00149,0.00000
88100000000,-11.22935,-9.64025,0.02072,0.71353,0.00000,-0.00000,0.70062,1.50124,-0.00146,0.00000
88120000000,-11.22877,-9.61023,0.02072,0.71358,0.00000,-0.00000,0.70057,1.50122,-0.00143,0.00000
88140000000,-11.22818,-9.58022,0.02072,0.71363,0.00000,-0.00000,0.70052,1.50119,-0.00140,0.00000
88160000000,-11.22760,-9.55014,0.02072,0.71368,0.00000,-0.00000,0.70048,1.50651,-0.00136,0.00000
88180000000,-11.22700,-9.51984,0.02072,0.71372,0.00000,-0.00000,0.70043,1.51829,-0.00111,0.00000
88200000000,-11.22642,-9.48939,0.02072,0.71374,0.00000,-0.00000,0.70041,1.52550,-0.00069,0.00000
88220000000,-11.22583,-9.45871,0.02072,0.71375,0.00000,-0.00000,0.70040,1.53658,-0.00005,0.00000
88240000000,-11.22526,-9.42783,0.02072,0.71373,0.00000,-0.00000,0.70042,1.54740,0.00082,0.00000
88260000000,-11.22471,-9.39675,0.02072,0.71368,0.00000,-0.00000,0.70048,1.55570,0.00193,0.00000
88280000000,-11.22419,-9.36552,0.02072,0.71358,0.00000,-0.00000,0.70057,1.56250,0.00322,0.00000
88300000000,-11.22370,-9.33411,0.02072,0.71343,0.00000,-0.00000,0.70072,1.57321,0.00469,0.00000
88320000000,-11.22327,-9.30259,0.02072,0.71323,0.00000,-0.00000,0.70093,1.57456,0.00635,0.00000
88340000000,-11.22288,-9.27131,0.02072,0.71299,0.00000,-0.00000,0.70118,1.56077,0.00774,0.00000
88360000000,-11.22255,-9.24024,0.02072,0.71270,0.00000,-0.00000,0.70147,1.55076,0.00887,0.00000
88380000000,-11.22226,-9.20943,0.02072,0.71238,0.00000,-0.00000,0.70180,1.53745,0.00970,0.00000
88400000000,-11.22202,-9.17887,0.02072,0.71204,0.00000,-0.00000,0.70214,1.52440,0.01023,0.00000
88420000000,-11.22182,-9.14858,0.02072,0.71168,0.00000,-0.00000,0.70250,1.51158,0.01049,0.00000
88440000000,-11.22165,-9.11853,0.02072,0.71134,0.00000,-0.00000,0.70284,1.49971,0.00963,0.00000
88460000000,-11.22149,-9.08867,0.02072,0.71103,0.00000,-0.00000,0.70316,1.49209,0.00930,0.00000
88480000000,-11.22136,-9.05882,0.02072,0.71072,0.00000,-0.00000,0.70348,1.49224,0.00911,0.00000
88500000000,-11.22125,-9.02898,0.02072,0.71042,0.00000,-0.00000,0.70378,1.49240,0.00893,0.00000
88520000000,-11.22116,-8.99913,0.02072,0.71012,0.00000,-0.00000,0.70408,1.49255,0.00876,0.00000
88540000000,-11.22109,-8.96927,0.02072,0.70983,0.00000,-0.00000,0.70437,1.49270,0.00858,0.00000
88560000000,-11.22104,-8.93942,0.02072,0.70954,0.00000,-0.00000,0.70466,1.49284,0.00841,0.00000
88580000000,-11.22101,-8.90956,0.02072,0.70926,0.00000,-0.00000,0.70494,1.49298,0.00824,0.00000
88600000000,-11.22100,-8.87970,0.02072,0.70899,0.00000,-0.00000,0.70522,1.49312,0.00808,0.00000
88620000000,-11.22101,-8.84983,0.02072,0.70872,0.00000,-0.00000,0.70549,1.49326,0.00792,0.00000
88640000000,-11.22105,-8.81996,0.02072,0.70845,0.00000,-0.00000,0.70576,1.49339,0.00776,0.00000
88660000000,-11.22110,-8.79009,0.02072,0.70820,0.00000,-0.00000,0.70602,1.49352,0.00761,0.00000
88680000000,-11.22116,-8.76022,0.02072,0.70794,0.00000,-0.00000,0.70627,1.49365,0.00746,0.00000
88700000000,-11.22125,-8.73034,0.02072,0.70769,0.00000,-0.00000,0.70652,1.49378,0.00731,0.00000
88720000000,-11.22136,-8.70047,0.02072,0.70745,0.00000,-0.00000,0.70676,1.49390,0.00717,0.00000
88740000000,-11.22148,-8.67059,0.02072,0.70721,0.00000,-0.00000,0.70700,1.49402,0.00702,0.00000
88760000000,-11.22162,-8.64071,0.02072,0.70697,0.00000,-0.00000,0.70724,1.49414,0.00689,0.00000
88780000000,-11.22178,-8.61082,0.02072,0.70674,0.00000,-0.00000,0.70747,1.49426,0.00675,0.00000
88800000000,-11.22195,-8.58093,0.02072,0.70652,0.00000,-0.00000,0.70769,1.49438,0.00662,0.00000
88820000000,-11.22214,-8.55104,0.02072,0.70630,0.00000,-0.00000,0.70791,1.49449,0.00650,0.00000
88840000000,-11.22235,-8.52115,0.02072,0.70608,0.00000,-0.00000,0.70813,1.49461,0.00637,0.00000
88860000000,-11.22257,-8.49126,0.02072,0.70587,0.00000,-0.00000,0.70834,1.49472,0.00625,0.00000
88880000000,-11.22281,-8.46137,0.02072,0.70566,0.00000,-0.00000,0.70855,1.49482,0.00613,0.00000
88900000000,-11.22306,-8.43147,0.02072,0.70546,0.00000,-0.00000,0.70875,1.49493,0.00601,0.00000
88920000000,-11.22332,-8.40157,0.02072,0.70526,0.00000,-0.00000,0.70895,1.49503,0.00590,0.00000
88940000000,-11.22361,-8.37167,0.02072,0.70506,0.00000,-0.00000,0.70914,1.49513,0.00578,0.00000
88960000000,-11.22390,-8.34176,0.02072,0.70487,0.00000,-0.00000,0.70933,1.49523,0.00567,0.00000
88980000000,-11.22421,-8.31186,0.02072,0.70469,0.00000,-0.00000,0.70952,1.49533,0.00556,0.00000
89000000000,-11.22453,-8.28195,0.02072,0.70450,0.00000,-0.00000,0.70970,1.49543,0.00545,0.00000
89020000000,-11.22487,-8.25205,0.02072,0.70432,0.00000,-0.00000,0.70988,1.49552,0.00535,0.00000
89040000000,-11.22522,-8.22214,0.02072,0.70414,0.00000,-0.00000,0.71006,1.49561,0.00524,0.00000
89060000000,-11.22558,-8.19222,0.02072,0.70397,0.00000,-0.00000,0.71023,1.49570,0.00514,0.00000
89080000000,-11.22595,-8.16231,0.02072,0.70380,0.00000,-0.00000,0.71040,1.49579,0.00504,0.00000
89100000000,-11.22634,-8.13240,0.02072,0.70364,0.00000,-0.00000,0.71056,1.49587,0.00495,0.00000
89120000000,-11.22673,-8.10248,0.02072,0.70347,0.00000,-0.00000,0.71072,1.49596,0.00485,0.00000
89140000000,-11.22714,-8.07256,0.02072,0.70331,0.00000,-0.00000,0.71088,1.49604,0.00476,0.00000
89160000000,-11.22756,-8.04264,0.02072,0.70316,0.00000,-0.00000,0.71103,1.49612,0.00466,0.00000
89180000000,-11.22800,-8.01272,0.02072,0.70300,0.00000,-0.00000,0.71119,1.49620,0.00457,0.00000
89200000000,-11.22844,-7.98280,0.02072,0.70285,0.00000,-0.00000,0.71133,1.49627,0.00448,0.00000
89220000000,-11.22889,-7.95288,0.02072,0.70271,0.00000,-0.00000,0.71148,1.49635,0.00440,0.00000
89240000000,-11.22936,-7.92295,0.02072,0.70256,0.00000,-0.00000,0.71162,1.49642,0.00431,0.00000
89260000000,-11.22983,-7.89303,0.02072,0.70242,0.00000,-0.00000,0.71176,1.49650,0.00423,0.00000
89280000000,-11.23032,-7.86310,0.02072,0.70228,0.00000,-0.00000,0.71190,1.49657,0.00415,0.00000
89300000000,-11.23081,-7.83317,0.02072,0.70215,0.00000,-0.00000,0.71203,1.49664,0.00407,0.00000
89320000000,-11.23132,-7.80324,0.02072,0.70201,0.00000,-0.00000,0.71216,1.49670,0.00399,0.00000
89340000000,-11.23183,-7.77331,0.02072,0.70188,0.00000,-0.00000,0.71229,1.49677,0.00391,0.00000
89360000000,-11.23235,-7.74338,0.02072,0.70176,0.00000,-0.00000,0.71242,1.49684,0.00383,0.00000
89380000000,-11.23289,-7.71345,0.02072,0.70163,0.00000,-0.00000,0.71254,1.49690,0.00376,0.00000
89400000000,-11.23343,-7.68351,0.02072,0.70151,0.00000,-0.00000,0.71266,1.49696,0.00368,0.00000
89420000000,-11.23398,-7.65358,0.02072,0.70139,0.00000,-0.00000,0.71278,1.49702,0.00361,0.00000
89440000000,-11.23454,-7.62364,0.02072,0.70127,0.00000,-0.00000,0.71290,1.49708,0.00354,0.00000
89460000000,-11.23510,-7.59370,0.02072,0.70115,0.00000,-0.00000,0.71301,1.49714,0.00347,0.00000
89480000000,-11.23568,-7.56376,0.02072,0.70104,0.00000,-0.00000,0.71312,1.49720,0.00341,0.00000
89500000000,-11.23626,-7.53383,0.02072,0.70093,0.00000,-0.00000,0.71323,1.49726,0.00334,0.00000
89520000000,-11.23685,-7.50389,0.02072,0.70082,0.00000,-0.00000,0.71334,1.49731,0.00327,0.00000
89540000000,-11.23745,-7.47394,0.02072,0.70071,0.00000,-0.00000,0.71344,1.49737,0.00321,0.00000
89560000000,-11.23806,-7.44400,0.02072,0.70061,0.00000,-0.00000,0.71354,1.49742,0.00315,0.00000
89580000000,-11.23867,-7.41406,0.02072,0.70051,0.00000,-0.00000,0.71364,1.49747,0.00309,0.00000
89600000000,-11.23930,-7.38412,0.02072,0.70041,0.00000,-0.00000,0.71374,1.49752,0.00303,0.00000
89620000000,-11.23992,-7.35417,0.02072,0.70031,0.00000,-0.00000,0.71384,1.49757,0.00297,0.00000
89640000000,-11.24056,-7.32423,0.02072,0.70021,0.00000,-0.00000,0.71393,1.49762,0.00291,0.00000
89660000000,-11.24120,-7.29428,0.02072,0.70012,0.00000,-0.00000,0.71403,1.49767,0.00285,0.00000
89680000000,-11.24185,-7.26433,0.02072,0.70003,0.00000,-0.00000,0.71412,1.49771,0.00280,0.00000
89700000000,-11.24251,-7.23438,0.02072,0.69994,0.00000,-0.00000,0.71421,1.49776,0.00274,0.00000
89720000000,-11.24317,-7.20444,0.02072,0.69985,0.00000,-0.00000,0.71429,1.49781,0.00269,0.00000
89740000000,-11.24384,-7.17449,0.02072,0.69976,0.00000,-0.00000,0.71438,1.49785,0.00263,0.00000
89760000000,-11.24451,-7.14454,0.02072,0.69967,0.00000,-0.00000,0.71446,1.49789,0.00258,0.00000
89780000000,-11.24520,-7.11459,0.02072,0.69959,0.00000,-0.00000,0.71454,1.49794,0.00253,0.00000
89800000000,-11.24588,-7.08463,0.02072,0.69951,0.00000,-0.00000,0.71462,1.49798,0.00248,0.00000
89820000000,-11.24658,-7.05468,0.02072,0.69943,0.00000,-0.00000,0.71470,1.49802,0.00243,0.00000
89840000000,-11.24727,-7.02473,0.02072,0.69935,0.00000,-0.00000,0.71478,1.49806,0.00239,0.00000
89860000000,-11.24798,-6.99478,0.02072,0.69927,0.00000,-0.00000,0.71486,1.49810,0.00234,0.00000
89880000000,-11.24869,-6.96482,0.02072,0.69920,0.00000,-0.00000,0.71493,1.49813,0.00229,0.00000
89900000000,-11.24940,-6.93487,0.02072,0.69912,0.00000,-0.00000,0.71500,1.49817,0.00225,0.00000
89920000000,-11.25012,-6.90491,0.02072,0.69905,0.00000,-0.00000,0.71507,1.49821,0.00220,0.00000
89940000000,-11.25085,-6.87495,0.02072,0.69898,0.00000,-0.00000,0.71514,1.49824,0.00216,0.00000
89960000000,-11.25158,-6.84500,0.02072,0.69891,0.00000,-0.00000,0.71521,1.49828,0.00212,0.00000
89980000000,-11.25232,-6.81504,0.02072,0.69884,0.00000,-0.00000,0.71528,1.49831,0.00208,0.00000
90000000000,-11.25306,-6.78508,0.02072,0.69877,0.00000,-0.00000,0.71534,1.49835,0.00204,0.00000
90020000000,-11.25380,-6.75513,0.02072,0.69871,0.00000,-0.00000,0.71541,1.49838,0.00200,0.00000
90040000000,-11.25455,-6.72517,0.02072,0.69864,0.00000,-0.00000,0.71547,1.49841,0.00196,0.00000
90060000000,-11.25531,-6.69521,0.02072,0.69858,0.00000,-0.00000,0.71553,1.49844,0.00192,0.00000
90080000000,-11.25606,-6.66525,0.02072,0.69852,0.00000,-0.00000,0.71559,1.49848,0.00188,0.00000
90100000000,-11.25683,-6.63529,0.02072,0.69846,0.00000,-0.00000,0.71565,1.49851,0.00184,0.00000
90120000000,-11.25760,-6.60533,0.02072,0.69840,0.00000,-0.00000,0.71571,1.49854,0.00181,0.00000
90140000000,-11.25837,-6.57537,0.02072,0.69834,0.00000,-0.00000,0.71577,1.49857,0.00177,0.00000
90160000000,-11.25914,-6.54540,0.02072,0.69828,0.00000,-0.00000,0.71582,1.49859,0.00174,0.00000
90180000000,-11.25992,-6.51544,0.02072,0.69823,0.00000,-0.00000,0.71588,1.49862,0.00170,0.00000
90200000000,-11.26071,-6.48548,0.02072,0.69817,0.00000,-0.00000,0.71593,1.49865,0.00167,0.00000
90220000000,-11.26150,-6.45552,0.02072,0.69812,0.00000,-0.00000,0.71598,1.49868,0.00164,0.00000
90240000000,-11.26229,-6.42555,0.02072,0.69807,0.00000,-0.00000,0.71603,1.49870,0.00160,0.00000
90260000000,-11.26308,-6.39559,0.02072,0.69801,0.00000,-0.00000,0.71608,1.49873,0.00157,0.00000
90280000000,-11.26388,-6.36562,0.02072,0.69796,0.00000,-0.00000,0.71613,1.49875,0.00154,0.00000
90300000000,-11.26468,-6.33566,0.02072,0.69791,0.00000,-0.00000,0.71618,1.49878,0.00151,0.00000
90320000000,-11.26549,-6.30569,0.02072,0.69786,0.00000,-0.00000,0.71623,1.49880,0.00148,0.00000
90340000000,-11.26630,-6.27573,0.02072,0.69782,0.00000,-0.00000,0.71628,1.49883,0.00145,0.00000
90360000000,-11.26711,-6.24576,0.02072,0.69777,0.00000,-0.00000,0.71632,1.49885,0.00142,0.00000
90380000000,-11.26793,-6.21580,0.02072,0.69772,0.00000,-0.00000,0.71637,1.49887,0.00140,0.00000
90400000000,-11.26875,-6.18583,0.02072,0.69768,0.00000,-0.00000,0.71641,1.49890,0.00137,0.00000
90420000000,-11.26957,-6.15586,0.02072,0.69764,0.00000,-0.00000,0.71645,1.49892,0.00134,0.00000
90440000000,-11.27040,-6.12590,0.02072,0.69759,0.00000,-0.00000,0.71649,1.49894,0.00132,0.00000
90460000000,-11.27123,-6.09593,0.02072,0.69755,0.00000,-0.00000,0.71654,1.49896,0.00129,0.00000
90480000000,-11.27206,-6.06596,0.02072,0.69751,0.00000,-0.00000,0.71658,1.49898,0.00126,0.00000
90500000000,-11.27289,-6.03599,0.02072,0.69747,0.00000,-0.00000,0.71662,1.49900,0.00124,0.00000
90520000000,-11.27373,-6.00602,0.02072,0.69743,0.00000,-0.00000,0.71665,1.49902,0.00121,0.00000
90540000000,-11.27457,-5.97605,0.02072,0.69739,0.00000,-0.00000,0.71669,1.49904,0.00119,0.00000
90560000000,-11.27542,-5.94608,0.02072,0.69735,0.00000,-0.00000,0.71673,1.49906,0.00117,0.00000
90580000000,-11.27626,-5.91612,0.02072,0.69731,0.00000,-0.00000,0.71677,1.49908,0.00114,0.00000
90600000000,-11.27711,-5.88615,0.02072,0.69728,0.00000,-0.00000,0.71680,1.49910,0.00112,0.00000
90620000000,-11.27796,-5.85618,0.02072,0.69724,0.00000,-0.00000,0.71684,1.49912,0.00110,0.00000
90640000000,-11.27882,-5.82620,0.02072,0.69721,0.00000,-0.00000,0.71687,1.49913,0.00108,0.00000
90660000000,-11.27967,-5.79623,0.02072,0.69717,0.00000,-0.00000,0.71690,1.49915,0.00106,0.00000
90680000000,-11.28053,-5.76626,0.02072,0.69714,0.00000,-0.00000,0.71694,1.49917,0.00104,0.00000
90700000000,-11.28139,-5.73629,0.02072,0.69710,0.00000,-0.00000,0.71697,1.49918,0.00102,0.00000
90720000000,-11.28226,-5.70632,0.02072,0.69707,0.00000,-0.00000,0.71700,1.49920,0.00100,0.00000
90740000000,-11.28312,-5.67635,0.02072,0.69704,0.00000,-0.00000,0.71703,1.49922,0.00098,0.00000
90760000000,-11.28399,-5.64638,0.02072,0.69701,0.00000,-0.00000,0.71706,1.49923,0.00096,0.00000
90780000000,-11.28486,-5.61640,0.02072,0.69698,0.00000,-0.00000,0.71709,1.49925,0.00094,0.00000
90800000000,-11.28573,-5.58643,0.02072,0.69695,0.00000,-0.00000,0.71712,1.49926,0.00092,0.00000
90820000000,-11.28661,-5.55646,0.02072,0.69692,0.00000,-0.00000,0.71715,1.49928,0.00090,0.00000
90840000000,-11.28749,-5.52649,0.02072,0.69689,0.00000,-0.00000,0.71718,1.49929,0.00088,0.00000
90860000000,-11.28837,-5.49651,0.02072,0.69686,0.00000,-0.00000,0.71721,1.49931,0.00087,0.00000
90880000000,-11.28925,-5.46654,0.02072,0.69683,0.00000,-0.00000,0.71723,1.49932,0.00085,0.00000
90900000000,-11.29013,-5.43657,0.02072,0.69681,0.00000,-0.00000,0.71726,1.49933,0.00083,0.00000
90920000000,-11.29101,-5.40659,0.02072,0.69678,0.00000,-0.00000,0.71728,1.49935,0.00082,0.00000
90940000000,-11.29190,-5.37662,0.02072,0.69675,0.00000,-0.00000,0.71731,1.49936,0.00080,0.00000
90960000000,-11.29279,-5.34664,0.02072,0.69673,0.00000,-0.00000,0.71734,1.49937,0.00078,0.00000
90980000000,-11.29368,-5.31667,0.02072,0.69670,0.00000,-0.00000,0.71736,1.49938,0.00077,0.00000
91000000000,-11.29457,-5.28669,0.02072,0.69668,0.00000,-0.00000,0.71738,1.49940,0.00075,0.00000
91020000000,-11.29547,-5.25672,0.02072,0.69665,0.00000,-0.00000,0.71741,1.49941,0.00074,0.00000
91040000000,-11.29636,-5.22675,0.02072,0.69663,0.00000,-0.00000,0.71743,1.49942,0.00072,0.00000
91060000000,-11.29726,-5.19677,0.02072,0.69661,0.00000,-0.00000,0.71745,1.49943,0.00071,0.00000
91080000000,-11.29816,-5.16679,0.02072,0.69659,0.00000,-0.00000,0.71747,1.49944,0.00069,0.00000
91100000000,-11.29906,-5.13682,0.02072,0.69656,0.00000,-0.00000,0.71750,1.49945,0.00068,0.00000
91120000000,-11.29996,-5.10684,0.02072,0.69654,0.00000,-0.00000,0.71752,1.49947,0.00067,0.00000
91140000000,-11.30086,-5.07687,0.02072,0.69652,0.00000,-0.00000,0.71754,1.49948,0.00065,0.00000
91160000000,-11.30177,-5.04689,0.02072,0.69650,0.00000,-0.00000,0.71756,1.49949,0.00064,0.00000
91180000000,-11.30268,-5.01692,0.02072,0.69648,0.00000,-0.00000,0.71758,1.49950,0.00063,0.00000
91200000000,-11.30358,-4.98694,0.02072,0.69646,0.00000,-0.00000,0.71760,1.49951,0.00062,0.00000
91220000000,-11.30449,-4.95696,0.02072,0.69644,0.00000,-0.00000,0.71762,1.49952,0.00060,0.00000
91240000000,-11.30540,-4.92699,0.02072,0.69642,0.00000,-0.00000,0.71764,1.49953,0.00059,0.00000
91260000000,-11.30632,-4.89701,0.02072,0.69640,0.00000,-0.00000,0.71765,1.49954,0.00058,0.00000
91280000000,-11.30723,-4.86703,0.02072,0.69638,0.00000,-0.00000,0.71767,1.49955,0.00057,0.00000
91300000000,-11.30814,-4.83705,0.02072,0.69636,0.00000,-0.00000,0.71769,1.49955,0.00056,0.00000
91320000000,-11.30906,-4.80708,0.02072,0.69635,0.00000,-0.00000,0.71771,1.49956,0.00055,0.00000
91340000000,-11.30998,-4.77710,0.02072,0.69633,0.00000,-0.00000,0.71772,1.49957,0.00054,0.00000
91360000000,-11.31090,-4.74712,0.02072,0.69631,0.00000,-0.00000,0.71774,1.49958,0.00053,0.00000
91380000000,-11.31182,-4.71715,0.02072,0.69629,0.00000,-0.00000,0.71776,1.49959,0.00052,0.00000
91400000000,-11.31274,-4.68717,0.02072,0.69628,0.00000,-0.00000,0.71777,1.49960,0.00050,0.00000
91420000000,-11.31366,-4.65719,0.02072,0.69626,0.00000,-0.00000,0.71779,1.49960,0.00049,0.00000
91440000000,-11.31458,-4.62721,0.02072,0.69625,0.00000,-0.00000,0.71780,1.49961,0.00049,0.00000
91460000000,-11.31551,-4.59723,0.02072,0.69623,0.00000,-0.00000,0.71782,1.49962,0.00048,0.00000
91480000000,-11.31643,-4.56726,0.02072,0.69622,0.00000,-0.00000,0.71783,1.49963,0.00047,0.00000
91500000000,-11.31736,-4.53728,0.02072,0.69620,0.00000,-0.00000,0.71785,1.49964,0.00046,0.00000
91520000000,-11.31829,-4.50730,0.02072,0.69619,0.00000,-0.00000,0.71786,1.49964,0.00045,0.00000
91540000000,-11.31922,-4.47732,0.02072,0.69617,0.00000,-0.00000,0.71788,1.49965,0.00044,0.00000
91560000000,-11.32015,-4.44734,0.02072,0.69616,0.00000,-0.00000,0.71789,1.49966,0.00043,0.00000
91580000000,-11.32108,-4.41736,0.02072,0.69614,0.00000,-0.00000,0.71790,1.49966,0.00042,0.00000
91600000000,-11.32201,-4.38738,0.02072,0.69613,0.00000,-0.00000,0.71792,1.49967,0.00041,0.00000
91620000000,-11.32294,-4.35740,0.02072,0.69612,0.00000,-0.00000,0.71793,1.49968,0.00041,0.00000
91640000000,-11.32388,-4.32743,0.02072,0.69610,0.00000,-0.00000,0.71794,1.49968,0.00040,0.00000
91660000000,-11.32481,-4.29745,0.02072,0.69609,0.00000,-0.00000,0.71795,1.49969,0.00039,0.00000
91680000000,-11.32575,-4.26747,0.02072,0.69608,0.00000,-0.00000,0.71797,1.49970,0.00038,0.00000
91700000000,-11.32668,-4.23749,0.02072,0.69607,0.00000,-0.00000,0.71798,1.49970,0.00037,0.00000
91720000000,-11.32762,-4.20751,0.02072,0.69605,0.00000,-0.00000,0.71799,1.49971,0.00037,0.00000
91740000000,-11.32856,-4.17753,0.02072,0.69604,0.00000,-0.00000,0.71800,1.49971,0.00036,0.00000
91760000000,-11.32950,-4.14755,0.02072,0.69603,0.00000,-0.00000,0.71801,1.49972,0.00035,0.00000
91780000000,-11.33044,-4.11757,0.02072,0.69602,0.00000,-0.00000,0.71802,1.49972,0.00035,0.00000
91800000000,-11.33138,-4.08759,0.02072,0.69601,0.00000,-0.00000,0.71803,1.49973,0.00034,0.00000
91820000000,-11.33232,-4.05761,0.02072,0.69600,0.00000,-0.00000,0.71804,1.49974,0.00033,0.00000
91840000000,-11.33326,-4.02763,0.02072,0.69599,0.00000,-0.00000,0.71805,1.49974,0.00033,0.00000
91860000000,-11.33420,-3.99765,0.02072,0.69598,0.00000,-0.00000,0.71806,1.49975,0.00032,0.00000
91880000000,-11.33515,-3.96767,0.02072,0.69597,0.00000,-0.00000,0.71807,1.49975,0.00031,0.00000
91900000000,-11.33609,-3.93769,0.02072,0.69596,0.00000,-0.00000,0.71808,1.49976,0.00031,0.00000
91920000000,-11.33703,-3.90771,0.02072,0.69595,0.00000,-0.00000,0.71809,1.49976,0.00030,0.00000
91940000000,-11.33798,-3.87773,0.02072,0.69594,0.00000,-0.00000,0.71810,1.49977,0.00029,0.00000
91960000000,-11.33893,-3.84775,0.02072,0.69593,0.00000,-0.00000,0.71811,1.49977,0.00029,0.00000
91980000000,-11.33987,-3.81777,0.02072,0.69592,0.00000,-0.00000,0.71812,1.49977,0.00028,0.00000
92000000000,-11.34082,-3.78779,0.02072,0.69591,0.00000,-0.00000,0.71813,1.49978,0.00028,0.00000
92020000000,-11.34177,-3.75781,0.02072,0.69590,0.00000,-0.00000,0.71814,1.49978,0.00027,0.00000
92040000000,-11.34272,-3.72783,0.02072,0.69589,0.00000,-0.00000,0.71815,1.49979,0.00027,0.00000
92060000000,-11.34367,-3.69784,0.02072,0.69588,0.00000,-0.00000,0.71815,1.49979,0.00026,0.00000
92080000000,-11.34462,-3.66786,0.02072,0.69588,0.00000,-0.00000,0.71816,1.49980,0.00026,0.00000
92100000000,-11.34557,-3.63788,0.02072,0.69587,0.00000,-0.00000,0.71817,1.49980,0.00025,0.00000
92120000000,-11.34652,-3.60790,0.02072,0.69586,0.00000,-0.00000,0.71818,1.49980,0.00025,0.00000
92140000000,-11.34747,-3.57792,0.02072,0.69585,0.00000,-0.00000,0.71819,1.49981,0.00024,0.00000
92160000000,-11.34842,-3.54794,0.02072,0.69584,0.00000,-0.00000,0.71819,1.49981,0.00024,0.00000
92180000000,-11.34938,-3.51796,0.02072,0.69584,0.00000,-0.00000,0.71820,1.49982,0.00023,0.00000
92200000000,-11.35033,-3.48798,0.02072,0.69583,0.00000,-0.00000,0.71821,1.49982,0.00023,0.00000
92220000000,-11.35128,-3.45800,0.02072,0.69582,0.00000,-0.00000,0.71821,1.49982,0.00022,0.00000
92240000000,-11.35224,-3.42801,0.02072,0.69581,0.00000,-0.00000,0.71822,1.49983,0.00022,0.00000
92260000000,-11.35319,-3.39803,0.02072,0.69581,0.00000,-0.00000,0.71823,1.49983,0.00021,0.00000
92280000000,-11.35415,-3.36805,0.02072,0.69580,0.00000,-0.00000,0.71823,1.49983,0.00021,0.00000
92300000000,-11.35511,-3.33807,0.02072,0.69579,0.00000,-0.00000,0.71824,1.49984,0.00021,0.00000
92320000000,-11.35606,-3.30809,0.02072,0.69579,0.00000,-0.00000,0.71825,1.49984,0.00020,0.00000
92340000000,-11.35702,-3.27811,0.02072,0.69578,0.00000,-0.00000,0.71825,1.49984,0.00020,0.00000
92360000000,-11.35798,-3.24813,0.02072,0.69578,0.00000,-0.00000,0.71826,1.49985,0.00019,0.00000
92380000000,-11.35893,-3.21814,0.02072,0.69577,0.00000,-0.00000,0.71827,1.49985,0.00019,0.00000
92400000000,-11.35989,-3.18816,0.02072,0.69576,0.00000,-0.00000,0.71827,1.49985,0.00019,0.00000
92420000000,-11.36085,-3.15818,0.02072,0.69576,0.00000,-0.00000,0.71828,1.49986,0.00018,0.00000
92440000000,-11.36181,-3.12820,0.02072,0.69575,0.00000,-0.00000,0.71828,1.49986,0.00018,0.00000
92460000000,-11.36277,-3.09822,0.02072,0.69575,0.00000,-0.00000,0.71829,1.49986,0.00018,0.00000
92480000000,-11.36373,-3.06823,0.02072,0.69574,0.00000,-0.00000,0.71829,1.49986,0.00017,0.00000
92500000000,-11.36469,-3.03825,0.02072,0.69573,0.00000,-0.00000,0.71830,1.49987,0.00017,0.00000
92520000000,-11.36565,-3.00827,0.02072,0.69573,0.00000,-0.00000,0.71830,1.49987,0.00016,0.00000
92540000000,-11.36661,-2.97829,0.02072,0.69572,0.00000,-0.00000,0.71831,1.49987,0.00016,0.00000
92560000000,-11.36757,-2.94831,0.02072,0.69572,0.00000,-0.00000,0.71831,1.49987,0.00016,0.00000
92580000000,-11.36853,-2.91832,0.02072,0.69571,0.00000,-0.00000,0.71832,1.49988,0.00016,0.00000
92600000000,-11.36950,-2.88834,0.02072,0.69571,0.00000,-0.00000,0.71832,1.49988,0.00015,0.00000
92620000000,-11.37046,-2.85836,0.02072,0.69570,0.00000,-0.00000,0.71833,1.49988,0.00015,0.00000
92640000000,-11.37142,-2.82838,0.02072,0.69570,0.00000,-0.00000,0.71833,1.49988,0.00015,0.00000
92660000000,-11.37239,-2.79840,0.02072,0.69569,0.00000,-0.00000,0.71834,1.49989,0.00014,0.00000
92680000000,-11.37335,-2.76841,0.02072,0.69569,0.00000,-0.00000,0.71834,1.49989,0.00014,0.00000
92700000000,-11.37431,-2.73843,0.02072,0.69569,0.00000,-0.00000,0.71835,1.49989,0.00014,0.00000
92720000000,-11.37528,-2.70845,0.02072,0.69568,0.00000,-0.00000,0.71835,1.49989,0.00013,0.00000
92740000000,-11.37624,-2.67847,0.02072,0.69568,0.00000,-0.00000,0.71836,1.49990,0.00013,0.00000
92760000000,-11.37721,-2.64848,0.02072,0.69567,0.00000,-0.00000,0.71836,1.49990,0.00013,0.00000
92780000000,-11.37817,-2.61850,0.02072,0.69567,0.00000,-0.00000,0.71836,1.49990,0.00013,0.00000
92800000000,-11.37914,-2.58852,0.02072,0.69566,0.00000,-0.00000,0.71837,1.49990,0.00012,0.00000
92820000000,-11.38010,-2.55854,0.02072,0.69566,0.00000,-0.00000,0.71837,1.49990,0.00012,0.00000
92840000000,-11.38107,-2.52855,0.02072,0.69566,0.00000,-0.00000,0.71837,1.49991,0.00012,0.00000
92860000000,-11.38203,-2.49857,0.02072,0.69565,0.00000,-0.00000,0.71838,1.49991,0.00012,0.00000
92880000000,-11.38300,-2.46859,0.02072,0.69565,0.00000,-0.00000,0.71838,1.49991,0.00012,0.00000
92900000000,-11.38397,-2.43861,0.02072,0.69565,0.00000,-0.00000,0.71839,1.49991,0.00011,0.00000
92920000000,-11.38493,-2.40862,0.02072,0.69564,0.00000,-0.00000,0.71839,1.49991,0.00011,0.00000
92940000000,-11.38590,-2.37864,0.02072,0.69564,0.00000,-0.00000,0.71839,1.49991,0.00011,0.00000
92960000000,-11.38687,-2.34866,0.02072,0.69563,0.00000,-0.00000,0.71840,1.49992,0.00011,0.00000
92980000000,-11.38784,-2.31868,0.02072,0.69563,0.00000,-0.00000,0.71840,1.49992,0.00010,0.00000
93000000000,-11.38880,-2.28869,0.02072,0.69563,0.00000,-0.00000,0.71840,1.49992,0.00010,0.00000
93020000000,-11.38977,-2.25871,0.02072,0.69562,0.00000,-0.00000,0.71841,1.49992,0.00010,0.00000
93040000000,-11.39074,-2.22873,0.02072,0.69562,0.00000,-0.00000,0.71841,1.49992,0.00010,0.00000
93060000000,-11.39171,-2.19874,0.02072,0.69562,0.00000,-0.00000,0.71841,1.49992,0.00010,0.00000
93080000000,-11.39268,-2.16876,0.02072,0.69562,0.00000,-0.00000,0.71841,1.49993,0.00009,0.00000
93100000000,-11.39365,-2.13878,0.02072,0.69561,0.00000,-0.00000,0.71842,1.49993,0.00009,0.00000
93120000000,-11.39462,-2.10880,0.02072,0.69561,0.00000,-0.00000,0.71842,1.49993,0.00009,0.00000
93140000000,-11.39559,-2.07881,0.02072,0.69561,0.00000,-0.00000,0.71842,1.49993,0.00009,0.00000
93160000000,-11.39656,-2.04883,0.02072,0.69560,0.00000,-0.00000,0.71843,1.49993,0.00009,0.00000
93180000000,-11.39753,-2.01885,0.02072,0.69560,0.00000,-0.00000,0.71843,1.49993,0.00009,0.00000
93200000000,-11.39850,-1.98886,0.02072,0.69560,0.00000,-0.00000,0.71843,1.49993,0.00008,0.00000
93220000000,-11.39947,-1.95888,0.02072,0.69560,0.00000,-0.00000,0.71843,1.49994,0.00008,0.00000
93240000000,-11.40044,-1.92890,0.02072,0.69559,0.00000,-0.00000,0.71844,1.49994,0.00008,0.00000
93260000000,-11.40141,-1.89891,0.02072,0.69559,0.00000,-0.00000,0.71844,1.49994,0.00008,0.00000
93280000000,-11.40238,-1.86893,0.02072,0.69559,0.00000,-0.00000,0.71844,1.49994,0.00008,0.00000
93300000000,-11.40335,-1.83895,0.02072,0.69559,0.00000,-0.00000,0.71844,1.49994,0.00008,0.00000
93320000000,-11.40432,-1.80897,0.02072,0.69558,0.00000,-0.00000,0.71845,1.49994,0.00007,0.00000
93340000000,-11.40529,-1.77898,0.02072,0.69558,0.00000,-0.00000,0.71845,1.49994,0.00007,0.00000
93360000000,-11.40626,-1.74900,0.02072,0.69558,0.00000,-0.00000,0.71845,1.49994,0.00007,0.00000
93380000000,-11.40724,-1.71902,0.02072,0.69558,0.00000,-0.00000,0.71845,1.49995,0.00007,0.00000
93400000000,-11.40821,-1.68903,0.02072,0.69557,0.00000,-0.00000,0.71845,1.49995,0.00007,0.00000
93420000000,-11.40918,-1.65905,0.02072,0.69557,0.00000,-0.00000,0.71846,1.49995,0.00007,0.00000
93440000000,-11.41015,-1.62907,0.02072,0.69557,0.00000,-0.00000,0.71846,1.49995,0.00007,0.00000
93460000000,-11.41112,-1.59908,0.02072,0.69557,0.00000,-0.00000,0.71846,1.49995,0.00006,0.00000
93480000000,-11.41210,-1.56910,0.02072,0.69557,0.00000,-0.00000,0.71846,1.49995,0.00006,0.00000
93500000000,-11.41307,-1.53912,0.02072,0.69556,0.00000,-0.00000,0.71847,1.49995,0.00006,0.00000
93520000000,-11.41404,-1.50913,0.02072,0.69556,0.00000,-0.00000,0.71847,1.49995,0.00006,0.00000
93540000000,-11.41502,-1.47915,0.02072,0.69556,0.00000,-0.00000,0.71847,1.49995,0.00006,0.00000
93560000000,-11.41599,-1.44917,0.02072,0.69556,0.00000,-0.00000,0.71847,1.49995,0.00006,0.00000
93580000000,-11.41696,-1.41918,0.02072,0.69556,0.00000,-0.00000,0.71847,1.49996,0.00006,0.00000
93600000000,-11.41794,-1.38920,0.02072,0.69555,0.00000,-0.00000,0.71847,1.49996,0.00006,0.00000
93620000000,-11.41891,-1.35922,0.02072,0.69555,0.00000,-0.00000,0.71848,1.49996,0.00005,0.00000
93640000000,-11.41988,-1.32923,0.02072,0.69555,0.00000,-0.00000,0.71848,1.49996,0.00005,0.00000
93660000000,-11.42086,-1.29925,0.02072,0.69555,0.00000,-0.00000,0.71848,1.49996,0.00005,0.00000
93680000000,-11.42183,-1.26927,0.02072,0.69555,0.00000,-0.00000,0.71848,1.49996,0.00005,0.00000
93700000000,-11.42280,-1.23928,0.02072,0.69555,0.00000,-0.00000,0.71848,1.49996,0.00005,0.00000
93720000000,-11.42378,-1.20930,0.02072,0.69554,0.00000,-0.00000,0.71848,1.49996,0.00005,0.00000
93740000000,-11.42475,-1.17932,0.02072,0.69554,0.00000,-0.00000,0.71849,1.49996,0.00005,0.00000
93760000000,-11.42573,-1.14933,0.02072,0.69554,0.00000,-0.00000,0.71849,1.49996,0.00005,0.00000
93780000000,-11.42670,-1.11935,0.02072,0.69554,0.00000,-0.00000,0.71849,1.49996,0.00005,0.00000
93800000000,-11.42768,-1.08937,0.02072,0.69554,0.00000,-0.00000,0.71849,1.49996,0.00005,0.00000
93820000000,-11.42865,-1.05938,0.02072,0.69554,0.00000,-0.00000,0.71849,1.49997,0.00004,0.00000
93840000000,-11.42962,-1.02940,0.02072,0.69553,0.00000,-0.00000,0.71849,1.49997,0.00004,0.00000
93860000000,-11.43060,-0.99942,0.02072,0.69553,0.00000,-0.00000,0.71849,1.49997,0.00004,0.00000
93880000000,-11.43157,-0.96943,0.02072,0.69553,0.00000,-0.00000,0.71850,1.49997,0.00004,0.00000
93900000000,-11.43255,-0.93945,0.02072,0.69553,0.00000,-0.00000,0.71850,1.49997,0.00004,0.00000
93920000000,-11.43352,-0.90947,0.02072,0.69553,0.00000,-0.00000,0.71850,1.49997,0.00004,0.00000
93940000000,-11.43450,-0.87948,0.02072,0.69553,0.00000,-0.00000,0.71850,1.49997,0.00004,0.00000
93960000000,-11.43548,-0.84950,0.02072,0.69553,0.00000,-0.00000,0.71850,1.49997,0.00004,0.00000
93980000000,-11.43645,-0.81951,0.02072,0.69553,0.00000,-0.00000,0.71850,1.49997,0.00004,0.00000
94000000000,-11.43743,-0.78953,0.02072,0.69552,0.00000,-0.00000,0.71850,1.49997,0.00004,0.00000
94020000000,-11.43840,-0.75955,0.02072,0.69552,0.00000,-0.00000,0.71850,1.49997,0.00004,0.00000
94040000000,-11.43938,-0.72956,0.02072,0.69552,0.00000,-0.00000,0.71851,1.49997,0.00004,0.00000
94060000000,-11.44035,-0.69958,0.02072,0.69552,0.00000,-0.00000,0.71851,1.49997,0.00004,0.00000
94080000000,-11.44133,-0.66960,0.02072,0.69552,0.00000,-0.00000,0.71851,1.49997,0.00003,0.00000
94100000000,-11.44230,-0.63961,0.02072,0.69552,0.00000,-0.00000,0.71851,1.49997,0.00003,0.00000
94120000000,-11.44328,-0.60963,0.02072,0.69552,0.00000,-0.00000,0.71851,1.49997,0.00003,0.00000
94140000000,-11.44426,-0.57965,0.02072,0.69552,0.00000,-0.00000,0.71851,1.49997,0.00003,0.00000
94160000000,-11.44523,-0.54966,0.02072,0.69551,0.00000,-0.00000,0.71851,1.49998,0.00003,0.00000
94180000000,-11.44621,-0.51968,0.02072,0.69551,0.00000,-0.00000,0.71851,1.49998,0.00003,0.00000
94200000000,-11.44719,-0.48970,0.02072,0.69551,0.00000,-0.00000,0.71851,1.49998,0.00003,0.00000
94220000000,-11.44816,-0.45971,0.02072,0.69551,0.00000,-0.00000,0.71851,1.49998,0.00003,0.00000
94240000000,-11.44914,-0.42973,0.02072,0.69551,0.00000,-0.00000,0.71852,1.49998,0.00003,0.00000
94260000000,-11.45011,-0.39974,0.02072,0.69551,0.00000,-0.00000,0.71852,1.49998,0.00003,0.00000
94280000000,-11.45109,-0.36976,0.02072,0.69551,0.00000,-0.00000,0.71852,1.49998,0.00003,0.00000
94300000000,-11.45207,-0.33978,0.02072,0.69551,0.00000,-0.00000,0.71852,1.49998,0.00003,0.00000
94320000000,-11.45304,-0.30979,0.02072,0.69551,0.00000,-0.00000,0.71852,1.49998,0.00003,0.00000
94340000000,-11.45402,-0.27981,0.02072,0.69551,0.00000,-0.00000,0.71852,1.49998,0.00003,0.00000
94360000000,-11.45500,-0.24983,0.02072,0.69551,0.00000,-0.00000,0.71852,1.49998,0.00003,0.00000
94380000000,-11.45597,-0.21984,0.02072,0.69550,0.00000,-0.00000,0.71852,1.49998,0.00003,0.00000
94400000000,-11.45695,-0.18986,0.02072,0.69550,0.00000,-0.00000,0.71852,1.49998,0.00003,0.00000
94420000000,-11.45793,-0.15987,0.02072,0.69550,0.00000,-0.00000,0.71852,1.49998,0.00002,0.00000
94440000000,-11.45891,-0.12989,0.02072,0.69550,0.00000,-0.00000,0.71852,1.49998,0.00002,0.00000
94460000000,-11.45988,-0.09991,0.02072,0.69550,0.00000,-0.00000,0.71852,1.49998,0.00002,0.00000
94480000000,-11.46086,-0.06992,0.02072,0.69550,0.00000,-0.00000,0.71853,1.49998,0.00002,0.00000
94500000000,-11.46184,-0.03994,0.02072,0.69550,0.00000,-0.00000,0.71853,1.49998,0.00002,0.00000
94520000000,-11.46281,-0.00996,0.02072,0.69550,0.00000,-0.00000,0.71853,1.49998,0.00002,0.00000
94540000000,-11.46379,0.02003,0.02072,0.69550,0.00000,-0.00000,0.71853,1.49998,0.00002,0.00000
94560000000,-11.46477,0.05001,0.02072,0.69550,0.00000,-0.00000,0.71853,1.49998,0.00002,0.00000
94580000000,-11.46575,0.08000,0.02072,0.69550,0.00000,-0.00000,0.71853,1.49998,0.00002,0.00000
94600000000,-11.46672,0.10998,0.02072,0.69550,0.00000,-0.00000,0.71853,1.49998,0.00002,0.00000
94620000000,-11.46770,0.13996,0.02072,0.69550,0.00000,-0.00000,0.71853,1.49998,0.00002,0.00000
94640000000,-11.46868,0.16995,0.02072,0.69550,0.00000,-0.00000,0.71853,1.49999,0.00002,0.00000
94660000000,-11.46966,0.19993,0.02072,0.69549,0.00000,-0.00000,0.71853,1.49999,0.00002,0.00000
94680000000,-11.47063,0.22991,0.02072,0.69549,0.00000,-0.00000,0.71853,1.49999,0.00002,0.00000
94700000000,-11.47161,0.25990,0.02072,0.69549,0.00000,-0.00000,0.71853,1.49999,0.00002,0.00000
94720000000,-11.47259,0.28988,0.02072,0.69549,0.00000,-0.00000,0.71853,1.49999,0.00002,0.00000
94740000000,-11.47357,0.31987,0.02072,0.69549,0.00000,-0.00000,0.71853,1.49999,0.00002,0.00000
94760000000,-11.47454,0.34985,0.02072,0.69549,0.00000,-0.00000,0.71853,1.49999,0.00002,0.00000
94780000000,-11.47552,0.37983,0.02072,0.69549,0.00000,-0.00000,0.71853,1.49999,0.00002,0.00000
94800000000,-11.47650,0.40982,0.02072,0.69549,0.00000,-0.00000,0.71854,1.49999,0.00002,0.00000
94820000000,-11.47748,0.43980,0.02072,0.69549,0.00000,-0.00000,0.71854,1.49999,0.00002,0.00000
94840000000,-11.47846,0.46978,0.02072,0.69549,0.00000,-0.00000,0.71854,1.49999,0.00002,0.00000
94860000000,-11.47943,0.49977,0.02072,0.69549,0.00000,-0.00000,0.71854,1.49999,0.00002,0.00000
94880000000,-11.48041,0.52975,0.02072,0.69549,0.00000,-0.00000,0.71854,1.49999,0.00002,0.00000
94900000000,-11.48139,0.55974,0.02072,0.69549,0.00000,-0.00000,0.71854,1.49999,0.00002,0.00000
94920000000,-11.48237,0.58972,0.02072,0.69549,0.00000,-0.00000,0.71854,1.49999,0.00001,0.00000
94940000000,-11.48335,0.61970,0.02072,0.69549,0.00000,-0.00000,0.71854,1.49999,0.00001,0.00000
94960000000,-11.48432,0.64969,0.02072,0.69549,0.00000,-0.00000,0.71854,1.49999,0.00001,0.00000
94980000000,-11.48530,0.67967,0.02072,0.69549,0.00000,-0.00000,0.71854,1.49999,0.00001,0.00000
95000000000,-11.48628,0.70966,0.02072,0.69549,0.00000,-0.00000,0.71854,1.49999,0.00001,0.00000
95020000000,-11.48726,0.73964,0.02072,0.69549,0.00000,-0.00000,0.71854,1.49999,0.00001,0.00000
95040000000,-11.48824,0.76962,0.02072,0.69548,0.00000,-0.00000,0.71854,1.49999,0.00001,0.00000
95060000000,-11.48922,0.79961,0.02072,0.69548,0.00000,-0.00000,0.71854,1.49999,0.00001,0.00000
95080000000,-11.49019,0.82959,0.02072,0.69548,0.00000,-0.00000,0.71854,1.49999,0.00001,0.00000
95100000000,-11.49117,0.85957,0.02072,0.69548,0.00000,-0.00000,0.71854,1.49999,0.00001,0.00000
95120000000,-11.49215,0.88956,0.02072,0.69548,0.00000,-0.00000,0.71854,1.49999,0.00001,0.00000
95140000000,-11.49313,0.91954,0.02072,0.69548,0.00000,-0.00000,0.71854,1.49999,0.00001,0.00000
95160000000,-11.49411,0.94953,0.02072,0.69548,0.00000,-0.00000,0.71854,1.49999,0.00001,0.00000
95180000000,-11.49509,0.97951,0.02072,0.69548,0.00000,-0.00000,0.71854,1.49999,0.00001,0.00000
95200000000,-11.49607,1.00949,0.02072,0.69548,0.00000,-0.00000,0.71854,1.49999,0.00001,0.00000
95220000000,-11.49704,1.03948,0.02072,0.69548,0.00000,-0.00000,0.71854,1.49999,0.00001,0.00000
95240000000,-11.49802,1.06946,0.02072,0.69548,0.00000,-0.00000,0.71854,1.49999,0.00001,0.00000
95260000000,-11.49900,1.09945,0.02072,0.69548,0.00000,-0.00000,0.71854,1.49999,0.00001,0.00000
95280000000,-11.49998,1.12943,0.02072,0.69548,0.00000,-0.00000,0.71855,1.49999,0.00001,0.00000
95300000000,-11.50096,1.15941,0.02072,0.69548,0.00000,-0.00000,0.71855,1.49999,0.00001,0.00000
95320000000,-11.50194,1.18940,0.02072,0.69548,0.00000,-0.00000,0.71855,1.49999,0.00001,0.00000
95340000000,-11.50292,1.21938,0.02072,0.69548,0.00000,-0.00000,0.71855,1.49999,0.00001,0.00000
95360000000,-11.50389,1.24936,0.02072,0.69548,0.00000,-0.00000,0.71855,1.49999,0.00001,0.00000
95380000000,-11.50487,1.27935,0.02072,0.69548,0.00000,-0.00000,0.71855,1.49999,0.00001,0.00000
95400000000,-11.50585,1.30933,0.02072,0.69548,0.00000,-0.00000,0.71855,1.49999,0.00001,0.00000
95420000000,-11.50683,1.33932,0.02072,0.69548,0.00000,-0.00000,0.71855,1.49999,0.00001,0.00000
95440000000,-11.50781,1.36930,0.02072,0.69548,0.00000,-0.00000,0.71855,1.49999,0.00001,0.00000
95460000000,-11.50879,1.39928,0.02072,0.69548,0.00000,-0.00000,0.71855,1.49999,0.00001,0.00000
95480000000,-11.50977,1.42927,0.02072,0.69548,0.00000,-0.00000,0.71855,1.49999,0.00001,0.00000
95500000000,-11.51075,1.45925,0.02072,0.69548,0.00000,-0.00000,0.71855,1.49999,0.00001,0.00000
95520000000,-11.51172,1.48924,0.02072,0.69548,0.00000,-0.00000,0.71855,1.49999,0.00001,0.00000
95540000000,-11.51270,1.51922,0.02072,0.69548,0.00000,-0.00000,0.71855,1.49999,0.00001,0.00000
95560000000,-11.51368,1.54920,0.02072,0.69548,0.00000,-0.00000,0.71855,1.49999,0.00001,0.00000
95580000000,-11.51466,1.57919,0.02072,0.69548,0.00000,-0.00000,0.71855,1.49999,0.00001,0.00000
95600000000,-11.51564,1.60917,0.02072,0.69548,0.00000,-0.00000,0.71855,1.49999,0.00001,0.00000
95620000000,-11.51662,1.63916,0.02072,0.69548,0.00000,-0.00000,0.71855,1.50000,0.00001,0.00000
95640000000,-11.51760,1.66914,0.02072,0.69548,0.00000,-0.00000,0.71855,1.50000,0.00001,0.00000
95660000000,-11.51858,1.69912,0.02072,0.69547,0.00000,-0.00000,0.71855,1.50000,0.00001,0.00000
95680000000,-11.51956,1.72911,0.02072,0.69547,0.00000,-0.00000,0.71855,1.50000,0.00001,0.00000
95700000000,-11.52054,1.75909,0.02072,0.69547,0.00000,-0.00000,0.71855,1.50000,0.00001,0.00000
95720000000,-11.52151,1.78908,0.02072,0.69547,0.00000,-0.00000,0.71855,1.50000,0.00001,0.00000
95740000000,-11.52249,1.81906,0.02072,0.69547,0.00000,-0.00000,0.71855,1.50000,0.00001,0.00000
95760000000,-11.52347,1.84904,0.02072,0.69547,0.00000,-0.00000,0.71855,1.50000,0.00001,0.00000
95780000000,-11.52445,1.87903,0.02072,0.69547,0.00000,-0.00000,0.71855,1.50000,0.00001,0.00000
95800000000,-11.52543,1.90901,0.02072,0.69547,0.00000,-0.00000,0.71855,1.50000,0.00001,0.00000
95820000000,-11.52641,1.93900,0.02072,0.69547,0.00000,-0.00000,0.71855,1.50000,0.00001,0.00000
95840000000,-11.52739,1.96898,0.02072,0.69547,0.00000,-0.00000,0.71855,1.50000,0.00001,0.00000
95860000000,-11.52837,1.99896,0.02072,0.69547,0.00000,-0.00000,0.71855,1.50000,0.00001,0.00000
95880000000,-11.52935,2.02895,0.02072,0.69547,0.00000,-0.00000,0.71855,1.50000,0.00001,0.00000
95900000000,-11.53033,2.05893,0.02072,0.69547,0.00000,-0.00000,0.71855,1.50000,0.00001,0.00000
95920000000,-11.53131,2.08891,0.02072,0.69547,0.00000,-0.00000,0.71855,1.50000,0.00001,0.00000
95940000000,-11.53229,2.11890,0.02072,0.69547,0.00000,-0.00000,0.71855,1.50000,0.00001,0.00000
95960000000,-11.53326,2.14888,0.02072,0.69547,0.00000,-0.00000,0.71855,1.50000,0.00001,0.00000
95980000000,-11.53424,2.17887,0.02072,0.69547,0.00000,-0.00000,0.71855,1.50000,0.00001,0.00000
96000000000,-11.53522,2.20885,0.02072,0.69547,0.00000,-0.00000,0.71855,1.50000,0.00001,0.00000
96020000000,-11.53620,2.23872,0.02072,0.69548,0.00000,-0.00000,0.71855,1.49118,0.00023,0.00000
96040000000,-11.53717,2.26836,0.02072,0.69551,0.00000,-0.00000,0.71852,1.48077,0.00028,0.00000
96060000000,-11.53813,2.29779,0.02072,0.69556,0.00000,-0.00000,0.71847,1.46939,0.00015,0.00000
96080000000,-11.53907,2.32706,0.02072,0.69565,0.00000,-0.00000,0.71838,1.46286,-0.00034,0.00000
96100000000,-11.53999,2.35613,0.02072,0.69577,0.00000,-0.00000,0.71826,1.45130,-0.00083,0.00000
96120000000,-11.54088,2.38510,0.02072,0.69593,0.00000,-0.00000,0.71811,1.44924,-0.00181,0.00000
96140000000,-11.54172,2.41400,0.02072,0.69613,0.00000,-0.00000,0.71791,1.44302,-0.00268,0.00000
96160000000,-11.54253,2.44268,0.02072,0.69638,0.00000,-0.00000,0.71767,1.43172,-0.00358,0.00000
96180000000,-11.54329,2.47118,0.02072,0.69669,0.00000,-0.00000,0.71737,1.42510,-0.00487,0.00000
96200000000,-11.54398,2.49955,0.02072,0.69705,0.00000,-0.00000,0.71703,1.41620,-0.00619,0.00000
96220000000,-11.54462,2.52773,0.02072,0.69747,0.00000,-0.00000,0.71662,1.40778,-0.00775,0.00000
96240000000,-11.54518,2.55577,0.02072,0.69795,0.00000,-0.00000,0.71614,1.40179,-0.00956,0.00000
96260000000,-11.54565,2.58387,0.02072,0.69850,0.00000,-0.00000,0.71561,1.40789,-0.01181,0.00000
96280000000,-11.54604,2.61224,0.02072,0.69909,0.00000,-0.00000,0.71504,1.42161,-0.01408,0.00000
96300000000,-11.54635,2.64087,0.02072,0.69972,0.00000,-0.00000,0.71442,1.43514,-0.01605,0.00000
96320000000,-11.54658,2.66978,0.02072,0.70038,0.00000,-0.00000,0.71377,1.44849,-0.01770,0.00000
96340000000,-11.54673,2.69895,0.02072,0.70107,0.00000,-0.00000,0.71309,1.46166,-0.01905,0.00000
96360000000,-11.54680,2.72838,0.02072,0.70178,0.00000,-0.00000,0.71240,1.47466,-0.02007,0.00000
96380000000,-11.54680,2.75807,0.02072,0.70249,0.00000,-0.00000,0.71169,1.48749,-0.02079,0.00000
96400000000,-11.54675,2.78799,0.02072,0.70319,0.00000,-0.00000,0.71100,1.49790,-0.01973,0.00000
96420000000,-11.54666,2.81796,0.02072,0.70386,0.00000,-0.00000,0.71034,1.49833,-0.01959,0.00000
96440000000,-11.54650,2.84786,0.02072,0.70455,0.00000,-0.00000,0.70965,1.49299,-0.02095,0.00000
96460000000,-11.54626,2.87763,0.02072,0.70527,0.00000,-0.00000,0.70894,1.48579,-0.02095,0.00000
96480000000,-11.54596,2.90716,0.02072,0.70599,0.00000,-0.00000,0.70822,1.47382,-0.02109,0.00000
96500000000,-11.54559,2.93651,0.02072,0.70672,0.00000,-0.00000,0.70749,1.46428,-0.02150,0.00000
96520000000,-11.54516,2.96561,0.02072,0.70747,0.00000,-0.00000,0.70675,1.45216,-0.02213,0.00000
96540000000,-11.54464,2.99454,0.02072,0.70824,0.00000,-0.00000,0.70598,1.44584,-0.02298,0.00000
96560000000,-11.54404,3.02333,0.02072,0.70904,0.00000,-0.00000,0.70517,1.43778,-0.02390,0.00000
96580000000,-11.54335,3.05204,0.02072,0.70987,0.00000,-0.00000,0.70433,1.43339,-0.02497,0.00000
96600000000,-11.54258,3.08053,0.02072,0.71074,0.00000,-0.00000,0.70345,1.42218,-0.02610,0.00000
96620000000,-11.54170,3.10884,0.02072,0.71166,0.00000,-0.00000,0.70253,1.41331,-0.02743,0.00000
96640000000,-11.54073,3.13696,0.02072,0.71262,0.00000,-0.00000,0.70155,1.40385,-0.02890,0.00000
96660000000,-11.53965,3.16488,0.02072,0.71363,0.00000,-0.00000,0.70052,1.39592,-0.03058,0.00000
96680000000,-11.53845,3.19264,0.02072,0.71470,0.00000,-0.00000,0.69943,1.38613,-0.03233,0.00000
96700000000,-11.53713,3.22021,0.02072,0.71583,0.00000,-0.00000,0.69827,1.37816,-0.03429,0.00000
96720000000,-11.53569,3.24762,0.02072,0.71703,0.00000,-0.00000,0.69704,1.36983,-0.03636,0.00000
96740000000,-11.53411,3.27486,0.02072,0.71830,0.00000,-0.00000,0.69573,1.36326,-0.03860,0.00000
96760000000,-11.53238,3.30198,0.02072,0.71964,0.00000,-0.00000,0.69434,1.35757,-0.04096,0.00000
96780000000,-11.53049,3.32905,0.02072,0.72107,0.00000,-0.00000,0.69287,1.35388,-0.04337,0.00000
96800000000,-11.52846,3.35592,0.02072,0.72257,0.00000,-0.00000,0.69130,1.34440,-0.04572,0.00000
96820000000,-11.52626,3.38260,0.02072,0.72415,0.00000,-0.00000,0.68965,1.33527,-0.04823,0.00000
96840000000,-11.52390,3.40909,0.02072,0.72581,0.00000,-0.00000,0.68790,1.32651,-0.05089,0.00000
96860000000,-11.52135,3.43540,0.02072,0.72756,0.00000,-0.00000,0.68604,1.31961,-0.05386,0.00000
96880000000,-11.51861,3.46165,0.02072,0.72940,0.00000,-0.00000,0.68408,1.31636,-0.05679,0.00000
96900000000,-11.51568,3.48772,0.02072,0.73134,0.00000,-0.00000,0.68201,1.30889,-0.05963,0.00000
96920000000,-11.51254,3.51364,0.02072,0.73336,0.00000,-0.00000,0.67984,1.30225,-0.06268,0.00000
96940000000,-11.50920,3.53940,0.02072,0.73549,0.00000,-0.00000,0.67754,1.29573,-0.06566,0.00000
96960000000,-11.50564,3.56502,0.02072,0.73770,0.00000,-0.00000,0.67513,1.28976,-0.06889,0.00000
96980000000,-11.50186,3.59049,0.02072,0.74002,0.00000,-0.00000,0.67258,1.28431,-0.07199,0.00000
97000000000,-11.49784,3.61583,0.02072,0.74245,0.00000,-0.00000,0.66990,1.27942,-0.07518,0.00000
97020000000,-11.49358,3.64104,0.02072,0.74499,0.00000,-0.00000,0.66707,1.27515,-0.07846,0.00000
97040000000,-11.48907,3.66614,0.02072,0.74765,0.00000,-0.00000,0.66409,1.27154,-0.08203,0.00000
97060000000,-11.48428,3.69113,0.02072,0.75042,0.00000,-0.00000,0.66096,1.26862,-0.08560,0.00000
97080000000,-11.47922,3.71602,0.02072,0.75332,0.00000,-0.00000,0.65766,1.26636,-0.08901,0.00000
97100000000,-11.47387,3.74082,0.02072,0.75634,0.00000,-0.00000,0.65418,1.26485,-0.09250,0.00000
97120000000,-11.46822,3.76553,0.02072,0.75950,0.00000,-0.00000,0.65051,1.26410,-0.09597,0.00000
97140000000,-11.46224,3.79018,0.02072,0.76278,0.00000,-0.00000,0.64665,1.26431,-0.10041,0.00000
97160000000,-11.45591,3.81477,0.02072,0.76616,0.00000,-0.00000,0.64265,1.26561,-0.10568,0.00000
97180000000,-11.44921,3.83931,0.02072,0.76962,0.00000,-0.00000,0.63850,1.26785,-0.11059,0.00000
97200000000,-11.44212,3.86381,0.02072,0.77315,0.00000,-0.00000,0.63423,1.27113,-0.11564,0.00000
97220000000,-11.43464,3.88839,0.02072,0.77676,0.00000,-0.00000,0.62980,1.28332,-0.12049,0.00000
97240000000,-11.42670,3.91319,0.02072,0.78048,0.00000,-0.00000,0.62517,1.29985,-0.12510,0.00000
97260000000,-11.41830,3.93818,0.02072,0.78432,0.00000,-0.00000,0.62036,1.31617,-0.12945,0.00000
97280000000,-11.40944,3.96336,0.02072,0.78824,0.00000,-0.00000,0.61537,1.33228,-0.13356,0.00000
97300000000,-11.40009,3.98872,0.02072,0.79225,0.00000,-0.00000,0.61020,1.34817,-0.13742,-0.00000
97320000000,-11.39026,4.01423,0.02073,0.79633,0.00000,-0.00000,0.60486,1.36385,-0.14101,-0.00000
97340000000,-11.37993,4.03989,0.02073,0.80047,0.00000,-0.00000,0.59937,1.37930,-0.14435,-0.00000
97360000000,-11.36909,4.06567,0.02073,0.80467,0.00000,-0.00000,0.59373,1.39453,-0.14743,-0.00000
97380000000,-11.35775,4.09157,0.02073,0.80890,0.00000,-0.00000,0.58794,1.40953,-0.15023,-0.00000
97400000000,-11.34588,4.11757,0.02073,0.81317,0.00000,-0.00000,0.58203,1.42466,-0.15276,-0.00000
97420000000,-11.33349,4.14368,0.02073,0.81747,0.00000,-0.00000,0.57597,1.44076,-0.15495,-0.00000
97440000000,-11.32056,4.16989,0.02073,0.82179,0.00000,-0.00000,0.56979,1.45737,-0.15681,-0.00000
97460000000,-11.30707,4.19621,0.02073,0.82614,0.00000,-0.00000,0.56347,1.47473,-0.15830,-0.00000
97480000000,-11.29317,4.22244,0.02073,0.83036,0.00000,-0.00000,0.55723,1.47606,-0.15433,-0.00000
97500000000,-11.27908,4.24857,0.02073,0.83422,0.00000,-0.00000,0.55143,1.47724,-0.14333,-0.00000
97520000000,-11.26469,4.27446,0.02073,0.83789,0.00000,-0.00000,0.54584,1.47235,-0.14505,0.00000
97540000000,-11.24996,4.30004,0.02073,0.84141,0.00000,-0.00000,0.54040,1.46777,-0.14708,0.00000
97560000000,-11.23491,4.32535,0.02073,0.84478,0.00000,-0.00000,0.53512,1.46368,-0.14897,0.00000
97580000000,-11.21955,4.35038,0.02073,0.84799,0.00000,-0.00000,0.53001,1.46007,-0.15069,0.00000
97600000000,-11.20389,4.37516,0.02073,0.85105,0.00000,-0.00000,0.52508,1.45689,-0.15223,0.00000
97620000000,-11.18796,4.39970,0.02073,0.85396,0.00000,-0.00000,0.52034,1.45411,-0.15359,0.00000
97640000000,-11.17176,4.42400,0.02073,0.85670,0.00000,-0.00000,0.51581,1.45171,-0.15476,0.00000
97660000000,-11.15531,4.44809,0.02073,0.85929,0.00000,-0.00000,0.51149,1.44964,-0.15573,0.00000
97680000000,-11.13863,4.47198,0.02073,0.86172,0.00000,-0.00000,0.50739,1.44787,-0.15649,0.00000
97700000000,-11.12174,4.49568,0.02073,0.86399,0.00000,-0.00000,0.50352,1.44638,-0.15703,0.00000
97720000000,-11.10465,4.51921,0.02073,0.86609,0.00000,-0.00000,0.49988,1.44513,-0.15736,0.00000
97740000000,-11.08738,4.54261,0.02073,0.86808,0.00000,-0.00000,0.49642,1.44636,-0.15549,0.00000
97760000000,-11.06995,4.56594,0.02073,0.87001,0.00000,-0.00000,0.49303,1.44868,-0.15262,0.00000
97780000000,-11.05237,4.58921,0.02073,0.87189,0.00000,-0.00000,0.48970,1.45090,-0.14979,0.00000
97800000000,-11.03464,4.61241,0.02073,0.87371,0.00000,-0.00000,0.48645,1.45303,-0.14700,0.00000
97820000000,-11.01676,4.63554,0.02073,0.87548,0.00000,-0.00000,0.48326,1.45507,-0.14425,0.00000
97840000000,-10.99874,4.65861,0.02073,0.87720,0.00000,-0.00000,0.48013,1.45703,-0.14154,0.00000
97860000000,-10.98059,4.68161,0.02073,0.87887,0.00000,-0.00000,0.47707,1.45890,-0.13887,0.00000
97880000000,-10.96230,4.70454,0.02073,0.88049,0.00000,-0.00000,0.47406,1.46069,-0.13624,0.00000
97900000000,-10.94388,4.72741,0.02073,0.88207,0.00000,-0.00000,0.47112,1.46240,-0.13365,0.00000
97920000000,-10.92533,4.75021,0.02073,0.88360,0.00000,-0.00000,0.46823,1.46405,-0.13110,0.00000
97940000000,-10.90666,4.77294,0.02073,0.88510,0.00000,-0.00000,0.46541,1.46562,-0.12859,0.00000
97960000000,-10.88787,4.79561,0.02073,0.88655,0.00000,-0.00000,0.46264,1.46712,-0.12612,0.00000
97980000000,-10.86897,4.81822,0.02073,0.88796,0.00000,-0.00000,0.45992,1.46857,-0.12369,0.00000
98000000000,-10.84995,4.84076,0.02073,0.88934,0.00000,-0.00000,0.45726,1.46995,-0.12130,0.00000
98020000000,-10.83082,4.86326,0.02073,0.89070,0.00000,-0.00000,0.45458,1.47238,-0.11694,0.00000
98040000000,-10.81162,4.88575,0.02073,0.89213,0.00000,-0.00000,0.45178,1.47525,-0.11168,0.00000
98060000000,-10.79231,4.90822,0.02073,0.89359,0.00000,-0.00000,0.44888,1.47747,-0.10749,0.00000
98080000000,-10.77289,4.93061,0.02073,0.89506,0.00000,-0.00000,0.44594,1.47912,-0.10424,0.00000
98100000000,-10.75337,4.95297,0.02073,0.89660,0.00000,-0.00000,0.44285,1.48133,-0.09955,0.00000
98120000000,-10.73373,4.97527,0.02073,0.89818,0.00000,-0.00000,0.43962,1.48309,-0.09554,0.00000
98140000000,-10.71396,4.99750,0.02073,0.89982,0.00000,-0.00000,0.43626,1.48440,-0.09238,0.00000
98160000000,-10.69406,5.01963,0.02073,0.90150,0.00000,-0.00000,0.43278,1.48566,-0.08886,0.00000
98180000000,-10.67403,5.04166,0.02073,0.90323,0.00000,-0.00000,0.42915,1.48648,-0.08627,0.00000
98200000000,-10.65378,5.06349,0.02073,0.90505,0.00000,-0.00000,0.42531,1.48581,-0.09129,0.00000
98220000000,-10.63322,5.08501,0.02073,0.90705,0.00000,-0.00000,0.42101,1.48496,-0.09718,0.00000
98240000000,-10.61250,5.10638,0.02073,0.90913,0.00000,-0.00000,0.41652,1.48546,-0.09349,0.00000
98260000000,-10.59159,5.12756,0.02073,0.91123,0.00000,-0.00000,0.41191,1.48538,-0.09219,0.00000
98280000000,-10.57050,5.14856,0.02073,0.91336,0.00000,-0.00000,0.40716,1.48530,-0.08885,0.00000
98300000000,-10.54924,5.16937,0.02073,0.91554,0.00000,-0.00000,0.40224,1.48487,-0.08638,0.00000
98320000000,-10.52779,5.18997,0.02073,0.91775,0.00000,-0.00000,0.39716,1.48415,-0.08445,0.00000
98340000000,-10.50608,5.21027,0.02073,0.91991,0.00000,-0.00000,0.39212,1.48351,-0.08908,0.00000
98360000000,-10.48408,5.23026,0.02073,0.92199,0.00000,-0.00000,0.38723,1.48332,-0.09445,0.00000
98380000000,-10.46180,5.24995,0.02073,0.92396,0.00000,-0.00000,0.38249,1.48354,-0.09951,0.00000
98400000000,-10.43927,5.26938,0.02073,0.92583,0.00000,-0.00000,0.37795,1.48443,-0.10023,0.00000
98420000000,-10.41665,5.28874,0.02073,0.92749,0.00000,-0.00000,0.37385,1.48605,-0.09306,0.00000
98440000000,-10.39381,5.30788,0.02073,0.92904,0.00000,-0.00000,0.36998,1.48719,-0.09676,0.00000
98460000000,-10.37075,5.32680,0.02073,0.93050,0.00000,-0.00000,0.36630,1.48861,-0.10015,0.00000
98480000000,-10.34748,5.34552,0.02073,0.93186,0.00000,-0.00000,0.36282,1.49027,-0.10323,0.00000
98500000000,-10.32400,5.36405,0.02073,0.93312,0.00000,-0.00000,0.35956,1.49214,-0.10601,0.00000
98520000000,-10.30034,5.38242,0.02073,0.93429,0.00000,-0.00000,0.35651,1.49419,-0.10848,0.00000
98540000000,-10.27650,5.40063,0.02073,0.93536,0.00000,-0.00000,0.35369,1.49641,-0.11064,0.00000
98560000000,-10.25251,5.41871,0.02073,0.93635,0.00000,-0.00000,0.35108,1.49838,-0.11166,0.00000
98580000000,-10.22846,5.43670,0.02073,0.93733,0.00000,-0.00000,0.34845,1.49806,-0.10751,0.00000
98600000000,-10.20435,5.45461,0.02073,0.93831,0.00000,-0.00000,0.34581,1.49768,-0.10362,0.00000
98620000000,-10.18023,5.47245,0.02073,0.93933,0.00000,-0.00000,0.34302,1.49629,-0.09823,0.00000
98640000000,-10.15606,5.49019,0.02073,0.94037,0.00000,-0.00000,0.34016,1.49546,-0.09450,0.00000
98660000000,-10.13188,5.50783,0.02073,0.94145,0.00000,-0.00000,0.33714,1.49380,-0.08979,0.00000
98680000000,-10.10756,5.52532,0.02073,0.94251,0.00000,-0.00000,0.33419,1.49569,-0.09161,0.00000
98700000000,-10.08306,5.54266,0.02073,0.94348,0.00000,-0.00000,0.33144,1.49843,-0.09437,0.00000
98720000000,-10.05839,5.55986,0.02073,0.94436,0.00000,-0.00000,0.32892,1.50130,-0.09682,0.00000
98740000000,-10.03356,5.57693,0.02073,0.94516,0.00000,-0.00000,0.32661,1.50398,-0.09849,0.00000
98760000000,-10.00866,5.59392,0.02073,0.94593,0.00000,-0.00000,0.32438,1.50443,-0.09656,0.00000
98780000000,-9.98369,5.61083,0.02073,0.94667,0.00000,-0.00000,0.32220,1.50477,-0.09457,0.00000
98800000000,-9.95866,5.62765,0.02073,0.94740,0.00000,-0.00000,0.32005,1.50510,-0.09261,0.00000
98820000000,-9.93358,5.64440,0.02073,0.94811,0.00000,-0.00000,0.31795,1.50540,-0.09069,0.00000
98840000000,-9.90844,5.66108,0.02073,0.94880,0.00000,-0.00000,0.31589,1.50567,-0.08881,0.00000
98860000000,-9.88325,5.67767,0.02073,0.94947,0.00000,-0.00000,0.31386,1.50593,-0.08697,0.00000
98880000000,-9.85800,5.69420,0.02073,0.95012,0.00000,-0.00000,0.31187,1.50616,-0.08517,0.00000
98900000000,-9.83271,5.71064,0.02073,0.95076,0.00000,-0.00000,0.30992,1.50638,-0.08340,0.00000
98920000000,-9.80737,5.72702,0.02073,0.95139,0.00000,-0.00000,0.30799,1.50568,-0.08058,0.00000
98940000000,-9.78208,5.74335,0.02073,0.95206,0.00000,-0.00000,0.30592,1.50255,-0.07512,0.00000
98960000000,-9.75680,5.75960,0.02073,0.95276,0.00000,-0.00000,0.30373,1.50012,-0.07094,0.00000
98980000000,-9.73155,5.77577,0.02073,0.95350,0.00000,-0.00000,0.30138,1.49698,-0.06638,0.00000
99000000000,-9.70631,5.79185,0.02073,0.95429,0.00000,-0.00000,0.29890,1.49467,-0.06320,0.00000
99020000000,-9.68102,5.80780,0.02073,0.95508,0.00000,-0.00000,0.29635,1.49280,-0.06077,0.00000
99040000000,-9.65570,5.82359,0.02073,0.95595,0.00000,-0.00000,0.29354,1.49013,-0.06347,0.00000
99060000000,-9.63028,5.83913,0.02073,0.95690,0.00000,-0.00000,0.29042,1.48730,-0.06424,0.00000
99080000000,-9.60485,5.85451,0.02073,0.95788,0.00000,-0.00000,0.28715,1.48467,-0.06168,0.00000
99100000000,-9.57935,5.86973,0.02073,0.95888,0.00000,-0.00000,0.28381,1.48239,-0.05978,0.00000
99120000000,-9.55385,5.88478,0.02073,0.95992,0.00000,-0.00000,0.28029,1.47837,-0.05645,0.00000
99140000000,-9.52829,5.89963,0.02073,0.96097,0.00000,-0.00000,0.27667,1.47611,-0.05529,0.00000
99160000000,-9.50273,5.91429,0.02073,0.96205,0.00000,-0.00000,0.27286,1.47134,-0.05203,0.00000
99180000000,-9.47715,5.92874,0.02073,0.96318,0.00000,-0.00000,0.26887,1.46727,-0.04998,0.00000
99200000000,-9.45139,5.94293,0.02073,0.96427,0.00000,-0.00000,0.26492,1.47081,-0.05509,0.00000
99220000000,-9.42538,5.95687,0.02073,0.96531,0.00000,-0.00000,0.26110,1.47547,-0.06064,0.00000
99240000000,-9.39912,5.97056,0.02073,0.96630,0.00000,-0.00000,0.25742,1.48036,-0.06580,0.00000
99260000000,-9.37263,5.98402,0.02073,0.96723,0.00000,-0.00000,0.25389,1.48546,-0.07058,0.00000
99280000000,-9.34595,5.99732,0.02073,0.96809,0.00000,-0.00000,0.25060,1.48942,-0.06845,0.00000
99300000000,-9.31913,6.01052,0.02073,0.96886,0.00000,-0.00000,0.24762,1.49422,-0.06964,0.00000
99320000000,-9.29211,6.02355,0.02073,0.96957,0.00000,-0.00000,0.24481,1.49966,-0.07303,0.00000
99340000000,-9.26489,6.03642,0.02073,0.97023,0.00000,-0.00000,0.24219,1.50520,-0.07607,0.00000
99360000000,-9.23747,6.04916,0.02073,0.97083,0.00000,-0.00000,0.23975,1.51082,-0.07877,0.00000
99380000000,-9.20987,6.06177,0.02073,0.97138,0.00000,-0.00000,0.23752,1.51649,-0.08112,0.00000
99400000000,-9.18214,6.07428,0.02073,0.97189,0.00000,-0.00000,0.23543,1.51906,-0.08112,0.00000
99420000000,-9.15437,6.08670,0.02073,0.97239,0.00000,-0.00000,0.23338,1.51901,-0.07939,0.00000
99440000000,-9.12656,6.09903,0.02073,0.97287,0.00000,-0.00000,0.23137,1.51894,-0.07769,0.00000
99460000000,-9.09872,6.11129,0.02073,0.97333,0.00000,-0.00000,0.22939,1.51887,-0.07602,0.00000
99480000000,-9.07085,6.12345,0.02073,0.97379,0.00000,-0.00000,0.22746,1.51878,-0.07440,0.00000
99500000000,-9.04295,6.13554,0.02073,0.97423,0.00000,-0.00000,0.22555,1.51868,-0.07281,0.00000
99520000000,-9.01501,6.14754,0.02073,0.97466,0.00000,-0.00000,0.22369,1.51857,-0.07125,0.00000
99540000000,-8.98705,6.15947,0.02073,0.97508,0.00000,-0.00000,0.22185,1.51846,-0.06973,0.00000
99560000000,-8.95905,6.17132,0.02073,0.97549,0.00000,-0.00000,0.22005,1.51833,-0.06824,0.00000
99580000000,-8.93103,6.18308,0.02073,0.97588,0.00000,-0.00000,0.21829,1.51820,-0.06678,0.00000
99600000000,-8.90298,6.19478,0.02073,0.97627,0.00000,-0.00000,0.21655,1.51806,-0.06536,0.00000
99620000000,-8.87490,6.20640,0.02073,0.97665,0.00000,-0.00000,0.21485,1.51792,-0.06397,0.00000
99640000000,-8.84680,6.21794,0.02073,0.97701,0.00000,-0.00000,0.21318,1.51777,-0.06261,0.00000
99660000000,-8.81867,6.22942,0.02073,0.97737,0.00000,-0.00000,0.21154,1.51761,-0.06127,0.00000
99680000000,-8.79052,6.24082,0.02073,0.97772,0.00000,-0.00000,0.20993,1.51745,-0.05997,0.00000
99700000000,-8.76234,6.25216,0.02073,0.97805,0.00000,-0.00000,0.20835,1.51729,-0.05869,0.00000
99720000000,-8.73414,6.26342,0.02073,0.97838,0.00000,-0.00000,0.20680,1.51712,-0.05745,0.00000
99740000000,-8.70597,6.27462,0.02073,0.97871,0.00000,-0.00000,0.20523,1.51340,-0.05441,0.00000
99760000000,-8.67792,6.28575,0.02073,0.97907,0.00000,-0.00000,0.20353,1.50647,-0.05003,0.00000
99780000000,-8.64996,6.29680,0.02073,0.97944,0.00000,-0.00000,0.20172,1.50169,-0.04710,0.00000
99800000000,-8.62207,6.30776,0.02073,0.97984,0.00000,-0.00000,0.19980,1.49545,-0.04368,0.00000
99820000000,-8.59422,6.31855,0.02073,0.98027,0.00000,-0.00000,0.19768,1.49291,-0.04555,0.00000
99840000000,-8.56636,6.32918,0.02073,0.98073,0.00000,-0.00000,0.19539,1.48885,-0.04602,0.00000
99860000000,-8.53858,6.33968,0.02073,0.98121,0.00000,-0.00000,0.19297,1.48233,-0.04295,0.00000
99880000000,-8.51087,6.35003,0.02073,0.98170,0.00000,-0.00000,0.19042,1.47806,-0.04135,0.00000
99900000000,-8.48316,6.36023,0.02073,0.98221,0.00000,-0.00000,0.18780,1.47421,-0.04013,0.00000
99920000000,-8.45548,6.37028,0.02073,0.98272,0.00000,-0.00000,0.18509,1.47061,-0.03924,0.00000
99940000000,-8.42789,6.38016,0.02073,0.98326,0.00000,-0.00000,0.18223,1.46308,-0.03673,0.00000
99960000000,-8.40026,6.38985,0.02073,0.98379,0.00000,-0.00000,0.17932,1.46525,-0.03904,0.00000
99980000000,-8.37240,6.39935,0.02073,0.98430,0.00000,-0.00000,0.17650,1.47311,-0.04368,0.00000
100000000000,-8.34431,6.40867,0.02073,0.98478,0.00000,-0.00000,0.17381,1.48105,-0.04793,0.00000
100020000000,-8.31599,6.41782,0.02073,0.98523,0.00000,-0.00000,0.17123,1.48905,-0.05179,0.00000
100040000000,-8.28751,6.42688,0.02073,0.98563,0.00000,-0.00000,0.16890,1.49488,-0.04948,0.00000
100060000000,-8.25884,6.43583,0.02073,0.98600,0.00000,-0.00000,0.16675,1.50286,-0.05243,0.00000
100080000000,-8.22997,6.44466,0.02073,0.98633,0.00000,-0.00000,0.16475,1.51085,-0.05504,0.00000
100100000000,-8.20089,6.45339,0.02073,0.98664,0.00000,-0.00000,0.16291,1.51882,-0.05729,0.00000
100120000000,-8.17166,6.46203,0.02073,0.98692,0.00000,-0.00000,0.16119,1.52326,-0.05788,0.00000
100140000000,-8.14240,6.47059,0.02073,0.98720,0.00000,-0.00000,0.15951,1.52298,-0.05662,0.00000
100160000000,-8.11313,6.47907,0.02073,0.98746,0.00000,-0.00000,0.15786,1.52269,-0.05539,0.00000
100180000000,-8.08385,6.48748,0.02073,0.98772,0.00000,-0.00000,0.15624,1.52241,-0.05419,0.00000
100200000000,-8.05455,6.49581,0.02073,0.98797,0.00000,-0.00000,0.15465,1.52212,-0.05301,0.00000
100220000000,-8.02523,6.50407,0.02073,0.98821,0.00000,-0.00000,0.15309,1.52183,-0.05186,0.00000
100240000000,-7.99590,6.51226,0.02073,0.98845,0.00000,-0.00000,0.15156,1.52155,-0.05074,0.00000
100260000000,-7.96656,6.52038,0.02073,0.98868,0.00000,-0.00000,0.15005,1.52126,-0.04964,0.00000
100280000000,-7.93721,6.52842,0.02073,0.98890,0.00000,-0.00000,0.14858,1.52097,-0.04857,0.00000
100300000000,-7.90784,6.53640,0.02073,0.98912,0.00000,-0.00000,0.14713,1.52068,-0.04752,0.00000
100320000000,-7.87847,6.54431,0.02073,0.98933,0.00000,-0.00000,0.14570,1.52040,-0.04649,0.00000
100340000000,-7.84908,6.55216,0.02073,0.98953,0.00000,-0.00000,0.14431,1.52011,-0.04549,0.00000
100360000000,-7.81968,6.55994,0.02073,0.98973,0.00000,-0.00000,0.14294,1.51983,-0.04451,0.00000
100380000000,-7.79027,6.56766,0.02073,0.98993,0.00000,-0.00000,0.14159,1.51954,-0.04355,0.00000
100400000000,-7.76085,6.57531,0.02073,0.99011,0.00000,-0.00000,0.14027,1.51926,-0.04262,0.00000
100420000000,-7.73142,6.58290,0.02073,0.99030,0.00000,-0.00000,0.13897,1.51898,-0.04170,0.00000
100440000000,-7.70198,6.59044,0.02073,0.99047,0.00000,-0.00000,0.13770,1.51870,-0.04081,0.00000
100460000000,-7.67254,6.59791,0.02073,0.99065,0.00000,-0.00000,0.13645,1.51842,-0.03993,0.00000
100480000000,-7.64308,6.60532,0.02073,0.99082,0.00000,-0.00000,0.13522,1.51814,-0.03908,0.00000
100500000000,-7.61362,6.61268,0.02073,0.99098,0.00000,-0.00000,0.13402,1.51787,-0.03824,0.00000
100520000000,-7.58414,6.61998,0.02073,0.99114,0.00000,-0.00000,0.13284,1.51759,-0.03742,0.00000
100540000000,-7.55467,6.62722,0.02073,0.99129,0.00000,-0.00000,0.13168,1.51732,-0.03662,0.00000
100560000000,-7.52518,6.63441,0.02073,0.99144,0.00000,-0.00000,0.13054,1.51705,-0.03584,0.00000
100580000000,-7.49568,6.64155,0.02073,0.99159,0.00000,-0.00000,0.12942,1.51679,-0.03508,0.00000
100600000000,-7.46618,6.64863,0.02073,0.99173,0.00000,-0.00000,0.12833,1.51652,-0.03433,0.00000
100620000000,-7.43668,6.65566,0.02073,0.99187,0.00000,-0.00000,0.12725,1.51626,-0.03360,0.00000
100640000000,-7.40716,6.66265,0.02073,0.99201,0.00000,-0.00000,0.12620,1.51600,-0.03288,0.00000
100660000000,-7.37764,6.66958,0.02073,0.99214,0.00000,-0.00000,0.12516,1.51574,-0.03219,0.00000
100680000000,-7.34811,6.67646,0.02073,0.99226,0.00000,-0.00000,0.12414,1.51549,-0.03150,0.00000
100700000000,-7.31858,6.68329,0.02073,0.99239,0.00000,-0.00000,0.12315,1.51524,-0.03084,0.00000
100720000000,-7.28905,6.69008,0.02073,0.99251,0.00000,-0.00000,0.12217,1.51499,-0.03018,0.00000
100740000000,-7.25950,6.69682,0.02073,0.99263,0.00000,-0.00000,0.12121,1.51474,-0.02954,0.00000
100760000000,-7.22995,6.70352,0.02073,0.99274,0.00000,-0.00000,0.12026,1.51450,-0.02892,0.00000
100780000000,-7.20040,6.71017,0.02073,0.99285,0.00000,-0.00000,0.11934,1.51426,-0.02831,0.00000
100800000000,-7.17084,6.71678,0.02072,0.99296,-0.00001,-0.00000,0.11841,1.51402,-0.02770,0.00005
100820000000,-7.14127,6.72334,0.02072,0.99307,-0.00001,-0.00000,0.11752,1.51379,-0.02712,0.00004
100840000000,-7.11171,6.72986,0.02072,0.99317,-0.00001,-0.00000,0.11665,1.51356,-0.02655,0.00004
100860000000,-7.08214,6.73634,0.02072,0.99327,-0.00001,-0.00000,0.11579,1.51333,-0.02599,0.00003
100880000000,-7.05256,6.74277,0.02072,0.99337,-0.00001,-0.00000,0.11495,1.51310,-0.02545,0.00002
100900000000,-7.02298,6.74917,0.02072,0.99347,-0.00001,-0.00000,0.11413,1.51288,-0.02491,0.00002
100920000000,-6.99340,6.75553,0.02072,0.99356,-0.00000,-0.00000,0.11332,1.51266,-0.02439,0.00002
100940000000,-6.96381,6.76185,0.02072,0.99365,-0.00000,-0.00000,0.11252,1.51244,-0.02388,0.00001
100960000000,-6.93422,6.76813,0.02072,0.99374,-0.00000,-0.00000,0.11174,1.51223,-0.02338,0.00001
100980000000,-6.90463,6.77437,0.02072,0.99382,-0.00000,-0.00000,0.11098,1.51202,-0.02289,0.00001
101000000000,-6.87503,6.78058,0.02072,0.99391,-0.00000,-0.00000,0.11023,1.51181,-0.02241,0.00001
101020000000,-6.84543,6.78675,0.02072,0.99399,-0.00000,-0.00000,0.10949,1.51160,-0.02194,0.00001
101040000000,-6.81583,6.79288,0.02072,0.99407,-0.00000,-0.00000,0.10877,1.51140,-0.02148,0.00000
101060000000,-6.78622,6.79899,0.02072,0.99414,-0.00000,-0.00000,0.10806,1.51120,-0.02103,0.00000
101080000000,-6.75661,6.80505,0.02072,0.99422,-0.00000,-0.00000,0.10737,1.51100,-0.02059,0.00000
101100000000,-6.72700,6.81109,0.02072,0.99429,-0.00000,-0.00000,0.10669,1.51081,-0.02016,0.00000
101120000000,-6.69739,6.81709,0.02072,0.99436,-0.00000,-0.00000,0.10602,1.51062,-0.01974,0.00000
101140000000,-6.66777,6.82306,0.02073,0.99443,-0.00000,-0.00000,0.10536,1.51043,-0.01933,0.00000
101160000000,-6.63815,6.82899,0.02073,0.99450,-0.00000,-0.00000,0.10472,1.51025,-0.01893,0.00000
101180000000,-6.60853,6.83490,0.02073,0.99457,-0.00000,-0.00000,0.10409,1.51006,-0.01854,0.00000
101200000000,-6.57891,6.84078,0.02073,0.99463,-0.00000,-0.00000,0.10347,1.50988,-0.01815,0.00000
101220000000,-6.54928,6.84662,0.02073,0.99470,-0.00000,-0.00000,0.10287,1.50971,-0.01778,0.00000
101240000000,-6.51965,6.85244,0.02073,0.99476,-0.00000,-0.00000,0.10227,1.50953,-0.01741,0.00000
101260000000,-6.49003,6.85823,0.02073,0.99482,-0.00000,-0.00000,0.10169,1.50936,-0.01705,0.00000
101280000000,-6.46039,6.86399,0.02073,0.99487,-0.00000,-0.00000,0.10111,1.50919,-0.01669,0.00000
101300000000,-6.43076,6.86972,0.02073,0.99493,-0.00000,-0.00000,0.10055,1.50903,-0.01635,0.00000
101320000000,-6.40112,6.87543,0.02073,0.99499,-0.00000,-0.00000,0.10000,1.50886,-0.01601,0.00000
101340000000,-6.37149,6.88111,0.02073,0.99504,-0.00000,-0.00000,0.09946,1.50870,-0.01568,0.00000
101360000000,-6.34185,6.88676,0.02073,0.99509,-0.00000,-0.00000,0.09893,1.50854,-0.01536,0.00000
101380000000,-6.31221,6.89239,0.02073,0.99515,-0.00000,-0.00000,0.09841,1.50839,-0.01504,0.00000
101400000000,-6.28256,6.89799,0.02073,0.99520,-0.00000,-0.00000,0.09790,1.50823,-0.01473,0.00000
101420000000,-6.25292,6.90357,0.02073,0.99525,0.00000,-0.00000,0.09740,1.50808,-0.01443,0.00000
101440000000,-6.22328,6.90912,0.02073,0.99529,0.00000,-0.00000,0.09691,1.50794,-0.01413,0.00000
101460000000,-6.19363,6.91465,0.02073,0.99534,0.00000,-0.00000,0.09643,1.50779,-0.01384,0.00000
101480000000,-6.16398,6.92015,0.02073,0.99539,0.00000,-0.00000,0.09596,1.50765,-0.01355,0.00000
101500000000,-6.13433,6.92564,0.02073,0.99543,0.00000,-0.00000,0.09549,1.50751,-0.01327,0.00000
101520000000,-6.10468,6.93110,0.02073,0.99547,0.00000,-0.00000,0.09504,1.50737,-0.01300,0.00000
101540000000,-6.07503,6.93654,0.02073,0.99552,0.00000,-0.00000,0.09460,1.50723,-0.01273,0.00000
101560000000,-6.04538,6.94195,0.02073,0.99556,0.00000,-0.00000,0.09416,1.50710,-0.01247,0.00000
101580000000,-6.01572,6.94735,0.02073,0.99560,0.00000,-0.00000,0.09373,1.50697,-0.01222,0.00000
101600000000,-5.98607,6.95273,0.02073,0.99564,0.00000,-0.00000,0.09331,1.50684,-0.01197,0.00000
101620000000,-5.95641,6.95808,0.02073,0.99568,0.00000,-0.00000,0.09290,1.50671,-0.01172,0.00000
101640000000,-5.92675,6.96341,0.02073,0.99571,0.00000,-0.00000,0.09250,1.50658,-0.01148,0.00000
101660000000,-5.89710,6.96873,0.02073,0.99575,0.00000,-0.00000,0.09210,1.50646,-0.01125,0.00000
101680000000,-5.86744,6.97403,0.02073,0.99579,0.00000,-0.00000,0.09171,1.50634,-0.01102,0.00000
101700000000,-5.83778,6.97930,0.02073,0.99582,0.00000,-0.00000,0.09133,1.50622,-0.01079,0.00000
101720000000,-5.80812,6.98456,0.02073,0.99585,0.00000,-0.00000,0.09096,1.50611,-0.01057,0.00000
101740000000,-5.77845,6.98980,0.02073,0.99589,0.00000,-0.00000,0.09059,1.50599,-0.01036,0.00000
101760000000,-5.74879,6.99502,0.02073,0.99592,0.00000,-0.00000,0.09023,1.50588,-0.01014,0.00000
101780000000,-5.71913,7.00023,0.02073,0.99595,0.00000,-0.00000,0.08988,1.50577,-0.00994,0.00000
101800000000,-5.68946,7.00542,0.02073,0.99598,0.00000,-0.00000,0.08954,1.50566,-0.00974,0.00000
101820000000,-5.65980,7.01059,0.02073,0.99601,0.00000,-0.00000,0.08920,1.50555,-0.00954,0.00000
101840000000,-5.63013,7.01574,0.02073,0.99604,0.00000,-0.00000,0.08887,1.50545,-0.00934,0.00000
101860000000,-5.60047,7.02088,0.02073,0.99607,0.00000,-0.00000,0.08854,1.50535,-0.00915,0.00000
101880000000,-5.57080,7.02601,0.02073,0.99610,0.00000,-0.00000,0.08822,1.50524,-0.00897,0.00000
101900000000,-5.54113,7.03111,0.02073,0.99613,0.00000,-0.00000,0.08791,1.50514,-0.00878,0.00000
101920000000,-5.51147,7.03620,0.02073,0.99616,0.00000,-0.00000,0.08760,1.50505,-0.00861,0.00000
101940000000,-5.48180,7.04128,0.02073,0.99618,0.00000,-0.00000,0.08730,1.50495,-0.00843,0.00000
101960000000,-5.45213,7.04634,0.02073,0.99621,0.00000,-0.00000,0.08701,1.50486,-0.00826,0.00000
101980000000,-5.42246,7.05139,0.02073,0.99623,0.00000,-0.00000,0.08672,1.50477,-0.00809,0.00000
102000000000,-5.39279,7.05642,0.02073,0.99626,0.00000,-0.00000,0.08643,1.50467,-0.00793,0.00000
102020000000,-5.36312,7.06144,0.02073,0.99628,0.00000,-0.00000,0.08615,1.50459,-0.00777,0.00000
102040000000,-5.33344,7.06645,0.02073,0.99631,0.00000,-0.00000,0.08588,1.50450,-0.00761,0.00000
102060000000,-5.30377,7.07144,0.02073,0.99633,0.00000,-0.00000,0.08561,1.50441,-0.00746,0.00000
102080000000,-5.27410,7.07642,0.02073,0.99635,0.00000,-0.00000,0.08535,1.50433,-0.00730,0.00000
102100000000,-5.24443,7.08139,0.02073,0.99637,0.00000,-0.00000,0.08509,1.50425,-0.00716,0.00000
102120000000,-5.21475,7.08635,0.02073,0.99639,0.00000,-0.00000,0.08484,1.50416,-0.00701,0.00000
102140000000,-5.18508,7.09129,0.02073,0.99642,0.00000,-0.00000,0.08460,1.50409,-0.00687,0.00000
102160000000,-5.15541,7.09622,0.02073,0.99644,0.00000,-0.00000,0.08435,1.50401,-0.00673,0.00000
102180000000,-5.12573,7.10114,0.02073,0.99646,0.00000,-0.00000,0.08412,1.50393,-0.00659,0.00000
102200000000,-5.09606,7.10604,0.02073,0.99648,0.00000,-0.00000,0.08388,1.50385,-0.00646,0.00000
102220000000,-5.06638,7.11094,0.02073,0.99649,0.00000,-0.00000,0.08365,1.50378,-0.00633,0.00000
102240000000,-5.03671,7.11582,0.02073,0.99651,0.00000,-0.00000,0.08343,1.50371,-0.00620,0.00000
102260000000,-5.00703,7.12070,0.02073,0.99653,0.00000,-0.00000,0.08321,1.50364,-0.00608,0.00000
102280000000,-4.97735,7.12556,0.02073,0.99655,0.00000,-0.00000,0.08300,1.50357,-0.00596,0.00000
102300000000,-4.94768,7.13041,0.02073,0.99657,0.00000,-0.00000,0.08278,1.50350,-0.00583,0.00000
102320000000,-4.91800,7.13525,0.02073,0.99658,0.00000,-0.00000,0.08258,1.50343,-0.00572,0.00000
102340000000,-4.88832,7.14008,0.02073,0.99660,0.00000,-0.00000,0.08237,1.50337,-0.00560,0.00000
102360000000,-4.85865,7.14490,0.02073,0.99662,0.00000,-0.00000,0.08218,1.50330,-0.00549,0.00000
102380000000,-4.82897,7.14972,0.02073,0.99663,0.00000,-0.00000,0.08198,1.50324,-0.00538,0.00000
102400000000,-4.79929,7.15452,0.02073,0.99665,0.00000,-0.00000,0.08179,1.50317,-0.00527,0.00000
102420000000,-4.76961,7.15931,0.02073,0.99666,0.00000,-0.00000,0.08160,1.50311,-0.00516,0.00000
102440000000,-4.73993,7.16409,0.02073,0.99668,0.00000,-0.00000,0.08142,1.50305,-0.00506,0.00000
102460000000,-4.71026,7.16887,0.02073,0.99669,0.00000,-0.00000,0.08124,1.50299,-0.00496,0.00000
102480000000,-4.68058,7.17364,0.02073,0.99671,0.00000,-0.00000,0.08106,1.50294,-0.00486,0.00000
102500000000,-4.65090,7.17839,0.02073,0.99672,0.00000,-0.00000,0.08089,1.50288,-0.00476,0.00000
102520000000,-4.62122,7.18314,0.02073,0.99674,0.00000,-0.00000,0.08072,1.50282,-0.00467,0.00000
102540000000,-4.59154,7.18788,0.02073,0.99675,0.00000,-0.00000,0.08055,1.50277,-0.00457,0.00000
102560000000,-4.56186,7.19261,0.02073,0.99676,0.00000,-0.00000,0.08039,1.50272,-0.00448,0.00000
102580000000,-4.53218,7.19734,0.02073,0.99678,0.00000,-0.00000,0.08023,1.50266,-0.00439,0.00000
102600000000,-4.50250,7.20205,0.02073,0.99679,0.00000,-0.00000,0.08007,1.50261,-0.00430,0.00000
102620000000,-4.47282,7.20676,0.02073,0.99680,0.00000,-0.00000,0.07992,1.50256,-0.00422,0.00000
102640000000,-4.44314,7.21146,0.02073,0.99681,0.00000,-0.00000,0.07977,1.50251,-0.00413,0.00000
102660000000,-4.41346,7.21616,0.02073,0.99683,0.00000,-0.00000,0.07962,1.50246,-0.00405,0.00000
102680000000,-4.38378,7.22084,0.02073,0.99684,0.00000,-0.00000,0.07947,1.50241,-0.00397,0.00000
102700000000,-4.35409,7.22552,0.02073,0.99685,0.00000,-0.00000,0.07933,1.50237,-0.00389,0.00000
102720000000,-4.32441,7.23020,0.02073,0.99686,0.00000,-0.00000,0.07919,1.50232,-0.00381,0.00000
102740000000,-4.29473,7.23486,0.02073,0.99687,0.00000,-0.00000,0.07906,1.50228,-0.00373,0.00000
102760000000,-4.26505,7.23952,0.02073,0.99688,0.00000,-0.00000,0.07892,1.50223,-0.00366,0.00000
102780000000,-4.23537,7.24417,0.02073,0.99689,0.00000,-0.00000,0.07879,1.50219,-0.00358,0.00000
102800000000,-4.20569,7.24882,0.02073,0.99690,0.00000,-0.00000,0.07866,1.50215,-0.00351,0.00000
102820000000,-4.17600,7.25346,0.02073,0.99691,0.00000,-0.00000,0.07854,1.50210,-0.00344,0.00000
102840000000,-4.14632,7.25809,0.02073,0.99692,0.00000,-0.00000,0.07841,1.50206,-0.00337,0.00000
102860000000,-4.11664,7.26272,0.02073,0.99693,0.00000,-0.00000,0.07829,1.50202,-0.00331,0.00000
102880000000,-4.08696,7.26734,0.02073,0.99694,0.00000,-0.00000,0.07817,1.50198,-0.00324,0.00000
102900000000,-4.05728,7.27195,0.02073,0.99695,0.00000,-0.00000,0.07806,1.50194,-0.00317,0.00000
102920000000,-4.02759,7.27656,0.02073,0.99696,0.00000,-0.00000,0.07794,1.50191,-0.00311,0.00000
102940000000,-3.99791,7.28117,0.02073,0.99697,0.00000,-0.00000,0.07783,1.50187,-0.00305,0.00000
102960000000,-3.96823,7.28577,0.02073,0.99698,0.00000,-0.00000,0.07772,1.50183,-0.00299,0.00000
102980000000,-3.93854,7.29036,0.02073,0.99698,0.00000,-0.00000,0.07761,1.50180,-0.00293,0.00000
103000000000,-3.90886,7.29495,0.02073,0.99699,0.00000,-0.00000,0.07751,1.50176,-0.00287,0.00000
103020000000,-3.87918,7.29953,0.02073,0.99700,0.00000,-0.00000,0.07740,1.50173,-0.00281,0.00000
103040000000,-3.84950,7.30411,0.02073,0.99701,0.00000,-0.00000,0.07730,1.50169,-0.00276,0.00000
103060000000,-3.81981,7.30868,0.02073,0.99702,0.00000,-0.00000,0.07720,1.50166,-0.00270,0.00000
103080000000,-3.79013,7.31325,0.02073,0.99702,0.00000,-0.00000,0.07711,1.50163,-0.00265,0.00000
103100000000,-3.76045,7.31781,0.02073,0.99703,0.00000,-0.00000,0.07701,1.50160,-0.00259,0.00000
103120000000,-3.73076,7.32237,0.02073,0.99704,0.00000,-0.00000,0.07692,1.50156,-0.00254,0.00000
103140000000,-3.70108,7.32692,0.02073,0.99704,0.00000,-0.00000,0.07683,1.50153,-0.00249,0.00000
103160000000,-3.67139,7.33147,0.02073,0.99705,0.00000,-0.00000,0.07674,1.50150,-0.00244,0.00000
103180000000,-3.64171,7.33602,0.02073,0.99706,0.00000,-0.00000,0.07665,1.50147,-0.00239,0.00000
103200000000,-3.61203,7.34056,0.02073,0.99706,0.00000,-0.00000,0.07656,1.50145,-0.00235,0.00000
103220000000,-3.58234,7.34510,0.02073,0.99707,0.00000,-0.00000,0.07648,1.50142,-0.00230,0.00000
103240000000,-3.55266,7.34963,0.02073,0.99708,0.00000,-0.00000,0.07639,1.50139,-0.00225,0.00000
103260000000,-3.52298,7.35416,0.02073,0.99708,0.00000,-0.00000,0.07631,1.50136,-0.00221,0.00000
103280000000,-3.49329,7.35868,0.02073,0.99709,0.00000,-0.00000,0.07623,1.50134,-0.00216,0.00000
103300000000,-3.46361,7.36320,0.02073,0.99710,0.00000,-0.00000,0.07615,1.50131,-0.00212,0.00000
103320000000,-3.43392,7.36772,0.02073,0.99710,0.00000,-0.00000,0.07608,1.50128,-0.00208,0.00000
103340000000,-3.40424,7.37223,0.02073,0.99711,0.00000,-0.00000,0.07600,1.50126,-0.00204,0.00000
103360000000,-3.37455,7.37674,0.02073,0.99711,0.00000,-0.00000,0.07593,1.50123,-0.00200,0.00000
103380000000,-3.34487,7.38124,0.02073,0.99712,0.00000,-0.00000,0.07586,1.50121,-0.00196,0.00000
103400000000,-3.31518,7.38574,0.02073,0.99712,0.00000,-0.00000,0.07579,1.50119,-0.00192,0.00000
103420000000,-3.28550,7.39024,0.02073,0.99713,0.00000,-0.00000,0.07572,1.50116,-0.00188,0.00000
103440000000,-3.25582,7.39474,0.02073,0.99713,0.00000,-0.00000,0.07565,1.50114,-0.00184,0.00000
103460000000,-3.22613,7.39923,0.02073,0.99714,0.00000,-0.00000,0.07558,1.50112,-0.00180,0.00000
103480000000,-3.19645,7.40372,0.02073,0.99714,0.00000,-0.00000,0.07552,1.50110,-0.00177,0.00000
103500000000,-3.16676,7.40820,0.02073,0.99715,0.00000,-0.00000,0.07545,1.50107,-0.00173,0.00000
103520000000,-3.13708,7.41268,0.02073,0.99715,0.00000,-0.00000,0.07539,1.50105,-0.00170,0.00000
103540000000,-3.10739,7.41716,0.02073,0.99716,0.00000,-0.00000,0.07533,1.50103,-0.00167,0.00000
103560000000,-3.07771,7.42164,0.02073,0.99716,0.00000,-0.00000,0.07527,1.50101,-0.00163,0.00000
103580000000,-3.04802,7.42611,0.02073,0.99717,0.00000,-0.00000,0.07521,1.50099,-0.00160,0.00000
103600000000,-3.01834,7.43058,0.02073,0.99717,0.00000,-0.00000,0.07515,1.50097,-0.00157,0.00000
103620000000,-2.98865,7.43504,0.02073,0.99718,0.00000,-0.00000,0.07509,1.50095,-0.00154,0.00000
103640000000,-2.95897,7.43951,0.02073,0.99718,0.00000,-0.00000,0.07504,1.50093,-0.00151,0.00000
103660000000,-2.92928,7.44397,0.02073,0.99718,0.00000,-0.00000,0.07498,1.50092,-0.00148,0.00000
103680000000,-2.89960,7.44843,0.02073,0.99719,0.00000,-0.00000,0.07493,1.50090,-0.00145,0.00000
103700000000,-2.86991,7.45288,0.02073,0.99719,0.00000,-0.00000,0.07488,1.50088,-0.00142,0.00000
103720000000,-2.84023,7.45734,0.02073,0.99720,0.00000,-0.00000,0.07482,1.50086,-0.00139,0.00000
103740000000,-2.81054,7.46179,0.02073,0.99720,0.00000,-0.00000,0.07477,1.50085,-0.00136,0.00000
103760000000,-2.78086,7.46624,0.02073,0.99720,0.00000,-0.00000,0.07472,1.50083,-0.00133,0.00000
103780000000,-2.75117,7.47068,0.02073,0.99721,0.00000,-0.00000,0.07468,1.50081,-0.00131,0.00000
103800000000,-2.72149,7.47513,0.02073,0.99721,0.00000,-0.00000,0.07463,1.50080,-0.00128,0.00000
103820000000,-2.69180,7.47957,0.02073,0.99721,0.00000,-0.00000,0.07458,1.50078,-0.00126,0.00000
103840000000,-2.66212,7.48401,0.02073,0.99722,0.00000,-0.00000,0.07454,1.50077,-0.00123,0.00000
103860000000,-2.63243,7.48844,0.02073,0.99722,0.00000,-0.00000,0.07449,1.50075,-0.00121,0.00000
103880000000,-2.60274,7.49288,0.02073,0.99722,0.00000,-0.00000,0.07445,1.50074,-0.00118,0.00000
103900000000,-2.57306,7.49731,0.02073,0.99723,0.00000,-0.00000,0.07440,1.50072,-0.00116,0.00000
103920000000,-2.54337,7.50174,0.02073,0.99723,0.00000,-0.00000,0.07436,1.50071,-0.00114,0.00000
103940000000,-2.51369,7.50617,0.02073,0.99723,0.00000,-0.00000,0.07432,1.50069,-0.00111,0.00000
103960000000,-2.48400,7.51059,0.02073,0.99724,0.00000,-0.00000,0.07428,1.50068,-0.00109,0.00000
103980000000,-2.45432,7.51502,0.02073,0.99724,0.00000,-0.00000,0.07424,1.50067,-0.00107,0.00000
104000000000,-2.42463,7.51944,0.02073,0.99724,0.00000,-0.00000,0.07420,1.50065,-0.00105,0.00000
104020000000,-2.39495,7.52386,0.02073,0.99725,0.00000,-0.00000,0.07416,1.50064,-0.00103,0.00000
104040000000,-2.36526,7.52828,0.02073,0.99725,0.00000,-0.00000,0.07413,1.50063,-0.00101,0.00000
104060000000,-2.33557,7.53269,0.02073,0.99725,0.00000,-0.00000,0.07409,1.50062,-0.00099,0.00000
104080000000,-2.30589,7.53711,0.02073,0.99725,0.00000,-0.00000,0.07405,1.50060,-0.00097,0.00000
104100000000,-2.27620,7.54152,0.02073,0.99726,0.00000,-0.00000,0.07402,1.50059,-0.00095,0.00000
104120000000,-2.24652,7.54593,0.02073,0.99726,0.00000,-0.00000,0.07398,1.50058,-0.00093,0.00000
104140000000,-2.21683,7.55034,0.02073,0.99726,0.00000,-0.00000,0.07395,1.50057,-0.00091,0.00000
104160000000,-2.18715,7.55475,0.02073,0.99726,0.00000,-0.00000,0.07392,1.50056,-0.00089,0.00000
104180000000,-2.15746,7.55916,0.02073,0.99727,0.00000,-0.00000,0.07388,1.50055,-0.00088,0.00000
104200000000,-2.12777,7.56356,0.02073,0.99727,0.00000,-0.00000,0.07385,1.50053,-0.00086,0.00000
104220000000,-2.09809,7.56796,0.02073,0.99727,0.00000,-0.00000,0.07382,1.50052,-0.00084,0.00000
104240000000,-2.06840,7.57236,0.02073,0.99727,0.00000,-0.00000,0.07379,1.50051,-0.00082,0.00000
104260000000,-2.03872,7.57676,0.02073,0.99728,0.00000,-0.00000,0.07376,1.50050,-0.00081,0.00000
104280000000,-2.00903,7.58116,0.02073,0.99728,0.00000,-0.00000,0.07373,1.50049,-0.00079,0.00000
104300000000,-1.97934,7.58556,0.02073,0.99728,0.00000,-0.00000,0.07370,1.50048,-0.00078,0.00000
104320000000,-1.94966,7.58995,0.02073,0.99728,0.00000,-0.00000,0.07367,1.50047,-0.00076,0.00000
104340000000,-1.91997,7.59435,0.02073,0.99728,0.00000,-0.00000,0.07365,1.50047,-0.00075,0.00000
104360000000,-1.89029,7.59874,0.02073,0.99729,0.00000,-0.00000,0.07362,1.50046,-0.00073,0.00000
104380000000,-1.86060,7.60313,0.02073,0.99729,0.00000,-0.00000,0.07359,1.50045,-0.00072,0.00000
104400000000,-1.83092,7.60752,0.02073,0.99729,0.00000,-0.00000,0.07357,1.50044,-0.00070,0.00000
104420000000,-1.80123,7.61191,0.02073,0.99729,0.00000,-0.00000,0.07354,1.50043,-0.00069,0.00000
104440000000,-1.77154,7.61630,0.02073,0.99729,0.00000,-0.00000,0.07352,1.50042,-0.00067,0.00000
104460000000,-1.74186,7.62069,0.02073,0.99730,0.00000,-0.00000,0.07349,1.50041,-0.00066,0.00000
104480000000,-1.71217,7.62507,0.02073,0.99730,0.00000,-0.00000,0.07347,1.50040,-0.00065,0.00000
104500000000,-1.68249,7.62945,0.02073,0.99730,0.00000,-0.00000,0.07344,1.50040,-0.00064,0.00000
104520000000,-1.65280,7.63384,0.02073,0.99730,0.00000,-0.00000,0.07342,1.50039,-0.00062,0.00000
104540000000,-1.62311,7.63822,0.02073,0.99730,0.00000,-0.00000,0.07340,1.50038,-0.00061,0.00000
104560000000,-1.59343,7.64260,0.02073,0.99730,0.00000,-0.00000,0.07337,1.50037,-0.00060,0.00000
104580000000,-1.56374,7.64698,0.02073,0.99731,0.00000,-0.00000,0.07335,1.50037,-0.00059,0.00000
104600000000,-1.53405,7.65136,0.02073,0.99731,0.00000,-0.00000,0.07333,1.50036,-0.00057,0.00000
104620000000,-1.50437,7.65573,0.02073,0.99731,0.00000,-0.00000,0.07331,1.50035,-0.00056,0.00000
104640000000,-1.47468,7.66011,0.02073,0.99731,0.00000,-0.00000,0.07329,1.50034,-0.00055,0.00000
104660000000,-1.44500,7.66449,0.02073,0.99731,0.00000,-0.00000,0.07327,1.50034,-0.00054,0.00000
104680000000,-1.41531,7.66886,0.02073,0.99731,0.00000,-0.00000,0.07325,1.50033,-0.00053,0.00000
104700000000,-1.38562,7.67323,0.02073,0.99732,0.00000,-0.00000,0.07323,1.50032,-0.00052,0.00000
104720000000,-1.35594,7.67761,0.02073,0.99732,0.00000,-0.00000,0.07321,1.50032,-0.00051,0.00000
104740000000,-1.32625,7.68198,0.02073,0.99732,0.00000,-0.00000,0.07319,1.50031,-0.00050,0.00000
104760000000,-1.29657,7.68635,0.02073,0.99732,0.00000,-0.00000,0.07318,1.50031,-0.00049,0.00000
104780000000,-1.26688,7.69072,0.02073,0.99732,0.00000,-0.00000,0.07316,1.50030,-0.00048,0.00000
104800000000,-1.23719,7.69509,0.02073,0.99732,0.00000,-0.00000,0.07314,1.50029,-0.00047,0.00000
104820000000,-1.20751,7.69945,0.02073,0.99732,0.00000,-0.00000,0.07312,1.50029,-0.00046,0.00000
104840000000,-1.17782,7.70382,0.02073,0.99732,0.00000,-0.00000,0.07311,1.50028,-0.00045,0.00000
104860000000,-1.14813,7.70819,0.02073,0.99733,0.00000,-0.00000,0.07309,1.50028,-0.00044,0.00000
104880000000,-1.11845,7.71255,0.02073,0.99733,0.00000,-0.00000,0.07307,1.50027,-0.00043,0.00000
104900000000,-1.08876,7.71692,0.02073,0.99733,0.00000,-0.00000,0.07306,1.50027,-0.00043,0.00000
104920000000,-1.05908,7.72128,0.02073,0.99733,0.00000,-0.00000,0.07304,1.50026,-0.00042,0.00000
104940000000,-1.02939,7.72564,0.02073,0.99733,0.00000,-0.00000,0.07303,1.50026,-0.00041,0.00000
104960000000,-0.99970,7.73000,0.02073,0.99733,0.00000,-0.00000,0.07301,1.50025,-0.00040,0.00000
104980000000,-0.97002,7.73437,0.02073,0.99733,0.00000,-0.00000,0.07300,1.50025,-0.00039,0.00000
105000000000,-0.94033,7.73873,0.02073,0.99733,0.00000,-0.00000,0.07298,1.50024,-0.00038,0.00000
105020000000,-0.91064,7.74309,0.02073,0.99733,0.00000,-0.00000,0.07297,1.50024,-0.00038,0.00000
105040000000,-0.88096,7.74745,0.02073,0.99734,0.00000,-0.00000,0.07295,1.50023,-0.00037,0.00000
105060000000,-0.85127,7.75180,0.02073,0.99734,0.00000,-0.00000,0.07294,1.50023,-0.00036,0.00000
105080000000,-0.82159,7.75616,0.02073,0.99734,0.00000,-0.00000,0.07293,1.50022,-0.00036,0.00000
105100000000,-0.79190,7.76052,0.02073,0.99734,0.00000,-0.00000,0.07291,1.50022,-0.00035,0.00000
105120000000,-0.76221,7.76488,0.02073,0.99734,0.00000,-0.00000,0.07290,1.50021,-0.00034,0.00000
105140000000,-0.73253,7.76923,0.02073,0.99734,0.00000,-0.00000,0.07289,1.50021,-0.00033,0.00000
105160000000,-0.70284,7.77359,0.02073,0.99734,0.00000,-0.00000,0.07288,1.50020,-0.00033,0.00000
105180000000,-0.67315,7.77794,0.02073,0.99734,0.00000,-0.00000,0.07287,1.50020,-0.00032,0.00000
105200000000,-0.64347,7.78230,0.02073,0.99734,0.00000,-0.00000,0.07285,1.50020,-0.00031,0.00000
105220000000,-0.61378,7.78665,0.02073,0.99734,0.00000,-0.00000,0.07284,1.50019,-0.00031,0.00000
105240000000,-0.58410,7.79100,0.02073,0.99734,0.00000,-0.00000,0.07283,1.50019,-0.00030,0.00000
105260000000,-0.55441,7.79536,0.02073,0.99735,0.00000,-0.00000,0.07282,1.50019,-0.00030,0.00000
105280000000,-0.52472,7.79971,0.02073,0.99735,0.00000,-0.00000,0.07281,1.50018,-0.00029,0.00000
105300000000,-0.49504,7.80406,0.02073,0.99735,0.00000,-0.00000,0.07280,1.50018,-0.00028,0.00000
105320000000,-0.46535,7.80841,0.02073,0.99735,0.00000,-0.00000,0.07279,1.50017,-0.00028,0.00000
105340000000,-0.43566,7.81276,0.02073,0.99735,0.00000,-0.00000,0.07278,1.50017,-0.00027,0.00000
105360000000,-0.40598,7.81711,0.02073,0.99735,0.00000,-0.00000,0.07277,1.50017,-0.00027,0.00000
105380000000,-0.37629,7.82146,0.02073,0.99735,0.00000,-0.00000,0.07276,1.50016,-0.00026,0.00000
105400000000,-0.34660,7.82581,0.02073,0.99735,0.00000,-0.00000,0.07275,1.50016,-0.00026,0.00000
105420000000,-0.31692,7.83016,0.02073,0.99735,0.00000,-0.00000,0.07274,1.50016,-0.00025,0.00000
105440000000,-0.28723,7.83451,0.02073,0.99735,0.00000,-0.00000,0.07273,1.50015,-0.00025,0.00000
105460000000,-0.25755,7.83885,0.02073,0.99735,0.00000,-0.00000,0.07272,1.50015,-0.00024,0.00000
105480000000,-0.22786,7.84320,0.02073,0.99735,0.00000,-0.00000,0.07271,1.50015,-0.00024,0.00000
105500000000,-0.19817,7.84755,0.02073,0.99735,0.00000,-0.00000,0.07270,1.50015,-0.00023,0.00000
105520000000,-0.16849,7.85189,0.02073,0.99735,0.00000,-0.00000,0.07269,1.50014,-0.00023,0.00000
105540000000,-0.13880,7.85624,0.02073,0.99735,0.00000,-0.00000,0.07269,1.50014,-0.00022,0.00000
105560000000,-0.10911,7.86059,0.02073,0.99736,0.00000,-0.00000,0.07268,1.50014,-0.00022,0.00000
105580000000,-0.07943,7.86493,0.02073,0.99736,0.00000,-0.00000,0.07267,1.50013,-0.00022,0.00000
105600000000,-0.04974,7.86927,0.02073,0.99736,0.00000,-0.00000,0.07266,1.50013,-0.00021,0.00000
105620000000,-0.02005,7.87362,0.02073,0.99736,0.00000,-0.00000,0.07265,1.50013,-0.00021,0.00000
105640000000,0.00963,7.87796,0.02073,0.99736,0.00000,-0.00000,0.07265,1.50013,-0.00020,0.00000
105660000000,0.03932,7.88231,0.02073,0.99736,0.00000,-0.00000,0.07264,1.50012,-0.00020,0.00000
105680000000,0.06900,7.88665,0.02073,0.99736,0.00000,-0.00000,0.07263,1.50012,-0.00019,0.00000
105700000000,0.09869,7.89099,0.02073,0.99736,0.00000,-0.00000,0.07263,1.50012,-0.00019,0.00000
105720000000,0.12838,7.89533,0.02073,0.99736,0.00000,-0.00000,0.07262,1.50012,-0.00019,0.00000
105740000000,0.15806,7.89968,0.02073,0.99736,0.00000,-0.00000,0.07261,1.50011,-0.00018,0.00000
105760000000,0.18775,7.90402,0.02073,0.99736,0.00000,-0.00000,0.07260,1.50011,-0.00018,0.00000
105780000000,0.21744,7.90836,0.02073,0.99736,0.00000,-0.00000,0.07260,1.50011,-0.00018,0.00000
105800000000,0.24712,7.91270,0.02073,0.99736,0.00000,-0.00000,0.07259,1.50011,-0.00017,0.00000
105820000000,0.27681,7.91704,0.02073,0.99736,0.00000,-0.00000,0.07259,1.50011,-0.00017,0.00000
105840000000,0.30650,7.92138,0.02073,0.99736,0.00000,-0.00000,0.07258,1.50010,-0.00017,0.00000
105860000000,0.33618,7.92572,0.02073,0.99736,0.00000,-0.00000,0.07257,1.50010,-0.00016,0.00000
105880000000,0.36587,7.93006,0.02073,0.99736,0.00000,-0.00000,0.07257,1.50010,-0.00016,0.00000
105900000000,0.39556,7.93440,0.02073,0.99736,0.00000,-0.00000,0.07256,1.50010,-0.00016,0.00000
105920000000,0.42524,7.93874,0.02073,0.99736,0.00000,-0.00000,0.07256,1.50010,-0.00015,0.00000
105940000000,0.45493,7.94308,0.02073,0.99736,0.00000,-0.00000,0.07255,1.50009,-0.00015,0.00000
105960000000,0.48462,7.94742,0.02073,0.99737,0.00000,-0.00000,0.07254,1.50009,-0.00015,0.00000
105980000000,0.51430,7.95176,0.02073,0.99737,0.00000,-0.00000,0.07254,1.50009,-0.00014,0.00000
106000000000,0.54399,7.95609,0.02073,0.99737,0.00000,-0.00000,0.07253,1.50009,-0.00014,0.00000
106020000000,0.57367,7.96043,0.02073,0.99737,0.00000,-0.00000,0.07253,1.50009,-0.00014,0.00000
106040000000,0.60336,7.96477,0.02073,0.99737,0.00000,-0.00000,0.07252,1.50008,-0.00014,0.00000
106060000000,0.63305,7.96911,0.02073,0.99737,0.00000,-0.00000,0.07252,1.50008,-0.00013,0.00000
106080000000,0.66273,7.97344,0.02073,0.99737,0.00000,-0.00000,0.07251,1.50008,-0.00013,0.00000
106100000000,0.69242,7.97778,0.02073,0.99737,0.00000,-0.00000,0.07251,1.50008,-0.00013,0.00000
106120000000,0.72211,7.98212,0.02073,0.99737,0.00000,-0.00000,0.07250,1.50008,-0.00013,0.00000
106140000000,0.75179,7.98645,0.02073,0.99737,0.00000,-0.00000,0.07250,1.50008,-0.00012,0.00000
106160000000,0.78148,7.99079,0.02073,0.99737,0.00000,-0.00000,0.07249,1.50007,-0.00012,0.00000
106180000000,0.81117,7.99513,0.02073,0.99737,0.00000,-0.00000,0.07249,1.50007,-0.00012,0.00000
106200000000,0.84085,7.99946,0.02073,0.99737,0.00000,-0.00000,0.07249,1.50007,-0.00012,0.00000
106220000000,0.87054,8.00380,0.02073,0.99737,0.00000,-0.00000,0.07248,1.50007,-0.00011,0.00000
106240000000,0.90023,8.00813,0.02073,0.99737,0.00000,-0.00000,0.07248,1.50007,-0.00011,0.00000
106260000000,0.92991,8.01247,0.02073,0.99737,0.00000,-0.00000,0.07247,1.50007,-0.00011,0.00000
106280000000,0.95960,8.01680,0.02073,0.99737,0.00000,-0.00000,0.07247,1.50007,-0.00011,0.00000
106300000000,0.98929,8.02114,0.02073,0.99737,0.00000,-0.00000,0.07247,1.50006,-0.00010,0.00000
106320000000,1.01897,8.02547,0.02073,0.99737,0.00000,-0.00000,0.07246,1.50006,-0.00010,0.00000
106340000000,1.04866,8.02981,0.02073,0.99737,0.00000,-0.00000,0.07246,1.50006,-0.00010,0.00000
106360000000,1.07835,8.03414,0.02073,0.99737,0.00000,-0.00000,0.07245,1.50006,-0.00010,0.00000
106380000000,1.10803,8.03848,0.02073,0.99737,0.00000,-0.00000,0.07245,1.50006,-0.00010,0.00000
106400000000,1.13772,8.04281,0.02073,0.99737,0.00000,-0.00000,0.07245,1.50006,-0.00009,0.00000
106420000000,1.16740,8.04714,0.02073,0.99737,0.00000,-0.00000,0.07244,1.50006,-0.00009,0.00000
106440000000,1.19709,8.05148,0.02073,0.99737,0.00000,-0.00000,0.07244,1.50006,-0.00009,0.00000
106460000000,1.22678,8.05581,0.02073,0.99737,0.00000,-0.00000,0.07244,1.50006,-0.00009,0.00000
106480000000,1.25646,8.06014,0.02073,0.99737,0.00000,-0.00000,0.07243,1.50005,-0.00009,0.00000
106500000000,1.28615,8.06448,0.02073,0.99737,0.00000,-0.00000,0.07243,1.50005,-0.00009,0.00000
106520000000,1.31584,8.06881,0.02073,0.99737,0.00000,-0.00000,0.07243,1.50005,-0.00008,0.00000
106540000000,1.34547,8.07314,0.02073,0.99738,0.00000,-0.00000,0.07240,1.49495,0.00063,0.00000
106560000000,1.37489,8.07747,0.02073,0.99738,0.00000,-0.00000,0.07230,1.48430,0.00195,0.00000
106580000000,1.40410,8.08177,0.02073,0.99740,0.00000,-0.00000,0.07211,1.47381,0.00300,0.00000
106600000000,1.43317,8.08605,0.02073,0.99742,0.00000,-0.00000,0.07183,1.46842,0.00308,0.00000
106620000000,1.46208,8.09030,0.02073,0.99744,0.00000,-0.00000,0.07147,1.45868,0.00364,0.00000
106640000000,1.49088,8.09450,0.02073,0.99747,0.00000,-0.00000,0.07102,1.45495,0.00312,0.00000
106660000000,1.51957,8.09865,0.02073,0.99751,0.00000,-0.00000,0.07049,1.44724,0.00309,0.00000
106680000000,1.54808,8.10275,0.02073,0.99756,0.00000,-0.00000,0.06984,1.43810,0.00303,0.00000
106700000000,1.57647,8.10677,0.02073,0.99761,0.00000,-0.00000,0.06908,1.43347,0.00211,0.00000
106720000000,1.60483,8.11071,0.02073,0.99767,0.00000,-0.00000,0.06825,1.42920,0.00108,0.00000
106740000000,1.63300,8.11458,0.02073,0.99773,0.00000,-0.00000,0.06729,1.41938,0.00065,0.00000
106760000000,1.66099,8.11834,0.02073,0.99781,0.00000,-0.00000,0.06619,1.40962,-0.00004,0.00000
106780000000,1.68884,8.12199,0.02073,0.99789,0.00000,-0.00000,0.06497,1.40403,-0.00155,0.00000
106800000000,1.71656,8.12553,0.02073,0.99797,0.00000,-0.00000,0.06361,1.39451,-0.00269,0.00000
106820000000,1.74417,8.12894,0.02073,0.99807,0.00000,-0.00000,0.06213,1.39096,-0.00487,0.00000
106840000000,1.77168,8.13220,0.02073,0.99817,0.00000,-0.00000,0.06052,1.38265,-0.00650,0.00000
106860000000,1.79901,8.13532,0.02073,0.99827,0.00000,-0.00000,0.05876,1.37322,-0.00823,0.00000
106880000000,1.82624,8.13828,0.02073,0.99838,0.00000,-0.00000,0.05687,1.36973,-0.01099,0.00000
106900000000,1.85355,8.14107,0.02073,0.99849,0.00000,-0.00000,0.05489,1.37488,-0.01490,0.00000
106920000000,1.88112,8.14368,0.02073,0.99860,0.00000,-0.00000,0.05287,1.38769,-0.01956,0.00000
106940000000,1.90896,8.14612,0.02073,0.99871,0.00000,-0.00000,0.05081,1.40042,-0.02384,0.00000
106960000000,1.93708,8.14838,0.02073,0.99881,0.00000,-0.00000,0.04872,1.41307,-0.02773,0.00000
106980000000,1.96546,8.15048,0.02073,0.99891,0.00000,-0.00000,0.04661,1.42560,-0.03123,0.00000
107000000000,1.99396,8.15243,0.02073,0.99901,0.00000,-0.00000,0.04447,1.42805,-0.03323,0.00000
107020000000,2.02233,8.15421,0.02073,0.99911,0.00000,-0.00000,0.04225,1.41849,-0.03389,0.00000
107040000000,2.05055,8.15584,0.02073,0.99920,0.00000,-0.00000,0.03995,1.41204,-0.03516,0.00000
107060000000,2.07861,8.15730,0.02073,0.99929,0.00000,-0.00000,0.03757,1.40190,-0.03621,0.00000
107080000000,2.10651,8.15857,0.02073,0.99938,0.00000,-0.00000,0.03510,1.39530,-0.03792,0.00000
107100000000,2.13429,8.15967,0.02073,0.99947,0.00000,-0.00000,0.03256,1.38849,-0.03979,0.00000
107120000000,2.16205,8.16057,0.02073,0.99955,0.00000,-0.00000,0.02993,1.38740,-0.04233,0.00000
107140000000,2.18964,8.16127,0.02073,0.99963,0.00000,-0.00000,0.02723,1.37633,-0.04404,0.00000
107160000000,2.21701,8.16177,0.02073,0.99970,0.00000,-0.00000,0.02443,1.36521,-0.04607,0.00000
107180000000,2.24418,8.16206,0.02073,0.99977,0.00000,-0.00000,0.02155,1.35565,-0.04854,0.00000
107200000000,2.27123,8.16212,0.02073,0.99983,0.00000,-0.00000,0.01858,1.34901,-0.05145,0.00000
107220000000,2.29808,8.16196,0.02073,0.99988,0.00000,0.00000,0.01552,1.33919,-0.05435,0.00000
107240000000,2.32488,8.16156,0.02073,0.99992,0.00000,0.00000,0.01237,1.33883,-0.05813,0.00000
107260000000,2.35153,8.16092,0.02073,0.99996,0.00000,0.00000,0.00914,1.32871,-0.06132,0.00000
107280000000,2.37803,8.16003,0.02073,0.99998,0.00000,0.00000,0.00583,1.32460,-0.06518,0.00000
107300000000,2.40475,8.15887,0.02073,1.00000,0.00000,0.00000,0.00241,1.33904,-0.07005,0.00000
107320000000,2.43175,8.15743,0.02073,1.00000,0.00000,0.00000,-0.00113,1.35370,-0.07441,0.00000
107340000000,2.45904,8.15573,0.02073,0.99999,0.00000,0.00000,-0.00481,1.36893,-0.07757,0.00000
107360000000,2.48662,8.15376,0.02073,0.99996,0.00000,0.00000,-0.00864,1.38397,-0.08043,0.00000
107380000000,2.51448,8.15151,0.02073,0.99992,0.00000,0.00000,-0.01259,1.39878,-0.08302,0.00000
107400000000,2.54261,8.14899,0.02073,0.99986,0.00000,0.00000,-0.01665,1.41336,-0.08534,0.00000
107420000000,2.57101,8.14618,0.02073,0.99978,0.00000,0.00000,-0.02082,1.42772,-0.08740,-0.00000
107440000000,2.59966,8.14308,0.02073,0.99969,0.00000,0.00000,-0.02507,1.44185,-0.08919,-0.00000
107460000000,2.62857,8.13969,0.02073,0.99957,0.00000,0.00000,-0.02940,1.45576,-0.09072,-0.00000
107480000000,2.65771,8.13600,0.02073,0.99943,0.00000,0.00000,-0.03380,1.46944,-0.09198,-0.00000
107500000000,2.68709,8.13201,0.02073,0.99927,0.00000,0.00000,-0.03824,1.48286,-0.09295,-0.00000
107520000000,2.71659,8.12787,0.02073,0.99910,0.00000,0.00000,-0.04242,1.48755,-0.08515,-0.00000
107540000000,2.74614,8.12352,0.02073,0.99892,0.00000,0.00000,-0.04648,1.49177,-0.08543,-0.00000
107560000000,2.77572,8.11891,0.02073,0.99872,0.00000,0.00000,-0.05052,1.49570,-0.08526,-0.00000
107580000000,2.80534,8.11408,0.02073,0.99851,0.00000,0.00000,-0.05458,1.49863,-0.08477,0.00000
107600000000,2.83488,8.10901,0.02073,0.99828,0.00000,0.00000,-0.05862,1.49416,-0.08429,0.00000
107620000000,2.86419,8.10368,0.02073,0.99803,0.00000,0.00000,-0.06278,1.48609,-0.08941,0.00000
107640000000,2.89341,8.09802,0.02073,0.99774,0.00000,0.00000,-0.06717,1.48466,-0.09070,0.00000
107660000000,2.92255,8.09211,0.02073,0.99744,0.00000,0.00000,-0.07156,1.48372,-0.09064,0.00000
107680000000,2.95162,8.08595,0.02073,0.99711,0.00000,0.00000,-0.07600,1.48312,-0.09000,0.00000
107700000000,2.98064,8.07955,0.02073,0.99675,0.00000,0.00000,-0.08051,1.48299,-0.08956,0.00000
107720000000,3.00960,8.07288,0.02073,0.99637,0.00000,0.00000,-0.08509,1.48336,-0.08927,0.00000
107740000000,3.03851,8.06595,0.02073,0.99596,0.00000,0.00000,-0.08976,1.48432,-0.08942,0.00000
107760000000,3.06739,8.05873,0.02073,0.99552,0.00000,0.00000,-0.09452,1.48587,-0.08969,0.00000
107780000000,3.09623,8.05122,0.02073,0.99505,0.00000,0.00000,-0.09940,1.48790,-0.08957,0.00000
107800000000,3.12504,8.04342,0.02073,0.99453,0.00000,0.00000,-0.10442,1.49056,-0.08962,0.00000
107820000000,3.15383,8.03530,0.02073,0.99398,0.00000,0.00000,-0.10959,1.49390,-0.08992,0.00000
107840000000,3.18261,8.02684,0.02073,0.99338,0.00000,0.00000,-0.11487,1.49830,-0.09187,0.00000
107860000000,3.21138,8.01799,0.02073,0.99275,0.00000,0.00000,-0.12022,1.50365,-0.09426,0.00000
107880000000,3.24017,8.00877,0.02073,0.99208,0.00000,0.00000,-0.12562,1.50981,-0.09638,0.00000
107900000000,3.26886,7.99918,0.02073,0.99138,0.00000,0.00000,-0.13102,1.50741,-0.09872,0.00000
107920000000,3.29727,7.98928,0.02073,0.99067,0.00000,0.00000,-0.13631,1.49858,-0.10128,0.00000
107940000000,3.32539,7.97908,0.02073,0.98994,0.00000,0.00000,-0.14148,1.49031,-0.10372,0.00000
107960000000,3.35327,7.96860,0.02073,0.98921,0.00000,0.00000,-0.14648,1.48396,-0.10385,0.00000
107980000000,3.38102,7.95795,0.02073,0.98851,0.00000,0.00000,-0.15115,1.48224,-0.10058,0.00000
108000000000,3.40860,7.94703,0.02073,0.98781,0.00000,0.00000,-0.15569,1.47851,-0.10217,0.00000
108020000000,3.43599,7.93586,0.02073,0.98711,0.00000,0.00000,-0.16006,1.47453,-0.10360,0.00000
108040000000,3.46320,7.92445,0.02073,0.98642,0.00000,0.00000,-0.16426,1.47034,-0.10490,0.00000
108060000000,3.49022,7.91283,0.02073,0.98574,0.00000,0.00000,-0.16828,1.46594,-0.10604,0.00000
108080000000,3.51706,7.90100,0.02073,0.98508,0.00000,0.00000,-0.17208,1.46134,-0.10703,0.00000
108100000000,3.54371,7.88901,0.02073,0.98444,0.00000,0.00000,-0.17573,1.45582,-0.10586,0.00000
108120000000,3.57028,7.87687,0.02073,0.98378,0.00000,0.00000,-0.17937,1.45728,-0.10381,0.00000
108140000000,3.59684,7.86455,0.02073,0.98311,0.00000,0.00000,-0.18303,1.46236,-0.10117,0.00000
108160000000,3.62346,7.85204,0.02073,0.98240,0.00000,0.00000,-0.18681,1.46836,-0.09824,0.00000
108180000000,3.65004,7.83933,0.02073,0.98167,0.00000,0.00000,-0.19060,1.47083,-0.09678,0.00000
108200000000,3.67664,7.82643,0.02073,0.98090,0.00000,0.00000,-0.19452,1.47725,-0.09365,0.00000
108220000000,3.70324,7.81331,0.02073,0.98010,0.00000,0.00000,-0.19853,1.48059,-0.09192,0.00000
108240000000,3.72983,7.79997,0.02073,0.97924,0.00000,0.00000,-0.20269,1.48572,-0.09031,0.00000
108260000000,3.75632,7.78633,0.02073,0.97830,0.00000,0.00000,-0.20718,1.48871,-0.09254,0.00000
108280000000,3.78279,7.77244,0.02073,0.97731,0.00000,0.00000,-0.21182,1.49218,-0.09056,0.00000
108300000000,3.80921,7.75831,0.02073,0.97626,0.00000,0.00000,-0.21658,1.49637,-0.08805,0.00000
108320000000,3.83556,7.74392,0.02073,0.97516,0.00000,0.00000,-0.22149,1.49863,-0.08673,0.00000
108340000000,3.86182,7.72928,0.02073,0.97401,0.00000,0.00000,-0.22652,1.50185,-0.08464,0.00000
108360000000,3.88799,7.71436,0.02073,0.97278,0.00000,0.00000,-0.23172,1.50425,-0.08306,0.00000
108380000000,3.91406,7.69918,0.02073,0.97149,0.00000,0.00000,-0.23709,1.50720,-0.08090,0.00000
108400000000,3.94003,7.68371,0.02073,0.97011,0.00000,0.00000,-0.24267,1.50967,-0.07895,0.00000
108420000000,3.96583,7.66794,0.02073,0.96866,0.00000,0.00000,-0.24839,1.50942,-0.07913,0.00000
108440000000,3.99133,7.65184,0.02073,0.96719,0.00000,0.00000,-0.25406,1.50414,-0.08381,0.00000
108460000000,4.01650,7.63542,0.02073,0.96572,0.00000,0.00000,-0.25958,1.49885,-0.08879,0.00000
108480000000,4.04135,7.61868,0.02073,0.96426,0.00000,0.00000,-0.26496,1.49411,-0.09354,0.00000
108500000000,4.06590,7.60164,0.02073,0.96281,0.00000,0.00000,-0.27017,1.48989,-0.09806,0.00000
108520000000,4.09015,7.58430,0.02073,0.96138,0.00000,0.00000,-0.27522,1.48616,-0.10236,0.00000
108540000000,4.11414,7.56671,0.02073,0.95999,0.00000,0.00000,-0.28003,1.48400,-0.10275,0.00000
108560000000,4.13795,7.54891,0.02073,0.95866,0.00000,0.00000,-0.28455,1.48198,-0.10367,0.00000
108580000000,4.16152,7.53087,0.02073,0.95737,0.00000,0.00000,-0.28886,1.47962,-0.10668,0.00000
108600000000,4.18486,7.51261,0.02073,0.95613,0.00000,0.00000,-0.29295,1.47762,-0.10944,0.00000
108620000000,4.20799,7.49412,0.02073,0.95493,0.00000,0.00000,-0.29682,1.47593,-0.11194,0.00000
108640000000,4.23093,7.47543,0.02073,0.95380,0.00000,0.00000,-0.30045,1.47454,-0.11419,0.00000
108660000000,4.25368,7.45656,0.02073,0.95272,0.00000,0.00000,-0.30385,1.47340,-0.11618,0.00000
108680000000,4.27630,7.43752,0.02073,0.95168,0.00000,0.00000,-0.30708,1.47398,-0.11527,0.00000
108700000000,4.29885,7.41836,0.02073,0.95063,0.00000,0.00000,-0.31032,1.47548,-0.11275,0.00000
108720000000,4.32134,7.39908,0.02073,0.94955,0.00000,0.00000,-0.31363,1.47782,-0.10840,0.00000
108740000000,4.34378,7.37968,0.02073,0.94841,0.00000,0.00000,-0.31706,1.47976,-0.10469,0.00000
108760000000,4.36611,7.36013,0.02073,0.94726,0.00000,0.00000,-0.32047,1.48045,-0.10356,0.00000
108780000000,4.38835,7.34044,0.02073,0.94608,0.00000,0.00000,-0.32393,1.48199,-0.10020,0.00000
108800000000,4.41052,7.32064,0.02073,0.94483,0.00000,0.00000,-0.32756,1.48380,-0.09574,0.00000
108820000000,4.43262,7.30071,0.02073,0.94350,0.00000,0.00000,-0.33136,1.48529,-0.09157,0.00000
108840000000,4.45460,7.28063,0.02073,0.94208,0.00000,0.00000,-0.33538,1.48595,-0.09041,0.00000
108860000000,4.47638,7.26033,0.02073,0.94057,0.00000,0.00000,-0.33959,1.48608,-0.09050,0.00000
108880000000,4.49801,7.23987,0.02073,0.93900,0.00000,0.00000,-0.34392,1.48639,-0.08846,0.00000
108900000000,4.51951,7.21925,0.02073,0.93734,0.00000,0.00000,-0.34840,1.48684,-0.08444,0.00000
108920000000,4.54082,7.19845,0.02073,0.93563,0.00000,0.00000,-0.35298,1.48656,-0.08396,0.00000
108940000000,4.56196,7.17748,0.02073,0.93384,0.00000,0.00000,-0.35769,1.48641,-0.08042,0.00000
108960000000,4.58292,7.15635,0.02073,0.93195,0.00000,0.00000,-0.36260,1.48591,-0.07695,0.00000
108980000000,4.60368,7.13505,0.02073,0.92995,0.00000,0.00000,-0.36770,1.48500,-0.07406,0.00000
109000000000,4.62420,7.11355,0.02073,0.92787,0.00000,0.00000,-0.37290,1.48383,-0.07360,0.00000
109020000000,4.64449,7.09188,0.02073,0.92569,0.00000,0.00000,-0.37829,1.48226,-0.07076,0.00000
109040000000,4.66450,7.07000,0.02073,0.92341,0.00000,0.00000,-0.38382,1.48055,-0.07021,0.00000
109060000000,4.68425,7.04794,0.02073,0.92101,0.00000,0.00000,-0.38955,1.47822,-0.06797,0.00000
109080000000,4.70370,7.02568,0.02073,0.91849,0.00000,0.00000,-0.39545,1.47570,-0.06725,0.00000
109100000000,4.72283,7.00323,0.02073,0.91583,0.00000,0.00000,-0.40158,1.47253,-0.06574,0.00000
109120000000,4.74163,6.98059,0.02073,0.91303,0.00000,0.00000,-0.40790,1.46924,-0.06531,0.00000
109140000000,4.76005,6.95771,0.02073,0.91012,0.00000,0.00000,-0.41433,1.46614,-0.06616,0.00000
109160000000,4.77810,6.93465,0.02073,0.90707,0.00000,0.00000,-0.42098,1.46182,-0.06516,0.00000
109180000000,4.79575,6.91138,0.02073,0.90387,0.00000,0.00000,-0.42780,1.45763,-0.06541,0.00000
109200000000,4.81296,6.88782,0.02073,0.90063,0.00000,0.00000,-0.43458,1.45703,-0.07187,0.00000
109220000000,4.82970,6.86392,0.02073,0.89741,0.00000,0.00000,-0.44120,1.45737,-0.07866,0.00000
109240000000,4.84599,6.83967,0.02073,0.89419,0.00000,0.00000,-0.44768,1.45836,-0.08604,0.00000
109260000000,4.86184,6.81509,0.02073,0.89099,0.00000,0.00000,-0.45402,1.45994,-0.09328,0.00000
109280000000,4.87724,6.79017,0.02073,0.88780,0.00000,0.00000,-0.46022,1.46208,-0.10015,0.00000
109300000000,4.89222,6.76492,0.02073,0.88464,0.00000,0.00000,-0.46627,1.46474,-0.10667,0.00000
109320000000,4.90678,6.73935,0.02073,0.88150,0.00000,0.00000,-0.47218,1.46789,-0.11283,0.00000
109340000000,4.92095,6.71347,0.02073,0.87840,0.00000,0.00000,-0.47793,1.47152,-0.11862,0.00000
109360000000,4.93473,6.68729,0.02073,0.87533,0.00000,0.00000,-0.48353,1.47558,-0.12405,0.00000
109380000000,4.94815,6.66081,0.02073,0.87231,0.00000,0.00000,-0.48895,1.47986,-0.12787,0.00000
109400000000,4.96133,6.63413,0.02073,0.86943,0.00000,0.00000,-0.49406,1.48353,-0.12567,0.00000
109420000000,4.97418,6.60719,0.02073,0.86661,0.00000,0.00000,-0.49899,1.48849,-0.12925,0.00000
109440000000,4.98673,6.57998,0.02073,0.86386,0.00000,0.00000,-0.50373,1.49374,-0.13248,0.00000
109460000000,4.99899,6.55251,0.02073,0.86118,0.00000,0.00000,-0.50830,1.49927,-0.13537,0.00000
109480000000,5.01097,6.52479,0.02073,0.85858,0.00000,0.00000,-0.51267,1.50504,-0.13791,0.00000
109500000000,5.02269,6.49683,0.02073,0.85607,0.00000,0.00000,-0.51686,1.51101,-0.14010,0.00000
109520000000,5.03416,6.46863,0.02073,0.85364,0.00000,0.00000,-0.52087,1.51717,-0.14193,0.00000
109540000000,5.04540,6.44020,0.02073,0.85130,0.00000,0.00000,-0.52467,1.52348,-0.14341,0.00000
109560000000,5.05643,6.41155,0.02073,0.84907,0.00000,0.00000,-0.52829,1.52992,-0.14454,0.00000
109580000000,5.06727,6.38268,0.02073,0.84693,0.00000,0.00000,-0.53170,1.53645,-0.14531,0.00000
109600000000,5.07793,6.35367,0.02073,0.84487,0.00000,0.00000,-0.53498,1.53861,-0.14315,0.00000
109620000000,5.08843,6.32461,0.02073,0.84283,0.00000,0.00000,-0.53819,1.53888,-0.13990,0.00000
109640000000,5.09877,6.29548,0.02073,0.84081,0.00000,0.00000,-0.54133,1.53910,-0.13672,0.00000
109660000000,5.10895,6.26631,0.02073,0.83881,0.00000,0.00000,-0.54442,1.53927,-0.13361,0.00000
109680000000,5.11898,6.23708,0.02073,0.83684,0.00000,0.00000,-0.54745,1.53941,-0.13056,0.00000
109700000000,5.12885,6.20780,0.02073,0.83489,0.00000,0.00000,-0.55041,1.53950,-0.12759,0.00000
109720000000,5.13858,6.17848,0.02073,0.83297,0.00000,0.00000,-0.55332,1.53955,-0.12468,0.00000
109740000000,5.14815,6.14911,0.02073,0.83107,0.00000,0.00000,-0.55617,1.53957,-0.12184,0.00000
109760000000,5.15757,6.11970,0.02073,0.82919,0.00000,0.00000,-0.55897,1.53956,-0.11905,0.00000
109780000000,5.16685,6.09030,0.02073,0.82731,0.00000,0.00000,-0.56174,1.53565,-0.11451,0.00000
109800000000,5.17599,6.06100,0.02073,0.82538,0.00000,0.00000,-0.56458,1.52892,-0.10905,0.00000
109820000000,5.18496,6.03177,0.02073,0.82340,0.00000,0.00000,-0.56747,1.52316,-0.10443,0.00000
109840000000,5.19378,6.00264,0.02073,0.82136,0.00000,0.00000,-0.57041,1.51742,-0.10024,0.00000
109860000000,5.20241,5.97358,0.02073,0.81927,0.00000,0.00000,-0.57341,1.51081,-0.09603,0.00000
109880000000,5.21086,5.94460,0.02073,0.81712,0.00000,0.00000,-0.57647,1.50605,-0.09301,0.00000
109900000000,5.21911,5.91561,0.02073,0.81494,0.00000,0.00000,-0.57954,1.50261,-0.09075,0.00000
109920000000,5.22716,5.88673,0.02073,0.81270,0.00000,0.00000,-0.58269,1.49479,-0.08702,0.00000
109940000000,5.23499,5.85787,0.02073,0.81040,0.00000,0.00000,-0.58587,1.49138,-0.08536,0.00000
109960000000,5.24254,5.82906,0.02073,0.80796,0.00000,0.00000,-0.58923,1.48586,-0.08890,0.00000
109980000000,5.24986,5.80018,0.02073,0.80552,0.00000,0.00000,-0.59256,1.48804,-0.08434,0.00000
110000000000,5.25699,5.77110,0.02073,0.80320,0.00000,0.00000,-0.59571,1.49659,-0.08699,0.00000
110020000000,5.26390,5.74179,0.02073,0.80095,0.00000,0.00000,-0.59874,1.50540,-0.08958,0.00000
110040000000,5.27060,5.71224,0.02073,0.79876,0.00000,0.00000,-0.60166,1.51429,-0.09177,0.00000
110060000000,5.27709,5.68246,0.02073,0.79664,0.00000,0.00000,-0.60446,1.52324,-0.09359,0.00000
110080000000,5.28340,5.65246,0.02073,0.79460,0.00000,0.00000,-0.60714,1.53224,-0.09501,0.00000
110100000000,5.28954,5.62224,0.02073,0.79264,0.00000,0.00000,-0.60969,1.54125,-0.09605,0.00000
110120000000,5.29551,5.59184,0.02073,0.79075,0.00000,0.00000,-0.61214,1.54635,-0.09553,0.00000
110140000000,5.30135,5.56142,0.02073,0.78889,0.00000,0.00000,-0.61454,1.54596,-0.09327,0.00000
110160000000,5.30704,5.53098,0.02073,0.78705,0.00000,0.00000,-0.61689,1.54554,-0.09106,0.00000
110180000000,5.31259,5.50053,0.02073,0.78524,0.00000,0.00000,-0.61919,1.54512,-0.08890,0.00000
110200000000,5.31801,5.47006,0.02073,0.78345,0.00000,0.00000,-0.62146,1.54468,-0.08679,0.00000
110220000000,5.32328,5.43958,0.02073,0.78168,0.00000,0.00000,-0.62368,1.54423,-0.08474,0.00000
110240000000,5.32843,5.40909,0.02073,0.77994,0.00000,0.00000,-0.62585,1.54377,-0.08273,0.00000
110260000000,5.33344,5.37858,0.02073,0.77822,0.00000,0.00000,-0.62799,1.54331,-0.08077,0.00000
110280000000,5.33832,5.34807,0.02073,0.77652,0.00000,0.00000,-0.63009,1.54283,-0.07886,0.00000
110300000000,5.34308,5.31755,0.02073,0.77485,0.00000,0.00000,-0.63214,1.54235,-0.07700,0.00000
110320000000,5.34770,5.28723,0.02073,0.77317,0.00000,0.00000,-0.63420,1.52268,-0.07173,0.00000
110340000000,5.35211,5.25734,0.02073,0.77157,0.00000,0.00000,-0.63615,1.50849,-0.07184,0.00000
110360000000,5.35637,5.22766,0.02073,0.76999,0.00000,0.00000,-0.63806,1.49031,-0.06888,0.00000
110380000000,5.36046,5.19841,0.02073,0.76846,0.00000,0.00000,-0.63989,1.47436,-0.06697,0.00000
110400000000,5.36440,5.16953,0.02073,0.76697,0.00000,0.00000,-0.64169,1.45077,-0.06367,0.00000
110420000000,5.36818,5.14093,0.02073,0.76553,0.00000,0.00000,-0.64340,1.44078,-0.06249,0.00000
110440000000,5.37185,5.11260,0.02073,0.76407,0.00000,0.00000,-0.64513,1.41651,-0.05754,0.00000
110460000000,5.37535,5.08465,0.02073,0.76271,0.00000,0.00000,-0.64674,1.40697,-0.05825,0.00000
110480000000,5.37874,5.05696,0.02073,0.76136,0.00000,0.00000,-0.64832,1.39008,-0.05624,0.00000
110500000000,5.38200,5.02957,0.02073,0.76005,0.00000,0.00000,-0.64987,1.36824,-0.05315,0.00000
110520000000,5.38512,5.00260,0.02073,0.75879,0.00000,0.00000,-0.65134,1.35632,-0.05240,0.00000
110540000000,5.38813,4.97590,0.02073,0.75755,0.00000,0.00000,-0.65278,1.33946,-0.05057,0.00000
110560000000,5.39105,4.94953,0.02073,0.75631,0.00000,0.00000,-0.65421,1.31470,-0.04636,0.00000
110580000000,5.39382,4.92364,0.02073,0.75515,0.00000,0.00000,-0.65555,1.29698,-0.04618,0.00000
110600000000,5.39647,4.89820,0.02073,0.75402,0.00000,0.00000,-0.65685,1.27262,-0.04483,0.00000
110620000000,5.39904,4.87300,0.02073,0.75293,0.00000,0.00000,-0.65810,1.25866,-0.04284,0.00000
110640000000,5.40151,4.84800,0.02073,0.75187,0.00000,0.00000,-0.65932,1.25533,-0.04228,0.00000
110660000000,5.40392,4.82314,0.02073,0.75082,0.00000,0.00000,-0.66051,1.24139,-0.04037,0.00000
110680000000,5.40622,4.79874,0.02073,0.74981,0.00000,0.00000,-0.66166,1.22177,-0.03933,0.00000
110700000000,5.40844,4.77465,0.02073,0.74882,0.00000,0.00000,-0.66278,1.20100,-0.03730,0.00000
110720000000,5.41056,4.75096,0.02073,0.74787,0.00000,0.00000,-0.66384,1.18826,-0.03657,0.00000
110740000000,5.41261,4.72756,0.02073,0.74694,0.00000,0.00000,-0.66489,1.16585,-0.03461,0.00000
110760000000,5.41458,4.70454,0.02073,0.74605,0.00000,0.00000,-0.66589,1.15481,-0.03398,0.00000
110780000000,5.41650,4.68170,0.02073,0.74516,0.00000,0.00000,-0.66688,1.13642,-0.03114,0.00000
110800000000,5.41832,4.65941,0.02073,0.74432,0.00000,0.00000,-0.66782,1.11407,-0.03092,0.00000
110820000000,5.42007,4.63737,0.02073,0.74351,0.00000,0.00000,-0.66872,1.10475,-0.03041,0.00000
110840000000,5.42178,4.61559,0.02073,0.74270,0.00000,0.00000,-0.66962,1.08139,-0.02754,0.00000
110860000000,5.42340,4.59421,0.02073,0.74195,0.00000,0.00000,-0.67046,1.07144,-0.02822,0.00000
110880000000,5.42498,4.57296,0.02073,0.74120,0.00000,0.00000,-0.67128,1.05882,-0.02688,0.00000
110900000000,5.42649,4.55215,0.02073,0.74049,0.00000,0.00000,-0.67207,1.03819,-0.02616,0.00000
110920000000,5.42796,4.53166,0.02073,0.73977,0.00000,0.00000,-0.67286,1.01704,-0.02374,0.00000
110940000000,5.42936,4.51160,0.02073,0.73911,0.00000,0.00000,-0.67358,1.00500,-0.02424,0.00000
110960000000,5.43070,4.49194,0.02073,0.73846,0.00000,0.00000,-0.67430,0.97612,-0.02271,0.00000
110980000000,5.43200,4.47254,0.02073,0.73784,0.00000,0.00000,-0.67497,0.97158,-0.02242,0.00000
111000000000,5.43324,4.45358,0.02073,0.73724,0.00000,0.00000,-0.67563,0.94166,-0.02099,0.00000
111020000000,5.43444,4.43484,0.02073,0.73666,0.00000,0.00000,-0.67626,0.93850,-0.02074,0.00000
111040000000,5.43561,4.41640,0.02073,0.73610,0.00000,0.00000,-0.67687,0.92226,-0.01996,0.00000
111060000000,5.43672,4.39841,0.02073,0.73556,0.00000,0.00000,-0.67746,0.89208,-0.01865,0.00000
111080000000,5.43780,4.38066,0.02073,0.73504,0.00000,0.00000,-0.67802,0.88925,-0.01843,0.00000
111100000000,5.43885,4.36312,0.02073,0.73452,0.00000,0.00000,-0.67859,0.86788,-0.01694,0.00000
111120000000,5.43985,4.34602,0.02073,0.73404,0.00000,0.00000,-0.67911,0.85630,-0.01700,0.00000
111140000000,5.44082,4.32914,0.02073,0.73357,0.00000,0.00000,-0.67962,0.83984,-0.01632,0.00000
111160000000,5.44176,4.31256,0.02073,0.73310,0.00000,0.00000,-0.68012,0.82106,-0.01515,0.00000
111180000000,5.44266,4.29645,0.02073,0.73267,0.00000,0.00000,-0.68058,0.80696,-0.01503,0.00000
111200000000,5.44353,4.28064,0.02073,0.73225,0.00000,0.00000,-0.68104,0.78144,-0.01406,0.00000
111220000000,5.44436,4.26518,0.02073,0.73185,0.00000,0.00000,-0.68146,0.77413,-0.01382,0.00000
111240000000,5.44518,4.24987,0.02073,0.73146,0.00000,0.00000,-0.68188,0.75920,-0.01312,0.00000
111260000000,5.44596,4.23493,0.02073,0.73108,0.00000,0.00000,-0.68229,0.73889,-0.01241,0.00000
111280000000,5.44671,4.22045,0.02073,0.73073,0.00000,0.00000,-0.68267,0.72496,-0.01214,0.00000
111300000000,5.44745,4.20607,0.02073,0.73038,0.00000,0.00000,-0.68304,0.71405,-0.01157,0.00000
111320000000,5.44815,4.19214,0.02073,0.73004,0.00000,0.00000,-0.68340,0.68707,-0.01094,0.00000
111340000000,5.44882,4.17876,0.02073,0.72973,0.00000,0.00000,-0.68373,0.66352,-0.01032,0.00000
111360000000,5.44946,4.16559,0.02073,0.72944,0.00000,0.00000,-0.68405,0.65955,-0.01016,0.00000
111380000000,5.45009,4.15269,0.02073,0.72914,0.00000,0.00000,-0.68436,0.63732,-0.00951,0.00000
111400000000,5.45070,4.14017,0.02073,0.72887,0.00000,0.00000,-0.68465,0.62691,-0.00926,0.00000
111420000000,5.45128,4.12802,0.02073,0.72861,0.00000,0.00000,-0.68493,0.60145,-0.00862,0.00000
111440000000,5.45184,4.11614,0.02073,0.72836,0.00000,0.00000,-0.68519,0.59430,-0.00842,0.00000
111460000000,5.45238,4.10446,0.02073,0.72811,0.00000,0.00000,-0.68546,0.57538,-0.00809,0.00000
111480000000,5.45290,4.09327,0.02073,0.72788,0.00000,0.00000,-0.68570,0.55886,-0.00755,0.00000
111500000000,5.45340,4.08254,0.02073,0.72767,0.00000,0.00000,-0.68593,0.52993,-0.00704,0.00000
111520000000,5.45388,4.07202,0.02073,0.72746,0.00000,0.00000,-0.68615,0.52325,-0.00679,0.00000
111540000000,5.45434,4.06177,0.02073,0.72727,0.00000,0.00000,-0.68636,0.51293,-0.00655,0.00000
111560000000,5.45479,4.05180,0.02073,0.72708,0.00000,0.00000,-0.68655,0.49668,-0.00621,0.00000
111580000000,5.45522,4.04227,0.02073,0.72690,0.00000,0.00000,-0.68675,0.46965,-0.00575,0.00000
111600000000,5.45563,4.03299,0.02073,0.72673,0.00000,0.00000,-0.68692,0.46421,-0.00557,0.00000
111620000000,5.45602,4.02404,0.02073,0.72656,0.00000,0.00000,-0.68710,0.43637,-0.00540,0.00000
111640000000,5.45640,4.01555,0.02073,0.72642,0.00000,0.00000,-0.68726,0.41802,-0.00483,0.00000
111660000000,5.45676,4.00724,0.02073,0.72628,0.00000,0.00000,-0.68740,0.41555,-0.00469,0.00000
111680000000,5.45711,3.99917,0.02073,0.72614,0.00000,0.00000,-0.68755,0.39515,-0.00441,0.00000
111700000000,5.45745,3.99152,0.02073,0.72601,0.00000,0.00000,-0.68768,0.38315,-0.00415,0.00000
111720000000,5.45776,3.98422,0.02072,0.72589,0.00000,0.00000,-0.68781,0.35614,-0.00381,0.00000
111740000000,5.45807,3.97722,0.02072,0.72578,0.00000,0.00000,-0.68792,0.35048,-0.00364,0.00000
111760000000,5.45835,3.97065,0.02072,0.72568,0.00000,0.00000,-0.68804,0.32084,-0.00332,0.00000
111780000000,5.45862,3.96429,0.02072,0.72558,0.00000,0.00000,-0.68814,0.31755,-0.00317,0.00000
111800000000,5.45888,3.95824,0.02072,0.72549,0.00000,0.00000,-0.68823,0.30225,-0.00296,0.00000
111820000000,5.45914,3.95224,0.02072,0.72540,0.00000,0.00000,-0.68833,0.29783,-0.00291,0.00000
111840000000,5.45938,3.94659,0.02072,0.72532,0.00000,0.00000,-0.68841,0.27990,-0.00272,0.00000
111860000000,5.45960,3.94149,0.02072,0.72524,0.00000,0.00000,-0.68849,0.25378,-0.00234,0.00000
111880000000,5.45980,3.93665,0.02072,0.72518,0.00000,0.00000,-0.68856,0.23676,-0.00214,0.00000
111900000000,5.45999,3.93221,0.02072,0.72511,0.00000,0.00000,-0.68863,0.22120,-0.00195,0.00000
111920000000,5.46016,3.92821,0.02072,0.72506,0.00000,0.00000,-0.68869,0.19290,-0.00173,0.00000
111940000000,5.46032,3.92446,0.02072,0.72501,0.00000,0.00000,-0.68874,0.18629,-0.00162,0.00000
111960000000,5.46046,3.92120,0.02072,0.72497,0.00000,0.00000,-0.68878,0.15700,-0.00131,0.00000
111980000000,5.46059,3.91814,0.02072,0.72493,0.00000,0.00000,-0.68883,0.14933,-0.00127,0.00000
112000000000,5.46071,3.91533,0.02072,0.72489,0.00000,0.00000,-0.68886,0.14086,-0.00113,-0.00000
112020000000,5.46082,3.91284,0.02072,0.72486,0.00000,0.00000,-0.68890,0.11276,-0.00094,0.00000
112040000000,5.46091,3.91077,0.02072,0.72484,0.00000,0.00000,-0.68892,0.09774,-0.00079,0.00000
112060000000,5.46098,3.90903,0.02072,0.72481,0.00000,0.00000,-0.68894,0.08162,-0.00065,0.00000
112080000000,5.46105,3.90751,0.02072,0.72480,0.00000,0.00000,-0.68896,0.07643,-0.00056,-0.00000
112100000000,5.46111,3.90609,0.02072,0.72478,0.00000,0.00000,-0.68898,0.06563,-0.00052,0.00000
112120000000,5.46115,3.90520,0.02072,0.72477,0.00000,0.00000,-0.68899,0.04424,-0.00031,-0.00000
112140000000,5.46117,3.90467,0.02072,0.72477,0.00000,0.00000,-0.68900,0.01469,-0.00011,0.00000
112160000000,5.46118,3.90443,0.02072,0.72476,0.00000,0.00000,-0.68900,0.01176,-0.00008,-0.00000
112180000000,5.46118,3.90442,0.02072,0.72476,0.00000,0.00000,-0.68900,0.00000,0.00000,0.00000
112200000000,5.46118,3.90442,0.02072,0.72476,0.00000,0.00000,-0.68900,0.00000,0.00000,0.00000
112220000000,5.46118,3.90442,0.02072,0.72476,0.00000,0.00000,-0.68900,0.00000,0.00000,0.00000
112240000000,5.46118,3.90442,0.02072,0.72476,0.00000,0.00000,-0.68900,0.00000,0.00000,0.00000
112260000000,5.46118,3.90442,0.02072,0.72476,0.00000,0.00000,-0.68900,0.00000,0.00000,0.00000
112280000000,5.46118,3.90442,0.02072,0.72476,0.00000,0.00000,-0.68900,0.00000,0.00000,0.00000
112300000000,5.46118,3.90442,0.02072,0.72476,0.00000,0.00000,-0.68900,0.00000,0.00000,0.00000
112320000000,5.46118,3.90442,0.02072,0.72476,0.00000,0.00000,-0.68900,0.00000,0.00000,0.00000
112340000000,5.46118,3.90442,0.02072,0.72476,0.00000,0.00000,-0.68900,0.00000,0.00000,0.00000
112360000000,5.46118,3.90442,0.02072,0.72476,0.00000,0.00000,-0.68900,0.00000,0.00000,0.00000
112380000000,5.46118,3.90442,0.02072,0.72476,0.00000,0.00000,-0.68900,0.00000,0.00000,0.00000
112400000000,5.46118,3.90442,0.02072,0.72476,0.00000,0.00000,-0.68900,0.00000,0.00000,0.00000
112420000000,5.46118,3.90442,0.02072,0.72476,0.00000,0.00000,-0.68900,0.00000,0.00000,0.00000
112440000000,5.46118,3.90442,0.02072,0.72476,0.00000,0.00000,-0.68900,0.00000,0.00000,0.00000
112460000000,5.46118,3.90442,0.02072,0.72476,0.00000,0.00000,-0.68900,0.00000,0.00000,0.00000
112480000000,5.46118,3.90442,0.02072,0.72476,0.00000,0.00000,-0.68900,0.00000,0.00000,0.00000
112500000000,5.46118,3.90442,0.02072,0.72476,0.00000,0.00000,-0.68900,0.00000,0.00000,0.00000
112520000000,5.46118,3.90442,0.02072,0.72476,0.00000,0.00000,-0.68900,0.00000,0.00000,0.00000
