15247000000,-0.08246,-0.12297,0.00035,0.99953,0.02377,-0.01945,0.00222,-0.30393,-0.42193,0.00994
15280000000,-0.06969,-0.09931,0.00450,0.99985,0.01365,-0.01014,0.00140,-0.22324,-0.30208,0.02520
15313000000,-0.06654,-0.09421,0.00666,0.99995,0.00829,-0.00584,0.00124,-0.18753,-0.25202,0.03078
15346000000,-0.06840,-0.09597,0.00806,0.99999,0.00416,-0.00305,0.00121,-0.16933,-0.22499,0.03291
15379000000,-0.05482,-0.07579,0.00646,1.00000,0.00227,-0.00112,0.00099,-0.12553,-0.16246,0.02848
15412000000,-0.04684,-0.06478,0.00576,1.00000,0.00136,-0.00003,0.00086,-0.09816,-0.12868,0.02700
15445000000,-0.03934,-0.05451,0.00556,1.00000,0.00096,0.00036,0.00073,-0.07786,-0.10130,0.02727
15478000000,-0.03940,-0.05454,0.00561,1.00000,0.00043,0.00092,0.00074,-0.07251,-0.09241,0.02582
15511000000,-0.03950,-0.05474,0.00554,1.00000,0.00018,0.00135,0.00075,-0.06721,-0.08612,0.02311
15544000000,-0.04043,-0.05599,0.00534,1.00000,-0.00001,0.00166,0.00076,-0.06410,-0.08136,0.02130
15577000000,-0.04170,-0.05761,0.00507,1.00000,-0.00001,0.00182,0.00079,-0.06252,-0.07925,0.01959
15610000000,-0.03601,-0.04990,0.00420,1.00000,0.00029,0.00174,0.00069,-0.05269,-0.06603,0.01721
15643000000,-0.02958,-0.04119,0.00368,1.00000,0.00056,0.00155,0.00059,-0.04241,-0.05355,0.01538
15676000000,-0.02190,-0.03078,0.00279,1.00000,0.00059,0.00156,0.00042,-0.03170,-0.03802,0.01356
15709000000,-0.02175,-0.03050,0.00275,1.00000,0.00039,0.00174,0.00044,-0.03035,-0.03276,0.01154
15742000000,-0.02172,-0.03042,0.00269,1.00000,0.00047,0.00173,0.00044,-0.02871,-0.03076,0.01135
15775000000,-0.02044,-0.02947,0.00274,1.00000,0.00004,0.00208,0.00039,0.02108,-0.02482,0.01107
15808000000,-0.01735,-0.02794,0.00277,1.00000,-0.00016,0.00236,0.00042,0.04152,-0.02018,0.01081
15841000000,-0.01478,-0.02746,0.00274,1.00000,-0.00011,0.00236,0.00041,0.06059,-0.01838,0.01094
15874000000,-0.01356,-0.02922,0.00299,1.00000,-0.00011,0.00218,0.00042,0.09295,-0.01969,0.01200
15907000000,-0.01341,-0.03407,0.00324,1.00000,-0.00010,0.00204,0.00051,0.11779,-0.02303,0.01209
15940000000,-0.01341,-0.04057,0.00332,1.00000,0.00013,0.00174,0.00062,0.13928,-0.02990,0.01072
15973000000,-0.01318,-0.04702,0.00331,1.00000,0.00035,0.00142,0.00070,0.15799,-0.03661,0.01093
16006000000,-0.01588,-0.02895,0.00343,1.00000,-0.00092,-0.00004,0.00048,0.15010,-0.00525,0.01060
16039000000,-0.02501,0.05583,-0.00295,0.99998,-0.00381,-0.00412,-0.00056,0.11924,0.10383,0.00125
16072000000,-0.00254,0.19138,-0.01180,0.99994,-0.00667,-0.00882,-0.00220,0.09172,0.25187,-0.01072
16105000000,0.04823,0.34348,-0.01853,0.99988,-0.00988,-0.01170,-0.00384,0.12010,0.41312,-0.01904
16138000000,0.04755,0.43025,-0.02470,0.99981,-0.01393,-0.01313,-0.00444,0.10899,0.52769,-0.02759
16171000000,0.03426,0.50558,-0.03127,0.99973,-0.01660,-0.01541,-0.00504,0.08666,0.61672,-0.03712
16204000000,0.02476,0.59741,-0.04054,0.99963,-0.02067,-0.01685,-0.00556,0.08040,0.73589,-0.04770
16237000000,0.03093,0.67524,-0.04841,0.99956,-0.02377,-0.01692,-0.00590,0.08424,0.83310,-0.05682
16270000000,0.04504,0.73781,-0.05624,0.99950,-0.02646,-0.01634,-0.00625,0.11597,0.91142,-0.06495
16303000000,0.05093,0.79001,-0.06173,0.99945,-0.02848,-0.01591,-0.00642,0.13636,0.96827,-0.06801
16336000000,0.06066,0.85489,-0.06918,0.99938,-0.03104,-0.01538,-0.00668,0.15728,1.03844,-0.07557
16369000000,0.07101,0.92147,-0.07662,0.99931,-0.03345,-0.01487,-0.00689,0.16864,1.10672,-0.08345
16402000000,0.08597,0.97132,-0.08049,0.99927,-0.03476,-0.01408,-0.00706,0.18652,1.14333,-0.08829
16435000000,0.09792,1.02278,-0.08669,0.99922,-0.03633,-0.01340,-0.00717,0.21364,1.18529,-0.09497
16468000000,0.10314,0.96907,-0.07432,0.99937,-0.03205,-0.01328,-0.00713,0.22520,1.06789,-0.07264
16501000000,0.11241,0.96552,-0.07066,0.99942,-0.03075,-0.01256,-0.00711,0.25120,1.03323,-0.06595
16534000000,0.11436,0.99276,-0.07217,0.99942,-0.03084,-0.01237,-0.00710,0.25163,1.04276,-0.06634
16567000000,0.10739,0.94505,-0.06437,0.99954,-0.02668,-0.01277,-0.00716,0.24574,0.94008,-0.05688
16600000000,0.10098,0.95179,-0.06336,0.99956,-0.02555,-0.01321,-0.00720,0.24649,0.92460,-0.05452
16633000000,0.10412,0.97272,-0.06329,0.99958,-0.02483,-0.01334,-0.00727,0.24445,0.92769,-0.05318
16666000000,0.11148,1.00100,-0.06366,0.99959,-0.02433,-0.01336,-0.00738,0.26234,0.93938,-0.05069
16699000000,0.10699,1.18213,-0.07929,0.99941,-0.03025,-0.01418,-0.00801,0.26141,1.14978,-0.06503
16732000000,0.21502,1.13244,-0.06337,0.99957,-0.02669,-0.00963,-0.00799,0.38720,1.04529,-0.04400
16765000000,0.21351,1.14362,-0.06093,0.99959,-0.02595,-0.00941,-0.00807,0.39709,1.03734,-0.03935
16798000000,0.22150,1.16755,-0.06036,0.99961,-0.02527,-0.00920,-0.00811,0.41069,1.04007,-0.03802
16831000000,0.02745,1.56096,-0.13258,0.99918,-0.03718,-0.01398,-0.00815,0.18790,1.54093,-0.12585
16864000000,0.22474,1.49292,-0.10113,0.99940,-0.03244,-0.00816,-0.00892,0.38438,1.35361,-0.08007
16897000000,0.31977,1.36118,-0.07271,0.99956,-0.02836,-0.00292,-0.00857,0.50303,1.17703,-0.04975
16930000000,0.30917,1.31348,-0.06075,0.99963,-0.02574,-0.00242,-0.00854,0.51467,1.09935,-0.03817
16963000000,0.31309,1.32998,-0.05813,0.99966,-0.02450,-0.00183,-0.00863,0.50619,1.09487,-0.03589
16996000000,0.32411,1.35658,-0.05755,0.99969,-0.02344,-0.00104,-0.00852,0.50854,1.10231,-0.03405
17029000000,0.33910,1.38766,-0.05676,0.99971,-0.02248,-0.00036,-0.00856,0.53616,1.11094,-0.03352
17062000000,0.35281,1.41952,-0.05564,0.99973,-0.02161,0.00017,-0.00866,0.54759,1.11981,-0.03209
17095000000,0.37375,1.45234,-0.05577,0.99975,-0.02067,0.00082,-0.00864,0.55665,1.13019,-0.03036
17128000000,0.39584,1.48773,-0.05462,0.99976,-0.01988,0.00143,-0.00876,0.57983,1.14082,-0.02920
17161000000,0.38951,1.51393,-0.05892,0.99979,-0.01831,0.00041,-0.00909,0.56486,1.13170,-0.03260
17194000000,0.39972,1.54243,-0.06046,0.99980,-0.01758,0.00022,-0.00929,0.57195,1.13530,-0.03359
17227000000,0.40868,1.57034,-0.06254,0.99981,-0.01694,-0.00009,-0.00947,0.57681,1.13871,-0.03669
17260000000,0.42458,1.60193,-0.06248,0.99982,-0.01666,-0.00020,-0.00959,0.57813,1.14517,-0.03597
17293000000,0.44156,1.63585,-0.06305,0.99982,-0.01643,-0.00037,-0.00970,0.57923,1.15372,-0.03609
17326000000,0.50064,1.68911,-0.06808,0.99981,-0.01670,0.00004,-0.00969,0.63148,1.18139,-0.04223
17359000000,0.49760,1.68071,-0.05959,0.99982,-0.01596,-0.00071,-0.00996,0.62318,1.14394,-0.03247
17392000000,0.52439,1.68872,-0.05099,0.99983,-0.01562,-0.00071,-0.01017,0.64327,1.12771,-0.02365
17425000000,0.54022,1.71077,-0.04965,0.99983,-0.01501,-0.00125,-0.01025,0.64179,1.12662,-0.02300
17458000000,0.55927,1.73709,-0.04895,0.99984,-0.01460,-0.00200,-0.01033,0.65894,1.12742,-0.02288
17491000000,0.57994,1.76997,-0.04928,0.99984,-0.01436,-0.00267,-0.01047,0.66400,1.13524,-0.02154
17524000000,0.06373,2.13607,-0.05512,0.99966,-0.02110,-0.01030,-0.01105,0.22437,1.41259,-0.01285
17557000000,0.71615,1.97286,-0.04965,0.99979,-0.01737,0.00025,-0.01055,0.76562,1.25139,-0.01364
17590000000,0.75772,1.89175,-0.04153,0.99981,-0.01641,-0.00076,-0.01038,0.79452,1.17789,-0.00974
17623000000,0.79013,1.86676,-0.03666,0.99982,-0.01565,-0.00156,-0.01041,0.81999,1.13811,-0.00623
17656000000,0.80785,1.87305,-0.03289,0.99982,-0.01538,-0.00322,-0.01049,0.81960,1.12442,-0.00302
17689000000,0.83327,1.89573,-0.03086,0.99981,-0.01533,-0.00489,-0.01062,0.84328,1.12315,-0.00086
17722000000,0.86198,1.92379,-0.03069,0.99980,-0.01537,-0.00691,-0.01076,0.85915,1.12540,0.00031
17755000000,0.89073,1.95383,-0.03117,0.99978,-0.01568,-0.00905,-0.01082,0.85077,1.12947,0.00038
17788000000,0.91838,1.98482,-0.03164,0.99975,-0.01602,-0.01094,-0.01096,0.84064,1.13355,-0.00012
17821000000,0.93332,2.02314,-0.03024,0.99973,-0.01624,-0.01239,-0.01111,0.82131,1.14396,0.00215
17854000000,0.93253,2.06942,-0.02726,0.99972,-0.01620,-0.01307,-0.01120,0.78877,1.16046,0.00408
17887000000,0.95716,2.10444,-0.02674,0.99972,-0.01596,-0.01343,-0.01132,0.77852,1.16877,0.00460
17920000000,0.98676,2.13735,-0.02564,0.99971,-0.01575,-0.01387,-0.01139,0.77100,1.17648,0.00599
17953000000,1.00866,2.17157,-0.02333,0.99971,-0.01563,-0.01441,-0.01150,0.75869,1.18423,0.00781
17986000000,1.00571,2.20452,-0.01829,0.99971,-0.01508,-0.01467,-0.01166,0.72869,1.18871,0.00956
18019000000,1.02523,2.23750,-0.01553,0.99972,-0.01462,-0.01472,-0.01170,0.71775,1.19520,0.01100
18052000000,1.08085,2.21126,-0.01161,0.99973,-0.01397,-0.01494,-0.01116,0.73462,1.16950,0.01024
18085000000,1.06788,2.23979,-0.01866,0.99968,-0.01503,-0.01665,-0.01141,0.69792,1.16933,0.00690
18118000000,1.08849,2.26767,-0.02442,0.99964,-0.01654,-0.01747,-0.01156,0.68761,1.17257,0.00357
18151000000,1.09593,2.30726,-0.02669,0.99962,-0.01789,-0.01739,-0.01169,0.66596,1.18412,0.00290
18184000000,1.12443,2.34101,-0.02847,0.99961,-0.01862,-0.01700,-0.01173,0.66161,1.19153,0.00197
18217000000,0.42047,3.66338,-0.10550,0.99945,-0.02779,-0.01338,-0.01185,0.19177,1.97316,-0.04163
18250000000,1.13529,2.59146,-0.05697,0.99965,-0.02342,-0.00579,-0.01104,0.64512,1.30813,-0.01200
18283000000,1.18986,2.65798,-0.06614,0.99967,-0.02276,-0.00508,-0.01117,0.64941,1.34902,-0.01891
18316000000,1.31302,2.47236,-0.04769,0.99975,-0.01888,-0.00492,-0.01097,0.71638,1.19853,-0.00773
18349000000,1.41556,2.52775,-0.03945,0.99978,-0.01712,-0.00534,-0.01103,0.76316,1.20923,-0.00304
18382000000,1.43094,2.52558,-0.03231,0.99979,-0.01598,-0.00586,-0.01112,0.74943,1.19000,0.00136
18415000000,1.51683,2.58289,-0.03089,0.99980,-0.01540,-0.00606,-0.01120,0.78289,1.20145,0.00108
18448000000,1.56103,2.61724,-0.03143,0.99980,-0.01525,-0.00630,-0.01129,0.78815,1.20503,0.00120
18481000000,1.57626,2.62988,-0.03202,0.99980,-0.01513,-0.00624,-0.01131,0.77247,1.20212,0.00154
18514000000,1.63072,2.66258,-0.03120,0.99981,-0.01481,-0.00608,-0.01135,0.78629,1.20582,0.00255
18547000000,1.67799,2.69085,-0.03012,0.99981,-0.01455,-0.00621,-0.01142,0.79449,1.20674,0.00317
18580000000,1.65010,2.71110,-0.04819,0.99978,-0.01575,-0.00806,-0.01167,0.74808,1.20214,-0.00977
18613000000,1.75820,2.65415,-0.04749,0.99978,-0.01567,-0.00806,-0.01143,0.80671,1.15188,-0.00975
18646000000,1.74369,2.73109,-0.03918,0.99977,-0.01550,-0.00866,-0.01170,0.76912,1.17731,-0.00363
18679000000,1.77620,2.78875,-0.03314,0.99978,-0.01479,-0.00864,-0.01174,0.76827,1.19509,0.00126
18712000000,1.70384,2.83471,-0.01416,0.99978,-0.01340,-0.01103,-0.01196,0.69518,1.20310,0.01293
18745000000,1.38817,3.55753,-0.06537,0.99971,-0.01972,-0.00511,-0.01258,0.46182,1.69005,-0.01589
18778000000,1.66094,3.02890,-0.05468,0.99977,-0.01718,-0.00506,-0.01194,0.61417,1.31649,-0.00867
18811000000,1.76276,3.10260,-0.05264,0.99976,-0.01712,-0.00632,-0.01204,0.65580,1.34066,-0.00813
18844000000,1.77303,3.12138,-0.04715,0.99976,-0.01665,-0.00730,-0.01215,0.64055,1.33146,-0.00556
18877000000,1.76335,3.13413,-0.04121,0.99976,-0.01613,-0.00808,-0.01233,0.61306,1.32034,-0.00256
18910000000,1.73500,3.15315,-0.02535,0.99975,-0.01554,-0.01022,-0.01242,0.57546,1.31390,0.00771
18943000000,1.74653,3.31133,-0.03647,0.99976,-0.01604,-0.00794,-0.01250,0.56528,1.40874,0.00104
18976000000,1.80362,3.23101,-0.03484,0.99977,-0.01519,-0.00815,-0.01254,0.58127,1.32250,0.00091
19009000000,1.85196,3.27418,-0.03487,0.99977,-0.01537,-0.00853,-0.01261,0.59426,1.32757,0.00070
19042000000,1.86567,3.31728,-0.03586,0.99976,-0.01547,-0.00869,-0.01272,0.58048,1.33641,-0.00040
19075000000,1.88532,3.36204,-0.03939,0.99976,-0.01569,-0.00823,-0.01280,0.57251,1.34585,-0.00253
19108000000,1.89080,3.41115,-0.04202,0.99976,-0.01578,-0.00774,-0.01284,0.55558,1.35986,-0.00444
19141000000,1.50999,4.10476,-0.07902,0.99971,-0.01982,0.00169,-0.01343,0.25379,1.87126,-0.02106
19174000000,1.90151,3.63395,-0.06472,0.99980,-0.01473,0.00311,-0.01284,0.52271,1.48337,-0.00913
19207000000,2.04817,3.99473,-0.05297,0.99980,-0.01508,-0.00066,-0.01309,0.61372,1.73634,-0.00453
19240000000,2.22611,3.81106,-0.02800,0.99983,-0.01158,-0.00680,-0.01302,0.72375,1.54905,0.00849
19273000000,2.26938,3.81829,-0.01637,0.99979,-0.01129,-0.01102,-0.01317,0.73051,1.51626,0.01312
19306000000,2.28300,3.80898,-0.01697,0.99976,-0.01203,-0.01282,-0.01331,0.71408,1.48301,0.01200
19339000000,2.25822,3.81338,-0.01320,0.99974,-0.01222,-0.01346,-0.01344,0.67289,1.46390,0.01565
19372000000,2.27927,3.84941,-0.01464,0.99974,-0.01247,-0.01341,-0.01355,0.66521,1.46561,0.01374
19405000000,2.29477,3.90685,-0.01477,0.99974,-0.01243,-0.01304,-0.01364,0.65411,1.48246,0.01326
19438000000,2.28518,3.96162,-0.02539,0.99974,-0.01329,-0.01236,-0.01381,0.62295,1.49586,0.00667
19471000000,2.25561,3.96886,-0.03644,0.99973,-0.01462,-0.01118,-0.01391,0.57973,1.48008,0.00071
19504000000,2.19436,4.06085,-0.04350,0.99974,-0.01537,-0.00955,-0.01406,0.51894,1.51996,-0.00266
19537000000,2.23987,4.12426,-0.03254,0.99976,-0.01400,-0.00915,-0.01411,0.53666,1.53338,0.00566
19570000000,2.06381,4.85499,-0.05210,0.99976,-0.01563,-0.00488,-0.01465,0.38581,2.10762,-0.00793
19603000000,2.33045,4.33107,-0.02615,0.99983,-0.00970,-0.00646,-0.01430,0.57170,1.64225,0.01218
19636000000,2.38960,4.34913,-0.02614,0.99980,-0.01083,-0.00887,-0.01442,0.59645,1.61469,0.01057
19669000000,2.42548,4.39124,-0.02324,0.99978,-0.01121,-0.01059,-0.01453,0.60179,1.61323,0.01229
19702000000,2.43800,4.41838,-0.01862,0.99976,-0.01118,-0.01181,-0.01467,0.58815,1.60029,0.01487
19735000000,2.45527,4.47163,-0.01791,0.99975,-0.01139,-0.01237,-0.01470,0.57881,1.60945,0.01437
19768000000,2.39285,4.90054,-0.02138,0.99979,-0.01112,-0.00815,-0.01501,0.52442,1.89943,0.01537
19801000000,2.66488,4.56872,0.01264,0.99980,-0.00614,-0.01208,-0.01485,0.71107,1.59424,0.03798
19834000000,2.67679,4.55158,0.04175,0.99972,-0.00352,-0.01787,-0.01494,0.69843,1.54284,0.05760
19867000000,2.68881,4.55132,0.05260,0.99963,-0.00348,-0.02234,-0.01498,0.68088,1.51138,0.06412
19900000000,2.68474,4.54550,0.05223,0.99956,-0.00494,-0.02492,-0.01509,0.65087,1.48012,0.06418
19933000000,2.69972,4.58328,0.05187,0.99952,-0.00610,-0.02626,-0.01516,0.63853,1.48443,0.06378
19966000000,2.63917,4.99740,0.01159,0.99971,-0.00907,-0.01602,-0.01540,0.56780,1.80307,0.03155
19999000000,2.77641,4.72539,0.00158,0.99972,-0.01032,-0.01499,-0.01529,0.65131,1.54236,0.02267
20032000000,2.82408,4.74381,-0.00492,0.99968,-0.01231,-0.01597,-0.01538,0.66264,1.51826,0.01728
20065000000,2.80562,4.71272,-0.02863,0.99964,-0.01592,-0.01492,-0.01554,0.61842,1.46295,-0.00148
20098000000,2.81526,4.72281,-0.03741,0.99961,-0.01766,-0.01469,-0.01563,0.60176,1.44162,-0.00809
20131000000,2.78691,4.74259,-0.05173,0.99959,-0.01961,-0.01394,-0.01579,0.55614,1.43028,-0.01686
20164000000,2.76543,4.79435,-0.07294,0.99955,-0.02212,-0.01232,-0.01589,0.51694,1.44217,-0.03116
20197000000,2.75569,4.81717,-0.09005,0.99954,-0.02356,-0.01035,-0.01600,0.48702,1.43288,-0.04104
20230000000,2.72354,4.86815,-0.09584,0.99954,-0.02426,-0.00895,-0.01608,0.44378,1.44358,-0.04336
20263000000,2.64350,4.92234,-0.09773,0.99952,-0.02520,-0.00748,-0.01621,0.37052,1.45754,-0.04026
20296000000,2.62031,4.99105,-0.10182,0.99952,-0.02545,-0.00602,-0.01638,0.33974,1.48098,-0.04014
20329000000,2.61808,5.04953,-0.10400,0.99953,-0.02536,-0.00524,-0.01640,0.32357,1.49605,-0.04007
20362000000,2.57099,5.08201,-0.11266,0.99950,-0.02673,-0.00435,-0.01649,0.27617,1.49269,-0.04353
20395000000,2.68404,5.06933,-0.13370,0.99949,-0.02671,-0.00504,-0.01657,0.33558,1.46086,-0.05849
20428000000,2.59599,5.08217,-0.13883,0.99940,-0.02976,-0.00503,-0.01678,0.24270,1.44566,-0.05711
20461000000,2.54468,5.10572,-0.15307,0.99937,-0.03114,-0.00324,-0.01688,0.19247,1.43705,-0.06310
20494000000,2.54067,5.14207,-0.15971,0.99935,-0.03181,-0.00240,-0.01696,0.17655,1.43913,-0.06624
20527000000,2.53822,5.18764,-0.16318,0.99934,-0.03197,-0.00205,-0.01703,0.16398,1.44385,-0.06591
20560000000,2.54815,5.23715,-0.16454,0.99935,-0.03164,-0.00217,-0.01715,0.15694,1.45170,-0.06481
20593000000,2.55735,5.28715,-0.16548,0.99935,-0.03142,-0.00231,-0.01727,0.14921,1.45957,-0.06468
20626000000,2.54187,5.36877,-0.16025,0.99937,-0.03082,-0.00181,-0.01736,0.13671,1.48439,-0.06005
20659000000,2.77295,5.56195,-0.15762,0.99951,-0.02603,-0.00200,-0.01733,0.30443,1.57948,-0.06011
20692000000,2.64212,5.56183,-0.15368,0.99947,-0.02744,-0.00239,-0.01757,0.17577,1.56142,-0.05451
20725000000,2.59284,5.56824,-0.16353,0.99942,-0.02902,-0.00101,-0.01768,0.13078,1.54007,-0.05681
20758000000,2.55401,5.60562,-0.17228,0.99938,-0.03042,0.00000,-0.01773,0.09360,1.54001,-0.05971
20791000000,2.51745,5.63203,-0.17582,0.99937,-0.03073,0.00054,-0.01788,0.06581,1.52947,-0.05991
20824000000,2.84255,5.80824,-0.16741,0.99958,-0.02275,-0.00348,-0.01786,0.29783,1.60976,-0.06132
20857000000,2.71495,5.76944,-0.16097,0.99957,-0.02245,-0.00457,-0.01812,0.17736,1.56226,-0.05702
20890000000,2.68117,5.77030,-0.16405,0.99957,-0.02278,-0.00432,-0.01822,0.14723,1.53407,-0.05719
20923000000,2.66760,5.78326,-0.16787,0.99955,-0.02331,-0.00451,-0.01833,0.12400,1.51585,-0.05723
20956000000,2.63604,5.81235,-0.16982,0.99953,-0.02411,-0.00410,-0.01844,0.09278,1.50961,-0.05675
20989000000,2.62324,5.84966,-0.17187,0.99952,-0.02471,-0.00383,-0.01852,0.07471,1.50839,-0.05586
21022000000,2.58696,5.88802,-0.17562,0.99950,-0.02530,-0.00353,-0.01864,0.03902,1.50823,-0.05546
21055000000,2.57678,5.92889,-0.17823,0.99950,-0.02533,-0.00339,-0.01875,0.02506,1.50710,-0.05544
21088000000,2.57387,5.97524,-0.18015,0.99949,-0.02538,-0.00339,-0.01888,0.01488,1.51035,-0.05557
21121000000,2.57036,6.02485,-0.18179,0.99949,-0.02531,-0.00337,-0.01897,0.00541,1.51494,-0.05456
21154000000,2.88655,6.14133,-0.17502,0.99954,-0.02374,-0.00221,-0.01875,0.20243,1.55460,-0.04889
21187000000,2.65221,6.21960,-0.18555,0.99950,-0.02495,-0.00371,-0.01917,0.01796,1.58574,-0.05433
21220000000,2.61143,6.23825,-0.18670,0.99950,-0.02489,-0.00343,-0.01924,-0.00288,1.56962,-0.05311
21253000000,2.61071,6.26610,-0.18630,0.99950,-0.02457,-0.00375,-0.01932,-0.01055,1.56072,-0.05273
21286000000,2.56512,6.28473,-0.18785,0.99946,-0.02618,-0.00394,-0.01943,-0.04712,1.54754,-0.05017
21319000000,2.55353,6.30890,-0.18818,0.99946,-0.02601,-0.00439,-0.01949,-0.05986,1.53642,-0.04990
21352000000,2.54312,6.34726,-0.18815,0.99947,-0.02572,-0.00462,-0.01954,-0.07107,1.53522,-0.04743
21385000000,2.92428,6.46406,-0.19485,0.99959,-0.01915,-0.00819,-0.01947,0.17066,1.57843,-0.05640
21418000000,2.76504,6.51516,-0.17559,0.99956,-0.02157,-0.00562,-0.01979,0.04499,1.58557,-0.03907
21451000000,2.65183,6.54095,-0.17886,0.99953,-0.02290,-0.00443,-0.01991,-0.03009,1.57437,-0.03923
21484000000,3.02524,7.40016,-0.18808,0.99954,-0.02271,-0.00225,-0.01986,0.14418,2.05848,-0.04314
21517000000,3.03312,6.98636,-0.16202,0.99961,-0.01788,-0.00733,-0.02005,0.14350,1.77391,-0.03159
21550000000,3.00906,6.96488,-0.16228,0.99960,-0.01781,-0.00847,-0.02016,0.11893,1.72969,-0.03140
21583000000,2.97999,6.95958,-0.16630,0.99960,-0.01823,-0.00819,-0.02025,0.09682,1.70529,-0.03322
21616000000,3.43672,7.54707,-0.13814,0.99970,-0.00883,-0.01048,-0.02015,0.40788,1.97259,-0.01809
21649000000,3.04822,6.98532,-0.14788,0.99964,-0.01516,-0.00881,-0.02048,0.15739,1.63399,-0.02175
21682000000,3.01550,7.00961,-0.16813,0.99959,-0.01834,-0.00800,-0.02064,0.11556,1.62983,-0.03193
21715000000,2.93306,6.92690,-0.17005,0.99955,-0.02010,-0.00785,-0.02073,0.05101,1.56268,-0.03217
21748000000,2.87988,6.96972,-0.17908,0.99952,-0.02182,-0.00717,-0.02085,0.00762,1.56664,-0.03336
21781000000,2.87145,7.02407,-0.18373,0.99951,-0.02236,-0.00676,-0.02093,-0.00686,1.57417,-0.03413
21814000000,2.86736,7.08459,-0.18537,0.99951,-0.02251,-0.00642,-0.02099,-0.01831,1.58409,-0.03320
21847000000,2.83231,7.12160,-0.19204,0.99951,-0.02203,-0.00739,-0.02117,-0.04614,1.57651,-0.03660
21880000000,2.81988,7.16508,-0.19330,0.99950,-0.02223,-0.00757,-0.02124,-0.06179,1.57558,-0.03640
21913000000,2.99260,7.88464,-0.12529,0.99972,-0.00799,-0.00712,-0.02132,0.04631,1.93206,0.00263
21946000000,2.98328,7.45029,-0.14964,0.99963,-0.01351,-0.01016,-0.02153,0.04683,1.66878,-0.01373
21979000000,2.95993,7.47752,-0.16065,0.99959,-0.01511,-0.01073,-0.02168,0.01830,1.65662,-0.01948
22012000000,2.96082,7.52900,-0.16343,0.99959,-0.01525,-0.01073,-0.02175,0.00877,1.65962,-0.02069
22045000000,2.95505,7.59212,-0.17047,0.99959,-0.01517,-0.01057,-0.02188,-0.00284,1.66929,-0.02469
22078000000,2.92771,7.60735,-0.17767,0.99958,-0.01599,-0.01019,-0.02198,-0.03011,1.65820,-0.02711
22111000000,2.94078,7.67339,-0.17682,0.99958,-0.01565,-0.01035,-0.02208,-0.02836,1.66652,-0.02610
22144000000,2.95602,7.74432,-0.17516,0.99958,-0.01520,-0.01058,-0.02217,-0.02730,1.67741,-0.02527
22177000000,2.95414,7.81179,-0.17490,0.99959,-0.01492,-0.01056,-0.02226,-0.03375,1.68771,-0.02492
22210000000,2.93007,7.85499,-0.16856,0.99957,-0.01514,-0.01109,-0.02240,-0.05383,1.68172,-0.02160
22243000000,2.82470,7.80530,-0.18248,0.99955,-0.01705,-0.01012,-0.02243,-0.12220,1.64696,-0.02735
22276000000,2.98606,8.27885,-0.12399,0.99968,-0.00688,-0.00961,-0.02222,-0.00594,1.86583,0.00774
22309000000,3.02294,8.22383,-0.09307,0.99972,-0.00460,-0.00678,-0.02234,0.05877,1.81033,0.02662
22342000000,3.02816,8.26024,-0.08942,0.99972,-0.00412,-0.00696,-0.02242,0.05676,1.80086,0.02921
22375000000,3.02773,8.29375,-0.08860,0.99971,-0.00405,-0.00722,-0.02251,0.04805,1.79099,0.03053
22408000000,3.00677,8.30126,-0.11197,0.99968,-0.00641,-0.00899,-0.02261,0.01586,1.76030,0.01678
22441000000,2.83094,8.09456,-0.17058,0.99960,-0.01329,-0.01066,-0.02277,-0.13052,1.62921,-0.01659
22474000000,2.89929,8.56130,-0.16250,0.99967,-0.00859,-0.00854,-0.02277,-0.08567,1.87962,-0.00998
22507000000,2.85519,8.25824,-0.18257,0.99961,-0.01231,-0.00998,-0.02295,-0.12707,1.66872,-0.02223
22540000000,2.71578,8.10379,-0.21501,0.99953,-0.01709,-0.01103,-0.02312,-0.23585,1.55380,-0.04000
22573000000,2.67217,8.12693,-0.22216,0.99951,-0.01816,-0.01071,-0.02313,-0.26809,1.54729,-0.04342
22606000000,2.58371,8.08297,-0.21769,0.99946,-0.01963,-0.01256,-0.02326,-0.32607,1.49338,-0.03922
22639000000,2.56516,8.14005,-0.21249,0.99943,-0.01942,-0.01459,-0.02337,-0.33938,1.49099,-0.03594
22672000000,2.46186,8.13515,-0.22730,0.99943,-0.02092,-0.01232,-0.02347,-0.40156,1.47600,-0.04176
22705000000,2.71266,8.57256,-0.20930,0.99959,-0.01270,-0.01072,-0.02333,-0.26192,1.68195,-0.03236
22738000000,2.52856,8.38576,-0.23310,0.99953,-0.01735,-0.00911,-0.02355,-0.36556,1.56616,-0.04384
22771000000,2.41800,8.25776,-0.24958,0.99947,-0.02025,-0.00942,-0.02366,-0.43273,1.47319,-0.05246
22804000000,2.32180,8.17905,-0.24934,0.99941,-0.02223,-0.01117,-0.02373,-0.48912,1.40569,-0.05065
22837000000,2.27674,8.22427,-0.25409,0.99939,-0.02288,-0.01095,-0.02382,-0.51138,1.40953,-0.05178
22870000000,2.61501,9.13296,-0.24438,0.99954,-0.01880,-0.00326,-0.02367,-0.27245,1.96707,-0.04308
22903000000,2.46535,8.81966,-0.22411,0.99958,-0.01512,-0.00589,-0.02385,-0.38576,1.74253,-0.03031
22936000000,2.37582,8.65724,-0.24419,0.99953,-0.01757,-0.00745,-0.02404,-0.44828,1.60782,-0.04310
22969000000,2.31813,8.62303,-0.25178,0.99949,-0.01920,-0.00775,-0.02412,-0.48143,1.55746,-0.04403
23002000000,2.27122,8.67646,-0.25792,0.99949,-0.01969,-0.00688,-0.02418,-0.50401,1.56143,-0.04574
23035000000,2.20747,8.61268,-0.26505,0.99947,-0.02061,-0.00737,-0.02429,-0.54075,1.49642,-0.04840
23068000000,2.14888,8.63976,-0.26838,0.99946,-0.02091,-0.00732,-0.02444,-0.56916,1.48529,-0.04995
23101000000,2.43437,9.15917,-0.25934,0.99952,-0.01871,-0.00417,-0.02436,-0.37390,1.78614,-0.04165
23134000000,2.15979,8.67803,-0.26846,0.99946,-0.01997,-0.00814,-0.02460,-0.56567,1.45613,-0.04792
23167000000,2.09505,8.69000,-0.27714,0.99945,-0.02065,-0.00771,-0.02466,-0.59544,1.43336,-0.05169
23200000000,2.41540,9.51023,-0.27755,0.99955,-0.01693,-0.00198,-0.02472,-0.37778,1.91837,-0.04934
23233000000,2.20185,8.91179,-0.27427,0.99950,-0.01798,-0.00811,-0.02491,-0.53044,1.52077,-0.04960
23266000000,2.06635,8.74506,-0.28345,0.99947,-0.01926,-0.00857,-0.02498,-0.61062,1.38739,-0.05415
23299000000,2.01015,8.65064,-0.29219,0.99943,-0.02049,-0.00920,-0.02504,-0.63950,1.30180,-0.05672
23332000000,1.98299,8.68644,-0.29854,0.99941,-0.02127,-0.00944,-0.02512,-0.65077,1.29770,-0.05927
23365000000,1.96408,8.73590,-0.30247,0.99940,-0.02165,-0.00969,-0.02521,-0.65736,1.30224,-0.05958
23398000000,1.94572,8.78929,-0.30562,0.99939,-0.02179,-0.00980,-0.02531,-0.66423,1.30922,-0.05904
23431000000,1.93152,8.84585,-0.30843,0.99939,-0.02171,-0.00977,-0.02544,-0.66916,1.31890,-0.05981
23464000000,2.35583,9.87367,-0.29373,0.99953,-0.01738,-0.00210,-0.02528,-0.37551,1.87538,-0.04733
23497000000,2.03467,9.21523,-0.28633,0.99951,-0.01659,-0.00795,-0.02551,-0.60255,1.49179,-0.04439
23530000000,2.00035,9.08376,-0.30174,0.99946,-0.01765,-0.01023,-0.02564,-0.62604,1.38490,-0.05387
23563000000,1.93840,8.90539,-0.31718,0.99940,-0.01942,-0.01218,-0.02582,-0.66861,1.25571,-0.06065
23596000000,2.42555,10.21191,-0.30451,0.99960,-0.01028,-0.00474,-0.02593,-0.33433,2.06047,-0.04917
23629000000,2.04705,9.40326,-0.27245,0.99957,-0.00985,-0.00910,-0.02598,-0.55139,1.50595,-0.02907
23662000000,2.22249,10.09628,-0.20896,0.99966,0.00266,0.00087,-0.02607,-0.31909,1.99731,0.02399
23695000000,2.11585,9.39868,-0.26076,0.99959,-0.00975,-0.00671,-0.02619,-0.44544,1.46846,-0.01902
23728000000,2.00953,9.23036,-0.30451,0.99945,-0.01624,-0.01161,-0.02637,-0.56016,1.29664,-0.05020
23761000000,2.07042,9.49219,-0.29082,0.99955,-0.00745,-0.01255,-0.02639,-0.51997,1.41571,-0.03794
23794000000,2.08287,9.29985,-0.30092,0.99946,-0.00944,-0.01674,-0.02648,-0.49123,1.21751,-0.04492
23827000000,2.07384,9.13625,-0.31826,0.99931,-0.01205,-0.02286,-0.02657,-0.51079,1.04815,-0.05519
23860000000,2.22468,10.05146,-0.29866,0.99960,-0.00680,-0.00692,-0.02675,-0.36177,1.87529,-0.03523
23893000000,2.09547,9.38596,-0.29084,0.99956,-0.00778,-0.01042,-0.02666,-0.45601,1.24383,-0.02938
23926000000,2.19075,9.96550,-0.26330,0.99964,0.00068,-0.00316,-0.02682,-0.31429,1.75525,-0.00030
23959000000,2.18954,9.37094,-0.27800,0.99957,-0.00459,-0.01109,-0.02681,-0.32411,1.15910,-0.01550
23992000000,2.19643,9.33053,-0.29413,0.99944,-0.00593,-0.01882,-0.02694,-0.32676,1.06030,-0.03022
24025000000,2.22567,9.30646,-0.30675,0.99926,-0.00558,-0.02677,-0.02704,-0.30142,0.97463,-0.03845
24058000000,2.21509,9.32140,-0.31049,0.99921,-0.00553,-0.02850,-0.02714,-0.30991,0.95016,-0.03886
24091000000,2.15776,9.33088,-0.32703,0.99919,-0.00896,-0.02822,-0.02731,-0.36995,0.93434,-0.05055
24124000000,2.23750,9.65702,-0.29316,0.99935,0.00300,-0.02337,-0.02720,-0.26957,1.17707,-0.01578
24157000000,2.24257,9.29176,-0.30317,0.99941,0.00160,-0.02090,-0.02728,-0.23065,0.78787,-0.02462
24190000000,2.38630,10.10930,-0.21787,0.99945,0.01849,0.00139,-0.02763,0.05068,1.60764,0.06816
24223000000,2.35253,9.41871,-0.28051,0.99953,-0.00141,-0.01348,-0.02755,-0.07354,0.94975,0.00212
24256000000,2.37483,9.49320,-0.28379,0.99943,0.00549,-0.01882,-0.02758,-0.06746,0.92592,-0.00169
24289000000,2.36770,9.27013,-0.29917,0.99934,0.00207,-0.02347,-0.02762,-0.08279,0.61508,-0.01784
24322000000,2.36508,9.24770,-0.30797,0.99920,0.00046,-0.02895,-0.02771,-0.09472,0.54366,-0.02610
24355000000,2.36841,9.24039,-0.30428,0.99902,0.00360,-0.03445,-0.02767,-0.08416,0.49022,-0.01968
24388000000,2.30099,9.24837,-0.30816,0.99895,0.00280,-0.03621,-0.02778,-0.16155,0.47440,-0.02105
24421000000,2.26602,9.24783,-0.31443,0.99892,0.00109,-0.03717,-0.02789,-0.20413,0.45008,-0.02566
24454000000,2.36036,9.58643,-0.26177,0.99911,0.02293,-0.02202,-0.02764,-0.01032,0.75992,0.03505
24487000000,2.28797,9.28347,-0.29947,0.99927,0.00434,-0.02546,-0.02798,-0.11827,0.46676,-0.00599
24520000000,2.45983,10.00481,-0.23719,0.99926,0.02405,-0.01050,-0.02820,0.16294,1.21483,0.06578
24553000000,2.36576,9.51822,-0.27019,0.99946,0.00816,-0.01479,-0.02827,0.01468,0.72004,0.02734
24586000000,2.32421,9.45704,-0.28521,0.99932,0.00738,-0.02227,-0.02828,-0.08253,0.58128,0.00862
24619000000,2.27452,9.33362,-0.29850,0.99923,0.00584,-0.02665,-0.02833,-0.15451,0.39207,-0.00642
24652000000,2.26969,9.32966,-0.30335,0.99912,0.00494,-0.03054,-0.02841,-0.16270,0.35279,-0.01042
24685000000,2.29850,9.34076,-0.29806,0.99899,0.00823,-0.03396,-0.02838,-0.11772,0.32429,-0.00233
24718000000,2.30665,9.35000,-0.29774,0.99894,0.00885,-0.03498,-0.02844,-0.10491,0.30456,-0.00201
24751000000,2.31723,9.36394,-0.29703,0.99894,0.00929,-0.03490,-0.02850,-0.09035,0.29231,-0.00081
24784000000,2.32847,9.38001,-0.29527,0.99894,0.00994,-0.03458,-0.02854,-0.07477,0.28363,0.00164
24817000000,2.32672,9.39722,-0.29653,0.99896,0.00946,-0.03404,-0.02868,-0.07641,0.27924,0.00052
24850000000,2.45363,9.79159,-0.26209,0.99906,0.01856,-0.02664,-0.02888,0.09413,0.62271,0.03456
24883000000,2.39770,9.45356,-0.29274,0.99920,0.00944,-0.02572,-0.02907,0.03872,0.30765,0.00345
24916000000,2.40625,9.46012,-0.29338,0.99918,0.00936,-0.02663,-0.02916,0.04631,0.28876,0.00403
24949000000,2.71442,10.34608,-0.20692,0.99905,0.03162,-0.00604,-0.02947,0.54421,1.09195,0.08930
24982000000,2.47819,9.70652,-0.27806,0.99937,0.00379,-0.01913,-0.02967,0.15532,0.58284,0.02210
25015000000,2.45448,9.58345,-0.29178,0.99928,0.00056,-0.02342,-0.02978,0.09806,0.43650,0.00990
25048000000,2.44716,9.59526,-0.29529,0.99926,-0.00026,-0.02431,-0.02996,0.08393,0.42561,0.00689
25081000000,2.45457,9.60866,-0.29587,0.99925,-0.00047,-0.02451,-0.03005,0.08605,0.41895,0.00722
25114000000,2.48635,9.62072,-0.28921,0.99920,0.00162,-0.02646,-0.03007,0.12583,0.40203,0.01354
25147000000,2.48918,9.62569,-0.28969,0.99918,0.00165,-0.02707,-0.03018,0.12548,0.38584,0.01418
25180000000,2.47208,9.64381,-0.28913,0.99919,0.00160,-0.02643,-0.03033,0.10874,0.38624,0.01441
25213000000,2.44538,9.65881,-0.28885,0.99920,0.00160,-0.02579,-0.03047,0.08432,0.38504,0.01489
25246000000,2.44186,9.67431,-0.29121,0.99922,0.00076,-0.02507,-0.03061,0.07579,0.38640,0.01267
25279000000,2.41101,9.66863,-0.29748,0.99922,-0.00067,-0.02486,-0.03070,0.04052,0.36986,0.00803
25312000000,2.41633,9.68018,-0.29740,0.99922,-0.00072,-0.02467,-0.03075,0.04566,0.36457,0.00852
25345000000,2.43008,9.69816,-0.29516,0.99922,-0.00034,-0.02465,-0.03090,0.06128,0.36280,0.01205
25378000000,2.44428,9.72001,-0.29249,0.99922,0.00015,-0.02460,-0.03101,0.07739,0.36257,0.01549
25411000000,2.42279,9.71160,-0.29847,0.99921,-0.00108,-0.02450,-0.03115,0.05315,0.34320,0.01176
25444000000,2.37214,9.86376,-0.27928,0.99932,0.01131,-0.01579,-0.03121,-0.01947,0.35359,0.02189
25477000000,2.42267,9.79574,-0.29751,0.99932,0.00316,-0.01933,-0.03124,0.00863,0.33711,0.00910
25510000000,2.60335,9.72346,-0.29028,0.99919,0.00710,-0.02475,-0.03096,0.12695,0.20105,0.01519
25543000000,2.62497,9.79973,-0.28421,0.99926,0.00915,-0.02075,-0.03110,0.18170,0.23386,0.01940
25576000000,2.66935,9.99456,-0.26459,0.99931,0.01267,-0.01531,-0.03131,0.25853,0.36741,0.03334
25609000000,2.65385,10.09210,-0.26071,0.99935,0.01286,-0.01190,-0.03151,0.26038,0.43254,0.03604
25642000000,2.64377,10.13765,-0.26188,0.99937,0.01193,-0.01074,-0.03167,0.24823,0.45375,0.03387
25675000000,2.66771,10.14483,-0.26212,0.99936,0.01183,-0.01153,-0.03169,0.26042,0.43547,0.03299
25708000000,2.68163,10.15047,-0.26181,0.99935,0.01187,-0.01205,-0.03173,0.26672,0.41702,0.03244
25741000000,2.68054,10.16305,-0.26320,0.99935,0.01148,-0.01215,-0.03181,0.26085,0.40760,0.03201
25774000000,2.68853,10.17679,-0.26533,0.99936,0.01088,-0.01239,-0.03188,0.25854,0.39921,0.03203
25807000000,2.68032,10.20351,-0.26597,0.99936,0.01038,-0.01180,-0.03200,0.24729,0.40309,0.03259
25840000000,2.66965,10.22721,-0.26866,0.99938,0.00944,-0.01126,-0.03215,0.22876,0.40861,0.03090
25873000000,2.64082,10.25383,-0.27369,0.99939,0.00800,-0.01055,-0.03225,0.19259,0.42184,0.02666
25906000000,2.70428,10.25304,-0.26750,0.99936,0.00959,-0.01193,-0.03224,0.24653,0.38191,0.03042
25939000000,2.72441,10.26585,-0.26630,0.99936,0.00972,-0.01222,-0.03232,0.25797,0.36891,0.03177
25972000000,2.72527,10.28000,-0.26481,0.99936,0.00980,-0.01199,-0.03238,0.25858,0.36073,0.03277
26005000000,2.73679,10.29289,-0.26510,0.99935,0.00960,-0.01214,-0.03243,0.26168,0.35067,0.03327
26038000000,2.68925,10.32574,-0.26470,0.99937,0.00920,-0.01062,-0.03264,0.23131,0.36860,0.03343
26071000000,2.64942,10.35360,-0.26289,0.99938,0.00899,-0.00915,-0.03284,0.20905,0.38037,0.03535
26104000000,2.65779,10.37693,-0.26110,0.99938,0.00903,-0.00891,-0.03292,0.21390,0.37845,0.03740
26137000000,2.64819,10.37981,-0.26267,0.99938,0.00855,-0.00885,-0.03302,0.20136,0.36671,0.03619
26170000000,2.64010,10.39616,-0.26476,0.99938,0.00796,-0.00875,-0.03312,0.18940,0.36335,0.03515
26203000000,2.57154,10.38534,-0.27798,0.99939,0.00563,-0.00868,-0.03327,0.12176,0.35768,0.02842
26236000000,2.39837,10.55037,-0.29239,0.99935,-0.00071,-0.01358,-0.03345,-0.07528,0.52558,0.02154
26269000000,2.42592,10.55342,-0.29335,0.99935,0.00163,-0.01332,-0.03336,-0.08586,0.46480,0.01979
26302000000,2.44549,10.48151,-0.31413,0.99933,-0.00115,-0.01450,-0.03358,-0.09301,0.41851,0.00749
26335000000,2.40467,10.61268,-0.30683,0.99935,0.00044,-0.01296,-0.03367,-0.11386,0.46683,0.01244
26368000000,2.47804,10.67820,-0.29314,0.99935,0.00243,-0.01285,-0.03364,-0.05198,0.47727,0.02048
26401000000,2.51590,10.71993,-0.28654,0.99934,0.00311,-0.01293,-0.03367,-0.02453,0.47863,0.02500
26434000000,2.53697,10.73749,-0.28393,0.99934,0.00342,-0.01311,-0.03376,-0.01077,0.46768,0.02733
26467000000,2.51234,10.77194,-0.28601,0.99934,0.00272,-0.01257,-0.03384,-0.03226,0.47913,0.02696
26500000000,2.50602,10.79137,-0.28568,0.99934,0.00254,-0.01243,-0.03398,-0.03947,0.47525,0.02702
26533000000,2.49387,10.81968,-0.28588,0.99934,0.00216,-0.01216,-0.03406,-0.05129,0.48100,0.02778
26566000000,2.52088,10.83508,-0.28282,0.99934,0.00250,-0.01243,-0.03416,-0.03654,0.46799,0.02877
26599000000,2.51610,10.85802,-0.28273,0.99933,0.00220,-0.01227,-0.03429,-0.04377,0.46928,0.03009
26632000000,2.49517,10.87782,-0.28243,0.99933,0.00197,-0.01196,-0.03445,-0.05771,0.47001,0.03226
26665000000,2.41249,10.90407,-0.29060,0.99934,0.00039,-0.01118,-0.03454,-0.11683,0.49073,0.02971
26698000000,2.32462,10.86331,-0.30077,0.99934,-0.00127,-0.01100,-0.03462,-0.18009,0.47172,0.02520
26731000000,2.41206,10.96172,-0.30774,0.99932,-0.00225,-0.01256,-0.03460,-0.15135,0.51405,0.02074
26764000000,2.38300,10.96404,-0.30395,0.99932,-0.00136,-0.01207,-0.03468,-0.16358,0.48786,0.02343
26797000000,2.44595,10.98079,-0.31511,0.99931,-0.00220,-0.01260,-0.03484,-0.13568,0.48343,0.01860
26830000000,2.41639,11.10746,-0.30609,0.99933,-0.00121,-0.01132,-0.03487,-0.14032,0.52821,0.02463
26863000000,2.43945,11.07759,-0.30747,0.99932,-0.00167,-0.01205,-0.03480,-0.14130,0.50094,0.02409
26896000000,2.44306,11.11295,-0.30535,0.99932,-0.00162,-0.01188,-0.03483,-0.13830,0.50358,0.02537
26929000000,2.43790,11.14691,-0.30380,0.99932,-0.00161,-0.01170,-0.03497,-0.14022,0.50740,0.02760
26962000000,2.43358,11.17996,-0.30287,0.99932,-0.00171,-0.01163,-0.03500,-0.14430,0.51304,0.02970
26995000000,2.42767,11.20137,-0.30104,0.99932,-0.00174,-0.01152,-0.03506,-0.14656,0.51089,0.02988
27028000000,2.42616,11.22928,-0.29907,0.99932,-0.00175,-0.01146,-0.03513,-0.14867,0.51171,0.03093
27061000000,2.41971,11.25930,-0.29853,0.99931,-0.00181,-0.01133,-0.03521,-0.15458,0.51340,0.03219
27094000000,2.39246,11.27178,-0.29755,0.99931,-0.00187,-0.01107,-0.03530,-0.16676,0.50795,0.03281
27127000000,2.36760,11.30697,-0.29716,0.99931,-0.00207,-0.01078,-0.03546,-0.18110,0.51531,0.03382
27160000000,2.42269,11.49153,-0.30997,0.99930,-0.00304,-0.01096,-0.03554,-0.16503,0.60910,0.02855
27193000000,2.35629,11.42197,-0.31147,0.99930,-0.00331,-0.01132,-0.03560,-0.20991,0.55843,0.02769
27226000000,2.08627,11.88371,-0.32022,0.99933,-0.00357,-0.00593,-0.03599,-0.31651,0.79419,0.02410
27259000000,2.35971,11.58913,-0.32369,0.99927,-0.00502,-0.01242,-0.03572,-0.24219,0.64656,0.02164
27292000000,2.36308,11.75584,-0.32282,0.99932,-0.00271,-0.00879,-0.03573,-0.21363,0.70228,0.02302
27325000000,2.42550,11.73454,-0.32247,0.99930,-0.00371,-0.01048,-0.03585,-0.18143,0.69491,0.02386
27358000000,2.40148,11.75849,-0.32320,0.99929,-0.00391,-0.01024,-0.03595,-0.19662,0.69334,0.02453
27391000000,2.40470,11.78685,-0.32200,0.99929,-0.00386,-0.01028,-0.03606,-0.19418,0.69328,0.02567
27424000000,2.40468,11.81478,-0.32109,0.99929,-0.00389,-0.01024,-0.03612,-0.19411,0.69308,0.02659
27457000000,2.38069,11.83948,-0.32118,0.99928,-0.00406,-0.01006,-0.03625,-0.20882,0.69287,0.02689
27490000000,2.37998,11.86684,-0.32035,0.99928,-0.00410,-0.01005,-0.03633,-0.21071,0.69174,0.02861
27523000000,2.36665,11.89238,-0.31925,0.99928,-0.00409,-0.00991,-0.03636,-0.21861,0.68947,0.03077
27556000000,2.33476,11.93006,-0.31369,0.99928,-0.00412,-0.00953,-0.03647,-0.23400,0.69506,0.03474
27589000000,2.31133,11.95841,-0.31248,0.99928,-0.00418,-0.00933,-0.03655,-0.24645,0.69547,0.03728
27622000000,2.31794,12.20329,-0.31509,0.99930,-0.00369,-0.00780,-0.03648,-0.24186,0.81111,0.03642
27655000000,2.31916,12.18138,-0.31311,0.99928,-0.00390,-0.00853,-0.03663,-0.24722,0.79148,0.03724
27688000000,2.12403,12.50892,-0.29626,0.99931,-0.00160,-0.00076,-0.03703,-0.34849,1.03737,0.05267
27721000000,2.36871,12.30218,-0.30841,0.99926,-0.00337,-0.01019,-0.03693,-0.20823,0.86472,0.04089
27754000000,2.44625,12.37534,-0.30690,0.99928,0.00042,-0.00905,-0.03694,-0.13012,0.84732,0.04120
27787000000,2.47627,12.37484,-0.30722,0.99927,-0.00049,-0.00946,-0.03708,-0.09970,0.83322,0.04153
27820000000,2.47236,12.39516,-0.30761,0.99926,-0.00079,-0.00971,-0.03713,-0.10412,0.82448,0.04192
27853000000,2.45269,12.41982,-0.30783,0.99926,-0.00117,-0.00947,-0.03725,-0.11921,0.82135,0.04043
27886000000,2.44601,12.44626,-0.30688,0.99926,-0.00126,-0.00936,-0.03732,-0.12259,0.81759,0.04152
27919000000,2.42396,12.47728,-0.30617,0.99926,-0.00156,-0.00895,-0.03742,-0.13811,0.81905,0.04236
27952000000,2.36099,12.49037,-0.31454,0.99925,-0.00390,-0.00852,-0.03751,-0.20202,0.82086,0.03674
27985000000,2.32977,12.52318,-0.31515,0.99925,-0.00451,-0.00804,-0.03757,-0.22806,0.82699,0.03670
28018000000,2.33114,12.57144,-0.30914,0.99925,-0.00363,-0.00772,-0.03771,-0.21550,0.83427,0.04078
28051000000,2.36400,12.60996,-0.30223,0.99925,-0.00228,-0.00794,-0.03781,-0.18073,0.83210,0.04510
28084000000,2.37367,12.63481,-0.29981,0.99924,-0.00196,-0.00822,-0.03795,-0.17150,0.82488,0.04775
28117000000,2.37189,12.66206,-0.29897,0.99924,-0.00202,-0.00829,-0.03802,-0.17311,0.82277,0.04734
28150000000,2.36680,12.69161,-0.29794,0.99924,-0.00209,-0.00824,-0.03809,-0.17589,0.82269,0.04761
28183000000,2.36574,12.72061,-0.29651,0.99923,-0.00209,-0.00824,-0.03818,-0.17576,0.82234,0.04827
28216000000,2.36417,12.74923,-0.29526,0.99923,-0.00211,-0.00830,-0.03824,-0.17638,0.82077,0.04887
28249000000,2.34603,12.77989,-0.29527,0.99923,-0.00248,-0.00803,-0.03832,-0.19044,0.82488,0.04910
28282000000,2.35103,12.81399,-0.29257,0.99923,-0.00225,-0.00809,-0.03837,-0.18426,0.82567,0.05079
28315000000,2.33863,12.85014,-0.29146,0.99923,-0.00229,-0.00797,-0.03845,-0.19154,0.82962,0.05043
28348000000,2.31917,12.88110,-0.29181,0.99922,-0.00269,-0.00784,-0.03850,-0.20445,0.83162,0.05053
28381000000,2.23644,12.93226,-0.28575,0.99923,-0.00314,-0.00647,-0.03865,-0.24474,0.85008,0.05597
28414000000,2.16028,12.93357,-0.29425,0.99922,-0.00514,-0.00608,-0.03866,-0.30491,0.84629,0.05202
28447000000,2.15317,13.07461,-0.29051,0.99922,-0.00308,-0.00725,-0.03867,-0.32184,0.91494,0.05401
28480000000,2.13429,13.07470,-0.28773,0.99922,-0.00314,-0.00646,-0.03882,-0.32071,0.89273,0.05560
28513000000,1.83753,13.47298,-0.27387,0.99923,-0.00374,0.00099,-0.03911,-0.47883,1.16672,0.06611
28546000000,2.10045,13.24195,-0.28854,0.99920,-0.00533,-0.00682,-0.03901,-0.36012,1.00074,0.05472
28579000000,2.15962,13.29385,-0.28570,0.99922,-0.00167,-0.00656,-0.03897,-0.29540,0.97735,0.05703
28612000000,2.22761,13.28768,-0.28303,0.99921,-0.00091,-0.00780,-0.03908,-0.22611,0.94279,0.05860
28645000000,2.24219,13.30972,-0.28128,0.99920,-0.00050,-0.00847,-0.03913,-0.21343,0.93107,0.05882
28678000000,2.21197,13.32554,-0.28541,0.99920,-0.00218,-0.00821,-0.03919,-0.24334,0.92572,0.05562
28711000000,2.23511,13.36694,-0.27826,0.99919,-0.00049,-0.00865,-0.03928,-0.21525,0.92443,0.06077
28744000000,2.22802,13.39271,-0.27809,0.99919,-0.00083,-0.00873,-0.03934,-0.22116,0.92142,0.05971
28777000000,2.19539,13.41329,-0.28124,0.99919,-0.00216,-0.00849,-0.03937,-0.24931,0.91845,0.05774
28810000000,2.15629,13.45260,-0.27982,0.99919,-0.00257,-0.00782,-0.03946,-0.27353,0.92596,0.05933
28843000000,2.15567,13.49040,-0.27635,0.99918,-0.00222,-0.00785,-0.03955,-0.26833,0.92719,0.06077
28876000000,2.16350,13.53815,-0.26926,0.99918,-0.00094,-0.00790,-0.03963,-0.25133,0.93035,0.06546
28909000000,2.14818,13.56992,-0.26838,0.99918,-0.00129,-0.00771,-0.03973,-0.26051,0.93241,0.06705
28942000000,2.10228,13.60944,-0.26637,0.99918,-0.00201,-0.00689,-0.03979,-0.28829,0.94179,0.06833
28975000000,2.04196,13.60364,-0.27768,0.99917,-0.00505,-0.00656,-0.03983,-0.34200,0.93150,0.06041
29008000000,2.08872,13.67505,-0.26260,0.99917,-0.00212,-0.00697,-0.04000,-0.29082,0.94021,0.06928
29041000000,2.11035,13.72644,-0.25397,0.99917,-0.00071,-0.00709,-0.04009,-0.26502,0.94462,0.07464
29074000000,2.09950,13.75858,-0.25241,0.99917,-0.00089,-0.00707,-0.04015,-0.27044,0.94455,0.07561
29107000000,2.07512,13.77779,-0.25479,0.99916,-0.00183,-0.00704,-0.04021,-0.29037,0.94059,0.07347
29140000000,1.96673,13.73318,-0.27933,0.99915,-0.00719,-0.00624,-0.04010,-0.38591,0.92411,0.06026
29173000000,1.73796,13.63788,-0.30720,0.99912,-0.01272,-0.00415,-0.03973,-0.51714,0.87207,0.04713
29206000000,1.79465,13.69017,-0.31555,0.99909,-0.01583,-0.00313,-0.03957,-0.50934,0.90616,0.04401
29239000000,1.57453,14.06135,-0.29952,0.99911,-0.01281,-0.00427,-0.03989,-0.66563,1.09252,0.05053
29272000000,1.64545,14.13655,-0.27039,0.99915,-0.00815,-0.00456,-0.04012,-0.60008,1.09539,0.06601
29305000000,1.76303,14.24346,-0.25425,0.99917,-0.00484,-0.00325,-0.04027,-0.47856,1.13650,0.07536
29338000000,1.83012,14.28039,-0.24812,0.99917,-0.00390,-0.00365,-0.04047,-0.41268,1.13680,0.07861
29371000000,1.82469,14.31734,-0.24546,0.99916,-0.00369,-0.00372,-0.04055,-0.41054,1.13546,0.07987
29404000000,1.81186,14.35680,-0.24271,0.99916,-0.00359,-0.00368,-0.04062,-0.41303,1.13674,0.08079
29437000000,1.79156,14.39763,-0.24065,0.99916,-0.00367,-0.00365,-0.04068,-0.42173,1.14002,0.08077
29470000000,1.77594,14.41244,-0.24239,0.99915,-0.00457,-0.00366,-0.04071,-0.43215,1.13045,0.07902
29503000000,1.73952,14.46241,-0.23918,0.99915,-0.00452,-0.00351,-0.04083,-0.44759,1.13740,0.08003
29536000000,1.77449,14.54760,-0.23730,0.99915,-0.00329,-0.00365,-0.04087,-0.41367,1.16375,0.08006
29569000000,1.81466,14.55254,-0.23372,0.99915,-0.00293,-0.00384,-0.04099,-0.38059,1.14181,0.08194
29602000000,1.81375,14.58064,-0.23243,0.99914,-0.00298,-0.00404,-0.04106,-0.37883,1.13439,0.08157
29635000000,1.81118,14.61118,-0.23087,0.99914,-0.00298,-0.00423,-0.04112,-0.37755,1.13034,0.08220
29668000000,1.80427,14.63411,-0.23075,0.99914,-0.00333,-0.00437,-0.04118,-0.38155,1.12352,0.08138
29701000000,1.41683,15.03202,-0.21646,0.99914,-0.00323,-0.00036,-0.04131,-0.56156,1.34302,0.09013
29734000000,1.81592,14.74692,-0.22551,0.99913,-0.00305,-0.00531,-0.04134,-0.36908,1.15306,0.08341
29767000000,1.77785,14.84283,-0.21840,0.99913,-0.00043,-0.00395,-0.04143,-0.37386,1.18431,0.08736
29800000000,1.93612,14.73951,-0.22291,0.99910,0.00027,-0.00873,-0.04153,-0.24837,1.06676,0.08278
29833000000,1.93318,14.73503,-0.22921,0.99909,-0.00164,-0.00956,-0.04157,-0.25763,1.03780,0.07588
29866000000,1.95774,14.76554,-0.22366,0.99908,-0.00012,-0.01055,-0.04164,-0.23095,1.02817,0.07793
29899000000,1.97500,14.79124,-0.22030,0.99907,0.00064,-0.01133,-0.04171,-0.21272,1.01747,0.07882
29932000000,1.95176,14.83602,-0.21781,0.99907,0.00052,-0.01104,-0.04179,-0.22481,1.02400,0.07927
29965000000,1.94866,14.86527,-0.21674,0.99906,0.00042,-0.01127,-0.04189,-0.22577,1.01960,0.07877
29998000000,1.93126,14.89812,-0.21624,0.99906,-0.00016,-0.01109,-0.04191,-0.23797,1.01936,0.07850
30031000000,1.91636,14.92452,-0.21721,0.99906,-0.00094,-0.01101,-0.04193,-0.24915,1.01575,0.07602
30064000000,1.90662,14.95064,-0.21762,0.99906,-0.00151,-0.01112,-0.04198,-0.25533,1.01200,0.07427
30097000000,1.91495,14.98368,-0.21397,0.99905,-0.00098,-0.01150,-0.04206,-0.24561,1.00797,0.07710
30130000000,1.90001,15.02230,-0.21158,0.99905,-0.00117,-0.01130,-0.04214,-0.25372,1.00945,0.07784
30163000000,1.82928,15.05701,-0.21376,0.99906,-0.00310,-0.00985,-0.04214,-0.30092,1.01742,0.07590
30196000000,1.80706,15.12844,-0.20335,0.99906,-0.00191,-0.00918,-0.04231,-0.30289,1.03686,0.08054
30229000000,1.79342,15.16123,-0.20260,0.99906,-0.00231,-0.00913,-0.04237,-0.31029,1.03543,0.07898
30262000000,1.77771,15.18415,-0.20404,0.99905,-0.00306,-0.00910,-0.04243,-0.32042,1.02969,0.07716
30295000000,1.77072,15.21556,-0.20247,0.99905,-0.00316,-0.00910,-0.04249,-0.32166,1.02583,0.07658
30328000000,1.77158,15.25534,-0.19804,0.99905,-0.00268,-0.00921,-0.04252,-0.31473,1.02657,0.07810
30361000000,1.73534,15.25960,-0.20622,0.99905,-0.00476,-0.00898,-0.04249,-0.34342,1.01794,0.07281
30394000000,1.75197,15.25172,-0.22776,0.99903,-0.00703,-0.01017,-0.04233,-0.34921,0.99428,0.05917
30427000000,1.25100,15.64674,-0.24707,0.99902,-0.01353,-0.00292,-0.04197,-0.65453,1.23318,0.04910
30460000000,1.46735,15.46654,-0.23416,0.99901,-0.01218,-0.00649,-0.04227,-0.53728,1.11138,0.05455
30493000000,1.67478,15.42678,-0.21987,0.99901,-0.00342,-0.01283,-0.04247,-0.34653,1.02448,0.06371
30526000000,1.73704,15.42821,-0.21403,0.99900,-0.00088,-0.01354,-0.04258,-0.27209,0.98162,0.06822
30559000000,1.73859,15.45417,-0.21196,0.99899,-0.00072,-0.01390,-0.04268,-0.26769,0.97285,0.06962
30592000000,1.72913,15.48541,-0.21114,0.99899,-0.00117,-0.01386,-0.04276,-0.27163,0.97165,0.06974
30625000000,1.69455,15.52371,-0.21194,0.99899,-0.00219,-0.01332,-0.04290,-0.29361,0.97764,0.06792
30658000000,1.71190,15.60241,-0.21022,0.99898,-0.00076,-0.01380,-0.04294,-0.26846,1.00281,0.06788
30691000000,1.75772,15.57348,-0.21207,0.99896,-0.00122,-0.01550,-0.04298,-0.23539,0.95758,0.06590
30724000000,1.76810,15.58918,-0.21127,0.99894,-0.00125,-0.01622,-0.04304,-0.22522,0.94281,0.06604
30757000000,1.76553,15.61579,-0.21045,0.99893,-0.00151,-0.01637,-0.04314,-0.22533,0.93903,0.06512
30790000000,1.20583,16.15203,-0.17827,0.99907,-0.00037,0.00108,-0.04315,-0.55808,1.30259,0.08719
30823000000,1.65882,15.81645,-0.19907,0.99897,-0.00286,-0.01347,-0.04327,-0.28795,1.06230,0.07033
30856000000,1.48698,16.00789,-0.19407,0.99904,-0.00135,-0.00697,-0.04319,-0.40112,1.15793,0.07235
30889000000,1.73112,15.80352,-0.20581,0.99892,-0.00248,-0.01620,-0.04339,-0.22780,0.98173,0.06162
30922000000,1.76638,15.78729,-0.20886,0.99888,-0.00292,-0.01867,-0.04347,-0.20071,0.94308,0.05811
30955000000,1.76987,15.80758,-0.20831,0.99886,-0.00298,-0.01922,-0.04352,-0.19650,0.93322,0.05905
30988000000,1.75474,15.84275,-0.20775,0.99886,-0.00330,-0.01904,-0.04364,-0.20545,0.93452,0.05810
31021000000,1.74593,15.87339,-0.20711,0.99885,-0.00353,-0.01896,-0.04378,-0.20972,0.93309,0.05847
31054000000,1.74197,15.90323,-0.20603,0.99885,-0.00368,-0.01896,-0.04383,-0.21045,0.93181,0.05874
31087000000,1.73877,15.93209,-0.20504,0.99885,-0.00387,-0.01900,-0.04390,-0.21004,0.93112,0.05871
31120000000,1.73064,15.96675,-0.20320,0.99885,-0.00395,-0.01880,-0.04402,-0.21361,0.93374,0.05980
31153000000,1.71136,16.00341,-0.20402,0.99885,-0.00472,-0.01825,-0.04410,-0.22578,0.94157,0.05928
31186000000,1.66335,16.03832,-0.20581,0.99886,-0.00585,-0.01743,-0.04413,-0.25519,0.94660,0.05680
31219000000,1.71663,16.03695,-0.21452,0.99883,-0.00643,-0.01851,-0.04418,-0.22066,0.92286,0.04928
31252000000,1.70473,16.06116,-0.21103,0.99883,-0.00586,-0.01870,-0.04430,-0.22681,0.91212,0.05005
31285000000,1.68423,16.16744,-0.22133,0.99884,-0.00847,-0.01666,-0.04428,-0.23844,0.97909,0.04135
31318000000,1.76688,16.10511,-0.21880,0.99879,-0.00792,-0.01966,-0.04438,-0.18311,0.91928,0.04252
31351000000,1.78095,16.12036,-0.21771,0.99878,-0.00790,-0.02021,-0.04442,-0.17231,0.90902,0.04406
31384000000,1.76807,16.15478,-0.21777,0.99878,-0.00825,-0.01995,-0.04451,-0.17978,0.91250,0.04477
31417000000,1.73438,16.19897,-0.21761,0.99878,-0.00865,-0.01932,-0.04458,-0.19940,0.92180,0.04372
31450000000,1.69623,16.24627,-0.21483,0.99880,-0.00870,-0.01856,-0.04457,-0.22167,0.92987,0.04529
31483000000,1.65957,16.28429,-0.21425,0.99880,-0.00919,-0.01799,-0.04456,-0.24133,0.93556,0.04499
31516000000,1.63151,16.31246,-0.21679,0.99879,-0.00996,-0.01783,-0.04464,-0.25717,0.93618,0.04373
31549000000,1.63979,16.35535,-0.22407,0.99880,-0.01129,-0.01656,-0.04463,-0.24331,0.95045,0.03668
31582000000,1.64145,16.37687,-0.21922,0.99880,-0.01014,-0.01713,-0.04473,-0.23960,0.93880,0.04129
31615000000,1.63843,16.45940,-0.22367,0.99882,-0.01103,-0.01483,-0.04483,-0.23528,0.98760,0.03590
31648000000,1.73769,16.41183,-0.22207,0.99877,-0.00958,-0.01857,-0.04495,-0.14372,0.91971,0.03720
31681000000,1.78593,16.41290,-0.22183,0.99872,-0.00921,-0.02085,-0.04510,-0.09347,0.89245,0.03671
31714000000,1.78096,16.44668,-0.22067,0.99872,-0.00928,-0.02070,-0.04522,-0.09734,0.89698,0.03864
31747000000,1.74708,16.50129,-0.22267,0.99874,-0.01032,-0.01916,-0.04526,-0.12770,0.92155,0.03644
31780000000,1.73764,16.53361,-0.22281,0.99874,-0.01069,-0.01879,-0.04533,-0.13318,0.92440,0.03595
31813000000,1.73280,16.56646,-0.22217,0.99874,-0.01083,-0.01853,-0.04540,-0.13560,0.92744,0.03560
31846000000,1.72399,16.60158,-0.22104,0.99874,-0.01087,-0.01821,-0.04545,-0.14085,0.93242,0.03601
31879000000,1.72030,16.63191,-0.22042,0.99874,-0.01099,-0.01808,-0.04547,-0.14094,0.93327,0.03557
31912000000,1.71720,16.65993,-0.21997,0.99874,-0.01115,-0.01809,-0.04553,-0.14076,0.93278,0.03411
31945000000,1.71166,16.68788,-0.21985,0.99873,-0.01134,-0.01804,-0.04561,-0.14378,0.93181,0.03345
31978000000,1.71182,16.71583,-0.21904,0.99873,-0.01136,-0.01811,-0.04561,-0.14165,0.93100,0.03307
32011000000,1.69842,16.75517,-0.21833,0.99874,-0.01157,-0.01756,-0.04566,-0.14892,0.93849,0.03259
32044000000,1.69585,16.78712,-0.21775,0.99873,-0.01170,-0.01739,-0.04575,-0.14882,0.94128,0.03214
32077000000,1.67898,16.81938,-0.21804,0.99873,-0.01207,-0.01720,-0.04583,-0.15851,0.94308,0.03144
32110000000,1.67009,16.85004,-0.21837,0.99872,-0.01237,-0.01710,-0.04591,-0.16302,0.94443,0.03132
32143000000,1.66850,16.88132,-0.21803,0.99872,-0.01253,-0.01700,-0.04597,-0.16054,0.94699,0.03071
32176000000,1.72946,16.90764,-0.22625,0.99871,-0.01340,-0.01688,-0.04605,-0.10401,0.95273,0.02371
32209000000,1.74668,16.91046,-0.22222,0.99869,-0.01277,-0.01791,-0.04612,-0.09194,0.93083,0.02712
32242000000,1.78263,16.98151,-0.22914,0.99869,-0.01385,-0.01697,-0.04617,-0.05659,0.97240,0.02137
32275000000,1.86570,16.90647,-0.22007,0.99865,-0.01231,-0.02019,-0.04630,0.00275,0.89493,0.02845
32308000000,1.85905,16.93907,-0.22075,0.99865,-0.01256,-0.02002,-0.04634,-0.00291,0.89909,0.02763
32341000000,1.86390,16.96224,-0.21975,0.99864,-0.01249,-0.02013,-0.04643,-0.00148,0.89598,0.02814
32374000000,1.84822,17.00713,-0.22092,0.99865,-0.01283,-0.01951,-0.04642,-0.01241,0.90840,0.02768
32407000000,1.83795,17.04304,-0.22134,0.99865,-0.01303,-0.01920,-0.04649,-0.01931,0.91436,0.02681
32440000000,1.83771,17.07507,-0.22111,0.99865,-0.01313,-0.01908,-0.04655,-0.01837,0.91792,0.02694
32473000000,1.83992,17.10447,-0.22085,0.99865,-0.01319,-0.01895,-0.04660,-0.01552,0.91954,0.02734
32506000000,1.84846,17.11784,-0.21975,0.99864,-0.01318,-0.01932,-0.04670,-0.01074,0.90916,0.02748
32539000000,1.83655,17.16209,-0.22026,0.99864,-0.01339,-0.01882,-0.04673,-0.01679,0.92094,0.02619
32572000000,1.85617,17.16908,-0.21795,0.99863,-0.01321,-0.01938,-0.04683,-0.00499,0.90675,0.02726
32605000000,1.85321,17.20396,-0.21783,0.99863,-0.01334,-0.01917,-0.04690,-0.00476,0.91246,0.02693
32638000000,1.85603,17.23220,-0.21648,0.99862,-0.01331,-0.01912,-0.04697,-0.00329,0.91301,0.02747
32671000000,1.93281,17.21723,-0.21716,0.99861,-0.01312,-0.01964,-0.04709,0.05513,0.88990,0.02607
32704000000,1.91275,17.25715,-0.21559,0.99861,-0.01309,-0.01975,-0.04715,0.03767,0.89832,0.02722
32737000000,1.97646,17.27243,-0.21929,0.99861,-0.01334,-0.01928,-0.04724,0.08549,0.89467,0.02421
32770000000,2.02167,17.24136,-0.21235,0.99858,-0.01252,-0.02085,-0.04736,0.11432,0.85394,0.02975
32803000000,2.03138,17.26428,-0.21121,0.99858,-0.01245,-0.02089,-0.04747,0.12079,0.85267,0.03049
32836000000,2.02523,17.30164,-0.21193,0.99858,-0.01269,-0.02058,-0.04750,0.11500,0.86076,0.02842
32869000000,2.03501,17.31838,-0.21073,0.99857,-0.01263,-0.02078,-0.04753,0.11942,0.85563,0.02942
32902000000,2.05860,17.32119,-0.20730,0.99856,-0.01220,-0.02131,-0.04761,0.13221,0.84024,0.03272
32935000000,2.04505,17.37756,-0.20929,0.99857,-0.01258,-0.02046,-0.04768,0.12400,0.86217,0.03164
32968000000,2.06379,17.38689,-0.20690,0.99856,-0.01239,-0.02081,-0.04778,0.13327,0.85085,0.03320
33001000000,2.16269,17.34584,-0.20439,0.99855,-0.01189,-0.02167,-0.04792,0.20015,0.80637,0.03471
33034000000,2.29334,17.25824,-0.19524,0.99848,-0.01102,-0.02435,-0.04814,0.28877,0.72569,0.04267
33067000000,2.38293,17.21732,-0.19023,0.99842,-0.01125,-0.02662,-0.04825,0.34720,0.68073,0.04667
33100000000,2.41320,17.21563,-0.18601,0.99840,-0.01091,-0.02738,-0.04834,0.36070,0.66429,0.05135
33133000000,2.41518,17.25175,-0.18659,0.99840,-0.01120,-0.02685,-0.04842,0.35581,0.67670,0.05009
33166000000,2.43919,17.25904,-0.18385,0.99839,-0.01107,-0.02707,-0.04853,0.36432,0.66711,0.05162
33199000000,2.46354,17.26515,-0.18074,0.99839,-0.01089,-0.02732,-0.04858,0.37356,0.65697,0.05257
33232000000,2.47557,17.28715,-0.17958,0.99839,-0.01095,-0.02714,-0.04868,0.37294,0.65875,0.05240
33265000000,2.55856,17.24666,-0.17799,0.99833,-0.01198,-0.02853,-0.04882,0.42118,0.62062,0.05308
33298000000,2.63750,17.20467,-0.17131,0.99832,-0.01104,-0.02885,-0.04893,0.47985,0.56300,0.05883
33331000000,2.65530,17.22086,-0.16893,0.99832,-0.01086,-0.02882,-0.04906,0.48123,0.56176,0.05867
33364000000,2.75819,17.14659,-0.15880,0.99828,-0.00982,-0.03036,-0.04922,0.55923,0.47402,0.06644
33397000000,2.78055,17.15809,-0.15544,0.99826,-0.00975,-0.03072,-0.04931,0.56280,0.47144,0.06764
33430000000,2.84134,17.13758,-0.15145,0.99828,-0.00914,-0.03024,-0.04941,0.61716,0.42381,0.06975
33463000000,2.86255,17.15029,-0.14869,0.99828,-0.00890,-0.03018,-0.04950,0.61937,0.42081,0.07183
33496000000,2.88489,17.16183,-0.14668,0.99828,-0.00896,-0.03005,-0.04962,0.62266,0.41763,0.07305
33529000000,2.97438,17.10941,-0.13708,0.99825,-0.00744,-0.03119,-0.04971,0.70741,0.33154,0.08303
33562000000,3.00205,17.11552,-0.13232,0.99822,-0.00718,-0.03198,-0.04978,0.71446,0.32535,0.08670
33595000000,3.01993,17.13249,-0.13181,0.99823,-0.00772,-0.03131,-0.04989,0.70827,0.33191,0.08399
33628000000,3.04147,17.14486,-0.13036,0.99824,-0.00800,-0.03098,-0.05002,0.70734,0.33265,0.08348
33661000000,3.06308,17.15799,-0.12857,0.99824,-0.00820,-0.03067,-0.05016,0.70820,0.33364,0.08445
33694000000,3.08470,17.17082,-0.12664,0.99825,-0.00829,-0.03030,-0.05019,0.70781,0.33475,0.08354
33727000000,3.11048,17.17849,-0.12397,0.99825,-0.00827,-0.03014,-0.05026,0.71203,0.32982,0.08484
33760000000,3.13583,17.18687,-0.12171,0.99825,-0.00838,-0.02997,-0.05037,0.71501,0.32585,0.08646
33793000000,3.15938,17.19716,-0.12007,0.99825,-0.00860,-0.02960,-0.05049,0.71645,0.32431,0.08658
33826000000,3.17945,17.21195,-0.11897,0.99825,-0.00883,-0.02916,-0.05060,0.71477,0.32815,0.08480
33859000000,3.20428,17.22130,-0.11706,0.99826,-0.00898,-0.02886,-0.05072,0.71739,0.32553,0.08491
33892000000,3.23274,17.22634,-0.11433,0.99825,-0.00899,-0.02876,-0.05087,0.72351,0.31834,0.08559
33925000000,3.31308,17.19063,-0.11383,0.99828,-0.00936,-0.02723,-0.05102,0.78685,0.26458,0.08292
33958000000,3.34311,17.19429,-0.10894,0.99827,-0.00885,-0.02782,-0.05110,0.79256,0.25590,0.08627
33991000000,3.37009,17.20149,-0.10720,0.99827,-0.00898,-0.02753,-0.05123,0.79658,0.25284,0.08565
34024000000,3.39568,17.21026,-0.10567,0.99827,-0.00918,-0.02717,-0.05128,0.79803,0.25186,0.08434
34057000000,3.42221,17.21807,-0.10354,0.99828,-0.00918,-0.02695,-0.05134,0.80216,0.24962,0.08483
34090000000,3.45017,17.22432,-0.10117,0.99828,-0.00918,-0.02675,-0.05145,0.80702,0.24545,0.08466
34123000000,3.47994,17.22873,-0.09841,0.99827,-0.00911,-0.02663,-0.05157,0.81274,0.24028,0.08561
34156000000,3.50899,17.23436,-0.09567,0.99827,-0.00910,-0.02654,-0.05168,0.81681,0.23737,0.08525
34189000000,3.53287,17.24578,-0.09461,0.99827,-0.00929,-0.02611,-0.05179,0.81683,0.23894,0.08460
34222000000,3.56027,17.25272,-0.09249,0.99828,-0.00931,-0.02585,-0.05183,0.82034,0.23571,0.08384
34255000000,3.59088,17.25570,-0.09005,0.99828,-0.00929,-0.02573,-0.05187,0.82629,0.22884,0.08403
34288000000,3.62406,17.25534,-0.08801,0.99828,-0.00942,-0.02556,-0.05200,0.83382,0.21928,0.08429
34321000000,3.76040,17.16209,-0.08343,0.99826,-0.01006,-0.02559,-0.05220,0.92297,0.13270,0.08568
34354000000,3.81117,17.14622,-0.07343,0.99823,-0.00934,-0.02681,-0.05235,0.94037,0.11117,0.09160
34387000000,3.85025,17.14088,-0.06978,0.99822,-0.00932,-0.02691,-0.05247,0.94933,0.09999,0.09236
34420000000,3.87836,17.14691,-0.06909,0.99822,-0.00957,-0.02654,-0.05255,0.94966,0.09971,0.09180
34453000000,3.91129,17.14761,-0.06695,0.99822,-0.00972,-0.02634,-0.05265,0.95363,0.09419,0.09170
34486000000,3.94310,17.14980,-0.06505,0.99822,-0.00982,-0.02615,-0.05276,0.95630,0.09138,0.09154
34519000000,3.97514,17.15182,-0.06316,0.99821,-0.00995,-0.02589,-0.05290,0.95914,0.08882,0.09108
34585000000,4.04120,17.15330,-0.05846,0.99821,-0.01005,-0.02554,-0.05307,0.96817,0.07880,0.09116
34618000000,4.07840,17.14880,-0.05667,0.99821,-0.01015,-0.02530,-0.05314,0.97586,0.06977,0.09095
34684000000,4.14483,17.15057,-0.05300,0.99820,-0.01035,-0.02494,-0.05349,0.98537,0.06120,0.09038
34717000000,4.32031,17.03177,-0.04066,0.99816,-0.01072,-0.02610,-0.05368,1.07903,-0.02528,0.09688
34750000000,4.36522,17.02197,-0.03375,0.99814,-0.01052,-0.02659,-0.05382,1.08831,-0.03578,0.10072
34783000000,4.40283,17.01901,-0.03125,0.99814,-0.01058,-0.02641,-0.05391,1.09291,-0.04111,0.10020
34816000000,4.44065,17.01610,-0.02861,0.99814,-0.01065,-0.02617,-0.05406,1.09758,-0.04688,0.10077
34849000000,4.47834,17.01291,-0.02630,0.99814,-0.01077,-0.02593,-0.05413,1.10379,-0.05038,0.10000
34915000000,4.55026,17.00846,-0.02194,0.99813,-0.01092,-0.02567,-0.05433,1.10998,-0.05688,0.09930
34981000000,4.62086,17.00406,-0.01862,0.99813,-0.01111,-0.02525,-0.05448,1.11655,-0.06297,0.09891
35014000000,4.65679,17.00072,-0.01758,0.99813,-0.01124,-0.02497,-0.05457,1.11956,-0.06568,0.09825
35080000000,4.82194,16.95763,-0.01197,0.99814,-0.01132,-0.02441,-0.05473,1.17986,-0.09581,0.09813
35113000000,4.86926,16.94744,-0.00533,0.99813,-0.01092,-0.02465,-0.05482,1.18945,-0.10435,0.10069
35179000000,4.94526,16.94075,-0.00056,0.99813,-0.01097,-0.02435,-0.05494,1.19644,-0.11350,0.09984
35245000000,5.02369,16.93315,0.00381,0.99812,-0.01107,-0.02403,-0.05524,1.20596,-0.12118,0.09819
35311000000,5.10522,16.92524,0.00797,0.99812,-0.01115,-0.02372,-0.05548,1.21548,-0.12767,0.09822
35344000000,5.22642,16.90003,0.01151,0.99811,-0.01123,-0.02367,-0.05558,1.26250,-0.13951,0.09871
35410000000,5.31272,16.88822,0.01939,0.99810,-0.01112,-0.02369,-0.05571,1.27367,-0.14946,0.10300
35443000000,5.35494,16.88374,0.02111,0.99811,-0.01110,-0.02341,-0.05578,1.27849,-0.15153,0.10236
35476000000,5.39639,16.88003,0.02361,0.99810,-0.01109,-0.02330,-0.05589,1.28348,-0.15398,0.10204
35509000000,5.53084,16.87058,0.02558,0.99811,-0.01091,-0.02280,-0.05606,1.33547,-0.15584,0.10195
35542000000,5.54280,16.86341,0.02998,0.99809,-0.01110,-0.02325,-0.05610,1.32109,-0.16102,0.10392
35608000000,5.62837,16.85295,0.03575,0.99809,-0.01115,-0.02311,-0.05626,1.32940,-0.16758,0.10225
35641000000,5.67068,16.84934,0.03709,0.99809,-0.01112,-0.02282,-0.05638,1.33295,-0.16996,0.10218
35674000000,5.71403,16.84464,0.03926,0.99808,-0.01118,-0.02268,-0.05646,1.33628,-0.17354,0.10333
35707000000,5.75631,16.84038,0.04170,0.99808,-0.01122,-0.02252,-0.05658,1.33983,-0.17680,0.10349
35740000000,5.86560,16.83572,0.04053,0.99809,-0.01109,-0.02182,-0.05668,1.37576,-0.17541,0.09933
35773000000,5.89049,16.82948,0.04520,0.99808,-0.01122,-0.02217,-0.05673,1.36971,-0.17913,0.10118
35806000000,6.01347,16.82615,0.04756,0.99808,-0.01093,-0.02183,-0.05695,1.41363,-0.17911,0.10103
35839000000,6.01173,16.82163,0.04622,0.99807,-0.01119,-0.02174,-0.05702,1.39165,-0.18089,0.09838
35872000000,6.08707,16.82380,0.04314,0.99809,-0.01101,-0.02097,-0.05712,1.41152,-0.17692,0.09419
35905000000,6.12580,16.81757,0.04638,0.99808,-0.01106,-0.02099,-0.05722,1.41048,-0.18115,0.09499
35938000000,6.17176,16.81218,0.04940,0.99807,-0.01112,-0.02100,-0.05730,1.41479,-0.18347,0.09499
35971000000,6.21667,16.80654,0.05205,0.99807,-0.01110,-0.02095,-0.05735,1.41939,-0.18638,0.09530
36004000000,6.29609,16.81070,0.04860,0.99810,-0.01082,-0.01988,-0.05738,1.44364,-0.18123,0.09163
36037000000,6.32670,16.80549,0.05163,0.99809,-0.01110,-0.02006,-0.05744,1.43692,-0.18366,0.09278
36070000000,6.41767,16.80654,0.05221,0.99810,-0.01051,-0.01918,-0.05752,1.47574,-0.18005,0.09079
36103000000,6.43747,16.80178,0.05579,0.99809,-0.01102,-0.01974,-0.05753,1.45784,-0.18127,0.09203
36136000000,6.50045,16.80229,0.05481,0.99811,-0.01085,-0.01875,-0.05758,1.47690,-0.17733,0.08786
36169000000,6.55983,16.80105,0.05329,0.99813,-0.01064,-0.01742,-0.05766,1.49230,-0.17410,0.08522
36202000000,6.60287,16.79537,0.05638,0.99812,-0.01077,-0.01761,-0.05775,1.49020,-0.17640,0.08782
36235000000,6.67370,16.79193,0.05634,0.99814,-0.01013,-0.01624,-0.05783,1.52353,-0.17439,0.08409
36268000000,6.70893,16.78714,0.05910,0.99813,-0.01049,-0.01663,-0.05788,1.50910,-0.17442,0.08485
36301000000,6.76919,16.78329,0.06005,0.99815,-0.01010,-0.01565,-0.05790,1.53024,-0.17267,0.08226
36334000000,6.81445,16.77776,0.06290,0.99814,-0.01017,-0.01585,-0.05797,1.52564,-0.17476,0.08227
36367000000,6.87570,16.77354,0.06420,0.99815,-0.00986,-0.01497,-0.05806,1.54847,-0.17573,0.08143
36400000000,6.91945,16.76801,0.06695,0.99814,-0.00999,-0.01520,-0.05820,1.54064,-0.17827,0.08246
36433000000,6.98466,16.76324,0.06797,0.99815,-0.00950,-0.01414,-0.05829,1.57076,-0.17845,0.07962
36499000000,7.07518,16.75239,0.07341,0.99814,-0.00990,-0.01448,-0.05842,1.55796,-0.18201,0.08121
36532000000,7.13334,16.74739,0.07463,0.99814,-0.00975,-0.01373,-0.05851,1.57430,-0.18364,0.07844
36598000000,7.23149,16.73544,0.07977,0.99813,-0.00991,-0.01384,-0.05865,1.57409,-0.18807,0.08000
36631000000,7.28984,16.73078,0.08090,0.99814,-0.00972,-0.01320,-0.05874,1.58928,-0.18837,0.07799
36664000000,7.33716,16.72463,0.08373,0.99813,-0.00983,-0.01341,-0.05878,1.58608,-0.19117,0.07944
36697000000,7.39854,16.71991,0.08434,0.99814,-0.00956,-0.01240,-0.05885,1.60738,-0.19065,0.07699
36730000000,7.44272,16.71417,0.08706,0.99813,-0.00982,-0.01272,-0.05891,1.59769,-0.19164,0.07736
36763000000,7.50057,16.70989,0.08713,0.99814,-0.00958,-0.01174,-0.05902,1.61064,-0.19057,0.07316
36796000000,7.54829,16.70396,0.08964,0.99813,-0.00980,-0.01195,-0.05908,1.60770,-0.19221,0.07331
36829000000,7.60491,16.70000,0.08924,0.99815,-0.00957,-0.01100,-0.05910,1.61831,-0.18963,0.06878
36895000000,7.71732,16.68880,0.09161,0.99815,-0.00916,-0.01014,-0.05925,1.63617,-0.19245,0.06519
36928000000,7.75973,16.68354,0.09390,0.99814,-0.00953,-0.01053,-0.05930,1.62377,-0.19276,0.06457
36994000000,7.87019,16.67288,0.09584,0.99814,-0.00936,-0.00973,-0.05947,1.63665,-0.19469,0.06044
37060000000,7.97622,16.66227,0.09719,0.99814,-0.00919,-0.00902,-0.05957,1.64283,-0.19627,0.05774
37093000000,8.03495,16.65699,0.09730,0.99814,-0.00898,-0.00829,-0.05968,1.65440,-0.19686,0.05551
37126000000,8.07802,16.65148,0.09946,0.99813,-0.00933,-0.00865,-0.05974,1.64279,-0.19809,0.05670
37159000000,8.13178,16.64647,0.09957,0.99813,-0.00929,-0.00818,-0.05982,1.64751,-0.19834,0.05485
37192000000,8.19504,16.63998,0.10046,0.99813,-0.00893,-0.00746,-0.05994,1.66867,-0.19960,0.05453
37225000000,8.23780,16.63481,0.10230,0.99812,-0.00935,-0.00787,-0.06004,1.65147,-0.19894,0.05601
37258000000,8.29897,16.62870,0.10316,0.99812,-0.00917,-0.00729,-0.06008,1.66685,-0.20060,0.05426
37291000000,8.34539,16.62292,0.10493,0.99811,-0.00939,-0.00758,-0.06019,1.65624,-0.20069,0.05403
37324000000,8.39947,16.61769,0.10551,0.99811,-0.00929,-0.00717,-0.06028,1.65966,-0.19995,0.05137
37357000000,8.45764,16.61185,0.10637,0.99811,-0.00916,-0.00671,-0.06040,1.67151,-0.20048,0.04975
37390000000,8.50603,16.60588,0.10817,0.99811,-0.00935,-0.00697,-0.06038,1.66412,-0.20275,0.04984
37456000000,8.62246,16.59289,0.11049,0.99810,-0.00912,-0.00642,-0.06058,1.68685,-0.20630,0.04838
37489000000,8.66963,16.58699,0.11208,0.99809,-0.00936,-0.00667,-0.06065,1.67538,-0.20691,0.04815
37522000000,8.72489,16.58183,0.11249,0.99809,-0.00933,-0.00624,-0.06073,1.67890,-0.20652,0.04632
37555000000,8.78017,16.57638,0.11295,0.99809,-0.00928,-0.00579,-0.06085,1.68313,-0.20615,0.04465
37588000000,8.83086,16.57004,0.11463,0.99808,-0.00942,-0.00599,-0.06089,1.67830,-0.20687,0.04548
37654000000,8.95034,16.55664,0.11658,0.99808,-0.00901,-0.00529,-0.06110,1.70261,-0.21107,0.04289
37687000000,8.99512,16.55101,0.11812,0.99807,-0.00932,-0.00561,-0.06110,1.68532,-0.21071,0.04278
37720000000,9.04983,16.54581,0.11861,0.99807,-0.00937,-0.00535,-0.06116,1.68855,-0.20996,0.04173
37786000000,9.16173,16.53347,0.12041,0.99806,-0.00940,-0.00490,-0.06133,1.69967,-0.21067,0.04054
37819000000,9.21154,16.52714,0.12184,0.99805,-0.00965,-0.00516,-0.06142,1.69475,-0.21081,0.04087
37852000000,9.27694,16.52060,0.12236,0.99805,-0.00937,-0.00450,-0.06150,1.71612,-0.21111,0.03907
37918000000,9.37677,16.50810,0.12500,0.99804,-0.00971,-0.00496,-0.06155,1.70246,-0.21204,0.04028
37984000000,9.48567,16.49654,0.12680,0.99803,-0.00986,-0.00475,-0.06174,1.70686,-0.21099,0.03921
38017000000,9.54125,16.48962,0.12830,0.99803,-0.00982,-0.00486,-0.06185,1.70937,-0.21164,0.04066
38050000000,9.58426,16.48651,0.12767,0.99802,-0.01005,-0.00469,-0.06199,1.69244,-0.20730,0.03666
38083000000,9.64428,16.47868,0.12935,0.99801,-0.00994,-0.00467,-0.06207,1.70247,-0.21081,0.03776
38116000000,9.70059,16.47187,0.13056,0.99801,-0.00992,-0.00462,-0.06217,1.70595,-0.21325,0.03846
38182000000,9.81367,16.45799,0.13300,0.99799,-0.00991,-0.00459,-0.06235,1.71523,-0.21540,0.03886
38281000000,9.96278,16.44298,0.13399,0.99797,-0.01022,-0.00445,-0.06266,1.70032,-0.21103,0.03435
38347000000,10.07678,16.42880,0.13609,0.99796,-0.01014,-0.00436,-0.06280,1.71072,-0.21449,0.03447
38446000000,10.22112,16.41614,0.13514,0.99795,-0.01028,-0.00403,-0.06303,1.69292,-0.20854,0.03068
38479000000,10.27795,16.40895,0.13567,0.99795,-0.01024,-0.00399,-0.06310,1.69857,-0.21027,0.03074
38512000000,10.31197,16.40938,0.13260,0.99794,-0.01045,-0.00355,-0.06314,1.67715,-0.20288,0.02684
38545000000,10.36995,16.40153,0.13352,0.99794,-0.01037,-0.00354,-0.06323,1.68297,-0.20505,0.02821
38644000000,10.54223,16.38071,0.13658,0.99793,-0.01027,-0.00345,-0.06337,1.70183,-0.20899,0.02897
38677000000,10.57814,16.38098,0.13396,0.99792,-0.01042,-0.00308,-0.06348,1.68447,-0.20262,0.02612
38743000000,10.69167,16.36675,0.13576,0.99791,-0.01036,-0.00306,-0.06366,1.69444,-0.20483,0.02572
38776000000,10.72628,16.36733,0.13261,0.99791,-0.01054,-0.00256,-0.06372,1.67580,-0.19817,0.02251
38842000000,10.84131,16.35285,0.13508,0.99789,-0.01046,-0.00273,-0.06397,1.68789,-0.20180,0.02473
38875000000,10.87673,16.35251,0.13326,0.99789,-0.01072,-0.00242,-0.06404,1.66930,-0.19712,0.02347
38908000000,10.93461,16.34527,0.13426,0.99788,-0.01067,-0.00242,-0.06411,1.67541,-0.19925,0.02398
38974000000,11.02482,16.33777,0.13377,0.99787,-0.01086,-0.00219,-0.06424,1.66032,-0.19690,0.02432
39040000000,11.13899,16.32401,0.13535,0.99786,-0.01080,-0.00218,-0.06443,1.67239,-0.19884,0.02621
39106000000,11.23143,16.31528,0.13539,0.99786,-0.01097,-0.00216,-0.06446,1.66134,-0.19711,0.02592
39139000000,11.28843,16.30854,0.13612,0.99785,-0.01094,-0.00210,-0.06453,1.66621,-0.19875,0.02573
39205000000,11.37546,16.29971,0.13578,0.99784,-0.01111,-0.00212,-0.06469,1.64649,-0.19926,0.02393
39238000000,11.43182,16.29265,0.13679,0.99784,-0.01106,-0.00216,-0.06479,1.65143,-0.20161,0.02440
39304000000,11.52215,16.28264,0.13757,0.99782,-0.01126,-0.00214,-0.06494,1.63538,-0.20132,0.02425
39337000000,11.57739,16.27570,0.13846,0.99782,-0.01130,-0.00212,-0.06497,1.64019,-0.20280,0.02473
39370000000,11.63147,16.26900,0.13922,0.99781,-0.01129,-0.00212,-0.06507,1.64355,-0.20430,0.02440
39403000000,11.66748,16.26504,0.13942,0.99781,-0.01142,-0.00233,-0.06513,1.62454,-0.20293,0.02498
39436000000,11.72232,16.25788,0.14018,0.99780,-0.01139,-0.00235,-0.06524,1.62960,-0.20451,0.02602
39469000000,11.77647,16.25117,0.14094,0.99780,-0.01135,-0.00240,-0.06532,1.63150,-0.20631,0.02494
39502000000,11.81628,16.24717,0.14100,0.99779,-0.01146,-0.00260,-0.06545,1.61789,-0.20432,0.02486
39535000000,11.87076,16.24013,0.14185,0.99778,-0.01140,-0.00257,-0.06550,1.62026,-0.20622,0.02512
39568000000,11.92478,16.23328,0.14272,0.99778,-0.01142,-0.00258,-0.06553,1.62254,-0.20675,0.02535
39601000000,11.96711,16.22918,0.14270,0.99777,-0.01145,-0.00274,-0.06568,1.61244,-0.20410,0.02448
39634000000,12.02059,16.22228,0.14357,0.99777,-0.01147,-0.00278,-0.06575,1.61574,-0.20633,0.02494
39667000000,12.07372,16.21545,0.14435,0.99776,-0.01151,-0.00270,-0.06586,1.61790,-0.20787,0.02440
39700000000,12.11921,16.21055,0.14429,0.99775,-0.01148,-0.00270,-0.06600,1.61029,-0.20765,0.02346
39733000000,12.17337,16.20335,0.14521,0.99774,-0.01157,-0.00263,-0.06607,1.61389,-0.21092,0.02534
39766000000,12.22650,16.19639,0.14602,0.99774,-0.01153,-0.00265,-0.06617,1.61548,-0.21283,0.02619
39799000000,12.27991,16.18948,0.14687,0.99773,-0.01149,-0.00260,-0.06628,1.61812,-0.21377,0.02714
39865000000,12.37867,16.17748,0.14772,0.99772,-0.01143,-0.00263,-0.06645,1.61227,-0.21645,0.02645
39898000000,12.43222,16.16988,0.14873,0.99772,-0.01146,-0.00267,-0.06648,1.61559,-0.21862,0.02619
39931000000,12.48514,16.16267,0.14951,0.99772,-0.01150,-0.00263,-0.06652,1.61814,-0.22040,0.02546
39964000000,12.53110,16.15737,0.14936,0.99771,-0.01148,-0.00258,-0.06662,1.61219,-0.21910,0.02575
39997000000,12.58481,16.14997,0.15029,0.99770,-0.01153,-0.00251,-0.06672,1.61561,-0.22104,0.02666
40030000000,12.63804,16.14278,0.15110,0.99770,-0.01151,-0.00249,-0.06680,1.61736,-0.22177,0.02674
40063000000,12.69106,16.13557,0.15189,0.99769,-0.01152,-0.00237,-0.06689,1.61915,-0.22306,0.02686
40129000000,12.79091,16.12332,0.15288,0.99768,-0.01151,-0.00242,-0.06708,1.61465,-0.22376,0.02696
40162000000,12.84440,16.11600,0.15371,0.99768,-0.01147,-0.00249,-0.06713,1.61740,-0.22566,0.02681
40195000000,12.89004,16.11122,0.15384,0.99767,-0.01142,-0.00255,-0.06720,1.60931,-0.22232,0.02522
40228000000,12.94338,16.10374,0.15464,0.99767,-0.01146,-0.00246,-0.06728,1.61153,-0.22410,0.02491
40261000000,12.99628,16.09654,0.15537,0.99766,-0.01148,-0.00241,-0.06739,1.61310,-0.22541,0.02551
40294000000,13.04328,16.09190,0.15539,0.99765,-0.01143,-0.00250,-0.06744,1.60754,-0.22323,0.02599
40360000000,13.14965,16.07688,0.15710,0.99764,-0.01138,-0.00246,-0.06760,1.61123,-0.22712,0.02722
40393000000,13.20226,16.06967,0.15785,0.99764,-0.01142,-0.00241,-0.06769,1.61251,-0.22892,0.02831
40426000000,13.24867,16.06549,0.15783,0.99763,-0.01139,-0.00248,-0.06777,1.60593,-0.22511,0.02756
40492000000,13.35515,16.05047,0.15953,0.99762,-0.01135,-0.00247,-0.06792,1.61071,-0.22936,0.02776
40525000000,13.40779,16.04319,0.16033,0.99761,-0.01134,-0.00248,-0.06804,1.61205,-0.22910,0.02752
40558000000,13.45232,16.03949,0.16016,0.99761,-0.01122,-0.00264,-0.06815,1.60329,-0.22669,0.02705
40591000000,13.50600,16.03140,0.16121,0.99760,-0.01121,-0.00265,-0.06822,1.60594,-0.22838,0.02830
40690000000,13.66475,16.00886,0.16394,0.99759,-0.01118,-0.00272,-0.06844,1.61106,-0.23153,0.02799
40723000000,13.70944,16.00488,0.16406,0.99758,-0.01113,-0.00283,-0.06852,1.60331,-0.22795,0.02742
40789000000,13.80787,15.99283,0.16512,0.99757,-0.01101,-0.00300,-0.06874,1.59899,-0.22771,0.02647
40822000000,13.86128,15.98496,0.16606,0.99757,-0.01100,-0.00291,-0.06878,1.60071,-0.22996,0.02668
40855000000,13.90823,15.97945,0.16643,0.99756,-0.01091,-0.00305,-0.06887,1.58720,-0.22694,0.02694
40888000000,13.96032,15.97204,0.16738,0.99756,-0.01089,-0.00308,-0.06893,1.56841,-0.22733,0.02693
40921000000,14.01154,15.96433,0.16837,0.99755,-0.01087,-0.00316,-0.06910,1.54709,-0.22831,0.02796
40987000000,14.10497,15.95196,0.16948,0.99750,-0.01085,-0.00329,-0.06970,1.49470,-0.22922,0.02651
41053000000,14.20239,15.93630,0.17125,0.99741,-0.01086,-0.00326,-0.07107,1.45253,-0.24188,0.02573
41086000000,14.24280,15.93097,0.17137,0.99734,-0.01085,-0.00329,-0.07203,1.42327,-0.24624,0.02534
41119000000,14.28991,15.92235,0.17222,0.99725,-0.01084,-0.00324,-0.07331,1.40196,-0.25721,0.02482
41152000000,14.32880,15.91666,0.17213,0.99713,-0.01079,-0.00319,-0.07482,1.37186,-0.26435,0.02531
41185000000,14.37392,15.90755,0.17300,0.99700,-0.01086,-0.00320,-0.07663,1.34949,-0.27766,0.02596
41218000000,14.41773,15.89848,0.17373,0.99682,-0.01081,-0.00321,-0.07885,1.32905,-0.29233,0.02692
41284000000,14.50364,15.87829,0.17546,0.99638,-0.01074,-0.00343,-0.08430,1.28823,-0.32515,0.02700
41350000000,14.57793,15.85936,0.17647,0.99575,-0.01075,-0.00373,-0.09140,1.23719,-0.35980,0.02663
41383000000,14.61820,15.84682,0.17749,0.99535,-0.01071,-0.00387,-0.09563,1.21745,-0.38052,0.02662
41416000000,14.65706,15.83405,0.17846,0.99489,-0.01071,-0.00398,-0.10027,1.19678,-0.40249,0.02662
41449000000,14.69524,15.82049,0.17938,0.99437,-0.01072,-0.00405,-0.10532,1.17640,-0.42514,0.02675
41482000000,14.72454,15.81012,0.17944,0.99378,-0.01063,-0.00439,-0.11076,1.14550,-0.44420,0.02679
41515000000,14.76318,15.79453,0.18044,0.99310,-0.01061,-0.00438,-0.11669,1.12989,-0.46975,0.02792
41548000000,14.79178,15.78195,0.18052,0.99234,-0.01065,-0.00458,-0.12302,1.10193,-0.49390,0.02689
41581000000,14.82821,15.76496,0.18150,0.99147,-0.01057,-0.00471,-0.12984,1.08648,-0.52314,0.02786
41614000000,14.85976,15.74941,0.18178,0.99049,-0.01055,-0.00480,-0.13708,1.06630,-0.55067,0.02815
41647000000,14.89421,15.73049,0.18303,0.98938,-0.01058,-0.00498,-0.14490,1.04862,-0.58591,0.02855
41680000000,14.92289,15.71280,0.18331,0.98809,-0.01055,-0.00519,-0.15343,1.02533,-0.62051,0.02782
41713000000,14.95637,15.69158,0.18443,0.98658,-0.01060,-0.00529,-0.16287,1.01022,-0.66123,0.02868
41779000000,15.01731,15.64739,0.18544,0.98291,-0.01061,-0.00552,-0.18372,0.97353,-0.74102,0.02651
41812000000,15.04566,15.62389,0.18585,0.98069,-0.01081,-0.00563,-0.19520,0.95304,-0.78353,0.02569
41878000000,15.10295,15.57205,0.18661,0.97559,-0.01094,-0.00553,-0.21925,0.87216,-0.82267,0.02451
41911000000,15.12878,15.54577,0.18603,0.97284,-0.01086,-0.00510,-0.23118,0.84423,-0.84660,0.02265
41944000000,15.15485,15.51816,0.18605,0.96998,-0.01110,-0.00446,-0.24291,0.82618,-0.87766,0.02101
41977000000,15.18111,15.48973,0.18562,0.96701,-0.01130,-0.00343,-0.25448,0.79942,-0.89406,0.01883
42010000000,15.20662,15.46087,0.18510,0.96390,-0.01135,-0.00233,-0.26601,0.76443,-0.90020,0.01621
42043000000,15.23064,15.43209,0.18473,0.96064,-0.01154,-0.00133,-0.27755,0.71660,-0.89382,0.01408
42076000000,15.25447,15.40254,0.18459,0.95722,-0.01080,-0.00082,-0.28917,0.67343,-0.88981,0.01360
42109000000,15.27572,15.37422,0.18411,0.95358,-0.01154,0.00079,-0.30092,0.65318,-0.91612,0.01178
42175000000,15.31899,15.31105,0.18375,0.94530,-0.00986,0.00095,-0.32605,0.62162,-0.99653,0.01005
42208000000,15.33859,15.27880,0.18422,0.94050,-0.01106,0.00208,-0.33962,0.59665,-1.03779,0.01258
42274000000,15.37495,15.21068,0.18488,0.92984,-0.01078,0.00206,-0.36779,0.49332,-1.02935,0.01491
42307000000,15.39109,15.17698,0.18513,0.92439,-0.01019,0.00218,-0.38130,0.44139,-1.00548,0.01577
42340000000,15.40613,15.14315,0.18550,0.91898,-0.00935,0.00207,-0.39419,0.40240,-0.99324,0.01589
42373000000,15.41947,15.11026,0.18590,0.91368,-0.00878,0.00210,-0.40633,0.36678,-0.98154,0.01661
42439000000,15.44321,15.04294,0.18699,0.90303,-0.00839,0.00191,-0.42950,0.34417,-1.02821,0.01804
42505000000,15.46697,14.97250,0.18813,0.89300,-0.00783,0.00166,-0.44999,0.33808,-1.07845,0.01854
42538000000,15.47934,14.93508,0.18864,0.88813,-0.00709,0.00152,-0.45954,0.33449,-1.10545,0.01929
42604000000,15.50250,14.85858,0.18953,0.87881,-0.00639,0.00146,-0.47712,0.33021,-1.16594,0.01733
42637000000,15.51439,14.81861,0.18979,0.87443,-0.00583,0.00146,-0.48512,0.33104,-1.19077,0.01668
42703000000,15.53799,14.73658,0.19039,0.86638,-0.00509,0.00135,-0.49936,0.33841,-1.24389,0.01642
42736000000,15.54977,14.69392,0.19072,0.86247,-0.00466,0.00131,-0.50608,0.33842,-1.26959,0.01605
42769000000,15.56119,14.65046,0.19119,0.85859,-0.00436,0.00115,-0.51264,0.33638,-1.30199,0.01702
42802000000,15.57245,14.60615,0.19170,0.85466,-0.00417,0.00109,-0.51917,0.33675,-1.34069,0.01694
42835000000,15.58382,14.56056,0.19218,0.85076,-0.00396,0.00098,-0.52554,0.33395,-1.36722,0.01718
42901000000,15.60595,14.46789,0.19321,0.84291,-0.00375,0.00091,-0.53805,0.32635,-1.42123,0.01686
42967000000,15.62717,14.37226,0.19423,0.83508,-0.00361,0.00082,-0.55012,0.31593,-1.46884,0.01655
43000000000,15.63714,14.32321,0.19488,0.83120,-0.00366,0.00071,-0.55596,0.31000,-1.48916,0.01770
43033000000,15.64710,14.27310,0.19553,0.82730,-0.00364,0.00066,-0.56175,0.30424,-1.52365,0.01858
43099000000,15.66613,14.17236,0.19677,0.81973,-0.00381,0.00067,-0.57274,0.28131,-1.52841,0.01924
43165000000,15.68371,14.07137,0.19806,0.81245,-0.00383,0.00063,-0.58302,0.25883,-1.52946,0.01970
43198000000,15.69174,14.02091,0.19857,0.80891,-0.00383,0.00054,-0.58791,0.24687,-1.52991,0.01889
43231000000,15.69936,13.97047,0.19911,0.80547,-0.00391,0.00051,-0.59262,0.23566,-1.53014,0.01889
43297000000,15.71448,13.86954,0.20045,0.79865,-0.00386,0.00055,-0.60178,0.21455,-1.52324,0.02108
43330000000,15.72091,13.81928,0.20091,0.79514,-0.00385,0.00048,-0.60642,0.19554,-1.51327,0.02075
43396000000,15.73238,13.71950,0.20209,0.78766,-0.00383,0.00038,-0.61609,0.15656,-1.49993,0.02121
43429000000,15.73741,13.66967,0.20235,0.78369,-0.00377,0.00040,-0.62114,0.13485,-1.49204,0.02112
43495000000,15.74438,13.57208,0.20344,0.77496,-0.00373,0.00042,-0.63200,0.04600,-1.44381,0.02040
43528000000,15.74575,13.52391,0.20378,0.76989,-0.00358,0.00039,-0.63816,0.03476,-1.42029,0.02062
43594000000,15.74878,13.43028,0.20484,0.76155,-0.00350,0.00032,-0.64809,0.03322,-1.42214,0.02011
43660000000,15.75070,13.33349,0.20591,0.75390,-0.00336,0.00036,-0.65698,0.01318,-1.48724,0.02076
43726000000,15.75116,13.23325,0.20693,0.74690,-0.00326,0.00035,-0.66493,-0.00560,-1.54001,0.02047
43792000000,15.75047,13.13110,0.20798,0.74037,-0.00320,0.00037,-0.67219,-0.02318,-1.53628,0.01923
43858000000,15.74842,13.02913,0.20887,0.73410,-0.00309,0.00040,-0.67903,-0.04043,-1.53355,0.01848
43891000000,15.74689,12.97846,0.20910,0.73109,-0.00307,0.00037,-0.68227,-0.04920,-1.53140,0.01795
43924000000,15.74539,12.92738,0.20944,0.72813,-0.00298,0.00041,-0.68543,-0.05603,-1.53059,0.01697
43990000000,15.74125,12.82628,0.21052,0.72237,-0.00302,0.00042,-0.69150,-0.07213,-1.52660,0.01729
44056000000,15.73636,12.72568,0.21138,0.71691,-0.00301,0.00042,-0.69716,-0.08535,-1.52307,0.01611
44122000000,15.73052,12.62392,0.21196,0.71172,-0.00289,0.00042,-0.70245,-0.09969,-1.52023,0.01383
44155000000,15.72761,12.57307,0.21190,0.70922,-0.00276,0.00046,-0.70498,-0.10553,-1.51853,0.01254
44188000000,15.72422,12.52182,0.21204,0.70679,-0.00266,0.00046,-0.70742,-0.11232,-1.51842,0.01150
44254000000,15.71640,12.42176,0.21278,0.70209,-0.00266,0.00037,-0.71208,-0.12552,-1.51581,0.01105
44353000000,15.70324,12.27165,0.21365,0.69545,-0.00261,0.00028,-0.71857,-0.14295,-1.51099,0.01165
44386000000,15.69930,12.21464,0.21433,0.69332,-0.00227,0.00025,-0.72062,-0.14714,-1.52244,0.01284
44452000000,15.68831,12.11852,0.21444,0.68937,-0.00244,0.00023,-0.72441,-0.15948,-1.51107,0.00920
44485000000,15.68297,12.06894,0.21473,0.68739,-0.00248,0.00024,-0.72629,-0.16505,-1.51025,0.00970
44584000000,15.66565,11.91879,0.21563,0.68183,-0.00250,0.00021,-0.73151,-0.18329,-1.50600,0.01008
44617000000,15.65962,11.86884,0.21590,0.68008,-0.00247,0.00020,-0.73314,-0.18838,-1.50499,0.00966
44716000000,15.64058,11.71954,0.21681,0.67511,-0.00242,0.00021,-0.73771,-0.20409,-1.50105,0.00965
44782000000,15.62696,11.62117,0.21731,0.67205,-0.00245,0.00025,-0.74050,-0.21397,-1.49903,0.00762
44848000000,15.61318,11.52211,0.21748,0.66914,-0.00248,0.00019,-0.74313,-0.21999,-1.49698,0.00722
44914000000,15.59928,11.42229,0.21781,0.66639,-0.00244,0.00031,-0.74560,-0.22717,-1.49479,0.00592
44980000000,15.58522,11.32135,0.21829,0.66377,-0.00236,0.00039,-0.74793,-0.23367,-1.49560,0.00617
45013000000,15.57799,11.27212,0.21857,0.66253,-0.00238,0.00040,-0.74903,-0.23680,-1.49400,0.00651
45079000000,15.56230,11.17527,0.21904,0.66016,-0.00242,0.00050,-0.75112,-0.24420,-1.48841,0.00529
45145000000,15.54582,11.07740,0.21930,0.65788,-0.00246,0.00041,-0.75312,-0.25053,-1.48565,0.00538
45178000000,15.53834,11.02729,0.21971,0.65682,-0.00248,0.00045,-0.75404,-0.25323,-1.48664,0.00645
45277000000,15.51374,10.87480,0.22088,0.65372,-0.00227,0.00040,-0.75673,-0.26015,-1.49115,0.00766
45343000000,15.49609,10.78206,0.22156,0.65173,-0.00243,0.00041,-0.75845,-0.26563,-1.47969,0.00676
45376000000,15.48789,10.73278,0.22196,0.65081,-0.00241,0.00039,-0.75924,-0.26748,-1.48067,0.00668
45409000000,15.47959,10.68375,0.22242,0.64995,-0.00239,0.00044,-0.75997,-0.27124,-1.50016,0.00677
45442000000,15.47040,10.63527,0.22254,0.64909,-0.00241,0.00038,-0.76071,-0.27234,-1.50953,0.00695
45508000000,15.45372,10.53293,0.22317,0.64770,-0.00234,0.00046,-0.76189,-0.26511,-1.48171,0.00800
45574000000,15.43545,10.43989,0.22345,0.64642,-0.00249,0.00045,-0.76298,-0.26989,-1.47111,0.00858
45607000000,15.42747,10.38964,0.22346,0.64586,-0.00238,0.00048,-0.76345,-0.27042,-1.47253,0.00865
45673000000,15.41000,10.29260,0.22388,0.64472,-0.00242,0.00045,-0.76441,-0.27249,-1.47102,0.00890
45706000000,15.40064,10.24566,0.22425,0.64417,-0.00244,0.00044,-0.76488,-0.27477,-1.46813,0.00888
45772000000,15.38352,10.14437,0.22477,0.64317,-0.00236,0.00051,-0.76572,-0.27494,-1.47588,0.01003
45805000000,15.37398,10.10014,0.22505,0.64267,-0.00238,0.00048,-0.76614,-0.27644,-1.46782,0.00963
45871000000,15.35601,10.00246,0.22552,0.64176,-0.00236,0.00051,-0.76690,-0.27746,-1.46761,0.00857
45904000000,15.34684,9.95500,0.22576,0.64126,-0.00241,0.00054,-0.76732,-0.27825,-1.46484,0.00792
45970000000,15.32905,9.85495,0.22627,0.64038,-0.00238,0.00061,-0.76805,-0.27970,-1.46853,0.00825
46003000000,15.31979,9.80920,0.22651,0.63995,-0.00238,0.00057,-0.76841,-0.28110,-1.46442,0.00805
46036000000,15.31079,9.75616,0.22668,0.63958,-0.00230,0.00064,-0.76872,-0.28161,-1.47093,0.00858
46069000000,15.30121,9.71250,0.22697,0.63917,-0.00236,0.00056,-0.76906,-0.28362,-1.46288,0.00793
46135000000,15.28262,9.61566,0.22753,0.63847,-0.00235,0.00051,-0.76964,-0.28451,-1.45884,0.00741
46201000000,15.26359,9.52064,0.22814,0.63777,-0.00243,0.00044,-0.77022,-0.28708,-1.45579,0.00790
46267000000,15.24526,9.42295,0.22857,0.63712,-0.00235,0.00051,-0.77076,-0.28789,-1.45542,0.00758
46300000000,15.23549,9.37681,0.22873,0.63682,-0.00238,0.00057,-0.77101,-0.28885,-1.45087,0.00764
46366000000,15.21749,9.27520,0.22957,0.63617,-0.00239,0.00057,-0.77155,-0.28859,-1.45775,0.00834
46432000000,15.19796,9.18536,0.22967,0.63566,-0.00250,0.00050,-0.77196,-0.29162,-1.44782,0.00675
46465000000,15.18942,9.13569,0.22989,0.63542,-0.00251,0.00052,-0.77217,-0.29022,-1.44965,0.00622
46498000000,15.17961,9.08910,0.23003,0.63514,-0.00254,0.00048,-0.77239,-0.29136,-1.44721,0.00543
46531000000,15.17081,9.03888,0.23048,0.63489,-0.00254,0.00056,-0.77260,-0.29068,-1.44977,0.00677
46564000000,15.16111,8.99324,0.23062,0.63458,-0.00256,0.00052,-0.77285,-0.29147,-1.44465,0.00549
46630000000,15.14235,8.89456,0.23151,0.63408,-0.00255,0.00060,-0.77326,-0.29367,-1.44941,0.00648
46696000000,15.12297,8.80187,0.23168,0.63369,-0.00254,0.00066,-0.77358,-0.29473,-1.44422,0.00650
46729000000,15.11424,8.75249,0.23174,0.63345,-0.00255,0.00071,-0.77378,-0.29291,-1.44676,0.00632
46762000000,15.10507,8.70357,0.23213,0.63324,-0.00251,0.00071,-0.77395,-0.29112,-1.44848,0.00675
46828000000,15.08590,8.60926,0.23243,0.63277,-0.00256,0.00076,-0.77434,-0.29002,-1.44518,0.00646
46894000000,15.06753,8.51197,0.23293,0.63237,-0.00259,0.00076,-0.77466,-0.28759,-1.44465,0.00536
46960000000,15.04852,8.41677,0.23306,0.63203,-0.00252,0.00079,-0.77494,-0.28484,-1.44360,0.00632
46993000000,15.03908,8.36887,0.23309,0.63187,-0.00254,0.00082,-0.77507,-0.28586,-1.44335,0.00497
47059000000,15.02011,8.27261,0.23351,0.63152,-0.00249,0.00087,-0.77535,-0.28657,-1.44178,0.00446
47125000000,15.00115,8.17700,0.23387,0.63118,-0.00243,0.00092,-0.77563,-0.28594,-1.43956,0.00611
47158000000,14.99158,8.12778,0.23492,0.63106,-0.00238,0.00097,-0.77573,-0.28529,-1.44286,0.00698
47224000000,14.97230,8.03080,0.23573,0.63076,-0.00237,0.00095,-0.77598,-0.28586,-1.44351,0.00699
47257000000,14.96289,7.98351,0.23591,0.63059,-0.00232,0.00095,-0.77611,-0.28566,-1.44234,0.00730
47290000000,14.95298,7.93481,0.23659,0.63045,-0.00230,0.00095,-0.77623,-0.28639,-1.44289,0.00898
47323000000,14.94351,7.88717,0.23691,0.63028,-0.00231,0.00095,-0.77636,-0.28709,-1.44317,0.01031
47389000000,14.92391,7.78941,0.23765,0.63001,-0.00219,0.00091,-0.77659,-0.28890,-1.44655,0.01209
47422000000,14.91437,7.74177,0.23803,0.62989,-0.00218,0.00088,-0.77668,-0.28851,-1.44588,0.01293
47488000000,14.89459,7.64487,0.23882,0.62964,-0.00218,0.00087,-0.77688,-0.28790,-1.44804,0.01248
47521000000,14.88532,7.59724,0.23932,0.62951,-0.00216,0.00092,-0.77699,-0.28783,-1.44804,0.01369
47554000000,14.87509,7.54748,0.23994,0.62938,-0.00213,0.00090,-0.77710,-0.28958,-1.45126,0.01518
47587000000,14.86553,7.49953,0.24039,0.62927,-0.00211,0.00091,-0.77718,-0.28962,-1.44950,0.01699
47620000000,14.85592,7.45131,0.24095,0.62922,-0.00212,0.00091,-0.77723,-0.28947,-1.45095,0.01757
47686000000,14.83631,7.35411,0.24237,0.62904,-0.00204,0.00092,-0.77737,-0.28825,-1.45302,0.01781
47752000000,14.81723,7.25848,0.24337,0.62884,-0.00204,0.00092,-0.77753,-0.28690,-1.45212,0.01665
47785000000,14.80694,7.20833,0.24388,0.62875,-0.00200,0.00090,-0.77761,-0.28715,-1.45437,0.01547
47818000000,14.79684,7.15848,0.24429,0.62868,-0.00194,0.00089,-0.77766,-0.28920,-1.45771,0.01630
47851000000,14.78729,7.11057,0.24480,0.62859,-0.00196,0.00090,-0.77773,-0.28934,-1.45693,0.01651
47884000000,14.77769,7.06242,0.24526,0.62849,-0.00199,0.00087,-0.77782,-0.29010,-1.45722,0.01690
47917000000,14.76722,7.01222,0.24550,0.62839,-0.00192,0.00087,-0.77790,-0.29268,-1.46070,0.01660
47983000000,14.74793,6.91615,0.24643,0.62820,-0.00191,0.00089,-0.77805,-0.29186,-1.45978,0.01780
48016000000,14.73724,6.86641,0.24645,0.62810,-0.00185,0.00091,-0.77813,-0.29366,-1.46276,0.01774
48049000000,14.72655,6.81740,0.24641,0.62802,-0.00178,0.00092,-0.77820,-0.29504,-1.46393,0.01799
48115000000,14.70734,6.72079,0.24766,0.62783,-0.00181,0.00083,-0.77835,-0.29422,-1.46511,0.01872
48181000000,14.68723,6.62359,0.24824,0.62770,-0.00174,0.00086,-0.77845,-0.29489,-1.46490,0.01854
48247000000,14.66763,6.52720,0.24957,0.62756,-0.00177,0.00082,-0.77857,-0.29611,-1.46317,0.01768
48313000000,14.64719,6.43015,0.24993,0.62740,-0.00170,0.00077,-0.77869,-0.29668,-1.46480,0.01645
48346000000,14.63727,6.38229,0.25076,0.62737,-0.00170,0.00074,-0.77872,-0.29619,-1.46442,0.01768
48379000000,14.62657,6.33390,0.25049,0.62728,-0.00169,0.00072,-0.77879,-0.29694,-1.46353,0.01532
48445000000,14.60705,6.23744,0.25157,0.62718,-0.00165,0.00078,-0.77887,-0.29511,-1.46337,0.01503
48478000000,14.59715,6.18928,0.25197,0.62709,-0.00161,0.00082,-0.77895,-0.29457,-1.46241,0.01567
48511000000,14.58649,6.14037,0.25189,0.62704,-0.00159,0.00087,-0.77898,-0.29620,-1.46265,0.01465
48544000000,14.57668,6.09253,0.25231,0.62696,-0.00160,0.00082,-0.77905,-0.29563,-1.46192,0.01460
48577000000,14.56613,6.04345,0.25221,0.62688,-0.00163,0.00082,-0.77911,-0.29739,-1.46197,0.01402
48610000000,14.55616,5.99571,0.25263,0.62682,-0.00158,0.00083,-0.77916,-0.29780,-1.46279,0.01384
48676000000,14.53558,5.89934,0.25317,0.62674,-0.00160,0.00080,-0.77923,-0.29789,-1.46179,0.01366
48709000000,14.52596,5.85124,0.25387,0.62669,-0.00159,0.00081,-0.77926,-0.29714,-1.46214,0.01383
48775000000,14.50511,5.75496,0.25456,0.62655,-0.00158,0.00084,-0.77938,-0.30016,-1.46267,0.01567
48808000000,14.49523,5.70710,0.25501,0.62647,-0.00160,0.00087,-0.77945,-0.30096,-1.46137,0.01506
48874000000,14.47493,5.61101,0.25610,0.62628,-0.00156,0.00092,-0.77960,-0.30247,-1.46030,0.01576
48907000000,14.46271,5.56370,0.25588,0.62622,-0.00150,0.00087,-0.77964,-0.30508,-1.45933,0.01443
48940000000,14.45281,5.51621,0.25617,0.62617,-0.00153,0.00089,-0.77969,-0.30505,-1.45745,0.01406
49006000000,14.43066,5.42070,0.25619,0.62611,-0.00150,0.00085,-0.77973,-0.30771,-1.45797,0.01287
49039000000,14.42062,5.37345,0.25647,0.62602,-0.00149,0.00080,-0.77980,-0.30699,-1.45698,0.01189
49105000000,14.39857,5.27788,0.25670,0.62594,-0.00149,0.00083,-0.77987,-0.30820,-1.45624,0.01124
49138000000,14.38922,5.22926,0.25695,0.62587,-0.00158,0.00081,-0.77993,-0.30572,-1.45540,0.01125
49171000000,14.37825,5.18113,0.25689,0.62583,-0.00156,0.00082,-0.77995,-0.30671,-1.45552,0.01040
49204000000,14.36819,5.13370,0.25703,0.62578,-0.00157,0.00080,-0.78000,-0.30754,-1.45514,0.00937
49237000000,14.35792,5.08576,0.25726,0.62571,-0.00163,0.00081,-0.78005,-0.30845,-1.45569,0.01051
49270000000,14.34694,5.03717,0.25693,0.62564,-0.00165,0.00076,-0.78011,-0.31005,-1.45603,0.01079
49303000000,14.33678,4.98989,0.25733,0.62563,-0.00165,0.00075,-0.78012,-0.30999,-1.45381,0.01070
49336000000,14.32595,4.94125,0.25706,0.62555,-0.00164,0.00081,-0.78018,-0.31149,-1.45461,0.01060
49435000000,14.29496,4.79818,0.25816,0.62542,-0.00165,0.00082,-0.78029,-0.31233,-1.45336,0.01147
49468000000,14.28348,4.75049,0.25796,0.62539,-0.00171,0.00076,-0.78031,-0.31474,-1.45310,0.01009
49501000000,14.27264,4.70181,0.25740,0.62533,-0.00171,0.00078,-0.78035,-0.31422,-1.45378,0.00975
49534000000,14.26235,4.65481,0.25765,0.62531,-0.00173,0.00072,-0.78038,-0.31353,-1.45309,0.00907
49567000000,14.25189,4.60637,0.25732,0.62527,-0.00173,0.00076,-0.78040,-0.31369,-1.45417,0.00851
49633000000,14.23131,4.51112,0.25794,0.62524,-0.00174,0.00081,-0.78043,-0.31231,-1.45236,0.01037
49666000000,14.22085,4.46325,0.25768,0.62521,-0.00174,0.00082,-0.78046,-0.31049,-1.45294,0.00930
49732000000,14.20041,4.36694,0.25791,0.62507,-0.00169,0.00076,-0.78056,-0.30869,-1.45316,0.00784
49798000000,14.17980,4.27187,0.25849,0.62499,-0.00168,0.00070,-0.78063,-0.30790,-1.45112,0.00809
49831000000,14.16951,4.22243,0.25853,0.62490,-0.00167,0.00077,-0.78070,-0.30692,-1.45253,0.00802
49864000000,14.15880,4.17507,0.25863,0.62492,-0.00163,0.00076,-0.78069,-0.30691,-1.45251,0.00848
49963000000,14.12852,4.03199,0.25936,0.62480,-0.00160,0.00068,-0.78078,-0.30539,-1.44976,0.00694
50029000000,14.10781,3.93413,0.25982,0.62466,-0.00152,0.00074,-0.78090,-0.30737,-1.45206,0.00726
50095000000,14.08699,3.83763,0.26024,0.62452,-0.00149,0.00071,-0.78100,-0.30772,-1.45152,0.00720
50161000000,14.06577,3.74272,0.26069,0.62441,-0.00148,0.00066,-0.78109,-0.30848,-1.45047,0.00763
50194000000,14.05490,3.69577,0.26117,0.62436,-0.00149,0.00065,-0.78113,-0.31061,-1.44845,0.00799
50227000000,14.04471,3.64820,0.26139,0.62436,-0.00148,0.00069,-0.78114,-0.31008,-1.44823,0.00664
50260000000,14.03392,3.59921,0.26192,0.62433,-0.00142,0.00069,-0.78116,-0.31228,-1.45147,0.00607
50293000000,14.02341,3.55243,0.26192,0.62432,-0.00142,0.00069,-0.78117,-0.31285,-1.44922,0.00595
50359000000,14.00265,3.45701,0.26234,0.62423,-0.00138,0.00075,-0.78124,-0.31362,-1.44917,0.00616
50425000000,13.98178,3.35882,0.26324,0.62404,-0.00130,0.00076,-0.78139,-0.31349,-1.45271,0.00724
50458000000,13.97129,3.31343,0.26314,0.62405,-0.00128,0.00073,-0.78139,-0.31375,-1.44790,0.00570
50491000000,13.96047,3.26371,0.26377,0.62398,-0.00121,0.00077,-0.78144,-0.31371,-1.45144,0.00561
50557000000,13.93927,3.16965,0.26381,0.62396,-0.00113,0.00071,-0.78146,-0.31444,-1.45067,0.00435
50590000000,13.92826,3.12158,0.26422,0.62392,-0.00111,0.00070,-0.78149,-0.31638,-1.45138,0.00470
50623000000,13.91756,3.07265,0.26436,0.62388,-0.00107,0.00076,-0.78152,-0.31661,-1.45285,0.00511
50656000000,13.90715,3.02527,0.26441,0.62386,-0.00109,0.00078,-0.78153,-0.31659,-1.45183,0.00597
50689000000,13.89643,2.97681,0.26470,0.62381,-0.00111,0.00082,-0.78157,-0.31739,-1.45251,0.00511
50722000000,13.88590,2.92946,0.26481,0.62381,-0.00118,0.00083,-0.78157,-0.31733,-1.45123,0.00528
50788000000,13.86466,2.83322,0.26510,0.62375,-0.00117,0.00077,-0.78162,-0.31907,-1.45299,0.00509
50821000000,13.85425,2.78559,0.26543,0.62373,-0.00120,0.00080,-0.78164,-0.31837,-1.45065,0.00523
50854000000,13.84376,2.73617,0.26569,0.62364,-0.00118,0.00083,-0.78171,-0.31789,-1.45243,0.00701
50887000000,13.83297,2.68981,0.26574,0.62364,-0.00122,0.00076,-0.78171,-0.31809,-1.45023,0.00812
50920000000,13.82204,2.64207,0.26590,0.62357,-0.00118,0.00071,-0.78176,-0.31829,-1.44967,0.00871
50986000000,13.80121,2.54631,0.26655,0.62347,-0.00116,0.00078,-0.78185,-0.31721,-1.45127,0.00860
51019000000,13.79064,2.49738,0.26667,0.62342,-0.00113,0.00081,-0.78188,-0.31779,-1.45354,0.00828
51052000000,13.78003,2.44990,0.26685,0.62338,-0.00115,0.00077,-0.78192,-0.31986,-1.45307,0.00665
51118000000,13.75914,2.35186,0.26723,0.62330,-0.00108,0.00085,-0.78198,-0.31949,-1.45702,0.00535
51184000000,13.73750,2.25815,0.26743,0.62326,-0.00106,0.00075,-0.78202,-0.32006,-1.45227,0.00438
51250000000,13.71673,2.16003,0.26760,0.62317,-0.00106,0.00084,-0.78208,-0.31927,-1.45512,0.00440
51283000000,13.70548,2.11364,0.26728,0.62321,-0.00104,0.00079,-0.78206,-0.32161,-1.45254,0.00397
51349000000,13.68378,2.01794,0.26738,0.62316,-0.00106,0.00082,-0.78210,-0.32284,-1.45385,0.00438
51382000000,13.67315,1.97072,0.26751,0.62314,-0.00103,0.00078,-0.78211,-0.32189,-1.45354,0.00373
51415000000,13.66213,1.92257,0.26757,0.62314,-0.00098,0.00080,-0.78211,-0.32438,-1.45336,0.00435
51448000000,13.65088,1.87566,0.26751,0.62310,-0.00097,0.00075,-0.78214,-0.32563,-1.45111,0.00319
51514000000,13.62985,1.77940,0.26781,0.62303,-0.00099,0.00075,-0.78220,-0.32501,-1.45280,0.00379
51580000000,13.60797,1.68301,0.26795,0.62285,-0.00102,0.00079,-0.78234,-0.32756,-1.45402,0.00357
51613000000,13.59700,1.63579,0.26799,0.62288,-0.00101,0.00078,-0.78232,-0.32723,-1.44915,0.00452
51646000000,13.58602,1.58723,0.26821,0.62287,-0.00104,0.00080,-0.78233,-0.32550,-1.43820,0.00397
51679000000,13.57517,1.54132,0.26826,0.62281,-0.00108,0.00080,-0.78237,-0.32737,-1.42447,0.00390
51745000000,13.55283,1.44789,0.26846,0.62243,-0.00108,0.00085,-0.78267,-0.33336,-1.39872,0.00509
51778000000,13.54253,1.40257,0.26865,0.62209,-0.00116,0.00085,-0.78294,-0.33513,-1.38009,0.00545
51844000000,13.52002,1.31188,0.26923,0.62096,-0.00120,0.00093,-0.78384,-0.34675,-1.35038,0.00805
51877000000,13.50869,1.26885,0.26940,0.62011,-0.00125,0.00084,-0.78452,-0.35634,-1.33935,0.00892
51910000000,13.49679,1.22486,0.26969,0.61905,-0.00120,0.00088,-0.78535,-0.36593,-1.32100,0.00962
51943000000,13.48494,1.18210,0.27016,0.61777,-0.00122,0.00086,-0.78636,-0.37533,-1.30133,0.00987
51976000000,13.47176,1.13871,0.27043,0.61624,-0.00122,0.00082,-0.78756,-0.39079,-1.29334,0.01044
52009000000,13.45961,1.09763,0.27081,0.61450,-0.00133,0.00079,-0.78892,-0.40365,-1.27640,0.01017
52042000000,13.44591,1.05529,0.27098,0.61238,-0.00134,0.00082,-0.79056,-0.41804,-1.25928,0.00979
52075000000,13.43241,1.01475,0.27134,0.61002,-0.00138,0.00086,-0.79239,-0.43618,-1.24926,0.01032
52141000000,13.40287,0.93477,0.27180,0.60426,-0.00138,0.00086,-0.79678,-0.47255,-1.21175,0.01054
52174000000,13.38808,0.89384,0.27211,0.60082,-0.00139,0.00094,-0.79938,-0.49223,-1.19569,0.00977
52207000000,13.37187,0.85452,0.27241,0.59702,-0.00141,0.00095,-0.80222,-0.51557,-1.17885,0.00855
52240000000,13.35420,0.81624,0.27278,0.59282,-0.00137,0.00096,-0.80533,-0.54202,-1.16022,0.00850
52273000000,13.33623,0.77811,0.27311,0.58814,-0.00140,0.00096,-0.80876,-0.57010,-1.14372,0.00840
52306000000,13.31679,0.74069,0.27332,0.58294,-0.00137,0.00096,-0.81251,-0.60122,-1.12770,0.00758
52339000000,13.29670,0.70375,0.27354,0.57723,-0.00140,0.00094,-0.81658,-0.63396,-1.11021,0.00676
52405000000,13.25235,0.63166,0.27385,0.56400,-0.00144,0.00086,-0.82577,-0.71112,-1.07539,0.00599
52438000000,13.22856,0.59604,0.27397,0.55636,-0.00142,0.00085,-0.83094,-0.75304,-1.05874,0.00550
52504000000,13.17596,0.52749,0.27419,0.53876,-0.00148,0.00079,-0.84246,-0.84890,-1.02199,0.00440
52537000000,13.14708,0.49417,0.27424,0.52881,-0.00151,0.00078,-0.84874,-0.90179,-1.00190,0.00484
52570000000,13.11643,0.46156,0.27435,0.51796,-0.00150,0.00077,-0.85540,-0.95820,-0.98087,0.00541
52603000000,13.08361,0.42959,0.27432,0.50613,-0.00148,0.00075,-0.86245,-1.01959,-0.95817,0.00544
52636000000,13.04871,0.39762,0.27432,-0.49331,0.00147,-0.00079,0.86985,-1.08601,-0.93483,0.00608
52669000000,13.01166,0.36652,0.27445,-0.47955,0.00146,-0.00079,0.87752,-1.15493,-0.91158,0.00747
52735000000,12.93031,0.30693,0.27491,-0.44887,0.00146,-0.00087,0.89359,-1.30574,-0.85584,0.00830
52801000000,12.83994,0.25315,0.27543,-0.41424,0.00149,-0.00087,0.91017,-1.40309,-0.74807,0.01004
52867000000,12.74567,0.20772,0.27614,-0.37948,0.00149,-0.00082,0.92520,-1.44658,-0.62057,0.01012
52900000000,12.69751,0.18805,0.27646,-0.36245,0.00147,-0.00080,0.93200,-1.46509,-0.56216,0.01048
52966000000,12.59978,0.15427,0.27711,-0.32930,0.00155,-0.00082,0.94422,-1.49048,-0.46278,0.01145
52999000000,12.55050,0.13830,0.27745,-0.31400,0.00155,-0.00085,0.94942,-1.47577,-0.45973,0.01089
53032000000,12.50146,0.12300,0.27773,-0.29975,0.00155,-0.00083,0.95402,-1.48527,-0.42688,0.00987
53065000000,12.45205,0.10888,0.27793,-0.28604,0.00152,-0.00081,0.95822,-1.49556,-0.39273,0.00884
53098000000,12.40233,0.09594,0.27809,-0.27288,0.00151,-0.00082,0.96205,-1.50455,-0.36172,0.00740
53131000000,12.35231,0.08386,0.27819,-0.26028,0.00154,-0.00084,0.96553,-1.51206,-0.33469,0.00711
53197000000,12.25169,0.06278,0.27852,-0.23699,0.00154,-0.00078,0.97151,-1.52725,-0.28725,0.00751
53230000000,12.20072,0.05282,0.27863,-0.22633,0.00154,-0.00081,0.97405,-1.53477,-0.27066,0.00859
53263000000,12.14962,0.04378,0.27877,-0.21639,0.00148,-0.00082,0.97630,-1.54334,-0.25531,0.00879
53329000000,12.04697,0.02709,0.27919,-0.19838,0.00141,-0.00081,0.98012,-1.55404,-0.23189,0.00846
53362000000,11.99540,0.01935,0.27926,-0.18997,0.00141,-0.00081,0.98179,-1.55544,-0.21849,0.00812
53395000000,11.94386,0.01196,0.27936,-0.18180,0.00137,-0.00081,0.98333,-1.55707,-0.20512,0.00798
53428000000,11.89230,0.00512,0.27948,-0.17387,0.00137,-0.00084,0.98477,-1.55840,-0.19196,0.00767
53461000000,11.84072,-0.00131,0.27959,-0.16613,0.00139,-0.00082,0.98610,-1.55891,-0.17890,0.00703
53494000000,11.78893,-0.00737,0.27974,-0.15862,0.00136,-0.00076,0.98734,-1.55959,-0.16737,0.00732
53560000000,11.68583,-0.01785,0.28010,-0.14419,0.00131,-0.00080,0.98955,-1.56030,-0.14282,0.00787
53593000000,11.63400,-0.02312,0.28031,-0.13730,0.00134,-0.00083,0.99053,-1.56087,-0.13216,0.00753
53659000000,11.53067,-0.03155,0.28069,-0.12405,0.00135,-0.00087,0.99227,-1.55977,-0.11072,0.00582
53692000000,11.47885,-0.03547,0.28077,-0.11766,0.00130,-0.00088,0.99305,-1.56154,-0.09924,0.00532
53791000000,11.32424,-0.04378,0.28112,-0.09957,0.00135,-0.00079,0.99503,-1.55867,-0.06491,0.00494
53857000000,11.22126,-0.04795,0.28140,-0.08824,0.00134,-0.00086,0.99610,-1.55754,-0.04322,0.00430
53890000000,11.16975,-0.04983,0.28146,-0.08288,0.00133,-0.00087,0.99656,-1.55613,-0.03378,0.00415
53956000000,11.06672,-0.05152,0.28147,-0.07248,0.00136,-0.00084,0.99737,-1.55413,-0.01423,0.00113
54022000000,10.96458,-0.05231,0.28163,-0.06258,0.00132,-0.00093,0.99804,-1.55185,0.00442,0.00159
54187000000,10.70956,-0.04855,0.28169,-0.04037,0.00138,-0.00096,0.99918,-1.54128,0.04639,0.00042
54253000000,10.60705,-0.04668,0.28187,-0.03233,0.00134,-0.00097,0.99948,-1.53860,0.06052,0.00149
54319000000,10.50588,-0.04287,0.28202,-0.02469,0.00136,-0.00109,0.99969,-1.53188,0.07506,0.00059
54385000000,10.40477,-0.03836,0.28220,-0.01753,0.00137,-0.00113,0.99984,-1.52856,0.08846,0.00146
54484000000,10.25338,-0.03000,0.28251,-0.00751,0.00135,-0.00120,0.99997,-1.52339,0.10718,0.00147
54517000000,10.20304,-0.02711,0.28265,-0.00442,0.00136,-0.00127,0.99999,-1.52096,0.11187,0.00117
54649000000,10.00271,-0.01198,0.28310,0.00728,0.00136,-0.00135,0.99997,-1.51347,0.13300,0.00160
54682000000,9.95271,-0.00812,0.28323,0.01002,0.00135,-0.00137,0.99995,-1.51281,0.13802,0.00115
54814000000,9.75334,0.00990,0.28386,0.02017,0.00129,-0.00138,0.99979,-1.50707,0.15844,0.00096
54847000000,9.70364,0.01499,0.28404,0.02250,0.00125,-0.00141,0.99975,-1.50423,0.16268,0.00092
54880000000,9.65337,0.01845,0.28451,0.02472,0.00120,-0.00144,0.99969,-1.50450,0.16446,0.00016
54946000000,9.55445,0.02993,0.28437,0.02911,0.00130,-0.00144,0.99957,-1.49993,0.17299,-0.00062
54979000000,9.50518,0.03532,0.28426,0.03120,0.00130,-0.00141,0.99951,-1.49638,0.17619,0.00015
55045000000,9.40556,0.04396,0.28455,0.03518,0.00138,-0.00141,0.99938,-1.49376,0.18039,0.00254
55111000000,9.30734,0.05606,0.28439,0.03894,0.00139,-0.00135,0.99924,-1.49010,0.18825,0.00218
55144000000,9.25748,0.05915,0.28466,0.04072,0.00127,-0.00139,0.99917,-1.48857,0.18756,0.00275
55243000000,9.11048,0.07811,0.28494,0.04588,0.00133,-0.00148,0.99895,-1.48298,0.19835,-0.00019
55276000000,9.06049,0.08170,0.28506,0.04747,0.00126,-0.00151,0.99887,-1.48246,0.19769,0.00063
55342000000,8.96182,0.09266,0.28527,0.05041,0.00123,-0.00143,0.99873,-1.48067,0.19963,0.00076
55408000000,8.86401,0.10600,0.28526,0.05335,0.00117,-0.00141,0.99857,-1.47783,0.20547,-0.00152
55441000000,8.81443,0.11174,0.28549,0.05466,0.00113,-0.00150,0.99850,-1.47713,0.20699,-0.00160
55540000000,8.66801,0.13258,0.28523,0.05853,0.00120,-0.00140,0.99828,-1.47371,0.21557,-0.00337
55606000000,8.56896,0.14533,0.28550,0.06083,0.00109,-0.00146,0.99815,-1.47326,0.21783,-0.00236
55672000000,8.46903,0.15859,0.28551,0.06303,0.00105,-0.00145,0.99801,-1.47579,0.22137,-0.00329
55738000000,8.37143,0.17335,0.28517,0.06513,0.00110,-0.00139,0.99787,-1.47380,0.22533,-0.00423
55804000000,8.27132,0.18656,0.28504,0.06707,0.00105,-0.00143,0.99775,-1.47446,0.22753,-0.00523
55837000000,8.22291,0.19388,0.28483,0.06804,0.00111,-0.00141,0.99768,-1.47250,0.22897,-0.00555
55936000000,8.07403,0.21515,0.28432,0.07060,0.00102,-0.00150,0.99750,-1.47427,0.23400,-0.00610
55969000000,8.02544,0.22266,0.28406,0.07142,0.00102,-0.00150,0.99744,-1.47287,0.23500,-0.00619
56035000000,7.93161,0.23795,0.28379,0.07306,0.00105,-0.00158,0.99733,-1.46760,0.23767,-0.00489
56068000000,7.88635,0.24350,0.28437,0.07378,0.00106,-0.00170,0.99727,-1.46267,0.23552,-0.00308
56134000000,7.78429,0.25974,0.28372,0.07526,0.00092,-0.00162,0.99716,-1.46533,0.24025,-0.00411
56200000000,7.68629,0.27599,0.28340,0.07665,0.00085,-0.00165,0.99706,-1.46457,0.24242,-0.00273
56233000000,7.63599,0.28490,0.28321,0.07727,0.00086,-0.00161,0.99701,-1.46551,0.24410,-0.00285
56266000000,7.58772,0.29295,0.28312,0.07792,0.00084,-0.00162,0.99696,-1.46500,0.24521,-0.00410
56299000000,7.53907,0.30115,0.28303,0.07855,0.00079,-0.00165,0.99691,-1.46486,0.24729,-0.00356
56332000000,7.49062,0.30918,0.28295,0.07914,0.00078,-0.00168,0.99686,-1.46552,0.24801,-0.00378
56365000000,7.44200,0.31698,0.28290,0.07974,0.00072,-0.00168,0.99681,-1.46555,0.24829,-0.00412
56398000000,7.39348,0.32495,0.28283,0.08029,0.00072,-0.00167,0.99677,-1.46493,0.25044,-0.00356
56464000000,7.29669,0.34127,0.28268,0.08131,0.00066,-0.00166,0.99669,-1.46542,0.25313,-0.00371
56497000000,7.24803,0.34915,0.28269,0.08183,0.00066,-0.00166,0.99664,-1.46444,0.25363,-0.00415
56530000000,7.19961,0.35741,0.28260,0.08232,0.00068,-0.00163,0.99660,-1.46412,0.25511,-0.00405
56563000000,7.15130,0.36575,0.28252,0.08274,0.00066,-0.00166,0.99657,-1.46295,0.25686,-0.00343
56629000000,7.05376,0.38180,0.28239,0.08368,0.00064,-0.00168,0.99649,-1.46401,0.25728,-0.00396
56662000000,6.99960,0.38591,0.28325,0.08401,0.00060,-0.00177,0.99646,-1.46836,0.25273,-0.00235
56695000000,6.95227,0.39447,0.28320,0.08441,0.00055,-0.00180,0.99643,-1.46696,0.25429,-0.00221
56728000000,6.90368,0.40274,0.28312,0.08481,0.00055,-0.00177,0.99640,-1.46696,0.25484,-0.00117
56794000000,6.80639,0.41910,0.28302,0.08555,0.00060,-0.00175,0.99633,-1.46574,0.25564,-0.00192
56827000000,6.75756,0.42710,0.28296,0.08592,0.00059,-0.00179,0.99630,-1.46493,0.25564,-0.00267
56860000000,6.69639,0.43219,0.28376,0.08619,0.00053,-0.00190,0.99628,-1.47484,0.25329,-0.00141
56893000000,6.65444,0.43825,0.28395,0.08661,0.00059,-0.00193,0.99624,-1.46861,0.25231,-0.00002
56959000000,6.54980,0.45070,0.28470,0.08731,0.00046,-0.00197,0.99618,-1.47670,0.24769,0.00042
57025000000,6.45464,0.46755,0.28471,0.08800,0.00051,-0.00202,0.99612,-1.47654,0.24820,0.00025
57091000000,6.35826,0.48470,0.28463,0.08848,0.00058,-0.00204,0.99608,-1.47724,0.24990,0.00030
57157000000,6.26164,0.50188,0.28458,0.08906,0.00054,-0.00213,0.99602,-1.47581,0.25119,0.00126
57223000000,6.16515,0.51919,0.28450,0.08957,0.00063,-0.00213,0.99598,-1.47467,0.25404,0.00075
57256000000,6.11639,0.52762,0.28447,0.08981,0.00066,-0.00215,0.99596,-1.47354,0.25325,-0.00009
57322000000,6.01356,0.54082,0.28488,0.09028,0.00063,-0.00213,0.99591,-1.47776,0.25070,0.00148
57355000000,5.96592,0.54880,0.28483,0.09058,0.00067,-0.00211,0.99589,-1.47819,0.25084,0.00151
57421000000,5.84873,0.56410,0.28482,0.09103,0.00047,-0.00207,0.99585,-1.49386,0.24976,0.00100
57454000000,5.80580,0.56929,0.28537,0.09128,0.00050,-0.00214,0.99582,-1.49020,0.24612,0.00160
57520000000,5.69932,0.58355,0.28541,0.09174,0.00046,-0.00210,0.99578,-1.49535,0.24320,0.00253
57553000000,5.65214,0.59157,0.28557,0.09192,0.00050,-0.00211,0.99576,-1.49349,0.24346,0.00380
57619000000,5.55426,0.60761,0.28585,0.09221,0.00051,-0.00208,0.99574,-1.49243,0.24273,0.00260
57652000000,5.50541,0.61565,0.28604,0.09235,0.00052,-0.00205,0.99572,-1.49198,0.24328,0.00246
57685000000,5.45703,0.62385,0.28620,0.09256,0.00053,-0.00203,0.99571,-1.49106,0.24294,0.00212
57718000000,5.40804,0.63183,0.28619,0.09278,0.00052,-0.00204,0.99568,-1.49144,0.24226,0.00252
57751000000,5.35874,0.63962,0.28628,0.09294,0.00050,-0.00208,0.99567,-1.49008,0.24148,0.00204
57784000000,5.30955,0.64765,0.28643,0.09309,0.00048,-0.00206,0.99566,-1.49147,0.24265,0.00170
57817000000,5.25461,0.65608,0.28655,0.09326,0.00040,-0.00206,0.99564,-1.49491,0.24280,0.00134
57850000000,5.20539,0.66472,0.28666,0.09343,0.00043,-0.00211,0.99562,-1.49434,0.24342,0.00148
57883000000,5.15596,0.67274,0.28665,0.09364,0.00038,-0.00213,0.99560,-1.49496,0.24401,0.00130
57949000000,5.05865,0.68900,0.28685,0.09389,0.00041,-0.00210,0.99558,-1.49548,0.24288,0.00229
58015000000,4.96049,0.70467,0.28733,0.09419,0.00041,-0.00224,0.99555,-1.49543,0.24073,0.00231
58048000000,4.88096,0.71897,0.28666,0.09428,0.00029,-0.00211,0.99554,-1.51505,0.24452,0.00112
58081000000,4.84988,0.72080,0.28789,0.09454,0.00032,-0.00221,0.99552,-1.50552,0.24014,0.00232
58114000000,4.79001,0.72985,0.28721,0.09470,0.00023,-0.00221,0.99550,-1.51355,0.24062,0.00085
58180000000,4.69328,0.74485,0.28736,0.09499,0.00030,-0.00219,0.99548,-1.51061,0.23883,0.00058
58213000000,4.64282,0.75192,0.28733,0.09512,0.00028,-0.00222,0.99546,-1.51216,0.23788,0.00049
58279000000,4.54315,0.76773,0.28760,0.09530,0.00023,-0.00218,0.99545,-1.51229,0.23599,0.00171
58312000000,4.49390,0.77601,0.28783,0.09542,0.00029,-0.00215,0.99544,-1.51102,0.23604,0.00197
58345000000,4.44429,0.78386,0.28780,0.09549,0.00030,-0.00209,0.99543,-1.51220,0.23449,0.00258
58378000000,4.38049,0.79028,0.28709,0.09560,0.00021,-0.00208,0.99542,-1.52322,0.23294,0.00230
58411000000,4.33375,0.79851,0.28760,0.09571,0.00023,-0.00208,0.99541,-1.52159,0.23200,0.00203
58477000000,4.23338,0.81385,0.28775,0.09591,0.00014,-0.00214,0.99539,-1.52192,0.23221,0.00111
58510000000,4.18347,0.82146,0.28793,0.09597,0.00014,-0.00213,0.99538,-1.52067,0.23056,0.00323
58576000000,4.05169,0.83870,0.28794,0.09618,-0.00011,-0.00203,0.99536,-1.54404,0.23104,0.00287
58609000000,4.02273,0.84318,0.28784,0.09634,-0.00001,-0.00206,0.99535,-1.52906,0.22828,0.00372
58642000000,3.95570,0.85094,0.28777,0.09642,-0.00009,-0.00204,0.99534,-1.54177,0.22822,0.00363
58675000000,3.91173,0.85773,0.28783,0.09649,-0.00001,-0.00208,0.99533,-1.53591,0.22689,0.00278
58741000000,3.81064,0.87265,0.28791,0.09661,-0.00004,-0.00204,0.99532,-1.53625,0.22406,0.00175
58774000000,3.73390,0.88006,0.28778,0.09668,-0.00019,-0.00201,0.99531,-1.55961,0.22338,0.00206
58807000000,3.68556,0.88632,0.28748,0.09681,-0.00017,-0.00200,0.99530,-1.55885,0.22188,0.00119
58840000000,3.60134,0.89448,0.28651,0.09685,-0.00038,-0.00194,0.99530,-1.58668,0.22058,0.00039
58873000000,3.56406,0.90052,0.28748,0.09695,-0.00029,-0.00201,0.99529,-1.57604,0.21859,0.00086
58939000000,3.44611,0.91506,0.28754,0.09705,-0.00035,-0.00197,0.99528,-1.58977,0.21932,0.00010
58972000000,3.39774,0.92187,0.28751,0.09712,-0.00035,-0.00196,0.99527,-1.58647,0.21879,-0.00124
59005000000,3.32637,0.92872,0.28732,0.09723,-0.00051,-0.00198,0.99526,-1.60663,0.22059,-0.00133
59038000000,3.27703,0.93601,0.28725,0.09726,-0.00047,-0.00196,0.99526,-1.60498,0.22099,-0.00168
59071000000,3.20350,0.94287,0.28705,0.09729,-0.00060,-0.00191,0.99525,-1.62863,0.21963,-0.00336
59104000000,3.15381,0.94889,0.28689,0.09743,-0.00054,-0.00190,0.99524,-1.62457,0.21673,-0.00238
59137000000,3.08565,0.95579,0.28683,0.09752,-0.00071,-0.00188,0.99523,-1.64559,0.21701,-0.00172
59170000000,3.03640,0.96284,0.28682,0.09756,-0.00064,-0.00186,0.99523,-1.63990,0.21642,-0.00284
59203000000,2.98363,0.97009,0.28673,0.09762,-0.00066,-0.00185,0.99522,-1.63921,0.21595,-0.00364
59236000000,2.93022,0.97735,0.28667,0.09765,-0.00070,-0.00183,0.99522,-1.63880,0.21611,-0.00374
59302000000,2.82193,0.99188,0.28646,0.09781,-0.00069,-0.00187,0.99520,-1.64151,0.21537,-0.00285
59335000000,2.75654,0.99980,0.28661,0.09794,-0.00081,-0.00183,0.99519,-1.65668,0.21734,-0.00243
59368000000,2.68092,1.00550,0.28608,0.09805,-0.00103,-0.00186,0.99518,-1.68786,0.21458,-0.00276
59401000000,2.63775,1.01298,0.28621,0.09817,-0.00092,-0.00187,0.99517,-1.67281,0.21443,-0.00298
59434000000,2.56849,1.02061,0.28597,0.09825,-0.00112,-0.00182,0.99516,-1.69325,0.21593,-0.00345
59467000000,2.51983,1.02768,0.28597,0.09833,-0.00107,-0.00185,0.99515,-1.68395,0.21623,-0.00371
59533000000,2.39371,1.04214,0.28550,0.09846,-0.00127,-0.00182,0.99514,-1.70754,0.21704,-0.00579
59566000000,2.34425,1.04950,0.28538,0.09852,-0.00118,-0.00185,0.99513,-1.69900,0.21697,-0.00708
59599000000,2.26846,1.05742,0.28483,0.09856,-0.00139,-0.00174,0.99513,-1.72735,0.21779,-0.00808
59632000000,2.22354,1.06444,0.28477,0.09863,-0.00121,-0.00174,0.99512,-1.71265,0.21754,-0.00876
59665000000,2.15235,1.07171,0.28428,0.09871,-0.00138,-0.00170,0.99511,-1.73517,0.21690,-0.01024
59698000000,2.10089,1.07873,0.28408,0.09876,-0.00133,-0.00171,0.99511,-1.72872,0.21760,-0.00990
59731000000,2.04440,1.08624,0.28378,0.09879,-0.00133,-0.00169,0.99511,-1.72936,0.21690,-0.01045
59797000000,1.93053,1.10092,0.28308,0.09893,-0.00128,-0.00170,0.99509,-1.73278,0.21762,-0.01198
59863000000,1.79868,1.11652,0.28193,0.09903,-0.00139,-0.00171,0.99508,-1.75839,0.21807,-0.01378
59929000000,1.69210,1.13017,0.28132,0.09922,-0.00129,-0.00178,0.99506,-1.74828,0.21660,-0.01430
59962000000,1.59595,1.13899,0.28011,0.09924,-0.00165,-0.00174,0.99506,-1.79769,0.21824,-0.01636
60028000000,1.50881,1.15253,0.27991,0.09933,-0.00144,-0.00171,0.99505,-1.76332,0.21833,-0.01618
60094000000,1.38008,1.16778,0.27878,0.09944,-0.00160,-0.00168,0.99504,-1.78204,0.21833,-0.01809
60127000000,1.30216,1.17621,0.27829,0.09953,-0.00178,-0.00168,0.99503,-1.80818,0.21978,-0.01726
60193000000,1.19803,1.19027,0.27702,0.09971,-0.00172,-0.00170,0.99501,-1.79313,0.21835,-0.01907
60226000000,1.10934,1.20032,0.27644,0.09984,-0.00202,-0.00162,0.99500,-1.83169,0.22267,-0.01882
60292000000,1.00770,1.21459,0.27540,0.09990,-0.00189,-0.00165,0.99499,-1.81282,0.22183,-0.01984
60325000000,0.92795,1.22544,0.27503,0.10002,-0.00204,-0.00152,0.99498,-1.83948,0.22610,-0.02098
60391000000,0.81820,1.23841,0.27345,0.10006,-0.00190,-0.00157,0.99498,-1.82954,0.22410,-0.02291
60424000000,0.73992,1.24816,0.27239,0.10012,-0.00204,-0.00150,0.99497,-1.85222,0.22688,-0.02397
60457000000,0.69016,1.25401,0.27201,0.10017,-0.00198,-0.00153,0.99497,-1.84151,0.22410,-0.02229
60490000000,0.60927,1.26376,0.27150,0.10021,-0.00218,-0.00145,0.99496,-1.86739,0.22609,-0.02332
60523000000,0.55897,1.27079,0.27077,0.10024,-0.00213,-0.00149,0.99496,-1.85496,0.22552,-0.02423
60556000000,0.47997,1.27876,0.27003,0.10030,-0.00234,-0.00150,0.99495,-1.88100,0.22559,-0.02457
60589000000,0.42773,1.28593,0.26911,0.10035,-0.00225,-0.00151,0.99495,-1.87147,0.22421,-0.02379
60622000000,0.34851,1.29393,0.26835,0.10042,-0.00241,-0.00148,0.99494,-1.89800,0.22394,-0.02429
60655000000,0.29488,1.30080,0.26764,0.10044,-0.00235,-0.00154,0.99494,-1.88811,0.22249,-0.02449
60688000000,0.21805,1.30769,0.26694,0.10056,-0.00250,-0.00154,0.99493,-1.91013,0.22248,-0.02343
60721000000,0.16125,1.31503,0.26627,0.10065,-0.00243,-0.00152,0.99492,-1.90403,0.22073,-0.02406
60754000000,0.07602,1.32262,0.26512,0.10070,-0.00268,-0.00153,0.99491,-1.93994,0.22028,-0.02594
60787000000,0.02412,1.32985,0.26450,0.10074,-0.00259,-0.00159,0.99491,-1.92540,0.21899,-0.02606
60853000000,-0.13016,1.34568,0.26216,0.10084,-0.00282,-0.00145,0.99490,-1.97056,0.22167,-0.02799
60886000000,-0.18121,1.35207,0.26157,0.10085,-0.00273,-0.00144,0.99490,-1.95466,0.21902,-0.02861
60919000000,-0.26081,1.36033,0.26028,0.10091,-0.00283,-0.00135,0.99489,-1.98078,0.22014,-0.02956
60985000000,-0.38314,1.37444,0.25870,0.10103,-0.00277,-0.00143,0.99488,-1.97375,0.21923,-0.02914
61018000000,-0.46450,1.38293,0.25752,0.10114,-0.00297,-0.00133,0.99487,-2.00302,0.22035,-0.02877
61051000000,-0.51948,1.38947,0.25668,0.10120,-0.00284,-0.00135,0.99486,-1.98956,0.21854,-0.02928
61084000000,-0.60468,1.39813,0.25532,0.10122,-0.00304,-0.00136,0.99486,-2.02276,0.22127,-0.03031
61117000000,-0.65671,1.40449,0.25468,0.10123,-0.00287,-0.00138,0.99486,-2.00357,0.22048,-0.03097
61150000000,-0.73939,1.41201,0.25357,0.10131,-0.00305,-0.00139,0.99485,-2.03359,0.22029,-0.03211
61216000000,-0.86083,1.42647,0.25176,0.10139,-0.00290,-0.00135,0.99484,-2.01998,0.22154,-0.03330
61249000000,-0.92791,1.43402,0.25068,0.10141,-0.00287,-0.00132,0.99484,-2.02393,0.22007,-0.03397
61282000000,-1.00869,1.44225,0.24971,0.10142,-0.00304,-0.00128,0.99484,-2.04566,0.22164,-0.03436
61315000000,-1.06771,1.44875,0.24863,0.10147,-0.00299,-0.00130,0.99483,-2.03591,0.21969,-0.03429
61381000000,-1.22626,1.46525,0.24640,0.10156,-0.00322,-0.00129,0.99482,-2.07486,0.22381,-0.03567
61414000000,-1.27703,1.47107,0.24550,0.10157,-0.00308,-0.00129,0.99482,-2.05522,0.22025,-0.03591
61447000000,-1.35474,1.47993,0.24469,0.10162,-0.00316,-0.00125,0.99482,-2.07195,0.22268,-0.03473
61480000000,-1.42044,1.48676,0.24350,0.10166,-0.00312,-0.00124,0.99481,-2.07244,0.22167,-0.03597
61513000000,-1.48919,1.49437,0.24237,0.10169,-0.00314,-0.00117,0.99481,-2.07529,0.22236,-0.03647
61546000000,-1.55789,1.50192,0.24126,0.10168,-0.00315,-0.00121,0.99481,-2.07929,0.22140,-0.03614
61579000000,-1.62673,1.50941,0.24014,0.10172,-0.00312,-0.00125,0.99481,-2.08199,0.22055,-0.03563
61612000000,-1.70647,1.51967,0.23976,0.10181,-0.00317,-0.00115,0.99480,-2.09903,0.22405,-0.03394
61645000000,-1.77518,1.52633,0.23843,0.10187,-0.00315,-0.00119,0.99479,-2.10006,0.22196,-0.03574
61678000000,-1.85522,1.53632,0.23797,0.10196,-0.00321,-0.00113,0.99478,-2.11641,0.22584,-0.03596
61711000000,-1.92436,1.54320,0.23667,0.10202,-0.00326,-0.00115,0.99478,-2.11863,0.22428,-0.03678
61744000000,-1.99447,1.55109,0.23550,0.10210,-0.00319,-0.00123,0.99477,-2.12236,0.22629,-0.03730
61777000000,-2.06487,1.55888,0.23433,0.10214,-0.00323,-0.00119,0.99476,-2.12519,0.22765,-0.03760
61810000000,-2.13531,1.56667,0.23319,0.10220,-0.00324,-0.00118,0.99476,-2.12865,0.22896,-0.03819
61876000000,-2.29044,1.58712,0.23176,0.10236,-0.00338,-0.00102,0.99474,-2.15147,0.23470,-0.04004
61909000000,-2.36007,1.59414,0.23034,0.10241,-0.00337,-0.00098,0.99474,-2.15326,0.23456,-0.04103
61975000000,-2.51977,1.61607,0.22877,0.10250,-0.00355,-0.00087,0.99473,-2.18020,0.24217,-0.03947
62008000000,-2.58925,1.62287,0.22722,0.10259,-0.00354,-0.00093,0.99472,-2.18021,0.24065,-0.04006
62041000000,-2.67947,1.63769,0.22749,0.10268,-0.00365,-0.00075,0.99471,-2.20373,0.24833,-0.03870
62074000000,-2.75103,1.64495,0.22597,0.10273,-0.00367,-0.00076,0.99470,-2.20577,0.24536,-0.04001
62140000000,-2.89586,1.66127,0.22329,0.10282,-0.00360,-0.00081,0.99469,-2.21162,0.24635,-0.04106
62173000000,-2.96863,1.66956,0.22192,0.10286,-0.00357,-0.00088,0.99469,-2.21571,0.24691,-0.04187
62239000000,-3.13621,1.69229,0.22060,0.10301,-0.00371,-0.00076,0.99467,-2.24491,0.25335,-0.04121
62272000000,-3.20988,1.70045,0.21905,0.10300,-0.00373,-0.00081,0.99467,-2.24876,0.25427,-0.04186
62338000000,-3.38646,1.72514,0.21760,0.10311,-0.00393,-0.00071,0.99466,-2.28498,0.26342,-0.04218
62371000000,-3.45944,1.73281,0.21603,0.10317,-0.00396,-0.00071,0.99466,-2.28511,0.26320,-0.04376
62404000000,-3.55742,1.74890,0.21587,0.10325,-0.00420,-0.00062,0.99465,-2.31478,0.27200,-0.04286
62437000000,-3.63316,1.75707,0.21425,0.10331,-0.00425,-0.00061,0.99464,-2.31777,0.27074,-0.04419
62470000000,-3.71002,1.76617,0.21297,0.10335,-0.00430,-0.00059,0.99464,-2.32144,0.27025,-0.04434
62503000000,-3.78692,1.77540,0.21164,0.10340,-0.00429,-0.00061,0.99463,-2.32512,0.27150,-0.04413
62569000000,-3.94067,1.79380,0.20879,0.10349,-0.00427,-0.00058,0.99462,-2.33360,0.27140,-0.04611
62602000000,-4.01737,1.80351,0.20748,0.10354,-0.00432,-0.00058,0.99462,-2.33729,0.27313,-0.04617
62635000000,-4.12168,1.82113,0.20752,0.10361,-0.00451,-0.00046,0.99461,-2.36923,0.28361,-0.04497
62668000000,-4.19898,1.82958,0.20571,0.10372,-0.00448,-0.00050,0.99460,-2.37242,0.28273,-0.04594
62701000000,-4.27722,1.83892,0.20421,0.10377,-0.00448,-0.00052,0.99459,-2.37604,0.28300,-0.04641
62734000000,-4.35557,1.84832,0.20270,0.10382,-0.00448,-0.00050,0.99459,-2.37973,0.28448,-0.04681
62800000000,-4.51320,1.86754,0.19985,0.10387,-0.00453,-0.00048,0.99458,-2.39076,0.28539,-0.04736
62833000000,-4.59249,1.87741,0.19857,0.10395,-0.00453,-0.00047,0.99457,-2.39528,0.28683,-0.04827
62866000000,-4.67183,1.88730,0.19718,0.10403,-0.00456,-0.00044,0.99456,-2.39898,0.28796,-0.04799
62899000000,-4.78923,1.91137,0.19797,0.10411,-0.00481,-0.00025,0.99455,-2.43549,0.30190,-0.04654
62932000000,-4.86438,1.91869,0.19631,0.10416,-0.00484,-0.00027,0.99455,-2.43656,0.30102,-0.04710
62998000000,-5.02540,1.93886,0.19330,0.10420,-0.00488,-0.00026,0.99454,-2.44507,0.30161,-0.05066
63031000000,-5.10607,1.94866,0.19175,0.10422,-0.00491,-0.00032,0.99454,-2.44873,0.30217,-0.05032
63064000000,-5.18653,1.95777,0.19012,0.10427,-0.00494,-0.00034,0.99454,-2.45275,0.30202,-0.05065
63097000000,-5.30092,1.98247,0.19117,0.10435,-0.00514,-0.00012,0.99453,-2.48492,0.31687,-0.04931
63130000000,-5.38190,1.99217,0.18934,0.10441,-0.00515,-0.00017,0.99452,-2.48902,0.31670,-0.04941
63163000000,-5.46463,2.00312,0.18795,0.10449,-0.00519,-0.00015,0.99451,-2.49454,0.31671,-0.05023
63196000000,-5.54478,2.01401,0.18652,0.10456,-0.00522,-0.00013,0.99451,-2.49732,0.31813,-0.05054
63229000000,-5.62437,2.02540,0.18499,0.10459,-0.00516,-0.00014,0.99450,-2.50062,0.31954,-0.05115
63262000000,-5.70724,2.03672,0.18357,0.10469,-0.00521,-0.00008,0.99449,-2.50484,0.32172,-0.04996
63295000000,-5.78988,2.04736,0.18197,0.10473,-0.00522,-0.00005,0.99449,-2.51044,0.32166,-0.04939
63328000000,-5.91955,2.07777,0.18320,0.10478,-0.00547,0.00013,0.99448,-2.54951,0.33897,-0.04728
63361000000,-5.99538,2.08522,0.18054,0.10486,-0.00544,0.00006,0.99447,-2.54818,0.33602,-0.04941
63394000000,-6.07497,2.09510,0.17840,0.10492,-0.00541,0.00009,0.99447,-2.54919,0.33622,-0.04956
63427000000,-6.15778,2.10710,0.17667,0.10494,-0.00538,0.00018,0.99446,-2.55302,0.33787,-0.05006
63460000000,-6.24221,2.11932,0.17542,0.10502,-0.00539,0.00019,0.99446,-2.55731,0.33924,-0.04937
63493000000,-6.32470,2.13143,0.17410,0.10509,-0.00541,0.00020,0.99445,-2.56091,0.34079,-0.04922
63526000000,-6.45184,2.16033,0.17394,0.10518,-0.00564,0.00039,0.99444,-2.59669,0.35653,-0.04734
63559000000,-6.53528,2.17163,0.17231,0.10520,-0.00564,0.00039,0.99444,-2.59906,0.35593,-0.04737
63592000000,-6.61941,2.18520,0.17110,0.10524,-0.00564,0.00040,0.99443,-2.60089,0.35894,-0.04689
63625000000,-6.70526,2.19772,0.16961,0.10528,-0.00566,0.00044,0.99443,-2.60453,0.36036,-0.04745
63658000000,-6.78896,2.21049,0.16823,0.10530,-0.00564,0.00049,0.99442,-2.60690,0.36138,-0.04759
63724000000,-7.01299,2.24929,0.16552,0.10543,-0.00592,0.00056,0.99441,-2.65175,0.37614,-0.04700
63757000000,-7.09892,2.26171,0.16411,0.10547,-0.00590,0.00060,0.99441,-2.65588,0.37665,-0.04680
63790000000,-7.18713,2.27564,0.16276,0.10554,-0.00591,0.00058,0.99440,-2.66224,0.37919,-0.04593
63823000000,-7.32762,2.30464,0.16259,0.10564,-0.00616,0.00071,0.99439,-2.70497,0.39329,-0.04355
63856000000,-7.41236,2.31733,0.16120,0.10569,-0.00615,0.00072,0.99438,-2.70654,0.39374,-0.04404
63889000000,-7.49829,2.33174,0.16024,0.10570,-0.00617,0.00077,0.99438,-2.70916,0.39565,-0.04385
63955000000,-7.66582,2.35999,0.15805,0.10583,-0.00611,0.00088,0.99437,-2.71084,0.40079,-0.04358
64021000000,-7.89473,2.40435,0.15659,0.10595,-0.00634,0.00096,0.99435,-2.75338,0.41681,-0.04424
64054000000,-7.97845,2.41613,0.15504,0.10599,-0.00632,0.00099,0.99435,-2.75429,0.41698,-0.04369
64087000000,-8.10845,2.44147,0.15447,0.10607,-0.00652,0.00104,0.99434,-2.78833,0.42635,-0.04231
64120000000,-8.19062,2.45326,0.15291,0.10614,-0.00651,0.00108,0.99433,-2.78673,0.42593,-0.04253
64153000000,-8.27879,2.46871,0.15194,0.10618,-0.00651,0.00109,0.99432,-2.78970,0.42801,-0.04168
64186000000,-8.41221,2.49459,0.15029,0.10623,-0.00668,0.00119,0.99432,-2.82810,0.43936,-0.03993
64252000000,-8.59530,2.52389,0.14753,0.10630,-0.00658,0.00124,0.99431,-2.83389,0.44246,-0.04014
64285000000,-8.68150,2.53957,0.14646,0.10633,-0.00655,0.00121,0.99431,-2.83347,0.44473,-0.04105
64318000000,-8.80902,2.56633,0.14531,0.10648,-0.00669,0.00139,0.99429,-2.86759,0.45734,-0.04078
64351000000,-8.89652,2.57667,0.14366,0.10655,-0.00668,0.00129,0.99428,-2.86722,0.45512,-0.04252
64417000000,-9.08049,2.60662,0.14131,0.10667,-0.00668,0.00129,0.99427,-2.87176,0.45621,-0.04404
64483000000,-9.29394,2.64694,0.13917,0.10687,-0.00684,0.00141,0.99425,-2.89991,0.47038,-0.04369
64516000000,-9.38085,2.66155,0.13821,0.10691,-0.00680,0.00141,0.99424,-2.89856,0.47139,-0.04407
64582000000,-9.60955,2.70066,0.13461,0.10704,-0.00703,0.00152,0.99423,-2.94425,0.48261,-0.04452
64615000000,-9.70576,2.71518,0.13304,0.10711,-0.00709,0.00144,0.99422,-2.94905,0.48346,-0.04690
64648000000,-9.83006,2.73630,0.13072,0.10719,-0.00722,0.00150,0.99421,-2.98171,0.49043,-0.04763
64681000000,-9.92663,2.75217,0.12911,0.10722,-0.00724,0.00150,0.99421,-2.98626,0.49104,-0.04769
64714000000,-10.02049,2.76842,0.12782,0.10727,-0.00718,0.00151,0.99420,-2.98714,0.49387,-0.04722
64747000000,-10.11931,2.78504,0.12626,0.10730,-0.00721,0.00149,0.99420,-2.99406,0.49700,-0.04757
64780000000,-10.24644,2.80678,0.12373,0.10740,-0.00735,0.00158,0.99419,-3.02881,0.50440,-0.04746
64813000000,-10.34652,2.82326,0.12213,0.10749,-0.00740,0.00153,0.99418,-3.03481,0.50666,-0.04757
64846000000,-10.44685,2.84035,0.12054,0.10748,-0.00739,0.00153,0.99418,-3.04134,0.50949,-0.04805
64879000000,-10.57313,2.86336,0.11813,0.10760,-0.00754,0.00158,0.99416,-3.07392,0.51903,-0.04871
64912000000,-10.66972,2.88001,0.11678,0.10767,-0.00754,0.00160,0.99416,-3.07483,0.52103,-0.04897
64945000000,-10.77111,2.89751,0.11515,0.10773,-0.00753,0.00157,0.99415,-3.08017,0.52409,-0.04956
64978000000,-10.89960,2.92140,0.11254,0.10782,-0.00776,0.00167,0.99414,-3.11479,0.53472,-0.05150
65044000000,-11.10319,2.95655,0.10905,0.10788,-0.00773,0.00168,0.99413,-3.12536,0.53985,-0.05320
65077000000,-11.19838,2.97422,0.10772,0.10788,-0.00769,0.00167,0.99413,-3.12283,0.54193,-0.05217
65143000000,-11.43358,3.01880,0.10351,0.10800,-0.00788,0.00183,0.99412,-3.16515,0.55464,-0.05284
65176000000,-11.53419,3.03593,0.10192,0.10801,-0.00790,0.00184,0.99412,-3.16736,0.55492,-0.05240
65209000000,-11.66724,3.06199,0.10013,0.10814,-0.00809,0.00192,0.99410,-3.20618,0.56486,-0.05114
65242000000,-11.76844,3.07953,0.09849,0.10822,-0.00807,0.00190,0.99409,-3.20831,0.56560,-0.05131
65275000000,-11.87004,3.09786,0.09690,0.10835,-0.00799,0.00186,0.99408,-3.20976,0.56748,-0.05149
65308000000,-11.99422,3.12261,0.09532,0.10845,-0.00804,0.00198,0.99407,-3.23647,0.57794,-0.05130
65341000000,-12.09735,3.14100,0.09374,0.10847,-0.00800,0.00199,0.99407,-3.23886,0.57831,-0.05100
65374000000,-12.20382,3.16000,0.09198,0.10848,-0.00801,0.00205,0.99406,-3.24431,0.58041,-0.05235
65407000000,-12.30654,3.17795,0.09006,0.10849,-0.00799,0.00205,0.99406,-3.24661,0.58089,-0.05485
65440000000,-12.43019,3.20267,0.08785,0.10858,-0.00807,0.00216,0.99405,-3.27208,0.59084,-0.05627
65473000000,-12.53789,3.22167,0.08595,0.10863,-0.00807,0.00216,0.99405,-3.27784,0.59283,-0.05730
65506000000,-12.65660,3.24520,0.08384,0.10875,-0.00816,0.00230,0.99403,-3.29527,0.60007,-0.05986
65572000000,-12.87424,3.28467,0.07981,0.10882,-0.00814,0.00230,0.99403,-3.30579,0.60549,-0.06166
65605000000,-12.99005,3.30790,0.07759,0.10890,-0.00822,0.00241,0.99402,-3.31923,0.61277,-0.06127
65638000000,-13.09968,3.32773,0.07556,0.10891,-0.00822,0.00239,0.99402,-3.32496,0.61423,-0.05987
65671000000,-13.20959,3.34810,0.07357,0.10894,-0.00822,0.00245,0.99401,-3.33260,0.61679,-0.06022
65704000000,-13.31965,3.36844,0.07161,0.10901,-0.00822,0.00248,0.99400,-3.33882,0.61826,-0.05924
65770000000,-13.54039,3.40966,0.06775,0.10906,-0.00828,0.00250,0.99400,-3.34958,0.62341,-0.05908
65803000000,-13.65095,3.43031,0.06584,0.10912,-0.00829,0.00251,0.99399,-3.35585,0.62695,-0.05874
65836000000,-13.76183,3.45097,0.06392,0.10915,-0.00830,0.00254,0.99399,-3.36313,0.62857,-0.05814
65902000000,-13.98403,3.49283,0.06011,0.10923,-0.00827,0.00253,0.99398,-3.37453,0.63585,-0.05764
65935000000,-14.09533,3.51388,0.05820,0.10928,-0.00828,0.00257,0.99397,-3.38090,0.63843,-0.05940
65968000000,-14.20350,3.53755,0.05675,0.10941,-0.00828,0.00267,0.99396,-3.38342,0.64523,-0.05905
66001000000,-14.31502,3.55875,0.05478,0.10944,-0.00829,0.00262,0.99396,-3.39047,0.64796,-0.05900
66034000000,-14.42687,3.58019,0.05285,0.10950,-0.00828,0.00267,0.99395,-3.39688,0.65189,-0.05959
66067000000,-14.53899,3.60169,0.05085,0.10955,-0.00824,0.00266,0.99394,-3.40222,0.65450,-0.06045
66133000000,-14.76387,3.64496,0.04686,0.10969,-0.00825,0.00266,0.99393,-3.41435,0.65928,-0.06006
66166000000,-14.87665,3.66665,0.04488,0.10975,-0.00824,0.00262,0.99392,-3.42118,0.66190,-0.05992
66232000000,-15.10267,3.71061,0.04098,0.10985,-0.00825,0.00261,0.99391,-3.43326,0.66835,-0.05973
66298000000,-15.32941,3.75507,0.03707,0.10993,-0.00823,0.00263,0.99390,-3.44612,0.67582,-0.06040
66331000000,-15.44310,3.77717,0.03510,0.11001,-0.00825,0.00265,0.99389,-3.45244,0.67800,-0.06026
66364000000,-15.54890,3.80182,0.03404,0.11013,-0.00816,0.00272,0.99388,-3.45039,0.68403,-0.05891
66397000000,-15.66337,3.82420,0.03206,0.11019,-0.00818,0.00273,0.99387,-3.45731,0.68755,-0.06004
66463000000,-15.89226,3.86954,0.02827,0.11030,-0.00822,0.00270,0.99386,-3.47118,0.69276,-0.05802
66496000000,-16.00665,3.89250,0.02652,0.11036,-0.00827,0.00268,0.99385,-3.47698,0.69606,-0.05783
66562000000,-16.23641,3.93872,0.02276,0.11048,-0.00823,0.00261,0.99384,-3.48838,0.70230,-0.05790
66628000000,-16.46671,3.98557,0.01905,0.11048,-0.00826,0.00264,0.99384,-3.49986,0.70951,-0.05754
66661000000,-16.58185,4.00898,0.01721,0.11055,-0.00822,0.00267,0.99383,-3.50586,0.71292,-0.05721
66694000000,-16.69738,4.03244,0.01542,0.11061,-0.00828,0.00261,0.99383,-3.51143,0.71623,-0.05752
66727000000,-16.80285,4.05686,0.01482,0.11067,-0.00818,0.00263,0.99382,-3.51097,0.71990,-0.05658
66760000000,-16.91964,4.08094,0.01281,0.11070,-0.00820,0.00263,0.99382,-3.51791,0.72354,-0.05614
66793000000,-17.03568,4.10490,0.01105,0.11072,-0.00821,0.00267,0.99381,-3.52328,0.72491,-0.05586
66859000000,-17.26844,4.15281,0.00760,0.11076,-0.00824,0.00273,0.99381,-3.53591,0.73051,-0.05505
66925000000,-17.50147,4.20153,0.00399,0.11081,-0.00823,0.00272,0.99380,-3.54817,0.73598,-0.05695
66958000000,-17.61812,4.22538,0.00218,0.11085,-0.00824,0.00278,0.99380,-3.55388,0.73736,-0.05781
66991000000,-17.73526,4.24969,0.00038,0.11086,-0.00824,0.00277,0.99380,-3.56032,0.74064,-0.05780
67024000000,-17.85250,4.27404,-0.00144,0.11090,-0.00822,0.00281,0.99379,-3.56673,0.74311,-0.05778
67057000000,-17.95153,4.29660,-0.00163,0.11096,-0.00814,0.00278,0.99379,-3.56241,0.74633,-0.05594
67090000000,-18.06690,4.31582,-0.00417,0.11103,-0.00820,0.00269,0.99378,-3.56810,0.74524,-0.05667
67123000000,-18.18443,4.34273,-0.00552,0.11109,-0.00819,0.00275,0.99377,-3.57300,0.75007,-0.05549
67156000000,-18.30516,4.37053,-0.00698,0.11113,-0.00815,0.00275,0.99377,-3.57910,0.75675,-0.05504
67288000000,-18.78003,4.47134,-0.01406,0.11118,-0.00818,0.00282,0.99376,-3.60382,0.76879,-0.05585
67354000000,-19.01701,4.52248,-0.01740,0.11124,-0.00820,0.00288,0.99376,-3.61486,0.77467,-0.05739
67387000000,-19.13536,4.54712,-0.01916,0.11129,-0.00818,0.00290,0.99375,-3.62003,0.77757,-0.05754
67420000000,-19.22996,4.56891,-0.01856,0.11134,-0.00808,0.00289,0.99375,-3.61160,0.77859,-0.05661
67453000000,-19.34979,4.59572,-0.02038,0.11139,-0.00813,0.00292,0.99374,-3.61844,0.78314,-0.05748
67486000000,-19.46916,4.62166,-0.02196,0.11144,-0.00815,0.00293,0.99373,-3.62349,0.78649,-0.05849
67519000000,-19.58778,4.64677,-0.02373,0.11147,-0.00817,0.00293,0.99373,-3.62887,0.78967,-0.05773
67552000000,-19.70766,4.67292,-0.02534,0.11151,-0.00819,0.00298,0.99372,-3.63540,0.79321,-0.05747
67585000000,-19.82820,4.69812,-0.02703,0.11160,-0.00823,0.00292,0.99371,-3.64286,0.79499,-0.05800
67651000000,-20.06827,4.74887,-0.03085,0.11170,-0.00824,0.00290,0.99370,-3.65564,0.80062,-0.05970
67684000000,-20.16728,4.76537,-0.03033,0.11180,-0.00816,0.00276,0.99369,-3.65025,0.79661,-0.05807
67717000000,-20.27993,4.79384,-0.03151,0.11186,-0.00812,0.00281,0.99369,-3.65203,0.80219,-0.05887
67783000000,-20.52566,4.84894,-0.03531,0.11195,-0.00808,0.00287,0.99368,-3.66561,0.81125,-0.05948
67849000000,-20.77093,4.90242,-0.03939,0.11207,-0.00807,0.00289,0.99366,-3.67847,0.81712,-0.05906
67915000000,-21.01543,4.95613,-0.04359,0.11215,-0.00804,0.00283,0.99366,-3.69134,0.82191,-0.05810
67981000000,-21.22312,4.99630,-0.04352,0.11228,-0.00786,0.00273,0.99364,-3.68501,0.81894,-0.05629
68014000000,-21.34191,5.02498,-0.04487,0.11229,-0.00789,0.00272,0.99364,-3.69149,0.82349,-0.05624
68080000000,-21.58627,5.08038,-0.04826,0.11234,-0.00795,0.00274,0.99363,-3.70156,0.83104,-0.05580
68113000000,-21.66566,5.09864,-0.04605,0.11238,-0.00776,0.00272,0.99363,-3.68741,0.82853,-0.05347
68179000000,-21.89731,5.14630,-0.04878,0.11250,-0.00779,0.00271,0.99362,-3.69344,0.83249,-0.05115
68212000000,-22.01881,5.17389,-0.05031,0.11252,-0.00777,0.00269,0.99362,-3.69945,0.83600,-0.04998
68245000000,-22.08504,5.18865,-0.04819,0.11251,-0.00758,0.00260,0.99362,-3.67835,0.83224,-0.04672
68278000000,-22.20682,5.21250,-0.04992,0.11260,-0.00761,0.00259,0.99361,-3.68313,0.83342,-0.04760
68311000000,-22.32818,5.23962,-0.05147,0.11264,-0.00757,0.00260,0.99360,-3.68823,0.83546,-0.04680
68377000000,-22.57146,5.29476,-0.05436,0.11266,-0.00765,0.00261,0.99360,-3.69857,0.84032,-0.04650
68443000000,-22.81451,5.34982,-0.05705,0.11275,-0.00764,0.00265,0.99359,-3.70891,0.84552,-0.04631
68476000000,-22.88592,5.36789,-0.05389,0.11281,-0.00739,0.00261,0.99359,-3.68647,0.84263,-0.04572
68542000000,-23.12289,5.42258,-0.05676,0.11295,-0.00739,0.00265,0.99357,-3.69556,0.84855,-0.04762
68575000000,-23.24518,5.44997,-0.05832,0.11302,-0.00737,0.00263,0.99356,-3.70037,0.85178,-0.04726
68641000000,-23.48906,5.50607,-0.06146,0.11309,-0.00735,0.00265,0.99355,-3.71240,0.85888,-0.04784
68674000000,-23.61115,5.53436,-0.06300,0.11316,-0.00734,0.00260,0.99355,-3.71795,0.86073,-0.04943
68707000000,-23.73398,5.56272,-0.06445,0.11318,-0.00739,0.00262,0.99354,-3.72438,0.86327,-0.04986
68740000000,-23.78895,5.57672,-0.06128,0.11324,-0.00711,0.00251,0.99354,-3.69282,0.85787,-0.04653
68773000000,-23.92100,5.60777,-0.06378,0.11330,-0.00713,0.00254,0.99353,-3.70405,0.86259,-0.04822
68839000000,-24.16558,5.66441,-0.06699,0.11332,-0.00715,0.00253,0.99353,-3.71448,0.86916,-0.04929
68872000000,-24.28753,5.69258,-0.06866,0.11342,-0.00710,0.00253,0.99352,-3.71781,0.87146,-0.04911
68905000000,-24.31874,5.69730,-0.06502,0.11348,-0.00673,0.00246,0.99351,-3.66817,0.86020,-0.04622
68938000000,-24.47957,5.73648,-0.06880,0.11349,-0.00686,0.00246,0.99351,-3.69675,0.86901,-0.04792
68971000000,-24.52727,5.74504,-0.06648,0.11351,-0.00656,0.00240,0.99351,-3.65142,0.85762,-0.04579
69037000000,-24.73500,5.79343,-0.06859,0.11355,-0.00650,0.00238,0.99351,-3.63812,0.85489,-0.04531
69070000000,-24.85798,5.82277,-0.07012,0.11361,-0.00653,0.00233,0.99350,-3.64491,0.85883,-0.04528
69103000000,-24.91687,5.83767,-0.06894,0.11363,-0.00622,0.00228,0.99350,-3.59740,0.85033,-0.04387
69136000000,-25.04761,5.86912,-0.07098,0.11365,-0.00627,0.00230,0.99350,-3.61136,0.85714,-0.04461
69202000000,-25.28726,5.92574,-0.07387,0.11379,-0.00628,0.00228,0.99348,-3.62009,0.86387,-0.04497
69268000000,-25.52674,5.98238,-0.07671,0.11388,-0.00631,0.00228,0.99347,-3.63151,0.86898,-0.04567
69301000000,-25.64676,6.01087,-0.07811,0.11393,-0.00632,0.00221,0.99347,-3.63548,0.87322,-0.04529
69367000000,-25.82304,6.05363,-0.07766,0.11397,-0.00599,0.00221,0.99346,-3.59478,0.86750,-0.04188
69400000000,-25.94918,6.08423,-0.07946,0.11404,-0.00606,0.00218,0.99346,-3.60539,0.87153,-0.04134
69433000000,-26.06824,6.11271,-0.08075,0.11407,-0.00604,0.00220,0.99345,-3.60980,0.87349,-0.04116
69466000000,-26.18706,6.14122,-0.08197,0.11410,-0.00611,0.00218,0.99345,-3.61499,0.87523,-0.04113
69499000000,-26.23629,6.15360,-0.08004,0.11412,-0.00577,0.00208,0.99345,-3.56154,0.86404,-0.03857
69565000000,-26.40839,6.19507,-0.07989,0.11419,-0.00540,0.00205,0.99344,-3.51250,0.85483,-0.03692
69631000000,-26.63625,6.25086,-0.08215,0.11423,-0.00543,0.00200,0.99344,-3.51868,0.85921,-0.03901
69730000000,-26.98396,6.33566,-0.08571,0.11435,-0.00537,0.00197,0.99342,-3.53196,0.86428,-0.03827
69763000000,-27.02519,6.34679,-0.08313,0.11437,-0.00497,0.00194,0.99342,-3.46117,0.84877,-0.03491
69796000000,-27.05783,6.35564,-0.08043,0.11447,-0.00441,0.00187,0.99342,-3.37555,0.83013,-0.03230
69829000000,-27.16805,6.38267,-0.08159,0.11453,-0.00439,0.00189,0.99341,-3.37932,0.83227,-0.03296
69862000000,-27.27915,6.40987,-0.08257,0.11455,-0.00442,0.00181,0.99341,-3.38275,0.83471,-0.03363
69895000000,-27.29922,6.41581,-0.07888,0.11458,-0.00388,0.00174,0.99340,-3.28815,0.81257,-0.02926
69928000000,-27.30215,6.41617,-0.07475,0.11462,-0.00323,0.00164,0.99340,-3.17773,0.78688,-0.02578
69961000000,-27.30062,6.41551,-0.07106,0.11466,-0.00252,0.00154,0.99340,-3.05958,0.75819,-0.02087
69994000000,-27.30485,6.41589,-0.06784,0.11475,-0.00169,0.00143,0.99339,-2.92308,0.72490,-0.01635
70027000000,-27.30055,6.41306,-0.06437,0.11480,-0.00068,0.00132,0.99339,-2.74831,0.67952,-0.01083
70060000000,-27.27591,6.40325,-0.06048,0.11486,0.00048,0.00120,0.99338,-2.54794,0.62584,-0.00381
70093000000,-27.36086,6.42416,-0.06061,0.11484,0.00048,0.00115,0.99338,-2.55058,0.62614,-0.00271
70126000000,-27.44403,6.44475,-0.06062,0.11484,0.00049,0.00112,0.99338,-2.54995,0.62798,-0.00386
70159000000,-27.41818,6.43268,-0.05673,0.11488,0.00173,0.00095,0.99338,-2.33554,0.56414,0.00314
70225000000,-27.57082,6.46929,-0.05648,0.11497,0.00178,0.00096,0.99337,-2.33435,0.56556,0.00341
70258000000,-27.64707,6.48784,-0.05635,0.11495,0.00181,0.00100,0.99337,-2.33333,0.56593,0.00374
70291000000,-27.60035,6.46856,-0.05193,0.11503,0.00320,0.00087,0.99336,-2.10485,0.49715,0.01192
70324000000,-27.66650,6.48350,-0.05151,0.11512,0.00327,0.00080,0.99335,-2.09674,0.49524,0.01084
70357000000,-27.73519,6.49988,-0.05112,0.11520,0.00329,0.00076,0.99334,-2.09478,0.49633,0.01128
70390000000,-27.80294,6.51590,-0.05071,0.11526,0.00334,0.00073,0.99333,-2.09110,0.49650,0.00996
70456000000,-27.81335,6.50993,-0.04634,0.11537,0.00456,0.00055,0.99331,-1.87662,0.43442,0.01413
70489000000,-27.86642,6.52136,-0.04555,0.11551,0.00468,0.00052,0.99329,-1.86096,0.43041,0.01388
70522000000,-27.92652,6.53540,-0.04503,0.11553,0.00467,0.00052,0.99329,-1.85627,0.43129,0.01375
70588000000,-27.94490,6.53499,-0.04198,0.11569,0.00554,0.00039,0.99327,-1.70101,0.39151,0.01545
70621000000,-28.00169,6.54766,-0.04126,0.11575,0.00554,0.00038,0.99326,-1.69858,0.39175,0.01550
70654000000,-28.05951,6.56093,-0.04090,0.11580,0.00553,0.00039,0.99326,-1.69713,0.39229,0.01544
70687000000,-28.05521,6.55921,-0.03959,0.11585,0.00600,0.00035,0.99325,-1.61495,0.37358,0.01586
70720000000,-28.10922,6.57129,-0.03913,0.11588,0.00599,0.00034,0.99324,-1.61358,0.37357,0.01506
70753000000,-28.16276,6.58350,-0.03867,0.11590,0.00602,0.00036,0.99324,-1.61075,0.37397,0.01569
70786000000,-28.21674,6.59623,-0.03819,0.11594,0.00601,0.00035,0.99324,-1.60719,0.37524,0.01579
70852000000,-28.28135,6.61114,-0.03677,0.11608,0.00635,0.00038,0.99322,-1.55326,0.36594,0.01467
70885000000,-28.33306,6.62297,-0.03647,0.11608,0.00639,0.00039,0.99322,-1.54987,0.36638,0.01457
70918000000,-28.35872,6.62961,-0.03595,0.11611,0.00653,0.00044,0.99321,-1.51783,0.36159,0.01365
70984000000,-28.45870,6.65347,-0.03514,0.11625,0.00660,0.00049,0.99320,-1.50934,0.36398,0.01253
71017000000,-28.49018,6.66186,-0.03459,0.11624,0.00671,0.00048,0.99320,-1.48736,0.36077,0.01206
71083000000,-28.57745,6.68285,-0.03358,0.11640,0.00672,0.00051,0.99318,-1.47038,0.35880,0.01223
71149000000,-28.67422,6.70633,-0.03282,0.11653,0.00676,0.00050,0.99316,-1.46288,0.36026,0.01216
71182000000,-28.71645,6.71614,-0.03215,0.11656,0.00676,0.00049,0.99316,-1.45282,0.35879,0.01127
71215000000,-28.76104,6.72665,-0.03124,0.11657,0.00673,0.00049,0.99316,-1.44536,0.35646,0.01089
71281000000,-28.85667,6.75028,-0.03055,0.11664,0.00681,0.00043,0.99315,-1.43855,0.35616,0.00954
71314000000,-28.90470,6.76211,-0.03021,0.11672,0.00680,0.00043,0.99314,-1.43637,0.35659,0.00834
71347000000,-28.95008,6.77282,-0.02946,0.11677,0.00676,0.00040,0.99314,-1.43074,0.35576,0.00884
71380000000,-28.99696,6.78451,-0.02927,0.11682,0.00677,0.00042,0.99313,-1.42796,0.35614,0.00658
71413000000,-29.04429,6.79619,-0.02904,0.11680,0.00676,0.00037,0.99313,-1.42361,0.35502,0.00598
71446000000,-29.09026,6.80675,-0.02849,0.11685,0.00675,0.00035,0.99313,-1.41878,0.35407,0.00706
71479000000,-29.13664,6.81836,-0.02827,0.11690,0.00673,0.00038,0.99312,-1.41402,0.35400,0.00694
71512000000,-29.18362,6.83002,-0.02798,0.11696,0.00670,0.00039,0.99311,-1.41016,0.35430,0.00528
71545000000,-29.23074,6.84054,-0.02730,0.11699,0.00663,0.00037,0.99311,-1.40837,0.35295,0.00606
71611000000,-29.32406,6.86263,-0.02633,0.11713,0.00659,0.00043,0.99309,-1.40139,0.35290,0.00575
71677000000,-29.41661,6.88602,-0.02607,0.11720,0.00658,0.00047,0.99309,-1.39596,0.35387,0.00366
71710000000,-29.46440,6.89661,-0.02534,0.11726,0.00652,0.00045,0.99308,-1.39420,0.35323,0.00513
71743000000,-29.51207,6.90732,-0.02450,0.11730,0.00651,0.00037,0.99307,-1.39382,0.35218,0.00575
71776000000,-29.55770,6.91901,-0.02439,0.11733,0.00654,0.00042,0.99307,-1.38907,0.35443,0.00543
71809000000,-29.60495,6.92992,-0.02364,0.11738,0.00655,0.00039,0.99307,-1.38757,0.35327,0.00630
71875000000,-29.69778,6.95238,-0.02273,0.11745,0.00656,0.00036,0.99306,-1.38288,0.35304,0.00704
71941000000,-29.78883,6.97565,-0.02233,0.11758,0.00662,0.00041,0.99304,-1.37433,0.35212,0.00599
71974000000,-29.83595,6.98638,-0.02168,0.11762,0.00653,0.00032,0.99304,-1.37407,0.35030,0.00611
72007000000,-29.88294,6.99716,-0.02114,0.11763,0.00656,0.00029,0.99304,-1.37520,0.34890,0.00694
72040000000,-29.92994,7.00798,-0.02071,0.11767,0.00654,0.00019,0.99303,-1.37407,0.34871,0.00766
72073000000,-29.97696,7.01888,-0.02024,0.11775,0.00653,0.00015,0.99302,-1.37442,0.34819,0.00690
72106000000,-30.02339,7.02994,-0.01991,0.11784,0.00652,0.00010,0.99301,-1.37269,0.34767,0.00869
72139000000,-30.07010,7.04110,-0.02054,0.11787,0.00644,0.00009,0.99301,-1.39397,0.35259,-0.05808
72172000000,-30.11702,7.05246,-0.02235,0.11792,0.00643,0.00006,0.99300,-1.39381,0.35234,-0.05699
72238000000,-30.21001,7.07543,-0.02587,0.11803,0.00639,0.00004,0.99299,-1.39023,0.35244,-0.05802
72271000000,-30.25687,7.08686,-0.02734,0.11811,0.00637,-0.00002,0.99298,-1.39045,0.35146,-0.05715
72304000000,-30.30339,7.09837,-0.02867,0.11814,0.00636,-0.00001,0.99298,-1.38026,0.34946,-0.05616
72337000000,-30.34955,7.10986,-0.02986,0.11819,0.00633,0.00001,0.99297,-1.36738,0.34905,-0.05428
72403000000,-30.43871,7.13310,-0.03341,0.11850,0.00628,-0.00000,0.99293,-1.33373,0.35214,-0.05454
72436000000,-30.48381,7.14485,-0.03394,0.11884,0.00625,0.00008,0.99289,-1.31858,0.35442,-0.05158
72502000000,-30.57230,7.16885,-0.03591,0.11988,0.00629,0.00022,0.99277,-1.29189,0.36203,-0.04927
72535000000,-30.61794,7.18171,-0.03637,0.12067,0.00618,0.00029,0.99267,-1.28094,0.36942,-0.04715
72568000000,-30.66341,7.19488,-0.03694,0.12173,0.00602,0.00034,0.99254,-1.27561,0.38019,-0.04510
72601000000,-30.70607,7.20816,-0.03831,0.12312,0.00597,0.00028,0.99237,-1.26473,0.41128,-0.04588
72634000000,-30.74919,7.22198,-0.03950,0.12483,0.00592,0.00033,0.99216,-1.25939,0.42688,-0.04620
72667000000,-30.79138,7.23604,-0.04085,0.12683,0.00592,0.00032,0.99191,-1.24979,0.44186,-0.04594
72700000000,-30.83435,7.25119,-0.04225,0.12926,0.00589,0.00037,0.99159,-1.23829,0.45977,-0.04571
72733000000,-30.87516,7.26610,-0.04368,0.13205,0.00588,0.00036,0.99123,-1.23116,0.47895,-0.04406
72766000000,-30.91647,7.28211,-0.04509,0.13515,0.00585,0.00035,0.99081,-1.22785,0.49777,-0.04396
72799000000,-30.95757,7.29862,-0.04649,0.13858,0.00581,0.00034,0.99033,-1.24362,0.52352,-0.04452
72832000000,-30.99912,7.31609,-0.04792,0.14225,0.00577,0.00034,0.98981,-1.25772,0.54802,-0.04437
72865000000,-31.04114,7.33432,-0.04935,0.14619,0.00577,0.00031,0.98924,-1.27174,0.57213,-0.04388
72898000000,-31.08363,7.35333,-0.05077,0.15030,0.00576,0.00036,0.98862,-1.28599,0.59320,-0.04461
72931000000,-31.12669,7.37298,-0.05218,0.15453,0.00573,0.00034,0.98797,-1.29883,0.60795,-0.04364
72964000000,-31.17007,7.39267,-0.05355,0.15839,0.00570,0.00035,0.98736,-1.30241,0.60964,-0.04400
72997000000,-31.21354,7.41263,-0.05493,0.16207,0.00564,0.00031,0.98676,-1.30358,0.62079,-0.04376
73030000000,-31.25714,7.43298,-0.05629,0.16574,0.00561,0.00028,0.98615,-1.30696,0.62931,-0.04324
73063000000,-31.30065,7.45359,-0.05768,0.16921,0.00560,0.00028,0.98556,-1.30958,0.63874,-0.04440
73096000000,-31.34439,7.47455,-0.05911,0.17267,0.00560,0.00026,0.98496,-1.31279,0.64723,-0.04605
73129000000,-31.38821,7.49580,-0.06057,0.17610,0.00557,0.00022,0.98436,-1.31179,0.65495,-0.04560
73162000000,-31.43188,7.51722,-0.06205,0.17939,0.00558,0.00019,0.98376,-1.30581,0.65909,-0.04689
73195000000,-31.47535,7.53882,-0.06355,0.18260,0.00556,0.00013,0.98317,-1.29894,0.66476,-0.04653
73228000000,-31.51863,7.56057,-0.06502,0.18569,0.00552,0.00011,0.98259,-1.29368,0.66924,-0.04658
73261000000,-31.56199,7.58235,-0.06648,0.18864,0.00554,0.00008,0.98203,-1.28999,0.67228,-0.04696
73294000000,-31.60521,7.60426,-0.06795,0.19150,0.00550,0.00002,0.98148,-1.28532,0.67619,-0.04709
73327000000,-31.64834,7.62625,-0.06940,0.19424,0.00546,0.00001,0.98094,-1.28186,0.67898,-0.04583
73360000000,-31.69126,7.64836,-0.07082,0.19691,0.00544,-0.00002,0.98041,-1.27733,0.68197,-0.04631
73393000000,-31.73414,7.67054,-0.07226,0.19949,0.00539,-0.00008,0.97989,-1.27473,0.68457,-0.04627
73459000000,-31.81878,7.71556,-0.07522,0.20441,0.00541,-0.00013,0.97887,-1.26472,0.69163,-0.04648
73492000000,-31.86171,7.73783,-0.07656,0.20672,0.00539,-0.00021,0.97839,-1.26299,0.69441,-0.04588
73558000000,-31.94613,7.78318,-0.07936,0.21114,0.00541,-0.00029,0.97744,-1.25553,0.69953,-0.04526
73591000000,-31.98895,7.80556,-0.08063,0.21323,0.00535,-0.00040,0.97699,-1.25371,0.69961,-0.04513
73624000000,-32.03201,7.82786,-0.08184,0.21527,0.00534,-0.00044,0.97654,-1.25234,0.70029,-0.04497
73657000000,-32.07501,7.85020,-0.08301,0.21722,0.00524,-0.00051,0.97611,-1.25169,0.70174,-0.04407
73690000000,-32.11802,7.87254,-0.08411,0.21916,0.00521,-0.00054,0.97567,-1.25128,0.70259,-0.04188
73723000000,-32.16096,7.89494,-0.08516,0.22100,0.00521,-0.00060,0.97526,-1.25004,0.70359,-0.04083
73756000000,-32.20376,7.91739,-0.08618,0.22277,0.00517,-0.00069,0.97486,-1.24923,0.70379,-0.03865
73789000000,-32.24655,7.93985,-0.08713,0.22450,0.00511,-0.00077,0.97446,-1.24963,0.70352,-0.03720
73822000000,-32.28899,7.96255,-0.08810,0.22613,0.00505,-0.00089,0.97408,-1.24967,0.70397,-0.03582
73855000000,-32.33140,7.98523,-0.08904,0.22770,0.00503,-0.00089,0.97372,-1.24875,0.70478,-0.03592
73888000000,-32.37364,8.00809,-0.09003,0.22922,0.00498,-0.00092,0.97336,-1.24699,0.70671,-0.03613
73921000000,-32.41604,8.03095,-0.09101,0.23074,0.00493,-0.00091,0.97300,-1.24761,0.70783,-0.03621
73954000000,-32.45831,8.05384,-0.09199,0.23218,0.00491,-0.00092,0.97266,-1.24658,0.70738,-0.03597
73987000000,-32.50053,8.07678,-0.09299,0.23353,0.00482,-0.00100,0.97234,-1.24674,0.70787,-0.03660
74020000000,-32.54251,8.09984,-0.09398,0.23489,0.00477,-0.00103,0.97201,-1.24409,0.71015,-0.03518
74053000000,-32.58440,8.12294,-0.09493,0.23617,0.00472,-0.00101,0.97170,-1.24255,0.71040,-0.03488
74086000000,-32.62622,8.14606,-0.09585,0.23744,0.00469,-0.00106,0.97139,-1.24081,0.71021,-0.03364
74119000000,-32.66796,8.16918,-0.09672,0.23868,0.00465,-0.00108,0.97109,-1.24001,0.71052,-0.03253
74152000000,-32.70971,8.19232,-0.09758,0.23990,0.00462,-0.00120,0.97079,-1.23829,0.71205,-0.03279
74185000000,-32.75137,8.21553,-0.09842,0.24106,0.00463,-0.00126,0.97050,-1.23689,0.71161,-0.03178
74218000000,-32.79300,8.23873,-0.09926,0.24221,0.00461,-0.00136,0.97021,-1.23579,0.71193,-0.03134
74251000000,-32.83436,8.26206,-0.10013,0.24325,0.00458,-0.00139,0.96995,-1.23431,0.71302,-0.03095
74284000000,-32.87564,8.28541,-0.10101,0.24433,0.00454,-0.00135,0.96968,-1.23222,0.71266,-0.03104
74317000000,-32.91692,8.30875,-0.10191,0.24534,0.00448,-0.00140,0.96943,-1.23009,0.71335,-0.03045
74350000000,-32.95811,8.33214,-0.10280,0.24633,0.00441,-0.00146,0.96917,-1.22937,0.71442,-0.02934
74383000000,-32.99929,8.35557,-0.10370,0.24730,0.00440,-0.00149,0.96893,-1.22754,0.71530,-0.02974
74416000000,-33.04036,8.37900,-0.10460,0.24821,0.00440,-0.00150,0.96870,-1.22598,0.71566,-0.02899
74449000000,-33.08138,8.40247,-0.10550,0.24913,0.00433,-0.00149,0.96846,-1.22464,0.71657,-0.02897
74482000000,-33.12232,8.42594,-0.10635,0.25002,0.00431,-0.00153,0.96823,-1.22289,0.71780,-0.02800
74515000000,-33.16319,8.44944,-0.10718,0.25089,0.00433,-0.00153,0.96800,-1.22068,0.71913,-0.02786
74548000000,-33.20400,8.47300,-0.10799,0.25169,0.00432,-0.00157,0.96780,-1.21906,0.72065,-0.02740
74581000000,-33.24476,8.49655,-0.10879,0.25249,0.00432,-0.00161,0.96759,-1.21708,0.72048,-0.02639
74614000000,-33.28543,8.52012,-0.10956,0.25324,0.00434,-0.00160,0.96739,-1.21515,0.72015,-0.02552
74647000000,-33.32606,8.54372,-0.11030,0.25401,0.00430,-0.00158,0.96719,-1.21401,0.72146,-0.02386
74680000000,-33.36667,8.56732,-0.11101,0.25475,0.00427,-0.00158,0.96700,-1.21278,0.72077,-0.02326
74713000000,-33.40720,8.59093,-0.11172,0.25545,0.00423,-0.00157,0.96681,-1.21136,0.72106,-0.02325
74746000000,-33.44767,8.61452,-0.11241,0.25617,0.00420,-0.00162,0.96662,-1.21079,0.72078,-0.02292
74779000000,-33.48806,8.63816,-0.11312,0.25686,0.00425,-0.00166,0.96644,-1.20982,0.72028,-0.02257
74812000000,-33.52834,8.66186,-0.11383,0.25752,0.00426,-0.00166,0.96626,-1.20797,0.72069,-0.02251
74845000000,-33.56856,8.68559,-0.11456,0.25814,0.00423,-0.00170,0.96610,-1.20693,0.72188,-0.02260
74878000000,-33.60861,8.70936,-0.11528,0.25877,0.00421,-0.00173,0.96593,-1.19810,0.71843,-0.02191
74911000000,-33.64832,8.73308,-0.11597,0.25950,0.00419,-0.00177,0.96573,-1.19506,0.71982,-0.02102
74944000000,-33.68785,8.75688,-0.11666,0.26032,0.00412,-0.00176,0.96551,-1.19099,0.72347,-0.02107
74977000000,-33.72720,8.78086,-0.11734,0.26147,0.00412,-0.00173,0.96520,-1.18669,0.73009,-0.01982
75043000000,-33.80520,8.82958,-0.11862,0.26448,0.00412,-0.00181,0.96438,-1.17452,0.74747,-0.01948
75076000000,-33.84389,8.85444,-0.11927,0.26650,0.00411,-0.00180,0.96382,-1.16783,0.76007,-0.01980
75142000000,-33.92043,8.90565,-0.12055,0.27167,0.00410,-0.00180,0.96238,-1.14999,0.79286,-0.01945
75175000000,-33.95823,8.93216,-0.12115,0.27491,0.00411,-0.00181,0.96146,-1.14221,0.81238,-0.01725
75241000000,-34.03328,8.98693,-0.12227,0.28162,0.00418,-0.00182,0.95952,-1.12284,0.83958,-0.01706
75274000000,-34.07017,9.01470,-0.12281,0.28470,0.00422,-0.00188,0.95860,-1.10479,0.83983,-0.01694
75307000000,-34.10647,9.04247,-0.12333,0.28745,0.00424,-0.00190,0.95778,-1.08836,0.83921,-0.01596
75373000000,-34.17785,9.09776,-0.12438,0.29183,0.00430,-0.00185,0.95646,-1.07286,0.83846,-0.01548
75406000000,-34.21361,9.12570,-0.12487,0.29400,0.00429,-0.00183,0.95580,-1.06888,0.84797,-0.01522
75472000000,-34.28368,9.18303,-0.12591,0.29950,0.00433,-0.00185,0.95408,-1.05590,0.88332,-0.01599
75505000000,-34.31843,9.21243,-0.12643,0.30271,0.00432,-0.00187,0.95307,-1.04740,0.89915,-0.01590
75538000000,-34.35292,9.24235,-0.12695,0.30636,0.00429,-0.00187,0.95190,-1.03823,0.91529,-0.01567
75571000000,-34.38708,9.27283,-0.12745,0.31041,0.00421,-0.00182,0.95059,-1.02876,0.93425,-0.01537
75604000000,-34.42085,9.30393,-0.12793,0.31493,0.00427,-0.00183,0.94910,-1.01346,0.95218,-0.01430
75637000000,-34.45410,9.33576,-0.12838,0.31992,0.00429,-0.00184,0.94743,-0.99850,0.97596,-0.01288
75703000000,-34.51890,9.40186,-0.12930,0.33160,0.00429,-0.00179,0.94341,-0.95769,1.02674,-0.01317
75769000000,-34.58098,9.47136,-0.13004,0.34556,0.00418,-0.00167,0.93838,-0.90251,1.07660,-0.01027
75802000000,-34.61057,9.50736,-0.13035,0.35320,0.00418,-0.00165,0.93554,-0.86982,1.09569,-0.01001
75835000000,-34.63895,9.54380,-0.13069,0.36067,0.00420,-0.00164,0.93268,-0.83742,1.10812,-0.01017
75868000000,-34.66652,9.58076,-0.13102,0.36782,0.00419,-0.00161,0.92988,-0.80766,1.11892,-0.00976
75901000000,-34.69463,9.61857,-0.13131,0.37463,0.00412,-0.00155,0.92716,-0.78549,1.12839,-0.00918
75934000000,-34.71991,9.65580,-0.13158,0.38114,0.00412,-0.00152,0.92451,-0.76197,1.13407,-0.00999
75967000000,-34.74564,9.69357,-0.13185,0.38710,0.00406,-0.00153,0.92203,-0.74436,1.14058,-0.01014
76033000000,-34.79638,9.76943,-0.13236,0.39731,0.00399,-0.00152,0.91768,-0.73307,1.13897,-0.00912
76066000000,-34.82232,9.80765,-0.13252,0.40149,0.00398,-0.00148,0.91585,-0.72792,1.13940,-0.00893
76099000000,-34.84868,9.84607,-0.13262,0.40514,0.00396,-0.00148,0.91424,-0.72597,1.13985,-0.00826
76132000000,-34.87496,9.88453,-0.13271,0.40834,0.00383,-0.00149,0.91282,-0.72679,1.14447,-0.00806
76165000000,-34.90316,9.92353,-0.13257,0.41141,0.00364,-0.00148,0.91144,-0.73288,1.15117,-0.00628
76198000000,-34.93170,9.96277,-0.13238,0.41436,0.00345,-0.00156,0.91010,-0.74030,1.15680,-0.00436
76231000000,-34.95953,10.00191,-0.13222,0.41723,0.00331,-0.00159,0.90879,-0.74576,1.16213,-0.00363
76264000000,-34.98761,10.04114,-0.13201,0.41996,0.00316,-0.00161,0.90754,-0.75061,1.16729,-0.00262
76297000000,-35.01578,10.08071,-0.13176,0.42263,0.00306,-0.00159,0.90629,-0.75492,1.17197,-0.00033
76330000000,-35.04382,10.12052,-0.13155,0.42516,0.00288,-0.00161,0.90511,-0.75910,1.17576,0.00131
76363000000,-35.07170,10.16049,-0.13134,0.42768,0.00274,-0.00165,0.90392,-0.76391,1.18158,0.00237
76396000000,-35.09965,10.20073,-0.13113,0.43007,0.00261,-0.00166,0.90279,-0.76889,1.18766,0.00328
76429000000,-35.12721,10.24093,-0.13094,0.43239,0.00254,-0.00173,0.90168,-0.77054,1.19325,0.00383
76462000000,-35.15442,10.28118,-0.13081,0.43459,0.00245,-0.00174,0.90062,-0.77168,1.19735,0.00280
76561000000,-35.23223,10.40095,-0.13055,0.44092,0.00234,-0.00174,0.89754,-0.76473,1.20619,0.00225
76594000000,-35.25931,10.44160,-0.13046,0.44285,0.00224,-0.00174,0.89659,-0.76589,1.20936,0.00314
76627000000,-35.28622,10.48230,-0.13036,0.44467,0.00217,-0.00173,0.89569,-0.76657,1.21334,0.00418
76660000000,-35.31319,10.52309,-0.13027,0.44653,0.00208,-0.00171,0.89477,-0.76745,1.21724,0.00454
76693000000,-35.33978,10.56394,-0.13021,0.44841,0.00208,-0.00175,0.89382,-0.76537,1.22095,0.00451
76726000000,-35.36661,10.60519,-0.13020,0.45057,0.00192,-0.00176,0.89274,-0.76013,1.23109,0.00431
76759000000,-35.39269,10.64658,-0.13017,0.45314,0.00189,-0.00176,0.89144,-0.74352,1.24601,0.00415
76792000000,-35.41857,10.68849,-0.13014,0.45622,0.00184,-0.00176,0.88986,-0.73512,1.25622,0.00346
76825000000,-35.44402,10.73073,-0.13006,0.45963,0.00177,-0.00178,0.88811,-0.72468,1.26683,0.00334
76858000000,-35.46897,10.77334,-0.12999,0.46345,0.00173,-0.00181,0.88612,-0.71056,1.27874,0.00344
76891000000,-35.49305,10.81630,-0.12992,0.46763,0.00169,-0.00172,0.88392,-0.69574,1.29067,0.00417
76924000000,-35.51659,10.85967,-0.12984,0.47217,0.00168,-0.00168,0.88150,-0.67856,1.30324,0.00433
76957000000,-35.53947,10.90349,-0.12973,0.47726,0.00162,-0.00164,0.87876,-0.65538,1.31657,0.00532
76990000000,-35.56153,10.94773,-0.12962,0.48275,0.00158,-0.00165,0.87576,-0.63295,1.32945,0.00569
77023000000,-35.58281,10.99222,-0.12942,0.48850,0.00158,-0.00164,0.87256,-0.61048,1.34090,0.00628
77056000000,-35.60365,11.03729,-0.12931,0.49393,0.00150,-0.00164,0.86950,-0.59359,1.35086,0.00472
77089000000,-35.62404,11.08276,-0.12923,0.49892,0.00143,-0.00159,0.86665,-0.58029,1.36027,0.00422
77122000000,-35.64409,11.12876,-0.12912,0.50351,0.00137,-0.00158,0.86399,-0.57117,1.36998,0.00435
77155000000,-35.66346,11.17447,-0.12899,0.50768,0.00129,-0.00160,0.86155,-0.57763,1.36982,0.00435
77188000000,-35.68322,11.22038,-0.12883,0.51117,0.00123,-0.00158,0.85948,-0.57532,1.37583,0.00446
77221000000,-35.70293,11.26660,-0.12875,0.51415,0.00116,-0.00161,0.85770,-0.57430,1.38100,0.00492
77254000000,-35.72262,11.31297,-0.12862,0.51661,0.00107,-0.00154,0.85622,-0.57555,1.38541,0.00568
77287000000,-35.74234,11.35954,-0.12847,0.51891,0.00105,-0.00151,0.85483,-0.57325,1.39044,0.00560
77320000000,-35.76172,11.40603,-0.12833,0.52115,0.00107,-0.00148,0.85346,-0.57057,1.39375,0.00545
77353000000,-35.78096,11.45255,-0.12816,0.52335,0.00108,-0.00146,0.85211,-0.56721,1.39770,0.00571
77386000000,-35.80008,11.49918,-0.12794,0.52545,0.00108,-0.00147,0.85082,-0.56388,1.40098,0.00683
77419000000,-35.81922,11.54605,-0.12774,0.52754,0.00108,-0.00149,0.84953,-0.56103,1.40529,0.00714
77452000000,-35.83852,11.59319,-0.12754,0.52951,0.00102,-0.00148,0.84830,-0.55915,1.40798,0.00729
77485000000,-35.85746,11.64007,-0.12732,0.53139,0.00097,-0.00147,0.84713,-0.55738,1.41169,0.00684
77518000000,-35.87615,11.68697,-0.12713,0.53322,0.00092,-0.00145,0.84597,-0.55480,1.41316,0.00689
77551000000,-35.89492,11.73393,-0.12691,0.53499,0.00086,-0.00149,0.84486,-0.55229,1.41660,0.00671
77584000000,-35.91365,11.78102,-0.12673,0.53667,0.00079,-0.00149,0.84379,-0.54856,1.41860,0.00779
77617000000,-35.93234,11.82835,-0.12653,0.53832,0.00078,-0.00144,0.84274,-0.54858,1.42180,0.00852
77650000000,-35.95089,11.87572,-0.12631,0.53994,0.00078,-0.00142,0.84170,-0.54761,1.42460,0.00831
77683000000,-35.96932,11.92314,-0.12606,0.54152,0.00075,-0.00140,0.84069,-0.54461,1.42748,0.00914
77716000000,-35.98768,11.97063,-0.12581,0.54303,0.00066,-0.00141,0.83971,-0.54153,1.43013,0.00898
77749000000,-36.00586,12.01808,-0.12551,0.54447,0.00060,-0.00143,0.83878,-0.53968,1.43348,0.00910
77782000000,-36.02392,12.06570,-0.12516,0.54583,0.00060,-0.00145,0.83789,-0.53714,1.43624,0.01058
77848000000,-36.05948,12.16086,-0.12446,0.54846,0.00059,-0.00147,0.83617,-0.53272,1.43912,0.01151
77881000000,-36.07738,12.20875,-0.12412,0.54972,0.00060,-0.00143,0.83535,-0.53055,1.44181,0.01105
77914000000,-36.09533,12.25679,-0.12373,0.55091,0.00054,-0.00145,0.83456,-0.52855,1.44521,0.01227
77947000000,-36.11331,12.30464,-0.12333,0.55209,0.00051,-0.00143,0.83378,-0.52716,1.44560,0.01272
77980000000,-36.13131,12.35253,-0.12290,0.55321,0.00045,-0.00150,0.83304,-0.52648,1.44728,0.01460
78013000000,-36.14904,12.40049,-0.12245,0.55432,0.00044,-0.00154,0.83230,-0.52398,1.44875,0.01522
78046000000,-36.16657,12.44836,-0.12198,0.55538,0.00046,-0.00151,0.83159,-0.52249,1.44920,0.01622
78079000000,-36.18411,12.49637,-0.12154,0.55636,0.00041,-0.00153,0.83094,-0.52047,1.44927,0.01751
78112000000,-36.20153,12.54421,-0.12106,0.55738,0.00035,-0.00153,0.83025,-0.51967,1.44915,0.01765
78178000000,-36.23592,12.64018,-0.11997,0.55930,0.00031,-0.00161,0.82896,-0.51602,1.45126,0.01848
78211000000,-36.25308,12.68829,-0.11943,0.56024,0.00030,-0.00155,0.82833,-0.51354,1.45307,0.01933
78244000000,-36.27010,12.73642,-0.11888,0.56112,0.00027,-0.00155,0.82774,-0.51186,1.45476,0.01886
78310000000,-36.30379,12.83283,-0.11772,0.56285,0.00027,-0.00153,0.82655,-0.50648,1.45653,0.01931
78376000000,-36.33660,12.92939,-0.11658,0.56549,0.00032,-0.00152,0.82476,-0.48427,1.45663,0.01923
78409000000,-36.35248,12.97785,-0.11605,0.56732,0.00036,-0.00153,0.82350,-0.47033,1.45770,0.01964
78442000000,-36.36794,13.02624,-0.11547,0.56963,0.00033,-0.00155,0.82190,-0.45567,1.45805,0.01956
78541000000,-36.41024,13.17092,-0.11363,0.57864,0.00027,-0.00157,0.81558,-0.39251,1.46119,0.02053
78574000000,-36.42312,13.21951,-0.11309,0.58249,0.00022,-0.00155,0.81284,-0.36838,1.46205,0.02007
78607000000,-36.43526,13.26800,-0.11268,0.58677,0.00024,-0.00157,0.80975,-0.34256,1.46136,0.01937
78640000000,-36.44657,13.31672,-0.11216,0.59144,0.00022,-0.00160,0.80635,-0.31535,1.46567,0.02050
78706000000,-36.46577,13.41391,-0.11096,0.60203,0.00024,-0.00164,0.79847,-0.25081,1.47063,0.02262
78772000000,-36.48143,13.51174,-0.10978,0.61259,0.00024,-0.00163,0.79040,-0.20418,1.49651,0.02208
78838000000,-36.49484,13.61169,-0.10851,0.62211,0.00017,-0.00166,0.78293,-0.16965,1.52008,0.02248
78871000000,-36.50135,13.66267,-0.10790,0.62634,0.00007,-0.00162,0.77955,-0.15830,1.53256,0.02375
78904000000,-36.50749,13.71391,-0.10727,0.63023,0.00001,-0.00161,0.77641,-0.15838,1.54050,0.02424
78937000000,-36.51303,13.76496,-0.10667,0.63360,-0.00005,-0.00163,0.77366,-0.15595,1.55044,0.02311
78970000000,-36.51905,13.81703,-0.10606,0.63660,-0.00008,-0.00163,0.77120,-0.15339,1.56321,0.02339
79003000000,-36.52498,13.86938,-0.10548,0.63913,-0.00010,-0.00167,0.76909,-0.15325,1.57282,0.02262
79036000000,-36.53098,13.92185,-0.10492,0.64151,-0.00020,-0.00165,0.76712,-0.15079,1.57428,0.02190
79069000000,-36.53699,13.97453,-0.10430,0.64379,-0.00027,-0.00163,0.76520,-0.14743,1.57571,0.02135
79135000000,-36.54732,14.07918,-0.10287,0.64823,-0.00035,-0.00168,0.76144,-0.13787,1.57917,0.02283
79168000000,-36.55240,14.13202,-0.10222,0.65035,-0.00039,-0.00168,0.75963,-0.13329,1.57964,0.02291
79234000000,-36.56081,14.23623,-0.10065,0.65429,-0.00040,-0.00164,0.75624,-0.12318,1.58062,0.02325
79267000000,-36.56469,14.28812,-0.09990,0.65621,-0.00040,-0.00163,0.75458,-0.11957,1.58016,0.02271
79300000000,-36.56937,14.34129,-0.09922,0.65802,-0.00044,-0.00162,0.75300,-0.11605,1.58320,0.02121
79333000000,-36.57267,14.39329,-0.09854,0.65979,-0.00048,-0.00165,0.75145,-0.11110,1.58298,0.02027
79366000000,-36.57625,14.44557,-0.09786,0.66151,-0.00050,-0.00163,0.74993,-0.10688,1.58275,0.02103
79399000000,-36.58003,14.49779,-0.09714,0.66318,-0.00054,-0.00162,0.74846,-0.10261,1.58337,0.02125
79432000000,-36.58339,14.55007,-0.09645,0.66479,-0.00057,-0.00163,0.74703,-0.09976,1.58398,0.02122
79465000000,-36.58863,14.60398,-0.09580,0.66632,-0.00065,-0.00162,0.74567,-0.09959,1.58895,0.02034
79498000000,-36.59120,14.65565,-0.09522,0.66784,-0.00062,-0.00166,0.74430,-0.09509,1.58810,0.02045
79564000000,-36.59742,14.76017,-0.09399,0.67079,-0.00057,-0.00165,0.74165,-0.08647,1.58316,0.02031
79630000000,-36.60516,14.86576,-0.09294,0.67408,-0.00068,-0.00168,0.73866,-0.06589,1.57526,0.02107
79663000000,-36.60664,14.91726,-0.09215,0.67616,-0.00071,-0.00162,0.73676,-0.05283,1.56567,0.02175
79696000000,-36.60753,14.96850,-0.09149,0.67848,-0.00071,-0.00165,0.73461,-0.03815,1.55442,0.02062
79762000000,-36.61183,15.07115,-0.09063,0.68377,-0.00075,-0.00169,0.72970,-0.00921,1.53891,0.02033
79795000000,-36.61172,15.12135,-0.08994,0.68657,-0.00073,-0.00173,0.72706,0.00349,1.55256,0.02158
79828000000,-36.61402,15.17424,-0.08994,0.68920,-0.00078,-0.00175,0.72457,0.01094,1.56927,0.02020
79894000000,-36.61012,15.27706,-0.08864,0.69360,-0.00076,-0.00181,0.72036,0.02098,1.59261,0.01968
79927000000,-36.60898,15.33019,-0.08816,0.69534,-0.00076,-0.00182,0.71868,0.02566,1.60230,0.02008
79960000000,-36.60934,15.38486,-0.08827,0.69694,-0.00079,-0.00184,0.71712,0.02769,1.60351,0.01977
79993000000,-36.61042,15.43613,-0.08730,0.69854,-0.00084,-0.00184,0.71557,0.02912,1.60099,0.02052
80026000000,-36.61630,15.50675,-0.08751,0.70009,-0.00104,-0.00171,0.71405,0.02538,1.62135,0.02073
80059000000,-36.61125,15.54291,-0.08685,0.70157,-0.00086,-0.00191,0.71260,0.03460,1.60116,0.02164
80092000000,-36.61385,15.59897,-0.08716,0.70298,-0.00096,-0.00192,0.71120,0.03404,1.60313,0.02154
80158000000,-36.61109,15.70126,-0.08559,0.70569,-0.00101,-0.00199,0.70851,0.04197,1.59876,0.02393
80257000000,-36.60965,15.86673,-0.08368,0.70952,-0.00115,-0.00196,0.70469,0.04968,1.60385,0.02492
80290000000,-36.60676,15.91282,-0.08302,0.71069,-0.00109,-0.00204,0.70350,0.05354,1.59639,0.02497
80323000000,-36.60727,15.97232,-0.08309,0.71185,-0.00121,-0.00191,0.70233,0.05453,1.60436,0.02460
80356000000,-36.60464,16.01846,-0.08231,0.71297,-0.00117,-0.00200,0.70119,0.05862,1.58882,0.02495
80389000000,-36.60232,16.07035,-0.08155,0.71426,-0.00122,-0.00203,0.69988,0.07254,1.57293,0.02616
80422000000,-36.59960,16.12171,-0.08054,0.71579,-0.00124,-0.00200,0.69831,0.08121,1.55951,0.02591
80488000000,-36.59908,16.24921,-0.07916,0.71928,-0.00151,-0.00174,0.69472,0.09497,1.57889,0.02548
80521000000,-36.59215,16.27720,-0.07843,0.72099,-0.00131,-0.00192,0.69294,0.10500,1.56866,0.02523
80554000000,-36.59533,16.36149,-0.07776,0.72251,-0.00160,-0.00168,0.69135,0.09358,1.62340,0.02535
80620000000,-36.58282,16.43541,-0.07655,0.72500,-0.00134,-0.00191,0.68875,0.10654,1.59376,0.02519
80653000000,-36.57959,16.48804,-0.07566,0.72616,-0.00141,-0.00189,0.68753,0.10874,1.59233,0.02608
80686000000,-36.57980,16.55506,-0.07493,0.72726,-0.00167,-0.00172,0.68635,0.10647,1.60902,0.02664
80752000000,-36.57030,16.64838,-0.07341,0.72937,-0.00157,-0.00178,0.68412,0.11516,1.59372,0.02722
80785000000,-36.57918,16.76419,-0.07207,0.73043,-0.00225,-0.00123,0.68298,0.10233,1.67297,0.02751
80818000000,-36.56492,16.75805,-0.07184,0.73136,-0.00162,-0.00175,0.68199,0.11802,1.60003,0.02796
80884000000,-36.56102,16.88041,-0.06977,0.73327,-0.00197,-0.00165,0.67993,0.11871,1.62066,0.02762
80917000000,-36.55614,16.91138,-0.06914,0.73417,-0.00185,-0.00183,0.67896,0.12176,1.59337,0.02747
80950000000,-36.55295,16.97387,-0.06828,0.73503,-0.00194,-0.00175,0.67802,0.12357,1.60569,0.02837
80983000000,-36.54880,17.00908,-0.06770,0.73583,-0.00182,-0.00190,0.67716,0.12605,1.58364,0.02844
81016000000,-36.54704,17.07978,-0.06622,0.73666,-0.00199,-0.00168,0.67626,0.12498,1.60627,0.02831
81049000000,-36.54345,17.12464,-0.06525,0.73747,-0.00193,-0.00176,0.67537,0.12606,1.59505,0.02742
81082000000,-36.53890,17.17637,-0.06450,0.73822,-0.00189,-0.00183,0.67456,0.12790,1.59217,0.02769
81115000000,-36.53601,17.22928,-0.06366,0.73896,-0.00193,-0.00186,0.67374,0.12668,1.59414,0.02744
81148000000,-36.53124,17.28066,-0.06290,0.73964,-0.00192,-0.00186,0.67300,0.12834,1.59332,0.02796
81214000000,-36.52238,17.38531,-0.06154,0.74100,-0.00193,-0.00198,0.67149,0.13011,1.59333,0.02848
81313000000,-36.50925,17.54129,-0.05965,0.74336,-0.00194,-0.00220,0.66889,0.13683,1.56368,0.02789
81346000000,-36.50436,17.59293,-0.05926,0.74433,-0.00190,-0.00220,0.66780,0.14252,1.54870,0.02810
81379000000,-36.50026,17.61310,-0.06445,0.74550,-0.00155,-0.00254,0.66649,0.14922,1.49418,0.02104
81412000000,-36.49453,17.66016,-0.06459,0.74681,-0.00150,-0.00257,0.66503,0.15887,1.47868,0.02198
81445000000,-36.48871,17.70804,-0.06469,0.74828,-0.00145,-0.00255,0.66338,0.17000,1.46140,0.02169
81511000000,-36.47637,17.80289,-0.06415,0.75168,-0.00136,-0.00254,0.65952,0.19834,1.46602,0.02304
81544000000,-36.46956,17.84940,-0.06432,0.75343,-0.00137,-0.00254,0.65752,0.21197,1.48129,0.02340
81610000000,-36.45478,17.92737,-0.06637,0.75674,-0.00118,-0.00283,0.65370,0.22961,1.49291,0.02032
81643000000,-36.44656,17.97504,-0.06687,0.75819,-0.00116,-0.00285,0.65202,0.23373,1.50735,0.02045
81676000000,-36.43790,18.02566,-0.06649,0.75953,-0.00116,-0.00280,0.65046,0.24021,1.51479,0.02109
81709000000,-36.42874,18.07626,-0.06579,0.76085,-0.00117,-0.00280,0.64892,0.24397,1.51409,0.02135
81742000000,-36.41934,18.10976,-0.06786,0.76203,-0.00092,-0.00297,0.64754,0.24856,1.49267,0.01967
81808000000,-36.40048,18.20810,-0.06741,0.76439,-0.00086,-0.00295,0.64474,0.25708,1.48677,0.02118
81841000000,-36.39078,18.25901,-0.06751,0.76554,-0.00084,-0.00294,0.64338,0.25961,1.48702,0.02076
81874000000,-36.38226,18.30900,-0.06721,0.76664,-0.00089,-0.00296,0.64207,0.26191,1.48197,0.02094
81907000000,-36.37167,18.34426,-0.06893,0.76769,-0.00077,-0.00311,0.64081,0.26579,1.45305,0.01889
81940000000,-36.36237,18.39149,-0.06918,0.76888,-0.00071,-0.00312,0.63939,0.26973,1.44452,0.01949
81973000000,-36.35235,18.43943,-0.06910,0.77010,-0.00072,-0.00310,0.63792,0.27283,1.42665,0.02105
82006000000,-36.34179,18.48630,-0.06885,0.77139,-0.00070,-0.00309,0.63636,0.27977,1.41420,0.02161
82039000000,-36.33163,18.53315,-0.06858,0.77274,-0.00072,-0.00313,0.63471,0.28826,1.40862,0.02222
82072000000,-36.32023,18.56747,-0.06993,0.77410,-0.00057,-0.00329,0.63305,0.30248,1.41377,0.02169
82105000000,-36.30833,18.61570,-0.06972,0.77548,-0.00058,-0.00329,0.63136,0.31312,1.43272,0.02113
82138000000,-36.29660,18.66406,-0.06951,0.77673,-0.00057,-0.00330,0.62983,0.32310,1.45086,0.02034
82171000000,-36.28450,18.71379,-0.06918,0.77795,-0.00056,-0.00329,0.62832,0.32764,1.45261,0.01952
82204000000,-36.27043,18.75589,-0.06999,0.77907,-0.00046,-0.00330,0.62693,0.33374,1.44501,0.01912
82237000000,-36.25789,18.80485,-0.06968,0.78021,-0.00043,-0.00331,0.62551,0.33759,1.44338,0.01808
82270000000,-36.24563,18.85392,-0.06933,0.78131,-0.00046,-0.00330,0.62414,0.34092,1.44206,0.01920
82303000000,-36.22893,18.90223,-0.06988,0.78234,-0.00039,-0.00327,0.62284,0.34799,1.43922,0.01745
82369000000,-36.20462,18.99937,-0.06880,0.78437,-0.00045,-0.00327,0.62029,0.35636,1.43599,0.01902
82402000000,-36.19229,19.04659,-0.06846,0.78533,-0.00053,-0.00332,0.61907,0.35987,1.43360,0.01991
82435000000,-36.17321,19.10018,-0.06935,0.78622,-0.00051,-0.00325,0.61794,0.36792,1.43625,0.01868
82468000000,-36.16088,19.14544,-0.06868,0.78715,-0.00050,-0.00326,0.61675,0.37014,1.43191,0.01943
82501000000,-36.14851,19.19262,-0.06816,0.78804,-0.00053,-0.00321,0.61562,0.37227,1.43052,0.01967
82567000000,-36.11754,19.28745,-0.06811,0.78966,-0.00053,-0.00321,0.61354,0.38167,1.42689,0.01757
82633000000,-36.09128,19.38278,-0.06692,0.79121,-0.00050,-0.00315,0.61153,0.38634,1.42670,0.01816
82732000000,-36.04713,19.52568,-0.06664,0.79332,-0.00041,-0.00312,0.60880,0.39721,1.42292,0.01906
82765000000,-36.03391,19.57233,-0.06618,0.79403,-0.00041,-0.00314,0.60788,0.39840,1.42096,0.01903
82798000000,-36.01614,19.62226,-0.06747,0.79467,-0.00033,-0.00309,0.60704,0.40378,1.42239,0.01779
82864000000,-35.98939,19.71589,-0.06623,0.79590,-0.00035,-0.00305,0.60541,0.40804,1.41920,0.01883
82930000000,-35.95924,19.81029,-0.06630,0.79710,-0.00026,-0.00297,0.60385,0.41519,1.41662,0.01705
82963000000,-35.94359,19.85888,-0.06671,0.79766,-0.00022,-0.00295,0.60310,0.41812,1.41724,0.01767
82996000000,-35.92969,19.90547,-0.06623,0.79819,-0.00023,-0.00293,0.60240,0.41956,1.41427,0.01948
83062000000,-35.90026,20.00099,-0.06554,0.79920,-0.00025,-0.00288,0.60106,0.42240,1.41424,0.01824
83095000000,-35.88675,20.04669,-0.06479,0.79970,-0.00030,-0.00292,0.60039,0.42372,1.41260,0.01978
83128000000,-35.87134,20.09564,-0.06474,0.80015,-0.00033,-0.00291,0.59980,0.42533,1.41433,0.01966
83161000000,-35.85733,20.14195,-0.06418,0.80062,-0.00035,-0.00292,0.59917,0.42716,1.41029,0.01899
83227000000,-35.82878,20.23529,-0.06311,0.80147,-0.00040,-0.00289,0.59803,0.42964,1.40818,0.02071
83260000000,-35.81323,20.28378,-0.06342,0.80186,-0.00039,-0.00288,0.59751,0.43217,1.40903,0.02070
83293000000,-35.79722,20.33416,-0.06363,0.80223,-0.00047,-0.00285,0.59701,0.43564,1.41348,0.02047
83359000000,-35.76848,20.42691,-0.06233,0.80302,-0.00050,-0.00287,0.59594,0.43863,1.41186,0.02193
83392000000,-35.75298,20.47544,-0.06270,0.80336,-0.00055,-0.00289,0.59548,0.44090,1.41265,0.02058
83458000000,-35.72355,20.56990,-0.06221,0.80404,-0.00057,-0.00288,0.59457,0.44281,1.41069,0.02047
83491000000,-35.70926,20.61609,-0.06151,0.80438,-0.00060,-0.00288,0.59410,0.44358,1.40808,0.02121
83557000000,-35.68000,20.70960,-0.06117,0.80499,-0.00069,-0.00294,0.59328,0.44452,1.40764,0.02160
83590000000,-35.66540,20.75635,-0.06063,0.80530,-0.00067,-0.00294,0.59286,0.44476,1.40735,0.02246
83656000000,-35.63608,20.85012,-0.06050,0.80585,-0.00072,-0.00293,0.59211,0.44605,1.40587,0.02259
83722000000,-35.60693,20.94281,-0.05932,0.80637,-0.00074,-0.00293,0.59141,0.44554,1.40296,0.02324
83755000000,-35.59154,20.99085,-0.06025,0.80659,-0.00075,-0.00298,0.59111,0.44673,1.40487,0.02060
83788000000,-35.57606,21.03815,-0.06073,0.80680,-0.00075,-0.00297,0.59082,0.44810,1.40540,0.01990
83821000000,-35.56077,21.08564,-0.06082,0.80702,-0.00079,-0.00299,0.59052,0.44979,1.40707,0.01977
83854000000,-35.54620,21.13183,-0.06013,0.80724,-0.00080,-0.00300,0.59022,0.44936,1.40543,0.02056
83887000000,-35.53083,21.17929,-0.06030,0.80745,-0.00080,-0.00294,0.58992,0.45041,1.40467,0.01932
83920000000,-35.51586,21.22566,-0.05957,0.80769,-0.00084,-0.00291,0.58960,0.45221,1.40444,0.02115
83986000000,-35.48510,21.31980,-0.05887,0.80812,-0.00081,-0.00292,0.58901,0.45365,1.40642,0.02272
84052000000,-35.45552,21.41195,-0.05704,0.80853,-0.00082,-0.00297,0.58845,0.45193,1.40462,0.02567
84085000000,-35.43980,21.45972,-0.05703,0.80868,-0.00082,-0.00290,0.58824,0.45246,1.40568,0.02597
84118000000,-35.42479,21.50609,-0.05623,0.80887,-0.00083,-0.00294,0.58798,0.45269,1.40587,0.02539
84184000000,-35.39396,21.60017,-0.05563,0.80916,-0.00089,-0.00289,0.58758,0.45443,1.40612,0.02349
84217000000,-35.37893,21.64656,-0.05499,0.80936,-0.00084,-0.00290,0.58731,0.45325,1.40544,0.02390
84283000000,-35.34826,21.74041,-0.05447,0.80966,-0.00096,-0.00288,0.58689,0.45477,1.40683,0.02326
84316000000,-35.33362,21.78650,-0.05288,0.80980,-0.00096,-0.00291,0.58669,0.45407,1.40501,0.02462
84349000000,-35.31803,21.83370,-0.05296,0.80994,-0.00096,-0.00293,0.58650,0.45510,1.40640,0.02322
84382000000,-35.30306,21.87999,-0.05203,0.81006,-0.00094,-0.00297,0.58633,0.45448,1.40537,0.02452
84415000000,-35.28762,21.92709,-0.05203,0.81016,-0.00096,-0.00301,0.58619,0.45507,1.40645,0.02419
84481000000,-35.25799,22.01979,-0.05014,0.81047,-0.00095,-0.00300,0.58578,0.45313,1.40575,0.02664
84547000000,-35.22822,22.11256,-0.04837,0.81068,-0.00094,-0.00300,0.58548,0.45097,1.40447,0.02817
84580000000,-35.21330,22.15934,-0.04823,0.81076,-0.00098,-0.00298,0.58537,0.44948,1.40438,0.02697
84613000000,-35.19842,22.20566,-0.04731,0.81087,-0.00098,-0.00296,0.58522,0.44923,1.40411,0.02712
84646000000,-35.18356,22.25201,-0.04642,0.81098,-0.00100,-0.00299,0.58506,0.44897,1.40334,0.02837
84679000000,-35.16871,22.29834,-0.04551,0.81109,-0.00102,-0.00296,0.58491,0.45009,1.40356,0.03021
84712000000,-35.15386,22.34466,-0.04453,0.81118,-0.00103,-0.00296,0.58479,0.44964,1.40304,0.03141
84745000000,-35.13904,22.39094,-0.04354,0.81130,-0.00104,-0.00294,0.58462,0.44845,1.40315,0.03194
84778000000,-35.12430,22.43713,-0.04251,0.81141,-0.00106,-0.00291,0.58447,0.44617,1.39428,0.03255
84811000000,-35.10959,22.48304,-0.04148,0.81154,-0.00113,-0.00287,0.58429,0.44336,1.38403,0.03245
84844000000,-35.09505,22.52842,-0.04044,0.81169,-0.00114,-0.00286,0.58408,0.43938,1.36696,0.03391
84877000000,-35.08059,22.57326,-0.03939,0.81188,-0.00116,-0.00285,0.58381,0.43666,1.34967,0.03489
84943000000,-35.05199,22.66197,-0.03851,0.81247,-0.00118,-0.00282,0.58300,0.43899,1.32121,0.03472
84976000000,-35.03686,22.70532,-0.03744,0.81291,-0.00118,-0.00280,0.58238,0.44354,1.30650,0.03691
85042000000,-35.00713,22.79043,-0.03526,0.81428,-0.00114,-0.00276,0.58047,0.45455,1.27134,0.03603
85075000000,-34.99186,22.83224,-0.03432,0.81517,-0.00112,-0.00274,0.57921,0.46455,1.26077,0.03676
85108000000,-34.97626,22.87360,-0.03332,0.81625,-0.00112,-0.00278,0.57769,0.47331,1.24062,0.03736
85141000000,-34.96043,22.91433,-0.03235,0.81753,-0.00106,-0.00281,0.57588,0.48533,1.22263,0.03766
85174000000,-34.94411,22.95447,-0.03141,0.81898,-0.00105,-0.00282,0.57382,0.49836,1.20362,0.03838
85240000000,-34.90999,23.03299,-0.02937,0.82255,-0.00100,-0.00283,0.56869,0.53650,1.18262,0.03906
85273000000,-34.89061,23.07381,-0.03127,0.82464,-0.00102,-0.00271,0.56566,0.56770,1.19833,0.03736
85306000000,-34.87176,23.11352,-0.02994,0.82699,-0.00105,-0.00271,0.56221,0.59744,1.21206,0.03852
85339000000,-34.85022,23.15562,-0.03126,0.82948,-0.00108,-0.00266,0.55854,0.62757,1.22707,0.03699
85372000000,-34.82893,23.19593,-0.03016,0.83212,-0.00108,-0.00266,0.55458,0.65646,1.23947,0.03897
85438000000,-34.78373,23.27828,-0.02794,0.83767,-0.00113,-0.00263,0.54617,0.70880,1.26092,0.04135
85471000000,-34.75892,23.32080,-0.02910,0.84045,-0.00115,-0.00260,0.54189,0.71519,1.27293,0.03979
85504000000,-34.73382,23.36362,-0.02998,0.84319,-0.00119,-0.00256,0.53760,0.74620,1.25703,0.03780
85537000000,-34.70906,23.40425,-0.02893,0.84604,-0.00120,-0.00256,0.53312,0.75835,1.24237,0.03881
85570000000,-34.68311,23.44516,-0.02984,0.84894,-0.00120,-0.00255,0.52849,0.76340,1.21533,0.03789
85603000000,-34.65781,23.48435,-0.02881,0.85193,-0.00118,-0.00256,0.52364,0.76807,1.18308,0.03809
85636000000,-34.63094,23.52309,-0.03041,0.85504,-0.00110,-0.00250,0.51856,0.77590,1.15368,0.03630
85669000000,-34.60516,23.56097,-0.02901,0.85826,-0.00108,-0.00249,0.51321,0.78824,1.13003,0.03796
85702000000,-34.57811,23.59692,-0.03050,0.86159,-0.00104,-0.00252,0.50759,0.79841,1.09689,0.03629
85735000000,-34.55166,23.63263,-0.02910,0.86507,-0.00108,-0.00252,0.50165,0.81179,1.07061,0.03791
85834000000,-34.46936,23.73280,-0.02803,0.87615,-0.00100,-0.00249,0.48203,0.85083,0.97472,0.03611
85900000000,-34.41103,23.79615,-0.02560,0.88423,-0.00094,-0.00247,0.46704,0.91967,0.94938,0.03896
85933000000,-34.37971,23.82763,-0.02615,0.88855,-0.00090,-0.00244,0.45877,0.96282,0.93673,0.03668
85966000000,-34.34686,23.85848,-0.02633,0.89310,-0.00088,-0.00244,0.44984,1.00854,0.92260,0.03454
85999000000,-34.31263,23.88858,-0.02614,0.89804,-0.00086,-0.00249,0.43990,1.06075,0.90010,0.03321
86065000000,-34.24045,23.94542,-0.02498,0.90891,-0.00082,-0.00249,0.41699,1.10361,0.79868,0.03259
86131000000,-34.16691,23.99413,-0.02367,0.92007,-0.00080,-0.00243,0.39173,1.11842,0.67423,0.03182
86197000000,-34.09313,24.03415,-0.02220,0.93130,-0.00078,-0.00242,0.36425,1.12175,0.54316,0.03366
86263000000,-34.01993,24.06516,-0.02062,0.94207,-0.00077,-0.00246,0.33540,1.08975,0.41023,0.03351
86329000000,-33.94821,24.08998,-0.01888,0.95196,-0.00072,-0.00244,0.30620,1.06257,0.29846,0.03413
86395000000,-33.87453,24.10982,-0.01700,0.96122,-0.00075,-0.00238,0.27577,1.13131,0.21666,0.03437
86461000000,-33.79692,24.12391,-0.01498,0.97010,-0.00076,-0.00235,0.24268,1.18998,0.12324,0.03642
86494000000,-33.75711,24.12750,-0.01384,0.97429,-0.00074,-0.00236,0.22530,1.20520,0.06967,0.03700
86527000000,-33.71705,24.12944,-0.01266,0.97813,-0.00076,-0.00236,0.20800,1.20640,0.01784,0.03739
86593000000,-33.63398,24.12756,-0.01017,0.98495,-0.00074,-0.00239,0.17279,1.28939,-0.08866,0.03950
86659000000,-33.54695,24.11822,-0.00754,0.99047,-0.00067,-0.00239,0.13770,1.33641,-0.19474,0.04060
86725000000,-33.46037,24.10313,-0.00493,0.99456,-0.00065,-0.00238,0.10412,1.27281,-0.26505,0.04140
86791000000,-33.37915,24.08477,-0.00226,0.99719,-0.00062,-0.00237,0.07489,1.21607,-0.29362,0.04159
86824000000,-33.33995,24.07377,-0.00101,0.99812,-0.00055,-0.00241,0.06125,1.20031,-0.32120,0.04190
86857000000,-33.30124,24.06260,0.00026,0.99884,-0.00053,-0.00237,0.04811,1.16797,-0.34017,0.04254
86923000000,-33.22550,24.03917,0.00307,0.99971,-0.00049,-0.00234,0.02376,1.11417,-0.36751,0.04363
86989000000,-33.15257,24.01512,0.00586,1.00000,-0.00048,-0.00232,0.00208,1.07222,-0.37850,0.04356
87055000000,-33.08258,23.99064,0.00881,0.99985,-0.00048,-0.00226,-0.01707,1.03704,-0.38175,0.04572
87121000000,-33.01496,23.96545,0.01183,0.99942,-0.00043,-0.00218,-0.03385,0.99915,-0.37305,0.04838
87154000000,-32.98228,23.95393,0.01327,0.99915,-0.00045,-0.00215,-0.04119,0.96832,-0.36109,0.04901
87220000000,-32.91936,23.93134,0.01649,0.99853,-0.00043,-0.00210,-0.05420,0.94503,-0.34544,0.05028
87253000000,-32.88860,23.91938,0.01809,0.99819,-0.00039,-0.00206,-0.06018,0.95667,-0.34871,0.05046
87319000000,-32.82046,23.89956,0.02100,0.99746,-0.00040,-0.00193,-0.07118,0.99019,-0.34235,0.05119
87352000000,-32.78727,23.88892,0.02235,0.99709,-0.00041,-0.00193,-0.07615,1.00342,-0.33735,0.05149
87418000000,-32.71865,23.86621,0.02479,0.99640,-0.00029,-0.00187,-0.08474,1.03808,-0.32671,0.05144
87451000000,-32.68409,23.85721,0.02624,0.99610,-0.00032,-0.00189,-0.08824,1.05516,-0.31521,0.05194
87484000000,-32.64650,23.84826,0.02666,0.99583,-0.00024,-0.00187,-0.09119,1.07682,-0.30286,0.05157
87517000000,-32.61104,23.83865,0.02823,0.99561,-0.00028,-0.00188,-0.09356,1.09520,-0.28982,0.05307
87550000000,-32.57501,23.82881,0.02972,0.99545,-0.00025,-0.00190,-0.09530,1.11500,-0.27483,0.05362
87616000000,-32.50015,23.81135,0.03279,0.99531,-0.00027,-0.00189,-0.09672,1.16043,-0.24208,0.05486
87649000000,-32.45945,23.80488,0.03200,0.99535,-0.00025,-0.00191,-0.09626,1.18656,-0.21695,0.05166
87715000000,-32.38051,23.79078,0.03530,0.99568,-0.00029,-0.00190,-0.09285,1.23937,-0.16307,0.05357
87781000000,-32.29597,23.78357,0.03933,0.99633,-0.00037,-0.00195,-0.08560,1.30142,-0.09213,0.05748
87814000000,-32.24906,23.78216,0.03614,0.99676,-0.00037,-0.00185,-0.08046,1.33838,-0.04960,0.05122
87880000000,-32.15944,23.78367,0.04158,0.99781,-0.00049,-0.00186,-0.06609,1.40574,0.05469,0.05547
87913000000,-32.10906,23.78893,0.04012,0.99838,-0.00055,-0.00179,-0.05681,1.44621,0.11673,0.05135
87946000000,-32.05932,23.79551,0.03892,0.99893,-0.00059,-0.00174,-0.04620,1.48655,0.18373,0.04906
88012000000,-31.95711,23.81371,0.03796,0.99977,-0.00069,-0.00174,-0.02150,1.55034,0.32061,0.04471
88078000000,-31.85387,23.83957,0.03629,0.99998,-0.00072,-0.00166,0.00589,1.52655,0.43725,0.04178
88111000000,-31.80176,23.85548,0.03447,0.99980,-0.00072,-0.00164,0.01997,1.51894,0.49296,0.03845
88177000000,-31.70194,23.89116,0.03494,0.99884,-0.00068,-0.00161,0.04821,1.47763,0.59141,0.03509
88210000000,-31.65314,23.91059,0.03484,0.99808,-0.00068,-0.00160,0.06198,1.41248,0.61649,0.03369
88243000000,-31.60561,23.92977,0.03360,0.99717,-0.00068,-0.00160,0.07516,1.36155,0.63658,0.03037
88309000000,-31.51654,23.97246,0.03380,0.99501,-0.00063,-0.00163,0.09979,1.27302,0.65791,0.02694
88375000000,-31.43253,24.01283,0.03400,0.99287,-0.00063,-0.00168,0.11921,1.21566,0.58736,0.02319
88408000000,-31.39147,24.03076,0.03344,0.99198,-0.00058,-0.00166,0.12641,1.18712,0.54401,0.02155
88474000000,-31.31385,24.06530,0.03347,0.99041,-0.00063,-0.00158,0.13813,1.12152,0.53140,0.02094
88507000000,-31.27660,24.08277,0.03410,0.98972,-0.00069,-0.00155,0.14297,1.10441,0.52701,0.02167
88540000000,-31.23897,24.09958,0.03365,0.98911,-0.00067,-0.00151,0.14718,1.06975,0.51060,0.01929
88606000000,-31.16905,24.13278,0.03481,0.98814,-0.00061,-0.00152,0.15357,1.07194,0.50667,0.02081
88639000000,-31.13282,24.14959,0.03514,0.98777,-0.00062,-0.00148,0.15588,1.09676,0.50746,0.02233
88705000000,-31.05679,24.18252,0.03504,0.98739,-0.00061,-0.00144,0.15827,1.15145,0.50466,0.02054
88738000000,-31.01847,24.19883,0.03545,0.98735,-0.00056,-0.00145,0.15856,1.16964,0.49455,0.02051
88804000000,-30.93897,24.23082,0.03641,0.98757,-0.00056,-0.00137,0.15719,1.22647,0.47683,0.02153
88837000000,-30.89632,24.24596,0.03551,0.98785,-0.00048,-0.00135,0.15538,1.26007,0.46290,0.01920
88903000000,-30.81263,24.27494,0.03690,0.98880,-0.00056,-0.00135,0.14924,1.28549,0.41214,0.02112
88969000000,-30.72783,24.29927,0.03730,0.99010,-0.00056,-0.00135,0.14039,1.24280,0.33090,0.02017
89002000000,-30.68552,24.30935,0.03666,0.99086,-0.00057,-0.00140,0.13487,1.21723,0.28646,0.01906
89068000000,-30.60459,24.32578,0.03689,0.99250,-0.00049,-0.00145,0.12226,1.18474,0.20612,0.01794
89101000000,-30.56453,24.33181,0.03681,0.99335,-0.00049,-0.00143,0.11512,1.16208,0.16550,0.01750
89134000000,-30.52518,24.33693,0.03702,0.99421,-0.00046,-0.00143,0.10746,1.13573,0.12477,0.01764
89167000000,-30.48711,24.34054,0.03713,0.99506,-0.00047,-0.00143,0.09928,1.12431,0.08617,0.01811
89200000000,-30.44995,24.34285,0.03736,0.99588,-0.00054,-0.00141,0.09067,1.10360,0.04630,0.01711
89266000000,-30.37923,24.34362,0.03821,0.99738,-0.00058,-0.00138,0.07229,1.03468,-0.03035,0.01857
89332000000,-30.31229,24.33938,0.03907,0.99861,-0.00059,-0.00145,0.05262,0.97350,-0.09859,0.01958
89365000000,-30.28034,24.33555,0.03940,0.99909,-0.00061,-0.00140,0.04254,0.95057,-0.12891,0.02018
89398000000,-30.24973,24.33082,0.03973,0.99947,-0.00056,-0.00142,0.03255,0.91778,-0.15673,0.01971
89431000000,-30.22027,24.32513,0.04001,0.99974,-0.00051,-0.00144,0.02266,0.88434,-0.18226,0.01940
89497000000,-30.16422,24.31136,0.04102,0.99999,-0.00047,-0.00147,0.00300,0.82872,-0.22636,0.02032
89563000000,-30.11107,24.29458,0.04221,0.99986,-0.00045,-0.00149,-0.01637,0.80783,-0.27623,0.02135
89629000000,-30.05743,24.27415,0.04374,0.99932,-0.00034,-0.00148,-0.03673,0.79621,-0.32946,0.02463
89662000000,-30.03180,24.26287,0.04465,0.99891,-0.00030,-0.00146,-0.04674,0.76966,-0.34764,0.02645
89695000000,-30.00660,24.25146,0.04543,0.99840,-0.00026,-0.00144,-0.05659,0.73873,-0.35809,0.02657
89761000000,-29.96001,24.22667,0.04715,0.99714,-0.00027,-0.00145,-0.07562,0.68350,-0.38090,0.02743
89827000000,-29.91402,24.19950,0.04907,0.99549,-0.00027,-0.00142,-0.09481,0.73481,-0.46276,0.02918
89860000000,-29.88841,24.18353,0.05013,0.99444,-0.00031,-0.00133,-0.10527,0.77758,-0.51662,0.03105
89893000000,-29.86271,24.16569,0.05105,0.99323,-0.00029,-0.00136,-0.11618,0.80441,-0.56393,0.03176
89926000000,-29.83556,24.14599,0.05217,0.99181,-0.00029,-0.00131,-0.12768,0.82558,-0.60274,0.03320
89992000000,-29.77856,24.10733,0.05448,0.98898,-0.00026,-0.00128,-0.14802,0.88445,-0.57335,0.03581
90058000000,-29.71978,24.06842,0.05699,0.98620,-0.00026,-0.00123,-0.16554,0.88134,-0.60461,0.03904
90091000000,-29.69117,24.04771,0.05829,0.98475,-0.00022,-0.00123,-0.17398,0.89241,-0.62833,0.03994
90124000000,-29.66211,24.02662,0.05972,0.98328,-0.00019,-0.00130,-0.18210,0.88036,-0.63210,0.04050
90190000000,-29.60328,23.98464,0.06239,0.98043,-0.00016,-0.00126,-0.19688,0.89212,-0.64840,0.03983
90223000000,-29.57403,23.96341,0.06366,0.97907,-0.00015,-0.00125,-0.20352,0.88272,-0.64337,0.03967
90256000000,-29.54604,23.94182,0.06490,0.97778,-0.00007,-0.00128,-0.20963,0.87341,-0.63802,0.03872
90289000000,-29.51604,23.92138,0.06623,0.97654,-0.00004,-0.00123,-0.21532,0.87070,-0.63025,0.03895
90355000000,-29.45780,23.88035,0.06876,0.97429,-0.00010,-0.00122,-0.22528,0.86348,-0.61429,0.03952
90421000000,-29.40225,23.84022,0.07133,0.97232,-0.00015,-0.00125,-0.23366,0.85336,-0.59463,0.03976
90454000000,-29.37179,23.82104,0.07264,0.97146,-0.00014,-0.00113,-0.23718,0.85486,-0.58328,0.04057
90487000000,-29.34660,23.80063,0.07365,0.97069,-0.00011,-0.00119,-0.24033,0.84640,-0.57374,0.03855
90520000000,-29.31848,23.78234,0.07502,0.96998,-0.00010,-0.00117,-0.24319,0.84458,-0.56047,0.03955
90586000000,-29.26276,23.74623,0.07764,0.96884,-0.00012,-0.00118,-0.24770,0.84482,-0.53457,0.04027
90619000000,-29.23100,23.72965,0.07884,0.96843,-0.00019,-0.00110,-0.24927,0.85595,-0.51505,0.03957
90652000000,-29.20680,23.71196,0.08025,0.96827,-0.00015,-0.00118,-0.24991,0.85327,-0.49793,0.04029
90685000000,-29.17420,23.69595,0.08128,0.96830,-0.00012,-0.00099,-0.24978,0.86787,-0.47843,0.04007
90751000000,-29.12184,23.66508,0.08396,0.96900,-0.00014,-0.00111,-0.24707,0.87510,-0.43742,0.03940
90784000000,-29.09305,23.65089,0.08521,0.96965,-0.00014,-0.00112,-0.24451,0.88580,-0.41481,0.03949
90817000000,-29.06317,23.63797,0.08662,0.97049,-0.00017,-0.00109,-0.24114,0.89677,-0.39100,0.03974
90883000000,-29.00349,23.61343,0.08927,0.97241,-0.00022,-0.00111,-0.23328,0.91729,-0.34674,0.04148
90916000000,-28.97078,23.60233,0.08994,0.97344,-0.00027,-0.00101,-0.22892,0.93303,-0.32341,0.04030
90982000000,-28.91050,23.58271,0.09331,0.97569,-0.00019,-0.00102,-0.21917,0.95900,-0.27490,0.04167
91015000000,-28.86463,23.57833,0.09325,0.97685,-0.00030,-0.00077,-0.21394,0.99604,-0.24560,0.03990
91048000000,-28.84620,23.56554,0.09595,0.97809,-0.00016,-0.00100,-0.20819,0.99427,-0.22803,0.04201
91081000000,-28.81173,23.55843,0.09696,0.97936,-0.00020,-0.00097,-0.20211,1.01796,-0.20118,0.04103
91114000000,-28.77888,23.55236,0.09848,0.98071,-0.00016,-0.00101,-0.19548,1.03837,-0.17710,0.04109
91147000000,-28.74241,23.54695,0.09949,0.98211,-0.00016,-0.00097,-0.18831,1.06460,-0.15358,0.04020
91213000000,-28.67347,23.53791,0.10222,0.98494,-0.00020,-0.00096,-0.17288,1.08535,-0.10594,0.03920
91246000000,-28.63260,23.53725,0.10270,0.98633,-0.00028,-0.00089,-0.16477,1.09907,-0.07893,0.03871
91279000000,-28.59898,23.53302,0.10373,0.98769,-0.00025,-0.00087,-0.15640,1.10783,-0.06041,0.03831
91345000000,-28.52546,23.53091,0.10610,0.99017,-0.00029,-0.00087,-0.13985,1.12791,-0.06773,0.03851
91411000000,-28.45216,23.52436,0.10869,0.99181,-0.00033,-0.00087,-0.12771,1.11333,-0.13121,0.04036
91477000000,-28.37973,23.51881,0.11112,0.99291,-0.00043,-0.00088,-0.11889,1.04647,-0.10531,0.03955
91543000000,-28.30932,23.51473,0.11343,0.99381,-0.00057,-0.00076,-0.11109,0.98365,-0.08507,0.03825
91576000000,-28.28187,23.51006,0.11482,0.99419,-0.00048,-0.00083,-0.10761,0.93796,-0.08115,0.03952
91609000000,-28.25024,23.50862,0.11591,0.99453,-0.00049,-0.00076,-0.10448,0.90330,-0.07575,0.04067
91642000000,-28.22194,23.50588,0.11730,0.99482,-0.00052,-0.00079,-0.10164,0.87498,-0.07380,0.04114
91675000000,-28.19367,23.50355,0.11867,0.99507,-0.00048,-0.00076,-0.09916,0.83661,-0.07310,0.04106
91708000000,-28.16490,23.50184,0.11969,0.99529,-0.00048,-0.00075,-0.09692,0.81984,-0.07327,0.03914
91774000000,-28.11390,23.49697,0.12235,0.99562,-0.00053,-0.00073,-0.09350,0.79449,-0.07766,0.04032
91840000000,-28.06046,23.49175,0.12499,0.99585,-0.00046,-0.00080,-0.09098,0.82713,-0.09122,0.04139
91873000000,-28.03288,23.48887,0.12637,0.99593,-0.00049,-0.00077,-0.09013,0.83747,-0.09849,0.04223
91906000000,-27.99367,23.48934,0.12609,0.99598,-0.00058,-0.00059,-0.08961,0.82839,-0.09849,0.04015
91939000000,-27.97885,23.48354,0.12850,0.99600,-0.00052,-0.00074,-0.08935,0.78169,-0.10661,0.04182
91972000000,-27.95137,23.48166,0.12937,0.99599,-0.00056,-0.00068,-0.08944,0.75899,-0.10930,0.04239
92005000000,-27.92918,23.47756,0.13080,0.99596,-0.00053,-0.00076,-0.08980,0.72019,-0.11293,0.04272
92071000000,-27.88290,23.46999,0.13349,0.99583,-0.00052,-0.00079,-0.09124,0.67529,-0.12294,0.04370
92137000000,-27.83847,23.46100,0.13624,0.99559,-0.00048,-0.00086,-0.09378,0.70433,-0.14929,0.04191
92170000000,-27.81479,23.45560,0.13751,0.99545,-0.00047,-0.00084,-0.09533,0.73805,-0.16605,0.04196
92236000000,-27.76392,23.44385,0.14017,0.99509,-0.00049,-0.00084,-0.09894,0.79573,-0.19601,0.04405
92302000000,-27.70846,23.42977,0.14307,0.99467,-0.00050,-0.00083,-0.10306,0.87880,-0.23139,0.04522
92335000000,-27.67763,23.42383,0.14312,0.99445,-0.00052,-0.00079,-0.10519,0.92919,-0.24144,0.04447
92401000000,-27.61531,23.41025,0.14588,0.99429,-0.00057,-0.00082,-0.10671,0.98430,-0.19207,0.04585
92467000000,-27.54895,23.39792,0.14859,0.99428,-0.00055,-0.00089,-0.10677,1.02682,-0.19815,0.04624
92500000000,-27.49109,23.40232,0.14553,0.99428,-0.00073,-0.00063,-0.10682,1.07277,-0.19146,0.04226
92533000000,-27.47971,23.38705,0.14947,0.99429,-0.00063,-0.00086,-0.10673,1.07800,-0.20492,0.04510
92566000000,-27.43999,23.38298,0.14848,0.99429,-0.00065,-0.00077,-0.10674,1.10644,-0.20841,0.04342
92599000000,-27.40625,23.37513,0.15083,0.99428,-0.00060,-0.00082,-0.10680,1.12315,-0.21336,0.04513
92665000000,-27.33026,23.36052,0.15362,0.99427,-0.00057,-0.00080,-0.10690,1.18559,-0.22561,0.04651
92731000000,-27.25081,23.34551,0.15639,0.99426,-0.00060,-0.00080,-0.10702,1.23295,-0.23471,0.04581
92764000000,-27.20955,23.33790,0.15764,0.99426,-0.00064,-0.00079,-0.10700,1.26186,-0.24049,0.04542
92830000000,-27.12547,23.31991,0.16045,0.99410,-0.00072,-0.00076,-0.10850,1.26109,-0.30381,0.04713
92863000000,-27.08435,23.30961,0.16177,0.99388,-0.00070,-0.00081,-0.11042,1.23566,-0.31603,0.04731
92896000000,-27.04406,23.29899,0.16320,0.99366,-0.00071,-0.00082,-0.11239,1.20956,-0.31479,0.04746
92929000000,-27.00475,23.28777,0.16471,0.99344,-0.00072,-0.00081,-0.11436,1.18346,-0.31419,0.04961
92962000000,-26.96603,23.27959,0.16227,0.99321,-0.00075,-0.00074,-0.11637,1.16072,-0.31279,0.04844
92995000000,-26.92818,23.26876,0.16442,0.99296,-0.00074,-0.00075,-0.11842,1.13479,-0.31261,0.04913
93028000000,-26.89100,23.25865,0.16581,0.99271,-0.00075,-0.00075,-0.12055,1.11626,-0.31478,0.05032
93061000000,-26.83851,23.25131,0.16405,0.99243,-0.00083,-0.00057,-0.12284,1.16991,-0.33116,0.04834
93094000000,-26.81485,23.23990,0.16578,0.99223,-0.00081,-0.00066,-0.12445,1.20386,-0.30011,0.04892
93127000000,-26.77572,23.23071,0.16321,0.99213,-0.00080,-0.00061,-0.12521,1.22294,-0.29428,0.04573
93160000000,-26.73509,23.22120,0.16510,0.99203,-0.00082,-0.00057,-0.12596,1.24293,-0.30093,0.04528
93259000000,-26.60811,23.18991,0.16959,0.99175,-0.00087,-0.00056,-0.12815,1.31087,-0.32282,0.04612
93292000000,-26.56423,23.17873,0.17087,0.99166,-0.00088,-0.00059,-0.12888,1.33991,-0.33239,0.04587
93325000000,-26.51938,23.16749,0.17220,0.99156,-0.00084,-0.00055,-0.12963,1.37247,-0.34282,0.04639
93358000000,-26.47310,23.15662,0.17362,0.99147,-0.00081,-0.00055,-0.13036,1.40408,-0.35184,0.04657
93391000000,-26.42630,23.14474,0.17504,0.99137,-0.00084,-0.00056,-0.13106,1.42846,-0.36017,0.04621
93424000000,-26.37873,23.13261,0.17647,0.99128,-0.00089,-0.00053,-0.13180,1.46021,-0.37035,0.04656
93457000000,-26.33180,23.11783,0.17344,0.99119,-0.00078,-0.00056,-0.13242,1.48440,-0.37932,0.04385
93490000000,-26.28224,23.10493,0.17582,0.99109,-0.00072,-0.00057,-0.13316,1.51494,-0.38916,0.04507
93523000000,-26.23196,23.09194,0.17715,0.99101,-0.00076,-0.00057,-0.13376,1.53485,-0.39506,0.04613
93589000000,-26.12897,23.06491,0.18001,0.99084,-0.00071,-0.00052,-0.13501,1.58577,-0.41157,0.04655
93622000000,-26.07639,23.05097,0.18137,0.99076,-0.00073,-0.00050,-0.13562,1.59491,-0.41576,0.04730
93655000000,-26.02376,23.03712,0.18277,0.99067,-0.00074,-0.00049,-0.13629,1.59594,-0.41581,0.04853
93688000000,-25.97108,23.02327,0.18416,0.99058,-0.00077,-0.00050,-0.13690,1.59733,-0.41588,0.04857
93721000000,-25.91199,23.00832,0.18013,0.99050,-0.00074,-0.00037,-0.13752,1.60311,-0.41754,0.04533
93754000000,-25.86908,22.99459,0.18250,0.99043,-0.00076,-0.00041,-0.13805,1.59803,-0.41886,0.04642
93820000000,-25.76411,22.96541,0.18198,0.99027,-0.00079,-0.00034,-0.13916,1.60101,-0.42335,0.04467
93853000000,-25.71355,22.95146,0.18383,0.99021,-0.00078,-0.00036,-0.13960,1.60025,-0.42375,0.04511
93886000000,-25.66059,22.93732,0.18534,0.99014,-0.00075,-0.00029,-0.14008,1.60198,-0.42480,0.04498
93919000000,-25.60757,22.92321,0.18689,0.99007,-0.00072,-0.00035,-0.14059,1.60379,-0.42532,0.04585
93985000000,-25.50131,22.89526,0.18980,0.98994,-0.00070,-0.00034,-0.14147,1.60629,-0.42577,0.04560
94018000000,-25.44875,22.88029,0.19110,0.98983,-0.00071,-0.00031,-0.14226,1.59130,-0.45553,0.04533
94084000000,-25.34611,22.84966,0.19400,0.98946,-0.00072,-0.00030,-0.14482,1.54122,-0.45125,0.04702
94117000000,-25.29550,22.83471,0.19524,0.98925,-0.00079,-0.00028,-0.14626,1.52107,-0.45179,0.04566
94150000000,-25.24827,22.81760,0.19304,0.98902,-0.00070,-0.00024,-0.14776,1.49876,-0.45409,0.04261
94183000000,-25.19938,22.80263,0.19465,0.98880,-0.00072,-0.00026,-0.14926,1.51818,-0.46686,0.04229
94216000000,-25.14415,22.78347,0.19354,0.98855,-0.00071,-0.00019,-0.15092,1.55663,-0.48290,0.04075
94249000000,-25.10184,22.76900,0.19472,0.98838,-0.00074,-0.00026,-0.15199,1.58178,-0.48123,0.04079
94315000000,-24.99900,22.73401,0.19551,0.98809,-0.00060,-0.00028,-0.15389,1.59869,-0.49261,0.03931
94414000000,-24.84051,22.68561,0.19970,0.98767,-0.00056,-0.00026,-0.15653,1.59944,-0.49578,0.04150
94447000000,-24.78823,22.66927,0.20092,0.98753,-0.00050,-0.00024,-0.15743,1.59943,-0.49753,0.04044
94480000000,-24.73539,22.65298,0.20217,0.98740,-0.00049,-0.00021,-0.15822,1.59962,-0.49918,0.04062
94513000000,-24.68254,22.63663,0.20345,0.98727,-0.00044,-0.00022,-0.15906,1.60146,-0.49943,0.04072
94546000000,-24.62958,22.62044,0.20473,0.98714,-0.00040,-0.00023,-0.15987,1.60172,-0.50091,0.04033
94612000000,-24.52393,22.58751,0.20734,0.98690,-0.00037,-0.00021,-0.16134,1.59726,-0.49994,0.03993
94645000000,-24.47554,22.57058,0.20590,0.98679,-0.00032,-0.00020,-0.16198,1.58210,-0.49570,0.03898
94678000000,-24.42373,22.55432,0.20763,0.98670,-0.00035,-0.00023,-0.16254,1.56363,-0.48725,0.03865
94744000000,-24.32143,22.52227,0.20986,0.98660,-0.00032,-0.00022,-0.16313,1.55468,-0.47346,0.03759
94777000000,-24.27076,22.50648,0.21093,0.98661,-0.00027,-0.00026,-0.16310,1.53256,-0.45872,0.03761
94843000000,-24.15236,22.47513,0.21035,0.98671,-0.00028,-0.00014,-0.16247,1.55864,-0.44179,0.03488
94876000000,-24.12271,22.46178,0.21163,0.98687,-0.00033,-0.00030,-0.16150,1.56744,-0.43565,0.03569
94942000000,-24.02073,22.43235,0.21127,0.98727,-0.00026,-0.00036,-0.15906,1.59413,-0.42270,0.03422
94975000000,-23.97016,22.41871,0.21256,0.98751,-0.00029,-0.00037,-0.15757,1.58972,-0.41319,0.03354
95008000000,-23.91754,22.40522,0.21348,0.98773,-0.00030,-0.00040,-0.15614,1.58748,-0.40603,0.03285
95074000000,-23.81218,22.37762,0.21579,0.98807,-0.00029,-0.00034,-0.15400,1.60314,-0.42049,0.03287
95140000000,-23.70975,22.34794,0.21558,0.98837,-0.00029,-0.00031,-0.15210,1.60476,-0.42163,0.03311
95173000000,-23.65814,22.33469,0.21717,0.98849,-0.00028,-0.00030,-0.15126,1.60543,-0.41940,0.03321
95206000000,-23.59457,22.31899,0.21644,0.98862,-0.00019,-0.00026,-0.15041,1.61564,-0.41956,0.03049
95272000000,-23.50346,22.29328,0.21809,0.98887,-0.00016,-0.00039,-0.14877,1.60999,-0.41759,0.02836
95305000000,-23.45369,22.27922,0.21766,0.98899,-0.00013,-0.00041,-0.14795,1.60934,-0.41684,0.02781
95371000000,-23.34743,22.25206,0.21971,0.98921,-0.00019,-0.00037,-0.14648,1.61218,-0.41386,0.02832
95437000000,-23.24126,22.22523,0.22157,0.98941,-0.00015,-0.00039,-0.14515,1.61458,-0.41316,0.02990
95503000000,-23.13441,22.19869,0.22345,0.98958,-0.00017,-0.00043,-0.14395,1.61926,-0.41202,0.03055
95536000000,-23.08112,22.18551,0.22447,0.98967,-0.00013,-0.00035,-0.14333,1.62120,-0.41121,0.02974
95569000000,-23.03025,22.17275,0.22362,0.98976,-0.00016,-0.00040,-0.14277,1.61999,-0.41037,0.02841
95602000000,-22.97831,22.15950,0.22488,0.98984,-0.00020,-0.00035,-0.14220,1.62029,-0.40936,0.02876
95668000000,-22.86560,22.13293,0.22602,0.98998,-0.00025,-0.00035,-0.14119,1.63068,-0.40748,0.02765
95734000000,-22.76761,22.10760,0.22743,0.99013,-0.00033,-0.00043,-0.14016,1.60648,-0.39867,0.02815
95767000000,-22.71576,22.09522,0.22739,0.99019,-0.00031,-0.00041,-0.13973,1.58450,-0.39234,0.02601
95833000000,-22.61380,22.06922,0.22892,0.99026,-0.00028,-0.00041,-0.13922,1.53946,-0.38618,0.02513
95866000000,-22.56367,22.05652,0.22971,0.99026,-0.00032,-0.00040,-0.13924,1.51636,-0.38559,0.02566
95932000000,-22.46499,22.03101,0.23136,0.99017,-0.00037,-0.00035,-0.13984,1.47036,-0.38910,0.02471
95965000000,-22.41666,22.01780,0.23221,0.99009,-0.00041,-0.00031,-0.14042,1.44854,-0.39231,0.02415
96031000000,-22.32011,21.99094,0.23386,0.98987,-0.00035,-0.00029,-0.14197,1.49832,-0.41753,0.02519
96064000000,-22.26993,21.97713,0.23461,0.98975,-0.00036,-0.00031,-0.14280,1.53595,-0.41761,0.02383
96097000000,-22.21884,21.96345,0.23541,0.98966,-0.00032,-0.00027,-0.14343,1.56751,-0.42951,0.02317
96130000000,-22.16705,21.94930,0.23623,0.98957,-0.00033,-0.00028,-0.14404,1.58744,-0.43739,0.02275
96163000000,-22.11444,21.93487,0.23691,0.98948,-0.00033,-0.00029,-0.14467,1.60694,-0.44428,0.02254
96196000000,-22.06113,21.92023,0.23750,0.98939,-0.00031,-0.00031,-0.14529,1.62771,-0.45133,0.02249
96229000000,-22.00741,21.90549,0.23805,0.98930,-0.00030,-0.00034,-0.14590,1.63156,-0.45331,0.02219
96262000000,-21.95359,21.89060,0.23873,0.98922,-0.00036,-0.00034,-0.14644,1.63164,-0.45293,0.02186
96328000000,-21.84990,21.86163,0.23850,0.98905,-0.00039,-0.00026,-0.14756,1.62920,-0.45417,0.01894
96427000000,-21.68966,21.81625,0.24071,0.98882,-0.00038,-0.00027,-0.14909,1.62946,-0.45959,0.01745
96460000000,-21.63571,21.80119,0.24124,0.98875,-0.00035,-0.00023,-0.14958,1.63015,-0.46015,0.01719
96493000000,-21.58187,21.78615,0.24190,0.98868,-0.00040,-0.00022,-0.15005,1.63082,-0.46080,0.01748
96526000000,-21.52782,21.77037,0.24240,0.98862,-0.00042,-0.00024,-0.15040,1.63082,-0.46262,0.01580
96559000000,-21.47381,21.75443,0.24282,0.98856,-0.00044,-0.00026,-0.15081,1.63001,-0.46502,0.01571
96592000000,-21.41989,21.73892,0.24324,0.98850,-0.00045,-0.00023,-0.15124,1.63085,-0.46645,0.01524
96625000000,-21.36579,21.72323,0.24388,0.98844,-0.00046,-0.00019,-0.15163,1.63155,-0.46720,0.01565
96658000000,-21.30277,21.70721,0.24352,0.98837,-0.00047,-0.00011,-0.15207,1.63911,-0.46837,0.01436
96724000000,-21.20975,21.67784,0.24423,0.98826,-0.00050,-0.00020,-0.15278,1.63146,-0.46903,0.01490
96757000000,-21.15599,21.66228,0.24470,0.98820,-0.00054,-0.00018,-0.15317,1.63296,-0.46887,0.01358
96823000000,-21.04851,21.63112,0.24555,0.98810,-0.00059,-0.00018,-0.15382,1.63509,-0.47066,0.01268
96856000000,-20.99402,21.61459,0.24604,0.98805,-0.00061,-0.00016,-0.15415,1.63577,-0.47107,0.01280
96889000000,-20.94003,21.59900,0.24651,0.98800,-0.00059,-0.00018,-0.15445,1.63654,-0.47174,0.01405
96922000000,-20.88618,21.58371,0.24680,0.98795,-0.00056,-0.00018,-0.15477,1.63661,-0.47151,0.01340
96955000000,-20.83194,21.56804,0.24711,0.98790,-0.00059,-0.00019,-0.15507,1.63815,-0.47196,0.01149
96988000000,-20.77754,21.55197,0.24773,0.98786,-0.00059,-0.00015,-0.15533,1.63966,-0.47295,0.01287
97021000000,-20.72249,21.53588,0.24851,0.98781,-0.00060,-0.00012,-0.15564,1.64209,-0.47394,0.01192
97087000000,-20.61346,21.50492,0.24933,0.98773,-0.00048,-0.00011,-0.15619,1.64402,-0.47595,0.01138
97120000000,-20.55493,21.49031,0.24920,0.98769,-0.00052,-0.00011,-0.15642,1.64620,-0.47756,0.01010
97153000000,-20.50940,21.47488,0.24954,0.98766,-0.00052,-0.00020,-0.15664,1.65051,-0.48090,0.00927
97219000000,-20.40066,21.44252,0.24981,0.98761,-0.00057,-0.00021,-0.15692,1.68388,-0.48868,0.00693
97252000000,-20.34546,21.42573,0.24981,0.98761,-0.00053,-0.00023,-0.15694,1.69954,-0.48893,0.00587
97351000000,-20.17445,21.37672,0.25008,0.98779,-0.00049,-0.00023,-0.15579,1.73232,-0.46976,0.00287
97384000000,-20.11479,21.35985,0.25035,0.98793,-0.00050,-0.00024,-0.15493,1.71447,-0.45518,0.00262
97450000000,-20.00120,21.32994,0.25079,0.98831,-0.00052,-0.00021,-0.15243,1.66197,-0.41989,0.00024
97483000000,-19.94667,21.31621,0.25068,0.98854,-0.00051,-0.00023,-0.15094,1.65757,-0.40637,-0.00107
97516000000,-19.89156,21.30281,0.24986,0.98878,-0.00046,-0.00032,-0.14935,1.65290,-0.39817,-0.00398
97549000000,-19.83789,21.29037,0.24908,0.98902,-0.00046,-0.00032,-0.14781,1.66737,-0.40739,-0.00505
97582000000,-19.77793,21.27554,0.24950,0.98922,-0.00046,-0.00029,-0.14642,1.66161,-0.40175,-0.00468
97615000000,-19.72172,21.26149,0.24915,0.98941,-0.00043,-0.00032,-0.14513,1.66511,-0.40080,-0.00655
97681000000,-19.61041,21.23453,0.24870,0.98977,-0.00043,-0.00030,-0.14264,1.66804,-0.39669,-0.00935
97714000000,-19.55568,21.22274,0.24553,0.98995,-0.00039,-0.00033,-0.14142,1.66897,-0.39494,-0.01067
97747000000,-19.50291,21.21160,0.24526,0.99011,-0.00043,-0.00034,-0.14027,1.67031,-0.39228,-0.01082
97813000000,-19.39256,21.18515,0.24518,0.99042,-0.00046,-0.00030,-0.13811,1.64510,-0.38299,-0.01264
97846000000,-19.33939,21.17255,0.24544,0.99054,-0.00047,-0.00026,-0.13724,1.62270,-0.37728,-0.01357
97879000000,-19.28757,21.16087,0.24543,0.99064,-0.00047,-0.00026,-0.13649,1.59968,-0.37281,-0.01472
97945000000,-19.18352,21.13572,0.24463,0.99079,-0.00045,-0.00031,-0.13542,1.55312,-0.37176,-0.01674
97978000000,-19.12952,21.11820,0.24375,0.99081,-0.00043,-0.00028,-0.13526,1.53063,-0.37716,-0.01649
98011000000,-19.07784,21.10520,0.24400,0.99080,-0.00041,-0.00025,-0.13532,1.50785,-0.37836,-0.01729
98044000000,-19.02724,21.09226,0.24384,0.99076,-0.00038,-0.00026,-0.13561,1.48885,-0.37784,-0.01764
98110000000,-18.92940,21.06798,0.24371,0.99064,-0.00035,-0.00024,-0.13651,1.57155,-0.40837,-0.01956
98143000000,-18.87493,21.05403,0.24389,0.99058,-0.00034,-0.00025,-0.13692,1.60484,-0.41046,-0.01992
98176000000,-18.82070,21.04029,0.24351,0.99054,-0.00035,-0.00026,-0.13720,1.62181,-0.41473,-0.02057
98209000000,-18.76620,21.02665,0.24315,0.99050,-0.00033,-0.00026,-0.13750,1.64612,-0.42256,-0.02152
98242000000,-18.70963,21.01271,0.24294,0.99046,-0.00033,-0.00025,-0.13780,1.66307,-0.42765,-0.02208
98275000000,-18.65278,20.99831,0.24311,0.99042,-0.00031,-0.00023,-0.13809,1.66605,-0.42913,-0.02328
98308000000,-18.57671,20.97154,0.24523,0.99039,-0.00022,-0.00014,-0.13832,1.67530,-0.43540,-0.02301
98341000000,-18.52258,20.95895,0.24504,0.99036,-0.00020,-0.00009,-0.13854,1.67576,-0.43447,-0.02348
98374000000,-18.46586,20.94380,0.24543,0.99033,-0.00022,-0.00009,-0.13874,1.67751,-0.43665,-0.02383
98407000000,-18.40682,20.92799,0.24550,0.99030,-0.00026,-0.00006,-0.13898,1.68110,-0.43696,-0.02537
98440000000,-18.34786,20.91243,0.24517,0.99027,-0.00023,-0.00008,-0.13918,1.68346,-0.43884,-0.02692
98506000000,-18.23610,20.88491,0.24595,0.99020,-0.00022,-0.00002,-0.13962,1.68427,-0.43908,-0.02666
98539000000,-18.18129,20.87055,0.24592,0.99018,-0.00028,-0.00008,-0.13982,1.68413,-0.43978,-0.02726
98572000000,-18.12275,20.85471,0.24508,0.99015,-0.00027,-0.00008,-0.14000,1.67048,-0.43461,-0.02765
98605000000,-18.06442,20.83938,0.24516,0.99012,-0.00025,-0.00006,-0.14019,1.66455,-0.43154,-0.02900
98671000000,-17.92665,20.79786,0.24692,0.99012,-0.00010,0.00005,-0.14023,1.65927,-0.42541,-0.02884
98704000000,-17.87429,20.78523,0.24712,0.99013,-0.00012,0.00008,-0.14015,1.64410,-0.41551,-0.02857
98737000000,-17.81686,20.77185,0.24707,0.99017,-0.00011,0.00009,-0.13989,1.63771,-0.40682,-0.02905
98770000000,-17.76258,20.76014,0.24806,0.99023,-0.00009,0.00008,-0.13941,1.62721,-0.39346,-0.02938
98803000000,-17.70539,20.74677,0.24795,0.99034,-0.00008,0.00010,-0.13870,1.64607,-0.38905,-0.03068
98836000000,-17.64513,20.73209,0.24824,0.99046,-0.00007,0.00012,-0.13780,1.66181,-0.38442,-0.03105
98869000000,-17.58572,20.71791,0.24904,0.99059,-0.00009,0.00019,-0.13684,1.66171,-0.37949,-0.02963
98902000000,-17.52586,20.70342,0.24939,0.99073,-0.00011,0.00018,-0.13587,1.67554,-0.38498,-0.03008
98935000000,-17.44457,20.67782,0.25415,0.99085,-0.00005,0.00030,-0.13498,1.71075,-0.39454,-0.02808
98968000000,-17.38476,20.66307,0.25443,0.99095,-0.00005,0.00033,-0.13423,1.74212,-0.40220,-0.02824
99001000000,-17.32279,20.64735,0.25473,0.99106,-0.00005,0.00035,-0.13344,1.74640,-0.40265,-0.02824
99067000000,-17.20034,20.61829,0.25381,0.99124,-0.00002,0.00039,-0.13204,1.75435,-0.40139,-0.02856
99100000000,-17.14267,20.60846,0.25562,0.99133,-0.00006,0.00042,-0.13141,1.75657,-0.39972,-0.02859
99133000000,-17.08055,20.59360,0.25608,0.99141,-0.00008,0.00043,-0.13077,1.75966,-0.40057,-0.02914
99166000000,-17.02092,20.58038,0.25632,0.99149,-0.00005,0.00046,-0.13016,1.76293,-0.39915,-0.02877
99199000000,-16.92007,20.55182,0.26128,0.99158,0.00000,0.00062,-0.12951,1.78451,-0.40582,-0.02652
99232000000,-16.85832,20.53592,0.26081,0.99166,0.00001,0.00060,-0.12890,1.78805,-0.40637,-0.02676
99298000000,-16.73190,20.50595,0.26071,0.99181,0.00007,0.00066,-0.12775,1.79650,-0.40463,-0.02637
99331000000,-16.67249,20.49249,0.26153,0.99187,0.00010,0.00068,-0.12723,1.79912,-0.40324,-0.02623
99364000000,-16.60993,20.47798,0.26183,0.99194,0.00011,0.00070,-0.12670,1.80300,-0.40286,-0.02707
99397000000,-16.54873,20.46387,0.26204,0.99200,0.00011,0.00073,-0.12620,1.80580,-0.40266,-0.02719
99430000000,-16.45877,20.44111,0.26614,0.99207,0.00016,0.00089,-0.12566,1.82198,-0.40568,-0.02662
99463000000,-16.39204,20.42549,0.26592,0.99213,0.00019,0.00092,-0.12518,1.82562,-0.40588,-0.02755
99496000000,-16.32720,20.40988,0.26585,0.99219,0.00016,0.00103,-0.12476,1.80513,-0.40126,-0.02775
99529000000,-16.26488,20.39518,0.26591,0.99223,0.00014,0.00108,-0.12441,1.78568,-0.39634,-0.02705
99562000000,-16.19430,20.37928,0.26528,0.99226,0.00007,0.00113,-0.12418,1.76781,-0.39280,-0.02777
99595000000,-16.12867,20.36397,0.26482,0.99228,0.00006,0.00122,-0.12398,1.74237,-0.38537,-0.02788
99628000000,-16.02438,20.33787,0.26820,0.99232,0.00013,0.00141,-0.12372,1.73898,-0.38530,-0.02558
99661000000,-15.96348,20.32385,0.26698,0.99234,0.00019,0.00142,-0.12353,1.72379,-0.38104,-0.02665
99727000000,-15.85270,20.30075,0.26456,0.99237,0.00025,0.00137,-0.12327,1.72754,-0.37984,-0.02706
99793000000,-15.73738,20.27682,0.26278,0.99241,0.00030,0.00138,-0.12299,1.77651,-0.39055,-0.02727
99826000000,-15.67906,20.26415,0.26233,0.99242,0.00027,0.00141,-0.12286,1.80734,-0.39876,-0.02822
99859000000,-15.63196,20.25546,0.26141,0.99243,0.00028,0.00140,-0.12277,1.82216,-0.40115,-0.02993
99892000000,-15.52802,20.23358,0.26497,0.99245,0.00034,0.00155,-0.12264,1.88257,-0.41516,-0.02868
99925000000,-15.48004,20.22198,0.26415,0.99247,0.00036,0.00151,-0.12250,1.89105,-0.41839,-0.02976
99991000000,-15.36281,20.19598,0.26289,0.99250,0.00031,0.00151,-0.12226,1.90674,-0.42126,-0.03202
100057000000,-15.25706,20.17679,0.25968,0.99252,0.00029,0.00140,-0.12205,1.89935,-0.41844,-0.03496
100090000000,-15.00415,20.12506,0.26009,0.99252,0.00024,0.00205,-0.12206,2.00308,-0.43525,-0.03395
100123000000,-15.09113,20.14367,0.25717,0.99255,0.00035,0.00151,-0.12185,1.92397,-0.41999,-0.03620
100189000000,-14.99286,20.12728,0.25460,0.99258,0.00028,0.00147,-0.12161,1.91367,-0.41531,-0.03739
100222000000,-14.92505,20.11150,0.25456,0.99259,0.00032,0.00149,-0.12148,1.91758,-0.41546,-0.03663
100255000000,-14.86636,20.09876,0.25418,0.99260,0.00028,0.00155,-0.12138,1.91767,-0.41527,-0.03683
100288000000,-14.73293,20.05970,0.25723,0.99262,0.00036,0.00176,-0.12124,1.95987,-0.42965,-0.03557
100354000000,-14.59986,20.02933,0.25490,0.99265,0.00047,0.00178,-0.12101,1.96805,-0.43120,-0.03736
100387000000,-14.53473,20.01440,0.25417,0.99267,0.00052,0.00181,-0.12088,1.97139,-0.43245,-0.03822
100420000000,-14.26348,19.94286,0.25417,0.99267,0.00047,0.00264,-0.12083,2.10176,-0.46604,-0.03793
100486000000,-14.24901,19.93801,0.25364,0.99269,0.00058,0.00217,-0.12069,2.03449,-0.45280,-0.03867
100519000000,-14.18067,19.92246,0.25299,0.99270,0.00059,0.00219,-0.12061,2.03820,-0.45327,-0.03974
100552000000,-14.12959,19.91137,0.25231,0.99271,0.00058,0.00215,-0.12053,2.03127,-0.45173,-0.03909
100585000000,-13.98582,19.86961,0.25296,0.99271,0.00064,0.00241,-0.12046,2.08356,-0.46859,-0.03934
100618000000,-13.93138,19.85575,0.25151,0.99272,0.00071,0.00234,-0.12042,2.07559,-0.46788,-0.04030
100651000000,-13.87034,19.84183,0.25055,0.99272,0.00074,0.00233,-0.12040,2.07372,-0.46716,-0.04047
100684000000,-13.67225,19.79012,0.24900,0.99273,0.00076,0.00291,-0.12035,2.17003,-0.49143,-0.04083
100717000000,-13.67856,19.78988,0.24866,0.99274,0.00077,0.00250,-0.12029,2.11859,-0.48157,-0.04085
100750000000,-13.62356,19.77749,0.24765,0.99274,0.00074,0.00241,-0.12025,2.11118,-0.47939,-0.04135
100783000000,-13.55522,19.76189,0.24660,0.99274,0.00070,0.00240,-0.12023,2.11360,-0.47970,-0.04215
100816000000,-13.49582,19.74885,0.24580,0.99275,0.00072,0.00242,-0.12017,2.10950,-0.47864,-0.04357
100882000000,-13.29695,19.69316,0.24484,0.99276,0.00082,0.00265,-0.12005,2.15512,-0.49604,-0.04516
100915000000,-13.24424,19.67933,0.24364,0.99277,0.00080,0.00260,-0.12004,2.12626,-0.49204,-0.04526
101014000000,-13.04134,19.63214,0.23962,0.99271,0.00076,0.00252,-0.12051,2.05542,-0.48615,-0.04771
101080000000,-12.83189,19.57448,0.23766,0.99262,0.00074,0.00286,-0.12126,2.07554,-0.50048,-0.04739
101113000000,-12.79161,19.56593,0.23660,0.99257,0.00075,0.00277,-0.12163,2.09386,-0.50390,-0.04906
101146000000,-12.69126,19.54008,0.23507,0.99253,0.00076,0.00291,-0.12198,2.15957,-0.52103,-0.04922
101179000000,-12.66901,19.53618,0.23437,0.99248,0.00076,0.00269,-0.12237,2.15591,-0.51888,-0.04922
101212000000,-12.60762,19.52290,0.23268,0.99244,0.00073,0.00260,-0.12273,2.16918,-0.52172,-0.05015
101245000000,-12.53445,19.50525,0.23119,0.99240,0.00072,0.00257,-0.12306,2.19769,-0.52942,-0.05177
101278000000,-12.40003,19.46947,0.23055,0.99234,0.00070,0.00290,-0.12348,2.25744,-0.54674,-0.05038
101311000000,-12.37966,19.46301,0.22874,0.99230,0.00073,0.00258,-0.12381,2.21530,-0.53920,-0.05126
101344000000,-12.31760,19.45095,0.22667,0.99227,0.00073,0.00248,-0.12410,2.20887,-0.53459,-0.05144
101377000000,-12.14151,19.40576,0.22436,0.99222,0.00072,0.00304,-0.12443,2.30695,-0.55984,-0.05265
101410000000,-12.15407,19.40867,0.22417,0.99219,0.00069,0.00256,-0.12467,2.23015,-0.54299,-0.05279
101443000000,-12.09878,19.39350,0.22188,0.99216,0.00072,0.00249,-0.12497,2.21577,-0.54110,-0.05375
101476000000,-12.02905,19.37723,0.22016,0.99212,0.00075,0.00248,-0.12526,2.21451,-0.54137,-0.05326
101509000000,-11.90166,19.34318,0.21871,0.99208,0.00078,0.00277,-0.12555,2.26593,-0.55699,-0.05456
101542000000,-11.87407,19.33627,0.21750,0.99205,0.00080,0.00249,-0.12583,2.22451,-0.54760,-0.05552
101575000000,-11.80529,19.31927,0.21584,0.99202,0.00080,0.00244,-0.12607,2.22280,-0.54770,-0.05553
101608000000,-11.65049,19.27443,0.21372,0.99198,0.00081,0.00291,-0.12632,2.30552,-0.57479,-0.05685
101641000000,-11.65225,19.27754,0.21301,0.99196,0.00083,0.00242,-0.12650,2.23272,-0.55562,-0.05657
101674000000,-11.51878,19.24106,0.21088,0.99193,0.00082,0.00281,-0.12675,2.29504,-0.57431,-0.05698
101707000000,-11.50281,19.23790,0.21041,0.99191,0.00085,0.00249,-0.12693,2.23527,-0.55945,-0.05699
101740000000,-11.43513,19.22185,0.20860,0.99187,0.00082,0.00244,-0.12719,2.18872,-0.54764,-0.05786
101773000000,-11.36302,19.20379,0.20672,0.99184,0.00080,0.00243,-0.12749,2.16629,-0.54429,-0.05937
101806000000,-11.29128,19.18573,0.20471,0.99179,0.00074,0.00249,-0.12786,2.14525,-0.54435,-0.05957
101839000000,-11.22050,19.16751,0.20282,0.99173,0.00073,0.00249,-0.12832,2.12170,-0.54509,-0.06053
101872000000,-11.14991,19.14930,0.20074,0.99164,0.00070,0.00249,-0.12898,2.09945,-0.54602,-0.06141
101905000000,-11.08073,19.13137,0.19866,0.99153,0.00066,0.00249,-0.12984,2.07720,-0.54842,-0.06216
101938000000,-11.01191,19.11325,0.19638,0.99140,0.00067,0.00245,-0.13085,2.05490,-0.55093,-0.06221
101971000000,-10.94516,19.09398,0.19605,0.99123,0.00061,0.00239,-0.13214,2.03260,-0.55627,-0.06127
102004000000,-10.87871,19.07529,0.19399,0.99103,0.00061,0.00240,-0.13362,2.01128,-0.56062,-0.06034
102037000000,-10.81288,19.05663,0.19193,0.99080,0.00062,0.00243,-0.13529,1.98983,-0.56464,-0.06076
102070000000,-10.69199,19.01895,0.19082,0.99056,0.00064,0.00273,-0.13707,2.02141,-0.58337,-0.05956
102103000000,-10.66443,19.01358,0.18912,0.99031,0.00057,0.00249,-0.13885,1.99068,-0.57933,-0.05960
102136000000,-10.59768,18.99403,0.18733,0.99006,0.00056,0.00253,-0.14064,2.02644,-0.59581,-0.06064
102169000000,-10.52959,18.97405,0.18561,0.98981,0.00058,0.00253,-0.14240,2.04794,-0.60598,-0.05915
102202000000,-10.46074,18.95382,0.18392,0.98956,0.00060,0.00249,-0.14409,2.06956,-0.61371,-0.05877
102235000000,-10.39891,18.93525,0.18161,0.98932,0.00062,0.00248,-0.14573,2.08365,-0.62157,-0.06001
102268000000,-10.32940,18.91423,0.17991,0.98909,0.00059,0.00247,-0.14730,2.11617,-0.63393,-0.05976
102301000000,-10.25003,18.89168,0.18042,0.98885,0.00056,0.00250,-0.14890,2.15264,-0.64650,-0.05826
102334000000,-10.17800,18.86967,0.17867,0.98862,0.00057,0.00252,-0.15044,2.18397,-0.65986,-0.05873
102367000000,-10.10583,18.84762,0.17715,0.98838,0.00058,0.00252,-0.15199,2.20181,-0.67028,-0.05873
102400000000,-10.03243,18.82523,0.17556,0.98815,0.00056,0.00255,-0.15349,2.22134,-0.67956,-0.05980
102433000000,-9.95892,18.80223,0.17395,0.98792,0.00057,0.00256,-0.15496,2.24613,-0.69043,-0.06040
102466000000,-9.88481,18.77900,0.17226,0.98769,0.00059,0.00251,-0.15641,2.26529,-0.70001,-0.05985
102499000000,-9.79754,18.75004,0.17386,0.98745,0.00061,0.00254,-0.15789,2.29249,-0.71335,-0.05751
102532000000,-9.72050,18.72617,0.17209,0.98722,0.00057,0.00254,-0.15933,2.29468,-0.71722,-0.05722
102565000000,-9.64468,18.70199,0.17072,0.98700,0.00057,0.00254,-0.16071,2.28942,-0.71786,-0.05619
102598000000,-9.57105,18.67876,0.16945,0.98679,0.00053,0.00259,-0.16199,2.26761,-0.70360,-0.05658
102631000000,-9.50332,18.65751,0.16677,0.98658,0.00050,0.00254,-0.16325,2.24972,-0.69882,-0.05769
102664000000,-9.43105,18.63450,0.16499,0.98639,0.00048,0.00256,-0.16439,2.23577,-0.69362,-0.05816
102697000000,-9.36460,18.60822,0.16677,0.98621,0.00058,0.00255,-0.16546,2.21028,-0.68843,-0.05459
102730000000,-9.28982,18.58541,0.16531,0.98608,0.00056,0.00259,-0.16626,2.20524,-0.68135,-0.05446
102763000000,-9.21970,18.56269,0.16414,0.98596,0.00058,0.00259,-0.16695,2.16500,-0.67081,-0.05385
102796000000,-9.14805,18.54039,0.16298,0.98587,0.00064,0.00256,-0.16747,2.16266,-0.66710,-0.05397
102829000000,-9.09223,18.51990,0.16005,0.98579,0.00070,0.00244,-0.16796,2.15912,-0.66935,-0.05518
102862000000,-9.04793,18.50151,0.15549,0.98572,0.00071,0.00222,-0.16840,2.16872,-0.67847,-0.05766
102895000000,-8.98530,18.48138,0.15295,0.98564,0.00077,0.00218,-0.16883,2.17901,-0.68430,-0.05797
102928000000,-8.91928,18.45976,0.15092,0.98557,0.00075,0.00214,-0.16928,2.18739,-0.68931,-0.05943
102961000000,-8.84949,18.43009,0.15403,0.98549,0.00083,0.00211,-0.16971,2.21572,-0.70533,-0.05592
102994000000,-8.78111,18.40877,0.15193,0.98542,0.00079,0.00209,-0.17010,2.22996,-0.71174,-0.05728
103027000000,-8.71852,18.38877,0.14789,0.98535,0.00080,0.00204,-0.17053,2.23298,-0.71293,-0.05992
103060000000,-8.65975,18.36802,0.14496,0.98528,0.00080,0.00198,-0.17093,2.22274,-0.71224,-0.06228
103093000000,-8.60317,18.34816,0.14042,0.98521,0.00084,0.00187,-0.17136,2.21234,-0.71059,-0.06438
103126000000,-8.52985,18.32460,0.13841,0.98514,0.00082,0.00188,-0.17175,2.21466,-0.71197,-0.06515
103159000000,-8.45550,18.30069,0.13640,0.98507,0.00078,0.00191,-0.17214,2.21547,-0.71448,-0.06692
103192000000,-8.33296,18.25644,0.14147,0.98499,0.00088,0.00210,-0.17258,2.25059,-0.73089,-0.06251
103225000000,-8.30552,18.24345,0.13759,0.98493,0.00088,0.00187,-0.17296,2.22173,-0.72362,-0.06504
103258000000,-8.24158,18.22085,0.13553,0.98486,0.00085,0.00182,-0.17335,2.21342,-0.72291,-0.06522
103291000000,-8.16825,18.19656,0.13366,0.98480,0.00081,0.00184,-0.17366,2.18456,-0.71186,-0.06447
103324000000,-8.10077,18.17423,0.13143,0.98476,0.00082,0.00185,-0.17393,2.15588,-0.70154,-0.06476
103357000000,-7.95460,18.12248,0.13656,0.98468,0.00093,0.00212,-0.17436,2.18279,-0.71183,-0.05980
103390000000,-7.93769,18.11602,0.13362,0.98464,0.00093,0.00191,-0.17460,2.13232,-0.69453,-0.06095
103423000000,-7.87543,18.09371,0.13178,0.98459,0.00092,0.00192,-0.17489,2.10695,-0.68525,-0.06072
103456000000,-7.81203,18.07153,0.12994,0.98454,0.00094,0.00189,-0.17513,2.07746,-0.67703,-0.06180
103489000000,-7.74865,18.04942,0.12792,0.98450,0.00093,0.00184,-0.17536,2.04810,-0.66861,-0.06327
103522000000,-7.58864,17.99591,0.13259,0.98444,0.00101,0.00227,-0.17571,2.08733,-0.68108,-0.05949
103555000000,-7.63861,18.00484,0.12849,0.98442,0.00104,0.00166,-0.17585,1.97509,-0.64799,-0.06228
103588000000,-7.48903,17.95241,0.12707,0.98435,0.00112,0.00198,-0.17619,2.01778,-0.66395,-0.06217
103621000000,-7.51565,17.95765,0.12582,0.98432,0.00106,0.00153,-0.17637,1.93447,-0.63955,-0.06235
103654000000,-7.41453,17.91850,0.12604,0.98427,0.00111,0.00173,-0.17665,1.95123,-0.64943,-0.05970
103687000000,-7.41585,17.91594,0.12504,0.98426,0.00110,0.00142,-0.17674,1.87558,-0.62649,-0.06081
103720000000,-7.29859,17.87297,0.12406,0.98421,0.00116,0.00175,-0.17700,1.91089,-0.64283,-0.05948
103753000000,-7.33085,17.88052,0.12332,0.98418,0.00111,0.00119,-0.17716,1.80683,-0.61171,-0.05908
103786000000,-7.17343,17.82671,0.12121,0.98413,0.00117,0.00172,-0.17741,1.87300,-0.63447,-0.05821
103819000000,-7.24795,17.84620,0.12111,0.98412,0.00110,0.00091,-0.17751,1.73031,-0.59305,-0.05794
103852000000,-7.14532,17.80953,0.11922,0.98409,0.00118,0.00125,-0.17767,1.75876,-0.60418,-0.05758
103885000000,-7.16326,17.81243,0.11829,0.98408,0.00119,0.00074,-0.17774,1.65062,-0.57030,-0.05750
103918000000,-7.05449,17.77541,0.11685,0.98404,0.00127,0.00117,-0.17792,1.71052,-0.59109,-0.05595
103951000000,-7.07713,17.78055,0.11550,0.98402,0.00128,0.00054,-0.17803,1.53082,-0.53403,-0.05613
103984000000,-6.97173,17.74515,0.11385,0.98399,0.00129,0.00111,-0.17822,1.52463,-0.52799,-0.05645
104017000000,-6.99583,17.75062,0.11254,0.98397,0.00127,0.00040,-0.17831,1.32869,-0.46179,-0.05785
104050000000,-6.84461,17.70092,0.11050,0.98393,0.00135,0.00164,-0.17853,1.42691,-0.48820,-0.05834
104083000000,-6.93072,17.72648,0.10941,0.98393,0.00122,0.00019,-0.17856,1.11672,-0.38807,-0.05919
104116000000,-6.84255,17.69668,0.10785,0.98391,0.00132,0.00083,-0.17866,1.11764,-0.38375,-0.05918
104149000000,-6.87607,17.70684,0.10628,0.98391,0.00130,-0.00000,-0.17866,0.91202,-0.31235,-0.06023
104182000000,-6.71699,17.65422,0.10425,0.98389,0.00151,0.00144,-0.17878,1.04897,-0.35366,-0.05836
104215000000,-6.83277,17.69144,0.10314,0.98390,0.00141,-0.00015,-0.17871,0.71096,-0.23994,-0.05893
104248000000,-6.66444,17.63509,0.10103,0.98388,0.00161,0.00147,-0.17879,0.87886,-0.29309,-0.05727
104281000000,-6.80547,17.68142,0.10012,0.98391,0.00144,-0.00034,-0.17867,0.59767,-0.20354,-0.06032
104314000000,-6.76049,17.66633,0.09852,0.98390,0.00144,-0.00012,-0.17872,0.64186,-0.21833,-0.06039
104347000000,-6.78353,17.67343,0.09696,0.98389,0.00145,-0.00057,-0.17877,0.56872,-0.19616,-0.06095
