60800000000,5.25000,19.99732,0.02073,0.70711,0.00000,0.00000,-0.70711,-0.00000,-0.00000,0.00000
60820000000,5.25000,19.99732,0.02073,0.70711,0.00000,0.00000,-0.70711,-0.00000,-0.00000,0.00000
60840000000,5.25000,19.99732,0.02073,0.70711,0.00000,0.00000,-0.70711,-0.00000,-0.00000,0.00000
60860000000,5.25000,19.99732,0.02073,0.70711,0.00000,0.00000,-0.70711,-0.00000,-0.00000,0.00000
60880000000,5.25000,19.99732,0.02073,0.70711,0.00000,0.00000,-0.70711,-0.00000,-0.00000,0.00000
60900000000,5.25000,19.99732,0.02073,0.70711,0.00000,0.00000,-0.70711,-0.00000,-0.00000,0.00000
60920000000,5.25000,19.99732,0.02073,0.70711,0.00000,0.00000,-0.70711,-0.00000,-0.00000,0.00000
60940000000,5.25000,19.99732,0.02073,0.70711,0.00000,0.00000,-0.70711,-0.00000,-0.00000,0.00000
60960000000,5.25000,19.99732,0.02073,0.70711,0.00000,0.00000,-0.70711,-0.00000,-0.00000,0.00000
60980000000,5.25000,19.99732,0.02073,0.70711,0.00000,0.00000,-0.70711,-0.00000,-0.00000,0.00000
61000000000,5.25000,19.99732,0.02073,0.70711,0.00000,0.00000,-0.70711,-0.00000,-0.00000,0.00000
61020000000,5.25000,19.99732,0.02073,0.70711,0.00000,0.00000,-0.70711,-0.00000,-0.00000,0.00000
61040000000,5.25000,19.99732,0.02073,0.70711,0.00000,0.00000,-0.70711,-0.00000,-0.00000,0.00000
61060000000,5.25000,19.99732,0.02073,0.70711,0.00000,0.00000,-0.70711,-0.00000,-0.00000,0.00000
61080000000,5.25000,19.99732,0.02073,0.70711,0.00000,0.00000,-0.70711,-0.00000,-0.00000,0.00000
61100000000,5.25000,19.99732,0.02073,0.70711,0.00000,0.00000,-0.70711,-0.00000,-0.00000,0.00000
61120000000,5.25000,19.99732,0.02073,0.70711,0.00000,0.00000,-0.70711,-0.00000,-0.00000,0.00000
61140000000,5.25000,19.99732,0.02073,0.70711,0.00000,0.00000,-0.70711,-0.00000,-0.00000,0.00000
61160000000,5.25000,19.99732,0.02073,0.70711,0.00000,0.00000,-0.70711,-0.00000,-0.00000,0.00000
61180000000,5.25000,19.99732,0.02073,0.70711,0.00000,0.00000,-0.70711,-0.00000,-0.00000,0.00000
61200000000,5.25000,19.99732,0.02073,0.70711,0.00000,0.00000,-0.70711,-0.00000,-0.00000,0.00000
61220000000,5.25000,19.99732,0.02073,0.70711,0.00000,0.00000,-0.70711,-0.00000,-0.00000,0.00000
61240000000,5.25000,19.99732,0.02073,0.70711,0.00000,0.00000,-0.70711,-0.00000,-0.00000,0.00000
61260000000,5.25000,19.99732,0.02073,0.70711,0.00000,0.00000,-0.70711,-0.00000,-0.00000,0.00000
61280000000,5.25000,19.99732,0.02073,0.70711,0.00000,0.00000,-0.70711,-0.00000,-0.00000,0.00000
61300000000,5.25000,19.99712,0.02073,0.70711,0.00000,0.00000,-0.70711,-0.00000,-0.01500,0.00000
61320000000,5.25000,19.99664,0.02073,0.70711,0.00000,0.00000,-0.70711,-0.00000,-0.03000,0.00000
61340000000,5.25000,19.99583,0.02073,0.70711,0.00000,0.00000,-0.70711,-0.00000,-0.04500,0.00000
61360000000,5.25000,19.99469,0.02073,0.70711,0.00000,0.00000,-0.70711,-0.00000,-0.06000,0.00000
61380000000,5.25000,19.99328,0.02073,0.70711,0.00000,0.00000,-0.70711,-0.00000,-0.07500,0.00000
61400000000,5.25000,19.99163,0.02073,0.70711,0.00000,0.00000,-0.70711,-0.00000,-0.08910,0.00000
61420000000,5.25000,19.98973,0.02073,0.70711,0.00000,0.00000,-0.70711,-0.00000,-0.10050,0.00000
61440000000,5.25000,19.98739,0.02073,0.70711,0.00000,0.00000,-0.70711,-0.00000,-0.12000,0.00000
61460000000,5.25000,19.98484,0.02073,0.70711,0.00000,0.00000,-0.70711,-0.00000,-0.13410,0.00000
61480000000,5.25000,19.98190,0.02073,0.70711,0.00000,0.00000,-0.70711,-0.00000,-0.15000,0.00000
61500000000,5.25000,19.97875,0.02073,0.70711,0.00000,0.00000,-0.70711,-0.00000,-0.16410,0.00000
61520000000,5.25000,19.97537,0.02073,0.70711,0.00000,0.00000,-0.70711,-0.00000,-0.17250,0.00000
61540000000,5.25000,19.97158,0.02073,0.70711,0.00000,0.00000,-0.70711,-0.00000,-0.19500,0.00000
61560000000,5.25000,19.96754,0.02073,0.70711,0.00000,0.00000,-0.70711,-0.00000,-0.20820,0.00000
61580000000,5.25000,19.96325,0.02073,0.70711,0.00000,0.00000,-0.70711,-0.00000,-0.21900,0.00000
61600000000,5.25000,19.95853,0.02073,0.70711,0.00000,0.00000,-0.70711,-0.00000,-0.24000,0.00000
61620000000,5.25000,19.95355,0.02073,0.70711,0.00000,0.00000,-0.70711,-0.00000,-0.25500,0.00000
61640000000,5.25000,19.94833,0.02073,0.70711,0.00000,0.00000,-0.70711,-0.00000,-0.26700,0.00000
61660000000,5.25000,19.94269,0.02073,0.70711,0.00000,0.00000,-0.70711,-0.00000,-0.28500,0.00000
61680000000,5.25000,19.93679,0.02073,0.70711,0.00000,0.00000,-0.70711,-0.00000,-0.30000,0.00000
61700000000,5.25000,19.93073,0.02073,0.70711,0.00000,0.00000,-0.70711,-0.00000,-0.30600,0.00000
61720000000,5.25000,19.92430,0.02073,0.70711,0.00000,0.00000,-0.70711,-0.00000,-0.32820,0.00000
61740000000,5.25000,19.91747,0.02073,0.70711,0.00000,0.00000,-0.70711,-0.00000,-0.34500,0.00000
61760000000,5.25000,19.91050,0.02073,0.70711,0.00000,0.00000,-0.70711,-0.00000,-0.35250,0.00000
61780000000,5.25000,19.90315,0.02073,0.70711,0.00000,0.00000,-0.70711,-0.00000,-0.37410,0.00000
61800000000,5.25000,19.89563,0.02073,0.70711,0.00000,0.00000,-0.70711,-0.00000,-0.37680,0.00000
61820000000,5.25000,19.88774,0.02073,0.70711,0.00000,0.00000,-0.70711,-0.00000,-0.39900,0.00000
61840000000,5.25000,19.87942,0.02073,0.70711,0.00000,0.00000,-0.70711,-0.00000,-0.42000,0.00000
61860000000,5.25000,19.87085,0.02073,0.70711,0.00000,0.00000,-0.70711,-0.00000,-0.43470,0.00000
61880000000,5.25000,19.86206,0.02073,0.70711,0.00000,0.00000,-0.70711,-0.00000,-0.44400,0.00000
61900000000,5.25000,19.85285,0.02073,0.70711,0.00000,0.00000,-0.70711,-0.00000,-0.46500,0.00000
61920000000,5.25000,19.84339,0.02073,0.70711,0.00000,0.00000,-0.70711,-0.00000,-0.47970,0.00000
61940000000,5.25000,19.83368,0.02073,0.70711,0.00000,0.00000,-0.70711,-0.00000,-0.49050,0.00000
61960000000,5.25000,19.82356,0.02073,0.70711,0.00000,0.00000,-0.70711,-0.00000,-0.51000,0.00000
61980000000,5.25000,19.81321,0.02073,0.70711,0.00000,0.00000,-0.70711,-0.00000,-0.52410,0.00000
62000000000,5.25000,19.80263,0.02073,0.70711,0.00000,0.00000,-0.70711,-0.00000,-0.53250,0.00000
62020000000,5.25000,19.79162,0.02073,0.70711,0.00000,0.00000,-0.70711,-0.00000,-0.55500,0.00000
62040000000,5.25000,19.78036,0.02073,0.70711,0.00000,0.00000,-0.70711,-0.00000,-0.56970,0.00000
62060000000,5.25000,19.76885,0.02073,0.70711,0.00000,0.00000,-0.70711,-0.00000,-0.58050,0.00000
62080000000,5.25000,19.75693,0.02073,0.70711,0.00000,0.00000,-0.70711,-0.00000,-0.60000,0.00000
62100000000,5.25000,19.74479,0.02073,0.70711,0.00000,0.00000,-0.70711,-0.00000,-0.61320,0.00000
62120000000,5.25000,19.73225,0.02073,0.70711,0.00000,0.00000,-0.70711,-0.00000,-0.63000,0.00000
62140000000,5.25000,19.71953,0.02073,0.70711,0.00000,0.00000,-0.70711,-0.00000,-0.64200,0.00000
62160000000,5.25000,19.70642,0.02073,0.70711,0.00000,0.00000,-0.70711,-0.00000,-0.66000,0.00000
62180000000,5.25000,19.69310,0.02073,0.70711,0.00000,0.00000,-0.70711,-0.00000,-0.67200,0.00000
62200000000,5.25000,19.67939,0.02073,0.70711,0.00000,0.00000,-0.70711,-0.00000,-0.69000,0.00000
62220000000,5.25000,19.66547,0.02073,0.70711,0.00000,0.00000,-0.70711,-0.00000,-0.70200,0.00000
62240000000,5.25000,19.65113,0.02073,0.70711,0.00000,0.00000,-0.70711,-0.00000,-0.72000,0.00000
62260000000,5.25000,19.63658,0.02073,0.70711,0.00000,0.00000,-0.70711,-0.00000,-0.73410,0.00000
62280000000,5.25000,19.62178,0.02073,0.70711,0.00000,0.00000,-0.70711,-0.00000,-0.74550,0.00000
62300000000,5.25000,19.60655,0.02073,0.70711,0.00000,0.00000,-0.70711,-0.00000,-0.76500,0.00000
62320000000,5.25000,19.59109,0.02073,0.70711,0.00000,0.00000,-0.70711,-0.00000,-0.77970,0.00000
62340000000,5.25000,19.57538,0.02073,0.70711,0.00000,0.00000,-0.70711,-0.00000,-0.79050,0.00000
62360000000,5.25000,19.55927,0.02073,0.70711,0.00000,0.00000,-0.70711,-0.00000,-0.81000,0.00000
62380000000,5.25000,19.54294,0.02073,0.70711,0.00000,0.00000,-0.70711,-0.00000,-0.82320,0.00000
62400000000,5.25000,19.52630,0.02073,0.70711,0.00000,0.00000,-0.70711,-0.00000,-0.83820,0.00000
62420000000,5.25000,19.50941,0.02073,0.70711,0.00000,0.00000,-0.70711,-0.00000,-0.84900,0.00000
62440000000,5.25000,19.49212,0.02073,0.70711,0.00000,0.00000,-0.70711,-0.00000,-0.87000,0.00000
62460000000,5.25000,19.47458,0.02073,0.70711,0.00000,0.00000,-0.70711,-0.00000,-0.88320,0.00000
62480000000,5.25000,19.45684,0.02073,0.70711,0.00000,0.00000,-0.70711,-0.00000,-0.88950,0.00000
62500000000,5.25000,19.43873,0.02073,0.70711,0.00000,0.00000,-0.70711,-0.00000,-0.91050,0.00000
62520000000,5.25000,19.42027,0.02073,0.70711,0.00000,0.00000,-0.70711,-0.00000,-0.92970,0.00000
62540000000,5.25000,19.40159,0.02073,0.70711,0.00000,0.00000,-0.70711,-0.00000,-0.93750,0.00000
62560000000,5.25000,19.38251,0.02073,0.70711,0.00000,0.00000,-0.70711,-0.00000,-0.96000,0.00000
62580000000,5.25000,19.36324,0.02073,0.70711,0.00000,0.00000,-0.70711,-0.00000,-0.96750,0.00000
62600000000,5.25000,19.34357,0.02073,0.70711,0.00000,0.00000,-0.70711,-0.00000,-0.98970,0.00000
62620000000,5.25000,19.32353,0.02073,0.70711,0.00000,0.00000,-0.70711,-0.00000,-1.00500,0.00000
62640000000,5.25000,19.30330,0.02073,0.70711,0.00000,0.00000,-0.70711,-0.00000,-1.01820,0.00000
62660000000,5.25000,19.28282,0.02073,0.70711,0.00000,0.00000,-0.70711,-0.00000,-1.02750,0.00000
62680000000,5.25000,19.26194,0.02073,0.70711,0.00000,0.00000,-0.70711,-0.00000,-1.05000,0.00000
62700000000,5.25000,19.24081,0.02073,0.70711,0.00000,0.00000,-0.70711,-0.00000,-1.06320,0.00000
62720000000,5.25000,19.21927,0.02073,0.70711,0.00000,0.00000,-0.70711,-0.00000,-1.08000,0.00000
62740000000,5.25000,19.19749,0.02073,0.70711,0.00000,0.00000,-0.70711,-0.00000,-1.09500,0.00000
62760000000,5.25000,19.17541,0.02073,0.70711,0.00000,0.00000,-0.70711,-0.00000,-1.11000,0.00000
62780000000,5.25000,19.15306,0.02073,0.70711,0.00000,0.00000,-0.70711,-0.00000,-1.12410,0.00000
62800000000,5.25000,19.13044,0.02073,0.70711,0.00000,0.00000,-0.70711,-0.00000,-1.13700,0.00000
62820000000,5.25000,19.10740,0.02073,0.70711,0.00000,0.00000,-0.70711,-0.00000,-1.15500,0.00000
62840000000,5.25000,19.08413,0.02073,0.70711,0.00000,0.00000,-0.70711,-0.00000,-1.16970,0.00000
62860000000,5.25000,19.06064,0.02073,0.70711,0.00000,0.00000,-0.70711,-0.00000,-1.17900,0.00000
62880000000,5.25000,19.03675,0.02073,0.70711,0.00000,0.00000,-0.70711,-0.00000,-1.20000,0.00000
62900000000,5.25000,19.01264,0.02073,0.70711,0.00000,0.00000,-0.70711,-0.00000,-1.21050,0.00000
62920000000,5.25000,18.98812,0.02073,0.70711,0.00000,0.00000,-0.70711,-0.00000,-1.23000,0.00000
62940000000,5.25000,18.96337,0.02073,0.70711,0.00000,0.00000,-0.70711,-0.00000,-1.24410,0.00000
62960000000,5.25000,18.93841,0.02073,0.70711,0.00000,0.00000,-0.70711,-0.00000,-1.25100,0.00000
62980000000,5.25000,18.91304,0.02073,0.70711,0.00000,0.00000,-0.70711,-0.00000,-1.27470,0.00000
63000000000,5.25000,18.88745,0.02073,0.70711,0.00000,0.00000,-0.70711,-0.00000,-1.28400,0.00000
63020000000,5.25000,18.86146,0.02073,0.70711,0.00000,0.00000,-0.70711,-0.00000,-1.30500,0.00000
63040000000,5.25000,18.83527,0.02073,0.70711,0.00000,0.00000,-0.70711,-0.00000,-1.31400,0.00000
63060000000,5.25000,18.80867,0.02073,0.70711,0.00000,0.00000,-0.70711,-0.00000,-1.33500,0.00000
63080000000,5.25000,18.78190,0.02073,0.70711,0.00000,0.00000,-0.70711,-0.00000,-1.34250,0.00000
63100000000,5.25000,18.75472,0.02073,0.70711,0.00000,0.00000,-0.70711,-0.00001,-1.36500,0.00000
63120000000,5.25000,18.72733,0.02073,0.70711,0.00000,0.00000,-0.70711,-0.00001,-1.37400,0.00000
63140000000,5.25000,18.69952,0.02073,0.70711,0.00000,0.00000,-0.70711,-0.00001,-1.39500,0.00000
63160000000,5.25000,18.67151,0.02073,0.70711,0.00000,0.00000,-0.70711,-0.00001,-1.40550,0.00000
63180000000,5.25000,18.64310,0.02073,0.70711,0.00000,0.00000,-0.70711,-0.00001,-1.42500,0.00000
63200000000,5.24999,18.61451,0.02073,0.70711,0.00000,0.00000,-0.70711,-0.00001,-1.43400,0.00000
63220000000,5.24999,18.58553,0.02073,0.70711,0.00000,0.00000,-0.70711,-0.00001,-1.45500,0.00000
63240000000,5.24999,18.55636,0.02073,0.70711,0.00000,0.00000,-0.70711,-0.00001,-1.46250,0.00000
63260000000,5.24999,18.52679,0.02073,0.70711,0.00000,0.00000,-0.70711,-0.00001,-1.48470,0.00000
63280000000,5.24999,18.49703,0.02073,0.70711,0.00000,0.00000,-0.70711,-0.00001,-1.49100,0.00000
63300000000,5.24999,18.46703,0.02073,0.70711,0.00000,0.00000,-0.70711,-0.00001,-1.50000,0.00000
63320000000,5.24999,18.43703,0.02073,0.70711,0.00000,0.00000,-0.70711,-0.00001,-1.50000,0.00000
63340000000,5.24999,18.40703,0.02073,0.70711,0.00000,0.00000,-0.70711,-0.00001,-1.50000,0.00000
63360000000,5.24999,18.37703,0.02073,0.70711,0.00000,0.00000,-0.70711,-0.00001,-1.50000,0.00000
63380000000,5.24999,18.34703,0.02073,0.70711,0.00000,0.00000,-0.70711,-0.00001,-1.50000,0.00000
63400000000,5.24999,18.31703,0.02073,0.70711,0.00000,0.00000,-0.70711,-0.00001,-1.50000,0.00000
63420000000,5.24999,18.28703,0.02073,0.70711,0.00000,0.00000,-0.70711,-0.00001,-1.50000,0.00000
63440000000,5.24999,18.25703,0.02073,0.70711,0.00000,0.00000,-0.70711,-0.00001,-1.50000,0.00000
63460000000,5.24999,18.22703,0.02073,0.70711,0.00000,0.00000,-0.70711,-0.00001,-1.50000,0.00000
63480000000,5.24999,18.19703,0.02073,0.70711,0.00000,0.00000,-0.70711,-0.00001,-1.50000,0.00000
63500000000,5.24999,18.16703,0.02073,0.70711,0.00000,0.00000,-0.70711,-0.00001,-1.50000,0.00000
63520000000,5.24999,18.13703,0.02073,0.70711,0.00000,0.00000,-0.70711,-0.00001,-1.50000,0.00000
63540000000,5.24999,18.10703,0.02073,0.70711,0.00000,0.00000,-0.70711,-0.00001,-1.50000,0.00000
63560000000,5.24999,18.07703,0.02073,0.70711,0.00000,0.00000,-0.70711,-0.00001,-1.50000,0.00000
63580000000,5.24999,18.04703,0.02073,0.70711,0.00000,0.00000,-0.70711,-0.00001,-1.50000,0.00000
63600000000,5.24999,18.01703,0.02073,0.70711,0.00000,0.00000,-0.70711,-0.00001,-1.50000,0.00000
63620000000,5.24999,17.98703,0.02073,0.70711,0.00000,0.00000,-0.70711,-0.00001,-1.50000,0.00000
63640000000,5.24999,17.95703,0.02073,0.70711,0.00000,0.00000,-0.70711,-0.00001,-1.50000,0.00000
63660000000,5.24999,17.92703,0.02073,0.70711,0.00000,0.00000,-0.70711,-0.00001,-1.50000,0.00000
63680000000,5.24999,17.89703,0.02073,0.70711,0.00000,0.00000,-0.70711,-0.00001,-1.50000,0.00000
63700000000,5.24999,17.86703,0.02073,0.70711,0.00000,0.00000,-0.70711,-0.00001,-1.50000,0.00000
63720000000,5.24999,17.83703,0.02073,0.70711,0.00000,0.00000,-0.70711,-0.00001,-1.50000,0.00000
63740000000,5.24999,17.80703,0.02073,0.70711,0.00000,0.00000,-0.70711,-0.00001,-1.50000,0.00000
63760000000,5.24999,17.77703,0.02073,0.70711,0.00000,0.00000,-0.70711,-0.00001,-1.50000,0.00000
63780000000,5.24999,17.74703,0.02073,0.70711,0.00000,0.00000,-0.70711,-0.00001,-1.50000,0.00000
63800000000,5.24999,17.71703,0.02073,0.70711,0.00000,0.00000,-0.70711,-0.00001,-1.50000,0.00000
63820000000,5.24999,17.68703,0.02073,0.70711,0.00000,0.00000,-0.70711,-0.00001,-1.50000,0.00000
63840000000,5.24999,17.65703,0.02073,0.70711,0.00000,0.00000,-0.70711,-0.00001,-1.50000,0.00000
63860000000,5.24999,17.62703,0.02073,0.70711,0.00000,0.00000,-0.70711,-0.00001,-1.50000,0.00000
63880000000,5.24999,17.59703,0.02073,0.70711,0.00000,0.00000,-0.70711,-0.00001,-1.50000,0.00000
63900000000,5.24999,17.56703,0.02073,0.70711,0.00000,0.00000,-0.70711,-0.00001,-1.50000,0.00000
63920000000,5.24999,17.53703,0.02073,0.70711,0.00000,0.00000,-0.70711,-0.00001,-1.50000,0.00000
63940000000,5.24999,17.50703,0.02073,0.70711,0.00000,0.00000,-0.70711,-0.00001,-1.50000,0.00000
63960000000,5.24999,17.47703,0.02073,0.70711,0.00000,0.00000,-0.70711,-0.00001,-1.50000,0.00000
63980000000,5.24999,17.44703,0.02073,0.70711,0.00000,0.00000,-0.70711,-0.00001,-1.50000,0.00000
64000000000,5.24999,17.41703,0.02073,0.70711,0.00000,0.00000,-0.70711,-0.00001,-1.50000,0.00000
64020000000,5.24999,17.38703,0.02073,0.70711,0.00000,0.00000,-0.70711,-0.00001,-1.50000,0.00000
64040000000,5.24999,17.35703,0.02073,0.70711,0.00000,0.00000,-0.70711,-0.00001,-1.50000,0.00000
64060000000,5.24999,17.32703,0.02073,0.70711,0.00000,0.00000,-0.70711,-0.00001,-1.50000,0.00000
64080000000,5.24999,17.29703,0.02073,0.70711,0.00000,0.00000,-0.70711,-0.00001,-1.50000,0.00000
64100000000,5.24999,17.26703,0.02073,0.70711,0.00000,0.00000,-0.70711,-0.00001,-1.50000,0.00000
64120000000,5.24999,17.23703,0.02073,0.70711,0.00000,0.00000,-0.70711,-0.00001,-1.50000,0.00000
64140000000,5.24999,17.20703,0.02073,0.70711,0.00000,0.00000,-0.70711,-0.00001,-1.50000,0.00000
64160000000,5.24999,17.17703,0.02073,0.70711,0.00000,0.00000,-0.70711,-0.00001,-1.50000,0.00000
64180000000,5.24999,17.14703,0.02073,0.70711,0.00000,0.00000,-0.70711,-0.00001,-1.50000,0.00000
64200000000,5.24999,17.11703,0.02073,0.70711,0.00000,0.00000,-0.70711,-0.00001,-1.50000,0.00000
64220000000,5.24999,17.08703,0.02073,0.70711,0.00000,0.00000,-0.70711,-0.00001,-1.50000,0.00000
64240000000,5.24999,17.05703,0.02073,0.70711,0.00000,0.00000,-0.70711,-0.00001,-1.50000,0.00000
64260000000,5.24999,17.02703,0.02073,0.70711,0.00000,0.00000,-0.70711,-0.00001,-1.50000,0.00000
64280000000,5.24999,16.99703,0.02073,0.70711,0.00000,0.00000,-0.70711,-0.00001,-1.50000,0.00000
64300000000,5.24999,16.96703,0.02073,0.70711,0.00000,0.00000,-0.70711,-0.00001,-1.50000,0.00000
64320000000,5.24999,16.93703,0.02073,0.70711,0.00000,0.00000,-0.70711,-0.00001,-1.50000,0.00000
64340000000,5.24999,16.90703,0.02073,0.70711,0.00000,0.00000,-0.70711,-0.00001,-1.50000,0.00000
64360000000,5.24999,16.87703,0.02073,0.70711,0.00000,0.00000,-0.70711,-0.00001,-1.50000,0.00000
64380000000,5.24999,16.84703,0.02073,0.70711,0.00000,0.00000,-0.70711,-0.00001,-1.50000,0.00000
64400000000,5.24999,16.81703,0.02073,0.70711,0.00000,0.00000,-0.70711,-0.00001,-1.50000,0.00000
64420000000,5.24999,16.78703,0.02073,0.70711,0.00000,0.00000,-0.70711,-0.00001,-1.50000,0.00000
64440000000,5.24999,16.75703,0.02073,0.70711,0.00000,0.00000,-0.70711,-0.00001,-1.50000,0.00000
64460000000,5.24999,16.72703,0.02073,0.70711,0.00000,0.00000,-0.70711,-0.00001,-1.50000,0.00000
64480000000,5.24999,16.69703,0.02073,0.70711,0.00000,0.00000,-0.70711,-0.00001,-1.50000,0.00000
64500000000,5.24999,16.66703,0.02073,0.70711,0.00000,0.00000,-0.70711,-0.00001,-1.50000,0.00000
64520000000,5.24999,16.63703,0.02073,0.70711,0.00000,0.00000,-0.70711,-0.00001,-1.50000,0.00000
64540000000,5.24999,16.60703,0.02073,0.70711,0.00000,0.00000,-0.70711,-0.00001,-1.50000,0.00000
64560000000,5.24999,16.57703,0.02073,0.70711,0.00000,0.00000,-0.70711,-0.00001,-1.50000,0.00000
64580000000,5.24999,16.54703,0.02073,0.70711,0.00000,0.00000,-0.70711,-0.00001,-1.50000,0.00000
64600000000,5.24999,16.51703,0.02073,0.70711,0.00000,0.00000,-0.70711,-0.00001,-1.50000,0.00000
64620000000,5.24999,16.48703,0.02073,0.70711,0.00000,0.00000,-0.70711,-0.00001,-1.50000,0.00000
64640000000,5.24999,16.45703,0.02073,0.70711,0.00000,0.00000,-0.70711,-0.00001,-1.50000,0.00000
64660000000,5.24999,16.42703,0.02073,0.70711,0.00000,0.00000,-0.70711,-0.00001,-1.50000,0.00000
64680000000,5.24999,16.39703,0.02073,0.70711,0.00000,0.00000,-0.70711,-0.00001,-1.50000,0.00000
64700000000,5.24999,16.36703,0.02073,0.70711,0.00000,0.00000,-0.70711,-0.00001,-1.50000,0.00000
64720000000,5.24999,16.33703,0.02073,0.70711,0.00000,0.00000,-0.70711,-0.00001,-1.50000,0.00000
64740000000,5.24999,16.30703,0.02073,0.70711,0.00000,0.00000,-0.70711,-0.00001,-1.50000,0.00000
64760000000,5.24999,16.27703,0.02073,0.70711,0.00000,0.00000,-0.70711,-0.00001,-1.50000,0.00000
64780000000,5.24999,16.24703,0.02073,0.70711,0.00000,0.00000,-0.70711,-0.00001,-1.50000,0.00000
64800000000,5.24999,16.21703,0.02073,0.70711,0.00000,0.00000,-0.70711,-0.00001,-1.50000,0.00000
64820000000,5.24999,16.18703,0.02073,0.70711,0.00000,0.00000,-0.70711,-0.00001,-1.50000,0.00000
64840000000,5.24999,16.15703,0.02073,0.70711,0.00000,0.00000,-0.70711,-0.00001,-1.50000,0.00000
64860000000,5.24999,16.12703,0.02073,0.70711,0.00000,0.00000,-0.70711,-0.00001,-1.50000,0.00000
64880000000,5.24999,16.09703,0.02073,0.70711,0.00000,0.00000,-0.70711,-0.00001,-1.50000,0.00000
64900000000,5.24999,16.06703,0.02073,0.70711,0.00000,0.00000,-0.70711,-0.00001,-1.50000,0.00000
64920000000,5.24999,16.03703,0.02073,0.70711,0.00000,0.00000,-0.70711,-0.00001,-1.50000,0.00000
64940000000,5.24999,16.00703,0.02073,0.70711,0.00000,0.00000,-0.70711,-0.00001,-1.50000,0.00000
64960000000,5.24999,15.97703,0.02073,0.70711,0.00000,0.00000,-0.70711,-0.00001,-1.50000,0.00000
64980000000,5.24999,15.94703,0.02073,0.70711,0.00000,0.00000,-0.70711,-0.00001,-1.50000,0.00000
65000000000,5.24998,15.91703,0.02073,0.70711,0.00000,0.00000,-0.70711,-0.00001,-1.50000,0.00000
65020000000,5.24998,15.88703,0.02073,0.70711,0.00000,0.00000,-0.70711,-0.00001,-1.50000,0.00000
65040000000,5.24998,15.85703,0.02073,0.70711,0.00000,0.00000,-0.70711,-0.00001,-1.50000,0.00000
65060000000,5.24998,15.82703,0.02073,0.70711,0.00000,0.00000,-0.70711,-0.00001,-1.50000,0.00000
65080000000,5.24998,15.79703,0.02073,0.70711,0.00000,0.00000,-0.70711,-0.00001,-1.50000,0.00000
65100000000,5.24998,15.76703,0.02073,0.70711,0.00000,0.00000,-0.70711,-0.00001,-1.50000,0.00000
65120000000,5.24998,15.73703,0.02073,0.70711,0.00000,0.00000,-0.70711,-0.00001,-1.50000,0.00000
65140000000,5.24998,15.70703,0.02073,0.70711,0.00000,0.00000,-0.70711,-0.00001,-1.50000,0.00000
65160000000,5.24998,15.67703,0.02073,0.70711,0.00000,0.00000,-0.70711,-0.00001,-1.50000,0.00000
65180000000,5.24998,15.64703,0.02073,0.70711,0.00000,0.00000,-0.70711,-0.00001,-1.50000,0.00000
65200000000,5.24998,15.61703,0.02073,0.70711,0.00000,0.00000,-0.70711,-0.00001,-1.50000,0.00000
65220000000,5.24998,15.58703,0.02073,0.70711,0.00000,0.00000,-0.70711,-0.00001,-1.50000,0.00000
65240000000,5.24998,15.55703,0.02073,0.70711,0.00000,0.00000,-0.70711,-0.00001,-1.50000,0.00000
65260000000,5.24998,15.52703,0.02073,0.70711,0.00000,0.00000,-0.70711,-0.00001,-1.50000,0.00000
65280000000,5.24998,15.49703,0.02073,0.70711,0.00000,0.00000,-0.70711,-0.00001,-1.50000,0.00000
65300000000,5.24998,15.46703,0.02073,0.70711,0.00000,0.00000,-0.70711,-0.00001,-1.50000,0.00000
65320000000,5.24998,15.43703,0.02073,0.70711,0.00000,0.00000,-0.70711,-0.00001,-1.50000,0.00000
65340000000,5.24998,15.40703,0.02073,0.70711,0.00000,0.00000,-0.70711,-0.00001,-1.50000,0.00000
65360000000,5.24998,15.37703,0.02073,0.70711,0.00000,0.00000,-0.70711,-0.00001,-1.50000,0.00000
65380000000,5.24998,15.34703,0.02073,0.70711,0.00000,0.00000,-0.70711,-0.00001,-1.50000,0.00000
65400000000,5.24998,15.31703,0.02073,0.70711,0.00000,0.00000,-0.70711,-0.00001,-1.50000,0.00000
65420000000,5.24998,15.28703,0.02073,0.70711,0.00000,0.00000,-0.70711,-0.00001,-1.50000,0.00000
65440000000,5.24998,15.25703,0.02073,0.70711,0.00000,0.00000,-0.70711,-0.00001,-1.50000,0.00000
65460000000,5.24998,15.22703,0.02073,0.70711,0.00000,0.00000,-0.70711,-0.00001,-1.50000,0.00000
65480000000,5.24998,15.19703,0.02073,0.70711,0.00000,0.00000,-0.70711,-0.00001,-1.50000,0.00000
65500000000,5.24998,15.16703,0.02073,0.70711,0.00000,0.00000,-0.70711,-0.00001,-1.50000,0.00000
65520000000,5.24998,15.13703,0.02073,0.70711,0.00000,0.00000,-0.70711,-0.00001,-1.50000,0.00000
65540000000,5.24998,15.10703,0.02073,0.70711,0.00000,0.00000,-0.70711,-0.00001,-1.50000,0.00000
65560000000,5.24998,15.07703,0.02073,0.70711,0.00000,0.00000,-0.70711,-0.00001,-1.50000,0.00000
65580000000,5.24998,15.04703,0.02073,0.70711,0.00000,0.00000,-0.70711,-0.00001,-1.50000,0.00000
65600000000,5.24998,15.01703,0.02073,0.70711,0.00000,0.00000,-0.70711,-0.00001,-1.50000,0.00000
65620000000,5.24998,14.98703,0.02073,0.70711,0.00000,0.00000,-0.70711,-0.00001,-1.50000,0.00000
65640000000,5.24998,14.95703,0.02073,0.70711,0.00000,0.00000,-0.70711,-0.00001,-1.50000,0.00000
65660000000,5.24998,14.92703,0.02073,0.70711,0.00000,0.00000,-0.70711,-0.00001,-1.50000,0.00000
65680000000,5.24998,14.89703,0.02073,0.70711,0.00000,0.00000,-0.70711,-0.00001,-1.50000,0.00000
65700000000,5.24998,14.86703,0.02073,0.70711,0.00000,0.00000,-0.70711,-0.00001,-1.50000,0.00000
65720000000,5.24998,14.83703,0.02073,0.70711,0.00000,0.00000,-0.70711,-0.00001,-1.50000,0.00000
65740000000,5.24998,14.80703,0.02073,0.70711,0.00000,0.00000,-0.70711,-0.00001,-1.50000,0.00000
65760000000,5.24998,14.77703,0.02073,0.70711,0.00000,0.00000,-0.70711,-0.00001,-1.50000,0.00000
65780000000,5.24998,14.74703,0.02073,0.70711,0.00000,0.00000,-0.70711,-0.00001,-1.50000,0.00000
65800000000,5.24998,14.71703,0.02073,0.70711,0.00000,0.00000,-0.70711,-0.00001,-1.50000,0.00000
65820000000,5.24998,14.68703,0.02073,0.70711,0.00000,0.00000,-0.70711,-0.00001,-1.50000,0.00000
65840000000,5.24998,14.65703,0.02073,0.70711,0.00000,0.00000,-0.70711,-0.00001,-1.50000,0.00000
65860000000,5.24998,14.62703,0.02073,0.70711,0.00000,0.00000,-0.70711,-0.00001,-1.50000,0.00000
65880000000,5.24998,14.59703,0.02073,0.70711,0.00000,0.00000,-0.70711,-0.00001,-1.50000,0.00000
65900000000,5.24998,14.56703,0.02073,0.70711,0.00000,0.00000,-0.70711,-0.00001,-1.50000,0.00000
65920000000,5.24998,14.53703,0.02073,0.70711,0.00000,0.00000,-0.70711,-0.00001,-1.50000,0.00000
65940000000,5.24998,14.50703,0.02073,0.70711,0.00000,0.00000,-0.70711,-0.00001,-1.50000,0.00000
65960000000,5.24998,14.47703,0.02073,0.70711,0.00000,0.00000,-0.70711,-0.00001,-1.50000,0.00000
65980000000,5.24998,14.44703,0.02073,0.70711,0.00000,0.00000,-0.70711,-0.00001,-1.50000,0.00000
66000000000,5.24998,14.41703,0.02073,0.70711,0.00000,0.00000,-0.70711,-0.00001,-1.50000,0.00000
66020000000,5.24998,14.38703,0.02073,0.70711,0.00000,0.00000,-0.70711,-0.00001,-1.50000,0.00000
66040000000,5.24998,14.35703,0.02073,0.70711,0.00000,0.00000,-0.70711,-0.00001,-1.50000,0.00000
66060000000,5.24998,14.32703,0.02073,0.70711,0.00000,0.00000,-0.70711,-0.00001,-1.50000,0.00000
66080000000,5.24998,14.29703,0.02073,0.70711,0.00000,0.00000,-0.70711,-0.00001,-1.50000,0.00000
66100000000,5.24998,14.26703,0.02073,0.70711,0.00000,0.00000,-0.70711,-0.00001,-1.50000,0.00000
66120000000,5.24998,14.23703,0.02073,0.70711,0.00000,0.00000,-0.70711,-0.00001,-1.50000,0.00000
66140000000,5.24998,14.20703,0.02073,0.70711,0.00000,0.00000,-0.70711,-0.00001,-1.50000,0.00000
66160000000,5.24998,14.17703,0.02073,0.70711,0.00000,0.00000,-0.70711,-0.00001,-1.50000,0.00000
66180000000,5.24998,14.14703,0.02073,0.70711,0.00000,0.00000,-0.70711,-0.00001,-1.50000,0.00000
66200000000,5.24998,14.11703,0.02073,0.70711,0.00000,0.00000,-0.70711,-0.00001,-1.50000,0.00000
66220000000,5.24998,14.08703,0.02073,0.70711,0.00000,0.00000,-0.70711,-0.00001,-1.50000,0.00000
66240000000,5.24998,14.05703,0.02073,0.70711,0.00000,0.00000,-0.70711,-0.00001,-1.50000,0.00000
66260000000,5.24998,14.02703,0.02073,0.70711,0.00000,0.00000,-0.70711,-0.00001,-1.50000,0.00000
66280000000,5.24998,13.99703,0.02073,0.70711,0.00000,0.00000,-0.70711,-0.00001,-1.50000,0.00000
66300000000,5.24998,13.96703,0.02073,0.70711,0.00000,0.00000,-0.70711,-0.00001,-1.50000,0.00000
66320000000,5.24998,13.93703,0.02073,0.70711,0.00000,0.00000,-0.70711,-0.00001,-1.50000,0.00000
66340000000,5.24998,13.90703,0.02073,0.70711,0.00000,0.00000,-0.70711,-0.00001,-1.50000,0.00000
66360000000,5.24998,13.87703,0.02073,0.70711,0.00000,0.00000,-0.70711,-0.00001,-1.50000,0.00000
66380000000,5.24998,13.84703,0.02073,0.70711,0.00000,0.00000,-0.70711,-0.00001,-1.50000,0.00000
66400000000,5.24998,13.81703,0.02073,0.70711,0.00000,0.00000,-0.70711,-0.00001,-1.50000,0.00000
66420000000,5.24998,13.78703,0.02073,0.70711,0.00000,0.00000,-0.70711,-0.00001,-1.50000,0.00000
66440000000,5.24998,13.75703,0.02073,0.70711,0.00000,0.00000,-0.70711,-0.00001,-1.50000,0.00000
66460000000,5.24998,13.72703,0.02073,0.70711,0.00000,0.00000,-0.70711,-0.00001,-1.50000,0.00000
66480000000,5.24998,13.69703,0.02073,0.70711,0.00000,0.00000,-0.70711,-0.00001,-1.50000,0.00000
66500000000,5.24998,13.66703,0.02073,0.70711,0.00000,0.00000,-0.70711,-0.00001,-1.50000,0.00000
66520000000,5.24998,13.63703,0.02073,0.70711,0.00000,0.00000,-0.70711,-0.00001,-1.50000,0.00000
66540000000,5.24998,13.60703,0.02073,0.70711,0.00000,0.00000,-0.70711,-0.00001,-1.50000,0.00000
66560000000,5.24998,13.57703,0.02073,0.70711,0.00000,0.00000,-0.70711,-0.00001,-1.50000,0.00000
66580000000,5.24998,13.54703,0.02073,0.70711,0.00000,0.00000,-0.70711,-0.00001,-1.50000,0.00000
66600000000,5.24998,13.51703,0.02073,0.70711,0.00000,0.00000,-0.70711,-0.00001,-1.50000,0.00000
66620000000,5.24998,13.48703,0.02073,0.70711,0.00000,0.00000,-0.70711,-0.00001,-1.50000,0.00000
66640000000,5.24998,13.45703,0.02073,0.70711,0.00000,0.00000,-0.70711,-0.00001,-1.50000,0.00000
66660000000,5.24998,13.42703,0.02073,0.70711,0.00000,0.00000,-0.70711,-0.00001,-1.50000,0.00000
66680000000,5.24998,13.39703,0.02073,0.70711,0.00000,0.00000,-0.70711,-0.00001,-1.50000,0.00000
66700000000,5.24998,13.36703,0.02073,0.70711,0.00000,0.00000,-0.70711,-0.00001,-1.50000,0.00000
66720000000,5.24998,13.33703,0.02073,0.70711,0.00000,0.00000,-0.70711,-0.00001,-1.50000,0.00000
66740000000,5.24998,13.30703,0.02073,0.70711,0.00000,0.00000,-0.70711,-0.00001,-1.50000,0.00000
66760000000,5.24998,13.27703,0.02073,0.70711,0.00000,0.00000,-0.70711,-0.00001,-1.50000,0.00000
66780000000,5.24998,13.24703,0.02073,0.70711,0.00000,0.00000,-0.70711,-0.00001,-1.50000,0.00000
66800000000,5.24998,13.21703,0.02073,0.70711,0.00000,0.00000,-0.70711,-0.00001,-1.50000,0.00000
66820000000,5.24997,13.18703,0.02073,0.70711,0.00000,0.00000,-0.70711,-0.00001,-1.50000,0.00000
66840000000,5.24997,13.15703,0.02073,0.70711,0.00000,0.00000,-0.70711,-0.00001,-1.50000,0.00000
66860000000,5.24997,13.12703,0.02073,0.70711,0.00000,0.00000,-0.70711,-0.00001,-1.50000,0.00000
66880000000,5.24997,13.09703,0.02073,0.70711,0.00000,0.00000,-0.70711,-0.00001,-1.50000,0.00000
66900000000,5.24997,13.06703,0.02073,0.70711,0.00000,0.00000,-0.70711,-0.00001,-1.50000,0.00000
66920000000,5.24997,13.03703,0.02073,0.70711,0.00000,0.00000,-0.70711,-0.00001,-1.50000,0.00000
66940000000,5.24997,13.00703,0.02073,0.70711,0.00000,0.00000,-0.70711,-0.00001,-1.50000,0.00000
66960000000,5.24997,12.97703,0.02073,0.70711,0.00000,0.00000,-0.70711,-0.00001,-1.50000,0.00000
66980000000,5.24997,12.94703,0.02073,0.70711,0.00000,0.00000,-0.70711,-0.00001,-1.50000,0.00000
67000000000,5.24997,12.91703,0.02073,0.70711,0.00000,0.00000,-0.70711,-0.00001,-1.50000,0.00000
67020000000,5.24997,12.88703,0.02073,0.70711,0.00000,0.00000,-0.70711,-0.00001,-1.50000,0.00000
67040000000,5.24997,12.85703,0.02073,0.70711,0.00000,0.00000,-0.70711,-0.00001,-1.50000,0.00000
67060000000,5.24997,12.82703,0.02073,0.70711,0.00000,0.00000,-0.70711,-0.00001,-1.50000,0.00000
67080000000,5.24997,12.79703,0.02073,0.70711,0.00000,0.00000,-0.70711,-0.00001,-1.50000,0.00000
67100000000,5.24997,12.76703,0.02073,0.70711,0.00000,0.00000,-0.70711,-0.00001,-1.50000,0.00000
67120000000,5.24997,12.73703,0.02073,0.70711,0.00000,0.00000,-0.70711,-0.00001,-1.50000,0.00000
67140000000,5.24997,12.70703,0.02073,0.70711,0.00000,0.00000,-0.70711,-0.00001,-1.50000,0.00000
67160000000,5.24997,12.67703,0.02073,0.70711,0.00000,0.00000,-0.70711,-0.00001,-1.50000,0.00000
67180000000,5.24997,12.64703,0.02073,0.70711,0.00000,0.00000,-0.70711,-0.00001,-1.50000,0.00000
67200000000,5.24997,12.61703,0.02073,0.70711,0.00000,0.00000,-0.70711,-0.00001,-1.50000,0.00000
67220000000,5.24997,12.58703,0.02073,0.70711,0.00000,0.00000,-0.70711,-0.00001,-1.50000,0.00000
67240000000,5.24997,12.55703,0.02073,0.70711,0.00000,0.00000,-0.70711,-0.00001,-1.50000,0.00000
67260000000,5.24997,12.52703,0.02073,0.70711,0.00000,0.00000,-0.70711,-0.00001,-1.50000,0.00000
67280000000,5.24997,12.49703,0.02073,0.70711,0.00000,0.00000,-0.70711,-0.00001,-1.50000,0.00000
67300000000,5.24997,12.46703,0.02073,0.70711,0.00000,0.00000,-0.70711,-0.00001,-1.50000,0.00000
67320000000,5.24997,12.43703,0.02073,0.70711,0.00000,0.00000,-0.70711,-0.00001,-1.50000,0.00000
67340000000,5.24997,12.40703,0.02073,0.70711,0.00000,0.00000,-0.70711,-0.00001,-1.50000,0.00000
67360000000,5.24997,12.37703,0.02073,0.70711,0.00000,0.00000,-0.70711,-0.00001,-1.50000,0.00000
67380000000,5.24997,12.34703,0.02073,0.70711,0.00000,0.00000,-0.70711,-0.00001,-1.50000,0.00000
67400000000,5.24997,12.31703,0.02073,0.70711,0.00000,0.00000,-0.70711,-0.00001,-1.50000,0.00000
67420000000,5.24997,12.28703,0.02073,0.70711,0.00000,0.00000,-0.70711,-0.00001,-1.50000,0.00000
67440000000,5.24997,12.25703,0.02073,0.70711,0.00000,0.00000,-0.70711,-0.00001,-1.50000,0.00000
67460000000,5.24997,12.22703,0.02073,0.70711,0.00000,0.00000,-0.70711,-0.00001,-1.50000,0.00000
67480000000,5.24997,12.19703,0.02073,0.70711,0.00000,0.00000,-0.70711,-0.00001,-1.50000,0.00000
67500000000,5.24997,12.16703,0.02073,0.70711,0.00000,0.00000,-0.70711,-0.00001,-1.50000,0.00000
67520000000,5.24997,12.13703,0.02073,0.70711,0.00000,0.00000,-0.70711,-0.00001,-1.50000,0.00000
67540000000,5.24997,12.10703,0.02073,0.70711,0.00000,0.00000,-0.70711,-0.00001,-1.50000,0.00000
67560000000,5.24997,12.07703,0.02073,0.70711,0.00000,0.00000,-0.70711,-0.00001,-1.50000,0.00000
67580000000,5.24997,12.04703,0.02073,0.70711,0.00000,0.00000,-0.70711,-0.00001,-1.50000,0.00000
67600000000,5.24997,12.01703,0.02073,0.70711,0.00000,0.00000,-0.70711,-0.00001,-1.50000,0.00000
67620000000,5.24997,11.98703,0.02073,0.70711,0.00000,0.00000,-0.70711,-0.00001,-1.50000,0.00000
67640000000,5.24997,11.95703,0.02073,0.70711,0.00000,0.00000,-0.70711,-0.00001,-1.50000,0.00000
67660000000,5.24997,11.92703,0.02073,0.70711,0.00000,0.00000,-0.70711,-0.00001,-1.50000,0.00000
67680000000,5.24997,11.89703,0.02073,0.70711,0.00000,0.00000,-0.70711,-0.00001,-1.50000,0.00000
67700000000,5.24997,11.86703,0.02073,0.70711,0.00000,0.00000,-0.70711,-0.00001,-1.50000,0.00000
67720000000,5.24997,11.83703,0.02073,0.70711,0.00000,0.00000,-0.70711,-0.00001,-1.50000,0.00000
67740000000,5.24997,11.80703,0.02073,0.70711,0.00000,0.00000,-0.70711,-0.00001,-1.50000,0.00000
67760000000,5.24997,11.77703,0.02073,0.70711,0.00000,0.00000,-0.70711,-0.00001,-1.50000,0.00000
67780000000,5.24997,11.74703,0.02073,0.70711,0.00000,0.00000,-0.70711,-0.00001,-1.50000,0.00000
67800000000,5.24997,11.71703,0.02073,0.70711,0.00000,0.00000,-0.70711,-0.00001,-1.50000,0.00000
67820000000,5.24997,11.68703,0.02073,0.70711,0.00000,0.00000,-0.70711,-0.00001,-1.50000,0.00000
67840000000,5.24997,11.65703,0.02073,0.70711,0.00000,0.00000,-0.70711,-0.00001,-1.50000,0.00000
67860000000,5.24997,11.62703,0.02073,0.70711,0.00000,0.00000,-0.70711,-0.00001,-1.50000,0.00000
67880000000,5.24997,11.59703,0.02073,0.70711,0.00000,0.00000,-0.70711,-0.00001,-1.50000,0.00000
67900000000,5.24997,11.56703,0.02073,0.70711,0.00000,0.00000,-0.70711,-0.00001,-1.50000,0.00000
67920000000,5.24997,11.53703,0.02073,0.70711,0.00000,0.00000,-0.70711,-0.00001,-1.50000,0.00000
67940000000,5.24997,11.50703,0.02073,0.70711,0.00000,0.00000,-0.70711,-0.00001,-1.50000,0.00000
67960000000,5.24997,11.47703,0.02073,0.70711,0.00000,0.00000,-0.70711,-0.00001,-1.50000,0.00000
67980000000,5.24997,11.44703,0.02073,0.70711,0.00000,0.00000,-0.70711,-0.00001,-1.50000,0.00000
68000000000,5.24997,11.41703,0.02073,0.70711,0.00000,0.00000,-0.70711,-0.00001,-1.50000,0.00000
68020000000,5.24997,11.38703,0.02073,0.70711,0.00000,0.00000,-0.70711,-0.00001,-1.50000,0.00000
68040000000,5.24997,11.35703,0.02073,0.70711,0.00000,0.00000,-0.70711,-0.00001,-1.50000,0.00000
68060000000,5.24997,11.32703,0.02073,0.70711,0.00000,0.00000,-0.70711,-0.00001,-1.50000,0.00000
68080000000,5.24997,11.29703,0.02073,0.70711,0.00000,0.00000,-0.70711,-0.00001,-1.50000,0.00000
68100000000,5.24997,11.26703,0.02073,0.70711,0.00000,0.00000,-0.70711,-0.00001,-1.50000,0.00000
68120000000,5.24997,11.23703,0.02073,0.70711,0.00000,0.00000,-0.70711,-0.00001,-1.50000,0.00000
68140000000,5.24997,11.20703,0.02073,0.70711,0.00000,0.00000,-0.70711,-0.00001,-1.50000,0.00000
68160000000,5.24997,11.17703,0.02073,0.70711,0.00000,0.00000,-0.70711,-0.00001,-1.50000,0.00000
68180000000,5.24997,11.14703,0.02073,0.70711,0.00000,0.00000,-0.70711,-0.00001,-1.50000,0.00000
68200000000,5.24997,11.11703,0.02073,0.70711,0.00000,0.00000,-0.70711,-0.00001,-1.50000,0.00000
68220000000,5.24997,11.08703,0.02073,0.70711,0.00000,0.00000,-0.70711,-0.00001,-1.50000,0.00000
68240000000,5.24997,11.05703,0.02073,0.70711,0.00000,0.00000,-0.70711,-0.00001,-1.50000,0.00000
68260000000,5.24997,11.02703,0.02073,0.70711,0.00000,0.00000,-0.70711,-0.00001,-1.50000,0.00000
68280000000,5.24997,10.99703,0.02073,0.70711,0.00000,0.00000,-0.70711,-0.00001,-1.50000,0.00000
68300000000,5.24997,10.96703,0.02073,0.70711,0.00000,0.00000,-0.70711,-0.00001,-1.50000,0.00000
68320000000,5.24997,10.93703,0.02073,0.70711,0.00000,0.00000,-0.70711,-0.00001,-1.50000,0.00000
68340000000,5.24997,10.90703,0.02073,0.70711,0.00000,0.00000,-0.70711,-0.00001,-1.50000,0.00000
68360000000,5.24997,10.87703,0.02073,0.70711,0.00000,0.00000,-0.70711,-0.00001,-1.50000,0.00000
68380000000,5.24997,10.84703,0.02073,0.70711,0.00000,0.00000,-0.70711,-0.00001,-1.50000,0.00000
68400000000,5.24997,10.81703,0.02073,0.70711,0.00000,0.00000,-0.70711,-0.00001,-1.50000,0.00000
68420000000,5.24997,10.78703,0.02073,0.70711,0.00000,0.00000,-0.70711,-0.00001,-1.50000,0.00000
68440000000,5.24997,10.75703,0.02073,0.70711,0.00000,0.00000,-0.70711,-0.00001,-1.50000,0.00000
68460000000,5.24997,10.72703,0.02073,0.70711,0.00000,0.00000,-0.70711,-0.00001,-1.50000,0.00000
68480000000,5.24997,10.69703,0.02073,0.70711,0.00000,0.00000,-0.70711,-0.00001,-1.50000,0.00000
68500000000,5.24997,10.66703,0.02073,0.70711,0.00000,0.00000,-0.70711,-0.00001,-1.50000,0.00000
68520000000,5.24997,10.63703,0.02073,0.70711,0.00000,0.00000,-0.70711,-0.00001,-1.50000,0.00000
68540000000,5.24997,10.60703,0.02073,0.70711,0.00000,0.00000,-0.70711,-0.00001,-1.50000,0.00000
68560000000,5.24997,10.57703,0.02073,0.70711,0.00000,0.00000,-0.70711,-0.00001,-1.50000,0.00000
68580000000,5.24997,10.54703,0.02073,0.70711,0.00000,0.00000,-0.70711,-0.00001,-1.50000,0.00000
68600000000,5.24997,10.51703,0.02073,0.70711,0.00000,0.00000,-0.70711,-0.00001,-1.50000,0.00000
68620000000,5.24997,10.48703,0.02073,0.70711,0.00000,0.00000,-0.70711,-0.00001,-1.50000,0.00000
68640000000,5.24996,10.45703,0.02073,0.70711,0.00000,0.00000,-0.70711,-0.00001,-1.50000,0.00000
68660000000,5.24996,10.42703,0.02073,0.70711,0.00000,0.00000,-0.70711,-0.00001,-1.50000,0.00000
68680000000,5.24996,10.39703,0.02073,0.70711,0.00000,0.00000,-0.70711,-0.00001,-1.50000,0.00000
68700000000,5.24996,10.36703,0.02073,0.70711,0.00000,0.00000,-0.70711,-0.00001,-1.50000,0.00000
68720000000,5.24996,10.33703,0.02073,0.70711,0.00000,0.00000,-0.70711,-0.00001,-1.50000,0.00000
68740000000,5.24996,10.30703,0.02073,0.70711,0.00000,0.00000,-0.70711,-0.00001,-1.50000,0.00000
68760000000,5.24996,10.27703,0.02073,0.70711,0.00000,0.00000,-0.70711,-0.00001,-1.50000,0.00000
68780000000,5.24996,10.24703,0.02073,0.70711,0.00000,0.00000,-0.70711,-0.00001,-1.50000,0.00000
68800000000,5.24996,10.21703,0.02073,0.70711,0.00000,0.00000,-0.70711,-0.00001,-1.50000,0.00000
68820000000,5.24996,10.18703,0.02073,0.70711,0.00000,0.00000,-0.70711,-0.00001,-1.50000,0.00000
68840000000,5.24996,10.15703,0.02073,0.70711,0.00000,0.00000,-0.70711,-0.00001,-1.50000,0.00000
68860000000,5.24996,10.12703,0.02073,0.70711,0.00000,0.00000,-0.70711,-0.00001,-1.50000,0.00000
68880000000,5.24996,10.09703,0.02073,0.70711,0.00000,0.00000,-0.70711,-0.00001,-1.50000,0.00000
68900000000,5.24996,10.06703,0.02073,0.70711,0.00000,0.00000,-0.70711,-0.00001,-1.50000,0.00000
68920000000,5.24996,10.03703,0.02073,0.70711,0.00000,0.00000,-0.70711,-0.00001,-1.50000,0.00000
68940000000,5.24996,10.00703,0.02073,0.70711,0.00000,0.00000,-0.70711,-0.00001,-1.50000,0.00000
68960000000,5.24996,9.97703,0.02073,0.70711,0.00000,0.00000,-0.70711,-0.00001,-1.50000,0.00000
68980000000,5.24996,9.94703,0.02073,0.70711,0.00000,0.00000,-0.70711,-0.00001,-1.50000,0.00000
69000000000,5.24996,9.91703,0.02073,0.70711,0.00000,0.00000,-0.70711,-0.00001,-1.50000,0.00000
69020000000,5.24996,9.88703,0.02073,0.70711,0.00000,0.00000,-0.70711,-0.00001,-1.50000,0.00000
69040000000,5.24996,9.85703,0.02073,0.70711,0.00000,0.00000,-0.70711,-0.00001,-1.50000,0.00000
69060000000,5.24996,9.82703,0.02073,0.70711,0.00000,0.00000,-0.70711,-0.00001,-1.50000,0.00000
69080000000,5.24996,9.79703,0.02073,0.70711,0.00000,0.00000,-0.70711,-0.00001,-1.50000,0.00000
69100000000,5.24996,9.76703,0.02073,0.70711,0.00000,0.00000,-0.70711,-0.00001,-1.50000,0.00000
69120000000,5.24996,9.73703,0.02073,0.70711,0.00000,0.00000,-0.70711,-0.00001,-1.50000,0.00000
69140000000,5.24996,9.70703,0.02073,0.70711,0.00000,0.00000,-0.70711,-0.00001,-1.50000,0.00000
69160000000,5.24996,9.67703,0.02073,0.70711,0.00000,0.00000,-0.70711,-0.00001,-1.50000,0.00000
69180000000,5.24996,9.64703,0.02073,0.70711,0.00000,0.00000,-0.70711,-0.00001,-1.50000,0.00000
69200000000,5.24996,9.61703,0.02073,0.70711,0.00000,0.00000,-0.70711,-0.00001,-1.50000,0.00000
69220000000,5.24996,9.58703,0.02073,0.70711,0.00000,0.00000,-0.70711,-0.00001,-1.50000,0.00000
69240000000,5.24996,9.55703,0.02073,0.70711,0.00000,0.00000,-0.70711,-0.00001,-1.50000,0.00000
69260000000,5.24996,9.52703,0.02073,0.70711,0.00000,0.00000,-0.70711,-0.00001,-1.50000,0.00000
69280000000,5.24996,9.49703,0.02073,0.70711,0.00000,0.00000,-0.70711,-0.00001,-1.50000,0.00000
69300000000,5.24996,9.46703,0.02073,0.70711,0.00000,0.00000,-0.70711,-0.00001,-1.50000,0.00000
69320000000,5.24996,9.43703,0.02073,0.70711,0.00000,0.00000,-0.70711,-0.00001,-1.50000,0.00000
69340000000,5.24996,9.40703,0.02073,0.70711,0.00000,0.00000,-0.70711,-0.00001,-1.50000,0.00000
69360000000,5.24996,9.37703,0.02073,0.70711,0.00000,0.00000,-0.70711,-0.00001,-1.50000,0.00000
69380000000,5.24996,9.34703,0.02073,0.70711,0.00000,0.00000,-0.70711,-0.00001,-1.50000,0.00000
69400000000,5.24996,9.31703,0.02073,0.70711,0.00000,0.00000,-0.70711,-0.00001,-1.50000,0.00000
69420000000,5.24996,9.28703,0.02073,0.70711,0.00000,0.00000,-0.70711,-0.00001,-1.50000,0.00000
69440000000,5.24996,9.25703,0.02073,0.70711,0.00000,0.00000,-0.70711,-0.00001,-1.50000,0.00000
69460000000,5.24996,9.22703,0.02073,0.70711,0.00000,0.00000,-0.70711,-0.00001,-1.50000,0.00000
69480000000,5.24996,9.19703,0.02073,0.70711,0.00000,0.00000,-0.70711,-0.00001,-1.50000,0.00000
69500000000,5.24996,9.16703,0.02073,0.70711,0.00000,0.00000,-0.70711,-0.00001,-1.50000,0.00000
69520000000,5.24996,9.13703,0.02073,0.70711,0.00000,0.00000,-0.70711,-0.00001,-1.50000,0.00000
69540000000,5.24996,9.10703,0.02073,0.70711,0.00000,0.00000,-0.70711,-0.00001,-1.50000,0.00000
69560000000,5.24996,9.07703,0.02073,0.70711,0.00000,0.00000,-0.70711,-0.00001,-1.50000,0.00000
69580000000,5.24996,9.04703,0.02073,0.70711,0.00000,0.00000,-0.70711,-0.00001,-1.50000,0.00000
69600000000,5.24996,9.01703,0.02073,0.70711,0.00000,0.00000,-0.70711,-0.00001,-1.50000,0.00000
69620000000,5.24996,8.98703,0.02073,0.70711,0.00000,0.00000,-0.70711,-0.00001,-1.50000,0.00000
69640000000,5.24996,8.95703,0.02073,0.70711,0.00000,0.00000,-0.70711,-0.00001,-1.50000,0.00000
69660000000,5.24996,8.92703,0.02073,0.70711,0.00000,0.00000,-0.70711,-0.00001,-1.50000,0.00000
69680000000,5.24996,8.89703,0.02073,0.70711,0.00000,0.00000,-0.70711,-0.00001,-1.50000,0.00000
69700000000,5.24996,8.86703,0.02073,0.70711,0.00000,0.00000,-0.70711,-0.00001,-1.50000,0.00000
69720000000,5.24996,8.83703,0.02073,0.70711,0.00000,0.00000,-0.70711,-0.00001,-1.50000,0.00000
69740000000,5.24996,8.80703,0.02073,0.70711,0.00000,0.00000,-0.70711,-0.00001,-1.50000,0.00000
69760000000,5.24996,8.77703,0.02073,0.70711,0.00000,0.00000,-0.70711,-0.00001,-1.50000,0.00000
69780000000,5.24996,8.74703,0.02073,0.70711,0.00000,0.00000,-0.70711,-0.00001,-1.50000,0.00000
69800000000,5.24996,8.71703,0.02073,0.70711,0.00000,0.00000,-0.70711,-0.00001,-1.50000,0.00000
69820000000,5.24996,8.68703,0.02073,0.70711,0.00000,0.00000,-0.70711,-0.00001,-1.50000,0.00000
69840000000,5.24996,8.65703,0.02073,0.70711,0.00000,0.00000,-0.70711,-0.00001,-1.50000,0.00000
69860000000,5.24996,8.62703,0.02073,0.70711,0.00000,0.00000,-0.70711,-0.00001,-1.50000,0.00000
69880000000,5.24996,8.59703,0.02073,0.70711,0.00000,0.00000,-0.70711,-0.00001,-1.50000,0.00000
69900000000,5.24996,8.56703,0.02073,0.70711,0.00000,0.00000,-0.70711,-0.00001,-1.50000,0.00000
69920000000,5.24996,8.53703,0.02073,0.70711,0.00000,0.00000,-0.70711,-0.00001,-1.50000,0.00000
69940000000,5.24996,8.50703,0.02073,0.70711,0.00000,0.00000,-0.70711,-0.00001,-1.50000,0.00000
69960000000,5.24996,8.47703,0.02073,0.70711,0.00000,0.00000,-0.70711,-0.00001,-1.50000,0.00000
69980000000,5.24996,8.44703,0.02073,0.70711,0.00000,0.00000,-0.70711,-0.00001,-1.50000,0.00000
70000000000,5.24996,8.41703,0.02073,0.70711,0.00000,0.00000,-0.70711,-0.00001,-1.50000,0.00000
70020000000,5.24996,8.38703,0.02073,0.70711,0.00000,0.00000,-0.70711,-0.00001,-1.50000,0.00000
70040000000,5.24996,8.35703,0.02073,0.70711,0.00000,0.00000,-0.70711,-0.00001,-1.50000,0.00000
70060000000,5.24996,8.32703,0.02073,0.70711,0.00000,0.00000,-0.70711,-0.00001,-1.50000,0.00000
70080000000,5.24996,8.29703,0.02073,0.70711,0.00000,0.00000,-0.70711,-0.00001,-1.50000,0.00000
70100000000,5.24996,8.26703,0.02073,0.70711,0.00000,0.00000,-0.70711,-0.00001,-1.50000,0.00000
70120000000,5.24996,8.23703,0.02073,0.70711,0.00000,0.00000,-0.70711,-0.00001,-1.50000,0.00000
70140000000,5.24996,8.20703,0.02073,0.70711,0.00000,0.00000,-0.70711,-0.00001,-1.50000,0.00000
70160000000,5.24996,8.17703,0.02073,0.70711,0.00000,0.00000,-0.70711,-0.00001,-1.50000,0.00000
70180000000,5.24996,8.14703,0.02073,0.70711,0.00000,0.00000,-0.70711,-0.00001,-1.50000,0.00000
70200000000,5.24996,8.11703,0.02073,0.70711,0.00000,0.00000,-0.70711,-0.00001,-1.50000,0.00000
70220000000,5.24996,8.08703,0.02073,0.70711,0.00000,0.00000,-0.70711,-0.00001,-1.50000,0.00000
70240000000,5.24996,8.05703,0.02073,0.70711,0.00000,0.00000,-0.70711,-0.00001,-1.50000,0.00000
70260000000,5.24996,8.02703,0.02073,0.70711,0.00000,0.00000,-0.70711,-0.00001,-1.50000,0.00000
70280000000,5.24996,7.99703,0.02073,0.70711,0.00000,0.00000,-0.70711,-0.00001,-1.50000,0.00000
70300000000,5.24996,7.96703,0.02073,0.70711,0.00000,0.00000,-0.70711,-0.00001,-1.50000,0.00000
70320000000,5.24996,7.93703,0.02073,0.70711,0.00000,0.00000,-0.70711,-0.00001,-1.50000,0.00000
70340000000,5.24996,7.90703,0.02073,0.70711,0.00000,0.00000,-0.70711,-0.00001,-1.50000,0.00000
70360000000,5.24996,7.87703,0.02073,0.70711,0.00000,0.00000,-0.70711,-0.00001,-1.50000,0.00000
70380000000,5.24996,7.84703,0.02073,0.70711,0.00000,0.00000,-0.70711,-0.00001,-1.50000,0.00000
70400000000,5.24996,7.81703,0.02073,0.70711,0.00000,0.00000,-0.70711,-0.00001,-1.50000,0.00000
70420000000,5.24996,7.78703,0.02073,0.70711,0.00000,0.00000,-0.70711,-0.00001,-1.50000,0.00000
70440000000,5.24996,7.75703,0.02073,0.70711,0.00000,0.00000,-0.70711,-0.00001,-1.50000,0.00000
70460000000,5.24995,7.72703,0.02073,0.70711,0.00000,0.00000,-0.70711,-0.00001,-1.50000,0.00000
70480000000,5.24995,7.69703,0.02073,0.70711,0.00000,0.00000,-0.70711,-0.00001,-1.50000,0.00000
70500000000,5.24995,7.66703,0.02073,0.70711,0.00000,0.00000,-0.70711,-0.00001,-1.50000,0.00000
70520000000,5.24995,7.63703,0.02073,0.70711,0.00000,0.00000,-0.70711,-0.00001,-1.50000,0.00000
70540000000,5.24995,7.60703,0.02073,0.70711,0.00000,0.00000,-0.70711,-0.00001,-1.50000,0.00000
70560000000,5.24995,7.57703,0.02073,0.70711,0.00000,0.00000,-0.70711,-0.00001,-1.50000,0.00000
70580000000,5.24995,7.54703,0.02073,0.70711,0.00000,0.00000,-0.70711,-0.00001,-1.50000,0.00000
70600000000,5.24995,7.51703,0.02073,0.70711,0.00000,0.00000,-0.70711,-0.00001,-1.50000,0.00000
70620000000,5.24995,7.48703,0.02073,0.70711,0.00000,0.00000,-0.70711,-0.00001,-1.50000,0.00000
70640000000,5.24995,7.45703,0.02073,0.70711,0.00000,0.00000,-0.70711,-0.00001,-1.50000,0.00000
70660000000,5.24995,7.42703,0.02073,0.70711,0.00000,0.00000,-0.70711,-0.00001,-1.50000,0.00000
70680000000,5.24995,7.39703,0.02073,0.70711,0.00000,0.00000,-0.70711,-0.00001,-1.50000,0.00000
70700000000,5.24995,7.36703,0.02073,0.70711,0.00000,0.00000,-0.70711,-0.00001,-1.50000,0.00000
70720000000,5.24995,7.33703,0.02073,0.70711,0.00000,0.00000,-0.70711,-0.00001,-1.50000,0.00000
70740000000,5.24995,7.30703,0.02073,0.70711,0.00000,0.00000,-0.70711,-0.00001,-1.50000,0.00000
70760000000,5.24995,7.27703,0.02073,0.70711,0.00000,0.00000,-0.70711,-0.00001,-1.50000,0.00000
70780000000,5.24995,7.24703,0.02073,0.70711,0.00000,0.00000,-0.70711,-0.00001,-1.50000,0.00000
70800000000,5.24995,7.21703,0.02073,0.70711,0.00000,0.00000,-0.70711,-0.00001,-1.50000,0.00000
70820000000,5.24995,7.18703,0.02073,0.70711,0.00000,0.00000,-0.70711,-0.00001,-1.50000,0.00000
70840000000,5.24995,7.15703,0.02073,0.70711,0.00000,0.00000,-0.70711,-0.00001,-1.50000,0.00000
70860000000,5.24995,7.12703,0.02073,0.70711,0.00000,0.00000,-0.70711,-0.00001,-1.50000,0.00000
70880000000,5.24995,7.09703,0.02073,0.70711,0.00000,0.00000,-0.70711,-0.00001,-1.50000,0.00000
70900000000,5.24995,7.06703,0.02073,0.70711,0.00000,0.00000,-0.70711,-0.00001,-1.50000,0.00000
70920000000,5.24995,7.03703,0.02073,0.70711,0.00000,0.00000,-0.70711,-0.00001,-1.50000,0.00000
70940000000,5.24995,7.00703,0.02073,0.70711,0.00000,0.00000,-0.70711,-0.00001,-1.50000,0.00000
70960000000,5.24995,6.97703,0.02073,0.70711,0.00000,0.00000,-0.70711,-0.00001,-1.50000,0.00000
70980000000,5.24995,6.94703,0.02073,0.70711,0.00000,0.00000,-0.70711,-0.00001,-1.50000,0.00000
71000000000,5.24995,6.91703,0.02073,0.70711,0.00000,0.00000,-0.70711,-0.00001,-1.50000,0.00000
71020000000,5.24995,6.88703,0.02073,0.70711,0.00000,0.00000,-0.70711,-0.00001,-1.50000,0.00000
71040000000,5.24995,6.85703,0.02073,0.70711,0.00000,0.00000,-0.70711,-0.00001,-1.50000,0.00000
71060000000,5.24995,6.82703,0.02073,0.70711,0.00000,0.00000,-0.70711,-0.00001,-1.50000,0.00000
71080000000,5.24995,6.79703,0.02073,0.70711,0.00000,0.00000,-0.70711,-0.00001,-1.50000,0.00000
71100000000,5.24995,6.76703,0.02073,0.70711,0.00000,0.00000,-0.70711,-0.00001,-1.50000,0.00000
71120000000,5.24995,6.73703,0.02073,0.70711,0.00000,0.00000,-0.70711,-0.00001,-1.50000,0.00000
71140000000,5.24995,6.70703,0.02073,0.70711,0.00000,0.00000,-0.70711,-0.00001,-1.50000,0.00000
71160000000,5.24995,6.67703,0.02073,0.70711,0.00000,0.00000,-0.70711,-0.00001,-1.50000,0.00000
71180000000,5.24995,6.64703,0.02073,0.70711,0.00000,0.00000,-0.70711,-0.00001,-1.50000,0.00000
71200000000,5.24995,6.61703,0.02073,0.70711,0.00000,0.00000,-0.70711,-0.00001,-1.50000,0.00000
71220000000,5.24995,6.58703,0.02073,0.70711,0.00000,0.00000,-0.70711,-0.00001,-1.50000,0.00000
71240000000,5.24995,6.55703,0.02073,0.70711,0.00000,0.00000,-0.70711,-0.00001,-1.50000,0.00000
71260000000,5.24995,6.52703,0.02073,0.70711,0.00000,0.00000,-0.70711,-0.00001,-1.50000,0.00000
71280000000,5.24995,6.49703,0.02073,0.70711,0.00000,0.00000,-0.70711,-0.00001,-1.50000,0.00000
71300000000,5.24995,6.46703,0.02073,0.70711,0.00000,0.00000,-0.70711,-0.00001,-1.50000,0.00000
71320000000,5.24995,6.43703,0.02073,0.70711,0.00000,0.00000,-0.70711,-0.00001,-1.50000,0.00000
71340000000,5.24995,6.40703,0.02073,0.70711,0.00000,0.00000,-0.70711,-0.00001,-1.50000,0.00000
71360000000,5.24995,6.37703,0.02073,0.70711,0.00000,0.00000,-0.70711,-0.00001,-1.50000,0.00000
71380000000,5.24995,6.34703,0.02073,0.70711,0.00000,0.00000,-0.70711,-0.00001,-1.50000,0.00000
71400000000,5.24995,6.31703,0.02073,0.70711,0.00000,0.00000,-0.70711,-0.00001,-1.50000,0.00000
71420000000,5.24995,6.28703,0.02073,0.70711,0.00000,0.00000,-0.70711,-0.00001,-1.50000,0.00000
71440000000,5.24995,6.25703,0.02073,0.70711,0.00000,0.00000,-0.70711,-0.00001,-1.50000,0.00000
71460000000,5.24995,6.22703,0.02073,0.70711,0.00000,0.00000,-0.70711,-0.00001,-1.50000,0.00000
71480000000,5.24995,6.19703,0.02073,0.70711,0.00000,0.00000,-0.70711,-0.00001,-1.50000,0.00000
71500000000,5.24995,6.16703,0.02073,0.70711,0.00000,0.00000,-0.70711,-0.00001,-1.50000,0.00000
71520000000,5.24995,6.13703,0.02073,0.70711,0.00000,0.00000,-0.70711,-0.00001,-1.50000,0.00000
71540000000,5.24995,6.10703,0.02073,0.70711,0.00000,0.00000,-0.70711,-0.00001,-1.50000,0.00000
71560000000,5.24995,6.07703,0.02073,0.70711,0.00000,0.00000,-0.70711,-0.00001,-1.50000,0.00000
71580000000,5.24995,6.04703,0.02073,0.70711,0.00000,0.00000,-0.70711,-0.00001,-1.50000,0.00000
71600000000,5.24995,6.01703,0.02073,0.70711,0.00000,0.00000,-0.70711,-0.00001,-1.50000,0.00000
71620000000,5.24995,5.98703,0.02073,0.70711,0.00000,0.00000,-0.70711,-0.00001,-1.50000,0.00000
71640000000,5.24995,5.95703,0.02073,0.70711,0.00000,0.00000,-0.70711,-0.00001,-1.50000,0.00000
71660000000,5.24995,5.92703,0.02073,0.70711,0.00000,0.00000,-0.70711,-0.00001,-1.50000,0.00000
71680000000,5.24995,5.89703,0.02073,0.70711,0.00000,0.00000,-0.70711,-0.00001,-1.50000,0.00000
71700000000,5.24995,5.86703,0.02073,0.70711,0.00000,0.00000,-0.70711,-0.00001,-1.50000,0.00000
71720000000,5.24995,5.83703,0.02073,0.70711,0.00000,0.00000,-0.70711,-0.00001,-1.50000,0.00000
71740000000,5.24995,5.80703,0.02073,0.70711,0.00000,0.00000,-0.70711,-0.00001,-1.50000,0.00000
71760000000,5.24995,5.77703,0.02073,0.70711,0.00000,0.00000,-0.70711,-0.00001,-1.50000,0.00000
71780000000,5.24995,5.74703,0.02073,0.70711,0.00000,0.00000,-0.70711,-0.00001,-1.50000,0.00000
71800000000,5.24995,5.71703,0.02073,0.70711,0.00000,0.00000,-0.70711,-0.00001,-1.50000,0.00000
71820000000,5.24995,5.68703,0.02073,0.70711,0.00000,0.00000,-0.70711,-0.00001,-1.50000,0.00000
71840000000,5.24995,5.65703,0.02073,0.70711,0.00000,0.00000,-0.70711,-0.00001,-1.50000,0.00000
71860000000,5.24995,5.62703,0.02073,0.70711,0.00000,0.00000,-0.70711,-0.00001,-1.50000,0.00000
71880000000,5.24995,5.59703,0.02073,0.70711,0.00000,0.00000,-0.70711,-0.00001,-1.50000,0.00000
71900000000,5.24995,5.56703,0.02073,0.70711,0.00000,0.00000,-0.70711,-0.00001,-1.50000,0.00000
71920000000,5.24995,5.53703,0.02073,0.70711,0.00000,0.00000,-0.70711,-0.00001,-1.50000,0.00000
71940000000,5.24995,5.50703,0.02073,0.70711,0.00000,0.00000,-0.70711,-0.00001,-1.50000,0.00000
71960000000,5.24995,5.47703,0.02073,0.70711,0.00000,0.00000,-0.70711,-0.00001,-1.50000,0.00000
71980000000,5.24995,5.44703,0.02073,0.70711,0.00000,0.00000,-0.70711,-0.00001,-1.50000,0.00000
72000000000,5.24995,5.41703,0.02073,0.70711,0.00000,0.00000,-0.70711,-0.00001,-1.50000,0.00000
72020000000,5.24995,5.38703,0.02073,0.70711,0.00000,0.00000,-0.70711,-0.00001,-1.50000,0.00000
72040000000,5.24995,5.35703,0.02073,0.70711,0.00000,0.00000,-0.70711,-0.00001,-1.50000,0.00000
72060000000,5.24995,5.32703,0.02073,0.70711,0.00000,0.00000,-0.70711,-0.00001,-1.50000,0.00000
72080000000,5.24995,5.29703,0.02073,0.70711,0.00000,0.00000,-0.70711,-0.00001,-1.50000,0.00000
72100000000,5.24995,5.26703,0.02073,0.70711,0.00000,0.00000,-0.70711,-0.00001,-1.50000,0.00000
72120000000,5.24995,5.23703,0.02073,0.70711,0.00000,0.00000,-0.70711,-0.00001,-1.50000,0.00000
72140000000,5.24995,5.20703,0.02073,0.70711,0.00000,0.00000,-0.70711,-0.00001,-1.50000,0.00000
72160000000,5.24995,5.17703,0.02073,0.70711,0.00000,0.00000,-0.70711,-0.00001,-1.50000,0.00000
72180000000,5.24995,5.14703,0.02073,0.70711,0.00000,0.00000,-0.70711,-0.00001,-1.50000,0.00000
72200000000,5.24995,5.11703,0.02073,0.70711,0.00000,0.00000,-0.70711,-0.00001,-1.50000,0.00000
72220000000,5.24995,5.08703,0.02073,0.70711,0.00000,0.00000,-0.70711,-0.00001,-1.50000,0.00000
72240000000,5.24995,5.05703,0.02073,0.70711,0.00000,0.00000,-0.70711,-0.00001,-1.50000,0.00000
72260000000,5.24995,5.02703,0.02073,0.70711,0.00000,0.00000,-0.70711,-0.00001,-1.50000,0.00000
72280000000,5.24994,4.99703,0.02073,0.70711,0.00000,0.00000,-0.70711,-0.00001,-1.50000,0.00000
72300000000,5.24994,4.96703,0.02073,0.70711,0.00000,0.00000,-0.70711,-0.00001,-1.50000,0.00000
72320000000,5.24994,4.93703,0.02073,0.70711,0.00000,0.00000,-0.70711,-0.00001,-1.50000,0.00000
72340000000,5.24994,4.90703,0.02073,0.70711,0.00000,0.00000,-0.70711,-0.00001,-1.50000,0.00000
72360000000,5.24994,4.87703,0.02073,0.70711,0.00000,0.00000,-0.70711,-0.00001,-1.50000,0.00000
72380000000,5.24994,4.84703,0.02073,0.70711,0.00000,0.00000,-0.70711,-0.00001,-1.50000,0.00000
72400000000,5.24994,4.81703,0.02073,0.70711,0.00000,0.00000,-0.70711,-0.00001,-1.50000,0.00000
72420000000,5.24994,4.78703,0.02073,0.70711,0.00000,0.00000,-0.70711,-0.00001,-1.50000,0.00000
72440000000,5.24994,4.75703,0.02073,0.70711,0.00000,0.00000,-0.70711,-0.00001,-1.50000,0.00000
72460000000,5.24994,4.72703,0.02073,0.70711,0.00000,0.00000,-0.70711,-0.00001,-1.50000,0.00000
72480000000,5.24994,4.69703,0.02073,0.70711,0.00000,0.00000,-0.70711,-0.00001,-1.50000,0.00000
72500000000,5.24994,4.66703,0.02073,0.70711,0.00000,0.00000,-0.70711,-0.00001,-1.50000,0.00000
72520000000,5.24994,4.63703,0.02073,0.70711,0.00000,0.00000,-0.70711,-0.00001,-1.50000,0.00000
72540000000,5.24994,4.60703,0.02073,0.70711,0.00000,0.00000,-0.70711,-0.00001,-1.50000,0.00000
72560000000,5.24994,4.57703,0.02073,0.70711,0.00000,0.00000,-0.70711,-0.00001,-1.50000,0.00000
72580000000,5.24994,4.54703,0.02073,0.70711,0.00000,0.00000,-0.70711,-0.00001,-1.50000,0.00000
72600000000,5.24994,4.51703,0.02073,0.70711,0.00000,0.00000,-0.70711,-0.00001,-1.50000,0.00000
72620000000,5.24994,4.48703,0.02073,0.70711,0.00000,0.00000,-0.70711,-0.00001,-1.50000,0.00000
72640000000,5.24994,4.45703,0.02073,0.70711,0.00000,0.00000,-0.70711,-0.00001,-1.50000,0.00000
72660000000,5.24994,4.42703,0.02073,0.70711,0.00000,0.00000,-0.70711,-0.00001,-1.50000,0.00000
72680000000,5.24994,4.39703,0.02073,0.70711,0.00000,0.00000,-0.70711,-0.00001,-1.50000,0.00000
72700000000,5.24994,4.36703,0.02073,0.70711,0.00000,0.00000,-0.70711,-0.00001,-1.50000,0.00000
72720000000,5.24994,4.33703,0.02073,0.70711,0.00000,0.00000,-0.70711,-0.00001,-1.50000,0.00000
72740000000,5.24994,4.30703,0.02073,0.70711,0.00000,0.00000,-0.70711,-0.00001,-1.50000,0.00000
72760000000,5.24994,4.27703,0.02073,0.70711,0.00000,0.00000,-0.70711,-0.00001,-1.50000,0.00000
72780000000,5.24994,4.24703,0.02073,0.70711,0.00000,0.00000,-0.70711,-0.00001,-1.50000,0.00000
72800000000,5.24994,4.21703,0.02073,0.70711,0.00000,0.00000,-0.70711,-0.00001,-1.50000,0.00000
72820000000,5.24994,4.18703,0.02073,0.70711,0.00000,0.00000,-0.70711,-0.00001,-1.50000,0.00000
72840000000,5.24994,4.15703,0.02073,0.70711,0.00000,0.00000,-0.70711,-0.00001,-1.50000,0.00000
72860000000,5.24994,4.12703,0.02073,0.70711,0.00000,0.00000,-0.70711,-0.00001,-1.50000,0.00000
72880000000,5.24994,4.09703,0.02073,0.70711,0.00000,0.00000,-0.70711,-0.00001,-1.50000,0.00000
72900000000,5.24994,4.06703,0.02073,0.70711,0.00000,0.00000,-0.70711,-0.00001,-1.50000,0.00000
72920000000,5.24994,4.03703,0.02073,0.70711,0.00000,0.00000,-0.70711,-0.00001,-1.50000,0.00000
72940000000,5.24994,4.00703,0.02073,0.70711,0.00000,0.00000,-0.70711,-0.00001,-1.50000,0.00000
72960000000,5.24994,3.97703,0.02072,0.70711,0.00000,0.00000,-0.70711,-0.00001,-1.50000,0.00000
72980000000,5.24994,3.94703,0.02072,0.70711,0.00000,0.00000,-0.70711,-0.00001,-1.50000,0.00000
73000000000,5.24994,3.91703,0.02072,0.70711,0.00000,0.00000,-0.70711,-0.00001,-1.50000,0.00000
73020000000,5.24994,3.88703,0.02072,0.70711,0.00000,0.00000,-0.70711,-0.00001,-1.50000,0.00000
73040000000,5.24994,3.85703,0.02072,0.70711,0.00000,0.00000,-0.70711,-0.00001,-1.50000,0.00000
73060000000,5.24994,3.82703,0.02072,0.70711,0.00000,0.00000,-0.70711,-0.00001,-1.50000,0.00000
73080000000,5.24994,3.79703,0.02072,0.70711,0.00000,0.00000,-0.70711,-0.00001,-1.50000,0.00000
73100000000,5.24994,3.76703,0.02072,0.70711,0.00000,0.00000,-0.70711,-0.00001,-1.50000,0.00000
73120000000,5.24994,3.73703,0.02072,0.70711,0.00000,0.00000,-0.70711,-0.00001,-1.50000,0.00000
73140000000,5.24994,3.70703,0.02072,0.70711,0.00000,0.00000,-0.70711,-0.00001,-1.50000,0.00000
73160000000,5.24994,3.67703,0.02072,0.70711,0.00000,0.00000,-0.70711,-0.00001,-1.50000,0.00000
73180000000,5.24994,3.64703,0.02072,0.70711,0.00000,0.00000,-0.70711,-0.00001,-1.50000,0.00000
73200000000,5.24994,3.61703,0.02072,0.70711,0.00000,0.00000,-0.70711,-0.00001,-1.50000,0.00000
73220000000,5.24994,3.58703,0.02072,0.70711,0.00000,0.00000,-0.70711,-0.00001,-1.50000,0.00000
73240000000,5.24994,3.55703,0.02072,0.70711,0.00000,0.00000,-0.70711,-0.00001,-1.50000,0.00000
73260000000,5.24994,3.52703,0.02072,0.70711,0.00000,0.00000,-0.70711,-0.00001,-1.50000,0.00000
73280000000,5.24994,3.49703,0.02072,0.70711,0.00000,0.00000,-0.70711,-0.00001,-1.50000,0.00000
73300000000,5.24994,3.46703,0.02072,0.70711,0.00000,0.00000,-0.70711,-0.00001,-1.50000,0.00000
73320000000,5.24994,3.43703,0.02072,0.70711,0.00000,0.00000,-0.70711,-0.00001,-1.50000,0.00000
73340000000,5.24994,3.40703,0.02072,0.70711,0.00000,0.00000,-0.70711,-0.00001,-1.50000,0.00000
73360000000,5.24994,3.37703,0.02072,0.70711,0.00000,0.00000,-0.70711,-0.00001,-1.50000,0.00000
73380000000,5.24994,3.34703,0.02072,0.70711,0.00000,0.00000,-0.70711,-0.00001,-1.50000,0.00000
73400000000,5.24994,3.31703,0.02072,0.70711,0.00000,0.00000,-0.70711,-0.00001,-1.50000,0.00000
73420000000,5.24994,3.28703,0.02072,0.70711,0.00000,0.00000,-0.70711,-0.00001,-1.50000,0.00000
73440000000,5.24994,3.25703,0.02072,0.70711,0.00000,0.00000,-0.70711,-0.00001,-1.50000,0.00000
73460000000,5.24994,3.22703,0.02072,0.70711,0.00000,0.00000,-0.70711,-0.00001,-1.50000,0.00000
73480000000,5.24994,3.19703,0.02072,0.70711,0.00000,0.00000,-0.70711,-0.00001,-1.50000,0.00000
73500000000,5.24994,3.16703,0.02072,0.70711,0.00000,0.00000,-0.70711,-0.00001,-1.50000,0.00000
73520000000,5.24994,3.13703,0.02072,0.70711,0.00000,0.00000,-0.70711,-0.00001,-1.50000,0.00000
73540000000,5.24994,3.10703,0.02072,0.70711,0.00000,0.00000,-0.70711,-0.00001,-1.50000,0.00000
73560000000,5.24994,3.07703,0.02072,0.70711,0.00000,0.00000,-0.70711,-0.00001,-1.50000,0.00000
73580000000,5.24994,3.04703,0.02072,0.70711,0.00000,0.00000,-0.70711,-0.00001,-1.50000,0.00000
73600000000,5.24994,3.01703,0.02072,0.70711,0.00000,0.00000,-0.70711,-0.00001,-1.50000,0.00000
73620000000,5.24994,2.98703,0.02072,0.70711,0.00000,0.00000,-0.70711,-0.00001,-1.50000,0.00000
73640000000,5.24994,2.95703,0.02072,0.70711,0.00000,0.00000,-0.70711,-0.00001,-1.50000,0.00000
73660000000,5.24994,2.92703,0.02072,0.70711,0.00000,0.00000,-0.70711,-0.00001,-1.50000,0.00000
73680000000,5.24994,2.89703,0.02072,0.70711,0.00000,0.00000,-0.70711,-0.00001,-1.50000,0.00000
73700000000,5.24994,2.86703,0.02072,0.70711,0.00000,0.00000,-0.70711,-0.00001,-1.50000,0.00000
73720000000,5.24994,2.83703,0.02072,0.70711,0.00000,0.00000,-0.70711,-0.00001,-1.50000,0.00000
73740000000,5.24994,2.80703,0.02072,0.70711,0.00000,0.00000,-0.70711,-0.00001,-1.50000,0.00000
73760000000,5.24994,2.77703,0.02072,0.70711,0.00000,0.00000,-0.70711,-0.00001,-1.50000,0.00000
73780000000,5.24994,2.74703,0.02072,0.70711,0.00000,0.00000,-0.70711,-0.00001,-1.50000,0.00000
73800000000,5.24994,2.71703,0.02072,0.70711,0.00000,0.00000,-0.70711,-0.00001,-1.50000,0.00000
73820000000,5.24994,2.68703,0.02072,0.70711,0.00000,0.00000,-0.70711,-0.00001,-1.50000,0.00000
73840000000,5.24994,2.65703,0.02072,0.70711,0.00000,0.00000,-0.70711,-0.00001,-1.50000,0.00000
73860000000,5.24994,2.62703,0.02072,0.70711,0.00000,0.00000,-0.70711,-0.00001,-1.50000,0.00000
73880000000,5.24994,2.59703,0.02072,0.70711,0.00000,0.00000,-0.70711,-0.00001,-1.50000,0.00000
73900000000,5.24994,2.56703,0.02072,0.70711,0.00000,0.00000,-0.70711,-0.00001,-1.50000,0.00000
73920000000,5.24994,2.53703,0.02072,0.70711,0.00000,0.00000,-0.70711,-0.00001,-1.50000,0.00000
73940000000,5.24994,2.50703,0.02072,0.70711,0.00000,0.00000,-0.70711,-0.00001,-1.50000,0.00000
73960000000,5.24994,2.47703,0.02072,0.70711,0.00000,0.00000,-0.70711,-0.00001,-1.50000,0.00000
73980000000,5.24994,2.44703,0.02072,0.70711,0.00000,0.00000,-0.70711,-0.00001,-1.50000,0.00000
74000000000,5.24994,2.41703,0.02072,0.70711,0.00000,0.00000,-0.70711,-0.00001,-1.50000,0.00000
74020000000,5.24994,2.38703,0.02072,0.70711,0.00000,0.00000,-0.70711,-0.00001,-1.50000,0.00000
74040000000,5.24994,2.35703,0.02072,0.70711,0.00000,0.00000,-0.70711,-0.00001,-1.50000,0.00000
74060000000,5.24994,2.32703,0.02072,0.70711,0.00000,0.00000,-0.70711,-0.00001,-1.50000,0.00000
74080000000,5.24994,2.29703,0.02072,0.70711,0.00000,0.00000,-0.70711,-0.00001,-1.50000,0.00000
74100000000,5.24993,2.26703,0.02072,0.70711,0.00000,0.00000,-0.70711,-0.00001,-1.50000,0.00000
74120000000,5.24993,2.23703,0.02072,0.70711,0.00000,0.00000,-0.70711,-0.00001,-1.50000,0.00000
74140000000,5.24993,2.20703,0.02072,0.70711,0.00000,0.00000,-0.70711,-0.00001,-1.50000,0.00000
74160000000,5.24993,2.17703,0.02072,0.70711,0.00000,0.00000,-0.70711,-0.00001,-1.50000,0.00000
74180000000,5.24993,2.14703,0.02072,0.70711,0.00000,0.00000,-0.70711,-0.00001,-1.50000,0.00000
74200000000,5.24993,2.11703,0.02072,0.70711,0.00000,0.00000,-0.70711,-0.00001,-1.50000,0.00000
74220000000,5.24993,2.08703,0.02072,0.70711,0.00000,0.00000,-0.70711,-0.00001,-1.50000,0.00000
74240000000,5.24993,2.05703,0.02072,0.70711,0.00000,0.00000,-0.70711,-0.00001,-1.50000,0.00000
74260000000,5.24993,2.02703,0.02072,0.70711,0.00000,0.00000,-0.70711,-0.00001,-1.50000,0.00000
74280000000,5.24993,1.99703,0.02072,0.70711,0.00000,0.00000,-0.70711,-0.00001,-1.50000,0.00000
74300000000,5.24993,1.96703,0.02072,0.70711,0.00000,0.00000,-0.70711,-0.00001,-1.50000,0.00000
74320000000,5.24993,1.93703,0.02072,0.70711,0.00000,0.00000,-0.70711,-0.00001,-1.50000,0.00000
74340000000,5.24993,1.90703,0.02072,0.70711,0.00000,0.00000,-0.70711,-0.00001,-1.50000,0.00000
74360000000,5.24993,1.87703,0.02072,0.70711,0.00000,0.00000,-0.70711,-0.00001,-1.50000,0.00000
74380000000,5.24993,1.84703,0.02072,0.70711,0.00000,0.00000,-0.70711,-0.00001,-1.50000,0.00000
74400000000,5.24993,1.81703,0.02072,0.70711,0.00000,0.00000,-0.70711,-0.00001,-1.50000,0.00000
74420000000,5.24993,1.78703,0.02072,0.70711,0.00000,0.00000,-0.70711,-0.00001,-1.50000,0.00000
74440000000,5.24993,1.75703,0.02072,0.70711,0.00000,0.00000,-0.70711,-0.00001,-1.50000,0.00000
74460000000,5.24993,1.72703,0.02072,0.70711,0.00000,0.00000,-0.70711,-0.00001,-1.50000,0.00000
74480000000,5.24993,1.69703,0.02072,0.70711,0.00000,0.00000,-0.70711,-0.00001,-1.50000,0.00000
74500000000,5.24993,1.66703,0.02072,0.70711,0.00000,0.00000,-0.70711,-0.00001,-1.50000,0.00000
74520000000,5.24993,1.63703,0.02072,0.70711,0.00000,0.00000,-0.70711,-0.00001,-1.50000,0.00000
74540000000,5.24993,1.60703,0.02072,0.70711,0.00000,0.00000,-0.70711,-0.00001,-1.50000,0.00000
74560000000,5.24993,1.57703,0.02072,0.70711,0.00000,0.00000,-0.70711,-0.00001,-1.50000,0.00000
74580000000,5.24993,1.54703,0.02072,0.70711,0.00000,0.00000,-0.70711,-0.00001,-1.50000,0.00000
74600000000,5.24993,1.51703,0.02072,0.70711,0.00000,0.00000,-0.70711,-0.00001,-1.50000,0.00000
74620000000,5.24993,1.48703,0.02072,0.70711,0.00000,0.00000,-0.70711,-0.00001,-1.50000,0.00000
74640000000,5.24993,1.45703,0.02072,0.70711,0.00000,0.00000,-0.70711,-0.00001,-1.50000,0.00000
74660000000,5.24993,1.42703,0.02072,0.70711,0.00000,0.00000,-0.70711,-0.00001,-1.50000,0.00000
74680000000,5.24993,1.39703,0.02072,0.70711,0.00000,0.00000,-0.70711,-0.00001,-1.50000,0.00000
74700000000,5.24993,1.36703,0.02072,0.70711,0.00000,0.00000,-0.70711,-0.00001,-1.50000,0.00000
74720000000,5.24993,1.33703,0.02072,0.70711,0.00000,0.00000,-0.70711,-0.00001,-1.50000,0.00000
74740000000,5.24993,1.30703,0.02072,0.70711,0.00000,0.00000,-0.70711,-0.00001,-1.50000,0.00000
74760000000,5.24993,1.27703,0.02072,0.70711,0.00000,0.00000,-0.70711,-0.00001,-1.50000,0.00000
74780000000,5.24993,1.24703,0.02072,0.70711,0.00000,0.00000,-0.70711,-0.00001,-1.50000,0.00000
74800000000,5.24993,1.21703,0.02072,0.70711,0.00000,0.00000,-0.70711,-0.00001,-1.50000,0.00000
74820000000,5.24993,1.18703,0.02072,0.70711,0.00000,0.00000,-0.70711,-0.00001,-1.50000,0.00000
74840000000,5.24993,1.15703,0.02072,0.70711,0.00000,0.00000,-0.70711,-0.00001,-1.50000,0.00000
74860000000,5.24993,1.12703,0.02072,0.70711,0.00000,0.00000,-0.70711,-0.00001,-1.50000,0.00000
74880000000,5.24993,1.09703,0.02072,0.70711,0.00000,0.00000,-0.70711,-0.00001,-1.50000,0.00000
74900000000,5.24993,1.06703,0.02072,0.70711,0.00000,0.00000,-0.70711,-0.00001,-1.50000,0.00000
74920000000,5.24993,1.03703,0.02072,0.70711,0.00000,0.00000,-0.70711,-0.00001,-1.50000,0.00000
74940000000,5.24993,1.00703,0.02072,0.70711,0.00000,0.00000,-0.70711,-0.00001,-1.50000,0.00000
74960000000,5.24993,0.97703,0.02072,0.70711,0.00000,0.00000,-0.70711,-0.00001,-1.50000,0.00000
74980000000,5.24993,0.94703,0.02072,0.70711,0.00000,0.00000,-0.70711,-0.00001,-1.50000,0.00000
75000000000,5.24993,0.91703,0.02072,0.70711,0.00000,0.00000,-0.70711,-0.00001,-1.50000,0.00000
75020000000,5.24993,0.88703,0.02072,0.70711,0.00000,0.00000,-0.70711,-0.00001,-1.50000,0.00000
75040000000,5.24993,0.85703,0.02072,0.70711,0.00000,0.00000,-0.70711,-0.00001,-1.50000,0.00000
75060000000,5.24993,0.82703,0.02072,0.70711,0.00000,0.00000,-0.70711,-0.00001,-1.50000,0.00000
75080000000,5.24993,0.79703,0.02072,0.70711,0.00000,0.00000,-0.70711,-0.00001,-1.50000,0.00000
75100000000,5.24993,0.76703,0.02072,0.70711,0.00000,0.00000,-0.70711,-0.00001,-1.50000,0.00000
75120000000,5.24993,0.73703,0.02072,0.70711,0.00000,0.00000,-0.70711,-0.00001,-1.50000,0.00000
75140000000,5.24993,0.70703,0.02072,0.70711,0.00000,0.00000,-0.70711,-0.00001,-1.50000,0.00000
75160000000,5.24993,0.67703,0.02072,0.70711,0.00000,0.00000,-0.70711,-0.00001,-1.50000,0.00000
75180000000,5.24993,0.64703,0.02072,0.70711,0.00000,0.00000,-0.70711,-0.00001,-1.50000,0.00000
75200000000,5.24993,0.61703,0.02072,0.70711,0.00000,0.00000,-0.70711,-0.00001,-1.50000,0.00000
75220000000,5.24993,0.58703,0.02072,0.70711,0.00000,0.00000,-0.70711,-0.00001,-1.50000,0.00000
75240000000,5.24993,0.55703,0.02072,0.70711,0.00000,0.00000,-0.70711,-0.00001,-1.50000,0.00000
75260000000,5.24993,0.52703,0.02072,0.70711,0.00000,0.00000,-0.70711,-0.00001,-1.50000,0.00000
75280000000,5.24993,0.49703,0.02072,0.70711,0.00000,0.00000,-0.70711,-0.00001,-1.50000,0.00000
75300000000,5.24993,0.46704,0.02072,0.70711,0.00000,0.00000,-0.70711,-0.00001,-1.49906,0.00000
75320000000,5.24993,0.43724,0.02072,0.70710,0.00000,0.00000,-0.70711,-0.00002,-1.48719,0.00000
75340000000,5.24992,0.40761,0.02072,0.70709,0.00000,0.00000,-0.70712,-0.00007,-1.48061,0.00000
75360000000,5.24990,0.37819,0.02072,0.70706,0.00000,0.00000,-0.70715,-0.00018,-1.46749,0.00000
75380000000,5.24986,0.34904,0.02072,0.70701,0.00000,0.00000,-0.70720,-0.00039,-1.45398,0.00000
75400000000,5.24981,0.32017,0.02072,0.70693,0.00000,0.00000,-0.70728,-0.00070,-1.44053,0.00000
75420000000,5.24972,0.29156,0.02072,0.70682,0.00000,0.00000,-0.70739,-0.00115,-1.42713,0.00000
75440000000,5.24961,0.26321,0.02072,0.70667,0.00000,0.00000,-0.70754,-0.00174,-1.41380,0.00000
75460000000,5.24945,0.23514,0.02072,0.70648,0.00000,0.00000,-0.70773,-0.00249,-1.40056,0.00000
75480000000,5.24926,0.20732,0.02072,0.70624,0.00000,0.00000,-0.70797,-0.00340,-1.38739,0.00000
75500000000,5.24901,0.17977,0.02072,0.70595,0.00000,0.00000,-0.70826,-0.00451,-1.37434,0.00000
75520000000,5.24871,0.15248,0.02072,0.70560,0.00000,0.00000,-0.70861,-0.00581,-1.36139,0.00000
75540000000,5.24835,0.12545,0.02072,0.70519,0.00000,0.00000,-0.70902,-0.00732,-1.34857,0.00000
75560000000,5.24792,0.09867,0.02072,0.70471,0.00000,0.00000,-0.70950,-0.00905,-1.33589,0.00000
75580000000,5.24741,0.07214,0.02072,0.70416,0.00000,0.00000,-0.71004,-0.01102,-1.32337,0.00000
75600000000,5.24683,0.04586,0.02072,0.70353,0.00000,0.00000,-0.71066,-0.01322,-1.31102,0.00000
75620000000,5.24616,0.01983,0.02072,0.70283,0.00000,0.00000,-0.71136,-0.01567,-1.29884,0.00000
75640000000,5.24539,-0.00596,0.02072,0.70204,0.00000,0.00000,-0.71214,-0.01839,-1.28687,0.00000
75660000000,5.24453,-0.03152,0.02072,0.70116,0.00000,0.00000,-0.71300,-0.02136,-1.27511,0.00000
75680000000,5.24356,-0.05684,0.02072,0.70018,0.00000,0.00000,-0.71396,-0.02462,-1.26358,0.00000
75700000000,5.24248,-0.08193,0.02072,0.69911,0.00000,0.00000,-0.71501,-0.02817,-1.25229,0.00000
75720000000,5.24129,-0.10680,0.02072,0.69794,0.00000,0.00000,-0.71616,-0.03200,-1.24127,0.00000
75740000000,5.23996,-0.13144,0.02072,0.69666,0.00000,0.00000,-0.71741,-0.03612,-1.23052,0.00000
75760000000,5.23851,-0.15587,0.02072,0.69526,0.00000,0.00000,-0.71876,-0.04056,-1.22005,0.00000
75780000000,5.23693,-0.18010,0.02072,0.69375,0.00000,0.00000,-0.72022,-0.04532,-1.20991,0.00000
75800000000,5.23519,-0.20412,0.02072,0.69212,0.00000,0.00000,-0.72178,-0.05037,-1.20011,0.00000
75820000000,5.23330,-0.22794,0.02072,0.69039,0.00000,0.00000,-0.72344,-0.05569,-1.19067,0.00000
75840000000,5.23123,-0.25158,0.02072,0.68858,0.00000,0.00000,-0.72516,-0.06118,-1.18170,0.00000
75860000000,5.22899,-0.27503,0.02072,0.68671,0.00000,0.00000,-0.72693,-0.06681,-1.17314,0.00000
75880000000,5.22659,-0.29831,0.02072,0.68479,0.00000,0.00000,-0.72874,-0.07250,-1.16498,0.00000
75900000000,5.22403,-0.32143,0.02072,0.68286,0.00000,0.00000,-0.73055,-0.07819,-1.15726,0.00000
75920000000,5.22130,-0.34447,0.02072,0.68090,0.00000,0.00000,-0.73238,-0.08446,-1.15795,0.00000
75940000000,5.21836,-0.36785,0.02072,0.67888,0.00000,0.00000,-0.73425,-0.09272,-1.18122,0.00000
75960000000,5.21519,-0.39190,0.02072,0.67675,0.00000,0.00000,-0.73621,-0.10255,-1.21635,0.00000
75980000000,5.21180,-0.41643,0.02072,0.67456,0.00000,0.00000,-0.73822,-0.11200,-1.24024,0.00000
76000000000,5.20815,-0.44165,0.02072,0.67228,0.00000,0.00000,-0.74030,-0.12289,-1.27316,0.00000
76020000000,5.20433,-0.46730,0.02072,0.67006,0.00000,0.00000,-0.74231,-0.13292,-1.29563,0.00000
76040000000,5.20042,-0.49316,0.02072,0.66800,0.00000,0.00000,-0.74416,-0.14069,-1.30044,0.00000
76060000000,5.19632,-0.51918,0.02072,0.66598,0.00000,0.00000,-0.74597,-0.14887,-1.30969,0.00000
76080000000,5.19205,-0.54529,0.02072,0.66400,0.00000,0.00000,-0.74773,-0.15630,-1.31307,0.00000
76100000000,5.18763,-0.57145,0.02072,0.66209,0.00000,0.00000,-0.74943,-0.16352,-1.31629,0.00000
76120000000,5.18304,-0.59789,0.02072,0.66018,0.00000,0.00000,-0.75110,-0.17306,-1.33757,0.00000
76140000000,5.17830,-0.62456,0.02072,0.65824,0.00000,0.00000,-0.75280,-0.18062,-1.34158,0.00000
76160000000,5.17347,-0.65127,0.02072,0.65623,0.00000,0.00000,-0.75456,-0.18821,-1.34359,0.00000
76180000000,5.16853,-0.67783,0.02072,0.65420,0.00000,0.00000,-0.75632,-0.19328,-1.32770,0.00000
76200000000,5.16352,-0.70405,0.02072,0.65218,0.00000,0.00000,-0.75806,-0.19854,-1.31475,0.00000
76220000000,5.15840,-0.72964,0.02072,0.65006,0.00000,0.00000,-0.75988,-0.20087,-1.28167,0.00000
76240000000,5.15316,-0.75496,0.02072,0.64785,0.00000,0.00000,-0.76177,-0.20675,-1.27084,0.00000
76260000000,5.14782,-0.78007,0.02072,0.64560,0.00000,0.00000,-0.76367,-0.21272,-1.26062,0.00000
76280000000,5.14237,-0.80500,0.02072,0.64333,0.00000,0.00000,-0.76559,-0.21905,-1.25259,0.00000
76300000000,5.13687,-0.82962,0.02072,0.64099,0.00000,0.00000,-0.76755,-0.22395,-1.23622,0.00000
76320000000,5.13124,-0.85406,0.02072,0.63862,0.00000,0.00000,-0.76952,-0.23040,-1.22851,0.00000
76340000000,5.12556,-0.87817,0.02072,0.63619,0.00000,0.00000,-0.77154,-0.23509,-1.21124,0.00000
76360000000,5.11975,-0.90210,0.02072,0.63370,0.00000,0.00000,-0.77358,-0.24128,-1.20165,0.00000
76380000000,5.11388,-0.92567,0.02072,0.63114,0.00000,0.00000,-0.77567,-0.24603,-1.18473,0.00000
76400000000,5.10785,-0.94914,0.02072,0.62853,0.00000,0.00000,-0.77779,-0.25409,-1.18357,0.00000
76420000000,5.10162,-0.97258,0.02072,0.62589,0.00000,0.00000,-0.77991,-0.26238,-1.18298,0.00000
76440000000,5.09518,-0.99600,0.02072,0.62318,0.00000,0.00000,-0.78208,-0.27095,-1.18283,0.00000
76460000000,5.08854,-1.01940,0.02072,0.62042,0.00000,0.00000,-0.78427,-0.27982,-1.18310,0.00000
76480000000,5.08167,-1.04280,0.02072,0.61759,0.00000,0.00000,-0.78650,-0.28903,-1.18395,0.00000
76500000000,5.07453,-1.06620,0.02072,0.61477,0.00000,0.00000,-0.78871,-0.29846,-1.18565,0.00000
76520000000,5.06712,-1.08962,0.02072,0.61200,0.00000,0.00000,-0.79086,-0.30800,-1.18821,0.00000
76540000000,5.05938,-1.11328,0.02072,0.60921,0.00000,0.00000,-0.79301,-0.32175,-1.20629,0.00000
76560000000,5.05130,-1.13732,0.02072,0.60635,0.00000,0.00000,-0.79520,-0.33778,-1.23064,0.00000
76580000000,5.04282,-1.16197,0.02072,0.60338,0.00000,0.00000,-0.79746,-0.35544,-1.25816,0.00000
76600000000,5.03404,-1.18699,0.02072,0.60043,0.00000,0.00000,-0.79968,-0.37153,-1.27889,0.00000
76620000000,5.02505,-1.21218,0.02072,0.59766,0.00000,0.00000,-0.80175,-0.38243,-1.28321,0.00000
76640000000,5.01581,-1.23740,0.02072,0.59499,0.00000,0.00000,-0.80373,-0.39205,-1.28423,0.00000
76660000000,5.00627,-1.26279,0.02072,0.59243,0.00000,0.00000,-0.80563,-0.40430,-1.29476,0.00000
76680000000,4.99657,-1.28810,0.02072,0.58994,0.00000,0.00000,-0.80744,-0.41090,-1.28800,0.00000
76700000000,4.98678,-1.31328,0.02072,0.58748,0.00000,0.00000,-0.80924,-0.41727,-1.28090,0.00000
76720000000,4.97692,-1.33832,0.02072,0.58501,0.00000,0.00000,-0.81102,-0.42334,-1.27320,0.00000
76740000000,4.96703,-1.36321,0.02072,0.58244,0.00000,0.00000,-0.81287,-0.42948,-1.26486,0.00000
76760000000,4.95708,-1.38794,0.02072,0.57984,0.00000,0.00000,-0.81473,-0.43532,-1.25556,0.00000
76780000000,4.94706,-1.41245,0.02072,0.57722,0.00000,0.00000,-0.81659,-0.44005,-1.24338,0.00000
76800000000,4.93714,-1.43632,0.02072,0.57467,0.00000,0.00000,-0.81839,-0.43493,-1.20495,0.00000
76820000000,4.92722,-1.45978,0.02072,0.57217,0.00000,0.00000,-0.82014,-0.43772,-1.18987,0.00000
76840000000,4.91736,-1.48263,0.02072,0.56962,0.00000,0.00000,-0.82191,-0.43365,-1.15663,0.00000
76860000000,4.90745,-1.50513,0.02072,0.56696,0.00000,0.00000,-0.82374,-0.43674,-1.14234,0.00000
76880000000,4.89752,-1.52735,0.02072,0.56424,0.00000,0.00000,-0.82561,-0.43983,-1.12807,0.00000
76900000000,4.88758,-1.54930,0.02072,0.56147,0.00000,0.00000,-0.82750,-0.44272,-1.11333,0.00000
76920000000,4.87763,-1.57096,0.02072,0.55863,0.00000,0.00000,-0.82942,-0.44549,-1.09833,0.00000
76940000000,4.86764,-1.59236,0.02072,0.55573,0.00000,0.00000,-0.83136,-0.44866,-1.08435,0.00000
76960000000,4.85768,-1.61337,0.02072,0.55275,0.00000,0.00000,-0.83335,-0.45071,-1.06760,0.00000
76980000000,4.84767,-1.63414,0.02072,0.54971,0.00000,0.00000,-0.83536,-0.45325,-1.05215,0.00000
77000000000,4.83769,-1.65454,0.02072,0.54659,0.00000,0.00000,-0.83740,-0.45522,-1.03536,0.00000
77020000000,4.82764,-1.67468,0.02072,0.54339,0.00000,0.00000,-0.83948,-0.45785,-1.02018,0.00000
77040000000,4.81763,-1.69442,0.02072,0.54011,0.00000,0.00000,-0.84159,-0.45914,-1.00205,0.00000
77060000000,4.80746,-1.71404,0.02072,0.53678,0.00000,0.00000,-0.84372,-0.46844,-1.00133,0.00000
77080000000,4.79699,-1.73378,0.02072,0.53333,0.00000,0.00000,-0.84591,-0.48262,-1.01009,0.00000
77100000000,4.78624,-1.75369,0.02072,0.52969,0.00000,0.00000,-0.84819,-0.49778,-1.01917,0.00000
77120000000,4.77515,-1.77377,0.02072,0.52588,0.00000,0.00000,-0.85056,-0.51375,-1.02842,0.00000
77140000000,4.76373,-1.79403,0.02072,0.52185,0.00000,0.00000,-0.85304,-0.53085,-1.03796,0.00000
77160000000,4.75196,-1.81447,0.02072,0.51758,0.00000,0.00000,-0.85563,-0.54904,-1.04757,0.00000
77180000000,4.73979,-1.83509,0.02072,0.51310,0.00000,0.00000,-0.85833,-0.56840,-1.05746,0.00000
77200000000,4.72723,-1.85591,0.02072,0.50832,0.00000,0.00000,-0.86117,-0.58908,-1.06730,0.00000
77220000000,4.71425,-1.87689,0.02072,0.50324,0.00000,0.00000,-0.86415,-0.61076,-1.07639,0.00000
77240000000,4.70087,-1.89794,0.02072,-0.49791,-0.00000,-0.00000,0.86723,-0.62885,-1.07716,0.00000
77260000000,4.68697,-1.91896,0.02072,-0.49256,-0.00000,-0.00000,0.87028,-0.65006,-1.08265,0.00000
77280000000,4.67276,-1.93967,0.02072,-0.48727,-0.00000,-0.00000,0.87325,-0.65419,-1.06015,0.00000
77300000000,4.65845,-1.95982,0.02072,-0.48210,-0.00000,-0.00000,0.87612,-0.65621,-1.03584,0.00000
77320000000,4.64404,-1.97944,0.02072,-0.47706,-0.00000,-0.00000,0.87887,-0.65872,-1.01386,0.00000
77340000000,4.62965,-1.99842,0.02072,-0.47219,-0.00000,-0.00000,0.88150,-0.65538,-0.98468,0.00000
77360000000,4.61497,-2.01716,0.02072,-0.46744,-0.00000,-0.00000,0.88402,-0.67086,-0.98480,0.00000
77380000000,4.59989,-2.03581,0.02072,-0.46279,-0.00000,-0.00000,0.88647,-0.68582,-0.98438,0.00000
77400000000,4.58429,-2.05451,0.02072,-0.45823,-0.00000,-0.00000,0.88883,-0.70583,-0.99124,0.00000
77420000000,4.56835,-2.07316,0.02072,-0.45383,-0.00000,-0.00000,0.89109,-0.72292,-0.99426,0.00000
77440000000,4.55203,-2.09196,0.02072,-0.44968,-0.00000,-0.00000,0.89319,-0.74093,-0.99936,0.00000
77460000000,4.53540,-2.11065,0.02072,-0.44570,-0.00000,-0.00000,0.89518,-0.75316,-0.99715,0.00000
77480000000,4.51853,-2.12932,0.02072,-0.44167,-0.00000,-0.00000,0.89718,-0.76230,-0.99063,0.00000
77500000000,4.50177,-2.14763,0.02072,-0.43757,-0.00000,-0.00000,0.89918,-0.76044,-0.96975,0.00000
77520000000,4.48504,-2.16560,0.02072,-0.43344,-0.00000,-0.00000,0.90118,-0.76121,-0.95262,0.00000
77540000000,4.46841,-2.18305,0.02072,-0.42911,-0.00000,-0.00000,0.90325,-0.75606,-0.92775,0.00000
77560000000,4.45180,-2.20017,0.02072,-0.42470,-0.00000,-0.00000,0.90533,-0.75557,-0.90891,0.00000
77580000000,4.43526,-2.21695,0.02072,-0.42024,-0.00000,-0.00000,0.90741,-0.75551,-0.89084,0.00000
77600000000,4.41881,-2.23338,0.02072,-0.41571,-0.00000,-0.00000,0.90950,-0.75408,-0.87142,0.00000
77620000000,4.40244,-2.24946,0.02072,-0.41113,-0.00000,-0.00000,0.91158,-0.75316,-0.85285,0.00000
77640000000,4.38615,-2.26519,0.02072,-0.40649,-0.00000,-0.00000,0.91366,-0.75316,-0.83554,0.00000
77660000000,4.37009,-2.28047,0.02072,-0.40176,-0.00000,-0.00000,0.91575,-0.74615,-0.81076,0.00000
77680000000,4.35411,-2.29539,0.02072,-0.39697,-0.00000,-0.00000,0.91783,-0.74324,-0.79086,0.00000
77700000000,4.33816,-2.30999,0.02072,-0.39212,-0.00000,-0.00000,0.91991,-0.74259,-0.77365,0.00000
77720000000,4.32240,-2.32417,0.02072,-0.38720,-0.00000,-0.00000,0.92199,-0.73632,-0.75088,0.00000
77740000000,4.30667,-2.33802,0.02072,-0.38222,-0.00000,-0.00000,0.92407,-0.73624,-0.73478,0.00000
77760000000,4.29115,-2.35144,0.02072,-0.37717,-0.00000,-0.00000,0.92614,-0.72793,-0.71079,0.00000
77780000000,4.27563,-2.36455,0.02072,-0.37207,-0.00000,-0.00000,0.92821,-0.73092,-0.69815,0.00000
77800000000,4.26032,-2.37723,0.02072,-0.36689,-0.00000,-0.00000,0.93027,-0.71983,-0.67237,0.00000
77820000000,4.24507,-2.38956,0.02072,-0.36164,-0.00000,-0.00000,0.93232,-0.71998,-0.65748,0.00000
77840000000,4.23006,-2.40143,0.02072,-0.35632,-0.00000,-0.00000,0.93436,-0.70733,-0.63129,0.00000
77860000000,4.21524,-2.41289,0.02072,-0.35093,-0.00000,-0.00000,0.93640,-0.70033,-0.61069,0.00000
77880000000,4.20048,-2.42401,0.02072,-0.34548,-0.00000,-0.00000,0.93843,-0.69696,-0.59363,0.00000
77900000000,4.18565,-2.43491,0.02072,-0.33990,-0.00000,-0.00000,0.94046,-0.70957,-0.58997,0.00000
77920000000,4.17058,-2.44567,0.02072,-0.33415,-0.00000,-0.00000,0.94252,-0.71925,-0.58331,0.00000
77940000000,4.15496,-2.45639,0.02072,-0.32845,-0.00000,-0.00000,0.94452,-0.74591,-0.59013,0.00000
77960000000,4.13894,-2.46696,0.02072,-0.32280,-0.00000,-0.00000,0.94647,-0.75907,-0.58594,0.00000
77980000000,4.12237,-2.47744,0.02072,-0.31719,-0.00000,-0.00000,0.94836,-0.78542,-0.59154,0.00000
78000000000,4.10520,-2.48784,0.02072,-0.31162,-0.00000,-0.00000,0.95021,-0.80845,-0.59417,0.00000
78020000000,4.08758,-2.49809,0.02072,-0.30615,-0.00000,-0.00000,0.95198,-0.82974,-0.59523,0.00000
78040000000,4.06948,-2.50821,0.02072,-0.30075,-0.00000,-0.00000,0.95370,-0.85029,-0.59550,0.00000
78060000000,4.05095,-2.51825,0.02072,-0.29547,-0.00000,-0.00000,0.95535,-0.87015,-0.59517,0.00000
78080000000,4.03204,-2.52827,0.02072,-0.29040,-0.00000,-0.00000,0.95690,-0.88859,-0.59405,0.00000
78100000000,4.01264,-2.53822,0.02072,-0.28546,-0.00000,-0.00000,0.95839,-0.91162,-0.59594,0.00000
78120000000,3.99276,-2.54809,0.02072,-0.28067,-0.00000,-0.00000,0.95981,-0.93295,-0.59664,0.00000
78140000000,3.97244,-2.55788,0.02072,-0.27601,-0.00000,-0.00000,0.96115,-0.95228,-0.59608,0.00000
78160000000,3.95161,-2.56764,0.02072,-0.27144,-0.00000,-0.00000,0.96246,-0.97987,-0.60046,0.00000
78180000000,3.93029,-2.57734,0.02072,-0.26706,-0.00000,-0.00000,0.96368,-1.00142,-0.60122,0.00000
78200000000,3.90855,-2.58697,0.02072,-0.26287,-0.00000,-0.00000,0.96483,-1.02007,-0.60042,0.00000
78220000000,3.88631,-2.59660,0.02072,-0.25878,-0.00000,-0.00000,0.96594,-1.04748,-0.60464,0.00000
78240000000,3.86377,-2.60618,0.02072,-0.25472,-0.00000,-0.00000,0.96701,-1.05996,-0.60005,0.00000
78260000000,3.84089,-2.61579,0.02072,-0.25053,-0.00000,-0.00000,0.96811,-1.08270,-0.60058,0.00000
78280000000,3.81779,-2.62533,0.02072,-0.24625,-0.00000,-0.00000,0.96921,-1.09330,-0.59390,0.00000
78300000000,3.79433,-2.63488,0.02072,-0.24181,-0.00000,-0.00000,0.97032,-1.11618,-0.59316,0.00000
78320000000,3.77068,-2.64433,0.02072,-0.23730,-0.00000,-0.00000,0.97144,-1.12566,-0.58484,0.00000
78340000000,3.74663,-2.65376,0.02072,-0.23260,-0.00000,-0.00000,0.97257,-1.14942,-0.58316,0.00000
78360000000,3.72266,-2.66298,0.02072,-0.22780,-0.00000,-0.00000,0.97371,-1.13893,-0.56377,0.00000
78380000000,3.69893,-2.67189,0.02072,-0.22298,-0.00000,-0.00000,0.97482,-1.13019,-0.54558,0.00000
78400000000,3.67563,-2.68046,0.02072,-0.21812,-0.00000,-0.00000,0.97592,-1.11269,-0.52352,0.00000
78420000000,3.65251,-2.68870,0.02072,-0.21332,-0.00000,-0.00000,0.97698,-1.10624,-0.50727,0.00000
78440000000,3.62938,-2.69666,0.02072,-0.20871,-0.00000,-0.00000,0.97798,-1.11011,-0.49642,0.00000
78460000000,3.60651,-2.70425,0.02072,-0.20432,-0.00000,-0.00000,0.97890,-1.09631,-0.47850,0.00000
78480000000,3.58363,-2.71160,0.02072,-0.20014,-0.00000,-0.00000,0.97977,-1.09650,-0.46748,0.00000
78500000000,3.56066,-2.71874,0.02072,-0.19613,-0.00000,-0.00000,0.98058,-1.11010,-0.46257,0.00000
78520000000,3.53724,-2.72578,0.02072,-0.19227,-0.00000,-0.00000,0.98134,-1.13077,-0.46077,0.00000
78540000000,3.51338,-2.73277,0.02072,-0.18850,-0.00000,-0.00000,0.98207,-1.15430,-0.46007,0.00000
78560000000,3.48906,-2.73968,0.02072,-0.18492,-0.00000,-0.00000,0.98275,-1.17712,-0.45925,0.00000
78580000000,3.46429,-2.74657,0.02072,-0.18137,-0.00000,-0.00000,0.98341,-1.19979,-0.45814,0.00000
78600000000,3.43909,-2.75344,0.02072,-0.17783,-0.00000,-0.00000,0.98406,-1.22268,-0.45682,0.00000
78620000000,3.41360,-2.76026,0.02072,-0.17431,-0.00000,-0.00000,0.98469,-1.23809,-0.45252,0.00000
78640000000,3.38776,-2.76703,0.02072,-0.17081,-0.00000,-0.00000,0.98530,-1.25746,-0.44949,0.00000
78660000000,3.36155,-2.77376,0.02072,-0.16732,-0.00000,-0.00000,0.98590,-1.27647,-0.44612,0.00000
78680000000,3.33512,-2.78040,0.02072,-0.16386,-0.00000,-0.00000,0.98648,-1.28797,-0.44003,0.00000
78700000000,3.30837,-2.78699,0.02072,-0.16042,-0.00000,-0.00000,0.98705,-1.30551,-0.43588,0.00000
78720000000,3.28133,-2.79350,0.02072,-0.15701,-0.00000,-0.00000,0.98760,-1.31935,-0.43039,0.00000
78740000000,3.25394,-2.79996,0.02072,-0.15359,-0.00000,-0.00000,0.98813,-1.34119,-0.42725,0.00000
78760000000,3.22623,-2.80634,0.02072,-0.15021,-0.00000,-0.00000,0.98865,-1.35517,-0.42153,0.00000
78780000000,3.19817,-2.81267,0.02072,-0.14682,-0.00000,-0.00000,0.98916,-1.37716,-0.41803,0.00000
78800000000,3.16979,-2.81890,0.02072,-0.14348,-0.00000,-0.00000,0.98965,-1.39186,-0.41223,0.00000
78820000000,3.14112,-2.82506,0.02072,-0.14016,-0.00000,-0.00000,0.99013,-1.40652,-0.40633,0.00000
78840000000,3.11211,-2.83114,0.02072,-0.13681,-0.00000,-0.00000,0.99060,-1.42794,-0.40210,0.00000
78860000000,3.08268,-2.83716,0.02072,-0.13350,-0.00000,-0.00000,0.99105,-1.44924,-0.39766,0.00000
78880000000,3.05290,-2.84308,0.02072,-0.13022,-0.00000,-0.00000,0.99149,-1.46808,-0.39239,0.00000
78900000000,3.02285,-2.84890,0.02072,-0.12696,-0.00000,-0.00000,0.99191,-1.48185,-0.38565,0.00000
78920000000,2.99255,-2.85461,0.02072,-0.12374,-0.00000,-0.00000,0.99231,-1.49254,-0.37811,0.00000
78940000000,2.96203,-2.86021,0.02072,-0.12055,-0.00000,-0.00000,0.99271,-1.50387,-0.37073,0.00000
78960000000,2.93150,-2.86566,0.02072,-0.11742,-0.00000,-0.00000,0.99308,-1.50408,-0.36071,0.00000
78980000000,2.90112,-2.87095,0.02072,-0.11424,-0.00000,-0.00000,0.99345,-1.49652,-0.34881,0.00000
79000000000,2.87085,-2.87610,0.02072,-0.11105,-0.00000,-0.00000,0.99381,-1.49358,-0.33801,0.00000
79020000000,2.84074,-2.88108,0.02072,-0.10781,-0.00000,-0.00000,0.99417,-1.48577,-0.32608,0.00000
79040000000,2.81073,-2.88590,0.02072,-0.10454,-0.00000,-0.00000,0.99452,-1.48319,-0.31530,0.00000
79060000000,2.78087,-2.89054,0.02072,-0.10122,-0.00000,-0.00000,0.99486,-1.47536,-0.30335,0.00000
79080000000,2.75110,-2.89499,0.02072,-0.09786,-0.00000,-0.00000,0.99520,-1.47395,-0.29271,0.00000
79100000000,2.72146,-2.89926,0.02072,-0.09445,-0.00000,-0.00000,0.99553,-1.46617,-0.28074,0.00000
79120000000,2.69193,-2.90323,0.02072,-0.09079,-0.00000,-0.00000,0.99587,-1.46286,-0.26895,0.00000
79140000000,2.66238,-2.90692,0.02072,-0.08695,-0.00000,-0.00000,0.99621,-1.46505,-0.25771,0.00000
79160000000,2.63273,-2.91052,0.02072,-0.08348,-0.00000,-0.00000,0.99651,-1.47279,-0.24849,0.00000
79180000000,2.60285,-2.91393,0.02072,-0.08009,-0.00000,-0.00000,0.99679,-1.48506,-0.24020,0.00000
79200000000,2.57274,-2.91714,0.02072,-0.07678,-0.00000,-0.00000,0.99705,-1.49726,-0.23198,0.00000
79220000000,2.54238,-2.92016,0.02072,-0.07355,-0.00000,-0.00000,0.99729,-1.50937,-0.22386,0.00000
79240000000,2.51200,-2.92299,0.02072,-0.07042,-0.00000,-0.00000,0.99752,-1.50509,-0.21357,0.00000
79260000000,2.48167,-2.92562,0.02072,-0.06741,-0.00000,-0.00000,0.99773,-1.50212,-0.20390,0.00000
79280000000,2.45150,-2.92809,0.02072,-0.06448,-0.00000,-0.00000,0.99792,-1.49307,-0.19377,0.00000
79300000000,2.42144,-2.93040,0.02072,-0.06162,-0.00000,-0.00000,0.99810,-1.49757,-0.18563,0.00000
79320000000,2.39114,-2.93260,0.02072,-0.05879,-0.00000,-0.00000,0.99827,-1.50885,-0.17834,0.00000
79340000000,2.36059,-2.93468,0.02072,-0.05596,-0.00000,-0.00000,0.99843,-1.52364,-0.17133,0.00000
79360000000,2.32975,-2.93664,0.02072,-0.05317,-0.00000,-0.00000,0.99859,-1.53769,-0.16420,0.00000
79380000000,2.29882,-2.93846,0.02072,-0.05042,-0.00000,-0.00000,0.99873,-1.53957,-0.15584,0.00000
79400000000,2.26790,-2.94014,0.02072,-0.04772,-0.00000,-0.00000,0.99886,-1.53975,-0.14745,0.00000
79420000000,2.23698,-2.94169,0.02072,-0.04506,-0.00000,-0.00000,0.99898,-1.53988,-0.13919,0.00000
79440000000,2.20608,-2.94311,0.02072,-0.04244,-0.00000,-0.00000,0.99910,-1.53994,-0.13106,0.00000
79460000000,2.17518,-2.94440,0.02072,-0.03986,-0.00000,-0.00000,0.99921,-1.53995,-0.12307,0.00000
79480000000,2.14429,-2.94556,0.02072,-0.03733,-0.00000,-0.00000,0.99930,-1.53992,-0.11521,0.00000
79500000000,2.11341,-2.94660,0.02072,-0.03484,-0.00000,-0.00000,0.99939,-1.53983,-0.10749,0.00000
79520000000,2.08254,-2.94751,0.02072,-0.03239,-0.00000,-0.00000,0.99948,-1.53970,-0.09989,0.00000
79540000000,2.05168,-2.94830,0.02072,-0.02997,-0.00000,-0.00000,0.99955,-1.53952,-0.09242,0.00000
79560000000,2.02083,-2.94896,0.02072,-0.02760,-0.00000,-0.00000,0.99962,-1.53931,-0.08507,0.00000
79580000000,1.98999,-2.94951,0.02072,-0.02527,-0.00000,-0.00000,0.99968,-1.53906,-0.07785,0.00000
79600000000,1.95916,-2.94995,0.02072,-0.02297,-0.00000,-0.00000,0.99974,-1.53877,-0.07075,0.00000
79620000000,1.92835,-2.95026,0.02072,-0.02071,-0.00000,-0.00000,0.99979,-1.53844,-0.06377,0.00000
79640000000,1.89755,-2.95047,0.02072,-0.01849,-0.00000,-0.00000,0.99983,-1.53809,-0.05691,0.00000
79660000000,1.86676,-2.95056,0.02072,-0.01631,-0.00000,-0.00000,0.99987,-1.53770,-0.05017,0.00000
79680000000,1.83598,-2.95054,0.02072,-0.01416,-0.00000,-0.00000,0.99990,-1.53729,-0.04355,0.00000
79700000000,1.80522,-2.95042,0.02072,-0.01205,-0.00000,-0.00000,0.99993,-1.53685,-0.03704,0.00000
79720000000,1.77447,-2.95019,0.02072,-0.00997,-0.00000,-0.00000,0.99995,-1.53638,-0.03064,0.00000
79740000000,1.74374,-2.94985,0.02072,-0.00793,-0.00000,-0.00000,0.99997,-1.53589,-0.02435,0.00000
79760000000,1.71301,-2.94941,0.02072,-0.00592,-0.00000,-0.00000,0.99998,-1.53539,-0.01817,0.00000
79780000000,1.68231,-2.94887,0.02072,-0.00394,-0.00000,-0.00000,0.99999,-1.53486,-0.01211,0.00000
79800000000,1.65161,-2.94823,0.02072,-0.00200,-0.00000,-0.00000,1.00000,-1.53431,-0.00614,0.00000
79820000000,1.62093,-2.94750,0.02072,-0.00009,-0.00000,-0.00000,1.00000,-1.53374,-0.00029,0.00000
79840000000,1.59027,-2.94666,0.02072,0.00178,-0.00000,-0.00000,1.00000,-1.53307,0.00546,0.00000
79860000000,1.55962,-2.94573,0.02072,0.00361,-0.00000,-0.00000,0.99999,-1.53236,0.01108,0.00000
79880000000,1.52899,-2.94470,0.02072,0.00541,-0.00000,-0.00000,0.99999,-1.53163,0.01657,0.00000
79900000000,1.49838,-2.94358,0.02072,0.00717,-0.00000,-0.00000,0.99997,-1.53091,0.02195,0.00000
79920000000,1.46778,-2.94236,0.02072,0.00889,0.00000,-0.00000,0.99996,-1.53018,0.02722,0.00000
79940000000,1.43721,-2.94106,0.02072,0.01058,0.00000,-0.00000,0.99994,-1.52945,0.03237,0.00000
79960000000,1.40664,-2.93967,0.02072,0.01223,0.00000,-0.00000,0.99993,-1.52872,0.03740,0.00000
79980000000,1.37610,-2.93820,0.02072,0.01385,0.00000,-0.00000,0.99990,-1.52799,0.04233,0.00000
80000000000,1.34557,-2.93664,0.02072,0.01543,0.00000,-0.00000,0.99988,-1.52725,0.04716,0.00000
80020000000,1.31505,-2.93500,0.02072,0.01698,0.00000,-0.00000,0.99986,-1.52652,0.05188,0.00000
80040000000,1.28454,-2.93328,0.02072,0.01850,0.00000,-0.00000,0.99983,-1.52690,0.05654,0.00000
80060000000,1.25389,-2.93148,0.02072,0.01999,0.00000,-0.00000,0.99980,-1.53628,0.06147,0.00000
80080000000,1.22306,-2.92959,0.02072,0.02145,0.00000,-0.00000,0.99977,-1.54400,0.06628,0.00000
80100000000,1.19207,-2.92762,0.02072,0.02286,0.00000,-0.00000,0.99974,-1.55329,0.07106,0.00000
80120000000,1.16090,-2.92559,0.02072,0.02421,0.00000,-0.00000,0.99971,-1.56152,0.07567,0.00000
80140000000,1.12956,-2.92349,0.02072,0.02549,0.00000,-0.00000,0.99968,-1.57081,0.08017,0.00000
80160000000,1.09804,-2.92133,0.02072,0.02670,0.00000,-0.00000,0.99964,-1.57970,0.08446,0.00000
80180000000,1.06647,-2.91914,0.02072,0.02783,0.00000,-0.00000,0.99961,-1.57663,0.08784,0.00000
80200000000,1.03518,-2.91693,0.02072,0.02886,0.00000,-0.00000,0.99958,-1.56231,0.09028,0.00000
80220000000,1.00417,-2.91470,0.02072,0.02981,0.00000,-0.00000,0.99956,-1.54829,0.09244,0.00000
80240000000,0.97343,-2.91246,0.02072,0.03071,0.00000,-0.00000,0.99953,-1.53456,0.09438,0.00000
80260000000,0.94296,-2.91021,0.02072,0.03156,0.00000,-0.00000,0.99950,-1.52110,0.09616,0.00000
80280000000,0.91272,-2.90793,0.02072,0.03238,0.00000,-0.00000,0.99948,-1.51133,0.09804,0.00000
80300000000,0.88253,-2.90560,0.02072,0.03319,0.00000,-0.00000,0.99945,-1.51088,0.10045,0.00000
80320000000,0.85234,-2.90324,0.02072,0.03398,0.00000,-0.00000,0.99942,-1.51043,0.10281,0.00000
80340000000,0.82216,-2.90084,0.02072,0.03475,0.00000,-0.00000,0.99940,-1.50999,0.10513,0.00000
80360000000,0.79198,-2.89840,0.02072,0.03550,0.00000,-0.00000,0.99937,-1.50955,0.10740,0.00000
80380000000,0.76182,-2.89592,0.02072,0.03625,0.00000,-0.00000,0.99934,-1.50912,0.10962,0.00000
80400000000,0.73167,-2.89340,0.02072,0.03697,0.00000,-0.00000,0.99932,-1.50870,0.11179,0.00000
80420000000,0.70151,-2.89085,0.02072,0.03768,0.00000,-0.00000,0.99929,-1.50899,0.11397,0.00000
80440000000,0.67123,-2.88824,0.02072,0.03838,0.00000,-0.00000,0.99926,-1.51755,0.11673,0.00000
80460000000,0.64076,-2.88559,0.02072,0.03904,0.00000,-0.00000,0.99924,-1.52650,0.11946,0.00000
80480000000,0.61012,-2.88291,0.02072,0.03967,0.00000,-0.00000,0.99921,-1.53535,0.12210,0.00000
80500000000,0.57930,-2.88019,0.02072,0.04026,0.00000,-0.00000,0.99919,-1.54422,0.12464,0.00000
80520000000,0.54832,-2.87744,0.02072,0.04080,0.00000,-0.00000,0.99917,-1.55079,0.12685,0.00000
80540000000,0.51720,-2.87468,0.02072,0.04127,0.00000,-0.00000,0.99915,-1.55920,0.12904,0.00000
80560000000,0.48590,-2.87190,0.02072,0.04168,0.00000,-0.00000,0.99913,-1.56768,0.13103,0.00000
80580000000,0.45443,-2.86912,0.02072,0.04201,0.00000,-0.00000,0.99912,-1.57667,0.13282,0.00000
80600000000,0.42278,-2.86634,0.02072,0.04225,0.00000,-0.00000,0.99911,-1.58400,0.13420,0.00000
80620000000,0.39110,-2.86359,0.02072,0.04239,0.00000,-0.00000,0.99910,-1.58189,0.13448,0.00000
80640000000,0.35967,-2.86090,0.02072,0.04245,0.00000,-0.00000,0.99910,-1.56779,0.13345,0.00000
80660000000,0.32852,-2.85825,0.02072,0.04243,0.00000,-0.00000,0.99910,-1.55401,0.13222,0.00000
80680000000,0.29764,-2.85566,0.02072,0.04235,0.00000,-0.00000,0.99910,-1.54053,0.13083,0.00000
80700000000,0.26703,-2.85311,0.02072,0.04223,0.00000,-0.00000,0.99911,-1.52733,0.12934,0.00000
80720000000,0.23667,-2.85061,0.02072,0.04208,0.00000,-0.00000,0.99911,-1.51437,0.12780,0.00000
80740000000,0.20657,-2.84814,0.02072,0.04192,0.00000,-0.00000,0.99912,-1.50166,0.12623,0.00000
80760000000,0.17666,-2.84566,0.02072,0.04185,0.00000,-0.00000,0.99912,-1.49474,0.12545,0.00000
80780000000,0.14676,-2.84315,0.02072,0.04185,0.00000,-0.00000,0.99912,-1.49474,0.12545,0.00000
80800000000,0.11687,-2.84064,0.02072,0.04185,0.00000,-0.00000,0.99912,-1.49474,0.12545,0.00000
80820000000,0.08697,-2.83813,0.02072,0.04185,0.00000,-0.00000,0.99912,-1.49474,0.12545,0.00000
80840000000,0.05708,-2.83562,0.02072,0.04185,0.00000,-0.00000,0.99912,-1.49474,0.12545,0.00000
80860000000,0.02718,-2.83311,0.02072,0.04185,0.00000,-0.00000,0.99912,-1.49474,0.12545,0.00000
80880000000,-0.00271,-2.83060,0.02072,0.04185,0.00000,-0.00000,0.99912,-1.49474,0.12545,0.00000
80900000000,-0.03262,-2.82812,0.02072,0.04179,0.00000,-0.00000,0.99913,-1.49628,0.12538,0.00000
80920000000,-0.06266,-2.82567,0.02072,0.04164,0.00000,-0.00000,0.99913,-1.50267,0.12547,0.00000
80940000000,-0.09286,-2.82322,0.02072,0.04148,0.00000,-0.00000,0.99914,-1.51229,0.12578,0.00000
80960000000,-0.12326,-2.82077,0.02072,0.04129,0.00000,-0.00000,0.99915,-1.52209,0.12602,0.00000
80980000000,-0.15384,-2.81833,0.02072,0.04108,0.00000,-0.00000,0.99916,-1.53046,0.12605,0.00000
81000000000,-0.18453,-2.81592,0.02072,0.04082,0.00000,-0.00000,0.99917,-1.53327,0.12550,0.00000
81020000000,-0.21501,-2.81355,0.02072,0.04054,0.00000,-0.00000,0.99918,-1.52028,0.12357,0.00000
81040000000,-0.24524,-2.81123,0.02072,0.04024,0.00000,-0.00000,0.99919,-1.50752,0.12162,0.00000
81060000000,-0.27522,-2.80894,0.02072,0.03997,0.00000,-0.00000,0.99920,-1.49622,0.11989,0.00000
81080000000,-0.30508,-2.80660,0.02072,0.03983,0.00000,-0.00000,0.99921,-1.49288,0.11921,0.00000
81100000000,-0.33495,-2.80428,0.02072,0.03970,0.00000,-0.00000,0.99921,-1.49296,0.11883,0.00000
81120000000,-0.36481,-2.80196,0.02072,0.03957,0.00000,-0.00000,0.99922,-1.49303,0.11844,0.00000
81140000000,-0.39468,-2.79965,0.02072,0.03945,0.00000,-0.00000,0.99922,-1.49311,0.11807,0.00000
81160000000,-0.42454,-2.79734,0.02072,0.03932,0.00000,-0.00000,0.99923,-1.49318,0.11770,0.00000
81180000000,-0.45441,-2.79504,0.02072,0.03920,0.00000,-0.00000,0.99923,-1.49325,0.11735,0.00000
81200000000,-0.48428,-2.79275,0.02072,0.03908,0.00000,-0.00000,0.99924,-1.49332,0.11699,0.00000
81220000000,-0.51415,-2.79046,0.02072,0.03897,0.00000,-0.00000,0.99924,-1.49339,0.11665,0.00000
81240000000,-0.54403,-2.78818,0.02072,0.03885,0.00000,-0.00000,0.99924,-1.49346,0.11631,0.00000
81260000000,-0.57390,-2.78590,0.02072,0.03874,0.00000,-0.00000,0.99925,-1.49353,0.11598,0.00000
81280000000,-0.60378,-2.78363,0.02072,0.03863,0.00000,-0.00000,0.99925,-1.49359,0.11565,0.00000
81300000000,-0.63365,-2.78136,0.02072,0.03852,0.00000,-0.00000,0.99926,-1.49365,0.11534,0.00000
81320000000,-0.66353,-2.77911,0.02072,0.03842,0.00000,-0.00000,0.99926,-1.49372,0.11502,0.00000
81340000000,-0.69341,-2.77685,0.02072,0.03831,0.00000,-0.00000,0.99927,-1.49378,0.11472,0.00000
81360000000,-0.72329,-2.77460,0.02072,0.03821,0.00000,-0.00000,0.99927,-1.49384,0.11442,0.00000
81380000000,-0.75323,-2.77238,0.02072,0.03804,0.00000,-0.00000,0.99928,-1.49848,0.11426,0.00000
81400000000,-0.78334,-2.77019,0.02072,0.03781,0.00000,-0.00000,0.99928,-1.50770,0.11425,0.00000
81420000000,-0.81363,-2.76801,0.02072,0.03756,0.00000,-0.00000,0.99929,-1.51673,0.11418,0.00000
81440000000,-0.84410,-2.76584,0.02072,0.03729,0.00000,-0.00000,0.99930,-1.52560,0.11402,0.00000
81460000000,-0.87474,-2.76368,0.02072,0.03699,0.00000,-0.00000,0.99932,-1.53432,0.11373,0.00000
81480000000,-0.90552,-2.76155,0.02072,0.03664,0.00000,-0.00000,0.99933,-1.54026,0.11310,0.00000
81500000000,-0.93638,-2.75946,0.02072,0.03625,0.00000,-0.00000,0.99934,-1.54162,0.11200,0.00000
81520000000,-0.96703,-2.75743,0.02072,0.03582,0.00000,-0.00000,0.99936,-1.52860,0.10973,0.00000
81540000000,-0.99742,-2.75545,0.02072,0.03537,0.00000,-0.00000,0.99937,-1.51576,0.10743,0.00000
81560000000,-1.02756,-2.75352,0.02072,0.03491,0.00000,-0.00000,0.99939,-1.50315,0.10514,0.00000
81580000000,-1.05749,-2.75160,0.02072,0.03453,0.00000,-0.00000,0.99940,-1.49326,0.10331,0.00000
81600000000,-1.08730,-2.74969,0.02072,0.03419,0.00000,-0.00000,0.99942,-1.49045,0.10209,0.00000
81620000000,-1.11712,-2.74780,0.02072,0.03385,0.00000,-0.00000,0.99943,-1.49064,0.10109,0.00000
81640000000,-1.14695,-2.74593,0.02072,0.03352,0.00000,-0.00000,0.99944,-1.49083,0.10012,0.00000
81660000000,-1.17678,-2.74407,0.02072,0.03320,0.00000,-0.00000,0.99945,-1.49101,0.09916,0.00000
81680000000,-1.20661,-2.74223,0.02072,0.03288,0.00000,-0.00000,0.99946,-1.49118,0.09823,0.00000
81700000000,-1.23652,-2.74041,0.02072,0.03255,0.00000,-0.00000,0.99947,-1.49762,0.09765,0.00000
81720000000,-1.26655,-2.73863,0.02072,0.03213,0.00000,-0.00000,0.99948,-1.50340,0.09677,0.00000
81740000000,-1.29674,-2.73688,0.02072,0.03171,0.00000,-0.00000,0.99950,-1.50976,0.09590,0.00000
81760000000,-1.32711,-2.73515,0.02072,0.03127,0.00000,-0.00000,0.99951,-1.52090,0.09526,0.00000
81780000000,-1.35766,-2.73345,0.02072,0.03080,0.00000,-0.00000,0.99953,-1.52860,0.09430,0.00000
81800000000,-1.38837,-2.73178,0.02072,0.03030,0.00000,-0.00000,0.99954,-1.53614,0.09322,0.00000
81820000000,-1.41928,-2.73015,0.02072,0.02975,0.00000,-0.00000,0.99956,-1.54760,0.09221,0.00000
81840000000,-1.45025,-2.72857,0.02072,0.02915,0.00000,-0.00000,0.99957,-1.54549,0.09023,0.00000
81860000000,-1.48098,-2.72706,0.02072,0.02852,0.00000,-0.00000,0.99959,-1.53240,0.08751,0.00000
81880000000,-1.51145,-2.72562,0.02072,0.02786,0.00000,-0.00000,0.99961,-1.51957,0.08476,0.00000
81900000000,-1.54167,-2.72424,0.02072,0.02719,0.00000,-0.00000,0.99963,-1.50696,0.08203,0.00000
81920000000,-1.57166,-2.72288,0.02072,0.02657,0.00000,-0.00000,0.99965,-1.49630,0.07960,0.00000
81940000000,-1.60149,-2.72155,0.02072,0.02600,0.00000,-0.00000,0.99966,-1.49203,0.07767,0.00000
81960000000,-1.63152,-2.72026,0.02072,0.02538,0.00000,-0.00000,0.99968,-1.50278,0.07636,0.00000
81980000000,-1.66166,-2.71903,0.02072,0.02472,0.00000,-0.00000,0.99969,-1.50855,0.07465,0.00000
82000000000,-1.69203,-2.71783,0.02072,0.02404,0.00000,-0.00000,0.99971,-1.52058,0.07317,0.00000
82020000000,-1.72256,-2.71668,0.02072,0.02333,0.00000,-0.00000,0.99973,-1.52835,0.07138,0.00000
82040000000,-1.75325,-2.71558,0.02072,0.02259,0.00000,-0.00000,0.99974,-1.53639,0.06948,0.00000
82060000000,-1.78412,-2.71454,0.02072,0.02181,0.00000,-0.00000,0.99976,-1.54491,0.06745,0.00000
82080000000,-1.81505,-2.71356,0.02072,0.02099,0.00000,-0.00000,0.99978,-1.54335,0.06483,0.00000
82100000000,-1.84573,-2.71265,0.02072,0.02013,0.00000,-0.00000,0.99980,-1.53036,0.06165,0.00000
82120000000,-1.87616,-2.71182,0.02072,0.01925,0.00000,-0.00000,0.99981,-1.51761,0.05846,0.00000
82140000000,-1.90634,-2.71106,0.02072,0.01837,0.00000,-0.00000,0.99983,-1.50508,0.05532,0.00000
82160000000,-1.93629,-2.71032,0.02072,0.01757,0.00000,-0.00000,0.99985,-1.49418,0.05252,0.00000
82180000000,-1.96604,-2.70962,0.02072,0.01678,-0.00000,-0.00000,0.99986,-1.48539,0.04989,0.00000
82200000000,-1.99576,-2.70897,0.02072,0.01602,-0.00000,-0.00000,0.99987,-1.48574,0.04762,0.00000
82220000000,-2.02549,-2.70835,0.02072,0.01527,-0.00000,-0.00000,0.99988,-1.48607,0.04540,0.00000
82240000000,-2.05523,-2.70777,0.02072,0.01454,-0.00000,-0.00000,0.99989,-1.48640,0.04323,0.00000
82260000000,-2.08497,-2.70723,0.02072,0.01382,-0.00000,-0.00000,0.99990,-1.48672,0.04110,0.00000
82280000000,-2.11471,-2.70672,0.02072,0.01311,-0.00000,-0.00000,0.99991,-1.48703,0.03900,0.00000
82300000000,-2.14447,-2.70625,0.02072,0.01242,-0.00000,-0.00000,0.99992,-1.48733,0.03695,0.00000
82320000000,-2.17422,-2.70582,0.02072,0.01174,-0.00000,-0.00000,0.99993,-1.48762,0.03494,0.00000
82340000000,-2.20399,-2.70542,0.02072,0.01108,-0.00000,-0.00000,0.99994,-1.48790,0.03297,0.00000
82360000000,-2.23375,-2.70505,0.02072,0.01043,-0.00000,-0.00000,0.99995,-1.48818,0.03104,0.00000
82380000000,-2.26358,-2.70471,0.02072,0.00979,-0.00000,-0.00000,0.99995,-1.49312,0.02923,0.00000
82400000000,-2.29357,-2.70442,0.02072,0.00913,0.00000,-0.00000,0.99996,-1.50176,0.02744,0.00000
82420000000,-2.32374,-2.70419,0.02072,0.00842,0.00000,-0.00000,0.99996,-1.51020,0.02545,0.00000
82440000000,-2.35408,-2.70400,0.02072,0.00770,0.00000,-0.00000,0.99997,-1.51912,0.02340,0.00000
82460000000,-2.38461,-2.70386,0.02072,0.00695,0.00000,-0.00000,0.99998,-1.52913,0.02127,0.00000
82480000000,-2.41533,-2.70379,0.02072,0.00617,0.00000,-0.00000,0.99998,-1.53832,0.01899,0.00000
82500000000,-2.44607,-2.70377,0.02072,0.00536,-0.00000,-0.00000,0.99999,-1.53375,0.01643,0.00000
82520000000,-2.47655,-2.70382,0.02072,0.00452,-0.00000,-0.00000,0.99999,-1.52086,0.01374,0.00000
82540000000,-2.50678,-2.70393,0.02072,0.00367,-0.00000,-0.00000,0.99999,-1.50819,0.01108,0.00000
82560000000,-2.53678,-2.70407,0.02072,0.00288,-0.00000,-0.00000,1.00000,-1.49683,0.00861,0.00000
82580000000,-2.56655,-2.70424,0.02072,0.00211,-0.00000,-0.00000,1.00000,-1.48658,0.00628,0.00000
82600000000,-2.59629,-2.70445,0.02072,0.00136,-0.00000,-0.00000,1.00000,-1.48674,0.00404,0.00000
82620000000,-2.62603,-2.70470,0.02072,0.00062,-0.00000,-0.00000,1.00000,-1.48701,0.00186,0.00000
82640000000,-2.65577,-2.70499,0.02072,-0.00010,-0.00000,-0.00000,1.00000,-1.48727,-0.00029,0.00000
82660000000,-2.68552,-2.70531,0.02072,-0.00080,-0.00000,-0.00000,1.00000,-1.48754,-0.00239,0.00000
82680000000,-2.71527,-2.70567,0.02072,-0.00149,-0.00000,-0.00000,1.00000,-1.48780,-0.00444,0.00000
82700000000,-2.74503,-2.70606,0.02072,-0.00217,-0.00000,-0.00000,1.00000,-1.48805,-0.00646,0.00000
82720000000,-2.77480,-2.70649,0.02072,-0.00283,-0.00000,-0.00000,1.00000,-1.48829,-0.00843,0.00000
82740000000,-2.80456,-2.70695,0.02072,-0.00348,-0.00000,-0.00000,0.99999,-1.48852,-0.01036,0.00000
82760000000,-2.83434,-2.70745,0.02072,-0.00411,-0.00000,-0.00000,0.99999,-1.48875,-0.01225,0.00000
82780000000,-2.86411,-2.70798,0.02072,-0.00474,-0.00000,-0.00000,0.99999,-1.48897,-0.01410,0.00000
82800000000,-2.89389,-2.70854,0.02072,-0.00534,-0.00000,-0.00000,0.99999,-1.48918,-0.01592,0.00000
82820000000,-2.92368,-2.70913,0.02072,-0.00594,-0.00000,-0.00000,0.99998,-1.48939,-0.01769,0.00000
82840000000,-2.95346,-2.70975,0.02072,-0.00652,-0.00000,-0.00000,0.99998,-1.48959,-0.01943,0.00000
82860000000,-2.98326,-2.71040,0.02072,-0.00709,-0.00000,-0.00000,0.99997,-1.48978,-0.02113,0.00000
82880000000,-3.01305,-2.71108,0.02072,-0.00765,-0.00000,-0.00000,0.99997,-1.48997,-0.02280,0.00000
82900000000,-3.04285,-2.71179,0.02072,-0.00820,-0.00000,-0.00000,0.99997,-1.49015,-0.02443,0.00000
82920000000,-3.07265,-2.71252,0.02072,-0.00873,-0.00000,-0.00000,0.99996,-1.49033,-0.02603,0.00000
82940000000,-3.10246,-2.71329,0.02072,-0.00926,-0.00000,-0.00000,0.99996,-1.49050,-0.02760,0.00000
82960000000,-3.13226,-2.71408,0.02072,-0.00977,-0.00000,-0.00000,0.99995,-1.49066,-0.02913,0.00000
82980000000,-3.16208,-2.71490,0.02072,-0.01027,-0.00000,-0.00000,0.99995,-1.49082,-0.03064,0.00000
83000000000,-3.19189,-2.71574,0.02072,-0.01077,-0.00000,-0.00000,0.99994,-1.49097,-0.03211,0.00000
83020000000,-3.22171,-2.71660,0.02072,-0.01125,-0.00000,-0.00000,0.99994,-1.49112,-0.03355,0.00000
83040000000,-3.25153,-2.71750,0.02072,-0.01172,-0.00000,-0.00000,0.99993,-1.49127,-0.03496,0.00000
83060000000,-3.28135,-2.71841,0.02072,-0.01218,-0.00000,-0.00000,0.99993,-1.49141,-0.03634,0.00000
83080000000,-3.31118,-2.71935,0.02072,-0.01263,-0.00000,-0.00000,0.99992,-1.49154,-0.03770,0.00000
83100000000,-3.34100,-2.72031,0.02072,-0.01308,-0.00000,-0.00000,0.99991,-1.49168,-0.03903,0.00000
83120000000,-3.37083,-2.72130,0.02072,-0.01351,-0.00000,-0.00000,0.99991,-1.49180,-0.04033,0.00000
83140000000,-3.40067,-2.72231,0.02072,-0.01394,-0.00000,-0.00000,0.99990,-1.49193,-0.04160,0.00000
83160000000,-3.43050,-2.72333,0.02072,-0.01435,-0.00000,-0.00000,0.99990,-1.49205,-0.04285,0.00000
83180000000,-3.46034,-2.72438,0.02072,-0.01476,-0.00000,-0.00000,0.99989,-1.49216,-0.04407,0.00000
83200000000,-3.49018,-2.72545,0.02072,-0.01516,-0.00000,-0.00000,0.99989,-1.49228,-0.04526,0.00000
83220000000,-3.52002,-2.72655,0.02072,-0.01555,-0.00000,-0.00000,0.99988,-1.49239,-0.04644,0.00000
83240000000,-3.54987,-2.72766,0.02072,-0.01594,-0.00000,-0.00000,0.99987,-1.49249,-0.04758,0.00000
83260000000,-3.57971,-2.72879,0.02072,-0.01631,-0.00000,-0.00000,0.99987,-1.49260,-0.04871,0.00000
83280000000,-3.60956,-2.72994,0.02072,-0.01668,-0.00000,-0.00000,0.99986,-1.49270,-0.04981,0.00000
83300000000,-3.63941,-2.73110,0.02072,-0.01704,-0.00000,-0.00000,0.99985,-1.49279,-0.05089,0.00000
83320000000,-3.66926,-2.73229,0.02072,-0.01739,-0.00000,-0.00000,0.99985,-1.49289,-0.05195,0.00000
83340000000,-3.69912,-2.73349,0.02072,-0.01774,-0.00000,-0.00000,0.99984,-1.49298,-0.05298,0.00000
83360000000,-3.72897,-2.73472,0.02072,-0.01807,-0.00000,-0.00000,0.99984,-1.49307,-0.05400,0.00000
83380000000,-3.75883,-2.73595,0.02072,-0.01841,-0.00000,-0.00000,0.99983,-1.49315,-0.05499,0.00000
83400000000,-3.78869,-2.73721,0.02072,-0.01873,-0.00000,-0.00000,0.99982,-1.49324,-0.05597,0.00000
83420000000,-3.81855,-2.73848,0.02072,-0.01905,-0.00000,-0.00000,0.99982,-1.49332,-0.05692,0.00000
83440000000,-3.84841,-2.73977,0.02072,-0.01936,-0.00000,-0.00000,0.99981,-1.49340,-0.05786,0.00000
83460000000,-3.87828,-2.74107,0.02072,-0.01966,-0.00000,-0.00000,0.99981,-1.49348,-0.05877,0.00000
83480000000,-3.90814,-2.74239,0.02072,-0.01996,-0.00000,-0.00000,0.99980,-1.49355,-0.05967,0.00000
83500000000,-3.93801,-2.74373,0.02072,-0.02026,-0.00000,-0.00000,0.99979,-1.49362,-0.06055,0.00000
83520000000,-3.96788,-2.74508,0.02072,-0.02054,-0.00000,-0.00000,0.99979,-1.49369,-0.06141,0.00000
83540000000,-3.99775,-2.74644,0.02072,-0.02082,-0.00000,-0.00000,0.99978,-1.49376,-0.06225,0.00000
83560000000,-4.02762,-2.74782,0.02072,-0.02110,-0.00000,-0.00000,0.99978,-1.49383,-0.06308,0.00000
83580000000,-4.05749,-2.74921,0.02072,-0.02137,-0.00000,-0.00000,0.99977,-1.49389,-0.06389,0.00000
83600000000,-4.08736,-2.75062,0.02072,-0.02163,-0.00000,-0.00000,0.99977,-1.49396,-0.06468,0.00000
83620000000,-4.11724,-2.75204,0.02072,-0.02189,-0.00000,-0.00000,0.99976,-1.49402,-0.06546,0.00000
83640000000,-4.14711,-2.75347,0.02072,-0.02215,-0.00000,-0.00000,0.99975,-1.49408,-0.06622,0.00000
83660000000,-4.17699,-2.75491,0.02072,-0.02239,-0.00000,-0.00000,0.99975,-1.49413,-0.06697,0.00000
83680000000,-4.20687,-2.75637,0.02072,-0.02264,-0.00000,-0.00000,0.99974,-1.49419,-0.06770,0.00000
83700000000,-4.23675,-2.75784,0.02072,-0.02288,-0.00000,-0.00000,0.99974,-1.49424,-0.06842,0.00000
83720000000,-4.26663,-2.75932,0.02072,-0.02311,-0.00000,-0.00000,0.99973,-1.49430,-0.06912,0.00000
83740000000,-4.29651,-2.76082,0.02072,-0.02334,-0.00000,-0.00000,0.99973,-1.49435,-0.06981,0.00000
83760000000,-4.32640,-2.76232,0.02072,-0.02356,-0.00000,-0.00000,0.99972,-1.49440,-0.07048,0.00000
83780000000,-4.35628,-2.76384,0.02072,-0.02378,-0.00000,-0.00000,0.99972,-1.49445,-0.07114,0.00000
83800000000,-4.38617,-2.76537,0.02072,-0.02400,-0.00000,-0.00000,0.99971,-1.49450,-0.07179,0.00000
83820000000,-4.41605,-2.76691,0.02072,-0.02421,-0.00000,-0.00000,0.99971,-1.49454,-0.07243,0.00000
83840000000,-4.44594,-2.76846,0.02072,-0.02442,-0.00000,-0.00000,0.99970,-1.49459,-0.07305,0.00000
83860000000,-4.47583,-2.77002,0.02072,-0.02462,-0.00000,-0.00000,0.99970,-1.49463,-0.07366,0.00000
83880000000,-4.50572,-2.77159,0.02072,-0.02482,-0.00000,-0.00000,0.99969,-1.49467,-0.07425,0.00000
83900000000,-4.53561,-2.77317,0.02072,-0.02501,-0.00000,-0.00000,0.99969,-1.49472,-0.07484,0.00000
83920000000,-4.56545,-2.77476,0.02072,-0.02520,-0.00000,-0.00000,0.99968,-1.49028,-0.07517,0.00000
83940000000,-4.59508,-2.77635,0.02072,-0.02534,-0.00000,-0.00000,0.99968,-1.47885,-0.07502,0.00000
83960000000,-4.62460,-2.77794,0.02072,-0.02545,-0.00000,-0.00000,0.99968,-1.47460,-0.07514,0.00000
83980000000,-4.65391,-2.77953,0.02072,-0.02551,-0.00000,-0.00000,0.99967,-1.46316,-0.07473,0.00000
84000000000,-4.68311,-2.78111,0.02072,-0.02552,-0.00000,-0.00000,0.99967,-1.45885,-0.07453,0.00000
84020000000,-4.71211,-2.78266,0.02072,-0.02546,-0.00000,-0.00000,0.99968,-1.44761,-0.07379,0.00000
84040000000,-4.74096,-2.78419,0.02072,-0.02534,-0.00000,-0.00000,0.99968,-1.43999,-0.07304,0.00000
84060000000,-4.76977,-2.78568,0.02072,-0.02515,-0.00000,-0.00000,0.99968,-1.44360,-0.07268,0.00000
84080000000,-4.79883,-2.78714,0.02072,-0.02494,-0.00000,-0.00000,0.99969,-1.45645,-0.07271,0.00000
84100000000,-4.82815,-2.78857,0.02072,-0.02472,-0.00000,-0.00000,0.99969,-1.46910,-0.07270,0.00000
84120000000,-4.85773,-2.78997,0.02072,-0.02451,-0.00000,-0.00000,0.99970,-1.48155,-0.07268,0.00000
84140000000,-4.88754,-2.79136,0.02072,-0.02431,-0.00000,-0.00000,0.99970,-1.49380,-0.07269,0.00000
84160000000,-4.91755,-2.79275,0.02072,-0.02416,-0.00000,-0.00000,0.99971,-1.50080,-0.07257,0.00000
84180000000,-4.94757,-2.79413,0.02072,-0.02402,-0.00000,-0.00000,0.99971,-1.50077,-0.07214,0.00000
84200000000,-4.97758,-2.79550,0.02072,-0.02388,-0.00000,-0.00000,0.99971,-1.50074,-0.07172,0.00000
84220000000,-5.00760,-2.79687,0.02072,-0.02374,-0.00000,-0.00000,0.99972,-1.50071,-0.07131,0.00000
84240000000,-5.03762,-2.79823,0.02072,-0.02360,-0.00000,-0.00000,0.99972,-1.50068,-0.07091,0.00000
84260000000,-5.06763,-2.79958,0.02072,-0.02347,-0.00000,-0.00000,0.99972,-1.50065,-0.07051,0.00000
84280000000,-5.09765,-2.80093,0.02072,-0.02334,-0.00000,-0.00000,0.99973,-1.50063,-0.07012,0.00000
84300000000,-5.12766,-2.80227,0.02072,-0.02322,-0.00000,-0.00000,0.99973,-1.50060,-0.06974,0.00000
84320000000,-5.15768,-2.80361,0.02072,-0.02309,-0.00000,-0.00000,0.99973,-1.50057,-0.06936,0.00000
84340000000,-5.18769,-2.80494,0.02072,-0.02297,-0.00000,-0.00000,0.99974,-1.50055,-0.06900,0.00000
84360000000,-5.21770,-2.80626,0.02072,-0.02285,-0.00000,-0.00000,0.99974,-1.50052,-0.06864,0.00000
84380000000,-5.24769,-2.80757,0.02072,-0.02273,-0.00000,-0.00000,0.99974,-1.49802,-0.06815,0.00000
84400000000,-5.27748,-2.80886,0.02072,-0.02256,-0.00000,-0.00000,0.99975,-1.48627,-0.06710,0.00000
84420000000,-5.30713,-2.81014,0.02072,-0.02236,-0.00000,-0.00000,0.99975,-1.48103,-0.06628,0.00000
84440000000,-5.33657,-2.81140,0.02072,-0.02212,-0.00000,-0.00000,0.99976,-1.46931,-0.06506,0.00000
84460000000,-5.36586,-2.81263,0.02072,-0.02184,-0.00000,-0.00000,0.99976,-1.46191,-0.06391,0.00000
84480000000,-5.39508,-2.81383,0.02072,-0.02152,-0.00000,-0.00000,0.99977,-1.46281,-0.06301,0.00000
84500000000,-5.42453,-2.81499,0.02072,-0.02119,-0.00000,-0.00000,0.99978,-1.47546,-0.06257,0.00000
84520000000,-5.45423,-2.81613,0.02072,-0.02086,-0.00000,-0.00000,0.99978,-1.48793,-0.06212,0.00000
84540000000,-5.48417,-2.81724,0.02072,-0.02056,-0.00000,-0.00000,0.99979,-1.49976,-0.06172,0.00000
84560000000,-5.51425,-2.81835,0.02072,-0.02029,-0.00000,-0.00000,0.99979,-1.50348,-0.06106,0.00000
84580000000,-5.54432,-2.81945,0.02072,-0.02003,-0.00000,-0.00000,0.99980,-1.50342,-0.06027,0.00000
84600000000,-5.57439,-2.82053,0.02072,-0.01977,-0.00000,-0.00000,0.99980,-1.50337,-0.05949,0.00000
84620000000,-5.60446,-2.82159,0.02072,-0.01952,-0.00000,-0.00000,0.99981,-1.50331,-0.05872,0.00000
84640000000,-5.63453,-2.82265,0.02072,-0.01927,-0.00000,-0.00000,0.99981,-1.50325,-0.05797,0.00000
84660000000,-5.66460,-2.82369,0.02072,-0.01903,-0.00000,-0.00000,0.99982,-1.50319,-0.05724,0.00000
84680000000,-5.69467,-2.82472,0.02072,-0.01879,-0.00000,-0.00000,0.99982,-1.50314,-0.05652,0.00000
84700000000,-5.72473,-2.82574,0.02072,-0.01856,-0.00000,-0.00000,0.99983,-1.50308,-0.05581,0.00000
84720000000,-5.75480,-2.82675,0.02072,-0.01833,-0.00000,-0.00000,0.99983,-1.50303,-0.05512,0.00000
84740000000,-5.78486,-2.82774,0.02072,-0.01810,-0.00000,-0.00000,0.99984,-1.50298,-0.05444,0.00000
84760000000,-5.81492,-2.82872,0.02072,-0.01788,-0.00000,-0.00000,0.99984,-1.50292,-0.05377,0.00000
84780000000,-5.84498,-2.82970,0.02072,-0.01766,-0.00000,-0.00000,0.99984,-1.50287,-0.05312,0.00000
84800000000,-5.87504,-2.83066,0.02072,-0.01745,-0.00000,-0.00000,0.99985,-1.50282,-0.05248,0.00000
84820000000,-5.90510,-2.83161,0.02072,-0.01724,-0.00000,-0.00000,0.99985,-1.50277,-0.05185,0.00000
84840000000,-5.93516,-2.83255,0.02072,-0.01704,-0.00000,-0.00000,0.99985,-1.50272,-0.05124,0.00000
84860000000,-5.96522,-2.83348,0.02072,-0.01684,-0.00000,-0.00000,0.99986,-1.50267,-0.05063,0.00000
84880000000,-5.99527,-2.83439,0.02072,-0.01664,-0.00000,-0.00000,0.99986,-1.50262,-0.05004,0.00000
84900000000,-6.02533,-2.83530,0.02072,-0.01645,-0.00000,-0.00000,0.99986,-1.50257,-0.04946,0.00000
84920000000,-6.05538,-2.83620,0.02072,-0.01626,-0.00000,-0.00000,0.99987,-1.50252,-0.04889,0.00000
84940000000,-6.08543,-2.83709,0.02072,-0.01608,-0.00000,-0.00000,0.99987,-1.50248,-0.04834,0.00000
84960000000,-6.11548,-2.83797,0.02072,-0.01590,-0.00000,-0.00000,0.99987,-1.50243,-0.04779,0.00000
84980000000,-6.14553,-2.83885,0.02072,-0.01572,-0.00000,-0.00000,0.99988,-1.50238,-0.04726,0.00000
85000000000,-6.17558,-2.83971,0.02072,-0.01555,-0.00000,-0.00000,0.99988,-1.50234,-0.04673,0.00000
85020000000,-6.20563,-2.84056,0.02072,-0.01538,-0.00000,-0.00000,0.99988,-1.50230,-0.04622,0.00000
85040000000,-6.23568,-2.84141,0.02072,-0.01521,-0.00000,-0.00000,0.99988,-1.50225,-0.04571,0.00000
85060000000,-6.26573,-2.84224,0.02072,-0.01504,-0.00000,-0.00000,0.99989,-1.50221,-0.04522,0.00000
85080000000,-6.29577,-2.84307,0.02072,-0.01488,-0.00000,-0.00000,0.99989,-1.50217,-0.04473,0.00000
85100000000,-6.32582,-2.84389,0.02072,-0.01473,-0.00000,-0.00000,0.99989,-1.50213,-0.04426,0.00000
85120000000,-6.35586,-2.84470,0.02072,-0.01457,-0.00000,-0.00000,0.99989,-1.50209,-0.04379,0.00000
85140000000,-6.38590,-2.84551,0.02072,-0.01442,-0.00000,-0.00000,0.99990,-1.50205,-0.04333,0.00000
85160000000,-6.41595,-2.84630,0.02072,-0.01427,-0.00000,-0.00000,0.99990,-1.50201,-0.04288,0.00000
85180000000,-6.44599,-2.84709,0.02072,-0.01413,-0.00000,-0.00000,0.99990,-1.50197,-0.04245,0.00000
85200000000,-6.47603,-2.84787,0.02072,-0.01398,-0.00000,-0.00000,0.99990,-1.50193,-0.04202,0.00000
85220000000,-6.50607,-2.84865,0.02072,-0.01384,-0.00000,-0.00000,0.99990,-1.50189,-0.04159,0.00000
85240000000,-6.53611,-2.84942,0.02072,-0.01371,-0.00000,-0.00000,0.99991,-1.50186,-0.04118,0.00000
85260000000,-6.56614,-2.85018,0.02072,-0.01357,-0.00000,-0.00000,0.99991,-1.50182,-0.04077,0.00000
85280000000,-6.59618,-2.85093,0.02072,-0.01344,-0.00000,-0.00000,0.99991,-1.50178,-0.04038,0.00000
85300000000,-6.62622,-2.85168,0.02072,-0.01331,-0.00000,-0.00000,0.99991,-1.50175,-0.03999,0.00000
85320000000,-6.65625,-2.85242,0.02072,-0.01318,-0.00000,-0.00000,0.99991,-1.50171,-0.03960,0.00000
85340000000,-6.68629,-2.85315,0.02072,-0.01306,-0.00000,-0.00000,0.99991,-1.50168,-0.03923,0.00000
85360000000,-6.71632,-2.85388,0.02072,-0.01294,-0.00000,-0.00000,0.99992,-1.50165,-0.03886,0.00000
85380000000,-6.74636,-2.85460,0.02072,-0.01282,-0.00000,-0.00000,0.99992,-1.50161,-0.03850,0.00000
85400000000,-6.77639,-2.85531,0.02072,-0.01270,-0.00000,-0.00000,0.99992,-1.50158,-0.03815,0.00000
85420000000,-6.80642,-2.85602,0.02072,-0.01259,-0.00000,-0.00000,0.99992,-1.50155,-0.03780,0.00000
85440000000,-6.83645,-2.85672,0.02072,-0.01247,-0.00000,-0.00000,0.99992,-1.50152,-0.03746,0.00000
85460000000,-6.86649,-2.85742,0.02072,-0.01236,-0.00000,-0.00000,0.99992,-1.50149,-0.03713,0.00000
85480000000,-6.89652,-2.85811,0.02072,-0.01225,-0.00000,-0.00000,0.99992,-1.50146,-0.03681,0.00000
85500000000,-6.92655,-2.85880,0.02072,-0.01215,-0.00000,-0.00000,0.99993,-1.50143,-0.03649,0.00000
85520000000,-6.95657,-2.85948,0.02072,-0.01204,-0.00000,-0.00000,0.99993,-1.50140,-0.03617,0.00000
85540000000,-6.98660,-2.86016,0.02072,-0.01194,-0.00000,-0.00000,0.99993,-1.50137,-0.03587,0.00000
85560000000,-7.01663,-2.86083,0.02072,-0.01184,-0.00000,-0.00000,0.99993,-1.50134,-0.03557,0.00000
85580000000,-7.04666,-2.86149,0.02072,-0.01174,-0.00000,-0.00000,0.99993,-1.50131,-0.03527,0.00000
85600000000,-7.07669,-2.86215,0.02072,-0.01165,-0.00000,-0.00000,0.99993,-1.50129,-0.03498,0.00000
85620000000,-7.10671,-2.86281,0.02072,-0.01155,-0.00000,-0.00000,0.99993,-1.50126,-0.03470,0.00000
85640000000,-7.13674,-2.86346,0.02072,-0.01146,-0.00000,-0.00000,0.99993,-1.50123,-0.03442,0.00000
85660000000,-7.16676,-2.86411,0.02072,-0.01137,-0.00000,-0.00000,0.99994,-1.50121,-0.03415,0.00000
85680000000,-7.19679,-2.86475,0.02072,-0.01128,-0.00000,-0.00000,0.99994,-1.50118,-0.03388,0.00000
85700000000,-7.22681,-2.86538,0.02072,-0.01120,-0.00000,-0.00000,0.99994,-1.50116,-0.03362,0.00000
85720000000,-7.25683,-2.86602,0.02072,-0.01111,-0.00000,-0.00000,0.99994,-1.50113,-0.03336,0.00000
85740000000,-7.28686,-2.86664,0.02072,-0.01103,-0.00000,-0.00000,0.99994,-1.50111,-0.03311,0.00000
85760000000,-7.31688,-2.86727,0.02072,-0.01094,-0.00000,-0.00000,0.99994,-1.50108,-0.03286,0.00000
85780000000,-7.34690,-2.86789,0.02072,-0.01086,-0.00000,-0.00000,0.99994,-1.50106,-0.03262,0.00000
85800000000,-7.37692,-2.86850,0.02072,-0.01079,-0.00000,-0.00000,0.99994,-1.50104,-0.03239,0.00000
85820000000,-7.40695,-2.86912,0.02072,-0.01071,-0.00000,-0.00000,0.99994,-1.50102,-0.03215,0.00000
85840000000,-7.43697,-2.86972,0.02072,-0.01063,-0.00000,-0.00000,0.99994,-1.50099,-0.03193,0.00000
85860000000,-7.46699,-2.87033,0.02072,-0.01056,-0.00000,-0.00000,0.99994,-1.50097,-0.03170,0.00000
85880000000,-7.49701,-2.87093,0.02072,-0.01049,-0.00000,-0.00000,0.99995,-1.50095,-0.03148,0.00000
85900000000,-7.52703,-2.87152,0.02072,-0.01041,-0.00000,-0.00000,0.99995,-1.50093,-0.03127,0.00000
85920000000,-7.55704,-2.87212,0.02072,-0.01034,-0.00000,-0.00000,0.99995,-1.50091,-0.03106,0.00000
85940000000,-7.58706,-2.87271,0.02072,-0.01028,-0.00000,-0.00000,0.99995,-1.50089,-0.03085,0.00000
85960000000,-7.61708,-2.87329,0.02072,-0.01021,-0.00000,-0.00000,0.99995,-1.50087,-0.03065,0.00000
85980000000,-7.64710,-2.87387,0.02072,-0.01014,-0.00000,-0.00000,0.99995,-1.50085,-0.03045,0.00000
86000000000,-7.67718,-2.87445,0.02072,-0.01008,-0.00000,-0.00000,0.99995,-1.50669,-0.03039,0.00000
86020000000,-7.70742,-2.87503,0.02072,-0.01004,-0.00000,-0.00000,0.99995,-1.51367,-0.03039,0.00000
86040000000,-7.73787,-2.87562,0.02072,-0.01002,-0.00000,-0.00000,0.99995,-1.52554,-0.03057,0.00000
86060000000,-7.76849,-2.87621,0.02072,-0.01003,-0.00000,-0.00000,0.99995,-1.53382,-0.03079,0.00000
86080000000,-7.79925,-2.87683,0.02072,-0.01009,-0.00000,-0.00000,0.99995,-1.54044,-0.03110,0.00000
86100000000,-7.83010,-2.87746,0.02072,-0.01020,-0.00000,-0.00000,0.99995,-1.54120,-0.03144,0.00000
86120000000,-7.86073,-2.87812,0.02072,-0.01033,-0.00000,-0.00000,0.99995,-1.52827,-0.03158,0.00000
86140000000,-7.89111,-2.87880,0.02072,-0.01048,-0.00000,-0.00000,0.99995,-1.51622,-0.03178,0.00000
86160000000,-7.92149,-2.87949,0.02072,-0.01064,-0.00000,-0.00000,0.99994,-1.52153,-0.03238,0.00000
86180000000,-7.95202,-2.88021,0.02072,-0.01083,-0.00000,-0.00000,0.99994,-1.52886,-0.03314,0.00000
86200000000,-7.98271,-2.88095,0.02072,-0.01107,-0.00000,-0.00000,0.99994,-1.53663,-0.03403,0.00000
86220000000,-8.01357,-2.88172,0.02072,-0.01135,-0.00000,-0.00000,0.99994,-1.54548,-0.03510,0.00000
86240000000,-8.04451,-2.88253,0.02072,-0.01169,-0.00000,-0.00000,0.99993,-1.54496,-0.03614,0.00000
86260000000,-8.07521,-2.88338,0.02072,-0.01206,-0.00000,-0.00000,0.99993,-1.53194,-0.03695,0.00000
86280000000,-8.10566,-2.88426,0.02072,-0.01244,-0.00000,-0.00000,0.99992,-1.52056,-0.03783,0.00000
86300000000,-8.13614,-2.88518,0.02072,-0.01284,-0.00000,-0.00000,0.99992,-1.52676,-0.03922,0.00000
86320000000,-8.16673,-2.88613,0.02072,-0.01328,-0.00000,-0.00000,0.99991,-1.53097,-0.04068,0.00000
86340000000,-8.19752,-2.88713,0.02072,-0.01377,-0.00000,-0.00000,0.99991,-1.54251,-0.04250,0.00000
86360000000,-8.22847,-2.88818,0.02072,-0.01432,-0.00000,-0.00000,0.99990,-1.55029,-0.04442,0.00000
86380000000,-8.25956,-2.88928,0.02072,-0.01494,-0.00000,-0.00000,0.99989,-1.55574,-0.04649,0.00000
86400000000,-8.29083,-2.89045,0.02072,-0.01563,-0.00000,-0.00000,0.99988,-1.56665,-0.04900,0.00000
86420000000,-8.32227,-2.89170,0.02072,-0.01642,-0.00000,-0.00000,0.99987,-1.57497,-0.05175,0.00000
86440000000,-8.35382,-2.89303,0.02072,-0.01731,-0.00000,-0.00000,0.99985,-1.58010,-0.05473,0.00000
86460000000,-8.38551,-2.89446,0.02072,-0.01831,-0.00000,-0.00000,0.99983,-1.58606,-0.05810,0.00000
86480000000,-8.41736,-2.89599,0.02072,-0.01943,-0.00000,-0.00000,0.99981,-1.59596,-0.06204,0.00000
86500000000,-8.44923,-2.89764,0.02072,-0.02066,-0.00000,-0.00000,0.99979,-1.59142,-0.06580,0.00000
86520000000,-8.48084,-2.89940,0.02072,-0.02197,-0.00000,-0.00000,0.99976,-1.57752,-0.06936,0.00000
86540000000,-8.51216,-2.90128,0.02072,-0.02333,-0.00000,-0.00000,0.99973,-1.56395,-0.07302,0.00000
86560000000,-8.54322,-2.90325,0.02072,-0.02472,-0.00000,-0.00000,0.99969,-1.55070,-0.07673,0.00000
86580000000,-8.57401,-2.90533,0.02072,-0.02612,-0.00000,-0.00000,0.99966,-1.53776,-0.08042,0.00000
86600000000,-8.60455,-2.90750,0.02072,-0.02752,-0.00000,-0.00000,0.99962,-1.52511,-0.08405,0.00000
86620000000,-8.63487,-2.90976,0.02072,-0.02891,-0.00000,-0.00000,0.99958,-1.51603,-0.08777,0.00000
86640000000,-8.66526,-2.91212,0.02072,-0.03034,-0.00000,-0.00000,0.99954,-1.52337,-0.09255,0.00000
86660000000,-8.69578,-2.91457,0.02072,-0.03181,-0.00000,-0.00000,0.99949,-1.52881,-0.09741,0.00000
86680000000,-8.72646,-2.91713,0.02072,-0.03335,-0.00000,-0.00000,0.99944,-1.53813,-0.10278,0.00000
86700000000,-8.75727,-2.91981,0.02072,-0.03497,-0.00000,-0.00000,0.99939,-1.54374,-0.10818,0.00000
86720000000,-8.78826,-2.92261,0.02072,-0.03669,-0.00000,-0.00000,0.99933,-1.55389,-0.11425,0.00000
86740000000,-8.81935,-2.92554,0.02072,-0.03849,-0.00000,-0.00000,0.99926,-1.55833,-0.12024,0.00000
86760000000,-8.85062,-2.92862,0.02072,-0.04042,-0.00000,-0.00000,0.99918,-1.56785,-0.12707,0.00000
86780000000,-8.88199,-2.93185,0.02072,-0.04247,-0.00000,-0.00000,0.99910,-1.57249,-0.13392,0.00000
86800000000,-8.91346,-2.93524,0.02072,-0.04464,-0.00000,-0.00000,0.99900,-1.57750,-0.14127,0.00000
86820000000,-8.94502,-2.93882,0.02072,-0.04695,-0.00000,-0.00000,0.99890,-1.58091,-0.14895,0.00000
86840000000,-8.97669,-2.94258,0.02072,-0.04942,-0.00000,-0.00000,0.99878,-1.58900,-0.15763,0.00000
86860000000,-9.00847,-2.94654,0.02072,-0.05205,-0.00000,-0.00000,0.99864,-1.59319,-0.16653,0.00000
86880000000,-9.04038,-2.95072,0.02072,-0.05487,-0.00000,-0.00000,0.99849,-1.60083,-0.17647,0.00000
86900000000,-9.07236,-2.95513,0.02072,-0.05787,-0.00000,-0.00000,0.99832,-1.60386,-0.18659,0.00000
86920000000,-9.10440,-2.95979,0.02072,-0.06108,-0.00000,-0.00000,0.99813,-1.60704,-0.19742,0.00000
86940000000,-9.13653,-2.96471,0.02072,-0.06450,-0.00000,-0.00000,0.99792,-1.61337,-0.20945,0.00000
86960000000,-9.16872,-2.96990,0.02072,-0.06815,-0.00000,-0.00000,0.99767,-1.61541,-0.22174,0.00000
86980000000,-9.20094,-2.97539,0.02072,-0.07203,-0.00000,-0.00000,0.99740,-1.61689,-0.23477,0.00000
87000000000,-9.23322,-2.98119,0.02072,-0.07617,-0.00000,-0.00000,0.99710,-1.62161,-0.24920,0.00000
87020000000,-9.26546,-2.98732,0.02072,-0.08053,-0.00000,-0.00000,0.99675,-1.61633,-0.26289,0.00000
87040000000,-9.29737,-2.99377,0.02072,-0.08499,-0.00000,-0.00000,0.99638,-1.60023,-0.27498,0.00000
87060000000,-9.32895,-3.00053,0.02072,-0.08949,-0.00000,-0.00000,0.99599,-1.58455,-0.28708,0.00000
87080000000,-9.36020,-3.00761,0.02072,-0.09403,-0.00000,-0.00000,0.99557,-1.56928,-0.29911,0.00000
87100000000,-9.39112,-3.01499,0.02072,-0.09858,-0.00000,-0.00000,0.99513,-1.55443,-0.31101,0.00000
87120000000,-9.42173,-3.02267,0.02072,-0.10311,-0.00000,-0.00000,0.99467,-1.53999,-0.32273,0.00000
87140000000,-9.45203,-3.03063,0.02072,-0.10760,-0.00000,-0.00000,0.99419,-1.52597,-0.33421,0.00000
87160000000,-9.48203,-3.03888,0.02072,-0.11203,-0.00000,-0.00000,0.99370,-1.51236,-0.34540,0.00000
87180000000,-9.51175,-3.04739,0.02072,-0.11639,-0.00000,-0.00000,0.99320,-1.49915,-0.35626,0.00000
87200000000,-9.54118,-3.05617,0.02072,-0.12066,-0.00000,-0.00000,0.99269,-1.48637,-0.36675,0.00000
87220000000,-9.57033,-3.06519,0.02072,-0.12482,-0.00000,-0.00000,0.99218,-1.47398,-0.37684,0.00000
87240000000,-9.59923,-3.07443,0.02072,-0.12883,-0.00000,-0.00000,0.99167,-1.46291,-0.38663,0.00000
87260000000,-9.62798,-3.08378,0.02072,-0.13249,-0.00000,-0.00000,0.99118,-1.45426,-0.39585,0.00000
87280000000,-9.65648,-3.09331,0.02072,-0.13599,-0.00000,-0.00000,0.99071,-1.44327,-0.40383,0.00000
87300000000,-9.68476,-3.10303,0.02072,-0.13933,-0.00000,-0.00000,0.99025,-1.43268,-0.41129,0.00000
87320000000,-9.71283,-3.11291,0.02072,-0.14250,-0.00000,-0.00000,0.98979,-1.42462,-0.41890,0.00000
87340000000,-9.74088,-3.12296,0.02072,-0.14567,-0.00000,-0.00000,0.98933,-1.42638,-0.42935,0.00000
87360000000,-9.76900,-3.13319,0.02072,-0.14890,-0.00000,-0.00000,0.98885,-1.42906,-0.44037,0.00000
87380000000,-9.79717,-3.14361,0.02072,-0.15222,-0.00000,-0.00000,0.98835,-1.43176,-0.45175,0.00000
87400000000,-9.82539,-3.15422,0.02072,-0.15563,-0.00000,-0.00000,0.98782,-1.43336,-0.46314,0.00000
87420000000,-9.85364,-3.16507,0.02072,-0.15923,-0.00000,-0.00000,0.98724,-1.43569,-0.47549,0.00000
87440000000,-9.88186,-3.17622,0.02072,-0.16306,-0.00000,-0.00000,0.98662,-1.43510,-0.48768,0.00000
87460000000,-9.91009,-3.18759,0.02072,-0.16699,-0.00000,-0.00000,0.98596,-1.43589,-0.50076,0.00000
87480000000,-9.93836,-3.19919,0.02072,-0.17106,-0.00000,-0.00000,0.98526,-1.43863,-0.51507,0.00000
87500000000,-9.96664,-3.21104,0.02072,-0.17526,-0.00000,-0.00000,0.98452,-1.43787,-0.52867,0.00000
87520000000,-9.99494,-3.22314,0.02072,-0.17962,-0.00000,-0.00000,0.98374,-1.43952,-0.54380,0.00000
87540000000,-10.02322,-3.23551,0.02072,-0.18412,-0.00000,-0.00000,0.98290,-1.43806,-0.55836,0.00000
87560000000,-10.05146,-3.24816,0.02072,-0.18878,-0.00000,-0.00000,0.98202,-1.43643,-0.57347,0.00000
87580000000,-10.07962,-3.26109,0.02072,-0.19355,-0.00000,-0.00000,0.98109,-1.43035,-0.58723,0.00000
87600000000,-10.10748,-3.27431,0.02072,-0.19823,-0.00000,-0.00000,0.98016,-1.41727,-0.59771,0.00000
87620000000,-10.13504,-3.28780,0.02072,-0.20277,-0.00000,-0.00000,0.97923,-1.40467,-0.60779,0.00000
87640000000,-10.16231,-3.30156,0.02072,-0.20717,-0.00000,-0.00000,0.97831,-1.39256,-0.61747,0.00000
87660000000,-10.18931,-3.31556,0.02072,-0.21141,-0.00000,-0.00000,0.97740,-1.38095,-0.62671,0.00000
87680000000,-10.21611,-3.32974,0.02072,-0.21540,-0.00000,-0.00000,0.97653,-1.37252,-0.63647,0.00000
87700000000,-10.24281,-3.34418,0.02072,-0.21957,-0.00000,-0.00000,0.97560,-1.37093,-0.65002,0.00000
87720000000,-10.26950,-3.35887,0.02072,-0.22388,-0.00000,-0.00000,0.97462,-1.36872,-0.66387,0.00000
87740000000,-10.29616,-3.37379,0.02072,-0.22836,-0.00000,-0.00000,0.97358,-1.36766,-0.67894,0.00000
87760000000,-10.32279,-3.38896,0.02072,-0.23300,-0.00000,-0.00000,0.97248,-1.36498,-0.69391,0.00000
87780000000,-10.34935,-3.40439,0.02072,-0.23779,-0.00000,-0.00000,0.97132,-1.36142,-0.70910,0.00000
87800000000,-10.37583,-3.42009,0.02072,-0.24276,-0.00000,-0.00000,0.97009,-1.35715,-0.72463,0.00000
87820000000,-10.40220,-3.43607,0.02072,-0.24788,-0.00000,-0.00000,0.96879,-1.35169,-0.74017,0.00000
87840000000,-10.42845,-3.45234,0.02072,-0.25316,-0.00000,-0.00000,0.96742,-1.34505,-0.75570,0.00000
87860000000,-10.45459,-3.46890,0.02072,-0.25864,-0.00000,-0.00000,0.96597,-1.33953,-0.77273,0.00000
87880000000,-10.48056,-3.48577,0.02072,-0.26428,-0.00000,-0.00000,0.96445,-1.33110,-0.78873,0.00000
87900000000,-10.50639,-3.50296,0.02072,-0.27014,-0.00000,-0.00000,0.96282,-1.32394,-0.80640,0.00000
87920000000,-10.53204,-3.52046,0.02072,-0.27620,-0.00000,-0.00000,0.96110,-1.31487,-0.82377,0.00000
87940000000,-10.55748,-3.53830,0.02072,-0.28246,-0.00000,-0.00000,0.95928,-1.30487,-0.84139,0.00000
87960000000,-10.58270,-3.55648,0.02072,-0.28891,-0.00000,-0.00000,0.95736,-1.29367,-0.85905,0.00000
87980000000,-10.60768,-3.57501,0.02072,-0.29558,-0.00000,-0.00000,0.95532,-1.28222,-0.87746,0.00000
88000000000,-10.63243,-3.59388,0.02072,-0.30251,-0.00000,-0.00000,0.95315,-1.27012,-0.89651,0.00000
88020000000,-10.65688,-3.61312,0.02072,-0.30966,-0.00000,-0.00000,0.95085,-1.25631,-0.91536,0.00000
88040000000,-10.68102,-3.63273,0.02072,-0.31703,-0.00000,-0.00000,0.94842,-1.24113,-0.93411,0.00000
88060000000,-10.70482,-3.65272,0.02072,-0.32461,-0.00000,-0.00000,0.94585,-1.22504,-0.95313,0.00000
88080000000,-10.72828,-3.67308,0.02072,-0.33246,-0.00000,-0.00000,0.94312,-1.20834,-0.97280,0.00000
88100000000,-10.75136,-3.69382,0.02072,-0.34055,-0.00000,-0.00000,0.94023,-1.19002,-0.99221,0.00000
88120000000,-10.77402,-3.71495,0.02072,-0.34885,-0.00000,-0.00000,0.93718,-1.17023,-1.01131,0.00000
88140000000,-10.79619,-3.73649,0.02072,-0.35722,-0.00000,-0.00000,0.93402,-1.14856,-1.02905,0.00000
88160000000,-10.81779,-3.75845,0.02072,-0.36546,-0.00000,-0.00000,0.93083,-1.12648,-1.04574,0.00000
88180000000,-10.83883,-3.78085,0.02072,-0.37358,-0.00000,-0.00000,0.92760,-1.10493,-1.06228,0.00000
88200000000,-10.85931,-3.80367,0.02072,-0.38157,-0.00000,-0.00000,0.92434,-1.08390,-1.07866,0.00000
88220000000,-10.87925,-3.82690,0.02072,-0.38942,-0.00000,-0.00000,0.92106,-1.06338,-1.09489,0.00000
88240000000,-10.89865,-3.85053,0.02072,-0.39712,-0.00000,-0.00000,0.91777,-1.04338,-1.11096,0.00000
88260000000,-10.91754,-3.87455,0.02072,-0.40467,-0.00000,-0.00000,0.91446,-1.02388,-1.12687,0.00000
88280000000,-10.93591,-3.89894,0.02072,-0.41207,-0.00000,-0.00000,0.91115,-1.00489,-1.14261,0.00000
88300000000,-10.95379,-3.92371,0.02072,-0.41930,-0.00000,-0.00000,0.90785,-0.98638,-1.15819,0.00000
88320000000,-10.97119,-3.94883,0.02072,-0.42636,-0.00000,-0.00000,0.90456,-0.96837,-1.17360,0.00000
88340000000,-10.98811,-3.97430,0.02072,-0.43324,-0.00000,-0.00000,0.90128,-0.95084,-1.18884,0.00000
88360000000,-11.00458,-4.00010,0.02072,-0.43995,-0.00000,-0.00000,0.89802,-0.93379,-1.20391,0.00000
88380000000,-11.02072,-4.02611,0.02072,-0.44632,-0.00000,-0.00000,0.89487,-0.91591,-1.21614,0.00000
88400000000,-11.03649,-4.05227,0.02072,-0.45241,-0.00000,-0.00000,0.89181,-0.89783,-1.22658,0.00000
88420000000,-11.05185,-4.07864,0.02072,-0.45833,-0.00000,-0.00000,0.88878,-0.88015,-1.23663,0.00000
88440000000,-11.06682,-4.10518,0.02072,-0.46409,-0.00000,-0.00000,0.88579,-0.86273,-1.24608,0.00000
88460000000,-11.08140,-4.13188,0.02072,-0.46969,-0.00000,-0.00000,0.88283,-0.84559,-1.25496,0.00000
88480000000,-11.09561,-4.15874,0.02072,-0.47511,-0.00000,-0.00000,0.87993,-0.82878,-1.26327,0.00000
88500000000,-11.10945,-4.18572,0.02072,-0.48036,-0.00000,-0.00000,0.87707,-0.81230,-1.27104,0.00000
88520000000,-11.12296,-4.21283,0.02072,-0.48544,-0.00000,-0.00000,0.87427,-0.79619,-1.27827,0.00000
88540000000,-11.13613,-4.24004,0.02072,-0.49034,-0.00000,-0.00000,0.87153,-0.78048,-1.28498,0.00000
88560000000,-11.14899,-4.26735,0.02072,-0.49507,-0.00000,-0.00000,0.86886,-0.76519,-1.29120,0.00000
88580000000,-11.16155,-4.29473,0.02072,-0.49961,-0.00000,-0.00000,0.86625,-0.75036,-1.29694,0.00000
88600000000,-11.17383,-4.32219,0.02072,0.50396,0.00000,0.00000,-0.86373,-0.73602,-1.30223,0.00000
88620000000,-11.18585,-4.34970,0.02072,0.50815,0.00000,0.00000,-0.86127,-0.72235,-1.30756,0.00000
88640000000,-11.19766,-4.37727,0.02072,0.51227,0.00000,0.00000,-0.85882,-0.70910,-1.31312,0.00000
88660000000,-11.20926,-4.40488,0.02072,0.51631,0.00000,0.00000,-0.85640,-0.69591,-1.31828,0.00000
88680000000,-11.22065,-4.43254,0.02072,0.52029,0.00000,0.00000,-0.85399,-0.68278,-1.32305,0.00000
88700000000,-11.23184,-4.46022,0.02072,0.52421,0.00000,0.00000,-0.85159,-0.66975,-1.32759,0.00000
88720000000,-11.24286,-4.48794,0.02072,0.52815,0.00000,0.00000,-0.84915,-0.65685,-1.33258,0.00000
88740000000,-11.25369,-4.51568,0.02072,0.53211,0.00000,0.00000,-0.84667,-0.64349,-1.33688,0.00000
88760000000,-11.26432,-4.54345,0.02072,0.53612,0.00000,0.00000,-0.84414,-0.62990,-1.34103,0.00000
88780000000,-11.27475,-4.57123,0.02072,0.54016,0.00000,0.00000,-0.84156,-0.61590,-1.34459,0.00000
88800000000,-11.28495,-4.59903,0.02072,0.54423,0.00000,0.00000,-0.83894,-0.60150,-1.34744,0.00000
88820000000,-11.29492,-4.62684,0.02072,0.54834,0.00000,0.00000,-0.83625,-0.58752,-1.35162,0.00000
88840000000,-11.30467,-4.65479,0.02072,0.55244,0.00000,0.00000,-0.83355,-0.57512,-1.35947,0.00000
88860000000,-11.31411,-4.68275,0.02072,0.55644,0.00000,0.00000,-0.83089,-0.55993,-1.35987,0.00000
88880000000,-11.32326,-4.71069,0.02072,0.56033,0.00000,0.00000,-0.82827,-0.54507,-1.35984,0.00000
88900000000,-11.33213,-4.73860,0.02072,0.56410,0.00000,0.00000,-0.82571,-0.53057,-1.35941,0.00000
88920000000,-11.34073,-4.76647,0.02072,0.56774,0.00000,0.00000,-0.82321,-0.51647,-1.35861,0.00000
88940000000,-11.34908,-4.79429,0.02072,0.57127,0.00000,0.00000,-0.82077,-0.50278,-1.35753,0.00000
88960000000,-11.35721,-4.82206,0.02072,0.57472,0.00000,0.00000,-0.81835,-0.48950,-1.35665,0.00000
88980000000,-11.36513,-4.84977,0.02072,0.57812,0.00000,0.00000,-0.81595,-0.47634,-1.35544,0.00000
89000000000,-11.37285,-4.87741,0.02072,0.58148,0.00000,0.00000,-0.81356,-0.46329,-1.35387,0.00000
89020000000,-11.38038,-4.90502,0.02072,0.58478,0.00000,0.00000,-0.81119,-0.45141,-1.35502,0.00000
89040000000,-11.38772,-4.93270,0.02072,0.58801,0.00000,0.00000,-0.80886,-0.44105,-1.35994,0.00000
89060000000,-11.39488,-4.96045,0.02072,0.59116,0.00000,0.00000,-0.80655,-0.43084,-1.36470,0.00000
89080000000,-11.40187,-4.98827,0.02072,0.59424,0.00000,0.00000,-0.80429,-0.42079,-1.36928,0.00000
89100000000,-11.40869,-5.01616,0.02072,0.59725,0.00000,0.00000,-0.80205,-0.41091,-1.37369,0.00000
89120000000,-11.41534,-5.04412,0.02072,0.60019,0.00000,0.00000,-0.79985,-0.40117,-1.37795,0.00000
89140000000,-11.42182,-5.07214,0.02072,0.60307,0.00000,0.00000,-0.79769,-0.39160,-1.38206,0.00000
89160000000,-11.42814,-5.10023,0.02072,0.60588,0.00000,0.00000,-0.79556,-0.38218,-1.38602,0.00000
89180000000,-11.43429,-5.12837,0.02072,0.60863,0.00000,0.00000,-0.79346,-0.37292,-1.38983,0.00000
89200000000,-11.44029,-5.15657,0.02072,0.61131,0.00000,0.00000,-0.79139,-0.36380,-1.39351,0.00000
89220000000,-11.44613,-5.18483,0.02072,0.61393,0.00000,0.00000,-0.78936,-0.35484,-1.39706,0.00000
89240000000,-11.45182,-5.21314,0.02072,0.61650,0.00000,0.00000,-0.78736,-0.34603,-1.40047,0.00000
89260000000,-11.45736,-5.24151,0.02072,0.61900,0.00000,0.00000,-0.78539,-0.33736,-1.40377,0.00000
89280000000,-11.46275,-5.26992,0.02072,0.62145,0.00000,0.00000,-0.78345,-0.32885,-1.40695,0.00000
89300000000,-11.46800,-5.29838,0.02072,0.62385,0.00000,0.00000,-0.78155,-0.32047,-1.41001,0.00000
89320000000,-11.47311,-5.32691,0.02072,0.62619,0.00000,0.00000,-0.77967,-0.31260,-1.41462,0.00000
89340000000,-11.47810,-5.35566,0.02072,0.62850,0.00000,0.00000,-0.77781,-0.30674,-1.42822,0.00000
89360000000,-11.48299,-5.38468,0.02072,0.63078,0.00000,0.00000,-0.77596,-0.30088,-1.44224,0.00000
89380000000,-11.48775,-5.41394,0.02072,0.63306,0.00000,0.00000,-0.77411,-0.29446,-1.45404,0.00000
89400000000,-11.49237,-5.44337,0.02072,0.63531,0.00000,0.00000,-0.77225,-0.28748,-1.46346,0.00000
89420000000,-11.49685,-5.47296,0.02072,0.63756,0.00000,0.00000,-0.77040,-0.27969,-1.46910,0.00000
89440000000,-11.50119,-5.50275,0.02072,0.63981,0.00000,0.00000,-0.76853,-0.27325,-1.48241,0.00000
89460000000,-11.50535,-5.53262,0.02072,0.64207,0.00000,0.00000,-0.76665,-0.26391,-1.48048,0.00000
89480000000,-11.50932,-5.56229,0.02072,0.64428,0.00000,0.00000,-0.76479,-0.25348,-1.47120,0.00000
89500000000,-11.51309,-5.59177,0.02072,0.64646,0.00000,0.00000,-0.76295,-0.24329,-1.46178,0.00000
89520000000,-11.51669,-5.62104,0.02072,0.64859,0.00000,0.00000,-0.76114,-0.23337,-1.45223,0.00000
89540000000,-11.52012,-5.65011,0.02072,0.65067,0.00000,0.00000,-0.75936,-0.22374,-1.44255,0.00000
89560000000,-11.52339,-5.67902,0.02072,0.65269,0.00000,0.00000,-0.75763,-0.21502,-1.43689,0.00000
89580000000,-11.52654,-5.70797,0.02072,0.65467,0.00000,0.00000,-0.75592,-0.20802,-1.44164,0.00000
89600000000,-11.52958,-5.73716,0.02072,0.65662,0.00000,0.00000,-0.75422,-0.20234,-1.45557,0.00000
89620000000,-11.53250,-5.76657,0.02072,0.65856,0.00000,0.00000,-0.75253,-0.19622,-1.46680,0.00000
89640000000,-11.53530,-5.79618,0.02072,0.66049,0.00000,0.00000,-0.75084,-0.18983,-1.47651,0.00000
89660000000,-11.53798,-5.82596,0.02072,0.66240,0.00000,0.00000,-0.74915,-0.18325,-1.48539,0.00000
89680000000,-11.54051,-5.85585,0.02072,0.66432,0.00000,0.00000,-0.74745,-0.17572,-1.48682,0.00000
89700000000,-11.54288,-5.88554,0.02072,0.66620,0.00000,0.00000,-0.74577,-0.16687,-1.47581,0.00000
89720000000,-11.54509,-5.91500,0.02072,0.66805,0.00000,0.00000,-0.74412,-0.15829,-1.46494,0.00000
89740000000,-11.54716,-5.94424,0.02072,0.66985,0.00000,0.00000,-0.74250,-0.15001,-1.45419,0.00000
89760000000,-11.54910,-5.97335,0.02072,0.67160,0.00000,0.00000,-0.74091,-0.14278,-1.45125,0.00000
89780000000,-11.55092,-6.00249,0.02072,0.67331,0.00000,0.00000,-0.73936,-0.13613,-1.45273,0.00000
89800000000,-11.55263,-6.03165,0.02072,0.67499,0.00000,0.00000,-0.73783,-0.12960,-1.45415,0.00000
89820000000,-11.55423,-6.06083,0.02072,0.67663,0.00000,0.00000,-0.73632,-0.12319,-1.45551,0.00000
89840000000,-11.55573,-6.09003,0.02072,0.67824,0.00000,0.00000,-0.73484,-0.11691,-1.45681,0.00000
89860000000,-11.55711,-6.11925,0.02072,0.67981,0.00000,0.00000,-0.73339,-0.11074,-1.45806,0.00000
89880000000,-11.55839,-6.14850,0.02072,0.68134,0.00000,0.00000,-0.73197,-0.10468,-1.45926,0.00000
89900000000,-11.55957,-6.17776,0.02072,0.68284,0.00000,0.00000,-0.73057,-0.09874,-1.46042,0.00000
89920000000,-11.56064,-6.20703,0.02072,0.68431,0.00000,0.00000,-0.72919,-0.09291,-1.46152,0.00000
89940000000,-11.56162,-6.23633,0.02072,0.68575,0.00000,0.00000,-0.72784,-0.08718,-1.46259,0.00000
89960000000,-11.56250,-6.26564,0.02072,0.68715,0.00000,0.00000,-0.72651,-0.08157,-1.46360,0.00000
89980000000,-11.56329,-6.29497,0.02072,0.68853,0.00000,0.00000,-0.72521,-0.07606,-1.46458,0.00000
90000000000,-11.56398,-6.32431,0.02072,0.68987,0.00000,0.00000,-0.72393,-0.07065,-1.46552,0.00000
90020000000,-11.56458,-6.35367,0.02072,0.69119,0.00000,0.00000,-0.72267,-0.06535,-1.46642,0.00000
90040000000,-11.56509,-6.38304,0.02072,0.69248,0.00000,0.00000,-0.72144,-0.06014,-1.46728,0.00000
90060000000,-11.56551,-6.41243,0.02072,0.69374,0.00000,0.00000,-0.72023,-0.05504,-1.46811,0.00000
90080000000,-11.56584,-6.44183,0.02072,0.69497,0.00000,0.00000,-0.71904,-0.05003,-1.46890,0.00000
90100000000,-11.56609,-6.47124,0.02072,0.69617,0.00000,0.00000,-0.71787,-0.04511,-1.46967,0.00000
90120000000,-11.56626,-6.50066,0.02072,0.69735,0.00000,0.00000,-0.71673,-0.04029,-1.47040,0.00000
90140000000,-11.56634,-6.53010,0.02072,0.69851,0.00000,0.00000,-0.71560,-0.03557,-1.47110,0.00000
90160000000,-11.56634,-6.55954,0.02072,0.69964,0.00000,0.00000,-0.71450,-0.03093,-1.47177,0.00000
90180000000,-11.56627,-6.58900,0.02072,0.70075,0.00000,0.00000,-0.71341,-0.02638,-1.47241,0.00000
90200000000,-11.56611,-6.61847,0.02072,0.70183,0.00000,0.00000,-0.71235,-0.02191,-1.47303,0.00000
90220000000,-11.56589,-6.64795,0.02072,0.70289,0.00000,0.00000,-0.71130,-0.01754,-1.47362,0.00000
90240000000,-11.56558,-6.67743,0.02072,0.70392,0.00000,0.00000,-0.71028,-0.01324,-1.47419,0.00000
90260000000,-11.56521,-6.70693,0.02072,0.70494,0.00000,0.00000,-0.70927,-0.00903,-1.47473,0.00000
90280000000,-11.56476,-6.73643,0.02072,0.70593,0.00000,0.00000,-0.70828,-0.00490,-1.47525,0.00000
90300000000,-11.56424,-6.76595,0.02072,0.70690,0.00000,0.00000,-0.70731,-0.00085,-1.47575,0.00000
90320000000,-11.56366,-6.79547,0.02072,0.70785,0.00000,0.00000,-0.70636,0.00312,-1.47627,0.00000
90340000000,-11.56300,-6.82500,0.02072,0.70878,0.00000,0.00000,-0.70543,0.00700,-1.47679,0.00000
90360000000,-11.56228,-6.85454,0.02072,0.70969,0.00000,0.00000,-0.70452,0.01080,-1.47729,0.00000
90380000000,-11.56149,-6.88409,0.02072,0.71057,0.00000,0.00000,-0.70362,0.01452,-1.47776,0.00000
90400000000,-11.56064,-6.91365,0.02072,0.71144,0.00000,0.00000,-0.70275,0.01816,-1.47822,0.00000
90420000000,-11.55972,-6.94321,0.02072,0.71228,0.00000,0.00000,-0.70190,0.02171,-1.47866,0.00000
90440000000,-11.55875,-6.97278,0.02072,0.71310,0.00000,0.00000,-0.70106,0.02520,-1.47907,0.00000
90460000000,-11.55771,-7.00236,0.02072,0.71391,0.00000,0.00000,-0.70024,0.02860,-1.47947,0.00000
90480000000,-11.55662,-7.03195,0.02072,0.71469,0.00000,0.00000,-0.69944,0.03193,-1.47986,0.00000
90500000000,-11.55546,-7.06154,0.02072,0.71546,0.00000,0.00000,-0.69865,0.03520,-1.48022,0.00000
90520000000,-11.55426,-7.09114,0.02072,0.71621,0.00000,0.00000,-0.69788,0.03839,-1.48057,0.00000
90540000000,-11.55299,-7.12074,0.02072,0.71694,0.00000,0.00000,-0.69713,0.04151,-1.48091,0.00000
90560000000,-11.55168,-7.15035,0.02072,0.71766,0.00000,0.00000,-0.69639,0.04457,-1.48123,0.00000
90580000000,-11.55031,-7.17997,0.02072,0.71836,0.00000,0.00000,-0.69567,0.04756,-1.48153,0.00000
90600000000,-11.54889,-7.20959,0.02072,0.71904,0.00000,0.00000,-0.69496,0.05049,-1.48183,0.00000
90620000000,-11.54742,-7.23921,0.02072,0.71971,0.00000,0.00000,-0.69427,0.05335,-1.48211,0.00000
90640000000,-11.54590,-7.26885,0.02072,0.72037,0.00000,0.00000,-0.69359,0.05616,-1.48238,0.00000
90660000000,-11.54434,-7.29848,0.02072,0.72100,0.00000,0.00000,-0.69293,0.05890,-1.48263,0.00000
90680000000,-11.54273,-7.32812,0.02072,0.72163,0.00000,0.00000,-0.69228,0.06159,-1.48288,0.00000
90700000000,-11.54107,-7.35777,0.02072,0.72224,0.00000,0.00000,-0.69164,0.06422,-1.48311,0.00000
90720000000,-11.53936,-7.38742,0.02072,0.72284,0.00000,0.00000,-0.69102,0.06679,-1.48334,0.00000
90740000000,-11.53762,-7.41707,0.02072,0.72342,0.00000,0.00000,-0.69041,0.06931,-1.48355,0.00000
90760000000,-11.53583,-7.44673,0.02072,0.72399,0.00000,0.00000,-0.68981,0.07178,-1.48376,0.00000
90780000000,-11.53400,-7.47639,0.02072,0.72455,0.00000,0.00000,-0.68923,0.07419,-1.48396,0.00000
90800000000,-11.53213,-7.50605,0.02072,0.72509,0.00000,0.00000,-0.68865,0.07656,-1.48415,0.00000
90820000000,-11.53021,-7.53572,0.02072,0.72562,0.00000,0.00000,-0.68809,0.07887,-1.48433,0.00000
90840000000,-11.52826,-7.56539,0.02072,0.72615,0.00000,0.00000,-0.68754,0.08114,-1.48450,0.00000
90860000000,-11.52627,-7.59506,0.02072,0.72666,0.00000,0.00000,-0.68700,0.08336,-1.48466,0.00000
90880000000,-11.52425,-7.62474,0.02072,0.72715,0.00000,0.00000,-0.68647,0.08553,-1.48482,0.00000
90900000000,-11.52218,-7.65442,0.02072,0.72764,0.00000,0.00000,-0.68596,0.08766,-1.48497,0.00000
90920000000,-11.52008,-7.68410,0.02072,0.72812,0.00000,0.00000,-0.68545,0.08974,-1.48511,0.00000
90940000000,-11.51795,-7.71375,0.02072,0.72858,0.00000,0.00000,-0.68496,0.09152,-1.48144,0.00000
90960000000,-11.51579,-7.74319,0.02072,0.72900,0.00000,0.00000,-0.68451,0.09264,-1.47014,0.00000
90980000000,-11.51360,-7.77249,0.02072,0.72939,0.00000,0.00000,-0.68410,0.09390,-1.46392,0.00000
91000000000,-11.51141,-7.80167,0.02072,0.72973,0.00000,0.00000,-0.68373,0.09508,-1.45929,0.00000
91020000000,-11.50920,-7.83067,0.02072,0.73002,0.00000,0.00000,-0.68342,0.09561,-1.44843,0.00000
91040000000,-11.50700,-7.85954,0.02072,0.73026,0.00000,0.00000,-0.68317,0.09631,-1.44374,0.00000
91060000000,-11.50480,-7.88824,0.02072,0.73044,0.00000,0.00000,-0.68298,0.09635,-1.43315,0.00000
91080000000,-11.50262,-7.91681,0.02072,0.73055,0.00000,0.00000,-0.68286,0.09656,-1.42908,0.00000
91100000000,-11.50046,-7.94523,0.02072,0.73060,0.00000,0.00000,-0.68281,0.09607,-1.41891,0.00000
91120000000,-11.49834,-7.97349,0.02072,0.73057,0.00000,0.00000,-0.68283,0.09552,-1.41242,0.00000
91140000000,-11.49626,-8.00173,0.02072,0.73049,0.00000,0.00000,-0.68293,0.09538,-1.41562,0.00000
91160000000,-11.49422,-8.03023,0.02072,0.73037,0.00000,0.00000,-0.68305,0.09578,-1.42866,0.00000
91180000000,-11.49222,-8.05899,0.02072,0.73025,0.00000,0.00000,-0.68318,0.09611,-1.44151,0.00000
91200000000,-11.49025,-8.08801,0.02072,0.73011,0.00000,0.00000,-0.68333,0.09637,-1.45416,0.00000
91220000000,-11.48831,-8.11728,0.02072,0.72998,0.00000,0.00000,-0.68347,0.09661,-1.46661,0.00000
91240000000,-11.48640,-8.14680,0.02072,0.72985,0.00000,0.00000,-0.68361,0.09686,-1.47887,0.00000
91260000000,-11.48450,-8.17656,0.02072,0.72973,0.00000,0.00000,-0.68373,0.09715,-1.49094,0.00000
91280000000,-11.48258,-8.20649,0.02072,0.72970,0.00000,0.00000,-0.68377,0.09739,-1.49684,0.00000
91300000000,-11.48063,-8.23643,0.02072,0.72970,0.00000,0.00000,-0.68377,0.09739,-1.49684,0.00000
91320000000,-11.47868,-8.26636,0.02072,0.72970,0.00000,0.00000,-0.68377,0.09739,-1.49684,0.00000
91340000000,-11.47673,-8.29630,0.02072,0.72970,0.00000,0.00000,-0.68377,0.09739,-1.49684,0.00000
91360000000,-11.47478,-8.32624,0.02072,0.72970,0.00000,0.00000,-0.68377,0.09739,-1.49684,0.00000
91380000000,-11.47284,-8.35617,0.02072,0.72970,0.00000,0.00000,-0.68377,0.09739,-1.49684,0.00000
91400000000,-11.47089,-8.38611,0.02072,0.72970,0.00000,0.00000,-0.68377,0.09739,-1.49684,0.00000
91420000000,-11.46894,-8.41605,0.02072,0.72970,0.00000,0.00000,-0.68377,0.09739,-1.49684,0.00000
91440000000,-11.46699,-8.44598,0.02072,0.72970,0.00000,0.00000,-0.68377,0.09739,-1.49684,0.00000
91460000000,-11.46505,-8.47592,0.02072,0.72970,0.00000,0.00000,-0.68377,0.09739,-1.49684,0.00000
91480000000,-11.46310,-8.50586,0.02072,0.72970,0.00000,0.00000,-0.68377,0.09739,-1.49684,0.00000
91500000000,-11.46115,-8.53579,0.02072,0.72970,0.00000,0.00000,-0.68377,0.09739,-1.49684,0.00000
91520000000,-11.45920,-8.56573,0.02072,0.72970,0.00000,0.00000,-0.68377,0.09739,-1.49684,0.00000
91540000000,-11.45725,-8.59567,0.02072,0.72970,0.00000,0.00000,-0.68377,0.09739,-1.49684,0.00000
91560000000,-11.45531,-8.62560,0.02072,0.72970,0.00000,0.00000,-0.68377,0.09739,-1.49684,0.00000
91580000000,-11.45336,-8.65554,0.02072,0.72970,0.00000,0.00000,-0.68377,0.09739,-1.49684,0.00000
91600000000,-11.45141,-8.68548,0.02072,0.72970,0.00000,0.00000,-0.68377,0.09739,-1.49684,0.00000
91620000000,-11.44946,-8.71541,0.02072,0.72970,0.00000,0.00000,-0.68377,0.09739,-1.49684,0.00000
91640000000,-11.44752,-8.74535,0.02072,0.72970,0.00000,0.00000,-0.68377,0.09739,-1.49684,0.00000
91660000000,-11.44557,-8.77529,0.02072,0.72970,0.00000,0.00000,-0.68377,0.09739,-1.49684,0.00000
91680000000,-11.44362,-8.80522,0.02072,0.72970,0.00000,0.00000,-0.68377,0.09739,-1.49684,0.00000
91700000000,-11.44167,-8.83516,0.02072,0.72970,0.00000,0.00000,-0.68377,0.09739,-1.49684,0.00000
91720000000,-11.43972,-8.86510,0.02072,0.72970,0.00000,0.00000,-0.68377,0.09739,-1.49684,0.00000
91740000000,-11.43778,-8.89503,0.02072,0.72970,0.00000,0.00000,-0.68377,0.09739,-1.49684,0.00000
91760000000,-11.43583,-8.92497,0.02072,0.72970,0.00000,0.00000,-0.68377,0.09739,-1.49684,0.00000
91780000000,-11.43388,-8.95491,0.02072,0.72970,0.00000,0.00000,-0.68377,0.09739,-1.49684,0.00000
91800000000,-11.43193,-8.98484,0.02072,0.72970,0.00000,0.00000,-0.68377,0.09739,-1.49684,0.00000
91820000000,-11.42999,-9.01478,0.02072,0.72970,0.00000,0.00000,-0.68377,0.09739,-1.49684,0.00000
91840000000,-11.42804,-9.04472,0.02072,0.72970,0.00000,0.00000,-0.68377,0.09739,-1.49684,0.00000
91860000000,-11.42609,-9.07465,0.02072,0.72970,0.00000,0.00000,-0.68377,0.09739,-1.49684,0.00000
91880000000,-11.42414,-9.10459,0.02072,0.72970,0.00000,0.00000,-0.68377,0.09739,-1.49684,0.00000
91900000000,-11.42219,-9.13453,0.02072,0.72970,0.00000,0.00000,-0.68377,0.09739,-1.49684,0.00000
91920000000,-11.42025,-9.16446,0.02072,0.72970,0.00000,0.00000,-0.68377,0.09739,-1.49684,0.00000
91940000000,-11.41830,-9.19440,0.02072,0.72970,0.00000,0.00000,-0.68377,0.09739,-1.49684,0.00000
91960000000,-11.41635,-9.22434,0.02072,0.72970,0.00000,0.00000,-0.68377,0.09739,-1.49684,0.00000
91980000000,-11.41440,-9.25427,0.02072,0.72970,0.00000,0.00000,-0.68377,0.09739,-1.49684,0.00000
92000000000,-11.41246,-9.28421,0.02072,0.72970,0.00000,0.00000,-0.68377,0.09739,-1.49684,0.00000
92020000000,-11.41051,-9.31415,0.02072,0.72970,0.00000,0.00000,-0.68377,0.09739,-1.49684,0.00000
92040000000,-11.40856,-9.34408,0.02072,0.72970,0.00000,0.00000,-0.68377,0.09739,-1.49684,0.00000
92060000000,-11.40661,-9.37402,0.02072,0.72970,0.00000,0.00000,-0.68377,0.09739,-1.49684,0.00000
92080000000,-11.40466,-9.40396,0.02072,0.72970,0.00000,0.00000,-0.68377,0.09739,-1.49684,0.00000
92100000000,-11.40272,-9.43389,0.02072,0.72970,0.00000,0.00000,-0.68377,0.09739,-1.49684,0.00000
92120000000,-11.40077,-9.46383,0.02072,0.72970,0.00000,0.00000,-0.68377,0.09739,-1.49684,0.00000
92140000000,-11.39882,-9.49377,0.02072,0.72970,0.00000,0.00000,-0.68377,0.09739,-1.49684,0.00000
92160000000,-11.39687,-9.52370,0.02072,0.72970,0.00000,0.00000,-0.68377,0.09739,-1.49684,0.00000
92180000000,-11.39493,-9.55364,0.02072,0.72970,0.00000,0.00000,-0.68377,0.09739,-1.49684,0.00000
92200000000,-11.39298,-9.58358,0.02072,0.72970,0.00000,0.00000,-0.68377,0.09739,-1.49684,0.00000
92220000000,-11.39103,-9.61351,0.02072,0.72970,0.00000,0.00000,-0.68377,0.09739,-1.49684,0.00000
92240000000,-11.38908,-9.64345,0.02072,0.72970,0.00000,0.00000,-0.68377,0.09739,-1.49684,0.00000
92260000000,-11.38713,-9.67339,0.02072,0.72970,0.00000,0.00000,-0.68377,0.09739,-1.49684,0.00000
92280000000,-11.38519,-9.70332,0.02072,0.72970,0.00000,0.00000,-0.68377,0.09739,-1.49684,0.00000
92300000000,-11.38324,-9.73326,0.02072,0.72970,0.00000,0.00000,-0.68377,0.09739,-1.49684,0.00000
92320000000,-11.38129,-9.76320,0.02072,0.72970,0.00000,0.00000,-0.68377,0.09739,-1.49684,0.00000
92340000000,-11.37934,-9.79313,0.02072,0.72970,0.00000,0.00000,-0.68377,0.09739,-1.49684,0.00000
92360000000,-11.37740,-9.82307,0.02072,0.72970,0.00000,0.00000,-0.68377,0.09739,-1.49684,0.00000
92380000000,-11.37545,-9.85301,0.02072,0.72970,0.00000,0.00000,-0.68377,0.09739,-1.49684,0.00000
92400000000,-11.37350,-9.88294,0.02072,0.72970,0.00000,0.00000,-0.68377,0.09739,-1.49684,0.00000
92420000000,-11.37155,-9.91288,0.02072,0.72970,0.00000,0.00000,-0.68377,0.09739,-1.49684,0.00000
92440000000,-11.36961,-9.94282,0.02072,0.72970,0.00000,0.00000,-0.68377,0.09739,-1.49684,0.00000
92460000000,-11.36766,-9.97275,0.02072,0.72970,0.00000,0.00000,-0.68377,0.09739,-1.49684,0.00000
92480000000,-11.36571,-10.00269,0.02072,0.72970,0.00000,0.00000,-0.68377,0.09739,-1.49684,0.00000
92500000000,-11.36376,-10.03263,0.02072,0.72970,0.00000,0.00000,-0.68377,0.09739,-1.49684,0.00000
92520000000,-11.36181,-10.06256,0.02072,0.72970,0.00000,0.00000,-0.68377,0.09739,-1.49684,0.00000
92540000000,-11.35987,-10.09250,0.02072,0.72970,0.00000,0.00000,-0.68377,0.09739,-1.49684,0.00000
92560000000,-11.35792,-10.12244,0.02072,0.72970,0.00000,0.00000,-0.68377,0.09739,-1.49684,0.00000
92580000000,-11.35597,-10.15237,0.02072,0.72970,0.00000,0.00000,-0.68377,0.09739,-1.49684,0.00000
92600000000,-11.35402,-10.18231,0.02072,0.72970,0.00000,0.00000,-0.68377,0.09739,-1.49684,0.00000
92620000000,-11.35208,-10.21225,0.02072,0.72970,0.00000,0.00000,-0.68377,0.09739,-1.49684,0.00000
92640000000,-11.35013,-10.24218,0.02072,0.72970,0.00000,0.00000,-0.68377,0.09739,-1.49684,0.00000
92660000000,-11.34818,-10.27212,0.02072,0.72970,0.00000,0.00000,-0.68377,0.09739,-1.49684,0.00000
92680000000,-11.34623,-10.30206,0.02072,0.72970,0.00000,0.00000,-0.68377,0.09739,-1.49684,0.00000
92700000000,-11.34429,-10.33199,0.02072,0.72970,0.00000,0.00000,-0.68377,0.09739,-1.49684,0.00000
92720000000,-11.34234,-10.36193,0.02072,0.72970,0.00000,0.00000,-0.68377,0.09739,-1.49684,0.00000
92740000000,-11.34039,-10.39187,0.02072,0.72970,0.00000,0.00000,-0.68377,0.09739,-1.49684,0.00000
92760000000,-11.33844,-10.42180,0.02072,0.72970,0.00000,0.00000,-0.68377,0.09739,-1.49684,0.00000
92780000000,-11.33649,-10.45174,0.02072,0.72970,0.00000,0.00000,-0.68377,0.09739,-1.49684,0.00000
92800000000,-11.33455,-10.48168,0.02072,0.72970,0.00000,0.00000,-0.68377,0.09739,-1.49684,0.00000
92820000000,-11.33260,-10.51162,0.02072,0.72970,0.00000,0.00000,-0.68377,0.09739,-1.49684,0.00000
92840000000,-11.33065,-10.54155,0.02072,0.72970,0.00000,0.00000,-0.68377,0.09739,-1.49684,0.00000
92860000000,-11.32870,-10.57149,0.02072,0.72970,0.00000,0.00000,-0.68377,0.09739,-1.49684,0.00000
92880000000,-11.32676,-10.60143,0.02072,0.72970,0.00000,0.00000,-0.68377,0.09739,-1.49684,0.00000
92900000000,-11.32481,-10.63136,0.02072,0.72970,0.00000,0.00000,-0.68377,0.09739,-1.49684,0.00000
92920000000,-11.32286,-10.66130,0.02072,0.72970,0.00000,0.00000,-0.68377,0.09739,-1.49684,0.00000
92940000000,-11.32091,-10.69124,0.02072,0.72970,0.00000,0.00000,-0.68377,0.09739,-1.49684,0.00000
92960000000,-11.31896,-10.72117,0.02072,0.72970,0.00000,0.00000,-0.68377,0.09739,-1.49684,0.00000
92980000000,-11.31702,-10.75111,0.02072,0.72970,0.00000,0.00000,-0.68377,0.09738,-1.49684,0.00000
93000000000,-11.31507,-10.78105,0.02072,0.72970,0.00000,0.00000,-0.68377,0.09738,-1.49684,0.00000
93020000000,-11.31312,-10.81098,0.02072,0.72970,0.00000,0.00000,-0.68377,0.09738,-1.49684,0.00000
93040000000,-11.31117,-10.84092,0.02072,0.72970,0.00000,0.00000,-0.68377,0.09738,-1.49684,0.00000
93060000000,-11.30923,-10.87086,0.02072,0.72970,0.00000,0.00000,-0.68377,0.09738,-1.49684,0.00000
93080000000,-11.30728,-10.90079,0.02072,0.72970,0.00000,0.00000,-0.68377,0.09738,-1.49684,0.00000
93100000000,-11.30533,-10.93073,0.02072,0.72970,0.00000,0.00000,-0.68377,0.09738,-1.49684,0.00000
93120000000,-11.30338,-10.96067,0.02072,0.72970,0.00000,0.00000,-0.68377,0.09738,-1.49684,0.00000
93140000000,-11.30144,-10.99060,0.02072,0.72970,0.00000,0.00000,-0.68377,0.09738,-1.49684,0.00000
93160000000,-11.29949,-11.02054,0.02072,0.72970,0.00000,0.00000,-0.68377,0.09738,-1.49684,0.00000
93180000000,-11.29754,-11.05048,0.02072,0.72970,0.00000,0.00000,-0.68377,0.09738,-1.49684,0.00000
93200000000,-11.29559,-11.08041,0.02072,0.72970,0.00000,0.00000,-0.68377,0.09738,-1.49684,0.00000
93220000000,-11.29365,-11.11035,0.02072,0.72970,0.00000,0.00000,-0.68377,0.09738,-1.49684,0.00000
93240000000,-11.29170,-11.14029,0.02072,0.72970,0.00000,0.00000,-0.68377,0.09738,-1.49684,0.00000
93260000000,-11.28975,-11.17021,0.02072,0.72969,0.00000,0.00000,-0.68377,0.09729,-1.49579,0.00000
93280000000,-11.28782,-11.19996,0.02072,0.72966,0.00000,0.00000,-0.68381,0.09641,-1.48456,0.00000
93300000000,-11.28589,-11.22952,0.02072,0.72959,0.00000,0.00000,-0.68388,0.09556,-1.47592,0.00000
93320000000,-11.28398,-11.25895,0.02072,0.72950,0.00000,0.00000,-0.68398,0.09481,-1.47050,0.00000
93340000000,-11.28209,-11.28819,0.02072,0.72937,0.00000,0.00000,-0.68412,0.09352,-1.45938,0.00000
93360000000,-11.28024,-11.31728,0.02072,0.72919,0.00000,0.00000,-0.68431,0.09236,-1.45287,0.00000
93380000000,-11.27842,-11.34628,0.02072,0.72898,0.00000,0.00000,-0.68454,0.09140,-1.45213,0.00000
93400000000,-11.27663,-11.37552,0.02072,0.72876,0.00000,0.00000,-0.68477,0.09126,-1.46469,0.00000
93420000000,-11.27488,-11.40500,0.02072,0.72855,0.00000,0.00000,-0.68500,0.09110,-1.47706,0.00000
93440000000,-11.27315,-11.43473,0.02072,0.72834,0.00000,0.00000,-0.68521,0.09097,-1.48924,0.00000
93460000000,-11.27144,-11.46469,0.02072,0.72817,0.00000,0.00000,-0.68539,0.09089,-1.50025,0.00000
93480000000,-11.26973,-11.49472,0.02072,0.72802,0.00000,0.00000,-0.68556,0.09026,-1.50126,0.00000
93500000000,-11.26804,-11.52475,0.02072,0.72786,0.00000,0.00000,-0.68572,0.08959,-1.50122,0.00000
93520000000,-11.26636,-11.55478,0.02072,0.72772,0.00000,0.00000,-0.68588,0.08893,-1.50118,0.00000
93540000000,-11.26468,-11.58481,0.02072,0.72757,0.00000,0.00000,-0.68603,0.08829,-1.50115,0.00000
93560000000,-11.26302,-11.61484,0.02072,0.72742,0.00000,0.00000,-0.68619,0.08765,-1.50111,0.00000
93580000000,-11.26137,-11.64487,0.02072,0.72728,0.00000,0.00000,-0.68634,0.08703,-1.50108,0.00000
93600000000,-11.25973,-11.67489,0.02072,0.72715,0.00000,0.00000,-0.68648,0.08643,-1.50104,0.00000
93620000000,-11.25810,-11.70492,0.02072,0.72701,0.00000,0.00000,-0.68663,0.08583,-1.50101,0.00000
93640000000,-11.25648,-11.73494,0.02072,0.72688,0.00000,0.00000,-0.68677,0.08524,-1.50097,0.00000
93660000000,-11.25487,-11.76497,0.02072,0.72675,0.00000,0.00000,-0.68691,0.08467,-1.50094,0.00000
93680000000,-11.25327,-11.79499,0.02072,0.72662,0.00000,0.00000,-0.68704,0.08411,-1.50091,0.00000
93700000000,-11.25168,-11.82501,0.02072,0.72649,0.00000,0.00000,-0.68717,0.08356,-1.50087,0.00000
93720000000,-11.25009,-11.85503,0.02072,0.72637,0.00000,0.00000,-0.68730,0.08302,-1.50084,0.00000
93740000000,-11.24852,-11.88505,0.02072,0.72625,0.00000,0.00000,-0.68743,0.08249,-1.50081,0.00000
93760000000,-11.24695,-11.91507,0.02072,0.72613,0.00000,0.00000,-0.68756,0.08197,-1.50078,0.00000
93780000000,-11.24540,-11.94509,0.02072,0.72602,0.00000,0.00000,-0.68768,0.08146,-1.50075,0.00000
93800000000,-11.24385,-11.97511,0.02072,0.72590,0.00000,0.00000,-0.68780,0.08096,-1.50072,0.00000
93820000000,-11.24231,-12.00513,0.02072,0.72579,0.00000,0.00000,-0.68792,0.08047,-1.50069,0.00000
93840000000,-11.24078,-12.03515,0.02072,0.72568,0.00000,0.00000,-0.68803,0.07999,-1.50066,0.00000
93860000000,-11.23926,-12.06516,0.02072,0.72557,0.00000,0.00000,-0.68814,0.07952,-1.50063,0.00000
93880000000,-11.23774,-12.09518,0.02072,0.72547,0.00000,0.00000,-0.68825,0.07906,-1.50060,0.00000
93900000000,-11.23623,-12.12519,0.02072,0.72537,0.00000,0.00000,-0.68836,0.07861,-1.50057,0.00000
93920000000,-11.23474,-12.15521,0.02072,0.72527,0.00000,0.00000,-0.68847,0.07816,-1.50054,0.00000
93940000000,-11.23324,-12.18522,0.02072,0.72517,0.00000,0.00000,-0.68857,0.07773,-1.50051,0.00000
93960000000,-11.23176,-12.21524,0.02072,0.72507,0.00000,0.00000,-0.68868,0.07730,-1.50048,0.00000
93980000000,-11.23028,-12.24525,0.02072,0.72497,0.00000,0.00000,-0.68878,0.07689,-1.50046,0.00000
94000000000,-11.22881,-12.27526,0.02072,0.72488,0.00000,0.00000,-0.68887,0.07648,-1.50043,0.00000
94020000000,-11.22734,-12.30527,0.02072,0.72479,0.00000,0.00000,-0.68897,0.07608,-1.50040,0.00000
94040000000,-11.22589,-12.33524,0.02072,0.72469,0.00000,0.00000,-0.68907,0.07546,-1.49667,0.00000
94060000000,-11.22445,-12.36500,0.02072,0.72457,0.00000,0.00000,-0.68920,0.07434,-1.48503,0.00000
94080000000,-11.22303,-12.39465,0.02072,0.72443,0.00000,0.00000,-0.68935,0.07353,-1.48085,0.00000
94100000000,-11.22162,-12.42411,0.02072,0.72426,0.00000,0.00000,-0.68953,0.07227,-1.47006,0.00000
94120000000,-11.22025,-12.45345,0.02072,0.72406,0.00000,0.00000,-0.68973,0.07132,-1.46783,0.00000
94140000000,-11.21890,-12.48299,0.02072,0.72386,0.00000,0.00000,-0.68994,0.07104,-1.47973,0.00000
94160000000,-11.21758,-12.51277,0.02072,0.72367,0.00000,0.00000,-0.69015,0.07080,-1.49205,0.00000
94180000000,-11.21627,-12.54278,0.02072,0.72350,0.00000,0.00000,-0.69032,0.07055,-1.50228,0.00000
94200000000,-11.21498,-12.57284,0.02072,0.72334,0.00000,0.00000,-0.69049,0.06986,-1.50244,0.00000
94220000000,-11.21369,-12.60289,0.02072,0.72318,0.00000,0.00000,-0.69065,0.06917,-1.50240,0.00000
94240000000,-11.21241,-12.63294,0.02072,0.72303,0.00000,0.00000,-0.69082,0.06850,-1.50235,0.00000
94260000000,-11.21115,-12.66299,0.02072,0.72288,0.00000,0.00000,-0.69097,0.06784,-1.50230,0.00000
94280000000,-11.20990,-12.69304,0.02072,0.72273,0.00000,0.00000,-0.69113,0.06719,-1.50226,0.00000
94300000000,-11.20866,-12.72309,0.02072,0.72259,0.00000,0.00000,-0.69128,0.06656,-1.50221,0.00000
94320000000,-11.20742,-12.75314,0.02072,0.72245,0.00000,0.00000,-0.69143,0.06594,-1.50217,0.00000
94340000000,-11.20620,-12.78318,0.02072,0.72231,0.00000,0.00000,-0.69157,0.06533,-1.50213,0.00000
94360000000,-11.20499,-12.81323,0.02072,0.72217,0.00000,0.00000,-0.69172,0.06473,-1.50208,0.00000
94380000000,-11.20379,-12.84327,0.02072,0.72203,0.00000,0.00000,-0.69186,0.06415,-1.50204,0.00000
94400000000,-11.20260,-12.87332,0.02072,0.72190,0.00000,0.00000,-0.69199,0.06357,-1.50200,0.00000
94420000000,-11.20142,-12.90336,0.02072,0.72177,0.00000,0.00000,-0.69213,0.06301,-1.50196,0.00000
94440000000,-11.20025,-12.93340,0.02072,0.72165,0.00000,0.00000,-0.69226,0.06246,-1.50192,0.00000
94460000000,-11.19909,-12.96344,0.02072,0.72152,0.00000,0.00000,-0.69239,0.06192,-1.50188,0.00000
94480000000,-11.19793,-12.99348,0.02072,0.72140,0.00000,0.00000,-0.69252,0.06139,-1.50184,0.00000
94500000000,-11.19679,-13.02352,0.02072,0.72128,0.00000,0.00000,-0.69264,0.06087,-1.50180,0.00000
94520000000,-11.19565,-13.05356,0.02072,0.72117,0.00000,0.00000,-0.69276,0.06036,-1.50176,0.00000
94540000000,-11.19452,-13.08360,0.02072,0.72105,0.00000,0.00000,-0.69288,0.05986,-1.50172,0.00000
94560000000,-11.19340,-13.11363,0.02072,0.72094,0.00000,0.00000,-0.69300,0.05937,-1.50168,0.00000
94580000000,-11.19229,-13.14367,0.02072,0.72083,0.00000,0.00000,-0.69311,0.05889,-1.50165,0.00000
94600000000,-11.19119,-13.17371,0.02072,0.72072,0.00000,0.00000,-0.69323,0.05842,-1.50161,0.00000
94620000000,-11.19010,-13.20374,0.02072,0.72061,0.00000,0.00000,-0.69334,0.05796,-1.50157,0.00000
94640000000,-11.18901,-13.23377,0.02072,0.72051,0.00000,0.00000,-0.69344,0.05751,-1.50154,0.00000
94660000000,-11.18793,-13.26381,0.02072,0.72041,0.00000,0.00000,-0.69355,0.05706,-1.50150,0.00000
94680000000,-11.18686,-13.29384,0.02072,0.72031,0.00000,0.00000,-0.69365,0.05663,-1.50147,0.00000
94700000000,-11.18579,-13.32387,0.02072,0.72021,0.00000,0.00000,-0.69376,0.05620,-1.50144,0.00000
94720000000,-11.18474,-13.35390,0.02072,0.72011,0.00000,0.00000,-0.69386,0.05578,-1.50140,0.00000
94740000000,-11.18369,-13.38393,0.02072,0.72002,0.00000,0.00000,-0.69395,0.05537,-1.50137,0.00000
94760000000,-11.18264,-13.41396,0.02072,0.71993,0.00000,0.00000,-0.69405,0.05497,-1.50134,0.00000
94780000000,-11.18160,-13.44399,0.02072,0.71984,0.00000,0.00000,-0.69414,0.05458,-1.50131,0.00000
94800000000,-11.18057,-13.47401,0.02072,0.71975,0.00000,0.00000,-0.69424,0.05419,-1.50127,0.00000
94820000000,-11.17955,-13.50404,0.02072,0.71966,0.00000,0.00000,-0.69433,0.05381,-1.50124,0.00000
94840000000,-11.17853,-13.53407,0.02072,0.71958,0.00000,0.00000,-0.69441,0.05344,-1.50121,0.00000
94860000000,-11.17752,-13.56409,0.02072,0.71949,0.00000,0.00000,-0.69450,0.05308,-1.50118,0.00000
94880000000,-11.17652,-13.59407,0.02072,0.71940,0.00000,0.00000,-0.69459,0.05254,-1.49672,0.00000
94900000000,-11.17553,-13.62390,0.02072,0.71930,0.00000,0.00000,-0.69470,0.05186,-1.48980,0.00000
94920000000,-11.17455,-13.65356,0.02072,0.71918,0.00000,0.00000,-0.69482,0.05106,-1.48114,0.00000
94940000000,-11.17359,-13.68300,0.02072,0.71904,0.00000,0.00000,-0.69497,0.05004,-1.46931,0.00000
94960000000,-11.17266,-13.71241,0.02072,0.71887,0.00000,0.00000,-0.69514,0.04946,-1.47281,0.00000
94980000000,-11.17175,-13.74205,0.02072,0.71871,0.00000,0.00000,-0.69531,0.04916,-1.48540,0.00000
95000000000,-11.17086,-13.77195,0.02072,0.71855,0.00000,0.00000,-0.69548,0.04887,-1.49773,0.00000
95020000000,-11.16998,-13.80201,0.02072,0.71840,0.00000,0.00000,-0.69563,0.04841,-1.50293,0.00000
95040000000,-11.16911,-13.83207,0.02072,0.71825,0.00000,0.00000,-0.69578,0.04778,-1.50288,0.00000
95060000000,-11.16825,-13.86213,0.02072,0.71811,0.00000,0.00000,-0.69593,0.04717,-1.50283,0.00000
95080000000,-11.16740,-13.89219,0.02072,0.71798,0.00000,0.00000,-0.69607,0.04657,-1.50278,0.00000
95100000000,-11.16656,-13.92225,0.02072,0.71784,0.00000,0.00000,-0.69621,0.04599,-1.50273,0.00000
95120000000,-11.16573,-13.95230,0.02072,0.71771,0.00000,0.00000,-0.69635,0.04541,-1.50268,0.00000
95140000000,-11.16491,-13.98236,0.02072,0.71758,0.00000,0.00000,-0.69648,0.04485,-1.50263,0.00000
95160000000,-11.16410,-14.01241,0.02072,0.71745,0.00000,0.00000,-0.69661,0.04429,-1.50258,0.00000
95180000000,-11.16330,-14.04246,0.02072,0.71732,0.00000,0.00000,-0.69674,0.04375,-1.50254,0.00000
95200000000,-11.16251,-14.07252,0.02072,0.71720,0.00000,0.00000,-0.69687,0.04322,-1.50249,0.00000
95220000000,-11.16173,-14.10257,0.02072,0.71708,0.00000,0.00000,-0.69699,0.04269,-1.50244,0.00000
95240000000,-11.16095,-14.13257,0.02072,0.71696,0.00000,0.00000,-0.69712,0.04204,-1.49790,0.00000
95260000000,-11.16020,-14.16235,0.02072,0.71682,0.00000,0.00000,-0.69726,0.04112,-1.48612,0.00000
95280000000,-11.15946,-14.19200,0.02072,0.71667,0.00000,0.00000,-0.69742,0.04029,-1.47981,0.00000
95300000000,-11.15874,-14.22152,0.02072,0.71649,0.00000,0.00000,-0.69759,0.03946,-1.47583,0.00000
95320000000,-11.15805,-14.25088,0.02072,0.71630,0.00000,0.00000,-0.69779,0.03835,-1.46489,0.00000
95340000000,-11.15738,-14.28000,0.02072,0.71607,0.00000,0.00000,-0.69803,0.03710,-1.45322,0.00000
95360000000,-11.15676,-14.30900,0.02072,0.71581,0.00000,0.00000,-0.69829,0.03589,-1.44858,0.00000
95380000000,-11.15619,-14.33780,0.02072,0.71551,0.00000,0.00000,-0.69860,0.03436,-1.43711,0.00000
95400000000,-11.15566,-14.36655,0.02072,0.71517,0.00000,0.00000,-0.69896,0.03301,-1.43981,0.00000
95420000000,-11.15519,-14.39555,0.02072,0.71479,0.00000,0.00000,-0.69934,0.03177,-1.45308,0.00000
95440000000,-11.15477,-14.42482,0.02072,0.71440,0.00000,0.00000,-0.69974,0.03041,-1.46617,0.00000
95460000000,-11.15440,-14.45434,0.02072,0.71400,0.00000,0.00000,-0.70015,0.02896,-1.47906,0.00000
95480000000,-11.15407,-14.48411,0.02072,0.71358,0.00000,0.00000,-0.70057,0.02746,-1.49177,0.00000
95500000000,-11.15378,-14.51413,0.02072,0.71319,0.00000,0.00000,-0.70097,0.02599,-1.50381,0.00000
95520000000,-11.15351,-14.54432,0.02072,0.71281,0.00000,0.00000,-0.70136,0.02444,-1.50944,0.00000
95540000000,-11.15327,-14.57451,0.02072,0.71243,0.00000,0.00000,-0.70174,0.02282,-1.50928,0.00000
95560000000,-11.15305,-14.60470,0.02072,0.71206,0.00000,0.00000,-0.70212,0.02123,-1.50912,0.00000
95580000000,-11.15286,-14.63488,0.02072,0.71170,0.00000,0.00000,-0.70248,0.01967,-1.50897,0.00000
95600000000,-11.15270,-14.66506,0.02072,0.71135,0.00000,0.00000,-0.70284,0.01814,-1.50881,0.00000
95620000000,-11.15257,-14.69524,0.02072,0.71100,0.00000,0.00000,-0.70320,0.01665,-1.50866,0.00000
95640000000,-11.15246,-14.72541,0.02072,0.71065,0.00000,0.00000,-0.70354,0.01518,-1.50851,0.00000
95660000000,-11.15237,-14.75558,0.02072,0.71032,0.00000,0.00000,-0.70388,0.01374,-1.50836,0.00000
95680000000,-11.15231,-14.78575,0.02072,0.70999,0.00000,0.00000,-0.70421,0.01232,-1.50821,0.00000
95700000000,-11.15227,-14.81591,0.02072,0.70967,0.00000,0.00000,-0.70454,0.01094,-1.50806,0.00000
95720000000,-11.15226,-14.84607,0.02072,0.70935,0.00000,0.00000,-0.70486,0.00958,-1.50792,0.00000
95740000000,-11.15227,-14.87623,0.02072,0.70904,0.00000,0.00000,-0.70517,0.00825,-1.50777,0.00000
95760000000,-11.15230,-14.90638,0.02072,0.70873,0.00000,0.00000,-0.70548,0.00694,-1.50763,0.00000
95780000000,-11.15235,-14.93653,0.02072,0.70843,0.00000,0.00000,-0.70578,0.00566,-1.50749,0.00000
95800000000,-11.15243,-14.96668,0.02072,0.70814,0.00000,0.00000,-0.70607,0.00440,-1.50735,0.00000
95820000000,-11.15252,-14.99683,0.02072,0.70785,0.00000,0.00000,-0.70636,0.00317,-1.50721,0.00000
95840000000,-11.15264,-15.02697,0.02072,0.70757,0.00000,0.00000,-0.70665,0.00196,-1.50708,0.00000
95860000000,-11.15278,-15.05711,0.02072,0.70729,0.00000,0.00000,-0.70692,0.00078,-1.50694,0.00000
95880000000,-11.15293,-15.08725,0.02072,0.70702,0.00000,0.00000,-0.70720,-0.00038,-1.50681,0.00000
95900000000,-11.15311,-15.11738,0.02072,0.70675,0.00000,0.00000,-0.70746,-0.00152,-1.50667,0.00000
95920000000,-11.15331,-15.14751,0.02072,0.70649,0.00000,0.00000,-0.70773,-0.00264,-1.50654,0.00000
95940000000,-11.15352,-15.17764,0.02072,0.70623,0.00000,0.00000,-0.70798,-0.00373,-1.50640,0.00000
95960000000,-11.15376,-15.20777,0.02072,0.70598,0.00000,0.00000,-0.70823,-0.00480,-1.50627,0.00000
95980000000,-11.15401,-15.23789,0.02072,0.70573,0.00000,0.00000,-0.70848,-0.00585,-1.50614,0.00000
96000000000,-11.15428,-15.26801,0.02072,0.70549,0.00000,0.00000,-0.70872,-0.00688,-1.50601,0.00000
96020000000,-11.15457,-15.29813,0.02072,0.70525,0.00000,0.00000,-0.70896,-0.00788,-1.50589,0.00000
96040000000,-11.15487,-15.32824,0.02072,0.70502,0.00000,0.00000,-0.70919,-0.00887,-1.50577,0.00000
96060000000,-11.15519,-15.35835,0.02072,0.70479,0.00000,0.00000,-0.70941,-0.00984,-1.50564,0.00000
96080000000,-11.15553,-15.38846,0.02072,0.70457,0.00000,0.00000,-0.70964,-0.01079,-1.50552,0.00000
96100000000,-11.15589,-15.41857,0.02072,0.70435,0.00000,0.00000,-0.70985,-0.01172,-1.50541,0.00000
96120000000,-11.15626,-15.44868,0.02072,0.70414,0.00000,0.00000,-0.71007,-0.01263,-1.50529,0.00000
96140000000,-11.15664,-15.47878,0.02072,0.70392,0.00000,0.00000,-0.71027,-0.01352,-1.50518,0.00000
96160000000,-11.15704,-15.50888,0.02072,0.70372,0.00000,0.00000,-0.71048,-0.01439,-1.50506,0.00000
96180000000,-11.15746,-15.53898,0.02072,0.70352,0.00000,0.00000,-0.71068,-0.01525,-1.50495,0.00000
96200000000,-11.15789,-15.56908,0.02072,0.70332,0.00000,0.00000,-0.71088,-0.01609,-1.50484,0.00000
96220000000,-11.15833,-15.59917,0.02072,0.70312,0.00000,0.00000,-0.71107,-0.01691,-1.50474,0.00000
96240000000,-11.15879,-15.62926,0.02072,0.70293,0.00000,0.00000,-0.71126,-0.01771,-1.50463,0.00000
96260000000,-11.15926,-15.65935,0.02072,0.70275,0.00000,0.00000,-0.71144,-0.01850,-1.50453,0.00000
96280000000,-11.15975,-15.68944,0.02072,0.70256,0.00000,0.00000,-0.71162,-0.01928,-1.50442,0.00000
96300000000,-11.16025,-15.71954,0.02072,0.70238,0.00000,0.00000,-0.71180,-0.02006,-1.50609,0.00000
96320000000,-11.16076,-15.74982,0.02072,0.70221,0.00000,0.00000,-0.71197,-0.02093,-1.51613,0.00000
96340000000,-11.16128,-15.78033,0.02072,0.70205,0.00000,0.00000,-0.71213,-0.02179,-1.52836,0.00000
96360000000,-11.16181,-15.81096,0.02072,0.70191,0.00000,0.00000,-0.71227,-0.02245,-1.53203,0.00000
96380000000,-11.16234,-15.84177,0.02072,0.70179,0.00000,0.00000,-0.71238,-0.02313,-1.54359,0.00000
96400000000,-11.16285,-15.87275,0.02072,0.70171,0.00000,0.00000,-0.71247,-0.02359,-1.55040,0.00000
96420000000,-11.16336,-15.90393,0.02072,0.70166,0.00000,0.00000,-0.71251,-0.02397,-1.56198,0.00000
96440000000,-11.16384,-15.93524,0.02072,0.70166,0.00000,0.00000,-0.71251,-0.02404,-1.56662,0.00000
96460000000,-11.16429,-15.96673,0.02072,0.70171,0.00000,0.00000,-0.71246,-0.02396,-1.57705,0.00000
96480000000,-11.16470,-15.99839,0.02072,0.70183,0.00000,0.00000,-0.71235,-0.02359,-1.58542,0.00000
96500000000,-11.16506,-16.03021,0.02072,0.70201,0.00000,0.00000,-0.71217,-0.02290,-1.59303,0.00000
96520000000,-11.16536,-16.06216,0.02072,0.70226,0.00000,0.00000,-0.71192,-0.02187,-1.59926,0.00000
96540000000,-11.16559,-16.09423,0.02072,0.70258,0.00000,0.00000,-0.71160,-0.02045,-1.60370,0.00000
96560000000,-11.16574,-16.12646,0.02072,0.70300,0.00000,0.00000,-0.71119,-0.01871,-1.61399,0.00000
96580000000,-11.16580,-16.15886,0.02072,0.70350,0.00000,0.00000,-0.71069,-0.01651,-1.62227,0.00000
96600000000,-11.16575,-16.19137,0.02072,0.70410,0.00000,0.00000,-0.71010,-0.01379,-1.62615,0.00000
96620000000,-11.16558,-16.22405,0.02072,0.70481,0.00000,0.00000,-0.70940,-0.01063,-1.63611,0.00000
96640000000,-11.16528,-16.25682,0.02072,0.70562,0.00000,0.00000,-0.70859,-0.00689,-1.63833,0.00000
96660000000,-11.16482,-16.28972,0.02072,0.70655,0.00000,0.00000,-0.70767,-0.00261,-1.64761,0.00000
96680000000,-11.16421,-16.32276,0.02072,0.70759,0.00000,0.00000,-0.70662,0.00228,-1.65244,0.00000
96700000000,-11.16342,-16.35591,0.02072,0.70878,0.00000,0.00000,-0.70543,0.00786,-1.65849,0.00000
96720000000,-11.16245,-16.38920,0.02072,0.71012,0.00000,0.00000,-0.70408,0.01424,-1.66701,0.00000
96740000000,-11.16127,-16.42259,0.02072,0.71162,0.00000,0.00000,-0.70257,0.02137,-1.66989,0.00000
96760000000,-11.15988,-16.45609,0.02072,0.71328,0.00000,0.00000,-0.70088,0.02944,-1.67779,0.00000
96780000000,-11.15824,-16.48968,0.02072,0.71512,0.00000,0.00000,-0.69900,0.03834,-1.68087,0.00000
96800000000,-11.15634,-16.52338,0.02072,0.71715,0.00000,0.00000,-0.69692,0.04831,-1.68812,0.00000
96820000000,-11.15416,-16.55717,0.02072,0.71937,0.00000,0.00000,-0.69463,0.05923,-1.69194,0.00000
96840000000,-11.15168,-16.59096,0.02072,0.72178,0.00000,0.00000,-0.69212,0.07090,-1.68904,0.00000
96860000000,-11.14891,-16.62443,0.02072,0.72434,0.00000,0.00000,-0.68945,0.08258,-1.67208,0.00000
96880000000,-11.14584,-16.65756,0.02072,0.72701,0.00000,0.00000,-0.68663,0.09465,-1.65555,0.00000
96900000000,-11.14247,-16.69035,0.02072,0.72977,0.00000,0.00000,-0.68369,0.10701,-1.63942,0.00000
96920000000,-11.13880,-16.72280,0.02072,0.73261,0.00000,0.00000,-0.68065,0.11956,-1.62369,0.00000
96940000000,-11.13483,-16.75494,0.02072,0.73550,0.00000,0.00000,-0.67752,0.13220,-1.60834,0.00000
96960000000,-11.13057,-16.78676,0.02072,0.73843,0.00000,0.00000,-0.67433,0.14487,-1.59338,0.00000
96980000000,-11.12602,-16.81827,0.02072,0.74137,0.00000,0.00000,-0.67110,0.15748,-1.57880,0.00000
97000000000,-11.12119,-16.84947,0.02072,0.74431,0.00000,0.00000,-0.66783,0.16996,-1.56458,0.00000
97020000000,-11.11607,-16.88038,0.02072,0.74724,0.00000,0.00000,-0.66456,0.18225,-1.55073,0.00000
97040000000,-11.11069,-16.91100,0.02072,0.75013,0.00000,0.00000,-0.66129,0.19430,-1.53724,0.00000
97060000000,-11.10503,-16.94134,0.02072,0.75299,0.00000,0.00000,-0.65804,0.20605,-1.52410,0.00000
97080000000,-11.09913,-16.97141,0.02072,0.75579,0.00000,0.00000,-0.65482,0.21747,-1.51132,0.00000
97100000000,-11.09297,-17.00120,0.02072,0.75852,0.00000,0.00000,-0.65165,0.22849,-1.49889,0.00000
97120000000,-11.08666,-17.03084,0.02072,0.76110,0.00000,0.00000,-0.64864,0.23983,-1.49369,0.00000
97140000000,-11.08005,-17.06046,0.02072,0.76374,0.00000,0.00000,-0.64552,0.25265,-1.49521,0.00000
97160000000,-11.07317,-17.09014,0.02072,0.76646,0.00000,0.00000,-0.64229,0.26647,-1.49984,0.00000
97180000000,-11.06603,-17.11987,0.02072,0.76921,0.00000,0.00000,-0.63899,0.28029,-1.50255,0.00000
97200000000,-11.05861,-17.14966,0.02072,0.77201,0.00000,0.00000,-0.63561,0.29441,-1.50486,0.00000
97220000000,-11.05092,-17.17953,0.02072,0.77487,0.00000,0.00000,-0.63212,0.30979,-1.51096,0.00000
97240000000,-11.04294,-17.20946,0.02072,0.77779,0.00000,0.00000,-0.62852,0.32480,-1.51277,0.00000
97260000000,-11.03465,-17.23943,0.02072,0.78079,0.00000,0.00000,-0.62480,0.34078,-1.51644,0.00000
97280000000,-11.02606,-17.26944,0.02072,0.78386,0.00000,0.00000,-0.62094,0.35705,-1.51862,0.00000
97300000000,-11.01715,-17.29945,0.02072,0.78700,0.00000,0.00000,-0.61695,0.37335,-1.51851,0.00000
97320000000,-11.00790,-17.32949,0.02072,0.79024,0.00000,0.00000,-0.61280,0.39115,-1.52163,0.00000
97340000000,-10.99831,-17.35952,0.02072,0.79357,0.00000,0.00000,-0.60848,0.40878,-1.52126,0.00000
97360000000,-10.98836,-17.38956,0.02072,0.79700,0.00000,0.00000,-0.60397,0.42779,-1.52291,0.00000
97380000000,-10.97803,-17.41956,0.02072,0.80054,0.00000,0.00000,-0.59928,0.44665,-1.52123,0.00000
97400000000,-10.96732,-17.44949,0.02072,0.80416,0.00000,0.00000,-0.59441,0.46590,-1.51830,0.00000
97420000000,-10.95622,-17.47937,0.02072,0.80790,0.00000,0.00000,-0.58932,0.48641,-1.51661,0.00000
97440000000,-10.94471,-17.50907,0.02072,0.81169,0.00000,0.00000,-0.58409,0.50436,-1.50542,0.00000
97460000000,-10.93279,-17.53846,0.02072,0.81547,0.00000,0.00000,-0.57881,0.52253,-1.49490,0.00000
97480000000,-10.92047,-17.56769,0.02072,0.81930,0.00000,0.00000,-0.57337,0.54258,-1.48835,0.00000
97500000000,-10.90774,-17.59678,0.02072,0.82322,0.00000,0.00000,-0.56773,0.56341,-1.48194,0.00000
97520000000,-10.89458,-17.62575,0.02072,0.82724,0.00000,0.00000,-0.56185,0.58601,-1.47771,0.00000
97540000000,-10.88097,-17.65458,0.02072,0.83136,0.00000,0.00000,-0.55574,0.60851,-1.47075,0.00000
97560000000,-10.86692,-17.68322,0.02072,0.83557,0.00000,0.00000,-0.54938,0.63128,-1.46226,0.00000
97580000000,-10.85241,-17.71168,0.02072,0.83989,0.00000,0.00000,-0.54276,0.65549,-1.45471,0.00000
97600000000,-10.83742,-17.73992,0.02072,0.84430,0.00000,0.00000,-0.53587,0.67937,-1.44413,0.00000
97620000000,-10.82195,-17.76793,0.02072,0.84881,0.00000,0.00000,-0.52869,0.70460,-1.43409,0.00000
97640000000,-10.80598,-17.79567,0.02072,0.85342,0.00000,0.00000,-0.52122,0.72951,-1.42122,0.00000
97660000000,-10.78952,-17.82311,0.02072,0.85811,0.00000,0.00000,-0.51347,0.75489,-1.40728,0.00000
97680000000,-10.77255,-17.85023,0.02072,0.86289,0.00000,0.00000,-0.50540,0.78129,-1.39311,0.00000
97700000000,-10.75506,-17.87700,0.02072,0.86774,0.00000,0.00000,-0.49702,0.80700,-1.37582,0.00000
97720000000,-10.73705,-17.90338,0.02072,0.87266,0.00000,0.00000,-0.48833,0.83377,-1.35854,0.00000
97740000000,-10.71853,-17.92936,0.02072,0.87766,0.00000,0.00000,-0.47929,0.86087,-1.33979,0.00000
97760000000,-10.69948,-17.95491,0.02072,0.88273,0.00000,0.00000,-0.46988,0.88810,-1.31931,0.00000
97780000000,-10.67991,-17.98000,0.02072,0.88784,0.00000,0.00000,-0.46015,0.91480,-1.29653,0.00000
97800000000,-10.65986,-18.00460,0.02072,0.89297,0.00000,0.00000,-0.45011,0.94180,-1.27286,0.00000
97820000000,-10.63928,-18.02865,0.02072,0.89815,0.00000,0.00000,-0.43969,0.96856,-1.24721,0.00000
97840000000,-10.61817,-18.05211,0.02072,0.90335,0.00000,0.00000,-0.42891,0.99435,-1.21906,0.00000
97860000000,-10.59656,-18.07493,0.02072,0.90854,0.00000,0.00000,-0.41780,1.02022,-1.18995,0.00000
97880000000,-10.57444,-18.09708,0.02072,0.91371,0.00000,0.00000,-0.40636,1.04493,-1.15857,0.00000
97900000000,-10.55178,-18.11844,0.02072,0.91873,0.00000,0.00000,-0.39488,1.06729,-1.12538,0.00000
97920000000,-10.52861,-18.13901,0.02072,0.92356,0.00000,0.00000,-0.38345,1.08914,-1.09276,0.00000
97940000000,-10.50493,-18.15877,0.02072,0.92821,0.00000,0.00000,-0.37205,1.11059,-1.06074,0.00000
97960000000,-10.48075,-18.17773,0.02072,0.93269,0.00000,0.00000,-0.36069,1.13182,-1.02933,0.00000
97980000000,-10.45604,-18.19588,0.02072,0.93700,0.00000,0.00000,-0.34934,1.15295,-0.99850,0.00000
98000000000,-10.43082,-18.21321,0.02072,0.94115,0.00000,0.00000,-0.33798,1.17414,-0.96817,0.00000
98020000000,-10.40509,-18.22972,0.02072,0.94515,0.00000,0.00000,-0.32664,1.19520,-0.93815,0.00000
98040000000,-10.37891,-18.24546,0.02072,0.94898,0.00000,0.00000,-0.31535,1.21585,-0.90836,0.00000
98060000000,-10.35227,-18.26042,0.02072,0.95263,0.00000,0.00000,-0.30413,1.23635,-0.87899,0.00000
98080000000,-10.32520,-18.27463,0.02072,0.95612,0.00000,0.00000,-0.29298,1.25672,-0.85000,0.00000
98100000000,-10.29771,-18.28808,0.02072,0.95944,0.00000,0.00000,-0.28192,1.27698,-0.82136,0.00000
98120000000,-10.26981,-18.30080,0.02072,0.96260,0.00000,0.00000,-0.27094,1.29715,-0.79302,0.00000
98140000000,-10.24151,-18.31278,0.02072,0.96560,0.00000,0.00000,-0.26004,1.31725,-0.76496,0.00000
98160000000,-10.21282,-18.32405,0.02072,0.96844,0.00000,0.00000,-0.24923,1.33730,-0.73713,0.00000
98180000000,-10.18375,-18.33461,0.02072,0.97114,0.00000,0.00000,-0.23851,1.35730,-0.70950,0.00000
98200000000,-10.15435,-18.34449,0.02072,0.97368,0.00000,0.00000,-0.22793,1.37583,-0.68147,0.00000
98220000000,-10.12483,-18.35391,0.02072,0.97599,0.00000,0.00000,-0.21783,1.38788,-0.65199,0.00000
98240000000,-10.09531,-18.36283,0.02072,0.97811,0.00000,0.00000,-0.20808,1.39316,-0.62085,0.00000
98260000000,-10.06583,-18.37110,0.02072,0.98012,0.00000,0.00000,-0.19839,1.39491,-0.58882,0.00000
98280000000,-10.03642,-18.37875,0.02072,0.98202,0.00000,0.00000,-0.18877,1.39602,-0.55730,0.00000
98300000000,-10.00707,-18.38578,0.02072,0.98381,0.00000,0.00000,-0.17923,1.39649,-0.52630,0.00000
98320000000,-9.97782,-18.39221,0.02072,0.98548,0.00000,0.00000,-0.16978,1.39635,-0.49586,0.00000
98340000000,-9.94865,-18.39806,0.02072,0.98705,0.00000,0.00000,-0.16044,1.39562,-0.46602,0.00000
98360000000,-9.91960,-18.40335,0.02072,0.98850,0.00000,0.00000,-0.15121,1.39431,-0.43680,0.00000
98380000000,-9.89066,-18.40810,0.02072,0.98985,0.00000,0.00000,-0.14211,1.39244,-0.40824,0.00000
98400000000,-9.86185,-18.41232,0.02072,0.99110,0.00000,0.00000,-0.13315,1.39004,-0.38035,0.00000
98420000000,-9.83318,-18.41605,0.02072,0.99224,0.00000,0.00000,-0.12433,1.38714,-0.35315,0.00000
98440000000,-9.80465,-18.41928,0.02072,0.99329,0.00000,0.00000,-0.11566,1.38375,-0.32668,0.00000
98460000000,-9.77627,-18.42206,0.02072,0.99424,0.00000,0.00000,-0.10716,1.37990,-0.30096,0.00000
98480000000,-9.74804,-18.42439,0.02072,0.99510,0.00000,0.00000,-0.09884,1.37562,-0.27599,0.00000
98500000000,-9.71997,-18.42629,0.02072,0.99588,0.00000,0.00000,-0.09070,1.37093,-0.25181,0.00000
98520000000,-9.69207,-18.42780,0.02072,0.99657,0.00000,0.00000,-0.08276,1.36586,-0.22842,0.00000
98540000000,-9.66434,-18.42892,0.02072,0.99718,0.00000,0.00000,-0.07501,1.36045,-0.20584,0.00000
98560000000,-9.63679,-18.42968,0.02072,0.99772,0.00000,0.00000,-0.06748,1.35472,-0.18408,0.00000
98580000000,-9.60941,-18.43010,0.02072,0.99819,0.00000,0.00000,-0.06016,1.34867,-0.16315,0.00000
98600000000,-9.58220,-18.43020,0.02072,0.99859,0.00000,0.00000,-0.05306,1.34236,-0.14306,0.00000
98620000000,-9.55518,-18.43000,0.02072,0.99893,0.00000,0.00000,-0.04620,1.33581,-0.12382,0.00000
98640000000,-9.52833,-18.42952,0.02072,0.99922,0.00000,0.00000,-0.03957,1.32904,-0.10544,0.00000
98660000000,-9.50167,-18.42879,0.02072,0.99945,0.00000,0.00000,-0.03319,1.32207,-0.08791,0.00000
98680000000,-9.47519,-18.42781,0.02072,0.99963,0.00000,0.00000,-0.02706,1.31494,-0.07124,0.00000
98700000000,-9.44888,-18.42661,0.02072,0.99978,0.00000,0.00000,-0.02118,1.30766,-0.05543,0.00000
98720000000,-9.42276,-18.42522,0.02072,0.99988,0.00000,0.00000,-0.01556,1.30025,-0.04049,0.00000
98740000000,-9.39681,-18.42365,0.02072,0.99995,0.00000,0.00000,-0.01021,1.29274,-0.02640,0.00000
98760000000,-9.37104,-18.42191,0.02072,0.99999,0.00000,0.00000,-0.00513,1.28514,-0.01318,0.00000
98780000000,-9.34544,-18.42004,0.02072,1.00000,0.00000,0.00000,-0.00032,1.27748,-0.00082,0.00000
98800000000,-9.32000,-18.41802,0.02072,0.99999,0.00000,0.00000,0.00417,1.27103,0.01060,0.00000
98820000000,-9.29469,-18.41586,0.02072,0.99997,0.00000,0.00000,0.00827,1.26518,0.02094,0.00000
98840000000,-9.26951,-18.41359,0.02072,0.99993,0.00000,0.00000,0.01200,1.25927,0.03022,0.00000
98860000000,-9.24446,-18.41122,0.02072,0.99988,0.00000,0.00000,0.01534,1.25331,0.03847,0.00000
98880000000,-9.21953,-18.40879,0.02072,0.99983,0.00000,0.00000,0.01831,1.24729,0.04571,0.00000
98900000000,-9.19474,-18.40630,0.02072,0.99978,0.00000,0.00000,0.02092,1.24120,0.05196,0.00000
98920000000,-9.17007,-18.40380,0.02072,0.99973,0.00000,0.00000,0.02315,1.23504,0.05724,0.00000
98940000000,-9.14552,-18.40130,0.02072,0.99969,0.00000,0.00000,0.02503,1.22879,0.06158,0.00000
98960000000,-9.12110,-18.39882,0.02072,0.99965,0.00000,0.00000,0.02656,1.22245,0.06501,0.00000
98980000000,-9.09681,-18.39638,0.02072,0.99962,0.00000,0.00000,0.02774,1.21600,0.06754,0.00000
99000000000,-9.07264,-18.39400,0.02072,0.99959,0.00000,0.00000,0.02858,1.20943,0.06922,0.00000
99020000000,-9.04861,-18.39171,0.02072,0.99958,0.00000,0.00000,0.02909,1.20274,0.07007,0.00000
99040000000,-9.02470,-18.38953,0.02072,0.99957,0.00000,0.00000,0.02928,1.19591,0.07012,0.00000
99060000000,-9.00093,-18.38747,0.02072,0.99958,0.00000,0.00000,0.02915,1.18891,0.06940,0.00000
99080000000,-8.97729,-18.38555,0.02072,0.99959,0.00000,0.00000,0.02872,1.18176,0.06795,0.00000
99100000000,-8.95379,-18.38379,0.02072,0.99961,0.00000,0.00000,0.02799,1.17441,0.06581,0.00000
99120000000,-8.93043,-18.38221,0.02072,0.99964,0.00000,0.00000,0.02697,1.16688,0.06302,0.00000
99140000000,-8.90722,-18.38082,0.02072,0.99967,0.00000,0.00000,0.02568,1.15914,0.05960,0.00000
99160000000,-8.88415,-18.37963,0.02072,0.99971,0.00000,0.00000,0.02413,1.15118,0.05561,0.00000
99180000000,-8.86125,-18.37867,0.02072,0.99975,0.00000,0.00000,0.02233,1.14299,0.05108,0.00000
99200000000,-8.83847,-18.37795,0.02072,0.99979,0.00000,0.00000,0.02029,1.13770,0.04620,0.00000
99220000000,-8.81559,-18.37748,0.02072,0.99984,0.00000,0.00000,0.01803,1.14591,0.04135,0.00000
99240000000,-8.79242,-18.37728,0.02072,0.99988,0.00000,0.00000,0.01557,1.16198,0.03620,0.00000
99260000000,-8.76892,-18.37736,0.02072,0.99992,0.00000,0.00000,0.01292,1.17794,0.03044,0.00000
99280000000,-8.74510,-18.37772,0.02072,0.99995,0.00000,0.00000,0.01008,1.19379,0.02406,0.00000
99300000000,-8.72097,-18.37837,0.02072,0.99998,0.00000,0.00000,0.00706,1.20954,0.01707,0.00000
99320000000,-8.69653,-18.37932,0.02072,0.99999,0.00000,0.00000,0.00386,1.22520,0.00946,0.00000
99340000000,-8.67179,-18.38058,0.02072,1.00000,0.00000,0.00000,0.00050,1.24077,0.00123,0.00000
99360000000,-8.64674,-18.38213,0.02072,1.00000,0.00000,0.00000,-0.00306,1.25702,-0.00769,0.00000
99380000000,-8.62136,-18.38397,0.02072,0.99998,0.00000,0.00000,-0.00685,1.27361,-0.01744,0.00000
99400000000,-8.59568,-18.38610,0.02072,0.99994,0.00000,0.00000,-0.01085,1.28989,-0.02800,0.00000
99420000000,-8.56968,-18.38854,0.02072,0.99989,0.00000,0.00000,-0.01507,1.30586,-0.03937,0.00000
99440000000,-8.54339,-18.39129,0.02072,0.99981,0.00000,0.00000,-0.01948,1.32150,-0.05152,0.00000
99460000000,-8.51681,-18.39438,0.02072,0.99971,0.00000,0.00000,-0.02408,1.33678,-0.06443,0.00000
99480000000,-8.48996,-18.39780,0.02072,0.99958,0.00000,0.00000,-0.02885,1.35168,-0.07808,0.00000
99500000000,-8.46283,-18.40157,0.02072,0.99943,0.00000,0.00000,-0.03377,1.36620,-0.09244,0.00000
99520000000,-8.43544,-18.40569,0.02072,0.99925,0.00000,0.00000,-0.03885,1.38031,-0.10749,0.00000
99540000000,-8.40781,-18.41018,0.02072,0.99903,0.00000,0.00000,-0.04405,1.39399,-0.12318,0.00000
99560000000,-8.37993,-18.41503,0.02072,0.99878,0.00000,0.00000,-0.04938,1.40724,-0.13950,0.00000
99580000000,-8.35182,-18.42027,0.02072,0.99850,0.00000,0.00000,-0.05482,1.42004,-0.15640,0.00000
99600000000,-8.32349,-18.42588,0.02072,0.99818,0.00000,0.00000,-0.06035,1.43237,-0.17384,0.00000
99620000000,-8.29495,-18.43188,0.02072,0.99782,0.00000,0.00000,-0.06596,1.44423,-0.19178,0.00000
99640000000,-8.26621,-18.43827,0.02072,0.99743,0.00000,0.00000,-0.07164,1.45562,-0.21019,0.00000
99660000000,-8.23730,-18.44502,0.02072,0.99701,0.00000,0.00000,-0.07731,1.46406,-0.22842,0.00000
99680000000,-8.20836,-18.45188,0.02072,0.99659,0.00000,0.00000,-0.08247,1.46354,-0.24388,0.00000
99700000000,-8.17941,-18.45879,0.02072,0.99621,0.00000,0.00000,-0.08703,1.46316,-0.25760,0.00000
99720000000,-8.15044,-18.46570,0.02072,0.99585,0.00000,0.00000,-0.09098,1.46297,-0.26957,0.00000
99740000000,-8.12143,-18.47259,0.02072,0.99554,0.00000,0.00000,-0.09434,1.46303,-0.27981,0.00000
99760000000,-8.09244,-18.47954,0.02072,0.99525,0.00000,0.00000,-0.09736,1.46026,-0.28845,0.00000
99780000000,-8.06354,-18.48667,0.02072,0.99496,0.00000,0.00000,-0.10028,1.45637,-0.29660,0.00000
99800000000,-8.03474,-18.49398,0.02072,0.99467,0.00000,0.00000,-0.10311,1.45246,-0.30441,0.00000
99820000000,-8.00601,-18.50145,0.02072,0.99438,0.00000,0.00000,-0.10583,1.44855,-0.31187,0.00000
99840000000,-7.97738,-18.50907,0.02072,0.99411,0.00000,0.00000,-0.10842,1.44465,-0.31891,0.00000
99860000000,-7.94883,-18.51683,0.02072,0.99383,0.00000,0.00000,-0.11087,1.44078,-0.32552,0.00000
99880000000,-7.92037,-18.52471,0.02072,0.99358,0.00000,0.00000,-0.11317,1.43697,-0.33165,0.00000
99900000000,-7.89198,-18.53271,0.02072,0.99333,0.00000,0.00000,-0.11531,1.43322,-0.33729,0.00000
99920000000,-7.86367,-18.54080,0.02072,0.99310,0.00000,0.00000,-0.11727,1.42957,-0.34239,0.00000
99940000000,-7.83544,-18.54898,0.02072,0.99289,0.00000,0.00000,-0.11904,1.42603,-0.34694,0.00000
99960000000,-7.80727,-18.55722,0.02072,0.99270,0.00000,0.00000,-0.12062,1.42263,-0.35091,0.00000
99980000000,-7.77917,-18.56551,0.02072,0.99253,0.00000,0.00000,-0.12200,1.41938,-0.35428,0.00000
100000000000,-7.75114,-18.57384,0.02072,0.99239,0.00000,0.00000,-0.12316,1.41630,-0.35703,0.00000
100020000000,-7.72315,-18.58218,0.02072,0.99227,0.00000,0.00000,-0.12410,1.41341,-0.35915,0.00000
100040000000,-7.69521,-18.59053,0.02072,0.99218,0.00000,0.00000,-0.12481,1.41074,-0.36062,0.00000
100060000000,-7.66732,-18.59886,0.02072,0.99212,0.00000,0.00000,-0.12528,1.40830,-0.36143,0.00000
100080000000,-7.63946,-18.60716,0.02072,0.99209,0.00000,0.00000,-0.12552,1.40610,-0.36158,0.00000
100100000000,-7.61163,-18.61540,0.02072,0.99209,0.00000,0.00000,-0.12550,1.40417,-0.36104,0.00000
100120000000,-7.58382,-18.62356,0.02072,0.99212,0.00000,0.00000,-0.12528,1.40214,-0.35985,0.00000
100140000000,-7.55603,-18.63160,0.02072,0.99217,0.00000,0.00000,-0.12491,1.40023,-0.35824,0.00000
100160000000,-7.52825,-18.63951,0.02072,0.99223,0.00000,0.00000,-0.12443,1.39823,-0.35630,0.00000
100180000000,-7.50049,-18.64728,0.02072,0.99230,0.00000,0.00000,-0.12388,1.39642,-0.35418,0.00000
100200000000,-7.47273,-18.65493,0.02072,0.99237,0.00000,0.00000,-0.12326,1.39480,-0.35193,0.00000
100220000000,-7.44499,-18.66246,0.02072,0.99246,0.00000,0.00000,-0.12261,1.39337,-0.34960,0.00000
100240000000,-7.41725,-18.66986,0.02072,0.99254,0.00000,0.00000,-0.12192,1.39237,-0.34729,0.00000
100260000000,-7.38937,-18.67717,0.02072,0.99262,0.00000,0.00000,-0.12125,1.40103,-0.34745,0.00000
100280000000,-7.36127,-18.68441,0.02072,0.99270,0.00000,0.00000,-0.12064,1.41097,-0.34807,0.00000
100300000000,-7.33296,-18.69159,0.02072,0.99276,0.00000,0.00000,-0.12009,1.42071,-0.34881,0.00000
100320000000,-7.30443,-18.69871,0.02072,0.99282,0.00000,0.00000,-0.11961,1.43023,-0.34970,0.00000
100340000000,-7.27570,-18.70579,0.02072,0.99287,0.00000,0.00000,-0.11922,1.43952,-0.35077,0.00000
100360000000,-7.24678,-18.71283,0.02072,0.99290,0.00000,0.00000,-0.11893,1.44856,-0.35205,0.00000
100380000000,-7.21767,-18.71985,0.02072,0.99293,0.00000,0.00000,-0.11873,1.45711,-0.35354,0.00000
100400000000,-7.18851,-18.72692,0.02072,0.99293,0.00000,0.00000,-0.11873,1.45771,-0.35367,0.00000
100420000000,-7.15936,-18.73400,0.02072,0.99293,0.00000,0.00000,-0.11873,1.45771,-0.35367,0.00000
100440000000,-7.13020,-18.74107,0.02072,0.99293,0.00000,0.00000,-0.11873,1.45771,-0.35367,0.00000
100460000000,-7.10105,-18.74814,0.02072,0.99293,0.00000,0.00000,-0.11873,1.45771,-0.35367,0.00000
100480000000,-7.07190,-18.75522,0.02072,0.99293,0.00000,0.00000,-0.11873,1.45771,-0.35367,0.00000
100500000000,-7.04274,-18.76228,0.02072,0.99293,0.00000,0.00000,-0.11872,1.45781,-0.35365,0.00000
100520000000,-7.01356,-18.76931,0.02072,0.99295,0.00000,0.00000,-0.11854,1.45874,-0.35334,0.00000
100540000000,-6.98436,-18.77634,0.02072,0.99298,0.00000,0.00000,-0.11830,1.45964,-0.35280,0.00000
100560000000,-6.95516,-18.78337,0.02072,0.99301,0.00000,0.00000,-0.11800,1.46050,-0.35207,0.00000
100580000000,-6.92593,-18.79039,0.02072,0.99306,0.00000,0.00000,-0.11763,1.46151,-0.35118,0.00000
100600000000,-6.89668,-18.79739,0.02072,0.99311,0.00000,0.00000,-0.11718,1.46278,-0.35008,0.00000
100620000000,-6.86740,-18.80436,0.02072,0.99317,0.00000,0.00000,-0.11666,1.46404,-0.34874,0.00000
100640000000,-6.83809,-18.81130,0.02072,0.99325,0.00000,0.00000,-0.11603,1.46565,-0.34718,0.00000
100660000000,-6.80875,-18.81819,0.02072,0.99333,0.00000,0.00000,-0.11532,1.46733,-0.34534,0.00000
100680000000,-6.77936,-18.82503,0.02072,0.99342,0.00000,0.00000,-0.11451,1.46916,-0.34325,0.00000
100700000000,-6.74993,-18.83179,0.02072,0.99353,0.00000,0.00000,-0.11359,1.47138,-0.34091,0.00000
100720000000,-6.72045,-18.83850,0.02072,0.99365,0.00000,0.00000,-0.11255,1.47384,-0.33822,0.00000
100740000000,-6.69091,-18.84511,0.02072,0.99378,0.00000,0.00000,-0.11139,1.47638,-0.33519,0.00000
100760000000,-6.66131,-18.85162,0.02072,0.99392,0.00000,0.00000,-0.11011,1.47936,-0.33185,0.00000
100780000000,-6.63164,-18.85804,0.02072,0.99408,0.00000,0.00000,-0.10868,1.48260,-0.32811,0.00000
100800000000,-6.60189,-18.86432,0.02072,0.99425,0.00000,0.00000,-0.10713,1.48603,-0.32400,0.00000
100820000000,-6.57205,-18.87048,0.02072,0.99443,0.00000,0.00000,-0.10544,1.48979,-0.31952,0.00000
100840000000,-6.54213,-18.87649,0.02072,0.99462,0.00000,0.00000,-0.10360,1.49401,-0.31466,0.00000
100860000000,-6.51211,-18.88233,0.02072,0.99482,0.00000,0.00000,-0.10163,1.49833,-0.30937,0.00000
100880000000,-6.48198,-18.88798,0.02072,0.99503,0.00000,0.00000,-0.09960,1.50273,-0.30390,0.00000
100900000000,-6.45175,-18.89343,0.02072,0.99523,0.00000,0.00000,-0.09754,1.50750,-0.29836,0.00000
100920000000,-6.42140,-18.89868,0.02072,0.99543,0.00000,0.00000,-0.09545,1.51261,-0.29279,0.00000
100940000000,-6.39093,-18.90376,0.02072,0.99563,0.00000,0.00000,-0.09336,1.51808,-0.28722,0.00000
100960000000,-6.36034,-18.90865,0.02072,0.99583,0.00000,0.00000,-0.09126,1.52387,-0.28167,0.00000
100980000000,-6.32965,-18.91337,0.02072,0.99602,0.00000,0.00000,-0.08917,1.52657,-0.27554,0.00000
101000000000,-6.29915,-18.91791,0.02072,0.99620,0.00000,0.00000,-0.08706,1.51500,-0.26684,0.00000
101020000000,-6.26887,-18.92228,0.02072,0.99639,0.00000,0.00000,-0.08494,1.50356,-0.25823,0.00000
101040000000,-6.23883,-18.92647,0.02072,0.99656,0.00000,0.00000,-0.08282,1.49230,-0.24976,0.00000
101060000000,-6.20896,-18.93058,0.02072,0.99672,0.00000,0.00000,-0.08088,1.48622,-0.24279,0.00000
101080000000,-6.17917,-18.93482,0.02072,0.99683,0.00000,0.00000,-0.07951,1.48495,-0.23841,0.00000
101100000000,-6.14947,-18.93916,0.02072,0.99691,0.00000,0.00000,-0.07858,1.47977,-0.23475,0.00000
101120000000,-6.11995,-18.94343,0.02072,0.99698,0.00000,0.00000,-0.07770,1.47107,-0.23069,0.00000
101140000000,-6.09055,-18.94764,0.02072,0.99705,0.00000,0.00000,-0.07682,1.46692,-0.22739,0.00000
101160000000,-6.06114,-18.95181,0.02072,0.99711,0.00000,0.00000,-0.07596,1.46891,-0.22510,0.00000
101180000000,-6.03152,-18.95596,0.02072,0.99718,0.00000,0.00000,-0.07510,1.48116,-0.22438,0.00000
101200000000,-6.00172,-18.95998,0.02072,0.99726,0.00000,0.00000,-0.07402,1.48750,-0.22205,0.00000
101220000000,-5.97186,-18.96378,0.02072,0.99736,0.00000,0.00000,-0.07256,1.48934,-0.21786,0.00000
101240000000,-5.94194,-18.96733,0.02072,0.99749,0.00000,0.00000,-0.07076,1.49155,-0.21267,0.00000
101260000000,-5.91188,-18.97076,0.02072,0.99763,0.00000,0.00000,-0.06883,1.49966,-0.20794,0.00000
101280000000,-5.88172,-18.97406,0.02072,0.99776,0.00000,0.00000,-0.06690,1.50181,-0.20231,0.00000
101300000000,-5.85173,-18.97727,0.02072,0.99788,0.00000,0.00000,-0.06506,1.49301,-0.19550,0.00000
101320000000,-5.82183,-18.98058,0.02072,0.99797,0.00000,0.00000,-0.06374,1.49158,-0.19132,0.00000
101340000000,-5.79204,-18.98396,0.02072,0.99803,0.00000,0.00000,-0.06277,1.48420,-0.18744,0.00000
101360000000,-5.76246,-18.98726,0.02072,0.99809,0.00000,0.00000,-0.06182,1.47417,-0.18333,0.00000
101380000000,-5.73297,-18.99051,0.02072,0.99814,0.00000,0.00000,-0.06089,1.47250,-0.18033,0.00000
101400000000,-5.70346,-18.99371,0.02072,0.99820,0.00000,0.00000,-0.05998,1.47315,-0.17767,0.00000
101420000000,-5.67395,-18.99686,0.02072,0.99825,0.00000,0.00000,-0.05908,1.47379,-0.17506,0.00000
101440000000,-5.64442,-18.99997,0.02072,0.99830,0.00000,0.00000,-0.05820,1.47441,-0.17250,0.00000
101460000000,-5.61488,-19.00304,0.02072,0.99835,0.00000,0.00000,-0.05734,1.47501,-0.16999,0.00000
101480000000,-5.58534,-19.00606,0.02072,0.99840,0.00000,0.00000,-0.05650,1.47559,-0.16753,0.00000
101500000000,-5.55578,-19.00904,0.02072,0.99845,0.00000,0.00000,-0.05567,1.47616,-0.16512,0.00000
101520000000,-5.52621,-19.01199,0.02072,0.99849,0.00000,0.00000,-0.05486,1.47672,-0.16276,0.00000
101540000000,-5.49663,-19.01489,0.02072,0.99854,0.00000,0.00000,-0.05406,1.47726,-0.16043,0.00000
101560000000,-5.46705,-19.01775,0.02072,0.99858,0.00000,0.00000,-0.05328,1.47778,-0.15816,0.00000
101580000000,-5.43745,-19.02057,0.02072,0.99862,0.00000,0.00000,-0.05252,1.47830,-0.15593,0.00000
101600000000,-5.40784,-19.02335,0.02072,0.99866,0.00000,0.00000,-0.05177,1.47879,-0.15374,0.00000
101620000000,-5.37823,-19.02610,0.02072,0.99870,0.00000,0.00000,-0.05104,1.47928,-0.15159,0.00000
101640000000,-5.34861,-19.02881,0.02072,0.99873,0.00000,0.00000,-0.05032,1.47975,-0.14949,0.00000
101660000000,-5.31898,-19.03149,0.02072,0.99877,0.00000,0.00000,-0.04961,1.48021,-0.14742,0.00000
101680000000,-5.28934,-19.03413,0.02072,0.99880,0.00000,0.00000,-0.04892,1.48066,-0.14540,0.00000
101700000000,-5.25969,-19.03673,0.02072,0.99884,0.00000,0.00000,-0.04825,1.48110,-0.14342,0.00000
101720000000,-5.23004,-19.03931,0.02072,0.99887,0.00000,0.00000,-0.04758,1.48153,-0.14147,0.00000
101740000000,-5.20038,-19.04185,0.02072,0.99890,0.00000,0.00000,-0.04693,1.48194,-0.13956,0.00000
101760000000,-5.17071,-19.04435,0.02072,0.99893,0.00000,0.00000,-0.04629,1.48234,-0.13769,0.00000
101780000000,-5.14103,-19.04683,0.02072,0.99896,0.00000,0.00000,-0.04567,1.48274,-0.13585,0.00000
101800000000,-5.11135,-19.04927,0.02072,0.99898,0.00000,0.00000,-0.04506,1.48312,-0.13406,0.00000
101820000000,-5.08166,-19.05168,0.02072,0.99901,0.00000,0.00000,-0.04446,1.48350,-0.13229,0.00000
101840000000,-5.05196,-19.05407,0.02072,0.99904,0.00000,0.00000,-0.04387,1.48386,-0.13056,0.00000
101860000000,-5.02226,-19.05642,0.02072,0.99906,0.00000,0.00000,-0.04329,1.48422,-0.12886,0.00000
101880000000,-4.99255,-19.05874,0.02072,0.99909,0.00000,0.00000,-0.04272,1.48456,-0.12720,0.00000
101900000000,-4.96284,-19.06104,0.02072,0.99911,0.00000,0.00000,-0.04217,1.48490,-0.12557,0.00000
101920000000,-4.93312,-19.06331,0.02072,0.99913,0.00000,0.00000,-0.04163,1.48523,-0.12397,0.00000
101940000000,-4.90339,-19.06555,0.02072,0.99916,0.00000,0.00000,-0.04109,1.48555,-0.12240,0.00000
101960000000,-4.87366,-19.06777,0.02072,0.99918,0.00000,0.00000,-0.04057,1.48587,-0.12087,0.00000
101980000000,-4.84392,-19.06995,0.02072,0.99920,0.00000,0.00000,-0.04006,1.48617,-0.11936,0.00000
102000000000,-4.81417,-19.07212,0.02072,0.99922,0.00000,0.00000,-0.03956,1.48647,-0.11788,0.00000
102020000000,-4.78442,-19.07425,0.02072,0.99924,0.00000,0.00000,-0.03907,1.48676,-0.11643,0.00000
102040000000,-4.75467,-19.07637,0.02072,0.99926,0.00000,0.00000,-0.03858,1.48704,-0.11501,0.00000
102060000000,-4.72491,-19.07846,0.02072,0.99927,0.00000,0.00000,-0.03811,1.48732,-0.11362,0.00000
102080000000,-4.69514,-19.08052,0.02072,0.99929,0.00000,0.00000,-0.03765,1.48759,-0.11225,0.00000
102100000000,-4.66537,-19.08256,0.02072,0.99931,0.00000,0.00000,-0.03720,1.48785,-0.11091,0.00000
102120000000,-4.63560,-19.08458,0.02072,0.99932,0.00000,0.00000,-0.03675,1.48811,-0.10960,0.00000
102140000000,-4.60582,-19.08658,0.02072,0.99934,0.00000,0.00000,-0.03631,1.48836,-0.10831,0.00000
102160000000,-4.57604,-19.08856,0.02072,0.99936,0.00000,0.00000,-0.03589,1.48860,-0.10705,0.00000
102180000000,-4.54625,-19.09051,0.02072,0.99937,0.00000,0.00000,-0.03547,1.48884,-0.10581,0.00000
102200000000,-4.51646,-19.09244,0.02072,0.99939,0.00000,0.00000,-0.03506,1.48908,-0.10460,0.00000
102220000000,-4.48666,-19.09435,0.02072,0.99940,0.00000,0.00000,-0.03465,1.48930,-0.10341,0.00000
102240000000,-4.45686,-19.09625,0.02072,0.99941,0.00000,0.00000,-0.03426,1.48952,-0.10224,0.00000
102260000000,-4.42706,-19.09812,0.02072,0.99943,0.00000,0.00000,-0.03387,1.48974,-0.10110,0.00000
102280000000,-4.39725,-19.09997,0.02072,0.99944,0.00000,0.00000,-0.03349,1.48995,-0.09998,0.00000
102300000000,-4.36744,-19.10180,0.02072,0.99945,0.00000,0.00000,-0.03312,1.49016,-0.09888,0.00000
102320000000,-4.33762,-19.10362,0.02072,0.99946,0.00000,0.00000,-0.03276,1.49036,-0.09780,0.00000
102340000000,-4.30780,-19.10541,0.02072,0.99947,0.00000,0.00000,-0.03240,1.49056,-0.09675,0.00000
102360000000,-4.27798,-19.10719,0.02072,0.99949,0.00000,0.00000,-0.03205,1.49075,-0.09571,0.00000
102380000000,-4.24815,-19.10895,0.02072,0.99950,0.00000,0.00000,-0.03171,1.49094,-0.09470,0.00000
102400000000,-4.21832,-19.11070,0.02072,0.99951,0.00000,0.00000,-0.03137,1.49112,-0.09370,0.00000
102420000000,-4.18849,-19.11242,0.02072,0.99952,0.00000,0.00000,-0.03104,1.49130,-0.09272,0.00000
102440000000,-4.15865,-19.11413,0.02072,0.99953,0.00000,0.00000,-0.03072,1.49147,-0.09177,0.00000
102460000000,-4.12881,-19.11583,0.02072,0.99954,0.00000,0.00000,-0.03040,1.49165,-0.09083,0.00000
102480000000,-4.09897,-19.11750,0.02072,0.99955,0.00000,0.00000,-0.03009,1.49181,-0.08991,0.00000
102500000000,-4.06912,-19.11917,0.02072,0.99956,0.00000,0.00000,-0.02979,1.49197,-0.08901,0.00000
102520000000,-4.03927,-19.12081,0.02072,0.99957,0.00000,0.00000,-0.02949,1.49213,-0.08813,0.00000
102540000000,-4.00942,-19.12245,0.02072,0.99957,0.00000,0.00000,-0.02920,1.49229,-0.08726,0.00000
102560000000,-3.97957,-19.12406,0.02072,0.99958,0.00000,0.00000,-0.02891,1.49244,-0.08641,0.00000
102580000000,-3.94971,-19.12566,0.02072,0.99959,0.00000,0.00000,-0.02863,1.49259,-0.08558,0.00000
102600000000,-3.91985,-19.12725,0.02072,0.99960,0.00000,0.00000,-0.02836,1.49273,-0.08476,0.00000
102620000000,-3.88999,-19.12883,0.02072,0.99961,0.00000,0.00000,-0.02809,1.49288,-0.08396,0.00000
102640000000,-3.86012,-19.13039,0.02072,0.99961,0.00000,0.00000,-0.02782,1.49302,-0.08318,0.00000
102660000000,-3.83025,-19.13194,0.02072,0.99962,0.00000,0.00000,-0.02756,1.49315,-0.08241,0.00000
102680000000,-3.80038,-19.13347,0.02072,0.99963,0.00000,0.00000,-0.02731,1.49328,-0.08165,0.00000
102700000000,-3.77051,-19.13499,0.02072,0.99963,0.00000,0.00000,-0.02706,1.49341,-0.08091,0.00000
102720000000,-3.74063,-19.13650,0.02072,0.99964,0.00000,0.00000,-0.02682,1.49354,-0.08019,0.00000
102740000000,-3.71076,-19.13800,0.02072,0.99965,0.00000,0.00000,-0.02658,1.49366,-0.07948,0.00000
102760000000,-3.68088,-19.13948,0.02072,0.99965,0.00000,0.00000,-0.02634,1.49378,-0.07878,0.00000
102780000000,-3.65099,-19.14096,0.02072,0.99966,0.00000,0.00000,-0.02611,1.49390,-0.07810,0.00000
102800000000,-3.62111,-19.14242,0.02072,0.99966,0.00000,0.00000,-0.02589,1.49402,-0.07743,0.00000
102820000000,-3.59122,-19.14387,0.02072,0.99967,0.00000,0.00000,-0.02567,1.49413,-0.07678,0.00000
102840000000,-3.56133,-19.14530,0.02072,0.99968,0.00000,0.00000,-0.02545,1.49424,-0.07613,0.00000
102860000000,-3.53144,-19.14673,0.02072,0.99968,0.00000,0.00000,-0.02524,1.49435,-0.07550,0.00000
102880000000,-3.50155,-19.14815,0.02072,0.99969,0.00000,0.00000,-0.02503,1.49445,-0.07489,0.00000
102900000000,-3.47166,-19.14956,0.02072,0.99969,0.00000,0.00000,-0.02483,1.49456,-0.07428,0.00000
102920000000,-3.44176,-19.15095,0.02072,0.99970,0.00000,0.00000,-0.02463,1.49466,-0.07369,0.00000
102940000000,-3.41186,-19.15234,0.02072,0.99970,0.00000,0.00000,-0.02443,1.49476,-0.07310,0.00000
102960000000,-3.38196,-19.15371,0.02072,0.99971,0.00000,0.00000,-0.02424,1.49485,-0.07253,0.00000
102980000000,-3.35206,-19.15508,0.02072,0.99971,0.00000,0.00000,-0.02405,1.49495,-0.07197,0.00000
103000000000,-3.32215,-19.15644,0.02072,0.99972,0.00000,0.00000,-0.02387,1.49504,-0.07143,0.00000
103020000000,-3.29225,-19.15779,0.02072,0.99972,0.00000,0.00000,-0.02369,1.49513,-0.07089,0.00000
103040000000,-3.26234,-19.15912,0.02072,0.99972,0.00000,0.00000,-0.02351,1.49522,-0.07036,0.00000
103060000000,-3.23243,-19.16045,0.02072,0.99973,0.00000,0.00000,-0.02334,1.49530,-0.06984,0.00000
103080000000,-3.20252,-19.16177,0.02072,0.99973,0.00000,0.00000,-0.02317,1.49539,-0.06934,0.00000
103100000000,-3.17261,-19.16309,0.02072,0.99974,0.00000,0.00000,-0.02300,1.49547,-0.06884,0.00000
103120000000,-3.14270,-19.16439,0.02072,0.99974,0.00000,0.00000,-0.02283,1.49555,-0.06835,0.00000
103140000000,-3.11278,-19.16568,0.02072,0.99974,0.00000,0.00000,-0.02267,1.49563,-0.06788,0.00000
103160000000,-3.08286,-19.16697,0.02072,0.99975,0.00000,0.00000,-0.02252,1.49571,-0.06741,0.00000
103180000000,-3.05295,-19.16825,0.02072,0.99975,0.00000,0.00000,-0.02236,1.49578,-0.06695,0.00000
103200000000,-3.02303,-19.16952,0.02072,0.99975,0.00000,0.00000,-0.02221,1.49586,-0.06650,0.00000
103220000000,-2.99311,-19.17079,0.02072,0.99976,0.00000,0.00000,-0.02206,1.49593,-0.06606,0.00000
103240000000,-2.96318,-19.17204,0.02072,0.99976,0.00000,0.00000,-0.02192,1.49600,-0.06563,0.00000
103260000000,-2.93326,-19.17329,0.02072,0.99976,0.00000,0.00000,-0.02178,1.49607,-0.06521,0.00000
103280000000,-2.90334,-19.17453,0.02072,0.99977,0.00000,0.00000,-0.02164,1.49614,-0.06479,0.00000
103300000000,-2.87341,-19.17577,0.02072,0.99977,0.00000,0.00000,-0.02150,1.49620,-0.06439,0.00000
103320000000,-2.84348,-19.17700,0.02072,0.99977,0.00000,0.00000,-0.02137,1.49627,-0.06399,0.00000
103340000000,-2.81355,-19.17822,0.02072,0.99977,0.00000,0.00000,-0.02124,1.49633,-0.06360,0.00000
103360000000,-2.78362,-19.17943,0.02072,0.99978,0.00000,0.00000,-0.02111,1.49639,-0.06321,0.00000
103380000000,-2.75369,-19.18064,0.02072,0.99978,0.00000,0.00000,-0.02098,1.49646,-0.06284,0.00000
103400000000,-2.72376,-19.18184,0.02072,0.99978,0.00000,0.00000,-0.02086,1.49651,-0.06247,0.00000
103420000000,-2.69383,-19.18303,0.02072,0.99978,0.00000,0.00000,-0.02074,1.49657,-0.06211,0.00000
103440000000,-2.66389,-19.18422,0.02072,0.99979,0.00000,0.00000,-0.02062,1.49663,-0.06176,0.00000
103460000000,-2.63396,-19.18541,0.02072,0.99979,0.00000,0.00000,-0.02050,1.49669,-0.06141,0.00000
103480000000,-2.60402,-19.18658,0.02072,0.99979,0.00000,0.00000,-0.02039,1.49674,-0.06107,0.00000
103500000000,-2.57408,-19.18776,0.02072,0.99979,0.00000,0.00000,-0.02028,1.49679,-0.06074,0.00000
103520000000,-2.54415,-19.18892,0.02072,0.99980,0.00000,0.00000,-0.02017,1.49685,-0.06041,0.00000
103540000000,-2.51421,-19.19008,0.02072,0.99980,0.00000,0.00000,-0.02006,1.49690,-0.06009,0.00000
103560000000,-2.48427,-19.19124,0.02072,0.99980,0.00000,0.00000,-0.01995,1.49695,-0.05977,0.00000
103580000000,-2.45432,-19.19238,0.02072,0.99980,0.00000,0.00000,-0.01985,1.49700,-0.05947,0.00000
103600000000,-2.42438,-19.19353,0.02072,0.99980,0.00000,0.00000,-0.01975,1.49705,-0.05917,0.00000
103620000000,-2.39444,-19.19467,0.02072,0.99981,0.00000,0.00000,-0.01965,1.49709,-0.05887,0.00000
103640000000,-2.36449,-19.19580,0.02072,0.99981,0.00000,0.00000,-0.01955,1.49714,-0.05858,0.00000
103660000000,-2.33455,-19.19693,0.02072,0.99981,0.00000,0.00000,-0.01946,1.49718,-0.05830,0.00000
103680000000,-2.30460,-19.19805,0.02072,0.99981,0.00000,0.00000,-0.01936,1.49723,-0.05802,0.00000
103700000000,-2.27466,-19.19917,0.02072,0.99981,0.00000,0.00000,-0.01927,1.49727,-0.05775,0.00000
103720000000,-2.24471,-19.20029,0.02072,0.99982,0.00000,0.00000,-0.01918,1.49731,-0.05748,0.00000
103740000000,-2.21476,-19.20140,0.02072,0.99982,0.00000,0.00000,-0.01910,1.49735,-0.05722,0.00000
103760000000,-2.18481,-19.20250,0.02072,0.99982,0.00000,0.00000,-0.01901,1.49740,-0.05696,0.00000
103780000000,-2.15486,-19.20361,0.02072,0.99982,0.00000,0.00000,-0.01892,1.49744,-0.05671,0.00000
103800000000,-2.12491,-19.20470,0.02072,0.99982,0.00000,0.00000,-0.01884,1.49747,-0.05646,0.00000
103820000000,-2.09496,-19.20580,0.02072,0.99982,0.00000,0.00000,-0.01876,1.49751,-0.05622,0.00000
103840000000,-2.06501,-19.20688,0.02072,0.99983,0.00000,0.00000,-0.01868,1.49755,-0.05598,0.00000
103860000000,-2.03506,-19.20797,0.02072,0.99983,0.00000,0.00000,-0.01860,1.49759,-0.05575,0.00000
103880000000,-2.00502,-19.20903,0.02072,0.99983,0.00000,0.00000,-0.01847,1.50413,-0.05559,0.00000
103900000000,-1.97485,-19.21007,0.02072,0.99983,0.00000,0.00000,-0.01831,1.51106,-0.05535,0.00000
103920000000,-1.94454,-19.21110,0.02072,0.99984,0.00000,0.00000,-0.01813,1.51640,-0.05502,0.00000
103940000000,-1.91403,-19.21212,0.02072,0.99984,0.00000,0.00000,-0.01794,1.52849,-0.05486,0.00000
103960000000,-1.88330,-19.21312,0.02072,0.99984,0.00000,0.00000,-0.01771,1.53911,-0.05454,0.00000
103980000000,-1.85241,-19.21410,0.02072,0.99985,0.00000,0.00000,-0.01744,1.54653,-0.05397,0.00000
104000000000,-1.82142,-19.21503,0.02072,0.99985,0.00000,0.00000,-0.01712,1.55056,-0.05312,0.00000
104020000000,-1.79025,-19.21593,0.02072,0.99986,0.00000,0.00000,-0.01675,1.55997,-0.05227,0.00000
104040000000,-1.75888,-19.21679,0.02072,0.99987,0.00000,0.00000,-0.01631,1.57131,-0.05126,0.00000
104060000000,-1.72737,-19.21758,0.02072,0.99988,0.00000,0.00000,-0.01579,1.57717,-0.04981,0.00000
104080000000,-1.69576,-19.21831,0.02072,0.99988,0.00000,0.00000,-0.01518,1.57935,-0.04798,0.00000
104100000000,-1.66436,-19.21896,0.02072,0.99989,0.00000,0.00000,-0.01451,1.56620,-0.04545,0.00000
104120000000,-1.63323,-19.21953,0.02072,0.99991,0.00000,0.00000,-0.01377,1.55271,-0.04278,0.00000
104140000000,-1.60236,-19.22003,0.02072,0.99992,0.00000,0.00000,-0.01299,1.53949,-0.04002,0.00000
104160000000,-1.57176,-19.22047,0.02072,0.99993,0.00000,0.00000,-0.01219,1.52652,-0.03722,0.00000
104180000000,-1.54141,-19.22084,0.02072,0.99994,0.00000,0.00000,-0.01137,1.51379,-0.03442,0.00000
104200000000,-1.51131,-19.22116,0.02072,0.99994,0.00000,0.00000,-0.01057,1.50214,-0.03176,0.00000
104220000000,-1.48143,-19.22147,0.02072,0.99995,0.00000,0.00000,-0.00985,1.49063,-0.02938,0.00000
104240000000,-1.45168,-19.22175,0.02072,0.99996,0.00000,0.00000,-0.00915,1.48736,-0.02723,0.00000
104260000000,-1.42192,-19.22198,0.02072,0.99996,0.00000,0.00000,-0.00846,1.48764,-0.02519,0.00000
104280000000,-1.39216,-19.22218,0.02072,0.99997,0.00000,0.00000,-0.00779,1.48792,-0.02319,0.00000
104300000000,-1.36239,-19.22235,0.02072,0.99997,0.00000,0.00000,-0.00713,1.48818,-0.02122,0.00000
104320000000,-1.33262,-19.22249,0.02072,0.99998,0.00000,0.00000,-0.00648,1.48844,-0.01930,0.00000
104340000000,-1.30285,-19.22259,0.02072,0.99998,0.00000,0.00000,-0.00585,1.48869,-0.01741,0.00000
104360000000,-1.27307,-19.22266,0.02072,0.99999,0.00000,0.00000,-0.00523,1.48893,-0.01556,0.00000
104380000000,-1.24328,-19.22269,0.02072,0.99999,0.00000,0.00000,-0.00462,1.48917,-0.01375,0.00000
104400000000,-1.21349,-19.22270,0.02072,0.99999,0.00000,0.00000,-0.00402,1.48940,-0.01197,0.00000
104420000000,-1.18370,-19.22268,0.02072,0.99999,0.00000,0.00000,-0.00343,1.48962,-0.01023,0.00000
104440000000,-1.15390,-19.22263,0.02072,1.00000,0.00000,0.00000,-0.00286,1.48984,-0.00852,0.00000
104460000000,-1.12410,-19.22254,0.02072,1.00000,0.00000,0.00000,-0.00230,1.49005,-0.00684,0.00000
104480000000,-1.09430,-19.22243,0.02072,1.00000,0.00000,0.00000,-0.00174,1.49025,-0.00520,0.00000
104500000000,-1.06449,-19.22229,0.02072,1.00000,0.00000,0.00000,-0.00120,1.49045,-0.00359,0.00000
104520000000,-1.03468,-19.22213,0.02072,1.00000,0.00000,0.00000,-0.00067,1.49064,-0.00201,0.00000
104540000000,-1.00486,-19.22194,0.02072,1.00000,0.00000,0.00000,-0.00015,1.49083,-0.00046,0.00000
104560000000,-0.97504,-19.22172,0.02072,1.00000,0.00000,0.00000,0.00035,1.49101,0.00106,0.00000
104580000000,-0.94522,-19.22147,0.02072,1.00000,0.00000,0.00000,0.00085,1.49120,0.00254,0.00000
104600000000,-0.91539,-19.22120,0.02072,1.00000,0.00000,0.00000,0.00134,1.49138,0.00400,0.00000
104620000000,-0.88556,-19.22091,0.02072,1.00000,0.00000,0.00000,0.00182,1.49155,0.00543,0.00000
104640000000,-0.85573,-19.22059,0.02072,1.00000,0.00000,0.00000,0.00229,1.49172,0.00682,0.00000
104660000000,-0.82589,-19.22024,0.02072,1.00000,0.00000,0.00000,0.00275,1.49189,0.00819,0.00000
104680000000,-0.79605,-19.21987,0.02072,0.99999,0.00000,0.00000,0.00319,1.49205,0.00953,0.00000
104700000000,-0.76621,-19.21948,0.02072,0.99999,0.00000,0.00000,0.00363,1.49220,0.01084,0.00000
104720000000,-0.73637,-19.21907,0.02072,0.99999,0.00000,0.00000,0.00406,1.49235,0.01213,0.00000
104740000000,-0.70652,-19.21864,0.02072,0.99999,0.00000,0.00000,0.00449,1.49250,0.01339,0.00000
104760000000,-0.67667,-19.21818,0.02072,0.99999,0.00000,0.00000,0.00490,1.49264,0.01462,0.00000
104780000000,-0.64682,-19.21770,0.02072,0.99999,0.00000,0.00000,0.00530,1.49278,0.01583,0.00000
104800000000,-0.61696,-19.21721,0.02072,0.99998,0.00000,0.00000,0.00570,1.49291,0.01701,0.00000
104820000000,-0.58710,-19.21669,0.02072,0.99998,0.00000,0.00000,0.00609,1.49305,0.01817,0.00000
104840000000,-0.55724,-19.21615,0.02072,0.99998,0.00000,0.00000,0.00647,1.49317,0.01931,0.00000
104860000000,-0.52738,-19.21559,0.02072,0.99998,0.00000,0.00000,0.00684,1.49330,0.02042,0.00000
104880000000,-0.49751,-19.21502,0.02072,0.99997,0.00000,0.00000,0.00720,1.49342,0.02151,0.00000
104900000000,-0.46764,-19.21442,0.02072,0.99997,0.00000,0.00000,0.00756,1.49353,0.02258,0.00000
104920000000,-0.43777,-19.21381,0.02072,0.99997,0.00000,0.00000,0.00791,1.49364,0.02363,0.00000
104940000000,-0.40790,-19.21318,0.02072,0.99997,0.00000,0.00000,0.00825,1.49376,0.02465,0.00000
104960000000,-0.37803,-19.21253,0.02072,0.99996,0.00000,0.00000,0.00859,1.49386,0.02566,0.00000
104980000000,-0.34815,-19.21186,0.02072,0.99996,0.00000,0.00000,0.00892,1.49397,0.02664,0.00000
105000000000,-0.31827,-19.21118,0.02072,0.99996,0.00000,0.00000,0.00924,1.49407,0.02760,0.00000
105020000000,-0.28839,-19.21048,0.02072,0.99995,0.00000,0.00000,0.00955,1.49417,0.02855,0.00000
105040000000,-0.25851,-19.20977,0.02072,0.99995,0.00000,0.00000,0.00986,1.49426,0.02947,0.00000
105060000000,-0.22863,-19.20904,0.02072,0.99995,0.00000,0.00000,0.01016,1.49436,0.03038,0.00000
105080000000,-0.19874,-19.20829,0.02072,0.99995,0.00000,0.00000,0.01046,1.49445,0.03127,0.00000
105100000000,-0.16885,-19.20753,0.02072,0.99994,0.00000,0.00000,0.01075,1.49454,0.03214,0.00000
105120000000,-0.13896,-19.20676,0.02072,0.99994,0.00000,0.00000,0.01103,1.49462,0.03299,0.00000
105140000000,-0.10907,-19.20597,0.02072,0.99994,0.00000,0.00000,0.01131,1.49470,0.03383,0.00000
105160000000,-0.07918,-19.20516,0.02072,0.99993,0.00000,0.00000,0.01159,1.49479,0.03464,0.00000
105180000000,-0.04929,-19.20434,0.02072,0.99993,0.00000,0.00000,0.01185,1.49487,0.03545,0.00000
105200000000,-0.01939,-19.20351,0.02072,0.99993,0.00000,0.00000,0.01212,1.49494,0.03623,0.00000
105220000000,0.01051,-19.20267,0.02072,0.99992,0.00000,0.00000,0.01237,1.49502,0.03700,0.00000
105240000000,0.04041,-19.20181,0.02072,0.99992,0.00000,0.00000,0.01262,1.49509,0.03775,0.00000
105260000000,0.07031,-19.20094,0.02072,0.99992,0.00000,0.00000,0.01287,1.49516,0.03849,0.00000
105280000000,0.10021,-19.20006,0.02072,0.99991,0.00000,0.00000,0.01311,1.49523,0.03922,0.00000
105300000000,0.13011,-19.19916,0.02072,0.99991,0.00000,0.00000,0.01335,1.49530,0.03993,0.00000
105320000000,0.16002,-19.19825,0.02072,0.99991,0.00000,0.00000,0.01358,1.49537,0.04062,0.00000
105340000000,0.18992,-19.19733,0.02072,0.99990,0.00000,0.00000,0.01381,1.49543,0.04130,0.00000
105360000000,0.21983,-19.19640,0.02072,0.99990,0.00000,0.00000,0.01403,1.49549,0.04197,0.00000
105380000000,0.24974,-19.19546,0.02072,0.99990,0.00000,0.00000,0.01425,1.49555,0.04262,0.00000
105400000000,0.27965,-19.19451,0.02072,0.99990,0.00000,0.00000,0.01446,1.49561,0.04326,0.00000
105420000000,0.30956,-19.19354,0.02072,0.99989,0.00000,0.00000,0.01467,1.49567,0.04389,0.00000
105440000000,0.33947,-19.19257,0.02072,0.99989,0.00000,0.00000,0.01487,1.49573,0.04451,0.00000
105460000000,0.36938,-19.19158,0.02072,0.99989,0.00000,0.00000,0.01507,1.49578,0.04511,0.00000
105480000000,0.39930,-19.19059,0.02072,0.99988,0.00000,0.00000,0.01527,1.49584,0.04570,0.00000
105500000000,0.42921,-19.18958,0.02072,0.99988,0.00000,0.00000,0.01546,1.49589,0.04628,0.00000
105520000000,0.45913,-19.18857,0.02072,0.99988,0.00000,0.00000,0.01565,1.49594,0.04685,0.00000
105540000000,0.48904,-19.18754,0.02072,0.99987,0.00000,0.00000,0.01584,1.49599,0.04740,0.00000
105560000000,0.51896,-19.18651,0.02072,0.99987,0.00000,0.00000,0.01602,1.49604,0.04795,0.00000
105580000000,0.54888,-19.18546,0.02072,0.99987,0.00000,0.00000,0.01620,1.49609,0.04848,0.00000
105600000000,0.57880,-19.18441,0.02072,0.99987,0.00000,0.00000,0.01637,1.49613,0.04900,0.00000
105620000000,0.60872,-19.18335,0.02072,0.99986,0.00000,0.00000,0.01654,1.49618,0.04951,0.00000
105640000000,0.63864,-19.18228,0.02072,0.99986,0.00000,0.00000,0.01671,1.49622,0.05002,0.00000
105660000000,0.66857,-19.18120,0.02072,0.99986,0.00000,0.00000,0.01687,1.49626,0.05051,0.00000
105680000000,0.69849,-19.18012,0.02072,0.99985,0.00000,0.00000,0.01703,1.49631,0.05099,0.00000
105700000000,0.72841,-19.17902,0.02072,0.99985,0.00000,0.00000,0.01719,1.49635,0.05146,0.00000
105720000000,0.75834,-19.17792,0.02072,0.99985,0.00000,0.00000,0.01734,1.49639,0.05193,0.00000
105740000000,0.78827,-19.17681,0.02072,0.99985,0.00000,0.00000,0.01749,1.49643,0.05238,0.00000
105760000000,0.81819,-19.17569,0.02072,0.99984,0.00000,0.00000,0.01764,1.49646,0.05282,0.00000
105780000000,0.84812,-19.17456,0.02072,0.99984,0.00000,0.00000,0.01779,1.49650,0.05326,0.00000
105800000000,0.87805,-19.17343,0.02072,0.99984,0.00000,0.00000,0.01793,1.49654,0.05369,0.00000
105820000000,0.90798,-19.17229,0.02072,0.99984,0.00000,0.00000,0.01807,1.49657,0.05411,0.00000
105840000000,0.93794,-19.17114,0.02072,0.99983,0.00000,0.00000,0.01821,1.49974,0.05466,0.00000
105860000000,0.96811,-19.16997,0.02072,0.99983,0.00000,-0.00000,0.01840,1.51156,0.05564,0.00000
105880000000,0.99839,-19.16879,0.02072,0.99983,0.00000,-0.00000,0.01860,1.51524,0.05641,0.00000
105900000000,1.02884,-19.16758,0.02072,0.99982,0.00000,-0.00000,0.01884,1.52418,0.05747,0.00000
105920000000,1.05945,-19.16634,0.02072,0.99982,0.00000,-0.00000,0.01913,1.53198,0.05864,0.00000
105940000000,1.09023,-19.16507,0.02072,0.99981,0.00000,-0.00000,0.01947,1.54060,0.06002,0.00000
105960000000,1.12120,-19.16376,0.02072,0.99980,0.00000,-0.00000,0.01987,1.55175,0.06171,0.00000
105980000000,1.15231,-19.16240,0.02072,0.99979,0.00000,-0.00000,0.02035,1.55583,0.06336,0.00000
106000000000,1.18358,-19.16098,0.02072,0.99978,0.00000,-0.00000,0.02091,1.56649,0.06555,0.00000
106020000000,1.21493,-19.15949,0.02072,0.99977,0.00000,-0.00000,0.02156,1.56590,0.06756,0.00000
106040000000,1.24604,-19.15794,0.02072,0.99975,0.00000,-0.00000,0.02224,1.55263,0.06913,0.00000
106060000000,1.27689,-19.15632,0.02072,0.99974,0.00000,-0.00000,0.02296,1.53964,0.07075,0.00000
106080000000,1.30748,-19.15464,0.02072,0.99972,0.00000,0.00000,0.02368,1.52692,0.07237,0.00000
106100000000,1.33782,-19.15292,0.02072,0.99970,0.00000,0.00000,0.02439,1.51447,0.07394,0.00000
106120000000,1.36791,-19.15115,0.02072,0.99969,0.00000,0.00000,0.02508,1.50235,0.07543,0.00000
106140000000,1.39794,-19.14934,0.02072,0.99967,0.00000,0.00000,0.02576,1.50399,0.07755,0.00000
106160000000,1.42807,-19.14749,0.02072,0.99965,0.00000,-0.00000,0.02646,1.50948,0.07997,0.00000
106180000000,1.45833,-19.14558,0.02072,0.99963,0.00000,-0.00000,0.02720,1.51541,0.08252,0.00000
106200000000,1.48879,-19.14362,0.02072,0.99961,0.00000,-0.00000,0.02798,1.52648,0.08553,0.00000
106220000000,1.51936,-19.14160,0.02072,0.99958,0.00000,-0.00000,0.02882,1.52990,0.08829,0.00000
106240000000,1.55011,-19.13951,0.02072,0.99956,0.00000,-0.00000,0.02972,1.54071,0.09169,0.00000
106260000000,1.58098,-19.13734,0.02072,0.99953,0.00000,-0.00000,0.03069,1.54454,0.09493,0.00000
106280000000,1.61199,-19.13509,0.02072,0.99950,0.00000,-0.00000,0.03174,1.55453,0.09883,0.00000
106300000000,1.64315,-19.13275,0.02072,0.99946,0.00000,-0.00000,0.03288,1.55850,0.10266,0.00000
106320000000,1.67441,-19.13030,0.02072,0.99942,0.00000,-0.00000,0.03412,1.56702,0.10713,0.00000
106340000000,1.70588,-19.12774,0.02072,0.99937,0.00000,-0.00000,0.03549,1.57685,0.11213,0.00000
106360000000,1.73750,-19.12506,0.02072,0.99932,0.00000,-0.00000,0.03698,1.58427,0.11743,0.00000
106380000000,1.76923,-19.12224,0.02072,0.99925,0.00000,-0.00000,0.03862,1.58999,0.12308,0.00000
106400000000,1.80098,-19.11927,0.02072,0.99918,0.00000,-0.00000,0.04038,1.58578,0.12837,0.00000
106420000000,1.83245,-19.11615,0.02072,0.99911,0.00000,-0.00000,0.04218,1.57209,0.13299,0.00000
106440000000,1.86364,-19.11290,0.02072,0.99903,0.00000,-0.00000,0.04402,1.55874,0.13762,0.00000
106460000000,1.89457,-19.10952,0.02072,0.99895,0.00000,-0.00000,0.04586,1.54573,0.14222,0.00000
106480000000,1.92524,-19.10601,0.02072,0.99886,0.00000,-0.00000,0.04769,1.53304,0.14673,0.00000
106500000000,1.95565,-19.10238,0.02072,0.99877,0.00000,-0.00000,0.04950,1.52066,0.15110,0.00000
106520000000,1.98582,-19.09864,0.02072,0.99868,0.00000,-0.00000,0.05127,1.50858,0.15530,0.00000
106540000000,2.01575,-19.09481,0.02072,0.99860,0.00000,-0.00000,0.05296,1.49740,0.15928,0.00000
106560000000,2.04547,-19.09092,0.02072,0.99851,0.00000,-0.00000,0.05451,1.48692,0.16283,0.00000
106580000000,2.07497,-19.08695,0.02072,0.99843,0.00000,-0.00000,0.05597,1.47571,0.16599,0.00000
106600000000,2.10426,-19.08291,0.02072,0.99835,0.00000,-0.00000,0.05735,1.46692,0.16909,0.00000
106620000000,2.13353,-19.07880,0.02072,0.99828,0.00000,-0.00000,0.05869,1.46697,0.17308,0.00000
106640000000,2.16279,-19.07463,0.02072,0.99820,0.00000,-0.00000,0.05999,1.46705,0.17698,0.00000
106660000000,2.19205,-19.07039,0.02072,0.99812,0.00000,-0.00000,0.06127,1.46712,0.18080,0.00000
106680000000,2.22132,-19.06609,0.02072,0.99804,0.00000,-0.00000,0.06252,1.46717,0.18453,0.00000
106700000000,2.25060,-19.06173,0.02072,0.99797,0.00000,-0.00000,0.06375,1.46914,0.18846,0.00000
106720000000,2.28003,-19.05730,0.02072,0.99788,0.00000,-0.00000,0.06501,1.47686,0.19323,0.00000
106740000000,2.30965,-19.05279,0.02072,0.99780,0.00000,-0.00000,0.06632,1.48722,0.19858,0.00000
106760000000,2.33943,-19.04817,0.02072,0.99770,0.00000,-0.00000,0.06775,1.49436,0.20390,0.00000
106780000000,2.36932,-19.04345,0.02072,0.99760,0.00000,-0.00000,0.06927,1.50042,0.20937,0.00000
106800000000,2.39937,-19.03863,0.02072,0.99749,0.00000,-0.00000,0.07087,1.50859,0.21544,0.00000
106820000000,2.42954,-19.03369,0.02072,0.99737,0.00000,-0.00000,0.07254,1.51474,0.22151,0.00000
106840000000,2.45979,-19.02864,0.02072,0.99724,0.00000,-0.00000,0.07429,1.51702,0.22727,0.00000
106860000000,2.49015,-19.02347,0.02072,0.99710,0.00000,-0.00000,0.07612,1.52274,0.23387,0.00000
106880000000,2.52062,-19.01816,0.02072,0.99695,0.00000,-0.00000,0.07807,1.52863,0.24088,0.00000
106900000000,2.55121,-19.01271,0.02072,0.99678,0.00000,-0.00000,0.08013,1.53465,0.24834,0.00000
106920000000,2.58194,-19.00710,0.02072,0.99660,0.00000,-0.00000,0.08233,1.54256,0.25663,0.00000
106940000000,2.61276,-19.00132,0.02072,0.99641,0.00000,-0.00000,0.08468,1.54688,0.26484,0.00000
106960000000,2.64366,-18.99537,0.02072,0.99619,0.00000,-0.00000,0.08717,1.55001,0.27335,0.00000
106980000000,2.67464,-18.98922,0.02072,0.99596,0.00000,-0.00000,0.08981,1.55433,0.28263,0.00000
107000000000,2.70572,-18.98286,0.02072,0.99570,0.00000,-0.00000,0.09264,1.56075,0.29297,0.00000
107020000000,2.73685,-18.97629,0.02072,0.99542,0.00000,-0.00000,0.09565,1.56231,0.30303,0.00000
107040000000,2.76804,-18.96948,0.02072,0.99510,0.00000,-0.00000,0.09885,1.56643,0.31430,0.00000
107060000000,2.79929,-18.96242,0.02072,0.99476,0.00000,-0.00000,0.10225,1.56912,0.32602,0.00000
107080000000,2.83057,-18.95510,0.02072,0.99438,0.00000,-0.00000,0.10587,1.57088,0.33832,0.00000
107100000000,2.86180,-18.94751,0.02072,0.99397,0.00000,-0.00000,0.10965,1.56521,0.34960,0.00000
107120000000,2.89272,-18.93964,0.02072,0.99354,0.00000,-0.00000,0.11346,1.55067,0.35885,0.00000
107140000000,2.92332,-18.93151,0.02072,0.99310,0.00000,-0.00000,0.11726,1.53655,0.36798,0.00000
107160000000,2.95363,-18.92313,0.02072,0.99265,0.00000,-0.00000,0.12102,1.52285,0.37694,0.00000
107180000000,2.98365,-18.91450,0.02072,0.99219,0.00000,-0.00000,0.12474,1.50958,0.38568,0.00000
107200000000,3.01338,-18.90563,0.02072,0.99172,0.00000,-0.00000,0.12840,1.49672,0.39416,0.00000
107220000000,3.04284,-18.89654,0.02072,0.99125,0.00000,-0.00000,0.13197,1.48427,0.40234,0.00000
107240000000,3.07203,-18.88724,0.02072,0.99079,0.00000,-0.00000,0.13544,1.47224,0.41017,0.00000
107260000000,3.10096,-18.87773,0.02072,0.99032,0.00000,-0.00000,0.13880,1.46062,0.41762,0.00000
107280000000,3.12965,-18.86804,0.02072,0.98987,0.00000,-0.00000,0.14201,1.44989,0.42476,0.00000
107300000000,3.15821,-18.85825,0.02072,0.98944,0.00000,-0.00000,0.14497,1.44461,0.43262,0.00000
107320000000,3.18677,-18.84822,0.02072,0.98897,0.00000,-0.00000,0.14815,1.44687,0.44343,0.00000
107340000000,3.21534,-18.83797,0.02072,0.98847,0.00000,-0.00000,0.15144,1.44860,0.45454,0.00000
107360000000,3.24395,-18.82753,0.02072,0.98794,0.00000,-0.00000,0.15483,1.44943,0.46576,0.00000
107380000000,3.27261,-18.81689,0.02072,0.98738,0.00000,-0.00000,0.15835,1.45182,0.47795,0.00000
107400000000,3.30128,-18.80602,0.02072,0.98679,0.00000,-0.00000,0.16198,1.45228,0.48998,0.00000
107420000000,3.33000,-18.79493,0.02072,0.98616,0.00000,-0.00000,0.16577,1.45528,0.50348,0.00000
107440000000,3.35873,-18.78360,0.02072,0.98549,0.00000,-0.00000,0.16971,1.45540,0.51659,0.00000
107460000000,3.38736,-18.77202,0.02072,0.98480,0.00000,-0.00000,0.17371,1.44766,0.52711,0.00000
107480000000,3.41571,-18.76020,0.02072,0.98410,0.00000,-0.00000,0.17759,1.43555,0.53556,0.00000
107500000000,3.44378,-18.74815,0.02072,0.98342,0.00000,-0.00000,0.18135,1.42390,0.54363,0.00000
107520000000,3.47160,-18.73589,0.02072,0.98275,0.00000,-0.00000,0.18496,1.41270,0.55129,0.00000
107540000000,3.49920,-18.72346,0.02072,0.98210,0.00000,-0.00000,0.18836,1.40327,0.55884,0.00000
107560000000,3.52659,-18.71089,0.02072,0.98149,0.00000,-0.00000,0.19152,1.39340,0.56533,0.00000
107580000000,3.55380,-18.69815,0.02072,0.98089,0.00000,-0.00000,0.19454,1.38658,0.57252,0.00000
107600000000,3.58101,-18.68526,0.02072,0.98028,0.00000,-0.00000,0.19763,1.38753,0.58316,0.00000
107620000000,3.60825,-18.67217,0.02072,0.97962,0.00000,-0.00000,0.20088,1.38898,0.59464,0.00000
107640000000,3.63543,-18.65884,0.02072,0.97891,0.00000,-0.00000,0.20429,1.38559,0.60466,0.00000
107660000000,3.66261,-18.64532,0.02072,0.97817,0.00000,-0.00000,0.20782,1.38658,0.61702,0.00000
107680000000,3.68981,-18.63160,0.02072,0.97738,0.00000,-0.00000,0.21150,1.38686,0.62971,0.00000
107700000000,3.71703,-18.61767,0.02072,0.97653,0.00000,-0.00000,0.21536,1.38723,0.64315,0.00000
107720000000,3.74422,-18.60351,0.02072,0.97565,0.00000,-0.00000,0.21935,1.38472,0.65579,0.00000
107740000000,3.77134,-18.58912,0.02072,0.97471,0.00000,-0.00000,0.22347,1.38101,0.66838,0.00000
107760000000,3.79843,-18.57449,0.02072,0.97372,0.00000,-0.00000,0.22776,1.37963,0.68277,0.00000
107780000000,3.82545,-18.55961,0.02072,0.97266,0.00000,-0.00000,0.23222,1.37552,0.69650,0.00000
107800000000,3.85242,-18.54447,0.02072,0.97154,0.00000,-0.00000,0.23687,1.37281,0.71173,0.00000
107820000000,3.87932,-18.52905,0.02072,0.97034,0.00000,-0.00000,0.24174,1.36878,0.72715,0.00000
107840000000,3.90611,-18.51335,0.02072,0.96906,0.00000,-0.00000,0.24681,1.36333,0.74261,0.00000
107860000000,3.93277,-18.49735,0.02072,0.96771,0.00000,-0.00000,0.25207,1.35712,0.75848,0.00000
107880000000,3.95923,-18.48104,0.02072,0.96629,0.00000,-0.00000,0.25745,1.34620,0.77214,0.00000
107900000000,3.98535,-18.46440,0.02072,0.96487,0.00000,-0.00000,0.26273,1.33194,0.78344,0.00000
107920000000,4.01111,-18.44745,0.02072,0.96345,0.00000,-0.00000,0.26788,1.31821,0.79445,0.00000
107940000000,4.03655,-18.43020,0.02072,0.96204,0.00000,-0.00000,0.27289,1.30501,0.80515,0.00000
107960000000,4.06165,-18.41265,0.02072,0.96065,0.00000,-0.00000,0.27776,1.29234,0.81551,0.00000
107980000000,4.08645,-18.39484,0.02072,0.95928,0.00000,-0.00000,0.28246,1.28022,0.82551,0.00000
108000000000,4.11095,-18.37675,0.02072,0.95793,0.00000,-0.00000,0.28700,1.26862,0.83513,0.00000
108020000000,4.13517,-18.35843,0.02072,0.95662,0.00000,-0.00000,0.29134,1.25768,0.84438,0.00000
108040000000,4.15918,-18.33994,0.02072,0.95538,0.00000,-0.00000,0.29538,1.24780,0.85314,0.00000
108060000000,4.18295,-18.32124,0.02072,0.95419,0.00000,-0.00000,0.29922,1.23807,0.86115,0.00000
108080000000,4.20648,-18.30235,0.02072,0.95304,0.00000,-0.00000,0.30283,1.22889,0.86867,0.00000
108100000000,4.22979,-18.28328,0.02072,0.95196,0.00000,-0.00000,0.30622,1.22026,0.87567,0.00000
108120000000,4.25290,-18.26405,0.02072,0.95094,0.00000,-0.00000,0.30939,1.21218,0.88214,0.00000
108140000000,4.27586,-18.24467,0.02072,0.94995,0.00000,-0.00000,0.31239,1.20619,0.88951,0.00000
108160000000,4.29873,-18.22516,0.02072,0.94897,0.00000,-0.00000,0.31538,1.20147,0.89775,0.00000
108180000000,4.32157,-18.20554,0.02072,0.94793,0.00000,-0.00000,0.31849,1.19830,0.90770,0.00000
108200000000,4.34437,-18.18580,0.02072,0.94683,0.00000,-0.00000,0.32174,1.19419,0.91754,0.00000
108220000000,4.36711,-18.16592,0.02072,0.94568,0.00000,-0.00000,0.32510,1.18925,0.92724,0.00000
108240000000,4.38977,-18.14590,0.02072,0.94448,0.00000,-0.00000,0.32857,1.18388,0.93710,0.00000
108260000000,4.41234,-18.12573,0.02072,0.94322,0.00000,-0.00000,0.33216,1.17805,0.94716,0.00000
108280000000,4.43480,-18.10537,0.02072,0.94187,0.00000,-0.00000,0.33597,1.17213,0.95813,0.00000
108300000000,4.45711,-18.08481,0.02072,0.94045,0.00000,-0.00000,0.33994,1.16487,0.96870,0.00000
108320000000,4.47933,-18.06410,0.02072,0.93894,0.00000,-0.00000,0.34408,1.15780,0.98018,0.00000
108340000000,4.50141,-18.04321,0.02072,0.93736,0.00000,-0.00000,0.34836,1.14968,0.99145,0.00000
108360000000,4.52332,-18.02213,0.02072,0.93572,0.00000,-0.00000,0.35275,1.14070,1.00254,0.00000
108380000000,4.54508,-18.00087,0.02072,0.93399,0.00000,-0.00000,0.35731,1.13156,1.01423,0.00000
108400000000,4.56667,-17.97942,0.02072,0.93216,0.00000,-0.00000,0.36204,1.12169,1.02608,0.00000
108420000000,4.58807,-17.95778,0.02072,0.93024,0.00000,-0.00000,0.36694,1.11106,1.03804,0.00000
108440000000,4.60927,-17.93593,0.02072,0.92822,0.00000,-0.00000,0.37202,1.09969,1.05017,0.00000
108460000000,4.63023,-17.91387,0.02072,0.92611,0.00000,-0.00000,0.37726,1.08748,1.06226,0.00000
108480000000,4.65090,-17.89155,0.02072,0.92394,0.00000,-0.00000,0.38255,1.07431,1.07368,0.00000
108500000000,4.67120,-17.86894,0.02072,0.92179,0.00000,-0.00000,0.38769,1.06126,1.08454,0.00000
108520000000,4.69115,-17.84604,0.02072,0.91968,0.00000,-0.00000,0.39268,1.04872,1.09522,0.00000
108540000000,4.71076,-17.82285,0.02072,0.91760,0.00000,-0.00000,0.39750,1.03670,1.10569,0.00000
108560000000,4.73004,-17.79940,0.02072,0.91557,0.00000,-0.00000,0.40216,1.02520,1.11594,0.00000
108580000000,4.74903,-17.77571,0.02072,0.91357,0.00000,-0.00000,0.40669,1.01403,1.12596,0.00000
108600000000,4.76782,-17.75187,0.02072,0.91148,0.00000,-0.00000,0.41135,1.00213,1.13587,0.00000
108620000000,4.78640,-17.72789,0.02072,0.90929,0.00000,-0.00000,0.41616,0.98962,1.14585,0.00000
108640000000,4.80475,-17.70376,0.02072,0.90701,0.00000,-0.00000,0.42111,0.97640,1.15581,0.00000
108660000000,4.82285,-17.67947,0.02072,0.90463,0.00000,-0.00000,0.42619,0.96270,1.16587,0.00000
108680000000,4.84068,-17.65501,0.02072,0.90216,0.00000,-0.00000,0.43139,0.94846,1.17594,0.00000
108700000000,4.85823,-17.63040,0.02072,0.89958,0.00000,-0.00000,0.43676,0.93316,1.18558,0.00000
108720000000,4.87548,-17.60563,0.02072,0.89688,0.00000,-0.00000,0.44227,0.91744,1.19550,0.00000
108740000000,4.89242,-17.58070,0.02072,0.89405,0.00000,-0.00000,0.44796,0.90064,1.20504,0.00000
108760000000,4.90902,-17.55559,0.02072,0.89110,0.00000,-0.00000,0.45380,0.88345,1.21488,0.00000
108780000000,4.92526,-17.53033,0.02072,0.88801,0.00000,-0.00000,0.45982,0.86514,1.22420,0.00000
108800000000,4.94113,-17.50490,0.02072,0.88478,0.00000,-0.00000,0.46601,0.84612,1.23347,0.00000
108820000000,4.95660,-17.47931,0.02072,0.88141,0.00000,-0.00000,0.47235,0.82636,1.24258,0.00000
108840000000,4.97163,-17.45350,0.02072,0.87796,0.00000,-0.00000,0.47874,0.80800,1.25404,0.00000
108860000000,4.98619,-17.42737,0.02072,0.87453,0.00000,-0.00000,0.48497,0.79094,1.26681,0.00000
108880000000,5.00029,-17.40094,0.02072,0.87112,0.00000,-0.00000,0.49107,0.77441,1.27978,0.00000
108900000000,5.01393,-17.37419,0.02072,0.86773,0.00000,-0.00000,0.49703,0.75829,1.29286,0.00000
108920000000,5.02712,-17.34714,0.02072,0.86437,0.00000,-0.00000,0.50286,0.74252,1.30595,0.00000
108940000000,5.03989,-17.31979,0.02072,0.86103,0.00000,-0.00000,0.50855,0.72709,1.31903,0.00000
108960000000,5.05223,-17.29216,0.02072,0.85771,0.00000,-0.00000,0.51413,0.71129,1.33093,0.00000
108980000000,5.06420,-17.26437,0.02072,0.85435,0.00000,-0.00000,0.51970,0.69327,1.33885,0.00000
109000000000,5.07581,-17.23651,0.02072,0.85088,0.00000,-0.00000,0.52536,0.67360,1.34423,0.00000
109020000000,5.08704,-17.20862,0.02072,0.84730,0.00000,-0.00000,0.53111,0.65291,1.34829,0.00000
109040000000,5.09789,-17.18066,0.02072,0.84361,0.00000,-0.00000,0.53695,0.63287,1.35426,0.00000
109060000000,5.10833,-17.15264,0.02072,0.83981,0.00000,-0.00000,0.54288,0.61167,1.35847,0.00000
109080000000,5.11836,-17.12458,0.02072,0.83589,0.00000,-0.00000,0.54889,0.59023,1.36274,0.00000
109100000000,5.12797,-17.09645,0.02072,0.83186,0.00000,-0.00000,0.55499,0.56877,1.36775,0.00000
109120000000,5.13713,-17.06825,0.02072,0.82770,0.00000,-0.00000,0.56116,0.54712,1.37293,0.00000
109140000000,5.14582,-17.03996,0.02072,0.82345,0.00000,-0.00000,0.56739,0.52536,1.37842,0.00000
109160000000,5.15399,-17.01154,0.02072,0.81917,0.00000,-0.00000,0.57356,0.50457,1.38609,0.00000
109180000000,5.16165,-16.98284,0.02072,0.81488,0.00000,-0.00000,0.57963,0.48622,1.40012,0.00000
109200000000,5.16882,-16.95385,0.02072,0.81059,0.00000,-0.00000,0.58561,0.46793,1.41428,0.00000
109220000000,5.17549,-16.92458,0.02072,0.80630,0.00000,-0.00000,0.59150,0.44967,1.42853,0.00000
109240000000,5.18169,-16.89502,0.02072,0.80202,0.00000,-0.00000,0.59729,0.43144,1.44288,0.00000
109260000000,5.18741,-16.86518,0.02072,0.79774,0.00000,-0.00000,0.60300,0.41321,1.45729,0.00000
109280000000,5.19270,-16.83508,0.02072,0.79349,0.00000,-0.00000,0.60858,0.39472,1.47047,0.00000
109300000000,5.19761,-16.80501,0.02072,0.78934,0.00000,-0.00000,0.61395,0.37263,1.46743,0.00000
109320000000,5.20210,-16.77511,0.02072,0.78520,0.00000,-0.00000,0.61925,0.35019,1.46115,0.00000
109340000000,5.20615,-16.74538,0.02072,0.78106,0.00000,-0.00000,0.62446,0.32823,1.45468,0.00000
109360000000,5.20981,-16.71582,0.02072,0.77694,0.00000,-0.00000,0.62958,0.30679,1.44801,0.00000
109380000000,5.21306,-16.68643,0.02072,0.77284,0.00000,-0.00000,0.63460,0.28588,1.44116,0.00000
109400000000,5.21595,-16.65723,0.02072,0.76878,0.00000,-0.00000,0.63951,0.26553,1.43414,0.00000
109420000000,5.21847,-16.62821,0.02072,0.76476,0.00000,-0.00000,0.64431,0.24576,1.42695,0.00000
109440000000,5.22065,-16.59938,0.02072,0.76079,0.00000,-0.00000,0.64899,0.22658,1.41960,0.00000
109460000000,5.22250,-16.57073,0.02072,0.75688,0.00000,-0.00000,0.65355,0.20802,1.41210,0.00000
109480000000,5.22404,-16.54227,0.02072,0.75303,0.00000,-0.00000,0.65798,0.19009,1.40447,0.00000
109500000000,5.22529,-16.51400,0.02072,0.74926,0.00000,-0.00000,0.66228,0.17280,1.39672,0.00000
109520000000,5.22626,-16.48588,0.02072,0.74556,0.00000,-0.00000,0.66644,0.15661,1.39302,0.00000
109540000000,5.22698,-16.45773,0.02072,0.74192,0.00000,-0.00000,0.67049,0.14161,1.39663,0.00000
109560000000,5.22744,-16.42954,0.02072,0.73832,0.00000,-0.00000,0.67445,0.12686,1.40001,0.00000
109580000000,5.22765,-16.40131,0.02072,0.73479,0.00000,-0.00000,0.67830,0.11236,1.40317,0.00000
109600000000,5.22761,-16.37305,0.02072,0.73130,0.00000,-0.00000,0.68206,0.09810,1.40612,0.00000
109620000000,5.22733,-16.34476,0.02072,0.72786,0.00000,-0.00000,0.68572,0.08408,1.40886,0.00000
109640000000,5.22682,-16.31643,0.02072,0.72448,0.00000,-0.00000,0.68929,0.07030,1.41141,0.00000
109660000000,5.22608,-16.28808,0.02072,0.72115,0.00000,-0.00000,0.69278,0.05676,1.41378,0.00000
109680000000,5.22510,-16.25970,0.02072,0.71787,0.00000,-0.00000,0.69618,0.04346,1.41598,0.00000
109700000000,5.22391,-16.23131,0.02072,0.71464,0.00000,-0.00000,0.69949,0.03039,1.41800,0.00000
109720000000,5.22249,-16.20289,0.02072,0.71146,0.00000,-0.00000,0.70272,0.01755,1.41987,0.00000
109740000000,5.22085,-16.17445,0.02072,0.70833,0.00000,-0.00000,0.70588,0.00494,1.42158,0.00000
109760000000,5.21900,-16.14599,0.02072,0.70526,0.00000,-0.00000,0.70895,-0.00743,1.42338,0.00000
109780000000,5.21693,-16.11751,0.02072,0.70226,0.00000,-0.00000,0.71192,-0.01949,1.42547,0.00000
109800000000,5.21464,-16.08900,0.02072,0.69933,0.00000,-0.00000,0.71480,-0.03124,1.42740,0.00000
109820000000,5.21215,-16.06052,0.02072,0.69648,0.00000,-0.00000,0.71758,-0.04254,1.42481,0.00000
109840000000,5.20947,-16.03216,0.02072,0.69372,0.00000,-0.00000,0.72024,-0.05328,1.41990,0.00000
109860000000,5.20661,-16.00397,0.02072,0.69108,0.00000,-0.00000,0.72278,-0.06326,1.41022,0.00000
109880000000,5.20359,-15.97590,0.02072,0.68855,0.00000,-0.00000,0.72519,-0.07294,1.40637,0.00000
109900000000,5.20042,-15.94800,0.02072,0.68615,0.00000,-0.00000,0.72746,-0.08175,1.39723,0.00000
109920000000,5.19712,-15.92023,0.02072,0.68387,0.00000,-0.00000,0.72960,-0.09014,1.39160,0.00000
109940000000,5.19369,-15.89256,0.02072,0.68172,0.00000,-0.00000,0.73161,-0.09805,1.38720,0.00000
109960000000,5.19015,-15.86498,0.02072,0.67971,0.00000,-0.00000,0.73348,-0.10554,1.38465,0.00000
109980000000,5.18651,-15.83750,0.02072,0.67782,0.00000,-0.00000,0.73523,-0.11208,1.37723,0.00000
110000000000,5.18279,-15.81021,0.02072,0.67610,0.00000,-0.00000,0.73681,-0.11782,1.36841,0.00000
110020000000,5.17901,-15.78304,0.02072,0.67453,0.00000,-0.00000,0.73825,-0.12320,1.36300,0.00000
110040000000,5.17518,-15.75603,0.02072,0.67312,0.00000,-0.00000,0.73953,-0.12765,1.35467,0.00000
110060000000,5.17131,-15.72909,0.02072,0.67187,0.00000,-0.00000,0.74067,-0.13200,1.35170,0.00000
110080000000,5.16742,-15.70222,0.02072,0.67076,0.00000,-0.00000,0.74167,-0.13581,1.34909,0.00000
110100000000,5.16352,-15.67548,0.02072,0.66982,0.00000,-0.00000,0.74252,-0.13844,1.34105,0.00000
110120000000,5.15963,-15.64883,0.02072,0.66904,0.00000,-0.00000,0.74323,-0.14092,1.33759,0.00000
110140000000,5.15576,-15.62231,0.02072,0.66843,0.00000,-0.00000,0.74378,-0.14228,1.32952,0.00000
110160000000,5.15192,-15.59588,0.02072,0.66798,0.00000,-0.00000,0.74418,-0.14352,1.32613,0.00000
110180000000,5.14814,-15.56958,0.02072,0.66771,0.00000,-0.00000,0.74442,-0.14364,1.31805,0.00000
110200000000,5.14443,-15.54340,0.02072,0.66760,0.00000,-0.00000,0.74452,-0.14339,1.31242,0.00000
110220000000,5.14080,-15.51729,0.02072,0.66766,0.00000,-0.00000,0.74446,-0.14276,1.30854,0.00000
110240000000,5.13727,-15.49132,0.02072,0.66789,0.00000,-0.00000,0.74426,-0.14106,1.30046,0.00000
110260000000,5.13385,-15.46533,0.02072,0.66827,0.00000,-0.00000,0.74392,-0.14030,1.30569,0.00000
110280000000,5.13054,-15.43906,0.02072,0.66872,0.00000,-0.00000,0.74351,-0.14018,1.31973,0.00000
110300000000,5.12734,-15.41250,0.02072,0.66924,0.00000,-0.00000,0.74305,-0.13977,1.33361,0.00000
110320000000,5.12426,-15.38566,0.02072,0.66982,0.00000,-0.00000,0.74252,-0.13908,1.34732,0.00000
110340000000,5.12129,-15.35853,0.02072,0.67045,0.00000,-0.00000,0.74195,-0.13814,1.36088,0.00000
110360000000,5.11843,-15.33112,0.02072,0.67112,0.00000,-0.00000,0.74134,-0.13698,1.37429,0.00000
110380000000,5.11567,-15.30344,0.02072,0.67183,0.00000,-0.00000,0.74070,-0.13563,1.38756,0.00000
110400000000,5.11302,-15.27549,0.02072,0.67257,0.00000,-0.00000,0.74003,-0.13410,1.40068,0.00000
110420000000,5.11047,-15.24727,0.02072,0.67333,0.00000,-0.00000,0.73935,-0.13242,1.41366,0.00000
110440000000,5.10802,-15.21879,0.02072,0.67410,0.00000,-0.00000,0.73864,-0.13062,1.42650,0.00000
110460000000,5.10566,-15.19004,0.02072,0.67487,0.00000,-0.00000,0.73793,-0.12873,1.43919,0.00000
110480000000,5.10338,-15.16105,0.02072,0.67565,0.00000,-0.00000,0.73722,-0.12678,1.45175,0.00000
110500000000,5.10119,-15.13180,0.02072,0.67642,0.00000,-0.00000,0.73652,-0.12478,1.46416,0.00000
110520000000,5.09908,-15.10230,0.02072,0.67717,0.00000,-0.00000,0.73582,-0.12278,1.47642,0.00000
110540000000,5.09703,-15.07256,0.02072,0.67791,0.00000,-0.00000,0.73515,-0.12080,1.48853,0.00000
110560000000,5.09493,-15.04268,0.02072,0.67842,0.00000,-0.00000,0.73467,-0.11909,1.49347,0.00000
110580000000,5.09262,-15.01277,0.02072,0.67854,0.00000,-0.00000,0.73456,-0.11881,1.49618,0.00000
110600000000,5.09028,-14.98284,0.02072,0.67859,0.00000,-0.00000,0.73452,-0.11863,1.49649,0.00000
110620000000,5.08794,-14.95290,0.02072,0.67864,0.00000,-0.00000,0.73447,-0.11843,1.49648,0.00000
110640000000,5.08560,-14.92297,0.02072,0.67869,0.00000,-0.00000,0.73443,-0.11824,1.49647,0.00000
110660000000,5.08327,-14.89304,0.02072,0.67874,0.00000,-0.00000,0.73438,-0.11804,1.49646,0.00000
110680000000,5.08094,-14.86311,0.02072,0.67878,0.00000,-0.00000,0.73434,-0.11785,1.49646,0.00000
110700000000,5.07862,-14.83318,0.02072,0.67883,0.00000,-0.00000,0.73430,-0.11767,1.49645,0.00000
110720000000,5.07629,-14.80325,0.02072,0.67887,0.00000,-0.00000,0.73426,-0.11749,1.49644,0.00000
110740000000,5.07398,-14.77332,0.02072,0.67891,0.00000,-0.00000,0.73422,-0.11731,1.49644,0.00000
110760000000,5.07166,-14.74338,0.02072,0.67896,0.00000,-0.00000,0.73418,-0.11713,1.49643,0.00000
110780000000,5.06935,-14.71345,0.02072,0.67900,0.00000,-0.00000,0.73414,-0.11696,1.49642,0.00000
110800000000,5.06703,-14.68352,0.02072,0.67904,0.00000,-0.00000,0.73410,-0.11679,1.49642,0.00000
110820000000,5.06473,-14.65359,0.02072,0.67908,0.00000,-0.00000,0.73407,-0.11663,1.49641,0.00000
110840000000,5.06242,-14.62366,0.02072,0.67912,0.00000,-0.00000,0.73403,-0.11647,1.49640,0.00000
110860000000,5.06012,-14.59373,0.02072,0.67916,0.00000,-0.00000,0.73399,-0.11631,1.49640,0.00000
110880000000,5.05782,-14.56380,0.02072,0.67919,0.00000,-0.00000,0.73396,-0.11615,1.49639,0.00000
110900000000,5.05552,-14.53387,0.02072,0.67923,0.00000,-0.00000,0.73392,-0.11600,1.49639,0.00000
110920000000,5.05324,-14.50395,0.02072,0.67929,0.00000,-0.00000,0.73387,-0.11567,1.49539,0.00000
110940000000,5.05114,-14.47406,0.02072,0.67964,0.00000,-0.00000,0.73354,-0.11411,1.49375,0.00000
110960000000,5.04916,-14.44430,0.02072,0.68016,0.00000,-0.00000,0.73306,-0.11127,1.48404,0.00000
110980000000,5.04723,-14.41475,0.02072,0.68071,0.00000,-0.00000,0.73256,-0.10832,1.47419,0.00000
111000000000,5.04536,-14.38535,0.02072,0.68128,0.00000,-0.00000,0.73202,-0.10542,1.46647,0.00000
111020000000,5.04354,-14.35610,0.02072,0.68190,0.00000,-0.00000,0.73145,-0.10242,1.45890,0.00000
111040000000,5.04178,-14.32690,0.02072,0.68254,0.00000,-0.00000,0.73085,-0.09998,1.46092,0.00000
111060000000,5.04010,-14.29747,0.02072,0.68318,0.00000,-0.00000,0.73025,-0.09825,1.47340,0.00000
111080000000,5.03848,-14.26780,0.02072,0.68381,0.00000,-0.00000,0.72966,-0.09650,1.48571,0.00000
111100000000,5.03687,-14.23791,0.02072,0.68435,0.00000,-0.00000,0.72915,-0.09484,1.49486,0.00000
111120000000,5.03512,-14.20794,0.02072,0.68459,0.00000,-0.00000,0.72892,-0.09422,1.50059,0.00000
111140000000,5.03338,-14.17789,0.02072,0.68480,0.00000,-0.00000,0.72873,-0.09346,1.50198,0.00000
111160000000,5.03165,-14.14784,0.02072,0.68500,0.00000,-0.00000,0.72855,-0.09264,1.50193,0.00000
111180000000,5.02993,-14.11780,0.02072,0.68519,0.00000,-0.00000,0.72836,-0.09182,1.50189,0.00000
111200000000,5.02822,-14.08775,0.02072,0.68538,0.00000,-0.00000,0.72818,-0.09103,1.50185,0.00000
111220000000,5.02653,-14.05771,0.02072,0.68557,0.00000,-0.00000,0.72801,-0.09025,1.50181,0.00000
111240000000,5.02485,-14.02767,0.02072,0.68575,0.00000,-0.00000,0.72783,-0.08948,1.50176,0.00000
111260000000,5.02318,-13.99763,0.02072,0.68594,0.00000,-0.00000,0.72766,-0.08873,1.50172,0.00000
111280000000,5.02153,-13.96759,0.02072,0.68611,0.00000,-0.00000,0.72750,-0.08800,1.50168,0.00000
111300000000,5.01989,-13.93755,0.02072,0.68629,0.00000,-0.00000,0.72733,-0.08728,1.50164,0.00000
111320000000,5.01826,-13.90751,0.02072,0.68646,0.00000,-0.00000,0.72717,-0.08657,1.50160,0.00000
111340000000,5.01664,-13.87747,0.02072,0.68662,0.00000,-0.00000,0.72701,-0.08588,1.50156,0.00000
111360000000,5.01504,-13.84744,0.02072,0.68679,0.00000,-0.00000,0.72686,-0.08520,1.50152,0.00000
111380000000,5.01344,-13.81740,0.02072,0.68695,0.00000,-0.00000,0.72671,-0.08453,1.50148,0.00000
111400000000,5.01186,-13.78737,0.02072,0.68710,0.00000,-0.00000,0.72656,-0.08388,1.50144,0.00000
111420000000,5.01028,-13.75733,0.02072,0.68726,0.00000,-0.00000,0.72641,-0.08324,1.50141,0.00000
111440000000,5.00872,-13.72730,0.02072,0.68741,0.00000,-0.00000,0.72627,-0.08261,1.50137,0.00000
111460000000,5.00717,-13.69727,0.02072,0.68756,0.00000,-0.00000,0.72613,-0.08200,1.50133,0.00000
111480000000,5.00563,-13.66724,0.02072,0.68770,0.00000,-0.00000,0.72599,-0.08140,1.50130,0.00000
111500000000,5.00410,-13.63721,0.02072,0.68784,0.00000,-0.00000,0.72586,-0.08080,1.50126,0.00000
111520000000,5.00258,-13.60718,0.02072,0.68798,0.00000,-0.00000,0.72573,-0.08022,1.50122,0.00000
111540000000,5.00106,-13.57715,0.02072,0.68812,0.00000,-0.00000,0.72560,-0.07966,1.50119,0.00000
111560000000,4.99956,-13.54712,0.02072,0.68825,0.00000,-0.00000,0.72547,-0.07910,1.50115,0.00000
111580000000,4.99807,-13.51709,0.02072,0.68838,0.00000,-0.00000,0.72535,-0.07855,1.50112,0.00000
111600000000,4.99659,-13.48707,0.02072,0.68851,0.00000,-0.00000,0.72523,-0.07802,1.50108,0.00000
111620000000,4.99511,-13.45704,0.02072,0.68864,0.00000,-0.00000,0.72511,-0.07749,1.50105,0.00000
111640000000,4.99364,-13.42702,0.02072,0.68876,0.00000,-0.00000,0.72499,-0.07698,1.50102,0.00000
111660000000,4.99219,-13.39700,0.02072,0.68888,0.00000,-0.00000,0.72487,-0.07647,1.50099,0.00000
111680000000,4.99074,-13.36697,0.02072,0.68900,0.00000,-0.00000,0.72476,-0.07598,1.50095,0.00000
111700000000,4.98930,-13.33695,0.02072,0.68912,0.00000,-0.00000,0.72465,-0.07549,1.50092,0.00000
111720000000,4.98786,-13.30693,0.02072,0.68923,0.00000,-0.00000,0.72454,-0.07502,1.50089,0.00000
111740000000,4.98644,-13.27691,0.02072,0.68934,0.00000,-0.00000,0.72443,-0.07455,1.50086,0.00000
111760000000,4.98502,-13.24689,0.02072,0.68945,0.00000,-0.00000,0.72433,-0.07409,1.50083,0.00000
111780000000,4.98361,-13.21687,0.02072,0.68956,0.00000,-0.00000,0.72423,-0.07365,1.50080,0.00000
111800000000,4.98221,-13.18685,0.02072,0.68967,0.00000,-0.00000,0.72413,-0.07321,1.50077,0.00000
111820000000,4.98082,-13.15683,0.02072,0.68977,0.00000,-0.00000,0.72403,-0.07278,1.50074,0.00000
111840000000,4.97943,-13.12681,0.02072,0.68987,0.00000,-0.00000,0.72393,-0.07235,1.50071,0.00000
111860000000,4.97805,-13.09680,0.02072,0.68997,0.00000,-0.00000,0.72384,-0.07194,1.50068,0.00000
111880000000,4.97668,-13.06678,0.02072,0.69007,0.00000,-0.00000,0.72375,-0.07154,1.50066,0.00000
111900000000,4.97531,-13.03677,0.02072,0.69016,0.00000,-0.00000,0.72365,-0.07114,1.50063,0.00000
111920000000,4.97395,-13.00675,0.02072,0.69026,0.00000,-0.00000,0.72357,-0.07075,1.50060,0.00000
111940000000,4.97260,-12.97674,0.02072,0.69035,0.00000,-0.00000,0.72348,-0.07037,1.50058,0.00000
111960000000,4.97125,-12.94672,0.02072,0.69044,0.00000,-0.00000,0.72339,-0.06999,1.50055,0.00000
111980000000,4.96991,-12.91671,0.02072,0.69053,0.00000,-0.00000,0.72331,-0.06962,1.50052,0.00000
112000000000,4.96858,-12.88670,0.02072,0.69061,0.00000,-0.00000,0.72323,-0.06926,1.50050,0.00000
112020000000,4.96725,-12.85669,0.02072,0.69070,0.00000,-0.00000,0.72315,-0.06891,1.50047,0.00000
112040000000,4.96593,-12.82667,0.02072,0.69078,0.00000,-0.00000,0.72307,-0.06856,1.50045,0.00000
112060000000,4.96461,-12.79666,0.02072,0.69086,0.00000,-0.00000,0.72299,-0.06823,1.50042,0.00000
112080000000,4.96330,-12.76665,0.02072,0.69094,0.00000,-0.00000,0.72291,-0.06789,1.50040,0.00000
112100000000,4.96199,-12.73664,0.02072,0.69102,0.00000,-0.00000,0.72284,-0.06757,1.50038,0.00000
112120000000,4.96069,-12.70663,0.02072,0.69109,0.00000,-0.00000,0.72276,-0.06725,1.50035,0.00000
112140000000,4.95940,-12.67663,0.02072,0.69117,0.00000,-0.00000,0.72269,-0.06693,1.50033,0.00000
112160000000,4.95811,-12.64662,0.02072,0.69124,0.00000,-0.00000,0.72262,-0.06663,1.50031,0.00000
112180000000,4.95683,-12.61661,0.02072,0.69132,0.00000,-0.00000,0.72255,-0.06633,1.50029,0.00000
112200000000,4.95555,-12.58660,0.02072,0.69139,0.00000,-0.00000,0.72249,-0.06603,1.50027,0.00000
112220000000,4.95427,-12.55659,0.02072,0.69146,0.00000,-0.00000,0.72242,-0.06574,1.50025,0.00000
112240000000,4.95300,-12.52659,0.02072,0.69152,0.00000,-0.00000,0.72235,-0.06546,1.50022,0.00000
112260000000,4.95174,-12.49658,0.02072,0.69159,0.00000,-0.00000,0.72229,-0.06518,1.50020,0.00000
112280000000,4.95048,-12.46658,0.02072,0.69166,0.00000,-0.00000,0.72223,-0.06491,1.50018,0.00000
112300000000,4.94922,-12.43657,0.02072,0.69172,0.00000,-0.00000,0.72217,-0.06464,1.50016,0.00000
112320000000,4.94797,-12.40657,0.02072,0.69178,0.00000,-0.00000,0.72211,-0.06438,1.50015,0.00000
112340000000,4.94673,-12.37656,0.02072,0.69184,0.00000,-0.00000,0.72205,-0.06412,1.50013,0.00000
112360000000,4.94548,-12.34656,0.02072,0.69190,0.00000,-0.00000,0.72199,-0.06387,1.50011,0.00000
112380000000,4.94425,-12.31656,0.02072,0.69196,0.00000,-0.00000,0.72193,-0.06362,1.50009,0.00000
112400000000,4.94301,-12.28655,0.02072,0.69202,0.00000,-0.00000,0.72188,-0.06338,1.50007,0.00000
112420000000,4.94178,-12.25655,0.02072,0.69208,0.00000,-0.00000,0.72182,-0.06315,1.50005,0.00000
112440000000,4.94056,-12.22655,0.02072,0.69213,0.00000,-0.00000,0.72177,-0.06291,1.50004,0.00000
112460000000,4.93934,-12.19655,0.02072,0.69219,0.00000,-0.00000,0.72172,-0.06269,1.50002,0.00000
112480000000,4.93812,-12.16654,0.02072,0.69224,0.00000,-0.00000,0.72167,-0.06246,1.50000,0.00000
112500000000,4.93690,-12.13654,0.02072,0.69229,0.00000,-0.00000,0.72162,-0.06224,1.49998,0.00000
112520000000,4.93569,-12.10654,0.02072,0.69234,0.00000,-0.00000,0.72157,-0.06203,1.49997,0.00000
112540000000,4.93449,-12.07654,0.02072,0.69239,0.00000,-0.00000,0.72152,-0.06182,1.49995,0.00000
112560000000,4.93328,-12.04654,0.02072,0.69244,0.00000,-0.00000,0.72147,-0.06161,1.49994,0.00000
112580000000,4.93208,-12.01654,0.02072,0.69249,0.00000,-0.00000,0.72143,-0.06141,1.49992,0.00000
112600000000,4.93089,-11.98654,0.02072,0.69254,0.00000,-0.00000,0.72138,-0.06121,1.49991,0.00000
112620000000,4.92969,-11.95654,0.02072,0.69259,0.00000,-0.00000,0.72133,-0.06102,1.49989,0.00000
112640000000,4.92850,-11.92655,0.02072,0.69263,0.00000,-0.00000,0.72129,-0.06083,1.49988,0.00000
112660000000,4.92732,-11.89655,0.02072,0.69268,0.00000,-0.00000,0.72125,-0.06064,1.49986,0.00000
112680000000,4.92613,-11.86655,0.02072,0.69272,0.00000,-0.00000,0.72121,-0.06046,1.49985,0.00000
112700000000,4.92495,-11.83655,0.02072,0.69276,0.00000,-0.00000,0.72117,-0.06028,1.49983,0.00000
112720000000,4.92377,-11.80655,0.02072,0.69281,0.00000,-0.00000,0.72112,-0.06010,1.49982,0.00000
112740000000,4.92260,-11.77656,0.02072,0.69285,0.00000,-0.00000,0.72109,-0.05993,1.49981,0.00000
112760000000,4.92143,-11.74656,0.02072,0.69289,0.00000,-0.00000,0.72105,-0.05976,1.49979,0.00000
112780000000,4.92026,-11.71656,0.02072,0.69293,0.00000,-0.00000,0.72101,-0.05960,1.49978,0.00000
112800000000,4.91909,-11.68657,0.02072,0.69297,0.00000,-0.00000,0.72097,-0.05943,1.49977,0.00000
112820000000,4.91793,-11.65657,0.02072,0.69300,0.00000,-0.00000,0.72093,-0.05928,1.49976,0.00000
112840000000,4.91677,-11.62657,0.02072,0.69304,0.00000,-0.00000,0.72090,-0.05912,1.49974,0.00000
112860000000,4.91561,-11.59658,0.02072,0.69308,0.00000,-0.00000,0.72086,-0.05897,1.49973,0.00000
112880000000,4.91446,-11.56658,0.02072,0.69311,0.00000,-0.00000,0.72083,-0.05882,1.49972,0.00000
112900000000,4.91330,-11.53659,0.02072,0.69315,0.00000,-0.00000,0.72080,-0.05867,1.49971,0.00000
112920000000,4.91215,-11.50659,0.02072,0.69318,0.00000,-0.00000,0.72076,-0.05853,1.49970,0.00000
112940000000,4.91101,-11.47660,0.02072,0.69322,0.00000,-0.00000,0.72073,-0.05839,1.49969,0.00000
112960000000,4.90986,-11.44660,0.02072,0.69325,0.00000,-0.00000,0.72070,-0.05825,1.49968,0.00000
112980000000,4.90872,-11.41661,0.02072,0.69328,0.00000,-0.00000,0.72067,-0.05811,1.49967,0.00000
113000000000,4.90758,-11.38662,0.02072,0.69331,0.00000,-0.00000,0.72064,-0.05798,1.49965,0.00000
113020000000,4.90644,-11.35662,0.02072,0.69334,0.00000,-0.00000,0.72061,-0.05785,1.49964,0.00000
113040000000,4.90530,-11.32663,0.02072,0.69338,0.00000,-0.00000,0.72058,-0.05772,1.49963,0.00000
113060000000,4.90417,-11.29664,0.02072,0.69341,0.00000,-0.00000,0.72055,-0.05760,1.49962,0.00000
113080000000,4.90303,-11.26664,0.02072,0.69343,0.00000,-0.00000,0.72052,-0.05747,1.49961,0.00000
113100000000,4.90190,-11.23665,0.02072,0.69346,0.00000,-0.00000,0.72049,-0.05735,1.49961,0.00000
113120000000,4.90077,-11.20666,0.02072,0.69349,0.00000,-0.00000,0.72046,-0.05723,1.49960,0.00000
113140000000,4.89965,-11.17667,0.02072,0.69352,0.00000,-0.00000,0.72044,-0.05712,1.49959,0.00000
113160000000,4.89852,-11.14667,0.02072,0.69355,0.00000,-0.00000,0.72041,-0.05701,1.49958,0.00000
113180000000,4.89740,-11.11668,0.02072,0.69357,0.00000,-0.00000,0.72039,-0.05689,1.49957,0.00000
113200000000,4.89628,-11.08669,0.02072,0.69360,0.00000,-0.00000,0.72036,-0.05679,1.49956,0.00000
113220000000,4.89516,-11.05670,0.02072,0.69362,0.00000,-0.00000,0.72034,-0.05668,1.49955,0.00000
113240000000,4.89405,-11.02671,0.02072,0.69365,0.00000,-0.00000,0.72031,-0.05657,1.49954,0.00000
113260000000,4.89293,-10.99672,0.02072,0.69367,0.00000,-0.00000,0.72029,-0.05647,1.49953,0.00000
113280000000,4.89182,-10.96672,0.02072,0.69370,0.00000,-0.00000,0.72027,-0.05637,1.49953,0.00000
113300000000,4.89071,-10.93673,0.02072,0.69372,0.00000,-0.00000,0.72024,-0.05627,1.49952,0.00000
113320000000,4.88960,-10.90674,0.02072,0.69374,0.00000,-0.00000,0.72022,-0.05618,1.49951,0.00000
113340000000,4.88849,-10.87675,0.02072,0.69377,0.00000,-0.00000,0.72020,-0.05608,1.49950,0.00000
113360000000,4.88738,-10.84676,0.02072,0.69379,0.00000,-0.00000,0.72018,-0.05599,1.49950,0.00000
113380000000,4.88627,-10.81677,0.02072,0.69381,0.00000,-0.00000,0.72016,-0.05590,1.49949,0.00000
113400000000,4.88517,-10.78678,0.02072,0.69383,0.00000,-0.00000,0.72014,-0.05581,1.49948,0.00000
113420000000,4.88407,-10.75679,0.02072,0.69385,0.00000,-0.00000,0.72012,-0.05572,1.49947,0.00000
113440000000,4.88297,-10.72680,0.02072,0.69387,0.00000,-0.00000,0.72010,-0.05564,1.49947,0.00000
113460000000,4.88187,-10.69681,0.02072,0.69389,0.00000,-0.00000,0.72008,-0.05555,1.49946,0.00000
113480000000,4.88077,-10.66682,0.02072,0.69391,0.00000,-0.00000,0.72006,-0.05547,1.49945,0.00000
113500000000,4.87967,-10.63683,0.02072,0.69393,0.00000,-0.00000,0.72004,-0.05539,1.49945,0.00000
113520000000,4.87858,-10.60684,0.02072,0.69395,0.00000,-0.00000,0.72002,-0.05531,1.49944,0.00000
113540000000,4.87748,-10.57685,0.02072,0.69397,0.00000,-0.00000,0.72000,-0.05523,1.49944,0.00000
113560000000,4.87639,-10.54686,0.02072,0.69399,0.00000,-0.00000,0.71999,-0.05516,1.49943,0.00000
113580000000,4.87530,-10.51688,0.02072,0.69401,0.00000,-0.00000,0.71997,-0.05508,1.49942,0.00000
113600000000,4.87421,-10.48689,0.02072,0.69402,0.00000,-0.00000,0.71995,-0.05501,1.49942,0.00000
113620000000,4.87312,-10.45690,0.02072,0.69404,0.00000,-0.00000,0.71994,-0.05494,1.49941,0.00000
113640000000,4.87203,-10.42691,0.02072,0.69406,0.00000,-0.00000,0.71992,-0.05487,1.49941,0.00000
113660000000,4.87095,-10.39692,0.02072,0.69407,0.00000,-0.00000,0.71990,-0.05480,1.49940,0.00000
113680000000,4.86986,-10.36693,0.02072,0.69409,0.00000,-0.00000,0.71989,-0.05473,1.49939,0.00000
113700000000,4.86878,-10.33695,0.02072,0.69411,0.00000,-0.00000,0.71987,-0.05467,1.49939,0.00000
113720000000,4.86770,-10.30696,0.02072,0.69412,0.00000,-0.00000,0.71986,-0.05460,1.49938,0.00000
113740000000,4.86661,-10.27697,0.02072,0.69414,0.00000,-0.00000,0.71984,-0.05454,1.49938,0.00000
113760000000,4.86553,-10.24698,0.02072,0.69415,0.00000,-0.00000,0.71983,-0.05448,1.49937,0.00000
113780000000,4.86446,-10.21703,0.02072,0.69418,0.00000,-0.00000,0.71980,-0.05420,1.49546,0.00000
113800000000,4.86341,-10.18728,0.02072,0.69424,0.00000,-0.00000,0.71974,-0.05357,1.48493,0.00000
113820000000,4.86236,-10.15767,0.02072,0.69432,0.00000,-0.00000,0.71966,-0.05300,1.47815,0.00000
113840000000,4.86133,-10.12821,0.02072,0.69443,0.00000,-0.00000,0.71956,-0.05236,1.47205,0.00000
113860000000,4.86032,-10.09894,0.02072,0.69456,0.00000,-0.00000,0.71943,-0.05139,1.46045,0.00000
113880000000,4.85935,-10.06988,0.02072,0.69474,0.00000,-0.00000,0.71927,-0.05033,1.45032,0.00000
113900000000,4.85840,-10.04098,0.02072,0.69495,0.00000,-0.00000,0.71906,-0.04918,1.44224,0.00000
113920000000,4.85751,-10.01221,0.02072,0.69521,0.00000,-0.00000,0.71880,-0.04794,1.43644,0.00000
113940000000,4.85666,-9.98364,0.02072,0.69553,0.00000,-0.00000,0.71850,-0.04634,1.42592,0.00000
113960000000,4.85586,-9.95505,0.02072,0.69589,0.00000,-0.00000,0.71815,-0.04511,1.43236,0.00000
113980000000,4.85513,-9.92619,0.02072,0.69628,0.00000,-0.00000,0.71777,-0.04396,1.44566,0.00000
114000000000,4.85445,-9.89708,0.02072,0.69669,0.00000,-0.00000,0.71737,-0.04268,1.45876,0.00000
114020000000,4.85382,-9.86770,0.02072,0.69712,0.00000,-0.00000,0.71696,-0.04131,1.47168,0.00000
114040000000,4.85324,-9.83807,0.02072,0.69755,0.00000,-0.00000,0.71654,-0.03987,1.48441,0.00000
114060000000,4.85270,-9.80819,0.02072,0.69797,0.00000,-0.00000,0.71612,-0.03843,1.49665,0.00000
114080000000,4.85218,-9.77809,0.02072,0.69835,0.00000,-0.00000,0.71575,-0.03711,1.50777,0.00000
114100000000,4.85168,-9.74791,0.02072,0.69872,0.00000,-0.00000,0.71539,-0.03557,1.50873,0.00000
114120000000,4.85120,-9.71773,0.02072,0.69909,0.00000,-0.00000,0.71504,-0.03403,1.50859,0.00000
114140000000,4.85076,-9.68756,0.02072,0.69944,0.00000,-0.00000,0.71469,-0.03252,1.50845,0.00000
114160000000,4.85033,-9.65739,0.02072,0.69979,0.00000,-0.00000,0.71434,-0.03104,1.50832,0.00000
114180000000,4.84994,-9.62722,0.02072,0.70014,0.00000,-0.00000,0.71401,-0.02959,1.50818,0.00000
114200000000,4.84956,-9.59705,0.02072,0.70047,0.00000,-0.00000,0.71368,-0.02817,1.50805,0.00000
114220000000,4.84921,-9.56689,0.02072,0.70080,0.00000,-0.00000,0.71336,-0.02677,1.50791,0.00000
114240000000,4.84889,-9.53673,0.02072,0.70113,0.00000,-0.00000,0.71304,-0.02540,1.50778,0.00000
114260000000,4.84859,-9.50657,0.02072,0.70144,0.00000,-0.00000,0.71273,-0.02406,1.50765,0.00000
114280000000,4.84831,-9.47642,0.02072,0.70175,0.00000,-0.00000,0.71242,-0.02274,1.50752,0.00000
114300000000,4.84805,-9.44627,0.02072,0.70206,0.00000,-0.00000,0.71212,-0.02145,1.50739,0.00000
114320000000,4.84781,-9.41612,0.02072,0.70236,0.00000,-0.00000,0.71183,-0.02019,1.50727,0.00000
114340000000,4.84760,-9.38597,0.02072,0.70265,0.00000,-0.00000,0.71154,-0.01895,1.50714,0.00000
114360000000,4.84740,-9.35583,0.02072,0.70294,0.00000,-0.00000,0.71125,-0.01773,1.50702,0.00000
114380000000,4.84723,-9.32569,0.02072,0.70322,0.00000,-0.00000,0.71098,-0.01654,1.50689,0.00000
114400000000,4.84708,-9.29555,0.02072,0.70349,0.00000,-0.00000,0.71070,-0.01537,1.50677,0.00000
114420000000,4.84694,-9.26542,0.02072,0.70376,0.00000,-0.00000,0.71044,-0.01422,1.50665,0.00000
114440000000,4.84683,-9.23529,0.02072,0.70403,0.00000,-0.00000,0.71017,-0.01309,1.50653,0.00000
114460000000,4.84673,-9.20516,0.02072,0.70429,0.00000,-0.00000,0.70992,-0.01199,1.50641,0.00000
114480000000,4.84666,-9.17503,0.02072,0.70454,0.00000,-0.00000,0.70966,-0.01091,1.50630,0.00000
114500000000,4.84660,-9.14490,0.02072,0.70479,0.00000,-0.00000,0.70941,-0.00985,1.50618,0.00000
114520000000,4.84656,-9.11478,0.02072,0.70504,0.00000,-0.00000,0.70917,-0.00881,1.50607,0.00000
114540000000,4.84654,-9.08466,0.02072,0.70528,0.00000,-0.00000,0.70893,-0.00779,1.50596,0.00000
114560000000,4.84653,-9.05454,0.02072,0.70551,0.00000,-0.00000,0.70870,-0.00679,1.50585,0.00000
114580000000,4.84654,-9.02442,0.02072,0.70574,0.00000,-0.00000,0.70847,-0.00581,1.50574,0.00000
114600000000,4.84657,-8.99431,0.02072,0.70597,0.00000,-0.00000,0.70824,-0.00484,1.50563,0.00000
114620000000,4.84662,-8.96420,0.02072,0.70619,0.00000,-0.00000,0.70802,-0.00390,1.50552,0.00000
114640000000,4.84668,-8.93409,0.02072,0.70641,0.00000,-0.00000,0.70781,-0.00298,1.50542,0.00000
114660000000,4.84675,-8.90398,0.02072,0.70662,0.00000,-0.00000,0.70759,-0.00207,1.50531,0.00000
114680000000,4.84684,-8.87388,0.02072,0.70683,0.00000,-0.00000,0.70738,-0.00118,1.50521,0.00000
114700000000,4.84695,-8.84378,0.02072,0.70703,0.00000,-0.00000,0.70718,-0.00031,1.50511,0.00000
114720000000,4.84707,-8.81368,0.02072,0.70723,0.00000,-0.00000,0.70698,0.00054,1.50501,0.00000
114740000000,4.84721,-8.78358,0.02072,0.70743,0.00000,-0.00000,0.70678,0.00138,1.50491,0.00000
114760000000,4.84736,-8.75348,0.02072,0.70762,0.00000,-0.00000,0.70659,0.00220,1.50481,0.00000
114780000000,4.84752,-8.72339,0.02072,0.70781,0.00000,-0.00000,0.70640,0.00301,1.50471,0.00000
114800000000,4.84770,-8.69329,0.02072,0.70800,0.00000,-0.00000,0.70621,0.00379,1.50462,0.00000
114820000000,4.84789,-8.66320,0.02072,0.70818,0.00000,-0.00000,0.70603,0.00457,1.50452,0.00000
114840000000,4.84809,-8.63311,0.02072,0.70836,0.00000,-0.00000,0.70585,0.00532,1.50443,0.00000
114860000000,4.84831,-8.60303,0.02072,0.70853,0.00000,-0.00000,0.70568,0.00606,1.50434,0.00000
114880000000,4.84854,-8.57294,0.02072,0.70870,0.00000,-0.00000,0.70551,0.00679,1.50425,0.00000
114900000000,4.84878,-8.54286,0.02072,0.70887,0.00000,-0.00000,0.70534,0.00750,1.50416,0.00000
114920000000,4.84904,-8.51278,0.02072,0.70903,0.00000,-0.00000,0.70518,0.00820,1.50407,0.00000
114940000000,4.84930,-8.48270,0.02072,0.70919,0.00000,-0.00000,0.70502,0.00888,1.50399,0.00000
114960000000,4.84958,-8.45262,0.02072,0.70935,0.00000,-0.00000,0.70486,0.00955,1.50391,0.00000
114980000000,4.84987,-8.42254,0.02072,0.70950,0.00000,-0.00000,0.70470,0.01021,1.50382,0.00000
115000000000,4.85017,-8.39247,0.02072,0.70965,0.00000,-0.00000,0.70455,0.01085,1.50374,0.00000
115020000000,4.85048,-8.36240,0.02072,0.70980,0.00000,-0.00000,0.70440,0.01148,1.50366,0.00000
115040000000,4.85080,-8.33232,0.02072,0.70995,0.00000,-0.00000,0.70426,0.01210,1.50358,0.00000
115060000000,4.85113,-8.30225,0.02072,0.71009,0.00000,-0.00000,0.70411,0.01271,1.50351,0.00000
115080000000,4.85148,-8.27219,0.02072,0.71023,0.00000,-0.00000,0.70397,0.01330,1.50343,0.00000
115100000000,4.85183,-8.24212,0.02072,0.71036,0.00000,-0.00000,0.70383,0.01388,1.50335,0.00000
115120000000,4.85219,-8.21205,0.02072,0.71050,0.00000,-0.00000,0.70370,0.01445,1.50328,0.00000
115140000000,4.85256,-8.18199,0.02072,0.71063,0.00000,-0.00000,0.70357,0.01501,1.50321,0.00000
115160000000,4.85295,-8.15193,0.02072,0.71076,0.00000,-0.00000,0.70344,0.01556,1.50314,0.00000
115180000000,4.85334,-8.12187,0.02072,0.71088,0.00000,-0.00000,0.70331,0.01609,1.50307,0.00000
115200000000,4.85374,-8.09181,0.02072,0.71101,0.00000,-0.00000,0.70319,0.01662,1.50300,0.00000
115220000000,4.85415,-8.06175,0.02072,0.71113,0.00000,-0.00000,0.70306,0.01713,1.50293,0.00000
115240000000,4.85457,-8.03169,0.02072,0.71124,0.00000,-0.00000,0.70295,0.01764,1.50287,0.00000
115260000000,4.85499,-8.00164,0.02072,0.71136,0.00000,-0.00000,0.70283,0.01813,1.50280,0.00000
115280000000,4.85543,-7.97158,0.02072,0.71147,0.00000,-0.00000,0.70271,0.01862,1.50274,0.00000
115300000000,4.85587,-7.94153,0.02072,0.71158,0.00000,-0.00000,0.70260,0.01909,1.50267,0.00000
115320000000,4.85632,-7.91148,0.02072,0.71169,0.00000,-0.00000,0.70249,0.01956,1.50261,0.00000
115340000000,4.85678,-7.88143,0.02072,0.71180,0.00000,-0.00000,0.70238,0.02002,1.50255,0.00000
115360000000,4.85725,-7.85138,0.02072,0.71191,0.00000,-0.00000,0.70228,0.02046,1.50249,0.00000
115380000000,4.85772,-7.82133,0.02072,0.71201,0.00000,-0.00000,0.70217,0.02090,1.50243,0.00000
115400000000,4.85821,-7.79128,0.02072,0.71211,0.00000,-0.00000,0.70207,0.02133,1.50238,0.00000
115420000000,4.85870,-7.76124,0.02072,0.71221,0.00000,-0.00000,0.70197,0.02175,1.50232,0.00000
115440000000,4.85919,-7.73119,0.02072,0.71230,0.00000,-0.00000,0.70187,0.02217,1.50227,0.00000
115460000000,4.85970,-7.70115,0.02072,0.71240,0.00000,-0.00000,0.70178,0.02257,1.50221,0.00000
115480000000,4.86021,-7.67111,0.02072,0.71249,0.00000,-0.00000,0.70168,0.02297,1.50216,0.00000
115500000000,4.86072,-7.64106,0.02072,0.71258,0.00000,-0.00000,0.70159,0.02335,1.50211,0.00000
115520000000,4.86125,-7.61102,0.02072,0.71267,0.00000,-0.00000,0.70150,0.02374,1.50205,0.00000
115540000000,4.86178,-7.58098,0.02072,0.71276,0.00000,-0.00000,0.70141,0.02411,1.50200,0.00000
115560000000,4.86232,-7.55095,0.02072,0.71284,0.00000,-0.00000,0.70132,0.02447,1.50195,0.00000
115580000000,4.86286,-7.52091,0.02072,0.71293,0.00000,-0.00000,0.70124,0.02483,1.50190,0.00000
115600000000,4.86341,-7.49087,0.02072,0.71301,0.00000,-0.00000,0.70115,0.02518,1.50186,0.00000
115620000000,4.86396,-7.46084,0.02072,0.71309,0.00000,-0.00000,0.70107,0.02553,1.50181,0.00000
115640000000,4.86452,-7.43080,0.02072,0.71317,0.00000,-0.00000,0.70099,0.02587,1.50176,0.00000
115660000000,4.86509,-7.40077,0.02072,0.71325,0.00000,-0.00000,0.70091,0.02620,1.50172,0.00000
115680000000,4.86566,-7.37073,0.02072,0.71332,0.00000,-0.00000,0.70084,0.02652,1.50167,0.00000
115700000000,4.86624,-7.34070,0.02072,0.71340,0.00000,-0.00000,0.70076,0.02684,1.50163,0.00000
115720000000,4.86683,-7.31067,0.02072,0.71347,0.00000,-0.00000,0.70069,0.02715,1.50159,0.00000
115740000000,4.86741,-7.28064,0.02072,0.71354,0.00000,-0.00000,0.70061,0.02745,1.50155,0.00000
115760000000,4.86801,-7.25061,0.02072,0.71361,0.00000,-0.00000,0.70054,0.02775,1.50150,0.00000
115780000000,4.86861,-7.22058,0.02072,0.71368,0.00000,-0.00000,0.70047,0.02805,1.50146,0.00000
115800000000,4.86921,-7.19055,0.02072,0.71375,0.00000,-0.00000,0.70040,0.02833,1.50142,0.00000
115820000000,4.86982,-7.16053,0.02072,0.71381,0.00000,-0.00000,0.70034,0.02861,1.50139,0.00000
115840000000,4.87043,-7.13050,0.02072,0.71388,0.00000,-0.00000,0.70027,0.02889,1.50135,0.00000
115860000000,4.87105,-7.10047,0.02072,0.71394,0.00000,-0.00000,0.70021,0.02916,1.50131,0.00000
115880000000,4.87167,-7.07045,0.02072,0.71400,0.00000,-0.00000,0.70014,0.02943,1.50127,0.00000
115900000000,4.87230,-7.04043,0.02072,0.71406,0.00000,-0.00000,0.70008,0.02969,1.50124,0.00000
115920000000,4.87293,-7.01040,0.02072,0.71412,0.00000,-0.00000,0.70002,0.02994,1.50120,0.00000
115940000000,4.87357,-6.98038,0.02072,0.71418,0.00000,-0.00000,0.69996,0.03019,1.50117,0.00000
115960000000,4.87421,-6.95036,0.02072,0.71424,0.00000,-0.00000,0.69990,0.03043,1.50113,0.00000
115980000000,4.87485,-6.92034,0.02072,0.71429,0.00000,-0.00000,0.69985,0.03067,1.50110,0.00000
116000000000,4.87550,-6.89031,0.02072,0.71435,0.00000,-0.00000,0.69979,0.03091,1.50107,0.00000
116020000000,4.87616,-6.86029,0.02072,0.71440,0.00000,-0.00000,0.69974,0.03114,1.50103,0.00000
116040000000,4.87681,-6.83028,0.02072,0.71445,0.00000,-0.00000,0.69968,0.03137,1.50100,0.00000
116060000000,4.87747,-6.80026,0.02072,0.71451,0.00000,-0.00000,0.69963,0.03159,1.50097,0.00000
116080000000,4.87814,-6.77024,0.02072,0.71456,0.00000,-0.00000,0.69958,0.03180,1.50094,0.00000
116100000000,4.87880,-6.74022,0.02072,0.71461,0.00000,-0.00000,0.69953,0.03202,1.50091,0.00000
116120000000,4.87948,-6.71020,0.02072,0.71466,0.00000,-0.00000,0.69948,0.03222,1.50088,0.00000
116140000000,4.88015,-6.68019,0.02072,0.71470,0.00000,-0.00000,0.69943,0.03243,1.50085,0.00000
116160000000,4.88083,-6.65017,0.02072,0.71475,0.00000,-0.00000,0.69938,0.03263,1.50082,0.00000
116180000000,4.88151,-6.62011,0.02072,0.71480,0.00000,-0.00000,0.69933,0.03293,1.50551,0.00000
116200000000,4.88220,-6.58984,0.02072,0.71484,0.00000,-0.00000,0.69929,0.03334,1.51634,0.00000
116220000000,4.88289,-6.55941,0.02072,0.71486,0.00000,-0.00000,0.69926,0.03363,1.52393,0.00000
116240000000,4.88357,-6.52877,0.02072,0.71487,0.00000,-0.00000,0.69925,0.03391,1.53483,0.00000
116260000000,4.88424,-6.49800,0.02072,0.71486,0.00000,-0.00000,0.69927,0.03397,1.54047,0.00000
116280000000,4.88489,-6.46709,0.02072,0.71481,0.00000,-0.00000,0.69932,0.03389,1.54592,0.00000
116300000000,4.88552,-6.43600,0.02072,0.71473,0.00000,-0.00000,0.69940,0.03378,1.55739,0.00000
116320000000,4.88612,-6.40474,0.02072,0.71461,0.00000,-0.00000,0.69952,0.03339,1.56462,0.00000
116340000000,4.88668,-6.37328,0.02072,0.71444,0.00000,-0.00000,0.69970,0.03284,1.57561,0.00000
116360000000,4.88719,-6.34165,0.02072,0.71421,0.00000,-0.00000,0.69994,0.03198,1.58429,0.00000
116380000000,4.88765,-6.30987,0.02072,0.71391,0.00000,-0.00000,0.70024,0.03077,1.59105,0.00000
116400000000,4.88803,-6.27803,0.02072,0.71355,0.00000,-0.00000,0.70061,0.02913,1.59157,0.00000
116420000000,4.88834,-6.24608,0.02072,0.71311,0.00000,-0.00000,0.70105,0.02730,1.60009,0.00000
116440000000,4.88855,-6.21391,0.02072,0.71260,0.00000,-0.00000,0.70157,0.02512,1.61064,0.00000
116460000000,4.88867,-6.18161,0.02072,0.71200,0.00000,-0.00000,0.70218,0.02241,1.61493,0.00000
116480000000,4.88868,-6.14916,0.02072,0.71130,0.00000,-0.00000,0.70289,0.01933,1.62479,0.00000
116500000000,4.88855,-6.11651,0.02072,0.71050,0.00000,-0.00000,0.70370,0.01574,1.63473,0.00000
116520000000,4.88829,-6.08374,0.02072,0.70959,0.00000,-0.00000,0.70461,0.01156,1.64039,0.00000
116540000000,4.88787,-6.05088,0.02072,0.70857,0.00000,-0.00000,0.70564,0.00681,1.64296,0.00000
116560000000,4.88727,-6.01788,0.02072,0.70743,0.00000,-0.00000,0.70679,0.00150,1.65231,0.00000
116580000000,4.88649,-5.98474,0.02072,0.70615,0.00000,-0.00000,0.70806,-0.00448,1.65815,0.00000
116600000000,4.88552,-5.95149,0.02072,0.70472,0.00000,-0.00000,0.70949,-0.01121,1.66400,0.00000
116620000000,4.88434,-5.91816,0.02072,0.70313,0.00000,-0.00000,0.71107,-0.01872,1.66738,0.00000
116640000000,4.88294,-5.88479,0.02072,0.70136,0.00000,-0.00000,0.71280,-0.02698,1.66719,0.00000
116660000000,4.88131,-5.85170,0.02072,0.69946,0.00000,-0.00000,0.71467,-0.03553,1.65118,0.00000
116680000000,4.87945,-5.81894,0.02072,0.69744,0.00000,-0.00000,0.71665,-0.04445,1.63559,0.00000
116700000000,4.87738,-5.78648,0.02072,0.69531,0.00000,-0.00000,0.71871,-0.05364,1.62039,0.00000
116720000000,4.87510,-5.75452,0.02072,0.69313,0.00000,-0.00000,0.72082,-0.06232,1.59055,0.00000
116740000000,4.87262,-5.72311,0.02072,0.69089,0.00000,-0.00000,0.72296,-0.07094,1.56279,0.00000
116760000000,4.86994,-5.69219,0.02072,0.68860,0.00000,-0.00000,0.72514,-0.07987,1.54446,0.00000
116780000000,4.86712,-5.66206,0.02072,0.68634,0.00000,-0.00000,0.72728,-0.08703,1.50154,0.00000
116800000000,4.86409,-5.63228,0.02072,0.68404,0.00000,-0.00000,0.72944,-0.09579,1.48968,0.00000
116820000000,4.86083,-5.60242,0.02072,0.68171,0.00000,-0.00000,0.73162,-0.10602,1.49945,0.00000
116840000000,4.85734,-5.57257,0.02072,0.67938,0.00000,-0.00000,0.73379,-0.11547,1.49708,0.00000
116860000000,4.85364,-5.54268,0.02072,0.67704,0.00000,-0.00000,0.73595,-0.12522,1.49918,0.00000
116880000000,4.84977,-5.51272,0.02072,0.67481,0.00000,-0.00000,0.73800,-0.13476,1.50339,0.00000
116900000000,4.84583,-5.48290,0.02072,0.67276,0.00000,-0.00000,0.73986,-0.14218,1.49317,0.00000
116920000000,4.84173,-5.45333,0.02072,0.67077,0.00000,-0.00000,0.74167,-0.14912,1.48166,0.00000
116940000000,4.83750,-5.42398,0.02072,0.66885,0.00000,-0.00000,0.74340,-0.15567,1.47045,0.00000
116960000000,4.83314,-5.39486,0.02072,0.66701,0.00000,-0.00000,0.74505,-0.16181,1.45953,0.00000
116980000000,4.82867,-5.36594,0.02072,0.66526,0.00000,-0.00000,0.74661,-0.16771,1.45057,0.00000
117000000000,4.82408,-5.33706,0.02072,0.66356,0.00000,-0.00000,0.74812,-0.17443,1.45071,0.00000
117020000000,4.81937,-5.30818,0.02072,0.66190,0.00000,-0.00000,0.74960,-0.18100,1.45094,0.00000
117040000000,4.81456,-5.27930,0.02072,0.66027,0.00000,-0.00000,0.75103,-0.18743,1.45112,0.00000
117060000000,4.80964,-5.25038,0.02072,0.65866,0.00000,-0.00000,0.75244,-0.19428,1.45522,0.00000
117080000000,4.80460,-5.22126,0.02072,0.65702,0.00000,-0.00000,0.75387,-0.20213,1.46537,0.00000
117100000000,4.79944,-5.19207,0.02072,0.65538,0.00000,-0.00000,0.75530,-0.20878,1.46652,0.00000
117120000000,4.79416,-5.16276,0.02072,0.65372,0.00000,-0.00000,0.75674,-0.21669,1.47541,0.00000
117140000000,4.78874,-5.13329,0.02072,0.65200,0.00000,-0.00000,0.75821,-0.22437,1.48112,0.00000
117160000000,4.78319,-5.10370,0.02072,0.65024,0.00000,-0.00000,0.75973,-0.23251,1.48818,0.00000
117180000000,4.77738,-5.07407,0.02072,0.64828,0.00000,-0.00000,0.76141,-0.24058,1.48923,0.00000
117200000000,4.77140,-5.04439,0.02072,0.64624,0.00000,-0.00000,0.76313,-0.24966,1.49469,0.00000
117220000000,4.76525,-5.01455,0.02072,0.64412,0.00000,-0.00000,0.76492,-0.25952,1.50244,0.00000
117240000000,4.75892,-4.98456,0.02072,0.64191,0.00000,-0.00000,0.76678,-0.26989,1.51034,0.00000
117260000000,4.75240,-4.95444,0.02072,0.63960,0.00000,-0.00000,0.76871,-0.28036,1.51618,0.00000
117280000000,4.74567,-4.92423,0.02072,0.63719,0.00000,-0.00000,0.77071,-0.29117,1.52129,0.00000
117300000000,4.73873,-4.89397,0.02072,0.63468,0.00000,-0.00000,0.77277,-0.30168,1.52263,0.00000
117320000000,4.73157,-4.86363,0.02072,0.63206,0.00000,-0.00000,0.77492,-0.31341,1.52748,0.00000
117340000000,4.72417,-4.83322,0.02072,0.62932,0.00000,-0.00000,0.77715,-0.32544,1.53097,0.00000
117360000000,4.71653,-4.80274,0.02072,0.62642,0.00000,-0.00000,0.77948,-0.33832,1.53542,0.00000
117380000000,4.70862,-4.77220,0.02072,0.62338,0.00000,-0.00000,0.78192,-0.35157,1.53843,0.00000
117400000000,4.70044,-4.74161,0.02072,0.62018,0.00000,-0.00000,0.78446,-0.36561,1.54157,0.00000
117420000000,4.69188,-4.71099,0.02072,0.61695,0.00001,-0.00001,0.78700,-0.38018,1.54643,0.00000
117440000000,4.68312,-4.68040,0.02072,0.61345,0.00001,-0.00001,0.78974,-0.39343,1.54106,0.00000
117460000000,4.67405,-4.64979,0.02072,0.60974,0.00001,-0.00001,0.79260,-0.40945,1.54329,0.00000
117480000000,4.66465,-4.61921,0.02072,0.60584,0.00001,-0.00000,0.79559,-0.42543,1.54229,0.00000
117500000000,4.65490,-4.58862,0.02072,0.60172,0.00000,-0.00000,0.79871,-0.44287,1.54314,0.00000
117520000000,4.64480,-4.55806,0.02072,0.59738,0.00000,-0.00000,0.80196,-0.46080,1.54225,0.00000
117540000000,4.63432,-4.52771,0.02072,0.59290,0.00000,-0.00000,0.80527,-0.47559,1.52943,0.00000
117560000000,4.62348,-4.49772,0.02072,0.58842,0.00000,-0.00000,0.80856,-0.48921,1.51365,0.00000
117580000000,4.61229,-4.46807,0.02072,0.58393,0.00000,-0.00000,0.81180,-0.50259,1.49815,0.00000
117600000000,4.60075,-4.43878,0.02072,0.57947,0.00000,-0.00000,0.81499,-0.51563,1.48290,0.00000
117620000000,4.58888,-4.40983,0.02072,0.57505,0.00000,-0.00000,0.81812,-0.52838,1.46812,0.00000
117640000000,4.57668,-4.38121,0.02072,0.57068,0.00000,-0.00000,0.82117,-0.54080,1.45381,0.00000
117660000000,4.56416,-4.35292,0.02072,0.56638,0.00000,-0.00000,0.82414,-0.55283,1.43989,0.00000
117680000000,4.55131,-4.32492,0.02072,0.56219,0.00000,-0.00000,0.82701,-0.56547,1.42933,0.00000
117700000000,4.53812,-4.29719,0.02072,0.55817,0.00000,-0.00000,0.82973,-0.57571,1.41488,0.00000
117720000000,4.52475,-4.26980,0.02072,0.55416,0.00000,-0.00000,0.83241,-0.58609,1.40152,0.00000
117740000000,4.51115,-4.24264,0.02072,0.55031,0.00000,-0.00000,0.83496,-0.59731,1.39209,0.00000
117760000000,4.49727,-4.21557,0.02072,0.54633,0.00000,-0.00000,0.83757,-0.61263,1.39102,0.00000
117780000000,4.48313,-4.18855,0.02072,0.54224,0.00000,-0.00000,0.84022,-0.62683,1.38652,0.00000
117800000000,4.46872,-4.16160,0.02072,0.53805,0.00000,-0.00000,0.84291,-0.64281,1.38493,0.00000
117820000000,4.45404,-4.13466,0.02072,0.53368,0.00000,-0.00000,0.84569,-0.65959,1.38340,0.00000
117840000000,4.43907,-4.10778,0.02072,0.52913,0.00000,-0.00000,0.84854,-0.67649,1.38050,0.00000
117860000000,4.42380,-4.08100,0.02072,0.52445,0.00000,-0.00000,0.85144,-0.69244,1.37455,0.00000
117880000000,4.40823,-4.05433,0.02072,0.51962,0.00000,-0.00000,0.85440,-0.70939,1.36933,0.00000
117900000000,4.39235,-4.02776,0.02072,0.51459,0.00000,-0.00000,0.85744,-0.72734,1.36450,0.00000
117920000000,4.37615,-4.00131,0.02072,0.50935,0.00000,-0.00000,0.86056,-0.74557,1.35850,0.00000
117940000000,4.35961,-3.97501,0.02072,0.50391,0.00000,-0.00000,0.86376,-0.76380,1.35099,0.00000
117960000000,4.34272,-3.94891,0.02072,0.49830,0.00000,-0.00000,0.86701,-0.78121,1.34090,0.00000
117980000000,4.32549,-3.92300,0.02072,0.49248,0.00000,-0.00000,0.87032,-0.80042,1.33253,0.00000
118000000000,4.30791,-3.89727,0.02072,0.48641,0.00000,-0.00000,0.87373,-0.82013,1.32326,0.00000
118020000000,4.29016,-3.87196,0.02072,0.48015,0.00000,-0.00000,0.87719,-0.82481,1.28925,0.00000
118040000000,4.27294,-3.84791,0.02072,0.47367,0.00000,-0.00000,0.88070,-0.80729,1.22179,0.00000
118060000000,4.25481,-3.82383,0.02072,0.46732,0.00000,-0.00000,0.88409,-0.85655,1.25661,0.00000
118080000000,4.23573,-3.79940,0.02072,0.46074,0.00000,-0.00000,0.88753,-0.89090,1.26623,0.00000
118100000000,4.21624,-3.77538,0.02072,0.45423,0.00000,-0.00000,0.89089,-0.90612,1.24857,0.00000
118120000000,4.19636,-3.75179,0.02072,0.44780,0.00000,-0.00000,0.89413,-0.92107,1.23145,0.00000
118140000000,4.17610,-3.72864,0.02072,0.44148,0.00000,-0.00000,0.89727,-0.93571,1.21488,0.00000
118160000000,4.15548,-3.70590,0.02072,0.43527,0.00000,-0.00000,0.90030,-0.95005,1.19887,0.00000
118180000000,4.13452,-3.68357,0.02072,0.42919,0.00000,-0.00000,0.90322,-0.96408,1.18342,0.00000
118200000000,4.11321,-3.66163,0.02072,0.42324,0.00000,-0.00000,0.90602,-0.97778,1.16852,0.00000
118220000000,4.09158,-3.64006,0.02072,0.41743,0.00000,-0.00000,0.90871,-0.99115,1.15417,0.00000
118240000000,4.06971,-3.61880,0.02072,0.41189,0.00000,-0.00000,0.91123,-1.00371,1.14039,0.00000
118260000000,4.04764,-3.59781,0.02072,0.40663,0.00000,-0.00000,0.91359,-1.01553,1.12731,0.00000
118280000000,4.02531,-3.57714,0.02072,0.40155,0.00000,-0.00000,0.91584,-1.02713,1.11505,0.00000
118300000000,4.00272,-3.55676,0.02072,0.39667,0.00000,-0.00000,0.91796,-1.03829,1.10338,0.00000
118320000000,3.97989,-3.53667,0.02072,0.39200,0.00000,-0.00000,0.91996,-1.04901,1.09230,0.00000
118340000000,3.95684,-3.51683,0.02072,0.38748,0.00000,-0.00000,0.92188,-1.05983,1.08209,0.00000
118360000000,3.93364,-3.49715,0.02072,0.38286,0.00000,-0.00000,0.92381,-1.07137,1.07218,0.00000
118380000000,3.91027,-3.47765,0.02072,0.37812,0.00000,-0.00000,0.92576,-1.08284,1.06169,0.00000
118400000000,3.88674,-3.45833,0.02072,0.37323,0.00000,-0.00000,0.92774,-1.09463,1.05081,0.00000
118420000000,3.86304,-3.43921,0.02072,0.36822,0.00000,-0.00000,0.92974,-1.10617,1.03918,0.00000
118440000000,3.83916,-3.42029,0.02072,0.36303,0.00000,-0.00000,0.93178,-1.11819,1.02726,0.00000
118460000000,3.81508,-3.40164,0.02072,0.35776,0.00000,-0.00000,0.93381,-1.12933,1.01418,0.00000
118480000000,3.79077,-3.38330,0.02072,0.35267,0.00000,-0.00000,0.93575,-1.14050,1.00199,0.00000
118500000000,3.76621,-3.36526,0.02072,0.34777,0.00000,-0.00000,0.93758,-1.15141,0.99044,0.00000
118520000000,3.74141,-3.34751,0.02072,0.34308,0.00000,-0.00000,0.93931,-1.16198,0.97947,0.00000
118540000000,3.71639,-3.33003,0.02072,0.33859,0.00000,-0.00000,0.94093,-1.17218,0.96909,0.00000
118560000000,3.69115,-3.31281,0.02072,0.33432,0.00000,-0.00000,0.94246,-1.18199,0.95929,0.00000
118580000000,3.66571,-3.29582,0.02072,0.33027,0.00000,-0.00000,0.94389,-1.19140,0.95008,0.00000
118600000000,3.64009,-3.27905,0.02072,0.32645,0.00000,-0.00000,0.94521,-1.20039,0.94147,0.00000
118620000000,3.61428,-3.26249,0.02072,0.32287,0.00000,-0.00000,0.94644,-1.20893,0.93347,0.00000
118640000000,3.58832,-3.24611,0.02072,0.31953,0.00000,-0.00000,0.94758,-1.21700,0.92608,0.00000
118660000000,3.56225,-3.22985,0.02072,0.31626,0.00000,-0.00000,0.94867,-1.22345,0.91774,0.00000
118680000000,3.53616,-3.21370,0.02072,0.31291,0.00000,-0.00000,0.94978,-1.22910,0.90845,0.00000
118700000000,3.51001,-3.19768,0.02072,0.30949,0.00000,-0.00000,0.95090,-1.23511,0.89926,0.00000
118720000000,3.48382,-3.18178,0.02072,0.30602,0.00000,-0.00000,0.95202,-1.24124,0.88993,0.00000
118740000000,3.45757,-3.16602,0.02072,0.30247,0.00000,-0.00000,0.95316,-1.24660,0.87975,0.00000
118760000000,3.43130,-3.15039,0.02072,0.29876,0.00000,-0.00000,0.95433,-1.25174,0.86888,0.00000
118780000000,3.40496,-3.13493,0.02072,0.29495,0.00000,-0.00000,0.95551,-1.25797,0.85844,0.00000
118800000000,3.37858,-3.11963,0.02072,0.29103,0.00000,-0.00000,0.95671,-1.26310,0.84683,0.00000
118820000000,3.35216,-3.10451,0.02072,0.28693,0.00000,-0.00000,0.95795,-1.26817,0.83458,0.00000
118840000000,3.32565,-3.08959,0.02072,0.28273,0.00000,-0.00000,0.95920,-1.27453,0.82285,0.00000
118860000000,3.29908,-3.07489,0.02072,0.27838,0.00000,-0.00000,0.96047,-1.28028,0.81020,0.00000
118880000000,3.27233,-3.06051,0.02072,0.27372,0.00000,-0.00000,0.96181,-1.28777,0.79759,0.00000
118900000000,3.24551,-3.04637,0.02072,0.26895,0.00000,-0.00000,0.96315,-1.29378,0.78364,0.00000
118920000000,3.21863,-3.03247,0.02072,0.26403,0.00000,-0.00000,0.96451,-1.29882,0.76870,0.00000
118940000000,3.19169,-3.01884,0.02072,0.25898,0.00000,-0.00000,0.96588,-1.30449,0.75372,0.00000
118960000000,3.16468,-3.00548,0.02072,0.25377,0.00000,-0.00000,0.96726,-1.30917,0.73773,0.00000
118980000000,3.13764,-2.99241,0.02072,0.24839,0.00000,-0.00000,0.96866,-1.31331,0.72093,0.00000
119000000000,3.11053,-2.97965,0.02072,0.24285,0.00000,-0.00000,0.97006,-1.31831,0.70420,0.00000
119020000000,3.08334,-2.96722,0.02072,0.23719,0.00000,-0.00000,0.97146,-1.32395,0.68747,0.00000
119040000000,3.05610,-2.95512,0.02072,0.23136,0.00000,-0.00000,0.97287,-1.32788,0.66943,0.00000
119060000000,3.02882,-2.94337,0.02072,0.22535,0.00000,-0.00000,0.97428,-1.33107,0.65055,0.00000
119080000000,3.00150,-2.93198,0.02072,0.21916,0.00000,-0.00000,0.97569,-1.33448,0.63137,0.00000
119100000000,2.97412,-2.92098,0.02072,0.21283,0.00000,-0.00000,0.97709,-1.33873,0.61224,0.00000
119120000000,2.94665,-2.91039,0.02072,0.20637,0.00000,-0.00000,0.97847,-1.34455,0.59356,0.00000
119140000000,2.91895,-2.90024,0.02072,0.19994,0.00000,-0.00000,0.97981,-1.35634,0.57759,0.00000
119160000000,2.89095,-2.89054,0.02072,0.19358,0.00000,-0.00000,0.98108,-1.36923,0.56223,0.00000
119180000000,2.86267,-2.88127,0.02072,0.18731,0.00000,-0.00000,0.98230,-1.38221,0.54703,0.00000
119200000000,2.83410,-2.87243,0.02072,0.18113,0.00000,-0.00000,0.98346,-1.39526,0.53199,0.00000
119220000000,2.80526,-2.86400,0.02072,0.17503,0.00000,-0.00000,0.98456,-1.40837,0.51710,0.00000
119240000000,2.77614,-2.85597,0.02072,0.16903,0.00000,-0.00000,0.98561,-1.42152,0.50236,0.00000
119260000000,2.74675,-2.84834,0.02072,0.16312,0.00000,-0.00000,0.98661,-1.43469,0.48776,0.00000
119280000000,2.71719,-2.84102,0.02072,0.15743,0.00000,-0.00000,0.98753,-1.44234,0.47185,0.00000
119300000000,2.68771,-2.83403,0.02072,0.15189,0.00000,-0.00000,0.98840,-1.43827,0.45275,0.00000
119320000000,2.65835,-2.82741,0.02072,0.14642,0.00000,-0.00000,0.98922,-1.43348,0.43385,0.00000
119340000000,2.62912,-2.82115,0.02072,0.14101,0.00000,-0.00000,0.99001,-1.42825,0.41528,0.00000
119360000000,2.60004,-2.81523,0.02072,0.13567,0.00000,-0.00000,0.99075,-1.42260,0.39706,0.00000
119380000000,2.57111,-2.80965,0.02072,0.13042,0.00000,-0.00000,0.99146,-1.41652,0.37924,0.00000
119400000000,2.54234,-2.80438,0.02072,0.12527,0.00000,-0.00000,0.99212,-1.41003,0.36183,0.00000
119420000000,2.51373,-2.79942,0.02072,0.12021,0.00000,-0.00000,0.99275,-1.40315,0.34488,0.00000
119440000000,2.48530,-2.79475,0.02072,0.11527,0.00000,-0.00000,0.99333,-1.39590,0.32840,0.00000
119460000000,2.45705,-2.79035,0.02072,0.11045,0.00000,-0.00000,0.99388,-1.38830,0.31243,0.00000
119480000000,2.42895,-2.78620,0.02072,0.10574,0.00000,-0.00000,0.99439,-1.38467,0.29786,0.00000
119500000000,2.40080,-2.78227,0.02072,0.10112,0.00000,-0.00000,0.99487,-1.38904,0.28533,0.00000
119520000000,2.37260,-2.77855,0.02072,0.09660,0.00000,-0.00000,0.99532,-1.39320,0.27299,0.00000
119540000000,2.34434,-2.77505,0.02072,0.09216,0.00000,-0.00000,0.99574,-1.39717,0.26086,0.00000
119560000000,2.31602,-2.77175,0.02072,0.08781,0.00000,-0.00000,0.99614,-1.40096,0.24892,0.00000
119580000000,2.28765,-2.76865,0.02072,0.08354,0.00000,-0.00000,0.99650,-1.40457,0.23718,0.00000
119600000000,2.25923,-2.76575,0.02072,0.07937,0.00000,-0.00000,0.99685,-1.40802,0.22563,0.00000
119620000000,2.23077,-2.76305,0.02072,0.07527,0.00000,-0.00000,0.99716,-1.41130,0.21428,0.00000
119640000000,2.20226,-2.76054,0.02072,0.07125,0.00000,-0.00000,0.99746,-1.41443,0.20311,0.00000
119660000000,2.17370,-2.75823,0.02072,0.06732,0.00000,-0.00000,0.99773,-1.41740,0.19214,0.00000
119680000000,2.14511,-2.75610,0.02072,0.06346,0.00000,-0.00000,0.99798,-1.42023,0.18135,0.00000
119700000000,2.11647,-2.75415,0.02072,0.05968,0.00000,-0.00000,0.99822,-1.42293,0.17075,0.00000
119720000000,2.08780,-2.75238,0.02072,0.05597,0.00000,-0.00000,0.99843,-1.42549,0.16034,0.00000
119740000000,2.05910,-2.75079,0.02072,0.05234,0.00000,-0.00000,0.99863,-1.42793,0.15010,0.00000
119760000000,2.03036,-2.74937,0.02072,0.04878,0.00000,-0.00000,0.99881,-1.43025,0.14004,0.00000
119780000000,2.00159,-2.74812,0.02072,0.04529,0.00000,-0.00000,0.99897,-1.43245,0.13017,0.00000
119800000000,1.97279,-2.74704,0.02072,0.04188,0.00000,-0.00000,0.99912,-1.43454,0.12046,0.00000
119820000000,1.94396,-2.74613,0.02072,0.03853,0.00000,-0.00000,0.99926,-1.43652,0.11093,0.00000
119840000000,1.91510,-2.74537,0.02072,0.03524,0.00000,-0.00000,0.99938,-1.43841,0.10157,0.00000
119860000000,1.88622,-2.74478,0.02072,0.03202,0.00000,-0.00000,0.99949,-1.44019,0.09238,0.00000
119880000000,1.85731,-2.74434,0.02072,0.02887,0.00000,-0.00000,0.99958,-1.44188,0.08335,0.00000
119900000000,1.82838,-2.74406,0.02072,0.02578,0.00000,-0.00000,0.99967,-1.44349,0.07449,0.00000
119920000000,1.79943,-2.74392,0.02072,0.02275,0.00000,-0.00000,0.99974,-1.44500,0.06579,0.00000
119940000000,1.77046,-2.74393,0.02072,0.01978,0.00000,-0.00000,0.99980,-1.44644,0.05725,0.00000
119960000000,1.74147,-2.74409,0.02072,0.01687,0.00000,-0.00000,0.99986,-1.44780,0.04886,0.00000
119980000000,1.71246,-2.74439,0.02072,0.01402,0.00000,-0.00000,0.99990,-1.44908,0.04063,0.00000
120000000000,1.68343,-2.74482,0.02072,0.01122,-0.00000,-0.00000,0.99994,-1.45029,0.03256,0.00000
120020000000,1.65438,-2.74540,0.02072,0.00848,-0.00000,-0.00000,0.99996,-1.45143,0.02463,0.00000
120040000000,1.62532,-2.74611,0.02072,0.00580,-0.00000,-0.00000,0.99998,-1.45251,0.01685,0.00000
120060000000,1.59625,-2.74695,0.02072,0.00317,-0.00000,-0.00000,0.99999,-1.45353,0.00921,0.00000
120080000000,1.56716,-2.74792,0.02072,0.00059,-0.00000,-0.00000,1.00000,-1.45448,0.00172,0.00000
120100000000,1.53806,-2.74902,0.02072,-0.00193,-0.00000,-0.00000,1.00000,-1.45550,-0.00563,0.00000
120120000000,1.50894,-2.75024,0.02072,-0.00439,-0.00000,-0.00000,0.99999,-1.45656,-0.01280,0.00000
120140000000,1.47980,-2.75160,0.02072,-0.00679,-0.00000,-0.00000,0.99998,-1.45756,-0.01981,0.00000
120160000000,1.45065,-2.75307,0.02072,-0.00913,-0.00000,-0.00000,0.99996,-1.45850,-0.02665,0.00000
120180000000,1.42149,-2.75467,0.02072,-0.01142,-0.00000,-0.00000,0.99993,-1.45939,-0.03333,0.00000
120200000000,1.39231,-2.75638,0.02072,-0.01365,-0.00000,-0.00000,0.99991,-1.46022,-0.03987,0.00000
120220000000,1.36312,-2.75820,0.02072,-0.01582,-0.00000,-0.00000,0.99987,-1.46100,-0.04625,0.00000
120240000000,1.33392,-2.76014,0.02072,-0.01794,-0.00000,-0.00000,0.99984,-1.46173,-0.05248,0.00000
120260000000,1.30471,-2.76218,0.02072,-0.02001,-0.00000,-0.00000,0.99980,-1.46242,-0.05857,0.00000
120280000000,1.27549,-2.76433,0.02072,-0.02204,-0.00000,-0.00000,0.99976,-1.46306,-0.06453,0.00000
120300000000,1.24626,-2.76658,0.02072,-0.02401,-0.00000,-0.00000,0.99971,-1.46367,-0.07035,0.00000
120320000000,1.21702,-2.76893,0.02072,-0.02594,-0.00000,-0.00000,0.99966,-1.46423,-0.07603,0.00000
120340000000,1.18778,-2.77138,0.02072,-0.02782,-0.00000,-0.00000,0.99961,-1.46475,-0.08159,0.00000
120360000000,1.15852,-2.77392,0.02072,-0.02966,-0.00000,-0.00000,0.99956,-1.46524,-0.08702,0.00000
120380000000,1.12926,-2.77656,0.02072,-0.03145,-0.00000,-0.00000,0.99951,-1.46570,-0.09234,0.00000
120400000000,1.09999,-2.77928,0.02072,-0.03321,-0.00000,-0.00000,0.99945,-1.46612,-0.09753,0.00000
120420000000,1.07072,-2.78210,0.02072,-0.03492,-0.00000,-0.00000,0.99939,-1.46652,-0.10260,0.00000
120440000000,1.04144,-2.78500,0.02072,-0.03659,-0.00000,-0.00000,0.99933,-1.46688,-0.10757,0.00000
120460000000,1.01215,-2.78799,0.02072,-0.03823,-0.00000,-0.00000,0.99927,-1.46722,-0.11242,0.00000
120480000000,0.98286,-2.79105,0.02072,-0.03982,-0.00000,-0.00000,0.99921,-1.46754,-0.11717,0.00000
120500000000,0.95366,-2.79420,0.02072,-0.04136,-0.00000,-0.00000,0.99914,-1.46020,-0.12110,0.00000
120520000000,0.92468,-2.79741,0.02072,-0.04279,-0.00000,-0.00000,0.99908,-1.44938,-0.12438,0.00000
120540000000,0.89592,-2.80067,0.02072,-0.04410,-0.00000,-0.00000,0.99903,-1.43881,-0.12728,0.00000
120560000000,0.86731,-2.80397,0.02072,-0.04531,-0.00000,-0.00000,0.99897,-1.43169,-0.13013,0.00000
120580000000,0.83886,-2.80731,0.02072,-0.04639,-0.00000,-0.00000,0.99892,-1.42307,-0.13245,0.00000
120600000000,0.81054,-2.81068,0.02072,-0.04734,-0.00000,-0.00000,0.99888,-1.41695,-0.13462,0.00000
120620000000,0.78231,-2.81405,0.02072,-0.04819,-0.00000,-0.00000,0.99884,-1.41432,-0.13679,0.00000
120640000000,0.75421,-2.81744,0.02072,-0.04890,-0.00000,-0.00000,0.99880,-1.40651,-0.13806,0.00000
120660000000,0.72624,-2.82082,0.02072,-0.04948,-0.00000,-0.00000,0.99878,-1.40073,-0.13912,0.00000
120680000000,0.69842,-2.82418,0.02072,-0.04990,-0.00000,-0.00000,0.99875,-1.39130,-0.13938,0.00000
120700000000,0.67072,-2.82752,0.02072,-0.05018,-0.00000,-0.00000,0.99874,-1.38708,-0.13974,0.00000
120720000000,0.64317,-2.83081,0.02072,-0.05030,-0.00000,-0.00000,0.99873,-1.37775,-0.13914,0.00000
120740000000,0.61573,-2.83405,0.02072,-0.05027,-0.00000,-0.00000,0.99874,-1.37312,-0.13858,0.00000
120760000000,0.58841,-2.83724,0.02072,-0.05008,-0.00000,-0.00000,0.99874,-1.36781,-0.13753,0.00000
120780000000,0.56118,-2.84034,0.02072,-0.04974,-0.00000,-0.00000,0.99876,-1.36230,-0.13602,0.00000
120800000000,0.53410,-2.84337,0.02072,-0.04923,-0.00000,-0.00000,0.99879,-1.35402,-0.13380,0.00000
120820000000,0.50715,-2.84629,0.02072,-0.04855,-0.00000,-0.00000,0.99882,-1.34713,-0.13126,0.00000
120840000000,0.48017,-2.84911,0.02072,-0.04773,-0.00000,-0.00000,0.99886,-1.35345,-0.12965,0.00000
120860000000,0.45291,-2.85182,0.02072,-0.04685,-0.00000,-0.00000,0.99890,-1.36704,-0.12851,0.00000
120880000000,0.42537,-2.85441,0.02072,-0.04591,-0.00000,-0.00000,0.99895,-1.38049,-0.12715,0.00000
120900000000,0.39756,-2.85690,0.02072,-0.04492,-0.00000,-0.00000,0.99899,-1.39378,-0.12559,0.00000
120920000000,0.36948,-2.85929,0.02072,-0.04389,-0.00000,-0.00000,0.99904,-1.40693,-0.12387,0.00000
120940000000,0.34113,-2.86157,0.02072,-0.04284,-0.00000,-0.00000,0.99908,-1.41994,-0.12199,0.00000
120960000000,0.31252,-2.86376,0.02072,-0.04177,-0.00000,-0.00000,0.99913,-1.43281,-0.12000,0.00000
120980000000,0.28365,-2.86586,0.02072,-0.04068,-0.00000,-0.00000,0.99917,-1.44553,-0.11791,0.00000
121000000000,0.25452,-2.86787,0.02072,-0.03960,-0.00000,-0.00000,0.99922,-1.45811,-0.11576,0.00000
121020000000,0.22515,-2.86980,0.02072,-0.03853,-0.00000,-0.00000,0.99926,-1.47054,-0.11358,0.00000
121040000000,0.19552,-2.87165,0.02072,-0.03748,-0.00000,-0.00000,0.99930,-1.48282,-0.11138,0.00000
121060000000,0.16568,-2.87346,0.02072,-0.03651,-0.00000,-0.00000,0.99933,-1.49302,-0.10923,0.00000
121080000000,0.13572,-2.87538,0.02072,-0.03591,-0.00000,-0.00000,0.99935,-1.49940,-0.10791,0.00000
121100000000,0.10560,-2.87727,0.02072,-0.03538,-0.00000,-0.00000,0.99937,-1.50549,-0.10673,0.00000
121120000000,0.07547,-2.87914,0.02072,-0.03486,-0.00000,-0.00000,0.99939,-1.50543,-0.10515,0.00000
121140000000,0.04535,-2.88099,0.02072,-0.03435,-0.00000,-0.00000,0.99941,-1.50536,-0.10360,0.00000
121160000000,0.01523,-2.88281,0.02072,-0.03385,-0.00000,-0.00000,0.99943,-1.50530,-0.10208,0.00000
121180000000,-0.01489,-2.88460,0.02072,-0.03336,-0.00000,-0.00000,0.99944,-1.50523,-0.10059,0.00000
121200000000,-0.04501,-2.88637,0.02072,-0.03288,-0.00000,-0.00000,0.99946,-1.50517,-0.09913,0.00000
121220000000,-0.07513,-2.88811,0.02072,-0.03240,-0.00000,-0.00000,0.99947,-1.50510,-0.09769,0.00000
121240000000,-0.10524,-2.88984,0.02072,-0.03194,-0.00000,-0.00000,0.99949,-1.50504,-0.09629,0.00000
121260000000,-0.13535,-2.89153,0.02072,-0.03148,-0.00000,-0.00000,0.99950,-1.50497,-0.09491,0.00000
121280000000,-0.16547,-2.89321,0.02072,-0.03104,-0.00000,-0.00000,0.99952,-1.50490,-0.09356,0.00000
121300000000,-0.19557,-2.89486,0.02072,-0.03060,-0.00000,-0.00000,0.99953,-1.50484,-0.09223,0.00000
121320000000,-0.22568,-2.89649,0.02072,-0.03017,-0.00000,-0.00000,0.99954,-1.50477,-0.09093,0.00000
121340000000,-0.25579,-2.89810,0.02072,-0.02975,-0.00000,-0.00000,0.99956,-1.50470,-0.08965,0.00000
121360000000,-0.28589,-2.89969,0.02072,-0.02934,-0.00000,-0.00000,0.99957,-1.50464,-0.08840,0.00000
121380000000,-0.31600,-2.90125,0.02072,-0.02893,-0.00000,-0.00000,0.99958,-1.50457,-0.08718,0.00000
121400000000,-0.34610,-2.90280,0.02072,-0.02854,-0.00000,-0.00000,0.99959,-1.50451,-0.08597,0.00000
121420000000,-0.37619,-2.90433,0.02072,-0.02815,-0.00000,-0.00000,0.99960,-1.50444,-0.08479,0.00000
121440000000,-0.40629,-2.90583,0.02072,-0.02777,-0.00000,-0.00000,0.99961,-1.50437,-0.08364,0.00000
121460000000,-0.43639,-2.90732,0.02072,-0.02739,-0.00000,-0.00000,0.99962,-1.50431,-0.08250,0.00000
121480000000,-0.46648,-2.90879,0.02072,-0.02702,-0.00000,-0.00000,0.99963,-1.50424,-0.08139,0.00000
121500000000,-0.49657,-2.91024,0.02072,-0.02666,-0.00000,-0.00000,0.99964,-1.50418,-0.08030,0.00000
121520000000,-0.52667,-2.91167,0.02072,-0.02631,-0.00000,-0.00000,0.99965,-1.50411,-0.07923,0.00000
121540000000,-0.55676,-2.91309,0.02072,-0.02596,-0.00000,-0.00000,0.99966,-1.50405,-0.07818,0.00000
121560000000,-0.58684,-2.91448,0.02072,-0.02562,-0.00000,-0.00000,0.99967,-1.50399,-0.07715,0.00000
121580000000,-0.61693,-2.91586,0.02072,-0.02529,-0.00000,-0.00000,0.99968,-1.50392,-0.07615,0.00000
121600000000,-0.64701,-2.91722,0.02072,-0.02496,-0.00000,-0.00000,0.99969,-1.50386,-0.07516,0.00000
121620000000,-0.67710,-2.91857,0.02072,-0.02464,-0.00000,-0.00000,0.99970,-1.50380,-0.07419,0.00000
121640000000,-0.70718,-2.91990,0.02072,-0.02433,-0.00000,-0.00000,0.99970,-1.50374,-0.07324,0.00000
121660000000,-0.73726,-2.92121,0.02072,-0.02402,-0.00000,-0.00000,0.99971,-1.50367,-0.07231,0.00000
121680000000,-0.76734,-2.92251,0.02072,-0.02372,-0.00000,-0.00000,0.99972,-1.50361,-0.07139,0.00000
121700000000,-0.79742,-2.92380,0.02072,-0.02342,-0.00000,-0.00000,0.99973,-1.50355,-0.07050,0.00000
121720000000,-0.82749,-2.92506,0.02072,-0.02313,-0.00000,-0.00000,0.99973,-1.50349,-0.06962,0.00000
121740000000,-0.85757,-2.92632,0.02072,-0.02285,-0.00000,-0.00000,0.99974,-1.50343,-0.06876,0.00000
121760000000,-0.88764,-2.92756,0.02072,-0.02257,-0.00000,-0.00000,0.99975,-1.50338,-0.06791,0.00000
121780000000,-0.91771,-2.92878,0.02072,-0.02230,-0.00000,-0.00000,0.99975,-1.50332,-0.06709,0.00000
121800000000,-0.94778,-2.92999,0.02072,-0.02203,-0.00000,-0.00000,0.99976,-1.50326,-0.06627,0.00000
121820000000,-0.97785,-2.93119,0.02072,-0.02176,-0.00000,-0.00000,0.99976,-1.50320,-0.06548,0.00000
121840000000,-1.00792,-2.93238,0.02072,-0.02151,-0.00000,-0.00000,0.99977,-1.50315,-0.06470,0.00000
121860000000,-1.03799,-2.93355,0.02072,-0.02125,-0.00000,-0.00000,0.99977,-1.50309,-0.06393,0.00000
121880000000,-1.06805,-2.93471,0.02072,-0.02100,-0.00000,-0.00000,0.99978,-1.50304,-0.06318,0.00000
121900000000,-1.09812,-2.93585,0.02072,-0.02076,-0.00000,-0.00000,0.99978,-1.50299,-0.06245,0.00000
121920000000,-1.12818,-2.93698,0.02072,-0.02052,-0.00000,-0.00000,0.99979,-1.50293,-0.06173,0.00000
121940000000,-1.15824,-2.93811,0.02072,-0.02029,-0.00000,-0.00000,0.99979,-1.50288,-0.06102,0.00000
121960000000,-1.18830,-2.93922,0.02072,-0.02006,-0.00000,-0.00000,0.99980,-1.50283,-0.06033,0.00000
121980000000,-1.21836,-2.94031,0.02072,-0.01983,-0.00000,-0.00000,0.99980,-1.50278,-0.05965,0.00000
122000000000,-1.24842,-2.94140,0.02072,-0.01961,-0.00000,-0.00000,0.99981,-1.50273,-0.05898,0.00000
122020000000,-1.27848,-2.94248,0.02072,-0.01940,-0.00000,-0.00000,0.99981,-1.50268,-0.05833,0.00000
122040000000,-1.30854,-2.94354,0.02072,-0.01918,-0.00000,-0.00000,0.99982,-1.50263,-0.05769,0.00000
122060000000,-1.33859,-2.94459,0.02072,-0.01898,-0.00000,-0.00000,0.99982,-1.50258,-0.05706,0.00000
122080000000,-1.36865,-2.94564,0.02072,-0.01877,-0.00000,-0.00000,0.99982,-1.50253,-0.05644,0.00000
122100000000,-1.39870,-2.94667,0.02072,-0.01857,-0.00000,-0.00000,0.99983,-1.50248,-0.05584,0.00000
122120000000,-1.42875,-2.94769,0.02072,-0.01838,-0.00000,-0.00000,0.99983,-1.50243,-0.05525,0.00000
122140000000,-1.45880,-2.94871,0.02072,-0.01818,-0.00000,-0.00000,0.99983,-1.50239,-0.05467,0.00000
122160000000,-1.48882,-2.94970,0.02072,-0.01797,-0.00000,-0.00000,0.99984,-1.49903,-0.05392,0.00000
122180000000,-1.51866,-2.95062,0.02072,-0.01761,-0.00000,-0.00000,0.99984,-1.48907,-0.05248,0.00000
122200000000,-1.54834,-2.95152,0.02072,-0.01723,-0.00000,-0.00000,0.99985,-1.48113,-0.05107,0.00000
122220000000,-1.57792,-2.95238,0.02072,-0.01683,-0.00000,-0.00000,0.99986,-1.47859,-0.04979,0.00000
122240000000,-1.60735,-2.95321,0.02072,-0.01639,-0.00000,-0.00000,0.99987,-1.46802,-0.04815,0.00000
122260000000,-1.63660,-2.95401,0.02072,-0.01592,-0.00000,-0.00000,0.99987,-1.46224,-0.04657,0.00000
122280000000,-1.66601,-2.95475,0.02072,-0.01542,-0.00000,-0.00000,0.99988,-1.47337,-0.04546,0.00000
122300000000,-1.69567,-2.95546,0.02072,-0.01492,-0.00000,-0.00000,0.99989,-1.48603,-0.04436,0.00000
122320000000,-1.72558,-2.95615,0.02072,-0.01445,-0.00000,-0.00000,0.99990,-1.49757,-0.04329,0.00000
122340000000,-1.75566,-2.95685,0.02072,-0.01410,-0.00000,-0.00000,0.99990,-1.50553,-0.04247,0.00000
122360000000,-1.78577,-2.95754,0.02072,-0.01376,-0.00000,-0.00000,0.99991,-1.50544,-0.04144,0.00000
122380000000,-1.81588,-2.95821,0.02072,-0.01343,-0.00000,-0.00000,0.99991,-1.50535,-0.04043,0.00000
122400000000,-1.84599,-2.95887,0.02072,-0.01310,-0.00000,-0.00000,0.99991,-1.50526,-0.03944,0.00000
122420000000,-1.87610,-2.95951,0.02072,-0.01278,-0.00000,-0.00000,0.99992,-1.50518,-0.03847,0.00000
122440000000,-1.90621,-2.96013,0.02072,-0.01246,-0.00000,-0.00000,0.99992,-1.50509,-0.03752,0.00000
122460000000,-1.93631,-2.96073,0.02072,-0.01215,-0.00000,-0.00000,0.99993,-1.50501,-0.03659,0.00000
122480000000,-1.96641,-2.96132,0.02072,-0.01185,-0.00000,-0.00000,0.99993,-1.50492,-0.03567,0.00000
122500000000,-1.99651,-2.96190,0.02072,-0.01155,-0.00000,-0.00000,0.99993,-1.50484,-0.03478,0.00000
122520000000,-2.02661,-2.96245,0.02072,-0.01126,-0.00000,-0.00000,0.99994,-1.50476,-0.03390,0.00000
122540000000,-2.05671,-2.96300,0.02072,-0.01097,-0.00000,-0.00000,0.99994,-1.50468,-0.03303,0.00000
122560000000,-2.08680,-2.96353,0.02072,-0.01069,-0.00000,-0.00000,0.99994,-1.50460,-0.03219,0.00000
122580000000,-2.11690,-2.96404,0.02072,-0.01042,-0.00000,-0.00000,0.99995,-1.50452,-0.03136,0.00000
122600000000,-2.14699,-2.96455,0.02072,-0.01015,-0.00000,-0.00000,0.99995,-1.50444,-0.03055,0.00000
122620000000,-2.17708,-2.96503,0.02072,-0.00989,-0.00000,-0.00000,0.99995,-1.50437,-0.02975,0.00000
122640000000,-2.20717,-2.96551,0.02072,-0.00963,-0.00000,-0.00000,0.99995,-1.50429,-0.02897,0.00000
122660000000,-2.23725,-2.96597,0.02072,-0.00937,-0.00000,-0.00000,0.99996,-1.50422,-0.02820,0.00000
122680000000,-2.26734,-2.96642,0.02072,-0.00912,-0.00000,-0.00000,0.99996,-1.50415,-0.02745,0.00000
122700000000,-2.29742,-2.96685,0.02072,-0.00888,-0.00000,-0.00000,0.99996,-1.50407,-0.02671,0.00000
122720000000,-2.32750,-2.96728,0.02072,-0.00864,-0.00000,-0.00000,0.99996,-1.50400,-0.02599,0.00000
122740000000,-2.35758,-2.96769,0.02072,-0.00841,-0.00000,-0.00000,0.99996,-1.50393,-0.02529,0.00000
122760000000,-2.38766,-2.96809,0.02072,-0.00818,-0.00000,-0.00000,0.99997,-1.50386,-0.02459,0.00000
122780000000,-2.41774,-2.96848,0.02072,-0.00795,-0.00000,-0.00000,0.99997,-1.50379,-0.02391,0.00000
122800000000,-2.44782,-2.96885,0.02072,-0.00773,-0.00000,-0.00000,0.99997,-1.50373,-0.02324,0.00000
122820000000,-2.47789,-2.96922,0.02072,-0.00751,-0.00000,-0.00000,0.99997,-1.50366,-0.02259,0.00000
122840000000,-2.50797,-2.96957,0.02072,-0.00730,-0.00000,-0.00000,0.99997,-1.50360,-0.02195,0.00000
122860000000,-2.53804,-2.96991,0.02072,-0.00709,-0.00000,-0.00000,0.99997,-1.50353,-0.02132,0.00000
122880000000,-2.56811,-2.97024,0.02072,-0.00688,-0.00000,-0.00000,0.99998,-1.50347,-0.02070,0.00000
122900000000,-2.59818,-2.97057,0.02072,-0.00668,-0.00000,-0.00000,0.99998,-1.50341,-0.02010,0.00000
122920000000,-2.62825,-2.97088,0.02072,-0.00649,-0.00000,-0.00000,0.99998,-1.50335,-0.01951,0.00000
122940000000,-2.65831,-2.97118,0.02072,-0.00629,-0.00000,-0.00000,0.99998,-1.50328,-0.01893,0.00000
122960000000,-2.68838,-2.97147,0.02072,-0.00611,-0.00000,-0.00000,0.99998,-1.50323,-0.01836,0.00000
122980000000,-2.71844,-2.97175,0.02072,-0.00592,-0.00000,-0.00000,0.99998,-1.50317,-0.01780,0.00000
123000000000,-2.74851,-2.97203,0.02072,-0.00574,-0.00000,-0.00000,0.99998,-1.50311,-0.01725,0.00000
123020000000,-2.77857,-2.97229,0.02072,-0.00556,-0.00000,-0.00000,0.99998,-1.50305,-0.01672,0.00000
123040000000,-2.80863,-2.97254,0.02072,-0.00539,-0.00000,-0.00000,0.99999,-1.50300,-0.01619,0.00000
123060000000,-2.83869,-2.97279,0.02072,-0.00521,-0.00000,-0.00000,0.99999,-1.50294,-0.01567,0.00000
123080000000,-2.86875,-2.97303,0.02072,-0.00505,-0.00000,-0.00000,0.99999,-1.50289,-0.01517,0.00000
123100000000,-2.89881,-2.97325,0.02072,-0.00488,-0.00000,-0.00000,0.99999,-1.50284,-0.01467,0.00000
123120000000,-2.92886,-2.97347,0.02072,-0.00472,-0.00000,-0.00000,0.99999,-1.50278,-0.01419,0.00000
123140000000,-2.95892,-2.97368,0.02072,-0.00456,-0.00000,-0.00000,0.99999,-1.50273,-0.01371,0.00000
123160000000,-2.98897,-2.97389,0.02072,-0.00441,-0.00000,-0.00000,0.99999,-1.50268,-0.01324,0.00000
123180000000,-3.01903,-2.97408,0.02072,-0.00425,-0.00000,-0.00000,0.99999,-1.50263,-0.01279,0.00000
123200000000,-3.04908,-2.97427,0.02072,-0.00411,-0.00000,-0.00000,0.99999,-1.50258,-0.01234,0.00000
123220000000,-3.07913,-2.97445,0.02072,-0.00396,-0.00000,-0.00000,0.99999,-1.50253,-0.01190,0.00000
123240000000,-3.10918,-2.97462,0.02072,-0.00382,-0.00000,-0.00000,0.99999,-1.50249,-0.01147,0.00000
123260000000,-3.13923,-2.97479,0.02072,-0.00368,-0.00000,-0.00000,0.99999,-1.50244,-0.01104,0.00000
123280000000,-3.16928,-2.97495,0.02072,-0.00354,-0.00000,-0.00000,0.99999,-1.50240,-0.01063,0.00000
123300000000,-3.19933,-2.97510,0.02072,-0.00340,-0.00000,-0.00000,0.99999,-1.50235,-0.01022,0.00000
123320000000,-3.22937,-2.97524,0.02072,-0.00327,-0.00000,-0.00000,0.99999,-1.50231,-0.00982,0.00000
123340000000,-3.25942,-2.97538,0.02072,-0.00314,-0.00000,-0.00000,1.00000,-1.50226,-0.00943,0.00000
123360000000,-3.28946,-2.97551,0.02072,-0.00301,-0.00000,-0.00000,1.00000,-1.50222,-0.00905,0.00000
123380000000,-3.31951,-2.97564,0.02072,-0.00289,-0.00000,-0.00000,1.00000,-1.50218,-0.00868,0.00000
123400000000,-3.34955,-2.97575,0.02072,-0.00277,-0.00000,-0.00000,1.00000,-1.50214,-0.00831,0.00000
123420000000,-3.37959,-2.97587,0.02072,-0.00265,-0.00000,-0.00000,1.00000,-1.50210,-0.00795,0.00000
123440000000,-3.40964,-2.97597,0.02072,-0.00253,-0.00000,-0.00000,1.00000,-1.50206,-0.00759,0.00000
123460000000,-3.43968,-2.97607,0.02072,-0.00241,-0.00000,-0.00000,1.00000,-1.50202,-0.00725,0.00000
123480000000,-3.46972,-2.97617,0.02072,-0.00230,-0.00000,-0.00000,1.00000,-1.50198,-0.00691,0.00000
123500000000,-3.49976,-2.97625,0.02072,-0.00219,-0.00000,-0.00000,1.00000,-1.50194,-0.00658,0.00000
123520000000,-3.52979,-2.97634,0.02072,-0.00208,-0.00000,-0.00000,1.00000,-1.50190,-0.00625,0.00000
123540000000,-3.55983,-2.97641,0.02072,-0.00197,-0.00000,-0.00000,1.00000,-1.50187,-0.00593,0.00000
123560000000,-3.58987,-2.97648,0.02072,-0.00187,-0.00000,-0.00000,1.00000,-1.50183,-0.00561,0.00000
123580000000,-3.61990,-2.97655,0.02072,-0.00177,-0.00000,-0.00000,1.00000,-1.50180,-0.00531,0.00000
123600000000,-3.64994,-2.97661,0.02072,-0.00167,-0.00000,-0.00000,1.00000,-1.50176,-0.00501,0.00000
123620000000,-3.67997,-2.97667,0.02072,-0.00157,-0.00000,-0.00000,1.00000,-1.50173,-0.00471,0.00000
123640000000,-3.71001,-2.97672,0.02072,-0.00147,-0.00000,-0.00000,1.00000,-1.50170,-0.00442,0.00000
123660000000,-3.74004,-2.97676,0.02072,-0.00138,-0.00000,-0.00000,1.00000,-1.50166,-0.00414,0.00000
123680000000,-3.77008,-2.97680,0.02072,-0.00128,-0.00000,-0.00000,1.00000,-1.50163,-0.00386,0.00000
123700000000,-3.80011,-2.97684,0.02072,-0.00119,-0.00000,-0.00000,1.00000,-1.50160,-0.00359,0.00000
123720000000,-3.83014,-2.97687,0.02072,-0.00110,-0.00000,-0.00000,1.00000,-1.50157,-0.00332,0.00000
123740000000,-3.86017,-2.97690,0.02072,-0.00102,-0.00000,-0.00000,1.00000,-1.50154,-0.00306,0.00000
123760000000,-3.89020,-2.97692,0.02072,-0.00093,-0.00000,-0.00000,1.00000,-1.50151,-0.00280,0.00000
123780000000,-3.92023,-2.97694,0.02072,-0.00085,-0.00000,-0.00000,1.00000,-1.50148,-0.00255,0.00000
123800000000,-3.95026,-2.97695,0.02072,-0.00077,-0.00000,-0.00000,1.00000,-1.50145,-0.00230,0.00000
123820000000,-3.98029,-2.97696,0.02072,-0.00069,-0.00000,-0.00000,1.00000,-1.50142,-0.00206,0.00000
123840000000,-4.01032,-2.97697,0.02072,-0.00061,-0.00000,-0.00000,1.00000,-1.50139,-0.00182,0.00000
123860000000,-4.04034,-2.97697,0.02072,-0.00053,-0.00000,-0.00000,1.00000,-1.50137,-0.00159,0.00000
123880000000,-4.07037,-2.97697,0.02072,-0.00045,-0.00000,-0.00000,1.00000,-1.50134,-0.00136,0.00000
123900000000,-4.10040,-2.97696,0.02072,-0.00038,-0.00000,-0.00000,1.00000,-1.50131,-0.00114,0.00000
123920000000,-4.13042,-2.97695,0.02072,-0.00031,-0.00000,-0.00000,1.00000,-1.50129,-0.00092,0.00000
123940000000,-4.16045,-2.97694,0.02072,-0.00023,-0.00000,-0.00000,1.00000,-1.50126,-0.00070,0.00000
123960000000,-4.19047,-2.97692,0.02072,-0.00016,-0.00000,-0.00000,1.00000,-1.50124,-0.00049,0.00000
123980000000,-4.22050,-2.97690,0.02072,-0.00009,-0.00000,-0.00000,1.00000,-1.50121,-0.00028,0.00000
124000000000,-4.25052,-2.97687,0.02072,-0.00003,-0.00000,-0.00000,1.00000,-1.50119,-0.00008,0.00000
124020000000,-4.28055,-2.97685,0.02072,0.00004,-0.00000,-0.00000,1.00000,-1.50117,0.00012,0.00000
124040000000,-4.31057,-2.97682,0.02072,0.00010,-0.00000,-0.00000,1.00000,-1.50114,0.00031,0.00000
124060000000,-4.34059,-2.97678,0.02072,0.00017,-0.00000,-0.00000,1.00000,-1.50112,0.00050,0.00000
124080000000,-4.37061,-2.97674,0.02072,0.00023,-0.00000,-0.00000,1.00000,-1.50110,0.00069,0.00000
124100000000,-4.40063,-2.97670,0.02072,0.00029,-0.00000,-0.00000,1.00000,-1.50108,0.00087,0.00000
124120000000,-4.43066,-2.97666,0.02072,0.00035,-0.00000,-0.00000,1.00000,-1.50105,0.00105,0.00000
124140000000,-4.46068,-2.97661,0.02072,0.00041,-0.00000,-0.00000,1.00000,-1.50103,0.00123,0.00000
124160000000,-4.49070,-2.97656,0.02072,0.00047,-0.00000,-0.00000,1.00000,-1.50101,0.00140,0.00000
124180000000,-4.52072,-2.97651,0.02072,0.00052,-0.00000,-0.00000,1.00000,-1.50099,0.00157,0.00000
124200000000,-4.55074,-2.97645,0.02072,0.00058,-0.00000,-0.00000,1.00000,-1.50097,0.00173,0.00000
124220000000,-4.58076,-2.97639,0.02072,0.00063,-0.00000,-0.00000,1.00000,-1.50095,0.00190,0.00000
124240000000,-4.61077,-2.97633,0.02072,0.00068,-0.00000,-0.00000,1.00000,-1.50093,0.00206,0.00000
124260000000,-4.64079,-2.97627,0.02072,0.00074,-0.00000,-0.00000,1.00000,-1.50091,0.00221,0.00000
124280000000,-4.67081,-2.97620,0.02072,0.00079,-0.00000,-0.00000,1.00000,-1.50090,0.00236,0.00000
124300000000,-4.70083,-2.97613,0.02072,0.00084,-0.00000,-0.00000,1.00000,-1.50088,0.00251,0.00000
124320000000,-4.73085,-2.97606,0.02072,0.00089,-0.00000,-0.00000,1.00000,-1.50086,0.00266,0.00000
124340000000,-4.76086,-2.97598,0.02072,0.00093,-0.00000,-0.00000,1.00000,-1.50084,0.00280,0.00000
124360000000,-4.79088,-2.97590,0.02072,0.00098,-0.00000,-0.00000,1.00000,-1.50083,0.00295,0.00000
124380000000,-4.82089,-2.97582,0.02072,0.00103,-0.00000,-0.00000,1.00000,-1.50081,0.00308,0.00000
124400000000,-4.85091,-2.97574,0.02072,0.00107,-0.00000,-0.00000,1.00000,-1.50079,0.00322,0.00000
124420000000,-4.88093,-2.97566,0.02072,0.00112,-0.00000,-0.00000,1.00000,-1.50078,0.00335,0.00000
124440000000,-4.91094,-2.97557,0.02072,0.00116,-0.00000,-0.00000,1.00000,-1.50076,0.00348,0.00000
124460000000,-4.94096,-2.97548,0.02072,0.00120,-0.00000,-0.00000,1.00000,-1.50075,0.00361,0.00000
124480000000,-4.97097,-2.97539,0.02072,0.00124,-0.00000,-0.00000,1.00000,-1.50073,0.00373,0.00000
124500000000,-5.00099,-2.97530,0.02072,0.00129,-0.00000,-0.00000,1.00000,-1.50072,0.00386,0.00000
124520000000,-5.03100,-2.97520,0.02072,0.00133,-0.00000,-0.00000,1.00000,-1.50070,0.00398,0.00000
124540000000,-5.06101,-2.97511,0.02072,0.00136,-0.00000,-0.00000,1.00000,-1.50069,0.00410,0.00000
124560000000,-5.09103,-2.97501,0.02072,0.00140,-0.00000,-0.00000,1.00000,-1.50067,0.00421,0.00000
124580000000,-5.12104,-2.97491,0.02072,0.00144,-0.00000,-0.00000,1.00000,-1.50066,0.00432,0.00000
124600000000,-5.15105,-2.97480,0.02072,0.00148,-0.00000,-0.00000,1.00000,-1.50065,0.00443,0.00000
124620000000,-5.18107,-2.97470,0.02072,0.00151,-0.00000,-0.00000,1.00000,-1.50063,0.00454,0.00000
124640000000,-5.21108,-2.97459,0.02072,0.00155,-0.00000,-0.00000,1.00000,-1.50062,0.00465,0.00000
124660000000,-5.24109,-2.97448,0.02072,0.00158,-0.00000,-0.00000,1.00000,-1.50061,0.00475,0.00000
124680000000,-5.27110,-2.97437,0.02072,0.00162,-0.00000,-0.00000,1.00000,-1.50059,0.00486,0.00000
124700000000,-5.30111,-2.97426,0.02072,0.00165,-0.00000,-0.00000,1.00000,-1.50058,0.00496,0.00000
124720000000,-5.33113,-2.97415,0.02072,0.00168,-0.00000,-0.00000,1.00000,-1.50057,0.00506,0.00000
124740000000,-5.36114,-2.97403,0.02072,0.00172,-0.00000,-0.00000,1.00000,-1.50056,0.00515,0.00000
124760000000,-5.39115,-2.97391,0.02072,0.00175,-0.00000,-0.00000,1.00000,-1.50055,0.00525,0.00000
124780000000,-5.42116,-2.97380,0.02072,0.00178,-0.00000,-0.00000,1.00000,-1.50053,0.00534,0.00000
124800000000,-5.45117,-2.97368,0.02072,0.00181,-0.00000,-0.00000,1.00000,-1.50052,0.00543,0.00000
124820000000,-5.48118,-2.97355,0.02072,0.00184,-0.00000,-0.00000,1.00000,-1.50051,0.00552,0.00000
124840000000,-5.51119,-2.97343,0.02072,0.00187,-0.00000,-0.00000,1.00000,-1.50050,0.00561,0.00000
124860000000,-5.54120,-2.97331,0.02072,0.00190,-0.00000,-0.00000,1.00000,-1.50049,0.00569,0.00000
124880000000,-5.57121,-2.97318,0.02072,0.00192,-0.00000,-0.00000,1.00000,-1.50048,0.00577,0.00000
124900000000,-5.60122,-2.97305,0.02072,0.00195,-0.00000,-0.00000,1.00000,-1.50047,0.00586,0.00000
124920000000,-5.63123,-2.97292,0.02072,0.00198,-0.00000,-0.00000,1.00000,-1.50046,0.00594,0.00000
124940000000,-5.66124,-2.97279,0.02072,0.00200,-0.00000,-0.00000,1.00000,-1.50045,0.00602,0.00000
124960000000,-5.69124,-2.97266,0.02072,0.00203,-0.00000,-0.00000,1.00000,-1.50044,0.00609,0.00000
124980000000,-5.72125,-2.97253,0.02072,0.00206,-0.00000,-0.00000,1.00000,-1.50043,0.00617,0.00000
125000000000,-5.75126,-2.97239,0.02072,0.00208,-0.00000,-0.00000,1.00000,-1.50042,0.00624,0.00000
125020000000,-5.78127,-2.97226,0.02072,0.00210,-0.00000,-0.00000,1.00000,-1.50041,0.00632,0.00000
125040000000,-5.81128,-2.97212,0.02072,0.00213,-0.00000,-0.00000,1.00000,-1.50041,0.00639,0.00000
125060000000,-5.84129,-2.97198,0.02072,0.00215,-0.00000,-0.00000,1.00000,-1.50040,0.00646,0.00000
125080000000,-5.87129,-2.97184,0.02072,0.00217,-0.00000,-0.00000,1.00000,-1.50039,0.00653,0.00000
125100000000,-5.90130,-2.97170,0.02072,0.00220,-0.00000,-0.00000,1.00000,-1.50038,0.00659,0.00000
125120000000,-5.93131,-2.97156,0.02072,0.00222,-0.00000,-0.00000,1.00000,-1.50037,0.00666,0.00000
125140000000,-5.96132,-2.97142,0.02072,0.00224,-0.00000,-0.00000,1.00000,-1.50036,0.00672,0.00000
125160000000,-5.99132,-2.97127,0.02072,0.00226,-0.00000,-0.00000,1.00000,-1.50036,0.00679,0.00000
125180000000,-6.02133,-2.97113,0.02072,0.00228,-0.00000,-0.00000,1.00000,-1.50035,0.00685,0.00000
125200000000,-6.05134,-2.97098,0.02072,0.00230,-0.00000,-0.00000,1.00000,-1.50034,0.00691,0.00000
125220000000,-6.08134,-2.97083,0.02072,0.00232,-0.00000,-0.00000,1.00000,-1.50033,0.00697,0.00000
125240000000,-6.11135,-2.97069,0.02072,0.00234,-0.00000,-0.00000,1.00000,-1.50033,0.00703,0.00000
125260000000,-6.14136,-2.97054,0.02072,0.00236,-0.00000,-0.00000,1.00000,-1.50032,0.00709,0.00000
125280000000,-6.17136,-2.97039,0.02072,0.00238,-0.00000,-0.00000,1.00000,-1.50031,0.00714,0.00000
125300000000,-6.20137,-2.97024,0.02072,0.00240,-0.00000,-0.00000,1.00000,-1.50031,0.00720,0.00000
125320000000,-6.23138,-2.97008,0.02072,0.00242,-0.00000,-0.00000,1.00000,-1.50030,0.00725,0.00000
125340000000,-6.26138,-2.96993,0.02072,0.00243,-0.00000,-0.00000,1.00000,-1.50029,0.00730,0.00000
125360000000,-6.29139,-2.96978,0.02072,0.00245,-0.00000,-0.00000,1.00000,-1.50029,0.00735,0.00000
125380000000,-6.32139,-2.96962,0.02072,0.00247,-0.00000,-0.00000,1.00000,-1.50028,0.00741,0.00000
125400000000,-6.35140,-2.96947,0.02072,0.00248,-0.00000,-0.00000,1.00000,-1.50027,0.00746,0.00000
125420000000,-6.38140,-2.96931,0.02072,0.00250,-0.00000,-0.00000,1.00000,-1.50027,0.00750,0.00000
125440000000,-6.41141,-2.96915,0.02072,0.00252,-0.00000,-0.00000,1.00000,-1.50026,0.00755,0.00000
125460000000,-6.44141,-2.96900,0.02072,0.00253,-0.00000,-0.00000,1.00000,-1.50026,0.00760,0.00000
125480000000,-6.47142,-2.96884,0.02072,0.00255,-0.00000,-0.00000,1.00000,-1.50025,0.00764,0.00000
125500000000,-6.50142,-2.96868,0.02072,0.00256,-0.00000,-0.00000,1.00000,-1.50024,0.00769,0.00000
125520000000,-6.53143,-2.96852,0.02072,0.00258,-0.00000,-0.00000,1.00000,-1.50024,0.00773,0.00000
125540000000,-6.56143,-2.96836,0.02072,0.00259,-0.00000,-0.00000,1.00000,-1.50023,0.00778,0.00000
125560000000,-6.59144,-2.96819,0.02072,0.00261,-0.00000,-0.00000,1.00000,-1.50023,0.00782,0.00000
125580000000,-6.62144,-2.96803,0.02072,0.00262,-0.00000,-0.00000,1.00000,-1.50022,0.00786,0.00000
125600000000,-6.65145,-2.96787,0.02072,0.00263,-0.00000,-0.00000,1.00000,-1.50022,0.00790,0.00000
125620000000,-6.68145,-2.96770,0.02072,0.00265,-0.00000,-0.00000,1.00000,-1.50021,0.00794,0.00000
125640000000,-6.71145,-2.96754,0.02072,0.00266,-0.00000,-0.00000,1.00000,-1.50021,0.00798,0.00000
125660000000,-6.74146,-2.96737,0.02072,0.00267,-0.00000,-0.00000,1.00000,-1.50020,0.00802,0.00000
125680000000,-6.77146,-2.96721,0.02072,0.00269,-0.00000,-0.00000,1.00000,-1.50020,0.00806,0.00000
125700000000,-6.80147,-2.96704,0.02072,0.00270,-0.00000,-0.00000,1.00000,-1.50019,0.00809,0.00000
125720000000,-6.83147,-2.96687,0.02072,0.00271,-0.00000,-0.00000,1.00000,-1.50019,0.00813,0.00000
125740000000,-6.86147,-2.96671,0.02072,0.00272,-0.00000,-0.00000,1.00000,-1.50019,0.00817,0.00000
125760000000,-6.89148,-2.96654,0.02072,0.00273,-0.00000,-0.00000,1.00000,-1.50018,0.00820,0.00000
125780000000,-6.92148,-2.96637,0.02072,0.00274,-0.00000,-0.00000,1.00000,-1.50018,0.00823,0.00000
125800000000,-6.95148,-2.96620,0.02072,0.00276,-0.00000,-0.00000,1.00000,-1.50017,0.00827,0.00000
125820000000,-6.98149,-2.96603,0.02072,0.00277,-0.00000,-0.00000,1.00000,-1.50017,0.00830,0.00000
125840000000,-7.01149,-2.96586,0.02072,0.00278,-0.00000,-0.00000,1.00000,-1.50016,0.00833,0.00000
125860000000,-7.04149,-2.96569,0.02072,0.00279,-0.00000,-0.00000,1.00000,-1.50016,0.00836,0.00000
125880000000,-7.07150,-2.96551,0.02072,0.00280,-0.00000,-0.00000,1.00000,-1.50016,0.00839,0.00000
125900000000,-7.10150,-2.96534,0.02072,0.00281,-0.00000,-0.00000,1.00000,-1.50015,0.00842,0.00000
125920000000,-7.13150,-2.96517,0.02072,0.00282,-0.00000,-0.00000,1.00000,-1.50015,0.00845,0.00000
125940000000,-7.16151,-2.96500,0.02072,0.00283,-0.00000,-0.00000,1.00000,-1.50015,0.00848,0.00000
125960000000,-7.19151,-2.96482,0.02072,0.00284,-0.00000,-0.00000,1.00000,-1.50014,0.00851,0.00000
125980000000,-7.22151,-2.96465,0.02072,0.00285,-0.00000,-0.00000,1.00000,-1.50014,0.00854,0.00000
126000000000,-7.25151,-2.96447,0.02072,0.00286,-0.00000,-0.00000,1.00000,-1.50014,0.00857,0.00000
126020000000,-7.28152,-2.96430,0.02072,0.00286,-0.00000,-0.00000,1.00000,-1.50013,0.00859,0.00000
126040000000,-7.31152,-2.96412,0.02072,0.00287,-0.00000,-0.00000,1.00000,-1.50013,0.00862,0.00000
126060000000,-7.34152,-2.96394,0.02072,0.00288,-0.00000,-0.00000,1.00000,-1.50013,0.00864,0.00000
126080000000,-7.37152,-2.96377,0.02072,0.00289,-0.00000,-0.00000,1.00000,-1.50012,0.00867,0.00000
126100000000,-7.40153,-2.96359,0.02072,0.00290,-0.00000,-0.00000,1.00000,-1.50012,0.00869,0.00000
126120000000,-7.43153,-2.96341,0.02072,0.00291,-0.00000,-0.00000,1.00000,-1.50012,0.00872,0.00000
126140000000,-7.46153,-2.96324,0.02072,0.00291,-0.00000,-0.00000,1.00000,-1.50011,0.00874,0.00000
126160000000,-7.49153,-2.96306,0.02072,0.00292,-0.00000,-0.00000,1.00000,-1.50011,0.00877,0.00000
126180000000,-7.52154,-2.96288,0.02072,0.00293,-0.00000,-0.00000,1.00000,-1.50011,0.00879,0.00000
126200000000,-7.55154,-2.96270,0.02072,0.00294,-0.00000,-0.00000,1.00000,-1.50010,0.00881,0.00000
126220000000,-7.58154,-2.96252,0.02072,0.00294,-0.00000,-0.00000,1.00000,-1.50010,0.00883,0.00000
126240000000,-7.61154,-2.96234,0.02072,0.00295,-0.00000,-0.00000,1.00000,-1.50010,0.00885,0.00000
126260000000,-7.64154,-2.96216,0.02072,0.00296,-0.00000,-0.00000,1.00000,-1.50010,0.00888,0.00000
126280000000,-7.67155,-2.96198,0.02072,0.00297,-0.00000,-0.00000,1.00000,-1.50009,0.00890,0.00000
126300000000,-7.70155,-2.96180,0.02072,0.00297,-0.00000,-0.00000,1.00000,-1.50009,0.00892,0.00000
126320000000,-7.73155,-2.96162,0.02072,0.00298,-0.00000,-0.00000,1.00000,-1.50009,0.00894,0.00000
126340000000,-7.76155,-2.96144,0.02072,0.00298,-0.00000,-0.00000,1.00000,-1.50009,0.00896,0.00000
126360000000,-7.79155,-2.96125,0.02072,0.00299,-0.00000,-0.00000,1.00000,-1.50008,0.00897,0.00000
126380000000,-7.82155,-2.96107,0.02072,0.00300,-0.00000,-0.00000,1.00000,-1.50008,0.00899,0.00000
126400000000,-7.85156,-2.96089,0.02072,0.00300,-0.00000,-0.00000,1.00000,-1.50008,0.00901,0.00000
126420000000,-7.88156,-2.96071,0.02072,0.00301,-0.00000,-0.00000,1.00000,-1.50008,0.00903,0.00000
126440000000,-7.91156,-2.96052,0.02072,0.00302,-0.00000,-0.00000,1.00000,-1.50008,0.00905,0.00000
126460000000,-7.94156,-2.96034,0.02072,0.00302,-0.00000,-0.00000,1.00000,-1.50007,0.00906,0.00000
126480000000,-7.97156,-2.96015,0.02072,0.00303,-0.00000,-0.00000,1.00000,-1.50007,0.00908,0.00000
126500000000,-8.00156,-2.95997,0.02072,0.00303,-0.00000,-0.00000,1.00000,-1.50007,0.00910,0.00000
126520000000,-8.03156,-2.95979,0.02072,0.00304,-0.00000,-0.00000,1.00000,-1.50007,0.00911,0.00000
126540000000,-8.06157,-2.95960,0.02072,0.00304,-0.00000,-0.00000,1.00000,-1.50006,0.00913,0.00000
126560000000,-8.09157,-2.95942,0.02072,0.00305,-0.00000,-0.00000,1.00000,-1.50006,0.00915,0.00000
126580000000,-8.12157,-2.95923,0.02072,0.00305,-0.00000,-0.00000,1.00000,-1.50006,0.00916,0.00000
126600000000,-8.15157,-2.95905,0.02072,0.00306,-0.00000,-0.00000,1.00000,-1.50006,0.00918,0.00000
126620000000,-8.18157,-2.95886,0.02072,0.00306,-0.00000,-0.00000,1.00000,-1.50006,0.00919,0.00000
126640000000,-8.21157,-2.95867,0.02072,0.00307,-0.00000,-0.00000,1.00000,-1.50006,0.00920,0.00000
126660000000,-8.24157,-2.95849,0.02072,0.00307,-0.00000,-0.00000,1.00000,-1.50005,0.00922,0.00000
126680000000,-8.27157,-2.95830,0.02072,0.00308,-0.00000,-0.00000,1.00000,-1.50005,0.00923,0.00000
126700000000,-8.30158,-2.95812,0.02072,0.00308,-0.00000,-0.00000,1.00000,-1.50005,0.00925,0.00000
126720000000,-8.33158,-2.95793,0.02072,0.00309,-0.00000,-0.00000,1.00000,-1.50005,0.00926,0.00000
126740000000,-8.36158,-2.95774,0.02072,0.00309,-0.00000,-0.00000,1.00000,-1.50005,0.00927,0.00000
126760000000,-8.39158,-2.95755,0.02072,0.00309,-0.00000,-0.00000,1.00000,-1.50005,0.00929,0.00000
126780000000,-8.42158,-2.95737,0.02072,0.00310,-0.00000,-0.00000,1.00000,-1.50004,0.00930,0.00000
126800000000,-8.45158,-2.95718,0.02072,0.00310,-0.00000,-0.00000,1.00000,-1.50004,0.00931,0.00000
126820000000,-8.48158,-2.95699,0.02072,0.00311,-0.00000,-0.00000,1.00000,-1.50004,0.00932,0.00000
126840000000,-8.51158,-2.95680,0.02072,0.00311,-0.00000,-0.00000,1.00000,-1.50004,0.00933,0.00000
126860000000,-8.54158,-2.95661,0.02072,0.00311,-0.00000,-0.00000,1.00000,-1.50004,0.00935,0.00000
126880000000,-8.57158,-2.95643,0.02072,0.00312,-0.00000,-0.00000,1.00000,-1.50004,0.00936,0.00000
126900000000,-8.60158,-2.95624,0.02072,0.00312,-0.00000,-0.00000,1.00000,-1.50004,0.00937,0.00000
126920000000,-8.63158,-2.95605,0.02072,0.00313,-0.00000,-0.00000,1.00000,-1.50003,0.00938,0.00000
126940000000,-8.66158,-2.95586,0.02072,0.00313,-0.00000,-0.00000,1.00000,-1.50003,0.00939,0.00000
126960000000,-8.69159,-2.95567,0.02072,0.00313,-0.00000,-0.00000,1.00000,-1.50003,0.00940,0.00000
126980000000,-8.72159,-2.95548,0.02072,0.00314,-0.00000,-0.00000,1.00000,-1.50003,0.00941,0.00000
127000000000,-8.75159,-2.95529,0.02072,0.00314,-0.00000,-0.00000,1.00000,-1.50003,0.00942,0.00000
127020000000,-8.78159,-2.95510,0.02072,0.00314,-0.00000,-0.00000,1.00000,-1.50003,0.00943,0.00000
127040000000,-8.81146,-2.95491,0.02072,0.00315,-0.00000,-0.00000,1.00000,-1.49035,0.00939,0.00000
127060000000,-8.84112,-2.95471,0.02072,0.00317,-0.00000,-0.00000,0.99999,-1.48184,0.00939,0.00000
127080000000,-8.87062,-2.95451,0.02072,0.00320,-0.00000,-0.00000,0.99999,-1.47242,0.00944,0.00000
127100000000,-8.89989,-2.95429,0.02072,0.00327,-0.00000,-0.00000,0.99999,-1.46086,0.00955,0.00000
127120000000,-8.92895,-2.95406,0.02072,0.00337,-0.00000,-0.00000,0.99999,-1.45014,0.00978,0.00000
127140000000,-8.95788,-2.95380,0.02072,0.00352,-0.00000,-0.00000,0.99999,-1.44602,0.01019,0.00000
127160000000,-8.98667,-2.95350,0.02072,0.00373,-0.00000,-0.00000,0.99999,-1.43775,0.01072,0.00000
127180000000,-9.01525,-2.95317,0.02072,0.00399,-0.00000,-0.00000,0.99999,-1.42642,0.01138,0.00000
127200000000,-9.04371,-2.95280,0.02072,0.00432,-0.00000,-0.00000,0.99999,-1.42327,0.01229,0.00000
127220000000,-9.07205,-2.95237,0.02072,0.00472,-0.00000,-0.00000,0.99999,-1.41420,0.01335,0.00000
127240000000,-9.10021,-2.95189,0.02072,0.00520,-0.00000,-0.00000,0.99999,-1.40742,0.01464,0.00000
127260000000,-9.12829,-2.95135,0.02072,0.00577,-0.00000,-0.00000,0.99998,-1.40164,0.01616,0.00000
127280000000,-9.15617,-2.95074,0.02072,0.00642,-0.00000,-0.00000,0.99998,-1.39169,0.01786,0.00000
127300000000,-9.18385,-2.95005,0.02072,0.00716,-0.00000,-0.00000,0.99997,-1.38178,0.01980,0.00000
127320000000,-9.21133,-2.94928,0.02072,0.00802,-0.00000,-0.00000,0.99997,-1.37167,0.02199,0.00000
127340000000,-9.23869,-2.94841,0.02072,0.00898,-0.00000,-0.00000,0.99996,-1.36885,0.02458,0.00000
127360000000,-9.26595,-2.94744,0.02072,0.01006,-0.00000,-0.00000,0.99995,-1.36062,0.02737,0.00000
127380000000,-9.29299,-2.94636,0.02072,0.01125,-0.00000,-0.00000,0.99994,-1.35027,0.03039,0.00000
127400000000,-9.31983,-2.94517,0.02072,0.01257,-0.00000,-0.00000,0.99992,-1.34006,0.03371,0.00000
127420000000,-9.34657,-2.94385,0.02072,0.01403,-0.00000,-0.00000,0.99990,-1.33730,0.03753,0.00000
127440000000,-9.37315,-2.94240,0.02072,0.01562,-0.00000,-0.00000,0.99988,-1.32749,0.04149,0.00000
127460000000,-9.39960,-2.94080,0.02072,0.01735,-0.00000,-0.00000,0.99985,-1.32373,0.04596,0.00000
127480000000,-9.42593,-2.93905,0.02072,0.01923,-0.00000,-0.00000,0.99982,-1.31531,0.05062,0.00000
127500000000,-9.45206,-2.93714,0.02072,0.02125,0.00000,-0.00000,0.99977,-1.30592,0.05555,0.00000
127520000000,-9.47799,-2.93508,0.02072,0.02343,0.00000,-0.00000,0.99973,-1.29635,0.06078,0.00000
127540000000,-9.50373,-2.93283,0.02072,0.02575,0.00000,-0.00000,0.99967,-1.28701,0.06635,0.00000
127560000000,-9.52939,-2.93040,0.02072,0.02825,0.00000,-0.00000,0.99960,-1.28628,0.07276,0.00000
127580000000,-9.55503,-2.92776,0.02072,0.03092,0.00000,-0.00000,0.99952,-1.28615,0.07964,0.00000
127600000000,-9.58092,-2.92488,0.02072,0.03378,0.00000,-0.00000,0.99943,-1.30179,0.08811,0.00000
127620000000,-9.60710,-2.92175,0.02072,0.03684,0.00000,-0.00000,0.99932,-1.31712,0.09724,0.00000
127640000000,-9.63356,-2.91835,0.02072,0.04007,0.00000,-0.00000,0.99920,-1.33213,0.10703,0.00000
127660000000,-9.66031,-2.91468,0.02072,0.04347,0.00000,-0.00000,0.99905,-1.34682,0.11744,0.00000
127680000000,-9.68733,-2.91073,0.02072,0.04703,0.00000,-0.00000,0.99889,-1.36115,0.12845,0.00000
127700000000,-9.71462,-2.90650,0.02072,0.05072,0.00000,-0.00000,0.99871,-1.37514,0.14004,0.00000
127720000000,-9.74216,-2.90198,0.02072,0.05454,0.00000,-0.00000,0.99851,-1.38877,0.15217,0.00000
127740000000,-9.76996,-2.89716,0.02072,0.05848,0.00000,-0.00000,0.99829,-1.40202,0.16482,0.00000
127760000000,-9.79799,-2.89204,0.02072,0.06252,0.00000,-0.00000,0.99804,-1.41490,0.17795,0.00000
127780000000,-9.82626,-2.88662,0.02072,0.06664,0.00000,-0.00000,0.99778,-1.42740,0.19153,0.00000
127800000000,-9.85476,-2.88090,0.02072,0.07085,0.00000,-0.00000,0.99749,-1.43952,0.20552,0.00000
127820000000,-9.88348,-2.87486,0.02072,0.07511,0.00000,-0.00000,0.99718,-1.45125,0.21988,0.00000
127840000000,-9.91240,-2.86852,0.02072,0.07943,0.00000,-0.00000,0.99684,-1.46259,0.23457,0.00000
127860000000,-9.94146,-2.86199,0.02072,0.08353,0.00000,-0.00000,0.99651,-1.46640,0.24757,0.00000
127880000000,-9.97051,-2.85532,0.02072,0.08735,0.00000,-0.00000,0.99618,-1.46566,0.25902,0.00000
127900000000,-9.99952,-2.84841,0.02072,0.09111,0.00000,-0.00000,0.99584,-1.46454,0.27023,0.00000
127920000000,-10.02850,-2.84128,0.02072,0.09479,0.00000,-0.00000,0.99550,-1.46321,0.28119,0.00000
127940000000,-10.05743,-2.83392,0.02072,0.09838,0.00000,-0.00000,0.99515,-1.46171,0.29185,0.00000
127960000000,-10.08632,-2.82636,0.02072,0.10189,0.00000,-0.00000,0.99480,-1.45978,0.30221,0.00000
127980000000,-10.11516,-2.81864,0.02072,0.10541,0.00000,-0.00000,0.99443,-1.45731,0.31245,0.00000
128000000000,-10.14394,-2.81074,0.02072,0.10892,0.00000,-0.00000,0.99405,-1.45458,0.32265,0.00000
128020000000,-10.17265,-2.80267,0.02072,0.11246,0.00000,-0.00000,0.99366,-1.45143,0.33282,0.00000
128040000000,-10.20129,-2.79441,0.02072,0.11602,0.00000,-0.00000,0.99325,-1.44805,0.34297,0.00000
128060000000,-10.22985,-2.78592,0.02072,0.11975,0.00000,-0.00000,0.99280,-1.44479,0.35367,0.00000
128080000000,-10.25831,-2.77712,0.02072,0.12370,0.00000,-0.00000,0.99232,-1.44191,0.36517,0.00000
128100000000,-10.28677,-2.76807,0.02072,0.12778,0.00000,-0.00000,0.99180,-1.44290,0.37808,0.00000
128120000000,-10.31524,-2.75879,0.02072,0.13196,0.00000,-0.00000,0.99125,-1.44427,0.39148,0.00000
128140000000,-10.34374,-2.74926,0.02072,0.13625,0.00000,-0.00000,0.99067,-1.44596,0.40541,0.00000
128160000000,-10.37227,-2.73946,0.02072,0.14067,0.00000,-0.00000,0.99006,-1.44791,0.41992,0.00000
128180000000,-10.40083,-2.72940,0.02072,0.14523,0.00000,-0.00000,0.98940,-1.45002,0.43507,0.00000
128200000000,-10.42941,-2.71906,0.02072,0.14995,0.00000,-0.00000,0.98869,-1.45009,0.45021,0.00000
128220000000,-10.45799,-2.70843,0.02072,0.15484,0.00000,-0.00000,0.98794,-1.45108,0.46631,0.00000
128240000000,-10.48655,-2.69750,0.02072,0.15991,0.00000,-0.00000,0.98713,-1.45028,0.48255,0.00000
128260000000,-10.51501,-2.68627,0.02072,0.16511,0.00000,-0.00000,0.98628,-1.44420,0.49748,0.00000
128280000000,-10.54321,-2.67472,0.02072,0.17027,0.00000,-0.00000,0.98540,-1.43129,0.50985,0.00000
128300000000,-10.57110,-2.66287,0.02072,0.17532,0.00000,-0.00000,0.98451,-1.41825,0.52167,0.00000
128320000000,-10.59870,-2.65071,0.02072,0.18026,0.00000,-0.00000,0.98362,-1.40576,0.53314,0.00000
128340000000,-10.62602,-2.63828,0.02072,0.18506,0.00000,-0.00000,0.98273,-1.39382,0.54426,0.00000
128360000000,-10.65307,-2.62557,0.02072,0.18972,0.00000,-0.00000,0.98184,-1.38243,0.55498,0.00000
128380000000,-10.67989,-2.61263,0.02072,0.19416,0.00000,-0.00000,0.98097,-1.37363,0.56594,0.00000
128400000000,-10.70658,-2.59954,0.02072,0.19826,0.00000,-0.00000,0.98015,-1.36572,0.57606,0.00000
128420000000,-10.73305,-2.58624,0.02072,0.20216,0.00000,-0.00000,0.97935,-1.35625,0.58484,0.00000
128440000000,-10.75930,-2.57273,0.02072,0.20587,0.00000,-0.00000,0.97858,-1.34732,0.59313,0.00000
128460000000,-10.78536,-2.55903,0.02072,0.20937,0.00000,-0.00000,0.97784,-1.33890,0.60091,0.00000
128480000000,-10.81122,-2.54515,0.02072,0.21266,0.00000,-0.00000,0.97713,-1.33099,0.60815,0.00000
128500000000,-10.83693,-2.53111,0.02072,0.21575,0.00000,-0.00000,0.97645,-1.32521,0.61569,0.00000
128520000000,-10.86263,-2.51693,0.02072,0.21887,0.00000,-0.00000,0.97575,-1.32465,0.62575,0.00000
128540000000,-10.88835,-2.50260,0.02072,0.22208,0.00000,-0.00000,0.97503,-1.32559,0.63691,0.00000
128560000000,-10.91409,-2.48812,0.02072,0.22540,0.00000,-0.00000,0.97427,-1.32475,0.64765,0.00000
128580000000,-10.93983,-2.47347,0.02072,0.22885,0.00000,-0.00000,0.97346,-1.32456,0.65921,0.00000
128600000000,-10.96554,-2.45865,0.02072,0.23238,0.00000,-0.00000,0.97263,-1.32146,0.66966,0.00000
128620000000,-10.99122,-2.44366,0.02072,0.23601,0.00000,-0.00000,0.97175,-1.32013,0.68143,0.00000
128640000000,-11.01682,-2.42842,0.02072,0.23992,0.00000,-0.00000,0.97079,-1.31594,0.69277,0.00000
128660000000,-11.04233,-2.41295,0.02072,0.24406,0.00000,-0.00000,0.96976,-1.31282,0.70548,0.00000
128680000000,-11.06777,-2.39726,0.02072,0.24831,0.00000,-0.00000,0.96868,-1.30853,0.71803,0.00000
128700000000,-11.09312,-2.38136,0.02072,0.25267,0.00000,-0.00000,0.96755,-1.30339,0.73057,0.00000
128720000000,-11.11838,-2.36525,0.02072,0.25717,0.00000,-0.00000,0.96637,-1.29881,0.74395,0.00000
128740000000,-11.14355,-2.34891,0.02072,0.26181,0.00000,-0.00000,0.96512,-1.29306,0.75727,0.00000
128760000000,-11.16861,-2.33234,0.02072,0.26661,0.00000,-0.00000,0.96380,-1.28749,0.77134,0.00000
128780000000,-11.19354,-2.31553,0.02072,0.27159,0.00000,-0.00000,0.96241,-1.28022,0.78505,0.00000
128800000000,-11.21834,-2.29848,0.02072,0.27673,0.00000,-0.00000,0.96095,-1.27321,0.79963,0.00000
128820000000,-11.24297,-2.28117,0.02072,0.28205,0.00000,-0.00000,0.95940,-1.26440,0.81377,0.00000
128840000000,-11.26743,-2.26360,0.02072,0.28755,0.00000,-0.00000,0.95776,-1.25580,0.82877,0.00000
128860000000,-11.29172,-2.24577,0.02072,0.29327,0.00000,-0.00000,0.95603,-1.24600,0.84383,0.00000
128880000000,-11.31578,-2.22766,0.02072,0.29914,0.00000,-0.00000,0.95421,-1.23462,0.85848,0.00000
128900000000,-11.33957,-2.20925,0.02072,0.30513,0.00000,-0.00000,0.95231,-1.22276,0.87320,0.00000
128920000000,-11.36314,-2.19057,0.02072,0.31134,0.00000,-0.00000,0.95030,-1.21093,0.88887,0.00000
128940000000,-11.38646,-2.17162,0.02072,0.31780,0.00000,-0.00000,0.94816,-1.19800,0.90471,0.00000
128960000000,-11.40952,-2.15238,0.02072,0.32450,0.00000,-0.00000,0.94589,-1.18395,0.92069,0.00000
128980000000,-11.43228,-2.13285,0.02072,0.33143,0.00000,-0.00000,0.94348,-1.16863,0.93661,0.00000
129000000000,-11.45469,-2.11301,0.02072,0.33854,0.00000,-0.00000,0.94095,-1.15203,0.95224,0.00000
129020000000,-11.47675,-2.09285,0.02072,0.34586,0.00000,-0.00000,0.93829,-1.13482,0.96815,0.00000
129040000000,-11.49843,-2.07240,0.02072,0.35340,0.00000,-0.00000,0.93547,-1.11646,0.98398,0.00000
129060000000,-11.51970,-2.05163,0.02072,0.36114,0.00000,-0.00000,0.93251,-1.09714,0.99974,0.00000
129080000000,-11.54057,-2.03057,0.02072,0.36912,0.00000,-0.00000,0.92938,-1.07669,1.01542,0.00000
129100000000,-11.56098,-2.00920,0.02072,0.37731,0.00000,-0.00000,0.92609,-1.05514,1.03091,0.00000
129120000000,-11.58094,-1.98754,0.02072,0.38575,0.00000,-0.00000,0.92260,-1.03232,1.04614,0.00000
129140000000,-11.60040,-1.96558,0.02072,0.39438,0.00000,-0.00000,0.91895,-1.00882,1.06137,0.00000
129160000000,-11.61929,-1.94324,0.02072,0.40288,0.00000,-0.00000,0.91525,-0.98649,1.07721,0.00000
129180000000,-11.63760,-1.92047,0.02072,0.41126,0.00000,-0.00000,0.91152,-0.96465,1.09297,0.00000
129200000000,-11.65533,-1.89730,0.02072,0.41952,0.00000,-0.00000,0.90775,-0.94332,1.10873,0.00000
129220000000,-11.67249,-1.87373,0.02072,0.42764,0.00000,-0.00000,0.90395,-0.92250,1.12449,0.00000
129240000000,-11.68910,-1.84976,0.02072,0.43562,0.00000,-0.00000,0.90013,-0.90216,1.14025,0.00000
129260000000,-11.70515,-1.82541,0.02072,0.44345,0.00000,-0.00000,0.89630,-0.88228,1.15603,0.00000
129280000000,-11.72070,-1.80074,0.02072,0.45123,0.00000,-0.00000,0.89241,-0.86082,1.16949,0.00000
129300000000,-11.73577,-1.77588,0.02072,0.45909,0.00000,-0.00000,0.88839,-0.83790,1.18151,0.00000
129320000000,-11.75036,-1.75084,0.02072,0.46705,0.00000,-0.00000,0.88423,-0.81346,1.19184,0.00000
129340000000,-11.76446,-1.72565,0.02072,0.47513,0.00000,-0.00000,0.87991,-0.78831,1.20174,0.00000
129360000000,-11.77804,-1.70033,0.02072,0.48334,0.00000,-0.00000,0.87543,-0.76212,1.21056,0.00000
129380000000,-11.79109,-1.67490,0.02072,0.49167,0.00000,-0.00000,0.87078,-0.73501,1.21846,0.00000
129400000000,-11.80357,-1.64931,0.02072,0.50006,0.00000,-0.00000,0.86599,-0.70940,1.22913,0.00000
129420000000,-11.81544,-1.62338,0.02072,0.50834,0.00000,-0.00000,0.86116,-0.68691,1.24466,0.00000
129440000000,-11.82669,-1.59709,0.02072,0.51648,0.00000,-0.00000,0.85630,-0.66471,1.26032,0.00000
129460000000,-11.83733,-1.57045,0.02072,0.52448,0.00000,-0.00000,0.85142,-0.64276,1.27610,0.00000
129480000000,-11.84738,-1.54347,0.02072,0.53234,0.00000,-0.00000,0.84653,-0.62103,1.29202,0.00000
129500000000,-11.85684,-1.51616,0.02072,0.54008,0.00000,-0.00000,0.84162,-0.59949,1.30806,0.00000
129520000000,-11.86573,-1.48851,0.02072,0.54768,0.00000,-0.00000,0.83669,-0.57810,1.32422,0.00000
129540000000,-11.87405,-1.46054,0.02072,0.55515,0.00000,-0.00000,0.83175,-0.55684,1.34048,0.00000
129560000000,-11.88182,-1.43225,0.02072,0.56249,0.00000,-0.00000,0.82680,-0.53566,1.35684,0.00000
129580000000,-11.88903,-1.40365,0.02072,0.56971,0.00000,-0.00000,0.82185,-0.51455,1.37329,0.00000
129600000000,-11.89576,-1.37477,0.02072,0.57673,0.00000,-0.00000,0.81693,-0.49298,1.38767,0.00000
129620000000,-11.90216,-1.34576,0.02072,0.58336,0.00000,-0.00000,0.81221,-0.47192,1.40026,0.00000
129640000000,-11.90809,-1.31646,0.02072,0.58985,0.00000,-0.00000,0.80751,-0.45207,1.41587,0.00000
129660000000,-11.91356,-1.28689,0.02072,0.59620,0.00000,-0.00000,0.80284,-0.43230,1.43148,0.00000
129680000000,-11.91856,-1.25705,0.02072,0.60242,0.00000,-0.00000,0.79818,-0.41258,1.44709,0.00000
129700000000,-11.92311,-1.22693,0.02072,0.60852,0.00000,-0.00000,0.79354,-0.39290,1.46268,0.00000
129720000000,-11.92722,-1.19655,0.02072,0.61449,0.00000,-0.00000,0.78892,-0.37323,1.47822,0.00000
129740000000,-11.93090,-1.16590,0.02072,0.62035,0.00000,-0.00000,0.78433,-0.35349,1.49337,0.00000
129760000000,-11.93417,-1.13502,0.02072,0.62609,0.00000,-0.00000,0.77975,-0.33362,1.50790,0.00000
129780000000,-11.93702,-1.10390,0.02072,0.63172,0.00000,-0.00000,0.77520,-0.31366,1.52184,0.00000
129800000000,-11.93947,-1.07256,0.02072,0.63724,0.00000,-0.00000,0.77067,-0.29362,1.53520,0.00000
129820000000,-11.94154,-1.04102,0.02072,0.64265,0.00000,-0.00000,0.76616,-0.27352,1.54801,0.00000
129840000000,-11.94322,-1.00929,0.02072,0.64796,0.00000,-0.00000,0.76168,-0.25340,1.56028,0.00000
129860000000,-11.94454,-0.97737,0.02072,0.65315,0.00000,-0.00000,0.75723,-0.23328,1.57205,0.00000
129880000000,-11.94550,-0.94528,0.02072,0.65824,0.00000,-0.00000,0.75281,-0.21317,1.58332,0.00000
129900000000,-11.94612,-0.91302,0.02072,0.66323,0.00000,-0.00000,0.74842,-0.19311,1.59412,0.00000
129920000000,-11.94641,-0.88061,0.02072,0.66810,0.00000,-0.00000,0.74407,-0.17312,1.60447,0.00000
129940000000,-11.94638,-0.84805,0.02072,0.67287,0.00000,-0.00000,0.73976,-0.15323,1.61438,0.00000
129960000000,-11.94604,-0.81534,0.02072,0.67753,0.00000,-0.00000,0.73550,-0.13346,1.62387,0.00000
129980000000,-11.94541,-0.78250,0.02072,0.68207,0.00000,-0.00000,0.73128,-0.11385,1.63296,0.00000
130000000000,-11.94449,-0.74953,0.02072,0.68651,0.00000,-0.00000,0.72712,-0.09442,1.64167,0.00000
130020000000,-11.94331,-0.71643,0.02072,0.69082,0.00000,-0.00000,0.72303,-0.07521,1.65001,0.00000
130040000000,-11.94188,-0.68320,0.02072,0.69502,0.00000,-0.00000,0.71899,-0.05624,1.65800,0.00000
130060000000,-11.94021,-0.64986,0.02072,0.69909,0.00000,-0.00000,0.71503,-0.03755,1.66566,0.00000
130080000000,-11.93831,-0.61639,0.02072,0.70304,0.00000,-0.00000,0.71115,-0.01918,1.67300,0.00000
130100000000,-11.93620,-0.58281,0.02072,0.70687,0.00000,-0.00000,0.70735,-0.00115,1.68003,0.00000
130120000000,-11.93388,-0.54912,0.02072,0.71052,0.00000,-0.00000,0.70368,0.01632,1.68681,0.00000
130140000000,-11.93133,-0.51531,0.02072,0.71395,0.00000,-0.00000,0.70020,0.03293,1.69334,0.00000
130160000000,-11.92858,-0.48140,0.02072,0.71715,0.00000,-0.00000,0.69692,0.04862,1.69961,0.00000
130180000000,-11.92564,-0.44737,0.02072,0.72012,0.00000,-0.00000,0.69385,0.06339,1.70563,0.00000
130200000000,-11.92254,-0.41324,0.02072,0.72286,0.00000,-0.00000,0.69099,0.07721,1.71147,0.00000
130220000000,-11.91931,-0.37900,0.02072,0.72538,0.00000,-0.00000,0.68835,0.09004,1.71716,0.00000
130240000000,-11.91596,-0.34465,0.02072,0.72767,0.00000,-0.00000,0.68592,0.10185,1.72275,0.00000
130260000000,-11.91252,-0.31019,0.02072,0.72973,0.00000,-0.00000,0.68373,0.11260,1.72825,0.00000
130280000000,-11.90902,-0.27562,0.02072,0.73156,0.00000,-0.00000,0.68178,0.12228,1.73373,0.00000
130300000000,-11.90547,-0.24093,0.02072,0.73315,0.00000,-0.00000,0.68007,0.13084,1.73922,0.00000
130320000000,-11.90191,-0.20613,0.02072,0.73450,0.00000,-0.00000,0.67861,0.13825,1.74479,0.00000
130340000000,-11.89835,-0.17120,0.02072,0.73561,0.00000,-0.00000,0.67740,0.14447,1.75045,0.00000
130360000000,-11.89484,-0.13615,0.02072,0.73648,0.00000,-0.00000,0.67646,0.14948,1.75627,0.00000
130380000000,-11.89140,-0.10097,0.02072,0.73710,0.00000,-0.00000,0.67578,0.15326,1.76229,0.00000
130400000000,-11.88805,-0.06565,0.02072,0.73747,0.00000,-0.00000,0.67538,0.15577,1.76860,0.00000
130420000000,-11.88482,-0.03019,0.02072,0.73759,0.00000,-0.00000,0.67525,0.15698,1.77519,0.00000
130440000000,-11.88174,0.00542,0.02072,0.73745,0.00000,-0.00000,0.67540,0.15685,1.78214,0.00000
130460000000,-11.87886,0.04116,0.02072,0.73706,0.00000,-0.00000,0.67583,0.15510,1.78628,0.00000
130480000000,-11.87620,0.07665,0.02072,0.73641,0.00000,-0.00000,0.67653,0.15016,1.76830,0.00000
130500000000,-11.87380,0.11179,0.02072,0.73555,0.00000,-0.00000,0.67747,0.14412,1.75037,0.00000
130520000000,-11.87165,0.14659,0.02072,0.73447,0.00000,-0.00000,0.67864,0.13717,1.73307,0.00000
130540000000,-11.86977,0.18106,0.02072,0.73321,0.00000,-0.00000,0.68000,0.12944,1.71634,0.00000
130560000000,-11.86814,0.21520,0.02072,0.73179,0.00000,-0.00000,0.68154,0.12105,1.70014,0.00000
130580000000,-11.86678,0.24903,0.02072,0.73021,0.00000,-0.00000,0.68323,0.11210,1.68441,0.00000
130600000000,-11.86568,0.28256,0.02072,0.72850,0.00000,-0.00000,0.68505,0.10270,1.66911,0.00000
130620000000,-11.86484,0.31578,0.02072,0.72666,0.00000,-0.00000,0.68699,0.09292,1.65421,0.00000
130640000000,-11.86427,0.34870,0.02072,0.72473,0.00000,-0.00000,0.68903,0.08285,1.63966,0.00000
130660000000,-11.86394,0.38134,0.02072,0.72270,0.00000,-0.00000,0.69116,0.07256,1.62544,0.00000
130680000000,-11.86387,0.41369,0.02072,0.72060,0.00000,-0.00000,0.69335,0.06213,1.61151,0.00000
130700000000,-11.86404,0.44576,0.02072,0.71843,0.00000,-0.00000,0.69560,0.05160,1.59784,0.00000
130720000000,-11.86445,0.47755,0.02072,0.71620,0.00000,-0.00000,0.69789,0.04104,1.58443,0.00000
130740000000,-11.86509,0.50907,0.02072,0.71394,0.00000,-0.00000,0.70021,0.03050,1.57123,0.00000
130760000000,-11.86596,0.54032,0.02072,0.71164,0.00000,-0.00000,0.70255,0.02003,1.55824,0.00000
130780000000,-11.86704,0.57131,0.02072,0.70932,0.00000,-0.00000,0.70489,0.00967,1.54544,0.00000
130800000000,-11.86834,0.60203,0.02072,0.70698,0.00000,-0.00000,0.70723,-0.00054,1.53282,0.00000
130820000000,-11.86983,0.63249,0.02072,0.70464,0.00000,-0.00000,0.70956,-0.01057,1.52032,0.00000
130840000000,-11.87148,0.66272,0.02072,0.70235,0.00000,-0.00000,0.71183,-0.02023,1.51016,0.00000
130860000000,-11.87311,0.69288,0.02072,0.70043,0.00000,-0.00000,0.71372,-0.02836,1.50805,0.00000
130880000000,-11.87462,0.72299,0.02072,0.69892,0.00000,-0.00000,0.71520,-0.03467,1.50596,0.00000
130900000000,-11.87600,0.75306,0.02072,0.69784,0.00000,-0.00000,0.71626,-0.03918,1.50344,0.00000
130920000000,-11.87737,0.78294,0.02072,0.69690,0.00000,-0.00000,0.71717,-0.04280,1.49216,0.00000
130940000000,-11.87882,0.81259,0.02072,0.69599,0.00000,-0.00000,0.71806,-0.04622,1.48030,0.00000
130960000000,-11.88032,0.84212,0.02072,0.69510,0.00000,-0.00000,0.71891,-0.04977,1.47754,0.00000
130980000000,-11.88189,0.87166,0.02072,0.69424,0.00000,-0.00000,0.71974,-0.05333,1.47790,0.00000
131000000000,-11.88352,0.90121,0.02072,0.69339,0.00000,-0.00000,0.72056,-0.05682,1.47825,0.00000
131020000000,-11.88521,0.93076,0.02072,0.69257,0.00000,-0.00000,0.72135,-0.06024,1.47858,0.00000
131040000000,-11.88696,0.96031,0.02072,0.69175,0.00000,-0.00000,0.72213,-0.06358,1.47889,0.00000
131060000000,-11.88876,0.98987,0.02072,0.69096,0.00000,-0.00000,0.72289,-0.06685,1.47919,0.00000
131080000000,-11.89062,1.01944,0.02072,0.69018,0.00000,-0.00000,0.72363,-0.07005,1.47947,0.00000
131100000000,-11.89254,1.04901,0.02072,0.68942,0.00000,-0.00000,0.72436,-0.07318,1.47974,0.00000
131120000000,-11.89450,1.07859,0.02072,0.68868,0.00000,-0.00000,0.72507,-0.07624,1.48000,0.00000
131140000000,-11.89652,1.10817,0.02072,0.68795,0.00000,-0.00000,0.72576,-0.07924,1.48025,0.00000
131160000000,-11.89859,1.13775,0.02072,0.68723,0.00000,-0.00000,0.72644,-0.08218,1.48048,0.00000
131180000000,-11.90071,1.16734,0.02072,0.68653,0.00000,-0.00000,0.72710,-0.08505,1.48070,0.00000
131200000000,-11.90288,1.19693,0.02072,0.68585,0.00000,-0.00000,0.72774,-0.08786,1.48091,0.00000
131220000000,-11.90510,1.22647,0.02072,0.68519,0.00000,-0.00000,0.72837,-0.09024,1.47555,0.00000
131240000000,-11.90735,1.25590,0.02072,0.68456,0.00000,-0.00000,0.72896,-0.09262,1.47275,0.00000
131260000000,-11.90964,1.28519,0.02072,0.68397,0.00000,-0.00000,0.72951,-0.09438,1.46310,0.00000
131280000000,-11.91196,1.31430,0.02072,0.68343,0.00000,-0.00000,0.73001,-0.09604,1.45568,0.00000
131300000000,-11.91430,1.34323,0.02072,0.68296,0.00000,-0.00000,0.73045,-0.09722,1.44510,0.00000
131320000000,-11.91664,1.37202,0.02072,0.68255,0.00000,-0.00000,0.73084,-0.09858,1.44095,0.00000
131340000000,-11.91900,1.40067,0.02072,0.68220,0.00000,-0.00000,0.73116,-0.09926,1.43115,0.00000
131360000000,-11.92134,1.42917,0.02072,0.68194,0.00000,-0.00000,0.73141,-0.09989,1.42500,0.00000
131380000000,-11.92367,1.45765,0.02072,0.68172,0.00000,-0.00000,0.73161,-0.10095,1.42815,0.00000
131400000000,-11.92599,1.48638,0.02072,0.68153,0.00000,-0.00000,0.73179,-0.10256,1.44009,0.00000
131420000000,-11.92831,1.51535,0.02072,0.68134,0.00000,-0.00000,0.73196,-0.10419,1.45261,0.00000
131440000000,-11.93062,1.54457,0.02072,0.68116,0.00000,-0.00000,0.73214,-0.10582,1.46491,0.00000
131460000000,-11.93294,1.57404,0.02072,0.68096,0.00000,-0.00000,0.73232,-0.10750,1.47699,0.00000
131480000000,-11.93526,1.60374,0.02072,0.68074,0.00000,-0.00000,0.73252,-0.10923,1.48873,0.00000
131500000000,-11.93761,1.63354,0.02072,0.68052,0.00000,-0.00000,0.73273,-0.11029,1.49061,0.00000
131520000000,-11.93996,1.66335,0.02072,0.68030,0.00000,-0.00000,0.73293,-0.11119,1.49065,0.00000
131540000000,-11.94234,1.69315,0.02072,0.68009,0.00000,-0.00000,0.73313,-0.11207,1.49070,0.00000
131560000000,-11.94472,1.72295,0.02072,0.67988,0.00000,-0.00000,0.73333,-0.11293,1.49074,0.00000
131580000000,-11.94713,1.75276,0.02072,0.67967,0.00000,-0.00000,0.73352,-0.11377,1.49077,0.00000
131600000000,-11.94954,1.78257,0.02072,0.67947,0.00000,-0.00000,0.73370,-0.11460,1.49081,0.00000
131620000000,-11.95197,1.81237,0.02072,0.67927,0.00000,-0.00000,0.73389,-0.11541,1.49085,0.00000
131640000000,-11.95442,1.84218,0.02072,0.67908,0.00000,-0.00000,0.73407,-0.11621,1.49088,0.00000
131660000000,-11.95687,1.87199,0.02072,0.67889,0.00000,-0.00000,0.73424,-0.11699,1.49092,0.00000
131680000000,-11.95934,1.90180,0.02072,0.67870,0.00000,-0.00000,0.73442,-0.11775,1.49095,0.00000
131700000000,-11.96182,1.93161,0.02072,0.67852,0.00000,-0.00000,0.73458,-0.11850,1.49098,0.00000
131720000000,-11.96432,1.96142,0.02072,0.67834,0.00000,-0.00000,0.73475,-0.11923,1.49101,0.00000
131740000000,-11.96683,1.99123,0.02072,0.67816,0.00000,-0.00000,0.73491,-0.11995,1.49104,0.00000
131760000000,-11.96935,2.02104,0.02072,0.67799,0.00000,-0.00000,0.73507,-0.12065,1.49107,0.00000
131780000000,-11.97188,2.05086,0.02072,0.67782,0.00000,-0.00000,0.73522,-0.12134,1.49109,0.00000
131800000000,-11.97442,2.08067,0.02072,0.67766,0.00000,-0.00000,0.73538,-0.12202,1.49112,0.00000
131820000000,-11.97697,2.11049,0.02072,0.67750,0.00000,-0.00000,0.73552,-0.12268,1.49115,0.00000
131840000000,-11.97954,2.14030,0.02072,0.67734,0.00000,-0.00000,0.73567,-0.12332,1.49117,0.00000
131860000000,-11.98211,2.17012,0.02072,0.67718,0.00000,-0.00000,0.73581,-0.12396,1.49119,0.00000
131880000000,-11.98470,2.19993,0.02072,0.67703,0.00000,-0.00000,0.73595,-0.12458,1.49122,0.00000
131900000000,-11.98729,2.22975,0.02072,0.67688,0.00000,-0.00000,0.73609,-0.12519,1.49124,0.00000
131920000000,-11.98990,2.25957,0.02072,0.67674,0.00000,-0.00000,0.73622,-0.12579,1.49126,0.00000
131940000000,-11.99252,2.28938,0.02072,0.67659,0.00000,-0.00000,0.73636,-0.12638,1.49128,0.00000
131960000000,-11.99514,2.31920,0.02072,0.67645,0.00000,-0.00000,0.73648,-0.12695,1.49130,0.00000
131980000000,-11.99778,2.34902,0.02072,0.67632,0.00000,-0.00000,0.73661,-0.12751,1.49132,0.00000
132000000000,-12.00042,2.37881,0.02072,0.67619,0.00000,-0.00000,0.73673,-0.12777,1.48818,0.00000
132020000000,-12.00307,2.40839,0.02072,0.67610,0.00000,-0.00000,0.73681,-0.12717,1.47688,0.00000
132040000000,-12.00572,2.43784,0.02072,0.67604,0.00000,-0.00000,0.73686,-0.12686,1.47077,0.00000
132060000000,-12.00836,2.46717,0.02072,0.67602,0.00000,-0.00000,0.73688,-0.12662,1.46715,0.00000
132080000000,-12.01098,2.49644,0.02072,0.67604,0.00000,-0.00000,0.73687,-0.12604,1.46101,0.00000
132100000000,-12.01359,2.52550,0.02072,0.67611,0.00000,-0.00000,0.73680,-0.12494,1.45163,0.00000
132120000000,-12.01616,2.55440,0.02072,0.67624,0.00000,-0.00000,0.73668,-0.12366,1.44276,0.00000
132140000000,-12.01870,2.58309,0.02072,0.67644,0.00000,-0.00000,0.73650,-0.12196,1.43218,0.00000
132160000000,-12.02120,2.61167,0.02072,0.67671,0.00000,-0.00000,0.73625,-0.12080,1.43063,0.00000
132180000000,-12.02364,2.64047,0.02072,0.67698,0.00000,-0.00000,0.73600,-0.12075,1.44305,0.00000
132200000000,-12.02604,2.66952,0.02072,0.67726,0.00000,-0.00000,0.73574,-0.12068,1.45547,0.00000
132220000000,-12.02840,2.69882,0.02072,0.67753,0.00000,-0.00000,0.73549,-0.12060,1.46770,0.00000
132240000000,-12.03073,2.72836,0.02072,0.67779,0.00000,-0.00000,0.73526,-0.12056,1.47975,0.00000
132260000000,-12.03304,2.75814,0.02072,0.67802,0.00000,-0.00000,0.73504,-0.12059,1.49161,0.00000
132280000000,-12.03542,2.78804,0.02072,0.67807,0.00000,-0.00000,0.73500,-0.12068,1.49514,0.00000
132300000000,-12.03784,2.81794,0.02072,0.67807,0.00000,-0.00000,0.73500,-0.12068,1.49514,0.00000
132320000000,-12.04025,2.84785,0.02072,0.67807,0.00000,-0.00000,0.73500,-0.12068,1.49514,0.00000
132340000000,-12.04266,2.87775,0.02072,0.67807,0.00000,-0.00000,0.73500,-0.12068,1.49514,0.00000
132360000000,-12.04508,2.90765,0.02072,0.67807,0.00000,-0.00000,0.73500,-0.12068,1.49514,0.00000
132380000000,-12.04749,2.93755,0.02072,0.67807,0.00000,-0.00000,0.73500,-0.12068,1.49514,0.00000
132400000000,-12.04990,2.96746,0.02072,0.67807,0.00000,-0.00000,0.73500,-0.12068,1.49514,0.00000
132420000000,-12.05232,2.99736,0.02072,0.67807,0.00000,-0.00000,0.73500,-0.12068,1.49514,0.00000
132440000000,-12.05473,3.02726,0.02072,0.67807,0.00000,-0.00000,0.73500,-0.12068,1.49514,0.00000
132460000000,-12.05714,3.05716,0.02072,0.67807,0.00000,-0.00000,0.73500,-0.12068,1.49514,0.00000
132480000000,-12.05956,3.08707,0.02072,0.67807,0.00000,-0.00000,0.73500,-0.12068,1.49514,0.00000
132500000000,-12.06197,3.11697,0.02072,0.67807,0.00000,-0.00000,0.73500,-0.12068,1.49514,0.00000
132520000000,-12.06439,3.14687,0.02072,0.67807,0.00000,-0.00000,0.73500,-0.12068,1.49514,0.00000
132540000000,-12.06680,3.17678,0.02072,0.67807,0.00000,-0.00000,0.73500,-0.12068,1.49514,0.00000
132560000000,-12.06919,3.20668,0.02072,0.67811,0.00000,-0.00000,0.73496,-0.12049,1.49477,0.00000
132580000000,-12.07150,3.23647,0.02072,0.67828,0.00000,-0.00000,0.73480,-0.11920,1.48775,0.00000
132600000000,-12.07379,3.26613,0.02072,0.67849,0.00000,-0.00000,0.73461,-0.11792,1.48213,0.00000
132620000000,-12.07606,3.29568,0.02072,0.67871,0.00000,-0.00000,0.73440,-0.11641,1.47456,0.00000
132640000000,-12.07829,3.32503,0.02072,0.67898,0.00000,-0.00000,0.73415,-0.11460,1.46533,0.00000
132660000000,-12.08050,3.35419,0.02072,0.67930,0.00000,-0.00000,0.73386,-0.11254,1.45513,0.00000
132680000000,-12.08265,3.38319,0.02072,0.67966,0.00000,-0.00000,0.73352,-0.11061,1.44901,0.00000
132700000000,-12.08476,3.41202,0.02072,0.68009,0.00000,-0.00000,0.73313,-0.10815,1.43853,0.00000
132720000000,-12.08680,3.44067,0.02072,0.68057,0.00000,-0.00000,0.73269,-0.10561,1.42999,0.00000
132740000000,-12.08878,3.46913,0.02072,0.68112,0.00000,-0.00000,0.73217,-0.10273,1.41999,0.00000
132760000000,-12.09068,3.49758,0.02072,0.68172,0.00000,-0.00000,0.73161,-0.10075,1.42513,0.00000
132780000000,-12.09249,3.52629,0.02072,0.68234,0.00000,-0.00000,0.73104,-0.09919,1.43760,0.00000
132800000000,-12.09423,3.55522,0.02072,0.68297,0.00000,-0.00000,0.73045,-0.09744,1.44879,0.00000
132820000000,-12.09590,3.58440,0.02072,0.68361,0.00000,-0.00000,0.72985,-0.09573,1.46146,0.00000
132840000000,-12.09750,3.61383,0.02072,0.68424,0.00000,-0.00000,0.72926,-0.09398,1.47396,0.00000
132860000000,-12.09904,3.64352,0.02072,0.68486,0.00000,-0.00000,0.72867,-0.09222,1.48630,0.00000
132880000000,-12.10056,3.67341,0.02072,0.68540,0.00000,-0.00000,0.72817,-0.09056,1.49519,0.00000
132900000000,-12.10215,3.70345,0.02072,0.68574,0.00000,-0.00000,0.72784,-0.08969,1.50429,0.00000
132920000000,-12.10372,3.73357,0.02072,0.68607,0.00000,-0.00000,0.72753,-0.08838,1.50538,0.00000
132940000000,-12.10527,3.76369,0.02072,0.68640,0.00000,-0.00000,0.72723,-0.08702,1.50531,0.00000
132960000000,-12.10679,3.79381,0.02072,0.68672,0.00000,-0.00000,0.72693,-0.08570,1.50523,0.00000
132980000000,-12.10829,3.82392,0.02072,0.68703,0.00000,-0.00000,0.72663,-0.08440,1.50516,0.00000
133000000000,-12.10977,3.85404,0.02072,0.68733,0.00000,-0.00000,0.72634,-0.08312,1.50509,0.00000
133020000000,-12.11123,3.88415,0.02072,0.68763,0.00000,-0.00000,0.72606,-0.08187,1.50502,0.00000
133040000000,-12.11267,3.91426,0.02072,0.68793,0.00000,-0.00000,0.72578,-0.08064,1.50495,0.00000
133060000000,-12.11408,3.94436,0.02072,0.68822,0.00000,-0.00000,0.72551,-0.07944,1.50487,0.00000
133080000000,-12.11548,3.97447,0.02072,0.68850,0.00000,-0.00000,0.72524,-0.07826,1.50480,0.00000
133100000000,-12.11686,4.00457,0.02073,0.68878,0.00000,-0.00000,0.72497,-0.07711,1.50473,0.00000
133120000000,-12.11822,4.03467,0.02073,0.68905,0.00000,-0.00000,0.72472,-0.07597,1.50466,0.00000
133140000000,-12.11956,4.06478,0.02073,0.68931,0.00000,-0.00000,0.72446,-0.07486,1.50459,0.00000
133160000000,-12.12088,4.09487,0.02073,0.68958,0.00000,-0.00000,0.72421,-0.07377,1.50452,0.00000
133180000000,-12.12218,4.12497,0.02073,0.68983,0.00000,-0.00000,0.72397,-0.07270,1.50445,0.00000
133200000000,-12.12346,4.15507,0.02073,0.69008,0.00000,-0.00000,0.72373,-0.07165,1.50438,0.00000
133220000000,-12.12473,4.18516,0.02073,0.69033,0.00000,-0.00000,0.72350,-0.07062,1.50431,0.00000
133240000000,-12.12598,4.21525,0.02073,0.69057,0.00000,-0.00000,0.72327,-0.06962,1.50425,0.00000
133260000000,-12.12721,4.24534,0.02073,0.69081,0.00000,-0.00000,0.72304,-0.06863,1.50418,0.00000
133280000000,-12.12843,4.27543,0.02073,0.69104,0.00000,-0.00000,0.72282,-0.06766,1.50411,0.00000
133300000000,-12.12963,4.30552,0.02073,0.69126,0.00000,-0.00000,0.72260,-0.06671,1.50405,0.00000
133320000000,-12.13082,4.33558,0.02073,0.69149,0.00000,-0.00000,0.72239,-0.06567,1.50180,0.00000
133340000000,-12.13191,4.36550,0.02073,0.69183,0.00000,-0.00000,0.72206,-0.06388,1.49353,0.00000
133360000000,-12.13295,4.39529,0.02073,0.69224,0.00000,-0.00000,0.72167,-0.06199,1.48809,0.00000
133380000000,-12.13395,4.42488,0.02073,0.69266,0.00000,-0.00000,0.72127,-0.05977,1.47625,0.00000
133400000000,-12.13491,4.45435,0.02073,0.69310,0.00000,-0.00000,0.72084,-0.05781,1.47263,0.00000
133420000000,-12.13582,4.48365,0.02073,0.69357,0.00000,-0.00000,0.72039,-0.05548,1.46183,0.00000
133440000000,-12.13667,4.51272,0.02073,0.69407,0.00000,-0.00000,0.71991,-0.05301,1.45028,0.00000
133460000000,-12.13747,4.54161,0.02073,0.69462,0.00000,-0.00000,0.71938,-0.05049,1.44102,0.00000
133480000000,-12.13819,4.57041,0.02073,0.69520,0.00000,-0.00000,0.71882,-0.04812,1.44001,0.00000
133500000000,-12.13884,4.59908,0.02073,0.69582,0.00000,-0.00000,0.71821,-0.04529,1.42997,0.00000
133520000000,-12.13941,4.62756,0.02073,0.69650,0.00000,-0.00000,0.71756,-0.04237,1.42211,0.00000
133540000000,-12.13990,4.65584,0.02073,0.69722,0.00000,-0.00000,0.71685,-0.03918,1.41102,0.00000
133560000000,-12.14029,4.68409,0.02073,0.69800,0.00000,-0.00000,0.71609,-0.03622,1.41510,0.00000
133580000000,-12.14058,4.71261,0.02073,0.69882,0.00000,-0.00000,0.71529,-0.03328,1.42860,0.00000
133600000000,-12.14076,4.74139,0.02073,0.69968,0.00000,-0.00000,0.71446,-0.03014,1.44199,0.00000
133620000000,-12.14085,4.77044,0.02073,0.70056,0.00000,-0.00000,0.71359,-0.02682,1.45531,0.00000
133640000000,-12.14084,4.79975,0.02073,0.70146,0.00000,-0.00000,0.71270,-0.02335,1.46846,0.00000
133660000000,-12.14075,4.82932,0.02073,0.70238,0.00000,-0.00000,0.71180,-0.01974,1.48144,0.00000
133680000000,-12.14057,4.85915,0.02073,0.70330,0.00000,-0.00000,0.71089,-0.01603,1.49406,0.00000
133700000000,-12.14039,4.88915,0.02073,0.70409,0.00000,-0.00000,0.71011,-0.01280,1.50298,0.00000
133720000000,-12.14015,4.91940,0.02073,0.70486,0.00000,-0.00000,0.70934,-0.00960,1.51509,0.00000
133740000000,-12.13986,4.94978,0.02073,0.70563,0.00000,-0.00000,0.70858,-0.00635,1.51900,0.00000
133760000000,-12.13951,4.98016,0.02073,0.70638,0.00000,-0.00000,0.70784,-0.00314,1.51866,0.00000
133780000000,-12.13910,5.01053,0.02073,0.70711,0.00000,-0.00000,0.70710,0.00001,1.51833,0.00000
133800000000,-12.13865,5.04089,0.02073,0.70783,0.00000,-0.00000,0.70638,0.00310,1.51796,0.00000
133820000000,-12.13814,5.07124,0.02073,0.70853,0.00000,-0.00000,0.70568,0.00612,1.51759,0.00000
133840000000,-12.13758,5.10158,0.02073,0.70922,0.00000,-0.00000,0.70499,0.00908,1.51721,0.00000
133860000000,-12.13697,5.13192,0.02073,0.70989,0.00000,-0.00000,0.70431,0.01198,1.51684,0.00000
133880000000,-12.13631,5.16225,0.02073,0.71055,0.00000,-0.00000,0.70364,0.01482,1.51648,0.00000
133900000000,-12.13560,5.19257,0.02073,0.71120,0.00000,-0.00000,0.70299,0.01760,1.51611,0.00000
133920000000,-12.13484,5.22288,0.02073,0.71183,0.00000,-0.00000,0.70235,0.02032,1.51575,0.00000
133940000000,-12.13404,5.25318,0.02073,0.71245,0.00000,-0.00000,0.70172,0.02299,1.51539,0.00000
133960000000,-12.13319,5.28348,0.02073,0.71306,0.00000,-0.00000,0.70111,0.02560,1.51503,0.00000
133980000000,-12.13230,5.31377,0.02073,0.71365,0.00000,-0.00000,0.70050,0.02816,1.51468,0.00000
134000000000,-12.13137,5.34405,0.02073,0.71423,0.00000,-0.00000,0.69991,0.03066,1.51432,0.00000
134020000000,-12.13039,5.37433,0.02073,0.71480,0.00000,-0.00000,0.69933,0.03312,1.51398,0.00000
134040000000,-12.12937,5.40459,0.02073,0.71535,0.00000,-0.00000,0.69876,0.03552,1.51363,0.00000
134060000000,-12.12831,5.43485,0.02073,0.71590,0.00000,-0.00000,0.69821,0.03787,1.51329,0.00000
134080000000,-12.12721,5.46511,0.02073,0.71643,0.00000,-0.00000,0.69766,0.04017,1.51295,0.00000
134100000000,-12.12607,5.49535,0.02073,0.71695,0.00000,-0.00000,0.69712,0.04243,1.51262,0.00000
134120000000,-12.12489,5.52559,0.02073,0.71746,0.00000,-0.00000,0.69660,0.04464,1.51229,0.00000
134140000000,-12.12368,5.55582,0.02073,0.71796,0.00000,-0.00000,0.69608,0.04681,1.51196,0.00000
134160000000,-12.12243,5.58605,0.02073,0.71845,0.00000,-0.00000,0.69558,0.04893,1.51164,0.00000
134180000000,-12.12114,5.61627,0.02073,0.71893,0.00000,-0.00000,0.69508,0.05100,1.51132,0.00000
134200000000,-12.11981,5.64648,0.02073,0.71940,0.00000,-0.00000,0.69459,0.05304,1.51100,0.00000
134220000000,-12.11846,5.67668,0.02073,0.71986,0.00000,-0.00000,0.69412,0.05503,1.51069,0.00000
134240000000,-12.11707,5.70688,0.02073,0.72031,0.00000,-0.00000,0.69365,0.05698,1.51038,0.00000
134260000000,-12.11564,5.73708,0.02073,0.72075,0.00000,-0.00000,0.69319,0.05889,1.51008,0.00000
134280000000,-12.11418,5.76726,0.02073,0.72118,0.00000,-0.00000,0.69274,0.06076,1.50978,0.00000
134300000000,-12.11270,5.79745,0.02073,0.72161,0.00000,-0.00000,0.69230,0.06260,1.50948,0.00000
134320000000,-12.11118,5.82762,0.02073,0.72202,0.00000,-0.00000,0.69187,0.06439,1.50919,0.00000
134340000000,-12.10962,5.85779,0.02073,0.72243,0.00000,-0.00000,0.69145,0.06615,1.50890,0.00000
134360000000,-12.10804,5.88795,0.02073,0.72282,0.00000,-0.00000,0.69103,0.06788,1.50862,0.00000
134380000000,-12.10643,5.91811,0.02073,0.72321,0.00000,-0.00000,0.69063,0.06957,1.50833,0.00000
134400000000,-12.10480,5.94826,0.02073,0.72359,0.00000,-0.00000,0.69023,0.07122,1.50806,0.00000
134420000000,-12.10313,5.97841,0.02073,0.72397,0.00000,-0.00000,0.68984,0.07284,1.50778,0.00000
134440000000,-12.10144,6.00855,0.02073,0.72433,0.00000,-0.00000,0.68945,0.07443,1.50751,0.00000
134460000000,-12.09971,6.03869,0.02073,0.72469,0.00000,-0.00000,0.68908,0.07598,1.50725,0.00000
134480000000,-12.09797,6.06882,0.02073,0.72504,0.00000,-0.00000,0.68871,0.07751,1.50699,0.00000
134500000000,-12.09619,6.09894,0.02073,0.72538,0.00000,-0.00000,0.68835,0.07900,1.50673,0.00000
134520000000,-12.09440,6.12906,0.02073,0.72572,0.00000,-0.00000,0.68799,0.08046,1.50648,0.00000
134540000000,-12.09257,6.15918,0.02073,0.72605,0.00000,-0.00000,0.68764,0.08189,1.50622,0.00000
134560000000,-12.09072,6.18929,0.02073,0.72637,0.00000,-0.00000,0.68730,0.08330,1.50598,0.00000
134580000000,-12.08885,6.21939,0.02073,0.72669,0.00000,-0.00000,0.68697,0.08467,1.50574,0.00000
134600000000,-12.08696,6.24950,0.02073,0.72699,0.00000,-0.00000,0.68664,0.08602,1.50550,0.00000
134620000000,-12.08504,6.27959,0.02073,0.72730,0.00000,-0.00000,0.68632,0.08734,1.50526,0.00000
134640000000,-12.08310,6.30968,0.02073,0.72759,0.00000,-0.00000,0.68601,0.08863,1.50503,0.00000
134660000000,-12.08114,6.33977,0.02073,0.72788,0.00000,-0.00000,0.68570,0.08989,1.50480,0.00000
134680000000,-12.07915,6.36985,0.02073,0.72817,0.00000,-0.00000,0.68540,0.09114,1.50458,0.00000
134700000000,-12.07715,6.39993,0.02073,0.72845,0.00000,-0.00000,0.68510,0.09235,1.50435,0.00000
134720000000,-12.07512,6.43000,0.02073,0.72872,0.00000,-0.00000,0.68481,0.09354,1.50414,0.00000
134740000000,-12.07308,6.46007,0.02073,0.72899,0.00000,-0.00000,0.68453,0.09471,1.50392,0.00000
134760000000,-12.07101,6.49014,0.02073,0.72925,0.00000,-0.00000,0.68425,0.09585,1.50371,0.00000
134780000000,-12.06893,6.52020,0.02073,0.72951,0.00000,-0.00000,0.68397,0.09697,1.50350,0.00000
134800000000,-12.06682,6.55026,0.02073,0.72976,0.00000,-0.00000,0.68370,0.09807,1.50330,0.00000
134820000000,-12.06470,6.58031,0.02073,0.73001,0.00000,-0.00000,0.68344,0.09914,1.50310,0.00000
134840000000,-12.06256,6.61036,0.02073,0.73025,0.00000,-0.00000,0.68318,0.10020,1.50290,0.00000
134860000000,-12.06040,6.64041,0.02073,0.73048,0.00000,-0.00000,0.68293,0.10123,1.50271,0.00000
134880000000,-12.05822,6.67045,0.02073,0.73072,0.00000,-0.00000,0.68268,0.10224,1.50252,0.00000
134900000000,-12.05603,6.70049,0.02073,0.73094,0.00000,-0.00000,0.68244,0.10323,1.50233,0.00000
134920000000,-12.05382,6.73052,0.02073,0.73116,0.00000,-0.00000,0.68220,0.10420,1.50214,0.00000
134940000000,-12.05159,6.76055,0.02073,0.73138,0.00000,-0.00000,0.68197,0.10515,1.50196,0.00000
134960000000,-12.04935,6.79058,0.02073,0.73160,0.00000,-0.00000,0.68174,0.10609,1.50178,0.00000
134980000000,-12.04709,6.82061,0.02073,0.73180,0.00000,-0.00000,0.68151,0.10700,1.50161,0.00000
135000000000,-12.04482,6.85063,0.02073,0.73201,0.00000,-0.00000,0.68129,0.10790,1.50144,0.00000
135020000000,-12.04253,6.88064,0.02073,0.73221,0.00000,-0.00000,0.68108,0.10877,1.50127,0.00000
135040000000,-12.04022,6.91066,0.02073,0.73241,0.00000,-0.00000,0.68087,0.10963,1.50110,0.00000
135060000000,-12.03790,6.94067,0.02073,0.73260,0.00000,-0.00000,0.68066,0.11047,1.50094,0.00000
135080000000,-12.03557,6.97068,0.02073,0.73279,0.00000,-0.00000,0.68046,0.11130,1.50078,0.00000
135100000000,-12.03322,7.00068,0.02073,0.73297,0.00000,-0.00000,0.68026,0.11211,1.50062,0.00000
135120000000,-12.03086,7.03068,0.02073,0.73315,0.00000,-0.00000,0.68006,0.11290,1.50046,0.00000
135140000000,-12.02849,7.06068,0.02073,0.73333,0.00000,-0.00000,0.67987,0.11368,1.50031,0.00000
135160000000,-12.02610,7.09068,0.02073,0.73351,0.00000,-0.00000,0.67968,0.11444,1.50016,0.00000
135180000000,-12.02370,7.12067,0.02073,0.73368,0.00000,-0.00000,0.67950,0.11518,1.50001,0.00000
135200000000,-12.02128,7.15066,0.02073,0.73384,0.00000,-0.00000,0.67932,0.11591,1.49987,0.00000
135220000000,-12.01886,7.18065,0.02073,0.73401,0.00000,-0.00000,0.67914,0.11663,1.49972,0.00000
135240000000,-12.01642,7.21064,0.02073,0.73417,0.00000,-0.00000,0.67897,0.11733,1.49958,0.00000
135260000000,-12.01397,7.24062,0.02073,0.73432,0.00000,-0.00000,0.67880,0.11802,1.49945,0.00000
135280000000,-12.01151,7.27060,0.02073,0.73448,0.00000,-0.00000,0.67863,0.11869,1.49931,0.00000
135300000000,-12.00904,7.30058,0.02073,0.73463,0.00000,-0.00000,0.67847,0.11935,1.49918,0.00000
135320000000,-12.00655,7.33055,0.02073,0.73478,0.00000,-0.00000,0.67831,0.12000,1.49905,0.00000
135340000000,-12.00406,7.36052,0.02073,0.73492,0.00000,-0.00000,0.67815,0.12063,1.49892,0.00000
135360000000,-12.00155,7.39049,0.02073,0.73506,0.00000,-0.00000,0.67800,0.12125,1.49880,0.00000
135380000000,-11.99903,7.42046,0.02073,0.73520,0.00000,-0.00000,0.67785,0.12186,1.49867,0.00000
135400000000,-11.99651,7.45042,0.02073,0.73534,0.00000,-0.00000,0.67770,0.12246,1.49855,0.00000
135420000000,-11.99397,7.48039,0.02073,0.73547,0.00000,-0.00000,0.67756,0.12304,1.49843,0.00000
135440000000,-11.99142,7.51035,0.02073,0.73560,0.00000,-0.00000,0.67741,0.12361,1.49832,0.00000
135460000000,-11.98887,7.54031,0.02073,0.73573,0.00000,-0.00000,0.67727,0.12418,1.49820,0.00000
135480000000,-11.98630,7.57026,0.02073,0.73586,0.00000,-0.00000,0.67714,0.12473,1.49809,0.00000
135500000000,-11.98372,7.60022,0.02073,0.73598,0.00000,-0.00000,0.67700,0.12526,1.49798,0.00000
135520000000,-11.98114,7.63017,0.02073,0.73610,0.00000,-0.00000,0.67687,0.12579,1.49787,0.00000
135540000000,-11.97854,7.66012,0.02073,0.73622,0.00000,-0.00000,0.67674,0.12631,1.49777,0.00000
135560000000,-11.97594,7.69007,0.02073,0.73633,0.00000,-0.00000,0.67662,0.12682,1.49766,0.00000
135580000000,-11.97333,7.72001,0.02073,0.73645,0.00000,-0.00000,0.67649,0.12731,1.49756,0.00000
135600000000,-11.97071,7.74996,0.02073,0.73656,0.00000,-0.00000,0.67637,0.12780,1.49746,0.00000
135620000000,-11.96808,7.77990,0.02073,0.73667,0.00000,-0.00000,0.67626,0.12828,1.49736,0.00000
135640000000,-11.96545,7.80984,0.02073,0.73677,0.00000,-0.00000,0.67614,0.12875,1.49726,0.00000
135660000000,-11.96280,7.83978,0.02073,0.73688,0.00000,-0.00000,0.67602,0.12921,1.49717,0.00000
135680000000,-11.96015,7.86971,0.02073,0.73698,0.00000,-0.00000,0.67591,0.12966,1.49707,0.00000
135700000000,-11.95749,7.89965,0.02073,0.73708,0.00000,-0.00000,0.67580,0.13010,1.49698,0.00000
135720000000,-11.95482,7.92958,0.02073,0.73718,0.00000,-0.00000,0.67570,0.13053,1.49689,0.00000
135740000000,-11.95215,7.95951,0.02073,0.73728,0.00000,-0.00000,0.67559,0.13095,1.49680,0.00000
135760000000,-11.94947,7.98944,0.02073,0.73737,0.00000,-0.00000,0.67549,0.13136,1.49672,0.00000
135780000000,-11.94678,8.01937,0.02073,0.73746,0.00000,-0.00000,0.67539,0.13177,1.49663,0.00000
135800000000,-11.94409,8.04930,0.02073,0.73755,0.00000,-0.00000,0.67529,0.13217,1.49655,0.00000
135820000000,-11.94138,8.07922,0.02073,0.73764,0.00000,-0.00000,0.67519,0.13256,1.49647,0.00000
135840000000,-11.93867,8.10915,0.02073,0.73773,0.00000,-0.00000,0.67510,0.13294,1.49639,0.00000
135860000000,-11.93596,8.13907,0.02073,0.73782,0.00000,-0.00000,0.67500,0.13332,1.49631,0.00000
135880000000,-11.93324,8.16899,0.02073,0.73790,0.00000,-0.00000,0.67491,0.13368,1.49623,0.00000
135900000000,-11.93051,8.19891,0.02073,0.73798,0.00000,-0.00000,0.67482,0.13404,1.49615,0.00000
135920000000,-11.92777,8.22883,0.02073,0.73806,0.00000,-0.00000,0.67473,0.13440,1.49608,0.00000
135940000000,-11.92503,8.25874,0.02073,0.73814,0.00000,-0.00000,0.67465,0.13474,1.49601,0.00000
135960000000,-11.92229,8.28866,0.02073,0.73822,0.00000,-0.00000,0.67456,0.13508,1.49593,0.00000
135980000000,-11.91954,8.31857,0.02073,0.73829,0.00000,-0.00000,0.67448,0.13541,1.49586,0.00000
136000000000,-11.91678,8.34848,0.02073,0.73837,0.00000,-0.00000,0.67440,0.13574,1.49580,0.00000
136020000000,-11.91402,8.37839,0.02073,0.73844,0.00000,-0.00000,0.67432,0.13606,1.49573,0.00000
136040000000,-11.91125,8.40830,0.02073,0.73851,0.00000,-0.00000,0.67424,0.13637,1.49566,0.00000
136060000000,-11.90847,8.43821,0.02073,0.73858,0.00000,-0.00000,0.67416,0.13668,1.49560,0.00000
136080000000,-11.90570,8.46812,0.02073,0.73865,0.00000,-0.00000,0.67409,0.13698,1.49553,0.00000
136100000000,-11.90291,8.49803,0.02073,0.73872,0.00000,-0.00000,0.67402,0.13727,1.49547,0.00000
136120000000,-11.90012,8.52793,0.02073,0.73878,0.00000,-0.00000,0.67394,0.13756,1.49541,0.00000
136140000000,-11.89733,8.55783,0.02073,0.73885,0.00000,-0.00000,0.67387,0.13784,1.49535,0.00000
136160000000,-11.89453,8.58774,0.02073,0.73891,0.00000,-0.00000,0.67380,0.13812,1.49529,0.00000
136180000000,-11.89173,8.61764,0.02073,0.73897,0.00000,-0.00000,0.67374,0.13839,1.49523,0.00000
136200000000,-11.88892,8.64754,0.02073,0.73903,0.00000,-0.00000,0.67367,0.13866,1.49517,0.00000
136220000000,-11.88611,8.67744,0.02073,0.73909,0.00000,-0.00000,0.67360,0.13892,1.49512,0.00000
136240000000,-11.88329,8.70734,0.02073,0.73915,0.00000,-0.00000,0.67354,0.13917,1.49506,0.00000
136260000000,-11.88047,8.73723,0.02073,0.73921,0.00000,-0.00000,0.67348,0.13942,1.49501,0.00000
136280000000,-11.87764,8.76713,0.02073,0.73926,0.00000,-0.00000,0.67342,0.13967,1.49496,0.00000
136300000000,-11.87481,8.79702,0.02073,0.73932,0.00000,-0.00000,0.67336,0.13991,1.49490,0.00000
136320000000,-11.87198,8.82692,0.02073,0.73937,0.00000,-0.00000,0.67330,0.14015,1.49485,0.00000
136340000000,-11.86914,8.85681,0.02073,0.73943,0.00000,-0.00000,0.67324,0.14038,1.49480,0.00000
136360000000,-11.86630,8.88670,0.02073,0.73948,0.00000,-0.00000,0.67318,0.14060,1.49475,0.00000
136380000000,-11.86345,8.91660,0.02073,0.73953,0.00000,-0.00000,0.67313,0.14083,1.49471,0.00000
136400000000,-11.86061,8.94649,0.02073,0.73958,0.00000,-0.00000,0.67307,0.14104,1.49466,0.00000
136420000000,-11.85775,8.97638,0.02073,0.73963,0.00000,-0.00000,0.67302,0.14126,1.49461,0.00000
136440000000,-11.85490,9.00627,0.02073,0.73967,0.00000,-0.00000,0.67297,0.14147,1.49457,0.00000
136460000000,-11.85203,9.03615,0.02073,0.73972,0.00000,-0.00000,0.67292,0.14167,1.49452,0.00000
136480000000,-11.84917,9.06604,0.02073,0.73977,0.00000,-0.00000,0.67286,0.14187,1.49448,0.00000
136500000000,-11.84630,9.09593,0.02073,0.73981,0.00000,-0.00000,0.67282,0.14207,1.49444,0.00000
136520000000,-11.84343,9.12581,0.02073,0.73985,0.00000,-0.00000,0.67277,0.14226,1.49440,0.00000
136540000000,-11.84056,9.15570,0.02073,0.73990,0.00000,-0.00000,0.67272,0.14245,1.49435,0.00000
136560000000,-11.83768,9.18558,0.02073,0.73994,0.00000,-0.00000,0.67267,0.14264,1.49431,0.00000
136580000000,-11.83480,9.21547,0.02073,0.73998,0.00000,-0.00000,0.67263,0.14282,1.49428,0.00000
136600000000,-11.83192,9.24535,0.02073,0.74002,0.00000,-0.00000,0.67258,0.14300,1.49424,0.00000
136620000000,-11.82903,9.27523,0.02073,0.74006,0.00000,-0.00000,0.67254,0.14317,1.49420,0.00000
136640000000,-11.82614,9.30511,0.02073,0.74010,0.00000,-0.00000,0.67250,0.14334,1.49416,0.00000
136660000000,-11.82325,9.33499,0.02073,0.74014,0.00000,-0.00000,0.67245,0.14351,1.49412,0.00000
136680000000,-11.82036,9.36487,0.02073,0.74018,0.00000,-0.00000,0.67241,0.14367,1.49409,0.00000
136700000000,-11.81746,9.39475,0.02073,0.74021,0.00000,-0.00000,0.67237,0.14383,1.49405,0.00000
136720000000,-11.81456,9.42463,0.02073,0.74025,0.00000,-0.00000,0.67233,0.14399,1.49402,0.00000
136740000000,-11.81166,9.45451,0.02073,0.74028,0.00000,-0.00000,0.67229,0.14415,1.49399,0.00000
136760000000,-11.80875,9.48438,0.02073,0.74032,0.00000,-0.00000,0.67226,0.14430,1.49395,0.00000
136780000000,-11.80584,9.51422,0.02073,0.74036,0.00000,-0.00000,0.67221,0.14408,1.48986,0.00000
136800000000,-11.80295,9.54387,0.02073,0.74041,0.00000,-0.00000,0.67216,0.14341,1.48070,0.00000
136820000000,-11.80005,9.57336,0.02073,0.74046,0.00000,-0.00000,0.67210,0.14289,1.47274,0.00000
136840000000,-11.79716,9.60272,0.02073,0.74053,0.00000,-0.00000,0.67202,0.14269,1.46752,0.00000
136860000000,-11.79426,9.63197,0.02073,0.74062,0.00000,-0.00000,0.67192,0.14241,1.46057,0.00000
136880000000,-11.79135,9.66104,0.02073,0.74073,0.00000,-0.00000,0.67180,0.14203,1.45167,0.00000
136900000000,-11.78843,9.68997,0.02073,0.74087,0.00000,-0.00000,0.67165,0.14192,1.44441,0.00000
136920000000,-11.78550,9.71871,0.02073,0.74105,0.00000,-0.00000,0.67145,0.14179,1.43550,0.00000
136940000000,-11.78254,9.74728,0.02073,0.74125,0.00000,-0.00000,0.67122,0.14182,1.42665,0.00000
136960000000,-11.77956,9.77566,0.02073,0.74151,0.00000,-0.00000,0.67094,0.14204,1.41788,0.00000
136980000000,-11.77654,9.80387,0.02073,0.74182,0.00000,-0.00000,0.67060,0.14247,1.40923,0.00000
137000000000,-11.77347,9.83192,0.02073,0.74217,0.00000,-0.00000,0.67021,0.14319,1.40147,0.00000
137020000000,-11.77034,9.85983,0.02073,0.74258,0.00000,-0.00000,0.66975,0.14424,1.39479,0.00000
137040000000,-11.76717,9.88757,0.02073,0.74306,0.00000,-0.00000,0.66923,0.14536,1.38651,0.00000
137060000000,-11.76392,9.91515,0.02073,0.74359,0.00000,-0.00000,0.66863,0.14674,1.37837,0.00000
137080000000,-11.76060,9.94256,0.02073,0.74420,0.00000,-0.00000,0.66796,0.14841,1.37041,0.00000
137100000000,-11.75721,9.96980,0.02073,0.74488,0.00000,-0.00000,0.66720,0.15038,1.36260,0.00000
137120000000,-11.75372,9.99689,0.02073,0.74564,0.00000,-0.00000,0.66635,0.15266,1.35502,0.00000
137140000000,-11.75013,10.02382,0.02073,0.74648,0.00000,-0.00000,0.66541,0.15527,1.34761,0.00000
137160000000,-11.74644,10.05060,0.02073,0.74741,0.00000,-0.00000,0.66437,0.15823,1.34044,0.00000
137180000000,-11.74263,10.07724,0.02073,0.74841,0.00000,-0.00000,0.66323,0.16153,1.33356,0.00000
137200000000,-11.73868,10.10373,0.02073,0.74950,0.00000,-0.00000,0.66200,0.16516,1.32690,0.00000
137220000000,-11.73462,10.13008,0.02073,0.75069,0.00000,-0.00000,0.66065,0.16918,1.32046,0.00000
137240000000,-11.73039,10.15634,0.02073,0.75197,0.00000,-0.00000,0.65920,0.17419,1.31910,0.00000
137260000000,-11.72596,10.18283,0.02073,0.75334,0.00000,-0.00000,0.65763,0.18177,1.33367,0.00000
137280000000,-11.72130,10.20960,0.02073,0.75481,0.00000,-0.00000,0.65594,0.18986,1.34794,0.00000
137300000000,-11.71642,10.23663,0.02073,0.75637,0.00000,-0.00000,0.65415,0.19843,1.36188,0.00000
137320000000,-11.71132,10.26392,0.02073,0.75800,0.00000,-0.00000,0.65225,0.20745,1.37549,0.00000
137340000000,-11.70598,10.29147,0.02073,0.75971,0.00000,-0.00000,0.65027,0.21689,1.38877,0.00000
137360000000,-11.70041,10.31927,0.02073,0.76147,0.00000,-0.00000,0.64820,0.22673,1.40172,0.00000
137380000000,-11.69461,10.34731,0.02073,0.76328,0.00000,-0.00000,0.64606,0.23692,1.41434,0.00000
137400000000,-11.68856,10.37558,0.02073,0.76514,0.00000,-0.00000,0.64386,0.24743,1.42663,0.00000
137420000000,-11.68228,10.40409,0.02073,0.76703,0.00000,-0.00000,0.64161,0.25824,1.43860,0.00000
137440000000,-11.67576,10.43282,0.02073,0.76895,0.00000,-0.00000,0.63931,0.26930,1.45024,0.00000
137460000000,-11.66903,10.46167,0.02073,0.77088,0.00000,-0.00000,0.63698,0.27903,1.45364,0.00000
137480000000,-11.66211,10.49049,0.02073,0.77281,0.00000,-0.00000,0.63464,0.28791,1.45226,0.00000
137500000000,-11.65503,10.51927,0.02073,0.77475,0.00000,-0.00000,0.63227,0.29690,1.45092,0.00000
137520000000,-11.64778,10.54803,0.02073,0.77673,0.00000,-0.00000,0.62983,0.30613,1.44961,0.00000
137540000000,-11.64038,10.57675,0.02073,0.77880,0.00000,-0.00000,0.62728,0.31577,1.44816,0.00000
137560000000,-11.63283,10.60546,0.02073,0.78096,0.00000,-0.00000,0.62458,0.32601,1.44691,0.00000
137580000000,-11.62509,10.63411,0.02073,0.78321,0.00000,-0.00000,0.62176,0.33605,1.44292,0.00000
137600000000,-11.61715,10.66268,0.02073,0.78552,0.00000,-0.00000,0.61884,0.34682,1.44054,0.00000
137620000000,-11.60912,10.69083,0.02073,0.78786,0.00000,-0.00000,0.61585,0.35150,1.41266,0.00000
137640000000,-11.60090,10.71881,0.02073,0.79028,0.00000,-0.00000,0.61274,0.36304,1.41151,0.00000
137660000000,-11.59257,10.74636,0.02073,0.79275,0.00000,-0.00000,0.60955,0.36746,1.38237,0.00000
137680000000,-11.58406,10.77372,0.02073,0.79529,0.00000,-0.00000,0.60623,0.37941,1.38068,0.00000
137700000000,-11.57540,10.80073,0.02073,0.79788,0.00000,-0.00000,0.60282,0.38435,1.35320,0.00000
137720000000,-11.56667,10.82723,0.02073,0.80055,0.00000,-0.00000,0.59926,0.39235,1.33604,0.00000
137740000000,-11.55775,10.85349,0.02073,0.80330,0.00000,-0.00000,0.59557,0.40081,1.31976,0.00000
137760000000,-11.54866,10.87940,0.02073,0.80612,0.00000,-0.00000,0.59175,0.40944,1.30356,0.00000
137780000000,-11.53943,10.90492,0.02073,0.80901,0.00000,-0.00000,0.58779,0.41713,1.28391,0.00000
137800000000,-11.53002,10.93007,0.02073,0.81195,0.00000,-0.00000,0.58373,0.42504,1.26496,0.00000
137820000000,-11.52044,10.95466,0.02073,0.81483,0.00000,-0.00000,0.57970,0.43025,1.23963,0.00000
137840000000,-11.51073,10.97866,0.02073,0.81764,0.00000,-0.00000,0.57573,0.43394,1.21210,0.00000
137860000000,-11.50085,11.00217,0.02073,0.82036,0.00000,-0.00000,0.57184,0.44000,1.19317,0.00000
137880000000,-11.49059,11.02564,0.02073,0.82301,0.00000,-0.00000,0.56803,0.45472,1.19865,0.00000
137900000000,-11.47997,11.04913,0.02073,0.82562,0.00000,-0.00000,0.56423,0.46766,1.19936,0.00000
137920000000,-11.46896,11.07268,0.02073,0.82814,0.00000,-0.00000,0.56051,0.48339,1.20751,0.00000
137940000000,-11.45760,11.09624,0.02073,0.83061,0.00000,-0.00000,0.55685,0.49700,1.21043,0.00000
137960000000,-11.44594,11.11974,0.02073,0.83300,0.00000,-0.00000,0.55327,0.50726,1.20575,0.00000
137980000000,-11.43397,11.14351,0.02073,0.83521,0.00000,-0.00000,0.54994,0.52687,1.22486,0.00000
138000000000,-11.42170,11.16735,0.02073,0.83730,0.00000,-0.00000,0.54675,0.53990,1.22927,0.00000
138020000000,-11.40919,11.19110,0.02073,0.83927,0.00000,-0.00000,0.54371,0.54694,1.22118,0.00000
138040000000,-11.39633,11.21501,0.02073,0.84115,0.00000,-0.00000,0.54081,0.56541,1.23937,0.00000
138060000000,-11.38321,11.23891,0.02073,0.84291,0.00000,-0.00000,0.53806,0.57223,1.23296,0.00000
138080000000,-11.36974,11.26300,0.02073,0.84456,0.00000,-0.00000,0.53547,0.58943,1.24982,0.00000
138100000000,-11.35603,11.28715,0.02073,0.84610,0.00000,-0.00000,0.53303,0.59957,1.25253,0.00000
138120000000,-11.34199,11.31166,0.02073,0.84766,0.00000,-0.00000,0.53054,0.61849,1.27281,0.00000
138140000000,-11.32770,11.33640,0.02073,0.84926,0.00000,-0.00000,0.52797,0.63395,1.28480,0.00000
138160000000,-11.31310,11.36151,0.02073,0.85094,0.00000,-0.00000,0.52526,0.65154,1.29950,0.00000
138180000000,-11.29835,11.38662,0.02073,0.85266,0.00000,-0.00000,0.52247,0.65898,1.29313,0.00000
138200000000,-11.28365,11.41147,0.02073,0.85444,0.00000,-0.00000,0.51954,0.66159,1.27652,0.00000
138220000000,-11.26889,11.43612,0.02072,0.85625,0.00001,0.00001,0.51655,0.66771,1.26657,0.00000
138240000000,-11.25418,11.46046,0.02072,0.85814,0.00001,0.00001,0.51342,0.66952,1.24779,0.00000
138260000000,-11.23949,11.48440,0.02072,0.86000,0.00001,0.00000,0.51030,0.66812,1.22374,0.00000
138280000000,-11.22469,11.50804,0.02072,0.86188,0.00001,0.00000,0.50711,0.67608,1.21683,0.00000
138300000000,-11.20985,11.53136,0.02072,0.86376,0.00000,0.00000,0.50390,0.67467,1.19326,0.00000
138320000000,-11.19502,11.55429,0.02072,0.86575,0.00000,0.00000,0.50047,0.68070,1.18196,0.00000
138340000000,-11.18011,11.57696,0.02072,0.86776,0.00000,0.00000,0.49699,0.68105,1.16092,0.00000
138360000000,-11.16544,11.59904,0.02072,0.86980,0.00000,0.00000,0.49341,0.67785,1.13395,0.00000
138380000000,-11.15078,11.62081,0.02072,0.87191,0.00000,0.00000,0.48967,0.68064,1.11675,0.00000
138400000000,-11.13598,11.64240,0.02072,0.87403,0.00000,0.00000,0.48587,0.68995,1.11015,0.00000
138420000000,-11.12083,11.66399,0.02072,0.87614,0.00000,0.00000,0.48206,0.70802,1.11737,0.00000
138440000000,-11.10534,11.68580,0.02072,0.87839,0.00000,0.00000,0.47794,0.72728,1.12429,0.00000
138460000000,-11.08948,11.70765,0.02072,0.88067,0.00000,0.00000,0.47372,0.74670,1.13038,0.00000
138480000000,-11.07322,11.72971,0.02073,0.88309,0.00000,0.00000,0.46920,0.76791,1.13697,0.00000
138500000000,-11.05643,11.75186,0.02073,0.88550,0.00000,0.00000,0.46464,0.79196,1.14687,0.00000
138520000000,-11.03920,11.77393,0.02073,0.88784,0.00000,0.00000,0.46016,0.80806,1.14527,0.00000
138540000000,-11.02158,11.79587,0.02073,0.89009,0.00000,0.00000,0.45578,0.82075,1.13925,0.00000
138560000000,-11.00353,11.81768,0.02073,0.89224,0.00000,0.00000,0.45157,0.84099,1.14440,0.00000
138580000000,-10.98501,11.83953,0.02073,0.89432,0.00000,0.00000,0.44743,0.85675,1.14346,0.00000
138600000000,-10.96609,11.86146,0.02073,0.89626,0.00000,0.00000,0.44352,0.88296,1.15727,0.00000
138620000000,-10.94677,11.88343,0.02073,0.89809,0.00000,0.00000,0.43981,0.89652,1.15508,0.00000
138640000000,-10.92695,11.90548,0.02073,0.89983,0.00000,0.00000,0.43625,0.91817,1.16385,0.00000
138660000000,-10.90688,11.92738,0.02073,0.90145,0.00000,0.00000,0.43289,0.92642,1.15645,0.00000
138680000000,-10.88662,11.94910,0.02073,0.90295,0.00000,0.00000,0.42974,0.93422,1.14963,0.00000
138700000000,-10.86617,11.97065,0.02073,0.90435,0.00000,0.00000,0.42680,0.94156,1.14340,0.00000
138720000000,-10.84557,11.99205,0.02073,0.90562,0.00000,0.00000,0.42409,0.94841,1.13775,0.00000
138740000000,-10.82481,12.01331,0.02073,0.90679,0.00000,0.00000,0.42159,0.95485,1.13273,0.00000
138760000000,-10.80396,12.03449,0.02073,0.90790,0.00000,0.00000,0.41918,0.96148,1.12836,0.00000
138780000000,-10.78301,12.05561,0.02073,0.90899,0.00000,0.00000,0.41681,0.96795,1.12404,0.00000
138800000000,-10.76198,12.07665,0.02073,0.91005,0.00000,0.00000,0.41449,0.97426,1.11975,0.00000
138820000000,-10.74086,12.09764,0.02073,0.91109,0.00000,-0.00000,0.41220,0.98049,1.11552,0.00000
138840000000,-10.71969,12.11860,0.02073,0.91217,0.00000,-0.00000,0.40982,0.98698,1.11115,0.00000
138860000000,-10.69847,12.13951,0.02073,0.91327,0.00000,-0.00000,0.40735,0.99354,1.10641,0.00000
138880000000,-10.67718,12.16037,0.02073,0.91442,0.00000,-0.00000,0.40477,1.00026,1.10132,0.00000
138900000000,-10.65582,12.18117,0.02073,0.91561,0.00000,-0.00000,0.40207,1.00707,1.09579,0.00000
138920000000,-10.63439,12.20190,0.02073,0.91684,0.00000,-0.00000,0.39926,1.01403,1.08983,0.00000
138940000000,-10.61287,12.22255,0.02073,0.91812,0.00000,-0.00000,0.39631,1.02114,1.08345,0.00000
138960000000,-10.59126,12.24309,0.02073,0.91942,0.00000,-0.00000,0.39327,1.02829,1.07667,0.00000
138980000000,-10.56954,12.26350,0.02073,0.92082,0.00000,-0.00000,0.38999,1.03544,1.06877,0.00000
139000000000,-10.54767,12.28373,0.02073,0.92231,0.00000,-0.00000,0.38644,1.04323,1.06036,0.00000
139020000000,-10.52568,12.30381,0.02073,0.92384,0.00000,-0.00000,0.38279,1.05137,1.05184,0.00000
139040000000,-10.50357,12.32374,0.02073,0.92540,0.00000,-0.00000,0.37900,1.05935,1.04261,0.00000
139060000000,-10.48136,12.34352,0.02073,0.92700,0.00000,-0.00000,0.37505,1.06757,1.03291,0.00000
139080000000,-10.45903,12.36313,0.02073,0.92866,0.00000,-0.00000,0.37093,1.07567,1.02240,0.00000
139100000000,-10.43658,12.38255,0.02073,0.93037,0.00000,-0.00000,0.36662,1.08398,1.01135,0.00000
139120000000,-10.41399,12.40176,0.02073,0.93211,0.00000,-0.00000,0.36217,1.09268,1.00012,0.00000
139140000000,-10.39124,12.42074,0.02073,0.93387,0.00000,-0.00000,0.35760,1.10103,0.98812,0.00000
139160000000,-10.36838,12.43950,0.02073,0.93569,0.00000,-0.00000,0.35283,1.10935,0.97529,0.00000
139180000000,-10.34538,12.45801,0.02073,0.93755,0.00000,-0.00000,0.34785,1.11754,0.96163,0.00000
139200000000,-10.32226,12.47627,0.02073,0.93946,0.00000,-0.00000,0.34265,1.12574,0.94717,0.00000
139220000000,-10.29898,12.49423,0.02073,0.94141,0.00000,-0.00000,0.33728,1.13473,0.93280,0.00000
139240000000,-10.27551,12.51188,0.02073,0.94335,0.00000,-0.00000,0.33181,1.14364,0.91809,0.00000
139260000000,-10.25191,12.52923,0.02073,0.94533,0.00000,-0.00000,0.32611,1.15136,0.90168,0.00000
139280000000,-10.22819,12.54625,0.02073,0.94736,0.00000,-0.00000,0.32017,1.15897,0.88440,0.00000
139300000000,-10.20434,12.56294,0.02073,0.94943,0.00000,-0.00000,0.31399,1.16641,0.86624,0.00000
139320000000,-10.18036,12.57925,0.02073,0.95152,0.00000,-0.00000,0.30759,1.17465,0.84806,0.00000
139340000000,-10.15622,12.59517,0.02073,0.95363,0.00000,-0.00000,0.30098,1.18184,0.82855,0.00000
139360000000,-10.13197,12.61069,0.02073,0.95577,0.00000,-0.00000,0.29411,1.18855,0.80800,0.00000
139380000000,-10.10759,12.62579,0.02073,0.95792,0.00000,-0.00000,0.28702,1.19593,0.78736,0.00000
139400000000,-10.08308,12.64043,0.02073,0.96009,0.00000,-0.00000,0.27970,1.20191,0.76523,0.00000
139420000000,-10.05847,12.65462,0.02073,0.96226,0.00000,-0.00000,0.27211,1.20744,0.74225,0.00000
139440000000,-10.03371,12.66831,0.02073,0.96442,0.00000,-0.00000,0.26437,1.21535,0.72043,0.00000
139460000000,-10.00870,12.68149,0.02073,0.96652,0.00000,-0.00000,0.25661,1.22672,0.70078,0.00000
139480000000,-9.98338,12.69412,0.02073,0.96852,0.00000,-0.00000,0.24893,1.23794,0.68138,0.00000
139500000000,-9.95814,12.70605,0.02073,0.97042,0.00000,-0.00000,0.24141,1.22565,0.65002,0.00000
139520000000,-9.93285,12.71738,0.02073,0.97224,0.00000,-0.00000,0.23399,1.22754,0.62721,0.00000
139540000000,-9.90766,12.72806,0.02073,0.97396,0.00000,-0.00000,0.22673,1.22122,0.60116,0.00000
139560000000,-9.88240,12.73818,0.02073,0.97559,0.00000,-0.00000,0.21959,1.22209,0.57949,0.00000
139580000000,-9.85701,12.74780,0.02073,0.97715,0.00000,-0.00000,0.21255,1.23268,0.56289,0.00000
139600000000,-9.83119,12.75700,0.02073,0.97864,0.00000,-0.00000,0.20558,1.25869,0.55322,0.00000
139620000000,-9.80442,12.76596,0.02073,0.98009,0.00000,-0.00000,0.19858,1.30282,0.55053,0.00000
139640000000,-9.77716,12.77453,0.02073,0.98147,0.00000,-0.00000,0.19163,1.32419,0.53759,0.00000
139660000000,-9.74914,12.78279,0.02073,0.98279,0.00000,-0.00000,0.18470,1.36042,0.53006,0.00000
139680000000,-9.72073,12.79063,0.02073,0.98406,0.00000,-0.00000,0.17785,1.37724,0.51462,0.00000
139700000000,-9.69201,12.79813,0.02073,0.98524,0.00000,-0.00000,0.17119,1.39186,0.49874,0.00000
139720000000,-9.66313,12.80538,0.02073,0.98631,0.00000,-0.00000,0.16488,1.40404,0.48293,0.00000
139740000000,-9.63397,12.81225,0.02073,0.98733,0.00000,-0.00000,0.15870,1.41798,0.46794,0.00000
139760000000,-9.60456,12.81876,0.02073,0.98828,0.00000,-0.00000,0.15264,1.43191,0.45312,0.00000
139780000000,-9.57488,12.82493,0.02073,0.98918,0.00000,-0.00000,0.14670,1.44582,0.43849,0.00000
139800000000,-9.54495,12.83075,0.02073,0.99003,0.00000,-0.00000,0.14089,1.45967,0.42403,0.00000
139820000000,-9.51476,12.83624,0.02073,0.99082,0.00000,-0.00000,0.13520,1.47346,0.40975,0.00000
139840000000,-9.48432,12.84143,0.02073,0.99156,0.00000,-0.00000,0.12965,1.48717,0.39566,0.00000
139860000000,-9.45364,12.84631,0.02073,0.99225,0.00000,-0.00000,0.12422,1.50078,0.38175,0.00000
139880000000,-9.42272,12.85090,0.02073,0.99290,0.00000,-0.00000,0.11893,1.51426,0.36804,0.00000
139900000000,-9.39156,12.85521,0.02073,0.99351,0.00000,-0.00000,0.11378,1.52761,0.35453,0.00000
139920000000,-9.36017,12.85927,0.02073,0.99407,0.00000,-0.00000,0.10876,1.54044,0.34118,0.00000
139940000000,-9.32869,12.86308,0.02073,0.99459,0.00000,-0.00000,0.10384,1.54449,0.32607,0.00000
139960000000,-9.29720,12.86665,0.02073,0.99509,0.00000,-0.00000,0.09899,1.54733,0.31093,0.00000
139980000000,-9.26570,12.86999,0.02073,0.99555,0.00000,-0.00000,0.09420,1.54993,0.29595,0.00000
140000000000,-9.23418,12.87311,0.02073,0.99599,0.00000,-0.00000,0.08947,1.55229,0.28115,0.00000
140020000000,-9.20266,12.87599,0.02073,0.99640,0.00000,-0.00000,0.08481,1.55443,0.26653,0.00000
140040000000,-9.17113,12.87865,0.02073,0.99678,0.00000,-0.00000,0.08020,1.55637,0.25209,0.00000
140060000000,-9.13960,12.88108,0.02073,0.99713,0.00000,-0.00000,0.07566,1.55809,0.23782,0.00000
140080000000,-9.10807,12.88330,0.02073,0.99746,0.00000,-0.00000,0.07118,1.55963,0.22374,0.00000
140100000000,-9.07655,12.88529,0.02073,0.99777,0.00000,-0.00000,0.06676,1.56097,0.20983,0.00000
140120000000,-9.04502,12.88707,0.02073,0.99805,0.00000,-0.00000,0.06240,1.56213,0.19611,0.00000
140140000000,-9.01350,12.88864,0.02073,0.99831,0.00000,-0.00000,0.05810,1.56312,0.18256,0.00000
140160000000,-8.98195,12.88999,0.02073,0.99855,0.00000,-0.00000,0.05386,1.56774,0.16962,0.00000
140180000000,-8.95028,12.89113,0.02073,0.99876,0.00000,-0.00000,0.04970,1.57363,0.15701,0.00000
140200000000,-8.91845,12.89206,0.02073,0.99896,0.00000,-0.00000,0.04563,1.58494,0.14510,0.00000
140220000000,-8.88640,12.89280,0.02073,0.99913,0.00000,-0.00000,0.04165,1.59642,0.13334,0.00000
140240000000,-8.85426,12.89335,0.02073,0.99929,0.00000,-0.00000,0.03777,1.59971,0.12109,0.00000
140260000000,-8.82198,12.89372,0.02073,0.99942,0.00000,-0.00000,0.03398,1.60992,0.10960,0.00000
140280000000,-8.78953,12.89392,0.02073,0.99954,0.00000,-0.00000,0.03030,1.61774,0.09816,0.00000
140300000000,-8.75692,12.89396,0.02073,0.99964,0.00000,-0.00000,0.02672,1.62859,0.08714,0.00000
140320000000,-8.72417,12.89386,0.02073,0.99973,0.00000,-0.00000,0.02327,1.63367,0.07609,0.00000
140340000000,-8.69127,12.89361,0.02073,0.99980,0.00000,-0.00000,0.01993,1.64417,0.06558,0.00000
140360000000,-8.65827,12.89325,0.02073,0.99986,0.00000,-0.00000,0.01673,1.64717,0.05513,0.00000
140380000000,-8.62517,12.89277,0.02073,0.99991,0.00000,-0.00000,0.01365,1.65537,0.04522,0.00000
140400000000,-8.59191,12.89218,0.02073,0.99994,0.00000,-0.00000,0.01072,1.66166,0.03564,0.00000
140420000000,-8.55855,12.89151,0.02073,0.99997,0.00000,-0.00000,0.00794,1.66960,0.02651,0.00000
140440000000,-8.52503,12.89075,0.02073,0.99999,0.00000,-0.00000,0.00531,1.67630,0.01780,0.00000
140460000000,-8.49136,12.88993,0.02073,1.00000,0.00000,-0.00000,0.00284,1.68544,0.00958,0.00000
140480000000,-8.45755,12.88906,0.02073,1.00000,0.00000,-0.00000,0.00055,1.69115,0.00188,0.00000
140500000000,-8.42359,12.88815,0.02073,1.00000,0.00000,-0.00000,-0.00154,1.70007,-0.00523,0.00000
140520000000,-8.38964,12.88721,0.02073,0.99999,0.00000,0.00000,-0.00339,1.69454,-0.01148,0.00000
140540000000,-8.35601,12.88625,0.02073,0.99999,0.00000,0.00000,-0.00499,1.67772,-0.01673,0.00000
140560000000,-8.32261,12.88530,0.02073,0.99998,0.00000,0.00000,-0.00636,1.66652,-0.02121,0.00000
140580000000,-8.28953,12.88435,0.02073,0.99997,0.00000,0.00000,-0.00754,1.65034,-0.02488,0.00000
140600000000,-8.25677,12.88340,0.02073,0.99996,0.00000,0.00000,-0.00853,1.63458,-0.02788,0.00000
140620000000,-8.22431,12.88247,0.02073,0.99996,0.00000,0.00000,-0.00936,1.61922,-0.03032,0.00000
140640000000,-8.19216,12.88156,0.02073,0.99995,0.00000,0.00000,-0.01006,1.60424,-0.03228,0.00000
140660000000,-8.16030,12.88065,0.02073,0.99994,0.00000,0.00000,-0.01064,1.58961,-0.03383,0.00000
140680000000,-8.12873,12.87976,0.02073,0.99994,0.00000,0.00000,-0.01112,1.57531,-0.03505,0.00000
140700000000,-8.09743,12.87889,0.02073,0.99993,0.00000,0.00000,-0.01152,1.56132,-0.03599,0.00000
140720000000,-8.06642,12.87802,0.02073,0.99993,0.00000,0.00000,-0.01186,1.54763,-0.03671,0.00000
140740000000,-8.03567,12.87716,0.02073,0.99993,0.00000,0.00000,-0.01215,1.53420,-0.03727,0.00000
140760000000,-8.00518,12.87631,0.02073,0.99992,0.00000,0.00000,-0.01240,1.52104,-0.03772,0.00000
140780000000,-7.97496,12.87545,0.02073,0.99992,0.00000,0.00000,-0.01263,1.50811,-0.03810,0.00000
140800000000,-7.94489,12.87459,0.02073,0.99992,0.00000,0.00000,-0.01285,1.50344,-0.03865,0.00000
140820000000,-7.91483,12.87372,0.02073,0.99991,0.00000,0.00000,-0.01307,1.50334,-0.03931,0.00000
140840000000,-7.88476,12.87284,0.02073,0.99991,0.00000,0.00000,-0.01328,1.50325,-0.03995,0.00000
140860000000,-7.85470,12.87195,0.02073,0.99991,0.00000,0.00000,-0.01349,1.50315,-0.04058,0.00000
140880000000,-7.82464,12.87104,0.02073,0.99991,0.00000,0.00000,-0.01370,1.50306,-0.04119,0.00000
140900000000,-7.79459,12.87013,0.02073,0.99990,0.00000,0.00000,-0.01390,1.50297,-0.04179,0.00000
140920000000,-7.76453,12.86921,0.02073,0.99990,0.00000,0.00000,-0.01410,1.50289,-0.04239,0.00000
140940000000,-7.73448,12.86827,0.02073,0.99990,0.00000,0.00000,-0.01429,1.50280,-0.04297,0.00000
140960000000,-7.70435,12.86733,0.02073,0.99990,0.00000,0.00000,-0.01448,1.50910,-0.04372,0.00000
140980000000,-7.67408,12.86637,0.02073,0.99989,0.00000,0.00000,-0.01466,1.51472,-0.04442,0.00000
141000000000,-7.64363,12.86540,0.02073,0.99989,0.00000,0.00000,-0.01482,1.52576,-0.04523,0.00000
141020000000,-7.61301,12.86444,0.02073,0.99989,0.00000,0.00000,-0.01495,1.53283,-0.04585,0.00000
141040000000,-7.58218,12.86347,0.02073,0.99989,0.00000,0.00000,-0.01505,1.54395,-0.04648,0.00000
141060000000,-7.55117,12.86251,0.02073,0.99989,0.00000,0.00000,-0.01510,1.55322,-0.04691,0.00000
141080000000,-7.52009,12.86158,0.02073,0.99989,0.00000,0.00000,-0.01509,1.55339,-0.04690,0.00000
141100000000,-7.48921,12.86067,0.02073,0.99989,0.00000,0.00000,-0.01503,1.54088,-0.04635,0.00000
141120000000,-7.45859,12.85979,0.02073,0.99989,0.00000,0.00000,-0.01494,1.52769,-0.04566,0.00000
141140000000,-7.42823,12.85894,0.02073,0.99989,0.00000,0.00000,-0.01482,1.51474,-0.04491,0.00000
141160000000,-7.39812,12.85810,0.02073,0.99989,0.00000,0.00000,-0.01469,1.50207,-0.04415,0.00000
141180000000,-7.36813,12.85722,0.02073,0.99989,0.00000,0.00000,-0.01469,1.49935,-0.04405,0.00000
141200000000,-7.33815,12.85634,0.02073,0.99989,0.00000,0.00000,-0.01469,1.49935,-0.04405,0.00000
141220000000,-7.30816,12.85546,0.02073,0.99989,0.00000,0.00000,-0.01469,1.49935,-0.04405,0.00000
141240000000,-7.27817,12.85458,0.02073,0.99989,0.00000,0.00000,-0.01469,1.49935,-0.04405,0.00000
141260000000,-7.24819,12.85370,0.02073,0.99989,0.00000,0.00000,-0.01469,1.49935,-0.04405,0.00000
141280000000,-7.21820,12.85282,0.02073,0.99989,0.00000,0.00000,-0.01469,1.49935,-0.04405,0.00000
141300000000,-7.18821,12.85194,0.02073,0.99989,0.00000,0.00000,-0.01469,1.49935,-0.04405,0.00000
141320000000,-7.15823,12.85106,0.02073,0.99989,0.00000,0.00000,-0.01469,1.49935,-0.04405,0.00000
141340000000,-7.12824,12.85018,0.02073,0.99989,0.00000,0.00000,-0.01469,1.49935,-0.04405,0.00000
141360000000,-7.09825,12.84929,0.02073,0.99989,0.00000,0.00000,-0.01469,1.49935,-0.04405,0.00000
141380000000,-7.06826,12.84841,0.02073,0.99989,0.00000,0.00000,-0.01469,1.49935,-0.04405,0.00000
141400000000,-7.03828,12.84753,0.02073,0.99989,0.00000,0.00000,-0.01469,1.49935,-0.04405,0.00000
141420000000,-7.00829,12.84665,0.02073,0.99989,0.00000,0.00000,-0.01469,1.49935,-0.04405,0.00000
141440000000,-6.97830,12.84577,0.02073,0.99989,0.00000,0.00000,-0.01469,1.49935,-0.04405,0.00000
141460000000,-6.94832,12.84489,0.02073,0.99989,0.00000,0.00000,-0.01469,1.49935,-0.04405,0.00000
141480000000,-6.91833,12.84401,0.02073,0.99989,0.00000,0.00000,-0.01469,1.49935,-0.04405,0.00000
141500000000,-6.88834,12.84313,0.02073,0.99989,0.00000,0.00000,-0.01469,1.49935,-0.04405,0.00000
141520000000,-6.85835,12.84225,0.02073,0.99989,0.00000,0.00000,-0.01469,1.49935,-0.04405,0.00000
141540000000,-6.82837,12.84136,0.02073,0.99989,0.00000,0.00000,-0.01469,1.49935,-0.04405,0.00000
141560000000,-6.79838,12.84048,0.02073,0.99989,0.00000,0.00000,-0.01469,1.49935,-0.04405,0.00000
141580000000,-6.76839,12.83960,0.02073,0.99989,0.00000,0.00000,-0.01469,1.49935,-0.04405,0.00000
141600000000,-6.73841,12.83872,0.02073,0.99989,0.00000,0.00000,-0.01469,1.49935,-0.04405,0.00000
141620000000,-6.70842,12.83784,0.02073,0.99989,0.00000,0.00000,-0.01469,1.49935,-0.04405,0.00000
141640000000,-6.67843,12.83696,0.02073,0.99989,0.00000,0.00000,-0.01469,1.49935,-0.04405,0.00000
141660000000,-6.64845,12.83608,0.02073,0.99989,0.00000,0.00000,-0.01469,1.49935,-0.04405,0.00000
141680000000,-6.61846,12.83520,0.02073,0.99989,0.00000,0.00000,-0.01469,1.49935,-0.04405,0.00000
141700000000,-6.58847,12.83432,0.02073,0.99989,0.00000,0.00000,-0.01469,1.49935,-0.04405,0.00000
141720000000,-6.55848,12.83343,0.02073,0.99989,0.00000,0.00000,-0.01469,1.49935,-0.04405,0.00000
141740000000,-6.52850,12.83255,0.02073,0.99989,0.00000,0.00000,-0.01469,1.49935,-0.04405,0.00000
141760000000,-6.49851,12.83167,0.02073,0.99989,0.00000,0.00000,-0.01469,1.49935,-0.04405,0.00000
141780000000,-6.46852,12.83079,0.02073,0.99989,0.00000,0.00000,-0.01469,1.49935,-0.04405,0.00000
141800000000,-6.43854,12.82991,0.02073,0.99989,0.00000,0.00000,-0.01469,1.49935,-0.04405,0.00000
141820000000,-6.40855,12.82903,0.02073,0.99989,0.00000,0.00000,-0.01469,1.49935,-0.04405,0.00000
141840000000,-6.37856,12.82815,0.02073,0.99989,0.00000,0.00000,-0.01469,1.49935,-0.04405,0.00000
141860000000,-6.34857,12.82727,0.02073,0.99989,0.00000,0.00000,-0.01469,1.49935,-0.04405,0.00000
141880000000,-6.31859,12.82639,0.02073,0.99989,0.00000,0.00000,-0.01469,1.49935,-0.04405,0.00000
141900000000,-6.28860,12.82551,0.02073,0.99989,0.00000,0.00000,-0.01469,1.49935,-0.04405,0.00000
141920000000,-6.25861,12.82462,0.02073,0.99989,0.00000,0.00000,-0.01469,1.49935,-0.04405,0.00000
141940000000,-6.22863,12.82374,0.02073,0.99989,0.00000,0.00000,-0.01469,1.49935,-0.04405,0.00000
141960000000,-6.19864,12.82286,0.02073,0.99989,0.00000,0.00000,-0.01469,1.49935,-0.04405,0.00000
141980000000,-6.16865,12.82198,0.02073,0.99989,0.00000,0.00000,-0.01469,1.49935,-0.04405,0.00000
142000000000,-6.13867,12.82110,0.02073,0.99989,0.00000,0.00000,-0.01469,1.49935,-0.04405,0.00000
142020000000,-6.10868,12.82022,0.02073,0.99989,0.00000,0.00000,-0.01469,1.49935,-0.04405,0.00000
142040000000,-6.07869,12.81934,0.02073,0.99989,0.00000,0.00000,-0.01469,1.49935,-0.04405,0.00000
142060000000,-6.04870,12.81846,0.02073,0.99989,0.00000,0.00000,-0.01469,1.49935,-0.04405,0.00000
142080000000,-6.01872,12.81758,0.02073,0.99989,0.00000,0.00000,-0.01469,1.49935,-0.04405,0.00000
142100000000,-5.98873,12.81669,0.02073,0.99989,0.00000,0.00000,-0.01469,1.49935,-0.04405,0.00000
142120000000,-5.95874,12.81581,0.02073,0.99989,0.00000,0.00000,-0.01469,1.49935,-0.04405,0.00000
142140000000,-5.92876,12.81493,0.02073,0.99989,0.00000,0.00000,-0.01469,1.49935,-0.04405,0.00000
142160000000,-5.89877,12.81405,0.02073,0.99989,0.00000,0.00000,-0.01469,1.49935,-0.04405,0.00000
142180000000,-5.86878,12.81317,0.02073,0.99989,0.00000,0.00000,-0.01469,1.49935,-0.04405,0.00000
142200000000,-5.83879,12.81229,0.02073,0.99989,0.00000,0.00000,-0.01469,1.49935,-0.04405,0.00000
142220000000,-5.80881,12.81141,0.02073,0.99989,0.00000,0.00000,-0.01469,1.49935,-0.04405,0.00000
142240000000,-5.77877,12.81054,0.02073,0.99989,0.00000,0.00000,-0.01466,1.50433,-0.04411,0.00000
142260000000,-5.74861,12.80968,0.02073,0.99989,0.00000,0.00000,-0.01460,1.50794,-0.04406,0.00000
142280000000,-5.71830,12.80882,0.02073,0.99989,0.00000,0.00000,-0.01454,1.51874,-0.04418,0.00000
142300000000,-5.68779,12.80797,0.02073,0.99990,0.00000,0.00000,-0.01446,1.52588,-0.04413,0.00000
142320000000,-5.65711,12.80713,0.02073,0.99990,0.00000,0.00000,-0.01434,1.53671,-0.04410,0.00000
142340000000,-5.62627,12.80632,0.02073,0.99990,0.00000,0.00000,-0.01419,1.54240,-0.04379,0.00000
142360000000,-5.59529,12.80553,0.02073,0.99990,0.00000,0.00000,-0.01399,1.55190,-0.04344,0.00000
142380000000,-5.56407,12.80477,0.02073,0.99991,0.00000,0.00000,-0.01373,1.56344,-0.04296,0.00000
142400000000,-5.53267,12.80405,0.02073,0.99991,0.00000,0.00000,-0.01341,1.57221,-0.04217,0.00000
142420000000,-5.50120,12.80339,0.02073,0.99992,0.00000,0.00000,-0.01301,1.57133,-0.04088,0.00000
142440000000,-5.46997,12.80279,0.02073,0.99992,0.00000,0.00000,-0.01254,1.55766,-0.03906,0.00000
142460000000,-5.43902,12.80224,0.02073,0.99993,0.00000,0.00000,-0.01202,1.54427,-0.03712,0.00000
142480000000,-5.40832,12.80176,0.02073,0.99993,0.00000,0.00000,-0.01146,1.53114,-0.03510,0.00000
142500000000,-5.37789,12.80132,0.02073,0.99994,0.00000,0.00000,-0.01088,1.51825,-0.03305,0.00000
142520000000,-5.34771,12.80092,0.02073,0.99995,0.00000,0.00000,-0.01030,1.50560,-0.03101,0.00000
142540000000,-5.31773,12.80050,0.02073,0.99995,0.00000,0.00000,-0.00986,1.49647,-0.02951,0.00000
142560000000,-5.28787,12.80009,0.02073,0.99996,0.00000,0.00000,-0.00947,1.49290,-0.02829,0.00000
142580000000,-5.25801,12.79969,0.02073,0.99996,0.00000,0.00000,-0.00909,1.49306,-0.02716,0.00000
142600000000,-5.22814,12.79932,0.02073,0.99996,0.00000,0.00000,-0.00872,1.49321,-0.02605,0.00000
142620000000,-5.19827,12.79896,0.02073,0.99997,0.00000,0.00000,-0.00836,1.49336,-0.02496,0.00000
142640000000,-5.16840,12.79862,0.02073,0.99997,0.00000,0.00000,-0.00800,1.49351,-0.02390,0.00000
142660000000,-5.13852,12.79830,0.02073,0.99997,0.00000,0.00000,-0.00765,1.49365,-0.02286,0.00000
142680000000,-5.10865,12.79799,0.02073,0.99997,0.00000,0.00000,-0.00731,1.49378,-0.02183,0.00000
142700000000,-5.07877,12.79771,0.02073,0.99998,0.00000,0.00000,-0.00697,1.49392,-0.02083,0.00000
142720000000,-5.04888,12.79744,0.02073,0.99998,0.00000,0.00000,-0.00664,1.49405,-0.01985,0.00000
142740000000,-5.01900,12.79719,0.02073,0.99998,0.00000,0.00000,-0.00632,1.49418,-0.01888,0.00000
142760000000,-4.98911,12.79695,0.02073,0.99998,0.00000,0.00000,-0.00600,1.49430,-0.01794,0.00000
142780000000,-4.95922,12.79673,0.02073,0.99998,0.00000,0.00000,-0.00569,1.49442,-0.01701,0.00000
142800000000,-4.92930,12.79653,0.02073,0.99999,0.00000,0.00000,-0.00539,1.49736,-0.01614,0.00000
142820000000,-4.89927,12.79639,0.02073,0.99999,0.00000,0.00000,-0.00497,1.50165,-0.01492,0.00000
142840000000,-4.86908,12.79630,0.02073,0.99999,0.00000,0.00000,-0.00451,1.51263,-0.01365,0.00000
142860000000,-4.83869,12.79623,0.02073,0.99999,0.00000,0.00000,-0.00404,1.52077,-0.01230,0.00000
142880000000,-4.80810,12.79621,0.02073,0.99999,0.00000,0.00000,-0.00355,1.53269,-0.01087,0.00000
142900000000,-4.77735,12.79623,0.02073,1.00000,0.00000,0.00000,-0.00302,1.53758,-0.00927,0.00000
142920000000,-4.74643,12.79630,0.02073,1.00000,0.00000,0.00000,-0.00244,1.54900,-0.00757,0.00000
142940000000,-4.71540,12.79643,0.02073,1.00000,0.00000,0.00000,-0.00182,1.55014,-0.00563,0.00000
142960000000,-4.68459,12.79662,0.02073,1.00000,0.00000,0.00000,-0.00115,1.53689,-0.00354,0.00000
142980000000,-4.65405,12.79686,0.02073,1.00000,0.00000,0.00000,-0.00046,1.52390,-0.00140,0.00000
143000000000,-4.62376,12.79714,0.02073,1.00000,0.00000,0.00000,0.00025,1.51113,0.00074,0.00000
143020000000,-4.59371,12.79745,0.02073,1.00000,0.00000,0.00000,0.00089,1.50057,0.00268,0.00000
143040000000,-4.56386,12.79776,0.02073,1.00000,0.00000,0.00000,0.00146,1.49021,0.00435,0.00000
143060000000,-4.53406,12.79810,0.02073,1.00000,0.00000,0.00000,0.00201,1.49022,0.00600,0.00000
143080000000,-4.50425,12.79846,0.02073,1.00000,0.00000,0.00000,0.00255,1.49041,0.00762,0.00000
143100000000,-4.47444,12.79885,0.02073,1.00000,0.00000,0.00000,0.00309,1.49060,0.00920,0.00000
143120000000,-4.44463,12.79927,0.02073,0.99999,0.00000,0.00000,0.00361,1.49079,0.01075,0.00000
143140000000,-4.41481,12.79972,0.02073,0.99999,0.00000,0.00000,0.00411,1.49097,0.01227,0.00000
143160000000,-4.38499,12.80019,0.02073,0.99999,0.00000,0.00000,0.00461,1.49114,0.01375,0.00000
143180000000,-4.35517,12.80069,0.02073,0.99999,0.00000,0.00000,0.00510,1.49131,0.01521,0.00000
143200000000,-4.32534,12.80121,0.02073,0.99998,0.00000,0.00000,0.00558,1.49148,0.01664,0.00000
143220000000,-4.29551,12.80176,0.02073,0.99998,0.00000,0.00000,0.00605,1.49164,0.01804,0.00000
143240000000,-4.26568,12.80233,0.02073,0.99998,0.00000,0.00000,0.00650,1.49179,0.01940,0.00000
143260000000,-4.23584,12.80292,0.02073,0.99998,0.00000,0.00000,0.00695,1.49194,0.02074,0.00000
143280000000,-4.20601,12.80354,0.02073,0.99997,0.00000,0.00000,0.00739,1.49209,0.02206,0.00000
143300000000,-4.17616,12.80418,0.02073,0.99997,0.00000,0.00000,0.00782,1.49223,0.02334,0.00000
143320000000,-4.14632,12.80484,0.02073,0.99997,0.00000,0.00000,0.00824,1.49236,0.02460,0.00000
143340000000,-4.11647,12.80553,0.02073,0.99996,0.00000,0.00000,0.00866,1.49250,0.02584,0.00000
143360000000,-4.08662,12.80623,0.02073,0.99996,0.00000,0.00000,0.00906,1.49263,0.02705,0.00000
143380000000,-4.05677,12.80695,0.02073,0.99996,0.00000,0.00000,0.00946,1.49275,0.02823,0.00000
143400000000,-4.02692,12.80770,0.02073,0.99995,0.00000,0.00000,0.00984,1.49287,0.02939,0.00000
143420000000,-3.99706,12.80846,0.02073,0.99995,0.00000,-0.00000,0.01022,1.49299,0.03053,0.00000
143440000000,-3.96721,12.80925,0.02073,0.99994,0.00000,-0.00000,0.01059,1.49311,0.03164,0.00000
143460000000,-3.93735,12.81005,0.02073,0.99994,0.00000,-0.00000,0.01096,1.49322,0.03273,0.00000
143480000000,-3.90748,12.81087,0.02073,0.99994,0.00000,-0.00000,0.01132,1.49333,0.03380,0.00000
143500000000,-3.87762,12.81171,0.02073,0.99993,0.00000,-0.00000,0.01166,1.49343,0.03485,0.00000
143520000000,-3.84775,12.81257,0.02073,0.99993,0.00000,-0.00000,0.01201,1.49353,0.03587,0.00000
143540000000,-3.81788,12.81344,0.02073,0.99992,0.00000,-0.00000,0.01234,1.49363,0.03688,0.00000
143560000000,-3.78801,12.81434,0.02073,0.99992,0.00000,-0.00000,0.01267,1.49373,0.03786,0.00000
143580000000,-3.75814,12.81524,0.02073,0.99992,0.00000,-0.00000,0.01299,1.49382,0.03883,0.00000
143600000000,-3.72826,12.81617,0.02073,0.99991,0.00000,-0.00000,0.01331,1.49392,0.03977,0.00000
143620000000,-3.69839,12.81711,0.02073,0.99991,0.00000,-0.00000,0.01362,1.49401,0.04070,0.00000
143640000000,-3.66851,12.81807,0.02073,0.99990,0.00000,-0.00000,0.01392,1.49409,0.04160,0.00000
143660000000,-3.63863,12.81904,0.02073,0.99990,0.00000,-0.00000,0.01421,1.49418,0.04249,0.00000
143680000000,-3.60875,12.82002,0.02073,0.99989,0.00000,-0.00000,0.01450,1.49426,0.04336,0.00000
143700000000,-3.57887,12.82103,0.02073,0.99989,0.00000,-0.00000,0.01479,1.49434,0.04421,0.00000
143720000000,-3.54898,12.82204,0.02073,0.99989,0.00000,-0.00000,0.01507,1.49441,0.04505,0.00000
143740000000,-3.51910,12.82307,0.02073,0.99988,0.00000,-0.00000,0.01534,1.49449,0.04587,0.00000
143760000000,-3.48921,12.82412,0.02073,0.99988,0.00000,-0.00000,0.01561,1.49456,0.04667,0.00000
143780000000,-3.45932,12.82517,0.02073,0.99987,0.00000,-0.00000,0.01587,1.49463,0.04746,0.00000
143800000000,-3.42943,12.82625,0.02073,0.99987,0.00000,-0.00000,0.01613,1.49470,0.04823,0.00000
143820000000,-3.39954,12.82733,0.02073,0.99987,0.00000,-0.00000,0.01638,1.49477,0.04898,0.00000
143840000000,-3.36965,12.82843,0.02073,0.99986,0.00000,-0.00000,0.01662,1.49484,0.04972,0.00000
143860000000,-3.33975,12.82954,0.02073,0.99986,0.00000,-0.00000,0.01686,1.49490,0.05044,0.00000
143880000000,-3.30986,12.83066,0.02073,0.99985,0.00000,-0.00000,0.01710,1.49496,0.05115,0.00000
143900000000,-3.27996,12.83179,0.02073,0.99985,0.00000,-0.00000,0.01733,1.49502,0.05185,0.00000
143920000000,-3.25006,12.83294,0.02073,0.99985,0.00000,-0.00000,0.01756,1.49508,0.05253,0.00000
143940000000,-3.22016,12.83409,0.02073,0.99984,0.00000,-0.00000,0.01778,1.49514,0.05320,0.00000
143960000000,-3.19026,12.83526,0.02073,0.99984,0.00000,-0.00000,0.01800,1.49520,0.05385,0.00000
143980000000,-3.16036,12.83644,0.02073,0.99983,0.00000,-0.00000,0.01821,1.49525,0.05449,0.00000
144000000000,-3.13046,12.83763,0.02073,0.99983,0.00000,-0.00000,0.01842,1.49531,0.05512,0.00000
144020000000,-3.10055,12.83883,0.02073,0.99983,0.00000,-0.00000,0.01863,1.49536,0.05573,0.00000
144040000000,-3.07065,12.84004,0.02073,0.99982,0.00000,-0.00000,0.01883,1.49541,0.05634,0.00000
144060000000,-3.04074,12.84126,0.02073,0.99982,0.00000,-0.00000,0.01902,1.49546,0.05693,0.00000
144080000000,-3.01084,12.84249,0.02073,0.99982,0.00000,-0.00000,0.01922,1.49551,0.05751,0.00000
144100000000,-2.98093,12.84374,0.02073,0.99981,0.00000,-0.00000,0.01940,1.49555,0.05807,0.00000
144120000000,-2.95102,12.84499,0.02073,0.99981,0.00000,-0.00000,0.01959,1.49560,0.05863,0.00000
144140000000,-2.92111,12.84625,0.02073,0.99980,0.00000,-0.00000,0.01977,1.49564,0.05918,0.00000
144160000000,-2.89120,12.84751,0.02073,0.99980,0.00000,-0.00000,0.01995,1.49569,0.05971,0.00000
144180000000,-2.86129,12.84879,0.02073,0.99980,0.00000,-0.00000,0.02012,1.49573,0.06023,0.00000
144200000000,-2.83138,12.85008,0.02073,0.99979,0.00000,-0.00000,0.02029,1.49577,0.06074,0.00000
144220000000,-2.80147,12.85138,0.02073,0.99979,0.00000,-0.00000,0.02046,1.49581,0.06125,0.00000
144240000000,-2.77155,12.85268,0.02073,0.99979,0.00000,-0.00000,0.02062,1.49585,0.06174,0.00000
144260000000,-2.74164,12.85399,0.02073,0.99978,0.00000,-0.00000,0.02078,1.49589,0.06222,0.00000
144280000000,-2.71172,12.85531,0.02073,0.99978,0.00000,-0.00000,0.02094,1.49592,0.06269,0.00000
144300000000,-2.68181,12.85664,0.02073,0.99978,0.00000,-0.00000,0.02110,1.49596,0.06316,0.00000
144320000000,-2.65189,12.85798,0.02073,0.99977,0.00000,-0.00000,0.02125,1.49600,0.06361,0.00000
144340000000,-2.62197,12.85932,0.02073,0.99977,0.00000,-0.00000,0.02139,1.49603,0.06406,0.00000
144360000000,-2.59205,12.86067,0.02073,0.99977,0.00000,-0.00000,0.02154,1.49606,0.06449,0.00000
144380000000,-2.56213,12.86203,0.02073,0.99976,0.00000,-0.00000,0.02168,1.49610,0.06492,0.00000
144400000000,-2.53221,12.86340,0.02073,0.99976,0.00000,-0.00000,0.02182,1.49613,0.06534,0.00000
144420000000,-2.50229,12.86477,0.02073,0.99976,0.00000,-0.00000,0.02196,1.49616,0.06575,0.00000
144440000000,-2.47237,12.86615,0.02073,0.99976,0.00000,-0.00000,0.02209,1.49619,0.06615,0.00000
144460000000,-2.44245,12.86754,0.02073,0.99975,0.00000,-0.00000,0.02222,1.49622,0.06654,0.00000
144480000000,-2.41253,12.86893,0.02073,0.99975,0.00000,-0.00000,0.02235,1.49625,0.06693,0.00000
144500000000,-2.38261,12.87033,0.02073,0.99975,0.00000,-0.00000,0.02247,1.49628,0.06731,0.00000
144520000000,-2.35268,12.87173,0.02073,0.99974,0.00000,-0.00000,0.02260,1.49631,0.06768,0.00000
144540000000,-2.32276,12.87315,0.02073,0.99974,0.00000,-0.00000,0.02272,1.49633,0.06804,0.00000
144560000000,-2.29294,12.87456,0.02073,0.99974,0.00000,-0.00000,0.02282,1.48827,0.06799,0.00000
144580000000,-2.26335,12.87598,0.02073,0.99974,0.00000,-0.00000,0.02289,1.47648,0.06765,0.00000
144600000000,-2.23397,12.87739,0.02073,0.99974,0.00000,-0.00000,0.02291,1.46689,0.06726,0.00000
144620000000,-2.20472,12.87878,0.02073,0.99974,0.00000,-0.00000,0.02288,1.46261,0.06698,0.00000
144640000000,-2.17558,12.88016,0.02073,0.99974,0.00000,-0.00000,0.02280,1.45451,0.06638,0.00000
144660000000,-2.14662,12.88151,0.02073,0.99974,0.00000,-0.00000,0.02266,1.44646,0.06560,0.00000
144680000000,-2.11758,12.88283,0.02073,0.99975,0.00000,-0.00000,0.02248,1.45544,0.06548,0.00000
144700000000,-2.08828,12.88412,0.02073,0.99975,0.00000,-0.00000,0.02228,1.46817,0.06548,0.00000
144720000000,-2.05873,12.88538,0.02073,0.99976,0.00000,-0.00000,0.02209,1.48070,0.06545,0.00000
144740000000,-2.02892,12.88663,0.02073,0.99976,0.00000,-0.00000,0.02190,1.49302,0.06545,0.00000
144760000000,-1.99893,12.88788,0.02073,0.99976,0.00000,-0.00000,0.02176,1.50083,0.06538,0.00000
144780000000,-1.96891,12.88913,0.02073,0.99977,0.00000,-0.00000,0.02164,1.50081,0.06500,0.00000
144800000000,-1.93889,12.89037,0.02073,0.99977,0.00000,-0.00000,0.02152,1.50078,0.06462,0.00000
144820000000,-1.90887,12.89160,0.02073,0.99977,0.00000,-0.00000,0.02139,1.50075,0.06426,0.00000
144840000000,-1.87886,12.89283,0.02073,0.99977,0.00000,-0.00000,0.02128,1.50073,0.06390,0.00000
144860000000,-1.84884,12.89405,0.02073,0.99978,0.00000,-0.00000,0.02116,1.50070,0.06355,0.00000
144880000000,-1.81882,12.89527,0.02073,0.99978,0.00000,-0.00000,0.02105,1.50067,0.06321,0.00000
144900000000,-1.78881,12.89648,0.02073,0.99978,0.00000,-0.00000,0.02093,1.50065,0.06287,0.00000
144920000000,-1.75879,12.89768,0.02073,0.99978,0.00000,-0.00000,0.02082,1.50062,0.06254,0.00000
144940000000,-1.72878,12.89888,0.02073,0.99979,0.00000,-0.00000,0.02072,1.50060,0.06221,0.00000
144960000000,-1.69877,12.90007,0.02073,0.99979,0.00000,-0.00000,0.02061,1.50058,0.06190,0.00000
144980000000,-1.66875,12.90126,0.02073,0.99979,0.00000,-0.00000,0.02051,1.50055,0.06159,0.00000
145000000000,-1.63874,12.90245,0.02073,0.99979,0.00000,-0.00000,0.02041,1.50053,0.06128,0.00000
145020000000,-1.60873,12.90362,0.02073,0.99979,0.00000,-0.00000,0.02031,1.50051,0.06098,0.00000
145040000000,-1.57872,12.90480,0.02073,0.99980,0.00000,-0.00000,0.02021,1.50048,0.06069,0.00000
145060000000,-1.54871,12.90596,0.02073,0.99980,0.00000,-0.00000,0.02012,1.50046,0.06040,0.00000
145080000000,-1.51870,12.90713,0.02073,0.99980,0.00000,-0.00000,0.02002,1.50044,0.06012,0.00000
145100000000,-1.48869,12.90828,0.02073,0.99980,0.00000,-0.00000,0.01993,1.50042,0.05984,0.00000
145120000000,-1.45868,12.90944,0.02073,0.99980,0.00000,-0.00000,0.01984,1.50040,0.05957,0.00000
145140000000,-1.42867,12.91059,0.02073,0.99980,0.00000,-0.00000,0.01975,1.50038,0.05931,0.00000
145160000000,-1.39866,12.91173,0.02073,0.99981,0.00000,-0.00000,0.01967,1.50036,0.05905,0.00000
145180000000,-1.36865,12.91287,0.02073,0.99981,0.00000,-0.00000,0.01958,1.50034,0.05879,0.00000
145200000000,-1.33864,12.91401,0.02073,0.99981,0.00000,-0.00000,0.01950,1.50032,0.05854,0.00000
145220000000,-1.30863,12.91514,0.02073,0.99981,0.00000,-0.00000,0.01942,1.50030,0.05830,0.00000
145240000000,-1.27863,12.91627,0.02073,0.99981,0.00000,-0.00000,0.01934,1.50028,0.05806,0.00000
145260000000,-1.24862,12.91739,0.02073,0.99981,0.00000,-0.00000,0.01926,1.50026,0.05782,0.00000
145280000000,-1.21861,12.91851,0.02073,0.99982,0.00000,-0.00000,0.01918,1.50024,0.05759,0.00000
145300000000,-1.18861,12.91963,0.02073,0.99982,0.00000,-0.00000,0.01911,1.50022,0.05736,0.00000
145320000000,-1.15860,12.92074,0.02073,0.99982,0.00000,-0.00000,0.01903,1.50021,0.05714,0.00000
145340000000,-1.12860,12.92185,0.02073,0.99982,0.00000,-0.00000,0.01896,1.50019,0.05692,0.00000
145360000000,-1.09859,12.92295,0.02073,0.99982,0.00000,-0.00000,0.01889,1.50017,0.05671,0.00000
145380000000,-1.06859,12.92405,0.02073,0.99982,0.00000,-0.00000,0.01882,1.50016,0.05650,0.00000
145400000000,-1.03858,12.92515,0.02073,0.99982,0.00000,-0.00000,0.01875,1.50014,0.05630,0.00000
145420000000,-1.00858,12.92624,0.02073,0.99983,0.00000,-0.00000,0.01869,1.50012,0.05609,0.00000
145440000000,-0.97858,12.92733,0.02073,0.99983,0.00000,-0.00000,0.01862,1.50011,0.05590,0.00000
145460000000,-0.94857,12.92842,0.02073,0.99983,0.00000,-0.00000,0.01856,1.50009,0.05571,0.00000
145480000000,-0.91857,12.92950,0.02073,0.99983,0.00000,-0.00000,0.01849,1.50008,0.05552,0.00000
145500000000,-0.88857,12.93059,0.02073,0.99983,0.00000,-0.00000,0.01843,1.50006,0.05533,0.00000
145520000000,-0.85857,12.93166,0.02073,0.99983,0.00000,-0.00000,0.01837,1.50005,0.05515,0.00000
145540000000,-0.82857,12.93274,0.02073,0.99983,0.00000,-0.00000,0.01831,1.50003,0.05497,0.00000
145560000000,-0.79856,12.93381,0.02073,0.99983,0.00000,-0.00000,0.01826,1.50002,0.05480,0.00000
145580000000,-0.76856,12.93488,0.02073,0.99983,0.00000,-0.00000,0.01820,1.50001,0.05462,0.00000
145600000000,-0.73856,12.93594,0.02073,0.99984,0.00000,-0.00000,0.01814,1.49999,0.05446,0.00000
145620000000,-0.70856,12.93701,0.02073,0.99984,0.00000,-0.00000,0.01809,1.49998,0.05429,0.00000
145640000000,-0.67856,12.93807,0.02073,0.99984,0.00000,-0.00000,0.01804,1.49997,0.05413,0.00000
145660000000,-0.64858,12.93912,0.02073,0.99984,0.00000,-0.00000,0.01798,1.49839,0.05390,0.00000
145680000000,-0.61878,12.94017,0.02073,0.99984,0.00000,-0.00000,0.01789,1.48660,0.05321,0.00000
145700000000,-0.58914,12.94120,0.02073,0.99984,0.00000,-0.00000,0.01778,1.48156,0.05269,0.00000
145720000000,-0.55968,12.94222,0.02073,0.99984,0.00000,-0.00000,0.01763,1.47010,0.05185,0.00000
145740000000,-0.53037,12.94322,0.02073,0.99985,0.00000,-0.00000,0.01744,1.46538,0.05113,0.00000
145760000000,-0.50121,12.94418,0.02073,0.99985,0.00000,0.00000,0.01720,1.45471,0.05007,0.00000
145780000000,-0.47222,12.94512,0.02073,0.99986,0.00000,-0.00000,0.01691,1.44951,0.04905,0.00000
145800000000,-0.44335,12.94601,0.02073,0.99986,0.00000,0.00000,0.01656,1.44034,0.04774,0.00000
145820000000,-0.41466,12.94686,0.02073,0.99987,0.00000,0.00000,0.01615,1.43358,0.04632,0.00000
145840000000,-0.38583,12.94766,0.02073,0.99988,0.00000,-0.00000,0.01568,1.44466,0.04533,0.00000
145860000000,-0.35674,12.94840,0.02073,0.99988,0.00000,-0.00000,0.01519,1.45776,0.04430,0.00000
145880000000,-0.32738,12.94910,0.02073,0.99989,0.00000,-0.00000,0.01467,1.47067,0.04318,0.00000
145900000000,-0.29777,12.94976,0.02073,0.99990,0.00000,-0.00000,0.01415,1.48340,0.04200,0.00000
145920000000,-0.26791,12.95037,0.02073,0.99991,0.00000,-0.00000,0.01363,1.49584,0.04079,0.00000
145940000000,-0.23782,12.95097,0.02073,0.99991,0.00000,-0.00000,0.01316,1.50696,0.03966,0.00000
145960000000,-0.20766,12.95155,0.02073,0.99992,0.00000,-0.00000,0.01269,1.50768,0.03829,0.00000
145980000000,-0.17751,12.95210,0.02073,0.99993,0.00000,-0.00000,0.01224,1.50756,0.03691,0.00000
146000000000,-0.14735,12.95263,0.02073,0.99993,0.00000,-0.00000,0.01179,1.50744,0.03556,0.00000
146020000000,-0.11720,12.95314,0.02073,0.99994,0.00000,-0.00000,0.01136,1.50732,0.03424,0.00000
146040000000,-0.08705,12.95362,0.02073,0.99994,0.00000,-0.00000,0.01093,1.50720,0.03295,0.00000
146060000000,-0.05691,12.95409,0.02073,0.99994,0.00000,-0.00000,0.01051,1.50709,0.03168,0.00000
146080000000,-0.02676,12.95453,0.02073,0.99995,0.00000,-0.00000,0.01009,1.50697,0.03043,0.00000
146100000000,0.00338,12.95495,0.02073,0.99995,0.00000,-0.00000,0.00969,1.50686,0.02921,0.00000
146120000000,0.03352,12.95535,0.02073,0.99996,0.00000,-0.00000,0.00929,1.50674,0.02801,0.00000
146140000000,0.06365,12.95573,0.02073,0.99996,0.00000,-0.00000,0.00890,1.50663,0.02684,0.00000
146160000000,0.09379,12.95609,0.02073,0.99996,0.00000,-0.00000,0.00852,1.50652,0.02568,0.00000
146180000000,0.12392,12.95643,0.02073,0.99997,0.00000,-0.00000,0.00815,1.50641,0.02455,0.00000
146200000000,0.15405,12.95675,0.02073,0.99997,0.00000,-0.00000,0.00778,1.50630,0.02345,0.00000
146220000000,0.18417,12.95705,0.02073,0.99997,0.00000,-0.00000,0.00742,1.50619,0.02236,0.00000
146240000000,0.21430,12.95734,0.02073,0.99998,0.00000,0.00000,0.00707,1.50608,0.02129,0.00000
146260000000,0.24442,12.95760,0.02073,0.99998,0.00000,0.00000,0.00672,1.50598,0.02025,0.00000
146280000000,0.27454,12.95785,0.02073,0.99998,0.00000,0.00000,0.00638,1.50587,0.01923,0.00000
146300000000,0.30466,12.95808,0.02073,0.99998,0.00000,0.00000,0.00605,1.50577,0.01822,0.00000
146320000000,0.33477,12.95830,0.02073,0.99998,0.00000,0.00000,0.00572,1.50567,0.01724,0.00000
146340000000,0.36488,12.95850,0.02073,0.99999,0.00000,0.00000,0.00540,1.50557,0.01627,0.00000
146360000000,0.39500,12.95868,0.02073,0.99999,0.00000,0.00000,0.00509,1.50547,0.01532,0.00000
146380000000,0.42511,12.95884,0.02073,0.99999,0.00000,0.00000,0.00478,1.50537,0.01440,0.00000
146400000000,0.45521,12.95899,0.02073,0.99999,0.00000,0.00000,0.00448,1.50527,0.01349,0.00000
146420000000,0.48532,12.95913,0.02073,0.99999,0.00000,0.00000,0.00418,1.50518,0.01259,0.00000
146440000000,0.51542,12.95925,0.02073,0.99999,0.00000,0.00000,0.00389,1.50508,0.01172,0.00000
146460000000,0.54552,12.95935,0.02073,0.99999,0.00000,0.00000,0.00361,1.50499,0.01086,0.00000
146480000000,0.57562,12.95944,0.02073,0.99999,0.00000,0.00000,0.00333,1.50490,0.01002,0.00000
146500000000,0.60572,12.95952,0.02073,1.00000,0.00000,0.00000,0.00306,1.50481,0.00920,0.00000
146520000000,0.63581,12.95958,0.02073,1.00000,0.00000,0.00000,0.00279,1.50472,0.00839,0.00000
146540000000,0.66591,12.95963,0.02073,1.00000,0.00000,0.00000,0.00252,1.50463,0.00759,0.00000
146560000000,0.69600,12.95966,0.02073,1.00000,0.00000,0.00000,0.00227,1.50454,0.00682,0.00000
146580000000,0.72609,12.95969,0.02073,1.00000,0.00000,0.00000,0.00201,1.50446,0.00606,0.00000
146600000000,0.75618,12.95969,0.02073,1.00000,0.00000,0.00000,0.00176,1.50437,0.00531,0.00000
146620000000,0.78626,12.95969,0.02073,1.00000,0.00000,0.00000,0.00152,1.50429,0.00458,0.00000
146640000000,0.81635,12.95967,0.02073,1.00000,0.00000,0.00000,0.00128,1.50421,0.00386,0.00000
146660000000,0.84643,12.95965,0.02073,1.00000,0.00000,0.00000,0.00105,1.50413,0.00315,0.00000
146680000000,0.87651,12.95961,0.02073,1.00000,0.00000,0.00000,0.00082,1.50405,0.00246,0.00000
146700000000,0.90659,12.95955,0.02073,1.00000,0.00000,0.00000,0.00059,1.50397,0.00179,0.00000
146720000000,0.93667,12.95949,0.02073,1.00000,0.00000,0.00000,0.00037,1.50389,0.00112,0.00000
146740000000,0.96675,12.95942,0.02073,1.00000,0.00000,0.00000,0.00016,1.50382,0.00047,0.00000
146760000000,0.99682,12.95933,0.02073,1.00000,0.00000,0.00000,-0.00006,1.50374,-0.00017,0.00000
146780000000,1.02690,12.95923,0.02073,1.00000,0.00000,0.00000,-0.00026,1.50367,-0.00079,0.00000
146800000000,1.05697,12.95913,0.02073,1.00000,0.00000,0.00000,-0.00047,1.50360,-0.00140,0.00000
146820000000,1.08704,12.95901,0.02073,1.00000,0.00000,0.00000,-0.00067,1.50352,-0.00200,0.00000
146840000000,1.11711,12.95888,0.02073,1.00000,0.00000,0.00000,-0.00086,1.50345,-0.00259,0.00000
146860000000,1.14718,12.95874,0.02073,1.00000,0.00000,0.00000,-0.00105,1.50338,-0.00317,0.00000
146880000000,1.17724,12.95860,0.02073,1.00000,0.00000,0.00000,-0.00124,1.50331,-0.00373,0.00000
146900000000,1.20731,12.95844,0.02073,1.00000,0.00000,0.00000,-0.00143,1.50325,-0.00429,0.00000
146920000000,1.23737,12.95827,0.02073,1.00000,0.00000,0.00000,-0.00161,1.50318,-0.00483,0.00000
146940000000,1.26743,12.95810,0.02073,1.00000,0.00000,0.00000,-0.00178,1.50312,-0.00536,0.00000
146960000000,1.29750,12.95791,0.02073,1.00000,0.00000,0.00000,-0.00196,1.50305,-0.00588,0.00000
146980000000,1.32756,12.95772,0.02073,1.00000,0.00000,0.00000,-0.00213,1.50299,-0.00639,0.00000
147000000000,1.35761,12.95751,0.02073,1.00000,0.00000,0.00000,-0.00229,1.50293,-0.00689,0.00000
147020000000,1.38767,12.95730,0.02073,1.00000,0.00000,0.00000,-0.00246,1.50287,-0.00739,0.00000
147040000000,1.41773,12.95708,0.02073,1.00000,0.00000,0.00000,-0.00262,1.50281,-0.00787,0.00000
147060000000,1.44778,12.95686,0.02073,1.00000,0.00000,0.00000,-0.00277,1.50275,-0.00834,0.00000
147080000000,1.47784,12.95662,0.02073,1.00000,0.00000,0.00000,-0.00293,1.50269,-0.00880,0.00000
147100000000,1.50789,12.95638,0.02073,1.00000,0.00000,0.00000,-0.00308,1.50263,-0.00925,0.00000
147120000000,1.53794,12.95612,0.02073,0.99999,0.00000,0.00000,-0.00323,1.50258,-0.00969,0.00000
147140000000,1.56799,12.95587,0.02073,0.99999,0.00000,0.00000,-0.00337,1.50252,-0.01013,0.00000
147160000000,1.59804,12.95560,0.02073,0.99999,0.00000,0.00000,-0.00351,1.50247,-0.01056,0.00000
147180000000,1.62809,12.95533,0.02073,0.99999,0.00000,0.00000,-0.00365,1.50241,-0.01097,0.00000
147200000000,1.65814,12.95505,0.02073,0.99999,0.00000,0.00000,-0.00379,1.50236,-0.01138,0.00000
147220000000,1.68818,12.95476,0.02073,0.99999,0.00000,0.00000,-0.00392,1.50231,-0.01178,0.00000
147240000000,1.71814,12.95446,0.02073,0.99999,0.00000,0.00000,-0.00406,1.49325,-0.01211,0.00000
147260000000,1.74764,12.95416,0.02073,0.99999,0.00000,0.00000,-0.00420,1.47130,-0.01236,0.00000
147280000000,1.77687,12.95385,0.02073,0.99999,0.00000,0.00000,-0.00436,1.45824,-0.01270,0.00000
147300000000,1.80584,12.95352,0.02073,0.99999,0.00000,0.00000,-0.00453,1.44522,-0.01311,0.00000
147320000000,1.83455,12.95318,0.02073,0.99999,0.00000,0.00000,-0.00474,1.43224,-0.01358,0.00000
147340000000,1.86300,12.95281,0.02073,0.99999,0.00000,0.00000,-0.00499,1.41932,-0.01416,0.00000
147360000000,1.89119,12.95241,0.02073,0.99999,0.00000,0.00000,-0.00528,1.40646,-0.01485,0.00000
147380000000,1.91913,12.95198,0.02073,0.99998,0.00000,0.00000,-0.00562,1.39369,-0.01567,0.00000
147400000000,1.94681,12.95151,0.02073,0.99998,0.00000,0.00000,-0.00601,1.38100,-0.01661,0.00000
147420000000,1.97424,12.95099,0.02073,0.99998,0.00000,0.00000,-0.00647,1.36839,-0.01770,0.00000
147440000000,2.00142,12.95043,0.02073,0.99998,0.00000,0.00000,-0.00699,1.35590,-0.01894,0.00000
147460000000,2.02835,12.94982,0.02073,0.99997,0.00000,0.00000,-0.00758,1.34351,-0.02037,0.00000
147480000000,2.05503,12.94915,0.02073,0.99997,0.00000,0.00000,-0.00825,1.33126,-0.02198,0.00000
147500000000,2.08147,12.94842,0.02073,0.99996,0.00000,0.00000,-0.00902,1.31915,-0.02380,0.00000
147520000000,2.10766,12.94761,0.02073,0.99995,0.00000,0.00000,-0.00986,1.30719,-0.02579,0.00000
147540000000,2.13362,12.94671,0.02073,0.99994,0.00000,0.00000,-0.01080,1.29540,-0.02798,0.00000
147560000000,2.15935,12.94573,0.02073,0.99993,0.00000,0.00000,-0.01181,1.28379,-0.03034,0.00000
147580000000,2.18484,12.94465,0.02073,0.99992,0.00000,0.00000,-0.01293,1.27239,-0.03291,0.00000
147600000000,2.21027,12.94346,0.02073,0.99990,0.00000,0.00000,-0.01412,1.27553,-0.03604,0.00000
147620000000,2.23619,12.94215,0.02073,0.99988,0.00000,0.00000,-0.01543,1.30508,-0.04030,0.00000
147640000000,2.26249,12.94071,0.02073,0.99986,0.00000,0.00000,-0.01684,1.31912,-0.04444,0.00000
147660000000,2.28941,12.93914,0.02073,0.99983,0.00000,0.00000,-0.01834,1.35585,-0.04976,0.00000
147680000000,2.31686,12.93742,0.02073,0.99980,0.00000,0.00000,-0.01992,1.37703,-0.05491,0.00000
147700000000,2.34492,12.93556,0.02073,0.99977,0.00000,0.00000,-0.02158,1.41480,-0.06111,0.00000
147720000000,2.37352,12.93356,0.02073,0.99973,0.00000,0.00000,-0.02330,1.43579,-0.06695,0.00000
147740000000,2.40281,12.93140,0.02073,0.99969,0.00000,0.00000,-0.02506,1.47632,-0.07406,0.00000
147760000000,2.43245,12.92917,0.02073,0.99964,0.00000,0.00000,-0.02670,1.48664,-0.07946,0.00000
147780000000,2.46229,12.92684,0.02073,0.99960,0.00000,0.00000,-0.02831,1.49560,-0.08479,0.00000
147800000000,2.49229,12.92439,0.02073,0.99955,0.00000,0.00000,-0.02991,1.50405,-0.09010,0.00000
147820000000,2.52245,12.92186,0.02073,0.99950,0.00000,0.00000,-0.03149,1.51237,-0.09539,0.00000
147840000000,2.55278,12.91923,0.02073,0.99945,0.00000,0.00000,-0.03306,1.52057,-0.10071,0.00000
147860000000,2.58321,12.91652,0.02073,0.99940,0.00000,0.00000,-0.03461,1.52378,-0.10567,0.00000
147880000000,2.61363,12.91372,0.02073,0.99935,0.00000,0.00000,-0.03613,1.52289,-0.11027,0.00000
147900000000,2.64393,12.91086,0.02073,0.99929,0.00000,0.00000,-0.03762,1.51392,-0.11415,0.00000
147920000000,2.67409,12.90793,0.02073,0.99924,0.00000,0.00000,-0.03908,1.50857,-0.11819,0.00000
147940000000,2.70363,12.90497,0.02073,0.99918,0.00000,0.00000,-0.04051,1.46914,-0.11933,0.00000
147960000000,2.73280,12.90197,0.02073,0.99912,0.00000,0.00000,-0.04190,1.46024,-0.12269,0.00000
147980000000,2.76154,12.89890,0.02073,0.99906,0.00000,0.00000,-0.04338,1.43486,-0.12485,0.00000
148000000000,2.79002,12.89577,0.02073,0.99899,0.00000,0.00000,-0.04490,1.42452,-0.12830,0.00000
148020000000,2.81829,12.89257,0.02073,0.99892,0.00000,0.00000,-0.04644,1.41181,-0.13156,0.00000
148040000000,2.84632,12.88932,0.02073,0.99885,0.00000,0.00000,-0.04803,1.40235,-0.13518,0.00000
148060000000,2.87419,12.88601,0.02073,0.99876,0.00000,0.00000,-0.04970,1.39404,-0.13908,0.00000
148080000000,2.90188,12.88263,0.02073,0.99868,0.00000,0.00000,-0.05144,1.38394,-0.14295,0.00000
148100000000,2.92938,12.87915,0.02073,0.99858,0.00000,0.00000,-0.05322,1.37639,-0.14713,0.00000
148120000000,2.95674,12.87555,0.02073,0.99848,0.00000,0.00000,-0.05503,1.36930,-0.15138,0.00000
148140000000,2.98395,12.87184,0.02073,0.99838,0.00000,0.00000,-0.05688,1.36239,-0.15573,0.00000
148160000000,3.01103,12.86800,0.02073,0.99827,0.00000,0.00000,-0.05874,1.35586,-0.16012,0.00000
148180000000,3.03796,12.86402,0.02073,0.99816,0.00000,0.00000,-0.06061,1.34950,-0.16449,0.00000
148200000000,3.06477,12.85992,0.02073,0.99804,0.00000,0.00000,-0.06254,1.34330,-0.16902,0.00000
148220000000,3.09150,12.85567,0.02073,0.99792,0.00000,0.00000,-0.06452,1.34202,-0.17427,0.00000
148240000000,3.11820,12.85127,0.02073,0.99778,0.00000,0.00000,-0.06660,1.34172,-0.17991,0.00000
148260000000,3.14489,12.84672,0.02073,0.99763,0.00000,0.00000,-0.06878,1.33878,-0.18547,0.00000
148280000000,3.17180,12.84196,0.02073,0.99747,0.00000,0.00000,-0.07108,1.35584,-0.19422,0.00000
148300000000,3.19871,12.83702,0.02073,0.99729,0.00000,0.00000,-0.07351,1.35120,-0.20029,0.00000
148320000000,3.22551,12.83192,0.02073,0.99710,0.00000,0.00000,-0.07608,1.34686,-0.20675,0.00000
148340000000,3.25223,12.82665,0.02073,0.99689,0.00000,0.00000,-0.07879,1.34287,-0.21362,0.00000
148360000000,3.27886,12.82117,0.02073,0.99666,0.00000,0.00000,-0.08161,1.33949,-0.22083,0.00000
148380000000,3.30553,12.81546,0.02073,0.99642,0.00000,0.00000,-0.08451,1.34676,-0.23010,0.00000
148400000000,3.33246,12.80948,0.02073,0.99616,0.00000,0.00000,-0.08755,1.36010,-0.24094,0.00000
148420000000,3.35962,12.80323,0.02073,0.99588,0.00000,0.00000,-0.09072,1.37307,-0.25225,0.00000
148440000000,3.38703,12.79670,0.02073,0.99557,0.00000,0.00000,-0.09399,1.38567,-0.26400,0.00000
148460000000,3.41467,12.78989,0.02073,0.99525,0.00000,0.00000,-0.09737,1.39790,-0.27617,0.00000
148480000000,3.44252,12.78280,0.02073,0.99490,0.00000,0.00000,-0.10083,1.40975,-0.28871,0.00000
148500000000,3.47060,12.77543,0.02073,0.99454,0.00000,0.00000,-0.10436,1.42123,-0.30160,0.00000
148520000000,3.49888,12.76777,0.02073,0.99416,0.00000,0.00000,-0.10796,1.43235,-0.31480,0.00000
148540000000,3.52721,12.75990,0.02073,0.99375,0.00000,0.00000,-0.11163,1.42938,-0.32524,0.00000
148560000000,3.55525,12.75189,0.02073,0.99335,0.00000,0.00000,-0.11517,1.41543,-0.33269,0.00000
148580000000,3.58281,12.74388,0.02073,0.99296,0.00000,0.00000,-0.11848,1.38592,-0.33550,0.00000
148600000000,3.61005,12.73573,0.02073,0.99255,0.00000,0.00000,-0.12186,1.37224,-0.34210,0.00000
148620000000,3.63693,12.72745,0.02073,0.99211,0.00000,0.00000,-0.12538,1.35594,-0.34828,0.00000
148640000000,3.66363,12.71905,0.02073,0.99165,0.00000,0.00000,-0.12895,1.34757,-0.35650,0.00000
148660000000,3.68999,12.71058,0.02073,0.99117,0.00000,0.00000,-0.13260,1.33001,-0.36234,0.00000
148680000000,3.71623,12.70194,0.02073,0.99067,0.00000,0.00000,-0.13630,1.32798,-0.37248,0.00000
148700000000,3.74219,12.69319,0.02073,0.99014,0.00000,0.00000,-0.14005,1.31467,-0.37949,0.00000
148720000000,3.76816,12.68421,0.02073,0.98960,0.00000,0.00000,-0.14387,1.31685,-0.39116,0.00000
148740000000,3.79417,12.67495,0.02073,0.98903,0.00000,0.00000,-0.14771,1.32020,-0.40333,0.00000
148760000000,3.82022,12.66544,0.02073,0.98843,0.00000,0.00000,-0.15165,1.32282,-0.41570,0.00000
148780000000,3.84633,12.65564,0.02073,0.98781,0.00000,0.00000,-0.15567,1.32706,-0.42891,0.00000
148800000000,3.87249,12.64545,0.02073,0.98719,0.00000,0.00000,-0.15953,1.33255,-0.44223,0.00000
148820000000,3.89877,12.63492,0.02073,0.98656,0.00000,0.00000,-0.16339,1.34280,-0.45731,0.00000
148840000000,3.92529,12.62403,0.02073,0.98591,0.00000,0.00000,-0.16727,1.35414,-0.47311,0.00000
148860000000,3.95232,12.61268,0.02073,0.98523,0.00000,0.00000,-0.17121,1.38819,-0.49750,0.00000
148880000000,3.97959,12.60105,0.02073,0.98458,0.00000,0.00000,-0.17494,1.39158,-0.51064,0.00000
148900000000,4.00672,12.58918,0.02073,0.98394,0.00000,0.00000,-0.17851,1.38314,-0.51894,0.00000
148920000000,4.03366,12.57714,0.02073,0.98331,0.00000,0.00000,-0.18195,1.37366,-0.52638,0.00000
148940000000,4.06040,12.56497,0.02073,0.98268,0.00000,0.00000,-0.18532,1.36394,-0.53341,0.00000
148960000000,4.08694,12.55277,0.02073,0.98201,0.00000,0.00000,-0.18882,1.35237,-0.54003,0.00000
148980000000,4.11326,12.54047,0.02073,0.98133,0.00000,0.00000,-0.19233,1.34134,-0.54678,0.00000
149000000000,4.13905,12.52823,0.02073,0.98064,0.00000,0.00000,-0.19584,1.30748,-0.54391,0.00000
149020000000,4.16443,12.51596,0.02073,0.97994,0.00000,0.00000,-0.19927,1.29211,-0.54818,0.00000
149040000000,4.18927,12.50369,0.02073,0.97921,0.00000,0.00000,-0.20287,1.26588,-0.54805,0.00000
149060000000,4.21388,12.49134,0.02073,0.97844,0.00000,0.00000,-0.20655,1.25280,-0.55360,0.00000
149080000000,4.23828,12.47889,0.02073,0.97764,0.00000,0.00000,-0.21029,1.24678,-0.56239,0.00000
149100000000,4.26229,12.46644,0.02073,0.97682,0.00000,0.00000,-0.21407,1.21827,-0.56091,0.00000
149120000000,4.28607,12.45392,0.02073,0.97596,0.00000,0.00000,-0.21797,1.21464,-0.57104,0.00000
149140000000,4.30990,12.44109,0.02073,0.97507,0.00000,0.00000,-0.22189,1.22170,-0.58638,0.00000
149160000000,4.33389,12.42797,0.02073,0.97413,0.00000,0.00000,-0.22599,1.22963,-0.60297,0.00000
149180000000,4.35804,12.41448,0.02073,0.97314,0.00000,0.00000,-0.23022,1.23841,-0.62071,0.00000
149200000000,4.38236,12.40066,0.02073,0.97207,0.00000,0.00000,-0.23469,1.24699,-0.63940,0.00000
149220000000,4.40684,12.38648,0.02073,0.97092,0.00000,0.00000,-0.23941,1.25505,-0.65901,0.00000
149240000000,4.43149,12.37188,0.02073,0.96969,0.00000,0.00000,-0.24432,1.26394,-0.68009,0.00000
149260000000,4.45630,12.35686,0.02073,0.96839,0.00000,0.00000,-0.24945,1.27222,-0.70202,0.00000
149280000000,4.48085,12.34173,0.02073,0.96697,0.00000,0.00000,-0.25490,1.24516,-0.70548,0.00000
149300000000,4.50505,12.32646,0.02073,0.96547,0.00000,0.00000,-0.26052,1.23446,-0.71852,0.00000
149320000000,4.52878,12.31112,0.02073,0.96390,0.00000,0.00000,-0.26627,1.20862,-0.72290,0.00000
149340000000,4.55209,12.29564,0.02073,0.96225,0.00000,0.00000,-0.27216,1.19037,-0.73192,0.00000
149360000000,4.57488,12.28010,0.02073,0.96053,0.00000,0.00000,-0.27818,1.15859,-0.73254,0.00000
149380000000,4.59722,12.26445,0.02073,0.95872,0.00000,0.00000,-0.28436,1.14071,-0.74196,0.00000
149400000000,4.61899,12.24879,0.02073,0.95682,0.00000,0.00000,-0.29068,1.10759,-0.74139,0.00000
149420000000,4.64034,12.23297,0.02073,0.95484,0.00000,0.00000,-0.29713,1.09066,-0.75157,0.00000
149440000000,4.66110,12.21718,0.02073,0.95276,0.00000,0.00000,-0.30371,1.05720,-0.75024,0.00000
149460000000,4.68135,12.20131,0.02073,0.95060,0.00000,0.00000,-0.31043,1.03201,-0.75448,0.00000
149480000000,4.70117,12.18525,0.02073,0.94833,0.00000,0.00000,-0.31728,1.01690,-0.76619,0.00000
149500000000,4.72041,12.16918,0.02073,0.94597,0.00000,0.00000,-0.32425,0.98355,-0.76401,0.00000
149520000000,4.73916,12.15300,0.02073,0.94351,0.00000,0.00000,-0.33134,0.96476,-0.77293,0.00000
149540000000,4.75734,12.13683,0.02073,0.94095,0.00000,0.00000,-0.33854,0.93191,-0.77028,0.00000
149560000000,4.77501,12.12058,0.02073,0.93828,0.00000,0.00000,-0.34586,0.91136,-0.77753,0.00000
149580000000,4.79220,12.10421,0.02073,0.93552,0.00000,0.00000,-0.35328,0.88953,-0.78356,0.00000
149600000000,4.80922,12.08746,0.02073,0.93258,0.00000,0.00000,-0.36098,0.88278,-0.80384,0.00000
149620000000,4.82616,12.07017,0.02073,0.92944,0.00000,0.00000,-0.36897,0.88285,-0.83208,0.00000
149640000000,4.84286,12.05248,0.02073,0.92611,0.00000,0.00000,-0.37725,0.87170,-0.85148,0.00000
149660000000,4.85942,12.03424,0.02073,0.92256,0.00000,0.00000,-0.38585,0.86590,-0.87785,0.00000
149680000000,4.87566,12.01563,0.02073,0.91881,0.00000,0.00000,-0.39471,0.85143,-0.89707,0.00000
149700000000,4.89156,11.99665,0.02073,0.91483,0.00000,0.00000,-0.40385,0.83189,-0.91225,0.00000
149720000000,4.90707,11.97726,0.02073,0.91067,0.00000,0.00000,-0.41313,0.82081,-0.93772,0.00000
149740000000,4.92230,11.95736,0.02073,0.90628,0.00000,0.00000,-0.42269,0.80320,-0.95752,0.00000
149760000000,4.93679,11.93735,0.02073,0.90179,0.00000,0.00000,-0.43218,0.76559,-0.95260,0.00000
149780000000,4.95053,11.91740,0.02073,0.89721,0.00000,0.00000,-0.44160,0.73642,-0.95667,0.00000
149800000000,4.96352,11.89746,0.02073,0.89259,0.00000,0.00000,-0.45087,0.70023,-0.94973,0.00000
149820000000,4.97583,11.87755,0.02073,0.88789,0.00000,0.00000,-0.46006,0.67249,-0.95269,0.00000
149840000000,4.98746,11.85767,0.02073,0.88314,0.00000,0.00000,-0.46910,0.63900,-0.94565,0.00000
149860000000,4.99841,11.83788,0.02073,0.87834,0.00000,0.00000,-0.47804,0.61125,-0.94540,0.00000
149880000000,5.00868,11.81821,0.02073,0.87352,0.00000,0.00000,-0.48679,0.57795,-0.93430,0.00000
149900000000,5.01834,11.79861,0.02073,0.86863,0.00000,0.00000,-0.49546,0.55343,-0.93579,0.00000
149920000000,5.02735,11.77918,0.02073,0.86374,0.00000,0.00000,-0.50393,0.52078,-0.92126,0.00000
149940000000,5.03576,11.75989,0.02073,0.85881,0.00000,0.00000,-0.51229,0.49593,-0.91847,0.00000
149960000000,5.04369,11.74049,0.02073,0.85378,0.00000,0.00000,-0.52063,0.47871,-0.92945,0.00000
149980000000,5.05112,11.72098,0.02073,0.84867,0.00000,0.00000,-0.52893,0.45513,-0.92765,0.00000
150000000000,5.05793,11.70174,0.02073,0.84356,0.00000,0.00000,-0.53704,0.42725,-0.91476,0.00000
150020000000,5.06421,11.68262,0.02073,0.83842,0.00000,0.00000,-0.54503,0.40353,-0.90859,0.00000
150040000000,5.06999,11.66356,0.02073,0.83322,0.00000,0.00000,-0.55294,0.38417,-0.91111,0.00000
150060000000,5.07540,11.64398,0.02073,0.82787,0.00000,0.00000,-0.56093,0.37764,-0.94608,0.00000
150080000000,5.08033,11.62395,0.02073,0.82243,0.00000,0.00000,-0.56887,0.36157,-0.95905,0.00000
150100000000,5.08483,11.60310,0.02073,0.81685,0.00000,0.00000,-0.57685,0.35579,-1.00242,0.00000
150120000000,5.08882,11.58186,0.02073,0.81121,0.00000,0.00000,-0.58476,0.33853,-1.01597,0.00000
150140000000,5.09233,11.55990,0.02073,0.80543,0.00000,0.00000,-0.59268,0.33063,-1.06122,0.00000
150160000000,5.09533,11.53745,0.02073,0.79957,0.00000,0.00000,-0.60058,0.31220,-1.07618,0.00000
150180000000,5.09783,11.51432,0.02073,0.79356,0.00000,0.00000,-0.60849,0.30012,-1.11700,0.00000
150200000000,5.09981,11.49065,0.02073,0.78744,0.00000,0.00000,-0.61639,0.28177,-1.13904,0.00000
150220000000,5.10128,11.46627,0.02073,0.78118,0.00000,0.00000,-0.62431,0.26822,-1.18659,0.00000
150240000000,5.10244,11.44159,0.02073,0.77508,0.00000,0.00000,-0.63187,0.24563,-1.19411,0.00000
150260000000,5.10327,11.41678,0.02073,0.76908,0.00000,0.00000,-0.63915,0.22511,-1.20956,0.00000
150280000000,5.10363,11.39173,0.02073,0.76299,0.00000,0.00000,-0.64641,0.20320,-1.21995,0.00000
150300000000,5.10349,11.36667,0.02073,0.75693,0.00000,0.00000,-0.65349,0.18050,-1.22398,0.00000
150320000000,5.10289,11.34160,0.02073,0.75088,0.00000,0.00000,-0.66044,0.15797,-1.22765,0.00000
150340000000,5.10182,11.31657,0.02073,0.74484,0.00000,0.00000,-0.66724,0.13538,-1.22792,0.00000
150360000000,5.10033,11.29165,0.02073,0.73882,0.00000,0.00000,-0.67390,0.11283,-1.22511,0.00000
150380000000,5.09843,11.26680,0.02073,0.73278,0.00000,0.00000,-0.68047,0.09097,-1.22714,0.00000
150400000000,5.09615,11.24199,0.02073,0.72668,0.00000,0.00000,-0.68697,0.06908,-1.22871,0.00000
150420000000,5.09349,11.21722,0.02073,0.72055,0.00000,0.00000,-0.69340,0.04725,-1.22979,0.00000
150440000000,5.09045,11.19251,0.02073,0.71440,0.00000,0.00000,-0.69974,0.02552,-1.23046,0.00000
150460000000,5.08705,11.16786,0.02073,0.70824,0.00000,0.00000,-0.70597,0.00396,-1.23076,0.00000
150480000000,5.08328,11.14326,0.02073,0.70212,0.00000,0.00000,-0.71206,-0.01731,-1.23077,0.00000
150500000000,5.07913,11.11873,0.02073,0.69610,0.00000,0.00000,-0.71794,-0.03802,-1.23042,0.00000
150520000000,5.07460,11.09427,0.02073,0.69022,0.00000,0.00000,-0.72360,-0.05808,-1.22950,0.00000
150540000000,5.06972,11.06989,0.02073,0.68452,0.00000,0.00000,-0.72899,-0.07737,-1.22825,0.00000
150560000000,5.06449,11.04559,0.02073,0.67901,0.00000,0.00000,-0.73413,-0.09584,-1.22655,0.00000
150580000000,5.05895,11.02138,0.02073,0.67369,0.00000,0.00000,-0.73901,-0.11347,-1.22439,0.00000
150600000000,5.05310,10.99726,0.02073,0.66862,0.00000,0.00000,-0.74360,-0.13015,-1.22215,0.00000
150620000000,5.04696,10.97323,0.02073,0.66379,0.00000,0.00000,-0.74792,-0.14586,-1.21938,0.00000
150640000000,5.04060,10.94930,0.02073,0.65915,0.00000,0.00000,-0.75201,-0.16073,-1.21603,0.00000
150660000000,5.03402,10.92547,0.02073,0.65472,0.00000,0.00000,-0.75587,-0.17481,-1.21262,0.00000
150680000000,5.02726,10.90173,0.02073,0.65048,0.00000,0.00000,-0.75952,-0.18808,-1.20870,0.00000
150700000000,5.02034,10.87810,0.02073,0.64646,0.00000,0.00000,-0.76295,-0.20054,-1.20483,0.00000
150720000000,5.01328,10.85456,0.02073,0.64263,0.00000,0.00000,-0.76618,-0.21220,-1.20055,0.00000
150740000000,5.00610,10.83112,0.02073,0.63902,0.00000,0.00000,-0.76919,-0.22306,-1.19615,0.00000
150760000000,4.99883,10.80777,0.02073,0.63559,0.00000,0.00000,-0.77203,-0.23318,-1.19151,0.00000
150780000000,4.99148,10.78452,0.02073,0.63236,0.00000,0.00000,-0.77467,-0.24254,-1.18674,0.00000
150800000000,4.98408,10.76136,0.02073,0.62932,0.00000,0.00000,-0.77714,-0.25120,-1.18183,0.00000
150820000000,4.97663,10.73830,0.02073,0.62649,0.00000,0.00000,-0.77943,-0.25912,-1.17684,0.00000
150840000000,4.96916,10.71533,0.02073,0.62382,0.00000,0.00000,-0.78157,-0.26639,-1.17173,0.00000
150860000000,4.96168,10.69244,0.02073,0.62135,0.00000,0.00000,-0.78353,-0.27297,-1.16657,0.00000
150880000000,4.95419,10.66965,0.02073,0.61910,0.00000,0.00000,-0.78532,-0.27888,-1.16165,0.00000
150900000000,4.94673,10.64693,0.02073,0.61700,0.00000,0.00000,-0.78696,-0.28411,-1.15626,0.00000
150920000000,4.93929,10.62430,0.02073,0.61510,0.00000,0.00000,-0.78845,-0.28879,-1.15131,0.00000
150940000000,4.93190,10.60175,0.02073,0.61338,0.00000,0.00000,-0.78979,-0.29279,-1.14606,0.00000
150960000000,4.92457,10.57927,0.02073,0.61183,0.00000,0.00000,-0.79099,-0.29628,-1.14105,0.00000
150980000000,4.91727,10.55686,0.02073,0.61054,0.00000,0.00000,-0.79199,-0.29915,-1.13680,0.00000
151000000000,4.90993,10.53453,0.02073,0.60965,0.00000,0.00000,-0.79267,-0.30101,-1.13360,0.00000
151020000000,4.90261,10.51225,0.02073,0.60910,0.00000,0.00000,-0.79309,-0.30178,-1.13017,0.00000
151040000000,4.89533,10.49002,0.02073,0.60890,0.00000,0.00000,-0.79325,-0.30155,-1.12701,0.00000
151060000000,4.88812,10.46785,0.02073,0.60902,0.00000,0.00000,-0.79316,-0.30042,-1.12410,0.00000
151080000000,4.88102,10.44571,0.02073,0.60942,0.00000,0.00000,-0.79284,-0.29834,-1.12093,0.00000
151100000000,4.87405,10.42361,0.02073,0.61010,0.00000,0.00000,-0.79232,-0.29565,-1.11850,0.00000
151120000000,4.86719,10.40154,0.02073,0.61110,0.00000,0.00000,-0.79155,-0.29204,-1.11625,0.00000
151140000000,4.86046,10.37949,0.02073,0.61242,0.00000,0.00000,-0.79053,-0.28769,-1.11481,0.00000
151160000000,4.85388,10.35744,0.02073,0.61404,0.00000,0.00000,-0.78928,-0.28246,-1.11333,0.00000
151180000000,4.84746,10.33540,0.02073,0.61597,0.00000,0.00000,-0.78777,-0.27647,-1.11262,0.00000
151200000000,4.84123,10.31335,0.02073,0.61818,0.00000,0.00000,-0.78604,-0.26974,-1.11211,0.00000
151220000000,4.83525,10.29129,0.02073,0.62060,0.00000,0.00000,-0.78412,-0.26239,-1.11176,0.00000
151240000000,4.82951,10.26918,0.02073,0.62323,0.00000,0.00000,-0.78204,-0.25472,-1.11257,0.00000
151260000000,4.82403,10.24677,0.02073,0.62591,0.00000,0.00000,-0.77990,-0.25137,-1.13363,0.00000
151280000000,4.81875,10.22364,0.02073,0.62863,0.00000,0.00000,-0.77771,-0.25017,-1.16676,0.00000
151300000000,4.81373,10.19998,0.02073,0.63138,0.00000,0.00000,-0.77547,-0.24695,-1.19295,0.00000
151320000000,4.80897,10.17587,0.02073,0.63418,0.00000,0.00000,-0.77318,-0.24094,-1.20785,0.00000
151340000000,4.80442,10.15106,0.02073,0.63699,0.00000,0.00000,-0.77087,-0.23976,-1.24916,0.00000
151360000000,4.80011,10.12559,0.02073,0.63984,0.00000,0.00000,-0.76851,-0.23562,-1.27880,0.00000
151380000000,4.79609,10.09969,0.02073,0.64273,0.00000,0.00000,-0.76610,-0.22838,-1.29399,0.00000
151400000000,4.79228,10.07310,0.02073,0.64562,0.00000,0.00000,-0.76366,-0.22498,-1.33364,0.00000
151420000000,4.78873,10.04595,0.02073,0.64855,0.00000,0.00000,-0.76118,-0.21838,-1.35793,0.00000
151440000000,4.78543,10.01809,0.02073,0.65150,0.00000,0.00000,-0.75865,-0.21302,-1.39368,0.00000
151460000000,4.78239,9.98970,0.02073,0.65447,0.00000,0.00000,-0.75609,-0.20580,-1.42091,0.00000
151480000000,4.77963,9.96088,0.02073,0.65745,0.00000,0.00000,-0.75350,-0.19639,-1.43584,0.00000
151500000000,4.77714,9.93176,0.02073,0.66042,0.00000,0.00000,-0.75089,-0.18681,-1.45112,0.00000
151520000000,4.77493,9.90237,0.02073,0.66338,0.00000,0.00000,-0.74828,-0.17677,-1.46428,0.00000
151540000000,4.77299,9.87272,0.02073,0.66631,0.00000,0.00000,-0.74567,-0.16654,-1.47687,0.00000
151560000000,4.77133,9.84287,0.02073,0.66920,0.00000,0.00000,-0.74308,-0.15600,-1.48688,0.00000
151580000000,4.76994,9.81326,0.02073,0.67202,0.00000,0.00000,-0.74053,-0.14227,-1.46328,0.00000
151600000000,4.76870,9.78413,0.02073,0.67465,0.00000,0.00000,-0.73814,-0.12991,-1.44245,0.00000
151620000000,4.76743,9.75522,0.02073,0.67682,0.00000,0.00000,-0.73614,-0.12113,-1.44005,0.00000
151640000000,4.76608,9.72662,0.02073,0.67856,0.00000,0.00000,-0.73455,-0.11227,-1.41443,0.00000
151660000000,4.76464,9.69846,0.02073,0.67984,0.00000,0.00000,-0.73336,-0.10657,-1.40518,0.00000
151680000000,4.76305,9.67060,0.02073,0.68070,0.00000,0.00000,-0.73256,-0.10138,-1.37945,0.00000
151700000000,4.76148,9.64330,0.02073,0.68141,0.00000,0.00000,-0.73190,-0.09729,-1.35989,0.00000
151720000000,4.75998,9.61628,0.02073,0.68208,0.00000,0.00000,-0.73127,-0.09380,-1.34601,0.00000
151740000000,4.75854,9.58956,0.02073,0.68274,0.00000,0.00000,-0.73066,-0.09038,-1.33128,0.00000
151760000000,4.75715,9.56313,0.02073,0.68336,0.00000,0.00000,-0.73008,-0.08712,-1.31652,0.00000
151780000000,4.75582,9.53699,0.02073,0.68397,0.00000,0.00000,-0.72951,-0.08398,-1.30185,0.00000
151800000000,4.75454,9.51116,0.02073,0.68455,0.00000,0.00000,-0.72897,-0.08096,-1.28688,0.00000
151820000000,4.75330,9.48560,0.02073,0.68513,0.00000,0.00000,-0.72842,-0.07814,-1.27451,0.00000
151840000000,4.75209,9.46008,0.02073,0.68571,0.00000,0.00000,-0.72788,-0.07612,-1.27473,0.00000
151860000000,4.75089,9.43419,0.02073,0.68628,0.00000,0.00000,-0.72734,-0.07559,-1.30032,0.00000
151880000000,4.74972,9.40802,0.02073,0.68685,0.00000,0.00000,-0.72680,-0.07413,-1.31053,0.00000
151900000000,4.74856,9.38126,0.02073,0.68742,0.00000,0.00000,-0.72626,-0.07407,-1.34693,0.00000
151920000000,4.74743,9.35412,0.02073,0.68802,0.00000,0.00000,-0.72569,-0.07254,-1.36019,0.00000
151940000000,4.74655,9.32655,0.02073,0.68897,0.00000,0.00000,-0.72479,-0.07014,-1.38357,0.00000
151960000000,4.74586,9.29879,0.02073,0.69014,0.00000,0.00000,-0.72367,-0.06590,-1.38867,0.00000
151980000000,4.74543,9.27054,0.02073,0.69162,0.00000,0.00000,-0.72226,-0.06141,-1.41660,0.00000
152000000000,4.74535,9.24194,0.02073,0.69350,0.00000,0.00000,-0.72045,-0.05469,-1.43413,0.00000
152020000000,4.74551,9.21317,0.02073,0.69552,0.00000,0.00000,-0.71850,-0.04670,-1.43660,0.00000
152040000000,4.74584,9.18416,0.02073,0.69757,0.00000,0.00000,-0.71652,-0.03895,-1.45264,0.00000
152060000000,4.74634,9.15488,0.02073,0.69963,0.00000,0.00000,-0.71450,-0.03085,-1.46646,0.00000
152080000000,4.74702,9.12548,0.02073,0.70171,0.00000,0.00000,-0.71246,-0.02229,-1.46591,0.00000
152100000000,4.74789,9.09617,0.02073,0.70380,0.00000,0.00000,-0.71040,-0.01363,-1.46100,0.00000
152120000000,4.74894,9.06711,0.02073,0.70590,0.00000,0.00000,-0.70831,-0.00495,-1.44961,0.00000
152140000000,4.75019,9.03816,0.02073,0.70802,0.00000,0.00000,-0.70619,0.00372,-1.44421,0.00000
152160000000,4.75161,9.00949,0.02073,0.71016,0.00000,0.00000,-0.70404,0.01239,-1.43066,0.00000
152180000000,4.75322,8.98094,0.02073,0.71235,0.00000,0.00000,-0.70182,0.02122,-1.42556,0.00000
152200000000,4.75501,8.95270,0.02073,0.71458,0.00000,0.00000,-0.69956,0.02995,-1.40987,0.00000
152220000000,4.75698,8.92468,0.02073,0.71684,0.00000,0.00000,-0.69723,0.03872,-1.39602,0.00000
152240000000,4.75912,8.89733,0.02073,0.71910,0.00000,0.00000,-0.69490,0.04663,-1.36177,0.00000
152260000000,4.76142,8.87050,0.02073,0.72136,0.00000,0.00000,-0.69256,0.05435,-1.33376,0.00000
152280000000,4.76388,8.84409,0.02073,0.72360,0.00000,0.00000,-0.69022,0.06237,-1.32018,0.00000
152300000000,4.76651,8.81790,0.02073,0.72583,0.00000,0.00000,-0.68788,0.07047,-1.31173,0.00000
152320000000,4.76937,8.79148,0.02073,0.72805,0.00000,0.00000,-0.68553,0.08002,-1.32886,0.00000
152340000000,4.77234,8.76480,0.02073,0.73015,0.00000,0.00000,-0.68329,0.08918,-1.34358,0.00000
152360000000,4.77525,8.73778,0.02073,0.73184,0.00000,0.00000,-0.68148,0.09698,-1.35912,0.00000
152380000000,4.77809,8.71063,0.02073,0.73321,0.00000,0.00000,-0.68001,0.10276,-1.36291,0.00000
152400000000,4.78106,8.68332,0.02073,0.73452,0.00000,0.00000,-0.67858,0.10868,-1.37047,0.00000
152420000000,4.78413,8.65607,0.02073,0.73579,0.00000,0.00000,-0.67721,0.11349,-1.36625,0.00000
152440000000,4.78733,8.62863,0.02073,0.73701,0.00000,0.00000,-0.67588,0.11955,-1.37888,0.00000
152460000000,4.79064,8.60103,0.02073,0.73821,0.00000,0.00000,-0.67457,0.12537,-1.38869,0.00000
152480000000,4.79408,8.57303,0.02073,0.73940,0.00000,0.00000,-0.67327,0.13215,-1.40854,0.00000
152500000000,4.79762,8.54488,0.02073,0.74056,0.00000,0.00000,-0.67199,0.13760,-1.41413,0.00000
152520000000,4.80130,8.51632,0.02073,0.74171,0.00000,0.00000,-0.67072,0.14491,-1.43806,0.00000
152540000000,4.80509,8.48752,0.02073,0.74284,0.00000,0.00000,-0.66947,0.15102,-1.44965,0.00000
152560000000,4.80899,8.45854,0.02073,0.74394,0.00000,0.00000,-0.66825,0.15624,-1.45338,0.00000
152580000000,4.81300,8.42943,0.02073,0.74502,0.00000,0.00000,-0.66704,0.16210,-1.46331,0.00000
152600000000,4.81709,8.40025,0.02073,0.74607,0.00000,0.00000,-0.66586,0.16681,-1.46346,0.00000
152620000000,4.82126,8.37107,0.02073,0.74710,0.00000,0.00000,-0.66471,0.17141,-1.46359,0.00000
152640000000,4.82551,8.34189,0.02073,0.74810,0.00000,0.00000,-0.66358,0.17590,-1.46369,0.00000
152660000000,4.82983,8.31270,0.02073,0.74908,0.00000,0.00000,-0.66248,0.18030,-1.46379,0.00000
152680000000,4.83423,8.28352,0.02073,0.75004,0.00000,0.00000,-0.66139,0.18461,-1.46386,0.00000
152700000000,4.83870,8.25433,0.02073,0.75097,0.00000,0.00000,-0.66033,0.18881,-1.46392,0.00000
152720000000,4.84324,8.22514,0.02073,0.75188,0.00000,0.00000,-0.65930,0.19293,-1.46396,0.00000
152740000000,4.84784,8.19595,0.02073,0.75277,0.00000,0.00000,-0.65828,0.19695,-1.46398,0.00000
152760000000,4.85252,8.16676,0.02073,0.75364,0.00000,0.00000,-0.65729,0.20089,-1.46400,0.00000
152780000000,4.85725,8.13758,0.02073,0.75449,0.00000,0.00000,-0.65631,0.20474,-1.46400,0.00000
152800000000,4.86206,8.10839,0.02073,0.75532,0.00000,0.00000,-0.65536,0.20851,-1.46399,0.00000
152820000000,4.86692,8.07920,0.02073,0.75612,0.00000,0.00000,-0.65443,0.21220,-1.46396,0.00000
152840000000,4.87184,8.05001,0.02073,0.75691,0.00000,0.00000,-0.65351,0.21581,-1.46393,0.00000
152860000000,4.87683,8.02083,0.02073,0.75769,0.00000,0.00000,-0.65262,0.21933,-1.46389,0.00000
152880000000,4.88187,7.99164,0.02073,0.75844,0.00000,0.00000,-0.65174,0.22279,-1.46383,0.00000
152900000000,4.88697,7.96246,0.02073,0.75918,0.00000,0.00000,-0.65089,0.22616,-1.46377,0.00000
152920000000,4.89212,7.93327,0.02073,0.75990,0.00000,0.00000,-0.65005,0.22947,-1.46370,0.00000
152940000000,4.89733,7.90410,0.02073,0.76060,0.00000,0.00000,-0.64923,0.23257,-1.46285,0.00000
152960000000,4.90256,7.87514,0.02073,0.76125,0.00000,0.00000,-0.64846,0.23308,-1.44735,0.00000
152980000000,4.90779,7.84661,0.02073,0.76182,0.00000,0.00000,-0.64779,0.23219,-1.42566,0.00000
153000000000,4.91299,7.81845,0.02073,0.76232,0.00000,0.00000,-0.64720,0.23204,-1.41101,0.00000
153020000000,4.91817,7.79054,0.02073,0.76279,0.00000,0.00000,-0.64664,0.23135,-1.39409,0.00000
153040000000,4.92331,7.76310,0.02073,0.76316,0.00000,0.00000,-0.64620,0.22915,-1.37108,0.00000
153060000000,4.92839,7.73611,0.02073,0.76346,0.00000,0.00000,-0.64586,0.22653,-1.34794,0.00000
153080000000,4.93340,7.70958,0.02073,0.76365,0.00000,0.00000,-0.64563,0.22370,-1.32610,0.00000
153100000000,4.93834,7.68341,0.02073,0.76378,0.00000,0.00000,-0.64548,0.22092,-1.30657,0.00000
153120000000,4.94319,7.65770,0.02073,0.76381,0.00000,0.00000,-0.64544,0.21734,-1.28467,0.00000
153140000000,4.94795,7.63225,0.02073,0.76378,0.00000,0.00000,-0.64548,0.21488,-1.27085,0.00000
153160000000,4.95260,7.60725,0.02073,0.76368,0.00000,0.00000,-0.64560,0.21066,-1.24828,0.00000
153180000000,4.95715,7.58268,0.02073,0.76345,0.00000,0.00000,-0.64586,0.20602,-1.22597,0.00000
153200000000,4.96157,7.55856,0.02073,0.76314,0.00000,0.00000,-0.64623,0.20109,-1.20367,0.00000
153220000000,4.96587,7.53486,0.02073,0.76273,0.00000,0.00000,-0.64671,0.19611,-1.18313,0.00000
153240000000,4.97011,7.51107,0.02073,0.76223,0.00000,0.00000,-0.64730,0.19604,-1.19420,0.00000
153260000000,4.97432,7.48683,0.02073,0.76169,0.00000,0.00000,-0.64794,0.19769,-1.21691,0.00000
153280000000,4.97841,7.46256,0.02073,0.76115,0.00000,0.00000,-0.64858,0.19461,-1.21082,0.00000
153300000000,4.98235,7.43851,0.02073,0.76060,0.00000,0.00000,-0.64922,0.19165,-1.20546,0.00000
153320000000,4.98628,7.41400,0.02073,0.76002,0.00000,0.00000,-0.64990,0.19402,-1.23452,0.00000
153340000000,4.99016,7.38921,0.02073,0.75938,0.00000,0.00000,-0.65064,0.19298,-1.24369,0.00000
153360000000,4.99403,7.36413,0.02073,0.75866,0.00000,0.00000,-0.65148,0.19194,-1.25539,0.00000
153380000000,4.99784,7.33893,0.02073,0.75785,0.00000,0.00000,-0.65243,0.18976,-1.26229,0.00000
153400000000,5.00155,7.31367,0.02073,0.75696,0.00000,0.00000,-0.65346,0.18667,-1.26498,0.00000
153420000000,5.00520,7.28780,0.02073,0.75606,0.00000,0.00000,-0.65450,0.18854,-1.30249,0.00000
153440000000,5.00876,7.26147,0.02073,0.75516,0.00000,0.00000,-0.65555,0.18736,-1.32012,0.00000
153460000000,5.01226,7.23450,0.02073,0.75425,0.00000,0.00000,-0.65659,0.18864,-1.35601,0.00000
153480000000,5.01568,7.20708,0.02073,0.75335,0.00000,0.00000,-0.65762,0.18717,-1.37299,0.00000
153500000000,5.01905,7.17903,0.02073,0.75246,0.00000,0.00000,-0.65863,0.18820,-1.40888,0.00000
153520000000,5.02235,7.15051,0.02073,0.75160,0.00000,0.00000,-0.65962,0.18696,-1.42825,0.00000
153540000000,5.02562,7.12129,0.02073,0.75075,0.00000,0.00000,-0.66059,0.18805,-1.46588,0.00000
153560000000,5.02897,7.09170,0.02073,0.75009,0.00000,0.00000,-0.66133,0.18744,-1.48429,0.00000
153580000000,5.03247,7.06187,0.02073,0.74974,0.00000,0.00000,-0.66174,0.18682,-1.49251,0.00000
153600000000,5.03595,7.03191,0.02073,0.74941,0.00000,0.00000,-0.66210,0.18588,-1.49676,0.00000
153620000000,5.03941,7.00194,0.02073,0.74910,0.00000,0.00000,-0.66246,0.18444,-1.49678,0.00000
153640000000,5.04284,6.97198,0.02073,0.74879,0.00000,0.00000,-0.66281,0.18302,-1.49680,0.00000
153660000000,5.04625,6.94201,0.02073,0.74849,0.00000,0.00000,-0.66315,0.18163,-1.49682,0.00000
153680000000,5.04964,6.91205,0.02073,0.74819,0.00000,0.00000,-0.66349,0.18027,-1.49684,0.00000
153700000000,5.05301,6.88208,0.02073,0.74790,0.00000,0.00000,-0.66382,0.17894,-1.49686,0.00000
153720000000,5.05635,6.85212,0.02073,0.74761,0.00000,0.00000,-0.66414,0.17763,-1.49687,0.00000
153740000000,5.05967,6.82216,0.02073,0.74733,0.00000,0.00000,-0.66445,0.17635,-1.49688,0.00000
153760000000,5.06298,6.79220,0.02073,0.74705,0.00000,0.00000,-0.66476,0.17509,-1.49689,0.00000
153780000000,5.06626,6.76223,0.02073,0.74678,0.00000,0.00000,-0.66507,0.17385,-1.49690,0.00000
153800000000,5.06952,6.73227,0.02073,0.74652,0.00000,0.00000,-0.66537,0.17264,-1.49691,0.00000
153820000000,5.07276,6.70231,0.02073,0.74626,0.00000,0.00000,-0.66566,0.17146,-1.49692,0.00000
153840000000,5.07595,6.67270,0.02073,0.74599,0.00000,0.00000,-0.66596,0.16697,-1.46805,0.00000
153860000000,5.07908,6.64338,0.02073,0.74575,0.00000,0.00000,-0.66623,0.16553,-1.46499,0.00000
153880000000,5.08214,6.61456,0.02073,0.74546,0.00000,0.00000,-0.66655,0.16002,-1.42737,0.00000
153900000000,5.08499,6.58603,0.02073,0.74494,0.00000,0.00000,-0.66713,0.15745,-1.42430,0.00000
153920000000,5.08771,6.55787,0.02073,0.74434,0.00000,0.00000,-0.66780,0.15233,-1.40097,0.00000
153940000000,5.09035,6.53009,0.02073,0.74372,0.00000,0.00000,-0.66849,0.14777,-1.38296,0.00000
153960000000,5.09290,6.50266,0.02073,0.74308,0.00000,0.00000,-0.66920,0.14323,-1.36514,0.00000
153980000000,5.09537,6.47559,0.02073,0.74242,0.00000,0.00000,-0.66994,0.13866,-1.34748,0.00000
154000000000,5.09773,6.44887,0.02073,0.74174,0.00000,0.00000,-0.67069,0.13413,-1.32989,0.00000
154020000000,5.09999,6.42250,0.02073,0.74106,0.00000,0.00000,-0.67143,0.12971,-1.31243,0.00000
154040000000,5.10216,6.39630,0.02073,0.74040,0.00000,0.00000,-0.67217,0.12686,-1.30998,0.00000
154060000000,5.10430,6.37031,0.02073,0.73982,0.00000,0.00000,-0.67280,0.12282,-1.29146,0.00000
154080000000,5.10649,6.34452,0.02073,0.73947,0.00000,0.00000,-0.67319,0.12128,-1.28968,0.00000
154100000000,5.10863,6.31909,0.02073,0.73913,0.00000,0.00000,-0.67356,0.11756,-1.26359,0.00000
154120000000,5.11073,6.29390,0.02073,0.73881,0.00000,0.00000,-0.67391,0.11544,-1.25382,0.00000
154140000000,5.11277,6.26920,0.02073,0.73850,0.00000,0.00000,-0.67425,0.11218,-1.23075,0.00000
154160000000,5.11477,6.24474,0.02073,0.73820,0.00000,0.00000,-0.67458,0.10967,-1.21533,0.00000
154180000000,5.11674,6.22042,0.02073,0.73791,0.00000,0.00000,-0.67490,0.10856,-1.21462,0.00000
154200000000,5.11867,6.19644,0.02073,0.73762,0.00000,0.00000,-0.67522,0.10542,-1.19107,0.00000
154220000000,5.12056,6.17285,0.02073,0.73735,0.00000,0.00000,-0.67552,0.10304,-1.17498,0.00000
154240000000,5.12239,6.14968,0.02073,0.73708,0.00000,0.00000,-0.67581,0.10002,-1.15098,0.00000
154260000000,5.12419,6.12680,0.02073,0.73682,0.00000,0.00000,-0.67609,0.09791,-1.13667,0.00000
154280000000,5.12594,6.10430,0.02073,0.73658,0.00000,0.00000,-0.67636,0.09549,-1.11818,0.00000
154300000000,5.12768,6.08189,0.02073,0.73633,0.00000,0.00000,-0.67662,0.09493,-1.12109,0.00000
154320000000,5.12942,6.05921,0.02073,0.73609,0.00000,0.00000,-0.67689,0.09547,-1.13733,0.00000
154340000000,5.13117,6.03626,0.02073,0.73585,0.00000,0.00000,-0.67715,0.09560,-1.14857,0.00000
154360000000,5.13293,6.01307,0.02073,0.73560,0.00000,0.00000,-0.67741,0.09597,-1.16331,0.00000
154380000000,5.13470,5.98956,0.02073,0.73537,0.00000,0.00000,-0.67767,0.09633,-1.17765,0.00000
154400000000,5.13647,5.96582,0.02073,0.73512,0.00000,0.00000,-0.67793,0.09660,-1.19138,0.00000
154420000000,5.13826,5.94171,0.02073,0.73489,0.00000,0.00000,-0.67819,0.09712,-1.20822,0.00000
154440000000,5.14006,5.91729,0.02073,0.73465,0.00000,0.00000,-0.67845,0.09767,-1.22593,0.00000
154460000000,5.14187,5.89251,0.02073,0.73441,0.00000,0.00000,-0.67870,0.09811,-1.24233,0.00000
154480000000,5.14368,5.86746,0.02073,0.73419,0.00000,0.00000,-0.67895,0.09811,-1.25293,0.00000
154500000000,5.14549,5.84222,0.02073,0.73396,0.00000,0.00000,-0.67920,0.09845,-1.26851,0.00000
154520000000,5.14731,5.81660,0.02073,0.73373,0.00000,0.00000,-0.67944,0.09871,-1.28282,0.00000
154540000000,5.14914,5.79082,0.02073,0.73350,0.00000,0.00000,-0.67968,0.09870,-1.29395,0.00000
154560000000,5.15098,5.76463,0.02073,0.73328,0.00000,0.00000,-0.67992,0.09923,-1.31221,0.00000
154580000000,5.15282,5.73814,0.02073,0.73306,0.00000,0.00000,-0.68017,0.09980,-1.33155,0.00000
154600000000,5.15468,5.71130,0.02073,0.73284,0.00000,0.00000,-0.68040,0.09982,-1.34329,0.00000
154620000000,5.15654,5.68416,0.02073,0.73261,0.00000,0.00000,-0.68064,0.10036,-1.36275,0.00000
154640000000,5.15841,5.65670,0.02073,0.73240,0.00000,0.00000,-0.68088,0.10035,-1.37446,0.00000
154660000000,5.16028,5.62900,0.02073,0.73219,0.00000,0.00000,-0.68110,0.10044,-1.38755,0.00000
154680000000,5.16215,5.60100,0.02073,0.73197,0.00000,0.00000,-0.68134,0.10094,-1.40703,0.00000
154700000000,5.16404,5.57259,0.02073,0.73175,0.00000,0.00000,-0.68157,0.10131,-1.42471,0.00000
154720000000,5.16593,5.54389,0.02073,0.73155,0.00000,0.00000,-0.68179,0.10130,-1.43711,0.00000
154740000000,5.16782,5.51496,0.02073,0.73134,0.00000,0.00000,-0.68201,0.10118,-1.44765,0.00000
154760000000,5.16972,5.48581,0.02073,0.73113,0.00000,0.00000,-0.68223,0.10147,-1.46475,0.00000
154780000000,5.17162,5.45626,0.02073,0.73093,0.00000,0.00000,-0.68245,0.10163,-1.47986,0.00000
154800000000,5.17353,5.42642,0.02073,0.73073,0.00000,0.00000,-0.68267,0.10181,-1.49557,0.00000
154820000000,5.17543,5.39638,0.02073,0.73053,0.00000,0.00000,-0.68288,0.10136,-1.50155,0.00000
154840000000,5.17732,5.36634,0.02073,0.73034,0.00000,0.00000,-0.68308,0.10052,-1.50152,0.00000
154860000000,5.17919,5.33630,0.02073,0.73015,0.00000,0.00000,-0.68328,0.09969,-1.50148,0.00000
154880000000,5.18105,5.30627,0.02073,0.72997,0.00000,0.00000,-0.68348,0.09888,-1.50144,0.00000
154900000000,5.18289,5.27623,0.02073,0.72979,0.00000,0.00000,-0.68367,0.09808,-1.50140,0.00000
154920000000,5.18472,5.24620,0.02073,0.72961,0.00000,0.00000,-0.68386,0.09730,-1.50136,0.00000
154940000000,5.18654,5.21616,0.02073,0.72944,0.00000,0.00000,-0.68404,0.09654,-1.50132,0.00000
154960000000,5.18835,5.18613,0.02073,0.72927,0.00000,0.00000,-0.68422,0.09579,-1.50129,0.00000
154980000000,5.19014,5.15610,0.02073,0.72910,0.00000,0.00000,-0.68440,0.09505,-1.50125,0.00000
155000000000,5.19192,5.12607,0.02073,0.72894,0.00000,0.00000,-0.68458,0.09433,-1.50121,0.00000
155020000000,5.19369,5.09603,0.02073,0.72878,0.00000,0.00000,-0.68475,0.09362,-1.50117,0.00000
155040000000,5.19545,5.06601,0.02073,0.72862,0.00000,0.00000,-0.68491,0.09293,-1.50114,0.00000
155060000000,5.19720,5.03598,0.02073,0.72847,0.00000,0.00000,-0.68508,0.09225,-1.50110,0.00000
155080000000,5.19893,5.00595,0.02073,0.72832,0.00000,0.00000,-0.68524,0.09158,-1.50107,0.00000
155100000000,5.20066,4.97592,0.02073,0.72817,0.00000,0.00000,-0.68540,0.09093,-1.50103,0.00000
155120000000,5.20237,4.94590,0.02073,0.72803,0.00000,0.00000,-0.68555,0.09029,-1.50100,0.00000
155140000000,5.20407,4.91587,0.02073,0.72788,0.00000,0.00000,-0.68570,0.08966,-1.50096,0.00000
155160000000,5.20576,4.88585,0.02073,0.72774,0.00000,0.00000,-0.68585,0.08904,-1.50093,0.00000
155180000000,5.20745,4.85582,0.02073,0.72761,0.00000,0.00000,-0.68599,0.08844,-1.50089,0.00000
155200000000,5.20912,4.82580,0.02073,0.72747,0.00000,0.00000,-0.68614,0.08785,-1.50086,0.00000
155220000000,5.21078,4.79578,0.02073,0.72734,0.00000,0.00000,-0.68628,0.08727,-1.50083,0.00000
155240000000,5.21243,4.76576,0.02073,0.72721,0.00000,0.00000,-0.68641,0.08670,-1.50080,0.00000
155260000000,5.21407,4.73574,0.02073,0.72708,0.00000,0.00000,-0.68655,0.08614,-1.50076,0.00000
155280000000,5.21570,4.70577,0.02073,0.72695,0.00000,0.00000,-0.68669,0.08528,-1.49564,0.00000
155300000000,5.21725,4.67632,0.02073,0.72674,0.00000,0.00000,-0.68691,0.08265,-1.46536,0.00000
155320000000,5.21875,4.64722,0.02073,0.72650,0.00000,0.00000,-0.68716,0.08087,-1.45194,0.00000
155340000000,5.22021,4.61841,0.02073,0.72625,0.00000,0.00000,-0.68743,0.07895,-1.43635,0.00000
155360000000,5.22164,4.58991,0.02073,0.72598,0.00000,0.00000,-0.68772,0.07695,-1.42060,0.00000
155380000000,5.22301,4.56173,0.02073,0.72568,0.00000,0.00000,-0.68803,0.07489,-1.40490,0.00000
155400000000,5.22433,4.53386,0.02073,0.72535,0.00000,0.00000,-0.68838,0.07272,-1.38931,0.00000
155420000000,5.22558,4.50630,0.02073,0.72499,0.00000,0.00000,-0.68876,0.07046,-1.37380,0.00000
155440000000,5.22678,4.47904,0.02073,0.72458,0.00000,0.00000,-0.68919,0.06807,-1.35841,0.00000
155460000000,5.22791,4.45209,0.02073,0.72414,0.00000,0.00000,-0.68965,0.06558,-1.34313,0.00000
155480000000,5.22896,4.42545,0.02073,0.72366,0.00000,0.00000,-0.69016,0.06296,-1.32799,0.00000
155500000000,5.22994,4.39910,0.02073,0.72314,0.00000,0.00000,-0.69071,0.06027,-1.31298,0.00000
155520000000,5.23083,4.37305,0.02073,0.72259,0.00000,0.00000,-0.69127,0.05754,-1.29813,0.00000
155540000000,5.23165,4.34730,0.02073,0.72203,0.00000,0.00000,-0.69186,0.05480,-1.28340,0.00000
155560000000,5.23241,4.32158,0.02073,0.72146,0.00000,0.00000,-0.69246,0.05300,-1.29155,0.00000
155580000000,5.23313,4.29521,0.02073,0.72087,0.00000,0.00000,-0.69307,0.05222,-1.32704,0.00000
155600000000,5.23384,4.26839,0.02073,0.72034,0.00000,0.00000,-0.69362,0.05096,-1.34771,0.00000
155620000000,5.23454,4.24121,0.02073,0.71985,0.00000,0.00000,-0.69412,0.04958,-1.36188,0.00000
155640000000,5.23521,4.21387,0.02073,0.71937,0.00000,0.00000,-0.69463,0.04794,-1.36933,0.00000
155660000000,5.23585,4.18626,0.02073,0.71889,0.00000,0.00000,-0.69512,0.04651,-1.38330,0.00000
155680000000,5.23647,4.15837,0.02073,0.71841,0.00000,0.00000,-0.69562,0.04505,-1.39724,0.00000
155700000000,5.23707,4.13021,0.02073,0.71794,0.00000,0.00000,-0.69611,0.04357,-1.41105,0.00000
155720000000,5.23764,4.10178,0.02073,0.71747,0.00000,0.00000,-0.69659,0.04207,-1.42483,0.00000
155740000000,5.23818,4.07307,0.02073,0.71700,0.00000,0.00000,-0.69707,0.04055,-1.43856,0.00000
155760000000,5.23869,4.04407,0.02073,0.71654,0.00000,0.00000,-0.69755,0.03904,-1.45362,0.00000
155780000000,5.23918,4.01476,0.02073,0.71608,0.00000,0.00000,-0.69802,0.03751,-1.46855,0.00000
155800000000,5.23964,3.98518,0.02072,0.71562,0.00000,0.00000,-0.69849,0.03592,-1.48217,0.00000
155820000000,5.24007,3.95532,0.02072,0.71517,0.00000,0.00000,-0.69895,0.03432,-1.49575,0.00000
155840000000,5.24047,3.92520,0.02072,0.71473,0.00000,0.00000,-0.69940,0.03272,-1.50901,0.00000
155860000000,5.24083,3.89498,0.02072,0.71430,0.00000,0.00000,-0.69984,0.03088,-1.51060,0.00000
155880000000,5.24117,3.86477,0.02072,0.71387,0.00000,0.00000,-0.70028,0.02905,-1.51043,0.00000
155900000000,5.24147,3.83456,0.02072,0.71346,0.00000,0.00000,-0.70070,0.02724,-1.51026,0.00000
155920000000,5.24175,3.80435,0.02072,0.71305,0.00000,0.00000,-0.70112,0.02548,-1.51009,0.00000
155940000000,5.24199,3.77415,0.02072,0.71264,0.00000,0.00000,-0.70153,0.02374,-1.50993,0.00000
155960000000,5.24221,3.74395,0.02072,0.71225,0.00000,0.00000,-0.70193,0.02204,-1.50976,0.00000
155980000000,5.24240,3.71375,0.02072,0.71186,0.00000,0.00000,-0.70232,0.02038,-1.50960,0.00000
156000000000,5.24255,3.68356,0.02072,0.71148,0.00000,0.00000,-0.70270,0.01874,-1.50943,0.00000
156020000000,5.24269,3.65337,0.02072,0.71111,0.00000,0.00000,-0.70308,0.01714,-1.50927,0.00000
156040000000,5.24278,3.62364,0.02072,0.71074,0.00000,0.00000,-0.70346,0.01520,-1.47732,0.00000
156060000000,5.24286,3.59413,0.02072,0.71038,0.00000,0.00000,-0.70382,0.01369,-1.47386,0.00000
156080000000,5.24291,3.56509,0.02072,0.71004,0.00000,0.00000,-0.70416,0.01201,-1.44503,0.00000
156100000000,5.24293,3.53634,0.02072,0.70971,0.00000,0.00000,-0.70450,0.01053,-1.43055,0.00000
156120000000,5.24293,3.50801,0.02072,0.70938,0.00000,0.00000,-0.70482,0.00910,-1.41193,0.00000
156140000000,5.24292,3.47986,0.02072,0.70907,0.00000,0.00000,-0.70514,0.00781,-1.40366,0.00000
156160000000,5.24288,3.45194,0.02072,0.70878,0.00000,0.00000,-0.70543,0.00659,-1.39450,0.00000
156180000000,5.24283,3.42412,0.02072,0.70850,0.00000,0.00000,-0.70571,0.00546,-1.38590,0.00000
156200000000,5.24277,3.39638,0.02072,0.70824,0.00000,0.00000,-0.70597,0.00446,-1.38716,0.00000
156220000000,5.24271,3.36857,0.02072,0.70801,0.00000,0.00000,-0.70621,0.00355,-1.39317,0.00000
156240000000,5.24265,3.34051,0.02072,0.70780,0.00000,0.00000,-0.70642,0.00275,-1.40639,0.00000
156260000000,5.24259,3.31218,0.02072,0.70762,0.00000,0.00000,-0.70659,0.00206,-1.41963,0.00000
156280000000,5.24254,3.28359,0.02072,0.70748,0.00000,0.00000,-0.70673,0.00152,-1.43291,0.00000
156300000000,5.24251,3.25473,0.02072,0.70739,0.00000,0.00000,-0.70683,0.00115,-1.44626,0.00000
156320000000,5.24250,3.22560,0.02072,0.70735,0.00000,0.00000,-0.70687,0.00099,-1.45968,0.00000
156340000000,5.24253,3.19621,0.02072,0.70737,0.00000,0.00000,-0.70685,0.00108,-1.47317,0.00000
156360000000,5.24261,3.16654,0.02072,0.70746,0.00000,0.00000,-0.70676,0.00147,-1.48678,0.00000
156380000000,5.24274,3.13660,0.02072,0.70763,0.00000,0.00000,-0.70659,0.00220,-1.50052,0.00000
156400000000,5.24294,3.10643,0.02072,0.70788,0.00000,0.00000,-0.70633,0.00330,-1.51002,0.00000
156420000000,5.24321,3.07637,0.02072,0.70822,0.00000,0.00000,-0.70599,0.00473,-1.49830,0.00000
156440000000,5.24356,3.04645,0.02072,0.70866,0.00000,0.00000,-0.70555,0.00656,-1.49389,0.00000
156460000000,5.24400,3.01684,0.02072,0.70919,0.00000,0.00000,-0.70502,0.00870,-1.47603,0.00000
156480000000,5.24455,2.98735,0.02072,0.70982,0.00000,0.00000,-0.70438,0.01133,-1.47345,0.00000
156500000000,5.24517,2.95850,0.02072,0.71051,0.00000,0.00000,-0.70369,0.01380,-1.43137,0.00000
156520000000,5.24590,2.93016,0.02072,0.71130,0.00000,0.00000,-0.70289,0.01678,-1.41222,0.00000
156540000000,5.24672,2.90239,0.02072,0.71214,0.00000,0.00000,-0.70204,0.01978,-1.38490,0.00000
156560000000,5.24765,2.87469,0.02072,0.71304,0.00000,0.00000,-0.70112,0.02337,-1.38579,0.00000
156580000000,5.24868,2.84711,0.02072,0.71399,0.00000,0.00000,-0.70016,0.02700,-1.38024,0.00000
156600000000,5.24982,2.81928,0.02072,0.71497,0.00000,0.00000,-0.69915,0.03123,-1.39584,0.00000
156620000000,5.25107,2.79126,0.02072,0.71598,0.00000,0.00000,-0.69812,0.03548,-1.40422,0.00000
156640000000,5.25241,2.76336,0.02072,0.71699,0.00000,0.00000,-0.69708,0.03923,-1.39264,0.00000
156660000000,5.25382,2.73550,0.02072,0.71798,0.00000,0.00000,-0.69606,0.04343,-1.40064,0.00000
156680000000,5.25524,2.70742,0.02072,0.71882,0.00000,0.00000,-0.69519,0.04686,-1.40164,0.00000
156700000000,5.25673,2.67922,0.02072,0.71965,0.00000,0.00000,-0.69434,0.05079,-1.41841,0.00000
156720000000,5.25830,2.65093,0.02072,0.72045,0.00000,0.00000,-0.69351,0.05395,-1.41558,0.00000
156740000000,5.25993,2.62225,0.02072,0.72124,0.00000,0.00000,-0.69268,0.05826,-1.44144,0.00000
156760000000,5.26164,2.59333,0.02072,0.72203,0.00000,0.00000,-0.69187,0.06186,-1.44915,0.00000
156780000000,5.26344,2.56399,0.02072,0.72280,0.00000,0.00000,-0.69105,0.06625,-1.47438,0.00000
156800000000,5.26530,2.53447,0.02072,0.72356,0.00000,0.00000,-0.69026,0.06971,-1.47906,0.00000
156820000000,5.26722,2.50490,0.02072,0.72430,0.00000,0.00000,-0.68948,0.07292,-1.47934,0.00000
156840000000,5.26919,2.47534,0.02072,0.72503,0.00000,0.00000,-0.68872,0.07605,-1.47960,0.00000
156860000000,5.27122,2.44577,0.02072,0.72574,0.00000,0.00000,-0.68797,0.07911,-1.47985,0.00000
156880000000,5.27328,2.41631,0.02072,0.72644,0.00000,0.00000,-0.68723,0.08157,-1.46973,0.00000
156900000000,5.27537,2.38721,0.02072,0.72711,0.00000,0.00000,-0.68652,0.08344,-1.45205,0.00000
156920000000,5.27749,2.35846,0.02072,0.72775,0.00000,0.00000,-0.68584,0.08512,-1.43432,0.00000
156940000000,5.27963,2.33006,0.02072,0.72835,0.00000,0.00000,-0.68521,0.08654,-1.41659,0.00000
156960000000,5.28177,2.30202,0.02072,0.72890,0.00000,0.00000,-0.68462,0.08774,-1.39887,0.00000
156980000000,5.28392,2.27433,0.02072,0.72941,0.00000,0.00000,-0.68408,0.08867,-1.38123,0.00000
157000000000,5.28607,2.24700,0.02072,0.72986,0.00000,0.00000,-0.68360,0.08936,-1.36360,0.00000
157020000000,5.28820,2.22001,0.02072,0.73025,0.00000,0.00000,-0.68318,0.08976,-1.34602,0.00000
157040000000,5.29031,2.19337,0.02072,0.73059,0.00000,0.00000,-0.68281,0.08992,-1.32843,0.00000
157060000000,5.29240,2.16709,0.02072,0.73086,0.00000,0.00000,-0.68253,0.08976,-1.31093,0.00000
157080000000,5.29445,2.14115,0.02072,0.73106,0.00000,0.00000,-0.68231,0.08934,-1.29345,0.00000
157100000000,5.29645,2.11556,0.02072,0.73120,0.00000,0.00000,-0.68216,0.08865,-1.27606,0.00000
157120000000,5.29841,2.09031,0.02072,0.73126,0.00000,0.00000,-0.68210,0.08768,-1.25874,0.00000
157140000000,5.30031,2.06540,0.02072,0.73127,0.00000,0.00000,-0.68209,0.08650,-1.24150,0.00000
157160000000,5.30214,2.04084,0.02072,0.73119,0.00000,0.00000,-0.68217,0.08503,-1.22440,0.00000
157180000000,5.30388,2.01661,0.02072,0.73107,0.00000,0.00000,-0.68231,0.08341,-1.20740,0.00000
157200000000,5.30556,1.99272,0.02072,0.73089,0.00000,0.00000,-0.68249,0.08164,-1.19053,0.00000
157220000000,5.30715,1.96916,0.02072,0.73070,0.00000,0.00000,-0.68270,0.07982,-1.17374,0.00000
157240000000,5.30870,1.94585,0.02072,0.73048,0.00000,0.00000,-0.68294,0.07849,-1.16556,0.00000
157260000000,5.31021,1.92231,0.02072,0.73024,0.00000,0.00000,-0.68319,0.07870,-1.18074,0.00000
157280000000,5.31172,1.89814,0.02072,0.73002,0.00000,0.00000,-0.68343,0.08028,-1.21652,0.00000
157300000000,5.31322,1.87342,0.02072,0.72980,0.00000,0.00000,-0.68366,0.08129,-1.24386,0.00000
157320000000,5.31480,1.84829,0.02072,0.72970,0.00000,0.00000,-0.68376,0.08200,-1.26011,0.00000
157340000000,5.31641,1.82289,0.02072,0.72965,0.00000,0.00000,-0.68382,0.08244,-1.27005,0.00000
157360000000,5.31805,1.79701,0.02072,0.72959,0.00000,0.00000,-0.68388,0.08414,-1.29954,0.00000
157380000000,5.31970,1.77101,0.02072,0.72954,0.00000,0.00000,-0.68394,0.08394,-1.29965,0.00000
157400000000,5.32136,1.74468,0.02072,0.72948,0.00000,0.00000,-0.68400,0.08551,-1.32715,0.00000
157420000000,5.32303,1.71809,0.02072,0.72943,0.00000,0.00000,-0.68405,0.08546,-1.32959,0.00000
157440000000,5.32472,1.69122,0.02072,0.72938,0.00000,0.00000,-0.68411,0.08684,-1.35438,0.00000
157460000000,5.32643,1.66402,0.02072,0.72933,0.00000,0.00000,-0.68417,0.08696,-1.35954,0.00000
157480000000,5.32815,1.63655,0.02072,0.72927,0.00000,0.00000,-0.68422,0.08798,-1.37875,0.00000
157500000000,5.32989,1.60876,0.02072,0.72922,0.00000,0.00000,-0.68428,0.08846,-1.38948,0.00000
157520000000,5.33164,1.58064,0.02072,0.72917,0.00000,0.00000,-0.68433,0.08974,-1.41298,0.00000
157540000000,5.33341,1.55224,0.02072,0.72912,0.00000,0.00000,-0.68438,0.09000,-1.42038,0.00000
157560000000,5.33520,1.52345,0.02072,0.72907,0.00000,0.00000,-0.68444,0.09140,-1.44587,0.00000
157580000000,5.33697,1.49460,0.02072,0.72899,0.00000,0.00000,-0.68453,0.09038,-1.43525,0.00000
157600000000,5.33864,1.46617,0.02072,0.72880,0.00000,0.00000,-0.68473,0.08837,-1.41596,0.00000
157620000000,5.34028,1.43809,0.02072,0.72859,0.00000,0.00000,-0.68495,0.08651,-1.39973,0.00000
157640000000,5.34188,1.41033,0.02072,0.72836,0.00000,0.00000,-0.68519,0.08459,-1.38371,0.00000
157660000000,5.34345,1.38277,0.02072,0.72812,0.00000,0.00000,-0.68545,0.08305,-1.37434,0.00000
157680000000,5.34497,1.35552,0.02072,0.72786,0.00000,0.00000,-0.68573,0.08104,-1.35830,0.00000
157700000000,5.34644,1.32859,0.02072,0.72757,0.00000,0.00000,-0.68603,0.07896,-1.34233,0.00000
157720000000,5.34785,1.30197,0.02072,0.72725,0.00000,0.00000,-0.68637,0.07679,-1.32647,0.00000
157740000000,5.34921,1.27567,0.02072,0.72690,0.00000,0.00000,-0.68674,0.07452,-1.31068,0.00000
157760000000,5.35050,1.24968,0.02072,0.72650,0.00000,0.00000,-0.68716,0.07212,-1.29498,0.00000
157780000000,5.35171,1.22401,0.02072,0.72606,0.00000,0.00000,-0.68763,0.06962,-1.27939,0.00000
157800000000,5.35285,1.19864,0.02072,0.72557,0.00000,0.00000,-0.68814,0.06698,-1.26396,0.00000
157820000000,5.35391,1.17358,0.02072,0.72504,0.00000,0.00000,-0.68871,0.06421,-1.24867,0.00000
157840000000,5.35488,1.14882,0.02072,0.72444,0.00000,0.00000,-0.68934,0.06129,-1.23356,0.00000
157860000000,5.35575,1.12436,0.02072,0.72379,0.00000,0.00000,-0.69002,0.05825,-1.21861,0.00000
157880000000,5.35653,1.10019,0.02072,0.72308,0.00000,0.00000,-0.69076,0.05507,-1.20386,0.00000
157900000000,5.35721,1.07631,0.02072,0.72231,0.00000,0.00000,-0.69157,0.05174,-1.18933,0.00000
157920000000,5.35778,1.05272,0.02072,0.72149,0.00000,0.00000,-0.69242,0.04834,-1.17502,0.00000
157940000000,5.35825,1.02942,0.02072,0.72064,0.00000,0.00000,-0.69331,0.04489,-1.16094,0.00000
157960000000,5.35861,1.00639,0.02072,0.71976,0.00000,0.00000,-0.69422,0.04145,-1.14708,0.00000
157980000000,5.35888,0.98363,0.02072,0.71886,0.00000,0.00000,-0.69515,0.03801,-1.13343,0.00000
158000000000,5.35907,0.96115,0.02072,0.71795,0.00000,0.00000,-0.69610,0.03462,-1.11998,0.00000
158020000000,5.35917,0.93899,0.02072,0.71703,0.00000,0.00000,-0.69704,0.03113,-1.10072,0.00000
158040000000,5.35922,0.91726,0.02072,0.71613,0.00000,0.00000,-0.69797,0.02775,-1.08066,0.00000
158060000000,5.35923,0.89617,0.02072,0.71530,0.00000,0.00000,-0.69882,0.02444,-1.04871,0.00000
158080000000,5.35925,0.87515,0.02072,0.71456,0.00000,0.00000,-0.69958,0.02217,-1.04659,0.00000
158100000000,5.35922,0.85410,0.02072,0.71383,0.00000,0.00000,-0.70032,0.02013,-1.05310,0.00000
158120000000,5.35916,0.83297,0.02072,0.71311,0.00000,0.00000,-0.70105,0.01806,-1.05882,0.00000
158140000000,5.35907,0.81162,0.02072,0.71239,0.00000,0.00000,-0.70179,0.01604,-1.06980,0.00000
158160000000,5.35892,0.78996,0.02072,0.71164,0.00000,0.00000,-0.70255,0.01402,-1.09057,0.00000
158180000000,5.35866,0.76815,0.02072,0.71077,0.00000,0.00000,-0.70342,0.01134,-1.08999,0.00000
158200000000,5.35835,0.74659,0.02072,0.70992,0.00000,0.00000,-0.70428,0.00855,-1.07259,0.00000
158220000000,5.35799,0.72535,0.02072,0.70906,0.00000,0.00000,-0.70514,0.00587,-1.05880,0.00000
158240000000,5.35757,0.70435,0.02072,0.70821,0.00000,0.00000,-0.70600,0.00326,-1.04666,0.00000
158260000000,5.35710,0.68368,0.02072,0.70735,0.00000,0.00000,-0.70686,0.00071,-1.02634,0.00000
158280000000,5.35661,0.66344,0.02072,0.70653,0.00000,0.00000,-0.70768,-0.00164,-1.00904,0.00000
158300000000,5.35612,0.64349,0.02072,0.70580,0.00000,0.00000,-0.70841,-0.00366,-0.99404,0.00000
158320000000,5.35560,0.62354,0.02072,0.70508,0.00000,0.00000,-0.70913,-0.00571,-0.99892,0.00000
158340000000,5.35506,0.60396,0.02072,0.70438,0.00000,0.00000,-0.70982,-0.00750,-0.97351,0.00000
158360000000,5.35449,0.58461,0.02072,0.70371,0.00000,0.00000,-0.71049,-0.00928,-0.96765,0.00000
158380000000,5.35391,0.56564,0.02072,0.70305,0.00000,0.00000,-0.71114,-0.01077,-0.94184,0.00000
158400000000,5.35331,0.54696,0.02072,0.70243,0.00000,0.00000,-0.71176,-0.01233,-0.93439,0.00000
158420000000,5.35269,0.52867,0.02072,0.70181,0.00000,0.00000,-0.71237,-0.01350,-0.90371,0.00000
158440000000,5.35206,0.51065,0.02072,0.70123,0.00000,0.00000,-0.71294,-0.01492,-0.90121,0.00000
158460000000,5.35142,0.49295,0.02072,0.70066,0.00000,0.00000,-0.71349,-0.01595,-0.87870,0.00000
158480000000,5.35078,0.47559,0.02072,0.70013,0.00000,0.00000,-0.71402,-0.01706,-0.86808,0.00000
158500000000,5.35013,0.45860,0.02072,0.69960,0.00000,0.00000,-0.71453,-0.01782,-0.84398,0.00000
158520000000,5.34947,0.44191,0.02072,0.69911,0.00000,0.00000,-0.71502,-0.01879,-0.83474,0.00000
158540000000,5.34881,0.42559,0.02072,0.69862,0.00000,0.00000,-0.71549,-0.01935,-0.81095,0.00000
158560000000,5.34815,0.40957,0.02072,0.69817,0.00000,0.00000,-0.71594,-0.02014,-0.80116,0.00000
158580000000,5.34749,0.39397,0.02072,0.69772,0.00000,0.00000,-0.71637,-0.02040,-0.77311,0.00000
158600000000,5.34682,0.37860,0.02072,0.69730,0.00000,0.00000,-0.71678,-0.02119,-0.76881,0.00000
158620000000,5.34616,0.36368,0.02072,0.69689,0.00000,0.00000,-0.71718,-0.02118,-0.73784,0.00000
158640000000,5.34551,0.34904,0.02072,0.69650,0.00000,0.00000,-0.71756,-0.02171,-0.72864,0.00000
158660000000,5.34485,0.33465,0.02072,0.69613,0.00000,0.00000,-0.71792,-0.02219,-0.71981,0.00000
158680000000,5.34420,0.32061,0.02072,0.69576,0.00000,0.00000,-0.71828,-0.02200,-0.69040,0.00000
158700000000,5.34356,0.30697,0.02072,0.69541,0.00000,0.00000,-0.71861,-0.02225,-0.67780,0.00000
158720000000,5.34293,0.29382,0.02072,0.69509,0.00000,0.00000,-0.71892,-0.02207,-0.65446,0.00000
158740000000,5.34231,0.28096,0.02072,0.69478,0.00000,0.00000,-0.71923,-0.02207,-0.63810,0.00000
158760000000,5.34169,0.26821,0.02072,0.69448,0.00000,0.00000,-0.71951,-0.02259,-0.63764,0.00000
158780000000,5.34108,0.25587,0.02072,0.69419,0.00000,0.00000,-0.71979,-0.02213,-0.61075,0.00000
158800000000,5.34048,0.24380,0.02072,0.69391,0.00000,0.00000,-0.72006,-0.02228,-0.60234,0.00000
158820000000,5.33988,0.23198,0.02072,0.69366,0.00000,0.00000,-0.72031,-0.02234,-0.59246,0.00000
158840000000,5.33927,0.21998,0.02072,0.69340,0.00000,0.00000,-0.72055,-0.02316,-0.60282,0.00000
158860000000,5.33864,0.20775,0.02072,0.69315,0.00000,0.00000,-0.72080,-0.02411,-0.61626,0.00000
158880000000,5.33799,0.19522,0.02072,0.69289,0.00000,0.00000,-0.72104,-0.02507,-0.62942,0.00000
158900000000,5.33732,0.18239,0.02072,0.69264,0.00000,0.00000,-0.72128,-0.02628,-0.64831,0.00000
158920000000,5.33662,0.16924,0.02072,0.69238,0.00000,0.00000,-0.72153,-0.02724,-0.66046,0.00000
158940000000,5.33591,0.15577,0.02072,0.69213,0.00000,0.00000,-0.72177,-0.02855,-0.68048,0.00000
158960000000,5.33517,0.14199,0.02072,0.69187,0.00000,0.00000,-0.72202,-0.02952,-0.69200,0.00000
158980000000,5.33440,0.12785,0.02072,0.69162,0.00000,0.00000,-0.72227,-0.03092,-0.71272,0.00000
159000000000,5.33361,0.11344,0.02072,0.69136,0.00000,0.00000,-0.72251,-0.03191,-0.72373,0.00000
159020000000,5.33279,0.09869,0.02072,0.69110,0.00000,0.00000,-0.72276,-0.03328,-0.74263,0.00000
159040000000,5.33195,0.08365,0.02072,0.69084,0.00000,0.00000,-0.72301,-0.03448,-0.75724,0.00000
159060000000,5.33110,0.06839,0.02072,0.69057,0.00000,0.00000,-0.72327,-0.03536,-0.76409,0.00000
159080000000,5.33020,0.05285,0.02072,0.69027,0.00000,0.00000,-0.72355,-0.03704,-0.78646,0.00000
159100000000,5.32927,0.03715,0.02072,0.68995,0.00000,0.00000,-0.72385,-0.03769,-0.78546,0.00000
159120000000,5.32834,0.02160,0.02072,0.68962,0.00000,0.00000,-0.72417,-0.03773,-0.77132,0.00000
159140000000,5.32740,0.00637,0.02072,0.68928,0.00000,0.00000,-0.72450,-0.03786,-0.75941,0.00000
159160000000,5.32647,-0.00863,0.02072,0.68893,0.00000,0.00000,-0.72483,-0.03795,-0.74670,0.00000
159180000000,5.32553,-0.02338,0.02072,0.68856,0.00000,0.00000,-0.72518,-0.03813,-0.73540,0.00000
159200000000,5.32459,-0.03791,0.02072,0.68817,0.00000,0.00000,-0.72555,-0.03830,-0.72390,0.00000
159220000000,5.32364,-0.05219,0.02072,0.68777,0.00000,0.00000,-0.72593,-0.03846,-0.71180,0.00000
159240000000,5.32268,-0.06623,0.02072,0.68734,0.00000,0.00000,-0.72634,-0.03853,-0.69779,0.00000
159260000000,5.32172,-0.07996,0.02072,0.68689,0.00000,0.00000,-0.72676,-0.03866,-0.68484,0.00000
159280000000,5.32075,-0.09326,0.02072,0.68644,0.00000,0.00000,-0.72719,-0.03789,-0.65648,0.00000
159300000000,5.31979,-0.10605,0.02072,0.68600,0.00000,0.00000,-0.72760,-0.03737,-0.63446,0.00000
159320000000,5.31885,-0.11821,0.02072,0.68560,0.00000,0.00000,-0.72798,-0.03601,-0.59994,0.00000
159340000000,5.31792,-0.13006,0.02072,0.68523,0.00000,0.00000,-0.72833,-0.03591,-0.58840,0.00000
159360000000,5.31701,-0.14163,0.02072,0.68489,0.00000,0.00000,-0.72865,-0.03570,-0.57606,0.00000
159380000000,5.31611,-0.15297,0.02072,0.68456,0.00000,0.00000,-0.72895,-0.03523,-0.56027,0.00000
159400000000,5.31522,-0.16415,0.02072,0.68425,0.00000,0.00000,-0.72925,-0.03566,-0.55948,0.00000
159420000000,5.31434,-0.17506,0.02072,0.68394,0.00000,0.00000,-0.72954,-0.03457,-0.53520,0.00000
159440000000,5.31350,-0.18559,0.02072,0.68365,0.00000,0.00000,-0.72981,-0.03444,-0.52676,0.00000
159460000000,5.31266,-0.19582,0.02072,0.68337,0.00000,0.00000,-0.73007,-0.03310,-0.50042,0.00000
159480000000,5.31186,-0.20569,0.02072,0.68311,0.00000,0.00000,-0.73031,-0.03303,-0.49410,0.00000
159500000000,5.31108,-0.21518,0.02072,0.68287,0.00000,0.00000,-0.73054,-0.03153,-0.46690,0.00000
159520000000,5.31033,-0.22430,0.02072,0.68264,0.00000,0.00000,-0.73076,-0.03072,-0.45061,0.00000
159540000000,5.30961,-0.23294,0.02072,0.68242,0.00000,0.00000,-0.73096,-0.02950,-0.42905,0.00000
159560000000,5.30892,-0.24132,0.02072,0.68222,0.00000,0.00000,-0.73115,-0.02862,-0.41293,0.00000
159580000000,5.30823,-0.24955,0.02072,0.68203,0.00000,0.00000,-0.73133,-0.02870,-0.41090,0.00000
159600000000,5.30758,-0.25733,0.02072,0.68184,0.00000,0.00000,-0.73150,-0.02692,-0.38261,0.00000
159620000000,5.30695,-0.26486,0.02072,0.68167,0.00000,0.00000,-0.73166,-0.02639,-0.37253,0.00000
159640000000,5.30636,-0.27191,0.02072,0.68151,0.00000,0.00000,-0.73181,-0.02479,-0.34783,0.00000
159660000000,5.30579,-0.27871,0.02072,0.68136,0.00000,0.00000,-0.73195,-0.02393,-0.33393,0.00000
159680000000,5.30525,-0.28510,0.02072,0.68122,0.00000,0.00000,-0.73207,-0.02273,-0.31541,0.00000
159700000000,5.30472,-0.29137,0.02072,0.68109,0.00000,0.00000,-0.73220,-0.02262,-0.31238,0.00000
159720000000,5.30422,-0.29723,0.02072,0.68097,0.00000,0.00000,-0.73231,-0.02085,-0.28666,0.00000
159740000000,5.30375,-0.30288,0.02072,0.68086,0.00000,0.00000,-0.73242,-0.02065,-0.28268,0.00000
159760000000,5.30330,-0.30816,0.02072,0.68075,0.00000,0.00000,-0.73252,-0.01901,-0.25914,0.00000
159780000000,5.30287,-0.31317,0.02072,0.68065,0.00000,0.00000,-0.73261,-0.01845,-0.25064,0.00000
159800000000,5.30248,-0.31781,0.02072,0.68056,0.00000,0.00000,-0.73269,-0.01664,-0.22521,0.00000
159820000000,5.30211,-0.32216,0.02072,0.68048,0.00000,0.00000,-0.73276,-0.01605,-0.21657,0.00000
159840000000,5.30178,-0.32607,0.02072,0.68041,0.00000,0.00000,-0.73283,-0.01400,-0.18839,0.00000
159860000000,5.30147,-0.32974,0.02072,0.68034,0.00000,0.00000,-0.73289,-0.01353,-0.18162,0.00000
159880000000,5.30119,-0.33298,0.02072,0.68028,0.00000,0.00000,-0.73295,-0.01158,-0.15511,0.00000
159900000000,5.30094,-0.33604,0.02072,0.68023,0.00000,0.00000,-0.73300,-0.01137,-0.15205,0.00000
159920000000,5.30071,-0.33865,0.02072,0.68019,0.00000,0.00000,-0.73304,-0.00928,-0.12389,0.00000
159940000000,5.30051,-0.34107,0.02072,0.68015,0.00000,0.00000,-0.73308,-0.00899,-0.11983,0.00000
159960000000,5.30034,-0.34306,0.02072,0.68011,0.00000,0.00000,-0.73311,-0.00698,-0.09300,0.00000
159980000000,5.30019,-0.34483,0.02072,0.68009,0.00000,0.00000,-0.73313,-0.00666,-0.08853,0.00000
160000000000,5.30008,-0.34617,0.02072,0.68006,0.00000,0.00000,-0.73315,-0.00448,-0.05949,0.00000
160020000000,5.29999,-0.34724,0.02072,0.68005,0.00000,0.00000,-0.73317,-0.00373,-0.04954,0.00000
160040000000,5.29994,-0.34785,0.02072,0.68004,0.00000,0.00000,-0.73318,-0.00189,-0.02511,0.00000
160060000000,5.29991,-0.34818,0.02072,0.68003,0.00000,0.00000,-0.73318,-0.00072,-0.00954,0.00000
160080000000,5.29989,-0.34836,0.02072,0.68003,0.00000,0.00000,-0.73318,-0.00068,-0.00904,0.00000
160100000000,5.29989,-0.34837,0.02072,0.68003,0.00000,0.00000,-0.73318,-0.00000,-0.00000,0.00000
160120000000,5.29989,-0.34837,0.02072,0.68003,0.00000,0.00000,-0.73318,-0.00000,-0.00000,0.00000
160140000000,5.29989,-0.34837,0.02072,0.68003,0.00000,0.00000,-0.73318,-0.00000,-0.00000,0.00000
160160000000,5.29989,-0.34837,0.02072,0.68003,0.00000,0.00000,-0.73318,-0.00000,-0.00000,0.00000
160180000000,5.29989,-0.34837,0.02072,0.68003,0.00000,0.00000,-0.73318,-0.00000,-0.00000,0.00000
160200000000,5.29989,-0.34837,0.02072,0.68003,0.00000,0.00000,-0.73318,-0.00000,-0.00000,0.00000
160220000000,5.29989,-0.34837,0.02072,0.68003,0.00000,0.00000,-0.73318,-0.00000,-0.00000,0.00000
160240000000,5.29989,-0.34837,0.02072,0.68003,0.00000,0.00000,-0.73318,-0.00000,-0.00000,0.00000
160260000000,5.29989,-0.34837,0.02072,0.68003,0.00000,0.00000,-0.73318,-0.00000,-0.00000,0.00000
160280000000,5.29989,-0.34837,0.02072,0.68003,0.00000,0.00000,-0.73318,-0.00000,-0.00000,0.00000
160300000000,5.29989,-0.34837,0.02072,0.68003,0.00000,0.00000,-0.73318,-0.00000,-0.00000,0.00000
160320000000,5.29989,-0.34837,0.02072,0.68003,0.00000,0.00000,-0.73318,-0.00000,-0.00000,0.00000
160340000000,5.29989,-0.34837,0.02072,0.68003,0.00000,0.00000,-0.73318,-0.00000,-0.00000,0.00000
160360000000,5.29989,-0.34837,0.02072,0.68003,0.00000,0.00000,-0.73318,-0.00000,-0.00000,0.00000
160380000000,5.29989,-0.34837,0.02072,0.68003,0.00000,0.00000,-0.73318,-0.00000,-0.00000,0.00000
160400000000,5.29989,-0.34837,0.02072,0.68003,0.00000,0.00000,-0.73318,-0.00000,-0.00000,0.00000
160420000000,5.29989,-0.34837,0.02072,0.68003,0.00000,0.00000,-0.73318,-0.00000,-0.00000,0.00000
160440000000,5.29989,-0.34837,0.02072,0.68003,0.00000,0.00000,-0.73318,-0.00000,-0.00000,0.00000
160460000000,5.29989,-0.34837,0.02072,0.68003,0.00000,0.00000,-0.73318,-0.00000,-0.00000,0.00000
160480000000,5.29989,-0.34837,0.02072,0.68003,0.00000,0.00000,-0.73318,-0.00000,-0.00000,0.00000
160500000000,5.29989,-0.34837,0.02072,0.68003,0.00000,0.00000,-0.73318,-0.00000,-0.00000,0.00000
160520000000,5.29989,-0.34837,0.02072,0.68003,0.00000,0.00000,-0.73318,-0.00000,-0.00000,0.00000
160540000000,5.29989,-0.34837,0.02072,0.68003,0.00000,0.00000,-0.73318,-0.00000,-0.00000,0.00000
160560000000,5.29989,-0.34837,0.02072,0.68003,0.00000,0.00000,-0.73318,-0.00000,-0.00000,0.00000
160580000000,5.29989,-0.34837,0.02072,0.68003,0.00000,0.00000,-0.73318,-0.00000,-0.00000,0.00000
160600000000,5.29989,-0.34837,0.02072,0.68003,0.00000,0.00000,-0.73318,-0.00000,-0.00000,0.00000
160620000000,5.29989,-0.34837,0.02072,0.68003,0.00000,0.00000,-0.73318,-0.00000,-0.00000,0.00000
160640000000,5.29989,-0.34837,0.02072,0.68003,0.00000,0.00000,-0.73318,-0.00000,-0.00000,0.00000
160660000000,5.29989,-0.34837,0.02072,0.68003,0.00000,0.00000,-0.73318,-0.00000,-0.00000,0.00000
160680000000,5.29989,-0.34837,0.02072,0.68003,0.00000,0.00000,-0.73318,-0.00000,-0.00000,0.00000
160700000000,5.29989,-0.34837,0.02072,0.68003,0.00000,0.00000,-0.73318,-0.00000,-0.00000,0.00000
160720000000,5.29989,-0.34837,0.02072,0.68003,0.00000,0.00000,-0.73318,-0.00000,-0.00000,0.00000
160740000000,5.29989,-0.34837,0.02072,0.68003,0.00000,0.00000,-0.73318,-0.00000,-0.00000,0.00000
160760000000,5.29989,-0.34837,0.02072,0.68003,0.00000,0.00000,-0.73318,-0.00000,-0.00000,0.00000
160780000000,5.29989,-0.34837,0.02072,0.68003,0.00000,0.00000,-0.73318,-0.00000,-0.00000,0.00000
160800000000,5.29989,-0.34837,0.02072,0.68003,0.00000,0.00000,-0.73318,-0.00000,-0.00000,0.00000
160820000000,5.29989,-0.34837,0.02072,0.68003,0.00000,0.00000,-0.73318,-0.00000,-0.00000,0.00000
160840000000,5.29989,-0.34837,0.02072,0.68003,0.00000,0.00000,-0.73318,-0.00000,-0.00000,0.00000
160860000000,5.29989,-0.34837,0.02072,0.68003,0.00000,0.00000,-0.73318,-0.00000,-0.00000,0.00000
160880000000,5.29989,-0.34837,0.02072,0.68003,0.00000,0.00000,-0.73318,-0.00000,-0.00000,0.00000
160900000000,5.29989,-0.34837,0.02072,0.68003,0.00000,0.00000,-0.73318,-0.00000,-0.00000,0.00000
160920000000,5.29989,-0.34837,0.02072,0.68003,0.00000,0.00000,-0.73318,-0.00000,-0.00000,0.00000
160940000000,5.29989,-0.34837,0.02072,0.68003,0.00000,0.00000,-0.73318,-0.00000,-0.00000,0.00000
160960000000,5.29989,-0.34837,0.02072,0.68003,0.00000,0.00000,-0.73318,-0.00000,-0.00000,0.00000
160980000000,5.29989,-0.34837,0.02072,0.68003,0.00000,0.00000,-0.73318,-0.00000,-0.00000,0.00000
161000000000,5.29989,-0.34837,0.02072,0.68003,0.00000,0.00000,-0.73318,-0.00000,-0.00000,0.00000
161020000000,5.29989,-0.34837,0.02072,0.68003,0.00000,0.00000,-0.73318,-0.00000,-0.00000,0.00000
161040000000,5.29989,-0.34837,0.02072,0.68003,0.00000,0.00000,-0.73318,-0.00000,-0.00000,0.00000
161060000000,5.29989,-0.34837,0.02072,0.68003,0.00000,0.00000,-0.73318,-0.00000,-0.00000,0.00000
161080000000,5.29989,-0.34837,0.02072,0.68003,0.00000,0.00000,-0.73318,-0.00000,-0.00000,0.00000
161100000000,5.29989,-0.34837,0.02072,0.68003,0.00000,0.00000,-0.73318,-0.00000,-0.00000,0.00000
161120000000,5.29989,-0.34837,0.02072,0.68003,0.00000,0.00000,-0.73318,-0.00000,-0.00000,0.00000
161140000000,5.29989,-0.34837,0.02072,0.68003,0.00000,0.00000,-0.73318,-0.00000,-0.00000,0.00000
161160000000,5.29989,-0.34837,0.02072,0.68003,0.00000,0.00000,-0.73318,-0.00000,-0.00000,0.00000
161180000000,5.29989,-0.34837,0.02072,0.68003,0.00000,0.00000,-0.73318,-0.00000,-0.00000,0.00000
161200000000,5.29989,-0.34837,0.02072,0.68003,0.00000,0.00000,-0.73318,-0.00000,-0.00000,0.00000
161220000000,5.29989,-0.34837,0.02072,0.68003,0.00000,0.00000,-0.73318,-0.00000,-0.00000,0.00000
161240000000,5.29989,-0.34837,0.02072,0.68003,0.00000,0.00000,-0.73318,-0.00000,-0.00000,0.00000
161260000000,5.29989,-0.34837,0.02072,0.68003,0.00000,0.00000,-0.73318,-0.00000,-0.00000,0.00000
161280000000,5.29989,-0.34837,0.02072,0.68003,0.00000,0.00000,-0.73318,-0.00000,-0.00000,0.00000
161300000000,5.29989,-0.34837,0.02072,0.68003,0.00000,0.00000,-0.73318,-0.00000,-0.00000,0.00000
