69235000000,0.09360,0.24750,-0.15800,0.50000,0.50000,-0.50000,0.50000,0.00000,0.00000,0.00000
69268000000,0.09360,0.24750,-0.15800,0.50000,0.50000,-0.50000,0.50000,-0.00004,-0.00003,-0.00004
69301000000,0.09360,0.24750,-0.15800,0.50000,0.50000,-0.50000,0.50000,0.00005,0.00003,0.00003
69334000000,0.09360,0.24750,-0.15800,0.50000,0.50000,-0.50000,0.50000,-0.00001,-0.00000,0.00001
69367000000,0.09360,0.24750,-0.15800,0.50000,0.50000,-0.50000,0.50000,0.00000,0.00000,0.00000
69400000000,0.09360,0.24750,-0.15800,-0.50000,-0.50000,0.50000,-0.50000,0.00000,0.00001,0.00000
69466000000,0.09360,0.24750,-0.15800,0.50000,0.50000,-0.50000,0.50000,-0.00000,-0.00000,-0.00000
69499000000,0.09360,0.24750,-0.15800,0.50000,0.50000,-0.50000,0.50000,0.00001,-0.00000,-0.00001
69532000000,0.09360,0.24750,-0.15800,0.50000,0.50000,-0.50000,0.50000,-0.00001,0.00000,0.00002
69565000000,0.09360,0.24750,-0.15800,0.50000,0.50000,-0.50000,0.50000,0.00001,0.00000,-0.00001
69631000000,0.09360,0.24750,-0.15800,-0.50000,-0.50000,0.50000,-0.50000,0.00000,0.00000,0.00000
69664000000,0.09360,0.24750,-0.15800,0.50000,0.50000,-0.50000,0.50000,0.00000,0.00000,0.00002
69697000000,0.09360,0.24750,-0.15800,0.50000,0.50000,-0.50000,0.50000,-0.00001,-0.00000,-0.00002
69730000000,0.09360,0.24750,-0.15800,0.50000,0.50000,-0.50000,0.50000,0.00000,-0.00000,-0.00000
69763000000,0.09360,0.24750,-0.15800,-0.50000,-0.50000,0.50000,-0.50000,0.00002,0.00000,-0.00001
69796000000,0.09360,0.24750,-0.15800,-0.50000,-0.50000,0.50000,-0.50000,-0.00001,-0.00000,0.00001
69862000000,0.09360,0.24750,-0.15800,0.50000,0.50000,-0.50000,0.50000,-0.00000,-0.00000,0.00000
69895000000,0.09360,0.24750,-0.15800,0.50000,0.50000,-0.50000,0.50000,0.00000,-0.00000,-0.00001
69928000000,0.09360,0.24750,-0.15800,0.50000,0.50000,-0.50000,0.50000,0.00000,-0.00000,-0.00001
70027000000,0.09360,0.24750,-0.15800,0.50000,0.50000,-0.50000,0.50000,-0.00000,0.00001,0.00000
70060000000,0.09359,0.24749,-0.15800,0.50001,0.50000,-0.50000,0.50000,-0.00040,-0.00028,0.00015
70093000000,0.09360,0.24751,-0.15800,-0.50000,-0.50000,0.50000,-0.50000,0.00040,0.00042,-0.00011
70126000000,0.09359,0.24750,-0.15799,0.50001,0.50000,-0.50000,0.50000,-0.00038,-0.00025,0.00014
70159000000,0.09360,0.24751,-0.15800,-0.50000,-0.50000,0.50000,-0.50000,0.00039,0.00026,-0.00013
70192000000,0.09360,0.24751,-0.15800,-0.50000,-0.50000,0.50000,-0.50000,0.00001,0.00000,-0.00000
70225000000,0.09360,0.24751,-0.15800,-0.50000,-0.50000,0.50000,-0.50000,-0.00001,-0.00001,0.00000
70258000000,0.09360,0.24751,-0.15800,-0.50000,-0.50000,0.50000,-0.50000,0.00000,0.00001,0.00001
70291000000,0.09360,0.24748,-0.15801,0.50000,0.50000,-0.50000,0.50000,-0.00003,-0.00074,-0.00022
70324000000,0.09364,0.24752,-0.15797,0.49999,0.50000,-0.50000,0.50001,0.00122,0.00107,0.00122
70357000000,0.09360,0.24750,-0.15800,0.50000,0.50000,-0.50000,0.50000,-0.00119,-0.00047,-0.00108
70390000000,0.09364,0.24753,-0.15796,0.49999,0.50001,-0.50000,0.50001,0.00114,0.00095,0.00115
70423000000,0.09364,0.24753,-0.15796,0.49999,0.50001,-0.50000,0.50001,0.00005,0.00003,0.00006
70456000000,0.09364,0.24753,-0.15796,0.49999,0.50001,-0.50000,0.50001,0.00001,-0.00000,-0.00001
70489000000,0.09364,0.24752,-0.15796,0.49999,0.50000,-0.50000,0.50001,-0.00000,-0.00041,-0.00003
70522000000,0.09360,0.24751,-0.15800,-0.50000,-0.50000,0.50000,-0.50000,-0.00125,-0.00031,-0.00103
70555000000,0.09361,0.24751,-0.15799,0.50000,0.50000,-0.50000,0.50000,0.00019,0.00012,0.00010
70588000000,0.09359,0.24754,-0.15799,0.50000,0.50000,-0.50001,0.49999,-0.00047,0.00084,0.00005
70621000000,0.09360,0.24752,-0.15799,0.50000,0.50000,-0.50000,0.50000,0.00034,-0.00055,-0.00007
70654000000,0.09360,0.24753,-0.15799,-0.50000,-0.50000,0.50000,-0.50000,0.00011,0.00006,0.00017
70687000000,0.09360,0.24752,-0.15799,0.50000,0.50000,-0.50000,0.50000,-0.00011,-0.00006,-0.00018
70720000000,0.09360,0.24752,-0.15799,0.50000,0.50000,-0.50000,0.50000,0.00000,0.00000,0.00000
70753000000,0.09360,0.24753,-0.15799,0.50000,0.50000,-0.50000,0.50000,-0.00000,0.00027,0.00017
70819000000,0.09360,0.24750,-0.15800,0.50000,0.50000,-0.50000,0.50000,-0.00001,-0.00049,-0.00017
70852000000,0.09360,0.24750,-0.15800,-0.50000,-0.50000,0.50000,-0.50000,0.00001,-0.00001,-0.00002
70885000000,0.09360,0.24750,-0.15800,0.50000,0.50000,-0.50000,0.50000,-0.00001,-0.00000,0.00001
70918000000,0.09360,0.24750,-0.15800,0.50000,0.50000,-0.50000,0.50000,0.00001,0.00001,0.00001
70951000000,0.09360,0.24750,-0.15800,0.50000,0.50000,-0.50000,0.50000,-0.00001,-0.00001,-0.00002
70984000000,0.09360,0.24750,-0.15800,0.50000,0.50000,-0.50000,0.50000,0.00001,0.00001,0.00001
71050000000,0.09360,0.24750,-0.15800,0.50000,0.50000,-0.50000,0.50000,-0.00001,-0.00000,0.00000
71083000000,0.09360,0.24750,-0.15800,0.50000,0.50000,-0.50000,0.50000,0.00002,0.00000,0.00000
71116000000,0.09360,0.24751,-0.15800,0.50000,0.50000,-0.50000,0.50000,-0.00000,0.00020,0.00004
71149000000,0.09358,0.24754,-0.15800,0.50000,0.50001,-0.50001,0.49999,-0.00070,0.00100,0.00006
71182000000,0.09360,0.24751,-0.15800,0.50000,0.50000,-0.50000,0.50000,0.00071,-0.00102,-0.00001
71215000000,0.09360,0.24751,-0.15800,-0.50000,-0.50000,0.50000,-0.50000,0.00000,-0.00002,-0.00006
71281000000,0.09360,0.24750,-0.15800,0.50000,0.50000,-0.50000,0.50000,-0.00004,-0.00004,0.00000
71314000000,0.09360,0.24748,-0.15800,0.50000,0.50000,-0.50000,0.50000,0.00005,-0.00061,-0.00019
71347000000,0.09360,0.24748,-0.15800,0.50000,0.50000,-0.50000,0.50000,-0.00002,-0.00001,-0.00001
71413000000,0.09360,0.24748,-0.15800,0.50000,0.50000,-0.50000,0.50000,0.00000,0.00001,0.00001
71446000000,0.09358,0.24754,-0.15800,0.50000,0.50001,-0.50001,0.49999,-0.00067,0.00172,0.00026
71479000000,0.09358,0.24747,-0.15800,0.50001,0.50000,-0.49999,0.50001,0.00005,-0.00225,0.00002
71512000000,0.09360,0.24751,-0.15800,-0.50000,-0.50000,0.50000,-0.50000,0.00066,0.00124,-0.00009
71545000000,0.09358,0.24754,-0.15800,0.50000,0.50001,-0.50001,0.49999,-0.00070,0.00100,0.00006
71611000000,0.09360,0.24751,-0.15800,-0.50000,-0.50000,0.50000,-0.50000,0.00035,-0.00050,-0.00003
71644000000,0.09360,0.24751,-0.15800,0.50000,0.50000,-0.50000,0.50000,0.00000,0.00001,0.00000
71677000000,0.09416,-0.15686,-0.24793,0.70659,0.00092,-0.00190,0.70762,0.01701,-12.25352,-2.72511
71710000000,0.09414,-0.15688,-0.24793,0.70660,0.00092,-0.00190,0.70761,-0.00058,-0.00048,-0.00024
71743000000,0.12153,-0.18545,-0.25737,0.70569,0.00092,-0.00190,0.70852,0.82992,-0.86593,-0.28578
71776000000,0.12153,-0.18543,-0.25740,0.70569,0.00093,-0.00191,0.70852,-0.00008,0.00067,-0.00103
71809000000,0.12149,-0.18541,-0.25740,0.70570,0.00091,-0.00192,0.70851,-0.00104,0.00064,-0.00004
71842000000,0.12151,-0.18541,-0.25741,0.70569,0.00092,-0.00191,0.70852,0.00049,0.00004,-0.00019
71908000000,0.12151,-0.18543,-0.25737,0.70569,0.00092,-0.00190,0.70851,-0.00002,-0.00028,0.00060
71941000000,0.12153,-0.18543,-0.25738,0.70569,0.00092,-0.00191,0.70852,0.00077,-0.00025,-0.00030
71974000000,0.12156,-0.18544,-0.25738,0.70569,0.00093,-0.00191,0.70852,0.00065,-0.00008,-0.00008
72007000000,0.12156,-0.18544,-0.25740,0.70569,0.00092,-0.00192,0.70852,0.00010,-0.00004,-0.00048
72040000000,0.12155,-0.18544,-0.25743,0.70569,0.00093,-0.00191,0.70852,-0.00016,0.00004,-0.00108
72073000000,0.12155,-0.18545,-0.25744,0.70569,0.00094,-0.00192,0.70852,-0.00007,-0.00037,-0.00035
72106000000,0.12155,-0.18545,-0.25743,0.70569,0.00094,-0.00191,0.70852,-0.00016,0.00006,0.00041
72139000000,0.12154,-0.18544,-0.25742,0.70569,0.00094,-0.00191,0.70852,-0.00005,0.00032,0.00023
72172000000,0.09360,0.24750,-0.15800,0.50000,0.50000,-0.50000,0.50000,-0.84678,13.11927,3.01277
72271000000,0.09360,0.24750,-0.15800,0.50000,0.50000,-0.50000,0.50000,0.00000,0.00000,0.00000
72304000000,0.09358,0.24753,-0.15800,0.50000,0.50001,-0.50000,0.49999,-0.00062,0.00078,0.00001
72337000000,0.09360,0.24750,-0.15800,0.50000,0.50000,-0.50000,0.50000,0.00059,-0.00080,-0.00004
72403000000,0.09347,0.24739,-0.15736,0.50003,0.50001,-0.49997,0.49999,-0.00197,-0.00160,0.00976
72436000000,0.09378,0.24720,-0.15604,0.50004,0.49999,-0.49998,0.50000,0.00952,-0.00580,0.03994
72469000000,0.09360,0.24748,-0.15240,0.50005,0.50000,-0.50002,0.49994,-0.00569,0.00849,0.11034
72502000000,0.09360,0.24734,-0.14794,0.50013,0.49999,-0.50000,0.49989,0.00025,-0.00448,0.13519
72535000000,0.09409,0.24747,-0.14329,0.50012,0.50008,-0.49997,0.49983,0.01485,0.00412,0.14074
72601000000,0.09436,0.24799,-0.12914,0.50021,0.50035,-0.49983,0.49961,0.00401,0.00780,0.21445
72634000000,0.09468,0.24768,-0.12088,0.50041,0.50037,-0.49968,0.49955,0.00963,-0.00942,0.25014
72667000000,0.09488,0.24755,-0.11168,0.50057,0.50056,-0.49947,0.49940,0.00605,-0.00382,0.27883
72700000000,0.09551,0.24752,-0.10077,0.50077,0.50069,-0.49931,0.49923,0.01924,-0.00077,0.33054
72733000000,0.09576,0.24735,-0.08927,0.50105,0.50083,-0.49911,0.49900,0.00752,-0.00517,0.34866
72766000000,0.09614,0.24764,-0.07667,0.50120,0.50120,-0.49884,0.49876,0.01164,0.00865,0.38180
72832000000,0.09810,0.24760,-0.04730,0.50175,0.50178,-0.49822,0.49823,0.02965,-0.00060,0.44505
72865000000,0.09933,0.24794,-0.03159,0.50222,0.50213,-0.49783,0.49779,0.03735,0.01041,0.47583
72898000000,0.10013,0.24745,-0.01420,0.50282,0.50247,-0.49732,0.49736,0.02411,-0.01498,0.52708
72931000000,0.10122,0.24788,0.00449,0.50322,0.50300,-0.49687,0.49687,0.03323,0.01315,0.56622
72964000000,0.10292,0.24754,0.02379,0.50384,0.50339,-0.49638,0.49633,0.05137,-0.01026,0.58513
72997000000,0.10432,0.24758,0.04318,0.50439,0.50391,-0.49582,0.49581,0.04254,0.00114,0.58733
73063000000,0.10743,0.24697,0.08099,0.50559,0.50491,-0.49464,0.49475,0.04700,-0.00925,0.57288
73096000000,0.10968,0.24732,0.10040,0.50602,0.50551,-0.49416,0.49417,0.06838,0.01050,0.58834
73129000000,0.11081,0.24725,0.11925,0.50646,0.50629,-0.49348,0.49360,0.03411,-0.00198,0.57103
73162000000,0.11283,0.24714,0.13811,0.50703,0.50693,-0.49282,0.49302,0.06126,-0.00334,0.57174
73195000000,0.11443,0.24708,0.15741,0.50771,0.50752,-0.49220,0.49233,0.04855,-0.00190,0.58461
73228000000,0.11633,0.24751,0.17796,0.50832,0.50822,-0.49153,0.49165,0.05763,0.01299,0.62275
73261000000,0.11910,0.24654,0.19564,0.50901,0.50864,-0.49088,0.49114,0.08373,-0.02936,0.53578
73294000000,0.12105,0.24711,0.21518,0.50954,0.50936,-0.49026,0.49047,0.05927,0.01725,0.59220
73327000000,0.12319,0.24743,0.23618,0.51024,0.51008,-0.48958,0.48968,0.06473,0.00980,0.63647
73360000000,0.12570,0.24675,0.25436,0.51094,0.51058,-0.48890,0.48910,0.07616,-0.02051,0.55072
73393000000,0.12752,0.24706,0.27610,0.51175,0.51130,-0.48819,0.48822,0.05525,0.00938,0.65897
73426000000,0.13036,0.24650,0.29487,0.51250,0.51186,-0.48745,0.48759,0.08599,-0.01711,0.56875
73525000000,0.13777,0.24714,0.35384,0.51434,0.51400,-0.48539,0.48544,0.07482,0.00649,0.59559
73558000000,0.14089,0.24729,0.37311,0.51495,0.51457,-0.48477,0.48481,0.09462,0.00455,0.58418
73591000000,0.14360,0.24709,0.39310,0.51569,0.51511,-0.48410,0.48412,0.08217,-0.00597,0.60571
73624000000,0.14647,0.24713,0.41281,0.51610,0.51588,-0.48347,0.48349,0.08694,0.00120,0.59720
73657000000,0.15011,0.24859,0.43449,0.51645,0.51662,-0.48282,0.48298,0.11027,0.04408,0.65689
73690000000,0.15283,0.24826,0.45399,0.51722,0.51718,-0.48214,0.48223,0.08245,-0.00981,0.59110
73756000000,0.15793,0.24795,0.49354,0.51867,0.51840,-0.48072,0.48078,0.07720,-0.00469,0.59915
73789000000,0.16131,0.24841,0.51341,0.51908,0.51904,-0.48017,0.48019,0.10238,0.01369,0.60220
73855000000,0.16723,0.24762,0.55166,0.52059,0.52008,-0.47878,0.47882,0.08968,-0.01196,0.57948
73888000000,0.17035,0.24808,0.57261,0.52096,0.52068,-0.47828,0.47826,0.09474,0.01405,0.63511
73921000000,0.17280,0.24821,0.59259,0.52155,0.52139,-0.47755,0.47757,0.07416,0.00404,0.60527
73954000000,0.17661,0.24925,0.61145,0.52187,0.52197,-0.47713,0.47702,0.11562,0.03139,0.57156
73987000000,0.17978,0.24960,0.63130,0.52235,0.52254,-0.47657,0.47642,0.09600,0.01075,0.60143
74020000000,0.18284,0.24939,0.65154,0.52288,0.52302,-0.47598,0.47590,0.09261,-0.00647,0.61329
74086000000,0.18875,0.24946,0.69112,0.52387,0.52414,-0.47478,0.47479,0.08962,0.00104,0.59985
74152000000,0.19531,0.24942,0.73081,0.52486,0.52499,-0.47379,0.47374,0.09935,-0.00057,0.60136
74185000000,0.19853,0.24926,0.75075,0.52525,0.52550,-0.47324,0.47329,0.09755,-0.00475,0.60405
74218000000,0.20149,0.24735,0.76993,0.52575,0.52576,-0.47272,0.47297,0.08964,-0.05803,0.58131
74251000000,0.20466,0.24718,0.79023,0.52615,0.52615,-0.47223,0.47258,0.09626,-0.00501,0.61501
74284000000,0.20758,0.24715,0.80979,0.52662,0.52648,-0.47181,0.47211,0.08846,-0.00099,0.59286
74317000000,0.21063,0.24773,0.83068,0.52696,0.52690,-0.47145,0.47162,0.09228,0.01742,0.63304
74350000000,0.21387,0.24771,0.84957,0.52728,0.52728,-0.47106,0.47123,0.09808,-0.00057,0.57246
74383000000,0.21682,0.24738,0.87100,0.52768,0.52755,-0.47067,0.47088,0.08946,-0.01003,0.64925
74416000000,0.21984,0.24757,0.89059,0.52794,0.52786,-0.47033,0.47057,0.09145,0.00590,0.59359
74449000000,0.22287,0.24709,0.90982,0.52830,0.52810,-0.46996,0.47027,0.09189,-0.01445,0.58278
74482000000,0.22591,0.24673,0.92811,0.52853,0.52834,-0.46969,0.47000,0.09216,-0.01096,0.55416
74548000000,0.23242,0.24737,0.96949,0.52881,0.52893,-0.46920,0.46951,0.09861,0.00972,0.62708
74581000000,0.23494,0.24689,0.98862,0.52924,0.52896,-0.46899,0.46921,0.07660,-0.01465,0.57967
74614000000,0.23801,0.24725,1.00896,0.52931,0.52927,-0.46878,0.46899,0.09299,0.01074,0.61633
74647000000,0.24035,0.24733,1.02900,0.52953,0.52941,-0.46862,0.46875,0.07075,0.00260,0.60721
74680000000,0.24342,0.24660,1.04890,0.52966,0.52948,-0.46845,0.46870,0.09313,-0.02207,0.60293
74713000000,0.24587,0.24618,1.06854,0.52989,0.52954,-0.46824,0.46857,0.07417,-0.01296,0.59531
74746000000,0.24473,1.08971,-0.24371,0.74790,0.00113,-0.00099,0.66380,-0.03444,25.56166,-39.76509
74812000000,0.23519,1.18926,-0.23137,0.74875,0.00059,-0.00086,0.66286,-0.14458,1.50835,0.18688
74845000000,0.23782,1.20951,-0.23134,0.74876,0.00064,-0.00084,0.66284,0.07954,0.61359,0.00088
74878000000,0.24029,1.22958,-0.23149,0.74879,0.00061,-0.00096,0.66280,0.07494,0.60831,-0.00439
74911000000,0.24294,1.25038,-0.23166,0.74866,0.00068,-0.00092,0.66295,0.08043,0.63009,-0.00512
74944000000,0.24504,1.27086,-0.23171,0.74855,0.00075,-0.00089,0.66308,0.06346,0.62082,-0.00162
75010000000,0.25031,1.31205,-0.23358,0.74826,0.00098,-0.00110,0.66341,0.07990,0.62402,-0.02834
75043000000,0.25228,1.33241,-0.23310,0.74801,0.00089,-0.00109,0.66369,0.05959,0.61693,0.01476
75109000000,0.25601,1.37314,-0.23267,0.74743,0.00078,-0.00108,0.66434,0.05653,0.61720,0.00650
75142000000,0.25765,1.39389,-0.23264,0.74707,0.00087,-0.00106,0.66475,0.04970,0.62880,0.00087
75175000000,0.25915,1.41397,-0.23248,0.74668,0.00089,-0.00108,0.66518,0.04542,0.60846,0.00483
75208000000,0.26219,1.43559,-0.23309,0.74613,0.00092,-0.00097,0.66580,0.09230,0.65518,-0.01843
75241000000,0.26332,1.45599,-0.23278,0.74567,0.00086,-0.00107,0.66631,0.03413,0.61804,0.00916
75307000000,0.26622,1.49651,-0.23269,0.74464,0.00082,-0.00108,0.66746,0.04393,0.61395,0.00139
75340000000,0.26750,1.51652,-0.23229,0.74409,0.00090,-0.00095,0.66808,0.03878,0.60631,0.01213
75373000000,0.26869,1.53726,-0.23243,0.74351,0.00089,-0.00096,0.66872,0.03619,0.62840,-0.00410
75406000000,0.26990,1.55746,-0.23222,0.74280,0.00075,-0.00101,0.66951,0.03672,0.61233,0.00623
75439000000,0.27080,1.57810,-0.23235,0.74218,0.00070,-0.00106,0.67019,0.02706,0.62532,-0.00399
75472000000,0.27074,1.59792,-0.23185,0.74158,0.00045,-0.00112,0.67087,-0.00157,0.60068,0.01529
75505000000,0.27159,1.61849,-0.23177,0.74093,0.00045,-0.00105,0.67159,0.02568,0.62336,0.00251
75538000000,0.27243,1.63874,-0.23172,0.74021,0.00039,-0.00111,0.67238,0.02533,0.61357,0.00134
75571000000,0.27336,1.65904,-0.23178,0.73941,0.00039,-0.00110,0.67325,0.02825,0.61505,-0.00164
75604000000,0.27370,1.67974,-0.23184,0.73861,0.00047,-0.00104,0.67414,0.01045,0.62725,-0.00194
75637000000,0.27409,1.70015,-0.23192,0.73778,0.00051,-0.00108,0.67504,0.01172,0.61860,-0.00231
75670000000,0.27452,1.72011,-0.23181,0.73695,0.00047,-0.00099,0.67594,0.01299,0.60491,0.00313
75769000000,0.27607,1.78164,-0.23105,0.73423,0.00031,-0.00093,0.67890,0.01561,0.62148,0.00774
75802000000,0.27595,1.80212,-0.23095,0.73331,0.00029,-0.00100,0.67989,-0.00343,0.62076,0.00289
75835000000,0.27621,1.82213,-0.23094,0.73232,0.00035,-0.00097,0.68096,0.00769,0.60623,0.00031
75934000000,0.27575,1.88332,-0.23083,0.72942,0.00032,-0.00095,0.68407,-0.00466,0.61813,0.00110
75967000000,0.27547,1.90337,-0.23102,0.72843,0.00036,-0.00098,0.68512,-0.00829,0.60749,-0.00567
76000000000,0.27409,1.92484,-0.23158,0.72759,0.00028,-0.00110,0.68601,-0.04199,0.65073,-0.01691
76066000000,0.27339,1.96481,-0.23165,0.72547,0.00042,-0.00113,0.68826,-0.01059,0.60554,-0.00118
76099000000,0.27309,1.98481,-0.23178,0.72439,0.00039,-0.00114,0.68939,-0.00914,0.60606,-0.00379
76132000000,0.27233,2.00499,-0.23195,0.72332,0.00043,-0.00112,0.69051,-0.02276,0.61150,-0.00524
76165000000,0.27138,2.02489,-0.23204,0.72226,0.00047,-0.00115,0.69162,-0.02880,0.60318,-0.00272
76264000000,0.26634,2.08493,-0.23313,0.71921,0.00076,-0.00125,0.69479,-0.05095,0.60640,-0.01094
76297000000,0.26591,2.10470,-0.23264,0.71804,0.00068,-0.00122,0.69600,-0.01302,0.59917,0.01460
76363000000,0.26384,2.14450,-0.23236,0.71584,0.00068,-0.00123,0.69826,-0.03135,0.60301,0.00425
76396000000,0.26285,2.16463,-0.23229,0.71475,0.00073,-0.00124,0.69938,-0.02994,0.61004,0.00218
76429000000,0.26151,2.18452,-0.23229,0.71371,0.00065,-0.00126,0.70044,-0.04077,0.60288,0.00016
76462000000,0.26446,2.20534,-0.23383,0.71228,0.00097,-0.00114,0.70190,0.08939,0.63077,-0.04688
76495000000,0.26278,2.22500,-0.23376,0.71131,0.00081,-0.00119,0.70287,-0.05084,0.59570,0.00221
76528000000,0.26064,2.24488,-0.23344,0.71032,0.00081,-0.00114,0.70387,-0.06497,0.60239,0.00973
76561000000,0.25891,2.26468,-0.23332,0.70935,0.00072,-0.00121,0.70485,-0.05228,0.59999,0.00366
76594000000,0.25709,2.28454,-0.23327,0.70828,0.00076,-0.00120,0.70593,-0.05522,0.60205,0.00148
76627000000,0.25540,2.30389,-0.23302,0.70724,0.00077,-0.00118,0.70697,-0.05126,0.58635,0.00760
76660000000,0.25381,2.32383,-0.23297,0.70616,0.00075,-0.00119,0.70805,-0.04809,0.60400,0.00135
76726000000,0.24950,2.36046,-0.23092,0.70401,0.00057,-0.00113,0.71019,-0.06527,0.55510,0.03118
76759000000,0.24762,2.38018,-0.23075,0.70306,0.00048,-0.00111,0.71113,-0.05712,0.59756,0.00510
76792000000,0.24587,2.40027,-0.23080,0.70203,0.00056,-0.00114,0.71215,-0.05295,0.60868,-0.00155
76825000000,0.24372,2.42023,-0.23057,0.70107,0.00052,-0.00106,0.71309,-0.06523,0.60506,0.00709
76858000000,0.24183,2.43976,-0.23054,0.70011,0.00041,-0.00115,0.71403,-0.05722,0.59152,0.00071
76891000000,0.23904,2.45996,-0.23073,0.69922,0.00045,-0.00125,0.71490,-0.08460,0.61236,-0.00577
76957000000,0.23533,2.49926,-0.23059,0.69735,0.00045,-0.00128,0.71673,-0.05610,0.59542,0.00214
76990000000,0.23309,2.51882,-0.23069,0.69636,0.00052,-0.00128,0.71769,-0.06809,0.59272,-0.00292
77023000000,0.23119,2.53846,-0.23051,0.69543,0.00050,-0.00130,0.71860,-0.05763,0.59515,0.00550
77056000000,0.22947,2.55812,-0.23030,0.69439,0.00044,-0.00119,0.71960,-0.05185,0.59571,0.00609
77089000000,0.22729,2.57736,-0.23031,0.69359,0.00048,-0.00120,0.72037,-0.06621,0.58296,-0.00003
77122000000,0.22525,2.59719,-0.23014,0.69274,0.00048,-0.00122,0.72118,-0.06172,0.60109,0.00503
77155000000,0.22432,2.61774,-0.23165,0.69182,0.00070,-0.00138,0.72207,-0.02830,0.62271,-0.04568
77188000000,0.22167,2.63701,-0.23146,0.69108,0.00063,-0.00137,0.72278,-0.08014,0.58392,0.00570
77221000000,0.21948,2.65645,-0.23127,0.69032,0.00060,-0.00139,0.72350,-0.06641,0.58910,0.00579
77254000000,0.21714,2.67608,-0.23115,0.68967,0.00054,-0.00140,0.72413,-0.07099,0.59489,0.00342
77320000000,0.21316,2.71435,-0.23084,0.68796,0.00052,-0.00148,0.72575,-0.06029,0.57980,0.00471
77419000000,0.20394,2.77184,-0.22651,0.68616,0.00033,-0.00174,0.72744,-0.09310,0.58075,0.04376
77452000000,0.20181,2.79136,-0.22643,0.68555,0.00028,-0.00176,0.72802,-0.06453,0.59156,0.00247
77518000000,0.20671,2.84272,-0.22739,0.68397,0.00059,-0.00194,0.72951,0.07422,0.77812,-0.01457
77551000000,0.20456,2.86167,-0.22749,0.68349,0.00055,-0.00198,0.72996,-0.06540,0.57413,-0.00296
77584000000,0.20247,2.88082,-0.22729,0.68304,0.00057,-0.00192,0.73038,-0.06312,0.58046,0.00616
77650000000,0.19827,2.91932,-0.22719,0.68222,0.00061,-0.00187,0.73114,-0.06364,0.58335,0.00142
77683000000,0.19640,2.93820,-0.22745,0.68188,0.00055,-0.00196,0.73146,-0.05669,0.57217,-0.00786
77716000000,0.19442,2.95786,-0.22741,0.68147,0.00067,-0.00202,0.73185,-0.06003,0.59554,0.00122
77749000000,0.19240,2.97683,-0.22713,0.68128,0.00062,-0.00197,0.73202,-0.06119,0.57499,0.00841
77782000000,0.19067,2.99590,-0.22711,0.68103,0.00066,-0.00193,0.73226,-0.05243,0.57777,0.00069
77815000000,0.19085,3.01362,-0.22744,0.68080,0.00084,-0.00201,0.73246,0.00534,0.53695,-0.01012
77848000000,0.18882,3.03276,-0.22720,0.68071,0.00079,-0.00206,0.73255,-0.06134,0.58011,0.00738
77881000000,0.18693,3.05185,-0.22698,0.68061,0.00076,-0.00194,0.73265,-0.05742,0.57840,0.00686
77914000000,0.18556,3.07061,-0.22686,0.68054,0.00086,-0.00184,0.73270,-0.04158,0.56845,0.00358
77947000000,0.18393,3.08979,-0.22677,0.68060,0.00081,-0.00190,0.73265,-0.04929,0.58134,0.00270
78013000000,0.18088,3.12772,-0.22641,0.68079,0.00062,-0.00204,0.73247,-0.04615,0.57462,0.00537
78046000000,0.17993,3.14660,-0.22641,0.68093,0.00067,-0.00201,0.73235,-0.02885,0.57222,-0.00005
78145000000,0.17714,3.20306,-0.22639,0.68164,0.00074,-0.00206,0.73169,-0.02821,0.57033,0.00029
78178000000,0.17602,3.22210,-0.22618,0.68193,0.00070,-0.00200,0.73142,-0.03385,0.57685,0.00625
78244000000,0.17463,3.25969,-0.22625,0.68283,0.00071,-0.00210,0.73057,-0.02116,0.56956,-0.00101
78277000000,0.17404,3.27863,-0.22600,0.68330,0.00065,-0.00202,0.73013,-0.01765,0.57383,0.00741
78310000000,0.17349,3.29751,-0.22591,0.68382,0.00072,-0.00207,0.72965,-0.01685,0.57218,0.00280
78343000000,0.17204,3.31793,-0.22717,0.68453,0.00088,-0.00207,0.72898,-0.04374,0.61873,-0.03830
78376000000,0.17158,3.33673,-0.22701,0.68513,0.00088,-0.00197,0.72841,-0.01413,0.56968,0.00503
78409000000,0.17124,3.35584,-0.22686,0.68583,0.00079,-0.00195,0.72776,-0.01026,0.57923,0.00439
78442000000,0.17118,3.37481,-0.22667,0.68653,0.00067,-0.00197,0.72710,-0.00173,0.57471,0.00580
78508000000,0.17116,3.41238,-0.22649,0.68807,0.00074,-0.00202,0.72564,-0.00028,0.56935,0.00281
78541000000,0.17138,3.43137,-0.22658,0.68889,0.00085,-0.00193,0.72487,0.00669,0.57533,-0.00278
78574000000,0.17162,3.45034,-0.22661,0.68975,0.00092,-0.00197,0.72405,0.00715,0.57491,-0.00093
78607000000,0.17197,3.46911,-0.22582,0.69058,0.00074,-0.00187,0.72325,0.01075,0.56869,0.02406
78640000000,0.17228,3.48822,-0.22569,0.69151,0.00073,-0.00180,0.72237,0.00918,0.57904,0.00378
78673000000,0.17299,3.50743,-0.22568,0.69245,0.00078,-0.00182,0.72147,0.02162,0.58225,0.00035
78739000000,0.17477,3.54589,-0.22567,0.69436,0.00074,-0.00183,0.71962,0.02701,0.58271,0.00018
78772000000,0.17558,3.56545,-0.22572,0.69547,0.00084,-0.00183,0.71856,0.02441,0.59286,-0.00146
78805000000,0.17696,3.58416,-0.22573,0.69650,0.00085,-0.00184,0.71755,0.04198,0.56683,-0.00041
78838000000,0.17802,3.60073,-0.22510,0.69777,0.00059,-0.00193,0.71632,0.03202,0.50203,0.01916
78871000000,0.17914,3.62004,-0.22468,0.69893,0.00045,-0.00191,0.71519,0.03392,0.58540,0.01270
78904000000,0.18036,3.63971,-0.22467,0.70005,0.00050,-0.00197,0.71409,0.03710,0.59602,0.00020
78937000000,0.18172,3.65928,-0.22466,0.70126,0.00051,-0.00191,0.71290,0.04093,0.59285,0.00040
78970000000,0.18322,3.67865,-0.22473,0.70246,0.00055,-0.00193,0.71172,0.04563,0.58719,-0.00224
79003000000,0.18563,3.69663,-0.22485,0.70373,0.00060,-0.00205,0.71047,0.07293,0.54467,-0.00374
79069000000,0.18909,3.73522,-0.22504,0.70626,0.00068,-0.00210,0.70795,0.05238,0.58472,-0.00277
79102000000,0.19119,3.75453,-0.22483,0.70752,0.00064,-0.00205,0.70669,0.06381,0.58502,0.00642
79135000000,0.19332,3.77407,-0.22486,0.70885,0.00066,-0.00201,0.70536,0.06456,0.59239,-0.00099
79168000000,0.19560,3.79351,-0.22480,0.71012,0.00072,-0.00201,0.70408,0.06914,0.58910,0.00186
79201000000,0.19779,3.81268,-0.22478,0.71146,0.00065,-0.00200,0.70273,0.06625,0.58071,0.00037
79234000000,0.20009,3.83221,-0.22459,0.71280,0.00071,-0.00202,0.70137,0.06974,0.59179,0.00592
79267000000,0.20247,3.85220,-0.22436,0.71419,0.00065,-0.00203,0.69995,0.07196,0.60580,0.00694
79300000000,0.20457,3.87179,-0.22432,0.71564,0.00067,-0.00205,0.69847,0.06382,0.59368,0.00108
79333000000,0.20713,3.89143,-0.22423,0.71696,0.00056,-0.00207,0.69711,0.07742,0.59524,0.00296
79366000000,0.21007,3.91085,-0.22405,0.71834,0.00054,-0.00200,0.69569,0.08923,0.58850,0.00526
79399000000,0.21298,3.93056,-0.22401,0.71962,0.00060,-0.00201,0.69436,0.08818,0.59720,0.00137
79465000000,0.21898,3.96907,-0.22367,0.72242,0.00053,-0.00205,0.69145,0.09095,0.58350,0.00518
79531000000,0.22466,4.00816,-0.22337,0.72516,0.00059,-0.00201,0.68857,0.08606,0.59227,0.00447
79564000000,0.22820,4.02763,-0.22330,0.72646,0.00056,-0.00198,0.68721,0.10714,0.58985,0.00208
79597000000,0.23129,4.04734,-0.22331,0.72780,0.00061,-0.00200,0.68578,0.09359,0.59727,-0.00018
79630000000,0.23524,4.06713,-0.22397,0.72901,0.00068,-0.00199,0.68450,0.11989,0.59973,-0.02012
79696000000,0.24190,4.10652,-0.22363,0.73162,0.00076,-0.00196,0.68171,0.10086,0.59678,0.00516
79729000000,0.24538,4.12685,-0.22362,0.73290,0.00077,-0.00200,0.68034,0.10546,0.61623,0.00047
79762000000,0.24893,4.14673,-0.22345,0.73421,0.00062,-0.00199,0.67892,0.10769,0.60235,0.00507
79795000000,0.25220,4.16664,-0.22339,0.73547,0.00077,-0.00196,0.67755,0.09907,0.60327,0.00177
79828000000,0.25565,4.18654,-0.22331,0.73669,0.00075,-0.00198,0.67622,0.10450,0.60318,0.00234
79861000000,0.25937,4.20618,-0.22330,0.73782,0.00077,-0.00200,0.67499,0.11266,0.59515,0.00035
79894000000,0.26316,4.22606,-0.22314,0.73892,0.00078,-0.00193,0.67379,0.11496,0.60243,0.00485
79927000000,0.26774,4.24366,-0.22221,0.73995,0.00042,-0.00210,0.67266,0.13868,0.53323,0.02826
79960000000,0.27086,4.26473,-0.22203,0.74104,0.00051,-0.00201,0.67146,0.09465,0.63863,0.00538
80026000000,0.27847,4.30510,-0.22163,0.74296,0.00050,-0.00191,0.66933,0.11521,0.61164,0.00607
80059000000,0.28208,4.32456,-0.22139,0.74391,0.00042,-0.00195,0.66828,0.10956,0.58962,0.00743
80092000000,0.28558,4.34473,-0.22127,0.74478,0.00045,-0.00201,0.66731,0.10599,0.61126,0.00362
80158000000,0.29273,4.38545,-0.22104,0.74645,0.00036,-0.00206,0.66544,0.10827,0.61692,0.00346
80191000000,0.29558,4.40627,-0.22132,0.74738,0.00055,-0.00212,0.66440,0.08638,0.63099,-0.00861
80224000000,0.29922,4.42652,-0.22145,0.74807,0.00059,-0.00204,0.66361,0.11041,0.61370,-0.00391
80290000000,0.30598,4.46735,-0.22111,0.74938,0.00062,-0.00203,0.66214,0.10249,0.61862,0.00515
80323000000,0.30948,4.48738,-0.22088,0.74989,0.00069,-0.00205,0.66156,0.10588,0.60698,0.00700
80356000000,0.31256,4.50742,-0.22071,0.75046,0.00060,-0.00210,0.66091,0.09347,0.60719,0.00508
80389000000,0.31582,4.52754,-0.22043,0.75091,0.00057,-0.00206,0.66040,0.09880,0.60967,0.00869
80422000000,0.32001,4.54680,-0.22126,0.75126,0.00074,-0.00205,0.66001,0.12671,0.58384,-0.02541
80455000000,0.32323,4.56687,-0.22083,0.75160,0.00076,-0.00203,0.65962,0.09774,0.60792,0.01326
80488000000,0.32639,4.58720,-0.22088,0.75198,0.00076,-0.00206,0.65918,0.09561,0.61622,-0.00173
80554000000,0.33248,4.62850,-0.22056,0.75247,0.00073,-0.00203,0.65862,0.09234,0.62579,0.00498
80587000000,0.33570,4.64881,-0.22030,0.75263,0.00073,-0.00199,0.65844,0.09768,0.61522,0.00775
80620000000,0.33910,4.66928,-0.22042,0.75278,0.00081,-0.00200,0.65827,0.10305,0.62034,-0.00370
80653000000,0.34145,4.68918,-0.22051,0.75288,0.00080,-0.00203,0.65816,0.07114,0.60301,-0.00252
80686000000,0.34409,4.70974,-0.22033,0.75292,0.00068,-0.00205,0.65811,0.07983,0.62324,0.00516
80719000000,0.34667,4.72967,-0.22029,0.75295,0.00076,-0.00210,0.65808,0.07824,0.60392,0.00132
80752000000,0.34949,4.75012,-0.22013,0.75288,0.00077,-0.00212,0.65815,0.08544,0.61963,0.00480
80818000000,0.35576,4.79069,-0.22001,0.75258,0.00085,-0.00200,0.65850,0.09498,0.61470,0.00179
80851000000,0.35839,4.81095,-0.21980,0.75236,0.00083,-0.00201,0.65875,0.07985,0.61402,0.00647
80917000000,0.36286,4.85191,-0.21945,0.75180,0.00086,-0.00193,0.65939,0.06775,0.62053,0.00525
80983000000,0.36667,4.89306,-0.21937,0.75115,0.00090,-0.00199,0.66013,0.05763,0.62353,0.00126
81016000000,0.36864,4.91404,-0.21952,0.75068,0.00091,-0.00199,0.66066,0.05982,0.63578,-0.00452
81049000000,0.37048,4.93473,-0.21937,0.75016,0.00085,-0.00202,0.66126,0.05579,0.62678,0.00459
81082000000,0.37167,4.95310,-0.21868,0.74961,0.00085,-0.00192,0.66188,0.03610,0.55670,0.02100
81115000000,0.37338,4.97418,-0.21865,0.74904,0.00086,-0.00197,0.66252,0.05164,0.63877,0.00069
81181000000,0.37608,5.01526,-0.21839,0.74773,0.00081,-0.00195,0.66400,0.04100,0.62255,0.00396
81247000000,0.37839,5.05611,-0.21826,0.74632,0.00075,-0.00197,0.66558,0.03494,0.61890,0.00208
81280000000,0.37997,5.07656,-0.21809,0.74546,0.00076,-0.00198,0.66654,0.04783,0.61951,0.00499
81313000000,0.38056,5.09711,-0.21823,0.74460,0.00079,-0.00199,0.66751,0.01782,0.62276,-0.00424
81379000000,0.38249,5.13864,-0.21762,0.74280,0.00077,-0.00191,0.66951,0.02929,0.62933,0.00927
81412000000,0.38317,5.15909,-0.21759,0.74184,0.00085,-0.00186,0.67057,0.02072,0.61973,0.00092
81445000000,0.38371,5.17945,-0.21761,0.74084,0.00094,-0.00192,0.67168,0.01636,0.61681,-0.00080
81478000000,0.38395,5.19980,-0.21747,0.73978,0.00096,-0.00190,0.67285,0.00712,0.61665,0.00445
81511000000,0.38505,5.22202,-0.21722,0.73865,0.00110,-0.00188,0.67408,0.03335,0.67337,0.00756
81577000000,0.38480,5.26290,-0.21665,0.73644,0.00095,-0.00186,0.67649,-0.00370,0.61945,0.00866
81610000000,0.38436,5.28408,-0.21660,0.73525,0.00091,-0.00187,0.67780,-0.01351,0.64185,0.00144
81643000000,0.38384,5.30481,-0.21675,0.73397,0.00108,-0.00189,0.67917,-0.01561,0.62802,-0.00462
81676000000,0.38345,5.32530,-0.21687,0.73272,0.00110,-0.00194,0.68053,-0.01179,0.62094,-0.00356
81709000000,0.38263,5.34584,-0.21688,0.73139,0.00105,-0.00198,0.68195,-0.02505,0.62250,-0.00039
81742000000,0.38192,5.36631,-0.21698,0.73004,0.00114,-0.00198,0.68340,-0.02139,0.62012,-0.00298
81775000000,0.37966,5.39080,-0.21679,0.72877,0.00082,-0.00195,0.68475,-0.06840,0.74236,0.00572
81808000000,0.37874,5.41151,-0.21699,0.72741,0.00089,-0.00192,0.68620,-0.02794,0.62753,-0.00602
81841000000,0.37763,5.43214,-0.21691,0.72596,0.00088,-0.00192,0.68773,-0.03372,0.62503,0.00244
81874000000,0.37630,5.45253,-0.21676,0.72453,0.00081,-0.00191,0.68924,-0.04041,0.61776,0.00466
81907000000,0.37496,5.47263,-0.21679,0.72301,0.00084,-0.00195,0.69084,-0.04041,0.60934,-0.00106
81973000000,0.37180,5.51329,-0.21649,0.71993,0.00086,-0.00198,0.69405,-0.04785,0.61607,0.00460
82006000000,0.37017,5.53355,-0.21632,0.71834,0.00083,-0.00199,0.69569,-0.04946,0.61372,0.00504
82039000000,0.36846,5.55374,-0.21635,0.71670,0.00090,-0.00197,0.69738,-0.05184,0.61203,-0.00075
82138000000,0.36301,5.61084,-0.21518,0.71158,0.00068,-0.00202,0.70260,-0.05507,0.57673,0.01182
82171000000,0.36081,5.63130,-0.21527,0.70999,0.00082,-0.00191,0.70421,-0.06666,0.62005,-0.00293
82204000000,0.35856,5.65139,-0.21517,0.70839,0.00085,-0.00202,0.70581,-0.06832,0.60889,0.00319
82237000000,0.35614,5.67066,-0.21498,0.70683,0.00087,-0.00194,0.70738,-0.07317,0.58379,0.00570
82270000000,0.35359,5.69033,-0.21484,0.70533,0.00089,-0.00190,0.70888,-0.07743,0.59609,0.00414
82303000000,0.35148,5.71024,-0.21464,0.70368,0.00086,-0.00192,0.71051,-0.06384,0.60323,0.00618
82369000000,0.34592,5.75039,-0.21458,0.70056,0.00089,-0.00198,0.71359,-0.08423,0.60838,0.00097
82402000000,0.34301,5.76989,-0.21443,0.69898,0.00088,-0.00197,0.71513,-0.08822,0.59095,0.00441
82435000000,0.34004,5.78976,-0.21461,0.69745,0.00095,-0.00204,0.71663,-0.09004,0.60193,-0.00543
82468000000,0.33741,5.80983,-0.21450,0.69589,0.00094,-0.00205,0.71814,-0.07953,0.60826,0.00335
82501000000,0.33413,5.83317,-0.21493,0.69444,0.00075,-0.00206,0.71954,-0.09944,0.70744,-0.01314
82567000000,0.32807,5.87126,-0.21425,0.69142,0.00061,-0.00207,0.72245,-0.09177,0.57701,0.01028
82600000000,0.32485,5.89060,-0.21370,0.68999,0.00051,-0.00201,0.72382,-0.09770,0.58613,0.01685
82633000000,0.32166,5.91009,-0.21347,0.68843,0.00054,-0.00205,0.72530,-0.09667,0.59073,0.00691
82666000000,0.31853,5.92990,-0.21344,0.68697,0.00069,-0.00200,0.72669,-0.09472,0.60015,0.00085
82765000000,0.30831,5.98843,-0.21322,0.68262,0.00070,-0.00191,0.73077,-0.10332,0.59123,0.00226
82798000000,0.30500,6.00782,-0.21330,0.68121,0.00072,-0.00196,0.73209,-0.10023,0.58756,-0.00258
82831000000,0.30147,6.02740,-0.21313,0.67983,0.00060,-0.00194,0.73337,-0.10682,0.59337,0.00516
82864000000,0.29927,6.03987,-0.21293,0.67854,0.00073,-0.00188,0.73456,-0.06667,0.37784,0.00613
82897000000,0.29534,6.05959,-0.21273,0.67721,0.00069,-0.00189,0.73579,-0.11906,0.59745,0.00616
82930000000,0.29175,6.07949,-0.21300,0.67587,0.00060,-0.00195,0.73702,-0.10895,0.60317,-0.00839
82996000000,0.28449,6.11882,-0.21290,0.67320,0.00074,-0.00196,0.73946,-0.10998,0.59591,0.00163
83029000000,0.28085,6.13808,-0.21286,0.67193,0.00074,-0.00200,0.74061,-0.11028,0.58366,0.00099
83062000000,0.27683,6.15733,-0.21297,0.67066,0.00070,-0.00202,0.74176,-0.12170,0.58333,-0.00335
83095000000,0.27268,6.17690,-0.21293,0.66950,0.00066,-0.00207,0.74281,-0.12589,0.59307,0.00147
83128000000,0.26834,6.19575,-0.21294,0.66835,0.00065,-0.00211,0.74384,-0.13135,0.57115,-0.00034
83161000000,0.26415,6.21472,-0.21262,0.66723,0.00063,-0.00213,0.74485,-0.12724,0.57479,0.00962
83194000000,0.26029,6.23419,-0.21263,0.66600,0.00059,-0.00215,0.74595,-0.11692,0.58999,-0.00048
83260000000,0.25073,6.27583,-0.21188,0.66382,0.00012,-0.00211,0.74789,-0.14475,0.63101,0.01144
83293000000,0.24622,6.29509,-0.21181,0.66279,0.00001,-0.00216,0.74880,-0.13691,0.58363,0.00210
83359000000,0.23827,6.33342,-0.21191,0.66067,-0.00005,-0.00226,0.75067,-0.12046,0.58064,-0.00153
83425000000,0.23092,6.37234,-0.21158,0.65852,0.00012,-0.00213,0.75256,-0.11124,0.58977,0.00503
83491000000,0.22262,6.41064,-0.21161,0.65653,0.00014,-0.00215,0.75430,-0.12587,0.58022,-0.00052
83524000000,0.21875,6.42981,-0.21165,0.65559,0.00018,-0.00216,0.75511,-0.11727,0.58119,-0.00116
83557000000,0.21451,6.44860,-0.21153,0.65479,0.00013,-0.00218,0.75580,-0.12835,0.56923,0.00358
83590000000,0.20984,6.46910,-0.21105,0.65386,0.00017,-0.00248,0.75661,-0.14149,0.62128,0.01460
83623000000,0.20561,6.48813,-0.21094,0.65298,0.00009,-0.00241,0.75737,-0.12817,0.57666,0.00353
83689000000,0.19707,6.52621,-0.21037,0.65137,0.00008,-0.00231,0.75875,-0.12948,0.57697,0.00865
83722000000,0.19316,6.54531,-0.21005,0.65056,0.00006,-0.00232,0.75945,-0.11849,0.57868,0.00956
83755000000,0.18896,6.56400,-0.20965,0.64985,0.00012,-0.00225,0.76006,-0.12718,0.56657,0.01197
83821000000,0.18073,6.60291,-0.20983,0.64830,-0.00002,-0.00241,0.76138,-0.12466,0.58955,-0.00270
83887000000,0.17200,6.64081,-0.20934,0.64706,0.00002,-0.00229,0.76244,-0.13229,0.57412,0.00750
83920000000,0.16778,6.66026,-0.20977,0.64633,0.00009,-0.00233,0.76305,-0.12796,0.58940,-0.01311
83953000000,0.16394,6.67983,-0.21017,0.64572,0.00023,-0.00228,0.76357,-0.11635,0.59300,-0.01215
84019000000,0.15546,6.71824,-0.21031,0.64442,0.00018,-0.00233,0.76466,-0.12853,0.58201,-0.00215
84085000000,0.14723,6.75628,-0.21012,0.64333,0.00024,-0.00232,0.76559,-0.12464,0.57640,0.00287
84118000000,0.14300,6.77512,-0.20985,0.64281,0.00017,-0.00229,0.76602,-0.12810,0.57079,0.00821
84151000000,0.13931,6.79198,-0.20875,0.64229,0.00006,-0.00225,0.76646,-0.11197,0.51104,0.03341
84184000000,0.13521,6.81080,-0.20882,0.64180,0.00017,-0.00217,0.76687,-0.12410,0.57020,-0.00213
84217000000,0.13065,6.82973,-0.20896,0.64136,0.00022,-0.00227,0.76724,-0.13819,0.57359,-0.00408
84250000000,0.12645,6.84886,-0.20908,0.64085,0.00018,-0.00232,0.76766,-0.12723,0.57981,-0.00381
84283000000,0.12258,6.86798,-0.20925,0.64042,0.00027,-0.00223,0.76803,-0.11741,0.57937,-0.00500
84316000000,0.11805,6.88695,-0.20925,0.64005,0.00024,-0.00236,0.76833,-0.13718,0.57476,0.00000
84349000000,0.11377,6.90593,-0.20915,0.63971,0.00016,-0.00239,0.76862,-0.12970,0.57512,0.00304
84382000000,0.10959,6.92477,-0.20907,0.63928,0.00024,-0.00236,0.76897,-0.12671,0.57114,0.00215
84415000000,0.10594,6.94622,-0.20990,0.63882,0.00028,-0.00222,0.76936,-0.11069,0.64996,-0.02488
84448000000,0.10127,6.96526,-0.20939,0.63847,0.00021,-0.00216,0.76964,-0.14150,0.57690,0.01538
84481000000,0.09692,6.98454,-0.20933,0.63815,0.00026,-0.00222,0.76991,-0.13169,0.58421,0.00188
84514000000,0.09279,7.00354,-0.20909,0.63784,0.00029,-0.00216,0.77017,-0.12525,0.57582,0.00720
84547000000,0.08878,7.02225,-0.20875,0.63752,0.00036,-0.00213,0.77043,-0.12149,0.56686,0.01013
84580000000,0.08454,7.04134,-0.20863,0.63725,0.00030,-0.00210,0.77066,-0.12858,0.57866,0.00364
84613000000,0.08073,7.05995,-0.20837,0.63702,0.00034,-0.00201,0.77085,-0.11530,0.56387,0.00803
84646000000,0.07692,7.07838,-0.20783,0.63688,0.00013,-0.00201,0.77096,-0.11556,0.55861,0.01634
84712000000,0.06843,7.11641,-0.20790,0.63665,0.00028,-0.00206,0.77115,-0.12855,0.57613,-0.00099
84745000000,0.06452,7.13555,-0.20785,0.63658,0.00025,-0.00207,0.77121,-0.11866,0.57996,0.00148
84778000000,0.06100,7.15435,-0.20773,0.63641,0.00023,-0.00200,0.77135,-0.10654,0.56978,0.00360
84811000000,0.05851,7.17081,-0.20864,0.63621,0.00075,-0.00183,0.77151,-0.07555,0.49873,-0.02763
84877000000,0.05091,7.20830,-0.20823,0.63627,0.00063,-0.00188,0.77146,-0.11509,0.56810,0.00616
84910000000,0.04705,7.22819,-0.20871,0.63619,0.00084,-0.00179,0.77153,-0.11707,0.60268,-0.01434
84943000000,0.04328,7.24716,-0.20853,0.63626,0.00072,-0.00195,0.77147,-0.11432,0.57470,0.00535
84976000000,0.03917,7.26656,-0.20856,0.63628,0.00072,-0.00187,0.77146,-0.12437,0.58806,-0.00084
85009000000,0.03545,7.28559,-0.20835,0.63633,0.00067,-0.00187,0.77141,-0.11296,0.57661,0.00621
85042000000,0.03184,7.30435,-0.20816,0.63647,0.00061,-0.00186,0.77130,-0.10942,0.56855,0.00578
85075000000,0.02743,7.32055,-0.20624,0.63688,0.00015,-0.00211,0.77096,-0.13340,0.49094,0.05834
85141000000,0.02030,7.35931,-0.20667,0.63711,0.00025,-0.00203,0.77077,-0.10813,0.58724,-0.00663
85174000000,0.01685,7.37864,-0.20689,0.63728,0.00040,-0.00203,0.77063,-0.10435,0.58585,-0.00654
85207000000,0.01355,7.39775,-0.20670,0.63741,0.00038,-0.00206,0.77052,-0.10010,0.57908,0.00565
85240000000,0.00964,7.41689,-0.20646,0.63765,0.00041,-0.00210,0.77033,-0.11851,0.57996,0.00739
85273000000,0.00644,7.43600,-0.20628,0.63785,0.00039,-0.00196,0.77016,-0.09708,0.57887,0.00559
85306000000,0.00320,7.45525,-0.20620,0.63807,0.00037,-0.00203,0.76998,-0.09795,0.58362,0.00226
85339000000,0.00010,7.47448,-0.20611,0.63828,0.00042,-0.00191,0.76980,-0.09404,0.58274,0.00271
85372000000,-0.00337,7.49366,-0.20581,0.63858,0.00037,-0.00185,0.76955,-0.10506,0.58092,0.00925
85438000000,-0.01113,7.53430,-0.20842,0.63895,0.00066,-0.00196,0.76925,-0.11768,0.61586,-0.03959
85504000000,-0.01763,7.57248,-0.20819,0.63963,0.00067,-0.00192,0.76868,-0.09842,0.57847,0.00340
85537000000,-0.02086,7.59131,-0.20784,0.63998,0.00069,-0.00181,0.76839,-0.09793,0.57057,0.01078
85570000000,-0.02402,7.61046,-0.20763,0.64038,0.00061,-0.00184,0.76805,-0.09565,0.58030,0.00640
85603000000,-0.02726,7.62962,-0.20753,0.64080,0.00059,-0.00191,0.76770,-0.09837,0.58066,0.00299
85669000000,-0.03335,7.66819,-0.20727,0.64155,0.00073,-0.00188,0.76708,-0.09225,0.58444,0.00396
85702000000,-0.03639,7.68779,-0.20721,0.64204,0.00068,-0.00187,0.76667,-0.09206,0.59394,0.00160
85735000000,-0.03939,7.70710,-0.20721,0.64247,0.00070,-0.00189,0.76630,-0.09093,0.58489,0.00019
85768000000,-0.04216,7.72642,-0.20741,0.64295,0.00080,-0.00194,0.76591,-0.08386,0.58558,-0.00627
85801000000,-0.04425,7.74099,-0.20573,0.64364,0.00089,-0.00186,0.76532,-0.06327,0.44141,0.05095
85867000000,-0.04971,7.78067,-0.20514,0.64455,0.00081,-0.00178,0.76456,-0.08271,0.60132,0.00898
85933000000,-0.05495,7.81973,-0.20511,0.64565,0.00072,-0.00187,0.76363,-0.07951,0.59170,0.00048
85999000000,-0.05982,7.85867,-0.20507,0.64680,0.00086,-0.00185,0.76266,-0.07366,0.59011,0.00052
86032000000,-0.06200,7.87828,-0.20509,0.64732,0.00090,-0.00178,0.76221,-0.06632,0.59414,-0.00055
86065000000,-0.06440,7.89788,-0.20539,0.64795,0.00089,-0.00187,0.76168,-0.07247,0.59404,-0.00890
86098000000,-0.06668,7.91715,-0.20529,0.64852,0.00097,-0.00190,0.76119,-0.06918,0.58382,0.00301
86164000000,-0.07147,7.95593,-0.20504,0.64987,0.00098,-0.00177,0.76004,-0.07264,0.58764,0.00371
86197000000,-0.07405,7.97572,-0.20504,0.65060,0.00092,-0.00176,0.75942,-0.07826,0.59957,0.00011
86230000000,-0.07614,7.99445,-0.20470,0.65128,0.00089,-0.00177,0.75884,-0.06316,0.56760,0.01041
86263000000,-0.07788,8.01355,-0.20438,0.65192,0.00078,-0.00180,0.75829,-0.05272,0.57888,0.00961
86329000000,-0.08201,8.05387,-0.20522,0.65363,0.00063,-0.00198,0.75681,-0.06256,0.61090,-0.01270
86362000000,-0.08376,8.07370,-0.20535,0.65432,0.00061,-0.00198,0.75621,-0.05315,0.60096,-0.00412
86395000000,-0.08567,8.09338,-0.20536,0.65509,0.00056,-0.00207,0.75555,-0.05772,0.59642,-0.00031
86461000000,-0.08922,8.13188,-0.20527,0.65661,0.00072,-0.00208,0.75423,-0.05383,0.58324,0.00146
86494000000,-0.09064,8.15160,-0.20533,0.65733,0.00067,-0.00207,0.75360,-0.04309,0.59758,-0.00200
86527000000,-0.09210,8.17136,-0.20547,0.65806,0.00070,-0.00213,0.75296,-0.04418,0.59871,-0.00412
86560000000,-0.09341,8.19079,-0.20523,0.65882,0.00078,-0.00201,0.75230,-0.03963,0.58900,0.00728
86593000000,-0.09482,8.21043,-0.20516,0.65963,0.00077,-0.00209,0.75158,-0.04274,0.59509,0.00206
86626000000,-0.09595,8.22938,-0.20463,0.66044,0.00069,-0.00207,0.75088,-0.03433,0.57426,0.01602
86659000000,-0.09759,8.24905,-0.20469,0.66126,0.00074,-0.00202,0.75016,-0.04974,0.59593,-0.00184
86692000000,-0.09939,8.26869,-0.20444,0.66212,0.00079,-0.00199,0.74940,-0.05462,0.59509,0.00778
86725000000,-0.09974,8.29007,-0.20420,0.66280,0.00081,-0.00191,0.74880,-0.01043,0.64795,0.00716
86791000000,-0.10203,8.32928,-0.20376,0.66445,0.00067,-0.00192,0.74733,-0.03466,0.59412,0.00665
86857000000,-0.10403,8.36864,-0.20409,0.66611,0.00074,-0.00197,0.74585,-0.03030,0.59639,-0.00507
86890000000,-0.10536,8.38866,-0.20418,0.66701,0.00082,-0.00199,0.74505,-0.04030,0.60674,-0.00246
86923000000,-0.10628,8.40759,-0.20437,0.66790,0.00097,-0.00202,0.74425,-0.02796,0.57362,-0.00600
86956000000,-0.10681,8.42684,-0.20417,0.66871,0.00079,-0.00204,0.74352,-0.01602,0.58310,0.00630
86989000000,-0.10752,8.44697,-0.20422,0.66953,0.00084,-0.00205,0.74278,-0.02166,0.61012,-0.00178
87022000000,-0.10842,8.46656,-0.20421,0.67044,0.00079,-0.00212,0.74196,-0.02706,0.59356,0.00051
87088000000,-0.11008,8.50551,-0.20155,0.67214,0.00054,-0.00185,0.74042,-0.02527,0.59014,0.04028
87154000000,-0.11098,8.54470,-0.20212,0.67397,0.00081,-0.00189,0.73875,-0.01361,0.59386,-0.00864
87187000000,-0.11128,8.56427,-0.20220,0.67483,0.00078,-0.00197,0.73797,-0.00907,0.59284,-0.00242
87220000000,-0.11186,8.58391,-0.20199,0.67577,0.00086,-0.00182,0.73711,-0.01749,0.59535,0.00644
87253000000,-0.11227,8.60383,-0.20200,0.67669,0.00079,-0.00179,0.73627,-0.01251,0.60350,-0.00049
87286000000,-0.11233,8.62354,-0.20225,0.67766,0.00087,-0.00182,0.73537,-0.00191,0.59729,-0.00755
87352000000,-0.11246,8.66312,-0.20213,0.67947,0.00091,-0.00187,0.73370,-0.00196,0.59977,0.00181
87418000000,-0.11454,8.70241,-0.20275,0.68160,0.00050,-0.00209,0.73172,-0.03141,0.59525,-0.00931
87451000000,-0.11485,8.72125,-0.24411,0.68263,-0.00164,-0.00081,0.73076,-0.00937,0.57090,-1.25330
87484000000,-0.11406,8.74061,-0.24361,0.68346,-0.00177,-0.00076,0.72998,0.02395,0.58657,0.01516
87517000000,-0.11388,8.76066,-0.24340,0.68439,-0.00186,-0.00079,0.72911,0.00536,0.60755,0.00631
87550000000,-0.11398,8.78046,-0.24326,0.68533,-0.00179,-0.00070,0.72823,-0.00303,0.60006,0.00429
87583000000,-0.11354,8.80003,-0.24341,0.68632,-0.00173,-0.00073,0.72729,0.01317,0.59316,-0.00470
87616000000,-0.11344,8.81950,-0.24343,0.68723,-0.00175,-0.00081,0.72643,0.00312,0.58989,-0.00047
87682000000,-0.11323,8.85913,-0.24392,0.68912,-0.00169,-0.00083,0.72464,0.00321,0.60054,-0.00745
87715000000,-0.11268,8.87921,-0.24392,0.69012,-0.00162,-0.00079,0.72369,0.01665,0.60839,0.00002
87748000000,-0.11166,8.89845,-0.24371,0.69096,-0.00155,-0.00077,0.72289,0.03076,0.58296,0.00631
87814000000,-0.11051,8.93869,-0.24386,0.69281,-0.00146,-0.00090,0.72112,0.01756,0.60966,-0.00225
87880000000,-0.10893,8.97820,-0.24371,0.69458,-0.00152,-0.00081,0.71942,0.02383,0.59871,0.00221
87913000000,-0.21036,9.37325,-0.17662,0.70046,-0.00057,-0.00133,0.71369,-3.07371,11.97118,2.03314
87946000000,-0.20925,9.39258,-0.17654,0.70134,-0.00063,-0.00129,0.71282,0.03378,0.58570,0.00244
88012000000,-0.20686,9.43299,-0.17651,0.70305,-0.00056,-0.00136,0.71114,0.03622,0.61236,0.00046
88045000000,-0.20572,9.45237,-0.17627,0.70383,-0.00066,-0.00127,0.71037,0.03449,0.58709,0.00725
88078000000,-0.20481,9.47215,-0.17609,0.70470,-0.00074,-0.00126,0.70950,0.02756,0.59940,0.00550
88111000000,-0.20358,9.49216,-0.17608,0.70554,-0.00070,-0.00129,0.70866,0.03742,0.60659,0.00026
88144000000,-0.20230,9.51220,-0.17626,0.70634,-0.00059,-0.00128,0.70787,0.03873,0.60717,-0.00552
88177000000,-0.20093,9.53201,-0.17617,0.70718,-0.00071,-0.00133,0.70703,0.04144,0.60038,0.00273
88243000000,-0.19880,9.57161,-0.17552,0.70879,-0.00076,-0.00132,0.70542,0.03223,0.59989,0.00985
88309000000,-0.19630,9.61183,-0.17592,0.71035,-0.00072,-0.00143,0.70385,0.03790,0.60940,-0.00611
88342000000,-0.19481,9.63146,-0.17611,0.71107,-0.00074,-0.00143,0.70312,0.04510,0.59501,-0.00549
88375000000,-0.19337,9.65199,-0.17610,0.71181,-0.00076,-0.00137,0.70237,0.04364,0.62191,0.00007
88408000000,-0.19184,9.67216,-0.17610,0.71254,-0.00079,-0.00136,0.70163,0.04661,0.61151,-0.00004
88441000000,-0.19092,9.69188,-0.17604,0.71324,-0.00069,-0.00133,0.70092,0.02790,0.59743,0.00187
88474000000,-0.18877,9.71439,-0.17536,0.71420,-0.00079,-0.00110,0.69994,0.06500,0.68205,0.02059
88540000000,-0.18584,9.75432,-0.17514,0.71551,-0.00081,-0.00102,0.69860,0.04436,0.60498,0.00344
88606000000,-0.18212,9.79494,-0.17557,0.71666,-0.00070,-0.00109,0.69742,0.05646,0.61557,-0.00650
88705000000,-0.17805,9.85458,-0.17549,0.71859,-0.00064,-0.00101,0.69544,0.04107,0.60235,0.00080
88738000000,-0.17617,9.87443,-0.17554,0.71908,-0.00066,-0.00107,0.69493,0.05700,0.60168,-0.00172
88771000000,-0.17464,9.89496,-0.17561,0.71964,-0.00071,-0.00110,0.69435,0.04634,0.62214,-0.00218
88804000000,-0.17339,9.91573,-0.17578,0.72022,-0.00062,-0.00102,0.69374,0.03797,0.62945,-0.00498
88870000000,-0.17020,9.95601,-0.17601,0.72120,-0.00056,-0.00105,0.69273,0.04830,0.61024,-0.00350
88903000000,-0.16848,9.97616,-0.17601,0.72167,-0.00062,-0.00111,0.69224,0.05221,0.61064,-0.00002
88936000000,-0.16534,9.99339,-0.17545,0.72166,-0.00080,-0.00107,0.69224,0.09514,0.52209,0.01711
88969000000,-0.16364,10.01309,-0.17546,0.72208,-0.00073,-0.00104,0.69180,0.05142,0.59694,-0.00031
89035000000,-0.16042,10.05283,-0.17560,0.72286,-0.00066,-0.00111,0.69100,0.04883,0.60209,-0.00221
89068000000,-0.15907,10.07212,-0.17558,0.72324,-0.00064,-0.00109,0.69059,0.04095,0.58469,0.00071
89101000000,-0.15755,10.09239,-0.17551,0.72362,-0.00064,-0.00109,0.69019,0.04588,0.61420,0.00203
89167000000,-0.15470,10.13332,-0.17519,0.72433,-0.00071,-0.00103,0.68945,0.04323,0.62022,0.00483
89200000000,-0.15322,10.15353,-0.17514,0.72465,-0.00078,-0.00107,0.68912,0.04495,0.61235,0.00148
89233000000,-0.15145,10.17369,-0.17548,0.72484,-0.00079,-0.00113,0.68891,0.05335,0.61093,-0.01015
89299000000,-0.14865,10.21393,-0.17617,0.72542,-0.00068,-0.00116,0.68830,0.04244,0.60960,-0.01047
89332000000,-0.14640,10.23291,-0.17601,0.72561,-0.00063,-0.00116,0.68811,0.06838,0.57535,0.00472
89365000000,-0.14513,10.25258,-0.17555,0.72584,-0.00069,-0.00111,0.68786,0.03844,0.59599,0.01400
89398000000,-0.14359,10.27238,-0.17552,0.72600,-0.00065,-0.00110,0.68769,0.04650,0.59992,0.00094
89431000000,-0.14274,10.29111,-0.17642,0.72608,-0.00055,-0.00102,0.68761,0.02573,0.56773,-0.02735
89464000000,-0.14175,10.31150,-0.17669,0.72631,-0.00059,-0.00105,0.68737,0.03019,0.61775,-0.00796
89497000000,-0.14052,10.33145,-0.17648,0.72647,-0.00069,-0.00109,0.68720,0.03719,0.60454,0.00623
89530000000,-0.13917,10.35145,-0.17635,0.72657,-0.00078,-0.00111,0.68709,0.04085,0.60622,0.00412
89596000000,-0.13694,10.39217,-0.17631,0.72681,-0.00083,-0.00113,0.68684,0.03388,0.61693,0.00059
89629000000,-0.13562,10.41204,-0.17631,0.72683,-0.00077,-0.00113,0.68682,0.03989,0.60206,-0.00017
89662000000,-0.13432,10.43186,-0.17630,0.72692,-0.00085,-0.00115,0.68672,0.03945,0.60070,0.00038
89728000000,-0.13202,10.47181,-0.17632,0.72701,-0.00074,-0.00113,0.68663,0.03487,0.60531,-0.00037
89761000000,-0.13079,10.49189,-0.17650,0.72704,-0.00074,-0.00119,0.68660,0.03715,0.60847,-0.00521
89794000000,-0.12944,10.51128,-0.17649,0.72700,-0.00066,-0.00114,0.68664,0.04087,0.58752,0.00015
89827000000,-0.12837,10.53122,-0.17646,0.72708,-0.00066,-0.00120,0.68655,0.03257,0.60414,0.00078
89860000000,-0.12635,10.55272,-0.17703,0.72700,-0.00056,-0.00138,0.68664,0.06118,0.65162,-0.01705
89926000000,-0.12398,10.59215,-0.17658,0.72698,-0.00063,-0.00130,0.68665,0.03585,0.59743,0.00683
89959000000,-0.12279,10.61198,-0.17625,0.72691,-0.00080,-0.00129,0.68673,0.03626,0.60079,0.00996
89992000000,-0.12152,10.63158,-0.17610,0.72687,-0.00080,-0.00131,0.68677,0.03837,0.59402,0.00453
90025000000,-0.12028,10.65125,-0.17591,0.72679,-0.00086,-0.00128,0.68686,0.03759,0.59593,0.00583
90091000000,-0.11784,10.69103,-0.17592,0.72673,-0.00081,-0.00133,0.68692,0.03705,0.60285,-0.00028
90124000000,-0.11660,10.71106,-0.17622,0.72670,-0.00082,-0.00126,0.68695,0.03742,0.60680,-0.00886
90157000000,-0.11568,10.73058,-0.17641,0.72662,-0.00077,-0.00129,0.68704,0.02795,0.59154,-0.00594
90190000000,-0.11500,10.75011,-0.17662,0.72655,-0.00080,-0.00135,0.68711,0.02043,0.59191,-0.00627
90223000000,-0.11398,10.77022,-0.17661,0.72653,-0.00077,-0.00134,0.68713,0.03109,0.60937,0.00044
90256000000,-0.11344,10.79036,-0.17693,0.72647,-0.00070,-0.00135,0.68719,0.01622,0.61024,-0.00990
90289000000,-0.11221,10.81041,-0.17726,0.72644,-0.00066,-0.00145,0.68722,0.03746,0.60772,-0.00996
90322000000,-0.11109,10.83013,-0.17700,0.72637,-0.00069,-0.00136,0.68730,0.03377,0.59746,0.00795
90388000000,-0.10979,10.86646,-0.17435,0.72623,-0.00091,-0.00112,0.68745,0.01979,0.55039,0.04016
90421000000,-0.10897,10.88654,-0.17436,0.72622,-0.00092,-0.00121,0.68747,0.02475,0.60876,-0.00022
90454000000,-0.10783,10.90622,-0.17429,0.72621,-0.00088,-0.00116,0.68747,0.03460,0.59613,0.00209
90487000000,-0.10671,10.92587,-0.17438,0.72614,-0.00094,-0.00121,0.68754,0.03395,0.59547,-0.00285
90520000000,-0.10572,10.94530,-0.17445,0.72611,-0.00092,-0.00113,0.68758,0.03004,0.58873,-0.00212
90553000000,-0.10491,10.96502,-0.17457,0.72615,-0.00099,-0.00126,0.68754,0.02427,0.59772,-0.00368
90586000000,-0.10401,10.98497,-0.17472,0.72613,-0.00093,-0.00120,0.68755,0.02747,0.60446,-0.00446
90619000000,-0.10307,11.00455,-0.17470,0.72616,-0.00094,-0.00129,0.68753,0.02844,0.59356,0.00044
90652000000,-0.10173,11.02366,-0.17442,0.72610,-0.00093,-0.00134,0.68759,0.04073,0.57900,0.00855
90685000000,-0.10019,11.04334,-0.17411,0.72605,-0.00108,-0.00120,0.68764,0.04657,0.59642,0.00952
90718000000,-0.09882,11.06270,-0.17393,0.72605,-0.00099,-0.00108,0.68764,0.04136,0.58648,0.00546
90751000000,-0.09785,11.08245,-0.17398,0.72609,-0.00099,-0.00113,0.68760,0.02964,0.59871,-0.00152
90784000000,-0.09672,11.10198,-0.17411,0.72606,-0.00091,-0.00125,0.68763,0.03409,0.59160,-0.00402
90850000000,-0.09462,11.14096,-0.17407,0.72621,-0.00087,-0.00124,0.68747,0.03189,0.59066,0.00058
90883000000,-0.09358,11.15917,-0.17440,0.72632,-0.00110,-0.00138,0.68735,0.03146,0.55186,-0.00986
90916000000,-0.09243,11.17801,-0.17400,0.72639,-0.00106,-0.00131,0.68728,0.03464,0.57096,0.01194
90949000000,-0.09142,11.19754,-0.17398,0.72654,-0.00105,-0.00131,0.68712,0.03071,0.59180,0.00061
91015000000,-0.08858,11.23663,-0.17374,0.72667,-0.00113,-0.00126,0.68698,0.04298,0.59220,0.00376
91048000000,-0.08716,11.25659,-0.17379,0.72681,-0.00110,-0.00127,0.68684,0.04317,0.60475,-0.00176
91081000000,-0.08591,11.27631,-0.17379,0.72691,-0.00108,-0.00123,0.68673,0.03778,0.59784,0.00003
91114000000,-0.08448,11.29567,-0.17367,0.72700,-0.00106,-0.00124,0.68664,0.04338,0.58668,0.00368
91180000000,-0.08129,11.33486,-0.17368,0.72730,-0.00094,-0.00114,0.68632,0.04829,0.59369,-0.00006
91213000000,-0.07983,11.35473,-0.17350,0.72748,-0.00116,-0.00115,0.68613,0.04425,0.60217,0.00519
91246000000,-0.07858,11.37426,-0.17333,0.72764,-0.00101,-0.00108,0.68596,0.03791,0.59197,0.00539
91279000000,-0.07754,11.39396,-0.17342,0.72793,-0.00102,-0.00109,0.68565,0.03156,0.59674,-0.00279
91312000000,-0.07589,11.41378,-0.17370,0.72805,-0.00094,-0.00116,0.68552,0.05014,0.60081,-0.00841
91378000000,-0.07315,11.45134,-0.17502,0.72841,-0.00093,-0.00104,0.68514,0.04150,0.56900,-0.02001
91444000000,-0.06950,11.49083,-0.17520,0.72886,-0.00092,-0.00107,0.68466,0.05531,0.59843,-0.00274
91477000000,-0.06847,11.51069,-0.17524,0.72918,-0.00087,-0.00105,0.68432,0.03105,0.60177,-0.00120
91510000000,-0.06656,11.53041,-0.17534,0.72942,-0.00080,-0.00110,0.68406,0.05798,0.59752,-0.00325
91543000000,-0.06496,11.54968,-0.17527,0.72972,-0.00080,-0.00101,0.68375,0.04863,0.58405,0.00211
91576000000,-0.06301,11.56925,-0.17521,0.73004,-0.00082,-0.00105,0.68341,0.05909,0.59290,0.00191
91609000000,-0.06122,11.58879,-0.17516,0.73030,-0.00083,-0.00102,0.68313,0.05418,0.59215,0.00166
91642000000,-0.05924,11.60792,-0.17488,0.73059,-0.00093,-0.00097,0.68281,0.05982,0.57955,0.00842
91675000000,-0.05683,11.62716,-0.17473,0.73095,-0.00090,-0.00092,0.68243,0.07309,0.58310,0.00448
91708000000,-0.05525,11.64602,-0.17458,0.73136,-0.00091,-0.00099,0.68199,0.04790,0.57148,0.00447
91741000000,-0.05352,11.66522,-0.17450,0.73172,-0.00102,-0.00093,0.68161,0.05239,0.58189,0.00247
91774000000,-0.05143,11.68455,-0.17424,0.73206,-0.00103,-0.00084,0.68124,0.06337,0.58585,0.00805
91807000000,-0.04962,11.70407,-0.17438,0.73250,-0.00095,-0.00088,0.68076,0.05498,0.59136,-0.00427
91873000000,-0.04517,11.74278,-0.17439,0.73320,-0.00096,-0.00083,0.68001,0.06740,0.58652,-0.00017
91906000000,-0.04399,11.76293,-0.17427,0.73362,-0.00103,-0.00083,0.67956,0.03562,0.61079,0.00363
91939000000,-0.04186,11.78236,-0.17390,0.73408,-0.00112,-0.00079,0.67906,0.06456,0.58853,0.01115
91972000000,-0.03994,11.80213,-0.17407,0.73450,-0.00114,-0.00083,0.67861,0.05811,0.59934,-0.00519
92005000000,-0.03768,11.82172,-0.17390,0.73493,-0.00109,-0.00076,0.67814,0.06853,0.59359,0.00530
92071000000,-0.03288,11.86064,-0.17375,0.73576,-0.00111,-0.00074,0.67724,0.07278,0.58967,0.00228
92104000000,-0.03101,11.88044,-0.17378,0.73625,-0.00123,-0.00077,0.67671,0.05657,0.60006,-0.00110
92170000000,-0.02581,11.91935,-0.17409,0.73706,-0.00104,-0.00080,0.67582,0.07881,0.58957,-0.00466
92203000000,-0.02382,11.93876,-0.17387,0.73760,-0.00106,-0.00085,0.67523,0.06034,0.58810,0.00673
92236000000,-0.02140,11.95807,-0.17409,0.73805,-0.00112,-0.00096,0.67474,0.07317,0.58512,-0.00659
92269000000,-0.01894,11.97730,-0.17445,0.73852,-0.00112,-0.00093,0.67423,0.07474,0.58258,-0.01096
92302000000,-0.01584,11.99670,-0.17411,0.73899,-0.00111,-0.00092,0.67372,0.09378,0.58798,0.01017
92335000000,-0.01298,12.01602,-0.17382,0.73939,-0.00117,-0.00087,0.67327,0.08683,0.58541,0.00873
92368000000,-0.01035,12.03541,-0.17360,0.73987,-0.00125,-0.00091,0.67274,0.07976,0.58775,0.00683
92401000000,-0.00754,12.05459,-0.17374,0.74032,-0.00116,-0.00085,0.67226,0.08511,0.58113,-0.00428
92434000000,-0.00305,12.07480,-0.17368,0.74068,-0.00083,-0.00071,0.67186,0.13591,0.61235,0.00167
92500000000,0.00184,12.11406,-0.17374,0.74169,-0.00078,-0.00078,0.67074,0.07412,0.59485,-0.00088
92533000000,0.00478,12.13351,-0.17378,0.74212,-0.00072,-0.00078,0.67026,0.08916,0.58952,-0.00127
92566000000,0.00766,12.15300,-0.17390,0.74259,-0.00083,-0.00077,0.66974,0.08735,0.59058,-0.00334
92599000000,0.01074,12.17241,-0.17383,0.74306,-0.00082,-0.00078,0.66923,0.09329,0.58804,0.00195
92632000000,0.01384,12.19126,-0.17345,0.74355,-0.00093,-0.00072,0.66868,0.09377,0.57128,0.01153
92665000000,0.01644,12.21070,-0.17349,0.74408,-0.00097,-0.00070,0.66809,0.07897,0.58905,-0.00111
92698000000,0.01951,12.23073,-0.17358,0.74457,-0.00086,-0.00070,0.66754,0.09282,0.60717,-0.00268
92731000000,0.02176,12.24995,-0.17365,0.74514,-0.00081,-0.00075,0.66691,0.06838,0.58232,-0.00213
92764000000,0.02468,12.26952,-0.17364,0.74571,-0.00091,-0.00073,0.66627,0.08844,0.59290,0.00010
92797000000,0.02789,12.28905,-0.17357,0.74623,-0.00093,-0.00073,0.66569,0.09712,0.59183,0.00207
92830000000,0.03094,12.30876,-0.17368,0.74674,-0.00101,-0.00080,0.66512,0.09243,0.59732,-0.00319
92863000000,0.03393,12.32817,-0.17370,0.74725,-0.00104,-0.00081,0.66454,0.09068,0.58830,-0.00049
92929000000,0.04038,12.36693,-0.17382,0.74834,-0.00101,-0.00084,0.66331,0.09774,0.58729,-0.00193
92962000000,0.04386,12.38466,-0.17425,0.74891,-0.00092,-0.00105,0.66267,0.10532,0.53729,-0.01287
92995000000,0.04691,12.40401,-0.17388,0.74948,-0.00105,-0.00098,0.66202,0.09244,0.58631,0.01104
93028000000,0.05038,12.42346,-0.17388,0.75002,-0.00094,-0.00093,0.66142,0.10513,0.58940,0.00004
93061000000,0.05384,12.44284,-0.17382,0.75056,-0.00097,-0.00092,0.66081,0.10495,0.58706,0.00182
93094000000,0.05721,12.46204,-0.17350,0.75114,-0.00107,-0.00093,0.66014,0.10204,0.58186,0.00969
93127000000,0.06096,12.48130,-0.17326,0.75165,-0.00096,-0.00087,0.65956,0.11360,0.58385,0.00725
93160000000,0.06410,12.50049,-0.17322,0.75221,-0.00092,-0.00090,0.65893,0.09525,0.58137,0.00119
93193000000,0.06778,12.52038,-0.17338,0.75277,-0.00087,-0.00091,0.65828,0.11144,0.60264,-0.00473
93226000000,0.07136,12.54034,-0.17372,0.75331,-0.00094,-0.00109,0.65767,0.10858,0.60501,-0.01025
93259000000,0.07501,12.55970,-0.17397,0.75393,-0.00101,-0.00118,0.65695,0.11058,0.58663,-0.00764
93325000000,0.08192,12.59858,-0.17357,0.75510,-0.00099,-0.00107,0.65561,0.10470,0.58908,0.00608
93391000000,0.09164,12.63469,-0.17399,0.75616,-0.00063,-0.00102,0.65439,0.14722,0.54706,-0.00638
93424000000,0.09560,12.65401,-0.17399,0.75671,-0.00060,-0.00105,0.65374,0.12007,0.58547,-0.00014
93457000000,0.09904,12.67319,-0.17371,0.75734,-0.00064,-0.00099,0.65301,0.10421,0.58134,0.00863
93490000000,0.10278,12.69233,-0.17372,0.75795,-0.00061,-0.00105,0.65231,0.11335,0.57986,-0.00024
93523000000,0.10662,12.71143,-0.17356,0.75852,-0.00063,-0.00096,0.65164,0.11659,0.57900,0.00476
93589000000,0.11538,12.75016,-0.17372,0.75965,-0.00058,-0.00107,0.65033,0.13271,0.58678,-0.00245
93622000000,0.11937,12.76921,-0.17365,0.76023,-0.00060,-0.00101,0.64966,0.12092,0.57715,0.00207
93655000000,0.12308,12.78872,-0.17347,0.76088,-0.00060,-0.00101,0.64889,0.11241,0.59128,0.00552
93688000000,0.12693,12.80808,-0.17353,0.76147,-0.00061,-0.00102,0.64820,0.11647,0.58665,-0.00179
93721000000,0.13074,12.82732,-0.17350,0.76214,-0.00064,-0.00104,0.64741,0.11567,0.58304,0.00085
93787000000,0.13898,12.86578,-0.17309,0.76340,-0.00076,-0.00101,0.64593,0.12484,0.58272,0.00624
93853000000,0.14787,12.90441,-0.17323,0.76452,-0.00067,-0.00097,0.64460,0.13468,0.58537,-0.00212
93886000000,0.15237,12.92549,-0.17321,0.76510,-0.00069,-0.00100,0.64391,0.13622,0.63864,0.00061
93952000000,0.16109,12.96373,-0.17247,0.76633,-0.00083,-0.00092,0.64244,0.13218,0.57941,0.01130
93985000000,0.16552,12.98309,-0.17245,0.76691,-0.00079,-0.00093,0.64175,0.13420,0.58660,0.00035
94018000000,0.17000,13.00231,-0.17254,0.76751,-0.00079,-0.00099,0.64104,0.13577,0.58249,-0.00253
94051000000,0.17436,13.02145,-0.17279,0.76809,-0.00067,-0.00103,0.64034,0.13213,0.58012,-0.00760
94084000000,0.17865,13.04089,-0.17289,0.76869,-0.00063,-0.00106,0.63962,0.13005,0.58911,-0.00320
94117000000,0.18372,13.05964,-0.17283,0.76927,-0.00064,-0.00108,0.63892,0.15343,0.56813,0.00191
94150000000,0.18869,13.07886,-0.17274,0.76978,-0.00060,-0.00105,0.63830,0.15066,0.58229,0.00286
94216000000,0.19828,13.11736,-0.17274,0.77097,-0.00055,-0.00104,0.63687,0.14534,0.58333,-0.00006
94249000000,0.20298,13.13626,-0.17267,0.77156,-0.00059,-0.00107,0.63616,0.14233,0.57296,0.00217
94282000000,0.20673,13.15523,-0.17151,0.77213,-0.00028,-0.00093,0.63546,0.11368,0.57475,0.03507
94315000000,0.21182,13.17406,-0.17135,0.77263,-0.00041,-0.00092,0.63486,0.15441,0.57062,0.00498
94348000000,0.21662,13.19339,-0.17138,0.77322,-0.00044,-0.00088,0.63413,0.14521,0.58579,-0.00091
94381000000,0.22198,13.21282,-0.17155,0.77376,-0.00025,-0.00092,0.63348,0.16255,0.58879,-0.00521
94414000000,0.22689,13.23191,-0.17153,0.77442,-0.00035,-0.00090,0.63268,0.14862,0.57850,0.00040
94447000000,0.23217,13.25158,-0.17180,0.77507,-0.00029,-0.00095,0.63188,0.16008,0.59596,-0.00814
94480000000,0.23720,13.27025,-0.17167,0.77573,-0.00027,-0.00086,0.63106,0.15236,0.56582,0.00392
94513000000,0.24207,13.28821,-0.17142,0.77641,-0.00027,-0.00083,0.63022,0.14767,0.54411,0.00785
94546000000,0.24700,13.30696,-0.17179,0.77712,-0.00011,-0.00086,0.62935,0.14945,0.56810,-0.01129
94579000000,0.25249,13.32520,-0.17166,0.77782,-0.00009,-0.00081,0.62848,0.16622,0.55296,0.00373
94612000000,0.25786,13.34351,-0.17165,0.77857,-0.00008,-0.00081,0.62755,0.16288,0.55487,0.00038
94645000000,0.26310,13.36163,-0.17136,0.77942,-0.00019,-0.00085,0.62650,0.15883,0.54906,0.00881
94711000000,0.27409,13.39836,-0.17123,0.78104,-0.00011,-0.00081,0.62448,0.16645,0.55651,0.00199
94744000000,0.28020,13.41649,-0.17119,0.78185,-0.00003,-0.00078,0.62347,0.18526,0.54946,0.00132
94777000000,0.28652,13.43345,-0.17279,0.78277,0.00011,-0.00095,0.62231,0.19161,0.51389,-0.04863
94810000000,0.29251,13.45191,-0.17249,0.78365,0.00025,-0.00088,0.62120,0.18150,0.55917,0.00924
94843000000,0.29868,13.47024,-0.17264,0.78452,0.00028,-0.00093,0.62010,0.18687,0.55565,-0.00460
94909000000,0.31131,13.50700,-0.17266,0.78637,0.00015,-0.00098,0.61775,0.19128,0.55695,-0.00038
94942000000,0.31755,13.52494,-0.17234,0.78730,0.00012,-0.00096,0.61657,0.18925,0.54357,0.00971
94975000000,0.32380,13.54287,-0.17194,0.78833,0.00008,-0.00085,0.61525,0.18931,0.54348,0.01220
95008000000,0.33018,13.56112,-0.17160,0.78942,0.00006,-0.00085,0.61385,0.19348,0.55307,0.01029
95074000000,0.34335,13.59737,-0.17142,0.79141,-0.00005,-0.00089,0.61128,0.19951,0.54911,0.00269
95107000000,0.35043,13.61593,-0.17210,0.79246,0.00029,-0.00093,0.60992,0.21459,0.56252,-0.02065
95140000000,0.35739,13.63435,-0.17217,0.79359,0.00027,-0.00098,0.60845,0.21095,0.55822,-0.00203
95173000000,0.36474,13.65258,-0.17203,0.79465,0.00023,-0.00096,0.60707,0.22256,0.55238,0.00433
95206000000,0.37185,13.67114,-0.17217,0.79582,0.00030,-0.00096,0.60553,0.21538,0.56261,-0.00418
95239000000,0.37897,13.68964,-0.17204,0.79688,0.00016,-0.00096,0.60413,0.21596,0.56036,0.00384
95305000000,0.39334,13.72485,-0.17170,0.79921,0.00009,-0.00069,0.60105,0.21777,0.53349,0.00515
95371000000,0.40826,13.76177,-0.17144,0.80141,0.00008,-0.00072,0.59811,0.22596,0.55939,0.00392
95404000000,0.41577,13.77986,-0.17123,0.80244,0.00008,-0.00077,0.59673,0.22755,0.54836,0.00654
95437000000,0.42348,13.79776,-0.17104,0.80354,0.00011,-0.00065,0.59525,0.23382,0.54232,0.00566
95503000000,0.43925,13.83404,-0.17122,0.80564,0.00006,-0.00065,0.59241,0.23896,0.54966,-0.00270
95536000000,0.44694,13.85164,-0.17102,0.80663,0.00018,-0.00059,0.59105,0.23292,0.53351,0.00598
95569000000,0.45460,13.86959,-0.17092,0.80764,0.00020,-0.00057,0.58968,0.23208,0.54374,0.00289
95668000000,0.47879,13.92358,-0.17091,0.81058,0.00004,-0.00071,0.58563,0.24431,0.54535,0.00012
95701000000,0.48671,13.94122,-0.17068,0.81153,0.00013,-0.00061,0.58431,0.24013,0.53464,0.00697
95767000000,0.50295,13.97789,-0.17113,0.81347,0.00019,-0.00069,0.58161,0.24603,0.55569,-0.00672
95833000000,0.51944,14.01511,-0.17147,0.81537,0.00013,-0.00083,0.57894,0.24991,0.56390,-0.00525
95866000000,0.52748,14.03292,-0.17078,0.81627,-0.00007,-0.00072,0.57767,0.24345,0.53978,0.02103
95899000000,0.53578,14.05087,-0.17078,0.81715,-0.00006,-0.00072,0.57643,0.25165,0.54374,-0.00002
95932000000,0.54370,14.06883,-0.17105,0.81804,-0.00009,-0.00080,0.57517,0.23992,0.54435,-0.00821
95965000000,0.55210,14.08652,-0.17068,0.81885,-0.00011,-0.00071,0.57401,0.25471,0.53594,0.01126
95998000000,0.56026,14.10431,-0.17067,0.81968,-0.00004,-0.00072,0.57282,0.24703,0.53906,0.00012
96031000000,0.56810,14.12181,-0.17046,0.82053,-0.00014,-0.00080,0.57160,0.23767,0.53042,0.00662
96064000000,0.57636,14.13963,-0.17030,0.82128,-0.00015,-0.00071,0.57053,0.25039,0.53990,0.00470
96097000000,0.58510,14.15719,-0.17015,0.82202,-0.00019,-0.00067,0.56946,0.26478,0.53235,0.00445
96130000000,0.59344,14.17480,-0.17018,0.82272,-0.00011,-0.00065,0.56844,0.25280,0.53360,-0.00063
96163000000,0.60214,14.19245,-0.17048,0.82342,-0.00009,-0.00071,0.56743,0.26361,0.53492,-0.00919
96196000000,0.61086,14.21033,-0.17032,0.82414,-0.00010,-0.00070,0.56638,0.26432,0.54174,0.00490
96229000000,0.61928,14.22816,-0.17045,0.82480,-0.00011,-0.00071,0.56542,0.25517,0.54033,-0.00412
96262000000,0.62766,14.24591,-0.17041,0.82546,-0.00007,-0.00065,0.56446,0.25382,0.53770,0.00115
96295000000,0.63556,14.26546,-0.16996,0.82620,-0.00016,-0.00065,0.56338,0.23927,0.59241,0.01390
96328000000,0.64365,14.28321,-0.16990,0.82686,-0.00021,-0.00065,0.56240,0.24523,0.53802,0.00167
96361000000,0.65166,14.30082,-0.16963,0.82746,-0.00029,-0.00068,0.56153,0.24267,0.53354,0.00835
96394000000,0.66017,14.31831,-0.16962,0.82800,-0.00025,-0.00069,0.56073,0.25802,0.53013,0.00001
96427000000,0.66870,14.33615,-0.16952,0.82855,-0.00038,-0.00066,0.55991,0.25832,0.54059,0.00316
96460000000,0.67742,14.35392,-0.16945,0.82901,-0.00042,-0.00069,0.55924,0.26435,0.53857,0.00225
96493000000,0.68562,14.37178,-0.16940,0.82950,-0.00047,-0.00071,0.55850,0.24850,0.54096,0.00151
96526000000,0.69383,14.38885,-0.16922,0.82995,-0.00043,-0.00062,0.55784,0.24885,0.51741,0.00547
96592000000,0.71064,14.42391,-0.16889,0.83087,-0.00043,-0.00059,0.55647,0.25459,0.53123,0.00489
96658000000,0.72706,14.45951,-0.16881,0.83166,-0.00050,-0.00058,0.55528,0.24884,0.53945,0.00127
96691000000,0.73573,14.47652,-0.16890,0.83189,-0.00048,-0.00063,0.55494,0.26291,0.51533,-0.00260
96724000000,0.74417,14.49407,-0.16891,0.83226,-0.00037,-0.00060,0.55439,0.25568,0.53166,-0.00053
96757000000,0.75239,14.51140,-0.16871,0.83255,-0.00046,-0.00057,0.55395,0.24899,0.52533,0.00603
96790000000,0.76097,14.52896,-0.16856,0.83276,-0.00047,-0.00060,0.55363,0.26017,0.53215,0.00479
96823000000,0.76855,14.54750,-0.16912,0.83308,-0.00053,-0.00066,0.55315,0.22955,0.56180,-0.01722
96856000000,0.77655,14.56457,-0.16892,0.83313,-0.00059,-0.00074,0.55308,0.24251,0.51718,0.00620
96922000000,0.79266,14.59991,-0.16865,0.83326,-0.00065,-0.00066,0.55288,0.24412,0.53543,0.00406
96955000000,0.80045,14.61786,-0.16843,0.83331,-0.00080,-0.00057,0.55280,0.23584,0.54391,0.00658
96988000000,0.80863,14.63519,-0.16806,0.83324,-0.00080,-0.00055,0.55291,0.24786,0.52513,0.01122
97021000000,0.81656,14.65265,-0.16786,0.83310,-0.00080,-0.00052,0.55312,0.24049,0.52926,0.00631
97054000000,0.82432,14.67030,-0.16804,0.83300,-0.00069,-0.00055,0.55328,0.23516,0.53495,-0.00556
97087000000,0.83210,14.68810,-0.16822,0.83289,-0.00076,-0.00066,0.55343,0.23564,0.53923,-0.00544
97120000000,0.83990,14.70541,-0.16805,0.83268,-0.00077,-0.00051,0.55375,0.23630,0.52449,0.00512
97186000000,0.85511,14.74140,-0.16818,0.83228,-0.00070,-0.00055,0.55436,0.23057,0.54528,-0.00201
97219000000,0.86191,14.75951,-0.16830,0.83211,-0.00073,-0.00073,0.55462,0.20604,0.54880,-0.00343
97252000000,0.86965,14.77784,-0.16879,0.83179,-0.00071,-0.00078,0.55509,0.23439,0.55550,-0.01487
97285000000,0.87680,14.79546,-0.16852,0.83149,-0.00070,-0.00074,0.55554,0.21668,0.53406,0.00803
97351000000,0.89132,14.83134,-0.16844,0.83069,-0.00061,-0.00071,0.55673,0.22000,0.54359,0.00119
97384000000,0.89774,14.85051,-0.16780,0.83061,-0.00107,-0.00053,0.55686,0.19456,0.58102,0.01950
97417000000,0.90466,14.86917,-0.16773,0.83020,-0.00116,-0.00050,0.55746,0.20979,0.56524,0.00212
97450000000,0.91167,14.88743,-0.16787,0.82975,-0.00115,-0.00053,0.55813,0.21225,0.55356,-0.00424
97516000000,0.92493,14.92438,-0.16801,0.82888,-0.00112,-0.00060,0.55942,0.20090,0.55979,-0.00212
97549000000,0.93143,14.94318,-0.16829,0.82831,-0.00109,-0.00063,0.56027,0.19703,0.56986,-0.00863
97582000000,0.93838,14.96123,-0.16811,0.82768,-0.00119,-0.00061,0.56120,0.21079,0.54683,0.00557
97615000000,0.94468,14.97970,-0.16826,0.82715,-0.00116,-0.00061,0.56199,0.19076,0.55958,-0.00469
97648000000,0.95111,14.99841,-0.16862,0.82652,-0.00099,-0.00068,0.56290,0.19500,0.56694,-0.01062
97681000000,0.95741,15.01735,-0.16863,0.82601,-0.00114,-0.00068,0.56365,0.19092,0.57420,-0.00047
97714000000,0.96353,15.03621,-0.16838,0.82536,-0.00117,-0.00067,0.56460,0.18518,0.57145,0.00768
97747000000,0.96955,15.05471,-0.16842,0.82465,-0.00109,-0.00061,0.56564,0.18254,0.56041,-0.00122
97780000000,0.97597,15.07303,-0.16823,0.82390,-0.00104,-0.00066,0.56673,0.19454,0.55530,0.00579
97813000000,0.98146,15.09182,-0.16800,0.82324,-0.00114,-0.00059,0.56769,0.16642,0.56940,0.00690
97879000000,0.99294,15.12914,-0.16796,0.82175,-0.00114,-0.00056,0.56984,0.17392,0.56544,0.00051
97912000000,0.99797,15.14932,-0.16887,0.82111,-0.00142,-0.00087,0.57076,0.15228,0.61162,-0.02750
97945000000,1.00367,15.16812,-0.16899,0.82033,-0.00136,-0.00091,0.57189,0.17278,0.56966,-0.00364
97978000000,1.00942,15.18681,-0.16907,0.81942,-0.00142,-0.00093,0.57320,0.17423,0.56634,-0.00239
98011000000,1.01487,15.20585,-0.16923,0.81858,-0.00140,-0.00096,0.57440,0.16515,0.57706,-0.00492
98044000000,1.01999,15.22421,-0.16870,0.81772,-0.00146,-0.00085,0.57562,0.15530,0.55637,0.01609
98077000000,1.02581,15.24378,-0.16873,0.81683,-0.00141,-0.00087,0.57688,0.17632,0.59278,-0.00096
98110000000,1.03107,15.26260,-0.16875,0.81594,-0.00143,-0.00088,0.57814,0.15933,0.57053,-0.00062
98176000000,1.04147,15.29997,-0.16893,0.81401,-0.00142,-0.00091,0.58084,0.15759,0.56615,-0.00269
98209000000,1.04594,15.31952,-0.16905,0.81314,-0.00145,-0.00096,0.58207,0.13560,0.59249,-0.00368
98242000000,1.05082,15.33888,-0.16907,0.81215,-0.00147,-0.00097,0.58344,0.14764,0.58674,-0.00062
98275000000,1.05519,15.35853,-0.16905,0.81125,-0.00145,-0.00086,0.58470,0.13248,0.59535,0.00061
98308000000,1.05919,15.37789,-0.17194,0.81033,-0.00132,-0.00138,0.58597,0.12140,0.58671,-0.08751
98374000000,1.06837,15.41721,-0.17147,0.80837,-0.00134,-0.00116,0.58867,0.13905,0.59577,0.00719
98407000000,1.07249,15.43702,-0.17103,0.80739,-0.00150,-0.00121,0.59002,0.12494,0.60024,0.01323
98440000000,1.07688,15.45686,-0.17095,0.80642,-0.00152,-0.00113,0.59134,0.13286,0.60113,0.00247
98473000000,1.08103,15.47647,-0.17087,0.80542,-0.00154,-0.00110,0.59270,0.12572,0.59414,0.00234
98506000000,1.08516,15.49633,-0.17105,0.80443,-0.00147,-0.00113,0.59405,0.12510,0.60186,-0.00526
98539000000,1.08983,15.51601,-0.17123,0.80331,-0.00146,-0.00121,0.59556,0.14163,0.59639,-0.00545
98605000000,1.09751,15.55549,-0.17113,0.80122,-0.00151,-0.00116,0.59836,0.11642,0.59823,0.00140
98671000000,1.10459,15.59554,-0.17138,0.79914,-0.00151,-0.00120,0.60114,0.10718,0.60677,-0.00369
98737000000,1.11089,15.63736,-0.17165,0.79739,-0.00145,-0.00135,0.60346,0.09550,0.63375,-0.00414
98770000000,1.11462,15.65717,-0.17134,0.79632,-0.00162,-0.00131,0.60487,0.11300,0.60027,0.00930
98803000000,1.11803,15.67674,-0.17072,0.79518,-0.00169,-0.00115,0.60638,0.10327,0.59304,0.01874
98836000000,1.12161,15.69625,-0.17054,0.79397,-0.00164,-0.00115,0.60795,0.10858,0.59113,0.00560
98902000000,1.12849,15.73621,-0.17047,0.79168,-0.00170,-0.00112,0.61093,0.10421,0.60548,0.00105
98935000000,1.13142,15.75582,-0.17033,0.79054,-0.00172,-0.00103,0.61240,0.08893,0.59414,0.00423
98968000000,1.13431,15.77593,-0.16999,0.78941,-0.00175,-0.00096,0.61386,0.08741,0.60943,0.01034
99001000000,1.13736,15.79556,-0.17002,0.78822,-0.00169,-0.00100,0.61539,0.09255,0.59495,-0.00100
99034000000,1.14020,15.81547,-0.17011,0.78711,-0.00172,-0.00100,0.61681,0.08614,0.60330,-0.00261
99067000000,1.14241,15.83523,-0.17050,0.78598,-0.00156,-0.00111,0.61825,0.06696,0.59868,-0.01196
99100000000,1.14562,15.85435,-0.17043,0.78476,-0.00160,-0.00108,0.61980,0.09710,0.57949,0.00220
99166000000,1.15083,15.89376,-0.17009,0.78246,-0.00170,-0.00097,0.62270,0.07899,0.59706,0.00510
99199000000,1.15279,15.91465,-0.17081,0.78115,-0.00183,-0.00101,0.62434,0.05939,0.63301,-0.02172
99232000000,1.15475,15.93432,-0.17099,0.78008,-0.00174,-0.00110,0.62568,0.05934,0.59602,-0.00545
99265000000,1.15685,15.95404,-0.17090,0.77893,-0.00173,-0.00099,0.62711,0.06353,0.59784,0.00286
99298000000,1.15903,15.97408,-0.17087,0.77779,-0.00170,-0.00095,0.62852,0.06631,0.60703,0.00089
99331000000,1.16130,15.99418,-0.17092,0.77659,-0.00176,-0.00099,0.63001,0.06861,0.60911,-0.00169
99364000000,1.16388,16.01452,-0.17106,0.77532,-0.00176,-0.00099,0.63157,0.07813,0.61654,-0.00413
99463000000,1.17051,16.07502,-0.17149,0.77170,-0.00175,-0.00102,0.63598,0.06702,0.61105,-0.00439
99496000000,1.17171,16.09466,-0.17169,0.77076,-0.00171,-0.00101,0.63712,0.03644,0.59515,-0.00587
99529000000,1.17357,16.11418,-0.17170,0.76946,-0.00169,-0.00103,0.63869,0.05631,0.59168,-0.00029
99628000000,1.17937,16.17391,-0.17224,0.76647,-0.00146,-0.00133,0.64228,0.05859,0.60332,-0.00552
99661000000,1.18106,16.19341,-0.17217,0.76529,-0.00144,-0.00129,0.64368,0.05111,0.59099,0.00235
99694000000,1.18203,16.21287,-0.17231,0.76432,-0.00143,-0.00137,0.64483,0.02942,0.58966,-0.00431
99727000000,1.18347,16.23278,-0.17218,0.76322,-0.00144,-0.00139,0.64613,0.04354,0.60342,0.00382
99760000000,1.18450,16.25310,-0.17219,0.76214,-0.00147,-0.00134,0.64741,0.03118,0.61561,-0.00024
99793000000,1.18576,16.27344,-0.17230,0.76098,-0.00156,-0.00134,0.64877,0.03829,0.61636,-0.00319
99826000000,1.18693,16.29312,-0.17241,0.75997,-0.00155,-0.00130,0.64995,0.03541,0.59625,-0.00344
99892000000,1.18931,16.33239,-0.17250,0.75783,-0.00145,-0.00129,0.65245,0.03610,0.59509,-0.00133
99925000000,1.19030,16.35196,-0.17272,0.75687,-0.00142,-0.00138,0.65356,0.02995,0.59301,-0.00685
99958000000,1.19149,16.37130,-0.17264,0.75581,-0.00138,-0.00134,0.65479,0.03606,0.58590,0.00243
100024000000,1.19359,16.41022,-0.17253,0.75374,-0.00145,-0.00140,0.65717,0.03185,0.58975,0.00174
100057000000,1.19371,16.43089,-0.17407,0.75255,-0.00153,-0.00214,0.65853,0.00368,0.62654,-0.04664
100090000000,1.19501,16.45080,-0.17388,0.75145,-0.00155,-0.00199,0.65978,0.03925,0.60318,0.00554
100123000000,1.19624,16.47058,-0.17384,0.75047,-0.00164,-0.00203,0.66090,0.03736,0.59925,0.00135
100189000000,1.19812,16.50940,-0.17346,0.74853,-0.00168,-0.00205,0.66310,0.02851,0.58821,0.00577
100222000000,1.19877,16.52869,-0.17335,0.74766,-0.00155,-0.00187,0.66407,0.01971,0.58475,0.00325
100255000000,1.19991,16.54815,-0.17332,0.74676,-0.00151,-0.00175,0.66509,0.03451,0.58954,0.00090
100288000000,1.20015,16.56774,-0.17338,0.74601,-0.00153,-0.00179,0.66593,0.00719,0.59371,-0.00172
100321000000,1.20042,16.58776,-0.17367,0.74522,-0.00152,-0.00192,0.66682,0.00823,0.60659,-0.00885
100354000000,1.20114,16.60733,-0.17351,0.74433,-0.00159,-0.00185,0.66781,0.02194,0.59307,0.00474
100420000000,1.20174,16.64632,-0.17347,0.74284,-0.00175,-0.00209,0.66946,0.00897,0.59073,0.00061
100453000000,1.20243,16.66547,-0.17332,0.74206,-0.00179,-0.00205,0.67033,0.02104,0.58024,0.00456
100486000000,1.20330,16.68574,-0.17342,0.74128,-0.00171,-0.00203,0.67120,0.02621,0.61434,-0.00285
100519000000,1.20391,16.70521,-0.17344,0.74055,-0.00173,-0.00203,0.67200,0.01873,0.58995,-0.00081
100585000000,1.20549,16.74350,-0.17453,0.73887,-0.00142,-0.00168,0.67384,0.02393,0.58015,-0.01646
100618000000,1.20653,16.76358,-0.17483,0.73805,-0.00138,-0.00168,0.67475,0.03154,0.60844,-0.00897
100684000000,1.20789,16.80250,-0.17487,0.73670,-0.00137,-0.00161,0.67622,0.02057,0.58969,-0.00072
100717000000,1.20801,16.82193,-0.17478,0.73621,-0.00141,-0.00164,0.67675,0.00372,0.58885,0.00273
100750000000,1.20820,16.84126,-0.17498,0.73561,-0.00138,-0.00172,0.67740,0.00576,0.58585,-0.00603
100783000000,1.20886,16.86048,-0.17496,0.73499,-0.00140,-0.00172,0.67807,0.01992,0.58238,0.00082
100816000000,1.21024,16.87996,-0.17520,0.73430,-0.00133,-0.00185,0.67882,0.04168,0.59035,-0.00753
100849000000,1.21096,16.89931,-0.17529,0.73372,-0.00135,-0.00188,0.67945,0.02184,0.58631,-0.00273
100882000000,1.21190,16.91898,-0.17530,0.73325,-0.00133,-0.00188,0.67996,0.02854,0.59619,-0.00007
100915000000,1.21261,16.93813,-0.17516,0.73290,-0.00138,-0.00175,0.68033,0.02152,0.58007,0.00401
100948000000,1.21297,16.95770,-0.17514,0.73256,-0.00132,-0.00177,0.68070,0.01090,0.59330,0.00079
100981000000,1.21360,16.97659,-0.17493,0.73215,-0.00138,-0.00174,0.68114,0.01922,0.57244,0.00627
101014000000,1.21408,16.99595,-0.17498,0.73184,-0.00139,-0.00177,0.68148,0.01443,0.58660,-0.00161
101047000000,1.21295,17.01525,-0.17376,0.73178,-0.00165,-0.00169,0.68153,-0.03410,0.58480,0.03724
101113000000,1.21489,17.05327,-0.17368,0.73118,-0.00162,-0.00162,0.68218,0.02938,0.57611,0.00118
101146000000,1.21600,17.07272,-0.17386,0.73093,-0.00161,-0.00166,0.68245,0.03352,0.58926,-0.00562
101179000000,1.21763,17.09191,-0.17362,0.73059,-0.00165,-0.00153,0.68281,0.04936,0.58151,0.00722
101212000000,1.21859,17.11092,-0.17356,0.73055,-0.00167,-0.00145,0.68285,0.02918,0.57596,0.00187
101245000000,1.21929,17.13000,-0.17339,0.73047,-0.00166,-0.00151,0.68295,0.02123,0.57816,0.00522
101278000000,1.22067,17.14900,-0.17345,0.73043,-0.00161,-0.00151,0.68299,0.04185,0.57602,-0.00174
101311000000,1.22140,17.16805,-0.17332,0.73053,-0.00174,-0.00151,0.68287,0.02201,0.57712,0.00381
101344000000,1.22261,17.18668,-0.17323,0.73052,-0.00178,-0.00152,0.68289,0.03671,0.56446,0.00289
101377000000,1.22410,17.20545,-0.17325,0.73064,-0.00176,-0.00152,0.68276,0.04507,0.56897,-0.00075
101410000000,1.22636,17.22408,-0.17324,0.73063,-0.00179,-0.00146,0.68277,0.06848,0.56452,0.00034
101443000000,1.22810,17.24220,-0.17331,0.73075,-0.00168,-0.00144,0.68264,0.05278,0.54920,-0.00198
101476000000,1.22973,17.26133,-0.17340,0.73115,-0.00156,-0.00148,0.68222,0.04936,0.57943,-0.00299
101509000000,1.23105,17.28027,-0.17376,0.73160,-0.00152,-0.00151,0.68173,0.04015,0.57394,-0.01068
101542000000,1.23279,17.29862,-0.17369,0.73197,-0.00150,-0.00148,0.68134,0.05261,0.55608,0.00210
101575000000,1.23482,17.31693,-0.17369,0.73242,-0.00152,-0.00154,0.68085,0.06158,0.55487,0.00002
101608000000,1.23773,17.33530,-0.17350,0.73239,-0.00147,-0.00120,0.68088,0.08811,0.55666,0.00566
101641000000,1.23969,17.35336,-0.17332,0.73299,-0.00154,-0.00119,0.68024,0.05937,0.54724,0.00545
101674000000,1.24166,17.37158,-0.17315,0.73370,-0.00162,-0.00122,0.67947,0.05983,0.55221,0.00498
101707000000,1.24422,17.38961,-0.17270,0.73440,-0.00171,-0.00113,0.67871,0.07742,0.54643,0.01377
101740000000,1.24730,17.40826,-0.17282,0.73507,-0.00172,-0.00113,0.67798,0.09350,0.56521,-0.00365
101806000000,1.25298,17.44416,-0.17259,0.73689,-0.00188,-0.00112,0.67601,0.08608,0.54397,0.00349
101839000000,1.25646,17.46202,-0.17248,0.73775,-0.00189,-0.00111,0.67507,0.10533,0.54094,0.00325
101872000000,1.25887,17.47985,-0.17277,0.73903,-0.00178,-0.00117,0.67367,0.07309,0.54030,-0.00866
101905000000,1.26225,17.49816,-0.17306,0.74024,-0.00172,-0.00120,0.67234,0.10236,0.55487,-0.00883
101971000000,1.27003,17.53339,-0.17347,0.74255,-0.00171,-0.00140,0.66979,0.11783,0.53388,-0.00624
102004000000,1.27463,17.55094,-0.17361,0.74382,-0.00161,-0.00137,0.66838,0.13947,0.53175,-0.00411
102070000000,1.28334,17.58537,-0.17385,0.74675,-0.00155,-0.00151,0.66510,0.13189,0.52172,-0.00363
102103000000,1.28754,17.60333,-0.17471,0.74814,-0.00150,-0.00142,0.66353,0.12743,0.54411,-0.02601
102136000000,1.29235,17.62010,-0.17472,0.74983,-0.00144,-0.00139,0.66163,0.14566,0.50822,-0.00055
102169000000,1.29742,17.63749,-0.17460,0.75164,-0.00144,-0.00140,0.65957,0.15358,0.52689,0.00378
102202000000,1.30279,17.65412,-0.17438,0.75345,-0.00138,-0.00132,0.65750,0.16296,0.50394,0.00673
102235000000,1.30822,17.67103,-0.17433,0.75540,-0.00145,-0.00136,0.65526,0.16459,0.51256,0.00143
102268000000,1.31435,17.68843,-0.17459,0.75733,-0.00146,-0.00145,0.65303,0.18551,0.52712,-0.00791
102301000000,1.32026,17.70525,-0.17470,0.75951,-0.00145,-0.00141,0.65050,0.17923,0.50984,-0.00336
102334000000,1.32664,17.72205,-0.17473,0.76171,-0.00149,-0.00149,0.64791,0.19332,0.50892,-0.00078
102367000000,1.33318,17.73845,-0.17482,0.76402,-0.00137,-0.00155,0.64519,0.19815,0.49707,-0.00283
102400000000,1.33960,17.75529,-0.17457,0.76667,-0.00147,-0.00151,0.64204,0.19445,0.51019,0.00770
102466000000,1.35465,17.78739,-0.17425,0.77188,-0.00147,-0.00149,0.63577,0.22812,0.48640,0.00485
102499000000,1.36284,17.80420,-0.17401,0.77480,-0.00163,-0.00147,0.63220,0.24798,0.50938,0.00722
102532000000,1.37143,17.82089,-0.17390,0.77786,-0.00169,-0.00148,0.62843,0.26034,0.50585,0.00334
102598000000,1.38931,17.85310,-0.17419,0.78417,-0.00149,-0.00154,0.62054,0.27095,0.48796,-0.00443
102631000000,1.39891,17.87110,-0.17645,0.78763,-0.00098,-0.00263,0.61614,0.29100,0.54556,-0.06838
102664000000,1.40769,17.88662,-0.17646,0.79101,-0.00089,-0.00265,0.61180,0.26607,0.47042,-0.00045
102697000000,1.41744,17.90139,-0.17634,0.79424,-0.00085,-0.00261,0.60760,0.29534,0.44748,0.00383
102730000000,1.42709,17.91628,-0.17595,0.79751,-0.00094,-0.00259,0.60330,0.29245,0.45117,0.01165
102763000000,1.43718,17.93079,-0.17589,0.80083,-0.00089,-0.00254,0.59888,0.30574,0.43967,0.00183
102796000000,1.44745,17.94495,-0.17589,0.80407,-0.00076,-0.00256,0.59452,0.31110,0.42904,0.00010
102829000000,1.45759,17.95897,-0.17611,0.80751,-0.00068,-0.00262,0.58984,0.30750,0.42499,-0.00678
102862000000,1.46834,17.97254,-0.17584,0.81086,-0.00061,-0.00252,0.58523,0.32567,0.41124,0.00831
102895000000,1.47889,17.98573,-0.17550,0.81427,-0.00067,-0.00249,0.58048,0.31958,0.39962,0.01028
102928000000,1.48968,17.99853,-0.17504,0.81769,-0.00079,-0.00243,0.57566,0.32710,0.38800,0.01386
102961000000,1.50077,18.01161,-0.17424,0.82111,-0.00110,-0.00230,0.57076,0.33613,0.39638,0.02422
102994000000,1.51151,18.02509,-0.17397,0.82476,-0.00128,-0.00219,0.56548,0.32525,0.40846,0.00823
103027000000,1.52324,18.03820,-0.17425,0.82819,-0.00130,-0.00230,0.56044,0.35552,0.39731,-0.00841
103060000000,1.53502,18.05042,-0.17417,0.83170,-0.00134,-0.00231,0.55521,0.35706,0.37031,0.00224
103093000000,1.54591,18.06206,-0.17468,0.83478,-0.00071,-0.00222,0.55058,0.32989,0.35257,-0.01550
103159000000,1.57030,18.08528,-0.17447,0.84172,-0.00064,-0.00219,0.53991,0.36964,0.35179,0.00329
103225000000,1.59569,18.10839,-0.17467,0.84865,-0.00074,-0.00227,0.52895,0.38461,0.35023,-0.00302
103258000000,1.60885,18.11947,-0.17473,0.85211,-0.00068,-0.00229,0.52335,0.39871,0.33558,-0.00196
103291000000,1.62204,18.13029,-0.17429,0.85553,-0.00066,-0.00213,0.51775,0.39973,0.32812,0.01347
103324000000,1.63533,18.14071,-0.17407,0.85894,-0.00076,-0.00206,0.51208,0.40276,0.31552,0.00649
103357000000,1.64858,18.15133,-0.17427,0.86250,-0.00065,-0.00222,0.50605,0.40160,0.32205,-0.00581
103390000000,1.66196,18.16154,-0.17431,0.86599,-0.00065,-0.00225,0.50005,0.40553,0.30922,-0.00148
103423000000,1.67591,18.17104,-0.17445,0.86934,-0.00057,-0.00234,0.49422,0.42272,0.28789,-0.00411
103456000000,1.69096,18.18110,-0.17392,0.87303,-0.00105,-0.00193,0.48767,0.45603,0.30489,0.01606
103489000000,1.70549,18.19070,-0.17395,0.87641,-0.00099,-0.00195,0.48155,0.44021,0.29096,-0.00092
103555000000,1.73486,18.20904,-0.17405,0.88313,-0.00067,-0.00194,0.46913,0.44495,0.27789,-0.00152
103621000000,1.76454,18.22627,-0.17391,0.88975,-0.00070,-0.00198,0.45645,0.44976,0.26102,0.00208
103687000000,1.79580,18.24257,-0.17355,0.89617,-0.00073,-0.00196,0.44370,0.47366,0.24700,0.00549
103753000000,1.82668,18.25855,-0.17346,0.90277,-0.00069,-0.00194,0.43011,0.46786,0.24209,0.00139
103786000000,1.84272,18.26547,-0.17351,0.90582,-0.00083,-0.00211,0.42366,0.48611,0.20958,-0.00145
103819000000,1.85923,18.27280,-0.17358,0.90895,-0.00083,-0.00212,0.41690,0.50034,0.22229,-0.00232
103885000000,1.89346,18.28778,-0.17536,0.91533,-0.00045,-0.00296,0.40269,0.51865,0.22686,-0.02696
103918000000,1.91042,18.29443,-0.17531,0.91838,-0.00040,-0.00300,0.39568,0.51388,0.20177,0.00166
103951000000,1.92782,18.30041,-0.17501,0.92137,-0.00028,-0.00288,0.38868,0.52739,0.18114,0.00904
103984000000,1.94549,18.30663,-0.17469,0.92433,-0.00033,-0.00282,0.38158,0.53532,0.18837,0.00971
104017000000,1.96308,18.31269,-0.17419,0.92731,-0.00033,-0.00272,0.37427,0.53316,0.18374,0.01502
104050000000,1.98180,18.31828,-0.17393,0.93020,-0.00040,-0.00264,0.36704,0.56706,0.16929,0.00783
104083000000,2.00045,18.32395,-0.17415,0.93310,-0.00040,-0.00268,0.35960,0.56518,0.17183,-0.00661
104116000000,2.01922,18.32928,-0.17386,0.93600,-0.00045,-0.00260,0.35200,0.56875,0.16149,0.00900
104149000000,2.03811,18.33369,-0.17343,0.93870,-0.00060,-0.00257,0.34473,0.57252,0.13363,0.01302
104182000000,2.05750,18.33849,-0.17325,0.94150,-0.00040,-0.00261,0.33700,0.58741,0.14554,0.00534
104215000000,2.07786,18.34386,-0.17293,0.94430,-0.00057,-0.00253,0.32906,0.61699,0.16270,0.00959
104248000000,2.09864,18.34781,-0.17268,0.94692,-0.00050,-0.00251,0.32145,0.62992,0.11958,0.00751
104281000000,2.12296,18.35388,-0.17215,0.94923,-0.00086,-0.00178,0.31459,0.73673,0.18403,0.01609
104347000000,2.16463,18.36096,-0.17146,0.95412,-0.00063,-0.00169,0.29941,0.63149,0.10725,0.01052
104380000000,2.18528,18.36471,-0.17124,0.95650,-0.00061,-0.00168,0.29174,0.62569,0.11381,0.00671
104413000000,2.20682,18.36811,-0.17126,0.95877,-0.00069,-0.00170,0.28419,0.65274,0.10288,-0.00066
104446000000,2.22785,18.37120,-0.17101,0.96099,-0.00079,-0.00160,0.27658,0.63730,0.09381,0.00751
104479000000,2.24887,18.37405,-0.17078,0.96310,-0.00092,-0.00165,0.26915,0.63690,0.08641,0.00715
104512000000,2.27032,18.37665,-0.17101,0.96518,-0.00078,-0.00176,0.26157,0.64994,0.07861,-0.00721
104545000000,2.29097,18.37850,-0.17109,0.96712,-0.00072,-0.00179,0.25433,0.62589,0.05624,-0.00235
104578000000,2.31278,18.38045,-0.17103,0.96900,-0.00075,-0.00172,0.24704,0.66074,0.05901,0.00187
104611000000,2.33472,18.38212,-0.17123,0.97081,-0.00075,-0.00177,0.23983,0.66484,0.05057,-0.00622
104644000000,2.35592,18.38331,-0.17108,0.97257,-0.00067,-0.00179,0.23259,0.64239,0.03595,0.00455
104677000000,2.37780,18.38444,-0.17101,0.97426,-0.00066,-0.00171,0.22542,0.66332,0.03445,0.00235
104710000000,2.39911,18.38532,-0.17077,0.97587,-0.00074,-0.00165,0.21834,0.64570,0.02659,0.00722
104743000000,2.42023,18.38532,-0.17061,0.97737,-0.00048,-0.00169,0.21155,0.64002,0.00006,0.00468
104776000000,2.44173,18.38562,-0.17066,0.97886,-0.00052,-0.00173,0.20453,0.65153,0.00902,-0.00147
104809000000,2.46601,18.38580,-0.17078,0.98028,-0.00028,-0.00119,0.19761,0.73549,0.00538,-0.00345
104842000000,2.48723,18.38585,-0.17081,0.98164,-0.00036,-0.00122,0.19073,0.64324,0.00168,-0.00089
104875000000,2.50858,18.38624,-0.17073,0.98298,-0.00040,-0.00121,0.18373,0.64696,0.01179,0.00243
104908000000,2.52970,18.38559,-0.17076,0.98418,-0.00018,-0.00124,0.17714,0.63992,-0.01977,-0.00091
104941000000,2.55112,18.38553,-0.17053,0.98540,-0.00029,-0.00118,0.17025,0.64896,-0.00173,0.00691
104974000000,2.57289,18.38479,-0.17048,0.98653,-0.00032,-0.00115,0.16358,0.65990,-0.02248,0.00140
105040000000,2.61512,18.38239,-0.17021,0.98860,-0.00027,-0.00109,0.15054,0.63986,-0.03636,0.00413
105073000000,2.63669,18.38115,-0.17005,0.98957,-0.00026,-0.00105,0.14405,0.65365,-0.03768,0.00489
105106000000,2.65801,18.37930,-0.17000,0.99046,-0.00025,-0.00107,0.13780,0.64611,-0.05583,0.00136
105139000000,2.67899,18.37782,-0.16965,0.99133,-0.00031,-0.00105,0.13142,0.63575,-0.04485,0.01070
105172000000,2.70044,18.37552,-0.16935,0.99211,-0.00027,-0.00088,0.12534,0.64973,-0.06994,0.00901
105205000000,2.72156,18.37383,-0.16871,0.99290,-0.00048,-0.00072,0.11899,0.64027,-0.05098,0.01961
105238000000,2.74219,18.37139,-0.16836,0.99361,-0.00042,-0.00072,0.11290,0.62496,-0.07404,0.01045
105271000000,2.76315,18.36856,-0.16791,0.99427,-0.00031,-0.00067,0.10689,0.63519,-0.08566,0.01371
105304000000,2.78498,18.36633,-0.16814,0.99490,-0.00031,-0.00067,0.10084,0.66165,-0.06768,-0.00700
105337000000,2.80169,18.36272,-0.16660,0.99550,-0.00109,-0.00103,0.09475,0.50626,-0.10935,0.04676
105403000000,2.84451,18.35658,-0.16656,0.99654,-0.00097,-0.00110,0.08313,0.64882,-0.09303,0.00048
105469000000,2.88742,18.35039,-0.16675,0.99743,-0.00102,-0.00108,0.07163,0.65017,-0.09378,-0.00281
105502000000,2.90830,18.34648,-0.16673,0.99781,-0.00105,-0.00115,0.06613,0.63272,-0.11872,0.00061
105568000000,2.95005,18.33901,-0.16657,0.99848,-0.00101,-0.00109,0.05509,0.63251,-0.11305,0.00241
105601000000,2.97021,18.33522,-0.16593,0.99876,-0.00106,-0.00100,0.04967,0.61098,-0.11502,0.01943
105634000000,2.99095,18.33128,-0.16571,0.99902,-0.00104,-0.00097,0.04427,0.62846,-0.11930,0.00675
105667000000,3.01173,18.32676,-0.16555,0.99924,-0.00100,-0.00095,0.03902,0.62972,-0.13698,0.00489
105700000000,3.03283,18.32258,-0.16544,0.99943,-0.00109,-0.00092,0.03369,0.63923,-0.12658,0.00333
105733000000,3.05375,18.31788,-0.16483,0.99959,-0.00103,-0.00076,0.02868,0.63418,-0.14242,0.01831
105766000000,3.07501,18.31322,-0.16476,0.99972,-0.00096,-0.00073,0.02350,0.64421,-0.14120,0.00219
105799000000,3.09587,18.30869,-0.16491,0.99983,-0.00103,-0.00073,0.01841,0.63207,-0.13733,-0.00467
105832000000,3.11618,18.30367,-0.16466,0.99991,-0.00100,-0.00071,0.01349,0.61554,-0.15218,0.00764
105865000000,3.13737,18.29918,-0.16439,0.99996,-0.00133,-0.00065,0.00867,0.64190,-0.13594,0.00826
105898000000,3.15792,18.29421,-0.16432,0.99999,-0.00132,-0.00066,0.00380,0.62279,-0.15068,0.00199
105964000000,3.19900,18.28376,-0.16406,0.99998,-0.00128,-0.00058,-0.00557,0.62244,-0.15831,0.00406
105997000000,3.21952,18.27829,-0.16418,0.99995,-0.00130,-0.00067,-0.01016,0.62194,-0.16600,-0.00393
106030000000,3.23998,18.27282,-0.16387,0.99989,-0.00130,-0.00052,-0.01479,0.61998,-0.16577,0.00948
106063000000,3.26031,18.26744,-0.16400,0.99981,-0.00136,-0.00065,-0.01920,0.61607,-0.16305,-0.00388
106096000000,3.28086,18.26211,-0.16385,0.99972,-0.00143,-0.00059,-0.02369,0.62256,-0.16137,0.00447
106129000000,3.30136,18.25605,-0.16396,0.99961,-0.00142,-0.00058,-0.02781,0.62125,-0.18368,-0.00333
106162000000,3.32140,18.25022,-0.16409,0.99949,-0.00147,-0.00063,-0.03203,0.60728,-0.17652,-0.00393
106195000000,3.34118,18.24474,-0.16403,0.99935,-0.00147,-0.00063,-0.03610,0.59956,-0.16617,0.00182
106228000000,3.36158,18.23874,-0.16440,0.99919,-0.00140,-0.00080,-0.04018,0.61795,-0.18183,-0.01120
106261000000,3.38168,18.23307,-0.16419,0.99902,-0.00150,-0.00065,-0.04417,0.60909,-0.17166,0.00629
106294000000,3.40177,18.22688,-0.16404,0.99884,-0.00158,-0.00068,-0.04804,0.60894,-0.18784,0.00474
106327000000,3.42213,18.22076,-0.16415,0.99866,-0.00155,-0.00069,-0.05180,0.61693,-0.18542,-0.00331
106360000000,3.44175,18.21480,-0.16412,0.99845,-0.00151,-0.00071,-0.05558,0.59444,-0.18062,0.00072
106393000000,3.46124,18.20747,-0.16434,0.99825,-0.00164,-0.00097,-0.05918,0.59083,-0.22212,-0.00672
106426000000,3.48138,18.20115,-0.16429,0.99803,-0.00157,-0.00097,-0.06266,0.61006,-0.19131,0.00166
106459000000,3.50095,18.19485,-0.16420,0.99781,-0.00152,-0.00098,-0.06615,0.59314,-0.19097,0.00285
106492000000,3.52057,18.18826,-0.16417,0.99758,-0.00148,-0.00102,-0.06954,0.59460,-0.19987,0.00086
106525000000,3.54008,18.18170,-0.16436,0.99734,-0.00148,-0.00109,-0.07287,0.59116,-0.19871,-0.00592
106558000000,3.55936,18.17522,-0.16424,0.99709,-0.00151,-0.00109,-0.07617,0.58434,-0.19628,0.00368
106624000000,3.59806,18.16237,-0.16362,0.99658,-0.00153,-0.00096,-0.08262,0.58637,-0.19467,0.00946
106657000000,3.61738,18.15540,-0.16353,0.99632,-0.00152,-0.00095,-0.08569,0.58527,-0.21131,0.00251
106690000000,3.63675,18.14852,-0.16355,0.99605,-0.00152,-0.00094,-0.08879,0.58719,-0.20854,-0.00040
106723000000,3.65636,18.14149,-0.16323,0.99579,-0.00148,-0.00093,-0.09167,0.59425,-0.21287,0.00967
106756000000,3.67576,18.13451,-0.16311,0.99551,-0.00153,-0.00088,-0.09463,0.58779,-0.21160,0.00349
106789000000,3.69512,18.12754,-0.16332,0.99523,-0.00158,-0.00096,-0.09756,0.58663,-0.21108,-0.00617
106822000000,3.71447,18.12009,-0.16341,0.99495,-0.00157,-0.00094,-0.10032,0.58647,-0.22599,-0.00268
106888000000,3.75229,18.10639,-0.16355,0.99436,-0.00157,-0.00108,-0.10600,0.57301,-0.20753,-0.00216
106921000000,3.77041,18.09875,-0.16430,0.99408,-0.00169,-0.00117,-0.10865,0.54896,-0.23137,-0.02286
106954000000,3.78954,18.09140,-0.16407,0.99378,-0.00170,-0.00112,-0.11134,0.57970,-0.22293,0.00714
106987000000,3.80863,18.08414,-0.16391,0.99348,-0.00178,-0.00108,-0.11398,0.57862,-0.21998,0.00469
107020000000,3.82717,18.07690,-0.16368,0.99317,-0.00170,-0.00106,-0.11666,0.56184,-0.21929,0.00717
107086000000,3.86456,18.06257,-0.16327,0.99256,-0.00180,-0.00095,-0.12172,0.56647,-0.21718,0.00611
107119000000,3.88263,18.05535,-0.16289,0.99224,-0.00173,-0.00087,-0.12432,0.54749,-0.21888,0.01159
107152000000,3.90111,18.04785,-0.16304,0.99195,-0.00174,-0.00097,-0.12660,0.56020,-0.22709,-0.00455
107185000000,3.91887,18.04016,-0.16293,0.99164,-0.00184,-0.00094,-0.12905,0.53818,-0.23304,0.00350
107218000000,3.93725,18.03256,-0.16290,0.99134,-0.00191,-0.00093,-0.13134,0.55675,-0.23033,0.00088
107251000000,3.95495,18.02516,-0.16286,0.99103,-0.00182,-0.00096,-0.13362,0.53642,-0.22432,0.00122
107284000000,3.97284,18.01739,-0.16247,0.99072,-0.00178,-0.00081,-0.13592,0.54221,-0.23547,0.01163
107317000000,3.99107,18.00967,-0.16231,0.99041,-0.00182,-0.00089,-0.13816,0.55232,-0.23379,0.00492
107350000000,4.00963,18.00134,-0.16248,0.99007,-0.00181,-0.00098,-0.14057,0.56242,-0.25258,-0.00510
107383000000,4.02757,17.99351,-0.16196,0.98974,-0.00186,-0.00080,-0.14287,0.54370,-0.23709,0.01578
107449000000,4.06394,17.97705,-0.16214,0.98908,-0.00181,-0.00089,-0.14739,0.55106,-0.24940,-0.00283
107482000000,4.08359,17.96939,-0.16405,0.98870,-0.00204,-0.00107,-0.14990,0.59554,-0.23212,-0.05790
107515000000,4.10119,17.96085,-0.16388,0.98834,-0.00202,-0.00105,-0.15222,0.53339,-0.25888,0.00542
107581000000,4.13650,17.94371,-0.16368,0.98759,-0.00202,-0.00108,-0.15701,0.53485,-0.25963,0.00295
107614000000,4.15455,17.93533,-0.16361,0.98717,-0.00207,-0.00112,-0.15964,0.54726,-0.25408,0.00228
107647000000,4.17232,17.92645,-0.16342,0.98678,-0.00199,-0.00106,-0.16205,0.53842,-0.26905,0.00562
107680000000,4.19054,17.91737,-0.16358,0.98636,-0.00205,-0.00117,-0.16458,0.55198,-0.27506,-0.00490
107713000000,4.20840,17.90852,-0.16338,0.98592,-0.00209,-0.00106,-0.16718,0.54122,-0.26818,0.00614
107746000000,4.22622,17.89971,-0.16312,0.98547,-0.00204,-0.00095,-0.16981,0.53998,-0.26720,0.00777
107779000000,4.24398,17.89049,-0.16355,0.98504,-0.00204,-0.00119,-0.17233,0.53828,-0.27934,-0.01302
107812000000,4.26166,17.88101,-0.16356,0.98459,-0.00206,-0.00117,-0.17487,0.53562,-0.28720,-0.00010
107845000000,4.27925,17.87126,-0.16344,0.98415,-0.00196,-0.00116,-0.17734,0.53300,-0.29541,0.00362
107878000000,4.29670,17.86238,-0.16302,0.98365,-0.00197,-0.00109,-0.18010,0.52886,-0.26923,0.01264
107911000000,4.31400,17.85294,-0.16240,0.98315,-0.00195,-0.00091,-0.18281,0.52435,-0.28587,0.01861
107944000000,4.33124,17.84288,-0.16225,0.98265,-0.00196,-0.00088,-0.18544,0.52238,-0.30506,0.00483
107977000000,4.35133,17.83501,-0.16527,0.98205,-0.00222,-0.00147,-0.18860,0.60878,-0.23825,-0.09171
108010000000,4.36825,17.82472,-0.16484,0.98152,-0.00212,-0.00135,-0.19134,0.51266,-0.31188,0.01295
108043000000,4.38537,17.81442,-0.16449,0.98099,-0.00208,-0.00130,-0.19406,0.51880,-0.31217,0.01089
108076000000,4.40210,17.80396,-0.16386,0.98045,-0.00199,-0.00119,-0.19677,0.50705,-0.31685,0.01906
108109000000,4.41878,17.79360,-0.16344,0.97989,-0.00188,-0.00114,-0.19953,0.50545,-0.31413,0.01259
108142000000,4.43564,17.78306,-0.16314,0.97929,-0.00188,-0.00111,-0.20245,0.51079,-0.31939,0.00908
108175000000,4.45249,17.77241,-0.16338,0.97874,-0.00193,-0.00123,-0.20509,0.51081,-0.32263,-0.00712
108208000000,4.46941,17.76195,-0.16330,0.97813,-0.00182,-0.00124,-0.20799,0.51256,-0.31702,0.00231
108241000000,4.48653,17.75092,-0.16347,0.97750,-0.00194,-0.00135,-0.21091,0.51902,-0.33431,-0.00506
108274000000,4.50312,17.73943,-0.16355,0.97687,-0.00180,-0.00132,-0.21381,0.50272,-0.34812,-0.00266
108340000000,4.53608,17.71683,-0.16330,0.97556,-0.00162,-0.00126,-0.21974,0.49934,-0.34240,0.00380
108373000000,4.55310,17.70567,-0.16324,0.97485,-0.00169,-0.00136,-0.22284,0.51587,-0.33824,0.00197
108406000000,4.56908,17.69412,-0.16331,0.97416,-0.00170,-0.00135,-0.22585,0.48425,-0.34997,-0.00203
108439000000,4.58496,17.68214,-0.16308,0.97347,-0.00162,-0.00133,-0.22883,0.48123,-0.36292,0.00669
108505000000,4.61660,17.65816,-0.16294,0.97202,-0.00171,-0.00140,-0.23490,0.47929,-0.36338,0.00222
108538000000,4.63258,17.64589,-0.16245,0.97124,-0.00173,-0.00131,-0.23808,0.48438,-0.37188,0.01482
108571000000,4.64834,17.63380,-0.16220,0.97045,-0.00170,-0.00121,-0.24127,0.47753,-0.36633,0.00768
108604000000,4.66438,17.62158,-0.16199,0.96965,-0.00172,-0.00124,-0.24447,0.48593,-0.37031,0.00636
108670000000,4.69638,17.59674,-0.16208,0.96799,-0.00161,-0.00127,-0.25097,0.48485,-0.37644,-0.00151
108769000000,4.74152,17.55831,-0.16212,0.96541,-0.00153,-0.00144,-0.26071,0.45595,-0.38817,-0.00031
108802000000,4.75661,17.54490,-0.16239,0.96454,-0.00149,-0.00160,-0.26392,0.45753,-0.40638,-0.00824
108868000000,4.78560,17.51875,-0.16228,0.96273,-0.00153,-0.00175,-0.27045,0.43916,-0.39621,0.00165
108901000000,4.80120,17.50505,-0.16268,0.96174,-0.00161,-0.00175,-0.27395,0.47278,-0.41511,-0.01222
108934000000,4.81639,17.49093,-0.16287,0.96081,-0.00152,-0.00191,-0.27721,0.46025,-0.42771,-0.00578
108967000000,4.83106,17.47736,-0.16266,0.95980,-0.00153,-0.00185,-0.28066,0.44450,-0.41141,0.00640
109000000000,4.84575,17.46369,-0.16275,0.95878,-0.00152,-0.00191,-0.28413,0.44525,-0.41413,-0.00271
109033000000,4.85889,17.44930,-0.16392,0.95788,-0.00140,-0.00224,-0.28717,0.39807,-0.43597,-0.03550
109066000000,4.87345,17.43541,-0.16353,0.95686,-0.00149,-0.00211,-0.29054,0.44119,-0.42095,0.01180
109165000000,4.91556,17.39249,-0.16281,0.95332,-0.00147,-0.00197,-0.30194,0.42536,-0.43353,0.00733
109198000000,4.92910,17.37823,-0.16239,0.95203,-0.00154,-0.00189,-0.30600,0.41054,-0.43222,0.01278
109231000000,4.94218,17.36379,-0.16217,0.95073,-0.00151,-0.00196,-0.31001,0.39625,-0.43765,0.00650
109297000000,4.96910,17.33418,-0.16191,0.94798,-0.00154,-0.00200,-0.31831,0.40790,-0.44860,0.00388
109330000000,4.98264,17.31853,-0.16218,0.94663,-0.00157,-0.00198,-0.32230,0.41035,-0.47406,-0.00792
109363000000,4.99595,17.30334,-0.16248,0.94519,-0.00162,-0.00207,-0.32651,0.40313,-0.46048,-0.00918
109396000000,5.00881,17.28760,-0.16264,0.94376,-0.00158,-0.00215,-0.33063,0.38973,-0.47684,-0.00495
109429000000,5.02165,17.27155,-0.16299,0.94228,-0.00189,-0.00167,-0.33482,0.38901,-0.48649,-0.01053
109462000000,5.03404,17.25593,-0.16283,0.94079,-0.00182,-0.00164,-0.33897,0.37544,-0.47320,0.00471
109561000000,5.06879,17.20729,-0.16261,0.93625,-0.00182,-0.00180,-0.35133,0.35102,-0.49134,0.00228
109594000000,5.08067,17.19123,-0.16232,0.93463,-0.00173,-0.00177,-0.35561,0.35995,-0.48672,0.00884
109627000000,5.09221,17.17479,-0.16229,0.93301,-0.00163,-0.00184,-0.35984,0.34997,-0.49811,0.00083
109660000000,5.10370,17.15841,-0.16209,0.93137,-0.00175,-0.00179,-0.36406,0.34809,-0.49637,0.00595
109693000000,5.11455,17.14179,-0.16183,0.92972,-0.00162,-0.00172,-0.36825,0.32864,-0.50371,0.00804
109759000000,5.13623,17.10810,-0.16115,0.92634,-0.00164,-0.00166,-0.37668,0.32851,-0.51036,0.01030
109792000000,5.14630,17.09091,-0.16120,0.92463,-0.00156,-0.00174,-0.38085,0.30515,-0.52111,-0.00168
109825000000,5.15700,17.07386,-0.16109,0.92286,-0.00169,-0.00171,-0.38514,0.32436,-0.51654,0.00351
109891000000,5.17736,17.03910,-0.16116,0.91931,-0.00166,-0.00185,-0.39353,0.30842,-0.52666,-0.00105
109924000000,5.18694,17.01950,-0.16228,0.91778,-0.00153,-0.00157,-0.39709,0.29026,-0.59399,-0.03406
109990000000,5.20647,16.98421,-0.16164,0.91411,-0.00138,-0.00146,-0.40547,0.29595,-0.53464,0.00969
110023000000,5.21599,16.96644,-0.16134,0.91224,-0.00155,-0.00141,-0.40964,0.28862,-0.53862,0.00913
110056000000,5.22532,16.94846,-0.16114,0.91036,-0.00145,-0.00142,-0.41380,0.28259,-0.54498,0.00618
110089000000,5.23436,16.93053,-0.16104,0.90845,-0.00148,-0.00146,-0.41799,0.27389,-0.54319,0.00286
110155000000,5.25190,16.89462,-0.16082,0.90463,-0.00146,-0.00141,-0.42620,0.26574,-0.54403,0.00332
110188000000,5.26022,16.87649,-0.16101,0.90272,-0.00145,-0.00150,-0.43022,0.25232,-0.54943,-0.00557
110221000000,5.26832,16.85799,-0.16056,0.90078,-0.00155,-0.00136,-0.43427,0.24528,-0.56064,0.01366
110254000000,5.27654,16.83972,-0.16027,0.89880,-0.00153,-0.00129,-0.43836,0.24914,-0.55359,0.00874
110320000000,5.29269,16.80259,-0.16030,0.89484,-0.00137,-0.00136,-0.44639,0.24477,-0.56264,-0.00044
110353000000,5.29914,16.78695,-0.15839,0.89278,-0.00145,-0.00076,-0.45049,0.19533,-0.47377,0.05773
110386000000,5.30718,16.76865,-0.15829,0.89072,-0.00143,-0.00068,-0.45455,0.24376,-0.55469,0.00307
110419000000,5.31474,16.74964,-0.15836,0.88868,-0.00152,-0.00069,-0.45853,0.22903,-0.57596,-0.00216
110452000000,5.32185,16.73025,-0.15830,0.88676,-0.00133,-0.00076,-0.46222,0.21527,-0.58769,0.00181
110485000000,5.32880,16.71161,-0.15810,0.88472,-0.00147,-0.00073,-0.46612,0.21065,-0.56469,0.00614
110551000000,5.34319,16.67371,-0.15825,0.88061,-0.00142,-0.00072,-0.47385,0.21816,-0.57426,-0.00232
110617000000,5.35624,16.63639,-0.15823,0.87649,-0.00158,-0.00083,-0.48141,0.19762,-0.56547,0.00038
110716000000,5.37385,16.57988,-0.15741,0.87043,-0.00143,-0.00075,-0.49230,0.17791,-0.57084,0.00825
110782000000,5.38635,16.54075,-0.15737,0.86630,-0.00148,-0.00068,-0.49951,0.18941,-0.59293,0.00068
110815000000,5.39127,16.52391,-0.15728,0.86421,-0.00146,-0.00045,-0.50313,0.14911,-0.51030,0.00276
110848000000,5.39680,16.50422,-0.15735,0.86221,-0.00146,-0.00052,-0.50654,0.16764,-0.59648,-0.00226
110881000000,5.40252,16.48513,-0.15742,0.86014,-0.00147,-0.00060,-0.51006,0.17319,-0.57856,-0.00198
110914000000,5.40808,16.46555,-0.15732,0.85810,-0.00147,-0.00056,-0.51349,0.16861,-0.59347,0.00291
110947000000,5.41338,16.44611,-0.15730,0.85603,-0.00135,-0.00061,-0.51693,0.16035,-0.58908,0.00054
110980000000,5.41805,16.42667,-0.15727,0.85403,-0.00145,-0.00064,-0.52022,0.14177,-0.58897,0.00102
111046000000,5.42741,16.38811,-0.15727,0.85001,-0.00136,-0.00077,-0.52676,0.14181,-0.58428,0.00005
111178000000,5.44585,16.30987,-0.15725,0.84207,-0.00141,-0.00092,-0.53936,0.13969,-0.59268,0.00015
111211000000,5.45032,16.28960,-0.15732,0.84013,-0.00138,-0.00099,-0.54239,0.13552,-0.61428,-0.00222
111244000000,5.45504,16.27015,-0.15692,0.83835,-0.00151,-0.00049,-0.54513,0.14292,-0.58960,0.01198
111277000000,5.45916,16.25058,-0.15686,0.83641,-0.00151,-0.00046,-0.54810,0.12495,-0.59284,0.00195
111310000000,5.46312,16.23066,-0.15655,0.83452,-0.00157,-0.00025,-0.55098,0.11973,-0.60376,0.00935
111343000000,5.46735,16.21091,-0.15649,0.83261,-0.00159,-0.00038,-0.55386,0.12841,-0.59845,0.00190
111409000000,5.47511,16.17150,-0.15602,0.82886,-0.00142,-0.00047,-0.55946,0.11756,-0.59709,0.00704
111442000000,5.47902,16.15132,-0.15613,0.82702,-0.00139,-0.00053,-0.56217,0.11834,-0.61157,-0.00312
111475000000,5.48259,16.13118,-0.15626,0.82522,-0.00147,-0.00046,-0.56481,0.10827,-0.61024,-0.00391
111508000000,5.48588,16.11139,-0.15619,0.82343,-0.00140,-0.00051,-0.56741,0.09980,-0.59966,0.00187
111541000000,5.48939,16.09126,-0.15628,0.82162,-0.00135,-0.00062,-0.57003,0.10618,-0.60995,-0.00259
111607000000,5.49634,16.05128,-0.15576,0.81815,-0.00133,-0.00048,-0.57500,0.10533,-0.60584,0.00780
111640000000,5.50036,16.03070,-0.15577,0.81670,-0.00126,-0.00065,-0.57707,0.12195,-0.62347,-0.00009
111673000000,5.50360,16.01084,-0.15560,0.81519,-0.00136,-0.00066,-0.57919,0.09811,-0.60197,0.00496
111706000000,5.50620,15.99188,-0.15525,0.81371,-0.00134,-0.00060,-0.58127,0.07874,-0.57440,0.01078
111772000000,5.51323,15.95142,-0.15483,0.81101,-0.00142,-0.00040,-0.58502,0.10651,-0.61302,0.00633
111838000000,5.52055,15.91063,-0.15476,0.80847,-0.00141,-0.00043,-0.58853,0.11090,-0.61805,0.00102
111871000000,5.52399,15.89033,-0.15457,0.80726,-0.00129,-0.00047,-0.59020,0.10421,-0.61529,0.00577
111904000000,5.52772,15.87028,-0.15466,0.80609,-0.00135,-0.00046,-0.59180,0.11308,-0.60764,-0.00275
111937000000,5.53124,15.85003,-0.15458,0.80494,-0.00132,-0.00039,-0.59335,0.10662,-0.61365,0.00265
111970000000,5.53505,15.83013,-0.15464,0.80388,-0.00131,-0.00057,-0.59479,0.11545,-0.60301,-0.00208
112003000000,5.53872,15.81005,-0.15445,0.80279,-0.00132,-0.00053,-0.59627,0.11138,-0.60844,0.00587
112036000000,5.54177,15.79031,-0.15435,0.80179,-0.00128,-0.00056,-0.59760,0.09245,-0.59807,0.00316
112102000000,5.54920,15.74981,-0.15443,0.79985,-0.00133,-0.00059,-0.60020,0.11258,-0.61366,-0.00119
112135000000,5.55275,15.72985,-0.15431,0.79893,-0.00130,-0.00063,-0.60142,0.10748,-0.60492,0.00356
112168000000,5.55253,15.71192,-0.15497,0.79841,-0.00077,-0.00133,-0.60211,-0.00662,-0.54319,-0.02005
112201000000,5.55651,15.69130,-0.15519,0.79751,-0.00076,-0.00137,-0.60330,0.12045,-0.62486,-0.00676
112300000000,5.56767,15.63066,-0.15525,0.79519,-0.00057,-0.00177,-0.60636,0.11278,-0.61254,-0.00057
112333000000,5.57120,15.61089,-0.15527,0.79450,-0.00053,-0.00176,-0.60726,0.10698,-0.59920,-0.00057
112366000000,5.57487,15.59099,-0.15517,0.79381,-0.00059,-0.00172,-0.60816,0.11113,-0.60307,0.00305
112399000000,5.57889,15.57160,-0.15499,0.79310,-0.00067,-0.00157,-0.60908,0.12177,-0.58738,0.00529
112432000000,5.58267,15.55155,-0.15500,0.79250,-0.00068,-0.00150,-0.60987,0.11450,-0.60755,-0.00017
112531000000,5.59434,15.49198,-0.15491,0.79072,-0.00097,-0.00113,-0.61218,0.11788,-0.60174,0.00089
112597000000,5.60174,15.45227,-0.15481,0.78973,-0.00093,-0.00121,-0.61345,0.11211,-0.60168,0.00148
112630000000,5.60596,15.43223,-0.15479,0.78915,-0.00090,-0.00110,-0.61420,0.12785,-0.60723,0.00074
112663000000,5.60678,15.41482,-0.15389,0.78891,-0.00041,-0.00137,-0.61451,0.02504,-0.52776,0.02710
112696000000,5.61078,15.39469,-0.15376,0.78849,-0.00047,-0.00129,-0.61504,0.12097,-0.60995,0.00410
112729000000,5.61457,15.37517,-0.15357,0.78804,-0.00043,-0.00127,-0.61562,0.11509,-0.59148,0.00562
112762000000,5.61900,15.35513,-0.15341,0.78763,-0.00046,-0.00118,-0.61615,0.13411,-0.60711,0.00485
112795000000,5.62308,15.33476,-0.15337,0.78723,-0.00052,-0.00101,-0.61665,0.12370,-0.61752,0.00123
112861000000,5.63135,15.29580,-0.15304,0.78655,-0.00049,-0.00099,-0.61753,0.12529,-0.59021,0.00499
112927000000,5.63936,15.25700,-0.15291,0.78593,-0.00051,-0.00108,-0.61832,0.12131,-0.58788,0.00208
112960000000,5.64333,15.23738,-0.15300,0.78563,-0.00057,-0.00094,-0.61870,0.12042,-0.59451,-0.00282
112993000000,5.64715,15.21736,-0.15324,0.78535,-0.00059,-0.00093,-0.61906,0.11574,-0.60688,-0.00732
113026000000,5.65093,15.19797,-0.15317,0.78511,-0.00064,-0.00095,-0.61935,0.11450,-0.58746,0.00217
113059000000,5.65530,15.17858,-0.15296,0.78492,-0.00056,-0.00114,-0.61959,0.13260,-0.58761,0.00619
113092000000,5.65941,15.15957,-0.15259,0.78469,-0.00056,-0.00101,-0.61989,0.12443,-0.57605,0.01140
113158000000,5.66754,15.12034,-0.15253,0.78427,-0.00057,-0.00095,-0.62042,0.12320,-0.59443,0.00090
113191000000,5.67150,15.10097,-0.15248,0.78405,-0.00061,-0.00098,-0.62069,0.11999,-0.58691,0.00144
113224000000,5.67550,15.08149,-0.15250,0.78389,-0.00060,-0.00097,-0.62090,0.12116,-0.59018,-0.00045
113257000000,5.68067,15.06168,-0.15520,0.78390,-0.00053,-0.00100,-0.62088,0.15653,-0.60044,-0.08187
113290000000,5.68518,15.04197,-0.15509,0.78374,-0.00058,-0.00097,-0.62109,0.13675,-0.59732,0.00328
113323000000,5.68950,15.02249,-0.15494,0.78357,-0.00053,-0.00100,-0.62131,0.13109,-0.59021,0.00456
113356000000,5.69392,15.00254,-0.15488,0.78344,-0.00058,-0.00089,-0.62147,0.13377,-0.60460,0.00165
113422000000,5.70270,14.96291,-0.15516,0.78309,-0.00064,-0.00085,-0.62190,0.13305,-0.60040,-0.00412
113455000000,5.70637,14.94333,-0.15500,0.78301,-0.00058,-0.00089,-0.62201,0.11122,-0.59347,0.00476
113488000000,5.71014,14.92421,-0.15486,0.78290,-0.00055,-0.00093,-0.62215,0.11430,-0.57943,0.00409
113521000000,5.71420,14.90506,-0.15486,0.78277,-0.00049,-0.00105,-0.62230,0.12311,-0.58009,0.00003
113554000000,5.71839,14.88557,-0.15486,0.78267,-0.00055,-0.00104,-0.62244,0.12697,-0.59058,0.00013
113587000000,5.72284,14.86590,-0.15462,0.78263,-0.00052,-0.00094,-0.62249,0.13480,-0.59610,0.00733
113620000000,5.72670,14.84683,-0.15444,0.78251,-0.00052,-0.00093,-0.62264,0.11690,-0.57801,0.00549
113653000000,5.73075,14.82775,-0.15426,0.78240,-0.00056,-0.00097,-0.62277,0.12285,-0.57807,0.00535
113686000000,5.73475,14.80861,-0.15417,0.78230,-0.00050,-0.00097,-0.62290,0.12100,-0.58007,0.00283
113719000000,5.73911,14.78907,-0.15406,0.78220,-0.00057,-0.00098,-0.62303,0.13223,-0.59197,0.00316
113785000000,5.74865,14.74871,-0.15552,0.78196,-0.00069,-0.00057,-0.62332,0.14450,-0.61164,-0.02203
113851000000,5.75772,14.70932,-0.15535,0.78171,-0.00074,-0.00041,-0.62364,0.13750,-0.59675,0.00256
113917000000,5.76636,14.67063,-0.15518,0.78155,-0.00072,-0.00036,-0.62384,0.13081,-0.58619,0.00251
113950000000,5.77065,14.65148,-0.15515,0.78135,-0.00082,-0.00024,-0.62409,0.13016,-0.58047,0.00083
113983000000,5.77449,14.63200,-0.15527,0.78137,-0.00070,-0.00044,-0.62407,0.11635,-0.59015,-0.00355
114016000000,5.77867,14.61228,-0.15543,0.78124,-0.00075,-0.00042,-0.62423,0.12655,-0.59769,-0.00483
114049000000,5.78284,14.59257,-0.15542,0.78111,-0.00074,-0.00039,-0.62439,0.12639,-0.59712,0.00043
114082000000,5.78639,14.57357,-0.15516,0.78103,-0.00076,-0.00040,-0.62450,0.10774,-0.57570,0.00790
114115000000,5.78983,14.55537,-0.15470,0.78084,-0.00059,-0.00041,-0.62473,0.10423,-0.55174,0.01375
114148000000,5.79401,14.53662,-0.15428,0.78065,-0.00071,-0.00040,-0.62496,0.12645,-0.56807,0.01275
114214000000,5.80183,14.49760,-0.15415,0.78038,-0.00056,-0.00059,-0.62530,0.11853,-0.59118,0.00192
114247000000,5.80590,14.47856,-0.15411,0.78020,-0.00059,-0.00052,-0.62552,0.12326,-0.57712,0.00139
114280000000,5.80982,14.45970,-0.15397,0.78003,-0.00054,-0.00053,-0.62574,0.11904,-0.57145,0.00403
114313000000,5.81493,14.44363,-0.15552,0.77984,-0.00053,-0.00058,-0.62597,0.15463,-0.48710,-0.04693
114346000000,5.81905,14.42510,-0.15499,0.77967,-0.00051,-0.00043,-0.62620,0.12489,-0.56137,0.01608
114379000000,5.82339,14.40581,-0.15465,0.77943,-0.00057,-0.00034,-0.62649,0.13159,-0.58469,0.01031
114445000000,5.83163,14.36700,-0.15433,0.77905,-0.00061,-0.00019,-0.62696,0.12483,-0.58791,0.00487
114478000000,5.83584,14.34773,-0.15423,0.77883,-0.00060,-0.00013,-0.62723,0.12763,-0.58391,0.00318
114511000000,5.83964,14.32817,-0.15399,0.77866,-0.00055,-0.00010,-0.62745,0.11500,-0.59287,0.00703
114544000000,5.84369,14.30826,-0.15404,0.77846,-0.00064,-0.00009,-0.62770,0.12295,-0.60327,-0.00138
114577000000,5.84760,14.28921,-0.15403,0.77836,-0.00059,-0.00014,-0.62782,0.11837,-0.57732,0.00036
114610000000,5.85165,14.27000,-0.15397,0.77814,-0.00059,-0.00010,-0.62809,0.12278,-0.58209,0.00164
114643000000,5.85520,14.25088,-0.15402,0.77789,-0.00065,-0.00008,-0.62841,0.10758,-0.57946,-0.00135
114676000000,5.85903,14.23194,-0.15381,0.77768,-0.00069,0.00002,-0.62866,0.11597,-0.57382,0.00644
114709000000,5.86251,14.21239,-0.15362,0.77752,-0.00070,-0.00000,-0.62886,0.10560,-0.59267,0.00548
114742000000,5.86580,14.19307,-0.15364,0.77736,-0.00057,-0.00010,-0.62906,0.09946,-0.58535,-0.00033
114775000000,5.86978,14.17361,-0.15366,0.77711,-0.00058,-0.00004,-0.62936,0.12061,-0.58963,-0.00076
114808000000,5.87321,14.15474,-0.15334,0.77683,-0.00057,-0.00000,-0.62971,0.10412,-0.57192,0.00958
114841000000,5.87755,14.13709,-0.15327,0.77664,-0.00070,0.00021,-0.62994,0.13158,-0.53466,0.00217
114874000000,5.88152,14.11785,-0.15321,0.77637,-0.00074,0.00029,-0.63028,0.12013,-0.58307,0.00201
114907000000,5.88542,14.09872,-0.15308,0.77606,-0.00071,0.00032,-0.63066,0.11814,-0.57983,0.00369
114940000000,5.88908,14.07926,-0.15318,0.77575,-0.00074,0.00030,-0.63104,0.11096,-0.58960,-0.00286
114973000000,5.89249,14.06005,-0.15313,0.77539,-0.00076,0.00038,-0.63148,0.10333,-0.58229,0.00141
115039000000,5.89928,14.02117,-0.15295,0.77469,-0.00071,0.00041,-0.63234,0.10284,-0.58902,0.00271
115072000000,5.90280,14.00178,-0.15293,0.77430,-0.00080,0.00053,-0.63282,0.10668,-0.58749,0.00059
115105000000,5.90550,13.98264,-0.15266,0.77392,-0.00069,0.00042,-0.63328,0.08181,-0.57998,0.00827
115138000000,5.90868,13.96391,-0.15265,0.77344,-0.00075,0.00050,-0.63387,0.09638,-0.56758,0.00039
115171000000,5.91175,13.94513,-0.15253,0.77302,-0.00070,0.00044,-0.63438,0.09307,-0.56923,0.00347
115204000000,5.91493,13.92607,-0.15241,0.77253,-0.00076,0.00041,-0.63498,0.09631,-0.57741,0.00373
115237000000,5.91804,13.90706,-0.15239,0.77205,-0.00069,0.00037,-0.63556,0.09450,-0.57625,0.00049
115270000000,5.92068,13.88853,-0.15229,0.77153,-0.00060,0.00029,-0.63619,0.07979,-0.56131,0.00310
115336000000,5.92599,13.85039,-0.15234,0.77033,-0.00059,0.00026,-0.63765,0.08044,-0.57801,-0.00069
115369000000,5.92861,13.83122,-0.15232,0.76975,-0.00066,0.00031,-0.63835,0.07937,-0.58076,0.00052
115402000000,5.92967,13.81084,-0.15440,0.76885,-0.00089,0.00030,-0.63943,0.03212,-0.61752,-0.06288
115435000000,5.93244,13.79121,-0.15446,0.76817,-0.00087,0.00029,-0.64025,0.08420,-0.59483,-0.00199
115468000000,5.93500,13.77189,-0.15415,0.76744,-0.00081,0.00041,-0.64112,0.07733,-0.58561,0.00948
115534000000,5.93911,13.73293,-0.15428,0.76591,-0.00082,0.00039,-0.64294,0.06236,-0.59025,-0.00206
115567000000,5.94149,13.71360,-0.15441,0.76505,-0.00081,0.00042,-0.64397,0.07192,-0.58590,-0.00378
115600000000,5.94413,13.69411,-0.15436,0.76419,-0.00086,0.00045,-0.64499,0.08027,-0.59050,0.00135
115633000000,5.94568,13.67491,-0.15419,0.76332,-0.00084,0.00054,-0.64602,0.04669,-0.58194,0.00534
115666000000,5.94783,13.65623,-0.15414,0.76240,-0.00084,0.00051,-0.64710,0.06531,-0.56579,0.00151
115699000000,5.94956,13.63794,-0.15394,0.76144,-0.00088,0.00054,-0.64823,0.05228,-0.55437,0.00593
115732000000,5.95138,13.61873,-0.15394,0.76050,-0.00087,0.00054,-0.64934,0.05541,-0.58209,0.00010
115765000000,5.95238,13.60013,-0.15383,0.75950,-0.00079,0.00053,-0.65050,0.03026,-0.56374,0.00340
115798000000,5.95335,13.58115,-0.15372,0.75847,-0.00081,0.00047,-0.65170,0.02926,-0.57509,0.00333
115831000000,5.95461,13.56180,-0.15397,0.75746,-0.00079,0.00033,-0.65288,0.03833,-0.58642,-0.00750
115930000000,5.95804,13.50232,-0.15519,0.75397,-0.00081,0.00035,-0.65691,0.03458,-0.60083,-0.01232
116029000000,5.95957,13.44518,-0.15492,0.75032,-0.00081,0.00045,-0.66107,0.01548,-0.57710,0.00266
116062000000,5.96018,13.42582,-0.15493,0.74909,-0.00084,0.00045,-0.66247,0.01845,-0.58683,-0.00039
116095000000,5.96093,13.40654,-0.15459,0.74770,-0.00080,0.00059,-0.66403,0.02284,-0.58414,0.01034
116128000000,5.96104,13.38718,-0.15481,0.74636,-0.00085,0.00049,-0.66554,0.00332,-0.58683,-0.00669
116161000000,5.96131,13.36750,-0.15481,0.74498,-0.00087,0.00057,-0.66708,0.00808,-0.59616,0.00023
116194000000,5.96116,13.34837,-0.15483,0.74365,-0.00090,0.00059,-0.66856,-0.00452,-0.57989,-0.00062
116227000000,5.96090,13.32901,-0.15497,0.74219,-0.00085,0.00055,-0.67019,-0.00773,-0.58654,-0.00446
116293000000,5.95994,13.28978,-0.15496,0.73933,-0.00080,0.00044,-0.67334,-0.01462,-0.59437,0.00023
116326000000,5.95960,13.27117,-0.15465,0.73783,-0.00085,0.00062,-0.67498,-0.01042,-0.56397,0.00945
116359000000,5.95898,13.25240,-0.15430,0.73626,-0.00085,0.00077,-0.67670,-0.01868,-0.56894,0.01065
116392000000,5.95800,13.23293,-0.15411,0.73479,-0.00088,0.00081,-0.67829,-0.02961,-0.58986,0.00557
116425000000,5.95648,13.21098,-0.15573,0.73293,-0.00098,0.00084,-0.68030,-0.04608,-0.66517,-0.04916
116491000000,5.95437,13.17227,-0.15565,0.72970,-0.00095,0.00089,-0.68377,-0.03196,-0.58655,0.00121
116524000000,5.95319,13.15316,-0.15540,0.72806,-0.00091,0.00092,-0.68551,-0.03576,-0.57894,0.00780
116557000000,5.95165,13.13403,-0.15544,0.72639,-0.00089,0.00086,-0.68728,-0.04661,-0.57963,-0.00142
116590000000,5.94997,13.11473,-0.15536,0.72471,-0.00093,0.00095,-0.68905,-0.05091,-0.58483,0.00258
116623000000,5.94825,13.09561,-0.15557,0.72305,-0.00094,0.00086,-0.69079,-0.05229,-0.57940,-0.00636
116656000000,5.94631,13.07647,-0.15537,0.72124,-0.00093,0.00085,-0.69268,-0.05869,-0.58015,0.00601
116689000000,5.94458,13.05712,-0.15533,0.71946,-0.00096,0.00092,-0.69454,-0.05237,-0.58625,0.00106
116722000000,5.94214,13.03795,-0.15530,0.71763,-0.00098,0.00094,-0.69642,-0.07408,-0.58105,0.00102
116788000000,5.93745,12.99978,-0.15517,0.71400,-0.00095,0.00097,-0.70015,-0.07098,-0.57833,0.00198
116821000000,5.93473,12.98020,-0.15495,0.71222,-0.00088,0.00089,-0.70195,-0.08259,-0.59324,0.00674
116854000000,5.93227,12.96105,-0.15507,0.71034,-0.00089,0.00085,-0.70386,-0.07459,-0.58050,-0.00371
116887000000,5.92937,12.94143,-0.15534,0.70847,-0.00099,0.00090,-0.70574,-0.08775,-0.59437,-0.00828
116920000000,5.92642,12.92225,-0.15532,0.70656,-0.00093,0.00079,-0.70765,-0.08941,-0.58113,0.00087
116953000000,5.92180,12.90299,-0.15722,0.70457,-0.00128,0.00098,-0.70963,-0.14002,-0.58362,-0.05770
116986000000,5.91878,12.88308,-0.15716,0.70257,-0.00121,0.00095,-0.71161,-0.09151,-0.60347,0.00178
117019000000,5.91566,12.86368,-0.15696,0.70065,-0.00113,0.00087,-0.71350,-0.09444,-0.58787,0.00618
117052000000,5.91235,12.84418,-0.15682,0.69875,-0.00110,0.00093,-0.71537,-0.10037,-0.59087,0.00405
117085000000,5.90892,12.82490,-0.15671,0.69681,-0.00114,0.00098,-0.71725,-0.10399,-0.58423,0.00339
117118000000,5.90538,12.80596,-0.15651,0.69495,-0.00109,0.00093,-0.71906,-0.10740,-0.57408,0.00621
117151000000,5.90177,12.78668,-0.15636,0.69298,-0.00122,0.00107,-0.72096,-0.10912,-0.58400,0.00443
117184000000,5.89815,12.76705,-0.15618,0.69099,-0.00118,0.00099,-0.72286,-0.10987,-0.59489,0.00560
117217000000,5.89423,12.74738,-0.15642,0.68916,-0.00121,0.00091,-0.72461,-0.11883,-0.59625,-0.00743
117250000000,5.89030,12.72753,-0.15627,0.68719,-0.00114,0.00089,-0.72648,-0.11899,-0.60142,0.00450
117283000000,5.88617,12.70719,-0.15645,0.68522,-0.00113,0.00092,-0.72833,-0.12506,-0.61628,-0.00551
117316000000,5.88201,12.68819,-0.15634,0.68337,-0.00114,0.00086,-0.73007,-0.12615,-0.57579,0.00339
117349000000,5.87782,12.66843,-0.15636,0.68148,-0.00113,0.00089,-0.73184,-0.12698,-0.59899,-0.00065
117382000000,5.87377,12.64889,-0.15639,0.67962,-0.00119,0.00094,-0.73356,-0.12272,-0.59203,-0.00087
117415000000,5.86941,12.62874,-0.15627,0.67778,-0.00111,0.00093,-0.73526,-0.13221,-0.61047,0.00357
117481000000,5.86050,12.58913,-0.15633,0.67416,-0.00114,0.00085,-0.73858,-0.13495,-0.60016,-0.00082
117514000000,5.85602,12.57160,-0.15685,0.67239,-0.00121,0.00075,-0.74020,-0.13590,-0.53137,-0.01579
117547000000,5.85172,12.55204,-0.15641,0.67063,-0.00117,0.00088,-0.74179,-0.13012,-0.59249,0.01334
117580000000,5.84678,12.53182,-0.15655,0.66887,-0.00121,0.00090,-0.74338,-0.14989,-0.61301,-0.00424
117646000000,5.83756,12.49252,-0.15624,0.66555,-0.00114,0.00076,-0.74635,-0.13970,-0.59534,0.00465
117679000000,5.83309,12.47295,-0.15620,0.66386,-0.00115,0.00088,-0.74785,-0.13532,-0.59298,0.00139
117712000000,5.82842,12.45304,-0.15605,0.66227,-0.00123,0.00097,-0.74927,-0.14153,-0.60339,0.00435
117745000000,5.82348,12.43279,-0.15589,0.66073,-0.00116,0.00096,-0.75062,-0.14978,-0.61359,0.00490
117778000000,5.81902,12.41270,-0.15594,0.65917,-0.00113,0.00078,-0.75199,-0.13502,-0.60896,-0.00134
117811000000,5.81421,12.39358,-0.15590,0.65770,-0.00111,0.00083,-0.75328,-0.14577,-0.57940,0.00102
117844000000,5.80961,12.37426,-0.15541,0.65629,-0.00104,0.00070,-0.75451,-0.13945,-0.58541,0.01474
117877000000,5.80506,12.35431,-0.15534,0.65490,-0.00104,0.00076,-0.75572,-0.13786,-0.60454,0.00219
117943000000,5.79540,12.31450,-0.15523,0.65219,-0.00114,0.00083,-0.75806,-0.14627,-0.60320,0.00174
117976000000,5.78797,12.29109,-0.15857,0.65101,-0.00105,0.00048,-0.75907,-0.22521,-0.70950,-0.10130
118009000000,5.78330,12.27138,-0.15832,0.64978,-0.00107,0.00051,-0.76012,-0.14168,-0.59703,0.00773
118042000000,5.77887,12.25213,-0.15798,0.64854,-0.00109,0.00057,-0.76118,-0.13411,-0.58330,0.01016
118108000000,5.76897,12.21223,-0.15779,0.64634,-0.00105,0.00056,-0.76305,-0.15001,-0.60454,0.00286
118141000000,5.76414,12.19216,-0.15761,0.64531,-0.00106,0.00067,-0.76392,-0.14652,-0.60839,0.00544
118207000000,5.75391,12.15219,-0.15777,0.64351,-0.00102,0.00046,-0.76544,-0.15499,-0.60563,-0.00232
118240000000,5.74951,12.13228,-0.15752,0.64266,-0.00106,0.00052,-0.76615,-0.13323,-0.60316,0.00731
118273000000,5.74451,12.11225,-0.15725,0.64190,-0.00103,0.00057,-0.76679,-0.15149,-0.60703,0.00827
118306000000,5.73990,12.09168,-0.15742,0.64110,-0.00105,0.00056,-0.76746,-0.13974,-0.62330,-0.00510
118372000000,5.73203,12.05556,-0.15576,0.63970,-0.00095,0.00059,-0.76862,-0.11925,-0.54732,0.02518
118405000000,5.72745,12.03508,-0.15577,0.63909,-0.00093,0.00057,-0.76913,-0.13885,-0.62055,-0.00039
118438000000,5.72283,12.01461,-0.15594,0.63860,-0.00108,0.00052,-0.76954,-0.13980,-0.62021,-0.00526
118471000000,5.71851,11.99472,-0.15569,0.63810,-0.00098,0.00056,-0.76995,-0.13090,-0.60290,0.00781
118504000000,5.71409,11.97430,-0.15574,0.63766,-0.00103,0.00066,-0.77032,-0.13414,-0.61867,-0.00153
118537000000,5.70979,11.95428,-0.15572,0.63724,-0.00099,0.00058,-0.77067,-0.13036,-0.60685,0.00053
118570000000,5.70568,11.93426,-0.15582,0.63684,-0.00103,0.00062,-0.77100,-0.12434,-0.60665,-0.00299
118636000000,5.69741,11.89272,-0.15593,0.63641,-0.00106,0.00064,-0.77135,-0.12526,-0.62929,-0.00178
118669000000,5.69325,11.87266,-0.15585,0.63619,-0.00112,0.00085,-0.77153,-0.12620,-0.60807,0.00246
118702000000,5.68956,11.85225,-0.15603,0.63609,-0.00109,0.00073,-0.77162,-0.11171,-0.61847,-0.00519
118735000000,5.68548,11.83185,-0.15617,0.63600,-0.00110,0.00071,-0.77169,-0.12365,-0.61810,-0.00428
118801000000,5.67835,11.79131,-0.15706,0.63617,-0.00109,0.00058,-0.77155,-0.10813,-0.61424,-0.01350
118867000000,5.67084,11.75071,-0.15710,0.63644,-0.00113,0.00069,-0.77133,-0.11376,-0.61513,-0.00066
118900000000,5.66714,11.73058,-0.15709,0.63665,-0.00106,0.00060,-0.77116,-0.11214,-0.61003,0.00032
118933000000,5.66361,11.71023,-0.15702,0.63693,-0.00106,0.00064,-0.77092,-0.10683,-0.61677,0.00200
118966000000,5.66050,11.69004,-0.15688,0.63713,-0.00106,0.00073,-0.77075,-0.09437,-0.61171,0.00431
118999000000,5.65731,11.66973,-0.15675,0.63753,-0.00107,0.00075,-0.77043,-0.09664,-0.61544,0.00396
119032000000,5.65391,11.64963,-0.15668,0.63800,-0.00103,0.00084,-0.77003,-0.10297,-0.60899,0.00205
119065000000,5.65074,11.62911,-0.15657,0.63845,-0.00106,0.00078,-0.76967,-0.09597,-0.62200,0.00336
119098000000,5.64789,11.60893,-0.15667,0.63895,-0.00109,0.00082,-0.76924,-0.08639,-0.61154,-0.00303
119131000000,5.64536,11.58848,-0.15646,0.63938,-0.00105,0.00086,-0.76889,-0.07692,-0.61945,0.00633
119164000000,5.64257,11.56795,-0.15625,0.64003,-0.00098,0.00085,-0.76835,-0.08440,-0.62214,0.00654
119197000000,5.63937,11.54773,-0.15628,0.64075,-0.00094,0.00079,-0.76775,-0.09696,-0.61295,-0.00108
119230000000,5.63657,11.52734,-0.15611,0.64143,-0.00095,0.00085,-0.76718,-0.08476,-0.61787,0.00534
119263000000,5.63454,11.50726,-0.15595,0.64214,-0.00097,0.00084,-0.76659,-0.06166,-0.60847,0.00489
119296000000,5.63190,11.48698,-0.15593,0.64292,-0.00097,0.00092,-0.76593,-0.08009,-0.61460,0.00061
119362000000,5.62641,11.44597,-0.15638,0.64472,-0.00110,0.00105,-0.76442,-0.08315,-0.62133,-0.00682
119395000000,5.62456,11.42552,-0.15630,0.64554,-0.00111,0.00114,-0.76372,-0.05599,-0.61977,0.00224
119428000000,5.62270,11.40446,-0.15629,0.64640,-0.00106,0.00114,-0.76300,-0.05650,-0.63798,0.00041
119461000000,5.62100,11.38427,-0.15634,0.64735,-0.00108,0.00105,-0.76219,-0.05135,-0.61197,-0.00162
119494000000,5.61909,11.36358,-0.15652,0.64836,-0.00108,0.00110,-0.76133,-0.05796,-0.62694,-0.00544
119527000000,5.61722,11.34352,-0.15631,0.64944,-0.00103,0.00112,-0.76041,-0.05671,-0.60790,0.00657
119593000000,5.61407,11.30201,-0.15660,0.65154,-0.00111,0.00111,-0.75862,-0.04763,-0.62890,-0.00440
119626000000,5.61276,11.28205,-0.15655,0.65264,-0.00114,0.00129,-0.75767,-0.03992,-0.60498,0.00155
119659000000,5.61174,11.26205,-0.15619,0.65381,-0.00113,0.00133,-0.75666,-0.03078,-0.60593,0.01064
119692000000,5.61041,11.24123,-0.15662,0.65493,-0.00118,0.00121,-0.75569,-0.04042,-0.63093,-0.01291
119725000000,5.60907,11.22067,-0.15680,0.65618,-0.00122,0.00117,-0.75460,-0.04043,-0.62286,-0.00556
119758000000,5.60811,11.20000,-0.15688,0.65739,-0.00118,0.00119,-0.75355,-0.02909,-0.62645,-0.00223
119791000000,5.60629,11.17895,-0.15759,0.65871,-0.00132,0.00108,-0.75240,-0.05507,-0.63789,-0.02174
119824000000,5.60577,11.15833,-0.15748,0.65995,-0.00124,0.00098,-0.75131,-0.01585,-0.62495,0.00345
119890000000,5.60448,11.11832,-0.15693,0.66256,-0.00117,0.00115,-0.74901,-0.01962,-0.60612,0.00835
119956000000,5.60336,11.07764,-0.15693,0.66524,-0.00123,0.00113,-0.74663,-0.01698,-0.61649,-0.00006
119989000000,5.60277,11.05746,-0.15665,0.66656,-0.00115,0.00117,-0.74545,-0.01773,-0.61131,0.00873
120022000000,5.60260,11.03706,-0.15656,0.66796,-0.00118,0.00122,-0.74419,-0.00503,-0.61830,0.00247
120088000000,5.60251,10.99646,-0.15659,0.67075,-0.00110,0.00116,-0.74168,-0.00141,-0.61511,-0.00044
120154000000,5.60287,10.95626,-0.15666,0.67355,-0.00116,0.00112,-0.73914,0.00546,-0.60911,-0.00102
120187000000,5.60300,10.93640,-0.15686,0.67493,-0.00130,0.00126,-0.73788,0.00383,-0.60177,-0.00605
120253000000,5.60434,10.89603,-0.15696,0.67777,-0.00125,0.00118,-0.73527,0.02029,-0.61175,-0.00149
120286000000,5.60481,10.87660,-0.15661,0.67922,-0.00119,0.00117,-0.73393,0.01426,-0.58865,0.01061
120319000000,5.60537,10.85637,-0.15678,0.68070,-0.00122,0.00112,-0.73256,0.01702,-0.61310,-0.00519
120352000000,5.60607,10.83617,-0.15678,0.68216,-0.00128,0.00122,-0.73120,0.02133,-0.61211,-0.00012
120418000000,5.60804,10.79342,-0.15760,0.68500,-0.00141,0.00101,-0.72854,0.02980,-0.64770,-0.01240
120451000000,5.60873,10.77350,-0.15706,0.68642,-0.00129,0.00113,-0.72721,0.02088,-0.60362,0.01639
120484000000,5.60991,10.75372,-0.15692,0.68787,-0.00127,0.00114,-0.72583,0.03566,-0.59943,0.00419
120550000000,5.61238,10.71380,-0.15673,0.69064,-0.00124,0.00125,-0.72320,0.03750,-0.60485,0.00288
120583000000,5.61358,10.69428,-0.15674,0.69209,-0.00124,0.00121,-0.72181,0.03625,-0.59162,-0.00012
120616000000,5.61505,10.67447,-0.15669,0.69343,-0.00124,0.00116,-0.72052,0.04449,-0.60029,0.00153
120649000000,5.61629,10.65469,-0.15674,0.69486,-0.00128,0.00119,-0.71914,0.03784,-0.59934,-0.00170
120715000000,5.61931,10.61506,-0.15680,0.69756,-0.00132,0.00123,-0.71653,0.04570,-0.60037,-0.00093
120748000000,5.62059,10.59584,-0.15661,0.69896,-0.00127,0.00132,-0.71516,0.03872,-0.58261,0.00600
120781000000,5.62198,10.57584,-0.15669,0.70029,-0.00129,0.00127,-0.71385,0.04228,-0.60590,-0.00257
120814000000,5.62367,10.55610,-0.15670,0.70164,-0.00132,0.00130,-0.71253,0.05112,-0.59842,-0.00034
120847000000,5.62520,10.53639,-0.15678,0.70304,-0.00130,0.00119,-0.71114,0.04625,-0.59712,-0.00244
120880000000,5.62748,10.51461,-0.15775,0.70434,-0.00133,0.00130,-0.70986,0.06907,-0.65997,-0.02925
120913000000,5.62960,10.49485,-0.15749,0.70562,-0.00129,0.00130,-0.70859,0.06423,-0.59897,0.00790
120946000000,5.63167,10.47520,-0.15713,0.70690,-0.00128,0.00143,-0.70731,0.06296,-0.59544,0.01079
120979000000,5.63377,10.45542,-0.15704,0.70817,-0.00124,0.00145,-0.70604,0.06349,-0.59925,0.00272
121012000000,5.63565,10.43532,-0.15708,0.70934,-0.00128,0.00152,-0.70486,0.05715,-0.60899,-0.00126
121045000000,5.63763,10.41561,-0.15715,0.71070,-0.00121,0.00143,-0.70349,0.05982,-0.59749,-0.00213
121078000000,5.63950,10.39592,-0.15733,0.71196,-0.00130,0.00136,-0.70221,0.05680,-0.59668,-0.00542
121111000000,5.64183,10.37666,-0.15728,0.71306,-0.00125,0.00149,-0.70110,0.07062,-0.58348,0.00152
121144000000,5.64411,10.35708,-0.15710,0.71424,-0.00124,0.00149,-0.69990,0.06907,-0.59330,0.00546
121177000000,5.64637,10.33718,-0.15715,0.71544,-0.00124,0.00143,-0.69867,0.06845,-0.60316,-0.00152
121210000000,5.64879,10.31775,-0.15740,0.71659,-0.00123,0.00134,-0.69749,0.07317,-0.58862,-0.00769
121276000000,5.65372,10.27866,-0.15760,0.71881,-0.00119,0.00133,-0.69521,0.07476,-0.59233,-0.00293
121309000000,5.65578,10.25929,-0.15771,0.71993,-0.00128,0.00129,-0.69405,0.06239,-0.58712,-0.00325
121342000000,5.65815,10.23979,-0.15757,0.72101,-0.00123,0.00131,-0.69292,0.07174,-0.59082,0.00403
121375000000,5.66067,10.22025,-0.15780,0.72201,-0.00123,0.00126,-0.69189,0.07658,-0.59212,-0.00683
121408000000,5.66193,10.20026,-0.15868,0.72296,-0.00141,0.00113,-0.69088,0.03805,-0.60584,-0.02667
121474000000,5.66723,10.16068,-0.15825,0.72491,-0.00133,0.00136,-0.68884,0.08029,-0.59962,0.00654
121507000000,5.66993,10.14205,-0.15778,0.72579,-0.00131,0.00141,-0.68792,0.08171,-0.56446,0.01412
121573000000,5.67498,10.10340,-0.15764,0.72750,-0.00125,0.00136,-0.68610,0.07660,-0.58571,0.00208
121606000000,5.67758,10.08406,-0.15748,0.72835,-0.00129,0.00147,-0.68520,0.07876,-0.58605,0.00489
121639000000,5.67994,10.06486,-0.15769,0.72927,-0.00131,0.00139,-0.68422,0.07147,-0.58163,-0.00629
121705000000,5.68533,10.02663,-0.15760,0.73068,-0.00129,0.00139,-0.68271,0.08170,-0.57934,0.00142
121738000000,5.68776,10.00785,-0.15740,0.73138,-0.00130,0.00147,-0.68196,0.07355,-0.56891,0.00605
121771000000,5.69054,9.98819,-0.15730,0.73208,-0.00137,0.00152,-0.68122,0.08417,-0.59584,0.00287
121804000000,5.69283,9.96902,-0.15721,0.73281,-0.00133,0.00147,-0.68043,0.06960,-0.58082,0.00291
121837000000,5.69545,9.94964,-0.15721,0.73344,-0.00137,0.00144,-0.67975,0.07931,-0.58726,-0.00012
121870000000,5.69791,9.93007,-0.15740,0.73408,-0.00135,0.00141,-0.67906,0.07450,-0.59321,-0.00579
121903000000,5.70069,9.91069,-0.15749,0.73461,-0.00135,0.00143,-0.67849,0.08439,-0.58715,-0.00266
121969000000,5.70563,9.87379,-0.15716,0.73575,-0.00128,0.00154,-0.67725,0.07480,-0.55919,0.00494
122002000000,5.70859,9.85408,-0.15741,0.73624,-0.00141,0.00154,-0.67671,0.08965,-0.59720,-0.00763
122035000000,5.71128,9.83475,-0.15741,0.73669,-0.00135,0.00154,-0.67623,0.08148,-0.58556,0.00019
122068000000,5.71364,9.81544,-0.15746,0.73714,-0.00136,0.00162,-0.67574,0.07155,-0.58544,-0.00148
122101000000,5.71595,9.79674,-0.15723,0.73761,-0.00136,0.00161,-0.67522,0.07008,-0.56654,0.00671
122134000000,5.71855,9.77724,-0.15732,0.73796,-0.00136,0.00163,-0.67485,0.07881,-0.59079,-0.00251
122167000000,5.72117,9.75773,-0.15740,0.73828,-0.00137,0.00160,-0.67450,0.07937,-0.59136,-0.00242
122200000000,5.72444,9.73914,-0.15779,0.73862,-0.00147,0.00174,-0.67411,0.09901,-0.56330,-0.01185
122233000000,5.72717,9.71978,-0.15777,0.73896,-0.00148,0.00176,-0.67374,0.08275,-0.58651,0.00044
122266000000,5.72978,9.70037,-0.15773,0.73924,-0.00152,0.00184,-0.67344,0.07915,-0.58827,0.00135
122299000000,5.73172,9.68122,-0.15775,0.73960,-0.00147,0.00184,-0.67304,0.05881,-0.58041,-0.00047
122332000000,5.73389,9.66249,-0.15761,0.73993,-0.00149,0.00180,-0.67268,0.06566,-0.56767,0.00401
122365000000,5.73637,9.64302,-0.15782,0.74012,-0.00148,0.00173,-0.67247,0.07520,-0.58980,-0.00613
122398000000,5.73870,9.62351,-0.15798,0.74033,-0.00155,0.00171,-0.67224,0.07076,-0.59125,-0.00509
122431000000,5.74089,9.60372,-0.15816,0.74058,-0.00150,0.00163,-0.67196,0.06637,-0.59980,-0.00549
122464000000,5.74291,9.58403,-0.15827,0.74079,-0.00148,0.00158,-0.67173,0.06108,-0.59657,-0.00312
122497000000,5.74526,9.56481,-0.15811,0.74096,-0.00146,0.00163,-0.67154,0.07129,-0.58258,0.00487
122530000000,5.74752,9.54538,-0.15814,0.74105,-0.00143,0.00165,-0.67145,0.06849,-0.58868,-0.00100
122596000000,5.75128,9.50940,-0.15782,0.74130,-0.00145,0.00164,-0.67117,0.05697,-0.54508,0.00488
122662000000,5.75548,9.47094,-0.15802,0.74149,-0.00138,0.00152,-0.67097,0.06353,-0.58271,-0.00313
122695000000,5.75775,9.45155,-0.15778,0.74151,-0.00136,0.00164,-0.67093,0.06897,-0.58769,0.00740
122728000000,5.75969,9.43212,-0.15762,0.74159,-0.00135,0.00169,-0.67085,0.05864,-0.58876,0.00487
122860000000,5.76738,9.35556,-0.15697,0.74153,-0.00134,0.00185,-0.67092,0.05829,-0.58004,0.00489
122893000000,5.76888,9.33634,-0.15688,0.74155,-0.00124,0.00178,-0.67089,0.04549,-0.58241,0.00295
122926000000,5.77090,9.31670,-0.15708,0.74149,-0.00133,0.00181,-0.67096,0.06112,-0.59498,-0.00629
122959000000,5.77365,9.29383,-0.15815,0.74143,-0.00142,0.00169,-0.67103,0.08324,-0.69323,-0.03230
123025000000,5.77745,9.25532,-0.15794,0.74125,-0.00139,0.00168,-0.67122,0.05760,-0.58342,0.00324
123058000000,5.77904,9.23595,-0.15793,0.74109,-0.00143,0.00169,-0.67140,0.04838,-0.58691,0.00013
123124000000,5.78277,9.19604,-0.15841,0.74082,-0.00145,0.00157,-0.67170,0.05647,-0.60477,-0.00722
123157000000,5.78446,9.17669,-0.15833,0.74058,-0.00142,0.00172,-0.67196,0.05109,-0.58628,0.00229
123223000000,5.78779,9.13766,-0.15881,0.74024,-0.00154,0.00152,-0.67234,0.05057,-0.59132,-0.00727
123289000000,5.79133,9.09876,-0.15874,0.73983,-0.00146,0.00151,-0.67279,0.05356,-0.58936,0.00103
123322000000,5.79306,9.07956,-0.15844,0.73960,-0.00144,0.00166,-0.67304,0.05231,-0.58209,0.00924
123355000000,5.79514,9.06011,-0.15839,0.73924,-0.00147,0.00166,-0.67344,0.06303,-0.58923,0.00153
123388000000,5.79590,9.04051,-0.15815,0.73899,-0.00148,0.00176,-0.67371,0.02319,-0.59385,0.00718
123454000000,5.79846,9.00165,-0.15828,0.73834,-0.00138,0.00164,-0.67442,0.03873,-0.58892,-0.00190
123487000000,5.79960,8.98260,-0.15804,0.73798,-0.00141,0.00173,-0.67481,0.03471,-0.57700,0.00705
123520000000,5.79946,8.96405,-0.15817,0.73773,-0.00138,0.00149,-0.67510,-0.00419,-0.56218,-0.00383
123553000000,5.80084,8.94514,-0.15799,0.73723,-0.00142,0.00152,-0.67563,0.04173,-0.57322,0.00548
123586000000,5.80188,8.92634,-0.15775,0.73681,-0.00139,0.00163,-0.67610,0.03151,-0.56960,0.00736
123652000000,5.80380,8.88764,-0.15753,0.73586,-0.00136,0.00159,-0.67713,0.02902,-0.58641,0.00336
123685000000,5.80510,8.86816,-0.15750,0.73536,-0.00134,0.00156,-0.67768,0.03935,-0.59032,0.00076
123718000000,5.80620,8.84862,-0.15761,0.73471,-0.00139,0.00164,-0.67837,0.03351,-0.59209,-0.00326
123751000000,5.80696,8.82931,-0.15752,0.73416,-0.00144,0.00171,-0.67898,0.02305,-0.58512,0.00271
123817000000,5.80818,8.79107,-0.15783,0.73291,-0.00146,0.00165,-0.68032,0.01843,-0.57933,-0.00469
123850000000,5.80836,8.77219,-0.15772,0.73236,-0.00148,0.00155,-0.68091,0.00540,-0.57226,0.00338
123883000000,5.80716,8.75009,-0.15824,0.73170,-0.00148,0.00143,-0.68163,-0.03630,-0.66948,-0.01572
123916000000,5.80729,8.73105,-0.15795,0.73101,-0.00144,0.00150,-0.68237,0.00386,-0.57715,0.00877
123949000000,5.80741,8.71197,-0.15767,0.73027,-0.00142,0.00158,-0.68316,0.00389,-0.57801,0.00836
124015000000,5.80723,8.67351,-0.15764,0.72870,-0.00138,0.00149,-0.68483,-0.00273,-0.58284,0.00052
124048000000,5.80709,8.65404,-0.15747,0.72793,-0.00140,0.00164,-0.68564,-0.00439,-0.58980,0.00510
124081000000,5.80711,8.63513,-0.15706,0.72699,-0.00136,0.00171,-0.68665,0.00051,-0.57327,0.01246
124114000000,5.80728,8.61555,-0.15715,0.72612,-0.00140,0.00166,-0.68756,0.00526,-0.59316,-0.00274
124180000000,5.80749,8.57665,-0.15699,0.72421,-0.00139,0.00182,-0.68957,0.00319,-0.58934,0.00241
124213000000,5.80714,8.55798,-0.15711,0.72322,-0.00149,0.00181,-0.69061,-0.01061,-0.56590,-0.00357
124279000000,5.80579,8.51973,-0.15737,0.72110,-0.00147,0.00182,-0.69282,-0.02040,-0.57949,-0.00408
124312000000,5.80453,8.50046,-0.15728,0.72010,-0.00142,0.00182,-0.69387,-0.03842,-0.58411,0.00282
124345000000,5.80366,8.48142,-0.15731,0.71902,-0.00141,0.00174,-0.69499,-0.02634,-0.57680,-0.00078
124411000000,5.80136,8.44392,-0.15815,0.71684,-0.00148,0.00146,-0.69724,-0.03485,-0.56822,-0.01271
124444000000,5.80009,8.42441,-0.15785,0.71565,-0.00148,0.00161,-0.69846,-0.03831,-0.59125,0.00911
124477000000,5.79871,8.40531,-0.15766,0.71448,-0.00143,0.00169,-0.69965,-0.04190,-0.57882,0.00549
124510000000,5.79728,8.38610,-0.15746,0.71327,-0.00140,0.00170,-0.70089,-0.04319,-0.58220,0.00618
124543000000,5.79583,8.36718,-0.15729,0.71204,-0.00143,0.00167,-0.70214,-0.04413,-0.57333,0.00514
124576000000,5.79425,8.34847,-0.15693,0.71083,-0.00137,0.00180,-0.70336,-0.04768,-0.56677,0.01098
124609000000,5.79226,8.32922,-0.15698,0.70952,-0.00139,0.00169,-0.70468,-0.06038,-0.58350,-0.00171
124642000000,5.79039,8.30946,-0.15712,0.70816,-0.00140,0.00164,-0.70605,-0.05664,-0.59865,-0.00399
124675000000,5.78808,8.29041,-0.15688,0.70680,-0.00134,0.00170,-0.70741,-0.07015,-0.57723,0.00728
124708000000,5.78571,8.27117,-0.15703,0.70555,-0.00144,0.00168,-0.70866,-0.07166,-0.58316,-0.00472
124741000000,5.78324,8.25228,-0.15677,0.70424,-0.00138,0.00174,-0.70996,-0.07495,-0.57249,0.00789
124774000000,5.78126,8.23318,-0.15663,0.70275,-0.00126,0.00165,-0.71144,-0.05991,-0.57862,0.00441
124807000000,5.77849,8.21412,-0.15644,0.70131,-0.00124,0.00164,-0.71285,-0.08389,-0.57752,0.00552
124840000000,5.77584,8.19491,-0.15645,0.69988,-0.00127,0.00168,-0.71426,-0.08037,-0.58235,-0.00033
124873000000,5.77305,8.17550,-0.15651,0.69844,-0.00129,0.00164,-0.71566,-0.08472,-0.58801,-0.00166
124939000000,5.76890,8.14273,-0.15475,0.69554,-0.00114,0.00165,-0.71849,-0.06281,-0.49660,0.02670
124972000000,5.76584,8.12332,-0.15493,0.69393,-0.00125,0.00168,-0.72004,-0.09282,-0.58810,-0.00553
125005000000,5.76295,8.10397,-0.15506,0.69238,-0.00120,0.00170,-0.72153,-0.08748,-0.58645,-0.00399
125071000000,5.75652,8.06509,-0.15514,0.68927,-0.00119,0.00161,-0.72450,-0.09751,-0.58902,-0.00122
125104000000,5.75328,8.04551,-0.15524,0.68762,-0.00118,0.00154,-0.72607,-0.09795,-0.59339,-0.00308
125137000000,5.74941,8.02583,-0.15511,0.68602,-0.00117,0.00172,-0.72758,-0.11729,-0.59639,0.00402
125203000000,5.74232,7.98768,-0.15511,0.68287,-0.00121,0.00157,-0.73054,-0.10746,-0.57804,0.00001
125236000000,5.73856,7.96872,-0.15512,0.68116,-0.00120,0.00157,-0.73213,-0.11392,-0.57452,-0.00041
125269000000,5.73448,7.94857,-0.15541,0.67940,-0.00129,0.00163,-0.73377,-0.12366,-0.61068,-0.00869
125302000000,5.73041,7.92944,-0.15543,0.67781,-0.00137,0.00177,-0.73523,-0.12318,-0.57957,-0.00063
125335000000,5.72636,7.91011,-0.15541,0.67599,-0.00126,0.00177,-0.73691,-0.12276,-0.58586,0.00048
125368000000,5.72218,7.89078,-0.15561,0.67432,-0.00134,0.00170,-0.73844,-0.12667,-0.58560,-0.00603
125401000000,5.71786,7.87146,-0.15579,0.67263,-0.00133,0.00163,-0.73997,-0.13110,-0.58551,-0.00547
125467000000,5.70903,7.83266,-0.15634,0.66923,-0.00143,0.00144,-0.74305,-0.13375,-0.58787,-0.00831
125500000000,5.70420,7.81352,-0.15591,0.66764,-0.00130,0.00140,-0.74448,-0.14629,-0.57996,0.01301
125566000000,5.69483,7.77490,-0.15578,0.66422,-0.00131,0.00149,-0.74753,-0.14202,-0.58517,0.00207
125599000000,5.68995,7.75574,-0.15576,0.66258,-0.00129,0.00137,-0.74899,-0.14776,-0.58060,0.00038
125632000000,5.68530,7.73659,-0.15574,0.66078,-0.00131,0.00144,-0.75058,-0.14097,-0.58017,0.00066
125665000000,5.68000,7.71760,-0.15572,0.65924,-0.00130,0.00132,-0.75193,-0.16062,-0.57554,0.00058
125698000000,5.67475,7.69812,-0.15561,0.65756,-0.00135,0.00144,-0.75340,-0.15915,-0.59024,0.00341
125731000000,5.66957,7.67915,-0.15561,0.65591,-0.00123,0.00133,-0.75483,-0.15682,-0.57509,0.00004
125797000000,5.65927,7.64070,-0.15515,0.65257,-0.00115,0.00134,-0.75772,-0.15608,-0.58244,0.00699
125830000000,5.65376,7.62137,-0.15516,0.65090,-0.00115,0.00129,-0.75916,-0.16702,-0.58596,-0.00023
125863000000,5.64799,7.60180,-0.15504,0.64926,-0.00114,0.00118,-0.76056,-0.17484,-0.59307,0.00348
125896000000,5.64225,7.58217,-0.15518,0.64765,-0.00122,0.00117,-0.76193,-0.17399,-0.59470,-0.00433
125929000000,5.63658,7.56270,-0.15523,0.64601,-0.00122,0.00112,-0.76333,-0.17182,-0.58993,-0.00140
125962000000,5.63126,7.54361,-0.15518,0.64437,-0.00120,0.00123,-0.76471,-0.16117,-0.57862,0.00144
126028000000,5.61956,7.50489,-0.15476,0.64125,-0.00107,0.00116,-0.76733,-0.17722,-0.58670,0.00639
126061000000,5.61362,7.48578,-0.15459,0.63973,-0.00108,0.00114,-0.76860,-0.17998,-0.57913,0.00529
126094000000,5.60813,7.46661,-0.15462,0.63818,-0.00102,0.00099,-0.76988,-0.16653,-0.58085,-0.00105
126127000000,5.60222,7.44751,-0.15479,0.63667,-0.00109,0.00094,-0.77113,-0.17893,-0.57885,-0.00524
126193000000,5.59048,7.40878,-0.15468,0.63360,-0.00115,0.00103,-0.77366,-0.17792,-0.58675,0.00172
126226000000,5.58484,7.38944,-0.15442,0.63206,-0.00108,0.00122,-0.77492,-0.17111,-0.58599,0.00799
126259000000,5.57856,7.37048,-0.15438,0.63073,-0.00106,0.00123,-0.77600,-0.19030,-0.57450,0.00124
126292000000,5.57218,7.35151,-0.15422,0.62929,-0.00104,0.00125,-0.77717,-0.19329,-0.57509,0.00481
126325000000,5.56603,7.33231,-0.15412,0.62790,-0.00104,0.00133,-0.77829,-0.18640,-0.58168,0.00286
126391000000,5.55390,7.29403,-0.15439,0.62526,-0.00115,0.00117,-0.78041,-0.18370,-0.58008,-0.00401
126424000000,5.54769,7.27516,-0.15445,0.62401,-0.00116,0.00118,-0.78142,-0.18837,-0.57177,-0.00189
126457000000,5.54112,7.25530,-0.15452,0.62280,-0.00122,0.00125,-0.78238,-0.19900,-0.60165,-0.00198
126490000000,5.53671,7.23439,-0.15544,0.62158,-0.00130,0.00097,-0.78335,-0.13366,-0.63379,-0.02809
126523000000,5.53031,7.21446,-0.15504,0.62043,-0.00121,0.00100,-0.78426,-0.19371,-0.60379,0.01223
126556000000,5.52385,7.19483,-0.15499,0.61938,-0.00122,0.00109,-0.78509,-0.19599,-0.59498,0.00158
126589000000,5.51798,7.17532,-0.15509,0.61821,-0.00128,0.00108,-0.78601,-0.17766,-0.59122,-0.00320
126655000000,5.50569,7.13659,-0.15476,0.61623,-0.00123,0.00105,-0.78757,-0.18632,-0.58685,0.00506
126721000000,5.49346,7.09757,-0.15474,0.61445,-0.00119,0.00100,-0.78895,-0.18522,-0.59121,0.00034
126787000000,5.48171,7.05847,-0.15491,0.61275,-0.00127,0.00103,-0.79028,-0.17803,-0.59240,-0.00256
126820000000,5.47544,7.03886,-0.15494,0.61205,-0.00136,0.00107,-0.79082,-0.19004,-0.59412,-0.00108
126853000000,5.46941,7.01939,-0.15510,0.61133,-0.00138,0.00103,-0.79138,-0.18272,-0.59005,-0.00467
126886000000,5.46334,6.99982,-0.15513,0.61068,-0.00137,0.00110,-0.79188,-0.18389,-0.59306,-0.00100
126919000000,5.45752,6.98025,-0.15528,0.61004,-0.00139,0.00100,-0.79237,-0.17631,-0.59301,-0.00447
126985000000,5.44466,6.94218,-0.15521,0.60916,-0.00134,0.00113,-0.79305,-0.19487,-0.57682,0.00106
127084000000,5.42782,6.88393,-0.15462,0.60771,-0.00131,0.00126,-0.79415,-0.17012,-0.58833,0.00588
127117000000,5.42137,6.86431,-0.15459,0.60736,-0.00128,0.00127,-0.79442,-0.19542,-0.59456,0.00112
127150000000,5.41567,6.84468,-0.15465,0.60700,-0.00126,0.00118,-0.79470,-0.17293,-0.59499,-0.00192
127183000000,5.41014,6.82558,-0.15461,0.60666,-0.00131,0.00129,-0.79496,-0.16754,-0.57887,0.00120
127216000000,5.40501,6.80647,-0.15467,0.60635,-0.00129,0.00122,-0.79520,-0.15545,-0.57894,-0.00170
127249000000,5.39933,6.78681,-0.15474,0.60603,-0.00130,0.00124,-0.79544,-0.17205,-0.59577,-0.00227
127282000000,5.39361,6.76768,-0.15462,0.60580,-0.00129,0.00122,-0.79562,-0.17344,-0.57963,0.00380
127315000000,5.38832,6.74853,-0.15444,0.60559,-0.00122,0.00123,-0.79578,-0.16026,-0.58031,0.00523
127348000000,5.38288,6.72969,-0.15414,0.60546,-0.00125,0.00139,-0.79588,-0.16480,-0.57105,0.00931
127381000000,5.37729,6.71053,-0.15442,0.60524,-0.00131,0.00134,-0.79604,-0.16936,-0.58057,-0.00857
127414000000,5.37161,6.69107,-0.15427,0.60512,-0.00129,0.00141,-0.79613,-0.17208,-0.58956,0.00458
127447000000,5.36621,6.67180,-0.15426,0.60504,-0.00128,0.00145,-0.79619,-0.16376,-0.58407,0.00032
127480000000,5.36103,6.65249,-0.15518,0.60480,-0.00154,0.00144,-0.79637,-0.15700,-0.58517,-0.02798
127546000000,5.34980,6.61399,-0.15498,0.60469,-0.00148,0.00144,-0.79646,-0.17014,-0.58337,0.00302
127612000000,5.33906,6.57525,-0.15483,0.60463,-0.00144,0.00135,-0.79651,-0.16276,-0.58689,0.00224
127645000000,5.33368,6.55589,-0.15469,0.60458,-0.00138,0.00141,-0.79654,-0.16290,-0.58661,0.00441
127678000000,5.32846,6.53677,-0.15459,0.60453,-0.00138,0.00137,-0.79658,-0.15801,-0.57953,0.00300
127711000000,5.32344,6.51763,-0.15447,0.60446,-0.00143,0.00147,-0.79663,-0.15224,-0.58002,0.00354
127744000000,5.31798,6.49869,-0.15435,0.60450,-0.00143,0.00148,-0.79660,-0.16564,-0.57381,0.00382
127777000000,5.31256,6.47926,-0.15432,0.60452,-0.00140,0.00143,-0.79658,-0.16403,-0.58894,0.00076
127810000000,5.30723,6.45998,-0.15449,0.60458,-0.00143,0.00149,-0.79654,-0.16172,-0.58423,-0.00518
127843000000,5.30314,6.44234,-0.15469,0.60451,-0.00158,0.00158,-0.79659,-0.12375,-0.53438,-0.00595
127909000000,5.29247,6.40333,-0.15462,0.60448,-0.00160,0.00162,-0.79661,-0.16176,-0.59118,0.00102
127975000000,5.28193,6.36543,-0.15445,0.60446,-0.00154,0.00160,-0.79663,-0.15970,-0.57419,0.00259
128008000000,5.27671,6.34659,-0.15427,0.60439,-0.00151,0.00159,-0.79668,-0.15791,-0.57083,0.00559
128041000000,5.27123,6.32760,-0.15412,0.60448,-0.00157,0.00169,-0.79661,-0.16605,-0.57556,0.00448
128074000000,5.26602,6.30850,-0.15416,0.60430,-0.00151,0.00164,-0.79675,-0.15802,-0.57891,-0.00111
128107000000,5.26058,6.28989,-0.15413,0.60429,-0.00154,0.00165,-0.79676,-0.16481,-0.56372,0.00085
128140000000,5.25537,6.27157,-0.15418,0.60428,-0.00151,0.00151,-0.79677,-0.15793,-0.55537,-0.00151
128173000000,5.24998,6.25291,-0.15415,0.60416,-0.00157,0.00151,-0.79686,-0.16328,-0.56544,0.00075
128206000000,5.24407,6.23452,-0.15393,0.60409,-0.00152,0.00153,-0.79691,-0.17915,-0.55719,0.00677
128239000000,5.23863,6.21496,-0.15411,0.60400,-0.00151,0.00148,-0.79698,-0.16487,-0.59261,-0.00551
128272000000,5.23329,6.19609,-0.15391,0.60392,-0.00149,0.00149,-0.79705,-0.16169,-0.57190,0.00611
128305000000,5.22780,6.17728,-0.15389,0.60376,-0.00147,0.00144,-0.79717,-0.16646,-0.57011,0.00053
128338000000,5.22249,6.15917,-0.15377,0.60354,-0.00142,0.00144,-0.79733,-0.16097,-0.54878,0.00374
128371000000,5.21703,6.14009,-0.15404,0.60338,-0.00146,0.00137,-0.79745,-0.16532,-0.57807,-0.00810
128404000000,5.21043,6.12129,-0.15408,0.60332,-0.00137,0.00122,-0.79750,-0.20003,-0.56976,-0.00144
128470000000,5.19895,6.08455,-0.15426,0.60283,-0.00144,0.00123,-0.79787,-0.17395,-0.55666,-0.00272
128503000000,5.19319,6.06697,-0.15402,0.60247,-0.00136,0.00119,-0.79814,-0.17461,-0.53279,0.00730
128536000000,5.18768,6.04846,-0.15421,0.60211,-0.00139,0.00115,-0.79841,-0.16698,-0.56070,-0.00577
128569000000,5.18205,6.03023,-0.15406,0.60162,-0.00143,0.00121,-0.79878,-0.17065,-0.55257,0.00459
128602000000,5.17644,6.01153,-0.15405,0.60109,-0.00147,0.00122,-0.79918,-0.17001,-0.56661,0.00028
128668000000,5.16403,5.97437,-0.15420,0.60001,-0.00142,0.00118,-0.79999,-0.18799,-0.56299,-0.00222
128734000000,5.15137,5.93845,-0.15431,0.59861,-0.00144,0.00122,-0.80104,-0.19175,-0.54423,-0.00167
128800000000,5.13812,5.90273,-0.15435,0.59688,-0.00148,0.00113,-0.80233,-0.20088,-0.54126,-0.00059
128833000000,5.13185,5.88505,-0.15411,0.59583,-0.00150,0.00116,-0.80311,-0.18997,-0.53570,0.00731
128866000000,5.12465,5.86669,-0.15411,0.59475,-0.00143,0.00119,-0.80391,-0.21812,-0.55653,-0.00011
128899000000,5.11726,5.84757,-0.15432,0.59342,-0.00143,0.00113,-0.80489,-0.22400,-0.57918,-0.00634
128932000000,5.11025,5.82899,-0.15375,0.59211,-0.00147,0.00131,-0.80586,-0.21221,-0.56327,0.01721
128965000000,5.10251,5.81050,-0.15380,0.59054,-0.00147,0.00132,-0.80700,-0.23473,-0.56021,-0.00140
128998000000,5.09473,5.79151,-0.15375,0.58885,-0.00149,0.00132,-0.80824,-0.23577,-0.57541,0.00137
129064000000,5.07781,5.75391,-0.15404,0.58495,-0.00151,0.00112,-0.81107,-0.25626,-0.56963,-0.00437
129097000000,5.06898,5.73501,-0.15397,0.58281,-0.00146,0.00113,-0.81261,-0.26778,-0.57288,0.00226
129130000000,5.06058,5.71697,-0.15352,0.58048,-0.00137,0.00114,-0.81427,-0.25456,-0.54664,0.01351
129163000000,5.05156,5.69833,-0.15346,0.57811,-0.00146,0.00115,-0.81596,-0.27331,-0.56478,0.00191
129196000000,5.04224,5.68053,-0.15345,0.57553,-0.00146,0.00118,-0.81778,-0.28248,-0.53938,0.00033
129262000000,5.02267,5.64426,-0.15319,0.56998,-0.00144,0.00112,-0.82166,-0.29643,-0.54955,0.00390
129295000000,5.01227,5.62625,-0.15305,0.56722,-0.00146,0.00110,-0.82356,-0.31520,-0.54586,0.00415
129328000000,5.00173,5.60838,-0.15296,0.56416,-0.00147,0.00105,-0.82566,-0.31934,-0.54137,0.00272
129361000000,4.99116,5.59039,-0.15285,0.56101,-0.00141,0.00109,-0.82780,-0.32043,-0.54518,0.00330
129394000000,4.97968,5.57286,-0.15290,0.55779,-0.00137,0.00098,-0.82998,-0.34772,-0.53136,-0.00146
129427000000,4.96746,5.55861,-0.15367,0.55454,-0.00137,0.00070,-0.83216,-0.37036,-0.43190,-0.02314
129493000000,4.94443,5.52402,-0.15368,0.54731,-0.00144,0.00077,-0.83693,-0.34900,-0.52399,-0.00020
129526000000,4.93282,5.50678,-0.15348,0.54353,-0.00145,0.00084,-0.83939,-0.35178,-0.52256,0.00589
129559000000,4.92043,5.49025,-0.15347,0.53967,-0.00138,0.00079,-0.84187,-0.37547,-0.50100,0.00053
129592000000,4.90789,5.47426,-0.15336,0.53575,-0.00142,0.00081,-0.84437,-0.37979,-0.48451,0.00313
129625000000,4.89575,5.45845,-0.15321,0.53151,-0.00144,0.00084,-0.84705,-0.36792,-0.47893,0.00463
129691000000,4.86973,5.42602,-0.15307,0.52292,-0.00140,0.00081,-0.85238,-0.39428,-0.49132,0.00219
129724000000,4.85640,5.41003,-0.15318,0.51853,-0.00148,0.00087,-0.85506,-0.40381,-0.48464,-0.00356
129757000000,4.84255,5.39408,-0.15310,0.51389,-0.00151,0.00089,-0.85785,-0.41992,-0.48324,0.00257
129823000000,4.81431,5.36439,-0.15302,0.50455,-0.00151,0.00089,-0.86338,-0.42779,-0.44994,0.00126
129856000000,4.80020,5.34997,-0.15298,-0.49958,0.00154,-0.00093,0.86626,-0.42769,-0.43686,0.00116
129889000000,4.78547,5.33542,-0.15291,-0.49461,0.00157,-0.00092,0.86911,-0.44638,-0.44084,0.00210
129922000000,4.77073,5.32186,-0.15267,-0.48960,0.00153,-0.00092,0.87195,-0.44668,-0.41112,0.00727
129988000000,4.73997,5.29466,-0.15261,-0.47920,0.00174,-0.00100,0.87770,-0.46608,-0.41213,0.00094
130021000000,4.72417,5.28108,-0.15244,-0.47383,0.00167,-0.00092,0.88061,-0.47867,-0.41151,0.00496
130054000000,4.70811,5.26821,-0.15222,-0.46840,0.00164,-0.00092,0.88352,-0.48656,-0.38992,0.00684
130087000000,4.69187,5.25580,-0.15195,-0.46290,0.00159,-0.00087,0.88641,-0.49230,-0.37611,0.00795
130120000000,4.67592,5.24333,-0.15206,-0.45738,0.00162,-0.00088,0.88927,-0.48325,-0.37768,-0.00311
130153000000,4.65944,5.23108,-0.15190,-0.45174,0.00158,-0.00076,0.89215,-0.49939,-0.37133,0.00485
130186000000,4.64280,5.21905,-0.15197,-0.44606,0.00161,-0.00083,0.89500,-0.50420,-0.36465,-0.00206
130219000000,4.62603,5.20762,-0.15197,-0.44023,0.00165,-0.00073,0.89788,-0.50827,-0.34633,-0.00000
130252000000,4.60945,5.19645,-0.15180,-0.43445,0.00164,-0.00078,0.90069,-0.50256,-0.33838,0.00502
130285000000,4.59220,5.18534,-0.15198,-0.42861,0.00165,-0.00064,0.90349,-0.52267,-0.33669,-0.00555
130318000000,4.57513,5.17480,-0.15193,-0.42258,0.00165,-0.00072,0.90632,-0.51722,-0.31931,0.00161
130351000000,4.55782,5.16448,-0.15194,-0.41654,0.00170,-0.00086,0.90911,-0.52467,-0.31288,-0.00032
130417000000,4.52295,5.14450,-0.15138,-0.40422,0.00178,-0.00079,0.91466,-0.52833,-0.30267,0.00846
130483000000,4.48591,5.12436,-0.15148,-0.39162,0.00180,-0.00081,0.92012,-0.56107,-0.30518,-0.00152
130549000000,4.45112,5.11187,-0.14777,-0.37888,0.00159,-0.00093,0.92544,-0.52723,-0.18922,0.05620
130615000000,4.41334,5.09554,-0.14763,-0.36595,0.00155,-0.00102,0.93063,-0.57243,-0.24749,0.00211
130648000000,4.39457,5.08783,-0.14769,-0.35947,0.00154,-0.00088,0.93315,-0.56875,-0.23352,-0.00167
130681000000,4.37573,5.08063,-0.14758,-0.35291,0.00160,-0.00090,0.93565,-0.57076,-0.21830,0.00319
130714000000,4.35644,5.07326,-0.14754,-0.34632,0.00165,-0.00095,0.93811,-0.58454,-0.22342,0.00134
130747000000,4.33710,5.06624,-0.14749,-0.33970,0.00160,-0.00099,0.94053,-0.58625,-0.21270,0.00165
130780000000,4.31776,5.05965,-0.14726,-0.33308,0.00156,-0.00099,0.94290,-0.58589,-0.19972,0.00673
130813000000,4.30038,5.05420,-0.14705,-0.32711,0.00160,-0.00104,0.94498,-0.52679,-0.16490,0.00658
130846000000,4.28482,5.04977,-0.14682,-0.32209,0.00165,-0.00114,0.94671,-0.47140,-0.13428,0.00696
130879000000,4.27143,5.04647,-0.14658,-0.31762,0.00159,-0.00111,0.94822,-0.40593,-0.10005,0.00727
131011000000,4.23905,5.03820,-0.14570,-0.30656,0.00152,-0.00113,0.95185,-0.24530,-0.06262,0.00663
131044000000,4.23673,5.03785,-0.14554,-0.30564,0.00149,-0.00115,0.95215,-0.07011,-0.01075,0.00491
131077000000,4.23573,5.03784,-0.14567,-0.30540,0.00153,-0.00111,0.95222,-0.03043,-0.00016,-0.00383
131110000000,4.23420,5.03550,-0.14881,-0.30552,0.00154,-0.00093,0.95218,-0.04646,-0.07103,-0.09521
131143000000,4.23451,5.03547,-0.14877,-0.30549,0.00155,-0.00094,0.95219,0.00941,-0.00098,0.00112
131176000000,4.23467,5.03544,-0.14870,-0.30547,0.00155,-0.00096,0.95220,0.00509,-0.00097,0.00203
131242000000,4.23479,5.03542,-0.14863,-0.30545,0.00154,-0.00099,0.95221,0.00177,-0.00027,0.00113
131275000000,4.23475,5.03540,-0.14861,-0.30546,0.00153,-0.00098,0.95220,-0.00116,-0.00058,0.00052
131308000000,4.23474,5.03540,-0.14860,-0.30546,0.00153,-0.00099,0.95220,-0.00026,0.00012,0.00036
131341000000,4.23471,5.03541,-0.14859,-0.30546,0.00152,-0.00098,0.95220,-0.00101,0.00025,0.00048
131374000000,4.23469,5.03540,-0.14857,-0.30547,0.00152,-0.00097,0.95220,-0.00074,-0.00032,0.00034
131407000000,4.23469,5.03539,-0.14858,-0.30546,0.00152,-0.00097,0.95220,0.00001,-0.00019,-0.00007
131440000000,4.23468,5.03540,-0.14859,-0.30547,0.00152,-0.00097,0.95220,-0.00022,0.00007,-0.00036
131473000000,4.23467,5.03540,-0.14860,-0.30547,0.00153,-0.00097,0.95220,-0.00026,0.00020,-0.00045
131506000000,4.23466,5.03543,-0.14859,-0.30547,0.00152,-0.00096,0.95220,-0.00027,0.00072,0.00032
131572000000,4.23466,5.03543,-0.14861,-0.30547,0.00153,-0.00096,0.95220,-0.00007,0.00008,-0.00025
131605000000,4.23467,5.03542,-0.14865,-0.30547,0.00153,-0.00097,0.95220,0.00030,-0.00040,-0.00129
131638000000,4.23468,5.03542,-0.14868,-0.30547,0.00154,-0.00097,0.95220,0.00042,0.00009,-0.00085
131671000000,4.23628,5.03428,-0.14853,-0.30526,0.00166,-0.00119,0.95227,0.04854,-0.03446,0.00467
131737000000,4.23614,5.03400,-0.14844,-0.30524,0.00164,-0.00122,0.95227,-0.00217,-0.00425,0.00127
131770000000,4.23611,5.03392,-0.14843,-0.30523,0.00163,-0.00122,0.95228,-0.00098,-0.00264,0.00027
131803000000,4.23610,5.03389,-0.14844,-0.30523,0.00163,-0.00123,0.95228,-0.00026,-0.00092,-0.00009
131836000000,4.23610,5.03389,-0.14846,-0.30523,0.00164,-0.00123,0.95228,0.00004,0.00020,-0.00068
131902000000,4.23612,5.03394,-0.14845,-0.30523,0.00164,-0.00123,0.95228,0.00030,0.00065,0.00014
131935000000,4.23614,5.03393,-0.14845,-0.30523,0.00164,-0.00123,0.95228,0.00052,-0.00012,-0.00005
131968000000,4.23615,5.03393,-0.14846,-0.30523,0.00164,-0.00123,0.95228,0.00026,0.00006,-0.00026
132100000000,4.23614,5.03395,-0.14845,-0.30524,0.00164,-0.00123,0.95227,-0.00004,0.00013,0.00010
132133000000,4.23612,5.03395,-0.14846,-0.30523,0.00164,-0.00123,0.95228,-0.00055,0.00001,-0.00033
132166000000,4.23611,5.03395,-0.14846,-0.30523,0.00164,-0.00123,0.95228,-0.00027,-0.00017,-0.00006
132199000000,4.23611,5.03392,-0.14846,-0.30523,0.00164,-0.00123,0.95228,-0.00007,-0.00094,0.00005
132232000000,4.23663,5.03464,-0.14822,-0.30526,0.00161,-0.00118,0.95227,0.01561,0.02186,0.00704
132265000000,4.23665,5.03442,-0.14809,-0.30523,0.00158,-0.00122,0.95228,0.00075,-0.00647,0.00415
132298000000,4.23665,5.03435,-0.14802,-0.30522,0.00157,-0.00124,0.95228,0.00004,-0.00231,0.00209
132364000000,4.23667,5.03434,-0.14799,-0.30522,0.00157,-0.00124,0.95228,0.00022,-0.00017,0.00043
132397000000,4.23667,5.03435,-0.14799,-0.30522,0.00157,-0.00124,0.95228,0.00007,0.00059,-0.00009
132430000000,4.23667,5.03438,-0.14799,-0.30523,0.00157,-0.00123,0.95228,0.00012,0.00069,0.00003
132463000000,4.23667,5.03440,-0.14800,-0.30523,0.00157,-0.00122,0.95228,0.00000,0.00056,-0.00021
132496000000,4.23667,5.03441,-0.14802,-0.30523,0.00157,-0.00122,0.95228,-0.00004,0.00056,-0.00048
132529000000,4.23667,5.03439,-0.14804,-0.30523,0.00158,-0.00123,0.95228,0.00004,-0.00062,-0.00075
132595000000,4.23667,5.03436,-0.14805,-0.30522,0.00158,-0.00123,0.95228,-0.00004,-0.00051,-0.00018
132628000000,4.23667,5.03435,-0.14805,-0.30522,0.00158,-0.00123,0.95228,0.00007,-0.00022,0.00004
132661000000,4.23669,5.03435,-0.14805,-0.30522,0.00158,-0.00123,0.95228,0.00042,-0.00012,-0.00005
132727000000,4.23667,5.03436,-0.14806,-0.30522,0.00158,-0.00123,0.95228,-0.00021,0.00009,-0.00009
132760000000,4.23667,5.03436,-0.14805,-0.30523,0.00158,-0.00123,0.95228,-0.00014,0.00025,0.00034
132793000000,4.23650,5.03383,-0.14832,-0.30523,0.00160,-0.00132,0.95228,-0.00522,-0.01617,-0.00817
132859000000,4.23647,5.03375,-0.14821,-0.30522,0.00158,-0.00133,0.95228,-0.00041,-0.00126,0.00163
132892000000,4.23647,5.03373,-0.14817,-0.30522,0.00157,-0.00133,0.95228,0.00004,-0.00040,0.00109
132925000000,4.23648,5.03375,-0.14817,-0.30522,0.00157,-0.00134,0.95228,0.00023,0.00048,0.00022
132991000000,4.23650,5.03377,-0.14815,-0.30522,0.00157,-0.00134,0.95228,0.00027,0.00030,0.00021
133024000000,4.23650,5.03378,-0.14815,-0.30522,0.00157,-0.00134,0.95228,0.00012,0.00040,0.00002
133057000000,4.23650,5.03379,-0.14817,-0.30522,0.00158,-0.00134,0.95228,-0.00001,0.00023,-0.00067
133090000000,4.23650,5.03379,-0.14817,-0.30522,0.00158,-0.00134,0.95228,-0.00007,-0.00007,0.00006
133156000000,4.23649,5.03381,-0.14818,-0.30522,0.00158,-0.00134,0.95228,-0.00004,0.00031,-0.00008
133189000000,4.23649,5.03378,-0.14818,-0.30522,0.00158,-0.00134,0.95228,-0.00026,-0.00082,-0.00010
133222000000,4.23650,5.03377,-0.14820,-0.30522,0.00158,-0.00134,0.95228,0.00030,-0.00046,-0.00047
133255000000,4.23650,5.03377,-0.14820,-0.30522,0.00158,-0.00133,0.95228,0.00006,0.00000,0.00002
133321000000,4.23622,5.03360,-0.14861,-0.30529,0.00152,-0.00125,0.95226,-0.00425,-0.00258,-0.00629
133354000000,4.23622,5.03350,-0.14851,-0.30527,0.00150,-0.00127,0.95226,0.00010,-0.00296,0.00308
133420000000,4.23625,5.03347,-0.14845,-0.30527,0.00148,-0.00128,0.95226,0.00041,-0.00043,0.00093
133453000000,4.23625,5.03348,-0.14846,-0.30527,0.00149,-0.00128,0.95226,-0.00009,0.00022,-0.00028
133519000000,4.23623,5.03349,-0.14848,-0.30527,0.00149,-0.00128,0.95226,-0.00021,0.00022,-0.00033
133552000000,4.23623,5.03347,-0.14850,-0.30527,0.00149,-0.00126,0.95226,-0.00010,-0.00059,-0.00060
133585000000,4.23622,5.03346,-0.14853,-0.30527,0.00150,-0.00127,0.95226,-0.00025,-0.00023,-0.00104
133618000000,4.23622,5.03347,-0.14854,-0.30527,0.00150,-0.00127,0.95226,0.00012,0.00013,-0.00017
133651000000,4.23622,5.03348,-0.14854,-0.30527,0.00150,-0.00127,0.95226,-0.00006,0.00039,-0.00018
133684000000,4.23622,5.03348,-0.14855,-0.30527,0.00150,-0.00127,0.95226,-0.00007,0.00009,-0.00007
133750000000,4.23595,5.03242,-0.14851,-0.30565,0.00147,-0.00129,0.95214,-0.00405,-0.01618,0.00055
133816000000,4.23370,5.02766,-0.14849,-0.30780,0.00144,-0.00131,0.95145,-0.03420,-0.07202,0.00026
133849000000,4.23198,5.02381,-0.14853,-0.30963,0.00146,-0.00125,0.95085,-0.05185,-0.11667,-0.00122
133882000000,4.23015,5.02040,-0.14809,-0.31190,0.00153,-0.00140,0.95011,-0.05552,-0.10342,0.01331
133981000000,4.22277,5.00188,-0.14800,-0.32116,0.00152,-0.00141,0.94702,-0.07457,-0.18710,0.00097
134047000000,4.21601,4.98712,-0.14783,-0.32744,0.00145,-0.00142,0.94487,-0.10243,-0.22359,0.00259
134080000000,4.21239,4.97936,-0.14795,-0.33075,0.00149,-0.00145,0.94371,-0.10960,-0.23531,-0.00381
134146000000,4.20413,4.96134,-0.14818,-0.33785,0.00146,-0.00141,0.94120,-0.12517,-0.27303,-0.00348
134179000000,4.19902,4.95141,-0.14806,-0.34127,0.00141,-0.00144,0.93996,-0.15477,-0.30096,0.00364
134212000000,4.19342,4.94100,-0.14829,-0.34513,0.00147,-0.00142,0.93855,-0.16977,-0.31520,-0.00706
134245000000,4.18768,4.93018,-0.14803,-0.34915,0.00139,-0.00143,0.93707,-0.17406,-0.32804,0.00792
134311000000,4.17446,4.90549,-0.14899,-0.35740,0.00140,-0.00134,0.93395,-0.20024,-0.37407,-0.01446
134377000000,4.16018,4.88035,-0.14871,-0.36500,0.00136,-0.00139,0.93101,-0.21643,-0.38083,0.00416
134410000000,4.15325,4.86813,-0.14874,-0.36763,0.00140,-0.00142,0.92997,-0.20985,-0.37039,-0.00088
134476000000,4.13991,4.84528,-0.14867,-0.37235,0.00133,-0.00145,0.92809,-0.20209,-0.34619,0.00108
134542000000,4.12921,4.82658,-0.14889,-0.37654,0.00138,-0.00145,0.92640,-0.16216,-0.28338,-0.00334
134575000000,4.12458,4.81801,-0.14902,-0.37837,0.00138,-0.00140,0.92565,-0.14045,-0.25972,-0.00391
134608000000,4.12004,4.81046,-0.14907,-0.38020,0.00140,-0.00140,0.92490,-0.13750,-0.22885,-0.00161
134641000000,4.11646,4.80403,-0.14904,-0.38177,0.00136,-0.00140,0.92426,-0.10837,-0.19467,0.00096
134674000000,4.11327,4.80041,-0.14834,-0.38339,0.00131,-0.00136,0.92359,-0.09665,-0.10974,0.02130
134707000000,4.11052,4.79501,-0.14813,-0.38469,0.00126,-0.00135,0.92305,-0.08343,-0.16382,0.00634
134740000000,4.10844,4.79027,-0.14820,-0.38580,0.00130,-0.00139,0.92258,-0.06319,-0.14353,-0.00209
134806000000,4.10519,4.78337,-0.14824,-0.38770,0.00129,-0.00136,0.92178,-0.04916,-0.10459,-0.00057
134839000000,4.10371,4.78165,-0.14831,-0.38837,0.00132,-0.00136,0.92150,-0.04498,-0.05200,-0.00238
134872000000,4.10318,4.78032,-0.14828,-0.38880,0.00132,-0.00138,0.92132,-0.01581,-0.04040,0.00102
134905000000,4.10323,4.78002,-0.14822,-0.38895,0.00129,-0.00139,0.92126,0.00137,-0.00906,0.00170
134938000000,4.10343,4.77987,-0.14821,-0.38890,0.00131,-0.00138,0.92128,0.00597,-0.00435,0.00044
134971000000,4.10342,4.77968,-0.14826,-0.38891,0.00131,-0.00136,0.92128,-0.00026,-0.00595,-0.00147
135004000000,4.10256,4.77877,-0.14814,-0.38931,0.00126,-0.00140,0.92110,-0.02614,-0.02751,0.00349
135037000000,4.10159,4.77699,-0.14803,-0.38972,0.00118,-0.00134,0.92093,-0.02925,-0.05390,0.00331
135070000000,4.10016,4.77434,-0.14793,-0.39036,0.00120,-0.00143,0.92066,-0.04336,-0.08024,0.00304
135136000000,4.09621,4.76717,-0.14780,-0.39204,0.00119,-0.00147,0.91995,-0.05986,-0.10870,0.00209
135169000000,4.09369,4.76278,-0.14785,-0.39317,0.00120,-0.00145,0.91947,-0.07627,-0.13310,-0.00159
135202000000,4.09073,4.75731,-0.14808,-0.39438,0.00126,-0.00136,0.91895,-0.08965,-0.16578,-0.00712
135235000000,4.08762,4.75061,-0.14842,-0.39561,0.00137,-0.00164,0.91842,-0.09444,-0.20306,-0.01022
135301000000,4.07974,4.73707,-0.14821,-0.39859,0.00134,-0.00165,0.91713,-0.11931,-0.20503,0.00322
135334000000,4.07506,4.72925,-0.14834,-0.40036,0.00133,-0.00156,0.91636,-0.14195,-0.23705,-0.00406
135367000000,4.07006,4.72075,-0.14840,-0.40210,0.00129,-0.00154,0.91559,-0.15139,-0.25765,-0.00165
135400000000,4.06462,4.71185,-0.14854,-0.40394,0.00131,-0.00143,0.91478,-0.16496,-0.26976,-0.00436
135433000000,4.05882,4.70185,-0.14863,-0.40584,0.00131,-0.00151,0.91394,-0.17588,-0.30294,-0.00286
135466000000,4.05251,4.69167,-0.14869,-0.40771,0.00134,-0.00154,0.91311,-0.19118,-0.30834,-0.00181
135499000000,4.04641,4.68121,-0.14850,-0.40947,0.00131,-0.00155,0.91232,-0.18469,-0.31715,0.00582
135565000000,4.03282,4.65920,-0.14842,-0.41313,0.00128,-0.00154,0.91067,-0.20586,-0.33350,0.00121
135598000000,4.02527,4.64781,-0.14827,-0.41500,0.00125,-0.00147,0.90982,-0.22898,-0.34519,0.00459
135631000000,4.01753,4.63550,-0.14797,-0.41674,0.00123,-0.00150,0.90902,-0.23459,-0.37290,0.00912
135664000000,4.00882,4.62239,-0.14816,-0.41834,0.00128,-0.00148,0.90829,-0.26392,-0.39731,-0.00562
135697000000,3.99963,4.60912,-0.14832,-0.41969,0.00131,-0.00147,0.90767,-0.27843,-0.40207,-0.00509
135730000000,3.98944,4.59492,-0.14863,-0.42108,0.00133,-0.00140,0.90702,-0.30876,-0.43022,-0.00932
135829000000,3.95721,4.55080,-0.14944,-0.42393,0.00147,-0.00135,0.90569,-0.32557,-0.44572,-0.00821
135862000000,3.94605,4.53591,-0.14908,-0.42406,0.00135,-0.00135,0.90563,-0.33819,-0.45109,0.01110
135895000000,3.93404,4.52046,-0.14897,-0.42318,0.00145,-0.00143,0.90604,-0.36394,-0.46808,0.00322
135928000000,3.92049,4.50384,-0.14871,-0.42311,0.00142,-0.00153,0.90608,-0.41059,-0.50377,0.00790
135961000000,3.90762,4.48875,-0.14863,-0.42211,0.00142,-0.00154,0.90654,-0.39002,-0.45719,0.00259
135994000000,3.89526,4.47521,-0.14867,-0.42084,0.00139,-0.00147,0.90713,-0.37436,-0.41024,-0.00143
136027000000,3.88365,4.46273,-0.14856,-0.41971,0.00136,-0.00154,0.90766,-0.35188,-0.37832,0.00330
136060000000,3.87366,4.45105,-0.14878,-0.41839,0.00149,-0.00147,0.90826,-0.30281,-0.35386,-0.00667
136093000000,3.86328,4.44008,-0.14850,-0.41703,0.00150,-0.00156,0.90889,-0.31444,-0.33259,0.00872
136126000000,3.85316,4.42997,-0.14849,-0.41572,0.00150,-0.00149,0.90949,-0.30673,-0.30622,0.00022
136192000000,3.83484,4.41171,-0.14820,-0.41271,0.00142,-0.00153,0.91086,-0.27764,-0.27665,0.00433
136225000000,3.82625,4.40356,-0.14805,-0.41104,0.00145,-0.00157,0.91161,-0.26024,-0.24704,0.00462
136258000000,3.81833,4.39641,-0.14785,-0.40951,0.00138,-0.00164,0.91230,-0.23986,-0.21660,0.00605
136291000000,3.81107,4.39016,-0.14783,-0.40783,0.00136,-0.00159,0.91306,-0.22005,-0.18939,0.00052
136357000000,3.79802,4.37888,-0.14803,-0.40457,0.00148,-0.00165,0.91450,-0.19774,-0.17098,-0.00295
136390000000,3.79171,4.37378,-0.14807,-0.40307,0.00145,-0.00158,0.91517,-0.19138,-0.15454,-0.00126
136456000000,3.77903,4.36450,-0.14776,-0.39963,0.00137,-0.00154,0.91668,-0.19209,-0.14054,0.00467
136522000000,3.76449,4.35333,-0.14809,-0.39447,0.00146,-0.00156,0.91891,-0.22028,-0.16928,-0.00500
136555000000,3.75472,4.34713,-0.14814,-0.39137,0.00152,-0.00165,0.92023,-0.29592,-0.18789,-0.00133
136588000000,3.74494,4.34083,-0.14803,-0.38791,0.00154,-0.00161,0.92169,-0.29639,-0.19081,0.00306
136654000000,3.72275,4.32794,-0.14771,-0.37953,0.00143,-0.00159,0.92518,-0.33628,-0.19540,0.00492
136687000000,3.71065,4.32121,-0.14755,-0.37464,0.00144,-0.00161,0.92717,-0.36664,-0.20381,0.00483
136720000000,3.69735,4.31434,-0.14745,-0.36941,0.00148,-0.00168,0.92926,-0.40291,-0.20833,0.00310
136819000000,3.65224,4.29423,-0.14725,-0.35092,0.00149,-0.00176,0.93640,-0.45564,-0.20314,0.00200
136885000000,3.61716,4.28124,-0.14684,-0.33623,0.00149,-0.00174,0.94178,-0.53159,-0.19678,0.00624
136918000000,3.59804,4.27516,-0.14682,-0.32846,0.00153,-0.00177,0.94452,-0.57925,-0.18430,0.00047
136951000000,3.57776,4.26977,-0.14615,-0.31995,0.00154,-0.00170,0.94743,-0.61477,-0.16309,0.02042
137017000000,3.53409,4.25926,-0.14593,-0.30163,0.00148,-0.00157,0.95342,-0.66162,-0.15934,0.00338
137050000000,3.51147,4.25460,-0.14592,-0.29176,0.00151,-0.00150,0.95649,-0.68543,-0.14101,0.00030
137083000000,3.48818,4.25061,-0.14593,-0.28152,0.00158,-0.00159,0.95955,-0.70570,-0.12089,-0.00054
137116000000,3.46335,4.24750,-0.14582,-0.27076,0.00156,-0.00154,0.96264,-0.75260,-0.09450,0.00348
137149000000,3.43760,4.24487,-0.14566,-0.25945,0.00152,-0.00147,0.96575,-0.78030,-0.07949,0.00473
137182000000,3.41145,4.24286,-0.14555,-0.24778,0.00154,-0.00146,0.96881,-0.79226,-0.06114,0.00355
137248000000,3.35450,4.24160,-0.14563,-0.22296,0.00156,-0.00133,0.97482,-0.86288,-0.01906,-0.00121
137314000000,3.30114,4.24312,-0.14524,-0.19878,0.00158,-0.00129,0.98004,-0.80847,0.02309,0.00584
137347000000,3.27576,4.24495,-0.14518,-0.18701,0.00160,-0.00128,0.98236,-0.76920,0.05533,0.00197
137413000000,3.22392,4.25114,-0.14508,-0.16317,0.00165,-0.00122,0.98660,-0.78544,0.09383,0.00141
137446000000,3.19556,4.25576,-0.14494,-0.15105,0.00165,-0.00113,0.98852,-0.85930,0.14006,0.00437
137512000000,3.13667,4.26507,-0.14490,-0.12853,0.00175,-0.00113,0.99170,-0.89232,0.14098,0.00056
137545000000,3.10743,4.26993,-0.14462,-0.11762,0.00176,-0.00112,0.99306,-0.88599,0.14727,0.00837
137578000000,3.07744,4.27513,-0.14517,-0.10686,0.00171,-0.00100,0.99427,-0.90897,0.15754,-0.01647
137611000000,3.04730,4.28090,-0.14481,-0.09614,0.00166,-0.00092,0.99537,-0.91341,0.17485,0.01090
137644000000,3.01745,4.28741,-0.14495,-0.08540,0.00170,-0.00099,0.99635,-0.90447,0.19753,-0.00436
137677000000,2.98729,4.29370,-0.14515,-0.07499,0.00178,-0.00097,0.99718,-0.91381,0.19045,-0.00606
137710000000,2.95804,4.30084,-0.14476,-0.06490,0.00173,-0.00092,0.99789,-0.88647,0.21644,0.01179
137743000000,2.92785,4.30798,-0.14483,-0.05535,0.00176,-0.00090,0.99847,-0.91493,0.21618,-0.00191
137776000000,2.89782,4.31551,-0.14482,-0.04610,0.00177,-0.00092,0.99893,-0.90977,0.22839,0.00033
137842000000,2.83880,4.33000,-0.14463,-0.02893,0.00183,-0.00073,0.99958,-0.89425,0.21951,0.00283
137908000000,2.78235,4.34731,-0.14084,-0.01285,0.00133,-0.00083,0.99992,-0.85530,0.26233,0.05743
137974000000,2.72119,4.36386,-0.14189,0.00211,0.00162,-0.00082,1.00000,-0.92674,0.25069,-0.01598
138040000000,2.66536,4.37978,-0.14251,0.01544,0.00171,-0.00084,0.99988,-0.84582,0.24125,-0.00932
138073000000,2.63966,4.38703,-0.14200,0.02128,0.00165,-0.00072,0.99977,-0.77903,0.21962,0.01526
138106000000,2.61427,4.39337,-0.14161,0.02649,0.00162,-0.00075,0.99965,-0.76923,0.19218,0.01185
138139000000,2.59018,4.39909,-0.14112,0.03137,0.00151,-0.00071,0.99951,-0.73020,0.17341,0.01493
138172000000,2.56598,4.40532,-0.14059,0.03545,0.00142,-0.00066,0.99937,-0.73332,0.18854,0.01607
138205000000,2.54206,4.41095,-0.14030,0.03924,0.00151,-0.00070,0.99923,-0.72466,0.17066,0.00883
138238000000,2.51813,4.41676,-0.13999,0.04253,0.00142,-0.00070,0.99909,-0.72515,0.17617,0.00939
138271000000,2.49328,4.42181,-0.14015,0.04535,0.00148,-0.00075,0.99897,-0.75311,0.15288,-0.00478
138337000000,2.44409,4.43157,-0.13968,0.04945,0.00139,-0.00079,0.99878,-0.74537,0.14790,0.00710
138370000000,2.41836,4.43614,-0.13967,0.05065,0.00143,-0.00076,0.99872,-0.77960,0.13867,0.00020
138403000000,2.39231,4.44038,-0.13950,0.05140,0.00144,-0.00071,0.99868,-0.78941,0.12836,0.00523
138469000000,2.34082,4.44552,-0.13853,0.05241,0.00123,-0.00048,0.99862,-0.78011,0.07790,0.01466
138535000000,2.28321,4.45399,-0.13823,0.05349,0.00119,-0.00044,0.99857,-0.87290,0.12832,0.00459
138568000000,2.25241,4.45794,-0.13824,0.05412,0.00121,-0.00041,0.99853,-0.93341,0.11969,-0.00043
138601000000,2.22121,4.46252,-0.13776,0.05481,0.00115,-0.00047,0.99850,-0.94545,0.13875,0.01463
138634000000,2.18804,4.46740,-0.13767,0.05543,0.00114,-0.00053,0.99846,-1.00514,0.14781,0.00281
138700000000,2.12223,4.47634,-0.13793,0.05681,0.00122,-0.00043,0.99838,-0.99708,0.13547,-0.00406
138766000000,2.06059,4.48486,-0.13823,0.05804,0.00125,-0.00041,0.99831,-0.93401,0.12911,-0.00453
138799000000,2.03050,4.48874,-0.13822,0.05872,0.00130,-0.00044,0.99827,-0.91177,0.11755,0.00051
138832000000,2.00367,4.49255,-0.13634,0.05936,0.00091,-0.00076,0.99824,-0.81294,0.11550,0.05701
138865000000,1.97494,4.49633,-0.13633,0.05979,0.00091,-0.00068,0.99821,-0.87069,0.11463,0.00020
138931000000,1.91667,4.50402,-0.13650,0.06076,0.00096,-0.00065,0.99815,-0.88288,0.11645,-0.00258
138964000000,1.88650,4.50804,-0.13652,0.06125,0.00099,-0.00069,0.99812,-0.91427,0.12181,-0.00057
139030000000,1.82521,4.51647,-0.13638,0.06167,0.00101,-0.00063,0.99810,-0.92857,0.12773,0.00203
139063000000,1.79316,4.52072,-0.13648,0.06168,0.00101,-0.00069,0.99810,-0.97137,0.12877,-0.00302
139096000000,1.76155,4.52475,-0.13578,0.06153,0.00092,-0.00071,0.99810,-0.95762,0.12223,0.02129
139129000000,1.72997,4.52896,-0.13552,0.06101,0.00078,-0.00079,0.99814,-0.95717,0.12746,0.00787
139162000000,1.69690,4.53286,-0.13494,0.06041,0.00065,-0.00078,0.99817,-1.00214,0.11823,0.01774
139195000000,1.66326,4.53671,-0.13467,0.05963,0.00065,-0.00081,0.99822,-1.01934,0.11657,0.00804
139228000000,1.62897,4.54027,-0.13473,0.05875,0.00071,-0.00079,0.99827,-1.03900,0.10797,-0.00188
139294000000,1.56093,4.54773,-0.13388,0.05746,0.00040,-0.00105,0.99835,-1.03096,0.11312,0.01294
139327000000,1.52845,4.54995,-0.13411,0.05682,0.00053,-0.00104,0.99838,-0.98422,0.06713,-0.00698
139360000000,1.49682,4.55341,-0.13456,0.05682,0.00060,-0.00106,0.99838,-0.95844,0.10492,-0.01375
139393000000,1.46674,4.55695,-0.13440,0.05675,0.00060,-0.00099,0.99839,-0.91155,0.10725,0.00506
139426000000,1.43752,4.56047,-0.13454,0.05680,0.00062,-0.00101,0.99839,-0.88554,0.10655,-0.00448
139459000000,1.40913,4.56345,-0.13455,0.05682,0.00071,-0.00098,0.99838,-0.86021,0.09027,-0.00017
139525000000,1.35599,4.57044,-0.13416,0.05732,0.00063,-0.00106,0.99836,-0.80516,0.10596,0.00593
139558000000,1.33014,4.57399,-0.13436,0.05790,0.00068,-0.00108,0.99832,-0.78322,0.10756,-0.00615
139591000000,1.30529,4.57747,-0.13427,0.05849,0.00071,-0.00112,0.99829,-0.75316,0.10554,0.00264
139624000000,1.28153,4.58085,-0.13406,0.05917,0.00063,-0.00121,0.99825,-0.71983,0.10232,0.00642
139657000000,1.25765,4.58470,-0.13370,0.05956,0.00069,-0.00106,0.99822,-0.72367,0.11661,0.01097
139690000000,1.23394,4.58766,-0.13344,0.06026,0.00066,-0.00109,0.99818,-0.71851,0.08972,0.00797
139756000000,1.18543,4.59517,-0.13368,0.06209,0.00074,-0.00095,0.99807,-0.73497,0.11391,-0.00375
139789000000,1.16056,4.59980,-0.13318,0.06308,0.00060,-0.00105,0.99801,-0.75384,0.14002,0.01534
139855000000,1.10931,4.60983,-0.13339,0.06568,0.00068,-0.00108,0.99784,-0.77653,0.15197,-0.00320
139888000000,1.08265,4.61517,-0.13311,0.06739,0.00064,-0.00109,0.99773,-0.80780,0.16188,0.00851
139921000000,1.05594,4.62108,-0.13352,0.06938,0.00073,-0.00111,0.99759,-0.80920,0.17925,-0.01245
139954000000,1.02935,4.62750,-0.13328,0.07148,0.00064,-0.00113,0.99744,-0.80602,0.19433,0.00728
139987000000,1.00149,4.63449,-0.13330,0.07393,0.00065,-0.00102,0.99726,-0.84423,0.21189,-0.00054
140020000000,0.97345,4.64186,-0.13311,0.07674,0.00063,-0.00110,0.99705,-0.84970,0.22354,0.00564
140086000000,0.91585,4.65864,-0.13336,0.08341,0.00069,-0.00104,0.99651,-0.87273,0.25420,-0.00386
140119000000,0.88729,4.66801,-0.13319,0.08732,0.00070,-0.00101,0.99618,-0.86537,0.28401,0.00521
140152000000,0.85685,4.67629,-0.13360,0.09240,0.00087,-0.00101,0.99572,-0.92229,0.25092,-0.01239
140185000000,0.82743,4.68715,-0.13319,0.09729,0.00076,-0.00119,0.99526,-0.89168,0.32897,0.01234
140218000000,0.79776,4.69896,-0.13305,0.10256,0.00080,-0.00113,0.99473,-0.89912,0.35793,0.00448
140284000000,0.73843,4.72573,-0.13306,0.11447,0.00081,-0.00105,0.99343,-0.89887,0.40556,-0.00021
140317000000,0.70853,4.74019,-0.13320,0.12139,0.00087,-0.00102,0.99260,-0.90610,0.43810,-0.00415
140350000000,0.67875,4.75655,-0.13343,0.12859,0.00100,-0.00104,0.99170,-0.90247,0.49591,-0.00694
140383000000,0.64873,4.77392,-0.13375,0.13655,0.00114,-0.00102,0.99063,-0.90960,0.52649,-0.00991
140416000000,0.61898,4.79202,-0.13322,0.14524,0.00097,-0.00108,0.98940,-0.90143,0.54823,0.01603
140449000000,0.58794,4.81319,-0.13429,0.15402,0.00143,-0.00087,0.98807,-0.94071,0.64161,-0.03241
140482000000,0.55753,4.83460,-0.13398,0.16387,0.00137,-0.00087,0.98648,-0.92150,0.64880,0.00949
140548000000,0.49697,4.88284,-0.13310,0.18573,0.00109,-0.00095,0.98260,-0.91764,0.73096,0.01327
140581000000,0.46676,4.90962,-0.13302,0.19783,0.00110,-0.00103,0.98023,-0.91523,0.81145,0.00263
140680000000,0.37847,5.00275,-0.13019,0.23901,0.00012,-0.00131,0.97102,-0.89185,0.94065,0.02861
140713000000,0.34900,5.03809,-0.13006,0.25509,0.00021,-0.00123,0.96692,-0.89301,1.07101,0.00387
140845000000,0.24019,5.21002,-0.12980,0.33549,0.00023,-0.00143,0.94204,-0.82436,1.30255,0.00197
140878000000,0.21777,5.25856,-0.12960,0.35805,0.00025,-0.00139,0.93370,-0.67915,1.47070,0.00585
140911000000,0.19823,5.30807,-0.12991,0.38059,0.00041,-0.00139,0.92474,-0.59241,1.50025,-0.00921
140977000000,0.16797,5.40865,-0.12996,0.42584,0.00057,-0.00119,0.90480,-0.45841,1.52407,-0.00077
141043000000,0.14965,5.50822,-0.12985,0.46827,0.00083,-0.00082,0.88358,-0.27755,1.50863,0.00162
141076000000,0.14453,5.55611,-0.12986,0.48890,0.00079,-0.00099,0.87234,-0.15532,1.45103,-0.00006
141109000000,0.14240,5.60320,-0.12969,0.50867,0.00077,-0.00107,0.86096,-0.06434,1.42714,0.00504
141142000000,0.14356,5.64988,-0.12935,0.52775,0.00086,-0.00093,0.84940,0.03520,1.41444,0.01028
141175000000,0.14610,5.69570,-0.12935,0.54620,0.00090,-0.00090,0.83765,0.07691,1.38841,-0.00005
141208000000,0.14998,5.74141,-0.12889,0.56395,0.00087,-0.00124,0.82581,0.11759,1.38517,0.01387
141241000000,0.15716,5.78442,-0.12850,0.58102,0.00100,-0.00123,0.81389,0.21748,1.30330,0.01198
141274000000,0.16593,5.82717,-0.12799,0.59739,0.00084,-0.00120,0.80195,0.26572,1.29548,0.01536
141307000000,0.17656,5.86883,-0.12792,0.61323,0.00094,-0.00119,0.78990,0.32217,1.26236,0.00222
141340000000,0.18830,5.91001,-0.12790,0.62840,0.00098,-0.00130,0.77789,0.35588,1.24790,0.00042
141373000000,0.20176,5.95029,-0.12835,0.64304,0.00111,-0.00129,0.76583,0.40776,1.22082,-0.01338
141406000000,0.21680,5.98920,-0.12819,0.65706,0.00113,-0.00120,0.75383,0.45562,1.17890,0.00466
141439000000,0.23307,6.02760,-0.12830,0.67070,0.00112,-0.00133,0.74173,0.49305,1.16366,-0.00339
141505000000,0.26482,6.09954,-0.12843,0.69478,0.00118,-0.00129,0.71922,0.48118,1.09005,-0.00189
141571000000,0.29630,6.16526,-0.12861,0.71678,0.00141,-0.00110,0.69729,0.47691,0.99576,-0.00275
141637000000,0.33269,6.22998,-0.12849,0.73710,0.00144,-0.00109,0.67578,0.55140,0.98056,0.00187
141670000000,0.33853,6.22813,-0.17509,0.74635,-0.00110,-0.00141,0.66555,0.17702,-0.05612,-1.41210
141703000000,0.35930,6.25571,-0.17641,0.75489,-0.00110,-0.00145,0.65585,0.62921,0.83575,-0.03996
141736000000,0.37784,6.28432,-0.17705,0.76293,-0.00098,-0.00148,0.64647,0.56190,0.86701,-0.01943
141802000000,0.41389,6.34268,-0.17567,0.77744,-0.00103,-0.00144,0.62896,0.54623,0.88430,0.02081
141835000000,0.43287,6.37024,-0.17602,0.78377,-0.00098,-0.00153,0.62105,0.57506,0.83520,-0.01042
141868000000,0.45139,6.39669,-0.17619,0.78955,-0.00093,-0.00156,0.61369,0.56111,0.80142,-0.00524
141901000000,0.46956,6.42338,-0.17627,0.79477,-0.00086,-0.00160,0.60691,0.55068,0.80869,-0.00255
141934000000,0.48699,6.44936,-0.17607,0.79946,-0.00079,-0.00153,0.60071,0.52823,0.78737,0.00626
142000000000,0.52252,6.50044,-0.17668,0.80693,-0.00057,-0.00144,0.59064,0.53833,0.77394,-0.00935
142033000000,0.53788,6.52512,-0.17642,0.80955,-0.00068,-0.00151,0.58704,0.46554,0.74785,0.00817
142066000000,0.55276,6.54999,-0.17650,0.81152,-0.00055,-0.00149,0.58432,0.45089,0.75371,-0.00258
142165000000,0.59500,6.62694,-0.17633,0.81481,-0.00059,-0.00154,0.57972,0.42668,0.77725,0.00169
142231000000,0.62323,6.68363,-0.17600,0.81535,-0.00068,-0.00150,0.57897,0.42769,0.85899,0.00499
142297000000,0.65092,6.74538,-0.17560,0.81597,-0.00074,-0.00154,0.57809,0.41952,0.93564,0.00610
142330000000,0.66446,6.77507,-0.17523,0.81637,-0.00082,-0.00152,0.57752,0.41044,0.89962,0.01137
142396000000,0.69104,6.83555,-0.17486,0.81750,-0.00076,-0.00150,0.57592,0.40266,0.91637,0.00555
142429000000,0.70434,6.86454,-0.17473,0.81819,-0.00089,-0.00157,0.57494,0.40305,0.87855,0.00389
142462000000,0.71717,6.89363,-0.17461,0.81907,-0.00089,-0.00157,0.57369,0.38865,0.88151,0.00374
142528000000,0.74278,6.95059,-0.17452,0.82120,-0.00080,-0.00155,0.57063,0.38803,0.86293,0.00130
142594000000,0.76784,7.00570,-0.17428,0.82312,-0.00087,-0.00154,0.56786,0.37976,0.83509,0.00374
142627000000,0.77991,7.02840,-0.17247,0.82389,-0.00109,-0.00157,0.56675,0.36580,0.68769,0.05458
142726000000,0.81211,7.10167,-0.17179,0.82621,-0.00110,-0.00158,0.56336,0.32526,0.74012,0.00694
142759000000,0.82298,7.12436,-0.17175,0.82691,-0.00107,-0.00155,0.56234,0.32921,0.68750,0.00107
142825000000,0.84168,7.16582,-0.17166,0.82797,-0.00109,-0.00151,0.56077,0.28336,0.62826,0.00142
142891000000,0.85951,7.20564,-0.17212,0.82897,-0.00095,-0.00156,0.55929,0.27013,0.60328,-0.00704
142924000000,0.86809,7.22465,-0.17252,0.82937,-0.00085,-0.00162,0.55869,0.26023,0.57615,-0.01205
142957000000,0.87626,7.24296,-0.17250,0.82976,-0.00092,-0.00150,0.55812,0.24750,0.55478,0.00061
143023000000,0.88970,7.27493,-0.17242,0.83058,-0.00116,-0.00159,0.55690,0.20357,0.48440,0.00124
143089000000,0.90355,7.30564,-0.17227,0.83114,-0.00113,-0.00153,0.55606,0.20994,0.46528,0.00217
143122000000,0.90981,7.31971,-0.17236,0.83145,-0.00098,-0.00156,0.55560,0.18975,0.42631,-0.00257
143155000000,0.91559,7.33314,-0.17225,0.83169,-0.00106,-0.00154,0.55524,0.17511,0.40707,0.00324
143221000000,0.92591,7.35738,-0.17229,0.83206,-0.00109,-0.00154,0.55469,0.15637,0.36731,-0.00053
143287000000,0.93512,7.37295,-0.17210,0.83229,-0.00092,-0.00146,0.55434,0.13949,0.23597,0.00278
