26040000000,5.25000,20.00000,0.02073,0.70711,0.00000,0.00000,-0.70711,0.00000,0.00000,0.00000
26060000000,5.25000,20.00000,0.02073,0.70711,0.00000,0.00000,-0.70711,0.00000,0.00000,0.00000
26080000000,5.25000,20.00000,0.02073,0.70711,0.00000,0.00000,-0.70711,0.00000,0.00000,0.00000
26100000000,5.25000,20.00000,0.02073,0.70711,0.00000,0.00000,-0.70711,0.00000,0.00000,0.00000
26120000000,5.25000,20.00000,0.02073,0.70711,0.00000,0.00000,-0.70711,0.00000,0.00000,0.00000
26140000000,5.25000,20.00000,0.02073,0.70711,0.00000,0.00000,-0.70711,0.00000,0.00000,0.00000
26160000000,5.25000,20.00000,0.02073,0.70711,0.00000,0.00000,-0.70711,0.00000,0.00000,0.00000
26180000000,5.25000,20.00000,0.02073,0.70711,0.00000,0.00000,-0.70711,0.00000,0.00000,0.00000
26200000000,5.25000,20.00000,0.02073,0.70711,0.00000,0.00000,-0.70711,0.00000,0.00000,0.00000
26220000000,5.25000,20.00000,0.02073,0.70711,0.00000,0.00000,-0.70711,0.00000,0.00000,0.00000
26240000000,5.25000,20.00000,0.02073,0.70711,0.00000,0.00000,-0.70711,0.00000,0.00000,0.00000
26260000000,5.25000,20.00000,0.02073,0.70711,0.00000,0.00000,-0.70711,0.00000,0.00000,0.00000
26280000000,5.25000,20.00000,0.02073,0.70711,0.00000,0.00000,-0.70711,0.00000,0.00000,0.00000
26300000000,5.25000,20.00000,0.02073,0.70711,0.00000,0.00000,-0.70711,0.00000,0.00000,0.00000
26320000000,5.25000,20.00000,0.02073,0.70711,0.00000,0.00000,-0.70711,0.00000,0.00000,0.00000
26340000000,5.25000,20.00000,0.02073,0.70711,0.00000,0.00000,-0.70711,0.00000,0.00000,0.00000
26360000000,5.25000,20.00000,0.02073,0.70711,0.00000,0.00000,-0.70711,0.00000,0.00000,0.00000
26380000000,5.25000,20.00000,0.02073,0.70711,0.00000,0.00000,-0.70711,0.00000,0.00000,0.00000
26400000000,5.25000,20.00000,0.02073,0.70711,0.00000,0.00000,-0.70711,0.00000,0.00000,0.00000
26420000000,5.25000,20.00000,0.02073,0.70711,0.00000,0.00000,-0.70711,0.00000,0.00000,0.00000
26440000000,5.25000,20.00000,0.02073,0.70711,0.00000,0.00000,-0.70711,0.00000,0.00000,0.00000
26460000000,5.25000,20.00000,0.02073,0.70711,0.00000,0.00000,-0.70711,0.00000,0.00000,0.00000
26480000000,5.25000,20.00000,0.02073,0.70711,0.00000,0.00000,-0.70711,0.00000,0.00000,0.00000
26500000000,5.25000,20.00000,0.02073,0.70711,0.00000,0.00000,-0.70711,0.00000,0.00000,0.00000
26520000000,5.25000,20.00000,0.02073,0.70711,0.00000,0.00000,-0.70711,0.00000,0.00000,0.00000
26540000000,5.25000,20.00000,0.02073,0.70711,0.00000,0.00000,-0.70711,0.00000,0.00000,0.00000
26560000000,5.25000,20.00000,0.02073,0.70711,0.00000,0.00000,-0.70711,0.00000,0.00000,0.00000
26580000000,5.25000,20.00000,0.02073,0.70711,0.00000,0.00000,-0.70711,0.00000,0.00000,0.00000
26600000000,5.25000,20.00000,0.02073,0.70711,0.00000,0.00000,-0.70711,0.00000,0.00000,0.00000
26620000000,5.25000,20.00000,0.02073,0.70711,0.00000,0.00000,-0.70711,0.00000,0.00000,0.00000
26640000000,5.25000,20.00000,0.02073,0.70711,0.00000,0.00000,-0.70711,0.00000,0.00000,0.00000
26660000000,5.25000,20.00000,0.02073,0.70711,0.00000,0.00000,-0.70711,0.00000,0.00000,0.00000
26680000000,5.25000,20.00000,0.02073,0.70711,0.00000,0.00000,-0.70711,0.00000,0.00000,0.00000
26700000000,5.25000,20.00000,0.02073,0.70711,0.00000,0.00000,-0.70711,0.00000,0.00000,0.00000
26720000000,5.25000,20.00000,0.02073,0.70711,0.00000,0.00000,-0.70711,0.00000,0.00000,0.00000
26740000000,5.25000,20.00000,0.02073,0.70711,0.00000,0.00000,-0.70711,0.00000,0.00000,0.00000
26760000000,5.25000,20.00000,0.02073,0.70711,0.00000,0.00000,-0.70711,0.00000,0.00000,0.00000
26780000000,5.25000,20.00000,0.02073,0.70711,0.00000,0.00000,-0.70711,0.00000,0.00000,0.00000
26800000000,5.25000,20.00000,0.02073,0.70711,0.00000,0.00000,-0.70711,0.00000,0.00000,0.00000
26820000000,5.25000,20.00000,0.02073,0.70711,0.00000,0.00000,-0.70711,0.00000,0.00000,0.00000
26840000000,5.25000,20.00000,0.02073,0.70711,0.00000,0.00000,-0.70711,0.00000,0.00000,0.00000
26860000000,5.25000,20.00000,0.02073,0.70711,0.00000,0.00000,-0.70711,0.00000,0.00000,0.00000
26880000000,5.25000,20.00000,0.02073,0.70711,0.00000,0.00000,-0.70711,0.00000,0.00000,0.00000
26900000000,5.25000,20.00000,0.02073,0.70711,0.00000,0.00000,-0.70711,0.00000,0.00000,0.00000
26920000000,5.25000,20.00000,0.02073,0.70711,0.00000,0.00000,-0.70711,0.00000,0.00000,0.00000
26940000000,5.25000,20.00000,0.02073,0.70711,0.00000,0.00000,-0.70711,0.00000,0.00000,0.00000
26960000000,5.25000,20.00000,0.02073,0.70711,0.00000,0.00000,-0.70711,0.00000,0.00000,0.00000
26980000000,5.25000,20.00000,0.02073,0.70711,0.00000,0.00000,-0.70711,0.00000,0.00000,0.00000
27000000000,5.25000,20.00000,0.02073,0.70711,0.00000,0.00000,-0.70711,0.00000,0.00000,0.00000
27020000000,5.25000,20.00000,0.02073,0.70711,0.00000,0.00000,-0.70711,0.00000,0.00000,0.00000
27040000000,5.25000,20.00000,0.02073,0.70711,0.00000,0.00000,-0.70711,0.00000,0.00000,0.00000
27060000000,5.25000,19.99991,0.02073,0.70711,0.00000,0.00000,-0.70711,0.00900,0.00000,0.00008
27080000000,5.25000,19.99961,0.02073,0.70711,0.00000,0.00000,-0.70711,0.01500,0.00000,0.00000
27100000000,5.25000,19.99904,0.02073,0.70711,0.00000,0.00000,-0.70711,0.03450,0.00000,0.00000
27120000000,5.25000,19.99802,0.02073,0.70711,0.00000,0.00000,-0.70711,0.05700,0.00000,0.00000
27140000000,5.25000,19.99663,0.02073,0.70711,0.00000,0.00000,-0.70711,0.07500,0.00000,-0.00000
27160000000,5.25000,19.99501,0.02073,0.70711,0.00000,0.00000,-0.70711,0.08700,0.00000,0.00000
27180000000,5.25000,19.99312,0.02073,0.70711,0.00000,0.00000,-0.70711,0.09900,0.00000,0.00000
27200000000,5.25000,19.99078,0.02073,0.70711,0.00000,0.00000,-0.70711,0.12000,0.00000,-0.00000
27220000000,5.25000,19.98823,0.02073,0.70711,0.00000,0.00000,-0.70711,0.13410,0.00000,0.00000
27240000000,5.25000,19.98542,0.02073,0.70711,0.00000,0.00000,-0.70711,0.14550,0.00000,0.00000
27260000000,5.25000,19.98242,0.02073,0.70711,0.00000,0.00000,-0.70711,0.15000,0.00000,-0.00000
27280000000,5.25000,19.97926,0.02073,0.70711,0.00000,0.00000,-0.70711,0.16470,0.00000,0.00000
27300000000,5.25000,19.97567,0.02073,0.70711,0.00000,0.00000,-0.70711,0.18600,0.00000,0.00000
27320000000,5.25000,19.97159,0.02073,0.70711,0.00000,0.00000,-0.70711,0.21000,0.00000,-0.00000
27340000000,5.25000,19.96738,0.02073,0.70711,0.00000,0.00000,-0.70711,0.21090,0.00000,0.00000
27360000000,5.25000,19.96288,0.02073,0.70711,0.00000,0.00000,-0.70711,0.22590,0.00000,-0.00000
27380000000,5.25000,19.95794,0.02073,0.70711,0.00000,0.00000,-0.70711,0.25410,0.00000,0.00000
27400000000,5.25000,19.95275,0.02073,0.70711,0.00000,0.00000,-0.70711,0.26400,0.00000,0.00000
27420000000,5.25000,19.94731,0.02073,0.70711,0.00000,0.00000,-0.70711,0.27450,0.00000,0.00000
27440000000,5.25000,19.94160,0.02073,0.70711,0.00000,0.00000,-0.70711,0.28590,0.00000,-0.00000
27460000000,5.25000,19.93560,0.02073,0.70711,0.00000,0.00000,-0.70711,0.30030,0.00000,-0.00000
27480000000,5.25000,19.92926,0.02073,0.70711,0.00000,0.00000,-0.70711,0.32100,0.00000,0.00000
27500000000,5.25000,19.92253,0.02073,0.70711,0.00000,0.00000,-0.70711,0.34320,0.00000,0.00000
27520000000,5.25000,19.91560,0.02073,0.70711,0.00000,0.00000,-0.70711,0.34800,0.00000,0.00000
27540000000,5.25000,19.90825,0.02073,0.70711,0.00000,0.00000,-0.70711,0.37410,0.00000,-0.00000
27560000000,5.25000,19.90052,0.02073,0.70711,0.00000,0.00000,-0.70711,0.39000,0.00000,-0.00000
27580000000,5.25000,19.89271,0.02073,0.70711,0.00000,0.00000,-0.70711,0.39090,0.00000,-0.00000
27600000000,5.25000,19.88453,0.02073,0.70711,0.00000,0.00000,-0.70711,0.41400,0.00000,0.00000
27620000000,5.25000,19.87613,0.02073,0.70711,0.00000,0.00000,-0.70711,0.42000,0.00000,-0.00000
27640000000,5.25000,19.86736,0.02073,0.70711,0.00000,0.00000,-0.70711,0.44910,0.00000,-0.00000
27660000000,5.25000,19.85835,0.02073,0.70711,0.00000,0.00000,-0.70711,0.45030,0.00000,-0.00000
27680000000,5.25000,19.84903,0.02073,0.70711,0.00000,0.00000,-0.70711,0.46950,0.00000,0.00000
27700000000,5.25000,19.83931,0.02073,0.70711,0.00000,0.00000,-0.70711,0.49200,0.00000,-0.00000
27720000000,5.25000,19.82941,0.02073,0.70711,0.00000,0.00000,-0.70711,0.49500,0.00000,-0.00000
27740000000,5.25000,19.81926,0.02073,0.70711,0.00000,0.00000,-0.70711,0.51090,0.00000,-0.00000
27760000000,5.25000,19.80874,0.02073,0.70711,0.00000,0.00000,-0.70711,0.52800,0.00000,-0.00000
27780000000,5.25000,19.79793,0.02073,0.70711,0.00000,0.00000,-0.70711,0.54090,0.00000,-0.00000
27800000000,5.25000,19.78681,0.02073,0.70711,0.00000,0.00000,-0.70711,0.55800,0.00000,-0.00000
27820000000,5.25000,19.77530,0.02073,0.70711,0.00000,0.00000,-0.70711,0.58050,0.00000,-0.00000
27840000000,5.25000,19.76358,0.02073,0.70711,0.00000,0.00000,-0.70711,0.58680,0.00000,-0.00000
27860000000,5.25000,19.75145,0.02073,0.70711,0.00000,0.00000,-0.70711,0.61320,0.00000,-0.00000
27880000000,5.25000,19.73911,0.02073,0.70711,0.00000,0.00000,-0.70711,0.61950,0.00000,-0.00000
27900000000,5.25000,19.72636,0.02073,0.70711,0.00000,0.00000,-0.70711,0.64410,0.00000,-0.00000
27920000000,5.25000,19.71344,0.02073,0.70711,0.00000,0.00000,-0.70711,0.64680,0.00000,-0.00000
27940000000,5.25000,19.70011,0.02073,0.70711,0.00000,0.00000,-0.70711,0.67320,0.00000,-0.00000
27960000000,5.25000,19.68643,0.02073,0.70711,0.00000,0.00000,-0.70711,0.69000,0.00000,-0.00000
27980000000,5.25000,19.67263,0.02073,0.70711,0.00000,0.00000,-0.70711,0.69000,0.00000,-0.00000
28000000000,5.25000,19.65859,0.02073,0.70711,0.00000,0.00000,-0.70711,0.70590,0.00000,-0.00000
28020000000,5.25000,19.64417,0.02073,0.70711,0.00000,0.00000,-0.70711,0.72300,0.00000,-0.00000
28040000000,5.25000,19.62945,0.02073,0.70711,0.00000,0.00000,-0.70711,0.73680,0.00000,-0.00000
28060000000,5.25000,19.61434,0.02073,0.70711,0.00000,0.00000,-0.70711,0.76200,0.00000,-0.00000
28080000000,5.25000,19.59880,0.02073,0.70711,0.00000,0.00000,-0.70711,0.78000,0.00000,-0.00000
28100000000,5.25000,19.58315,0.02073,0.70711,0.00000,0.00000,-0.70711,0.78450,0.00000,-0.00000
28120000000,5.25000,19.56721,0.02073,0.70711,0.00000,0.00000,-0.70711,0.79950,0.00000,-0.00000
28140000000,5.25000,19.55090,0.02073,0.70711,0.00000,0.00000,-0.70711,0.82050,0.00000,-0.00000
28160000000,5.25000,19.53428,0.02073,0.70711,0.00000,0.00000,-0.70711,0.83700,0.00000,-0.00000
28180000000,5.25000,19.51730,0.02073,0.70711,0.00000,0.00000,-0.70711,0.85500,0.00000,-0.00000
28200000000,5.25000,19.50008,0.02073,0.70711,0.00000,0.00000,-0.70711,0.86700,0.00000,-0.00000
28220000000,5.25000,19.48268,0.02073,0.70711,0.00000,0.00000,-0.70711,0.87030,0.00000,-0.00000
28240000000,5.25000,19.46497,0.02073,0.70711,0.00000,0.00000,-0.70711,0.88800,0.00000,-0.00000
28260000000,5.25000,19.44692,0.02073,0.70711,0.00000,0.00000,-0.70711,0.90450,0.00000,-0.00000
28280000000,5.25000,19.42852,0.02073,0.70711,0.00000,0.00000,-0.70711,0.92550,0.00000,-0.00000
28300000000,5.25000,19.40980,0.02073,0.70711,0.00000,0.00000,-0.70711,0.94200,0.00000,-0.00000
28320000000,5.25000,19.39079,0.02073,0.70711,0.00000,0.00000,-0.70711,0.95550,0.00000,-0.00000
28340000000,5.25000,19.37141,0.02073,0.70711,0.00000,0.00000,-0.70711,0.97500,0.00000,-0.00000
28360000000,5.25000,19.35175,0.02073,0.70711,0.00000,0.00000,-0.70711,0.98970,0.00000,-0.00000
28380000000,5.25000,19.33195,0.02073,0.70711,0.00000,0.00000,-0.70711,0.99000,0.00000,-0.00000
28400000000,5.25000,19.31186,0.02073,0.70711,0.00000,0.00000,-0.70711,1.00950,0.00000,-0.00000
28420000000,5.25000,19.29133,0.02073,0.70711,0.00000,0.00000,-0.70711,1.03320,0.00000,-0.00000
28440000000,5.25000,19.27048,0.02073,0.70711,0.00000,0.00000,-0.70711,1.04910,0.00000,-0.00000
28460000000,5.25000,19.24947,0.02073,0.70711,0.00000,0.00000,-0.70711,1.05030,0.00000,-0.00000
28480000000,5.25000,19.22816,0.02073,0.70711,0.00000,0.00000,-0.70711,1.06800,0.00000,-0.00000
28500000000,5.25000,19.20646,0.02073,0.70711,0.00000,0.00000,-0.70711,1.09050,0.00000,-0.00000
28520000000,5.25000,19.18438,0.02073,0.70711,0.00000,0.00000,-0.70711,1.11000,0.00000,-0.00000
28540000000,5.25000,19.16217,0.02073,0.70711,0.00000,0.00000,-0.70711,1.11090,0.00000,-0.00000
28560000000,5.25000,19.13966,0.02073,0.70711,0.00000,0.00000,-0.70711,1.12680,0.00000,-0.00000
28580000000,5.25000,19.11674,0.02073,0.70711,0.00000,0.00000,-0.70711,1.15200,0.00000,-0.00000
28600000000,5.25000,19.09364,0.02073,0.70711,0.00000,0.00000,-0.70711,1.15530,0.00000,-0.00000
28620000000,5.25000,19.07021,0.02073,0.70711,0.00000,0.00000,-0.70711,1.17450,0.00000,-0.00000
28640000000,5.25000,19.04651,0.02073,0.70711,0.00000,0.00000,-0.70711,1.18500,0.00000,-0.00000
28660000000,5.25000,19.02265,0.02073,0.70711,0.00000,0.00000,-0.70711,1.20150,0.00000,0.00000
28680000000,5.25000,18.99835,0.02073,0.70711,0.00000,0.00000,-0.70711,1.21500,0.00000,-0.00000
28700000000,5.25000,18.97376,0.02073,0.70711,0.00000,0.00000,-0.70711,1.24050,0.00000,-0.00000
28720000000,5.25000,18.94879,0.02073,0.70711,0.00000,0.00000,-0.70711,1.25250,0.00000,-0.00000
28740000000,5.25000,18.92358,0.02073,0.70711,0.00000,0.00000,-0.70711,1.26030,0.00000,-0.00000
28760000000,5.25000,18.89800,0.02073,0.70711,0.00000,0.00000,-0.70711,1.28550,0.00000,-0.00000
28780000000,5.25000,18.87214,0.02073,0.70711,0.00000,0.00000,-0.70711,1.29600,0.00000,-0.00000
28800000000,5.25000,18.84603,0.02073,0.70711,0.00000,0.00000,-0.70711,1.30530,0.00000,-0.00000
28820000000,5.25000,18.81946,0.02073,0.70711,0.00000,0.00000,-0.70711,1.33500,0.00000,-0.00000
28840000000,5.25000,18.79262,0.02073,0.70711,0.00000,0.00000,-0.70711,1.34820,0.00000,-0.00000
28860000000,5.25000,18.76562,0.02073,0.70711,0.00000,0.00000,-0.70711,1.35000,0.00000,-0.00000
28880000000,5.25000,18.73832,0.02073,0.70711,0.00000,0.00000,-0.70711,1.36800,0.00000,-0.00000
28900000000,5.25000,18.71060,0.02073,0.70711,0.00000,0.00000,-0.70711,1.39200,0.00000,-0.00000
28920000000,5.25000,18.68248,0.02073,0.70711,0.00000,0.00000,-0.70711,1.41000,0.00000,-0.00000
28940000000,5.25000,18.65427,0.02073,0.70711,0.00000,0.00000,-0.70711,1.41090,0.00000,-0.00000
28960000000,5.24999,18.62578,0.02073,0.70711,0.00000,0.00000,-0.70711,1.42500,0.00000,-0.00000
28980000000,5.24999,18.59702,0.02073,0.70711,0.00000,0.00000,-0.70711,1.44000,0.00000,-0.00000
29000000000,5.24999,18.56794,0.02073,0.70711,0.00000,0.00000,-0.70711,1.45950,0.00000,-0.00000
29020000000,5.24999,18.53840,0.02073,0.70711,0.00000,0.00000,-0.70711,1.48320,0.00000,-0.00000
29040000000,5.24999,18.50870,0.02073,0.70711,0.00000,0.00000,-0.70711,1.48500,0.00000,-0.00000
29060000000,5.24999,18.47881,0.02073,0.70711,0.00000,0.00000,-0.70711,1.50000,0.00000,-0.00000
29080000000,5.24999,18.44881,0.02073,0.70711,0.00000,0.00000,-0.70711,1.50000,0.00000,-0.00000
29100000000,5.24999,18.41881,0.02073,0.70711,0.00000,0.00000,-0.70711,1.50000,0.00000,-0.00000
29120000000,5.24999,18.38881,0.02073,0.70711,0.00000,0.00000,-0.70711,1.50000,0.00000,-0.00000
29140000000,5.24999,18.35881,0.02073,0.70711,0.00000,0.00000,-0.70711,1.50000,0.00000,-0.00000
29160000000,5.24999,18.32881,0.02073,0.70711,0.00000,0.00000,-0.70711,1.50000,0.00000,-0.00000
29180000000,5.24999,18.29881,0.02073,0.70711,0.00000,0.00000,-0.70711,1.50000,0.00000,-0.00000
29200000000,5.24999,18.26881,0.02073,0.70711,0.00000,0.00000,-0.70711,1.50000,0.00000,-0.00000
29220000000,5.24999,18.23881,0.02073,0.70711,0.00000,0.00000,-0.70711,1.50000,0.00000,0.00000
29240000000,5.24999,18.20881,0.02073,0.70711,0.00000,0.00000,-0.70711,1.50000,0.00000,0.00000
29260000000,5.24999,18.17881,0.02073,0.70711,0.00000,0.00000,-0.70711,1.50000,0.00000,0.00000
29280000000,5.24999,18.14881,0.02073,0.70711,0.00000,0.00000,-0.70711,1.50000,0.00000,0.00000
29300000000,5.24999,18.11881,0.02073,0.70711,0.00000,0.00000,-0.70711,1.50000,0.00000,0.00000
29320000000,5.24999,18.08881,0.02073,0.70711,0.00000,0.00000,-0.70711,1.50000,0.00000,0.00000
29340000000,5.24999,18.05881,0.02073,0.70711,0.00000,0.00000,-0.70711,1.50000,0.00000,0.00000
29360000000,5.24999,18.02881,0.02073,0.70711,0.00000,0.00000,-0.70711,1.50000,0.00000,0.00000
29380000000,5.24999,17.99881,0.02073,0.70711,0.00000,0.00000,-0.70711,1.50000,0.00000,0.00000
29400000000,5.24999,17.96881,0.02073,0.70711,0.00000,0.00000,-0.70711,1.50000,0.00000,0.00000
29420000000,5.24999,17.93881,0.02073,0.70711,0.00000,0.00000,-0.70711,1.50000,0.00000,0.00000
29440000000,5.24999,17.90881,0.02073,0.70711,0.00000,0.00000,-0.70711,1.50000,0.00000,0.00000
29460000000,5.24999,17.87881,0.02073,0.70711,0.00000,0.00000,-0.70711,1.50000,0.00000,0.00000
29480000000,5.24999,17.84881,0.02073,0.70711,0.00000,0.00000,-0.70711,1.50000,0.00000,0.00000
29500000000,5.24999,17.81881,0.02073,0.70711,0.00000,0.00000,-0.70711,1.50000,0.00000,0.00000
29520000000,5.24999,17.78881,0.02073,0.70711,0.00000,0.00000,-0.70711,1.50000,0.00000,0.00000
29540000000,5.24999,17.75881,0.02073,0.70711,0.00000,0.00000,-0.70711,1.50000,0.00000,0.00000
29560000000,5.24999,17.72881,0.02073,0.70711,0.00000,0.00000,-0.70711,1.50000,0.00000,0.00000
29580000000,5.24999,17.69881,0.02073,0.70711,0.00000,0.00000,-0.70711,1.50000,0.00000,0.00000
29600000000,5.24999,17.66881,0.02073,0.70711,0.00000,0.00000,-0.70711,1.50000,0.00000,0.00000
29620000000,5.24999,17.63881,0.02073,0.70711,0.00000,0.00000,-0.70711,1.50000,0.00000,0.00000
29640000000,5.24999,17.60881,0.02073,0.70711,0.00000,0.00000,-0.70711,1.50000,0.00000,0.00000
29660000000,5.24999,17.57881,0.02073,0.70711,0.00000,0.00000,-0.70711,1.50000,0.00000,0.00000
29680000000,5.24999,17.54881,0.02073,0.70711,0.00000,0.00000,-0.70711,1.50000,0.00000,0.00000
29700000000,5.24999,17.51881,0.02073,0.70711,0.00000,0.00000,-0.70711,1.50000,0.00000,0.00000
29720000000,5.24999,17.48881,0.02073,0.70711,0.00000,0.00000,-0.70711,1.50000,0.00000,0.00000
29740000000,5.24999,17.45881,0.02073,0.70711,0.00000,0.00000,-0.70711,1.50000,0.00000,0.00000
29760000000,5.24999,17.42881,0.02073,0.70711,0.00000,0.00000,-0.70711,1.50000,0.00000,0.00000
29780000000,5.24999,17.39881,0.02073,0.70711,0.00000,0.00000,-0.70711,1.50000,0.00000,0.00000
29800000000,5.24999,17.36881,0.02073,0.70711,0.00000,0.00000,-0.70711,1.50000,0.00000,0.00000
29820000000,5.24999,17.33881,0.02073,0.70711,0.00000,0.00000,-0.70711,1.50000,0.00000,0.00000
29840000000,5.24999,17.30881,0.02073,0.70711,0.00000,0.00000,-0.70711,1.50000,0.00000,0.00000
29860000000,5.24999,17.27881,0.02073,0.70711,0.00000,0.00000,-0.70711,1.50000,0.00000,0.00000
29880000000,5.24999,17.24881,0.02073,0.70711,0.00000,0.00000,-0.70711,1.50000,0.00000,0.00000
29900000000,5.24999,17.21881,0.02073,0.70711,0.00000,0.00000,-0.70711,1.50000,0.00000,0.00000
29920000000,5.24999,17.18881,0.02073,0.70711,0.00000,0.00000,-0.70711,1.50000,0.00000,0.00000
29940000000,5.24999,17.15881,0.02073,0.70711,0.00000,0.00000,-0.70711,1.50000,0.00000,0.00000
29960000000,5.24999,17.12881,0.02073,0.70711,0.00000,0.00000,-0.70711,1.50000,0.00000,0.00000
29980000000,5.24999,17.09881,0.02073,0.70711,0.00000,0.00000,-0.70711,1.50000,0.00000,0.00000
30000000000,5.24999,17.06881,0.02073,0.70711,0.00000,0.00000,-0.70711,1.50000,0.00000,0.00000
30020000000,5.24999,17.03881,0.02073,0.70711,0.00000,0.00000,-0.70711,1.50000,0.00000,0.00000
30040000000,5.24999,17.00881,0.02073,0.70711,0.00000,0.00000,-0.70711,1.50000,0.00000,0.00000
30060000000,5.24999,16.97881,0.02073,0.70711,0.00000,0.00000,-0.70711,1.50000,0.00000,0.00000
30080000000,5.24999,16.94881,0.02073,0.70711,0.00000,0.00000,-0.70711,1.50000,0.00000,0.00000
30100000000,5.24999,16.91881,0.02073,0.70711,0.00000,0.00000,-0.70711,1.50000,0.00000,0.00000
30120000000,5.24999,16.88881,0.02073,0.70711,0.00000,0.00000,-0.70711,1.50000,0.00000,0.00000
30140000000,5.24999,16.85881,0.02073,0.70711,0.00000,0.00000,-0.70711,1.50000,0.00000,0.00000
30160000000,5.24999,16.82881,0.02073,0.70711,0.00000,0.00000,-0.70711,1.50000,0.00000,0.00000
30180000000,5.24999,16.79881,0.02073,0.70711,0.00000,0.00000,-0.70711,1.50000,0.00000,0.00000
30200000000,5.24999,16.76881,0.02073,0.70711,0.00000,0.00000,-0.70711,1.50000,0.00000,0.00000
30220000000,5.24999,16.73881,0.02073,0.70711,0.00000,0.00000,-0.70711,1.50000,0.00000,0.00000
30240000000,5.24999,16.70881,0.02073,0.70711,0.00000,0.00000,-0.70711,1.50000,0.00000,0.00000
30260000000,5.24999,16.67881,0.02073,0.70711,0.00000,0.00000,-0.70711,1.50000,0.00000,0.00000
30280000000,5.24999,16.64881,0.02073,0.70711,0.00000,0.00000,-0.70711,1.50000,0.00000,0.00000
30300000000,5.24999,16.61881,0.02073,0.70711,0.00000,0.00000,-0.70711,1.50000,0.00000,0.00000
30320000000,5.24999,16.58881,0.02073,0.70711,0.00000,0.00000,-0.70711,1.50000,0.00000,0.00000
30340000000,5.24999,16.55881,0.02073,0.70711,0.00000,0.00000,-0.70711,1.50000,0.00000,0.00000
30360000000,5.24999,16.52881,0.02073,0.70711,0.00000,0.00000,-0.70711,1.50000,0.00000,0.00000
30380000000,5.24999,16.49881,0.02073,0.70711,0.00000,0.00000,-0.70711,1.50000,0.00000,0.00000
30400000000,5.24999,16.46881,0.02073,0.70711,0.00000,0.00000,-0.70711,1.50000,0.00000,0.00000
30420000000,5.24999,16.43881,0.02073,0.70711,0.00000,0.00000,-0.70711,1.50000,0.00000,0.00000
30440000000,5.24999,16.40881,0.02073,0.70711,0.00000,0.00000,-0.70711,1.50000,0.00000,0.00000
30460000000,5.24999,16.37881,0.02073,0.70711,0.00000,0.00000,-0.70711,1.50000,0.00000,0.00000
30480000000,5.24999,16.34881,0.02073,0.70711,0.00000,0.00000,-0.70711,1.50000,0.00000,0.00000
30500000000,5.24999,16.31881,0.02073,0.70711,0.00000,0.00000,-0.70711,1.50000,0.00000,0.00000
30520000000,5.24999,16.28881,0.02073,0.70711,0.00000,0.00000,-0.70711,1.50000,0.00000,0.00000
30540000000,5.24999,16.25881,0.02073,0.70711,0.00000,0.00000,-0.70711,1.50000,0.00000,0.00000
30560000000,5.24999,16.22881,0.02073,0.70711,0.00000,0.00000,-0.70711,1.50000,0.00000,0.00000
30580000000,5.24999,16.19881,0.02073,0.70711,0.00000,0.00000,-0.70711,1.50000,0.00000,0.00000
30600000000,5.24999,16.16881,0.02073,0.70711,0.00000,0.00000,-0.70711,1.50000,0.00000,0.00000
30620000000,5.24999,16.13881,0.02073,0.70711,0.00000,0.00000,-0.70711,1.50000,0.00000,0.00000
30640000000,5.24999,16.10881,0.02073,0.70711,0.00000,0.00000,-0.70711,1.50000,0.00000,0.00000
30660000000,5.24999,16.07881,0.02073,0.70711,0.00000,0.00000,-0.70711,1.50000,0.00000,0.00000
30680000000,5.24999,16.04881,0.02073,0.70711,0.00000,0.00000,-0.70711,1.50000,0.00000,0.00000
30700000000,5.24999,16.01881,0.02073,0.70711,0.00000,0.00000,-0.70711,1.50000,0.00000,0.00000
30720000000,5.24999,15.98881,0.02073,0.70711,0.00000,0.00000,-0.70711,1.50000,0.00000,0.00000
30740000000,5.24999,15.95881,0.02073,0.70711,0.00000,0.00000,-0.70711,1.50000,0.00000,0.00000
30760000000,5.24999,15.92881,0.02073,0.70711,0.00000,0.00000,-0.70711,1.50000,0.00000,0.00000
30780000000,5.24998,15.89881,0.02073,0.70711,0.00000,0.00000,-0.70711,1.50000,0.00000,0.00000
30800000000,5.24998,15.86881,0.02073,0.70711,0.00000,0.00000,-0.70711,1.50000,0.00000,0.00000
30820000000,5.24998,15.83881,0.02073,0.70711,0.00000,0.00000,-0.70711,1.50000,0.00000,0.00000
30840000000,5.24998,15.80881,0.02073,0.70711,0.00000,0.00000,-0.70711,1.50000,0.00000,0.00000
30860000000,5.24998,15.77881,0.02073,0.70711,0.00000,0.00000,-0.70711,1.50000,0.00000,0.00000
30880000000,5.24998,15.74881,0.02073,0.70711,0.00000,0.00000,-0.70711,1.50000,0.00000,0.00000
30900000000,5.24998,15.71881,0.02073,0.70711,0.00000,0.00000,-0.70711,1.50000,0.00000,0.00000
30920000000,5.24998,15.68881,0.02073,0.70711,0.00000,0.00000,-0.70711,1.50000,0.00000,0.00000
30940000000,5.24998,15.65881,0.02073,0.70711,0.00000,0.00000,-0.70711,1.50000,0.00000,0.00000
30960000000,5.24998,15.62881,0.02073,0.70711,0.00000,0.00000,-0.70711,1.50000,0.00000,0.00000
30980000000,5.24998,15.59881,0.02073,0.70711,0.00000,0.00000,-0.70711,1.50000,0.00000,0.00000
31000000000,5.24998,15.56881,0.02073,0.70711,0.00000,0.00000,-0.70711,1.50000,0.00000,0.00000
31020000000,5.24998,15.53881,0.02073,0.70711,0.00000,0.00000,-0.70711,1.50000,0.00000,0.00000
31040000000,5.24998,15.50881,0.02073,0.70711,0.00000,0.00000,-0.70711,1.50000,0.00000,0.00000
31060000000,5.24998,15.47881,0.02073,0.70711,0.00000,0.00000,-0.70711,1.50000,0.00000,0.00000
31080000000,5.24998,15.44881,0.02073,0.70711,0.00000,0.00000,-0.70711,1.50000,0.00000,0.00000
31100000000,5.24998,15.41881,0.02073,0.70711,0.00000,0.00000,-0.70711,1.50000,0.00000,0.00000
31120000000,5.24998,15.38881,0.02073,0.70711,0.00000,0.00000,-0.70711,1.50000,0.00000,0.00000
31140000000,5.24998,15.35881,0.02073,0.70711,0.00000,0.00000,-0.70711,1.50000,0.00000,0.00000
31160000000,5.24998,15.32881,0.02073,0.70711,0.00000,0.00000,-0.70711,1.50000,0.00000,0.00000
31180000000,5.24998,15.29881,0.02073,0.70711,0.00000,0.00000,-0.70711,1.50000,0.00000,0.00000
31200000000,5.24998,15.26881,0.02073,0.70711,0.00000,0.00000,-0.70711,1.50000,0.00000,0.00000
31220000000,5.24998,15.23881,0.02073,0.70711,0.00000,0.00000,-0.70711,1.50000,0.00000,0.00000
31240000000,5.24998,15.20881,0.02073,0.70711,0.00000,0.00000,-0.70711,1.50000,0.00000,0.00000
31260000000,5.24998,15.17881,0.02073,0.70711,0.00000,0.00000,-0.70711,1.50000,0.00000,0.00000
31280000000,5.24998,15.14881,0.02073,0.70711,0.00000,0.00000,-0.70711,1.50000,0.00000,0.00000
31300000000,5.24998,15.11881,0.02073,0.70711,0.00000,0.00000,-0.70711,1.50000,0.00000,0.00000
31320000000,5.24998,15.08881,0.02073,0.70711,0.00000,0.00000,-0.70711,1.50000,0.00000,0.00000
31340000000,5.24998,15.05881,0.02073,0.70711,0.00000,0.00000,-0.70711,1.50000,0.00000,0.00000
31360000000,5.24998,15.02881,0.02073,0.70711,0.00000,0.00000,-0.70711,1.50000,0.00000,0.00000
31380000000,5.24998,14.99881,0.02073,0.70711,0.00000,0.00000,-0.70711,1.50000,0.00000,0.00000
31400000000,5.24998,14.96881,0.02073,0.70711,0.00000,0.00000,-0.70711,1.50000,0.00000,0.00000
31420000000,5.24998,14.93881,0.02073,0.70711,0.00000,0.00000,-0.70711,1.50000,0.00000,0.00000
31440000000,5.24998,14.90881,0.02073,0.70711,0.00000,0.00000,-0.70711,1.50000,0.00000,0.00000
31460000000,5.24998,14.87881,0.02073,0.70711,0.00000,0.00000,-0.70711,1.50000,0.00000,0.00000
31480000000,5.24998,14.84881,0.02073,0.70711,0.00000,0.00000,-0.70711,1.50000,0.00000,0.00000
31500000000,5.24998,14.81881,0.02073,0.70711,0.00000,0.00000,-0.70711,1.50000,0.00000,0.00000
31520000000,5.24998,14.78881,0.02073,0.70711,0.00000,0.00000,-0.70711,1.50000,0.00000,0.00000
31540000000,5.24998,14.75881,0.02073,0.70711,0.00000,0.00000,-0.70711,1.50000,0.00000,0.00000
31560000000,5.24998,14.72881,0.02073,0.70711,0.00000,0.00000,-0.70711,1.50000,0.00000,0.00000
31580000000,5.24998,14.69881,0.02073,0.70711,0.00000,0.00000,-0.70711,1.50000,0.00000,0.00000
31600000000,5.24998,14.66881,0.02073,0.70711,0.00000,0.00000,-0.70711,1.50000,0.00000,0.00000
31620000000,5.24998,14.63881,0.02073,0.70711,0.00000,0.00000,-0.70711,1.50000,0.00000,0.00000
31640000000,5.24998,14.60881,0.02073,0.70711,0.00000,0.00000,-0.70711,1.50000,0.00000,0.00000
31660000000,5.24998,14.57881,0.02073,0.70711,0.00000,0.00000,-0.70711,1.50000,0.00000,0.00000
31680000000,5.24998,14.54881,0.02073,0.70711,0.00000,0.00000,-0.70711,1.50000,0.00000,0.00000
31700000000,5.24998,14.51881,0.02073,0.70711,0.00000,0.00000,-0.70711,1.50000,0.00000,0.00000
31720000000,5.24998,14.48881,0.02073,0.70711,0.00000,0.00000,-0.70711,1.50000,0.00000,0.00000
31740000000,5.24998,14.45881,0.02073,0.70711,0.00000,0.00000,-0.70711,1.50000,0.00000,0.00000
31760000000,5.24998,14.42881,0.02073,0.70711,0.00000,0.00000,-0.70711,1.50000,0.00000,0.00000
31780000000,5.24998,14.39881,0.02073,0.70711,0.00000,0.00000,-0.70711,1.50000,0.00000,0.00000
31800000000,5.24998,14.36881,0.02073,0.70711,0.00000,0.00000,-0.70711,1.50000,0.00000,0.00000
31820000000,5.24998,14.33881,0.02073,0.70711,0.00000,0.00000,-0.70711,1.50000,0.00000,0.00000
31840000000,5.24998,14.30881,0.02073,0.70711,0.00000,0.00000,-0.70711,1.50000,0.00000,0.00000
31860000000,5.24998,14.27881,0.02073,0.70711,0.00000,0.00000,-0.70711,1.50000,0.00000,0.00000
31880000000,5.24998,14.24881,0.02073,0.70711,0.00000,0.00000,-0.70711,1.50000,0.00000,0.00000
31900000000,5.24998,14.21881,0.02073,0.70711,0.00000,0.00000,-0.70711,1.50000,0.00000,0.00000
31920000000,5.24998,14.18881,0.02073,0.70711,0.00000,0.00000,-0.70711,1.50000,0.00000,0.00000
31940000000,5.24998,14.15881,0.02073,0.70711,0.00000,0.00000,-0.70711,1.50000,0.00000,0.00000
31960000000,5.24998,14.12881,0.02073,0.70711,0.00000,0.00000,-0.70711,1.50000,0.00000,0.00000
31980000000,5.24998,14.09881,0.02073,0.70711,0.00000,0.00000,-0.70711,1.50000,0.00000,0.00000
32000000000,5.24998,14.06881,0.02073,0.70711,0.00000,0.00000,-0.70711,1.50000,0.00000,0.00000
32020000000,5.24998,14.03881,0.02073,0.70711,0.00000,0.00000,-0.70711,1.50000,0.00000,0.00000
32040000000,5.24998,14.00881,0.02073,0.70711,0.00000,0.00000,-0.70711,1.50000,0.00000,0.00000
32060000000,5.24998,13.97881,0.02073,0.70711,0.00000,0.00000,-0.70711,1.50000,0.00000,0.00000
32080000000,5.24998,13.94881,0.02073,0.70711,0.00000,0.00000,-0.70711,1.50000,0.00000,0.00000
32100000000,5.24998,13.91881,0.02073,0.70711,0.00000,0.00000,-0.70711,1.50000,0.00000,0.00000
32120000000,5.24998,13.88881,0.02073,0.70711,0.00000,0.00000,-0.70711,1.50000,0.00000,0.00000
32140000000,5.24998,13.85881,0.02073,0.70711,0.00000,0.00000,-0.70711,1.50000,0.00000,0.00000
32160000000,5.24998,13.82881,0.02073,0.70711,0.00000,0.00000,-0.70711,1.50000,0.00000,0.00000
32180000000,5.24998,13.79881,0.02073,0.70711,0.00000,0.00000,-0.70711,1.50000,0.00000,0.00000
32200000000,5.24998,13.76881,0.02073,0.70711,0.00000,0.00000,-0.70711,1.50000,0.00000,0.00000
32220000000,5.24998,13.73881,0.02073,0.70711,0.00000,0.00000,-0.70711,1.50000,0.00000,0.00000
32240000000,5.24998,13.70881,0.02073,0.70711,0.00000,0.00000,-0.70711,1.50000,0.00000,0.00000
32260000000,5.24998,13.67881,0.02073,0.70711,0.00000,0.00000,-0.70711,1.50000,0.00000,0.00000
32280000000,5.24998,13.64881,0.02073,0.70711,0.00000,0.00000,-0.70711,1.50000,0.00000,0.00000
32300000000,5.24998,13.61881,0.02073,0.70711,0.00000,0.00000,-0.70711,1.50000,0.00000,0.00000
32320000000,5.24998,13.58881,0.02073,0.70711,0.00000,0.00000,-0.70711,1.50000,0.00000,0.00000
32340000000,5.24998,13.55881,0.02073,0.70711,0.00000,0.00000,-0.70711,1.50000,0.00000,0.00000
32360000000,5.24998,13.52881,0.02073,0.70711,0.00000,0.00000,-0.70711,1.50000,0.00000,0.00000
32380000000,5.24998,13.49881,0.02073,0.70711,0.00000,0.00000,-0.70711,1.50000,0.00000,0.00000
32400000000,5.24998,13.46881,0.02073,0.70711,0.00000,0.00000,-0.70711,1.50000,0.00000,0.00000
32420000000,5.24998,13.43881,0.02073,0.70711,0.00000,0.00000,-0.70711,1.50000,0.00000,0.00000
32440000000,5.24998,13.40881,0.02073,0.70711,0.00000,0.00000,-0.70711,1.50000,0.00000,0.00000
32460000000,5.24998,13.37881,0.02073,0.70711,0.00000,0.00000,-0.70711,1.50000,0.00000,0.00000
32480000000,5.24998,13.34881,0.02073,0.70711,0.00000,0.00000,-0.70711,1.50000,0.00000,0.00000
32500000000,5.24998,13.31881,0.02073,0.70711,0.00000,0.00000,-0.70711,1.50000,0.00000,0.00000
32520000000,5.24998,13.28881,0.02073,0.70711,0.00000,0.00000,-0.70711,1.50000,0.00000,0.00000
32540000000,5.24998,13.25881,0.02073,0.70711,0.00000,0.00000,-0.70711,1.50000,0.00000,0.00000
32560000000,5.24998,13.22881,0.02073,0.70711,0.00000,0.00000,-0.70711,1.50000,0.00000,0.00000
32580000000,5.24998,13.19881,0.02073,0.70711,0.00000,0.00000,-0.70711,1.50000,0.00000,0.00000
32600000000,5.24997,13.16881,0.02073,0.70711,0.00000,0.00000,-0.70711,1.50000,0.00000,0.00000
32620000000,5.24997,13.13881,0.02073,0.70711,0.00000,0.00000,-0.70711,1.50000,0.00000,0.00000
32640000000,5.24997,13.10881,0.02073,0.70711,0.00000,0.00000,-0.70711,1.50000,0.00000,0.00000
32660000000,5.24997,13.07881,0.02073,0.70711,0.00000,0.00000,-0.70711,1.50000,0.00000,0.00000
32680000000,5.24997,13.04881,0.02073,0.70711,0.00000,0.00000,-0.70711,1.50000,0.00000,0.00000
32700000000,5.24997,13.01881,0.02073,0.70711,0.00000,0.00000,-0.70711,1.50000,0.00000,0.00000
32720000000,5.24997,12.98881,0.02073,0.70711,0.00000,0.00000,-0.70711,1.50000,0.00000,0.00000
32740000000,5.24997,12.95881,0.02073,0.70711,0.00000,0.00000,-0.70711,1.50000,0.00000,0.00000
32760000000,5.24997,12.92881,0.02073,0.70711,0.00000,0.00000,-0.70711,1.50000,0.00000,0.00000
32780000000,5.24997,12.89881,0.02073,0.70711,0.00000,0.00000,-0.70711,1.50000,0.00000,0.00000
32800000000,5.24997,12.86881,0.02073,0.70711,0.00000,0.00000,-0.70711,1.50000,0.00000,0.00000
32820000000,5.24997,12.83881,0.02073,0.70711,0.00000,0.00000,-0.70711,1.50000,0.00000,0.00000
32840000000,5.24997,12.80881,0.02073,0.70711,0.00000,0.00000,-0.70711,1.50000,0.00000,0.00000
32860000000,5.24997,12.77881,0.02073,0.70711,0.00000,0.00000,-0.70711,1.50000,0.00000,0.00000
32880000000,5.24997,12.74881,0.02073,0.70711,0.00000,0.00000,-0.70711,1.50000,0.00000,0.00000
32900000000,5.24997,12.71881,0.02073,0.70711,0.00000,0.00000,-0.70711,1.50000,0.00000,0.00000
32920000000,5.24997,12.68881,0.02073,0.70711,0.00000,0.00000,-0.70711,1.50000,0.00000,0.00000
32940000000,5.24997,12.65881,0.02073,0.70711,0.00000,0.00000,-0.70711,1.50000,0.00000,0.00000
32960000000,5.24997,12.62881,0.02073,0.70711,0.00000,0.00000,-0.70711,1.50000,0.00000,0.00000
32980000000,5.24997,12.59881,0.02073,0.70711,0.00000,0.00000,-0.70711,1.50000,0.00000,0.00000
33000000000,5.24997,12.56881,0.02073,0.70711,0.00000,0.00000,-0.70711,1.50000,0.00000,0.00000
33020000000,5.24997,12.53881,0.02073,0.70711,0.00000,0.00000,-0.70711,1.50000,0.00000,0.00000
33040000000,5.24997,12.50881,0.02073,0.70711,0.00000,0.00000,-0.70711,1.50000,0.00000,0.00000
33060000000,5.24997,12.47881,0.02073,0.70711,0.00000,0.00000,-0.70711,1.50000,0.00000,0.00000
33080000000,5.24997,12.44881,0.02073,0.70711,0.00000,0.00000,-0.70711,1.50000,0.00000,0.00000
33100000000,5.24997,12.41881,0.02073,0.70711,0.00000,0.00000,-0.70711,1.50000,0.00000,0.00000
33120000000,5.24997,12.38881,0.02073,0.70711,0.00000,0.00000,-0.70711,1.50000,0.00000,0.00000
33140000000,5.24997,12.35881,0.02073,0.70711,0.00000,0.00000,-0.70711,1.50000,0.00000,0.00000
33160000000,5.24997,12.32881,0.02073,0.70711,0.00000,0.00000,-0.70711,1.50000,0.00000,0.00000
33180000000,5.24997,12.29881,0.02073,0.70711,0.00000,0.00000,-0.70711,1.50000,0.00000,0.00000
33200000000,5.24997,12.26881,0.02073,0.70711,0.00000,0.00000,-0.70711,1.50000,0.00000,0.00000
33220000000,5.24997,12.23881,0.02073,0.70711,0.00000,0.00000,-0.70711,1.50000,0.00000,0.00000
33240000000,5.24997,12.20881,0.02073,0.70711,0.00000,0.00000,-0.70711,1.50000,0.00000,0.00000
33260000000,5.24997,12.17881,0.02073,0.70711,0.00000,0.00000,-0.70711,1.50000,0.00000,0.00000
33280000000,5.24997,12.14881,0.02073,0.70711,0.00000,0.00000,-0.70711,1.50000,0.00000,0.00000
33300000000,5.24997,12.11881,0.02073,0.70711,0.00000,0.00000,-0.70711,1.50000,0.00000,0.00000
33320000000,5.24997,12.08881,0.02073,0.70711,0.00000,0.00000,-0.70711,1.50000,0.00000,0.00000
33340000000,5.24997,12.05881,0.02073,0.70711,0.00000,0.00000,-0.70711,1.50000,0.00000,0.00000
33360000000,5.24997,12.02881,0.02073,0.70711,0.00000,0.00000,-0.70711,1.50000,0.00000,0.00000
33380000000,5.24997,11.99881,0.02073,0.70711,0.00000,0.00000,-0.70711,1.50000,0.00000,0.00000
33400000000,5.24997,11.96881,0.02073,0.70711,0.00000,0.00000,-0.70711,1.50000,0.00000,0.00000
33420000000,5.24997,11.93881,0.02073,0.70711,0.00000,0.00000,-0.70711,1.50000,0.00000,0.00000
33440000000,5.24997,11.90881,0.02073,0.70711,0.00000,0.00000,-0.70711,1.50000,0.00000,0.00000
33460000000,5.24997,11.87881,0.02073,0.70711,0.00000,0.00000,-0.70711,1.50000,0.00000,0.00000
33480000000,5.24997,11.84881,0.02073,0.70711,0.00000,0.00000,-0.70711,1.50000,0.00000,0.00000
33500000000,5.24997,11.81881,0.02073,0.70711,0.00000,0.00000,-0.70711,1.50000,0.00000,0.00000
33520000000,5.24997,11.78881,0.02073,0.70711,0.00000,0.00000,-0.70711,1.50000,0.00000,0.00000
33540000000,5.24997,11.75881,0.02073,0.70711,0.00000,0.00000,-0.70711,1.50000,0.00000,0.00000
33560000000,5.24997,11.72881,0.02073,0.70711,0.00000,0.00000,-0.70711,1.50000,0.00000,0.00000
33580000000,5.24997,11.69881,0.02073,0.70711,0.00000,0.00000,-0.70711,1.50000,0.00000,0.00000
33600000000,5.24997,11.66881,0.02073,0.70711,0.00000,0.00000,-0.70711,1.50000,0.00000,0.00000
33620000000,5.24997,11.63881,0.02073,0.70711,0.00000,0.00000,-0.70711,1.50000,0.00000,0.00000
33640000000,5.24997,11.60881,0.02073,0.70711,0.00000,0.00000,-0.70711,1.50000,0.00000,0.00000
33660000000,5.24997,11.57881,0.02073,0.70711,0.00000,0.00000,-0.70711,1.50000,0.00000,0.00000
33680000000,5.24997,11.54881,0.02073,0.70711,0.00000,0.00000,-0.70711,1.50000,0.00000,0.00000
33700000000,5.24997,11.51881,0.02073,0.70711,0.00000,0.00000,-0.70711,1.50000,0.00000,0.00000
33720000000,5.24997,11.48881,0.02073,0.70711,0.00000,0.00000,-0.70711,1.50000,0.00000,0.00000
33740000000,5.24997,11.45881,0.02073,0.70711,0.00000,0.00000,-0.70711,1.50000,0.00000,0.00000
33760000000,5.24997,11.42881,0.02073,0.70711,0.00000,0.00000,-0.70711,1.50000,0.00000,0.00000
33780000000,5.24997,11.39881,0.02073,0.70711,0.00000,0.00000,-0.70711,1.50000,0.00000,0.00000
33800000000,5.24997,11.36881,0.02073,0.70711,0.00000,0.00000,-0.70711,1.50000,0.00000,0.00000
33820000000,5.24997,11.33881,0.02073,0.70711,0.00000,0.00000,-0.70711,1.50000,0.00000,0.00000
33840000000,5.24997,11.30881,0.02073,0.70711,0.00000,0.00000,-0.70711,1.50000,0.00000,0.00000
33860000000,5.24997,11.27881,0.02073,0.70711,0.00000,0.00000,-0.70711,1.50000,0.00000,0.00000
33880000000,5.24997,11.24881,0.02073,0.70711,0.00000,0.00000,-0.70711,1.50000,0.00000,0.00000
33900000000,5.24997,11.21881,0.02073,0.70711,0.00000,0.00000,-0.70711,1.50000,0.00000,0.00000
33920000000,5.24997,11.18881,0.02073,0.70711,0.00000,0.00000,-0.70711,1.50000,0.00000,0.00000
33940000000,5.24997,11.15881,0.02073,0.70711,0.00000,0.00000,-0.70711,1.50000,0.00000,0.00000
33960000000,5.24997,11.12881,0.02073,0.70711,0.00000,0.00000,-0.70711,1.50000,0.00000,0.00000
33980000000,5.24997,11.09881,0.02073,0.70711,0.00000,0.00000,-0.70711,1.50000,0.00000,0.00000
34000000000,5.24997,11.06881,0.02073,0.70711,0.00000,0.00000,-0.70711,1.50000,0.00000,0.00000
34020000000,5.24997,11.03881,0.02073,0.70711,0.00000,0.00000,-0.70711,1.50000,0.00000,0.00000
34040000000,5.24997,11.00881,0.02073,0.70711,0.00000,0.00000,-0.70711,1.50000,0.00000,0.00000
34060000000,5.24997,10.97881,0.02073,0.70711,0.00000,0.00000,-0.70711,1.50000,0.00000,0.00000
34080000000,5.24997,10.94881,0.02073,0.70711,0.00000,0.00000,-0.70711,1.50000,0.00000,0.00000
34100000000,5.24997,10.91881,0.02073,0.70711,0.00000,0.00000,-0.70711,1.50000,0.00000,0.00000
34120000000,5.24997,10.88881,0.02073,0.70711,0.00000,0.00000,-0.70711,1.50000,0.00000,0.00000
34140000000,5.24997,10.85881,0.02073,0.70711,0.00000,0.00000,-0.70711,1.50000,0.00000,0.00000
34160000000,5.24997,10.82881,0.02073,0.70711,0.00000,0.00000,-0.70711,1.50000,0.00000,0.00000
34180000000,5.24997,10.79881,0.02073,0.70711,0.00000,0.00000,-0.70711,1.50000,0.00000,0.00000
34200000000,5.24997,10.76881,0.02073,0.70711,0.00000,0.00000,-0.70711,1.50000,0.00000,0.00000
34220000000,5.24997,10.73881,0.02073,0.70711,0.00000,0.00000,-0.70711,1.50000,0.00000,0.00000
34240000000,5.24997,10.70881,0.02073,0.70711,0.00000,0.00000,-0.70711,1.50000,0.00000,0.00000
34260000000,5.24997,10.67881,0.02073,0.70711,0.00000,0.00000,-0.70711,1.50000,0.00000,0.00000
34280000000,5.24997,10.64881,0.02073,0.70711,0.00000,0.00000,-0.70711,1.50000,0.00000,0.00000
34300000000,5.24997,10.61881,0.02073,0.70711,0.00000,0.00000,-0.70711,1.50000,0.00000,0.00000
34320000000,5.24997,10.58881,0.02073,0.70711,0.00000,0.00000,-0.70711,1.50000,0.00000,0.00000
34340000000,5.24997,10.55881,0.02073,0.70711,0.00000,0.00000,-0.70711,1.50000,0.00000,0.00000
34360000000,5.24997,10.52881,0.02073,0.70711,0.00000,0.00000,-0.70711,1.50000,0.00000,0.00000
34380000000,5.24997,10.49881,0.02073,0.70711,0.00000,0.00000,-0.70711,1.50000,0.00000,0.00000
34400000000,5.24996,10.46881,0.02073,0.70711,0.00000,0.00000,-0.70711,1.50000,0.00000,0.00000
34420000000,5.24996,10.43881,0.02073,0.70711,0.00000,0.00000,-0.70711,1.50000,0.00000,0.00000
34440000000,5.24996,10.40881,0.02073,0.70711,0.00000,0.00000,-0.70711,1.50000,0.00000,0.00000
34460000000,5.24996,10.37881,0.02073,0.70711,0.00000,0.00000,-0.70711,1.50000,0.00000,0.00000
34480000000,5.24996,10.34881,0.02073,0.70711,0.00000,0.00000,-0.70711,1.50000,0.00000,0.00000
34500000000,5.24996,10.31881,0.02073,0.70711,0.00000,0.00000,-0.70711,1.50000,0.00000,0.00000
34520000000,5.24996,10.28881,0.02073,0.70711,0.00000,0.00000,-0.70711,1.50000,0.00000,0.00000
34540000000,5.24996,10.25881,0.02073,0.70711,0.00000,0.00000,-0.70711,1.50000,0.00000,0.00000
34560000000,5.24996,10.22881,0.02073,0.70711,0.00000,0.00000,-0.70711,1.50000,0.00000,0.00000
34580000000,5.24996,10.19881,0.02073,0.70711,0.00000,0.00000,-0.70711,1.50000,0.00000,0.00000
34600000000,5.24996,10.16881,0.02073,0.70711,0.00000,0.00000,-0.70711,1.50000,0.00000,0.00000
34620000000,5.24996,10.13881,0.02073,0.70711,0.00000,0.00000,-0.70711,1.50000,0.00000,0.00000
34640000000,5.24996,10.10881,0.02073,0.70711,0.00000,0.00000,-0.70711,1.50000,0.00000,0.00000
34660000000,5.24996,10.07881,0.02073,0.70711,0.00000,0.00000,-0.70711,1.50000,0.00000,0.00000
34680000000,5.24996,10.04881,0.02073,0.70711,0.00000,0.00000,-0.70711,1.50000,0.00000,0.00000
34700000000,5.24996,10.01881,0.02073,0.70711,0.00000,0.00000,-0.70711,1.50000,0.00000,0.00000
34720000000,5.24996,9.98881,0.02073,0.70711,0.00000,0.00000,-0.70711,1.50000,0.00000,0.00000
34740000000,5.24996,9.95881,0.02073,0.70711,0.00000,0.00000,-0.70711,1.50000,0.00000,0.00000
34760000000,5.24996,9.92881,0.02073,0.70711,0.00000,0.00000,-0.70711,1.50000,0.00000,0.00000
34780000000,5.24996,9.89881,0.02073,0.70711,0.00000,0.00000,-0.70711,1.50000,0.00000,0.00000
34800000000,5.24996,9.86881,0.02073,0.70711,0.00000,0.00000,-0.70711,1.50000,0.00000,0.00000
34820000000,5.24996,9.83881,0.02073,0.70711,0.00000,0.00000,-0.70711,1.50000,0.00000,0.00000
34840000000,5.24996,9.80881,0.02073,0.70711,0.00000,0.00000,-0.70711,1.50000,0.00000,0.00000
34860000000,5.24996,9.77881,0.02073,0.70711,0.00000,0.00000,-0.70711,1.50000,0.00000,0.00000
34880000000,5.24996,9.74881,0.02073,0.70711,0.00000,0.00000,-0.70711,1.50000,0.00000,0.00000
34900000000,5.24996,9.71881,0.02073,0.70711,0.00000,0.00000,-0.70711,1.50000,0.00000,0.00000
34920000000,5.24996,9.68881,0.02073,0.70711,0.00000,0.00000,-0.70711,1.50000,0.00000,0.00000
34940000000,5.24996,9.65881,0.02073,0.70711,0.00000,0.00000,-0.70711,1.50000,0.00000,0.00000
34960000000,5.24996,9.62881,0.02073,0.70711,0.00000,0.00000,-0.70711,1.50000,0.00000,0.00000
34980000000,5.24996,9.59881,0.02073,0.70711,0.00000,0.00000,-0.70711,1.50000,0.00000,0.00000
35000000000,5.24996,9.56881,0.02073,0.70711,0.00000,0.00000,-0.70711,1.50000,0.00000,0.00000
35020000000,5.24996,9.53881,0.02073,0.70711,0.00000,0.00000,-0.70711,1.50000,0.00000,0.00000
35040000000,5.24996,9.50881,0.02073,0.70711,0.00000,0.00000,-0.70711,1.50000,0.00000,0.00000
35060000000,5.24996,9.47881,0.02073,0.70711,0.00000,0.00000,-0.70711,1.50000,0.00000,0.00000
35080000000,5.24996,9.44881,0.02073,0.70711,0.00000,0.00000,-0.70711,1.50000,0.00000,0.00000
35100000000,5.24996,9.41881,0.02073,0.70711,0.00000,0.00000,-0.70711,1.50000,0.00000,0.00000
35120000000,5.24996,9.38881,0.02073,0.70711,0.00000,0.00000,-0.70711,1.50000,0.00000,0.00000
35140000000,5.24996,9.35881,0.02073,0.70711,0.00000,0.00000,-0.70711,1.50000,0.00000,0.00000
35160000000,5.24996,9.32881,0.02073,0.70711,0.00000,0.00000,-0.70711,1.50000,0.00000,0.00000
35180000000,5.24996,9.29881,0.02073,0.70711,0.00000,0.00000,-0.70711,1.50000,0.00000,0.00000
35200000000,5.24996,9.26881,0.02073,0.70711,0.00000,0.00000,-0.70711,1.50000,0.00000,0.00000
35220000000,5.24996,9.23881,0.02073,0.70711,0.00000,0.00000,-0.70711,1.50000,0.00000,0.00000
35240000000,5.24996,9.20881,0.02073,0.70711,0.00000,0.00000,-0.70711,1.50000,0.00000,0.00000
35260000000,5.24996,9.17881,0.02073,0.70711,0.00000,0.00000,-0.70711,1.50000,0.00000,0.00000
35280000000,5.24996,9.14881,0.02073,0.70711,0.00000,0.00000,-0.70711,1.50000,0.00000,0.00000
35300000000,5.24996,9.11881,0.02073,0.70711,0.00000,0.00000,-0.70711,1.50000,0.00000,0.00000
35320000000,5.24996,9.08881,0.02073,0.70711,0.00000,0.00000,-0.70711,1.50000,0.00000,0.00000
35340000000,5.24996,9.05881,0.02073,0.70711,0.00000,0.00000,-0.70711,1.50000,0.00000,0.00000
35360000000,5.24996,9.02881,0.02073,0.70711,0.00000,0.00000,-0.70711,1.50000,0.00000,0.00000
35380000000,5.24996,8.99881,0.02073,0.70711,0.00000,0.00000,-0.70711,1.50000,0.00000,0.00000
35400000000,5.24996,8.96881,0.02073,0.70711,0.00000,0.00000,-0.70711,1.50000,0.00000,0.00000
35420000000,5.24996,8.93881,0.02073,0.70711,0.00000,0.00000,-0.70711,1.50000,0.00000,0.00000
35440000000,5.24996,8.90881,0.02073,0.70711,0.00000,0.00000,-0.70711,1.50000,0.00000,0.00000
35460000000,5.24996,8.87881,0.02073,0.70711,0.00000,0.00000,-0.70711,1.50000,0.00000,0.00000
35480000000,5.24996,8.84881,0.02073,0.70711,0.00000,0.00000,-0.70711,1.50000,0.00000,0.00000
35500000000,5.24996,8.81881,0.02073,0.70711,0.00000,0.00000,-0.70711,1.50000,0.00000,0.00000
35520000000,5.24996,8.78881,0.02073,0.70711,0.00000,0.00000,-0.70711,1.50000,0.00000,0.00000
35540000000,5.24996,8.75881,0.02073,0.70711,0.00000,0.00000,-0.70711,1.50000,0.00000,0.00000
35560000000,5.24996,8.72881,0.02073,0.70711,0.00000,0.00000,-0.70711,1.50000,0.00000,0.00000
35580000000,5.24996,8.69881,0.02073,0.70711,0.00000,0.00000,-0.70711,1.50000,0.00000,0.00000
35600000000,5.24996,8.66881,0.02073,0.70711,0.00000,0.00000,-0.70711,1.50000,0.00000,0.00000
35620000000,5.24996,8.63881,0.02073,0.70711,0.00000,0.00000,-0.70711,1.50000,0.00000,0.00000
35640000000,5.24996,8.60881,0.02073,0.70711,0.00000,0.00000,-0.70711,1.50000,0.00000,0.00000
35660000000,5.24996,8.57881,0.02073,0.70711,0.00000,0.00000,-0.70711,1.50000,0.00000,0.00000
35680000000,5.24996,8.54881,0.02073,0.70711,0.00000,0.00000,-0.70711,1.50000,0.00000,0.00000
35700000000,5.24996,8.51881,0.02073,0.70711,0.00000,0.00000,-0.70711,1.50000,0.00000,0.00000
35720000000,5.24996,8.48881,0.02073,0.70711,0.00000,0.00000,-0.70711,1.50000,0.00000,0.00000
35740000000,5.24996,8.45881,0.02073,0.70711,0.00000,0.00000,-0.70711,1.50000,0.00000,0.00000
35760000000,5.24996,8.42881,0.02073,0.70711,0.00000,0.00000,-0.70711,1.50000,0.00000,0.00000
35780000000,5.24996,8.39881,0.02073,0.70711,0.00000,0.00000,-0.70711,1.50000,0.00000,0.00000
35800000000,5.24996,8.36881,0.02073,0.70711,0.00000,0.00000,-0.70711,1.50000,0.00000,0.00000
35820000000,5.24996,8.33881,0.02073,0.70711,0.00000,0.00000,-0.70711,1.50000,0.00000,0.00000
35840000000,5.24996,8.30881,0.02073,0.70711,0.00000,0.00000,-0.70711,1.50000,0.00000,0.00000
35860000000,5.24996,8.27881,0.02073,0.70711,0.00000,0.00000,-0.70711,1.50000,0.00000,0.00000
35880000000,5.24996,8.24881,0.02073,0.70711,0.00000,0.00000,-0.70711,1.50000,0.00000,0.00000
35900000000,5.24996,8.21881,0.02073,0.70711,0.00000,0.00000,-0.70711,1.50000,0.00000,0.00000
35920000000,5.24996,8.18881,0.02073,0.70711,0.00000,0.00000,-0.70711,1.50000,0.00000,0.00000
35940000000,5.24996,8.15881,0.02073,0.70711,0.00000,0.00000,-0.70711,1.50000,0.00000,0.00000
35960000000,5.24996,8.12881,0.02073,0.70711,0.00000,0.00000,-0.70711,1.50000,0.00000,0.00000
35980000000,5.24996,8.09881,0.02073,0.70711,0.00000,0.00000,-0.70711,1.50000,0.00000,0.00000
36000000000,5.24996,8.06881,0.02073,0.70711,0.00000,0.00000,-0.70711,1.50000,0.00000,0.00000
36020000000,5.24996,8.03881,0.02073,0.70711,0.00000,0.00000,-0.70711,1.50000,0.00000,0.00000
36040000000,5.24996,8.00881,0.02073,0.70711,0.00000,0.00000,-0.70711,1.50000,0.00000,0.00000
36060000000,5.24996,7.97881,0.02073,0.70711,0.00000,0.00000,-0.70711,1.50000,0.00000,0.00000
36080000000,5.24996,7.94881,0.02073,0.70711,0.00000,0.00000,-0.70711,1.50000,0.00000,0.00000
36100000000,5.24996,7.91881,0.02073,0.70711,0.00000,0.00000,-0.70711,1.50000,0.00000,0.00000
36120000000,5.24996,7.88881,0.02073,0.70711,0.00000,0.00000,-0.70711,1.50000,0.00000,0.00000
36140000000,5.24996,7.85881,0.02073,0.70711,0.00000,0.00000,-0.70711,1.50000,0.00000,0.00000
36160000000,5.24996,7.82881,0.02073,0.70711,0.00000,0.00000,-0.70711,1.50000,0.00000,0.00000
36180000000,5.24996,7.79881,0.02073,0.70711,0.00000,0.00000,-0.70711,1.50000,0.00000,0.00000
36200000000,5.24996,7.76881,0.02073,0.70711,0.00000,0.00000,-0.70711,1.50000,0.00000,0.00000
36220000000,5.24995,7.73881,0.02073,0.70711,0.00000,0.00000,-0.70711,1.50000,0.00000,0.00000
36240000000,5.24995,7.70881,0.02073,0.70711,0.00000,0.00000,-0.70711,1.50000,0.00000,0.00000
36260000000,5.24995,7.67881,0.02073,0.70711,0.00000,0.00000,-0.70711,1.50000,0.00000,0.00000
36280000000,5.24995,7.64881,0.02073,0.70711,0.00000,0.00000,-0.70711,1.50000,0.00000,0.00000
36300000000,5.24995,7.61881,0.02073,0.70711,0.00000,0.00000,-0.70711,1.50000,0.00000,0.00000
36320000000,5.24995,7.58881,0.02073,0.70711,0.00000,0.00000,-0.70711,1.50000,0.00000,0.00000
36340000000,5.24995,7.55881,0.02073,0.70711,0.00000,0.00000,-0.70711,1.50000,0.00000,0.00000
36360000000,5.24995,7.52881,0.02073,0.70711,0.00000,0.00000,-0.70711,1.50000,0.00000,0.00000
36380000000,5.24995,7.49881,0.02073,0.70711,0.00000,0.00000,-0.70711,1.50000,0.00000,0.00000
36400000000,5.24995,7.46881,0.02073,0.70711,0.00000,0.00000,-0.70711,1.50000,0.00000,0.00000
36420000000,5.24995,7.43881,0.02073,0.70711,0.00000,0.00000,-0.70711,1.50000,0.00000,0.00000
36440000000,5.24995,7.40881,0.02073,0.70711,0.00000,0.00000,-0.70711,1.50000,0.00000,0.00000
36460000000,5.24995,7.37881,0.02073,0.70711,0.00000,0.00000,-0.70711,1.50000,0.00000,0.00000
36480000000,5.24995,7.34881,0.02073,0.70711,0.00000,0.00000,-0.70711,1.50000,0.00000,0.00000
36500000000,5.24995,7.31881,0.02073,0.70711,0.00000,0.00000,-0.70711,1.50000,0.00000,0.00000
36520000000,5.24995,7.28881,0.02073,0.70711,0.00000,0.00000,-0.70711,1.50000,0.00000,0.00000
36540000000,5.24995,7.25881,0.02073,0.70711,0.00000,0.00000,-0.70711,1.50000,0.00000,0.00000
36560000000,5.24995,7.22881,0.02073,0.70711,0.00000,0.00000,-0.70711,1.50000,0.00000,0.00000
36580000000,5.24995,7.19881,0.02073,0.70711,0.00000,0.00000,-0.70711,1.50000,0.00000,0.00000
36600000000,5.24995,7.16881,0.02073,0.70711,0.00000,0.00000,-0.70711,1.50000,0.00000,0.00000
36620000000,5.24995,7.13881,0.02073,0.70711,0.00000,0.00000,-0.70711,1.50000,0.00000,0.00000
36640000000,5.24995,7.10881,0.02073,0.70711,0.00000,0.00000,-0.70711,1.50000,0.00000,0.00000
36660000000,5.24995,7.07881,0.02073,0.70711,0.00000,0.00000,-0.70711,1.50000,0.00000,0.00000
36680000000,5.24995,7.04881,0.02073,0.70711,0.00000,0.00000,-0.70711,1.50000,0.00000,0.00000
36700000000,5.24995,7.01881,0.02073,0.70711,0.00000,0.00000,-0.70711,1.50000,0.00000,0.00000
36720000000,5.24995,6.98881,0.02073,0.70711,0.00000,0.00000,-0.70711,1.50000,0.00000,0.00000
36740000000,5.24995,6.95881,0.02073,0.70711,0.00000,0.00000,-0.70711,1.50000,0.00000,0.00000
36760000000,5.24995,6.92881,0.02073,0.70711,0.00000,0.00000,-0.70711,1.50000,0.00000,0.00000
36780000000,5.24995,6.89881,0.02073,0.70711,0.00000,0.00000,-0.70711,1.50000,0.00000,0.00000
36800000000,5.24995,6.86881,0.02073,0.70711,0.00000,0.00000,-0.70711,1.50000,0.00000,0.00000
36820000000,5.24995,6.83881,0.02073,0.70711,0.00000,0.00000,-0.70711,1.50000,0.00000,0.00000
36840000000,5.24995,6.80881,0.02073,0.70711,0.00000,0.00000,-0.70711,1.50000,0.00000,0.00000
36860000000,5.24995,6.77881,0.02073,0.70711,0.00000,0.00000,-0.70711,1.50000,0.00000,0.00000
36880000000,5.24995,6.74881,0.02073,0.70711,0.00000,0.00000,-0.70711,1.50000,0.00000,0.00000
36900000000,5.24995,6.71881,0.02073,0.70711,0.00000,0.00000,-0.70711,1.50000,0.00000,0.00000
36920000000,5.24995,6.68881,0.02073,0.70711,0.00000,0.00000,-0.70711,1.50000,0.00000,0.00000
36940000000,5.24995,6.65881,0.02073,0.70711,0.00000,0.00000,-0.70711,1.50000,0.00000,0.00000
36960000000,5.24995,6.62881,0.02073,0.70711,0.00000,0.00000,-0.70711,1.50000,0.00000,0.00000
36980000000,5.24995,6.59881,0.02073,0.70711,0.00000,0.00000,-0.70711,1.50000,0.00000,0.00000
37000000000,5.24995,6.56881,0.02073,0.70711,0.00000,0.00000,-0.70711,1.50000,0.00000,0.00000
37020000000,5.24995,6.53881,0.02073,0.70711,0.00000,0.00000,-0.70711,1.50000,0.00000,0.00000
37040000000,5.24995,6.50881,0.02073,0.70711,0.00000,0.00000,-0.70711,1.50000,0.00000,0.00000
37060000000,5.24995,6.47881,0.02073,0.70711,0.00000,0.00000,-0.70711,1.50000,0.00000,0.00000
37080000000,5.24995,6.44881,0.02073,0.70711,0.00000,0.00000,-0.70711,1.50000,0.00000,0.00000
37100000000,5.24995,6.41881,0.02073,0.70711,0.00000,0.00000,-0.70711,1.50000,0.00000,0.00000
37120000000,5.24995,6.38881,0.02073,0.70711,0.00000,0.00000,-0.70711,1.50000,0.00000,0.00000
37140000000,5.24995,6.35881,0.02073,0.70711,0.00000,0.00000,-0.70711,1.50000,0.00000,0.00000
37160000000,5.24995,6.32881,0.02073,0.70711,0.00000,0.00000,-0.70711,1.50000,0.00000,0.00000
37180000000,5.24995,6.29881,0.02073,0.70711,0.00000,0.00000,-0.70711,1.50000,0.00000,0.00000
37200000000,5.24995,6.26881,0.02073,0.70711,0.00000,0.00000,-0.70711,1.50000,0.00000,0.00000
37220000000,5.24995,6.23881,0.02073,0.70711,0.00000,0.00000,-0.70711,1.50000,0.00000,0.00000
37240000000,5.24995,6.20881,0.02073,0.70711,0.00000,0.00000,-0.70711,1.50000,0.00000,0.00000
37260000000,5.24995,6.17881,0.02073,0.70711,0.00000,0.00000,-0.70711,1.50000,0.00000,0.00000
37280000000,5.24995,6.14881,0.02073,0.70711,0.00000,0.00000,-0.70711,1.50000,0.00000,0.00000
37300000000,5.24995,6.11881,0.02073,0.70711,0.00000,0.00000,-0.70711,1.50000,0.00000,0.00000
37320000000,5.24995,6.08881,0.02073,0.70711,0.00000,0.00000,-0.70711,1.50000,0.00000,0.00000
37340000000,5.24995,6.05881,0.02073,0.70711,0.00000,0.00000,-0.70711,1.50000,0.00000,0.00000
37360000000,5.24995,6.02881,0.02073,0.70711,0.00000,0.00000,-0.70711,1.50000,0.00000,0.00000
37380000000,5.24995,5.99881,0.02073,0.70711,0.00000,0.00000,-0.70711,1.50000,0.00000,0.00000
37400000000,5.24995,5.96881,0.02073,0.70711,0.00000,0.00000,-0.70711,1.50000,0.00000,0.00000
37420000000,5.24995,5.93881,0.02073,0.70711,0.00000,0.00000,-0.70711,1.50000,0.00000,0.00000
37440000000,5.24995,5.90881,0.02073,0.70711,0.00000,0.00000,-0.70711,1.50000,0.00000,0.00000
37460000000,5.24995,5.87881,0.02073,0.70711,0.00000,0.00000,-0.70711,1.50000,0.00000,0.00000
37480000000,5.24995,5.84881,0.02073,0.70711,0.00000,0.00000,-0.70711,1.50000,0.00000,0.00000
37500000000,5.24995,5.81881,0.02073,0.70711,0.00000,0.00000,-0.70711,1.50000,0.00000,0.00000
37520000000,5.24995,5.78881,0.02073,0.70711,0.00000,0.00000,-0.70711,1.50000,0.00000,0.00000
37540000000,5.24995,5.75881,0.02073,0.70711,0.00000,0.00000,-0.70711,1.50000,0.00000,0.00000
37560000000,5.24995,5.72881,0.02073,0.70711,0.00000,0.00000,-0.70711,1.50000,0.00000,0.00000
37580000000,5.24995,5.69881,0.02073,0.70711,0.00000,0.00000,-0.70711,1.50000,0.00000,0.00000
37600000000,5.24995,5.66881,0.02073,0.70711,0.00000,0.00000,-0.70711,1.50000,0.00000,0.00000
37620000000,5.24995,5.63881,0.02073,0.70711,0.00000,0.00000,-0.70711,1.50000,0.00000,0.00000
37640000000,5.24995,5.60881,0.02073,0.70711,0.00000,0.00000,-0.70711,1.50000,0.00000,0.00000
37660000000,5.24995,5.57881,0.02073,0.70711,0.00000,0.00000,-0.70711,1.50000,0.00000,0.00000
37680000000,5.24995,5.54881,0.02073,0.70711,0.00000,0.00000,-0.70711,1.50000,0.00000,0.00000
37700000000,5.24995,5.51881,0.02073,0.70711,0.00000,0.00000,-0.70711,1.50000,0.00000,0.00000
37720000000,5.24995,5.48881,0.02073,0.70711,0.00000,0.00000,-0.70711,1.50000,0.00000,0.00000
37740000000,5.24995,5.45881,0.02073,0.70711,0.00000,0.00000,-0.70711,1.50000,0.00000,0.00000
37760000000,5.24995,5.42881,0.02073,0.70711,0.00000,0.00000,-0.70711,1.50000,0.00000,0.00000
37780000000,5.24995,5.39881,0.02073,0.70711,0.00000,0.00000,-0.70711,1.50000,0.00000,0.00000
37800000000,5.24995,5.36881,0.02073,0.70711,0.00000,0.00000,-0.70711,1.50000,0.00000,0.00000
37820000000,5.24995,5.33881,0.02073,0.70711,0.00000,0.00000,-0.70711,1.50000,0.00000,0.00000
37840000000,5.24995,5.30881,0.02073,0.70711,0.00000,0.00000,-0.70711,1.50000,0.00000,0.00000
37860000000,5.24995,5.27881,0.02073,0.70711,0.00000,0.00000,-0.70711,1.50000,0.00000,0.00000
37880000000,5.24995,5.24881,0.02073,0.70711,0.00000,0.00000,-0.70711,1.50000,0.00000,0.00000
37900000000,5.24995,5.21881,0.02073,0.70711,0.00000,0.00000,-0.70711,1.50000,0.00000,0.00000
37920000000,5.24995,5.18881,0.02073,0.70711,0.00000,0.00000,-0.70711,1.50000,0.00000,0.00000
37940000000,5.24995,5.15881,0.02073,0.70711,0.00000,0.00000,-0.70711,1.50000,0.00000,0.00000
37960000000,5.24995,5.12881,0.02073,0.70711,0.00000,0.00000,-0.70711,1.50000,0.00000,0.00000
37980000000,5.24995,5.09881,0.02073,0.70711,0.00000,0.00000,-0.70711,1.50000,0.00000,0.00000
38000000000,5.24995,5.06881,0.02073,0.70711,0.00000,0.00000,-0.70711,1.50000,0.00000,0.00000
38020000000,5.24995,5.03881,0.02073,0.70711,0.00000,0.00000,-0.70711,1.50000,0.00000,0.00000
38040000000,5.24994,5.00881,0.02073,0.70711,0.00000,0.00000,-0.70711,1.50000,0.00000,0.00000
38060000000,5.24994,4.97881,0.02073,0.70711,0.00000,0.00000,-0.70711,1.50000,0.00000,0.00000
38080000000,5.24994,4.94881,0.02073,0.70711,0.00000,0.00000,-0.70711,1.50000,0.00000,0.00000
38100000000,5.24994,4.91881,0.02073,0.70711,0.00000,0.00000,-0.70711,1.50000,0.00000,0.00000
38120000000,5.24994,4.88881,0.02073,0.70711,0.00000,0.00000,-0.70711,1.50000,0.00000,0.00000
38140000000,5.24994,4.85881,0.02073,0.70711,0.00000,0.00000,-0.70711,1.50000,0.00000,0.00000
38160000000,5.24994,4.82881,0.02073,0.70711,0.00000,0.00000,-0.70711,1.50000,0.00000,0.00000
38180000000,5.24994,4.79881,0.02073,0.70711,0.00000,0.00000,-0.70711,1.50000,0.00000,0.00000
38200000000,5.24994,4.76881,0.02073,0.70711,0.00000,0.00000,-0.70711,1.50000,0.00000,0.00000
38220000000,5.24994,4.73881,0.02073,0.70711,0.00000,0.00000,-0.70711,1.50000,0.00000,0.00000
38240000000,5.24994,4.70881,0.02073,0.70711,0.00000,0.00000,-0.70711,1.50000,0.00000,0.00000
38260000000,5.24994,4.67881,0.02073,0.70711,0.00000,0.00000,-0.70711,1.50000,0.00000,0.00000
38280000000,5.24994,4.64881,0.02073,0.70711,0.00000,0.00000,-0.70711,1.50000,0.00000,0.00000
38300000000,5.24994,4.61881,0.02073,0.70711,0.00000,0.00000,-0.70711,1.50000,0.00000,0.00000
38320000000,5.24994,4.58881,0.02073,0.70711,0.00000,0.00000,-0.70711,1.50000,0.00000,0.00000
38340000000,5.24994,4.55881,0.02073,0.70711,0.00000,0.00000,-0.70711,1.50000,0.00000,0.00000
38360000000,5.24994,4.52881,0.02073,0.70711,0.00000,0.00000,-0.70711,1.50000,0.00000,0.00000
38380000000,5.24994,4.49881,0.02073,0.70711,0.00000,0.00000,-0.70711,1.50000,0.00000,0.00000
38400000000,5.24994,4.46881,0.02073,0.70711,0.00000,0.00000,-0.70711,1.50000,0.00000,0.00000
38420000000,5.24994,4.43881,0.02073,0.70711,0.00000,0.00000,-0.70711,1.50000,0.00000,0.00000
38440000000,5.24994,4.40881,0.02073,0.70711,0.00000,0.00000,-0.70711,1.50000,0.00000,0.00000
38460000000,5.24994,4.37881,0.02073,0.70711,0.00000,0.00000,-0.70711,1.50000,0.00000,0.00000
38480000000,5.24994,4.34881,0.02073,0.70711,0.00000,0.00000,-0.70711,1.50000,0.00000,0.00000
38500000000,5.24994,4.31881,0.02073,0.70711,0.00000,0.00000,-0.70711,1.50000,0.00000,0.00000
38520000000,5.24994,4.28881,0.02073,0.70711,0.00000,0.00000,-0.70711,1.50000,0.00000,0.00000
38540000000,5.24994,4.25881,0.02073,0.70711,0.00000,0.00000,-0.70711,1.50000,0.00000,0.00000
38560000000,5.24994,4.22881,0.02073,0.70711,0.00000,0.00000,-0.70711,1.50000,0.00000,0.00000
38580000000,5.24994,4.19881,0.02073,0.70711,0.00000,0.00000,-0.70711,1.50000,0.00000,0.00000
38600000000,5.24994,4.16881,0.02073,0.70711,0.00000,0.00000,-0.70711,1.50000,0.00000,0.00000
38620000000,5.24994,4.13881,0.02073,0.70711,0.00000,0.00000,-0.70711,1.50000,0.00000,0.00000
38640000000,5.24994,4.10881,0.02073,0.70711,0.00000,0.00000,-0.70711,1.50000,0.00000,0.00000
38660000000,5.24994,4.07881,0.02073,0.70711,0.00000,0.00000,-0.70711,1.50000,0.00000,0.00000
38680000000,5.24994,4.04881,0.02073,0.70711,0.00000,0.00000,-0.70711,1.50000,0.00000,0.00000
38700000000,5.24994,4.01881,0.02073,0.70711,0.00000,0.00000,-0.70711,1.50000,0.00000,0.00000
38720000000,5.24994,3.98881,0.02072,0.70711,0.00000,0.00000,-0.70711,1.50000,0.00000,0.00000
38740000000,5.24994,3.95881,0.02072,0.70711,0.00000,0.00000,-0.70711,1.50000,0.00000,0.00000
38760000000,5.24994,3.92881,0.02072,0.70711,0.00000,0.00000,-0.70711,1.50000,0.00000,0.00000
38780000000,5.24994,3.89881,0.02072,0.70711,0.00000,0.00000,-0.70711,1.50000,0.00000,0.00000
38800000000,5.24994,3.86881,0.02072,0.70711,0.00000,0.00000,-0.70711,1.50000,0.00000,0.00000
38820000000,5.24994,3.83881,0.02072,0.70711,0.00000,0.00000,-0.70711,1.50000,0.00000,0.00000
38840000000,5.24994,3.80881,0.02072,0.70711,0.00000,0.00000,-0.70711,1.50000,0.00000,0.00000
38860000000,5.24994,3.77881,0.02072,0.70711,0.00000,0.00000,-0.70711,1.50000,0.00000,0.00000
38880000000,5.24994,3.74881,0.02072,0.70711,0.00000,0.00000,-0.70711,1.50000,0.00000,0.00000
38900000000,5.24994,3.71881,0.02072,0.70711,0.00000,0.00000,-0.70711,1.50000,0.00000,0.00000
38920000000,5.24994,3.68881,0.02072,0.70711,0.00000,0.00000,-0.70711,1.50000,0.00000,0.00000
38940000000,5.24994,3.65881,0.02072,0.70711,0.00000,0.00000,-0.70711,1.50000,0.00000,0.00000
38960000000,5.24994,3.62881,0.02072,0.70711,0.00000,0.00000,-0.70711,1.50000,0.00000,0.00000
38980000000,5.24994,3.59881,0.02072,0.70711,0.00000,0.00000,-0.70711,1.50000,0.00000,0.00000
39000000000,5.24994,3.56881,0.02072,0.70711,0.00000,0.00000,-0.70711,1.50000,0.00000,0.00000
39020000000,5.24994,3.53881,0.02072,0.70711,0.00000,0.00000,-0.70711,1.50000,0.00000,0.00000
39040000000,5.24994,3.50881,0.02072,0.70711,0.00000,0.00000,-0.70711,1.50000,0.00000,0.00000
39060000000,5.24994,3.47881,0.02072,0.70711,0.00000,0.00000,-0.70711,1.50000,0.00000,0.00000
39080000000,5.24994,3.44881,0.02072,0.70711,0.00000,0.00000,-0.70711,1.50000,0.00000,0.00000
39100000000,5.24994,3.41881,0.02072,0.70711,0.00000,0.00000,-0.70711,1.50000,0.00000,0.00000
39120000000,5.24994,3.38881,0.02072,0.70711,0.00000,0.00000,-0.70711,1.50000,0.00000,0.00000
39140000000,5.24994,3.35881,0.02072,0.70711,0.00000,0.00000,-0.70711,1.50000,0.00000,0.00000
39160000000,5.24994,3.32881,0.02072,0.70711,0.00000,0.00000,-0.70711,1.50000,0.00000,0.00000
39180000000,5.24994,3.29881,0.02072,0.70711,0.00000,0.00000,-0.70711,1.50000,0.00000,0.00000
39200000000,5.24994,3.26881,0.02072,0.70711,0.00000,0.00000,-0.70711,1.50000,0.00000,0.00000
39220000000,5.24994,3.23881,0.02072,0.70711,0.00000,0.00000,-0.70711,1.50000,0.00000,0.00000
39240000000,5.24994,3.20881,0.02072,0.70711,0.00000,0.00000,-0.70711,1.50000,0.00000,0.00000
39260000000,5.24994,3.17881,0.02072,0.70711,0.00000,0.00000,-0.70711,1.50000,0.00000,0.00000
39280000000,5.24994,3.14881,0.02072,0.70711,0.00000,0.00000,-0.70711,1.50000,0.00000,0.00000
39300000000,5.24994,3.11881,0.02072,0.70711,0.00000,0.00000,-0.70711,1.50000,0.00000,0.00000
39320000000,5.24994,3.08881,0.02072,0.70711,0.00000,0.00000,-0.70711,1.50000,0.00000,0.00000
39340000000,5.24994,3.05881,0.02072,0.70711,0.00000,0.00000,-0.70711,1.50000,0.00000,0.00000
39360000000,5.24994,3.02881,0.02072,0.70711,0.00000,0.00000,-0.70711,1.50000,0.00000,0.00000
39380000000,5.24994,2.99881,0.02072,0.70711,0.00000,0.00000,-0.70711,1.50000,0.00000,0.00000
39400000000,5.24994,2.96881,0.02072,0.70711,0.00000,0.00000,-0.70711,1.50000,0.00000,0.00000
39420000000,5.24994,2.93881,0.02072,0.70711,0.00000,0.00000,-0.70711,1.50000,0.00000,0.00000
39440000000,5.24994,2.90881,0.02072,0.70711,0.00000,0.00000,-0.70711,1.50000,0.00000,0.00000
39460000000,5.24994,2.87881,0.02072,0.70711,0.00000,0.00000,-0.70711,1.50000,0.00000,0.00000
39480000000,5.24994,2.84881,0.02072,0.70711,0.00000,0.00000,-0.70711,1.50000,0.00000,0.00000
39500000000,5.24994,2.81881,0.02072,0.70711,0.00000,0.00000,-0.70711,1.50000,0.00000,0.00000
39520000000,5.24994,2.78881,0.02072,0.70711,0.00000,0.00000,-0.70711,1.50000,0.00000,0.00000
39540000000,5.24994,2.75881,0.02072,0.70711,0.00000,0.00000,-0.70711,1.50000,0.00000,0.00000
39560000000,5.24994,2.72881,0.02072,0.70711,0.00000,0.00000,-0.70711,1.50000,0.00000,0.00000
39580000000,5.24994,2.69881,0.02072,0.70711,0.00000,0.00000,-0.70711,1.50000,0.00000,0.00000
39600000000,5.24994,2.66881,0.02072,0.70711,0.00000,0.00000,-0.70711,1.50000,0.00000,0.00000
39620000000,5.24994,2.63881,0.02072,0.70711,0.00000,0.00000,-0.70711,1.50000,0.00000,0.00000
39640000000,5.24994,2.60881,0.02072,0.70711,0.00000,0.00000,-0.70711,1.50000,0.00000,0.00000
39660000000,5.24994,2.57881,0.02072,0.70711,0.00000,0.00000,-0.70711,1.50000,0.00000,0.00000
39680000000,5.24994,2.54881,0.02072,0.70711,0.00000,0.00000,-0.70711,1.50000,0.00000,0.00000
39700000000,5.24994,2.51881,0.02072,0.70711,0.00000,0.00000,-0.70711,1.50000,0.00000,0.00000
39720000000,5.24994,2.48881,0.02072,0.70711,0.00000,0.00000,-0.70711,1.50000,0.00000,0.00000
39740000000,5.24994,2.45881,0.02072,0.70711,0.00000,0.00000,-0.70711,1.50000,0.00000,0.00000
39760000000,5.24994,2.42881,0.02072,0.70711,0.00000,0.00000,-0.70711,1.50000,0.00000,0.00000
39780000000,5.24994,2.39881,0.02072,0.70711,0.00000,0.00000,-0.70711,1.50000,0.00000,0.00000
39800000000,5.24994,2.36881,0.02072,0.70711,0.00000,0.00000,-0.70711,1.50000,0.00000,0.00000
39820000000,5.24994,2.33881,0.02072,0.70711,0.00000,0.00000,-0.70711,1.50000,0.00000,0.00000
39840000000,5.24994,2.30881,0.02072,0.70711,0.00000,0.00000,-0.70711,1.50000,0.00000,0.00000
39860000000,5.24993,2.27881,0.02072,0.70711,0.00000,0.00000,-0.70711,1.50000,0.00000,0.00000
39880000000,5.24993,2.24881,0.02072,0.70711,0.00000,0.00000,-0.70711,1.50000,0.00000,0.00000
39900000000,5.24993,2.21881,0.02072,0.70711,0.00000,0.00000,-0.70711,1.50000,0.00000,0.00000
39920000000,5.24993,2.18881,0.02072,0.70711,0.00000,0.00000,-0.70711,1.50000,0.00000,0.00000
39940000000,5.24993,2.15881,0.02072,0.70711,0.00000,0.00000,-0.70711,1.50000,0.00000,0.00000
39960000000,5.24993,2.12881,0.02072,0.70711,0.00000,0.00000,-0.70711,1.50000,0.00000,0.00000
39980000000,5.24993,2.09881,0.02072,0.70711,0.00000,0.00000,-0.70711,1.50000,0.00000,0.00000
40000000000,5.24993,2.06881,0.02072,0.70711,0.00000,0.00000,-0.70711,1.50000,0.00000,0.00000
40020000000,5.24993,2.03881,0.02072,0.70711,0.00000,0.00000,-0.70711,1.50000,0.00000,0.00000
40040000000,5.24993,2.00881,0.02072,0.70711,0.00000,0.00000,-0.70711,1.50000,0.00000,0.00000
40060000000,5.24993,1.97881,0.02072,0.70711,0.00000,0.00000,-0.70711,1.50000,0.00000,0.00000
40080000000,5.24993,1.94881,0.02072,0.70711,0.00000,0.00000,-0.70711,1.50000,0.00000,0.00000
40100000000,5.24993,1.91881,0.02072,0.70711,0.00000,0.00000,-0.70711,1.50000,0.00000,0.00000
40120000000,5.24993,1.88881,0.02072,0.70711,0.00000,0.00000,-0.70711,1.50000,0.00000,0.00000
40140000000,5.24993,1.85881,0.02072,0.70711,0.00000,0.00000,-0.70711,1.50000,0.00000,0.00000
40160000000,5.24993,1.82881,0.02072,0.70711,0.00000,0.00000,-0.70711,1.50000,0.00000,0.00000
40180000000,5.24993,1.79881,0.02072,0.70711,0.00000,0.00000,-0.70711,1.50000,0.00000,0.00000
40200000000,5.24993,1.76881,0.02072,0.70711,0.00000,0.00000,-0.70711,1.50000,0.00000,0.00000
40220000000,5.24993,1.73881,0.02072,0.70711,0.00000,0.00000,-0.70711,1.50000,0.00000,0.00000
40240000000,5.24993,1.70881,0.02072,0.70711,0.00000,0.00000,-0.70711,1.50000,0.00000,0.00000
40260000000,5.24993,1.67881,0.02072,0.70711,0.00000,0.00000,-0.70711,1.50000,0.00000,0.00000
40280000000,5.24993,1.64881,0.02072,0.70711,0.00000,0.00000,-0.70711,1.50000,0.00000,0.00000
40300000000,5.24993,1.61881,0.02072,0.70711,0.00000,0.00000,-0.70711,1.50000,0.00000,0.00000
40320000000,5.24993,1.58881,0.02072,0.70711,0.00000,0.00000,-0.70711,1.50000,0.00000,0.00000
40340000000,5.24993,1.55881,0.02072,0.70711,0.00000,0.00000,-0.70711,1.50000,0.00000,0.00000
40360000000,5.24993,1.52881,0.02072,0.70711,0.00000,0.00000,-0.70711,1.50000,0.00000,0.00000
40380000000,5.24993,1.49881,0.02072,0.70711,0.00000,0.00000,-0.70711,1.50000,0.00000,0.00000
40400000000,5.24993,1.46881,0.02072,0.70711,0.00000,0.00000,-0.70711,1.50000,0.00000,0.00000
40420000000,5.24993,1.43881,0.02072,0.70711,0.00000,0.00000,-0.70711,1.50000,0.00000,0.00000
40440000000,5.24993,1.40881,0.02072,0.70711,0.00000,0.00000,-0.70711,1.50000,0.00000,0.00000
40460000000,5.24993,1.37881,0.02072,0.70711,0.00000,0.00000,-0.70711,1.50000,0.00000,0.00000
40480000000,5.24993,1.34881,0.02072,0.70711,0.00000,0.00000,-0.70711,1.50000,0.00000,0.00000
40500000000,5.24993,1.31881,0.02072,0.70711,0.00000,0.00000,-0.70711,1.50000,0.00000,0.00000
40520000000,5.24993,1.28881,0.02072,0.70711,0.00000,0.00000,-0.70711,1.50000,0.00000,0.00000
40540000000,5.24993,1.25881,0.02072,0.70711,0.00000,0.00000,-0.70711,1.50000,0.00000,0.00000
40560000000,5.24993,1.22881,0.02072,0.70711,0.00000,0.00000,-0.70711,1.50000,0.00000,0.00000
40580000000,5.24993,1.19881,0.02072,0.70711,0.00000,0.00000,-0.70711,1.50000,0.00000,0.00000
40600000000,5.24993,1.16881,0.02072,0.70711,0.00000,0.00000,-0.70711,1.50000,0.00000,0.00000
40620000000,5.24993,1.13881,0.02072,0.70711,0.00000,0.00000,-0.70711,1.50000,0.00000,0.00000
40640000000,5.24993,1.10881,0.02072,0.70711,0.00000,0.00000,-0.70711,1.50000,0.00000,0.00000
40660000000,5.24993,1.07881,0.02072,0.70711,0.00000,0.00000,-0.70711,1.50000,0.00000,0.00000
40680000000,5.24993,1.04881,0.02072,0.70711,0.00000,0.00000,-0.70711,1.50000,0.00000,0.00000
40700000000,5.24993,1.01881,0.02072,0.70711,0.00000,0.00000,-0.70711,1.50000,0.00000,0.00000
40720000000,5.24993,0.98881,0.02072,0.70711,0.00000,0.00000,-0.70711,1.50000,0.00000,0.00000
40740000000,5.24993,0.95881,0.02072,0.70711,0.00000,0.00000,-0.70711,1.50000,0.00000,0.00000
40760000000,5.24993,0.92881,0.02072,0.70711,0.00000,0.00000,-0.70711,1.50000,0.00000,0.00000
40780000000,5.24993,0.89881,0.02072,0.70711,0.00000,0.00000,-0.70711,1.50000,0.00000,0.00000
40800000000,5.24993,0.86881,0.02072,0.70711,0.00000,0.00000,-0.70711,1.50000,0.00000,0.00000
40820000000,5.24993,0.83881,0.02072,0.70711,0.00000,0.00000,-0.70711,1.50000,0.00000,0.00000
40840000000,5.24993,0.80881,0.02072,0.70711,0.00000,0.00000,-0.70711,1.50000,0.00000,0.00000
40860000000,5.24993,0.77881,0.02072,0.70711,0.00000,0.00000,-0.70711,1.50000,0.00000,0.00000
40880000000,5.24993,0.74881,0.02072,0.70711,0.00000,0.00000,-0.70711,1.50000,0.00000,0.00000
40900000000,5.24993,0.71881,0.02072,0.70711,0.00000,0.00000,-0.70711,1.50000,0.00000,0.00000
40920000000,5.24993,0.68881,0.02072,0.70711,0.00000,0.00000,-0.70711,1.50000,0.00000,0.00000
40940000000,5.24993,0.65881,0.02072,0.70711,0.00000,0.00000,-0.70711,1.50000,0.00000,0.00000
40960000000,5.24993,0.62881,0.02072,0.70711,0.00000,0.00000,-0.70711,1.50000,0.00000,0.00000
40980000000,5.24993,0.59881,0.02072,0.70711,0.00000,0.00000,-0.70711,1.50000,0.00000,0.00000
41000000000,5.24993,0.56881,0.02072,0.70711,0.00000,0.00000,-0.70711,1.50000,0.00000,0.00000
41020000000,5.24993,0.53881,0.02072,0.70711,0.00000,0.00000,-0.70711,1.50000,0.00000,0.00000
41040000000,5.24993,0.50881,0.02072,0.70711,0.00000,0.00000,-0.70711,1.50000,0.00000,0.00000
41060000000,5.24993,0.47881,0.02072,0.70711,0.00000,0.00000,-0.70711,1.50000,0.00000,0.00000
41080000000,5.24993,0.44881,0.02072,0.70711,0.00000,0.00000,-0.70711,1.50000,0.00000,0.00000
41100000000,5.24993,0.41881,0.02072,0.70711,0.00000,0.00000,-0.70711,1.50000,0.00000,0.00000
41120000000,5.24993,0.38881,0.02072,0.70711,0.00000,0.00000,-0.70711,1.50000,0.00000,0.00000
41140000000,5.24993,0.35881,0.02072,0.70711,0.00000,0.00000,-0.70711,1.50000,0.00000,0.00000
41160000000,5.24993,0.32881,0.02072,0.70711,0.00000,0.00000,-0.70711,1.50000,0.00000,0.00000
41180000000,5.24993,0.29881,0.02072,0.70711,0.00000,0.00000,-0.70711,1.50000,0.00000,0.00000
41200000000,5.24993,0.26881,0.02072,0.70711,0.00000,0.00000,-0.70711,1.50000,0.00000,0.00000
41220000000,5.24993,0.23881,0.02072,0.70711,0.00000,0.00000,-0.70711,1.50000,0.00000,0.00000
41240000000,5.24993,0.20881,0.02072,0.70711,0.00000,0.00000,-0.70711,1.50000,0.00000,0.00000
41260000000,5.24993,0.17881,0.02072,0.70711,0.00000,0.00000,-0.70711,1.50000,0.00000,0.00000
41280000000,5.24993,0.14881,0.02072,0.70711,0.00000,0.00000,-0.70711,1.50000,0.00000,0.00000
41300000000,5.24993,0.11881,0.02072,0.70711,0.00000,0.00000,-0.70711,1.50000,0.00000,0.00000
41320000000,5.24993,0.08881,0.02072,0.70711,0.00000,0.00000,-0.70711,1.50000,0.00000,0.00000
41340000000,5.24993,0.05881,0.02072,0.70711,0.00000,0.00000,-0.70711,1.50000,0.00000,0.00000
41360000000,5.24993,0.02881,0.02072,0.70711,0.00000,0.00000,-0.70711,1.50000,0.00000,0.00000
41380000000,5.24993,-0.00119,0.02072,0.70711,0.00000,0.00000,-0.70711,1.50000,0.00000,0.00000
41400000000,5.24993,-0.03119,0.02072,0.70711,0.00000,0.00000,-0.70711,1.50000,0.00000,0.00000
41420000000,5.24993,-0.06119,0.02072,0.70711,0.00000,0.00000,-0.70711,1.50000,0.00000,0.00000
41440000000,5.24993,-0.09119,0.02072,0.70711,0.00000,0.00000,-0.70711,1.50000,0.00000,0.00000
41460000000,5.24993,-0.12119,0.02072,0.70711,0.00000,0.00000,-0.70711,1.50000,0.00000,0.00000
41480000000,5.24993,-0.15119,0.02072,0.70711,0.00000,0.00000,-0.70711,1.50000,0.00000,0.00000
41500000000,5.24993,-0.18119,0.02072,0.70711,0.00000,0.00000,-0.70711,1.50000,0.00000,0.00000
41520000000,5.24993,-0.21119,0.02072,0.70711,0.00000,0.00000,-0.70711,1.50000,0.00000,0.00000
41540000000,5.24993,-0.24119,0.02072,0.70711,0.00000,0.00000,-0.70711,1.50000,0.00000,0.00000
41560000000,5.24993,-0.27119,0.02072,0.70711,0.00000,0.00000,-0.70711,1.50000,0.00000,0.00000
41580000000,5.24993,-0.30119,0.02072,0.70711,0.00000,0.00000,-0.70711,1.50000,0.00000,0.00000
41600000000,5.24993,-0.33119,0.02072,0.70711,0.00000,0.00000,-0.70711,1.50000,0.00000,0.00000
41620000000,5.24993,-0.36119,0.02072,0.70711,0.00000,0.00000,-0.70711,1.50000,0.00000,0.00000
41640000000,5.24993,-0.39119,0.02072,0.70711,0.00000,0.00000,-0.70711,1.50000,0.00000,0.00000
41660000000,5.24993,-0.42119,0.02072,0.70711,0.00000,0.00000,-0.70711,1.50000,0.00000,0.00000
41680000000,5.24993,-0.45119,0.02072,0.70711,0.00000,0.00000,-0.70711,1.50000,0.00000,0.00000
41700000000,5.24992,-0.48119,0.02072,0.70711,0.00000,0.00000,-0.70711,1.50000,0.00000,0.00000
41720000000,5.24992,-0.51119,0.02072,0.70711,0.00000,0.00000,-0.70711,1.50000,0.00000,0.00000
41740000000,5.24992,-0.54119,0.02072,0.70711,0.00000,0.00000,-0.70711,1.50000,0.00000,0.00000
41760000000,5.24992,-0.57119,0.02072,0.70711,0.00000,0.00000,-0.70711,1.50000,0.00000,0.00000
41780000000,5.24992,-0.60119,0.02072,0.70711,0.00000,0.00000,-0.70711,1.50000,0.00000,0.00000
41800000000,5.24992,-0.63119,0.02072,0.70711,0.00000,0.00000,-0.70711,1.50000,0.00000,0.00000
41820000000,5.24992,-0.66119,0.02072,0.70711,0.00000,0.00000,-0.70711,1.50000,0.00000,0.00000
41840000000,5.24992,-0.69119,0.02072,0.70711,0.00000,0.00000,-0.70711,1.50000,0.00000,0.00000
41860000000,5.24992,-0.72119,0.02072,0.70711,0.00000,0.00000,-0.70711,1.50000,0.00000,0.00000
41880000000,5.24992,-0.75119,0.02072,0.70711,0.00000,0.00000,-0.70711,1.50000,0.00000,0.00000
41900000000,5.24992,-0.78119,0.02072,0.70711,0.00000,0.00000,-0.70711,1.50000,0.00000,0.00000
41920000000,5.24992,-0.81119,0.02072,0.70711,0.00000,0.00000,-0.70711,1.50000,0.00000,0.00000
41940000000,5.24992,-0.84119,0.02072,0.70711,0.00000,0.00000,-0.70711,1.50000,0.00000,0.00000
41960000000,5.24992,-0.87119,0.02072,0.70711,0.00000,0.00000,-0.70711,1.50000,0.00000,0.00000
41980000000,5.24992,-0.90119,0.02072,0.70711,0.00000,0.00000,-0.70711,1.50000,0.00000,0.00000
42000000000,5.24992,-0.93119,0.02072,0.70711,0.00000,0.00000,-0.70711,1.50000,0.00000,0.00000
42020000000,5.24992,-0.96119,0.02072,0.70711,0.00000,0.00000,-0.70711,1.50000,0.00000,0.00000
42040000000,5.24992,-0.99119,0.02072,0.70711,0.00000,0.00000,-0.70711,1.50000,0.00000,0.00000
42060000000,5.24992,-1.02119,0.02072,0.70711,0.00000,0.00000,-0.70711,1.50000,0.00000,0.00000
42080000000,5.24992,-1.05119,0.02072,0.70711,0.00000,0.00000,-0.70711,1.50000,0.00000,0.00000
42100000000,5.24992,-1.08119,0.02072,0.70711,0.00000,0.00000,-0.70711,1.50000,0.00000,0.00000
42120000000,5.24992,-1.11119,0.02072,0.70711,0.00000,0.00000,-0.70711,1.50000,0.00000,0.00000
42140000000,5.24992,-1.14119,0.02072,0.70711,0.00000,0.00000,-0.70711,1.50000,0.00000,0.00000
42160000000,5.24992,-1.17119,0.02072,0.70711,0.00000,0.00000,-0.70711,1.50000,0.00000,0.00000
42180000000,5.24992,-1.20119,0.02072,0.70711,0.00000,0.00000,-0.70711,1.50000,0.00000,0.00000
42200000000,5.24992,-1.23119,0.02072,0.70711,0.00000,0.00000,-0.70711,1.50000,0.00000,0.00000
42220000000,5.24992,-1.26119,0.02072,0.70711,0.00000,0.00000,-0.70711,1.50000,0.00000,0.00000
42240000000,5.24992,-1.29119,0.02072,0.70711,0.00000,0.00000,-0.70711,1.50000,0.00000,0.00000
42260000000,5.24992,-1.32119,0.02072,0.70711,0.00000,0.00000,-0.70711,1.50000,0.00000,0.00000
42280000000,5.24992,-1.35119,0.02072,0.70711,0.00000,0.00000,-0.70711,1.50000,0.00000,0.00000
42300000000,5.24992,-1.38119,0.02072,0.70711,0.00000,0.00000,-0.70711,1.50000,0.00000,0.00000
42320000000,5.24992,-1.41119,0.02072,0.70711,0.00000,0.00000,-0.70711,1.50000,0.00000,0.00000
42340000000,5.24992,-1.44119,0.02072,0.70711,0.00000,0.00000,-0.70711,1.50000,0.00000,0.00000
42360000000,5.24992,-1.47119,0.02072,0.70711,0.00000,0.00000,-0.70711,1.50000,0.00000,0.00000
42380000000,5.24992,-1.50119,0.02072,0.70711,0.00000,0.00000,-0.70711,1.50000,0.00000,0.00000
42400000000,5.24992,-1.53119,0.02072,0.70711,0.00000,0.00000,-0.70711,1.50000,0.00000,0.00000
42420000000,5.24992,-1.56119,0.02072,0.70711,0.00000,0.00000,-0.70711,1.50000,0.00000,0.00000
42440000000,5.24992,-1.59119,0.02072,0.70711,0.00000,0.00000,-0.70711,1.50000,0.00000,0.00000
42460000000,5.24992,-1.62119,0.02072,0.70711,0.00000,0.00000,-0.70711,1.50000,0.00000,0.00000
42480000000,5.24992,-1.65119,0.02072,0.70711,0.00000,0.00000,-0.70711,1.50000,0.00000,0.00000
42500000000,5.24992,-1.68119,0.02072,0.70711,0.00000,0.00000,-0.70711,1.50000,0.00000,0.00000
42520000000,5.24992,-1.71119,0.02072,0.70711,0.00000,0.00000,-0.70711,1.50000,0.00000,0.00000
42540000000,5.24992,-1.74119,0.02072,0.70711,0.00000,0.00000,-0.70711,1.50000,0.00000,0.00000
42560000000,5.24992,-1.77119,0.02072,0.70711,0.00000,0.00000,-0.70711,1.50000,0.00000,0.00000
42580000000,5.24992,-1.80119,0.02072,0.70711,0.00000,0.00000,-0.70711,1.50000,0.00000,0.00000
42600000000,5.24992,-1.83119,0.02072,0.70711,0.00000,0.00000,-0.70711,1.50000,0.00000,0.00000
42620000000,5.24992,-1.86119,0.02072,0.70711,0.00000,0.00000,-0.70711,1.50000,0.00000,0.00000
42640000000,5.24992,-1.89119,0.02072,0.70711,0.00000,0.00000,-0.70711,1.50000,0.00000,0.00000
42660000000,5.24992,-1.92119,0.02072,0.70711,0.00000,0.00000,-0.70711,1.50000,0.00000,0.00000
42680000000,5.24992,-1.95119,0.02072,0.70711,0.00000,0.00000,-0.70711,1.50000,0.00000,0.00000
42700000000,5.24992,-1.98119,0.02072,0.70711,0.00000,0.00000,-0.70711,1.50000,0.00000,0.00000
42720000000,5.24992,-2.01119,0.02072,0.70711,0.00000,0.00000,-0.70711,1.50000,0.00000,0.00000
42740000000,5.24992,-2.04119,0.02072,0.70711,0.00000,0.00000,-0.70711,1.50000,0.00000,0.00000
42760000000,5.24992,-2.07119,0.02072,0.70711,0.00000,0.00000,-0.70711,1.50000,0.00000,0.00000
42780000000,5.24992,-2.10119,0.02072,0.70711,0.00000,0.00000,-0.70711,1.50000,0.00000,0.00000
42800000000,5.24992,-2.13119,0.02072,0.70711,0.00000,0.00000,-0.70711,1.50000,0.00000,0.00000
42820000000,5.24992,-2.16119,0.02072,0.70711,0.00000,0.00000,-0.70711,1.50000,0.00000,0.00000
42840000000,5.24992,-2.19119,0.02072,0.70711,0.00000,0.00000,-0.70711,1.50000,0.00000,0.00000
42860000000,5.24992,-2.22119,0.02072,0.70711,0.00000,0.00000,-0.70711,1.50000,0.00000,0.00000
42880000000,5.24992,-2.25119,0.02072,0.70711,0.00000,0.00000,-0.70711,1.50000,0.00000,0.00000
42900000000,5.24992,-2.28119,0.02072,0.70711,0.00000,0.00000,-0.70711,1.50000,0.00000,0.00000
42920000000,5.24992,-2.31119,0.02072,0.70711,0.00000,0.00000,-0.70711,1.50000,0.00000,0.00000
42940000000,5.24992,-2.34119,0.02072,0.70711,0.00000,0.00000,-0.70711,1.50000,0.00000,0.00000
42960000000,5.24992,-2.37119,0.02072,0.70711,0.00000,0.00000,-0.70711,1.50000,0.00000,0.00000
42980000000,5.24992,-2.40119,0.02072,0.70711,0.00000,0.00000,-0.70711,1.50000,0.00000,0.00000
43000000000,5.24992,-2.43119,0.02072,0.70711,0.00000,0.00000,-0.70711,1.50000,0.00000,0.00000
43020000000,5.24992,-2.46119,0.02072,0.70711,0.00000,0.00000,-0.70711,1.50000,0.00000,0.00000
43040000000,5.24992,-2.49119,0.02072,0.70711,0.00000,0.00000,-0.70711,1.50000,0.00000,0.00000
43060000000,5.24992,-2.52119,0.02072,0.70711,0.00000,0.00000,-0.70711,1.50000,0.00000,0.00000
43080000000,5.24992,-2.55119,0.02072,0.70711,0.00000,0.00000,-0.70711,1.50000,0.00000,0.00000
43100000000,5.24992,-2.58119,0.02072,0.70711,0.00000,0.00000,-0.70711,1.50000,0.00000,0.00000
43120000000,5.24992,-2.61119,0.02072,0.70711,0.00000,0.00000,-0.70711,1.50000,0.00000,0.00000
43140000000,5.24992,-2.64119,0.02072,0.70711,0.00000,0.00000,-0.70711,1.50000,0.00000,0.00000
43160000000,5.24992,-2.67119,0.02072,0.70711,0.00000,0.00000,-0.70711,1.50000,0.00000,0.00000
43180000000,5.24992,-2.70119,0.02072,0.70711,0.00000,0.00000,-0.70711,1.50000,0.00000,0.00000
43200000000,5.24992,-2.73119,0.02072,0.70711,0.00000,0.00000,-0.70711,1.50000,0.00000,0.00000
43220000000,5.24992,-2.76119,0.02072,0.70711,0.00000,0.00000,-0.70711,1.50000,0.00000,0.00000
43240000000,5.24992,-2.79119,0.02072,0.70711,0.00000,0.00000,-0.70711,1.50000,0.00000,0.00000
43260000000,5.24992,-2.82119,0.02072,0.70711,0.00000,0.00000,-0.70711,1.50000,0.00000,0.00000
43280000000,5.24992,-2.85119,0.02072,0.70711,0.00000,0.00000,-0.70711,1.50000,0.00000,0.00000
43300000000,5.24992,-2.88119,0.02072,0.70711,0.00000,0.00000,-0.70711,1.50000,0.00000,0.00000
43320000000,5.24992,-2.91119,0.02072,0.70711,0.00000,0.00000,-0.70711,1.50000,0.00000,0.00000
43340000000,5.24992,-2.94119,0.02072,0.70711,0.00000,0.00000,-0.70711,1.50000,0.00000,0.00000
43360000000,5.24992,-2.97119,0.02072,0.70711,0.00000,0.00000,-0.70711,1.50000,0.00000,0.00000
43380000000,5.24992,-3.00119,0.02072,0.70711,0.00000,0.00000,-0.70711,1.50000,0.00000,0.00000
43400000000,5.24992,-3.03119,0.02072,0.70711,0.00000,0.00000,-0.70711,1.50000,0.00000,0.00000
43420000000,5.24992,-3.06119,0.02072,0.70711,0.00000,0.00000,-0.70711,1.50000,0.00000,0.00000
43440000000,5.24992,-3.09119,0.02072,0.70711,0.00000,0.00000,-0.70711,1.50000,0.00000,0.00000
43460000000,5.24992,-3.12119,0.02072,0.70711,0.00000,0.00000,-0.70711,1.50000,0.00000,0.00000
43480000000,5.24992,-3.15119,0.02072,0.70711,0.00000,0.00000,-0.70711,1.50000,0.00000,0.00000
43500000000,5.24992,-3.18119,0.02072,0.70711,0.00000,0.00000,-0.70711,1.50000,0.00000,0.00000
43520000000,5.24991,-3.21119,0.02072,0.70711,0.00000,0.00000,-0.70711,1.50000,0.00000,0.00000
43540000000,5.24991,-3.24119,0.02072,0.70711,0.00000,0.00000,-0.70711,1.50000,0.00000,0.00000
43560000000,5.24991,-3.27119,0.02072,0.70711,0.00000,0.00000,-0.70711,1.50000,0.00000,0.00000
43580000000,5.24991,-3.30119,0.02072,0.70711,0.00000,0.00000,-0.70711,1.50000,0.00000,0.00000
43600000000,5.24991,-3.33119,0.02072,0.70711,0.00000,0.00000,-0.70711,1.50000,0.00000,0.00000
43620000000,5.24991,-3.36119,0.02072,0.70711,0.00000,0.00000,-0.70711,1.50000,0.00000,0.00000
43640000000,5.24991,-3.39119,0.02072,0.70711,0.00000,0.00000,-0.70711,1.50000,0.00000,0.00000
43660000000,5.24991,-3.42119,0.02072,0.70711,0.00000,0.00000,-0.70711,1.50000,0.00000,0.00000
43680000000,5.24991,-3.45119,0.02072,0.70711,0.00000,0.00000,-0.70711,1.50000,0.00000,0.00000
43700000000,5.24991,-3.48119,0.02072,0.70711,0.00000,0.00000,-0.70711,1.50000,0.00000,0.00000
43720000000,5.24991,-3.51119,0.02072,0.70711,0.00000,0.00000,-0.70711,1.50000,0.00000,0.00000
43740000000,5.24991,-3.54119,0.02072,0.70711,0.00000,0.00000,-0.70711,1.50000,0.00000,0.00000
43760000000,5.24991,-3.57119,0.02072,0.70711,0.00000,0.00000,-0.70711,1.50000,0.00000,0.00000
43780000000,5.24991,-3.60119,0.02072,0.70711,0.00000,0.00000,-0.70711,1.50000,0.00000,0.00000
43800000000,5.24991,-3.63119,0.02072,0.70711,0.00000,0.00000,-0.70711,1.50000,0.00000,0.00000
43820000000,5.24991,-3.66119,0.02072,0.70711,0.00000,0.00000,-0.70711,1.50000,0.00000,0.00000
43840000000,5.24991,-3.69119,0.02072,0.70711,0.00000,0.00000,-0.70711,1.50000,0.00000,0.00000
43860000000,5.24991,-3.72119,0.02072,0.70711,0.00000,0.00000,-0.70711,1.50000,0.00000,0.00000
43880000000,5.24991,-3.75119,0.02072,0.70711,0.00000,0.00000,-0.70711,1.50000,0.00000,0.00000
43900000000,5.24991,-3.78119,0.02072,0.70711,0.00000,0.00000,-0.70711,1.50000,0.00000,0.00000
43920000000,5.24991,-3.81119,0.02072,0.70711,0.00000,0.00000,-0.70711,1.50000,0.00000,0.00000
43940000000,5.24991,-3.84119,0.02072,0.70711,0.00000,0.00000,-0.70711,1.50000,0.00000,0.00000
43960000000,5.24991,-3.87119,0.02072,0.70711,0.00000,0.00000,-0.70711,1.50000,0.00000,0.00000
43980000000,5.24991,-3.90119,0.02072,0.70711,0.00000,0.00000,-0.70711,1.50000,0.00000,0.00000
44000000000,5.24991,-3.93119,0.02072,0.70711,0.00000,0.00000,-0.70711,1.50000,0.00000,0.00000
44020000000,5.24991,-3.96119,0.02072,0.70711,0.00000,0.00000,-0.70711,1.50000,0.00000,0.00000
44040000000,5.24991,-3.99119,0.02072,0.70711,0.00000,0.00000,-0.70711,1.50000,0.00000,0.00000
44060000000,5.24991,-4.02119,0.02072,0.70711,0.00000,0.00000,-0.70711,1.50000,0.00000,0.00000
44080000000,5.24991,-4.05119,0.02072,0.70711,0.00000,0.00000,-0.70711,1.50000,0.00000,0.00000
44100000000,5.24991,-4.08119,0.02072,0.70711,0.00000,0.00000,-0.70711,1.50000,0.00000,0.00000
44120000000,5.24991,-4.11119,0.02072,0.70711,0.00000,0.00000,-0.70711,1.50000,0.00000,0.00000
44140000000,5.24991,-4.14119,0.02072,0.70711,0.00000,0.00000,-0.70711,1.50000,0.00000,0.00000
44160000000,5.24991,-4.17119,0.02072,0.70711,0.00000,0.00000,-0.70711,1.50000,0.00000,0.00000
44180000000,5.24991,-4.20119,0.02072,0.70711,0.00000,0.00000,-0.70711,1.50000,0.00000,0.00000
44200000000,5.24991,-4.23119,0.02072,0.70711,0.00000,0.00000,-0.70711,1.50000,0.00000,0.00000
44220000000,5.24991,-4.26119,0.02072,0.70711,0.00000,0.00000,-0.70711,1.50000,0.00000,0.00000
44240000000,5.24991,-4.29119,0.02072,0.70711,0.00000,0.00000,-0.70711,1.50000,0.00000,0.00000
44260000000,5.24991,-4.32119,0.02072,0.70711,0.00000,0.00000,-0.70711,1.50000,0.00000,0.00000
44280000000,5.24991,-4.35119,0.02072,0.70711,0.00000,0.00000,-0.70711,1.50000,0.00000,0.00000
44300000000,5.24991,-4.38119,0.02072,0.70711,0.00000,0.00000,-0.70711,1.50000,0.00000,0.00000
44320000000,5.24991,-4.41119,0.02072,0.70711,0.00000,0.00000,-0.70711,1.50000,0.00000,0.00000
44340000000,5.24991,-4.44119,0.02072,0.70711,0.00000,0.00000,-0.70711,1.50000,0.00000,0.00000
44360000000,5.24991,-4.47119,0.02072,0.70711,0.00000,0.00000,-0.70711,1.50000,0.00000,0.00000
44380000000,5.24991,-4.50119,0.02072,0.70711,0.00000,0.00000,-0.70711,1.50000,0.00000,0.00000
44400000000,5.24991,-4.53119,0.02072,0.70711,0.00000,0.00000,-0.70711,1.50000,0.00000,0.00000
44420000000,5.24991,-4.56119,0.02072,0.70711,0.00000,0.00000,-0.70711,1.50000,0.00000,0.00000
44440000000,5.24991,-4.59119,0.02072,0.70711,0.00000,0.00000,-0.70711,1.50000,0.00000,0.00000
44460000000,5.24991,-4.62119,0.02072,0.70711,0.00000,0.00000,-0.70711,1.50000,0.00000,0.00000
44480000000,5.24991,-4.65119,0.02072,0.70711,0.00000,0.00000,-0.70711,1.50000,0.00000,0.00000
44500000000,5.24991,-4.68119,0.02072,0.70711,0.00000,0.00000,-0.70711,1.50000,0.00000,0.00000
44520000000,5.24991,-4.71119,0.02072,0.70711,0.00000,0.00000,-0.70711,1.50000,0.00000,0.00000
44540000000,5.24991,-4.74119,0.02072,0.70711,0.00000,0.00000,-0.70711,1.50000,0.00000,0.00000
44560000000,5.24991,-4.77119,0.02072,0.70711,0.00000,0.00000,-0.70711,1.50000,0.00000,0.00000
44580000000,5.24991,-4.80119,0.02072,0.70711,0.00000,0.00000,-0.70711,1.50000,0.00000,0.00000
44600000000,5.24991,-4.83119,0.02072,0.70711,0.00000,0.00000,-0.70711,1.50000,-0.00000,0.00000
44620000000,5.24991,-4.86119,0.02072,0.70711,0.00000,0.00000,-0.70711,1.50000,0.00000,-0.00000
44640000000,5.24991,-4.89119,0.02072,0.70711,0.00000,0.00000,-0.70711,1.50000,0.00000,-0.00000
44660000000,5.24991,-4.92119,0.02072,0.70711,0.00000,0.00000,-0.70711,1.50000,0.00000,-0.00000
44680000000,5.24991,-4.95119,0.02072,0.70711,0.00000,0.00000,-0.70711,1.50000,0.00000,-0.00000
44700000000,5.24991,-4.98119,0.02072,0.70711,0.00000,0.00000,-0.70711,1.50000,0.00000,-0.00000
44720000000,5.24991,-5.01119,0.02072,0.70711,0.00000,0.00000,-0.70711,1.50000,0.00000,-0.00000
44740000000,5.24991,-5.04119,0.02072,0.70711,0.00000,0.00000,-0.70711,1.50000,0.00000,-0.00000
44760000000,5.24991,-5.07119,0.02072,0.70711,0.00000,0.00000,-0.70711,1.50000,0.00000,-0.00000
44780000000,5.24991,-5.10119,0.02072,0.70711,0.00000,0.00000,-0.70711,1.50000,0.00000,-0.00000
44800000000,5.24991,-5.13119,0.02072,0.70711,0.00000,0.00000,-0.70711,1.50000,0.00000,-0.00000
44820000000,5.24991,-5.16119,0.02072,0.70711,0.00000,0.00000,-0.70711,1.50000,0.00000,-0.00000
44840000000,5.24991,-5.19119,0.02072,0.70711,0.00000,0.00000,-0.70711,1.50000,0.00000,-0.00000
44860000000,5.24991,-5.22119,0.02072,0.70711,0.00000,0.00000,-0.70711,1.50000,0.00000,-0.00000
44880000000,5.24991,-5.25120,0.02072,0.70711,-0.00001,-0.00001,-0.70711,1.50024,-0.00000,-0.00056
44900000000,5.24991,-5.28120,0.02072,0.70711,-0.00001,-0.00001,-0.70711,1.50000,-0.00000,0.00001
44920000000,5.24991,-5.31120,0.02072,0.70711,-0.00001,-0.00001,-0.70711,1.50000,-0.00000,0.00001
44940000000,5.24991,-5.34120,0.02072,0.70711,-0.00001,-0.00001,-0.70711,1.50000,-0.00000,0.00001
44960000000,5.24991,-5.37120,0.02072,0.70711,-0.00000,-0.00000,-0.70711,1.50000,-0.00000,0.00001
44980000000,5.24991,-5.40120,0.02072,0.70711,-0.00000,-0.00000,-0.70711,1.50000,-0.00000,0.00001
45000000000,5.24991,-5.43120,0.02072,0.70711,-0.00000,-0.00000,-0.70711,1.50000,-0.00000,0.00001
45020000000,5.24991,-5.46120,0.02072,0.70711,-0.00000,-0.00000,-0.70711,1.50000,-0.00000,0.00000
45040000000,5.24991,-5.49120,0.02072,0.70711,-0.00000,-0.00000,-0.70711,1.50000,-0.00000,0.00000
45060000000,5.24991,-5.52120,0.02072,0.70711,-0.00000,-0.00000,-0.70711,1.50000,-0.00000,0.00000
45080000000,5.24991,-5.55120,0.02072,0.70711,-0.00000,-0.00000,-0.70711,1.50000,-0.00000,0.00000
45100000000,5.24991,-5.58120,0.02072,0.70711,-0.00000,-0.00000,-0.70711,1.50000,0.00000,0.00000
45120000000,5.24991,-5.61120,0.02072,0.70711,-0.00000,-0.00000,-0.70711,1.50000,0.00000,0.00000
45140000000,5.24991,-5.64120,0.02072,0.70711,-0.00000,-0.00000,-0.70711,1.50000,0.00000,0.00000
45160000000,5.24991,-5.67120,0.02072,0.70711,-0.00000,-0.00000,-0.70711,1.50000,0.00000,0.00000
45180000000,5.24991,-5.70120,0.02072,0.70711,-0.00000,-0.00000,-0.70711,1.50000,-0.00000,0.00000
45200000000,5.24991,-5.73120,0.02072,0.70711,-0.00000,-0.00000,-0.70711,1.50000,-0.00000,0.00000
45220000000,5.24991,-5.76120,0.02072,0.70711,-0.00000,-0.00000,-0.70711,1.50000,-0.00000,0.00000
45240000000,5.24991,-5.79120,0.02072,0.70711,-0.00000,-0.00000,-0.70711,1.50000,-0.00000,0.00000
45260000000,5.24991,-5.82120,0.02072,0.70711,-0.00000,-0.00000,-0.70711,1.50000,-0.00000,0.00000
45280000000,5.24991,-5.85120,0.02072,0.70711,-0.00000,-0.00000,-0.70711,1.50000,-0.00000,0.00000
45300000000,5.24991,-5.88120,0.02072,0.70711,-0.00000,-0.00000,-0.70711,1.50000,-0.00000,0.00000
45320000000,5.24991,-5.91120,0.02072,0.70711,-0.00000,-0.00000,-0.70711,1.50000,-0.00000,0.00000
45340000000,5.24990,-5.94120,0.02072,0.70711,-0.00000,-0.00000,-0.70711,1.50000,-0.00000,0.00000
45360000000,5.24990,-5.97120,0.02072,0.70711,-0.00000,-0.00000,-0.70711,1.50000,-0.00000,0.00000
45380000000,5.24990,-6.00120,0.02072,0.70711,-0.00000,-0.00000,-0.70711,1.50000,-0.00000,0.00000
45400000000,5.24990,-6.03120,0.02072,0.70711,-0.00000,-0.00000,-0.70711,1.50000,-0.00000,0.00000
45420000000,5.24990,-6.06120,0.02072,0.70711,-0.00000,-0.00000,-0.70711,1.50000,-0.00000,0.00000
45440000000,5.24990,-6.09120,0.02072,0.70711,-0.00000,-0.00000,-0.70711,1.50000,0.00000,0.00000
45460000000,5.24990,-6.12120,0.02072,0.70711,0.00000,-0.00000,-0.70711,1.50000,0.00000,0.00000
45480000000,5.24990,-6.15120,0.02072,0.70711,0.00000,0.00000,-0.70711,1.50000,0.00000,0.00000
45500000000,5.24990,-6.18120,0.02072,0.70711,0.00000,0.00000,-0.70711,1.50000,0.00000,0.00000
45520000000,5.24990,-6.21120,0.02072,0.70711,0.00000,0.00000,-0.70711,1.50000,0.00000,0.00000
45540000000,5.24990,-6.24120,0.02072,0.70711,0.00000,0.00000,-0.70711,1.50000,0.00000,0.00000
45560000000,5.24990,-6.27120,0.02072,0.70711,0.00000,0.00000,-0.70711,1.50000,0.00000,0.00000
45580000000,5.24990,-6.30120,0.02072,0.70711,0.00000,0.00000,-0.70711,1.50000,0.00000,0.00000
45600000000,5.24990,-6.33120,0.02072,0.70711,0.00000,0.00000,-0.70711,1.50000,0.00000,0.00000
45620000000,5.24990,-6.36120,0.02072,0.70711,0.00000,0.00000,-0.70711,1.50000,0.00000,0.00000
45640000000,5.24990,-6.39120,0.02072,0.70711,0.00000,0.00000,-0.70711,1.50000,0.00000,0.00000
45660000000,5.24990,-6.42120,0.02072,0.70711,0.00000,0.00000,-0.70711,1.50000,0.00000,0.00000
45680000000,5.24990,-6.45120,0.02072,0.70711,0.00000,0.00000,-0.70711,1.50000,0.00000,0.00000
45700000000,5.24990,-6.48120,0.02072,0.70711,0.00000,0.00000,-0.70711,1.50000,0.00000,0.00000
45720000000,5.24990,-6.51120,0.02072,0.70711,0.00000,0.00000,-0.70711,1.50000,0.00000,0.00000
45740000000,5.24990,-6.54120,0.02072,0.70711,0.00000,0.00000,-0.70711,1.50000,0.00000,0.00000
45760000000,5.24990,-6.57120,0.02072,0.70711,0.00000,0.00000,-0.70711,1.50000,0.00000,0.00000
45780000000,5.24990,-6.60120,0.02072,0.70711,0.00000,0.00000,-0.70711,1.50000,0.00000,0.00000
45800000000,5.24990,-6.63120,0.02072,0.70711,0.00000,0.00000,-0.70711,1.50000,0.00000,0.00000
45820000000,5.24990,-6.66120,0.02072,0.70711,0.00000,0.00000,-0.70711,1.50000,0.00000,0.00000
45840000000,5.24990,-6.69120,0.02072,0.70711,0.00000,0.00000,-0.70711,1.50000,0.00000,0.00000
45860000000,5.24990,-6.72120,0.02072,0.70711,0.00000,0.00000,-0.70711,1.50000,0.00000,0.00000
45880000000,5.24990,-6.75120,0.02072,0.70711,0.00000,0.00000,-0.70711,1.50000,0.00000,0.00000
45900000000,5.24990,-6.78120,0.02072,0.70711,0.00000,0.00000,-0.70711,1.50000,0.00000,0.00000
45920000000,5.24990,-6.81120,0.02072,0.70711,0.00000,0.00000,-0.70711,1.50000,0.00000,0.00000
45940000000,5.24990,-6.84120,0.02072,0.70711,0.00000,0.00000,-0.70711,1.50000,0.00000,0.00000
45960000000,5.24990,-6.87120,0.02072,0.70711,0.00000,0.00000,-0.70711,1.50000,0.00000,0.00000
45980000000,5.24990,-6.90120,0.02072,0.70711,0.00000,0.00000,-0.70711,1.50000,0.00000,0.00000
46000000000,5.24990,-6.93120,0.02072,0.70711,0.00000,0.00000,-0.70711,1.50000,0.00000,0.00000
46020000000,5.24990,-6.96120,0.02072,0.70711,0.00000,0.00000,-0.70711,1.50000,0.00000,0.00000
46040000000,5.24990,-6.99120,0.02072,0.70711,0.00000,0.00000,-0.70711,1.50000,0.00000,0.00000
46060000000,5.24990,-7.02120,0.02072,0.70711,0.00000,0.00000,-0.70711,1.50000,0.00000,0.00000
46080000000,5.24990,-7.05120,0.02072,0.70711,0.00000,0.00000,-0.70711,1.50000,0.00000,0.00000
46100000000,5.24990,-7.08120,0.02072,0.70711,0.00000,0.00000,-0.70711,1.50000,0.00000,0.00000
46120000000,5.24990,-7.11120,0.02072,0.70711,0.00000,0.00000,-0.70711,1.50000,0.00000,0.00000
46140000000,5.24990,-7.14120,0.02072,0.70711,0.00000,0.00000,-0.70711,1.50000,0.00000,0.00000
46160000000,5.24990,-7.17120,0.02072,0.70711,0.00000,0.00000,-0.70711,1.50000,0.00000,0.00000
46180000000,5.24990,-7.20120,0.02072,0.70711,0.00000,0.00000,-0.70711,1.50000,0.00000,0.00000
46200000000,5.24990,-7.23120,0.02072,0.70711,0.00000,0.00000,-0.70711,1.50000,0.00000,0.00000
46220000000,5.24990,-7.26120,0.02072,0.70711,0.00000,0.00000,-0.70711,1.50000,0.00000,0.00000
46240000000,5.24990,-7.29120,0.02072,0.70711,0.00000,0.00000,-0.70711,1.50000,0.00000,0.00000
46260000000,5.24990,-7.32120,0.02072,0.70711,0.00000,0.00000,-0.70711,1.50000,0.00000,0.00000
46280000000,5.24990,-7.35120,0.02072,0.70711,0.00000,0.00000,-0.70711,1.50000,0.00000,0.00000
46300000000,5.24990,-7.38120,0.02072,0.70711,0.00000,0.00000,-0.70711,1.50000,0.00000,0.00000
46320000000,5.24990,-7.41120,0.02072,0.70711,0.00000,0.00000,-0.70711,1.50000,0.00000,0.00000
46340000000,5.24990,-7.44120,0.02072,0.70711,0.00000,0.00000,-0.70711,1.50000,0.00000,0.00000
46360000000,5.24990,-7.47120,0.02072,0.70711,0.00000,0.00000,-0.70711,1.50000,0.00000,0.00000
46380000000,5.24990,-7.50120,0.02072,0.70711,0.00000,0.00000,-0.70711,1.50000,0.00000,0.00000
46400000000,5.24990,-7.53120,0.02072,0.70711,0.00000,0.00000,-0.70711,1.50000,0.00000,0.00000
46420000000,5.24990,-7.56120,0.02072,0.70711,0.00000,0.00000,-0.70711,1.50000,0.00000,0.00000
46440000000,5.24990,-7.59120,0.02072,0.70711,0.00000,0.00000,-0.70711,1.50000,0.00000,0.00000
46460000000,5.24990,-7.62120,0.02072,0.70711,0.00000,0.00000,-0.70711,1.50000,0.00000,0.00000
46480000000,5.24990,-7.65120,0.02072,0.70711,0.00000,0.00000,-0.70711,1.50000,0.00000,0.00000
46500000000,5.24990,-7.68120,0.02072,0.70711,0.00000,0.00000,-0.70711,1.50000,0.00000,0.00000
46520000000,5.24990,-7.71120,0.02072,0.70711,0.00000,0.00000,-0.70711,1.50000,0.00000,0.00000
46540000000,5.24990,-7.74120,0.02072,0.70711,0.00000,0.00000,-0.70711,1.50000,0.00000,0.00000
46560000000,5.24990,-7.77120,0.02072,0.70711,0.00000,0.00000,-0.70711,1.50000,0.00000,0.00000
46580000000,5.24990,-7.80120,0.02072,0.70711,0.00000,0.00000,-0.70711,1.50000,0.00000,0.00000
46600000000,5.24990,-7.83120,0.02072,0.70711,0.00000,0.00000,-0.70711,1.50000,0.00000,0.00000
46620000000,5.24990,-7.86120,0.02072,0.70711,0.00000,0.00000,-0.70711,1.50000,0.00000,0.00000
46640000000,5.24990,-7.89120,0.02072,0.70711,0.00000,0.00000,-0.70711,1.50000,0.00000,0.00000
46660000000,5.24990,-7.92120,0.02072,0.70711,0.00000,0.00000,-0.70711,1.50000,0.00000,0.00000
46680000000,5.24990,-7.95120,0.02072,0.70711,0.00000,0.00000,-0.70711,1.50000,0.00000,0.00000
46700000000,5.24990,-7.98120,0.02072,0.70711,0.00000,0.00000,-0.70711,1.50000,0.00000,0.00000
46720000000,5.24990,-8.01120,0.02072,0.70711,0.00000,0.00000,-0.70711,1.50000,0.00000,0.00000
46740000000,5.24990,-8.04120,0.02072,0.70711,0.00000,0.00000,-0.70711,1.50000,0.00000,0.00000
46760000000,5.24990,-8.07120,0.02072,0.70711,0.00000,0.00000,-0.70711,1.50000,0.00000,0.00000
46780000000,5.24990,-8.10120,0.02072,0.70711,0.00000,0.00000,-0.70711,1.50000,0.00000,0.00000
46800000000,5.24990,-8.13120,0.02072,0.70711,0.00000,0.00000,-0.70711,1.50000,0.00000,0.00000
46820000000,5.24990,-8.16120,0.02072,0.70711,0.00000,0.00000,-0.70711,1.50000,0.00000,0.00000
46840000000,5.24990,-8.19120,0.02072,0.70711,0.00000,0.00000,-0.70711,1.50000,0.00000,0.00000
46860000000,5.24990,-8.22120,0.02072,0.70711,0.00000,0.00000,-0.70711,1.50000,0.00000,0.00000
46880000000,5.24990,-8.25120,0.02072,0.70711,0.00000,0.00000,-0.70711,1.50000,0.00000,0.00000
46900000000,5.24990,-8.28120,0.02072,0.70711,0.00000,0.00000,-0.70711,1.50000,0.00000,0.00000
46920000000,5.24990,-8.31120,0.02072,0.70711,0.00000,0.00000,-0.70711,1.50000,0.00000,0.00000
46940000000,5.24990,-8.34120,0.02072,0.70711,0.00000,0.00000,-0.70711,1.50000,0.00000,0.00000
46960000000,5.24990,-8.37120,0.02072,0.70711,0.00000,0.00000,-0.70711,1.50000,0.00000,0.00000
46980000000,5.24990,-8.40120,0.02072,0.70711,0.00000,0.00000,-0.70711,1.50000,0.00000,0.00000
47000000000,5.24990,-8.43120,0.02072,0.70711,0.00000,0.00000,-0.70711,1.50000,0.00000,0.00000
47020000000,5.24990,-8.46120,0.02072,0.70711,0.00000,0.00000,-0.70711,1.50000,0.00000,0.00000
47040000000,5.24990,-8.49120,0.02072,0.70711,0.00000,0.00000,-0.70711,1.50000,0.00000,0.00000
47060000000,5.24990,-8.52120,0.02072,0.70711,0.00000,0.00000,-0.70711,1.50000,0.00000,0.00000
47080000000,5.24990,-8.55120,0.02072,0.70711,0.00000,0.00000,-0.70711,1.50000,0.00000,0.00000
47100000000,5.24990,-8.58120,0.02072,0.70711,0.00000,0.00000,-0.70711,1.50000,0.00000,0.00000
47120000000,5.24990,-8.61120,0.02072,0.70711,0.00000,0.00000,-0.70711,1.50000,0.00000,0.00000
47140000000,5.24990,-8.64120,0.02072,0.70711,0.00000,0.00000,-0.70711,1.50000,0.00000,0.00000
47160000000,5.24990,-8.67120,0.02072,0.70711,0.00000,0.00000,-0.70711,1.50000,0.00000,0.00000
47180000000,5.24989,-8.70120,0.02072,0.70711,0.00000,0.00000,-0.70711,1.50000,0.00000,0.00000
47200000000,5.24989,-8.73120,0.02072,0.70711,0.00000,0.00000,-0.70711,1.50000,0.00000,0.00000
47220000000,5.24989,-8.76120,0.02072,0.70711,0.00000,0.00000,-0.70711,1.50000,0.00000,0.00000
47240000000,5.24989,-8.79120,0.02072,0.70711,0.00000,0.00000,-0.70711,1.50000,0.00000,0.00000
47260000000,5.24989,-8.82120,0.02072,0.70711,0.00000,0.00000,-0.70711,1.50000,0.00000,0.00000
47280000000,5.24989,-8.85120,0.02072,0.70711,0.00000,0.00000,-0.70711,1.50000,0.00000,0.00000
47300000000,5.24989,-8.88117,0.02072,0.70711,0.00000,0.00000,-0.70711,1.49717,-0.00001,0.00000
47320000000,5.24989,-8.91097,0.02072,0.70710,0.00000,0.00000,-0.70711,1.48814,-0.00016,0.00000
47340000000,5.24988,-8.94060,0.02072,0.70709,0.00000,0.00000,-0.70713,1.48032,-0.00048,0.00000
47360000000,5.24986,-8.97002,0.02072,0.70706,0.00000,0.00000,-0.70715,1.46833,-0.00097,0.00000
47380000000,5.24983,-8.99929,0.02072,0.70701,0.00000,0.00000,-0.70720,1.46246,-0.00166,0.00000
47400000000,5.24977,-9.02840,0.02072,0.70693,0.00000,0.00000,-0.70728,1.45340,-0.00248,0.00000
47420000000,5.24969,-9.05736,0.02072,0.70682,0.00000,0.00000,-0.70739,1.44787,-0.00346,0.00000
47440000000,5.24958,-9.08621,0.02072,0.70668,0.00000,0.00000,-0.70753,1.43999,-0.00451,0.00000
47460000000,5.24942,-9.11486,0.02072,0.70650,0.00000,0.00000,-0.70772,1.42962,-0.00574,0.00000
47480000000,5.24923,-9.14330,0.02072,0.70627,0.00000,0.00000,-0.70795,1.41982,-0.00715,0.00000
47500000000,5.24899,-9.17158,0.02072,0.70598,0.00000,0.00000,-0.70823,1.41308,-0.00874,0.00000
47520000000,5.24868,-9.19969,0.02072,0.70564,0.00000,0.00000,-0.70857,1.40339,-0.01044,0.00000
47540000000,5.24831,-9.22768,0.02072,0.70524,0.00000,0.00000,-0.70897,1.39974,-0.01232,0.00000
47560000000,5.24787,-9.25557,0.02072,0.70477,0.00000,0.00000,-0.70943,1.39251,-0.01422,0.00000
47580000000,5.24735,-9.28329,0.02072,0.70424,0.00000,0.00000,-0.70996,1.38329,-0.01623,0.00000
47600000000,5.24675,-9.31079,0.02072,0.70363,0.00000,0.00000,-0.71056,1.37253,-0.01839,0.00000
47620000000,5.24605,-9.33816,0.02072,0.70294,0.00000,0.00000,-0.71124,1.36919,-0.02080,0.00000
47640000000,5.24525,-9.36544,0.02072,0.70217,0.00000,0.00000,-0.71200,1.36144,-0.02316,0.00000
47660000000,5.24434,-9.39250,0.02072,0.70132,0.00000,0.00000,-0.71285,1.35099,-0.02563,0.00000
47680000000,5.24331,-9.41941,0.02072,0.70038,0.00000,0.00000,-0.71377,1.34621,-0.02834,0.00000
47700000000,5.24216,-9.44619,0.02072,0.69934,0.00000,0.00000,-0.71479,1.33722,-0.03103,0.00000
47720000000,5.24087,-9.47278,0.02072,0.69820,0.00000,0.00000,-0.71590,1.32940,-0.03387,0.00000
47740000000,5.23944,-9.49924,0.02072,0.69696,0.00000,0.00000,-0.71711,1.32421,-0.03688,0.00000
47760000000,5.23785,-9.52559,0.02072,0.69562,0.00000,0.00000,-0.71841,1.31760,-0.03989,0.00000
47780000000,5.23610,-9.55186,0.02072,0.69416,0.00000,0.00000,-0.71982,1.31347,-0.04299,0.00000
47800000000,5.23419,-9.57792,0.02072,0.69260,0.00000,0.00000,-0.72133,1.30371,-0.04602,0.00000
47820000000,5.23211,-9.60379,0.02072,0.69092,0.00000,0.00000,-0.72293,1.29433,-0.04918,0.00000
47840000000,5.22985,-9.62948,0.02072,0.68913,0.00000,0.00000,-0.72464,1.28652,-0.05253,0.00000
47860000000,5.22739,-9.65499,0.02072,0.68721,0.00000,0.00000,-0.72646,1.27834,-0.05587,0.00000
47880000000,5.22474,-9.68032,0.02072,0.68517,0.00000,0.00000,-0.72838,1.27024,-0.05931,0.00000
47900000000,5.22187,-9.70551,0.02072,0.68300,0.00000,0.00000,-0.73042,1.26533,-0.06306,0.00000
47920000000,5.21879,-9.73058,0.02072,0.68069,0.00000,0.00000,-0.73257,1.25933,-0.06659,0.00000
47940000000,5.21548,-9.75548,0.02072,0.67824,0.00000,0.00000,-0.73484,1.25279,-0.07016,0.00000
47960000000,5.21194,-9.78024,0.02072,0.67565,0.00000,0.00000,-0.73722,1.24685,-0.07402,0.00000
47980000000,5.20815,-9.80485,0.02072,0.67292,0.00000,0.00000,-0.73972,1.24151,-0.07771,0.00000
48000000000,5.20411,-9.82933,0.02072,0.67003,0.00000,0.00000,-0.74234,1.23680,-0.08141,0.00000
48020000000,5.19981,-9.85369,0.02072,0.66697,0.00000,0.00000,-0.74508,1.23277,-0.08519,0.00000
48040000000,5.19524,-9.87793,0.02072,0.66375,0.00000,0.00000,-0.74796,1.22944,-0.08899,0.00000
48060000000,5.19038,-9.90206,0.02072,0.66034,0.00000,0.00000,-0.75097,1.22688,-0.09307,0.00000
48080000000,5.18522,-9.92610,0.02072,0.65675,0.00000,0.00000,-0.75411,1.22511,-0.09713,0.00000
48100000000,5.17975,-9.95005,0.02072,0.65297,0.00000,0.00000,-0.75738,1.22416,-0.10113,0.00000
48120000000,5.17396,-9.97393,0.02072,0.64898,0.00000,0.00000,-0.76080,1.22403,-0.10493,0.00000
48140000000,5.16783,-9.99774,0.02072,0.64477,0.00000,0.00000,-0.76437,1.22478,-0.10878,0.00000
48160000000,5.16134,-10.02149,0.02072,0.64035,0.00000,0.00000,-0.76809,1.22659,-0.11329,0.00000
48180000000,5.15448,-10.04520,0.02072,0.63569,0.00000,0.00000,-0.77194,1.22938,-0.11770,0.00000
48200000000,5.14722,-10.06887,0.02072,0.63082,0.00000,0.00000,-0.77593,1.23331,-0.12247,0.00000
48220000000,5.13954,-10.09253,0.02072,0.62572,0.00000,0.00000,-0.78005,1.23833,-0.12715,0.00000
48240000000,5.13143,-10.11617,0.02072,0.62038,0.00000,0.00000,-0.78430,1.24448,-0.13173,0.00000
48260000000,5.12287,-10.13981,0.02072,0.61479,0.00000,0.00000,-0.78869,1.25180,-0.13619,0.00000
48280000000,5.11384,-10.16346,0.02072,0.60895,0.00000,0.00000,-0.79321,1.26031,-0.14053,0.00000
48300000000,5.10432,-10.18713,0.02072,0.60283,0.00000,0.00000,-0.79787,1.27006,-0.14474,0.00000
48320000000,5.09429,-10.21083,0.02072,0.59642,0.00000,0.00000,-0.80267,1.28109,-0.14878,0.00000
48340000000,5.08374,-10.23457,0.02072,0.58971,0.00000,0.00000,-0.80762,1.29343,-0.15264,-0.00000
48360000000,5.07262,-10.25836,0.02072,0.58266,0.00000,0.00000,-0.81271,1.30713,-0.15629,-0.00000
48380000000,5.06092,-10.28220,0.02072,0.57526,0.00000,0.00000,-0.81797,1.32222,-0.15969,-0.00000
48400000000,5.04861,-10.30610,0.02072,0.56749,0.00000,0.00000,-0.82338,1.33877,-0.16282,-0.00000
48420000000,5.03565,-10.33007,0.02072,0.55931,0.00000,0.00000,-0.82896,1.35682,-0.16561,-0.00000
48440000000,5.02202,-10.35410,0.02072,0.55068,0.00000,0.00000,-0.83471,1.37642,-0.16803,-0.00000
48460000000,5.00767,-10.37821,0.02072,0.54159,0.00000,0.00000,-0.84064,1.39764,-0.17000,-0.00000
48480000000,4.99257,-10.40238,0.02072,0.53197,0.00000,0.00000,-0.84676,1.42053,-0.17145,-0.00000
48500000000,4.97667,-10.42661,0.02072,0.52180,0.00000,0.00000,-0.85307,1.44516,-0.17230,-0.00000
48520000000,4.95991,-10.45090,0.02072,0.51106,0.00000,0.00000,-0.85955,1.47242,-0.17489,-0.00000
48540000000,4.94219,-10.47523,0.02072,-0.49975,-0.00000,-0.00000,0.86617,1.50197,-0.17736,-0.00000
48560000000,4.92361,-10.49932,0.02072,-0.48803,-0.00000,-0.00000,0.87283,1.50868,-0.18132,-0.00000
48580000000,4.90439,-10.52269,0.02072,-0.47629,-0.00000,-0.00000,0.87929,1.49900,-0.18687,-0.00000
48600000000,4.88457,-10.54533,0.02072,-0.46454,-0.00000,-0.00000,0.88555,1.49047,-0.19256,-0.00000
48620000000,4.86414,-10.56724,0.02072,-0.45281,-0.00000,-0.00000,0.89161,1.48305,-0.19835,-0.00000
48640000000,4.84313,-10.58844,0.02072,-0.44110,-0.00000,-0.00000,0.89746,1.47673,-0.20422,-0.00000
48660000000,4.82156,-10.60891,0.02072,-0.42944,-0.00000,-0.00000,0.90309,1.47148,-0.21014,-0.00000
48680000000,4.79943,-10.62869,0.02072,-0.41783,-0.00000,-0.00000,0.90852,1.46728,-0.21608,-0.00000
48700000000,4.77676,-10.64776,0.02072,-0.40629,-0.00000,-0.00000,0.91374,1.46409,-0.22200,-0.00000
48720000000,4.75356,-10.66614,0.02072,-0.39483,-0.00000,-0.00000,0.91876,1.46190,-0.22789,-0.00000
48740000000,4.72985,-10.68383,0.02072,-0.38345,-0.00000,-0.00000,0.92356,1.46067,-0.23369,-0.00000
48760000000,4.70564,-10.70085,0.02072,-0.37216,-0.00000,-0.00000,0.92817,1.46037,-0.23940,-0.00000
48780000000,4.68094,-10.71720,0.02072,-0.36098,-0.00000,-0.00000,0.93258,1.46098,-0.24498,0.00000
48800000000,4.65583,-10.73296,0.02072,-0.35000,-0.00000,-0.00000,0.93675,1.46254,-0.24216,0.00000
48820000000,4.63049,-10.74834,0.02072,-0.33952,-0.00000,-0.00000,0.94060,1.46446,-0.22965,0.00000
48840000000,4.60492,-10.76334,0.02072,-0.32944,-0.00000,-0.00000,0.94418,1.46554,-0.22287,0.00000
48860000000,4.57899,-10.77773,0.02072,-0.31916,-0.00000,-0.00000,0.94770,1.46467,-0.22830,0.00000
48880000000,4.55268,-10.79139,0.02072,-0.30849,-0.00000,-0.00000,0.95123,1.46366,-0.23489,0.00000
48900000000,4.52601,-10.80433,0.02072,-0.29744,-0.00000,-0.00000,0.95474,1.46201,-0.24441,0.00000
48920000000,4.49909,-10.81659,0.02072,-0.28607,-0.00000,-0.00000,0.95821,1.45800,-0.24014,0.00000
48940000000,4.47200,-10.82824,0.02072,-0.27455,-0.00000,-0.00000,0.96157,1.45482,-0.23682,0.00000
48960000000,4.44465,-10.83922,0.02072,-0.26300,-0.00000,-0.00000,0.96480,1.45444,-0.23745,0.00000
48980000000,4.41695,-10.84951,0.02072,-0.25149,-0.00000,-0.00000,0.96786,1.45895,-0.24315,0.00000
49000000000,4.38892,-10.85916,0.02072,-0.24018,-0.00000,-0.00000,0.97073,1.46280,-0.24049,0.00000
49020000000,4.36075,-10.86839,0.02072,-0.22941,-0.00000,-0.00000,0.97333,1.46472,-0.22798,0.00000
49040000000,4.33236,-10.87714,0.02072,-0.21900,-0.00000,-0.00000,0.97572,1.46966,-0.22673,0.00000
49060000000,4.30364,-10.88528,0.02072,-0.20873,-0.00000,-0.00000,0.97797,1.47650,-0.23030,0.00000
49080000000,4.27460,-10.89282,0.02072,-0.19858,-0.00000,-0.00000,0.98008,1.48397,-0.23352,0.00000
49100000000,4.24524,-10.89976,0.02072,-0.18856,-0.00000,-0.00000,0.98206,1.49201,-0.23638,0.00000
49120000000,4.21557,-10.90612,0.02072,-0.17866,-0.00000,-0.00000,0.98391,1.50045,-0.23880,0.00000
49140000000,4.18561,-10.91190,0.02072,-0.16887,-0.00000,-0.00000,0.98564,1.50858,-0.24057,0.00000
49160000000,4.15539,-10.91712,0.02072,-0.15918,-0.00000,-0.00000,0.98725,1.51632,-0.24169,0.00000
49180000000,4.12492,-10.92178,0.02072,-0.14961,-0.00000,-0.00000,0.98875,1.52368,-0.24216,0.00000
49200000000,4.09424,-10.92589,0.02072,-0.14013,-0.00000,-0.00000,0.99013,1.53070,-0.24201,0.00000
49220000000,4.06335,-10.92947,0.02072,-0.13075,-0.00000,-0.00000,0.99141,1.53738,-0.24125,0.00000
49240000000,4.03229,-10.93252,0.02072,-0.12147,-0.00000,-0.00000,0.99259,1.54375,-0.23989,0.00000
49260000000,4.00106,-10.93505,0.02072,-0.11228,-0.00000,-0.00000,0.99368,1.54984,-0.23797,0.00000
49280000000,3.96968,-10.93708,0.02072,-0.10319,-0.00000,-0.00000,0.99466,1.55565,-0.23548,0.00000
49300000000,3.93818,-10.93862,0.02072,-0.09419,-0.00000,-0.00000,0.99555,1.56122,-0.23244,0.00000
49320000000,3.90656,-10.93968,0.02072,-0.08528,-0.00000,-0.00000,0.99636,1.56655,-0.22887,0.00000
49340000000,3.87483,-10.94027,0.02072,-0.07646,-0.00000,-0.00000,0.99707,1.57167,-0.22478,0.00000
49360000000,3.84301,-10.94041,0.02072,-0.06774,-0.00000,-0.00000,0.99770,1.57660,-0.22019,0.00000
49380000000,3.81112,-10.94010,0.02072,-0.05912,-0.00000,-0.00000,0.99825,1.58134,-0.21509,0.00000
49400000000,3.77915,-10.93936,0.02072,-0.05059,-0.00000,-0.00000,0.99872,1.58592,-0.20952,0.00000
49420000000,3.74712,-10.93821,0.02072,-0.04217,-0.00000,-0.00000,0.99911,1.59035,-0.20347,0.00000
49440000000,3.71504,-10.93666,0.02072,-0.03385,-0.00000,-0.00000,0.99943,1.59465,-0.19696,0.00000
49460000000,3.68292,-10.93472,0.02072,-0.02563,-0.00000,-0.00000,0.99967,1.59882,-0.19000,0.00000
49480000000,3.65075,-10.93240,0.02072,-0.01752,-0.00000,-0.00000,0.99985,1.60287,-0.18260,0.00000
49500000000,3.61855,-10.92972,0.02072,-0.00953,-0.00000,-0.00000,0.99995,1.60682,-0.17477,0.00000
49520000000,3.58632,-10.92669,0.02072,-0.00164,-0.00000,-0.00000,1.00000,1.61066,-0.16653,0.00000
49540000000,3.55407,-10.92331,0.02072,0.00606,0.00000,-0.00000,0.99998,1.61447,-0.15988,0.00000
49560000000,3.52179,-10.91955,0.02072,0.01345,0.00000,-0.00000,0.99991,1.61818,-0.15480,0.00000
49580000000,3.48950,-10.91542,0.02072,0.02050,0.00000,-0.00000,0.99979,1.62169,-0.14950,0.00000
49600000000,3.45719,-10.91095,0.02072,0.02721,0.00000,-0.00000,0.99963,1.62501,-0.14407,0.00000
49620000000,3.42488,-10.90617,0.02072,0.03358,0.00000,-0.00000,0.99944,1.62810,-0.13828,0.00000
49640000000,3.39256,-10.90111,0.02072,0.03964,0.00000,-0.00000,0.99921,1.63082,-0.13214,0.00000
49660000000,3.36024,-10.89578,0.02072,0.04542,0.00000,-0.00000,0.99897,1.63317,-0.12615,0.00000
49680000000,3.32794,-10.89020,0.02072,0.05097,0.00000,-0.00000,0.99870,1.63516,-0.12046,0.00000
49700000000,3.29565,-10.88436,0.02072,0.05632,0.00000,-0.00000,0.99841,1.63681,-0.11506,0.00000
49720000000,3.26338,-10.87829,0.02072,0.06149,0.00000,-0.00000,0.99811,1.63812,-0.10996,0.00000
49740000000,3.23115,-10.87199,0.02072,0.06651,0.00000,-0.00000,0.99779,1.63911,-0.10517,0.00000
49760000000,3.19905,-10.86547,0.02072,0.07138,0.00000,-0.00000,0.99745,1.63124,-0.10066,0.00000
49780000000,3.16730,-10.85877,0.02072,0.07605,0.00000,-0.00000,0.99710,1.61516,-0.09659,0.00000
49800000000,3.13591,-10.85189,0.02072,0.08054,0.00000,-0.00000,0.99675,1.60068,-0.09311,0.00000
49820000000,3.10465,-10.84481,0.02072,0.08488,0.00000,-0.00000,0.99639,1.60030,-0.09097,0.00000
49840000000,3.07343,-10.83749,0.02072,0.08904,0.00000,-0.00000,0.99603,1.60059,-0.08901,0.00000
49860000000,3.04227,-10.82997,0.02072,0.09305,0.00000,-0.00000,0.99566,1.60053,-0.08616,0.00000
49880000000,3.01116,-10.82225,0.02072,0.09691,0.00000,-0.00000,0.99529,1.60032,-0.08361,0.00000
49900000000,2.98011,-10.81435,0.02072,0.10057,0.00000,-0.00000,0.99493,1.60006,-0.08139,0.00000
49920000000,2.94911,-10.80628,0.02072,0.10405,0.00000,-0.00000,0.99457,1.59956,-0.07868,0.00000
49940000000,2.91816,-10.79805,0.02072,0.10732,0.00000,-0.00000,0.99422,1.59901,-0.07619,0.00000
49960000000,2.88727,-10.78968,0.02072,0.11038,0.00000,-0.00000,0.99389,1.59828,-0.07333,0.00000
49980000000,2.85644,-10.78119,0.02072,0.11321,0.00000,-0.00000,0.99357,1.59750,-0.07059,0.00000
50000000000,2.82565,-10.77258,0.02072,0.11581,0.00000,-0.00000,0.99327,1.59654,-0.06737,0.00000
50020000000,2.79491,-10.76390,0.02072,0.11819,0.00000,-0.00000,0.99299,1.59545,-0.06402,0.00000
50040000000,2.76422,-10.75515,0.02072,0.12031,0.00000,-0.00000,0.99274,1.59443,-0.06106,0.00000
50060000000,2.73357,-10.74633,0.02072,0.12217,0.00000,-0.00000,0.99251,1.59330,-0.05770,0.00000
50080000000,2.70295,-10.73749,0.02072,0.12378,0.00000,-0.00000,0.99231,1.59201,-0.05383,0.00000
50100000000,2.67237,-10.72864,0.02072,0.12514,0.00000,-0.00000,0.99214,1.59074,-0.05014,0.00000
50120000000,2.64182,-10.71979,0.02072,0.12622,0.00000,-0.00000,0.99200,1.58956,-0.04664,0.00000
50140000000,2.61128,-10.71096,0.02072,0.12702,0.00000,-0.00000,0.99190,1.58824,-0.04248,0.00000
50160000000,2.58077,-10.70218,0.02072,0.12754,0.00000,-0.00000,0.99183,1.58704,-0.03859,0.00000
50180000000,2.55026,-10.69346,0.02072,0.12779,0.00000,-0.00000,0.99180,1.58574,-0.03401,0.00000
50200000000,2.51975,-10.68483,0.02072,0.12776,0.00000,-0.00000,0.99181,1.58454,-0.02951,0.00000
50220000000,2.48924,-10.67633,0.02072,0.12753,0.00000,-0.00000,0.99183,1.58282,-0.02296,0.00000
50240000000,2.45873,-10.66799,0.02072,0.12717,0.00000,-0.00000,0.99188,1.58111,-0.01661,0.00000
50260000000,2.42821,-10.65980,0.02072,0.12669,0.00000,-0.00000,0.99194,1.57952,-0.01071,0.00000
50280000000,2.39768,-10.65176,0.02072,0.12611,0.00000,-0.00000,0.99202,1.57809,-0.00525,0.00000
50300000000,2.36715,-10.64386,0.02072,0.12544,0.00000,-0.00000,0.99210,1.57685,-0.00022,0.00000
50320000000,2.33659,-10.63610,0.02072,0.12471,0.00000,-0.00000,0.99219,1.57581,0.00442,0.00000
50340000000,2.30603,-10.62847,0.02072,0.12393,0.00000,-0.00000,0.99229,1.57498,0.00866,0.00000
50360000000,2.27544,-10.62098,0.02072,0.12311,0.00000,-0.00000,0.99239,1.57436,0.01254,0.00000
50380000000,2.24483,-10.61361,0.02072,0.12227,0.00000,-0.00000,0.99250,1.57396,0.01604,0.00000
50400000000,2.21428,-10.60636,0.02072,0.12141,0.00000,-0.00000,0.99260,1.56716,0.01836,0.00000
50420000000,2.18395,-10.59926,0.02072,0.12050,0.00000,-0.00000,0.99271,1.55363,0.01945,0.00000
50440000000,2.15387,-10.59229,0.02072,0.11954,0.00000,-0.00000,0.99283,1.54037,0.02022,0.00000
50460000000,2.12403,-10.58546,0.02072,0.11856,0.00000,-0.00000,0.99295,1.52736,0.02070,0.00000
50480000000,2.09443,-10.57875,0.02072,0.11757,0.00000,-0.00000,0.99306,1.51459,0.02090,0.00000
50500000000,2.06504,-10.57214,0.02072,0.11661,0.00000,-0.00000,0.99318,1.50331,0.01936,0.00000
50520000000,2.03577,-10.56541,0.02072,0.11608,0.00000,-0.00000,0.99324,1.50137,0.00876,0.00000
50540000000,2.00649,-10.55871,0.02072,0.11558,0.00000,-0.00000,0.99330,1.50186,0.01191,0.00000
50560000000,1.97714,-10.55220,0.02072,0.11468,0.00000,-0.00000,0.99340,1.50330,0.01999,0.00000
50580000000,1.94775,-10.54576,0.02072,0.11368,0.00000,-0.00000,0.99352,1.50476,0.01985,0.00000
50600000000,1.91831,-10.53936,0.02072,0.11262,0.00000,-0.00000,0.99364,1.50652,0.01906,0.00000
50620000000,1.88883,-10.53302,0.02072,0.11151,0.00000,-0.00000,0.99376,1.50827,0.01927,0.00000
50640000000,1.85929,-10.52674,0.02072,0.11035,0.00000,-0.00000,0.99389,1.51034,0.01906,0.00000
50660000000,1.82970,-10.52052,0.02072,0.10912,0.00000,-0.00000,0.99403,1.51250,0.01944,0.00000
50680000000,1.80004,-10.51440,0.02072,0.10789,0.00000,-0.00000,0.99416,1.51447,0.02160,0.00000
50700000000,1.77031,-10.50838,0.02072,0.10671,0.00000,-0.00000,0.99429,1.51663,0.02370,0.00000
50720000000,1.74067,-10.50248,0.02072,0.10555,0.00000,-0.00000,0.99441,1.50809,0.02421,0.00000
50740000000,1.71119,-10.49657,0.02072,0.10465,0.00000,-0.00000,0.99451,1.50249,0.01599,0.00000
50760000000,1.68180,-10.49047,0.02072,0.10433,0.00000,-0.00000,0.99454,1.50054,0.00348,0.00000
50780000000,1.65245,-10.48424,0.02072,0.10433,0.00000,-0.00000,0.99454,1.50000,-0.00000,0.00000
50800000000,1.62310,-10.47801,0.02072,0.10433,0.00000,-0.00000,0.99454,1.50000,-0.00000,0.00000
50820000000,1.59376,-10.47179,0.02072,0.10433,0.00000,-0.00000,0.99454,1.50000,-0.00000,0.00000
50840000000,1.56441,-10.46556,0.02072,0.10433,0.00000,-0.00000,0.99454,1.50000,-0.00000,0.00000
50860000000,1.53506,-10.45934,0.02072,0.10433,0.00000,-0.00000,0.99454,1.50000,-0.00000,0.00000
50880000000,1.50567,-10.45324,0.02072,0.10403,0.00000,-0.00000,0.99457,1.50144,0.00921,0.00000
50900000000,1.47619,-10.44738,0.02072,0.10319,0.00000,-0.00000,0.99466,1.50326,0.01996,0.00000
50920000000,1.44662,-10.44164,0.02072,0.10216,0.00000,-0.00000,0.99477,1.50656,0.02075,0.00000
50940000000,1.41698,-10.43594,0.02072,0.10110,0.00000,-0.00000,0.99488,1.51011,0.02077,0.00000
50960000000,1.38725,-10.43030,0.02072,0.10001,0.00000,-0.00000,0.99499,1.51385,0.02077,0.00000
50980000000,1.35743,-10.42471,0.02072,0.09886,0.00000,-0.00000,0.99510,1.51778,0.02091,0.00000
51000000000,1.32752,-10.41918,0.02072,0.09766,0.00000,-0.00000,0.99522,1.52188,0.02135,0.00000
51020000000,1.29751,-10.41371,0.02072,0.09640,0.00000,-0.00000,0.99534,1.52618,0.02194,0.00000
51040000000,1.26739,-10.40833,0.02072,0.09507,0.00000,-0.00000,0.99547,1.53066,0.02283,0.00000
51060000000,1.23716,-10.40305,0.02072,0.09372,0.00000,-0.00000,0.99560,1.53503,0.02542,0.00000
51080000000,1.20686,-10.39789,0.02072,0.09240,0.00000,-0.00000,0.99572,1.53671,0.02765,0.00000
51100000000,1.17672,-10.39286,0.02072,0.09106,0.00000,-0.00000,0.99585,1.52400,0.02799,0.00000
51120000000,1.14683,-10.38796,0.02072,0.08972,0.00000,-0.00000,0.99597,1.51136,0.02805,0.00000
51140000000,1.11712,-10.38311,0.02072,0.08853,0.00000,-0.00000,0.99607,1.50351,0.02247,0.00000
51160000000,1.08751,-10.37810,0.02072,0.08790,0.00000,-0.00000,0.99613,1.50139,0.01030,0.00000
51180000000,1.05801,-10.37305,0.02072,0.08749,0.00000,-0.00000,0.99617,1.49460,0.00889,0.00000
51200000000,1.02858,-10.36803,0.02072,0.08708,0.00000,-0.00000,0.99620,1.49273,0.00854,0.00000
51220000000,0.99914,-10.36302,0.02072,0.08667,0.00000,-0.00000,0.99624,1.49287,0.00837,0.00000
51240000000,0.96970,-10.35804,0.02072,0.08628,0.00000,-0.00000,0.99627,1.49301,0.00821,0.00000
51260000000,0.94025,-10.35308,0.02072,0.08589,0.00000,-0.00000,0.99630,1.49315,0.00804,0.00000
51280000000,0.91080,-10.34814,0.02072,0.08551,0.00000,-0.00000,0.99634,1.49329,0.00788,0.00000
51300000000,0.88134,-10.34321,0.02072,0.08514,0.00000,-0.00000,0.99637,1.49342,0.00773,0.00000
51320000000,0.85187,-10.33831,0.02072,0.08478,0.00000,-0.00000,0.99640,1.49355,0.00758,0.00000
51340000000,0.82240,-10.33342,0.02072,0.08442,0.00000,-0.00000,0.99643,1.49368,0.00743,0.00000
51360000000,0.79293,-10.32855,0.02072,0.08407,0.00000,-0.00000,0.99646,1.49381,0.00728,0.00000
51380000000,0.76345,-10.32369,0.02072,0.08373,0.00000,-0.00000,0.99649,1.49393,0.00713,0.00000
51400000000,0.73396,-10.31885,0.02072,0.08339,0.00000,-0.00000,0.99652,1.49405,0.00699,0.00000
51420000000,0.70447,-10.31403,0.02072,0.08307,0.00000,-0.00000,0.99654,1.49417,0.00685,0.00000
51440000000,0.67497,-10.30923,0.02072,0.08274,0.00000,-0.00000,0.99657,1.49428,0.00672,0.00000
51460000000,0.64547,-10.30444,0.02072,0.08243,0.00000,-0.00000,0.99660,1.49440,0.00658,0.00000
51480000000,0.61596,-10.29967,0.02072,0.08212,0.00000,-0.00000,0.99662,1.49451,0.00645,0.00000
51500000000,0.58645,-10.29491,0.02072,0.08181,0.00000,-0.00000,0.99665,1.49462,0.00633,0.00000
51520000000,0.55694,-10.29017,0.02072,0.08151,0.00000,-0.00000,0.99667,1.49472,0.00620,0.00000
51540000000,0.52742,-10.28544,0.02072,0.08122,0.00000,-0.00000,0.99670,1.49483,0.00608,0.00000
51560000000,0.49789,-10.28072,0.02072,0.08094,0.00000,-0.00000,0.99672,1.49493,0.00596,0.00000
51580000000,0.46836,-10.27603,0.02072,0.08066,0.00000,-0.00000,0.99674,1.49503,0.00584,0.00000
51600000000,0.43883,-10.27134,0.02072,0.08038,0.00000,-0.00000,0.99676,1.49513,0.00572,0.00000
51620000000,0.40929,-10.26667,0.02072,0.08011,0.00000,-0.00000,0.99679,1.49541,0.00561,0.00000
51640000000,0.37964,-10.26204,0.02072,0.07975,0.00000,-0.00000,0.99682,1.50146,0.00934,0.00000
51660000000,0.34990,-10.25759,0.02072,0.07898,0.00000,-0.00000,0.99688,1.50446,0.01722,0.00000
51680000000,0.32003,-10.25320,0.02072,0.07813,0.00000,-0.00000,0.99694,1.51100,0.01708,0.00000
51700000000,0.29003,-10.24885,0.02072,0.07725,0.00000,-0.00000,0.99701,1.51758,0.01775,0.00000
51720000000,0.25988,-10.24454,0.02072,0.07635,0.00000,-0.00000,0.99708,1.52438,0.01806,0.00000
51740000000,0.22958,-10.24028,0.02072,0.07540,0.00000,-0.00000,0.99715,1.53131,0.01873,0.00000
51760000000,0.19914,-10.23607,0.02072,0.07439,0.00000,-0.00000,0.99723,1.53842,0.01940,0.00000
51780000000,0.16854,-10.23193,0.02072,0.07334,0.00000,-0.00000,0.99731,1.54558,0.02088,0.00000
51800000000,0.13778,-10.22786,0.02072,0.07223,0.00000,-0.00000,0.99739,1.55298,0.02206,0.00000
51820000000,0.10686,-10.22386,0.02072,0.07104,0.00000,-0.00000,0.99747,1.56054,0.02365,0.00000
51840000000,0.07577,-10.21996,0.02072,0.06978,0.00000,-0.00000,0.99756,1.56829,0.02532,0.00000
51860000000,0.04452,-10.21615,0.02072,0.06843,0.00000,-0.00000,0.99766,1.57626,0.02724,0.00000
51880000000,0.01308,-10.21245,0.02072,0.06699,0.00000,-0.00000,0.99775,1.58445,0.02929,0.00000
51900000000,-0.01854,-10.20886,0.02072,0.06544,0.00000,-0.00000,0.99786,1.59286,0.03173,0.00000
51920000000,-0.05034,-10.20540,0.02072,0.06377,0.00000,-0.00000,0.99796,1.60154,0.03420,0.00000
51940000000,-0.08235,-10.20209,0.02072,0.06198,0.00000,-0.00000,0.99808,1.61046,0.03719,0.00000
51960000000,-0.11452,-10.19894,0.02072,0.06008,0.00000,-0.00000,0.99819,1.61655,0.04028,0.00000
51980000000,-0.14652,-10.19598,0.02072,0.05807,0.00000,-0.00000,0.99831,1.60267,0.04236,0.00000
52000000000,-0.17825,-10.19323,0.02072,0.05598,0.00000,-0.00000,0.99843,1.58865,0.04402,0.00000
52020000000,-0.20973,-10.19067,0.02072,0.05383,0.00000,-0.00000,0.99855,1.57494,0.04533,0.00000
52040000000,-0.24095,-10.18829,0.02072,0.05162,0.00000,-0.00000,0.99867,1.56151,0.04631,0.00000
52060000000,-0.27192,-10.18609,0.02072,0.04938,0.00000,-0.00000,0.99878,1.54835,0.04697,0.00000
52080000000,-0.30264,-10.18407,0.02072,0.04711,0.00000,-0.00000,0.99889,1.53545,0.04733,0.00000
52100000000,-0.33311,-10.18222,0.02072,0.04484,0.00000,-0.00000,0.99899,1.52278,0.04741,0.00000
52120000000,-0.36335,-10.18052,0.02072,0.04257,0.00000,-0.00000,0.99909,1.51034,0.04723,0.00000
52140000000,-0.39344,-10.17884,0.02072,0.04061,0.00000,-0.00000,0.99918,1.50541,0.03822,0.00000
52160000000,-0.42334,-10.17720,0.02072,0.03884,0.00000,-0.00000,0.99925,1.49402,0.03680,0.00000
52180000000,-0.45301,-10.17568,0.02072,0.03710,0.00000,-0.00000,0.99931,1.48197,0.03616,0.00000
52200000000,-0.48246,-10.17425,0.02072,0.03539,0.00000,-0.00000,0.99937,1.47082,0.03529,0.00000
52220000000,-0.51184,-10.17292,0.02072,0.03373,0.00000,-0.00000,0.99943,1.47058,0.03457,0.00000
52240000000,-0.54124,-10.17166,0.02072,0.03210,0.00000,-0.00000,0.99948,1.47116,0.03389,0.00000
52260000000,-0.57066,-10.17049,0.02072,0.03050,0.00000,-0.00000,0.99953,1.47174,0.03321,0.00000
52280000000,-0.60009,-10.16940,0.02072,0.02893,0.00000,-0.00000,0.99958,1.47230,0.03255,0.00000
52300000000,-0.62953,-10.16838,0.02072,0.02739,0.00000,-0.00000,0.99962,1.47285,0.03190,0.00000
52320000000,-0.65899,-10.16744,0.02072,0.02588,0.00000,-0.00000,0.99966,1.47339,0.03127,0.00000
52340000000,-0.68846,-10.16658,0.02072,0.02441,0.00000,-0.00000,0.99970,1.47392,0.03064,0.00000
52360000000,-0.71794,-10.16579,0.02072,0.02296,0.00000,-0.00000,0.99974,1.47444,0.03003,0.00000
52380000000,-0.74743,-10.16507,0.02072,0.02154,0.00000,-0.00000,0.99977,1.47495,0.02944,0.00000
52400000000,-0.77694,-10.16442,0.02072,0.02015,0.00000,-0.00000,0.99980,1.47545,0.02885,0.00000
52420000000,-0.80646,-10.16384,0.02072,0.01879,0.00000,-0.00000,0.99982,1.47593,0.02828,0.00000
52440000000,-0.83598,-10.16333,0.02072,0.01745,0.00000,-0.00000,0.99985,1.47641,0.02772,0.00000
52460000000,-0.86552,-10.16289,0.02072,0.01614,0.00000,-0.00000,0.99987,1.47688,0.02716,0.00000
52480000000,-0.89507,-10.16251,0.02072,0.01486,0.00000,-0.00000,0.99989,1.47734,0.02662,0.00000
52500000000,-0.92462,-10.16219,0.02072,0.01360,0.00000,-0.00000,0.99991,1.47779,0.02609,0.00000
52520000000,-0.95419,-10.16194,0.02072,0.01237,0.00000,-0.00000,0.99992,1.47823,0.02558,0.00000
52540000000,-0.98386,-10.16175,0.02072,0.01116,0.00000,-0.00000,0.99994,1.48652,0.02526,0.00000
52560000000,-1.01373,-10.16162,0.02072,0.00995,0.00000,-0.00000,0.99995,1.49627,0.02515,0.00000
52580000000,-1.04380,-10.16160,0.02072,0.00868,0.00000,-0.00000,0.99996,1.50432,0.02767,0.00000
52600000000,-1.07398,-10.16176,0.02072,0.00715,0.00000,-0.00000,0.99997,1.51101,0.03219,0.00000
52620000000,-1.10438,-10.16202,0.02072,0.00559,0.00000,-0.00000,0.99998,1.52303,0.03269,0.00000
52640000000,-1.13498,-10.16239,0.02072,0.00400,0.00000,-0.00000,0.99999,1.53143,0.03332,0.00000
52660000000,-1.16575,-10.16288,0.02072,0.00237,0.00000,-0.00000,1.00000,1.54117,0.03419,0.00000
52680000000,-1.19664,-10.16349,0.02072,0.00070,-0.00000,-0.00000,1.00000,1.54498,0.03509,0.00000
52700000000,-1.22767,-10.16422,0.02072,-0.00103,-0.00000,-0.00000,1.00000,1.55194,0.03615,0.00000
52720000000,-1.25873,-10.16507,0.02072,-0.00281,-0.00000,-0.00000,1.00000,1.55496,0.03705,0.00000
52740000000,-1.28999,-10.16607,0.02072,-0.00467,-0.00000,-0.00000,0.99999,1.56609,0.03823,0.00000
52760000000,-1.32144,-10.16721,0.02072,-0.00663,-0.00000,-0.00000,0.99998,1.57536,0.03957,0.00000
52780000000,-1.35288,-10.16850,0.02072,-0.00866,-0.00000,-0.00000,0.99996,1.57017,0.04076,0.00000
52800000000,-1.38406,-10.16994,0.02072,-0.01075,-0.00000,-0.00000,0.99994,1.55679,0.04170,0.00000
52820000000,-1.41497,-10.17152,0.02072,-0.01287,-0.00000,-0.00000,0.99992,1.54375,0.04242,0.00000
52840000000,-1.44562,-10.17324,0.02072,-0.01500,-0.00000,-0.00000,0.99989,1.53106,0.04296,0.00000
52860000000,-1.47601,-10.17508,0.02072,-0.01711,-0.00000,-0.00000,0.99985,1.51869,0.04333,0.00000
52880000000,-1.50616,-10.17704,0.02072,-0.01919,-0.00000,-0.00000,0.99982,1.50732,0.04264,0.00000
52900000000,-1.53614,-10.17901,0.02072,-0.02100,-0.00000,-0.00000,0.99978,1.49933,0.03784,0.00000
52920000000,-1.56589,-10.18107,0.02072,-0.02275,-0.00000,-0.00000,0.99974,1.48771,0.03782,0.00000
52940000000,-1.59541,-10.18323,0.02072,-0.02444,-0.00000,-0.00000,0.99970,1.47635,0.03763,0.00000
52960000000,-1.62477,-10.18546,0.02072,-0.02606,-0.00000,-0.00000,0.99966,1.47152,0.03714,0.00000
52980000000,-1.65412,-10.18777,0.02072,-0.02765,-0.00000,-0.00000,0.99962,1.47220,0.03650,0.00000
53000000000,-1.68349,-10.19017,0.02072,-0.02920,-0.00000,-0.00000,0.99957,1.47285,0.03587,0.00000
53020000000,-1.71286,-10.19264,0.02072,-0.03071,-0.00000,-0.00000,0.99953,1.47349,0.03525,0.00000
53040000000,-1.74224,-10.19519,0.02072,-0.03219,-0.00000,-0.00000,0.99948,1.47411,0.03463,0.00000
53060000000,-1.77162,-10.19782,0.02072,-0.03364,-0.00000,-0.00000,0.99943,1.47472,0.03403,0.00000
53080000000,-1.80101,-10.20052,0.02072,-0.03506,-0.00000,-0.00000,0.99939,1.47531,0.03343,0.00000
53100000000,-1.83040,-10.20329,0.02072,-0.03644,-0.00000,-0.00000,0.99934,1.47589,0.03284,0.00000
53120000000,-1.85974,-10.20612,0.02072,-0.03778,-0.00000,-0.00000,0.99929,1.47099,0.03252,0.00000
53140000000,-1.88887,-10.20902,0.02072,-0.03903,-0.00000,-0.00000,0.99924,1.46106,0.03232,0.00000
53160000000,-1.91782,-10.21196,0.02072,-0.04018,-0.00000,-0.00000,0.99919,1.45302,0.03182,0.00000
53180000000,-1.94665,-10.21494,0.02072,-0.04125,-0.00000,-0.00000,0.99915,1.44638,0.03116,0.00000
53200000000,-1.97528,-10.21796,0.02072,-0.04220,-0.00000,-0.00000,0.99911,1.43692,0.03050,0.00000
53220000000,-2.00376,-10.22099,0.02072,-0.04305,-0.00000,-0.00000,0.99907,1.43138,0.02942,0.00000
53240000000,-2.03213,-10.22404,0.02072,-0.04378,-0.00000,-0.00000,0.99904,1.42439,0.02835,0.00000
53260000000,-2.06034,-10.22708,0.02072,-0.04438,-0.00000,-0.00000,0.99901,1.41640,0.02719,0.00000
53280000000,-2.08838,-10.23012,0.02072,-0.04485,-0.00000,-0.00000,0.99899,1.40820,0.02589,0.00000
53300000000,-2.11630,-10.23314,0.02072,-0.04518,-0.00000,-0.00000,0.99898,1.40348,0.02415,0.00000
53320000000,-2.14408,-10.23613,0.02072,-0.04537,-0.00000,-0.00000,0.99897,1.39465,0.02263,0.00000
53340000000,-2.17171,-10.23907,0.02072,-0.04541,-0.00000,-0.00000,0.99897,1.38700,0.02083,0.00000
53360000000,-2.19922,-10.24196,0.02072,-0.04531,-0.00000,-0.00000,0.99897,1.38290,0.01858,0.00000
53380000000,-2.22664,-10.24479,0.02072,-0.04506,-0.00000,-0.00000,0.99898,1.37747,0.01632,0.00000
53400000000,-2.25398,-10.24754,0.02072,-0.04467,-0.00000,-0.00000,0.99900,1.37182,0.01401,0.00000
53420000000,-2.28115,-10.25021,0.02072,-0.04412,-0.00000,-0.00000,0.99903,1.36270,0.01180,0.00000
53440000000,-2.30822,-10.25278,0.02072,-0.04341,-0.00000,-0.00000,0.99906,1.36003,0.00883,0.00000
53460000000,-2.33551,-10.25524,0.02072,-0.04262,-0.00000,-0.00000,0.99909,1.37360,0.00454,0.00000
53480000000,-2.36308,-10.25761,0.02072,-0.04176,-0.00000,-0.00000,0.99913,1.38698,0.00057,0.00000
53500000000,-2.39093,-10.25987,0.02072,-0.04086,-0.00000,-0.00000,0.99917,1.40020,-0.00308,0.00000
53520000000,-2.41904,-10.26203,0.02072,-0.03991,-0.00000,-0.00000,0.99920,1.41326,-0.00640,0.00000
53540000000,-2.44743,-10.26410,0.02072,-0.03893,-0.00000,-0.00000,0.99924,1.42616,-0.00939,0.00000
53560000000,-2.47608,-10.26607,0.02072,-0.03793,-0.00000,-0.00000,0.99928,1.43891,-0.01205,0.00000
53580000000,-2.50498,-10.26796,0.02072,-0.03692,-0.00000,-0.00000,0.99932,1.45150,-0.01438,0.00000
53600000000,-2.53415,-10.26977,0.02072,-0.03590,-0.00000,-0.00000,0.99936,1.46395,-0.01639,0.00000
53620000000,-2.56356,-10.27150,0.02072,-0.03490,-0.00000,-0.00000,0.99939,1.47625,-0.01807,0.00000
53640000000,-2.59322,-10.27316,0.02072,-0.03390,-0.00000,-0.00000,0.99943,1.48840,-0.01944,-0.00000
53660000000,-2.62310,-10.27480,0.02072,-0.03302,-0.00000,-0.00000,0.99945,1.49743,-0.01650,0.00000
53680000000,-2.65311,-10.27651,0.02072,-0.03246,-0.00000,-0.00000,0.99947,1.50573,-0.01251,-0.00000
53700000000,-2.68325,-10.27820,0.02072,-0.03192,-0.00000,-0.00000,0.99949,1.50936,-0.01254,0.00000
53720000000,-2.71339,-10.27987,0.02072,-0.03140,-0.00000,-0.00000,0.99951,1.50919,-0.01227,0.00000
53740000000,-2.74353,-10.28150,0.02072,-0.03088,-0.00000,-0.00000,0.99952,1.50901,-0.01202,0.00000
53760000000,-2.77366,-10.28312,0.02072,-0.03038,-0.00000,-0.00000,0.99954,1.50884,-0.01177,0.00000
53780000000,-2.80380,-10.28470,0.02072,-0.02988,-0.00000,-0.00000,0.99955,1.50868,-0.01152,0.00000
53800000000,-2.83393,-10.28626,0.02072,-0.02940,-0.00000,-0.00000,0.99957,1.50851,-0.01128,0.00000
53820000000,-2.86406,-10.28780,0.02072,-0.02892,-0.00000,-0.00000,0.99958,1.50835,-0.01105,0.00000
53840000000,-2.89418,-10.28931,0.02072,-0.02845,-0.00000,-0.00000,0.99960,1.50819,-0.01082,0.00000
53860000000,-2.92431,-10.29080,0.02072,-0.02799,-0.00000,-0.00000,0.99961,1.50804,-0.01059,0.00000
53880000000,-2.95443,-10.29226,0.02072,-0.02755,-0.00000,-0.00000,0.99962,1.50789,-0.01037,0.00000
53900000000,-2.98456,-10.29371,0.02072,-0.02710,-0.00000,-0.00000,0.99963,1.50774,-0.01015,0.00000
53920000000,-3.01468,-10.29513,0.02072,-0.02667,-0.00000,-0.00000,0.99964,1.50759,-0.00994,0.00000
53940000000,-3.04479,-10.29653,0.02072,-0.02625,-0.00000,-0.00000,0.99966,1.50745,-0.00974,0.00000
53960000000,-3.07491,-10.29790,0.02072,-0.02583,-0.00000,-0.00000,0.99967,1.50730,-0.00954,0.00000
53980000000,-3.10502,-10.29926,0.02072,-0.02542,-0.00000,-0.00000,0.99968,1.50716,-0.00934,0.00000
54000000000,-3.13513,-10.30060,0.02072,-0.02502,-0.00000,-0.00000,0.99969,1.50703,-0.00914,0.00000
54020000000,-3.16525,-10.30191,0.02072,-0.02463,-0.00000,-0.00000,0.99970,1.50689,-0.00896,0.00000
54040000000,-3.19535,-10.30321,0.02072,-0.02425,-0.00000,-0.00000,0.99971,1.50676,-0.00877,0.00000
54060000000,-3.22546,-10.30448,0.02072,-0.02387,-0.00000,-0.00000,0.99972,1.50663,-0.00859,0.00000
54080000000,-3.25557,-10.30574,0.02072,-0.02350,-0.00000,-0.00000,0.99972,1.50651,-0.00841,0.00000
54100000000,-3.28567,-10.30698,0.02072,-0.02314,-0.00000,-0.00000,0.99973,1.50638,-0.00824,0.00000
54120000000,-3.31577,-10.30820,0.02072,-0.02278,-0.00000,-0.00000,0.99974,1.50626,-0.00807,0.00000
54140000000,-3.34587,-10.30940,0.02072,-0.02243,-0.00000,-0.00000,0.99975,1.50614,-0.00790,0.00000
54160000000,-3.37597,-10.31059,0.02072,-0.02209,-0.00000,-0.00000,0.99976,1.50602,-0.00774,0.00000
54180000000,-3.40606,-10.31175,0.02072,-0.02175,-0.00000,-0.00000,0.99976,1.50591,-0.00758,0.00000
54200000000,-3.43616,-10.31290,0.02072,-0.02142,-0.00000,-0.00000,0.99977,1.50579,-0.00743,0.00000
54220000000,-3.46625,-10.31404,0.02072,-0.02110,-0.00000,-0.00000,0.99978,1.50568,-0.00727,0.00000
54240000000,-3.49634,-10.31515,0.02072,-0.02078,-0.00000,-0.00000,0.99978,1.50557,-0.00712,0.00000
54260000000,-3.52643,-10.31626,0.02072,-0.02047,-0.00000,-0.00000,0.99979,1.50546,-0.00698,0.00000
54280000000,-3.55652,-10.31734,0.02072,-0.02017,-0.00000,-0.00000,0.99980,1.50536,-0.00683,0.00000
54300000000,-3.58661,-10.31841,0.02072,-0.01987,-0.00000,-0.00000,0.99980,1.50526,-0.00669,0.00000
54320000000,-3.61669,-10.31947,0.02072,-0.01958,-0.00000,-0.00000,0.99981,1.50515,-0.00656,0.00000
54340000000,-3.64678,-10.32051,0.02072,-0.01929,-0.00000,-0.00000,0.99981,1.50505,-0.00642,0.00000
54360000000,-3.67686,-10.32153,0.02072,-0.01901,-0.00000,-0.00000,0.99982,1.50496,-0.00629,0.00000
54380000000,-3.70694,-10.32254,0.02072,-0.01873,-0.00000,-0.00000,0.99982,1.50486,-0.00616,0.00000
54400000000,-3.73702,-10.32354,0.02072,-0.01846,-0.00000,-0.00000,0.99983,1.50477,-0.00604,0.00000
54420000000,-3.76710,-10.32453,0.02072,-0.01820,-0.00000,-0.00000,0.99983,1.50467,-0.00591,0.00000
54440000000,-3.79718,-10.32550,0.02072,-0.01793,-0.00000,-0.00000,0.99984,1.50458,-0.00579,0.00000
54460000000,-3.82725,-10.32645,0.02072,-0.01768,-0.00000,-0.00000,0.99984,1.50450,-0.00568,0.00000
54480000000,-3.85733,-10.32740,0.02072,-0.01743,-0.00000,-0.00000,0.99985,1.50441,-0.00556,0.00000
54500000000,-3.88740,-10.32833,0.02072,-0.01718,-0.00000,-0.00000,0.99985,1.50432,-0.00545,0.00000
54520000000,-3.91747,-10.32925,0.02072,-0.01694,-0.00000,-0.00000,0.99986,1.50424,-0.00534,0.00000
54540000000,-3.94748,-10.33014,0.02072,-0.01666,-0.00000,-0.00000,0.99986,1.49907,-0.00668,0.00000
54560000000,-3.97730,-10.33095,0.02072,-0.01624,-0.00000,-0.00000,0.99987,1.48841,-0.00826,0.00000
54580000000,-4.00688,-10.33174,0.02072,-0.01579,-0.00000,-0.00000,0.99988,1.47636,-0.00814,0.00000
54600000000,-4.03633,-10.33248,0.02072,-0.01531,-0.00000,-0.00000,0.99988,1.47492,-0.00863,0.00000
54620000000,-4.06594,-10.33319,0.02072,-0.01482,-0.00000,-0.00000,0.99989,1.48130,-0.00927,0.00000
54640000000,-4.09568,-10.33386,0.02072,-0.01432,-0.00000,-0.00000,0.99990,1.49047,-0.00990,0.00000
54660000000,-4.12564,-10.33453,0.02072,-0.01391,-0.00000,-0.00000,0.99990,1.50044,-0.00738,0.00000
54680000000,-4.15574,-10.33522,0.02072,-0.01358,-0.00000,-0.00000,0.99991,1.50579,-0.00719,0.00000
54700000000,-4.18585,-10.33588,0.02072,-0.01326,-0.00000,-0.00000,0.99991,1.50568,-0.00704,0.00000
54720000000,-4.21596,-10.33653,0.02072,-0.01294,-0.00000,-0.00000,0.99992,1.50557,-0.00690,0.00000
54740000000,-4.24606,-10.33717,0.02072,-0.01263,-0.00000,-0.00000,0.99992,1.50546,-0.00675,0.00000
54760000000,-4.27616,-10.33778,0.02072,-0.01233,-0.00000,-0.00000,0.99992,1.50536,-0.00662,0.00000
54780000000,-4.30626,-10.33839,0.02072,-0.01203,-0.00000,-0.00000,0.99993,1.50525,-0.00648,0.00000
54800000000,-4.33636,-10.33897,0.02072,-0.01174,-0.00000,-0.00000,0.99993,1.50515,-0.00635,0.00000
54820000000,-4.36645,-10.33955,0.02072,-0.01145,-0.00000,-0.00000,0.99993,1.50505,-0.00622,0.00000
54840000000,-4.39655,-10.34010,0.02072,-0.01117,-0.00000,-0.00000,0.99994,1.50495,-0.00609,0.00000
54860000000,-4.42664,-10.34065,0.02072,-0.01089,-0.00000,-0.00000,0.99994,1.50486,-0.00597,0.00000
54880000000,-4.45673,-10.34118,0.02072,-0.01062,-0.00000,-0.00000,0.99994,1.50476,-0.00584,0.00000
54900000000,-4.48682,-10.34169,0.02072,-0.01036,-0.00000,-0.00000,0.99995,1.50467,-0.00572,0.00000
54920000000,-4.51691,-10.34220,0.02072,-0.01010,-0.00000,-0.00000,0.99995,1.50458,-0.00561,0.00000
54940000000,-4.54700,-10.34269,0.02072,-0.00985,-0.00000,-0.00000,0.99995,1.50449,-0.00549,0.00000
54960000000,-4.57708,-10.34316,0.02072,-0.00960,-0.00000,-0.00000,0.99995,1.50440,-0.00538,0.00000
54980000000,-4.60717,-10.34363,0.02072,-0.00935,-0.00000,-0.00000,0.99996,1.50432,-0.00527,0.00000
55000000000,-4.63725,-10.34408,0.02072,-0.00911,-0.00000,-0.00000,0.99996,1.50423,-0.00516,0.00000
55020000000,-4.66733,-10.34452,0.02072,-0.00888,-0.00000,-0.00000,0.99996,1.50415,-0.00506,0.00000
55040000000,-4.69741,-10.34494,0.02072,-0.00865,-0.00000,-0.00000,0.99996,1.50407,-0.00495,0.00000
55060000000,-4.72748,-10.34536,0.02072,-0.00842,-0.00000,-0.00000,0.99996,1.50399,-0.00485,0.00000
55080000000,-4.75756,-10.34576,0.02072,-0.00820,-0.00000,-0.00000,0.99997,1.50391,-0.00476,0.00000
55100000000,-4.78764,-10.34615,0.02072,-0.00798,-0.00000,-0.00000,0.99997,1.50384,-0.00466,0.00000
55120000000,-4.81771,-10.34654,0.02072,-0.00777,-0.00000,-0.00000,0.99997,1.50376,-0.00456,0.00000
55140000000,-4.84778,-10.34691,0.02072,-0.00756,-0.00000,-0.00000,0.99997,1.50369,-0.00447,0.00000
55160000000,-4.87785,-10.34727,0.02072,-0.00735,-0.00000,-0.00000,0.99997,1.50362,-0.00438,0.00000
55180000000,-4.90792,-10.34762,0.02072,-0.00715,-0.00000,-0.00000,0.99997,1.50355,-0.00429,0.00000
55200000000,-4.93799,-10.34796,0.02072,-0.00695,-0.00000,-0.00000,0.99998,1.50348,-0.00420,0.00000
55220000000,-4.96806,-10.34829,0.02072,-0.00676,-0.00000,-0.00000,0.99998,1.50341,-0.00412,0.00000
55240000000,-4.99812,-10.34860,0.02072,-0.00657,-0.00000,-0.00000,0.99998,1.50334,-0.00404,0.00000
55260000000,-5.02819,-10.34891,0.02072,-0.00639,-0.00000,-0.00000,0.99998,1.50328,-0.00395,0.00000
55280000000,-5.05825,-10.34921,0.02072,-0.00620,-0.00000,-0.00000,0.99998,1.50321,-0.00387,0.00000
55300000000,-5.08831,-10.34951,0.02072,-0.00603,-0.00000,-0.00000,0.99998,1.50315,-0.00380,0.00000
55320000000,-5.11837,-10.34979,0.02072,-0.00585,-0.00000,-0.00000,0.99998,1.50309,-0.00372,0.00000
55340000000,-5.14843,-10.35006,0.02072,-0.00568,-0.00000,-0.00000,0.99998,1.50303,-0.00364,0.00000
55360000000,-5.17849,-10.35033,0.02072,-0.00551,-0.00000,-0.00000,0.99998,1.50297,-0.00357,0.00000
55380000000,-5.20855,-10.35058,0.02072,-0.00535,-0.00000,-0.00000,0.99999,1.50291,-0.00350,0.00000
55400000000,-5.23860,-10.35083,0.02072,-0.00518,-0.00000,-0.00000,0.99999,1.50286,-0.00343,0.00000
55420000000,-5.26866,-10.35107,0.02072,-0.00503,-0.00000,-0.00000,0.99999,1.50280,-0.00336,0.00000
55440000000,-5.29871,-10.35130,0.02072,-0.00487,-0.00000,-0.00000,0.99999,1.50274,-0.00329,0.00000
55460000000,-5.32877,-10.35152,0.02072,-0.00472,-0.00000,-0.00000,0.99999,1.50269,-0.00322,0.00000
55480000000,-5.35882,-10.35174,0.02072,-0.00457,-0.00000,-0.00000,0.99999,1.50264,-0.00316,0.00000
55500000000,-5.38887,-10.35194,0.02072,-0.00442,-0.00000,-0.00000,0.99999,1.50259,-0.00309,0.00000
55520000000,-5.41892,-10.35214,0.02072,-0.00428,-0.00000,-0.00000,0.99999,1.50254,-0.00303,0.00000
55540000000,-5.44897,-10.35234,0.02072,-0.00414,-0.00000,-0.00000,0.99999,1.50249,-0.00297,0.00000
55560000000,-5.47902,-10.35252,0.02072,-0.00400,-0.00000,-0.00000,0.99999,1.50244,-0.00291,0.00000
55580000000,-5.50907,-10.35270,0.02072,-0.00386,-0.00000,-0.00000,0.99999,1.50239,-0.00285,0.00000
55600000000,-5.53911,-10.35287,0.02072,-0.00373,-0.00000,-0.00000,0.99999,1.50234,-0.00280,0.00000
55620000000,-5.56916,-10.35304,0.02072,-0.00360,-0.00000,-0.00000,0.99999,1.50230,-0.00274,0.00000
55640000000,-5.59920,-10.35320,0.02072,-0.00347,-0.00000,-0.00000,0.99999,1.50225,-0.00268,0.00000
55660000000,-5.62925,-10.35335,0.02072,-0.00335,-0.00000,-0.00000,0.99999,1.50221,-0.00263,0.00000
55680000000,-5.65929,-10.35349,0.02072,-0.00323,-0.00000,-0.00000,0.99999,1.50216,-0.00258,0.00000
55700000000,-5.68933,-10.35363,0.02072,-0.00310,-0.00000,-0.00000,1.00000,1.50212,-0.00253,0.00000
55720000000,-5.71938,-10.35377,0.02072,-0.00299,-0.00000,-0.00000,1.00000,1.50208,-0.00247,0.00000
55740000000,-5.74942,-10.35389,0.02072,-0.00287,-0.00000,-0.00000,1.00000,1.50204,-0.00242,0.00000
55760000000,-5.77946,-10.35402,0.02072,-0.00276,-0.00000,-0.00000,1.00000,1.50200,-0.00238,0.00000
55780000000,-5.80950,-10.35413,0.02072,-0.00265,-0.00000,-0.00000,1.00000,1.50196,-0.00233,0.00000
55800000000,-5.83953,-10.35424,0.02072,-0.00254,-0.00000,-0.00000,1.00000,1.50192,-0.00228,0.00000
55820000000,-5.86957,-10.35434,0.02072,-0.00243,-0.00000,-0.00000,1.00000,1.50188,-0.00224,0.00000
55840000000,-5.89961,-10.35444,0.02072,-0.00233,-0.00000,-0.00000,1.00000,1.50185,-0.00219,0.00000
55860000000,-5.92965,-10.35454,0.02072,-0.00222,-0.00000,-0.00000,1.00000,1.50181,-0.00215,0.00000
55880000000,-5.95968,-10.35462,0.02072,-0.00212,-0.00000,-0.00000,1.00000,1.50177,-0.00210,0.00000
55900000000,-5.98972,-10.35471,0.02072,-0.00203,-0.00000,-0.00000,1.00000,1.50174,-0.00206,0.00000
55920000000,-6.01975,-10.35479,0.02072,-0.00193,-0.00000,-0.00000,1.00000,1.50171,-0.00202,0.00000
55940000000,-6.04978,-10.35486,0.02072,-0.00183,-0.00000,-0.00000,1.00000,1.50167,-0.00198,0.00000
55960000000,-6.07982,-10.35493,0.02072,-0.00174,-0.00000,-0.00000,1.00000,1.50164,-0.00194,0.00000
55980000000,-6.10985,-10.35499,0.02072,-0.00165,-0.00000,-0.00000,1.00000,1.50161,-0.00190,0.00000
56000000000,-6.13988,-10.35505,0.02072,-0.00156,-0.00000,-0.00000,1.00000,1.50158,-0.00186,0.00000
56020000000,-6.16991,-10.35510,0.02072,-0.00147,-0.00000,-0.00000,1.00000,1.50154,-0.00183,0.00000
56040000000,-6.19994,-10.35515,0.02072,-0.00139,-0.00000,-0.00000,1.00000,1.50151,-0.00179,0.00000
56060000000,-6.22997,-10.35520,0.02072,-0.00130,-0.00000,-0.00000,1.00000,1.50148,-0.00175,0.00000
56080000000,-6.26000,-10.35524,0.02072,-0.00122,-0.00000,-0.00000,1.00000,1.50145,-0.00172,0.00000
56100000000,-6.29003,-10.35528,0.02072,-0.00114,-0.00000,-0.00000,1.00000,1.50143,-0.00168,0.00000
56120000000,-6.32006,-10.35531,0.02072,-0.00106,-0.00000,-0.00000,1.00000,1.50140,-0.00165,0.00000
56140000000,-6.35008,-10.35534,0.02072,-0.00098,-0.00000,-0.00000,1.00000,1.50137,-0.00162,0.00000
56160000000,-6.38011,-10.35536,0.02072,-0.00091,-0.00000,-0.00000,1.00000,1.50134,-0.00158,0.00000
56180000000,-6.41014,-10.35538,0.02072,-0.00083,-0.00000,-0.00000,1.00000,1.50132,-0.00155,0.00000
56200000000,-6.44016,-10.35540,0.02072,-0.00076,-0.00000,-0.00000,1.00000,1.50129,-0.00152,0.00000
56220000000,-6.47019,-10.35541,0.02072,-0.00069,-0.00000,-0.00000,1.00000,1.50127,-0.00149,0.00000
56240000000,-6.50021,-10.35542,0.02072,-0.00062,-0.00000,-0.00000,1.00000,1.50124,-0.00146,0.00000
56260000000,-6.53024,-10.35543,0.02072,-0.00055,-0.00000,-0.00000,1.00000,1.50122,-0.00143,0.00000
56280000000,-6.56026,-10.35543,0.02072,-0.00048,-0.00000,-0.00000,1.00000,1.50119,-0.00140,0.00000
56300000000,-6.59029,-10.35543,0.02072,-0.00042,-0.00000,-0.00000,1.00000,1.50117,-0.00138,0.00000
56320000000,-6.62031,-10.35543,0.02072,-0.00035,-0.00000,-0.00000,1.00000,1.50115,-0.00135,0.00000
56340000000,-6.65033,-10.35542,0.02072,-0.00029,-0.00000,-0.00000,1.00000,1.50112,-0.00132,0.00000
56360000000,-6.68035,-10.35541,0.02072,-0.00022,-0.00000,-0.00000,1.00000,1.50110,-0.00130,0.00000
56380000000,-6.71038,-10.35540,0.02072,-0.00016,-0.00000,-0.00000,1.00000,1.50108,-0.00127,0.00000
56400000000,-6.74040,-10.35538,0.02072,-0.00010,-0.00000,-0.00000,1.00000,1.50106,-0.00124,0.00000
56420000000,-6.77042,-10.35536,0.02072,-0.00004,-0.00000,-0.00000,1.00000,1.50104,-0.00122,0.00000
56440000000,-6.80044,-10.35534,0.02072,0.00001,-0.00000,-0.00000,1.00000,1.50102,-0.00119,0.00000
56460000000,-6.83046,-10.35531,0.02072,0.00007,-0.00000,-0.00000,1.00000,1.50100,-0.00117,0.00000
56480000000,-6.86048,-10.35528,0.02072,0.00012,-0.00000,-0.00000,1.00000,1.50098,-0.00115,0.00000
56500000000,-6.89050,-10.35525,0.02072,0.00018,-0.00000,-0.00000,1.00000,1.50096,-0.00113,0.00000
56520000000,-6.92052,-10.35521,0.02072,0.00023,-0.00000,-0.00000,1.00000,1.50094,-0.00110,0.00000
56540000000,-6.95053,-10.35518,0.02072,0.00028,-0.00000,-0.00000,1.00000,1.50092,-0.00108,0.00000
56560000000,-6.98055,-10.35514,0.02072,0.00034,-0.00000,-0.00000,1.00000,1.50090,-0.00106,0.00000
56580000000,-7.01057,-10.35509,0.02072,0.00039,-0.00000,-0.00000,1.00000,1.50088,-0.00104,0.00000
56600000000,-7.04059,-10.35505,0.02072,0.00043,-0.00000,-0.00000,1.00000,1.50087,-0.00102,0.00000
56620000000,-7.07061,-10.35500,0.02072,0.00048,-0.00000,-0.00000,1.00000,1.50085,-0.00100,0.00000
56640000000,-7.10062,-10.35495,0.02072,0.00053,-0.00000,-0.00000,1.00000,1.50083,-0.00098,0.00000
56660000000,-7.13064,-10.35490,0.02072,0.00058,-0.00000,-0.00000,1.00000,1.50081,-0.00096,0.00000
56680000000,-7.16065,-10.35484,0.02072,0.00062,-0.00000,-0.00000,1.00000,1.50080,-0.00094,0.00000
56700000000,-7.19067,-10.35479,0.02072,0.00067,-0.00000,-0.00000,1.00000,1.50078,-0.00092,0.00000
56720000000,-7.22069,-10.35473,0.02072,0.00071,-0.00000,-0.00000,1.00000,1.50077,-0.00090,0.00000
56740000000,-7.25070,-10.35467,0.02072,0.00075,-0.00000,-0.00000,1.00000,1.50075,-0.00088,0.00000
56760000000,-7.28071,-10.35460,0.02072,0.00079,-0.00000,-0.00000,1.00000,1.50074,-0.00087,0.00000
56780000000,-7.31073,-10.35454,0.02072,0.00083,-0.00000,-0.00000,1.00000,1.50072,-0.00085,0.00000
56800000000,-7.34074,-10.35447,0.02072,0.00087,-0.00000,-0.00000,1.00000,1.50071,-0.00083,0.00000
56820000000,-7.37076,-10.35440,0.02072,0.00091,-0.00000,-0.00000,1.00000,1.50069,-0.00082,0.00000
56840000000,-7.40077,-10.35432,0.02072,0.00095,-0.00000,-0.00000,1.00000,1.50068,-0.00080,0.00000
56860000000,-7.43078,-10.35425,0.02072,0.00099,-0.00000,-0.00000,1.00000,1.50067,-0.00078,0.00000
56880000000,-7.46080,-10.35417,0.02072,0.00103,-0.00000,-0.00000,1.00000,1.50065,-0.00077,0.00000
56900000000,-7.49081,-10.35410,0.02072,0.00106,-0.00000,-0.00000,1.00000,1.50064,-0.00075,0.00000
56920000000,-7.52082,-10.35402,0.02072,0.00110,-0.00000,-0.00000,1.00000,1.50063,-0.00074,0.00000
56940000000,-7.55083,-10.35393,0.02072,0.00113,-0.00000,-0.00000,1.00000,1.50062,-0.00072,0.00000
56960000000,-7.58085,-10.35385,0.02072,0.00117,-0.00000,-0.00000,1.00000,1.50060,-0.00071,0.00000
56980000000,-7.61086,-10.35377,0.02072,0.00120,-0.00000,-0.00000,1.00000,1.50059,-0.00070,0.00000
57000000000,-7.64087,-10.35368,0.02072,0.00124,-0.00000,-0.00000,1.00000,1.50058,-0.00068,0.00000
57020000000,-7.67088,-10.35359,0.02072,0.00127,-0.00000,-0.00000,1.00000,1.50057,-0.00067,0.00000
57040000000,-7.70089,-10.35350,0.02072,0.00130,-0.00000,-0.00000,1.00000,1.50056,-0.00066,0.00000
57060000000,-7.73090,-10.35341,0.02072,0.00133,-0.00000,-0.00000,1.00000,1.50055,-0.00064,0.00000
57080000000,-7.76091,-10.35332,0.02072,0.00136,-0.00000,-0.00000,1.00000,1.50053,-0.00063,0.00000
57100000000,-7.79092,-10.35322,0.02072,0.00139,-0.00000,-0.00000,1.00000,1.50052,-0.00062,0.00000
57120000000,-7.82093,-10.35312,0.02072,0.00142,-0.00000,-0.00000,1.00000,1.50051,-0.00060,0.00000
57140000000,-7.85094,-10.35303,0.02072,0.00145,-0.00000,-0.00000,1.00000,1.50050,-0.00059,0.00000
57160000000,-7.88095,-10.35293,0.02072,0.00148,-0.00000,-0.00000,1.00000,1.50049,-0.00058,0.00000
57180000000,-7.91096,-10.35283,0.02072,0.00150,-0.00000,-0.00000,1.00000,1.50048,-0.00057,0.00000
57200000000,-7.94097,-10.35272,0.02072,0.00153,-0.00000,-0.00000,1.00000,1.50047,-0.00056,0.00000
57220000000,-7.97098,-10.35262,0.02072,0.00156,-0.00000,-0.00000,1.00000,1.50046,-0.00055,0.00000
57240000000,-8.00099,-10.35251,0.02072,0.00158,-0.00000,-0.00000,1.00000,1.50046,-0.00054,0.00000
57260000000,-8.03100,-10.35241,0.02072,0.00161,-0.00000,-0.00000,1.00000,1.50045,-0.00053,0.00000
57280000000,-8.06101,-10.35230,0.02072,0.00163,-0.00000,-0.00000,1.00000,1.50044,-0.00052,0.00000
57300000000,-8.09102,-10.35219,0.02072,0.00166,-0.00000,-0.00000,1.00000,1.50043,-0.00050,0.00000
57320000000,-8.12103,-10.35208,0.02072,0.00168,-0.00000,-0.00000,1.00000,1.50042,-0.00049,0.00000
57340000000,-8.15103,-10.35197,0.02072,0.00170,-0.00000,-0.00000,1.00000,1.50041,-0.00049,0.00000
57360000000,-8.18104,-10.35186,0.02072,0.00173,-0.00000,-0.00000,1.00000,1.50040,-0.00048,0.00000
57380000000,-8.21105,-10.35174,0.02072,0.00175,-0.00000,-0.00000,1.00000,1.50040,-0.00047,0.00000
57400000000,-8.24106,-10.35163,0.02072,0.00177,-0.00000,-0.00000,1.00000,1.50039,-0.00046,0.00000
57420000000,-8.27106,-10.35151,0.02072,0.00179,-0.00000,-0.00000,1.00000,1.50038,-0.00045,0.00000
57440000000,-8.30107,-10.35140,0.02072,0.00181,-0.00000,-0.00000,1.00000,1.50037,-0.00044,0.00000
57460000000,-8.33108,-10.35128,0.02072,0.00183,-0.00000,-0.00000,1.00000,1.50037,-0.00043,0.00000
57480000000,-8.36109,-10.35116,0.02072,0.00186,-0.00000,-0.00000,1.00000,1.50036,-0.00042,0.00000
57500000000,-8.39109,-10.35104,0.02072,0.00188,-0.00000,-0.00000,1.00000,1.50035,-0.00041,0.00000
57520000000,-8.42108,-10.35092,0.02072,0.00190,-0.00000,-0.00000,1.00000,1.49869,-0.00054,0.00000
57540000000,-8.45093,-10.35079,0.02072,0.00193,-0.00000,-0.00000,1.00000,1.49144,-0.00071,0.00000
57560000000,-8.48064,-10.35065,0.02072,0.00197,-0.00000,-0.00000,1.00000,1.48289,-0.00093,0.00000
57580000000,-8.51013,-10.35051,0.02072,0.00203,-0.00000,-0.00000,1.00000,1.47118,-0.00137,0.00000
57600000000,-8.53943,-10.35035,0.02072,0.00212,-0.00000,-0.00000,1.00000,1.46503,-0.00201,0.00000
57620000000,-8.56862,-10.35017,0.02072,0.00224,-0.00000,-0.00000,1.00000,1.45652,-0.00274,0.00000
57640000000,-8.59757,-10.34997,0.02072,0.00241,-0.00000,-0.00000,1.00000,1.44471,-0.00368,0.00000
57660000000,-8.62629,-10.34974,0.02072,0.00262,-0.00000,-0.00000,1.00000,1.43313,-0.00483,0.00000
57680000000,-8.65492,-10.34946,0.02072,0.00290,-0.00000,-0.00000,1.00000,1.43151,-0.00616,0.00000
57700000000,-8.68343,-10.34914,0.02072,0.00325,-0.00000,-0.00000,0.99999,1.42337,-0.00752,0.00000
57720000000,-8.71177,-10.34877,0.02072,0.00366,-0.00000,-0.00000,0.99999,1.41565,-0.00903,0.00000
57740000000,-8.73997,-10.34835,0.02072,0.00415,-0.00000,-0.00000,0.99999,1.40721,-0.01065,0.00000
57760000000,-8.76798,-10.34786,0.02072,0.00473,-0.00000,-0.00000,0.99999,1.39985,-0.01246,0.00000
57780000000,-8.79593,-10.34730,0.02072,0.00539,-0.00000,-0.00000,0.99999,1.39547,-0.01434,0.00000
57800000000,-8.82369,-10.34666,0.02072,0.00615,-0.00000,-0.00000,0.99998,1.38563,-0.01630,0.00000
57820000000,-8.85127,-10.34594,0.02072,0.00701,-0.00000,-0.00000,0.99998,1.37699,-0.01842,0.00000
57840000000,-8.87866,-10.34513,0.02072,0.00797,-0.00000,-0.00000,0.99997,1.36734,-0.02068,0.00000
57860000000,-8.90588,-10.34421,0.02072,0.00905,-0.00000,-0.00000,0.99996,1.36126,-0.02313,0.00000
57880000000,-8.93297,-10.34319,0.02072,0.01025,-0.00000,-0.00000,0.99995,1.35300,-0.02562,0.00000
57900000000,-8.95987,-10.34205,0.02072,0.01157,-0.00000,-0.00000,0.99993,1.34401,-0.02823,0.00000
57920000000,-8.98664,-10.34078,0.02072,0.01302,-0.00000,-0.00000,0.99992,1.33943,-0.03105,0.00000
57940000000,-9.01337,-10.33938,0.02072,0.01461,-0.00000,-0.00000,0.99989,1.33564,-0.03387,0.00000
57960000000,-9.03990,-10.33784,0.02072,0.01633,-0.00000,-0.00000,0.99987,1.32590,-0.03668,0.00000
57980000000,-9.06628,-10.33615,0.02072,0.01820,-0.00000,-0.00000,0.99983,1.31918,-0.03963,0.00000
58000000000,-9.09247,-10.33430,0.02072,0.02021,-0.00000,-0.00000,0.99980,1.30927,-0.04262,0.00000
58020000000,-9.11847,-10.33229,0.02072,0.02236,0.00000,-0.00000,0.99975,1.30254,-0.04584,0.00000
58040000000,-9.14440,-10.33010,0.02072,0.02468,0.00000,-0.00000,0.99970,1.29780,-0.04910,0.00000
58060000000,-9.17013,-10.32773,0.02072,0.02715,0.00000,-0.00000,0.99963,1.28901,-0.05231,0.00000
58080000000,-9.19568,-10.32517,0.02072,0.02978,0.00000,-0.00000,0.99956,1.28065,-0.05568,0.00000
58100000000,-9.22106,-10.32242,0.02072,0.03258,0.00000,-0.00000,0.99947,1.27355,-0.05919,0.00000
58120000000,-9.24633,-10.31945,0.02072,0.03554,0.00000,-0.00000,0.99937,1.26888,-0.06274,0.00000
58140000000,-9.27144,-10.31627,0.02072,0.03868,0.00000,-0.00000,0.99925,1.26199,-0.06623,0.00000
58160000000,-9.29639,-10.31286,0.02072,0.04200,0.00000,-0.00000,0.99912,1.25564,-0.06978,0.00000
58180000000,-9.32119,-10.30923,0.02072,0.04551,0.00000,-0.00000,0.99896,1.24988,-0.07357,0.00000
58200000000,-9.34587,-10.30534,0.02072,0.04919,0.00000,-0.00000,0.99879,1.24630,-0.07775,0.00000
58220000000,-9.37047,-10.30119,0.02072,0.05305,0.00000,-0.00000,0.99859,1.24351,-0.08139,0.00000
58240000000,-9.39494,-10.29678,0.02072,0.05712,0.00000,-0.00000,0.99837,1.23970,-0.08497,0.00000
58260000000,-9.41931,-10.29211,0.02072,0.06139,0.00000,-0.00000,0.99811,1.23657,-0.08860,0.00000
58280000000,-9.44357,-10.28716,0.02072,0.06588,0.00000,-0.00000,0.99783,1.23417,-0.09229,0.00000
58300000000,-9.46773,-10.28191,0.02072,0.07059,0.00000,-0.00000,0.99751,1.23253,-0.09601,0.00000
58320000000,-9.49182,-10.27636,0.02072,0.07555,0.00000,-0.00000,0.99714,1.23169,-0.09977,0.00000
58340000000,-9.51583,-10.27049,0.02072,0.08076,0.00000,-0.00000,0.99673,1.23168,-0.10354,0.00000
58360000000,-9.53978,-10.26428,0.02072,0.08624,0.00000,-0.00000,0.99627,1.23255,-0.10736,0.00000
58380000000,-9.56367,-10.25773,0.02072,0.09200,0.00000,-0.00000,0.99576,1.23435,-0.11121,0.00000
58400000000,-9.58751,-10.25079,0.02072,0.09802,0.00000,-0.00000,0.99518,1.23731,-0.11603,0.00000
58420000000,-9.61133,-10.24345,0.02072,0.10429,0.00000,-0.00000,0.99455,1.24135,-0.12082,0.00000
58440000000,-9.63512,-10.23569,0.02072,0.11082,0.00000,-0.00000,0.99384,1.24648,-0.12550,0.00000
58460000000,-9.65890,-10.22749,0.02072,0.11762,0.00000,-0.00000,0.99306,1.25275,-0.13007,0.00000
58480000000,-9.68268,-10.21884,0.02072,0.12469,0.00000,-0.00000,0.99220,1.26019,-0.13453,0.00000
58500000000,-9.70648,-10.20971,0.02072,0.13204,0.00000,-0.00000,0.99124,1.26890,-0.13917,0.00000
58520000000,-9.73029,-10.20007,0.02072,0.13964,0.00000,-0.00000,0.99020,1.27919,-0.14502,0.00000
58540000000,-9.75413,-10.18988,0.02072,0.14746,0.00000,-0.00000,0.98907,1.29085,-0.15068,0.00000
58560000000,-9.77802,-10.17912,0.02072,0.15552,0.00000,-0.00000,0.98783,1.30392,-0.15613,-0.00000
58580000000,-9.80196,-10.16779,0.02072,0.16381,0.00000,-0.00000,0.98649,1.31840,-0.16133,-0.00000
58600000000,-9.82596,-10.15585,0.02072,0.17235,0.00000,-0.00000,0.98504,1.33434,-0.16627,-0.00000
58620000000,-9.85003,-10.14328,0.02072,0.18113,0.00000,-0.00000,0.98346,1.35176,-0.17091,-0.00000
58640000000,-9.87419,-10.13006,0.02072,0.19016,0.00000,-0.00000,0.98175,1.37068,-0.17521,-0.00000
58660000000,-9.89844,-10.11616,0.02072,0.19947,0.00000,-0.00000,0.97990,1.39114,-0.17913,-0.00000
58680000000,-9.92278,-10.10156,0.02072,0.20905,0.00000,-0.00000,0.97791,1.41317,-0.18262,-0.00000
58700000000,-9.94722,-10.08623,0.02072,0.21892,0.00000,-0.00000,0.97574,1.43680,-0.18561,-0.00000
58720000000,-9.97177,-10.07013,0.02072,0.22910,0.00000,-0.00000,0.97340,1.46208,-0.18806,-0.00000
58740000000,-9.99641,-10.05324,0.02072,0.23959,0.00000,-0.00000,0.97087,1.48803,-0.18996,-0.00000
58760000000,-10.02074,-10.03572,0.02072,0.25010,0.00000,-0.00000,0.96822,1.48526,-0.19389,-0.00000
58780000000,-10.04454,-10.01766,0.02072,0.26043,0.00000,-0.00000,0.96549,1.47961,-0.19814,-0.00000
58800000000,-10.06783,-9.99907,0.02072,0.27059,0.00000,-0.00000,0.96270,1.47479,-0.20238,-0.00000
58820000000,-10.09060,-9.97998,0.02072,0.28055,0.00000,-0.00000,0.95984,1.47079,-0.20659,-0.00000
58840000000,-10.11288,-9.96039,0.02072,0.29031,0.00000,-0.00000,0.95693,1.46769,-0.21030,-0.00000
58860000000,-10.13484,-9.94047,0.02072,0.29960,0.00000,-0.00000,0.95407,1.46907,-0.19967,0.00000
58880000000,-10.15660,-9.92032,0.02072,0.30830,0.00000,-0.00000,0.95129,1.47090,-0.18755,0.00000
58900000000,-10.17802,-9.89983,0.02072,0.31663,0.00000,-0.00000,0.94855,1.46976,-0.18874,-0.00000
58920000000,-10.19903,-9.87894,0.02072,0.32473,0.00000,-0.00000,0.94581,1.46876,-0.19155,-0.00000
58940000000,-10.21964,-9.85767,0.02072,0.33258,0.00000,-0.00000,0.94308,1.46832,-0.19417,0.00000
58960000000,-10.23987,-9.83602,0.02072,0.34018,0.00000,-0.00000,0.94036,1.46841,-0.19660,0.00000
58980000000,-10.25973,-9.81402,0.02072,0.34754,0.00000,-0.00000,0.93767,1.46904,-0.19847,0.00000
59000000000,-10.27929,-9.79171,0.02072,0.35486,0.00000,-0.00000,0.93492,1.47051,-0.19566,0.00000
59020000000,-10.29855,-9.76913,0.02072,0.36224,0.00000,-0.00000,0.93208,1.47171,-0.19354,0.00000
59040000000,-10.31745,-9.74621,0.02072,0.36941,0.00000,-0.00000,0.92927,1.47293,-0.19590,0.00000
59060000000,-10.33599,-9.72295,0.02072,0.37632,0.00000,-0.00000,0.92649,1.47458,-0.19803,0.00000
59080000000,-10.35419,-9.69936,0.02072,0.38297,0.00000,-0.00000,0.92376,1.47665,-0.19990,0.00000
59100000000,-10.37206,-9.67547,0.02072,0.38936,0.00000,-0.00000,0.92109,1.47908,-0.20152,0.00000
59120000000,-10.38963,-9.65127,0.02072,0.39549,0.00000,-0.00000,0.91847,1.48186,-0.20288,0.00000
59140000000,-10.40690,-9.62679,0.02072,0.40136,0.00000,-0.00000,0.91592,1.48494,-0.20397,0.00000
59160000000,-10.42390,-9.60203,0.02072,0.40695,0.00000,-0.00000,0.91345,1.48829,-0.20478,0.00000
59180000000,-10.44063,-9.57702,0.02072,0.41228,0.00000,-0.00000,0.91106,1.49187,-0.20531,0.00000
59200000000,-10.45713,-9.55175,0.02072,0.41733,0.00000,-0.00000,0.90876,1.49566,-0.20556,0.00000
59220000000,-10.47340,-9.52625,0.02072,0.42210,0.00000,-0.00000,0.90655,1.49963,-0.20552,0.00000
59240000000,-10.48947,-9.50053,0.02072,0.42662,0.00000,-0.00000,0.90443,1.50329,-0.20443,0.00000
59260000000,-10.50537,-9.47466,0.02072,0.43100,0.00000,-0.00000,0.90235,1.50518,-0.20015,0.00000
59280000000,-10.52111,-9.44867,0.02072,0.43530,0.00000,-0.00000,0.90029,1.50694,-0.19594,0.00000
59300000000,-10.53670,-9.42255,0.02072,0.43950,0.00000,-0.00000,0.89824,1.50860,-0.19180,0.00000
59320000000,-10.55212,-9.39632,0.02072,0.44362,0.00000,-0.00000,0.89622,1.51014,-0.18773,0.00000
59340000000,-10.56738,-9.36998,0.02072,0.44765,0.00000,-0.00000,0.89421,1.51159,-0.18374,0.00000
59360000000,-10.58249,-9.34352,0.02072,0.45159,0.00000,-0.00000,0.89223,1.51294,-0.17983,0.00000
59380000000,-10.59745,-9.31696,0.02072,0.45545,0.00000,-0.00000,0.89026,1.51420,-0.17598,0.00000
59400000000,-10.61225,-9.29029,0.02072,0.45923,0.00000,-0.00000,0.88832,1.51538,-0.17222,0.00000
59420000000,-10.62690,-9.26353,0.02072,0.46294,0.00000,-0.00000,0.88639,1.51647,-0.16852,0.00000
59440000000,-10.64141,-9.23667,0.02072,0.46656,0.00000,-0.00000,0.88449,1.51748,-0.16489,0.00000
59460000000,-10.65576,-9.20971,0.02072,0.47011,0.00000,-0.00000,0.88261,1.51842,-0.16134,0.00000
59480000000,-10.66996,-9.18267,0.02072,0.47359,0.00000,-0.00000,0.88075,1.51928,-0.15785,0.00000
59500000000,-10.68403,-9.15554,0.02072,0.47700,0.00000,-0.00000,0.87890,1.52008,-0.15444,0.00000
59520000000,-10.69794,-9.12833,0.02072,0.48033,0.00000,-0.00000,0.87709,1.52082,-0.15109,0.00000
59540000000,-10.71172,-9.10104,0.02072,0.48360,0.00000,-0.00000,0.87529,1.52149,-0.14782,0.00000
59560000000,-10.72535,-9.07367,0.02072,0.48680,0.00000,-0.00000,0.87351,1.52211,-0.14461,0.00000
59580000000,-10.73885,-9.04622,0.02072,0.48994,0.00000,-0.00000,0.87176,1.52267,-0.14146,0.00000
59600000000,-10.75220,-9.01870,0.02072,0.49301,0.00000,-0.00000,0.87002,1.52318,-0.13838,0.00000
59620000000,-10.76543,-8.99112,0.02072,0.49602,0.00000,-0.00000,0.86831,1.52365,-0.13537,0.00000
59640000000,-10.77851,-8.96346,0.02072,0.49897,0.00000,-0.00000,0.86662,1.52406,-0.13241,0.00000
59660000000,-10.79147,-8.93574,0.02072,0.50186,0.00000,-0.00000,0.86495,1.52443,-0.12952,0.00000
59680000000,-10.80430,-8.90796,0.02072,0.50470,0.00000,-0.00000,0.86330,1.52476,-0.12669,0.00000
59700000000,-10.81699,-8.88012,0.02072,0.50747,0.00000,-0.00000,0.86167,1.52505,-0.12392,0.00000
59720000000,-10.82956,-8.85222,0.02072,0.51019,0.00000,-0.00000,0.86006,1.52530,-0.12121,0.00000
59740000000,-10.84200,-8.82426,0.02072,0.51286,0.00000,-0.00000,0.85847,1.52535,-0.11845,0.00000
59760000000,-10.85433,-8.79632,0.02072,0.51555,0.00000,-0.00000,0.85686,1.52168,-0.11329,0.00000
59780000000,-10.86653,-8.76842,0.02072,0.51831,0.00000,-0.00000,0.85519,1.51747,-0.10814,0.00000
59800000000,-10.87859,-8.74058,0.02072,0.52116,0.00000,-0.00000,0.85346,1.51203,-0.10264,0.00000
59820000000,-10.89050,-8.71277,0.02072,0.52408,0.00000,-0.00000,0.85167,1.50936,-0.09936,0.00000
59840000000,-10.90226,-8.68498,0.02072,0.52708,0.00000,-0.00000,0.84982,1.50394,-0.09465,0.00000
59860000000,-10.91384,-8.65723,0.02072,0.53016,0.00000,-0.00000,0.84790,1.50023,-0.09141,0.00000
59880000000,-10.92525,-8.62952,0.02072,0.53334,0.00000,-0.00000,0.84590,1.49418,-0.08711,0.00000
59900000000,-10.93646,-8.60181,0.02072,0.53658,0.00000,-0.00000,0.84385,1.49207,-0.08552,0.00000
59920000000,-10.94746,-8.57406,0.02072,0.53985,0.00000,-0.00000,0.84176,1.48868,-0.08334,0.00000
59940000000,-10.95813,-8.54626,0.02072,0.54342,0.00000,-0.00000,0.83946,1.48586,-0.09095,0.00000
59960000000,-10.96848,-8.51835,0.02072,0.54713,0.00000,-0.00000,0.83705,1.48552,-0.09319,0.00000
59980000000,-10.97844,-8.49034,0.02072,0.55115,0.00000,-0.00000,0.83441,1.48141,-0.09846,0.00000
60000000000,-10.98812,-8.46239,0.02072,0.55528,0.00000,-0.00000,0.83166,1.47409,-0.09449,0.00000
60020000000,-10.99754,-8.43451,0.02072,0.55952,0.00000,-0.00000,0.82881,1.46653,-0.09091,0.00000
60040000000,-11.00666,-8.40668,0.02072,0.56386,0.00000,-0.00000,0.82587,1.46042,-0.08864,0.00000
60060000000,-11.01548,-8.37888,0.02072,0.56826,0.00000,-0.00000,0.82285,1.45534,-0.08729,0.00000
60080000000,-11.02399,-8.35109,0.02072,0.57273,0.00000,-0.00000,0.81974,1.44882,-0.08554,0.00000
60100000000,-11.03218,-8.32335,0.02072,0.57728,0.00000,-0.00000,0.81654,1.44290,-0.08448,0.00000
60120000000,-11.04002,-8.29558,0.02072,0.58188,0.00000,-0.00000,0.81328,1.43814,-0.08424,0.00000
60140000000,-11.04753,-8.26790,0.02072,0.58656,0.00000,-0.00000,0.80990,1.42968,-0.08265,0.00000
60160000000,-11.05468,-8.24026,0.02072,0.59131,0.00000,-0.00000,0.80644,1.42361,-0.08255,0.00000
60180000000,-11.06144,-8.21243,0.02072,0.59604,0.00000,-0.00000,0.80296,1.43127,-0.08841,0.00000
60200000000,-11.06782,-8.18433,0.02072,0.60068,0.00000,-0.00000,0.79949,1.44014,-0.09420,0.00000
60220000000,-11.07382,-8.15595,0.02072,0.60525,0.00000,-0.00000,0.79603,1.44929,-0.09952,0.00000
60240000000,-11.07945,-8.12730,0.02072,0.60975,0.00000,-0.00000,0.79259,1.45871,-0.10436,0.00000
60260000000,-11.08471,-8.09838,0.02072,0.61417,0.00000,-0.00000,0.78917,1.46838,-0.10873,0.00000
60280000000,-11.08963,-8.06919,0.02072,0.61852,0.00000,-0.00000,0.78577,1.47827,-0.11262,0.00000
60300000000,-11.09430,-8.03982,0.02072,0.62264,0.00000,-0.00000,0.78251,1.48345,-0.10654,0.00000
60320000000,-11.09885,-8.01035,0.02072,0.62639,0.00000,-0.00000,0.77951,1.48951,-0.10181,0.00000
60340000000,-11.10313,-7.98065,0.02072,0.63005,0.00000,-0.00000,0.77655,1.49964,-0.10424,0.00000
60360000000,-11.10712,-7.95069,0.02072,0.63363,0.00000,-0.00000,0.77364,1.50990,-0.10624,0.00000
60380000000,-11.11085,-7.92049,0.02072,0.63712,0.00000,-0.00000,0.77077,1.52025,-0.10781,0.00000
60400000000,-11.11433,-7.89005,0.02072,0.64052,0.00000,-0.00000,0.76794,1.53069,-0.10896,-0.00000
60420000000,-11.11755,-7.85937,0.02072,0.64384,0.00000,-0.00000,0.76516,1.54118,-0.10968,-0.00000
60440000000,-11.12054,-7.82846,0.02072,0.64707,0.00000,-0.00000,0.76243,1.55171,-0.10997,-0.00000
60460000000,-11.12331,-7.79731,0.02072,0.65020,0.00000,-0.00000,0.75976,1.56225,-0.10983,-0.00000
60480000000,-11.12587,-7.76599,0.02072,0.65325,0.00000,-0.00000,0.75714,1.56740,-0.10819,0.00000
60500000000,-11.12823,-7.73467,0.02072,0.65624,0.00000,-0.00000,0.75455,1.56680,-0.10536,0.00000
60520000000,-11.13040,-7.70335,0.02072,0.65918,0.00000,-0.00000,0.75198,1.56617,-0.10260,0.00000
60540000000,-11.13238,-7.67198,0.02072,0.66206,0.00000,-0.00000,0.74945,1.57096,-0.10083,0.00000
60560000000,-11.13417,-7.64039,0.02072,0.66486,0.00000,-0.00000,0.74697,1.58122,-0.09973,0.00000
60580000000,-11.13577,-7.60859,0.02072,0.66756,0.00000,-0.00000,0.74456,1.59131,-0.09823,0.00000
60600000000,-11.13720,-7.57664,0.02072,0.67018,0.00000,-0.00000,0.74220,1.59644,-0.09561,0.00000
60620000000,-11.13849,-7.54470,0.02072,0.67272,0.00000,-0.00000,0.73989,1.59529,-0.09204,0.00000
60640000000,-11.13962,-7.51276,0.02072,0.67520,0.00000,-0.00000,0.73764,1.59627,-0.08885,0.00000
60660000000,-11.14060,-7.48065,0.02072,0.67759,0.00000,-0.00000,0.73544,1.60690,-0.08678,0.00000
60680000000,-11.14144,-7.44832,0.02072,0.67988,0.00000,-0.00000,0.73332,1.61747,-0.08431,0.00000
60700000000,-11.14215,-7.41578,0.02072,0.68207,0.00000,-0.00000,0.73128,1.62789,-0.08145,0.00000
60720000000,-11.14275,-7.38303,0.02072,0.68416,0.00000,-0.00000,0.72933,1.63815,-0.07821,0.00000
60740000000,-11.14325,-7.35009,0.02072,0.68614,0.00000,-0.00000,0.72747,1.64782,-0.07456,0.00000
60760000000,-11.14366,-7.31696,0.02072,0.68799,0.00000,-0.00000,0.72572,1.65735,-0.07058,0.00000
60780000000,-11.14401,-7.28374,0.02072,0.68973,0.00000,-0.00000,0.72407,1.65881,-0.06567,0.00000
60800000000,-11.14431,-7.25076,0.02072,0.69135,0.00000,-0.00000,0.72252,1.64397,-0.05981,0.00000
60820000000,-11.14456,-7.21805,0.02072,0.69288,0.00000,-0.00000,0.72105,1.63129,-0.05473,0.00000
60840000000,-11.14476,-7.18563,0.02072,0.69432,0.00000,-0.00000,0.71967,1.61678,-0.05011,0.00000
60860000000,-11.14490,-7.15349,0.02072,0.69567,0.00000,-0.00000,0.71836,1.60247,-0.04607,0.00000
60880000000,-11.14500,-7.12162,0.02072,0.69696,0.00000,-0.00000,0.71711,1.59100,-0.04272,0.00000
60900000000,-11.14503,-7.08970,0.02072,0.69819,0.00000,-0.00000,0.71591,1.59582,-0.04037,0.00000
60920000000,-11.14500,-7.05767,0.02072,0.69934,0.00000,-0.00000,0.71479,1.60158,-0.03790,0.00000
60940000000,-11.14494,-7.02553,0.02072,0.70042,0.00000,-0.00000,0.71373,1.60911,-0.03537,0.00000
60960000000,-11.14483,-6.99320,0.02072,0.70142,0.00000,-0.00000,0.71275,1.61859,-0.03266,0.00000
60980000000,-11.14470,-6.96072,0.02072,0.70232,0.00000,-0.00000,0.71186,1.62345,-0.02955,0.00000
61000000000,-11.14455,-6.92818,0.02072,0.70314,0.00000,-0.00000,0.71105,1.62970,-0.02641,0.00000
61020000000,-11.14440,-6.89543,0.02072,0.70386,0.00000,-0.00000,0.71034,1.63983,-0.02313,0.00000
61040000000,-11.14427,-6.86248,0.02072,0.70447,0.00000,-0.00000,0.70973,1.64971,-0.01956,0.00000
61060000000,-11.14415,-6.82940,0.02072,0.70497,0.00000,-0.00000,0.70924,1.65539,-0.01571,0.00000
61080000000,-11.14408,-6.79622,0.02072,0.70534,0.00000,-0.00000,0.70886,1.65932,-0.01173,0.00000
61100000000,-11.14406,-6.76294,0.02072,0.70559,0.00000,-0.00000,0.70862,1.66428,-0.00768,0.00000
61120000000,-11.14410,-6.72956,0.02072,0.70570,0.00000,-0.00000,0.70851,1.66968,-0.00354,0.00000
61140000000,-11.14423,-6.69608,0.02072,0.70566,0.00000,-0.00000,0.70855,1.67621,0.00067,0.00000
61160000000,-11.14445,-6.66249,0.02072,0.70548,0.00000,-0.00000,0.70873,1.67855,0.00501,0.00000
61180000000,-11.14478,-6.62916,0.02072,0.70515,0.00000,-0.00000,0.70906,1.66242,0.00904,0.00000
61200000000,-11.14522,-6.59613,0.02072,0.70469,0.00000,-0.00000,0.70952,1.64808,0.01257,0.00000
61220000000,-11.14577,-6.56340,0.02072,0.70411,0.00000,-0.00000,0.71009,1.63270,0.01563,0.00000
61240000000,-11.14643,-6.53098,0.02072,0.70343,0.00000,-0.00000,0.71076,1.61770,0.01827,0.00000
61260000000,-11.14720,-6.49885,0.02072,0.70267,0.00000,-0.00000,0.71151,1.60308,0.02052,0.00000
61280000000,-11.14807,-6.46701,0.02072,0.70184,0.00000,-0.00000,0.71233,1.58882,0.02242,0.00000
61300000000,-11.14905,-6.43546,0.02072,0.70095,0.00000,-0.00000,0.71321,1.57491,0.02400,0.00000
61320000000,-11.15014,-6.40418,0.02072,0.70002,0.00000,-0.00000,0.71413,1.56135,0.02530,0.00000
61340000000,-11.15132,-6.37317,0.02072,0.69906,0.00000,-0.00000,0.71507,1.54810,0.02634,0.00000
61360000000,-11.15260,-6.34242,0.02072,0.69807,0.00000,-0.00000,0.71603,1.53518,0.02713,0.00000
61380000000,-11.15397,-6.31193,0.02072,0.69709,0.00000,-0.00000,0.71699,1.52255,0.02770,0.00000
61400000000,-11.15543,-6.28170,0.02072,0.69611,0.00000,-0.00000,0.71794,1.51021,0.02806,0.00000
61420000000,-11.15688,-6.25165,0.02072,0.69526,0.00000,-0.00000,0.71875,1.50338,0.02164,0.00000
61440000000,-11.15816,-6.22164,0.02072,0.69482,0.00000,-0.00000,0.71918,1.50048,0.01032,0.00000
61460000000,-11.15940,-6.19180,0.02072,0.69450,0.00000,-0.00000,0.71949,1.49211,0.00995,0.00000
61480000000,-11.16067,-6.16198,0.02072,0.69418,0.00000,-0.00000,0.71980,1.49227,0.00976,0.00000
61500000000,-11.16195,-6.13216,0.02072,0.69387,0.00000,-0.00000,0.72010,1.49244,0.00958,0.00000
61520000000,-11.16326,-6.10234,0.02072,0.69357,0.00000,-0.00000,0.72039,1.49259,0.00939,0.00000
61540000000,-11.16459,-6.07251,0.02072,0.69327,0.00000,-0.00000,0.72068,1.49275,0.00922,0.00000
61560000000,-11.16594,-6.04268,0.02072,0.69298,0.00000,-0.00000,0.72096,1.49290,0.00904,0.00000
61580000000,-11.16731,-6.01286,0.02072,0.69270,0.00000,-0.00000,0.72123,1.49304,0.00887,0.00000
61600000000,-11.16871,-5.98302,0.02072,0.69242,0.00000,-0.00000,0.72150,1.49319,0.00870,0.00000
61620000000,-11.17012,-5.95319,0.02072,0.69214,0.00000,-0.00000,0.72176,1.49333,0.00853,0.00000
61640000000,-11.17155,-5.92336,0.02072,0.69188,0.00000,-0.00000,0.72202,1.49347,0.00837,0.00000
61660000000,-11.17300,-5.89352,0.02072,0.69161,0.00000,-0.00000,0.72227,1.49360,0.00821,0.00000
61680000000,-11.17446,-5.86368,0.02072,0.69135,0.00000,-0.00000,0.72252,1.49373,0.00805,0.00000
61700000000,-11.17595,-5.83384,0.02072,0.69110,0.00000,-0.00000,0.72276,1.49386,0.00789,0.00000
61720000000,-11.17745,-5.80400,0.02072,0.69086,0.00000,-0.00000,0.72299,1.49399,0.00774,0.00000
61740000000,-11.17897,-5.77416,0.02072,0.69061,0.00000,-0.00000,0.72322,1.49411,0.00759,0.00000
61760000000,-11.18051,-5.74431,0.02072,0.69038,0.00000,-0.00000,0.72345,1.49424,0.00745,0.00000
61780000000,-11.18207,-5.71446,0.02072,0.69014,0.00000,-0.00000,0.72367,1.49435,0.00730,0.00000
61800000000,-11.18364,-5.68462,0.02072,0.68991,0.00000,-0.00000,0.72389,1.49447,0.00716,0.00000
61820000000,-11.18522,-5.65477,0.02072,0.68969,0.00000,-0.00000,0.72410,1.49458,0.00702,0.00000
61840000000,-11.18683,-5.62492,0.02072,0.68947,0.00000,-0.00000,0.72431,1.49469,0.00689,0.00000
61860000000,-11.18844,-5.59506,0.02072,0.68926,0.00000,-0.00000,0.72452,1.49480,0.00676,0.00000
61880000000,-11.19008,-5.56521,0.02072,0.68905,0.00000,-0.00000,0.72472,1.49491,0.00662,0.00000
61900000000,-11.19172,-5.53536,0.02072,0.68884,0.00000,-0.00000,0.72491,1.49501,0.00650,0.00000
61920000000,-11.19338,-5.50550,0.02072,0.68864,0.00000,-0.00000,0.72510,1.49512,0.00637,0.00000
61940000000,-11.19506,-5.47564,0.02072,0.68844,0.00000,-0.00000,0.72529,1.49522,0.00625,0.00000
61960000000,-11.19675,-5.44579,0.02072,0.68825,0.00000,-0.00000,0.72548,1.49531,0.00613,0.00000
61980000000,-11.19845,-5.41593,0.02072,0.68806,0.00000,-0.00000,0.72566,1.49541,0.00601,0.00000
62000000000,-11.20017,-5.38607,0.02072,0.68787,0.00000,-0.00000,0.72583,1.49550,0.00589,0.00000
62020000000,-11.20190,-5.35620,0.02072,0.68769,0.00000,-0.00000,0.72600,1.49560,0.00578,0.00000
62040000000,-11.20364,-5.32634,0.02072,0.68751,0.00000,-0.00000,0.72617,1.49569,0.00567,0.00000
62060000000,-11.20539,-5.29648,0.02072,0.68734,0.00000,-0.00000,0.72634,1.49577,0.00556,0.00000
62080000000,-11.20716,-5.26661,0.02072,0.68716,0.00000,-0.00000,0.72650,1.49586,0.00545,0.00000
62100000000,-11.20894,-5.23675,0.02072,0.68700,0.00000,-0.00000,0.72666,1.49594,0.00534,0.00000
62120000000,-11.21073,-5.20688,0.02072,0.68683,0.00000,-0.00000,0.72682,1.49603,0.00524,0.00000
62140000000,-11.21253,-5.17701,0.02072,0.68667,0.00000,-0.00000,0.72697,1.49611,0.00514,0.00000
62160000000,-11.21434,-5.14714,0.02072,0.68651,0.00000,-0.00000,0.72712,1.49619,0.00504,0.00000
62180000000,-11.21616,-5.11727,0.02072,0.68636,0.00000,-0.00000,0.72726,1.49626,0.00494,0.00000
62200000000,-11.21800,-5.08740,0.02072,0.68620,0.00000,-0.00000,0.72741,1.49634,0.00484,0.00000
62220000000,-11.21984,-5.05753,0.02072,0.68606,0.00000,-0.00000,0.72755,1.49641,0.00475,0.00000
62240000000,-11.22170,-5.02766,0.02072,0.68591,0.00000,-0.00000,0.72769,1.49649,0.00465,0.00000
62260000000,-11.22356,-4.99779,0.02072,0.68577,0.00000,-0.00000,0.72782,1.49656,0.00456,0.00000
62280000000,-11.22544,-4.96791,0.02072,0.68563,0.00000,-0.00000,0.72795,1.49663,0.00448,0.00000
62300000000,-11.22732,-4.93804,0.02072,0.68549,0.00000,-0.00000,0.72808,1.49670,0.00439,0.00000
62320000000,-11.22922,-4.90817,0.02072,0.68535,0.00000,-0.00000,0.72821,1.49676,0.00430,0.00000
62340000000,-11.23112,-4.87829,0.02072,0.68522,0.00000,-0.00000,0.72833,1.49683,0.00422,0.00000
62360000000,-11.23304,-4.84841,0.02072,0.68509,0.00000,-0.00000,0.72846,1.49689,0.00414,0.00000
62380000000,-11.23496,-4.81854,0.02072,0.68497,0.00000,-0.00000,0.72857,1.49696,0.00406,0.00000
62400000000,-11.23689,-4.78866,0.02072,0.68484,0.00000,-0.00000,0.72869,1.49702,0.00398,0.00000
62420000000,-11.23883,-4.75878,0.02072,0.68472,0.00000,-0.00000,0.72881,1.49708,0.00390,0.00000
62440000000,-11.24078,-4.72890,0.02072,0.68460,0.00000,-0.00000,0.72892,1.49714,0.00382,0.00000
62460000000,-11.24273,-4.69902,0.02072,0.68448,0.00000,-0.00000,0.72903,1.49720,0.00375,0.00000
62480000000,-11.24470,-4.66914,0.02072,0.68437,0.00000,-0.00000,0.72913,1.49725,0.00367,0.00000
62500000000,-11.24667,-4.63926,0.02072,0.68426,0.00000,-0.00000,0.72924,1.49731,0.00360,0.00000
62520000000,-11.24865,-4.60938,0.02072,0.68415,0.00000,-0.00000,0.72934,1.49736,0.00353,0.00000
62540000000,-11.25063,-4.57950,0.02072,0.68404,0.00000,-0.00000,0.72944,1.49742,0.00346,0.00000
62560000000,-11.25263,-4.54961,0.02072,0.68393,0.00000,-0.00000,0.72954,1.49747,0.00339,0.00000
62580000000,-11.25463,-4.51973,0.02072,0.68383,0.00000,-0.00000,0.72964,1.49752,0.00333,0.00000
62600000000,-11.25664,-4.48985,0.02072,0.68373,0.00000,-0.00000,0.72974,1.49757,0.00326,0.00000
62620000000,-11.25866,-4.45996,0.02072,0.68363,0.00000,-0.00000,0.72983,1.49762,0.00320,0.00000
62640000000,-11.26068,-4.43008,0.02072,0.68353,0.00000,-0.00000,0.72992,1.49767,0.00314,0.00000
62660000000,-11.26271,-4.40019,0.02072,0.68344,0.00000,-0.00000,0.73001,1.49771,0.00307,0.00000
62680000000,-11.26475,-4.37031,0.02072,0.68334,0.00000,-0.00000,0.73010,1.49776,0.00301,0.00000
62700000000,-11.26679,-4.34042,0.02072,0.68325,0.00000,-0.00000,0.73018,1.49780,0.00296,0.00000
62720000000,-11.26884,-4.31053,0.02072,0.68316,0.00000,-0.00000,0.73027,1.49785,0.00290,0.00000
62740000000,-11.27089,-4.28065,0.02072,0.68307,0.00000,-0.00000,0.73035,1.49789,0.00284,0.00000
62760000000,-11.27295,-4.25076,0.02072,0.68299,0.00000,-0.00000,0.73043,1.49793,0.00278,0.00000
62780000000,-11.27502,-4.22087,0.02072,0.68290,0.00000,-0.00000,0.73051,1.49798,0.00273,0.00000
62800000000,-11.27710,-4.19098,0.02072,0.68282,0.00000,-0.00000,0.73059,1.49802,0.00268,0.00000
62820000000,-11.27917,-4.16109,0.02072,0.68274,0.00000,-0.00000,0.73066,1.49806,0.00262,0.00000
62840000000,-11.28126,-4.13120,0.02072,0.68266,0.00000,-0.00000,0.73074,1.49809,0.00257,0.00000
62860000000,-11.28335,-4.10131,0.02072,0.68258,0.00000,-0.00000,0.73081,1.49813,0.00252,0.00000
62880000000,-11.28544,-4.07143,0.02072,0.68250,0.00000,-0.00000,0.73088,1.49817,0.00247,0.00000
62900000000,-11.28755,-4.04153,0.02072,0.68243,0.00000,-0.00000,0.73095,1.49821,0.00242,0.00000
62920000000,-11.28965,-4.01164,0.02072,0.68235,0.00000,-0.00000,0.73102,1.49824,0.00238,0.00000
62940000000,-11.29176,-3.98175,0.02072,0.68228,0.00000,-0.00000,0.73109,1.49828,0.00233,0.00000
62960000000,-11.29388,-3.95186,0.02072,0.68221,0.00000,-0.00000,0.73116,1.49831,0.00228,0.00000
62980000000,-11.29600,-3.92205,0.02072,0.68215,0.00000,-0.00000,0.73121,1.49172,0.00265,0.00000
63000000000,-11.29812,-3.89233,0.02072,0.68211,0.00000,-0.00000,0.73125,1.48910,0.00261,0.00000
63020000000,-11.30023,-3.86275,0.02072,0.68210,0.00000,-0.00000,0.73126,1.48167,0.00279,0.00000
63040000000,-11.30234,-3.83330,0.02072,0.68212,0.00000,-0.00000,0.73124,1.47361,0.00288,0.00000
63060000000,-11.30443,-3.80407,0.02072,0.68218,0.00000,-0.00000,0.73118,1.46247,0.00297,0.00000
63080000000,-11.30650,-3.77499,0.02072,0.68229,0.00000,-0.00000,0.73108,1.45745,0.00242,0.00000
63100000000,-11.30854,-3.74599,0.02072,0.68245,0.00000,-0.00000,0.73094,1.45079,0.00192,0.00000
63120000000,-11.31054,-3.71719,0.02072,0.68266,0.00000,-0.00000,0.73074,1.44184,0.00137,0.00000
63140000000,-11.31250,-3.68834,0.02072,0.68291,0.00000,-0.00000,0.73051,1.44886,-0.00035,0.00000
63160000000,-11.31442,-3.65924,0.02072,0.68316,0.00000,-0.00000,0.73027,1.46142,-0.00221,0.00000
63180000000,-11.31630,-3.62988,0.02072,0.68341,0.00000,-0.00000,0.73003,1.47380,-0.00378,0.00000
63200000000,-11.31814,-3.60028,0.02072,0.68365,0.00000,-0.00000,0.72981,1.48599,-0.00507,0.00000
63220000000,-11.31997,-3.57044,0.02072,0.68387,0.00000,-0.00000,0.72961,1.49774,-0.00571,0.00000
63240000000,-11.32185,-3.54047,0.02072,0.68396,0.00000,-0.00000,0.72952,1.50205,-0.00274,0.00000
63260000000,-11.32373,-3.51049,0.02072,0.68404,0.00000,-0.00000,0.72944,1.50201,-0.00269,0.00000
63280000000,-11.32560,-3.48050,0.02072,0.68412,0.00000,-0.00000,0.72937,1.50197,-0.00264,0.00000
63300000000,-11.32747,-3.45052,0.02072,0.68420,0.00000,-0.00000,0.72929,1.50193,-0.00258,0.00000
63320000000,-11.32933,-3.42054,0.02072,0.68428,0.00000,-0.00000,0.72922,1.50189,-0.00253,0.00000
63340000000,-11.33118,-3.39056,0.02072,0.68436,0.00000,-0.00000,0.72914,1.50185,-0.00248,0.00000
63360000000,-11.33303,-3.36058,0.02072,0.68444,0.00000,-0.00000,0.72907,1.50182,-0.00243,0.00000
63380000000,-11.33488,-3.33060,0.02072,0.68451,0.00000,-0.00000,0.72900,1.50178,-0.00238,0.00000
63400000000,-11.33672,-3.30063,0.02072,0.68458,0.00000,-0.00000,0.72894,1.50175,-0.00233,0.00000
63420000000,-11.33855,-3.27065,0.02072,0.68465,0.00000,-0.00000,0.72887,1.50171,-0.00229,0.00000
63440000000,-11.34038,-3.24067,0.02072,0.68472,0.00000,-0.00000,0.72880,1.50168,-0.00224,0.00000
63460000000,-11.34220,-3.21069,0.02072,0.68479,0.00000,-0.00000,0.72874,1.50165,-0.00220,0.00000
63480000000,-11.34402,-3.18071,0.02072,0.68486,0.00000,-0.00000,0.72867,1.50161,-0.00215,0.00000
63500000000,-11.34584,-3.15074,0.02072,0.68493,0.00000,-0.00000,0.72861,1.50158,-0.00211,0.00000
63520000000,-11.34765,-3.12076,0.02072,0.68499,0.00000,-0.00000,0.72855,1.50155,-0.00207,0.00000
63540000000,-11.34945,-3.09078,0.02072,0.68505,0.00000,-0.00000,0.72849,1.50152,-0.00203,0.00000
63560000000,-11.35125,-3.06081,0.02072,0.68512,0.00000,-0.00000,0.72843,1.50149,-0.00199,0.00000
63580000000,-11.35305,-3.03083,0.02072,0.68518,0.00000,-0.00000,0.72838,1.50146,-0.00195,0.00000
63600000000,-11.35484,-3.00086,0.02072,0.68524,0.00000,-0.00000,0.72832,1.50143,-0.00191,0.00000
63620000000,-11.35663,-2.97088,0.02072,0.68529,0.00000,-0.00000,0.72827,1.50140,-0.00187,0.00000
63640000000,-11.35842,-2.94091,0.02072,0.68535,0.00000,-0.00000,0.72821,1.50138,-0.00183,0.00000
63660000000,-11.36020,-2.91093,0.02072,0.68541,0.00000,-0.00000,0.72816,1.50135,-0.00180,0.00000
63680000000,-11.36198,-2.88096,0.02072,0.68546,0.00000,-0.00000,0.72811,1.50132,-0.00176,0.00000
63700000000,-11.36375,-2.85099,0.02072,0.68552,0.00000,-0.00000,0.72806,1.50130,-0.00172,0.00000
63720000000,-11.36552,-2.82101,0.02072,0.68557,0.00000,-0.00000,0.72801,1.50127,-0.00169,0.00000
63740000000,-11.36728,-2.79104,0.02072,0.68562,0.00000,-0.00000,0.72796,1.50125,-0.00166,0.00000
63760000000,-11.36905,-2.76107,0.02072,0.68567,0.00000,-0.00000,0.72791,1.50122,-0.00162,0.00000
63780000000,-11.37080,-2.73109,0.02072,0.68572,0.00000,-0.00000,0.72786,1.50120,-0.00159,0.00000
63800000000,-11.37256,-2.70112,0.02072,0.68577,0.00000,-0.00000,0.72782,1.50117,-0.00156,0.00000
63820000000,-11.37431,-2.67115,0.02072,0.68582,0.00000,-0.00000,0.72777,1.50115,-0.00153,0.00000
63840000000,-11.37606,-2.64118,0.02072,0.68587,0.00000,-0.00000,0.72773,1.50113,-0.00150,0.00000
63860000000,-11.37780,-2.61121,0.02072,0.68591,0.00000,-0.00000,0.72768,1.50111,-0.00147,0.00000
63880000000,-11.37952,-2.58129,0.02072,0.68600,0.00000,-0.00000,0.72760,1.49631,-0.00304,0.00000
63900000000,-11.38121,-2.55158,0.02072,0.68614,0.00000,-0.00000,0.72747,1.48555,-0.00257,0.00000
63920000000,-11.38289,-2.52206,0.02072,0.68631,0.00000,-0.00000,0.72731,1.47518,-0.00233,0.00000
63940000000,-11.38453,-2.49273,0.02072,0.68652,0.00000,-0.00000,0.72711,1.46863,-0.00255,0.00000
63960000000,-11.38615,-2.46352,0.02072,0.68676,0.00000,-0.00000,0.72689,1.45953,-0.00274,0.00000
63980000000,-11.38772,-2.43451,0.02072,0.68704,0.00000,-0.00000,0.72662,1.45154,-0.00322,0.00000
64000000000,-11.38925,-2.40564,0.02072,0.68738,0.00000,-0.00000,0.72630,1.44441,-0.00391,0.00000
64020000000,-11.39073,-2.37690,0.02072,0.68776,0.00000,-0.00000,0.72594,1.43686,-0.00472,0.00000
64040000000,-11.39215,-2.34825,0.02072,0.68820,0.00000,-0.00000,0.72553,1.43180,-0.00580,0.00000
64060000000,-11.39350,-2.31980,0.02072,0.68869,0.00000,-0.00000,0.72506,1.42196,-0.00680,0.00000
64080000000,-11.39478,-2.29123,0.02072,0.68922,0.00000,-0.00000,0.72455,1.43314,-0.00905,0.00000
64100000000,-11.39599,-2.26240,0.02072,0.68978,0.00000,-0.00000,0.72402,1.44616,-0.01112,0.00000
64120000000,-11.39712,-2.23330,0.02072,0.69035,0.00000,-0.00000,0.72347,1.45901,-0.01288,0.00000
64140000000,-11.39819,-2.20395,0.02072,0.69093,0.00000,-0.00000,0.72292,1.47168,-0.01433,0.00000
64160000000,-11.39921,-2.17435,0.02072,0.69151,0.00000,-0.00000,0.72237,1.48419,-0.01548,0.00000
64180000000,-11.40017,-2.14449,0.02072,0.69207,0.00000,-0.00000,0.72183,1.49622,-0.01592,0.00000
64200000000,-11.40112,-2.11443,0.02072,0.69255,0.00000,-0.00000,0.72137,1.50692,-0.01459,0.00000
64220000000,-11.40204,-2.08422,0.02072,0.69302,0.00000,-0.00000,0.72092,1.51141,-0.01454,0.00000
64240000000,-11.40293,-2.05400,0.02072,0.69348,0.00000,-0.00000,0.72047,1.51120,-0.01423,0.00000
64260000000,-11.40378,-2.02379,0.02072,0.69393,0.00000,-0.00000,0.72004,1.51099,-0.01392,0.00000
64280000000,-11.40460,-1.99359,0.02072,0.69437,0.00000,-0.00000,0.71962,1.51079,-0.01363,0.00000
64300000000,-11.40539,-1.96338,0.02072,0.69480,0.00000,-0.00000,0.71920,1.51058,-0.01334,0.00000
64320000000,-11.40615,-1.93318,0.02072,0.69523,0.00000,-0.00000,0.71879,1.51038,-0.01306,0.00000
64340000000,-11.40688,-1.90298,0.02072,0.69564,0.00000,-0.00000,0.71839,1.51019,-0.01278,0.00000
64360000000,-11.40759,-1.87279,0.02072,0.69605,0.00000,-0.00000,0.71799,1.51000,-0.01251,0.00000
64380000000,-11.40826,-1.84260,0.02072,0.69645,0.00000,-0.00000,0.71761,1.50981,-0.01225,0.00000
64400000000,-11.40890,-1.81241,0.02072,0.69684,0.00000,-0.00000,0.71723,1.50962,-0.01199,0.00000
64420000000,-11.40952,-1.78223,0.02072,0.69723,0.00000,-0.00000,0.71685,1.50944,-0.01174,0.00000
64440000000,-11.41011,-1.75205,0.02072,0.69760,0.00000,-0.00000,0.71649,1.50926,-0.01149,0.00000
64460000000,-11.41068,-1.72187,0.02072,0.69797,0.00000,-0.00000,0.71613,1.50909,-0.01125,0.00000
64480000000,-11.41121,-1.69169,0.02072,0.69833,0.00000,-0.00000,0.71577,1.50891,-0.01101,0.00000
64500000000,-11.41172,-1.66152,0.02072,0.69869,0.00000,-0.00000,0.71543,1.50875,-0.01078,0.00000
64520000000,-11.41221,-1.63135,0.02072,0.69904,0.00000,-0.00000,0.71509,1.50858,-0.01056,0.00000
64540000000,-11.41267,-1.60119,0.02072,0.69938,0.00000,-0.00000,0.71475,1.50842,-0.01034,0.00000
64560000000,-11.41311,-1.57102,0.02072,0.69971,0.00000,-0.00000,0.71443,1.50826,-0.01012,0.00000
64580000000,-11.41352,-1.54086,0.02072,0.70004,0.00000,-0.00000,0.71411,1.50810,-0.00991,0.00000
64600000000,-11.41392,-1.51070,0.02072,0.70036,0.00000,-0.00000,0.71379,1.50794,-0.00970,0.00000
64620000000,-11.41428,-1.48055,0.02072,0.70067,0.00000,-0.00000,0.71348,1.50779,-0.00950,0.00000
64640000000,-11.41463,-1.45040,0.02072,0.70098,0.00000,-0.00000,0.71318,1.50764,-0.00930,0.00000
64660000000,-11.41495,-1.42025,0.02072,0.70129,0.00000,-0.00000,0.71288,1.50750,-0.00911,0.00000
64680000000,-11.41525,-1.39010,0.02072,0.70158,0.00000,-0.00000,0.71259,1.50735,-0.00892,0.00000
64700000000,-11.41553,-1.35996,0.02072,0.70187,0.00000,-0.00000,0.71230,1.50721,-0.00873,0.00000
64720000000,-11.41579,-1.32981,0.02072,0.70216,0.00000,-0.00000,0.71202,1.50707,-0.00855,0.00000
64740000000,-11.41603,-1.29968,0.02072,0.70244,0.00000,-0.00000,0.71174,1.50694,-0.00837,0.00000
64760000000,-11.41625,-1.26954,0.02072,0.70271,0.00000,-0.00000,0.71147,1.50680,-0.00820,0.00000
64780000000,-11.41645,-1.23941,0.02072,0.70298,0.00000,-0.00000,0.71121,1.50667,-0.00803,0.00000
64800000000,-11.41663,-1.20927,0.02072,0.70325,0.00000,-0.00000,0.71095,1.50655,-0.00786,0.00000
64820000000,-11.41679,-1.17915,0.02072,0.70350,0.00000,-0.00000,0.71069,1.50642,-0.00770,0.00000
64840000000,-11.41694,-1.14902,0.02072,0.70376,0.00000,-0.00000,0.71044,1.50630,-0.00754,0.00000
64860000000,-11.41706,-1.11889,0.02072,0.70401,0.00000,-0.00000,0.71019,1.50617,-0.00739,0.00000
64880000000,-11.41717,-1.08877,0.02072,0.70425,0.00000,-0.00000,0.70995,1.50606,-0.00723,0.00000
64900000000,-11.41726,-1.05865,0.02072,0.70449,0.00000,-0.00000,0.70971,1.50594,-0.00708,0.00000
64920000000,-11.41733,-1.02854,0.02072,0.70472,0.00000,-0.00000,0.70948,1.50582,-0.00694,0.00000
64940000000,-11.41739,-0.99842,0.02072,0.70495,0.00000,-0.00000,0.70925,1.50571,-0.00679,0.00000
64960000000,-11.41743,-0.96831,0.02072,0.70518,0.00000,-0.00000,0.70903,1.50560,-0.00665,0.00000
64980000000,-11.41745,-0.93820,0.02072,0.70540,0.00000,-0.00000,0.70881,1.50549,-0.00652,0.00000
65000000000,-11.41746,-0.90809,0.02072,0.70561,0.00000,-0.00000,0.70860,1.50539,-0.00638,0.00000
65020000000,-11.41745,-0.87798,0.02072,0.70583,0.00000,-0.00000,0.70839,1.50528,-0.00625,0.00000
65040000000,-11.41743,-0.84788,0.02072,0.70603,0.00000,-0.00000,0.70818,1.50518,-0.00612,0.00000
65060000000,-11.41739,-0.81778,0.02072,0.70624,0.00000,-0.00000,0.70798,1.50508,-0.00600,0.00000
65080000000,-11.41734,-0.78768,0.02072,0.70644,0.00000,-0.00000,0.70778,1.50498,-0.00588,0.00000
65100000000,-11.41727,-0.75758,0.02072,0.70663,0.00000,-0.00000,0.70758,1.50488,-0.00576,0.00000
65120000000,-11.41719,-0.72748,0.02072,0.70682,0.00000,-0.00000,0.70739,1.50479,-0.00564,0.00000
65140000000,-11.41709,-0.69739,0.02072,0.70701,0.00000,-0.00000,0.70720,1.50470,-0.00552,0.00000
65160000000,-11.41698,-0.66729,0.02072,0.70720,0.00000,-0.00000,0.70702,1.50460,-0.00541,0.00000
65180000000,-11.41686,-0.63720,0.02072,0.70738,0.00000,-0.00000,0.70684,1.50451,-0.00530,0.00000
65200000000,-11.41672,-0.60711,0.02072,0.70755,0.00000,-0.00000,0.70666,1.50442,-0.00520,0.00000
65220000000,-11.41658,-0.57703,0.02072,0.70773,0.00000,-0.00000,0.70648,1.50433,-0.00509,0.00000
65240000000,-11.41642,-0.54694,0.02072,0.70790,0.00000,-0.00000,0.70631,1.50425,-0.00499,0.00000
65260000000,-11.41624,-0.51686,0.02072,0.70806,0.00000,-0.00000,0.70615,1.50416,-0.00489,0.00000
65280000000,-11.41606,-0.48678,0.02072,0.70823,0.00000,-0.00000,0.70598,1.50408,-0.00479,0.00000
65300000000,-11.41586,-0.45670,0.02072,0.70839,0.00000,-0.00000,0.70582,1.50400,-0.00470,0.00000
65320000000,-11.41565,-0.42662,0.02072,0.70854,0.00000,-0.00000,0.70567,1.50392,-0.00460,0.00000
65340000000,-11.41543,-0.39654,0.02072,0.70870,0.00000,-0.00000,0.70551,1.50384,-0.00451,0.00000
65360000000,-11.41520,-0.36647,0.02072,0.70885,0.00000,-0.00000,0.70536,1.50376,-0.00442,0.00000
65380000000,-11.41496,-0.33639,0.02072,0.70900,0.00000,-0.00000,0.70521,1.50369,-0.00434,0.00000
65400000000,-11.41470,-0.30632,0.02072,0.70914,0.00000,-0.00000,0.70507,1.50362,-0.00425,0.00000
65420000000,-11.41444,-0.27625,0.02072,0.70928,0.00000,-0.00000,0.70493,1.50354,-0.00416,0.00000
65440000000,-11.41417,-0.24618,0.02072,0.70942,0.00000,-0.00000,0.70479,1.50347,-0.00408,0.00000
65460000000,-11.41388,-0.21612,0.02072,0.70956,0.00000,-0.00000,0.70465,1.50340,-0.00400,0.00000
65480000000,-11.41359,-0.18605,0.02072,0.70969,0.00000,-0.00000,0.70451,1.50334,-0.00392,0.00000
65500000000,-11.41329,-0.15599,0.02072,0.70982,0.00000,-0.00000,0.70438,1.50327,-0.00384,0.00000
65520000000,-11.41298,-0.12592,0.02072,0.70995,0.00000,-0.00000,0.70425,1.50320,-0.00377,0.00000
65540000000,-11.41265,-0.09586,0.02072,0.71007,0.00000,-0.00000,0.70413,1.50314,-0.00369,0.00000
65560000000,-11.41232,-0.06580,0.02072,0.71020,0.00000,-0.00000,0.70400,1.50308,-0.00362,0.00000
65580000000,-11.41198,-0.03574,0.02072,0.71032,0.00000,-0.00000,0.70388,1.50302,-0.00355,0.00000
65600000000,-11.41163,-0.00569,0.02072,0.71043,0.00000,-0.00000,0.70376,1.50296,-0.00347,0.00000
65620000000,-11.41128,0.02437,0.02072,0.71055,0.00000,-0.00000,0.70365,1.50290,-0.00341,0.00000
65640000000,-11.41091,0.05443,0.02072,0.71066,0.00000,-0.00000,0.70353,1.50284,-0.00334,0.00000
65660000000,-11.41054,0.08448,0.02072,0.71077,0.00000,-0.00000,0.70342,1.50278,-0.00327,0.00000
65680000000,-11.41016,0.11453,0.02072,0.71088,0.00000,-0.00000,0.70331,1.50273,-0.00321,0.00000
65700000000,-11.40977,0.14458,0.02072,0.71099,0.00000,-0.00000,0.70320,1.50267,-0.00314,0.00000
65720000000,-11.40937,0.17463,0.02072,0.71109,0.00000,-0.00000,0.70310,1.50262,-0.00308,0.00000
65740000000,-11.40896,0.20468,0.02072,0.71120,0.00000,-0.00000,0.70299,1.50257,-0.00302,0.00000
65760000000,-11.40855,0.23473,0.02072,0.71130,0.00000,-0.00000,0.70289,1.50252,-0.00296,0.00000
65780000000,-11.40813,0.26478,0.02072,0.71139,0.00000,-0.00000,0.70279,1.50247,-0.00290,0.00000
65800000000,-11.40770,0.29482,0.02072,0.71149,0.00000,-0.00000,0.70270,1.50242,-0.00284,0.00000
65820000000,-11.40727,0.32480,0.02072,0.71159,0.00000,-0.00000,0.70259,1.49618,-0.00328,0.00000
65840000000,-11.40681,0.35453,0.02072,0.71171,0.00000,-0.00000,0.70248,1.48371,-0.00344,0.00000
65860000000,-11.40635,0.38404,0.02072,0.71183,0.00000,-0.00000,0.70235,1.47349,-0.00383,0.00000
65880000000,-11.40586,0.41338,0.02072,0.71198,0.00000,-0.00000,0.70220,1.46707,-0.00441,0.00000
65900000000,-11.40535,0.44272,0.02072,0.71214,0.00000,-0.00000,0.70204,1.46723,-0.00504,0.00000
65920000000,-11.40482,0.47191,0.02072,0.71233,0.00000,-0.00000,0.70185,1.45654,-0.00572,0.00000
65940000000,-11.40425,0.50086,0.02072,0.71254,0.00000,-0.00000,0.70163,1.44470,-0.00662,0.00000
65960000000,-11.40365,0.52966,0.02072,0.71279,0.00000,-0.00000,0.70138,1.43944,-0.00772,0.00000
65980000000,-11.40300,0.55862,0.02072,0.71308,0.00000,-0.00000,0.70108,1.45175,-0.00886,0.00000
66000000000,-11.40230,0.58785,0.02072,0.71340,0.00000,-0.00000,0.70076,1.46510,-0.00974,0.00000
66020000000,-11.40155,0.61734,0.02072,0.71374,0.00000,-0.00000,0.70041,1.47823,-0.01036,0.00000
66040000000,-11.40076,0.64709,0.02072,0.71410,0.00000,-0.00000,0.70004,1.49114,-0.01073,0.00000
66060000000,-11.39994,0.67708,0.02072,0.71445,0.00000,-0.00000,0.69969,1.50298,-0.01011,0.00000
66080000000,-11.39910,0.70724,0.02072,0.71479,0.00000,-0.00000,0.69934,1.50849,-0.00997,0.00000
66100000000,-11.39823,0.73739,0.02072,0.71511,0.00000,-0.00000,0.69901,1.50832,-0.00977,0.00000
66120000000,-11.39733,0.76754,0.02072,0.71544,0.00000,-0.00000,0.69868,1.50815,-0.00957,0.00000
66140000000,-11.39641,0.79769,0.02072,0.71575,0.00000,-0.00000,0.69835,1.50799,-0.00938,0.00000
66160000000,-11.39547,0.82783,0.02072,0.71606,0.00000,-0.00000,0.69804,1.50782,-0.00919,0.00000
66180000000,-11.39451,0.85797,0.02072,0.71637,0.00000,-0.00000,0.69773,1.50767,-0.00901,0.00000
66200000000,-11.39352,0.88811,0.02072,0.71666,0.00000,-0.00000,0.69742,1.50751,-0.00883,0.00000
66220000000,-11.39252,0.91824,0.02072,0.71695,0.00000,-0.00000,0.69712,1.50736,-0.00865,0.00000
66240000000,-11.39149,0.94837,0.02072,0.71724,0.00000,-0.00000,0.69683,1.50722,-0.00848,0.00000
66260000000,-11.39044,0.97849,0.02072,0.71752,0.00000,-0.00000,0.69654,1.50707,-0.00831,0.00000
66280000000,-11.38937,1.00860,0.02072,0.71779,0.00000,-0.00000,0.69626,1.50598,-0.00814,0.00000
66300000000,-11.38828,1.03856,0.02072,0.71807,0.00000,-0.00000,0.69597,1.49762,-0.00864,0.00000
66320000000,-11.38716,1.06834,0.02072,0.71836,0.00000,-0.00000,0.69567,1.48701,-0.00869,0.00000
66340000000,-11.38602,1.09793,0.02072,0.71866,0.00000,-0.00000,0.69536,1.47957,-0.00898,0.00000
66360000000,-11.38485,1.12734,0.02072,0.71897,0.00000,-0.00000,0.69504,1.46884,-0.00938,0.00000
66380000000,-11.38365,1.15658,0.02072,0.71929,0.00000,-0.00000,0.69471,1.46266,-0.01002,0.00000
66400000000,-11.38241,1.18573,0.02072,0.71965,0.00000,-0.00000,0.69434,1.45638,-0.01070,0.00000
66420000000,-11.38113,1.21466,0.02072,0.72002,0.00000,-0.00000,0.69395,1.44495,-0.01155,0.00000
66440000000,-11.37981,1.24336,0.02072,0.72043,0.00000,-0.00000,0.69352,1.43363,-0.01261,0.00000
66460000000,-11.37843,1.27190,0.02072,0.72089,0.00000,-0.00000,0.69305,1.42819,-0.01392,0.00000
66480000000,-11.37699,1.30028,0.02072,0.72138,0.00000,-0.00000,0.69254,1.41828,-0.01526,0.00000
66500000000,-11.37549,1.32851,0.02072,0.72193,0.00000,-0.00000,0.69197,1.41292,-0.01683,0.00000
66520000000,-11.37391,1.35668,0.02072,0.72252,0.00000,-0.00000,0.69135,1.40812,-0.01841,0.00000
66540000000,-11.37225,1.38464,0.02072,0.72318,0.00000,-0.00000,0.69066,1.39803,-0.02011,0.00000
66560000000,-11.37051,1.41244,0.02072,0.72389,0.00000,-0.00000,0.68992,1.39038,-0.02196,0.00000
66580000000,-11.36868,1.44006,0.02072,0.72466,0.00000,-0.00000,0.68910,1.38121,-0.02392,0.00000
66600000000,-11.36676,1.46748,0.02072,0.72551,0.00000,-0.00000,0.68821,1.37219,-0.02608,0.00000
66620000000,-11.36473,1.49471,0.02072,0.72642,0.00000,-0.00000,0.68725,1.36264,-0.02831,0.00000
66640000000,-11.36258,1.52180,0.02072,0.72742,0.00000,-0.00000,0.68619,1.35860,-0.03085,0.00000
66660000000,-11.36029,1.54892,0.02072,0.72850,0.00000,-0.00000,0.68505,1.36082,-0.03345,0.00000
66680000000,-11.35787,1.57599,0.02072,0.72965,0.00000,-0.00000,0.68382,1.35627,-0.03584,0.00000
66700000000,-11.35532,1.60287,0.02072,0.73089,0.00000,-0.00000,0.68249,1.34758,-0.03824,0.00000
66720000000,-11.35263,1.62958,0.02072,0.73221,0.00000,-0.00000,0.68107,1.33921,-0.04079,0.00000
66740000000,-11.34979,1.65610,0.02072,0.73363,0.00000,-0.00000,0.67955,1.33117,-0.04349,0.00000
66760000000,-11.34680,1.68246,0.02072,0.73513,0.00000,-0.00000,0.67793,1.32350,-0.04636,0.00000
66780000000,-11.34363,1.70864,0.02072,0.73673,0.00000,-0.00000,0.67619,1.31620,-0.04929,0.00000
66800000000,-11.34029,1.73467,0.02072,0.73843,0.00000,-0.00000,0.67433,1.30934,-0.05247,0.00000
66820000000,-11.33676,1.76055,0.02072,0.74023,0.00000,-0.00000,0.67236,1.30297,-0.05593,0.00000
66840000000,-11.33304,1.78627,0.02072,0.74212,0.00000,-0.00000,0.67026,1.29702,-0.05898,0.00000
66860000000,-11.32911,1.81186,0.02072,0.74413,0.00000,-0.00000,0.66804,1.29154,-0.06214,0.00000
66880000000,-11.32498,1.83731,0.02072,0.74624,0.00000,-0.00000,0.66567,1.28660,-0.06541,0.00000
66900000000,-11.32062,1.86264,0.02072,0.74848,0.00000,-0.00000,0.66316,1.28221,-0.06881,0.00000
66920000000,-11.31603,1.88786,0.02072,0.75083,0.00000,-0.00000,0.66049,1.27842,-0.07224,0.00000
66940000000,-11.31119,1.91296,0.02072,0.75332,0.00000,-0.00000,0.65766,1.27525,-0.07569,0.00000
66960000000,-11.30610,1.93796,0.02072,0.75593,0.00000,-0.00000,0.65465,1.27272,-0.07921,0.00000
66980000000,-11.30073,1.96287,0.02072,0.75868,0.00000,-0.00000,0.65146,1.27090,-0.08282,0.00000
67000000000,-11.29509,1.98769,0.02072,0.76158,0.00000,-0.00000,0.64808,1.26982,-0.08652,0.00000
67020000000,-11.28913,2.01244,0.02072,0.76460,0.00000,-0.00000,0.64450,1.26962,-0.09084,0.00000
67040000000,-11.28284,2.03712,0.02072,0.76773,0.00000,-0.00000,0.64078,1.27053,-0.09638,0.00000
67060000000,-11.27618,2.06176,0.02072,0.77093,0.00000,-0.00000,0.63692,1.27236,-0.10171,0.00000
67080000000,-11.26917,2.08635,0.02072,0.77420,0.00000,-0.00000,0.63294,1.27514,-0.10683,0.00000
67100000000,-11.26178,2.11097,0.02072,0.77755,0.00000,-0.00000,0.62883,1.28349,-0.11171,0.00000
67120000000,-11.25396,2.13578,0.02072,0.78100,0.00000,-0.00000,0.62453,1.29997,-0.11626,0.00000
67140000000,-11.24571,2.16081,0.02072,0.78457,0.00000,-0.00000,0.62004,1.31624,-0.12056,0.00000
67160000000,-11.23701,2.18603,0.02072,0.78823,0.00000,-0.00000,0.61539,1.33230,-0.12461,0.00000
67180000000,-11.22785,2.21144,0.02072,0.79197,0.00000,-0.00000,0.61056,1.34814,-0.12841,-0.00000
67200000000,-11.21823,2.23701,0.02072,0.79579,0.00000,-0.00000,0.60557,1.36377,-0.13195,-0.00000
67220000000,-11.20813,2.26274,0.02072,0.79968,0.00000,-0.00000,0.60043,1.37917,-0.13523,-0.00000
67240000000,-11.19755,2.28860,0.02072,0.80362,0.00000,-0.00000,0.59515,1.39435,-0.13825,-0.00000
67260000000,-11.18648,2.31460,0.02072,0.80760,0.00000,-0.00000,0.58973,1.40931,-0.14100,-0.00000
67280000000,-11.17493,2.34070,0.02072,0.81162,0.00000,-0.00000,0.58418,1.42403,-0.14348,-0.00000
67300000000,-11.16287,2.36691,0.02072,0.81567,0.00000,-0.00000,0.57852,1.43897,-0.14568,-0.00000
67320000000,-11.15030,2.39323,0.02072,0.81974,0.00000,-0.00000,0.57273,1.45484,-0.14752,-0.00000
67340000000,-11.13722,2.41966,0.02072,0.82384,0.00000,-0.00000,0.56683,1.47119,-0.14903,-0.00000
67360000000,-11.12369,2.44609,0.02072,0.82786,0.00000,-0.00000,0.56093,1.47723,-0.14674,-0.00000
67380000000,-11.10999,2.47244,0.02072,0.83154,0.00000,-0.00000,0.55546,1.47897,-0.13461,-0.00000
67400000000,-11.09603,2.49859,0.02072,0.83500,0.00000,-0.00000,0.55025,1.47447,-0.13515,0.00000
67420000000,-11.08174,2.52445,0.02072,0.83832,0.00000,-0.00000,0.54518,1.46962,-0.13722,0.00000
67440000000,-11.06716,2.55004,0.02072,0.84149,0.00000,-0.00000,0.54027,1.46525,-0.13914,0.00000
67460000000,-11.05228,2.57537,0.02072,0.84452,0.00000,-0.00000,0.53552,1.46134,-0.14088,0.00000
67480000000,-11.03713,2.60046,0.02072,0.84740,0.00000,-0.00000,0.53096,1.45785,-0.14245,0.00000
67500000000,-11.02171,2.62532,0.02072,0.85012,0.00000,-0.00000,0.52659,1.45474,-0.14382,0.00000
67520000000,-11.00605,2.64997,0.02072,0.85269,0.00000,-0.00000,0.52241,1.45200,-0.14500,0.00000
67540000000,-10.99016,2.67440,0.02072,0.85511,0.00000,-0.00000,0.51844,1.44958,-0.14598,0.00000
67560000000,-10.97406,2.69865,0.02072,0.85737,0.00000,-0.00000,0.51470,1.44745,-0.14674,0.00000
67580000000,-10.95776,2.72272,0.02072,0.85948,0.00000,-0.00000,0.51117,1.44558,-0.14729,0.00000
67600000000,-10.94128,2.74664,0.02072,0.86144,0.00000,-0.00000,0.50786,1.44499,-0.14681,0.00000
67620000000,-10.92464,2.77049,0.02072,0.86333,0.00000,-0.00000,0.50464,1.44722,-0.14412,0.00000
67640000000,-10.90786,2.79428,0.02072,0.86517,0.00000,-0.00000,0.50148,1.44937,-0.14147,0.00000
67660000000,-10.89092,2.81801,0.02072,0.86696,0.00000,-0.00000,0.49839,1.45142,-0.13885,0.00000
67680000000,-10.87385,2.84168,0.02072,0.86869,0.00000,-0.00000,0.49535,1.45340,-0.13627,0.00000
67700000000,-10.85663,2.86529,0.02072,0.87038,0.00000,-0.00000,0.49238,1.45529,-0.13373,0.00000
67720000000,-10.83928,2.88884,0.02072,0.87202,0.00000,-0.00000,0.48947,1.45710,-0.13122,0.00000
67740000000,-10.82180,2.91233,0.02072,0.87361,0.00000,-0.00000,0.48662,1.45884,-0.12875,0.00000
67760000000,-10.80420,2.93579,0.02072,0.87520,0.00000,-0.00000,0.48377,1.46220,-0.12449,0.00000
67780000000,-10.78647,2.95922,0.02072,0.87678,0.00000,-0.00000,0.48089,1.46418,-0.12178,0.00000
67800000000,-10.76862,2.98261,0.02072,0.87835,0.00000,-0.00000,0.47801,1.46718,-0.11778,0.00000
67820000000,-10.75066,3.00599,0.02072,0.87997,0.00000,-0.00000,0.47502,1.47070,-0.11310,0.00000
67840000000,-10.73257,3.02935,0.02072,0.88166,0.00000,-0.00000,0.47189,1.47435,-0.10817,0.00000
67860000000,-10.71435,3.05268,0.02072,0.88338,0.00000,-0.00000,0.46866,1.47648,-0.10521,0.00000
67880000000,-10.69598,3.07593,0.02072,0.88512,0.00000,-0.00000,0.46536,1.47879,-0.10182,0.00000
67900000000,-10.67746,3.09912,0.02072,0.88690,0.00000,-0.00000,0.46196,1.48082,-0.09872,0.00000
67920000000,-10.65880,3.12224,0.02072,0.88875,0.00000,-0.00000,0.45840,1.48336,-0.09459,0.00000
67940000000,-10.63996,3.14525,0.02072,0.89061,0.00000,-0.00000,0.45477,1.48333,-0.09480,0.00000
67960000000,-10.62091,3.16804,0.02072,0.89236,0.00000,-0.00000,0.45133,1.48181,-0.09785,0.00000
67980000000,-10.60167,3.19064,0.02072,0.89399,0.00000,-0.00000,0.44809,1.48060,-0.10062,0.00000
68000000000,-10.58223,3.21306,0.02072,0.89551,0.00000,-0.00000,0.44504,1.47966,-0.10308,0.00000
68020000000,-10.56262,3.23531,0.02072,0.89691,0.00000,-0.00000,0.44221,1.47892,-0.10532,0.00000
68040000000,-10.54285,3.25740,0.02072,0.89819,0.00000,-0.00000,0.43960,1.47839,-0.10728,0.00000
68060000000,-10.52294,3.27936,0.02072,0.89937,0.00000,-0.00000,0.43720,1.47828,-0.10827,0.00000
68080000000,-10.50293,3.30125,0.02072,0.90049,0.00000,-0.00000,0.43487,1.47928,-0.10616,0.00000
68100000000,-10.48283,3.32308,0.02072,0.90159,0.00000,-0.00000,0.43259,1.48023,-0.10407,0.00000
68120000000,-10.46264,3.34485,0.02072,0.90266,0.00000,-0.00000,0.43036,1.48115,-0.10202,0.00000
68140000000,-10.44237,3.36656,0.02072,0.90370,0.00000,-0.00000,0.42816,1.48202,-0.10001,0.00000
68160000000,-10.42201,3.38821,0.02072,0.90472,0.00000,-0.00000,0.42602,1.48286,-0.09803,0.00000
68180000000,-10.40157,3.40980,0.02072,0.90571,0.00000,-0.00000,0.42391,1.48366,-0.09609,0.00000
68200000000,-10.38104,3.43133,0.02072,0.90667,0.00000,-0.00000,0.42184,1.48443,-0.09419,0.00000
68220000000,-10.36044,3.45280,0.02072,0.90761,0.00000,-0.00000,0.41982,1.48516,-0.09232,0.00000
68240000000,-10.33977,3.47422,0.02072,0.90852,0.00000,-0.00000,0.41783,1.48586,-0.09049,0.00000
68260000000,-10.31902,3.49558,0.02072,0.90942,0.00000,-0.00000,0.41588,1.48653,-0.08869,0.00000
68280000000,-10.29820,3.51689,0.02072,0.91029,0.00000,-0.00000,0.41398,1.48717,-0.08693,0.00000
68300000000,-10.27731,3.53815,0.02072,0.91115,0.00000,-0.00000,0.41208,1.48790,-0.08413,0.00000
68320000000,-10.25640,3.55940,0.02072,0.91206,0.00000,-0.00000,0.41005,1.48879,-0.07883,0.00000
68340000000,-10.23543,3.58061,0.02072,0.91300,0.00000,-0.00000,0.40796,1.48930,-0.07677,0.00000
68360000000,-10.21440,3.60177,0.02072,0.91397,0.00000,-0.00000,0.40579,1.48986,-0.07252,0.00000
68380000000,-10.19333,3.62289,0.02072,0.91499,0.00000,-0.00000,0.40347,1.49026,-0.06855,0.00000
68400000000,-10.17219,3.64394,0.02072,0.91607,0.00000,-0.00000,0.40103,1.49049,-0.06583,0.00000
68420000000,-10.15097,3.66493,0.02072,0.91718,0.00000,-0.00000,0.39848,1.49058,-0.06261,0.00000
68440000000,-10.12965,3.68579,0.02072,0.91836,0.00000,-0.00000,0.39574,1.49007,-0.06380,0.00000
68460000000,-10.10815,3.70645,0.02072,0.91963,0.00000,-0.00000,0.39278,1.48918,-0.06948,0.00000
68480000000,-10.08650,3.72694,0.02072,0.92102,0.00000,-0.00000,0.38952,1.48861,-0.06735,0.00000
68500000000,-10.06476,3.74731,0.02072,0.92246,0.00000,-0.00000,0.38609,1.48807,-0.06398,0.00000
68520000000,-10.04292,3.76755,0.02072,0.92396,0.00000,-0.00000,0.38248,1.48722,-0.06026,0.00000
68540000000,-10.02097,3.78764,0.02072,0.92551,0.00000,-0.00000,0.37873,1.48649,-0.05936,0.00000
68560000000,-9.99888,3.80754,0.02072,0.92708,0.00000,-0.00000,0.37486,1.48537,-0.05709,0.00000
68580000000,-9.97668,3.82728,0.02072,0.92871,0.00000,-0.00000,0.37080,1.48398,-0.05488,0.00000
68600000000,-9.95435,3.84683,0.02072,0.93038,0.00000,-0.00000,0.36659,1.48241,-0.05311,0.00000
68620000000,-9.93188,3.86616,0.02072,0.93210,0.00000,-0.00000,0.36221,1.48062,-0.05157,0.00000
68640000000,-9.90926,3.88526,0.02072,0.93384,0.00000,-0.00000,0.35769,1.47891,-0.05113,0.00000
68660000000,-9.88652,3.90415,0.02072,0.93564,0.00000,-0.00000,0.35296,1.47619,-0.04862,0.00000
68680000000,-9.86366,3.92278,0.02072,0.93750,0.00000,-0.00000,0.34800,1.47339,-0.04709,0.00000
68700000000,-9.84062,3.94113,0.02072,0.93937,0.00000,-0.00000,0.34291,1.47134,-0.04804,0.00000
68720000000,-9.81745,3.95920,0.02072,0.94129,0.00000,-0.00000,0.33761,1.46769,-0.04609,0.00000
68740000000,-9.79413,3.97698,0.02072,0.94325,0.00000,-0.00000,0.33210,1.46427,-0.04554,0.00000
68760000000,-9.77069,3.99445,0.02072,0.94525,0.00000,-0.00000,0.32634,1.45993,-0.04411,0.00000
68780000000,-9.74711,4.01158,0.02072,0.94730,0.00000,-0.00000,0.32036,1.45562,-0.04366,0.00000
68800000000,-9.72335,4.02834,0.02073,0.94935,0.00000,-0.00000,0.31422,1.45217,-0.04515,0.00000
68820000000,-9.69946,4.04474,0.02073,0.95144,0.00000,-0.00000,0.30784,1.44670,-0.04419,0.00000
68840000000,-9.67545,4.06075,0.02073,0.95356,0.00000,-0.00000,0.30120,1.44079,-0.04348,0.00000
68860000000,-9.65132,4.07636,0.02073,0.95571,0.00000,-0.00000,0.29432,1.43499,-0.04374,0.00000
68880000000,-9.62705,4.09154,0.02073,0.95786,0.00000,-0.00000,0.28722,1.42894,-0.04434,0.00000
68900000000,-9.60266,4.10627,0.02073,0.96003,0.00000,-0.00000,0.27990,1.42266,-0.04530,0.00000
68920000000,-9.57810,4.12052,0.02073,0.96218,0.00000,-0.00000,0.27240,1.41690,-0.04729,0.00000
68940000000,-9.55346,4.13430,0.02073,0.96434,0.00000,-0.00000,0.26466,1.40887,-0.04751,0.00000
68960000000,-9.52873,4.14758,0.02073,0.96650,0.00000,-0.00000,0.25667,1.40075,-0.04837,0.00000
68980000000,-9.50389,4.16034,0.02073,0.96863,0.00000,-0.00000,0.24849,1.39303,-0.05017,0.00000
69000000000,-9.47891,4.17255,0.02073,0.97073,0.00000,-0.00000,0.24016,1.38843,-0.05501,0.00000
69020000000,-9.45382,4.18421,0.02073,0.97280,0.00000,-0.00000,0.23167,1.37979,-0.05669,0.00000
69040000000,-9.42870,4.19532,0.02073,0.97483,0.00000,-0.00000,0.22295,1.36957,-0.05776,0.00000
69060000000,-9.40356,4.20586,0.02073,0.97683,0.00000,-0.00000,0.21402,1.35882,-0.05911,0.00000
69080000000,-9.37843,4.21581,0.02073,0.97878,0.00000,-0.00000,0.20490,1.34752,-0.06074,0.00000
69100000000,-9.35316,4.22514,0.02073,0.98067,0.00000,-0.00000,0.19568,1.34576,-0.06900,0.00000
69120000000,-9.32758,4.23381,0.02073,0.98245,0.00000,-0.00000,0.18651,1.34942,-0.08001,0.00000
69140000000,-9.30168,4.24183,0.02073,0.98414,0.00000,-0.00000,0.17739,1.35388,-0.09061,0.00000
69160000000,-9.27548,4.24922,0.02073,0.98573,0.00000,-0.00000,0.16831,1.35910,-0.10077,0.00000
69180000000,-9.24897,4.25597,0.02073,0.98723,0.00000,-0.00000,0.15929,1.36506,-0.11049,0.00000
69200000000,-9.22216,4.26211,0.02073,0.98864,0.00000,-0.00000,0.15031,1.37172,-0.11974,0.00000
69220000000,-9.19506,4.26762,0.02073,0.98996,0.00000,-0.00000,0.14137,1.37907,-0.12852,0.00000
69240000000,-9.16767,4.27253,0.02073,0.99119,0.00000,-0.00000,0.13246,1.38706,-0.13680,0.00000
69260000000,-9.13998,4.27683,0.02073,0.99233,0.00000,-0.00000,0.12359,1.39567,-0.14456,0.00000
69280000000,-9.11202,4.28054,0.02073,0.99339,0.00000,-0.00000,0.11476,1.40487,-0.15179,0.00000
69300000000,-9.08377,4.28367,0.02073,0.99437,0.00000,-0.00000,0.10594,1.41463,-0.15847,0.00000
69320000000,-9.05525,4.28621,0.02073,0.99527,0.00000,-0.00000,0.09715,1.42491,-0.16458,-0.00000
69340000000,-9.02646,4.28817,0.02073,0.99609,0.00000,-0.00000,0.08837,1.43568,-0.17011,-0.00000
69360000000,-8.99741,4.28956,0.02073,0.99683,0.00000,-0.00000,0.07961,1.44690,-0.17503,-0.00000
69380000000,-8.96809,4.29039,0.02073,0.99749,0.00000,-0.00000,0.07084,1.45856,-0.17932,-0.00000
69400000000,-8.93852,4.29066,0.02073,0.99807,0.00000,-0.00000,0.06208,1.47031,-0.18253,-0.00000
69420000000,-8.90886,4.29058,0.02073,0.99856,0.00000,-0.00000,0.05371,1.47337,-0.17176,0.00000
69440000000,-8.87916,4.29017,0.02073,0.99895,0.00000,-0.00000,0.04573,1.47675,-0.16721,-0.00000
69460000000,-8.84938,4.28929,0.02073,0.99929,0.00000,-0.00000,0.03778,1.48078,-0.16785,-0.00000
69480000000,-8.81955,4.28793,0.02073,0.99955,0.00000,-0.00000,0.02985,1.48455,-0.16797,-0.00000
69500000000,-8.78968,4.28611,0.02073,0.99976,0.00000,-0.00000,0.02194,1.48811,-0.16760,-0.00000
69520000000,-8.75976,4.28383,0.02073,0.99990,0.00000,-0.00000,0.01405,1.49146,-0.16672,0.00000
69540000000,-8.72983,4.28111,0.02073,0.99998,0.00000,0.00000,0.00619,1.49465,-0.16536,0.00000
69560000000,-8.69987,4.27795,0.02073,1.00000,0.00000,0.00000,-0.00165,1.49770,-0.16356,0.00000
69580000000,-8.66992,4.27436,0.02073,0.99996,0.00000,0.00000,-0.00942,1.50062,-0.16240,0.00000
69600000000,-8.63996,4.27032,0.02073,0.99985,0.00000,0.00000,-0.01708,1.50326,-0.16118,0.00000
69620000000,-8.61002,4.26585,0.02073,0.99970,0.00000,0.00000,-0.02460,1.50565,-0.15978,0.00000
69640000000,-8.58011,4.26097,0.02073,0.99949,0.00000,0.00000,-0.03197,1.50778,-0.15821,0.00000
69660000000,-8.55022,4.25568,0.02073,0.99923,0.00000,0.00000,-0.03918,1.50967,-0.15646,0.00000
69680000000,-8.52038,4.25000,0.02073,0.99893,0.00000,0.00000,-0.04619,1.51131,-0.15452,0.00000
69700000000,-8.49059,4.24395,0.02073,0.99859,0.00000,0.00000,-0.05300,1.51269,-0.15227,0.00000
69720000000,-8.46085,4.23755,0.02073,0.99822,0.00000,0.00000,-0.05963,1.51368,-0.14956,0.00000
69740000000,-8.43118,4.23081,0.02073,0.99781,0.00000,0.00000,-0.06609,1.51434,-0.14685,0.00000
69760000000,-8.40158,4.22375,0.02073,0.99738,0.00000,0.00000,-0.07237,1.51466,-0.14417,0.00000
69780000000,-8.37206,4.21637,0.02073,0.99692,0.00000,0.00000,-0.07848,1.51466,-0.14150,0.00000
69800000000,-8.34263,4.20869,0.02073,0.99643,0.00000,0.00000,-0.08443,1.51433,-0.13887,0.00000
69820000000,-8.31329,4.20071,0.02073,0.99592,0.00000,0.00000,-0.09019,1.51386,-0.13689,0.00000
69840000000,-8.28405,4.19244,0.02073,0.99541,0.00000,0.00000,-0.09574,1.51319,-0.13488,0.00000
69860000000,-8.25491,4.18389,0.02073,0.99488,0.00000,0.00000,-0.10104,1.51235,-0.13286,0.00000
69880000000,-8.22587,4.17509,0.02073,0.99436,0.00000,0.00000,-0.10610,1.51124,-0.13051,0.00000
69900000000,-8.19694,4.16605,0.02073,0.99383,0.00000,0.00000,-0.11092,1.50987,-0.12785,0.00000
69920000000,-8.16811,4.15681,0.02073,0.99331,0.00000,0.00000,-0.11550,1.50818,-0.12479,0.00000
69940000000,-8.13938,4.14737,0.02073,0.99279,0.00000,0.00000,-0.11984,1.50638,-0.12215,0.00000
69960000000,-8.11076,4.13775,0.02073,0.99229,0.00000,0.00000,-0.12390,1.50450,-0.11977,0.00000
69980000000,-8.08224,4.12796,0.02073,0.99182,0.00000,0.00000,-0.12768,1.50240,-0.11703,0.00000
70000000000,-8.05383,4.11803,0.02073,0.99136,0.00000,0.00000,-0.13117,1.50010,-0.11409,0.00000
70020000000,-8.02551,4.10798,0.02073,0.99093,0.00000,0.00000,-0.13438,1.49746,-0.11047,0.00000
70040000000,-7.99729,4.09785,0.02073,0.99053,0.00000,0.00000,-0.13733,1.49477,-0.10732,0.00000
70060000000,-7.96916,4.08763,0.02073,0.99015,0.00000,0.00000,-0.14000,1.49188,-0.10393,0.00000
70080000000,-7.94112,4.07735,0.02073,0.98981,0.00000,0.00000,-0.14238,1.48894,-0.10075,0.00000
70100000000,-7.91317,4.06701,0.02073,0.98951,0.00000,0.00000,-0.14446,1.48596,-0.09765,0.00000
70120000000,-7.88530,4.05665,0.02073,0.98925,0.00000,0.00000,-0.14622,1.48288,-0.09445,0.00000
70140000000,-7.85751,4.04628,0.02073,0.98904,0.00000,0.00000,-0.14766,1.47963,-0.09080,0.00000
70160000000,-7.82978,4.03595,0.02073,0.98886,0.00000,0.00000,-0.14883,1.47616,-0.08667,0.00000
70180000000,-7.80212,4.02563,0.02073,0.98873,0.00000,0.00000,-0.14969,1.47291,-0.08332,0.00000
70200000000,-7.77451,4.01537,0.02072,0.98865,0.00000,0.00000,-0.15021,1.46961,-0.07972,0.00000
70220000000,-7.74695,4.00518,0.02072,0.98862,0.00000,0.00000,-0.15041,1.46622,-0.07571,0.00000
70240000000,-7.71943,3.99509,0.02072,0.98864,0.00000,0.00000,-0.15030,1.46276,-0.07134,0.00000
70260000000,-7.69195,3.98512,0.02072,0.98870,0.00000,0.00000,-0.14988,1.45939,-0.06725,0.00000
70280000000,-7.66450,3.97528,0.02072,0.98882,0.00000,0.00000,-0.14914,1.45604,-0.06308,0.00000
70300000000,-7.63706,3.96560,0.02072,0.98897,0.00000,0.00000,-0.14809,1.45247,-0.05792,0.00000
70320000000,-7.60964,3.95611,0.02072,0.98917,0.00000,0.00000,-0.14674,1.44902,-0.05296,0.00000
70340000000,-7.58223,3.94685,0.02072,0.98940,0.00000,0.00000,-0.14521,1.44495,-0.04560,0.00000
70360000000,-7.55482,3.93784,0.02072,0.98965,0.00000,0.00000,-0.14353,1.44107,-0.03854,0.00000
70380000000,-7.52741,3.92908,0.02072,0.98990,0.00000,0.00000,-0.14174,1.43747,-0.03192,0.00000
70400000000,-7.50000,3.92055,0.02072,0.99017,0.00000,0.00000,-0.13984,1.43419,-0.02572,0.00000
70420000000,-7.47258,3.91227,0.02072,0.99045,0.00000,0.00000,-0.13786,1.43125,-0.01993,0.00000
70440000000,-7.44515,3.90422,0.02072,0.99073,0.00000,0.00000,-0.13582,1.42867,-0.01453,0.00000
70460000000,-7.41770,3.89639,0.02072,0.99102,0.00000,0.00000,-0.13372,1.42646,-0.00951,0.00000
70480000000,-7.39024,3.88878,0.02072,0.99130,0.00000,0.00000,-0.13159,1.42463,-0.00484,0.00000
70500000000,-7.36266,3.88138,0.02072,0.99159,0.00000,0.00000,-0.12945,1.42977,0.00040,0.00000
70520000000,-7.33485,3.87415,0.02072,0.99186,0.00000,0.00000,-0.12735,1.43943,0.00587,0.00000
70540000000,-7.30679,3.86709,0.02072,0.99212,0.00000,0.00000,-0.12531,1.44904,0.01094,0.00000
70560000000,-7.27849,3.86019,0.02072,0.99237,0.00000,0.00000,-0.12331,1.45859,0.01561,0.00000
70580000000,-7.24996,3.85344,0.02072,0.99261,0.00000,0.00000,-0.12138,1.46809,0.01989,0.00000
70600000000,-7.22121,3.84683,0.02072,0.99283,0.00000,0.00000,-0.11952,1.47752,0.02379,0.00000
70620000000,-7.19223,3.84035,0.02072,0.99304,0.00000,0.00000,-0.11774,1.48687,0.02731,0.00000
70640000000,-7.16303,3.83399,0.02072,0.99324,0.00000,0.00000,-0.11604,1.49612,0.03046,0.00000
70660000000,-7.13363,3.82774,0.02072,0.99343,0.00000,0.00000,-0.11445,1.50453,0.03223,0.00000
70680000000,-7.10422,3.82140,0.02072,0.99356,0.00000,0.00000,-0.11332,1.50321,0.02058,0.00000
70700000000,-7.07491,3.81488,0.02072,0.99362,0.00000,0.00000,-0.11279,1.50126,0.00807,0.00000
70720000000,-7.04567,3.80818,0.02072,0.99363,0.00000,0.00000,-0.11272,1.49937,0.00074,0.00000
70740000000,-7.01644,3.80148,0.02072,0.99363,0.00000,0.00000,-0.11268,1.49938,0.00073,0.00000
70760000000,-6.98721,3.79478,0.02072,0.99363,0.00000,0.00000,-0.11265,1.49939,0.00072,0.00000
70780000000,-6.95798,3.78808,0.02072,0.99364,0.00000,0.00000,-0.11262,1.49940,0.00070,0.00000
70800000000,-6.92875,3.78139,0.02072,0.99364,0.00000,0.00000,-0.11258,1.49942,0.00069,0.00000
70820000000,-6.89952,3.77469,0.02072,0.99365,0.00000,0.00000,-0.11255,1.49943,0.00067,0.00000
70840000000,-6.87028,3.76800,0.02072,0.99365,0.00000,0.00000,-0.11252,1.49944,0.00066,0.00000
70860000000,-6.84105,3.76130,0.02072,0.99365,0.00000,0.00000,-0.11249,1.49945,0.00065,0.00000
70880000000,-6.81182,3.75461,0.02072,0.99366,0.00000,0.00000,-0.11246,1.49946,0.00063,0.00000
70900000000,-6.78258,3.74792,0.02072,0.99366,0.00000,0.00000,-0.11243,1.49947,0.00062,0.00000
70920000000,-6.75335,3.74124,0.02072,0.99366,0.00000,0.00000,-0.11240,1.49948,0.00061,0.00000
70940000000,-6.72411,3.73455,0.02072,0.99367,0.00000,0.00000,-0.11237,1.49949,0.00060,0.00000
70960000000,-6.69488,3.72787,0.02072,0.99367,0.00000,0.00000,-0.11234,1.49950,0.00059,0.00000
70980000000,-6.66564,3.72118,0.02072,0.99367,0.00000,0.00000,-0.11232,1.49951,0.00057,0.00000
71000000000,-6.63641,3.71450,0.02072,0.99368,0.00000,0.00000,-0.11229,1.49952,0.00056,0.00000
71020000000,-6.60717,3.70782,0.02072,0.99368,0.00000,0.00000,-0.11226,1.49953,0.00055,0.00000
71040000000,-6.57793,3.70114,0.02072,0.99368,0.00000,0.00000,-0.11224,1.49954,0.00054,0.00000
71060000000,-6.54869,3.69446,0.02072,0.99368,0.00000,0.00000,-0.11221,1.49955,0.00053,0.00000
71080000000,-6.51946,3.68778,0.02072,0.99369,0.00000,0.00000,-0.11219,1.49956,0.00052,0.00000
71100000000,-6.49022,3.68111,0.02072,0.99369,0.00000,0.00000,-0.11216,1.49957,0.00051,0.00000
71120000000,-6.46098,3.67443,0.02072,0.99369,0.00000,0.00000,-0.11214,1.49958,0.00050,0.00000
71140000000,-6.43174,3.66776,0.02072,0.99370,0.00000,0.00000,-0.11211,1.49959,0.00049,0.00000
71160000000,-6.40250,3.66109,0.02072,0.99370,0.00000,0.00000,-0.11209,1.49959,0.00048,0.00000
71180000000,-6.37326,3.65441,0.02072,0.99370,0.00000,0.00000,-0.11207,1.49960,0.00047,0.00000
71200000000,-6.34402,3.64774,0.02072,0.99370,0.00000,0.00000,-0.11205,1.49961,0.00046,0.00000
71220000000,-6.31477,3.64107,0.02072,0.99371,0.00000,0.00000,-0.11203,1.49962,0.00045,0.00000
71240000000,-6.28553,3.63441,0.02072,0.99371,0.00000,0.00000,-0.11200,1.49962,0.00044,0.00000
71260000000,-6.25629,3.62774,0.02072,0.99371,0.00000,0.00000,-0.11198,1.49963,0.00043,0.00000
71280000000,-6.22705,3.62107,0.02072,0.99371,0.00000,0.00000,-0.11196,1.49964,0.00043,0.00000
71300000000,-6.19780,3.61441,0.02072,0.99371,0.00000,0.00000,-0.11194,1.49965,0.00042,0.00000
71320000000,-6.16856,3.60774,0.02072,0.99372,0.00000,0.00000,-0.11192,1.49965,0.00041,0.00000
71340000000,-6.13932,3.60108,0.02072,0.99372,0.00000,0.00000,-0.11190,1.49966,0.00040,0.00000
71360000000,-6.11007,3.59442,0.02072,0.99372,0.00000,0.00000,-0.11189,1.49967,0.00039,0.00000
71380000000,-6.08083,3.58776,0.02072,0.99372,0.00000,0.00000,-0.11187,1.49967,0.00038,0.00000
71400000000,-6.05158,3.58110,0.02072,0.99373,0.00000,0.00000,-0.11185,1.49968,0.00038,0.00000
71420000000,-6.02234,3.57444,0.02072,0.99373,0.00000,0.00000,-0.11183,1.49969,0.00037,0.00000
71440000000,-5.99309,3.56778,0.02072,0.99373,0.00000,0.00000,-0.11181,1.49969,0.00036,0.00000
71460000000,-5.96385,3.56112,0.02072,0.99373,0.00000,0.00000,-0.11180,1.49970,0.00036,0.00000
71480000000,-5.93460,3.55446,0.02072,0.99373,0.00000,0.00000,-0.11178,1.49971,0.00035,0.00000
71500000000,-5.90536,3.54781,0.02072,0.99373,0.00000,0.00000,-0.11176,1.49971,0.00034,0.00000
71520000000,-5.87611,3.54115,0.02072,0.99374,0.00000,0.00000,-0.11175,1.49972,0.00033,0.00000
71540000000,-5.84686,3.53450,0.02072,0.99374,0.00000,0.00000,-0.11173,1.49972,0.00033,0.00000
71560000000,-5.81762,3.52784,0.02072,0.99374,0.00000,0.00000,-0.11172,1.49973,0.00032,0.00000
71580000000,-5.78837,3.52119,0.02072,0.99374,0.00000,0.00000,-0.11170,1.49973,0.00031,0.00000
71600000000,-5.75912,3.51454,0.02072,0.99374,0.00000,0.00000,-0.11169,1.49974,0.00031,0.00000
71620000000,-5.72987,3.50788,0.02072,0.99375,0.00000,0.00000,-0.11167,1.49974,0.00030,0.00000
71640000000,-5.70062,3.50123,0.02072,0.99375,0.00000,0.00000,-0.11166,1.49975,0.00030,0.00000
71660000000,-5.67138,3.49458,0.02072,0.99375,0.00000,0.00000,-0.11164,1.49975,0.00029,0.00000
71680000000,-5.64213,3.48793,0.02072,0.99375,0.00000,0.00000,-0.11163,1.49976,0.00028,0.00000
71700000000,-5.61288,3.48128,0.02072,0.99375,0.00000,0.00000,-0.11162,1.49976,0.00028,0.00000
71720000000,-5.58363,3.47464,0.02072,0.99375,0.00000,0.00000,-0.11160,1.49977,0.00027,0.00000
71740000000,-5.55438,3.46799,0.02072,0.99375,0.00000,0.00000,-0.11159,1.49977,0.00027,0.00000
71760000000,-5.52513,3.46134,0.02072,0.99376,0.00000,0.00000,-0.11158,1.49978,0.00026,0.00000
71780000000,-5.49588,3.45469,0.02072,0.99376,0.00000,0.00000,-0.11157,1.49978,0.00026,0.00000
71800000000,-5.46663,3.44805,0.02072,0.99376,0.00000,0.00000,-0.11155,1.49979,0.00025,0.00000
71820000000,-5.43738,3.44140,0.02072,0.99376,0.00000,0.00000,-0.11154,1.49979,0.00025,0.00000
71840000000,-5.40813,3.43476,0.02072,0.99376,0.00000,0.00000,-0.11153,1.49979,0.00024,0.00000
71860000000,-5.37888,3.42811,0.02072,0.99376,0.00000,0.00000,-0.11152,1.49980,0.00024,0.00000
71880000000,-5.34963,3.42147,0.02072,0.99376,0.00000,0.00000,-0.11151,1.49980,0.00023,0.00000
71900000000,-5.32038,3.41483,0.02072,0.99376,0.00000,0.00000,-0.11150,1.49981,0.00023,0.00000
71920000000,-5.29112,3.40818,0.02072,0.99377,0.00000,0.00000,-0.11149,1.49981,0.00022,0.00000
71940000000,-5.26187,3.40154,0.02072,0.99377,0.00000,0.00000,-0.11148,1.49981,0.00022,0.00000
71960000000,-5.23262,3.39490,0.02072,0.99377,0.00000,0.00000,-0.11147,1.49982,0.00022,0.00000
71980000000,-5.20337,3.38826,0.02072,0.99377,0.00000,0.00000,-0.11146,1.49982,0.00021,0.00000
72000000000,-5.17412,3.38162,0.02072,0.99377,0.00000,0.00000,-0.11145,1.49983,0.00021,0.00000
72020000000,-5.14486,3.37498,0.02072,0.99377,0.00000,0.00000,-0.11144,1.49983,0.00020,0.00000
72040000000,-5.11561,3.36834,0.02072,0.99377,0.00000,0.00000,-0.11143,1.49983,0.00020,0.00000
72060000000,-5.08636,3.36170,0.02072,0.99377,0.00000,0.00000,-0.11142,1.49984,0.00019,0.00000
72080000000,-5.05711,3.35506,0.02072,0.99377,0.00000,0.00000,-0.11141,1.49984,0.00019,0.00000
72100000000,-5.02785,3.34842,0.02072,0.99378,0.00000,0.00000,-0.11140,1.49984,0.00019,0.00000
72120000000,-4.99860,3.34179,0.02072,0.99378,0.00000,0.00000,-0.11139,1.49985,0.00018,0.00000
72140000000,-4.96935,3.33515,0.02072,0.99378,0.00000,0.00000,-0.11138,1.49985,0.00018,0.00000
72160000000,-4.94009,3.32851,0.02072,0.99378,0.00000,0.00000,-0.11137,1.49985,0.00018,0.00000
72180000000,-4.91084,3.32187,0.02072,0.99378,0.00000,0.00000,-0.11137,1.49985,0.00017,0.00000
72200000000,-4.88158,3.31524,0.02072,0.99378,0.00000,0.00000,-0.11136,1.49986,0.00017,0.00000
72220000000,-4.85233,3.30860,0.02072,0.99378,0.00000,0.00000,-0.11135,1.49986,0.00017,0.00000
72240000000,-4.82308,3.30197,0.02072,0.99378,0.00000,0.00000,-0.11134,1.49986,0.00016,0.00000
72260000000,-4.79382,3.29533,0.02072,0.99378,0.00000,0.00000,-0.11133,1.49987,0.00016,0.00000
72280000000,-4.76457,3.28870,0.02072,0.99378,0.00000,0.00000,-0.11133,1.49987,0.00016,0.00000
72300000000,-4.73531,3.28206,0.02072,0.99378,0.00000,0.00000,-0.11132,1.49987,0.00015,0.00000
72320000000,-4.70606,3.27543,0.02072,0.99379,0.00000,0.00000,-0.11131,1.49987,0.00015,0.00000
72340000000,-4.67680,3.26880,0.02072,0.99379,0.00000,0.00000,-0.11131,1.49988,0.00015,0.00000
72360000000,-4.64755,3.26216,0.02072,0.99379,0.00000,0.00000,-0.11130,1.49988,0.00014,0.00000
72380000000,-4.61829,3.25553,0.02072,0.99379,0.00000,0.00000,-0.11129,1.49988,0.00014,0.00000
72400000000,-4.58904,3.24890,0.02072,0.99379,0.00000,0.00000,-0.11128,1.49988,0.00014,0.00000
72420000000,-4.55978,3.24226,0.02072,0.99379,0.00000,0.00000,-0.11128,1.49989,0.00014,0.00000
72440000000,-4.53053,3.23563,0.02072,0.99379,0.00000,0.00000,-0.11127,1.49989,0.00013,0.00000
72460000000,-4.50127,3.22900,0.02072,0.99379,0.00000,0.00000,-0.11127,1.49989,0.00013,0.00000
72480000000,-4.47202,3.22237,0.02072,0.99379,0.00000,0.00000,-0.11126,1.49989,0.00013,0.00000
72500000000,-4.44276,3.21574,0.02072,0.99379,0.00000,0.00000,-0.11125,1.49989,0.00013,0.00000
72520000000,-4.41350,3.20911,0.02072,0.99379,0.00000,0.00000,-0.11125,1.49990,0.00012,0.00000
72540000000,-4.38425,3.20248,0.02072,0.99379,0.00000,0.00000,-0.11124,1.49990,0.00012,0.00000
72560000000,-4.35499,3.19585,0.02072,0.99379,0.00000,0.00000,-0.11124,1.49990,0.00012,0.00000
72580000000,-4.32574,3.18922,0.02072,0.99379,0.00000,0.00000,-0.11123,1.49990,0.00012,0.00000
72600000000,-4.29648,3.18259,0.02072,0.99380,0.00000,0.00000,-0.11123,1.49990,0.00011,0.00000
72620000000,-4.26722,3.17596,0.02072,0.99380,0.00000,0.00000,-0.11122,1.49991,0.00011,0.00000
72640000000,-4.23797,3.16933,0.02072,0.99380,0.00000,0.00000,-0.11121,1.49991,0.00011,0.00000
72660000000,-4.20871,3.16270,0.02072,0.99380,0.00000,0.00000,-0.11121,1.49991,0.00011,0.00000
72680000000,-4.17945,3.15607,0.02072,0.99380,0.00000,0.00000,-0.11120,1.49991,0.00010,0.00000
72700000000,-4.15020,3.14944,0.02072,0.99380,0.00000,0.00000,-0.11120,1.49991,0.00010,0.00000
72720000000,-4.12094,3.14282,0.02072,0.99380,0.00000,0.00000,-0.11120,1.49992,0.00010,0.00000
72740000000,-4.09168,3.13619,0.02072,0.99380,0.00000,0.00000,-0.11119,1.49992,0.00010,0.00000
72760000000,-4.06243,3.12956,0.02072,0.99380,0.00000,0.00000,-0.11119,1.49992,0.00010,0.00000
72780000000,-4.03317,3.12293,0.02072,0.99380,0.00000,0.00000,-0.11118,1.49992,0.00009,0.00000
72800000000,-4.00391,3.11631,0.02072,0.99380,0.00000,0.00000,-0.11118,1.49992,0.00009,0.00000
72820000000,-3.97465,3.10968,0.02072,0.99380,0.00000,0.00000,-0.11117,1.49992,0.00009,0.00000
72840000000,-3.94540,3.10305,0.02072,0.99380,0.00000,0.00000,-0.11117,1.49993,0.00009,0.00000
72860000000,-3.91614,3.09642,0.02072,0.99380,0.00000,0.00000,-0.11116,1.49993,0.00009,0.00000
72880000000,-3.88688,3.08980,0.02072,0.99380,0.00000,0.00000,-0.11116,1.49993,0.00009,0.00000
72900000000,-3.85762,3.08317,0.02072,0.99380,0.00000,0.00000,-0.11116,1.49993,0.00008,0.00000
72920000000,-3.82837,3.07655,0.02072,0.99380,0.00000,0.00000,-0.11115,1.49993,0.00008,0.00000
72940000000,-3.79911,3.06992,0.02072,0.99380,0.00000,0.00000,-0.11115,1.49993,0.00008,0.00000
72960000000,-3.76985,3.06330,0.02072,0.99380,0.00000,0.00000,-0.11114,1.49993,0.00008,0.00000
72980000000,-3.74059,3.05667,0.02072,0.99380,0.00000,0.00000,-0.11114,1.49994,0.00008,0.00000
73000000000,-3.71133,3.05004,0.02072,0.99381,0.00000,0.00000,-0.11114,1.49994,0.00008,0.00000
73020000000,-3.68208,3.04342,0.02072,0.99381,0.00000,0.00000,-0.11113,1.49994,0.00007,0.00000
73040000000,-3.65282,3.03679,0.02072,0.99381,0.00000,0.00000,-0.11113,1.49994,0.00007,0.00000
73060000000,-3.62356,3.03017,0.02072,0.99381,0.00000,0.00000,-0.11113,1.49994,0.00007,0.00000
73080000000,-3.59430,3.02355,0.02072,0.99381,0.00000,0.00000,-0.11112,1.49994,0.00007,0.00000
73100000000,-3.56504,3.01692,0.02072,0.99381,0.00000,0.00000,-0.11112,1.49994,0.00007,0.00000
73120000000,-3.53579,3.01030,0.02072,0.99381,0.00000,0.00000,-0.11112,1.49994,0.00007,0.00000
73140000000,-3.50653,3.00367,0.02072,0.99381,0.00000,0.00000,-0.11111,1.49995,0.00007,0.00000
73160000000,-3.47727,2.99705,0.02072,0.99381,0.00000,0.00000,-0.11111,1.49995,0.00006,0.00000
73180000000,-3.44801,2.99042,0.02072,0.99381,0.00000,0.00000,-0.11111,1.49995,0.00006,0.00000
73200000000,-3.41875,2.98380,0.02072,0.99381,0.00000,0.00000,-0.11110,1.49995,0.00006,0.00000
73220000000,-3.38949,2.97718,0.02072,0.99381,0.00000,0.00000,-0.11110,1.49995,0.00006,0.00000
73240000000,-3.36023,2.97055,0.02072,0.99381,0.00000,0.00000,-0.11110,1.49995,0.00006,0.00000
73260000000,-3.33098,2.96393,0.02072,0.99381,0.00000,0.00000,-0.11110,1.49995,0.00006,0.00000
73280000000,-3.30172,2.95731,0.02072,0.99381,0.00000,0.00000,-0.11109,1.49995,0.00006,0.00000
73300000000,-3.27246,2.95069,0.02072,0.99381,0.00000,0.00000,-0.11109,1.49995,0.00006,0.00000
73320000000,-3.24320,2.94406,0.02072,0.99381,0.00000,0.00000,-0.11109,1.49995,0.00006,0.00000
73340000000,-3.21394,2.93744,0.02072,0.99381,0.00000,0.00000,-0.11109,1.49996,0.00005,0.00000
73360000000,-3.18468,2.93082,0.02072,0.99381,0.00000,0.00000,-0.11108,1.49996,0.00005,0.00000
73380000000,-3.15542,2.92419,0.02072,0.99381,0.00000,0.00000,-0.11108,1.49996,0.00005,0.00000
73400000000,-3.12616,2.91757,0.02072,0.99381,0.00000,0.00000,-0.11108,1.49996,0.00005,0.00000
73420000000,-3.09690,2.91095,0.02072,0.99381,0.00000,0.00000,-0.11108,1.49996,0.00005,0.00000
73440000000,-3.06764,2.90433,0.02072,0.99381,0.00000,0.00000,-0.11107,1.49996,0.00005,0.00000
73460000000,-3.03838,2.89771,0.02072,0.99381,0.00000,0.00000,-0.11107,1.49996,0.00005,0.00000
73480000000,-3.00913,2.89108,0.02072,0.99381,0.00000,0.00000,-0.11107,1.49996,0.00005,0.00000
73500000000,-2.97987,2.88446,0.02072,0.99381,0.00000,0.00000,-0.11107,1.49996,0.00005,0.00000
73520000000,-2.95061,2.87784,0.02072,0.99381,0.00000,0.00000,-0.11106,1.49996,0.00005,0.00000
73540000000,-2.92135,2.87122,0.02072,0.99381,0.00000,0.00000,-0.11106,1.49996,0.00004,0.00000
73560000000,-2.89209,2.86460,0.02072,0.99381,0.00000,0.00000,-0.11106,1.49996,0.00004,0.00000
73580000000,-2.86283,2.85798,0.02072,0.99381,0.00000,0.00000,-0.11106,1.49997,0.00004,0.00000
73600000000,-2.83357,2.85136,0.02072,0.99381,0.00000,0.00000,-0.11106,1.49997,0.00004,0.00000
73620000000,-2.80431,2.84473,0.02072,0.99381,0.00000,0.00000,-0.11105,1.49997,0.00004,0.00000
73640000000,-2.77505,2.83811,0.02072,0.99381,0.00000,0.00000,-0.11105,1.49997,0.00004,0.00000
73660000000,-2.74579,2.83149,0.02072,0.99381,0.00000,0.00000,-0.11105,1.49997,0.00004,0.00000
73680000000,-2.71653,2.82487,0.02072,0.99382,0.00000,0.00000,-0.11105,1.49997,0.00004,0.00000
73700000000,-2.68727,2.81825,0.02072,0.99382,0.00000,0.00000,-0.11105,1.49997,0.00004,0.00000
73720000000,-2.65801,2.81163,0.02072,0.99382,0.00000,0.00000,-0.11104,1.49997,0.00004,0.00000
73740000000,-2.62875,2.80501,0.02072,0.99382,0.00000,0.00000,-0.11104,1.49997,0.00004,0.00000
73760000000,-2.59949,2.79839,0.02072,0.99382,0.00000,0.00000,-0.11104,1.49997,0.00004,0.00000
73780000000,-2.57023,2.79177,0.02072,0.99382,0.00000,0.00000,-0.11104,1.49997,0.00003,0.00000
73800000000,-2.54097,2.78515,0.02072,0.99382,0.00000,0.00000,-0.11104,1.49997,0.00003,0.00000
73820000000,-2.51171,2.77853,0.02072,0.99382,0.00000,0.00000,-0.11104,1.49997,0.00003,0.00000
73840000000,-2.48245,2.77191,0.02072,0.99382,0.00000,0.00000,-0.11103,1.49997,0.00003,0.00000
73860000000,-2.45319,2.76529,0.02072,0.99382,0.00000,0.00000,-0.11103,1.49997,0.00003,0.00000
73880000000,-2.42393,2.75867,0.02072,0.99382,0.00000,0.00000,-0.11103,1.49997,0.00003,0.00000
73900000000,-2.39467,2.75205,0.02072,0.99382,0.00000,0.00000,-0.11103,1.49998,0.00003,0.00000
73920000000,-2.36541,2.74543,0.02072,0.99382,0.00000,0.00000,-0.11103,1.49998,0.00003,0.00000
73940000000,-2.33615,2.73881,0.02072,0.99382,0.00000,0.00000,-0.11103,1.49998,0.00003,0.00000
73960000000,-2.30689,2.73219,0.02072,0.99382,0.00000,0.00000,-0.11103,1.49998,0.00003,0.00000
73980000000,-2.27763,2.72557,0.02072,0.99382,0.00000,0.00000,-0.11102,1.49998,0.00003,0.00000
74000000000,-2.24837,2.71895,0.02072,0.99382,0.00000,0.00000,-0.11102,1.49998,0.00003,0.00000
74020000000,-2.21911,2.71233,0.02072,0.99382,0.00000,0.00000,-0.11102,1.49998,0.00003,0.00000
74040000000,-2.18985,2.70571,0.02072,0.99382,0.00000,0.00000,-0.11102,1.49998,0.00003,0.00000
74060000000,-2.16059,2.69909,0.02072,0.99382,0.00000,0.00000,-0.11102,1.49998,0.00003,0.00000
74080000000,-2.13133,2.69247,0.02072,0.99382,0.00000,0.00000,-0.11102,1.49998,0.00003,0.00000
74100000000,-2.10207,2.68585,0.02072,0.99382,0.00000,0.00000,-0.11102,1.49998,0.00003,0.00000
74120000000,-2.07281,2.67923,0.02072,0.99382,0.00000,0.00000,-0.11102,1.49998,0.00002,0.00000
74140000000,-2.04355,2.67261,0.02072,0.99382,0.00000,0.00000,-0.11101,1.49998,0.00002,0.00000
74160000000,-2.01429,2.66599,0.02072,0.99382,0.00000,0.00000,-0.11101,1.49998,0.00002,0.00000
74180000000,-1.98503,2.65938,0.02072,0.99382,0.00000,0.00000,-0.11101,1.49998,0.00002,0.00000
74200000000,-1.95577,2.65276,0.02072,0.99382,0.00000,0.00000,-0.11101,1.49998,0.00002,0.00000
74220000000,-1.92651,2.64614,0.02072,0.99382,0.00000,0.00000,-0.11101,1.49998,0.00002,0.00000
74240000000,-1.89725,2.63952,0.02072,0.99382,0.00000,0.00000,-0.11101,1.49998,0.00002,0.00000
74260000000,-1.86799,2.63290,0.02072,0.99382,0.00000,0.00000,-0.11101,1.49998,0.00002,0.00000
74280000000,-1.83873,2.62628,0.02072,0.99382,0.00000,0.00000,-0.11101,1.49998,0.00002,0.00000
74300000000,-1.80947,2.61966,0.02072,0.99382,0.00000,0.00000,-0.11101,1.49998,0.00002,0.00000
74320000000,-1.78021,2.61304,0.02072,0.99382,0.00000,0.00000,-0.11101,1.49998,0.00002,0.00000
74340000000,-1.75095,2.60642,0.02072,0.99382,0.00000,0.00000,-0.11100,1.49998,0.00002,0.00000
74360000000,-1.72169,2.59981,0.02072,0.99382,0.00000,0.00000,-0.11100,1.49998,0.00002,0.00000
74380000000,-1.69243,2.59319,0.02072,0.99382,0.00000,0.00000,-0.11100,1.49999,0.00002,0.00000
74400000000,-1.66317,2.58657,0.02072,0.99382,0.00000,0.00000,-0.11100,1.49999,0.00002,0.00000
74420000000,-1.63391,2.57995,0.02072,0.99382,0.00000,0.00000,-0.11100,1.49999,0.00002,0.00000
74440000000,-1.60464,2.57333,0.02072,0.99382,0.00000,0.00000,-0.11100,1.49999,0.00002,0.00000
74460000000,-1.57538,2.56671,0.02072,0.99382,0.00000,0.00000,-0.11100,1.49999,0.00002,0.00000
74480000000,-1.54612,2.56010,0.02072,0.99382,0.00000,0.00000,-0.11100,1.49999,0.00002,0.00000
74500000000,-1.51686,2.55348,0.02072,0.99382,0.00000,0.00000,-0.11100,1.49999,0.00002,0.00000
74520000000,-1.48760,2.54686,0.02072,0.99382,0.00000,0.00000,-0.11100,1.49999,0.00002,0.00000
74540000000,-1.45834,2.54024,0.02072,0.99382,0.00000,0.00000,-0.11100,1.49999,0.00002,0.00000
74560000000,-1.42908,2.53362,0.02072,0.99382,0.00000,0.00000,-0.11100,1.49999,0.00002,0.00000
74580000000,-1.39982,2.52700,0.02072,0.99382,0.00000,0.00000,-0.11099,1.49999,0.00002,0.00000
74600000000,-1.37056,2.52039,0.02072,0.99382,0.00000,0.00000,-0.11099,1.49999,0.00002,0.00000
74620000000,-1.34130,2.51377,0.02072,0.99382,0.00000,0.00000,-0.11099,1.49999,0.00002,0.00000
74640000000,-1.31204,2.50715,0.02072,0.99382,0.00000,0.00000,-0.11099,1.49999,0.00001,0.00000
74660000000,-1.28278,2.50053,0.02072,0.99382,0.00000,0.00000,-0.11099,1.49999,0.00001,0.00000
74680000000,-1.25352,2.49391,0.02072,0.99382,0.00000,0.00000,-0.11099,1.49999,0.00001,0.00000
74700000000,-1.22426,2.48730,0.02072,0.99382,0.00000,0.00000,-0.11099,1.49999,0.00001,0.00000
74720000000,-1.19500,2.48068,0.02072,0.99382,0.00000,0.00000,-0.11099,1.49999,0.00001,0.00000
74740000000,-1.16573,2.47406,0.02072,0.99382,0.00000,0.00000,-0.11099,1.49999,0.00001,0.00000
74760000000,-1.13647,2.46744,0.02072,0.99382,0.00000,0.00000,-0.11099,1.49999,0.00001,0.00000
74780000000,-1.10721,2.46082,0.02072,0.99382,0.00000,0.00000,-0.11099,1.49999,0.00001,0.00000
74800000000,-1.07795,2.45421,0.02072,0.99382,0.00000,0.00000,-0.11099,1.49999,0.00001,0.00000
74820000000,-1.04869,2.44759,0.02072,0.99382,0.00000,0.00000,-0.11099,1.49999,0.00001,0.00000
74840000000,-1.01943,2.44097,0.02072,0.99382,0.00000,0.00000,-0.11099,1.49999,0.00001,0.00000
74860000000,-0.99017,2.43435,0.02072,0.99382,0.00000,0.00000,-0.11099,1.49999,0.00001,0.00000
74880000000,-0.96091,2.42774,0.02072,0.99382,0.00000,0.00000,-0.11098,1.49999,0.00001,0.00000
74900000000,-0.93165,2.42112,0.02072,0.99382,0.00000,0.00000,-0.11098,1.49999,0.00001,0.00000
74920000000,-0.90239,2.41450,0.02072,0.99382,0.00000,0.00000,-0.11098,1.49999,0.00001,0.00000
74940000000,-0.87313,2.40788,0.02072,0.99382,0.00000,0.00000,-0.11098,1.49999,0.00001,0.00000
74960000000,-0.84387,2.40127,0.02072,0.99382,0.00000,0.00000,-0.11098,1.49999,0.00001,0.00000
74980000000,-0.81461,2.39465,0.02072,0.99382,0.00000,0.00000,-0.11098,1.49999,0.00001,0.00000
75000000000,-0.78534,2.38803,0.02072,0.99382,0.00000,0.00000,-0.11098,1.49999,0.00001,0.00000
75020000000,-0.75610,2.38142,0.02072,0.99382,0.00000,0.00000,-0.11099,1.49867,0.00034,0.00000
75040000000,-0.72691,2.37483,0.02072,0.99382,0.00000,0.00000,-0.11105,1.49518,0.00102,0.00000
75060000000,-0.69779,2.36827,0.02072,0.99380,0.00000,0.00000,-0.11115,1.49176,0.00136,0.00000
75080000000,-0.66873,2.36171,0.02072,0.99378,0.00000,0.00000,-0.11133,1.48842,0.00138,0.00000
75100000000,-0.63975,2.35515,0.02072,0.99376,0.00000,0.00000,-0.11157,1.48521,0.00102,0.00000
75120000000,-0.61083,2.34858,0.02072,0.99372,0.00000,0.00000,-0.11187,1.48208,0.00051,0.00000
75140000000,-0.58197,2.34199,0.02072,0.99368,0.00000,0.00000,-0.11225,1.47904,-0.00002,0.00000
75160000000,-0.55319,2.33538,0.02072,0.99363,0.00000,0.00000,-0.11272,1.47613,-0.00077,0.00000
75180000000,-0.52447,2.32873,0.02072,0.99356,0.00000,0.00000,-0.11329,1.47331,-0.00144,0.00000
75200000000,-0.49581,2.32204,0.02072,0.99349,0.00000,0.00000,-0.11396,1.47076,-0.00276,0.00000
75220000000,-0.46722,2.31528,0.02072,0.99340,0.00000,0.00000,-0.11470,1.46852,-0.00464,0.00000
75240000000,-0.43868,2.30847,0.02072,0.99330,0.00000,0.00000,-0.11555,1.46618,-0.00546,0.00000
75260000000,-0.41021,2.30160,0.02072,0.99319,0.00000,0.00000,-0.11654,1.46405,-0.00645,0.00000
75280000000,-0.38179,2.29464,0.02072,0.99305,0.00000,0.00000,-0.11766,1.46229,-0.00817,0.00000
75300000000,-0.35343,2.28760,0.02072,0.99290,0.00000,0.00000,-0.11893,1.46065,-0.00940,0.00000
75320000000,-0.32513,2.28046,0.02072,0.99273,0.00000,0.00000,-0.12036,1.45935,-0.01091,0.00000
75340000000,-0.29687,2.27320,0.02072,0.99254,0.00000,0.00000,-0.12196,1.45836,-0.01249,0.00000
75360000000,-0.26866,2.26583,0.02072,0.99231,0.00000,0.00000,-0.12375,1.45771,-0.01412,0.00000
75380000000,-0.24049,2.25830,0.02072,0.99207,0.00000,0.00000,-0.12572,1.45768,-0.01676,0.00000
75400000000,-0.21237,2.25061,0.02072,0.99179,0.00000,0.00000,-0.12787,1.45796,-0.01887,0.00000
75420000000,-0.18427,2.24274,0.02072,0.99149,0.00000,0.00000,-0.13021,1.45866,-0.02094,0.00000
75440000000,-0.15621,2.23467,0.02072,0.99116,0.00000,0.00000,-0.13270,1.46039,-0.02506,0.00000
75460000000,-0.12817,2.22635,0.02072,0.99081,0.00000,0.00000,-0.13527,1.46277,-0.02936,0.00000
75480000000,-0.10014,2.21780,0.02072,0.99044,0.00000,0.00000,-0.13791,1.46566,-0.03331,0.00000
75500000000,-0.07212,2.20900,0.02072,0.99007,0.00000,0.00000,-0.14060,1.46906,-0.03690,0.00000
75520000000,-0.04409,2.19997,0.02072,0.98967,0.00000,0.00000,-0.14334,1.47295,-0.04017,0.00000
75540000000,-0.01604,2.19070,0.02072,0.98927,0.00000,0.00000,-0.14611,1.47731,-0.04311,0.00000
75560000000,0.01202,2.18119,0.02072,0.98885,0.00000,0.00000,-0.14891,1.48214,-0.04572,0.00000
75580000000,0.04012,2.17145,0.02072,0.98842,0.00000,0.00000,-0.15171,1.48741,-0.04803,0.00000
75600000000,0.06825,2.16147,0.02072,0.98799,0.00000,0.00000,-0.15452,1.49312,-0.05003,0.00000
75620000000,0.09643,2.15126,0.02072,0.98755,0.00000,0.00000,-0.15732,1.49917,-0.05173,0.00000
75640000000,0.12451,2.14086,0.02072,0.98711,0.00000,0.00000,-0.16004,1.49429,-0.05438,0.00000
75660000000,0.15246,2.13037,0.02072,0.98671,0.00000,0.00000,-0.16249,1.49177,-0.05018,0.00000
75680000000,0.18032,2.11978,0.02072,0.98634,0.00000,0.00000,-0.16473,1.48873,-0.05197,0.00000
75700000000,0.20806,2.10905,0.02072,0.98598,0.00000,0.00000,-0.16684,1.48550,-0.05376,0.00000
75720000000,0.23568,2.09819,0.02072,0.98565,0.00000,0.00000,-0.16880,1.48215,-0.05533,0.00000
75740000000,0.26319,2.08723,0.02072,0.98534,0.00000,0.00000,-0.17060,1.47858,-0.05639,0.00000
75760000000,0.29059,2.07621,0.02072,0.98504,0.00000,0.00000,-0.17231,1.47439,-0.05590,0.00000
75780000000,0.31787,2.06512,0.02072,0.98476,0.00000,0.00000,-0.17394,1.47010,-0.05544,0.00000
75800000000,0.34508,2.05398,0.02072,0.98448,0.00000,0.00000,-0.17551,1.46950,-0.05457,0.00000
75820000000,0.37228,2.04277,0.02072,0.98420,0.00000,0.00000,-0.17704,1.47029,-0.05355,0.00000
75840000000,0.39947,2.03148,0.02072,0.98393,0.00000,0.00000,-0.17854,1.47106,-0.05254,0.00000
75860000000,0.42664,2.02013,0.02072,0.98366,0.00000,0.00000,-0.18001,1.47180,-0.05155,0.00000
75880000000,0.45380,2.00871,0.02072,0.98340,0.00000,0.00000,-0.18145,1.47252,-0.05058,0.00000
75900000000,0.48095,1.99722,0.02072,0.98314,0.00000,0.00000,-0.18285,1.47323,-0.04963,0.00000
75920000000,0.50809,1.98567,0.02072,0.98288,0.00000,0.00000,-0.18423,1.47391,-0.04869,0.00000
75940000000,0.53521,1.97406,0.02072,0.98263,0.00000,0.00000,-0.18557,1.47457,-0.04777,0.00000
75960000000,0.56232,1.96238,0.02072,0.98238,0.00000,0.00000,-0.18689,1.47521,-0.04687,0.00000
75980000000,0.58941,1.95065,0.02072,0.98214,0.00000,0.00000,-0.18818,1.47584,-0.04598,0.00000
76000000000,0.61650,1.93886,0.02072,0.98189,0.00000,0.00000,-0.18944,1.47645,-0.04510,0.00000
76020000000,0.64357,1.92701,0.02072,0.98165,0.00000,0.00000,-0.19067,1.47704,-0.04424,0.00000
76040000000,0.67063,1.91510,0.02072,0.98142,0.00000,0.00000,-0.19188,1.47761,-0.04340,0.00000
76060000000,0.69767,1.90314,0.02072,0.98119,0.00000,0.00000,-0.19306,1.47817,-0.04257,0.00000
76080000000,0.72471,1.89113,0.02072,0.98096,0.00000,0.00000,-0.19421,1.47871,-0.04176,0.00000
76100000000,0.75173,1.87906,0.02072,0.98073,0.00000,0.00000,-0.19535,1.47923,-0.04096,0.00000
76120000000,0.77874,1.86695,0.02072,0.98051,0.00000,0.00000,-0.19645,1.47975,-0.04018,0.00000
76140000000,0.80574,1.85478,0.02072,0.98030,0.00000,0.00000,-0.19754,1.48024,-0.03941,0.00000
76160000000,0.83273,1.84256,0.02072,0.98008,0.00000,0.00000,-0.19860,1.48073,-0.03865,0.00000
76180000000,0.85970,1.83030,0.02072,0.97987,0.00000,0.00000,-0.19964,1.48120,-0.03791,0.00000
76200000000,0.88666,1.81799,0.02072,0.97966,0.00000,0.00000,-0.20065,1.48166,-0.03718,0.00000
76220000000,0.91361,1.80564,0.02072,0.97946,0.00000,0.00000,-0.20165,1.48210,-0.03646,0.00000
76240000000,0.94056,1.79323,0.02072,0.97926,0.00000,0.00000,-0.20262,1.48253,-0.03576,0.00000
76260000000,0.96748,1.78079,0.02072,0.97906,0.00000,0.00000,-0.20358,1.48296,-0.03507,0.00000
76280000000,0.99440,1.76830,0.02072,0.97886,0.00000,0.00000,-0.20451,1.48337,-0.03440,0.00000
76300000000,1.02131,1.75578,0.02072,0.97867,0.00000,0.00000,-0.20543,1.48376,-0.03373,0.00000
76320000000,1.04821,1.74321,0.02072,0.97848,0.00000,0.00000,-0.20632,1.48415,-0.03308,0.00000
76340000000,1.07509,1.73060,0.02072,0.97830,0.00000,0.00000,-0.20720,1.48453,-0.03244,0.00000
76360000000,1.10197,1.71795,0.02072,0.97812,0.00000,0.00000,-0.20806,1.48490,-0.03181,0.00000
76380000000,1.12883,1.70526,0.02072,0.97794,0.00000,0.00000,-0.20890,1.48526,-0.03120,0.00000
76400000000,1.15569,1.69254,0.02072,0.97776,0.00000,0.00000,-0.20972,1.48561,-0.03059,0.00000
76420000000,1.18253,1.67978,0.02072,0.97759,0.00000,0.00000,-0.21052,1.48594,-0.03000,0.00000
76440000000,1.20937,1.66698,0.02072,0.97742,0.00000,0.00000,-0.21131,1.48628,-0.02942,0.00000
76460000000,1.23619,1.65415,0.02072,0.97725,0.00000,0.00000,-0.21209,1.48660,-0.02885,0.00000
76480000000,1.26301,1.64129,0.02072,0.97709,0.00000,0.00000,-0.21284,1.48691,-0.02829,0.00000
76500000000,1.28981,1.62839,0.02072,0.97692,0.00000,0.00000,-0.21358,1.48722,-0.02774,0.00000
76520000000,1.31661,1.61545,0.02072,0.97677,0.00000,0.00000,-0.21431,1.48751,-0.02720,0.00000
76540000000,1.34341,1.60249,0.02072,0.97661,0.00000,0.00000,-0.21503,1.48876,-0.02607,0.00000
76560000000,1.37030,1.58950,0.02072,0.97642,0.00000,0.00000,-0.21589,1.49419,-0.02242,0.00000
76580000000,1.39724,1.57645,0.02072,0.97618,0.00000,0.00000,-0.21695,1.49720,-0.02326,0.00000
76600000000,1.42423,1.56332,0.02072,0.97590,0.00000,0.00000,-0.21821,1.50139,-0.02068,0.00000
76620000000,1.45125,1.55012,0.02072,0.97560,0.00000,0.00000,-0.21957,1.50471,-0.01866,0.00000
76640000000,1.47834,1.53685,0.02072,0.97525,0.00000,0.00000,-0.22112,1.50948,-0.01580,0.00000
76660000000,1.50547,1.52350,0.02072,0.97486,0.00000,0.00000,-0.22281,1.51154,-0.01489,0.00000
76680000000,1.53259,1.51005,0.02072,0.97445,0.00000,0.00000,-0.22462,1.51450,-0.01337,0.00000
76700000000,1.55972,1.49649,0.02072,0.97399,0.00000,0.00000,-0.22659,1.51712,-0.01217,0.00000
76720000000,1.58671,1.48280,0.02072,0.97354,0.00000,0.00000,-0.22851,1.51177,-0.01667,0.00000
76740000000,1.61351,1.46897,0.02072,0.97312,0.00000,0.00000,-0.23029,1.50635,-0.02113,0.00000
76760000000,1.64013,1.45502,0.02072,0.97273,0.00000,0.00000,-0.23192,1.50121,-0.02528,0.00000
76780000000,1.66658,1.44096,0.02072,0.97238,0.00000,0.00000,-0.23339,1.49634,-0.02910,0.00000
76800000000,1.69294,1.42686,0.02072,0.97209,0.00000,0.00000,-0.23461,1.49321,-0.02894,0.00000
76820000000,1.71915,1.41268,0.02072,0.97184,0.00000,0.00000,-0.23563,1.48880,-0.03210,0.00000
76840000000,1.74526,1.39844,0.02072,0.97163,0.00000,0.00000,-0.23651,1.48640,-0.03357,0.00000
76860000000,1.77135,1.38416,0.02072,0.97142,0.00000,0.00000,-0.23735,1.48673,-0.03292,0.00000
76880000000,1.79743,1.36985,0.02072,0.97122,0.00000,0.00000,-0.23818,1.48705,-0.03228,0.00000
76900000000,1.82349,1.35550,0.02072,0.97102,0.00000,0.00000,-0.23899,1.48736,-0.03165,0.00000
76920000000,1.84954,1.34112,0.02072,0.97083,0.00000,0.00000,-0.23978,1.48767,-0.03103,0.00000
76940000000,1.87558,1.32670,0.02072,0.97063,0.00000,0.00000,-0.24056,1.48797,-0.03043,0.00000
76960000000,1.90161,1.31225,0.02072,0.97044,0.00000,0.00000,-0.24132,1.48826,-0.02983,0.00000
76980000000,1.92762,1.29776,0.02072,0.97026,0.00000,0.00000,-0.24207,1.48854,-0.02925,0.00000
77000000000,1.95363,1.28325,0.02072,0.97008,0.00000,0.00000,-0.24280,1.48881,-0.02868,0.00000
77020000000,1.97962,1.26870,0.02072,0.96990,0.00000,0.00000,-0.24351,1.48908,-0.02812,0.00000
77040000000,2.00560,1.25412,0.02072,0.96972,0.00000,0.00000,-0.24421,1.48934,-0.02757,0.00000
77060000000,2.03157,1.23952,0.02072,0.96955,0.00000,0.00000,-0.24490,1.48959,-0.02703,0.00000
77080000000,2.05753,1.22488,0.02072,0.96938,0.00000,0.00000,-0.24557,1.48983,-0.02650,0.00000
77100000000,2.08347,1.21021,0.02072,0.96921,0.00000,0.00000,-0.24623,1.49007,-0.02598,0.00000
77120000000,2.10941,1.19552,0.02072,0.96905,0.00000,0.00000,-0.24688,1.49031,-0.02547,0.00000
77140000000,2.13533,1.18080,0.02072,0.96889,0.00000,0.00000,-0.24751,1.49053,-0.02497,0.00000
77160000000,2.16125,1.16605,0.02072,0.96873,0.00000,0.00000,-0.24813,1.49076,-0.02449,0.00000
77180000000,2.18715,1.15127,0.02072,0.96857,0.00000,0.00000,-0.24873,1.49097,-0.02401,0.00000
77200000000,2.21305,1.13647,0.02072,0.96842,0.00000,0.00000,-0.24933,1.49118,-0.02353,0.00000
77220000000,2.23894,1.12165,0.02072,0.96827,0.00000,0.00000,-0.24991,1.49139,-0.02307,0.00000
77240000000,2.26481,1.10680,0.02072,0.96812,0.00000,0.00000,-0.25048,1.49159,-0.02262,0.00000
77260000000,2.29068,1.09192,0.02072,0.96798,0.00000,0.00000,-0.25103,1.49178,-0.02218,0.00000
77280000000,2.31653,1.07702,0.02072,0.96784,0.00000,0.00000,-0.25158,1.49197,-0.02174,0.00000
77300000000,2.34238,1.06210,0.02072,0.96770,0.00000,0.00000,-0.25212,1.49215,-0.02131,0.00000
77320000000,2.36822,1.04716,0.02072,0.96756,0.00000,0.00000,-0.25264,1.49233,-0.02090,0.00000
77340000000,2.39405,1.03219,0.02072,0.96743,0.00000,0.00000,-0.25315,1.49251,-0.02049,0.00000
77360000000,2.41987,1.01720,0.02072,0.96729,0.00000,0.00000,-0.25366,1.49268,-0.02008,0.00000
77380000000,2.44568,1.00219,0.02072,0.96716,0.00000,0.00000,-0.25415,1.49285,-0.01969,0.00000
77400000000,2.47148,0.98716,0.02072,0.96704,0.00000,0.00000,-0.25463,1.49301,-0.01930,0.00000
77420000000,2.49728,0.97211,0.02072,0.96691,0.00000,0.00000,-0.25511,1.49317,-0.01892,0.00000
77440000000,2.52307,0.95704,0.02072,0.96679,0.00000,0.00000,-0.25557,1.49332,-0.01855,0.00000
77460000000,2.54884,0.94195,0.02072,0.96667,0.00000,0.00000,-0.25602,1.49347,-0.01818,0.00000
77480000000,2.57461,0.92684,0.02072,0.96655,0.00000,0.00000,-0.25647,1.49362,-0.01783,0.00000
77500000000,2.60038,0.91171,0.02072,0.96644,0.00000,0.00000,-0.25690,1.49376,-0.01748,0.00000
77520000000,2.62613,0.89656,0.02072,0.96632,0.00000,0.00000,-0.25733,1.49390,-0.01713,0.00000
77540000000,2.65188,0.88140,0.02072,0.96621,0.00000,0.00000,-0.25775,1.49404,-0.01679,0.00000
77560000000,2.67762,0.86622,0.02072,0.96610,0.00000,0.00000,-0.25816,1.49417,-0.01646,0.00000
77580000000,2.70336,0.85102,0.02072,0.96599,0.00000,0.00000,-0.25856,1.49430,-0.01614,0.00000
77600000000,2.72908,0.83580,0.02072,0.96589,0.00000,0.00000,-0.25896,1.49443,-0.01582,0.00000
77620000000,2.75480,0.82057,0.02072,0.96579,0.00000,0.00000,-0.25934,1.49455,-0.01551,0.00000
77640000000,2.78051,0.80532,0.02072,0.96568,0.00000,0.00000,-0.25972,1.49467,-0.01520,0.00000
77660000000,2.80622,0.79005,0.02072,0.96558,0.00000,0.00000,-0.26009,1.49479,-0.01491,0.00000
77680000000,2.83192,0.77477,0.02072,0.96549,0.00000,0.00000,-0.26045,1.49491,-0.01461,0.00000
77700000000,2.85761,0.75947,0.02072,0.96539,0.00000,0.00000,-0.26081,1.49502,-0.01432,0.00000
77720000000,2.88330,0.74416,0.02072,0.96530,0.00000,0.00000,-0.26115,1.49513,-0.01404,0.00000
77740000000,2.90898,0.72884,0.02072,0.96520,0.00000,0.00000,-0.26150,1.49524,-0.01376,0.00000
77760000000,2.93465,0.71350,0.02072,0.96511,0.00000,0.00000,-0.26183,1.49534,-0.01349,0.00000
77780000000,2.96032,0.69814,0.02072,0.96503,0.00000,0.00000,-0.26216,1.49544,-0.01323,0.00000
77800000000,2.98598,0.68278,0.02072,0.96494,0.00000,0.00000,-0.26248,1.49554,-0.01297,0.00000
77820000000,3.01164,0.66740,0.02072,0.96485,0.00000,0.00000,-0.26279,1.49564,-0.01271,0.00000
77840000000,3.03729,0.65200,0.02072,0.96477,0.00000,0.00000,-0.26310,1.49573,-0.01246,0.00000
77860000000,3.06293,0.63659,0.02072,0.96469,0.00000,0.00000,-0.26340,1.49583,-0.01221,0.00000
77880000000,3.08857,0.62117,0.02072,0.96461,0.00000,0.00000,-0.26370,1.49592,-0.01197,0.00000
77900000000,3.11420,0.60574,0.02072,0.96453,0.00000,0.00000,-0.26399,1.49601,-0.01174,0.00000
77920000000,3.13983,0.59030,0.02072,0.96445,0.00000,0.00000,-0.26427,1.49609,-0.01151,0.00000
77940000000,3.16546,0.57484,0.02072,0.96437,0.00000,0.00000,-0.26455,1.49618,-0.01128,0.00000
77960000000,3.19107,0.55937,0.02072,0.96430,0.00000,0.00000,-0.26482,1.49626,-0.01106,0.00000
77980000000,3.21669,0.54389,0.02072,0.96422,0.00000,0.00000,-0.26509,1.49634,-0.01084,0.00000
78000000000,3.24230,0.52840,0.02072,0.96415,0.00000,0.00000,-0.26535,1.49642,-0.01062,0.00000
78020000000,3.26790,0.51290,0.02072,0.96408,0.00000,0.00000,-0.26561,1.49649,-0.01041,0.00000
78040000000,3.29350,0.49739,0.02072,0.96401,0.00000,0.00000,-0.26586,1.49657,-0.01021,0.00000
78060000000,3.31909,0.48187,0.02072,0.96394,0.00000,0.00000,-0.26611,1.49664,-0.01001,0.00000
78080000000,3.34468,0.46633,0.02072,0.96388,0.00000,0.00000,-0.26635,1.49671,-0.00981,0.00000
78100000000,3.37026,0.45079,0.02072,0.96381,0.00000,0.00000,-0.26659,1.49679,-0.00962,0.00000
78120000000,3.39585,0.43524,0.02072,0.96375,0.00000,0.00000,-0.26682,1.49685,-0.00943,0.00000
78140000000,3.42142,0.41968,0.02072,0.96368,0.00000,0.00000,-0.26704,1.49692,-0.00924,0.00000
78160000000,3.44699,0.40410,0.02072,0.96362,0.00000,0.00000,-0.26727,1.49699,-0.00906,0.00000
78180000000,3.47256,0.38852,0.02072,0.96356,0.00000,0.00000,-0.26749,1.49705,-0.00888,0.00000
78200000000,3.49812,0.37293,0.02072,0.96350,0.00000,0.00000,-0.26770,1.49711,-0.00870,0.00000
78220000000,3.52368,0.35733,0.02072,0.96344,0.00000,0.00000,-0.26791,1.49717,-0.00853,0.00000
78240000000,3.54924,0.34173,0.02072,0.96339,0.00000,0.00000,-0.26811,1.49723,-0.00836,0.00000
78260000000,3.57480,0.32611,0.02072,0.96333,0.00000,0.00000,-0.26833,1.49791,-0.00751,0.00000
78280000000,3.60040,0.31049,0.02072,0.96323,0.00000,0.00000,-0.26868,1.49961,-0.00631,0.00000
78300000000,3.62605,0.29486,0.02072,0.96309,0.00000,0.00000,-0.26917,1.50273,-0.00290,0.00000
78320000000,3.65176,0.27923,0.02072,0.96291,0.00000,0.00000,-0.26981,1.50480,-0.00081,0.00000
78340000000,3.67749,0.26356,0.02072,0.96270,0.00000,0.00000,-0.27058,1.50639,0.00064,0.00000
78360000000,3.70323,0.24786,0.02072,0.96245,0.00000,0.00000,-0.27145,1.50833,0.00248,0.00000
78380000000,3.72902,0.23212,0.02072,0.96215,0.00000,0.00000,-0.27252,1.51120,0.00530,0.00000
78400000000,3.75482,0.21633,0.02072,0.96180,0.00000,0.00000,-0.27375,1.51229,0.00595,0.00000
78420000000,3.78059,0.20047,0.02072,0.96141,0.00000,0.00000,-0.27511,1.51378,0.00712,0.00000
78440000000,3.80638,0.18454,0.02072,0.96096,0.00000,0.00000,-0.27667,1.51584,0.00894,0.00000
78460000000,3.83216,0.16853,0.02072,0.96045,0.00000,0.00000,-0.27846,1.51790,0.01079,0.00000
78480000000,3.85792,0.15242,0.02072,0.95986,0.00000,0.00000,-0.28047,1.51976,0.01242,0.00000
78500000000,3.88362,0.13620,0.02072,0.95923,0.00000,0.00000,-0.28264,1.51957,0.01147,0.00000
78520000000,3.90925,0.11984,0.02072,0.95853,0.00000,0.00000,-0.28499,1.51966,0.01094,0.00000
78540000000,3.93478,0.10335,0.02072,0.95778,0.00000,0.00000,-0.28749,1.52020,0.01116,0.00000
78560000000,3.96024,0.08671,0.02072,0.95696,0.00000,0.00000,-0.29023,1.52068,0.01141,0.00000
78580000000,3.98561,0.06993,0.02072,0.95606,0.00000,0.00000,-0.29318,1.52110,0.01179,0.00000
78600000000,4.01088,0.05298,0.02072,0.95507,0.00000,0.00000,-0.29637,1.52068,0.01105,0.00000
78620000000,4.03597,0.03584,0.02072,0.95404,0.00000,0.00000,-0.29969,1.51947,0.00924,0.00000
78640000000,4.06093,0.01851,0.02072,0.95292,0.00000,0.00000,-0.30323,1.51870,0.00835,0.00000
78660000000,4.08563,0.00095,0.02072,0.95179,0.00000,0.00000,-0.30674,1.51446,0.00112,0.00000
78680000000,4.11009,-0.01685,0.02072,0.95066,0.00000,0.00000,-0.31023,1.51130,-0.00442,0.00000
78700000000,4.13427,-0.03489,0.02072,0.94956,0.00000,0.00000,-0.31360,1.50769,-0.01128,0.00000
78720000000,4.15819,-0.05317,0.02072,0.94848,0.00000,0.00000,-0.31684,1.50448,-0.01777,0.00000
78740000000,4.18187,-0.07167,0.02072,0.94743,0.00000,0.00000,-0.31996,1.50165,-0.02391,0.00000
78760000000,4.20532,-0.09038,0.02072,0.94643,0.00000,0.00000,-0.32292,1.49918,-0.02970,0.00000
78780000000,4.22856,-0.10930,0.02072,0.94546,0.00000,0.00000,-0.32574,1.49703,-0.03515,0.00000
78800000000,4.25158,-0.12840,0.02072,0.94454,0.00000,0.00000,-0.32839,1.49519,-0.04027,0.00000
78820000000,4.27442,-0.14769,0.02072,0.94368,0.00000,0.00000,-0.33087,1.49363,-0.04506,0.00000
78840000000,4.29709,-0.16714,0.02072,0.94287,0.00000,0.00000,-0.33316,1.49245,-0.04882,0.00000
78860000000,4.31968,-0.18668,0.02072,0.94217,0.00000,0.00000,-0.33515,1.49232,-0.04768,0.00000
78880000000,4.34214,-0.20634,0.02072,0.94153,0.00000,0.00000,-0.33694,1.49153,-0.05090,0.00000
78900000000,4.36453,-0.22609,0.02072,0.94088,0.00000,0.00000,-0.33873,1.49211,-0.04871,0.00000
78920000000,4.38689,-0.24589,0.02072,0.94020,0.00000,0.00000,-0.34062,1.49255,-0.04694,0.00000
78940000000,4.40919,-0.26576,0.02072,0.93947,0.00000,0.00000,-0.34263,1.49292,-0.04551,0.00000
78960000000,4.43139,-0.28575,0.02072,0.93867,0.00000,0.00000,-0.34481,1.49275,-0.04677,0.00000
78980000000,4.45352,-0.30581,0.02072,0.93780,0.00000,0.00000,-0.34718,1.49325,-0.04342,0.00000
79000000000,4.47559,-0.32596,0.02072,0.93687,0.00000,0.00000,-0.34967,1.49346,-0.04104,0.00000
79020000000,4.49760,-0.34617,0.02072,0.93587,0.00000,0.00000,-0.35234,1.49368,-0.03742,0.00000
79040000000,4.51953,-0.36647,0.02072,0.93478,0.00000,0.00000,-0.35523,1.49364,-0.03410,0.00000
79060000000,4.54134,-0.38688,0.02072,0.93363,0.00000,0.00000,-0.35824,1.49316,-0.03396,0.00000
79080000000,4.56303,-0.40741,0.02072,0.93242,0.00000,0.00000,-0.36137,1.49267,-0.03190,0.00000
79100000000,4.58459,-0.42805,0.02072,0.93112,0.00000,0.00000,-0.36472,1.49197,-0.02928,0.00000
79120000000,4.60602,-0.44880,0.02072,0.92973,0.00000,0.00000,-0.36825,1.49100,-0.02791,0.00000
79140000000,4.62728,-0.46969,0.02072,0.92825,0.00000,0.00000,-0.37197,1.48980,-0.02673,0.00000
79160000000,4.64838,-0.49071,0.02072,0.92667,0.00000,0.00000,-0.37588,1.48830,-0.02507,0.00000
79180000000,4.66926,-0.51189,0.02072,0.92501,0.00000,0.00000,-0.37994,1.48680,-0.02608,0.00000
79200000000,4.68993,-0.53324,0.02072,0.92327,0.00000,0.00000,-0.38415,1.48494,-0.02547,0.00000
79220000000,4.71037,-0.55476,0.02072,0.92145,0.00000,0.00000,-0.38849,1.48308,-0.02624,0.00000
79240000000,4.73058,-0.57642,0.02072,0.91952,0.00000,0.00000,-0.39305,1.48052,-0.02470,0.00000
79260000000,4.75055,-0.59823,0.02072,0.91745,0.00000,0.00000,-0.39785,1.47759,-0.02341,0.00000
79280000000,4.77025,-0.62020,0.02072,0.91526,0.00000,0.00000,-0.40286,1.47461,-0.02354,0.00000
79300000000,4.78965,-0.64235,0.02072,0.91295,0.00000,0.00000,-0.40806,1.47139,-0.02396,0.00000
79320000000,4.80873,-0.66472,0.02072,0.91057,0.00000,0.00000,-0.41335,1.46905,-0.02744,0.00000
79340000000,4.82748,-0.68727,0.02072,0.90807,0.00000,0.00000,-0.41882,1.46504,-0.02694,0.00000
79360000000,4.84591,-0.70997,0.02072,0.90542,0.00000,0.00000,-0.42452,1.46048,-0.02634,0.00000
79380000000,4.86398,-0.73282,0.02072,0.90261,0.00000,0.00000,-0.43045,1.45547,-0.02596,0.00000
79400000000,4.88169,-0.75583,0.02072,0.89965,0.00000,0.00000,-0.43661,1.45010,-0.02599,0.00000
79420000000,4.89899,-0.77901,0.02072,0.89653,0.00000,0.00000,-0.44298,1.44463,-0.02677,0.00000
79440000000,4.91587,-0.80237,0.02072,0.89328,0.00000,0.00000,-0.44951,1.43924,-0.02841,0.00000
79460000000,4.93232,-0.82588,0.02072,0.88985,0.00000,0.00000,-0.45626,1.43248,-0.02874,0.00000
79480000000,4.94831,-0.84952,0.02072,0.88624,0.00000,0.00000,-0.46323,1.42521,-0.02929,0.00000
79500000000,4.96382,-0.87332,0.02072,0.88246,0.00000,0.00000,-0.47038,1.41842,-0.03126,0.00000
79520000000,4.97882,-0.89731,0.02072,0.87855,0.00000,0.00000,-0.47765,1.41219,-0.03433,0.00000
79540000000,4.99330,-0.92142,0.02072,0.87445,0.00000,0.00000,-0.48511,1.40358,-0.03529,0.00000
79560000000,5.00725,-0.94563,0.02072,0.87017,0.00000,0.00000,-0.49276,1.39442,-0.03646,0.00000
79580000000,5.02065,-0.96994,0.02072,0.86570,0.00000,0.00000,-0.50057,1.38506,-0.03818,0.00000
79600000000,5.03345,-0.99446,0.02072,0.86111,0.00000,0.00000,-0.50841,1.38255,-0.04653,0.00000
79620000000,5.04562,-1.01933,0.02072,0.85650,0.00000,0.00000,-0.51615,1.38383,-0.05740,0.00000
79640000000,5.05718,-1.04455,0.02072,0.85185,0.00000,0.00000,-0.52379,1.38589,-0.06787,0.00000
79660000000,5.06812,-1.07011,0.02072,0.84717,0.00000,0.00000,-0.53131,1.38871,-0.07794,0.00000
79680000000,5.07846,-1.09599,0.02072,0.84248,0.00000,0.00000,-0.53873,1.39227,-0.08760,0.00000
79700000000,5.08821,-1.12221,0.02072,0.83776,0.00000,0.00000,-0.54604,1.39654,-0.09685,0.00000
79720000000,5.09738,-1.14875,0.02072,0.83302,0.00000,0.00000,-0.55324,1.40149,-0.10567,0.00000
79740000000,5.10598,-1.17561,0.02072,0.82827,0.00000,0.00000,-0.56033,1.40710,-0.11406,0.00000
79760000000,5.11402,-1.20278,0.02072,0.82350,0.00000,0.00000,-0.56731,1.41333,-0.12200,0.00000
79780000000,5.12150,-1.23027,0.02072,0.81872,0.00000,0.00000,-0.57419,1.42016,-0.12948,0.00000
79800000000,5.12843,-1.25805,0.02072,0.81393,0.00000,0.00000,-0.58097,1.42756,-0.13649,0.00000
79820000000,5.13483,-1.28614,0.02072,0.80912,0.00000,0.00000,-0.58764,1.43550,-0.14302,0.00000
79840000000,5.14070,-1.31453,0.02072,0.80430,0.00000,0.00000,-0.59422,1.44395,-0.14906,0.00000
79860000000,5.14605,-1.34321,0.02072,0.79947,0.00000,0.00000,-0.60070,1.45287,-0.15459,0.00000
79880000000,5.15089,-1.37217,0.02072,0.79464,0.00000,0.00000,-0.60709,1.46226,-0.15961,-0.00000
79900000000,5.15523,-1.40143,0.02072,0.78979,0.00000,0.00000,-0.61338,1.47206,-0.16411,-0.00000
79920000000,5.15922,-1.43083,0.02072,0.78510,0.00000,0.00000,-0.61937,1.47502,-0.15554,0.00000
79940000000,5.16289,-1.45997,0.02072,0.78065,0.00000,0.00000,-0.62497,1.45990,-0.14893,0.00000
79960000000,5.16612,-1.48900,0.02072,0.77627,0.00000,0.00000,-0.63040,1.45191,-0.14922,0.00000
79980000000,5.16891,-1.51798,0.02072,0.77194,0.00000,0.00000,-0.63569,1.44926,-0.15058,0.00000
80000000000,5.17129,-1.54691,0.02072,0.76766,0.00000,0.00000,-0.64086,1.44521,-0.15111,0.00000
80020000000,5.17330,-1.57586,0.02072,0.76338,0.00000,0.00000,-0.64595,1.43731,-0.14803,0.00000
80040000000,5.17489,-1.60443,0.02072,0.75921,0.00000,0.00000,-0.65084,1.41840,-0.14755,0.00000
80060000000,5.17612,-1.63303,0.02072,0.75511,0.00000,0.00000,-0.65560,1.42550,-0.14829,0.00000
80080000000,5.17702,-1.66143,0.02072,0.75105,0.00000,0.00000,-0.66025,1.40785,-0.14471,0.00000
80100000000,5.17759,-1.68958,0.02072,0.74708,0.00000,0.00000,-0.66473,1.39926,-0.14312,0.00000
80120000000,5.17786,-1.71777,0.02072,0.74315,0.00000,0.00000,-0.66912,1.40163,-0.14099,0.00000
80140000000,5.17784,-1.74594,0.02072,0.73928,0.00000,0.00000,-0.67339,1.40342,-0.13925,0.00000
80160000000,5.17757,-1.77399,0.02072,0.73546,0.00000,0.00000,-0.67757,1.39016,-0.13444,0.00000
80180000000,5.17706,-1.80167,0.02072,0.73171,0.00000,0.00000,-0.68161,1.37211,-0.12914,0.00000
80200000000,5.17631,-1.82919,0.02072,0.72804,0.00000,0.00000,-0.68553,1.37028,-0.12594,0.00000
80220000000,5.17537,-1.85640,0.02072,0.72439,0.00000,0.00000,-0.68939,1.35242,-0.12048,0.00000
80240000000,5.17424,-1.88328,0.02072,0.72078,0.00000,0.00000,-0.69316,1.33188,-0.11331,0.00000
80260000000,5.17294,-1.90959,0.02072,0.71726,0.00000,0.00000,-0.69680,1.30635,-0.10829,0.00000
80280000000,5.17143,-1.93557,0.02072,0.71385,0.00000,0.00000,-0.70030,1.29548,-0.10515,0.00000
80300000000,5.16977,-1.96115,0.02072,0.71049,0.00000,0.00000,-0.70370,1.27440,-0.10060,0.00000
80320000000,5.16795,-1.98623,0.02072,0.70724,0.00000,0.00000,-0.70698,1.24588,-0.09592,0.00000
80340000000,5.16597,-2.01099,0.02072,0.70406,0.00000,0.00000,-0.71014,1.23229,-0.09309,0.00000
80360000000,5.16384,-2.03545,0.02072,0.70099,0.00000,0.00000,-0.71317,1.22421,-0.08959,0.00000
80380000000,5.16156,-2.05945,0.02072,0.69797,0.00000,0.00000,-0.71613,1.19097,-0.08732,0.00000
80400000000,5.15917,-2.08313,0.02072,0.69509,0.00000,0.00000,-0.71892,1.18673,-0.08317,0.00000
80420000000,5.15666,-2.10653,0.02072,0.69229,0.00000,0.00000,-0.72162,1.16735,-0.08027,0.00000
80440000000,5.15406,-2.12938,0.02072,0.68958,0.00000,0.00000,-0.72421,1.14210,-0.07739,0.00000
80460000000,5.15137,-2.15190,0.02072,0.68699,0.00000,0.00000,-0.72667,1.13119,-0.07433,0.00000
80480000000,5.14859,-2.17406,0.02072,0.68446,0.00000,0.00000,-0.72905,1.11111,-0.07165,0.00000
80500000000,5.14575,-2.19577,0.02072,0.68202,0.00000,0.00000,-0.73133,1.08864,-0.06911,0.00000
80520000000,5.14286,-2.21700,0.02072,0.67969,0.00000,0.00000,-0.73350,1.06233,-0.06604,0.00000
80540000000,5.13990,-2.23801,0.02072,0.67743,0.00000,0.00000,-0.73558,1.05824,-0.06383,0.00000
80560000000,5.13688,-2.25865,0.02072,0.67523,0.00000,0.00000,-0.73760,1.03423,-0.06159,0.00000
80580000000,5.13385,-2.27878,0.02072,0.67314,0.00000,0.00000,-0.73952,1.00953,-0.05889,0.00000
80600000000,5.13077,-2.29867,0.02072,0.67111,0.00000,0.00000,-0.74135,1.00428,-0.05683,0.00000
80620000000,5.12761,-2.31852,0.02072,0.66913,0.00000,0.00000,-0.74315,1.00321,-0.05558,0.00000
80640000000,5.12443,-2.33788,0.02072,0.66719,0.00000,0.00000,-0.74488,0.96950,-0.05333,0.00000
80660000000,5.12125,-2.35674,0.02072,0.66534,0.00000,0.00000,-0.74654,0.94362,-0.05172,0.00000
80680000000,5.11811,-2.37507,0.02072,0.66360,0.00000,0.00000,-0.74809,0.92384,-0.04845,0.00000
80700000000,5.11495,-2.39314,0.02072,0.66192,0.00000,0.00000,-0.74957,0.91558,-0.04661,0.00000
80720000000,5.11178,-2.41089,0.02072,0.66030,0.00000,0.00000,-0.75100,0.89801,-0.04476,0.00000
80740000000,5.10863,-2.42823,0.02072,0.65873,0.00000,0.00000,-0.75238,0.87606,-0.04307,0.00000
80760000000,5.10550,-2.44514,0.02072,0.65724,0.00000,0.00000,-0.75368,0.85363,-0.04115,0.00000
80780000000,5.10240,-2.46162,0.02072,0.65581,0.00000,0.00000,-0.75492,0.83043,-0.03915,0.00000
80800000000,5.09933,-2.47774,0.02072,0.65444,0.00000,0.00000,-0.75611,0.81228,-0.03744,0.00000
80820000000,5.09625,-2.49365,0.02072,0.65312,0.00000,0.00000,-0.75726,0.80792,-0.03643,0.00000
80840000000,5.09323,-2.50911,0.02072,0.65185,0.00000,0.00000,-0.75835,0.77950,-0.03454,0.00000
80860000000,5.09020,-2.52435,0.02072,0.65063,0.00000,0.00000,-0.75939,0.77546,-0.03343,0.00000
80880000000,5.08722,-2.53919,0.02072,0.64946,0.00000,0.00000,-0.76040,0.75139,-0.03193,0.00000
80900000000,5.08428,-2.55367,0.02072,0.64834,0.00000,0.00000,-0.76135,0.73422,-0.03056,0.00000
80920000000,5.08139,-2.56776,0.02072,0.64727,0.00000,0.00000,-0.76226,0.71212,-0.02903,0.00000
80940000000,5.07853,-2.58161,0.02072,0.64625,0.00000,0.00000,-0.76313,0.70479,-0.02804,0.00000
80960000000,5.07573,-2.59499,0.02072,0.64527,0.00000,0.00000,-0.76395,0.67557,-0.02637,0.00000
80980000000,5.07297,-2.60811,0.02072,0.64433,0.00000,0.00000,-0.76475,0.66592,-0.02549,0.00000
81000000000,5.07028,-2.62074,0.02072,0.64345,0.00000,0.00000,-0.76549,0.64020,-0.02382,0.00000
81020000000,5.06761,-2.63327,0.02072,0.64259,0.00000,0.00000,-0.76621,0.63977,-0.02332,0.00000
81040000000,5.06498,-2.64542,0.02072,0.64176,0.00000,0.00000,-0.76691,0.60942,-0.02220,0.00000
81060000000,5.06241,-2.65727,0.02072,0.64098,0.00000,0.00000,-0.76756,0.60566,-0.02119,0.00000
81080000000,5.05990,-2.66882,0.02072,0.64023,0.00000,0.00000,-0.76818,0.58910,-0.02018,0.00000
81100000000,5.05743,-2.68003,0.02072,0.63952,0.00000,0.00000,-0.76878,0.57137,-0.01920,0.00000
81120000000,5.05506,-2.69081,0.02072,0.63885,0.00000,0.00000,-0.76934,0.54601,-0.01807,0.00000
81140000000,5.05273,-2.70133,0.02072,0.63820,0.00000,0.00000,-0.76987,0.53839,-0.01734,0.00000
81160000000,5.05048,-2.71141,0.02072,0.63760,0.00000,0.00000,-0.77037,0.50786,-0.01612,0.00000
81180000000,5.04827,-2.72128,0.02072,0.63702,0.00000,0.00000,-0.77085,0.50522,-0.01561,0.00000
81200000000,5.04606,-2.73114,0.02072,0.63646,0.00000,0.00000,-0.77131,0.50495,-0.01528,0.00000
81220000000,5.04393,-2.74057,0.02072,0.63592,0.00000,0.00000,-0.77176,0.47270,-0.01416,0.00000
81240000000,5.04194,-2.74940,0.02072,0.63543,0.00000,0.00000,-0.77216,0.44410,-0.01298,0.00000
81260000000,5.04000,-2.75793,0.02072,0.63497,0.00000,0.00000,-0.77254,0.43554,-0.01244,0.00000
81280000000,5.03813,-2.76616,0.02072,0.63453,0.00000,0.00000,-0.77290,0.42196,-0.01176,0.00000
81300000000,5.03631,-2.77414,0.02072,0.63412,0.00000,0.00000,-0.77324,0.40507,-0.01107,0.00000
81320000000,5.03458,-2.78174,0.02072,0.63373,0.00000,0.00000,-0.77356,0.38850,-0.01040,0.00000
81340000000,5.03292,-2.78899,0.02072,0.63337,0.00000,0.00000,-0.77385,0.36922,-0.00971,0.00000
81360000000,5.03137,-2.79576,0.02072,0.63303,0.00000,0.00000,-0.77412,0.33991,-0.00876,0.00000
81380000000,5.02985,-2.80238,0.02072,0.63272,0.00000,0.00000,-0.77438,0.33922,-0.00853,0.00000
81400000000,5.02841,-2.80863,0.02072,0.63242,0.00000,0.00000,-0.77462,0.31326,-0.00775,0.00000
81420000000,5.02704,-2.81460,0.02072,0.63215,0.00000,0.00000,-0.77485,0.30626,-0.00740,0.00000
81440000000,5.02574,-2.82022,0.02072,0.63189,0.00000,0.00000,-0.77506,0.28360,-0.00673,0.00000
81460000000,5.02452,-2.82555,0.02072,0.63166,0.00000,0.00000,-0.77525,0.27245,-0.00632,0.00000
81480000000,5.02338,-2.83047,0.02072,0.63144,0.00000,0.00000,-0.77542,0.24747,-0.00563,0.00000
81500000000,5.02230,-2.83516,0.02072,0.63125,0.00000,0.00000,-0.77558,0.24053,-0.00535,0.00000
81520000000,5.02129,-2.83952,0.02072,0.63106,0.00000,0.00000,-0.77573,0.21629,-0.00472,0.00000
81540000000,5.02039,-2.84343,0.02072,0.63090,0.00000,0.00000,-0.77586,0.19370,-0.00414,0.00000
81560000000,5.01953,-2.84716,0.02072,0.63076,0.00000,0.00000,-0.77598,0.19139,-0.00401,0.00000
81580000000,5.01874,-2.85060,0.02072,0.63062,0.00000,0.00000,-0.77609,0.17198,-0.00353,0.00000
81600000000,5.01803,-2.85369,0.02072,0.63050,0.00000,0.00000,-0.77619,0.15870,-0.00319,0.00000
81620000000,5.01739,-2.85647,0.02072,0.63040,0.00000,0.00000,-0.77627,0.13129,-0.00259,0.00000
81640000000,5.01687,-2.85873,0.02072,0.63032,0.00000,0.00000,-0.77634,0.10979,-0.00212,-0.00000
81660000000,5.01638,-2.86087,0.02072,0.63024,0.00000,0.00000,-0.77640,0.10945,-0.00207,0.00000
81680000000,5.01597,-2.86262,0.02072,0.63018,0.00000,0.00000,-0.77645,0.08402,-0.00156,0.00000
81700000000,5.01563,-2.86412,0.02072,0.63012,0.00000,0.00000,-0.77649,0.07718,-0.00140,-0.00000
81720000000,5.01535,-2.86534,0.02072,0.63008,0.00000,0.00000,-0.77653,0.06061,-0.00108,-0.00000
81740000000,5.01518,-2.86609,0.02072,0.63006,0.00000,0.00000,-0.77655,0.03065,-0.00053,0.00000
81760000000,5.01506,-2.86659,0.02072,0.63004,0.00000,0.00000,-0.77656,0.02222,-0.00038,0.00000
81780000000,5.01505,-2.86667,0.02072,0.63004,0.00000,0.00000,-0.77656,0.00000,0.00000,0.00000
81800000000,5.01505,-2.86667,0.02072,0.63004,0.00000,0.00000,-0.77656,0.00000,0.00000,0.00000
81820000000,5.01505,-2.86667,0.02072,0.63004,0.00000,0.00000,-0.77656,0.00000,0.00000,0.00000
81840000000,5.01505,-2.86667,0.02072,0.63004,0.00000,0.00000,-0.77656,0.00000,0.00000,0.00000
81860000000,5.01505,-2.86667,0.02072,0.63004,0.00000,0.00000,-0.77656,0.00000,0.00000,0.00000
81880000000,5.01505,-2.86667,0.02072,0.63004,0.00000,0.00000,-0.77656,0.00000,0.00000,0.00000
81900000000,5.01505,-2.86667,0.02072,0.63004,0.00000,0.00000,-0.77656,0.00000,0.00000,0.00000
81920000000,5.01505,-2.86667,0.02072,0.63004,0.00000,0.00000,-0.77656,0.00000,0.00000,0.00000
81940000000,5.01505,-2.86667,0.02072,0.63004,0.00000,0.00000,-0.77656,0.00000,0.00000,0.00000
81960000000,5.01505,-2.86667,0.02072,0.63004,0.00000,0.00000,-0.77656,0.00000,0.00000,0.00000
81980000000,5.01505,-2.86667,0.02072,0.63004,0.00000,0.00000,-0.77656,0.00000,0.00000,0.00000
82000000000,5.01505,-2.86667,0.02072,0.63004,0.00000,0.00000,-0.77656,0.00000,0.00000,0.00000
82020000000,5.01505,-2.86667,0.02072,0.63004,0.00000,0.00000,-0.77656,0.00000,0.00000,0.00000
82040000000,5.01505,-2.86667,0.02072,0.63004,0.00000,0.00000,-0.77656,0.00000,0.00000,0.00000
82060000000,5.01505,-2.86667,0.02072,0.63004,0.00000,0.00000,-0.77656,0.00000,0.00000,0.00000
82080000000,5.01505,-2.86667,0.02072,0.63004,0.00000,0.00000,-0.77656,0.00000,0.00000,0.00000
82100000000,5.01505,-2.86667,0.02072,0.63004,0.00000,0.00000,-0.77656,0.00000,0.00000,0.00000
82120000000,5.01505,-2.86667,0.02072,0.63004,0.00000,0.00000,-0.77656,0.00000,0.00000,0.00000
82140000000,5.01505,-2.86667,0.02072,0.63004,0.00000,0.00000,-0.77656,0.00000,0.00000,0.00000
82160000000,5.01505,-2.86667,0.02072,0.63004,0.00000,0.00000,-0.77656,0.00000,0.00000,0.00000
82180000000,5.01505,-2.86667,0.02072,0.63004,0.00000,0.00000,-0.77656,0.00000,0.00000,0.00000
82200000000,5.01505,-2.86667,0.02072,0.63004,0.00000,0.00000,-0.77656,0.00000,0.00000,0.00000
82220000000,5.01505,-2.86667,0.02072,0.63004,0.00000,0.00000,-0.77656,0.00000,0.00000,0.00000
82240000000,5.01505,-2.86667,0.02072,0.63004,0.00000,0.00000,-0.77656,0.00000,0.00000,0.00000
82260000000,5.01505,-2.86667,0.02072,0.63004,0.00000,0.00000,-0.77656,0.00000,0.00000,0.00000
82280000000,5.01505,-2.86667,0.02072,0.63004,0.00000,0.00000,-0.77656,0.00000,0.00000,0.00000
82300000000,5.01505,-2.86667,0.02072,0.63004,0.00000,0.00000,-0.77656,0.00000,0.00000,0.00000
82320000000,5.01505,-2.86667,0.02072,0.63004,0.00000,0.00000,-0.77656,0.00000,0.00000,0.00000
82340000000,5.01505,-2.86667,0.02072,0.63004,0.00000,0.00000,-0.77656,0.00000,0.00000,0.00000
82360000000,5.01505,-2.86667,0.02072,0.63004,0.00000,0.00000,-0.77656,0.00000,0.00000,0.00000
82380000000,5.01505,-2.86667,0.02072,0.63004,0.00000,0.00000,-0.77656,0.00000,0.00000,0.00000
82400000000,5.01505,-2.86667,0.02072,0.63004,0.00000,0.00000,-0.77656,0.00000,0.00000,0.00000
82420000000,5.01505,-2.86667,0.02072,0.63004,0.00000,0.00000,-0.77656,0.00000,0.00000,0.00000
82440000000,5.01505,-2.86667,0.02072,0.63004,0.00000,0.00000,-0.77656,0.00000,0.00000,0.00000
82460000000,5.01505,-2.86667,0.02072,0.63004,0.00000,0.00000,-0.77656,0.00000,0.00000,0.00000
82480000000,5.01505,-2.86667,0.02072,0.63004,0.00000,0.00000,-0.77656,0.00000,0.00000,0.00000
82500000000,5.01505,-2.86667,0.02072,0.63004,0.00000,0.00000,-0.77656,0.00000,0.00000,0.00000
82520000000,5.01505,-2.86667,0.02072,0.63004,0.00000,0.00000,-0.77656,0.00000,0.00000,0.00000
82540000000,5.01505,-2.86667,0.02072,0.63004,0.00000,0.00000,-0.77656,0.00000,0.00000,0.00000
82560000000,5.01505,-2.86667,0.02072,0.63004,0.00000,0.00000,-0.77656,0.00000,0.00000,0.00000
82580000000,5.01505,-2.86667,0.02072,0.63004,0.00000,0.00000,-0.77656,0.00000,0.00000,0.00000
82600000000,5.01505,-2.86667,0.02072,0.63004,0.00000,0.00000,-0.77656,0.00000,0.00000,0.00000
82620000000,5.01505,-2.86667,0.02072,0.63004,0.00000,0.00000,-0.77656,0.00000,0.00000,0.00000
82640000000,5.01505,-2.86667,0.02072,0.63004,0.00000,0.00000,-0.77656,0.00000,0.00000,0.00000
82660000000,5.01505,-2.86667,0.02072,0.63004,0.00000,0.00000,-0.77656,0.00000,0.00000,0.00000
82680000000,5.01505,-2.86667,0.02072,0.63004,0.00000,0.00000,-0.77656,0.00000,0.00000,0.00000
82700000000,5.01505,-2.86667,0.02072,0.63004,0.00000,0.00000,-0.77656,0.00000,0.00000,0.00000
82720000000,5.01505,-2.86667,0.02072,0.63004,0.00000,0.00000,-0.77656,0.00000,0.00000,0.00000
82740000000,5.01505,-2.86667,0.02072,0.63004,0.00000,0.00000,-0.77656,0.00000,0.00000,0.00000
82760000000,5.01505,-2.86667,0.02072,0.63004,0.00000,0.00000,-0.77656,0.00000,0.00000,0.00000
82780000000,5.01505,-2.86667,0.02072,0.63004,0.00000,0.00000,-0.77656,0.00000,0.00000,0.00000
82800000000,5.01505,-2.86667,0.02072,0.63004,0.00000,0.00000,-0.77656,0.00000,0.00000,0.00000
82820000000,5.01505,-2.86667,0.02072,0.63004,0.00000,0.00000,-0.77656,0.00000,0.00000,0.00000
82840000000,5.01505,-2.86667,0.02072,0.63004,0.00000,0.00000,-0.77656,0.00000,0.00000,0.00000
82860000000,5.01505,-2.86667,0.02072,0.63004,0.00000,0.00000,-0.77656,0.00000,0.00000,0.00000
82880000000,5.01505,-2.86667,0.02072,0.63004,0.00000,0.00000,-0.77656,0.00000,0.00000,0.00000
82900000000,5.01505,-2.86667,0.02072,0.63004,0.00000,0.00000,-0.77656,0.00000,0.00000,0.00000
82920000000,5.01505,-2.86667,0.02072,0.63004,0.00000,0.00000,-0.77656,0.00000,0.00000,0.00000
82940000000,5.01505,-2.86667,0.02072,0.63004,0.00000,0.00000,-0.77656,0.00000,0.00000,0.00000
82960000000,5.01505,-2.86667,0.02072,0.63004,0.00000,0.00000,-0.77656,0.00000,0.00000,0.00000
82980000000,5.01505,-2.86667,0.02072,0.63004,0.00000,0.00000,-0.77656,0.00000,0.00000,0.00000
83000000000,5.01505,-2.86667,0.02072,0.63004,0.00000,0.00000,-0.77656,0.00000,0.00000,0.00000
83020000000,5.01505,-2.86667,0.02072,0.63004,0.00000,0.00000,-0.77656,0.00000,0.00000,0.00000
83040000000,5.01505,-2.86667,0.02072,0.63004,0.00000,0.00000,-0.77656,0.00000,0.00000,0.00000
83060000000,5.01505,-2.86667,0.02072,0.63004,0.00000,0.00000,-0.77656,0.00000,0.00000,0.00000
83080000000,5.01505,-2.86667,0.02072,0.63004,0.00000,0.00000,-0.77656,0.00000,0.00000,0.00000
83100000000,5.01505,-2.86667,0.02072,0.63004,0.00000,0.00000,-0.77656,0.00000,0.00000,0.00000
83120000000,5.01505,-2.86667,0.02072,0.63004,0.00000,0.00000,-0.77656,0.00000,0.00000,0.00000
83140000000,5.01505,-2.86667,0.02072,0.63004,0.00000,0.00000,-0.77656,0.00000,0.00000,0.00000
83160000000,5.01505,-2.86667,0.02072,0.63004,0.00000,0.00000,-0.77656,0.00000,0.00000,0.00000
83180000000,5.01505,-2.86667,0.02072,0.63004,0.00000,0.00000,-0.77656,0.00000,0.00000,0.00000
83200000000,5.01505,-2.86667,0.02072,0.63004,0.00000,0.00000,-0.77656,0.00000,0.00000,0.00000
83220000000,5.01505,-2.86667,0.02072,0.63004,0.00000,0.00000,-0.77656,0.00000,0.00000,0.00000
83240000000,5.01505,-2.86667,0.02072,0.63004,0.00000,0.00000,-0.77656,0.00000,0.00000,0.00000
83260000000,5.01505,-2.86667,0.02072,0.63004,0.00000,0.00000,-0.77656,0.00000,0.00000,0.00000
