27985000000,0.00001,0.00051,0.00059,1.00000,-0.00296,0.00005,-0.00007,0.00216,0.00899,0.00157
28018000000,-0.00003,0.00044,0.00009,1.00000,-0.00264,-0.00028,-0.00005,0.00229,0.00751,0.00028
28051000000,-0.00000,0.00042,0.00010,1.00000,-0.00245,-0.00029,-0.00007,0.00267,0.00675,0.00054
28084000000,-0.00001,0.00041,0.00020,1.00000,-0.00236,-0.00041,-0.00005,0.00290,0.00605,0.00172
28117000000,-0.00000,0.00036,0.00020,1.00000,-0.00214,-0.00049,-0.00003,0.00212,0.00594,0.00194
28150000000,-0.00002,0.00030,0.00016,1.00000,-0.00190,-0.00057,-0.00003,0.00247,0.00440,0.00179
28183000000,-0.00005,0.00027,0.00020,1.00000,-0.00181,-0.00066,-0.00003,0.00224,0.00245,0.00261
28216000000,-0.00005,0.00024,0.00024,1.00000,-0.00178,-0.00069,-0.00003,0.00255,0.00144,0.00237
28249000000,-0.00007,0.00022,0.00027,1.00000,-0.00176,-0.00073,-0.00002,0.00195,0.00201,0.00388
28282000000,-0.00005,0.00022,0.00026,1.00000,-0.00176,-0.00082,-0.00004,0.00225,0.00231,0.00359
28315000000,-0.00004,0.00018,0.00024,1.00000,-0.00162,-0.00081,0.00001,0.00182,0.00319,0.00361
28348000000,-0.00006,0.00017,0.00021,1.00000,-0.00158,-0.00083,-0.00003,0.00134,0.00212,0.00178
28381000000,-0.00005,0.00016,0.00019,1.00000,-0.00157,-0.00089,-0.00003,0.00156,0.00351,0.00192
28414000000,-0.00005,0.00018,0.00028,1.00000,-0.00150,-0.00083,-0.00001,0.00183,0.00305,0.00223
28447000000,-0.00007,0.00016,0.00034,1.00000,-0.00128,-0.00058,-0.00000,0.00363,0.00186,0.00176
28480000000,-0.00012,0.00011,0.00035,1.00000,-0.00139,-0.00081,0.00002,0.00151,0.00249,0.00082
28513000000,-0.00012,0.00009,0.00034,1.00000,-0.00134,-0.00083,0.00001,0.00140,0.00166,0.00141
28546000000,-0.00013,0.00009,0.00028,1.00000,-0.00129,-0.00086,-0.00002,0.00085,0.00157,0.00099
28579000000,-0.00010,0.00008,0.00028,1.00000,-0.00131,-0.00086,-0.00001,0.00235,0.00184,0.00135
28612000000,-0.00010,0.00008,0.00027,1.00000,-0.00131,-0.00088,-0.00001,0.00203,0.00188,0.00096
28645000000,-0.00011,0.00007,0.00025,1.00000,-0.00128,-0.00088,0.00003,0.00204,0.00164,-0.00065
28678000000,-0.00011,0.00006,0.00023,1.00000,-0.00125,-0.00092,0.00001,0.00119,0.00203,0.00007
28711000000,-0.00012,0.00005,0.00023,1.00000,-0.00127,-0.00090,-0.00000,-0.00039,0.00180,-0.00134
28744000000,-0.00015,0.00004,0.00022,1.00000,-0.00125,-0.00090,0.00002,-0.00035,0.00128,0.00011
28777000000,-0.00012,0.00003,0.00022,1.00000,-0.00124,-0.00091,0.00001,0.00048,0.00160,-0.00009
28810000000,-0.00011,0.00003,0.00023,1.00000,-0.00119,-0.00090,0.00000,0.00107,0.00163,-0.00040
28843000000,-0.00012,0.00004,0.00029,1.00000,-0.00118,-0.00092,0.00001,0.00007,0.00275,0.00106
28876000000,-0.00013,0.00005,0.00030,1.00000,-0.00122,-0.00091,-0.00001,0.00019,0.00424,0.00125
28909000000,-0.00013,0.00006,0.00022,1.00000,-0.00117,-0.00092,-0.00001,-0.00025,0.00361,0.00094
28942000000,-0.00013,0.00005,0.00029,1.00000,-0.00117,-0.00091,0.00001,-0.00038,0.00418,0.00116
28975000000,-0.00009,0.00003,0.00030,1.00000,-0.00116,-0.00089,0.00003,-0.00055,0.00429,0.00088
29008000000,-0.00008,0.00002,0.00030,1.00000,-0.00116,-0.00092,-0.00000,-0.00029,0.00368,0.00203
29041000000,-0.00012,0.00003,0.00035,1.00000,-0.00113,-0.00091,0.00002,-0.00083,0.00276,0.00271
29074000000,-0.00011,0.00001,0.00034,1.00000,-0.00116,-0.00092,0.00002,-0.00078,0.00307,0.00207
29107000000,-0.00012,-0.00000,0.00033,1.00000,-0.00116,-0.00092,0.00003,-0.00138,0.00242,0.00157
29140000000,-0.00012,-0.00001,0.00030,1.00000,-0.00118,-0.00093,0.00003,-0.00055,0.00177,0.00008
29173000000,-0.00013,-0.00001,0.00022,1.00000,-0.00118,-0.00091,0.00003,-0.00136,0.00155,0.00048
29206000000,-0.00014,-0.00001,0.00016,1.00000,-0.00116,-0.00091,0.00003,0.00046,0.00088,0.00067
29239000000,-0.00010,-0.00002,0.00015,1.00000,-0.00115,-0.00094,0.00003,0.00105,0.00024,0.00029
29272000000,-0.00010,-0.00004,0.00023,1.00000,-0.00113,-0.00092,-0.00001,0.00097,0.00023,-0.00004
29305000000,-0.00010,-0.00005,0.00021,1.00000,-0.00114,-0.00094,0.00004,0.00033,-0.00044,-0.00051
29338000000,-0.00012,-0.00005,0.00013,1.00000,-0.00112,-0.00092,0.00004,-0.00102,-0.00027,-0.00091
29371000000,-0.00013,-0.00006,0.00015,1.00000,-0.00112,-0.00091,0.00001,-0.00127,-0.00157,0.00011
29404000000,-0.00013,-0.00007,0.00015,1.00000,-0.00110,-0.00094,0.00003,-0.00215,-0.00127,-0.00111
29437000000,-0.00013,-0.00008,0.00018,1.00000,-0.00108,-0.00093,0.00002,-0.00184,-0.00161,-0.00138
29470000000,-0.00014,-0.00008,0.00024,1.00000,-0.00113,-0.00092,0.00003,-0.00353,-0.00145,-0.00068
29503000000,-0.00017,-0.00008,0.00018,1.00000,-0.00114,-0.00090,0.00003,-0.00362,-0.00094,-0.00080
29536000000,-0.00016,-0.00007,0.00014,1.00000,-0.00110,-0.00091,0.00002,-0.00335,-0.00120,0.00041
29569000000,-0.00016,-0.00007,0.00014,1.00000,-0.00111,-0.00091,0.00000,-0.00370,-0.00041,0.00009
29602000000,-0.00016,-0.00007,0.00014,1.00000,-0.00114,-0.00093,0.00001,-0.00368,0.00009,0.00009
29635000000,-0.00017,-0.00005,0.00014,1.00000,-0.00110,-0.00091,0.00000,-0.00354,0.00132,0.00009
29668000000,-0.00008,-0.00006,0.00013,1.00000,-0.00109,-0.00089,0.00002,0.01098,0.00139,-0.00113
29701000000,0.00043,-0.00009,0.00022,1.00000,-0.00106,-0.00091,0.00005,0.03429,0.00223,-0.00226
29734000000,0.00130,-0.00003,0.00039,1.00000,-0.00105,-0.00086,0.00001,0.04812,0.00208,-0.00098
29767000000,0.00250,-0.00012,0.00040,1.00000,-0.00106,-0.00091,0.00004,0.04698,0.00221,-0.00055
29800000000,0.00284,-0.00012,0.00042,1.00000,-0.00103,-0.00090,0.00007,0.01537,0.00332,-0.00146
29833000000,0.00270,-0.00003,0.00045,1.00000,-0.00101,-0.00090,0.00009,-0.00165,0.00447,-0.00276
29866000000,0.00243,0.00002,0.00049,1.00000,-0.00104,-0.00092,0.00007,-0.01685,0.00313,-0.00227
29899000000,0.00249,0.00003,0.00053,1.00000,-0.00101,-0.00089,0.00008,-0.01670,0.00366,-0.00276
29932000000,0.00249,0.00003,0.00052,1.00000,-0.00099,-0.00086,0.00010,-0.01632,0.00340,-0.00310
29965000000,0.00251,0.00003,0.00053,1.00000,-0.00097,-0.00084,0.00008,-0.01554,0.00444,-0.00268
29998000000,0.00250,0.00003,0.00055,1.00000,-0.00096,-0.00082,0.00008,-0.01598,0.00298,-0.00108
30031000000,0.00250,-0.00000,0.00057,1.00000,-0.00098,-0.00080,0.00010,-0.01545,0.00219,-0.00066
30064000000,0.00251,-0.00001,0.00055,1.00000,-0.00101,-0.00082,0.00008,-0.01465,0.00198,-0.00084
30097000000,0.00253,-0.00000,0.00056,1.00000,-0.00098,-0.00082,0.00005,-0.01334,0.00228,0.00040
30130000000,0.00254,-0.00000,0.00059,1.00000,-0.00098,-0.00080,0.00008,-0.01305,0.00240,0.00240
30163000000,0.00255,-0.00001,0.00059,1.00000,-0.00097,-0.00081,0.00006,-0.01187,0.00239,0.00171
30196000000,0.00256,-0.00000,0.00060,1.00000,-0.00096,-0.00079,0.00008,-0.01174,0.00231,0.00220
30229000000,0.00256,-0.00002,0.00061,1.00000,-0.00093,-0.00077,0.00008,-0.01169,0.00153,0.00279
30262000000,0.00255,-0.00002,0.00061,1.00000,-0.00097,-0.00077,0.00010,-0.01229,0.00220,0.00302
30295000000,0.00255,-0.00001,0.00061,1.00000,-0.00095,-0.00079,0.00011,-0.01188,0.00279,0.00303
30328000000,0.00256,0.00000,0.00061,1.00000,-0.00097,-0.00075,0.00008,-0.01096,0.00383,0.00376
30361000000,0.00256,0.00001,0.00062,1.00000,-0.00098,-0.00075,0.00008,-0.01135,0.00434,0.00381
30394000000,0.00256,0.00001,0.00061,1.00000,-0.00096,-0.00080,0.00009,-0.01067,0.00329,0.00311
30427000000,0.00257,-0.00001,0.00060,1.00000,-0.00097,-0.00074,0.00012,-0.00977,0.00271,0.00306
30460000000,0.00258,0.00000,0.00060,1.00000,-0.00097,-0.00076,0.00008,-0.00888,0.00432,0.00384
30493000000,0.00258,0.00002,0.00060,1.00000,-0.00097,-0.00074,0.00009,-0.00900,0.00490,0.00340
30526000000,0.00259,0.00002,0.00059,1.00000,-0.00097,-0.00076,0.00008,-0.00869,0.00482,0.00391
30559000000,0.00260,0.00003,0.00061,1.00000,-0.00096,-0.00075,0.00008,-0.00785,0.00492,0.00429
30592000000,0.00261,0.00003,0.00062,1.00000,-0.00094,-0.00071,0.00007,-0.00822,0.00550,0.00450
30625000000,0.00261,0.00004,0.00061,1.00000,-0.00097,-0.00073,0.00008,-0.00789,0.00533,0.00379
30658000000,0.00261,0.00002,0.00060,1.00000,-0.00098,-0.00071,0.00009,-0.00928,0.00476,0.00380
30691000000,0.00259,0.00002,0.00060,1.00000,-0.00098,-0.00073,0.00006,-0.00933,0.00471,0.00421
30724000000,0.00268,-0.00004,0.00061,1.00000,-0.00098,-0.00071,0.00010,-0.00873,0.00443,0.00494
30757000000,0.00309,-0.00015,0.00061,1.00000,-0.00099,-0.00069,0.00010,0.01027,0.00357,0.00568
30790000000,0.00359,-0.00009,0.00061,1.00000,-0.00101,-0.00072,0.00009,0.04144,0.00395,0.00543
30823000000,0.00442,-0.00008,0.00060,1.00000,-0.00099,-0.00074,0.00011,0.06725,0.00319,0.00493
30856000000,0.00646,-0.00014,0.00068,1.00000,-0.00101,-0.00082,0.00013,0.08497,0.00394,0.00569
30889000000,0.01003,-0.00012,0.00065,1.00000,-0.00103,-0.00075,0.00014,0.11958,0.00395,0.00509
30922000000,0.01402,-0.00019,0.00069,1.00000,-0.00102,-0.00074,0.00017,0.14877,0.00459,0.00415
30955000000,0.01940,-0.00046,0.00088,1.00000,-0.00103,-0.00077,0.00016,0.17132,0.00318,0.00427
30988000000,0.02580,-0.00069,0.00076,1.00000,-0.00103,-0.00074,0.00016,0.19423,0.00171,0.00386
31021000000,0.03236,-0.00057,0.00060,1.00000,-0.00106,-0.00076,0.00017,0.22237,0.00107,0.00333
31054000000,0.03983,-0.00042,0.00059,1.00000,-0.00106,-0.00080,0.00016,0.25111,0.00120,0.00369
31087000000,0.04831,-0.00037,0.00066,1.00000,-0.00109,-0.00074,0.00018,0.27640,0.00006,0.00385
31120000000,0.05811,-0.00027,0.00062,1.00000,-0.00110,-0.00078,0.00017,0.27580,-0.00177,0.00497
31153000000,0.06854,-0.00008,0.00060,1.00000,-0.00115,-0.00076,0.00017,0.30512,-0.00186,0.00510
31186000000,0.07911,0.00008,0.00087,1.00000,-0.00109,-0.00079,0.00015,0.32896,-0.00175,0.00677
31219000000,0.09055,0.00014,0.00101,1.00000,-0.00106,-0.00080,0.00016,0.34418,0.00029,0.00648
31252000000,0.10257,0.00012,0.00104,1.00000,-0.00109,-0.00082,0.00017,0.37435,0.00066,0.00667
31285000000,0.11556,0.00029,0.00126,1.00000,-0.00108,-0.00082,0.00011,0.39539,0.00060,0.00571
31318000000,0.12968,0.00050,0.00137,1.00000,-0.00110,-0.00079,0.00009,0.42110,0.00110,0.00441
31351000000,0.14428,0.00028,0.00129,1.00000,-0.00109,-0.00079,0.00014,0.44910,0.00106,0.00507
31384000000,0.16000,0.00027,0.00138,1.00000,-0.00112,-0.00078,0.00009,0.47760,0.00157,0.00529
31417000000,0.17664,0.00060,0.00158,1.00000,-0.00112,-0.00075,0.00004,0.49322,0.00168,0.00641
31450000000,0.19401,0.00043,0.00166,1.00000,-0.00111,-0.00076,0.00005,0.52366,0.00062,0.00701
31483000000,0.21256,0.00007,0.00165,1.00000,-0.00109,-0.00077,0.00007,0.55041,-0.00004,0.00668
31516000000,0.23119,-0.00000,0.00183,1.00000,-0.00110,-0.00074,0.00011,0.56566,-0.00164,0.00686
31549000000,0.25135,-0.00023,0.00189,1.00000,-0.00104,-0.00077,0.00010,0.59858,-0.00130,0.00763
31582000000,0.27161,-0.00073,0.00163,1.00000,-0.00106,-0.00076,0.00009,0.62426,-0.00215,0.00928
31615000000,0.29277,-0.00078,0.00188,1.00000,-0.00131,-0.00082,0.00012,0.64693,-0.00110,0.00987
31648000000,0.31462,-0.00083,0.00191,1.00000,-0.00179,-0.00091,0.00008,0.66896,-0.00100,0.00980
31681000000,0.33706,-0.00090,0.00194,1.00000,-0.00240,-0.00107,0.00008,0.69778,0.00109,0.00992
31714000000,0.36041,-0.00095,0.00224,0.99999,-0.00358,-0.00131,0.00012,0.71769,0.00097,0.01019
31747000000,0.38484,-0.00097,0.00257,0.99999,-0.00468,-0.00148,0.00010,0.74336,0.00095,0.00971
31780000000,0.41185,-0.00160,0.00239,0.99996,-0.00830,-0.00199,0.00012,0.77981,-0.00122,0.00733
31813000000,0.43773,-0.00035,0.00325,0.99993,-0.01125,-0.00239,0.00004,0.80313,0.00234,0.01045
31846000000,0.46421,-0.00049,0.00387,0.99990,-0.01409,-0.00281,0.00005,0.81891,0.00226,0.01090
31879000000,0.49207,-0.00045,0.00448,0.99984,-0.01732,-0.00323,0.00004,0.85450,0.00087,0.01116
31912000000,0.52048,-0.00049,0.00504,0.99980,-0.01967,-0.00356,0.00004,0.87968,0.00078,0.01117
31945000000,0.55042,-0.00053,0.00529,0.99973,-0.02298,-0.00385,0.00005,0.89596,0.00031,0.01088
31978000000,0.58045,-0.00058,0.00599,0.99964,-0.02633,-0.00422,0.00006,0.92506,0.00085,0.01218
32011000000,0.61160,-0.00063,0.00684,0.99954,-0.03000,-0.00469,-0.00000,0.95501,0.00070,0.01330
32044000000,0.64343,-0.00059,0.00784,0.99940,-0.03412,-0.00522,-0.00002,0.97394,0.00179,0.01473
32077000000,0.67611,-0.00059,0.00882,0.99929,-0.03724,-0.00558,-0.00009,0.99964,0.00183,0.01504
32110000000,0.71059,-0.00070,0.00944,0.99918,-0.04010,-0.00577,-0.00004,1.03034,0.00257,0.01518
32143000000,0.74475,-0.00067,0.01021,0.99903,-0.04359,-0.00593,-0.00007,1.04431,0.00211,0.01605
32176000000,0.77925,-0.00048,0.01075,0.99885,-0.04748,-0.00592,-0.00009,1.06047,0.00197,0.01834
32209000000,0.81480,-0.00041,0.01132,0.99874,-0.04990,-0.00582,-0.00006,1.09529,0.00234,0.01956
32242000000,0.85231,-0.00076,0.01158,0.99863,-0.05199,-0.00561,-0.00002,1.12211,0.00225,0.02004
32275000000,0.88956,-0.00042,0.01147,0.99853,-0.05401,-0.00512,-0.00002,1.13585,0.00398,0.01965
32308000000,0.92763,-0.00010,0.01083,0.99844,-0.05566,-0.00444,-0.00000,1.16564,0.00355,0.01761
32341000000,0.96627,-0.00005,0.01060,0.99839,-0.05663,-0.00409,0.00001,1.18934,0.00382,0.01719
32374000000,1.00656,-0.00054,0.01071,0.99837,-0.05684,-0.00414,0.00004,1.20542,0.00234,0.01631
32407000000,1.04717,-0.00056,0.01142,0.99837,-0.05689,-0.00419,0.00001,1.23522,0.00193,0.01636
32440000000,1.08857,-0.00078,0.01207,0.99837,-0.05685,-0.00430,0.00004,1.25865,0.00207,0.01659
32473000000,1.13060,-0.00074,0.01284,0.99837,-0.05682,-0.00436,0.00005,1.28052,0.00173,0.01785
32506000000,1.17407,-0.00120,0.01521,0.99843,-0.05574,-0.00532,-0.00011,1.31149,0.00123,0.02068
32539000000,1.21761,-0.00108,0.01703,0.99848,-0.05482,-0.00589,-0.00012,1.33151,0.00201,0.02194
32572000000,1.26179,-0.00090,0.01861,0.99852,-0.05401,-0.00631,-0.00014,1.35641,0.00289,0.02369
32605000000,1.30783,-0.00119,0.01927,0.99858,-0.05282,-0.00647,-0.00020,1.38664,0.00235,0.02442
32638000000,1.35400,-0.00101,0.02074,0.99864,-0.05170,-0.00675,-0.00016,1.40702,0.00206,0.02491
32671000000,1.40095,-0.00109,0.02192,0.99867,-0.05110,-0.00695,-0.00013,1.43585,0.00173,0.02450
32704000000,1.44946,-0.00138,0.02186,0.99868,-0.05092,-0.00697,-0.00011,1.46473,0.00134,0.02338
32737000000,1.49831,-0.00135,0.02292,0.99868,-0.05089,-0.00692,-0.00012,1.47912,0.00138,0.02451
32770000000,1.54719,-0.00127,0.02384,0.99869,-0.05078,-0.00691,-0.00006,1.47876,0.00164,0.02522
32803000000,1.59725,-0.00118,0.02441,0.99870,-0.05053,-0.00693,-0.00009,1.47948,0.00143,0.02436
32836000000,1.64584,-0.00104,0.02524,0.99870,-0.05047,-0.00699,-0.00011,1.47966,0.00099,0.02375
32869000000,1.69451,-0.00081,0.02611,0.99870,-0.05039,-0.00704,-0.00012,1.47855,0.00147,0.02525
32902000000,1.74379,-0.00020,0.02678,0.99872,-0.05010,-0.00706,-0.00018,1.47862,0.00145,0.02539
32935000000,1.79282,-0.00002,0.02770,0.99872,-0.05011,-0.00711,-0.00016,1.47799,0.00113,0.02560
32968000000,1.84184,0.00017,0.02852,0.99872,-0.05009,-0.00713,-0.00015,1.47786,0.00141,0.02491
33001000000,1.89142,0.00051,0.02921,0.99873,-0.04992,-0.00719,-0.00016,1.47935,0.00203,0.02492
33034000000,1.94041,0.00047,0.02996,0.99873,-0.04983,-0.00721,-0.00018,1.47940,0.00174,0.02660
33067000000,1.98914,0.00059,0.03078,0.99873,-0.04984,-0.00725,-0.00018,1.47819,0.00198,0.02630
33100000000,2.03874,0.00063,0.03134,0.99874,-0.04970,-0.00728,-0.00026,1.47866,0.00343,0.02559
33133000000,2.08744,0.00089,0.03213,0.99874,-0.04962,-0.00729,-0.00027,1.47861,0.00339,0.02589
33166000000,2.13629,0.00108,0.03290,0.99874,-0.04962,-0.00732,-0.00026,1.47795,0.00425,0.02618
33199000000,2.18550,0.00118,0.03319,0.99875,-0.04947,-0.00724,-0.00029,1.47799,0.00427,0.02616
33232000000,2.23449,0.00108,0.03412,0.99875,-0.04947,-0.00720,-0.00031,1.47812,0.00309,0.02721
33265000000,2.28312,0.00111,0.03499,0.99875,-0.04956,-0.00716,-0.00025,1.47654,0.00366,0.02736
33298000000,2.33209,0.00122,0.03573,0.99875,-0.04954,-0.00714,-0.00033,1.47545,0.00424,0.02800
33331000000,2.38092,0.00128,0.03662,0.99875,-0.04954,-0.00718,-0.00032,1.47464,0.00466,0.02870
33364000000,2.42944,0.00130,0.03740,0.99875,-0.04954,-0.00714,-0.00030,1.47296,0.00464,0.02994
33397000000,2.47784,0.00132,0.03792,0.99875,-0.04947,-0.00705,-0.00030,1.47095,0.00520,0.02949
33430000000,2.52683,0.00143,0.03893,0.99875,-0.04951,-0.00705,-0.00028,1.47205,0.00456,0.02933
33463000000,2.57539,0.00132,0.03982,0.99875,-0.04949,-0.00700,-0.00029,1.47281,0.00218,0.02933
33496000000,2.62415,0.00098,0.04037,0.99875,-0.04941,-0.00690,-0.00030,1.47330,0.00197,0.03002
33529000000,2.67280,0.00116,0.04147,0.99875,-0.04943,-0.00688,-0.00032,1.47357,0.00210,0.03056
33562000000,2.72127,0.00139,0.04247,0.99875,-0.04941,-0.00690,-0.00033,1.47348,0.00331,0.03098
33595000000,2.76988,0.00139,0.04296,0.99876,-0.04936,-0.00681,-0.00036,1.47272,0.00203,0.03032
33628000000,2.81865,0.00139,0.04401,0.99876,-0.04935,-0.00683,-0.00036,1.47285,0.00100,0.02979
33661000000,2.86709,0.00143,0.04492,0.99876,-0.04931,-0.00682,-0.00039,1.47120,0.00191,0.03014
33694000000,2.91540,0.00144,0.04557,0.99876,-0.04933,-0.00680,-0.00039,1.47123,0.00188,0.02903
33727000000,2.96400,0.00139,0.04637,0.99876,-0.04934,-0.00683,-0.00038,1.47169,0.00231,0.02846
33760000000,3.01233,0.00139,0.04711,0.99876,-0.04936,-0.00682,-0.00037,1.47110,0.00300,0.02750
33793000000,3.06086,0.00166,0.04778,0.99876,-0.04932,-0.00687,-0.00032,1.47207,0.00372,0.02805
33826000000,3.10914,0.00180,0.04876,0.99876,-0.04933,-0.00685,-0.00029,1.47097,0.00324,0.02900
33859000000,3.15804,0.00181,0.04976,0.99876,-0.04936,-0.00684,-0.00032,1.47104,0.00394,0.03023
33892000000,3.20675,0.00183,0.05073,0.99876,-0.04937,-0.00687,-0.00034,1.47044,0.00303,0.03010
33925000000,3.25615,0.00215,0.05120,0.99875,-0.04941,-0.00691,-0.00036,1.47251,0.00414,0.02857
33958000000,3.30441,0.00227,0.05213,0.99875,-0.04942,-0.00691,-0.00033,1.47105,0.00475,0.02830
33991000000,3.35287,0.00241,0.05308,0.99876,-0.04940,-0.00688,-0.00036,1.46975,0.00448,0.02868
34024000000,3.40196,0.00233,0.05357,0.99876,-0.04936,-0.00692,-0.00036,1.46999,0.00307,0.02928
34057000000,3.45009,0.00249,0.05447,0.99876,-0.04933,-0.00689,-0.00037,1.46994,0.00264,0.02888
34090000000,3.49842,0.00266,0.05536,0.99876,-0.04934,-0.00685,-0.00037,1.46929,0.00254,0.02994
34123000000,3.54667,0.00282,0.05561,0.99876,-0.04931,-0.00687,-0.00042,1.46774,0.00167,0.02943
34156000000,3.59508,0.00289,0.05653,0.99876,-0.04929,-0.00686,-0.00044,1.46717,0.00166,0.02938
34189000000,3.64362,0.00311,0.05752,0.99876,-0.04928,-0.00688,-0.00045,1.46627,0.00172,0.03100
34222000000,3.69169,0.00304,0.05785,0.99876,-0.04923,-0.00691,-0.00048,1.46480,0.00161,0.03051
34255000000,3.73986,0.00272,0.05880,0.99876,-0.04923,-0.00691,-0.00046,1.46468,-0.00033,0.03075
34288000000,3.78834,0.00268,0.05979,0.99876,-0.04922,-0.00689,-0.00044,1.46564,0.00003,0.03088
34321000000,3.83605,0.00282,0.05989,0.99876,-0.04928,-0.00682,-0.00046,1.46355,0.00176,0.02977
34354000000,3.88430,0.00277,0.06078,0.99876,-0.04932,-0.00684,-0.00045,1.46315,0.00078,0.03037
34387000000,3.93301,0.00292,0.06171,0.99876,-0.04932,-0.00687,-0.00050,1.46343,0.00035,0.03056
34420000000,3.98169,0.00300,0.06189,0.99876,-0.04932,-0.00689,-0.00053,1.46289,0.00026,0.03031
34453000000,4.02975,0.00318,0.06296,0.99876,-0.04930,-0.00684,-0.00053,1.46226,0.00034,0.03045
34486000000,4.07791,0.00324,0.06400,0.99876,-0.04931,-0.00686,-0.00052,1.46134,0.00034,0.03106
34519000000,4.12672,0.00308,0.06424,0.99876,-0.04928,-0.00691,-0.00055,1.46292,0.00027,0.03052
34552000000,4.17471,0.00322,0.06521,0.99876,-0.04933,-0.00688,-0.00054,1.46206,0.00145,0.03136
34585000000,4.22291,0.00307,0.06631,0.99876,-0.04936,-0.00681,-0.00053,1.46275,0.00152,0.03041
34618000000,4.27103,0.00291,0.06662,0.99876,-0.04931,-0.00680,-0.00058,1.46222,0.00121,0.02990
34651000000,4.31916,0.00281,0.06761,0.99876,-0.04933,-0.00680,-0.00058,1.46111,0.00050,0.03019
34684000000,4.36733,0.00311,0.06860,0.99876,-0.04930,-0.00679,-0.00059,1.46036,0.00179,0.03132
34717000000,4.41511,0.00304,0.06884,0.99876,-0.04928,-0.00682,-0.00060,1.45941,0.00230,0.03057
34750000000,4.46371,0.00296,0.06994,0.99876,-0.04932,-0.00686,-0.00061,1.46126,0.00178,0.03013
34783000000,4.51208,0.00304,0.07101,0.99876,-0.04930,-0.00683,-0.00062,1.46128,0.00311,0.03043
34816000000,4.56059,0.00286,0.07160,0.99876,-0.04929,-0.00685,-0.00060,1.46199,0.00204,0.03042
34849000000,4.60887,0.00289,0.07265,0.99876,-0.04935,-0.00686,-0.00063,1.46173,0.00145,0.03093
34882000000,4.65675,0.00289,0.07377,0.99876,-0.04935,-0.00680,-0.00061,1.46176,0.00229,0.03196
34915000000,4.70478,0.00264,0.07425,0.99876,-0.04941,-0.00680,-0.00060,1.46150,0.00192,0.03233
34948000000,4.75331,0.00261,0.07540,0.99875,-0.04945,-0.00686,-0.00060,1.46157,0.00228,0.03375
34981000000,4.80151,0.00254,0.07654,0.99875,-0.04944,-0.00684,-0.00061,1.46128,0.00116,0.03603
35014000000,4.85078,0.00240,0.07731,0.99875,-0.04950,-0.00692,-0.00058,1.46123,0.00073,0.03531
35047000000,4.89917,0.00240,0.07849,0.99875,-0.04948,-0.00693,-0.00057,1.46111,-0.00058,0.03740
35080000000,4.94724,0.00225,0.07958,0.99875,-0.04947,-0.00694,-0.00058,1.46129,-0.00099,0.03778
35113000000,4.99499,0.00213,0.08005,0.99875,-0.04949,-0.00690,-0.00059,1.46117,-0.00225,0.03738
35146000000,5.04336,0.00195,0.08135,0.99875,-0.04947,-0.00693,-0.00062,1.46107,-0.00232,0.03754
35179000000,5.09160,0.00189,0.08253,0.99875,-0.04946,-0.00689,-0.00057,1.46144,-0.00225,0.03920
35212000000,5.14026,0.00184,0.08278,0.99875,-0.04945,-0.00688,-0.00060,1.46273,-0.00274,0.03784
35245000000,5.18855,0.00178,0.08408,0.99875,-0.04946,-0.00685,-0.00060,1.46265,-0.00234,0.03909
35278000000,5.23688,0.00165,0.08548,0.99875,-0.04943,-0.00683,-0.00065,1.46114,-0.00242,0.04131
35311000000,5.28578,0.00133,0.08601,0.99875,-0.04942,-0.00688,-0.00062,1.46157,-0.00322,0.04104
35344000000,5.33394,0.00123,0.08763,0.99876,-0.04939,-0.00689,-0.00058,1.46068,-0.00346,0.04191
35377000000,5.38229,0.00100,0.08899,0.99876,-0.04939,-0.00695,-0.00058,1.45951,-0.00441,0.04252
35410000000,5.43047,0.00086,0.09026,0.99876,-0.04935,-0.00699,-0.00052,1.46028,-0.00484,0.04362
35443000000,5.47940,0.00040,0.09053,0.99876,-0.04936,-0.00703,-0.00053,1.46146,-0.00618,0.04205
35476000000,5.52766,0.00043,0.09187,0.99876,-0.04935,-0.00706,-0.00048,1.46250,-0.00512,0.04194
35509000000,5.57529,0.00059,0.09318,0.99876,-0.04930,-0.00702,-0.00050,1.46133,-0.00479,0.04346
35542000000,5.62487,0.00047,0.09302,0.99876,-0.04924,-0.00706,-0.00055,1.46338,-0.00405,0.04149
35575000000,5.67323,0.00014,0.09459,0.99876,-0.04926,-0.00704,-0.00052,1.46369,-0.00455,0.04341
35608000000,5.72120,-0.00040,0.09600,0.99876,-0.04926,-0.00697,-0.00053,1.46282,-0.00606,0.04248
35641000000,5.76984,-0.00070,0.09597,0.99876,-0.04926,-0.00697,-0.00059,1.46203,-0.00698,0.04113
35674000000,5.81779,-0.00132,0.09750,0.99876,-0.04926,-0.00697,-0.00058,1.46192,-0.00883,0.04102
35707000000,5.86605,-0.00137,0.09865,0.99876,-0.04924,-0.00695,-0.00052,1.46183,-0.00889,0.04157
35740000000,5.91453,-0.00142,0.09858,0.99876,-0.04925,-0.00694,-0.00053,1.46202,-0.00791,0.04041
35773000000,5.96257,-0.00129,0.09994,0.99876,-0.04921,-0.00689,-0.00057,1.46117,-0.00777,0.04038
35806000000,6.01086,-0.00113,0.10149,0.99877,-0.04918,-0.00690,-0.00058,1.46223,-0.00652,0.04176
35839000000,6.05927,-0.00053,0.10117,0.99877,-0.04919,-0.00692,-0.00060,1.46322,-0.00553,0.04046
35872000000,6.10750,-0.00054,0.10253,0.99877,-0.04920,-0.00687,-0.00061,1.46379,-0.00543,0.04075
35905000000,6.15605,-0.00101,0.10389,0.99877,-0.04918,-0.00688,-0.00062,1.46546,-0.00775,0.04136
35938000000,6.20477,-0.00062,0.10368,0.99877,-0.04914,-0.00682,-0.00058,1.46498,-0.00764,0.04015
35971000000,6.25324,-0.00107,0.10519,0.99877,-0.04914,-0.00682,-0.00054,1.46477,-0.00784,0.04080
36004000000,6.30159,-0.00122,0.10644,0.99877,-0.04916,-0.00677,-0.00053,1.46455,-0.00855,0.04173
36037000000,6.35073,-0.00046,0.10626,0.99877,-0.04913,-0.00684,-0.00049,1.46523,-0.00754,0.04064
36070000000,6.39849,-0.00096,0.10768,0.99877,-0.04914,-0.00676,-0.00047,1.46401,-0.00776,0.04282
36103000000,6.44671,-0.00119,0.10893,0.99877,-0.04915,-0.00673,-0.00047,1.46483,-0.00854,0.04347
36136000000,6.49497,-0.00072,0.10838,0.99877,-0.04913,-0.00674,-0.00047,1.46460,-0.00706,0.04105
36169000000,6.54346,-0.00105,0.10990,0.99877,-0.04909,-0.00673,-0.00047,1.46467,-0.00743,0.04227
36202000000,6.59215,-0.00153,0.11135,0.99877,-0.04911,-0.00671,-0.00045,1.46569,-0.00857,0.04403
36235000000,6.64147,-0.00146,0.11138,0.99877,-0.04911,-0.00681,-0.00050,1.46595,-0.00921,0.04238
36268000000,6.68999,-0.00242,0.11348,0.99877,-0.04911,-0.00677,-0.00051,1.46544,-0.01087,0.04420
36301000000,6.73837,-0.00293,0.11514,0.99877,-0.04909,-0.00675,-0.00050,1.46568,-0.01265,0.04487
36334000000,6.78702,-0.00249,0.11498,0.99877,-0.04909,-0.00676,-0.00048,1.46677,-0.01232,0.04216
36367000000,6.83564,-0.00291,0.11626,0.99877,-0.04913,-0.00676,-0.00046,1.46795,-0.01277,0.04288
36400000000,6.88384,-0.00344,0.11761,0.99877,-0.04912,-0.00676,-0.00048,1.46782,-0.01420,0.04353
36433000000,6.93270,-0.00301,0.11750,0.99877,-0.04910,-0.00677,-0.00051,1.46696,-0.01301,0.04072
36499000000,7.02904,-0.00363,0.12036,0.99877,-0.04903,-0.00673,-0.00049,1.46603,-0.01498,0.04063
36532000000,7.07770,-0.00390,0.12184,0.99878,-0.04901,-0.00678,-0.00048,1.46750,-0.01517,0.04215
36598000000,7.17543,-0.00354,0.12284,0.99878,-0.04887,-0.00687,-0.00051,1.46956,-0.01392,0.04100
36631000000,7.22402,-0.00379,0.12403,0.99878,-0.04892,-0.00685,-0.00048,1.46981,-0.01358,0.04098
36664000000,7.27306,-0.00377,0.12394,0.99878,-0.04892,-0.00690,-0.00052,1.47041,-0.01239,0.03962
36763000000,7.41875,-0.00568,0.12816,0.99878,-0.04894,-0.00687,-0.00054,1.47233,-0.01398,0.04004
36796000000,7.46753,-0.00680,0.12965,0.99878,-0.04897,-0.00691,-0.00046,1.47325,-0.01501,0.03964
36895000000,7.61287,-0.00805,0.13235,0.99877,-0.04906,-0.00687,-0.00050,1.47397,-0.01692,0.03968
36928000000,7.66093,-0.00895,0.13418,0.99877,-0.04908,-0.00685,-0.00049,1.47413,-0.01673,0.04086
36961000000,7.70888,-0.00843,0.13330,0.99877,-0.04903,-0.00682,-0.00055,1.47359,-0.01614,0.03844
37027000000,7.80641,-0.00961,0.13610,0.99878,-0.04899,-0.00684,-0.00056,1.47240,-0.01678,0.04057
37093000000,7.90393,-0.00993,0.13891,0.99878,-0.04892,-0.00688,-0.00059,1.47320,-0.01809,0.04117
37126000000,7.95246,-0.00782,0.13748,0.99878,-0.04891,-0.00686,-0.00056,1.47278,-0.01494,0.03879
37159000000,8.00108,-0.00812,0.13884,0.99878,-0.04890,-0.00687,-0.00057,1.47224,-0.01496,0.03881
37291000000,8.19508,-0.01129,0.14521,0.99878,-0.04883,-0.00682,-0.00062,1.47255,-0.01779,0.04108
37357000000,8.29355,-0.01245,0.14686,0.99879,-0.04879,-0.00685,-0.00059,1.47479,-0.01934,0.04074
37390000000,8.34331,-0.01286,0.14843,0.99879,-0.04876,-0.00688,-0.00064,1.47545,-0.01953,0.04213
37423000000,8.39185,-0.01346,0.14974,0.99879,-0.04878,-0.00684,-0.00065,1.47444,-0.02010,0.04261
37522000000,8.53786,-0.01524,0.15411,0.99878,-0.04888,-0.00676,-0.00062,1.47530,-0.01906,0.04509
37588000000,8.63545,-0.01640,0.15714,0.99878,-0.04884,-0.00671,-0.00059,1.47396,-0.02194,0.04503
37654000000,8.73149,-0.01648,0.15778,0.99878,-0.04883,-0.00671,-0.00057,1.47300,-0.02309,0.04309
37687000000,8.78082,-0.01759,0.15929,0.99878,-0.04882,-0.00672,-0.00058,1.47330,-0.02291,0.04330
37720000000,8.83051,-0.01395,0.15784,0.99878,-0.04889,-0.00673,-0.00060,1.47541,-0.01775,0.04029
37786000000,8.92762,-0.01547,0.16068,0.99878,-0.04892,-0.00674,-0.00057,1.47742,-0.02097,0.04254
37852000000,9.02497,-0.01885,0.16338,0.99878,-0.04885,-0.00676,-0.00053,1.47782,-0.02449,0.04403
37885000000,9.07254,-0.01690,0.16232,0.99878,-0.04894,-0.00672,-0.00057,1.47647,-0.02190,0.04219
37951000000,9.17055,-0.01802,0.16552,0.99878,-0.04888,-0.00671,-0.00060,1.47845,-0.02468,0.04252
37984000000,9.21875,-0.01483,0.16421,0.99878,-0.04889,-0.00667,-0.00061,1.47802,-0.02099,0.03977
38083000000,9.36452,-0.01759,0.17011,0.99877,-0.04912,-0.00703,-0.00061,1.47766,-0.02207,0.04190
38116000000,9.41312,-0.01405,0.16748,0.99878,-0.04887,-0.00663,-0.00067,1.47749,-0.01820,0.03712
38149000000,9.46249,-0.01546,0.16879,0.99878,-0.04886,-0.00659,-0.00063,1.47849,-0.01941,0.03727
38248000000,9.60815,-0.01864,0.17309,0.99878,-0.04884,-0.00662,-0.00065,1.47763,-0.02116,0.04098
38314000000,9.70580,-0.02049,0.17560,0.99878,-0.04884,-0.00666,-0.00063,1.47853,-0.02170,0.04210
38347000000,9.75462,-0.01716,0.17411,0.99878,-0.04885,-0.00668,-0.00063,1.47808,-0.01843,0.03950
38413000000,9.85233,-0.01869,0.17743,0.99878,-0.04892,-0.00678,-0.00065,1.47732,-0.01811,0.04186
38479000000,9.94911,-0.02086,0.18075,0.99878,-0.04895,-0.00683,-0.00058,1.47796,-0.02007,0.04405
38545000000,10.04714,-0.01570,0.18070,0.99877,-0.04899,-0.00715,-0.00059,1.47954,-0.01355,0.04205
38578000000,10.09586,-0.01720,0.18091,0.99878,-0.04895,-0.00699,-0.00056,1.48069,-0.01485,0.04165
38644000000,10.19211,-0.01473,0.17986,0.99878,-0.04887,-0.00688,-0.00054,1.47868,-0.01116,0.03853
38710000000,10.28943,-0.01569,0.18398,0.99877,-0.04899,-0.00707,-0.00061,1.47617,-0.01138,0.04143
38776000000,10.38686,-0.01720,0.18831,0.99877,-0.04909,-0.00708,-0.00058,1.47571,-0.01190,0.04436
38809000000,10.43515,-0.01307,0.18316,0.99879,-0.04869,-0.00633,-0.00058,1.47448,-0.00794,0.03896
38842000000,10.48430,-0.01378,0.18465,0.99880,-0.04865,-0.00634,-0.00061,1.47605,-0.00788,0.03999
38875000000,10.53298,-0.01364,0.18575,0.99880,-0.04864,-0.00632,-0.00061,1.47495,-0.00685,0.04109
39007000000,10.72482,-0.01265,0.18937,0.99880,-0.04858,-0.00617,-0.00057,1.47232,-0.00371,0.03997
39073000000,10.82516,-0.01840,0.19474,0.99879,-0.04868,-0.00618,-0.00051,1.47670,-0.00718,0.04653
39139000000,10.92272,-0.01907,0.19733,0.99879,-0.04874,-0.00623,-0.00057,1.47712,-0.00801,0.04580
39205000000,11.02006,-0.01839,0.20031,0.99879,-0.04880,-0.00615,-0.00060,1.47660,-0.00694,0.04632
39271000000,11.11757,-0.01657,0.20021,0.99878,-0.04893,-0.00632,-0.00063,1.47607,-0.00551,0.04471
39337000000,11.21611,-0.01623,0.20341,0.99878,-0.04903,-0.00631,-0.00064,1.47903,-0.00387,0.04591
39370000000,11.26511,-0.01646,0.20461,0.99878,-0.04902,-0.00633,-0.00057,1.48013,-0.00402,0.04772
39436000000,11.36307,-0.01164,0.20386,0.99877,-0.04912,-0.00654,-0.00065,1.48092,0.00136,0.04505
39469000000,11.41006,-0.01155,0.20472,0.99877,-0.04909,-0.00650,-0.00067,1.47877,0.00215,0.04577
39502000000,11.45930,-0.01065,0.20564,0.99877,-0.04907,-0.00646,-0.00067,1.47917,0.00258,0.04564
39535000000,11.50578,-0.00949,0.20255,0.99878,-0.04902,-0.00656,-0.00063,1.47717,0.00323,0.04266
39601000000,11.60388,-0.00937,0.20537,0.99878,-0.04900,-0.00659,-0.00059,1.48102,0.00342,0.04278
39634000000,11.65281,-0.01069,0.20593,0.99879,-0.04883,-0.00655,-0.00054,1.48137,0.00190,0.04350
39700000000,11.75051,-0.00884,0.20479,0.99879,-0.04881,-0.00660,-0.00058,1.48011,0.00380,0.03976
39799000000,11.89673,-0.00573,0.20961,0.99877,-0.04904,-0.00665,-0.00067,1.47960,0.00559,0.04040
39832000000,11.94520,-0.00370,0.20782,0.99877,-0.04906,-0.00675,-0.00079,1.47947,0.00615,0.03847
39898000000,12.05009,0.00472,0.20937,0.99878,-0.04883,-0.00710,-0.00090,1.48443,0.01412,0.03629
39931000000,12.09288,-0.00179,0.20944,0.99878,-0.04896,-0.00685,-0.00081,1.47803,0.00694,0.03685
39997000000,12.19122,-0.00287,0.21020,0.99877,-0.04915,-0.00680,-0.00087,1.47784,0.00525,0.03637
40063000000,12.28756,-0.00303,0.21295,0.99876,-0.04924,-0.00685,-0.00083,1.47609,0.00668,0.03814
40096000000,12.33675,-0.00421,0.21230,0.99876,-0.04926,-0.00679,-0.00087,1.47703,0.00392,0.03593
40129000000,12.38501,-0.00423,0.21289,0.99876,-0.04925,-0.00671,-0.00088,1.47642,0.00396,0.03679
40195000000,12.47927,-0.00532,0.21335,0.99875,-0.04944,-0.00662,-0.00092,1.47213,0.00414,0.03513
40228000000,12.52893,-0.00427,0.21473,0.99876,-0.04938,-0.00664,-0.00091,1.47415,0.00588,0.03548
40294000000,12.62434,-0.00487,0.21508,0.99875,-0.04948,-0.00663,-0.00089,1.47202,0.00341,0.03328
40327000000,12.67225,-0.00471,0.21591,0.99875,-0.04947,-0.00656,-0.00091,1.47003,0.00247,0.03320
40393000000,12.76925,-0.00481,0.21793,0.99875,-0.04949,-0.00657,-0.00096,1.47001,0.00184,0.03395
40459000000,12.86605,-0.00546,0.21858,0.99875,-0.04961,-0.00651,-0.00093,1.47088,0.00195,0.03170
40558000000,13.01156,-0.00559,0.22191,0.99875,-0.04962,-0.00639,-0.00100,1.47046,-0.00027,0.03193
40624000000,13.10864,-0.00616,0.22283,0.99875,-0.04961,-0.00634,-0.00105,1.47190,-0.00189,0.03216
40657000000,13.15713,-0.00621,0.22382,0.99875,-0.04961,-0.00634,-0.00105,1.47047,-0.00148,0.03181
40723000000,13.25725,-0.00619,0.22519,0.99875,-0.04952,-0.00655,-0.00100,1.47365,-0.00362,0.03098
40756000000,13.30574,-0.00642,0.22598,0.99875,-0.04950,-0.00661,-0.00099,1.47529,-0.00296,0.03133
40822000000,13.40399,-0.00690,0.22705,0.99875,-0.04954,-0.00673,-0.00104,1.47492,-0.00277,0.03121
40855000000,13.45215,-0.00728,0.22801,0.99875,-0.04958,-0.00670,-0.00104,1.47531,-0.00404,0.03126
40921000000,13.54987,-0.00737,0.22915,0.99875,-0.04945,-0.00676,-0.00113,1.47592,-0.00318,0.03063
41020000000,13.69570,-0.00822,0.23219,0.99875,-0.04945,-0.00681,-0.00107,1.47430,-0.00459,0.03075
41086000000,13.79327,-0.00805,0.23328,0.99875,-0.04942,-0.00679,-0.00109,1.47535,-0.00578,0.03119
41119000000,13.84156,-0.00794,0.23438,0.99876,-0.04935,-0.00675,-0.00110,1.47424,-0.00555,0.03318
41218000000,13.98680,-0.00804,0.23626,0.99876,-0.04928,-0.00678,-0.00115,1.47356,-0.00603,0.03067
41251000000,14.03602,-0.00809,0.23730,0.99876,-0.04923,-0.00682,-0.00117,1.47368,-0.00585,0.03158
41317000000,14.13536,-0.00782,0.23838,0.99876,-0.04921,-0.00690,-0.00123,1.47227,-0.00539,0.03091
41383000000,14.23192,-0.00872,0.24029,0.99877,-0.04915,-0.00695,-0.00126,1.47019,-0.00709,0.03271
41449000000,14.32905,-0.00878,0.24177,0.99877,-0.04916,-0.00698,-0.00127,1.46873,-0.00659,0.03217
41515000000,14.42535,-0.00954,0.24393,0.99876,-0.04921,-0.00699,-0.00123,1.46725,-0.00561,0.03497
41581000000,14.52331,-0.00926,0.24542,0.99876,-0.04920,-0.00703,-0.00125,1.46846,-0.00399,0.03402
41614000000,14.57544,-0.00916,0.24634,0.99876,-0.04919,-0.00718,-0.00130,1.47261,-0.00392,0.03395
41680000000,14.67258,-0.00935,0.24855,0.99876,-0.04921,-0.00721,-0.00128,1.47179,-0.00551,0.03485
41746000000,14.77163,-0.00945,0.25043,0.99876,-0.04923,-0.00726,-0.00135,1.47390,-0.00473,0.03290
41779000000,14.82041,-0.00972,0.25150,0.99876,-0.04923,-0.00724,-0.00134,1.47401,-0.00470,0.03278
41845000000,14.91937,-0.00964,0.25325,0.99876,-0.04921,-0.00727,-0.00139,1.47643,-0.00330,0.03297
41911000000,15.01708,-0.01001,0.25551,0.99876,-0.04922,-0.00729,-0.00142,1.47619,-0.00345,0.03364
41944000000,15.06774,-0.00964,0.25602,0.99876,-0.04927,-0.00736,-0.00143,1.47789,-0.00281,0.03331
42010000000,15.16567,-0.00989,0.25842,0.99876,-0.04929,-0.00736,-0.00150,1.47921,-0.00099,0.03485
42076000000,15.26374,-0.00994,0.25976,0.99875,-0.04938,-0.00737,-0.00146,1.48135,-0.00221,0.03418
42109000000,15.31266,-0.01002,0.26079,0.99875,-0.04942,-0.00735,-0.00146,1.48157,-0.00296,0.03404
42142000000,15.36238,-0.01012,0.26076,0.99875,-0.04944,-0.00733,-0.00146,1.48327,-0.00399,0.03279
42175000000,15.41087,-0.01017,0.26158,0.99875,-0.04941,-0.00731,-0.00144,1.48341,-0.00339,0.03307
42241000000,15.50813,-0.01027,0.26370,0.99875,-0.04945,-0.00725,-0.00148,1.48101,-0.00259,0.03297
42307000000,15.60420,-0.01067,0.26431,0.99875,-0.04943,-0.00703,-0.00145,1.47973,-0.00408,0.03185
42340000000,15.65340,-0.01090,0.26546,0.99875,-0.04941,-0.00702,-0.00145,1.48016,-0.00584,0.03222
42373000000,15.70167,-0.01177,0.26545,0.99875,-0.04942,-0.00687,-0.00150,1.48040,-0.00710,0.03150
42439000000,15.79882,-0.01263,0.26762,0.99874,-0.04959,-0.00683,-0.00158,1.47991,-0.00721,0.03219
42505000000,15.89556,-0.01304,0.26878,0.99875,-0.04960,-0.00674,-0.00158,1.48054,-0.00691,0.03099
42538000000,15.94480,-0.01303,0.26985,0.99875,-0.04955,-0.00680,-0.00157,1.48196,-0.00675,0.03188
42604000000,16.04298,-0.01343,0.27118,0.99875,-0.04960,-0.00672,-0.00161,1.48174,-0.00510,0.03260
42637000000,16.09225,-0.01389,0.27223,0.99875,-0.04957,-0.00673,-0.00166,1.48219,-0.00528,0.03244
42670000000,16.14136,-0.01390,0.27245,0.99875,-0.04958,-0.00671,-0.00172,1.48287,-0.00657,0.03082
42736000000,16.23929,-0.01435,0.27460,0.99874,-0.04962,-0.00668,-0.00172,1.48305,-0.00568,0.03250
42769000000,16.28919,-0.01443,0.27508,0.99874,-0.04963,-0.00673,-0.00171,1.48332,-0.00498,0.03185
42835000000,16.38750,-0.01470,0.27701,0.99875,-0.04955,-0.00677,-0.00174,1.48444,-0.00587,0.03118
42868000000,16.43712,-0.01498,0.27752,0.99875,-0.04952,-0.00681,-0.00177,1.48516,-0.00630,0.03098
42901000000,16.48586,-0.01515,0.27854,0.99875,-0.04949,-0.00685,-0.00177,1.48563,-0.00663,0.03135
42934000000,16.53501,-0.01542,0.27888,0.99875,-0.04952,-0.00689,-0.00177,1.48594,-0.00713,0.03171
43000000000,16.63323,-0.01574,0.28092,0.99875,-0.04951,-0.00690,-0.00178,1.48812,-0.00601,0.03164
43033000000,16.68079,-0.01574,0.28081,0.99875,-0.04954,-0.00682,-0.00183,1.48678,-0.00527,0.02970
43099000000,16.77903,-0.01602,0.28287,0.99875,-0.04957,-0.00682,-0.00188,1.48691,-0.00462,0.03021
43132000000,16.82874,-0.01543,0.28305,0.99875,-0.04947,-0.00683,-0.00188,1.48799,-0.00365,0.02889
43165000000,16.87772,-0.01556,0.28403,0.99875,-0.04947,-0.00685,-0.00193,1.48686,-0.00347,0.03046
43198000000,16.92735,-0.01554,0.28431,0.99875,-0.04947,-0.00686,-0.00190,1.48739,-0.00229,0.03082
43264000000,17.02563,-0.01618,0.28652,0.99875,-0.04951,-0.00686,-0.00191,1.48793,-0.00160,0.03156
43297000000,17.07630,-0.01515,0.28680,0.99875,-0.04938,-0.00692,-0.00196,1.49059,0.00139,0.03031
43363000000,17.17356,-0.01641,0.28899,0.99875,-0.04952,-0.00684,-0.00202,1.48909,0.00151,0.03032
43429000000,17.27166,-0.01647,0.29021,0.99875,-0.04951,-0.00677,-0.00208,1.49092,0.00095,0.02982
43462000000,17.32018,-0.01645,0.29101,0.99875,-0.04957,-0.00671,-0.00208,1.49191,0.00128,0.02862
43528000000,17.41772,-0.01650,0.29196,0.99875,-0.04955,-0.00663,-0.00207,1.49075,0.00177,0.02847
43594000000,17.51612,-0.01661,0.29376,0.99875,-0.04957,-0.00664,-0.00208,1.49218,0.00075,0.03032
43660000000,17.61382,-0.01691,0.29484,0.99875,-0.04956,-0.00652,-0.00207,1.48971,0.00174,0.02940
43693000000,17.66255,-0.01722,0.29510,0.99875,-0.04960,-0.00650,-0.00209,1.48964,0.00092,0.02839
43726000000,17.71173,-0.01719,0.29607,0.99875,-0.04958,-0.00645,-0.00211,1.48923,0.00122,0.02911
43759000000,17.76046,-0.01738,0.29675,0.99875,-0.04959,-0.00647,-0.00211,1.48845,0.00009,0.02939
43792000000,17.80960,-0.01724,0.29762,0.99874,-0.04965,-0.00645,-0.00210,1.48950,-0.00040,0.02872
43858000000,17.90670,-0.01761,0.29901,0.99874,-0.04968,-0.00650,-0.00216,1.48804,-0.00098,0.02689
43891000000,17.95518,-0.01746,0.29982,0.99874,-0.04972,-0.00642,-0.00212,1.48838,-0.00063,0.02774
43957000000,18.05229,-0.01776,0.30117,0.99874,-0.04969,-0.00634,-0.00208,1.48861,-0.00036,0.02862
44023000000,18.15036,-0.01785,0.30291,0.99874,-0.04982,-0.00633,-0.00205,1.48853,-0.00187,0.02773
44056000000,18.19998,-0.01829,0.30354,0.99874,-0.04979,-0.00638,-0.00210,1.48925,-0.00275,0.02770
44089000000,18.24950,-0.01833,0.30451,0.99874,-0.04978,-0.00639,-0.00213,1.49120,-0.00182,0.02801
44155000000,18.34728,-0.01899,0.30595,0.99874,-0.04977,-0.00650,-0.00217,1.49167,-0.00033,0.02618
44188000000,18.39578,-0.01919,0.30684,0.99873,-0.04984,-0.00648,-0.00215,1.49070,0.00034,0.02724
44221000000,18.44347,-0.01964,0.30689,0.99873,-0.04993,-0.00633,-0.00219,1.48863,0.00065,0.02637
44287000000,18.54136,-0.01950,0.30862,0.99873,-0.04998,-0.00632,-0.00215,1.49075,0.00038,0.02620
44320000000,18.58986,-0.01964,0.30868,0.99873,-0.04996,-0.00625,-0.00214,1.49025,0.00040,0.02478
44353000000,18.63903,-0.01974,0.30958,0.99873,-0.04998,-0.00625,-0.00210,1.48955,0.00039,0.02527
44386000000,18.68764,-0.02004,0.30978,0.99873,-0.04989,-0.00629,-0.00209,1.48875,-0.00009,0.02472
44419000000,18.73672,-0.02020,0.31070,0.99873,-0.04987,-0.00627,-0.00209,1.48936,0.00027,0.02441
44518000000,18.88380,-0.02040,0.31256,0.99874,-0.04975,-0.00630,-0.00218,1.48960,0.00046,0.02305
44551000000,18.93302,-0.02025,0.31337,0.99874,-0.04978,-0.00625,-0.00215,1.49052,0.00251,0.02389
44617000000,19.03018,-0.02072,0.31459,0.99874,-0.04977,-0.00634,-0.00210,1.49128,0.00228,0.02240
44650000000,19.07929,-0.02076,0.31532,0.99874,-0.04981,-0.00640,-0.00205,1.49083,0.00225,0.02182
44716000000,19.17794,-0.02161,0.31693,0.99874,-0.04973,-0.00658,-0.00203,1.49129,0.00040,0.02189
44749000000,19.22718,-0.02151,0.31775,0.99874,-0.04972,-0.00658,-0.00211,1.49143,0.00057,0.02171
44815000000,19.32572,-0.02180,0.31918,0.99874,-0.04972,-0.00657,-0.00213,1.49296,0.00030,0.02086
44881000000,19.42404,-0.02169,0.32051,0.99874,-0.04978,-0.00648,-0.00221,1.49254,-0.00013,0.02142
44914000000,19.47270,-0.02221,0.32159,0.99873,-0.04986,-0.00658,-0.00221,1.49285,-0.00055,0.02125
44980000000,19.56930,-0.02252,0.32422,0.99867,-0.05092,-0.00707,-0.00238,1.49156,-0.00089,0.02240
45013000000,19.61852,-0.02241,0.32553,0.99865,-0.05129,-0.00728,-0.00244,1.49311,0.00049,0.02412
45079000000,19.71592,-0.02241,0.32772,0.99860,-0.05222,-0.00748,-0.00248,1.49257,-0.00104,0.02397
45145000000,19.81483,-0.02245,0.33009,0.99856,-0.05301,-0.00770,-0.00252,1.49562,-0.00062,0.02448
45211000000,19.91229,-0.02266,0.33265,0.99851,-0.05385,-0.00810,-0.00259,1.49401,-0.00168,0.02351
45277000000,20.01075,-0.02316,0.33473,0.99850,-0.05402,-0.00838,-0.00259,1.49560,-0.00306,0.02292
45343000000,20.10878,-0.02349,0.33795,0.99845,-0.05493,-0.00892,-0.00267,1.49726,-0.00393,0.02369
45376000000,20.15828,-0.02352,0.33997,0.99840,-0.05565,-0.00931,-0.00267,1.49855,-0.00405,0.02517
45409000000,20.20634,-0.02427,0.34651,0.99823,-0.05837,-0.01131,-0.00288,1.49758,-0.00436,0.03179
45475000000,20.30595,-0.02402,0.34987,0.99821,-0.05855,-0.01164,-0.00292,1.49892,-0.00267,0.03407
45508000000,20.35445,-0.02403,0.35343,0.99812,-0.05993,-0.01240,-0.00300,1.49867,-0.00205,0.03614
45541000000,20.40396,-0.02403,0.35560,0.99808,-0.06062,-0.01263,-0.00304,1.49870,-0.00058,0.03847
45574000000,20.45205,-0.02345,0.35747,0.99798,-0.06216,-0.01275,-0.00306,1.49841,0.00057,0.03982
45640000000,20.55168,-0.02337,0.35787,0.99795,-0.06278,-0.01182,-0.00301,1.49958,0.00116,0.03566
45706000000,20.64898,-0.02314,0.35664,0.99791,-0.06363,-0.01043,-0.00295,1.50069,0.00089,0.03053
45772000000,20.74765,-0.02315,0.35581,0.99789,-0.06411,-0.00945,-0.00287,1.50060,0.00081,0.02664
45871000000,20.89382,-0.02322,0.34286,0.99781,-0.06593,-0.00406,-0.00260,1.49911,0.00056,0.01176
45937000000,20.99193,-0.02353,0.32950,0.99776,-0.06690,0.00061,-0.00223,1.49955,0.00026,-0.00141
46036000000,21.13844,-0.02395,0.30983,0.99772,-0.06703,0.00712,-0.00181,1.50013,-0.00051,-0.01991
46102000000,21.23629,-0.02374,0.30510,0.99768,-0.06754,0.00826,-0.00183,1.49794,0.00086,-0.02281
46135000000,21.28392,-0.02484,0.30093,0.99769,-0.06726,0.00936,-0.00173,1.49773,-0.00198,-0.02634
46201000000,21.38329,-0.02478,0.29721,0.99771,-0.06689,0.01003,-0.00169,1.49939,-0.00096,-0.02816
46234000000,21.43123,-0.02554,0.29317,0.99771,-0.06664,0.01113,-0.00161,1.49825,-0.00171,-0.02948
46300000000,21.53092,-0.02572,0.29150,0.99773,-0.06640,0.01105,-0.00162,1.50342,0.00080,-0.02908
46333000000,21.57931,-0.02621,0.28862,0.99771,-0.06651,0.01182,-0.00162,1.50167,0.00095,-0.02929
46399000000,21.67731,-0.02663,0.28562,0.99771,-0.06644,0.01227,-0.00163,1.50016,0.00025,-0.02983
46465000000,21.77699,-0.02671,0.28334,0.99772,-0.06633,0.01234,-0.00165,1.50229,0.00265,-0.03103
46564000000,21.92523,-0.02683,0.27991,0.99772,-0.06636,0.01247,-0.00161,1.50617,0.00442,-0.03234
46597000000,21.97304,-0.02820,0.27919,0.99772,-0.06639,0.01232,-0.00165,1.50465,0.00197,-0.03174
46663000000,22.07172,-0.02854,0.27758,0.99772,-0.06635,0.01214,-0.00173,1.50479,0.00290,-0.03049
46729000000,22.17202,-0.02730,0.27661,0.99771,-0.06651,0.01179,-0.00175,1.51021,0.00619,-0.03010
46795000000,22.27108,-0.02763,0.27462,0.99772,-0.06644,0.01180,-0.00172,1.51125,0.00469,-0.03096
46861000000,22.36985,-0.02840,0.27272,0.99773,-0.06637,0.01166,-0.00172,1.51284,0.00410,-0.03048
46894000000,22.42074,-0.02865,0.27171,0.99773,-0.06624,0.01162,-0.00173,1.51397,0.00410,-0.03079
46927000000,22.46947,-0.02908,0.27092,0.99774,-0.06621,0.01142,-0.00171,1.51362,0.00471,-0.03178
46960000000,22.52002,-0.02892,0.26993,0.99774,-0.06620,0.01137,-0.00172,1.51494,0.00484,-0.03133
46993000000,22.56733,-0.02966,0.26966,0.99774,-0.06626,0.01089,-0.00174,1.51048,0.00349,-0.03004
47059000000,22.66715,-0.02952,0.26734,0.99773,-0.06632,0.01116,-0.00172,1.51301,0.00482,-0.03240
47125000000,22.76567,-0.03022,0.26470,0.99774,-0.06626,0.01138,-0.00176,1.51412,0.00360,-0.03434
47191000000,22.86432,-0.03081,0.26169,0.99774,-0.06618,0.01177,-0.00176,1.51484,0.00290,-0.03597
47257000000,22.96337,-0.03161,0.25876,0.99774,-0.06605,0.01198,-0.00172,1.51734,0.00198,-0.03787
47290000000,23.01295,-0.03198,0.25690,0.99775,-0.06591,0.01225,-0.00172,1.51652,0.00151,-0.03971
47323000000,23.06138,-0.03265,0.25546,0.99775,-0.06592,0.01232,-0.00177,1.51533,-0.00003,-0.03934
47389000000,23.16099,-0.03246,0.25316,0.99774,-0.06605,0.01215,-0.00178,1.51715,0.00037,-0.03729
47422000000,23.20948,-0.03274,0.25180,0.99773,-0.06623,0.01229,-0.00180,1.51602,0.00029,-0.03804
47455000000,23.25990,-0.03276,0.25003,0.99773,-0.06611,0.01262,-0.00182,1.51864,0.00057,-0.03955
47521000000,23.35902,-0.03327,0.24675,0.99774,-0.06592,0.01311,-0.00188,1.51936,0.00127,-0.04021
47587000000,23.45965,-0.03320,0.24374,0.99774,-0.06579,0.01331,-0.00183,1.52315,0.00270,-0.04070
47620000000,23.50728,-0.03413,0.24122,0.99775,-0.06557,0.01411,-0.00180,1.51911,0.00095,-0.04289
47653000000,23.55579,-0.03496,0.23718,0.99779,-0.06452,0.01568,-0.00172,1.51766,0.00007,-0.04668
47719000000,23.65560,-0.03493,0.23211,0.99783,-0.06367,0.01663,-0.00164,1.51732,0.00162,-0.05099
47785000000,23.75343,-0.03555,0.22663,0.99787,-0.06282,0.01762,-0.00164,1.51599,0.00015,-0.05447
47851000000,23.85199,-0.03615,0.22073,0.99791,-0.06174,0.01889,-0.00157,1.51723,0.00024,-0.05672
47884000000,23.90090,-0.03643,0.21789,0.99793,-0.06122,0.01940,-0.00152,1.51601,-0.00003,-0.05821
47950000000,24.00017,-0.03700,0.21348,0.99795,-0.06087,0.01979,-0.00149,1.51788,-0.00211,-0.05840
47983000000,24.05060,-0.03719,0.21118,0.99796,-0.06066,0.01995,-0.00152,1.51919,-0.00284,-0.05867
48049000000,24.14933,-0.03755,0.20681,0.99797,-0.06041,0.02026,-0.00151,1.51877,-0.00366,-0.05853
48115000000,24.24977,-0.03775,0.20229,0.99798,-0.06015,0.02060,-0.00152,1.52126,-0.00371,-0.05874
48148000000,24.29931,-0.03799,0.19966,0.99799,-0.05983,0.02099,-0.00150,1.52204,-0.00482,-0.05902
48181000000,24.34878,-0.03866,0.19718,0.99800,-0.05956,0.02134,-0.00151,1.52176,-0.00646,-0.05998
48280000000,24.49942,-0.03887,0.19174,0.99798,-0.05981,0.02112,-0.00161,1.52365,-0.00356,-0.05759
48313000000,24.54843,-0.03918,0.19031,0.99797,-0.06006,0.02091,-0.00165,1.52249,-0.00263,-0.05694
48379000000,24.64787,-0.03995,0.18682,0.99797,-0.06023,0.02080,-0.00169,1.52340,-0.00311,-0.05538
48412000000,24.69826,-0.03991,0.18542,0.99796,-0.06041,0.02056,-0.00173,1.52438,-0.00209,-0.05564
48478000000,24.79700,-0.04049,0.18335,0.99793,-0.06123,0.01972,-0.00176,1.52528,-0.00232,-0.05166
48544000000,24.89825,-0.04066,0.18064,0.99792,-0.06149,0.01939,-0.00179,1.52874,-0.00229,-0.05016
48577000000,24.94611,-0.04124,0.17968,0.99790,-0.06181,0.01907,-0.00180,1.52537,-0.00286,-0.04951
48610000000,24.99502,-0.04186,0.17854,0.99790,-0.06198,0.01885,-0.00183,1.52488,-0.00299,-0.04934
48643000000,25.04558,-0.04222,0.17691,0.99790,-0.06195,0.01884,-0.00185,1.52605,-0.00358,-0.04918
48709000000,25.14475,-0.04268,0.17419,0.99789,-0.06221,0.01859,-0.00189,1.52418,-0.00483,-0.04859
48742000000,25.19568,-0.04272,0.17243,0.99789,-0.06214,0.01870,-0.00188,1.52652,-0.00586,-0.04960
48775000000,25.24515,-0.04301,0.17141,0.99788,-0.06241,0.01822,-0.00190,1.52520,-0.00678,-0.04948
48874000000,25.39662,-0.04359,0.16709,0.99788,-0.06256,0.01795,-0.00203,1.52898,-0.00609,-0.04910
48973000000,25.54770,-0.04415,0.16303,0.99787,-0.06285,0.01736,-0.00216,1.53211,-0.00600,-0.04876
49039000000,25.64764,-0.04464,0.16051,0.99786,-0.06315,0.01671,-0.00215,1.53330,-0.00620,-0.04884
49105000000,25.74672,-0.04520,0.15775,0.99785,-0.06340,0.01626,-0.00221,1.53222,-0.00497,-0.05023
49171000000,25.84527,-0.04573,0.15456,0.99785,-0.06346,0.01622,-0.00222,1.52975,-0.00465,-0.04989
49237000000,25.94441,-0.04602,0.15118,0.99785,-0.06343,0.01631,-0.00231,1.52902,-0.00442,-0.05067
49270000000,25.99314,-0.04646,0.14953,0.99785,-0.06343,0.01627,-0.00232,1.52779,-0.00505,-0.05060
49369000000,26.14278,-0.04732,0.14436,0.99785,-0.06343,0.01633,-0.00239,1.52521,-0.00688,-0.05177
49468000000,26.29254,-0.04816,0.13902,0.99785,-0.06336,0.01656,-0.00245,1.52422,-0.00636,-0.05202
49501000000,26.34187,-0.04851,0.13707,0.99786,-0.06321,0.01677,-0.00242,1.52331,-0.00585,-0.05205
49567000000,26.44087,-0.04947,0.13326,0.99786,-0.06304,0.01708,-0.00242,1.52416,-0.00892,-0.05233
49633000000,26.54141,-0.04983,0.12973,0.99786,-0.06303,0.01711,-0.00248,1.52624,-0.00797,-0.05184
49699000000,26.64043,-0.05040,0.12583,0.99787,-0.06274,0.01748,-0.00246,1.52502,-0.00761,-0.05317
49798000000,26.78949,-0.05106,0.12000,0.99789,-0.06243,0.01787,-0.00249,1.52437,-0.00810,-0.05417
49864000000,26.88874,-0.05209,0.11591,0.99790,-0.06204,0.01831,-0.00244,1.52326,-0.00829,-0.05673
49963000000,27.03776,-0.05345,0.10992,0.99792,-0.06173,0.01861,-0.00242,1.52159,-0.00940,-0.05641
50029000000,27.13684,-0.05458,0.10584,0.99793,-0.06143,0.01891,-0.00237,1.52126,-0.01075,-0.05654
50062000000,27.18578,-0.05515,0.10368,0.99794,-0.06121,0.01907,-0.00238,1.52034,-0.01216,-0.05694
50128000000,27.28478,-0.05595,0.09998,0.99794,-0.06119,0.01902,-0.00238,1.51905,-0.01266,-0.05609
50161000000,27.33494,-0.05642,0.09822,0.99794,-0.06123,0.01899,-0.00238,1.51909,-0.01305,-0.05460
50227000000,27.43370,-0.05754,0.09478,0.99793,-0.06140,0.01881,-0.00243,1.51824,-0.01333,-0.05556
50260000000,27.48384,-0.05762,0.09311,0.99793,-0.06155,0.01868,-0.00244,1.51868,-0.01385,-0.05655
50326000000,27.58350,-0.05851,0.08927,0.99793,-0.06154,0.01877,-0.00245,1.51943,-0.01286,-0.05790
50392000000,27.68408,-0.05909,0.08549,0.99793,-0.06156,0.01864,-0.00239,1.52067,-0.01076,-0.06008
50425000000,27.73313,-0.05947,0.08355,0.99792,-0.06162,0.01858,-0.00244,1.51966,-0.01064,-0.05996
50458000000,27.78216,-0.05976,0.08151,0.99792,-0.06159,0.01873,-0.00246,1.51821,-0.01071,-0.06051
50557000000,27.93261,-0.06107,0.07515,0.99793,-0.06140,0.01899,-0.00251,1.51971,-0.01171,-0.06066
50590000000,27.98115,-0.06167,0.07247,0.99795,-0.06089,0.01953,-0.00249,1.51828,-0.01324,-0.06156
50656000000,28.07941,-0.06251,0.06777,0.99797,-0.06051,0.01984,-0.00249,1.51544,-0.01441,-0.06491
50722000000,28.17977,-0.06359,0.06311,0.99797,-0.06036,0.01994,-0.00249,1.51539,-0.01413,-0.06769
50788000000,28.27801,-0.06425,0.05774,0.99800,-0.05973,0.02040,-0.00257,1.51336,-0.01301,-0.06791
50821000000,28.32565,-0.06426,0.05438,0.99803,-0.05895,0.02114,-0.00250,1.51058,-0.01373,-0.06860
50887000000,28.42365,-0.06456,0.04832,0.99808,-0.05772,0.02214,-0.00256,1.50784,-0.01202,-0.06827
50920000000,28.47356,-0.06477,0.04548,0.99810,-0.05733,0.02248,-0.00254,1.50740,-0.01177,-0.06975
50986000000,28.57176,-0.06519,0.03953,0.99814,-0.05616,0.02349,-0.00248,1.50297,-0.01094,-0.07073
51052000000,28.67075,-0.06614,0.03398,0.99817,-0.05553,0.02390,-0.00248,1.50149,-0.01203,-0.07231
51118000000,28.76838,-0.06691,0.02660,0.99825,-0.05332,0.02544,-0.00244,1.50102,-0.01222,-0.07472
51151000000,28.81767,-0.06736,0.02320,0.99828,-0.05255,0.02581,-0.00241,1.50024,-0.01116,-0.07513
51217000000,28.91548,-0.06811,0.01598,0.99835,-0.05055,0.02711,-0.00237,1.49937,-0.01299,-0.07667
51283000000,29.01415,-0.06888,0.01133,0.99834,-0.05092,0.02687,-0.00234,1.49825,-0.01265,-0.07450
51349000000,29.11292,-0.06956,0.00599,0.99835,-0.05048,0.02714,-0.00231,1.49882,-0.01400,-0.07433
51382000000,29.16136,-0.07021,0.00373,0.99835,-0.05064,0.02710,-0.00233,1.49677,-0.01380,-0.07382
51448000000,29.25916,-0.07140,-0.00066,0.99833,-0.05106,0.02684,-0.00240,1.49360,-0.01358,-0.07430
51514000000,29.35803,-0.07273,-0.00516,0.99832,-0.05137,0.02661,-0.00249,1.49500,-0.01359,-0.07216
51547000000,29.40702,-0.07289,-0.00712,0.99831,-0.05178,0.02643,-0.00248,1.49416,-0.01270,-0.07270
51613000000,29.50472,-0.07357,-0.01178,0.99830,-0.05194,0.02640,-0.00252,1.49124,-0.01245,-0.07279
51679000000,29.60333,-0.07432,-0.01654,0.99829,-0.05198,0.02646,-0.00253,1.49117,-0.01282,-0.07151
51745000000,29.70078,-0.07495,-0.02115,0.99829,-0.05203,0.02640,-0.00253,1.48936,-0.01156,-0.07158
51811000000,29.79812,-0.07564,-0.02567,0.99828,-0.05232,0.02615,-0.00256,1.48758,-0.00971,-0.07234
51877000000,29.89566,-0.07634,-0.03020,0.99827,-0.05273,0.02590,-0.00264,1.48874,-0.00909,-0.07176
51910000000,29.94463,-0.07650,-0.03237,0.99825,-0.05310,0.02574,-0.00264,1.48875,-0.00910,-0.07053
51976000000,30.04320,-0.07704,-0.03686,0.99824,-0.05344,0.02546,-0.00260,1.48822,-0.00713,-0.07068
52075000000,30.19077,-0.07787,-0.04384,0.99823,-0.05364,0.02546,-0.00259,1.48790,-0.00881,-0.07118
52141000000,30.28933,-0.07846,-0.04849,0.99823,-0.05372,0.02533,-0.00260,1.48850,-0.00674,-0.07194
52174000000,30.33858,-0.07892,-0.05078,0.99823,-0.05387,0.02521,-0.00260,1.48889,-0.00682,-0.07187
52240000000,30.43751,-0.07975,-0.05545,0.99822,-0.05408,0.02505,-0.00256,1.49106,-0.00668,-0.07249
52273000000,30.48682,-0.08023,-0.05782,0.99822,-0.05400,0.02506,-0.00254,1.49203,-0.00596,-0.07195
52339000000,30.58543,-0.08122,-0.06240,0.99821,-0.05435,0.02473,-0.00256,1.49105,-0.00818,-0.07170
52405000000,30.68458,-0.08147,-0.06712,0.99821,-0.05433,0.02478,-0.00258,1.49426,-0.00808,-0.07107
52471000000,30.78391,-0.08207,-0.07171,0.99820,-0.05457,0.02458,-0.00259,1.49553,-0.00850,-0.07015
52537000000,30.88291,-0.08272,-0.07637,0.99820,-0.05471,0.02449,-0.00260,1.49722,-0.00816,-0.07114
52570000000,30.93298,-0.08328,-0.07874,0.99820,-0.05479,0.02440,-0.00260,1.49805,-0.00900,-0.07173
52636000000,31.03226,-0.08412,-0.08352,0.99819,-0.05489,0.02437,-0.00258,1.49971,-0.00773,-0.07221
52702000000,31.13135,-0.08484,-0.08838,0.99820,-0.05476,0.02443,-0.00255,1.50032,-0.00696,-0.07355
52768000000,31.23046,-0.08571,-0.09322,0.99820,-0.05464,0.02448,-0.00261,1.50142,-0.00713,-0.07213
52834000000,31.32981,-0.08671,-0.09805,0.99820,-0.05469,0.02451,-0.00261,1.50279,-0.00678,-0.07280
52900000000,31.42916,-0.08727,-0.10291,0.99820,-0.05469,0.02449,-0.00269,1.50364,-0.00746,-0.07212
52966000000,31.52864,-0.08789,-0.10768,0.99820,-0.05466,0.02459,-0.00268,1.50392,-0.00710,-0.07144
52999000000,31.57790,-0.08824,-0.11005,0.99821,-0.05445,0.02468,-0.00273,1.50426,-0.00645,-0.07223
53098000000,31.72683,-0.08888,-0.11730,0.99821,-0.05431,0.02485,-0.00267,1.50533,-0.00443,-0.07340
53131000000,31.77675,-0.08926,-0.11978,0.99821,-0.05426,0.02487,-0.00267,1.50642,-0.00423,-0.07549
53197000000,31.87602,-0.09024,-0.12479,0.99821,-0.05426,0.02493,-0.00271,1.50788,-0.00577,-0.07545
53263000000,31.97536,-0.09063,-0.12979,0.99822,-0.05423,0.02486,-0.00273,1.50869,-0.00481,-0.07506
53329000000,32.07455,-0.09138,-0.13474,0.99822,-0.05419,0.02489,-0.00275,1.50897,-0.00434,-0.07620
53395000000,32.17378,-0.09214,-0.13983,0.99822,-0.05407,0.02494,-0.00273,1.50734,-0.00625,-0.07845
53461000000,32.27426,-0.09274,-0.14506,0.99822,-0.05421,0.02486,-0.00280,1.51119,-0.00492,-0.07976
53494000000,32.32190,-0.09350,-0.14765,0.99823,-0.05387,0.02504,-0.00277,1.50823,-0.00546,-0.07948
53560000000,32.42030,-0.09438,-0.15286,0.99824,-0.05371,0.02504,-0.00286,1.50521,-0.00587,-0.07922
53626000000,32.51899,-0.09469,-0.15813,0.99824,-0.05363,0.02502,-0.00296,1.48492,-0.00631,-0.07934
53725000000,32.66338,-0.09593,-0.16587,0.99825,-0.05341,0.02518,-0.00349,1.44152,-0.01564,-0.07749
53758000000,32.71032,-0.09713,-0.16841,0.99826,-0.05308,0.02535,-0.00394,1.42921,-0.02328,-0.07571
53824000000,32.80285,-0.09952,-0.17329,0.99826,-0.05283,0.02550,-0.00561,1.39918,-0.04151,-0.07207
53890000000,32.89442,-0.10298,-0.17796,0.99825,-0.05277,0.02537,-0.00818,1.37456,-0.06285,-0.06908
53923000000,32.93879,-0.10625,-0.18019,0.99825,-0.05248,0.02545,-0.00994,1.35963,-0.07851,-0.06642
53956000000,32.98287,-0.11003,-0.18236,0.99824,-0.05212,0.02552,-0.01208,1.34643,-0.09780,-0.06492
54055000000,33.11410,-0.12272,-0.18848,0.99810,-0.05235,0.02509,-0.02059,1.31074,-0.15455,-0.05803
54121000000,33.19879,-0.13582,-0.19213,0.99793,-0.05210,0.02491,-0.02831,1.27795,-0.20225,-0.05356
54154000000,33.23997,-0.14399,-0.19381,0.99781,-0.05167,0.02497,-0.03281,1.25870,-0.22864,-0.04991
54220000000,33.32053,-0.16183,-0.19676,0.99744,-0.05144,0.02466,-0.04313,1.22300,-0.28305,-0.04310
54253000000,33.36059,-0.17263,-0.19807,0.99718,-0.05129,0.02452,-0.04908,1.20540,-0.31249,-0.04043
54319000000,33.43888,-0.19633,-0.20037,0.99643,-0.05128,0.02394,-0.06260,1.17164,-0.37506,-0.03224
54385000000,33.51488,-0.22428,-0.20208,0.99533,-0.05146,0.02318,-0.07831,1.14012,-0.44524,-0.02338
54451000000,33.58894,-0.25708,-0.20322,0.99371,-0.05175,0.02228,-0.09680,1.10895,-0.52600,-0.01610
54517000000,33.66070,-0.29529,-0.20369,0.99141,-0.05213,0.02118,-0.11809,1.07705,-0.61182,-0.00649
54583000000,33.73119,-0.33971,-0.20368,0.98825,-0.05241,0.01994,-0.14220,1.04506,-0.70937,0.00532
54649000000,33.79943,-0.39093,-0.20280,0.98391,-0.05271,0.01844,-0.16969,1.01020,-0.82024,0.01924
54715000000,33.86640,-0.45022,-0.20184,0.97802,-0.05207,0.01718,-0.20117,0.96990,-0.94713,0.03042
54748000000,33.90026,-0.48386,-0.20205,0.97431,-0.05086,0.01691,-0.21875,0.94839,-1.02048,0.03522
54814000000,33.96308,-0.55770,-0.20049,0.96470,-0.04985,0.01545,-0.25813,0.88218,-1.18403,0.05088
54913000000,34.04056,-0.68153,-0.19535,0.94544,-0.05000,0.01247,-0.32171,0.64218,-1.27149,0.06713
55012000000,34.09319,-0.80978,-0.18844,0.92303,-0.05037,0.00940,-0.38129,0.40274,-1.29761,0.07812
55078000000,34.11612,-0.89652,-0.18320,0.90686,-0.05049,0.00734,-0.41832,0.25612,-1.29692,0.08425
55111000000,34.12663,-0.94003,-0.18137,0.89886,-0.04997,0.00675,-0.43533,0.23559,-1.26178,0.08106
55210000000,34.14484,-1.06416,-0.17419,0.87563,-0.04952,0.00469,-0.48041,0.07824,-1.22478,0.08411
55276000000,34.15027,-1.14589,-0.16985,0.86038,-0.04885,0.00363,-0.50730,-0.01403,-1.20042,0.08400
55309000000,34.15601,-1.18716,-0.17031,0.85292,-0.04722,0.00432,-0.51988,-0.03848,-1.19057,0.08023
55408000000,34.14527,-1.30211,-0.16197,0.83114,-0.04750,0.00225,-0.55402,-0.15832,-1.13561,0.08083
55474000000,34.13644,-1.37773,-0.15802,0.81756,-0.04683,0.00161,-0.57393,-0.21362,-1.10167,0.07794
55540000000,34.11822,-1.44718,-0.15241,0.80435,-0.04719,0.00045,-0.59228,-0.28388,-1.03088,0.07543
55606000000,34.16088,-1.53278,-0.16476,0.79179,-0.03926,0.00712,-0.60948,-0.18721,-1.01886,0.05552
55672000000,34.14840,-1.60057,-0.16154,0.77907,-0.03879,0.00633,-0.62570,-0.22604,-0.97232,0.05495
55738000000,34.11811,-1.65725,-0.15542,0.76698,-0.04031,0.00419,-0.64039,-0.29308,-0.90997,0.05600
55837000000,34.11654,-1.75507,-0.15484,0.75062,-0.03815,0.00575,-0.65961,-0.26392,-0.86227,0.04825
55903000000,34.14068,-1.82717,-0.15678,0.74122,-0.03512,0.00854,-0.67029,-0.17662,-0.85606,0.04160
55969000000,34.12517,-1.88126,-0.15386,0.73291,-0.03529,0.00781,-0.67937,-0.17277,-0.80200,0.03995
56068000000,34.19041,-1.99626,-0.15727,0.72314,-0.03045,0.01219,-0.68992,0.00736,-0.72775,0.02879
56101000000,34.19244,-2.02434,-0.15720,0.72034,-0.03002,0.01205,-0.69287,0.02030,-0.68519,0.02622
56134000000,34.19353,-2.05657,-0.15674,0.71774,-0.02938,0.01171,-0.69560,0.02754,-0.65403,0.02524
56200000000,34.18460,-2.12308,-0.15538,0.71296,-0.02805,0.01026,-0.70057,0.01170,-0.60495,0.02185
56266000000,34.17756,-2.15985,-0.15299,0.70846,-0.02834,0.00955,-0.70511,0.00043,-0.53321,0.01997
56332000000,34.17776,-2.21897,-0.15184,0.70426,-0.02704,0.00908,-0.70937,0.00268,-0.52882,0.01980
56431000000,34.17738,-2.29806,-0.15022,0.69836,-0.02569,0.00853,-0.71524,0.00586,-0.50421,0.01898
56464000000,34.17614,-2.34033,-0.14924,0.69657,-0.02444,0.00814,-0.71703,0.00162,-0.53807,0.02170
56530000000,34.17096,-2.40159,-0.14814,0.69312,-0.02333,0.00745,-0.72040,-0.00361,-0.56951,0.02216
56563000000,34.16071,-2.46375,-0.14791,0.69157,-0.02133,0.00648,-0.72196,-0.02273,-0.65119,0.02228
56629000000,34.16083,-2.51939,-0.14778,0.68893,-0.02067,0.00641,-0.72451,-0.00385,-0.65569,0.01909
56695000000,34.15538,-2.57984,-0.14602,0.68703,-0.01996,0.00588,-0.72633,0.00442,-0.60901,0.01825
56761000000,34.14936,-2.66399,-0.14391,0.68559,-0.01805,0.00530,-0.72774,0.00241,-0.61928,0.01901
56827000000,34.14217,-2.74535,-0.14218,0.68439,-0.01643,0.00473,-0.72891,-0.00672,-0.66367,0.02036
56860000000,34.15526,-2.69169,-0.14415,0.68372,-0.01925,0.00550,-0.72947,0.02571,-0.50724,0.01403
56893000000,34.14590,-2.78254,-0.14009,0.68317,-0.01630,0.00491,-0.73007,0.00758,-0.64255,0.02210
56959000000,34.15652,-2.76355,-0.14259,0.68211,-0.01836,0.00536,-0.73100,0.03781,-0.52950,0.01482
56992000000,34.13809,-2.87892,-0.13886,0.68177,-0.01501,0.00438,-0.73140,0.00486,-0.70517,0.02202
57025000000,34.13629,-2.91323,-0.13795,0.68153,-0.01457,0.00423,-0.73163,0.00846,-0.72730,0.02245
57058000000,34.14647,-2.88197,-0.13972,0.68138,-0.01650,0.00469,-0.73173,0.04032,-0.62358,0.01638
57124000000,34.13470,-3.00000,-0.13552,0.68183,-0.01396,0.00405,-0.73136,0.03943,-0.74855,0.02240
57157000000,34.14850,-2.96495,-0.13821,0.68233,-0.01571,0.00455,-0.73086,0.08053,-0.60889,0.01396
57223000000,34.13775,-3.08577,-0.13382,0.68393,-0.01325,0.00387,-0.72942,0.07772,-0.67844,0.01900
57256000000,34.15192,-3.04649,-0.13646,0.68473,-0.01496,0.00429,-0.72863,0.10946,-0.54314,0.01272
57289000000,34.13255,-3.18261,-0.13078,0.68556,-0.01168,0.00351,-0.72792,0.05595,-0.70994,0.02385
57355000000,34.15441,-3.12406,-0.13468,0.68554,-0.01432,0.00410,-0.72788,0.08254,-0.52364,0.01336
57421000000,34.13873,-3.26150,-0.12814,0.68560,-0.01178,0.00356,-0.72787,0.05620,-0.65429,0.02440
57487000000,34.13638,-3.32310,-0.12669,0.68558,-0.01138,0.00341,-0.72790,0.05206,-0.65857,0.02585
57553000000,34.12951,-3.41510,-0.12308,0.68562,-0.01016,0.00314,-0.72788,0.04211,-0.71597,0.02894
57652000000,34.14090,-3.43505,-0.12422,0.68545,-0.01134,0.00322,-0.72802,0.06391,-0.60745,0.02280
57718000000,34.12871,-3.53689,-0.11916,0.68551,-0.00997,0.00280,-0.72799,0.04249,-0.68152,0.02957
57751000000,34.12385,-3.59190,-0.11721,0.68551,-0.00927,0.00272,-0.72800,0.03406,-0.72371,0.03298
57817000000,34.11671,-3.66165,-0.11501,0.68549,-0.00881,0.00249,-0.72803,0.02527,-0.74294,0.03353
57883000000,34.13484,-3.62266,-0.11845,0.68541,-0.01069,0.00283,-0.72807,0.05870,-0.59088,0.02563
57982000000,34.12907,-3.76302,-0.11174,0.68535,-0.00889,0.00269,-0.72816,0.04795,-0.68760,0.03180
58048000000,34.11969,-3.85463,-0.10707,0.68595,-0.00798,0.00236,-0.72760,0.05810,-0.75432,0.03596
58081000000,34.11597,-3.89704,-0.10627,0.68641,-0.00769,0.00223,-0.72717,0.05478,-0.79013,0.03702
58147000000,34.11838,-3.94814,-0.10690,0.68749,-0.00780,0.00214,-0.72615,0.06828,-0.80271,0.03251
58213000000,34.13164,-3.93686,-0.10804,0.68901,-0.00886,0.00224,-0.72469,0.10032,-0.65966,0.02777
58246000000,34.12239,-4.03247,-0.10397,0.68992,-0.00750,0.00211,-0.72384,0.08700,-0.74230,0.03237
58312000000,34.11582,-4.10930,-0.10232,0.69101,-0.00706,0.00187,-0.72281,0.05919,-0.75467,0.03350
58378000000,34.13364,-4.09729,-0.10364,0.69191,-0.00806,0.00208,-0.72193,0.08450,-0.65457,0.02836
58444000000,34.12643,-4.21084,-0.09887,0.69271,-0.00684,0.00194,-0.72118,0.06961,-0.74152,0.03150
58510000000,34.13425,-4.26027,-0.10300,0.69342,-0.00702,0.00190,-0.72049,0.08071,-0.72830,0.02266
58543000000,34.12269,-4.31183,-0.09848,0.69380,-0.00646,0.00168,-0.72013,0.05991,-0.76486,0.02828
58642000000,34.12859,-4.38512,-0.09705,0.69480,-0.00647,0.00174,-0.71917,0.06614,-0.74222,0.02558
58741000000,34.13014,-4.47570,-0.09461,0.69567,-0.00624,0.00174,-0.71833,0.06441,-0.74887,0.02311
58774000000,34.12628,-4.51119,-0.09451,0.69594,-0.00609,0.00160,-0.71807,0.05599,-0.75990,0.02168
58840000000,34.12252,-4.59000,-0.09197,0.69644,-0.00567,0.00157,-0.71759,0.04684,-0.79456,0.02234
58906000000,34.12131,-4.64940,-0.09117,0.69695,-0.00547,0.00148,-0.71709,0.04316,-0.79442,0.02224
58939000000,34.12296,-4.69041,-0.09041,0.69717,-0.00528,0.00157,-0.71688,0.04505,-0.81513,0.02186
59005000000,34.12263,-4.74377,-0.08950,0.69763,-0.00531,0.00153,-0.71644,0.04089,-0.80345,0.02159
59071000000,34.12252,-4.80850,-0.08892,0.69802,-0.00512,0.00146,-0.71606,0.03646,-0.81496,0.02012
59170000000,34.12389,-4.89003,-0.08724,0.69867,-0.00501,0.00151,-0.71542,0.03613,-0.80350,0.01929
59203000000,34.12652,-4.93172,-0.08601,0.69880,-0.00481,0.00163,-0.71530,0.03993,-0.82340,0.01927
59236000000,34.12046,-4.94977,-0.08657,0.69896,-0.00497,0.00142,-0.71514,0.02596,-0.80135,0.01707
59269000000,34.12571,-4.96261,-0.08646,0.69911,-0.00519,0.00154,-0.71500,0.03585,-0.77314,0.01676
59335000000,34.12306,-5.03985,-0.08492,0.69944,-0.00469,0.00151,-0.71468,0.02739,-0.81197,0.01863
59401000000,34.12216,-5.11798,-0.08298,0.69974,-0.00430,0.00152,-0.71438,0.02321,-0.84701,0.02116
59500000000,34.12369,-5.19755,-0.08111,0.70013,-0.00436,0.00158,-0.71400,0.02355,-0.82858,0.02087
59533000000,34.12249,-5.22331,-0.08092,0.70024,-0.00440,0.00155,-0.71389,0.02049,-0.82105,0.02011
59632000000,34.12518,-5.32825,-0.07800,0.70059,-0.00401,0.00163,-0.71355,0.02255,-0.84418,0.02209
59731000000,34.12210,-5.44061,-0.07513,0.70097,-0.00360,0.00159,-0.71318,0.01315,-0.87468,0.02205
59764000000,34.11823,-5.46530,-0.07546,0.70109,-0.00366,0.00147,-0.71306,0.00414,-0.86456,0.02043
59830000000,34.11794,-5.53100,-0.07456,0.70129,-0.00350,0.00153,-0.71286,0.00129,-0.87115,0.01894
59896000000,34.11562,-5.61525,-0.07278,0.70153,-0.00317,0.00156,-0.71263,-0.00467,-0.90920,0.01920
59995000000,34.11551,-5.68582,-0.07227,0.70174,-0.00336,0.00152,-0.71242,-0.00634,-0.87108,0.01781
60061000000,34.11395,-5.75724,-0.07164,0.70193,-0.00320,0.00146,-0.71223,-0.01039,-0.88588,0.01590
60160000000,34.11171,-5.87023,-0.07047,0.70219,-0.00300,0.00152,-0.71198,-0.01590,-0.91365,0.01346
60226000000,34.11059,-5.94075,-0.06963,0.70235,-0.00283,0.00160,-0.71183,-0.01778,-0.92341,0.01273
60292000000,34.11031,-6.02484,-0.06929,0.70249,-0.00264,0.00156,-0.71169,-0.01841,-0.94875,0.01168
60358000000,34.10907,-6.10763,-0.06838,0.70254,-0.00242,0.00171,-0.71163,-0.01941,-0.97237,0.01130
60424000000,34.10715,-6.17821,-0.06789,0.70262,-0.00234,0.00175,-0.71155,-0.02306,-0.97776,0.01209
60523000000,34.10497,-6.27355,-0.06727,0.70275,-0.00244,0.00175,-0.71143,-0.02508,-0.96873,0.01186
60556000000,34.10450,-6.31953,-0.06731,0.70279,-0.00230,0.00182,-0.71139,-0.02489,-0.98757,0.01122
60622000000,34.10333,-6.39948,-0.06614,0.70284,-0.00209,0.00189,-0.71134,-0.02606,-1.00607,0.01188
60688000000,34.10120,-6.44729,-0.06630,0.70292,-0.00228,0.00181,-0.71127,-0.02716,-0.97533,0.00967
60787000000,34.10023,-6.59289,-0.06451,0.70309,-0.00180,0.00205,-0.71110,-0.02522,-1.03876,0.00981
60853000000,34.09802,-6.65995,-0.06422,0.70318,-0.00180,0.00209,-0.71101,-0.02698,-1.03315,0.00832
60919000000,34.09639,-6.74435,-0.06408,0.70330,-0.00174,0.00218,-0.71089,-0.02990,-1.05321,0.00658
60985000000,34.09624,-6.84384,-0.06311,0.70334,-0.00142,0.00234,-0.71085,-0.02938,-1.09352,0.00795
61018000000,34.09508,-6.88448,-0.06261,0.70336,-0.00138,0.00239,-0.71083,-0.03121,-1.09850,0.00949
61084000000,34.09334,-6.97050,-0.06164,0.70340,-0.00123,0.00255,-0.71079,-0.03445,-1.11604,0.01076
61150000000,34.09029,-7.02536,-0.06087,0.70347,-0.00138,0.00248,-0.71072,-0.03714,-1.08628,0.01018
61216000000,34.08942,-7.11561,-0.06055,0.70350,-0.00127,0.00260,-0.71069,-0.03546,-1.11155,0.00733
61249000000,34.09045,-7.18450,-0.06043,0.70351,-0.00107,0.00290,-0.71068,-0.03251,-1.15868,0.00833
61315000000,34.08822,-7.26541,-0.05924,0.70355,-0.00100,0.00299,-0.71063,-0.03556,-1.16403,0.00820
61348000000,34.08801,-7.31498,-0.05865,0.70355,-0.00092,0.00314,-0.71064,-0.03454,-1.18082,0.00886
61447000000,34.08415,-7.42578,-0.05797,0.70361,-0.00093,0.00309,-0.71058,-0.03906,-1.17084,0.00684
61546000000,34.08094,-7.55130,-0.05774,0.70368,-0.00072,0.00313,-0.71050,-0.04183,-1.18293,0.00595
61612000000,34.07987,-7.64374,-0.05747,0.70367,-0.00068,0.00326,-0.71052,-0.03900,-1.20268,0.00515
61678000000,34.07902,-7.73493,-0.05696,0.70374,-0.00060,0.00340,-0.71045,-0.03762,-1.21904,0.00613
61711000000,34.07966,-7.78789,-0.05719,0.70373,-0.00052,0.00352,-0.71045,-0.03519,-1.23784,0.00556
61777000000,34.07866,-7.87630,-0.05703,0.70375,-0.00043,0.00362,-0.71044,-0.03272,-1.24717,0.00389
61843000000,34.07676,-7.95720,-0.05675,0.70378,-0.00043,0.00366,-0.71041,-0.03422,-1.24464,0.00382
61942000000,34.07418,-8.08693,-0.05660,0.70378,-0.00031,0.00378,-0.71041,-0.03541,-1.25495,0.00260
62074000000,34.07073,-8.25977,-0.05702,0.70377,-0.00029,0.00388,-0.71041,-0.03556,-1.26419,0.00019
62107000000,34.07102,-8.30501,-0.05740,0.70379,-0.00029,0.00397,-0.71039,-0.03433,-1.26932,-0.00081
62140000000,34.07182,-8.35517,-0.05790,0.70382,-0.00029,0.00403,-0.71037,-0.03211,-1.28152,-0.00181
62239000000,34.06806,-8.48237,-0.05795,0.70389,-0.00030,0.00399,-0.71030,-0.03597,-1.28253,-0.00257
62305000000,34.06771,-8.58427,-0.05789,0.70389,-0.00019,0.00421,-0.71029,-0.03344,-1.30532,-0.00378
62404000000,34.06631,-8.72121,-0.05833,0.70394,-0.00025,0.00435,-0.71024,-0.03349,-1.31578,-0.00457
62470000000,34.06596,-8.82108,-0.05881,0.70395,-0.00028,0.00449,-0.71023,-0.03140,-1.33388,-0.00415
62536000000,34.06520,-8.91601,-0.05884,0.70394,-0.00025,0.00461,-0.71024,-0.03317,-1.34392,-0.00355
62635000000,34.06349,-9.05645,-0.05918,0.70394,-0.00031,0.00479,-0.71025,-0.03399,-1.35546,-0.00523
62668000000,34.06459,-9.10982,-0.05954,0.70393,-0.00030,0.00497,-0.71025,-0.03037,-1.36738,-0.00554
62734000000,34.06430,-9.20843,-0.06020,0.70393,-0.00022,0.00513,-0.71025,-0.02949,-1.38150,-0.00554
62800000000,34.06243,-9.29778,-0.06028,0.70389,-0.00024,0.00512,-0.71029,-0.03124,-1.38217,-0.00587
62899000000,34.06171,-9.44397,-0.06125,0.70394,-0.00023,0.00528,-0.71024,-0.02907,-1.39821,-0.00775
62932000000,34.06204,-9.49868,-0.06200,0.70398,-0.00021,0.00543,-0.71020,-0.02933,-1.41129,-0.00986
62998000000,34.06189,-9.60214,-0.06298,0.70398,-0.00020,0.00557,-0.71020,-0.02877,-1.42770,-0.01053
63064000000,34.06044,-9.69509,-0.06365,0.70397,-0.00021,0.00560,-0.71021,-0.02973,-1.43098,-0.00986
63130000000,34.06065,-9.80092,-0.06444,0.70398,-0.00017,0.00577,-0.71019,-0.02695,-1.44732,-0.01090
63163000000,34.06089,-9.85484,-0.06470,0.70401,-0.00017,0.00590,-0.71016,-0.02473,-1.45638,-0.00980
63196000000,34.06079,-9.90807,-0.06497,0.70403,-0.00017,0.00596,-0.71015,-0.02358,-1.46677,-0.00881
63262000000,34.05924,-10.00334,-0.06579,0.70399,-0.00022,0.00593,-0.71019,-0.02549,-1.44150,-0.00928
63295000000,34.05883,-10.05374,-0.06594,0.70390,-0.00023,0.00594,-0.71028,-0.02647,-1.43908,-0.00806
63361000000,34.05736,-10.14968,-0.06646,0.70346,-0.00025,0.00594,-0.71071,-0.03269,-1.40953,-0.00787
63394000000,34.05638,-10.19559,-0.06664,0.70313,-0.00023,0.00595,-0.71103,-0.03978,-1.40331,-0.00640
63460000000,34.05414,-10.28996,-0.06721,0.70201,-0.00021,0.00602,-0.71215,-0.05618,-1.38659,-0.00835
63526000000,34.04986,-10.38034,-0.06757,0.70019,-0.00022,0.00606,-0.71393,-0.08148,-1.36475,-0.00916
63592000000,34.04431,-10.47097,-0.06796,0.69752,-0.00025,0.00616,-0.71654,-0.10923,-1.34099,-0.00959
63658000000,34.03666,-10.56036,-0.06843,0.69384,-0.00032,0.00620,-0.72010,-0.14531,-1.32422,-0.01022
63724000000,34.02611,-10.64775,-0.06885,0.68906,-0.00030,0.00625,-0.72468,-0.18850,-1.30077,-0.00905
63790000000,34.01186,-10.73218,-0.06917,0.68302,-0.00043,0.00628,-0.73037,-0.23911,-1.27515,-0.00844
63856000000,33.99438,-10.81513,-0.06951,0.67547,-0.00049,0.00621,-0.73736,-0.29412,-1.24857,-0.00903
63889000000,33.98414,-10.85561,-0.06985,0.67112,-0.00054,0.00622,-0.74132,-0.32496,-1.23574,-0.00951
63955000000,33.96031,-10.93750,-0.07038,0.66107,-0.00065,0.00618,-0.75030,-0.40512,-1.27251,-0.00877
63988000000,33.94624,-10.97854,-0.07049,0.65534,-0.00072,0.00611,-0.75531,-0.44637,-1.28811,-0.00967
64087000000,33.89596,-11.10738,-0.07127,0.63570,-0.00094,0.00606,-0.77191,-0.57051,-1.33141,-0.01045
64153000000,33.85552,-11.19500,-0.07162,0.62093,-0.00101,0.00606,-0.78384,-0.65218,-1.35116,-0.00903
64186000000,33.83342,-11.23857,-0.07176,0.61313,-0.00109,0.00599,-0.78996,-0.68952,-1.35343,-0.00804
64252000000,33.78528,-11.32593,-0.07196,0.59655,-0.00121,0.00579,-0.80256,-0.76917,-1.34251,-0.00732
64318000000,33.73155,-11.41385,-0.07249,0.57798,-0.00136,0.00574,-0.81603,-0.85806,-1.32659,-0.00914
64384000000,33.67197,-11.49908,-0.07290,0.55707,-0.00147,0.00563,-0.83044,-0.95088,-1.28245,-0.00796
64450000000,33.60616,-11.58103,-0.07327,0.53366,-0.00157,0.00558,-0.84568,-1.04466,-1.22083,-0.00820
64516000000,33.53421,-11.65901,-0.07365,0.50735,-0.00176,0.00543,-0.86172,-1.13566,-1.13982,-0.00932
64582000000,33.45635,-11.73110,-0.07417,-0.47835,0.00193,-0.00545,0.87815,-1.22445,-1.04019,-0.00919
64681000000,33.33064,-11.82495,-0.07474,-0.43268,0.00214,-0.00528,0.90153,-1.31469,-0.87285,-0.00976
64714000000,33.28692,-11.85268,-0.07484,-0.41774,0.00218,-0.00527,0.90855,-1.34006,-0.82155,-0.01066
64780000000,33.19704,-11.90480,-0.07529,-0.38869,0.00233,-0.00529,0.92135,-1.38498,-0.72996,-0.01022
64813000000,33.15127,-11.92715,-0.07521,-0.37459,0.00245,-0.00515,0.92717,-1.40468,-0.68525,-0.01029
64912000000,33.01163,-11.99101,-0.07584,-0.33617,0.00258,-0.00519,0.94178,-1.42612,-0.60838,-0.00956
65011000000,32.86900,-12.04657,-0.07597,-0.30302,0.00280,-0.00503,0.95297,-1.45817,-0.53826,-0.00861
65044000000,32.82085,-12.06256,-0.07553,-0.29317,0.00292,-0.00491,0.95604,-1.46740,-0.51910,-0.00830
65077000000,32.77233,-12.07884,-0.07524,-0.28394,0.00300,-0.00486,0.95882,-1.47689,-0.50472,-0.00774
65143000000,32.67432,-12.11034,-0.07499,-0.26740,0.00315,-0.00472,0.96357,-1.49137,-0.48068,-0.00527
65209000000,32.57577,-12.14019,-0.07464,-0.25221,0.00322,-0.00465,0.96766,-1.49541,-0.45405,-0.00521
65242000000,32.52616,-12.15405,-0.07431,-0.24488,0.00331,-0.00456,0.96954,-1.49692,-0.43881,-0.00687
65308000000,32.42737,-12.18261,-0.07430,-0.23084,0.00331,-0.00456,0.97297,-1.49849,-0.41380,-0.00750
65374000000,32.32841,-12.20854,-0.07409,-0.21764,0.00343,-0.00446,0.97601,-1.49943,-0.39051,-0.00693
65506000000,32.13087,-12.25605,-0.07417,-0.19324,0.00365,-0.00431,0.98114,-1.49751,-0.34314,-0.00618
65572000000,32.03155,-12.27769,-0.07451,-0.18202,0.00367,-0.00425,0.98328,-1.49583,-0.31942,-0.00838
65638000000,31.93175,-12.29807,-0.07454,-0.17137,0.00365,-0.00419,0.98519,-1.49483,-0.29867,-0.00744
65704000000,31.83287,-12.31871,-0.07404,-0.16130,0.00355,-0.00419,0.98689,-1.49303,-0.28374,-0.00562
65737000000,31.78281,-12.32827,-0.07339,-0.15640,0.00347,-0.00418,0.98768,-1.49282,-0.27509,-0.00413
65803000000,31.68356,-12.34620,-0.07282,-0.14716,0.00342,-0.00416,0.98910,-1.49090,-0.25730,-0.00456
65869000000,31.58517,-12.36261,-0.07331,-0.13843,0.00338,-0.00410,0.99036,-1.48656,-0.24066,-0.00679
65935000000,31.48616,-12.37917,-0.07256,-0.13018,0.00336,-0.00412,0.99148,-1.48293,-0.22620,-0.00601
65968000000,31.43560,-12.38784,-0.07182,-0.12625,0.00328,-0.00417,0.99198,-1.48300,-0.22080,-0.00495
66034000000,31.33831,-12.40300,-0.07086,-0.11866,0.00330,-0.00420,0.99292,-1.47889,-0.20747,-0.00412
66100000000,31.24122,-12.41658,-0.07113,-0.11144,0.00338,-0.00423,0.99376,-1.47288,-0.19447,-0.00514
66133000000,31.19118,-12.42429,-0.07004,-0.10804,0.00333,-0.00421,0.99413,-1.47281,-0.18963,-0.00259
66199000000,31.09203,-12.43772,-0.06917,-0.10159,0.00320,-0.00417,0.99481,-1.48037,-0.18304,-0.00352
66265000000,30.99426,-12.44934,-0.06938,-0.09638,0.00331,-0.00418,0.99533,-1.49297,-0.18390,-0.00336
66331000000,30.89352,-12.46306,-0.06862,-0.09265,0.00319,-0.00419,0.99568,-1.50949,-0.19670,-0.00344
66364000000,30.84349,-12.47001,-0.06859,-0.09141,0.00317,-0.00416,0.99580,-1.51753,-0.20692,-0.00368
66430000000,30.74209,-12.48632,-0.06744,-0.08983,0.00302,-0.00424,0.99594,-1.48716,-0.22019,-0.00260
66496000000,30.64657,-12.50044,-0.06780,-0.08816,0.00305,-0.00419,0.99609,-1.44397,-0.21767,-0.00302
66529000000,30.59651,-12.50914,-0.06688,-0.08712,0.00287,-0.00418,0.99619,-1.42794,-0.21430,-0.00214
66595000000,30.50257,-12.52292,-0.06688,-0.08494,0.00290,-0.00418,0.99637,-1.41982,-0.20975,-0.00260
66661000000,30.40727,-12.53770,-0.06635,-0.08286,0.00283,-0.00417,0.99655,-1.41921,-0.20982,-0.00119
66727000000,30.31515,-12.55118,-0.06653,-0.08088,0.00278,-0.00417,0.99671,-1.41224,-0.20727,0.00020
66793000000,30.21802,-12.56583,-0.06566,-0.07893,0.00261,-0.00411,0.99687,-1.41304,-0.20609,0.00186
66826000000,30.17211,-12.57245,-0.06570,-0.07809,0.00263,-0.00415,0.99693,-1.40894,-0.20473,0.00101
66892000000,30.07337,-12.58700,-0.06480,-0.07642,0.00252,-0.00414,0.99706,-1.41301,-0.20261,0.00130
66925000000,30.02708,-12.59335,-0.06493,-0.07564,0.00255,-0.00416,0.99712,-1.41222,-0.19999,0.00113
66958000000,29.97553,-12.60060,-0.06421,-0.07488,0.00245,-0.00413,0.99718,-1.41685,-0.19983,0.00229
66991000000,29.92824,-12.60700,-0.06401,-0.07415,0.00241,-0.00415,0.99724,-1.41594,-0.19901,0.00298
67057000000,29.83588,-12.61967,-0.06372,-0.07275,0.00244,-0.00412,0.99734,-1.41054,-0.19604,0.00440
67123000000,29.73683,-12.63256,-0.06267,-0.07142,0.00234,-0.00404,0.99744,-1.41465,-0.19422,0.00462
67189000000,29.64477,-12.64534,-0.06232,-0.07016,0.00231,-0.00407,0.99753,-1.41055,-0.19230,0.00511
67222000000,29.59192,-12.65231,-0.06119,-0.06957,0.00217,-0.00401,0.99757,-1.41752,-0.19194,0.00683
67288000000,29.50058,-12.66489,-0.06069,-0.06840,0.00219,-0.00402,0.99765,-1.41241,-0.19038,0.00636
67321000000,29.44961,-12.67111,-0.05996,-0.06790,0.00206,-0.00397,0.99768,-1.41729,-0.19013,0.00785
67354000000,29.40297,-12.67722,-0.05981,-0.06736,0.00205,-0.00390,0.99772,-1.41480,-0.18760,0.00749
67420000000,29.30320,-12.68958,-0.05866,-0.06638,0.00192,-0.00387,0.99779,-1.42075,-0.18636,0.00855
67453000000,29.25648,-12.69553,-0.05848,-0.06593,0.00195,-0.00387,0.99781,-1.42097,-0.18393,0.00911
67519000000,29.15818,-12.70727,-0.05758,-0.06502,0.00191,-0.00385,0.99787,-1.42518,-0.18253,0.00703
67552000000,29.11249,-12.71364,-0.05744,-0.06456,0.00192,-0.00390,0.99790,-1.42329,-0.18240,0.00606
67618000000,29.01424,-12.72546,-0.05681,-0.06375,0.00181,-0.00390,0.99796,-1.42584,-0.18094,0.00604
67651000000,28.96728,-12.73139,-0.05645,-0.06337,0.00179,-0.00392,0.99798,-1.42501,-0.18068,0.00662
67717000000,28.86919,-12.74360,-0.05595,-0.06266,0.00174,-0.00379,0.99803,-1.42834,-0.18051,0.00445
67750000000,28.82266,-12.74957,-0.05599,-0.06231,0.00176,-0.00382,0.99805,-1.42654,-0.18071,0.00405
67816000000,28.72866,-12.76153,-0.05573,-0.06164,0.00177,-0.00379,0.99809,-1.42396,-0.18087,0.00159
67882000000,28.63134,-12.77308,-0.05555,-0.06102,0.00172,-0.00372,0.99813,-1.42761,-0.17816,0.00070
67948000000,28.53701,-12.78404,-0.05552,-0.06027,0.00172,-0.00361,0.99817,-1.42009,-0.16555,0.00051
67981000000,28.48522,-12.78933,-0.05543,-0.05959,0.00167,-0.00354,0.99822,-1.41101,-0.16037,0.00026
68014000000,28.43836,-12.79429,-0.05532,-0.05875,0.00163,-0.00359,0.99826,-1.40344,-0.15163,0.00098
68080000000,28.34311,-12.80364,-0.05520,-0.05654,0.00161,-0.00352,0.99839,-1.38012,-0.13217,0.00217
68179000000,28.20927,-12.81524,-0.05470,-0.05168,0.00164,-0.00365,0.99866,-1.38750,-0.10308,0.00256
68212000000,28.15904,-12.81846,-0.05439,-0.04998,0.00159,-0.00358,0.99874,-1.41109,-0.09700,0.00366
68278000000,28.05923,-12.82526,-0.05439,-0.04708,0.00154,-0.00350,0.99888,-1.45103,-0.10070,0.00532
68344000000,27.96621,-12.83216,-0.05374,-0.04486,0.00154,-0.00347,0.99899,-1.44725,-0.09689,0.00621
68410000000,27.86668,-12.83854,-0.05337,-0.04273,0.00144,-0.00346,0.99908,-1.45041,-0.09334,0.00352
68476000000,27.76724,-12.84463,-0.05298,-0.04071,0.00138,-0.00338,0.99916,-1.45496,-0.08998,0.00425
68542000000,27.67228,-12.85033,-0.05251,-0.03886,0.00136,-0.00340,0.99924,-1.45053,-0.08651,0.00493
68608000000,27.57458,-12.85626,-0.05192,-0.03708,0.00136,-0.00344,0.99931,-1.45193,-0.08404,0.00401
68674000000,27.47936,-12.86170,-0.05165,-0.03543,0.00131,-0.00340,0.99937,-1.45038,-0.08231,0.00452
68740000000,27.38141,-12.86728,-0.05088,-0.03395,0.00132,-0.00331,0.99942,-1.45145,-0.08012,0.00456
68806000000,27.28734,-12.87219,-0.05067,-0.03247,0.00135,-0.00326,0.99947,-1.44801,-0.07701,0.00412
68839000000,27.23504,-12.87527,-0.05002,-0.03176,0.00132,-0.00326,0.99949,-1.45174,-0.07610,0.00434
68872000000,27.18726,-12.87800,-0.04979,-0.03105,0.00126,-0.00321,0.99951,-1.45104,-0.07617,0.00556
68938000000,27.09001,-12.88309,-0.04921,-0.02975,0.00125,-0.00323,0.99955,-1.45169,-0.07372,0.00457
68971000000,27.04273,-12.88483,-0.04921,-0.02916,0.00127,-0.00319,0.99957,-1.45082,-0.07102,0.00308
69037000000,26.94512,-12.88947,-0.04879,-0.02794,0.00126,-0.00312,0.99960,-1.45189,-0.06893,0.00314
69103000000,26.84944,-12.89389,-0.04861,-0.02686,0.00127,-0.00317,0.99963,-1.45007,-0.06639,0.00187
69136000000,26.79988,-12.89605,-0.04838,-0.02636,0.00130,-0.00314,0.99965,-1.45139,-0.06525,0.00262
69202000000,26.70479,-12.90035,-0.04808,-0.02540,0.00126,-0.00315,0.99967,-1.44902,-0.06191,0.00222
69268000000,26.60731,-12.90373,-0.04780,-0.02442,0.00123,-0.00316,0.99970,-1.45033,-0.05880,0.00195
69301000000,26.55973,-12.90547,-0.04772,-0.02400,0.00124,-0.00325,0.99971,-1.45007,-0.05697,0.00201
69334000000,26.50927,-12.90742,-0.04735,-0.02363,0.00119,-0.00326,0.99971,-1.45419,-0.05636,0.00250
69433000000,26.36769,-12.91274,-0.04721,-0.02243,0.00119,-0.00322,0.99974,-1.44996,-0.05431,0.00270
69532000000,26.22285,-12.91797,-0.04704,-0.02130,0.00123,-0.00323,0.99977,-1.44860,-0.05091,0.00019
69598000000,26.12798,-12.92076,-0.04708,-0.02060,0.00125,-0.00315,0.99978,-1.44661,-0.04839,-0.00265
69664000000,26.03150,-12.92393,-0.04713,-0.01999,0.00124,-0.00321,0.99979,-1.44738,-0.04876,-0.00286
69697000000,25.98449,-12.92570,-0.04726,-0.01968,0.00126,-0.00323,0.99980,-1.44532,-0.04869,-0.00529
69730000000,25.93139,-12.92787,-0.04712,-0.01938,0.00118,-0.00322,0.99981,-1.45164,-0.04796,-0.00537
69796000000,25.83505,-12.93075,-0.04737,-0.01884,0.00120,-0.00315,0.99982,-1.45094,-0.04639,-0.00536
69862000000,25.73552,-12.93419,-0.04718,-0.01833,0.00110,-0.00311,0.99983,-1.45603,-0.04567,-0.00402
69928000000,25.64081,-12.93743,-0.04746,-0.01782,0.00115,-0.00307,0.99984,-1.45544,-0.04517,-0.00417
69994000000,25.54255,-12.94028,-0.04724,-0.01731,0.00115,-0.00299,0.99984,-1.45753,-0.04264,-0.00370
70060000000,25.44650,-12.94284,-0.04738,-0.01696,0.00112,-0.00304,0.99985,-1.45499,-0.04019,-0.00333
70126000000,25.34703,-12.94541,-0.04677,-0.01656,0.00104,-0.00293,0.99986,-1.45785,-0.03940,-0.00306
70192000000,25.24952,-12.94839,-0.04605,-0.01616,0.00100,-0.00296,0.99986,-1.45983,-0.03820,-0.00190
70225000000,25.20258,-12.94972,-0.04621,-0.01591,0.00102,-0.00300,0.99987,-1.45755,-0.03747,-0.00201
70291000000,25.10406,-12.95266,-0.04551,-0.01554,0.00099,-0.00303,0.99987,-1.46100,-0.03838,-0.00167
70357000000,25.00806,-12.95454,-0.04585,-0.01519,0.00097,-0.00301,0.99988,-1.46051,-0.03511,-0.00079
70423000000,24.90990,-12.95748,-0.04493,-0.01490,0.00090,-0.00303,0.99988,-1.46071,-0.03528,-0.00110
70456000000,24.86189,-12.95887,-0.04500,-0.01471,0.00096,-0.00302,0.99989,-1.46015,-0.03542,-0.00217
70522000000,24.76545,-12.96125,-0.04448,-0.01438,0.00097,-0.00302,0.99989,-1.44118,-0.03078,-0.00091
70588000000,24.67057,-12.96269,-0.04474,-0.01376,0.00097,-0.00291,0.99990,-1.44810,-0.02390,-0.00321
70687000000,24.52528,-12.96507,-0.04446,-0.01295,0.00093,-0.00291,0.99991,-1.45588,-0.02230,-0.00391
70753000000,24.42850,-12.96642,-0.04472,-0.01246,0.00081,-0.00292,0.99992,-1.45686,-0.02172,-0.00510
70819000000,24.33111,-12.96851,-0.04402,-0.01208,0.00078,-0.00295,0.99992,-1.45653,-0.02090,-0.00260
70852000000,24.27759,-12.97015,-0.04335,-0.01187,0.00070,-0.00296,0.99992,-1.46275,-0.02200,-0.00110
70885000000,24.22881,-12.97101,-0.04346,-0.01171,0.00069,-0.00296,0.99993,-1.46281,-0.02229,-0.00048
70951000000,24.12993,-12.97357,-0.04275,-0.01135,0.00062,-0.00301,0.99993,-1.46567,-0.02279,-0.00245
70984000000,24.08299,-12.97452,-0.04277,-0.01120,0.00064,-0.00304,0.99993,-1.46450,-0.02071,-0.00280
71050000000,23.98517,-12.97656,-0.04222,-0.01084,0.00066,-0.00303,0.99994,-1.46384,-0.02016,-0.00152
71083000000,23.93733,-12.97762,-0.04222,-0.01064,0.00066,-0.00302,0.99994,-1.46320,-0.01989,0.00075
71149000000,23.84074,-12.97906,-0.04211,-0.01033,0.00063,-0.00300,0.99994,-1.46263,-0.01945,0.00164
71182000000,23.79141,-12.98082,-0.04133,-0.01019,0.00064,-0.00306,0.99994,-1.46438,-0.02029,0.00214
71248000000,23.69476,-12.98237,-0.04112,-0.00981,0.00054,-0.00312,0.99995,-1.46230,-0.02041,0.00261
71314000000,23.59688,-12.98507,-0.03998,-0.00955,0.00043,-0.00320,0.99995,-1.46339,-0.02233,0.00533
71413000000,23.45308,-12.98635,-0.03989,-0.00922,0.00043,-0.00319,0.99995,-1.46188,-0.02033,0.00581
71479000000,23.35538,-12.98841,-0.03900,-0.00902,0.00048,-0.00316,0.99995,-1.46273,-0.01934,0.00598
71545000000,23.25839,-12.98981,-0.03841,-0.00884,0.00053,-0.00322,0.99996,-1.46207,-0.01949,0.00662
71644000000,23.11362,-12.99139,-0.03794,-0.00851,0.00057,-0.00324,0.99996,-1.45634,-0.01850,0.00615
71710000000,23.01767,-12.99253,-0.03772,-0.00811,0.00058,-0.00326,0.99996,-1.42863,-0.01385,0.00603
71743000000,22.97080,-12.99315,-0.03761,-0.00775,0.00055,-0.00331,0.99996,-1.41396,-0.00760,0.00573
71809000000,22.87364,-12.99410,-0.03747,-0.00672,0.00051,-0.00330,0.99997,-1.44693,-0.00069,0.00597
71875000000,22.77704,-12.99375,-0.03702,-0.00556,0.00050,-0.00328,0.99998,-1.47039,0.00120,0.00718
71908000000,22.72564,-12.99373,-0.03690,-0.00511,0.00040,-0.00327,0.99998,-1.47357,0.00198,0.00865
71974000000,22.62780,-12.99386,-0.03632,-0.00416,0.00036,-0.00332,0.99999,-1.47348,0.00471,0.00963
72040000000,22.52750,-12.99360,-0.03583,-0.00333,0.00031,-0.00332,0.99999,-1.47633,0.00710,0.01142
72106000000,22.43015,-12.99298,-0.03526,-0.00244,0.00032,-0.00339,0.99999,-1.47537,0.00748,0.01152
72172000000,22.33174,-12.99299,-0.03498,-0.00170,0.00040,-0.00338,0.99999,-1.47623,0.00560,0.01232
72238000000,22.23478,-12.99237,-0.03435,-0.00103,0.00036,-0.00339,0.99999,-1.47491,0.00743,0.01154
72304000000,22.13581,-12.99149,-0.03426,-0.00032,0.00030,-0.00342,0.99999,-1.47561,0.00805,0.01011
72370000000,22.03897,-12.99081,-0.03361,0.00033,0.00027,-0.00333,0.99999,-1.47469,0.00885,0.01106
72403000000,21.98913,-12.99058,-0.03411,0.00068,0.00025,-0.00330,0.99999,-1.47593,0.00920,0.00965
72436000000,21.94246,-12.99009,-0.03362,0.00103,0.00022,-0.00330,0.99999,-1.47294,0.00966,0.01032
72535000000,21.79563,-12.98918,-0.03329,0.00190,0.00017,-0.00332,0.99999,-1.47338,0.01054,0.01008
72634000000,21.65029,-12.98863,-0.03189,0.00261,0.00004,-0.00330,0.99999,-1.47155,0.01157,0.01181
72667000000,21.60143,-12.98856,-0.03206,0.00290,0.00004,-0.00332,0.99999,-1.47195,0.01144,0.01103
72733000000,21.50280,-12.98912,-0.03168,0.00335,0.00007,-0.00335,0.99999,-1.47479,0.00997,0.01244
72832000000,21.35580,-12.98730,-0.03053,0.00405,-0.00003,-0.00326,0.99999,-1.47688,0.01072,0.01408
72898000000,21.25696,-12.98587,-0.03044,0.00441,0.00002,-0.00321,0.99999,-1.47672,0.01452,0.01374
72964000000,21.15943,-12.98415,-0.02989,0.00473,-0.00001,-0.00319,0.99998,-1.47624,0.01585,0.01424
72997000000,21.10963,-12.98275,-0.03044,0.00494,0.00002,-0.00316,0.99998,-1.47744,0.01796,0.01316
73096000000,20.96304,-12.98187,-0.02873,0.00550,-0.00003,-0.00316,0.99998,-1.47665,0.01711,0.01527
73162000000,20.86473,-12.98121,-0.02886,0.00576,0.00004,-0.00324,0.99998,-1.47662,0.01795,0.01442
73261000000,20.71873,-12.97896,-0.02779,0.00614,-0.00001,-0.00324,0.99998,-1.47514,0.01965,0.01494
73327000000,20.61983,-12.97731,-0.02802,0.00640,0.00008,-0.00321,0.99997,-1.47483,0.01963,0.01411
73393000000,20.52199,-12.97605,-0.02818,0.00668,0.00007,-0.00321,0.99997,-1.47584,0.01996,0.01351
73426000000,20.47403,-12.97571,-0.02773,0.00682,0.00009,-0.00324,0.99997,-1.47454,0.01922,0.01262
73525000000,20.32777,-12.97321,-0.02801,0.00715,0.00012,-0.00319,0.99997,-1.47461,0.02117,0.01193
73591000000,20.22946,-12.97177,-0.02856,0.00737,0.00015,-0.00323,0.99997,-1.47522,0.02022,0.01264
73657000000,20.13232,-12.97055,-0.02906,0.00753,0.00016,-0.00328,0.99997,-1.47444,0.01908,0.00898
73723000000,20.03616,-12.96845,-0.02784,0.00761,0.00009,-0.00318,0.99997,-1.47187,0.01955,0.01022
73789000000,19.94035,-12.96626,-0.02795,0.00779,0.00011,-0.00320,0.99996,-1.46928,0.02067,0.00952
73855000000,19.84259,-12.96462,-0.02752,0.00793,0.00013,-0.00316,0.99996,-1.47149,0.01951,0.01022
73888000000,19.79455,-12.96321,-0.02782,0.00798,0.00019,-0.00315,0.99996,-1.47073,0.02069,0.01087
73987000000,19.64934,-12.96127,-0.02665,0.00806,0.00019,-0.00309,0.99996,-1.46939,0.02105,0.01134
74053000000,19.55315,-12.95910,-0.02699,0.00828,0.00025,-0.00314,0.99996,-1.46976,0.02250,0.00906
74119000000,19.45649,-12.95730,-0.02713,0.00842,0.00023,-0.00308,0.99996,-1.47045,0.02251,0.00869
74218000000,19.31065,-12.95497,-0.02624,0.00861,0.00017,-0.00310,0.99996,-1.47120,0.02303,0.00669
74284000000,19.21503,-12.95257,-0.02658,0.00867,0.00014,-0.00313,0.99996,-1.46866,0.02423,0.00505
74317000000,19.16716,-12.95134,-0.02663,0.00871,0.00014,-0.00313,0.99996,-1.46813,0.02496,0.00546
74383000000,19.07043,-12.94924,-0.02635,0.00882,0.00019,-0.00315,0.99996,-1.46748,0.02676,0.00698
74416000000,19.02192,-12.94791,-0.02626,0.00887,0.00015,-0.00316,0.99996,-1.46783,0.02775,0.00629
74449000000,18.97333,-12.94696,-0.02606,0.00896,0.00014,-0.00313,0.99995,-1.46706,0.02872,0.00624
74515000000,18.87586,-12.94467,-0.02598,0.00905,0.00011,-0.00304,0.99995,-1.46714,0.02983,0.00549
74581000000,18.77977,-12.94260,-0.02580,0.00922,0.00017,-0.00312,0.99995,-1.46695,0.03124,0.00526
74680000000,18.63243,-12.93942,-0.02546,0.00917,0.00026,-0.00312,0.99995,-1.51032,0.02680,0.00565
74746000000,18.53213,-12.93824,-0.02527,0.00859,0.00026,-0.00308,0.99996,-1.51399,0.01529,0.00598
74779000000,18.48191,-12.93808,-0.02567,0.00818,0.00023,-0.00314,0.99996,-1.49438,0.01019,0.00476
74845000000,18.38543,-12.93739,-0.02524,0.00717,0.00026,-0.00313,0.99997,-1.46303,0.00752,0.00546
74911000000,18.28676,-12.93738,-0.02549,0.00629,0.00011,-0.00316,0.99998,-1.46562,0.00272,0.00306
75010000000,18.14480,-12.93585,-0.02524,0.00490,0.00010,-0.00307,0.99998,-1.46220,0.00274,0.00030
75076000000,18.04719,-12.93587,-0.02562,0.00406,0.00002,-0.00300,0.99999,-1.46355,0.00058,-0.00014
75109000000,17.99829,-12.93587,-0.02546,0.00362,-0.00002,-0.00297,0.99999,-1.46407,-0.00070,0.00051
75175000000,17.90080,-12.93622,-0.02546,0.00287,-0.00005,-0.00295,0.99999,-1.46486,-0.00146,0.00031
75208000000,17.85257,-12.93626,-0.02543,0.00252,-0.00007,-0.00299,0.99999,-1.46569,-0.00188,0.00027
75274000000,17.75557,-12.93611,-0.02538,0.00183,-0.00013,-0.00302,0.99999,-1.46679,-0.00287,-0.00020
75307000000,17.70702,-12.93632,-0.02503,0.00151,-0.00019,-0.00302,0.99999,-1.46705,-0.00319,0.00140
75373000000,17.60910,-12.93659,-0.02483,0.00087,-0.00020,-0.00300,1.00000,-1.47108,-0.00446,0.00193
75505000000,17.41904,-12.93726,-0.02454,-0.00023,-0.00024,-0.00296,1.00000,-1.46715,-0.00545,0.00301
75571000000,17.32189,-12.93837,-0.02451,-0.00074,-0.00027,-0.00297,1.00000,-1.46779,-0.00564,0.00373
75604000000,17.27191,-12.93841,-0.02439,-0.00095,-0.00030,-0.00295,1.00000,-1.46918,-0.00625,0.00404
75670000000,17.17440,-12.93961,-0.02415,-0.00138,-0.00022,-0.00290,0.99999,-1.46990,-0.00499,0.00179
75736000000,17.07690,-12.94007,-0.02415,-0.00177,-0.00023,-0.00298,0.99999,-1.47237,-0.00570,0.00121
75802000000,16.97972,-12.94049,-0.02407,-0.00222,-0.00020,-0.00294,0.99999,-1.47233,-0.00447,0.00192
75868000000,16.88033,-12.94213,-0.02371,-0.00259,-0.00013,-0.00293,0.99999,-1.47576,-0.00613,0.00252
75934000000,16.78330,-12.94247,-0.02377,-0.00294,-0.00007,-0.00300,0.99999,-1.47700,-0.00639,0.00128
75967000000,16.73294,-12.94388,-0.02346,-0.00308,-0.00008,-0.00305,0.99999,-1.47809,-0.00957,0.00122
76033000000,16.63739,-12.94441,-0.02326,-0.00331,-0.00006,-0.00305,0.99999,-1.46031,-0.00927,-0.00048
76132000000,16.49322,-12.94542,-0.02279,-0.00307,-0.00006,-0.00313,0.99999,-1.46121,-0.00187,-0.00013
76198000000,16.39645,-12.94592,-0.02260,-0.00280,-0.00006,-0.00317,0.99999,-1.48156,-0.00442,-0.00046
76264000000,16.29958,-12.94651,-0.02255,-0.00248,-0.00001,-0.00316,0.99999,-1.48162,-0.00530,-0.00063
76330000000,16.20241,-12.94645,-0.02255,-0.00226,0.00001,-0.00315,0.99999,-1.48043,-0.00277,-0.00133
76429000000,16.05735,-12.94614,-0.02251,-0.00179,-0.00006,-0.00314,0.99999,-1.47856,0.00062,-0.00282
76528000000,15.91050,-12.94526,-0.02274,-0.00150,-0.00020,-0.00311,0.99999,-1.48040,0.00339,-0.00513
76627000000,15.76380,-12.94496,-0.02229,-0.00116,-0.00029,-0.00312,0.99999,-1.48229,0.00381,-0.00324
76726000000,15.61752,-12.94516,-0.02224,-0.00088,-0.00039,-0.00315,0.99999,-1.48261,0.00490,-0.00575
76792000000,15.52046,-12.94602,-0.02096,-0.00068,-0.00040,-0.00318,0.99999,-1.48329,0.00436,-0.00335
76891000000,15.37315,-12.94458,-0.02189,-0.00047,-0.00044,-0.00316,0.99999,-1.48328,0.00654,-0.00392
76957000000,15.27514,-12.94411,-0.02090,-0.00023,-0.00047,-0.00317,0.99999,-1.48354,0.00506,-0.00446
77023000000,15.17625,-12.94467,-0.01991,-0.00009,-0.00046,-0.00327,0.99999,-1.48662,0.00300,-0.00588
77122000000,15.03111,-12.94484,-0.02056,0.00012,-0.00050,-0.00328,0.99999,-1.48660,0.00262,-0.00839
77221000000,14.88449,-12.94497,-0.01999,0.00020,-0.00042,-0.00329,0.99999,-1.48866,0.00449,-0.00927
77320000000,14.73606,-12.94470,-0.01971,0.00044,-0.00034,-0.00326,0.99999,-1.49202,0.00409,-0.01029
77386000000,14.63801,-12.94446,-0.01929,0.00056,-0.00039,-0.00320,0.99999,-1.49165,0.00577,-0.01134
77452000000,14.53862,-12.94398,-0.01902,0.00064,-0.00038,-0.00321,0.99999,-1.49400,0.00500,-0.01018
77518000000,14.44057,-12.94332,-0.01899,0.00073,-0.00036,-0.00319,0.99999,-1.49230,0.00690,-0.01087
77584000000,14.34232,-12.94280,-0.01955,0.00090,-0.00032,-0.00315,0.99999,-1.49235,0.00765,-0.01139
77650000000,14.24243,-12.94316,-0.01979,0.00110,-0.00028,-0.00323,0.99999,-1.49588,0.00695,-0.01094
77749000000,14.09505,-12.94254,-0.02108,0.00121,-0.00032,-0.00323,0.99999,-1.49699,0.00746,-0.01097
77815000000,13.99579,-12.94215,-0.02096,0.00129,-0.00041,-0.00322,0.99999,-1.49673,0.00642,-0.00981
77881000000,13.89560,-12.94259,-0.02077,0.00136,-0.00045,-0.00325,0.99999,-1.49877,0.00474,-0.01209
77947000000,13.79653,-12.94205,-0.02144,0.00135,-0.00052,-0.00322,0.99999,-1.50081,0.00788,-0.01271
77980000000,13.74643,-12.94236,-0.02068,0.00140,-0.00050,-0.00319,0.99999,-1.50144,0.00714,-0.01060
78046000000,13.64755,-12.94168,-0.02174,0.00148,-0.00046,-0.00314,0.99999,-1.50264,0.00782,-0.01242
78145000000,13.49922,-12.94088,-0.02198,0.00154,-0.00042,-0.00306,0.99999,-1.50221,0.00705,-0.01522
78244000000,13.35179,-12.94021,-0.02372,0.00158,-0.00035,-0.00298,0.99999,-1.50367,0.00574,-0.01633
78310000000,13.25286,-12.94006,-0.02307,0.00163,-0.00038,-0.00296,0.99999,-1.50213,0.00493,-0.01410
78376000000,13.15307,-12.93964,-0.02394,0.00159,-0.00033,-0.00295,0.99999,-1.50238,0.00405,-0.01434
78442000000,13.05467,-12.93969,-0.02295,0.00165,-0.00038,-0.00302,0.99999,-1.50118,0.00260,-0.01289
78508000000,12.95485,-12.93894,-0.02332,0.00164,-0.00045,-0.00295,0.99999,-1.50144,0.00446,-0.01275
78574000000,12.85746,-12.93803,-0.02223,0.00165,-0.00045,-0.00288,0.99999,-1.50033,0.00575,-0.01067
78640000000,12.75780,-12.93824,-0.02288,0.00169,-0.00047,-0.00292,0.99999,-1.50173,0.00589,-0.01136
78673000000,12.70774,-12.93914,-0.02177,0.00171,-0.00049,-0.00297,0.99999,-1.50295,0.00413,-0.00937
78706000000,12.65880,-12.93875,-0.02192,0.00173,-0.00049,-0.00299,0.99999,-1.50239,0.00573,-0.00940
78772000000,12.56054,-12.93828,-0.02101,0.00179,-0.00046,-0.00301,0.99999,-1.50054,0.00515,-0.00881
78838000000,12.46082,-12.93820,-0.02143,0.00178,-0.00052,-0.00293,0.99999,-1.50165,0.00508,-0.01025
78937000000,12.31462,-12.93802,-0.02142,0.00177,-0.00045,-0.00295,0.99999,-1.50201,0.00379,-0.01024
78970000000,12.26576,-12.93757,-0.02197,0.00171,-0.00043,-0.00292,0.99999,-1.50336,0.00428,-0.00949
79135000000,12.02090,-12.93728,-0.02366,0.00165,-0.00040,-0.00301,0.99999,-1.49953,0.00542,-0.01571
79201000000,11.92283,-12.93639,-0.02437,0.00172,-0.00042,-0.00303,0.99999,-1.50151,0.00738,-0.01637
79234000000,11.87175,-12.93652,-0.02473,0.00172,-0.00045,-0.00301,0.99999,-1.50337,0.00694,-0.01670
79300000000,11.77349,-12.93610,-0.02458,0.00171,-0.00047,-0.00304,0.99999,-1.50369,0.00573,-0.01653
79399000000,11.62445,-12.93574,-0.02590,0.00179,-0.00055,-0.00312,0.99999,-1.50172,0.00578,-0.01714
79498000000,11.47682,-12.93565,-0.02519,0.00179,-0.00057,-0.00309,0.99999,-1.50207,0.00496,-0.01566
79564000000,11.37915,-12.93495,-0.02403,0.00183,-0.00061,-0.00308,0.99999,-1.50262,0.00573,-0.01344
79597000000,11.33186,-12.93496,-0.02296,0.00182,-0.00058,-0.00310,0.99999,-1.50029,0.00541,-0.01161
79696000000,11.18417,-12.93380,-0.02437,0.00189,-0.00059,-0.00310,0.99999,-1.50146,0.00657,-0.01288
79762000000,11.08690,-12.93329,-0.02350,0.00191,-0.00061,-0.00313,0.99999,-1.49783,0.00743,-0.01074
79861000000,10.93900,-12.93234,-0.02303,0.00193,-0.00054,-0.00319,0.99999,-1.49992,0.00613,-0.00960
79960000000,10.79089,-12.93198,-0.02397,0.00192,-0.00054,-0.00325,0.99999,-1.50090,0.00774,-0.01024
79993000000,10.74334,-12.93182,-0.02308,0.00192,-0.00046,-0.00325,0.99999,-1.49932,0.00728,-0.00963
80059000000,10.64570,-12.93153,-0.02266,0.00196,-0.00047,-0.00332,0.99999,-1.49765,0.00801,-0.00880
80092000000,10.59623,-12.93119,-0.02288,0.00191,-0.00050,-0.00336,0.99999,-1.49726,0.00955,-0.00871
80158000000,10.49864,-12.93091,-0.02233,0.00196,-0.00046,-0.00340,0.99999,-1.49713,0.00896,-0.00596
80224000000,10.39925,-12.93079,-0.02278,0.00199,-0.00050,-0.00343,0.99999,-1.49797,0.00757,-0.00786
80290000000,10.30105,-12.92973,-0.02234,0.00205,-0.00052,-0.00338,0.99999,-1.49683,0.00891,-0.00764
80356000000,10.20416,-12.92843,-0.02225,0.00215,-0.00047,-0.00334,0.99999,-1.49477,0.00904,-0.00683
80422000000,10.10791,-12.92772,-0.02221,0.00217,-0.00043,-0.00337,0.99999,-1.49163,0.00941,-0.00664
80488000000,10.01117,-12.92705,-0.02230,0.00218,-0.00033,-0.00336,0.99999,-1.48721,0.00911,-0.00565
80521000000,9.96285,-12.92669,-0.02219,0.00218,-0.00038,-0.00334,0.99999,-1.48745,0.00886,-0.00520
80587000000,9.86501,-12.92628,-0.02231,0.00221,-0.00032,-0.00341,0.99999,-1.48628,0.00657,-0.00441
80653000000,9.76654,-12.92568,-0.02274,0.00218,-0.00029,-0.00343,0.99999,-1.48499,0.00587,-0.00423
80686000000,9.71726,-12.92585,-0.02259,0.00225,-0.00029,-0.00348,0.99999,-1.48540,0.00466,-0.00455
80752000000,9.61952,-12.92578,-0.02263,0.00227,-0.00028,-0.00353,0.99999,-1.48442,0.00346,-0.00387
80818000000,9.52141,-12.92556,-0.02289,0.00227,-0.00027,-0.00353,0.99999,-1.48285,0.00400,-0.00359
80917000000,9.37380,-12.92518,-0.02291,0.00222,-0.00027,-0.00360,0.99999,-1.48263,0.00465,-0.00071
80983000000,9.27523,-12.92488,-0.02279,0.00221,-0.00031,-0.00356,0.99999,-1.48235,0.00365,0.00058
81049000000,9.17747,-12.92430,-0.02276,0.00226,-0.00027,-0.00352,0.99999,-1.48177,0.00418,-0.00067
81115000000,9.07946,-12.92364,-0.02284,0.00231,-0.00018,-0.00348,0.99999,-1.48005,0.00280,-0.00010
81181000000,8.98158,-12.92305,-0.02286,0.00230,-0.00022,-0.00352,0.99999,-1.48012,0.00239,-0.00006
81247000000,8.88332,-12.92278,-0.02281,0.00228,-0.00019,-0.00354,0.99999,-1.47904,0.00128,0.00141
81313000000,8.78527,-12.92271,-0.02276,0.00230,-0.00018,-0.00356,0.99999,-1.47702,0.00288,0.00122
81412000000,8.63810,-12.92243,-0.02290,0.00241,-0.00017,-0.00350,0.99999,-1.48028,0.00193,0.00077
81478000000,8.53961,-12.92214,-0.02295,0.00240,-0.00021,-0.00346,0.99999,-1.48024,0.00068,0.00219
81577000000,8.39241,-12.92201,-0.02266,0.00247,-0.00031,-0.00347,0.99999,-1.48126,-0.00080,0.00446
81610000000,8.34284,-12.92179,-0.02263,0.00243,-0.00036,-0.00343,0.99999,-1.48247,-0.00190,0.00468
81709000000,8.19468,-12.92180,-0.02224,0.00242,-0.00038,-0.00345,0.99999,-1.48374,-0.00360,0.00752
81742000000,8.14576,-12.92193,-0.02205,0.00243,-0.00041,-0.00348,0.99999,-1.48311,-0.00379,0.00771
81808000000,8.04702,-12.92175,-0.02193,0.00247,-0.00043,-0.00356,0.99999,-1.48291,-0.00353,0.00584
81874000000,7.94920,-12.92183,-0.02161,0.00249,-0.00043,-0.00360,0.99999,-1.48208,-0.00373,0.00580
81973000000,7.80216,-12.92110,-0.02151,0.00251,-0.00038,-0.00350,0.99999,-1.48363,-0.00364,0.00385
82039000000,7.70398,-12.92020,-0.02183,0.00250,-0.00037,-0.00347,0.99999,-1.48328,-0.00305,0.00399
82072000000,7.65433,-12.91953,-0.02206,0.00255,-0.00041,-0.00347,0.99999,-1.48372,-0.00301,0.00421
82138000000,7.55632,-12.91899,-0.02206,0.00250,-0.00046,-0.00342,0.99999,-1.48313,-0.00336,0.00388
82204000000,7.45876,-12.91911,-0.02175,0.00245,-0.00048,-0.00337,0.99999,-1.48077,-0.00482,0.00477
82270000000,7.36074,-12.91862,-0.02170,0.00247,-0.00044,-0.00338,0.99999,-1.48204,-0.00381,0.00490
82336000000,7.26271,-12.91812,-0.02166,0.00243,-0.00051,-0.00338,0.99999,-1.48267,-0.00228,0.00511
82435000000,7.11953,-12.91770,-0.02158,0.00240,-0.00047,-0.00338,0.99999,-1.39694,-0.00249,0.00470
82501000000,7.02936,-12.91695,-0.02167,0.00232,-0.00048,-0.00345,0.99999,-1.34204,-0.00076,0.00521
82567000000,6.94375,-12.91610,-0.02159,0.00232,-0.00051,-0.00342,0.99999,-1.29131,-0.00034,0.00437
82633000000,6.86039,-12.91503,-0.02149,0.00229,-0.00051,-0.00327,0.99999,-1.24531,0.00028,0.00325
82732000000,6.74132,-12.91408,-0.02138,0.00232,-0.00042,-0.00314,0.99999,-1.17134,0.00142,0.00205
82765000000,6.70319,-12.91347,-0.02159,0.00234,-0.00046,-0.00320,0.99999,-1.14086,0.00101,0.00043
82831000000,6.62881,-12.91312,-0.02183,0.00244,-0.00051,-0.00321,0.99999,-1.09566,-0.00030,-0.00025
82864000000,6.59306,-12.91326,-0.02178,0.00246,-0.00051,-0.00324,0.99999,-1.06766,-0.00157,-0.00008
82930000000,6.52371,-12.91280,-0.02189,0.00245,-0.00055,-0.00326,0.99999,-1.02237,0.00002,0.00214
82996000000,6.45823,-12.91289,-0.02176,0.00241,-0.00056,-0.00326,0.99999,-0.97109,-0.00173,0.00316
83029000000,6.42622,-12.91237,-0.02178,0.00237,-0.00067,-0.00327,0.99999,-0.93718,0.00036,0.00328
83062000000,6.39558,-12.91217,-0.02163,0.00235,-0.00070,-0.00323,0.99999,-0.91081,-0.00051,0.00347
83095000000,6.36550,-12.91172,-0.02170,0.00232,-0.00076,-0.00319,0.99999,-0.89616,0.00026,0.00260
83128000000,6.33652,-12.91157,-0.02164,0.00233,-0.00075,-0.00320,0.99999,-0.86055,0.00151,0.00377
83161000000,6.30869,-12.91118,-0.02153,0.00232,-0.00077,-0.00317,0.99999,-0.83026,0.00206,0.00391
83194000000,6.28180,-12.91098,-0.02141,0.00229,-0.00079,-0.00314,0.99999,-0.80914,0.00262,0.00373
83227000000,6.25558,-12.91080,-0.02130,0.00231,-0.00080,-0.00311,0.99999,-0.78469,0.00268,0.00390
83260000000,6.23053,-12.91050,-0.02133,0.00227,-0.00076,-0.00313,0.99999,-0.75275,0.00103,0.00400
83293000000,6.20584,-12.91037,-0.02121,0.00227,-0.00079,-0.00306,0.99999,-0.73243,0.00183,0.00600
83326000000,6.18221,-12.91022,-0.02105,0.00224,-0.00082,-0.00312,0.99999,-0.70464,0.00248,0.00561
83359000000,6.15915,-12.90993,-0.02114,0.00226,-0.00080,-0.00310,0.99999,-0.67552,0.00167,0.00403
83392000000,6.13700,-12.90997,-0.02108,0.00230,-0.00078,-0.00313,0.99999,-0.65367,-0.00008,0.00468
83425000000,6.11629,-12.90991,-0.02097,0.00220,-0.00080,-0.00307,0.99999,-0.61646,0.00071,0.00551
83458000000,6.09672,-12.90970,-0.02109,0.00218,-0.00080,-0.00303,0.99999,-0.57645,0.00078,0.00497
83491000000,6.07741,-12.90966,-0.02103,0.00218,-0.00076,-0.00303,0.99999,-0.55259,-0.00024,0.00490
83524000000,6.05882,-12.90943,-0.02105,0.00220,-0.00078,-0.00302,0.99999,-0.53149,0.00054,0.00582
83557000000,6.04143,-12.90944,-0.02092,0.00224,-0.00086,-0.00302,0.99999,-0.49411,0.00029,0.00565
83590000000,6.02348,-12.90930,-0.02097,0.00227,-0.00092,-0.00305,0.99999,-0.47068,0.00036,0.00500
83623000000,6.00794,-12.90930,-0.02085,0.00231,-0.00092,-0.00304,0.99999,-0.44406,0.00086,0.00494
83656000000,5.99280,-12.90936,-0.02080,0.00234,-0.00099,-0.00310,0.99999,-0.40844,0.00038,0.00534
83689000000,5.97873,-12.90935,-0.02066,0.00233,-0.00101,-0.00308,0.99999,-0.38255,-0.00005,0.00486
83722000000,5.96427,-12.90907,-0.02087,0.00236,-0.00110,-0.00309,0.99999,-0.36157,0.00093,0.00414
83755000000,5.95242,-12.90889,-0.02085,0.00229,-0.00105,-0.00312,0.99999,-0.33143,0.00036,0.00481
83788000000,5.94026,-12.90870,-0.02079,0.00226,-0.00113,-0.00310,0.99999,-0.35907,0.00005,0.00490
83821000000,5.92743,-12.90867,-0.02069,0.00227,-0.00114,-0.00311,0.99999,-0.36933,-0.00077,0.00478
83854000000,5.91397,-12.90850,-0.02066,0.00222,-0.00116,-0.00311,0.99999,-0.38600,-0.00014,0.00448
83887000000,5.89723,-12.90796,-0.02119,0.00218,-0.00126,-0.00315,0.99999,-0.42184,-0.00044,0.00315
83920000000,5.88333,-12.90793,-0.02102,0.00221,-0.00127,-0.00316,0.99999,-0.44410,-0.00153,0.00357
83953000000,5.86826,-12.90803,-0.02085,0.00222,-0.00128,-0.00312,0.99999,-0.46655,-0.00132,0.00447
83986000000,5.85235,-12.90815,-0.02066,0.00224,-0.00132,-0.00317,0.99999,-0.49235,-0.00252,0.00595
84019000000,5.83214,-12.90784,-0.02109,0.00231,-0.00145,-0.00323,0.99999,-0.51065,-0.00153,0.00481
84052000000,5.81662,-12.90778,-0.02090,0.00230,-0.00140,-0.00320,0.99999,-0.47586,-0.00032,0.00378
84085000000,5.80125,-12.90770,-0.02089,0.00229,-0.00136,-0.00319,0.99999,-0.43971,0.00050,0.00412
84118000000,5.78701,-12.90780,-0.02081,0.00228,-0.00133,-0.00317,0.99999,-0.41803,0.00163,0.00388
84151000000,5.76991,-12.90736,-0.02143,0.00227,-0.00145,-0.00321,0.99999,-0.39571,0.00186,0.00349
84184000000,5.75717,-12.90732,-0.02129,0.00228,-0.00145,-0.00320,0.99999,-0.36729,0.00067,0.00313
84217000000,5.74498,-12.90725,-0.02125,0.00230,-0.00144,-0.00314,0.99999,-0.34838,0.00190,0.00252
84250000000,5.73360,-12.90715,-0.02121,0.00230,-0.00149,-0.00308,0.99999,-0.31632,0.00254,0.00309
84283000000,5.72307,-12.90702,-0.02109,0.00229,-0.00155,-0.00309,0.99999,-0.28969,0.00373,0.00366
84316000000,5.71110,-12.90689,-0.02171,0.00230,-0.00169,-0.00313,0.99999,-0.25799,0.00271,0.00312
84349000000,5.70282,-12.90685,-0.02146,0.00233,-0.00171,-0.00309,0.99999,-0.24262,0.00265,0.00319
84382000000,5.69466,-12.90680,-0.02136,0.00230,-0.00173,-0.00312,0.99999,-0.21823,0.00147,0.00354
84415000000,5.68734,-12.90672,-0.02124,0.00230,-0.00175,-0.00312,0.99999,-0.20328,0.00002,0.00381
84448000000,5.68084,-12.90668,-0.02114,0.00230,-0.00176,-0.00309,0.99999,-0.17394,0.00034,0.00452
84481000000,5.67488,-12.90668,-0.02105,0.00235,-0.00180,-0.00306,0.99999,-0.15145,0.00008,0.00339
84514000000,5.66988,-12.90675,-0.02090,0.00237,-0.00183,-0.00311,0.99999,-0.13703,-0.00008,0.00513
84547000000,5.66586,-12.90689,-0.02080,0.00239,-0.00183,-0.00314,0.99999,-0.10784,-0.00043,0.00524
84580000000,5.66256,-12.90694,-0.02064,0.00242,-0.00191,-0.00312,0.99999,-0.08595,-0.00077,0.00636
84613000000,5.66006,-12.90688,-0.02041,0.00238,-0.00192,-0.00312,0.99999,-0.06507,-0.00093,0.00684
84646000000,5.65846,-12.90681,-0.02029,0.00239,-0.00191,-0.00311,0.99999,-0.02581,-0.00026,0.00664
84679000000,5.65775,-12.90681,-0.02026,0.00240,-0.00192,-0.00310,0.99999,0.00205,-0.00080,0.00684
84712000000,5.65751,-12.90680,-0.02017,0.00237,-0.00196,-0.00311,0.99999,-0.00036,-0.00155,0.00591
84745000000,5.65723,-12.90677,-0.02008,0.00238,-0.00198,-0.00311,0.99999,-0.00171,-0.00043,0.00686
84778000000,5.65694,-12.90675,-0.02007,0.00237,-0.00198,-0.00314,0.99999,-0.00269,-0.00062,0.00570
84811000000,5.65671,-12.90670,-0.02003,0.00235,-0.00201,-0.00312,0.99999,-0.00354,-0.00016,0.00662
84844000000,5.65642,-12.90672,-0.01995,0.00238,-0.00204,-0.00319,0.99999,-0.00564,-0.00086,0.00634
84877000000,5.65612,-12.90682,-0.01986,0.00240,-0.00209,-0.00318,0.99999,-0.00665,-0.00258,0.00615
84910000000,5.65538,-12.90672,-0.01974,0.00235,-0.00209,-0.00324,0.99999,-0.00740,-0.00314,0.00588
84943000000,5.65522,-12.90662,-0.01981,0.00232,-0.00208,-0.00326,0.99999,-0.00753,-0.00343,0.00612
84976000000,5.65506,-12.90658,-0.01991,0.00232,-0.00205,-0.00328,0.99999,-0.00788,-0.00282,0.00663
85009000000,5.65480,-12.90665,-0.02004,0.00237,-0.00203,-0.00333,0.99999,-0.00863,-0.00275,0.00480
85042000000,5.65454,-12.90674,-0.02018,0.00237,-0.00202,-0.00334,0.99999,-0.00978,-0.00286,0.00229
85075000000,5.65436,-12.90675,-0.02030,0.00237,-0.00200,-0.00334,0.99999,-0.00962,-0.00406,0.00305
85108000000,5.65421,-12.90676,-0.02042,0.00236,-0.00197,-0.00333,0.99999,-0.00963,-0.00493,0.00289
85141000000,5.65405,-12.90679,-0.02043,0.00239,-0.00201,-0.00329,0.99999,-0.00963,-0.00404,0.00319
85174000000,5.65394,-12.90680,-0.02032,0.00239,-0.00205,-0.00327,0.99999,-0.00995,-0.00307,0.00368
85207000000,5.65383,-12.90681,-0.02027,0.00240,-0.00205,-0.00328,0.99999,-0.01075,-0.00300,0.00337
85240000000,5.65370,-12.90686,-0.02027,0.00241,-0.00207,-0.00325,0.99999,-0.01095,-0.00463,0.00347
85273000000,5.65361,-12.90689,-0.02026,0.00243,-0.00207,-0.00325,0.99999,-0.01132,-0.00408,0.00325
85306000000,5.65353,-12.90688,-0.02025,0.00242,-0.00209,-0.00325,0.99999,-0.01214,-0.00330,0.00192
85339000000,5.65344,-12.90687,-0.02023,0.00242,-0.00210,-0.00327,0.99999,-0.01440,-0.00354,0.00184
85372000000,5.65335,-12.90692,-0.02029,0.00243,-0.00208,-0.00327,0.99999,-0.01497,-0.00511,0.00081
85405000000,5.65330,-12.90693,-0.02028,0.00243,-0.00213,-0.00324,0.99999,-0.01546,-0.00471,-0.00042
85438000000,5.65329,-12.90688,-0.02027,0.00241,-0.00210,-0.00324,0.99999,-0.01604,-0.00416,-0.00062
85471000000,5.65322,-12.90689,-0.02040,0.00243,-0.00208,-0.00327,0.99999,-0.01600,-0.00342,-0.00030
85504000000,5.65316,-12.90692,-0.02048,0.00243,-0.00208,-0.00327,0.99999,-0.01679,-0.00338,-0.00150
85537000000,5.65311,-12.90696,-0.02045,0.00245,-0.00211,-0.00326,0.99999,-0.01789,-0.00440,-0.00123
85570000000,5.65303,-12.90704,-0.02044,0.00248,-0.00210,-0.00327,0.99999,-0.01867,-0.00427,-0.00042
85603000000,5.65297,-12.90710,-0.02049,0.00249,-0.00209,-0.00324,0.99999,-0.01904,-0.00416,-0.00121
85636000000,5.65301,-12.90706,-0.02043,0.00246,-0.00213,-0.00323,0.99999,-0.02051,-0.00434,-0.00164
85669000000,5.65306,-12.90702,-0.02035,0.00247,-0.00213,-0.00320,0.99999,-0.02049,-0.00438,-0.00136
85702000000,5.65306,-12.90703,-0.02036,0.00247,-0.00211,-0.00316,0.99999,-0.02115,-0.00430,-0.00119
85735000000,5.65313,-12.90694,-0.02039,0.00242,-0.00209,-0.00317,0.99999,-0.02266,-0.00363,-0.00084
85768000000,5.65319,-12.90684,-0.02043,0.00241,-0.00209,-0.00319,0.99999,-0.02350,-0.00336,-0.00071
85801000000,5.65321,-12.90683,-0.02052,0.00242,-0.00205,-0.00322,0.99999,-0.02328,-0.00242,-0.00192
85834000000,5.65319,-12.90688,-0.02058,0.00244,-0.00207,-0.00320,0.99999,-0.02451,-0.00335,-0.00279
85867000000,5.65314,-12.90701,-0.02056,0.00249,-0.00206,-0.00319,0.99999,-0.02461,-0.00458,-0.00123
85900000000,5.65309,-12.90714,-0.02061,0.00250,-0.00205,-0.00320,0.99999,-0.02402,-0.00485,-0.00119
85933000000,5.65311,-12.90718,-0.02063,0.00250,-0.00206,-0.00319,0.99999,-0.02376,-0.00619,-0.00261
85966000000,5.65318,-12.90716,-0.02061,0.00249,-0.00206,-0.00318,0.99999,-0.02350,-0.00517,-0.00357
85999000000,5.65327,-12.90707,-0.02065,0.00245,-0.00203,-0.00317,0.99999,-0.02398,-0.00626,-0.00448
86032000000,5.65337,-12.90700,-0.02066,0.00245,-0.00206,-0.00319,0.99999,-0.02444,-0.00574,-0.00591
86065000000,5.65340,-12.90699,-0.02066,0.00245,-0.00204,-0.00318,0.99999,-0.02629,-0.00624,-0.00497
86098000000,5.65342,-12.90702,-0.02064,0.00246,-0.00205,-0.00313,0.99999,-0.02598,-0.00678,-0.00481
86131000000,5.65352,-12.90697,-0.02053,0.00243,-0.00207,-0.00310,0.99999,-0.02596,-0.00661,-0.00391
86164000000,5.65359,-12.90693,-0.02047,0.00246,-0.00206,-0.00308,0.99999,-0.02596,-0.00559,-0.00403
86197000000,5.65361,-12.90692,-0.02052,0.00245,-0.00202,-0.00307,0.99999,-0.02698,-0.00440,-0.00374
86230000000,5.65354,-12.90703,-0.02058,0.00252,-0.00204,-0.00309,0.99999,-0.02855,-0.00401,-0.00321
86263000000,5.65346,-12.90717,-0.02058,0.00253,-0.00203,-0.00307,0.99999,-0.02819,-0.00369,-0.00166
86296000000,5.65349,-12.90721,-0.02052,0.00254,-0.00205,-0.00308,0.99999,-0.02797,-0.00432,-0.00109
