69532000000,-0.00021,-0.00040,-0.00013,0.99999,0.00144,-0.00450,0.00005,-0.00905,-0.00780,0.00444
69565000000,-0.00045,-0.00049,0.00020,0.99999,0.00107,-0.00396,0.00005,-0.00937,-0.00818,0.00370
69598000000,-0.00048,-0.00051,0.00024,0.99999,0.00090,-0.00376,0.00006,-0.00864,-0.00754,0.00374
69631000000,-0.00052,-0.00056,0.00026,0.99999,0.00088,-0.00368,0.00007,-0.00915,-0.00871,0.00357
69664000000,-0.00048,-0.00053,0.00022,0.99999,0.00067,-0.00347,0.00005,-0.00819,-0.00915,0.00326
69697000000,-0.00043,-0.00050,0.00016,0.99999,0.00050,-0.00327,0.00005,-0.00714,-0.00747,0.00218
69730000000,-0.00038,-0.00045,0.00012,1.00000,0.00037,-0.00313,0.00005,-0.00645,-0.00697,0.00187
69763000000,-0.00039,-0.00045,0.00012,1.00000,0.00033,-0.00307,0.00006,-0.00578,-0.00627,0.00198
69796000000,-0.00034,-0.00039,0.00010,1.00000,0.00018,-0.00294,0.00002,-0.00513,-0.00611,0.00165
69829000000,-0.00029,-0.00037,0.00009,1.00000,0.00006,-0.00284,0.00003,-0.00421,-0.00674,0.00212
69862000000,-0.00027,-0.00037,0.00009,1.00000,-0.00001,-0.00280,0.00004,-0.00345,-0.00735,0.00312
69895000000,-0.00022,-0.00034,0.00008,1.00000,-0.00013,-0.00275,0.00001,-0.00434,-0.00696,0.00416
69928000000,-0.00022,-0.00032,0.00008,1.00000,-0.00017,-0.00271,0.00004,-0.00385,-0.00678,0.00361
69961000000,-0.00020,-0.00031,0.00004,1.00000,-0.00021,-0.00271,0.00003,-0.00383,-0.00677,0.00332
69994000000,-0.00021,-0.00031,0.00004,1.00000,-0.00022,-0.00266,0.00004,-0.00527,-0.00677,0.00413
70027000000,-0.00011,-0.00023,0.00014,1.00000,-0.00026,-0.00268,0.00001,-0.00462,-0.00540,0.00286
70060000000,-0.00008,-0.00020,0.00009,1.00000,-0.00036,-0.00261,-0.00000,-0.00532,-0.00551,0.00204
70093000000,-0.00014,-0.00024,-0.00005,1.00000,-0.00038,-0.00259,0.00003,-0.00520,-0.00508,0.00185
70126000000,-0.00015,-0.00023,-0.00003,1.00000,-0.00039,-0.00255,0.00003,-0.00532,-0.00425,0.00249
70159000000,-0.00015,-0.00022,-0.00003,1.00000,-0.00036,-0.00256,0.00002,-0.00518,-0.00350,0.00233
70192000000,-0.00012,-0.00018,-0.00004,1.00000,-0.00041,-0.00252,0.00000,-0.00463,-0.00248,0.00208
70225000000,-0.00011,-0.00016,-0.00005,1.00000,-0.00042,-0.00249,0.00000,-0.00532,-0.00239,0.00225
70258000000,-0.00009,-0.00014,-0.00004,1.00000,-0.00048,-0.00243,-0.00000,-0.00494,-0.00280,0.00351
70291000000,-0.00008,-0.00014,-0.00002,1.00000,-0.00045,-0.00242,0.00002,-0.00533,-0.00262,0.00366
70324000000,-0.00009,-0.00013,-0.00001,1.00000,-0.00045,-0.00242,0.00002,-0.00532,-0.00223,0.00469
70357000000,-0.00009,-0.00014,0.00000,1.00000,-0.00045,-0.00237,0.00000,-0.00556,-0.00298,0.00453
70390000000,-0.00009,-0.00015,-0.00000,1.00000,-0.00044,-0.00239,0.00003,-0.00503,-0.00303,0.00453
70423000000,-0.00008,-0.00015,0.00000,1.00000,-0.00043,-0.00239,0.00002,-0.00402,-0.00350,0.00429
70456000000,-0.00005,-0.00014,-0.00002,1.00000,-0.00046,-0.00239,-0.00001,-0.00289,-0.00186,0.00368
70489000000,-0.00004,-0.00012,-0.00004,1.00000,-0.00041,-0.00238,0.00004,-0.00198,-0.00112,0.00243
70522000000,-0.00003,-0.00012,-0.00004,1.00000,-0.00044,-0.00238,0.00001,-0.00237,-0.00181,0.00362
70555000000,-0.00003,-0.00013,-0.00002,1.00000,-0.00043,-0.00237,0.00001,-0.00299,-0.00295,0.00420
70588000000,-0.00005,-0.00015,-0.00002,1.00000,-0.00041,-0.00237,0.00002,-0.00346,-0.00351,0.00370
70621000000,-0.00006,-0.00015,-0.00002,1.00000,-0.00042,-0.00238,0.00002,-0.00413,-0.00306,0.00442
70654000000,0.00003,-0.00008,0.00010,1.00000,-0.00046,-0.00234,0.00000,-0.00448,-0.00277,0.00501
70687000000,0.00001,-0.00008,0.00010,1.00000,-0.00045,-0.00234,0.00002,-0.00473,-0.00342,0.00552
70720000000,0.00003,-0.00009,0.00011,1.00000,-0.00047,-0.00235,0.00001,-0.00466,-0.00405,0.00436
70753000000,0.00002,-0.00008,0.00007,1.00000,-0.00049,-0.00232,0.00000,-0.00434,-0.00443,0.00238
70786000000,-0.00004,-0.00015,-0.00006,1.00000,-0.00048,-0.00236,0.00003,-0.00385,-0.00521,0.00165
70819000000,-0.00003,-0.00015,-0.00007,1.00000,-0.00048,-0.00232,-0.00000,-0.00421,-0.00492,0.00189
70852000000,-0.00003,-0.00013,-0.00006,1.00000,-0.00045,-0.00235,-0.00001,-0.00311,-0.00366,0.00283
70885000000,-0.00001,-0.00011,-0.00007,1.00000,-0.00045,-0.00235,0.00000,-0.00293,-0.00141,0.00230
70918000000,-0.00001,-0.00008,-0.00006,1.00000,-0.00047,-0.00233,0.00002,-0.00278,-0.00022,0.00360
70951000000,-0.00001,-0.00007,-0.00005,1.00000,-0.00048,-0.00234,0.00001,-0.00324,-0.00025,0.00335
70984000000,-0.00001,-0.00004,-0.00006,1.00000,-0.00047,-0.00234,0.00001,-0.00404,0.00134,0.00303
71017000000,-0.00002,-0.00004,-0.00007,1.00000,-0.00046,-0.00234,0.00003,-0.00447,0.00156,0.00276
71050000000,-0.00003,-0.00005,-0.00007,1.00000,-0.00041,-0.00235,0.00003,-0.00434,0.00100,0.00312
71083000000,-0.00004,-0.00004,-0.00006,1.00000,-0.00042,-0.00235,-0.00001,-0.00579,0.00126,0.00298
71116000000,-0.00003,-0.00004,-0.00006,1.00000,-0.00043,-0.00235,0.00000,-0.00471,0.00157,0.00321
71149000000,-0.00003,-0.00004,-0.00007,1.00000,-0.00044,-0.00235,0.00000,-0.00496,0.00061,0.00254
71182000000,-0.00002,-0.00004,-0.00008,1.00000,-0.00044,-0.00238,0.00001,-0.00410,0.00119,0.00262
71215000000,-0.00000,-0.00004,-0.00009,1.00000,-0.00042,-0.00237,0.00003,-0.00381,-0.00006,0.00189
71248000000,-0.00000,-0.00004,-0.00009,1.00000,-0.00042,-0.00234,-0.00002,-0.00353,0.00032,0.00235
71281000000,0.00000,-0.00005,-0.00009,1.00000,-0.00044,-0.00234,0.00000,-0.00354,-0.00136,0.00238
71314000000,-0.00001,-0.00007,-0.00008,1.00000,-0.00044,-0.00235,0.00001,-0.00466,-0.00148,0.00318
71347000000,-0.00000,-0.00006,-0.00007,1.00000,-0.00046,-0.00234,-0.00000,-0.00347,-0.00130,0.00270
71380000000,0.00000,-0.00007,-0.00008,1.00000,-0.00045,-0.00233,-0.00001,-0.00468,-0.00304,0.00230
71413000000,0.00000,-0.00008,-0.00009,1.00000,-0.00045,-0.00232,0.00000,-0.00439,-0.00255,0.00193
71446000000,0.00000,-0.00006,-0.00009,1.00000,-0.00047,-0.00233,-0.00002,-0.00471,-0.00093,0.00268
71479000000,0.00006,-0.00000,0.00003,1.00000,-0.00045,-0.00231,0.00001,-0.00574,-0.00175,0.00266
71512000000,0.00004,-0.00001,0.00001,1.00000,-0.00043,-0.00230,0.00002,-0.00556,-0.00161,0.00222
71545000000,-0.00002,-0.00006,-0.00010,1.00000,-0.00045,-0.00231,-0.00001,-0.00563,-0.00117,0.00148
71578000000,-0.00003,-0.00006,-0.00010,1.00000,-0.00049,-0.00234,0.00001,-0.00639,-0.00181,0.00273
71611000000,-0.00003,-0.00007,-0.00009,1.00000,-0.00044,-0.00235,0.00001,-0.00583,-0.00204,0.00252
71644000000,-0.00002,-0.00007,-0.00011,1.00000,-0.00049,-0.00237,0.00002,-0.00576,-0.00166,0.00161
71677000000,-0.00002,-0.00006,-0.00011,1.00000,-0.00044,-0.00237,0.00001,-0.00538,-0.00128,0.00185
71710000000,-0.00002,-0.00005,-0.00011,1.00000,-0.00044,-0.00234,0.00001,-0.00626,-0.00007,0.00240
71743000000,-0.00003,-0.00003,-0.00010,1.00000,-0.00042,-0.00236,0.00001,-0.00496,0.00068,0.00239
71776000000,-0.00000,-0.00002,-0.00010,1.00000,-0.00042,-0.00236,0.00001,-0.00384,0.00257,0.00329
71809000000,0.00002,0.00000,-0.00009,1.00000,-0.00045,-0.00237,0.00001,-0.00282,0.00257,0.00326
71842000000,0.00003,-0.00000,-0.00009,1.00000,-0.00044,-0.00238,-0.00000,-0.00336,0.00169,0.00296
71875000000,0.00002,0.00000,-0.00009,1.00000,-0.00043,-0.00233,0.00002,-0.00343,0.00202,0.00362
71908000000,0.00001,0.00001,-0.00007,1.00000,-0.00044,-0.00235,-0.00001,-0.00400,0.00233,0.00492
71941000000,0.00001,0.00000,-0.00006,1.00000,-0.00045,-0.00235,-0.00000,-0.00341,0.00111,0.00505
71974000000,0.00002,-0.00002,-0.00006,1.00000,-0.00046,-0.00234,0.00001,-0.00373,0.00005,0.00543
72007000000,0.00002,-0.00004,-0.00008,1.00000,-0.00051,-0.00235,0.00003,-0.00362,-0.00076,0.00246
72040000000,0.00002,-0.00004,-0.00011,1.00000,-0.00050,-0.00236,0.00002,-0.00437,-0.00093,0.00252
72073000000,0.00000,-0.00004,-0.00011,1.00000,-0.00053,-0.00239,0.00000,-0.00550,-0.00116,0.00232
72106000000,0.00001,-0.00003,-0.00011,1.00000,-0.00050,-0.00233,-0.00000,-0.00424,-0.00097,0.00221
72139000000,0.00002,-0.00003,-0.00011,1.00000,-0.00051,-0.00237,-0.00001,-0.00381,-0.00044,0.00304
72172000000,0.00001,-0.00003,-0.00010,1.00000,-0.00052,-0.00232,0.00004,-0.00418,-0.00100,0.00300
72205000000,0.00003,-0.00005,-0.00011,1.00000,-0.00051,-0.00232,0.00002,-0.00274,-0.00212,0.00294
72238000000,0.00005,-0.00005,-0.00010,1.00000,-0.00051,-0.00232,0.00001,-0.00321,-0.00309,0.00374
72271000000,0.00005,-0.00006,-0.00010,1.00000,-0.00056,-0.00233,0.00001,-0.00241,-0.00290,0.00319
72304000000,0.00006,-0.00006,-0.00009,1.00000,-0.00053,-0.00235,0.00001,-0.00257,-0.00354,0.00342
72337000000,0.00016,0.00001,0.00002,1.00000,-0.00055,-0.00233,-0.00001,-0.00238,-0.00305,0.00348
72370000000,0.00013,0.00000,0.00001,1.00000,-0.00056,-0.00229,0.00000,-0.00389,-0.00361,0.00270
72403000000,0.00075,-0.00007,-0.00010,1.00000,-0.00053,-0.00229,0.00001,0.03041,-0.00299,0.00219
72436000000,0.00264,-0.00004,-0.00007,1.00000,-0.00058,-0.00227,-0.00001,0.06144,-0.00268,0.00254
72469000000,0.00552,-0.00026,-0.00000,1.00000,-0.00057,-0.00221,-0.00004,0.10416,-0.00392,0.00340
72502000000,0.00977,-0.00032,0.00008,1.00000,-0.00059,-0.00222,-0.00015,0.14697,-0.00347,0.00356
72535000000,0.01471,-0.00056,0.00009,1.00000,-0.00058,-0.00221,-0.00020,0.16719,-0.00402,0.00266
72568000000,0.02093,-0.00071,0.00000,1.00000,-0.00059,-0.00223,-0.00034,0.19081,-0.00470,0.00346
72601000000,0.02818,-0.00082,-0.00005,1.00000,-0.00059,-0.00226,-0.00053,0.22352,-0.00531,0.00275
72634000000,0.03666,-0.00095,-0.00003,1.00000,-0.00064,-0.00224,-0.00078,0.26606,-0.00631,0.00399
72667000000,0.04611,-0.00082,0.00023,1.00000,-0.00061,-0.00221,-0.00114,0.30215,-0.00741,0.00442
72700000000,0.05647,-0.00138,0.00040,1.00000,-0.00064,-0.00221,-0.00151,0.34530,-0.01046,0.00448
72733000000,0.06772,-0.00254,0.00044,1.00000,-0.00059,-0.00228,-0.00187,0.37164,-0.01580,0.00558
72766000000,0.08020,-0.00327,0.00066,0.99999,-0.00065,-0.00224,-0.00235,0.39704,-0.01910,0.00560
72799000000,0.09367,-0.00414,0.00073,0.99999,-0.00065,-0.00224,-0.00296,0.40965,-0.02112,0.00489
72832000000,0.10832,-0.00512,0.00067,0.99999,-0.00062,-0.00226,-0.00360,0.43544,-0.02496,0.00408
72865000000,0.12494,-0.00589,0.00087,0.99999,-0.00062,-0.00225,-0.00440,0.46645,-0.02815,0.00515
72898000000,0.14302,-0.00660,0.00111,0.99998,-0.00065,-0.00220,-0.00532,0.50436,-0.03172,0.00519
72931000000,0.16174,-0.00768,0.00109,0.99998,-0.00058,-0.00222,-0.00628,0.53689,-0.03699,0.00568
72964000000,0.17992,-0.00886,0.00121,0.99997,-0.00061,-0.00225,-0.00732,0.53961,-0.03962,0.00506
72997000000,0.19777,-0.01016,0.00161,0.99996,-0.00048,-0.00238,-0.00836,0.53936,-0.04164,0.00462
73030000000,0.21655,-0.01138,0.00194,0.99995,-0.00003,-0.00258,-0.00950,0.54155,-0.04319,0.00509
73063000000,0.23507,-0.01255,0.00217,0.99994,0.00060,-0.00282,-0.01063,0.54287,-0.04399,0.00608
73096000000,0.25307,-0.01404,0.00251,0.99992,0.00150,-0.00309,-0.01180,0.54601,-0.04615,0.00691
73129000000,0.27113,-0.01574,0.00303,0.99991,0.00256,-0.00341,-0.01294,0.54746,-0.04809,0.00736
73162000000,0.29125,-0.01730,0.00373,0.99987,0.00594,-0.00439,-0.01417,0.55281,-0.05100,0.00678
73195000000,0.30937,-0.01910,0.00456,0.99982,0.00904,-0.00572,-0.01539,0.55214,-0.05322,0.00832
73228000000,0.32778,-0.02095,0.00603,0.99974,0.01347,-0.00766,-0.01661,0.55429,-0.05453,0.01030
73261000000,0.34646,-0.02257,0.00836,0.99960,0.01916,-0.01036,-0.01785,0.55626,-0.05568,0.01358
73294000000,0.36528,-0.02437,0.01043,0.99945,0.02404,-0.01262,-0.01903,0.55801,-0.05860,0.01612
73327000000,0.38604,-0.02641,0.01394,0.99904,0.03497,-0.01702,-0.02004,0.56389,-0.06151,0.01933
73360000000,0.40471,-0.02864,0.01800,0.99851,0.04558,-0.02170,-0.02094,0.56635,-0.06507,0.02322
73393000000,0.42386,-0.03097,0.02187,0.99785,0.05616,-0.02574,-0.02181,0.57147,-0.06829,0.02693
73426000000,0.44305,-0.03338,0.02437,0.99731,0.06399,-0.02766,-0.02281,0.57915,-0.07164,0.02854
73459000000,0.46520,-0.03598,0.02531,0.99616,0.07941,-0.02837,-0.02352,0.59000,-0.07536,0.02806
73492000000,0.48437,-0.03860,0.02611,0.99547,0.08730,-0.02872,-0.02454,0.59573,-0.07487,0.02941
73525000000,0.50447,-0.04092,0.02546,0.99513,0.09111,-0.02729,-0.02591,0.60165,-0.07716,0.02815
73558000000,0.52440,-0.04338,0.02534,0.99511,0.09128,-0.02625,-0.02726,0.60672,-0.07929,0.02694
73591000000,0.54501,-0.04620,0.02378,0.99519,0.09038,-0.02429,-0.02881,0.61309,-0.08121,0.02441
73624000000,0.56489,-0.04878,0.02461,0.99546,0.08700,-0.02417,-0.03027,0.61643,-0.08251,0.02464
73657000000,0.58457,-0.05151,0.02413,0.99584,0.08230,-0.02280,-0.03182,0.61915,-0.08429,0.02292
73690000000,0.60365,-0.05455,0.02488,0.99628,0.07620,-0.02250,-0.03331,0.61887,-0.08662,0.02205
73723000000,0.62412,-0.05735,0.02205,0.99681,0.06906,-0.01942,-0.03503,0.61993,-0.08761,0.01770
73756000000,0.64278,-0.06050,0.02462,0.99722,0.06171,-0.02061,-0.03645,0.61858,-0.09073,0.01980
73789000000,0.66199,-0.06346,0.02464,0.99757,0.05503,-0.01974,-0.03795,0.61968,-0.09310,0.01897
73822000000,0.68125,-0.06638,0.02309,0.99813,0.04322,-0.01755,-0.03959,0.61670,-0.09543,0.01849
73855000000,0.70054,-0.06951,0.02379,0.99832,0.03713,-0.01722,-0.04099,0.61376,-0.09752,0.01847
73888000000,0.72014,-0.07266,0.02370,0.99841,0.03351,-0.01660,-0.04228,0.61444,-0.09928,0.01854
73921000000,0.74026,-0.07586,0.02306,0.99854,0.02792,-0.01553,-0.04353,0.61392,-0.09931,0.01881
73954000000,0.76016,-0.07924,0.02441,0.99852,0.02641,-0.01590,-0.04473,0.61511,-0.10035,0.01872
73987000000,0.78018,-0.08243,0.02443,0.99851,0.02509,-0.01545,-0.04585,0.61446,-0.10053,0.01818
74020000000,0.80080,-0.08569,0.02407,0.99854,0.02195,-0.01464,-0.04703,0.61539,-0.09993,0.01741
74053000000,0.82033,-0.08902,0.02467,0.99852,0.02065,-0.01444,-0.04817,0.61566,-0.10065,0.01682
74086000000,0.84060,-0.09204,0.02423,0.99850,0.01982,-0.01362,-0.04922,0.61773,-0.10025,0.01614
74119000000,0.86124,-0.09484,0.02329,0.99850,0.01783,-0.01245,-0.05033,0.61721,-0.09998,0.01460
74152000000,0.88099,-0.09850,0.02486,0.99844,0.01760,-0.01327,-0.05133,0.61862,-0.10150,0.01632
74185000000,0.90124,-0.10152,0.02483,0.99840,0.01734,-0.01274,-0.05230,0.61801,-0.10085,0.01657
74218000000,0.92186,-0.10462,0.02496,0.99835,0.01747,-0.01229,-0.05324,0.61930,-0.10115,0.01628
74251000000,0.94202,-0.10775,0.02509,0.99832,0.01710,-0.01201,-0.05410,0.61865,-0.10107,0.01587
74284000000,0.96214,-0.11013,0.02342,0.99830,0.01616,-0.01036,-0.05495,0.62053,-0.09842,0.01394
74317000000,0.98225,-0.11398,0.02508,0.99825,0.01609,-0.01124,-0.05570,0.62362,-0.10067,0.01642
74350000000,1.00351,-0.11755,0.02593,0.99821,0.01658,-0.01140,-0.05636,0.62549,-0.10182,0.01630
74383000000,1.02392,-0.12107,0.02674,0.99817,0.01634,-0.01158,-0.05706,0.62745,-0.10389,0.01703
74416000000,1.04466,-0.12438,0.02705,0.99813,0.01635,-0.01142,-0.05772,0.62891,-0.10460,0.01584
74449000000,1.06562,-0.12757,0.02708,0.99810,0.01647,-0.01117,-0.05833,0.63259,-0.10451,0.01676
74482000000,1.08631,-0.13090,0.02750,0.99807,0.01639,-0.01109,-0.05887,0.63251,-0.10321,0.01783
74515000000,1.10571,-0.13323,0.02621,0.99806,0.01564,-0.01009,-0.05941,0.63297,-0.09957,0.01559
74548000000,1.12621,-0.13673,0.02715,0.99803,0.01540,-0.01041,-0.05988,0.63310,-0.09970,0.01525
74581000000,1.14689,-0.14025,0.02807,0.99801,0.01520,-0.01055,-0.06027,0.63454,-0.09899,0.01678
74614000000,1.16732,-0.14372,0.02908,0.99799,0.01481,-0.01068,-0.06060,0.63512,-0.09876,0.01692
74647000000,1.18799,-0.14681,0.02963,0.99798,0.01457,-0.01058,-0.06094,0.63521,-0.09776,0.01680
74680000000,1.20855,-0.15018,0.03060,0.99797,0.01421,-0.01073,-0.06119,0.63510,-0.09791,0.01740
74713000000,1.22941,-0.15314,0.03083,0.99795,0.01417,-0.01061,-0.06146,0.63647,-0.09653,0.01610
74746000000,1.25064,-0.15589,0.03069,0.99794,0.01422,-0.01030,-0.06166,0.64067,-0.09639,0.01559
74779000000,1.27154,-0.15738,0.02862,0.99794,0.01440,-0.00925,-0.06185,0.64328,-0.09366,0.01320
74812000000,1.29170,-0.16036,0.02962,0.99794,0.01386,-0.00941,-0.06191,0.64344,-0.09339,0.01314
74845000000,1.31261,-0.16332,0.03004,0.99795,0.01365,-0.00938,-0.06185,0.65051,-0.09281,0.01240
74878000000,1.33379,-0.16623,0.03047,0.99795,0.01349,-0.00938,-0.06185,0.65387,-0.09101,0.01227
74911000000,1.35519,-0.16949,0.03116,0.99795,0.01339,-0.00951,-0.06178,0.65370,-0.08964,0.01249
74944000000,1.37702,-0.17228,0.03127,0.99797,0.01352,-0.00943,-0.06158,0.65511,-0.08865,0.01286
74977000000,1.39919,-0.17490,0.03137,0.99798,0.01372,-0.00930,-0.06131,0.65775,-0.08739,0.01262
75010000000,1.41856,-0.17484,0.02936,0.99801,0.01333,-0.00819,-0.06109,0.65610,-0.08001,0.01065
75043000000,1.43812,-0.17842,0.03136,0.99804,0.01252,-0.00880,-0.06069,0.65552,-0.08009,0.01255
75076000000,1.45960,-0.18070,0.03148,0.99806,0.01254,-0.00864,-0.06032,0.65498,-0.07693,0.01208
75109000000,1.48114,-0.18306,0.03167,0.99809,0.01257,-0.00858,-0.05986,0.65433,-0.07439,0.01224
75142000000,1.50317,-0.18549,0.03192,0.99812,0.01264,-0.00854,-0.05933,0.65512,-0.07197,0.01367
75175000000,1.52451,-0.18856,0.03288,0.99816,0.01257,-0.00886,-0.05869,0.65518,-0.07067,0.01295
75208000000,1.54592,-0.19031,0.03303,0.99820,0.01253,-0.00865,-0.05803,0.65668,-0.06834,0.01310
75241000000,1.56403,-0.19009,0.03181,0.99825,0.01194,-0.00799,-0.05737,0.65378,-0.06263,0.01243
75274000000,1.58537,-0.19184,0.03217,0.99829,0.01185,-0.00799,-0.05663,0.65441,-0.06095,0.01203
75307000000,1.60676,-0.19358,0.03233,0.99834,0.01182,-0.00795,-0.05581,0.65439,-0.05797,0.01251
75340000000,1.62875,-0.19575,0.03278,0.99839,0.01185,-0.00808,-0.05495,0.65522,-0.05683,0.01276
75373000000,1.65036,-0.19791,0.03330,0.99844,0.01188,-0.00817,-0.05399,0.65639,-0.05646,0.01260
75406000000,1.66890,-0.19647,0.03140,0.99849,0.01160,-0.00733,-0.05311,0.65337,-0.05010,0.01012
75439000000,1.68827,-0.19757,0.03202,0.99855,0.01113,-0.00740,-0.05214,0.65133,-0.04822,0.01063
75472000000,1.70883,-0.19929,0.03270,0.99861,0.01092,-0.00745,-0.05106,0.65230,-0.04614,0.01077
75505000000,1.73041,-0.20029,0.03270,0.99866,0.01093,-0.00736,-0.04999,0.65298,-0.04252,0.01076
75538000000,1.75137,-0.20100,0.03269,0.99872,0.01081,-0.00729,-0.04890,0.65234,-0.03967,0.01085
75571000000,1.76841,-0.19945,0.03220,0.99878,0.01022,-0.00673,-0.04780,0.64694,-0.03350,0.01117
75604000000,1.78926,-0.20004,0.03246,0.99884,0.01016,-0.00676,-0.04663,0.64645,-0.02996,0.01089
75637000000,1.81036,-0.20045,0.03254,0.99890,0.01009,-0.00669,-0.04541,0.64573,-0.02758,0.01133
75670000000,1.83090,-0.20103,0.03295,0.99895,0.00994,-0.00662,-0.04417,0.64515,-0.02495,0.01229
75703000000,1.84775,-0.19943,0.03281,0.99901,0.00934,-0.00629,-0.04295,0.64099,-0.02058,0.01175
75736000000,1.86699,-0.20003,0.03345,0.99907,0.00906,-0.00641,-0.04160,0.64034,-0.01803,0.01147
75769000000,1.88687,-0.20036,0.03373,0.99913,0.00894,-0.00650,-0.04031,0.63940,-0.01790,0.01040
75802000000,1.90719,-0.20049,0.03395,0.99918,0.00883,-0.00646,-0.03893,0.63870,-0.01452,0.01078
75835000000,1.92270,-0.19894,0.03387,0.99924,0.00831,-0.00631,-0.03765,0.63171,-0.00987,0.01022
75868000000,1.94424,-0.19919,0.03412,0.99929,0.00843,-0.00631,-0.03624,0.63284,-0.00658,0.01023
75901000000,1.96456,-0.19942,0.03467,0.99934,0.00830,-0.00633,-0.03479,0.63244,-0.00454,0.01094
75934000000,1.98498,-0.19970,0.03512,0.99939,0.00823,-0.00635,-0.03333,0.63000,-0.00293,0.01071
75967000000,2.00229,-0.19794,0.03543,0.99944,0.00785,-0.00615,-0.03193,0.62483,0.00217,0.01219
76000000000,2.02321,-0.19816,0.03585,0.99949,0.00788,-0.00618,-0.03042,0.62468,0.00493,0.01261
76033000000,2.04373,-0.19820,0.03624,0.99953,0.00790,-0.00630,-0.02890,0.62491,0.00673,0.01267
76066000000,2.06423,-0.19775,0.03661,0.99957,0.00791,-0.00629,-0.02740,0.62550,0.00957,0.01282
76099000000,2.08128,-0.19597,0.03684,0.99961,0.00761,-0.00630,-0.02596,0.62290,0.01242,0.01359
76132000000,2.10205,-0.19548,0.03723,0.99965,0.00765,-0.00635,-0.02439,0.62387,0.01474,0.01376
76165000000,2.12260,-0.19475,0.03767,0.99969,0.00769,-0.00638,-0.02287,0.62417,0.01725,0.01423
76198000000,2.14273,-0.19402,0.03814,0.99972,0.00767,-0.00642,-0.02130,0.62396,0.01922,0.01435
76231000000,2.16173,-0.19219,0.03840,0.99975,0.00758,-0.00649,-0.01977,0.62243,0.02203,0.01365
76264000000,2.18074,-0.19175,0.03887,0.99978,0.00747,-0.00653,-0.01821,0.62063,0.02452,0.01480
76297000000,2.20113,-0.19079,0.03941,0.99981,0.00744,-0.00655,-0.01668,0.62050,0.02767,0.01546
76330000000,2.22154,-0.18972,0.03988,0.99984,0.00741,-0.00658,-0.01511,0.62000,0.03025,0.01479
76363000000,2.23905,-0.18790,0.04012,0.99986,0.00738,-0.00675,-0.01359,0.61557,0.02870,0.01362
76396000000,2.25993,-0.18682,0.04047,0.99988,0.00741,-0.00680,-0.01209,0.61619,0.03052,0.01322
76429000000,2.28008,-0.18555,0.04094,0.99989,0.00741,-0.00686,-0.01060,0.61311,0.03055,0.01411
76462000000,2.30013,-0.18418,0.04148,0.99991,0.00740,-0.00690,-0.00912,0.60910,0.03188,0.01412
76495000000,2.31824,-0.18176,0.04168,0.99992,0.00748,-0.00707,-0.00762,0.60676,0.03526,0.01385
76528000000,2.33816,-0.18070,0.04213,0.99993,0.00742,-0.00705,-0.00611,0.60708,0.03681,0.01400
76561000000,2.35808,-0.17934,0.04265,0.99994,0.00745,-0.00713,-0.00460,0.60765,0.03985,0.01548
76594000000,2.37819,-0.17780,0.04320,0.99994,0.00743,-0.00726,-0.00311,0.60744,0.04137,0.01484
76627000000,2.39747,-0.17549,0.04350,0.99994,0.00756,-0.00752,-0.00160,0.60449,0.04464,0.01407
76660000000,2.41647,-0.17417,0.04403,0.99994,0.00743,-0.00748,-0.00014,0.60439,0.04623,0.01532
76693000000,2.43638,-0.17249,0.04457,0.99994,0.00749,-0.00761,0.00133,0.60455,0.04912,0.01647
76726000000,2.45631,-0.17077,0.04503,0.99994,0.00756,-0.00775,0.00279,0.60354,0.05030,0.01611
76759000000,2.47507,-0.16839,0.04559,0.99993,0.00768,-0.00803,0.00417,0.60208,0.05375,0.01587
76792000000,2.49565,-0.16683,0.04601,0.99992,0.00771,-0.00797,0.00560,0.60321,0.05545,0.01611
76825000000,2.51558,-0.16502,0.04656,0.99991,0.00772,-0.00800,0.00698,0.60355,0.05697,0.01636
76858000000,2.53532,-0.16312,0.04703,0.99990,0.00778,-0.00808,0.00839,0.60342,0.05898,0.01734
76891000000,2.55493,-0.16068,0.04731,0.99989,0.00799,-0.00835,0.00975,0.60263,0.06187,0.01565
76924000000,2.57457,-0.15880,0.04770,0.99987,0.00805,-0.00829,0.01110,0.60065,0.06304,0.01564
76957000000,2.59450,-0.15681,0.04809,0.99986,0.00804,-0.00822,0.01246,0.59758,0.06388,0.01631
76990000000,2.61425,-0.15478,0.04851,0.99984,0.00803,-0.00818,0.01376,0.59587,0.06504,0.01592
77023000000,2.63363,-0.15230,0.04866,0.99982,0.00823,-0.00839,0.01503,0.59391,0.06642,0.01543
77056000000,2.65297,-0.15035,0.04902,0.99980,0.00830,-0.00826,0.01629,0.59188,0.06750,0.01659
77089000000,2.67228,-0.14817,0.04957,0.99978,0.00831,-0.00827,0.01748,0.59111,0.06935,0.01623
77122000000,2.69168,-0.14609,0.04992,0.99976,0.00832,-0.00815,0.01870,0.58788,0.06974,0.01722
77155000000,2.71099,-0.14395,0.05026,0.99974,0.00838,-0.00807,0.01982,0.58647,0.07127,0.01704
77188000000,2.72978,-0.14183,0.04972,0.99971,0.00872,-0.00795,0.02097,0.58446,0.07124,0.01628
77221000000,2.74962,-0.13943,0.05029,0.99969,0.00855,-0.00781,0.02213,0.58444,0.07297,0.01760
77254000000,2.76913,-0.13705,0.05069,0.99966,0.00864,-0.00781,0.02315,0.58378,0.07306,0.01761
77287000000,2.78881,-0.13459,0.05110,0.99964,0.00868,-0.00776,0.02423,0.58208,0.07417,0.01803
77320000000,2.80820,-0.13243,0.05136,0.99962,0.00867,-0.00756,0.02524,0.58214,0.07410,0.01818
77353000000,2.82713,-0.13060,0.05073,0.99959,0.00892,-0.00727,0.02622,0.58086,0.07316,0.01806
77386000000,2.84660,-0.12832,0.05105,0.99957,0.00887,-0.00710,0.02712,0.58117,0.07293,0.01811
77419000000,2.86603,-0.12601,0.05140,0.99954,0.00891,-0.00707,0.02804,0.58182,0.07305,0.01792
77452000000,2.88524,-0.12387,0.05149,0.99952,0.00894,-0.00696,0.02890,0.58095,0.07318,0.01746
77485000000,2.90444,-0.12177,0.05158,0.99949,0.00902,-0.00683,0.02973,0.57849,0.07231,0.01858
77518000000,2.92417,-0.11986,0.05069,0.99947,0.00900,-0.00639,0.03052,0.57612,0.07004,0.01818
77551000000,2.94309,-0.11763,0.05103,0.99945,0.00895,-0.00630,0.03116,0.57591,0.07042,0.01745
77584000000,2.96224,-0.11546,0.05129,0.99943,0.00899,-0.00627,0.03180,0.57510,0.07083,0.01810
77617000000,2.98154,-0.11334,0.05145,0.99942,0.00890,-0.00624,0.03239,0.57557,0.07084,0.01875
77650000000,3.00101,-0.11112,0.05181,0.99940,0.00883,-0.00614,0.03292,0.57412,0.06975,0.01854
77683000000,3.02025,-0.10901,0.05220,0.99939,0.00878,-0.00602,0.03340,0.57597,0.06749,0.01879
77716000000,3.03993,-0.10776,0.05085,0.99938,0.00859,-0.00558,0.03383,0.57499,0.06536,0.01588
77749000000,3.05882,-0.10566,0.05114,0.99936,0.00863,-0.00548,0.03423,0.57458,0.06584,0.01557
77782000000,3.07785,-0.10376,0.05130,0.99935,0.00862,-0.00541,0.03459,0.57483,0.06436,0.01603
77815000000,3.09675,-0.10197,0.05139,0.99934,0.00868,-0.00535,0.03486,0.57488,0.06222,0.01575
77848000000,3.11580,-0.10028,0.05148,0.99933,0.00868,-0.00528,0.03507,0.57482,0.05954,0.01664
77881000000,3.13500,-0.09945,0.05016,0.99933,0.00860,-0.00491,0.03520,0.57520,0.05586,0.01569
77914000000,3.15368,-0.09787,0.05039,0.99933,0.00866,-0.00481,0.03524,0.57390,0.05527,0.01525
77947000000,3.17270,-0.09625,0.05055,0.99933,0.00865,-0.00476,0.03522,0.57122,0.05249,0.01506
77980000000,3.19153,-0.09482,0.05068,0.99933,0.00861,-0.00466,0.03515,0.56934,0.05085,0.01592
78013000000,3.21010,-0.09362,0.05073,0.99934,0.00863,-0.00454,0.03495,0.56710,0.04646,0.01641
78046000000,3.22891,-0.09301,0.04951,0.99935,0.00858,-0.00429,0.03473,0.56390,0.04215,0.01434
78079000000,3.24769,-0.09159,0.04988,0.99936,0.00855,-0.00425,0.03443,0.56531,0.03906,0.01390
78112000000,3.26648,-0.09052,0.05004,0.99937,0.00854,-0.00422,0.03406,0.56302,0.03418,0.01368
78145000000,3.28516,-0.08949,0.05022,0.99939,0.00851,-0.00426,0.03360,0.56353,0.02989,0.01208
78178000000,3.30413,-0.08910,0.04948,0.99941,0.00839,-0.00412,0.03309,0.56416,0.02584,0.01030
78211000000,3.32280,-0.08832,0.04973,0.99943,0.00837,-0.00413,0.03253,0.56371,0.02166,0.01133
78244000000,3.34161,-0.08762,0.04996,0.99945,0.00834,-0.00413,0.03195,0.56366,0.01807,0.01102
78277000000,3.36094,-0.08731,0.04972,0.99947,0.00819,-0.00407,0.03132,0.56503,0.01373,0.01177
78310000000,3.37953,-0.08686,0.05007,0.99949,0.00824,-0.00411,0.03057,0.56423,0.01064,0.01332
78343000000,3.39829,-0.08649,0.05032,0.99951,0.00826,-0.00414,0.02979,0.56423,0.00730,0.01381
78376000000,3.41692,-0.08665,0.05001,0.99954,0.00829,-0.00413,0.02893,0.56305,0.00291,0.01355
78409000000,3.43571,-0.08661,0.05035,0.99956,0.00827,-0.00413,0.02801,0.56269,-0.00047,0.01201
78442000000,3.45441,-0.08672,0.05072,0.99959,0.00827,-0.00407,0.02705,0.56368,-0.00430,0.01228
78475000000,3.47331,-0.08725,0.05036,0.99962,0.00818,-0.00407,0.02603,0.56270,-0.00784,0.01177
78508000000,3.49163,-0.08764,0.05064,0.99965,0.00825,-0.00407,0.02497,0.56140,-0.01240,0.01231
78541000000,3.51026,-0.08806,0.05090,0.99967,0.00825,-0.00414,0.02385,0.56068,-0.01531,0.01267
78574000000,3.52921,-0.08882,0.05076,0.99970,0.00824,-0.00414,0.02270,0.56129,-0.01875,0.01238
78607000000,3.54770,-0.08945,0.05117,0.99973,0.00826,-0.00417,0.02150,0.56094,-0.02350,0.01191
78640000000,3.56634,-0.09035,0.05160,0.99975,0.00824,-0.00416,0.02025,0.56114,-0.02657,0.01301
78673000000,3.58536,-0.09133,0.05163,0.99978,0.00817,-0.00407,0.01899,0.56142,-0.03057,0.01182
78706000000,3.60385,-0.09248,0.05196,0.99980,0.00814,-0.00408,0.01760,0.56123,-0.03506,0.01289
78739000000,3.62255,-0.09362,0.05235,0.99983,0.00815,-0.00407,0.01619,0.56138,-0.03824,0.01374
78772000000,3.64145,-0.09479,0.05278,0.99985,0.00805,-0.00404,0.01468,0.56108,-0.04222,0.01370
78805000000,3.66117,-0.09602,0.05258,0.99987,0.00789,-0.00411,0.01322,0.56348,-0.04606,0.01240
78838000000,3.67973,-0.09758,0.05302,0.99989,0.00795,-0.00413,0.01170,0.56260,-0.05018,0.01488
78871000000,3.69831,-0.09914,0.05354,0.99991,0.00797,-0.00414,0.01011,0.56296,-0.05335,0.01485
78904000000,3.71831,-0.10023,0.05344,0.99992,0.00776,-0.00423,0.00853,0.56507,-0.05598,0.01475
78937000000,3.73682,-0.10213,0.05403,0.99994,0.00785,-0.00419,0.00684,0.56341,-0.05907,0.01600
78970000000,3.75546,-0.10409,0.05445,0.99995,0.00782,-0.00422,0.00519,0.56113,-0.06269,0.01541
79003000000,3.77402,-0.10619,0.05482,0.99995,0.00787,-0.00423,0.00341,0.56197,-0.06597,0.01503
79036000000,3.79399,-0.10735,0.05461,0.99996,0.00773,-0.00430,0.00163,0.56727,-0.06666,0.01365
79069000000,3.81270,-0.10967,0.05505,0.99996,0.00774,-0.00429,-0.00013,0.57002,-0.07076,0.01378
79102000000,3.83153,-0.11209,0.05538,0.99996,0.00777,-0.00431,-0.00190,0.57227,-0.07501,0.01311
79135000000,3.85048,-0.11453,0.05571,0.99995,0.00780,-0.00433,-0.00375,0.57223,-0.07788,0.01289
79168000000,3.87053,-0.11599,0.05514,0.99995,0.00768,-0.00435,-0.00563,0.57334,-0.07806,0.01136
79201000000,3.88914,-0.11875,0.05553,0.99993,0.00773,-0.00433,-0.00755,0.57224,-0.08127,0.01130
79234000000,3.90786,-0.12167,0.05569,0.99992,0.00780,-0.00430,-0.00947,0.57149,-0.08459,0.01190
79267000000,3.92781,-0.12357,0.05519,0.99990,0.00770,-0.00432,-0.01137,0.57374,-0.08696,0.01190
79300000000,3.94666,-0.12652,0.05556,0.99987,0.00769,-0.00431,-0.01333,0.57316,-0.08940,0.01211
79333000000,3.96576,-0.12933,0.05581,0.99984,0.00769,-0.00429,-0.01528,0.57473,-0.09373,0.01119
79366000000,3.98547,-0.13153,0.05520,0.99981,0.00772,-0.00433,-0.01725,0.57672,-0.09521,0.00992
79399000000,4.00489,-0.13460,0.05565,0.99978,0.00775,-0.00431,-0.01922,0.58172,-0.09958,0.01090
79432000000,4.02409,-0.13787,0.05581,0.99973,0.00776,-0.00431,-0.02126,0.58351,-0.10422,0.01192
79465000000,4.04431,-0.14011,0.05524,0.99969,0.00772,-0.00427,-0.02331,0.58577,-0.10519,0.01099
79498000000,4.06345,-0.14358,0.05560,0.99964,0.00774,-0.00422,-0.02529,0.58565,-0.10328,0.01089
79531000000,4.08332,-0.14610,0.05521,0.99959,0.00771,-0.00421,-0.02721,0.58674,-0.10533,0.01110
79564000000,4.10279,-0.14972,0.05563,0.99954,0.00772,-0.00417,-0.02916,0.58758,-0.10811,0.01091
79597000000,4.12335,-0.15223,0.05539,0.99948,0.00764,-0.00412,-0.03105,0.58969,-0.10854,0.01149
79630000000,4.14270,-0.15574,0.05579,0.99942,0.00763,-0.00408,-0.03301,0.59269,-0.11031,0.01143
79663000000,4.16197,-0.15960,0.05607,0.99935,0.00771,-0.00408,-0.03488,0.59191,-0.11376,0.01145
79696000000,4.18209,-0.16255,0.05583,0.99928,0.00769,-0.00399,-0.03683,0.60155,-0.11575,0.01010
79729000000,4.20211,-0.16631,0.05627,0.99921,0.00767,-0.00393,-0.03870,0.60503,-0.11643,0.01112
79762000000,4.22203,-0.17027,0.05670,0.99914,0.00763,-0.00390,-0.04056,0.60725,-0.11869,0.01110
79795000000,4.24265,-0.17344,0.05660,0.99907,0.00759,-0.00379,-0.04231,0.61005,-0.11965,0.01047
79828000000,4.26251,-0.17748,0.05694,0.99899,0.00762,-0.00380,-0.04410,0.60892,-0.12099,0.01045
79861000000,4.28234,-0.18145,0.05721,0.99891,0.00762,-0.00379,-0.04585,0.60898,-0.12199,0.01007
79894000000,4.30248,-0.18486,0.05723,0.99883,0.00758,-0.00361,-0.04753,0.60940,-0.12193,0.01012
79927000000,4.32287,-0.18897,0.05774,0.99876,0.00757,-0.00362,-0.04914,0.61060,-0.12323,0.01052
79960000000,4.34316,-0.19302,0.05804,0.99868,0.00754,-0.00361,-0.05069,0.61296,-0.12435,0.01096
79993000000,4.36355,-0.19697,0.05836,0.99860,0.00755,-0.00354,-0.05216,0.61367,-0.12501,0.01146
80026000000,4.38377,-0.20110,0.05869,0.99853,0.00758,-0.00353,-0.05360,0.61546,-0.12545,0.01166
80059000000,4.40457,-0.20406,0.05829,0.99845,0.00765,-0.00321,-0.05496,0.61612,-0.12422,0.01120
80092000000,4.42440,-0.20843,0.05871,0.99838,0.00761,-0.00331,-0.05626,0.61563,-0.12613,0.01161
80125000000,4.44447,-0.21271,0.05912,0.99831,0.00761,-0.00334,-0.05755,0.61485,-0.12641,0.01241
80158000000,4.46490,-0.21671,0.05945,0.99824,0.00762,-0.00328,-0.05871,0.61526,-0.12649,0.01239
80191000000,4.48516,-0.22079,0.05982,0.99817,0.00765,-0.00325,-0.05985,0.61564,-0.12619,0.01378
80224000000,4.50530,-0.22346,0.05896,0.99811,0.00771,-0.00296,-0.06090,0.61727,-0.12278,0.01143
80257000000,4.52552,-0.22751,0.05955,0.99805,0.00770,-0.00297,-0.06194,0.61662,-0.12192,0.01229
80290000000,4.54591,-0.23128,0.05987,0.99799,0.00770,-0.00287,-0.06286,0.61837,-0.12004,0.01283
80323000000,4.56643,-0.23506,0.06023,0.99794,0.00773,-0.00282,-0.06368,0.61738,-0.11817,0.01340
80356000000,4.58692,-0.23891,0.06068,0.99789,0.00766,-0.00279,-0.06446,0.61884,-0.11756,0.01359
80389000000,4.60782,-0.24106,0.05968,0.99784,0.00778,-0.00255,-0.06518,0.61854,-0.11298,0.01223
80422000000,4.62752,-0.24532,0.06036,0.99780,0.00773,-0.00272,-0.06582,0.61760,-0.11348,0.01205
80455000000,4.64809,-0.24902,0.06069,0.99776,0.00777,-0.00271,-0.06640,0.61752,-0.11237,0.01220
80488000000,4.66853,-0.25271,0.06099,0.99773,0.00780,-0.00270,-0.06687,0.61940,-0.11168,0.01120
80521000000,4.68901,-0.25639,0.06124,0.99770,0.00778,-0.00270,-0.06725,0.62138,-0.11131,0.01230
80554000000,4.70938,-0.26018,0.06168,0.99768,0.00776,-0.00269,-0.06761,0.62318,-0.11021,0.01270
80587000000,4.73004,-0.26229,0.06041,0.99766,0.00788,-0.00245,-0.06786,0.62441,-0.10660,0.01014
80620000000,4.75017,-0.26565,0.06082,0.99765,0.00785,-0.00251,-0.06808,0.62324,-0.10422,0.00919
80653000000,4.77096,-0.26913,0.06085,0.99764,0.00794,-0.00253,-0.06818,0.62538,-0.10248,0.00914
80686000000,4.79165,-0.27259,0.06109,0.99763,0.00790,-0.00248,-0.06825,0.62624,-0.10037,0.00932
80719000000,4.81233,-0.27580,0.06152,0.99764,0.00788,-0.00240,-0.06822,0.62973,-0.09858,0.01033
80752000000,4.83317,-0.27857,0.06180,0.99764,0.00784,-0.00234,-0.06810,0.63163,-0.09573,0.01067
80785000000,4.85418,-0.28145,0.06200,0.99766,0.00792,-0.00229,-0.06794,0.63248,-0.09304,0.01187
80818000000,4.87448,-0.28485,0.06261,0.99767,0.00791,-0.00230,-0.06772,0.63520,-0.09181,0.01266
80851000000,4.89598,-0.28564,0.06078,0.99769,0.00806,-0.00206,-0.06740,0.63759,-0.08659,0.00959
80917000000,4.93680,-0.29136,0.06186,0.99775,0.00780,-0.00216,-0.06658,0.63790,-0.08247,0.01063
80950000000,4.95774,-0.29361,0.06218,0.99778,0.00776,-0.00207,-0.06609,0.63862,-0.07974,0.01152
80983000000,4.97882,-0.29569,0.06254,0.99782,0.00777,-0.00202,-0.06552,0.63803,-0.07556,0.01290
81016000000,5.00007,-0.29766,0.06269,0.99786,0.00775,-0.00198,-0.06486,0.63838,-0.07197,0.01194
81049000000,5.02108,-0.29946,0.06286,0.99791,0.00775,-0.00194,-0.06416,0.63925,-0.06770,0.01261
81082000000,5.04109,-0.29957,0.06137,0.99795,0.00769,-0.00179,-0.06344,0.63983,-0.06162,0.00984
81115000000,5.06233,-0.30191,0.06209,0.99801,0.00771,-0.00185,-0.06255,0.64227,-0.05988,0.01060
81148000000,5.08301,-0.30397,0.06249,0.99807,0.00767,-0.00186,-0.06166,0.64102,-0.05598,0.00978
81181000000,5.10406,-0.30536,0.06260,0.99813,0.00764,-0.00182,-0.06067,0.64085,-0.05258,0.01003
81214000000,5.12542,-0.30652,0.06256,0.99819,0.00765,-0.00179,-0.05962,0.63943,-0.04832,0.01084
81247000000,5.14654,-0.30756,0.06270,0.99826,0.00764,-0.00174,-0.05852,0.64005,-0.04283,0.01167
81280000000,5.16793,-0.30818,0.06295,0.99832,0.00762,-0.00163,-0.05739,0.64034,-0.03723,0.01214
81313000000,5.18828,-0.30697,0.06146,0.99839,0.00762,-0.00141,-0.05615,0.63916,-0.02953,0.01203
81346000000,5.20737,-0.30960,0.06263,0.99847,0.00747,-0.00166,-0.05483,0.63581,-0.02754,0.01327
81379000000,5.22834,-0.31029,0.06296,0.99854,0.00744,-0.00162,-0.05345,0.63532,-0.02408,0.01352
81412000000,5.24946,-0.31070,0.06316,0.99861,0.00745,-0.00157,-0.05206,0.63548,-0.02030,0.01349
81445000000,5.27026,-0.31118,0.06348,0.99869,0.00741,-0.00157,-0.05056,0.63516,-0.01808,0.01457
81478000000,5.29084,-0.31184,0.06390,0.99877,0.00739,-0.00159,-0.04901,0.63499,-0.01650,0.01424
81511000000,5.31137,-0.30919,0.06268,0.99884,0.00740,-0.00147,-0.04746,0.63481,-0.00868,0.01388
81544000000,5.33120,-0.31001,0.06344,0.99892,0.00736,-0.00154,-0.04575,0.63393,-0.00521,0.01414
81577000000,5.35182,-0.31015,0.06396,0.99900,0.00731,-0.00157,-0.04404,0.63452,-0.00177,0.01470
81610000000,5.37248,-0.31006,0.06436,0.99908,0.00726,-0.00154,-0.04231,0.63457,0.00212,0.01407
81643000000,5.39321,-0.30973,0.06487,0.99915,0.00723,-0.00152,-0.04049,0.63453,0.00678,0.01331
81676000000,5.41330,-0.30742,0.06402,0.99923,0.00722,-0.00147,-0.03863,0.63250,0.01241,0.01246
81709000000,5.43228,-0.30737,0.06469,0.99930,0.00712,-0.00155,-0.03674,0.62949,0.01687,0.01404
81742000000,5.45287,-0.30667,0.06512,0.99937,0.00710,-0.00153,-0.03477,0.62801,0.02124,0.01485
81775000000,5.47383,-0.30578,0.06537,0.99944,0.00707,-0.00155,-0.03280,0.62661,0.02544,0.01568
81808000000,5.49401,-0.30369,0.06495,0.99950,0.00709,-0.00147,-0.03079,0.62507,0.03114,0.01585
81841000000,5.51243,-0.30375,0.06623,0.99956,0.00693,-0.00164,-0.02871,0.62203,0.03397,0.01705
81874000000,5.53323,-0.30256,0.06672,0.99962,0.00690,-0.00161,-0.02655,0.62148,0.03965,0.01751
81907000000,5.55379,-0.30122,0.06720,0.99968,0.00694,-0.00162,-0.02437,0.62158,0.04337,0.01887
81940000000,5.57247,-0.29960,0.06713,0.99973,0.00692,-0.00167,-0.02225,0.61847,0.04763,0.01872
81973000000,5.59167,-0.29820,0.06792,0.99977,0.00687,-0.00169,-0.02002,0.61682,0.05181,0.01966
82006000000,5.61254,-0.29616,0.06824,0.99982,0.00690,-0.00171,-0.01774,0.61585,0.05673,0.01899
82039000000,5.63303,-0.29425,0.06852,0.99986,0.00687,-0.00169,-0.01545,0.61443,0.06147,0.01823
82072000000,5.65330,-0.29143,0.06842,0.99989,0.00687,-0.00173,-0.01313,0.61228,0.06719,0.01815
82105000000,5.67200,-0.28992,0.06901,0.99992,0.00678,-0.00181,-0.01076,0.60940,0.07031,0.01837
82138000000,5.69196,-0.28828,0.06959,0.99994,0.00676,-0.00187,-0.00837,0.59821,0.06539,0.01852
82171000000,5.71214,-0.28622,0.07001,0.99996,0.00676,-0.00191,-0.00614,0.59643,0.06934,0.01946
82204000000,5.73141,-0.28410,0.06912,0.99997,0.00680,-0.00197,-0.00394,0.59481,0.07180,0.01873
82237000000,5.75044,-0.28214,0.06997,0.99997,0.00674,-0.00204,-0.00173,0.59294,0.07376,0.02057
82270000000,5.77005,-0.27990,0.07064,0.99998,0.00675,-0.00204,0.00047,0.59152,0.07591,0.02041
82303000000,5.78968,-0.27751,0.07125,0.99997,0.00674,-0.00205,0.00268,0.59110,0.07777,0.02020
82336000000,5.81094,-0.27457,0.07039,0.99996,0.00691,-0.00203,0.00490,0.59181,0.08080,0.01954
82402000000,5.84808,-0.26980,0.07164,0.99993,0.00689,-0.00209,0.00923,0.58525,0.08539,0.02115
82435000000,5.86778,-0.26703,0.07205,0.99991,0.00692,-0.00211,0.01138,0.58435,0.08876,0.02112
82468000000,5.88701,-0.26467,0.07092,0.99988,0.00702,-0.00214,0.01358,0.58057,0.08918,0.02135
82501000000,5.90622,-0.26130,0.07134,0.99985,0.00702,-0.00216,0.01566,0.57808,0.09205,0.02162
82534000000,5.92561,-0.25824,0.07183,0.99982,0.00696,-0.00212,0.01774,0.57431,0.09280,0.02156
82567000000,5.94529,-0.25457,0.07195,0.99978,0.00697,-0.00211,0.01979,0.57368,0.09532,0.02123
82600000000,5.96563,-0.25155,0.07109,0.99973,0.00705,-0.00213,0.02192,0.57466,0.09729,0.01911
82633000000,5.98401,-0.24810,0.07187,0.99969,0.00701,-0.00213,0.02399,0.57318,0.09984,0.02041
82666000000,6.00308,-0.24448,0.07260,0.99964,0.00694,-0.00209,0.02600,0.57317,0.10237,0.02146
82699000000,6.02206,-0.24111,0.07322,0.99958,0.00693,-0.00212,0.02798,0.57084,0.10378,0.02134
82732000000,6.04215,-0.23765,0.07243,0.99952,0.00699,-0.00213,0.02996,0.56910,0.10520,0.02023
82765000000,6.06070,-0.23430,0.07318,0.99946,0.00702,-0.00212,0.03193,0.56772,0.10713,0.02147
82798000000,6.07966,-0.23058,0.07398,0.99940,0.00703,-0.00217,0.03387,0.56672,0.10799,0.02288
82831000000,6.09865,-0.22667,0.07469,0.99933,0.00702,-0.00222,0.03575,0.56635,0.10997,0.02312
82864000000,6.11913,-0.22331,0.07422,0.99926,0.00709,-0.00211,0.03764,0.56784,0.10996,0.02280
82897000000,6.13723,-0.21976,0.07499,0.99919,0.00708,-0.00215,0.03948,0.56669,0.11164,0.02183
82930000000,6.15607,-0.21622,0.07559,0.99912,0.00704,-0.00211,0.04131,0.56427,0.11203,0.02230
82963000000,6.17502,-0.21254,0.07619,0.99904,0.00700,-0.00216,0.04308,0.56475,0.11399,0.02378
82996000000,6.19363,-0.20890,0.07693,0.99897,0.00696,-0.00214,0.04480,0.56316,0.11507,0.02469
83029000000,6.21331,-0.20591,0.07610,0.99889,0.00701,-0.00210,0.04657,0.56264,0.11575,0.02357
83062000000,6.23134,-0.20222,0.07681,0.99881,0.00702,-0.00212,0.04829,0.56067,0.11601,0.02467
83095000000,6.25014,-0.19833,0.07740,0.99872,0.00698,-0.00216,0.04996,0.56057,0.11915,0.02476
83128000000,6.26903,-0.19436,0.07803,0.99864,0.00702,-0.00213,0.05157,0.56132,0.12055,0.02505
83161000000,6.28755,-0.19054,0.07890,0.99856,0.00702,-0.00210,0.05313,0.56050,0.12276,0.02627
83194000000,6.30714,-0.18760,0.07725,0.99848,0.00702,-0.00198,0.05464,0.56120,0.12161,0.02416
83227000000,6.32521,-0.18359,0.07827,0.99840,0.00704,-0.00201,0.05614,0.56003,0.12215,0.02633
83260000000,6.34376,-0.17974,0.07895,0.99831,0.00700,-0.00202,0.05762,0.55579,0.12189,0.02659
83293000000,6.36229,-0.17570,0.07965,0.99823,0.00700,-0.00202,0.05902,0.55517,0.12398,0.02692
83326000000,6.38359,-0.17162,0.07849,0.99814,0.00695,-0.00200,0.06047,0.55532,0.12406,0.02508
83359000000,6.40096,-0.16787,0.07940,0.99806,0.00701,-0.00195,0.06189,0.55384,0.12516,0.02538
83392000000,6.41930,-0.16412,0.07999,0.99797,0.00699,-0.00188,0.06331,0.55257,0.12573,0.02426
83425000000,6.43770,-0.16021,0.08049,0.99788,0.00696,-0.00185,0.06466,0.55110,0.12706,0.02409
83458000000,6.45637,-0.15595,0.08110,0.99780,0.00695,-0.00184,0.06592,0.55184,0.12774,0.02368
83491000000,6.47633,-0.15245,0.07922,0.99771,0.00686,-0.00177,0.06725,0.54911,0.12773,0.02050
83524000000,6.49423,-0.14809,0.07979,0.99762,0.00691,-0.00180,0.06851,0.54769,0.12874,0.01987
83557000000,6.51249,-0.14404,0.08016,0.99754,0.00690,-0.00180,0.06971,0.54729,0.12922,0.01967
83590000000,6.53095,-0.13983,0.08053,0.99746,0.00683,-0.00181,0.07088,0.54637,0.12985,0.01952
83623000000,6.54947,-0.13539,0.08096,0.99738,0.00673,-0.00178,0.07197,0.54636,0.13225,0.01909
83656000000,6.57038,-0.13180,0.07877,0.99730,0.00657,-0.00167,0.07306,0.55084,0.13088,0.01660
83689000000,6.58776,-0.12766,0.07936,0.99722,0.00667,-0.00162,0.07414,0.54939,0.13033,0.01776
83722000000,6.60636,-0.12339,0.07984,0.99715,0.00662,-0.00158,0.07516,0.54881,0.13088,0.01724
83755000000,6.62492,-0.11930,0.08024,0.99707,0.00662,-0.00149,0.07618,0.54935,0.13178,0.01734
83788000000,6.64331,-0.11507,0.08095,0.99700,0.00658,-0.00144,0.07715,0.54964,0.13288,0.01880
83821000000,6.66449,-0.11157,0.07905,0.99692,0.00634,-0.00123,0.07814,0.55332,0.13023,0.01582
83854000000,6.68175,-0.10697,0.07955,0.99685,0.00640,-0.00131,0.07906,0.55215,0.13052,0.01599
83887000000,6.69970,-0.10311,0.07993,0.99678,0.00641,-0.00123,0.07996,0.55201,0.12998,0.01607
83920000000,6.71833,-0.09890,0.08024,0.99670,0.00636,-0.00122,0.08087,0.55206,0.13023,0.01538
83953000000,6.73696,-0.09469,0.08050,0.99663,0.00635,-0.00126,0.08174,0.55100,0.12977,0.01553
83986000000,6.75897,-0.09117,0.07817,0.99657,0.00606,-0.00113,0.08253,0.55478,0.12912,0.01288
84019000000,6.77633,-0.08699,0.07868,0.99650,0.00620,-0.00116,0.08333,0.55271,0.12897,0.01452
84052000000,6.79469,-0.08287,0.07903,0.99644,0.00618,-0.00113,0.08410,0.55208,0.12903,0.01394
84085000000,6.81320,-0.07868,0.07933,0.99638,0.00610,-0.00112,0.08479,0.55088,0.12768,0.01533
84118000000,6.83158,-0.07440,0.07960,0.99632,0.00607,-0.00112,0.08546,0.55076,0.12774,0.01514
84151000000,6.84951,-0.07025,0.08027,0.99627,0.00606,-0.00113,0.08612,0.54929,0.12660,0.01580
84184000000,6.87141,-0.06686,0.07827,0.99621,0.00583,-0.00094,0.08675,0.55245,0.12518,0.01251
84217000000,6.88924,-0.06271,0.07868,0.99616,0.00581,-0.00098,0.08733,0.55159,0.12525,0.01174
84250000000,6.90754,-0.05857,0.07885,0.99611,0.00579,-0.00094,0.08796,0.54915,0.12613,0.01050
84283000000,6.92571,-0.05429,0.07915,0.99606,0.00581,-0.00095,0.08847,0.54931,0.12624,0.01096
84316000000,6.94403,-0.05011,0.07928,0.99601,0.00577,-0.00094,0.08901,0.54908,0.12521,0.01183
84349000000,6.96228,-0.04604,0.07952,0.99597,0.00575,-0.00091,0.08954,0.54760,0.12550,0.01157
84382000000,6.98040,-0.04226,0.07952,0.99592,0.00577,-0.00088,0.09008,0.54659,0.12580,0.01256
84415000000,6.99866,-0.03829,0.07981,0.99588,0.00579,-0.00085,0.09048,0.54639,0.12563,0.01219
84448000000,7.02023,-0.03422,0.07810,0.99584,0.00557,-0.00075,0.09091,0.55010,0.12476,0.01095
84481000000,7.03882,-0.02972,0.07854,0.99581,0.00550,-0.00071,0.09133,0.55077,0.12501,0.01206
84514000000,7.05708,-0.02544,0.07885,0.99577,0.00548,-0.00072,0.09174,0.55106,0.12639,0.01232
84547000000,7.07513,-0.02162,0.07911,0.99573,0.00548,-0.00069,0.09218,0.55000,0.12562,0.01294
84580000000,7.09357,-0.01769,0.07934,0.99569,0.00546,-0.00065,0.09253,0.55024,0.12521,0.01328
84613000000,7.11168,-0.01342,0.07982,0.99567,0.00544,-0.00059,0.09283,0.54433,0.12320,0.01406
84646000000,7.13380,-0.00880,0.07830,0.99565,0.00520,-0.00061,0.09302,0.54741,0.12265,0.01212
84679000000,7.15158,-0.00507,0.07819,0.99563,0.00516,-0.00062,0.09324,0.54742,0.12170,0.01225
84712000000,7.16963,-0.00132,0.07850,0.99561,0.00515,-0.00055,0.09341,0.54705,0.12061,0.01238
84745000000,7.18793,0.00261,0.07892,0.99560,0.00516,-0.00043,0.09352,0.54665,0.11965,0.01147
84778000000,7.20610,0.00647,0.07917,0.99560,0.00520,-0.00039,0.09361,0.54695,0.11860,0.01131
84811000000,7.22436,0.01029,0.07946,0.99559,0.00520,-0.00037,0.09366,0.54767,0.11819,0.01179
84844000000,7.24264,0.01393,0.07964,0.99558,0.00521,-0.00037,0.09374,0.54880,0.11663,0.01032
84877000000,7.26396,0.01691,0.07817,0.99558,0.00498,-0.00029,0.09375,0.55153,0.11498,0.00911
84910000000,7.28177,0.02056,0.07864,0.99558,0.00505,-0.00030,0.09373,0.55235,0.11507,0.00935
84943000000,7.30036,0.02432,0.07901,0.99559,0.00495,-0.00027,0.09364,0.55242,0.11335,0.01061
84976000000,7.31841,0.02781,0.07905,0.99560,0.00498,-0.00027,0.09353,0.55280,0.11279,0.01087
85009000000,7.33691,0.03142,0.07912,0.99561,0.00495,-0.00031,0.09346,0.55371,0.11180,0.01090
85042000000,7.35511,0.03441,0.07918,0.99562,0.00496,-0.00026,0.09333,0.55528,0.11066,0.01122
85075000000,7.37831,0.03811,0.07808,0.99564,0.00463,-0.00022,0.09318,0.55980,0.11021,0.01064
85108000000,7.39517,0.04136,0.07835,0.99565,0.00475,-0.00022,0.09302,0.55792,0.10864,0.01073
85141000000,7.41361,0.04485,0.07861,0.99567,0.00474,-0.00018,0.09283,0.55856,0.10650,0.01047
85174000000,7.43233,0.04835,0.07886,0.99569,0.00476,-0.00017,0.09262,0.55846,0.10524,0.00949
85207000000,7.45053,0.05176,0.07896,0.99571,0.00482,-0.00017,0.09236,0.55811,0.10460,0.00776
85240000000,7.46920,0.05506,0.07906,0.99574,0.00483,-0.00016,0.09213,0.55855,0.10193,0.00872
85273000000,7.49036,0.05836,0.07809,0.99576,0.00467,-0.00016,0.09187,0.56216,0.10036,0.00785
85306000000,7.50844,0.06169,0.07793,0.99579,0.00466,-0.00013,0.09154,0.56209,0.09892,0.00756
85339000000,7.52679,0.06478,0.07810,0.99582,0.00471,-0.00014,0.09121,0.56268,0.09782,0.00745
85372000000,7.54559,0.06793,0.07836,0.99586,0.00472,-0.00012,0.09082,0.56244,0.09634,0.00813
85405000000,7.56454,0.07141,0.07846,0.99589,0.00473,-0.00017,0.09042,0.56226,0.09562,0.00811
85438000000,7.58527,0.07440,0.07745,0.99593,0.00460,-0.00021,0.08998,0.56375,0.09380,0.00732
85471000000,7.60358,0.07755,0.07762,0.99597,0.00465,-0.00027,0.08955,0.56292,0.09272,0.00676
85504000000,7.62211,0.08063,0.07769,0.99601,0.00470,-0.00026,0.08912,0.56305,0.09103,0.00695
85537000000,7.64097,0.08390,0.07804,0.99605,0.00473,-0.00019,0.08868,0.56285,0.09128,0.00750
85570000000,7.65987,0.08719,0.07862,0.99609,0.00474,-0.00016,0.08817,0.56323,0.08951,0.00784
85603000000,7.68187,0.09083,0.07749,0.99614,0.00458,-0.00020,0.08764,0.56511,0.08864,0.00799
85636000000,7.70065,0.09382,0.07783,0.99619,0.00461,-0.00018,0.08711,0.56452,0.08726,0.00756
85669000000,7.71969,0.09695,0.07790,0.99624,0.00459,-0.00019,0.08654,0.56495,0.08729,0.00660
85702000000,7.73822,0.09993,0.07791,0.99629,0.00460,-0.00018,0.08598,0.56533,0.08554,0.00592
85735000000,7.75643,0.10268,0.07827,0.99634,0.00463,-0.00022,0.08535,0.56415,0.08361,0.00598
85768000000,7.77516,0.10533,0.07844,0.99639,0.00464,-0.00023,0.08477,0.56186,0.08151,0.00661
85801000000,7.79571,0.10816,0.07782,0.99644,0.00453,-0.00029,0.08418,0.56432,0.07959,0.00676
85834000000,7.81444,0.11087,0.07806,0.99649,0.00452,-0.00026,0.08357,0.56433,0.07822,0.00767
85867000000,7.83307,0.11334,0.07834,0.99655,0.00456,-0.00027,0.08291,0.56526,0.07605,0.00818
85900000000,7.85127,0.11569,0.07851,0.99660,0.00455,-0.00031,0.08225,0.56426,0.07402,0.00809
85933000000,7.86983,0.11780,0.07884,0.99666,0.00458,-0.00028,0.08152,0.56276,0.07039,0.00854
85966000000,7.88870,0.12015,0.07890,0.99672,0.00458,-0.00027,0.08084,0.56311,0.06837,0.00837
85999000000,7.91020,0.12281,0.07821,0.99678,0.00443,-0.00028,0.08004,0.56547,0.06821,0.00771
86032000000,7.92821,0.12480,0.07824,0.99684,0.00450,-0.00024,0.07928,0.56455,0.06764,0.00776
86065000000,7.94693,0.12703,0.07839,0.99691,0.00442,-0.00025,0.07845,0.56389,0.06529,0.00806
86098000000,7.96575,0.12925,0.07857,0.99697,0.00440,-0.00021,0.07766,0.56277,0.06335,0.00777
86131000000,7.98462,0.13139,0.07871,0.99704,0.00436,-0.00017,0.07681,0.56195,0.06203,0.00745
86164000000,8.00411,0.13312,0.07817,0.99710,0.00430,-0.00017,0.07597,0.56029,0.06033,0.00650
86197000000,8.02275,0.13490,0.07827,0.99717,0.00429,-0.00018,0.07509,0.56085,0.05870,0.00745
86230000000,8.04161,0.13671,0.07842,0.99723,0.00429,-0.00014,0.07421,0.56181,0.05681,0.00763
86263000000,8.06038,0.13853,0.07862,0.99730,0.00425,-0.00008,0.07331,0.56167,0.05406,0.00863
86296000000,8.08029,0.13995,0.07845,0.99737,0.00420,-0.00006,0.07234,0.56205,0.05075,0.00736
86329000000,8.09911,0.14179,0.07866,0.99744,0.00420,-0.00008,0.07141,0.56206,0.04928,0.00662
86362000000,8.11763,0.14325,0.07880,0.99750,0.00420,-0.00010,0.07048,0.56346,0.04687,0.00607
86395000000,8.13636,0.14471,0.07900,0.99757,0.00421,-0.00008,0.06954,0.56242,0.04558,0.00672
86428000000,8.15733,0.14646,0.07873,0.99764,0.00411,-0.00011,0.06850,0.56452,0.04409,0.00625
86461000000,8.17655,0.14836,0.07877,0.99771,0.00413,-0.00009,0.06750,0.56416,0.04326,0.00585
86494000000,8.19553,0.14977,0.07891,0.99778,0.00407,-0.00010,0.06650,0.56449,0.04151,0.00693
86527000000,8.21397,0.15091,0.07918,0.99785,0.00409,-0.00009,0.06547,0.56430,0.03928,0.00759
86560000000,8.23523,0.15294,0.07884,0.99791,0.00397,-0.00009,0.06445,0.56567,0.03793,0.00722
86593000000,8.25394,0.15402,0.07922,0.99798,0.00395,-0.00006,0.06341,0.56447,0.03578,0.00773
86626000000,8.27284,0.15508,0.07961,0.99805,0.00397,-0.00006,0.06233,0.56535,0.03542,0.00832
86659000000,8.29148,0.15617,0.07977,0.99811,0.00401,-0.00004,0.06129,0.56492,0.03396,0.00918
86692000000,8.31311,0.15763,0.07932,0.99818,0.00388,0.00001,0.06024,0.56750,0.03271,0.00931
86725000000,8.33122,0.15848,0.07970,0.99824,0.00389,0.00004,0.05914,0.56667,0.03027,0.00981
86758000000,8.34993,0.15908,0.08043,0.99830,0.00389,0.00006,0.05808,0.56680,0.02761,0.01211
86791000000,8.36885,0.15982,0.08083,0.99837,0.00388,0.00007,0.05700,0.56788,0.02603,0.01249
86824000000,8.38961,0.16029,0.08099,0.99843,0.00387,0.00007,0.05590,0.57056,0.02353,0.01377
86857000000,8.40829,0.16097,0.08149,0.99849,0.00387,0.00011,0.05478,0.57001,0.02154,0.01432
86890000000,8.42701,0.16137,0.08186,0.99855,0.00386,0.00013,0.05370,0.56909,0.01988,0.01331
86923000000,8.44613,0.16208,0.08209,0.99861,0.00389,0.00009,0.05251,0.56976,0.01820,0.01433
86956000000,8.46678,0.16250,0.08193,0.99868,0.00391,0.00015,0.05131,0.57168,0.01635,0.01506
86989000000,8.48591,0.16287,0.08239,0.99873,0.00390,0.00009,0.05016,0.57213,0.01340,0.01558
87022000000,8.50490,0.16329,0.08257,0.99879,0.00392,0.00009,0.04901,0.57292,0.01168,0.01455
87055000000,8.52423,0.16391,0.08281,0.99885,0.00397,0.00015,0.04779,0.57207,0.00968,0.01348
87088000000,8.54547,0.16447,0.08261,0.99891,0.00395,0.00012,0.04656,0.57448,0.00758,0.01210
87121000000,8.56426,0.16516,0.08315,0.99896,0.00392,0.00015,0.04536,0.57419,0.00690,0.01151
87154000000,8.58346,0.16547,0.08341,0.99902,0.00390,0.00016,0.04411,0.57408,0.00590,0.01195
87187000000,8.60270,0.16595,0.08365,0.99907,0.00389,0.00020,0.04285,0.57505,0.00424,0.01120
87220000000,8.62192,0.16635,0.08391,0.99913,0.00388,0.00025,0.04156,0.57433,0.00370,0.01145
87253000000,8.64332,0.16702,0.08335,0.99918,0.00387,0.00031,0.04033,0.57874,0.00295,0.00932
87286000000,8.66225,0.16711,0.08352,0.99923,0.00388,0.00029,0.03905,0.57760,0.00190,0.00818
87319000000,8.68142,0.16721,0.08368,0.99928,0.00391,0.00030,0.03775,0.57754,0.00002,0.00821
87352000000,8.70067,0.16718,0.08386,0.99933,0.00391,0.00032,0.03646,0.57824,-0.00178,0.00851
87385000000,8.72196,0.16758,0.08300,0.99937,0.00390,0.00032,0.03520,0.57971,-0.00296,0.00737
87418000000,8.74142,0.16762,0.08320,0.99942,0.00387,0.00034,0.03391,0.58251,-0.00482,0.00761
87451000000,8.76049,0.16733,0.08340,0.99946,0.00391,0.00036,0.03261,0.58251,-0.00739,0.00645
87484000000,8.78020,0.16736,0.08338,0.99950,0.00387,0.00033,0.03130,0.58558,-0.00832,0.00683
87517000000,8.80101,0.16757,0.08257,0.99954,0.00388,0.00032,0.03002,0.58797,-0.00821,0.00548
87550000000,8.82049,0.16751,0.08261,0.99958,0.00388,0.00037,0.02869,0.58818,-0.00965,0.00608
87583000000,8.83993,0.16729,0.08280,0.99962,0.00386,0.00038,0.02741,0.59086,-0.00958,0.00600
87616000000,8.85919,0.16682,0.08301,0.99965,0.00386,0.00036,0.02608,0.59062,-0.00984,0.00630
87649000000,8.88004,0.16728,0.08190,0.99969,0.00385,0.00033,0.02473,0.59271,-0.01051,0.00413
87682000000,8.89964,0.16696,0.08197,0.99972,0.00383,0.00037,0.02345,0.59166,-0.01247,0.00317
87715000000,8.91933,0.16653,0.08207,0.99975,0.00385,0.00039,0.02222,0.59487,-0.01410,0.00268
87748000000,8.93895,0.16596,0.08197,0.99977,0.00389,0.00038,0.02090,0.59565,-0.01512,0.00248
87781000000,8.95920,0.16596,0.08107,0.99980,0.00387,0.00034,0.01965,0.59862,-0.01499,0.00080
87814000000,8.97895,0.16542,0.08116,0.99982,0.00382,0.00037,0.01838,0.59799,-0.01547,0.00076
87847000000,8.99857,0.16482,0.08113,0.99985,0.00385,0.00032,0.01715,0.59764,-0.01673,0.00135
87880000000,9.01838,0.16414,0.08111,0.99987,0.00384,0.00032,0.01592,0.59734,-0.01804,0.00060
87913000000,9.03857,0.16367,0.08039,0.99989,0.00379,0.00026,0.01466,0.59699,-0.01915,-0.00101
87946000000,9.05824,0.16286,0.08064,0.99990,0.00379,0.00030,0.01339,0.59682,-0.02033,-0.00079
87979000000,9.07811,0.16204,0.08075,0.99992,0.00379,0.00026,0.01219,0.59878,-0.02230,-0.00147
88012000000,9.09801,0.16121,0.08067,0.99993,0.00378,0.00028,0.01098,0.59877,-0.02280,-0.00151
88045000000,9.11856,0.16033,0.08031,0.99994,0.00382,0.00021,0.00983,0.60026,-0.02597,-0.00178
88078000000,9.13851,0.15959,0.08008,0.99996,0.00379,0.00023,0.00868,0.60035,-0.02635,-0.00345
88111000000,9.15818,0.15849,0.08012,0.99996,0.00382,0.00023,0.00753,0.60156,-0.02835,-0.00301
88144000000,9.17792,0.15738,0.08019,0.99997,0.00381,0.00023,0.00636,0.60270,-0.02955,-0.00261
88177000000,9.19771,0.15630,0.08021,0.99998,0.00382,0.00021,0.00522,0.60268,-0.03075,-0.00293
88210000000,9.21742,0.15468,0.08049,0.99998,0.00377,0.00009,0.00404,0.60459,-0.03348,-0.00127
88243000000,9.23759,0.15389,0.07998,0.99999,0.00373,0.00012,0.00292,0.60826,-0.03362,-0.00034
88276000000,9.25756,0.15286,0.08004,0.99999,0.00372,0.00015,0.00177,0.60865,-0.03508,0.00035
88309000000,9.27751,0.15171,0.08009,0.99999,0.00373,0.00017,0.00069,0.60883,-0.03614,0.00080
88342000000,9.29690,0.14985,0.08063,0.99999,0.00372,0.00014,-0.00039,0.60736,-0.03782,0.00131
88375000000,9.31714,0.14865,0.08058,0.99999,0.00373,0.00017,-0.00137,0.60849,-0.03809,0.00085
88408000000,9.33781,0.14765,0.08040,0.99999,0.00377,0.00016,-0.00242,0.60943,-0.03813,0.00076
88441000000,9.35795,0.14661,0.08041,0.99999,0.00376,0.00020,-0.00344,0.60945,-0.03827,0.00034
88474000000,9.37814,0.14548,0.08042,0.99998,0.00369,0.00021,-0.00441,0.61115,-0.03892,0.00041
88507000000,9.39821,0.14382,0.08077,0.99998,0.00371,0.00023,-0.00537,0.61145,-0.04018,0.00137
88540000000,9.41846,0.14270,0.08060,0.99997,0.00368,0.00023,-0.00638,0.61081,-0.03958,0.00021
88573000000,9.43868,0.14152,0.08045,0.99997,0.00368,0.00023,-0.00729,0.61178,-0.03992,-0.00120
88606000000,9.45882,0.14023,0.08032,0.99996,0.00370,0.00019,-0.00817,0.61235,-0.04010,-0.00223
88639000000,9.47915,0.13899,0.08018,0.99995,0.00367,0.00023,-0.00902,0.61483,-0.04029,-0.00254
88672000000,9.49941,0.13763,0.08028,0.99994,0.00368,0.00029,-0.00986,0.61578,-0.04028,-0.00221
88705000000,9.51977,0.13635,0.08014,0.99994,0.00370,0.00029,-0.01070,0.61929,-0.04087,-0.00151
88738000000,9.53997,0.13505,0.08008,0.99993,0.00369,0.00033,-0.01150,0.61928,-0.04206,-0.00194
88771000000,9.56032,0.13370,0.08010,0.99992,0.00368,0.00034,-0.01231,0.61912,-0.04264,-0.00284
88804000000,9.58056,0.13236,0.08012,0.99991,0.00373,0.00036,-0.01305,0.61857,-0.04213,-0.00255
88837000000,9.60098,0.13102,0.08006,0.99990,0.00375,0.00034,-0.01377,0.61877,-0.04262,-0.00167
88870000000,9.62071,0.12959,0.08060,0.99989,0.00374,0.00039,-0.01453,0.61804,-0.04249,0.00013
88903000000,9.64083,0.12816,0.08064,0.99988,0.00372,0.00042,-0.01527,0.61820,-0.04373,0.00037
88936000000,9.66124,0.12682,0.08075,0.99987,0.00372,0.00049,-0.01593,0.61836,-0.04391,0.00016
88969000000,9.68182,0.12541,0.08091,0.99986,0.00371,0.00060,-0.01652,0.61854,-0.04470,0.00007
89002000000,9.70184,0.12365,0.08119,0.99985,0.00375,0.00060,-0.01712,0.61793,-0.04614,-0.00059
89035000000,9.72189,0.12194,0.08126,0.99984,0.00368,0.00060,-0.01771,0.61623,-0.04731,0.00023
89068000000,9.74212,0.12057,0.08124,0.99983,0.00369,0.00057,-0.01832,0.61613,-0.04638,0.00008
89101000000,9.76126,0.11929,0.08247,0.99981,0.00364,0.00059,-0.01889,0.61607,-0.04624,0.00180
89134000000,9.78086,0.11784,0.08247,0.99980,0.00360,0.00063,-0.01943,0.61631,-0.04684,0.00172
89167000000,9.80105,0.11654,0.08258,0.99979,0.00361,0.00069,-0.01992,0.61630,-0.04757,0.00120
89200000000,9.82123,0.11499,0.08249,0.99979,0.00361,0.00065,-0.02040,0.61663,-0.04732,-0.00028
89233000000,9.84135,0.11337,0.08261,0.99978,0.00360,0.00065,-0.02078,0.61788,-0.04690,-0.00105
89266000000,9.86154,0.11191,0.08275,0.99977,0.00360,0.00067,-0.02114,0.61862,-0.04548,-0.00066
89299000000,9.87957,0.11115,0.08365,0.99976,0.00349,0.00071,-0.02151,0.61615,-0.04212,-0.00045
89332000000,9.90077,0.11008,0.08330,0.99975,0.00354,0.00078,-0.02186,0.61816,-0.04142,0.00024
89365000000,9.92094,0.10884,0.08331,0.99975,0.00350,0.00077,-0.02214,0.61768,-0.04079,0.00009
89398000000,9.94137,0.10754,0.08328,0.99974,0.00355,0.00077,-0.02238,0.61800,-0.04128,-0.00003
89431000000,9.96179,0.10645,0.08295,0.99974,0.00356,0.00081,-0.02268,0.61837,-0.04073,-0.00220
89464000000,9.98053,0.10620,0.08359,0.99973,0.00338,0.00088,-0.02294,0.61663,-0.03832,-0.00120
89497000000,9.99994,0.10475,0.08350,0.99972,0.00335,0.00088,-0.02320,0.61545,-0.03725,-0.00268
89530000000,10.02042,0.10344,0.08337,0.99972,0.00334,0.00089,-0.02332,0.61557,-0.03728,-0.00302
89563000000,10.04087,0.10226,0.08342,0.99972,0.00333,0.00092,-0.02347,0.61604,-0.03628,-0.00364
89596000000,10.06164,0.10118,0.08337,0.99971,0.00333,0.00094,-0.02365,0.61687,-0.03533,-0.00443
89629000000,10.08168,0.10001,0.08330,0.99971,0.00327,0.00093,-0.02371,0.61613,-0.03493,-0.00514
89662000000,10.10049,0.10005,0.08356,0.99971,0.00312,0.00089,-0.02379,0.61514,-0.03254,-0.00403
89695000000,10.12064,0.09875,0.08325,0.99971,0.00315,0.00089,-0.02384,0.61495,-0.03227,-0.00425
89728000000,10.14093,0.09778,0.08304,0.99971,0.00315,0.00088,-0.02391,0.61454,-0.03153,-0.00544
89761000000,10.16161,0.09685,0.08299,0.99971,0.00318,0.00088,-0.02396,0.61367,-0.03087,-0.00720
89794000000,10.18153,0.09580,0.08285,0.99971,0.00325,0.00085,-0.02396,0.61390,-0.03011,-0.00691
89827000000,10.20175,0.09488,0.08265,0.99971,0.00325,0.00078,-0.02399,0.61409,-0.02946,-0.00701
89860000000,10.21946,0.09453,0.08309,0.99971,0.00315,0.00069,-0.02392,0.60788,-0.02815,-0.00597
89893000000,10.23928,0.09360,0.08294,0.99971,0.00307,0.00076,-0.02391,0.60722,-0.02874,-0.00647
89926000000,10.25948,0.09267,0.08305,0.99971,0.00308,0.00083,-0.02393,0.60783,-0.02774,-0.00750
89959000000,10.27981,0.09185,0.08286,0.99971,0.00306,0.00084,-0.02390,0.60890,-0.02660,-0.00810
89992000000,10.29979,0.09104,0.08273,0.99971,0.00306,0.00085,-0.02388,0.60843,-0.02602,-0.00891
90025000000,10.31977,0.09022,0.08265,0.99971,0.00301,0.00085,-0.02385,0.60657,-0.02536,-0.00848
90058000000,10.33806,0.09010,0.08387,0.99971,0.00293,0.00091,-0.02377,0.60466,-0.02407,-0.00622
90091000000,10.35820,0.08916,0.08323,0.99972,0.00301,0.00087,-0.02366,0.60623,-0.02364,-0.00792
90124000000,10.37791,0.08826,0.08288,0.99972,0.00300,0.00083,-0.02353,0.60485,-0.02255,-0.00797
90157000000,10.39803,0.08738,0.08279,0.99972,0.00303,0.00083,-0.02347,0.60462,-0.02279,-0.00797
90190000000,10.41760,0.08635,0.08274,0.99972,0.00303,0.00083,-0.02339,0.60163,-0.02259,-0.00778
90223000000,10.43764,0.08546,0.08258,0.99972,0.00304,0.00086,-0.02328,0.60176,-0.02340,-0.00865
90256000000,10.45706,0.08527,0.08401,0.99973,0.00306,0.00082,-0.02321,0.60187,-0.02212,-0.00925
90289000000,10.47668,0.08469,0.08344,0.99973,0.00301,0.00082,-0.02320,0.60159,-0.02177,-0.01025
90322000000,10.49656,0.08398,0.08331,0.99973,0.00297,0.00085,-0.02314,0.60157,-0.02135,-0.01135
90355000000,10.51654,0.08298,0.08309,0.99973,0.00297,0.00088,-0.02305,0.60289,-0.02141,-0.01158
90388000000,10.53668,0.08216,0.08306,0.99973,0.00297,0.00094,-0.02301,0.60311,-0.02134,-0.01126
90421000000,10.55684,0.08136,0.08298,0.99973,0.00294,0.00094,-0.02296,0.60482,-0.02274,-0.01151
90454000000,10.57744,0.08063,0.08505,0.99973,0.00301,0.00093,-0.02291,0.60522,-0.02319,-0.00827
90487000000,10.59667,0.07983,0.08422,0.99973,0.00296,0.00087,-0.02288,0.60242,-0.02406,-0.00948
90520000000,10.61670,0.07894,0.08410,0.99973,0.00297,0.00087,-0.02284,0.59993,-0.02338,-0.00864
90553000000,10.63607,0.07788,0.08409,0.99974,0.00295,0.00083,-0.02281,0.60035,-0.02439,-0.00930
90586000000,10.65574,0.07731,0.08381,0.99973,0.00295,0.00089,-0.02283,0.59965,-0.02458,-0.00979
90619000000,10.67570,0.07667,0.08549,0.99974,0.00298,0.00096,-0.02277,0.60090,-0.02596,-0.00804
90652000000,10.69519,0.07615,0.08531,0.99974,0.00291,0.00098,-0.02278,0.60001,-0.02607,-0.00819
90685000000,10.71502,0.07552,0.08536,0.99973,0.00290,0.00102,-0.02282,0.59795,-0.02578,-0.00782
90718000000,10.73492,0.07477,0.08529,0.99973,0.00294,0.00104,-0.02287,0.59896,-0.02546,-0.00795
90784000000,10.77450,0.07316,0.08524,0.99973,0.00291,0.00105,-0.02296,0.60093,-0.02612,-0.00865
90817000000,10.79409,0.07268,0.08730,0.99973,0.00296,0.00112,-0.02306,0.60214,-0.02726,-0.00620
90850000000,10.81298,0.07146,0.08713,0.99973,0.00294,0.00104,-0.02313,0.59913,-0.02812,-0.00687
90883000000,10.83261,0.07045,0.08693,0.99973,0.00294,0.00103,-0.02322,0.59728,-0.02897,-0.00679
90916000000,10.85233,0.06936,0.08670,0.99972,0.00288,0.00096,-0.02332,0.59734,-0.02983,-0.00724
90949000000,10.87181,0.06811,0.08822,0.99972,0.00290,0.00096,-0.02347,0.59716,-0.03201,-0.00731
90982000000,10.89159,0.06727,0.08774,0.99972,0.00287,0.00096,-0.02362,0.59538,-0.03214,-0.00869
91015000000,10.91173,0.06629,0.08748,0.99971,0.00288,0.00097,-0.02376,0.59647,-0.03267,-0.00990
91048000000,10.93128,0.06521,0.08684,0.99971,0.00285,0.00097,-0.02393,0.59536,-0.03375,-0.01021
91114000000,10.97092,0.06294,0.08641,0.99970,0.00286,0.00102,-0.02437,0.59551,-0.03412,-0.01068
91147000000,10.99036,0.06179,0.08737,0.99969,0.00286,0.00104,-0.02460,0.59451,-0.03556,-0.01044
91180000000,11.00957,0.06054,0.08669,0.99969,0.00291,0.00098,-0.02479,0.59270,-0.03746,-0.01262
91213000000,11.02925,0.05914,0.08637,0.99968,0.00294,0.00099,-0.02504,0.59258,-0.03856,-0.01292
91246000000,11.04887,0.05777,0.08616,0.99967,0.00299,0.00101,-0.02532,0.59206,-0.03950,-0.01365
91279000000,11.06844,0.05637,0.08580,0.99967,0.00298,0.00094,-0.02560,0.59110,-0.04055,-0.01497
91312000000,11.08771,0.05514,0.08708,0.99966,0.00301,0.00096,-0.02597,0.59242,-0.04127,-0.01275
91345000000,11.10648,0.05394,0.08672,0.99965,0.00298,0.00095,-0.02636,0.58865,-0.04168,-0.01348
91378000000,11.12631,0.05275,0.08648,0.99964,0.00298,0.00095,-0.02667,0.59019,-0.04370,-0.01370
91444000000,11.16550,0.04990,0.08570,0.99962,0.00299,0.00090,-0.02742,0.59009,-0.04813,-0.01468
91543000000,11.22386,0.04530,0.08444,0.99958,0.00303,0.00091,-0.02865,0.58993,-0.05165,-0.01596
91576000000,11.24471,0.04398,0.08570,0.99957,0.00300,0.00096,-0.02912,0.59157,-0.05376,-0.01509
91609000000,11.26303,0.04209,0.08522,0.99956,0.00298,0.00095,-0.02957,0.59189,-0.05529,-0.01428
91675000000,11.30224,0.03885,0.08437,0.99953,0.00296,0.00093,-0.03060,0.58602,-0.05584,-0.01453
91708000000,11.32189,0.03746,0.08589,0.99951,0.00295,0.00098,-0.03111,0.58609,-0.05794,-0.01338
91741000000,11.34047,0.03566,0.08556,0.99949,0.00290,0.00104,-0.03168,0.58520,-0.05989,-0.01373
91774000000,11.36051,0.03419,0.08533,0.99947,0.00291,0.00103,-0.03226,0.58557,-0.05980,-0.01504
91807000000,11.37958,0.03224,0.08499,0.99946,0.00291,0.00105,-0.03282,0.58588,-0.06083,-0.01668
91840000000,11.39965,0.03086,0.08611,0.99944,0.00286,0.00107,-0.03340,0.58715,-0.06232,-0.01350
91873000000,11.41849,0.02867,0.08568,0.99942,0.00288,0.00109,-0.03404,0.58552,-0.06487,-0.01566
91906000000,11.43751,0.02651,0.08544,0.99939,0.00290,0.00107,-0.03466,0.58416,-0.06587,-0.01693
91972000000,11.47643,0.02231,0.08440,0.99935,0.00288,0.00106,-0.03588,0.58558,-0.06750,-0.01705
92005000000,11.49616,0.02010,0.08407,0.99933,0.00286,0.00110,-0.03650,0.58660,-0.06863,-0.01722
92038000000,11.51686,0.01862,0.08610,0.99931,0.00282,0.00117,-0.03710,0.58977,-0.06904,-0.01408
92071000000,11.53504,0.01622,0.08557,0.99928,0.00281,0.00113,-0.03777,0.58834,-0.07182,-0.01560
92104000000,11.55487,0.01404,0.08516,0.99926,0.00283,0.00119,-0.03842,0.58771,-0.07307,-0.01669
92137000000,11.57471,0.01185,0.08490,0.99923,0.00282,0.00119,-0.03911,0.58771,-0.07348,-0.01691
92170000000,11.59443,0.00956,0.08461,0.99921,0.00279,0.00122,-0.03975,0.58747,-0.07584,-0.01686
92203000000,11.61563,0.00866,0.08585,0.99917,0.00271,0.00131,-0.04053,0.58996,-0.07513,-0.01552
92236000000,11.63364,0.00588,0.08499,0.99915,0.00271,0.00126,-0.04115,0.58834,-0.07707,-0.01704
92302000000,11.67214,0.00045,0.08443,0.99909,0.00273,0.00139,-0.04246,0.58798,-0.08023,-0.01729
92335000000,11.69168,-0.00213,0.08421,0.99906,0.00266,0.00139,-0.04323,0.58790,-0.08157,-0.01886
92401000000,11.73071,-0.00643,0.08522,0.99900,0.00256,0.00155,-0.04463,0.58913,-0.08224,-0.01647
92434000000,11.74986,-0.00916,0.08442,0.99897,0.00256,0.00154,-0.04532,0.58904,-0.08296,-0.01775
92467000000,11.76958,-0.01157,0.08376,0.99894,0.00254,0.00155,-0.04602,0.58844,-0.08447,-0.01913
92500000000,11.78859,-0.01467,0.08304,0.99891,0.00251,0.00148,-0.04667,0.58709,-0.08454,-0.01945
92566000000,11.82890,-0.01919,0.08420,0.99884,0.00243,0.00151,-0.04806,0.58754,-0.08592,-0.01868
92599000000,11.84736,-0.02214,0.08365,0.99881,0.00241,0.00148,-0.04877,0.58593,-0.08806,-0.01915
92632000000,11.86684,-0.02495,0.08323,0.99877,0.00243,0.00149,-0.04951,0.58612,-0.08819,-0.01801
92665000000,11.88625,-0.02777,0.08299,0.99873,0.00241,0.00155,-0.05030,0.58502,-0.09013,-0.01785
92698000000,11.90559,-0.02993,0.08462,0.99869,0.00233,0.00160,-0.05106,0.58442,-0.09006,-0.01537
92731000000,11.92503,-0.03300,0.08390,0.99865,0.00232,0.00162,-0.05180,0.58384,-0.09152,-0.01762
92797000000,11.96381,-0.03909,0.08310,0.99857,0.00236,0.00169,-0.05343,0.58486,-0.09429,-0.01984
92830000000,11.98309,-0.04219,0.08298,0.99853,0.00234,0.00171,-0.05421,0.58470,-0.09519,-0.01991
92863000000,12.00404,-0.04472,0.08504,0.99848,0.00224,0.00172,-0.05503,0.58616,-0.09618,-0.01714
92896000000,12.02250,-0.04799,0.08435,0.99844,0.00224,0.00174,-0.05585,0.58498,-0.09811,-0.01779
92962000000,12.06178,-0.05430,0.08355,0.99834,0.00226,0.00178,-0.05745,0.58728,-0.10159,-0.01767
92995000000,12.08104,-0.05771,0.08325,0.99829,0.00229,0.00183,-0.05830,0.58726,-0.10349,-0.01832
93028000000,12.10143,-0.06061,0.08527,0.99824,0.00223,0.00186,-0.05915,0.58870,-0.10443,-0.01589
93061000000,12.12033,-0.06427,0.08426,0.99820,0.00222,0.00185,-0.05997,0.58860,-0.10540,-0.01673
93094000000,12.13990,-0.06756,0.08382,0.99815,0.00223,0.00184,-0.06075,0.59011,-0.10658,-0.01654
93127000000,12.15956,-0.07101,0.08351,0.99810,0.00226,0.00181,-0.06154,0.59145,-0.10845,-0.01694
93160000000,12.18034,-0.07379,0.08565,0.99804,0.00220,0.00190,-0.06244,0.59517,-0.10778,-0.01323
93226000000,12.21843,-0.08081,0.08490,0.99793,0.00217,0.00196,-0.06420,0.59475,-0.10883,-0.01304
93292000000,12.25744,-0.08793,0.08456,0.99782,0.00216,0.00200,-0.06591,0.59721,-0.11176,-0.01292
93358000000,12.29653,-0.09521,0.08394,0.99770,0.00220,0.00201,-0.06774,0.59779,-0.11288,-0.01460
93391000000,12.31608,-0.09799,0.08616,0.99764,0.00211,0.00206,-0.06861,0.59788,-0.11297,-0.01269
93457000000,12.35524,-0.10565,0.08516,0.99751,0.00211,0.00211,-0.07051,0.59863,-0.11580,-0.01347
93490000000,12.37494,-0.10960,0.08498,0.99744,0.00212,0.00215,-0.07147,0.59899,-0.11716,-0.01396
93523000000,12.39551,-0.11272,0.08693,0.99737,0.00200,0.00226,-0.07235,0.59980,-0.11754,-0.01107
93556000000,12.41445,-0.11677,0.08644,0.99731,0.00199,0.00226,-0.07323,0.59935,-0.11940,-0.01116
93589000000,12.43404,-0.12087,0.08638,0.99724,0.00201,0.00226,-0.07418,0.59916,-0.12138,-0.01095
93655000000,12.47380,-0.12873,0.08579,0.99710,0.00191,0.00226,-0.07601,0.60375,-0.12420,-0.01287
93688000000,12.49346,-0.13288,0.08572,0.99703,0.00188,0.00228,-0.07691,0.60451,-0.12607,-0.01303
93721000000,12.51288,-0.13609,0.08728,0.99697,0.00181,0.00225,-0.07780,0.60465,-0.12485,-0.01187
93787000000,12.55246,-0.14417,0.08620,0.99682,0.00180,0.00221,-0.07967,0.60698,-0.12573,-0.01209
93853000000,12.59192,-0.15234,0.08565,0.99667,0.00183,0.00225,-0.08154,0.60502,-0.12937,-0.01468
93886000000,12.61034,-0.15524,0.08712,0.99659,0.00170,0.00223,-0.08248,0.60271,-0.12852,-0.01217
93919000000,12.63014,-0.15943,0.08664,0.99651,0.00172,0.00226,-0.08340,0.60289,-0.13015,-0.01236
93952000000,12.64979,-0.16367,0.08642,0.99643,0.00166,0.00220,-0.08434,0.60341,-0.13033,-0.01270
94018000000,12.68856,-0.17147,0.08771,0.99628,0.00159,0.00213,-0.08609,0.60352,-0.13218,-0.01036
94051000000,12.70822,-0.17610,0.08722,0.99620,0.00155,0.00208,-0.08705,0.60434,-0.13365,-0.01046
94084000000,12.72778,-0.18061,0.08695,0.99612,0.00152,0.00205,-0.08796,0.60486,-0.13491,-0.01110
94117000000,12.74531,-0.18442,0.08800,0.99604,0.00146,0.00194,-0.08889,0.60214,-0.13668,-0.00904
94183000000,12.78516,-0.19340,0.08723,0.99588,0.00145,0.00197,-0.09069,0.60367,-0.13952,-0.00983
94216000000,12.80466,-0.19795,0.08721,0.99579,0.00140,0.00198,-0.09165,0.60338,-0.13950,-0.01002
94282000000,12.84169,-0.20675,0.08811,0.99562,0.00142,0.00187,-0.09345,0.60176,-0.14349,-0.00884
94348000000,12.88145,-0.21638,0.08753,0.99544,0.00138,0.00183,-0.09534,0.60221,-0.14554,-0.00835
94381000000,12.90171,-0.22081,0.08723,0.99535,0.00141,0.00189,-0.09626,0.59705,-0.14441,-0.00827
94414000000,12.91872,-0.22506,0.08804,0.99526,0.00142,0.00179,-0.09725,0.58877,-0.14614,-0.00818
94447000000,12.93807,-0.23002,0.08762,0.99516,0.00143,0.00178,-0.09828,0.58506,-0.14759,-0.00895
94480000000,12.95716,-0.23490,0.08729,0.99505,0.00138,0.00177,-0.09937,0.58120,-0.14981,-0.00832
94546000000,12.99530,-0.24483,0.08670,0.99482,0.00138,0.00175,-0.10161,0.57937,-0.15541,-0.01033
94612000000,13.03193,-0.25444,0.08671,0.99458,0.00133,0.00170,-0.10391,0.57775,-0.16191,-0.00760
94678000000,13.07030,-0.26542,0.08605,0.99431,0.00127,0.00169,-0.10649,0.58037,-0.16740,-0.00788
94711000000,13.08762,-0.27064,0.08629,0.99417,0.00127,0.00168,-0.10781,0.57789,-0.17163,-0.00857
94777000000,13.12564,-0.28236,0.08586,0.99387,0.00125,0.00165,-0.11054,0.57909,-0.17717,-0.00951
94810000000,13.14441,-0.28841,0.08579,0.99371,0.00128,0.00164,-0.11200,0.57978,-0.18024,-0.00898
94843000000,13.16091,-0.29419,0.08637,0.99354,0.00126,0.00163,-0.11345,0.57717,-0.18353,-0.00851
94876000000,13.17994,-0.30037,0.08621,0.99337,0.00126,0.00162,-0.11492,0.57784,-0.18654,-0.01054
94909000000,13.19882,-0.30668,0.08598,0.99319,0.00123,0.00162,-0.11645,0.57720,-0.19122,-0.01097
94942000000,13.21571,-0.31268,0.08653,0.99300,0.00120,0.00155,-0.11809,0.57484,-0.19417,-0.01032
95008000000,13.25357,-0.32577,0.08612,0.99261,0.00118,0.00155,-0.12137,0.57496,-0.20178,-0.01064
95074000000,13.29142,-0.33939,0.08564,0.99218,0.00117,0.00154,-0.12478,0.57835,-0.20729,-0.01209
95107000000,13.30873,-0.34611,0.08604,0.99196,0.00116,0.00149,-0.12657,0.57898,-0.21045,-0.01121
95140000000,13.32762,-0.35308,0.08556,0.99172,0.00118,0.00151,-0.12837,0.58256,-0.21366,-0.01196
95173000000,13.34541,-0.35975,0.08619,0.99148,0.00114,0.00153,-0.13021,0.58231,-0.21569,-0.01038
95239000000,13.38387,-0.37399,0.08549,0.99100,0.00113,0.00155,-0.13388,0.58233,-0.21994,-0.01059
95272000000,13.40312,-0.38121,0.08533,0.99074,0.00111,0.00157,-0.13578,0.58223,-0.22362,-0.01033
95338000000,13.43982,-0.39568,0.08580,0.99023,0.00103,0.00142,-0.13942,0.57933,-0.22662,-0.00976
95371000000,13.45896,-0.40327,0.08534,0.98997,0.00106,0.00137,-0.14127,0.57862,-0.22816,-0.00964
95404000000,13.47773,-0.41065,0.08513,0.98971,0.00105,0.00140,-0.14308,0.57881,-0.23087,-0.00919
95437000000,13.49524,-0.41807,0.08597,0.98945,0.00096,0.00135,-0.14489,0.57694,-0.23366,-0.00807
95470000000,13.51386,-0.42572,0.08552,0.98918,0.00099,0.00130,-0.14667,0.57471,-0.23525,-0.01054
95503000000,13.53256,-0.43354,0.08523,0.98893,0.00098,0.00128,-0.14839,0.57374,-0.23639,-0.01134
95536000000,13.55127,-0.44142,0.08503,0.98866,0.00098,0.00126,-0.15014,0.57127,-0.23723,-0.01191
95569000000,13.56872,-0.44895,0.08565,0.98841,0.00089,0.00125,-0.15182,0.56836,-0.23906,-0.01099
95635000000,13.60548,-0.46454,0.08495,0.98788,0.00083,0.00120,-0.15518,0.56776,-0.24219,-0.01205
95668000000,13.62397,-0.47257,0.08478,0.98762,0.00086,0.00116,-0.15689,0.56649,-0.24458,-0.01212
95701000000,13.64091,-0.48016,0.08563,0.98735,0.00082,0.00116,-0.15852,0.56277,-0.24542,-0.01121
95734000000,13.65903,-0.48812,0.08536,0.98709,0.00085,0.00114,-0.16017,0.56286,-0.24654,-0.01152
95800000000,13.69587,-0.50449,0.08490,0.98657,0.00092,0.00113,-0.16332,0.56270,-0.24978,-0.01292
95833000000,13.71265,-0.51214,0.08576,0.98632,0.00085,0.00107,-0.16485,0.55950,-0.25113,-0.01127
95866000000,13.73094,-0.52034,0.08535,0.98606,0.00087,0.00106,-0.16639,0.55954,-0.25227,-0.01162
95899000000,13.74927,-0.52864,0.08508,0.98580,0.00087,0.00100,-0.16790,0.55902,-0.25301,-0.01169
95932000000,13.76675,-0.53650,0.08571,0.98555,0.00077,0.00097,-0.16936,0.55918,-0.25372,-0.00948
95965000000,13.78466,-0.54467,0.08521,0.98531,0.00075,0.00100,-0.17079,0.55750,-0.25431,-0.01078
96031000000,13.82118,-0.56131,0.08460,0.98483,0.00071,0.00101,-0.17353,0.55614,-0.25276,-0.01269
96097000000,13.85740,-0.57789,0.08416,0.98436,0.00070,0.00102,-0.17615,0.55642,-0.25312,-0.01141
96130000000,13.87388,-0.58546,0.08502,0.98412,0.00057,0.00098,-0.17749,0.55377,-0.25302,-0.01011
96196000000,13.91031,-0.60218,0.08437,0.98367,0.00063,0.00103,-0.17996,0.55311,-0.25508,-0.01240
96229000000,13.92843,-0.61047,0.08422,0.98347,0.00062,0.00099,-0.18109,0.55184,-0.25538,-0.01414
96295000000,13.97294,-0.63147,0.08344,0.98305,0.00097,0.00111,-0.18334,0.56189,-0.26218,-0.01721
96328000000,13.98063,-0.63521,0.08462,0.98286,0.00051,0.00097,-0.18435,0.54812,-0.25602,-0.01496
96361000000,13.99878,-0.64368,0.08432,0.98267,0.00053,0.00094,-0.18538,0.54782,-0.25605,-0.01533
96394000000,14.01527,-0.65180,0.08523,0.98248,0.00042,0.00094,-0.18638,0.54649,-0.25703,-0.01335
96460000000,14.05141,-0.66860,0.08432,0.98213,0.00038,0.00090,-0.18819,0.54684,-0.25547,-0.01388
96493000000,14.06961,-0.67707,0.08388,0.98197,0.00038,0.00090,-0.18905,0.54636,-0.25511,-0.01543
96526000000,14.08672,-0.68504,0.08475,0.98180,0.00036,0.00094,-0.18990,0.54462,-0.25451,-0.01453
96559000000,14.10418,-0.69314,0.08420,0.98164,0.00028,0.00089,-0.19072,0.54331,-0.25189,-0.01590
96592000000,14.12212,-0.70142,0.08386,0.98150,0.00030,0.00094,-0.19145,0.54394,-0.24990,-0.01636
96625000000,14.14007,-0.70967,0.08365,0.98137,0.00028,0.00095,-0.19213,0.54396,-0.24951,-0.01694
96658000000,14.15679,-0.71774,0.08463,0.98125,0.00020,0.00095,-0.19274,0.54357,-0.24927,-0.01537
96691000000,14.17455,-0.72610,0.08412,0.98113,0.00018,0.00092,-0.19335,0.54407,-0.25145,-0.01655
96724000000,14.19225,-0.73429,0.08372,0.98102,0.00018,0.00089,-0.19390,0.54389,-0.25208,-0.01639
96757000000,14.21030,-0.74243,0.08333,0.98090,0.00018,0.00086,-0.19450,0.54440,-0.25066,-0.01631
96790000000,14.22753,-0.75081,0.08430,0.98080,0.00013,0.00083,-0.19504,0.54556,-0.24985,-0.01539
96823000000,14.24494,-0.75832,0.08385,0.98071,0.00006,0.00085,-0.19547,0.54309,-0.24466,-0.01495
96856000000,14.26284,-0.76628,0.08355,0.98066,0.00002,0.00086,-0.19570,0.54174,-0.24043,-0.01519
96889000000,14.28093,-0.77420,0.08322,0.98063,0.00000,0.00082,-0.19589,0.54316,-0.23911,-0.01560
96922000000,14.29800,-0.78189,0.08407,0.98060,-0.00006,0.00083,-0.19603,0.54375,-0.23750,-0.01354
96955000000,14.31561,-0.78966,0.08347,0.98060,-0.00008,0.00076,-0.19601,0.54342,-0.23479,-0.01451
97021000000,14.35158,-0.80531,0.08284,0.98063,-0.00009,0.00078,-0.19589,0.54514,-0.23194,-0.01421
97153000000,14.42393,-0.83534,0.08117,0.98080,-0.00019,0.00075,-0.19501,0.55007,-0.22341,-0.01794
97252000000,14.49010,-0.86266,0.08028,0.98102,0.00029,0.00103,-0.19389,0.56709,-0.22124,-0.01960
97318000000,14.51457,-0.87144,0.08236,0.98124,-0.00019,0.00086,-0.19279,0.55430,-0.20966,-0.01595
97351000000,14.53254,-0.87806,0.08331,0.98137,-0.00023,0.00089,-0.19214,0.55468,-0.20614,-0.01227
97384000000,14.55042,-0.88479,0.08287,0.98150,-0.00025,0.00087,-0.19144,0.55517,-0.20356,-0.01235
97450000000,14.58716,-0.89840,0.08355,0.98180,-0.00026,0.00088,-0.18994,0.55666,-0.20080,-0.00936
97483000000,14.60544,-0.90480,0.08323,0.98195,-0.00031,0.00087,-0.18916,0.55789,-0.19700,-0.01026
97549000000,14.64241,-0.91788,0.08387,0.98228,-0.00034,0.00087,-0.18742,0.55949,-0.19093,-0.01146
97582000000,14.66086,-0.92420,0.08351,0.98247,-0.00034,0.00085,-0.18641,0.56086,-0.18793,-0.01205
97615000000,14.67970,-0.93080,0.08418,0.98266,-0.00029,0.00082,-0.18543,0.56221,-0.18423,-0.01037
97648000000,14.69825,-0.93710,0.08383,0.98285,-0.00028,0.00079,-0.18439,0.56318,-0.18164,-0.01076
97681000000,14.71689,-0.94313,0.08367,0.98305,-0.00026,0.00076,-0.18336,0.56513,-0.17915,-0.01048
97714000000,14.73623,-0.94944,0.08426,0.98326,-0.00022,0.00081,-0.18219,0.56820,-0.17765,-0.01052
97747000000,14.75479,-0.95527,0.08394,0.98348,-0.00022,0.00079,-0.18104,0.56807,-0.17552,-0.01151
97780000000,14.77355,-0.96120,0.08374,0.98371,-0.00018,0.00076,-0.17978,0.56900,-0.17303,-0.01197
97846000000,14.81161,-0.97318,0.08406,0.98416,-0.00018,0.00081,-0.17726,0.57118,-0.16650,-0.01040
97879000000,14.83006,-0.97847,0.08374,0.98440,-0.00018,0.00079,-0.17596,0.57278,-0.16220,-0.01120
97912000000,14.84914,-0.98433,0.08427,0.98464,-0.00018,0.00076,-0.17461,0.57374,-0.15977,-0.01160
97978000000,14.88704,-0.99481,0.08363,0.98513,-0.00013,0.00072,-0.17181,0.57566,-0.15517,-0.01234
98011000000,14.90612,-1.00017,0.08358,0.98538,-0.00016,0.00076,-0.17039,0.57708,-0.15164,-0.01185
98044000000,14.92521,-1.00590,0.08430,0.98563,-0.00018,0.00078,-0.16890,0.57759,-0.15063,-0.01087
98077000000,14.94410,-1.01087,0.08387,0.98589,-0.00015,0.00075,-0.16738,0.57690,-0.14774,-0.01061
98143000000,14.98226,-1.02112,0.08404,0.98640,-0.00014,0.00075,-0.16439,0.57879,-0.14347,-0.00967
98209000000,15.02046,-1.03035,0.08346,0.98692,-0.00008,0.00080,-0.16122,0.58086,-0.13753,-0.01130
98242000000,15.03971,-1.03546,0.08375,0.98718,-0.00008,0.00084,-0.15961,0.58283,-0.13521,-0.01116
98275000000,15.05918,-1.04037,0.08400,0.98745,-0.00008,0.00085,-0.15794,0.58552,-0.13346,-0.01121
98308000000,15.07851,-1.04478,0.08359,0.98771,-0.00010,0.00081,-0.15629,0.58814,-0.13152,-0.01095
98341000000,15.09806,-1.04959,0.08388,0.98797,-0.00014,0.00083,-0.15463,0.59068,-0.13134,-0.01012
98374000000,15.11755,-1.05377,0.08358,0.98824,-0.00013,0.00086,-0.15291,0.59369,-0.12895,-0.01016
98407000000,15.13717,-1.05800,0.08333,0.98849,-0.00013,0.00092,-0.15129,0.59714,-0.12677,-0.01162
98440000000,15.15709,-1.06265,0.08371,0.98873,-0.00010,0.00093,-0.14969,0.60195,-0.12544,-0.01227
98473000000,15.17695,-1.06672,0.08333,0.98898,-0.00013,0.00091,-0.14803,0.60222,-0.12360,-0.01276
98506000000,15.19665,-1.07103,0.08361,0.98924,-0.00008,0.00093,-0.14633,0.60156,-0.12224,-0.01246
98539000000,15.21661,-1.07495,0.08329,0.98948,-0.00007,0.00092,-0.14464,0.60240,-0.11871,-0.01225
98572000000,15.23645,-1.07877,0.08298,0.98973,-0.00005,0.00086,-0.14296,0.60344,-0.11680,-0.01380
98605000000,15.25623,-1.08279,0.08331,0.98998,-0.00009,0.00088,-0.14119,0.60325,-0.11424,-0.01227
98671000000,15.29597,-1.09001,0.08258,0.99048,-0.00017,0.00085,-0.13765,0.60289,-0.10785,-0.01305
98704000000,15.31587,-1.09342,0.08236,0.99073,-0.00011,0.00077,-0.13584,0.60280,-0.10516,-0.01319
98737000000,15.33571,-1.09702,0.08291,0.99098,-0.00010,0.00081,-0.13398,0.60239,-0.10336,-0.01107
98770000000,15.35572,-1.10046,0.08256,0.99123,-0.00011,0.00078,-0.13214,0.60352,-0.09984,-0.01224
98803000000,15.37540,-1.10409,0.08292,0.99147,-0.00009,0.00074,-0.13035,0.60326,-0.09792,-0.01126
98836000000,15.39538,-1.10733,0.08260,0.99170,-0.00010,0.00076,-0.12855,0.60403,-0.09563,-0.01105
98869000000,15.41497,-1.11075,0.08303,0.99194,-0.00009,0.00080,-0.12671,0.60209,-0.09336,-0.00887
98902000000,15.43478,-1.11370,0.08280,0.99217,-0.00006,0.00083,-0.12489,0.59959,-0.09156,-0.00906
98968000000,15.47432,-1.11959,0.08304,0.99262,-0.00011,0.00089,-0.12124,0.59890,-0.08570,-0.00722
99034000000,15.51409,-1.12495,0.08255,0.99306,-0.00009,0.00083,-0.11760,0.60089,-0.08104,-0.00816
99067000000,15.53405,-1.12743,0.08299,0.99328,-0.00007,0.00084,-0.11574,0.60101,-0.07798,-0.00645
99100000000,15.55397,-1.12991,0.08329,0.99350,-0.00003,0.00087,-0.11384,0.60078,-0.07545,-0.00634
99133000000,15.57379,-1.13243,0.08314,0.99371,0.00001,0.00088,-0.11198,0.60178,-0.07336,-0.00700
99166000000,15.59360,-1.13498,0.08340,0.99391,-0.00000,0.00085,-0.11017,0.60145,-0.07710,-0.00515
99199000000,15.61341,-1.13747,0.08320,0.99412,0.00000,0.00088,-0.10831,0.59911,-0.07504,-0.00538
99232000000,15.63315,-1.13970,0.08345,0.99431,-0.00000,0.00087,-0.10653,0.59969,-0.07320,-0.00547
99298000000,15.67282,-1.14422,0.08313,0.99469,-0.00000,0.00085,-0.10292,0.60310,-0.06916,-0.00513
99331000000,15.69290,-1.14609,0.08342,0.99488,-0.00006,0.00087,-0.10110,0.60320,-0.06534,-0.00445
99364000000,15.71268,-1.14819,0.08323,0.99506,-0.00008,0.00086,-0.09929,0.60218,-0.06315,-0.00556
99397000000,15.73281,-1.14977,0.08350,0.99524,-0.00013,0.00081,-0.09746,0.60236,-0.05953,-0.00552
99430000000,15.75274,-1.15176,0.08320,0.99541,-0.00012,0.00081,-0.09565,0.60356,-0.05723,-0.00636
99496000000,15.79269,-1.15546,0.08275,0.99575,-0.00007,0.00083,-0.09207,0.60383,-0.05267,-0.00718
99529000000,15.81292,-1.15671,0.08293,0.99592,-0.00008,0.00080,-0.09027,0.60220,-0.04975,-0.00679
99562000000,15.83289,-1.15818,0.08300,0.99608,-0.00005,0.00075,-0.08845,0.60337,-0.04880,-0.00593
99595000000,15.85274,-1.15968,0.08283,0.99624,-0.00014,0.00077,-0.08669,0.60305,-0.04682,-0.00633
99694000000,15.91262,-1.16388,0.08226,0.99667,-0.00011,0.00077,-0.08155,0.60536,-0.04157,-0.00872
99727000000,15.93275,-1.16508,0.08227,0.99681,-0.00012,0.00078,-0.07982,0.60566,-0.04017,-0.00820
99793000000,15.97293,-1.16744,0.08212,0.99708,-0.00012,0.00083,-0.07633,0.60401,-0.03730,-0.00919
99859000000,16.01236,-1.16982,0.08181,0.99733,-0.00002,0.00085,-0.07299,0.60298,-0.03594,-0.00943
99892000000,16.03265,-1.17094,0.08197,0.99745,-0.00002,0.00084,-0.07138,0.60315,-0.03554,-0.00980
99925000000,16.05226,-1.17201,0.08165,0.99756,-0.00004,0.00081,-0.06979,0.60288,-0.03472,-0.01089
99958000000,16.07607,-1.17345,0.08131,0.99767,-0.00023,0.00105,-0.06817,0.61034,-0.03423,-0.01073
99991000000,16.09232,-1.17404,0.08151,0.99777,-0.00010,0.00090,-0.06667,0.60368,-0.03199,-0.01140
100024000000,16.11238,-1.17489,0.08164,0.99787,-0.00013,0.00092,-0.06518,0.60167,-0.03104,-0.01089
100057000000,16.13221,-1.17584,0.08139,0.99797,-0.00013,0.00095,-0.06369,0.60145,-0.03075,-0.01089
100123000000,16.17211,-1.17746,0.08123,0.99815,-0.00019,0.00094,-0.06083,0.60218,-0.02842,-0.01088
100156000000,16.19196,-1.17814,0.08099,0.99823,-0.00018,0.00093,-0.05946,0.60266,-0.02770,-0.01017
100189000000,16.21192,-1.17889,0.08131,0.99831,-0.00026,0.00088,-0.05804,0.60423,-0.02799,-0.00887
100222000000,16.23179,-1.17981,0.08102,0.99839,-0.00021,0.00089,-0.05669,0.60392,-0.02779,-0.00895
100255000000,16.25135,-1.18043,0.08138,0.99847,-0.00020,0.00082,-0.05536,0.60525,-0.02650,-0.00877
100288000000,16.27136,-1.18114,0.08111,0.99854,-0.00018,0.00085,-0.05404,0.60669,-0.02466,-0.01023
100321000000,16.29099,-1.18168,0.08150,0.99861,-0.00014,0.00086,-0.05278,0.60372,-0.02328,-0.00804
100387000000,16.33064,-1.18304,0.08101,0.99873,-0.00020,0.00078,-0.05032,0.60149,-0.02388,-0.00848
100420000000,16.34983,-1.18338,0.08152,0.99879,-0.00024,0.00069,-0.04911,0.60098,-0.02100,-0.00642
100453000000,16.36947,-1.18358,0.08183,0.99885,-0.00024,0.00064,-0.04799,0.60034,-0.02012,-0.00504
100486000000,16.38914,-1.18426,0.08170,0.99890,-0.00024,0.00063,-0.04686,0.60023,-0.01921,-0.00537
100519000000,16.40850,-1.18444,0.08199,0.99895,-0.00024,0.00051,-0.04573,0.60072,-0.01914,-0.00552
100585000000,16.44817,-1.18564,0.08175,0.99905,-0.00024,0.00054,-0.04363,0.60012,-0.01925,-0.00447
100618000000,16.46776,-1.18586,0.08209,0.99909,-0.00029,0.00053,-0.04256,0.59838,-0.01933,-0.00457
100651000000,16.48727,-1.18621,0.08231,0.99914,-0.00032,0.00055,-0.04156,0.59893,-0.01843,-0.00402
100684000000,16.50699,-1.18683,0.08208,0.99918,-0.00034,0.00051,-0.04059,0.59863,-0.01878,-0.00407
100717000000,16.52613,-1.18732,0.08229,0.99921,-0.00028,0.00049,-0.03966,0.59709,-0.01793,-0.00239
100750000000,16.54581,-1.18790,0.08216,0.99925,-0.00025,0.00044,-0.03881,0.59615,-0.01925,-0.00319
100783000000,16.56484,-1.18836,0.08228,0.99928,-0.00019,0.00038,-0.03796,0.59530,-0.01903,-0.00301
100816000000,16.58452,-1.18904,0.08216,0.99931,-0.00018,0.00041,-0.03716,0.59655,-0.02024,-0.00413
100849000000,16.60407,-1.18970,0.08204,0.99934,-0.00018,0.00035,-0.03640,0.59336,-0.02200,-0.00472
100882000000,16.62298,-1.19025,0.08214,0.99936,-0.00020,0.00031,-0.03568,0.59135,-0.02159,-0.00523
100915000000,16.64262,-1.19097,0.08195,0.99939,-0.00021,0.00030,-0.03498,0.59199,-0.02255,-0.00653
100948000000,16.66169,-1.19156,0.08189,0.99941,-0.00024,0.00033,-0.03436,0.58832,-0.02197,-0.00694
100981000000,16.68082,-1.19223,0.08188,0.99943,-0.00021,0.00033,-0.03380,0.58531,-0.02264,-0.00689
101014000000,16.70012,-1.19295,0.08184,0.99944,-0.00025,0.00036,-0.03331,0.58513,-0.02436,-0.00710
101080000000,16.73865,-1.19433,0.08159,0.99948,-0.00029,0.00029,-0.03236,0.58237,-0.02556,-0.00815
101146000000,16.77706,-1.19592,0.08123,0.99950,-0.00028,0.00030,-0.03172,0.58028,-0.02829,-0.00967
101179000000,16.79615,-1.19674,0.08111,0.99951,-0.00033,0.00028,-0.03145,0.57790,-0.03088,-0.00947
101245000000,16.83425,-1.19863,0.08088,0.99951,-0.00030,0.00034,-0.03118,0.57710,-0.03394,-0.00822
101311000000,16.87221,-1.20091,0.08057,0.99952,-0.00036,0.00039,-0.03111,0.57215,-0.03872,-0.00867
101344000000,16.89117,-1.20188,0.08089,0.99951,-0.00042,0.00033,-0.03116,0.57028,-0.04157,-0.00780
101377000000,16.91007,-1.20323,0.08063,0.99951,-0.00048,0.00033,-0.03132,0.57055,-0.04456,-0.00993
101410000000,16.92890,-1.20441,0.08099,0.99950,-0.00054,0.00034,-0.03150,0.56784,-0.04561,-0.00887
101443000000,16.94761,-1.20591,0.08077,0.99949,-0.00056,0.00033,-0.03180,0.56619,-0.04779,-0.00930
101476000000,16.96635,-1.20727,0.08117,0.99948,-0.00052,0.00028,-0.03219,0.56484,-0.05017,-0.00707
101509000000,16.98492,-1.20901,0.08091,0.99947,-0.00044,0.00030,-0.03268,0.56340,-0.05330,-0.00836
101542000000,17.00348,-1.21069,0.08115,0.99945,-0.00042,0.00034,-0.03320,0.56304,-0.05681,-0.00816
101575000000,17.02209,-1.21268,0.08090,0.99943,-0.00043,0.00030,-0.03378,0.56249,-0.06122,-0.00822
101608000000,17.04072,-1.21461,0.08111,0.99940,-0.00048,0.00032,-0.03453,0.56052,-0.06457,-0.00698
101641000000,17.05913,-1.21674,0.08090,0.99937,-0.00054,0.00035,-0.03535,0.55920,-0.06827,-0.00751
101674000000,17.07747,-1.21899,0.08111,0.99934,-0.00054,0.00031,-0.03626,0.55853,-0.07265,-0.00643
101707000000,17.09585,-1.22146,0.08087,0.99930,-0.00052,0.00030,-0.03731,0.55872,-0.07781,-0.00655
101740000000,17.11429,-1.22390,0.08110,0.99926,-0.00054,0.00030,-0.03849,0.55764,-0.08121,-0.00621
101773000000,17.13268,-1.22670,0.08093,0.99921,-0.00054,0.00032,-0.03966,0.55747,-0.08694,-0.00750
101806000000,17.15088,-1.22955,0.08106,0.99916,-0.00054,0.00029,-0.04100,0.55702,-0.09060,-0.00732
101839000000,17.16924,-1.23259,0.08080,0.99910,-0.00054,0.00023,-0.04245,0.55691,-0.09544,-0.00817
101872000000,17.18728,-1.23579,0.08086,0.99903,-0.00058,0.00019,-0.04401,0.55341,-0.10131,-0.00726
101905000000,17.20536,-1.23930,0.08064,0.99896,-0.00057,0.00018,-0.04563,0.55033,-0.10636,-0.00776
101938000000,17.22314,-1.24292,0.08078,0.99888,-0.00058,0.00013,-0.04741,0.54515,-0.11179,-0.00696
101971000000,17.24116,-1.24670,0.08058,0.99878,-0.00056,0.00015,-0.04933,0.54553,-0.11787,-0.00696
102004000000,17.25865,-1.25080,0.08070,0.99868,-0.00051,0.00008,-0.05136,0.54231,-0.12428,-0.00679
102070000000,17.29423,-1.25945,0.08029,0.99844,-0.00043,0.00008,-0.05576,0.53483,-0.13559,-0.00718
102103000000,17.31142,-1.26414,0.08046,0.99831,-0.00042,0.00005,-0.05815,0.53144,-0.14220,-0.00598
102136000000,17.32844,-1.26906,0.08053,0.99815,-0.00034,-0.00002,-0.06073,0.52775,-0.15001,-0.00563
102169000000,17.34578,-1.27410,0.08034,0.99799,-0.00032,-0.00004,-0.06335,0.52557,-0.15663,-0.00583
102235000000,17.37971,-1.28500,0.08029,0.99761,-0.00031,-0.00013,-0.06905,0.51913,-0.17143,-0.00499
102268000000,17.39679,-1.29090,0.08012,0.99740,-0.00028,-0.00015,-0.07208,0.51746,-0.17945,-0.00464
102301000000,17.41337,-1.29705,0.08026,0.99716,-0.00023,-0.00015,-0.07530,0.51413,-0.18742,-0.00387
102334000000,17.43019,-1.30332,0.08015,0.99690,-0.00021,-0.00016,-0.07867,0.51140,-0.19520,-0.00411
102367000000,17.44642,-1.31012,0.08033,0.99661,-0.00014,-0.00024,-0.08223,0.50776,-0.20554,-0.00357
102400000000,17.46317,-1.31707,0.08022,0.99629,-0.00020,-0.00024,-0.08611,0.50592,-0.21465,-0.00358
102433000000,17.47925,-1.32439,0.08040,0.99593,-0.00019,-0.00026,-0.09016,0.50527,-0.22615,-0.00346
102466000000,17.49603,-1.33214,0.08032,0.99553,-0.00014,-0.00022,-0.09444,0.50669,-0.23830,-0.00205
102499000000,17.51229,-1.34035,0.08059,0.99508,-0.00011,-0.00025,-0.09905,0.50771,-0.25063,-0.00147
102532000000,17.52858,-1.34889,0.08079,0.99458,-0.00015,-0.00031,-0.10394,0.50637,-0.26328,-0.00062
102565000000,17.54482,-1.35769,0.08094,0.99405,-0.00009,-0.00035,-0.10895,0.49316,-0.26796,-0.00014
102598000000,17.56069,-1.36664,0.08104,0.99348,-0.00013,-0.00040,-0.11397,0.48733,-0.27669,0.00003
102664000000,17.59208,-1.38525,0.08099,0.99222,-0.00015,-0.00043,-0.12448,0.46316,-0.28797,-0.00015
102697000000,17.60709,-1.39480,0.08104,0.99154,-0.00017,-0.00051,-0.12982,0.45680,-0.29578,0.00009
102730000000,17.62186,-1.40459,0.08106,0.99081,-0.00020,-0.00057,-0.13523,0.45190,-0.30314,0.00020
102763000000,17.63656,-1.41462,0.08106,0.99005,-0.00024,-0.00052,-0.14074,0.44585,-0.30900,0.00082
102796000000,17.65104,-1.42492,0.08112,0.98923,-0.00017,-0.00053,-0.14635,0.42712,-0.30810,0.00033
102829000000,17.66482,-1.43507,0.08107,0.98838,-0.00019,-0.00058,-0.15198,0.41961,-0.31495,-0.00055
102862000000,17.67855,-1.44561,0.08105,0.98749,-0.00020,-0.00063,-0.15767,0.41325,-0.32218,-0.00173
102895000000,17.69205,-1.45629,0.08092,0.98655,-0.00025,-0.00062,-0.16347,0.40649,-0.32885,-0.00257
102928000000,17.70554,-1.46723,0.08086,0.98556,-0.00029,-0.00057,-0.16932,0.39939,-0.33577,-0.00226
102961000000,17.71880,-1.47833,0.08068,0.98452,-0.00028,-0.00054,-0.17526,0.39310,-0.34195,-0.00357
102994000000,17.73147,-1.48965,0.08062,0.98344,-0.00026,-0.00058,-0.18123,0.38177,-0.34457,-0.00471
103027000000,17.74418,-1.50098,0.08038,0.98230,-0.00028,-0.00053,-0.18729,0.37438,-0.34996,-0.00557
103093000000,17.76830,-1.52422,0.08004,0.97988,-0.00031,-0.00056,-0.19958,0.35939,-0.35860,-0.00492
103126000000,17.78003,-1.53614,0.07987,0.97861,-0.00030,-0.00058,-0.20573,0.35276,-0.36544,-0.00447
103159000000,17.79157,-1.54832,0.07973,0.97728,-0.00028,-0.00061,-0.21197,0.34551,-0.37222,-0.00575
103225000000,17.81410,-1.57339,0.07941,0.97444,-0.00023,-0.00058,-0.22464,0.33127,-0.38455,-0.00524
103258000000,17.82533,-1.58639,0.07934,0.97295,-0.00028,-0.00053,-0.23102,0.32561,-0.39227,-0.00472
103291000000,17.83635,-1.59965,0.07931,0.97140,-0.00029,-0.00048,-0.23743,0.32128,-0.39934,-0.00378
103324000000,17.84684,-1.61290,0.07920,0.96980,-0.00032,-0.00043,-0.24391,0.31419,-0.40417,-0.00472
103357000000,17.85758,-1.62658,0.07920,0.96813,-0.00028,-0.00041,-0.25045,0.30833,-0.41025,-0.00594
103390000000,17.86778,-1.64025,0.07900,0.96640,-0.00032,-0.00037,-0.25705,0.30552,-0.42103,-0.00668
103423000000,17.87808,-1.65444,0.07900,0.96460,-0.00031,-0.00028,-0.26373,0.29888,-0.42634,-0.00602
103456000000,17.88789,-1.66863,0.07875,0.96275,-0.00029,-0.00025,-0.27040,0.29038,-0.43169,-0.00646
103489000000,17.89778,-1.68324,0.07880,0.96084,-0.00023,-0.00016,-0.27709,0.28857,-0.44474,-0.00629
103522000000,17.90726,-1.69806,0.07863,0.95887,-0.00014,-0.00013,-0.28384,0.28015,-0.44966,-0.00551
103588000000,17.92575,-1.72860,0.07855,0.95477,-0.00011,-0.00009,-0.29734,0.27026,-0.46544,-0.00538
103621000000,17.93459,-1.74413,0.07859,0.95263,-0.00011,-0.00010,-0.30413,0.26525,-0.47525,-0.00634
103654000000,17.94335,-1.75991,0.07864,0.95041,-0.00010,-0.00011,-0.31099,0.25865,-0.48078,-0.00604
103687000000,17.95193,-1.77598,0.07869,0.94811,-0.00006,-0.00007,-0.31794,0.25567,-0.49378,-0.00508
103720000000,17.96008,-1.79210,0.07870,0.94573,-0.00009,-0.00012,-0.32494,0.24656,-0.49745,-0.00578
103753000000,17.96819,-1.80839,0.07861,0.94331,-0.00013,-0.00009,-0.33191,0.23864,-0.49982,-0.00637
103786000000,17.97594,-1.82481,0.07847,0.94082,-0.00019,-0.00003,-0.33890,0.22934,-0.50331,-0.00737
103819000000,17.98326,-1.84128,0.07833,0.93827,-0.00021,0.00001,-0.34589,0.22048,-0.50497,-0.00647
103852000000,17.99027,-1.85784,0.07815,0.93566,-0.00022,0.00002,-0.35290,0.21053,-0.50798,-0.00718
103885000000,17.99694,-1.87449,0.07799,0.93297,-0.00025,0.00003,-0.35995,0.20254,-0.51126,-0.00667
103918000000,18.00349,-1.89145,0.07789,0.93021,-0.00024,-0.00001,-0.36703,0.19862,-0.52610,-0.00565
103951000000,18.00989,-1.90887,0.07785,0.92737,-0.00019,0.00002,-0.37416,0.19092,-0.53291,-0.00641
103984000000,18.01610,-1.92653,0.07780,0.92444,-0.00022,0.00007,-0.38133,0.18357,-0.53907,-0.00689
104017000000,18.02208,-1.94448,0.07774,0.92144,-0.00022,0.00006,-0.38852,0.17729,-0.54787,-0.00718
104050000000,18.02796,-1.96305,0.07773,0.91836,-0.00016,0.00009,-0.39574,0.17396,-0.56543,-0.00653
104116000000,18.03894,-2.00074,0.07754,0.91196,-0.00015,0.00005,-0.41028,0.15970,-0.58253,-0.00545
104149000000,18.04403,-2.02003,0.07752,0.90863,-0.00019,0.00005,-0.41760,0.15084,-0.58582,-0.00694
104182000000,18.04892,-2.03946,0.07748,0.90522,-0.00014,0.00006,-0.42494,0.15859,-0.60559,-0.00581
104248000000,18.05890,-2.08021,0.07729,0.89812,-0.00015,0.00004,-0.43975,0.14510,-0.62150,-0.00582
104281000000,18.06342,-2.10086,0.07734,0.89452,-0.00011,0.00003,-0.44703,0.13633,-0.62485,-0.00491
104314000000,18.06771,-2.12179,0.07723,0.89086,-0.00005,-0.00006,-0.45427,0.12661,-0.62699,-0.00529
104347000000,18.07149,-2.14258,0.07743,0.88718,-0.00005,-0.00008,-0.46143,0.11712,-0.62956,-0.00351
104413000000,18.07848,-2.18448,0.07738,0.87974,-0.00002,-0.00013,-0.47545,0.09955,-0.63333,-0.00452
104446000000,18.08140,-2.20568,0.07747,0.87598,0.00002,-0.00022,-0.48235,0.08973,-0.63584,-0.00313
104479000000,18.08405,-2.22705,0.07756,0.87222,0.00002,-0.00029,-0.48911,0.08001,-0.63751,-0.00237
104512000000,18.08642,-2.24839,0.07764,0.86842,0.00001,-0.00035,-0.49583,0.07272,-0.63965,-0.00250
104578000000,18.09064,-2.29108,0.07763,0.86078,0.00003,-0.00041,-0.50898,0.05686,-0.64384,-0.00280
104611000000,18.09236,-2.31273,0.07758,0.85696,0.00006,-0.00042,-0.51538,0.04741,-0.64616,-0.00268
104677000000,18.09503,-2.35568,0.07745,0.84925,0.00008,-0.00042,-0.52798,0.03259,-0.64749,-0.00365
104710000000,18.09606,-2.37735,0.07733,0.84539,0.00012,-0.00044,-0.53415,0.02479,-0.65075,-0.00464
104776000000,18.09718,-2.42048,0.07705,0.83765,0.00018,-0.00044,-0.54621,0.00794,-0.65245,-0.00567
104809000000,18.09741,-2.44210,0.07685,0.83378,0.00023,-0.00044,-0.55210,-0.00008,-0.65365,-0.00680
104842000000,18.09740,-2.46369,0.07679,0.82990,0.00022,-0.00042,-0.55792,-0.00718,-0.65389,-0.00726
104908000000,18.09657,-2.50691,0.07626,0.82211,0.00028,-0.00046,-0.56933,-0.02284,-0.65286,-0.00871
104941000000,18.09616,-2.52872,0.07618,0.81821,0.00034,-0.00039,-0.57492,-0.02816,-0.65433,-0.00832
104974000000,18.09545,-2.55030,0.07612,0.81432,0.00036,-0.00033,-0.58042,-0.03434,-0.65487,-0.00861
105040000000,18.09297,-2.59366,0.07549,0.80653,0.00033,-0.00023,-0.59119,-0.04574,-0.65502,-0.00913
105073000000,18.09205,-2.61535,0.07555,0.80265,0.00028,-0.00013,-0.59645,-0.05026,-0.65707,-0.00995
105106000000,18.09066,-2.63657,0.07568,0.79879,0.00028,-0.00004,-0.60161,-0.05595,-0.65612,-0.00888
105172000000,18.08664,-2.67994,0.07511,0.79110,0.00030,-0.00006,-0.61169,-0.06764,-0.65474,-0.00862
105205000000,18.08496,-2.70109,0.07533,0.78725,0.00028,0.00007,-0.61663,-0.07164,-0.65218,-0.00809
105238000000,18.08306,-2.72226,0.07552,0.78343,0.00031,0.00013,-0.62148,-0.07450,-0.65193,-0.00709
105304000000,18.07781,-2.76527,0.07511,0.77589,0.00032,0.00010,-0.63087,-0.08360,-0.65148,-0.00685
105337000000,18.07549,-2.78640,0.07538,0.77213,0.00031,0.00015,-0.63547,-0.08738,-0.65022,-0.00639
105370000000,18.07294,-2.80771,0.07556,0.76841,0.00031,0.00018,-0.63995,-0.09103,-0.65053,-0.00545
105403000000,18.06977,-2.82920,0.07535,0.76468,0.00027,0.00016,-0.64441,-0.09560,-0.64951,-0.00526
105436000000,18.06677,-2.85033,0.07552,0.76095,0.00026,0.00016,-0.64881,-0.09956,-0.64903,-0.00532
105469000000,18.06341,-2.87176,0.07538,0.75726,0.00027,0.00016,-0.65312,-0.10323,-0.64858,-0.00455
105502000000,18.06005,-2.89285,0.07562,0.75359,0.00026,0.00017,-0.65734,-0.10726,-0.64899,-0.00433
105568000000,18.05274,-2.93577,0.07520,0.74622,0.00027,0.00025,-0.66570,-0.11537,-0.64961,-0.00596
105634000000,18.04485,-2.97807,0.07531,0.73905,0.00030,0.00037,-0.67365,-0.12368,-0.64842,-0.00650
105667000000,18.04064,-2.99895,0.07549,0.73549,0.00027,0.00035,-0.67753,-0.12719,-0.64629,-0.00602
105700000000,18.03635,-3.02000,0.07562,0.73193,0.00022,0.00035,-0.68138,-0.13048,-0.64415,-0.00568
105766000000,18.02756,-3.06233,0.07532,0.72490,0.00022,0.00032,-0.68886,-0.13581,-0.64281,-0.00611
105832000000,18.01827,-3.10411,0.07546,0.71798,0.00021,0.00033,-0.69607,-0.14236,-0.63828,-0.00561
105865000000,18.01332,-3.12434,0.07578,0.71457,0.00018,0.00030,-0.69957,-0.14669,-0.63631,-0.00613
105898000000,18.00827,-3.14468,0.07604,0.71114,0.00012,0.00028,-0.70305,-0.14941,-0.63311,-0.00538
105931000000,18.00329,-3.16563,0.07573,0.70779,0.00011,0.00025,-0.70643,-0.15321,-0.63288,-0.00715
105997000000,17.99276,-3.20662,0.07564,0.70115,0.00011,0.00023,-0.71302,-0.16080,-0.62771,-0.00871
106063000000,17.98200,-3.24787,0.07516,0.69468,0.00015,0.00029,-0.71932,-0.16619,-0.62286,-0.00940
106129000000,17.97067,-3.28846,0.07532,0.68844,0.00021,0.00031,-0.72529,-0.17057,-0.62080,-0.00933
106162000000,17.96496,-3.30836,0.07568,0.68541,0.00023,0.00037,-0.72816,-0.17337,-0.61831,-0.00874
106195000000,17.95906,-3.32815,0.07587,0.68245,0.00015,0.00044,-0.73094,-0.17649,-0.61602,-0.00884
106261000000,17.94729,-3.36865,0.07526,0.67664,0.00020,0.00039,-0.73631,-0.18117,-0.61056,-0.01111
106294000000,17.94125,-3.38836,0.07541,0.67379,0.00016,0.00040,-0.73893,-0.18321,-0.60770,-0.01000
106327000000,17.93514,-3.40811,0.07551,0.67099,0.00010,0.00041,-0.74146,-0.18551,-0.60669,-0.00994
106426000000,17.91652,-3.46810,0.07462,0.66286,0.00013,0.00038,-0.74874,-0.19047,-0.60292,-0.01091
106459000000,17.91031,-3.48794,0.07485,0.66024,0.00009,0.00037,-0.75105,-0.19175,-0.60136,-0.00839
106525000000,17.89759,-3.52762,0.07478,0.65513,0.00018,0.00034,-0.75551,-0.19613,-0.59815,-0.00962
106558000000,17.89104,-3.54706,0.07449,0.65267,0.00011,0.00031,-0.75764,-0.19801,-0.59594,-0.00958
106591000000,17.88452,-3.56662,0.07471,0.65018,0.00008,0.00038,-0.75978,-0.19897,-0.59469,-0.00923
106657000000,17.87117,-3.60544,0.07416,0.64540,0.00002,0.00037,-0.76385,-0.20350,-0.58936,-0.00919
106690000000,17.86443,-3.62451,0.07465,0.64307,0.00000,0.00042,-0.76581,-0.20537,-0.58711,-0.00788
106723000000,17.85619,-3.64730,0.07474,0.64074,0.00022,0.00037,-0.76776,-0.20992,-0.59287,-0.00756
106756000000,17.85081,-3.66281,0.07476,0.63844,-0.00001,0.00049,-0.76967,-0.20759,-0.58208,-0.00801
106789000000,17.84394,-3.68183,0.07501,0.63618,-0.00003,0.00049,-0.77154,-0.20809,-0.57972,-0.00760
106855000000,17.83002,-3.71985,0.07457,0.63177,-0.00002,0.00051,-0.77515,-0.21106,-0.57482,-0.00872
106954000000,17.80850,-3.77637,0.07412,0.62542,-0.00002,0.00046,-0.78029,-0.21866,-0.56851,-0.01268
107020000000,17.79369,-3.81380,0.07404,0.62130,-0.00004,0.00050,-0.78357,-0.22140,-0.56378,-0.01142
107086000000,17.77887,-3.85074,0.07401,0.61729,-0.00006,0.00054,-0.78673,-0.22428,-0.55834,-0.01176
107119000000,17.77151,-3.86922,0.07429,0.61533,-0.00004,0.00054,-0.78827,-0.22403,-0.55620,-0.01109
107185000000,17.75654,-3.90564,0.07414,0.61156,0.00001,0.00055,-0.79120,-0.22575,-0.55116,-0.01138
107218000000,17.74919,-3.92363,0.07392,0.60966,0.00001,0.00053,-0.79266,-0.22596,-0.54947,-0.01091
107284000000,17.73417,-3.95992,0.07390,0.60601,-0.00010,0.00061,-0.79546,-0.23039,-0.55162,-0.01087
107317000000,17.72653,-3.97839,0.07346,0.60416,-0.00009,0.00061,-0.79686,-0.23380,-0.55416,-0.01260
107383000000,17.71096,-4.01476,0.07342,0.60047,-0.00014,0.00064,-0.79964,-0.23942,-0.55213,-0.01308
107482000000,17.68714,-4.06911,0.07194,0.59482,-0.00005,0.00074,-0.80386,-0.24255,-0.54766,-0.01721
107515000000,17.67902,-4.08699,0.07234,0.59292,-0.00012,0.00076,-0.80526,-0.25244,-0.54270,-0.01635
107548000000,17.67037,-4.10426,0.07269,0.59093,-0.00018,0.00070,-0.80672,-0.25581,-0.54104,-0.01502
107614000000,17.65327,-4.13992,0.07161,0.58691,-0.00017,0.00070,-0.80965,-0.26353,-0.53955,-0.01723
107647000000,17.64467,-4.15791,0.07110,0.58492,-0.00016,0.00070,-0.81109,-0.26691,-0.53938,-0.01819
107713000000,17.62691,-4.19348,0.07056,0.58078,-0.00013,0.00068,-0.81406,-0.27315,-0.53634,-0.01900
107746000000,17.61796,-4.21114,0.06998,0.57865,-0.00012,0.00066,-0.81558,-0.27567,-0.53574,-0.01862
107812000000,17.59938,-4.24634,0.06997,0.57437,-0.00019,0.00064,-0.81859,-0.28303,-0.53374,-0.01863
107878000000,17.58069,-4.28187,0.06857,0.57004,-0.00018,0.00066,-0.82162,-0.28972,-0.53098,-0.01954
107911000000,17.57141,-4.29974,0.06906,0.56783,-0.00025,0.00063,-0.82314,-0.29194,-0.53001,-0.01847
107944000000,17.56196,-4.31691,0.06949,0.56560,-0.00033,0.00060,-0.82468,-0.29456,-0.52713,-0.01851
107977000000,17.55190,-4.33360,0.06918,0.56335,-0.00037,0.00055,-0.82622,-0.29939,-0.52436,-0.01996
108043000000,17.53222,-4.36828,0.06865,0.55872,-0.00032,0.00051,-0.82936,-0.30527,-0.52065,-0.02060
108109000000,17.51181,-4.40257,0.06686,0.55400,-0.00035,0.00053,-0.83251,-0.31301,-0.51686,-0.02436
108142000000,17.50143,-4.41974,0.06727,0.55158,-0.00037,0.00052,-0.83412,-0.31712,-0.51505,-0.02306
108175000000,17.49104,-4.43684,0.06758,0.54916,-0.00036,0.00055,-0.83572,-0.32043,-0.51308,-0.02082
108241000000,17.46968,-4.47052,0.06627,0.54418,-0.00031,0.00051,-0.83897,-0.32690,-0.50744,-0.02124
108274000000,17.45886,-4.48751,0.06587,0.54164,-0.00026,0.00050,-0.84061,-0.33202,-0.50516,-0.02133
108307000000,17.44786,-4.50447,0.06695,0.53907,-0.00019,0.00057,-0.84226,-0.33616,-0.50361,-0.01832
108340000000,17.43703,-4.52090,0.06611,0.53649,-0.00021,0.00061,-0.84391,-0.33865,-0.50068,-0.01839
108373000000,17.42574,-4.53814,0.06711,0.53386,-0.00025,0.00065,-0.84557,-0.34144,-0.49848,-0.01481
108406000000,17.41449,-4.55464,0.06652,0.53120,-0.00024,0.00067,-0.84725,-0.34391,-0.49587,-0.01529
108439000000,17.40291,-4.57109,0.06728,0.52858,-0.00020,0.00066,-0.84888,-0.34740,-0.49311,-0.01331
108505000000,17.37958,-4.60333,0.06635,0.52315,-0.00025,0.00070,-0.85224,-0.35461,-0.48681,-0.01380
108571000000,17.35566,-4.63526,0.06678,0.51759,-0.00022,0.00059,-0.85563,-0.36240,-0.48256,-0.01247
108604000000,17.34365,-4.65091,0.06658,0.51476,-0.00017,0.00057,-0.85733,-0.36545,-0.47933,-0.01199
108670000000,17.31896,-4.68285,0.06732,0.50909,-0.00016,0.00064,-0.86071,-0.37446,-0.47379,-0.01009
108703000000,17.30647,-4.69825,0.06697,0.50619,-0.00010,0.00064,-0.86242,-0.37791,-0.46935,-0.01095
108736000000,17.29354,-4.71389,0.06790,0.50326,-0.00007,0.00064,-0.86414,-0.38184,-0.46620,-0.00838
108802000000,17.26804,-4.74446,0.06725,-0.49728,0.00009,-0.00065,0.86759,-0.38969,-0.46010,-0.00979
108868000000,17.24130,-4.77512,0.06757,-0.49121,0.00005,-0.00066,0.87104,-0.39793,-0.45547,-0.00901
108934000000,17.21473,-4.80520,0.06656,-0.48508,0.00005,-0.00068,0.87447,-0.40545,-0.44965,-0.01288
108967000000,17.20072,-4.82041,0.06691,-0.48198,0.00005,-0.00063,0.87618,-0.40968,-0.44696,-0.01233
109000000000,17.18719,-4.83497,0.06730,-0.47883,0.00001,-0.00062,0.87791,-0.41245,-0.44319,-0.01164
109033000000,17.17359,-4.84962,0.06710,-0.47569,-0.00004,-0.00067,0.87961,-0.41535,-0.43991,-0.01235
109066000000,17.15985,-4.86416,0.06687,-0.47250,-0.00006,-0.00069,0.88133,-0.41900,-0.43721,-0.01185
109132000000,17.13132,-4.89305,0.06679,-0.46564,0.00001,-0.00069,0.88497,-0.43175,-0.43181,-0.01194
109165000000,17.11699,-4.90687,0.06637,-0.46199,0.00005,-0.00066,0.88689,-0.43539,-0.42615,-0.01213
109231000000,17.08711,-4.93477,0.06651,-0.45452,0.00006,-0.00065,0.89074,-0.44473,-0.41600,-0.01188
109264000000,17.07262,-4.94806,0.06629,-0.45073,0.00008,-0.00062,0.89266,-0.44983,-0.41039,-0.01310
109297000000,17.05717,-4.96166,0.06654,-0.44680,0.00004,-0.00054,0.89464,-0.45460,-0.40608,-0.01259
109330000000,17.04221,-4.97501,0.06620,-0.44295,0.00002,-0.00055,0.89654,-0.45694,-0.40180,-0.01314
109363000000,17.02657,-4.98835,0.06654,-0.43906,-0.00007,-0.00051,0.89846,-0.46109,-0.39612,-0.01071
109396000000,17.01149,-5.00105,0.06620,-0.43511,-0.00000,-0.00049,0.90038,-0.46416,-0.38952,-0.01051
109429000000,16.99573,-5.01363,0.06640,-0.43113,-0.00002,-0.00044,0.90229,-0.46830,-0.38388,-0.00990
109462000000,16.98018,-5.02599,0.06611,-0.42714,-0.00005,-0.00042,0.90419,-0.47096,-0.37804,-0.01050
109495000000,16.96428,-5.03803,0.06634,-0.42309,-0.00001,-0.00038,0.90609,-0.47542,-0.37215,-0.01062
109528000000,16.94836,-5.05029,0.06603,-0.41905,-0.00005,-0.00037,0.90796,-0.47813,-0.36561,-0.01098
109561000000,16.93209,-5.06183,0.06637,-0.41496,-0.00001,-0.00037,0.90984,-0.48312,-0.35934,-0.00968
109627000000,16.90002,-5.08512,0.06581,-0.40672,-0.00007,-0.00035,0.91355,-0.49008,-0.34744,-0.00948
109660000000,16.88333,-5.09564,0.06625,-0.40259,0.00000,-0.00031,0.91538,-0.49361,-0.34056,-0.00748
109726000000,16.85009,-5.11745,0.06641,-0.39421,0.00001,-0.00030,0.91902,-0.49942,-0.32860,-0.00581
109759000000,16.83371,-5.12823,0.06624,-0.39000,-0.00002,-0.00038,0.92082,-0.50050,-0.32292,-0.00662
109792000000,16.81665,-5.13874,0.06653,-0.38582,0.00006,-0.00032,0.92257,-0.50501,-0.31750,-0.00734
109825000000,16.79997,-5.14897,0.06630,-0.38164,0.00004,-0.00029,0.92431,-0.50753,-0.31065,-0.00846
109858000000,16.78257,-5.15925,0.06655,-0.37740,0.00003,-0.00029,0.92605,-0.51149,-0.30550,-0.00839
109891000000,16.76564,-5.16933,0.06633,-0.37312,-0.00003,-0.00033,0.92778,-0.51383,-0.29998,-0.00847
109924000000,16.74814,-5.17890,0.06665,-0.36888,-0.00001,-0.00028,0.92948,-0.51641,-0.29403,-0.00714
109990000000,16.71392,-5.19808,0.06616,-0.36032,-0.00002,-0.00033,0.93283,-0.52074,-0.28222,-0.00910
110023000000,16.69573,-5.20766,0.06640,-0.35609,-0.00008,-0.00027,0.93445,-0.52466,-0.27771,-0.00882
110056000000,16.67800,-5.21681,0.06648,-0.35183,-0.00009,-0.00030,0.93606,-0.52659,-0.27197,-0.00933
110122000000,16.64301,-5.23435,0.06582,-0.34324,-0.00014,-0.00028,0.93925,-0.53329,-0.26058,-0.01111
110155000000,16.62477,-5.24322,0.06608,-0.33900,-0.00012,-0.00032,0.94079,-0.53667,-0.25591,-0.01029
110221000000,16.58848,-5.26010,0.06592,-0.33057,-0.00014,-0.00028,0.94378,-0.54197,-0.24603,-0.00989
110254000000,16.57061,-5.26803,0.06562,-0.32630,-0.00007,-0.00027,0.94527,-0.54376,-0.24080,-0.01021
110287000000,16.55206,-5.27620,0.06572,-0.32205,-0.00011,-0.00022,0.94672,-0.54748,-0.23629,-0.01144
110353000000,16.51580,-5.29150,0.06500,-0.31356,-0.00005,-0.00025,0.94957,-0.55096,-0.22481,-0.01260
110386000000,16.49735,-5.29909,0.06517,-0.30935,-0.00007,-0.00027,0.95095,-0.55312,-0.22137,-0.01210
110419000000,16.47858,-5.30676,0.06538,-0.30516,-0.00003,-0.00030,0.95230,-0.55674,-0.21830,-0.01218
110452000000,16.46026,-5.31378,0.06500,-0.30099,0.00002,-0.00029,0.95363,-0.55814,-0.21339,-0.01283
110485000000,16.44144,-5.32117,0.06520,-0.29680,0.00001,-0.00028,0.95494,-0.56094,-0.20960,-0.01307
110518000000,16.42292,-5.32804,0.06485,-0.29266,-0.00002,-0.00032,0.95622,-0.56204,-0.20667,-0.01348
110551000000,16.40396,-5.33519,0.06512,-0.28854,-0.00010,-0.00039,0.95747,-0.56358,-0.20234,-0.01237
110617000000,16.36665,-5.34821,0.06425,-0.28030,-0.00012,-0.00038,0.95991,-0.56672,-0.19358,-0.01380
110650000000,16.34743,-5.35483,0.06465,-0.27622,-0.00012,-0.00036,0.96110,-0.56886,-0.18920,-0.01308
110683000000,16.32824,-5.36139,0.06491,-0.27220,-0.00012,-0.00042,0.96224,-0.57027,-0.18550,-0.01342
110716000000,16.30943,-5.36733,0.06433,-0.26822,-0.00014,-0.00044,0.96336,-0.57160,-0.18160,-0.01487
110749000000,16.29014,-5.37356,0.06459,-0.26417,-0.00017,-0.00047,0.96447,-0.57257,-0.17860,-0.01357
110815000000,16.25234,-5.38507,0.06356,-0.25622,-0.00019,-0.00040,0.96662,-0.57233,-0.17049,-0.01523
110848000000,16.23297,-5.39079,0.06380,-0.25229,-0.00021,-0.00043,0.96765,-0.57398,-0.16698,-0.01452
110881000000,16.21387,-5.39626,0.06396,-0.24842,-0.00019,-0.00037,0.96865,-0.57394,-0.16277,-0.01443
110914000000,16.19484,-5.40162,0.06344,-0.24449,-0.00019,-0.00035,0.96965,-0.57453,-0.15950,-0.01536
110947000000,16.17547,-5.40670,0.06380,-0.24070,-0.00014,-0.00036,0.97060,-0.57687,-0.15531,-0.01354
110980000000,16.15643,-5.41184,0.06324,-0.23689,-0.00020,-0.00033,0.97154,-0.57726,-0.15161,-0.01510
111013000000,16.13704,-5.41671,0.06358,-0.23311,-0.00024,-0.00028,0.97245,-0.57768,-0.14764,-0.01435
111046000000,16.11795,-5.42169,0.06308,-0.22935,-0.00021,-0.00026,0.97334,-0.57879,-0.14489,-0.01472
111079000000,16.09858,-5.42651,0.06350,-0.22563,-0.00017,-0.00024,0.97421,-0.58047,-0.14268,-0.01330
111112000000,16.07941,-5.43119,0.06301,-0.22200,-0.00017,-0.00027,0.97505,-0.58059,-0.13868,-0.01397
111145000000,16.06000,-5.43576,0.06323,-0.21837,-0.00017,-0.00022,0.97587,-0.58108,-0.13481,-0.01174
111211000000,16.02163,-5.44442,0.06246,-0.21121,-0.00023,-0.00017,0.97744,-0.58287,-0.12804,-0.01333
111244000000,16.00190,-5.44869,0.06292,-0.20775,-0.00029,-0.00013,0.97818,-0.58475,-0.12687,-0.01134
111277000000,15.98194,-5.45302,0.06337,-0.20431,-0.00027,-0.00011,0.97891,-0.58722,-0.12499,-0.01078
111310000000,15.96272,-5.45710,0.06300,-0.20092,-0.00026,-0.00010,0.97961,-0.58691,-0.12209,-0.01211
111343000000,15.94327,-5.46111,0.06273,-0.19752,-0.00023,-0.00011,0.98030,-0.58871,-0.11973,-0.01306
111376000000,15.92323,-5.46510,0.06315,-0.19420,-0.00023,-0.00007,0.98096,-0.58944,-0.11729,-0.01284
111409000000,15.90368,-5.46914,0.06267,-0.19090,-0.00022,-0.00012,0.98161,-0.59146,-0.11661,-0.01421
111442000000,15.88429,-5.47297,0.06230,-0.18765,-0.00022,-0.00015,0.98224,-0.59055,-0.11323,-0.01460
111475000000,15.86430,-5.47676,0.06284,-0.18449,-0.00023,-0.00013,0.98283,-0.59098,-0.11053,-0.01400
111508000000,15.84479,-5.48037,0.06233,-0.18139,-0.00026,-0.00017,0.98341,-0.59018,-0.10781,-0.01519
111541000000,15.82535,-5.48387,0.06200,-0.17830,-0.00028,-0.00018,0.98398,-0.58930,-0.10470,-0.01512
111607000000,15.78555,-5.49094,0.06226,-0.17235,-0.00032,-0.00018,0.98504,-0.60144,-0.10790,-0.01437
111640000000,15.76549,-5.49460,0.06182,-0.16978,-0.00033,-0.00014,0.98548,-0.60201,-0.10830,-0.01447
111673000000,15.74455,-5.49845,0.06250,-0.16732,-0.00034,-0.00015,0.98590,-0.60399,-0.10924,-0.01338
111706000000,15.72468,-5.50213,0.06189,-0.16487,-0.00030,-0.00012,0.98631,-0.60119,-0.10765,-0.01482
111739000000,15.70476,-5.50573,0.06151,-0.16252,-0.00030,-0.00016,0.98670,-0.59920,-0.10780,-0.01558
111805000000,15.66410,-5.51298,0.06157,-0.15807,-0.00033,-0.00016,0.98743,-0.59731,-0.10727,-0.01491
111838000000,15.64429,-5.51671,0.06107,-0.15594,-0.00035,-0.00017,0.98777,-0.59621,-0.10777,-0.01554
111871000000,15.62456,-5.52030,0.06072,-0.15388,-0.00034,-0.00015,0.98809,-0.59434,-0.10835,-0.01569
111904000000,15.60416,-5.52344,0.06149,-0.15193,-0.00037,-0.00007,0.98839,-0.59430,-0.10726,-0.01390
111937000000,15.58459,-5.52744,0.06107,-0.14999,-0.00041,-0.00009,0.98869,-0.59225,-0.10838,-0.01400
111970000000,15.56490,-5.53105,0.06057,-0.14815,-0.00039,-0.00009,0.98897,-0.59119,-0.10893,-0.01373
112003000000,15.54401,-5.53484,0.06148,-0.14642,-0.00045,-0.00009,0.98922,-0.59144,-0.10990,-0.01163
112036000000,15.52448,-5.53852,0.06109,-0.14471,-0.00049,-0.00008,0.98947,-0.59023,-0.11029,-0.01291
112069000000,15.50506,-5.54210,0.06071,-0.14311,-0.00050,-0.00004,0.98971,-0.58834,-0.11125,-0.01269
112102000000,15.48575,-5.54572,0.06032,-0.14153,-0.00047,-0.00004,0.98993,-0.58808,-0.11284,-0.01384
112135000000,15.46519,-5.54951,0.06103,-0.14007,-0.00044,-0.00000,0.99014,-0.58845,-0.11337,-0.01249
112201000000,15.42659,-5.55719,0.06001,-0.13715,-0.00042,-0.00003,0.99055,-0.58752,-0.11522,-0.01386
112234000000,15.40721,-5.56104,0.05963,-0.13581,-0.00042,-0.00008,0.99073,-0.58470,-0.11614,-0.01401
112267000000,15.38783,-5.56494,0.05920,-0.13451,-0.00044,-0.00009,0.99091,-0.58389,-0.11569,-0.01425
112300000000,15.36738,-5.56884,0.06029,-0.13328,-0.00050,-0.00007,0.99108,-0.58453,-0.11631,-0.01211
112333000000,15.34819,-5.57283,0.05973,-0.13209,-0.00049,-0.00004,0.99124,-0.58366,-0.11712,-0.01282
112366000000,15.32881,-5.57668,0.05944,-0.13098,-0.00046,-0.00001,0.99139,-0.58280,-0.11714,-0.01200
112399000000,15.30938,-5.58060,0.05911,-0.12989,-0.00048,-0.00002,0.99153,-0.58100,-0.11832,-0.01169
112432000000,15.29005,-5.58445,0.05878,-0.12884,-0.00043,-0.00002,0.99167,-0.57985,-0.11874,-0.01186
112465000000,15.26883,-5.58838,0.06027,-0.12790,-0.00040,0.00007,0.99179,-0.58148,-0.11870,-0.01047
112498000000,15.24988,-5.59209,0.05985,-0.12696,-0.00035,0.00008,0.99191,-0.57885,-0.11974,-0.01148
112531000000,15.23052,-5.59617,0.05956,-0.12606,-0.00033,0.00003,0.99202,-0.57853,-0.12092,-0.01199
112564000000,15.21135,-5.60023,0.05920,-0.12522,-0.00033,0.00008,0.99213,-0.57829,-0.12154,-0.01238
112597000000,15.19209,-5.60419,0.05878,-0.12434,-0.00032,0.00016,0.99224,-0.57745,-0.12151,-0.01286
112630000000,15.17075,-5.60779,0.05935,-0.12357,-0.00039,0.00026,0.99234,-0.57903,-0.12058,-0.01213
112663000000,15.15200,-5.61205,0.05935,-0.12286,-0.00034,0.00019,0.99242,-0.57849,-0.12100,-0.01147
112729000000,15.11349,-5.61997,0.05877,-0.12148,-0.00038,0.00026,0.99259,-0.57685,-0.11973,-0.01206
112762000000,15.09458,-5.62421,0.05824,-0.12082,-0.00036,0.00023,0.99267,-0.57508,-0.12123,-0.01185
112828000000,15.05638,-5.63227,0.05746,-0.11962,-0.00040,0.00024,0.99282,-0.57238,-0.12232,-0.01340
112861000000,15.03462,-5.63725,0.05890,-0.11912,-0.00049,0.00025,0.99288,-0.57478,-0.12249,-0.01046
112927000000,14.99711,-5.64512,0.05811,-0.11813,-0.00049,0.00025,0.99300,-0.57178,-0.12217,-0.01222
112960000000,14.97799,-5.64914,0.05771,-0.11762,-0.00047,0.00023,0.99306,-0.57132,-0.12121,-0.01249
112993000000,14.95874,-5.65341,0.05773,-0.11717,-0.00043,0.00021,0.99311,-0.57018,-0.12180,-0.01210
113059000000,14.91787,-5.66199,0.05945,-0.11634,-0.00051,0.00020,0.99321,-0.57053,-0.12259,-0.01009
113092000000,14.89929,-5.66621,0.05952,-0.11594,-0.00052,0.00024,0.99326,-0.56942,-0.12166,-0.00998
113125000000,14.88011,-5.67061,0.05908,-0.11561,-0.00046,0.00021,0.99329,-0.56884,-0.12261,-0.01050
113158000000,14.86093,-5.67484,0.05853,-0.11525,-0.00046,0.00018,0.99334,-0.56936,-0.12308,-0.01089
113191000000,14.84276,-5.67862,0.05782,-0.11488,-0.00047,0.00019,0.99338,-0.56782,-0.12284,-0.01268
113257000000,14.80648,-5.68695,0.05625,-0.11426,-0.00048,0.00010,0.99345,-0.56297,-0.12315,-0.01673
113290000000,14.78782,-5.69169,0.05565,-0.11395,-0.00046,0.00008,0.99349,-0.56241,-0.12475,-0.01845
113323000000,14.76583,-5.69621,0.05694,-0.11369,-0.00053,0.00010,0.99352,-0.56491,-0.12572,-0.01699
113356000000,14.74740,-5.70040,0.05640,-0.11340,-0.00050,0.00011,0.99355,-0.56449,-0.12621,-0.01677
113422000000,14.71039,-5.70876,0.05533,-0.11293,-0.00049,0.00004,0.99360,-0.56155,-0.12554,-0.01655
113455000000,14.69224,-5.71308,0.05496,-0.11271,-0.00051,0.00004,0.99363,-0.55893,-0.12671,-0.01736
113521000000,14.65561,-5.72156,0.05359,-0.11233,-0.00040,0.00008,0.99367,-0.55720,-0.12780,-0.01861
113554000000,14.63742,-5.72558,0.05299,-0.11215,-0.00039,0.00010,0.99369,-0.55568,-0.12651,-0.01915
113587000000,14.61417,-5.73045,0.05514,-0.11201,-0.00051,0.00007,0.99371,-0.55830,-0.12708,-0.01751
113620000000,14.59576,-5.73439,0.05446,-0.11183,-0.00052,0.00001,0.99373,-0.55717,-0.12536,-0.01807
113653000000,14.57748,-5.73839,0.05414,-0.11163,-0.00051,0.00003,0.99375,-0.55604,-0.12568,-0.01712
113686000000,14.55905,-5.74261,0.05385,-0.11143,-0.00051,0.00005,0.99377,-0.55324,-0.12536,-0.01687
113752000000,14.52200,-5.75113,0.05318,-0.11111,-0.00052,0.00003,0.99381,-0.55435,-0.12617,-0.01708
113785000000,14.50325,-5.75559,0.05304,-0.11093,-0.00051,0.00007,0.99383,-0.55286,-0.12558,-0.01580
113818000000,14.47953,-5.75952,0.05556,-0.11084,-0.00065,0.00008,0.99384,-0.55724,-0.12544,-0.01220
113851000000,14.46062,-5.76299,0.05516,-0.11066,-0.00059,0.00009,0.99386,-0.55759,-0.12486,-0.01234
113917000000,14.42409,-5.77130,0.05462,-0.11037,-0.00061,0.00017,0.99389,-0.55681,-0.12353,-0.01280
113950000000,14.40713,-5.77474,0.05433,-0.11024,-0.00061,0.00016,0.99390,-0.55587,-0.12243,-0.01205
113983000000,14.38904,-5.77868,0.05382,-0.11007,-0.00059,0.00021,0.99392,-0.55508,-0.12108,-0.01240
114049000000,14.34832,-5.78626,0.05612,-0.10980,-0.00069,0.00026,0.99395,-0.55522,-0.11852,-0.00915
114082000000,14.33046,-5.79023,0.05588,-0.10952,-0.00066,0.00025,0.99398,-0.55440,-0.11764,-0.00821
114115000000,14.31236,-5.79474,0.05539,-0.10923,-0.00064,0.00024,0.99402,-0.55324,-0.11776,-0.00928
114148000000,14.29397,-5.79900,0.05519,-0.10899,-0.00067,0.00017,0.99404,-0.55343,-0.11683,-0.01026
114214000000,14.25675,-5.80649,0.05470,-0.10848,-0.00063,0.00027,0.99410,-0.55578,-0.11442,-0.01127
114280000000,14.22035,-5.81397,0.05365,-0.10788,-0.00064,0.00036,0.99416,-0.55566,-0.11295,-0.01309
114313000000,14.19713,-5.81846,0.05618,-0.10768,-0.00078,0.00033,0.99419,-0.56005,-0.11329,-0.00982
114346000000,14.17906,-5.82181,0.05581,-0.10740,-0.00080,0.00037,0.99422,-0.55973,-0.11291,-0.00937
114379000000,14.16009,-5.82590,0.05580,-0.10713,-0.00081,0.00032,0.99424,-0.56094,-0.11210,-0.00940
114412000000,14.14154,-5.82999,0.05554,-0.10686,-0.00079,0.00031,0.99427,-0.56166,-0.11209,-0.00918
114445000000,14.12327,-5.83351,0.05516,-0.10659,-0.00081,0.00032,0.99430,-0.56151,-0.11104,-0.00934
114478000000,14.09925,-5.83788,0.05827,-0.10636,-0.00090,0.00029,0.99433,-0.56621,-0.11143,-0.00687
114511000000,14.07990,-5.84175,0.05832,-0.10609,-0.00093,0.00036,0.99436,-0.56660,-0.11003,-0.00568
114544000000,14.06151,-5.84533,0.05810,-0.10578,-0.00090,0.00041,0.99439,-0.56637,-0.10943,-0.00615
114577000000,14.04397,-5.84874,0.05779,-0.10545,-0.00088,0.00045,0.99442,-0.56528,-0.10829,-0.00663
114610000000,14.02563,-5.85232,0.05782,-0.10515,-0.00087,0.00041,0.99446,-0.56458,-0.10736,-0.00721
114643000000,14.00654,-5.85599,0.05773,-0.10482,-0.00089,0.00034,0.99449,-0.56453,-0.10706,-0.00654
114709000000,13.96620,-5.86378,0.05911,-0.10415,-0.00099,0.00024,0.99456,-0.56846,-0.10599,-0.00473
114742000000,13.94791,-5.86726,0.05893,-0.10380,-0.00102,0.00027,0.99460,-0.56544,-0.10381,-0.00383
114775000000,13.93004,-5.87059,0.05873,-0.10341,-0.00100,0.00027,0.99464,-0.56534,-0.10208,-0.00402
114808000000,13.91155,-5.87392,0.05874,-0.10304,-0.00104,0.00025,0.99468,-0.56314,-0.09920,-0.00482
114841000000,13.89282,-5.87780,0.05848,-0.10261,-0.00099,0.00027,0.99472,-0.56170,-0.09850,-0.00557
114874000000,13.87055,-5.88223,0.06008,-0.10218,-0.00106,0.00023,0.99477,-0.56411,-0.09815,-0.00314
114907000000,13.85150,-5.88553,0.06013,-0.10178,-0.00110,0.00021,0.99481,-0.56463,-0.09573,-0.00300
114940000000,13.83339,-5.88830,0.05975,-0.10131,-0.00106,0.00024,0.99485,-0.56168,-0.09344,-0.00345
115006000000,13.79565,-5.89462,0.05977,-0.10029,-0.00103,0.00019,0.99496,-0.56284,-0.09140,-0.00317
115039000000,13.77738,-5.89776,0.05985,-0.09967,-0.00109,0.00020,0.99502,-0.56374,-0.08920,-0.00284
115072000000,13.75528,-5.90251,0.06089,-0.09903,-0.00115,0.00010,0.99508,-0.56567,-0.08994,-0.00112
115105000000,13.73796,-5.90539,0.06076,-0.09837,-0.00112,0.00013,0.99515,-0.56446,-0.08696,-0.00058
115171000000,13.70062,-5.91139,0.06082,-0.09697,-0.00115,0.00012,0.99529,-0.56323,-0.08201,-0.00171
115204000000,13.68253,-5.91432,0.06089,-0.09624,-0.00118,0.00010,0.99536,-0.56122,-0.07980,-0.00087
115237000000,13.66099,-5.91803,0.06155,-0.09546,-0.00118,0.00001,0.99543,-0.56160,-0.07976,-0.00034
115303000000,13.62316,-5.92364,0.06140,-0.09371,-0.00119,-0.00007,0.99560,-0.56362,-0.07665,-0.00126
115336000000,13.60403,-5.92664,0.06147,-0.09276,-0.00122,-0.00004,0.99569,-0.56367,-0.07395,-0.00055
115369000000,13.58523,-5.92939,0.06154,-0.09177,-0.00124,-0.00007,0.99578,-0.56391,-0.07176,-0.00059
115435000000,13.54810,-5.93453,0.06150,-0.08960,-0.00124,-0.00013,0.99598,-0.56480,-0.06787,-0.00094
115501000000,13.50712,-5.94051,0.06156,-0.08731,-0.00133,-0.00023,0.99618,-0.56351,-0.06372,-0.00168
115534000000,13.48889,-5.94239,0.06142,-0.08612,-0.00130,-0.00020,0.99628,-0.56194,-0.06096,-0.00131
115600000000,13.45149,-5.94631,0.06128,-0.08358,-0.00123,-0.00016,0.99650,-0.56364,-0.05575,-0.00107
115633000000,13.43129,-5.94883,0.06143,-0.08225,-0.00125,-0.00015,0.99661,-0.56537,-0.05324,-0.00078
115666000000,13.41243,-5.95066,0.06137,-0.08078,-0.00124,-0.00019,0.99673,-0.56513,-0.04992,0.00043
115699000000,13.39359,-5.95253,0.06129,-0.07930,-0.00126,-0.00024,0.99685,-0.56520,-0.04660,-0.00215
115732000000,13.37484,-5.95423,0.06113,-0.07778,-0.00130,-0.00031,0.99697,-0.56549,-0.04381,-0.00293
115765000000,13.35523,-5.95629,0.06118,-0.07623,-0.00131,-0.00034,0.99709,-0.56677,-0.04104,-0.00397
115798000000,13.33656,-5.95765,0.06096,-0.07463,-0.00133,-0.00041,0.99721,-0.56709,-0.03838,-0.00451
115864000000,13.29861,-5.96012,0.06084,-0.07131,-0.00129,-0.00036,0.99745,-0.56749,-0.03103,-0.00322
115897000000,13.27945,-5.96129,0.06081,-0.06958,-0.00129,-0.00038,0.99758,-0.56804,-0.02843,-0.00269
115963000000,13.23992,-5.96375,0.06055,-0.06608,-0.00134,-0.00043,0.99781,-0.56790,-0.02259,-0.00245
116029000000,13.20252,-5.96480,0.06041,-0.06234,-0.00134,-0.00043,0.99805,-0.56975,-0.01512,-0.00140
116062000000,13.18349,-5.96518,0.06050,-0.06040,-0.00139,-0.00042,0.99817,-0.56970,-0.01144,-0.00147
116128000000,13.14429,-5.96602,0.06027,-0.05646,-0.00138,-0.00039,0.99840,-0.57207,-0.00403,-0.00115
116161000000,13.12517,-5.96600,0.06023,-0.05443,-0.00137,-0.00039,0.99852,-0.57317,-0.00069,-0.00196
116194000000,13.10639,-5.96587,0.06017,-0.05237,-0.00138,-0.00035,0.99863,-0.57287,0.00226,-0.00235
116227000000,13.08606,-5.96607,0.05982,-0.05020,-0.00136,-0.00038,0.99874,-0.57417,0.00663,-0.00372
116260000000,13.06724,-5.96585,0.05969,-0.04804,-0.00135,-0.00040,0.99884,-0.57522,0.01131,-0.00322
116293000000,13.04782,-5.96565,0.05961,-0.04588,-0.00132,-0.00039,0.99895,-0.57671,0.01488,-0.00256
116359000000,13.01018,-5.96455,0.05950,-0.04144,-0.00137,-0.00042,0.99914,-0.57721,0.02038,-0.00207
116425000000,12.97137,-5.96319,0.05960,-0.03692,-0.00140,-0.00047,0.99932,-0.57869,0.02722,-0.00231
116491000000,12.93299,-5.96097,0.05954,-0.03221,-0.00142,-0.00049,0.99948,-0.57462,0.03466,-0.00325
116557000000,12.89435,-5.95819,0.05930,-0.02737,-0.00138,-0.00046,0.99962,-0.57681,0.04526,-0.00347
116590000000,12.87516,-5.95655,0.05918,-0.02492,-0.00137,-0.00043,0.99969,-0.57866,0.04896,-0.00402
116656000000,12.83546,-5.95283,0.05896,-0.01997,-0.00137,-0.00039,0.99980,-0.58606,0.05849,-0.00354
116689000000,12.81657,-5.95064,0.05881,-0.01743,-0.00138,-0.00039,0.99985,-0.58730,0.06253,-0.00554
116755000000,12.77759,-5.94620,0.05843,-0.01231,-0.00135,-0.00041,0.99992,-0.59270,0.07022,-0.00497
116788000000,12.75751,-5.94368,0.05834,-0.00971,-0.00133,-0.00040,0.99995,-0.59514,0.07470,-0.00609
116821000000,12.73764,-5.94121,0.05811,-0.00708,-0.00129,-0.00040,0.99997,-0.59555,0.07779,-0.00672
116887000000,12.69802,-5.93561,0.05798,-0.00167,-0.00128,-0.00032,1.00000,-0.59384,0.08443,-0.00846
116920000000,12.67860,-5.93274,0.05781,0.00097,-0.00127,-0.00025,1.00000,-0.59703,0.08889,-0.00831
116953000000,12.65900,-5.92953,0.05754,0.00373,-0.00123,-0.00027,0.99999,-0.59641,0.09291,-0.00936
116986000000,12.63927,-5.92641,0.05718,0.00642,-0.00120,-0.00027,0.99998,-0.59579,0.09623,-0.00979
117052000000,12.59984,-5.91988,0.05659,0.01181,-0.00116,-0.00024,0.99993,-0.59773,0.10397,-0.01057
117085000000,12.57996,-5.91632,0.05657,0.01450,-0.00110,-0.00022,0.99989,-0.59850,0.10717,-0.01063
117118000000,12.56028,-5.91269,0.05623,0.01719,-0.00110,-0.00026,0.99985,-0.59826,0.10936,-0.01048
117151000000,12.54027,-5.90883,0.05620,0.01983,-0.00114,-0.00026,0.99980,-0.59952,0.11269,-0.01040
117217000000,12.50072,-5.90119,0.05551,0.02514,-0.00112,-0.00032,0.99968,-0.60222,0.11869,-0.01091
117283000000,12.46081,-5.89329,0.05487,0.03045,-0.00114,-0.00033,0.99954,-0.60352,0.12469,-0.01346
117349000000,12.42053,-5.88471,0.05475,0.03567,-0.00119,-0.00028,0.99936,-0.60559,0.13250,-0.01294
117382000000,12.40075,-5.88029,0.05435,0.03822,-0.00118,-0.00033,0.99927,-0.60702,0.13595,-0.01217
117415000000,12.38011,-5.87582,0.05467,0.04074,-0.00115,-0.00036,0.99917,-0.60826,0.13997,-0.01197
117481000000,12.34070,-5.86634,0.05387,0.04569,-0.00111,-0.00036,0.99896,-0.60739,0.14578,-0.01410
117514000000,12.32064,-5.86146,0.05347,0.04807,-0.00110,-0.00031,0.99884,-0.60738,0.14800,-0.01343
117547000000,12.30104,-5.85637,0.05405,0.05044,-0.00108,-0.00035,0.99873,-0.60859,0.14942,-0.01216
117613000000,12.26057,-5.84652,0.05351,0.05512,-0.00112,-0.00041,0.99848,-0.61030,0.15351,-0.01245
117646000000,12.24031,-5.84161,0.05331,0.05734,-0.00122,-0.00039,0.99835,-0.61202,0.15457,-0.01341
117679000000,12.21918,-5.83676,0.05419,0.05956,-0.00123,-0.00042,0.99822,-0.61360,0.15560,-0.01266
117712000000,12.19975,-5.83180,0.05367,0.06174,-0.00121,-0.00049,0.99809,-0.61143,0.15721,-0.01264
117745000000,12.17924,-5.82681,0.05342,0.06384,-0.00125,-0.00052,0.99796,-0.61373,0.15787,-0.01189
117778000000,12.15893,-5.82173,0.05313,0.06586,-0.00123,-0.00056,0.99783,-0.61411,0.15854,-0.01194
117811000000,12.13812,-5.81692,0.05430,0.06785,-0.00133,-0.00060,0.99769,-0.61624,0.15926,-0.01075
117844000000,12.11800,-5.81169,0.05381,0.06979,-0.00136,-0.00065,0.99756,-0.61644,0.15903,-0.01216
117877000000,12.09771,-5.80646,0.05356,0.07165,-0.00139,-0.00061,0.99743,-0.61654,0.15943,-0.01289
117910000000,12.07737,-5.80130,0.05329,0.07341,-0.00138,-0.00065,0.99730,-0.61767,0.16017,-0.01227
117943000000,12.05674,-5.79648,0.05446,0.07513,-0.00143,-0.00067,0.99717,-0.61927,0.15995,-0.01143
117976000000,12.03678,-5.79143,0.05405,0.07679,-0.00145,-0.00067,0.99705,-0.61727,0.16007,-0.01285
118009000000,12.01638,-5.78640,0.05397,0.07843,-0.00151,-0.00064,0.99692,-0.61797,0.16037,-0.01301
118075000000,11.97547,-5.77605,0.05346,0.08146,-0.00151,-0.00069,0.99668,-0.62239,0.16108,-0.01500
118108000000,11.95514,-5.77175,0.05470,0.08284,-0.00153,-0.00073,0.99656,-0.62245,0.15962,-0.01416
118141000000,11.93413,-5.76675,0.05395,0.08413,-0.00152,-0.00076,0.99645,-0.62303,0.15920,-0.01454
118174000000,11.91371,-5.76165,0.05353,0.08536,-0.00151,-0.00076,0.99635,-0.62193,0.15739,-0.01594
118207000000,11.89314,-5.75668,0.05316,0.08659,-0.00155,-0.00083,0.99624,-0.62303,0.15677,-0.01682
118240000000,11.87344,-5.75265,0.05429,0.08772,-0.00156,-0.00084,0.99614,-0.62233,0.15391,-0.01468
118273000000,11.85268,-5.74769,0.05376,0.08879,-0.00155,-0.00090,0.99605,-0.62505,0.15259,-0.01553
118339000000,11.81124,-5.73790,0.05295,0.09071,-0.00157,-0.00091,0.99588,-0.62752,0.14934,-0.01774
118372000000,11.79076,-5.73304,0.05261,0.09156,-0.00161,-0.00095,0.99580,-0.62820,0.14801,-0.01809
118405000000,11.77112,-5.72954,0.05374,0.09236,-0.00160,-0.00095,0.99572,-0.62825,0.14510,-0.01624
118471000000,11.72908,-5.72015,0.05272,0.09372,-0.00168,-0.00094,0.99560,-0.63114,0.14317,-0.01779
118504000000,11.70844,-5.71560,0.05255,0.09428,-0.00168,-0.00093,0.99554,-0.63192,0.14016,-0.01721
118537000000,11.68742,-5.71087,0.05225,0.09475,-0.00173,-0.00095,0.99550,-0.63308,0.13805,-0.01745
118603000000,11.64554,-5.70164,0.05144,0.09553,-0.00173,-0.00095,0.99542,-0.63736,0.13529,-0.01735
118636000000,11.62614,-5.69819,0.05335,0.09581,-0.00171,-0.00097,0.99540,-0.63634,0.13135,-0.01432
118702000000,11.58357,-5.68951,0.05197,0.09614,-0.00166,-0.00096,0.99537,-0.64001,0.12737,-0.01779
118735000000,11.56243,-5.68502,0.05160,0.09619,-0.00166,-0.00084,0.99536,-0.64039,0.12594,-0.01845
118801000000,11.52075,-5.67661,0.05070,0.09608,-0.00159,-0.00082,0.99537,-0.64390,0.12290,-0.01861
118834000000,11.50003,-5.67258,0.05050,0.09597,-0.00152,-0.00088,0.99538,-0.64383,0.11982,-0.01927
118867000000,11.48134,-5.67013,0.05311,0.09580,-0.00147,-0.00095,0.99540,-0.64225,0.11532,-0.01628
118900000000,11.46058,-5.66624,0.05239,0.09546,-0.00146,-0.00089,0.99543,-0.64265,0.11334,-0.01804
118933000000,11.43933,-5.66228,0.05210,0.09510,-0.00146,-0.00087,0.99547,-0.64353,0.11104,-0.01770
118966000000,11.41847,-5.65893,0.05179,0.09470,-0.00139,-0.00091,0.99550,-0.64304,0.10717,-0.01681
118999000000,11.39748,-5.65548,0.05142,0.09422,-0.00144,-0.00084,0.99555,-0.64201,0.10497,-0.01808
119032000000,11.37801,-5.65267,0.05346,0.09364,-0.00139,-0.00088,0.99560,-0.64041,0.10171,-0.01529
119098000000,11.33667,-5.64578,0.05216,0.09235,-0.00144,-0.00088,0.99573,-0.64049,0.09533,-0.01773
119164000000,11.29447,-5.63978,0.05113,0.09090,-0.00145,-0.00089,0.99586,-0.64255,0.08971,-0.01908
119197000000,11.27366,-5.63749,0.05075,0.09007,-0.00146,-0.00086,0.99593,-0.64244,0.08626,-0.01844
119230000000,11.25551,-5.63516,0.05292,0.08917,-0.00138,-0.00088,0.99601,-0.63901,0.08406,-0.01539
119263000000,11.23441,-5.63229,0.05223,0.08828,-0.00142,-0.00084,0.99609,-0.63927,0.08178,-0.01577
119329000000,11.19211,-5.62694,0.05132,0.08625,-0.00143,-0.00084,0.99627,-0.64093,0.07611,-0.01761
119362000000,11.17102,-5.62467,0.05099,0.08515,-0.00147,-0.00083,0.99637,-0.64117,0.07319,-0.01782
119395000000,11.15269,-5.62331,0.05280,0.08403,-0.00141,-0.00082,0.99646,-0.63945,0.06926,-0.01554
119428000000,11.13158,-5.62116,0.05217,0.08283,-0.00139,-0.00081,0.99656,-0.63951,0.06634,-0.01726
119461000000,11.11055,-5.61925,0.05159,0.08159,-0.00141,-0.00081,0.99666,-0.64014,0.06208,-0.01737
119494000000,11.08947,-5.61730,0.05120,0.08031,-0.00144,-0.00085,0.99677,-0.63958,0.05833,-0.01782
119527000000,11.07022,-5.61587,0.05277,0.07897,-0.00137,-0.00088,0.99688,-0.63879,0.05628,-0.01685
119560000000,11.04985,-5.61413,0.05210,0.07758,-0.00134,-0.00084,0.99699,-0.63929,0.05356,-0.01775
119593000000,11.02892,-5.61256,0.05166,0.07612,-0.00131,-0.00081,0.99710,-0.64015,0.05042,-0.01954
119659000000,10.98682,-5.60955,0.05040,0.07314,-0.00132,-0.00090,0.99732,-0.64099,0.04493,-0.02094
119692000000,10.96817,-5.60874,0.05228,0.07161,-0.00119,-0.00088,0.99743,-0.63765,0.04049,-0.01843
119725000000,10.94756,-5.60751,0.05142,0.07001,-0.00119,-0.00088,0.99755,-0.63734,0.03680,-0.01958
119758000000,10.92659,-5.60625,0.05095,0.06840,-0.00115,-0.00086,0.99766,-0.63661,0.03269,-0.02039
119791000000,10.90772,-5.60563,0.05225,0.06676,-0.00112,-0.00089,0.99777,-0.63532,0.02865,-0.01847
119824000000,10.88684,-5.60469,0.05152,0.06514,-0.00104,-0.00082,0.99788,-0.63575,0.02624,-0.01822
119857000000,10.86578,-5.60409,0.05113,0.06344,-0.00106,-0.00080,0.99799,-0.63614,0.02223,-0.01885
119890000000,10.84482,-5.60343,0.05082,0.06166,-0.00108,-0.00082,0.99810,-0.63699,0.01825,-0.01931
119923000000,10.82544,-5.60313,0.05199,0.05996,-0.00106,-0.00076,0.99820,-0.63684,0.01396,-0.01849
119989000000,10.78413,-5.60256,0.05073,0.05636,-0.00110,-0.00076,0.99841,-0.63400,0.00844,-0.02129
120055000000,10.74205,-5.60194,0.04957,0.05267,-0.00105,-0.00080,0.99861,-0.63337,0.00326,-0.02347
120088000000,10.72332,-5.60145,0.05103,0.05081,-0.00098,-0.00083,0.99871,-0.63237,0.00028,-0.02187
120121000000,10.70220,-5.60137,0.05040,0.04889,-0.00101,-0.00086,0.99880,-0.63247,-0.00236,-0.02323
120154000000,10.68226,-5.60202,0.05166,0.04702,-0.00094,-0.00091,0.99889,-0.63141,-0.00570,-0.02093
120187000000,10.66181,-5.60226,0.05107,0.04515,-0.00095,-0.00094,0.99898,-0.62990,-0.00790,-0.02182
120220000000,10.64109,-5.60236,0.05053,0.04323,-0.00092,-0.00093,0.99906,-0.62639,-0.00964,-0.02340
120253000000,10.62182,-5.60345,0.05140,0.04129,-0.00089,-0.00097,0.99915,-0.62516,-0.01221,-0.02251
120286000000,10.60108,-5.60375,0.05062,0.03932,-0.00091,-0.00094,0.99923,-0.62681,-0.01349,-0.02395
120319000000,10.58043,-5.60420,0.05016,0.03733,-0.00096,-0.00090,0.99930,-0.62574,-0.01591,-0.02259
120352000000,10.56120,-5.60507,0.05139,0.03530,-0.00100,-0.00096,0.99938,-0.62465,-0.01833,-0.02014
120385000000,10.54090,-5.60542,0.05075,0.03329,-0.00095,-0.00095,0.99944,-0.62284,-0.02043,-0.02116
120418000000,10.52028,-5.60616,0.05028,0.03134,-0.00095,-0.00096,0.99951,-0.62150,-0.02274,-0.02095
120484000000,10.48124,-5.60781,0.05062,0.02736,-0.00086,-0.00096,0.99962,-0.61877,-0.02501,-0.01919
120517000000,10.46019,-5.60857,0.04988,0.02536,-0.00088,-0.00096,0.99968,-0.62021,-0.02769,-0.01974
120550000000,10.44074,-5.60971,0.05100,0.02341,-0.00088,-0.00094,0.99973,-0.61878,-0.03156,-0.01678
120583000000,10.42022,-5.61055,0.05034,0.02153,-0.00088,-0.00094,0.99977,-0.61515,-0.03064,-0.01723
120616000000,10.39988,-5.61161,0.04999,0.01960,-0.00090,-0.00088,0.99981,-0.61609,-0.03251,-0.01653
120649000000,10.38036,-5.61276,0.05103,0.01767,-0.00090,-0.00084,0.99984,-0.61451,-0.03506,-0.01525
120682000000,10.36020,-5.61388,0.05069,0.01572,-0.00090,-0.00083,0.99988,-0.61419,-0.03718,-0.01574
120715000000,10.33998,-5.61522,0.05035,0.01388,-0.00088,-0.00088,0.99990,-0.61333,-0.03967,-0.01515
120847000000,10.26059,-5.62129,0.04980,0.00640,-0.00085,-0.00091,0.99998,-0.61086,-0.04646,-0.01682
120880000000,10.24026,-5.62294,0.04937,0.00456,-0.00086,-0.00093,0.99999,-0.61079,-0.04833,-0.01661
120913000000,10.22129,-5.62501,0.05040,0.00277,-0.00084,-0.00097,1.00000,-0.60486,-0.05012,-0.01548
120946000000,10.20118,-5.62656,0.04975,0.00100,-0.00088,-0.00097,1.00000,-0.60559,-0.05066,-0.01615
120979000000,10.18112,-5.62829,0.04934,-0.00082,-0.00094,-0.00098,1.00000,-0.60718,-0.05233,-0.01835
121012000000,10.16243,-5.63059,0.05039,-0.00260,-0.00087,-0.00099,1.00000,-0.60608,-0.05535,-0.01689
121045000000,10.14227,-5.63241,0.04991,-0.00437,-0.00093,-0.00099,0.99999,-0.60691,-0.05808,-0.01698
121144000000,10.08217,-5.63853,0.04852,-0.00950,-0.00088,-0.00089,0.99995,-0.60628,-0.06386,-0.01871
121177000000,10.06340,-5.64119,0.05000,-0.01116,-0.00082,-0.00088,0.99994,-0.60369,-0.06617,-0.01591
121210000000,10.04435,-5.64387,0.05083,-0.01275,-0.00075,-0.00090,0.99992,-0.60293,-0.06650,-0.01496
121243000000,10.02435,-5.64622,0.05034,-0.01429,-0.00076,-0.00084,0.99990,-0.60342,-0.06852,-0.01554
121276000000,10.00438,-5.64861,0.05006,-0.01583,-0.00076,-0.00086,0.99987,-0.60075,-0.06990,-0.01522
121309000000,9.98529,-5.65162,0.05082,-0.01737,-0.00069,-0.00091,0.99985,-0.60024,-0.07189,-0.01263
121342000000,9.96545,-5.65402,0.05030,-0.01887,-0.00065,-0.00086,0.99982,-0.60020,-0.07303,-0.01281
121375000000,9.94584,-5.65652,0.05006,-0.02035,-0.00064,-0.00085,0.99979,-0.59897,-0.07460,-0.01215
121441000000,9.90727,-5.66215,0.05051,-0.02329,-0.00056,-0.00089,0.99973,-0.59753,-0.07483,-0.01145
121507000000,9.86797,-5.66725,0.04984,-0.02594,-0.00060,-0.00093,0.99966,-0.59148,-0.07579,-0.01164
121540000000,9.84935,-5.67041,0.05070,-0.02721,-0.00053,-0.00091,0.99963,-0.59112,-0.07814,-0.01034
121573000000,9.82951,-5.67300,0.05036,-0.02848,-0.00055,-0.00096,0.99959,-0.59232,-0.07882,-0.01027
121606000000,9.81040,-5.67600,0.05087,-0.02968,-0.00050,-0.00097,0.99956,-0.59228,-0.07898,-0.00988
121639000000,9.79079,-5.67849,0.05052,-0.03085,-0.00050,-0.00092,0.99952,-0.59036,-0.07731,-0.01030
121672000000,9.77123,-5.68114,0.05041,-0.03196,-0.00052,-0.00089,0.99949,-0.59101,-0.07794,-0.01017
121705000000,9.75224,-5.68388,0.05100,-0.03309,-0.00052,-0.00092,0.99945,-0.59022,-0.07859,-0.00948
121771000000,9.71322,-5.68913,0.05042,-0.03516,-0.00057,-0.00096,0.99938,-0.59027,-0.07971,-0.00894
121804000000,9.69368,-5.69171,0.05013,-0.03611,-0.00053,-0.00094,0.99935,-0.59036,-0.07999,-0.01094
121837000000,9.67496,-5.69456,0.05080,-0.03704,-0.00050,-0.00094,0.99931,-0.58787,-0.07966,-0.01086
121870000000,9.65533,-5.69715,0.05029,-0.03795,-0.00048,-0.00096,0.99928,-0.58787,-0.08095,-0.01271
121903000000,9.63583,-5.69977,0.04999,-0.03880,-0.00047,-0.00090,0.99925,-0.58811,-0.08100,-0.01299
121936000000,9.61710,-5.70240,0.05018,-0.03965,-0.00039,-0.00092,0.99921,-0.58525,-0.08068,-0.01225
121969000000,9.59785,-5.70498,0.04964,-0.04045,-0.00036,-0.00091,0.99918,-0.58370,-0.07855,-0.01330
122002000000,9.57846,-5.70763,0.04932,-0.04117,-0.00036,-0.00092,0.99915,-0.58403,-0.07951,-0.01461
122035000000,9.55922,-5.71025,0.04889,-0.04194,-0.00041,-0.00090,0.99912,-0.58410,-0.08013,-0.01658
122068000000,9.54037,-5.71281,0.04915,-0.04263,-0.00041,-0.00088,0.99909,-0.58296,-0.07925,-0.01646
122101000000,9.52101,-5.71553,0.04845,-0.04328,-0.00040,-0.00085,0.99906,-0.58249,-0.07840,-0.01691
122134000000,9.50180,-5.71822,0.04791,-0.04384,-0.00038,-0.00080,0.99904,-0.58349,-0.07863,-0.01721
122167000000,9.48249,-5.72084,0.04745,-0.04439,-0.00037,-0.00078,0.99901,-0.58355,-0.07928,-0.01826
122200000000,9.46333,-5.72348,0.04689,-0.04494,-0.00043,-0.00078,0.99899,-0.58248,-0.07999,-0.01910
122233000000,9.44425,-5.72565,0.04754,-0.04542,-0.00043,-0.00075,0.99897,-0.58228,-0.07804,-0.01837
122266000000,9.42488,-5.72815,0.04702,-0.04582,-0.00043,-0.00074,0.99895,-0.58204,-0.07668,-0.01813
122299000000,9.40570,-5.73065,0.04637,-0.04623,-0.00045,-0.00075,0.99893,-0.58004,-0.07489,-0.01785
122332000000,9.38651,-5.73311,0.04586,-0.04665,-0.00045,-0.00075,0.99891,-0.57977,-0.07376,-0.01836
122365000000,9.36721,-5.73562,0.04542,-0.04700,-0.00048,-0.00073,0.99889,-0.57868,-0.07191,-0.01956
122431000000,9.32845,-5.73984,0.04629,-0.04764,-0.00043,-0.00075,0.99886,-0.57828,-0.06931,-0.01868
122464000000,9.30924,-5.74201,0.04569,-0.04791,-0.00044,-0.00076,0.99885,-0.57794,-0.06798,-0.01890
122497000000,9.29022,-5.74435,0.04514,-0.04815,-0.00045,-0.00078,0.99884,-0.57907,-0.06816,-0.01860
122530000000,9.27118,-5.74673,0.04472,-0.04836,-0.00044,-0.00077,0.99883,-0.57762,-0.06759,-0.01885
122563000000,9.25165,-5.74835,0.04636,-0.04853,-0.00046,-0.00075,0.99882,-0.57853,-0.06500,-0.01559
122596000000,9.23266,-5.75049,0.04576,-0.04864,-0.00043,-0.00074,0.99882,-0.57797,-0.06529,-0.01569
122629000000,9.21344,-5.75284,0.04530,-0.04878,-0.00043,-0.00070,0.99881,-0.57745,-0.06549,-0.01558
122662000000,9.19452,-5.75534,0.04483,-0.04887,-0.00042,-0.00072,0.99880,-0.57697,-0.06496,-0.01661
122695000000,9.17520,-5.75759,0.04456,-0.04895,-0.00042,-0.00070,0.99880,-0.57632,-0.06437,-0.01792
122728000000,9.15599,-5.75981,0.04625,-0.04897,-0.00048,-0.00073,0.99880,-0.57561,-0.06464,-0.01482
122761000000,9.13693,-5.76210,0.04583,-0.04896,-0.00052,-0.00073,0.99880,-0.57612,-0.06383,-0.01497
122827000000,9.09879,-5.76639,0.04515,-0.04892,-0.00059,-0.00076,0.99880,-0.57717,-0.06241,-0.01416
122893000000,9.06027,-5.77035,0.04487,-0.04878,-0.00058,-0.00069,0.99881,-0.57655,-0.06043,-0.01423
122926000000,9.04007,-5.77207,0.04737,-0.04869,-0.00065,-0.00072,0.99881,-0.57788,-0.05942,-0.01199
122959000000,9.02118,-5.77401,0.04690,-0.04859,-0.00071,-0.00072,0.99882,-0.57788,-0.05844,-0.01292
122992000000,9.00171,-5.77595,0.04686,-0.04851,-0.00075,-0.00067,0.99882,-0.57828,-0.05811,-0.01153
123025000000,8.98221,-5.77784,0.04683,-0.04839,-0.00079,-0.00061,0.99883,-0.57935,-0.05715,-0.01203
123058000000,8.96214,-5.77927,0.04869,-0.04828,-0.00083,-0.00066,0.99883,-0.58056,-0.05754,-0.01118
123091000000,8.94289,-5.78097,0.04816,-0.04810,-0.00088,-0.00068,0.99884,-0.58157,-0.05691,-0.01088
123124000000,8.92407,-5.78254,0.04783,-0.04790,-0.00087,-0.00065,0.99885,-0.58092,-0.05574,-0.01313
123157000000,8.90480,-5.78424,0.04762,-0.04760,-0.00087,-0.00071,0.99887,-0.57822,-0.05468,-0.01334
123190000000,8.88515,-5.78600,0.04728,-0.04736,-0.00087,-0.00075,0.99888,-0.57842,-0.05335,-0.01387
123223000000,8.86568,-5.78664,0.04875,-0.04706,-0.00086,-0.00078,0.99889,-0.57972,-0.05086,-0.01202
123256000000,8.84631,-5.78842,0.04832,-0.04674,-0.00085,-0.00085,0.99891,-0.58144,-0.04847,-0.01282
123289000000,8.82698,-5.79003,0.04812,-0.04643,-0.00087,-0.00080,0.99892,-0.58173,-0.04658,-0.01255
123355000000,8.78864,-5.79310,0.04739,-0.04558,-0.00087,-0.00084,0.99896,-0.58237,-0.04421,-0.01350
123388000000,8.76964,-5.79470,0.04700,-0.04511,-0.00086,-0.00076,0.99898,-0.58344,-0.04368,-0.01488
123454000000,8.72980,-5.79693,0.04881,-0.04413,-0.00089,-0.00081,0.99903,-0.58217,-0.03787,-0.01337
123487000000,8.71014,-5.79825,0.04864,-0.04361,-0.00088,-0.00086,0.99905,-0.58125,-0.03619,-0.01338
123520000000,8.69092,-5.79953,0.04845,-0.04307,-0.00092,-0.00080,0.99907,-0.58092,-0.03596,-0.01370
123553000000,8.67175,-5.80078,0.04834,-0.04247,-0.00095,-0.00076,0.99910,-0.57945,-0.03377,-0.01450
123586000000,8.65213,-5.80163,0.04952,-0.04187,-0.00095,-0.00072,0.99912,-0.57857,-0.03141,-0.01404
123619000000,8.63322,-5.80270,0.04901,-0.04121,-0.00092,-0.00069,0.99915,-0.57584,-0.03022,-0.01491
123685000000,8.59503,-5.80448,0.04825,-0.03971,-0.00094,-0.00070,0.99921,-0.57786,-0.02583,-0.01594
123718000000,8.57533,-5.80556,0.04795,-0.03892,-0.00096,-0.00066,0.99924,-0.57764,-0.02413,-0.01585
123784000000,8.53698,-5.80654,0.04859,-0.03728,-0.00092,-0.00060,0.99930,-0.57722,-0.01940,-0.01878
123817000000,8.51763,-5.80716,0.04798,-0.03636,-0.00094,-0.00061,0.99934,-0.57819,-0.01705,-0.01878
123850000000,8.49863,-5.80775,0.04747,-0.03540,-0.00093,-0.00062,0.99937,-0.57540,-0.01562,-0.01860
123883000000,8.47956,-5.80808,0.04705,-0.03439,-0.00091,-0.00056,0.99941,-0.57332,-0.01258,-0.01964
123916000000,8.45876,-5.80821,0.04789,-0.03331,-0.00099,-0.00057,0.99944,-0.57514,-0.01008,-0.01865
123982000000,8.42064,-5.80882,0.04702,-0.03113,-0.00105,-0.00061,0.99951,-0.57477,-0.00604,-0.02044
124015000000,8.40190,-5.80887,0.04684,-0.02996,-0.00114,-0.00061,0.99955,-0.57186,-0.00272,-0.02145
124081000000,8.36394,-5.80881,0.04583,-0.02751,-0.00115,-0.00064,0.99962,-0.57285,0.00156,-0.02326
124114000000,8.34486,-5.80860,0.04561,-0.02619,-0.00114,-0.00066,0.99966,-0.57433,0.00419,-0.02190
124180000000,8.30526,-5.80719,0.04730,-0.02352,-0.00120,-0.00076,0.99972,-0.57545,0.01114,-0.01969
124246000000,8.26680,-5.80637,0.04633,-0.02067,-0.00120,-0.00073,0.99979,-0.57767,0.01515,-0.02192
124279000000,8.24760,-5.80593,0.04608,-0.01917,-0.00122,-0.00079,0.99982,-0.57919,0.01882,-0.02187
124345000000,8.20846,-5.80370,0.04730,-0.01614,-0.00119,-0.00075,0.99987,-0.57876,0.02433,-0.02018
124378000000,8.18990,-5.80295,0.04661,-0.01454,-0.00120,-0.00074,0.99989,-0.57947,0.02734,-0.02147
124444000000,8.15163,-5.80081,0.04609,-0.01132,-0.00122,-0.00066,0.99993,-0.58048,0.03332,-0.02051
124477000000,8.13265,-5.79969,0.04593,-0.00962,-0.00124,-0.00066,0.99995,-0.58117,0.03707,-0.01965
124543000000,8.09329,-5.79576,0.04746,-0.00617,-0.00124,-0.00064,0.99998,-0.58394,0.04638,-0.01758
124576000000,8.07366,-5.79446,0.04671,-0.00436,-0.00123,-0.00065,0.99999,-0.58580,0.04975,-0.01959
124642000000,8.03479,-5.79119,0.04572,-0.00065,-0.00116,-0.00066,1.00000,-0.58722,0.05491,-0.02051
124675000000,8.01484,-5.78854,0.04747,0.00119,-0.00109,-0.00066,1.00000,-0.58825,0.05879,-0.01660
124741000000,7.97620,-5.78455,0.04632,0.00502,-0.00110,-0.00061,0.99999,-0.58987,0.06517,-0.01791
124807000000,7.93809,-5.78000,0.04544,0.00900,-0.00109,-0.00064,0.99996,-0.58778,0.07131,-0.01809
124840000000,7.91862,-5.77676,0.04766,0.01101,-0.00109,-0.00064,0.99994,-0.58575,0.07503,-0.01293
124873000000,7.89895,-5.77420,0.04708,0.01306,-0.00110,-0.00065,0.99991,-0.58604,0.07775,-0.01278
124972000000,7.84113,-5.76559,0.04611,0.01940,-0.00101,-0.00069,0.99981,-0.58750,0.08761,-0.01411
125071000000,7.78238,-5.75553,0.04732,0.02576,-0.00104,-0.00066,0.99967,-0.59058,0.09633,-0.01375
125170000000,7.72422,-5.74541,0.04621,0.03246,-0.00110,-0.00060,0.99947,-0.59212,0.10514,-0.01393
125236000000,7.68577,-5.73708,0.04780,0.03696,-0.00104,-0.00058,0.99932,-0.59111,0.11186,-0.01337
125269000000,7.66599,-5.73316,0.04751,0.03926,-0.00107,-0.00050,0.99923,-0.59109,0.11454,-0.01363
125335000000,7.62774,-5.72478,0.04877,0.04384,-0.00111,-0.00048,0.99904,-0.59006,0.12015,-0.01219
125368000000,7.60864,-5.72053,0.04857,0.04613,-0.00111,-0.00046,0.99893,-0.58911,0.12446,-0.01274
125401000000,7.58901,-5.71660,0.04796,0.04842,-0.00107,-0.00047,0.99883,-0.58929,0.12706,-0.01366
125434000000,7.56982,-5.71160,0.04915,0.05072,-0.00103,-0.00043,0.99871,-0.59164,0.12708,-0.01150
125500000000,7.53090,-5.70297,0.04842,0.05521,-0.00114,-0.00035,0.99847,-0.59061,0.13328,-0.01165
125566000000,7.49184,-5.69397,0.04809,0.05969,-0.00113,-0.00029,0.99822,-0.59170,0.13738,-0.01094
125632000000,7.45364,-5.68381,0.04933,0.06425,-0.00115,-0.00022,0.99793,-0.59111,0.14411,-0.01117
125665000000,7.43436,-5.67898,0.04886,0.06648,-0.00114,-0.00019,0.99779,-0.59102,0.14596,-0.01188
125731000000,7.39573,-5.66817,0.04969,0.07094,-0.00104,-0.00015,0.99748,-0.59062,0.15188,-0.01139
125764000000,7.37650,-5.66300,0.04935,0.07317,-0.00101,-0.00010,0.99732,-0.58946,0.15474,-0.01178
125830000000,7.33754,-5.65257,0.04892,0.07756,-0.00105,-0.00013,0.99699,-0.58962,0.15838,-0.01087
125863000000,7.31855,-5.64664,0.05002,0.07967,-0.00106,-0.00010,0.99682,-0.59007,0.15996,-0.00877
125896000000,7.29931,-5.64125,0.04966,0.08182,-0.00103,-0.00011,0.99665,-0.59076,0.16216,-0.00927
125929000000,7.27986,-5.63571,0.04938,0.08391,-0.00100,-0.00013,0.99647,-0.58916,0.16533,-0.00949
125995000000,7.24126,-5.62378,0.05003,0.08808,-0.00100,-0.00012,0.99611,-0.58761,0.17012,-0.00911
126028000000,7.22219,-5.61830,0.04967,0.09019,-0.00095,-0.00009,0.99592,-0.58809,0.17115,-0.00939
126094000000,7.18338,-5.60678,0.04917,0.09422,-0.00091,-0.00005,0.99555,-0.58730,0.17312,-0.01059
126160000000,7.14533,-5.59432,0.04946,0.09811,-0.00088,-0.00008,0.99517,-0.58459,0.17737,-0.01001
126193000000,7.12587,-5.58843,0.04918,0.10004,-0.00088,-0.00011,0.99498,-0.58453,0.17969,-0.01096
126226000000,7.10623,-5.58163,0.04976,0.10196,-0.00084,-0.00012,0.99479,-0.58413,0.18164,-0.01048
126259000000,7.08737,-5.57601,0.04955,0.10385,-0.00087,-0.00016,0.99459,-0.58367,0.18236,-0.00933
126292000000,7.06804,-5.56996,0.04944,0.10570,-0.00087,-0.00015,0.99440,-0.58467,0.18404,-0.00904
126358000000,7.02921,-5.55781,0.04886,0.10920,-0.00079,-0.00015,0.99402,-0.58580,0.18514,-0.01199
126391000000,7.00991,-5.55088,0.04938,0.11085,-0.00080,-0.00012,0.99384,-0.58744,0.18626,-0.01064
126457000000,6.97117,-5.53859,0.04887,0.11398,-0.00082,-0.00008,0.99348,-0.59285,0.18823,-0.01165
126490000000,6.95165,-5.53236,0.04885,0.11551,-0.00078,-0.00007,0.99331,-0.59520,0.18848,-0.01134
126523000000,6.93231,-5.52547,0.04952,0.11695,-0.00080,-0.00000,0.99314,-0.59615,0.19156,-0.00959
126556000000,6.91265,-5.51918,0.04919,0.11837,-0.00079,-0.00002,0.99297,-0.59622,0.19205,-0.00964
126589000000,6.89301,-5.51284,0.04912,0.11968,-0.00086,-0.00003,0.99281,-0.59680,0.19239,-0.00813
126622000000,6.87339,-5.50648,0.04912,0.12096,-0.00085,-0.00002,0.99266,-0.59752,0.19085,-0.00814
126655000000,6.85369,-5.49972,0.04997,0.12222,-0.00085,0.00005,0.99250,-0.59792,0.19087,-0.00620
126688000000,6.83429,-5.49358,0.04971,0.12338,-0.00080,0.00007,0.99236,-0.59771,0.18930,-0.00651
126721000000,6.81460,-5.48729,0.04963,0.12448,-0.00083,0.00007,0.99222,-0.59911,0.18957,-0.00724
126754000000,6.79481,-5.48101,0.04953,0.12555,-0.00082,0.00004,0.99209,-0.60005,0.19005,-0.00750
126787000000,6.77519,-5.47456,0.05025,0.12655,-0.00083,0.00006,0.99196,-0.59932,0.19015,-0.00558
126853000000,6.73568,-5.46206,0.04985,0.12839,-0.00079,0.00005,0.99172,-0.59927,0.18871,-0.00882
126886000000,6.71611,-5.45605,0.04975,0.12925,-0.00078,0.00004,0.99161,-0.59946,0.18777,-0.00747
126919000000,6.69650,-5.44970,0.05044,0.12998,-0.00077,0.00002,0.99152,-0.60002,0.18811,-0.00614
126952000000,6.67686,-5.44355,0.05023,0.13073,-0.00076,0.00006,0.99142,-0.60035,0.18856,-0.00630
126985000000,6.65712,-5.43747,0.05016,0.13142,-0.00077,0.00005,0.99133,-0.59819,0.18867,-0.00613
127018000000,6.63739,-5.43140,0.04992,0.13202,-0.00079,0.00004,0.99125,-0.59722,0.18904,-0.00788
127051000000,6.61802,-5.42545,0.05038,0.13258,-0.00083,-0.00000,0.99117,-0.59772,0.18733,-0.00732
127084000000,6.59831,-5.41921,0.05002,0.13307,-0.00083,-0.00001,0.99111,-0.59675,0.18718,-0.00799
127117000000,6.57868,-5.41307,0.04974,0.13353,-0.00085,-0.00005,0.99104,-0.59801,0.18632,-0.00700
127150000000,6.55902,-5.40700,0.04963,0.13399,-0.00085,-0.00004,0.99098,-0.59755,0.18653,-0.00696
127183000000,6.53960,-5.40135,0.04999,0.13442,-0.00087,-0.00010,0.99092,-0.59783,0.18479,-0.00707
127216000000,6.51984,-5.39509,0.04980,0.13480,-0.00083,-0.00005,0.99087,-0.59730,0.18380,-0.00680
127249000000,6.50010,-5.38901,0.04964,0.13511,-0.00085,-0.00005,0.99083,-0.59758,0.18319,-0.00772
127315000000,6.46072,-5.37706,0.04939,0.13564,-0.00086,-0.00003,0.99076,-0.59911,0.18165,-0.00657
127348000000,6.44149,-5.37180,0.04991,0.13585,-0.00084,-0.00008,0.99073,-0.59910,0.17977,-0.00643
127381000000,6.42151,-5.36587,0.04950,0.13601,-0.00082,-0.00012,0.99071,-0.59998,0.17992,-0.00749
127414000000,6.40157,-5.36005,0.04913,0.13618,-0.00085,-0.00010,0.99068,-0.59988,0.17906,-0.00776
127447000000,6.38284,-5.35481,0.04954,0.13631,-0.00081,-0.00015,0.99067,-0.59874,0.17741,-0.00685
127513000000,6.34341,-5.34322,0.04902,0.13651,-0.00081,-0.00020,0.99064,-0.59899,0.17624,-0.00755
127546000000,6.32373,-5.33758,0.04890,0.13661,-0.00084,-0.00018,0.99062,-0.59895,0.17679,-0.00812
127612000000,6.28559,-5.32724,0.04892,0.13670,-0.00084,-0.00013,0.99061,-0.59509,0.17476,-0.00974
127645000000,6.26592,-5.32142,0.04871,0.13668,-0.00082,-0.00020,0.99062,-0.59192,0.17282,-0.00955
127678000000,6.24635,-5.31577,0.04846,0.13674,-0.00081,-0.00021,0.99061,-0.59231,0.17240,-0.01018
127744000000,6.20722,-5.30441,0.04784,0.13669,-0.00079,-0.00025,0.99061,-0.59248,0.17492,-0.01147
127777000000,6.18877,-5.29984,0.04827,0.13667,-0.00075,-0.00024,0.99062,-0.58757,0.17191,-0.01007
127810000000,6.16911,-5.29365,0.04771,0.13665,-0.00079,-0.00022,0.99062,-0.58754,0.17141,-0.01093
127843000000,6.14942,-5.28785,0.04724,0.13661,-0.00078,-0.00024,0.99062,-0.58857,0.17189,-0.01166
127876000000,6.12977,-5.28233,0.04690,0.13658,-0.00074,-0.00026,0.99063,-0.58875,0.17194,-0.01159
127909000000,6.11021,-5.27628,0.04646,0.13657,-0.00074,-0.00024,0.99063,-0.58852,0.17212,-0.01217
127942000000,6.09161,-5.27180,0.04680,0.13660,-0.00070,-0.00023,0.99063,-0.58702,0.17042,-0.01103
127975000000,6.07226,-5.26628,0.04648,0.13663,-0.00067,-0.00026,0.99062,-0.58607,0.16941,-0.01153
128008000000,6.05288,-5.26080,0.04606,0.13664,-0.00067,-0.00026,0.99062,-0.58492,0.16978,-0.01082
128074000000,6.01441,-5.24944,0.04546,0.13670,-0.00073,-0.00026,0.99061,-0.58460,0.17089,-0.01068
128140000000,5.97601,-5.23782,0.04496,0.13680,-0.00065,-0.00021,0.99060,-0.58158,0.17300,-0.01078
128173000000,5.95803,-5.23351,0.04578,0.13692,-0.00059,-0.00021,0.99058,-0.57973,0.17306,-0.00873
128206000000,5.93901,-5.22771,0.04561,0.13705,-0.00060,-0.00022,0.99056,-0.57804,0.17416,-0.00737
128239000000,5.91997,-5.22214,0.04548,0.13718,-0.00061,-0.00023,0.99055,-0.57641,0.17419,-0.00713
128305000000,5.88223,-5.21073,0.04517,0.13755,-0.00055,-0.00016,0.99050,-0.57159,0.17818,-0.00497
128338000000,5.86404,-5.20574,0.04592,0.13776,-0.00051,-0.00019,0.99047,-0.56922,0.17842,-0.00507
128404000000,5.82702,-5.19408,0.04554,0.13829,-0.00048,-0.00012,0.99039,-0.56593,0.18214,-0.00536
128437000000,5.80863,-5.18838,0.04545,0.13861,-0.00046,-0.00011,0.99035,-0.56180,0.18494,-0.00480
128503000000,5.77257,-5.17815,0.04596,0.13936,-0.00035,-0.00019,0.99024,-0.55861,0.18572,-0.00435
128536000000,5.75412,-5.17232,0.04587,0.13983,-0.00038,-0.00022,0.99017,-0.55810,0.18777,-0.00548
128569000000,5.73545,-5.16596,0.04577,0.14035,-0.00039,-0.00018,0.99010,-0.55750,0.19106,-0.00378
128602000000,5.71669,-5.15967,0.04564,0.14095,-0.00041,-0.00024,0.99002,-0.55735,0.19422,-0.00419
128668000000,5.68040,-5.14826,0.04580,0.14240,-0.00045,-0.00035,0.98981,-0.55649,0.19861,-0.00358
128701000000,5.66300,-5.14189,0.04559,0.14318,-0.00044,-0.00033,0.98970,-0.55422,0.20455,-0.00457
128767000000,5.62640,-5.12850,0.04520,0.14511,-0.00042,-0.00041,0.98942,-0.55375,0.21269,-0.00550
128800000000,5.60779,-5.12151,0.04487,0.14623,-0.00042,-0.00038,0.98925,-0.55396,0.21759,-0.00769
128833000000,5.58994,-5.11633,0.04550,0.14754,-0.00034,-0.00047,0.98906,-0.55404,0.22057,-0.00703
128899000000,5.55350,-5.10151,0.04483,0.15054,-0.00037,-0.00049,0.98860,-0.55677,0.23538,-0.00900
128932000000,5.53494,-5.09407,0.04466,0.15225,-0.00038,-0.00053,0.98834,-0.55859,0.24235,-0.00984
128965000000,5.51545,-5.08702,0.04533,0.15415,-0.00042,-0.00058,0.98805,-0.56128,0.24918,-0.00898
128998000000,5.49888,-5.07922,0.04505,0.15624,-0.00039,-0.00054,0.98772,-0.56208,0.25825,-0.00941
129064000000,5.46137,-5.06155,0.04452,0.16100,-0.00038,-0.00052,0.98695,-0.56510,0.27678,-0.00972
129130000000,5.42452,-5.04436,0.04504,0.16645,-0.00040,-0.00059,0.98605,-0.55955,0.28897,-0.00823
129163000000,5.40609,-5.03500,0.04465,0.16946,-0.00040,-0.00061,0.98554,-0.55502,0.29749,-0.00795
129229000000,5.36658,-5.01566,0.04501,0.17587,-0.00043,-0.00070,0.98441,-0.54939,0.31126,-0.00655
129262000000,5.35131,-5.00526,0.04439,0.17920,-0.00038,-0.00067,0.98381,-0.54298,0.31954,-0.00667
129328000000,5.31435,-4.98486,0.04468,0.18620,-0.00045,-0.00072,0.98251,-0.53498,0.33400,-0.00468
129361000000,5.29667,-4.97378,0.04465,0.18993,-0.00048,-0.00078,0.98180,-0.52858,0.34097,-0.00369
129427000000,5.26065,-4.95177,0.04521,0.19789,-0.00053,-0.00093,0.98022,-0.52139,0.35758,-0.00347
129460000000,5.24358,-4.93989,0.04514,0.20205,-0.00049,-0.00091,0.97938,-0.51589,0.36472,-0.00353
129493000000,5.22470,-4.92840,0.04575,0.20627,-0.00056,-0.00095,0.97849,-0.51391,0.37192,-0.00304
129592000000,5.17556,-4.89091,0.04548,0.21975,-0.00048,-0.00094,0.97556,-0.49416,0.39482,-0.00103
129625000000,5.15735,-4.87803,0.04585,0.22450,-0.00048,-0.00098,0.97447,-0.49102,0.40368,-0.00035
129658000000,5.14127,-4.86557,0.04620,0.22932,-0.00051,-0.00103,0.97335,-0.48469,0.40971,0.00047
129724000000,5.10985,-4.83826,0.04622,0.23934,-0.00047,-0.00105,0.97093,-0.46954,0.42401,-0.00079
129757000000,5.08389,-4.81899,0.04507,0.24454,-0.00071,-0.00094,0.96964,-0.47797,0.43873,-0.00273
129790000000,5.07669,-4.81025,0.04618,0.24971,-0.00051,-0.00118,0.96832,-0.45687,0.43672,-0.00070
129856000000,5.04781,-4.78119,0.04620,0.26047,-0.00042,-0.00118,0.96548,-0.44128,0.45022,-0.00035
129889000000,5.03222,-4.76618,0.04612,0.26589,-0.00048,-0.00122,0.96400,-0.43583,0.45689,0.00127
129955000000,5.00398,-4.73608,0.04610,0.27723,-0.00054,-0.00131,0.96080,-0.41886,0.47088,0.00108
130021000000,4.97744,-4.70476,0.04614,0.28873,-0.00042,-0.00131,0.95741,-0.40082,0.48431,0.00285
130054000000,4.96369,-4.68874,0.04607,0.29465,-0.00041,-0.00140,0.95560,-0.39197,0.48884,0.00229
130153000000,4.92725,-4.64067,0.04620,0.31252,-0.00037,-0.00140,0.94991,-0.35250,0.49168,0.00294
130219000000,4.90482,-4.60791,0.04627,0.32462,-0.00034,-0.00137,0.94584,-0.33211,0.50268,0.00336
130252000000,4.89338,-4.59107,0.04618,0.33079,-0.00038,-0.00134,0.94370,-0.32374,0.50856,0.00237
130285000000,4.88204,-4.57354,0.04618,0.33697,-0.00037,-0.00129,0.94152,-0.31543,0.51573,0.00144
130318000000,4.87154,-4.55668,0.04615,0.34318,-0.00037,-0.00133,0.93927,-0.30558,0.51976,0.00001
130351000000,4.86089,-4.53893,0.04602,0.34941,-0.00045,-0.00132,0.93697,-0.29794,0.52645,0.00042
130417000000,4.84133,-4.50367,0.04616,0.36194,-0.00051,-0.00133,0.93220,-0.28431,0.54244,0.00099
130450000000,4.83163,-4.48529,0.04607,0.36826,-0.00054,-0.00131,0.92972,-0.27719,0.55204,0.00100
130516000000,4.81335,-4.44777,0.04610,0.38101,-0.00055,-0.00132,0.92457,-0.25805,0.56624,0.00044
130549000000,4.80491,-4.42932,0.04606,0.38736,-0.00054,-0.00137,0.92193,-0.24799,0.57020,0.00110
130615000000,4.78822,-4.39099,0.04594,0.40026,-0.00061,-0.00142,0.91640,-0.23083,0.57734,-0.00003
130681000000,4.77289,-4.35243,0.04568,0.41310,-0.00064,-0.00150,0.91069,-0.21276,0.58323,-0.00175
130714000000,4.76511,-4.33280,0.04554,0.41945,-0.00072,-0.00155,0.90778,-0.20399,0.58616,-0.00275
130747000000,4.75801,-4.31331,0.04560,0.42583,-0.00076,-0.00158,0.90480,-0.19385,0.58938,-0.00219
130813000000,4.74648,-4.27618,0.04553,0.43780,-0.00074,-0.00157,0.89907,-0.15426,0.51944,-0.00311
130879000000,4.73739,-4.24656,0.04556,0.44694,-0.00079,-0.00163,0.89456,-0.10231,0.37641,-0.00235
130945000000,4.73139,-4.22545,0.04559,0.45345,-0.00078,-0.00162,0.89128,-0.06471,0.25824,-0.00153
130978000000,4.72906,-4.21780,0.04555,0.45575,-0.00080,-0.00163,0.89011,-0.04879,0.20050,-0.00201
131044000000,4.72674,-4.20929,0.04542,0.45828,-0.00081,-0.00157,0.88881,-0.01637,0.07947,-0.00103
131077000000,4.72652,-4.20824,0.04538,0.45856,-0.00078,-0.00158,0.88866,0.00139,0.00816,-0.00068
131143000000,4.72649,-4.20803,0.04530,0.45863,-0.00077,-0.00161,0.88863,0.00101,0.00676,-0.00040
131176000000,4.72637,-4.20811,0.04526,0.45864,-0.00080,-0.00167,0.88862,0.00165,0.00580,-0.00099
131209000000,4.72637,-4.20812,0.04523,0.45863,-0.00084,-0.00172,0.88863,0.00201,0.00423,-0.00155
131242000000,4.72638,-4.20820,0.04524,0.45863,-0.00088,-0.00173,0.88862,0.00289,0.00248,-0.00139
131275000000,4.72634,-4.20834,0.04529,0.45866,-0.00093,-0.00174,0.88861,0.00273,0.00039,-0.00207
131308000000,4.72629,-4.20851,0.04531,0.45867,-0.00092,-0.00176,0.88861,0.00292,-0.00090,-0.00032
131341000000,4.72627,-4.20865,0.04534,0.45868,-0.00096,-0.00176,0.88860,0.00332,-0.00127,0.00003
131374000000,4.72620,-4.20884,0.04539,0.45870,-0.00096,-0.00177,0.88859,0.00193,-0.00246,0.00084
131407000000,4.72612,-4.20902,0.04544,0.45871,-0.00096,-0.00175,0.88859,0.00287,-0.00403,0.00089
131440000000,4.72614,-4.20913,0.04545,0.45868,-0.00095,-0.00173,0.88860,0.00332,-0.00437,0.00053
131473000000,4.72618,-4.20920,0.04538,0.45868,-0.00091,-0.00176,0.88860,0.00462,-0.00485,0.00142
131506000000,4.72617,-4.20931,0.04537,0.45869,-0.00091,-0.00172,0.88859,0.00512,-0.00471,0.00234
131539000000,4.72616,-4.20944,0.04541,0.45870,-0.00092,-0.00174,0.88859,0.00560,-0.00467,0.00135
131572000000,4.72613,-4.20953,0.04537,0.45869,-0.00090,-0.00172,0.88859,0.00466,-0.00628,0.00076
131605000000,4.72613,-4.20960,0.04539,0.45869,-0.00091,-0.00169,0.88860,0.00419,-0.00707,0.00100
131638000000,4.72610,-4.20970,0.04542,0.45869,-0.00090,-0.00168,0.88859,0.00309,-0.00848,0.00035
131671000000,4.72598,-4.20987,0.04540,0.45873,-0.00091,-0.00167,0.88857,0.00354,-0.00940,-0.00078
131704000000,4.72597,-4.20994,0.04546,0.45870,-0.00095,-0.00169,0.88859,0.00481,-0.00920,-0.00012
131737000000,4.72596,-4.21002,0.04553,0.45873,-0.00094,-0.00165,0.88857,0.00485,-0.00942,-0.00007
131770000000,4.72601,-4.21000,0.04557,0.45866,-0.00094,-0.00161,0.88861,0.00463,-0.00960,-0.00000
131803000000,4.72606,-4.20999,0.04563,0.45870,-0.00094,-0.00158,0.88859,0.00545,-0.00964,-0.00036
131836000000,4.72598,-4.21005,0.04558,0.45870,-0.00091,-0.00158,0.88859,0.00643,-0.00974,-0.00067
131869000000,4.72600,-4.21000,0.04551,0.45868,-0.00093,-0.00160,0.88860,0.00740,-0.01063,0.00022
131902000000,4.72603,-4.21003,0.04554,0.45869,-0.00094,-0.00156,0.88860,0.00806,-0.01236,-0.00053
131935000000,4.72596,-4.21014,0.04562,0.45871,-0.00097,-0.00156,0.88858,0.00750,-0.01297,-0.00120
131968000000,4.72593,-4.21014,0.04559,0.45869,-0.00094,-0.00156,0.88859,0.00841,-0.01335,-0.00092
132001000000,4.72589,-4.21012,0.04553,0.45872,-0.00095,-0.00155,0.88858,0.00755,-0.01323,-0.00150
132034000000,4.72586,-4.21017,0.04560,0.45870,-0.00101,-0.00156,0.88859,0.00834,-0.01279,-0.00162
132067000000,4.72590,-4.21011,0.04556,0.45870,-0.00098,-0.00157,0.88859,0.00983,-0.01276,-0.00243
132100000000,4.72585,-4.21010,0.04551,0.45872,-0.00104,-0.00161,0.88858,0.01023,-0.01223,-0.00277
132133000000,4.72586,-4.21014,0.04559,0.45870,-0.00108,-0.00160,0.88859,0.01096,-0.01249,-0.00342
132166000000,4.72589,-4.21016,0.04575,0.45870,-0.00113,-0.00159,0.88859,0.01117,-0.01329,-0.00309
132199000000,4.72583,-4.21018,0.04575,0.45872,-0.00109,-0.00159,0.88858,0.01010,-0.01357,-0.00329
132232000000,4.72583,-4.21011,0.04566,0.45869,-0.00111,-0.00158,0.88859,0.01032,-0.01429,-0.00433
132265000000,4.72584,-4.21005,0.04567,0.45870,-0.00112,-0.00157,0.88859,0.01041,-0.01250,-0.00448
132298000000,4.72584,-4.21001,0.04570,0.45869,-0.00115,-0.00160,0.88859,0.01052,-0.01261,-0.00356
132331000000,4.72580,-4.21006,0.04577,0.45872,-0.00118,-0.00158,0.88858,0.01075,-0.01243,-0.00341
132364000000,4.72576,-4.21004,0.04576,0.45870,-0.00116,-0.00159,0.88859,0.01061,-0.01232,-0.00327
132397000000,4.72576,-4.20997,0.04575,0.45870,-0.00120,-0.00159,0.88859,0.00971,-0.01174,-0.00348
132430000000,4.72574,-4.20998,0.04577,0.45871,-0.00119,-0.00159,0.88858,0.01033,-0.01259,-0.00214
132463000000,4.72575,-4.20988,0.04569,0.45868,-0.00113,-0.00152,0.88860,0.01107,-0.01250,-0.00265
132496000000,4.72581,-4.20975,0.04564,0.45868,-0.00111,-0.00147,0.88860,0.01117,-0.01232,-0.00382
132529000000,4.72577,-4.20968,0.04557,0.45868,-0.00108,-0.00147,0.88860,0.00931,-0.01223,-0.00427
132562000000,4.72572,-4.20969,0.04558,0.45869,-0.00113,-0.00146,0.88860,0.00797,-0.01317,-0.00483
132595000000,4.72566,-4.20975,0.04566,0.45870,-0.00113,-0.00145,0.88859,0.00807,-0.01320,-0.00446
132628000000,4.72564,-4.20970,0.04560,0.45868,-0.00111,-0.00146,0.88860,0.00713,-0.01418,-0.00520
132661000000,4.72558,-4.20961,0.04543,0.45870,-0.00106,-0.00146,0.88859,0.00649,-0.01409,-0.00550
132694000000,4.72556,-4.20949,0.04529,0.45867,-0.00105,-0.00142,0.88860,0.00593,-0.01430,-0.00576
132727000000,4.72556,-4.20947,0.04532,0.45870,-0.00108,-0.00142,0.88859,0.00580,-0.01428,-0.00674
132760000000,4.72549,-4.20948,0.04533,0.45869,-0.00106,-0.00142,0.88859,0.00433,-0.01374,-0.00681
132793000000,4.72541,-4.20948,0.04529,0.45872,-0.00106,-0.00141,0.88858,0.00314,-0.01421,-0.00679
132826000000,4.72528,-4.20952,0.04520,0.45875,-0.00104,-0.00143,0.88857,0.00277,-0.01395,-0.00734
132859000000,4.72522,-4.20953,0.04520,0.45873,-0.00106,-0.00140,0.88857,0.00196,-0.01384,-0.00681
132892000000,4.72526,-4.20946,0.04524,0.45870,-0.00104,-0.00138,0.88859,0.00197,-0.01463,-0.00633
132925000000,4.72530,-4.20938,0.04521,0.45871,-0.00105,-0.00140,0.88858,0.00234,-0.01448,-0.00696
132958000000,4.72530,-4.20936,0.04523,0.45870,-0.00107,-0.00139,0.88859,0.00285,-0.01575,-0.00637
132991000000,4.72532,-4.20939,0.04535,0.45871,-0.00111,-0.00139,0.88859,0.00312,-0.01585,-0.00526
133024000000,4.72535,-4.20936,0.04540,0.45868,-0.00110,-0.00139,0.88860,0.00288,-0.01609,-0.00656
133057000000,4.72538,-4.20928,0.04537,0.45868,-0.00111,-0.00139,0.88860,0.00272,-0.01598,-0.00627
133090000000,4.72539,-4.20923,0.04537,0.45868,-0.00111,-0.00139,0.88860,0.00288,-0.01633,-0.00595
133123000000,4.72543,-4.20923,0.04544,0.45867,-0.00114,-0.00136,0.88860,0.00474,-0.01624,-0.00700
133156000000,4.72547,-4.20922,0.04552,0.45866,-0.00116,-0.00139,0.88861,0.00419,-0.01619,-0.00695
133189000000,4.72545,-4.20916,0.04547,0.45866,-0.00116,-0.00142,0.88861,0.00278,-0.01682,-0.00720
133222000000,4.72544,-4.20912,0.04539,0.45866,-0.00117,-0.00144,0.88861,0.00319,-0.01768,-0.00832
133255000000,4.72552,-4.20902,0.04538,0.45862,-0.00118,-0.00143,0.88863,0.00312,-0.01851,-0.00785
133288000000,4.72561,-4.20888,0.04538,0.45860,-0.00116,-0.00140,0.88864,0.00319,-0.01844,-0.00682
133321000000,4.72570,-4.20876,0.04537,0.45858,-0.00119,-0.00143,0.88865,0.00358,-0.01790,-0.00704
133354000000,4.72572,-4.20869,0.04539,0.45859,-0.00119,-0.00144,0.88864,0.00430,-0.01891,-0.00528
133387000000,4.72572,-4.20875,0.04548,0.45860,-0.00121,-0.00139,0.88864,0.00465,-0.01994,-0.00590
133420000000,4.72568,-4.20886,0.04555,0.45862,-0.00123,-0.00143,0.88863,0.00483,-0.02070,-0.00605
133453000000,4.72562,-4.20891,0.04561,0.45862,-0.00125,-0.00141,0.88863,0.00466,-0.02004,-0.00512
133486000000,4.72557,-4.20895,0.04566,0.45864,-0.00125,-0.00140,0.88862,0.00542,-0.01961,-0.00512
133519000000,4.72564,-4.20888,0.04569,0.45857,-0.00127,-0.00141,0.88865,0.00420,-0.02016,-0.00531
133552000000,4.72569,-4.20884,0.04580,0.45861,-0.00127,-0.00133,0.88864,0.00296,-0.01929,-0.00612
133585000000,4.72566,-4.20889,0.04588,0.45861,-0.00128,-0.00134,0.88863,0.00348,-0.01964,-0.00700
133618000000,4.72568,-4.20886,0.04590,0.45858,-0.00130,-0.00136,0.88865,0.00332,-0.02027,-0.00657
133651000000,4.72581,-4.20872,0.04590,0.45854,-0.00129,-0.00133,0.88867,0.00392,-0.02014,-0.00752
133684000000,4.72595,-4.20856,0.04591,0.45851,-0.00130,-0.00132,0.88869,0.00340,-0.01964,-0.00758
133717000000,4.72601,-4.20851,0.04597,0.45852,-0.00131,-0.00132,0.88868,0.00005,-0.01935,-0.00663
133750000000,4.72503,-4.20809,0.04603,0.45812,-0.00131,-0.00131,0.88889,-0.05079,0.00314,-0.00612
133783000000,4.72310,-4.20721,0.04603,0.45730,-0.00136,-0.00136,0.88931,-0.06916,0.01133,-0.00614
133816000000,4.72039,-4.20594,0.04598,0.45610,-0.00135,-0.00136,0.88993,-0.10257,0.02494,-0.00603
133849000000,4.71684,-4.20429,0.04589,0.45444,-0.00134,-0.00134,0.89078,-0.11930,0.03078,-0.00607
133882000000,4.71233,-4.20203,0.04573,0.45238,-0.00135,-0.00136,0.89182,-0.14884,0.04297,-0.00575
133915000000,4.70729,-4.19949,0.04557,0.44992,-0.00135,-0.00135,0.89306,-0.17451,0.05161,-0.00706
133948000000,4.70083,-4.19691,0.04548,0.44686,-0.00129,-0.00133,0.89460,-0.20128,0.05991,-0.00805
133981000000,4.69382,-4.19394,0.04529,0.44358,-0.00131,-0.00134,0.89623,-0.21555,0.06760,-0.00885
134014000000,4.68624,-4.19162,0.04520,0.44058,-0.00128,-0.00134,0.89771,-0.22670,0.07059,-0.00901
134047000000,4.67908,-4.18871,0.04523,0.43757,-0.00138,-0.00130,0.89918,-0.23185,0.07236,-0.00799
134080000000,4.67121,-4.18589,0.04533,0.43445,-0.00136,-0.00128,0.90069,-0.24587,0.08178,-0.00686
134113000000,4.66283,-4.18264,0.04524,0.43113,-0.00143,-0.00124,0.90229,-0.27239,0.09829,-0.00758
134146000000,4.65391,-4.17875,0.04550,0.42766,-0.00138,-0.00116,0.90394,-0.28416,0.11070,-0.00662
134179000000,4.64417,-4.17418,0.04527,0.42437,-0.00135,-0.00117,0.90549,-0.30036,0.14204,-0.00755
134212000000,4.63397,-4.16862,0.04557,0.42069,-0.00134,-0.00113,0.90720,-0.33030,0.16125,-0.00705
134245000000,4.62306,-4.16325,0.04529,0.41681,-0.00132,-0.00113,0.90899,-0.34772,0.17377,-0.00760
134278000000,4.61136,-4.15649,0.04544,0.41283,-0.00130,-0.00113,0.91081,-0.35723,0.18371,-0.00770
134311000000,4.59904,-4.15025,0.04504,0.40875,-0.00129,-0.00107,0.91265,-0.38694,0.20275,-0.00827
134344000000,4.58654,-4.14213,0.04498,0.40462,-0.00122,-0.00107,0.91448,-0.36019,0.24451,-0.00733
134377000000,4.57472,-4.13434,0.04474,0.40139,-0.00122,-0.00105,0.91590,-0.35020,0.24902,-0.00836
134410000000,4.56308,-4.12541,0.04461,0.39875,-0.00125,-0.00108,0.91706,-0.34604,0.25403,-0.00727
134443000000,4.55189,-4.11768,0.04440,0.39639,-0.00128,-0.00108,0.91808,-0.33249,0.24602,-0.00769
134476000000,4.54142,-4.11043,0.04419,0.39407,-0.00128,-0.00111,0.91908,-0.29813,0.22480,-0.00734
134509000000,4.53124,-4.10341,0.04416,0.39193,-0.00128,-0.00117,0.91999,-0.28250,0.21298,-0.00575
134542000000,4.52266,-4.09706,0.04397,0.38993,-0.00131,-0.00114,0.92084,-0.24972,0.19197,-0.00448
134575000000,4.51454,-4.09133,0.04382,0.38802,-0.00128,-0.00121,0.92165,-0.22317,0.17432,-0.00429
134608000000,4.50674,-4.08621,0.04425,0.38626,-0.00135,-0.00125,0.92239,-0.19965,0.15795,-0.00393
134641000000,4.50031,-4.08098,0.04406,0.38466,-0.00127,-0.00122,0.92306,-0.18621,0.14911,-0.00471
134674000000,4.49426,-4.07674,0.04394,0.38319,-0.00128,-0.00123,0.92367,-0.17339,0.13966,-0.00426
134707000000,4.48872,-4.07295,0.04387,0.38185,-0.00125,-0.00118,0.92422,-0.14863,0.12308,-0.00444
134740000000,4.48333,-4.07147,0.04416,0.38070,-0.00127,-0.00129,0.92470,-0.11881,0.09806,-0.00447
134773000000,4.47959,-4.06812,0.04403,0.37961,-0.00129,-0.00127,0.92514,-0.10555,0.08510,-0.00394
134806000000,4.47673,-4.06612,0.04399,0.37876,-0.00131,-0.00128,0.92549,-0.06790,0.06676,-0.00307
134839000000,4.47460,-4.06453,0.04397,0.37810,-0.00134,-0.00131,0.92576,-0.05482,0.05963,-0.00290
134872000000,4.47324,-4.06319,0.04397,0.37762,-0.00138,-0.00136,0.92596,-0.02689,0.04719,-0.00318
134905000000,4.47297,-4.06252,0.04398,0.37748,-0.00141,-0.00139,0.92602,0.00393,0.02907,-0.00339
134938000000,4.47294,-4.06204,0.04390,0.37749,-0.00138,-0.00149,0.92601,0.00118,0.02735,-0.00355
134971000000,4.47281,-4.06174,0.04367,0.37744,-0.00131,-0.00153,0.92603,-0.00967,0.03033,-0.00353
135004000000,4.47175,-4.06084,0.04351,0.37710,-0.00131,-0.00156,0.92617,-0.03870,0.04784,-0.00375
135037000000,4.47022,-4.05974,0.04340,0.37665,-0.00130,-0.00157,0.92636,-0.06581,0.05598,-0.00491
135070000000,4.46784,-4.05839,0.04331,0.37604,-0.00128,-0.00158,0.92660,-0.08601,0.06550,-0.00366
135103000000,4.46426,-4.05681,0.04340,0.37525,-0.00132,-0.00159,0.92692,-0.10924,0.07680,-0.00308
135136000000,4.45995,-4.06055,0.04377,0.37429,-0.00127,-0.00171,0.92731,-0.13086,0.07652,-0.00353
135169000000,4.45498,-4.05720,0.04348,0.37319,-0.00132,-0.00170,0.92775,-0.14487,0.08234,-0.00427
135202000000,4.44937,-4.05457,0.04343,0.37194,-0.00133,-0.00171,0.92825,-0.16838,0.09237,-0.00462
135235000000,4.44325,-4.05146,0.04336,0.37053,-0.00130,-0.00174,0.92882,-0.18978,0.10429,-0.00464
135268000000,4.43679,-4.04793,0.04330,0.36902,-0.00131,-0.00173,0.92942,-0.20680,0.11208,-0.00483
135301000000,4.42984,-4.04404,0.04323,0.36742,-0.00127,-0.00172,0.93005,-0.23092,0.12373,-0.00486
135334000000,4.42218,-4.04356,0.04367,0.36570,-0.00121,-0.00177,0.93073,-0.24435,0.12883,-0.00464
135367000000,4.41367,-4.03879,0.04353,0.36402,-0.00126,-0.00180,0.93139,-0.25912,0.13457,-0.00557
135400000000,4.40463,-4.03387,0.04343,0.36218,-0.00126,-0.00180,0.93211,-0.28202,0.15101,-0.00723
135433000000,4.39475,-4.02827,0.04333,0.36027,-0.00129,-0.00179,0.93285,-0.31272,0.17269,-0.00754
135466000000,4.38491,-4.02508,0.04393,0.35837,-0.00125,-0.00181,0.93358,-0.32343,0.17748,-0.00560
135499000000,4.37413,-4.01857,0.04373,0.35648,-0.00123,-0.00178,0.93430,-0.33367,0.18775,-0.00476
135532000000,4.36284,-4.01190,0.04369,0.35466,-0.00124,-0.00179,0.93499,-0.35399,0.20204,-0.00525
135565000000,4.35135,-4.00481,0.04360,0.35278,-0.00127,-0.00179,0.93570,-0.36562,0.21386,-0.00472
135598000000,4.33973,-3.99912,0.04424,0.35095,-0.00127,-0.00177,0.93639,-0.37961,0.22355,-0.00319
135631000000,4.32690,-3.99136,0.04419,0.34922,-0.00129,-0.00179,0.93704,-0.39324,0.23622,-0.00334
135664000000,4.31370,-3.98310,0.04411,0.34755,-0.00126,-0.00179,0.93766,-0.40347,0.24958,-0.00352
135697000000,4.30025,-3.97404,0.04388,0.34614,-0.00119,-0.00176,0.93818,-0.42454,0.30617,-0.02054
135730000000,4.28647,-3.96462,0.04386,0.34483,-0.00118,-0.00170,0.93866,-0.43348,0.32242,-0.01967
135763000000,4.27185,-3.95378,0.04325,0.34366,-0.00116,-0.00173,0.93909,-0.44544,0.33460,-0.01948
135796000000,4.25693,-3.94266,0.04282,0.34269,-0.00117,-0.00173,0.93945,-0.45374,0.34750,-0.02032
135829000000,4.24176,-3.93107,0.04242,0.34193,-0.00117,-0.00176,0.93972,-0.45962,0.36183,-0.01979
135862000000,4.22647,-3.91892,0.04203,0.34163,-0.00120,-0.00178,0.93983,-0.45706,0.38020,-0.02087
135961000000,4.17849,-3.87792,0.04087,0.34351,-0.00127,-0.00179,0.93915,-0.43697,0.40005,-0.01986
136027000000,4.15176,-3.85389,0.04164,0.34618,-0.00131,-0.00181,0.93817,-0.37173,0.35278,-0.01617
136093000000,4.12886,-3.83170,0.04068,0.34879,-0.00133,-0.00187,0.93720,-0.33429,0.33112,-0.01620
136159000000,4.10911,-3.81218,0.04194,0.35185,-0.00135,-0.00186,0.93605,-0.28738,0.29347,-0.01301
136192000000,4.10017,-3.80258,0.04148,0.35342,-0.00133,-0.00186,0.93546,-0.27090,0.28181,-0.01264
136291000000,4.07799,-3.77857,0.04233,0.35843,-0.00131,-0.00197,0.93355,-0.19151,0.21120,-0.01121
136324000000,4.07177,-3.77160,0.04218,0.36003,-0.00132,-0.00200,0.93294,-0.17777,0.20115,-0.01155
136357000000,4.06788,-3.76578,0.04307,0.36160,-0.00122,-0.00204,0.93233,-0.16022,0.18605,-0.00961
136423000000,4.05804,-3.75386,0.04234,0.36481,-0.00121,-0.00205,0.93108,-0.15017,0.18349,-0.01114
136456000000,4.05317,-3.74729,0.04214,0.36673,-0.00118,-0.00207,0.93032,-0.16331,0.20876,-0.01118
136489000000,4.04894,-3.74058,0.04274,0.36908,-0.00114,-0.00208,0.92940,-0.17068,0.23304,-0.00992
136522000000,4.04289,-3.73210,0.04250,0.37180,-0.00114,-0.00211,0.92831,-0.18229,0.25984,-0.01051
136588000000,4.03069,-3.71336,0.04202,0.37849,-0.00119,-0.00218,0.92560,-0.19397,0.30467,-0.01154
136621000000,4.02609,-3.70357,0.04279,0.38241,-0.00113,-0.00215,0.92399,-0.19505,0.32524,-0.01049
136687000000,4.01255,-3.68005,0.04222,0.39168,-0.00108,-0.00217,0.92010,-0.19896,0.37024,-0.00919
136720000000,4.00728,-3.66777,0.04312,0.39686,-0.00106,-0.00215,0.91788,-0.19727,0.39425,-0.00689
136753000000,4.00104,-3.65425,0.04397,0.40248,-0.00108,-0.00210,0.91543,-0.19572,0.41817,-0.00526
136786000000,3.99468,-3.63991,0.04370,0.40848,-0.00101,-0.00213,0.91276,-0.19588,0.44958,-0.00571
136819000000,3.98878,-3.62420,0.04435,0.41487,-0.00099,-0.00207,0.90988,-0.19414,0.48353,-0.00403
136852000000,3.98250,-3.60795,0.04424,0.42174,-0.00098,-0.00210,0.90671,-0.18516,0.49950,-0.00373
136918000000,3.97109,-3.57240,0.04441,0.43659,-0.00101,-0.00203,0.89966,-0.17180,0.56162,-0.00283
136951000000,3.96564,-3.55242,0.04448,0.44462,-0.00102,-0.00194,0.89572,-0.16315,0.59685,-0.00291
136984000000,3.96029,-3.53146,0.04454,0.45298,-0.00107,-0.00187,0.89152,-0.15149,0.62822,-0.00306
137017000000,3.95498,-3.50955,0.04467,0.46178,-0.00107,-0.00187,0.88699,-0.13825,0.65809,-0.00364
137050000000,3.95007,-3.48690,0.04472,0.47084,-0.00109,-0.00182,0.88222,-0.12258,0.67527,-0.00363
137083000000,3.94583,-3.46381,0.04468,0.48024,-0.00113,-0.00187,0.87714,-0.10695,0.70280,-0.00391
137182000000,3.93810,-3.39050,0.04431,0.51072,-0.00107,-0.00196,0.85974,-0.04248,0.77736,-0.00548
137215000000,3.93693,-3.36387,0.04423,0.52164,-0.00105,-0.00192,0.85316,-0.01708,0.80838,-0.00483
137248000000,3.93671,-3.33694,0.04415,0.53263,-0.00100,-0.00188,0.84634,0.00942,0.79401,-0.00480
137314000000,3.93881,-3.28598,0.04401,0.55349,-0.00097,-0.00193,0.83285,0.05862,0.74384,-0.00687
137347000000,3.94104,-3.26136,0.04387,0.56344,-0.00096,-0.00193,0.82615,0.07971,0.71777,-0.00809
137380000000,3.94385,-3.23691,0.04371,0.57326,-0.00099,-0.00198,0.81937,0.10334,0.74519,-0.00743
137413000000,3.94745,-3.21086,0.04359,0.58319,-0.00101,-0.00194,0.81233,0.13174,0.80035,-0.00613
137446000000,3.95184,-3.18368,0.04355,0.59315,-0.00104,-0.00194,0.80509,0.15577,0.82750,-0.00578
137479000000,3.95651,-3.15503,0.04350,0.60262,-0.00102,-0.00196,0.79803,0.13377,0.85652,-0.00585
137512000000,3.96072,-3.12628,0.04342,0.61134,-0.00102,-0.00199,0.79136,0.14640,0.85648,-0.00665
137545000000,3.96567,-3.09758,0.04333,0.62002,-0.00101,-0.00198,0.78458,0.16319,0.85821,-0.00578
137578000000,3.97105,-3.06884,0.04324,0.62855,-0.00102,-0.00203,0.77777,0.17888,0.85932,-0.00622
137644000000,3.98342,-3.01188,0.04286,0.64505,-0.00106,-0.00207,0.76413,0.20197,0.85416,-0.00770
137677000000,3.99001,-2.98332,0.04268,0.65299,-0.00105,-0.00206,0.75736,0.21052,0.85325,-0.00826
137710000000,3.99671,-2.95469,0.04244,0.66064,-0.00104,-0.00214,0.75070,0.21502,0.85088,-0.00828
137743000000,4.00331,-2.92603,0.04228,0.66784,-0.00107,-0.00214,0.74431,0.21490,0.84850,-0.00789
137809000000,4.01725,-2.86946,0.04181,0.68111,-0.00108,-0.00217,0.73218,0.22242,0.84511,-0.00782
137842000000,4.02419,-2.84086,0.04158,0.68728,-0.00117,-0.00216,0.72639,0.22481,0.84393,-0.00736
137875000000,4.03127,-2.81230,0.04144,0.69314,-0.00124,-0.00206,0.72080,0.22822,0.84343,-0.00696
137908000000,4.03855,-2.78366,0.04149,0.69876,-0.00128,-0.00197,0.71535,0.22992,0.84422,-0.00659
137941000000,4.04595,-2.75513,0.04153,0.70421,-0.00129,-0.00195,0.70999,0.23248,0.84424,-0.00554
137974000000,4.05332,-2.72650,0.04167,0.70943,-0.00130,-0.00195,0.70477,0.22756,0.83781,-0.00400
138007000000,4.06057,-2.69874,0.04177,0.71431,-0.00137,-0.00189,0.69982,0.21461,0.80769,-0.00344
138040000000,4.06760,-2.67149,0.04188,0.71879,-0.00137,-0.00181,0.69522,0.21446,0.78499,-0.00405
138073000000,4.07432,-2.64626,0.04173,0.72284,-0.00136,-0.00190,0.69101,0.19428,0.74650,-0.00481
138139000000,4.08640,-2.59731,0.04182,0.72969,-0.00135,-0.00181,0.68377,0.16903,0.70438,-0.00322
138172000000,4.09197,-2.57408,0.04174,0.73257,-0.00135,-0.00184,0.68069,0.16309,0.70571,-0.00240
138238000000,4.10272,-2.52608,0.04200,0.73732,-0.00135,-0.00179,0.67554,0.14902,0.71242,-0.00234
138271000000,4.10753,-2.50250,0.04194,0.73920,-0.00134,-0.00181,0.67348,0.13939,0.71635,-0.00216
138304000000,4.11261,-2.47753,0.04227,0.74075,-0.00135,-0.00180,0.67178,0.13112,0.72463,-0.00192
138337000000,4.11661,-2.45367,0.04217,0.74194,-0.00134,-0.00178,0.67046,0.11814,0.72843,-0.00222
138370000000,4.12044,-2.42949,0.04212,0.74275,-0.00136,-0.00175,0.66956,0.10588,0.73319,-0.00162
138403000000,4.12474,-2.40362,0.04249,0.74328,-0.00136,-0.00161,0.66897,0.09762,0.74175,-0.00133
138436000000,4.12764,-2.37918,0.04239,0.74365,-0.00132,-0.00160,0.66856,0.08708,0.75537,-0.00207
138469000000,4.13068,-2.35375,0.04232,0.74395,-0.00134,-0.00157,0.66823,0.08761,0.78137,-0.00203
138502000000,4.13379,-2.32660,0.04220,0.74432,-0.00128,-0.00153,0.66782,0.09283,0.84011,-0.00292
138568000000,4.14200,-2.26598,0.04218,0.74514,-0.00126,-0.00144,0.66691,0.10124,0.90917,-0.00302
138601000000,4.14565,-2.23539,0.04205,0.74558,-0.00124,-0.00145,0.66641,0.10765,0.95741,-0.00346
138634000000,4.14961,-2.20378,0.04199,0.74605,-0.00122,-0.00137,0.66588,0.10878,0.96046,-0.00455
138667000000,4.15350,-2.17202,0.04184,0.74652,-0.00120,-0.00137,0.66536,0.10946,0.94442,-0.00452
138700000000,4.15942,-2.13828,0.04184,0.74699,-0.00115,-0.00122,0.66484,0.10722,0.91434,-0.00477
138733000000,4.16280,-2.10871,0.04174,0.74739,-0.00114,-0.00122,0.66438,0.10504,0.89455,-0.00542
138766000000,4.16652,-2.07967,0.04161,0.74780,-0.00113,-0.00117,0.66393,0.10237,0.86656,-0.00512
138799000000,4.17014,-2.05100,0.04149,0.74820,-0.00102,-0.00115,0.66347,0.09929,0.83994,-0.00372
138832000000,4.17358,-2.02332,0.04138,0.74859,-0.00097,-0.00113,0.66304,0.09734,0.82527,-0.00351
138865000000,4.17953,-1.99265,0.04167,0.74896,-0.00096,-0.00097,0.66262,0.10066,0.82028,-0.00331
138898000000,4.18264,-1.96566,0.04164,0.74926,-0.00096,-0.00099,0.66227,0.10102,0.82955,-0.00277
138964000000,4.19011,-1.90900,0.04147,0.74979,-0.00088,-0.00094,0.66167,0.10944,0.86786,-0.00276
138997000000,4.19421,-1.87977,0.04151,0.75000,-0.00088,-0.00087,0.66144,0.11079,0.87593,-0.00383
139030000000,4.20061,-1.84638,0.04195,0.75007,-0.00092,-0.00070,0.66136,0.11770,0.90257,-0.00305
139096000000,4.20785,-1.78593,0.04196,0.74998,-0.00095,-0.00069,0.66146,0.11044,0.93223,-0.00229
139129000000,4.21139,-1.75482,0.04199,0.74974,-0.00097,-0.00069,0.66173,0.10668,0.95348,-0.00207
139162000000,4.21502,-1.72284,0.04210,0.74934,-0.00098,-0.00071,0.66218,0.10368,0.97515,0.00000
139228000000,4.22313,-1.65322,0.04257,0.74830,-0.00101,-0.00068,0.66336,0.09353,1.00292,-0.00003
139261000000,4.22586,-1.62022,0.04247,0.74779,-0.00106,-0.00064,0.66393,0.08962,1.00304,0.00034
139327000000,4.23132,-1.55676,0.04265,0.74681,-0.00100,-0.00058,0.66504,0.08517,0.91861,0.00077
139426000000,4.24266,-1.46453,0.04295,0.74672,-0.00090,-0.00048,0.66514,0.09352,0.83818,0.00136
139459000000,4.24565,-1.43722,0.04302,0.74670,-0.00094,-0.00044,0.66516,0.09100,0.81219,0.00170
139492000000,4.25000,-1.40662,0.04323,0.74675,-0.00096,-0.00034,0.66511,0.10153,0.77403,0.00199
139558000000,4.25695,-1.35694,0.04327,0.74740,-0.00096,-0.00031,0.66437,0.10777,0.72620,0.00197
139591000000,4.26045,-1.33266,0.04325,0.74780,-0.00094,-0.00035,0.66392,0.10922,0.70973,0.00168
139624000000,4.26506,-1.30495,0.04330,0.74825,-0.00104,-0.00027,0.66341,0.10973,0.68339,0.00090
139690000000,4.27229,-1.26014,0.04339,0.74916,-0.00099,-0.00029,0.66239,0.11868,0.69734,0.00106
139756000000,4.28032,-1.21257,0.04337,0.75028,-0.00097,-0.00030,0.66112,0.13430,0.72415,0.00224
139789000000,4.28460,-1.18783,0.04328,0.75100,-0.00101,-0.00032,0.66031,0.14056,0.72824,0.00084
139822000000,4.28975,-1.15730,0.04286,0.75186,-0.00112,-0.00021,0.65932,0.15184,0.75546,-0.00004
139855000000,4.29481,-1.13220,0.04277,0.75283,-0.00114,-0.00025,0.65821,0.16317,0.77111,-0.00006
139888000000,4.30020,-1.10637,0.04273,0.75396,-0.00120,-0.00028,0.65692,0.17483,0.78258,-0.00054
139921000000,4.30595,-1.08003,0.04269,0.75525,-0.00124,-0.00028,0.65544,0.18974,0.80376,-0.00113
139954000000,4.31247,-1.04779,0.04232,0.75669,-0.00138,-0.00019,0.65377,0.20227,0.81045,-0.00183
139987000000,4.31938,-1.02077,0.04231,0.75834,-0.00142,-0.00018,0.65185,0.21651,0.81509,-0.00170
140020000000,4.32663,-0.99343,0.04227,0.76017,-0.00143,-0.00013,0.64972,0.23576,0.82827,-0.00192
140053000000,4.33465,-0.96152,0.04208,0.76225,-0.00151,-0.00005,0.64728,0.25695,0.85550,-0.00191
140086000000,4.34339,-0.93360,0.04204,0.76457,-0.00148,-0.00005,0.64454,0.27229,0.84703,-0.00219
140119000000,4.35254,-0.90252,0.04205,0.76711,-0.00155,0.00002,0.64151,0.29704,0.86136,-0.00229
140152000000,4.36282,-0.87320,0.04193,0.76994,-0.00152,0.00001,0.63811,0.32382,0.87758,-0.00288
140185000000,4.37366,-0.84207,0.04176,0.77302,-0.00158,0.00005,0.63438,0.34411,0.87352,-0.00382
140218000000,4.38558,-0.81321,0.04169,0.77634,-0.00151,0.00007,0.63031,0.36945,0.87337,-0.00473
140251000000,4.39813,-0.78236,0.04134,0.77998,-0.00158,0.00005,0.62580,0.39493,0.87101,-0.00575
140284000000,4.41158,-0.75139,0.04120,0.78388,-0.00157,0.00007,0.62090,0.42184,0.86876,-0.00645
140317000000,4.42619,-0.72062,0.04094,0.78809,-0.00155,0.00013,0.61556,0.45774,0.87918,-0.00700
140350000000,4.44198,-0.69038,0.04085,0.79260,-0.00159,0.00015,0.60974,0.49272,0.88062,-0.00588
140383000000,4.45909,-0.66037,0.04079,0.79745,-0.00158,0.00019,0.60339,0.53106,0.88253,-0.00565
140416000000,4.47750,-0.63040,0.04066,0.80261,-0.00163,0.00024,0.59650,0.57197,0.88396,-0.00508
140449000000,4.49728,-0.60042,0.04052,0.80807,-0.00166,0.00026,0.58908,0.61580,0.88988,-0.00556
140482000000,4.51873,-0.57009,0.04041,0.81392,-0.00167,0.00028,0.58097,0.67246,0.90426,-0.00425
140515000000,4.54197,-0.53950,0.04038,0.82008,-0.00168,0.00038,0.57225,0.72542,0.91011,-0.00409
140548000000,4.56692,-0.50888,0.04033,0.82662,-0.00169,0.00047,0.56275,0.77939,0.91083,-0.00418
140581000000,4.59368,-0.47829,0.04026,0.83349,-0.00175,0.00048,0.55253,0.83829,0.90901,-0.00478
140614000000,4.62245,-0.44791,0.04019,0.84067,-0.00179,0.00049,0.54155,0.90199,0.90539,-0.00438
140647000000,4.65338,-0.41778,0.04015,0.84822,-0.00185,0.00053,0.52964,0.96992,0.90079,-0.00312
140680000000,4.68666,-0.38784,0.04013,0.85618,-0.00192,0.00050,0.51668,1.04486,0.89333,-0.00357
140713000000,4.72258,-0.35806,0.04008,0.86461,-0.00200,0.00050,0.50244,1.12502,0.88058,-0.00316
140746000000,4.76103,-0.32935,0.04014,0.87357,-0.00200,0.00046,0.48670,1.21116,0.85955,-0.00393
140779000000,4.80255,-0.30127,0.04016,0.88314,-0.00202,0.00038,0.46911,1.30560,0.83276,-0.00335
140812000000,4.84729,-0.27430,0.04020,0.89326,-0.00204,0.00034,0.44954,1.40689,0.79508,-0.00240
140845000000,4.89491,-0.24900,0.04024,0.90370,-0.00209,0.00032,0.42816,1.46468,0.72301,-0.00194
140878000000,4.94375,-0.22637,0.04031,0.91374,-0.00214,0.00027,0.40630,1.49643,0.63817,-0.00024
140911000000,4.99353,-0.20658,0.04041,0.92334,-0.00219,0.00026,0.38399,1.52181,0.55316,-0.00044
140944000000,5.04409,-0.18967,0.04045,0.93245,-0.00217,0.00015,0.36130,1.54306,0.46479,-0.00061
140977000000,5.09518,-0.17575,0.04050,0.94102,-0.00217,0.00009,0.33834,1.53566,0.37101,0.00133
141010000000,5.14531,-0.16506,0.04057,0.94885,-0.00216,0.00012,0.31573,1.50658,0.28012,0.00164
141043000000,5.19476,-0.15723,0.04066,0.95603,-0.00211,0.00005,0.29325,1.48829,0.19524,0.00194
141076000000,5.24373,-0.15213,0.04077,0.96263,-0.00211,-0.00001,0.27082,1.47037,0.11480,0.00184
141109000000,5.29120,-0.14977,0.04087,0.96854,-0.00211,-0.00009,0.24885,1.42905,0.03726,0.00177
141142000000,5.33792,-0.14982,0.04103,0.97391,-0.00212,-0.00016,0.22693,1.39920,-0.03593,0.00309
141175000000,5.38339,-0.15178,0.04100,0.97866,-0.00216,-0.00021,0.20547,1.34945,-0.10031,0.00245
141208000000,5.42683,-0.15663,0.04136,0.98283,-0.00216,-0.00033,0.18453,1.31078,-0.16278,0.00195
141241000000,5.46951,-0.16313,0.04150,0.98650,-0.00215,-0.00039,0.16375,1.27453,-0.22125,0.00255
141274000000,5.51119,-0.17147,0.04162,0.98963,-0.00213,-0.00044,0.14364,1.25768,-0.27806,0.00108
141307000000,5.55221,-0.18144,0.04168,0.99229,-0.00210,-0.00051,0.12391,1.22772,-0.32705,0.00131
141340000000,5.59251,-0.19307,0.04174,0.99452,-0.00209,-0.00057,0.10451,1.20573,-0.37463,0.00170
141373000000,5.63174,-0.20613,0.04181,0.99633,-0.00208,-0.00058,0.08554,1.17259,-0.41694,0.00201
141406000000,5.67002,-0.22055,0.04193,0.99776,-0.00206,-0.00060,0.06686,1.14363,-0.45841,0.00288
141439000000,5.70723,-0.23626,0.04206,0.99882,-0.00209,-0.00059,0.04862,1.10031,-0.48537,0.00197
141472000000,5.74300,-0.25202,0.04221,0.99950,-0.00210,-0.00059,0.03153,1.06667,-0.46957,0.00259
141505000000,5.77776,-0.26785,0.04245,0.99988,-0.00214,-0.00067,0.01555,1.02936,-0.49299,0.00216
141538000000,5.81131,-0.28448,0.04267,1.00000,-0.00214,-0.00067,-0.00013,0.99744,-0.51949,0.00190
141571000000,5.84390,-0.30188,0.04292,0.99988,-0.00214,-0.00071,-0.01553,0.97125,-0.53700,0.00231
141604000000,5.87575,-0.31985,0.04322,0.99953,-0.00215,-0.00073,-0.03061,0.94785,-0.55571,0.00353
141637000000,5.90676,-0.33841,0.04358,0.99898,-0.00211,-0.00078,-0.04517,0.92498,-0.56720,0.00446
141670000000,5.93700,-0.35721,0.04392,0.99825,-0.00210,-0.00078,-0.05904,0.90216,-0.57227,0.00451
141703000000,5.96654,-0.37613,0.04423,0.99740,-0.00210,-0.00075,-0.07206,0.88151,-0.57571,0.00615
141736000000,5.99536,-0.39516,0.04457,0.99643,-0.00211,-0.00078,-0.08440,0.85909,-0.57717,0.00630
141769000000,6.02350,-0.41419,0.04489,0.99538,-0.00213,-0.00081,-0.09600,0.83815,-0.57730,0.00653
141802000000,6.05107,-0.43306,0.04507,0.99427,-0.00211,-0.00086,-0.10684,0.81992,-0.57096,0.00508
141835000000,6.07804,-0.45172,0.04527,0.99314,-0.00211,-0.00086,-0.11690,0.80295,-0.56262,0.00482
141868000000,6.10442,-0.47005,0.04545,0.99200,-0.00211,-0.00084,-0.12620,0.78547,-0.55229,0.00468
141901000000,6.13027,-0.48791,0.04566,0.99089,-0.00214,-0.00086,-0.13465,0.77248,-0.53571,0.00541
141934000000,6.15574,-0.50523,0.04590,0.98981,-0.00211,-0.00090,-0.14238,0.75783,-0.51990,0.00513
141967000000,6.18073,-0.52196,0.04613,0.98879,-0.00208,-0.00086,-0.14926,0.74683,-0.49942,0.00508
142000000000,6.20562,-0.53782,0.04628,0.98792,-0.00203,-0.00085,-0.15497,0.73821,-0.47625,0.00356
142033000000,6.22996,-0.55305,0.04636,0.98722,-0.00206,-0.00083,-0.15933,0.72913,-0.45036,0.00283
142066000000,6.25990,-0.56924,0.04485,0.98668,-0.00177,-0.00043,-0.16268,0.75129,-0.43979,-0.00225
142099000000,6.27913,-0.58165,0.04661,0.98628,-0.00209,-0.00074,-0.16509,0.75799,-0.43235,0.00274
142132000000,6.30525,-0.59547,0.04678,0.98596,-0.00203,-0.00071,-0.16697,0.78415,-0.42746,0.00292
142165000000,6.33136,-0.60952,0.04681,0.98574,-0.00202,-0.00069,-0.16826,0.81736,-0.43039,0.00255
142198000000,6.35862,-0.62338,0.04693,0.98564,-0.00200,-0.00067,-0.16885,0.83175,-0.41660,0.00265
142231000000,6.38722,-0.63733,0.04709,0.98558,-0.00202,-0.00067,-0.16921,0.88891,-0.42871,0.00359
142264000000,6.41792,-0.65081,0.04742,0.98548,-0.00200,-0.00065,-0.16975,0.92234,-0.42743,0.00407
142297000000,6.44768,-0.66485,0.04753,0.98538,-0.00196,-0.00066,-0.17036,0.91555,-0.41778,0.00413
142330000000,6.47759,-0.67864,0.04765,0.98526,-0.00197,-0.00069,-0.17107,0.90549,-0.40720,0.00454
142363000000,6.50746,-0.69198,0.04772,0.98511,-0.00200,-0.00074,-0.17193,0.89889,-0.40003,0.00356
142396000000,6.53660,-0.70527,0.04778,0.98492,-0.00196,-0.00073,-0.17300,0.88472,-0.39093,0.00424
142429000000,6.56634,-0.71748,0.04815,0.98471,-0.00202,-0.00069,-0.17417,0.86884,-0.38437,0.00501
142462000000,6.59445,-0.73040,0.04842,0.98445,-0.00201,-0.00072,-0.17567,0.85805,-0.38490,0.00419
142495000000,6.62242,-0.74321,0.04870,0.98411,-0.00199,-0.00073,-0.17753,0.84123,-0.37983,0.00394
142528000000,6.65006,-0.75560,0.04883,0.98377,-0.00200,-0.00075,-0.17941,0.82457,-0.37294,0.00242
142561000000,6.67826,-0.76780,0.04922,0.98346,-0.00199,-0.00065,-0.18114,0.79869,-0.36147,0.00390
142594000000,6.70299,-0.77937,0.04950,0.98316,-0.00201,-0.00074,-0.18275,0.76822,-0.34863,0.00534
142627000000,6.72816,-0.79085,0.04973,0.98289,-0.00194,-0.00069,-0.18420,0.75221,-0.34073,0.00523
142660000000,6.75271,-0.80192,0.04996,0.98261,-0.00191,-0.00071,-0.18566,0.72760,-0.32863,0.00480
142693000000,6.77857,-0.81341,0.05048,0.98237,-0.00189,-0.00066,-0.18693,0.70288,-0.31682,0.00561
142726000000,6.79979,-0.82346,0.05075,0.98213,-0.00186,-0.00072,-0.18820,0.67459,-0.30437,0.00644
142759000000,6.82143,-0.83309,0.05101,0.98190,-0.00185,-0.00069,-0.18937,0.63669,-0.28521,0.00527
142792000000,6.84208,-0.84224,0.05134,0.98169,-0.00185,-0.00063,-0.19047,0.61284,-0.27178,0.00366
142825000000,6.86502,-0.85237,0.05169,0.98151,-0.00184,-0.00053,-0.19141,0.58004,-0.25641,0.00309
142858000000,6.88146,-0.86025,0.05172,0.98134,-0.00185,-0.00055,-0.19226,0.55696,-0.24500,0.00276
142891000000,6.89939,-0.86842,0.05183,0.98117,-0.00179,-0.00053,-0.19313,0.52919,-0.23236,0.00109
142924000000,6.91737,-0.87524,0.05167,0.98102,-0.00184,-0.00053,-0.19390,0.50396,-0.21969,-0.00097
142957000000,6.93424,-0.88280,0.05167,0.98089,-0.00177,-0.00047,-0.19456,0.48986,-0.21234,-0.00138
142990000000,6.95636,-0.89217,0.05196,0.98076,-0.00167,-0.00030,-0.19519,0.46111,-0.19682,-0.00161
143023000000,6.96693,-0.89750,0.05185,0.98065,-0.00170,-0.00043,-0.19578,0.43196,-0.18548,-0.00199
143056000000,6.98143,-0.90409,0.05178,0.98053,-0.00167,-0.00045,-0.19637,0.40831,-0.17537,-0.00214
143089000000,6.99532,-0.91037,0.05169,0.98043,-0.00161,-0.00047,-0.19687,0.39323,-0.16983,-0.00223
143122000000,7.00866,-0.91647,0.05158,0.98034,-0.00159,-0.00050,-0.19733,0.37146,-0.16164,-0.00235
143155000000,7.02119,-0.92217,0.05154,0.98026,-0.00155,-0.00049,-0.19769,0.34783,-0.15189,-0.00336
143188000000,7.03298,-0.92716,0.05156,0.98018,-0.00157,-0.00048,-0.19808,0.33965,-0.14759,-0.00383
143221000000,7.05398,-0.93783,0.05216,0.98013,-0.00147,-0.00024,-0.19837,0.32830,-0.14371,-0.00321
143254000000,7.05680,-0.93926,0.05174,0.98006,-0.00146,-0.00037,-0.19869,0.24622,-0.10671,-0.00514
143287000000,7.06327,-0.94302,0.05157,0.98001,-0.00148,-0.00040,-0.19892,0.15436,-0.06569,-0.00623
