2674000000,0.09360,0.24750,-0.15800,0.50000,0.50000,-0.50000,0.50000,0.00000,0.00000,0.00000
2707000000,0.12485,0.23935,-0.19178,0.50004,0.49959,-0.50012,0.50024,0.94707,-0.24695,-1.02358
2740000000,0.15997,0.23323,-0.22008,0.50003,0.49921,-0.50029,0.50047,1.06428,-0.18536,-0.85754
2839000000,0.23341,0.22538,-0.23602,0.49960,0.49854,-0.50081,0.50105,0.74174,-0.07928,-0.16100
2872000000,0.23170,0.22047,-0.32014,0.50014,0.49853,-0.50056,0.50077,-0.05161,-0.14885,-2.54915
2905000000,0.28630,0.19518,-0.25855,0.49983,0.49787,-0.50093,0.50136,1.65452,-0.76638,1.86637
2938000000,0.22542,0.23727,-0.23674,-0.49973,-0.49882,0.50081,-0.50064,-1.84505,1.27531,0.66081
2971000000,0.26538,0.22348,-0.26278,0.49975,0.49832,-0.50090,0.50103,1.21103,-0.41782,-0.78900
3004000000,0.28495,0.21727,-0.26095,0.49957,0.49810,-0.50101,0.50131,0.59297,-0.18820,0.05545
3037000000,0.38544,0.21336,-0.34547,0.49893,0.49697,-0.50190,0.50219,3.04515,-0.11844,-2.56141
3070000000,0.36421,0.19484,-0.44336,0.49931,0.49670,-0.50149,0.50249,-0.64335,-0.56107,-2.96634
3103000000,0.38856,0.19037,-0.51918,0.49911,0.49658,-0.50145,0.50283,0.73799,-0.13559,-2.29759
3136000000,0.35520,0.18003,-0.57193,0.49924,0.49667,-0.50097,0.50310,-1.01088,-0.31320,-1.59834
3169000000,0.35280,0.16043,-0.64581,0.49952,0.49606,-0.50067,0.50372,-0.07280,-0.59403,-2.23880
3202000000,0.33646,0.16547,-0.71986,0.49918,0.49634,-0.50020,0.50424,-0.49506,0.15259,-2.24405
3235000000,0.13222,0.19656,-0.85217,0.50035,0.49796,-0.49926,0.50242,-6.18916,0.94216,-4.00942
3268000000,0.13947,0.20090,-0.85632,0.49989,0.49780,-0.49970,0.50261,0.21973,0.13148,-0.12548
3301000000,0.14590,0.20744,-0.86854,0.49932,0.49753,-0.50023,0.50290,0.19495,0.19830,-0.37048
3334000000,0.15597,0.20064,-0.79754,0.50066,0.49725,-0.49979,0.50228,0.30495,-0.20606,2.15148
3367000000,0.16295,0.20106,-0.75491,0.50092,0.49751,-0.49957,0.50198,0.21169,0.01279,1.29175
3433000000,0.17035,0.20289,-0.72695,0.50112,0.49703,-0.49987,0.50196,0.11213,0.02773,0.42365
3466000000,0.17462,0.19953,-0.71493,0.50078,0.49709,-0.49979,0.50232,0.12924,-0.10196,0.36428
3499000000,0.09512,0.17352,-0.82929,0.50184,0.49750,-0.49860,0.50204,-2.40897,-0.78822,-3.46529
3532000000,0.15387,0.19739,-0.76549,0.50100,0.49747,-0.49949,0.50203,1.78014,0.72336,1.93318
3565000000,0.17167,0.19648,-0.75341,0.50061,0.49730,-0.49972,0.50236,0.53941,-0.02752,0.36628
3598000000,0.15904,0.19439,-0.73906,0.50116,0.49698,-0.49966,0.50218,-0.38258,-0.06348,0.43481
3631000000,0.15603,0.19692,-0.72182,0.50100,0.49718,-0.49968,0.50213,-0.09126,0.07678,0.52228
3664000000,0.16539,0.19863,-0.66528,0.50115,0.49744,-0.49957,0.50183,0.28343,0.05181,1.71350
3697000000,0.16270,0.19394,-0.63640,0.50117,0.49763,-0.49927,0.50192,-0.08124,-0.14210,0.87491
3730000000,0.17329,0.19069,-0.59986,0.50112,0.49778,-0.49916,0.50192,0.32080,-0.09844,1.10724
3763000000,0.22213,0.18766,-0.62911,0.50097,0.49725,-0.49967,0.50210,1.48007,-0.09188,-0.88619
3796000000,0.21307,0.18020,-0.63707,0.50094,0.49716,-0.49952,0.50236,-0.27455,-0.22590,-0.24119
3829000000,0.20494,0.19041,-0.62617,0.50106,0.49732,-0.49959,0.50201,-0.24657,0.30911,0.33012
3862000000,0.21787,0.18714,-0.60398,0.50108,0.49694,-0.49986,0.50210,0.39204,-0.09896,0.67248
3895000000,0.22200,0.18540,-0.58716,0.50105,0.49694,-0.49973,0.50226,0.12515,-0.05285,0.50979
3928000000,0.22098,0.18769,-0.57733,0.50108,0.49686,-0.49986,0.50219,-0.03098,0.06951,0.29773
3961000000,0.22268,0.18723,-0.56744,0.50095,0.49690,-0.49984,0.50229,0.05143,-0.01384,0.29972
3994000000,0.21750,0.18451,-0.55354,0.50095,0.49704,-0.49962,0.50238,-0.15694,-0.08238,0.42142
4027000000,0.22412,0.17689,-0.55930,0.50066,0.49734,-0.49944,0.50255,0.20056,-0.23105,-0.17453
4060000000,0.24693,0.17037,-0.51150,0.50059,0.49719,-0.49948,0.50272,0.69125,-0.19759,1.44825
4093000000,0.24334,0.18008,-0.49781,0.50074,0.49711,-0.49968,0.50246,-0.10891,0.29433,0.41491
4126000000,0.25222,0.17932,-0.48465,0.50067,0.49683,-0.49989,0.50259,0.26910,-0.02300,0.39883
4159000000,0.24903,0.17631,-0.46372,0.50066,0.49682,-0.49982,0.50268,-0.09648,-0.09136,0.63412
4192000000,0.23760,0.18329,-0.44271,0.50088,0.49714,-0.49968,0.50228,-0.34635,0.21149,0.63684
4225000000,0.25301,0.17459,-0.40205,0.50066,0.49706,-0.49960,0.50267,0.46697,-0.26344,1.23215
4258000000,0.25419,0.17557,-0.38566,0.50070,0.49695,-0.49966,0.50268,0.03561,0.02957,0.49671
4291000000,0.29460,0.17444,-0.35698,0.50046,0.49676,-0.49990,0.50286,1.22475,-0.03423,0.86895
4324000000,0.28851,0.17892,-0.32880,0.50061,0.49681,-0.49988,0.50268,-0.18481,0.13584,0.85403
4357000000,0.29363,0.16364,-0.30986,0.50057,0.49659,-0.49972,0.50310,0.15544,-0.46317,0.57381
4390000000,0.29948,0.17199,-0.27688,0.50046,0.49658,-0.49990,0.50303,0.17727,0.25303,0.99961
4423000000,0.30662,0.16275,-0.25960,0.50030,0.49641,-0.49985,0.50341,0.21609,-0.27981,0.52344
4456000000,0.32067,0.15241,-0.22665,0.50017,0.49625,-0.49977,0.50379,0.42579,-0.31343,0.99852
4489000000,0.30297,0.17215,-0.18689,0.50048,0.49657,-0.49995,0.50299,-0.53630,0.59808,1.20486
4522000000,0.28629,0.17749,-0.17414,0.50060,0.49683,-0.49990,0.50265,-0.50529,0.16173,0.38631
4555000000,0.32777,0.16578,-0.13446,0.50049,0.49621,-0.50016,0.50311,1.25673,-0.35483,1.20235
4588000000,0.32597,0.15407,-0.10929,0.50058,0.49606,-0.49989,0.50344,-0.05450,-0.35480,0.76279
4621000000,0.32442,0.15636,-0.07619,0.50056,0.49625,-0.49985,0.50332,-0.04686,0.06950,1.00299
4654000000,0.32454,0.15685,-0.04364,0.50063,0.49617,-0.49983,0.50334,0.00361,0.01485,0.98649
4687000000,0.31790,0.15671,-0.01576,0.50065,0.49629,-0.49978,0.50326,-0.20109,-0.00434,0.84493
4720000000,0.32727,0.15517,0.02270,0.50056,0.49615,-0.49979,0.50347,0.28388,-0.04669,1.16548
4753000000,0.31686,0.15728,0.05478,0.50071,0.49629,-0.49976,0.50321,-0.31550,0.06404,0.97199
4786000000,0.32673,0.15713,0.09164,0.50061,0.49611,-0.49995,0.50330,0.29895,-0.00452,1.11684
4819000000,0.32969,0.15213,0.12851,0.50051,0.49603,-0.49993,0.50350,0.08987,-0.15147,1.11738
4852000000,0.34638,0.16389,0.20287,0.50066,0.49572,-0.50027,0.50331,0.50568,0.35627,2.25343
4885000000,0.35237,0.16191,0.24638,0.50069,0.49556,-0.50038,0.50334,0.18155,-0.05991,1.31835
4918000000,0.34549,0.16541,0.28025,0.50069,0.49569,-0.50043,0.50317,-0.20866,0.10594,1.02651
4951000000,0.34801,0.16479,0.32651,0.50067,0.49575,-0.50029,0.50326,0.07651,-0.01869,1.40186
4984000000,0.34521,0.17070,0.36774,0.50075,0.49573,-0.50052,0.50297,-0.08492,0.17889,1.24937
5050000000,0.34650,0.16184,0.44474,0.50071,0.49569,-0.50020,0.50337,0.01958,-0.13412,1.16669
5083000000,0.41840,0.54756,-0.15572,0.70377,-0.02711,-0.00176,0.70990,2.17868,11.68843,-18.19590
5116000000,0.42247,0.59630,-0.15576,0.70366,-0.02702,-0.00157,0.71002,0.12342,1.47688,-0.00120
5149000000,0.45933,1.56305,-0.68741,0.70128,-0.00179,0.00273,0.71288,1.11711,29.29561,-16.11066
5182000000,0.46018,1.60893,-0.68743,0.70117,-0.00184,0.00269,0.71299,0.02563,1.39027,-0.00062
5215000000,0.43038,1.69318,-0.68450,0.70129,-0.00201,0.00283,0.71287,-0.90308,2.55305,0.08882
5248000000,0.37707,1.80059,-0.69473,0.70215,-0.00187,0.00251,0.71203,-1.61547,3.25480,-0.30999
5281000000,0.36737,1.86245,-0.69485,0.70211,-0.00185,0.00264,0.71207,-0.29377,1.87459,-0.00372
5314000000,0.34184,1.97828,-0.69735,0.70252,-0.00171,0.00236,0.71165,-0.77384,3.50981,-0.07559
5347000000,0.32929,2.04792,-0.69710,0.70258,-0.00175,0.00242,0.71160,-0.38019,2.11043,0.00751
5380000000,0.28570,2.16549,-0.69941,0.70285,-0.00117,0.00280,0.71134,-1.32078,3.56266,-0.07004
5413000000,0.26695,2.24324,-0.69906,0.70296,-0.00113,0.00276,0.71122,-0.56836,2.35612,0.01070
5446000000,0.24797,2.38045,-0.71013,0.70319,-0.00083,0.00259,0.71100,-0.57510,4.15785,-0.33560
5479000000,0.22740,2.46385,-0.71153,0.70320,-0.00075,0.00266,0.71098,-0.62343,2.52718,-0.04227
5512000000,0.18137,2.56736,-0.72738,0.70404,-0.00064,0.00206,0.71016,-1.39472,3.13679,-0.48048
5545000000,0.15826,2.65262,-0.73046,0.70413,-0.00051,0.00210,0.71006,-0.70038,2.58372,-0.09328
5578000000,0.16612,2.77713,-0.72940,0.70411,-0.00051,0.00216,0.71009,0.23818,3.77276,0.03215
5611000000,0.14410,2.86407,-0.73240,0.70406,-0.00035,0.00226,0.71014,-0.66725,2.63457,-0.09079
5644000000,0.12157,2.95136,-0.73534,0.70421,-0.00010,0.00232,0.70999,-0.68264,2.64536,-0.08909
5677000000,0.10636,3.06155,-0.74090,0.70479,-0.00045,0.00197,0.70941,-0.46094,3.33904,-0.16840
5710000000,0.08380,3.14852,-0.74438,0.70485,-0.00028,0.00202,0.70935,-0.68384,2.63541,-0.10551
5743000000,0.14629,3.35321,-0.73747,0.70419,-0.00038,0.00207,0.71000,1.89368,6.20265,0.20943
5776000000,0.12623,3.44436,-0.74017,0.70415,-0.00037,0.00214,0.71005,-0.60765,2.76222,-0.08195
5809000000,0.14870,3.61903,-0.74599,0.70426,-0.00077,0.00170,0.70994,0.68094,5.29304,-0.17642
5842000000,0.12991,3.71186,-0.74922,0.70427,-0.00056,0.00187,0.70993,-0.56939,2.81309,-0.09773
5875000000,0.15915,3.88538,-0.74500,0.70396,-0.00040,0.00197,0.71023,0.88583,5.25818,0.12791
5941000000,0.16547,4.16753,-0.74457,0.70393,-0.00029,0.00203,0.71027,0.09584,4.27490,0.00646
5974000000,0.14937,4.26466,-0.74774,0.70401,-0.00020,0.00191,0.71019,-0.48805,2.94356,-0.09600
6007000000,0.19266,4.50346,-0.73957,0.70396,-0.00049,0.00198,0.71024,1.31182,7.23624,0.24749
6073000000,0.19077,4.67965,-0.75134,0.70404,-0.00028,0.00181,0.71016,-0.02867,2.66949,-0.17838
6106000000,0.17633,4.77955,-0.75385,0.70400,-0.00010,0.00202,0.71020,-0.43757,3.02740,-0.07604
6139000000,0.19551,4.98931,-0.75540,0.70449,-0.00040,0.00133,0.70971,0.58123,6.35638,-0.04693
6172000000,0.18334,5.09490,-0.75826,0.70452,-0.00020,0.00142,0.70968,-0.36875,3.19979,-0.08667
6205000000,0.20038,5.26945,-0.75254,0.70466,-0.00043,0.00139,0.70954,0.51640,5.28922,0.17344
6238000000,0.19158,5.38056,-0.75476,0.70462,-0.00021,0.00150,0.70958,-0.26654,3.36705,-0.06717
6271000000,0.25535,5.55082,-0.74707,0.70442,-0.00035,0.00143,0.70978,1.93231,5.15952,0.23293
6304000000,0.24961,5.66629,-0.74915,0.70443,-0.00011,0.00135,0.70977,-0.17386,3.49889,-0.06321
6337000000,0.24358,5.77084,-0.74956,0.70433,-0.00010,0.00159,0.70987,-0.18289,3.16832,-0.01243
6370000000,0.23940,5.88935,-0.75129,0.70427,0.00003,0.00159,0.70993,-0.12656,3.59125,-0.05221
6403000000,0.23530,6.00793,-0.75317,0.70424,0.00011,0.00156,0.70996,-0.12417,3.59313,-0.05708
6436000000,0.24664,6.11516,-0.75565,0.70431,0.00023,0.00143,0.70989,0.34357,3.24962,-0.07523
6469000000,0.24402,6.23579,-0.75771,0.70436,0.00054,0.00151,0.70984,-0.07946,3.65540,-0.06245
6502000000,0.24071,6.35632,-0.75960,0.70432,0.00073,0.00147,0.70988,-0.10026,3.65244,-0.05705
6535000000,0.26773,6.51951,-0.75670,0.70412,0.00070,0.00119,0.71008,0.81885,4.94515,0.08775
6601000000,0.27489,6.82647,-0.75182,0.70411,0.00060,0.00132,0.71009,0.10843,4.65089,0.07391
6634000000,0.27265,6.94787,-0.75342,0.70402,0.00096,0.00146,0.71017,-0.06771,3.67865,-0.04846
6667000000,0.31347,7.15097,-0.74162,0.70366,0.00071,0.00162,0.71053,1.23685,6.15465,0.35770
6700000000,0.31066,7.27104,-0.74296,0.70363,0.00088,0.00171,0.71056,-0.08502,3.63843,-0.04069
6733000000,0.28856,7.39652,-0.74789,0.70360,0.00080,0.00172,0.71059,-0.66975,3.80240,-0.14930
6766000000,0.28369,7.51541,-0.74947,0.70356,0.00083,0.00181,0.71063,-0.14779,3.60281,-0.04792
6799000000,0.31995,7.79387,-0.74008,0.70355,0.00026,0.00158,0.71065,1.09882,8.43820,0.28464
6832000000,0.31622,7.91378,-0.74124,0.70349,0.00042,0.00154,0.71070,-0.11279,3.63366,-0.03529
6865000000,0.36025,8.21291,-0.73961,0.70306,0.00032,0.00178,0.71113,1.33422,9.06456,0.04951
6898000000,0.35707,8.33382,-0.74067,0.70313,0.00027,0.00164,0.71106,-0.09656,3.66390,-0.03229
6931000000,0.35308,8.45516,-0.74143,0.70310,0.00025,0.00153,0.71109,-0.12081,3.67682,-0.02298
6964000000,0.38883,8.71407,-0.73625,0.70282,0.00047,0.00171,0.71136,1.08339,7.84597,0.15700
6997000000,0.38471,8.83660,-0.73701,0.70286,0.00040,0.00164,0.71133,-0.12488,3.71303,-0.02293
7030000000,0.39438,9.08930,-0.72797,0.70279,0.00029,0.00184,0.71140,0.29291,7.65746,0.27402
7063000000,0.38938,9.21106,-0.72852,0.70280,0.00029,0.00189,0.71139,-0.15137,3.68982,-0.01670
7096000000,0.38369,9.33341,-0.72903,0.70285,0.00028,0.00194,0.71133,-0.17253,3.70737,-0.01571
7129000000,0.39777,9.54457,-0.72625,0.70266,0.00028,0.00213,0.71153,0.42681,6.39884,0.08446
7162000000,0.39129,9.66638,-0.72700,0.70258,0.00031,0.00213,0.71160,-0.19655,3.69112,-0.02269
7195000000,0.39500,9.79381,-0.73181,0.70253,0.00025,0.00213,0.71165,0.11261,3.86175,-0.14590
7228000000,0.38981,9.91423,-0.73233,0.70255,0.00031,0.00207,0.71163,-0.15750,3.64910,-0.01581
7261000000,0.39368,10.05418,-0.72945,0.70273,-0.00013,0.00190,0.71146,0.11739,4.24073,0.08733
7294000000,0.38691,10.17523,-0.73015,0.70276,-0.00004,0.00192,0.71142,-0.20521,3.66838,-0.02109
7327000000,0.37717,10.30965,-0.73316,0.70290,-0.00028,0.00173,0.71128,-0.29503,4.07332,-0.09129
7360000000,0.36987,10.42837,-0.73415,0.70291,-0.00013,0.00170,0.71127,-0.22132,3.59735,-0.02998
7393000000,0.36254,10.54667,-0.73518,0.70307,-0.00013,0.00170,0.71112,-0.22194,3.58498,-0.03119
7426000000,0.36778,10.71781,-0.73296,0.70316,-0.00039,0.00153,0.71103,0.15875,5.18608,0.06722
7459000000,0.36095,10.83582,-0.73398,0.70323,-0.00028,0.00157,0.71096,-0.20696,3.57608,-0.03107
7492000000,0.35416,10.95345,-0.73496,0.70326,-0.00025,0.00154,0.71093,-0.20586,3.56463,-0.02957
7525000000,0.37614,11.10517,-0.72817,0.70298,-0.00039,0.00175,0.71120,0.66613,4.59740,0.20577
7558000000,0.36922,11.22280,-0.72902,0.70299,-0.00029,0.00171,0.71120,-0.20991,3.56455,-0.02577
7591000000,0.36219,11.34008,-0.72989,0.70308,-0.00027,0.00171,0.71111,-0.21292,3.55385,-0.02628
7624000000,0.33644,11.48248,-0.72642,0.70328,-0.00046,0.00176,0.71091,-0.78012,4.31520,0.10499
7657000000,0.32867,11.60022,-0.72709,0.70328,-0.00045,0.00175,0.71091,-0.23552,3.56798,-0.02011
7690000000,0.32019,11.71704,-0.72778,0.70331,-0.00036,0.00176,0.71088,-0.25695,3.54010,-0.02094
7756000000,0.29234,11.90941,-0.73923,0.70340,-0.00035,0.00171,0.71080,-0.42195,2.91467,-0.17354
7789000000,0.28377,12.02526,-0.74050,0.70349,-0.00035,0.00174,0.71070,-0.25994,3.51065,-0.03832
7822000000,0.27497,12.14051,-0.74176,0.70353,-0.00032,0.00170,0.71066,-0.26642,3.49241,-0.03821
7855000000,0.28443,12.23975,-1.76470,0.70302,-0.03476,0.02652,0.70983,0.28641,3.00708,-30.99830
7888000000,0.27524,12.35900,-1.77589,0.70301,-0.03477,0.02649,0.70983,-0.27836,3.61365,-0.33901
7921000000,0.26577,12.47865,-1.78712,0.70316,-0.03469,0.02648,0.70969,-0.28696,3.62575,-0.34030
7954000000,0.25588,12.59838,-1.79843,0.70314,-0.03461,0.02658,0.70971,-0.29968,3.62824,-0.34272
7987000000,0.24536,12.71826,-1.80970,0.70314,-0.03460,0.02660,0.70972,-0.31881,3.63278,-0.34151
8020000000,0.21060,12.97563,-2.03506,0.70331,-0.03147,0.02463,0.70976,-1.05323,7.79892,-6.82909
8053000000,0.18287,13.08383,-2.04491,0.70347,-0.03149,0.02455,0.70961,-0.84039,3.27893,-0.29856
8086000000,0.16193,13.21115,-2.05989,0.70387,-0.03173,0.02434,0.70920,-0.63444,3.85834,-0.45404
8119000000,0.14668,13.33606,-2.07162,0.70394,-0.03168,0.02428,0.70913,-0.46231,3.78508,-0.35526
8152000000,0.13124,13.46145,-2.08342,0.70396,-0.03161,0.02433,0.70912,-0.46791,3.79973,-0.35765
8185000000,0.11566,13.58736,-2.09524,0.70404,-0.03162,0.02425,0.70904,-0.47213,3.81530,-0.35834
8218000000,0.09737,13.71397,-2.10715,0.70413,-0.03160,0.02418,0.70895,-0.55429,3.83683,-0.36071
8251000000,0.07965,13.83956,-2.11987,0.70420,-0.03152,0.02424,0.70889,-0.53685,3.80562,-0.38563
8284000000,0.07149,13.92532,-2.11291,0.70422,-0.03160,0.02436,0.70886,-0.24716,2.59876,0.21093
8317000000,0.05615,14.05178,-2.12424,0.70429,-0.03147,0.02438,0.70879,-0.46503,3.83221,-0.34336
8350000000,0.04004,14.17802,-2.13564,0.70442,-0.03139,0.02434,0.70867,-0.48797,3.82533,-0.34520
8383000000,0.02355,14.30440,-2.14710,0.70450,-0.03144,0.02436,0.70859,-0.49981,3.82975,-0.34733
8449000000,-0.00691,14.49572,-2.19198,0.70471,-0.03127,0.02419,0.70839,-0.46148,2.89882,-0.68002
8482000000,-0.02299,14.62316,-2.20457,0.70492,-0.03128,0.02406,0.70818,-0.48738,3.86183,-0.38145
8515000000,-0.03952,14.75086,-2.21734,0.70482,-0.03100,0.02416,0.70830,-0.50099,3.86958,-0.38705
8548000000,-0.10909,14.67297,-2.18492,0.70536,-0.03139,0.02433,0.70774,-2.10819,-2.36037,0.98239
8581000000,-0.12684,14.79715,-2.19630,0.70553,-0.03137,0.02431,0.70757,-0.53772,3.76314,-0.34485
8614000000,-0.14480,14.92179,-2.20779,0.70550,-0.03134,0.02432,0.70760,-0.54429,3.77701,-0.34808
8647000000,-0.03422,14.92718,-2.18270,0.70486,-0.03178,0.02453,0.70821,3.35088,0.16343,0.76017
8680000000,-0.04952,15.04564,-2.19221,0.70496,-0.03171,0.02452,0.70811,-0.46368,3.58951,-0.28820
8713000000,0.00085,15.13078,-2.19559,0.70481,-0.03194,0.02446,0.70826,1.52643,2.58006,-0.10238
8746000000,-0.01251,15.24863,-2.20482,0.70482,-0.03186,0.02449,0.70824,-0.40480,3.57111,-0.27980
8779000000,-0.02637,15.36685,-2.21412,0.70483,-0.03174,0.02451,0.70824,-0.42018,3.58252,-0.28181
8812000000,-0.04016,15.48587,-2.22357,0.70501,-0.03163,0.02465,0.70807,-0.41784,3.60654,-0.28624
8845000000,-0.02934,15.53758,-2.23928,0.70505,-0.03164,0.02437,0.70804,0.32798,1.56723,-0.47606
8878000000,-0.04387,15.65777,-2.24976,0.70513,-0.03155,0.02440,0.70796,-0.44037,3.64202,-0.31771
8911000000,-0.05845,15.77861,-2.26032,0.70513,-0.03161,0.02437,0.70796,-0.44176,3.66168,-0.31996
8944000000,-0.03378,15.83552,-2.25487,0.70500,-0.03183,0.02434,0.70807,0.74753,1.72476,0.16529
8977000000,-0.04742,15.95635,-2.26488,0.70506,-0.03175,0.02442,0.70802,-0.41329,3.66130,-0.30343
9010000000,-0.06148,16.07750,-2.27503,0.70508,-0.03171,0.02443,0.70799,-0.42622,3.67136,-0.30753
9043000000,0.01437,16.16727,-2.29302,0.70472,-0.03179,0.02421,0.70836,2.29854,2.72017,-0.54526
9076000000,0.00219,16.28995,-2.30388,0.70486,-0.03171,0.02410,0.70823,-0.36909,3.71777,-0.32889
9142000000,-0.00582,16.38940,-2.31664,0.70490,-0.03179,0.02430,0.70818,-0.12131,1.50678,-0.19337
9175000000,-0.02046,16.50853,-2.32756,0.70502,-0.03183,0.02415,0.70806,-0.44378,3.61009,-0.33102
9241000000,-0.00584,16.58743,-2.32342,0.70472,-0.03163,0.02454,0.70836,0.22165,1.19545,0.06270
9274000000,-0.02218,16.70177,-2.33299,0.70483,-0.03166,0.02459,0.70824,-0.49531,3.46461,-0.28989
9307000000,-0.03843,16.81692,-2.34259,0.70487,-0.03161,0.02457,0.70821,-0.49240,3.48941,-0.29104
9340000000,0.05251,16.90071,-2.33156,0.70449,-0.03187,0.02439,0.70858,2.75564,2.53932,0.33453
9373000000,0.04098,17.01677,-2.34083,0.70466,-0.03186,0.02442,0.70840,-0.34924,3.51680,-0.28107
9406000000,0.02941,17.13361,-2.35019,0.70478,-0.03190,0.02429,0.70829,-0.35058,3.54067,-0.28352
9439000000,0.01785,17.25130,-2.35964,0.70473,-0.03197,0.02433,0.70834,-0.35034,3.56640,-0.28639
9472000000,0.05049,17.40619,-2.34869,0.70468,-0.03177,0.02454,0.70839,0.98904,4.69375,0.33178
9505000000,0.04025,17.52817,-2.35804,0.70465,-0.03188,0.02444,0.70841,-0.31035,3.69609,-0.28345
9538000000,0.02999,17.65070,-2.36749,0.70465,-0.03190,0.02441,0.70842,-0.31090,3.71315,-0.28625
9571000000,0.01848,17.72292,-2.40565,0.70474,-0.03151,0.02431,0.70835,-0.34884,2.18860,-1.15650
9604000000,0.00834,17.84686,-2.41636,0.70473,-0.03158,0.02424,0.70835,-0.30726,3.75569,-0.32429
9637000000,0.02200,17.93776,-2.41990,0.70493,-0.03178,0.02403,0.70816,0.41414,2.75450,-0.10745
9670000000,0.01403,18.06192,-2.43037,0.70500,-0.03169,0.02410,0.70809,-0.24160,3.76233,-0.31722
9736000000,0.05485,18.23646,-2.44562,0.70462,-0.03166,0.02402,0.70847,0.61845,2.64454,-0.23105
9769000000,0.04816,18.36039,-2.45645,0.70467,-0.03161,0.02423,0.70842,-0.20276,3.75545,-0.32819
9802000000,0.08855,18.44160,-2.45564,0.70439,-0.03186,0.02436,0.70868,1.22395,2.46088,0.02446
9835000000,0.08108,18.56396,-2.46598,0.70449,-0.03186,0.02433,0.70858,-0.22642,3.70812,-0.31325
9868000000,0.07354,18.68705,-2.47639,0.70454,-0.03187,0.02420,0.70854,-0.22846,3.72985,-0.31536
9901000000,0.11454,18.80234,-2.46789,0.70422,-0.03189,0.02426,0.70885,1.24252,3.49357,0.25758
9934000000,0.10706,18.92678,-2.47809,0.70438,-0.03177,0.02412,0.70870,-0.22677,3.77094,-0.30929
9967000000,0.17746,19.02444,-2.47344,0.70396,-0.03203,0.02418,0.70910,2.13349,2.95945,0.14085
10000000000,0.17371,19.15057,-2.48424,0.70401,-0.03189,0.02422,0.70906,-0.11361,3.82221,-0.32719
10033000000,0.16916,19.27702,-2.49511,0.70399,-0.03170,0.02417,0.70909,-0.13791,3.83175,-0.32920
10099000000,0.17574,19.41194,-2.51469,0.70397,-0.03189,0.02408,0.70911,0.09961,2.04419,-0.29667
10132000000,0.17193,19.53845,-2.52532,0.70386,-0.03160,0.02419,0.70922,-0.11531,3.83383,-0.32215
10165000000,0.17886,19.56068,-2.49348,0.70370,-0.03209,0.02443,0.70935,0.21001,0.67364,0.96484
10198000000,0.17379,19.68552,-2.50354,0.70384,-0.03207,0.02441,0.70922,-0.15380,3.78291,-0.30483
10231000000,0.16844,19.81091,-2.51373,0.70390,-0.03206,0.02424,0.70916,-0.16192,3.79967,-0.30878
10264000000,0.17943,19.87622,-2.54689,0.70363,-0.03212,0.02427,0.70943,0.33298,1.97913,-1.00493
10297000000,0.17326,20.00050,-2.55769,0.70353,-0.03193,0.02439,0.70953,-0.18683,3.76603,-0.32732
10330000000,0.16617,20.12513,-2.56869,0.70344,-0.03191,0.02435,0.70962,-0.21490,3.77684,-0.33347
10363000000,0.17370,20.11783,-2.56502,0.70340,-0.03183,0.02464,0.70965,0.22809,-0.22131,0.11138
10396000000,0.16750,20.23861,-2.57669,0.70351,-0.03185,0.02452,0.70955,-0.18775,3.66003,-0.35365
10429000000,0.15983,20.35941,-2.58812,0.70350,-0.03169,0.02452,0.70957,-0.23263,3.66061,-0.34646
10462000000,0.15139,20.48053,-2.59960,0.70362,-0.03169,0.02440,0.70945,-0.25569,3.67037,-0.34790
10495000000,0.09209,20.57874,-2.60507,0.70379,-0.03171,0.02457,0.70927,-1.79705,2.97604,-0.16552
10561000000,0.02007,20.74904,-2.57449,0.70433,-0.03195,0.02487,0.70872,-1.09122,2.58032,0.46323
10594000000,0.00918,20.86960,-2.58438,0.70435,-0.03203,0.02497,0.70869,-0.32999,3.65309,-0.29971
10627000000,-0.00260,20.99038,-2.59447,0.70437,-0.03198,0.02486,0.70868,-0.35689,3.65997,-0.30557
10660000000,0.00848,21.02943,-2.59448,0.70428,-0.03225,0.02484,0.70875,0.33586,1.18348,-0.00031
10693000000,-0.00370,21.14748,-2.60439,0.70442,-0.03221,0.02483,0.70862,-0.36907,3.57715,-0.30054
10726000000,-0.01645,21.26597,-2.61440,0.70454,-0.03207,0.02492,0.70850,-0.38655,3.59061,-0.30331
10759000000,0.02484,21.36491,-2.60570,0.70443,-0.03253,0.02466,0.70860,1.25138,2.99835,0.26364
10792000000,0.01359,21.48375,-2.61518,0.70445,-0.03249,0.02472,0.70858,-0.34107,3.60102,-0.28706
10825000000,0.00142,21.60275,-2.62472,0.70445,-0.03231,0.02476,0.70858,-0.36867,3.60610,-0.28909
10858000000,-0.01091,21.72215,-2.63447,0.70456,-0.03234,0.02473,0.70848,-0.37375,3.61818,-0.29555
10891000000,-0.04691,21.76602,-2.65224,0.70514,-0.03275,0.02447,0.70789,-1.09077,1.32942,-0.53836
10924000000,-0.06025,21.88135,-2.66144,0.70512,-0.03278,0.02444,0.70790,-0.40425,3.49496,-0.27901
10957000000,-0.07436,21.99684,-2.67073,0.70516,-0.03260,0.02448,0.70787,-0.42776,3.49970,-0.28153
10990000000,-0.08964,22.11230,-2.67957,0.70524,-0.03259,0.02448,0.70779,-0.46306,3.49889,-0.26768
11023000000,-0.11598,22.18694,-2.64488,0.70526,-0.03291,0.02475,0.70775,-0.79802,2.26160,1.05102
11056000000,-0.13134,22.30192,-2.65328,0.70527,-0.03296,0.02461,0.70774,-0.46548,3.48426,-0.25428
11089000000,-0.08279,22.34093,-2.68362,0.70498,-0.03259,0.02479,0.70805,1.47106,1.18221,-0.91940
11122000000,-0.09647,22.45444,-2.69235,0.70508,-0.03259,0.02471,0.70794,-0.41453,3.43953,-0.26470
11155000000,-0.11055,22.56846,-2.70105,0.70526,-0.03265,0.02461,0.70777,-0.42667,3.45519,-0.26365
11188000000,-0.09283,22.66001,-2.72978,0.70499,-0.03238,0.02455,0.70805,0.53706,2.77421,-0.87059
11221000000,-0.10622,22.77228,-2.73846,0.70496,-0.03237,0.02458,0.70808,-0.40581,3.40236,-0.26296
11254000000,-0.12374,22.87717,-2.75727,0.70523,-0.03240,0.02461,0.70781,-0.53072,3.17828,-0.56992
11287000000,-0.13707,22.98876,-2.76600,0.70528,-0.03245,0.02458,0.70776,-0.40419,3.38167,-0.26458
11320000000,-0.15113,23.10062,-2.77473,0.70532,-0.03244,0.02456,0.70772,-0.42587,3.38959,-0.26454
11353000000,-0.16522,23.21297,-2.78379,0.70542,-0.03241,0.02465,0.70762,-0.42699,3.40473,-0.27456
11386000000,-0.15226,23.24051,-2.76136,0.70560,-0.03284,0.02476,0.70741,0.39257,0.83426,0.67951
11419000000,-0.16623,23.35007,-2.76967,0.70568,-0.03292,0.02466,0.70734,-0.42325,3.32017,-0.25184
11452000000,-0.12065,23.45085,-2.77357,0.70520,-0.03290,0.02475,0.70781,1.38138,3.05378,-0.11808
11485000000,-0.13256,23.56154,-2.78235,0.70513,-0.03289,0.02468,0.70788,-0.36099,3.35445,-0.26613
11551000000,-0.12831,23.74563,-2.77101,0.70506,-0.03323,0.02478,0.70793,0.06432,2.78924,0.17187
11617000000,-0.10569,23.99223,-2.78027,0.70493,-0.03329,0.02474,0.70806,0.34277,3.73638,-0.14032
11650000000,-0.11783,24.10566,-2.78946,0.70495,-0.03329,0.02470,0.70805,-0.36797,3.43727,-0.27852
11683000000,-0.13067,24.21944,-2.79879,0.70504,-0.03322,0.02473,0.70795,-0.38901,3.44785,-0.28263
11716000000,-0.12690,24.30106,-2.85938,0.70493,-0.03288,0.02447,0.70809,0.11416,2.47320,-1.83626
11782000000,-0.12686,24.46502,-2.90458,0.70515,-0.03295,0.02435,0.70787,0.00065,2.48432,-0.68484
11815000000,-0.13968,24.57298,-2.91278,0.70528,-0.03290,0.02434,0.70775,-0.38840,3.27139,-0.24844
11848000000,-0.15281,24.68155,-2.92111,0.70533,-0.03288,0.02440,0.70769,-0.39794,3.29018,-0.25245
11881000000,-0.16635,24.79064,-2.92963,0.70542,-0.03290,0.02439,0.70760,-0.41016,3.30561,-0.25797
11914000000,-0.19340,24.86895,-2.94217,0.70564,-0.03268,0.02438,0.70739,-0.81979,2.37297,-0.38003
11947000000,-0.20863,24.97597,-2.95067,0.70565,-0.03261,0.02443,0.70739,-0.46153,3.24319,-0.25767
11980000000,-0.22332,25.08379,-2.95898,0.70578,-0.03262,0.02443,0.70726,-0.44508,3.26729,-0.25197
12013000000,-0.19375,25.16468,-2.96316,0.70567,-0.03258,0.02447,0.70736,0.89582,2.45106,-0.12654
12046000000,-0.20577,25.27596,-2.97268,0.70573,-0.03261,0.02442,0.70731,-0.36405,3.37225,-0.28839
12079000000,-0.17785,25.44086,-2.96942,0.70554,-0.03288,0.02444,0.70749,0.84588,4.99696,0.09875
12145000000,-0.01764,25.71195,-2.92774,0.70474,-0.03343,0.02475,0.70825,2.42751,4.10739,0.63145
12211000000,0.23286,25.91494,-2.95952,0.70366,-0.03363,0.02453,0.70931,3.79537,3.07554,-0.48144
12277000000,0.41768,26.08181,-2.94280,0.70258,-0.03348,0.02482,0.71039,2.80033,2.52834,0.25328
12310000000,0.46498,26.20667,-2.95075,0.70237,-0.03345,0.02478,0.71059,1.43352,3.78389,-0.24090
12343000000,0.51213,26.33221,-2.95857,0.70218,-0.03340,0.02480,0.71078,1.42870,3.80406,-0.23689
12376000000,0.63194,26.40918,-2.99230,0.70153,-0.03364,0.02431,0.71143,3.63061,2.33240,-1.02206
12409000000,0.68396,26.52870,-2.99939,0.70123,-0.03348,0.02438,0.71173,1.57623,3.62177,-0.21497
12442000000,0.73477,26.64803,-3.00610,0.70106,-0.03347,0.02441,0.71190,1.53969,3.61616,-0.20321
12475000000,0.85380,26.65987,-3.00456,0.70027,-0.03352,0.02455,0.71267,3.60699,0.35870,0.04672
12541000000,0.96194,26.87928,-3.01812,0.69951,-0.03349,0.02452,0.71342,1.63853,3.32442,-0.20549
12574000000,1.08206,26.83904,-3.00777,0.69852,-0.03336,0.02487,0.71438,3.63992,-1.21949,0.31355
12607000000,1.14304,26.93787,-3.01403,0.69805,-0.03350,0.02476,0.71484,1.84800,2.99494,-0.18975
12640000000,1.19960,27.03390,-3.01924,0.69773,-0.03340,0.02490,0.71514,1.71383,2.91004,-0.15770
12673000000,1.25653,27.13180,-3.02460,0.69753,-0.03377,0.02475,0.71533,1.72511,2.96662,-0.16261
12706000000,1.42739,27.03034,-3.02870,0.69630,-0.03457,0.02434,0.71651,5.17773,-3.07436,-0.12432
12739000000,1.49081,27.11766,-3.03344,0.69590,-0.03442,0.02442,0.71689,1.92175,2.64607,-0.14364
12772000000,1.55285,27.20442,-3.03829,0.69548,-0.03440,0.02448,0.71730,1.88006,2.62896,-0.14684
12805000000,1.61386,27.29034,-3.04272,0.69510,-0.03433,0.02457,0.71767,1.84865,2.60365,-0.13431
12838000000,1.86421,27.16939,-2.98925,0.69345,-0.03500,0.02500,0.71922,7.58658,-3.66506,1.62035
12871000000,1.93324,27.24660,-2.99306,0.69300,-0.03497,0.02504,0.71965,2.09175,2.33974,-0.11546
12904000000,2.00162,27.32436,-2.99683,0.69262,-0.03503,0.02501,0.72002,2.07218,2.35621,-0.11432
12937000000,2.30600,27.25797,-3.05750,0.69070,-0.03479,0.02442,0.72189,9.22338,-2.01167,-1.83835
12970000000,2.37912,27.33080,-3.06096,0.69020,-0.03479,0.02446,0.72236,2.21596,2.20680,-0.10477
13003000000,2.45083,27.40333,-3.06430,0.68959,-0.03483,0.02455,0.72295,2.17295,2.19784,-0.10134
13036000000,2.71666,27.37012,-3.03703,0.68825,-0.03649,0.02420,0.72415,8.05554,-1.00616,0.82632
13069000000,2.79064,27.44182,-3.03995,0.68749,-0.03639,0.02409,0.72488,2.24187,2.17259,-0.08840
13102000000,2.86478,27.51506,-3.04293,0.68716,-0.03625,0.02424,0.72520,2.24640,2.21952,-0.09030
13135000000,2.86250,27.43541,-3.06945,0.68690,-0.03541,0.02460,0.72547,-0.06893,-2.41366,-0.80362
13168000000,2.91542,27.46877,-3.07253,0.68607,-0.03525,0.02470,0.72626,1.60361,1.01084,-0.09321
13201000000,2.94944,27.48192,-3.07278,0.68561,-0.03553,0.02477,0.72668,1.03103,0.39846,-0.00782
13234000000,3.14049,27.35469,-3.02436,0.68453,-0.03585,0.02495,0.72768,5.78940,-3.85539,1.46747
13267000000,3.20830,27.38608,-3.01840,0.68350,-0.03624,0.02489,0.72862,2.05468,0.95107,0.18043
13300000000,3.26689,27.39968,-3.02174,0.68285,-0.03590,0.02507,0.72924,1.77543,0.41222,-0.10128
13333000000,3.39590,27.42978,-3.04719,0.68247,-0.03548,0.02516,0.72962,3.90946,0.91218,-0.77107
13366000000,3.45821,27.45857,-3.04880,0.68158,-0.03551,0.02511,0.73045,1.88830,0.87229,-0.04866
13399000000,3.50372,27.46628,-3.05123,0.68106,-0.03553,0.02528,0.73093,1.37901,0.23374,-0.07381
13432000000,3.55158,27.47970,-3.05203,0.68063,-0.03560,0.02522,0.73132,1.45024,0.40661,-0.02415
13465000000,3.74961,27.75961,-3.09359,0.68004,-0.03465,0.02529,0.73192,6.00096,8.48227,-1.25934
13498000000,3.80482,27.77998,-3.09535,0.67933,-0.03469,0.02529,0.73258,1.67313,0.61700,-0.05329
13531000000,3.87478,27.82554,-3.09768,0.67889,-0.03471,0.02524,0.73298,2.11982,1.38080,-0.07075
13564000000,3.94642,27.87273,-3.09981,0.67852,-0.03492,0.02532,0.73331,2.17080,1.43005,-0.06451
13597000000,3.99384,28.09875,-3.11091,0.67819,-0.03479,0.02540,0.73362,1.43707,6.84900,-0.33634
13630000000,4.06408,28.16378,-3.11422,0.67773,-0.03477,0.02532,0.73405,2.12842,1.97064,-0.10049
13663000000,4.13366,28.22930,-3.11746,0.67718,-0.03483,0.02534,0.73456,2.10868,1.98538,-0.09797
13696000000,4.17505,28.35656,-3.11145,0.67672,-0.03506,0.02541,0.73496,1.25427,3.85649,0.18214
13729000000,4.24345,28.42827,-3.11512,0.67627,-0.03501,0.02546,0.73538,2.07258,2.17305,-0.11133
13762000000,4.31103,28.50049,-3.11885,0.67578,-0.03502,0.02547,0.73583,2.04804,2.18831,-0.11307
13795000000,4.42044,28.64264,-3.12148,0.67503,-0.03501,0.02557,0.73651,3.31530,4.30754,-0.07961
13828000000,4.48570,28.71904,-3.12569,0.67454,-0.03504,0.02551,0.73696,1.97766,2.31535,-0.12773
13861000000,4.55036,28.79613,-3.12990,0.67420,-0.03520,0.02554,0.73727,1.95921,2.33598,-0.12743
13894000000,4.61450,28.87400,-3.13433,0.67383,-0.03525,0.02548,0.73761,1.94373,2.35956,-0.13419
13927000000,4.62773,28.85276,-3.14364,0.67363,-0.03563,0.02515,0.73778,0.40108,-0.64341,-0.28227
13960000000,4.69258,28.92607,-3.14762,0.67299,-0.03563,0.02525,0.73836,1.96515,2.22131,-0.12049
13993000000,4.75722,29.00084,-3.15151,0.67262,-0.03570,0.02525,0.73870,1.95876,2.26581,-0.11778
14026000000,4.91275,29.06540,-3.15841,0.67144,-0.03537,0.02553,0.73978,4.71287,1.95636,-0.20924
14059000000,4.94761,29.10909,-3.16092,0.67074,-0.03525,0.02562,0.74041,1.05635,1.32399,-0.07594
14092000000,5.00035,29.17448,-3.16464,0.67057,-0.03536,0.02555,0.74056,1.59820,1.98139,-0.11280
14125000000,5.06159,29.19231,-3.15247,0.67011,-0.03592,0.02549,0.74096,1.85569,0.54053,0.36890
14158000000,5.12381,29.26857,-3.15689,0.66963,-0.03591,0.02540,0.74139,1.88565,2.31090,-0.13397
14191000000,5.18552,29.34566,-3.16133,0.66909,-0.03590,0.02554,0.74187,1.86998,2.33587,-0.13457
14224000000,5.24680,29.42352,-3.16592,0.66862,-0.03592,0.02548,0.74230,1.85678,2.35933,-0.13920
14257000000,5.30616,29.50190,-3.17069,0.66816,-0.03602,0.02558,0.74271,1.79893,2.37517,-0.14442
14290000000,5.29715,29.45031,-3.16747,0.66770,-0.03597,0.02545,0.74313,-0.27300,-1.56310,0.09752
14323000000,5.32556,29.49198,-3.17053,0.66728,-0.03590,0.02554,0.74351,0.86084,1.26255,-0.09269
14356000000,5.34074,29.52430,-3.17155,0.66706,-0.03607,0.02558,0.74369,0.45999,0.97951,-0.03109
14389000000,5.36781,29.56846,-3.17394,0.66659,-0.03601,0.02567,0.74411,0.82036,1.33815,-0.07246
14422000000,5.39864,29.92343,-3.16818,0.66703,-0.03684,0.02546,0.74368,0.93420,10.75675,0.17462
14455000000,5.41623,29.97248,-3.17284,0.66662,-0.03667,0.02554,0.74405,0.53302,1.48611,-0.14108
14488000000,5.43114,30.01537,-3.17641,0.66635,-0.03666,0.02553,0.74430,0.45175,1.29994,-0.10816
14554000000,5.49221,30.35283,-3.14453,0.66631,-0.03762,0.02558,0.74428,0.92530,5.11302,0.48296
14587000000,5.50827,30.40397,-3.14765,0.66591,-0.03765,0.02576,0.74463,0.48684,1.54969,-0.09442
14620000000,5.51668,30.45169,-3.15009,0.66577,-0.03772,0.02586,0.74475,0.25469,1.44589,-0.07391
14653000000,5.65565,30.56082,-3.16205,0.66483,-0.03797,0.02554,0.74559,4.21143,3.30705,-0.36237
14686000000,5.70314,30.65313,-3.16622,0.66438,-0.03807,0.02546,0.74599,1.43911,2.79739,-0.12643
14719000000,5.74996,30.74587,-3.17058,0.66399,-0.03799,0.02562,0.74634,1.41869,2.81022,-0.13214
14752000000,5.75394,30.84598,-3.10613,0.66387,-0.03934,0.02571,0.74637,0.12058,3.03367,1.95302
14785000000,5.79858,30.93812,-3.10832,0.66347,-0.03948,0.02556,0.74672,1.35283,2.79195,-0.06645
14818000000,5.84250,31.03071,-3.11062,0.66310,-0.03955,0.02551,0.74705,1.33075,2.80588,-0.06978
14851000000,5.96327,30.98789,-3.15683,0.66195,-0.03868,0.02578,0.74811,3.65962,-1.29769,-1.40033
14884000000,6.00774,31.08048,-3.16001,0.66155,-0.03891,0.02552,0.74846,1.34761,2.80577,-0.09629
14917000000,6.05141,31.17325,-3.16376,0.66124,-0.03895,0.02563,0.74872,1.32328,2.81126,-0.11366
14950000000,6.09503,31.26728,-3.16739,0.66080,-0.03905,0.02569,0.74910,1.32188,2.84952,-0.10977
14983000000,6.08586,31.40919,-3.15410,0.66088,-0.03943,0.02570,0.74902,-0.27785,4.30020,0.40252
15016000000,6.07893,31.43735,-3.15899,0.66066,-0.03916,0.02588,0.74922,-0.20984,0.85334,-0.14820
15049000000,6.10602,31.51382,-3.16326,0.66048,-0.03936,0.02587,0.74936,0.82084,2.31720,-0.12930
15082000000,6.13249,31.59059,-3.16753,0.66009,-0.03934,0.02591,0.74970,0.80208,2.32645,-0.12940
15115000000,6.04048,31.83978,-3.16187,0.66106,-0.03953,0.02598,0.74884,-2.78830,7.55125,0.17161
15148000000,6.06486,31.92003,-3.16578,0.66058,-0.03956,0.02593,0.74926,0.73882,2.43181,-0.11850
15181000000,6.09610,32.01041,-3.16981,0.66034,-0.03979,0.02593,0.74947,0.94677,2.73889,-0.12223
15214000000,6.01474,32.00601,-3.20337,0.66059,-0.03924,0.02597,0.74927,-2.46536,-0.13351,-1.01683
15247000000,6.03938,32.09081,-3.20726,0.66026,-0.03938,0.02592,0.74955,0.74644,2.56960,-0.11794
15379000000,5.92957,32.35033,-3.17201,0.66012,-0.04022,0.02625,0.74962,-0.83184,1.96610,0.26706
15412000000,5.88849,32.36161,-3.17359,0.66012,-0.04015,0.02644,0.74962,-1.24498,0.34182,-0.04804
15445000000,5.71262,32.66261,-3.20624,0.66145,-0.03980,0.02634,0.74847,-5.32932,9.12129,-0.98945
15511000000,5.73908,32.84687,-3.21450,0.66110,-0.03968,0.02645,0.74878,0.40091,2.79184,-0.12505
15544000000,5.75207,32.94025,-3.21882,0.66094,-0.03967,0.02655,0.74892,0.39351,2.82958,-0.13108
15577000000,5.40696,33.08758,-3.23157,0.66290,-0.03986,0.02641,0.74718,-10.45769,4.46458,-0.38628
15610000000,5.34101,33.10942,-3.23704,0.66305,-0.03973,0.02662,0.74705,-1.99847,0.66179,-0.16568
15643000000,5.26971,33.12410,-3.24305,0.66333,-0.03939,0.02678,0.74681,-2.16072,0.44493,-0.18226
15676000000,5.19517,33.14771,-3.25486,0.66352,-0.03863,0.02706,0.74667,-2.25866,0.71520,-0.35790
15709000000,5.45005,33.61815,-3.25306,0.66235,-0.03989,0.02686,0.74765,7.72349,14.25587,0.05470
15742000000,5.45391,33.71698,-3.25778,0.66230,-0.03972,0.02695,0.74770,0.11684,2.99477,-0.14296
15775000000,5.45771,33.81649,-3.26283,0.66219,-0.03972,0.02691,0.74780,0.11532,3.01558,-0.15311
15808000000,5.46124,33.91685,-3.26788,0.66206,-0.03979,0.02691,0.74791,0.10709,3.04112,-0.15298
15841000000,5.23022,34.01320,-3.29962,0.66322,-0.03915,0.02694,0.74692,-7.00061,2.91963,-0.96202
15907000000,5.23138,34.21691,-3.31160,0.66305,-0.03926,0.02696,0.74706,0.01748,3.08655,-0.18147
15940000000,5.05425,34.34654,-3.32599,0.66401,-0.03912,0.02704,0.74621,-5.36742,3.92833,-0.43598
16006000000,5.05122,34.55628,-3.33826,0.66392,-0.03896,0.02717,0.74629,-0.04601,3.17782,-0.18597
16039000000,4.94583,34.76643,-3.28541,0.66449,-0.03944,0.02776,0.74574,-3.19341,6.36823,1.60144
16072000000,4.92367,34.83932,-3.29181,0.66435,-0.03943,0.02785,0.74586,-0.67166,2.20894,-0.19386
16105000000,4.90742,34.90226,-3.29815,0.66435,-0.03950,0.02784,0.74586,-0.49254,1.90700,-0.19223
16171000000,4.86571,35.45847,-3.32665,0.66495,-0.03887,0.02811,0.74535,-0.63184,8.42748,-0.43175
16204000000,4.84574,35.52645,-3.33175,0.66480,-0.03906,0.02803,0.74547,-0.60528,2.05994,-0.15442
16237000000,4.84086,35.57918,-3.33506,0.66462,-0.03930,0.02804,0.74562,-0.14783,1.59790,-0.10055
16270000000,4.83652,35.63054,-3.33958,0.66441,-0.03917,0.02820,0.74580,-0.13162,1.55651,-0.13686
16303000000,4.39437,36.03630,-3.40219,0.66794,-0.03802,0.02815,0.74271,-13.39830,12.29581,-1.89714
16336000000,4.36736,36.11001,-3.40858,0.66798,-0.03801,0.02824,0.74267,-0.81858,2.23356,-0.19379
16369000000,4.35944,36.16584,-3.41382,0.66783,-0.03794,0.02827,0.74281,-0.24015,1.69164,-0.15862
16402000000,3.72306,36.84899,-3.62671,0.67284,-0.03556,0.02738,0.73842,-19.28403,20.70155,-6.45143
16435000000,3.68655,36.93508,-3.63401,0.67290,-0.03546,0.02749,0.73837,-1.10637,2.60879,-0.22119
16468000000,3.65045,37.01986,-3.64135,0.67303,-0.03558,0.02746,0.73825,-1.09389,2.56926,-0.22229
16501000000,3.23058,37.19694,-3.75144,0.67613,-0.03376,0.02717,0.73551,-12.72337,5.36589,-3.33627
16534000000,3.19156,37.28663,-3.75809,0.67627,-0.03372,0.02724,0.73537,-1.18249,2.71803,-0.20139
16567000000,3.15509,37.37949,-3.76578,0.67639,-0.03373,0.02719,0.73527,-1.10519,2.81374,-0.23309
16600000000,3.11522,37.45524,-3.76887,0.67651,-0.03365,0.02729,0.73516,-1.20814,2.29552,-0.09361
16633000000,2.86938,37.65282,-3.82655,0.67858,-0.03293,0.02708,0.73329,-7.44982,5.98746,-1.74772
16666000000,2.82849,37.73829,-3.83444,0.67884,-0.03269,0.02715,0.73306,-1.23885,2.58983,-0.23923
16699000000,2.79745,37.81447,-3.83911,0.67888,-0.03274,0.02722,0.73302,-0.94087,2.30859,-0.14157
16732000000,2.77197,37.88502,-3.84320,0.67900,-0.03294,0.02720,0.73290,-0.77214,2.13785,-0.12380
16765000000,2.62932,38.10589,-3.85104,0.68019,-0.03282,0.02723,0.73179,-4.32267,6.69294,-0.23773
16798000000,2.59004,38.19612,-3.85855,0.68042,-0.03263,0.02726,0.73158,-1.19013,2.73421,-0.22747
16831000000,2.55211,38.28535,-3.86439,0.68055,-0.03256,0.02731,0.73147,-1.14937,2.70416,-0.17714
16897000000,2.51145,38.54216,-3.92236,0.68087,-0.03223,0.02708,0.73120,-0.61610,3.89099,-0.87828
16930000000,2.47204,38.63825,-3.93111,0.68098,-0.03227,0.02703,0.73109,-1.19428,2.91189,-0.26512
16963000000,2.43843,38.74246,-3.94028,0.68101,-0.03209,0.02714,0.73107,-1.01847,3.15776,-0.27787
16996000000,2.58817,38.85123,-3.96828,0.68003,-0.03251,0.02677,0.73197,4.53770,3.29613,-0.84839
17029000000,2.55960,38.96071,-3.97913,0.68022,-0.03235,0.02683,0.73180,-0.86589,3.31763,-0.32874
17062000000,2.53242,39.07201,-3.99008,0.68037,-0.03250,0.02678,0.73166,-0.82371,3.37265,-0.33187
17095000000,2.50528,39.18422,-4.00091,0.68052,-0.03253,0.02671,0.73152,-0.82246,3.40028,-0.32822
17128000000,2.46970,39.19220,-3.96435,0.68043,-0.03249,0.02724,0.73158,-1.07803,0.24194,1.10784
17161000000,2.42739,39.28834,-3.97656,0.68062,-0.03270,0.02715,0.73141,-1.28203,2.91316,-0.37013
17194000000,2.39187,39.39368,-3.98897,0.68084,-0.03262,0.02717,0.73120,-1.07639,3.19221,-0.37606
17227000000,2.34916,39.62395,-4.02470,0.68137,-0.03264,0.02688,0.73071,-1.29422,6.97801,-1.08265
17260000000,2.30960,39.72534,-4.03481,0.68150,-0.03266,0.02678,0.73059,-1.19892,3.07222,-0.30629
17293000000,2.26861,39.82526,-4.04590,0.68180,-0.03257,0.02683,0.73032,-1.24225,3.02783,-0.33623
17326000000,2.23287,39.93238,-4.05644,0.68205,-0.03239,0.02692,0.73009,-1.08301,3.24619,-0.31928
17359000000,2.31310,40.02429,-4.07811,0.68150,-0.03185,0.02686,0.73063,2.43118,2.78508,-0.65678
17392000000,2.27118,40.11554,-4.08826,0.68172,-0.03170,0.02690,0.73043,-1.27021,2.76531,-0.30742
17458000000,2.20806,40.33102,-4.10938,0.68213,-0.03180,0.02682,0.73005,-0.95633,3.26474,-0.32001
17491000000,2.30775,40.56038,-4.15044,0.68168,-0.03214,0.02637,0.73047,3.02094,6.95038,-1.24413
17524000000,2.26817,40.65321,-4.16086,0.68188,-0.03191,0.02638,0.73029,-1.19953,2.81305,-0.31593
17557000000,2.24096,40.76476,-4.17301,0.68207,-0.03163,0.02649,0.73012,-0.82447,3.38040,-0.36823
17590000000,2.21393,40.87708,-4.18528,0.68219,-0.03179,0.02644,0.73000,-0.81918,3.40340,-0.37186
17623000000,2.39056,41.02299,-4.21659,0.68098,-0.03135,0.02619,0.73116,5.35267,4.42181,-0.94857
17656000000,2.37246,41.14209,-4.22811,0.68119,-0.03128,0.02623,0.73096,-0.54848,3.60893,-0.34925
17689000000,2.35442,41.26159,-4.24035,0.68133,-0.03122,0.02617,0.73084,-0.54672,3.62107,-0.37089
17722000000,2.33693,41.38249,-4.25216,0.68138,-0.03137,0.02613,0.73079,-0.53016,3.66373,-0.35779
17755000000,2.61485,41.42253,-4.22613,0.67907,-0.03176,0.02626,0.73291,8.42187,1.21330,0.78883
17788000000,2.52944,41.47869,-4.23435,0.67936,-0.03143,0.02644,0.73265,-2.58817,1.70205,-0.24915
17854000000,1.55976,25.42823,33.43797,0.60401,0.28289,-0.35340,0.65594,-14.69213,-243.18883,570.79266
17887000000,1.54711,25.49814,33.53213,0.60404,0.28289,-0.35341,0.65591,-0.38340,2.11843,2.85328
17920000000,1.53408,25.56818,33.62641,0.60407,0.28304,-0.35333,0.65585,-0.39479,2.12247,2.85709
17953000000,1.52076,25.63869,33.72057,0.60404,0.28315,-0.35334,0.65583,-0.40347,2.13664,2.85328
17986000000,1.50655,25.70894,33.81429,0.60410,0.28313,-0.35332,0.65579,-0.43062,2.12883,2.84010
18019000000,1.49242,25.77921,33.90836,0.60409,0.28321,-0.35331,0.65578,-0.42822,2.12929,2.85050
18052000000,1.47872,25.85011,34.00221,0.60426,0.28305,-0.35338,0.65565,-0.41537,2.14843,2.84403
18085000000,1.46390,25.92027,34.09590,0.60437,0.28295,-0.35338,0.65559,-0.44890,2.12606,2.83906
18118000000,1.44887,25.99011,34.18927,0.60436,0.28309,-0.35334,0.65556,-0.45550,2.11635,2.82935
18151000000,1.43304,26.05985,34.28099,0.60428,0.28330,-0.35332,0.65555,-0.47986,2.11346,2.77941
18184000000,1.41654,26.12938,34.37270,0.60429,0.28337,-0.35334,0.65550,-0.49991,2.10698,2.77906
18217000000,1.39997,26.19880,34.46387,0.60451,0.28332,-0.35330,0.65534,-0.50220,2.10369,2.76277
18250000000,1.38218,26.26834,34.55453,0.60459,0.28326,-0.35330,0.65530,-0.53882,2.10710,2.74739
18283000000,1.36447,26.33396,34.64632,0.60448,0.28355,-0.35321,0.65532,-0.53694,1.98867,2.78149
18316000000,1.27982,26.37597,34.70529,0.60466,0.28395,-0.35290,0.65515,-2.56496,1.27290,1.78690
18349000000,1.25075,26.44562,34.78920,0.60470,0.28405,-0.35283,0.65511,-0.88086,2.11051,2.54255
18382000000,1.22506,26.51290,34.87841,0.60492,0.28401,-0.35286,0.65491,-0.77860,2.03884,2.70346
18415000000,1.19946,26.58126,34.96836,0.60494,0.28421,-0.35275,0.65486,-0.77578,2.07150,2.72577
18448000000,1.17368,26.64955,35.05851,0.60505,0.28423,-0.35276,0.65475,-0.78112,2.06947,2.73167
18481000000,1.14735,26.71789,35.14806,0.60520,0.28448,-0.35269,0.65453,-0.79786,2.07080,2.71387
18514000000,1.12068,26.78654,35.23827,0.60517,0.28477,-0.35260,0.65449,-0.80826,2.08051,2.73352
18547000000,1.09403,26.85555,35.32896,0.60538,0.28487,-0.35255,0.65427,-0.80752,2.09097,2.74832
18580000000,1.06719,26.92438,35.41885,0.60522,0.28511,-0.35260,0.65429,-0.81341,2.08577,2.72381
18613000000,1.03948,26.99227,35.50795,0.60524,0.28522,-0.35267,0.65419,-0.83978,2.05751,2.69988
18646000000,1.01199,27.06047,35.59771,0.60527,0.28530,-0.35252,0.65420,-0.83287,2.06647,2.71999
18679000000,0.98410,27.12726,35.68697,0.60545,0.28521,-0.35246,0.65411,-0.84522,2.02416,2.70485
18712000000,0.95276,27.19344,35.76612,0.60571,0.28497,-0.35254,0.65393,-0.94954,2.00543,2.39875
18745000000,0.92566,27.25955,35.85337,0.60591,0.28495,-0.35244,0.65380,-0.82127,2.00329,2.64393
18778000000,0.89361,27.32914,35.93741,0.60609,0.28509,-0.35236,0.65362,-0.97138,2.10872,2.54660
18844000000,0.83166,27.46584,36.10929,0.60643,0.28513,-0.35230,0.65333,-0.93860,2.07124,2.60417
18877000000,0.74452,27.49719,36.14381,0.60649,0.28541,-0.35214,0.65323,-2.64049,0.94992,1.04615
18910000000,0.65911,27.52836,36.18079,0.60667,0.28521,-0.35218,0.65313,-2.58812,0.94460,1.12071
18943000000,0.56872,27.55704,36.21159,0.60683,0.28511,-0.35217,0.65303,-2.73930,0.86923,0.93333
18976000000,0.48447,27.58990,36.24839,0.60656,0.28542,-0.35207,0.65319,-2.55292,0.99564,1.11516
19009000000,0.39990,27.61873,36.28102,0.60618,0.28558,-0.35188,0.65358,-2.56279,0.87351,0.98870
19042000000,0.31658,27.64905,36.31248,0.60604,0.28510,-0.35249,0.65359,-2.52472,0.91882,0.95333
19075000000,0.23230,27.67696,36.33829,0.60576,0.28494,-0.35314,0.65358,-2.55401,0.84588,0.78213
19108000000,0.14493,27.70081,36.36471,0.60575,0.28509,-0.35287,0.65367,-2.64773,0.72260,0.80051
19141000000,0.06340,27.73040,36.39801,0.60534,0.28485,-0.35310,0.65402,-2.47046,0.89674,1.00928
19207000000,-0.09759,27.78677,36.46289,0.60507,0.28458,-0.35298,0.65445,-2.43928,0.85415,0.98298
19240000000,-0.17473,27.81484,36.49270,0.60438,0.28423,-0.35341,0.65501,-2.33766,0.85050,0.90327
19273000000,-0.25903,27.83566,36.51564,0.60424,0.28420,-0.35366,0.65501,-2.55433,0.63075,0.69508
19306000000,-0.33911,27.86254,36.54317,0.60427,0.28408,-0.35399,0.65486,-2.42659,0.81467,0.83438
19339000000,-0.41839,27.88891,36.56949,0.60394,0.28378,-0.35436,0.65510,-2.40270,0.79901,0.79750
19372000000,0.00962,28.73929,38.28793,0.62321,0.27045,-0.33117,0.65483,12.97007,25.76915,52.07409
19405000000,-0.07689,28.76376,38.31085,0.62331,0.27074,-0.33089,0.65475,-2.62133,0.74144,0.69439
19438000000,-0.15656,28.80074,38.34102,0.62343,0.27083,-0.33118,0.65446,-2.41438,1.12083,0.91426
19471000000,-0.23649,28.82730,38.36774,0.62336,0.27074,-0.33116,0.65457,-2.42213,0.80473,0.80964
19504000000,0.50632,28.26964,37.89611,0.61857,0.26906,-0.33156,0.65958,22.50933,-16.89876,-14.29171
19537000000,0.47332,28.32210,37.95548,0.61676,0.26907,-0.33225,0.66092,-0.99977,1.58963,1.79915
19570000000,0.44140,28.37371,38.01303,0.61533,0.26863,-0.33314,0.66198,-0.96739,1.56408,1.74401
19603000000,0.40874,28.42499,38.07008,0.61412,0.26824,-0.33408,0.66279,-0.98967,1.55374,1.72864
19636000000,0.34164,28.45748,38.17711,0.62118,0.26826,-0.33161,0.65743,-2.03338,0.98465,3.24330
19669000000,0.30624,28.51105,38.23992,0.62051,0.26784,-0.33193,0.65807,-1.07274,1.62327,1.90342
19702000000,0.27171,28.56217,38.29830,0.61946,0.26745,-0.33250,0.65892,-1.04620,1.54911,1.76909
19735000000,0.19687,28.58671,38.43102,0.62290,0.26856,-0.33049,0.65623,-2.26814,0.74358,4.02185
19768000000,0.16127,28.63624,38.48865,0.62220,0.26786,-0.33094,0.65696,-1.07864,1.50108,1.74632
19801000000,0.12516,28.68534,38.54652,0.62188,0.26784,-0.33117,0.65716,-1.09423,1.48796,1.75349
19834000000,-0.08452,28.78778,38.71709,0.62553,0.26952,-0.32902,0.65407,-6.35394,3.10395,5.16891
19867000000,-0.12372,28.83777,38.77549,0.62547,0.26915,-0.32940,0.65410,-1.18792,1.51507,1.76979
19900000000,-0.16364,28.88813,38.83370,0.62553,0.26880,-0.32981,0.65398,-1.20983,1.52594,1.76378
19933000000,-0.29378,28.98907,38.90622,0.62746,0.26976,-0.32913,0.65207,-3.94348,3.05892,2.19773
19966000000,-0.33578,29.03728,38.96370,0.62714,0.26967,-0.32952,0.65222,-1.27270,1.46080,1.74181
19999000000,-0.57492,29.09515,39.07098,0.63045,0.27081,-0.32786,0.64939,-7.24667,1.75366,3.25082
20032000000,-0.62109,29.14158,39.12590,0.63048,0.27077,-0.32824,0.64918,-1.39909,1.40687,1.66413
20065000000,-0.81151,29.22622,39.23018,0.63148,0.27207,-0.32723,0.64818,-5.77037,2.56509,3.16019
20098000000,-0.85959,29.27147,39.28421,0.63177,0.27207,-0.32708,0.64797,-1.45690,1.37121,1.63708
20131000000,-1.01868,29.33936,39.35570,0.63463,0.27328,-0.32634,0.64503,-4.82104,2.05716,2.16640
20164000000,-1.07023,29.38371,39.40836,0.63492,0.27308,-0.32629,0.64486,-1.56203,1.34376,1.59570
20692000000,-2.11946,29.94121,40.12303,0.63451,0.27320,-0.32563,0.64554,-1.98717,1.05588,1.35355
20725000000,-1.68594,29.68120,39.62880,0.62681,0.27766,-0.32863,0.64963,13.13678,-7.87891,-14.97673
20758000000,-2.10772,29.43384,39.28524,0.62752,0.27993,-0.32724,0.64867,-12.78123,-7.49576,-10.41077
20791000000,-2.17987,29.46275,39.32237,0.62658,0.27917,-0.32736,0.64984,-2.18628,0.87588,1.12510
20824000000,-2.24957,29.48680,39.35388,0.62574,0.27841,-0.32770,0.65080,-2.11223,0.72901,0.95471
20857000000,-2.39395,29.67294,39.42179,0.63031,0.27558,-0.33068,0.64608,-4.37501,5.64043,2.05809
20890000000,-2.46163,29.70211,39.45582,0.62917,0.27492,-0.33094,0.64734,-2.05105,0.88408,1.03112
20923000000,-2.61951,29.53281,39.12243,0.62963,0.27621,-0.32927,0.64719,-4.78403,-5.13042,-10.10271
20956000000,-2.69209,29.56068,39.15467,0.62921,0.27575,-0.32931,0.64777,-2.19953,0.84449,0.97679
20989000000,-2.85219,29.39695,38.80264,0.63430,0.27733,-0.32929,0.64212,-4.85138,-4.96136,-10.66763
21022000000,-2.93003,29.42320,38.82932,0.63414,0.27715,-0.32919,0.64240,-2.35898,0.79548,0.80848
21088000000,-3.01451,29.25983,38.60645,0.63434,0.27671,-0.32896,0.64251,-1.27999,-2.47536,-3.37682
21121000000,-3.09600,29.28547,38.63124,0.63436,0.27661,-0.32889,0.64257,-2.46922,0.77693,0.75126
21154000000,-3.16295,29.23908,38.57616,0.63611,0.27736,-0.32777,0.64110,-2.02877,-1.40577,-1.66887
21187000000,-3.24602,29.26578,38.60197,0.63631,0.27744,-0.32758,0.64096,-2.51748,0.80900,0.78213
21220000000,-3.32925,29.29347,38.62880,0.63656,0.27751,-0.32745,0.64074,-2.52214,0.83935,0.81299
21253000000,-3.41297,29.32085,38.65524,0.63667,0.27780,-0.32722,0.64063,-2.53693,0.82958,0.80097
21286000000,-3.50202,29.35533,38.62233,0.63918,0.27898,-0.32502,0.63873,-2.69824,1.04488,-0.99702
21319000000,-3.58500,29.38383,38.65098,0.63940,0.27897,-0.32487,0.63860,-2.51458,0.86368,0.86802
21352000000,-3.66822,29.41360,38.68081,0.63946,0.27895,-0.32496,0.63849,-2.52207,0.90212,0.90408
21385000000,-3.75130,29.44408,38.71116,0.63958,0.27888,-0.32484,0.63847,-2.51755,0.92350,0.91969
21418000000,-3.76425,29.39388,38.67759,0.63939,0.27874,-0.32427,0.63901,-0.39222,-1.52108,-1.01748
21451000000,-3.84799,29.42482,38.70849,0.63966,0.27867,-0.32425,0.63878,-2.53758,0.93761,0.93645
21484000000,-3.93206,29.45605,38.73979,0.64005,0.27872,-0.32414,0.63842,-2.54779,0.94633,0.94859
21517000000,-3.96567,29.37126,38.63322,0.63998,0.27920,-0.32339,0.63867,-1.01821,-2.56943,-3.22931
21550000000,-4.05027,29.40349,38.66600,0.64014,0.27955,-0.32310,0.63849,-2.56381,0.97662,0.99332
21583000000,-4.13494,29.43610,38.69926,0.64044,0.27967,-0.32289,0.63825,-2.56582,0.98824,1.00789
21616000000,-4.22116,29.47017,38.73381,0.64085,0.27995,-0.32271,0.63780,-2.61249,1.03245,1.04673
21649000000,-4.30854,29.50437,38.76850,0.64108,0.28014,-0.32250,0.63760,-2.64792,1.03638,1.05135
21682000000,-4.34454,29.51775,38.75180,0.64390,0.28076,-0.32174,0.63486,-1.09102,0.40534,-0.50597
21715000000,-4.42978,29.55400,38.78886,0.64437,0.28092,-0.32148,0.63444,-2.58290,1.09863,1.12302
21748000000,-4.51601,29.59140,38.82732,0.64468,0.28123,-0.32128,0.63409,-2.61313,1.13331,1.16522
21781000000,-4.48149,29.54162,38.72882,0.64736,0.28128,-0.32073,0.63162,1.04609,-1.50860,-2.98460
21814000000,-4.56661,29.58093,38.76849,0.64776,0.28165,-0.32038,0.63121,-2.57934,1.19128,1.20186
21847000000,-4.65250,29.62099,38.80901,0.64813,0.28198,-0.32025,0.63076,-2.60281,1.21400,1.22810
21880000000,-4.73867,29.66103,38.84981,0.64840,0.28230,-0.31995,0.63049,-2.61119,1.21330,1.23619
21913000000,-4.83626,29.61237,38.81073,0.65052,0.28201,-0.31959,0.62861,-2.95736,-1.47455,-1.18429
21946000000,-4.91999,29.65283,38.85257,0.65099,0.28213,-0.31942,0.62816,-2.53719,1.22602,1.26787
21979000000,-5.00452,29.69380,38.89488,0.65137,0.28245,-0.31915,0.62776,-2.56155,1.24145,1.28220
22012000000,-5.11241,29.71140,38.92077,0.65145,0.28213,-0.31918,0.62780,-3.26948,0.53319,0.78456
22045000000,-5.19540,29.75293,38.96391,0.65177,0.28228,-0.31898,0.62751,-2.51468,1.25862,1.30729
22078000000,-5.27853,29.79434,39.00758,0.65228,0.28240,-0.31866,0.62709,-2.51925,1.25498,1.32335
22111000000,-5.37165,29.94518,39.13456,0.65280,0.28194,-0.31923,0.62646,-2.82165,4.57087,3.84787
22144000000,-5.45530,29.98691,39.17707,0.65328,0.28217,-0.31897,0.62600,-2.53490,1.26451,1.28810
22177000000,-5.53841,30.02828,39.21979,0.65354,0.28244,-0.31868,0.62574,-2.51852,1.25359,1.29469
22210000000,-5.62152,30.07014,39.26242,0.65379,0.28278,-0.31848,0.62543,-2.51857,1.26844,1.29168
22243000000,-5.89347,29.88391,39.11407,0.65402,0.28106,-0.31835,0.62604,-8.24073,-5.64327,-4.49522
22276000000,-5.97607,29.92570,39.15780,0.65456,0.28106,-0.31804,0.62562,-2.50305,1.26648,1.32497
22309000000,-6.05825,29.96821,39.20053,0.65477,0.28124,-0.31790,0.62540,-2.49054,1.28810,1.29492
22342000000,-6.38109,29.95339,38.98046,0.65531,0.27986,-0.31936,0.62471,-9.78286,-0.44904,-6.66890
22375000000,-6.46274,29.99579,39.02278,0.65551,0.27995,-0.31925,0.62451,-2.47439,1.28474,1.28243
22408000000,-6.54519,30.03862,39.06526,0.65572,0.28016,-0.31912,0.62426,-2.49841,1.29798,1.28740
22441000000,-6.62713,30.08107,39.10691,0.65590,0.28026,-0.31906,0.62406,-2.48305,1.28613,1.26220
22474000000,-6.60718,30.21875,39.26558,0.65537,0.28090,-0.31947,0.62412,0.60451,4.17224,4.80802
22507000000,-6.68804,30.26121,39.30802,0.65565,0.28099,-0.31939,0.62383,-2.45022,1.28671,1.28602
22573000000,-6.84785,30.34549,39.39248,0.65592,0.28085,-0.31941,0.62359,-2.42136,1.27688,1.27972
22606000000,-6.92807,30.38780,39.43447,0.65574,0.28089,-0.31948,0.62373,-2.43079,1.28232,1.27237
22639000000,-6.93714,30.27655,39.39512,0.65564,0.28084,-0.31882,0.62420,-0.27489,-3.37115,-1.19238
22672000000,-7.01635,30.31955,39.43766,0.65568,0.28070,-0.31894,0.62416,-2.40024,1.30289,1.28902
22771000000,-7.26409,30.34011,39.41995,0.65499,0.28144,-0.31821,0.62491,-2.50243,0.20765,-0.17887
23002000000,-7.87844,30.62348,39.68213,0.65737,0.28215,-0.31629,0.62307,-2.65955,1.22674,1.13500
23266000000,-8.50847,30.94371,39.96885,0.65958,0.28352,-0.31512,0.62070,-2.38646,1.21299,1.08606
23332000000,-8.72577,31.03814,40.04748,0.66130,0.28332,-0.31488,0.61908,-3.29247,1.43074,1.19134
23365000000,-8.80362,31.07899,40.08782,0.66142,0.28341,-0.31472,0.61899,-2.35904,1.23764,1.22244
23398000000,-8.88124,31.11959,40.12791,0.66159,0.28370,-0.31435,0.61887,-2.35205,1.23047,1.21481
23431000000,-8.94833,31.14556,40.12280,0.66213,0.28260,-0.31512,0.61841,-2.03303,0.78698,-0.15490
23464000000,-9.02569,31.18537,40.16177,0.66227,0.28282,-0.31496,0.61824,-2.34436,1.20631,1.18082
23530000000,-9.19035,31.23813,40.20352,0.66278,0.28231,-0.31458,0.61812,-2.49481,0.79938,0.63260
23563000000,-9.26761,31.27727,40.24165,0.66290,0.28252,-0.31432,0.61802,-2.34124,1.18614,1.15562
23629000000,-9.40804,31.34453,40.29298,0.66339,0.28253,-0.31396,0.61768,-2.12772,1.01907,0.77774
23662000000,-9.48215,31.38351,40.33144,0.66419,0.28283,-0.31359,0.61686,-2.24593,1.18111,1.16533
23695000000,-9.55575,31.42257,40.36987,0.66424,0.28242,-0.31359,0.61699,-2.23015,1.18377,1.16441
23728000000,-9.62883,31.46166,40.40820,0.66421,0.28226,-0.31369,0.61705,-2.21458,1.18464,1.16163
23794000000,-9.70886,31.55052,40.51299,0.66399,0.28204,-0.31395,0.61726,-1.21263,1.34624,1.58767
23827000000,-9.74659,31.59855,40.56602,0.66445,0.28250,-0.31353,0.61677,-1.14322,1.45554,1.60714
23860000000,-9.77490,31.64960,40.62514,0.66449,0.28265,-0.31331,0.61676,-0.85805,1.54692,1.79164
23893000000,-9.81031,31.70409,40.68609,0.66443,0.28275,-0.31335,0.61676,-1.07294,1.65130,1.84678
23926000000,-9.84127,31.76027,40.75243,0.66450,0.28275,-0.31320,0.61676,-0.93816,1.70228,2.01023
23959000000,-10.04698,31.77481,40.76024,0.66458,0.28297,-0.31290,0.61673,-6.23359,0.44089,0.23674
23992000000,-10.08317,31.82168,40.81481,0.66508,0.28311,-0.31253,0.61631,-1.09667,1.42011,1.65361
24025000000,-10.11509,31.87203,40.87340,0.66511,0.28327,-0.31228,0.61633,-0.96740,1.52571,1.77545
24058000000,-10.15950,31.92003,40.92742,0.66518,0.28350,-0.31209,0.61625,-1.34561,1.45467,1.63708
24223000000,-10.58527,32.08147,41.07050,0.66472,0.28249,-0.31272,0.61689,-2.58042,0.97845,0.86714
24256000000,-10.60960,32.12553,41.12675,0.66505,0.28237,-0.31269,0.61660,-0.73728,1.33491,1.70471
24289000000,-10.62945,32.17173,41.18768,0.66500,0.28238,-0.31217,0.61691,-0.60154,1.40023,1.84631
24322000000,-10.78184,32.26107,41.24585,0.66578,0.28324,-0.31208,0.61572,-4.61786,2.70728,1.76262
24355000000,-10.83397,32.30762,41.29367,0.66643,0.28379,-0.31148,0.61507,-1.57960,1.41040,1.44924
24388000000,-10.88895,32.35329,41.33998,0.66660,0.28390,-0.31130,0.61493,-1.66630,1.38393,1.40335
24421000000,-10.94384,32.39812,41.38520,0.66598,0.28355,-0.31153,0.61564,-1.66329,1.35861,1.37029
24454000000,-11.00031,32.50196,41.45178,0.66638,0.28220,-0.31252,0.61533,-1.71104,3.14655,2.01740
24487000000,-11.04729,32.55087,41.50222,0.66682,0.28285,-0.31186,0.61489,-1.42366,1.48207,1.52842
24520000000,-11.01830,32.47141,41.58823,0.66587,0.28252,-0.31130,0.61635,0.87836,-2.40777,2.60659
24553000000,-11.07301,32.51955,41.63504,0.66643,0.28301,-0.31067,0.61584,-1.65792,1.45872,1.41849
24586000000,-11.12723,32.56776,41.68177,0.66605,0.28273,-0.31098,0.61623,-1.64309,1.46103,1.41606
24619000000,-11.18084,32.61601,41.72852,0.66586,0.28256,-0.31106,0.61646,-1.62437,1.46219,1.41641
24685000000,-11.23326,32.77011,41.91083,0.66631,0.28229,-0.31047,0.61641,-0.79425,2.33488,2.76236
24718000000,-11.25195,32.82106,41.96929,0.66631,0.28251,-0.31020,0.61643,-0.56634,1.54391,1.77141
24751000000,-11.25488,32.86741,42.02497,0.66609,0.28223,-0.31049,0.61666,-0.08898,1.40450,1.68737
24784000000,-11.25306,32.91055,42.07666,0.66580,0.28205,-0.31080,0.61690,0.05526,1.30717,1.56622
24817000000,-11.39782,32.95464,42.12331,0.66702,0.28230,-0.31064,0.61555,-4.38658,1.33607,1.41387
24850000000,-11.44372,33.00506,42.17336,0.66721,0.28167,-0.31064,0.61563,-1.39104,1.52784,1.51652
24883000000,-11.46773,33.05605,42.22806,0.66739,0.28189,-0.31050,0.61539,-0.72748,1.54518,1.65766
24916000000,-11.46764,33.10299,42.27991,0.66711,0.28181,-0.31062,0.61568,0.00269,1.42230,1.57108
24949000000,-11.63569,33.23018,42.43272,0.66755,0.28169,-0.31000,0.61557,-5.09248,3.85446,4.63070
24982000000,-11.66870,33.28465,42.48963,0.66787,0.28212,-0.30967,0.61519,-1.00014,1.65049,1.72459
25015000000,-11.69671,33.34044,42.54868,0.66783,0.28209,-0.31015,0.61501,-0.84889,1.69060,1.78921
25048000000,-11.69079,33.46830,42.69482,0.66837,0.28203,-0.31023,0.61441,0.17949,3.87458,4.42875
25081000000,-11.72106,33.52565,42.75451,0.66859,0.28247,-0.30998,0.61410,-0.91749,1.73788,1.80851
25114000000,-11.73287,33.58371,42.81902,0.66837,0.28271,-0.30993,0.61425,-0.35763,1.75950,1.95509
25147000000,-11.76238,33.74228,43.01281,0.66962,0.28310,-0.30921,0.61307,-0.89432,4.80490,5.87244
25180000000,-11.79427,33.80199,43.07420,0.66980,0.28375,-0.30880,0.61278,-0.96653,1.80944,1.86019
25213000000,-11.80156,33.86090,43.14056,0.66924,0.28367,-0.30902,0.61331,-0.22091,1.78516,2.01092
25246000000,-11.77886,33.91792,43.20644,0.66829,0.28322,-0.30970,0.61422,0.68797,1.72794,1.99636
25279000000,-11.83400,34.01935,43.34825,0.66986,0.28347,-0.30862,0.61293,-1.67081,3.07361,4.29731
25312000000,-11.85383,34.07946,43.41319,0.66962,0.28388,-0.30839,0.61312,-0.60099,1.82158,1.96781
25345000000,-11.85634,34.13329,43.47420,0.66917,0.28380,-0.30844,0.61363,-0.07615,1.63130,1.84874
25378000000,-11.69932,34.23094,43.61924,0.66902,0.28443,-0.30841,0.61351,4.75823,2.95893,4.39511
25444000000,-11.73579,34.35380,43.74684,0.66824,0.28508,-0.30810,0.61421,-0.55254,1.86157,1.93342
25477000000,-11.48603,34.40730,43.84249,0.66786,0.28384,-0.30907,0.61472,7.56842,1.62113,2.89859
25510000000,-11.49535,34.46627,43.90618,0.66727,0.28407,-0.30888,0.61534,-0.28235,1.78713,1.92977
25543000000,-11.50414,34.52478,43.96878,0.66682,0.28408,-0.30895,0.61579,-0.26634,1.77279,1.89718
25576000000,-11.51224,34.58355,44.03189,0.66680,0.28429,-0.30869,0.61584,-0.24547,1.78100,1.91243
25609000000,-11.28575,34.47934,43.98624,0.66604,0.28269,-0.30881,0.61734,6.86339,-3.15776,-1.38346
25642000000,-11.28334,34.54301,44.05332,0.66623,0.28286,-0.30895,0.61700,0.07306,1.92920,2.03266
25675000000,-11.16061,34.55286,44.11948,0.66466,0.28210,-0.30916,0.61893,3.71907,0.29847,2.00480
25708000000,-11.15484,34.60970,44.18198,0.66447,0.28157,-0.30927,0.61931,0.17487,1.72262,1.89417
25741000000,-11.11776,34.67344,44.25986,0.66480,0.28184,-0.30908,0.61893,1.12354,1.93128,2.35979
25774000000,-11.06441,34.73978,44.34659,0.66400,0.28157,-0.30928,0.61981,1.61674,2.01035,2.62833
25807000000,-11.03552,34.82187,44.42041,0.66422,0.28063,-0.30968,0.61981,0.87547,2.48764,2.23680
25840000000,-11.00309,34.88640,44.49838,0.66463,0.28111,-0.30899,0.61949,0.98272,1.95555,2.36292
25873000000,-10.96897,34.95116,44.57903,0.66356,0.28124,-0.30927,0.62044,1.03384,1.96226,2.44383
25906000000,-10.98979,35.05781,44.68988,0.66416,0.27966,-0.30974,0.62027,-0.63096,3.23197,3.35913
25972000000,-10.96589,35.17709,44.82057,0.66343,0.27965,-0.31020,0.62083,0.36212,1.80730,1.98017
26005000000,-10.95111,35.28608,44.96505,0.66325,0.28084,-0.30915,0.62101,0.44805,3.30249,4.37812
26038000000,-10.92919,35.35041,45.03733,0.66412,0.28184,-0.30860,0.61991,0.66399,1.94943,2.19045
26071000000,-10.89741,35.42210,45.11942,0.66447,0.28224,-0.30838,0.61945,0.96318,2.17264,2.48741
26104000000,-10.86738,35.49156,45.19938,0.66503,0.28286,-0.30830,0.61860,0.91007,2.10479,2.42303
26137000000,-10.81855,35.50155,45.22389,0.66187,0.27944,-0.31008,0.62265,1.47973,0.30275,0.74283
26170000000,-10.78582,35.56857,45.30292,0.66214,0.27988,-0.30995,0.62223,0.99153,2.03092,2.39471
26236000000,-10.67561,35.64914,45.40249,0.66065,0.27921,-0.31122,0.62348,1.66997,1.22076,1.50871
26269000000,-10.64969,35.71612,45.47775,0.66106,0.27986,-0.31119,0.62277,0.78539,2.02953,2.28050
26302000000,-10.54860,35.78687,45.55795,0.65907,0.28014,-0.31199,0.62434,3.06340,2.14409,2.43019
26335000000,-10.52149,35.84942,45.62676,0.65941,0.28056,-0.31210,0.62375,0.82132,1.89533,2.08525
26401000000,-10.52352,36.16844,46.07510,0.66050,0.28117,-0.31124,0.62274,-0.03072,4.83368,6.79311
26434000000,-10.48936,36.23241,46.14736,0.66051,0.28138,-0.31158,0.62247,1.03511,1.93833,2.18952
26500000000,-10.37560,36.64318,46.67371,0.66092,0.28328,-0.31066,0.62163,1.72359,6.22379,7.97509
26533000000,-10.33506,36.70858,46.74900,0.66078,0.28351,-0.31102,0.62150,1.22865,1.98179,2.28142
26566000000,-10.29389,36.77427,46.82519,0.66048,0.28373,-0.31119,0.62162,1.24764,1.99081,2.30870
26599000000,-10.07548,36.95005,47.06747,0.65857,0.28389,-0.31178,0.62328,6.61833,5.32659,7.34191
26665000000,-9.98287,37.07883,47.22090,0.65786,0.28401,-0.31237,0.62369,1.40317,1.95122,2.32471
26731000000,-9.53811,37.25024,47.48439,0.65439,0.28278,-0.31413,0.62701,6.73881,2.59717,3.99225
26764000000,-9.49155,37.31256,47.55895,0.65379,0.28289,-0.31463,0.62732,1.41109,1.88839,2.25934
26797000000,-9.44413,37.37404,47.63300,0.65295,0.28282,-0.31530,0.62790,1.43690,1.86296,2.24397
26830000000,-9.13923,37.42412,47.68835,0.65021,0.28169,-0.31639,0.63069,9.23928,1.51756,1.67731
26863000000,-9.09257,37.48491,47.76271,0.64949,0.28172,-0.31700,0.63112,1.41387,1.84215,2.25345
26896000000,-9.04625,37.54550,47.83717,0.64868,0.28171,-0.31737,0.63176,1.40364,1.83614,2.25634
26929000000,-9.00025,37.60561,47.91069,0.64818,0.28133,-0.31801,0.63212,1.39419,1.82146,2.22767
26962000000,-8.87718,37.54641,47.83066,0.64707,0.28026,-0.31834,0.63358,3.72939,-1.79383,-2.42499
26995000000,-8.84151,37.59034,47.88078,0.64604,0.28008,-0.31902,0.63436,1.08080,1.33098,1.51860
27028000000,-8.76648,37.58493,47.88605,0.64611,0.27856,-0.31907,0.63494,2.27356,-0.16380,0.15999
27061000000,-8.72594,37.64279,47.95827,0.64561,0.27849,-0.31936,0.63533,1.22853,1.75337,2.18848
27094000000,-8.68855,37.69732,48.02507,0.64476,0.27872,-0.31999,0.63577,1.13314,1.65234,2.02399
27127000000,-8.65058,37.75340,48.09388,0.64439,0.27865,-0.32038,0.63598,1.15054,1.69939,2.08514
27160000000,-8.68194,37.64685,47.95712,0.64395,0.27677,-0.32064,0.63712,-0.95018,-3.22874,-4.14403
27193000000,-8.65441,37.69208,48.00985,0.64312,0.27679,-0.32113,0.63769,0.83412,1.37063,1.59790
27226000000,-8.63245,37.72978,48.05484,0.64257,0.27649,-0.32158,0.63816,0.66535,1.14233,1.36312
27259000000,-8.56614,37.66452,47.97260,0.64208,0.27525,-0.32165,0.63914,2.00954,-1.97740,-2.49204
27292000000,-8.54226,37.70607,48.02096,0.64130,0.27509,-0.32210,0.63977,0.72361,1.25897,1.46542
27325000000,-8.52749,37.73707,48.05716,0.64075,0.27494,-0.32249,0.64019,0.44750,0.93946,1.09690
27358000000,-8.48205,37.72689,48.04709,0.64113,0.27351,-0.32235,0.64049,1.37687,-0.30853,-0.30494
27391000000,-8.46512,37.76698,48.09286,0.64045,0.27356,-0.32281,0.64093,0.51308,1.21492,1.38682
27424000000,-8.45169,37.79978,48.13038,0.64001,0.27325,-0.32308,0.64136,0.40702,0.99390,1.13713
27457000000,-8.42759,37.77831,48.07210,0.63957,0.27305,-0.32362,0.64161,0.73028,-0.65069,-1.76620
27490000000,-8.41280,37.82005,48.11942,0.63909,0.27302,-0.32401,0.64190,0.44823,1.26475,1.43410
27523000000,-8.40294,37.85659,48.15922,0.63868,0.27288,-0.32437,0.64219,0.29879,1.10730,1.20602
27556000000,-8.38318,37.76239,48.07532,0.63788,0.27128,-0.32326,0.64422,0.59879,-2.85455,-2.54244
27589000000,-8.36645,37.80845,48.13271,0.63770,0.27100,-0.32351,0.64439,0.50692,1.39595,1.73892
27622000000,-8.35304,37.84602,48.17719,0.63717,0.27080,-0.32387,0.64482,0.40647,1.13828,1.34809
27688000000,-8.26980,37.77408,48.04861,0.63388,0.27065,-0.32568,0.64721,1.26116,-1.08991,-1.94827
27721000000,-8.25773,37.81348,48.09505,0.63340,0.27035,-0.32591,0.64769,0.36584,1.19377,1.40751
27754000000,-8.24835,37.84543,48.13134,0.63290,0.27032,-0.32623,0.64803,0.28428,0.96824,1.09967
27820000000,-8.19491,37.75805,48.00090,0.62995,0.27027,-0.32791,0.65007,0.80973,-1.32399,-1.97636
27853000000,-8.18709,37.79585,48.04501,0.62961,0.27010,-0.32821,0.65032,0.23674,1.14568,1.33665
27886000000,-8.17979,37.82886,48.08297,0.62914,0.26995,-0.32848,0.65070,0.22122,1.00014,1.15030
27919000000,-8.18833,37.52446,47.64680,0.62576,0.27041,-0.32966,0.65316,-0.25862,-9.22429,-13.21735
27952000000,-8.18446,37.55290,47.68004,0.62533,0.27017,-0.32989,0.65356,0.11719,0.86189,1.00731
27985000000,-8.18082,37.58396,47.71741,0.62503,0.26993,-0.33007,0.65386,0.11028,0.94119,1.13239
28018000000,-8.17743,37.61471,47.75460,0.62478,0.26955,-0.33024,0.65417,0.10268,0.93194,1.12695
28051000000,-8.17424,37.64542,47.79240,0.62443,0.26937,-0.33039,0.65450,0.09667,0.93044,1.14557
28084000000,-8.17201,37.67594,47.82959,0.62419,0.26918,-0.33050,0.65475,0.06762,0.92489,1.12672
28117000000,-8.24760,37.45856,47.53650,0.62271,0.26867,-0.33109,0.65607,-2.29047,-6.58717,-8.88154
28150000000,-8.24776,37.49107,47.57535,0.62256,0.26856,-0.33118,0.65622,-0.00488,0.98512,1.17747
28183000000,-8.24803,37.52308,47.61379,0.62237,0.26844,-0.33126,0.65640,-0.00815,0.96986,1.16475
28216000000,-8.24805,37.55453,47.65186,0.62224,0.26825,-0.33134,0.65656,-0.00084,0.95333,1.15377
28249000000,-8.24836,37.58627,47.68995,0.62207,0.26823,-0.33143,0.65669,-0.00928,0.96153,1.15412
28282000000,-8.24837,37.61631,47.72805,0.62191,0.26811,-0.33142,0.65689,-0.00035,0.91033,1.15458
28315000000,-8.22350,37.46177,47.57653,0.62315,0.26726,-0.33042,0.65657,0.75358,-4.68295,-4.59151
28348000000,-8.22553,37.49276,47.61365,0.62323,0.26739,-0.33033,0.65649,-0.06153,0.93922,1.12476
28381000000,-8.22722,37.52315,47.64998,0.62348,0.26745,-0.33027,0.65626,-0.05101,0.92073,1.10094
28414000000,-8.22762,37.55279,47.68555,0.62377,0.26760,-0.33012,0.65599,-0.01231,0.89830,1.07783
28447000000,-8.22925,37.58296,47.72146,0.62430,0.26788,-0.32992,0.65547,-0.04919,0.91426,1.08834
28480000000,-8.22968,37.61310,47.75749,0.62503,0.26820,-0.32957,0.65482,-0.01315,0.91322,1.09170
28513000000,-8.22388,37.44751,47.57319,0.62612,0.26884,-0.32893,0.65384,0.17585,-5.01795,-5.58483
28546000000,-8.22550,37.47844,47.60999,0.62733,0.26927,-0.32849,0.65272,-0.04916,0.93726,1.11505
28579000000,-8.22596,37.50975,47.64757,0.62855,0.26976,-0.32801,0.65159,-0.01378,0.94893,1.13886
28612000000,-8.22463,37.54132,47.68574,0.62974,0.27029,-0.32756,0.65044,0.04005,0.95680,1.15678
28678000000,-8.22113,37.60498,47.76255,0.63207,0.27157,-0.32653,0.64816,0.05309,0.96442,1.16371
28711000000,-8.31460,37.48568,47.56292,0.63240,0.27461,-0.32818,0.64572,-2.83241,-3.61506,-6.04942
28744000000,-8.31340,37.51680,47.59982,0.63368,0.27520,-0.32766,0.64448,0.03644,0.94292,1.11828
28777000000,-8.31069,37.54736,47.63654,0.63492,0.27587,-0.32718,0.64322,0.08199,0.92616,1.11274
28810000000,-8.30805,37.57746,47.67288,0.63617,0.27662,-0.32660,0.64196,0.07991,0.91206,1.10129
28843000000,-8.30458,37.60727,47.70905,0.63754,0.27738,-0.32607,0.64054,0.10516,0.90327,1.09597
28876000000,-8.29930,37.63453,47.74512,0.63886,0.27808,-0.32539,0.63926,0.16025,0.82606,1.09297
28909000000,-8.29329,37.66354,47.78112,0.64051,0.27870,-0.32475,0.63766,0.18207,0.87911,1.09100
28942000000,-8.29820,37.55288,47.68129,0.64095,0.27931,-0.32339,0.63764,-0.14877,-3.35335,-3.02529
28975000000,-8.29399,37.58243,47.71627,0.64295,0.28027,-0.32248,0.63567,0.12742,0.89553,1.06002
29008000000,-8.28808,37.61130,47.75137,0.64499,0.28134,-0.32170,0.63352,0.17929,0.87484,1.06372
29041000000,-8.28128,37.63741,47.78710,0.64718,0.28248,-0.32055,0.63135,0.20605,0.79115,1.08280
29074000000,-8.27346,37.66468,47.82156,0.64960,0.28374,-0.31949,0.62884,0.23686,0.82663,1.04419
29140000000,-8.28480,37.65247,47.80644,0.65629,0.28765,-0.31703,0.62131,-0.17189,-0.18513,-0.22906
29206000000,-8.26225,37.70457,47.87169,0.66278,0.29090,-0.31407,0.61437,0.34173,0.78953,0.98853
29239000000,-8.25133,37.73026,47.90277,0.66627,0.29296,-0.31229,0.61052,0.33078,0.77843,0.94188
29272000000,-8.23863,37.75503,47.93526,0.67020,0.29468,-0.31046,0.60631,0.38485,0.75057,0.98465
29305000000,-8.22427,37.78039,47.96796,0.67428,0.29674,-0.30848,0.60178,0.43522,0.76837,0.99090
29338000000,-8.17287,37.80138,48.04773,0.68144,0.29734,-0.30461,0.59536,1.55775,0.63613,2.41736
29371000000,-8.15189,37.82933,48.08332,0.68558,0.29991,-0.30246,0.59039,0.63561,0.84709,1.07852
29404000000,-8.13038,37.85730,48.11844,0.69004,0.30219,-0.30020,0.58516,0.65182,0.84756,1.06418
29437000000,-8.11294,37.88459,48.15089,0.69461,0.30477,-0.29782,0.57961,0.52842,0.82675,0.98338
29470000000,-8.09408,37.91140,48.18382,0.69925,0.30722,-0.29542,0.57393,0.57171,0.81241,0.99772
29503000000,-8.07855,37.93738,48.21778,0.70368,0.30923,-0.29297,0.56866,0.47039,0.78733,1.02904
29536000000,-8.07818,37.86774,48.11386,0.70637,0.31180,-0.29232,0.56424,0.01124,-2.11022,-3.14897
29569000000,-8.06798,37.89348,48.14460,0.71029,0.31380,-0.29014,0.55932,0.30925,0.78005,0.93148
29602000000,-8.05577,37.91909,48.17614,0.71392,0.31575,-0.28801,0.55468,0.36979,0.77612,0.95564
29635000000,-8.03798,37.94452,48.20964,0.71755,0.31761,-0.28585,0.55003,0.53920,0.77034,1.01540
29734000000,-7.97849,38.02755,48.31587,0.72970,0.32372,-0.27879,0.53388,0.60092,0.83869,1.07297
29767000000,-7.95819,38.05511,48.35486,0.73429,0.32599,-0.27586,0.52769,0.61508,0.83530,1.18163
29800000000,-7.93282,38.08292,48.39091,0.73876,0.32845,-0.27305,0.52134,0.76873,0.84259,1.09228
29833000000,-7.85004,38.02035,48.30262,0.74171,0.32757,-0.27348,0.51747,2.50863,-1.89602,-2.67549
29866000000,-7.82097,38.04464,48.33514,0.74652,0.32990,-0.27048,0.51060,0.88075,0.73601,0.98558
29899000000,-7.79913,38.06912,48.36905,0.75167,0.33269,-0.26695,0.50304,0.66185,0.74190,1.02743
29965000000,-7.68576,38.07185,48.39621,0.76347,0.33513,-0.26047,0.48678,1.71777,0.04133,0.41158
29998000000,-7.64975,38.09486,48.42752,0.76806,0.33734,-0.25746,0.47958,1.09118,0.69740,0.94893
30031000000,-7.62032,38.11885,48.46054,0.77257,0.33986,-0.25418,0.47225,0.89176,0.72699,1.00049
30064000000,-7.52013,38.08978,48.48011,0.77759,0.34104,-0.24936,0.46569,3.03630,-0.88108,0.59313
30097000000,-7.44876,38.10767,48.50731,0.78080,0.34191,-0.24773,0.46052,2.16250,0.54238,0.82397
30130000000,-7.40366,38.12843,48.53675,0.78427,0.34269,-0.24563,0.45514,1.36673,0.62885,0.89218
30163000000,-7.37014,38.15067,48.57084,0.78729,0.34438,-0.24315,0.44995,1.01568,0.67393,1.03297
30196000000,-7.23629,38.16141,48.59361,0.78995,0.34455,-0.24166,0.44595,4.05628,0.32552,0.69000
30229000000,-7.17710,38.18246,48.62548,0.79217,0.34484,-0.24050,0.44241,1.79360,0.63786,0.96604
30262000000,-7.05608,38.18145,48.64743,0.79350,0.34644,-0.23857,0.43979,3.66712,-0.03063,0.66491
30295000000,-6.96121,38.19431,48.67148,0.79503,0.34746,-0.23731,0.43691,2.87502,0.38979,0.72895
30328000000,-6.86458,38.20701,48.69628,0.79674,0.34709,-0.23665,0.43443,2.92795,0.38494,0.75150
30394000000,-6.61771,38.21922,48.74453,0.80174,0.34986,-0.23071,0.42614,3.74048,0.18501,0.73098
30427000000,-6.50303,38.22901,48.76504,0.80345,0.34976,-0.23031,0.42320,3.47532,0.29651,0.62156
30460000000,-6.38281,38.24192,48.78087,0.80715,0.35054,-0.22830,0.41655,3.64295,0.39118,0.47984
30493000000,-6.25695,38.24779,48.79842,0.80936,0.35043,-0.22748,0.41278,3.81382,0.17790,0.53175
30526000000,-6.12265,38.23002,48.79807,0.81116,0.35328,-0.22451,0.40843,4.06995,-0.53845,-0.01052
30559000000,-5.98692,38.23230,48.81202,0.81278,0.35341,-0.22363,0.40556,4.11275,0.06924,0.42251
30592000000,-5.85297,38.24040,48.82204,0.81436,0.35630,-0.22213,0.40065,4.05936,0.24530,0.30390
30625000000,-5.70657,38.23942,48.83267,0.81550,0.35739,-0.22119,0.39787,4.43623,-0.02971,0.32205
30691000000,-5.40446,38.25838,48.86490,0.81904,0.36037,-0.21808,0.38955,4.57749,0.28726,0.48828
30724000000,-5.24146,38.25371,48.87150,0.82078,0.36076,-0.21664,0.38631,4.93914,-0.14149,0.20010
30757000000,-5.05413,38.25928,48.89876,0.82287,0.36212,-0.21452,0.38175,5.67680,0.16889,0.82606
30790000000,-4.87886,38.25099,48.90254,0.82465,0.36289,-0.21308,0.37797,5.31121,-0.25131,0.11444
30823000000,-4.69753,38.25114,48.91550,0.82678,0.36473,-0.21121,0.37255,5.49487,0.00474,0.39291
30856000000,-4.51042,38.23882,48.91581,0.82894,0.36548,-0.20939,0.36802,5.67008,-0.37361,0.00936
30889000000,-4.32285,38.22405,48.93721,0.83233,0.36571,-0.20578,0.36212,5.68374,-0.44748,0.64838
30922000000,-4.12454,38.20821,48.93487,0.83469,0.36647,-0.20373,0.35705,6.00954,-0.48007,-0.07098
30955000000,-3.91469,38.18642,48.93497,0.83775,0.36887,-0.19914,0.34992,6.35904,-0.66006,0.00324
30988000000,-3.70358,38.16584,48.92784,0.84077,0.37059,-0.19590,0.34264,6.39718,-0.62388,-0.21628
31021000000,-3.49685,38.14418,48.90903,0.84324,0.37214,-0.19418,0.33579,6.26466,-0.65636,-0.57001
31054000000,-3.27386,38.11819,48.89654,0.84626,0.37414,-0.19061,0.32791,6.75735,-0.78733,-0.37846
31087000000,-3.00504,38.10179,48.89178,0.84969,0.37452,-0.18785,0.32011,8.14591,-0.49718,-0.14426
31153000000,-2.55250,38.01902,48.86836,0.85606,0.37836,-0.17942,0.30300,6.85676,-1.25400,-0.35482
31186000000,-2.30289,37.98040,48.84501,0.85960,0.38035,-0.17492,0.29296,7.56384,-1.17042,-0.70768
31219000000,-2.04320,37.93061,48.82221,0.86346,0.38155,-0.17013,0.28268,7.86936,-1.50889,-0.69081
31252000000,-1.77989,37.88420,48.79203,0.86714,0.38326,-0.16524,0.27178,7.97916,-1.40612,-0.91460
31285000000,-1.48317,37.84096,48.78802,0.87090,0.38530,-0.15949,0.26006,8.99151,-1.31041,-0.12149
31318000000,-1.22664,37.80749,48.76944,0.87430,0.38751,-0.15472,0.24798,7.77346,-1.01425,-0.56307
31351000000,-0.94361,37.75017,48.72889,0.87789,0.38944,-0.14881,0.23557,8.57664,-1.73707,-1.22868
31384000000,-0.65789,37.69739,48.69083,0.88063,0.39149,-0.14427,0.22452,8.65844,-1.59940,-1.15331
31417000000,-0.32743,37.65806,48.66675,0.88404,0.39366,-0.13703,0.21149,10.01379,-1.19169,-0.72976
31450000000,-0.02402,37.58925,48.61359,0.88713,0.39515,-0.13158,0.19886,9.19419,-2.08514,-1.61073
31483000000,0.30718,37.54746,48.55824,0.88983,0.39671,-0.12592,0.18698,10.03645,-1.26648,-1.67743
31516000000,0.62631,37.47093,48.49543,0.89265,0.39811,-0.12038,0.17376,9.67054,-2.31910,-1.90330
31549000000,0.97931,37.44618,48.44799,0.89476,0.40042,-0.11462,0.16105,10.69703,-0.74988,-1.43768
31582000000,1.31783,37.36284,48.37636,0.89729,0.40151,-0.10886,0.14766,10.25812,-2.52556,-2.17045
31615000000,1.69611,37.32297,48.36059,0.89910,0.40390,-0.10247,0.13410,11.46300,-1.20822,-0.47799
31648000000,2.08548,37.27516,48.30093,0.90051,0.40643,-0.09640,0.12082,11.79906,-1.44878,-1.80770
31681000000,2.49189,37.20840,48.24626,0.90284,0.40669,-0.09035,0.10643,12.31546,-2.02295,-1.65673
31714000000,2.87175,37.10955,48.15817,0.90468,0.40755,-0.08389,0.09177,11.51104,-2.99535,-2.66936
31747000000,3.29875,37.03617,48.04885,0.90587,0.40905,-0.07770,0.07777,12.93921,-2.22385,-3.31266
31780000000,3.69729,36.92707,47.94730,0.90730,0.40960,-0.07135,0.06286,12.07714,-3.30596,-3.07754
31813000000,4.12495,36.85030,47.84740,0.90781,0.41123,-0.06567,0.04961,12.95943,-2.32627,-3.02702
31846000000,4.53976,36.73219,47.73417,0.90861,0.41180,-0.05962,0.03596,12.56996,-3.57923,-3.43126
31879000000,4.97997,36.63254,47.68649,0.90863,0.41351,-0.05344,0.02322,13.33979,-3.01974,-1.44485
31912000000,5.41043,36.50298,47.56367,0.90899,0.41399,-0.04741,0.00983,13.04404,-3.92613,-3.72187
31945000000,5.85834,36.41478,47.44967,0.90872,0.41532,-0.04161,-0.00250,13.57308,-2.67248,-3.45450
31978000000,6.30360,36.27464,47.31377,0.90878,0.41544,-0.03603,-0.01517,13.49287,-4.24691,-4.11825
32011000000,6.77455,36.15496,47.17955,0.90807,0.41682,-0.03072,-0.02682,14.27106,-3.62662,-4.06716
32044000000,7.23488,36.00274,47.02972,0.90772,0.41699,-0.02543,-0.03897,13.94944,-4.61266,-4.54041
32077000000,7.37902,35.34802,46.49051,0.90907,0.41308,-0.02281,-0.04930,4.36794,-19.83989,-16.33985
32110000000,7.84103,35.16574,46.31413,0.90849,0.41314,-0.01801,-0.06038,14.00016,-5.52357,-5.34474
32143000000,8.29558,34.92609,46.14767,0.90741,0.41403,-0.01278,-0.07083,13.77419,-7.26237,-5.04430
32176000000,8.77059,34.72771,45.95699,0.90663,0.41394,-0.00830,-0.08122,14.39444,-6.01138,-5.77799
32209000000,9.23248,34.52493,45.78128,0.90552,0.41460,-0.00387,-0.09012,13.99656,-6.14501,-5.32462
32242000000,9.72036,34.31285,45.57641,0.90470,0.41443,-0.00018,-0.09883,14.78426,-6.42649,-6.20825
32308000000,10.72867,33.86783,45.14127,0.90264,0.41526,0.00672,-0.11295,15.27743,-6.74271,-6.59307
32341000000,11.24031,33.62096,44.91037,0.90178,0.41493,0.01103,-0.12039,15.50426,-7.48085,-6.99685
32374000000,11.75598,33.38000,44.67434,0.90109,0.41470,0.01339,-0.12599,15.62624,-7.30179,-7.15256
32407000000,12.27718,33.14370,44.41938,0.90037,0.41482,0.01574,-0.13044,15.79418,-7.16088,-7.72603
32440000000,12.80673,32.88918,44.16783,0.89992,0.41484,0.01694,-0.13325,16.04673,-7.71251,-7.62269
32473000000,13.33994,32.59242,43.88868,0.89968,0.41489,0.01795,-0.13459,16.15784,-8.99286,-8.45892
32506000000,13.88400,32.32307,43.62192,0.89962,0.41481,0.01809,-0.13521,16.48689,-8.16195,-8.08369
32539000000,14.41319,32.06993,43.37588,0.89951,0.41514,0.01851,-0.13486,16.03601,-7.67112,-7.45588
32572000000,14.97262,31.78668,43.09423,0.89962,0.41517,0.01798,-0.13412,16.95246,-8.58330,-8.53463
32605000000,15.54225,31.48609,42.81488,0.89981,0.41507,0.01842,-0.13315,17.26148,-9.10880,-8.46528
32638000000,16.11837,31.19015,42.51156,0.89992,0.41544,0.01796,-0.13124,17.45822,-8.96789,-9.19157
32671000000,16.74887,30.94669,42.28109,0.90020,0.41558,0.01702,-0.12903,19.10591,-7.37745,-6.98379
32704000000,17.33725,30.63706,41.97125,0.90073,0.41542,0.01564,-0.12600,17.82978,-9.38265,-9.38913
32737000000,17.93688,30.36277,41.70177,0.90111,0.41590,0.01388,-0.12181,18.17073,-8.31199,-8.16600
32770000000,18.53936,30.04057,41.37875,0.90170,0.41613,0.01137,-0.11684,18.25679,-9.76349,-9.78863
32803000000,19.26034,29.81290,41.16977,0.90247,0.41613,0.00941,-0.11088,21.84798,-6.89905,-6.33286
32836000000,19.88068,29.47955,40.83473,0.90334,0.41608,0.00623,-0.10403,18.79802,-10.10167,-10.15264
32869000000,20.58309,29.22686,40.61671,0.90388,0.41663,0.00330,-0.09701,21.28538,-7.65725,-6.60671
32902000000,21.21970,28.88242,40.27038,0.90469,0.41664,-0.00043,-0.08910,19.29121,-10.43747,-10.49481
32935000000,21.40614,29.04920,40.47882,0.90507,0.41739,-0.00382,-0.08141,5.64951,5.05384,6.31656
32968000000,22.04863,28.70173,40.12955,0.90581,0.41729,-0.00810,-0.07288,19.46958,-10.52949,-10.58417
33001000000,23.34821,28.21325,39.63943,0.90630,0.41767,-0.01149,-0.06350,39.38120,-14.80224,-14.85212
33034000000,24.01730,27.85170,39.27520,0.90693,0.41750,-0.01601,-0.05394,20.27529,-10.95616,-11.03719
33067000000,24.77043,27.54531,38.94138,0.90728,0.41774,-0.01993,-0.04400,22.82206,-9.28445,-10.11565
33100000000,25.45730,27.17363,38.56564,0.90769,0.41753,-0.02479,-0.03386,20.81437,-11.26324,-11.38618
33133000000,26.19179,26.63007,38.13128,0.90865,0.41586,-0.02939,-0.02363,22.25726,-16.47152,-13.16255
33166000000,26.89720,26.24506,37.74473,0.90898,0.41525,-0.03414,-0.01302,21.37600,-11.66696,-11.71355
33199000000,27.69622,26.04347,37.46998,0.90898,0.41502,-0.03882,-0.00238,24.21275,-6.10872,-8.32563
33232000000,28.42016,25.65136,37.07428,0.90907,0.41426,-0.04365,0.00854,21.93752,-11.88215,-11.99098
33265000000,29.03130,25.09350,36.51987,0.90947,0.41243,-0.04902,0.01916,18.51937,-16.90483,-16.80016
33298000000,29.76952,24.68998,36.11285,0.90921,0.41169,-0.05412,0.03044,22.37054,-12.22772,-12.33419
33331000000,30.40553,24.16913,35.56047,0.90867,0.41124,-0.05853,0.04208,19.27289,-15.78331,-16.73854
33364000000,31.15850,23.75486,35.14189,0.90817,0.41029,-0.06359,0.05338,22.81721,-12.55382,-12.68445
33397000000,32.04938,23.53622,34.86301,0.90724,0.41025,-0.06740,0.06374,26.99650,-6.62544,-8.45071
33430000000,32.86075,23.13863,34.50010,0.90687,0.40889,-0.07148,0.07275,24.58688,-12.04803,-10.99743
33463000000,33.63942,22.71101,34.06689,0.90628,0.40813,-0.07485,0.08050,23.59610,-12.95818,-13.12741
33496000000,34.57027,22.44571,33.67220,0.90460,0.40974,-0.07733,0.08850,28.20749,-8.03942,-11.96046
33529000000,35.36551,22.01052,33.22856,0.90410,0.40868,-0.08012,0.09571,24.09814,-13.18752,-13.44357
33562000000,36.16772,21.57082,32.78014,0.90348,0.40785,-0.08299,0.10246,24.30956,-13.32428,-13.58841
33595000000,36.92399,21.06651,32.56495,0.90279,0.40717,-0.08566,0.10883,22.91720,-15.28208,-6.52094
33628000000,37.73941,20.61668,32.11174,0.90218,0.40618,-0.08855,0.11508,24.70964,-13.63130,-13.73360
33661000000,38.65945,20.23912,31.68511,0.90150,0.40543,-0.09126,0.12082,27.88000,-11.44114,-12.92830
33694000000,39.49110,19.78218,31.22290,0.90100,0.40437,-0.09364,0.12615,25.20162,-13.84671,-14.00624
33727000000,40.28945,19.38454,30.86222,0.90026,0.40385,-0.09608,0.13120,24.19235,-12.04982,-10.92969
33760000000,41.13480,18.92016,30.39252,0.89972,0.40322,-0.09774,0.13550,25.61673,-14.07213,-14.23345
33793000000,41.62790,18.78150,30.33557,0.89914,0.40272,-0.09940,0.13960,14.94228,-4.20166,-1.72569
33826000000,42.48201,18.31594,29.86607,0.89863,0.40197,-0.10130,0.14359,25.88214,-14.10814,-14.22738
33859000000,43.34420,17.84649,29.39256,0.89809,0.40118,-0.10323,0.14776,26.12721,-14.22547,-14.34893
33892000000,44.25558,17.38875,29.00885,0.89763,0.40050,-0.10446,0.15150,27.61737,-13.87093,-11.62737
33925000000,45.13391,16.91195,28.52922,0.89698,0.39986,-0.10657,0.15552,26.61618,-14.44874,-14.53440
33958000000,46.26104,16.54334,28.06905,0.89689,0.39848,-0.10811,0.15848,34.15541,-11.16978,-13.94451
33991000000,47.15812,16.06098,27.58121,0.89650,0.39757,-0.10960,0.16190,27.18423,-14.61711,-14.78311
34024000000,48.19556,15.52909,27.13190,0.89570,0.39762,-0.11074,0.16540,31.43761,-16.11782,-13.61523
34057000000,49.10920,15.03761,26.63643,0.89542,0.39694,-0.11173,0.16784,27.68603,-14.89321,-15.01424
34090000000,50.15041,14.45870,26.21671,0.89505,0.39632,-0.11287,0.17050,31.55182,-17.54269,-12.71872
34123000000,51.08126,13.95822,25.71500,0.89482,0.39559,-0.11373,0.17281,28.20772,-15.16608,-15.20342
34156000000,52.03885,13.47713,25.37319,0.89440,0.39504,-0.11463,0.17567,29.01782,-14.57870,-10.35806
34189000000,52.98593,12.96983,24.86707,0.89396,0.39467,-0.11576,0.17798,28.69935,-15.37271,-15.33699
34222000000,53.85781,12.62558,24.64829,0.89397,0.39345,-0.11645,0.18018,26.42059,-10.43187,-6.62965
34255000000,54.81829,12.11452,24.14057,0.89373,0.39247,-0.11752,0.18276,29.10533,-15.48663,-15.38548
34288000000,55.70441,11.68019,23.69633,0.89360,0.39132,-0.11859,0.18518,26.85235,-13.16140,-13.46155
34354000000,57.65837,10.64357,22.66550,0.89283,0.39032,-0.12049,0.18973,29.60546,-15.70644,-15.61873
34387000000,58.96500,10.25991,22.39132,0.89240,0.39016,-0.12137,0.19146,39.59483,-11.62593,-8.30841
34420000000,59.96593,9.73547,21.87110,0.89218,0.38927,-0.12228,0.19374,30.33112,-15.89220,-15.76424
34453000000,60.96263,9.20076,21.19335,0.89200,0.38849,-0.12295,0.19571,30.20292,-16.20325,-20.53804
34486000000,61.97781,8.66962,20.66355,0.89146,0.38808,-0.12418,0.19816,30.76322,-16.09522,-16.05456
34552000000,63.94961,7.60015,19.46872,0.89085,0.38707,-0.12581,0.20184,29.87573,-16.20405,-18.10345
34585000000,64.98460,7.05884,18.92611,0.89037,0.38704,-0.12650,0.20356,31.36317,-16.40344,-16.44279
34618000000,66.12637,6.56945,18.44884,0.89095,0.38557,-0.12596,0.20416,34.59930,-14.82998,-14.46256
34651000000,67.17808,6.02294,17.90038,0.89068,0.38502,-0.12653,0.20601,31.86983,-16.56079,-16.62012
34684000000,68.23695,5.47325,17.34857,0.89021,0.38474,-0.12736,0.20807,32.08692,-16.65741,-16.72132
34717000000,69.27281,4.72692,16.87455,0.89007,0.38463,-0.12725,0.20890,31.38987,-22.61610,-14.36430
34783000000,71.43238,3.69585,15.80114,0.88990,0.38296,-0.12850,0.21192,32.72074,-15.62220,-16.26379
34816000000,72.51956,3.13199,15.23768,0.88959,0.38240,-0.12906,0.21390,32.94488,-17.08682,-17.07473
34849000000,78.77705,9.79045,23.04944,0.88996,0.38740,-0.12685,0.20447,189.62074,201.77162,236.72020
34882000000,79.95725,9.32386,22.60287,0.88964,0.38716,-0.12748,0.20592,35.76383,-14.13918,-13.53246
34915000000,76.41817,2.09559,14.56387,0.88976,0.38131,-0.12852,0.21544,-107.24478,-219.03850,-243.60608
34948000000,77.54323,1.52831,14.00151,0.88950,0.38074,-0.12914,0.21715,34.09253,-17.19021,-17.04126
35014000000,79.29933,-0.33222,11.87938,0.88925,0.37973,-0.12979,0.21952,26.60763,-28.18977,-32.15349
35047000000,80.43838,-0.91843,11.29317,0.88893,0.37925,-0.13046,0.22126,34.51654,-17.76408,-17.76392
35080000000,81.54630,-1.47069,10.64123,0.88969,0.37766,-0.13061,0.22082,33.57350,-16.73506,-19.75568
35113000000,82.69021,-2.18858,10.07513,0.88961,0.37806,-0.13034,0.22064,34.66381,-21.75440,-17.15446
35146000000,84.03714,-1.87851,10.87472,0.88998,0.37761,-0.13012,0.22003,40.81610,9.39599,24.22974
35179000000,85.20596,-2.46689,10.29361,0.88990,0.37750,-0.13020,0.22051,35.41866,-17.82960,-17.60934
35212000000,86.45152,-2.78217,10.06166,0.88984,0.37856,-0.12946,0.21937,37.74423,-9.55394,-7.02858
35278000000,88.96330,-3.41671,9.62053,0.89055,0.37870,-0.12832,0.21688,38.05738,-9.61417,-6.68391
35344000000,91.31850,-4.76704,8.68668,0.89167,0.37850,-0.12637,0.21374,35.68476,-20.45953,-14.14913
35377000000,92.56805,-5.24455,8.11644,0.89206,0.37904,-0.12541,0.21172,37.86538,-14.47014,-17.28000
35410000000,93.77868,-5.89020,7.57388,0.89265,0.37931,-0.12429,0.20939,36.68560,-19.56505,-16.44124
35443000000,95.00230,-6.56271,7.02538,0.89321,0.37988,-0.12304,0.20671,37.07955,-20.37915,-16.62123
35476000000,96.24723,-7.19455,6.43535,0.89382,0.38035,-0.12168,0.20400,37.72504,-19.14660,-17.87962
35509000000,97.49214,-7.80890,5.83752,0.89439,0.38051,-0.12058,0.20181,37.72458,-18.61679,-18.11624
35542000000,98.75313,-8.34870,5.35606,0.89509,0.38046,-0.11940,0.19951,38.21171,-16.35761,-14.58953
35575000000,100.01530,-8.96811,4.75341,0.89576,0.38034,-0.11830,0.19739,38.24754,-18.76999,-18.26220
35608000000,101.19781,-9.37898,4.92670,0.89672,0.37930,-0.11784,0.19529,35.83388,-12.45054,5.25123
35641000000,102.54307,-9.35602,4.94167,0.89706,0.37904,-0.11731,0.19457,40.76524,0.69586,0.45365
35674000000,103.91678,-10.05970,4.21571,0.89753,0.37865,-0.11688,0.19338,41.62759,-21.32375,-21.99891
35707000000,105.51286,-10.26144,4.27164,0.89787,0.37860,-0.11634,0.19223,48.36620,-6.11346,1.69500
35740000000,106.47571,-11.16811,2.82652,0.89763,0.37950,-0.11637,0.19158,29.17712,-27.47475,-43.79158
35773000000,107.78393,-11.78651,2.22432,0.89771,0.37974,-0.11606,0.19093,39.64303,-18.73947,-18.24845
35806000000,109.20387,-12.09646,1.91149,0.89825,0.37900,-0.11567,0.19008,43.02863,-9.39225,-9.47991
35839000000,110.52943,-12.71239,1.31070,0.89851,0.37913,-0.11521,0.18885,40.16830,-18.66468,-18.20576
35872000000,111.88555,-13.26924,0.81997,0.89880,0.37875,-0.11514,0.18829,41.09469,-16.87414,-14.87038
35905000000,113.23181,-13.88302,0.23432,0.89962,0.37892,-0.11347,0.18499,40.79576,-18.59934,-17.74700
35938000000,114.58004,-14.49070,-0.37869,0.90053,0.37823,-0.11219,0.18277,40.85541,-18.41479,-18.57621
35971000000,115.93279,-15.11840,-0.99150,0.90119,0.37835,-0.11104,0.17994,40.99250,-19.02115,-18.56989
36004000000,117.29147,-15.75048,-1.60212,0.90153,0.37876,-0.11051,0.17771,41.17214,-19.15388,-18.50367
36037000000,118.65417,-16.37667,-2.21989,0.90211,0.37791,-0.10999,0.17687,41.29375,-18.97555,-18.72045
36070000000,120.03155,-17.01336,-2.84240,0.90261,0.37793,-0.10908,0.17483,41.73880,-19.29347,-18.86392
36136000000,122.85209,-18.13421,-3.97462,0.90338,0.37749,-0.10798,0.17246,42.73548,-16.98263,-17.15481
36169000000,124.26078,-18.76819,-4.58257,0.90367,0.37684,-0.10789,0.17244,42.68762,-19.21139,-18.42273
36202000000,125.67445,-19.40169,-5.19620,0.90426,0.37556,-0.10784,0.17217,42.83859,-19.19712,-18.59484
36235000000,127.09202,-20.04852,-5.83082,0.90456,0.37561,-0.10762,0.17061,42.95650,-19.60090,-19.23100
36268000000,128.54787,-20.65445,-6.39423,0.90469,0.37570,-0.10736,0.16990,44.11663,-18.36158,-17.07277
36301000000,129.98175,-21.30098,-7.02254,0.90565,0.37437,-0.10626,0.16838,43.45102,-19.59176,-19.03983
36334000000,131.44220,-21.88772,-7.64957,0.90634,0.37318,-0.10615,0.16737,44.25604,-17.77996,-19.00105
36367000000,132.89183,-22.54238,-8.29498,0.90660,0.37315,-0.10600,0.16611,43.92820,-19.83816,-19.55765
36400000000,134.28856,-23.24305,-9.06248,0.90731,0.37301,-0.10447,0.16355,42.32511,-21.23255,-23.25755
36433000000,135.73132,-23.91747,-9.68271,0.90778,0.37272,-0.10399,0.16186,43.72013,-20.43701,-18.79487
36466000000,137.20317,-24.70273,-10.41278,0.90779,0.37263,-0.10430,0.16180,44.60144,-23.79573,-22.12345
36499000000,138.63861,-25.54401,-11.14764,0.90809,0.37218,-0.10426,0.16124,43.49818,-25.49310,-22.26835
36532000000,140.12177,-26.25705,-11.76437,0.90833,0.37187,-0.10443,0.16046,44.94407,-21.60743,-18.68895
36565000000,141.61020,-26.92685,-12.43866,0.90946,0.37108,-0.10289,0.15681,45.10406,-20.29679,-20.43302
36598000000,143.10281,-27.59716,-13.03220,0.90996,0.37076,-0.10186,0.15539,45.23075,-20.31257,-17.98612
36631000000,144.60899,-28.29169,-13.71179,0.91020,0.37053,-0.10179,0.15454,45.64181,-21.04626,-20.59353
36763000000,150.71225,-31.07656,-16.46272,0.91061,0.37082,-0.10158,0.15154,46.23679,-21.09749,-20.84039
36796000000,152.25587,-31.78833,-17.16156,0.91091,0.37048,-0.10157,0.15053,46.77651,-21.56905,-21.17694
36829000000,153.76733,-32.54173,-17.90314,0.91165,0.36961,-0.10034,0.14906,45.80180,-22.83015,-22.47227
36862000000,155.31100,-33.29359,-18.59431,0.91233,0.36881,-0.09973,0.14727,46.77790,-22.78368,-20.94425
36895000000,156.85887,-34.07694,-19.20003,0.91266,0.36915,-0.09856,0.14513,46.90506,-23.73794,-18.35517
36928000000,158.43057,-34.80757,-19.91283,0.91289,0.36898,-0.09872,0.14405,47.62730,-22.14027,-21.60003
36961000000,160.01898,-35.51671,-20.75958,0.91348,0.36842,-0.09812,0.14207,48.13362,-21.48911,-25.65910
36994000000,161.60605,-36.25428,-21.48416,0.91370,0.36817,-0.09827,0.14121,48.09293,-22.35043,-21.95717
37027000000,163.19135,-37.10601,-22.27252,0.91425,0.36878,-0.09650,0.13723,48.03929,-25.81024,-23.88954
37060000000,164.79340,-37.85460,-23.00726,0.91448,0.36854,-0.09666,0.13625,48.54699,-22.68427,-22.26477
37093000000,166.39436,-38.63991,-23.71331,0.91521,0.36849,-0.09443,0.13300,48.51416,-23.79747,-21.39560
37126000000,168.01147,-39.39734,-24.45567,0.91540,0.36828,-0.09464,0.13216,49.00337,-22.95222,-22.49579
37159000000,169.40163,-40.33246,-24.92826,0.91616,0.36630,-0.09477,0.13229,42.12582,-28.33719,-14.32089
37192000000,171.24820,-40.95233,-25.94820,0.91577,0.36702,-0.09580,0.13222,55.95675,-18.78380,-30.90714
37225000000,172.89948,-41.75754,-26.69718,0.91586,0.36785,-0.09496,0.12993,50.03865,-24.40031,-22.69641
37258000000,174.21422,-42.95525,-27.37204,0.91581,0.36789,-0.09492,0.13012,39.84070,-36.29430,-20.45030
37291000000,175.85074,-43.77459,-28.11171,0.91580,0.36822,-0.09467,0.12945,49.59153,-24.82859,-22.41424
37324000000,177.48642,-44.63243,-28.82369,0.91575,0.36868,-0.09461,0.12855,49.56610,-25.99497,-21.57529
37357000000,179.13205,-45.48062,-29.58039,0.91577,0.36893,-0.09442,0.12784,49.86757,-25.70274,-22.93015
37390000000,180.79785,-46.28893,-30.34952,0.91587,0.36881,-0.09473,0.12722,50.47885,-24.49440,-23.30705
37423000000,182.47693,-47.06922,-31.14109,0.91608,0.36853,-0.09450,0.12669,50.88113,-23.64511,-23.98711
37456000000,184.13319,-47.93933,-31.87944,0.91642,0.36789,-0.09406,0.12640,50.18986,-26.36696,-22.37412
37489000000,185.81741,-48.78497,-32.64038,0.91649,0.36784,-0.09452,0.12569,51.03695,-25.62529,-23.05881
37522000000,187.36249,-49.65818,-33.39841,0.91685,0.36709,-0.09452,0.12531,46.82044,-26.46094,-22.97049
37555000000,189.05940,-50.48920,-34.18568,0.91708,0.36669,-0.09467,0.12465,51.42166,-25.18244,-23.85666
37588000000,190.92793,-51.24807,-35.05857,0.91689,0.36721,-0.09485,0.12444,56.62213,-22.99627,-26.45134
37621000000,192.64583,-52.08453,-35.85680,0.91697,0.36692,-0.09523,0.12440,52.05744,-25.34728,-24.18888
37654000000,194.36069,-52.96542,-36.62742,0.91750,0.36588,-0.09546,0.12334,51.96542,-26.69363,-23.35207
37687000000,196.09315,-53.81097,-37.43278,0.91755,0.36571,-0.09583,0.12320,52.49902,-25.62274,-24.40470
37720000000,197.83694,-54.66161,-38.23897,0.91750,0.36605,-0.09580,0.12255,52.84211,-25.77695,-24.43013
37786000000,201.33539,-56.35574,-39.88245,0.91760,0.36641,-0.09572,0.12081,53.00672,-25.66858,-24.90119
37819000000,203.10796,-57.18668,-40.72232,0.91804,0.36553,-0.09571,0.12010,53.71418,-25.18001,-25.45050
37852000000,204.54347,-58.39377,-41.49986,0.91806,0.36632,-0.09462,0.11845,43.50050,-36.57844,-23.56200
37885000000,206.63965,-59.03602,-42.35264,0.91776,0.36703,-0.09526,0.11801,63.52049,-19.46224,-25.84180
37918000000,208.42479,-59.91214,-43.18758,0.91780,0.36691,-0.09555,0.11787,54.09518,-26.54902,-25.30115
37951000000,209.86272,-61.36029,-43.78113,0.91821,0.36624,-0.09435,0.11774,43.57355,-43.88347,-17.98641
37984000000,211.62747,-62.36737,-44.52255,0.91794,0.36690,-0.09442,0.11766,53.47743,-30.51746,-22.46729
38017000000,213.42545,-63.27331,-45.36060,0.91800,0.36677,-0.09467,0.11744,54.48405,-27.45264,-25.39548
38116000000,219.10698,-65.66249,-48.21617,0.91701,0.36855,-0.09629,0.11827,57.38923,-24.13316,-28.84412
38149000000,220.87700,-66.70750,-49.02196,0.91718,0.36830,-0.09611,0.11793,53.63696,-31.66684,-24.41788
38248000000,226.11368,-70.02985,-51.59695,0.91716,0.36935,-0.09485,0.11576,52.89575,-33.55909,-26.01003
38281000000,228.38324,-70.48492,-52.60308,0.91652,0.37181,-0.09447,0.11328,68.77460,-13.79002,-30.48856
38314000000,230.48488,-70.79350,-53.52381,0.91679,0.37091,-0.09601,0.11267,63.68602,-9.35109,-27.90104
38380000000,234.26807,-72.69379,-55.27336,0.91600,0.37314,-0.09552,0.11219,57.32103,-28.79230,-26.50827
38413000000,236.16740,-73.63432,-56.17182,0.91608,0.37294,-0.09552,0.11225,57.55569,-28.50064,-27.22607
38446000000,237.97562,-75.02566,-56.82619,0.91595,0.37361,-0.09451,0.11186,54.79431,-42.16188,-19.82949
38479000000,239.59300,-76.66288,-57.34937,0.91656,0.37251,-0.09281,0.11199,49.01169,-49.61280,-15.85377
38512000000,241.47575,-77.72283,-58.22598,0.91709,0.37155,-0.09263,0.11099,57.05307,-32.11975,-26.56417
38545000000,243.39833,-78.70113,-59.13062,0.91713,0.37150,-0.09277,0.11067,58.25991,-29.64528,-27.41322
38578000000,245.19360,-79.87738,-59.95871,0.91759,0.37071,-0.09202,0.11013,54.40221,-35.64407,-25.09377
38644000000,248.97061,-82.01668,-61.66479,0.91761,0.37084,-0.09226,0.10933,57.22739,-32.41360,-25.84960
38677000000,250.91820,-83.01986,-62.58207,0.91759,0.37072,-0.09290,0.10936,59.01776,-30.39944,-27.79643
38710000000,252.80841,-84.00869,-63.35376,0.91737,0.37180,-0.09196,0.10836,57.27918,-29.96456,-23.38456
38743000000,254.76920,-85.01993,-64.27525,0.91731,0.37178,-0.09250,0.10848,59.41772,-30.64358,-27.92405
38776000000,256.66046,-86.06370,-65.03152,0.91734,0.37183,-0.09275,0.10783,57.31109,-31.62939,-22.91731
38809000000,258.62982,-87.08904,-65.93116,0.91763,0.37082,-0.09388,0.10789,59.67759,-31.07106,-27.26168
38842000000,260.60681,-88.11876,-66.83685,0.91802,0.36999,-0.09412,0.10721,59.90878,-31.20353,-27.44524
38875000000,262.59396,-89.14842,-67.76529,0.91803,0.36984,-0.09432,0.10741,60.21673,-31.20191,-28.13443
38908000000,264.58078,-90.18915,-68.65655,0.91824,0.36993,-0.09360,0.10592,60.20656,-31.53714,-27.00783
38941000000,266.58252,-91.22770,-69.59111,0.91833,0.36967,-0.09366,0.10607,60.65877,-31.47125,-28.32008
38974000000,268.58005,-92.31145,-70.48547,0.91862,0.36904,-0.09375,0.10564,60.53115,-32.84108,-27.10169
39007000000,270.59610,-93.36091,-71.42587,0.91858,0.36906,-0.09392,0.10576,61.09249,-31.80163,-28.49694
40690000000,383.37897,-152.81660,-124.67568,0.92031,0.37347,-0.08255,0.08203,67.01299,-35.32721,-31.63982
42703000000,541.22424,-244.26035,-208.32928,0.78675,0.34483,0.15289,-0.48860,78.41296,-45.42660,-41.55668
42835000000,552.04541,-251.30981,-215.01395,0.76974,0.34019,0.16373,-0.51475,81.97854,-53.40507,-50.64138
42868000000,554.97809,-253.26587,-216.76849,0.76539,0.33748,0.17009,-0.52091,88.86903,-59.27438,-53.16809
42934000000,560.71759,-257.04367,-219.98039,0.75653,0.33467,0.17684,-0.53328,86.96215,-57.23942,-48.66513
42967000000,563.50287,-259.05231,-221.43869,0.75270,0.33335,0.18055,-0.53826,84.40237,-60.86777,-44.19084
43000000000,566.35596,-259.61435,-226.41647,0.74824,0.33204,0.18305,-0.54441,86.45722,-17.03158,-150.84192
43033000000,569.06427,-261.67026,-227.68924,0.74370,0.33123,0.18526,-0.55034,82.07009,-62.30025,-38.56867
43066000000,571.86749,-263.63623,-228.99704,0.73923,0.32973,0.18784,-0.55635,84.94614,-59.57494,-39.63031
43099000000,574.62805,-265.52798,-230.80679,0.73488,0.32826,0.19033,-0.56212,83.65331,-57.32588,-54.84101
43132000000,577.36395,-267.27594,-233.16237,0.73033,0.32701,0.19256,-0.56798,82.90609,-52.96834,-71.38108
43165000000,580.16956,-268.98572,-235.50127,0.72580,0.32557,0.19526,-0.57366,85.01827,-51.81145,-70.87569
43198000000,582.80798,-270.99606,-237.42928,0.72136,0.32502,0.19695,-0.57897,79.95235,-60.91956,-58.42451
43231000000,585.54034,-273.02765,-239.25406,0.71715,0.32353,0.19987,-0.58402,82.79881,-61.56320,-55.29646
43264000000,588.30817,-274.96774,-241.15555,0.71295,0.32214,0.20263,-0.58895,83.87341,-58.79073,-57.62089
43297000000,590.89062,-277.23306,-242.60019,0.70883,0.32148,0.20453,-0.59362,78.25632,-68.64606,-43.77700
43330000000,593.65253,-279.20560,-244.50101,0.70474,0.32031,0.20664,-0.59836,83.69399,-59.77376,-57.60054
43363000000,596.59613,-280.84448,-246.90359,0.70102,0.31946,0.20833,-0.60259,89.20010,-49.66320,-72.80569
43396000000,599.36005,-282.83652,-248.83159,0.69731,0.31821,0.21023,-0.60688,83.75503,-60.36470,-58.42405
43429000000,601.99408,-285.09943,-250.26936,0.69404,0.31727,0.21207,-0.61047,79.81919,-68.57300,-43.56893
43462000000,604.73663,-287.15509,-252.23569,0.69094,0.31645,0.21359,-0.61388,83.10769,-62.29285,-59.58557
43495000000,607.49957,-289.18219,-254.19641,0.68808,0.31553,0.21497,-0.61707,83.72544,-61.42726,-59.41587
43528000000,610.10388,-291.50528,-255.74435,0.68569,0.31466,0.21660,-0.61960,78.91846,-70.39665,-46.90737
43561000000,612.86603,-293.55597,-257.72614,0.68343,0.31415,0.21750,-0.62204,83.70139,-62.14211,-60.05397
43594000000,615.61963,-295.63751,-259.69073,0.68168,0.31343,0.21869,-0.62389,83.44246,-63.07706,-59.53332
43627000000,618.40460,-297.74863,-261.69031,0.68054,0.31277,0.21976,-0.62509,84.39313,-63.97317,-60.59311
43660000000,621.28076,-299.74927,-263.71848,0.67956,0.31213,0.22077,-0.62612,87.15636,-60.62548,-61.45963
43693000000,624.00110,-301.78110,-265.83829,0.67885,0.31236,0.22069,-0.62681,82.43446,-61.57060,-64.23672
43726000000,626.75299,-304.05698,-267.64594,0.67817,0.31191,0.22156,-0.62745,83.39067,-68.96603,-54.77720
43759000000,629.51782,-306.17441,-269.69955,0.67775,0.31167,0.22181,-0.62795,83.78278,-64.16460,-62.23089
43792000000,632.17853,-308.42517,-271.55179,0.67749,0.31213,0.22178,-0.62801,80.62744,-68.20494,-56.12830
43825000000,634.96954,-310.51566,-273.83154,0.67722,0.31212,0.22213,-0.62818,84.57623,-63.34802,-69.08347
43858000000,637.96234,-312.51791,-275.95132,0.67693,0.31140,0.22297,-0.62855,90.69084,-60.67450,-64.23580
43891000000,640.72833,-314.67892,-278.05417,0.67650,0.31128,0.22325,-0.62898,83.81792,-65.48518,-63.72255
43957000000,646.05334,-319.31522,-282.18173,0.67527,0.31156,0.22359,-0.63004,80.68201,-70.24684,-62.53884
43990000000,648.58716,-321.80429,-283.98178,0.67462,0.31188,0.22383,-0.63049,76.78223,-75.42651,-54.54694
44023000000,651.29224,-324.15524,-286.11432,0.67409,0.31173,0.22470,-0.63082,81.97206,-71.24097,-64.62236
44056000000,654.05249,-326.37598,-288.27521,0.67331,0.31137,0.22507,-0.63170,83.64406,-67.29496,-65.48148
44089000000,656.78827,-328.69324,-290.53897,0.67286,0.31141,0.22560,-0.63198,82.90239,-70.22002,-68.59889
44122000000,659.54773,-330.93594,-292.72440,0.67212,0.31106,0.22598,-0.63280,83.62001,-67.96080,-66.22499
44155000000,662.29724,-333.22638,-294.88400,0.67161,0.31084,0.22683,-0.63314,83.31853,-69.40714,-65.44263
44188000000,665.05634,-335.49054,-297.09290,0.67084,0.31038,0.22730,-0.63401,83.60892,-68.61092,-66.93615
44221000000,667.61377,-338.12549,-298.98602,0.67065,0.31025,0.22841,-0.63388,77.49800,-79.84693,-57.36750
44254000000,670.37195,-340.41327,-301.21747,0.67005,0.30978,0.22869,-0.63464,83.58118,-69.32669,-67.61955
44287000000,673.64233,-342.30841,-303.74161,0.67006,0.30906,0.22954,-0.63467,99.10260,-57.42854,-76.48907
44320000000,676.40363,-344.61523,-305.99878,0.66959,0.30913,0.22969,-0.63509,83.67550,-69.90375,-68.39914
44353000000,679.20746,-346.82944,-308.30627,0.66969,0.30908,0.23008,-0.63486,84.96464,-67.09706,-69.92410
44386000000,681.96930,-349.15707,-310.58780,0.66974,0.30905,0.23008,-0.63482,83.69215,-70.53445,-69.13711
44419000000,684.80621,-351.53384,-312.95432,0.66993,0.30905,0.23060,-0.63443,85.96709,-72.02333,-71.71261
44452000000,687.56873,-353.88351,-315.26059,0.67018,0.30921,0.23042,-0.63415,83.71249,-71.20213,-69.88710
44485000000,690.23785,-356.59921,-317.20074,0.67109,0.30913,0.23082,-0.63308,80.88268,-82.29388,-58.79258
44518000000,693.05121,-358.89066,-319.56561,0.67178,0.30938,0.23085,-0.63223,85.25317,-69.43766,-71.66267
44551000000,695.88898,-361.47754,-321.56595,0.67282,0.30910,0.23120,-0.63113,85.99299,-78.39041,-60.61623
44617000000,701.20221,-366.68347,-326.08640,0.67430,0.30990,0.23053,-0.62939,80.50352,-78.87777,-68.49162
44650000000,703.96558,-369.10049,-328.45871,0.67497,0.31006,0.23012,-0.62875,83.73839,-73.24311,-71.88832
44683000000,706.65057,-371.82562,-330.62686,0.67503,0.31022,0.23077,-0.62836,81.36356,-82.57964,-65.70157
44716000000,709.41156,-374.26511,-333.02206,0.67469,0.31023,0.23090,-0.62867,83.66625,-73.92374,-72.58190
44749000000,712.13422,-376.93390,-335.21802,0.67468,0.31014,0.23149,-0.62852,82.50474,-80.87251,-66.54404
44782000000,714.89587,-379.39594,-337.63611,0.67517,0.31046,0.23119,-0.62794,83.68660,-74.60715,-73.27548
44815000000,717.38788,-382.45380,-339.72650,0.67584,0.31070,0.23137,-0.62704,75.51528,-92.66247,-63.34525
44848000000,720.14856,-384.94080,-342.16730,0.67665,0.31091,0.23106,-0.62617,83.65701,-75.36362,-73.96352
44881000000,722.94556,-387.85938,-344.81708,0.67755,0.31105,0.23124,-0.62506,84.75748,-88.44179,-80.29637
44914000000,725.70728,-390.37021,-347.28448,0.67846,0.31135,0.23081,-0.62408,83.68845,-76.08587,-74.76991
44947000000,728.55518,-392.87384,-349.84198,0.67983,0.31237,0.23046,-0.62221,86.30001,-75.86762,-77.49986
44980000000,731.31903,-395.40665,-352.33502,0.68093,0.31268,0.22988,-0.62107,83.75318,-76.75171,-75.54673
45013000000,734.08301,-397.95013,-354.83972,0.68210,0.31324,0.22927,-0.61973,83.75688,-77.07538,-75.89999
45046000000,736.96094,-400.50198,-357.41812,0.68395,0.31400,0.22874,-0.61749,87.20999,-77.32877,-78.13332
45112000000,742.49426,-405.64398,-362.49017,0.68763,0.31546,0.22659,-0.61344,83.83826,-77.90907,-76.84927
45145000000,740.97772,-414.11978,-362.51572,0.69005,0.31793,0.22560,-0.60980,-45.95577,-256.84241,-0.77404
45178000000,743.72327,-416.74954,-365.06873,0.69240,0.31873,0.22444,-0.60714,83.19832,-79.68972,-77.36391
45211000000,746.46887,-419.38913,-367.63297,0.69488,0.31968,0.22308,-0.60430,83.20016,-79.98750,-77.70423
45244000000,747.74933,-423.83255,-369.94287,0.69754,0.32140,0.22162,-0.60085,38.80171,-134.64911,-69.99715
45277000000,750.48877,-426.50192,-372.52896,0.70004,0.32237,0.22006,-0.59799,83.01336,-80.89008,-78.36636
45310000000,751.07831,-431.21732,-374.17358,0.70297,0.32390,0.21864,-0.59424,17.86481,-142.89070,-49.83706
45343000000,753.80573,-433.91904,-376.77731,0.70486,0.32477,0.21759,-0.59191,82.64900,-81.87034,-78.90089
45376000000,756.53394,-436.63126,-379.39285,0.70665,0.32545,0.21655,-0.58977,82.67304,-82.18846,-79.25877
45409000000,756.23834,-442.19312,-381.06470,0.70870,0.32681,0.21574,-0.58685,-8.95737,-168.54118,-50.66195
45442000000,758.94855,-444.94434,-383.69763,0.71035,0.32733,0.21483,-0.58489,82.12743,-83.37032,-79.78590
45475000000,761.65973,-447.70618,-386.34225,0.71184,0.32790,0.21386,-0.58312,82.15702,-83.69215,-80.14008
45508000000,763.04919,-450.91980,-388.54248,0.71390,0.32879,0.21284,-0.58047,42.10501,-97.38251,-66.67351
45541000000,765.75317,-453.70563,-391.20749,0.71513,0.32936,0.21201,-0.57893,81.93877,-84.41902,-80.75784
45574000000,768.45819,-456.50226,-393.88437,0.71661,0.32994,0.21110,-0.57711,81.97021,-84.74639,-81.11757
45607000000,768.51935,-461.06326,-397.00101,0.71837,0.33123,0.20992,-0.57459,1.85325,-138.21227,-94.44358
45640000000,771.20581,-463.89490,-399.70551,0.71956,0.33172,0.20914,-0.57311,81.40795,-85.80711,-81.95449
45673000000,773.89331,-466.73730,-402.42139,0.72075,0.33215,0.20834,-0.57166,81.43939,-86.13355,-82.29944
45706000000,774.91278,-470.70602,-405.49921,0.72217,0.33352,0.20679,-0.56963,30.89304,-120.26423,-93.26727
45739000000,777.58795,-473.57922,-408.24252,0.72319,0.33389,0.20621,-0.56832,81.06579,-87.06665,-83.13081
45772000000,780.26404,-476.46286,-410.99719,0.72428,0.33418,0.20576,-0.56693,81.09353,-87.38293,-83.47482
45805000000,781.26215,-480.39038,-413.85825,0.72556,0.33479,0.20495,-0.56522,30.24570,-119.01578,-86.69859
45838000000,783.92426,-483.30530,-416.63733,0.72657,0.33509,0.20433,-0.56397,80.66998,-88.33082,-84.21465
45871000000,786.58783,-486.23087,-419.42825,0.72754,0.33533,0.20372,-0.56279,80.71437,-88.65356,-84.57346
45904000000,788.61511,-489.68359,-422.31372,0.72854,0.33602,0.20304,-0.56133,61.43281,-104.62813,-87.43841
45937000000,791.27454,-492.63589,-425.12918,0.72938,0.33631,0.20263,-0.56021,80.58860,-89.46367,-85.31698
45970000000,793.93475,-495.59875,-427.95615,0.73016,0.33658,0.20210,-0.55923,80.61265,-89.78364,-85.66562
46003000000,795.53906,-499.56598,-430.91830,0.73128,0.33702,0.20129,-0.55779,48.61543,-120.21891,-89.76237
46036000000,798.18988,-502.56116,-433.77014,0.73169,0.33731,0.20094,-0.55721,80.32781,-90.76298,-86.41931
46069000000,800.84247,-505.56702,-436.63370,0.73245,0.33756,0.20055,-0.55619,80.38145,-91.08665,-86.77442
46102000000,803.29974,-508.83511,-439.51062,0.73316,0.33777,0.20000,-0.55533,74.46289,-99.03324,-87.17947
46135000000,805.95276,-511.86514,-442.39822,0.73379,0.33798,0.19952,-0.55455,80.39440,-91.81907,-87.50314
46168000000,808.60687,-514.90552,-445.29675,0.73457,0.33808,0.19938,-0.55349,80.42769,-92.13257,-87.83421
46201000000,811.26257,-517.95691,-448.20715,0.73505,0.33842,0.19909,-0.55275,80.47578,-92.46642,-88.19395
46234000000,813.79456,-521.09479,-451.14456,0.73566,0.33893,0.19823,-0.55194,76.72674,-95.08723,-89.01237
46267000000,816.45166,-524.16797,-454.07849,0.73619,0.33885,0.19805,-0.55134,80.51832,-93.12670,-88.90695
46300000000,819.10986,-527.25165,-457.02448,0.73690,0.33907,0.19781,-0.55035,80.55161,-93.44482,-89.27224
46333000000,820.70679,-530.85638,-460.14606,0.73748,0.33935,0.19713,-0.54964,48.39163,-109.23444,-94.59340
46366000000,823.35608,-533.96704,-463.11700,0.73806,0.33942,0.19681,-0.54894,80.28158,-94.26233,-90.02870
46399000000,826.00623,-537.08850,-466.09943,0.73847,0.33967,0.19656,-0.54831,80.30747,-94.58970,-90.37642
46432000000,828.65820,-540.22034,-469.09363,0.73894,0.33968,0.19612,-0.54783,80.36295,-94.90412,-90.73338
46465000000,831.22766,-543.40466,-472.09540,0.73935,0.33981,0.19606,-0.54723,77.86237,-96.49474,-90.96273
46498000000,833.88147,-546.55847,-475.11273,0.73989,0.33987,0.19573,-0.54657,80.41844,-95.56996,-91.43436
46531000000,836.53687,-549.72260,-478.14200,0.74016,0.34005,0.19558,-0.54615,80.46653,-95.88253,-91.79595
46564000000,839.19354,-552.89746,-481.18286,0.74043,0.34040,0.19530,-0.54567,80.50537,-96.20805,-92.14736
46597000000,841.60803,-556.22980,-484.27795,0.74103,0.34037,0.19503,-0.54496,73.16636,-100.97989,-93.79069
46630000000,844.26501,-559.42761,-487.34244,0.74144,0.34024,0.19499,-0.54451,80.51462,-96.90348,-92.86314
46663000000,846.92371,-562.63593,-490.41895,0.74167,0.34030,0.19485,-0.54420,80.56641,-97.22160,-93.22750
46696000000,849.05182,-565.81104,-493.44907,0.74250,0.34077,0.19393,-0.54311,64.48827,-96.21545,-91.82185
46729000000,851.70697,-569.03998,-496.54782,0.74268,0.34079,0.19376,-0.54290,80.45913,-97.84676,-93.90166
46762000000,854.36383,-572.27948,-499.65833,0.74285,0.34090,0.19341,-0.54274,80.51092,-98.16673,-94.25771
46795000000,856.77057,-575.41882,-502.74353,0.74346,0.34106,0.19308,-0.54190,72.93147,-95.13161,-93.49107
46861000000,862.08588,-581.94781,-509.02130,0.74378,0.34096,0.19267,-0.54168,80.53497,-98.92412,-95.11774
46894000000,864.70203,-585.15375,-512.16620,0.74408,0.34144,0.19221,-0.54112,79.27727,-97.14948,-95.29993
46927000000,867.36365,-588.44385,-515.33435,0.74423,0.34144,0.19219,-0.54093,80.65518,-99.70000,-96.00460
46960000000,870.02612,-591.74426,-518.51367,0.74462,0.34147,0.19200,-0.54044,80.68108,-100.01258,-96.34307
46993000000,872.61658,-594.99615,-521.68915,0.74484,0.34197,0.19143,-0.54002,78.49861,-98.54218,-96.22655
47026000000,875.28119,-598.31708,-524.89124,0.74491,0.34191,0.19141,-0.53997,80.74581,-100.63403,-97.03295
47059000000,877.94781,-601.64844,-528.10504,0.74523,0.34199,0.19136,-0.53950,80.80685,-100.95030,-97.38807
47092000000,880.55396,-604.91742,-531.32208,0.74563,0.34202,0.19074,-0.53914,78.97395,-99.06006,-97.48609
47125000000,883.22327,-608.26917,-534.55908,0.74581,0.34199,0.19073,-0.53891,80.88823,-101.56805,-98.09090
47158000000,885.89404,-611.63141,-537.80792,0.74584,0.34204,0.19052,-0.53892,80.93262,-101.88617,-98.44971
47191000000,888.51385,-614.90375,-541.04266,0.74625,0.34216,0.19035,-0.53834,79.38824,-99.16178,-98.02246
47224000000,891.18774,-618.28583,-544.31396,0.74625,0.34232,0.19025,-0.53826,81.02695,-102.48727,-99.13034
47257000000,893.86298,-621.67865,-547.59717,0.74649,0.34230,0.19006,-0.53802,81.06763,-102.81280,-99.49100
47290000000,896.53973,-625.08167,-550.89148,0.74654,0.34245,0.18992,-0.53790,81.11388,-103.12167,-99.82762
47323000000,899.10040,-628.34863,-554.15942,0.74682,0.34255,0.18983,-0.53749,77.59603,-98.99902,-99.02862
47356000000,901.77924,-631.77118,-557.47650,0.74692,0.34241,0.18981,-0.53743,81.17676,-103.71352,-100.51750
47389000000,904.45959,-635.20422,-560.80511,0.74694,0.34246,0.18974,-0.53740,81.22300,-104.03165,-100.86707
47422000000,906.92102,-638.02203,-563.93140,0.74720,0.34231,0.18934,-0.53728,74.58866,-85.38818,-94.73581
47488000000,912.28516,-644.92548,-570.64081,0.74731,0.34235,0.18921,-0.53714,81.27479,-104.59761,-101.65775
47521000000,914.84363,-647.94031,-573.78754,0.74730,0.34253,0.18913,-0.53707,77.52944,-91.35854,-95.35541
47554000000,917.52893,-651.41302,-577.16895,0.74738,0.34260,0.18898,-0.53697,81.37281,-105.23386,-102.46693
47587000000,920.21533,-654.89642,-580.56158,0.74729,0.34256,0.18903,-0.53710,81.40611,-105.55753,-102.80725
47620000000,922.87891,-658.11218,-583.60938,0.74743,0.34258,0.18897,-0.53692,80.71437,-97.44725,-92.35729
47686000000,928.25995,-665.12463,-590.44373,0.74756,0.34256,0.18882,-0.53680,81.53094,-106.24926,-103.55077
47719000000,930.84735,-668.27863,-593.58990,0.74749,0.34250,0.18889,-0.53691,78.40614,-95.57551,-95.33876
47752000000,933.54102,-671.80664,-597.03253,0.74757,0.34264,0.18865,-0.53680,81.62620,-106.90955,-104.32203
47785000000,936.23572,-675.34534,-600.48608,0.74751,0.34262,0.18872,-0.53687,81.65764,-107.23322,-104.65310
47818000000,938.93280,-678.89453,-603.95184,0.74771,0.34270,0.18863,-0.53657,81.72977,-107.55135,-105.02301
47851000000,941.59357,-682.01959,-607.11542,0.74777,0.34258,0.18851,-0.53660,80.62929,-94.69882,-95.86588
47884000000,944.29327,-685.58466,-610.60034,0.74773,0.34262,0.18854,-0.53663,81.80930,-108.03223,-105.60377
47917000000,946.99481,-689.16010,-614.09662,0.74770,0.34263,0.18843,-0.53671,81.86479,-108.34665,-105.94778
47950000000,949.69812,-692.74591,-617.60406,0.74783,0.34251,0.18828,-0.53665,81.91843,-108.66107,-106.28625
48016000000,955.18127,-699.65845,-624.51416,0.74792,0.34258,0.18820,-0.53651,83.07809,-104.73540,-104.69841
48049000000,957.89069,-703.27283,-628.05463,0.74773,0.34263,0.18825,-0.53672,82.10339,-109.52666,-107.28686
48082000000,960.60138,-706.89740,-631.60669,0.74786,0.34275,0.18808,-0.53652,82.14223,-109.83554,-107.63828
48115000000,963.31720,-710.54272,-634.93884,0.74780,0.34283,0.18820,-0.53651,82.29758,-110.46439,-100.97434
48148000000,966.03168,-714.18903,-638.51202,0.74770,0.34283,0.18811,-0.53669,82.25690,-110.49398,-108.27822
48181000000,968.74725,-717.84576,-642.09589,0.74782,0.34280,0.18814,-0.53653,82.29018,-110.81025,-108.60189
48214000000,971.36267,-721.23492,-645.42419,0.74776,0.34291,0.18811,-0.53654,79.25507,-102.70182,-100.85782
48247000000,974.08081,-724.90955,-649.02856,0.74785,0.34284,0.18805,-0.53649,82.36787,-111.35217,-109.22334
48280000000,976.80078,-728.59503,-652.64471,0.74773,0.34279,0.18817,-0.53665,82.42336,-111.68139,-109.58030
48313000000,979.52197,-732.29053,-656.27209,0.74781,0.34289,0.18797,-0.53653,82.46034,-111.98472,-109.92062
48346000000,982.32062,-735.92804,-659.83606,0.74782,0.34285,0.18801,-0.53655,84.80743,-110.22765,-107.99893
48379000000,985.04590,-739.64410,-663.48596,0.74779,0.34276,0.18802,-0.53664,82.58427,-112.60802,-110.60310
48412000000,987.77374,-743.37103,-667.14722,0.74784,0.34269,0.18804,-0.53659,82.66195,-112.93723,-110.94712
48445000000,990.51709,-746.45453,-670.01752,0.74774,0.34260,0.18816,-0.53675,83.13173,-93.43928,-86.97880
48478000000,993.24823,-750.19550,-673.69336,0.74770,0.34254,0.18811,-0.53687,82.76183,-113.36263,-111.38916
48511000000,995.98358,-753.40643,-676.75391,0.74769,0.34246,0.18821,-0.53690,82.88944,-97.30114,-92.74384
48544000000,998.71759,-757.16248,-680.44617,0.74760,0.34240,0.18819,-0.53707,82.84875,-113.81947,-111.88669
48577000000,1001.45392,-760.92932,-684.14978,0.74768,0.34259,0.18811,-0.53686,82.91904,-114.14684,-112.23071
48610000000,1004.21820,-764.54199,-687.80536,0.74762,0.34268,0.18791,-0.53696,83.76613,-109.47488,-110.77511
48643000000,1006.95789,-768.32782,-691.53156,0.74760,0.34266,0.18786,-0.53701,83.02076,-114.72205,-112.91504
48676000000,1009.69885,-772.12469,-695.26929,0.74760,0.34246,0.18807,-0.53707,83.05960,-115.05682,-113.26460
48709000000,1012.68713,-775.71027,-698.45459,0.74764,0.34254,0.18806,-0.53696,90.55398,-108.65368,-96.52432
48742000000,1015.43463,-779.52576,-702.20929,0.74763,0.34261,0.18790,-0.53700,83.25750,-115.62093,-113.77878
48775000000,1018.18365,-783.35181,-705.97571,0.74759,0.34271,0.18794,-0.53698,83.30374,-115.94090,-114.13390
48808000000,1020.93475,-787.18848,-709.75391,0.74759,0.34261,0.18774,-0.53711,83.36662,-116.26273,-114.49086
48841000000,1023.57611,-790.93665,-713.61011,0.74754,0.34248,0.18775,-0.53725,80.04114,-113.58088,-116.85458
48874000000,1026.32922,-794.79333,-717.41180,0.74759,0.34253,0.18769,-0.53717,83.42766,-116.86938,-115.20293
48907000000,1029.08374,-798.66040,-721.22540,0.74762,0.34264,0.18765,-0.53707,83.47020,-117.18380,-115.56360
48940000000,1031.84351,-801.82428,-724.20459,0.74744,0.34259,0.18790,-0.53727,83.62926,-95.87514,-90.27840
48973000000,1034.60107,-805.70544,-728.03326,0.74747,0.34241,0.18791,-0.53735,83.56268,-117.61105,-116.02043
49006000000,1037.36084,-809.59747,-731.87329,0.74753,0.34230,0.18786,-0.53734,83.62926,-117.94027,-116.36445
49039000000,1040.12280,-813.49988,-735.72461,0.74744,0.34228,0.18791,-0.53746,83.69585,-118.25469,-116.70662
49072000000,1042.73572,-816.83044,-739.13678,0.74737,0.34249,0.18792,-0.53742,79.17924,-100.92625,-103.39910
49105000000,1045.49878,-820.74835,-743.00726,0.74733,0.34267,0.18775,-0.53742,83.72914,-118.72448,-117.28738
49138000000,1048.26367,-824.67712,-746.88934,0.74735,0.34280,0.18767,-0.53734,83.78462,-119.05370,-117.63879
49171000000,1051.01782,-828.16119,-750.06873,0.74733,0.34254,0.18771,-0.53752,83.45911,-105.57787,-96.34492
49204000000,1053.78625,-832.10651,-753.96716,0.74720,0.34266,0.18757,-0.53767,83.89190,-119.55492,-118.13447
49237000000,1056.55603,-836.06262,-757.87659,0.74721,0.34276,0.18746,-0.53763,83.93259,-119.88229,-118.46739
49303000000,1062.10095,-844.00641,-765.73065,0.74730,0.34266,0.18748,-0.53757,84.01397,-120.36040,-119.00098
49336000000,1064.76868,-847.44269,-768.56293,0.74728,0.34261,0.18752,-0.53761,80.84014,-104.12968,-85.82653
49369000000,1067.54370,-851.43579,-772.50842,0.74708,0.34257,0.18760,-0.53788,84.09165,-121.00312,-119.56047
49402000000,1070.32104,-855.43945,-776.46582,0.74704,0.34267,0.18752,-0.53790,84.16193,-121.32310,-119.92113
49435000000,1072.90308,-859.41608,-780.42529,0.74733,0.34267,0.18740,-0.53755,78.24337,-120.50375,-119.98402
49468000000,1075.68140,-863.44061,-784.40509,0.74721,0.34277,0.18739,-0.53764,84.19153,-121.95564,-120.59992
49501000000,1078.34094,-867.53522,-788.75916,0.74746,0.34272,0.18706,-0.53745,80.59230,-124.07893,-131.94136
49534000000,1081.12158,-871.58160,-792.76532,0.74736,0.34279,0.18697,-0.53758,84.26181,-122.61778,-121.39893
49567000000,1083.94849,-875.73145,-797.09381,0.74738,0.34275,0.18696,-0.53758,85.66376,-125.75277,-131.16640
49600000000,1086.73254,-879.79926,-801.12567,0.74728,0.34279,0.18691,-0.53772,84.36538,-123.26698,-122.17759
49633000000,1089.51892,-883.87811,-805.16943,0.74739,0.34279,0.18676,-0.53761,84.43567,-123.60174,-122.53825
49666000000,1091.76270,-887.44836,-808.74670,0.74754,0.34272,0.18685,-0.53741,67.99316,-108.18944,-108.40214
49699000000,1094.54736,-891.54352,-812.80975,0.74758,0.34281,0.18679,-0.53732,84.38388,-124.09557,-123.12270
49732000000,1097.33362,-895.64935,-816.88434,0.74740,0.34284,0.18667,-0.53760,84.43197,-124.41924,-123.47227
49765000000,1100.12219,-899.76569,-820.96979,0.74746,0.34288,0.18663,-0.53750,84.50225,-124.73737,-123.80149
49831000000,1105.69739,-907.97717,-828.95111,0.74751,0.34283,0.18667,-0.53745,84.47266,-124.41647,-120.92914
49864000000,1108.49011,-912.12488,-833.06995,0.74748,0.34302,0.18665,-0.53738,84.62802,-125.68803,-124.81319
49897000000,1111.28479,-916.28314,-837.19977,0.74743,0.34286,0.18660,-0.53756,84.68720,-126.00800,-125.14612
49930000000,1114.08118,-920.45166,-841.34192,0.74735,0.34279,0.18655,-0.53773,84.73899,-126.31873,-125.51972
49963000000,1116.57544,-924.59937,-845.26685,0.74718,0.34285,0.18668,-0.53789,75.58372,-125.68803,-118.93717
49996000000,1119.37158,-928.78839,-849.42938,0.74691,0.34281,0.18668,-0.53829,84.73159,-126.94018,-126.13747
50029000000,1122.16931,-932.98779,-853.60327,0.74626,0.34266,0.18696,-0.53919,84.77968,-127.25460,-126.48149
50062000000,1124.96826,-937.19757,-857.78833,0.74560,0.34250,0.18721,-0.54012,84.81667,-127.56902,-126.81996
50095000000,1127.76819,-941.41785,-861.98572,0.74512,0.34231,0.18770,-0.54073,84.84627,-127.88715,-127.19357
50161000000,1133.20093,-949.95477,-870.46680,0.74345,0.34189,0.18844,-0.54304,82.31423,-129.34737,-128.50121
50194000000,1136.00305,-954.20660,-874.69861,0.74243,0.34146,0.18907,-0.54448,84.91285,-128.84337,-128.23671
50227000000,1137.41675,-958.20325,-878.51782,0.74130,0.34094,0.18999,-0.54602,42.83928,-121.11040,-115.73376
50260000000,1140.20996,-962.47418,-882.76953,0.73988,0.34036,0.19078,-0.54803,84.64281,-129.42227,-128.83966
50293000000,1143.00354,-966.75598,-887.03241,0.73827,0.33986,0.19178,-0.55016,84.65392,-129.75150,-129.17813
50326000000,1145.79895,-971.04889,-891.30762,0.73668,0.33929,0.19265,-0.55233,84.70940,-130.08812,-129.55174
50392000000,1150.28198,-979.37933,-899.62189,0.73334,0.33847,0.19419,-0.55672,67.92473,-126.21886,-125.97379
50425000000,1153.07190,-983.70306,-903.93170,0.73153,0.33789,0.19506,-0.55915,84.54294,-131.02214,-130.60043
50458000000,1155.86353,-988.03839,-908.25323,0.73001,0.33729,0.19612,-0.56112,84.59473,-131.37355,-130.95555
50524000000,1162.15417,-997.33105,-917.03906,0.72734,0.33618,0.19789,-0.56462,95.31287,-140.79793,-133.11861
50557000000,1164.95386,-1001.70337,-921.39722,0.72593,0.33577,0.19865,-0.56641,84.83887,-132.49438,-132.06528
50590000000,1167.75439,-1006.08612,-925.76715,0.72467,0.33544,0.19951,-0.56792,84.86476,-132.81065,-132.42224
50623000000,1169.68774,-1010.17065,-929.83026,0.72333,0.33513,0.19996,-0.56966,58.58635,-123.77375,-123.12456
50689000000,1175.28101,-1018.98523,-938.62463,0.72082,0.33431,0.20137,-0.57280,84.74639,-133.55417,-133.24808
50722000000,1177.48120,-1023.28992,-942.97729,0.71985,0.33402,0.20192,-0.57400,66.67258,-130.44508,-131.89882
50755000000,1180.27551,-1027.72290,-947.40350,0.71868,0.33356,0.20241,-0.57556,84.67611,-134.33282,-134.12753
50788000000,1183.06970,-1032.16589,-951.84064,0.71754,0.33316,0.20296,-0.57702,84.67241,-134.63615,-134.45860
50821000000,1184.74731,-1036.19055,-955.90503,0.71658,0.33266,0.20366,-0.57826,50.83674,-121.95934,-123.16340
50854000000,1187.53577,-1040.65210,-960.36285,0.71548,0.33238,0.20401,-0.57966,84.49855,-135.19843,-135.08560
50887000000,1190.32520,-1045.12451,-964.83331,0.71441,0.33193,0.20470,-0.58097,84.52814,-135.52763,-135.46846
50920000000,1193.11536,-1049.60742,-969.31476,0.71340,0.33163,0.20496,-0.58229,84.55034,-135.84576,-135.80138
50953000000,1193.87329,-1053.24658,-973.13879,0.71250,0.33159,0.20526,-0.58332,22.96771,-110.27758,-115.87987
50986000000,1196.64941,-1057.74512,-977.63934,0.71144,0.33118,0.20577,-0.58466,84.12494,-136.31924,-136.38028
51019000000,1199.42627,-1062.25378,-982.15082,0.71052,0.33089,0.20623,-0.58578,84.14713,-136.62627,-136.71135
51052000000,1200.94800,-1066.39990,-986.13464,0.70980,0.33064,0.20673,-0.58662,46.11298,-125.63995,-120.72199
51085000000,1203.71741,-1070.92749,-990.66571,0.70878,0.33029,0.20738,-0.58783,83.92149,-137.19963,-137.30505
51118000000,1206.48694,-1075.46619,-995.21027,0.70793,0.32995,0.20782,-0.58888,83.92519,-137.53625,-137.71381
51151000000,1208.00427,-1079.52258,-999.12994,0.70744,0.32985,0.20799,-0.58947,45.97982,-122.92110,-118.77811
51184000000,1210.76685,-1084.08008,-1003.69391,0.70679,0.32983,0.20798,-0.59026,83.71434,-138.10591,-138.30197
51217000000,1213.52893,-1088.64771,-1008.26892,0.70611,0.32969,0.20807,-0.59112,83.69955,-138.41293,-138.63673
51250000000,1216.29236,-1093.22620,-1012.85614,0.70551,0.32971,0.20823,-0.59177,83.74023,-138.74216,-139.00664
51283000000,1219.05554,-1097.81470,-1017.45416,0.70506,0.32940,0.20846,-0.59239,83.73283,-139.04549,-139.33401
51316000000,1220.93616,-1102.31018,-1021.60754,0.70485,0.32952,0.20868,-0.59250,56.98834,-136.22678,-125.86004
51349000000,1223.69360,-1106.91858,-1026.22559,0.70435,0.32941,0.20872,-0.59314,83.55898,-139.64844,-139.94067
51382000000,1226.45190,-1111.53845,-1030.85498,0.70417,0.32925,0.20893,-0.59337,83.58487,-139.99615,-140.28468
51415000000,1228.50232,-1115.93665,-1034.74011,0.70391,0.32913,0.20885,-0.59377,62.13379,-133.27859,-117.73127
51448000000,1231.25696,-1120.57593,-1039.38818,0.70342,0.32895,0.20881,-0.59447,83.47390,-140.58430,-140.85065
51481000000,1234.01135,-1125.22571,-1044.04773,0.70311,0.32877,0.20892,-0.59489,83.46650,-140.90244,-141.19836
51514000000,1236.03564,-1129.75342,-1048.31458,0.70290,0.32907,0.20911,-0.59491,61.34218,-137.20334,-129.29836
51547000000,1238.78528,-1134.42358,-1052.99463,0.70240,0.32889,0.20927,-0.59554,83.32224,-141.52019,-141.81981
51580000000,1240.65039,-1139.27173,-1057.05847,0.70250,0.32865,0.20932,-0.59554,56.51855,-146.91347,-123.14675
51613000000,1243.39478,-1143.96460,-1061.75830,0.70225,0.32850,0.20947,-0.59586,83.16318,-142.20822,-142.41907
51646000000,1246.13928,-1148.66821,-1066.46985,0.70180,0.32855,0.20937,-0.59641,83.16688,-142.53374,-142.77419
51679000000,1247.96729,-1153.10840,-1070.71692,0.70174,0.32855,0.20918,-0.59654,55.39403,-134.55107,-128.69910
51712000000,1250.70605,-1157.83093,-1075.44824,0.70144,0.32844,0.20915,-0.59697,82.99302,-143.10710,-143.37343
51745000000,1253.44580,-1162.56470,-1080.19238,0.70111,0.32844,0.20901,-0.59739,83.02261,-143.44742,-143.76184
51778000000,1255.34644,-1167.38696,-1084.46606,0.70097,0.32842,0.20903,-0.59757,57.59499,-146.12926,-129.50551
51811000000,1258.08057,-1172.14246,-1089.23010,0.70061,0.32840,0.20890,-0.59805,82.85245,-144.10585,-144.36479
51844000000,1259.50854,-1176.82068,-1093.44299,0.70060,0.32832,0.20934,-0.59794,43.27208,-141.76433,-127.66335
51877000000,1262.23389,-1181.59668,-1098.22656,0.70022,0.32834,0.20933,-0.59838,82.58611,-144.72731,-144.95665
51910000000,1264.95947,-1186.38403,-1103.02161,0.69996,0.32828,0.20937,-0.59872,82.59351,-145.07132,-145.30437
51943000000,1266.67859,-1191.08118,-1107.60681,0.69982,0.32835,0.20911,-0.59893,52.09443,-142.33768,-138.94560
51976000000,1269.39783,-1195.88904,-1112.42468,0.69943,0.32842,0.20910,-0.59934,82.40116,-145.69276,-145.99609
52009000000,1272.11694,-1200.70740,-1117.25330,0.69932,0.32832,0.20911,-0.59952,82.39746,-146.01089,-146.32161
52042000000,1271.49976,-1204.83936,-1120.77795,0.69957,0.32802,0.20951,-0.59926,-18.70265,-125.21085,-106.80782
52075000000,1274.19531,-1209.67334,-1125.62036,0.69919,0.32799,0.20936,-0.59977,81.68353,-146.48438,-146.73961
52108000000,1276.89026,-1214.51843,-1130.47522,0.69898,0.32787,0.20918,-0.60014,81.66504,-146.82100,-147.11693
52141000000,1276.20361,-1218.89966,-1134.59656,0.69903,0.32770,0.20975,-0.59998,-20.80744,-132.76442,-124.88903
52174000000,1278.87354,-1223.76208,-1139.46875,0.69883,0.32761,0.20955,-0.60033,80.90672,-147.34627,-147.64220
52207000000,1281.54382,-1228.63501,-1144.35266,0.69844,0.32760,0.20916,-0.60092,80.91782,-147.66438,-147.99731
52306000000,1288.80164,-1243.10767,-1158.83911,0.69821,0.32752,0.20903,-0.60128,73.31124,-146.18845,-146.32777
52339000000,1291.46704,-1248.02283,-1163.76892,0.69794,0.32754,0.20866,-0.60171,80.76986,-148.94427,-149.38817
52372000000,1294.13281,-1252.94836,-1168.71057,0.69771,0.32765,0.20848,-0.60199,80.78095,-149.25870,-149.74698
52405000000,1296.80505,-1257.90771,-1173.56714,0.69748,0.32736,0.20923,-0.60215,80.97701,-150.28336,-147.16872
52438000000,1299.47180,-1262.85571,-1178.52905,0.69748,0.32735,0.20890,-0.60226,80.81055,-149.93933,-150.36104
52471000000,1302.13806,-1267.81396,-1183.50208,0.69733,0.32751,0.20852,-0.60249,80.79575,-150.25006,-150.69765
52504000000,1304.82581,-1272.79626,-1188.40466,0.69723,0.32748,0.20931,-0.60234,81.44679,-150.97879,-148.56326
52537000000,1307.49280,-1277.77563,-1193.39795,0.69696,0.32731,0.20930,-0.60275,80.81795,-150.89000,-151.31171
52570000000,1310.16089,-1282.76599,-1198.40344,0.69682,0.32746,0.20888,-0.60298,80.85123,-151.22293,-151.68161
52603000000,1312.84998,-1287.76648,-1203.36060,0.69676,0.32685,0.20952,-0.60316,81.48748,-151.52995,-150.21677
52636000000,1315.51855,-1292.77820,-1208.38782,0.69647,0.32693,0.20954,-0.60344,80.86604,-151.87027,-152.34006
52669000000,1318.18750,-1297.80090,-1213.42712,0.69646,0.32700,0.20934,-0.60348,80.87713,-152.20319,-152.70627
52702000000,1320.85083,-1302.82861,-1218.43774,0.69676,0.32673,0.20910,-0.60336,80.70697,-152.35484,-151.83698
52735000000,1323.51953,-1307.87231,-1223.49927,0.69640,0.32667,0.20899,-0.60385,80.86974,-152.83943,-153.37950
52768000000,1326.18872,-1312.92676,-1228.57251,0.69644,0.32671,0.20888,-0.60382,80.88453,-153.16495,-153.73462
52801000000,1328.88379,-1317.99023,-1233.70129,0.69647,0.32631,0.20933,-0.60385,81.66874,-153.43869,-155.41771
52834000000,1331.55432,-1323.06604,-1238.79883,0.69603,0.32644,0.20901,-0.60439,80.92522,-153.81229,-154.47073
52867000000,1334.21484,-1328.15076,-1243.87927,0.69600,0.32630,0.20914,-0.60446,80.62189,-154.08232,-153.95287
52900000000,1336.88428,-1333.24792,-1249.00012,0.69588,0.32622,0.20887,-0.60474,80.89193,-154.45964,-155.17726
52933000000,1339.55518,-1338.35571,-1254.13232,0.69579,0.32621,0.20889,-0.60484,80.93632,-154.78146,-155.52127
52966000000,1342.25000,-1343.47913,-1259.21558,0.69593,0.32624,0.20856,-0.60478,81.66134,-155.25494,-154.03793
52999000000,1344.92102,-1348.60913,-1264.36951,0.69573,0.32628,0.20820,-0.60510,80.94002,-155.45470,-156.17972
53032000000,1347.59155,-1353.74878,-1269.53552,0.69560,0.32610,0.20817,-0.60536,80.92522,-155.74692,-156.54593
53065000000,1350.29370,-1358.99072,-1274.65186,0.69554,0.32599,0.20862,-0.60533,81.88329,-158.84677,-155.04039
53098000000,1352.96533,-1364.15454,-1279.83984,0.69540,0.32593,0.20847,-0.60558,80.95851,-156.47934,-157.21176
53131000000,1355.62659,-1369.39465,-1284.98792,0.69527,0.32602,0.20826,-0.60575,80.64409,-158.79129,-156.00217
53164000000,1358.29797,-1374.58069,-1290.19763,0.69511,0.32590,0.20813,-0.60605,80.95111,-157.15259,-157.87021
53197000000,1360.96973,-1379.77856,-1295.41895,0.69506,0.32578,0.20811,-0.60618,80.96221,-157.51140,-158.22162
53230000000,1362.44397,-1384.97229,-1300.01917,0.69499,0.32556,0.20830,-0.60631,44.67403,-157.38562,-139.40060
53263000000,1365.10156,-1390.18884,-1305.26294,0.69489,0.32554,0.20820,-0.60647,80.53311,-158.07736,-158.90225
53296000000,1367.75830,-1395.41614,-1310.51794,0.69467,0.32544,0.20830,-0.60673,80.50722,-158.40288,-159.24257
53329000000,1370.44836,-1400.74622,-1315.68860,0.69451,0.32541,0.20834,-0.60692,81.51707,-161.51752,-156.68649
53362000000,1373.10681,-1405.99744,-1320.96497,0.69428,0.32547,0.20812,-0.60723,80.55901,-159.12790,-159.88992
53395000000,1375.75977,-1411.24219,-1326.27612,0.69423,0.32535,0.20847,-0.60723,80.39255,-158.93185,-160.94415
53428000000,1378.41870,-1416.51465,-1331.57678,0.69423,0.32532,0.20832,-0.60730,80.57381,-159.77155,-160.62604
53461000000,1381.07690,-1421.79724,-1336.88867,0.69409,0.32521,0.20813,-0.60759,80.55161,-160.07857,-160.96635
53494000000,1383.69043,-1427.17395,-1342.18005,0.69408,0.32494,0.20899,-0.60744,79.19774,-162.93057,-160.34491
53527000000,1386.34790,-1432.47974,-1347.51428,0.69393,0.32493,0.20887,-0.60767,80.52942,-160.78140,-161.64330
53560000000,1388.97498,-1437.76465,-1352.86646,0.69357,0.32517,0.20852,-0.60806,79.60834,-160.14885,-162.18706
53593000000,1391.63159,-1443.09131,-1358.22485,0.69334,0.32525,0.20836,-0.60834,80.50352,-161.41394,-162.37572
53626000000,1394.28979,-1448.53003,-1363.47510,0.69324,0.32510,0.20885,-0.60837,80.55161,-164.80972,-159.09831
53659000000,1396.94739,-1453.88074,-1368.85547,0.69312,0.32495,0.20880,-0.60860,80.53311,-162.14267,-163.04155
53692000000,1399.60437,-1459.24194,-1374.24622,0.69309,0.32482,0.20880,-0.60870,80.51462,-162.46078,-163.35597
53725000000,1402.28491,-1464.69531,-1379.67249,0.69287,0.32436,0.20907,-0.60911,81.22855,-165.25362,-164.43240
53758000000,1404.94214,-1470.07910,-1385.08630,0.69271,0.32447,0.20877,-0.60933,80.52202,-163.14513,-164.05510
53791000000,1407.58191,-1475.59485,-1390.38928,0.69257,0.32446,0.20920,-0.60935,79.99305,-167.14384,-160.69632
53824000000,1410.23889,-1481.00256,-1395.82581,0.69237,0.32435,0.20929,-0.60961,80.51462,-163.87015,-164.74313
53857000000,1412.89624,-1486.42065,-1401.27332,0.69218,0.32450,0.20910,-0.60980,80.52572,-164.18457,-165.07605
53890000000,1415.59094,-1491.86719,-1406.72925,0.69211,0.32425,0.20900,-0.61006,81.65764,-165.04646,-165.33130
53923000000,1418.24780,-1497.30725,-1412.20056,0.69188,0.32428,0.20875,-0.61038,80.51092,-164.85040,-165.79738
53989000000,1423.57251,-1508.20044,-1423.12354,0.69154,0.32411,0.20898,-0.61078,80.67738,-165.04831,-165.49960
54055000000,1428.84766,-1519.16211,-1434.15051,0.69142,0.32428,0.20912,-0.61078,79.92646,-166.08591,-167.07542
54088000000,1431.50562,-1524.65552,-1439.68005,0.69108,0.32429,0.20902,-0.61120,80.54421,-166.46692,-167.56184
54121000000,1434.16968,-1530.14331,-1445.18225,0.69116,0.32387,0.20967,-0.61110,80.72916,-166.29675,-166.73325
54154000000,1436.82739,-1535.65808,-1450.73413,0.69108,0.32364,0.20966,-0.61131,80.53681,-167.11426,-168.23878
54187000000,1439.51477,-1541.10754,-1456.39502,0.69065,0.32372,0.20997,-0.61166,81.43569,-165.13524,-171.54208
54220000000,1442.17261,-1546.64197,-1461.97119,0.69040,0.32380,0.20976,-0.61196,80.54051,-167.70981,-168.97490
54253000000,1444.83044,-1552.18762,-1467.56104,0.69056,0.32366,0.20951,-0.61195,80.54051,-168.05013,-169.38921
54286000000,1447.65393,-1557.73450,-1472.59106,0.69019,0.32341,0.21034,-0.61221,85.56020,-168.08713,-152.42513
54319000000,1450.31458,-1563.30139,-1478.19360,0.69014,0.32334,0.20997,-0.61243,80.62560,-168.69377,-169.77391
54352000000,1452.92542,-1568.91772,-1483.87439,0.69012,0.32309,0.21039,-0.61244,79.11636,-170.19191,-172.14503
54385000000,1455.58521,-1574.50684,-1489.50134,0.68980,0.32307,0.21038,-0.61281,80.59970,-169.36700,-170.51373
54418000000,1458.42151,-1579.99170,-1495.14001,0.68983,0.32311,0.21022,-0.61281,85.94860,-166.20798,-170.86885
54451000000,1461.08435,-1585.60083,-1500.79053,0.68972,0.32301,0.21009,-0.61304,80.69218,-169.97366,-171.22766
54484000000,1463.73438,-1591.28540,-1506.38110,0.68945,0.32272,0.21062,-0.61331,80.30377,-172.25970,-169.41141
54517000000,1466.39624,-1596.91565,-1512.05249,0.68917,0.32266,0.21061,-0.61366,80.66258,-170.61360,-171.86020
54550000000,1469.22290,-1602.70203,-1517.35376,0.68921,0.32239,0.21133,-0.61351,85.65637,-175.34476,-160.64453
54583000000,1471.88721,-1608.35669,-1523.04419,0.68895,0.32241,0.21119,-0.61384,80.73656,-171.35342,-172.43727
54616000000,1474.55151,-1614.02148,-1528.74609,0.68882,0.32235,0.21112,-0.61404,80.73656,-171.66045,-172.78497
54649000000,1477.10474,-1619.45813,-1534.73267,0.68882,0.32200,0.21144,-0.61411,77.37038,-164.74684,-181.41129
54682000000,1479.76746,-1625.14062,-1540.46289,0.68861,0.32204,0.21144,-0.61433,80.68848,-172.19682,-173.64317
54715000000,1482.23157,-1630.72510,-1546.30481,0.68856,0.32216,0.21098,-0.61448,74.67004,-169.22644,-177.02785
54748000000,1484.89136,-1636.42822,-1552.05908,0.68847,0.32215,0.21069,-0.61468,80.59970,-172.82198,-174.37189
54781000000,1487.64587,-1642.03589,-1557.67737,0.68815,0.32175,0.21153,-0.61496,83.47020,-169.92928,-170.25110
54814000000,1490.30615,-1647.75842,-1563.45325,0.68793,0.32179,0.21142,-0.61522,80.61449,-173.41013,-175.02664
54847000000,1492.91919,-1653.49841,-1569.26770,0.68823,0.32147,0.21169,-0.61497,79.18295,-173.93910,-176.19556
54880000000,1495.57898,-1659.24207,-1575.06714,0.68805,0.32141,0.21157,-0.61524,80.59970,-174.05008,-175.74055
54913000000,1498.26807,-1664.93958,-1580.70984,0.68793,0.32149,0.21178,-0.61525,81.48748,-172.65181,-170.99092
54946000000,1500.92834,-1670.70410,-1586.52991,0.68772,0.32133,0.21172,-0.61560,80.61449,-174.68262,-176.36571
54979000000,1503.60620,-1676.42029,-1592.22852,0.68762,0.32135,0.21234,-0.61549,81.14716,-173.21777,-172.68510
55012000000,1506.26611,-1682.20532,-1598.07141,0.68761,0.32147,0.21222,-0.61548,80.60340,-175.30406,-177.05743
55045000000,1508.91125,-1688.01990,-1604.03894,0.68771,0.32150,0.21211,-0.61539,80.15581,-176.19925,-180.83423
55078000000,1511.57190,-1693.82678,-1609.90625,0.68746,0.32148,0.21188,-0.61576,80.62560,-175.96620,-177.79726
55111000000,1514.23120,-1699.64441,-1615.78455,0.68727,0.32144,0.21196,-0.61596,80.58490,-176.29173,-178.13017
55144000000,1516.90637,-1705.49426,-1621.63635,0.68723,0.32117,0.21210,-0.61610,81.06579,-177.26830,-177.32747
55177000000,1519.56519,-1711.33276,-1627.53821,0.68718,0.32095,0.21221,-0.61623,80.57011,-176.92427,-178.84410
55210000000,1522.22546,-1717.18372,-1633.45142,0.68708,0.32081,0.21216,-0.61643,80.61449,-177.30157,-179.18813
55243000000,1524.88757,-1722.91199,-1639.17773,0.68719,0.32093,0.21206,-0.61629,80.66998,-173.58398,-173.52480
55276000000,1527.54688,-1728.78174,-1645.11194,0.68703,0.32088,0.21220,-0.61644,80.58490,-177.87125,-179.82437
55309000000,1530.32739,-1734.09790,-1650.02002,0.68701,0.32062,0.21229,-0.61657,84.25811,-161.09583,-148.72974
55342000000,1532.98877,-1739.98083,-1655.96240,0.68684,0.32066,0.21218,-0.61677,80.64779,-178.27075,-180.07220
55375000000,1535.67444,-1745.71240,-1662.07434,0.68654,0.32048,0.21290,-0.61695,81.38391,-173.68387,-185.21025
55408000000,1538.33557,-1751.61426,-1668.04199,0.68658,0.32037,0.21272,-0.61702,80.64039,-178.84410,-180.83792
55441000000,1540.91150,-1758.27942,-1674.98181,0.68662,0.32028,0.21311,-0.61689,78.05842,-201.97458,-210.29756
55474000000,1543.57166,-1764.21313,-1680.98572,0.68651,0.32016,0.21311,-0.61707,80.61079,-179.80957,-181.93655
55507000000,1546.26392,-1770.15076,-1687.02197,0.68636,0.32004,0.21339,-0.61721,81.58366,-179.92795,-182.91681
55540000000,1548.92419,-1776.10657,-1693.05151,0.68622,0.32006,0.21337,-0.61737,80.61449,-180.47911,-182.71336
55573000000,1551.53076,-1782.07886,-1699.11292,0.68604,0.31987,0.21368,-0.61756,78.98689,-180.97849,-183.67883
55606000000,1554.19055,-1788.05518,-1705.16516,0.68621,0.31977,0.21369,-0.61741,80.59970,-181.10056,-183.40140
55639000000,1557.04993,-1792.86804,-1709.83813,0.68584,0.31982,0.21392,-0.61772,86.64773,-145.84444,-141.60526
55672000000,1559.71204,-1798.85168,-1715.89685,0.68573,0.31984,0.21402,-0.61779,80.66998,-181.32251,-183.59744
55705000000,1562.37378,-1804.84521,-1721.96655,0.68550,0.31978,0.21419,-0.61802,80.65888,-181.62213,-183.93037
55738000000,1564.83594,-1810.59888,-1727.81726,0.68562,0.31949,0.21424,-0.61802,74.61086,-174.35339,-177.29419
55771000000,1567.49475,-1816.61096,-1733.90759,0.68560,0.31920,0.21430,-0.61817,80.57011,-182.18439,-184.55551
55804000000,1570.08228,-1823.48328,-1740.52979,0.68545,0.31931,0.21454,-0.61820,78.40983,-208.25195,-200.67250
55837000000,1572.74048,-1829.52734,-1746.64990,0.68535,0.31940,0.21452,-0.61827,80.55161,-183.15356,-185.45810
55870000000,1575.39758,-1835.58191,-1752.78198,0.68533,0.31917,0.21471,-0.61834,80.51832,-183.47168,-185.82060
55903000000,1578.11975,-1841.73914,-1758.86218,0.68522,0.31915,0.21435,-0.61861,82.48994,-186.58263,-184.24849
55936000000,1580.77710,-1847.81653,-1765.01709,0.68525,0.31911,0.21461,-0.61850,80.52572,-184.16341,-186.51234
55969000000,1583.43481,-1853.90417,-1771.18237,0.68519,0.31899,0.21466,-0.61861,80.53681,-184.47414,-186.82677
56035000000,1588.69592,-1866.34229,-1783.53943,0.68515,0.31815,0.21546,-0.61881,79.71376,-188.45622,-187.22812
56068000000,1591.35278,-1872.46387,-1789.73889,0.68490,0.31790,0.21555,-0.61919,80.51092,-185.50249,-187.86252
56101000000,1594.13147,-1878.47266,-1796.17834,0.68489,0.31802,0.21531,-0.61922,84.20262,-182.08452,-195.13495
56134000000,1596.78918,-1884.61438,-1802.40393,0.68458,0.31765,0.21562,-0.61964,80.53681,-186.11284,-188.65411
56167000000,1599.44470,-1890.76501,-1808.64075,0.68433,0.31736,0.21567,-0.62005,80.47023,-186.38287,-188.99443
56200000000,1602.05933,-1896.80334,-1814.53174,0.68329,0.31744,0.21650,-0.62086,79.23103,-182.97971,-178.51489
56233000000,1604.71411,-1902.97400,-1820.78674,0.68241,0.31715,0.21674,-0.62190,80.44804,-186.98953,-189.54561
56266000000,1607.35107,-1909.15662,-1827.06934,0.68124,0.31707,0.21760,-0.62292,79.90797,-187.35204,-190.38161
56299000000,1610.00476,-1915.34814,-1833.34888,0.68004,0.31651,0.21815,-0.62433,80.41474,-187.62207,-190.28912
56332000000,1612.65637,-1921.52625,-1839.63574,0.67846,0.31604,0.21898,-0.62599,80.35186,-187.21516,-190.51106
56365000000,1615.25977,-1927.75940,-1845.96948,0.67685,0.31499,0.22005,-0.62787,78.89072,-188.88347,-191.93152
56398000000,1617.90906,-1933.98132,-1852.28149,0.67503,0.31446,0.22097,-0.62978,80.28158,-188.54315,-191.27309
56431000000,1620.49316,-1940.15039,-1858.70862,0.67266,0.31390,0.22190,-0.63227,78.30626,-186.94144,-194.76134
56464000000,1623.13940,-1946.39221,-1865.04651,0.67022,0.31308,0.22307,-0.63484,80.18910,-189.14610,-192.05730
56497000000,1625.82849,-1952.71460,-1871.34119,0.66739,0.31222,0.22440,-0.63777,81.48748,-191.58751,-190.74782
56530000000,1628.47192,-1958.97803,-1877.69983,0.66448,0.31136,0.22572,-0.64076,80.10402,-189.80084,-192.68614
56563000000,1630.78699,-1964.95288,-1883.32227,0.66165,0.30986,0.22761,-0.64373,70.15344,-181.05617,-170.37686
56596000000,1633.42493,-1971.23389,-1889.69690,0.65796,0.30876,0.22935,-0.64743,79.93756,-190.33351,-193.17072
56629000000,1635.77319,-1977.81982,-1896.02576,0.65383,0.30691,0.23142,-0.65173,71.15959,-199.57387,-191.78355
56662000000,1638.40393,-1984.12622,-1902.42371,0.64964,0.30541,0.23327,-0.65596,79.71931,-191.10292,-193.87724
56695000000,1640.96216,-1990.29663,-1909.01257,0.64449,0.30402,0.23533,-0.66093,77.52205,-186.98213,-199.66264
56728000000,1643.58667,-1996.62183,-1915.43518,0.63924,0.30231,0.23758,-0.66598,79.53065,-191.67259,-194.62447
56761000000,1646.61145,-2002.12134,-1921.52307,0.63356,0.29962,0.24044,-0.67158,91.66001,-166.65187,-184.48154
56794000000,1649.23474,-2008.45752,-1927.96606,0.62673,0.29760,0.24336,-0.67781,79.49367,-192.00551,-195.24222
56827000000,1651.52002,-2014.56470,-1933.94971,0.61969,0.29495,0.24641,-0.68431,69.25086,-185.06599,-181.32251
56860000000,1654.13232,-2020.91919,-1940.41101,0.61189,0.29206,0.24956,-0.69139,79.16075,-192.56036,-195.79709
56893000000,1656.64197,-2027.24524,-1946.85327,0.60359,0.28944,0.25266,-0.69862,76.04980,-191.69849,-195.22002
56926000000,1659.24683,-2033.62012,-1953.33838,0.59409,0.28603,0.25654,-0.70670,78.93510,-193.17812,-196.51840
56959000000,1661.76501,-2039.97681,-1959.78821,0.58403,0.28212,0.26074,-0.71507,76.30874,-192.62695,-195.44937
56992000000,1664.35913,-2046.37170,-1966.29614,0.57285,0.27817,0.26507,-0.72402,78.60958,-193.78477,-197.21014
57025000000,1666.94604,-2052.77563,-1972.81348,0.56108,0.27394,0.26945,-0.73318,78.39133,-194.05850,-197.49496
57058000000,1669.52515,-2059.23828,-1979.36707,0.54852,0.26917,0.27438,-0.74256,78.15459,-195.83777,-198.59360
57091000000,1671.90222,-2065.67896,-1985.82532,0.53491,0.26396,0.27904,-0.75256,72.03259,-195.17194,-195.70461
57124000000,1674.43433,-2072.11304,-1992.25452,0.51933,0.25781,0.28457,-0.76345,76.73044,-194.97218,-194.82422
57157000000,1677.01221,-2078.52319,-1998.67798,0.50299,0.25134,0.29011,-0.77438,78.11760,-194.24716,-194.65036
57190000000,1678.97754,-2085.02637,-2005.05420,-0.48475,-0.24493,-0.29609,0.78572,59.55552,-197.06587,-193.21881
57223000000,1681.23633,-2091.46753,-2011.60071,-0.46589,-0.23748,-0.30203,0.79708,68.44815,-195.18674,-198.37906
57256000000,1683.70227,-2097.87866,-2018.13171,-0.44612,-0.22942,-0.30787,0.80843,74.72552,-194.27675,-197.90927
57322000000,1688.70215,-2110.81567,-2031.33862,-0.40561,-0.21466,-0.31770,0.82974,75.75573,-196.01534,-200.10469
57355000000,1691.19470,-2117.30322,-2037.95227,-0.38482,-0.20666,-0.32245,0.83978,75.53193,-196.59239,-200.41356
57388000000,1693.67981,-2123.77832,-2044.58289,-0.36388,-0.19861,-0.32731,0.84912,75.30629,-196.21509,-200.92773
57421000000,1696.16821,-2130.26587,-2051.22388,-0.34297,-0.19041,-0.33211,0.85780,75.40616,-196.59239,-201.24216
57454000000,1698.64868,-2136.77319,-2057.86353,-0.32210,-0.18209,-0.33676,0.86584,75.16572,-197.19165,-201.20146
57487000000,1701.10669,-2143.28223,-2064.50391,-0.30084,-0.17415,-0.34106,0.87341,74.48508,-197.24344,-201.22366
57553000000,1706.02368,-2156.32617,-2077.82300,-0.25721,-0.15700,-0.34931,0.88723,74.49989,-197.63553,-201.80443
57586000000,1708.46497,-2162.85132,-2084.49487,-0.23566,-0.14889,-0.35221,0.89344,73.97831,-197.73172,-202.17802
57619000000,1710.89966,-2169.38477,-2091.17334,-0.21255,-0.13975,-0.35587,0.89925,73.77856,-197.98325,-202.37778
57652000000,1713.33521,-2175.90308,-2097.87793,-0.19107,-0.13079,-0.35879,0.90424,73.80445,-197.52457,-203.16939
57718000000,1718.16174,-2188.99487,-2111.26782,-0.14654,-0.11256,-0.36504,0.91247,73.12936,-198.36057,-202.87717
57751000000,1720.56152,-2195.54712,-2117.97217,-0.12517,-0.10427,-0.36685,0.91590,72.72061,-198.55292,-203.16199
57850000000,1729.43066,-2217.75537,-2141.07837,-0.06515,-0.07998,-0.37284,0.92214,89.58728,-224.32578,-233.39597
57883000000,1731.82336,-2224.35278,-2147.82788,-0.04482,-0.07148,-0.37453,0.92337,72.50607,-199.92159,-204.53065
57916000000,1733.84216,-2230.88452,-2154.00513,-0.02503,-0.06373,-0.37586,0.92414,61.17572,-197.93146,-187.18927
57949000000,1736.21631,-2237.48340,-2160.76880,-0.00515,-0.05566,-0.37723,0.92443,71.94380,-199.96597,-204.95975
57982000000,1737.30286,-2243.89233,-2166.09326,0.01394,-0.04807,-0.37819,0.92437,32.92569,-194.21017,-161.34737
58015000000,1739.65063,-2250.49561,-2172.85620,0.03309,-0.04023,-0.37930,0.92381,71.14480,-200.09914,-204.93756
58048000000,1741.04041,-2257.11865,-2178.62134,0.05039,-0.03339,-0.37942,0.92325,42.11426,-200.69839,-174.70111
58081000000,1743.36414,-2263.72778,-2185.38672,0.06810,-0.02613,-0.38017,0.92204,70.41608,-200.27669,-205.01154
58114000000,1745.45288,-2270.24487,-2191.90308,0.08384,-0.01963,-0.38053,0.92075,63.29531,-197.48758,-197.46538
58147000000,1747.75830,-2276.85791,-2198.67529,0.09932,-0.01328,-0.38083,0.91920,69.86121,-200.39507,-205.21869
58180000000,1749.76965,-2283.34595,-2205.14136,0.11307,-0.00748,-0.38111,0.91756,60.95008,-196.60719,-195.94135
58213000000,1752.05725,-2289.96313,-2211.92090,0.12696,-0.00167,-0.38137,0.91566,69.32114,-200.52083,-205.44064
58246000000,1754.07117,-2296.03687,-2218.40454,0.13933,0.00339,-0.38133,0.91387,61.02776,-184.05244,-196.47401
58279000000,1756.33887,-2302.65259,-2225.18921,0.15149,0.00868,-0.38135,0.91189,68.71819,-200.47644,-205.59599
58312000000,1758.33801,-2308.95337,-2231.52637,0.16173,0.01310,-0.38149,0.91002,60.58017,-190.93277,-192.03510
58345000000,1760.58838,-2315.57104,-2238.31470,0.17192,0.01741,-0.38117,0.90821,68.19292,-200.53563,-205.70697
58378000000,1762.83032,-2322.19043,-2245.10620,0.18098,0.02130,-0.38108,0.90640,67.93768,-200.58742,-205.80315
58411000000,1764.82507,-2328.56567,-2251.52319,0.18691,0.02377,-0.38080,0.90526,60.44700,-193.18922,-194.45432
58444000000,1767.04822,-2335.18530,-2258.31787,0.19453,0.02710,-0.38074,0.90358,67.36802,-200.59482,-205.89932
58477000000,1769.26392,-2341.80786,-2265.11743,0.20102,0.02990,-0.38059,0.90213,67.14237,-200.68359,-206.04729
58510000000,1771.46460,-2348.41968,-2271.90796,0.20411,0.03091,-0.37997,0.90167,66.68739,-200.35808,-205.77356
58543000000,1773.66528,-2355.04565,-2278.71558,0.20850,0.03277,-0.38002,0.90058,66.68739,-200.78717,-206.29143
58576000000,1775.85681,-2361.67358,-2285.52686,0.21171,0.03411,-0.37985,0.89985,66.40995,-200.84636,-206.40240
58609000000,1778.03857,-2368.29883,-2292.33740,0.21358,0.03461,-0.37936,0.89960,66.11402,-200.76497,-206.38020
58642000000,1780.21606,-2374.93188,-2299.15698,0.21536,0.03558,-0.37941,0.89911,65.98455,-201.00172,-206.65395
58708000000,1784.54529,-2388.20312,-2312.80908,0.21578,0.03578,-0.37945,0.89899,65.59430,-201.07939,-206.84999
58741000000,1786.69446,-2394.84399,-2319.64233,0.21313,0.03468,-0.37924,0.89975,65.12636,-201.23846,-207.06824
58774000000,1788.83911,-2401.48535,-2326.47925,0.21081,0.03383,-0.37936,0.90028,64.98949,-201.25325,-207.17921
58807000000,1790.97607,-2408.12988,-2333.32153,0.20671,0.03206,-0.37961,0.90118,64.75645,-201.34943,-207.34198
58840000000,1793.10632,-2414.77368,-2340.16553,0.20109,0.02924,-0.37945,0.90262,64.55300,-201.32724,-207.39377
58873000000,1795.22742,-2421.42432,-2347.01758,0.19508,0.02700,-0.37967,0.90392,64.27557,-201.53439,-207.63791
58906000000,1797.33093,-2428.06299,-2353.86304,0.18767,0.02411,-0.37997,0.90544,63.74290,-201.17188,-207.43816
58939000000,1799.43604,-2434.71753,-2360.72363,0.17993,0.02091,-0.38018,0.90700,63.79099,-201.65276,-207.89684
58972000000,1801.24829,-2441.18652,-2367.38159,0.17131,0.01704,-0.38050,0.90862,54.91684,-196.03012,-201.75633
59005000000,1803.33167,-2447.84473,-2374.24902,0.16250,0.01350,-0.38073,0.91019,63.13255,-201.76373,-208.10399
59038000000,1805.40381,-2454.50366,-2381.12207,0.15302,0.00947,-0.38086,0.91183,62.79223,-201.78592,-208.27415
59104000000,1809.53467,-2467.77539,-2394.87549,0.13230,0.00088,-0.38107,0.91503,62.58878,-201.08679,-208.38512
59170000000,1813.57739,-2481.08496,-2408.61670,0.11069,-0.00817,-0.38119,0.91781,61.25340,-201.66016,-208.20016
59203000000,1815.60168,-2487.75952,-2415.51611,0.09971,-0.01285,-0.38116,0.91902,61.34218,-202.25941,-209.07315
59236000000,1817.61633,-2494.43799,-2422.42310,0.08837,-0.01743,-0.38090,0.92022,61.04995,-202.37778,-209.30251
59269000000,1819.56348,-2501.08789,-2429.27905,0.07614,-0.02247,-0.38125,0.92106,59.00435,-201.51219,-207.75627
59302000000,1821.55615,-2507.77417,-2436.19775,0.06431,-0.02731,-0.38091,0.92197,60.38411,-202.61453,-209.65761
59335000000,1823.53943,-2514.46606,-2443.12305,0.05153,-0.03271,-0.38063,0.92271,60.09929,-202.78468,-209.85736
59368000000,1825.44763,-2521.14185,-2449.99194,0.03812,-0.03796,-0.38010,0.92338,57.82434,-202.29640,-208.14838
59401000000,1827.41003,-2527.84155,-2456.92920,0.02480,-0.04362,-0.37943,0.92386,59.46674,-203.02142,-210.21988
59434000000,1829.36414,-2534.54712,-2463.87524,0.01130,-0.04907,-0.37846,0.92425,59.21520,-203.19899,-210.48621
59500000000,1833.24414,-2547.97168,-2477.78589,-0.01570,-0.05994,-0.37714,0.92408,58.78795,-203.40244,-210.76735
59533000000,1835.10815,-2554.68115,-2484.69360,-0.02733,-0.06461,-0.37674,0.92366,56.48526,-203.31735,-209.32469
59566000000,1837.02527,-2561.40259,-2491.66284,-0.03685,-0.06855,-0.37601,0.92334,58.09437,-203.67987,-211.18904
59599000000,1838.93542,-2568.12842,-2498.64038,-0.04509,-0.07195,-0.37560,0.92288,57.88352,-203.81303,-211.44058
59632000000,1840.75916,-2574.83545,-2505.56958,-0.05298,-0.07515,-0.37475,0.92255,55.26456,-203.24338,-209.97574
59665000000,1842.65027,-2581.57080,-2512.55884,-0.05995,-0.07810,-0.37390,0.92223,57.30647,-204.10156,-211.79568
59698000000,1844.53503,-2588.31152,-2519.55542,-0.06662,-0.08074,-0.37317,0.92184,57.11411,-204.26433,-212.01764
59731000000,1846.18677,-2594.98828,-2526.31958,-0.07321,-0.08328,-0.37249,0.92139,50.05253,-202.32599,-204.97455
59764000000,1848.05176,-2601.73706,-2533.32642,-0.07866,-0.08556,-0.37198,0.92094,56.51485,-204.50847,-212.32837
59830000000,1851.76111,-2615.25000,-2547.36035,-0.08751,-0.08915,-0.37105,0.92017,56.20228,-204.74150,-212.63539
59863000000,1853.50647,-2621.96094,-2554.24829,-0.09088,-0.09043,-0.37059,0.91990,52.88974,-203.36174,-208.72543
59896000000,1855.33875,-2628.72876,-2561.28076,-0.09357,-0.09162,-0.37028,0.91964,55.52350,-205.08553,-213.10518
59929000000,1857.16138,-2635.50220,-2568.32007,-0.09542,-0.09220,-0.37026,0.91940,55.23127,-205.25568,-213.31232
59995000000,1860.65869,-2649.03564,-2582.29663,-0.09776,-0.09306,-0.37059,0.91894,52.98961,-205.05223,-211.76610
60028000000,1862.45630,-2655.82324,-2589.35596,-0.09708,-0.09282,-0.37069,0.91899,54.47295,-205.68478,-213.91898
60061000000,1864.10571,-2662.57715,-2596.17383,-0.09629,-0.09253,-0.37038,0.91923,49.98225,-204.66383,-206.60216
60094000000,1865.88306,-2669.37256,-2603.24316,-0.09458,-0.09171,-0.37081,0.91932,53.85890,-205.92152,-214.22231
60127000000,1867.65051,-2676.17334,-2610.31885,-0.09218,-0.09080,-0.37110,0.91953,53.55928,-206.08427,-214.41466
60160000000,1869.40979,-2682.97754,-2617.40112,-0.08858,-0.08928,-0.37138,0.91992,53.31144,-206.18785,-214.61441
60193000000,1871.15845,-2689.78809,-2624.49072,-0.08454,-0.08766,-0.37177,0.92030,52.98961,-206.38020,-214.83635
60226000000,1872.78333,-2696.54468,-2631.41943,-0.08000,-0.08591,-0.37177,0.92087,49.23872,-204.74521,-209.96094
60259000000,1874.51526,-2703.36206,-2638.51929,-0.07431,-0.08357,-0.37240,0.92131,52.48284,-206.58736,-215.14708
60292000000,1876.23779,-2710.18213,-2645.62500,-0.06838,-0.08111,-0.37312,0.92170,52.19801,-206.66873,-215.32463
60325000000,1877.81384,-2716.90771,-2652.50732,-0.06219,-0.07870,-0.37345,0.92221,47.75909,-203.80563,-208.55528
60358000000,1879.51904,-2723.73560,-2659.62305,-0.05517,-0.07595,-0.37390,0.92270,51.67273,-206.90549,-215.62796
60391000000,1881.21570,-2730.56714,-2666.74414,-0.04786,-0.07282,-0.37471,0.92304,51.41380,-207.01645,-215.79073
60424000000,1882.77209,-2737.30688,-2673.67505,-0.04038,-0.07006,-0.37512,0.92344,47.16353,-204.23473,-210.02753
60457000000,1884.45105,-2744.14502,-2680.80469,-0.03236,-0.06676,-0.37546,0.92386,50.87743,-207.21620,-216.04965
60490000000,1886.12341,-2750.98730,-2687.94092,-0.02399,-0.06343,-0.37599,0.92414,50.67768,-207.34198,-216.24940
60523000000,1887.78564,-2757.83276,-2695.08252,-0.01589,-0.05999,-0.37652,0.92433,50.37065,-207.43816,-216.41217
60556000000,1889.42798,-2764.62842,-2702.13379,-0.00805,-0.05676,-0.37685,0.92450,49.76770,-205.92892,-213.67484
60589000000,1891.07275,-2771.47852,-2709.28491,0.00100,-0.05301,-0.37745,0.92451,49.84168,-207.57872,-216.70070
60622000000,1892.70874,-2778.33301,-2716.44116,0.01015,-0.04935,-0.37792,0.92447,49.57534,-207.71188,-216.85606
60655000000,1894.29492,-2785.15454,-2723.51953,0.01892,-0.04549,-0.37860,0.92425,48.06611,-206.71313,-214.49603
60688000000,1895.91260,-2792.01318,-2730.68506,0.02867,-0.04152,-0.37901,0.92401,49.02048,-207.83766,-217.13719
60721000000,1897.41309,-2798.81250,-2737.66724,0.03792,-0.03759,-0.37942,0.92368,45.46934,-206.03989,-211.58115
60754000000,1899.01074,-2805.67651,-2744.84229,0.04804,-0.03353,-0.37988,0.92318,48.41383,-208.00041,-217.42572
60787000000,1900.59985,-2812.54395,-2752.02051,0.05828,-0.02925,-0.38017,0.92261,48.15489,-208.10399,-217.52190
60820000000,1902.15295,-2819.35327,-2758.88086,0.06831,-0.02484,-0.38058,0.92189,47.06366,-206.34322,-207.88943
60853000000,1903.72144,-2826.22241,-2766.06323,0.08039,-0.02003,-0.38074,0.92096,47.52974,-208.15578,-217.64767
60886000000,1905.28113,-2833.09399,-2773.25049,0.09289,-0.01494,-0.38073,0.91989,47.26340,-208.22977,-217.79564
60919000000,1906.63831,-2839.76221,-2779.96362,0.10506,-0.01003,-0.38069,0.91866,41.12660,-202.06706,-203.42833
60952000000,1908.17664,-2846.63428,-2787.15234,0.11867,-0.00422,-0.38086,0.91697,46.61606,-208.24455,-217.84003
60985000000,1909.70813,-2853.50879,-2794.34595,0.13205,0.00126,-0.38105,0.91508,46.40891,-208.31854,-217.98799
61018000000,1911.23096,-2860.38501,-2801.54126,0.14540,0.00683,-0.38097,0.91306,46.14628,-208.37033,-218.03978
61051000000,1912.41528,-2867.06909,-2808.28589,0.15681,0.01165,-0.38143,0.91093,35.88867,-202.54794,-204.38269
61084000000,1913.91675,-2873.94702,-2815.48511,0.16954,0.01727,-0.38114,0.90868,45.49894,-208.42212,-218.15814
61117000000,1915.40906,-2880.82520,-2822.68774,0.18049,0.02190,-0.38109,0.90648,45.22150,-208.42950,-218.26172
61150000000,1916.75781,-2887.54053,-2829.66895,0.18858,0.02553,-0.38028,0.90508,40.87136,-203.49490,-211.55154
61183000000,1918.23206,-2894.42090,-2836.87695,0.19840,0.02979,-0.38009,0.90293,44.67403,-208.49609,-218.42448
61249000000,1921.11633,-2908.17261,-2851.27417,0.21591,0.03678,-0.37924,0.89900,43.70117,-208.35922,-218.13965
61282000000,1922.56812,-2915.05566,-2858.49048,0.22494,0.04055,-0.37889,0.89677,43.99340,-208.57747,-218.67603
61348000000,1925.34570,-2928.70752,-2872.74731,0.24059,0.04699,-0.37834,0.89262,42.08466,-206.84630,-216.01266
61381000000,1926.77454,-2935.59253,-2879.97021,0.24835,0.05035,-0.37803,0.89044,43.29797,-208.63666,-218.87578
61414000000,1928.19678,-2942.47998,-2887.19775,0.25568,0.05356,-0.37772,0.88831,43.09822,-208.71065,-219.01634
61447000000,1929.58081,-2949.34937,-2894.38062,0.26207,0.05600,-0.37665,0.88674,41.94040,-208.16318,-217.66246
61480000000,1930.98853,-2956.23877,-2901.61255,0.26885,0.05893,-0.37623,0.88470,42.65803,-208.76982,-219.14951
61513000000,1932.38928,-2963.12866,-2908.84790,0.27435,0.06136,-0.37603,0.88293,42.44718,-208.78462,-219.25308
61546000000,1933.77441,-2969.95972,-2915.99438,0.27773,0.06284,-0.37545,0.88202,41.97369,-207.00166,-216.56013
61579000000,1935.16077,-2976.85156,-2923.23560,0.28145,0.06420,-0.37542,0.88075,42.01068,-208.84381,-219.43063
61612000000,1936.54053,-2983.74292,-2930.47852,0.28444,0.06561,-0.37534,0.87972,41.81093,-208.82901,-219.48242
61645000000,1937.91162,-2990.63623,-2937.72437,0.28686,0.06666,-0.37506,0.87898,41.54829,-208.88820,-219.57120
61678000000,1939.25891,-2997.51392,-2944.90845,0.28834,0.06703,-0.37450,0.87870,40.82697,-208.41472,-217.69946
61711000000,1940.61328,-3004.40723,-2952.15796,0.28966,0.06768,-0.37419,0.87835,41.04152,-208.88820,-219.68217
61744000000,1941.96692,-3011.29541,-2959.36816,0.29034,0.06789,-0.37414,0.87813,41.01933,-208.73283,-218.49106
61777000000,1943.30591,-3018.18896,-2966.62183,0.29059,0.06784,-0.37401,0.87811,40.57543,-208.89560,-219.80794
61810000000,1944.64026,-3025.05933,-2973.80811,0.29012,0.06776,-0.37423,0.87817,40.43487,-208.19276,-217.76604
61843000000,1945.96326,-3031.95337,-2981.06445,0.28880,0.06712,-0.37447,0.87856,40.09085,-208.91040,-219.88933
61876000000,1947.27563,-3038.82642,-2988.24365,0.28715,0.06627,-0.37413,0.87931,39.76903,-208.27415,-217.55150
61909000000,1948.58313,-3045.72290,-2995.50391,0.28462,0.06506,-0.37407,0.88025,39.62106,-208.98438,-220.00769
61942000000,1949.76855,-3052.51514,-3002.82397,0.28108,0.06375,-0.37453,0.88128,35.92196,-205.82535,-221.82025
61975000000,1951.05835,-3059.41455,-3010.09644,0.27687,0.06192,-0.37496,0.88256,39.08469,-209.07315,-220.37761
62008000000,1952.34131,-3066.31396,-3017.37207,0.27199,0.05993,-0.37531,0.88407,38.87754,-209.07315,-220.47379
62041000000,1953.52307,-3073.01929,-3024.43237,0.26648,0.05741,-0.37578,0.88571,35.81099,-203.19159,-213.94856
62074000000,1954.78931,-3079.92090,-3031.71436,0.26104,0.05535,-0.37621,0.88728,38.37077,-209.13974,-220.66614
62107000000,1955.95508,-3086.64209,-3038.80811,0.25591,0.05317,-0.37661,0.88873,35.32641,-203.67247,-214.96213
62140000000,1957.20264,-3093.54321,-3046.09326,0.25053,0.05083,-0.37699,0.89024,37.80481,-209.12494,-220.76231
62173000000,1958.44250,-3100.44556,-3053.38110,0.24526,0.04861,-0.37731,0.89170,37.57176,-209.16193,-220.84369
62206000000,1959.55713,-3107.14624,-3060.43994,0.24002,0.04643,-0.37745,0.89318,33.77649,-203.05103,-213.90417
62239000000,1960.77844,-3114.04785,-3067.73242,0.23503,0.04444,-0.37789,0.89442,37.00950,-209.13974,-220.98425
62272000000,1961.99121,-3120.95312,-3075.02930,0.23018,0.04237,-0.37821,0.89564,36.75056,-209.25072,-221.11743
62305000000,1963.12805,-3127.67188,-3082.03271,0.22505,0.04012,-0.37840,0.89697,34.44972,-203.59848,-212.22479
62338000000,1964.32336,-3134.57642,-3089.33228,0.22069,0.03817,-0.37875,0.89799,36.22159,-209.22852,-221.19881
62371000000,1965.42615,-3141.37085,-3096.43896,0.21610,0.03613,-0.37879,0.89917,33.41767,-205.89192,-215.35423
62437000000,1967.77307,-3155.18091,-3111.04785,0.21043,0.03382,-0.37917,0.90045,35.55945,-209.24332,-221.34677
62470000000,1968.93567,-3162.08887,-3118.35693,0.20993,0.03368,-0.37915,0.90058,35.23023,-209.33209,-221.48734
62536000000,1971.11401,-3175.69604,-3132.70850,0.20903,0.03334,-0.37941,0.90069,33.00522,-206.16936,-217.44792
62569000000,1972.25146,-3182.60474,-3140.02417,0.20885,0.03319,-0.37923,0.90081,34.46822,-209.35428,-221.68709
62602000000,1973.36108,-3189.37012,-3147.09668,0.20817,0.03308,-0.37945,0.90088,33.62482,-205.01154,-214.31848
62635000000,1974.48242,-3196.28027,-3154.41626,0.20783,0.03277,-0.37946,0.90097,33.97993,-209.39868,-221.80547
62668000000,1975.59619,-3203.19067,-3161.73901,0.20773,0.03266,-0.37943,0.90101,33.75059,-209.40607,-221.90164
62701000000,1976.70264,-3210.10327,-3169.06519,0.20755,0.03258,-0.37943,0.90105,33.52864,-209.47266,-222.00520
62734000000,1977.79211,-3216.84229,-3176.10303,0.20682,0.03251,-0.37974,0.90109,33.01447,-204.21254,-213.26793
62767000000,1978.88196,-3223.75513,-3183.43262,0.20672,0.03245,-0.37965,0.90116,33.02557,-209.48006,-222.10878
62800000000,1979.96338,-3230.66992,-3190.76685,0.20682,0.03230,-0.37951,0.90120,32.77033,-209.53925,-222.24934
62833000000,1981.01111,-3237.41699,-3197.80493,0.20649,0.03190,-0.37982,0.90115,31.74938,-204.45668,-213.27533
62866000000,1982.07593,-3244.33276,-3205.14185,0.20627,0.03202,-0.37952,0.90133,32.26725,-209.56883,-222.33073
62899000000,1983.13257,-3251.24927,-3212.48145,0.20614,0.03199,-0.37954,0.90135,32.01941,-209.59103,-222.41211
62932000000,1984.17456,-3257.91235,-3219.42212,0.20531,0.03155,-0.37987,0.90142,31.57552,-201.91170,-210.32346
62965000000,1985.21558,-3264.83008,-3226.76514,0.20562,0.03172,-0.37979,0.90137,31.54593,-209.62802,-222.51569
62998000000,1986.24731,-3271.74561,-3234.10962,0.20514,0.03149,-0.38011,0.90136,31.26480,-209.56143,-222.56007
63031000000,1987.16833,-3278.48242,-3241.19287,0.20337,0.03052,-0.37956,0.90202,27.90971,-204.14595,-214.64400
63064000000,1988.18323,-3285.40356,-3248.54321,0.20175,0.02970,-0.37965,0.90238,30.75432,-209.73160,-222.73763
63097000000,1989.18848,-3292.32349,-3255.89795,0.20009,0.02916,-0.37968,0.90275,30.46209,-209.69461,-222.87080
63130000000,1990.20911,-3299.16626,-3263.10571,0.19884,0.02863,-0.37976,0.90301,30.92818,-207.35677,-218.41708
63163000000,1991.19995,-3306.09058,-3270.46582,0.19894,0.02851,-0.37970,0.90301,30.02560,-209.82777,-223.03355
63229000000,1993.15466,-3319.80640,-3284.95630,0.19799,0.02806,-0.37957,0.90329,29.61685,-207.81546,-219.55270
63262000000,1994.12134,-3326.73291,-3292.32373,0.19821,0.02791,-0.37907,0.90346,29.29318,-209.89435,-223.25551
63295000000,1995.08057,-3333.66064,-3299.69409,0.19825,0.02796,-0.37887,0.90354,29.06753,-209.93135,-223.34428
63328000000,1995.96887,-3340.45508,-3306.83325,0.19717,0.02750,-0.37910,0.90369,26.91835,-205.89192,-216.33818
63361000000,1996.90955,-3347.38330,-3314.20752,0.19763,0.02774,-0.37916,0.90355,28.50527,-209.94614,-223.46266
63394000000,1997.84338,-3354.31470,-3321.58667,0.19758,0.02772,-0.37920,0.90355,28.29812,-210.04231,-223.61063
63427000000,1998.69971,-3361.15308,-3328.78296,0.19673,0.02725,-0.37952,0.90362,25.94919,-207.22360,-218.06937
63460000000,1999.61670,-3368.08594,-3336.16675,0.19705,0.02711,-0.37895,0.90379,27.78764,-210.08670,-223.75119
63493000000,2000.52466,-3375.01880,-3343.55396,0.19713,0.02713,-0.37887,0.90380,27.51391,-210.08670,-223.85477
63526000000,2001.31958,-3381.81494,-3350.77124,0.19668,0.02691,-0.37904,0.90384,24.08854,-205.94371,-218.70561
63559000000,2002.20996,-3388.75073,-3358.16455,0.19690,0.02706,-0.37908,0.90377,26.98124,-210.17549,-224.03972
63592000000,2003.02612,-3395.69971,-3365.57910,0.19689,0.02727,-0.37919,0.90372,24.73219,-210.57498,-224.68336
63625000000,2003.89697,-3402.63745,-3372.97827,0.19739,0.02736,-0.37920,0.90360,26.38938,-210.23466,-224.21727
63658000000,2004.71899,-3409.58252,-3380.39966,0.19750,0.02744,-0.37914,0.90360,24.90974,-210.45662,-224.89050
63691000000,2005.57275,-3416.52319,-3387.80786,0.19721,0.02735,-0.37897,0.90374,25.87151,-210.32346,-224.49101
63724000000,2006.41882,-3423.46875,-3395.22095,0.19595,0.02683,-0.37916,0.90395,25.63846,-210.47142,-224.63896
63757000000,2007.24609,-3430.30859,-3402.58569,0.19461,0.02595,-0.37907,0.90430,25.06880,-207.26799,-223.17412
63790000000,2008.07666,-3437.25464,-3410.00562,0.19342,0.02560,-0.37917,0.90453,25.16868,-210.48621,-224.84612
63823000000,2008.89722,-3444.20190,-3417.42798,0.19194,0.02496,-0.37916,0.90486,24.86535,-210.52321,-224.92010
63856000000,2009.71228,-3451.15210,-3424.85547,0.19078,0.02463,-0.37913,0.90513,24.69889,-210.61198,-225.07547
63889000000,2010.51807,-3458.10327,-3432.28711,0.18892,0.02382,-0.37930,0.90547,24.41776,-210.64157,-225.20123
63922000000,2011.13098,-3464.91235,-3439.69434,0.18737,0.02301,-0.37924,0.90584,18.57318,-206.33582,-224.46141
63955000000,2011.91956,-3471.86499,-3447.13232,0.18709,0.02285,-0.37912,0.90595,23.89619,-210.68596,-225.39359
63988000000,2012.70056,-3478.81934,-3454.57446,0.18661,0.02250,-0.37904,0.90609,23.66684,-210.73775,-225.51935
64021000000,2013.41846,-3485.78442,-3462.02856,0.18593,0.02204,-0.37902,0.90625,21.75441,-211.06326,-225.88187
64054000000,2014.18127,-3492.74194,-3469.47876,0.18589,0.02212,-0.37890,0.90631,23.11568,-210.83392,-225.76349
64087000000,2014.93469,-3499.70142,-3476.93286,0.18558,0.02194,-0.37869,0.90646,22.83085,-210.89311,-225.88187
64120000000,2015.63245,-3506.61938,-3484.35791,0.18456,0.02138,-0.37874,0.90666,21.14406,-209.63542,-225.00148
64153000000,2016.37024,-3513.58203,-3491.82031,0.18425,0.02125,-0.37889,0.90667,22.35736,-210.98929,-226.13341
64186000000,2017.10022,-3520.54688,-3499.28418,0.18404,0.02119,-0.37900,0.90666,22.12062,-211.05588,-226.17780
64252000000,2018.35986,-3534.44604,-3514.19897,0.18311,0.02073,-0.37883,0.90693,19.08551,-210.59349,-225.98174
64285000000,2019.06299,-3541.41455,-3521.67505,0.18287,0.02072,-0.37889,0.90696,21.30682,-211.16684,-226.54770
64318000000,2019.71252,-3548.38672,-3529.15991,0.18286,0.02026,-0.37864,0.90708,19.68291,-211.27782,-226.81404
64351000000,2020.39685,-3555.35767,-3536.64258,0.18285,0.02043,-0.37894,0.90695,20.73716,-211.24083,-226.74745
64384000000,2021.07397,-3562.33301,-3544.13135,0.18256,0.02042,-0.37907,0.90695,20.51891,-211.37399,-226.93242
64450000000,2022.33057,-3576.27393,-3559.13403,0.18153,0.01989,-0.37902,0.90719,19.03927,-211.22603,-227.31342
64483000000,2022.98267,-3583.25244,-3566.63428,0.18180,0.01995,-0.37852,0.90734,19.76059,-211.47017,-227.28012
64516000000,2023.62561,-3590.23340,-3574.13770,0.18170,0.02003,-0.37841,0.90741,19.48316,-211.54416,-227.37630
64549000000,2024.10925,-3597.17700,-3581.68701,0.18104,0.01985,-0.37883,0.90737,14.65584,-210.41223,-228.76717
64582000000,2024.73462,-3604.16064,-3589.19897,0.18107,0.01970,-0.37909,0.90726,18.95049,-211.62553,-227.63524
64615000000,2025.35120,-3611.14575,-3596.71655,0.18110,0.01982,-0.37907,0.90726,18.68416,-211.66992,-227.80540
64648000000,2025.92102,-3618.13745,-3604.24805,0.18102,0.01977,-0.37858,0.90748,17.26740,-211.86967,-228.22710
64681000000,2026.52063,-3625.12500,-3611.77197,0.18123,0.01981,-0.37849,0.90747,18.16998,-211.74391,-227.99776
64714000000,2027.10974,-3632.11499,-3619.30029,0.18124,0.01976,-0.37855,0.90745,17.85186,-211.81789,-228.13092
64747000000,2027.51770,-3639.03198,-3626.89233,0.18116,0.01984,-0.37875,0.90738,12.36239,-209.60582,-230.06184
64780000000,2028.09058,-3646.02563,-3634.42896,0.18148,0.01981,-0.37859,0.90738,17.35988,-211.92886,-228.38246
64813000000,2028.65552,-3653.02026,-3641.96851,0.18156,0.01987,-0.37888,0.90724,17.11944,-211.95845,-228.47124
64846000000,2029.41235,-3660.13159,-3649.46948,0.18139,0.01974,-0.37913,0.90718,22.93442,-215.49480,-227.30232
64879000000,2029.96387,-3667.13159,-3657.01831,0.18178,0.02004,-0.37917,0.90708,16.71254,-212.12122,-228.75237
64912000000,2030.50513,-3674.13159,-3664.56860,0.18194,0.02013,-0.37887,0.90717,16.40181,-212.12122,-228.79675
64945000000,2030.68884,-3681.16895,-3672.27026,0.18157,0.01957,-0.37890,0.90724,5.56715,-213.25314,-233.38364
65011000000,2031.72266,-3695.18213,-3687.39600,0.18101,0.01959,-0.37899,0.90732,15.66384,-212.32097,-229.17776
65044000000,2032.22681,-3702.19141,-3694.96582,0.18083,0.01937,-0.37898,0.90736,15.27728,-212.40234,-229.38861
65077000000,2032.48267,-3709.21484,-3702.62646,0.18010,0.01904,-0.37875,0.90761,7.75331,-212.83144,-232.14075
65110000000,2032.96790,-3716.22803,-3710.20361,0.17964,0.01889,-0.37867,0.90774,14.70392,-212.52072,-229.61057
65143000000,2033.44531,-3723.24146,-3717.78613,0.17910,0.01876,-0.37838,0.90796,14.46718,-212.52811,-229.77332
65176000000,2033.83301,-3730.29028,-3725.39990,0.17804,0.01833,-0.37868,0.90806,11.74834,-213.60086,-230.72029
65209000000,2034.29199,-3737.30835,-3732.99048,0.17764,0.01796,-0.37862,0.90817,13.90862,-212.66869,-230.01746
65242000000,2034.74341,-3744.32886,-3740.58594,0.17754,0.01792,-0.37841,0.90828,13.67927,-212.74266,-230.16542
65275000000,2035.14404,-3751.35938,-3748.20044,0.17703,0.01753,-0.37830,0.90843,12.14045,-213.04599,-230.74248
65308000000,2035.57703,-3758.38281,-3755.80396,0.17683,0.01763,-0.37816,0.90852,13.12071,-212.83144,-230.40956
65341000000,2036.00464,-3765.40967,-3763.41138,0.17667,0.01742,-0.37818,0.90855,12.95795,-212.93501,-230.52794
65374000000,2036.42188,-3772.43677,-3771.02173,0.17652,0.01736,-0.37812,0.90860,12.64353,-212.94241,-230.61671
65407000000,2036.82068,-3779.46777,-3778.64233,0.17549,0.01684,-0.37834,0.90872,12.08496,-213.06079,-230.92744
65440000000,2037.22058,-3786.49829,-3786.26147,0.17550,0.01690,-0.37818,0.90879,12.11825,-213.04599,-230.88306
65473000000,2037.61267,-3793.53247,-3793.88428,0.17532,0.01686,-0.37802,0.90889,11.88151,-213.15697,-230.99402
65506000000,2037.86206,-3800.60962,-3801.55225,0.17470,0.01670,-0.37797,0.90903,7.55726,-214.45905,-232.36269
65539000000,2038.23547,-3807.64917,-3809.18579,0.17458,0.01642,-0.37804,0.90903,11.31555,-213.31972,-231.31955
65572000000,2038.60095,-3814.68848,-3816.82153,0.17483,0.01656,-0.37778,0.90909,11.07511,-213.31232,-231.38612
65638000000,2039.30701,-3828.77319,-3832.10571,0.17429,0.01609,-0.37770,0.90924,10.69780,-213.40480,-231.57848
65671000000,2039.66589,-3835.79980,-3839.74609,0.17407,0.01606,-0.37804,0.90914,10.87535,-212.92761,-231.52669
65704000000,2039.99756,-3842.84668,-3847.39746,0.17441,0.01573,-0.37759,0.90926,10.05046,-213.54167,-231.85962
65737000000,2040.32324,-3849.89526,-3855.05322,0.17431,0.01584,-0.37736,0.90938,9.86920,-213.59346,-231.99278
65770000000,2040.60461,-3856.89453,-3862.76758,0.17436,0.01565,-0.37838,0.90895,8.52643,-212.09901,-233.76836
65836000000,2041.20312,-3871.04614,-3878.07251,0.17419,0.01577,-0.37852,0.90892,9.06835,-214.41835,-231.89290
65869000000,2041.49353,-3878.10156,-3885.74561,0.17444,0.01569,-0.37829,0.90897,8.80016,-213.80060,-232.51805
65902000000,2041.77551,-3885.15845,-3893.42139,0.17444,0.01571,-0.37818,0.90901,8.54492,-213.84500,-232.59943
65935000000,2041.88513,-3892.20752,-3901.14771,0.17463,0.01527,-0.37826,0.90895,3.32179,-213.60825,-234.13086
65968000000,2042.14844,-3899.26807,-3908.83374,0.17470,0.01556,-0.37815,0.90898,7.97896,-213.95596,-232.91016
66001000000,2042.40234,-3906.32983,-3916.52197,0.17484,0.01550,-0.37823,0.90892,7.69413,-213.99297,-232.97675
66034000000,2042.62512,-3913.42041,-3924.21045,0.17504,0.01531,-0.37833,0.90884,6.75086,-214.86595,-232.98415
66067000000,2042.86133,-3920.48560,-3931.90771,0.17545,0.01525,-0.37821,0.90881,7.15776,-214.09653,-233.25047
66100000000,2043.09229,-3927.55542,-3939.60986,0.17549,0.01538,-0.37827,0.90878,6.99870,-214.23711,-233.39844
66133000000,2043.33093,-3934.63696,-3947.31787,0.17510,0.01541,-0.37800,0.90897,7.23174,-214.59221,-233.57599
66166000000,2043.54407,-3941.70898,-3955.02734,0.17554,0.01548,-0.37774,0.90899,6.45863,-214.30368,-233.62039
66199000000,2043.75049,-3948.78174,-3962.74023,0.17577,0.01546,-0.37778,0.90893,6.25518,-214.32588,-233.72395
66232000000,2043.91711,-3955.84058,-3970.46362,0.17583,0.01596,-0.37784,0.90888,5.04927,-213.90417,-234.04208
66265000000,2044.10583,-3962.91772,-3978.18506,0.17603,0.01606,-0.37769,0.90891,5.71881,-214.45905,-233.98289
66298000000,2044.28528,-3969.99756,-3985.91016,0.17653,0.01615,-0.37762,0.90883,5.43768,-214.54042,-234.09387
66331000000,2044.22095,-3977.12036,-3993.68164,0.17667,0.01589,-0.37796,0.90867,-1.94943,-215.84251,-235.49953
66364000000,2044.38074,-3984.20239,-4001.41602,0.17722,0.01612,-0.37809,0.90851,4.84212,-214.60701,-234.37500
66397000000,2044.53296,-3991.28735,-4009.15308,0.17772,0.01613,-0.37806,0.90842,4.61278,-214.69579,-234.45638
66430000000,2044.32751,-3998.46143,-4016.90918,0.17755,0.01620,-0.37734,0.90875,-6.22559,-217.39613,-235.03345
66463000000,2044.45740,-4005.55054,-4024.65405,0.17808,0.01630,-0.37721,0.90870,3.93584,-214.82156,-234.69313
66496000000,2044.44958,-4012.68555,-4032.40332,0.17838,0.01645,-0.37687,0.90878,-0.23674,-216.21242,-234.82629
66529000000,2044.55994,-4019.77856,-4040.15698,0.17888,0.01679,-0.37700,0.90862,3.34399,-214.93993,-234.95946
66562000000,2044.48743,-4026.90601,-4047.94604,0.17921,0.01691,-0.37655,0.90874,-2.19727,-215.98308,-236.03220
66595000000,2044.57886,-4034.00366,-4055.70801,0.17971,0.01694,-0.37675,0.90856,2.77063,-215.08049,-235.21100
66628000000,2044.66028,-4041.10156,-4063.47437,0.18010,0.01679,-0.37649,0.90859,2.46730,-215.08789,-235.34416
66661000000,2044.74463,-4048.19238,-4071.23047,0.18016,0.01722,-0.37649,0.90857,2.55608,-214.87334,-235.03345
66694000000,2044.81165,-4055.29224,-4079.00439,0.18048,0.01724,-0.37651,0.90850,2.03081,-215.14708,-235.57352
66727000000,2044.83533,-4062.38843,-4086.79126,0.18071,0.01736,-0.37620,0.90858,0.71763,-215.03610,-235.96562
66760000000,2044.88416,-4069.49072,-4094.57251,0.18104,0.01745,-0.37628,0.90848,1.47964,-215.22105,-235.79546
66793000000,2044.92603,-4076.59985,-4102.35840,0.18157,0.01757,-0.37634,0.90835,1.26879,-215.42821,-235.93602
66826000000,2044.95764,-4083.70947,-4110.15820,0.18173,0.01782,-0.37595,0.90847,0.95807,-215.44301,-236.35771
66892000000,2044.99829,-4097.92822,-4125.74854,0.18269,0.01820,-0.37608,0.90821,0.61590,-215.43561,-236.21715
66925000000,2044.99268,-4105.03516,-4133.53955,0.18283,0.01812,-0.37544,0.90845,-0.17016,-215.36162,-236.09138
66958000000,2044.99194,-4112.14795,-4141.34326,0.18335,0.01840,-0.37553,0.90831,-0.02219,-215.53918,-236.47609
66991000000,2044.98413,-4119.26318,-4149.15234,0.18378,0.01869,-0.37576,0.90812,-0.23674,-215.61316,-236.63885
67024000000,2044.78650,-4126.37305,-4157.02148,0.18424,0.01844,-0.37539,0.90818,-5.98884,-215.45041,-238.45880
67057000000,2044.75574,-4133.49219,-4164.83984,0.18452,0.01867,-0.37560,0.90803,-0.93217,-215.73154,-236.91998
67123000000,2044.86926,-4147.75049,-4180.42969,0.18503,0.01910,-0.37527,0.90806,1.72008,-216.03487,-236.20976
67156000000,2044.82019,-4154.87354,-4188.25732,0.18541,0.01935,-0.37522,0.90800,-1.48704,-215.84990,-237.20111
67189000000,2044.76685,-4161.98389,-4196.07959,0.18596,0.01917,-0.37513,0.90793,-1.61651,-215.46519,-237.03836
67222000000,2044.70190,-4169.11084,-4203.91602,0.18639,0.01945,-0.37515,0.90782,-1.96792,-215.96828,-237.46745
67288000000,2044.56519,-4183.36572,-4219.62695,0.18746,0.01936,-0.37481,0.90775,-2.07150,-215.98308,-238.04451
67321000000,2044.47705,-4190.49902,-4227.47461,0.18804,0.01976,-0.37472,0.90766,-2.67075,-216.16063,-237.80777
67354000000,2044.15967,-4197.61182,-4235.43604,0.18885,0.02029,-0.37454,0.90755,-9.61766,-215.53918,-241.25533
67387000000,2044.05432,-4204.74512,-4243.29248,0.19013,0.02068,-0.37462,0.90724,-3.19232,-216.16063,-238.07410
67420000000,2043.85486,-4211.86133,-4251.21191,0.19087,0.02100,-0.37481,0.90700,-6.04433,-215.64276,-239.98283
67453000000,2043.73230,-4218.99854,-4259.07715,0.19225,0.02138,-0.37482,0.90669,-3.71390,-216.27901,-238.34044
67486000000,2043.60059,-4226.14014,-4266.94727,0.19382,0.02196,-0.37466,0.90641,-3.99133,-216.41217,-238.48840
67519000000,2045.77820,-4232.91309,-4274.27344,0.19583,0.02288,-0.37498,0.90582,65.98825,-205.24089,-222.00520
67552000000,2045.66016,-4240.05420,-4282.14307,0.19799,0.02378,-0.37489,0.90537,-3.57703,-216.39737,-238.47360
67585000000,2045.53357,-4247.19141,-4290.01611,0.20052,0.02486,-0.37471,0.90486,-3.83597,-216.27901,-238.57718
67618000000,2045.24500,-4254.35303,-4297.96143,0.20290,0.02539,-0.37457,0.90437,-8.74467,-217.01883,-240.76704
67651000000,2045.10193,-4261.49658,-4305.84229,0.20603,0.02652,-0.37435,0.90372,-4.33535,-216.47136,-238.81392
67717000000,2044.72363,-4275.77246,-4321.68457,0.21259,0.02972,-0.37381,0.90233,-5.73176,-216.30119,-240.03462
67750000000,2044.55737,-4282.91650,-4329.57617,0.21673,0.03122,-0.37355,0.90139,-5.03817,-216.48615,-239.13945
67783000000,2044.41296,-4290.04297,-4337.43408,0.22089,0.03295,-0.37297,0.90056,-4.37604,-215.95348,-238.11848
67816000000,2044.23218,-4297.19141,-4345.33203,0.22577,0.03506,-0.37285,0.89933,-5.47837,-216.61932,-239.33180
67849000000,2043.97595,-4304.32471,-4353.27490,0.23183,0.03717,-0.37206,0.89802,-7.76441,-216.16063,-240.69307
67882000000,2043.78088,-4311.47412,-4361.17725,0.23777,0.03978,-0.37180,0.89647,-5.91116,-216.64891,-239.46497
67915000000,2043.59778,-4318.62109,-4369.06494,0.24408,0.04174,-0.37145,0.89482,-5.54865,-216.57494,-239.02107
67948000000,2043.38794,-4325.76904,-4376.97363,0.25126,0.04449,-0.37099,0.89289,-6.35875,-216.60452,-239.65732
67981000000,2043.17175,-4332.91846,-4384.88525,0.25878,0.04745,-0.37049,0.89079,-6.55111,-216.64891,-239.74609
68014000000,2042.95984,-4340.04688,-4392.80029,0.26632,0.05062,-0.36987,0.88865,-6.42164,-216.01266,-239.84967
68047000000,2042.73206,-4347.19629,-4400.71631,0.27506,0.05411,-0.36924,0.88605,-6.90252,-216.64891,-239.87926
68113000000,2042.23108,-4361.46240,-4416.58057,0.29352,0.06216,-0.36682,0.88058,-7.59055,-216.15323,-240.36754
68146000000,2041.98145,-4368.60986,-4424.50244,0.30435,0.06662,-0.36581,0.87699,-7.56466,-216.58972,-240.05682
68179000000,2041.70813,-4375.76855,-4432.42529,0.31436,0.07108,-0.36463,0.87360,-8.28229,-216.93004,-240.08641
68278000000,2040.90601,-4397.18799,-4456.19043,0.35167,0.08721,-0.36054,0.85950,-8.10226,-216.35791,-240.05188
68377000000,2040.07800,-4418.61230,-4479.98926,0.39284,0.10561,-0.35499,0.84173,-8.36367,-216.40724,-240.39221
68410000000,2039.78638,-4425.75244,-4487.91895,0.40824,0.11218,-0.35273,0.83447,-8.83715,-216.36778,-240.29356
68443000000,2039.48523,-4432.89648,-4495.86279,0.42282,0.11885,-0.35040,0.82724,-9.12568,-216.48615,-240.72266
68476000000,2039.18542,-4440.03564,-4503.79639,0.43817,0.12530,-0.34813,0.81921,-9.08499,-216.33818,-240.41193
68509000000,2038.72620,-4447.12451,-4511.77295,0.45384,0.13254,-0.34516,0.81076,-13.91602,-214.81416,-241.71402
68542000000,2038.41870,-4454.26025,-4519.70947,0.46968,0.13930,-0.34240,0.80172,-9.31803,-216.23462,-240.50072
68575000000,2038.10254,-4461.36572,-4527.66895,0.48553,0.14579,-0.33938,0.79236,-9.58067,-215.31723,-241.19614
68608000000,2037.79065,-4468.49854,-4535.60352,0.50125,0.15263,-0.33648,0.78245,-9.45120,-216.14583,-240.44153
68641000000,2037.41211,-4475.51270,-4543.64062,0.51657,0.16021,-0.33301,0.77240,-11.47091,-212.55031,-243.54877
68707000000,2036.73730,-4489.72852,-4559.54053,0.54641,0.17386,-0.32625,0.75151,-10.22431,-215.39122,-240.90761
68740000000,2036.41809,-4496.85010,-4567.47754,0.56121,0.18049,-0.32264,0.74052,-9.67315,-215.80551,-240.51550
68773000000,2036.08020,-4503.93799,-4575.43066,0.57438,0.18548,-0.31942,0.73052,-10.23911,-214.78456,-241.00378
68839000000,2035.34351,-4518.07861,-4591.32129,0.59964,0.19713,-0.31183,0.71017,-11.16203,-214.25189,-240.76704
68872000000,2035.01807,-4525.19092,-4599.25684,0.61138,0.20257,-0.30866,0.69993,-9.86180,-215.52438,-240.47112
68905000000,2034.68494,-4532.28467,-4607.20068,0.62279,0.20680,-0.30568,0.68987,-10.09484,-214.96213,-240.72266
68938000000,2034.37683,-4539.40576,-4615.12891,0.63371,0.21103,-0.30293,0.67978,-9.33653,-215.79073,-240.24918
68971000000,2034.15002,-4546.43164,-4623.10645,0.64384,0.21677,-0.29748,0.67081,-6.87293,-212.90543,-241.74361
69004000000,2033.72119,-4553.61865,-4631.00244,0.65337,0.22124,-0.29416,0.66153,-12.99494,-217.78824,-239.27261
69037000000,2033.46387,-4560.58057,-4639.03027,0.66217,0.22555,-0.29109,0.65264,-7.79770,-210.96709,-243.26764
69070000000,2033.14270,-4567.67822,-4646.96777,0.67085,0.22951,-0.28804,0.64368,-9.73233,-215.08049,-240.53030
69103000000,2032.82971,-4574.77002,-4654.90918,0.67837,0.23339,-0.28439,0.63598,-9.48449,-214.90294,-240.64868
69136000000,2032.53369,-4581.84717,-4662.85938,0.68499,0.23772,-0.28086,0.62881,-8.97032,-214.45905,-240.91501
69169000000,2032.21741,-4588.94092,-4670.79785,0.69189,0.24090,-0.27833,0.62112,-9.58437,-214.96213,-240.55989
69202000000,2031.90405,-4596.02686,-4678.74072,0.69877,0.24345,-0.27621,0.61332,-9.49559,-214.72539,-240.69307
69235000000,2031.58789,-4603.10791,-4686.68945,0.70524,0.24634,-0.27250,0.60638,-9.58067,-214.57742,-240.87062
69268000000,2031.27185,-4610.18652,-4694.63867,0.71161,0.24854,-0.26978,0.59922,-9.57697,-214.50343,-240.88542
69301000000,2030.95874,-4617.26904,-4702.58398,0.71808,0.25150,-0.26617,0.59183,-9.48819,-214.62181,-240.76704
69334000000,2030.64893,-4624.35596,-4710.52588,0.72407,0.25434,-0.26362,0.58442,-9.38832,-214.75497,-240.66347
69367000000,2030.33984,-4631.44287,-4718.46582,0.72975,0.25734,-0.26073,0.57729,-9.36612,-214.75497,-240.60429
69400000000,2030.03491,-4638.52832,-4726.41064,0.73490,0.25974,-0.25841,0.57069,-9.24035,-214.71059,-240.75224
69433000000,2029.73926,-4645.62744,-4734.34619,0.74002,0.26097,-0.25658,0.56430,-8.95922,-215.12488,-240.47112
69466000000,2029.43579,-4652.71094,-4742.29346,0.74457,0.26305,-0.25354,0.55870,-9.19596,-214.65140,-240.82623
69499000000,2029.13916,-4659.79346,-4750.23828,0.74925,0.26530,-0.25135,0.55233,-8.98881,-214.62181,-240.75224
69532000000,2028.84412,-4666.88818,-4758.17676,0.75398,0.26728,-0.25059,0.54523,-8.94073,-214.99171,-240.55989
69565000000,2028.55139,-4673.96582,-4766.12500,0.75838,0.26952,-0.24815,0.53912,-8.87044,-214.47385,-240.85582
69598000000,2028.26135,-4681.04346,-4774.07422,0.76263,0.27061,-0.24544,0.53378,-8.78906,-214.47385,-240.88542
69631000000,2027.97424,-4688.13379,-4782.01367,0.76653,0.27303,-0.24495,0.52715,-8.70028,-214.85855,-240.58949
69664000000,2027.69019,-4695.21484,-4789.96143,0.77018,0.27508,-0.24233,0.52195,-8.60781,-214.57742,-240.84103
69697000000,2027.40845,-4702.29150,-4797.90967,0.77328,0.27663,-0.24099,0.51715,-8.53752,-214.44424,-240.85582
69730000000,2027.13281,-4709.37598,-4805.85498,0.77676,0.27794,-0.23871,0.51227,-8.35257,-214.68098,-240.76704
69763000000,2026.85767,-4716.45703,-4813.80078,0.77962,0.27878,-0.23752,0.50800,-8.33777,-214.57742,-240.78185
69796000000,2026.58765,-4723.52539,-4821.75635,0.78208,0.27943,-0.23498,0.50503,-8.18241,-214.19270,-241.07777
69829000000,2026.31848,-4730.59912,-4829.71240,0.78433,0.28061,-0.23334,0.50163,-8.15652,-214.35547,-241.09258
69862000000,2026.05090,-4737.67725,-4837.66162,0.78631,0.28137,-0.23255,0.49847,-8.10843,-214.48863,-240.88542
69895000000,2025.78015,-4744.76660,-4845.60303,0.78807,0.28217,-0.23195,0.49550,-8.20461,-214.82895,-240.64868
69928000000,2025.51086,-4751.84668,-4853.54199,0.78950,0.28245,-0.23145,0.49330,-8.16022,-214.54782,-240.57469
69961000000,2025.25342,-4758.92773,-4861.49121,0.79021,0.28303,-0.23083,0.49211,-7.80140,-214.57742,-240.88542
69994000000,2024.99792,-4766.00635,-4869.44336,0.79081,0.28360,-0.23064,0.49092,-7.74222,-214.50343,-240.97420
70027000000,2024.74500,-4773.08008,-4877.39453,0.79125,0.28345,-0.23048,0.49036,-7.66454,-214.35547,-240.94461
70060000000,2024.49487,-4780.15430,-4885.34717,0.79121,0.28375,-0.23043,0.49028,-7.57946,-214.37027,-240.98900
70093000000,2024.24866,-4787.23145,-4893.28809,0.79046,0.28402,-0.23055,0.49128,-7.46109,-214.45905,-240.63388
70126000000,2024.00610,-4794.30811,-4901.23877,0.78949,0.28402,-0.23109,0.49258,-7.35011,-214.44424,-240.92981
70159000000,2023.76721,-4801.37939,-4909.19043,0.78823,0.28328,-0.23164,0.49476,-7.23914,-214.28149,-240.95940
70192000000,2023.53430,-4808.44824,-4917.14502,0.78620,0.28313,-0.23215,0.49783,-7.05788,-214.20750,-241.04817
70225000000,2023.29773,-4815.52100,-4925.09912,0.78406,0.28233,-0.23349,0.50102,-7.16886,-214.32588,-241.03339
70258000000,2023.06458,-4822.59082,-4933.05273,0.78163,0.28175,-0.23462,0.50460,-7.06528,-214.23711,-241.01859
70291000000,2022.83081,-4829.66211,-4941.00781,0.77872,0.28057,-0.23627,0.50897,-7.08378,-214.28149,-241.06297
70324000000,2022.59802,-4836.73340,-4948.96338,0.77559,0.27955,-0.23773,0.51361,-7.05418,-214.28149,-241.07777
70357000000,2022.36963,-4843.80322,-4956.91992,0.77208,0.27782,-0.23976,0.51887,-6.92102,-214.23711,-241.10736
70390000000,2022.14038,-4850.87305,-4964.87744,0.76714,0.27614,-0.24174,0.52611,-6.94691,-214.23711,-241.13696
70423000000,2021.91296,-4857.94385,-4972.83691,0.76246,0.27412,-0.24376,0.53301,-6.89142,-214.26669,-241.19614
73096000000,2005.92932,-5427.74707,-5618.32031,0.84100,0.32305,-0.19755,0.38644,-5.97966,-213.16992,-241.48274
73129000000,2006.02209,-5435.05176,-5626.26465,0.84025,0.33354,-0.19255,0.38166,2.81132,-221.35417,-240.73746
73162000000,2005.97852,-5442.19629,-5634.21680,0.84181,0.33684,-0.18974,0.37669,-1.32058,-216.50095,-240.97420
73195000000,2005.91895,-5449.31836,-5642.18066,0.84345,0.33907,-0.18755,0.37209,-1.80516,-215.82031,-241.32932
73228000000,2005.92139,-5456.48535,-5650.16064,0.84593,0.34028,-0.18532,0.36643,0.07398,-217.18158,-241.81760
73294000000,2006.69397,-5471.17822,-5666.14795,0.85026,0.34338,-0.18028,0.35588,11.70580,-222.61926,-242.23189
73327000000,2006.82727,-5478.18945,-5674.18945,0.85219,0.34482,-0.17788,0.35104,4.03942,-212.46153,-243.68193
73360000000,2006.90308,-5485.17480,-5682.21729,0.85353,0.34636,-0.17611,0.34714,2.29714,-211.67732,-243.26764
73393000000,2006.93555,-5492.22217,-5690.19092,0.85477,0.34745,-0.17478,0.34365,0.98396,-213.55646,-241.62524
73426000000,2006.95422,-5499.26465,-5698.18506,0.85598,0.34822,-0.17352,0.34049,0.56596,-213.40849,-242.24669
73459000000,2006.94116,-5506.32129,-5706.19434,0.85697,0.34883,-0.17245,0.33790,-0.39580,-213.83760,-242.70537
73492000000,2006.93921,-5513.37939,-5714.20117,0.85807,0.34905,-0.17151,0.33536,-0.05919,-213.88199,-242.63139
73525000000,2006.94006,-5520.43994,-5722.21484,0.85883,0.34947,-0.17065,0.33342,0.02589,-213.95596,-242.83855
73558000000,2006.94946,-5527.50049,-5730.22412,0.85959,0.34994,-0.16980,0.33139,0.28483,-213.95596,-242.70537
73591000000,2006.96313,-5534.56543,-5738.23975,0.86026,0.35032,-0.16914,0.32958,0.41430,-214.08914,-242.89774
73624000000,2006.98218,-5541.63086,-5746.25781,0.86045,0.35108,-0.16826,0.32873,0.57706,-214.10393,-242.97171
73657000000,2007.00635,-5548.69775,-5754.27344,0.86085,0.35163,-0.16751,0.32747,0.73242,-214.14832,-242.89774
73690000000,2007.03442,-5555.77100,-5762.29004,0.86113,0.35189,-0.16691,0.32676,0.85079,-214.34067,-242.92732
73723000000,2007.07129,-5562.84033,-5770.31445,0.86139,0.35206,-0.16653,0.32609,1.11713,-214.22231,-243.16406
73756000000,2007.10889,-5569.91455,-5778.33203,0.86134,0.35204,-0.16652,0.32623,1.13932,-214.37027,-242.95691
73789000000,2007.15637,-5576.98584,-5786.35791,0.86111,0.35200,-0.16673,0.32678,1.43895,-214.28149,-243.20845
73822000000,2007.20923,-5584.06104,-5794.38135,0.86096,0.35164,-0.16698,0.32745,1.60171,-214.39986,-243.13448
73855000000,2007.26746,-5591.13965,-5802.40723,0.86056,0.35143,-0.16724,0.32856,1.76447,-214.50343,-243.20845
73888000000,2007.33411,-5598.21533,-5810.43750,0.86012,0.35122,-0.16785,0.32965,2.01971,-214.41466,-243.34161
73921000000,2007.40552,-5605.29590,-5818.46289,0.85924,0.35118,-0.16844,0.33168,2.16397,-214.56262,-243.19365
73954000000,2007.48547,-5612.37354,-5826.49414,0.85831,0.35080,-0.16918,0.33409,2.42291,-214.47385,-243.37122
73987000000,2007.56921,-5619.45654,-5834.52637,0.85721,0.35036,-0.17060,0.33667,2.53758,-214.63660,-243.40080
74020000000,2007.65930,-5626.54004,-5842.55322,0.85623,0.34937,-0.17167,0.33961,2.72994,-214.65140,-243.23805
74053000000,2007.75378,-5633.62500,-5850.58154,0.85475,0.34877,-0.17297,0.34329,2.86310,-214.69579,-243.28244
74086000000,2007.85571,-5640.70850,-5858.61621,0.85309,0.34813,-0.17453,0.34726,3.08875,-214.65140,-243.47479
74119000000,2007.96118,-5647.80371,-5866.64209,0.85133,0.34762,-0.17606,0.35129,3.19602,-215.00652,-243.20845
74152000000,2008.07190,-5654.89648,-5874.67041,0.84987,0.34662,-0.17751,0.35505,3.35508,-214.93253,-243.28244
74185000000,2008.18701,-5661.99023,-5882.70410,0.84787,0.34609,-0.17930,0.35943,3.48825,-214.96213,-243.44519
74218000000,2008.31189,-5669.08643,-5890.73682,0.84594,0.34531,-0.18118,0.36375,3.78418,-215.03610,-243.41560
74251000000,2008.43811,-5676.17676,-5898.77832,0.84386,0.34427,-0.18302,0.36862,3.82487,-214.85855,-243.68193
74284000000,2008.56738,-5683.30078,-5906.78662,0.84162,0.34325,-0.18522,0.37357,3.91735,-215.87950,-242.67578
74317000000,2008.70544,-5690.39453,-5914.82764,0.83904,0.34182,-0.18768,0.37941,4.18368,-214.96213,-243.66714
74350000000,2008.84717,-5697.49219,-5922.86816,0.83609,0.34093,-0.18977,0.38562,4.29466,-215.08049,-243.65234
74383000000,2008.99414,-5704.58545,-5930.91162,0.83291,0.33952,-0.19263,0.39228,4.45372,-214.94733,-243.74112
74416000000,2009.14905,-5711.67480,-5938.95703,0.82951,0.33803,-0.19544,0.39931,4.69416,-214.82895,-243.80031
74449000000,2009.30579,-5718.77246,-5947.00293,0.82589,0.33640,-0.19838,0.40667,4.74964,-215.08049,-243.81511
74482000000,2009.46631,-5725.86963,-5955.04346,0.82215,0.33489,-0.20124,0.41402,4.86432,-215.06570,-243.65234
74515000000,2009.63293,-5732.96631,-5963.08984,0.81860,0.33300,-0.20423,0.42106,5.04927,-215.05090,-243.82990
74548000000,2009.80396,-5740.06250,-5971.13428,0.81465,0.33117,-0.20720,0.42866,5.18244,-215.03610,-243.77072
74581000000,2009.97949,-5747.15820,-5979.18213,0.81071,0.32926,-0.21012,0.43610,5.31931,-215.02130,-243.87430
74614000000,2010.15784,-5754.25439,-5987.22852,0.80669,0.32728,-0.21321,0.44349,5.40439,-215.03610,-243.82990
74647000000,2010.33948,-5761.35449,-5995.27246,0.80244,0.32546,-0.21613,0.45107,5.50426,-215.15448,-243.75592
74680000000,2010.52380,-5768.45801,-6003.31445,0.79804,0.32334,-0.21942,0.45873,5.58564,-215.25806,-243.69673
74713000000,2010.71387,-5775.55518,-6011.36377,0.79378,0.32108,-0.22235,0.46623,5.75950,-215.06570,-243.91869
74746000000,2010.94824,-5782.48291,-6019.63379,0.78976,0.31838,-0.22543,0.47339,7.10227,-209.93135,-250.60666
74779000000,2011.14612,-5789.57666,-6027.69531,0.78550,0.31621,-0.22825,0.48053,5.99624,-214.96213,-244.28859
74812000000,2011.34607,-5796.67529,-6035.75146,0.78109,0.31444,-0.23110,0.48746,6.05913,-215.11009,-244.12582
74845000000,2011.54761,-5803.77246,-6043.81494,0.77682,0.31231,-0.23390,0.49428,6.10721,-215.06570,-244.34778
74878000000,2011.75476,-5810.86963,-6051.87695,0.77257,0.31055,-0.23631,0.50085,6.27737,-215.06570,-244.30339
74911000000,2011.96497,-5817.96582,-6059.94043,0.76823,0.30834,-0.23905,0.50754,6.36985,-215.03610,-244.34778
74944000000,2012.17651,-5825.06348,-6068.00488,0.76351,0.30592,-0.24190,0.51473,6.41054,-215.08049,-244.37737
74977000000,2012.38989,-5832.15820,-6076.06299,0.75813,0.30367,-0.24512,0.52244,6.46603,-214.99171,-244.18501
75010000000,2012.60632,-5839.25391,-6084.12549,0.75245,0.30101,-0.24819,0.53067,6.55851,-215.02130,-244.31818
75076000000,2013.04248,-5853.43506,-6100.24707,0.74019,0.29492,-0.25529,0.54769,6.60844,-214.86595,-244.26640
75109000000,2013.26636,-5860.52637,-6108.30811,0.73322,0.29161,-0.25889,0.55707,6.78415,-214.88814,-244.27379
75142000000,2013.49207,-5867.61816,-6116.36426,0.72567,0.28865,-0.26285,0.56656,6.83964,-214.90294,-244.12582
75175000000,2013.71863,-5874.70703,-6124.42578,0.71811,0.28527,-0.26664,0.57605,6.86553,-214.81416,-244.28859
75208000000,2013.95032,-5881.79248,-6132.48682,0.71064,0.28135,-0.27026,0.58548,7.02089,-214.71059,-244.27379
75241000000,2014.17834,-5888.88184,-6140.54932,0.70316,0.27787,-0.27381,0.59446,6.90992,-214.82895,-244.31818
75274000000,2014.41602,-5895.96680,-6148.60547,0.69694,0.27443,-0.27693,0.60190,7.20215,-214.69579,-244.12582
75307000000,2014.64893,-5903.05566,-6156.66846,0.69055,0.27176,-0.27968,0.60915,7.05788,-214.81416,-244.33298
75340000000,2014.90576,-5910.12793,-6164.73389,0.68470,0.26889,-0.28246,0.61572,7.78291,-214.31108,-244.40697
75373000000,2015.14124,-5917.21680,-6172.79785,0.67883,0.26619,-0.28490,0.62222,7.13556,-214.81416,-244.36258
75406000000,2015.38538,-5924.30225,-6180.86426,0.67339,0.26469,-0.28697,0.62779,7.39820,-214.71059,-244.43655
75439000000,2015.62354,-5931.38770,-6188.93066,0.66802,0.26251,-0.28930,0.63336,7.21694,-214.71059,-244.43655
75472000000,2015.86230,-5938.47461,-6196.99561,0.66332,0.26035,-0.29124,0.63828,7.23544,-214.75497,-244.39217
75538000000,2016.36609,-5952.63574,-6213.13574,0.65530,0.25622,-0.29437,0.64674,7.63309,-214.56262,-244.54753
75571000000,2016.60889,-5959.72314,-6221.20312,0.65161,0.25471,-0.29584,0.65039,7.35751,-214.76978,-244.46614
75604000000,2016.87903,-5966.79541,-6229.28271,0.64869,0.25348,-0.29697,0.65326,8.18611,-214.31108,-244.83606
75637000000,2017.12415,-5973.88379,-6237.35449,0.64600,0.25224,-0.29796,0.65596,7.42779,-214.79936,-244.59932
75670000000,2017.41125,-5980.94434,-6245.44629,0.64385,0.25127,-0.29889,0.65801,8.70028,-213.95596,-245.20596
75703000000,2017.68066,-5988.02197,-6253.52832,0.64228,0.25135,-0.29928,0.65934,8.16391,-214.47385,-244.91003
75736000000,2017.93091,-5995.11475,-6261.60938,0.64160,0.25122,-0.29963,0.65990,7.58316,-214.93253,-244.88045
75769000000,2018.18494,-6002.20508,-6269.69141,0.64173,0.25119,-0.29946,0.65985,7.69783,-214.85855,-244.91003
75802000000,2018.43713,-6009.30127,-6277.77734,0.64244,0.25167,-0.29924,0.65908,7.64234,-215.03610,-245.02841
75835000000,2018.69165,-6016.39600,-6285.86279,0.64368,0.25249,-0.29864,0.65783,7.71262,-214.99171,-245.01361
75868000000,2018.94727,-6023.49316,-6293.95215,0.64515,0.25329,-0.29813,0.65631,7.74592,-215.06570,-245.13199
75901000000,2019.20251,-6030.58838,-6302.04150,0.64670,0.25393,-0.29742,0.65486,7.73482,-215.00652,-245.13199
75934000000,2019.49878,-6037.66699,-6310.13135,0.64734,0.25459,-0.29699,0.65417,8.97772,-214.50343,-245.14677
75967000000,2019.75610,-6044.75977,-6318.22021,0.64819,0.25493,-0.29681,0.65327,7.79770,-214.93253,-245.11719
76066000000,2020.52319,-6066.02930,-6342.48047,0.65041,0.25615,-0.29593,0.65098,7.74838,-214.84375,-245.05307
76099000000,2020.77795,-6073.11816,-6350.56494,0.65103,0.25684,-0.29563,0.65023,7.72002,-214.81416,-244.98402
76132000000,2021.04932,-6080.18701,-6358.65381,0.65110,0.25690,-0.29544,0.65022,8.22310,-214.20750,-245.11719
76165000000,2021.30493,-6087.27441,-6366.73779,0.65140,0.25735,-0.29520,0.64986,7.74592,-214.76978,-244.96922
76231000000,2021.82800,-6101.40674,-6382.92334,0.65191,0.25661,-0.29528,0.64959,7.92532,-214.12613,-245.23557
76264000000,2022.08398,-6108.48828,-6391.00537,0.65181,0.25661,-0.29524,0.64972,7.75701,-214.59221,-244.91003
76297000000,2022.34009,-6115.56543,-6399.08594,0.65167,0.25681,-0.29532,0.64974,7.76071,-214.45905,-244.86565
76330000000,2022.59729,-6122.64209,-6407.16748,0.65159,0.25704,-0.29534,0.64972,7.79400,-214.44424,-244.89525
