11419000000,-0.00137,-0.00076,0.00151,1.00000,0.00005,0.00018,-0.00003,-0.00918,-0.00183,0.00984
11452000000,-0.00176,-0.00099,0.00165,1.00000,0.00054,-0.00012,-0.00003,-0.01036,-0.00322,0.01039
11485000000,-0.00178,-0.00098,0.00157,1.00000,0.00021,0.00037,-0.00005,-0.00771,-0.00123,0.00831
11518000000,-0.00184,-0.00126,0.00138,1.00000,0.00093,0.00036,0.00002,-0.00694,-0.00519,0.00425
11551000000,-0.00201,-0.00165,0.00117,1.00000,0.00196,0.00000,0.00003,-0.00772,-0.01125,0.00096
11584000000,-0.00216,-0.00190,0.00111,1.00000,0.00242,-0.00016,0.00001,-0.00905,-0.01586,-0.00077
11617000000,-0.00220,-0.00198,0.00102,1.00000,0.00228,-0.00001,0.00000,-0.00832,-0.01557,-0.00342
11650000000,-0.00196,-0.00190,0.00096,1.00000,0.00201,0.00028,0.00001,-0.00660,-0.01471,-0.00456
11683000000,-0.00118,-0.00166,0.00096,1.00000,0.00143,0.00089,0.00000,-0.00153,-0.01080,-0.00448
11716000000,-0.00048,-0.00153,0.00084,1.00000,0.00094,0.00130,0.00003,0.00402,-0.00855,-0.00363
11749000000,0.00008,-0.00160,0.00070,1.00000,0.00061,0.00145,0.00005,0.02286,-0.00726,-0.00407
11782000000,0.00120,-0.00189,0.00059,1.00000,0.00058,0.00151,0.00009,0.04539,-0.00658,-0.00431
11815000000,0.00314,-0.00201,0.00064,1.00000,0.00038,0.00169,0.00010,0.06823,-0.00522,-0.00368
11848000000,0.00784,-0.00085,0.00070,1.00000,0.00039,0.00179,0.00012,0.09962,-0.00306,-0.00237
11881000000,0.01155,-0.00099,0.00076,1.00000,0.00033,0.00187,0.00016,0.12713,-0.00241,-0.00239
11914000000,0.01509,-0.00175,0.00074,1.00000,0.00049,0.00173,0.00020,0.13942,-0.00358,-0.00172
11947000000,0.02012,-0.00226,0.00058,1.00000,0.00055,0.00182,0.00023,0.16260,-0.00407,-0.00180
11980000000,0.02552,-0.00274,0.00043,1.00000,0.00051,0.00172,0.00023,0.19515,-0.00485,-0.00101
12013000000,0.03045,-0.00411,0.00036,1.00000,0.00054,0.00152,0.00025,0.21441,-0.00683,-0.00086
12046000000,0.03758,-0.00477,-0.00007,1.00000,0.00041,0.00155,0.00026,0.23764,-0.00571,-0.00061
12079000000,0.04649,-0.00418,-0.00043,1.00000,0.00030,0.00163,0.00027,0.26805,-0.00481,-0.00059
12112000000,0.05401,-0.00481,-0.00076,1.00000,0.00045,0.00141,0.00027,0.27705,-0.00721,0.00012
12145000000,0.06381,-0.00457,-0.00121,1.00000,0.00054,0.00130,0.00024,0.30804,-0.00696,0.00050
12178000000,0.07339,-0.00447,-0.00136,1.00000,0.00057,0.00117,0.00020,0.33664,-0.00723,-0.00010
12211000000,0.08223,-0.00546,-0.00158,1.00000,0.00072,0.00090,0.00017,0.35560,-0.00999,0.00004
12244000000,0.09362,-0.00574,-0.00214,1.00000,0.00079,0.00082,0.00017,0.36912,-0.01156,-0.00022
12277000000,0.10567,-0.00556,-0.00257,1.00000,0.00085,0.00075,0.00010,0.38670,-0.01177,-0.00101
12310000000,0.11943,-0.00437,-0.00248,1.00000,0.00085,0.00071,-0.00002,0.41845,-0.01124,-0.00092
12343000000,0.13506,-0.00285,-0.00222,1.00000,0.00075,0.00077,-0.00013,0.45001,-0.00922,-0.00032
12376000000,0.14994,-0.00282,-0.00253,1.00000,0.00079,0.00071,-0.00013,0.47929,-0.00942,-0.00080
12409000000,0.16807,-0.00138,-0.00281,1.00000,0.00072,0.00084,-0.00020,0.50249,-0.00634,-0.00067
12442000000,0.18631,-0.00036,-0.00307,1.00000,0.00070,0.00086,-0.00023,0.51624,-0.00561,-0.00081
12475000000,0.20429,-0.00091,-0.00322,1.00000,0.00062,0.00092,-0.00018,0.56354,-0.00487,-0.00164
12508000000,0.22501,0.00014,-0.00366,1.00000,0.00060,0.00098,-0.00018,0.58578,-0.00194,-0.00217
12541000000,0.24629,0.00198,-0.00446,1.00000,0.00061,0.00093,-0.00025,0.61560,-0.00076,-0.00318
12574000000,0.26463,0.00127,-0.00467,1.00000,0.00057,0.00093,-0.00030,0.63038,-0.00014,-0.00179
12607000000,0.28651,0.00134,-0.00496,1.00000,0.00053,0.00092,-0.00030,0.66154,-0.00092,-0.00084
12640000000,0.30686,0.00184,-0.00479,1.00000,0.00054,0.00088,-0.00039,0.68952,-0.00241,-0.00011
12673000000,0.33191,0.00262,-0.00501,1.00000,0.00061,0.00087,-0.00038,0.71130,-0.00275,-0.00198
12706000000,0.35867,0.00422,-0.00516,1.00000,0.00057,0.00096,-0.00037,0.74439,-0.00128,-0.00251
12739000000,0.38465,0.00455,-0.00528,1.00000,0.00061,0.00101,-0.00032,0.78106,-0.00131,-0.00355
12772000000,0.41066,0.00502,-0.00522,1.00000,0.00065,0.00094,-0.00035,0.80452,-0.00270,-0.00377
12805000000,0.43052,-0.00326,-0.00535,1.00000,0.00134,0.00101,-0.00030,0.81591,-0.01920,-0.00302
12838000000,0.44785,-0.04123,-0.00445,0.99999,0.00487,-0.00050,-0.00000,0.80984,-0.09462,-0.00068
12871000000,0.48477,-0.09567,-0.00357,0.99996,0.00923,-0.00092,0.00041,0.84279,-0.18630,0.00137
12904000000,0.54023,-0.10695,-0.00375,0.99993,0.01164,0.00148,0.00061,0.92359,-0.20172,0.00166
12937000000,0.56973,-0.09298,-0.00397,0.99992,0.01217,0.00144,0.00050,0.94171,-0.15877,0.00002
12970000000,0.59414,-0.09381,-0.00384,0.99989,0.01467,0.00161,0.00056,0.95361,-0.15266,-0.00027
13003000000,0.64188,-0.09105,-0.00281,0.99984,0.01781,0.00228,0.00054,1.00406,-0.13853,-0.00015
13036000000,0.68063,-0.09108,-0.00200,0.99975,0.02212,0.00179,0.00041,1.03676,-0.13568,-0.00008
13069000000,0.71655,-0.09217,-0.00048,0.99967,0.02565,0.00104,0.00041,1.06134,-0.13229,0.00290
13102000000,0.74025,-0.09296,0.00028,0.99962,0.02748,0.00022,0.00042,1.07912,-0.12844,0.00496
13135000000,0.77613,-0.09126,0.00294,0.99955,0.02986,-0.00081,0.00046,1.10604,-0.12505,0.00619
13168000000,0.83120,-0.09030,0.00905,0.99945,0.03322,-0.00245,0.00056,1.16001,-0.11966,0.01288
13201000000,0.85970,-0.12418,0.01200,0.99928,0.03781,-0.00411,0.00090,1.14046,-0.18464,0.01778
13234000000,0.92320,-0.07489,0.01718,0.99928,0.03761,-0.00559,0.00055,1.23022,-0.09148,0.02330
13267000000,0.98979,-0.05400,0.02950,0.99907,0.04190,-0.01058,0.00068,1.29669,-0.06075,0.04006
13300000000,1.05967,-0.03999,0.05326,0.99858,0.04946,-0.01957,0.00116,1.35572,-0.04084,0.06782
13333000000,1.12065,-0.03350,0.07970,0.99793,0.05689,-0.02992,0.00182,1.40369,-0.03576,0.09835
13366000000,1.16977,-0.02982,0.10031,0.99743,0.06083,-0.03788,0.00237,1.44020,-0.03138,0.12239
13399000000,1.23806,-0.02440,0.13083,0.99669,0.06590,-0.04746,0.00317,1.49374,-0.03005,0.15648
13432000000,1.29313,-0.02098,0.15624,0.99610,0.06837,-0.05556,0.00385,1.52381,-0.02741,0.18338
13465000000,1.34193,-0.01999,0.17585,0.99574,0.06867,-0.06147,0.00423,1.55088,-0.02471,0.20195
13498000000,1.39256,-0.02057,0.19345,0.99548,0.06815,-0.06594,0.00451,1.58081,-0.02605,0.22026
13531000000,1.43646,-0.02245,0.20662,0.99540,0.06632,-0.06892,0.00459,1.60761,-0.02546,0.23365
13564000000,1.48429,-0.02398,0.21823,0.99541,0.06422,-0.07087,0.00457,1.64166,-0.02649,0.24423
13597000000,1.56442,-0.02694,0.25541,0.99480,0.06744,-0.07620,0.00509,1.71484,-0.04039,0.27846
13630000000,1.63785,-0.02089,0.28665,0.99399,0.07119,-0.08291,0.00581,1.76998,-0.03549,0.30537
13663000000,1.70471,-0.01862,0.31651,0.99337,0.07329,-0.08838,0.00639,1.79968,-0.03386,0.32947
13696000000,1.75914,-0.02020,0.33426,0.99322,0.07197,-0.09101,0.00645,1.83038,-0.03430,0.34416
13729000000,1.82507,-0.02109,0.35548,0.99302,0.07186,-0.09324,0.00659,1.85515,-0.03663,0.35705
13762000000,1.88257,-0.02198,0.36960,0.99306,0.07023,-0.09412,0.00651,1.85735,-0.03686,0.36236
13795000000,1.94414,-0.02041,0.38249,0.99312,0.06887,-0.09449,0.00640,1.86463,-0.03443,0.36401
13828000000,2.00244,-0.02080,0.39261,0.99324,0.06734,-0.09436,0.00625,1.86662,-0.03245,0.36373
13861000000,2.05633,-0.02305,0.39960,0.99344,0.06527,-0.09373,0.00601,1.86339,-0.03283,0.35980
13894000000,2.10117,-0.02455,0.40039,0.99378,0.06160,-0.09256,0.00557,1.85502,-0.03123,0.35131
13927000000,2.22132,-0.02795,0.45450,0.99260,0.07056,-0.09859,0.00672,1.91576,-0.04844,0.38770
13960000000,2.32006,-0.00340,0.49044,0.99189,0.07558,-0.10188,0.00739,1.96166,-0.02423,0.40737
13993000000,2.39047,-0.00231,0.51407,0.99156,0.07755,-0.10359,0.00773,1.97404,-0.02357,0.41913
14026000000,2.45607,-0.00237,0.53094,0.99149,0.07782,-0.10412,0.00777,1.98313,-0.02325,0.42423
14059000000,2.51839,-0.00296,0.54265,0.99158,0.07702,-0.10379,0.00769,1.98795,-0.02483,0.42343
14092000000,2.58063,-0.00363,0.55283,0.99171,0.07610,-0.10324,0.00754,1.99208,-0.02445,0.42120
14125000000,2.64480,-0.00606,0.56505,0.99176,0.07597,-0.10288,0.00752,1.99758,-0.02594,0.42050
14158000000,2.70866,-0.00586,0.57564,0.99186,0.07547,-0.10232,0.00742,2.00396,-0.02531,0.41924
14191000000,2.76288,-0.00614,0.57854,0.99217,0.07324,-0.10090,0.00708,2.00069,-0.02324,0.41158
14224000000,2.80729,0.00816,0.60994,0.99181,0.07172,-0.10547,0.00706,1.95873,-0.02106,0.42769
14257000000,2.88907,-0.00654,0.63310,0.99152,0.07325,-0.10707,0.00739,1.98004,-0.04744,0.43705
14290000000,2.93606,-0.00569,0.64459,0.99168,0.07103,-0.10715,0.00714,1.96976,-0.04364,0.43636
14323000000,3.01026,-0.00753,0.66427,0.99156,0.07176,-0.10774,0.00722,1.98218,-0.04783,0.44360
14356000000,3.08286,-0.00813,0.68006,0.99150,0.07247,-0.10784,0.00734,1.99559,-0.04859,0.44563
14389000000,3.14915,-0.00783,0.69182,0.99153,0.07256,-0.10748,0.00734,2.00300,-0.04735,0.44494
14422000000,3.20863,-0.00787,0.70196,0.99162,0.07209,-0.10697,0.00725,2.00265,-0.04473,0.44187
14455000000,3.26999,-0.00845,0.71384,0.99168,0.07173,-0.10662,0.00723,2.00394,-0.04418,0.44089
14488000000,3.30535,-0.00622,0.71516,0.99199,0.06895,-0.10557,0.00685,1.98367,-0.03684,0.43418
14521000000,3.38006,-0.00785,0.72963,0.99195,0.07004,-0.10524,0.00694,1.99464,-0.03891,0.43493
14554000000,3.42093,-0.00327,0.73209,0.99224,0.06752,-0.10419,0.00655,1.98025,-0.03134,0.42894
14587000000,3.47412,0.01051,0.74397,0.99245,0.06375,-0.10465,0.00610,1.96141,-0.01938,0.42912
14620000000,3.52602,0.00772,0.75826,0.99238,0.06404,-0.10507,0.00622,1.94822,-0.02413,0.42966
14653000000,3.57757,0.00830,0.76617,0.99253,0.06265,-0.10449,0.00600,1.94214,-0.02131,0.42672
14686000000,3.63348,0.00831,0.77457,0.99264,0.06196,-0.10388,0.00590,1.94037,-0.01985,0.42426
14719000000,3.70367,0.00532,0.79016,0.99254,0.06332,-0.10396,0.00609,1.94824,-0.02383,0.42536
14752000000,3.75279,0.00588,0.79555,0.99272,0.06185,-0.10320,0.00591,1.94249,-0.02001,0.42104
14785000000,3.82472,0.00338,0.81043,0.99262,0.06337,-0.10317,0.00608,1.95170,-0.02293,0.42366
14818000000,3.87444,0.00505,0.81671,0.99281,0.06159,-0.10246,0.00584,1.94592,-0.01963,0.42059
14851000000,3.94914,0.01265,0.83675,0.99279,0.06052,-0.10329,0.00565,1.95044,-0.01399,0.42670
14884000000,4.02527,0.01592,0.85350,0.99271,0.06174,-0.10335,0.00585,1.96106,-0.01440,0.43007
14917000000,4.08960,0.01533,0.86706,0.99272,0.06163,-0.10332,0.00583,1.96569,-0.01434,0.43110
14950000000,4.15208,0.01555,0.88047,0.99273,0.06150,-0.10330,0.00574,1.96795,-0.01332,0.43136
14983000000,4.21269,0.01695,0.89323,0.99278,0.06096,-0.10314,0.00570,1.96938,-0.01243,0.43220
15016000000,4.25086,0.02281,0.88200,0.99344,0.05414,-0.10059,0.00488,1.98277,0.00028,0.42171
15049000000,4.29750,0.02277,0.88058,0.99376,0.05091,-0.09913,0.00452,1.97046,0.00111,0.41654
15082000000,4.35105,0.01793,0.89404,0.99355,0.05467,-0.09928,0.00485,1.94952,-0.00388,0.41591
15115000000,4.43452,0.01383,0.91922,0.99319,0.05903,-0.10032,0.00533,1.96165,-0.01034,0.42212
15148000000,4.53436,0.02858,0.93739,0.99326,0.05792,-0.10027,0.00508,1.98425,0.00086,0.42733
15181000000,4.58978,0.02630,0.94952,0.99325,0.05805,-0.10028,0.00511,1.98133,-0.00128,0.42729
15214000000,4.64724,0.02788,0.95287,0.99346,0.05623,-0.09924,0.00482,1.98418,0.00094,0.42482
15247000000,4.71812,0.02645,0.97102,0.99324,0.05915,-0.09970,0.00514,1.98876,-0.00270,0.42817
15280000000,4.78323,0.02411,0.98522,0.99319,0.05991,-0.09979,0.00521,1.99297,-0.00397,0.43014
15313000000,4.85475,0.02293,1.00391,0.99306,0.06135,-0.10021,0.00540,1.99982,-0.00568,0.43378
15346000000,4.91841,0.02368,1.01647,0.99307,0.06134,-0.10009,0.00539,2.00168,-0.00540,0.43488
15379000000,4.97446,0.02850,1.01790,0.99332,0.05919,-0.09887,0.00518,2.00216,-0.00112,0.42924
15412000000,5.08469,0.04502,1.03094,0.99333,0.05974,-0.09850,0.00516,2.03194,0.00748,0.42981
15445000000,5.15413,0.04431,1.04776,0.99329,0.06010,-0.09862,0.00515,2.03858,0.00807,0.43346
15478000000,5.21566,0.04609,1.05631,0.99341,0.05894,-0.09813,0.00502,2.04120,0.01110,0.43216
15511000000,5.27686,0.04550,1.06910,0.99340,0.05914,-0.09814,0.00506,2.04154,0.01142,0.43265
15544000000,5.34127,0.04418,1.08382,0.99338,0.05916,-0.09832,0.00503,2.04366,0.01007,0.43377
15577000000,5.40917,0.04277,1.10377,0.99323,0.06053,-0.09902,0.00522,2.04555,0.00821,0.43799
15610000000,5.47545,0.04409,1.11443,0.99327,0.06019,-0.09877,0.00515,2.05014,0.01031,0.43703
15643000000,5.59648,0.05152,1.13797,0.99293,0.06493,-0.09920,0.00561,2.08651,0.00950,0.44037
15676000000,5.72462,0.05509,1.14407,0.99272,0.07122,-0.09693,0.00610,2.13477,0.01319,0.43715
15709000000,5.81217,0.05209,1.16340,0.99229,0.07673,-0.09711,0.00661,2.15670,0.01073,0.44023
15742000000,5.88998,0.04551,1.19684,0.99174,0.08133,-0.09887,0.00721,2.17291,0.00567,0.45006
15775000000,5.95114,0.03700,1.22805,0.99138,0.08354,-0.10065,0.00763,2.17818,-0.00068,0.45921
15808000000,6.00046,0.03192,1.25059,0.99139,0.08186,-0.10196,0.00753,2.16865,-0.00499,0.46306
15841000000,6.08271,0.03689,1.26116,0.99147,0.08165,-0.10128,0.00749,2.17871,-0.00206,0.46346
15874000000,6.15165,0.04975,1.35171,0.99184,0.06560,-0.10911,0.00621,2.19647,-0.00137,0.50133
15907000000,6.20350,0.04739,1.33500,0.99236,0.06196,-0.10656,0.00563,2.16465,-0.01099,0.48850
15940000000,6.26608,0.04598,1.35126,0.99234,0.06194,-0.10678,0.00564,2.16407,-0.01170,0.48992
15973000000,6.33054,0.04430,1.36707,0.99229,0.06241,-0.10693,0.00569,2.16435,-0.01300,0.49106
16006000000,6.41212,0.04601,1.38000,0.99234,0.06232,-0.10648,0.00568,2.17418,-0.01356,0.49126
16039000000,6.47967,0.04175,1.39643,0.99226,0.06317,-0.10673,0.00574,2.17783,-0.01495,0.49114
16072000000,6.55259,0.04216,1.40923,0.99226,0.06357,-0.10649,0.00572,2.18352,-0.01480,0.49265
16105000000,6.63537,0.04644,1.42074,0.99233,0.06348,-0.10589,0.00560,2.19309,-0.01316,0.49044
16138000000,6.74649,0.07551,1.43745,0.99247,0.06235,-0.10532,0.00534,2.21086,0.00350,0.49260
16171000000,6.81598,0.07473,1.45331,0.99247,0.06216,-0.10537,0.00533,2.21215,0.00463,0.49397
16204000000,6.89846,0.07891,1.46588,0.99255,0.06198,-0.10480,0.00532,2.22147,0.00614,0.49411
16237000000,6.96017,0.07632,1.48188,0.99250,0.06227,-0.10501,0.00538,2.21937,0.00236,0.49586
16270000000,7.03056,0.07552,1.49701,0.99249,0.06257,-0.10500,0.00541,2.22286,0.00031,0.49658
16303000000,7.11328,0.07419,1.51501,0.99242,0.06339,-0.10518,0.00551,2.23214,-0.00343,0.49875
16336000000,7.18531,0.07425,1.52963,0.99241,0.06357,-0.10508,0.00556,2.23558,-0.00443,0.49948
16369000000,7.34198,0.09888,1.55488,0.99247,0.06364,-0.10451,0.00537,2.28870,0.00636,0.50725
16402000000,7.40548,0.09700,1.57041,0.99247,0.06352,-0.10462,0.00527,2.28475,0.00617,0.50710
16435000000,7.47836,0.09779,1.58600,0.99248,0.06350,-0.10455,0.00525,2.28791,0.00588,0.50841
16468000000,7.55278,0.09843,1.60149,0.99247,0.06364,-0.10449,0.00521,2.29232,0.00481,0.50901
16501000000,7.62372,0.09680,1.61848,0.99245,0.06381,-0.10462,0.00521,2.29653,0.00475,0.50915
16534000000,7.70407,0.09833,1.63429,0.99243,0.06424,-0.10450,0.00528,2.30477,0.00490,0.51034
16567000000,7.76875,0.09554,1.65072,0.99242,0.06431,-0.10463,0.00532,2.30312,0.00368,0.51159
16600000000,7.84493,0.09652,1.66677,0.99242,0.06436,-0.10454,0.00531,2.30856,0.00225,0.51240
16633000000,7.97901,0.11471,1.69666,0.99229,0.06562,-0.10498,0.00537,2.35033,0.00763,0.52046
16666000000,8.07009,0.11463,1.71642,0.99231,0.06550,-0.10493,0.00532,2.36554,0.00539,0.52418
16699000000,8.14491,0.11461,1.73167,0.99231,0.06561,-0.10481,0.00537,2.36919,0.00468,0.52569
16732000000,8.22364,0.11495,1.74814,0.99231,0.06572,-0.10472,0.00541,2.37580,0.00369,0.52670
16765000000,8.30024,0.11504,1.76459,0.99231,0.06575,-0.10471,0.00535,2.38036,0.00328,0.52921
16798000000,8.37958,0.11585,1.78017,0.99232,0.06586,-0.10456,0.00539,2.38572,0.00296,0.53023
16831000000,8.45179,0.10992,1.79935,0.99223,0.06654,-0.10501,0.00550,2.39068,-0.00046,0.53285
16864000000,8.59353,0.11959,1.83264,0.99216,0.06702,-0.10531,0.00549,2.43772,-0.00042,0.54300
16897000000,8.66941,0.11900,1.84913,0.99216,0.06713,-0.10527,0.00553,2.44156,-0.00261,0.54286
16930000000,8.74561,0.11865,1.86514,0.99217,0.06717,-0.10516,0.00549,2.44449,-0.00280,0.54455
16963000000,8.82999,0.12032,1.88199,0.99218,0.06718,-0.10505,0.00544,2.45293,-0.00265,0.54552
16996000000,8.91385,0.12196,1.89954,0.99220,0.06718,-0.10490,0.00541,2.46056,-0.00281,0.54651
17029000000,8.98222,0.12064,1.91320,0.99221,0.06728,-0.10474,0.00541,2.45951,-0.00249,0.54697
17062000000,9.11040,0.13867,1.94380,0.99209,0.06814,-0.10524,0.00541,2.49856,0.00564,0.55640
17095000000,9.20267,0.14099,1.96436,0.99203,0.06890,-0.10536,0.00548,2.51198,0.00478,0.55869
17128000000,9.29220,0.14342,1.98374,0.99205,0.06886,-0.10523,0.00547,2.52217,0.00445,0.56166
17161000000,9.37407,0.14106,2.00265,0.99203,0.06894,-0.10534,0.00550,2.52703,-0.00053,0.56418
17194000000,9.44218,0.13761,2.01758,0.99203,0.06887,-0.10536,0.00550,2.52540,-0.00240,0.56360
17227000000,9.61340,0.15176,2.04959,0.99203,0.06915,-0.10516,0.00542,2.59158,0.00204,0.57352
17260000000,9.67729,0.14823,2.06556,0.99201,0.06927,-0.10534,0.00545,2.58485,-0.00105,0.57370
17293000000,9.76369,0.14899,2.08447,0.99201,0.06928,-0.10525,0.00536,2.59233,-0.00204,0.57511
17326000000,9.84872,0.14989,2.10228,0.99203,0.06918,-0.10521,0.00534,2.59840,-0.00140,0.57586
17359000000,9.97445,0.16011,2.13268,0.99197,0.06890,-0.10597,0.00525,2.63329,0.00157,0.58276
17392000000,10.03752,0.14800,2.15041,0.99188,0.06946,-0.10642,0.00539,2.62455,-0.00987,0.58279
17425000000,10.12438,0.14764,2.16844,0.99188,0.06949,-0.10638,0.00538,2.62978,-0.01075,0.58379
17458000000,10.21396,0.14796,2.18678,0.99189,0.06954,-0.10629,0.00535,2.63790,-0.01240,0.58535
17491000000,10.28966,0.14583,2.20377,0.99189,0.06950,-0.10632,0.00533,2.63645,-0.01500,0.58700
17524000000,10.32979,0.13372,2.22168,0.99182,0.06940,-0.10702,0.00543,2.61546,-0.02295,0.58876
17557000000,10.48371,0.14881,2.23290,0.99215,0.06815,-0.10477,0.00509,2.66805,-0.01430,0.58564
17590000000,10.55280,0.14883,2.24986,0.99214,0.06793,-0.10495,0.00510,2.65817,-0.01129,0.58580
17623000000,10.63875,0.14887,2.26733,0.99216,0.06790,-0.10481,0.00508,2.66301,-0.01081,0.58505
17656000000,10.72682,0.14891,2.28565,0.99216,0.06792,-0.10476,0.00506,2.66986,-0.01072,0.58609
17689000000,10.81638,0.14940,2.30414,0.99218,0.06786,-0.10466,0.00500,2.67730,-0.01124,0.58614
17722000000,10.94474,0.16396,2.32457,0.99227,0.06726,-0.10416,0.00475,2.71157,-0.00077,0.58836
17755000000,11.04947,0.16629,2.34669,0.99228,0.06724,-0.10415,0.00470,2.72815,-0.00116,0.59277
17788000000,11.13312,0.16543,2.36503,0.99226,0.06729,-0.10422,0.00472,2.73038,-0.00147,0.59356
17821000000,11.22196,0.16525,2.38446,0.99225,0.06736,-0.10427,0.00472,2.73553,-0.00220,0.59520
17854000000,11.31843,0.16693,2.40365,0.99227,0.06733,-0.10418,0.00469,2.74699,-0.00186,0.59619
17887000000,11.41175,0.16774,2.42274,0.99228,0.06728,-0.10411,0.00466,2.75672,-0.00194,0.59840
17920000000,11.57935,0.18461,2.45602,0.99228,0.06713,-0.10416,0.00458,2.81671,0.00683,0.61025
17953000000,11.69231,0.18652,2.47605,0.99233,0.06720,-0.10369,0.00455,2.83844,0.00559,0.61266
17986000000,11.78541,0.18689,2.49500,0.99235,0.06714,-0.10349,0.00454,2.84445,0.00497,0.61325
18019000000,11.86982,0.18498,2.51421,0.99235,0.06715,-0.10352,0.00457,2.84420,0.00264,0.61449
18052000000,11.96580,0.18586,2.53381,0.99236,0.06717,-0.10339,0.00455,2.85364,0.00125,0.61641
18085000000,12.09365,0.18454,2.59641,0.99177,0.06879,-0.10786,0.00503,2.88820,-0.00819,0.65013
18118000000,12.21222,0.18010,2.62008,0.99173,0.06981,-0.10756,0.00514,2.91698,-0.02009,0.65339
18151000000,12.31231,0.18138,2.63992,0.99177,0.06968,-0.10733,0.00507,2.92608,-0.01975,0.65460
18184000000,12.40826,0.18142,2.65918,0.99179,0.06963,-0.10713,0.00501,2.93367,-0.02104,0.65582
18217000000,12.56892,0.19641,2.71184,0.99159,0.06883,-0.10947,0.00503,2.99280,-0.01393,0.68194
18250000000,12.67696,0.19412,2.73287,0.99160,0.06944,-0.10904,0.00507,3.00926,-0.01863,0.68353
18283000000,12.76598,0.19196,2.75280,0.99159,0.06954,-0.10900,0.00506,3.01088,-0.02219,0.68386
18316000000,12.86880,0.19307,2.77304,0.99163,0.06950,-0.10870,0.00503,3.02028,-0.02369,0.68358
18349000000,13.01933,0.20549,2.82403,0.99141,0.06868,-0.11120,0.00504,3.07009,-0.01698,0.70761
18382000000,13.12281,0.20189,2.84532,0.99141,0.06923,-0.11086,0.00508,3.07855,-0.02425,0.70828
18415000000,13.21763,0.20110,2.86568,0.99143,0.06924,-0.11068,0.00501,3.08179,-0.02618,0.70704
18448000000,13.30477,0.19665,2.89002,0.99137,0.06942,-0.11110,0.00507,3.07845,-0.03199,0.70979
18481000000,13.46234,0.21271,2.92777,0.99136,0.06882,-0.11155,0.00496,3.13530,-0.02225,0.72392
18514000000,13.56500,0.21146,2.95013,0.99139,0.06871,-0.11137,0.00491,3.14205,-0.02565,0.72457
18547000000,13.66393,0.20978,2.97457,0.99136,0.06881,-0.11157,0.00491,3.14625,-0.02911,0.72709
18580000000,13.76775,0.20902,2.99808,0.99136,0.06882,-0.11153,0.00486,3.15492,-0.03130,0.72985
18613000000,13.89859,0.21395,3.03977,0.99117,0.06920,-0.11301,0.00501,3.18664,-0.03083,0.74702
18646000000,13.99587,0.20739,3.06716,0.99107,0.06979,-0.11350,0.00508,3.18981,-0.04119,0.75140
18679000000,14.10141,0.20580,3.09198,0.99107,0.06981,-0.11353,0.00503,3.19724,-0.04393,0.75401
18712000000,14.20965,0.20530,3.11432,0.99111,0.06966,-0.11325,0.00498,3.20828,-0.04582,0.75449
18745000000,14.31998,0.20533,3.13437,0.99118,0.06943,-0.11273,0.00489,3.22055,-0.04689,0.75487
18778000000,14.43153,0.20576,3.15410,0.99126,0.06922,-0.11216,0.00482,3.23274,-0.04781,0.75418
18811000000,14.58381,0.21565,3.18258,0.99138,0.06848,-0.11159,0.00469,3.27960,-0.03962,0.75876
18844000000,14.68944,0.21380,3.21066,0.99134,0.06852,-0.11196,0.00469,3.28459,-0.04271,0.76383
18877000000,14.79676,0.21218,3.23650,0.99132,0.06851,-0.11208,0.00472,3.29193,-0.04521,0.76731
18910000000,14.90465,0.21055,3.26218,0.99131,0.06856,-0.11217,0.00474,3.30027,-0.04727,0.76997
18943000000,15.01656,0.21032,3.28532,0.99135,0.06838,-0.11190,0.00470,3.31057,-0.04918,0.76943
18976000000,15.13160,0.21083,3.30753,0.99141,0.06824,-0.11151,0.00464,3.32480,-0.04939,0.76841
19009000000,15.28969,0.22237,3.33257,0.99153,0.06804,-0.11055,0.00457,3.37248,-0.04015,0.77087
19042000000,15.40268,0.22088,3.35920,0.99152,0.06801,-0.11067,0.00454,3.38189,-0.04296,0.77375
19075000000,15.51692,0.21990,3.38637,0.99148,0.06827,-0.11080,0.00452,3.39344,-0.04464,0.77672
19108000000,15.62391,0.21966,3.41382,0.99144,0.06835,-0.11114,0.00457,3.39966,-0.04541,0.78029
19141000000,15.75037,0.22053,3.43253,0.99158,0.06803,-0.11014,0.00447,3.41860,-0.04787,0.77772
19174000000,15.88219,0.22407,3.47623,0.99131,0.06868,-0.11212,0.00461,3.44388,-0.04664,0.79385
19207000000,16.01302,0.22109,3.50482,0.99130,0.06907,-0.11195,0.00464,3.46880,-0.05232,0.79805
19240000000,16.12890,0.21971,3.53110,0.99130,0.06909,-0.11192,0.00463,3.47820,-0.05457,0.80092
19273000000,16.24478,0.21873,3.55553,0.99133,0.06903,-0.11172,0.00456,3.48734,-0.05643,0.80129
19306000000,16.41163,0.22946,3.58393,0.99141,0.06885,-0.11113,0.00449,3.54228,-0.04810,0.80478
19339000000,16.53291,0.22789,3.61565,0.99133,0.06924,-0.11156,0.00450,3.55471,-0.05196,0.81260
19372000000,16.64772,0.22556,3.64197,0.99133,0.06925,-0.11159,0.00450,3.56190,-0.05549,0.81524
19405000000,16.76487,0.22389,3.66774,0.99134,0.06925,-0.11152,0.00443,3.57071,-0.05836,0.81670
19438000000,16.88634,0.22349,3.69311,0.99137,0.06919,-0.11126,0.00438,3.58394,-0.06080,0.81749
19471000000,17.03536,0.22559,3.73488,0.99123,0.06944,-0.11232,0.00444,3.62079,-0.06256,0.83190
19504000000,17.16261,0.22288,3.76505,0.99118,0.06998,-0.11241,0.00448,3.63789,-0.06846,0.83745
19537000000,17.28492,0.22128,3.79034,0.99122,0.06989,-0.11219,0.00441,3.64985,-0.07080,0.83702
19570000000,17.40106,0.21939,3.81787,0.99124,0.06948,-0.11222,0.00443,3.65512,-0.07257,0.83918
19603000000,17.53509,0.22014,3.85313,0.99116,0.06925,-0.11307,0.00446,3.67762,-0.07538,0.84769
19636000000,17.65525,0.21754,3.88476,0.99111,0.06937,-0.11348,0.00445,3.68457,-0.07764,0.85374
19669000000,17.77490,0.21490,3.91355,0.99110,0.06936,-0.11355,0.00446,3.69170,-0.08052,0.85672
19702000000,17.89447,0.21235,3.94065,0.99111,0.06929,-0.11350,0.00441,3.69939,-0.08403,0.85692
19735000000,18.04792,0.21335,3.96695,0.99120,0.06917,-0.11274,0.00431,3.73587,-0.08707,0.85766
19768000000,18.17200,0.21124,4.00072,0.99114,0.06927,-0.11324,0.00435,3.74632,-0.09087,0.86636
19801000000,18.29894,0.20951,4.02934,0.99115,0.06921,-0.11316,0.00432,3.75845,-0.09314,0.86840
19834000000,18.42590,0.20717,4.05970,0.99114,0.06921,-0.11326,0.00431,3.77009,-0.09607,0.87180
19867000000,18.56117,0.20529,4.09674,0.99104,0.06945,-0.11397,0.00436,3.78959,-0.10036,0.88148
19900000000,18.69270,0.20455,4.12806,0.99105,0.06957,-0.11384,0.00431,3.80601,-0.10296,0.88675
19933000000,18.82106,0.20210,4.15745,0.99106,0.06951,-0.11379,0.00434,3.81927,-0.10716,0.89055
19966000000,18.95128,0.19994,4.18588,0.99109,0.06941,-0.11357,0.00431,3.83270,-0.10911,0.89262
19999000000,19.07918,0.19963,4.22529,0.99097,0.06934,-0.11466,0.00438,3.84495,-0.11003,0.90381
20032000000,19.21207,0.19618,4.26060,0.99092,0.06939,-0.11505,0.00438,3.85985,-0.11562,0.91100
20065000000,19.34578,0.19495,4.28699,0.99100,0.06917,-0.11449,0.00430,3.87483,-0.11620,0.91087
20098000000,19.47967,0.19363,4.31254,0.99109,0.06878,-0.11398,0.00423,3.89020,-0.11805,0.91047
20131000000,19.61319,0.19864,4.32910,0.99127,0.06817,-0.11277,0.00406,3.90339,-0.11207,0.90200
20164000000,19.73548,0.19404,4.36585,0.99122,0.06747,-0.11361,0.00397,3.90645,-0.11402,0.91064
20197000000,19.86747,0.19184,4.39437,0.99128,0.06689,-0.11343,0.00383,3.91600,-0.11735,0.91143
20230000000,19.99741,0.19378,4.40941,0.99145,0.06687,-0.11198,0.00373,3.92428,-0.11548,0.90103
20263000000,20.13870,0.19333,4.43648,0.99153,0.06659,-0.11149,0.00361,3.94403,-0.11531,0.90133
20296000000,20.27183,0.19049,4.46364,0.99157,0.06647,-0.11120,0.00353,3.95555,-0.11724,0.90164
20329000000,20.41773,0.19556,4.47795,0.99178,0.06659,-0.10925,0.00339,3.97952,-0.11036,0.89054
20362000000,20.56949,0.19918,4.49040,0.99201,0.06657,-0.10711,0.00316,4.00902,-0.10292,0.87589
20395000000,20.70550,0.19784,4.51364,0.99210,0.06638,-0.10638,0.00311,4.02219,-0.10234,0.87308
20428000000,20.83657,0.19958,4.54228,0.99205,0.06672,-0.10665,0.00311,4.02915,-0.09709,0.87611
20461000000,20.97738,0.19712,4.56904,0.99205,0.06742,-0.10626,0.00308,4.04738,-0.09894,0.87674
20494000000,21.11403,0.19372,4.59462,0.99204,0.06814,-0.10586,0.00313,4.05980,-0.10090,0.87478
20527000000,21.25208,0.19099,4.62054,0.99205,0.06861,-0.10546,0.00314,4.07288,-0.10235,0.87390
20560000000,21.39158,0.18946,4.64580,0.99210,0.06867,-0.10494,0.00312,4.08654,-0.10264,0.87434
20593000000,21.51940,0.18721,4.67445,0.99200,0.06943,-0.10534,0.00322,4.08995,-0.10235,0.87583
20626000000,21.67809,0.18607,4.70012,0.99188,0.07275,-0.10422,0.00351,4.12763,-0.10319,0.87585
20659000000,21.81430,0.18220,4.73062,0.99185,0.07299,-0.10437,0.00353,4.13793,-0.10742,0.88106
20692000000,21.94871,0.17800,4.75958,0.99186,0.07270,-0.10447,0.00350,4.14602,-0.11041,0.88351
20725000000,22.07894,0.17226,4.79247,0.99181,0.07266,-0.10496,0.00348,4.15015,-0.11590,0.88866
20758000000,22.22876,0.16901,4.82049,0.99166,0.07535,-0.10448,0.00374,4.17681,-0.11868,0.88940
20791000000,22.37173,0.16571,4.84880,0.99161,0.07638,-0.10419,0.00383,4.19304,-0.12072,0.89091
20824000000,22.51064,0.16173,4.87819,0.99161,0.07650,-0.10416,0.00387,4.20418,-0.12288,0.89453
20857000000,22.64592,0.15732,4.90814,0.99165,0.07580,-0.10425,0.00376,4.21186,-0.12539,0.89811
20890000000,22.77133,0.15189,4.93922,0.99177,0.07372,-0.10464,0.00355,4.20857,-0.12945,0.90185
20923000000,22.89744,0.14670,4.96949,0.99186,0.07212,-0.10492,0.00334,4.20662,-0.13297,0.90500
20956000000,23.03792,0.14260,4.99983,0.99187,0.07185,-0.10496,0.00328,4.21891,-0.13494,0.90740
20989000000,23.17458,0.13818,5.02950,0.99190,0.07145,-0.10498,0.00327,4.22547,-0.13798,0.91068
21022000000,23.31027,0.13364,5.05905,0.99193,0.07100,-0.10498,0.00321,4.23285,-0.13961,0.91228
21055000000,23.44666,0.12914,5.08873,0.99196,0.07056,-0.10498,0.00313,4.23934,-0.14041,0.91380
21088000000,23.58197,0.12418,5.11872,0.99199,0.07013,-0.10505,0.00310,4.24652,-0.14197,0.91531
21121000000,23.73773,0.12414,5.14366,0.99187,0.07222,-0.10471,0.00334,4.27242,-0.14024,0.91299
21154000000,23.89994,0.12518,5.16694,0.99191,0.07308,-0.10375,0.00329,4.30268,-0.13760,0.91015
21187000000,24.01940,0.12029,5.19119,0.99206,0.07111,-0.10365,0.00306,4.29348,-0.13969,0.90826
21220000000,24.15579,0.11556,5.22044,0.99210,0.07050,-0.10374,0.00305,4.29964,-0.14079,0.91028
21253000000,24.32143,0.11165,5.25514,0.99196,0.07238,-0.10378,0.00327,4.33159,-0.14391,0.91610
21286000000,24.46420,0.10745,5.28390,0.99197,0.07236,-0.10368,0.00318,4.34261,-0.14553,0.91807
21319000000,24.61913,0.10369,5.31498,0.99191,0.07334,-0.10355,0.00326,4.36174,-0.14735,0.92074
21352000000,24.75515,0.09889,5.34330,0.99197,0.07262,-0.10352,0.00317,4.36551,-0.14882,0.92197
21385000000,24.85066,0.09384,5.36113,0.99225,0.06926,-0.10317,0.00276,4.33732,-0.14941,0.91623
21418000000,24.93633,0.09049,5.37252,0.99252,0.06638,-0.10241,0.00239,4.30708,-0.14696,0.90811
21451000000,25.11840,0.08462,5.41647,0.99238,0.06755,-0.10304,0.00256,4.34378,-0.15178,0.91897
21484000000,25.23519,0.08059,5.43745,0.99250,0.06644,-0.10260,0.00243,4.33667,-0.15206,0.91567
21517000000,25.25891,0.08301,5.42451,0.99293,0.06314,-0.10054,0.00193,4.27311,-0.14324,0.89487
21550000000,25.40641,0.09119,5.45977,0.99288,0.06199,-0.10172,0.00193,4.27279,-0.13113,0.90146
21583000000,25.58956,0.07792,5.52038,0.99255,0.06386,-0.10370,0.00220,4.30518,-0.14329,0.92207
21616000000,25.70713,0.07405,5.53986,0.99266,0.06325,-0.10308,0.00214,4.30151,-0.14340,0.91657
21649000000,25.86656,0.06760,5.58003,0.99256,0.06386,-0.10367,0.00223,4.32028,-0.14713,0.92444
21682000000,25.98426,0.06666,5.59350,0.99273,0.06283,-0.10267,0.00201,4.31600,-0.14411,0.91618
21715000000,26.06202,0.06980,5.58562,0.99308,0.06096,-0.10038,0.00167,4.29234,-0.13800,0.89651
21748000000,26.22974,0.06509,5.62030,0.99305,0.06091,-0.10072,0.00163,4.31281,-0.14009,0.90177
21781000000,26.44304,0.05173,5.69498,0.99262,0.06367,-0.10317,0.00209,4.36046,-0.15076,0.92704
21814000000,26.58513,0.04611,5.72745,0.99261,0.06379,-0.10323,0.00210,4.36755,-0.15404,0.92986
21847000000,26.72296,0.04174,5.75481,0.99265,0.06342,-0.10306,0.00197,4.37398,-0.15450,0.92968
21880000000,26.81673,0.04339,5.75370,0.99294,0.06150,-0.10139,0.00163,4.35912,-0.14996,0.91708
21913000000,27.00368,0.03483,5.80605,0.99274,0.06281,-0.10255,0.00181,4.38843,-0.15577,0.93025
21946000000,27.16292,0.02797,5.84686,0.99266,0.06342,-0.10300,0.00190,4.40624,-0.16047,0.93721
21979000000,27.23619,0.03230,5.83400,0.99305,0.06071,-0.10078,0.00149,4.38126,-0.15470,0.91864
22012000000,27.42408,0.02367,5.88428,0.99288,0.06184,-0.10178,0.00166,4.40995,-0.15860,0.92919
22045000000,27.54357,0.02206,5.89896,0.99302,0.06101,-0.10098,0.00149,4.40771,-0.15750,0.92397
22078000000,27.75058,0.00938,5.96557,0.99269,0.06346,-0.10269,0.00184,4.44663,-0.16526,0.94211
22111000000,27.93905,-0.00129,6.02270,0.99244,0.06553,-0.10380,0.00212,4.47926,-0.17284,0.95600
22144000000,28.03877,0.00112,6.02400,0.99273,0.06315,-0.10249,0.00175,4.46434,-0.16775,0.94488
22177000000,28.16655,0.01916,6.00105,0.99306,0.06192,-0.09994,0.00152,4.46459,-0.15018,0.92103
22210000000,28.30855,0.02329,6.02464,0.99308,0.06203,-0.09970,0.00152,4.46903,-0.14368,0.92068
22243000000,28.47777,0.01757,6.06567,0.99297,0.06300,-0.10018,0.00161,4.48917,-0.14674,0.92804
22276000000,28.59659,0.01663,6.07770,0.99312,0.06199,-0.09933,0.00146,4.48518,-0.14528,0.92173
22309000000,28.76825,0.01177,6.11804,0.99302,0.06277,-0.09980,0.00156,4.50574,-0.14774,0.92776
22342000000,28.88587,0.01061,6.12979,0.99318,0.06170,-0.09892,0.00131,4.50068,-0.14528,0.92268
22375000000,29.03151,0.00828,6.15502,0.99322,0.06145,-0.09869,0.00126,4.50791,-0.14540,0.92289
22408000000,29.22822,-0.00034,6.21179,0.99300,0.06319,-0.09983,0.00151,4.53905,-0.15183,0.93581
22441000000,29.29266,0.00107,6.19615,0.99337,0.06049,-0.09775,0.00108,4.51244,-0.14918,0.91908
22474000000,29.43698,-0.00075,6.21603,0.99343,0.06019,-0.09732,0.00103,4.51878,-0.14791,0.91602
22507000000,29.58200,-0.00430,6.24040,0.99345,0.06021,-0.09706,0.00105,4.52670,-0.14838,0.91568
22540000000,29.75874,-0.01034,6.28446,0.99334,0.06112,-0.09768,0.00118,4.54799,-0.15083,0.92327
22573000000,29.98415,-0.02177,6.36013,0.99301,0.06350,-0.09952,0.00153,4.59038,-0.15738,0.94231
22606000000,30.10372,-0.02547,6.37556,0.99312,0.06261,-0.09892,0.00137,4.58693,-0.15949,0.93815
22639000000,30.25160,-0.03069,6.40250,0.99314,0.06262,-0.09876,0.00134,4.59419,-0.16038,0.93760
22672000000,30.34468,-0.03015,6.39921,0.99337,0.06102,-0.09741,0.00110,4.58084,-0.15806,0.92702
22705000000,30.52048,-0.03477,6.43783,0.99331,0.06161,-0.09770,0.00113,4.59896,-0.15855,0.93114
22738000000,30.69430,-0.04192,6.48083,0.99322,0.06216,-0.09818,0.00124,4.61628,-0.16013,0.93711
22771000000,30.86511,-0.04845,6.52268,0.99315,0.06268,-0.09856,0.00128,4.63331,-0.16203,0.94389
22804000000,30.93782,-0.04724,6.50993,0.99344,0.06062,-0.09691,0.00096,4.61411,-0.16006,0.92988
22837000000,31.03408,-0.01226,6.49440,0.99369,0.05927,-0.09517,0.00081,4.60285,-0.13620,0.91476
22870000000,31.25392,-0.00642,6.55870,0.99340,0.06150,-0.09685,0.00099,4.62991,-0.12606,0.92903
22903000000,31.35477,-0.01199,6.55931,0.99361,0.06014,-0.09554,0.00075,4.62350,-0.13191,0.92036
22936000000,31.52717,-0.01242,6.59672,0.99354,0.06067,-0.09586,0.00078,4.63778,-0.12885,0.92410
22969000000,31.67852,-0.01580,6.62585,0.99355,0.06061,-0.09583,0.00074,4.64556,-0.12945,0.92636
23002000000,31.82782,-0.01913,6.65246,0.99358,0.06047,-0.09565,0.00067,4.65366,-0.13073,0.92749
23035000000,32.00296,-0.02138,6.69510,0.99351,0.06078,-0.09609,0.00067,4.66845,-0.13044,0.93446
23068000000,32.17557,-0.02476,6.73886,0.99345,0.06109,-0.09653,0.00075,4.68216,-0.13014,0.94076
23101000000,32.34714,-0.02824,6.78199,0.99338,0.06147,-0.09702,0.00076,4.69682,-0.13012,0.94687
23134000000,32.47426,-0.03202,6.79615,0.99350,0.06065,-0.09634,0.00062,4.69590,-0.13049,0.94274
23167000000,32.62242,-0.03636,6.82046,0.99354,0.06040,-0.09611,0.00061,4.70138,-0.13152,0.94390
23200000000,32.77549,-0.04018,6.84853,0.99355,0.06033,-0.09597,0.00054,4.70958,-0.13324,0.94509
23233000000,32.90299,-0.04335,6.86091,0.99368,0.05939,-0.09525,0.00038,4.71026,-0.13337,0.94078
23266000000,33.07545,-0.04458,6.89978,0.99363,0.05983,-0.09554,0.00037,4.72382,-0.12985,0.94452
23299000000,33.22749,-0.04699,6.92874,0.99366,0.05947,-0.09542,0.00029,4.73210,-0.12979,0.94608
23332000000,33.33457,-0.05350,6.92823,0.99386,0.05801,-0.09424,0.00005,4.72900,-0.13410,0.93745
23365000000,33.53219,-0.05204,6.98104,0.99371,0.05916,-0.09513,0.00017,4.74744,-0.13048,0.94576
23398000000,33.66538,-0.05796,6.99791,0.99379,0.05863,-0.09462,0.00007,4.75236,-0.13307,0.94331
23431000000,33.79819,-0.06408,7.01111,0.99387,0.05818,-0.09398,-0.00003,4.75703,-0.13736,0.94016
23464000000,33.97359,-0.06480,7.05100,0.99381,0.05874,-0.09429,0.00002,4.76941,-0.13616,0.94423
23497000000,34.10623,-0.07229,7.06577,0.99392,0.05788,-0.09365,-0.00009,4.77352,-0.14039,0.94217
23530000000,34.28270,-0.07357,7.10546,0.99385,0.05842,-0.09402,-0.00004,4.78546,-0.13832,0.94707
23563000000,34.40349,-0.08539,7.11267,0.99399,0.05756,-0.09316,-0.00020,4.79061,-0.14653,0.94265
23596000000,34.59175,-0.02514,7.17164,0.99373,0.05948,-0.09469,0.00024,4.79777,-0.10797,0.95210
23629000000,34.73350,-0.04637,7.18475,0.99385,0.05875,-0.09389,0.00009,4.81079,-0.12106,0.94944
23662000000,34.86544,-0.05309,7.19625,0.99395,0.05819,-0.09319,-0.00002,4.81753,-0.12627,0.94515
23695000000,34.99801,-0.06100,7.20811,0.99405,0.05758,-0.09249,-0.00012,4.82292,-0.13192,0.94255
23728000000,35.15069,-0.06273,7.23227,0.99407,0.05749,-0.09230,-0.00016,4.82922,-0.13178,0.94216
23761000000,35.30681,-0.06565,7.25929,0.99409,0.05734,-0.09214,-0.00023,4.83831,-0.13200,0.94312
23794000000,35.44837,-0.08334,7.27899,0.99414,0.05722,-0.09171,-0.00025,4.84827,-0.14385,0.94134
23827000000,35.67190,-0.06732,7.35174,0.99390,0.05898,-0.09318,-0.00008,4.86201,-0.12613,0.95528
23860000000,35.86060,-0.06872,7.40569,0.99381,0.05942,-0.09389,0.00002,4.87627,-0.12317,0.96438
23893000000,35.97429,-0.08454,7.40939,0.99397,0.05831,-0.09291,-0.00018,4.88037,-0.13499,0.95828
23926000000,36.09651,-0.10357,7.41334,0.99411,0.05730,-0.09199,-0.00028,4.88783,-0.14907,0.95386
23959000000,36.23603,-0.12405,7.42842,0.99422,0.05639,-0.09138,-0.00037,4.90459,-0.16605,0.95258
23992000000,36.39843,-0.10704,7.45667,0.99418,0.05703,-0.09142,-0.00034,4.89894,-0.14738,0.95508
24025000000,36.67615,-0.08317,7.56564,0.99380,0.05954,-0.09387,0.00005,4.92166,-0.12432,0.97908
24058000000,36.96258,-0.08156,7.68710,0.99345,0.06130,-0.09645,0.00039,4.95624,-0.12180,1.00653
24091000000,37.07079,-0.08953,7.68770,0.99359,0.06044,-0.09552,0.00023,4.95449,-0.12564,0.99955
24124000000,37.21038,-0.09623,7.70346,0.99364,0.06031,-0.09507,0.00021,4.95946,-0.12761,0.99709
24157000000,37.34540,-0.10346,7.71727,0.99372,0.05993,-0.09453,0.00006,4.96437,-0.12947,0.99352
24190000000,37.50721,-0.10537,7.74684,0.99373,0.05991,-0.09444,-0.00001,4.97459,-0.12804,0.99407
24223000000,37.64403,-0.11212,7.76109,0.99381,0.05936,-0.09387,-0.00011,4.97924,-0.12921,0.99062
24256000000,37.78103,-0.12187,7.77502,0.99388,0.05899,-0.09338,-0.00018,4.98458,-0.13360,0.98752
24289000000,38.03027,-0.05580,7.89437,0.99348,0.06089,-0.09635,0.00033,4.99809,-0.09659,1.01171
24322000000,38.26104,-0.07987,7.94586,0.99345,0.06099,-0.09665,0.00034,5.02999,-0.10881,1.01915
24355000000,38.42626,-0.08471,7.97764,0.99345,0.06103,-0.09658,0.00036,5.03869,-0.11005,1.02048
24388000000,38.50856,-0.09556,7.96805,0.99361,0.06023,-0.09547,0.00021,5.03235,-0.11396,1.01093
24421000000,38.71050,-0.09713,8.01863,0.99354,0.06074,-0.09587,0.00029,5.04918,-0.11299,1.01728
24454000000,38.94980,-0.09805,8.09057,0.99340,0.06144,-0.09683,0.00043,5.07223,-0.11208,1.02925
24487000000,39.10900,-0.10144,8.12013,0.99343,0.06126,-0.09668,0.00037,5.07806,-0.11357,1.03144
24520000000,39.11955,-0.11701,8.06985,0.99377,0.05919,-0.09446,0.00001,5.05947,-0.12178,1.01302
24553000000,39.27556,-0.11942,8.09416,0.99378,0.05929,-0.09426,0.00000,5.06526,-0.12118,1.01315
24586000000,39.52133,-0.11428,8.16815,0.99362,0.06023,-0.09531,0.00012,5.08808,-0.11590,1.02378
24619000000,39.76470,-0.11187,8.24249,0.99349,0.06092,-0.09628,0.00024,5.11083,-0.11390,1.03657
24652000000,39.84751,-0.12152,8.23224,0.99366,0.05990,-0.09517,0.00004,5.10380,-0.11688,1.02903
24685000000,40.05342,-0.12208,8.28450,0.99358,0.06037,-0.09567,0.00010,5.11939,-0.11627,1.03564
24718000000,40.22356,-0.12785,8.31964,0.99356,0.06060,-0.09573,0.00016,5.13160,-0.11845,1.03894
24751000000,40.39048,-0.13597,8.35275,0.99355,0.06080,-0.09575,0.00019,5.14033,-0.12167,1.04059
24784000000,40.55831,-0.14342,8.38587,0.99354,0.06090,-0.09574,0.00023,5.14865,-0.12349,1.04227
24817000000,40.76271,-0.14364,8.43756,0.99348,0.06126,-0.09612,0.00026,5.16411,-0.12216,1.04779
24850000000,40.85122,-0.15482,8.43091,0.99362,0.06049,-0.09516,0.00013,5.15856,-0.12527,1.03947
24883000000,41.01441,-0.15797,8.46077,0.99363,0.06046,-0.09507,0.00007,5.16543,-0.12470,1.03988
24916000000,41.17690,-0.15886,8.48957,0.99366,0.06021,-0.09489,-0.00006,5.17255,-0.12349,1.04060
24949000000,41.34536,-0.16245,8.52258,0.99366,0.06023,-0.09489,-0.00008,5.18327,-0.12371,1.04225
24982000000,41.39320,-0.22434,8.48966,0.99402,0.05736,-0.09293,-0.00050,5.19902,-0.16239,1.02934
25015000000,41.76140,-0.09731,8.73111,0.99313,0.06259,-0.09888,0.00055,5.18662,-0.09418,1.08033
25048000000,42.14957,-0.14020,8.80064,0.99312,0.06235,-0.09908,0.00060,5.26392,-0.11766,1.09030
25081000000,42.39904,-0.14310,8.86741,0.99303,0.06291,-0.09969,0.00074,5.28780,-0.12104,1.10051
25114000000,42.62181,-0.14725,8.92385,0.99296,0.06327,-0.10012,0.00078,5.30669,-0.12267,1.10662
25147000000,42.66357,-0.15356,8.90516,0.99313,0.06239,-0.09895,0.00062,5.28792,-0.11884,1.09483
25180000000,42.83953,-0.15789,8.94072,0.99313,0.06248,-0.09898,0.00063,5.29577,-0.11923,1.09764
25213000000,43.15283,-0.15963,9.03188,0.99296,0.06344,-0.10007,0.00082,5.33201,-0.12430,1.11391
25279000000,43.46932,-0.16765,9.09221,0.99299,0.06332,-0.09981,0.00078,5.34166,-0.12326,1.11520
25312000000,43.62408,-0.16744,9.11349,0.99304,0.06306,-0.09947,0.00073,5.34573,-0.12188,1.11428
25378000000,44.04955,-0.17456,9.21610,0.99296,0.06347,-0.09997,0.00084,5.37747,-0.12559,1.12351
25411000000,44.20456,-0.17432,9.23741,0.99302,0.06311,-0.09964,0.00082,5.37945,-0.12380,1.12225
25444000000,44.43096,-0.17852,9.29243,0.99297,0.06345,-0.09995,0.00087,5.39734,-0.12707,1.12787
25576000000,45.15515,-0.19949,9.45334,0.99292,0.06379,-0.10019,0.00089,5.43413,-0.13233,1.13863
25642000000,45.30240,-0.21125,9.43956,0.99315,0.06278,-0.09854,0.00052,5.41536,-0.12830,1.12345
25675000000,45.74477,-0.20928,9.59687,0.99272,0.06558,-0.10099,0.00129,5.48761,-0.13633,1.15149
25708000000,46.06534,-0.22554,9.63412,0.99281,0.06490,-0.10060,0.00116,5.53666,-0.14612,1.15376
25741000000,46.25149,-0.22961,9.67238,0.99281,0.06491,-0.10061,0.00115,5.54679,-0.14665,1.15560
25774000000,46.44929,-0.22959,9.70966,0.99281,0.06493,-0.10058,0.00116,5.55908,-0.14587,1.15860
25807000000,46.63309,-0.24112,9.75872,0.99278,0.06511,-0.10077,0.00116,5.57086,-0.14702,1.16301
25840000000,46.86076,-0.22307,9.78864,0.99280,0.06511,-0.10052,0.00104,5.58903,-0.14231,1.16277
25873000000,47.05013,-0.22579,9.82568,0.99281,0.06512,-0.10046,0.00110,5.59825,-0.14251,1.16461
25906000000,47.24533,-0.22583,9.86095,0.99282,0.06508,-0.10036,0.00106,5.61010,-0.14109,1.16593
25972000000,47.62525,-0.23527,9.93948,0.99281,0.06520,-0.10039,0.00108,5.62984,-0.14361,1.17109
26038000000,48.03603,-0.23646,10.01554,0.99282,0.06525,-0.10022,0.00106,5.65862,-0.14215,1.17508
26071000000,48.23052,-0.24197,10.05556,0.99281,0.06533,-0.10026,0.00106,5.67008,-0.14172,1.17752
26104000000,48.42582,-0.24478,10.09494,0.99281,0.06540,-0.10027,0.00106,5.68091,-0.14123,1.17913
26137000000,48.59664,-0.25976,10.13598,0.99280,0.06539,-0.10033,0.00106,5.68531,-0.14408,1.18324
26170000000,48.86940,-0.28575,10.32092,0.99236,0.06790,-0.10298,0.00183,5.74151,-0.15776,1.21761
26203000000,49.16991,-0.31432,10.36126,0.99241,0.06765,-0.10267,0.00175,5.78603,-0.17219,1.22041
26236000000,49.36610,-0.31903,10.40012,0.99241,0.06769,-0.10264,0.00173,5.79682,-0.17258,1.22364
26269000000,49.59116,-0.31804,10.44066,0.99240,0.06790,-0.10257,0.00180,5.81525,-0.17056,1.22477
26335000000,50.01729,-0.32145,10.52073,0.99240,0.06815,-0.10240,0.00181,5.84749,-0.17014,1.22797
26368000000,50.16042,-0.34009,10.56160,0.99241,0.06783,-0.10255,0.00175,5.84246,-0.17485,1.22983
26401000000,50.36054,-0.34456,10.60214,0.99241,0.06781,-0.10253,0.00175,5.85297,-0.17598,1.23102
26467000000,50.76181,-0.35824,10.67853,0.99241,0.06802,-0.10239,0.00173,5.87662,-0.17822,1.23410
26500000000,50.08297,-0.46681,10.66195,0.99251,0.06495,-0.10349,0.00139,5.71200,-0.19246,1.22220
26533000000,50.15107,-0.47491,10.55007,0.99275,0.06515,-0.10099,0.00122,5.68416,-0.18992,1.19202
26566000000,51.25831,-0.37566,10.79217,0.99246,0.06736,-0.10237,0.00152,5.87735,-0.17842,1.24042
26599000000,51.55814,-0.37499,10.83620,0.99243,0.06800,-0.10222,0.00159,5.91429,-0.18096,1.24311
26632000000,51.76580,-0.37758,10.87740,0.99244,0.06802,-0.10217,0.00154,5.92596,-0.18098,1.24476
26665000000,51.88282,-0.37552,11.00856,0.99229,0.06758,-0.10388,0.00177,5.93213,-0.18025,1.26616
26698000000,52.05774,-0.41937,11.06280,0.99225,0.06781,-0.10412,0.00173,5.93611,-0.19782,1.27047
26731000000,52.26358,-0.42474,11.10296,0.99225,0.06788,-0.10410,0.00173,5.94983,-0.19949,1.27165
26764000000,52.55590,-0.39965,11.12869,0.99229,0.06802,-0.10356,0.00165,5.98235,-0.19143,1.27112
26830000000,52.96558,-0.40834,11.20766,0.99230,0.06816,-0.10342,0.00166,6.00581,-0.19263,1.27517
26863000000,53.23024,-0.39122,11.23929,0.99234,0.06803,-0.10307,0.00156,6.03099,-0.18705,1.27645
26929000000,53.63695,-0.40036,11.31938,0.99235,0.06800,-0.10301,0.00154,6.05149,-0.18817,1.27987
26962000000,53.81672,-0.42293,11.36467,0.99234,0.06810,-0.10309,0.00159,6.05693,-0.19502,1.28354
26995000000,53.89245,-0.47285,11.43361,0.99227,0.06801,-0.10382,0.00160,6.04053,-0.21034,1.29081
27028000000,54.09409,-0.40714,11.48557,0.99232,0.06648,-0.10426,0.00162,6.05296,-0.18962,1.29526
27127000000,54.77190,-0.41150,11.59370,0.99238,0.06673,-0.10360,0.00154,6.09390,-0.19111,1.29780
27160000000,54.99465,-0.40652,11.63023,0.99240,0.06665,-0.10343,0.00145,6.10846,-0.18798,1.29897
27193000000,55.20734,-0.41151,11.67135,0.99240,0.06670,-0.10344,0.00145,6.12135,-0.18919,1.30054
27226000000,55.36451,-0.43742,11.73582,0.99233,0.06691,-0.10394,0.00153,6.12294,-0.19715,1.30841
27292000000,55.84395,-0.42462,11.79137,0.99243,0.06670,-0.10313,0.00143,6.15991,-0.18960,1.30513
27325000000,56.06970,-0.42450,11.82735,0.99245,0.06666,-0.10294,0.00138,6.17461,-0.18860,1.30612
27358000000,56.26235,-0.43796,11.87495,0.99244,0.06677,-0.10300,0.00137,6.18172,-0.19103,1.31129
27391000000,56.37207,-0.39060,11.93497,0.99241,0.06563,-0.10396,0.00145,6.16552,-0.17432,1.31856
27457000000,56.78725,-0.41535,12.04004,0.99237,0.06594,-0.10414,0.00136,6.18584,-0.18627,1.32745
27490000000,57.00864,-0.41685,12.07773,0.99239,0.06594,-0.10395,0.00134,6.20142,-0.18441,1.32835
27523000000,57.21704,-0.42253,12.11969,0.99240,0.06592,-0.10391,0.00131,6.21274,-0.18360,1.32995
27556000000,57.46815,-0.41025,12.14050,0.99246,0.06578,-0.10340,0.00132,6.23297,-0.17608,1.32730
27589000000,57.60905,-0.44434,12.22955,0.99233,0.06617,-0.10439,0.00145,6.23042,-0.18881,1.33995
27655000000,57.83206,-0.42697,12.30895,0.99227,0.06543,-0.10543,0.00149,6.19655,-0.18167,1.34148
27721000000,58.28303,-0.44003,12.40097,0.99227,0.06562,-0.10535,0.00137,6.22438,-0.18716,1.34677
27754000000,58.46708,-0.44865,12.46144,0.99222,0.06568,-0.10577,0.00132,6.22879,-0.18860,1.35343
27787000000,58.74255,-0.43503,12.47341,0.99231,0.06563,-0.10497,0.00127,6.25722,-0.18011,1.34687
27853000000,59.16619,-0.44833,12.55428,0.99232,0.06582,-0.10474,0.00131,6.28223,-0.18398,1.34967
27886000000,58.95763,-0.44265,12.59055,0.99217,0.06522,-0.10654,0.00139,6.16343,-0.16944,1.34894
27919000000,59.48353,-0.41721,12.58907,0.99237,0.06555,-0.10442,0.00133,6.27106,-0.17037,1.33806
27952000000,59.69910,-0.42277,12.63233,0.99238,0.06558,-0.10434,0.00136,6.28400,-0.17126,1.34041
27985000000,59.91027,-0.42834,12.67721,0.99238,0.06559,-0.10432,0.00135,6.29487,-0.17306,1.34327
28018000000,60.11293,-0.43499,12.72274,0.99236,0.06573,-0.10442,0.00136,6.30419,-0.17542,1.34629
28051000000,60.20136,-0.45955,12.77543,0.99230,0.06568,-0.10499,0.00134,6.27967,-0.18431,1.35147
28117000000,60.29122,-0.43891,12.74754,0.99250,0.06467,-0.10377,0.00107,6.18481,-0.15674,1.31331
28150000000,60.47897,-0.43949,12.80044,0.99248,0.06435,-0.10409,0.00101,6.18418,-0.15228,1.31778
28183000000,60.81367,-0.42717,12.83908,0.99255,0.06440,-0.10343,0.00094,6.23942,-0.14671,1.31770
28249000000,61.22922,-0.43854,12.92510,0.99254,0.06450,-0.10341,0.00095,6.25988,-0.14971,1.32149
28282000000,61.37896,-0.45377,12.97417,0.99251,0.06454,-0.10373,0.00094,6.24991,-0.15525,1.32640
28315000000,61.28007,-0.44361,12.86759,0.99282,0.06370,-0.10127,0.00073,6.13553,-0.13611,1.26943
28348000000,61.51840,-0.44214,12.93372,0.99278,0.06326,-0.10193,0.00069,6.15343,-0.13008,1.28085
28414000000,61.92595,-0.45276,13.02393,0.99276,0.06342,-0.10200,0.00067,6.17308,-0.13135,1.28799
28480000000,62.35826,-0.46145,13.11753,0.99275,0.06337,-0.10213,0.00073,6.19863,-0.13232,1.29576
28513000000,62.54105,-0.46414,13.14716,0.99277,0.06340,-0.10190,0.00071,6.20028,-0.12962,1.29340
28546000000,62.38206,-0.48018,13.04669,0.99302,0.06308,-0.09966,0.00053,6.04759,-0.12761,1.23267
28645000000,62.91158,-0.48321,13.14020,0.99312,0.06240,-0.09908,0.00034,6.04560,-0.11267,1.22604
28744000000,63.62957,-0.50286,13.33539,0.99297,0.06221,-0.10066,0.00039,6.11666,-0.12433,1.26124
28777000000,63.81058,-0.50336,13.35734,0.99303,0.06210,-0.10017,0.00037,6.11624,-0.12072,1.25629
28810000000,63.79594,-0.51053,13.30227,0.99326,0.06123,-0.09838,0.00008,6.01654,-0.11905,1.21225
28876000000,64.18241,-0.51884,13.40496,0.99323,0.06032,-0.09923,0.00003,6.02356,-0.11735,1.22659
28909000000,64.28631,-0.51232,13.37258,0.99344,0.06035,-0.09709,-0.00014,5.99173,-0.10672,1.19562
28975000000,64.54921,-0.52014,13.41182,0.99355,0.05951,-0.09658,-0.00022,5.93387,-0.10226,1.17810
29041000000,64.95110,-0.53276,13.54249,0.99348,0.05725,-0.09860,-0.00044,5.94812,-0.10661,1.20850
29074000000,65.14908,-0.53589,13.59000,0.99350,0.05629,-0.09889,-0.00054,5.95512,-0.10644,1.21314
29107000000,65.15261,-0.53791,13.53635,0.99361,0.05774,-0.09694,-0.00058,5.84527,-0.10659,1.15943
29173000000,65.54562,-0.54820,13.62293,0.99361,0.05741,-0.09721,-0.00058,5.86761,-0.10441,1.16833
29206000000,65.73090,-0.55435,13.66356,0.99361,0.05711,-0.09730,-0.00059,5.87127,-0.10637,1.17050
29239000000,65.81807,-0.55514,13.65059,0.99370,0.05769,-0.09611,-0.00068,5.81239,-0.10336,1.14072
29305000000,66.24388,-0.55343,13.69544,0.99372,0.05978,-0.09454,-0.00068,5.85591,-0.09293,1.12693
29338000000,66.32824,-0.56052,13.69951,0.99369,0.06124,-0.09396,-0.00061,5.79421,-0.09297,1.10492
29371000000,66.51542,-0.56678,13.73169,0.99364,0.06231,-0.09378,-0.00049,5.80213,-0.09389,1.10340
29437000000,66.80764,-0.57918,13.77092,0.99364,0.06348,-0.09303,-0.00052,5.75363,-0.09533,1.08153
29470000000,66.95958,-0.58340,13.76854,0.99375,0.06440,-0.09115,-0.00068,5.73106,-0.09132,1.05033
29536000000,67.31673,-0.59217,13.83298,0.99375,0.06459,-0.09102,-0.00073,5.73055,-0.08860,1.05003
29602000000,67.64400,-0.60615,13.88630,0.99377,0.06474,-0.09069,-0.00087,5.69987,-0.09268,1.03933
29635000000,67.82199,-0.61091,13.91884,0.99378,0.06443,-0.09081,-0.00094,5.69775,-0.09187,1.03924
29701000000,68.15283,-0.62676,13.97139,0.99378,0.06486,-0.09048,-0.00093,5.66338,-0.09895,1.02287
29734000000,68.31745,-0.63535,13.99630,0.99381,0.06488,-0.09014,-0.00105,5.64480,-0.10389,1.01312
29767000000,68.47945,-0.64318,14.02812,0.99380,0.06478,-0.09038,-0.00099,5.62387,-0.10838,1.01255
29800000000,68.64443,-0.65182,14.05161,0.99388,0.06423,-0.08989,-0.00114,5.60328,-0.11332,1.00126
29833000000,68.81713,-0.65629,14.08124,0.99393,0.06345,-0.08984,-0.00127,5.59469,-0.11236,0.99817
29899000000,69.17327,-0.66889,14.14654,0.99382,0.06452,-0.09027,-0.00121,5.59060,-0.11740,0.99858
29932000000,69.34260,-0.67710,14.17606,0.99381,0.06478,-0.09019,-0.00126,5.57607,-0.12292,0.99376
29965000000,69.50451,-0.68433,14.20520,0.99386,0.06403,-0.09023,-0.00130,5.55055,-0.12696,0.98864
29998000000,69.66608,-0.68672,14.22585,0.99413,0.06169,-0.08889,-0.00162,5.52422,-0.12497,0.97080
30031000000,69.84157,-0.69971,14.26149,0.99393,0.06280,-0.09033,-0.00143,5.51944,-0.13405,0.97795
30097000000,70.19507,-0.71336,14.33129,0.99373,0.06480,-0.09106,-0.00122,5.52109,-0.13735,0.98768
30163000000,70.55355,-0.72683,14.39809,0.99361,0.06649,-0.09116,-0.00112,5.52730,-0.14113,0.99101
30196000000,70.71901,-0.73351,14.42609,0.99370,0.06562,-0.09082,-0.00126,5.51048,-0.14378,0.98435
30229000000,70.89062,-0.74160,14.45448,0.99375,0.06524,-0.09059,-0.00134,5.50044,-0.14763,0.97774
30295000000,71.24151,-0.75644,14.52388,0.99355,0.06690,-0.09156,-0.00110,5.49711,-0.15285,0.98710
30361000000,71.59825,-0.77076,14.58635,0.99354,0.06760,-0.09115,-0.00112,5.50380,-0.15679,0.98510
30427000000,71.95630,-0.78459,14.64936,0.99352,0.06810,-0.09103,-0.00110,5.51202,-0.15835,0.98427
30460000000,72.10893,-0.78878,14.66902,0.99381,0.06518,-0.08993,-0.00147,5.47710,-0.15688,0.96757
30493000000,72.27860,-0.79602,14.69514,0.99390,0.06392,-0.08982,-0.00168,5.46551,-0.15825,0.95856
30559000000,72.63571,-0.81560,14.77188,0.99350,0.06735,-0.09180,-0.00128,5.47421,-0.16672,0.97965
30625000000,72.99864,-0.83073,14.83486,0.99348,0.06846,-0.09120,-0.00126,5.49387,-0.17136,0.98002
30691000000,73.34869,-0.84657,14.89653,0.99347,0.06872,-0.09110,-0.00133,5.49317,-0.17449,0.97680
30757000000,73.68497,-0.86439,14.96179,0.99338,0.06929,-0.09166,-0.00123,5.47676,-0.17976,0.97928
30790000000,73.86517,-0.87264,14.98997,0.99342,0.06917,-0.09122,-0.00132,5.48452,-0.18278,0.97529
30823000000,74.02711,-0.88667,15.02370,0.99327,0.07073,-0.09166,-0.00121,5.46801,-0.19163,0.97775
30889000000,74.36785,-0.90446,15.08947,0.99319,0.07161,-0.09194,-0.00114,5.46074,-0.19669,0.98221
30955000000,74.71935,-0.92234,15.15171,0.99317,0.07190,-0.09184,-0.00110,5.46494,-0.20108,0.98180
31021000000,75.06196,-0.93958,15.21548,0.99316,0.07184,-0.09201,-0.00120,5.45754,-0.20417,0.98139
31054000000,75.23989,-0.94765,15.24107,0.99329,0.07075,-0.09149,-0.00142,5.46025,-0.20466,0.97406
31087000000,75.39027,-0.95862,15.26764,0.99334,0.06972,-0.09168,-0.00148,5.42942,-0.20857,0.96863
31120000000,75.57156,-0.96903,15.30486,0.99318,0.07132,-0.09225,-0.00135,5.43992,-0.21138,0.97536
31186000000,75.91490,-0.98957,15.37096,0.99304,0.07278,-0.09257,-0.00129,5.43503,-0.21940,0.98016
31219000000,76.06300,-1.00341,15.40008,0.99306,0.07222,-0.09282,-0.00133,5.40237,-0.22775,0.97587
31285000000,76.40909,-1.02294,15.46288,0.99303,0.07239,-0.09295,-0.00139,5.40191,-0.23169,0.97711
31351000000,76.74669,-1.04251,15.52685,0.99301,0.07245,-0.09322,-0.00133,5.39153,-0.23548,0.97726
31417000000,77.10267,-1.05936,15.58895,0.99302,0.07245,-0.09305,-0.00140,5.40629,-0.23657,0.97737
31450000000,77.23907,-1.07352,15.60988,0.99317,0.07068,-0.09277,-0.00159,5.35468,-0.24441,0.96336
31483000000,77.39978,-1.08943,15.64726,0.99297,0.07182,-0.09406,-0.00146,5.33919,-0.25571,0.97132
31549000000,77.73316,-1.11071,15.70873,0.99298,0.07167,-0.09404,-0.00144,5.32981,-0.26095,0.96851
31615000000,78.05164,-1.13812,15.76976,0.99296,0.07152,-0.09446,-0.00138,5.30032,-0.27323,0.96604
31681000000,78.39727,-1.15858,15.82886,0.99302,0.07111,-0.09409,-0.00143,5.30663,-0.27634,0.95987
31714000000,78.53217,-1.17142,15.85200,0.99314,0.06953,-0.09401,-0.00158,5.25648,-0.28158,0.94943
31747000000,78.66310,-1.18158,15.86880,0.99335,0.06783,-0.09297,-0.00185,5.19849,-0.28289,0.92890
31780000000,78.84179,-1.20551,15.91630,0.99294,0.07009,-0.09568,-0.00154,5.21483,-0.30195,0.95463
31813000000,78.99341,-1.22500,15.95090,0.99274,0.07211,-0.09622,-0.00142,5.19076,-0.31987,0.96112
31879000000,79.31049,-1.25139,16.01330,0.99272,0.07217,-0.09637,-0.00145,5.16466,-0.32556,0.96110
31912000000,79.46694,-1.26734,16.04377,0.99269,0.07246,-0.09654,-0.00144,5.14842,-0.33349,0.96015
31978000000,79.80557,-1.29209,16.10843,0.99260,0.07337,-0.09671,-0.00148,5.15985,-0.33706,0.96512
32011000000,79.95276,-1.30701,16.13687,0.99266,0.07252,-0.09681,-0.00158,5.13033,-0.34303,0.96154
32077000000,80.28635,-1.33237,16.20107,0.99259,0.07300,-0.09708,-0.00162,5.13462,-0.34853,0.96513
32110000000,80.41356,-1.35274,16.23080,0.99253,0.07284,-0.09780,-0.00168,5.07283,-0.36264,0.96270
32143000000,80.57715,-1.36665,16.26434,0.99245,0.07358,-0.09814,-0.00162,5.07262,-0.36660,0.96594
32176000000,80.72956,-1.38166,16.29532,0.99245,0.07342,-0.09828,-0.00166,5.05451,-0.37177,0.96486
32209000000,80.87038,-1.39735,16.32238,0.99251,0.07229,-0.09841,-0.00178,5.00857,-0.37828,0.95572
32308000000,81.37755,-1.43403,16.42095,0.99242,0.07304,-0.09877,-0.00169,5.04363,-0.37697,0.96545
32341000000,81.51986,-1.44941,16.44964,0.99245,0.07260,-0.09884,-0.00171,5.01083,-0.38294,0.96058
32374000000,81.68828,-1.46159,16.48555,0.99234,0.07348,-0.09928,-0.00157,5.02204,-0.38179,0.96844
32407000000,81.81454,-1.47954,16.51358,0.99236,0.07263,-0.09975,-0.00158,4.96048,-0.39166,0.96109
32440000000,81.95170,-1.49467,16.54044,0.99241,0.07168,-0.09986,-0.00167,4.91631,-0.39586,0.95442
32473000000,82.09964,-1.51071,16.57279,0.99236,0.07136,-0.10058,-0.00167,4.89761,-0.40181,0.95689
32506000000,82.22748,-1.52818,16.60217,0.99234,0.07067,-0.10127,-0.00173,4.83677,-0.41024,0.95371
32539000000,82.38830,-1.54247,16.63835,0.99221,0.07135,-0.10210,-0.00163,4.84348,-0.41220,0.96351
32572000000,82.53189,-1.55850,16.66819,0.99223,0.07096,-0.10220,-0.00164,4.81812,-0.41765,0.96144
32605000000,82.67932,-1.57332,16.69888,0.99224,0.07053,-0.10243,-0.00164,4.80007,-0.41984,0.96080
32638000000,82.82001,-1.58981,16.72885,0.99224,0.06999,-0.10277,-0.00163,4.77237,-0.42491,0.95804
32671000000,82.94952,-1.60670,16.75722,0.99227,0.06884,-0.10323,-0.00172,4.72105,-0.43056,0.95339
32704000000,83.09422,-1.62152,16.78630,0.99230,0.06824,-0.10333,-0.00178,4.70319,-0.43231,0.94915
32770000000,83.38909,-1.65226,16.84809,0.99228,0.06793,-0.10372,-0.00180,4.68356,-0.43830,0.95009
32836000000,83.67319,-1.68357,16.90766,0.99230,0.06704,-0.10408,-0.00192,4.64287,-0.44495,0.94469
32902000000,83.93469,-1.71709,16.96552,0.99232,0.06571,-0.10481,-0.00200,4.56961,-0.45324,0.93770
32935000000,84.05992,-1.73261,16.99368,0.99234,0.06473,-0.10524,-0.00213,4.52594,-0.45544,0.93417
33001000000,84.34717,-1.76378,17.05363,0.99235,0.06439,-0.10535,-0.00219,4.51236,-0.46016,0.93212
33034000000,84.43467,-1.77723,17.07620,0.99240,0.06335,-0.10544,-0.00234,4.41048,-0.45964,0.91986
33067000000,84.50247,-1.79739,17.10706,0.99230,0.06085,-0.10784,-0.00247,4.27829,-0.46990,0.92138
33100000000,84.66588,-1.81075,17.14029,0.99229,0.06118,-0.10776,-0.00243,4.31650,-0.46753,0.92695
33133000000,84.72380,-1.82465,17.16140,0.99234,0.05939,-0.10828,-0.00265,4.17497,-0.46674,0.91102
33232000000,85.19165,-1.87349,17.26734,0.99217,0.06050,-0.10925,-0.00252,4.26120,-0.47535,0.93661
33265000000,85.29782,-1.87764,17.28604,0.99235,0.05977,-0.10802,-0.00272,4.21516,-0.46049,0.92077
33298000000,85.36640,-1.87449,17.30474,0.99248,0.05863,-0.10745,-0.00285,4.11458,-0.43451,0.90453
33331000000,85.38892,-1.88883,17.32984,0.99241,0.05542,-0.10971,-0.00303,3.94942,-0.43471,0.89905
33364000000,85.56895,-1.90928,17.37877,0.99226,0.05492,-0.11133,-0.00300,4.01916,-0.44692,0.92627
33430000000,85.73742,-1.92325,17.42100,0.99244,0.05272,-0.11081,-0.00334,3.88464,-0.42708,0.90083
33463000000,85.87938,-1.93988,17.45784,0.99239,0.05194,-0.11158,-0.00336,3.90224,-0.43201,0.91172
33496000000,85.89316,-1.93275,17.46120,0.99266,0.04880,-0.11059,-0.00375,3.74321,-0.40233,0.87669
33529000000,86.01930,-1.94835,17.49431,0.99265,0.04753,-0.11121,-0.00393,3.74583,-0.40507,0.88305
33595000000,86.05784,-1.94037,17.49692,0.99321,0.04088,-0.10879,-0.00483,3.46663,-0.35790,0.81044
33628000000,86.23238,-1.95699,17.54102,0.99306,0.04182,-0.10978,-0.00468,3.54410,-0.36550,0.83410
33694000000,86.30407,-1.94893,17.54183,0.99358,0.03810,-0.10638,-0.00523,3.32579,-0.32019,0.76502
33727000000,86.42586,-1.96129,17.57070,0.99355,0.03799,-0.10670,-0.00523,3.33989,-0.32231,0.76944
33793000000,86.65480,-1.98223,17.62227,0.99355,0.03818,-0.10661,-0.00523,3.35110,-0.32503,0.77149
33859000000,86.88053,-2.00222,17.67298,0.99356,0.03838,-0.10646,-0.00525,3.35647,-0.32726,0.77186
33892000000,86.76007,-1.96763,17.61663,0.99413,0.03508,-0.10217,-0.00576,3.09308,-0.27524,0.68170
33925000000,86.86976,-1.97857,17.64427,0.99412,0.03447,-0.10253,-0.00581,3.10023,-0.27818,0.68906
33991000000,87.07327,-1.99521,17.68769,0.99413,0.03459,-0.10237,-0.00592,3.09880,-0.27832,0.68940
34057000000,86.87397,-1.94300,17.60645,0.99480,0.02986,-0.09711,-0.00668,2.68058,-0.20554,0.56668
34123000000,87.05790,-1.95747,17.64560,0.99479,0.03006,-0.09714,-0.00668,2.68487,-0.20764,0.57044
34189000000,86.90385,-1.91944,17.58979,0.99521,0.02701,-0.09371,-0.00715,2.32802,-0.14881,0.47734
34255000000,87.04344,-1.92681,17.61586,0.99522,0.02722,-0.09353,-0.00713,2.30926,-0.14731,0.47526
34321000000,86.80389,-1.87787,17.55068,0.99553,0.02371,-0.09110,-0.00755,1.92259,-0.08717,0.38729
34354000000,86.88711,-1.88313,17.56735,0.99551,0.02437,-0.09116,-0.00749,1.93941,-0.08949,0.39197
34387000000,86.72397,-1.85320,17.52849,0.99559,0.02394,-0.09041,-0.00756,1.71594,-0.05523,0.34393
34453000000,86.83994,-1.85707,17.55113,0.99556,0.02495,-0.09050,-0.00746,1.71367,-0.05730,0.34587
34486000000,86.90476,-1.85927,17.56352,0.99553,0.02577,-0.09058,-0.00741,1.71856,-0.05787,0.34721
34519000000,86.86054,-1.84813,17.55182,0.99548,0.02734,-0.09061,-0.00728,1.62252,-0.04489,0.32453
34552000000,86.92370,-1.85063,17.56486,0.99546,0.02787,-0.09075,-0.00726,1.62863,-0.04704,0.32789
34585000000,86.98119,-1.85232,17.57605,0.99543,0.02852,-0.09081,-0.00723,1.63045,-0.04711,0.32769
34618000000,86.97854,-1.84529,17.57479,0.99536,0.03029,-0.09109,-0.00711,1.57596,-0.03648,0.31575
34684000000,87.09268,-1.84874,17.59806,0.99535,0.03027,-0.09117,-0.00714,1.57880,-0.03610,0.32031
34717000000,87.15044,-1.85036,17.60968,0.99533,0.03069,-0.09128,-0.00711,1.58130,-0.03769,0.32093
34783000000,87.21525,-1.84759,17.62210,0.99518,0.03354,-0.09186,-0.00689,1.54397,-0.03111,0.31227
34849000000,87.32112,-1.85020,17.64341,0.99512,0.03469,-0.09213,-0.00683,1.54357,-0.03193,0.31308
34882000000,87.34937,-1.84829,17.64762,0.99497,0.03760,-0.09266,-0.00656,1.52120,-0.02866,0.30452
34948000000,87.45509,-1.85097,17.66968,0.99501,0.03669,-0.09253,-0.00672,1.52030,-0.02742,0.30833
34981000000,87.49949,-1.85035,17.67764,0.99491,0.03847,-0.09290,-0.00662,1.51411,-0.02528,0.30567
35014000000,87.54377,-1.85106,17.68689,0.99494,0.03798,-0.09278,-0.00666,1.50551,-0.02684,0.30655
35047000000,87.59534,-1.85300,17.69751,0.99494,0.03792,-0.09280,-0.00663,1.50266,-0.02931,0.30801
35080000000,87.64586,-1.85414,17.70782,0.99493,0.03813,-0.09286,-0.00669,1.50152,-0.02812,0.30929
35146000000,87.73500,-1.85638,17.72510,0.99479,0.04034,-0.09335,-0.00661,1.48933,-0.02813,0.30608
35179000000,87.78495,-1.85747,17.73531,0.99479,0.04043,-0.09335,-0.00661,1.48872,-0.02790,0.30606
35245000000,87.87622,-1.85960,17.75262,0.99465,0.04273,-0.09381,-0.00644,1.47853,-0.02788,0.30346
35278000000,87.92506,-1.86051,17.76267,0.99465,0.04277,-0.09380,-0.00645,1.47514,-0.02759,0.30400
35311000000,87.97429,-1.86156,17.77273,0.99464,0.04294,-0.09384,-0.00644,1.47352,-0.02653,0.30444
35377000000,88.07252,-1.86385,17.79291,0.99461,0.04334,-0.09398,-0.00639,1.47047,-0.02870,0.30683
35476000000,88.21585,-1.86692,17.82096,0.99447,0.04546,-0.09443,-0.00623,1.46295,-0.02606,0.30203
35509000000,88.26420,-1.86787,17.83087,0.99446,0.04566,-0.09447,-0.00626,1.46129,-0.02602,0.30190
35575000000,88.35759,-1.86969,17.84824,0.99432,0.04759,-0.09497,-0.00605,1.40583,-0.02678,0.28889
35641000000,88.44927,-1.87208,17.86685,0.99429,0.04799,-0.09506,-0.00621,1.35678,-0.03205,0.28003
35707000000,88.53879,-1.87496,17.88483,0.99425,0.04854,-0.09519,-0.00689,1.31076,-0.04387,0.26989
35773000000,88.62410,-1.87837,17.90037,0.99413,0.05013,-0.09552,-0.00814,1.26511,-0.05958,0.25697
35839000000,88.70720,-1.88309,17.91698,0.99408,0.05062,-0.09556,-0.01047,1.21972,-0.08030,0.24626
35905000000,88.79022,-1.88922,17.93326,0.99401,0.05139,-0.09549,-0.01353,1.26265,-0.10331,0.25187
35938000000,88.83667,-1.89278,17.94046,0.99389,0.05275,-0.09576,-0.01524,1.31803,-0.11682,0.25820
36004000000,88.92638,-1.90117,17.95794,0.99382,0.05321,-0.09559,-0.01891,1.36833,-0.13374,0.26849
36037000000,88.97361,-1.90555,17.96690,0.99377,0.05355,-0.09556,-0.02059,1.38552,-0.14030,0.27018
36070000000,89.02060,-1.91000,17.97571,0.99372,0.05385,-0.09553,-0.02222,1.40333,-0.14532,0.27128
36103000000,89.06870,-1.91511,17.98483,0.99368,0.05410,-0.09544,-0.02381,1.43516,-0.15562,0.27613
36169000000,89.16518,-1.92575,18.00308,0.99358,0.05450,-0.09525,-0.02749,1.41445,-0.17253,0.26930
36202000000,89.21447,-1.93117,18.01219,0.99352,0.05477,-0.09519,-0.02943,1.40532,-0.18156,0.26623
36235000000,89.26750,-1.93567,18.02015,0.99340,0.05570,-0.09525,-0.03134,1.39620,-0.18974,0.25893
36301000000,89.35987,-1.94931,18.03741,0.99325,0.05607,-0.09504,-0.03585,1.36342,-0.21749,0.25125
36334000000,89.40796,-1.95636,18.04603,0.99314,0.05639,-0.09490,-0.03843,1.35114,-0.23390,0.24662
36367000000,89.45479,-1.96390,18.05437,0.99303,0.05668,-0.09476,-0.04124,1.33772,-0.25190,0.24156
36400000000,89.50073,-1.97220,18.06245,0.99289,0.05706,-0.09457,-0.04434,1.32513,-0.27149,0.23572
36466000000,89.59160,-1.99076,18.07819,0.99254,0.05781,-0.09416,-0.05157,1.29982,-0.31533,0.22500
36499000000,89.63800,-2.00040,18.08591,0.99232,0.05820,-0.09393,-0.05559,1.29033,-0.33955,0.22057
36532000000,89.69514,-2.00968,18.09394,0.99205,0.05895,-0.09365,-0.05990,1.29224,-0.36305,0.21493
36565000000,89.73866,-2.02173,18.10110,0.99177,0.05936,-0.09336,-0.06450,1.28179,-0.39231,0.20991
36598000000,89.78489,-2.03437,18.10845,0.99143,0.05989,-0.09308,-0.06945,1.27466,-0.42071,0.20511
36631000000,89.83747,-2.04646,18.11595,0.99104,0.06057,-0.09266,-0.07470,1.27629,-0.45157,0.20043
36697000000,89.92607,-2.07846,18.12944,0.99007,0.06163,-0.09186,-0.08672,1.26607,-0.52813,0.18983
36730000000,89.97534,-2.09544,18.13659,0.98942,0.06233,-0.09141,-0.09381,1.26447,-0.57180,0.18383
36763000000,90.03265,-2.11464,18.14425,0.98867,0.06312,-0.09063,-0.10167,1.27264,-0.61869,0.17845
36829000000,90.12204,-2.15862,18.15630,0.98671,0.06466,-0.08943,-0.11929,1.26806,-0.72723,0.16627
36895000000,90.22132,-2.20835,18.16801,0.98405,0.06665,-0.08765,-0.13974,1.27566,-0.85027,0.15254
36928000000,90.27285,-2.23527,18.17321,0.98238,0.06760,-0.08653,-0.15121,1.28094,-0.91854,0.14525
36994000000,90.36467,-2.29920,18.18267,0.97814,0.06933,-0.08427,-0.17702,1.27791,-1.07897,0.12733
37027000000,90.41385,-2.33428,18.18749,0.97545,0.06978,-0.08275,-0.19179,1.27629,-1.16806,0.11847
37093000000,90.50273,-2.41571,18.19519,0.96831,0.07156,-0.07983,-0.22559,1.25775,-1.37184,0.09352
37126000000,90.54597,-2.46036,18.19814,0.96383,0.07262,-0.07789,-0.24432,1.19043,-1.42451,0.07580
37192000000,90.62100,-2.55545,18.20171,0.95363,0.07514,-0.07446,-0.28177,1.05150,-1.51736,0.03738
37225000000,90.65445,-2.60508,18.20238,0.94789,0.07613,-0.07230,-0.30081,1.01351,-1.60924,0.02107
37258000000,90.68496,-2.65725,18.20279,0.94151,0.07679,-0.07018,-0.32053,0.96147,-1.69262,0.00426
37324000000,90.74136,-2.76952,18.20216,0.92722,0.07862,-0.06639,-0.36010,0.81352,-1.78545,-0.03075
37390000000,90.78754,-2.88688,18.19970,0.91157,0.08007,-0.06265,-0.39838,0.66468,-1.85745,-0.05916
37489000000,90.84053,-3.07303,18.19255,0.88595,0.08240,-0.05737,-0.45279,0.47278,-1.99193,-0.10348
37522000000,90.85128,-3.13608,18.19063,0.87656,0.08183,-0.05545,-0.47103,0.40751,-2.07149,-0.11712
37555000000,90.85953,-3.20163,18.18854,0.86662,0.08120,-0.05366,-0.48939,0.33432,-2.13721,-0.12766
37621000000,90.87215,-3.34433,18.18182,0.84547,0.08120,-0.05018,-0.52543,0.19337,-2.32093,-0.15731
37654000000,90.87159,-3.41658,18.17980,0.83442,0.08006,-0.04866,-0.54311,0.10866,-2.39919,-0.16649
37753000000,90.86608,-3.66172,18.16473,0.79938,0.08083,-0.04407,-0.59374,-0.07011,-2.64164,-0.20659
37819000000,90.84999,-3.83338,18.15425,0.77564,0.08068,-0.04126,-0.62464,-0.22865,-2.75062,-0.22876
37885000000,90.82285,-4.01027,18.14324,0.75125,0.08030,-0.03854,-0.65398,-0.38023,-2.83534,-0.24642
37918000000,90.80124,-4.09567,18.14045,0.73903,0.07895,-0.03759,-0.66797,-0.46476,-2.86047,-0.24726
37984000000,90.75634,-4.27594,18.13014,0.71437,0.07793,-0.03531,-0.69452,-0.61971,-2.92510,-0.25773
38017000000,90.72938,-4.36497,18.12584,0.70205,0.07703,-0.03420,-0.70712,-0.69699,-2.94776,-0.25878
38083000000,90.67008,-4.54900,18.11495,0.67788,0.07591,-0.03224,-0.73053,-0.83455,-3.00651,-0.26498
38149000000,90.60441,-4.73994,18.10222,0.65563,0.07535,-0.03044,-0.75070,-0.95054,-3.07679,-0.27315
38182000000,90.56632,-4.83188,18.09800,0.64546,0.07435,-0.02983,-0.75958,-1.00937,-3.09878,-0.27076
38248000000,90.49421,-5.03193,18.08282,0.62725,0.07418,-0.02815,-0.77477,-1.09612,-3.18436,-0.28060
38314000000,90.41320,-5.23411,18.06879,0.61235,0.07345,-0.02720,-0.78670,-1.17985,-3.26566,-0.28151
38347000000,90.37137,-5.33327,18.06316,0.60625,0.07269,-0.02676,-0.79149,-1.21351,-3.29699,-0.27912
38446000000,90.24476,-5.65679,18.03911,0.59352,0.07210,-0.02584,-0.80117,-1.28926,-3.45005,-0.28567
38512000000,90.15635,-5.87782,18.02381,0.58975,0.07143,-0.02559,-0.80401,-1.32561,-3.55090,-0.28743
38611000000,90.01888,-6.22262,18.00075,0.59061,0.07029,-0.02593,-0.80347,-1.36685,-3.70911,-0.28449
38644000000,89.97214,-6.34864,17.99056,0.59247,0.07035,-0.02616,-0.80209,-1.37826,-3.77868,-0.28891
38743000000,89.83432,-6.72368,17.96418,0.60250,0.06959,-0.02709,-0.79462,-1.39062,-3.96147,-0.29053
38776000000,89.78487,-6.85874,17.95349,0.60695,0.06956,-0.02767,-0.79121,-1.40623,-4.04292,-0.29466
38809000000,89.74543,-6.99472,17.94310,0.61151,0.06948,-0.02776,-0.78769,-1.40272,-4.12973,-0.29984
38842000000,89.69349,-7.12875,17.93432,0.61611,0.06908,-0.02846,-0.78411,-1.42168,-4.18835,-0.29878
38908000000,89.60064,-7.40451,17.91620,0.62549,0.06848,-0.02920,-0.77667,-1.44174,-4.34561,-0.30310
38941000000,89.55371,-7.55112,17.90587,0.63036,0.06836,-0.02958,-0.77272,-1.45581,-4.46397,-0.30919
39007000000,89.46317,-7.84918,17.88572,0.64020,0.06786,-0.03016,-0.76461,-1.46884,-4.63546,-0.31729
39040000000,89.41089,-8.00071,17.87626,0.64517,0.06758,-0.03072,-0.76043,-1.48721,-4.71350,-0.32080
39073000000,89.37490,-8.16260,17.86408,0.65009,0.06757,-0.03067,-0.75623,-1.47910,-4.80549,-0.32740
39106000000,89.32173,-8.32109,17.85362,0.65498,0.06728,-0.03124,-0.75200,-1.50013,-4.88549,-0.32978
39139000000,89.29015,-8.49150,17.84032,0.65980,0.06739,-0.03110,-0.74777,-1.48579,-4.98125,-0.33744
39205000000,89.18194,-8.82418,17.81767,0.66875,0.06694,-0.03215,-0.73977,-1.58174,-5.11134,-0.35293
39271000000,89.10006,-9.17853,17.78970,0.67346,0.06710,-0.03178,-0.73548,-1.69412,-5.23875,-0.38284
39337000000,89.00724,-9.53688,17.76177,0.67560,0.06720,-0.03139,-0.73353,-1.71913,-5.33787,-0.39621
39370000000,88.93961,-9.70864,17.75010,0.67657,0.06695,-0.03172,-0.73264,-1.76424,-5.37190,-0.40080
39403000000,88.90597,-9.89627,17.73467,0.67741,0.06725,-0.03103,-0.73187,-1.75583,-5.42940,-0.40957
39469000000,88.77088,-10.25269,17.70818,0.67855,0.06696,-0.03156,-0.73081,-1.85234,-5.54778,-0.42258
39502000000,88.73357,-10.44689,17.69197,0.67894,0.06727,-0.03090,-0.73045,-1.84821,-5.64801,-0.43342
39568000000,88.59826,-10.82163,17.66353,0.67939,0.06711,-0.03117,-0.73004,-1.92957,-5.80809,-0.44819
39634000000,88.50233,-11.22639,17.62938,0.67984,0.06747,-0.03031,-0.72962,-1.94046,-5.96058,-0.46680
39733000000,88.28464,-11.81533,17.58444,0.68044,0.06721,-0.03082,-0.72906,-2.05553,-6.13256,-0.48257
39799000000,88.18485,-12.24386,17.54754,0.68077,0.06758,-0.03005,-0.72876,-2.06267,-6.28427,-0.49878
39865000000,88.01910,-12.64668,17.51829,0.68112,0.06727,-0.03063,-0.72843,-2.15351,-6.38784,-0.50549
39898000000,87.97838,-12.87689,17.49669,0.68129,0.06767,-0.02997,-0.72826,-2.14106,-6.47494,-0.51792
39931000000,87.88493,-13.07744,17.48317,0.68148,0.06734,-0.03041,-0.72810,-2.19923,-6.51501,-0.51932
39964000000,87.83889,-13.30522,17.46328,0.68163,0.06761,-0.02987,-0.72796,-2.19121,-6.59325,-0.52857
40030000000,87.67640,-13.73675,17.42976,0.68187,0.06750,-0.03015,-0.72772,-2.26657,-6.70776,-0.53709
40063000000,87.62854,-13.97037,17.40955,0.68202,0.06769,-0.02963,-0.72760,-2.25775,-6.78501,-0.54567
40096000000,87.54266,-14.19066,17.39245,0.68215,0.06761,-0.02986,-0.72747,-2.29854,-6.84148,-0.55047
40129000000,87.50089,-14.43336,17.37084,0.68224,0.06791,-0.02923,-0.72738,-2.28091,-6.92526,-0.56082
40195000000,87.32913,-14.88570,17.33508,0.68244,0.06766,-0.02952,-0.72720,-2.35902,-7.03725,-0.57368
40261000000,87.19905,-15.36396,17.29502,0.68260,0.06793,-0.02901,-0.72705,-2.37812,-7.17807,-0.58851
40294000000,87.11024,-15.60025,17.27557,0.68269,0.06787,-0.02914,-0.72697,-2.41772,-7.24015,-0.59425
40327000000,87.07014,-15.85981,17.25163,0.68278,0.06826,-0.02845,-0.72687,-2.39227,-7.32968,-0.60565
40393000000,86.88828,-16.33966,17.21244,0.68296,0.06813,-0.02871,-0.72670,-2.47131,-7.44506,-0.61762
40426000000,86.85372,-16.61321,17.18607,0.68300,0.06862,-0.02791,-0.72665,-2.43746,-7.54349,-0.62998
40492000000,86.66338,-17.09733,17.14812,0.68328,0.06830,-0.02820,-0.72641,-2.52157,-7.64826,-0.63798
40591000000,86.44435,-17.87888,17.08118,0.68348,0.06849,-0.02775,-0.72622,-2.55800,-7.85761,-0.66019
40624000000,86.34854,-18.13790,17.05909,0.68355,0.06847,-0.02792,-0.72615,-2.59663,-7.91833,-0.66582
40657000000,86.27637,-18.40496,17.03619,0.68362,0.06853,-0.02773,-0.72609,-2.60293,-7.98885,-0.67341
40723000000,86.09782,-18.93548,16.99146,0.68381,0.06852,-0.02785,-0.72590,-2.65968,-8.11518,-0.68371
40756000000,86.05931,-19.23348,16.96289,0.68381,0.06901,-0.02712,-0.72588,-2.61886,-8.21766,-0.69810
40789000000,85.93145,-19.48160,16.94438,0.68389,0.06857,-0.02765,-0.72583,-2.69791,-8.24870,-0.69789
40855000000,85.77545,-20.03958,16.89589,0.68400,0.06874,-0.02733,-0.72572,-2.71734,-8.38658,-0.71248
40888000000,85.68582,-20.31974,16.87190,0.68399,0.06880,-0.02730,-0.72572,-2.74241,-8.45277,-0.71943
40954000000,85.52495,-20.89061,16.82242,0.68436,0.06890,-0.02699,-0.72538,-2.74069,-8.59363,-0.73170
40987000000,85.43567,-21.17958,16.79704,0.68506,0.06890,-0.02703,-0.72472,-2.75410,-8.67473,-0.73963
41053000000,85.31993,-21.79304,16.74105,0.68659,0.06937,-0.02633,-0.72324,-2.71366,-8.83809,-0.75890
41086000000,85.17862,-22.05735,16.72098,0.68695,0.06901,-0.02692,-0.72292,-2.82088,-8.86049,-0.76219
41152000000,85.00952,-22.65406,16.66852,0.68732,0.06902,-0.02673,-0.72258,-2.84586,-8.99983,-0.77626
41218000000,84.82666,-23.25714,16.61620,0.68764,0.06902,-0.02668,-0.72227,-2.88649,-9.13486,-0.79141
41251000000,84.76668,-23.57312,16.58776,0.68780,0.06923,-0.02621,-0.72212,-2.86542,-9.21534,-0.79984
41317000000,84.57443,-24.19097,16.53291,0.68807,0.06924,-0.02627,-0.72186,-2.91342,-9.34819,-0.81355
41350000000,84.55147,-24.54258,16.49768,0.68818,0.06970,-0.02547,-0.72174,-2.84516,-9.46470,-0.82903
41416000000,84.32404,-25.14611,16.44787,0.68846,0.06936,-0.02584,-0.72149,-2.93480,-9.56501,-0.83695
41482000000,84.10123,-25.76773,16.39385,0.68869,0.06915,-0.02601,-0.72128,-3.01544,-9.67579,-0.84619
41515000000,84.00446,-26.09238,16.36499,0.68879,0.06920,-0.02597,-0.72118,-3.03460,-9.74440,-0.85212
41581000000,83.84730,-26.75039,16.30835,0.68896,0.06924,-0.02547,-0.72103,-3.02629,-9.88580,-0.86349
41647000000,83.62730,-27.40536,16.24999,0.68923,0.06920,-0.02575,-0.72077,-3.07917,-10.01321,-0.87447
41680000000,83.62391,-27.79174,16.21101,0.68963,0.06972,-0.02479,-0.72037,-2.98087,-10.15913,-0.89189
41746000000,83.36300,-28.43014,16.15874,0.69063,0.06934,-0.02547,-0.71942,-3.08771,-10.27481,-0.89654
41812000000,83.19833,-29.13324,16.09473,0.69187,0.06951,-0.02519,-0.71822,-3.07575,-10.39515,-0.91004
41845000000,83.08245,-29.47044,16.06618,0.69237,0.06945,-0.02538,-0.71774,-3.12050,-10.43602,-0.91290
41911000000,82.91377,-30.18043,16.00290,0.69305,0.06957,-0.02510,-0.71708,-3.11721,-10.58337,-0.92636
41944000000,82.79168,-30.52633,15.97200,0.69339,0.06951,-0.02534,-0.71675,-3.15835,-10.64193,-0.93337
41977000000,82.67196,-30.87323,15.94123,0.69372,0.06943,-0.02554,-0.71643,-3.19621,-10.70086,-0.93937
42010000000,82.59498,-31.23411,15.91077,0.69401,0.06945,-0.02532,-0.71616,-3.18427,-10.77286,-0.94402
42076000000,82.41453,-31.96256,15.84583,0.69459,0.06948,-0.02508,-0.71561,-3.18886,-10.91776,-0.95911
42142000000,82.17456,-32.67028,15.78579,0.69511,0.06931,-0.02534,-0.71511,-3.26162,-11.02665,-0.96688
42208000000,81.99923,-33.41369,15.72114,0.69561,0.06936,-0.02491,-0.71463,-3.25734,-11.16744,-0.97893
42274000000,81.76066,-34.15207,15.65522,0.69609,0.06934,-0.02516,-0.71415,-3.32049,-11.29204,-0.99108
42307000000,81.65655,-34.53039,15.62132,0.69634,0.06936,-0.02508,-0.71391,-3.33428,-11.36129,-0.99803
42340000000,81.55034,-34.90968,15.58738,0.69651,0.06940,-0.02513,-0.71374,-3.35161,-11.42979,-1.00422
42373000000,81.46130,-35.29903,15.55177,0.69669,0.06945,-0.02491,-0.71357,-3.34558,-11.50911,-1.01294
42406000000,81.34118,-35.67377,15.51992,0.69689,0.06940,-0.02501,-0.71337,-3.37665,-11.56620,-1.01779
42439000000,81.26463,-36.06492,15.48623,0.69713,0.06942,-0.02461,-0.71315,-3.35278,-11.64130,-1.02424
42472000000,81.13102,-36.44368,15.45255,0.69734,0.06930,-0.02483,-0.71295,-3.40054,-11.69735,-1.03106
42538000000,80.91506,-37.22219,15.38395,0.69771,0.06931,-0.02478,-0.71259,-3.42904,-11.82794,-1.04402
42604000000,80.67285,-38.00443,15.31423,0.69814,0.06924,-0.02495,-0.71217,-3.47894,-11.96701,-1.05724
42637000000,80.59492,-38.41232,15.27835,0.69849,0.06932,-0.02459,-0.71183,-3.44778,-12.05632,-1.06504
42670000000,80.49403,-38.81162,15.24476,0.69885,0.06933,-0.02449,-0.71148,-3.44725,-12.13859,-1.07016
42736000000,80.33364,-39.63843,15.17273,0.69988,0.06947,-0.02400,-0.71046,-3.38510,-12.29506,-1.08239
42769000000,80.18809,-40.03737,15.13636,0.70048,0.06935,-0.02434,-0.70988,-3.44152,-12.32848,-1.08820
42835000000,79.97031,-40.84295,15.06848,0.70163,0.06913,-0.02429,-0.70876,-3.46277,-12.41364,-1.09499
42868000000,79.82956,-41.24681,15.03242,0.70212,0.06903,-0.02455,-0.70828,-3.51230,-12.46925,-1.10140
42934000000,79.63582,-42.09263,14.95599,0.70306,0.06910,-0.02426,-0.70735,-3.49913,-12.62191,-1.11726
43000000000,79.37970,-42.92082,14.88311,0.70389,0.06897,-0.02447,-0.70653,-3.56465,-12.73939,-1.12856
43033000000,79.34461,-43.36955,14.84411,0.70427,0.06920,-0.02379,-0.70616,-3.47466,-12.83922,-1.13531
43066000000,79.17340,-43.77994,14.80619,0.70469,0.06904,-0.02427,-0.70573,-3.56401,-12.88333,-1.14121
43099000000,79.02231,-44.18653,14.77164,0.70509,0.06883,-0.02454,-0.70534,-3.62810,-12.92014,-1.14323
43132000000,78.90672,-44.61471,14.73427,0.70543,0.06878,-0.02448,-0.70501,-3.64020,-12.98588,-1.14934
43198000000,78.70128,-45.49336,14.65488,0.70608,0.06891,-0.02423,-0.70436,-3.62996,-13.13709,-1.16516
43264000000,78.43077,-46.36413,14.57526,0.70669,0.06883,-0.02451,-0.70374,-3.70126,-13.26367,-1.17994
43297000000,78.25963,-46.76429,14.54454,0.70705,0.06850,-0.02481,-0.70340,-3.77989,-13.27865,-1.17535
43330000000,78.17870,-47.23767,14.49800,0.70732,0.06873,-0.02463,-0.70312,-3.74353,-13.38269,-1.19045
43363000000,78.00004,-47.65574,14.46136,0.70764,0.06848,-0.02509,-0.70280,-3.83199,-13.41452,-1.19258
43396000000,77.95298,-48.12543,14.42126,0.70784,0.06872,-0.02451,-0.70259,-3.74938,-13.50936,-1.19854
43429000000,77.85422,-48.56786,14.38510,0.70811,0.06865,-0.02429,-0.70234,-3.73160,-13.56713,-1.19952
43462000000,77.70546,-49.01173,14.34496,0.70837,0.06852,-0.02447,-0.70208,-3.78071,-13.62474,-1.20623
43528000000,77.45251,-49.88820,14.27376,0.70884,0.06825,-0.02441,-0.70164,-3.81902,-13.71669,-1.20725
43561000000,77.36480,-50.37715,14.22529,0.70904,0.06853,-0.02420,-0.70141,-3.78670,-13.82533,-1.22477
43627000000,77.06372,-51.27371,14.14587,0.70950,0.06834,-0.02464,-0.70095,-3.88769,-13.92859,-1.23465
43660000000,76.98814,-51.76351,14.10031,0.70964,0.06854,-0.02427,-0.70080,-3.83916,-14.01925,-1.24576
43693000000,76.95015,-52.25798,14.05689,0.70973,0.06890,-0.02358,-0.70070,-3.73407,-14.11065,-1.25327
43759000000,76.62388,-53.17067,13.97441,0.70996,0.06863,-0.02421,-0.70047,-3.87062,-14.23629,-1.26653
43825000000,76.30615,-54.09103,13.89238,0.71011,0.06847,-0.02467,-0.70032,-3.98648,-14.33137,-1.27631
43858000000,76.23572,-54.58762,13.84839,0.71016,0.06864,-0.02426,-0.70026,-3.92447,-14.42351,-1.28506
43891000000,76.01644,-55.03468,13.80704,0.71029,0.06838,-0.02491,-0.70013,-4.06302,-14.44771,-1.28885
43924000000,75.97485,-55.54932,13.76088,0.71028,0.06876,-0.02425,-0.70013,-3.96209,-14.55910,-1.30042
43957000000,75.82577,-56.01572,13.72116,0.71038,0.06867,-0.02433,-0.70004,-4.00365,-14.60071,-1.30223
43990000000,75.71667,-56.51385,13.67530,0.71044,0.06873,-0.02419,-0.69998,-3.98894,-14.68307,-1.31362
44023000000,75.56451,-56.98401,13.63484,0.71053,0.06861,-0.02434,-0.69989,-4.03489,-14.72360,-1.31576
44056000000,75.45715,-57.48372,13.58982,0.71057,0.06875,-0.02414,-0.69985,-4.01594,-14.80433,-1.32363
44089000000,75.33107,-57.96220,13.54961,0.71062,0.06865,-0.02404,-0.69980,-4.02311,-14.85126,-1.32378
44122000000,75.19668,-58.46875,13.50108,0.71062,0.06873,-0.02412,-0.69980,-4.04177,-14.93542,-1.33605
44188000000,74.94222,-59.45429,13.41460,0.71075,0.06862,-0.02399,-0.69968,-4.05679,-15.05495,-1.34463
44287000000,74.54727,-60.96930,13.27700,0.71089,0.06870,-0.02398,-0.69952,-4.09562,-15.26111,-1.36561
44320000000,74.44181,-61.48198,13.23123,0.71097,0.06875,-0.02376,-0.69945,-4.07091,-15.33416,-1.37220
44353000000,74.29433,-61.98663,13.18615,0.71102,0.06876,-0.02389,-0.69940,-4.10444,-15.39466,-1.37675
44419000000,74.05505,-63.01314,13.09496,0.71113,0.06874,-0.02357,-0.69929,-4.09336,-15.52885,-1.38816
44452000000,73.89987,-63.52843,13.04704,0.71118,0.06871,-0.02373,-0.69924,-4.13594,-15.59621,-1.39650
44485000000,73.76781,-64.04783,13.00011,0.71120,0.06873,-0.02367,-0.69922,-4.14570,-15.66350,-1.40302
44518000000,73.64032,-64.56997,12.95318,0.71122,0.06879,-0.02358,-0.69919,-4.15008,-15.73138,-1.40991
44584000000,75.29156,-65.88429,12.90949,0.71094,0.07053,-0.01216,-0.69960,-1.87749,-16.18335,-1.36178
44617000000,73.39079,-66.19768,12.80611,0.71135,0.06900,-0.02267,-0.69907,-4.00722,-15.99151,-1.43381
44650000000,73.05606,-66.66186,12.76300,0.71143,0.06861,-0.02379,-0.69900,-4.24845,-15.98295,-1.43606
44683000000,72.96961,-67.19651,12.71710,0.71146,0.06869,-0.02344,-0.69897,-4.19936,-16.05495,-1.43960
44749000000,72.67774,-68.26539,12.61969,0.71153,0.06870,-0.02353,-0.69890,-4.24820,-16.18573,-1.45443
44782000000,72.53996,-68.80433,12.57075,0.71157,0.06874,-0.02351,-0.69885,-4.26153,-16.25348,-1.46236
44815000000,72.42967,-69.35365,12.52003,0.71160,0.06878,-0.02336,-0.69882,-4.24287,-16.33017,-1.47110
44848000000,72.27892,-69.89584,12.47055,0.71160,0.06885,-0.02346,-0.69881,-4.27040,-16.39534,-1.47647
44881000000,72.17449,-70.43519,12.42422,0.71163,0.06878,-0.02330,-0.69879,-4.24489,-16.45579,-1.47864
44914000000,72.03525,-70.99655,12.37061,0.71168,0.06885,-0.02325,-0.69874,-4.25913,-16.53855,-1.48875
44947000000,71.89710,-71.55103,12.31931,0.71169,0.06891,-0.02329,-0.69872,-4.27160,-16.61037,-1.49669
45013000000,71.61230,-72.65046,12.22059,0.71166,0.06884,-0.02338,-0.69875,-4.30650,-16.73712,-1.50813
45046000000,71.44210,-73.18004,12.17705,0.71171,0.06878,-0.02343,-0.69871,-4.35136,-16.77597,-1.50829
45079000000,71.32191,-73.73208,12.12946,0.71171,0.06875,-0.02333,-0.69871,-4.34363,-16.83707,-1.51247
45145000000,71.00482,-74.84005,12.02954,0.71175,0.06869,-0.02339,-0.69868,-4.40496,-16.95542,-1.52314
45178000000,70.89315,-75.40600,11.97734,0.71176,0.06864,-0.02329,-0.69867,-4.38820,-17.02306,-1.53210
45211000000,70.70562,-75.99713,11.91538,0.71177,0.06873,-0.02343,-0.69865,-4.44401,-17.11365,-1.54735
45244000000,70.57273,-76.58478,11.85728,0.71174,0.06886,-0.02340,-0.69867,-4.44724,-17.19885,-1.56041
45277000000,70.42472,-77.15166,11.80654,0.71178,0.06885,-0.02338,-0.69863,-4.46431,-17.26087,-1.56441
45310000000,70.30501,-77.72384,11.75515,0.71177,0.06882,-0.02324,-0.69864,-4.45097,-17.32482,-1.57109
45343000000,70.14432,-78.29901,11.70199,0.71174,0.06881,-0.02333,-0.69867,-4.48157,-17.39055,-1.57709
45376000000,70.02766,-78.85656,11.65610,0.71176,0.06869,-0.02319,-0.69868,-4.46027,-17.43394,-1.57571
45409000000,69.88523,-79.45554,11.59838,0.71173,0.06879,-0.02317,-0.69870,-4.47143,-17.52356,-1.58818
45442000000,69.74839,-80.03262,11.54676,0.71170,0.06880,-0.02315,-0.69872,-4.47364,-17.58348,-1.59351
45475000000,69.51052,-80.54488,11.51098,0.71171,0.06853,-0.02355,-0.69872,-4.60136,-17.56250,-1.57785
45508000000,69.38963,-81.11535,11.46359,0.71169,0.06839,-0.02339,-0.69876,-4.57435,-17.61177,-1.57617
45541000000,69.24138,-81.70750,11.40897,0.71168,0.06852,-0.02337,-0.69876,-4.58581,-17.68871,-1.58425
45574000000,69.15239,-82.28789,11.36162,0.71167,0.06850,-0.02304,-0.69878,-4.51380,-17.74676,-1.58352
45607000000,69.00220,-82.89649,11.30321,0.71167,0.06858,-0.02303,-0.69877,-4.53077,-17.83803,-1.59767
45640000000,68.87566,-83.48755,11.25117,0.71169,0.06856,-0.02283,-0.69877,-4.50746,-17.90445,-1.60323
45673000000,68.68831,-84.07152,11.19815,0.71166,0.06857,-0.02303,-0.69879,-4.58361,-17.95452,-1.60887
45706000000,68.53290,-84.65257,11.14755,0.71169,0.06843,-0.02303,-0.69877,-4.60711,-17.99685,-1.61122
45772000000,68.23163,-85.85165,11.03951,0.71171,0.06842,-0.02302,-0.69876,-4.63365,-18.13494,-1.62424
45805000000,68.11880,-86.44699,10.98916,0.71172,0.06827,-0.02273,-0.69877,-4.58141,-18.19094,-1.62430
45838000000,67.96789,-87.06422,10.93123,0.71171,0.06838,-0.02280,-0.69876,-4.59557,-18.27823,-1.63739
45871000000,67.85060,-87.67867,10.87556,0.71172,0.06840,-0.02258,-0.69876,-4.55343,-18.35935,-1.64444
45904000000,67.68692,-88.28246,10.82194,0.71167,0.06844,-0.02261,-0.69881,-4.58881,-18.41838,-1.64977
45937000000,67.57156,-88.88877,10.77005,0.71170,0.06844,-0.02234,-0.69878,-4.54363,-18.47657,-1.65192
45970000000,67.41446,-89.50481,10.71375,0.71168,0.06850,-0.02238,-0.69880,-4.56917,-18.54766,-1.66055
46003000000,67.29764,-90.10497,10.66438,0.71175,0.06842,-0.02212,-0.69874,-4.52717,-18.58855,-1.65736
46036000000,67.13469,-90.73437,10.60457,0.71173,0.06853,-0.02225,-0.69875,-4.56355,-18.67499,-1.67082
46069000000,67.03173,-91.36082,10.54965,0.71171,0.06857,-0.02194,-0.69877,-4.49984,-18.75416,-1.67584
46135000000,66.67740,-92.59236,10.43788,0.71172,0.06850,-0.02233,-0.69876,-4.61571,-18.86463,-1.68883
46168000000,66.54260,-93.22681,10.38016,0.71174,0.06861,-0.02213,-0.69874,-4.60290,-18.94473,-1.69765
46201000000,66.44876,-93.87365,10.32183,0.71169,0.06875,-0.02174,-0.69879,-4.52146,-19.04261,-1.70787
46267000000,66.12296,-95.12922,10.20805,0.71167,0.06872,-0.02191,-0.69880,-4.59343,-19.15994,-1.72061
46300000000,65.93197,-95.74163,10.15438,0.71166,0.06856,-0.02214,-0.69882,-4.67627,-19.18738,-1.72001
46333000000,65.85746,-96.39523,10.09789,0.71164,0.06871,-0.02143,-0.69884,-4.53531,-19.28781,-1.72454
46366000000,65.79978,-97.06594,10.03716,0.71161,0.06894,-0.02069,-0.69888,-4.35943,-19.42021,-1.73839
46399000000,65.50205,-97.65863,9.98361,0.71168,0.06856,-0.02190,-0.69881,-4.67227,-19.37830,-1.73640
46432000000,65.37442,-98.31339,9.92352,0.71160,0.06868,-0.02171,-0.69888,-4.63497,-19.45486,-1.74753
46465000000,65.25079,-98.96345,9.86558,0.71144,0.06873,-0.02146,-0.69905,-4.58825,-19.52491,-1.75254
46498000000,65.13990,-99.61482,9.80887,0.71115,0.06876,-0.02101,-0.69935,-4.51016,-19.58733,-1.75351
46531000000,64.94149,-100.25442,9.74965,0.71076,0.06868,-0.02141,-0.69974,-4.64083,-19.61550,-1.76223
46597000000,64.64434,-101.56228,9.63023,0.70952,0.06874,-0.02124,-0.70101,-4.66596,-19.73827,-1.77972
46663000000,64.55720,-102.93368,9.50806,0.70757,0.06923,-0.01927,-0.70298,-4.25686,-19.96627,-1.79887
46696000000,64.33811,-103.54929,9.45727,0.70648,0.06894,-0.01967,-0.70410,-4.44503,-19.91542,-1.78635
46729000000,64.10758,-104.18317,9.39913,0.70514,0.06881,-0.02025,-0.70543,-4.65791,-19.90282,-1.79034
46762000000,64.00471,-104.85575,9.33841,0.70359,0.06892,-0.01964,-0.70698,-4.57337,-19.97724,-1.80130
46828000000,63.72323,-106.17786,9.22058,0.69991,0.06898,-0.01903,-0.71063,-4.58602,-20.06312,-1.81112
46894000000,63.39045,-107.50758,9.09723,0.69523,0.06906,-0.01883,-0.71522,-4.70786,-20.15611,-1.83162
46927000000,63.32720,-108.17518,9.04445,0.69254,0.06923,-0.01776,-0.71783,-4.56301,-20.20559,-1.82321
46960000000,63.10257,-108.82971,8.98166,0.68959,0.06915,-0.01807,-0.72067,-4.74269,-20.22701,-1.83622
46993000000,62.96754,-109.50178,8.92076,0.68631,0.06922,-0.01766,-0.72379,-4.73725,-20.29703,-1.84616
47026000000,62.82647,-110.18801,8.85603,0.68263,0.06935,-0.01721,-0.72726,-4.75239,-20.40048,-1.86329
47092000000,62.54023,-111.54306,8.73351,0.67403,0.06953,-0.01614,-0.73524,-4.79576,-20.55295,-1.88258
47125000000,62.45481,-112.22499,8.67636,0.66903,0.06962,-0.01506,-0.73981,-4.70365,-20.62477,-1.88267
47158000000,62.21584,-112.89727,8.61008,0.66362,0.06969,-0.01512,-0.74466,-4.90715,-20.66075,-1.90051
47224000000,61.86364,-114.24808,8.48783,0.65131,0.06987,-0.01405,-0.75546,-5.06612,-20.73738,-1.91306
47290000000,61.53433,-115.62719,8.35885,0.63669,0.07015,-0.01266,-0.76782,-5.17664,-20.85811,-1.93894
47356000000,62.09585,-117.08846,8.27833,0.61920,0.07051,-0.00521,-0.78204,-3.89244,-21.10515,-1.88363
47389000000,61.08349,-117.66071,8.18399,0.60985,0.07032,-0.00990,-0.78933,-5.34627,-20.96133,-1.94956
47422000000,60.95116,-118.39570,8.10762,0.59951,0.07055,-0.00884,-0.79720,-5.34430,-21.09194,-1.98369
47455000000,60.64761,-119.07115,8.03990,0.58863,0.07073,-0.00864,-0.80526,-5.65889,-21.11145,-2.00118
47521000000,60.23739,-120.45127,7.91029,0.56447,0.07088,-0.00675,-0.82238,-5.89650,-21.19857,-2.02369
47554000000,60.10264,-121.17245,7.84140,0.55068,0.07103,-0.00519,-0.83167,-5.88578,-21.29181,-2.04333
47620000000,59.71521,-122.57886,7.70719,0.51879,0.07111,-0.00235,-0.85193,-6.09981,-21.38501,-2.07515
47653000000,59.44443,-123.25721,7.64124,0.50097,0.07107,-0.00135,-0.86254,-6.32184,-21.34537,-2.08195
47686000000,59.23347,-123.95978,7.57329,-0.48219,-0.07106,-0.00023,0.87318,-6.43635,-21.36710,-2.09605
47752000000,58.80698,-125.36799,7.43478,-0.44244,-0.07100,-0.00348,0.89398,-6.63259,-21.38997,-2.12179
47818000000,58.38095,-126.78479,7.29434,-0.40194,-0.07074,-0.00684,0.91290,-6.77658,-21.41251,-2.14161
47851000000,58.17088,-127.43985,7.24703,-0.38175,-0.07052,-0.00905,0.92153,-6.81536,-21.30116,-2.09704
47917000000,57.72604,-128.90555,7.08427,-0.34205,-0.07019,-0.01165,0.93698,-6.94176,-21.43057,-2.16412
47950000000,57.47278,-129.60887,7.01215,-0.32259,-0.07001,-0.01298,0.94386,-7.05643,-21.43770,-2.17391
47983000000,57.32130,-130.33702,6.94588,-0.30425,-0.06974,-0.01541,0.94991,-6.91554,-21.53880,-2.16935
48016000000,57.06559,-131.06885,6.86100,-0.28685,-0.06944,-0.01612,0.95532,-7.04257,-21.60711,-2.20931
48082000000,56.52603,-132.45807,6.71944,-0.25349,-0.06882,-0.01792,0.96472,-7.34461,-21.56661,-2.22172
48148000000,56.04918,-133.86831,6.57978,-0.22197,-0.06809,-0.02046,0.97246,-7.47015,-21.58750,-2.22819
48181000000,55.80252,-134.58972,6.50140,-0.20688,-0.06773,-0.02134,0.97579,-7.54592,-21.63225,-2.24975
48247000000,55.28522,-136.02003,6.35049,-0.17810,-0.06713,-0.02327,0.98144,-7.73408,-21.69355,-2.27712
48280000000,54.82453,-136.60361,6.29607,-0.16435,-0.06701,-0.02260,0.98386,-8.26360,-21.42540,-2.24296
48346000000,54.48393,-138.13894,6.13079,-0.13839,-0.06600,-0.02582,0.98784,-7.99794,-21.74199,-2.30036
48412000000,53.94812,-139.58463,5.97570,-0.11430,-0.06540,-0.02753,0.99091,-8.17058,-21.83240,-2.33000
48445000000,53.68331,-140.31663,5.89628,-0.10302,-0.06514,-0.02835,0.99214,-8.24229,-21.89483,-2.34749
48511000000,53.12622,-141.76246,5.74042,-0.08197,-0.06460,-0.02973,0.99409,-8.42536,-21.97679,-2.37249
48544000000,52.84172,-142.48497,5.66233,-0.07233,-0.06435,-0.03033,0.99484,-8.51949,-22.01664,-2.38546
48577000000,52.56134,-143.21558,5.58274,-0.06332,-0.06403,-0.03093,0.99546,-8.60150,-22.07365,-2.40025
48610000000,52.28245,-143.95151,5.50221,-0.05497,-0.06380,-0.03154,0.99595,-8.67413,-22.14131,-2.41605
48643000000,51.98572,-144.67802,5.42273,-0.04727,-0.06361,-0.03196,0.99634,-8.77836,-22.18495,-2.42776
48676000000,51.70410,-145.41767,5.34147,-0.04014,-0.06332,-0.03251,0.99666,-8.81002,-22.25268,-2.44101
48709000000,51.41873,-146.15734,5.26018,-0.03348,-0.06304,-0.03300,0.99690,-8.84768,-22.31521,-2.45188
48742000000,51.11263,-146.88918,5.17921,-0.02722,-0.06288,-0.03330,0.99709,-8.92832,-22.35606,-2.46158
48808000000,50.51173,-148.35506,5.01895,-0.01574,-0.06257,-0.03397,0.99734,-9.05113,-22.42634,-2.47489
48874000000,49.90841,-149.83769,4.85463,-0.00530,-0.06213,-0.03457,0.99746,-9.16699,-22.51365,-2.49524
48907000000,49.62578,-150.59708,4.77011,-0.00036,-0.06195,-0.03501,0.99747,-9.18679,-22.58545,-2.50790
48973000000,48.99891,-152.08810,4.60270,0.00906,-0.06166,-0.03552,0.99742,-9.37196,-22.66043,-2.53456
49039000000,48.36287,-153.57471,4.43638,0.01812,-0.06131,-0.03601,0.99730,-9.54845,-22.71770,-2.55571
49072000000,48.07067,-154.33972,4.35091,0.02238,-0.06112,-0.03649,0.99721,-9.58887,-22.78173,-2.56967
49138000000,47.40152,-155.82357,4.18296,0.03046,-0.06087,-0.03678,0.99700,-9.79411,-22.82341,-2.59226
49171000000,47.11791,-156.60215,4.09515,0.03427,-0.06066,-0.03727,0.99687,-9.81123,-22.90179,-2.60828
49204000000,46.80281,-157.37077,4.00668,0.03804,-0.06057,-0.03755,0.99673,-9.87712,-22.96028,-2.62270
49237000000,46.50082,-158.14445,3.91903,0.04162,-0.06042,-0.03795,0.99658,-9.91980,-23.02279,-2.63717
49270000000,46.15295,-158.90209,3.83019,0.04512,-0.06034,-0.03813,0.99643,-10.02709,-23.05638,-2.65184
49336000000,45.41151,-160.37228,3.66069,0.05171,-0.06025,-0.03819,0.99611,-10.28786,-23.05965,-2.66885
49402000000,44.72069,-161.87138,3.49094,0.05777,-0.05996,-0.03841,0.99579,-10.47696,-23.10490,-2.68677
49435000000,44.38907,-162.65040,3.39917,0.06050,-0.05979,-0.03869,0.99562,-10.55159,-23.16404,-2.70356
49468000000,44.02345,-163.40455,3.31169,0.06298,-0.05975,-0.03882,0.99547,-10.66404,-23.19300,-2.71593
49501000000,43.67528,-164.17144,3.22243,0.06516,-0.05959,-0.03899,0.99533,-10.75134,-23.23924,-2.73039
49567000000,42.95017,-165.68913,3.04541,0.06877,-0.05950,-0.03913,0.99509,-10.90965,-23.31277,-2.75112
49633000000,42.21785,-167.20409,2.87172,0.07145,-0.05934,-0.03921,0.99491,-11.04118,-23.37432,-2.75933
49699000000,41.48726,-168.74791,2.68954,0.07389,-0.05926,-0.03944,0.99472,-11.19296,-23.45583,-2.78088
49732000000,41.13001,-169.53751,2.59526,0.07501,-0.05925,-0.03962,0.99463,-11.26244,-23.51028,-2.79635
49798000000,40.40188,-171.09285,2.41522,0.07709,-0.05923,-0.03990,0.99446,-11.40768,-23.59216,-2.81591
49831000000,40.02370,-171.88197,2.31694,0.07812,-0.05922,-0.03988,0.99438,-11.49067,-23.64201,-2.83315
49897000000,39.21904,-173.40594,2.13635,0.07998,-0.05922,-0.03983,0.99424,-11.71487,-23.68010,-2.85595
49930000000,38.82897,-174.19097,2.03908,0.08073,-0.05920,-0.03982,0.99418,-11.81163,-23.72409,-2.87228
49996000000,38.03396,-175.74737,1.85177,0.08160,-0.05931,-0.03984,0.99410,-12.01068,-23.79886,-2.89653
50029000000,37.66061,-176.55326,1.75364,0.08170,-0.05930,-0.03989,0.99409,-12.08277,-23.86583,-2.91398
50095000000,36.82640,-178.09211,1.56924,0.08126,-0.05943,-0.03976,0.99412,-12.30695,-23.92542,-2.93414
50161000000,36.00238,-179.67022,1.37465,0.07938,-0.05953,-0.03965,0.99428,-12.50908,-24.02801,-2.96442
50194000000,35.58727,-180.45384,1.28105,0.07784,-0.05962,-0.03968,0.99439,-12.61008,-24.07639,-2.97642
50227000000,35.17102,-181.24534,1.18362,0.07594,-0.05963,-0.03958,0.99454,-12.69141,-24.13340,-2.98906
50260000000,34.74393,-182.02686,1.08955,0.07376,-0.05971,-0.03936,0.99471,-12.76167,-24.17878,-2.99520
50293000000,34.32161,-182.83131,0.98817,0.07133,-0.05986,-0.03919,0.99488,-12.82587,-24.24369,-3.00865
50326000000,33.89614,-183.63658,0.88699,0.06870,-0.06005,-0.03903,0.99506,-12.89046,-24.30469,-3.02329
50359000000,33.46642,-184.43734,0.78770,0.06599,-0.06027,-0.03879,0.99524,-12.95777,-24.35828,-3.03277
50392000000,33.03345,-185.24628,0.68515,0.06316,-0.06036,-0.03860,0.99543,-13.02782,-24.41631,-3.04696
50425000000,32.59918,-186.04295,0.58766,0.06078,-0.06054,-0.03841,0.99557,-13.10420,-24.41982,-3.05296
50458000000,32.16425,-186.85338,0.48513,0.05930,-0.06056,-0.03829,0.99567,-13.18003,-24.45922,-3.06645
50491000000,31.71912,-187.65629,0.38406,0.05789,-0.06065,-0.03815,0.99575,-13.28716,-24.49803,-3.08056
50524000000,31.28040,-188.46261,0.28364,0.05587,-0.06067,-0.03802,0.99587,-13.37435,-24.56882,-3.09364
50557000000,30.83918,-189.27716,0.18082,0.05339,-0.06074,-0.03789,0.99600,-13.46456,-24.63797,-3.11058
50590000000,30.38618,-190.08198,0.08021,0.05073,-0.06090,-0.03770,0.99614,-13.57439,-24.67740,-3.12312
50623000000,29.93679,-190.90466,-0.02582,0.04793,-0.06098,-0.03751,0.99628,-13.67578,-24.74076,-3.14448
50656000000,29.47607,-191.71757,-0.12964,0.04503,-0.06120,-0.03724,0.99641,-13.78411,-24.78975,-3.16038
50689000000,29.02137,-192.54052,-0.23503,0.04203,-0.06131,-0.03708,0.99654,-13.84562,-24.85193,-3.17310
50722000000,28.55970,-193.36080,-0.34003,0.03899,-0.06147,-0.03689,0.99666,-13.91357,-24.90568,-3.18533
50755000000,28.10324,-194.19224,-0.44749,0.03622,-0.06152,-0.03677,0.99677,-13.97891,-24.94227,-3.19826
50821000000,27.19380,-195.85509,-0.65987,0.03223,-0.06173,-0.03664,0.99690,-14.09551,-25.05776,-3.22243
50953000000,25.27083,-199.14273,-1.08534,0.02501,-0.06203,-0.03592,0.99711,-14.47700,-25.20948,-3.27006
51052000000,23.81768,-201.62908,-1.40747,0.02020,-0.06235,-0.03554,0.99722,-14.73552,-25.33535,-3.30534
51118000000,22.84403,-203.31617,-1.62881,0.01720,-0.06252,-0.03538,0.99727,-14.89510,-25.44471,-3.33661
51151000000,22.34885,-204.16422,-1.74123,0.01579,-0.06265,-0.03532,0.99729,-14.98097,-25.50132,-3.35269
51217000000,21.34131,-205.85137,-1.96614,0.01305,-0.06275,-0.03516,0.99732,-15.16100,-25.59702,-3.38414
51250000000,20.23910,-206.25371,-2.04485,0.01172,-0.06410,-0.03278,0.99734,-15.98591,-25.07423,-3.35607
51316000000,19.73510,-208.25816,-2.27957,0.00937,-0.06307,-0.03455,0.99737,-15.43672,-25.63014,-3.39790
51349000000,19.25029,-209.17190,-2.40565,0.00825,-0.06307,-0.03471,0.99737,-15.48810,-25.76309,-3.42672
51382000000,18.72291,-210.03488,-2.52437,0.00716,-0.06326,-0.03465,0.99737,-15.58997,-25.82705,-3.44553
51448000000,17.67655,-211.74595,-2.75569,0.00506,-0.06339,-0.03454,0.99738,-15.76942,-25.92835,-3.47554
51514000000,16.63428,-213.45520,-2.98306,0.00315,-0.06349,-0.03446,0.99738,-15.92952,-26.01853,-3.49902
51547000000,16.08589,-214.29390,-3.09757,0.00227,-0.06355,-0.03430,0.99739,-16.03949,-26.03850,-3.51111
51580000000,15.56552,-215.17354,-3.21668,0.00139,-0.06355,-0.03438,0.99739,-16.10944,-26.11091,-3.52838
51646000000,14.49001,-216.87811,-3.44559,-0.00028,-0.06356,-0.03427,0.99739,-16.28277,-26.17885,-3.54881
51679000000,13.95780,-217.76307,-3.56721,-0.00104,-0.06357,-0.03431,0.99739,-16.35783,-26.25250,-3.56701
51712000000,13.40817,-218.62443,-3.68540,-0.00183,-0.06363,-0.03417,0.99739,-16.45144,-26.29252,-3.58028
51778000000,12.30963,-220.34269,-3.91799,-0.00333,-0.06367,-0.03397,0.99739,-16.62467,-26.36042,-3.60011
51811000000,11.77254,-221.23646,-4.04071,-0.00399,-0.06369,-0.03406,0.99738,-16.68872,-26.44019,-3.61919
51844000000,11.21215,-222.08983,-4.15717,-0.00464,-0.06375,-0.03393,0.99738,-16.78294,-26.45821,-3.62823
51910000000,10.10406,-223.85613,-4.40054,-0.00593,-0.06377,-0.03391,0.99737,-16.93981,-26.57796,-3.65902
51976000000,7.23131,-223.03951,-4.24715,-0.00693,-0.06531,-0.02260,0.99758,-19.42726,-23.13546,-3.14634
52009000000,8.28329,-225.82997,-4.60536,-0.00762,-0.06285,-0.03278,0.99746,-17.03727,-26.21867,-3.53584
52042000000,7.66113,-226.93532,-4.79720,-0.00822,-0.06350,-0.03338,0.99739,-17.20537,-26.60514,-3.65523
52075000000,7.07584,-227.88273,-4.93919,-0.00878,-0.06374,-0.03361,0.99736,-17.31177,-26.75517,-3.69917
52108000000,6.48140,-228.79787,-5.07419,-0.00929,-0.06389,-0.03364,0.99735,-17.42420,-26.84713,-3.73153
52141000000,5.91752,-229.70505,-5.20079,-0.00979,-0.06394,-0.03368,0.99734,-17.48814,-26.92579,-3.74963
52174000000,5.32721,-230.60160,-5.32895,-0.01026,-0.06399,-0.03365,0.99733,-17.58637,-26.98553,-3.76904
52207000000,3.36206,-230.25069,-5.36164,-0.01073,-0.06713,-0.02632,0.99734,-19.79607,-25.07175,-3.63937
52240000000,3.89210,-231.88078,-5.48993,-0.01098,-0.06419,-0.03127,0.99739,-18.13920,-26.32649,-3.66350
52273000000,3.56093,-232.98337,-5.62599,-0.01142,-0.06353,-0.03264,0.99738,-17.78516,-26.75881,-3.70048
52339000000,2.37852,-234.90575,-5.91298,-0.01230,-0.06386,-0.03312,0.99733,-17.95625,-27.08265,-3.78881
52405000000,1.15787,-236.77477,-6.19119,-0.01307,-0.06426,-0.03326,0.99729,-18.16391,-27.29054,-3.85449
52471000000,-0.06968,-238.58414,-6.45162,-0.01379,-0.06432,-0.03325,0.99728,-18.35780,-27.39322,-3.88549
52537000000,-2.90298,-228.85790,-3.99806,-0.01286,-0.05016,0.00555,0.99864,-20.49880,-11.76254,-0.23525
52570000000,-0.81291,-238.42883,-5.86856,-0.01397,-0.05622,-0.02648,0.99797,-17.13235,-23.80810,-2.65361
52603000000,-2.07038,-241.17963,-6.60784,-0.01470,-0.06195,-0.03129,0.99748,-18.18147,-26.50519,-3.55299
52636000000,-2.93376,-242.61764,-6.92499,-0.01517,-0.06378,-0.03247,0.99732,-18.61274,-27.28057,-3.82541
52669000000,-3.63995,-243.70386,-7.11776,-0.01549,-0.06448,-0.03289,0.99726,-18.81970,-27.57780,-3.92854
52702000000,-4.28156,-244.67160,-7.26615,-0.01579,-0.06467,-0.03306,0.99723,-18.92737,-27.69858,-3.96537
52735000000,-4.87141,-245.62810,-7.40032,-0.01606,-0.06465,-0.03331,0.99722,-18.95823,-27.80627,-3.98248
52768000000,-5.54959,-246.52609,-7.53704,-0.01632,-0.06476,-0.03311,0.99722,-19.10959,-27.82532,-4.00280
52801000000,-6.18227,-247.44083,-7.66821,-0.01660,-0.06483,-0.03304,0.99721,-19.19248,-27.86751,-4.01564
52834000000,-6.81921,-248.36512,-7.80219,-0.01680,-0.06489,-0.03304,0.99720,-19.27824,-27.92076,-4.03065
52900000000,-8.09369,-250.20836,-8.06736,-0.01722,-0.06493,-0.03300,0.99720,-19.43647,-28.01352,-4.05562
52966000000,-9.39510,-252.05467,-8.33712,-0.01764,-0.06495,-0.03298,0.99719,-19.61656,-28.10385,-4.08284
52999000000,-10.05199,-252.96983,-8.46903,-0.01783,-0.06501,-0.03294,0.99718,-19.70957,-28.13618,-4.09192
53065000000,-11.36156,-254.82641,-8.74046,-0.01821,-0.06500,-0.03291,0.99718,-19.87726,-28.22821,-4.12097
53098000000,-12.01364,-255.76020,-8.87586,-0.01836,-0.06503,-0.03294,0.99717,-19.95193,-28.27803,-4.13329
53164000000,-13.33709,-257.62602,-9.14844,-0.01868,-0.06506,-0.03293,0.99716,-20.11640,-28.37028,-4.15656
53197000000,-13.99309,-258.56816,-9.28541,-0.01885,-0.06505,-0.03291,0.99716,-20.18727,-28.42592,-4.16804
53230000000,-14.67389,-259.50773,-9.42630,-0.01902,-0.06511,-0.03287,0.99716,-20.28714,-28.47401,-4.18640
53296000000,-16.01539,-261.39922,-9.70664,-0.01932,-0.06514,-0.03285,0.99715,-20.44683,-28.58355,-4.21595
53329000000,-16.67764,-262.37218,-9.85160,-0.01949,-0.06511,-0.03296,0.99714,-20.51183,-28.67043,-4.23633
53395000000,-18.04132,-264.26536,-10.13287,-0.01974,-0.06517,-0.03293,0.99714,-20.68380,-28.76609,-4.26300
53428000000,-18.73536,-265.21628,-10.27419,-0.01987,-0.06526,-0.03295,0.99713,-20.77778,-28.81542,-4.27582
53494000000,-22.35639,-264.54555,-10.31939,-0.02012,-0.06854,-0.02261,0.99719,-23.70927,-25.65126,-4.00399
53560000000,-21.45258,-268.69284,-10.74249,-0.02029,-0.06477,-0.03225,0.99717,-21.04604,-28.61772,-4.21250
53593000000,-26.57842,-260.88542,-9.58134,-0.02002,-0.06664,-0.00290,0.99757,-26.33471,-18.04235,-2.66690
53659000000,-23.05436,-270.29124,-10.73568,-0.02031,-0.06202,-0.02998,0.99742,-20.71869,-27.37535,-3.77050
53725000000,-27.04737,-259.76270,-8.35952,-0.01953,-0.05446,0.00332,0.99832,-23.62404,-13.57299,-0.86306
53758000000,-24.15972,-270.60622,-10.28862,-0.02007,-0.05681,-0.02544,0.99786,-19.87787,-24.91963,-2.90967
53824000000,-29.36598,-264.43220,-9.28126,-0.01990,-0.05802,-0.00166,0.99812,-24.26797,-16.15964,-1.59239
53890000000,-27.33248,-275.29687,-11.14517,-0.02045,-0.05973,-0.02779,0.99762,-20.75039,-26.52821,-3.43698
53923000000,-32.39617,-263.73631,-9.08286,-0.01995,-0.05733,0.00778,0.99813,-25.55717,-12.54568,-1.02942
53989000000,-29.87641,-279.35595,-11.95690,-0.02083,-0.06255,-0.03036,0.99736,-21.50398,-28.14287,-3.96236
54055000000,-33.06446,-280.32412,-12.33093,-0.02108,-0.06585,-0.02614,0.99726,-23.55527,-27.23887,-4.10586
54088000000,-33.00504,-282.15344,-12.54169,-0.02112,-0.06474,-0.02957,0.99724,-22.67956,-28.37160,-4.20379
54121000000,-33.42610,-284.06243,-12.87617,-0.02124,-0.06492,-0.03218,0.99715,-22.40688,-29.51010,-4.43353
54187000000,-34.93385,-286.20618,-13.22412,-0.02138,-0.06523,-0.03269,0.99711,-22.60024,-29.82880,-4.52295
54220000000,-35.74763,-287.19914,-13.38947,-0.02145,-0.06542,-0.03257,0.99710,-22.75765,-29.88553,-4.55342
54253000000,-36.50237,-288.19454,-13.54391,-0.02147,-0.06548,-0.03249,0.99709,-22.84270,-29.94308,-4.57156
54286000000,-37.26822,-289.18531,-13.69624,-0.02148,-0.06551,-0.03253,0.99709,-22.93677,-29.99351,-4.58575
54352000000,-38.76462,-291.17484,-13.99635,-0.02154,-0.06558,-0.03265,0.99708,-23.07134,-30.09871,-4.60985
54385000000,-39.55418,-292.16033,-14.15263,-0.02164,-0.06565,-0.03261,0.99707,-23.18444,-30.13622,-4.62873
54418000000,-40.30990,-293.15283,-14.30271,-0.02168,-0.06568,-0.03257,0.99707,-23.25331,-30.17952,-4.63728
54451000000,-41.08695,-294.15568,-14.45946,-0.02174,-0.06567,-0.03261,0.99707,-23.34543,-30.23416,-4.65485
54484000000,-41.85521,-295.14809,-14.61170,-0.02178,-0.06563,-0.03256,0.99708,-23.42375,-30.27410,-4.66495
54550000000,-43.40492,-297.16089,-14.92249,-0.02186,-0.06562,-0.03265,0.99707,-23.58450,-30.38381,-4.69634
54583000000,-46.68492,-293.63664,-14.44703,-0.02158,-0.06780,-0.01617,0.99733,-26.99324,-24.26126,-3.85663
54616000000,-44.69645,-298.28909,-14.94880,-0.02172,-0.06393,-0.03075,0.99724,-23.38625,-29.33697,-4.35108
54649000000,-48.19275,-294.34847,-14.42327,-0.02129,-0.06649,-0.01221,0.99749,-27.25443,-22.39736,-3.42042
54682000000,-46.06495,-299.62624,-15.04335,-0.02153,-0.06265,-0.02929,0.99737,-23.29501,-28.61178,-4.11179
54715000000,-47.09755,-301.50560,-15.47681,-0.02177,-0.06469,-0.03150,0.99717,-23.75641,-29.97283,-4.54421
54748000000,-48.03208,-302.81070,-15.73903,-0.02190,-0.06553,-0.03215,0.99709,-24.04467,-30.44368,-4.70754
54814000000,-51.75969,-300.66576,-15.43328,-0.02157,-0.06734,-0.01709,0.99735,-27.17556,-24.63056,-3.86141
54847000000,-50.19912,-304.59500,-15.83942,-0.02167,-0.06345,-0.02917,0.99732,-23.97014,-28.91295,-4.24610
54880000000,-51.06203,-306.35377,-16.20230,-0.02191,-0.06476,-0.03137,0.99717,-24.16458,-30.14529,-4.58718
54913000000,-51.97944,-307.61420,-16.44728,-0.02203,-0.06548,-0.03195,0.99710,-24.41711,-30.56430,-4.73199
54946000000,-52.87369,-308.73720,-16.65106,-0.02207,-0.06607,-0.03211,0.99705,-24.62908,-30.77752,-4.81400
55012000000,-54.53791,-310.82371,-16.99027,-0.02214,-0.06622,-0.03221,0.99704,-24.83741,-30.94263,-4.86772
55045000000,-55.34544,-311.88618,-17.15868,-0.02218,-0.06620,-0.03232,0.99704,-24.90102,-31.04312,-4.89110
55078000000,-56.16697,-312.93140,-17.32491,-0.02218,-0.06630,-0.03240,0.99703,-24.98147,-31.11955,-4.91057
55111000000,-57.00474,-313.96456,-17.49184,-0.02219,-0.06630,-0.03246,0.99703,-25.07862,-31.17444,-4.92937
55144000000,-57.85272,-314.98298,-17.65593,-0.02215,-0.06639,-0.03240,0.99702,-25.18788,-31.20631,-4.94332
55177000000,-58.68018,-316.02032,-17.82034,-0.02217,-0.06630,-0.03245,0.99703,-25.26355,-31.26363,-4.95690
55210000000,-59.52957,-317.03378,-17.98260,-0.02220,-0.06634,-0.03234,0.99703,-25.36522,-31.28461,-4.96721
55276000000,-61.20741,-319.09568,-18.30962,-0.02225,-0.06631,-0.03230,0.99703,-25.52885,-31.37042,-4.99037
55309000000,-62.03604,-320.15386,-18.47681,-0.02221,-0.06628,-0.03238,0.99703,-25.59236,-31.44354,-5.00543
55342000000,-62.87742,-321.20113,-18.64240,-0.02225,-0.06634,-0.03243,0.99702,-25.67015,-31.50220,-5.01884
55375000000,-63.71082,-322.26280,-18.81058,-0.02229,-0.06630,-0.03251,0.99702,-25.73443,-31.57836,-5.03572
55408000000,-65.71969,-321.93941,-18.84854,-0.02231,-0.06877,-0.02783,0.99699,-27.36873,-29.76714,-4.87631
55441000000,-65.47198,-323.95911,-19.05626,-0.02226,-0.06616,-0.03140,0.99707,-25.96983,-31.16650,-4.94800
55474000000,-66.26222,-325.23083,-19.26701,-0.02234,-0.06619,-0.03212,0.99704,-25.96992,-31.51617,-5.02035
55507000000,-67.13371,-326.35226,-19.45628,-0.02238,-0.06628,-0.03228,0.99703,-26.06874,-31.65988,-5.06147
55573000000,-68.90557,-328.46161,-19.80536,-0.02245,-0.06640,-0.03223,0.99702,-26.28494,-31.77376,-5.10166
55606000000,-69.73675,-329.57292,-19.98205,-0.02248,-0.06637,-0.03237,0.99702,-26.32708,-31.88882,-5.12324
55639000000,-70.59442,-330.66068,-20.15715,-0.02246,-0.06640,-0.03245,0.99701,-26.39601,-31.97191,-5.14136
55672000000,-71.43324,-331.76137,-20.33048,-0.02246,-0.06640,-0.03255,0.99701,-26.44441,-32.06561,-5.15767
55705000000,-77.37130,-326.96073,-20.28150,-0.02262,-0.07171,-0.01333,0.99708,-31.74607,-25.91860,-4.94206
55738000000,-74.33995,-331.41094,-20.27704,-0.02192,-0.06735,-0.02656,0.99714,-27.75765,-29.64085,-4.78558
55771000000,-74.14819,-333.59702,-20.51535,-0.02210,-0.06571,-0.03023,0.99714,-26.65427,-31.00111,-4.88221
55804000000,-74.85558,-335.10305,-20.76318,-0.02227,-0.06556,-0.03140,0.99711,-26.55742,-31.55347,-4.98318
55837000000,-75.75253,-336.37390,-20.98958,-0.02229,-0.06596,-0.03175,0.99707,-26.66255,-31.84602,-5.06298
55903000000,-77.61088,-338.60589,-21.37757,-0.02232,-0.06644,-0.03188,0.99703,-26.93649,-32.08420,-5.15152
55936000000,-78.52733,-339.76059,-21.57725,-0.02233,-0.06657,-0.03210,0.99702,-27.04814,-32.23811,-5.19795
55969000000,-79.41543,-340.93338,-21.77342,-0.02230,-0.06684,-0.03239,0.99699,-27.12645,-32.41024,-5.23919
56035000000,-81.36978,-343.03577,-22.14685,-0.02228,-0.06700,-0.03200,0.99699,-27.46021,-32.46187,-5.29593
56068000000,-82.35063,-344.10146,-22.33618,-0.02227,-0.06733,-0.03181,0.99697,-27.62549,-32.50017,-5.32458
56101000000,-83.28038,-345.18163,-22.51772,-0.02228,-0.06735,-0.03178,0.99697,-27.72643,-32.55474,-5.34512
56134000000,-84.18392,-346.29470,-22.70163,-0.02226,-0.06750,-0.03178,0.99696,-27.79569,-32.64633,-5.36648
56200000000,-86.09369,-348.38503,-23.05429,-0.02218,-0.06762,-0.03157,0.99696,-28.03963,-32.66579,-5.38920
56266000000,-88.13578,-350.37035,-23.39511,-0.02219,-0.06828,-0.03114,0.99693,-28.41474,-32.56443,-5.39885
56299000000,-88.89057,-351.61411,-23.58852,-0.02217,-0.06776,-0.03141,0.99696,-28.30182,-32.79342,-5.42803
56332000000,-89.77642,-352.76075,-23.77218,-0.02212,-0.06780,-0.03159,0.99695,-28.31340,-32.93476,-5.44782
56365000000,-90.71417,-353.86622,-23.95768,-0.02214,-0.06781,-0.03162,0.99695,-28.39913,-33.00639,-5.46906
56398000000,-91.62009,-355.00299,-24.14361,-0.02216,-0.06788,-0.03166,0.99694,-28.43479,-33.12228,-5.49064
56431000000,-92.54941,-356.12626,-24.32853,-0.02210,-0.06819,-0.03178,0.99692,-28.50367,-33.21352,-5.50983
56464000000,-93.57320,-357.16955,-24.51601,-0.02212,-0.06831,-0.03151,0.99692,-28.70690,-33.18066,-5.53094
56530000000,-95.59459,-359.24398,-24.87977,-0.02209,-0.06882,-0.03099,0.99690,-29.04524,-33.10513,-5.55659
56563000000,-96.53711,-360.37299,-25.06961,-0.02203,-0.06902,-0.03100,0.99689,-29.10360,-33.20661,-5.58039
56596000000,-97.57210,-361.39006,-25.24931,-0.02205,-0.06916,-0.03070,0.99689,-29.29587,-33.13488,-5.58761
56629000000,-98.44597,-362.57687,-25.43460,-0.02200,-0.06924,-0.03112,0.99687,-29.23608,-33.32561,-5.60319
56662000000,-99.53715,-363.56510,-25.62102,-0.02202,-0.06940,-0.03049,0.99688,-29.50277,-33.20622,-5.61907
56728000000,-101.49019,-365.76331,-25.99347,-0.02200,-0.06964,-0.03040,0.99687,-29.67175,-33.30393,-5.64709
56761000000,-102.48048,-366.85785,-26.18099,-0.02197,-0.06961,-0.03036,0.99687,-29.75776,-33.33925,-5.66096
56794000000,-103.43343,-367.99902,-26.37080,-0.02174,-0.06979,-0.03045,0.99686,-29.78931,-33.44470,-5.67734
56827000000,-104.42981,-369.10276,-26.56091,-0.02136,-0.06982,-0.03047,0.99687,-29.87434,-33.48506,-5.69198
56860000000,-105.34230,-370.28374,-26.74983,-0.02072,-0.06986,-0.03085,0.99686,-29.82150,-33.65448,-5.70535
56893000000,-106.40067,-371.34326,-26.94269,-0.01995,-0.06997,-0.03054,0.99688,-30.02619,-33.60795,-5.72512
56926000000,-107.36095,-372.49234,-27.13393,-0.01916,-0.07007,-0.03073,0.99688,-30.07819,-33.71572,-5.74506
56992000000,-109.49137,-374.58897,-27.51383,-0.01760,-0.07023,-0.03021,0.99692,-30.50017,-33.60014,-5.77645
57025000000,-110.39433,-375.80296,-27.70824,-0.01694,-0.07020,-0.03057,0.99692,-30.42994,-33.80836,-5.79666
57091000000,-113.04461,-377.38284,-28.04853,-0.01576,-0.07214,-0.02856,0.99686,-31.58010,-32.88300,-5.75827
57157000000,-114.64213,-379.96951,-28.44625,-0.01444,-0.07059,-0.02967,0.99696,-31.06431,-33.55248,-5.80664
57223000000,-119.27962,-376.17105,-27.99165,-0.01268,-0.07241,-0.01137,0.99723,-34.66430,-25.49292,-4.70633
57256000000,-117.30911,-381.08536,-28.37299,-0.01229,-0.06788,-0.02490,0.99731,-30.75913,-30.82178,-5.00563
57289000000,-118.15518,-383.20639,-28.77688,-0.01199,-0.06848,-0.02776,0.99719,-30.61279,-32.41504,-5.35322
57355000000,-120.59527,-386.02764,-29.39410,-0.01115,-0.07008,-0.02892,0.99706,-31.32180,-33.37319,-5.71958
57388000000,-123.75870,-384.58952,-29.44485,-0.01062,-0.07416,-0.02048,0.99698,-34.25408,-29.96966,-5.54811
57421000000,-123.00511,-387.52645,-29.67348,-0.01004,-0.07061,-0.02676,0.99709,-31.92394,-32.53937,-5.61795
57454000000,-125.39066,-387.12266,-29.79989,-0.00973,-0.07334,-0.02160,0.99703,-33.87005,-30.48655,-5.55030
57487000000,-125.01237,-389.81757,-30.05671,-0.00920,-0.07057,-0.02716,0.99709,-31.95620,-32.81014,-5.66077
57520000000,-125.91125,-391.39062,-30.32913,-0.00884,-0.07069,-0.02851,0.99705,-31.82525,-33.54152,-5.79374
57586000000,-128.17865,-393.80958,-30.79939,-0.00807,-0.07131,-0.02879,0.99701,-32.20829,-33.88600,-5.93321
57619000000,-129.11284,-395.20762,-31.03120,-0.00766,-0.07157,-0.02964,0.99697,-32.12415,-34.30581,-5.99479
57685000000,-131.52161,-397.32717,-31.46038,-0.00700,-0.07202,-0.02892,0.99696,-32.64718,-34.20411,-6.06353
57718000000,-136.90530,-391.68309,-31.20077,-0.00620,-0.07635,-0.00681,0.99704,-38.23711,-25.43897,-5.48708
57751000000,-133.73818,-397.43497,-31.35408,-0.00602,-0.07059,-0.02534,0.99717,-32.41094,-32.12847,-5.45944
57784000000,-134.82977,-399.48380,-31.78727,-0.00591,-0.07108,-0.02743,0.99708,-32.53005,-33.44521,-5.79921
57850000000,-139.60396,-397.09543,-31.65904,-0.00507,-0.07559,-0.01447,0.99702,-36.19898,-27.30861,-5.14158
57883000000,-138.13175,-401.42972,-32.03990,-0.00474,-0.07043,-0.02417,0.99721,-32.86643,-31.79303,-5.42072
57916000000,-141.77018,-398.50993,-31.90083,-0.00435,-0.07476,-0.01095,0.99713,-36.67714,-25.95963,-4.96896
57949000000,-140.22889,-403.04552,-32.25969,-0.00413,-0.07001,-0.02297,0.99727,-32.92310,-31.18602,-5.24935
57982000000,-140.94908,-405.70929,-32.75203,-0.00414,-0.07054,-0.02760,0.99712,-32.47995,-33.63243,-5.73117
58048000000,-143.80950,-408.33071,-33.39532,-0.00380,-0.07261,-0.02774,0.99697,-33.61227,-34.24359,-6.11495
58081000000,-147.99359,-403.71874,-32.97235,-0.00312,-0.07774,-0.00995,0.99692,-38.18099,-25.79999,-5.21450
58114000000,-145.99081,-408.51535,-33.27559,-0.00291,-0.07115,-0.02263,0.99720,-33.71093,-31.40003,-5.40462
58147000000,-149.27126,-405.75318,-33.06177,-0.00268,-0.07540,-0.01134,0.99708,-36.96040,-25.82427,-4.84532
58213000000,-148.93707,-411.87692,-33.78294,-0.00238,-0.07037,-0.02366,0.99724,-33.42802,-31.84143,-5.40182
58246000000,-152.65669,-409.61383,-33.84287,-0.00208,-0.07440,-0.01204,0.99715,-37.16161,-27.18750,-5.24990
58279000000,-151.37475,-414.07739,-34.21684,-0.00201,-0.07119,-0.02359,0.99718,-33.90405,-32.04052,-5.52845
58312000000,-154.30517,-412.72796,-34.23483,-0.00182,-0.07543,-0.01638,0.99702,-36.63790,-28.51986,-5.30259
58345000000,-153.67910,-416.33154,-34.63106,-0.00160,-0.07160,-0.02377,0.99715,-34.16542,-32.30489,-5.62178
58411000000,-156.34048,-418.65592,-35.12823,-0.00143,-0.07335,-0.02411,0.99701,-34.90616,-32.64299,-5.82469
58444000000,-158.38826,-418.89502,-35.36300,-0.00112,-0.07465,-0.01994,0.99701,-36.30042,-31.43266,-5.90053
58477000000,-159.80369,-419.61489,-35.54807,-0.00085,-0.07483,-0.01824,0.99703,-36.73832,-30.94550,-5.89759
58510000000,-159.94108,-422.24488,-35.84804,-0.00094,-0.07380,-0.02506,0.99696,-35.00224,-33.74494,-6.09022
58576000000,-162.16134,-424.98775,-36.35265,-0.00073,-0.07414,-0.02657,0.99689,-35.02129,-34.70090,-6.29145
58609000000,-163.45353,-426.23652,-36.61431,-0.00068,-0.07498,-0.02674,0.99683,-35.37087,-34.93822,-6.40955
58642000000,-164.76517,-427.39534,-36.86471,-0.00054,-0.07536,-0.02641,0.99681,-35.71885,-34.98707,-6.49352
58675000000,-168.64574,-423.24914,-36.55879,0.00048,-0.08005,-0.00497,0.99678,-40.95971,-24.81025,-5.51303
58741000000,-167.98925,-429.99316,-37.22173,0.00010,-0.07377,-0.02424,0.99698,-35.42521,-33.61470,-6.04374
58774000000,-171.65187,-426.17460,-36.86634,0.00076,-0.08082,-0.00684,0.99670,-40.27503,-24.16352,-4.99859
58807000000,-170.48351,-430.25091,-37.17064,0.00092,-0.07266,-0.01794,0.99719,-35.86011,-30.13108,-5.25470
58873000000,-174.12199,-430.28175,-37.34897,0.00083,-0.07734,-0.01230,0.99693,-38.31696,-26.64063,-4.97852
58906000000,-175.13362,-431.29179,-37.51875,0.00124,-0.07448,-0.01063,0.99716,-37.94186,-26.89270,-4.99711
58939000000,-175.07432,-434.19725,-37.82418,0.00118,-0.07230,-0.01814,0.99722,-35.80035,-30.38140,-5.24724
59005000000,-179.14825,-434.07411,-38.14563,0.00133,-0.07556,-0.00959,0.99709,-38.87388,-26.78375,-5.22785
59071000000,-182.16555,-434.73460,-38.30724,0.00169,-0.07726,-0.00682,0.99699,-39.77383,-25.02505,-4.95409
59104000000,-182.58639,-436.45823,-38.41680,0.00187,-0.07549,-0.01003,0.99709,-38.42355,-26.50465,-4.87612
59137000000,-183.36553,-438.28832,-38.71783,0.00185,-0.07415,-0.01231,0.99717,-37.72228,-28.07840,-5.11208
59170000000,-183.98262,-440.18765,-38.87462,0.00159,-0.07585,-0.01903,0.99694,-36.68919,-29.87928,-5.10498
59203000000,-184.82234,-442.42703,-39.33361,0.00173,-0.07317,-0.02013,0.99712,-36.14126,-32.04781,-5.60921
59236000000,-188.02017,-440.75468,-39.33395,0.00162,-0.08046,-0.01234,0.99668,-39.84368,-27.13323,-5.29429
59269000000,-188.67100,-442.30164,-39.42943,0.00181,-0.07923,-0.01611,0.99672,-38.58096,-28.49413,-5.14554
59335000000,-190.29709,-445.65736,-39.99391,0.00201,-0.07412,-0.01792,0.99709,-37.08729,-31.20970,-5.56901
59368000000,-191.79161,-446.68614,-40.21234,0.00178,-0.07639,-0.01897,0.99690,-37.66610,-31.24108,-5.64538
59401000000,-193.38872,-447.42766,-40.46146,0.00200,-0.07597,-0.01553,0.99699,-38.47070,-30.67019,-5.78504
59434000000,-194.65922,-448.53436,-40.62957,0.00196,-0.07789,-0.01754,0.99681,-38.56638,-30.89703,-5.75215
59467000000,-195.43392,-450.50164,-40.95676,0.00205,-0.07572,-0.01959,0.99693,-37.70177,-32.74674,-6.02837
59500000000,-196.64019,-452.01947,-41.25135,0.00195,-0.07614,-0.02093,0.99688,-37.71501,-33.67538,-6.23653
59533000000,-198.25191,-452.84547,-41.46900,0.00193,-0.07780,-0.01988,0.99677,-38.60468,-33.08215,-6.27653
59566000000,-199.34083,-454.32386,-41.73327,0.00204,-0.07712,-0.02079,0.99680,-38.31629,-33.90497,-6.40664
59599000000,-200.52435,-455.76239,-42.00071,0.00205,-0.07729,-0.02185,0.99677,-38.24186,-34.59366,-6.53429
59632000000,-201.90096,-457.01705,-42.27062,0.00202,-0.07778,-0.02203,0.99673,-38.55094,-34.84529,-6.65278
59665000000,-203.21053,-458.22454,-42.51299,0.00212,-0.07811,-0.02208,0.99670,-38.71803,-34.99711,-6.71357
59698000000,-204.62254,-459.36086,-42.75745,0.00213,-0.07893,-0.02197,0.99664,-39.08403,-34.99340,-6.77475
59731000000,-205.93766,-460.61592,-43.01706,0.00218,-0.07888,-0.02198,0.99664,-39.22196,-35.22063,-6.85852
59830000000,-212.05236,-461.01709,-43.58975,0.00255,-0.08304,-0.00989,0.99649,-43.48966,-29.72218,-6.70895
59863000000,-211.87969,-463.80604,-43.75063,0.00283,-0.08030,-0.01692,0.99662,-40.85326,-32.84422,-6.62087
59929000000,-216.04563,-463.53803,-44.07785,0.00302,-0.08180,-0.00773,0.99661,-43.51969,-28.72870,-6.46029
59962000000,-217.25957,-464.16270,-44.05225,0.00316,-0.08374,-0.00942,0.99644,-43.24179,-28.20458,-6.06935
60028000000,-218.18305,-468.47505,-44.56187,0.00322,-0.07860,-0.01566,0.99678,-40.46031,-32.03338,-6.25707
60061000000,-221.81990,-465.94331,-44.65727,0.00328,-0.08181,-0.00335,0.99664,-44.24301,-26.22704,-6.09116
60127000000,-224.00138,-467.86091,-44.83135,0.00399,-0.07993,-0.00388,0.99679,-43.26107,-26.53976,-5.76138
60193000000,-226.32117,-469.73957,-45.08061,0.00451,-0.07954,-0.00544,0.99681,-42.64508,-26.76966,-5.58801
60259000000,-227.62706,-473.93611,-45.59444,0.00504,-0.07752,-0.01263,0.99690,-40.52782,-30.55881,-5.83367
60325000000,-232.23980,-472.68050,-45.84583,0.00573,-0.07888,-0.00188,0.99687,-43.51856,-25.77967,-5.66341
60391000000,-234.78635,-474.15133,-46.07182,0.00643,-0.07767,-0.00117,0.99696,-43.21427,-25.46829,-5.46769
60424000000,-235.93318,-475.11877,-46.11321,0.00666,-0.07968,-0.00383,0.99679,-42.83562,-25.70663,-5.24597
60490000000,-238.06591,-477.98212,-46.56084,0.00694,-0.07802,-0.00666,0.99691,-41.89311,-27.62925,-5.43008
60523000000,-239.81723,-478.45275,-46.79539,0.00726,-0.07726,-0.00343,0.99698,-42.64104,-26.84239,-5.54177
60589000000,-242.60831,-480.40578,-47.18429,0.00778,-0.07760,-0.00390,0.99695,-42.77397,-27.20110,-5.60645
60622000000,-243.82398,-481.93819,-47.42084,0.00774,-0.07917,-0.00733,0.99680,-42.51729,-28.37290,-5.71253
60655000000,-245.27173,-483.49709,-47.80761,0.00801,-0.07808,-0.00719,0.99689,-42.69025,-29.58159,-6.10179
60688000000,-246.14495,-485.56660,-48.06691,0.00799,-0.07921,-0.01291,0.99674,-41.69701,-31.84747,-6.23260
60721000000,-248.21063,-486.26467,-48.40060,0.00822,-0.08043,-0.00992,0.99668,-43.29029,-31.09458,-6.52565
60754000000,-249.15152,-488.18335,-48.66375,0.00827,-0.08049,-0.01406,0.99662,-42.39383,-32.94927,-6.63769
60820000000,-252.57780,-489.68413,-49.13516,0.00867,-0.08134,-0.01053,0.99659,-43.84447,-31.61849,-6.73222
60853000000,-254.82630,-489.29770,-49.24619,0.00905,-0.08396,-0.00554,0.99641,-45.68388,-28.50778,-6.50584
60919000000,-257.22796,-491.93313,-49.70328,0.00950,-0.08047,-0.00629,0.99669,-44.60882,-30.07926,-6.58494
60952000000,-258.59190,-493.07986,-49.89041,0.00945,-0.08195,-0.00846,0.99656,-44.46904,-30.44284,-6.53280
61018000000,-261.75367,-494.67200,-50.30462,0.00981,-0.08230,-0.00670,0.99654,-45.10761,-29.63183,-6.52566
61051000000,-263.25531,-495.55823,-50.49875,0.01000,-0.08229,-0.00615,0.99654,-45.22831,-29.44938,-6.49223
61084000000,-264.05626,-497.56839,-50.74047,0.01005,-0.08138,-0.01072,0.99657,-43.81610,-31.74585,-6.56472
61117000000,-265.52686,-498.73803,-51.00942,0.00999,-0.08129,-0.01093,0.99658,-43.96107,-32.03826,-6.69110
61150000000,-267.11929,-499.68455,-51.23690,0.01007,-0.08211,-0.01065,0.99652,-44.38691,-31.80016,-6.72109
61249000000,-271.32751,-503.40553,-51.97462,0.01036,-0.08228,-0.01261,0.99648,-44.26838,-33.03828,-6.90712
61315000000,-274.28910,-506.05068,-52.55241,0.01049,-0.08256,-0.01358,0.99644,-44.52863,-34.03658,-7.18179
61381000000,-277.34867,-508.89500,-53.18938,0.01064,-0.08353,-0.01513,0.99633,-44.94240,-35.23518,-7.52085
61447000000,-280.27332,-511.68987,-53.77187,0.01068,-0.08422,-0.01677,0.99625,-45.04773,-36.19295,-7.71423
61480000000,-281.86530,-512.80739,-54.03692,0.01082,-0.08457,-0.01638,0.99622,-45.34328,-36.07471,-7.74832
61513000000,-283.44898,-513.90340,-54.29662,0.01098,-0.08477,-0.01574,0.99622,-45.61555,-35.90940,-7.77005
61546000000,-284.98845,-515.05486,-54.55508,0.01113,-0.08491,-0.01546,0.99621,-45.77978,-35.86830,-7.78915
61612000000,-288.02385,-517.42303,-55.07260,0.01131,-0.08506,-0.01529,0.99619,-45.98883,-35.92709,-7.82365
61645000000,-289.50077,-518.68489,-55.33620,0.01136,-0.08514,-0.01548,0.99618,-46.00682,-36.10213,-7.84747
61678000000,-291.10086,-519.79094,-55.60154,0.01149,-0.08526,-0.01484,0.99618,-46.25805,-35.96640,-7.87380
61711000000,-292.62691,-520.99173,-55.86405,0.01159,-0.08536,-0.01476,0.99617,-46.35107,-36.02433,-7.89470
61744000000,-294.16714,-522.17641,-56.12711,0.01170,-0.08539,-0.01460,0.99617,-46.47060,-36.04336,-7.91455
61777000000,-295.73201,-523.30695,-56.38172,0.01181,-0.08561,-0.01431,0.99616,-46.64543,-35.92101,-7.91279
61810000000,-297.25955,-524.50237,-56.64224,0.01185,-0.08560,-0.01427,0.99616,-46.70618,-35.97647,-7.92496
61843000000,-298.80080,-525.69274,-56.90439,0.01190,-0.08565,-0.01421,0.99615,-46.79922,-36.01285,-7.94139
61876000000,-300.34912,-526.88082,-57.16764,0.01194,-0.08567,-0.01414,0.99615,-46.90308,-36.03926,-7.95962
61909000000,-301.92715,-528.01810,-57.42605,0.01202,-0.08589,-0.01379,0.99614,-47.08097,-35.92192,-7.96270
61942000000,-303.47167,-529.21132,-57.68890,0.01206,-0.08584,-0.01371,0.99614,-47.14631,-35.97153,-7.97667
62008000000,-306.58207,-531.60184,-58.21821,0.01223,-0.08594,-0.01358,0.99613,-47.32132,-36.06836,-8.01162
62074000000,-309.72163,-533.98286,-58.75149,0.01236,-0.08604,-0.01341,0.99612,-47.54186,-36.11992,-8.04905
62107000000,-311.33854,-535.09693,-59.01214,0.01248,-0.08623,-0.01301,0.99611,-47.75777,-35.94870,-8.05086
62140000000,-312.92017,-536.26233,-59.27720,0.01255,-0.08620,-0.01268,0.99612,-47.86674,-35.92119,-8.06378
62206000000,-316.07920,-538.62673,-59.80507,0.01272,-0.08644,-0.01263,0.99610,-48.04759,-35.95720,-8.08096
62272000000,-319.24612,-541.01668,-60.34123,0.01279,-0.08647,-0.01246,0.99609,-48.22170,-36.04287,-8.11611
62305000000,-320.85292,-542.17710,-60.60301,0.01285,-0.08678,-0.01239,0.99607,-48.35068,-36.00565,-8.11700
62338000000,-322.45274,-543.35474,-60.87146,0.01289,-0.08680,-0.01217,0.99607,-48.45467,-36.00880,-8.13222
62371000000,-324.07462,-544.50509,-61.13809,0.01295,-0.08695,-0.01190,0.99606,-48.59947,-35.95133,-8.14325
62437000000,-327.27136,-546.91231,-61.68060,0.01299,-0.08711,-0.01180,0.99604,-48.76457,-36.07179,-8.18125
62470000000,-328.90917,-548.06149,-61.94896,0.01301,-0.08733,-0.01158,0.99603,-48.92262,-36.00715,-8.19076
62503000000,-330.54780,-549.20728,-62.21698,0.01308,-0.08748,-0.01129,0.99602,-49.07452,-35.93185,-8.19878
62536000000,-332.18354,-550.35578,-62.48377,0.01316,-0.08764,-0.01103,0.99600,-49.20811,-35.86967,-8.20361
62569000000,-333.79880,-551.54613,-62.75425,0.01321,-0.08771,-0.01088,0.99600,-49.28403,-35.90917,-8.21736
62602000000,-335.43317,-552.71812,-63.02614,0.01328,-0.08772,-0.01057,0.99600,-49.39997,-35.90070,-8.23386
62635000000,-337.07967,-553.87692,-63.29714,0.01331,-0.08788,-0.01031,0.99599,-49.54054,-35.85232,-8.24623
62668000000,-338.72366,-555.04089,-63.56759,0.01337,-0.08801,-0.01011,0.99598,-49.65996,-35.82358,-8.25563
62734000000,-341.99316,-557.43275,-64.11632,0.01350,-0.08806,-0.01001,0.99597,-49.82190,-35.93993,-8.29388
62767000000,-343.65375,-558.59818,-64.39006,0.01357,-0.08820,-0.00977,0.99596,-49.95940,-35.91199,-8.30889
62800000000,-345.31385,-559.76371,-64.66343,0.01365,-0.08830,-0.00960,0.99595,-50.08728,-35.88141,-8.32135
62833000000,-346.98841,-560.90667,-64.93467,0.01375,-0.08841,-0.00935,0.99594,-50.24225,-35.79126,-8.32735
62899000000,-350.29231,-563.28940,-65.48508,0.01380,-0.08847,-0.00935,0.99594,-50.39277,-35.88985,-8.35723
62932000000,-351.97137,-564.44151,-65.75757,0.01389,-0.08869,-0.00912,0.99592,-50.52990,-35.83058,-8.36332
62998000000,-355.31615,-566.79742,-66.31230,0.01394,-0.08871,-0.00875,0.99592,-50.73701,-35.85406,-8.39623
63031000000,-357.01169,-567.94239,-66.58666,0.01399,-0.08882,-0.00856,0.99591,-50.88190,-35.78677,-8.40322
63064000000,-358.69543,-569.10485,-66.86216,0.01400,-0.08884,-0.00834,0.99591,-50.98868,-35.76556,-8.41425
63097000000,-360.43561,-570.17388,-67.13114,0.01407,-0.08906,-0.00779,0.99590,-51.22004,-35.52690,-8.40910
63130000000,-362.17541,-571.24536,-67.39980,0.01407,-0.08925,-0.00729,0.99588,-51.44070,-35.29212,-8.40274
63163000000,-363.86995,-572.36906,-67.66702,0.01412,-0.08933,-0.00709,0.99588,-51.53008,-35.21115,-8.39178
63196000000,-365.53035,-573.56203,-67.94296,0.01414,-0.08908,-0.00692,0.99590,-51.52431,-35.31161,-8.40354
63229000000,-367.19168,-574.79115,-68.22332,0.01412,-0.08897,-0.00712,0.99591,-51.52112,-35.49627,-8.42641
63295000000,-370.58836,-577.19457,-68.79117,0.01420,-0.08900,-0.00711,0.99590,-51.69650,-35.69358,-8.48451
63328000000,-372.31146,-578.37146,-69.07445,0.01421,-0.08926,-0.00709,0.99588,-51.83688,-35.71257,-8.50739
63394000000,-375.79578,-580.63418,-69.63345,0.01417,-0.08944,-0.00654,0.99587,-52.18025,-35.51508,-8.53007
63427000000,-377.53877,-581.73882,-69.90476,0.01426,-0.08961,-0.00625,0.99586,-52.33058,-35.36517,-8.51920
63460000000,-379.27140,-582.85945,-70.17708,0.01428,-0.08973,-0.00597,0.99585,-52.44121,-35.26881,-8.51102
63493000000,-380.99211,-584.01066,-70.45452,0.01428,-0.08961,-0.00574,0.99586,-52.51327,-35.25798,-8.51755
63559000000,-384.46333,-586.31890,-71.01355,0.01431,-0.08971,-0.00559,0.99585,-52.71144,-35.25542,-8.53767
63592000000,-386.17559,-587.52189,-71.29813,0.01435,-0.08962,-0.00552,0.99586,-52.74321,-35.37001,-8.55959
63658000000,-389.64159,-589.93177,-71.87265,0.01435,-0.08976,-0.00585,0.99584,-52.89735,-35.57746,-8.60813
63691000000,-391.40431,-591.10624,-72.16124,0.01437,-0.08993,-0.00579,0.99583,-53.03210,-35.59990,-8.63314
63724000000,-393.19578,-592.20559,-72.43964,0.01439,-0.09019,-0.00556,0.99581,-53.22776,-35.44430,-8.63225
63757000000,-394.96768,-593.31794,-72.71600,0.01439,-0.09023,-0.00531,0.99580,-53.36099,-35.33148,-8.62624
63790000000,-396.73417,-594.44041,-72.99266,0.01441,-0.09029,-0.00514,0.99580,-53.47180,-35.24156,-8.62119
63856000000,-400.25762,-596.75496,-73.55584,0.01442,-0.09032,-0.00519,0.99579,-53.64449,-35.25573,-8.63368
63889000000,-402.00629,-597.94879,-73.84338,0.01446,-0.09022,-0.00516,0.99580,-53.69054,-35.34753,-8.65353
63922000000,-403.76175,-599.17636,-74.14080,0.01443,-0.09006,-0.00512,0.99582,-53.74829,-35.51286,-8.69532
63988000000,-407.30345,-601.61143,-74.72981,0.01445,-0.09028,-0.00540,0.99580,-53.92214,-35.76760,-8.75927
64021000000,-409.09278,-602.83984,-75.03031,0.01446,-0.09042,-0.00554,0.99578,-54.04302,-35.90128,-8.80065
64087000000,-412.67870,-605.21211,-75.61539,0.01448,-0.09060,-0.00553,0.99577,-54.27516,-35.94857,-8.83847
64120000000,-414.52233,-606.28680,-75.89773,0.01452,-0.09076,-0.00504,0.99575,-54.49563,-35.70644,-8.83201
64153000000,-416.31387,-607.43499,-76.18107,0.01456,-0.09070,-0.00486,0.99576,-54.57650,-35.65637,-8.82836
64186000000,-418.12289,-608.55926,-76.46298,0.01455,-0.09066,-0.00463,0.99576,-54.69134,-35.55498,-8.82180
64219000000,-419.92897,-609.69447,-76.74583,0.01457,-0.09067,-0.00452,0.99576,-54.79171,-35.48571,-8.81712
64285000000,-423.54300,-612.01738,-77.32262,0.01458,-0.09058,-0.00431,0.99577,-54.97310,-35.48123,-8.83358
64351000000,-427.16893,-614.41819,-77.91520,0.01465,-0.09068,-0.00450,0.99576,-55.15700,-35.65002,-8.88332
64417000000,-430.52528,-617.74837,-78.63034,0.01456,-0.09022,-0.00709,0.99579,-54.76983,-37.68694,-9.17415
64483000000,-434.55035,-619.47281,-79.18128,0.01467,-0.09142,-0.00485,0.99569,-55.79476,-36.17465,-9.09127
64516000000,-436.40856,-620.46960,-79.44646,0.01476,-0.09129,-0.00412,0.99571,-55.92730,-35.79179,-9.03555
64549000000,-438.25178,-621.55958,-79.72543,0.01480,-0.09122,-0.00378,0.99571,-56.01949,-35.61108,-9.00835
64582000000,-440.05827,-622.70169,-80.00461,0.01481,-0.09102,-0.00364,0.99573,-56.02600,-35.55803,-8.98329
64648000000,-443.70042,-625.07938,-80.58733,0.01475,-0.09085,-0.00364,0.99575,-56.10281,-35.66096,-8.99030
64681000000,-445.55570,-626.20443,-80.87284,0.01476,-0.09096,-0.00351,0.99574,-56.20842,-35.57520,-8.98162
64714000000,-447.37046,-627.49287,-81.18189,0.01466,-0.09085,-0.00383,0.99575,-56.22367,-35.82928,-9.02155
64780000000,-451.11686,-629.85850,-81.78678,0.01474,-0.09094,-0.00363,0.99574,-56.48511,-35.86932,-9.06919
64813000000,-452.98043,-631.03270,-82.08420,0.01478,-0.09096,-0.00355,0.99574,-56.58174,-35.86792,-9.08071
64846000000,-454.87893,-632.11568,-82.37213,0.01488,-0.09106,-0.00312,0.99573,-56.75221,-35.65063,-9.06746
64912000000,-458.60991,-634.46143,-82.96237,0.01495,-0.09100,-0.00308,0.99573,-56.90560,-35.67198,-9.07599
64978000000,-462.36895,-636.79581,-83.55579,0.01494,-0.09104,-0.00296,0.99573,-57.10022,-35.66584,-9.09207
65011000000,-463.42078,-639.65601,-83.96113,0.01461,-0.09042,-0.00934,0.99575,-55.38980,-39.36949,-9.33782
65044000000,-466.17705,-639.60448,-84.25571,0.01487,-0.09180,-0.00404,0.99566,-57.50532,-36.43849,-9.32449
65077000000,-468.09102,-640.61252,-84.53094,0.01504,-0.09160,-0.00317,0.99568,-57.64140,-36.00008,-9.26284
65143000000,-471.87549,-642.88279,-85.11556,0.01503,-0.09138,-0.00267,0.99570,-57.78654,-35.80914,-9.23363
65176000000,-473.70672,-644.09085,-85.40312,0.01509,-0.09119,-0.00284,0.99572,-57.71877,-35.88684,-9.21205
65209000000,-475.62020,-645.20585,-85.69617,0.01516,-0.09118,-0.00245,0.99572,-57.83669,-35.74276,-9.20184
65242000000,-477.49890,-646.40633,-85.99558,0.01513,-0.09109,-0.00254,0.99572,-57.86341,-35.81154,-9.20722
65275000000,-479.40756,-647.59913,-86.30191,0.01509,-0.09104,-0.00250,0.99573,-57.95828,-35.85575,-9.22701
65308000000,-481.32581,-648.77070,-86.60619,0.01510,-0.09103,-0.00238,0.99573,-58.07010,-35.84547,-9.24091
65374000000,-485.17076,-651.10789,-87.21245,0.01517,-0.09112,-0.00217,0.99572,-58.28838,-35.80978,-9.25942
65407000000,-487.09070,-652.28255,-87.51627,0.01518,-0.09106,-0.00206,0.99573,-58.37650,-35.81012,-9.27115
65440000000,-489.02540,-653.43908,-87.82056,0.01517,-0.09103,-0.00186,0.99573,-58.49394,-35.76344,-9.28199
65506000000,-492.88466,-655.87010,-88.44546,0.01511,-0.09116,-0.00207,0.99572,-58.67761,-35.96557,-9.33925
65539000000,-494.84302,-656.98785,-88.74591,0.01513,-0.09123,-0.00169,0.99571,-58.83077,-35.80766,-9.33276
65605000000,-499.09020,-658.64198,-89.33415,0.01532,-0.09164,0.00138,0.99567,-59.87175,-34.17354,-9.29584
65638000000,-500.66313,-660.31318,-89.62260,0.01516,-0.09103,-0.00106,0.99573,-59.02630,-35.47041,-9.26795
65704000000,-504.67917,-662.44700,-90.22632,0.01523,-0.09137,-0.00022,0.99570,-59.47633,-35.05247,-9.27908
65737000000,-506.51052,-663.80379,-90.53404,0.01514,-0.09109,-0.00094,0.99573,-59.28768,-35.50783,-9.29768
65770000000,-508.45205,-665.06244,-90.85314,0.01508,-0.09115,-0.00124,0.99572,-59.35243,-35.71574,-9.33955
65803000000,-510.42634,-666.25189,-91.16751,0.01510,-0.09123,-0.00118,0.99571,-59.48840,-35.75945,-9.36746
65836000000,-512.39537,-667.45710,-91.48304,0.01512,-0.09135,-0.00126,0.99570,-59.60119,-35.83663,-9.39636
65902000000,-516.34965,-669.90050,-92.12254,0.01505,-0.09157,-0.00148,0.99568,-59.83499,-36.04234,-9.46657
65935000000,-518.33926,-671.07580,-92.43671,0.01509,-0.09164,-0.00132,0.99568,-59.96769,-36.02719,-9.48577
66001000000,-522.30855,-673.47195,-93.06926,0.01509,-0.09172,-0.00129,0.99567,-60.18284,-36.10322,-9.52991
66034000000,-524.30534,-674.62038,-93.37859,0.01510,-0.09178,-0.00103,0.99566,-60.30547,-36.02015,-9.53146
66100000000,-529.32724,-674.88276,-93.94827,0.01553,-0.09219,0.00747,0.99559,-62.75458,-31.42740,-9.43142
66166000000,-532.51383,-677.93365,-94.44250,0.01528,-0.09081,0.00310,0.99575,-60.86672,-33.58698,-9.17820
66199000000,-533.41668,-681.85998,-94.96098,0.01459,-0.09081,-0.00761,0.99573,-58.56778,-39.76757,-9.66330
66232000000,-536.41101,-681.74691,-95.30786,0.01486,-0.09229,-0.00174,0.99562,-60.97396,-36.67139,-9.74060
66265000000,-538.47628,-682.76135,-95.60852,0.01497,-0.09228,-0.00088,0.99562,-61.18770,-36.26008,-9.71076
66298000000,-540.43158,-683.98887,-95.91579,0.01495,-0.09213,-0.00107,0.99563,-61.14736,-36.34644,-9.69640
66331000000,-542.44225,-685.17041,-96.23011,0.01499,-0.09209,-0.00100,0.99564,-61.22938,-36.32243,-9.69770
66364000000,-544.46018,-686.38335,-96.55161,0.01499,-0.09214,-0.00102,0.99563,-61.32247,-36.37449,-9.71561
66397000000,-546.48517,-687.56714,-96.86924,0.01496,-0.09213,-0.00088,0.99563,-61.42306,-36.34987,-9.72160
66430000000,-548.51430,-688.78841,-97.19440,0.01499,-0.09220,-0.00089,0.99563,-61.52651,-36.42351,-9.74696
66496000000,-552.58526,-691.19669,-97.84024,0.01496,-0.09226,-0.00080,0.99562,-61.74208,-36.46972,-9.78131
66529000000,-554.62534,-692.35583,-98.15534,0.01493,-0.09226,-0.00050,0.99562,-61.84689,-36.36232,-9.77509
66595000000,-559.37284,-693.43559,-98.76505,0.01528,-0.09287,0.00573,0.99554,-63.72067,-33.03210,-9.71277
66628000000,-561.06030,-694.39678,-98.93274,0.01530,-0.09151,0.00569,0.99567,-62.76173,-32.71751,-9.33801
66661000000,-562.63942,-696.60510,-99.29650,0.01496,-0.09117,0.00070,0.99572,-61.61446,-35.60705,-9.49410
66694000000,-564.73703,-697.85983,-99.64320,0.01491,-0.09152,0.00052,0.99569,-61.87589,-35.82612,-9.59386
66760000000,-569.35726,-699.21236,-100.25594,0.01523,-0.09206,0.00490,0.99563,-63.31732,-33.47577,-9.57423
66793000000,-571.64618,-699.82464,-100.53393,0.01547,-0.09246,0.00705,0.99557,-63.88362,-32.32707,-9.50013
66859000000,-575.06723,-703.60443,-101.22421,0.01504,-0.09162,0.00048,0.99568,-62.34522,-35.95323,-9.66411
66892000000,-577.90338,-703.26609,-101.51244,0.01536,-0.09214,0.00662,0.99561,-64.13486,-32.63362,-9.61156
66925000000,-580.56854,-700.25293,-101.36801,0.01641,-0.08903,0.02266,0.99564,-65.49992,-23.02061,-8.54359
66958000000,-580.92848,-704.50884,-101.61444,0.01560,-0.08774,0.00768,0.99599,-61.38296,-31.25062,-8.47150
67024000000,-585.10271,-707.31507,-102.34640,0.01531,-0.08904,0.00488,0.99590,-61.85785,-33.02286,-8.90279
67057000000,-587.85198,-706.98732,-102.61937,0.01570,-0.08948,0.01110,0.99580,-63.60863,-29.69830,-8.86723
67090000000,-590.19136,-707.23329,-102.84342,0.01594,-0.08977,0.01423,0.99573,-64.26751,-27.97507,-8.72110
67123000000,-591.98818,-708.49614,-103.07265,0.01594,-0.08910,0.01297,0.99581,-63.60373,-28.77914,-8.59569
67156000000,-593.61463,-711.03513,-103.50885,0.01530,-0.08919,0.00572,0.99588,-62.50602,-32.83865,-8.99607
67189000000,-596.02731,-711.46422,-103.79912,0.01549,-0.08964,0.00889,0.99581,-63.48819,-31.18133,-8.99257
67222000000,-598.85724,-710.45645,-104.01219,0.01611,-0.08911,0.01894,0.99571,-65.60932,-25.53372,-8.77437
67255000000,-599.99574,-712.98236,-104.23268,0.01558,-0.08809,0.01006,0.99594,-62.86762,-30.21264,-8.59362
67288000000,-602.16844,-713.77961,-104.50338,0.01567,-0.08848,0.01125,0.99589,-63.23379,-29.66586,-8.57048
67321000000,-604.23570,-714.77025,-104.78333,0.01568,-0.08840,0.01122,0.99590,-63.27543,-29.70667,-8.57470
67453000000,-613.16672,-717.00684,-105.83955,0.01607,-0.08798,0.01812,0.99583,-64.96083,-25.77025,-8.44082
67486000000,-614.42917,-719.95807,-106.17156,0.01552,-0.08800,0.00924,0.99596,-62.99729,-30.71875,-8.57760
67519000000,-616.56452,-721.94607,-106.64184,0.01519,-0.08930,0.00572,0.99587,-63.23027,-33.02003,-9.03034
67552000000,-620.40609,-718.71614,-106.86813,0.01610,-0.08862,0.02385,0.99565,-67.42281,-22.86802,-8.87544
67585000000,-622.77666,-718.04553,-106.87575,0.01688,-0.08861,0.02997,0.99547,-67.85927,-19.50441,-8.22359
67618000000,-623.14814,-721.13519,-106.91873,0.01611,-0.08615,0.01844,0.99598,-63.58099,-25.25992,-7.69554
67651000000,-624.64081,-724.22004,-107.39274,0.01544,-0.08644,0.00935,0.99609,-62.26215,-30.56106,-8.22127
67684000000,-628.28383,-721.08362,-107.59818,0.01623,-0.08537,0.02656,0.99586,-66.06051,-20.81730,-8.08001
67717000000,-630.34361,-720.52561,-107.52424,0.01685,-0.08486,0.03150,0.99575,-65.86845,-17.87517,-7.29504
67750000000,-630.90403,-724.49143,-107.79244,0.01580,-0.08370,0.01663,0.99623,-62.18826,-25.81748,-7.36757
67783000000,-633.17766,-727.36822,-108.44444,0.01514,-0.08751,0.00735,0.99602,-62.96400,-31.99886,-8.62414
67816000000,-636.72025,-724.01425,-108.59519,0.01653,-0.08591,0.03089,0.99569,-67.49547,-18.54950,-8.23007
67849000000,-638.75790,-722.99983,-108.47325,0.01735,-0.08366,0.03911,0.99558,-67.00389,-13.57121,-7.04638
67882000000,-639.23337,-726.27725,-108.54063,0.01618,-0.08111,0.02263,0.99632,-61.81674,-22.19709,-6.55059
67915000000,-641.49703,-729.72579,-109.28942,0.01514,-0.08590,0.00962,0.99614,-62.60151,-30.48519,-8.18349
67948000000,-644.93626,-726.76465,-109.46534,0.01632,-0.08495,0.03071,0.99578,-66.85757,-18.38640,-7.90955
67981000000,-646.92043,-726.37733,-109.39149,0.01694,-0.08377,0.03594,0.99569,-66.27050,-15.33936,-6.90407
68014000000,-647.82362,-731.10064,-109.87778,0.01525,-0.08436,0.01340,0.99623,-62.46785,-28.20393,-7.69823
68047000000,-649.87990,-732.53320,-110.20553,0.01515,-0.08564,0.01111,0.99615,-62.54628,-29.74089,-7.93488
68080000000,-653.24020,-729.81463,-110.39861,0.01621,-0.08424,0.03064,0.99584,-66.56676,-18.45585,-7.73801
68113000000,-654.81685,-730.19855,-110.30735,0.01653,-0.08260,0.03140,0.99595,-64.76940,-17.75540,-6.69627
68146000000,-656.33362,-734.35931,-110.91003,0.01519,-0.08475,0.01305,0.99620,-62.98420,-28.66114,-7.86681
68179000000,-658.88249,-734.34630,-111.16857,0.01549,-0.08538,0.01846,0.99606,-64.50456,-25.73989,-7.87540
68212000000,-661.05723,-735.05541,-111.38974,0.01565,-0.08609,0.01942,0.99598,-64.73755,-25.31214,-7.77011
68245000000,-663.42024,-735.08653,-111.60759,0.01586,-0.08572,0.02355,0.99591,-65.51657,-22.85944,-7.66330
68278000000,-665.11910,-737.17193,-111.93071,0.01531,-0.08529,0.01653,0.99610,-64.20185,-26.92145,-7.88727
68311000000,-667.28248,-738.85870,-112.33349,0.01502,-0.08665,0.01284,0.99604,-64.43373,-29.36051,-8.33219
68344000000,-669.74624,-739.10596,-112.59494,0.01533,-0.08726,0.01675,0.99593,-65.55243,-27.16309,-8.30347
68377000000,-672.14448,-739.35553,-112.83069,0.01561,-0.08760,0.02036,0.99583,-66.35975,-25.19110,-8.19910
68443000000,-675.99537,-743.53145,-113.62181,0.01469,-0.08850,0.00883,0.99593,-65.08265,-32.17153,-8.91413
68476000000,-678.34309,-745.82353,-114.18397,0.01429,-0.09095,0.00371,0.99575,-65.73973,-35.59671,-9.67072
68509000000,-680.92809,-747.46617,-114.70845,0.01417,-0.09299,0.00233,0.99556,-66.99172,-36.90925,-10.25321
68542000000,-683.56484,-747.88158,-115.03776,0.01438,-0.09381,0.00625,0.99547,-68.26808,-34.69485,-10.24324
68575000000,-685.51920,-749.89593,-115.43428,0.01410,-0.09364,0.00236,0.99550,-67.54327,-37.12113,-10.41994
68608000000,-687.83261,-751.23504,-115.82274,0.01403,-0.09416,0.00201,0.99546,-67.87651,-37.45357,-10.55955
68641000000,-690.11087,-752.49509,-116.18666,0.01398,-0.09435,0.00201,0.99544,-68.08146,-37.53587,-10.61688
68707000000,-694.91209,-754.36311,-116.87437,0.01410,-0.09491,0.00487,0.99537,-69.05013,-36.01395,-10.61076
68740000000,-696.87181,-756.11028,-117.22407,0.01387,-0.09432,0.00240,0.99544,-68.34188,-37.45098,-10.62591
68773000000,-699.15581,-757.42107,-117.59559,0.01383,-0.09451,0.00211,0.99543,-68.51381,-37.65820,-10.69281
68806000000,-701.43110,-758.64805,-117.94999,0.01380,-0.09452,0.00225,0.99543,-68.65209,-37.63099,-10.71258
68839000000,-704.09999,-759.06574,-118.28465,0.01406,-0.09537,0.00612,0.99532,-69.86569,-35.35896,-10.67578
68872000000,-705.96833,-760.90318,-118.61909,0.01383,-0.09437,0.00291,0.99544,-68.75598,-37.23432,-10.64149
68938000000,-710.50680,-763.40471,-119.32770,0.01380,-0.09445,0.00276,0.99543,-68.94669,-37.37563,-10.68462
69004000000,-715.08771,-766.01992,-120.06546,0.01370,-0.09469,0.00221,0.99541,-69.20804,-37.75463,-10.78963
69103000000,-722.10857,-769.38656,-121.11784,0.01372,-0.09496,0.00363,0.99538,-69.83024,-37.04455,-10.79831
69136000000,-724.25409,-770.92718,-121.48123,0.01364,-0.09479,0.00256,0.99540,-69.60831,-37.70963,-10.82731
69169000000,-726.57870,-772.11390,-121.83724,0.01367,-0.09490,0.00293,0.99539,-69.76979,-37.59992,-10.83990
69202000000,-728.88344,-773.33315,-122.19179,0.01367,-0.09487,0.00307,0.99539,-69.87527,-37.56913,-10.84813
69235000000,-731.18896,-774.55642,-122.54663,0.01370,-0.09491,0.00318,0.99539,-69.97163,-37.54849,-10.85568
69268000000,-733.48795,-775.80662,-122.90331,0.01370,-0.09487,0.00316,0.99539,-70.03634,-37.58865,-10.86442
69301000000,-736.17934,-776.28125,-123.24621,0.01404,-0.09550,0.00599,0.99531,-70.94877,-35.92734,-10.84339
69334000000,-738.10964,-778.33584,-123.62630,0.01406,-0.09478,0.00280,0.99539,-70.13799,-37.83678,-10.90371
69367000000,-740.46434,-779.63132,-124.00586,0.01442,-0.09504,0.00262,0.99537,-70.31788,-37.95722,-10.96218
69433000000,-745.12663,-782.14952,-124.73706,0.01570,-0.09519,0.00260,0.99533,-70.53464,-38.00336,-11.00450
69499000000,-749.98454,-784.11715,-125.43213,0.01801,-0.09551,0.00469,0.99525,-71.21685,-36.63602,-10.95095
69532000000,-752.09188,-785.77836,-125.79665,0.01934,-0.09502,0.00267,0.99528,-70.68510,-37.78885,-10.97083
69565000000,-754.45357,-786.96936,-126.15840,0.02112,-0.09510,0.00285,0.99524,-70.84691,-37.64728,-10.98345
69631000000,-759.12142,-789.55042,-126.89533,0.02554,-0.09511,0.00202,0.99514,-71.00278,-37.87183,-11.03765
69664000000,-761.78532,-790.17821,-127.25242,0.02846,-0.09585,0.00433,0.99498,-71.84113,-36.40420,-11.03514
69697000000,-763.83999,-791.85855,-127.60157,0.03141,-0.09517,0.00216,0.99496,-71.18569,-37.52319,-11.01217
69763000000,-768.52583,-794.42181,-128.33749,0.03887,-0.09520,0.00110,0.99470,-71.39021,-37.69154,-11.06932
69796000000,-770.89592,-795.67558,-128.70853,0.04322,-0.09527,0.00075,0.99451,-71.54263,-37.70138,-11.10152
69829000000,-773.39434,-796.60486,-129.06211,0.04800,-0.09557,0.00139,0.99426,-71.96241,-37.00275,-11.09412
69862000000,-775.63018,-798.13007,-129.43783,0.05297,-0.09534,-0.00013,0.99403,-71.75799,-37.70615,-11.13618
69928000000,-780.39120,-800.62219,-130.18002,0.06346,-0.09543,-0.00107,0.99341,-72.04440,-37.69367,-11.18984
69961000000,-782.77863,-801.86139,-130.55139,0.06871,-0.09548,-0.00157,0.99306,-72.18058,-37.69104,-11.21427
69994000000,-785.16423,-803.10529,-130.92238,0.07357,-0.09552,-0.00198,0.99270,-72.29436,-37.68586,-11.23430
70027000000,-787.55650,-804.32877,-131.29172,0.07837,-0.09554,-0.00226,0.99233,-72.41656,-37.63222,-11.24786
70093000000,-792.33479,-806.88142,-132.04340,0.08757,-0.09557,-0.00339,0.99156,-72.61472,-37.79210,-11.30216
70159000000,-797.15103,-809.41607,-132.80207,0.09659,-0.09566,-0.00432,0.99071,-72.83428,-37.88402,-11.35634
70225000000,-801.97298,-811.91650,-133.55551,0.10624,-0.09565,-0.00522,0.98972,-73.04895,-37.85959,-11.39436
70258000000,-804.39943,-813.08376,-133.92356,0.11138,-0.09573,-0.00536,0.98914,-73.18005,-37.67081,-11.39328
70291000000,-806.82637,-814.25124,-134.29115,0.11674,-0.09579,-0.00550,0.98852,-73.30329,-37.49417,-11.38957
70324000000,-809.22090,-815.48835,-134.65910,0.12223,-0.09562,-0.00605,0.98787,-73.34671,-37.47863,-11.38849
70423000000,-816.46464,-819.26177,-135.78897,0.14064,-0.09548,-0.00794,0.98541,-73.58370,-37.55094,-11.43688
70456000000,-818.89582,-820.51530,-136.16931,0.14771,-0.09544,-0.00861,0.98438,-73.68897,-37.55272,-11.45790
70489000000,-821.33566,-821.73401,-136.54662,0.15527,-0.09540,-0.00918,0.98321,-73.80312,-37.47765,-11.47105
70522000000,-823.76751,-823.02073,-136.93151,0.16345,-0.09532,-0.01009,0.98188,-73.89424,-37.54263,-11.50008
70555000000,-826.21482,-824.25357,-137.31273,0.17231,-0.09528,-0.01088,0.98036,-74.01071,-37.48717,-11.51935
70588000000,-828.66290,-825.46412,-137.69048,0.18164,-0.09521,-0.01163,0.97868,-74.12296,-37.38263,-11.52974
70621000000,-831.10853,-826.68035,-138.06803,0.19115,-0.09511,-0.01239,0.97686,-74.19956,-37.31325,-11.53441
70654000000,-833.55171,-827.91502,-138.44729,0.20039,-0.09498,-0.01325,0.97501,-74.26163,-37.29980,-11.54202
70687000000,-835.99966,-829.17939,-138.83221,0.20929,-0.09488,-0.01421,0.97313,-74.33225,-37.36503,-11.56393
70720000000,-838.46473,-830.45058,-139.22321,0.21807,-0.09483,-0.01517,0.97120,-74.45084,-37.43327,-11.60170
70753000000,-840.92780,-831.66393,-139.60462,0.22726,-0.09473,-0.01589,0.96908,-74.55766,-37.33130,-11.61089
70786000000,-843.39002,-832.86844,-139.98411,0.23691,-0.09463,-0.01665,0.96677,-74.64694,-37.21366,-11.61223
70819000000,-845.84764,-834.13423,-140.37094,0.24676,-0.09439,-0.01780,0.96430,-74.70899,-37.29671,-11.63571
70852000000,-848.32012,-835.33155,-140.75212,0.25699,-0.09431,-0.01855,0.96162,-74.81092,-37.15452,-11.64083
70918000000,-853.25674,-837.81405,-141.52412,0.27923,-0.09382,-0.02080,0.95540,-74.95436,-37.15558,-11.67313
70951000000,-855.73449,-839.02149,-141.90785,0.29129,-0.09360,-0.02188,0.95179,-75.03583,-37.05594,-11.67840
71017000000,-860.68934,-841.48429,-142.68165,0.31735,-0.09296,-0.02442,0.94342,-75.16084,-37.00549,-11.70345
71050000000,-863.17673,-842.65842,-143.06320,0.33140,-0.09275,-0.02554,0.93857,-75.23483,-36.83477,-11.69818
71083000000,-865.65192,-843.85227,-143.44412,0.34617,-0.09238,-0.02681,0.93323,-75.26612,-36.72893,-11.69239
71116000000,-868.14800,-845.00251,-143.82425,0.36150,-0.09207,-0.02806,0.92739,-75.34216,-36.52199,-11.68421
71182000000,-873.09041,-847.48263,-144.59591,0.39379,-0.09087,-0.03147,0.91416,-75.34718,-36.59156,-11.69441
71248000000,-878.07035,-849.93169,-145.37480,0.42803,-0.08971,-0.03485,0.89863,-75.42665,-36.57709,-11.71557
71281000000,-880.56310,-851.11481,-145.76038,0.44492,-0.08909,-0.03633,0.89039,-75.47071,-36.47999,-11.71679
71314000000,-883.05760,-852.29369,-146.14348,0.46142,-0.08845,-0.03792,0.88195,-75.51846,-36.37946,-11.71494
71347000000,-885.57070,-853.41295,-146.52507,0.47752,-0.08798,-0.03919,0.87332,-75.60706,-36.14285,-11.70912
71380000000,-888.03688,-854.64218,-146.90750,0.49315,-0.08711,-0.04085,0.86461,-75.58090,-36.18322,-11.70547
71413000000,-890.53074,-855.82075,-147.29194,0.50840,-0.08642,-0.04225,0.85573,-75.62180,-36.09793,-11.70585
71446000000,-893.01885,-857.02945,-147.67778,0.52319,-0.08568,-0.04382,0.84677,-75.64598,-36.09592,-11.70965
71479000000,-895.51449,-858.26174,-148.06979,0.53750,-0.08487,-0.04549,0.83774,-75.68783,-36.15306,-11.72913
71512000000,-898.03209,-859.51489,-148.47160,0.55139,-0.08408,-0.04708,0.82866,-75.78465,-36.25857,-11.77261
71545000000,-900.54480,-860.65920,-148.85664,0.56485,-0.08350,-0.04824,0.81954,-75.87376,-36.07151,-11.77027
71578000000,-903.04909,-861.81876,-149.24078,0.57736,-0.08290,-0.04927,0.81078,-75.94569,-35.94051,-11.76798
71611000000,-905.55136,-862.98644,-149.62523,0.58928,-0.08224,-0.05035,0.80216,-75.98708,-35.83393,-11.76303
71644000000,-908.05677,-864.15025,-150.01007,0.60079,-0.08159,-0.05140,0.79357,-76.03295,-35.72567,-11.76149
71677000000,-910.56311,-865.31432,-150.39533,0.61195,-0.08087,-0.05240,0.78500,-76.07633,-35.62849,-11.76100
71710000000,-913.07810,-866.45810,-150.78054,0.62268,-0.08023,-0.05329,0.77652,-76.14179,-35.47916,-11.75879
71743000000,-915.58452,-867.62288,-151.16566,0.63311,-0.07951,-0.05428,0.76805,-76.17606,-35.41007,-11.75687
71809000000,-920.60159,-869.98511,-151.94170,0.65299,-0.07793,-0.05639,0.75123,-76.25115,-35.38894,-11.77248
71842000000,-923.12497,-871.13066,-152.32926,0.66238,-0.07732,-0.05724,0.74297,-76.32662,-35.27882,-11.77776
71875000000,-925.65493,-872.25267,-152.71591,0.67147,-0.07681,-0.05793,0.73476,-76.41330,-35.11336,-11.77966
71908000000,-928.18261,-873.37546,-153.10166,0.68029,-0.07618,-0.05864,0.72661,-76.48789,-34.96565,-11.78006
71941000000,-930.70993,-874.49821,-153.48743,0.68882,-0.07558,-0.05934,0.71854,-76.55499,-34.83127,-11.78010
71974000000,-933.24389,-875.60840,-153.87316,0.69692,-0.07509,-0.05999,0.71068,-76.63449,-34.67337,-11.78097
72007000000,-935.77250,-876.72909,-154.25930,0.70477,-0.07455,-0.06062,0.70289,-76.69229,-34.55859,-11.78202
72040000000,-938.30176,-877.84845,-154.64575,0.71244,-0.07394,-0.06115,0.69515,-76.74475,-34.45110,-11.78257
72073000000,-940.83088,-878.97099,-155.03208,0.71980,-0.07332,-0.06175,0.68753,-76.79569,-34.39273,-11.78484
72106000000,-943.36103,-880.09447,-155.41961,0.72679,-0.07266,-0.06228,0.68016,-76.84744,-34.34214,-11.79068
72139000000,-945.88950,-881.22962,-155.80740,0.73339,-0.07198,-0.06286,0.67306,-76.87966,-34.30041,-11.79457
72205000000,-950.95579,-883.51323,-156.58643,0.74566,-0.07073,-0.06405,0.65946,-76.96734,-34.26338,-11.81098
72271000000,-956.03900,-885.78360,-157.36943,0.75657,-0.06958,-0.06493,0.64695,-77.09016,-34.19066,-11.83539
72304000000,-958.62495,-886.79921,-157.76071,0.76145,-0.06961,-0.06489,0.64120,-77.25799,-33.85258,-11.84634
72337000000,-961.19781,-887.82818,-158.14904,0.76593,-0.06945,-0.06489,0.63586,-77.38130,-33.57737,-11.84943
72403000000,-966.29943,-890.02263,-158.92662,0.77366,-0.06865,-0.06552,0.62645,-77.49879,-33.42575,-11.85785
72436000000,-968.89370,-891.00998,-159.31625,0.77680,-0.06876,-0.06531,0.62257,-77.65518,-33.09732,-11.86463
72502000000,-974.00882,-893.16844,-160.09352,0.78178,-0.06829,-0.06557,0.61633,-77.77871,-32.93140,-11.87674
72535000000,-976.58183,-894.17812,-160.47834,0.78349,-0.06827,-0.06542,0.61417,-77.87161,-32.70313,-11.87549
72568000000,-979.12782,-895.26669,-160.86094,0.78479,-0.06817,-0.06566,0.61250,-77.90670,-32.66336,-11.86966
72601000000,-981.73007,-896.23514,-161.24831,0.78555,-0.06847,-0.06540,0.61151,-78.05559,-32.38019,-11.87449
72634000000,-984.29688,-897.26272,-161.63196,0.78580,-0.06850,-0.06527,0.61120,-78.12557,-32.23383,-11.87322
72700000000,-989.35152,-899.60532,-162.41003,0.78494,-0.06776,-0.06551,0.61237,-78.12147,-32.50083,-11.89253
72733000000,-991.97126,-900.55715,-162.79956,0.78393,-0.06827,-0.06507,0.61364,-78.29030,-32.20816,-11.90153
72766000000,-994.58602,-901.51188,-163.18550,0.78267,-0.06888,-0.06478,0.61521,-78.44386,-31.93664,-11.90361
72832000000,-999.81306,-903.46397,-163.96603,0.77931,-0.06974,-0.06393,0.61946,-78.71430,-31.57208,-11.92215
72865000000,-1002.37509,-904.52670,-164.34968,0.77739,-0.06982,-0.06372,0.62187,-78.74022,-31.57580,-11.91916
72898000000,-1005.01969,-905.41196,-164.73758,0.77524,-0.07056,-0.06310,0.62453,-78.90864,-31.25742,-11.92515
72931000000,-1007.65705,-906.31319,-165.12471,0.77303,-0.07121,-0.06247,0.62726,-79.05629,-30.97174,-11.92792
72964000000,-1010.21340,-907.38716,-165.50744,0.77084,-0.07112,-0.06218,0.62998,-79.04464,-31.02913,-11.92201
72997000000,-1012.80209,-908.38193,-165.89125,0.76858,-0.07129,-0.06172,0.63276,-79.08939,-30.94110,-11.91788
73030000000,-1015.35934,-909.47031,-166.27528,0.76686,-0.07122,-0.06157,0.63488,-79.02647,-31.01343,-11.90513
73063000000,-1017.99431,-910.37895,-166.66257,0.76599,-0.07167,-0.06113,0.63591,-79.11588,-30.75176,-11.90009
73096000000,-1020.58950,-911.37948,-167.04958,0.76539,-0.07174,-0.06088,0.63665,-79.15725,-30.67517,-11.89950
73129000000,-1023.16141,-912.45591,-167.43737,0.76487,-0.07160,-0.06089,0.63729,-79.15573,-30.73537,-11.90279
73162000000,-1025.80719,-913.35276,-167.82739,0.76428,-0.07205,-0.06042,0.63800,-79.28823,-30.45574,-11.90914
73195000000,-1028.43092,-914.29447,-168.21405,0.76374,-0.07227,-0.06016,0.63863,-79.36918,-30.28533,-11.90908
73261000000,-1033.72751,-916.10179,-168.99510,0.76269,-0.07288,-0.05939,0.63989,-79.60694,-29.83478,-11.92302
73294000000,-1036.37290,-916.99463,-169.38091,0.76224,-0.07324,-0.05914,0.64041,-79.70781,-29.62240,-11.92177
73327000000,-1039.02492,-917.91453,-169.77368,0.76176,-0.07350,-0.05894,0.64097,-79.81348,-29.46794,-11.93274
73360000000,-1041.57325,-919.01387,-170.15705,0.76133,-0.07309,-0.05901,0.64152,-79.74731,-29.61756,-11.92735
73393000000,-1044.19460,-919.95538,-170.54301,0.76090,-0.07319,-0.05876,0.64205,-79.80101,-29.50696,-11.92768
73492000000,-1051.98568,-923.45815,-171.75993,0.75976,-0.07191,-0.05934,0.64349,-79.86027,-30.12391,-12.00595
73558000000,-1057.26108,-925.44307,-172.55335,0.75902,-0.07193,-0.05910,0.64438,-80.00540,-30.01168,-12.03004
73591000000,-1060.11694,-925.84043,-172.94811,0.75853,-0.07346,-0.05810,0.64487,-80.35844,-29.16106,-12.04026
73624000000,-1062.91495,-926.36422,-173.34166,0.75808,-0.07459,-0.05714,0.64536,-80.61910,-28.51669,-12.04739
73657000000,-1065.54770,-927.26793,-173.72146,0.75773,-0.07463,-0.05706,0.64577,-80.65380,-28.41216,-12.03701
73690000000,-1068.23446,-928.04072,-174.11122,0.75735,-0.07504,-0.05649,0.64622,-80.75682,-28.13463,-12.03916
73723000000,-1070.88177,-928.91030,-174.49449,0.75707,-0.07507,-0.05629,0.64656,-80.80243,-28.00382,-12.03292
73756000000,-1073.51226,-929.81305,-174.87752,0.75676,-0.07505,-0.05612,0.64694,-80.82787,-27.92037,-12.02722
73789000000,-1076.11971,-930.76166,-175.25922,0.75637,-0.07489,-0.05606,0.64742,-80.84451,-27.88585,-12.02334
73822000000,-1078.75458,-931.65462,-175.64248,0.75535,-0.07495,-0.05577,0.64863,-80.90273,-27.78466,-12.02547
73855000000,-1081.43193,-932.46076,-176.02708,0.75419,-0.07523,-0.05540,0.64998,-80.98447,-27.59342,-12.02519
73921000000,-1086.64061,-934.51478,-176.80714,0.75183,-0.07480,-0.05523,0.65277,-80.99947,-27.73411,-12.03745
73954000000,-1088.61293,-937.33853,-177.21669,0.75126,-0.07312,-0.05689,0.65347,-80.31641,-29.70949,-12.05397
73987000000,-1091.85492,-936.78964,-177.61716,0.75038,-0.07430,-0.05534,0.65448,-80.98345,-28.10127,-12.07141
74020000000,-1092.64619,-942.55078,-178.06870,0.75090,-0.06925,-0.05953,0.65407,-79.16464,-32.98955,-12.12927
74053000000,-1096.91304,-939.95956,-178.45955,0.74952,-0.07235,-0.05667,0.65558,-80.85073,-29.30037,-12.13788
74086000000,-1100.09612,-939.61246,-178.89768,0.74886,-0.07506,-0.05481,0.65617,-81.43929,-27.88596,-12.19295
74119000000,-1102.89153,-940.11858,-179.28659,0.74835,-0.07577,-0.05416,0.65674,-81.61558,-27.41574,-12.19263
74152000000,-1105.62082,-940.76183,-179.66903,0.74788,-0.07622,-0.05371,0.65725,-81.71955,-27.10502,-12.18595
74185000000,-1108.29405,-941.53863,-180.04902,0.74743,-0.07637,-0.05342,0.65777,-81.76817,-26.93538,-12.17864
74218000000,-1110.96607,-942.32444,-180.43033,0.74700,-0.07651,-0.05310,0.65827,-81.81543,-26.78309,-12.17233
74284000000,-1116.21279,-944.35985,-181.21740,0.74626,-0.07609,-0.05310,0.65916,-81.82776,-26.90080,-12.18191
74317000000,-1119.03951,-944.77645,-181.60279,0.74584,-0.07686,-0.05254,0.65958,-82.00008,-26.44588,-12.18184
74350000000,-1121.84070,-945.23099,-181.99250,0.74542,-0.07760,-0.05172,0.66004,-82.15041,-26.02463,-12.18616
74383000000,-1124.40939,-946.27366,-182.36848,0.74510,-0.07714,-0.05181,0.66045,-82.10445,-26.12084,-12.17633
74416000000,-1127.08561,-947.07542,-182.76174,0.74469,-0.07732,-0.05134,0.66092,-82.14564,-26.00800,-12.18135
74449000000,-1129.67340,-948.18977,-183.15161,0.74441,-0.07685,-0.05154,0.66128,-82.11358,-26.17198,-12.18123
74482000000,-1132.36664,-949.05135,-183.54809,0.74415,-0.07686,-0.05136,0.66159,-82.17123,-26.11161,-12.18890
74515000000,-1135.12846,-949.67280,-183.93736,0.74382,-0.07721,-0.05105,0.66194,-82.27939,-25.85433,-12.19183
74548000000,-1138.07516,-949.76414,-184.32912,0.74337,-0.07855,-0.04997,0.66237,-82.54872,-25.11767,-12.19827
74581000000,-1140.67159,-950.75331,-184.71270,0.74312,-0.07813,-0.04995,0.66270,-82.51019,-25.19584,-12.19345
74647000000,-1146.07960,-952.37336,-185.50085,0.74257,-0.07816,-0.04964,0.66334,-82.61929,-25.04130,-12.20573
74680000000,-1147.88109,-956.01177,-185.92471,0.74285,-0.07597,-0.05198,0.66310,-81.87416,-27.52226,-12.23306
74713000000,-1151.34187,-954.80643,-186.34189,0.74208,-0.07710,-0.05016,0.66398,-82.59642,-25.61331,-12.26044
74746000000,-1154.28495,-954.94026,-186.74602,0.74162,-0.07839,-0.04908,0.66441,-82.86822,-24.89560,-12.27808
74779000000,-1156.95322,-955.86692,-187.13978,0.74110,-0.07820,-0.04906,0.66502,-82.89157,-24.92031,-12.28291
74812000000,-1159.62981,-956.88499,-187.54890,0.74053,-0.07793,-0.04912,0.66568,-82.91557,-25.01705,-12.29911
74845000000,-1162.43956,-957.41225,-187.94505,0.73986,-0.07839,-0.04870,0.66640,-83.04882,-24.69229,-12.30510
74878000000,-1165.26596,-957.83963,-188.34162,0.73906,-0.07914,-0.04792,0.66726,-83.20621,-24.22474,-12.31151
74944000000,-1170.63045,-959.76651,-189.14937,0.73733,-0.07859,-0.04799,0.66923,-83.24432,-24.39333,-12.33390
75010000000,-1176.09673,-961.55545,-189.97502,0.73500,-0.07856,-0.04771,0.67181,-83.38305,-24.44992,-12.37134
75076000000,-1181.80547,-962.42289,-190.77464,0.73226,-0.07979,-0.04646,0.67474,-83.70613,-23.74540,-12.38801
75142000000,-1187.34242,-963.96054,-191.59244,0.73001,-0.08000,-0.04605,0.67717,-83.85591,-23.63194,-12.41145
75208000000,-1192.97282,-965.03254,-192.38659,0.72789,-0.08080,-0.04515,0.67942,-84.07616,-23.11226,-12.41806
75274000000,-1198.49260,-966.37936,-193.18240,0.72595,-0.08118,-0.04441,0.68149,-84.19932,-22.84523,-12.42557
75307000000,-1201.16491,-967.19165,-193.56260,0.72508,-0.08105,-0.04428,0.68244,-84.18916,-22.83140,-12.41611
75340000000,-1203.86121,-967.96629,-193.94869,0.72423,-0.08098,-0.04411,0.68337,-84.19938,-22.78750,-12.41174
75373000000,-1206.62306,-968.59572,-194.34484,0.72334,-0.08122,-0.04362,0.68431,-84.25582,-22.61023,-12.41321
75406000000,-1209.44665,-969.03611,-194.73024,0.72248,-0.08163,-0.04316,0.68520,-84.36509,-22.27098,-12.40431
75439000000,-1212.14045,-969.88075,-195.13231,0.72165,-0.08148,-0.04285,0.68611,-84.35521,-22.31049,-12.41088
75505000000,-1217.56199,-971.99890,-195.97394,0.72023,-0.08056,-0.04323,0.68768,-84.37519,-22.76241,-12.45387
75538000000,-1220.39437,-972.74830,-196.40191,0.71947,-0.08064,-0.04308,0.68847,-84.48831,-22.69892,-12.48186
75637000000,-1228.81339,-975.77864,-197.73414,0.71744,-0.07991,-0.04343,0.69066,-84.75106,-23.14266,-12.59625
75703000000,-1234.65226,-976.55994,-198.58562,0.71609,-0.08120,-0.04220,0.69198,-85.09625,-22.39550,-12.64375
75736000000,-1237.56652,-976.68478,-198.97430,0.71547,-0.08198,-0.04140,0.69259,-85.25226,-21.83201,-12.63742
75802000000,-1242.97936,-978.90164,-199.81443,0.71446,-0.08097,-0.04183,0.69372,-85.23600,-22.31394,-12.66737
75835000000,-1245.94728,-978.88260,-200.20547,0.71390,-0.08194,-0.04110,0.69422,-85.42151,-21.67848,-12.66250
75868000000,-1248.87240,-978.90703,-200.59734,0.71326,-0.08289,-0.03999,0.69483,-85.57277,-21.06487,-12.65707
75934000000,-1254.34292,-980.52207,-201.39599,0.71229,-0.08243,-0.03996,0.69588,-85.58341,-21.11305,-12.65711
76000000000,-1259.85897,-982.34289,-202.24077,0.71139,-0.08194,-0.03989,0.69687,-85.62799,-21.32484,-12.68917
76033000000,-1262.72185,-982.74923,-202.63943,0.71099,-0.08235,-0.03953,0.69725,-85.72745,-21.03734,-12.68791
76066000000,-1265.52076,-983.31450,-203.02983,0.71060,-0.08243,-0.03941,0.69764,-85.77815,-20.88120,-12.68108
76132000000,-1271.06357,-985.10850,-203.86923,0.70982,-0.08186,-0.03953,0.69849,-85.84111,-21.05538,-12.70813
76165000000,-1274.01347,-985.18879,-204.27448,0.70934,-0.08264,-0.03866,0.69893,-85.99695,-20.52572,-12.71333
76198000000,-1276.79429,-985.80936,-204.66456,0.70902,-0.08261,-0.03851,0.69927,-86.02674,-20.42288,-12.70602
76264000000,-1282.32847,-987.72217,-205.50975,0.70841,-0.08186,-0.03878,0.69997,-86.07237,-20.69979,-12.73306
76297000000,-1285.33943,-987.59692,-205.91154,0.70796,-0.08297,-0.03774,0.70034,-86.27569,-19.99229,-12.73461
76330000000,-1288.19700,-987.91406,-206.29778,0.70766,-0.08332,-0.03730,0.70063,-86.35410,-19.66283,-12.72165
76363000000,-1290.93100,-988.65390,-206.68956,0.70736,-0.08311,-0.03722,0.70096,-86.33940,-19.66989,-12.71362
76396000000,-1293.73665,-989.17708,-207.08111,0.70706,-0.08318,-0.03695,0.70127,-86.37822,-19.51444,-12.70805
76429000000,-1296.64281,-989.35519,-207.46848,0.70674,-0.08368,-0.03633,0.70157,-86.48735,-19.11392,-12.69893
76495000000,-1302.28352,-990.55946,-208.27769,0.70615,-0.08363,-0.03610,0.70218,-86.58178,-18.94968,-12.70645
76594000000,-1310.95572,-991.84201,-209.51753,0.70537,-0.08426,-0.03499,0.70294,-86.85905,-18.34233,-12.73705
76627000000,-1313.79278,-992.30797,-209.90610,0.70514,-0.08437,-0.03482,0.70316,-86.91007,-18.18152,-12.72787
76693000000,-1319.54343,-993.25635,-210.72712,0.70465,-0.08475,-0.03423,0.70365,-87.06034,-17.86677,-12.74041
76726000000,-1322.39857,-993.72971,-211.12730,0.70445,-0.08476,-0.03401,0.70385,-87.11817,-17.71779,-12.74111
76759000000,-1325.20945,-994.33950,-211.52830,0.70426,-0.08471,-0.03400,0.70405,-87.14548,-17.67258,-12.74019
76792000000,-1327.72714,-996.03135,-211.95742,0.70411,-0.08338,-0.03476,0.70432,-86.96616,-18.41185,-12.75499
76825000000,-1330.48810,-997.16636,-212.39133,0.70396,-0.08276,-0.03518,0.70452,-86.96461,-18.72326,-12.77722
76858000000,-1333.43631,-997.44356,-212.81013,0.70369,-0.08316,-0.03465,0.70477,-87.09442,-18.39378,-12.78919
76924000000,-1339.20739,-998.47504,-213.64367,0.70326,-0.08335,-0.03444,0.70519,-87.25132,-18.13268,-12.80995
76957000000,-1342.10002,-998.89560,-214.05657,0.70308,-0.08361,-0.03408,0.70535,-87.33272,-17.91152,-12.81596
76990000000,-1344.97631,-999.36145,-214.46144,0.70293,-0.08371,-0.03387,0.70551,-87.39696,-17.74100,-12.81526
77056000000,-1350.98242,-1003.17391,-215.62002,0.70276,-0.08095,-0.03659,0.70586,-87.75432,-19.88643,-13.09941
77155000000,-1360.50670,-1006.08221,-217.27312,0.70233,-0.08082,-0.03775,0.70624,-88.63027,-20.44351,-13.41768
77221000000,-1366.51530,-1006.39422,-218.15357,0.70190,-0.08234,-0.03626,0.70657,-88.90762,-19.40327,-13.44192
77320000000,-1375.27836,-1009.00800,-219.51330,0.70160,-0.08159,-0.03678,0.70692,-89.09164,-19.78822,-13.50253
77419000000,-1384.30192,-1009.44917,-220.82303,0.70116,-0.08350,-0.03477,0.70725,-89.46297,-18.33423,-13.52466
77452000000,-1387.25576,-1009.23666,-221.19713,0.70103,-0.08442,-0.03378,0.70731,-89.53160,-17.60347,-13.48220
77485000000,-1390.14276,-1009.44299,-221.58736,0.70091,-0.08480,-0.03313,0.70741,-89.53485,-17.17780,-13.44515
77518000000,-1392.97958,-1009.90199,-221.98407,0.70081,-0.08475,-0.03273,0.70754,-89.47644,-16.99472,-13.40728
77551000000,-1395.71262,-1010.71653,-222.37161,0.70073,-0.08404,-0.03301,0.70769,-89.31728,-17.20324,-13.36198
77584000000,-1398.60096,-1011.10269,-222.78146,0.70059,-0.08429,-0.03248,0.70782,-89.31745,-16.92291,-13.34055
77650000000,-1404.39382,-1012.27441,-223.63675,0.70043,-0.08402,-0.03214,0.70803,-89.33428,-16.86174,-13.33755
77683000000,-1407.31269,-1012.60722,-224.04839,0.70033,-0.08425,-0.03167,0.70812,-89.36968,-16.54281,-13.31849
77716000000,-1410.19438,-1013.13676,-224.47166,0.70023,-0.08424,-0.03126,0.70824,-89.36110,-16.45852,-13.31344
77782000000,-1416.00764,-1014.99982,-225.37780,0.70020,-0.08286,-0.03215,0.70840,-89.40984,-17.18961,-13.36855
77815000000,-1419.04224,-1015.12264,-225.82459,0.70002,-0.08374,-0.03116,0.70851,-89.57561,-16.59870,-13.39042
77848000000,-1422.02026,-1015.27983,-226.24349,0.69991,-0.08429,-0.03048,0.70858,-89.66722,-16.08781,-13.37822
77914000000,-1427.91138,-1016.16290,-227.11064,0.69976,-0.08454,-0.02966,0.70874,-89.76952,-15.74868,-13.38771
78013000000,-1436.80509,-1019.09490,-228.52865,0.69977,-0.08259,-0.03140,0.70888,-89.98440,-17.02043,-13.52150
78079000000,-1442.87451,-1019.56426,-229.42968,0.69956,-0.08400,-0.03010,0.70898,-90.27314,-16.11754,-13.55954
78112000000,-1445.99474,-1019.13107,-229.85075,0.69938,-0.08564,-0.02863,0.70902,-90.49798,-14.95087,-13.54553
78145000000,-1449.02417,-1019.17606,-230.27838,0.69924,-0.08652,-0.02748,0.70910,-90.62429,-14.25728,-13.53253
78211000000,-1454.84801,-1020.35636,-231.13730,0.69924,-0.08579,-0.02763,0.70918,-90.56046,-14.43354,-13.51404
78244000000,-1457.86417,-1020.46023,-231.55858,0.69914,-0.08643,-0.02698,0.70922,-90.66113,-13.90910,-13.49865
78277000000,-1460.81839,-1020.78504,-231.98584,0.69907,-0.08661,-0.02647,0.70929,-90.68230,-13.67628,-13.48977
78310000000,-1463.71310,-1021.32120,-232.40433,0.69902,-0.08632,-0.02648,0.70938,-90.63449,-13.71054,-13.47175
78343000000,-1466.64670,-1021.71207,-232.82407,0.69899,-0.08630,-0.02626,0.70942,-90.63820,-13.57405,-13.45552
78409000000,-1472.40901,-1023.31401,-233.69610,0.69898,-0.08505,-0.02703,0.70955,-90.54432,-14.20559,-13.46040
78442000000,-1475.51714,-1022.96675,-234.12061,0.69890,-0.08650,-0.02562,0.70950,-90.73698,-13.25394,-13.45241
78475000000,-1478.51423,-1023.15546,-234.53905,0.69898,-0.08677,-0.02525,0.70941,-90.80198,-12.93563,-13.43789
78508000000,-1481.34991,-1023.96954,-234.97464,0.69924,-0.08603,-0.02540,0.70923,-90.69473,-13.29614,-13.43943
78541000000,-1484.22507,-1024.82618,-235.41016,0.69967,-0.08525,-0.02591,0.70888,-90.63744,-13.66963,-13.44175
78574000000,-1487.18958,-1025.34147,-235.85012,0.70018,-0.08510,-0.02600,0.70840,-90.67167,-13.67412,-13.44973
78640000000,-1493.16053,-1026.92128,-236.78176,0.70171,-0.08407,-0.02682,0.70697,-90.77699,-14.16616,-13.51332
78706000000,-1499.25023,-1028.05522,-237.72049,0.70347,-0.08390,-0.02717,0.70524,-90.98349,-14.16794,-13.58057
78739000000,-1502.38700,-1027.60084,-238.14977,0.70429,-0.08507,-0.02621,0.70431,-91.15868,-13.28734,-13.58353
78805000000,-1508.45075,-1027.85339,-239.02697,0.70585,-0.08580,-0.02531,0.70269,-91.32783,-12.58699,-13.59733
78838000000,-1511.42538,-1028.03618,-239.44156,0.70661,-0.08596,-0.02505,0.70192,-91.35853,-12.31830,-13.58210
78871000000,-1514.39165,-1028.25619,-239.86836,0.70730,-0.08619,-0.02458,0.70121,-91.37836,-12.08304,-13.57671
78904000000,-1517.39048,-1028.36097,-240.28129,0.70800,-0.08639,-0.02440,0.70048,-91.42636,-11.76153,-13.56094
78937000000,-1520.24921,-1029.26134,-240.72922,0.70875,-0.08549,-0.02463,0.69983,-91.34886,-12.15808,-13.57190
79003000000,-1526.25992,-1031.41940,-241.70930,0.71016,-0.08388,-0.02612,0.69853,-91.46624,-13.18754,-13.66453
79036000000,-1529.44506,-1032.06790,-242.23026,0.71079,-0.08376,-0.02642,0.69790,-91.67076,-13.29702,-13.73533
79069000000,-1532.59652,-1032.42673,-242.72573,0.71138,-0.08397,-0.02633,0.69728,-91.83713,-13.16297,-13.78293
79102000000,-1535.69654,-1032.42477,-243.17867,0.71195,-0.08444,-0.02594,0.69665,-91.95420,-12.74834,-13.79637
79135000000,-1538.73674,-1032.44955,-243.60991,0.71248,-0.08478,-0.02554,0.69609,-92.02132,-12.37212,-13.79330
79168000000,-1541.72691,-1033.21730,-244.08367,0.71302,-0.08428,-0.02565,0.69559,-92.04880,-12.59717,-13.82002
79201000000,-1544.78724,-1033.85149,-244.55886,0.71355,-0.08406,-0.02593,0.69506,-92.13271,-12.70286,-13.84735
79234000000,-1547.87349,-1033.81838,-245.00508,0.71402,-0.08450,-0.02542,0.69455,-92.23029,-12.28359,-13.85326
79300000000,-1554.00653,-1033.84754,-245.89354,0.71490,-0.08536,-0.02431,0.69357,-92.39068,-11.49234,-13.86143
79333000000,-1557.04607,-1033.60397,-246.30303,0.71533,-0.08597,-0.02364,0.69308,-92.44333,-10.91452,-13.83893
79366000000,-1559.97237,-1033.97567,-246.72779,0.71578,-0.08580,-0.02335,0.69264,-92.39614,-10.85484,-13.82405
79399000000,-1562.90007,-1034.49429,-247.15246,0.71625,-0.08544,-0.02344,0.69219,-92.35733,-10.92454,-13.81036
79432000000,-1565.90413,-1034.58579,-247.57237,0.71667,-0.08567,-0.02318,0.69174,-92.38230,-10.63019,-13.79636
79498000000,-1571.86954,-1036.30335,-248.49989,0.71757,-0.08444,-0.02419,0.69093,-92.40760,-11.29883,-13.83217
79564000000,-1578.03221,-1037.46511,-249.45881,0.71836,-0.08398,-0.02455,0.69014,-92.58240,-11.47582,-13.89304
79630000000,-1584.23259,-1037.63822,-250.38020,0.71899,-0.08468,-0.02383,0.68944,-92.77636,-10.87267,-13.92535
79663000000,-1587.30978,-1037.47255,-250.81832,0.71927,-0.08529,-0.02307,0.68909,-92.84830,-10.36226,-13.92360
79696000000,-1590.34638,-1037.40153,-251.23930,0.71957,-0.08565,-0.02259,0.68875,-92.88700,-9.95502,-13.90740
79729000000,-1593.36362,-1037.50900,-251.67097,0.71985,-0.08581,-0.02214,0.68845,-92.90114,-9.66557,-13.89397
79762000000,-1596.37890,-1037.62831,-252.09712,0.72017,-0.08604,-0.02184,0.68810,-92.91361,-9.40313,-13.87636
79828000000,-1602.42963,-1038.30050,-252.99284,0.72077,-0.08576,-0.02170,0.68750,-92.95446,-9.31504,-13.88058
79861000000,-1605.44812,-1038.47995,-253.42379,0.72098,-0.08588,-0.02145,0.68728,-92.96904,-9.11942,-13.86773
79894000000,-1608.43878,-1038.88183,-253.86159,0.72128,-0.08561,-0.02148,0.68700,-92.95877,-9.14348,-13.86241
79960000000,-1614.49900,-1039.87607,-254.77451,0.72181,-0.08499,-0.02184,0.68651,-93.01562,-9.35095,-13.88581
80026000000,-1620.70949,-1041.41702,-255.77064,0.72229,-0.08395,-0.02267,0.68610,-93.20480,-10.02707,-13.97838
80059000000,-1623.87849,-1041.54695,-256.25473,0.72250,-0.08426,-0.02254,0.68584,-93.34564,-9.78304,-14.01152
80092000000,-1626.99477,-1041.61314,-256.71888,0.72267,-0.08466,-0.02214,0.68564,-93.44247,-9.44950,-14.02760
80158000000,-1633.21415,-1043.07422,-257.69759,0.72325,-0.08357,-0.02326,0.68511,-93.61852,-10.14770,-14.09816
80191000000,-1636.38896,-1043.30784,-258.18844,0.72356,-0.08388,-0.02321,0.68475,-93.76638,-9.99266,-14.13527
80224000000,-1639.52351,-1043.15887,-258.64936,0.72384,-0.08466,-0.02244,0.68438,-93.86604,-9.41582,-14.14145
80257000000,-1642.59715,-1043.27110,-259.09652,0.72429,-0.08486,-0.02217,0.68389,-93.89731,-9.15419,-14.13231
80290000000,-1645.66588,-1043.44274,-259.54688,0.72487,-0.08507,-0.02186,0.68327,-93.91414,-8.93610,-14.12280
80323000000,-1648.72723,-1043.66002,-259.99443,0.72565,-0.08509,-0.02176,0.68243,-93.92007,-8.79005,-14.10963
80389000000,-1654.89075,-1044.56094,-260.93274,0.72779,-0.08434,-0.02222,0.68023,-93.97733,-9.08336,-14.13655
80455000000,-1661.14435,-1045.59486,-261.89955,0.73069,-0.08368,-0.02316,0.67716,-94.13036,-9.47326,-14.19330
80521000000,-1667.41805,-1045.92733,-262.84650,0.73449,-0.08400,-0.02315,0.67301,-94.28094,-9.05548,-14.22333
80554000000,-1670.58811,-1045.23386,-263.29841,0.73662,-0.08547,-0.02182,0.67053,-94.38514,-7.86728,-14.21488
80587000000,-1673.57203,-1045.95600,-263.73212,0.73916,-0.08461,-0.02279,0.66781,-94.28523,-8.31964,-14.18532
80653000000,-1679.75758,-1047.00699,-264.68883,0.74476,-0.08342,-0.02375,0.66168,-94.31825,-8.75758,-14.22349
80686000000,-1682.89069,-1047.28677,-265.15410,0.74788,-0.08346,-0.02424,0.65812,-94.37655,-8.68848,-14.22776
80752000000,-1689.14097,-1047.43133,-266.08091,0.75506,-0.08385,-0.02431,0.64982,-94.46251,-8.06482,-14.22934
80785000000,-1692.25767,-1047.26636,-266.53279,0.75921,-0.08444,-0.02397,0.64490,-94.48552,-7.42873,-14.21443
80851000000,-1698.42830,-1047.85848,-267.45526,0.76895,-0.08370,-0.02517,0.63331,-94.44170,-7.44500,-14.20567
80884000000,-1701.50090,-1048.26628,-267.91454,0.77452,-0.08317,-0.02604,0.62652,-94.39797,-7.60894,-14.19846
80983000000,-1710.84300,-1048.81552,-269.30336,0.79406,-0.08268,-0.02828,0.60153,-94.41571,-7.15929,-14.19152
81016000000,-1713.96834,-1048.56579,-269.75714,0.80150,-0.08334,-0.02836,0.59147,-94.42581,-6.41750,-14.17790
81082000000,-1720.12883,-1049.28524,-270.68682,0.81777,-0.08150,-0.03084,0.56891,-94.29870,-6.77080,-14.17319
81115000000,-1723.23543,-1049.30733,-271.13755,0.82628,-0.08174,-0.03171,0.55639,-94.27464,-6.34632,-14.14499
81181000000,-1729.43882,-1049.63877,-272.05789,0.84434,-0.08084,-0.03410,0.52857,-94.22701,-6.09629,-14.12104
81214000000,-1732.53811,-1049.70267,-272.51236,0.85331,-0.08068,-0.03515,0.51393,-94.24118,-5.83223,-14.10291
81280000000,-1738.71125,-1050.32370,-273.44012,0.87052,-0.07851,-0.03805,0.48433,-94.20396,-6.25387,-14.10191
81313000000,-1741.80019,-1050.68171,-273.90723,0.87873,-0.07726,-0.03948,0.46937,-94.20242,-6.53315,-14.10843
81379000000,-1748.01985,-1051.28348,-274.84570,0.89430,-0.07530,-0.04226,0.43906,-94.21896,-6.79503,-14.12624
81445000000,-1754.26776,-1051.89434,-275.79510,0.90976,-0.07317,-0.04503,0.40615,-94.23326,-7.01076,-14.15384
81511000000,-1760.54130,-1052.55971,-276.75476,0.92414,-0.07076,-0.04800,0.37237,-94.31828,-7.33829,-14.19898
81577000000,-1766.91549,-1053.49666,-277.75658,0.93712,-0.06767,-0.05105,0.33856,-94.55390,-8.08924,-14.31123
81610000000,-1770.08514,-1053.12795,-278.23093,0.94283,-0.06893,-0.05159,0.32195,-94.64287,-6.82621,-14.31731
81643000000,-1773.20299,-1053.02458,-278.69030,0.94798,-0.06909,-0.05223,0.30631,-94.64807,-6.13673,-14.29895
81676000000,-1776.29992,-1053.09629,-279.14695,0.95271,-0.06870,-0.05307,0.29122,-94.59887,-5.83425,-14.26945
81742000000,-1782.48509,-1053.72757,-280.07911,0.96134,-0.06589,-0.05518,0.26160,-94.46590,-6.23172,-14.25073
81775000000,-1785.58376,-1054.07480,-280.54787,0.96517,-0.06453,-0.05616,0.24723,-94.41890,-6.48270,-14.24781
81808000000,-1788.74114,-1054.67242,-281.04297,0.96883,-0.06224,-0.05747,0.23278,-94.49563,-7.22810,-14.29733
81841000000,-1791.90331,-1054.86083,-281.52996,0.97212,-0.06162,-0.05830,0.21861,-94.58238,-7.08500,-14.33055
81907000000,-1798.19508,-1055.50474,-282.49740,0.97789,-0.05918,-0.06002,0.19140,-94.68030,-7.39903,-14.37777
81973000000,-1804.46274,-1055.72956,-283.44864,0.98238,-0.05865,-0.06126,0.16654,-94.71639,-6.74492,-14.38511
82006000000,-1807.58215,-1056.03528,-283.92344,0.98426,-0.05779,-0.06203,0.15509,-94.70045,-6.89504,-14.38613
82039000000,-1810.74485,-1055.56790,-284.38956,0.98578,-0.05964,-0.06204,0.14435,-94.78370,-5.21909,-14.36954
82072000000,-1813.85024,-1055.54482,-284.84672,0.98718,-0.05973,-0.06240,0.13424,-94.72673,-4.71188,-14.33103
82138000000,-1820.03793,-1055.96091,-285.77501,0.98953,-0.05798,-0.06323,0.11605,-94.57927,-4.83608,-14.29781
82171000000,-1823.14562,-1055.89460,-286.23392,0.99041,-0.05830,-0.06344,0.10801,-94.54124,-4.24890,-14.27066
82204000000,-1826.23839,-1055.97545,-286.69086,0.99117,-0.05800,-0.06379,0.10072,-94.47360,-4.04913,-14.24103
82237000000,-1829.34148,-1055.98138,-287.15125,0.99179,-0.05802,-0.06398,0.09431,-94.43287,-3.68763,-14.22175
82270000000,-1832.38218,-1056.47122,-287.61013,0.99240,-0.05596,-0.06430,0.08872,-94.25009,-4.48283,-14.19821
82303000000,-1835.46877,-1057.00771,-288.08446,0.99286,-0.05475,-0.06480,0.08389,-94.18968,-5.39881,-14.21684
82336000000,-1838.58223,-1056.95743,-288.54777,0.99319,-0.05465,-0.06471,0.08001,-94.20221,-4.69735,-14.20601
82369000000,-1841.67658,-1057.05991,-289.01116,0.99344,-0.05455,-0.06471,0.07695,-94.16662,-4.47752,-14.19790
82402000000,-1844.77224,-1057.59323,-289.48644,0.99368,-0.05262,-0.06494,0.07496,-94.13757,-5.37684,-14.21928
82468000000,-1850.96571,-1058.31727,-290.43088,0.99373,-0.05236,-0.06566,0.07386,-94.10966,-6.07495,-14.24661
82501000000,-1854.11733,-1057.98432,-290.90039,0.99364,-0.05303,-0.06492,0.07520,-94.21844,-4.73563,-14.25333
82534000000,-1857.24765,-1058.50958,-291.38803,0.99352,-0.05178,-0.06486,0.07759,-94.28973,-5.44674,-14.29972
82600000000,-1863.47329,-1058.86404,-292.33254,0.99302,-0.05209,-0.06430,0.08409,-94.36529,-5.27243,-14.32176
82633000000,-1866.60869,-1058.55942,-292.80139,0.99259,-0.05413,-0.06391,0.08802,-94.44576,-4.14936,-14.32590
82699000000,-1872.83386,-1058.55920,-293.73497,0.99174,-0.05549,-0.06319,0.09690,-94.49177,-3.44037,-14.32338
82732000000,-1875.91574,-1058.68859,-294.19627,0.99128,-0.05563,-0.06275,0.10162,-94.45019,-3.39702,-14.30890
82798000000,-1882.13521,-1058.66814,-295.12769,0.99026,-0.05680,-0.06194,0.11100,-94.47907,-2.79207,-14.30176
82831000000,-1885.22365,-1058.65097,-295.58596,0.98974,-0.05733,-0.06148,0.11553,-94.45189,-2.51570,-14.28439
82897000000,-1891.37456,-1060.42110,-296.53365,0.98881,-0.05477,-0.06254,0.12385,-94.35120,-5.44218,-14.30450
82963000000,-1897.69981,-1060.69389,-297.52476,0.98818,-0.05360,-0.06138,0.12981,-94.53339,-5.24832,-14.39163
82996000000,-1900.86896,-1060.08824,-297.99585,0.98806,-0.05563,-0.06086,0.13014,-94.62968,-3.66239,-14.38214
83029000000,-1903.99370,-1060.15431,-298.46995,0.98814,-0.05589,-0.06088,0.12944,-94.65285,-3.50236,-14.38612
83062000000,-1907.10693,-1059.95853,-298.93173,0.98824,-0.05672,-0.06066,0.12840,-94.64920,-2.77756,-14.36285
83095000000,-1910.19681,-1060.50429,-299.40549,0.98850,-0.05492,-0.06080,0.12710,-94.59969,-3.65683,-14.36688
83128000000,-1913.31961,-1060.60492,-299.87959,0.98874,-0.05485,-0.06087,0.12525,-94.61878,-3.57550,-14.37191
83161000000,-1916.45779,-1060.02898,-300.34489,0.98894,-0.05720,-0.06053,0.12273,-94.66803,-2.02745,-14.35891
83227000000,-1922.66875,-1061.12719,-301.29915,0.98982,-0.05357,-0.06120,0.11676,-94.63094,-3.79731,-14.37522
83260000000,-1925.79177,-1061.25274,-301.77360,0.99028,-0.05324,-0.06134,0.11288,-94.64608,-3.76739,-14.37784
83326000000,-1932.03700,-1061.58499,-302.72378,0.99130,-0.05245,-0.06180,0.10368,-94.71897,-3.88180,-14.38952
83359000000,-1935.16327,-1061.70911,-303.19891,0.99186,-0.05204,-0.06205,0.09825,-94.74765,-3.85307,-14.39408
83425000000,-1941.44696,-1061.74350,-304.15555,0.99297,-0.05158,-0.06245,0.08634,-94.86230,-3.38919,-14.41489
83458000000,-1944.58160,-1061.25021,-304.62179,0.99340,-0.05321,-0.06241,0.08019,-94.88808,-2.13096,-14.39828
83524000000,-1950.80008,-1061.60953,-305.55913,0.99434,-0.05167,-0.06291,0.06831,-94.83000,-2.48480,-14.37806
83590000000,-1957.03803,-1061.88293,-306.50886,0.99512,-0.05032,-0.06326,0.05666,-94.72920,-2.62721,-14.37308
83623000000,-1960.16776,-1062.20123,-306.98813,0.99547,-0.04925,-0.06364,0.05072,-94.68726,-3.03479,-14.37633
83656000000,-1963.29623,-1061.78749,-307.45250,0.99568,-0.05061,-0.06382,0.04447,-94.65541,-1.95784,-14.35365
83722000000,-1969.83039,-1063.68637,-308.51600,0.99628,-0.04452,-0.06503,0.03477,-95.13454,-4.98433,-14.56400
83788000000,-1976.18206,-1063.50831,-309.50678,0.99645,-0.04554,-0.06521,0.02776,-95.23390,-3.99601,-14.61735
83854000000,-1982.02804,-1068.76361,-310.55040,0.99672,-0.03794,-0.06833,0.02079,-94.47919,-12.35479,-14.74605
83887000000,-1985.76540,-1065.15767,-310.99667,0.99680,-0.04143,-0.06584,0.01860,-95.44004,-5.88973,-14.68382
83920000000,-1988.92890,-1064.82531,-311.52833,0.99666,-0.04442,-0.06667,0.01555,-95.45059,-4.94294,-14.76472
83986000000,-1995.28422,-1064.93334,-312.48761,0.99681,-0.04295,-0.06627,0.01155,-95.56820,-4.51802,-14.75191
84052000000,-2001.53729,-1065.52809,-313.48066,0.99680,-0.04325,-0.06678,0.00829,-95.53406,-4.83869,-14.79197
84085000000,-2004.73280,-1064.73061,-313.96634,0.99674,-0.04509,-0.06646,0.00728,-95.60250,-3.32248,-14.79243
84118000000,-2007.83430,-1064.17018,-314.41178,0.99674,-0.04592,-0.06601,0.00676,-95.55376,-2.24661,-14.73693
84184000000,-2014.02681,-1065.06416,-315.34862,0.99686,-0.04364,-0.06569,0.00725,-95.42867,-3.26409,-14.69479
84217000000,-2017.18688,-1065.43174,-315.83691,0.99688,-0.04291,-0.06567,0.00826,-95.47023,-3.61955,-14.70651
84316000000,-2026.79380,-1066.28593,-317.34012,0.99689,-0.04165,-0.06569,0.01261,-95.78756,-4.20977,-14.79714
84349000000,-2029.96223,-1066.10345,-317.83773,0.99684,-0.04258,-0.06558,0.01431,-95.78741,-3.68693,-14.81237
84382000000,-2033.07345,-1065.63538,-318.30780,0.99676,-0.04413,-0.06533,0.01603,-95.70861,-2.73304,-14.78708
84415000000,-2036.17367,-1066.12087,-318.77826,0.99679,-0.04317,-0.06505,0.01798,-95.60880,-3.26107,-14.76258
84448000000,-2039.29975,-1065.73991,-319.27111,0.99669,-0.04513,-0.06506,0.01858,-95.55161,-2.43069,-14.77070
84481000000,-2042.40421,-1065.33744,-319.72378,0.99667,-0.04597,-0.06475,0.01864,-95.44987,-1.51896,-14.71032
84514000000,-2045.47070,-1065.29904,-320.17905,0.99668,-0.04612,-0.06447,0.01870,-95.28174,-1.31991,-14.65868
84547000000,-2048.56530,-1064.96504,-320.63895,0.99664,-0.04717,-0.06431,0.01866,-95.17949,-0.59363,-14.61862
84580000000,-2051.62855,-1064.99459,-321.09531,0.99666,-0.04705,-0.06405,0.01868,-95.08084,-0.57299,-14.58000
84613000000,-2054.73044,-1064.21685,-321.54550,0.99660,-0.04885,-0.06374,0.01840,-95.05444,0.89911,-14.53364
84646000000,-2057.77713,-1064.52662,-322.00206,0.99663,-0.04828,-0.06373,0.01807,-94.93201,0.36850,-14.50037
84712000000,-2063.99160,-1064.34157,-322.93951,0.99666,-0.04836,-0.06347,0.01717,-94.90392,0.70798,-14.48155
84745000000,-2067.04307,-1064.82486,-323.39966,0.99675,-0.04699,-0.06336,0.01658,-94.80904,-0.02695,-14.45972
84811000000,-2073.27340,-1065.26433,-324.35053,0.99684,-0.04559,-0.06332,0.01464,-94.82313,-0.58923,-14.46384
84877000000,-2080.11314,-1067.59847,-325.50612,0.99704,-0.04038,-0.06427,0.01217,-95.64336,-3.57010,-14.73649
84943000000,-2086.47970,-1066.97448,-326.50695,0.99699,-0.04202,-0.06463,0.00830,-95.66103,-2.35786,-14.77070
84976000000,-2089.59534,-1064.74089,-326.98390,0.99687,-0.04643,-0.06367,0.00603,-95.54323,1.20706,-14.75329
85042000000,-2095.73523,-1066.86013,-327.89874,0.99704,-0.04213,-0.06423,0.00303,-95.24763,-1.72327,-14.66855
85075000000,-2098.86017,-1065.23692,-328.36867,0.99691,-0.04553,-0.06396,0.00198,-95.19932,0.76589,-14.65070
85108000000,-2101.89014,-1065.49534,-328.81061,0.99692,-0.04527,-0.06408,0.00107,-95.02560,0.41936,-14.59283
85174000000,-2108.07884,-1065.53727,-329.74509,0.99695,-0.04482,-0.06389,-0.00046,-94.86651,0.41567,-14.55461
85207000000,-2111.14919,-1065.35350,-330.20594,0.99695,-0.04504,-0.06375,-0.00126,-94.76128,0.69598,-14.52891
85273000000,-2117.46956,-1067.05500,-331.19722,0.99711,-0.04116,-0.06385,-0.00245,-94.80317,-1.44534,-14.56605
85306000000,-2120.61222,-1066.27324,-331.67933,0.99703,-0.04286,-0.06395,-0.00340,-94.80212,-0.29926,-14.56768
85339000000,-2123.70972,-1066.23835,-332.15363,0.99703,-0.04291,-0.06388,-0.00414,-94.73618,-0.19831,-14.56008
85405000000,-2129.92652,-1065.89351,-333.10025,0.99701,-0.04337,-0.06374,-0.00561,-94.64938,0.34252,-14.54382
85438000000,-2133.03983,-1064.99221,-333.57861,0.99697,-0.04472,-0.06331,-0.00634,-94.63007,1.62116,-14.54524
85504000000,-2139.39210,-1067.33120,-334.57362,0.99713,-0.03996,-0.06382,-0.00731,-94.76760,-1.40692,-14.59066
85570000000,-2145.68127,-1066.69707,-335.54398,0.99705,-0.04135,-0.06400,-0.00869,-94.81316,-0.35554,-14.60466
85603000000,-2148.77391,-1066.05150,-336.01735,0.99699,-0.04279,-0.06391,-0.00942,-94.76096,0.60252,-14.59680
85669000000,-2154.98895,-1066.96696,-337.00482,0.99700,-0.04192,-0.06418,-0.01072,-94.70551,-0.69409,-14.63412
85702000000,-2158.11111,-1066.03626,-337.45577,0.99699,-0.04274,-0.06366,-0.01117,-94.69712,0.87569,-14.58689
85735000000,-2161.18601,-1065.84653,-337.91815,0.99698,-0.04302,-0.06353,-0.01169,-94.60689,1.17858,-14.55725
85768000000,-2164.26679,-1065.53460,-338.38251,0.99695,-0.04372,-0.06343,-0.01219,-94.51281,1.71349,-14.52828
85834000000,-2170.40049,-1064.29003,-339.31486,0.99695,-0.04535,-0.06219,-0.01276,-94.28260,3.95990,-14.48205
85867000000,-2173.48170,-1065.85687,-339.77795,0.99707,-0.04146,-0.06298,-0.01272,-94.23893,0.77499,-14.45522
85900000000,-2176.60592,-1065.78578,-340.25879,0.99706,-0.04164,-0.06305,-0.01274,-94.33111,0.92143,-14.47476
85933000000,-2179.71981,-1065.76216,-340.73694,0.99706,-0.04164,-0.06300,-0.01265,-94.39529,0.95328,-14.48762
85966000000,-2182.88243,-1066.06443,-341.23265,0.99712,-0.04037,-0.06300,-0.01234,-94.51556,0.27353,-14.53049
86065000000,-2192.24763,-1065.75155,-342.67324,0.99710,-0.04107,-0.06292,-0.01232,-94.45939,0.97406,-14.53175
86098000000,-2195.36086,-1065.68139,-343.15543,0.99710,-0.04114,-0.06290,-0.01228,-94.42129,1.08964,-14.53498
86131000000,-2198.45864,-1065.26246,-343.62161,0.99705,-0.04227,-0.06288,-0.01244,-94.38514,1.86470,-14.51088
86197000000,-2204.90268,-1066.71385,-344.65108,0.99722,-0.03784,-0.06304,-0.01209,-94.74232,-0.71967,-14.63617
86230000000,-2208.03004,-1066.61004,-345.13492,0.99720,-0.03822,-0.06309,-0.01209,-94.74387,-0.44819,-14.63975
86263000000,-2211.15158,-1065.85406,-345.62662,0.99712,-0.04030,-0.06312,-0.01218,-94.73495,0.90281,-14.65716
86329000000,-2217.36484,-1065.09949,-346.57439,0.99705,-0.04198,-0.06302,-0.01226,-94.66996,2.10432,-14.63168
86395000000,-2223.70183,-1066.58199,-347.56848,0.99724,-0.03787,-0.06278,-0.01178,-94.79254,-0.17053,-14.67334
86428000000,-2226.80858,-1065.24646,-348.04380,0.99711,-0.04098,-0.06289,-0.01205,-94.76186,1.82367,-14.66394
86461000000,-2229.85942,-1064.81650,-348.51369,0.99710,-0.04173,-0.06252,-0.01210,-94.65300,2.38193,-14.64763
86527000000,-2235.87356,-1060.69678,-349.39655,0.99696,-0.04716,-0.06086,-0.01202,-94.33343,7.72377,-14.54719
86560000000,-2238.84385,-1062.77731,-349.80737,0.99700,-0.04507,-0.06171,-0.01228,-94.15764,4.80617,-14.46065
86593000000,-2241.90242,-1062.72162,-350.26839,0.99702,-0.04477,-0.06159,-0.01217,-94.09097,4.71504,-14.44169
86626000000,-2244.93643,-1063.13739,-350.73503,0.99709,-0.04353,-0.06139,-0.01206,-93.99823,4.03139,-14.43141
86659000000,-2248.00104,-1063.65794,-351.20788,0.99716,-0.04208,-0.06128,-0.01189,-93.94880,3.24347,-14.42960
86725000000,-2254.55306,-1065.82385,-352.26912,0.99733,-0.03757,-0.06162,-0.01148,-94.35627,0.52723,-14.55643
86791000000,-2261.10923,-1066.14539,-353.32945,0.99733,-0.03683,-0.06208,-0.01148,-94.73845,0.19107,-14.67604
86824000000,-2264.31241,-1065.74235,-353.85391,0.99729,-0.03760,-0.06214,-0.01157,-94.82230,0.68460,-14.72393
86857000000,-2267.40329,-1064.84154,-354.33093,0.99723,-0.03935,-0.06207,-0.01171,-94.77219,1.84690,-14.71536
86890000000,-2270.50920,-1065.31925,-354.81009,0.99728,-0.03818,-0.06194,-0.01158,-94.74246,1.23000,-14.70890
86956000000,-2276.84134,-1065.66216,-355.79503,0.99732,-0.03723,-0.06201,-0.01146,-94.83377,0.79298,-14.72898
87022000000,-2283.32192,-1066.41093,-356.83162,0.99736,-0.03567,-0.06221,-0.01133,-95.08088,-0.03284,-14.80346
87055000000,-2286.39719,-1064.61479,-357.32162,0.99723,-0.03916,-0.06217,-0.01158,-95.00375,2.21062,-14.80981
87088000000,-2289.40478,-1064.69825,-357.77350,0.99726,-0.03882,-0.06185,-0.01150,-94.85051,2.06886,-14.76739
87154000000,-2295.57343,-1064.17083,-358.71517,0.99726,-0.03938,-0.06160,-0.01155,-94.73521,2.63116,-14.73174
87187000000,-2298.60294,-1063.93856,-359.17500,0.99727,-0.03957,-0.06131,-0.01157,-94.61906,2.84718,-14.70329
87253000000,-2304.76800,-1063.51294,-360.11421,0.99727,-0.03979,-0.06120,-0.01150,-94.51791,3.22265,-14.67011
87319000000,-2311.09421,-1064.90186,-361.10053,0.99739,-0.03675,-0.06117,-0.01118,-94.60974,1.48884,-14.69076
87385000000,-2317.36146,-1064.37369,-362.07530,0.99736,-0.03739,-0.06127,-0.01125,-94.63251,2.07852,-14.69988
87418000000,-2320.43212,-1063.61511,-362.55007,0.99731,-0.03869,-0.06121,-0.01138,-94.56593,2.96716,-14.69144
87484000000,-2326.69900,-1064.36858,-363.52901,0.99740,-0.03674,-0.06096,-0.01113,-94.58749,1.97276,-14.70447
87517000000,-2329.75159,-1062.67999,-364.00372,0.99729,-0.03974,-0.06091,-0.01138,-94.50540,3.92817,-14.69748
87583000000,-2336.13371,-1064.73430,-364.99804,0.99745,-0.03565,-0.06086,-0.01089,-94.65621,1.47995,-14.72314
87616000000,-2339.20332,-1063.22835,-365.48405,0.99734,-0.03844,-0.06089,-0.01113,-94.58856,3.30742,-14.72725
87682000000,-2345.38129,-1063.07114,-366.43245,0.99737,-0.03817,-0.06067,-0.01095,-94.50305,3.31639,-14.70219
87715000000,-2348.47200,-1063.24716,-366.91165,0.99740,-0.03751,-0.06059,-0.01093,-94.46279,2.98004,-14.69629
87748000000,-2351.68320,-1063.93369,-367.41533,0.99746,-0.03562,-0.06071,-0.01073,-94.59435,1.88002,-14.72407
87814000000,-2357.92767,-1063.40177,-368.39576,0.99743,-0.03657,-0.06069,-0.01081,-94.59130,2.58439,-14.74208
87847000000,-2360.99839,-1062.67942,-368.87453,0.99737,-0.03830,-0.06059,-0.01087,-94.50134,3.70780,-14.73139
87880000000,-2364.11085,-1063.17481,-369.35236,0.99744,-0.03665,-0.06050,-0.01066,-94.48926,2.75658,-14.71881
87946000000,-2370.34039,-1062.84611,-370.31917,0.99744,-0.03691,-0.06040,-0.01061,-94.47426,3.07610,-14.71516
87979000000,-2373.44684,-1062.78964,-370.80712,0.99745,-0.03671,-0.06026,-0.01056,-94.45284,3.04975,-14.72086
88045000000,-2379.62302,-1061.59589,-371.76648,0.99737,-0.03910,-0.06012,-0.01074,-94.35464,4.72654,-14.70553
88111000000,-2385.79312,-1060.85981,-372.72000,0.99734,-0.04013,-0.05987,-0.01078,-94.25130,5.52936,-14.68215
88210000000,-2395.08121,-1061.30159,-374.15990,0.99745,-0.03765,-0.05965,-0.01052,-94.17639,4.21595,-14.66569
88309000000,-2404.40940,-1061.05230,-375.59005,0.99747,-0.03719,-0.05973,-0.01040,-94.17421,4.10372,-14.64090
88375000000,-2410.62975,-1060.93011,-376.57103,0.99750,-0.03672,-0.05946,-0.01036,-94.16966,3.98828,-14.66315
88408000000,-2413.73292,-1060.69135,-377.05495,0.99749,-0.03703,-0.05946,-0.01037,-94.15921,4.17936,-14.66475
88441000000,-2416.77994,-1059.70073,-377.53648,0.99743,-0.03874,-0.05928,-0.01047,-94.07199,5.40607,-14.66368
88507000000,-2422.94201,-1059.46651,-378.48708,0.99746,-0.03842,-0.05910,-0.01039,-94.00222,5.32676,-14.64480
88540000000,-2426.01578,-1059.58386,-378.96317,0.99749,-0.03778,-0.05899,-0.01040,-93.96137,4.99469,-14.63749
88573000000,-2429.07843,-1059.13495,-379.43361,0.99747,-0.03834,-0.05891,-0.01049,-93.90499,5.43280,-14.62156
88606000000,-2432.13875,-1058.73106,-379.90526,0.99746,-0.03877,-0.05875,-0.01052,-93.84228,5.81903,-14.60750
88672000000,-2438.33617,-1058.96411,-380.86721,0.99753,-0.03724,-0.05867,-0.01036,-93.83939,5.04440,-14.60625
88705000000,-2441.42639,-1058.68481,-381.34254,0.99752,-0.03746,-0.05867,-0.01037,-93.82584,5.24235,-14.59985
88738000000,-2444.60988,-1059.31705,-381.84843,0.99758,-0.03573,-0.05873,-0.01026,-93.93764,4.21316,-14.63278
88771000000,-2447.28362,-1054.25745,-382.31234,0.99746,-0.04322,-0.05575,-0.01026,-93.27059,11.75302,-14.61182
88804000000,-2450.40863,-1055.65501,-382.70748,0.99736,-0.04256,-0.05788,-0.01072,-93.35759,8.78834,-14.46673
88870000000,-2456.73405,-1057.75999,-383.71176,0.99762,-0.03602,-0.05798,-0.01013,-93.59651,4.77228,-14.54124
88936000000,-2462.98918,-1057.49477,-384.68708,0.99761,-0.03578,-0.05821,-0.01012,-93.71425,4.77574,-14.57087
88969000000,-2466.10907,-1057.20849,-385.18893,0.99761,-0.03609,-0.05813,-0.01005,-93.75045,5.01453,-14.60481
89002000000,-2469.11584,-1055.66316,-385.65303,0.99753,-0.03878,-0.05766,-0.01019,-93.60508,7.27112,-14.57876
89035000000,-2472.17878,-1055.63427,-386.12486,0.99752,-0.03887,-0.05783,-0.01024,-93.55971,6.97968,-14.56618
89068000000,-2475.24202,-1055.52363,-386.59960,0.99754,-0.03851,-0.05775,-0.01019,-93.51806,6.84027,-14.55962
89101000000,-2478.28808,-1054.84156,-387.06831,0.99750,-0.03960,-0.05765,-0.01031,-93.44785,7.65742,-14.54173
89134000000,-2481.36157,-1055.00130,-387.54322,0.99755,-0.03847,-0.05759,-0.01024,-93.42513,7.03691,-14.53419
89167000000,-2484.44213,-1054.98866,-388.01816,0.99757,-0.03781,-0.05759,-0.01020,-93.41693,6.72760,-14.52885
89200000000,-2487.57104,-1055.31928,-388.50836,0.99762,-0.03642,-0.05764,-0.01007,-93.48308,5.92577,-14.54527
89299000000,-2496.81530,-1054.37403,-389.93418,0.99760,-0.03694,-0.05763,-0.01012,-93.45475,6.56806,-14.52953
89332000000,-2499.93921,-1054.58964,-390.43540,0.99764,-0.03599,-0.05754,-0.01008,-93.50399,6.01022,-14.56231
89365000000,-2502.99092,-1053.82053,-390.90289,0.99760,-0.03716,-0.05752,-0.01018,-93.44902,6.92353,-14.54478
89431000000,-2509.23095,-1054.17627,-391.88266,0.99767,-0.03535,-0.05754,-0.01009,-93.54048,5.87742,-14.57489
89464000000,-2512.34114,-1053.87264,-392.36477,0.99765,-0.03551,-0.05765,-0.01006,-93.56849,6.07173,-14.57809
89497000000,-2515.43402,-1053.57333,-392.85669,0.99766,-0.03568,-0.05752,-0.01006,-93.56957,6.24495,-14.59487
89530000000,-2518.46794,-1052.65065,-393.32500,0.99761,-0.03709,-0.05743,-0.01017,-93.48946,7.28375,-14.57817
89563000000,-2521.54729,-1052.69207,-393.80490,0.99763,-0.03655,-0.05734,-0.01010,-93.47647,6.95204,-14.57727
89596000000,-2524.60777,-1052.23749,-394.26943,0.99762,-0.03699,-0.05736,-0.01015,-93.43588,7.33745,-14.55322
89629000000,-2527.65653,-1051.83722,-394.75117,0.99762,-0.03727,-0.05713,-0.01015,-93.37846,7.61065,-14.55693
89662000000,-2530.70403,-1051.43726,-395.22373,0.99763,-0.03733,-0.05695,-0.01016,-93.32464,7.86765,-14.54651
89695000000,-2533.85736,-1052.14157,-395.70933,0.99769,-0.03535,-0.05716,-0.01002,-93.42183,6.57021,-14.55532
89761000000,-2540.05675,-1051.76604,-396.67516,0.99770,-0.03505,-0.05717,-0.00995,-93.46001,6.56936,-14.56564
89794000000,-2543.18136,-1051.67464,-397.16528,0.99771,-0.03471,-0.05725,-0.00987,-93.51442,6.42806,-14.58018
89827000000,-2546.32164,-1051.65333,-397.66108,0.99772,-0.03429,-0.05727,-0.00984,-93.58429,6.20319,-14.60169
89860000000,-2549.45289,-1051.49990,-398.15340,0.99772,-0.03407,-0.05738,-0.00980,-93.64140,6.17027,-14.61801
89893000000,-2552.74375,-1052.21999,-398.67406,0.99777,-0.03204,-0.05769,-0.00963,-93.91425,4.92582,-14.67041
89926000000,-2555.84090,-1051.53637,-399.17228,0.99773,-0.03324,-0.05772,-0.00969,-93.90631,5.80408,-14.69478
89959000000,-2558.90219,-1050.89906,-399.65727,0.99771,-0.03427,-0.05756,-0.00972,-93.84431,6.52477,-14.69751
90025000000,-2565.01931,-1049.67541,-400.61835,0.99766,-0.03595,-0.05726,-0.00978,-93.71906,7.81647,-14.69049
90058000000,-2568.07995,-1049.69152,-401.08633,0.99769,-0.03527,-0.05718,-0.00968,-93.66636,7.45848,-14.66621
90091000000,-2571.10937,-1048.96131,-401.55708,0.99766,-0.03645,-0.05706,-0.00975,-93.56234,8.27782,-14.64798
90124000000,-2574.17791,-1049.05282,-402.02840,0.99770,-0.03550,-0.05694,-0.00971,-93.52802,7.76268,-14.63044
90157000000,-2577.22011,-1048.55961,-402.49978,0.99769,-0.03594,-0.05688,-0.00968,-93.45245,8.18484,-14.61407
90190000000,-2580.32210,-1048.83101,-402.97699,0.99774,-0.03462,-0.05686,-0.00953,-93.47348,7.39865,-14.60793
90223000000,-2583.34962,-1048.02513,-403.45140,0.99770,-0.03586,-0.05676,-0.00964,-93.37719,8.34348,-14.59798
90289000000,-2589.54618,-1048.11636,-404.41204,0.99775,-0.03432,-0.05678,-0.00950,-93.41322,7.48936,-14.59609
90322000000,-2592.54093,-1046.86789,-404.88817,0.99769,-0.03655,-0.05648,-0.00967,-93.27413,9.06075,-14.59016
90355000000,-2595.56957,-1046.34612,-405.35272,0.99768,-0.03698,-0.05625,-0.00968,-93.19734,9.42787,-14.56651
90388000000,-2598.61819,-1046.19114,-405.82082,0.99770,-0.03653,-0.05621,-0.00966,-93.15187,9.24251,-14.54867
90421000000,-2601.76038,-1046.86455,-406.30305,0.99777,-0.03441,-0.05632,-0.00950,-93.24116,7.92549,-14.55085
90454000000,-2604.82368,-1046.41331,-406.78117,0.99776,-0.03470,-0.05635,-0.00952,-93.21552,8.25595,-14.54996
90520000000,-2611.22850,-1047.35704,-407.77952,0.99785,-0.03141,-0.05670,-0.00920,-93.55368,6.26439,-14.60327
90553000000,-2614.28527,-1046.38459,-408.27276,0.99780,-0.03303,-0.05669,-0.00928,-93.50506,7.41912,-14.62172
90619000000,-2620.67663,-1047.04883,-409.26947,0.99786,-0.03058,-0.05700,-0.00907,-93.78677,5.96295,-14.66273
90685000000,-2626.86220,-1046.05420,-410.25261,0.99783,-0.03162,-0.05701,-0.00907,-93.77161,6.83894,-14.68627
90718000000,-2629.88091,-1045.06820,-410.73765,0.99780,-0.03308,-0.05677,-0.00916,-93.66832,7.84867,-14.68761
90751000000,-2632.86269,-1043.76788,-411.20902,0.99774,-0.03514,-0.05653,-0.00923,-93.51132,9.33645,-14.67124
90817000000,-2639.09708,-1044.56209,-412.15864,0.99783,-0.03231,-0.05660,-0.00897,-93.58071,7.61685,-14.65018
90850000000,-2642.08732,-1043.34941,-412.63159,0.99778,-0.03409,-0.05646,-0.00911,-93.44719,8.93654,-14.63934
90916000000,-2648.30580,-1043.67199,-413.58821,0.99784,-0.03224,-0.05652,-0.00894,-93.49884,7.89838,-14.62838
90949000000,-2651.28969,-1042.42271,-414.05883,0.99779,-0.03400,-0.05643,-0.00909,-93.36591,9.19926,-14.61429
90982000000,-2654.32420,-1042.11984,-414.52638,0.99779,-0.03395,-0.05634,-0.00902,-93.30260,9.23889,-14.59804
91048000000,-2660.41489,-1041.17003,-415.46657,0.99778,-0.03432,-0.05635,-0.00906,-93.21031,9.73513,-14.57204
91114000000,-2666.71644,-1042.08734,-416.43213,0.99787,-0.03147,-0.05648,-0.00880,-93.36661,8.04476,-14.57811
91180000000,-2672.85800,-1041.12322,-417.39124,0.99784,-0.03217,-0.05659,-0.00878,-93.33437,8.63467,-14.57774
91213000000,-2675.86553,-1040.23732,-417.87025,0.99782,-0.03316,-0.05637,-0.00885,-93.24463,9.35639,-14.57737
91279000000,-2681.92995,-1039.00111,-418.81190,0.99779,-0.03401,-0.05631,-0.00885,-93.13159,10.13906,-14.55740
91312000000,-2684.98053,-1038.93386,-419.27903,0.99782,-0.03349,-0.05626,-0.00878,-93.10014,9.88688,-14.54313
91378000000,-2691.08553,-1038.17770,-420.21840,0.99782,-0.03350,-0.05623,-0.00878,-93.04702,10.07924,-14.52252
91411000000,-2694.23506,-1038.70082,-420.69865,0.99786,-0.03209,-0.05633,-0.00867,-93.12478,9.21415,-14.52330
91444000000,-2697.22494,-1037.62749,-421.16622,0.99782,-0.03323,-0.05628,-0.00876,-93.02567,10.12840,-14.51163
91477000000,-2700.27050,-1037.31387,-421.63688,0.99783,-0.03313,-0.05615,-0.00875,-92.99433,10.14582,-14.50300
91543000000,-2706.28295,-1035.58697,-422.58208,0.99779,-0.03482,-0.05590,-0.00893,-92.83680,11.47083,-14.49158
91576000000,-2709.34366,-1035.68342,-423.03903,0.99782,-0.03395,-0.05592,-0.00889,-92.82822,10.97237,-14.46865
91609000000,-2712.44924,-1035.90506,-423.50590,0.99785,-0.03278,-0.05613,-0.00878,-92.87285,10.32614,-14.45719
91642000000,-2715.73359,-1036.93339,-424.00791,0.99790,-0.03042,-0.05648,-0.00862,-93.11439,8.81191,-14.48391
91675000000,-2718.88083,-1037.07301,-424.51209,0.99788,-0.03026,-0.05690,-0.00862,-93.20294,8.32694,-14.51703
91708000000,-2722.17411,-1037.24790,-425.01413,0.99792,-0.02877,-0.05703,-0.00838,-93.45215,7.83054,-14.54386
91774000000,-2728.40110,-1036.46085,-425.99490,0.99790,-0.02912,-0.05717,-0.00834,-93.51777,8.23524,-14.57238
91840000000,-2734.81629,-1036.84346,-426.99228,0.99794,-0.02746,-0.05749,-0.00813,-93.78241,7.25909,-14.61294
91873000000,-2737.80702,-1035.37921,-427.48749,0.99788,-0.02968,-0.05737,-0.00820,-93.65175,8.79855,-14.63100
91906000000,-2740.88176,-1035.18333,-427.96228,0.99789,-0.02942,-0.05730,-0.00812,-93.62875,8.72721,-14.62277
91939000000,-2743.92155,-1034.63647,-428.44024,0.99789,-0.02981,-0.05719,-0.00807,-93.56795,9.05928,-14.61834
91972000000,-2746.87516,-1033.30843,-428.91262,0.99784,-0.03168,-0.05692,-0.00816,-93.39148,10.41067,-14.60710
92005000000,-2749.86540,-1032.69078,-429.37547,0.99784,-0.03214,-0.05666,-0.00820,-93.27376,10.78593,-14.58553
92038000000,-2752.94415,-1032.34267,-429.85689,0.99784,-0.03211,-0.05667,-0.00823,-93.26926,10.81610,-14.58592
92071000000,-2755.95343,-1031.88425,-430.31366,0.99784,-0.03221,-0.05662,-0.00821,-93.17734,10.98403,-14.55625
92104000000,-2758.94759,-1031.18092,-430.77418,0.99783,-0.03285,-0.05655,-0.00817,-93.06144,11.49772,-14.53180
92137000000,-2762.01819,-1031.30303,-431.23755,0.99786,-0.03183,-0.05657,-0.00812,-93.05558,10.87090,-14.51216
92203000000,-2768.11055,-1030.40833,-432.18010,0.99785,-0.03208,-0.05649,-0.00821,-92.98092,11.18265,-14.49544
92269000000,-2774.48596,-1031.41865,-433.14410,0.99793,-0.02882,-0.05699,-0.00793,-93.26340,9.11925,-14.50335
92302000000,-2777.57142,-1031.11320,-433.64418,0.99789,-0.02947,-0.05734,-0.00800,-93.27181,9.16955,-14.53341
92335000000,-2780.61969,-1030.26534,-434.11363,0.99790,-0.02974,-0.05704,-0.00794,-93.22748,9.89946,-14.52173
92368000000,-2783.59518,-1029.12024,-434.58605,0.99786,-0.03123,-0.05688,-0.00807,-93.08941,11.02843,-14.51491
92401000000,-2786.69104,-1029.20524,-435.05686,0.99789,-0.03034,-0.05689,-0.00802,-93.11379,10.49530,-14.50528
92434000000,-2789.70739,-1028.48870,-435.52674,0.99787,-0.03097,-0.05685,-0.00813,-93.03564,11.02663,-14.49575
92467000000,-2792.81427,-1028.56459,-436.00031,0.99790,-0.03008,-0.05684,-0.00806,-93.07659,10.50346,-14.49044
92500000000,-2795.83390,-1027.83911,-436.47174,0.99788,-0.03070,-0.05677,-0.00811,-93.00112,11.06931,-14.48285
92533000000,-2798.96965,-1028.05835,-436.94782,0.99791,-0.02953,-0.05685,-0.00803,-93.08507,10.33042,-14.48065
92566000000,-2802.04310,-1027.65432,-437.42351,0.99791,-0.02960,-0.05692,-0.00796,-93.08222,10.46505,-14.47844
92599000000,-2805.12516,-1027.34754,-437.90384,0.99792,-0.02945,-0.05687,-0.00793,-93.09202,10.44700,-14.48350
92632000000,-2808.11492,-1026.35464,-438.37684,0.99788,-0.03077,-0.05670,-0.00798,-92.96181,11.47535,-14.47847
92665000000,-2811.16908,-1026.05580,-438.84747,0.99790,-0.03055,-0.05661,-0.00792,-92.93796,11.39801,-14.46965
92698000000,-2814.20531,-1025.55916,-439.31578,0.99789,-0.03065,-0.05663,-0.00793,-92.88656,11.62088,-14.45591
92731000000,-2817.34287,-1025.80815,-439.79160,0.99793,-0.02923,-0.05683,-0.00780,-92.98633,10.73882,-14.45421
92764000000,-2820.44614,-1025.59753,-440.26988,0.99793,-0.02880,-0.05699,-0.00772,-93.03492,10.55688,-14.45711
92797000000,-2823.63504,-1025.83285,-440.75844,0.99795,-0.02752,-0.05722,-0.00761,-93.20209,9.74465,-14.47440
92830000000,-2826.65370,-1025.03018,-441.24746,0.99790,-0.02929,-0.05721,-0.00784,-93.10736,10.55980,-14.49361
92863000000,-2829.81627,-1025.16660,-441.72190,0.99795,-0.02744,-0.05723,-0.00761,-93.23804,9.85265,-14.48931
92896000000,-2832.81686,-1024.15728,-442.20399,0.99792,-0.02908,-0.05702,-0.00770,-93.10471,11.05014,-14.49750
92929000000,-2835.94607,-1024.26616,-442.67983,0.99795,-0.02793,-0.05716,-0.00760,-93.18972,10.32616,-14.49327
92962000000,-2839.00084,-1023.71930,-443.15786,0.99793,-0.02832,-0.05716,-0.00762,-93.15092,10.71423,-14.49351
92995000000,-2842.08386,-1023.44266,-443.63604,0.99794,-0.02808,-0.05715,-0.00759,-93.16030,10.62718,-14.49381
93028000000,-2845.07888,-1022.50064,-444.11252,0.99791,-0.02945,-0.05692,-0.00765,-93.01959,11.66754,-14.49292
93061000000,-2848.20341,-1022.67646,-444.58418,0.99795,-0.02804,-0.05706,-0.00758,-93.10201,10.80347,-14.48297
93094000000,-2851.22858,-1021.97309,-445.06092,0.99793,-0.02886,-0.05696,-0.00759,-93.01824,11.42926,-14.48213
93127000000,-2854.32263,-1021.86193,-445.53578,0.99795,-0.02814,-0.05698,-0.00751,-93.05232,11.03953,-14.47836
93160000000,-2857.40238,-1021.55671,-446.01250,0.99795,-0.02798,-0.05701,-0.00747,-93.06153,10.97643,-14.47708
93193000000,-2860.53635,-1021.57163,-446.49278,0.99797,-0.02706,-0.05717,-0.00736,-93.15815,10.40811,-14.48114
93226000000,-2863.57073,-1020.73674,-446.98207,0.99798,-0.02765,-0.05677,-0.00731,-93.08409,11.27527,-14.50206
93259000000,-2866.67168,-1020.64327,-447.45439,0.99797,-0.02750,-0.05703,-0.00735,-93.12723,10.86626,-14.49329
93292000000,-2869.69290,-1019.91044,-447.93215,0.99795,-0.02832,-0.05686,-0.00739,-93.03494,11.53843,-14.49447
93325000000,-2872.83142,-1020.08328,-448.40669,0.99798,-0.02700,-0.05702,-0.00727,-93.13909,10.68531,-14.49014
93358000000,-2875.89016,-1019.56443,-448.88592,0.99797,-0.02729,-0.05701,-0.00727,-93.11065,11.00488,-14.49268
93391000000,-2878.97100,-1019.25200,-449.36465,0.99798,-0.02707,-0.05700,-0.00724,-93.11858,10.95946,-14.49476
93424000000,-2881.99235,-1018.51699,-449.84248,0.99796,-0.02796,-0.05688,-0.00736,-93.02793,11.62926,-14.49617
93457000000,-2885.09718,-1018.47001,-450.31712,0.99798,-0.02713,-0.05696,-0.00734,-93.07909,11.12475,-14.49097
93490000000,-2888.13415,-1017.85374,-450.79448,0.99797,-0.02769,-0.05686,-0.00741,-93.01613,11.58432,-14.49103
93523000000,-2891.22753,-1017.69697,-451.27019,0.99799,-0.02712,-0.05687,-0.00736,-93.04918,11.25887,-14.48737
93556000000,-2894.24601,-1016.96004,-451.74726,0.99797,-0.02794,-0.05674,-0.00746,-92.95618,11.91659,-14.48675
93589000000,-2897.28402,-1016.45749,-452.22123,0.99797,-0.02813,-0.05662,-0.00747,-92.90477,12.12933,-14.48177
93622000000,-2900.29122,-1015.72940,-452.69399,0.99796,-0.02883,-0.05647,-0.00749,-92.80032,12.72220,-14.47573
93655000000,-2903.41361,-1015.89876,-453.16460,0.99799,-0.02739,-0.05661,-0.00743,-92.89080,11.81177,-14.46404
93688000000,-2906.40231,-1014.97937,-453.64009,0.99797,-0.02862,-0.05643,-0.00752,-92.75670,12.74626,-14.46177
93721000000,-2909.47486,-1014.78285,-454.11153,0.99798,-0.02808,-0.05643,-0.00746,-92.76986,12.42189,-14.45318
93754000000,-2912.54775,-1014.51389,-454.58439,0.99799,-0.02763,-0.05652,-0.00745,-92.78385,12.21952,-14.44601
93787000000,-2915.72740,-1014.83557,-455.06359,0.99802,-0.02586,-0.05687,-0.00730,-92.96639,11.09113,-14.45086
93820000000,-2918.79957,-1014.34237,-455.54643,0.99801,-0.02608,-0.05687,-0.00731,-92.96950,11.34246,-14.46246
93853000000,-2921.92177,-1014.20040,-456.02896,0.99802,-0.02551,-0.05697,-0.00728,-93.04986,11.00388,-14.47093
93886000000,-2924.89277,-1013.05319,-456.51059,0.99799,-0.02736,-0.05667,-0.00737,-92.87650,12.37015,-14.47831
93919000000,-2927.95018,-1012.70801,-456.98452,0.99800,-0.02718,-0.05662,-0.00735,-92.85944,12.30598,-14.47406
93952000000,-2931.04347,-1012.56003,-457.45703,0.99801,-0.02645,-0.05671,-0.00724,-92.90464,11.90553,-14.46742
93985000000,-2934.23447,-1012.89233,-457.93653,0.99804,-0.02469,-0.05707,-0.00714,-93.09998,10.77452,-14.46912
94018000000,-2937.24810,-1011.99634,-458.42145,0.99801,-0.02596,-0.05692,-0.00723,-92.99635,11.72663,-14.48393
94051000000,-2940.34744,-1011.81159,-458.89913,0.99803,-0.02543,-0.05691,-0.00718,-93.04021,11.43699,-14.48383
94084000000,-2943.33537,-1010.83324,-459.37855,0.99801,-0.02683,-0.05662,-0.00726,-92.89610,12.49201,-14.48739
94117000000,-2946.46343,-1010.95556,-459.85055,0.99804,-0.02547,-0.05678,-0.00720,-92.99098,11.66880,-14.47790
94150000000,-2949.57883,-1010.82328,-460.32784,0.99804,-0.02478,-0.05695,-0.00710,-93.06574,11.27627,-14.47848
94183000000,-2952.73238,-1010.83861,-460.81069,0.99806,-0.02377,-0.05710,-0.00707,-93.19395,10.68931,-14.48706
94216000000,-2955.75947,-1010.02759,-461.29678,0.99804,-0.02482,-0.05694,-0.00716,-93.10790,11.50135,-14.50209
94249000000,-2958.81379,-1009.53512,-461.77549,0.99805,-0.02503,-0.05679,-0.00710,-93.07372,11.71788,-14.50437
94282000000,-2961.79956,-1008.57496,-462.25412,0.99803,-0.02635,-0.05650,-0.00721,-92.92417,12.72717,-14.50622
94315000000,-2964.89781,-1008.54711,-462.72392,0.99805,-0.02532,-0.05656,-0.00716,-92.96944,12.13296,-14.49208
94348000000,-2967.91535,-1007.84722,-463.19986,0.99804,-0.02597,-0.05641,-0.00719,-92.88054,12.67667,-14.49024
94381000000,-2971.08758,-1008.21252,-463.67153,0.99808,-0.02411,-0.05668,-0.00707,-93.04782,11.45228,-14.48015
94414000000,-2974.09949,-1007.37367,-464.15397,0.99806,-0.02517,-0.05654,-0.00712,-92.94387,12.27053,-14.49030
94447000000,-2977.18554,-1007.13696,-464.62930,0.99807,-0.02473,-0.05657,-0.00707,-92.96948,12.03757,-14.48691
94480000000,-2980.22013,-1006.51561,-465.10616,0.99806,-0.02518,-0.05653,-0.00708,-92.90906,12.45344,-14.48627
94513000000,-2983.37173,-1006.68702,-465.58113,0.99808,-0.02381,-0.05680,-0.00698,-93.04087,11.55223,-14.48284
94546000000,-2986.44430,-1006.22813,-466.06216,0.99807,-0.02393,-0.05682,-0.00698,-93.04007,11.71842,-14.48862
94579000000,-2989.58122,-1006.18788,-466.54219,0.99809,-0.02303,-0.05695,-0.00699,-93.14231,11.19589,-14.49163
94612000000,-2992.65965,-1005.73118,-467.02535,0.99808,-0.02314,-0.05696,-0.00701,-93.14532,11.37893,-14.50147
94645000000,-2995.83358,-1005.87247,-467.50489,0.99810,-0.02184,-0.05720,-0.00690,-93.30061,10.58266,-14.50353
94678000000,-2998.90377,-1005.31210,-467.99068,0.99809,-0.02233,-0.05715,-0.00690,-93.28092,10.97421,-14.51679
94711000000,-3002.01239,-1005.08248,-468.47179,0.99810,-0.02192,-0.05717,-0.00689,-93.32537,10.79526,-14.52125
94744000000,-3005.10572,-1004.74380,-468.95330,0.99810,-0.02175,-0.05721,-0.00692,-93.34418,10.79889,-14.52458
94777000000,-3008.23179,-1004.61886,-469.43314,0.99811,-0.02116,-0.05731,-0.00688,-93.41388,10.45924,-14.52579
94810000000,-3011.28450,-1003.99853,-469.91900,0.99810,-0.02177,-0.05720,-0.00689,-93.35757,10.95981,-14.53820
94843000000,-3014.39151,-1003.82287,-470.39583,0.99811,-0.02125,-0.05720,-0.00678,-93.42100,10.69347,-14.53601
94876000000,-3017.45173,-1003.28891,-470.87888,0.99811,-0.02158,-0.05711,-0.00680,-93.37940,11.03400,-14.54188
94909000000,-3020.59121,-1003.31377,-471.35312,0.99812,-0.02065,-0.05729,-0.00672,-93.50620,10.44331,-14.53792
94942000000,-3023.67978,-1002.91567,-471.83652,0.99812,-0.02067,-0.05734,-0.00672,-93.54946,10.56576,-14.54907
94975000000,-3026.79832,-1002.73796,-472.31607,0.99812,-0.02017,-0.05744,-0.00665,-93.60842,10.32401,-14.55136
95008000000,-3029.87236,-1002.23968,-472.80035,0.99812,-0.02053,-0.05734,-0.00668,-93.60166,10.62408,-14.56116
95041000000,-3032.98958,-1002.08015,-473.27801,0.99813,-0.01999,-0.05740,-0.00661,-93.66984,10.35104,-14.55965
95074000000,-3036.05019,-1001.49411,-473.76346,0.99812,-0.02050,-0.05731,-0.00665,-93.64800,10.79865,-14.57305
95107000000,-3039.16369,-1001.33009,-474.23994,0.99813,-0.01998,-0.05737,-0.00666,-93.70922,10.52172,-14.56904
95140000000,-3042.21627,-1000.69650,-474.72572,0.99812,-0.02063,-0.05724,-0.00670,-93.65331,11.04096,-14.58096
95173000000,-3045.35087,-1000.65334,-475.19797,0.99813,-0.01975,-0.05745,-0.00662,-93.75746,10.49721,-14.57061
95206000000,-3048.49195,-1000.56552,-475.67785,0.99814,-0.01910,-0.05760,-0.00654,-93.85619,10.09241,-14.57291
95239000000,-3051.58287,-1000.11795,-476.16354,0.99814,-0.01932,-0.05753,-0.00658,-93.85897,10.33071,-14.58313
95272000000,-3054.70334,-999.92351,-476.64304,0.99814,-0.01892,-0.05756,-0.00660,-93.91396,10.11413,-14.58250
95305000000,-3057.75447,-999.22839,-477.13191,0.99813,-0.01983,-0.05741,-0.00666,-93.86043,10.79624,-14.60228
95338000000,-3060.87510,-999.07853,-477.60774,0.99814,-0.01918,-0.05749,-0.00657,-93.99584,10.43656,-14.60249
95371000000,-3063.98165,-998.74946,-478.09021,0.99814,-0.01912,-0.05749,-0.00653,-94.09562,10.44374,-14.61529
95404000000,-3067.04066,-998.06781,-478.57938,0.99814,-0.02000,-0.05723,-0.00658,-94.09865,11.11918,-14.64057
95437000000,-3070.15781,-997.84450,-479.05720,0.99815,-0.01964,-0.05725,-0.00653,-94.21180,10.89494,-14.64201
95470000000,-3073.24382,-997.39969,-479.54881,0.99813,-0.02020,-0.05725,-0.00657,-94.26017,11.09345,-14.67058
95503000000,-3076.36860,-997.10785,-480.02222,0.99815,-0.01956,-0.05722,-0.00648,-94.37490,10.99162,-14.66250
95536000000,-3079.34069,-995.70026,-480.51840,0.99815,-0.02178,-0.05647,-0.00656,-94.19269,13.01485,-14.69693
95569000000,-3082.49363,-995.81342,-480.99291,0.99815,-0.02089,-0.05674,-0.00648,-94.36374,12.07829,-14.68979
95602000000,-3085.55322,-995.08618,-481.48051,0.99814,-0.02177,-0.05656,-0.00652,-94.35012,12.73906,-14.70738
