52800000000,5.25000,20.00000,0.02073,0.70711,0.00000,0.00000,-0.70711,0.00000,0.00000,0.00000
52820000000,5.25000,20.00000,0.02073,0.70711,0.00000,0.00000,-0.70711,0.00000,0.00000,0.00000
52840000000,5.25000,20.00000,0.02073,0.70711,0.00000,0.00000,-0.70711,0.00000,0.00000,0.00000
52860000000,5.25000,20.00000,0.02073,0.70711,0.00000,0.00000,-0.70711,0.00000,0.00000,0.00000
52880000000,5.25000,20.00000,0.02073,0.70711,0.00000,0.00000,-0.70711,0.00000,0.00000,0.00000
52900000000,5.25000,20.00000,0.02073,0.70711,0.00000,0.00000,-0.70711,0.00000,0.00000,0.00000
52920000000,5.25000,20.00000,0.02073,0.70711,0.00000,0.00000,-0.70711,0.00000,0.00000,0.00000
52940000000,5.25000,20.00000,0.02073,0.70711,0.00000,0.00000,-0.70711,0.00000,0.00000,0.00000
52960000000,5.25000,20.00000,0.02073,0.70711,0.00000,0.00000,-0.70711,0.00000,0.00000,0.00000
52980000000,5.25000,20.00000,0.02073,0.70711,0.00000,0.00000,-0.70711,0.00000,0.00000,0.00000
53000000000,5.25000,20.00000,0.02073,0.70711,0.00000,0.00000,-0.70711,0.00000,0.00000,0.00000
53020000000,5.25000,20.00000,0.02073,0.70711,0.00000,0.00000,-0.70711,0.00000,0.00000,0.00000
53040000000,5.25000,20.00000,0.02073,0.70711,0.00000,0.00000,-0.70711,0.00000,0.00000,0.00000
53060000000,5.25000,20.00000,0.02073,0.70711,0.00000,0.00000,-0.70711,0.00000,0.00000,0.00000
53080000000,5.25000,20.00000,0.02073,0.70711,0.00000,0.00000,-0.70711,0.00000,0.00000,0.00000
53100000000,5.25000,20.00000,0.02073,0.70711,0.00000,0.00000,-0.70711,0.00000,0.00000,0.00000
53120000000,5.25000,20.00000,0.02073,0.70711,0.00000,0.00000,-0.70711,0.00000,0.00000,0.00000
53140000000,5.25000,20.00000,0.02073,0.70711,0.00000,0.00000,-0.70711,0.00000,0.00000,0.00000
53160000000,5.25000,20.00000,0.02073,0.70711,0.00000,0.00000,-0.70711,0.00000,0.00000,0.00000
53180000000,5.25000,20.00000,0.02073,0.70711,0.00000,0.00000,-0.70711,0.00000,0.00000,0.00000
53200000000,5.25000,20.00000,0.02073,0.70711,0.00000,0.00000,-0.70711,0.00000,0.00000,0.00000
53220000000,5.25000,20.00000,0.02073,0.70711,0.00000,0.00000,-0.70711,0.00000,0.00000,0.00000
53240000000,5.25000,20.00000,0.02073,0.70711,0.00000,0.00000,-0.70711,0.00000,0.00000,0.00000
53260000000,5.25000,20.00000,0.02073,0.70711,0.00000,0.00000,-0.70711,0.00000,0.00000,0.00000
53280000000,5.25000,20.00000,0.02073,0.70711,0.00000,0.00000,-0.70711,0.00000,0.00000,0.00000
53300000000,5.25000,20.00000,0.02073,0.70711,0.00000,0.00000,-0.70711,0.00000,0.00000,0.00000
53320000000,5.25000,20.00000,0.02073,0.70711,0.00000,0.00000,-0.70711,0.00000,0.00000,0.00000
53340000000,5.25000,20.00000,0.02073,0.70711,0.00000,0.00000,-0.70711,0.00000,0.00000,0.00000
53360000000,5.25000,20.00000,0.02073,0.70711,0.00000,0.00000,-0.70711,0.00000,0.00000,0.00000
53380000000,5.25000,20.00000,0.02073,0.70711,0.00000,0.00000,-0.70711,0.00000,0.00000,0.00000
53400000000,5.25000,20.00000,0.02073,0.70711,0.00000,0.00000,-0.70711,0.00000,0.00000,0.00000
53420000000,5.25000,20.00000,0.02073,0.70711,0.00000,0.00000,-0.70711,0.00000,0.00000,0.00000
53440000000,5.25000,20.00000,0.02073,0.70711,0.00000,0.00000,-0.70711,0.00000,0.00000,0.00000
53460000000,5.25000,20.00000,0.02073,0.70711,0.00000,0.00000,-0.70711,0.00000,0.00000,0.00000
53480000000,5.25000,20.00000,0.02073,0.70711,0.00000,0.00000,-0.70711,0.00000,0.00000,0.00000
53500000000,5.25000,20.00000,0.02073,0.70711,0.00000,0.00000,-0.70711,0.00000,0.00000,0.00000
53520000000,5.25000,20.00000,0.02073,0.70711,0.00000,0.00000,-0.70711,0.00000,0.00000,0.00000
53540000000,5.25000,20.00000,0.02073,0.70711,0.00000,0.00000,-0.70711,0.00000,0.00000,0.00000
53560000000,5.25000,20.00000,0.02073,0.70711,0.00000,0.00000,-0.70711,0.00000,0.00000,0.00000
53580000000,5.25000,20.00000,0.02073,0.70711,0.00000,0.00000,-0.70711,0.00000,0.00000,0.00000
53600000000,5.25000,20.00000,0.02073,0.70711,0.00000,0.00000,-0.70711,0.00000,0.00000,0.00000
53620000000,5.25000,20.00000,0.02073,0.70711,0.00000,0.00000,-0.70711,0.00000,0.00000,0.00000
53640000000,5.25000,20.00000,0.02073,0.70711,0.00000,0.00000,-0.70711,0.00000,0.00000,0.00000
53660000000,5.25000,20.00000,0.02073,0.70711,0.00000,0.00000,-0.70711,0.00000,0.00000,0.00000
53680000000,5.25000,20.00000,0.02073,0.70711,0.00000,0.00000,-0.70711,0.00000,0.00000,0.00000
53700000000,5.25000,20.00000,0.02073,0.70711,0.00000,0.00000,-0.70711,0.00000,0.00000,0.00000
53720000000,5.25000,20.00000,0.02073,0.70711,0.00000,0.00000,-0.70711,0.00000,0.00000,0.00000
53740000000,5.25000,20.00000,0.02073,0.70711,0.00000,0.00000,-0.70711,0.00000,0.00000,0.00000
53760000000,5.25000,20.00000,0.02073,0.70711,0.00000,0.00000,-0.70711,0.00000,0.00000,0.00000
53780000000,5.25000,20.00000,0.02073,0.70711,0.00000,0.00000,-0.70711,0.00000,0.00000,0.00000
53800000000,5.25000,20.00000,0.02073,0.70711,0.00000,0.00000,-0.70711,0.00000,0.00000,0.00000
53820000000,5.25000,20.00000,0.02073,0.70711,0.00000,0.00000,-0.70711,0.00000,0.00000,0.00000
53840000000,5.25000,20.00000,0.02073,0.70711,0.00000,0.00000,-0.70711,0.00000,0.00000,0.00000
53860000000,5.25000,20.00000,0.02073,0.70711,0.00000,0.00000,-0.70711,0.00000,0.00000,0.00000
53880000000,5.25000,20.00000,0.02073,0.70711,0.00000,0.00000,-0.70711,0.00000,0.00000,0.00000
53900000000,5.25000,20.00000,0.02073,0.70711,0.00000,0.00000,-0.70711,0.00000,0.00000,0.00000
53920000000,5.25000,20.00000,0.02073,0.70711,0.00000,0.00000,-0.70711,0.00000,0.00000,0.00000
53940000000,5.25000,20.00000,0.02073,0.70711,0.00000,0.00000,-0.70711,0.00000,0.00000,0.00000
53960000000,5.25000,20.00000,0.02073,0.70711,0.00000,0.00000,-0.70711,0.00000,0.00000,0.00000
53980000000,5.25000,20.00000,0.02073,0.70711,0.00000,0.00000,-0.70711,0.00000,0.00000,0.00000
54000000000,5.25000,20.00000,0.02073,0.70711,0.00000,0.00000,-0.70711,0.00000,0.00000,0.00000
54020000000,5.25000,20.00000,0.02073,0.70711,0.00000,0.00000,-0.70711,0.00000,0.00000,0.00000
54040000000,5.25000,20.00000,0.02073,0.70711,0.00000,0.00000,-0.70711,0.00000,0.00000,0.00000
54060000000,5.25000,20.00000,0.02073,0.70711,0.00000,0.00000,-0.70711,0.00000,0.00000,0.00000
54080000000,5.25000,20.00000,0.02073,0.70711,0.00000,0.00000,-0.70711,0.00000,0.00000,0.00000
54100000000,5.25000,20.00000,0.02073,0.70711,0.00000,0.00000,-0.70711,0.00000,0.00000,0.00000
54120000000,5.25000,20.00000,0.02073,0.70711,0.00000,0.00000,-0.70711,0.00000,0.00000,0.00000
54140000000,5.25000,20.00000,0.02073,0.70711,0.00000,0.00000,-0.70711,0.00000,0.00000,0.00000
54160000000,5.25000,20.00000,0.02073,0.70711,0.00000,0.00000,-0.70711,0.00000,0.00000,0.00000
54180000000,5.25000,20.00000,0.02073,0.70711,0.00000,0.00000,-0.70711,0.00000,0.00000,0.00000
54200000000,5.25000,20.00000,0.02073,0.70711,0.00000,0.00000,-0.70711,0.00000,0.00000,0.00000
54220000000,5.25000,20.00000,0.02073,0.70711,0.00000,0.00000,-0.70711,0.00000,0.00000,0.00000
54240000000,5.25000,20.00000,0.02073,0.70711,0.00000,0.00000,-0.70711,0.00000,0.00000,0.00000
54260000000,5.25000,20.00000,0.02073,0.70711,0.00000,0.00000,-0.70711,0.00000,0.00000,0.00000
54280000000,5.25000,20.00000,0.02073,0.70711,0.00000,0.00000,-0.70711,0.00000,0.00000,0.00000
54300000000,5.25000,20.00000,0.02073,0.70711,0.00000,0.00000,-0.70711,0.00000,0.00000,0.00000
54320000000,5.25000,20.00000,0.02073,0.70711,0.00000,0.00000,-0.70711,0.00000,0.00000,0.00000
54340000000,5.25000,20.00000,0.02073,0.70711,0.00000,0.00000,-0.70711,0.00000,0.00000,0.00000
54360000000,5.25000,20.00000,0.02073,0.70711,0.00000,0.00000,-0.70711,0.00000,0.00000,0.00000
54380000000,5.25000,20.00000,0.02073,0.70711,0.00000,0.00000,-0.70711,0.00000,0.00000,0.00000
54400000000,5.25000,20.00000,0.02073,0.70711,0.00000,0.00000,-0.70711,0.00000,0.00000,0.00000
54420000000,5.25000,20.00000,0.02073,0.70711,0.00000,0.00000,-0.70711,0.00000,0.00000,0.00000
54440000000,5.25000,20.00000,0.02073,0.70711,0.00000,0.00000,-0.70711,0.00000,0.00000,0.00000
54460000000,5.25000,20.00000,0.02073,0.70711,0.00000,0.00000,-0.70711,0.00000,0.00000,0.00000
54480000000,5.25000,20.00000,0.02073,0.70711,0.00000,0.00000,-0.70711,0.00000,0.00000,0.00000
54500000000,5.25000,20.00000,0.02073,0.70711,0.00000,0.00000,-0.70711,0.00000,0.00000,0.00000
54520000000,5.25000,20.00000,0.02073,0.70711,0.00000,0.00000,-0.70711,0.00000,0.00000,0.00000
54540000000,5.25000,20.00000,0.02073,0.70711,0.00000,0.00000,-0.70711,0.00000,0.00000,0.00000
54560000000,5.25000,20.00000,0.02073,0.70711,0.00000,0.00000,-0.70711,0.00000,0.00000,0.00000
54580000000,5.25000,20.00000,0.02073,0.70711,0.00000,0.00000,-0.70711,0.00000,0.00000,0.00000
54600000000,5.25000,20.00000,0.02073,0.70711,0.00000,0.00000,-0.70711,0.00000,0.00000,0.00000
54620000000,5.25000,20.00000,0.02073,0.70711,0.00000,0.00000,-0.70711,0.00000,0.00000,0.00000
54640000000,5.25000,20.00000,0.02073,0.70711,0.00000,0.00000,-0.70711,0.00000,0.00000,0.00000
54660000000,5.25000,20.00000,0.02073,0.70711,0.00000,0.00000,-0.70711,0.00000,0.00000,0.00000
54680000000,5.25000,20.00000,0.02073,0.70711,0.00000,0.00000,-0.70711,0.00000,0.00000,0.00000
54700000000,5.25000,20.00000,0.02073,0.70711,0.00000,0.00000,-0.70711,0.00000,0.00000,0.00000
54720000000,5.25000,20.00000,0.02073,0.70711,0.00000,0.00000,-0.70711,0.00000,0.00000,0.00000
54740000000,5.25000,20.00000,0.02073,0.70711,0.00000,0.00000,-0.70711,0.00000,0.00000,0.00000
54760000000,5.25000,20.00000,0.02073,0.70711,0.00000,0.00000,-0.70711,0.00000,0.00000,0.00000
54780000000,5.25000,20.00000,0.02073,0.70711,0.00000,0.00000,-0.70711,0.00000,0.00000,0.00000
54800000000,5.25000,20.00000,0.02073,0.70711,0.00000,0.00000,-0.70711,0.00000,0.00000,0.00000
54820000000,5.25000,20.00000,0.02073,0.70711,0.00000,0.00000,-0.70711,0.00000,0.00000,0.00000
54840000000,5.25000,20.00000,0.02073,0.70711,0.00000,0.00000,-0.70711,0.00000,0.00000,0.00000
54860000000,5.25000,20.00000,0.02073,0.70711,0.00000,0.00000,-0.70711,0.00000,0.00000,0.00000
54880000000,5.25000,20.00000,0.02073,0.70711,0.00000,0.00000,-0.70711,0.00000,0.00000,0.00000
54900000000,5.25000,20.00000,0.02073,0.70711,0.00000,0.00000,-0.70711,0.00000,0.00000,0.00000
54920000000,5.25000,20.00000,0.02073,0.70711,0.00000,0.00000,-0.70711,0.00000,0.00000,0.00000
54940000000,5.25000,20.00000,0.02073,0.70711,0.00000,0.00000,-0.70711,0.00000,0.00000,0.00000
54960000000,5.25000,20.00000,0.02073,0.70711,0.00000,0.00000,-0.70711,0.00000,0.00000,0.00000
54980000000,5.25000,20.00000,0.02073,0.70711,0.00000,0.00000,-0.70711,0.00000,0.00000,0.00000
55000000000,5.25000,20.00000,0.02073,0.70711,0.00000,0.00000,-0.70711,0.00000,0.00000,0.00000
55020000000,5.25000,20.00000,0.02073,0.70711,0.00000,0.00000,-0.70711,0.00000,0.00000,0.00000
55040000000,5.25000,20.00000,0.02073,0.70711,0.00000,0.00000,-0.70711,0.00000,0.00000,0.00000
55060000000,5.25000,20.00000,0.02073,0.70711,0.00000,0.00000,-0.70711,0.00000,0.00000,0.00000
55080000000,5.25000,20.00000,0.02073,0.70711,0.00000,0.00000,-0.70711,0.00000,0.00000,0.00000
55100000000,5.25000,20.00000,0.02073,0.70711,0.00000,0.00000,-0.70711,0.00000,0.00000,0.00000
55120000000,5.25000,20.00000,0.02073,0.70711,0.00000,0.00000,-0.70711,0.00000,0.00000,0.00000
55140000000,5.25000,20.00000,0.02073,0.70711,0.00000,0.00000,-0.70711,0.00000,0.00000,0.00000
55160000000,5.25000,20.00000,0.02073,0.70711,0.00000,0.00000,-0.70711,0.00000,0.00000,0.00000
55180000000,5.25000,20.00000,0.02073,0.70711,0.00000,0.00000,-0.70711,0.00000,0.00000,0.00000
55200000000,5.25000,20.00000,0.02073,0.70711,0.00000,0.00000,-0.70711,0.00000,0.00000,0.00000
55220000000,5.25000,20.00000,0.02073,0.70711,0.00000,0.00000,-0.70711,0.00000,0.00000,0.00000
55240000000,5.25000,20.00000,0.02073,0.70711,0.00000,0.00000,-0.70711,0.00000,0.00000,0.00000
55260000000,5.25000,20.00000,0.02073,0.70711,0.00000,0.00000,-0.70711,0.00000,0.00000,0.00000
55280000000,5.25000,20.00000,0.02073,0.70711,0.00000,0.00000,-0.70711,0.00000,0.00000,0.00000
55300000000,5.25000,20.00000,0.02073,0.70711,0.00000,0.00000,-0.70711,0.00000,0.00000,0.00000
55320000000,5.25000,20.00000,0.02073,0.70711,0.00000,0.00000,-0.70711,0.00000,0.00000,0.00000
55340000000,5.25000,20.00000,0.02073,0.70711,0.00000,0.00000,-0.70711,0.00000,0.00000,0.00000
55360000000,5.25000,20.00000,0.02073,0.70711,0.00000,0.00000,-0.70711,0.00000,0.00000,0.00000
55380000000,5.25000,20.00000,0.02073,0.70711,0.00000,0.00000,-0.70711,0.00000,0.00000,0.00000
55400000000,5.25000,20.00000,0.02073,0.70711,0.00000,0.00000,-0.70711,0.00000,0.00000,0.00000
55420000000,5.25000,20.00000,0.02073,0.70711,0.00000,0.00000,-0.70711,0.00000,0.00000,0.00000
55440000000,5.25000,20.00000,0.02073,0.70711,0.00000,0.00000,-0.70711,0.00000,0.00000,0.00000
55460000000,5.25000,20.00000,0.02073,0.70711,0.00000,0.00000,-0.70711,0.00000,0.00000,0.00000
55480000000,5.25000,20.00000,0.02073,0.70711,0.00000,0.00000,-0.70711,0.00000,0.00000,0.00000
55500000000,5.25000,20.00000,0.02073,0.70711,0.00000,0.00000,-0.70711,0.00000,0.00000,0.00000
55520000000,5.25000,20.00000,0.02073,0.70711,0.00000,0.00000,-0.70711,0.00000,0.00000,0.00000
55540000000,5.25000,20.00000,0.02073,0.70711,0.00000,0.00000,-0.70711,0.00000,0.00000,0.00000
55560000000,5.25000,20.00000,0.02073,0.70711,0.00000,0.00000,-0.70711,0.00000,0.00000,0.00000
55580000000,5.25000,20.00000,0.02073,0.70711,0.00000,0.00000,-0.70711,0.00000,0.00000,0.00000
55600000000,5.25000,20.00000,0.02073,0.70711,0.00000,0.00000,-0.70711,0.00000,0.00000,0.00000
55620000000,5.25000,20.00000,0.02073,0.70711,0.00000,0.00000,-0.70711,0.00000,0.00000,0.00000
55640000000,5.25000,20.00000,0.02073,0.70711,0.00000,0.00000,-0.70711,0.00000,0.00000,0.00000
55660000000,5.25000,20.00000,0.02073,0.70711,0.00000,0.00000,-0.70711,0.00000,0.00000,0.00000
55680000000,5.25000,20.00000,0.02073,0.70711,0.00000,0.00000,-0.70711,0.00000,0.00000,0.00000
55700000000,5.25000,20.00000,0.02073,0.70711,0.00000,0.00000,-0.70711,0.00000,0.00000,0.00000
55720000000,5.25000,20.00000,0.02073,0.70711,0.00000,0.00000,-0.70711,0.00000,0.00000,0.00000
55740000000,5.25000,20.00000,0.02073,0.70711,0.00000,0.00000,-0.70711,0.00000,0.00000,0.00000
55760000000,5.25000,20.00000,0.02073,0.70711,0.00000,0.00000,-0.70711,0.00000,0.00000,0.00000
55780000000,5.25000,20.00000,0.02073,0.70711,0.00000,0.00000,-0.70711,0.00000,0.00000,0.00000
55800000000,5.25000,20.00000,0.02073,0.70711,0.00000,0.00000,-0.70711,0.00000,0.00000,0.00000
55820000000,5.25000,20.00000,0.02073,0.70711,0.00000,0.00000,-0.70711,0.00000,0.00000,0.00000
55840000000,5.25000,20.00000,0.02073,0.70711,0.00000,0.00000,-0.70711,0.00000,0.00000,0.00000
55860000000,5.25000,20.00000,0.02073,0.70711,0.00000,0.00000,-0.70711,0.00000,0.00000,0.00000
55880000000,5.25000,20.00000,0.02073,0.70711,0.00000,0.00000,-0.70711,0.00000,0.00000,0.00000
55900000000,5.25000,20.00000,0.02073,0.70711,0.00000,0.00000,-0.70711,0.00000,0.00000,0.00000
55920000000,5.25000,20.00000,0.02073,0.70711,0.00000,0.00000,-0.70711,0.00000,0.00000,0.00000
55940000000,5.25000,20.00000,0.02073,0.70711,0.00000,0.00000,-0.70711,0.00000,0.00000,0.00000
55960000000,5.25000,19.99990,0.02073,0.70711,0.00000,0.00000,-0.70711,0.01026,-0.00001,0.00008
55980000000,5.25000,19.99915,0.02073,0.70710,0.00000,0.00000,-0.70711,0.03934,-0.00004,0.00000
56000000000,5.25000,19.99794,0.02073,0.70710,0.00000,0.00000,-0.70711,0.07360,-0.00010,0.00000
56020000000,5.25000,19.99633,0.02073,0.70710,0.00000,0.00000,-0.70712,0.08147,-0.00014,0.00000
56040000000,5.24999,19.99409,0.02073,0.70709,0.00000,0.00000,-0.70712,0.11813,-0.00024,-0.00000
56060000000,5.24999,19.99160,0.02073,0.70708,0.00000,0.00000,-0.70713,0.13108,-0.00031,0.00000
56080000000,5.24998,19.98847,0.02073,0.70707,0.00000,0.00000,-0.70715,0.15760,-0.00042,-0.00000
56100000000,5.24997,19.98501,0.02073,0.70705,0.00000,0.00000,-0.70716,0.18532,-0.00055,0.00000
56120000000,5.24995,19.98107,0.02073,0.70703,0.00000,0.00000,-0.70718,0.19710,-0.00064,-0.00000
56140000000,5.24994,19.97663,0.02073,0.70700,0.00000,0.00000,-0.70721,0.23437,-0.00083,0.00000
56160000000,5.24992,19.97188,0.02073,0.70697,0.00000,0.00000,-0.70724,0.23824,-0.00091,-0.00000
56180000000,5.24989,19.96650,0.02073,0.70694,0.00000,0.00000,-0.70728,0.27614,-0.00113,-0.00000
56200000000,5.24987,19.96085,0.02073,0.70690,0.00000,0.00000,-0.70732,0.28914,-0.00127,0.00000
56220000000,5.24983,19.95455,0.02073,0.70685,0.00000,0.00000,-0.70737,0.31574,-0.00147,-0.00000
56240000000,5.24979,19.94785,0.02073,0.70679,0.00000,0.00000,-0.70742,0.34826,-0.00171,-0.00000
56260000000,5.24975,19.94069,0.02073,0.70673,0.00000,0.00000,-0.70748,0.36129,-0.00186,-0.00000
56280000000,5.24970,19.93286,0.02073,0.70666,0.00000,0.00000,-0.70755,0.39494,-0.00213,-0.00000
56300000000,5.24964,19.92469,0.02073,0.70658,0.00000,0.00000,-0.70763,0.41997,-0.00237,-0.00000
56320000000,5.24958,19.91600,0.02073,0.70650,0.00000,0.00000,-0.70772,0.43463,-0.00255,-0.00000
56340000000,5.24951,19.90677,0.02073,0.70640,0.00000,0.00000,-0.70781,0.47305,-0.00289,-0.00000
56360000000,5.24942,19.89718,0.02073,0.70630,0.00000,0.00000,-0.70791,0.48467,-0.00307,-0.00000
56380000000,5.24933,19.88693,0.02073,0.70619,0.00000,0.00000,-0.70802,0.51399,-0.00336,-0.00000
56400000000,5.24923,19.87627,0.02073,0.70607,0.00000,0.00000,-0.70814,0.54663,-0.00370,-0.00000
56420000000,5.24912,19.86519,0.02073,0.70594,0.00000,0.00000,-0.70827,0.55400,-0.00386,-0.00000
56440000000,5.24900,19.85353,0.02073,0.70580,0.00000,0.00000,-0.70841,0.59296,-0.00425,-0.00000
56460000000,5.24886,19.84164,0.02073,0.70565,0.00000,0.00000,-0.70856,0.59633,-0.00439,-0.00000
56480000000,5.24871,19.82909,0.02073,0.70549,0.00000,0.00000,-0.70872,0.63329,-0.00478,-0.00000
56500000000,5.24856,19.81634,0.02073,0.70533,0.00000,0.00000,-0.70888,0.64144,-0.00497,-0.00000
56520000000,5.24838,19.80293,0.02073,0.70515,0.00000,0.00000,-0.70906,0.67318,-0.00533,-0.00000
56540000000,5.24819,19.78912,0.02073,0.70496,0.00000,0.00000,-0.70925,0.70389,-0.00570,-0.00000
56560000000,5.24798,19.77481,0.02073,0.70476,0.00000,0.00000,-0.70945,0.71764,-0.00593,-0.00000
56580000000,5.24775,19.75984,0.02073,0.70455,0.00000,0.00000,-0.70966,0.75335,-0.00634,-0.00000
56600000000,5.24750,19.74446,0.02073,0.70432,0.00000,0.00000,-0.70988,0.78181,-0.00669,-0.00000
56620000000,5.24723,19.72858,0.02073,0.70409,0.00000,0.00000,-0.71011,0.79368,-0.00690,-0.00000
56640000000,5.24695,19.71228,0.02073,0.70385,0.00000,0.00000,-0.71035,0.82889,-0.00730,-0.00000
56660000000,5.24664,19.69560,0.02073,0.70360,0.00000,0.00000,-0.71060,0.83411,-0.00744,-0.00000
56680000000,5.24631,19.67836,0.02073,0.70333,0.00000,0.00000,-0.71086,0.87336,-0.00788,-0.00000
56700000000,5.24595,19.66086,0.02073,0.70306,0.00000,0.00000,-0.71113,0.87496,-0.00798,-0.00000
56720000000,5.24557,19.64277,0.02073,0.70278,0.00000,0.00000,-0.71141,0.91471,-0.00842,-0.00000
56740000000,5.24517,19.62439,0.02073,0.70249,0.00000,0.00000,-0.71169,0.92395,-0.00857,-0.00000
56760000000,5.24474,19.60532,0.02073,0.70219,0.00000,0.00000,-0.71199,0.95594,-0.00892,-0.00000
56780000000,5.24428,19.58607,0.02073,0.70188,0.00000,0.00000,-0.71230,0.96995,-0.00910,-0.00000
56800000000,5.24379,19.56616,0.02073,0.70156,0.00000,0.00000,-0.71261,0.99674,-0.00939,-0.00000
56820000000,5.24327,19.54587,0.02073,0.70123,0.00000,0.00000,-0.71293,1.02827,-0.00971,-0.00000
56840000000,5.24272,19.52510,0.02073,0.70090,0.00000,0.00000,-0.71326,1.03952,-0.00984,-0.00000
56860000000,5.24213,19.50369,0.02073,0.70055,0.00000,0.00000,-0.71360,1.07838,-0.01021,-0.00000
56880000000,5.24151,19.48182,0.02073,0.70020,0.00000,0.00000,-0.71394,1.10612,-0.01029,-0.00000
56900000000,5.24086,19.45943,0.02073,0.69985,0.00000,0.00000,-0.71429,1.12128,-0.01042,-0.00000
56920000000,5.24016,19.43640,0.02073,0.69948,0.00000,0.00000,-0.71465,1.15924,-0.01074,-0.00000
56940000000,5.23943,19.41299,0.02073,0.69911,0.00000,0.00000,-0.71501,1.18136,-0.01095,-0.00000
56960000000,5.23865,19.38898,0.02073,0.69874,0.00000,0.00000,-0.71538,1.20291,-0.01107,-0.00000
56980000000,5.23784,19.36436,0.02073,0.69835,0.00000,0.00000,-0.71575,1.23848,-0.01133,-0.00000
57000000000,5.23698,19.33932,0.02073,0.69797,0.00000,0.00000,-0.71613,1.26198,-0.01154,-0.00000
57020000000,5.23607,19.31375,0.02073,0.69757,0.00000,0.00000,-0.71651,1.28203,-0.01152,-0.00000
57040000000,5.23513,19.28777,0.02073,0.69718,0.00000,0.00000,-0.71690,1.31114,-0.01180,-0.00000
57060000000,5.23414,19.26136,0.02073,0.69678,0.00000,0.00000,-0.71728,1.32344,-0.01165,-0.00000
57080000000,5.23312,19.23466,0.02073,0.69639,0.00000,0.00000,-0.71767,1.34652,-0.01191,-0.00000
57100000000,5.23205,19.20750,0.02073,0.69599,0.00000,0.00000,-0.71806,1.36180,-0.01176,-0.00000
57120000000,5.23093,19.17992,0.02073,0.69559,0.00000,0.00000,-0.71844,1.38979,-0.01203,-0.00000
57140000000,5.22977,19.15196,0.02073,0.69519,0.00000,0.00000,-0.71882,1.40214,-0.01190,-0.00000
57160000000,5.22856,19.12345,0.02073,0.69480,0.00000,0.00000,-0.71921,1.43223,-0.01202,-0.00000
57180000000,5.22730,19.09447,0.02073,0.69441,0.00000,0.00000,-0.71958,1.46115,-0.01217,-0.00000
57200000000,5.22599,19.06503,0.02073,0.69402,0.00000,0.00000,-0.71996,1.47670,-0.01199,-0.00000
57220000000,5.22465,19.03527,0.02073,0.69364,0.00000,0.00000,-0.72033,1.49214,-0.01182,-0.00000
57240000000,5.22327,19.00529,0.02073,0.69325,0.00000,0.00000,-0.72069,1.50331,-0.01142,-0.00000
57260000000,5.22186,18.97510,0.02073,0.69287,0.00000,0.00000,-0.72106,1.51330,-0.01099,-0.00000
57280000000,5.22042,18.94485,0.02073,0.69250,0.00000,0.00000,-0.72142,1.51386,-0.01067,-0.00000
57300000000,5.21896,18.91461,0.02073,0.69214,0.00000,0.00000,-0.72176,1.51377,-0.01036,-0.00000
57320000000,5.21747,18.88436,0.02073,0.69179,0.00000,0.00000,-0.72210,1.51444,-0.01004,-0.00000
57340000000,5.21596,18.85411,0.02073,0.69145,0.00000,0.00000,-0.72242,1.51455,-0.00973,-0.00000
57360000000,5.21443,18.82385,0.02073,0.69112,0.00000,0.00000,-0.72274,1.51498,-0.00940,-0.00000
57380000000,5.21288,18.79358,0.02073,0.69081,0.00000,0.00000,-0.72304,1.51577,-0.00906,-0.00000
57400000000,5.21131,18.76330,0.02073,0.69050,0.00000,0.00000,-0.72333,1.51574,-0.00872,-0.00000
57420000000,5.20972,18.73303,0.02073,0.69021,0.00000,0.00000,-0.72361,1.51571,-0.00837,-0.00000
57440000000,5.20811,18.70275,0.02073,0.68992,0.00000,0.00000,-0.72388,1.51645,-0.00803,0.00000
57460000000,5.20649,18.67247,0.02073,0.68966,0.00000,0.00000,-0.72414,1.51615,-0.00767,0.00000
57480000000,5.20485,18.64218,0.02073,0.68940,0.00000,0.00000,-0.72438,1.51635,-0.00732,0.00000
57500000000,5.20320,18.61190,0.02073,0.68915,0.00000,0.00000,-0.72462,1.51606,-0.00697,0.00000
57520000000,5.20153,18.58162,0.02073,0.68892,0.00000,0.00000,-0.72484,1.51674,-0.00662,0.00000
57540000000,5.19986,18.55133,0.02073,0.68870,0.00000,0.00000,-0.72505,1.51644,-0.00626,0.00000
57560000000,5.19817,18.52104,0.02073,0.68849,0.00000,0.00000,-0.72525,1.51709,-0.00590,0.00000
57580000000,5.19647,18.49074,0.02073,0.68829,0.00000,0.00000,-0.72543,1.51730,-0.00554,0.00000
57600000000,5.19476,18.46044,0.02073,0.68811,0.00000,0.00000,-0.72561,1.51738,-0.00517,0.00000
57620000000,5.19305,18.43013,0.02073,0.68794,0.00000,0.00000,-0.72577,1.51795,-0.00479,0.00000
57640000000,5.19133,18.39982,0.02073,0.68778,0.00000,0.00000,-0.72592,1.51780,-0.00442,0.00000
57660000000,5.18960,18.36952,0.02073,0.68764,0.00000,0.00000,-0.72605,1.51774,-0.00404,0.00000
57680000000,5.18788,18.33920,0.02073,0.68751,0.00000,0.00000,-0.72618,1.51824,-0.00367,0.00000
57700000000,5.18614,18.30889,0.02073,0.68739,0.00000,0.00000,-0.72629,1.51808,-0.00329,0.00000
57720000000,5.18441,18.27858,0.02073,0.68729,0.00000,0.00000,-0.72639,1.51799,-0.00291,0.00000
57740000000,5.18267,18.24827,0.02073,0.68720,0.00000,0.00000,-0.72647,1.51842,-0.00254,0.00000
57760000000,5.18094,18.21795,0.02073,0.68712,0.00000,0.00000,-0.72655,1.51811,-0.00216,0.00000
57780000000,5.17921,18.18763,0.02073,0.68705,0.00000,0.00000,-0.72661,1.51851,-0.00178,0.00000
57800000000,5.17748,18.15732,0.02073,0.68700,0.00000,0.00000,-0.72666,1.51832,-0.00140,0.00000
57820000000,5.17575,18.12700,0.02073,0.68696,0.00000,0.00000,-0.72669,1.51820,-0.00102,0.00000
57840000000,5.17403,18.09668,0.02073,0.68693,0.00000,0.00000,-0.72672,1.51853,-0.00065,0.00000
57860000000,5.17231,18.06636,0.02073,0.68692,0.00000,0.00000,-0.72673,1.51824,-0.00027,0.00000
57880000000,5.17060,18.03605,0.02073,0.68692,0.00000,0.00000,-0.72673,1.51820,0.00010,0.00000
57900000000,5.16890,18.00573,0.02073,0.68694,0.00000,0.00000,-0.72672,1.51846,0.00047,0.00000
57920000000,5.16721,17.97541,0.02073,0.68696,0.00000,0.00000,-0.72669,1.51814,0.00084,0.00000
57940000000,5.16553,17.94509,0.02073,0.68700,0.00000,0.00000,-0.72666,1.51810,0.00121,0.00000
57960000000,5.16386,17.91478,0.02073,0.68705,0.00000,0.00000,-0.72661,1.51789,0.00157,0.00000
57980000000,5.16220,17.88447,0.02073,0.68712,0.00000,0.00000,-0.72655,1.51798,0.00193,0.00000
58000000000,5.16055,17.85415,0.02073,0.68719,0.00000,0.00000,-0.72648,1.51813,0.00229,0.00000
58020000000,5.15892,17.82384,0.02073,0.68728,0.00000,0.00000,-0.72639,1.51782,0.00265,0.00000
58040000000,5.15731,17.79352,0.02073,0.68738,0.00000,0.00000,-0.72630,1.51773,0.00300,0.00000
58060000000,5.15571,17.76321,0.02073,0.68750,0.00000,0.00000,-0.72619,1.51785,0.00335,0.00000
58080000000,5.15413,17.73290,0.02073,0.68762,0.00000,0.00000,-0.72607,1.51774,0.00370,0.00000
58100000000,5.15256,17.70259,0.02073,0.68776,0.00000,0.00000,-0.72594,1.51727,0.00404,0.00000
58120000000,5.15102,17.67229,0.02073,0.68791,0.00000,0.00000,-0.72580,1.51688,0.00438,0.00000
58140000000,5.14949,17.64199,0.02073,0.68807,0.00000,0.00000,-0.72564,1.51655,0.00470,0.00000
58160000000,5.14799,17.61171,0.02073,0.68824,0.00000,0.00000,-0.72548,1.51593,0.00502,0.00000
58180000000,5.14650,17.58143,0.02073,0.68842,0.00000,0.00000,-0.72531,1.51567,0.00532,0.00000
58200000000,5.14504,17.55116,0.02073,0.68862,0.00000,0.00000,-0.72512,1.51522,0.00562,0.00000
58220000000,5.14360,17.52089,0.02073,0.68882,0.00000,0.00000,-0.72493,1.51487,0.00590,0.00000
58240000000,5.14219,17.49064,0.02073,0.68903,0.00000,0.00000,-0.72473,1.51424,0.00618,0.00000
58260000000,5.14080,17.46039,0.02073,0.68925,0.00000,0.00000,-0.72452,1.51357,0.00644,0.00000
58280000000,5.13943,17.43016,0.02073,0.68948,0.00000,0.00000,-0.72430,1.51324,0.00669,0.00000
58300000000,5.13809,17.39994,0.02073,0.68972,0.00000,0.00000,-0.72407,1.51240,0.00692,0.00000
58320000000,5.13677,17.36972,0.02073,0.68997,0.00000,0.00000,-0.72384,1.51210,0.00715,0.00000
58340000000,5.13548,17.33951,0.02073,0.69022,0.00000,0.00000,-0.72360,1.51167,0.00736,0.00000
58360000000,5.13422,17.30932,0.02073,0.69048,0.00000,0.00000,-0.72335,1.51078,0.00757,0.00000
58380000000,5.13298,17.27913,0.02073,0.69075,0.00000,0.00000,-0.72309,1.51060,0.00776,0.00000
58400000000,5.13177,17.24895,0.02073,0.69102,0.00000,0.00000,-0.72283,1.51005,0.00794,0.00000
58420000000,5.13058,17.21878,0.02073,0.69130,0.00000,0.00000,-0.72256,1.50908,0.00810,0.00000
58440000000,5.12943,17.18862,0.02073,0.69159,0.00000,0.00000,-0.72229,1.50895,0.00826,0.00000
58460000000,5.12830,17.15847,0.02073,0.69188,0.00000,0.00000,-0.72201,1.50840,0.00841,0.00000
58480000000,5.12719,17.12833,0.02073,0.69217,0.00000,0.00000,-0.72173,1.50828,0.00855,0.00000
58500000000,5.12612,17.09820,0.02073,0.69247,0.00000,0.00000,-0.72144,1.50727,0.00867,0.00000
58520000000,5.12507,17.06808,0.02073,0.69278,0.00000,0.00000,-0.72115,1.50655,0.00878,0.00000
58540000000,5.12405,17.03797,0.02073,0.69308,0.00000,0.00000,-0.72086,1.50616,0.00888,0.00000
58560000000,5.12306,17.00788,0.02073,0.69339,0.00000,0.00000,-0.72056,1.50512,0.00896,0.00000
58580000000,5.12210,16.97779,0.02073,0.69370,0.00000,0.00000,-0.72026,1.50485,0.00903,0.00000
58600000000,5.12117,16.94772,0.02073,0.69402,0.00000,0.00000,-0.71996,1.50450,0.00909,0.00000
58620000000,5.12026,16.91765,0.02073,0.69433,0.00000,0.00000,-0.71966,1.50368,0.00915,0.00000
58640000000,5.11938,16.88759,0.02073,0.69465,0.00000,0.00000,-0.71935,1.50340,0.00919,0.00000
58660000000,5.11853,16.85755,0.02073,0.69497,0.00000,0.00000,-0.71904,1.50235,0.00921,0.00000
58680000000,5.11770,16.82751,0.02073,0.69528,0.00000,0.00000,-0.71873,1.50233,0.00923,0.00000
58700000000,5.11691,16.79749,0.02073,0.69560,0.00000,0.00000,-0.71843,1.50180,0.00924,0.00000
58720000000,5.11614,16.76746,0.02073,0.69592,0.00000,0.00000,-0.71812,1.50179,0.00925,0.00000
58740000000,5.11539,16.73745,0.02073,0.69623,0.00000,0.00000,-0.71782,1.50093,0.00901,0.00000
58760000000,5.11467,16.70744,0.02073,0.69654,0.00000,0.00000,-0.71752,1.50045,0.00900,0.00000
58780000000,5.11397,16.67745,0.02073,0.69685,0.00000,0.00000,-0.71722,1.49990,0.00897,0.00000
58800000000,5.11330,16.64747,0.02073,0.69716,0.00000,0.00000,-0.71692,1.49887,0.00892,0.00000
58820000000,5.11265,16.61750,0.02073,0.69746,0.00000,0.00000,-0.71662,1.49891,0.00887,0.00000
58840000000,5.11203,16.58754,0.02073,0.69777,0.00000,0.00000,-0.71633,1.49844,0.00882,0.00000
58860000000,5.11143,16.55757,0.02073,0.69807,0.00000,0.00000,-0.71603,1.49849,0.00876,0.00000
58880000000,5.11086,16.52762,0.02073,0.69837,0.00000,0.00000,-0.71574,1.49750,0.00869,0.00000
58900000000,5.11031,16.49768,0.02073,0.69866,0.00000,0.00000,-0.71545,1.49756,0.00861,0.00000
58920000000,5.10978,16.46774,0.02073,0.69896,0.00000,0.00000,-0.71516,1.49660,0.00852,0.00000
58940000000,5.10928,16.43782,0.02073,0.69925,0.00000,0.00000,-0.71488,1.49622,0.00842,0.00000
58960000000,5.10879,16.40791,0.02073,0.69953,0.00000,0.00000,-0.71460,1.49576,0.00831,0.00000
58980000000,5.10833,16.37801,0.02073,0.69981,0.00000,0.00000,-0.71433,1.49487,0.00819,0.00000
59000000000,5.10789,16.34811,0.02073,0.70009,0.00000,0.00000,-0.71405,1.49489,0.00806,0.00000
59020000000,5.10748,16.31822,0.02073,0.70036,0.00000,0.00000,-0.71379,1.49462,0.00793,0.00000
59040000000,5.10708,16.28834,0.02073,0.70063,0.00000,0.00000,-0.71352,1.49380,0.00779,0.00000
59060000000,5.10670,16.25847,0.02073,0.70089,0.00000,0.00000,-0.71327,1.49393,0.00764,0.00000
59080000000,5.10634,16.22860,0.02073,0.70115,0.00000,0.00000,-0.71301,1.49362,0.00749,0.00000
59100000000,5.10599,16.19873,0.02073,0.70140,0.00000,0.00000,-0.71276,1.49343,0.00734,0.00000
59120000000,5.10567,16.16887,0.02073,0.70165,0.00000,0.00000,-0.71252,1.49304,0.00718,0.00000
59140000000,5.10536,16.13901,0.02073,0.70189,0.00000,0.00000,-0.71228,1.49238,0.00701,0.00000
59160000000,5.10507,16.10917,0.02073,0.70213,0.00000,0.00000,-0.71205,1.49250,0.00684,0.00000
59180000000,5.10480,16.07932,0.02073,0.70236,0.00000,0.00000,-0.71183,1.49231,0.00667,0.00000
59200000000,5.10454,16.04947,0.02073,0.70258,0.00000,0.00000,-0.71161,1.49245,0.00650,0.00000
59220000000,5.10429,16.01963,0.02073,0.70280,0.00000,0.00000,-0.71139,1.49193,0.00632,0.00000
59240000000,5.10406,15.98979,0.02073,0.70301,0.00000,0.00000,-0.71118,1.49208,0.00614,0.00000
59260000000,5.10385,15.95996,0.02073,0.70321,0.00000,0.00000,-0.71098,1.49163,0.00595,0.00000
59280000000,5.10365,15.93013,0.02073,0.70341,0.00000,0.00000,-0.71078,1.49144,0.00577,0.00000
59300000000,5.10346,15.90030,0.02073,0.70360,0.00000,0.00000,-0.71059,1.49146,0.00558,0.00000
59320000000,5.10328,15.87047,0.02073,0.70379,0.00000,0.00000,-0.71041,1.49135,0.00539,0.00000
59340000000,5.10311,15.84065,0.02073,0.70397,0.00000,0.00000,-0.71023,1.49133,0.00520,0.00000
59360000000,5.10296,15.81082,0.02073,0.70414,0.00000,0.00000,-0.71006,1.49124,0.00501,0.00000
59380000000,5.10281,15.78099,0.02073,0.70430,0.00000,0.00000,-0.70990,1.49137,0.00482,0.00000
59400000000,5.10268,15.75117,0.02073,0.70446,0.00000,0.00000,-0.70974,1.49127,0.00464,0.00000
59420000000,5.10255,15.72134,0.02073,0.70462,0.00000,0.00000,-0.70959,1.49139,0.00445,0.00000
59440000000,5.10243,15.69151,0.02073,0.70476,0.00000,0.00000,-0.70944,1.49154,0.00427,0.00000
59460000000,5.10232,15.66168,0.02073,0.70490,0.00000,0.00000,-0.70930,1.49163,0.00409,0.00000
59480000000,5.10222,15.63184,0.02073,0.70504,0.00000,0.00000,-0.70917,1.49178,0.00391,0.00000
59500000000,5.10213,15.60201,0.02073,0.70517,0.00000,0.00000,-0.70904,1.49191,0.00373,0.00000
59520000000,5.10204,15.57217,0.02073,0.70529,0.00000,0.00000,-0.70892,1.49211,0.00356,0.00000
59540000000,5.10197,15.54232,0.02073,0.70541,0.00000,0.00000,-0.70880,1.49229,0.00340,0.00000
59560000000,5.10189,15.51247,0.02073,0.70552,0.00000,0.00000,-0.70869,1.49258,0.00324,0.00000
59580000000,5.10183,15.48262,0.02073,0.70562,0.00000,0.00000,-0.70859,1.49271,0.00308,0.00000
59600000000,5.10176,15.45276,0.02073,0.70572,0.00000,0.00000,-0.70849,1.49293,0.00293,0.00000
59620000000,5.10171,15.42290,0.02073,0.70582,0.00000,0.00000,-0.70839,1.49327,0.00278,0.00000
59640000000,5.10166,15.39303,0.02073,0.70591,0.00000,0.00000,-0.70830,1.49348,0.00264,0.00000
59660000000,5.10161,15.36315,0.02073,0.70600,0.00000,0.00000,-0.70821,1.49392,0.00251,0.00000
59680000000,5.10157,15.33327,0.02073,0.70608,0.00000,0.00000,-0.70813,1.49403,0.00238,0.00000
59700000000,5.10153,15.30339,0.02073,0.70616,0.00000,0.00000,-0.70805,1.49434,0.00226,0.00000
59720000000,5.10150,15.27349,0.02073,0.70623,0.00000,0.00000,-0.70798,1.49485,0.00214,0.00000
59740000000,5.10147,15.24360,0.02073,0.70630,0.00000,0.00000,-0.70791,1.49499,0.00204,0.00000
59760000000,5.10144,15.21369,0.02073,0.70637,0.00000,0.00000,-0.70784,1.49531,0.00194,0.00000
59780000000,5.10142,15.18378,0.02073,0.70643,0.00000,0.00000,-0.70778,1.49555,0.00184,0.00000
59800000000,5.10140,15.15386,0.02073,0.70649,0.00000,0.00000,-0.70772,1.49599,0.00175,0.00000
59820000000,5.10139,15.12393,0.02073,0.70655,0.00000,0.00000,-0.70766,1.49662,0.00167,0.00000
59840000000,5.10137,15.09400,0.02073,0.70660,0.00000,0.00000,-0.70761,1.49668,0.00160,0.00000
59860000000,5.10136,15.06406,0.02073,0.70666,0.00000,0.00000,-0.70756,1.49702,0.00153,0.00000
59880000000,5.10136,15.03412,0.02073,0.70671,0.00000,0.00000,-0.70751,1.49733,0.00147,0.00000
59900000000,5.10136,15.00416,0.02073,0.70676,0.00000,0.00000,-0.70746,1.49775,0.00142,0.00000
59920000000,5.10136,14.97420,0.02073,0.70680,0.00000,0.00000,-0.70741,1.49810,0.00137,0.00000
59940000000,5.10136,14.94424,0.02073,0.70685,0.00000,0.00000,-0.70737,1.49845,0.00134,0.00000
59960000000,5.10136,14.91426,0.02073,0.70689,0.00000,0.00000,-0.70732,1.49901,0.00130,0.00000
59980000000,5.10137,14.88428,0.02073,0.70694,0.00000,0.00000,-0.70728,1.49916,0.00128,0.00000
60000000000,5.10139,14.85429,0.02073,0.70698,0.00000,0.00000,-0.70723,1.49985,0.00127,0.00000
60020000000,5.10140,14.82429,0.02073,0.70702,0.00000,0.00000,-0.70719,1.49986,0.00126,0.00000
60040000000,5.10142,14.79429,0.02073,0.70706,0.00000,0.00000,-0.70715,1.50020,0.00126,0.00000
60060000000,5.10145,14.76428,0.02073,0.70711,0.00000,0.00000,-0.70711,1.50020,0.00126,0.00000
60080000000,5.10148,14.73427,0.02073,0.70715,0.00000,0.00000,-0.70706,1.50080,0.00136,0.00000
60100000000,5.10151,14.70425,0.02073,0.70720,0.00000,0.00000,-0.70701,1.50100,0.00137,0.00000
60120000000,5.10155,14.67422,0.02073,0.70725,0.00000,0.00000,-0.70697,1.50147,0.00140,0.00000
60140000000,5.10159,14.64419,0.02073,0.70729,0.00000,0.00000,-0.70692,1.50206,0.00142,0.00000
60160000000,5.10164,14.61415,0.02073,0.70734,0.00000,0.00000,-0.70687,1.50210,0.00146,0.00000
60180000000,5.10169,14.58410,0.02073,0.70739,0.00000,0.00000,-0.70682,1.50241,0.00150,0.00000
60200000000,5.10175,14.55405,0.02073,0.70745,0.00000,0.00000,-0.70677,1.50237,0.00154,0.00000
60220000000,5.10181,14.52401,0.02073,0.70750,0.00000,0.00000,-0.70671,1.50212,0.00158,0.00000
60240000000,5.10188,14.49397,0.02073,0.70755,0.00000,0.00000,-0.70666,1.50205,0.00162,0.00000
60260000000,5.10195,14.46393,0.02073,0.70761,0.00000,0.00000,-0.70660,1.50195,0.00165,0.00000
60280000000,5.10203,14.43389,0.02073,0.70767,0.00000,0.00000,-0.70655,1.50182,0.00169,0.00000
60300000000,5.10211,14.40386,0.02073,0.70773,0.00000,0.00000,-0.70649,1.50178,0.00172,0.00000
60320000000,5.10220,14.37382,0.02073,0.70778,0.00000,0.00000,-0.70643,1.50169,0.00174,0.00000
60340000000,5.10230,14.34379,0.02073,0.70784,0.00000,0.00000,-0.70637,1.50162,0.00177,0.00000
60360000000,5.10240,14.31376,0.02073,0.70791,0.00000,0.00000,-0.70631,1.50152,0.00180,0.00000
60380000000,5.10251,14.28373,0.02073,0.70797,0.00000,0.00000,-0.70625,1.50136,0.00182,0.00000
60400000000,5.10262,14.25370,0.02073,0.70803,0.00000,0.00000,-0.70618,1.50134,0.00184,0.00000
60420000000,5.10274,14.22368,0.02073,0.70809,0.00000,0.00000,-0.70612,1.50126,0.00186,0.00000
60440000000,5.10286,14.19365,0.02073,0.70816,0.00000,0.00000,-0.70606,1.50118,0.00188,0.00000
60460000000,5.10299,14.16363,0.02073,0.70822,0.00000,0.00000,-0.70599,1.50108,0.00190,0.00000
60480000000,5.10313,14.13361,0.02073,0.70828,0.00000,0.00000,-0.70593,1.50093,0.00191,0.00000
60500000000,5.10327,14.10359,0.02073,0.70835,0.00000,0.00000,-0.70586,1.50091,0.00193,0.00000
60520000000,5.10342,14.07358,0.02073,0.70842,0.00000,0.00000,-0.70580,1.50074,0.00194,0.00000
60540000000,5.10357,14.04357,0.02073,0.70848,0.00000,0.00000,-0.70573,1.50072,0.00194,0.00000
60560000000,5.10373,14.01355,0.02073,0.70855,0.00000,0.00000,-0.70566,1.50065,0.00195,0.00000
60580000000,5.10389,13.98354,0.02073,0.70861,0.00000,0.00000,-0.70560,1.50055,0.00196,0.00000
60600000000,5.10406,13.95353,0.02073,0.70868,0.00000,0.00000,-0.70553,1.50048,0.00196,0.00000
60620000000,5.10424,13.92353,0.02073,0.70875,0.00000,0.00000,-0.70546,1.50031,0.00196,0.00000
60640000000,5.10442,13.89352,0.02073,0.70881,0.00000,0.00000,-0.70540,1.50031,0.00197,0.00000
60660000000,5.10461,13.86351,0.02073,0.70888,0.00000,0.00000,-0.70533,1.50027,0.00191,0.00000
60680000000,5.10480,13.83351,0.02073,0.70894,0.00000,0.00000,-0.70527,1.50020,0.00191,0.00000
60700000000,5.10499,13.80351,0.02073,0.70901,0.00000,0.00000,-0.70520,1.50010,0.00191,0.00000
60720000000,5.10520,13.77351,0.02073,0.70907,0.00000,0.00000,-0.70514,1.49993,0.00190,0.00000
60740000000,5.10540,13.74351,0.02073,0.70914,0.00000,0.00000,-0.70507,1.49991,0.00189,0.00000
60760000000,5.10562,13.71352,0.02073,0.70920,0.00000,0.00000,-0.70501,1.49986,0.00189,0.00000
60780000000,5.10584,13.68352,0.02073,0.70926,0.00000,0.00000,-0.70494,1.49972,0.00188,0.00000
60800000000,5.10606,13.65353,0.02073,0.70933,0.00000,0.00000,-0.70488,1.49970,0.00187,0.00000
60820000000,5.10629,13.62354,0.02073,0.70939,0.00000,0.00000,-0.70482,1.49953,0.00185,0.00000
60840000000,5.10652,13.59355,0.02073,0.70945,0.00000,0.00000,-0.70476,1.49954,0.00184,0.00000
60860000000,5.10676,13.56356,0.02073,0.70951,0.00000,0.00000,-0.70469,1.49946,0.00182,0.00000
60880000000,5.10700,13.53357,0.02073,0.70957,0.00000,0.00000,-0.70463,1.49942,0.00181,0.00000
60900000000,5.10725,13.50359,0.02073,0.70963,0.00000,0.00000,-0.70457,1.49931,0.00179,0.00000
60920000000,5.10750,13.47360,0.02073,0.70969,0.00000,0.00000,-0.70451,1.49914,0.00177,0.00000
60940000000,5.10776,13.44362,0.02073,0.70975,0.00000,0.00000,-0.70445,1.49916,0.00175,0.00000
60960000000,5.10802,13.41364,0.02073,0.70981,0.00000,0.00000,-0.70440,1.49909,0.00172,0.00000
60980000000,5.10829,13.38366,0.02073,0.70986,0.00000,0.00000,-0.70434,1.49902,0.00170,0.00000
61000000000,5.10856,13.35368,0.02073,0.70992,0.00000,0.00000,-0.70428,1.49895,0.00168,0.00000
61020000000,5.10883,13.32371,0.02073,0.70998,0.00000,0.00000,-0.70423,1.49862,0.00165,0.00000
61040000000,5.10911,13.29374,0.02073,0.71003,0.00000,0.00000,-0.70417,1.49865,0.00162,0.00000
61060000000,5.10939,13.26376,0.02073,0.71008,0.00000,0.00000,-0.70412,1.49867,0.00159,0.00000
61080000000,5.10968,13.23379,0.02073,0.71013,0.00000,0.00000,-0.70407,1.49870,0.00156,0.00000
61100000000,5.10997,13.20382,0.02073,0.71019,0.00000,0.00000,-0.70401,1.49873,0.00152,0.00000
61120000000,5.11026,13.17385,0.02073,0.71024,0.00000,0.00000,-0.70396,1.49847,0.00149,0.00000
61140000000,5.11056,13.14388,0.02073,0.71028,0.00000,0.00000,-0.70392,1.49849,0.00146,0.00000
61160000000,5.11086,13.11391,0.02073,0.71033,0.00000,0.00000,-0.70387,1.49843,0.00142,0.00000
61180000000,5.11117,13.08395,0.02073,0.71038,0.00000,0.00000,-0.70382,1.49841,0.00139,0.00000
61200000000,5.11147,13.05398,0.02073,0.71042,0.00000,0.00000,-0.70378,1.49832,0.00135,0.00000
61220000000,5.11178,13.02402,0.02073,0.71047,0.00000,0.00000,-0.70373,1.49824,0.00131,0.00000
61240000000,5.11210,12.99406,0.02073,0.71051,0.00000,0.00000,-0.70369,1.49821,0.00128,0.00000
61260000000,5.11241,12.96409,0.02073,0.71055,0.00000,0.00000,-0.70365,1.49807,0.00124,0.00000
61280000000,5.11273,12.93413,0.02073,0.71059,0.00000,0.00000,-0.70361,1.49810,0.00119,0.00000
61300000000,5.11305,12.90418,0.02073,0.71063,0.00000,0.00000,-0.70357,1.49805,0.00115,0.00000
61320000000,5.11337,12.87422,0.02073,0.71066,0.00000,0.00000,-0.70353,1.49807,0.00111,0.00000
61340000000,5.11370,12.84426,0.02073,0.71070,0.00000,0.00000,-0.70350,1.49795,0.00107,0.00000
61360000000,5.11403,12.81430,0.02073,0.71073,0.00000,0.00000,-0.70346,1.49784,0.00102,0.00000
61380000000,5.11436,12.78435,0.02073,0.71076,0.00000,0.00000,-0.70343,1.49787,0.00098,0.00000
61400000000,5.11469,12.75439,0.02073,0.71079,0.00000,0.00000,-0.70340,1.49782,0.00093,0.00000
61420000000,5.11502,12.72444,0.02073,0.71082,0.00000,0.00000,-0.70337,1.49785,0.00089,0.00000
61440000000,5.11535,12.69448,0.02073,0.71085,0.00000,0.00000,-0.70335,1.49774,0.00084,0.00000
61460000000,5.11569,12.66453,0.02073,0.71087,0.00000,0.00000,-0.70332,1.49769,0.00079,0.00000
61480000000,5.11602,12.63458,0.02073,0.71090,0.00000,0.00000,-0.70330,1.49767,0.00074,0.00000
61500000000,5.11636,12.60463,0.02073,0.71092,0.00000,0.00000,-0.70327,1.49757,0.00070,0.00000
61520000000,5.11670,12.57468,0.02073,0.71094,0.00000,0.00000,-0.70325,1.49760,0.00064,0.00000
61540000000,5.11704,12.54473,0.02073,0.71096,0.00000,0.00000,-0.70323,1.49757,0.00059,0.00000
61560000000,5.11738,12.51478,0.02073,0.71097,0.00000,0.00000,-0.70322,1.49757,0.00054,0.00000
61580000000,5.11772,12.48483,0.02073,0.71099,0.00000,0.00000,-0.70320,1.49751,0.00049,0.00000
61600000000,5.11806,12.45488,0.02073,0.71100,0.00000,0.00000,-0.70319,1.49747,0.00044,0.00000
61620000000,5.11839,12.42494,0.02073,0.71102,0.00000,0.00000,-0.70318,1.49746,0.00039,0.00000
61640000000,5.11873,12.39499,0.02073,0.71102,0.00000,0.00000,-0.70317,1.49738,0.00034,0.00000
61660000000,5.11907,12.36504,0.02073,0.71103,0.00000,0.00000,-0.70316,1.49742,0.00029,0.00000
61680000000,5.11941,12.33510,0.02073,0.71104,0.00000,0.00000,-0.70315,1.49740,0.00023,0.00000
61700000000,5.11975,12.30515,0.02073,0.71104,0.00000,0.00000,-0.70315,1.49732,0.00018,0.00000
61720000000,5.12009,12.27521,0.02073,0.71105,0.00000,0.00000,-0.70314,1.49731,0.00013,0.00000
61740000000,5.12042,12.24526,0.02073,0.71105,0.00000,0.00000,-0.70314,1.49730,0.00007,0.00000
61760000000,5.12076,12.21532,0.02073,0.71105,0.00000,0.00000,-0.70315,1.49731,0.00002,0.00000
61780000000,5.12109,12.18538,0.02073,0.71104,0.00000,0.00000,-0.70315,1.49734,-0.00004,0.00000
61800000000,5.12143,12.15543,0.02073,0.71104,0.00000,0.00000,-0.70315,1.49728,-0.00009,0.00000
61820000000,5.12176,12.12549,0.02073,0.71103,0.00000,0.00000,-0.70316,1.49732,-0.00014,0.00000
61840000000,5.12209,12.09554,0.02073,0.71102,0.00000,0.00000,-0.70317,1.49727,-0.00020,0.00000
61860000000,5.12241,12.06560,0.02073,0.71101,0.00000,0.00000,-0.70318,1.49731,-0.00025,0.00000
61880000000,5.12274,12.03565,0.02073,0.71100,0.00000,0.00000,-0.70319,1.49731,-0.00030,0.00000
61900000000,5.12306,12.00571,0.02073,0.71099,0.00000,0.00000,-0.70320,1.49734,-0.00036,0.00000
61920000000,5.12338,11.97576,0.02073,0.71097,0.00000,0.00000,-0.70322,1.49731,-0.00041,0.00000
61940000000,5.12370,11.94582,0.02073,0.71096,0.00000,0.00000,-0.70324,1.49728,-0.00046,0.00000
61960000000,5.12402,11.91588,0.02073,0.71094,0.00000,0.00000,-0.70325,1.49732,-0.00051,0.00000
61980000000,5.12433,11.88593,0.02073,0.71092,0.00000,0.00000,-0.70328,1.49733,-0.00057,0.00000
62000000000,5.12464,11.85598,0.02073,0.71090,0.00000,0.00000,-0.70330,1.49737,-0.00062,0.00000
62020000000,5.12495,11.82604,0.02073,0.71087,0.00000,0.00000,-0.70332,1.49735,-0.00067,0.00000
62040000000,5.12526,11.79609,0.02073,0.71085,0.00000,0.00000,-0.70335,1.49738,-0.00072,0.00000
62060000000,5.12556,11.76615,0.02073,0.71082,0.00000,0.00000,-0.70338,1.49737,-0.00077,0.00000
62080000000,5.12585,11.73620,0.02073,0.71079,0.00000,0.00000,-0.70340,1.49737,-0.00082,0.00000
62100000000,5.12615,11.70625,0.02073,0.71076,0.00000,0.00000,-0.70344,1.49741,-0.00087,0.00000
62120000000,5.12644,11.67631,0.02073,0.71073,0.00000,0.00000,-0.70347,1.49742,-0.00092,0.00000
62140000000,5.12673,11.64636,0.02073,0.71069,0.00000,0.00000,-0.70350,1.49746,-0.00097,0.00000
62160000000,5.12701,11.61641,0.02073,0.71066,0.00000,0.00000,-0.70354,1.49747,-0.00102,0.00000
62180000000,5.12729,11.58646,0.02073,0.71062,0.00000,0.00000,-0.70358,1.49748,-0.00107,0.00000
62200000000,5.12756,11.55652,0.02073,0.71058,0.00000,0.00000,-0.70362,1.49751,-0.00111,0.00000
62220000000,5.12783,11.52657,0.02073,0.71054,0.00000,0.00000,-0.70366,1.49754,-0.00116,0.00000
62240000000,5.12810,11.49662,0.02073,0.71050,0.00000,0.00000,-0.70370,1.49757,-0.00121,0.00000
62260000000,5.12836,11.46667,0.02073,0.71046,0.00000,0.00000,-0.70374,1.49760,-0.00125,0.00000
62280000000,5.12862,11.43671,0.02073,0.71041,0.00000,0.00000,-0.70379,1.49762,-0.00129,0.00000
62300000000,5.12887,11.40676,0.02073,0.71036,0.00000,0.00000,-0.70383,1.49766,-0.00134,0.00000
62320000000,5.12912,11.37681,0.02073,0.71032,0.00000,0.00000,-0.70388,1.49769,-0.00138,0.00000
62340000000,5.12936,11.34686,0.02073,0.71027,0.00000,0.00000,-0.70393,1.49773,-0.00142,0.00000
62360000000,5.12959,11.31690,0.02073,0.71022,0.00000,0.00000,-0.70398,1.49776,-0.00146,0.00000
62380000000,5.12983,11.28695,0.02073,0.71017,0.00000,0.00000,-0.70403,1.49780,-0.00151,0.00000
62400000000,5.13005,11.25699,0.02073,0.71011,0.00000,0.00000,-0.70409,1.49784,-0.00154,0.00000
62420000000,5.13027,11.22703,0.02073,0.71006,0.00000,0.00000,-0.70414,1.49788,-0.00158,0.00000
62440000000,5.13049,11.19708,0.02073,0.71000,0.00000,0.00000,-0.70420,1.49792,-0.00162,0.00000
62460000000,5.13070,11.16712,0.02073,0.70995,0.00000,0.00000,-0.70426,1.49796,-0.00166,0.00000
62480000000,5.13091,11.13716,0.02073,0.70989,0.00000,0.00000,-0.70431,1.49800,-0.00169,0.00000
62500000000,5.13111,11.10720,0.02073,0.70983,0.00000,0.00000,-0.70437,1.49804,-0.00173,0.00000
62520000000,5.13130,11.07724,0.02073,0.70977,0.00000,0.00000,-0.70443,1.49811,-0.00176,0.00000
62540000000,5.13149,11.04728,0.02073,0.70971,0.00000,0.00000,-0.70450,1.49814,-0.00180,0.00000
62560000000,5.13167,11.01731,0.02073,0.70965,0.00000,0.00000,-0.70456,1.49818,-0.00183,0.00000
62580000000,5.13184,10.98735,0.02073,0.70958,0.00000,0.00000,-0.70462,1.49822,-0.00186,0.00000
62600000000,5.13201,10.95739,0.02073,0.70952,0.00000,0.00000,-0.70469,1.49828,-0.00189,0.00000
62620000000,5.13218,10.92742,0.02073,0.70945,0.00000,0.00000,-0.70475,1.49834,-0.00192,0.00000
62640000000,5.13234,10.89745,0.02073,0.70939,0.00000,0.00000,-0.70482,1.49838,-0.00194,0.00000
62660000000,5.13249,10.86748,0.02073,0.70932,0.00000,0.00000,-0.70489,1.49847,-0.00197,0.00000
62680000000,5.13263,10.83751,0.02073,0.70925,0.00000,0.00000,-0.70495,1.49849,-0.00199,0.00000
62700000000,5.13277,10.80754,0.02073,0.70918,0.00000,0.00000,-0.70502,1.49858,-0.00202,0.00000
62720000000,5.13290,10.77757,0.02073,0.70912,0.00000,0.00000,-0.70509,1.49859,-0.00204,0.00000
62740000000,5.13303,10.74760,0.02073,0.70905,0.00000,0.00000,-0.70516,1.49865,-0.00206,0.00000
62760000000,5.13315,10.71763,0.02073,0.70897,0.00000,0.00000,-0.70523,1.49867,-0.00208,0.00000
62780000000,5.13326,10.68765,0.02073,0.70890,0.00000,0.00000,-0.70531,1.49876,-0.00210,0.00000
62800000000,5.13337,10.65768,0.02073,0.70883,0.00000,0.00000,-0.70538,1.49879,-0.00212,0.00000
62820000000,5.13347,10.62770,0.02073,0.70876,0.00000,0.00000,-0.70545,1.49888,-0.00214,0.00000
62840000000,5.13356,10.59772,0.02073,0.70869,0.00000,0.00000,-0.70552,1.49898,-0.00215,0.00000
62860000000,5.13365,10.56774,0.02073,0.70861,0.00000,0.00000,-0.70560,1.49901,-0.00217,0.00000
62880000000,5.13373,10.53776,0.02073,0.70854,0.00000,0.00000,-0.70567,1.49905,-0.00218,0.00000
62900000000,5.13381,10.50778,0.02073,0.70846,0.00000,0.00000,-0.70575,1.49915,-0.00219,0.00000
62920000000,5.13388,10.47779,0.02073,0.70839,0.00000,0.00000,-0.70582,1.49917,-0.00220,0.00000
62940000000,5.13394,10.44781,0.02073,0.70832,0.00000,0.00000,-0.70590,1.49923,-0.00221,0.00000
62960000000,5.13399,10.41782,0.02073,0.70824,0.00000,0.00000,-0.70597,1.49926,-0.00222,0.00000
62980000000,5.13404,10.38784,0.02073,0.70816,0.00000,0.00000,-0.70605,1.49936,-0.00223,0.00000
63000000000,5.13408,10.35785,0.02073,0.70809,0.00000,0.00000,-0.70612,1.49942,-0.00223,0.00000
63020000000,5.13412,10.32786,0.02073,0.70801,0.00000,0.00000,-0.70620,1.49948,-0.00224,0.00000
63040000000,5.13415,10.29787,0.02073,0.70794,0.00000,0.00000,-0.70628,1.49955,-0.00224,0.00000
63060000000,5.13417,10.26788,0.02073,0.70786,0.00000,0.00000,-0.70635,1.49960,-0.00224,0.00000
63080000000,5.13418,10.23788,0.02073,0.70779,0.00000,0.00000,-0.70643,1.49971,-0.00224,0.00000
63100000000,5.13419,10.20789,0.02073,0.70771,0.00000,0.00000,-0.70650,1.49972,-0.00223,0.00000
63120000000,5.13420,10.17789,0.02073,0.70763,0.00000,0.00000,-0.70658,1.49985,-0.00223,0.00000
63140000000,5.13419,10.14790,0.02073,0.70756,0.00000,0.00000,-0.70665,1.49984,-0.00223,0.00000
63160000000,5.13418,10.11790,0.02073,0.70748,0.00000,0.00000,-0.70673,1.49991,-0.00222,0.00000
63180000000,5.13417,10.08790,0.02073,0.70741,0.00000,0.00000,-0.70681,1.49998,-0.00222,0.00000
63200000000,5.13415,10.05790,0.02073,0.70733,0.00000,0.00000,-0.70688,1.50003,-0.00221,0.00000
63220000000,5.13412,10.02790,0.02073,0.70726,0.00000,0.00000,-0.70696,1.50015,-0.00220,0.00000
63240000000,5.13408,9.99789,0.02073,0.70718,0.00000,0.00000,-0.70703,1.50015,-0.00219,0.00000
63260000000,5.13404,9.96789,0.02073,0.70711,0.00000,0.00000,-0.70710,1.50029,-0.00218,0.00000
63280000000,5.13400,9.93788,0.02073,0.70704,0.00000,0.00000,-0.70718,1.50031,-0.00217,0.00000
63300000000,5.13394,9.90788,0.02073,0.70696,0.00000,0.00000,-0.70725,1.50034,-0.00216,0.00000
63320000000,5.13389,9.87787,0.02073,0.70689,0.00000,0.00000,-0.70732,1.50047,-0.00214,0.00000
63340000000,5.13382,9.84786,0.02073,0.70682,0.00000,0.00000,-0.70740,1.50048,-0.00213,0.00000
63360000000,5.13375,9.81785,0.02073,0.70675,0.00000,0.00000,-0.70747,1.50051,-0.00211,0.00000
63380000000,5.13368,9.78784,0.02073,0.70668,0.00000,0.00000,-0.70754,1.50065,-0.00209,0.00000
63400000000,5.13359,9.75782,0.02073,0.70660,0.00000,0.00000,-0.70761,1.50063,-0.00207,0.00000
63420000000,5.13351,9.72781,0.02073,0.70653,0.00000,0.00000,-0.70768,1.50069,-0.00205,0.00000
63440000000,5.13342,9.69780,0.02073,0.70647,0.00000,0.00000,-0.70775,1.50067,-0.00203,0.00000
63460000000,5.13332,9.66778,0.02073,0.70640,0.00000,0.00000,-0.70782,1.50081,-0.00201,0.00000
63480000000,5.13321,9.63777,0.02073,0.70633,0.00000,0.00000,-0.70788,1.50083,-0.00199,0.00000
63500000000,5.13311,9.60775,0.02073,0.70626,0.00000,0.00000,-0.70795,1.50092,-0.00197,0.00000
63520000000,5.13299,9.57773,0.02073,0.70620,0.00000,0.00000,-0.70802,1.50096,-0.00194,0.00000
63540000000,5.13287,9.54771,0.02073,0.70613,0.00000,0.00000,-0.70808,1.50103,-0.00192,0.00000
63560000000,5.13275,9.51769,0.02073,0.70607,0.00000,0.00000,-0.70815,1.50110,-0.00189,0.00000
63580000000,5.13262,9.48767,0.02073,0.70600,0.00000,0.00000,-0.70821,1.50114,-0.00186,0.00000
63600000000,5.13249,9.45764,0.02073,0.70594,0.00000,0.00000,-0.70827,1.50125,-0.00183,0.00000
63620000000,5.13235,9.42762,0.02073,0.70588,0.00000,0.00000,-0.70833,1.50124,-0.00180,0.00000
63640000000,5.13221,9.39759,0.02073,0.70582,0.00000,0.00000,-0.70839,1.50129,-0.00177,0.00000
63660000000,5.13206,9.36757,0.02073,0.70576,0.00000,0.00000,-0.70845,1.50139,-0.00174,0.00000
63680000000,5.13191,9.33754,0.02073,0.70570,0.00000,0.00000,-0.70851,1.50145,-0.00171,0.00000
63700000000,5.13175,9.30751,0.02073,0.70564,0.00000,0.00000,-0.70857,1.50142,-0.00167,0.00000
63720000000,5.13160,9.27748,0.02073,0.70559,0.00000,0.00000,-0.70862,1.50139,-0.00164,0.00000
63740000000,5.13143,9.24745,0.02073,0.70553,0.00000,0.00000,-0.70868,1.50137,-0.00161,0.00000
63760000000,5.13126,9.21743,0.02073,0.70548,0.00000,0.00000,-0.70873,1.50153,-0.00157,0.00000
63780000000,5.13109,9.18739,0.02073,0.70543,0.00000,0.00000,-0.70878,1.50162,-0.00154,0.00000
63800000000,5.13092,9.15736,0.02073,0.70538,0.00000,0.00000,-0.70883,1.50174,-0.00150,0.00000
63820000000,5.13074,9.12733,0.02073,0.70533,0.00000,0.00000,-0.70888,1.50172,-0.00146,0.00000
63840000000,5.13056,9.09729,0.02073,0.70528,0.00000,0.00000,-0.70893,1.50174,-0.00142,0.00000
63860000000,5.13037,9.06726,0.02073,0.70523,0.00000,0.00000,-0.70898,1.50183,-0.00138,0.00000
63880000000,5.13018,9.03722,0.02073,0.70518,0.00000,0.00000,-0.70903,1.50182,-0.00134,0.00000
63900000000,5.12999,9.00718,0.02073,0.70514,0.00000,0.00000,-0.70907,1.50193,-0.00130,0.00000
63920000000,5.12980,8.97715,0.02073,0.70510,0.00000,0.00000,-0.70911,1.50192,-0.00126,0.00000
63940000000,5.12960,8.94711,0.02073,0.70505,0.00000,0.00000,-0.70915,1.50193,-0.00122,0.00000
63960000000,5.12940,8.91707,0.02073,0.70501,0.00000,0.00000,-0.70919,1.50203,-0.00117,0.00000
63980000000,5.12920,8.88703,0.02073,0.70497,0.00000,0.00000,-0.70923,1.50199,-0.00113,0.00000
64000000000,5.12899,8.85699,0.02073,0.70494,0.00000,0.00000,-0.70927,1.50203,-0.00109,0.00000
64020000000,5.12879,8.82695,0.02073,0.70490,0.00000,0.00000,-0.70931,1.50205,-0.00104,0.00000
64040000000,5.12858,8.79691,0.02073,0.70487,0.00000,0.00000,-0.70934,1.50208,-0.00100,0.00000
64060000000,5.12837,8.76687,0.02073,0.70483,0.00000,0.00000,-0.70937,1.50217,-0.00095,0.00000
64080000000,5.12816,8.73682,0.02073,0.70480,0.00000,0.00000,-0.70940,1.50214,-0.00091,0.00000
64100000000,5.12794,8.70678,0.02073,0.70477,0.00000,0.00000,-0.70943,1.50216,-0.00086,0.00000
64120000000,5.12773,8.67674,0.02073,0.70475,0.00000,0.00000,-0.70946,1.50212,-0.00082,0.00000
64140000000,5.12751,8.64670,0.02073,0.70472,0.00000,0.00000,-0.70949,1.50221,-0.00077,0.00000
64160000000,5.12729,8.61665,0.02073,0.70469,0.00000,0.00000,-0.70951,1.50223,-0.00072,0.00000
64180000000,5.12707,8.58661,0.02073,0.70467,0.00000,0.00000,-0.70953,1.50225,-0.00068,0.00000
64200000000,5.12685,8.55656,0.02073,0.70465,0.00000,0.00000,-0.70956,1.50232,-0.00063,0.00000
64220000000,5.12663,8.52652,0.02073,0.70463,0.00000,0.00000,-0.70958,1.50228,-0.00058,0.00000
64240000000,5.12641,8.49647,0.02073,0.70461,0.00000,0.00000,-0.70959,1.50229,-0.00053,0.00000
64260000000,5.12618,8.46643,0.02073,0.70459,0.00000,0.00000,-0.70961,1.50232,-0.00049,0.00000
64280000000,5.12596,8.43638,0.02073,0.70458,0.00000,0.00000,-0.70963,1.50232,-0.00044,0.00000
64300000000,5.12574,8.40634,0.02073,0.70456,0.00000,0.00000,-0.70964,1.50238,-0.00039,0.00000
64320000000,5.12551,8.37629,0.02073,0.70455,0.00000,0.00000,-0.70965,1.50235,-0.00034,0.00000
64340000000,5.12529,8.34624,0.02073,0.70454,0.00000,0.00000,-0.70966,1.50235,-0.00030,0.00000
64360000000,5.12507,8.31620,0.02073,0.70453,0.00000,0.00000,-0.70967,1.50240,-0.00025,0.00000
64380000000,5.12485,8.28615,0.02073,0.70453,0.00000,0.00000,-0.70968,1.50236,-0.00020,0.00000
64400000000,5.12462,8.25610,0.02073,0.70452,0.00000,0.00000,-0.70968,1.50236,-0.00015,0.00000
64420000000,5.12440,8.22606,0.02073,0.70452,0.00000,0.00000,-0.70969,1.50237,-0.00010,0.00000
64440000000,5.12418,8.19601,0.02073,0.70451,0.00000,0.00000,-0.70969,1.50237,-0.00006,0.00000
64460000000,5.12396,8.16596,0.02073,0.70451,0.00000,0.00000,-0.70969,1.50241,-0.00001,0.00000
64480000000,5.12374,8.13592,0.02073,0.70451,0.00000,0.00000,-0.70969,1.50238,0.00004,0.00000
64500000000,5.12352,8.10587,0.02073,0.70452,0.00000,0.00000,-0.70969,1.50236,0.00009,0.00000
64520000000,5.12330,8.07582,0.02073,0.70452,0.00000,0.00000,-0.70968,1.50239,0.00013,0.00000
64540000000,5.12309,8.04578,0.02073,0.70453,0.00000,0.00000,-0.70968,1.50236,0.00018,0.00000
64560000000,5.12287,8.01573,0.02073,0.70453,0.00000,0.00000,-0.70967,1.50234,0.00023,0.00000
64580000000,5.12266,7.98568,0.02073,0.70454,0.00000,0.00000,-0.70966,1.50235,0.00027,0.00000
64600000000,5.12245,7.95564,0.02073,0.70455,0.00000,0.00000,-0.70965,1.50233,0.00032,0.00000
64620000000,5.12224,7.92559,0.02073,0.70456,0.00000,0.00000,-0.70964,1.50234,0.00036,0.00000
64640000000,5.12203,7.89555,0.02073,0.70458,0.00000,0.00000,-0.70963,1.50230,0.00041,0.00000
64660000000,5.12183,7.86550,0.02073,0.70459,0.00000,0.00000,-0.70961,1.50229,0.00045,0.00000
64680000000,5.12163,7.83546,0.02073,0.70461,0.00000,0.00000,-0.70960,1.50228,0.00050,0.00000
64700000000,5.12142,7.80541,0.02073,0.70463,0.00000,0.00000,-0.70958,1.50226,0.00054,0.00000
64720000000,5.12123,7.77537,0.02073,0.70465,0.00000,0.00000,-0.70956,1.50226,0.00058,0.00000
64740000000,5.12103,7.74532,0.02073,0.70467,0.00000,0.00000,-0.70954,1.50222,0.00063,0.00000
64760000000,5.12084,7.71528,0.02073,0.70469,0.00000,0.00000,-0.70952,1.50220,0.00067,0.00000
64780000000,5.12065,7.68524,0.02073,0.70471,0.00000,0.00000,-0.70949,1.50217,0.00071,0.00000
64800000000,5.12046,7.65520,0.02073,0.70474,0.00000,0.00000,-0.70947,1.50216,0.00075,0.00000
64820000000,5.12028,7.62515,0.02073,0.70477,0.00000,0.00000,-0.70944,1.50213,0.00079,0.00000
64840000000,5.12010,7.59511,0.02073,0.70479,0.00000,0.00000,-0.70941,1.50211,0.00083,0.00000
64860000000,5.11992,7.56507,0.02073,0.70482,0.00000,0.00000,-0.70938,1.50209,0.00087,0.00000
64880000000,5.11974,7.53503,0.02073,0.70485,0.00000,0.00000,-0.70935,1.50205,0.00091,0.00000
64900000000,5.11957,7.50499,0.02073,0.70488,0.00000,0.00000,-0.70932,1.50202,0.00095,0.00000
64920000000,5.11941,7.47495,0.02073,0.70492,0.00000,0.00000,-0.70929,1.50200,0.00098,0.00000
64940000000,5.11924,7.44491,0.02073,0.70495,0.00000,0.00000,-0.70925,1.50196,0.00102,0.00000
64960000000,5.11908,7.41487,0.02073,0.70499,0.00000,0.00000,-0.70922,1.50193,0.00105,0.00000
64980000000,5.11892,7.38483,0.02073,0.70502,0.00000,0.00000,-0.70918,1.50190,0.00109,0.00000
65000000000,5.11877,7.35480,0.02073,0.70506,0.00000,0.00000,-0.70915,1.50187,0.00112,0.00000
65020000000,5.11862,7.32476,0.02073,0.70510,0.00000,0.00000,-0.70911,1.50184,0.00116,0.00000
65040000000,5.11848,7.29473,0.02073,0.70514,0.00000,0.00000,-0.70907,1.50180,0.00119,0.00000
65060000000,5.11834,7.26469,0.02073,0.70518,0.00000,0.00000,-0.70903,1.50175,0.00122,0.00000
65080000000,5.11820,7.23466,0.02073,0.70523,0.00000,0.00000,-0.70898,1.50172,0.00125,0.00000
65100000000,5.11807,7.20462,0.02073,0.70527,0.00000,0.00000,-0.70894,1.50168,0.00128,0.00000
65120000000,5.11794,7.17459,0.02073,0.70531,0.00000,0.00000,-0.70890,1.50164,0.00131,0.00000
65140000000,5.11782,7.14456,0.02073,0.70536,0.00000,0.00000,-0.70885,1.50160,0.00134,0.00000
65160000000,5.11770,7.11453,0.02073,0.70540,0.00000,0.00000,-0.70881,1.50155,0.00137,0.00000
65180000000,5.11758,7.08450,0.02073,0.70545,0.00000,0.00000,-0.70876,1.50152,0.00139,0.00000
65200000000,5.11747,7.05447,0.02073,0.70550,0.00000,0.00000,-0.70871,1.50146,0.00142,0.00000
65220000000,5.11737,7.02444,0.02073,0.70555,0.00000,0.00000,-0.70866,1.50144,0.00144,0.00000
65240000000,5.11727,6.99441,0.02073,0.70560,0.00000,0.00000,-0.70861,1.50139,0.00147,0.00000
65260000000,5.11717,6.96438,0.02073,0.70565,0.00000,0.00000,-0.70856,1.50135,0.00149,0.00000
65280000000,5.11708,6.93436,0.02073,0.70570,0.00000,0.00000,-0.70851,1.50130,0.00151,0.00000
65300000000,5.11699,6.90433,0.02073,0.70575,0.00000,0.00000,-0.70846,1.50123,0.00153,0.00000
65320000000,5.11691,6.87431,0.02073,0.70580,0.00000,0.00000,-0.70841,1.50120,0.00155,0.00000
65340000000,5.11684,6.84428,0.02073,0.70586,0.00000,0.00000,-0.70835,1.50116,0.00157,0.00000
65360000000,5.11676,6.81426,0.02073,0.70591,0.00000,0.00000,-0.70830,1.50108,0.00159,0.00000
65380000000,5.11670,6.78424,0.02073,0.70597,0.00000,0.00000,-0.70825,1.50106,0.00160,0.00000
65400000000,5.11663,6.75422,0.02073,0.70602,0.00000,0.00000,-0.70819,1.50102,0.00162,0.00000
65420000000,5.11658,6.72420,0.02073,0.70608,0.00000,0.00000,-0.70814,1.50096,0.00163,0.00000
65440000000,5.11652,6.69418,0.02073,0.70613,0.00000,0.00000,-0.70808,1.50092,0.00165,0.00000
65460000000,5.11648,6.66417,0.02073,0.70619,0.00000,0.00000,-0.70803,1.50084,0.00166,0.00000
65480000000,5.11644,6.63415,0.02073,0.70624,0.00000,0.00000,-0.70797,1.50082,0.00167,0.00000
65500000000,5.11640,6.60413,0.02073,0.70630,0.00000,0.00000,-0.70791,1.50077,0.00168,0.00000
65520000000,5.11637,6.57412,0.02073,0.70636,0.00000,0.00000,-0.70785,1.50073,0.00169,0.00000
65540000000,5.11634,6.54410,0.02073,0.70642,0.00000,0.00000,-0.70780,1.50067,0.00170,0.00000
65560000000,5.11632,6.51409,0.02073,0.70647,0.00000,0.00000,-0.70774,1.50057,0.00171,0.00000
65580000000,5.11630,6.48408,0.02073,0.70653,0.00000,0.00000,-0.70768,1.50056,0.00171,0.00000
65600000000,5.11629,6.45407,0.02073,0.70659,0.00000,0.00000,-0.70762,1.50052,0.00172,0.00000
65620000000,5.11628,6.42406,0.02073,0.70665,0.00000,0.00000,-0.70756,1.50043,0.00172,0.00000
65640000000,5.11628,6.39405,0.02073,0.70671,0.00000,0.00000,-0.70751,1.50041,0.00173,0.00000
65660000000,5.11628,6.36405,0.02073,0.70677,0.00000,0.00000,-0.70745,1.50033,0.00173,0.00000
65680000000,5.11629,6.33404,0.02073,0.70682,0.00000,0.00000,-0.70739,1.50031,0.00173,0.00000
65700000000,5.11630,6.30403,0.02073,0.70688,0.00000,0.00000,-0.70733,1.50021,0.00172,0.00000
65720000000,5.11632,6.27403,0.02073,0.70694,0.00000,0.00000,-0.70727,1.50021,0.00172,0.00000
65740000000,5.11635,6.24403,0.02073,0.70700,0.00000,0.00000,-0.70721,1.50016,0.00172,0.00000
65760000000,5.11637,6.21402,0.02073,0.70706,0.00000,0.00000,-0.70716,1.50016,0.00172,0.00000
65780000000,5.11641,6.18402,0.02073,0.70712,0.00000,0.00000,-0.70710,1.50005,0.00172,0.00000
65800000000,5.11644,6.15402,0.02073,0.70717,0.00000,0.00000,-0.70704,1.50006,0.00171,0.00000
65820000000,5.11649,6.12402,0.02073,0.70723,0.00000,0.00000,-0.70698,1.49995,0.00171,0.00000
65840000000,5.11653,6.09402,0.02073,0.70729,0.00000,0.00000,-0.70692,1.49988,0.00170,0.00000
65860000000,5.11659,6.06403,0.02073,0.70735,0.00000,0.00000,-0.70687,1.49985,0.00169,0.00000
65880000000,5.11664,6.03403,0.02073,0.70740,0.00000,0.00000,-0.70681,1.49974,0.00168,0.00000
65900000000,5.11670,6.00404,0.02073,0.70746,0.00000,0.00000,-0.70675,1.49974,0.00167,0.00000
65920000000,5.11677,5.97404,0.02073,0.70752,0.00000,0.00000,-0.70670,1.49970,0.00166,0.00000
65940000000,5.11684,5.94405,0.02073,0.70757,0.00000,0.00000,-0.70664,1.49959,0.00165,0.00000
65960000000,5.11691,5.91406,0.02073,0.70763,0.00000,0.00000,-0.70658,1.49960,0.00164,0.00000
65980000000,5.11699,5.88407,0.02073,0.70768,0.00000,0.00000,-0.70653,1.49955,0.00162,0.00000
66000000000,5.11708,5.85408,0.02073,0.70774,0.00000,0.00000,-0.70647,1.49949,0.00161,0.00000
66020000000,5.11717,5.82409,0.02073,0.70779,0.00000,0.00000,-0.70642,1.49946,0.00159,0.00000
66040000000,5.11726,5.79410,0.02073,0.70785,0.00000,0.00000,-0.70637,1.49935,0.00158,0.00000
66060000000,5.11735,5.76411,0.02073,0.70790,0.00000,0.00000,-0.70631,1.49934,0.00156,0.00000
66080000000,5.11745,5.73413,0.02073,0.70795,0.00000,0.00000,-0.70626,1.49932,0.00154,0.00000
66100000000,5.11756,5.70414,0.02073,0.70800,0.00000,0.00000,-0.70621,1.49921,0.00152,0.00000
66120000000,5.11767,5.67416,0.02073,0.70805,0.00000,0.00000,-0.70616,1.49923,0.00150,0.00000
66140000000,5.11778,5.64418,0.02073,0.70810,0.00000,0.00000,-0.70611,1.49918,0.00148,0.00000
66160000000,5.11790,5.61419,0.02073,0.70815,0.00000,0.00000,-0.70606,1.49920,0.00146,0.00000
66180000000,5.11802,5.58421,0.02073,0.70820,0.00000,0.00000,-0.70601,1.49909,0.00144,0.00000
66200000000,5.11814,5.55423,0.02073,0.70825,0.00000,0.00000,-0.70596,1.49890,0.00142,0.00000
66220000000,5.11827,5.52425,0.02073,0.70830,0.00000,0.00000,-0.70591,1.49883,0.00139,0.00000
66240000000,5.11840,5.49428,0.02073,0.70834,0.00000,0.00000,-0.70587,1.49885,0.00136,0.00000
66260000000,5.11853,5.46430,0.02073,0.70839,0.00000,0.00000,-0.70582,1.49887,0.00134,0.00000
66280000000,5.11867,5.43432,0.02073,0.70843,0.00000,0.00000,-0.70578,1.49890,0.00131,0.00000
66300000000,5.11881,5.40435,0.02073,0.70848,0.00000,0.00000,-0.70574,1.49892,0.00128,0.00000
66320000000,5.11895,5.37437,0.02073,0.70852,0.00000,0.00000,-0.70569,1.49894,0.00126,0.00000
66340000000,5.11910,5.34439,0.02073,0.70856,0.00000,0.00000,-0.70565,1.49896,0.00123,0.00000
66360000000,5.11925,5.31441,0.02073,0.70860,0.00000,0.00000,-0.70561,1.49883,0.00121,0.00000
66380000000,5.11940,5.28444,0.02073,0.70864,0.00000,0.00000,-0.70557,1.49870,0.00118,0.00000
66400000000,5.11955,5.25446,0.02073,0.70868,0.00000,0.00000,-0.70553,1.49861,0.00115,0.00000
66420000000,5.11971,5.22449,0.02073,0.70872,0.00000,0.00000,-0.70549,1.49863,0.00112,0.00000
66440000000,5.11987,5.19452,0.02073,0.70875,0.00000,0.00000,-0.70546,1.49860,0.00109,0.00000
66460000000,5.12003,5.16455,0.02073,0.70879,0.00000,0.00000,-0.70542,1.49856,0.00106,0.00000
66480000000,5.12020,5.13458,0.02073,0.70882,0.00000,0.00000,-0.70539,1.49854,0.00103,0.00000
66500000000,5.12037,5.10461,0.02073,0.70886,0.00000,0.00000,-0.70535,1.49845,0.00099,0.00000
66520000000,5.12054,5.07464,0.02073,0.70889,0.00000,0.00000,-0.70532,1.49848,0.00096,0.00000
66540000000,5.12071,5.04467,0.02073,0.70892,0.00000,0.00000,-0.70529,1.49845,0.00093,0.00000
66560000000,5.12088,5.01470,0.02073,0.70895,0.00000,0.00000,-0.70526,1.49845,0.00089,0.00000
66580000000,5.12106,4.98474,0.02073,0.70898,0.00000,0.00000,-0.70523,1.49840,0.00086,0.00000
66600000000,5.12123,4.95477,0.02073,0.70901,0.00000,0.00000,-0.70520,1.49834,0.00082,0.00000
66620000000,5.12141,4.92480,0.02073,0.70903,0.00000,0.00000,-0.70518,1.49835,0.00079,0.00000
66640000000,5.12159,4.89484,0.02073,0.70906,0.00000,0.00000,-0.70515,1.49828,0.00075,0.00000
66660000000,5.12177,4.86487,0.02073,0.70908,0.00000,0.00000,-0.70513,1.49831,0.00072,0.00000
66680000000,5.12195,4.83491,0.02073,0.70910,0.00000,0.00000,-0.70510,1.49829,0.00068,0.00000
66700000000,5.12214,4.80494,0.02073,0.70912,0.00000,0.00000,-0.70508,1.49832,0.00065,0.00000
66720000000,5.12232,4.77498,0.02073,0.70915,0.00000,0.00000,-0.70506,1.49825,0.00061,0.00000
66740000000,5.12251,4.74501,0.02073,0.70916,0.00000,0.00000,-0.70504,1.49818,0.00057,0.00000
66760000000,5.12269,4.71505,0.02073,0.70918,0.00000,0.00000,-0.70503,1.49821,0.00053,0.00000
66780000000,5.12288,4.68509,0.02073,0.70920,0.00000,0.00000,-0.70501,1.49820,0.00050,0.00000
66800000000,5.12307,4.65512,0.02073,0.70921,0.00000,0.00000,-0.70499,1.49819,0.00046,0.00000
66820000000,5.12326,4.62516,0.02073,0.70923,0.00000,0.00000,-0.70498,1.49817,0.00042,0.00000
66840000000,5.12344,4.59520,0.02073,0.70924,0.00000,0.00000,-0.70497,1.49812,0.00038,0.00000
66860000000,5.12363,4.56524,0.02073,0.70925,0.00000,0.00000,-0.70496,1.49815,0.00035,0.00000
66880000000,5.12382,4.53527,0.02073,0.70926,0.00000,0.00000,-0.70495,1.49814,0.00031,0.00000
66900000000,5.12401,4.50531,0.02073,0.70927,0.00000,0.00000,-0.70494,1.49813,0.00027,0.00000
66920000000,5.12420,4.47535,0.02073,0.70928,0.00000,0.00000,-0.70493,1.49813,0.00023,0.00000
66940000000,5.12439,4.44539,0.02073,0.70928,0.00000,0.00000,-0.70492,1.49808,0.00019,0.00000
66960000000,5.12458,4.41543,0.02073,0.70929,0.00000,0.00000,-0.70492,1.49810,0.00015,0.00000
66980000000,5.12476,4.38546,0.02073,0.70929,0.00000,0.00000,-0.70492,1.49811,0.00012,0.00000
67000000000,5.12495,4.35550,0.02073,0.70929,0.00000,0.00000,-0.70491,1.49808,0.00008,0.00000
67020000000,5.12514,4.32554,0.02073,0.70929,0.00000,0.00000,-0.70491,1.49810,0.00004,0.00000
67040000000,5.12532,4.29558,0.02073,0.70929,0.00000,0.00000,-0.70491,1.49811,0.00000,0.00000
67060000000,5.12551,4.26562,0.02073,0.70929,0.00000,0.00000,-0.70491,1.49809,-0.00004,0.00000
67080000000,5.12569,4.23566,0.02073,0.70929,0.00000,0.00000,-0.70492,1.49811,-0.00007,0.00000
67100000000,5.12588,4.20570,0.02073,0.70928,0.00000,0.00000,-0.70492,1.49809,-0.00011,0.00000
67120000000,5.12606,4.17573,0.02073,0.70928,0.00000,0.00000,-0.70493,1.49812,-0.00015,0.00000
67140000000,5.12624,4.14577,0.02073,0.70927,0.00000,0.00000,-0.70493,1.49812,-0.00019,0.00000
67160000000,5.12642,4.11581,0.02073,0.70926,0.00000,0.00000,-0.70494,1.49815,-0.00022,0.00000
67180000000,5.12660,4.08585,0.02073,0.70926,0.00000,0.00000,-0.70495,1.49814,-0.00026,0.00000
67200000000,5.12677,4.05589,0.02073,0.70925,0.00000,0.00000,-0.70496,1.49815,-0.00030,0.00000
67220000000,5.12695,4.02592,0.02073,0.70923,0.00000,0.00000,-0.70497,1.49815,-0.00033,0.00000
67240000000,5.12712,3.99596,0.02073,0.70922,0.00000,0.00000,-0.70499,1.49815,-0.00037,0.00000
67260000000,5.12729,3.96600,0.02072,0.70921,0.00000,0.00000,-0.70500,1.49818,-0.00040,0.00000
67280000000,5.12746,3.93603,0.02072,0.70919,0.00000,0.00000,-0.70502,1.49819,-0.00044,0.00000
67300000000,5.12763,3.90607,0.02072,0.70917,0.00000,0.00000,-0.70503,1.49821,-0.00047,0.00000
67320000000,5.12779,3.87611,0.02072,0.70916,0.00000,0.00000,-0.70505,1.49822,-0.00051,0.00000
67340000000,5.12795,3.84614,0.02072,0.70914,0.00000,0.00000,-0.70507,1.49822,-0.00054,0.00000
67360000000,5.12811,3.81618,0.02072,0.70912,0.00000,0.00000,-0.70509,1.49825,-0.00058,0.00000
67380000000,5.12827,3.78621,0.02072,0.70910,0.00000,0.00000,-0.70511,1.49827,-0.00061,0.00000
67400000000,5.12843,3.75625,0.02072,0.70908,0.00000,0.00000,-0.70513,1.49828,-0.00064,0.00000
67420000000,5.12858,3.72628,0.02072,0.70905,0.00000,0.00000,-0.70516,1.49830,-0.00067,0.00000
67440000000,5.12873,3.69632,0.02072,0.70903,0.00000,0.00000,-0.70518,1.49832,-0.00070,0.00000
67460000000,5.12888,3.66635,0.02072,0.70900,0.00000,0.00000,-0.70520,1.49835,-0.00074,0.00000
67480000000,5.12902,3.63638,0.02072,0.70898,0.00000,0.00000,-0.70523,1.49837,-0.00077,0.00000
67500000000,5.12916,3.60642,0.02072,0.70895,0.00000,0.00000,-0.70526,1.49839,-0.00080,0.00000
67520000000,5.12930,3.57645,0.02072,0.70892,0.00000,0.00000,-0.70529,1.49841,-0.00083,0.00000
67540000000,5.12944,3.54648,0.02072,0.70889,0.00000,0.00000,-0.70532,1.49844,-0.00086,0.00000
67560000000,5.12957,3.51651,0.02072,0.70886,0.00000,0.00000,-0.70535,1.49847,-0.00088,0.00000
67580000000,5.12970,3.48654,0.02072,0.70883,0.00000,0.00000,-0.70538,1.49849,-0.00091,0.00000
67600000000,5.12983,3.45657,0.02072,0.70880,0.00000,0.00000,-0.70541,1.49852,-0.00094,0.00000
67620000000,5.12995,3.42660,0.02072,0.70877,0.00000,0.00000,-0.70544,1.49855,-0.00097,0.00000
67640000000,5.13007,3.39663,0.02072,0.70873,0.00000,0.00000,-0.70548,1.49859,-0.00099,0.00000
67660000000,5.13019,3.36666,0.02072,0.70870,0.00000,0.00000,-0.70551,1.49861,-0.00102,0.00000
67680000000,5.13030,3.33669,0.02072,0.70866,0.00000,0.00000,-0.70555,1.49864,-0.00104,0.00000
67700000000,5.13041,3.30671,0.02072,0.70863,0.00000,0.00000,-0.70558,1.49866,-0.00107,0.00000
67720000000,5.13051,3.27674,0.02072,0.70859,0.00000,0.00000,-0.70562,1.49870,-0.00109,0.00000
67740000000,5.13062,3.24677,0.02072,0.70855,0.00000,0.00000,-0.70566,1.49872,-0.00111,0.00000
67760000000,5.13071,3.21679,0.02072,0.70851,0.00000,0.00000,-0.70570,1.49877,-0.00113,0.00000
67780000000,5.13081,3.18681,0.02072,0.70847,0.00000,0.00000,-0.70574,1.49880,-0.00115,0.00000
67800000000,5.13090,3.15684,0.02072,0.70843,0.00000,0.00000,-0.70578,1.49883,-0.00117,0.00000
67820000000,5.13099,3.12686,0.02072,0.70839,0.00000,0.00000,-0.70582,1.49889,-0.00119,0.00000
67840000000,5.13107,3.09688,0.02072,0.70835,0.00000,0.00000,-0.70586,1.49890,-0.00121,0.00000
67860000000,5.13115,3.06690,0.02072,0.70831,0.00000,0.00000,-0.70590,1.49894,-0.00123,0.00000
67880000000,5.13122,3.03693,0.02072,0.70827,0.00000,0.00000,-0.70594,1.49895,-0.00125,0.00000
67900000000,5.13130,3.00695,0.02072,0.70823,0.00000,0.00000,-0.70599,1.49901,-0.00126,0.00000
67920000000,5.13136,2.97696,0.02072,0.70818,0.00000,0.00000,-0.70603,1.49906,-0.00128,0.00000
67940000000,5.13143,2.94698,0.02072,0.70814,0.00000,0.00000,-0.70607,1.49909,-0.00129,0.00000
67960000000,5.13149,2.91700,0.02072,0.70809,0.00000,0.00000,-0.70612,1.49916,-0.00131,0.00000
67980000000,5.13154,2.88702,0.02072,0.70805,0.00000,0.00000,-0.70616,1.49917,-0.00132,0.00000
68000000000,5.13159,2.85703,0.02072,0.70800,0.00000,0.00000,-0.70621,1.49921,-0.00133,0.00000
68020000000,5.13164,2.82705,0.02072,0.70796,0.00000,0.00000,-0.70625,1.49927,-0.00134,0.00000
68040000000,5.13168,2.79706,0.02072,0.70791,0.00000,0.00000,-0.70630,1.49929,-0.00135,0.00000
68060000000,5.13172,2.76708,0.02072,0.70787,0.00000,0.00000,-0.70635,1.49936,-0.00136,0.00000
68080000000,5.13176,2.73709,0.02072,0.70782,0.00000,0.00000,-0.70639,1.49937,-0.00137,0.00000
68100000000,5.13179,2.70710,0.02072,0.70777,0.00000,0.00000,-0.70644,1.49941,-0.00138,0.00000
68120000000,5.13182,2.67711,0.02072,0.70773,0.00000,0.00000,-0.70649,1.49941,-0.00139,0.00000
68140000000,5.13184,2.64712,0.02072,0.70768,0.00000,0.00000,-0.70653,1.49949,-0.00140,0.00000
68160000000,5.13186,2.61713,0.02072,0.70763,0.00000,0.00000,-0.70658,1.49952,-0.00140,0.00000
68180000000,5.13187,2.58714,0.02072,0.70758,0.00000,0.00000,-0.70663,1.49957,-0.00141,0.00000
68200000000,5.13188,2.55715,0.02072,0.70754,0.00000,0.00000,-0.70668,1.49965,-0.00141,0.00000
68220000000,5.13189,2.52716,0.02072,0.70749,0.00000,0.00000,-0.70672,1.49966,-0.00141,0.00000
68240000000,5.13189,2.49716,0.02072,0.70744,0.00000,0.00000,-0.70677,1.49974,-0.00141,0.00000
68260000000,5.13189,2.46717,0.02072,0.70739,0.00000,0.00000,-0.70682,1.49975,-0.00142,0.00000
68280000000,5.13188,2.43717,0.02072,0.70734,0.00000,0.00000,-0.70687,1.49978,-0.00142,0.00000
68300000000,5.13187,2.40717,0.02072,0.70730,0.00000,0.00000,-0.70692,1.49986,-0.00141,0.00000
68320000000,5.13186,2.37718,0.02072,0.70725,0.00000,0.00000,-0.70696,1.49986,-0.00141,0.00000
68340000000,5.13184,2.34718,0.02072,0.70720,0.00000,0.00000,-0.70701,1.49990,-0.00141,0.00000
68360000000,5.13182,2.31718,0.02072,0.70715,0.00000,0.00000,-0.70706,1.49995,-0.00141,0.00000
68380000000,5.13179,2.28718,0.02072,0.70711,0.00000,0.00000,-0.70711,1.49999,-0.00140,0.00000
68400000000,5.13176,2.25718,0.02072,0.70706,0.00000,0.00000,-0.70716,1.50007,-0.00140,0.00000
68420000000,5.13173,2.22718,0.02072,0.70701,0.00000,0.00000,-0.70720,1.50007,-0.00139,0.00000
68440000000,5.13169,2.19718,0.02072,0.70696,0.00000,0.00000,-0.70725,1.50011,-0.00139,0.00000
68460000000,5.13165,2.16717,0.02072,0.70692,0.00000,0.00000,-0.70730,1.50013,-0.00138,0.00000
68480000000,5.13160,2.13717,0.02072,0.70687,0.00000,0.00000,-0.70734,1.50019,-0.00137,0.00000
68500000000,5.13155,2.10717,0.02072,0.70682,0.00000,0.00000,-0.70739,1.50025,-0.00136,0.00000
68520000000,5.13150,2.07716,0.02072,0.70678,0.00000,0.00000,-0.70744,1.50027,-0.00135,0.00000
68540000000,5.13144,2.04715,0.02072,0.70673,0.00000,0.00000,-0.70748,1.50036,-0.00134,0.00000
68560000000,5.13138,2.01715,0.02072,0.70669,0.00000,0.00000,-0.70753,1.50036,-0.00133,0.00000
68580000000,5.13132,1.98714,0.02072,0.70664,0.00000,0.00000,-0.70757,1.50039,-0.00132,0.00000
68600000000,5.13125,1.95713,0.02072,0.70660,0.00000,0.00000,-0.70762,1.50048,-0.00131,0.00000
68620000000,5.13118,1.92712,0.02072,0.70655,0.00000,0.00000,-0.70766,1.50047,-0.00129,0.00000
68640000000,5.13110,1.89711,0.02072,0.70651,0.00000,0.00000,-0.70770,1.50051,-0.00128,0.00000
68660000000,5.13103,1.86710,0.02072,0.70647,0.00000,0.00000,-0.70775,1.50056,-0.00127,0.00000
68680000000,5.13094,1.83709,0.02072,0.70642,0.00000,0.00000,-0.70779,1.50058,-0.00125,0.00000
68700000000,5.13086,1.80708,0.02072,0.70638,0.00000,0.00000,-0.70783,1.50067,-0.00124,0.00000
68720000000,5.13077,1.77706,0.02072,0.70634,0.00000,0.00000,-0.70787,1.50066,-0.00122,0.00000
68740000000,5.13068,1.74705,0.02072,0.70630,0.00000,0.00000,-0.70791,1.50069,-0.00120,0.00000
68760000000,5.13059,1.71704,0.02072,0.70626,0.00000,0.00000,-0.70795,1.50071,-0.00118,0.00000
68780000000,5.13049,1.68702,0.02072,0.70622,0.00000,0.00000,-0.70799,1.50076,-0.00117,0.00000
68800000000,5.13039,1.65700,0.02072,0.70618,0.00000,0.00000,-0.70803,1.50097,-0.00115,0.00000
68820000000,5.13029,1.62698,0.02072,0.70614,0.00000,0.00000,-0.70807,1.50095,-0.00112,0.00000
68840000000,5.13018,1.59697,0.02072,0.70611,0.00000,0.00000,-0.70811,1.50094,-0.00110,0.00000
68860000000,5.13007,1.56695,0.02072,0.70607,0.00000,0.00000,-0.70814,1.50092,-0.00108,0.00000
68880000000,5.12996,1.53693,0.02072,0.70603,0.00000,0.00000,-0.70818,1.50090,-0.00106,0.00000
68900000000,5.12985,1.50691,0.02072,0.70600,0.00000,0.00000,-0.70822,1.50088,-0.00104,0.00000
68920000000,5.12973,1.47689,0.02072,0.70596,0.00000,0.00000,-0.70825,1.50086,-0.00102,0.00000
68940000000,5.12961,1.44688,0.02072,0.70593,0.00000,0.00000,-0.70828,1.50085,-0.00100,0.00000
68960000000,5.12949,1.41686,0.02072,0.70589,0.00000,0.00000,-0.70832,1.50105,-0.00098,0.00000
68980000000,5.12937,1.38684,0.02072,0.70586,0.00000,0.00000,-0.70835,1.50108,-0.00095,0.00000
69000000000,5.12924,1.35682,0.02072,0.70583,0.00000,0.00000,-0.70838,1.50115,-0.00093,0.00000
69020000000,5.12912,1.32679,0.02072,0.70580,0.00000,0.00000,-0.70841,1.50114,-0.00090,0.00000
69040000000,5.12899,1.29677,0.02072,0.70577,0.00000,0.00000,-0.70844,1.50121,-0.00087,0.00000
69060000000,5.12885,1.26675,0.02072,0.70574,0.00000,0.00000,-0.70847,1.50119,-0.00085,0.00000
69080000000,5.12872,1.23672,0.02072,0.70571,0.00000,0.00000,-0.70850,1.50121,-0.00082,0.00000
69100000000,5.12858,1.20670,0.02072,0.70569,0.00000,0.00000,-0.70853,1.50119,-0.00079,0.00000
69120000000,5.12845,1.17667,0.02072,0.70566,0.00000,0.00000,-0.70855,1.50126,-0.00077,0.00000
69140000000,5.12831,1.14665,0.02072,0.70563,0.00000,0.00000,-0.70858,1.50125,-0.00074,0.00000
69160000000,5.12817,1.11662,0.02072,0.70561,0.00000,0.00000,-0.70860,1.50131,-0.00071,0.00000
69180000000,5.12803,1.08660,0.02072,0.70559,0.00000,0.00000,-0.70862,1.50135,-0.00068,0.00000
69200000000,5.12788,1.05657,0.02072,0.70556,0.00000,0.00000,-0.70865,1.50135,-0.00066,0.00000
69220000000,5.12774,1.02654,0.02072,0.70554,0.00000,0.00000,-0.70867,1.50137,-0.00063,0.00000
69240000000,5.12759,0.99652,0.02072,0.70552,0.00000,0.00000,-0.70869,1.50142,-0.00060,0.00000
69260000000,5.12745,0.96649,0.02072,0.70550,0.00000,0.00000,-0.70871,1.50140,-0.00057,0.00000
69280000000,5.12730,0.93646,0.02072,0.70548,0.00000,0.00000,-0.70873,1.50142,-0.00054,0.00000
69300000000,5.12715,0.90643,0.02072,0.70547,0.00000,0.00000,-0.70874,1.50147,-0.00051,0.00000
69320000000,5.12700,0.87640,0.02072,0.70545,0.00000,0.00000,-0.70876,1.50145,-0.00048,0.00000
69340000000,5.12685,0.84637,0.02072,0.70543,0.00000,0.00000,-0.70878,1.50150,-0.00045,0.00000
69360000000,5.12670,0.81634,0.02072,0.70542,0.00000,0.00000,-0.70879,1.50147,-0.00042,0.00000
69380000000,5.12655,0.78632,0.02072,0.70541,0.00000,0.00000,-0.70880,1.50149,-0.00038,0.00000
69400000000,5.12639,0.75629,0.02072,0.70539,0.00000,0.00000,-0.70882,1.50148,-0.00035,0.00000
69420000000,5.12624,0.72626,0.02072,0.70538,0.00000,0.00000,-0.70883,1.50151,-0.00032,0.00000
69440000000,5.12609,0.69623,0.02072,0.70537,0.00000,0.00000,-0.70884,1.50155,-0.00029,0.00000
69460000000,5.12594,0.66620,0.02072,0.70536,0.00000,0.00000,-0.70885,1.50153,-0.00026,0.00000
69480000000,5.12578,0.63617,0.02072,0.70536,0.00000,0.00000,-0.70885,1.50153,-0.00023,0.00000
69500000000,5.12563,0.60614,0.02072,0.70535,0.00000,0.00000,-0.70886,1.50153,-0.00020,0.00000
69520000000,5.12548,0.57610,0.02072,0.70534,0.00000,0.00000,-0.70887,1.50154,-0.00017,0.00000
69540000000,5.12532,0.54607,0.02072,0.70534,0.00000,0.00000,-0.70887,1.50155,-0.00014,0.00000
69560000000,5.12517,0.51604,0.02072,0.70533,0.00000,0.00000,-0.70888,1.50155,-0.00010,0.00000
69580000000,5.12502,0.48601,0.02072,0.70533,0.00000,0.00000,-0.70888,1.50158,-0.00007,0.00000
69600000000,5.12487,0.45598,0.02072,0.70533,0.00000,0.00000,-0.70888,1.50156,-0.00004,0.00000
69620000000,5.12472,0.42595,0.02072,0.70533,0.00000,0.00000,-0.70888,1.50156,-0.00001,0.00000
69640000000,5.12457,0.39592,0.02072,0.70533,0.00000,0.00000,-0.70888,1.50153,0.00002,0.00000
69660000000,5.12442,0.36589,0.02072,0.70533,0.00000,0.00000,-0.70888,1.50156,0.00005,0.00000
69680000000,5.12427,0.33586,0.02072,0.70533,0.00000,0.00000,-0.70888,1.50157,0.00008,0.00000
69700000000,5.12412,0.30583,0.02072,0.70534,0.00000,0.00000,-0.70887,1.50155,0.00011,0.00000
69720000000,5.12397,0.27580,0.02072,0.70534,0.00000,0.00000,-0.70887,1.50155,0.00014,0.00000
69740000000,5.12383,0.24577,0.02072,0.70535,0.00000,0.00000,-0.70886,1.50155,0.00017,0.00000
69760000000,5.12368,0.21574,0.02072,0.70535,0.00000,0.00000,-0.70886,1.50154,0.00020,0.00000
69780000000,5.12354,0.18571,0.02072,0.70536,0.00000,0.00000,-0.70885,1.50155,0.00023,0.00000
69800000000,5.12339,0.15568,0.02072,0.70537,0.00000,0.00000,-0.70884,1.50153,0.00026,0.00000
69820000000,5.12325,0.12565,0.02072,0.70538,0.00000,0.00000,-0.70883,1.50152,0.00029,0.00000
69840000000,5.12311,0.09562,0.02072,0.70539,0.00000,0.00000,-0.70882,1.50149,0.00032,0.00000
69860000000,5.12298,0.06559,0.02072,0.70540,0.00000,0.00000,-0.70881,1.50150,0.00035,0.00000
69880000000,5.12284,0.03556,0.02072,0.70541,0.00000,0.00000,-0.70879,1.50149,0.00038,0.00000
69900000000,5.12270,0.00553,0.02072,0.70543,0.00000,0.00000,-0.70878,1.50148,0.00041,0.00000
69920000000,5.12257,-0.02450,0.02072,0.70544,0.00000,0.00000,-0.70877,1.50146,0.00044,0.00000
69940000000,5.12244,-0.05453,0.02072,0.70546,0.00000,0.00000,-0.70875,1.50145,0.00046,0.00000
69960000000,5.12231,-0.08456,0.02072,0.70548,0.00000,0.00000,-0.70873,1.50144,0.00049,0.00000
69980000000,5.12218,-0.11459,0.02072,0.70549,0.00000,0.00000,-0.70872,1.50142,0.00052,0.00000
70000000000,5.12206,-0.14462,0.02072,0.70551,0.00000,0.00000,-0.70870,1.50141,0.00054,0.00000
70020000000,5.12193,-0.17464,0.02072,0.70553,0.00000,0.00000,-0.70868,1.50139,0.00057,0.00000
70040000000,5.12181,-0.20467,0.02072,0.70555,0.00000,0.00000,-0.70866,1.50137,0.00060,0.00000
70060000000,5.12169,-0.23470,0.02072,0.70557,0.00000,0.00000,-0.70864,1.50136,0.00062,0.00000
70080000000,5.12158,-0.26472,0.02072,0.70559,0.00000,0.00000,-0.70862,1.50133,0.00065,0.00000
70100000000,5.12146,-0.29475,0.02072,0.70562,0.00000,0.00000,-0.70860,1.50132,0.00067,0.00000
70120000000,5.12135,-0.32478,0.02072,0.70564,0.00000,0.00000,-0.70857,1.50129,0.00069,0.00000
70140000000,5.12124,-0.35480,0.02072,0.70566,0.00000,0.00000,-0.70855,1.50127,0.00072,0.00000
70160000000,5.12114,-0.38483,0.02072,0.70569,0.00000,0.00000,-0.70852,1.50125,0.00074,0.00000
70180000000,5.12103,-0.41485,0.02072,0.70571,0.00000,0.00000,-0.70850,1.50123,0.00076,0.00000
70200000000,5.12093,-0.44487,0.02072,0.70574,0.00000,0.00000,-0.70847,1.50121,0.00079,0.00000
70220000000,5.12083,-0.47490,0.02072,0.70577,0.00000,0.00000,-0.70844,1.50119,0.00081,0.00000
70240000000,5.12074,-0.50492,0.02072,0.70580,0.00000,0.00000,-0.70842,1.50116,0.00083,0.00000
70260000000,5.12064,-0.53494,0.02072,0.70582,0.00000,0.00000,-0.70839,1.50114,0.00085,0.00000
70280000000,5.12055,-0.56497,0.02072,0.70585,0.00000,0.00000,-0.70836,1.50111,0.00087,0.00000
70300000000,5.12046,-0.59499,0.02072,0.70588,0.00000,0.00000,-0.70833,1.50108,0.00089,0.00000
70320000000,5.12038,-0.62501,0.02072,0.70591,0.00000,0.00000,-0.70830,1.50106,0.00090,0.00000
70340000000,5.12030,-0.65503,0.02072,0.70595,0.00000,0.00000,-0.70827,1.50103,0.00092,0.00000
70360000000,5.12022,-0.68505,0.02072,0.70598,0.00000,0.00000,-0.70823,1.50100,0.00094,0.00000
70380000000,5.12014,-0.71507,0.02072,0.70601,0.00000,0.00000,-0.70820,1.50097,0.00096,0.00000
70400000000,5.12007,-0.74509,0.02072,0.70604,0.00000,0.00000,-0.70817,1.50093,0.00097,0.00000
70420000000,5.12000,-0.77511,0.02072,0.70608,0.00000,0.00000,-0.70814,1.50092,0.00099,0.00000
70440000000,5.11994,-0.80512,0.02072,0.70611,0.00000,0.00000,-0.70810,1.50089,0.00100,0.00000
70460000000,5.11987,-0.83514,0.02072,0.70614,0.00000,0.00000,-0.70807,1.50087,0.00102,0.00000
70480000000,5.11982,-0.86516,0.02072,0.70618,0.00000,0.00000,-0.70803,1.50083,0.00103,0.00000
70500000000,5.11976,-0.89517,0.02072,0.70621,0.00000,0.00000,-0.70800,1.50079,0.00104,0.00000
70520000000,5.11971,-0.92519,0.02072,0.70625,0.00000,0.00000,-0.70796,1.50076,0.00106,0.00000
70540000000,5.11966,-0.95520,0.02072,0.70629,0.00000,0.00000,-0.70793,1.50071,0.00107,0.00000
70560000000,5.11961,-0.98522,0.02072,0.70632,0.00000,0.00000,-0.70789,1.50069,0.00108,0.00000
70580000000,5.11957,-1.01523,0.02072,0.70636,0.00000,0.00000,-0.70785,1.50067,0.00109,0.00000
70600000000,5.11953,-1.04524,0.02072,0.70640,0.00000,0.00000,-0.70782,1.50061,0.00110,0.00000
70620000000,5.11949,-1.07526,0.02072,0.70643,0.00000,0.00000,-0.70778,1.50060,0.00111,0.00000
70640000000,5.11946,-1.10527,0.02072,0.70647,0.00000,0.00000,-0.70774,1.50057,0.00111,0.00000
70660000000,5.11943,-1.13528,0.02072,0.70651,0.00000,0.00000,-0.70770,1.50053,0.00112,0.00000
70680000000,5.11940,-1.16529,0.02072,0.70655,0.00000,0.00000,-0.70766,1.50050,0.00113,0.00000
70700000000,5.11938,-1.19530,0.02072,0.70659,0.00000,0.00000,-0.70763,1.50044,0.00114,0.00000
70720000000,5.11936,-1.22531,0.02072,0.70663,0.00000,0.00000,-0.70759,1.50043,0.00114,0.00000
70740000000,5.11934,-1.25531,0.02072,0.70666,0.00000,0.00000,-0.70755,1.50040,0.00115,0.00000
70760000000,5.11933,-1.28532,0.02072,0.70670,0.00000,0.00000,-0.70751,1.50036,0.00115,0.00000
70780000000,5.11932,-1.31533,0.02072,0.70674,0.00000,0.00000,-0.70747,1.50034,0.00115,0.00000
70800000000,5.11931,-1.34534,0.02072,0.70678,0.00000,0.00000,-0.70743,1.50027,0.00116,0.00000
70820000000,5.11931,-1.37534,0.02072,0.70682,0.00000,0.00000,-0.70739,1.50027,0.00116,0.00000
70840000000,5.11931,-1.40535,0.02072,0.70686,0.00000,0.00000,-0.70735,1.50023,0.00116,0.00000
70860000000,5.11932,-1.43535,0.02072,0.70690,0.00000,0.00000,-0.70731,1.50019,0.00116,0.00000
70880000000,5.11932,-1.46535,0.02072,0.70694,0.00000,0.00000,-0.70727,1.50017,0.00116,0.00000
70900000000,5.11933,-1.49536,0.02072,0.70698,0.00000,0.00000,-0.70724,1.50010,0.00116,0.00000
70920000000,5.11935,-1.52536,0.02072,0.70702,0.00000,0.00000,-0.70720,1.50010,0.00115,0.00000
70940000000,5.11936,-1.55536,0.02072,0.70706,0.00000,0.00000,-0.70716,1.50006,0.00115,0.00000
70960000000,5.11938,-1.58536,0.02072,0.70710,0.00000,0.00000,-0.70712,1.50004,0.00115,0.00000
70980000000,5.11941,-1.61536,0.02072,0.70713,0.00000,0.00000,-0.70708,1.50000,0.00115,0.00000
71000000000,5.11944,-1.64536,0.02072,0.70717,0.00000,0.00000,-0.70704,1.49996,0.00114,0.00000
71020000000,5.11947,-1.67536,0.02072,0.70721,0.00000,0.00000,-0.70700,1.49993,0.00114,0.00000
71040000000,5.11950,-1.70535,0.02072,0.70725,0.00000,0.00000,-0.70696,1.49985,0.00113,0.00000
71060000000,5.11954,-1.73535,0.02072,0.70729,0.00000,0.00000,-0.70693,1.49985,0.00113,0.00000
71080000000,5.11957,-1.76535,0.02072,0.70733,0.00000,0.00000,-0.70689,1.49983,0.00112,0.00000
71100000000,5.11962,-1.79534,0.02072,0.70736,0.00000,0.00000,-0.70685,1.49975,0.00111,0.00000
71120000000,5.11966,-1.82534,0.02072,0.70740,0.00000,0.00000,-0.70681,1.49976,0.00110,0.00000
71140000000,5.11971,-1.85533,0.02072,0.70744,0.00000,0.00000,-0.70677,1.49973,0.00110,0.00000
71160000000,5.11976,-1.88533,0.02072,0.70748,0.00000,0.00000,-0.70674,1.49969,0.00109,0.00000
71180000000,5.11982,-1.91532,0.02072,0.70751,0.00000,0.00000,-0.70670,1.49966,0.00108,0.00000
71200000000,5.11987,-1.94531,0.02072,0.70755,0.00000,0.00000,-0.70667,1.49959,0.00107,0.00000
71220000000,5.11993,-1.97531,0.02072,0.70758,0.00000,0.00000,-0.70663,1.49958,0.00105,0.00000
71240000000,5.12000,-2.00530,0.02072,0.70762,0.00000,0.00000,-0.70659,1.49957,0.00104,0.00000
71260000000,5.12006,-2.03529,0.02072,0.70765,0.00000,0.00000,-0.70656,1.49950,0.00103,0.00000
71280000000,5.12013,-2.06528,0.02072,0.70769,0.00000,0.00000,-0.70652,1.49950,0.00102,0.00000
71300000000,5.12020,-2.09527,0.02072,0.70772,0.00000,0.00000,-0.70649,1.49948,0.00100,0.00000
71320000000,5.12028,-2.12526,0.02072,0.70776,0.00000,0.00000,-0.70646,1.49945,0.00099,0.00000
71340000000,5.12035,-2.15524,0.02072,0.70779,0.00000,0.00000,-0.70642,1.49942,0.00098,0.00000
71360000000,5.12043,-2.18523,0.02072,0.70782,0.00000,0.00000,-0.70639,1.49931,0.00096,0.00000
71380000000,5.12051,-2.21521,0.02072,0.70785,0.00000,0.00000,-0.70636,1.49920,0.00094,0.00000
71400000000,5.12060,-2.24520,0.02072,0.70789,0.00000,0.00000,-0.70633,1.49922,0.00092,0.00000
71420000000,5.12068,-2.27518,0.02072,0.70792,0.00000,0.00000,-0.70630,1.49923,0.00091,0.00000
71440000000,5.12077,-2.30517,0.02072,0.70795,0.00000,0.00000,-0.70627,1.49925,0.00089,0.00000
71460000000,5.12086,-2.33515,0.02072,0.70798,0.00000,0.00000,-0.70624,1.49926,0.00087,0.00000
71480000000,5.12095,-2.36514,0.02072,0.70800,0.00000,0.00000,-0.70621,1.49928,0.00085,0.00000
71500000000,5.12105,-2.39512,0.02072,0.70803,0.00000,0.00000,-0.70618,1.49929,0.00084,0.00000
71520000000,5.12114,-2.42511,0.02072,0.70806,0.00000,0.00000,-0.70615,1.49931,0.00082,0.00000
71540000000,5.12124,-2.45510,0.02072,0.70809,0.00000,0.00000,-0.70612,1.49932,0.00080,0.00000
71560000000,5.12134,-2.48508,0.02072,0.70811,0.00000,0.00000,-0.70610,1.49933,0.00079,0.00000
71580000000,5.12144,-2.51507,0.02072,0.70814,0.00000,0.00000,-0.70607,1.49912,0.00077,0.00000
71600000000,5.12155,-2.54505,0.02072,0.70817,0.00000,0.00000,-0.70605,1.49908,0.00075,0.00000
71620000000,5.12165,-2.57503,0.02072,0.70819,0.00000,0.00000,-0.70602,1.49906,0.00073,0.00000
71640000000,5.12176,-2.60501,0.02072,0.70821,0.00000,0.00000,-0.70600,1.49906,0.00071,0.00000
71660000000,5.12187,-2.63499,0.02072,0.70824,0.00000,0.00000,-0.70597,1.49902,0.00069,0.00000
71680000000,5.12198,-2.66497,0.02072,0.70826,0.00000,0.00000,-0.70595,1.49896,0.00067,0.00000
71700000000,5.12209,-2.69495,0.02072,0.70828,0.00000,0.00000,-0.70593,1.49898,0.00064,0.00000
71720000000,5.12221,-2.72493,0.02072,0.70830,0.00000,0.00000,-0.70591,1.49896,0.00062,0.00000
71740000000,5.12232,-2.75491,0.02072,0.70832,0.00000,0.00000,-0.70589,1.49896,0.00060,0.00000
71760000000,5.12244,-2.78489,0.02072,0.70834,0.00000,0.00000,-0.70587,1.49893,0.00058,0.00000
71780000000,5.12255,-2.81486,0.02072,0.70836,0.00000,0.00000,-0.70585,1.49887,0.00055,0.00000
71800000000,5.12267,-2.84484,0.02072,0.70838,0.00000,0.00000,-0.70583,1.49889,0.00053,0.00000
71820000000,5.12279,-2.87482,0.02072,0.70840,0.00000,0.00000,-0.70581,1.49888,0.00051,0.00000
71840000000,5.12291,-2.90480,0.02072,0.70841,0.00000,0.00000,-0.70580,1.49883,0.00048,0.00000
71860000000,5.12303,-2.93477,0.02072,0.70843,0.00000,0.00000,-0.70578,1.49884,0.00046,0.00000
71880000000,5.12315,-2.96475,0.02072,0.70844,0.00000,0.00000,-0.70577,1.49884,0.00043,0.00000
71900000000,5.12327,-2.99472,0.02072,0.70846,0.00000,0.00000,-0.70575,1.49881,0.00041,0.00000
71920000000,5.12340,-3.02470,0.02072,0.70847,0.00000,0.00000,-0.70574,1.49881,0.00038,0.00000
71940000000,5.12352,-3.05468,0.02072,0.70848,0.00000,0.00000,-0.70573,1.49877,0.00036,0.00000
71960000000,5.12364,-3.08465,0.02072,0.70849,0.00000,0.00000,-0.70572,1.49879,0.00033,0.00000
71980000000,5.12377,-3.11463,0.02072,0.70850,0.00000,0.00000,-0.70571,1.49878,0.00031,0.00000
72000000000,5.12389,-3.14460,0.02072,0.70851,0.00000,0.00000,-0.70570,1.49878,0.00028,0.00000
72020000000,5.12402,-3.17458,0.02072,0.70852,0.00000,0.00000,-0.70569,1.49877,0.00026,0.00000
72040000000,5.12414,-3.20455,0.02072,0.70853,0.00000,0.00000,-0.70568,1.49874,0.00023,0.00000
72060000000,5.12427,-3.23453,0.02072,0.70854,0.00000,0.00000,-0.70568,1.49875,0.00021,0.00000
72080000000,5.12439,-3.26450,0.02072,0.70854,0.00000,0.00000,-0.70567,1.49872,0.00018,0.00000
72100000000,5.12452,-3.29448,0.02072,0.70855,0.00000,0.00000,-0.70566,1.49874,0.00016,0.00000
72120000000,5.12464,-3.32445,0.02072,0.70855,0.00000,0.00000,-0.70566,1.49874,0.00013,0.00000
72140000000,5.12477,-3.35443,0.02072,0.70855,0.00000,0.00000,-0.70566,1.49871,0.00010,0.00000
72160000000,5.12489,-3.38440,0.02072,0.70856,0.00000,0.00000,-0.70565,1.49873,0.00008,0.00000
72180000000,5.12502,-3.41437,0.02072,0.70856,0.00000,0.00000,-0.70565,1.49873,0.00005,0.00000
72200000000,5.12514,-3.44435,0.02072,0.70856,0.00000,0.00000,-0.70565,1.49872,0.00003,0.00000
72220000000,5.12527,-3.47432,0.02072,0.70856,0.00000,0.00000,-0.70565,1.49873,0.00000,0.00000
72240000000,5.12539,-3.50430,0.02072,0.70856,0.00000,0.00000,-0.70565,1.49871,-0.00002,0.00000
72260000000,5.12551,-3.53427,0.02072,0.70856,0.00000,0.00000,-0.70565,1.49873,-0.00005,0.00000
72280000000,5.12563,-3.56425,0.02072,0.70855,0.00000,0.00000,-0.70566,1.49874,-0.00007,0.00000
72300000000,5.12575,-3.59422,0.02072,0.70855,0.00000,0.00000,-0.70566,1.49875,-0.00010,0.00000
72320000000,5.12587,-3.62419,0.02072,0.70855,0.00000,0.00000,-0.70566,1.49874,-0.00012,0.00000
72340000000,5.12599,-3.65417,0.02072,0.70854,0.00000,0.00000,-0.70567,1.49875,-0.00015,0.00000
72360000000,5.12611,-3.68414,0.02072,0.70854,0.00000,0.00000,-0.70568,1.49875,-0.00017,0.00000
72380000000,5.12623,-3.71412,0.02072,0.70853,0.00000,0.00000,-0.70568,1.49874,-0.00020,0.00000
72400000000,5.12634,-3.74409,0.02072,0.70852,0.00000,0.00000,-0.70569,1.49876,-0.00022,0.00000
72420000000,5.12646,-3.77407,0.02072,0.70851,0.00000,0.00000,-0.70570,1.49877,-0.00025,0.00000
72440000000,5.12657,-3.80404,0.02072,0.70850,0.00000,0.00000,-0.70571,1.49877,-0.00027,0.00000
72460000000,5.12668,-3.83402,0.02072,0.70849,0.00000,0.00000,-0.70572,1.49879,-0.00029,0.00000
72480000000,5.12680,-3.86400,0.02072,0.70848,0.00000,0.00000,-0.70573,1.49878,-0.00032,0.00000
72500000000,5.12691,-3.89397,0.02072,0.70847,0.00000,0.00000,-0.70574,1.49880,-0.00034,0.00000
72520000000,5.12701,-3.92395,0.02072,0.70846,0.00000,0.00000,-0.70575,1.49881,-0.00036,0.00000
72540000000,5.12712,-3.95392,0.02072,0.70845,0.00000,0.00000,-0.70577,1.49883,-0.00038,0.00000
72560000000,5.12722,-3.98390,0.02072,0.70843,0.00000,0.00000,-0.70578,1.49884,-0.00041,0.00000
72580000000,5.12733,-4.01388,0.02072,0.70842,0.00000,0.00000,-0.70579,1.49885,-0.00043,0.00000
72600000000,5.12743,-4.04385,0.02072,0.70840,0.00000,0.00000,-0.70581,1.49886,-0.00045,0.00000
72620000000,5.12753,-4.07383,0.02072,0.70839,0.00000,0.00000,-0.70583,1.49887,-0.00047,0.00000
72640000000,5.12763,-4.10381,0.02072,0.70837,0.00000,0.00000,-0.70584,1.49889,-0.00049,0.00000
72660000000,5.12772,-4.13379,0.02072,0.70835,0.00000,0.00000,-0.70586,1.49891,-0.00051,0.00000
72680000000,5.12782,-4.16376,0.02072,0.70833,0.00000,0.00000,-0.70588,1.49892,-0.00053,0.00000
72700000000,5.12791,-4.19374,0.02072,0.70831,0.00000,0.00000,-0.70590,1.49894,-0.00055,0.00000
72720000000,5.12800,-4.22372,0.02072,0.70830,0.00000,0.00000,-0.70592,1.49896,-0.00057,0.00000
72740000000,5.12809,-4.25370,0.02072,0.70828,0.00000,0.00000,-0.70594,1.49897,-0.00059,0.00000
72760000000,5.12817,-4.28368,0.02072,0.70825,0.00000,0.00000,-0.70596,1.49899,-0.00061,0.00000
72780000000,5.12826,-4.31366,0.02072,0.70823,0.00000,0.00000,-0.70598,1.49901,-0.00063,0.00000
72800000000,5.12834,-4.34364,0.02072,0.70821,0.00000,0.00000,-0.70600,1.49903,-0.00064,0.00000
72820000000,5.12842,-4.37362,0.02072,0.70819,0.00000,0.00000,-0.70602,1.49905,-0.00066,0.00000
72840000000,5.12850,-4.40360,0.02072,0.70817,0.00000,0.00000,-0.70605,1.49907,-0.00068,0.00000
72860000000,5.12857,-4.43358,0.02072,0.70814,0.00000,0.00000,-0.70607,1.49909,-0.00070,0.00000
72880000000,5.12865,-4.46357,0.02072,0.70812,0.00000,0.00000,-0.70609,1.49911,-0.00071,0.00000
72900000000,5.12872,-4.49355,0.02072,0.70809,0.00000,0.00000,-0.70612,1.49913,-0.00073,0.00000
72920000000,5.12878,-4.52353,0.02072,0.70807,0.00000,0.00000,-0.70614,1.49916,-0.00074,0.00000
72940000000,5.12885,-4.55351,0.02072,0.70804,0.00000,0.00000,-0.70617,1.49917,-0.00076,0.00000
72960000000,5.12891,-4.58350,0.02072,0.70802,0.00000,0.00000,-0.70620,1.49921,-0.00077,0.00000
72980000000,5.12897,-4.61348,0.02072,0.70799,0.00000,0.00000,-0.70622,1.49922,-0.00078,0.00000
73000000000,5.12903,-4.64347,0.02072,0.70796,0.00000,0.00000,-0.70625,1.49924,-0.00080,0.00000
73020000000,5.12909,-4.67345,0.02072,0.70794,0.00000,0.00000,-0.70628,1.49928,-0.00081,0.00000
73040000000,5.12914,-4.70344,0.02072,0.70791,0.00000,0.00000,-0.70630,1.49929,-0.00082,0.00000
73060000000,5.12919,-4.73343,0.02072,0.70788,0.00000,0.00000,-0.70633,1.49931,-0.00083,-0.00000
73080000000,5.12924,-4.76341,0.02072,0.70785,0.00000,0.00000,-0.70636,1.49935,-0.00084,-0.00000
73100000000,5.12928,-4.79340,0.02072,0.70782,0.00000,0.00000,-0.70639,1.49936,-0.00085,-0.00000
73120000000,5.12932,-4.82339,0.02072,0.70779,0.00000,0.00000,-0.70642,1.49939,-0.00086,-0.00000
73140000000,5.12936,-4.85338,0.02072,0.70776,0.00000,0.00000,-0.70645,1.49942,-0.00087,-0.00000
73160000000,5.12940,-4.88337,0.02072,0.70773,0.00000,0.00000,-0.70648,1.49944,-0.00088,-0.00000
73180000000,5.12943,-4.91336,0.02072,0.70770,0.00000,0.00000,-0.70651,1.49949,-0.00089,-0.00000
73200000000,5.12946,-4.94335,0.02072,0.70767,0.00000,0.00000,-0.70654,1.49949,-0.00090,-0.00000
73220000000,5.12949,-4.97334,0.02072,0.70764,0.00000,0.00000,-0.70657,1.49952,-0.00090,-0.00000
73240000000,5.12952,-5.00333,0.02072,0.70761,0.00000,0.00000,-0.70660,1.49956,-0.00091,-0.00000
73260000000,5.12954,-5.03332,0.02072,0.70758,0.00000,0.00000,-0.70663,1.49957,-0.00092,-0.00000
73280000000,5.12956,-5.06331,0.02072,0.70755,0.00000,0.00000,-0.70666,1.49962,-0.00092,-0.00000
73300000000,5.12958,-5.09330,0.02072,0.70752,0.00000,0.00000,-0.70670,1.49963,-0.00093,-0.00000
73320000000,5.12960,-5.12330,0.02072,0.70749,0.00000,0.00000,-0.70673,1.49966,-0.00093,-0.00000
73340000000,5.12961,-5.15329,0.02072,0.70746,0.00000,0.00000,-0.70676,1.49967,-0.00093,-0.00000
73360000000,5.12962,-5.18328,0.02072,0.70742,0.00000,0.00000,-0.70679,1.49972,-0.00094,-0.00000
73380000000,5.12962,-5.21328,0.02072,0.70739,0.00000,0.00000,-0.70682,1.49975,-0.00094,-0.00000
73400000000,5.12963,-5.24327,0.02072,0.70736,0.00000,0.00000,-0.70685,1.49977,-0.00094,-0.00000
73420000000,5.12963,-5.27327,0.02072,0.70733,0.00000,0.00000,-0.70689,1.49983,-0.00094,-0.00000
73440000000,5.12963,-5.30327,0.02072,0.70730,0.00000,0.00000,-0.70692,1.49983,-0.00094,-0.00000
73460000000,5.12962,-5.33326,0.02072,0.70726,0.00000,0.00000,-0.70695,1.49985,-0.00094,-0.00000
73480000000,5.12962,-5.36326,0.02072,0.70723,0.00000,0.00000,-0.70698,1.49989,-0.00094,-0.00000
73500000000,5.12961,-5.39326,0.02072,0.70720,0.00000,0.00000,-0.70701,1.49990,-0.00094,-0.00000
73520000000,5.12959,-5.42326,0.02072,0.70717,0.00000,0.00000,-0.70705,1.49996,-0.00094,-0.00000
73540000000,5.12958,-5.45326,0.02072,0.70714,0.00000,0.00000,-0.70708,1.49996,-0.00094,-0.00000
73560000000,5.12956,-5.48326,0.02072,0.70710,0.00000,0.00000,-0.70711,1.49999,-0.00094,-0.00000
73580000000,5.12954,-5.51326,0.02072,0.70707,0.00000,0.00000,-0.70714,1.50001,-0.00093,-0.00000
73600000000,5.12952,-5.54326,0.02072,0.70704,0.00000,0.00000,-0.70717,1.50004,-0.00093,-0.00000
73620000000,5.12949,-5.57326,0.02072,0.70701,-0.00001,0.00001,-0.70720,1.50010,-0.00092,0.00005
73640000000,5.12946,-5.60326,0.02072,0.70698,-0.00001,0.00001,-0.70724,1.50010,-0.00092,0.00004
73660000000,5.12943,-5.63326,0.02072,0.70695,-0.00001,0.00001,-0.70727,1.50013,-0.00091,0.00003
73680000000,5.12940,-5.66327,0.02072,0.70692,-0.00000,0.00000,-0.70730,1.50013,-0.00091,0.00003
73700000000,5.12936,-5.69327,0.02072,0.70689,-0.00000,0.00000,-0.70733,1.50018,-0.00090,0.00002
73720000000,5.12933,-5.72327,0.02072,0.70685,-0.00000,0.00000,-0.70736,1.50023,-0.00090,0.00002
73740000000,5.12929,-5.75328,0.02072,0.70682,-0.00000,0.00000,-0.70739,1.50024,-0.00089,0.00001
73760000000,5.12924,-5.78328,0.02072,0.70679,-0.00000,0.00000,-0.70742,1.50029,-0.00088,0.00001
73780000000,5.12920,-5.81329,0.02072,0.70676,-0.00000,0.00000,-0.70745,1.50030,-0.00087,0.00001
73800000000,5.12915,-5.84330,0.02072,0.70674,-0.00000,0.00000,-0.70748,1.50031,-0.00086,0.00001
73820000000,5.12910,-5.87330,0.02072,0.70671,-0.00000,0.00000,-0.70751,1.50035,-0.00086,0.00001
73840000000,5.12905,-5.90331,0.02072,0.70668,-0.00000,0.00000,-0.70754,1.50036,-0.00085,0.00001
73860000000,5.12899,-5.93332,0.02072,0.70665,-0.00000,0.00000,-0.70756,1.50042,-0.00084,0.00000
73880000000,5.12894,-5.96333,0.02072,0.70662,-0.00000,0.00000,-0.70759,1.50042,-0.00083,0.00000
73900000000,5.12888,-5.99333,0.02072,0.70659,-0.00000,0.00000,-0.70762,1.50044,-0.00081,0.00000
73920000000,5.12882,-6.02334,0.02072,0.70657,-0.00000,0.00000,-0.70765,1.50058,-0.00080,0.00000
73940000000,5.12875,-6.05336,0.02072,0.70654,-0.00000,0.00000,-0.70767,1.50067,-0.00079,0.00000
73960000000,5.12869,-6.08337,0.02072,0.70651,-0.00000,0.00000,-0.70770,1.50066,-0.00077,0.00000
73980000000,5.12862,-6.11338,0.02072,0.70649,-0.00000,0.00000,-0.70773,1.50064,-0.00076,0.00000
74000000000,5.12855,-6.14340,0.02072,0.70646,-0.00000,0.00000,-0.70775,1.50063,-0.00074,0.00000
74020000000,5.12848,-6.17341,0.02072,0.70644,-0.00000,0.00000,-0.70778,1.50062,-0.00073,0.00000
74040000000,5.12841,-6.20342,0.02072,0.70641,-0.00000,0.00000,-0.70780,1.50061,-0.00071,0.00000
74060000000,5.12834,-6.23343,0.02072,0.70639,-0.00000,0.00000,-0.70782,1.50059,-0.00070,0.00000
74080000000,5.12826,-6.26344,0.02072,0.70636,-0.00000,0.00000,-0.70785,1.50058,-0.00068,0.00000
74100000000,5.12818,-6.29346,0.02072,0.70634,-0.00000,0.00000,-0.70787,1.50057,-0.00067,0.00000
74120000000,5.12810,-6.32347,0.02072,0.70632,-0.00000,0.00000,-0.70789,1.50056,-0.00066,0.00000
74140000000,5.12802,-6.35348,0.02072,0.70630,-0.00000,0.00000,-0.70792,1.50055,-0.00064,0.00000
74160000000,5.12794,-6.38349,0.02072,0.70628,-0.00000,0.00000,-0.70794,1.50075,-0.00063,0.00000
74180000000,5.12786,-6.41351,0.02072,0.70626,-0.00000,0.00000,-0.70796,1.50073,-0.00061,0.00000
74200000000,5.12777,-6.44352,0.02072,0.70623,-0.00000,0.00000,-0.70798,1.50075,-0.00060,0.00000
74220000000,5.12769,-6.47353,0.02072,0.70621,-0.00000,0.00000,-0.70800,1.50074,-0.00058,0.00000
74240000000,5.12760,-6.50355,0.02072,0.70620,0.00000,0.00000,-0.70802,1.50079,-0.00056,0.00000
74260000000,5.12751,-6.53357,0.02072,0.70618,0.00000,0.00000,-0.70804,1.50078,-0.00055,0.00000
74280000000,5.12742,-6.56358,0.02072,0.70616,0.00000,0.00000,-0.70805,1.50082,-0.00053,0.00000
74300000000,5.12733,-6.59360,0.02072,0.70614,0.00000,0.00000,-0.70807,1.50084,-0.00051,0.00000
74320000000,5.12723,-6.62362,0.02072,0.70612,0.00000,0.00000,-0.70809,1.50085,-0.00049,0.00000
74340000000,5.12714,-6.65363,0.02072,0.70611,0.00000,0.00000,-0.70810,1.50089,-0.00047,0.00000
74360000000,5.12705,-6.68365,0.02072,0.70609,0.00000,0.00000,-0.70812,1.50088,-0.00045,0.00000
74380000000,5.12695,-6.71367,0.02072,0.70608,0.00000,0.00000,-0.70813,1.50089,-0.00043,0.00000
74400000000,5.12685,-6.74369,0.02072,0.70606,0.00000,0.00000,-0.70815,1.50093,-0.00042,0.00000
74420000000,5.12676,-6.77370,0.02072,0.70605,0.00000,0.00000,-0.70816,1.50092,-0.00040,0.00000
74440000000,5.12666,-6.80372,0.02072,0.70604,0.00000,0.00000,-0.70817,1.50093,-0.00038,0.00000
74460000000,5.12656,-6.83374,0.02072,0.70602,0.00000,0.00000,-0.70819,1.50094,-0.00036,0.00000
74480000000,5.12646,-6.86376,0.02072,0.70601,0.00000,0.00000,-0.70820,1.50095,-0.00034,0.00000
74500000000,5.12636,-6.89378,0.02072,0.70600,0.00000,0.00000,-0.70821,1.50096,-0.00032,0.00000
74520000000,5.12626,-6.92380,0.02072,0.70599,0.00000,0.00000,-0.70822,1.50097,-0.00030,0.00000
74540000000,5.12616,-6.95382,0.02072,0.70598,0.00000,0.00000,-0.70823,1.50099,-0.00028,0.00000
74560000000,5.12606,-6.98384,0.02072,0.70597,0.00000,0.00000,-0.70824,1.50099,-0.00026,0.00000
74580000000,5.12596,-7.01386,0.02072,0.70597,0.00000,0.00000,-0.70825,1.50102,-0.00023,0.00000
74600000000,5.12586,-7.04388,0.02072,0.70596,0.00000,0.00000,-0.70825,1.50100,-0.00021,0.00000
74620000000,5.12575,-7.07390,0.02072,0.70595,0.00000,0.00000,-0.70826,1.50101,-0.00019,0.00000
74640000000,5.12565,-7.10392,0.02072,0.70595,0.00000,0.00000,-0.70827,1.50102,-0.00017,0.00000
74660000000,5.12555,-7.13394,0.02072,0.70594,0.00000,0.00000,-0.70827,1.50102,-0.00015,0.00000
74680000000,5.12545,-7.16396,0.02072,0.70594,0.00000,0.00000,-0.70828,1.50104,-0.00013,0.00000
74700000000,5.12535,-7.19398,0.02072,0.70593,0.00000,0.00000,-0.70828,1.50102,-0.00011,0.00000
74720000000,5.12525,-7.22400,0.02072,0.70593,0.00000,0.00000,-0.70828,1.50105,-0.00009,0.00000
74740000000,5.12514,-7.25402,0.02072,0.70593,0.00000,0.00000,-0.70829,1.50103,-0.00007,0.00000
74760000000,5.12504,-7.28404,0.02072,0.70592,0.00000,0.00000,-0.70829,1.50103,-0.00005,0.00000
74780000000,5.12494,-7.31406,0.02072,0.70592,0.00000,0.00000,-0.70829,1.50103,-0.00003,0.00000
74800000000,5.12484,-7.34408,0.02072,0.70592,0.00000,0.00000,-0.70829,1.50103,-0.00001,0.00000
74820000000,5.12474,-7.37410,0.02072,0.70592,0.00000,0.00000,-0.70829,1.50105,0.00001,0.00000
74840000000,5.12464,-7.40412,0.02072,0.70592,0.00000,0.00000,-0.70829,1.50103,0.00003,0.00000
74860000000,5.12454,-7.43414,0.02072,0.70593,0.00000,0.00000,-0.70829,1.50103,0.00005,0.00000
74880000000,5.12444,-7.46416,0.02072,0.70593,0.00000,0.00000,-0.70828,1.50103,0.00008,0.00000
74900000000,5.12434,-7.49418,0.02072,0.70593,0.00000,0.00000,-0.70828,1.50103,0.00010,0.00000
74920000000,5.12425,-7.52420,0.02072,0.70593,0.00000,0.00000,-0.70828,1.50104,0.00012,0.00000
74940000000,5.12415,-7.55422,0.02072,0.70594,0.00000,0.00000,-0.70827,1.50103,0.00014,0.00000
74960000000,5.12405,-7.58424,0.02072,0.70594,0.00000,0.00000,-0.70827,1.50102,0.00016,0.00000
74980000000,5.12396,-7.61426,0.02072,0.70595,0.00000,0.00000,-0.70826,1.50102,0.00018,0.00000
75000000000,5.12387,-7.64428,0.02072,0.70596,0.00000,0.00000,-0.70826,1.50101,0.00020,0.00000
75020000000,5.12377,-7.67430,0.02072,0.70596,0.00000,0.00000,-0.70825,1.50100,0.00021,0.00000
75040000000,5.12368,-7.70432,0.02072,0.70597,0.00000,0.00000,-0.70824,1.50098,0.00023,0.00000
75060000000,5.12359,-7.73434,0.02072,0.70598,0.00000,0.00000,-0.70823,1.50099,0.00025,0.00000
75080000000,5.12350,-7.76436,0.02072,0.70599,0.00000,0.00000,-0.70822,1.50098,0.00027,0.00000
75100000000,5.12341,-7.79438,0.02072,0.70600,0.00000,0.00000,-0.70821,1.50097,0.00029,0.00000
75120000000,5.12332,-7.82440,0.02072,0.70601,0.00000,0.00000,-0.70820,1.50096,0.00031,0.00000
75140000000,5.12324,-7.85442,0.02072,0.70602,0.00000,0.00000,-0.70819,1.50095,0.00033,0.00000
75160000000,5.12315,-7.88444,0.02072,0.70603,0.00000,0.00000,-0.70818,1.50094,0.00034,0.00000
75180000000,5.12307,-7.91446,0.02072,0.70604,0.00000,0.00000,-0.70817,1.50094,0.00036,0.00000
75200000000,5.12299,-7.94448,0.02072,0.70606,0.00000,0.00000,-0.70816,1.50092,0.00038,0.00000
75220000000,5.12291,-7.97450,0.02072,0.70607,0.00000,0.00000,-0.70814,1.50091,0.00040,0.00000
75240000000,5.12283,-8.00451,0.02072,0.70608,0.00000,0.00000,-0.70813,1.50090,0.00041,0.00000
75260000000,5.12275,-8.03453,0.02072,0.70610,0.00000,0.00000,-0.70811,1.50089,0.00043,0.00000
75280000000,5.12267,-8.06455,0.02072,0.70611,0.00000,0.00000,-0.70810,1.50087,0.00045,0.00000
75300000000,5.12260,-8.09457,0.02072,0.70613,0.00000,0.00000,-0.70808,1.50086,0.00046,0.00000
75320000000,5.12252,-8.12458,0.02072,0.70614,0.00000,0.00000,-0.70807,1.50085,0.00048,0.00000
75340000000,5.12245,-8.15460,0.02072,0.70616,0.00000,0.00000,-0.70805,1.50083,0.00049,0.00000
75360000000,5.12238,-8.18462,0.02072,0.70618,0.00000,0.00000,-0.70803,1.50081,0.00051,0.00000
75380000000,5.12232,-8.21463,0.02072,0.70620,0.00000,0.00000,-0.70802,1.50080,0.00052,0.00000
75400000000,5.12225,-8.24465,0.02072,0.70621,0.00000,0.00000,-0.70800,1.50079,0.00054,0.00000
75420000000,5.12219,-8.27466,0.02072,0.70623,0.00000,0.00000,-0.70798,1.50077,0.00055,0.00000
75440000000,5.12212,-8.30468,0.02072,0.70625,0.00000,0.00000,-0.70796,1.50075,0.00056,0.00000
75460000000,5.12206,-8.33469,0.02072,0.70627,0.00000,0.00000,-0.70794,1.50074,0.00058,0.00000
75480000000,5.12201,-8.36471,0.02072,0.70629,0.00000,0.00000,-0.70792,1.50072,0.00059,0.00000
75500000000,5.12195,-8.39472,0.02072,0.70631,0.00000,0.00000,-0.70790,1.50070,0.00060,0.00000
75520000000,5.12189,-8.42473,0.02072,0.70633,0.00000,0.00000,-0.70788,1.50068,0.00061,0.00000
75540000000,5.12184,-8.45475,0.02072,0.70635,0.00000,0.00000,-0.70786,1.50066,0.00062,0.00000
75560000000,5.12179,-8.48476,0.02072,0.70637,0.00000,0.00000,-0.70784,1.50064,0.00064,0.00000
75580000000,5.12174,-8.51477,0.02072,0.70640,0.00000,0.00000,-0.70782,1.50063,0.00065,0.00000
75600000000,5.12170,-8.54479,0.02072,0.70642,0.00000,0.00000,-0.70779,1.50060,0.00066,0.00000
75620000000,5.12165,-8.57480,0.02072,0.70644,0.00000,0.00000,-0.70777,1.50059,0.00067,0.00000
75640000000,5.12161,-8.60481,0.02072,0.70646,0.00000,0.00000,-0.70775,1.50057,0.00068,0.00000
75660000000,5.12157,-8.63482,0.02072,0.70649,0.00000,0.00000,-0.70773,1.50056,0.00068,0.00000
75680000000,5.12153,-8.66483,0.02072,0.70651,0.00000,0.00000,-0.70770,1.50053,0.00069,0.00000
75700000000,5.12150,-8.69484,0.02072,0.70653,0.00000,0.00000,-0.70768,1.50051,0.00070,0.00000
75720000000,5.12146,-8.72485,0.02072,0.70656,0.00000,0.00000,-0.70766,1.50049,0.00071,0.00000
75740000000,5.12143,-8.75486,0.02072,0.70658,0.00000,0.00000,-0.70763,1.50045,0.00072,0.00000
75760000000,5.12140,-8.78487,0.02072,0.70661,0.00000,0.00000,-0.70761,1.50044,0.00072,0.00000
75780000000,5.12138,-8.81488,0.02072,0.70663,0.00000,0.00000,-0.70758,1.50042,0.00073,0.00000
75800000000,5.12135,-8.84489,0.02072,0.70666,0.00000,0.00000,-0.70756,1.50039,0.00074,0.00000
75820000000,5.12133,-8.87489,0.02072,0.70668,0.00000,0.00000,-0.70753,1.50038,0.00074,0.00000
75840000000,5.12131,-8.90490,0.02072,0.70671,0.00000,0.00000,-0.70751,1.50034,0.00075,0.00000
75860000000,5.12129,-8.93491,0.02072,0.70673,0.00000,0.00000,-0.70748,1.50034,0.00075,0.00000
75880000000,5.12128,-8.96491,0.02072,0.70676,0.00000,0.00000,-0.70746,1.50031,0.00075,0.00000
75900000000,5.12126,-8.99492,0.02072,0.70678,0.00000,0.00000,-0.70743,1.50030,0.00076,0.00000
75920000000,5.12125,-9.02492,0.02072,0.70681,0.00000,0.00000,-0.70740,1.50027,0.00076,0.00000
75940000000,5.12124,-9.05493,0.02072,0.70683,0.00000,0.00000,-0.70738,1.50023,0.00076,0.00000
75960000000,5.12124,-9.08493,0.02072,0.70686,0.00000,0.00000,-0.70735,1.50022,0.00077,0.00000
75980000000,5.12123,-9.11494,0.02072,0.70689,0.00000,0.00000,-0.70733,1.50020,0.00077,0.00000
76000000000,5.12123,-9.14494,0.02072,0.70691,0.00000,0.00000,-0.70730,1.50016,0.00077,0.00000
76020000000,5.12123,-9.17494,0.02072,0.70694,0.00000,0.00000,-0.70727,1.50016,0.00077,0.00000
76040000000,5.12123,-9.20495,0.02072,0.70697,0.00000,0.00000,-0.70725,1.50011,0.00077,0.00000
76060000000,5.12124,-9.23495,0.02072,0.70699,0.00000,0.00000,-0.70722,1.50011,0.00077,0.00000
76080000000,5.12124,-9.26495,0.02072,0.70702,0.00000,0.00000,-0.70720,1.50009,0.00077,0.00000
76100000000,5.12125,-9.29495,0.02072,0.70704,0.00000,0.00000,-0.70717,1.50006,0.00077,0.00000
76120000000,5.12126,-9.32495,0.02072,0.70707,0.00000,0.00000,-0.70714,1.50004,0.00077,0.00000
76140000000,5.12128,-9.35495,0.02072,0.70710,0.00000,0.00000,-0.70712,1.50000,0.00076,0.00000
76160000000,5.12129,-9.38495,0.02072,0.70712,0.00000,0.00000,-0.70709,1.50000,0.00076,0.00000
76180000000,5.12131,-9.41495,0.02072,0.70715,0.00000,0.00000,-0.70707,1.49998,0.00076,0.00000
76200000000,5.12133,-9.44495,0.02072,0.70717,0.00000,0.00000,-0.70704,1.49998,0.00076,0.00000
76220000000,5.12135,-9.47495,0.02072,0.70720,0.00000,0.00000,-0.70702,1.49993,0.00075,0.00000
76240000000,5.12138,-9.50495,0.02072,0.70722,0.00000,0.00000,-0.70699,1.49992,0.00075,0.00000
76260000000,5.12140,-9.53495,0.02072,0.70725,0.00000,0.00000,-0.70696,1.49989,0.00075,0.00000
76280000000,5.12143,-9.56495,0.02072,0.70727,0.00000,0.00000,-0.70694,1.49984,0.00074,0.00000
76300000000,5.12146,-9.59494,0.02072,0.70730,0.00000,0.00000,-0.70691,1.49984,0.00074,0.00000
76320000000,5.12149,-9.62494,0.02072,0.70732,0.00000,0.00000,-0.70689,1.49982,0.00073,0.00000
76340000000,5.12153,-9.65494,0.02072,0.70735,0.00000,0.00000,-0.70686,1.49983,0.00072,0.00000
76360000000,5.12156,-9.68493,0.02072,0.70737,0.00000,0.00000,-0.70684,1.49978,0.00072,0.00000
76380000000,5.12160,-9.71493,0.02072,0.70740,0.00000,0.00000,-0.70682,1.49973,0.00071,0.00000
76400000000,5.12164,-9.74492,0.02072,0.70742,0.00000,0.00000,-0.70679,1.49973,0.00070,0.00000
76420000000,5.12168,-9.77491,0.02072,0.70744,0.00000,0.00000,-0.70677,1.49971,0.00070,0.00000
76440000000,5.12172,-9.80491,0.02072,0.70747,0.00000,0.00000,-0.70675,1.49969,0.00069,0.00000
76460000000,5.12177,-9.83490,0.02072,0.70749,0.00000,0.00000,-0.70672,1.49967,0.00068,0.00000
76480000000,5.12182,-9.86489,0.02072,0.70751,0.00000,0.00000,-0.70670,1.49946,0.00067,0.00000
76500000000,5.12187,-9.89488,0.02072,0.70754,0.00000,0.00000,-0.70668,1.49944,0.00066,0.00000
76520000000,5.12192,-9.92487,0.02072,0.70756,0.00000,0.00000,-0.70666,1.49945,0.00064,0.00000
76540000000,5.12197,-9.95486,0.02072,0.70758,0.00000,0.00000,-0.70663,1.49947,0.00063,0.00000
76560000000,5.12202,-9.98485,0.02072,0.70760,0.00000,0.00000,-0.70661,1.49948,0.00062,0.00000
76580000000,5.12208,-10.01484,0.02072,0.70762,0.00000,0.00000,-0.70659,1.49949,0.00061,0.00000
76600000000,5.12213,-10.04483,0.02072,0.70764,0.00000,0.00000,-0.70657,1.49950,0.00059,0.00000
76620000000,5.12219,-10.07482,0.02072,0.70766,0.00000,0.00000,-0.70655,1.49951,0.00058,0.00000
76640000000,5.12225,-10.10481,0.02072,0.70768,0.00000,0.00000,-0.70653,1.49952,0.00057,0.00000
76660000000,5.12231,-10.13480,0.02072,0.70770,0.00000,0.00000,-0.70651,1.49953,0.00056,0.00000
76680000000,5.12237,-10.16479,0.02072,0.70772,0.00000,0.00000,-0.70650,1.49954,0.00055,0.00000
76700000000,5.12244,-10.19478,0.02072,0.70774,0.00000,0.00000,-0.70648,1.49954,0.00054,0.00000
76720000000,5.12250,-10.22477,0.02072,0.70775,0.00000,0.00000,-0.70646,1.49955,0.00053,0.00000
76740000000,5.12257,-10.25476,0.02072,0.70777,0.00000,0.00000,-0.70644,1.49956,0.00052,0.00000
76760000000,5.12264,-10.28475,0.02072,0.70779,0.00000,0.00000,-0.70642,1.49957,0.00051,0.00000
76780000000,5.12270,-10.31475,0.02072,0.70781,0.00000,0.00000,-0.70641,1.49958,0.00050,0.00000
76800000000,5.12277,-10.34474,0.02072,0.70782,0.00000,0.00000,-0.70639,1.49959,0.00049,0.00000
76820000000,5.12284,-10.37473,0.02072,0.70784,0.00000,0.00000,-0.70637,1.49947,0.00048,0.00000
76840000000,5.12292,-10.40472,0.02072,0.70785,0.00000,0.00000,-0.70636,1.49935,0.00046,0.00000
76860000000,5.12299,-10.43470,0.02072,0.70787,0.00000,0.00000,-0.70634,1.49931,0.00045,0.00000
76880000000,5.12306,-10.46469,0.02072,0.70788,0.00000,0.00000,-0.70633,1.49932,0.00043,0.00000
76900000000,5.12314,-10.49467,0.02072,0.70790,0.00000,0.00000,-0.70631,1.49931,0.00042,0.00000
76920000000,5.12321,-10.52466,0.02072,0.70791,0.00000,0.00000,-0.70630,1.49929,0.00040,0.00000
76940000000,5.12329,-10.55465,0.02072,0.70792,0.00000,0.00000,-0.70629,1.49929,0.00039,0.00000
76960000000,5.12337,-10.58463,0.02072,0.70794,0.00000,0.00000,-0.70628,1.49925,0.00037,0.00000
76980000000,5.12345,-10.61462,0.02072,0.70795,0.00000,0.00000,-0.70626,1.49925,0.00036,0.00000
77000000000,5.12353,-10.64460,0.02072,0.70796,0.00000,0.00000,-0.70625,1.49925,0.00034,0.00000
77020000000,5.12361,-10.67459,0.02072,0.70797,0.00000,0.00000,-0.70624,1.49922,0.00032,0.00000
77040000000,5.12369,-10.70457,0.02072,0.70798,0.00000,0.00000,-0.70623,1.49922,0.00031,0.00000
77060000000,5.12377,-10.73455,0.02072,0.70799,0.00000,0.00000,-0.70622,1.49923,0.00029,0.00000
77080000000,5.12385,-10.76454,0.02072,0.70800,0.00000,0.00000,-0.70621,1.49920,0.00028,0.00000
77100000000,5.12393,-10.79452,0.02072,0.70801,0.00000,0.00000,-0.70620,1.49920,0.00026,0.00000
77120000000,5.12401,-10.82451,0.02072,0.70802,0.00000,0.00000,-0.70619,1.49920,0.00024,0.00000
77140000000,5.12409,-10.85449,0.02072,0.70803,0.00000,0.00000,-0.70619,1.49919,0.00023,0.00000
77160000000,5.12418,-10.88447,0.02072,0.70803,0.00000,0.00000,-0.70618,1.49919,0.00021,0.00000
77180000000,5.12426,-10.91446,0.02072,0.70804,0.00000,0.00000,-0.70617,1.49916,0.00019,0.00000
77200000000,5.12434,-10.94444,0.02072,0.70805,0.00000,0.00000,-0.70617,1.49918,0.00017,0.00000
77220000000,5.12443,-10.97442,0.02072,0.70805,0.00000,0.00000,-0.70616,1.49917,0.00016,0.00000
77240000000,5.12451,-11.00441,0.02072,0.70806,0.00000,0.00000,-0.70616,1.49917,0.00014,0.00000
77260000000,5.12459,-11.03439,0.02072,0.70806,0.00000,0.00000,-0.70615,1.49917,0.00012,0.00000
77280000000,5.12467,-11.06437,0.02072,0.70806,0.00000,0.00000,-0.70615,1.49915,0.00011,0.00000
77300000000,5.12476,-11.09436,0.02072,0.70807,0.00000,0.00000,-0.70615,1.49916,0.00009,0.00000
77320000000,5.12484,-11.12434,0.02072,0.70807,0.00000,0.00000,-0.70614,1.49916,0.00007,0.00000
77340000000,5.12492,-11.15432,0.02072,0.70807,0.00000,0.00000,-0.70614,1.49917,0.00006,0.00000
77360000000,5.12501,-11.18431,0.02072,0.70807,0.00000,0.00000,-0.70614,1.49915,0.00004,0.00000
77380000000,5.12509,-11.21429,0.02072,0.70807,0.00000,0.00000,-0.70614,1.49915,0.00002,0.00000
77400000000,5.12517,-11.24427,0.02072,0.70807,0.00000,0.00000,-0.70614,1.49915,0.00000,0.00000
77420000000,5.12525,-11.27425,0.02072,0.70807,0.00000,0.00000,-0.70614,1.49914,-0.00001,0.00000
77440000000,5.12533,-11.30424,0.02072,0.70807,0.00000,0.00000,-0.70614,1.49915,-0.00003,0.00000
77460000000,5.12542,-11.33422,0.02072,0.70807,0.00000,0.00000,-0.70614,1.49916,-0.00005,0.00000
77480000000,5.12550,-11.36420,0.02072,0.70807,0.00000,0.00000,-0.70614,1.49915,-0.00006,0.00000
77500000000,5.12558,-11.39419,0.02072,0.70807,0.00000,0.00000,-0.70615,1.49916,-0.00008,0.00000
77520000000,5.12566,-11.42417,0.02072,0.70806,0.00000,0.00000,-0.70615,1.49916,-0.00010,0.00000
77540000000,5.12573,-11.45415,0.02072,0.70806,0.00000,0.00000,-0.70615,1.49917,-0.00011,0.00000
77560000000,5.12581,-11.48414,0.02072,0.70805,0.00000,0.00000,-0.70616,1.49917,-0.00013,0.00000
77580000000,5.12589,-11.51412,0.02072,0.70805,0.00000,0.00000,-0.70616,1.49917,-0.00014,0.00000
77600000000,5.12597,-11.54410,0.02072,0.70804,0.00000,0.00000,-0.70617,1.49918,-0.00016,0.00000
77620000000,5.12604,-11.57409,0.02072,0.70804,0.00000,0.00000,-0.70617,1.49918,-0.00018,0.00000
77640000000,5.12612,-11.60407,0.02072,0.70803,0.00000,0.00000,-0.70618,1.49919,-0.00019,0.00000
77660000000,5.12619,-11.63405,0.02072,0.70802,0.00000,0.00000,-0.70619,1.49920,-0.00021,0.00000
77680000000,5.12626,-11.66404,0.02072,0.70802,0.00000,0.00000,-0.70620,1.49920,-0.00022,0.00000
77700000000,5.12634,-11.69402,0.02072,0.70801,0.00000,0.00000,-0.70620,1.49921,-0.00024,0.00000
77720000000,5.12641,-11.72401,0.02072,0.70800,0.00000,0.00000,-0.70621,1.49921,-0.00025,0.00000
77740000000,5.12648,-11.75399,0.02072,0.70799,0.00000,0.00000,-0.70622,1.49923,-0.00027,0.00000
77760000000,5.12655,-11.78397,0.02072,0.70798,0.00000,0.00000,-0.70623,1.49924,-0.00028,0.00000
77780000000,5.12661,-11.81396,0.02072,0.70797,0.00000,0.00000,-0.70624,1.49925,-0.00030,0.00000
77800000000,5.12668,-11.84394,0.02072,0.70796,0.00000,0.00000,-0.70625,1.49925,-0.00031,0.00000
77820000000,5.12675,-11.87393,0.02072,0.70795,0.00000,0.00000,-0.70626,1.49926,-0.00032,0.00000
77840000000,5.12681,-11.90391,0.02072,0.70794,0.00000,0.00000,-0.70627,1.49927,-0.00034,0.00000
77860000000,5.12687,-11.93390,0.02072,0.70793,0.00000,0.00000,-0.70629,1.49929,-0.00035,0.00000
77880000000,5.12694,-11.96389,0.02072,0.70791,0.00000,0.00000,-0.70630,1.49930,-0.00036,0.00000
77900000000,5.12700,-11.99387,0.02072,0.70790,0.00000,0.00000,-0.70631,1.49931,-0.00038,0.00000
77920000000,5.12706,-12.02386,0.02072,0.70789,0.00000,0.00000,-0.70632,1.49933,-0.00039,0.00000
77940000000,5.12711,-12.05384,0.02072,0.70787,0.00000,0.00000,-0.70634,1.49934,-0.00040,0.00000
77960000000,5.12717,-12.08383,0.02072,0.70786,0.00000,0.00000,-0.70635,1.49935,-0.00041,0.00000
77980000000,5.12722,-12.11382,0.02072,0.70785,0.00000,0.00000,-0.70637,1.49936,-0.00043,0.00000
78000000000,5.12728,-12.14381,0.02072,0.70783,0.00000,0.00000,-0.70638,1.49938,-0.00044,0.00000
78020000000,5.12733,-12.17379,0.02072,0.70782,0.00000,0.00000,-0.70640,1.49940,-0.00045,0.00000
78040000000,5.12738,-12.20378,0.02072,0.70780,0.00000,0.00000,-0.70641,1.49941,-0.00046,0.00000
78060000000,5.12743,-12.23377,0.02072,0.70778,0.00000,0.00000,-0.70643,1.49944,-0.00047,0.00000
78080000000,5.12748,-12.26376,0.02072,0.70777,0.00000,0.00000,-0.70644,1.49944,-0.00048,0.00000
78100000000,5.12752,-12.29375,0.02072,0.70775,0.00000,0.00000,-0.70646,1.49946,-0.00049,0.00000
78120000000,5.12757,-12.32374,0.02072,0.70774,0.00000,0.00000,-0.70648,1.49949,-0.00050,0.00000
78140000000,5.12761,-12.35373,0.02072,0.70772,0.00000,0.00000,-0.70649,1.49950,-0.00050,0.00000
78160000000,5.12765,-12.38372,0.02072,0.70770,0.00000,0.00000,-0.70651,1.49954,-0.00051,0.00000
78180000000,5.12769,-12.41371,0.02072,0.70768,0.00000,0.00000,-0.70653,1.49954,-0.00052,0.00000
78200000000,5.12773,-12.44370,0.02072,0.70767,0.00000,0.00000,-0.70655,1.49957,-0.00053,0.00000
78220000000,5.12776,-12.47369,0.02072,0.70765,0.00000,0.00000,-0.70657,1.49959,-0.00053,0.00000
78240000000,5.12780,-12.50368,0.02072,0.70763,0.00000,0.00000,-0.70658,1.49961,-0.00054,0.00000
78260000000,5.12783,-12.53368,0.02072,0.70761,0.00000,0.00000,-0.70660,1.49966,-0.00055,0.00000
78280000000,5.12786,-12.56367,0.02072,0.70759,0.00000,0.00000,-0.70662,1.49966,-0.00055,0.00000
78300000000,5.12789,-12.59366,0.02072,0.70757,0.00000,0.00000,-0.70664,1.49969,-0.00056,0.00000
78320000000,5.12792,-12.62366,0.02072,0.70755,0.00000,0.00000,-0.70666,1.49973,-0.00056,0.00000
78340000000,5.12794,-12.65365,0.02072,0.70754,0.00000,0.00000,-0.70668,1.49975,-0.00056,0.00000
78360000000,5.12797,-12.68365,0.02072,0.70752,0.00000,0.00000,-0.70670,1.49980,-0.00057,0.00000
78380000000,5.12799,-12.71365,0.02072,0.70750,0.00000,0.00000,-0.70672,1.49981,-0.00057,0.00000
78400000000,5.12801,-12.74364,0.02072,0.70748,0.00000,0.00000,-0.70674,1.49988,-0.00057,0.00000
78420000000,5.12803,-12.77364,0.02072,0.70746,0.00000,0.00000,-0.70676,1.49988,-0.00057,0.00000
78440000000,5.12805,-12.80364,0.02072,0.70744,0.00000,0.00000,-0.70678,1.49992,-0.00057,0.00000
78460000000,5.12806,-12.83364,0.02072,0.70742,0.00000,0.00000,-0.70679,1.49992,-0.00057,0.00000
78480000000,5.12808,-12.86364,0.02072,0.70740,0.00000,0.00000,-0.70681,1.50000,-0.00057,0.00000
78500000000,5.12809,-12.89364,0.02072,0.70738,0.00000,0.00000,-0.70683,1.50005,-0.00057,0.00000
78520000000,5.12810,-12.92364,0.02072,0.70736,0.00000,0.00000,-0.70685,1.50009,-0.00057,0.00000
78540000000,5.12811,-12.95364,0.02072,0.70734,0.00000,0.00000,-0.70687,1.50019,-0.00056,0.00000
78560000000,5.12812,-12.98365,0.02072,0.70732,0.00000,0.00000,-0.70689,1.50019,-0.00056,0.00000
78580000000,5.12813,-13.01365,0.02072,0.70730,0.00000,0.00000,-0.70691,1.50024,-0.00055,0.00000
78600000000,5.12813,-13.04366,0.02072,0.70729,0.00000,0.00000,-0.70693,1.50030,-0.00054,0.00000
78620000000,5.12813,-13.07366,0.02072,0.70727,0.00000,0.00000,-0.70695,1.50045,-0.00053,0.00000
78640000000,5.12814,-13.10367,0.02072,0.70725,0.00000,0.00000,-0.70696,1.50044,-0.00052,0.00000
78660000000,5.12814,-13.13368,0.02072,0.70723,0.00000,0.00000,-0.70698,1.50043,-0.00051,0.00000
78680000000,5.12814,-13.16369,0.02072,0.70722,0.00000,0.00000,-0.70700,1.50043,-0.00050,0.00000
78700000000,5.12814,-13.19370,0.02072,0.70720,0.00000,0.00000,-0.70701,1.50042,-0.00049,0.00000
78720000000,5.12813,-13.22371,0.02072,0.70718,0.00000,0.00000,-0.70703,1.50065,-0.00048,0.00000
78740000000,5.12813,-13.25372,0.02072,0.70717,0.00000,0.00000,-0.70705,1.50074,-0.00047,0.00000
78760000000,5.12813,-13.28374,0.02072,0.70715,0.00000,0.00000,-0.70706,1.50089,-0.00045,0.00000
78780000000,5.12812,-13.31376,0.02072,0.70714,0.00000,0.00000,-0.70708,1.50091,-0.00043,0.00000
78800000000,5.12811,-13.34378,0.02072,0.70712,0.00000,0.00000,-0.70709,1.50094,-0.00041,0.00000
78820000000,5.12811,-13.37380,0.02072,0.70711,0.00000,0.00000,-0.70710,1.50109,-0.00039,0.00000
78840000000,5.12810,-13.40382,0.02072,0.70710,0.00000,0.00000,-0.70712,1.50108,-0.00037,0.00000
78860000000,5.12809,-13.43384,0.02072,0.70708,0.00000,0.00000,-0.70713,1.50115,-0.00034,0.00000
78880000000,5.12808,-13.46387,0.02072,0.70707,0.00000,0.00000,-0.70714,1.50119,-0.00032,0.00000
78900000000,5.12807,-13.49389,0.02072,0.70706,0.00000,0.00000,-0.70715,1.50129,-0.00029,0.00000
78920000000,5.12806,-13.52392,0.02072,0.70705,0.00000,0.00000,-0.70716,1.50144,-0.00026,0.00000
78940000000,5.12805,-13.55395,0.02072,0.70705,0.00000,0.00000,-0.70717,1.50142,-0.00024,0.00000
78960000000,5.12804,-13.58398,0.02072,0.70704,0.00000,0.00000,-0.70717,1.50148,-0.00021,0.00000
78980000000,5.12803,-13.61401,0.02072,0.70703,0.00000,0.00000,-0.70718,1.50146,-0.00018,0.00000
79000000000,5.12802,-13.64404,0.02072,0.70703,0.00000,0.00000,-0.70719,1.50161,-0.00014,0.00000
79020000000,5.12801,-13.67407,0.02072,0.70702,0.00000,0.00000,-0.70719,1.50165,-0.00011,0.00000
79040000000,5.12801,-13.70411,0.02072,0.70702,0.00000,0.00000,-0.70719,1.50173,-0.00008,0.00000
79060000000,5.12800,-13.73414,0.02072,0.70702,0.00000,0.00000,-0.70719,1.50187,-0.00004,0.00000
79080000000,5.12799,-13.76418,0.02072,0.70702,0.00000,0.00000,-0.70719,1.50184,-0.00001,0.00000
79100000000,5.12798,-13.79422,0.02072,0.70702,0.00000,0.00000,-0.70719,1.50189,0.00003,0.00000
79120000000,5.12798,-13.82425,0.02072,0.70702,0.00000,0.00000,-0.70719,1.50187,0.00007,0.00000
79140000000,5.12797,-13.85429,0.02072,0.70702,0.00000,0.00000,-0.70719,1.50199,0.00011,0.00000
79160000000,5.12797,-13.88430,0.02072,0.70703,0.00000,0.00000,-0.70718,1.49872,0.00013,0.00000
79180000000,5.12796,-13.91426,0.02072,0.70703,0.00000,0.00000,-0.70718,1.49808,0.00009,0.00000
79200000000,5.12796,-13.94422,0.02072,0.70703,0.00000,0.00000,-0.70718,1.49818,0.00006,0.00000
79220000000,5.12795,-13.97419,0.02072,0.70704,0.00000,0.00000,-0.70718,1.49845,0.00002,0.00000
79240000000,5.12795,-14.00416,0.02072,0.70704,0.00000,0.00000,-0.70718,1.49848,-0.00001,0.00000
79260000000,5.12794,-14.03413,0.02072,0.70704,0.00000,0.00000,-0.70718,1.49862,-0.00003,0.00000
79280000000,5.12793,-14.06411,0.02072,0.70703,0.00000,0.00000,-0.70718,1.49873,-0.00006,0.00000
79300000000,5.12792,-14.09409,0.02072,0.70703,0.00000,0.00000,-0.70718,1.49893,-0.00008,0.00000
79320000000,5.12792,-14.12407,0.02072,0.70703,0.00000,0.00000,-0.70719,1.49909,-0.00010,0.00000
79340000000,5.12791,-14.15405,0.02072,0.70702,0.00000,0.00000,-0.70719,1.49924,-0.00012,0.00000
79360000000,5.12790,-14.18404,0.02072,0.70702,0.00000,0.00000,-0.70719,1.49955,-0.00013,0.00000
79380000000,5.12789,-14.21403,0.02072,0.70701,0.00000,0.00000,-0.70720,1.49955,-0.00014,0.00000
79400000000,5.12788,-14.24403,0.02072,0.70701,0.00000,0.00000,-0.70720,1.49971,-0.00015,0.00000
79420000000,5.12786,-14.27402,0.02072,0.70700,0.00000,0.00000,-0.70721,1.49980,-0.00015,0.00000
79440000000,5.12785,-14.30402,0.02072,0.70700,0.00000,0.00000,-0.70721,1.50013,-0.00015,0.00000
79460000000,5.12784,-14.33403,0.02072,0.70699,0.00000,0.00000,-0.70722,1.50012,-0.00015,0.00000
79480000000,5.12783,-14.36403,0.02072,0.70699,0.00000,0.00000,-0.70722,1.50012,-0.00014,0.00000
79500000000,5.12781,-14.39404,0.02072,0.70698,0.00000,0.00000,-0.70723,1.50045,-0.00014,0.00000
79520000000,5.12780,-14.42405,0.02072,0.70698,0.00000,0.00000,-0.70723,1.50075,-0.00012,0.00000
79540000000,5.12779,-14.45406,0.02072,0.70698,0.00000,0.00000,-0.70724,1.50074,-0.00011,0.00000
79560000000,5.12777,-14.48408,0.02072,0.70697,0.00000,0.00000,-0.70724,1.50088,-0.00009,0.00000
79580000000,5.12776,-14.51410,0.02072,0.70697,0.00000,0.00000,-0.70724,1.50108,-0.00007,0.00000
79600000000,5.12775,-14.54412,0.02072,0.70697,0.00000,0.00000,-0.70725,1.50115,-0.00005,0.00000
79620000000,5.12774,-14.57415,0.02072,0.70697,0.00000,0.00000,-0.70725,1.50128,-0.00003,0.00000
79640000000,5.12772,-14.60417,0.02072,0.70697,0.00000,0.00000,-0.70725,1.50126,-0.00000,0.00000
79660000000,5.12771,-14.63421,0.02072,0.70697,0.00000,0.00000,-0.70725,1.50154,0.00003,0.00000
79680000000,5.12770,-14.66424,0.02072,0.70697,0.00000,0.00000,-0.70724,1.50169,0.00006,0.00000
79700000000,5.12769,-14.69427,0.02072,0.70697,0.00000,0.00000,-0.70724,1.50178,0.00009,0.00000
79720000000,5.12768,-14.72431,0.02072,0.70698,0.00000,0.00000,-0.70724,1.50205,0.00013,0.00000
79740000000,5.12768,-14.75435,0.02072,0.70698,0.00000,0.00000,-0.70723,1.50207,0.00017,0.00000
79760000000,5.12767,-14.78440,0.02072,0.70699,0.00000,0.00000,-0.70722,1.50212,0.00021,0.00000
79780000000,5.12766,-14.81444,0.02072,0.70700,0.00000,0.00000,-0.70722,1.50235,0.00025,0.00000
79800000000,5.12766,-14.84449,0.02072,0.70701,0.00000,0.00000,-0.70721,1.50234,0.00030,0.00000
79820000000,5.12766,-14.87454,0.02072,0.70702,0.00000,0.00000,-0.70720,1.50258,0.00035,0.00000
79840000000,5.12766,-14.90459,0.02072,0.70703,0.00000,0.00000,-0.70718,1.50254,0.00040,0.00000
79860000000,5.12766,-14.93464,0.02072,0.70705,0.00000,0.00000,-0.70717,1.50264,0.00045,0.00000
79880000000,5.12767,-14.96469,0.02072,0.70706,0.00000,0.00000,-0.70715,1.50273,0.00050,0.00000
79900000000,5.12768,-14.99475,0.02072,0.70708,0.00000,0.00000,-0.70713,1.50282,0.00055,0.00000
79920000000,5.12769,-15.02481,0.02072,0.70710,0.00000,0.00000,-0.70711,1.50304,0.00061,0.00000
79940000000,5.12770,-15.05487,0.02072,0.70712,0.00000,0.00000,-0.70709,1.50304,0.00067,0.00000
79960000000,5.12772,-15.08493,0.02072,0.70715,0.00000,0.00000,-0.70707,1.50307,0.00073,0.00000
79980000000,5.12774,-15.11500,0.02072,0.70717,0.00000,0.00000,-0.70704,1.50327,0.00079,0.00000
80000000000,5.12776,-15.14506,0.02072,0.70720,0.00000,0.00000,-0.70701,1.50322,0.00085,0.00000
80020000000,5.12779,-15.17513,0.02072,0.70723,0.00000,0.00000,-0.70698,1.50329,0.00091,0.00000
80040000000,5.12782,-15.20519,0.02072,0.70726,0.00000,0.00000,-0.70695,1.50324,0.00097,0.00000
80060000000,5.12786,-15.23526,0.02072,0.70730,0.00000,0.00000,-0.70691,1.50342,0.00104,0.00000
80080000000,5.12790,-15.26533,0.02072,0.70734,0.00000,0.00000,-0.70688,1.50337,0.00110,0.00000
80100000000,5.12794,-15.29540,0.02072,0.70738,0.00000,0.00000,-0.70684,1.50354,0.00117,0.00000
80120000000,5.12799,-15.32547,0.02072,0.70742,0.00000,0.00000,-0.70680,1.50359,0.00123,0.00000
80140000000,5.12804,-15.35554,0.02072,0.70746,0.00000,0.00000,-0.70675,1.50365,0.00130,0.00000
80160000000,5.12810,-15.38562,0.02072,0.70751,0.00000,0.00000,-0.70671,1.50377,0.00137,0.00000
80180000000,5.12817,-15.41569,0.02072,0.70756,0.00000,0.00000,-0.70666,1.50374,0.00144,0.00000
80200000000,5.12824,-15.44577,0.02072,0.70761,0.00000,0.00000,-0.70661,1.50387,0.00151,0.00000
80220000000,5.12831,-15.47584,0.02072,0.70766,0.00000,0.00000,-0.70655,1.50381,0.00158,0.00000
80240000000,5.12840,-15.50592,0.02072,0.70772,0.00000,0.00000,-0.70650,1.50384,0.00165,0.00000
80260000000,5.12848,-15.53600,0.02072,0.70777,0.00000,0.00000,-0.70644,1.50394,0.00173,0.00000
80280000000,5.12858,-15.56608,0.02072,0.70783,0.00000,0.00000,-0.70638,1.50390,0.00180,0.00000
80300000000,5.12868,-15.59615,0.02072,0.70790,0.00000,0.00000,-0.70631,1.50392,0.00187,0.00000
80320000000,5.12879,-15.62623,0.02072,0.70796,0.00000,0.00000,-0.70625,1.50386,0.00194,0.00000
80340000000,5.12891,-15.65631,0.02072,0.70803,0.00000,0.00000,-0.70618,1.50403,0.00201,0.00000
80360000000,5.12903,-15.68639,0.02072,0.70810,0.00000,0.00000,-0.70611,1.50397,0.00209,0.00000
80380000000,5.12916,-15.71647,0.02072,0.70818,0.00000,0.00000,-0.70604,1.50398,0.00216,0.00000
80400000000,5.12930,-15.74655,0.02072,0.70825,0.00000,0.00000,-0.70596,1.50392,0.00223,0.00000
80420000000,5.12944,-15.77663,0.02072,0.70833,0.00000,0.00000,-0.70588,1.50404,0.00230,0.00000
80440000000,5.12960,-15.80671,0.02072,0.70841,0.00000,0.00000,-0.70580,1.50398,0.00237,0.00000
80460000000,5.12976,-15.83678,0.02072,0.70849,0.00000,0.00000,-0.70572,1.50395,0.00244,0.00000
80480000000,5.12993,-15.86686,0.02072,0.70858,0.00000,0.00000,-0.70563,1.50360,0.00251,0.00000
80500000000,5.13011,-15.89693,0.02072,0.70867,0.00000,0.00000,-0.70554,1.50335,0.00257,0.00000
80520000000,5.13030,-15.92698,0.02072,0.70876,0.00000,0.00000,-0.70545,1.50229,0.00263,0.00000
80540000000,5.13050,-15.95702,0.02072,0.70885,0.00000,0.00000,-0.70536,1.50226,0.00266,0.00000
80560000000,5.13071,-15.98706,0.02072,0.70894,0.00000,0.00000,-0.70527,1.50172,0.00269,0.00000
80580000000,5.13092,-16.01707,0.02072,0.70903,0.00000,0.00000,-0.70518,1.49957,0.00271,0.00000
80600000000,5.13114,-16.04705,0.02072,0.70912,0.00000,0.00000,-0.70509,1.49921,0.00269,0.00000
80620000000,5.13137,-16.07700,0.02072,0.70921,0.00000,0.00000,-0.70500,1.49653,0.00266,0.00000
80640000000,5.13160,-16.10693,0.02072,0.70929,0.00000,0.00000,-0.70491,1.49653,0.00258,0.00000
80660000000,5.13184,-16.13682,0.02072,0.70938,0.00000,0.00000,-0.70483,1.49476,0.00249,0.00000
80680000000,5.13209,-16.16671,0.02072,0.70946,0.00000,0.00000,-0.70475,1.49355,0.00238,0.00000
80700000000,5.13233,-16.19652,0.02072,0.70953,0.00000,0.00000,-0.70468,1.49051,0.00221,0.00000
80720000000,5.13258,-16.22626,0.02072,0.70959,0.00000,0.00000,-0.70461,1.48564,0.00201,0.00000
80740000000,5.13283,-16.25598,0.02072,0.70965,0.00000,0.00000,-0.70456,1.48573,0.00172,0.00000
80760000000,5.13307,-16.28563,0.02072,0.70969,0.00000,0.00000,-0.70452,1.48284,0.00141,0.00000
80780000000,5.13332,-16.31529,0.02072,0.70972,0.00000,0.00000,-0.70449,1.48276,0.00107,0.00000
80800000000,5.13355,-16.34485,0.02072,0.70973,0.00000,0.00000,-0.70447,1.47713,0.00069,0.00000
80820000000,5.13378,-16.37437,0.02072,0.70973,0.00000,0.00000,-0.70447,1.47527,0.00024,0.00000
80840000000,5.13399,-16.40376,0.02072,0.70971,0.00000,0.00000,-0.70449,1.46944,-0.00029,0.00000
80860000000,5.13419,-16.43308,0.02072,0.70967,0.00000,0.00000,-0.70453,1.46288,-0.00088,0.00000
80880000000,5.13437,-16.46230,0.02072,0.70960,0.00000,0.00000,-0.70460,1.46139,-0.00164,0.00000
80900000000,5.13453,-16.49145,0.02072,0.70951,0.00000,0.00000,-0.70470,1.45672,-0.00243,0.00000
80920000000,5.13466,-16.52059,0.02072,0.70939,0.00000,0.00000,-0.70482,1.45704,-0.00329,0.00000
80940000000,5.13477,-16.54959,0.02072,0.70923,0.00000,0.00000,-0.70497,1.44786,-0.00416,0.00000
80960000000,5.13483,-16.57854,0.02072,0.70905,0.00000,0.00000,-0.70516,1.44655,-0.00520,0.00000
80980000000,5.13486,-16.60733,0.02072,0.70882,0.00000,0.00000,-0.70539,1.43830,-0.00629,0.00000
81000000000,5.13485,-16.63604,0.02072,0.70856,0.00000,0.00000,-0.70565,1.43409,-0.00752,0.00000
81020000000,5.13478,-16.66473,0.02072,0.70825,0.00000,0.00000,-0.70596,1.43492,-0.00885,0.00000
81040000000,5.13466,-16.69331,0.02072,0.70791,0.00000,0.00000,-0.70630,1.42652,-0.01016,0.00000
81060000000,5.13449,-16.72183,0.02072,0.70752,0.00000,0.00000,-0.70670,1.42554,-0.01164,0.00000
81080000000,5.13425,-16.75023,0.02072,0.70708,0.00000,0.00000,-0.70713,1.41909,-0.01317,0.00000
81100000000,5.13394,-16.77861,0.02072,0.70660,0.00000,0.00000,-0.70762,1.41860,-0.01472,0.00000
81120000000,5.13356,-16.80687,0.02072,0.70606,0.00000,0.00000,-0.70815,1.41289,-0.01627,0.00000
81140000000,5.13310,-16.83511,0.02072,0.70546,0.00000,0.00000,-0.70875,1.41079,-0.01788,0.00000
81160000000,5.13256,-16.86325,0.02072,0.70481,0.00000,0.00000,-0.70939,1.40744,-0.01957,0.00000
81180000000,5.13193,-16.89139,0.02072,0.70410,0.00000,0.00000,-0.71010,1.40542,-0.02126,0.00000
81200000000,5.13121,-16.91943,0.02072,0.70334,0.00000,0.00000,-0.71086,1.40266,-0.02303,0.00000
81220000000,5.13039,-16.94742,0.02072,0.70250,0.00000,0.00000,-0.71168,1.39776,-0.02477,0.00000
81240000000,5.12947,-16.97535,0.02072,0.70161,0.00000,0.00000,-0.71256,1.39623,-0.02664,0.00000
81260000000,5.12844,-17.00326,0.02072,0.70065,0.00000,0.00000,-0.71350,1.39636,-0.02855,0.00000
81280000000,5.12729,-17.03103,0.02072,0.69963,0.00000,0.00000,-0.71451,1.38698,-0.03032,0.00000
81300000000,5.12603,-17.05859,0.02072,0.69854,0.00000,0.00000,-0.71557,1.37604,-0.03223,0.00000
81320000000,5.12465,-17.08592,0.02072,0.69738,0.00000,0.00000,-0.71670,1.36525,-0.03432,0.00000
81340000000,5.12314,-17.11304,0.02072,0.69614,0.00000,0.00000,-0.71790,1.35547,-0.03659,0.00000
81360000000,5.12150,-17.13996,0.02072,0.69482,0.00000,0.00000,-0.71918,1.34520,-0.03900,0.00000
81380000000,5.11970,-17.16669,0.02072,0.69341,0.00000,0.00000,-0.72055,1.33644,-0.04158,0.00000
81400000000,5.11775,-17.19323,0.02072,0.69190,0.00000,0.00000,-0.72200,1.32807,-0.04431,0.00000
81420000000,5.11563,-17.21975,0.02072,0.69028,0.00000,0.00000,-0.72354,1.33033,-0.04740,0.00000
81440000000,5.11331,-17.24632,0.02072,0.68856,0.00000,0.00000,-0.72518,1.33292,-0.05043,0.00000
81460000000,5.11081,-17.27292,0.02072,0.68673,0.00000,0.00000,-0.72692,1.33545,-0.05341,0.00000
81480000000,5.10811,-17.29955,0.02072,0.68479,0.00000,0.00000,-0.72874,1.33793,-0.05633,0.00000
81500000000,5.10520,-17.32621,0.02072,0.68274,0.00000,0.00000,-0.73066,1.34036,-0.05918,0.00000
81520000000,5.10207,-17.35290,0.02072,0.68059,0.00000,0.00000,-0.73266,1.34275,-0.06199,0.00000
81540000000,5.09873,-17.37961,0.02072,0.67834,0.00000,0.00000,-0.73475,1.34509,-0.06473,0.00000
81560000000,5.09516,-17.40634,0.02072,0.67599,0.00000,0.00000,-0.73691,1.34738,-0.06743,0.00000
81580000000,5.09137,-17.43309,0.02072,0.67353,0.00000,0.00000,-0.73916,1.34963,-0.07007,0.00000
81600000000,5.08733,-17.45985,0.02072,0.67098,0.00000,0.00000,-0.74148,1.35184,-0.07266,0.00000
81620000000,5.08305,-17.48662,0.02072,0.66832,0.00000,0.00000,-0.74387,1.35400,-0.07519,0.00000
81640000000,5.07852,-17.51340,0.02072,0.66557,0.00000,0.00000,-0.74634,1.35612,-0.07768,0.00000
81660000000,5.07374,-17.54018,0.02072,0.66272,0.00000,0.00000,-0.74887,1.35820,-0.08012,0.00000
81680000000,5.06870,-17.56695,0.02072,0.65977,0.00000,0.00000,-0.75146,1.36023,-0.08252,0.00000
81700000000,5.06339,-17.59371,0.02072,0.65673,0.00000,0.00000,-0.75412,1.36223,-0.08486,0.00000
81720000000,5.05781,-17.62047,0.02072,0.65360,0.00000,0.00000,-0.75684,1.36419,-0.08716,0.00000
81740000000,5.05195,-17.64720,0.02072,0.65037,0.00000,0.00000,-0.75962,1.36611,-0.08942,0.00000
81760000000,5.04582,-17.67392,0.02072,0.64705,0.00000,0.00000,-0.76245,1.36800,-0.09163,0.00000
81780000000,5.03940,-17.70061,0.02072,0.64363,0.00000,0.00000,-0.76533,1.36988,-0.09380,0.00000
81800000000,5.03269,-17.72728,0.02072,0.64012,0.00000,0.00000,-0.76827,1.37224,-0.09592,0.00000
81820000000,5.02568,-17.75393,0.02072,0.63652,0.00000,0.00000,-0.77126,1.37503,-0.09798,0.00000
81840000000,5.01837,-17.78055,0.02072,0.63282,0.00000,0.00000,-0.77430,1.37769,-0.10000,0.00000
81860000000,5.01075,-17.80716,0.02072,0.62902,0.00000,0.00000,-0.77739,1.38105,-0.10196,0.00000
81880000000,5.00281,-17.83376,0.02072,0.62512,0.00000,0.00000,-0.78053,1.38511,-0.10385,0.00000
81900000000,4.99455,-17.86036,0.02072,0.62111,0.00000,0.00000,-0.78372,1.38991,-0.10566,0.00000
81920000000,4.98595,-17.88697,0.02072,0.61699,0.00000,0.00000,-0.78697,1.39545,-0.10738,0.00000
81940000000,4.97700,-17.91359,0.02072,0.61274,0.00000,0.00000,-0.79028,1.40176,-0.10900,0.00000
81960000000,4.96771,-17.94024,0.02072,0.60837,0.00000,0.00000,-0.79365,1.40884,-0.11052,0.00000
81980000000,4.95804,-17.96693,0.02072,0.60386,0.00000,0.00000,-0.79709,1.41673,-0.11193,0.00000
82000000000,4.94800,-17.99366,0.02072,0.59921,0.00000,0.00000,-0.80059,1.42543,-0.11320,0.00000
82020000000,4.93757,-18.02044,0.02072,0.59441,0.00000,0.00000,-0.80417,1.43497,-0.11432,0.00000
82040000000,4.92673,-18.04728,0.02072,0.58944,0.00000,0.00000,-0.80782,1.44538,-0.11528,0.00000
82060000000,4.91547,-18.07419,0.02072,0.58429,0.00000,0.00000,-0.81155,1.45667,-0.11607,0.00000
82080000000,4.90378,-18.10117,0.02072,0.57895,0.00000,0.00000,-0.81536,1.46887,-0.11665,-0.00000
82100000000,4.89163,-18.12823,0.02072,0.57342,0.00000,0.00000,-0.81926,1.48201,-0.11702,-0.00000
82120000000,4.87901,-18.15538,0.02072,0.56766,0.00000,0.00000,-0.82326,1.49611,-0.11714,-0.00000
82140000000,4.86590,-18.18263,0.02072,0.56167,0.00000,0.00000,-0.82736,1.51120,-0.11698,-0.00000
82160000000,4.85232,-18.20981,0.02072,0.55550,0.00000,0.00000,-0.83151,1.51406,-0.11771,0.00000
82180000000,4.83834,-18.23674,0.02072,0.54925,0.00000,0.00000,-0.83566,1.51180,-0.11886,0.00000
82200000000,4.82395,-18.26340,0.02072,0.54292,0.00000,0.00000,-0.83978,1.50960,-0.12000,0.00000
82220000000,4.80916,-18.28979,0.02072,0.53651,0.00000,0.00000,-0.84389,1.50745,-0.12113,0.00000
82240000000,4.79396,-18.31591,0.02072,0.53002,0.00000,0.00000,-0.84798,1.50536,-0.12226,0.00000
82260000000,4.77836,-18.34174,0.02072,0.52345,0.00000,0.00000,-0.85206,1.50332,-0.12339,0.00000
82280000000,4.76236,-18.36728,0.02072,0.51681,0.00000,0.00000,-0.85610,1.50133,-0.12450,0.00000
82300000000,4.74596,-18.39252,0.02072,0.51009,0.00000,0.00000,-0.86012,1.49939,-0.12562,0.00000
82320000000,4.72916,-18.41746,0.02072,0.50329,0.00000,0.00000,-0.86411,1.49751,-0.12672,0.00000
82340000000,4.71197,-18.44209,0.02072,-0.49643,-0.00000,-0.00000,0.86808,1.49567,-0.12783,0.00000
82360000000,4.69440,-18.46639,0.02072,-0.48949,-0.00000,-0.00000,0.87201,1.49388,-0.12892,0.00000
82380000000,4.67643,-18.49037,0.02072,-0.48249,-0.00000,-0.00000,0.87590,1.49214,-0.13001,0.00000
82400000000,4.65809,-18.51402,0.02072,-0.47542,-0.00000,-0.00000,0.87976,1.49045,-0.13110,0.00000
82420000000,4.63936,-18.53734,0.02072,-0.46828,-0.00000,-0.00000,0.88358,1.48880,-0.13218,0.00000
82440000000,4.62026,-18.56030,0.02072,-0.46108,-0.00000,-0.00000,0.88736,1.48719,-0.13325,0.00000
82460000000,4.60079,-18.58291,0.02072,-0.45381,-0.00000,-0.00000,0.89110,1.48563,-0.13432,0.00000
82480000000,4.58095,-18.60517,0.02072,-0.44648,-0.00000,-0.00000,0.89479,1.48412,-0.13538,0.00000
82500000000,4.56075,-18.62705,0.02072,-0.43910,-0.00000,-0.00000,0.89844,1.48264,-0.13643,0.00000
82520000000,4.54019,-18.64857,0.02072,-0.43165,-0.00000,-0.00000,0.90204,1.48120,-0.13748,0.00000
82540000000,4.51928,-18.66970,0.02072,-0.42414,-0.00000,-0.00000,0.90560,1.47981,-0.13853,0.00000
82560000000,4.49802,-18.69046,0.02072,-0.41658,-0.00000,-0.00000,0.90910,1.47845,-0.13956,0.00000
82580000000,4.47642,-18.71081,0.02072,-0.40897,-0.00000,-0.00000,0.91255,1.47708,-0.14124,0.00000
82600000000,4.45447,-18.73075,0.02072,-0.40136,-0.00000,-0.00000,0.91592,1.47582,-0.14305,0.00000
82620000000,4.43218,-18.75029,0.02072,-0.39372,-0.00000,-0.00000,0.91923,1.47472,-0.14534,0.00000
82640000000,4.40955,-18.76941,0.02072,-0.38606,-0.00000,-0.00000,0.92247,1.47374,-0.14658,0.00000
82660000000,4.38661,-18.78812,0.02072,-0.37838,-0.00000,-0.00000,0.92565,1.47290,-0.14817,0.00000
82680000000,4.36335,-18.80642,0.02072,-0.37067,-0.00000,-0.00000,0.92876,1.47205,-0.14905,0.00000
82700000000,4.33977,-18.82430,0.02072,-0.36295,-0.00000,-0.00000,0.93181,1.47163,-0.15143,0.00000
82720000000,4.31587,-18.84175,0.02072,-0.35527,-0.00000,-0.00000,0.93477,1.47133,-0.15336,0.00000
82740000000,4.29167,-18.85877,0.02072,-0.34758,-0.00000,-0.00000,0.93765,1.47108,-0.15490,0.00000
82760000000,4.26719,-18.87537,0.02072,-0.33987,-0.00000,-0.00000,0.94047,1.47111,-0.15674,0.00000
82780000000,4.24240,-18.89154,0.02072,-0.33219,-0.00000,-0.00000,0.94321,1.47101,-0.15786,0.00000
82800000000,4.21735,-18.90728,0.02072,-0.32450,-0.00000,-0.00000,0.94588,1.47119,-0.15929,0.00000
82820000000,4.19203,-18.92261,0.02072,-0.31680,-0.00000,-0.00000,0.94849,1.47088,-0.15962,0.00000
82840000000,4.16643,-18.93750,0.02072,-0.30913,-0.00000,-0.00000,0.95102,1.47197,-0.16207,0.00000
82860000000,4.14059,-18.95196,0.02072,-0.30145,-0.00000,-0.00000,0.95348,1.47205,-0.16262,0.00000
82880000000,4.11447,-18.96599,0.02072,-0.29381,-0.00000,-0.00000,0.95586,1.47326,-0.16455,0.00000
82900000000,4.08812,-18.97959,0.02072,-0.28616,-0.00000,-0.00000,0.95818,1.47350,-0.16496,0.00000
82920000000,4.06156,-18.99281,0.02072,-0.27863,-0.00000,-0.00000,0.96040,1.47465,-0.16350,0.00000
82940000000,4.03479,-19.00562,0.02072,-0.27112,-0.00000,-0.00000,0.96255,1.47485,-0.16220,0.00000
82960000000,4.00784,-19.01808,0.02072,-0.26376,-0.00000,-0.00000,0.96459,1.47599,-0.16042,0.00000
82980000000,3.98067,-19.03012,0.02072,-0.25643,-0.00000,-0.00000,0.96656,1.47792,-0.16179,0.00000
83000000000,3.95329,-19.04174,0.02072,-0.24913,-0.00000,-0.00000,0.96847,1.47851,-0.16191,0.00000
83020000000,3.92571,-19.05296,0.02072,-0.24186,-0.00000,-0.00000,0.97031,1.47980,-0.16245,0.00000
83040000000,3.89794,-19.06377,0.02072,-0.23462,-0.00000,-0.00000,0.97209,1.48226,-0.16368,0.00000
83060000000,3.86998,-19.07417,0.02072,-0.22741,-0.00000,-0.00000,0.97380,1.48280,-0.16343,0.00000
83080000000,3.84183,-19.08416,0.02072,-0.22023,-0.00000,-0.00000,0.97545,1.48442,-0.16379,0.00000
83100000000,3.81354,-19.09375,0.02072,-0.21305,-0.00000,-0.00000,0.97704,1.48483,-0.16336,0.00000
83120000000,3.78505,-19.10292,0.02072,-0.20593,-0.00000,-0.00000,0.97857,1.48805,-0.16444,0.00000
83140000000,3.75641,-19.11170,0.02072,-0.19882,-0.00000,-0.00000,0.98004,1.48884,-0.16403,0.00000
83160000000,3.72759,-19.12007,0.02072,-0.19178,-0.00000,-0.00000,0.98144,1.49201,-0.16476,0.00000
83180000000,3.69862,-19.12805,0.02072,-0.18475,-0.00000,-0.00000,0.98278,1.49437,-0.16493,0.00000
83200000000,3.66948,-19.13562,0.02072,-0.17778,-0.00000,-0.00000,0.98407,1.49636,-0.16475,0.00000
83220000000,3.64021,-19.14281,0.02072,-0.17083,-0.00000,-0.00000,0.98530,1.49862,-0.16463,0.00000
83240000000,3.61083,-19.14960,0.02072,-0.16390,-0.00000,-0.00000,0.98648,1.49896,-0.16355,0.00000
83260000000,3.58130,-19.15599,0.02072,-0.15701,-0.00000,-0.00000,0.98760,1.50347,-0.16421,0.00000
83280000000,3.55164,-19.16200,0.02072,-0.15016,-0.00000,-0.00000,0.98866,1.50449,-0.16325,0.00000
83300000000,3.52182,-19.16761,0.02072,-0.14337,-0.00000,-0.00000,0.98967,1.50873,-0.16345,0.00000
83320000000,3.49191,-19.17285,0.02072,-0.13659,-0.00000,-0.00000,0.99063,1.51032,-0.16251,0.00000
83340000000,3.46184,-19.17769,0.02072,-0.12987,-0.00000,-0.00000,0.99153,1.51420,-0.16228,0.00000
83360000000,3.43167,-19.18216,0.02072,-0.12319,-0.00000,-0.00000,0.99238,1.51840,-0.16202,0.00000
83380000000,3.40138,-19.18626,0.02072,-0.11655,-0.00000,-0.00000,0.99319,1.51995,-0.16070,0.00000
83400000000,3.37099,-19.18998,0.02072,-0.10994,-0.00000,-0.00000,0.99394,1.52292,-0.15977,0.00000
83420000000,3.34055,-19.19334,0.02072,-0.10335,-0.00000,-0.00000,0.99464,1.52328,-0.15800,0.00000
83440000000,3.30997,-19.19632,0.02072,-0.09681,-0.00000,-0.00000,0.99530,1.52902,-0.15769,0.00000
83460000000,3.27933,-19.19893,0.02072,-0.09030,-0.00000,-0.00000,0.99591,1.53025,-0.15599,0.00000
83480000000,3.24856,-19.20118,0.02072,-0.08384,-0.00000,-0.00000,0.99648,1.53495,-0.15508,0.00000
83500000000,3.21771,-19.20307,0.02072,-0.07741,-0.00000,-0.00000,0.99700,1.53992,-0.15410,0.00000
83520000000,3.18677,-19.20461,0.02072,-0.07102,-0.00000,-0.00000,0.99747,1.54133,-0.15208,0.00000
83540000000,3.15577,-19.20579,0.02072,-0.06466,-0.00000,-0.00000,0.99791,1.54421,-0.15034,0.00000
83560000000,3.12471,-19.20662,0.02072,-0.05834,-0.00000,-0.00000,0.99830,1.54798,-0.14877,0.00000
83580000000,3.09356,-19.20710,0.02072,-0.05204,-0.00000,-0.00000,0.99864,1.55095,-0.14676,0.00000
83600000000,3.06235,-19.20723,0.02072,-0.04579,-0.00000,-0.00000,0.99895,1.55398,-0.14472,0.00000
83620000000,3.03112,-19.20702,0.02072,-0.03956,-0.00000,-0.00000,0.99922,1.55604,-0.14251,0.00000
83640000000,2.99979,-19.20647,0.02072,-0.03336,-0.00000,-0.00000,0.99944,1.56083,-0.14049,0.00000
83660000000,2.96842,-19.20558,0.02072,-0.02720,-0.00000,-0.00000,0.99963,1.56421,-0.13818,0.00000
83680000000,2.93704,-19.20437,0.02072,-0.02107,-0.00000,-0.00000,0.99978,1.56413,-0.13536,0.00000
83700000000,2.90559,-19.20281,0.02072,-0.01496,-0.00000,-0.00000,0.99989,1.57033,-0.13321,0.00000
83720000000,2.87411,-19.20093,0.02072,-0.00888,-0.00000,-0.00000,0.99996,1.57193,-0.13038,0.00000
83740000000,2.84255,-19.19872,0.02072,-0.00283,-0.00000,-0.00000,1.00000,1.57810,-0.12784,0.00000
83760000000,2.81095,-19.19619,0.02072,0.00319,0.00000,-0.00000,0.99999,1.58169,-0.12521,0.00000
83780000000,2.77929,-19.19331,0.02072,0.00913,0.00000,-0.00000,0.99996,1.58485,-0.12325,0.00000
83800000000,2.74762,-19.19010,0.02072,0.01497,0.00000,-0.00000,0.99989,1.58688,-0.12116,0.00000
83820000000,2.71599,-19.18657,0.02072,0.02070,0.00000,-0.00000,0.99979,1.58693,-0.11896,0.00000
83840000000,2.68433,-19.18272,0.02072,0.02633,0.00000,-0.00000,0.99965,1.59154,-0.11693,0.00000
83860000000,2.65267,-19.17856,0.02072,0.03185,0.00000,-0.00000,0.99949,1.59342,-0.11478,0.00000
83880000000,2.62098,-19.17409,0.02072,0.03727,0.00000,-0.00000,0.99931,1.59646,-0.11244,0.00000
83900000000,2.58931,-19.16932,0.02072,0.04258,0.00000,-0.00000,0.99909,1.59860,-0.11010,0.00000
83920000000,2.55768,-19.16427,0.02072,0.04776,0.00000,-0.00000,0.99886,1.59739,-0.10758,0.00000
83940000000,2.52605,-19.15894,0.02072,0.05283,0.00000,-0.00000,0.99860,1.60128,-0.10531,0.00000
83960000000,2.49443,-19.15334,0.02072,0.05778,0.00000,-0.00000,0.99833,1.60307,-0.10288,0.00000
83980000000,2.46279,-19.14746,0.02072,0.06260,0.00000,-0.00000,0.99804,1.60642,-0.10030,0.00000
84000000000,2.43117,-19.14134,0.02072,0.06731,0.00000,-0.00000,0.99773,1.60825,-0.09772,0.00000
84020000000,2.39960,-19.13497,0.02072,0.07188,0.00000,-0.00000,0.99741,1.60678,-0.09488,0.00000
84040000000,2.36807,-19.12837,0.02072,0.07632,0.00000,-0.00000,0.99708,1.60859,-0.09253,0.00000
84060000000,2.33654,-19.12154,0.02072,0.08062,0.00000,-0.00000,0.99674,1.61105,-0.08989,0.00000
84080000000,2.30502,-19.11448,0.02072,0.08479,0.00000,-0.00000,0.99640,1.61325,-0.08703,0.00000
84100000000,2.27351,-19.10721,0.02072,0.08883,0.00000,-0.00000,0.99605,1.61523,-0.08420,0.00000
84120000000,2.24202,-19.09975,0.02072,0.09274,0.00000,-0.00000,0.99569,1.61614,-0.08132,0.00000
84140000000,2.21055,-19.09209,0.02072,0.09650,0.00000,-0.00000,0.99533,1.61770,-0.07850,0.00000
84160000000,2.17910,-19.08425,0.02072,0.10012,0.00000,-0.00000,0.99498,1.61904,-0.07559,0.00000
84180000000,2.14769,-19.07625,0.02072,0.10361,0.00000,-0.00000,0.99462,1.61922,-0.07241,0.00000
84200000000,2.11631,-19.06808,0.02072,0.10694,0.00000,-0.00000,0.99427,1.61975,-0.06982,0.00000
84220000000,2.08496,-19.05977,0.02072,0.11013,0.00000,-0.00000,0.99392,1.62046,-0.06667,0.00000
84240000000,2.05364,-19.05131,0.02072,0.11317,0.00000,-0.00000,0.99358,1.62110,-0.06388,0.00000
84260000000,2.02234,-19.04272,0.02072,0.11606,0.00000,-0.00000,0.99324,1.62152,-0.06090,0.00000
84280000000,1.99108,-19.03401,0.02072,0.11879,0.00000,-0.00000,0.99292,1.62179,-0.05784,0.00000
84300000000,1.95984,-19.02519,0.02072,0.12138,0.00000,-0.00000,0.99261,1.62190,-0.05482,0.00000
84320000000,1.92864,-19.01628,0.02072,0.12382,0.00000,-0.00000,0.99230,1.62179,-0.05149,0.00000
84340000000,1.89746,-19.00727,0.02072,0.12611,0.00000,-0.00000,0.99202,1.62172,-0.04883,0.00000
84360000000,1.86632,-18.99818,0.02072,0.12825,0.00000,-0.00000,0.99174,1.62140,-0.04563,0.00000
84380000000,1.83520,-18.98903,0.02072,0.13022,0.00000,-0.00000,0.99149,1.62107,-0.04278,0.00000
84400000000,1.80411,-18.97981,0.02072,0.13204,0.00000,-0.00000,0.99124,1.62062,-0.03988,0.00000
84420000000,1.77305,-18.97055,0.02072,0.13371,0.00000,-0.00000,0.99102,1.62002,-0.03670,0.00000
84440000000,1.74202,-18.96125,0.02072,0.13523,0.00000,-0.00000,0.99081,1.61938,-0.03369,0.00000
84460000000,1.71101,-18.95193,0.02072,0.13660,0.00000,-0.00000,0.99063,1.61859,-0.03042,0.00000
84480000000,1.68002,-18.94258,0.02072,0.13781,0.00000,-0.00000,0.99046,1.61791,-0.02772,0.00000
84500000000,1.64905,-18.93323,0.02072,0.13888,0.00000,-0.00000,0.99031,1.61711,-0.02478,0.00000
84520000000,1.61810,-18.92387,0.02072,0.13979,0.00000,-0.00000,0.99018,1.61626,-0.02174,0.00000
84540000000,1.58717,-18.91452,0.02072,0.14055,0.00000,-0.00000,0.99007,1.61541,-0.01878,0.00000
84560000000,1.55625,-18.90520,0.02072,0.14118,0.00000,-0.00000,0.98998,1.61448,-0.01561,0.00000
84580000000,1.52534,-18.89590,0.02072,0.14165,0.00000,-0.00000,0.98992,1.61369,-0.01291,0.00000
84600000000,1.49444,-18.88664,0.02072,0.14199,0.00000,-0.00000,0.98987,1.61282,-0.00987,0.00000
84620000000,1.46354,-18.87741,0.02072,0.14218,0.00000,-0.00000,0.98984,1.61204,-0.00706,0.00000
84640000000,1.43264,-18.86825,0.02072,0.14223,0.00000,-0.00000,0.98983,1.61129,-0.00424,0.00000
84660000000,1.40174,-18.85914,0.02072,0.14215,0.00000,-0.00000,0.98985,1.61054,-0.00125,0.00000
84680000000,1.37083,-18.85010,0.02072,0.14192,0.00000,-0.00000,0.98988,1.60988,0.00164,0.00000
84700000000,1.33992,-18.84114,0.02072,0.14158,0.00000,-0.00000,0.98993,1.60926,0.00463,0.00000
84720000000,1.30899,-18.83226,0.02072,0.14109,0.00000,-0.00000,0.99000,1.60880,0.00735,0.00000
84740000000,1.27804,-18.82348,0.02072,0.14048,0.00000,-0.00000,0.99008,1.60845,0.01010,0.00000
84760000000,1.24707,-18.81479,0.02072,0.13975,0.00000,-0.00000,0.99019,1.60816,0.01306,0.00000
84780000000,1.21607,-18.80621,0.02072,0.13889,0.00000,-0.00000,0.99031,1.60805,0.01590,0.00000
84800000000,1.18504,-18.79774,0.02072,0.13792,0.00000,-0.00000,0.99044,1.60806,0.01879,0.00000
84820000000,1.15398,-18.78939,0.02072,0.13683,0.00000,-0.00000,0.99059,1.60828,0.02153,0.00000
84840000000,1.12287,-18.78116,0.02072,0.13563,0.00000,-0.00000,0.99076,1.60867,0.02434,0.00000
84860000000,1.09172,-18.77307,0.02072,0.13431,0.00000,-0.00000,0.99094,1.60924,0.02715,0.00000
84880000000,1.06052,-18.76510,0.02072,0.13289,0.00000,-0.00000,0.99113,1.61004,0.02989,0.00000
84900000000,1.02927,-18.75729,0.02072,0.13137,0.00000,-0.00000,0.99133,1.61045,0.03267,0.00000
84920000000,0.99800,-18.74962,0.02072,0.12973,0.00000,-0.00000,0.99155,1.60894,0.03506,0.00000
84940000000,0.96673,-18.74212,0.02072,0.12797,0.00000,-0.00000,0.99178,1.60708,0.03737,0.00000
84960000000,0.93544,-18.73478,0.02072,0.12611,0.00000,-0.00000,0.99202,1.60579,0.03968,0.00000
84980000000,0.90415,-18.72762,0.02072,0.12414,0.00000,-0.00000,0.99226,1.60433,0.04192,0.00000
85000000000,0.87285,-18.72063,0.02072,0.12207,0.00000,-0.00000,0.99252,1.60248,0.04410,0.00000
85020000000,0.84154,-18.71383,0.02072,0.11989,0.00000,-0.00000,0.99279,1.60076,0.04623,0.00000
85040000000,0.81023,-18.70722,0.02072,0.11762,0.00000,-0.00000,0.99306,1.59899,0.04831,0.00000
85060000000,0.77891,-18.70080,0.02072,0.11524,0.00000,-0.00000,0.99334,1.59720,0.05033,0.00000
85080000000,0.74759,-18.69459,0.02072,0.11277,0.00000,-0.00000,0.99362,1.59544,0.05231,0.00000
85100000000,0.71626,-18.68857,0.02072,0.11021,0.00000,-0.00000,0.99391,1.59349,0.05422,0.00000
85120000000,0.68494,-18.68277,0.02072,0.10756,0.00000,-0.00000,0.99420,1.59119,0.05607,0.00000
85140000000,0.65361,-18.67718,0.02072,0.10482,0.00000,-0.00000,0.99449,1.58965,0.05788,0.00000
85160000000,0.62229,-18.67181,0.02072,0.10199,0.00000,-0.00000,0.99479,1.58768,0.05963,0.00000
85180000000,0.59095,-18.66666,0.02072,0.09908,0.00000,-0.00000,0.99508,1.58592,0.06133,0.00000
85200000000,0.55964,-18.66174,0.02072,0.09610,0.00000,-0.00000,0.99537,1.58363,0.06295,0.00000
85220000000,0.52832,-18.65705,0.02072,0.09303,0.00000,-0.00000,0.99566,1.58104,0.06451,0.00000
85240000000,0.49701,-18.65259,0.02072,0.08990,0.00000,-0.00000,0.99595,1.57947,0.06604,0.00000
85260000000,0.46571,-18.64836,0.02072,0.08669,0.00000,-0.00000,0.99624,1.57734,0.06749,0.00000
85280000000,0.43441,-18.64438,0.02072,0.08341,0.00000,-0.00000,0.99652,1.57605,0.06894,0.00000
85300000000,0.40313,-18.64063,0.02072,0.08007,0.00000,-0.00000,0.99679,1.57300,0.07024,0.00000
85320000000,0.37186,-18.63713,0.02072,0.07666,0.00000,-0.00000,0.99706,1.57061,0.07153,0.00000
85340000000,0.34062,-18.63388,0.02072,0.07319,0.00000,-0.00000,0.99732,1.56856,0.07274,0.00000
85360000000,0.30941,-18.63088,0.02072,0.06967,0.00000,-0.00000,0.99757,1.56503,0.07383,0.00000
85380000000,0.27822,-18.62813,0.02072,0.06610,0.00000,-0.00000,0.99781,1.56346,0.07495,0.00000
85400000000,0.24704,-18.62563,0.02072,0.06247,0.00000,-0.00000,0.99805,1.56176,0.07601,0.00000
85420000000,0.21590,-18.62338,0.02072,0.05880,0.00000,-0.00000,0.99827,1.55800,0.07692,0.00000
85440000000,0.18478,-18.62139,0.02072,0.05508,0.00000,-0.00000,0.99848,1.55693,0.07789,0.00000
85460000000,0.15369,-18.61965,0.02072,0.05132,0.00000,-0.00000,0.99868,1.55476,0.07875,0.00000
85480000000,0.12263,-18.61817,0.02072,0.04752,0.00000,-0.00000,0.99887,1.55116,0.07950,0.00000
85500000000,0.09161,-18.61695,0.02072,0.04368,0.00000,-0.00000,0.99905,1.54999,0.08029,0.00000
85520000000,0.06068,-18.61598,0.02072,0.03981,0.00000,-0.00000,0.99921,1.54181,0.08064,0.00000
85540000000,0.02992,-18.61528,0.02072,0.03594,0.00000,-0.00000,0.99935,1.53607,0.08090,0.00000
85560000000,-0.00080,-18.61482,0.02072,0.03205,0.00000,-0.00000,0.99949,1.53385,0.08128,0.00000
85580000000,-0.03150,-18.61461,0.02072,0.02814,0.00000,-0.00000,0.99960,1.53270,0.08168,0.00000
85600000000,-0.06217,-18.61465,0.02072,0.02421,0.00000,-0.00000,0.99971,1.53109,0.08202,0.00000
85620000000,-0.09282,-18.61493,0.02072,0.02026,0.00000,-0.00000,0.99979,1.52929,0.08232,0.00000
85640000000,-0.12342,-18.61547,0.02072,0.01631,-0.00000,-0.00000,0.99987,1.52825,0.08261,0.00000
85660000000,-0.15399,-18.61626,0.02072,0.01234,-0.00000,-0.00000,0.99992,1.52555,0.08279,0.00000
85680000000,-0.18452,-18.61729,0.02072,0.00836,-0.00000,-0.00000,0.99997,1.52532,0.08306,0.00000
85700000000,-0.21502,-18.61858,0.02072,0.00437,-0.00000,-0.00000,0.99999,1.52377,0.08324,0.00000
85720000000,-0.24549,-18.62010,0.02072,0.00037,-0.00000,-0.00000,1.00000,1.52267,0.08342,0.00000
85740000000,-0.27589,-18.62188,0.02072,-0.00364,-0.00000,-0.00000,0.99999,1.52026,0.08343,0.00000
85760000000,-0.30625,-18.62390,0.02072,-0.00765,-0.00000,-0.00000,0.99997,1.51805,0.08344,0.00000
85780000000,-0.33654,-18.62616,0.02072,-0.01165,-0.00000,-0.00000,0.99993,1.51608,0.08342,0.00000
85800000000,-0.36677,-18.62864,0.02072,-0.01563,-0.00000,-0.00000,0.99988,1.51290,0.08212,0.00000
85820000000,-0.39694,-18.63134,0.02072,-0.01954,-0.00000,-0.00000,0.99981,1.51275,0.08157,0.00000
85840000000,-0.42710,-18.63424,0.02072,-0.02336,-0.00000,-0.00000,0.99973,1.51231,0.07879,0.00000
85860000000,-0.45722,-18.63735,0.02072,-0.02714,-0.00000,-0.00000,0.99963,1.51231,0.07879,0.00000
85880000000,-0.48732,-18.64063,0.02072,-0.03079,-0.00000,-0.00000,0.99953,1.51118,0.07427,0.00000
85900000000,-0.51737,-18.64407,0.02072,-0.03433,-0.00000,-0.00000,0.99941,1.51088,0.07394,0.00000
85920000000,-0.54734,-18.64773,0.02072,-0.03785,-0.00000,-0.00000,0.99928,1.50589,0.07400,0.00000
85940000000,-0.57724,-18.65159,0.02072,-0.04135,-0.00000,-0.00000,0.99914,1.50585,0.07392,0.00000
85960000000,-0.60704,-18.65566,0.02072,-0.04482,-0.00000,-0.00000,0.99900,1.50133,0.07393,0.00000
85980000000,-0.63678,-18.65992,0.02072,-0.04825,-0.00000,-0.00000,0.99884,1.49910,0.07386,0.00000
86000000000,-0.66642,-18.66438,0.02072,-0.05165,-0.00000,-0.00000,0.99867,1.49705,0.07372,0.00000
86020000000,-0.69601,-18.66904,0.02072,-0.05502,-0.00000,-0.00000,0.99849,1.49521,0.07358,0.00000
86040000000,-0.72556,-18.67389,0.02072,-0.05836,-0.00000,-0.00000,0.99830,1.49536,0.07331,0.00000
86060000000,-0.75501,-18.67892,0.02072,-0.06166,-0.00000,-0.00000,0.99810,1.49096,0.07330,0.00000
86080000000,-0.78440,-18.68414,0.02072,-0.06491,-0.00000,-0.00000,0.99789,1.48996,0.07303,0.00000
86100000000,-0.81369,-18.68954,0.02072,-0.06809,-0.00000,-0.00000,0.99768,1.48719,0.07282,0.00000
86120000000,-0.84292,-18.69512,0.02072,-0.07124,-0.00000,-0.00000,0.99746,1.48493,0.07260,0.00000
86140000000,-0.87206,-18.70086,0.02072,-0.07432,-0.00000,-0.00000,0.99723,1.48364,0.07221,0.00000
86160000000,-0.90116,-18.70677,0.02072,-0.07735,-0.00000,-0.00000,0.99700,1.48198,0.07187,0.00000
86180000000,-0.93021,-18.71285,0.02072,-0.08034,-0.00000,-0.00000,0.99677,1.48263,0.07126,0.00000
86200000000,-0.95919,-18.71908,0.02072,-0.08326,-0.00000,-0.00000,0.99653,1.47886,0.07113,0.00000
86220000000,-0.98811,-18.72547,0.02072,-0.08613,-0.00000,-0.00000,0.99628,1.47913,0.07049,0.00000
86240000000,-1.01693,-18.73201,0.02072,-0.08891,-0.00000,-0.00000,0.99604,1.47565,0.07025,0.00000
86260000000,-1.04569,-18.73869,0.02072,-0.09163,-0.00000,-0.00000,0.99579,1.47338,0.06986,0.00000
86280000000,-1.07438,-18.74551,0.02072,-0.09427,-0.00000,-0.00000,0.99555,1.47286,0.06916,0.00000
86300000000,-1.10301,-18.75246,0.02072,-0.09685,-0.00000,-0.00000,0.99530,1.47154,0.06856,0.00000
86320000000,-1.13161,-18.75955,0.02072,-0.09936,-0.00000,-0.00000,0.99505,1.47106,0.06784,0.00000
86340000000,-1.16012,-18.76675,0.02072,-0.10179,-0.00000,-0.00000,0.99481,1.46905,0.06728,0.00000
86360000000,-1.18858,-18.77408,0.02072,-0.10415,-0.00000,-0.00000,0.99456,1.46671,0.06679,0.00000
86380000000,-1.21698,-18.78152,0.02072,-0.10643,-0.00000,-0.00000,0.99432,1.46676,0.06583,0.00000
86400000000,-1.24534,-18.78907,0.02072,-0.10863,-0.00000,-0.00000,0.99408,1.46569,0.06505,0.00000
86420000000,-1.27368,-18.79672,0.02072,-0.11078,-0.00000,-0.00000,0.99384,1.46665,0.06391,0.00000
86440000000,-1.30195,-18.80447,0.02072,-0.11284,-0.00000,-0.00000,0.99361,1.46364,0.06347,0.00000
86460000000,-1.33019,-18.81232,0.02072,-0.11483,-0.00000,-0.00000,0.99338,1.46434,0.06230,0.00000
86480000000,-1.35836,-18.82025,0.02072,-0.11673,-0.00000,-0.00000,0.99316,1.46177,0.06172,0.00000
86500000000,-1.38650,-18.82827,0.02072,-0.11855,-0.00000,-0.00000,0.99295,1.46073,0.06083,0.00000
86520000000,-1.41457,-18.83636,0.02072,-0.12028,-0.00000,-0.00000,0.99274,1.46008,0.05979,0.00000
86540000000,-1.44262,-18.84453,0.02072,-0.12193,-0.00000,-0.00000,0.99254,1.45930,0.05877,0.00000
86560000000,-1.47066,-18.85276,0.02072,-0.12353,-0.00000,-0.00000,0.99234,1.46030,0.05737,0.00000
86580000000,-1.49864,-18.86106,0.02072,-0.12503,-0.00000,-0.00000,0.99215,1.45781,0.05670,0.00000
86600000000,-1.52661,-18.86942,0.02072,-0.12646,-0.00000,-0.00000,0.99197,1.45854,0.05530,0.00000
86620000000,-1.55452,-18.87783,0.02072,-0.12779,-0.00000,-0.00000,0.99180,1.45647,0.05448,0.00000
86640000000,-1.58239,-18.88629,0.02072,-0.12904,-0.00000,-0.00000,0.99164,1.45442,0.05365,0.00000
86660000000,-1.61024,-18.89478,0.02072,-0.13020,-0.00000,-0.00000,0.99149,1.45486,0.05218,0.00000
86680000000,-1.63807,-18.90332,0.02072,-0.13129,-0.00000,-0.00000,0.99134,1.45474,0.05083,0.00000
86700000000,-1.66589,-18.91188,0.02072,-0.13230,-0.00000,-0.00000,0.99121,1.45359,0.04975,0.00000
86720000000,-1.69367,-18.92047,0.02072,-0.13323,-0.00000,-0.00000,0.99109,1.45373,0.04829,0.00000
86740000000,-1.72145,-18.92909,0.02072,-0.13408,-0.00000,-0.00000,0.99097,1.45327,0.04698,0.00000
86760000000,-1.74923,-18.93772,0.02072,-0.13487,-0.00000,-0.00000,0.99086,1.45418,0.04532,0.00000
86780000000,-1.77698,-18.94637,0.02072,-0.13556,-0.00000,-0.00000,0.99077,1.45241,0.04433,0.00000
86800000000,-1.80473,-18.95502,0.02072,-0.13619,-0.00000,-0.00000,0.99068,1.45289,0.04274,0.00000
86820000000,-1.83245,-18.96368,0.02072,-0.13673,-0.00000,-0.00000,0.99061,1.45164,0.04157,0.00000
86840000000,-1.86018,-18.97234,0.02072,-0.13720,-0.00000,-0.00000,0.99054,1.45140,0.04015,0.00000
86860000000,-1.88788,-18.98099,0.02072,-0.13759,-0.00000,-0.00000,0.99049,1.45098,0.03872,0.00000
86880000000,-1.91559,-18.98963,0.02072,-0.13790,-0.00000,-0.00000,0.99045,1.45004,0.03746,0.00000
86900000000,-1.94329,-18.99826,0.02072,-0.13814,-0.00000,-0.00000,0.99041,1.45042,0.03579,0.00000
86920000000,-1.97100,-19.00687,0.02072,-0.13831,-0.00000,-0.00000,0.99039,1.45017,0.03431,0.00000
86940000000,-1.99873,-19.01545,0.02072,-0.13841,-0.00000,-0.00000,0.99037,1.45101,0.03252,0.00000
86960000000,-2.02645,-19.02402,0.02072,-0.13845,-0.00000,-0.00000,0.99037,1.44972,0.03135,0.00000
86980000000,-2.05418,-19.03255,0.02072,-0.13841,-0.00000,-0.00000,0.99037,1.45054,0.02955,0.00000
87000000000,-2.08190,-19.04104,0.02072,-0.13829,-0.00000,-0.00000,0.99039,1.44935,0.02831,0.00000
87020000000,-2.10963,-19.04950,0.02072,-0.13811,-0.00000,-0.00000,0.99042,1.44859,0.02695,0.00000
87040000000,-2.13736,-19.05791,0.02072,-0.13785,-0.00000,-0.00000,0.99045,1.44908,0.02520,0.00000
87060000000,-2.16511,-19.06628,0.02072,-0.13753,-0.00000,-0.00000,0.99050,1.44898,0.02363,0.00000
87080000000,-2.19288,-19.07460,0.02072,-0.13714,-0.00000,-0.00000,0.99055,1.44897,0.02205,0.00000
87100000000,-2.22065,-19.08286,0.02072,-0.13669,-0.00000,-0.00000,0.99061,1.44883,0.02049,0.00000
87120000000,-2.24844,-19.09106,0.02072,-0.13617,-0.00000,-0.00000,0.99069,1.44805,0.01912,0.00000
87140000000,-2.27624,-19.09920,0.02072,-0.13558,-0.00000,-0.00000,0.99077,1.44876,0.01731,0.00000
87160000000,-2.30407,-19.10728,0.02072,-0.13494,-0.00000,-0.00000,0.99085,1.44876,0.01572,0.00000
87180000000,-2.33192,-19.11529,0.02072,-0.13424,-0.00000,-0.00000,0.99095,1.44904,0.01406,0.00000
87200000000,-2.35979,-19.12322,0.02072,-0.13347,-0.00000,-0.00000,0.99105,1.44881,0.01255,0.00000
87220000000,-2.38768,-19.13108,0.02072,-0.13265,-0.00000,-0.00000,0.99116,1.44874,0.01101,0.00000
87240000000,-2.41559,-19.13887,0.02072,-0.13177,-0.00000,-0.00000,0.99128,1.44894,0.00938,0.00000
87260000000,-2.44353,-19.14657,0.02072,-0.13084,-0.00000,-0.00000,0.99140,1.44870,0.00790,0.00000
87280000000,-2.47149,-19.15419,0.02072,-0.12985,-0.00000,-0.00000,0.99153,1.44915,0.00623,0.00000
87300000000,-2.49948,-19.16172,0.02072,-0.12880,-0.00000,-0.00000,0.99167,1.44885,0.00478,0.00000
87320000000,-2.52749,-19.16916,0.02072,-0.12770,-0.00000,-0.00000,0.99181,1.44929,0.00313,0.00000
87340000000,-2.55554,-19.17650,0.02072,-0.12654,-0.00000,-0.00000,0.99196,1.44963,0.00152,0.00000
87360000000,-2.58361,-19.18375,0.02072,-0.12534,-0.00000,-0.00000,0.99211,1.44949,0.00007,0.00000
87380000000,-2.61171,-19.19091,0.02072,-0.12409,-0.00000,-0.00000,0.99227,1.45005,-0.00157,0.00000
87400000000,-2.63984,-19.19796,0.02072,-0.12279,-0.00000,-0.00000,0.99243,1.45030,-0.00310,0.00000
87420000000,-2.66801,-19.20491,0.02072,-0.12145,-0.00000,-0.00000,0.99260,1.45084,-0.00469,0.00000
87440000000,-2.69621,-19.21175,0.02072,-0.12006,-0.00000,-0.00000,0.99277,1.45085,-0.00612,0.00000
87460000000,-2.72444,-19.21848,0.02072,-0.11862,-0.00000,-0.00000,0.99294,1.45113,-0.00760,0.00000
87480000000,-2.75270,-19.22511,0.02072,-0.11714,-0.00000,-0.00000,0.99312,1.45149,-0.00908,0.00000
87500000000,-2.78100,-19.23162,0.02072,-0.11562,-0.00000,-0.00000,0.99329,1.45173,-0.01052,0.00000
87520000000,-2.80933,-19.23802,0.02072,-0.11405,-0.00000,-0.00000,0.99347,1.45222,-0.01200,0.00000
87540000000,-2.83769,-19.24430,0.02072,-0.11245,-0.00000,-0.00000,0.99366,1.45262,-0.01343,0.00000
87560000000,-2.86609,-19.25046,0.02072,-0.11080,-0.00000,-0.00000,0.99384,1.45307,-0.01485,0.00000
87580000000,-2.89453,-19.25650,0.02072,-0.10912,-0.00000,-0.00000,0.99403,1.45349,-0.01624,0.00000
87600000000,-2.92300,-19.26242,0.02072,-0.10740,-0.00000,-0.00000,0.99422,1.45401,-0.01763,0.00000
87620000000,-2.95150,-19.26822,0.02072,-0.10565,-0.00000,-0.00000,0.99440,1.45446,-0.01897,0.00000
87640000000,-2.98005,-19.27389,0.02072,-0.10386,-0.00000,-0.00000,0.99459,1.45498,-0.02031,0.00000
87660000000,-3.00862,-19.27943,0.02072,-0.10203,-0.00000,-0.00000,0.99478,1.45545,-0.02161,0.00000
87680000000,-3.03731,-19.28484,0.02072,-0.10021,-0.00000,-0.00000,0.99497,1.46022,-0.02383,0.00000
87700000000,-3.06604,-19.29013,0.02072,-0.09836,-0.00000,-0.00000,0.99515,1.46044,-0.02489,0.00000
87720000000,-3.09480,-19.29528,0.02072,-0.09648,-0.00000,-0.00000,0.99533,1.46081,-0.02598,0.00000
87740000000,-3.12359,-19.30031,0.02072,-0.09457,-0.00000,-0.00000,0.99552,1.46112,-0.02703,0.00000
87760000000,-3.15241,-19.30521,0.02072,-0.09264,-0.00000,-0.00000,0.99570,1.46148,-0.02807,0.00000
87780000000,-3.18126,-19.30998,0.02072,-0.09068,-0.00000,-0.00000,0.99588,1.46184,-0.02910,0.00000
87800000000,-3.21014,-19.31461,0.02072,-0.08869,-0.00000,-0.00000,0.99606,1.46231,-0.03012,0.00000
87820000000,-3.23905,-19.31911,0.02072,-0.08667,-0.00000,-0.00000,0.99624,1.46266,-0.03110,0.00000
87840000000,-3.26799,-19.32347,0.02072,-0.08463,-0.00000,-0.00000,0.99641,1.46312,-0.03209,0.00000
87860000000,-3.29696,-19.32770,0.02072,-0.08257,-0.00000,-0.00000,0.99659,1.46344,-0.03302,0.00000
87880000000,-3.32596,-19.33179,0.02072,-0.08048,-0.00000,-0.00000,0.99676,1.46414,-0.03400,0.00000
87900000000,-3.35499,-19.33574,0.02072,-0.07837,-0.00000,-0.00000,0.99692,1.46471,-0.03494,0.00000
87920000000,-3.38405,-19.33955,0.02072,-0.07624,-0.00000,-0.00000,0.99709,1.46527,-0.03585,0.00000
87940000000,-3.41315,-19.34322,0.02072,-0.07409,-0.00000,-0.00000,0.99725,1.46603,-0.03677,0.00000
87960000000,-3.44227,-19.34675,0.02072,-0.07192,-0.00000,-0.00000,0.99741,1.46654,-0.03761,0.00000
87980000000,-3.47143,-19.35013,0.02072,-0.06973,-0.00000,-0.00000,0.99757,1.46755,-0.03852,0.00000
88000000000,-3.50062,-19.35338,0.02072,-0.06752,-0.00000,-0.00000,0.99772,1.46794,-0.03928,0.00000
88020000000,-3.52984,-19.35647,0.02072,-0.06530,-0.00000,-0.00000,0.99787,1.46908,-0.04015,0.00000
88040000000,-3.55909,-19.35943,0.02072,-0.06306,-0.00000,-0.00000,0.99801,1.46948,-0.04086,0.00000
88060000000,-3.58837,-19.36224,0.02072,-0.06080,-0.00000,-0.00000,0.99815,1.47092,-0.04171,0.00000
88080000000,-3.61769,-19.36490,0.02072,-0.05853,-0.00000,-0.00000,0.99829,1.47128,-0.04235,0.00000
88100000000,-3.64703,-19.36742,0.02072,-0.05625,-0.00000,-0.00000,0.99842,1.47205,-0.04303,0.00000
88120000000,-3.67641,-19.36979,0.02072,-0.05396,-0.00000,-0.00000,0.99854,1.47375,-0.04381,0.00000
88140000000,-3.70582,-19.37202,0.02072,-0.05165,-0.00000,-0.00000,0.99867,1.47395,-0.04434,0.00000
88160000000,-3.73526,-19.37410,0.02072,-0.04933,-0.00000,-0.00000,0.99878,1.47496,-0.04496,0.00000
88180000000,-3.76472,-19.37603,0.02072,-0.04700,-0.00000,-0.00000,0.99890,1.47656,-0.04562,0.00000
88200000000,-3.79423,-19.37781,0.02072,-0.04466,-0.00000,-0.00000,0.99900,1.47708,-0.04609,0.00000
88220000000,-3.82376,-19.37945,0.02072,-0.04231,-0.00000,-0.00000,0.99910,1.47819,-0.04661,0.00000
88240000000,-3.85330,-19.38094,0.02072,-0.03995,-0.00000,-0.00000,0.99920,1.47853,-0.04701,0.00000
88260000000,-3.88290,-19.38229,0.02072,-0.03758,-0.00000,-0.00000,0.99929,1.48054,-0.04756,0.00000
88280000000,-3.91250,-19.38349,0.02072,-0.03521,-0.00000,-0.00000,0.99938,1.48103,-0.04792,0.00000
88300000000,-3.94216,-19.38454,0.02072,-0.03284,-0.00000,-0.00000,0.99946,1.48301,-0.04837,0.00000
88320000000,-3.97183,-19.38544,0.02072,-0.03045,-0.00000,-0.00000,0.99954,1.48419,-0.04872,0.00000
88340000000,-4.00155,-19.38620,0.02072,-0.02807,-0.00000,-0.00000,0.99961,1.48558,-0.04903,0.00000
88360000000,-4.03130,-19.38681,0.02072,-0.02568,-0.00000,-0.00000,0.99967,1.48800,-0.04939,0.00000
88380000000,-4.06108,-19.38727,0.02072,-0.02329,-0.00000,-0.00000,0.99973,1.48832,-0.04951,0.00000
88400000000,-4.09088,-19.38759,0.02072,-0.02089,-0.00000,-0.00000,0.99978,1.48963,-0.04969,0.00000
88420000000,-4.12071,-19.38777,0.02072,-0.01850,-0.00000,-0.00000,0.99983,1.49158,-0.04978,0.00000
88440000000,-4.15057,-19.38780,0.02072,-0.01612,-0.00000,-0.00000,0.99987,1.49226,-0.04972,0.00000
88460000000,-4.18044,-19.38772,0.02072,-0.01378,-0.00000,-0.00000,0.99991,1.49249,-0.04828,0.00000
88480000000,-4.21030,-19.38750,0.02072,-0.01146,-0.00000,-0.00000,0.99993,1.49249,-0.04828,0.00000
88500000000,-4.24019,-19.38718,0.02072,-0.00922,-0.00000,-0.00000,0.99996,1.49403,-0.04667,0.00000
88520000000,-4.27008,-19.38673,0.02072,-0.00699,-0.00000,-0.00000,0.99998,1.49418,-0.04664,0.00000
88540000000,-4.30003,-19.38614,0.02072,-0.00475,-0.00000,-0.00000,0.99999,1.49699,-0.04668,0.00000
88560000000,-4.32998,-19.38542,0.02072,-0.00252,-0.00000,-0.00000,1.00000,1.49748,-0.04659,0.00000
88580000000,-4.35998,-19.38457,0.02072,-0.00029,-0.00000,-0.00000,1.00000,1.49987,-0.04651,0.00000
88600000000,-4.38998,-19.38359,0.02072,0.00194,-0.00000,-0.00000,1.00000,1.50056,-0.04638,0.00000
88620000000,-4.42003,-19.38248,0.02072,0.00416,-0.00000,-0.00000,0.99999,1.50272,-0.04625,0.00000
88640000000,-4.45010,-19.38124,0.02072,0.00637,0.00000,-0.00000,0.99998,1.50519,-0.04612,0.00000
88660000000,-4.48019,-19.37986,0.02072,0.00858,0.00000,-0.00000,0.99996,1.50553,-0.04588,0.00000
88680000000,-4.51030,-19.37836,0.02072,0.01077,0.00000,-0.00000,0.99994,1.50694,-0.04566,0.00000
88700000000,-4.54041,-19.37674,0.02072,0.01295,0.00000,-0.00000,0.99992,1.50699,-0.04538,0.00000
88720000000,-4.57057,-19.37498,0.02072,0.01512,0.00000,-0.00000,0.99989,1.50973,-0.04514,0.00000
88740000000,-4.60073,-19.37310,0.02072,0.01727,0.00000,-0.00000,0.99985,1.51147,-0.04486,0.00000
88760000000,-4.63093,-19.37110,0.02072,0.01941,0.00000,-0.00000,0.99981,1.51248,-0.04450,0.00000
88780000000,-4.66115,-19.36897,0.02072,0.02153,0.00000,-0.00000,0.99977,1.51523,-0.04418,0.00000
88800000000,-4.69138,-19.36672,0.02072,0.02363,0.00000,-0.00000,0.99972,1.51517,-0.04373,0.00000
88820000000,-4.72162,-19.36436,0.02072,0.02572,0.00000,-0.00000,0.99967,1.51651,-0.04332,0.00000
88840000000,-4.75186,-19.36187,0.02072,0.02778,0.00000,-0.00000,0.99961,1.51656,-0.04287,0.00000
88860000000,-4.78215,-19.35927,0.02072,0.02982,0.00000,-0.00000,0.99956,1.51915,-0.04242,0.00000
88880000000,-4.81245,-19.35655,0.02072,0.03183,0.00000,-0.00000,0.99949,1.52194,-0.04197,0.00000
88900000000,-4.84276,-19.35373,0.02072,0.03382,0.00000,-0.00000,0.99943,1.52170,-0.04139,0.00000
88920000000,-4.87309,-19.35079,0.02072,0.03579,0.00000,-0.00000,0.99936,1.52295,-0.04084,0.00000
88940000000,-4.90340,-19.34774,0.02072,0.03772,0.00000,-0.00000,0.99929,1.52257,-0.04025,0.00000
88960000000,-4.93375,-19.34458,0.02072,0.03963,0.00000,-0.00000,0.99921,1.52544,-0.03970,0.00000
88980000000,-4.96409,-19.34133,0.02072,0.04151,0.00000,-0.00000,0.99914,1.52501,-0.03906,0.00000
89000000000,-4.99446,-19.33796,0.02072,0.04336,0.00000,-0.00000,0.99906,1.52784,-0.03845,0.00000
89020000000,-5.02485,-19.33450,0.02072,0.04518,0.00000,-0.00000,0.99898,1.52941,-0.03783,0.00000
89040000000,-5.05525,-19.33094,0.02072,0.04697,0.00000,-0.00000,0.99890,1.53013,-0.03709,0.00000
89060000000,-5.08566,-19.32728,0.02072,0.04872,0.00000,-0.00000,0.99881,1.53125,-0.03637,0.00000
89080000000,-5.11606,-19.32353,0.02072,0.05043,0.00000,-0.00000,0.99873,1.53072,-0.03562,0.00000
89100000000,-5.14649,-19.31969,0.02072,0.05212,0.00000,-0.00000,0.99864,1.53343,-0.03489,0.00000
89120000000,-5.17691,-19.31576,0.02072,0.05376,0.00000,-0.00000,0.99855,1.53382,-0.03414,0.00000
89140000000,-5.20737,-19.31175,0.02072,0.05536,0.00000,-0.00000,0.99847,1.53550,-0.03331,0.00000
89160000000,-5.23783,-19.30765,0.02072,0.05693,0.00000,-0.00000,0.99838,1.53780,-0.03253,0.00000
89180000000,-5.26831,-19.30347,0.02072,0.05845,0.00000,-0.00000,0.99829,1.53755,-0.03163,0.00000
89200000000,-5.29879,-19.29922,0.02072,0.05994,0.00000,-0.00000,0.99820,1.53837,-0.03075,0.00000
89220000000,-5.32926,-19.29489,0.02072,0.06138,0.00000,-0.00000,0.99811,1.53837,-0.02990,0.00000
89240000000,-5.35975,-19.29049,0.02072,0.06278,0.00000,-0.00000,0.99803,1.54017,-0.02898,0.00000
89260000000,-5.39025,-19.28602,0.02072,0.06413,0.00000,-0.00000,0.99794,1.54161,-0.02812,0.00000
89280000000,-5.42076,-19.28149,0.02072,0.06544,0.00000,-0.00000,0.99786,1.54184,-0.02712,0.00000
89300000000,-5.45126,-19.27690,0.02072,0.06670,0.00000,-0.00000,0.99777,1.54256,-0.02618,0.00000
89320000000,-5.48175,-19.27225,0.02072,0.06792,0.00000,-0.00000,0.99769,1.54181,-0.02521,0.00000
89340000000,-5.51226,-19.26754,0.02072,0.06909,0.00000,-0.00000,0.99761,1.54415,-0.02427,0.00000
89360000000,-5.54277,-19.26279,0.02072,0.07022,0.00000,-0.00000,0.99753,1.54341,-0.02328,0.00000
89380000000,-5.57330,-19.25797,0.02072,0.07130,0.00000,-0.00000,0.99746,1.54554,-0.02229,0.00000
89400000000,-5.60385,-19.25312,0.02072,0.07233,0.00000,-0.00000,0.99738,1.54719,-0.02131,0.00000
89420000000,-5.63440,-19.24821,0.02072,0.07331,0.00000,-0.00000,0.99731,1.54677,-0.02022,0.00000
89440000000,-5.66495,-19.24327,0.02072,0.07424,0.00000,-0.00000,0.99724,1.54734,-0.01917,0.00000
89460000000,-5.69548,-19.23830,0.02072,0.07511,0.00000,-0.00000,0.99717,1.54644,-0.01812,0.00000
89480000000,-5.72604,-19.23329,0.02072,0.07594,0.00000,-0.00000,0.99711,1.54841,-0.01708,0.00000
89500000000,-5.75658,-19.22826,0.02072,0.07672,0.00000,-0.00000,0.99705,1.54750,-0.01601,0.00000
89520000000,-5.78714,-19.22319,0.02072,0.07745,0.00000,-0.00000,0.99700,1.54934,-0.01496,0.00000
89540000000,-5.81770,-19.21811,0.02072,0.07813,0.00000,-0.00000,0.99694,1.54845,-0.01388,0.00000
89560000000,-5.84828,-19.21300,0.02072,0.07875,0.00000,-0.00000,0.99689,1.55014,-0.01280,0.00000
89580000000,-5.87885,-19.20788,0.02072,0.07932,0.00000,-0.00000,0.99685,1.55014,-0.01174,0.00000
89600000000,-5.90944,-19.20274,0.02072,0.07984,0.00000,-0.00000,0.99681,1.55078,-0.01060,0.00000
89620000000,-5.94004,-19.19760,0.02072,0.08031,0.00000,-0.00000,0.99677,1.55106,-0.00949,0.00000
89640000000,-5.97062,-19.19244,0.02072,0.08072,0.00000,-0.00000,0.99674,1.55128,-0.00842,0.00000
89660000000,-6.00123,-19.18729,0.02072,0.08108,0.00000,-0.00000,0.99671,1.55150,-0.00726,0.00000
89680000000,-6.03184,-19.18213,0.02072,0.08139,0.00000,-0.00000,0.99668,1.55274,-0.00615,0.00000
89700000000,-6.06245,-19.17699,0.02072,0.08164,0.00000,-0.00000,0.99666,1.55180,-0.00502,0.00000
89720000000,-6.09306,-19.17184,0.02072,0.08184,0.00000,-0.00000,0.99665,1.55190,-0.00390,0.00000
89740000000,-6.12366,-19.16672,0.02072,0.08199,0.00000,-0.00000,0.99663,1.55096,-0.00280,0.00000
89760000000,-6.15427,-19.16160,0.02072,0.08208,0.00000,-0.00000,0.99663,1.55203,-0.00170,0.00000
89780000000,-6.18488,-19.15651,0.02072,0.08213,0.00000,-0.00000,0.99662,1.55179,-0.00061,0.00000
89800000000,-6.21551,-19.15143,0.02072,0.08211,0.00000,-0.00000,0.99662,1.55201,0.00052,0.00000
89820000000,-6.24614,-19.14638,0.02072,0.08205,0.00000,-0.00000,0.99663,1.55247,0.00160,0.00000
89840000000,-6.27677,-19.14135,0.02072,0.08193,0.00000,-0.00000,0.99664,1.55189,0.00272,0.00000
89860000000,-6.30740,-19.13636,0.02072,0.08176,0.00000,-0.00000,0.99665,1.55176,0.00382,0.00000
89880000000,-6.33804,-19.13140,0.02072,0.08154,0.00000,-0.00000,0.99667,1.55165,0.00489,0.00000
89900000000,-6.36868,-19.12648,0.02072,0.08127,0.00000,-0.00000,0.99669,1.55142,0.00598,0.00000
89920000000,-6.39932,-19.12159,0.02072,0.08094,0.00000,-0.00000,0.99672,1.55184,0.00706,0.00000
89940000000,-6.42997,-19.11675,0.02072,0.08057,0.00000,-0.00000,0.99675,1.55094,0.00813,0.00000
89960000000,-6.46061,-19.11196,0.02072,0.08014,0.00000,-0.00000,0.99678,1.55065,0.00918,0.00000
89980000000,-6.49125,-19.10722,0.02072,0.07966,0.00000,-0.00000,0.99682,1.55000,0.01021,0.00000
90000000000,-6.52190,-19.10253,0.02072,0.07914,0.00000,-0.00000,0.99686,1.55001,0.01125,0.00000
90020000000,-6.55254,-19.09790,0.02072,0.07856,0.00000,-0.00000,0.99691,1.54989,0.01227,0.00000
90040000000,-6.58319,-19.09332,0.02072,0.07794,0.00000,-0.00000,0.99696,1.54903,0.01328,0.00000
90060000000,-6.61383,-19.08881,0.02072,0.07727,0.00000,-0.00000,0.99701,1.54820,0.01426,0.00000
90080000000,-6.64446,-19.08436,0.02072,0.07655,0.00000,-0.00000,0.99707,1.54733,0.01522,0.00000
90100000000,-6.67508,-19.07997,0.02072,0.07579,0.00000,-0.00000,0.99712,1.54647,0.01616,0.00000
90120000000,-6.70569,-19.07566,0.02072,0.07499,0.00000,-0.00000,0.99718,1.54492,0.01707,0.00000
90140000000,-6.73629,-19.07142,0.02072,0.07414,0.00000,-0.00000,0.99725,1.54406,0.01794,0.00000
90160000000,-6.76686,-19.06725,0.02072,0.07325,0.00000,-0.00000,0.99731,1.54205,0.01877,0.00000
90180000000,-6.79742,-19.06316,0.02072,0.07232,0.00000,-0.00000,0.99738,1.54136,0.01959,0.00000
90200000000,-6.82796,-19.05915,0.02072,0.07136,0.00000,-0.00000,0.99745,1.53999,0.02036,0.00000
90220000000,-6.85851,-19.05521,0.02072,0.07035,0.00000,-0.00000,0.99752,1.53934,0.02113,0.00000
90240000000,-6.88902,-19.05136,0.02072,0.06932,0.00000,-0.00000,0.99759,1.53721,0.02183,0.00000
90260000000,-6.91952,-19.04758,0.02072,0.06825,0.00000,-0.00000,0.99767,1.53655,0.02253,0.00000
90280000000,-6.94999,-19.04389,0.02072,0.06715,0.00000,-0.00000,0.99774,1.53440,0.02316,0.00000
90300000000,-6.98045,-19.04029,0.02072,0.06602,0.00000,-0.00000,0.99782,1.53279,0.02378,0.00000
90320000000,-7.01089,-19.03677,0.02072,0.06486,0.00000,-0.00000,0.99789,1.53159,0.02435,0.00000
90340000000,-7.04130,-19.03334,0.02072,0.06367,0.00000,-0.00000,0.99797,1.52920,0.02488,0.00000
90360000000,-7.07170,-19.02999,0.02072,0.06246,0.00000,-0.00000,0.99805,1.52876,0.02539,0.00000
90380000000,-7.10208,-19.02673,0.02072,0.06123,0.00000,-0.00000,0.99812,1.52734,0.02587,0.00000
90400000000,-7.13246,-19.02356,0.02072,0.05997,0.00000,-0.00000,0.99820,1.52687,0.02635,0.00000
90420000000,-7.16280,-19.02048,0.02072,0.05870,0.00000,-0.00000,0.99828,1.52448,0.02675,0.00000
90440000000,-7.19314,-19.01749,0.02072,0.05740,0.00000,-0.00000,0.99835,1.52375,0.02715,0.00000
90460000000,-7.22344,-19.01458,0.02072,0.05609,0.00000,-0.00000,0.99843,1.52161,0.02749,0.00000
90480000000,-7.25373,-19.01177,0.02072,0.05476,0.00000,-0.00000,0.99850,1.52025,0.02782,0.00000
90500000000,-7.28399,-19.00905,0.02072,0.05342,0.00000,-0.00000,0.99857,1.51876,0.02810,0.00000
90520000000,-7.31423,-19.00642,0.02072,0.05207,0.00000,-0.00000,0.99864,1.51673,0.02835,0.00000
90540000000,-7.34445,-19.00387,0.02072,0.05070,0.00000,-0.00000,0.99871,1.51596,0.02858,0.00000
90560000000,-7.37464,-19.00142,0.02072,0.04932,0.00000,-0.00000,0.99878,1.51338,0.02875,0.00000
90580000000,-7.40482,-18.99906,0.02072,0.04794,0.00000,-0.00000,0.99885,1.51316,0.02893,0.00000
90600000000,-7.43498,-18.99678,0.02072,0.04655,0.00000,-0.00000,0.99892,1.51186,0.02906,0.00000
90620000000,-7.46513,-18.99460,0.02072,0.04515,0.00000,-0.00000,0.99898,1.51036,0.02918,0.00000
90640000000,-7.49524,-18.99250,0.02072,0.04375,0.00000,-0.00000,0.99904,1.50913,0.02926,0.00000
90660000000,-7.52533,-18.99049,0.02072,0.04235,0.00000,-0.00000,0.99910,1.50649,0.02928,0.00000
90680000000,-7.55540,-18.98857,0.02072,0.04094,0.00000,-0.00000,0.99916,1.50627,0.02931,0.00000
90700000000,-7.58545,-18.98674,0.02072,0.03954,0.00000,-0.00000,0.99922,1.50513,0.02931,0.00000
90720000000,-7.61551,-18.98499,0.02072,0.03813,0.00000,-0.00000,0.99927,1.50506,0.02931,0.00000
90740000000,-7.64555,-18.98329,0.02072,0.03682,0.00000,-0.00000,0.99932,1.50406,0.02737,0.00000
90760000000,-7.67558,-18.98166,0.02072,0.03551,0.00000,-0.00000,0.99937,1.50370,0.02736,0.00000
90780000000,-7.70558,-18.98011,0.02072,0.03420,0.00000,-0.00000,0.99942,1.50140,0.02728,0.00000
90800000000,-7.73555,-18.97865,0.02072,0.03289,0.00000,-0.00000,0.99946,1.49906,0.02717,0.00000
90820000000,-7.76550,-18.97726,0.02072,0.03160,0.00000,-0.00000,0.99950,1.49892,0.02706,0.00000
90840000000,-7.79544,-18.97594,0.02072,0.03030,0.00000,-0.00000,0.99954,1.49770,0.02692,0.00000
90860000000,-7.82537,-18.97471,0.02072,0.02902,0.00000,-0.00000,0.99958,1.49781,0.02679,0.00000
90880000000,-7.85527,-18.97354,0.02072,0.02774,0.00000,-0.00000,0.99962,1.49529,0.02659,0.00000
90900000000,-7.88515,-18.97245,0.02072,0.02647,0.00000,-0.00000,0.99965,1.49429,0.02639,0.00000
90920000000,-7.91499,-18.97143,0.02072,0.02522,0.00000,-0.00000,0.99968,1.49296,0.02615,0.00000
90940000000,-7.94481,-18.97049,0.02072,0.02397,0.00000,-0.00000,0.99971,1.49050,0.02587,0.00000
90960000000,-7.97462,-18.96961,0.02072,0.02274,0.00000,-0.00000,0.99974,1.49071,0.02560,0.00000
90980000000,-8.00441,-18.96880,0.02072,0.02152,0.00000,-0.00000,0.99977,1.48961,0.02530,0.00000
91000000000,-8.03419,-18.96806,0.02072,0.02032,0.00000,-0.00000,0.99979,1.48923,0.02501,0.00000
91020000000,-8.06394,-18.96738,0.02072,0.01914,0.00000,-0.00000,0.99982,1.48745,0.02465,0.00000
91040000000,-8.09366,-18.96677,0.02072,0.01797,0.00000,-0.00000,0.99984,1.48517,0.02428,0.00000
91060000000,-8.12336,-18.96621,0.02072,0.01682,0.00000,-0.00000,0.99986,1.48539,0.02391,0.00000
91080000000,-8.15306,-18.96572,0.02072,0.01568,0.00000,-0.00000,0.99988,1.48437,0.02351,0.00000
91100000000,-8.18275,-18.96529,0.02072,0.01457,0.00000,-0.00000,0.99989,1.48464,0.02313,0.00000
91120000000,-8.21240,-18.96492,0.02072,0.01348,0.00000,-0.00000,0.99991,1.48240,0.02268,0.00000
91140000000,-8.24204,-18.96460,0.02072,0.01241,-0.00000,-0.00000,0.99992,1.48137,0.02224,0.00000
91160000000,-8.27165,-18.96433,0.02072,0.01136,-0.00000,-0.00000,0.99994,1.48051,0.02176,0.00000
91180000000,-8.30125,-18.96412,0.02072,0.01033,-0.00000,-0.00000,0.99995,1.47897,0.02128,0.00000
91200000000,-8.33082,-18.96396,0.02072,0.00933,-0.00000,-0.00000,0.99996,1.47870,0.02078,0.00000
91220000000,-8.36037,-18.96385,0.02072,0.00835,-0.00000,-0.00000,0.99997,1.47654,0.02024,0.00000
91240000000,-8.38991,-18.96378,0.02072,0.00740,-0.00000,-0.00000,0.99997,1.47699,0.01971,0.00000
91260000000,-8.41944,-18.96376,0.02072,0.00647,-0.00000,-0.00000,0.99998,1.47615,0.01917,0.00000
91280000000,-8.44897,-18.96378,0.02072,0.00557,-0.00000,-0.00000,0.99998,1.47642,0.01864,0.00000
91300000000,-8.47846,-18.96384,0.02072,0.00470,-0.00000,-0.00000,0.99999,1.47453,0.01805,0.00000
91320000000,-8.50795,-18.96394,0.02072,0.00386,-0.00000,-0.00000,0.99999,1.47388,0.01748,0.00000
91340000000,-8.53741,-18.96408,0.02072,0.00304,-0.00000,-0.00000,1.00000,1.47300,0.01687,0.00000
91360000000,-8.56685,-18.96426,0.02072,0.00225,-0.00000,-0.00000,1.00000,1.47103,0.01624,0.00000
91380000000,-8.59628,-18.96446,0.02072,0.00150,-0.00000,-0.00000,1.00000,1.47150,0.01561,0.00000
91400000000,-8.62569,-18.96470,0.02072,0.00077,-0.00000,-0.00000,1.00000,1.47087,0.01498,0.00000
91420000000,-8.65510,-18.96496,0.02072,0.00008,-0.00000,-0.00000,1.00000,1.46983,0.01433,0.00000
91440000000,-8.68449,-18.96526,0.02072,-0.00059,-0.00000,-0.00000,1.00000,1.46959,0.01370,0.00000
91460000000,-8.71388,-18.96558,0.02072,-0.00122,-0.00000,-0.00000,1.00000,1.46902,0.01308,0.00000
91480000000,-8.74326,-18.96592,0.02072,-0.00181,-0.00000,-0.00000,1.00000,1.46954,0.01247,0.00000
91500000000,-8.77262,-18.96628,0.02072,-0.00237,-0.00000,-0.00000,1.00000,1.46794,0.01182,0.00000
91520000000,-8.80198,-18.96667,0.02072,-0.00290,-0.00000,-0.00000,1.00000,1.46751,0.01118,0.00000
91540000000,-8.83131,-18.96706,0.02072,-0.00339,-0.00000,-0.00000,0.99999,1.46697,0.01051,0.00000
91560000000,-8.86063,-18.96748,0.02072,-0.00385,-0.00000,-0.00000,0.99999,1.46548,0.00984,0.00000
91580000000,-8.88995,-18.96790,0.02072,-0.00427,-0.00000,-0.00000,0.99999,1.46604,0.00915,0.00000
91600000000,-8.91926,-18.96834,0.02072,-0.00465,-0.00000,-0.00000,0.99999,1.46571,0.00846,0.00000
91620000000,-8.94856,-18.96878,0.02072,-0.00500,-0.00000,-0.00000,0.99999,1.46456,0.00778,0.00000
91640000000,-8.97785,-18.96923,0.02072,-0.00531,-0.00000,-0.00000,0.99999,1.46498,0.00706,0.00000
91660000000,-9.00715,-18.96968,0.02072,-0.00559,-0.00000,-0.00000,0.99998,1.46464,0.00636,0.00000
91680000000,-9.03645,-18.97013,0.02072,-0.00583,-0.00000,-0.00000,0.99998,1.46526,0.00565,0.00000
91700000000,-9.06572,-18.97058,0.02072,-0.00603,-0.00000,-0.00000,0.99998,1.46403,0.00494,0.00000
91720000000,-9.09500,-18.97103,0.02072,-0.00620,-0.00000,-0.00000,0.99998,1.46411,0.00422,0.00000
91740000000,-9.12427,-18.97147,0.02072,-0.00633,-0.00000,-0.00000,0.99998,1.46352,0.00349,0.00000
91760000000,-9.15352,-18.97190,0.02072,-0.00642,-0.00000,-0.00000,0.99998,1.46239,0.00276,0.00000
91780000000,-9.18278,-18.97232,0.02072,-0.00648,-0.00000,-0.00000,0.99998,1.46297,0.00200,0.00000
91800000000,-9.21202,-18.97273,0.02072,-0.00651,-0.00000,-0.00000,0.99998,1.46273,0.00125,0.00000
91820000000,-9.24127,-18.97312,0.02072,-0.00649,-0.00000,-0.00000,0.99998,1.46185,0.00051,0.00000
91840000000,-9.27050,-18.97350,0.02072,-0.00644,-0.00000,-0.00000,0.99998,1.46173,-0.00027,0.00000
91860000000,-9.29972,-18.97386,0.02072,-0.00635,-0.00000,-0.00000,0.99998,1.46109,-0.00103,0.00000
91880000000,-9.32895,-18.97419,0.02072,-0.00623,-0.00000,-0.00000,0.99998,1.46172,-0.00182,0.00000
91900000000,-9.35814,-18.97450,0.02072,-0.00607,-0.00000,-0.00000,0.99998,1.45914,-0.00258,0.00000
91920000000,-9.38733,-18.97479,0.02072,-0.00587,-0.00000,-0.00000,0.99998,1.45942,-0.00341,0.00000
91940000000,-9.41646,-18.97504,0.02072,-0.00563,-0.00000,-0.00000,0.99998,1.45663,-0.00423,0.00000
91960000000,-9.44557,-18.97527,0.02072,-0.00535,-0.00000,-0.00000,0.99999,1.45468,-0.00507,0.00000
91980000000,-9.47464,-18.97545,0.02072,-0.00503,-0.00000,-0.00000,0.99999,1.45358,-0.00599,0.00000
92000000000,-9.50369,-18.97560,0.02072,-0.00467,-0.00000,-0.00000,0.99999,1.45184,-0.00692,0.00000
92020000000,-9.53272,-18.97570,0.02072,-0.00426,-0.00000,-0.00000,0.99999,1.45165,-0.00788,0.00000
92040000000,-9.56168,-18.97577,0.02072,-0.00381,-0.00000,-0.00000,0.99999,1.44779,-0.00886,0.00000
92060000000,-9.59063,-18.97578,0.02072,-0.00331,-0.00000,-0.00000,0.99999,1.44633,-0.00989,0.00000
92080000000,-9.61949,-18.97574,0.02072,-0.00276,-0.00000,-0.00000,1.00000,1.44311,-0.01099,0.00000
92100000000,-9.64832,-18.97564,0.02072,-0.00217,-0.00000,-0.00000,1.00000,1.44067,-0.01212,0.00000
92120000000,-9.67713,-18.97549,0.02072,-0.00153,-0.00000,-0.00000,1.00000,1.44061,-0.01332,0.00000
92140000000,-9.70584,-18.97527,0.02072,-0.00083,-0.00000,-0.00000,1.00000,1.43497,-0.01453,0.00000
92160000000,-9.73453,-18.97499,0.02072,-0.00008,-0.00000,-0.00000,1.00000,1.43365,-0.01583,0.00000
92180000000,-9.76311,-18.97463,0.02072,0.00072,-0.00000,-0.00000,1.00000,1.42857,-0.01712,0.00000
92200000000,-9.79163,-18.97420,0.02072,0.00159,-0.00000,-0.00000,1.00000,1.42368,-0.01842,0.00000
92220000000,-9.82005,-18.97370,0.02072,0.00253,-0.00000,-0.00000,1.00000,1.42156,-0.01985,0.00000
92240000000,-9.84842,-18.97310,0.02072,0.00353,-0.00000,-0.00000,0.99999,1.41760,-0.02129,0.00000
92260000000,-9.87679,-18.97242,0.02072,0.00461,-0.00000,-0.00000,0.99999,1.41891,-0.02282,0.00000
92280000000,-9.90507,-18.97165,0.02072,0.00575,-0.00000,-0.00000,0.99998,1.41183,-0.02424,0.00000
92300000000,-9.93325,-18.97078,0.02072,0.00697,-0.00000,-0.00000,0.99998,1.40848,-0.02584,0.00000
92320000000,-9.96127,-18.96981,0.02072,0.00827,-0.00000,-0.00000,0.99997,1.40015,-0.02746,0.00000
92340000000,-9.98915,-18.96874,0.02072,0.00964,-0.00000,-0.00000,0.99995,1.39222,-0.02918,0.00000
92360000000,-10.01691,-18.96755,0.02072,0.01111,-0.00000,-0.00000,0.99994,1.38847,-0.03112,0.00000
92380000000,-10.04457,-18.96624,0.02072,0.01267,-0.00000,-0.00000,0.99992,1.38425,-0.03311,0.00000
92400000000,-10.07223,-18.96479,0.02072,0.01434,-0.00000,-0.00000,0.99990,1.38349,-0.03517,0.00000
92420000000,-10.09972,-18.96322,0.02072,0.01609,0.00000,-0.00000,0.99987,1.37425,-0.03713,0.00000
92440000000,-10.12714,-18.96151,0.02072,0.01795,0.00000,-0.00000,0.99984,1.37208,-0.03932,0.00000
92460000000,-10.15442,-18.95965,0.02072,0.01991,0.00000,-0.00000,0.99980,1.36548,-0.04151,0.00000
92480000000,-10.18165,-18.95764,0.02072,0.02199,0.00000,-0.00000,0.99976,1.36292,-0.04381,0.00000
92500000000,-10.20885,-18.95547,0.02072,0.02418,0.00000,-0.00000,0.99971,1.36414,-0.04628,0.00000
92520000000,-10.23597,-18.95313,0.02072,0.02647,0.00000,-0.00000,0.99965,1.35815,-0.04847,0.00000
92540000000,-10.26300,-18.95063,0.02072,0.02889,0.00000,-0.00000,0.99958,1.35570,-0.05088,0.00000
92560000000,-10.28993,-18.94794,0.02072,0.03141,0.00000,-0.00000,0.99951,1.35173,-0.05333,0.00000
92580000000,-10.31680,-18.94507,0.02072,0.03406,0.00000,-0.00000,0.99942,1.34993,-0.05584,0.00000
92600000000,-10.34368,-18.94200,0.02072,0.03682,0.00000,-0.00000,0.99932,1.35179,-0.05846,0.00000
92620000000,-10.37047,-18.93873,0.02072,0.03971,0.00000,-0.00000,0.99921,1.34715,-0.06085,0.00000
92640000000,-10.39725,-18.93526,0.02072,0.04272,0.00000,-0.00000,0.99909,1.34874,-0.06348,0.00000
92660000000,-10.42395,-18.93157,0.02072,0.04585,0.00000,-0.00000,0.99895,1.34614,-0.06597,0.00000
92680000000,-10.45066,-18.92765,0.02072,0.04910,0.00000,-0.00000,0.99879,1.34841,-0.06864,0.00000
92700000000,-10.47738,-18.92351,0.02072,0.05248,0.00000,-0.00000,0.99862,1.35064,-0.07125,0.00000
92720000000,-10.50410,-18.91912,0.02072,0.05599,0.00000,-0.00000,0.99843,1.35283,-0.07382,0.00000
92740000000,-10.53084,-18.91448,0.02072,0.05961,0.00000,-0.00000,0.99822,1.35497,-0.07634,0.00000
92760000000,-10.55757,-18.90960,0.02072,0.06335,0.00000,-0.00000,0.99799,1.35707,-0.07880,0.00000
92780000000,-10.58430,-18.90445,0.02072,0.06720,0.00000,-0.00000,0.99774,1.35913,-0.08122,0.00000
92800000000,-10.61102,-18.89905,0.02072,0.07117,0.00000,-0.00000,0.99746,1.36115,-0.08359,0.00000
92820000000,-10.63773,-18.89337,0.02072,0.07525,0.00000,-0.00000,0.99716,1.36313,-0.08592,0.00000
92840000000,-10.66442,-18.88743,0.02072,0.07944,0.00000,-0.00000,0.99684,1.36507,-0.08820,0.00000
92860000000,-10.69110,-18.88120,0.02072,0.08373,0.00000,-0.00000,0.99649,1.36698,-0.09043,0.00000
92880000000,-10.71774,-18.87470,0.02072,0.08813,0.00000,-0.00000,0.99611,1.36895,-0.09262,0.00000
92900000000,-10.74437,-18.86790,0.02072,0.09263,0.00000,-0.00000,0.99570,1.37148,-0.09476,0.00000
92920000000,-10.77098,-18.86081,0.02072,0.09724,0.00000,-0.00000,0.99526,1.37417,-0.09685,0.00000
92940000000,-10.79757,-18.85342,0.02072,0.10196,0.00000,-0.00000,0.99479,1.37697,-0.09888,0.00000
92960000000,-10.82414,-18.84573,0.02072,0.10678,0.00000,-0.00000,0.99428,1.38046,-0.10085,0.00000
92980000000,-10.85070,-18.83771,0.02072,0.11171,0.00000,-0.00000,0.99374,1.38466,-0.10275,0.00000
93000000000,-10.87727,-18.82938,0.02072,0.11675,0.00000,-0.00000,0.99316,1.38959,-0.10457,0.00000
93020000000,-10.90385,-18.82071,0.02072,0.12192,0.00000,-0.00000,0.99254,1.39526,-0.10630,0.00000
93040000000,-10.93045,-18.81170,0.02072,0.12722,0.00000,-0.00000,0.99187,1.40168,-0.10793,0.00000
93060000000,-10.95707,-18.80233,0.02072,0.13266,0.00000,-0.00000,0.99116,1.40889,-0.10945,0.00000
93080000000,-10.98374,-18.79260,0.02072,0.13824,0.00000,-0.00000,0.99040,1.41690,-0.11085,0.00000
93100000000,-11.01044,-18.78249,0.02072,0.14397,0.00000,-0.00000,0.98958,1.42572,-0.11211,0.00000
93120000000,-11.03720,-18.77199,0.02072,0.14986,0.00000,-0.00000,0.98871,1.43538,-0.11323,0.00000
93140000000,-11.06403,-18.76109,0.02072,0.15592,0.00000,-0.00000,0.98777,1.44590,-0.11419,0.00000
93160000000,-11.09092,-18.74977,0.02072,0.16217,0.00000,-0.00000,0.98676,1.45730,-0.11496,-0.00000
93180000000,-11.11789,-18.73801,0.02072,0.16861,0.00000,-0.00000,0.98568,1.46961,-0.11553,-0.00000
93200000000,-11.14494,-18.72580,0.02072,0.17527,0.00000,-0.00000,0.98452,1.48286,-0.11588,-0.00000
93220000000,-11.17208,-18.71312,0.02072,0.18214,0.00000,-0.00000,0.98327,1.49707,-0.11598,-0.00000
93240000000,-11.19932,-18.69994,0.02072,0.18926,0.00000,-0.00000,0.98193,1.51227,-0.11580,-0.00000
93260000000,-11.22647,-18.68631,0.02072,0.19653,0.00000,-0.00000,0.98050,1.51430,-0.11661,0.00000
93280000000,-11.25337,-18.67227,0.02072,0.20385,0.00000,-0.00000,0.97900,1.51202,-0.11778,0.00000
93300000000,-11.28001,-18.65783,0.02072,0.21122,0.00000,-0.00000,0.97744,1.50980,-0.11895,0.00000
93320000000,-11.30638,-18.64298,0.02072,0.21863,0.00000,-0.00000,0.97581,1.50764,-0.12010,0.00000
93340000000,-11.33246,-18.62773,0.02072,0.22609,0.00000,-0.00000,0.97411,1.50553,-0.12125,0.00000
93360000000,-11.35827,-18.61208,0.02072,0.23359,0.00000,-0.00000,0.97233,1.50347,-0.12240,0.00000
93380000000,-11.38378,-18.59603,0.02072,0.24113,0.00000,-0.00000,0.97049,1.50147,-0.12354,0.00000
93400000000,-11.40899,-18.57958,0.02072,0.24870,0.00000,-0.00000,0.96858,1.49952,-0.12467,0.00000
93420000000,-11.43390,-18.56274,0.02072,0.25630,0.00000,-0.00000,0.96660,1.49762,-0.12580,0.00000
93440000000,-11.45849,-18.54551,0.02072,0.26394,0.00000,-0.00000,0.96454,1.49577,-0.12692,0.00000
93460000000,-11.48277,-18.52789,0.02072,0.27160,0.00000,-0.00000,0.96241,1.49397,-0.12803,0.00000
93480000000,-11.50672,-18.50989,0.02072,0.27928,0.00000,-0.00000,0.96021,1.49221,-0.12914,0.00000
93500000000,-11.53034,-18.49150,0.02072,0.28699,0.00000,-0.00000,0.95793,1.49051,-0.13024,0.00000
93520000000,-11.55362,-18.47274,0.02072,0.29472,0.00000,-0.00000,0.95558,1.48885,-0.13134,0.00000
93540000000,-11.57655,-18.45360,0.02072,0.30246,0.00000,-0.00000,0.95316,1.48723,-0.13243,0.00000
93560000000,-11.59913,-18.43409,0.02072,0.31022,0.00000,-0.00000,0.95066,1.48566,-0.13352,0.00000
93580000000,-11.62135,-18.41422,0.02072,0.31800,0.00000,-0.00000,0.94809,1.48413,-0.13459,0.00000
93600000000,-11.64321,-18.39398,0.02072,0.32578,0.00000,-0.00000,0.94545,1.48264,-0.13566,0.00000
93620000000,-11.66469,-18.37339,0.02072,0.33357,0.00000,-0.00000,0.94272,1.48120,-0.13673,0.00000
93640000000,-11.68579,-18.35245,0.02072,0.34138,0.00000,-0.00000,0.93993,1.47979,-0.13779,0.00000
93660000000,-11.70651,-18.33117,0.02072,0.34918,0.00000,-0.00000,0.93705,1.47843,-0.13884,0.00000
93680000000,-11.72684,-18.30954,0.02072,0.35699,0.00000,-0.00000,0.93411,1.47710,-0.13988,0.00000
93700000000,-11.74677,-18.28758,0.02072,0.36480,0.00000,-0.00000,0.93109,1.47581,-0.14092,0.00000
93720000000,-11.76629,-18.26529,0.02072,0.37261,0.00000,-0.00000,0.92799,1.47456,-0.14195,0.00000
93740000000,-11.78541,-18.24267,0.02072,0.38042,0.00000,-0.00000,0.92481,1.47334,-0.14298,0.00000
93760000000,-11.80411,-18.21974,0.02072,0.38822,0.00000,-0.00000,0.92157,1.47216,-0.14400,0.00000
93780000000,-11.82239,-18.19650,0.02072,0.39602,0.00000,-0.00000,0.91824,1.47101,-0.14501,0.00000
93800000000,-11.84024,-18.17296,0.02072,0.40381,0.00000,-0.00000,0.91484,1.46990,-0.14602,0.00000
93820000000,-11.85766,-18.14911,0.02072,0.41159,0.00000,-0.00000,0.91137,1.46882,-0.14701,0.00000
93840000000,-11.87464,-18.12498,0.02072,0.41936,0.00000,-0.00000,0.90782,1.46777,-0.14801,0.00000
93860000000,-11.89117,-18.10056,0.02072,0.42711,0.00000,-0.00000,0.90420,1.46675,-0.14899,0.00000
93880000000,-11.90726,-18.07587,0.02072,0.43485,0.00000,-0.00000,0.90050,1.46576,-0.14997,0.00000
93900000000,-11.92289,-18.05091,0.02072,0.44258,0.00000,-0.00000,0.89673,1.46481,-0.15095,0.00000
93920000000,-11.93807,-18.02568,0.02072,0.45029,0.00000,-0.00000,0.89288,1.46388,-0.15191,0.00000
93940000000,-11.95278,-18.00020,0.02072,0.45798,0.00000,-0.00000,0.88896,1.46298,-0.15287,0.00000
93960000000,-11.96703,-17.97447,0.02072,0.46564,0.00000,-0.00000,0.88497,1.46211,-0.15383,0.00000
93980000000,-11.98080,-17.94851,0.02072,0.47329,0.00000,-0.00000,0.88091,1.46127,-0.15478,0.00000
94000000000,-11.99409,-17.92231,0.02072,0.48092,0.00000,-0.00000,0.87677,1.46045,-0.15572,0.00000
94020000000,-12.00690,-17.89588,0.02072,0.48851,0.00000,-0.00000,0.87256,1.46016,-0.15721,0.00000
94040000000,-12.01922,-17.86920,0.02072,0.49604,0.00000,-0.00000,0.86830,1.46046,-0.15915,0.00000
94060000000,-12.03105,-17.84230,0.02072,0.50353,0.00000,-0.00000,0.86398,1.46120,-0.16134,0.00000
94080000000,-12.04238,-17.81516,0.02072,0.51095,0.00000,-0.00000,0.85961,1.46146,-0.16280,0.00000
94100000000,-12.05322,-17.78778,0.02072,0.51831,0.00000,-0.00000,0.85519,1.46405,-0.16614,0.00000
94120000000,-12.06356,-17.76016,0.02072,0.52558,0.00000,-0.00000,0.85075,1.46518,-0.16781,0.00000
94140000000,-12.07341,-17.73232,0.02072,0.53278,0.00000,-0.00000,0.84626,1.46696,-0.16977,0.00000
94160000000,-12.08277,-17.70428,0.02072,0.53991,0.00000,-0.00000,0.84172,1.46935,-0.17194,0.00000
94180000000,-12.09164,-17.67605,0.02072,0.54699,0.00000,-0.00000,0.83714,1.46932,-0.17212,0.00000
94200000000,-12.10003,-17.64765,0.02072,0.55402,0.00000,-0.00000,0.83250,1.47072,-0.17322,0.00000
94220000000,-12.10794,-17.61911,0.02072,0.56100,0.00000,-0.00000,0.82782,1.47103,-0.17350,0.00000
94240000000,-12.11539,-17.59039,0.02072,0.56786,0.00000,-0.00000,0.82313,1.47317,-0.17305,0.00000
94260000000,-12.12239,-17.56156,0.02072,0.57461,0.00000,-0.00000,0.81843,1.47402,-0.17053,0.00000
94280000000,-12.12897,-17.53260,0.02072,0.58123,0.00000,-0.00000,0.81374,1.47511,-0.17002,0.00000
94300000000,-12.13507,-17.50350,0.02072,0.58778,0.00000,-0.00000,0.80902,1.47710,-0.17070,0.00000
94320000000,-12.14071,-17.47430,0.02072,0.59429,0.00000,-0.00000,0.80425,1.47757,-0.17067,0.00000
94340000000,-12.14588,-17.44493,0.02072,0.60072,0.00000,-0.00000,0.79946,1.48144,-0.17187,0.00000
94360000000,-12.15058,-17.41542,0.02072,0.60709,0.00000,-0.00000,0.79464,1.48552,-0.17294,0.00000
94380000000,-12.15481,-17.38580,0.02072,0.61339,0.00000,-0.00000,0.78978,1.48636,-0.17264,0.00000
94400000000,-12.15858,-17.35607,0.02072,0.61964,0.00000,-0.00000,0.78489,1.48905,-0.17291,0.00000
94420000000,-12.16189,-17.32627,0.02072,0.62584,0.00000,-0.00000,0.77995,1.48964,-0.17241,0.00000
94440000000,-12.16473,-17.29632,0.02072,0.63197,0.00000,-0.00000,0.77500,1.49486,-0.17321,0.00000
94460000000,-12.16712,-17.26630,0.02072,0.63805,0.00000,-0.00000,0.77000,1.49617,-0.17272,0.00000
94480000000,-12.16904,-17.23615,0.02072,0.64406,0.00000,-0.00000,0.76497,1.50133,-0.17309,0.00000
94500000000,-12.17052,-17.20595,0.02072,0.65003,0.00000,-0.00000,0.75991,1.50282,-0.17241,0.00000
94520000000,-12.17153,-17.17562,0.02072,0.65593,0.00000,-0.00000,0.75482,1.50835,-0.17247,0.00000
94540000000,-12.17209,-17.14524,0.02072,0.66179,0.00000,-0.00000,0.74969,1.51033,-0.17168,0.00000
94560000000,-12.17220,-17.11475,0.02072,0.66759,0.00000,-0.00000,0.74453,1.51591,-0.17133,0.00000
94580000000,-12.17185,-17.08420,0.02072,0.67334,0.00000,-0.00000,0.73933,1.51937,-0.17046,0.00000
94600000000,-12.17107,-17.05362,0.02072,0.67905,0.00000,-0.00000,0.73409,1.52024,-0.16895,0.00000
94620000000,-12.16983,-17.02299,0.02072,0.68471,0.00000,-0.00000,0.72882,1.52519,-0.16814,0.00000
94640000000,-12.16815,-16.99227,0.02072,0.69032,0.00000,-0.00000,0.72350,1.53041,-0.16703,0.00000
94660000000,-12.16602,-16.96148,0.02072,0.69589,0.00000,-0.00000,0.71814,1.53533,-0.16561,0.00000
94680000000,-12.16345,-16.93064,0.02072,0.70143,0.00000,-0.00000,0.71274,1.53997,-0.16399,0.00000
94700000000,-12.16045,-16.89977,0.02072,0.70693,0.00000,-0.00000,0.70729,1.54218,-0.16194,0.00000
94720000000,-12.15699,-16.86890,0.02072,0.71236,0.00000,-0.00000,0.70181,1.54601,-0.16061,0.00000
94740000000,-12.15309,-16.83800,0.02072,0.71772,0.00000,-0.00000,0.69633,1.54980,-0.15949,0.00000
94760000000,-12.14873,-16.80710,0.02072,0.72299,0.00000,-0.00000,0.69086,1.55323,-0.15821,0.00000
94780000000,-12.14393,-16.77620,0.02072,0.72817,0.00000,-0.00000,0.68540,1.55625,-0.15686,0.00000
94800000000,-12.13870,-16.74532,0.02072,0.73326,0.00000,-0.00000,0.67995,1.55886,-0.15528,0.00000
94820000000,-12.13303,-16.71447,0.02072,0.73826,0.00000,-0.00000,0.67452,1.56113,-0.15393,0.00000
94840000000,-12.12694,-16.68367,0.02072,0.74316,0.00000,-0.00000,0.66911,1.56297,-0.15217,0.00000
94860000000,-12.12043,-16.65292,0.02072,0.74796,0.00000,-0.00000,0.66375,1.56452,-0.15068,0.00000
94880000000,-12.11352,-16.62224,0.02072,0.75265,0.00000,-0.00000,0.65842,1.56564,-0.14877,0.00000
94900000000,-12.10620,-16.59164,0.02072,0.75722,0.00000,-0.00000,0.65316,1.56647,-0.14706,0.00000
94920000000,-12.09850,-16.56113,0.02072,0.76169,0.00000,-0.00000,0.64794,1.56689,-0.14509,0.00000
94940000000,-12.09042,-16.53071,0.02072,0.76603,0.00000,-0.00000,0.64281,1.56700,-0.14315,0.00000
94960000000,-12.08198,-16.50040,0.02072,0.77025,0.00000,-0.00000,0.63774,1.56675,-0.14112,0.00000
94980000000,-12.07320,-16.47020,0.02072,0.77436,0.00000,-0.00000,0.63275,1.56605,-0.13870,0.00000
95000000000,-12.06407,-16.44013,0.02072,0.77833,0.00000,-0.00000,0.62785,1.56522,-0.13702,0.00000
95020000000,-12.05461,-16.41019,0.02072,0.78218,0.00000,-0.00000,0.62305,1.56390,-0.13468,0.00000
95040000000,-12.04483,-16.38038,0.02072,0.78589,0.00000,-0.00000,0.61836,1.56241,-0.13277,0.00000
95060000000,-12.03476,-16.35071,0.02072,0.78948,0.00000,-0.00000,0.61378,1.56047,-0.13044,0.00000
95080000000,-12.02440,-16.32120,0.02072,0.79293,0.00000,-0.00000,0.60931,1.55816,-0.12793,0.00000
95100000000,-12.01378,-16.29183,0.02072,0.79626,0.00000,-0.00000,0.60495,1.55567,-0.12594,0.00000
95120000000,-12.00289,-16.26262,0.02072,0.79944,0.00000,-0.00000,0.60074,1.55283,-0.12368,0.00000
95140000000,-11.99175,-16.23358,0.02072,0.80248,0.00000,-0.00000,0.59668,1.54990,-0.12202,0.00000
95160000000,-11.98039,-16.20469,0.02072,0.80538,0.00000,-0.00000,0.59276,1.54641,-0.11948,0.00000
95180000000,-11.96882,-16.17597,0.02072,0.80813,0.00000,-0.00000,0.58900,1.54289,-0.11761,0.00000
95200000000,-11.95705,-16.14741,0.02072,0.81074,0.00000,-0.00000,0.58541,1.53901,-0.11549,0.00000
95220000000,-11.94510,-16.11903,0.02072,0.81320,0.00000,-0.00000,0.58199,1.53481,-0.11311,0.00000
95240000000,-11.93299,-16.09080,0.02072,0.81552,0.00000,-0.00000,0.57872,1.53037,-0.11089,0.00000
95260000000,-11.92074,-16.06275,0.02072,0.81772,0.00000,-0.00000,0.57562,1.52548,-0.10815,0.00000
95280000000,-11.90835,-16.03486,0.02072,0.81976,0.00000,-0.00000,0.57271,1.52077,-0.10660,0.00000
95300000000,-11.89585,-16.00714,0.02072,0.82167,0.00000,-0.00000,0.56997,1.51551,-0.10417,0.00000
95320000000,-11.88324,-15.97959,0.02072,0.82342,0.00000,-0.00000,0.56743,1.51028,-0.10236,0.00000
95340000000,-11.87055,-15.95219,0.02072,0.82504,0.00000,-0.00000,0.56507,1.50468,-0.10020,0.00000
95360000000,-11.85779,-15.92496,0.02072,0.82652,0.00000,-0.00000,0.56291,1.49894,-0.09812,0.00000
95380000000,-11.84498,-15.89789,0.02072,0.82786,0.00000,-0.00000,0.56093,1.49298,-0.09605,0.00000
95400000000,-11.83213,-15.87097,0.02072,0.82908,0.00000,-0.00000,0.55913,1.48664,-0.09351,0.00000
95420000000,-11.81926,-15.84421,0.02072,0.83015,0.00000,-0.00000,0.55754,1.48055,-0.09203,0.00000
95440000000,-11.80637,-15.81760,0.02072,0.83110,0.00000,-0.00000,0.55612,1.47396,-0.08968,0.00000
95460000000,-11.79348,-15.79113,0.02072,0.83191,0.00000,-0.00000,0.55491,1.46752,-0.08806,0.00000
95480000000,-11.78062,-15.76481,0.02072,0.83259,0.00000,-0.00000,0.55388,1.46075,-0.08601,0.00000
95500000000,-11.76777,-15.73863,0.02072,0.83315,0.00000,-0.00000,0.55305,1.45394,-0.08417,0.00000
95520000000,-11.75498,-15.71258,0.02072,0.83357,0.00000,-0.00000,0.55241,1.44711,-0.08259,0.00000
95540000000,-11.74223,-15.68666,0.02072,0.83388,0.00000,-0.00000,0.55195,1.43992,-0.08034,0.00000
95560000000,-11.72956,-15.66087,0.02072,0.83406,0.00000,-0.00000,0.55168,1.43273,-0.07840,0.00000
95580000000,-11.71696,-15.63517,0.02072,0.83414,0.00000,-0.00000,0.55155,1.42909,-0.07580,0.00000
95600000000,-11.70441,-15.60945,0.02072,0.83414,0.00000,-0.00000,0.55155,1.42920,-0.07311,0.00000
95620000000,-11.69191,-15.58370,0.02072,0.83407,0.00000,-0.00000,0.55166,1.42919,-0.07047,0.00000
95640000000,-11.67947,-15.55790,0.02072,0.83393,0.00000,-0.00000,0.55187,1.43074,-0.06696,0.00000
95660000000,-11.66710,-15.53206,0.02072,0.83373,0.00000,-0.00000,0.55218,1.43150,-0.06387,0.00000
95680000000,-11.65481,-15.50616,0.02072,0.83346,0.00000,-0.00000,0.55257,1.43245,-0.06069,0.00000
95700000000,-11.64259,-15.48021,0.02072,0.83313,0.00000,-0.00000,0.55308,1.43289,-0.05774,0.00000
95720000000,-11.63046,-15.45422,0.02072,0.83273,0.00000,-0.00000,0.55368,1.43286,-0.05505,0.00000
95740000000,-11.61842,-15.42817,0.02072,0.83226,0.00000,-0.00000,0.55438,1.43414,-0.05162,0.00000
95760000000,-11.60648,-15.40207,0.02072,0.83174,0.00000,-0.00000,0.55517,1.43488,-0.04849,0.00000
95780000000,-11.59464,-15.37589,0.02072,0.83116,0.00000,-0.00000,0.55603,1.43561,-0.04538,0.00000
95800000000,-11.58291,-15.34967,0.02072,0.83052,0.00000,-0.00000,0.55700,1.43608,-0.04239,0.00000
95820000000,-11.57130,-15.32337,0.02072,0.82982,0.00000,-0.00000,0.55804,1.43663,-0.03939,0.00000
95840000000,-11.55981,-15.29702,0.02072,0.82906,0.00000,-0.00000,0.55916,1.43726,-0.03632,0.00000
95860000000,-11.54844,-15.27060,0.02072,0.82824,0.00000,-0.00000,0.56038,1.43727,-0.03359,0.00000
95880000000,-11.53721,-15.24412,0.02072,0.82736,0.00000,-0.00000,0.56166,1.43825,-0.03035,0.00000
95900000000,-11.52612,-15.21757,0.02072,0.82644,0.00000,-0.00000,0.56303,1.43894,-0.02728,0.00000
95920000000,-11.51516,-15.19094,0.02072,0.82546,0.00000,-0.00000,0.56446,1.43933,-0.02440,0.00000
95940000000,-11.50435,-15.16425,0.02072,0.82442,0.00000,-0.00000,0.56597,1.44004,-0.02134,0.00000
95960000000,-11.49370,-15.13748,0.02072,0.82334,0.00000,-0.00000,0.56755,1.44017,-0.01860,0.00000
95980000000,-11.48320,-15.11065,0.02072,0.82220,0.00000,-0.00000,0.56920,1.44106,-0.01550,0.00000
96000000000,-11.47286,-15.08373,0.02072,0.82101,0.00000,-0.00000,0.57091,1.44167,-0.01256,0.00000
96020000000,-11.46268,-15.05675,0.02072,0.81977,0.00000,-0.00000,0.57269,1.44192,-0.00984,0.00000
96040000000,-11.45268,-15.02969,0.02072,0.81849,0.00000,-0.00000,0.57452,1.44278,-0.00682,0.00000
96060000000,-11.44284,-15.00255,0.02072,0.81716,0.00000,-0.00000,0.57642,1.44335,-0.00399,0.00000
96080000000,-11.43319,-14.97533,0.02072,0.81578,0.00000,-0.00000,0.57836,1.44417,-0.00108,0.00000
96100000000,-11.42372,-14.94804,0.02072,0.81435,0.00000,-0.00000,0.58037,1.44449,0.00158,0.00000
96120000000,-11.41443,-14.92067,0.02072,0.81288,0.00000,-0.00000,0.58243,1.44517,0.00436,0.00000
96140000000,-11.40532,-14.89323,0.02072,0.81137,0.00000,-0.00000,0.58454,1.44570,0.00706,0.00000
96160000000,-11.39642,-14.86572,0.02072,0.80981,0.00000,-0.00000,0.58670,1.44624,0.00971,0.00000
96180000000,-11.38770,-14.83812,0.02072,0.80820,0.00000,-0.00000,0.58890,1.44697,0.01242,0.00000
96200000000,-11.37919,-14.81039,0.02072,0.80659,0.00000,-0.00000,0.59111,1.45252,0.01700,0.00000
96220000000,-11.37088,-14.78242,0.02072,0.80501,0.00000,-0.00000,0.59326,1.46098,0.02238,0.00000
96240000000,-11.36277,-14.75421,0.02072,0.80347,0.00000,-0.00000,0.59535,1.46946,0.02736,0.00000
96260000000,-11.35484,-14.72582,0.02072,0.80195,0.00000,-0.00000,0.59739,1.47395,0.03042,0.00000
96280000000,-11.34708,-14.69737,0.02072,0.80041,0.00000,-0.00000,0.59945,1.47440,0.03182,0.00000
96300000000,-11.33949,-14.66885,0.02072,0.79885,0.00000,-0.00000,0.60153,1.47519,0.03330,0.00000
96320000000,-11.33207,-14.64027,0.02072,0.79727,0.00000,-0.00000,0.60362,1.47605,0.03478,0.00000
96340000000,-11.32483,-14.61163,0.02072,0.79567,0.00000,-0.00000,0.60573,1.47724,0.03622,0.00000
96360000000,-11.31776,-14.58291,0.02072,0.79404,0.00000,-0.00000,0.60786,1.47875,0.03771,0.00000
96380000000,-11.31087,-14.55411,0.02072,0.79240,0.00000,-0.00000,0.61000,1.48059,0.03920,0.00000
96400000000,-11.30415,-14.52523,0.02072,0.79074,0.00000,-0.00000,0.61215,1.48275,0.04075,0.00000
96420000000,-11.29760,-14.49625,0.02072,0.78907,0.00000,-0.00000,0.61430,1.48525,0.04236,0.00000
96440000000,-11.29123,-14.46718,0.02072,0.78738,0.00000,-0.00000,0.61647,1.48812,0.04384,0.00000
96460000000,-11.28504,-14.43801,0.02072,0.78568,0.00000,-0.00000,0.61864,1.49132,0.04540,0.00000
96480000000,-11.27902,-14.40873,0.02072,0.78396,0.00000,-0.00000,0.62081,1.49489,0.04692,0.00000
96500000000,-11.27318,-14.37933,0.02072,0.78223,0.00000,-0.00000,0.62299,1.49878,0.04856,0.00000
96520000000,-11.26751,-14.34981,0.02072,0.78049,0.00000,-0.00000,0.62517,1.50304,0.05018,0.00000
96540000000,-11.26202,-14.32017,0.02072,0.77874,0.00000,-0.00000,0.62735,1.50767,0.05171,0.00000
96560000000,-11.25671,-14.29040,0.02072,0.77698,0.00000,-0.00000,0.62952,1.51264,0.05336,0.00000
96580000000,-11.25157,-14.26048,0.02072,0.77521,0.00000,-0.00000,0.63170,1.51800,0.05483,0.00000
96600000000,-11.24661,-14.23042,0.02072,0.77343,0.00000,-0.00000,0.63388,1.52370,0.05639,0.00000
96620000000,-11.24183,-14.20021,0.02072,0.77164,0.00000,-0.00000,0.63606,1.52978,0.05787,0.00000
96640000000,-11.23722,-14.16988,0.02072,0.76984,0.00000,-0.00000,0.63824,1.53299,0.05904,0.00000
96660000000,-11.23280,-14.13954,0.02072,0.76802,0.00000,-0.00000,0.64043,1.53146,0.05949,0.00000
96680000000,-11.22857,-14.10920,0.02072,0.76618,0.00000,-0.00000,0.64263,1.53031,0.05990,0.00000
96700000000,-11.22452,-14.07887,0.02072,0.76432,0.00000,-0.00000,0.64484,1.52795,0.06024,0.00000
96720000000,-11.22067,-14.04855,0.02072,0.76244,0.00000,-0.00000,0.64705,1.52656,0.06057,0.00000
96740000000,-11.21700,-14.01823,0.02072,0.76055,0.00000,-0.00000,0.64928,1.52598,0.06092,0.00000
96760000000,-11.21351,-13.98790,0.02072,0.75865,0.00000,-0.00000,0.65150,1.52488,0.06121,0.00000
96780000000,-11.21022,-13.95759,0.02072,0.75672,0.00000,-0.00000,0.65374,1.52234,0.06143,0.00000
96800000000,-11.20711,-13.92728,0.02072,0.75479,0.00000,-0.00000,0.65597,1.52206,0.06169,0.00000
96820000000,-11.20419,-13.89697,0.02072,0.75284,0.00000,-0.00000,0.65821,1.52063,0.06189,0.00000
96840000000,-11.20145,-13.86666,0.02072,0.75088,0.00000,-0.00000,0.66044,1.52044,0.06212,0.00000
96860000000,-11.19890,-13.83637,0.02072,0.74890,0.00000,-0.00000,0.66268,1.51773,0.06223,0.00000
96880000000,-11.19654,-13.80608,0.02072,0.74692,0.00000,-0.00000,0.66492,1.51757,0.06240,0.00000
96900000000,-11.19437,-13.77581,0.02072,0.74492,0.00000,-0.00000,0.66715,1.51479,0.06244,0.00000
96920000000,-11.19238,-13.74556,0.02072,0.74292,0.00000,-0.00000,0.66938,1.51461,0.06254,0.00000
96940000000,-11.19058,-13.71535,0.02072,0.74091,0.00000,-0.00000,0.67161,1.51179,0.06250,0.00000
96960000000,-11.18895,-13.68515,0.02072,0.73890,0.00000,-0.00000,0.67381,1.50974,0.06173,0.00000
96980000000,-11.18749,-13.65497,0.02072,0.73691,0.00000,-0.00000,0.67599,1.50959,0.06142,0.00000
97000000000,-11.18618,-13.62479,0.02072,0.73497,0.00000,-0.00000,0.67810,1.50936,0.05992,0.00000
97020000000,-11.18501,-13.59461,0.02072,0.73306,0.00000,-0.00000,0.68017,1.50896,0.05740,0.00000
97040000000,-11.18397,-13.56442,0.02072,0.73120,0.00000,-0.00000,0.68216,1.50886,0.05675,0.00000
97060000000,-11.18307,-13.53425,0.02072,0.72939,0.00000,-0.00000,0.68410,1.50862,0.05519,0.00000
97080000000,-11.18231,-13.50407,0.02072,0.72760,0.00000,-0.00000,0.68601,1.50793,0.05416,0.00000
97100000000,-11.18169,-13.47392,0.02072,0.72583,0.00000,-0.00000,0.68787,1.50698,0.05348,0.00000
97120000000,-11.18122,-13.44379,0.02072,0.72407,0.00000,-0.00000,0.68973,1.50440,0.05336,0.00000
97140000000,-11.18091,-13.41369,0.02072,0.72230,0.00000,-0.00000,0.69158,1.50414,0.05327,0.00000
97160000000,-11.18074,-13.38362,0.02072,0.72054,0.00000,-0.00000,0.69341,1.50277,0.05312,0.00000
97180000000,-11.18073,-13.35357,0.02072,0.71877,0.00000,-0.00000,0.69524,1.50023,0.05291,0.00000
97200000000,-11.18087,-13.32355,0.02072,0.71701,0.00000,-0.00000,0.69706,1.50003,0.05274,0.00000
97220000000,-11.18115,-13.29355,0.02072,0.71525,0.00000,-0.00000,0.69887,1.49865,0.05252,0.00000
97240000000,-11.18158,-13.26356,0.02072,0.71349,0.00000,-0.00000,0.70066,1.49881,0.05233,0.00000
97260000000,-11.18216,-13.23361,0.02072,0.71174,0.00000,-0.00000,0.70244,1.49589,0.05202,0.00000
97280000000,-11.18288,-13.20368,0.02072,0.70999,0.00000,-0.00000,0.70421,1.49591,0.05177,0.00000
97300000000,-11.18374,-13.17381,0.02072,0.70825,0.00000,-0.00000,0.70596,1.49316,0.05139,0.00000
97320000000,-11.18475,-13.14397,0.02072,0.70652,0.00000,-0.00000,0.70769,1.49153,0.05104,0.00000
97340000000,-11.18589,-13.11416,0.02072,0.70480,0.00000,-0.00000,0.70941,1.49055,0.05073,0.00000
97360000000,-11.18717,-13.08439,0.02072,0.70309,0.00000,-0.00000,0.71110,1.48770,0.05037,0.00000
97380000000,-11.18858,-13.05465,0.02072,0.70140,0.00000,-0.00000,0.71277,1.48810,0.05006,0.00000
97400000000,-11.19013,-13.02493,0.02072,0.69972,0.00000,-0.00000,0.71442,1.48689,0.04971,0.00000
97420000000,-11.19181,-12.99522,0.02072,0.69805,0.00000,-0.00000,0.71605,1.48697,0.04937,0.00000
97440000000,-11.19362,-12.96557,0.02072,0.69641,0.00000,-0.00000,0.71764,1.48454,0.04898,0.00000
97460000000,-11.19555,-12.93594,0.02072,0.69478,0.00000,-0.00000,0.71922,1.48348,0.04860,0.00000
97480000000,-11.19761,-12.90635,0.02072,0.69318,0.00000,-0.00000,0.72076,1.48230,0.04817,0.00000
97500000000,-11.19979,-12.87679,0.02072,0.69160,0.00000,-0.00000,0.72228,1.48006,0.04776,0.00000
97520000000,-11.20209,-12.84726,0.02072,0.69004,0.00000,-0.00000,0.72377,1.48017,0.04729,0.00000
97540000000,-11.20450,-12.81776,0.02072,0.68851,0.00000,-0.00000,0.72523,1.47914,0.04682,0.00000
97560000000,-11.20703,-12.78828,0.02072,0.68699,0.00000,-0.00000,0.72666,1.47789,0.04636,0.00000
97580000000,-11.20967,-12.75885,0.02072,0.68551,0.00000,-0.00000,0.72806,1.47716,0.04585,0.00000
97600000000,-11.21242,-12.72943,0.02072,0.68405,0.00000,-0.00000,0.72943,1.47621,0.04533,0.00000
97620000000,-11.21527,-12.70004,0.02072,0.68262,0.00000,-0.00000,0.73077,1.47566,0.04481,0.00000
97640000000,-11.21822,-12.67069,0.02072,0.68122,0.00000,-0.00000,0.73208,1.47438,0.04426,0.00000
97660000000,-11.22127,-12.64137,0.02072,0.67985,0.00000,-0.00000,0.73335,1.47201,0.04376,0.00000
97680000000,-11.22442,-12.61208,0.02072,0.67851,0.00000,-0.00000,0.73459,1.47263,0.04310,0.00000
97700000000,-11.22765,-12.58281,0.02072,0.67720,0.00000,-0.00000,0.73579,1.47188,0.04249,0.00000
97720000000,-11.23098,-12.55356,0.02072,0.67593,0.00000,-0.00000,0.73697,1.47054,0.04191,0.00000
97740000000,-11.23439,-12.52434,0.02072,0.67468,0.00000,-0.00000,0.73811,1.47034,0.04123,0.00000
97760000000,-11.23789,-12.49514,0.02072,0.67347,0.00000,-0.00000,0.73921,1.46961,0.04058,0.00000
97780000000,-11.24147,-12.46595,0.02072,0.67229,0.00000,-0.00000,0.74028,1.46978,0.03987,0.00000
97800000000,-11.24512,-12.43681,0.02072,0.67115,0.00000,-0.00000,0.74132,1.46822,0.03925,0.00000
97820000000,-11.24884,-12.40768,0.02072,0.67004,0.00000,-0.00000,0.74232,1.46701,0.03860,0.00000
97840000000,-11.25264,-12.37858,0.02072,0.66897,0.00000,-0.00000,0.74329,1.46695,0.03783,0.00000
97860000000,-11.25650,-12.34951,0.02072,0.66794,0.00000,-0.00000,0.74422,1.46515,0.03720,0.00000
97880000000,-11.26043,-12.32045,0.02072,0.66694,0.00000,-0.00000,0.74511,1.46578,0.03633,0.00000
97900000000,-11.26441,-12.29140,0.02072,0.66598,0.00000,-0.00000,0.74597,1.46524,0.03557,0.00000
97920000000,-11.26846,-12.26236,0.02072,0.66505,0.00000,-0.00000,0.74680,1.46600,0.03469,0.00000
97940000000,-11.27255,-12.23335,0.02072,0.66416,0.00000,-0.00000,0.74759,1.46420,0.03403,0.00000
97960000000,-11.27670,-12.20435,0.02072,0.66330,0.00000,-0.00000,0.74835,1.46442,0.03317,0.00000
97980000000,-11.28090,-12.17538,0.02072,0.66249,0.00000,-0.00000,0.74907,1.46327,0.03242,0.00000
98000000000,-11.28514,-12.14643,0.02072,0.66171,0.00000,-0.00000,0.74976,1.46175,0.03170,0.00000
98020000000,-11.28941,-12.11749,0.02072,0.66098,0.00000,-0.00000,0.75041,1.46245,0.03072,0.00000
98040000000,-11.29373,-12.08857,0.02072,0.66028,0.00000,-0.00000,0.75102,1.46208,0.02986,0.00000
98060000000,-11.29808,-12.05965,0.02072,0.65962,0.00000,-0.00000,0.75160,1.46164,0.02901,0.00000
98080000000,-11.30246,-12.03075,0.02072,0.65900,0.00000,-0.00000,0.75215,1.46139,0.02810,0.00000
98100000000,-11.30687,-12.00186,0.02072,0.65841,0.00000,-0.00000,0.75266,1.46003,0.02733,0.00000
98120000000,-11.31130,-11.97299,0.02072,0.65787,0.00000,-0.00000,0.75313,1.46076,0.02629,0.00000
98140000000,-11.31576,-11.94412,0.02072,0.65736,0.00000,-0.00000,0.75357,1.46055,0.02536,0.00000
98160000000,-11.32023,-11.91525,0.02072,0.65689,0.00000,-0.00000,0.75398,1.46020,0.02446,0.00000
98180000000,-11.32472,-11.88639,0.02072,0.65646,0.00000,-0.00000,0.75436,1.46009,0.02350,0.00000
98200000000,-11.32922,-11.85754,0.02072,0.65607,0.00000,-0.00000,0.75470,1.45907,0.02266,0.00000
98220000000,-11.33373,-11.82870,0.02072,0.65572,0.00000,-0.00000,0.75501,1.45972,0.02160,0.00000
98240000000,-11.33824,-11.79986,0.02072,0.65540,0.00000,-0.00000,0.75528,1.45957,0.02063,0.00000
98260000000,-11.34276,-11.77098,0.02072,0.65511,0.00000,-0.00000,0.75553,1.46224,0.01931,0.00000
98280000000,-11.34729,-11.74192,0.02072,0.65480,0.00000,-0.00000,0.75580,1.47355,0.01701,0.00000
98300000000,-11.35183,-11.71263,0.02072,0.65445,0.00000,-0.00000,0.75611,1.48472,0.01497,0.00000
98320000000,-11.35640,-11.68321,0.02072,0.65407,0.00000,-0.00000,0.75643,1.48789,0.01421,0.00000
98340000000,-11.36099,-11.65382,0.02072,0.65372,0.00000,-0.00000,0.75674,1.48758,0.01393,0.00000
98360000000,-11.36559,-11.62444,0.02072,0.65338,0.00000,-0.00000,0.75703,1.48631,0.01377,0.00000
98380000000,-11.37022,-11.59507,0.02072,0.65305,0.00000,-0.00000,0.75731,1.48653,0.01339,0.00000
98400000000,-11.37486,-11.56571,0.02072,0.65274,0.00000,-0.00000,0.75758,1.48599,0.01311,0.00000
98420000000,-11.37952,-11.53635,0.02072,0.65244,0.00000,-0.00000,0.75784,1.48626,0.01271,0.00000
98440000000,-11.38420,-11.50702,0.02072,0.65217,0.00000,-0.00000,0.75808,1.48496,0.01252,0.00000
98460000000,-11.38889,-11.47769,0.02072,0.65190,0.00000,-0.00000,0.75830,1.48524,0.01209,0.00000
98480000000,-11.39359,-11.44838,0.02072,0.65166,0.00000,-0.00000,0.75851,1.48395,0.01189,0.00000
98500000000,-11.39830,-11.41907,0.02072,0.65143,0.00000,-0.00000,0.75871,1.48409,0.01146,0.00000
98520000000,-11.40302,-11.38979,0.02072,0.65122,0.00000,-0.00000,0.75889,1.48301,0.01119,0.00000
98540000000,-11.40774,-11.36052,0.02072,0.65103,0.00000,-0.00000,0.75905,1.48225,0.01088,0.00000
98560000000,-11.41247,-11.33125,0.02072,0.65087,0.00000,-0.00000,0.75919,1.48212,0.01044,0.00000
98580000000,-11.41721,-11.30201,0.02072,0.65072,0.00000,-0.00000,0.75932,1.48097,0.01015,0.00000
98600000000,-11.42194,-11.27277,0.02072,0.65059,0.00000,-0.00000,0.75943,1.48089,0.00968,0.00000
98620000000,-11.42668,-11.24354,0.02072,0.65048,0.00000,-0.00000,0.75953,1.48092,0.00920,0.00000
98640000000,-11.43141,-11.21432,0.02072,0.65039,0.00000,-0.00000,0.75960,1.47984,0.00887,0.00000
98660000000,-11.43614,-11.18510,0.02072,0.65031,0.00000,-0.00000,0.75966,1.47965,0.00840,0.00000
98680000000,-11.44086,-11.15588,0.02072,0.65026,0.00000,-0.00000,0.75971,1.47984,0.00787,0.00000
98700000000,-11.44558,-11.12668,0.02072,0.65023,0.00000,-0.00000,0.75974,1.47885,0.00751,0.00000
98720000000,-11.45029,-11.09747,0.02072,0.65022,0.00000,-0.00000,0.75975,1.47920,0.00694,0.00000
98740000000,-11.45498,-11.06827,0.02072,0.65022,0.00000,-0.00000,0.75974,1.47889,0.00647,0.00000
98760000000,-11.45967,-11.03906,0.02072,0.65024,0.00000,-0.00000,0.75973,1.47924,0.00590,0.00000
98780000000,-11.46434,-11.00986,0.02072,0.65029,0.00000,-0.00000,0.75969,1.47833,0.00551,0.00000
98800000000,-11.46900,-10.98066,0.02072,0.65035,0.00000,-0.00000,0.75963,1.47868,0.00493,0.00000
98820000000,-11.47365,-10.95147,0.02072,0.65043,0.00000,-0.00000,0.75956,1.47782,0.00453,0.00000
98840000000,-11.47827,-10.92228,0.02072,0.65054,0.00000,-0.00000,0.75948,1.47766,0.00401,0.00000
98860000000,-11.48288,-10.89309,0.02072,0.65066,0.00000,-0.00000,0.75937,1.47737,0.00351,0.00000
98880000000,-11.48746,-10.86390,0.02072,0.65080,0.00000,-0.00000,0.75925,1.47724,0.00298,0.00000
98900000000,-11.49203,-10.83472,0.02072,0.65096,0.00000,-0.00000,0.75911,1.47700,0.00246,0.00000
98920000000,-11.49656,-10.80553,0.02072,0.65115,0.00000,-0.00000,0.75895,1.47678,0.00194,0.00000
98940000000,-11.50107,-10.77634,0.02072,0.65135,0.00000,-0.00000,0.75878,1.47668,0.00139,0.00000
98960000000,-11.50556,-10.74715,0.02072,0.65157,0.00000,-0.00000,0.75859,1.47631,0.00089,0.00000
98980000000,-11.51001,-10.71796,0.02072,0.65181,0.00000,-0.00000,0.75838,1.47643,0.00030,0.00000
99000000000,-11.51444,-10.68878,0.02072,0.65207,0.00000,-0.00000,0.75816,1.47589,-0.00019,0.00000
99020000000,-11.51883,-10.65958,0.02072,0.65235,0.00000,-0.00000,0.75792,1.47625,-0.00082,0.00000
99040000000,-11.52319,-10.63038,0.02072,0.65264,0.00000,-0.00000,0.75767,1.47618,-0.00137,0.00000
99060000000,-11.52752,-10.60117,0.02072,0.65296,0.00000,-0.00000,0.75740,1.47653,-0.00199,0.00000
99080000000,-11.53181,-10.57196,0.02072,0.65329,0.00000,-0.00000,0.75711,1.47608,-0.00248,0.00000
99100000000,-11.53606,-10.54274,0.02072,0.65364,0.00000,-0.00000,0.75681,1.47642,-0.00309,0.00000
99120000000,-11.54027,-10.51353,0.02072,0.65401,0.00000,-0.00000,0.75649,1.47603,-0.00360,0.00000
99140000000,-11.54444,-10.48430,0.02072,0.65439,0.00000,-0.00000,0.75615,1.47592,-0.00414,0.00000
99160000000,-11.54857,-10.45507,0.02072,0.65480,0.00000,-0.00000,0.75580,1.47605,-0.00472,0.00000
99180000000,-11.55266,-10.42584,0.02072,0.65522,0.00000,-0.00000,0.75544,1.47580,-0.00524,0.00000
99200000000,-11.55670,-10.39659,0.02072,0.65566,0.00000,-0.00000,0.75506,1.47611,-0.00585,0.00000
99220000000,-11.56070,-10.36734,0.02072,0.65611,0.00000,-0.00000,0.75466,1.47620,-0.00641,0.00000
99240000000,-11.56465,-10.33808,0.02072,0.65658,0.00000,-0.00000,0.75425,1.47614,-0.00695,0.00000
99260000000,-11.56855,-10.30882,0.02072,0.65707,0.00000,-0.00000,0.75383,1.47637,-0.00753,0.00000
99280000000,-11.57241,-10.27954,0.02072,0.65758,0.00000,-0.00000,0.75339,1.47628,-0.00805,0.00000
99300000000,-11.57621,-10.25026,0.02072,0.65810,0.00000,-0.00000,0.75293,1.47660,-0.00864,0.00000
99320000000,-11.57996,-10.22096,0.02072,0.65863,0.00000,-0.00000,0.75247,1.47674,-0.00918,0.00000
99340000000,-11.58366,-10.19166,0.02072,0.65918,0.00000,-0.00000,0.75199,1.47693,-0.00973,0.00000
99360000000,-11.58730,-10.16234,0.02072,0.65974,0.00000,-0.00000,0.75149,1.47705,-0.01027,0.00000
99380000000,-11.59089,-10.13302,0.02072,0.66032,0.00000,-0.00000,0.75098,1.47712,-0.01079,0.00000
99400000000,-11.59443,-10.10368,0.02072,0.66091,0.00000,-0.00000,0.75046,1.47740,-0.01133,0.00000
99420000000,-11.59791,-10.07433,0.02072,0.66152,0.00000,-0.00000,0.74993,1.47762,-0.01186,0.00000
99440000000,-11.60133,-10.04498,0.02072,0.66214,0.00000,-0.00000,0.74938,1.47779,-0.01237,0.00000
99460000000,-11.60469,-10.01561,0.02072,0.66277,0.00000,-0.00000,0.74883,1.47806,-0.01289,0.00000
99480000000,-11.60799,-9.98623,0.02072,0.66341,0.00000,-0.00000,0.74826,1.47831,-0.01339,0.00000
99500000000,-11.61123,-9.95683,0.02072,0.66407,0.00000,-0.00000,0.74767,1.47858,-0.01389,0.00000
99520000000,-11.61441,-9.92743,0.02072,0.66474,0.00000,-0.00000,0.74708,1.47884,-0.01439,0.00000
99540000000,-11.61753,-9.89801,0.02072,0.66542,0.00000,-0.00000,0.74647,1.47916,-0.01487,0.00000
99560000000,-11.62058,-9.86858,0.02072,0.66611,0.00000,-0.00000,0.74586,1.47942,-0.01534,0.00000
99580000000,-11.62357,-9.83914,0.02072,0.66681,0.00000,-0.00000,0.74523,1.47973,-0.01581,0.00000
99600000000,-11.62650,-9.80968,0.02072,0.66752,0.00000,-0.00000,0.74459,1.47999,-0.01626,0.00000
99620000000,-11.62936,-9.78021,0.02072,0.66824,0.00000,-0.00000,0.74394,1.48038,-0.01672,0.00000
99640000000,-11.63216,-9.75073,0.02072,0.66898,0.00000,-0.00000,0.74328,1.48073,-0.01716,0.00000
99660000000,-11.63489,-9.72123,0.02072,0.66972,0.00000,-0.00000,0.74262,1.48108,-0.01759,0.00000
99680000000,-11.63755,-9.69172,0.02072,0.67047,0.00000,-0.00000,0.74194,1.48161,-0.01803,0.00000
99700000000,-11.64015,-9.66220,0.02072,0.67123,0.00000,-0.00000,0.74125,1.48182,-0.01842,0.00000
99720000000,-11.64267,-9.63266,0.02072,0.67200,0.00000,-0.00000,0.74055,1.48222,-0.01882,0.00000
99740000000,-11.64513,-9.60311,0.02072,0.67277,0.00000,-0.00000,0.73985,1.48267,-0.01922,0.00000
99760000000,-11.64752,-9.57354,0.02072,0.67355,0.00000,-0.00000,0.73914,1.48303,-0.01959,0.00000
99780000000,-11.64984,-9.54396,0.02072,0.67435,0.00000,-0.00000,0.73842,1.48366,-0.01998,0.00000
99800000000,-11.65209,-9.51437,0.02072,0.67514,0.00000,-0.00000,0.73769,1.48389,-0.02031,0.00000
99820000000,-11.65427,-9.48476,0.02072,0.67595,0.00000,-0.00000,0.73695,1.48462,-0.02068,0.00000
99840000000,-11.65638,-9.45513,0.02072,0.67675,0.00000,-0.00000,0.73621,1.48490,-0.02099,0.00000
99860000000,-11.65842,-9.42550,0.02072,0.67757,0.00000,-0.00000,0.73546,1.48525,-0.02129,0.00000
99880000000,-11.66038,-9.39585,0.02072,0.67839,0.00000,-0.00000,0.73470,1.48606,-0.02163,0.00000
99900000000,-11.66228,-9.36618,0.02072,0.67922,0.00000,-0.00000,0.73394,1.48620,-0.02189,0.00000
99920000000,-11.66410,-9.33650,0.02072,0.68005,0.00000,-0.00000,0.73317,1.48670,-0.02217,0.00000
99940000000,-11.66585,-9.30681,0.02072,0.68088,0.00000,-0.00000,0.73239,1.48697,-0.02242,0.00000
99960000000,-11.66753,-9.27710,0.02072,0.68172,0.00000,-0.00000,0.73161,1.48771,-0.02270,0.00000
99980000000,-11.66914,-9.24738,0.02072,0.68256,0.00000,-0.00000,0.73083,1.48838,-0.02295,0.00000
100000000000,-11.67067,-9.21764,0.02072,0.68341,0.00000,-0.00000,0.73004,1.48876,-0.02316,0.00000
100020000000,-11.67213,-9.18789,0.02072,0.68426,0.00000,-0.00000,0.72924,1.48974,-0.02341,0.00000
100040000000,-11.67352,-9.15812,0.02072,0.68511,0.00000,-0.00000,0.72844,1.48983,-0.02357,0.00000
100060000000,-11.67484,-9.12834,0.02072,0.68596,0.00000,-0.00000,0.72764,1.49038,-0.02375,0.00000
100080000000,-11.67608,-9.09854,0.02072,0.68681,0.00000,-0.00000,0.72683,1.49111,-0.02393,0.00000
100100000000,-11.67725,-9.06873,0.02072,0.68767,0.00000,-0.00000,0.72602,1.49150,-0.02407,0.00000
100120000000,-11.67835,-9.03891,0.02072,0.68853,0.00000,-0.00000,0.72521,1.49260,-0.02425,0.00000
100140000000,-11.67938,-9.00907,0.02072,0.68938,0.00000,-0.00000,0.72440,1.49265,-0.02433,0.00000
100160000000,-11.68033,-8.97921,0.02072,0.69024,0.00000,-0.00000,0.72358,1.49323,-0.02444,0.00000
100180000000,-11.68121,-8.94935,0.02072,0.69110,0.00000,-0.00000,0.72276,1.49367,-0.02453,0.00000
100200000000,-11.68202,-8.91947,0.02072,0.69196,0.00000,-0.00000,0.72194,1.49442,-0.02462,0.00000
100220000000,-11.68276,-8.88958,0.02072,0.69282,0.00000,-0.00000,0.72111,1.49520,-0.02470,0.00000
100240000000,-11.68342,-8.85967,0.02072,0.69367,0.00000,-0.00000,0.72029,1.49562,-0.02474,0.00000
100260000000,-11.68402,-8.82975,0.02072,0.69452,0.00000,-0.00000,0.71948,1.49625,-0.02406,0.00000
100280000000,-11.68456,-8.79983,0.02072,0.69534,0.00000,-0.00000,0.71868,1.49625,-0.02406,0.00000
100300000000,-11.68503,-8.76990,0.02072,0.69617,0.00000,-0.00000,0.71788,1.49668,-0.02383,0.00000
100320000000,-11.68544,-8.73996,0.02072,0.69699,0.00000,-0.00000,0.71708,1.49667,-0.02382,0.00000
100340000000,-11.68578,-8.71001,0.02072,0.69780,0.00000,-0.00000,0.71629,1.49792,-0.02385,0.00000
100360000000,-11.68605,-8.68002,0.02072,0.69862,0.00000,-0.00000,0.71549,1.50014,-0.02389,0.00000
100380000000,-11.68625,-8.64986,0.02072,0.69943,0.00000,-0.00000,0.71471,1.50937,-0.02405,0.00000
100400000000,-11.68639,-8.61966,0.02072,0.70022,0.00000,-0.00000,0.71392,1.51050,-0.02378,0.00000
100420000000,-11.68647,-8.58945,0.02072,0.70101,0.00000,-0.00000,0.71315,1.51029,-0.02346,0.00000
100440000000,-11.68649,-8.55923,0.02072,0.70179,0.00000,-0.00000,0.71238,1.51075,-0.02315,0.00000
100460000000,-11.68645,-8.52900,0.02072,0.70256,0.00000,-0.00000,0.71163,1.51140,-0.02285,0.00000
100480000000,-11.68635,-8.49877,0.02072,0.70332,0.00000,-0.00000,0.71088,1.51166,-0.02252,0.00000
100500000000,-11.68620,-8.46851,0.02072,0.70407,0.00000,-0.00000,0.71013,1.51280,-0.02219,0.00000
100520000000,-11.68599,-8.43825,0.02072,0.70480,0.00000,-0.00000,0.70940,1.51282,-0.02184,0.00000
100540000000,-11.68572,-8.40799,0.02072,0.70553,0.00000,-0.00000,0.70868,1.51299,-0.02148,0.00000
100560000000,-11.68540,-8.37772,0.02072,0.70625,0.00000,-0.00000,0.70796,1.51412,-0.02113,0.00000
100580000000,-11.68502,-8.34744,0.02072,0.70695,0.00000,-0.00000,0.70726,1.51399,-0.02074,0.00000
100600000000,-11.68459,-8.31715,0.02072,0.70765,0.00000,-0.00000,0.70656,1.51426,-0.02038,0.00000
100620000000,-11.68411,-8.28686,0.02072,0.70833,0.00000,-0.00000,0.70588,1.51534,-0.02004,0.00000
100640000000,-11.68358,-8.25656,0.02072,0.70900,0.00000,-0.00000,0.70521,1.51503,-0.01967,0.00000
100660000000,-11.68300,-8.22625,0.02072,0.70965,0.00000,-0.00000,0.70455,1.51541,-0.01931,0.00000
100680000000,-11.68238,-8.19595,0.02072,0.71030,0.00000,-0.00000,0.70390,1.51509,-0.01894,0.00000
100700000000,-11.68170,-8.16564,0.02072,0.71093,0.00000,-0.00000,0.70327,1.51615,-0.01857,0.00000
100720000000,-11.68098,-8.13532,0.02072,0.71154,0.00000,-0.00000,0.70264,1.51582,-0.01819,0.00000
100740000000,-11.68021,-8.10499,0.02072,0.71215,0.00000,-0.00000,0.70203,1.51685,-0.01781,0.00000
100760000000,-11.67940,-8.07467,0.02072,0.71274,0.00000,-0.00000,0.70143,1.51710,-0.01742,0.00000
100780000000,-11.67854,-8.04432,0.02072,0.71331,0.00000,-0.00000,0.70085,1.51751,-0.01702,0.00000
100800000000,-11.67765,-8.01397,0.02072,0.71387,0.00000,-0.00000,0.70027,1.51849,-0.01662,0.00000
100820000000,-11.67671,-7.98362,0.02072,0.71442,0.00000,-0.00000,0.69972,1.51825,-0.01619,0.00000
100840000000,-11.67574,-7.95326,0.02072,0.71495,0.00000,-0.00000,0.69917,1.51842,-0.01577,0.00000
100860000000,-11.67473,-7.92290,0.02072,0.71547,0.00000,-0.00000,0.69864,1.51928,-0.01536,0.00000
100880000000,-11.67368,-7.89254,0.02072,0.71598,0.00000,-0.00000,0.69813,1.51898,-0.01492,0.00000
100900000000,-11.67260,-7.86217,0.02072,0.71646,0.00000,-0.00000,0.69762,1.51925,-0.01448,0.00000
100920000000,-11.67149,-7.83181,0.02072,0.71694,0.00000,-0.00000,0.69714,1.51905,-0.01405,0.00000
100940000000,-11.67034,-7.80143,0.02072,0.71740,0.00000,-0.00000,0.69666,1.51975,-0.01362,0.00000
100960000000,-11.66916,-7.77106,0.02072,0.71784,0.00000,-0.00000,0.69621,1.51992,-0.01318,0.00000
100980000000,-11.66796,-7.74068,0.02072,0.71827,0.00000,-0.00000,0.69577,1.52021,-0.01273,0.00000
101000000000,-11.66672,-7.71029,0.02072,0.71868,0.00000,-0.00000,0.69534,1.52095,-0.01228,0.00000
101020000000,-11.66546,-7.67990,0.02072,0.71908,0.00000,-0.00000,0.69493,1.52062,-0.01182,0.00000
101040000000,-11.66418,-7.64951,0.02072,0.71946,0.00000,-0.00000,0.69453,1.52081,-0.01136,0.00000
101060000000,-11.66287,-7.61913,0.02072,0.71983,0.00000,-0.00000,0.69415,1.52059,-0.01091,0.00000
101080000000,-11.66153,-7.58873,0.02072,0.72018,0.00000,-0.00000,0.69379,1.52116,-0.01045,0.00000
101100000000,-11.66018,-7.55834,0.02072,0.72052,0.00000,-0.00000,0.69344,1.52148,-0.00999,0.00000
101120000000,-11.65881,-7.52793,0.02072,0.72084,0.00000,-0.00000,0.69310,1.52145,-0.00952,0.00000
101140000000,-11.65742,-7.49753,0.02072,0.72114,0.00000,-0.00000,0.69279,1.52195,-0.00906,0.00000
101160000000,-11.65601,-7.46713,0.02072,0.72143,0.00000,-0.00000,0.69248,1.52170,-0.00858,0.00000
101180000000,-11.65459,-7.43673,0.02072,0.72171,0.00000,-0.00000,0.69220,1.52217,-0.00812,0.00000
101200000000,-11.65315,-7.40632,0.02072,0.72196,0.00000,-0.00000,0.69193,1.52190,-0.00764,0.00000
101220000000,-11.65170,-7.37591,0.02072,0.72221,0.00000,-0.00000,0.69168,1.52246,-0.00717,0.00000
101240000000,-11.65024,-7.34550,0.02072,0.72243,0.00000,-0.00000,0.69144,1.52205,-0.00670,0.00000
101260000000,-11.64877,-7.31509,0.02072,0.72264,0.00000,-0.00000,0.69122,1.52211,-0.00622,0.00000
101280000000,-11.64729,-7.28469,0.02072,0.72284,0.00000,-0.00000,0.69102,1.52239,-0.00576,0.00000
101300000000,-11.64580,-7.25428,0.02072,0.72302,0.00000,-0.00000,0.69083,1.52223,-0.00528,0.00000
101320000000,-11.64431,-7.22387,0.02072,0.72318,0.00000,-0.00000,0.69066,1.52221,-0.00481,0.00000
101340000000,-11.64282,-7.19346,0.02072,0.72333,0.00000,-0.00000,0.69051,1.52252,-0.00434,0.00000
101360000000,-11.64132,-7.16305,0.02072,0.72346,0.00000,-0.00000,0.69037,1.52222,-0.00387,0.00000
101380000000,-11.63982,-7.13264,0.02072,0.72358,0.00000,-0.00000,0.69025,1.52221,-0.00341,0.00000
101400000000,-11.63832,-7.10224,0.02072,0.72368,0.00000,-0.00000,0.69014,1.52216,-0.00295,0.00000
101420000000,-11.63682,-7.07183,0.02072,0.72376,0.00000,-0.00000,0.69005,1.52215,-0.00248,0.00000
101440000000,-11.63532,-7.04142,0.02072,0.72383,0.00000,-0.00000,0.68997,1.52242,-0.00202,0.00000
101460000000,-11.63383,-7.01101,0.02072,0.72389,0.00000,-0.00000,0.68992,1.52225,-0.00156,0.00000
101480000000,-11.63234,-6.98060,0.02072,0.72393,0.00000,-0.00000,0.68987,1.52196,-0.00110,0.00000
101500000000,-11.63086,-6.95020,0.02072,0.72395,0.00000,-0.00000,0.68985,1.52187,-0.00065,0.00000
101520000000,-11.62938,-6.91980,0.02072,0.72396,0.00000,-0.00000,0.68984,1.52166,-0.00021,0.00000
101540000000,-11.62792,-6.88940,0.02072,0.72396,0.00000,-0.00000,0.68984,1.52167,0.00024,0.00000
101560000000,-11.62646,-6.85901,0.02072,0.72394,0.00000,-0.00000,0.68986,1.52145,0.00068,0.00000
101580000000,-11.62502,-6.82861,0.02072,0.72391,0.00000,-0.00000,0.68990,1.52142,0.00111,0.00000
101600000000,-11.62358,-6.79822,0.02072,0.72386,0.00000,-0.00000,0.68995,1.52123,0.00154,0.00000
101620000000,-11.62216,-6.76783,0.02072,0.72380,0.00000,-0.00000,0.69001,1.52113,0.00197,0.00000
101640000000,-11.62076,-6.73744,0.02072,0.72372,0.00000,-0.00000,0.69009,1.52103,0.00240,0.00000
101660000000,-11.61937,-6.70706,0.02072,0.72363,0.00000,-0.00000,0.69018,1.52079,0.00282,0.00000
101680000000,-11.61800,-6.67668,0.02072,0.72353,0.00000,-0.00000,0.69029,1.52076,0.00323,0.00000
101700000000,-11.61665,-6.64630,0.02072,0.72341,0.00000,-0.00000,0.69042,1.52041,0.00364,0.00000
101720000000,-11.61531,-6.61592,0.02072,0.72328,0.00000,-0.00000,0.69055,1.52020,0.00404,0.00000
101740000000,-11.61400,-6.58555,0.02072,0.72314,0.00000,-0.00000,0.69070,1.52000,0.00444,0.00000
101760000000,-11.61271,-6.55518,0.02072,0.72298,0.00000,-0.00000,0.69087,1.51976,0.00483,0.00000
101780000000,-11.61144,-6.52481,0.02072,0.72281,0.00000,-0.00000,0.69104,1.51960,0.00521,0.00000
101800000000,-11.61019,-6.49445,0.02072,0.72263,0.00000,-0.00000,0.69123,1.51929,0.00559,0.00000
101820000000,-11.60897,-6.46409,0.02072,0.72244,0.00000,-0.00000,0.69144,1.51902,0.00597,0.00000
101840000000,-11.60777,-6.43374,0.02072,0.72223,0.00000,-0.00000,0.69165,1.51876,0.00633,0.00000
101860000000,-11.60660,-6.40339,0.02072,0.72201,0.00000,-0.00000,0.69188,1.51848,0.00669,0.00000
101880000000,-11.60546,-6.37305,0.02072,0.72178,0.00000,-0.00000,0.69212,1.51819,0.00704,0.00000
101900000000,-11.60434,-6.34271,0.02072,0.72154,0.00000,-0.00000,0.69238,1.51790,0.00739,0.00000
101920000000,-11.60325,-6.31237,0.02072,0.72128,0.00000,-0.00000,0.69264,1.51760,0.00772,0.00000
101940000000,-11.60220,-6.28204,0.02072,0.72102,0.00000,-0.00000,0.69292,1.51727,0.00805,0.00000
101960000000,-11.60117,-6.25172,0.02072,0.72074,0.00000,-0.00000,0.69320,1.51697,0.00837,0.00000
101980000000,-11.60017,-6.22140,0.02072,0.72046,0.00000,-0.00000,0.69350,1.51657,0.00869,0.00000
102000000000,-11.59921,-6.19109,0.02072,0.72016,0.00000,-0.00000,0.69381,1.51631,0.00899,0.00000
102020000000,-11.59828,-6.16078,0.02072,0.71985,0.00000,-0.00000,0.69413,1.51597,0.00929,0.00000
102040000000,-11.59738,-6.13048,0.02072,0.71954,0.00000,-0.00000,0.69446,1.51563,0.00958,0.00000
102060000000,-11.59652,-6.10019,0.02072,0.71921,0.00000,-0.00000,0.69479,1.51526,0.00986,0.00000
102080000000,-11.59569,-6.06990,0.02072,0.71887,0.00000,-0.00000,0.69514,1.51475,0.01013,0.00000
102100000000,-11.59489,-6.03962,0.02072,0.71853,0.00000,-0.00000,0.69550,1.51453,0.01040,0.00000
102120000000,-11.59413,-6.00934,0.02072,0.71818,0.00000,-0.00000,0.69586,1.51415,0.01065,0.00000
102140000000,-11.59341,-5.97907,0.02072,0.71781,0.00000,-0.00000,0.69624,1.51369,0.01090,0.00000
102160000000,-11.59273,-5.94881,0.02072,0.71744,0.00000,-0.00000,0.69662,1.51338,0.01114,0.00000
102180000000,-11.59208,-5.91856,0.02072,0.71707,0.00000,-0.00000,0.69701,1.51277,0.01137,0.00000
102200000000,-11.59147,-5.88831,0.02072,0.71668,0.00000,-0.00000,0.69740,1.51258,0.01159,0.00000
102220000000,-11.59090,-5.85807,0.02072,0.71629,0.00000,-0.00000,0.69781,1.51218,0.01180,0.00000
102240000000,-11.59036,-5.82784,0.02072,0.71589,0.00000,-0.00000,0.69822,1.51171,0.01200,0.00000
102260000000,-11.58987,-5.79761,0.02072,0.71548,0.00000,-0.00000,0.69863,1.51135,0.01219,0.00000
102280000000,-11.58941,-5.76739,0.02072,0.71507,0.00000,-0.00000,0.69906,1.51065,0.01237,0.00000
102300000000,-11.58900,-5.73719,0.02072,0.71465,0.00000,-0.00000,0.69948,1.51051,0.01255,0.00000
102320000000,-11.58862,-5.70698,0.02072,0.71422,0.00000,-0.00000,0.69992,1.51008,0.01271,0.00000
102340000000,-11.58829,-5.67679,0.02072,0.71379,0.00000,-0.00000,0.70036,1.50988,0.01288,0.00000
102360000000,-11.58800,-5.64660,0.02072,0.71335,0.00000,-0.00000,0.70080,1.50921,0.01302,0.00000
102380000000,-11.58774,-5.61642,0.02072,0.71291,0.00000,-0.00000,0.70125,1.50876,0.01316,0.00000
102400000000,-11.58753,-5.58625,0.02072,0.71247,0.00000,-0.00000,0.70171,1.50832,0.01329,0.00000
102420000000,-11.58736,-5.55615,0.02072,0.71202,0.00000,-0.00000,0.70216,1.50246,0.01314,0.00000
102440000000,-11.58721,-5.52616,0.02072,0.71159,0.00000,-0.00000,0.70260,1.49941,0.01281,0.00000
102460000000,-11.58711,-5.49618,0.02072,0.71116,0.00000,-0.00000,0.70303,1.49913,0.01275,0.00000
102480000000,-11.58704,-5.46620,0.02072,0.71073,0.00000,-0.00000,0.70346,1.49875,0.01269,0.00000
102500000000,-11.58700,-5.43623,0.02072,0.71030,0.00000,-0.00000,0.70389,1.49850,0.01262,0.00000
102520000000,-11.58700,-5.40627,0.02072,0.70988,0.00000,-0.00000,0.70432,1.49783,0.01254,0.00000
102540000000,-11.58703,-5.37631,0.02072,0.70946,0.00000,-0.00000,0.70475,1.49775,0.01246,0.00000
102560000000,-11.58710,-5.34636,0.02072,0.70904,0.00000,-0.00000,0.70517,1.49760,0.01237,0.00000
102580000000,-11.58720,-5.31641,0.02072,0.70862,0.00000,-0.00000,0.70559,1.49692,0.01227,0.00000
102600000000,-11.58733,-5.28647,0.02072,0.70821,0.00000,-0.00000,0.70600,1.49700,0.01217,0.00000
102620000000,-11.58750,-5.25654,0.02072,0.70780,0.00000,-0.00000,0.70641,1.49671,0.01207,0.00000
102640000000,-11.58770,-5.22660,0.02072,0.70739,0.00000,-0.00000,0.70682,1.49679,0.01197,0.00000
102660000000,-11.58793,-5.19668,0.02072,0.70699,0.00000,-0.00000,0.70722,1.49612,0.01186,0.00000
102680000000,-11.58819,-5.16675,0.02072,0.70659,0.00000,-0.00000,0.70762,1.49622,0.01175,0.00000
102700000000,-11.58849,-5.13684,0.02072,0.70620,0.00000,-0.00000,0.70802,1.49555,0.01163,0.00000
102720000000,-11.58881,-5.10693,0.02072,0.70581,0.00000,-0.00000,0.70840,1.49552,0.01151,0.00000
102740000000,-11.58917,-5.07703,0.02072,0.70542,0.00000,-0.00000,0.70879,1.49499,0.01138,0.00000
102760000000,-11.58955,-5.04714,0.02072,0.70504,0.00000,-0.00000,0.70917,1.49434,0.01125,0.00000
102780000000,-11.58997,-5.01726,0.02072,0.70466,0.00000,-0.00000,0.70954,1.49438,0.01111,0.00000
102800000000,-11.59041,-4.98738,0.02072,0.70429,0.00000,-0.00000,0.70991,1.49420,0.01097,0.00000
102820000000,-11.59088,-4.95750,0.02072,0.70393,0.00000,-0.00000,0.71027,1.49355,0.01082,0.00000
102840000000,-11.59138,-4.92763,0.02072,0.70357,0.00000,-0.00000,0.71063,1.49361,0.01066,0.00000
102860000000,-11.59190,-4.89777,0.02072,0.70321,0.00000,-0.00000,0.71098,1.49344,0.01051,0.00000
102880000000,-11.59245,-4.86791,0.02072,0.70287,0.00000,-0.00000,0.71132,1.49337,0.01035,0.00000
102900000000,-11.59303,-4.83805,0.02072,0.70252,0.00000,-0.00000,0.71166,1.49296,0.01019,0.00000
102920000000,-11.59363,-4.80820,0.02072,0.70219,0.00000,-0.00000,0.71199,1.49274,0.01002,0.00000
102940000000,-11.59426,-4.77836,0.02072,0.70186,0.00000,-0.00000,0.71232,1.49249,0.00985,0.00000
102960000000,-11.59491,-4.74852,0.02072,0.70154,0.00000,-0.00000,0.71263,1.49214,0.00968,0.00000
102980000000,-11.59558,-4.71868,0.02072,0.70122,0.00000,-0.00000,0.71294,1.49218,0.00950,0.00000
103000000000,-11.59628,-4.68885,0.02072,0.70091,0.00000,-0.00000,0.71325,1.49145,0.00932,0.00000
103020000000,-11.59699,-4.65903,0.02072,0.70061,0.00000,-0.00000,0.71354,1.49162,0.00913,0.00000
103040000000,-11.59773,-4.62921,0.02072,0.70032,0.00000,-0.00000,0.71383,1.49142,0.00894,0.00000
103060000000,-11.59849,-4.59939,0.02072,0.70003,0.00000,-0.00000,0.71412,1.49160,0.00874,0.00000
103080000000,-11.59927,-4.56958,0.02072,0.69975,0.00000,-0.00000,0.71439,1.49103,0.00855,0.00000
103100000000,-11.60007,-4.53977,0.02072,0.69947,0.00000,-0.00000,0.71466,1.49085,0.00835,0.00000
103120000000,-11.60088,-4.50996,0.02072,0.69921,0.00000,-0.00000,0.71492,1.49066,0.00815,0.00000
103140000000,-11.60172,-4.48017,0.02072,0.69895,0.00000,-0.00000,0.71517,1.49021,0.00794,0.00000
103160000000,-11.60257,-4.45037,0.02072,0.69870,0.00000,-0.00000,0.71541,1.49032,0.00773,0.00000
103180000000,-11.60343,-4.42058,0.02072,0.69846,0.00000,-0.00000,0.71565,1.48981,0.00752,0.00000
103200000000,-11.60431,-4.39080,0.02072,0.69823,0.00000,-0.00000,0.71588,1.49001,0.00729,0.00000
103220000000,-11.60521,-4.36101,0.02072,0.69800,0.00000,-0.00000,0.71610,1.48986,0.00707,0.00000
103240000000,-11.60612,-4.33123,0.02072,0.69778,0.00000,-0.00000,0.71631,1.48992,0.00685,0.00000
103260000000,-11.60704,-4.30145,0.02072,0.69757,0.00000,-0.00000,0.71651,1.48957,0.00663,0.00000
103280000000,-11.60798,-4.27168,0.02072,0.69737,0.00000,-0.00000,0.71671,1.48918,0.00641,0.00000
103300000000,-11.60893,-4.24191,0.02072,0.69718,0.00000,-0.00000,0.71689,1.48932,0.00618,0.00000
103320000000,-11.60989,-4.21214,0.02072,0.69700,0.00000,-0.00000,0.71707,1.48889,0.00595,0.00000
103340000000,-11.61085,-4.18237,0.02072,0.69682,0.00000,-0.00000,0.71724,1.48909,0.00571,0.00000
103360000000,-11.61183,-4.15261,0.02072,0.69666,0.00000,-0.00000,0.71741,1.48899,0.00547,0.00000
103380000000,-11.61282,-4.12285,0.02072,0.69650,0.00000,-0.00000,0.71756,1.48877,0.00524,0.00000
103400000000,-11.61381,-4.09309,0.02072,0.69635,0.00000,-0.00000,0.71770,1.48880,0.00500,0.00000
103420000000,-11.61481,-4.06334,0.02072,0.69621,0.00000,-0.00000,0.71784,1.48843,0.00476,0.00000
103440000000,-11.61582,-4.03359,0.02072,0.69608,0.00000,-0.00000,0.71797,1.48844,0.00452,0.00000
103460000000,-11.61684,-4.00383,0.02072,0.69595,0.00000,-0.00000,0.71809,1.48857,0.00427,0.00000
103480000000,-11.61785,-3.97408,0.02072,0.69584,0.00000,-0.00000,0.71820,1.48823,0.00403,0.00000
103500000000,-11.61888,-3.94433,0.02072,0.69573,0.00000,-0.00000,0.71830,1.48844,0.00378,0.00000
103520000000,-11.61990,-3.91458,0.02072,0.69563,0.00000,-0.00000,0.71840,1.48839,0.00354,0.00000
103540000000,-11.62093,-3.88483,0.02072,0.69555,0.00000,-0.00000,0.71848,1.48860,0.00329,0.00000
103560000000,-11.62196,-3.85508,0.02072,0.69547,0.00000,-0.00000,0.71856,1.48830,0.00305,0.00000
103580000000,-11.62300,-3.82533,0.02072,0.69539,0.00000,-0.00000,0.71863,1.48836,0.00280,0.00000
103600000000,-11.62403,-3.79558,0.02072,0.69533,0.00000,-0.00000,0.71869,1.48824,0.00256,0.00000
103620000000,-11.62506,-3.76584,0.02072,0.69528,0.00000,-0.00000,0.71874,1.48800,0.00232,0.00000
103640000000,-11.62609,-3.73609,0.02072,0.69523,0.00000,-0.00000,0.71879,1.48821,0.00206,0.00000
103660000000,-11.62713,-3.70635,0.02072,0.69519,0.00000,-0.00000,0.71882,1.48820,0.00182,0.00000
103680000000,-11.62815,-3.67660,0.02072,0.69516,0.00000,-0.00000,0.71885,1.48828,0.00157,0.00000
103700000000,-11.62918,-3.64685,0.02072,0.69514,0.00000,-0.00000,0.71887,1.48820,0.00133,0.00000
103720000000,-11.63020,-3.61711,0.02072,0.69513,0.00000,-0.00000,0.71888,1.48803,0.00109,0.00000
103740000000,-11.63122,-3.58736,0.02072,0.69513,0.00000,-0.00000,0.71888,1.48824,0.00083,0.00000
103760000000,-11.63223,-3.55761,0.02072,0.69513,0.00000,-0.00000,0.71888,1.48826,0.00059,0.00000
103780000000,-11.63324,-3.52786,0.02072,0.69515,0.00000,-0.00000,0.71887,1.48842,0.00034,0.00000
103800000000,-11.63424,-3.49812,0.02072,0.69517,0.00000,-0.00000,0.71885,1.48833,0.00011,0.00000
103820000000,-11.63523,-3.46836,0.02072,0.69520,0.00000,-0.00000,0.71882,1.48826,-0.00013,0.00000
103840000000,-11.63622,-3.43861,0.02072,0.69523,0.00000,-0.00000,0.71878,1.48842,-0.00037,0.00000
103860000000,-11.63720,-3.40886,0.02072,0.69528,0.00000,-0.00000,0.71874,1.48848,-0.00061,0.00000
103880000000,-11.63817,-3.37910,0.02072,0.69533,0.00000,-0.00000,0.71869,1.48861,-0.00085,0.00000
103900000000,-11.63913,-3.34935,0.02072,0.69539,0.00000,-0.00000,0.71863,1.48861,-0.00108,0.00000
103920000000,-11.64008,-3.31959,0.02072,0.69546,0.00000,-0.00000,0.71856,1.48875,-0.00132,0.00000
103940000000,-11.64102,-3.28983,0.02072,0.69554,0.00000,-0.00000,0.71849,1.48876,-0.00154,0.00000
103960000000,-11.64195,-3.26007,0.02072,0.69562,0.00000,-0.00000,0.71841,1.48881,-0.00177,0.00000
103980000000,-11.64286,-3.23030,0.02072,0.69571,0.00000,-0.00000,0.71832,1.48893,-0.00200,0.00000
104000000000,-11.64377,-3.20054,0.02072,0.69581,0.00000,-0.00000,0.71823,1.48903,-0.00222,0.00000
104020000000,-11.64466,-3.17077,0.02072,0.69591,0.00000,-0.00000,0.71813,1.48916,-0.00245,0.00000
104040000000,-11.64554,-3.14100,0.02072,0.69603,0.00000,-0.00000,0.71802,1.48924,-0.00266,0.00000
104060000000,-11.64640,-3.11122,0.02072,0.69614,0.00000,-0.00000,0.71790,1.48934,-0.00288,0.00000
104080000000,-11.64725,-3.08145,0.02072,0.69627,0.00000,-0.00000,0.71778,1.48947,-0.00309,0.00000
104100000000,-11.64809,-3.05167,0.02072,0.69640,0.00000,-0.00000,0.71765,1.48957,-0.00330,0.00000
104120000000,-11.64891,-3.02188,0.02072,0.69654,0.00000,-0.00000,0.71752,1.48973,-0.00351,0.00000
104140000000,-11.64971,-2.99210,0.02072,0.69669,0.00000,-0.00000,0.71738,1.48986,-0.00372,0.00000
104160000000,-11.65050,-2.96231,0.02072,0.69684,0.00000,-0.00000,0.71723,1.49001,-0.00392,0.00000
104180000000,-11.65127,-2.93252,0.02072,0.69700,0.00000,-0.00000,0.71707,1.49015,-0.00412,0.00000
104200000000,-11.65203,-2.90272,0.02072,0.69716,0.00000,-0.00000,0.71691,1.49030,-0.00431,0.00000
104220000000,-11.65276,-2.87292,0.02072,0.69733,0.00000,-0.00000,0.71675,1.49045,-0.00450,0.00000
104240000000,-11.65348,-2.84312,0.02072,0.69751,0.00000,-0.00000,0.71658,1.49063,-0.00469,0.00000
104260000000,-11.65418,-2.81331,0.02072,0.69769,0.00000,-0.00000,0.71640,1.49078,-0.00487,0.00000
104280000000,-11.65486,-2.78350,0.02072,0.69787,0.00000,-0.00000,0.71622,1.49099,-0.00505,0.00000
104300000000,-11.65552,-2.75369,0.02072,0.69807,0.00000,-0.00000,0.71603,1.49112,-0.00522,0.00000
104320000000,-11.65617,-2.72387,0.02072,0.69826,0.00000,-0.00000,0.71584,1.49130,-0.00539,0.00000
104340000000,-11.65679,-2.69405,0.02072,0.69847,0.00000,-0.00000,0.71564,1.49142,-0.00556,0.00000
104360000000,-11.65739,-2.66422,0.02072,0.69867,0.00000,-0.00000,0.71544,1.49166,-0.00572,0.00000
104380000000,-11.65797,-2.63439,0.02072,0.69889,0.00000,-0.00000,0.71523,1.49183,-0.00588,0.00000
104400000000,-11.65853,-2.60455,0.02072,0.69910,0.00000,-0.00000,0.71502,1.49205,-0.00603,0.00000
104420000000,-11.65907,-2.57471,0.02072,0.69932,0.00000,-0.00000,0.71481,1.49234,-0.00618,0.00000
104440000000,-11.65959,-2.54487,0.02072,0.69955,0.00000,-0.00000,0.71459,1.49245,-0.00632,0.00000
104460000000,-11.66008,-2.51502,0.02072,0.69978,0.00000,-0.00000,0.71436,1.49265,-0.00646,0.00000
104480000000,-11.66056,-2.48517,0.02072,0.70001,0.00000,-0.00000,0.71413,1.49289,-0.00660,0.00000
104500000000,-11.66101,-2.45531,0.02072,0.70025,0.00000,-0.00000,0.71390,1.49307,-0.00673,0.00000
104520000000,-11.66144,-2.42545,0.02072,0.70049,0.00000,-0.00000,0.71366,1.49342,-0.00685,0.00000
104540000000,-11.66185,-2.39558,0.02072,0.70073,0.00000,-0.00000,0.71342,1.49369,-0.00697,0.00000
104560000000,-11.66223,-2.36558,0.02072,0.70097,0.00000,-0.00000,0.71319,1.50195,-0.00701,0.00000
104580000000,-11.66260,-2.33554,0.02072,0.70121,0.00000,-0.00000,0.71296,1.50216,-0.00695,0.00000
104600000000,-11.66295,-2.30550,0.02072,0.70144,0.00000,-0.00000,0.71273,1.50219,-0.00689,0.00000
104620000000,-11.66329,-2.27545,0.02072,0.70167,0.00000,-0.00000,0.71250,1.50243,-0.00682,0.00000
104640000000,-11.66360,-2.24541,0.02072,0.70190,0.00000,-0.00000,0.71228,1.50239,-0.00675,0.00000
104660000000,-11.66390,-2.21536,0.02072,0.70212,0.00000,-0.00000,0.71206,1.50247,-0.00668,0.00000
104680000000,-11.66418,-2.18531,0.02072,0.70235,0.00000,-0.00000,0.71184,1.50271,-0.00661,0.00000
104700000000,-11.66444,-2.15526,0.02072,0.70257,0.00000,-0.00000,0.71162,1.50265,-0.00653,0.00000
104720000000,-11.66469,-2.12520,0.02072,0.70278,0.00000,-0.00000,0.71140,1.50274,-0.00646,0.00000
104740000000,-11.66492,-2.09515,0.02072,0.70300,0.00000,-0.00000,0.71119,1.50268,-0.00638,0.00000
104760000000,-11.66513,-2.06509,0.02072,0.70321,0.00000,-0.00000,0.71098,1.50292,-0.00630,0.00000
104780000000,-11.66532,-2.03503,0.02072,0.70342,0.00000,-0.00000,0.71077,1.50292,-0.00622,0.00000
104800000000,-11.66550,-2.00497,0.02072,0.70363,0.00000,-0.00000,0.71057,1.50310,-0.00614,0.00000
104820000000,-11.66567,-1.97491,0.02072,0.70383,0.00000,-0.00000,0.71036,1.50325,-0.00606,0.00000
104840000000,-11.66582,-1.94484,0.02072,0.70404,0.00000,-0.00000,0.71017,1.50327,-0.00597,0.00000
104860000000,-11.66595,-1.91478,0.02072,0.70423,0.00000,-0.00000,0.70997,1.50335,-0.00589,0.00000
104880000000,-11.66607,-1.88471,0.02072,0.70443,0.00000,-0.00000,0.70977,1.50338,-0.00580,0.00000
104900000000,-11.66617,-1.85464,0.02072,0.70462,0.00000,-0.00000,0.70958,1.50352,-0.00571,0.00000
104920000000,-11.66626,-1.82457,0.02072,0.70481,0.00000,-0.00000,0.70939,1.50370,-0.00562,0.00000
104940000000,-11.66634,-1.79449,0.02072,0.70500,0.00000,-0.00000,0.70921,1.50368,-0.00553,0.00000
104960000000,-11.66640,-1.76442,0.02072,0.70518,0.00000,-0.00000,0.70902,1.50376,-0.00543,0.00000
104980000000,-11.66645,-1.73434,0.02072,0.70536,0.00000,-0.00000,0.70884,1.50387,-0.00534,0.00000
105000000000,-11.66648,-1.70426,0.02072,0.70554,0.00000,-0.00000,0.70867,1.50392,-0.00524,0.00000
105020000000,-11.66651,-1.67417,0.02072,0.70572,0.00000,-0.00000,0.70849,1.50434,-0.00514,0.00000
105040000000,-11.66651,-1.64409,0.02072,0.70589,0.00000,-0.00000,0.70832,1.50426,-0.00504,0.00000
105060000000,-11.66651,-1.61400,0.02072,0.70605,0.00000,-0.00000,0.70816,1.50417,-0.00494,0.00000
105080000000,-11.66650,-1.58392,0.02072,0.70622,0.00000,-0.00000,0.70799,1.50434,-0.00484,0.00000
105100000000,-11.66647,-1.55383,0.02072,0.70638,0.00000,-0.00000,0.70783,1.50426,-0.00473,0.00000
105120000000,-11.66643,-1.52375,0.02072,0.70654,0.00000,-0.00000,0.70768,1.50433,-0.00463,0.00000
105140000000,-11.66638,-1.49366,0.02072,0.70669,0.00000,-0.00000,0.70752,1.50424,-0.00453,0.00000
105160000000,-11.66632,-1.46357,0.02072,0.70684,0.00000,-0.00000,0.70737,1.50445,-0.00443,0.00000
105180000000,-11.66625,-1.43349,0.02072,0.70699,0.00000,-0.00000,0.70722,1.50449,-0.00432,0.00000
105200000000,-11.66617,-1.40339,0.02072,0.70713,0.00000,-0.00000,0.70708,1.50457,-0.00421,0.00000
105220000000,-11.66608,-1.37330,0.02072,0.70727,0.00000,-0.00000,0.70694,1.50477,-0.00411,0.00000
105240000000,-11.66598,-1.34321,0.02072,0.70741,0.00000,-0.00000,0.70680,1.50468,-0.00400,0.00000
105260000000,-11.66587,-1.31311,0.02072,0.70754,0.00000,-0.00000,0.70667,1.50473,-0.00390,0.00000
105280000000,-11.66575,-1.28302,0.02072,0.70767,0.00000,-0.00000,0.70654,1.50470,-0.00379,0.00000
105300000000,-11.66562,-1.25292,0.02072,0.70780,0.00000,-0.00000,0.70642,1.50483,-0.00368,0.00000
105320000000,-11.66548,-1.22283,0.02072,0.70792,0.00000,-0.00000,0.70629,1.50479,-0.00358,0.00000
105340000000,-11.66534,-1.19273,0.02072,0.70804,0.00000,-0.00000,0.70617,1.50491,-0.00347,0.00000
105360000000,-11.66519,-1.16263,0.02072,0.70815,0.00000,-0.00000,0.70606,1.50508,-0.00336,0.00000
105380000000,-11.66503,-1.13253,0.02072,0.70826,0.00000,-0.00000,0.70595,1.50499,-0.00325,0.00000
105400000000,-11.66486,-1.10243,0.02072,0.70837,0.00000,-0.00000,0.70584,1.50502,-0.00314,0.00000
105420000000,-11.66469,-1.07233,0.02072,0.70847,0.00000,-0.00000,0.70574,1.50500,-0.00303,0.00000
105440000000,-11.66451,-1.04223,0.02072,0.70857,0.00000,-0.00000,0.70564,1.50509,-0.00292,0.00000
105460000000,-11.66432,-1.01212,0.02072,0.70867,0.00000,-0.00000,0.70554,1.50523,-0.00281,0.00000
105480000000,-11.66413,-0.98202,0.02072,0.70876,0.00000,-0.00000,0.70545,1.50517,-0.00269,0.00000
105500000000,-11.66393,-0.95192,0.02072,0.70885,0.00000,-0.00000,0.70536,1.50516,-0.00258,0.00000
105520000000,-11.66373,-0.92181,0.02072,0.70893,0.00000,-0.00000,0.70527,1.50529,-0.00247,0.00000
105540000000,-11.66352,-0.89171,0.02072,0.70902,0.00000,-0.00000,0.70519,1.50529,-0.00236,0.00000
105560000000,-11.66331,-0.86160,0.02072,0.70909,0.00000,-0.00000,0.70512,1.50521,-0.00225,0.00000
105580000000,-11.66309,-0.83150,0.02072,0.70917,0.00000,-0.00000,0.70504,1.50522,-0.00213,0.00000
105600000000,-11.66288,-0.80140,0.02072,0.70923,0.00000,-0.00000,0.70497,1.50525,-0.00202,0.00000
105620000000,-11.66265,-0.77129,0.02072,0.70930,0.00000,-0.00000,0.70491,1.50524,-0.00191,0.00000
105640000000,-11.66243,-0.74119,0.02072,0.70936,0.00000,-0.00000,0.70484,1.50534,-0.00180,0.00000
105660000000,-11.66220,-0.71108,0.02072,0.70942,0.00000,-0.00000,0.70479,1.50525,-0.00169,0.00000
105680000000,-11.66196,-0.68098,0.02072,0.70947,0.00000,-0.00000,0.70473,1.50525,-0.00158,0.00000
105700000000,-11.66173,-0.65088,0.02072,0.70953,0.00000,-0.00000,0.70468,1.50519,-0.00147,0.00000
105720000000,-11.66149,-0.62077,0.02072,0.70957,0.00000,-0.00000,0.70463,1.50524,-0.00136,0.00000
105740000000,-11.66126,-0.59067,0.02072,0.70962,0.00000,-0.00000,0.70459,1.50531,-0.00125,0.00000
105760000000,-11.66102,-0.56056,0.02072,0.70965,0.00000,-0.00000,0.70455,1.50522,-0.00114,0.00000
105780000000,-11.66078,-0.53046,0.02072,0.70969,0.00000,-0.00000,0.70451,1.50521,-0.00103,0.00000
105800000000,-11.66054,-0.50036,0.02072,0.70972,0.00000,-0.00000,0.70448,1.50518,-0.00093,0.00000
105820000000,-11.66029,-0.47025,0.02072,0.70975,0.00000,-0.00000,0.70445,1.50518,-0.00082,0.00000
105840000000,-11.66005,-0.44015,0.02072,0.70978,0.00000,-0.00000,0.70443,1.50514,-0.00072,0.00000
105860000000,-11.65981,-0.41005,0.02072,0.70980,0.00000,-0.00000,0.70440,1.50513,-0.00061,0.00000
105880000000,-11.65957,-0.37995,0.02072,0.70982,0.00000,-0.00000,0.70439,1.50517,-0.00051,0.00000
105900000000,-11.65933,-0.34985,0.02072,0.70983,0.00000,-0.00000,0.70437,1.50510,-0.00040,0.00000
105920000000,-11.65909,-0.31975,0.02072,0.70984,0.00000,-0.00000,0.70436,1.50505,-0.00030,0.00000
105940000000,-11.65885,-0.28965,0.02072,0.70985,0.00000,-0.00000,0.70435,1.50505,-0.00020,0.00000
105960000000,-11.65862,-0.25955,0.02072,0.70985,0.00000,-0.00000,0.70435,1.50498,-0.00010,0.00000
105980000000,-11.65838,-0.22945,0.02072,0.70985,0.00000,-0.00000,0.70435,1.50495,0.00000,0.00000
106000000000,-11.65815,-0.19935,0.02072,0.70985,0.00000,-0.00000,0.70435,1.50486,0.00010,0.00000
106020000000,-11.65792,-0.16926,0.02072,0.70985,0.00000,-0.00000,0.70436,1.50486,0.00020,0.00000
106040000000,-11.65769,-0.13916,0.02072,0.70984,0.00000,-0.00000,0.70437,1.50482,0.00029,0.00000
106060000000,-11.65746,-0.10906,0.02072,0.70982,0.00000,-0.00000,0.70438,1.50477,0.00039,0.00000
106080000000,-11.65724,-0.07897,0.02072,0.70981,0.00000,-0.00000,0.70439,1.50475,0.00048,0.00000
106100000000,-11.65702,-0.04888,0.02072,0.70979,0.00000,-0.00000,0.70441,1.50467,0.00057,0.00000
106120000000,-11.65681,-0.01879,0.02072,0.70977,0.00000,-0.00000,0.70443,1.50462,0.00066,0.00000
106140000000,-11.65660,0.01131,0.02072,0.70974,0.00000,-0.00000,0.70446,1.50455,0.00075,0.00000
106160000000,-11.65639,0.04140,0.02072,0.70972,0.00000,-0.00000,0.70449,1.50451,0.00084,0.00000
106180000000,-11.65619,0.07148,0.02072,0.70969,0.00000,-0.00000,0.70452,1.50445,0.00093,0.00000
106200000000,-11.65599,0.10157,0.02072,0.70965,0.00000,-0.00000,0.70455,1.50439,0.00101,0.00000
106220000000,-11.65579,0.13166,0.02072,0.70962,0.00000,-0.00000,0.70459,1.50433,0.00110,0.00000
106240000000,-11.65561,0.16174,0.02072,0.70958,0.00000,-0.00000,0.70463,1.50426,0.00118,0.00000
106260000000,-11.65542,0.19183,0.02072,0.70953,0.00000,-0.00000,0.70467,1.50419,0.00126,0.00000
106280000000,-11.65524,0.22191,0.02072,0.70949,0.00000,-0.00000,0.70472,1.50412,0.00134,0.00000
106300000000,-11.65507,0.25199,0.02072,0.70944,0.00000,-0.00000,0.70476,1.50405,0.00142,0.00000
106320000000,-11.65490,0.28207,0.02072,0.70939,0.00000,-0.00000,0.70481,1.50398,0.00149,0.00000
106340000000,-11.65474,0.31215,0.02072,0.70934,0.00000,-0.00000,0.70487,1.50391,0.00157,0.00000
106360000000,-11.65459,0.34222,0.02072,0.70929,0.00000,-0.00000,0.70492,1.50383,0.00164,0.00000
106380000000,-11.65444,0.37230,0.02072,0.70923,0.00000,-0.00000,0.70498,1.50375,0.00171,0.00000
106400000000,-11.65429,0.40237,0.02072,0.70917,0.00000,-0.00000,0.70504,1.50367,0.00178,0.00000
106420000000,-11.65416,0.43244,0.02072,0.70911,0.00000,-0.00000,0.70510,1.50357,0.00185,0.00000
106440000000,-11.65403,0.46251,0.02072,0.70904,0.00000,-0.00000,0.70517,1.50350,0.00191,0.00000
106460000000,-11.65391,0.49258,0.02072,0.70898,0.00000,-0.00000,0.70523,1.50342,0.00197,0.00000
106480000000,-11.65379,0.52265,0.02072,0.70891,0.00000,-0.00000,0.70530,1.50333,0.00203,0.00000
106500000000,-11.65368,0.55271,0.02072,0.70884,0.00000,-0.00000,0.70537,1.50325,0.00209,0.00000
106520000000,-11.65358,0.58278,0.02072,0.70877,0.00000,-0.00000,0.70544,1.50312,0.00215,0.00000
106540000000,-11.65349,0.61284,0.02072,0.70869,0.00000,-0.00000,0.70552,1.50306,0.00221,0.00000
106560000000,-11.65340,0.64290,0.02072,0.70862,0.00000,-0.00000,0.70559,1.50298,0.00226,0.00000
106580000000,-11.65332,0.67296,0.02072,0.70854,0.00000,-0.00000,0.70567,1.50285,0.00231,0.00000
106600000000,-11.65325,0.70301,0.02072,0.70846,0.00000,-0.00000,0.70575,1.50279,0.00236,0.00000
106620000000,-11.65318,0.73307,0.02072,0.70838,0.00000,-0.00000,0.70583,1.50270,0.00241,0.00000
106640000000,-11.65313,0.76312,0.02072,0.70830,0.00000,-0.00000,0.70592,1.50266,0.00245,0.00000
106660000000,-11.65308,0.79317,0.02072,0.70821,0.00000,-0.00000,0.70600,1.50251,0.00250,0.00000
106680000000,-11.65304,0.82322,0.02072,0.70813,0.00000,-0.00000,0.70609,1.50247,0.00254,0.00000
106700000000,-11.65301,0.85327,0.02072,0.70804,0.00000,-0.00000,0.70617,1.50231,0.00258,0.00000
106720000000,-11.65299,0.88331,0.02072,0.70795,0.00000,-0.00000,0.70626,1.50222,0.00261,0.00000
106740000000,-11.65297,0.91336,0.02072,0.70786,0.00000,-0.00000,0.70635,1.50211,0.00265,0.00000
106760000000,-11.65297,0.94340,0.02072,0.70777,0.00000,-0.00000,0.70644,1.50193,0.00268,0.00000
106780000000,-11.65297,0.97343,0.02072,0.70768,0.00000,-0.00000,0.70653,1.50191,0.00271,0.00000
106800000000,-11.65298,1.00347,0.02072,0.70759,0.00000,-0.00000,0.70663,1.50181,0.00274,0.00000
106820000000,-11.65300,1.03351,0.02072,0.70749,0.00000,-0.00000,0.70672,1.50174,0.00277,0.00000
106840000000,-11.65302,1.06354,0.02072,0.70740,0.00000,-0.00000,0.70682,1.50160,0.00279,0.00000
106860000000,-11.65306,1.09357,0.02072,0.70730,0.00000,-0.00000,0.70691,1.50141,0.00281,0.00000
106880000000,-11.65310,1.12360,0.02072,0.70721,0.00000,-0.00000,0.70701,1.50139,0.00283,0.00000
106900000000,-11.65316,1.15362,0.02072,0.70711,0.00000,-0.00000,0.70710,1.50129,0.00285,0.00000
106920000000,-11.65322,1.18365,0.02072,0.70701,0.00000,-0.00000,0.70720,1.50110,0.00286,0.00000
106940000000,-11.65329,1.21367,0.02072,0.70692,0.00000,-0.00000,0.70730,1.50109,0.00288,0.00000
106960000000,-11.65337,1.24369,0.02072,0.70682,0.00000,-0.00000,0.70740,1.50098,0.00289,0.00000
106980000000,-11.65345,1.27371,0.02072,0.70672,0.00000,-0.00000,0.70749,1.50084,0.00290,0.00000
107000000000,-11.65355,1.30372,0.02072,0.70662,0.00000,-0.00000,0.70759,1.50078,0.00290,0.00000
107020000000,-11.65365,1.33373,0.02072,0.70652,0.00000,-0.00000,0.70769,1.50057,0.00291,0.00000
107040000000,-11.65376,1.36374,0.02072,0.70642,0.00000,-0.00000,0.70779,1.50053,0.00291,0.00000
107060000000,-11.65388,1.39375,0.02072,0.70632,0.00000,-0.00000,0.70789,1.50047,0.00291,0.00000
107080000000,-11.65401,1.42376,0.02072,0.70623,0.00000,-0.00000,0.70799,1.50028,0.00288,0.00000
107100000000,-11.65415,1.45377,0.02072,0.70613,0.00000,-0.00000,0.70808,1.50029,0.00288,0.00000
107120000000,-11.65429,1.48377,0.02072,0.70603,0.00000,-0.00000,0.70818,1.50018,0.00288,0.00000
107140000000,-11.65445,1.51377,0.02072,0.70593,0.00000,-0.00000,0.70828,1.50019,0.00287,0.00000
107160000000,-11.65461,1.54377,0.02072,0.70584,0.00000,-0.00000,0.70838,1.49998,0.00286,0.00000
107180000000,-11.65478,1.57377,0.02072,0.70574,0.00000,-0.00000,0.70847,1.49981,0.00285,0.00000
107200000000,-11.65495,1.60377,0.02072,0.70564,0.00000,-0.00000,0.70857,1.49978,0.00284,0.00000
107220000000,-11.65514,1.63376,0.02072,0.70555,0.00000,-0.00000,0.70866,1.49957,0.00283,0.00000
107240000000,-11.65533,1.66375,0.02072,0.70545,0.00000,-0.00000,0.70876,1.49955,0.00281,0.00000
107260000000,-11.65553,1.69374,0.02072,0.70536,0.00000,-0.00000,0.70885,1.49949,0.00279,0.00000
107280000000,-11.65574,1.72372,0.02072,0.70526,0.00000,-0.00000,0.70895,1.49928,0.00277,0.00000
107300000000,-11.65596,1.75371,0.02072,0.70517,0.00000,-0.00000,0.70904,1.49930,0.00275,0.00000
107320000000,-11.65618,1.78369,0.02072,0.70508,0.00000,-0.00000,0.70913,1.49920,0.00273,0.00000
107340000000,-11.65641,1.81368,0.02072,0.70499,0.00000,-0.00000,0.70922,1.49918,0.00270,0.00000
107360000000,-11.65665,1.84365,0.02072,0.70489,0.00000,-0.00000,0.70931,1.49901,0.00267,0.00000
107380000000,-11.65689,1.87363,0.02072,0.70481,0.00000,-0.00000,0.70940,1.49883,0.00265,0.00000
107400000000,-11.65714,1.90361,0.02072,0.70472,0.00000,-0.00000,0.70949,1.49882,0.00262,0.00000
107420000000,-11.65740,1.93358,0.02072,0.70463,0.00000,-0.00000,0.70958,1.49874,0.00258,0.00000
107440000000,-11.65766,1.96355,0.02072,0.70454,0.00000,-0.00000,0.70966,1.49854,0.00255,0.00000
107460000000,-11.65794,1.99352,0.02072,0.70446,0.00000,-0.00000,0.70975,1.49856,0.00251,0.00000
107480000000,-11.65821,2.02349,0.02072,0.70437,0.00000,-0.00000,0.70983,1.49849,0.00248,0.00000
107500000000,-11.65850,2.05346,0.02072,0.70429,0.00000,-0.00000,0.70991,1.49828,0.00244,0.00000
107520000000,-11.65879,2.08342,0.02072,0.70421,0.00000,-0.00000,0.70999,1.49830,0.00240,0.00000
107540000000,-11.65908,2.11338,0.02072,0.70413,0.00000,-0.00000,0.71007,1.49824,0.00236,0.00000
107560000000,-11.65938,2.14335,0.02072,0.70405,0.00000,-0.00000,0.71015,1.49808,0.00232,0.00000
107580000000,-11.65969,2.17331,0.02072,0.70398,0.00000,-0.00000,0.71022,1.49810,0.00227,0.00000
107600000000,-11.66000,2.20327,0.02072,0.70390,0.00000,-0.00000,0.71030,1.49814,0.00223,0.00000
107620000000,-11.66032,2.23323,0.02072,0.70383,0.00000,-0.00000,0.71037,1.49818,0.00218,0.00000
107640000000,-11.66064,2.26319,0.02072,0.70376,0.00000,-0.00000,0.71044,1.49773,0.00214,0.00000
107660000000,-11.66097,2.29314,0.02072,0.70369,0.00000,-0.00000,0.71051,1.49778,0.00209,0.00000
107680000000,-11.66131,2.32309,0.02072,0.70362,0.00000,-0.00000,0.71058,1.49760,0.00204,0.00000
107700000000,-11.66164,2.35304,0.02072,0.70355,0.00000,-0.00000,0.71064,1.49763,0.00198,0.00000
107720000000,-11.66199,2.38299,0.02072,0.70349,0.00000,-0.00000,0.71071,1.49758,0.00193,0.00000
107740000000,-11.66233,2.41294,0.02072,0.70343,0.00000,-0.00000,0.71077,1.49744,0.00188,0.00000
107760000000,-11.66268,2.44289,0.02072,0.70337,0.00000,-0.00000,0.71083,1.49745,0.00182,0.00000
107780000000,-11.66304,2.47283,0.02072,0.70331,0.00000,-0.00000,0.71089,1.49739,0.00176,0.00000
107800000000,-11.66339,2.50278,0.02072,0.70325,0.00000,-0.00000,0.71094,1.49731,0.00171,0.00000
107820000000,-11.66376,2.53272,0.02072,0.70320,0.00000,-0.00000,0.71100,1.49727,0.00165,0.00000
107840000000,-11.66412,2.56266,0.02072,0.70314,0.00000,-0.00000,0.71105,1.49711,0.00159,0.00000
107860000000,-11.66449,2.59260,0.02072,0.70309,0.00000,-0.00000,0.71110,1.49716,0.00153,0.00000
107880000000,-11.66486,2.62254,0.02072,0.70305,0.00000,-0.00000,0.71114,1.49711,0.00147,0.00000
107900000000,-11.66523,2.65248,0.02072,0.70300,0.00000,-0.00000,0.71119,1.49706,0.00140,0.00000
107920000000,-11.66561,2.68242,0.02072,0.70296,0.00000,-0.00000,0.71123,1.49701,0.00134,0.00000
107940000000,-11.66599,2.71236,0.02072,0.70291,0.00000,-0.00000,0.71127,1.49687,0.00128,0.00000
107960000000,-11.66637,2.74229,0.02072,0.70287,0.00000,-0.00000,0.71131,1.49693,0.00121,0.00000
107980000000,-11.66675,2.77223,0.02072,0.70284,0.00000,-0.00000,0.71135,1.49689,0.00115,0.00000
108000000000,-11.66713,2.80216,0.02072,0.70280,0.00000,-0.00000,0.71138,1.49683,0.00108,0.00000
108020000000,-11.66752,2.83210,0.02072,0.70277,0.00000,-0.00000,0.71142,1.49681,0.00101,0.00000
108040000000,-11.66790,2.86203,0.02072,0.70274,0.00000,-0.00000,0.71145,1.49668,0.00095,0.00000
108060000000,-11.66829,2.89196,0.02072,0.70271,0.00000,-0.00000,0.71147,1.49674,0.00088,0.00000
108080000000,-11.66868,2.92189,0.02072,0.70269,0.00000,-0.00000,0.71150,1.49671,0.00081,0.00000
108100000000,-11.66907,2.95182,0.02072,0.70266,0.00000,-0.00000,0.71152,1.49677,0.00074,0.00000
108120000000,-11.66946,2.98175,0.02072,0.70264,0.00000,-0.00000,0.71154,1.49666,0.00067,0.00000
108140000000,-11.66985,3.01169,0.02072,0.70263,0.00000,-0.00000,0.71156,1.49670,0.00061,0.00000
108160000000,-11.67024,3.04162,0.02072,0.70261,0.00000,-0.00000,0.71158,1.49661,0.00054,0.00000
108180000000,-11.67063,3.07154,0.02072,0.70260,0.00000,-0.00000,0.71159,1.49657,0.00047,0.00000
108200000000,-11.67102,3.10147,0.02072,0.70259,0.00000,-0.00000,0.71160,1.49657,0.00040,0.00000
108220000000,-11.67141,3.13140,0.02072,0.70258,0.00000,-0.00000,0.71161,1.49648,0.00033,0.00000
108240000000,-11.67180,3.16133,0.02072,0.70257,0.00000,-0.00000,0.71161,1.49652,0.00026,0.00000
108260000000,-11.67218,3.19126,0.02072,0.70257,0.00000,-0.00000,0.71162,1.49653,0.00019,0.00000
108280000000,-11.67257,3.22118,0.02072,0.70256,0.00000,-0.00000,0.71162,1.49648,0.00012,0.00000
108300000000,-11.67295,3.25111,0.02072,0.70257,0.00000,-0.00000,0.71162,1.49652,0.00005,0.00000
108320000000,-11.67334,3.28104,0.02072,0.70257,0.00000,-0.00000,0.71162,1.49645,-0.00002,0.00000
108340000000,-11.67372,3.31097,0.02072,0.70257,0.00000,-0.00000,0.71161,1.49651,-0.00010,0.00000
108360000000,-11.67410,3.34089,0.02072,0.70258,0.00000,-0.00000,0.71160,1.49651,-0.00017,0.00000
108380000000,-11.67447,3.37082,0.02072,0.70259,0.00000,-0.00000,0.71159,1.49657,-0.00024,0.00000
108400000000,-11.67485,3.40075,0.02072,0.70261,0.00000,-0.00000,0.71158,1.49651,-0.00030,0.00000
108420000000,-11.67522,3.43068,0.02072,0.70262,0.00000,-0.00000,0.71156,1.49648,-0.00037,0.00000
108440000000,-11.67559,3.46061,0.02072,0.70264,0.00000,-0.00000,0.71155,1.49653,-0.00044,0.00000
108460000000,-11.67596,3.49054,0.02072,0.70266,0.00000,-0.00000,0.71153,1.49654,-0.00051,0.00000
108480000000,-11.67632,3.52046,0.02072,0.70268,0.00000,-0.00000,0.71151,1.49655,-0.00058,0.00000
108500000000,-11.67668,3.55039,0.02072,0.70270,0.00000,-0.00000,0.71148,1.49656,-0.00065,0.00000
108520000000,-11.67704,3.58032,0.02072,0.70273,0.00000,-0.00000,0.71146,1.49654,-0.00071,0.00000
108540000000,-11.67739,3.61025,0.02072,0.70276,0.00000,-0.00000,0.71143,1.49659,-0.00078,0.00000
108560000000,-11.67774,3.64018,0.02072,0.70279,0.00000,-0.00000,0.71140,1.49662,-0.00085,0.00000
108580000000,-11.67808,3.67011,0.02072,0.70282,0.00000,-0.00000,0.71136,1.49661,-0.00091,0.00000
108600000000,-11.67842,3.70004,0.02072,0.70286,0.00000,-0.00000,0.71133,1.49666,-0.00098,0.00000
108620000000,-11.67876,3.72997,0.02072,0.70290,0.00000,-0.00000,0.71129,1.49669,-0.00104,0.00000
108640000000,-11.67909,3.75991,0.02072,0.70294,0.00000,-0.00000,0.71125,1.49671,-0.00111,0.00000
108660000000,-11.67942,3.78984,0.02072,0.70298,0.00000,-0.00000,0.71121,1.49675,-0.00117,0.00000
108680000000,-11.67974,3.81977,0.02072,0.70302,0.00000,-0.00000,0.71117,1.49676,-0.00123,0.00000
108700000000,-11.68006,3.84971,0.02072,0.70307,0.00000,-0.00000,0.71112,1.49681,-0.00129,0.00000
108720000000,-11.68037,3.87964,0.02072,0.70312,0.00000,-0.00000,0.71107,1.49685,-0.00135,0.00000
108740000000,-11.68068,3.90958,0.02072,0.70317,0.00000,-0.00000,0.71103,1.49689,-0.00141,0.00000
108760000000,-11.68098,3.93952,0.02072,0.70322,0.00000,-0.00000,0.71097,1.49692,-0.00147,0.00000
108780000000,-11.68127,3.96945,0.02072,0.70327,0.00000,-0.00000,0.71092,1.49696,-0.00153,0.00000
108800000000,-11.68156,3.99939,0.02072,0.70333,0.00000,-0.00000,0.71087,1.49700,-0.00158,0.00000
108820000000,-11.68185,4.02933,0.02073,0.70338,0.00000,-0.00000,0.71081,1.49705,-0.00164,0.00000
108840000000,-11.68213,4.05927,0.02073,0.70344,0.00000,-0.00000,0.71075,1.49709,-0.00169,0.00000
108860000000,-11.68240,4.08921,0.02073,0.70350,0.00000,-0.00000,0.71069,1.49714,-0.00175,0.00000
108880000000,-11.68266,4.11916,0.02073,0.70357,0.00000,-0.00000,0.71063,1.49719,-0.00180,0.00000
108900000000,-11.68292,4.14910,0.02073,0.70363,0.00000,-0.00000,0.71057,1.49724,-0.00185,0.00000
108920000000,-11.68318,4.17904,0.02073,0.70370,0.00000,-0.00000,0.71050,1.49730,-0.00190,0.00000
108940000000,-11.68342,4.20899,0.02073,0.70376,0.00000,-0.00000,0.71043,1.49735,-0.00195,0.00000
108960000000,-11.68366,4.23894,0.02073,0.70383,0.00000,-0.00000,0.71036,1.49740,-0.00200,0.00000
108980000000,-11.68390,4.26888,0.02073,0.70390,0.00000,-0.00000,0.71029,1.49747,-0.00204,0.00000
109000000000,-11.68412,4.29883,0.02073,0.70398,0.00000,-0.00000,0.71022,1.49751,-0.00209,0.00000
109020000000,-11.68434,4.32878,0.02073,0.70405,0.00000,-0.00000,0.71015,1.49757,-0.00213,0.00000
109040000000,-11.68455,4.35873,0.02073,0.70412,0.00000,-0.00000,0.71008,1.49762,-0.00217,0.00000
109060000000,-11.68476,4.38869,0.02073,0.70420,0.00000,-0.00000,0.71000,1.49769,-0.00221,0.00000
109080000000,-11.68495,4.41864,0.02073,0.70428,0.00000,-0.00000,0.70992,1.49779,-0.00225,0.00000
109100000000,-11.68514,4.44860,0.02073,0.70436,0.00000,-0.00000,0.70985,1.49782,-0.00229,0.00000
109120000000,-11.68533,4.47855,0.02073,0.70444,0.00000,-0.00000,0.70977,1.49789,-0.00233,0.00000
109140000000,-11.68550,4.50851,0.02073,0.70452,0.00000,-0.00000,0.70969,1.49795,-0.00236,0.00000
109160000000,-11.68567,4.53847,0.02073,0.70460,0.00000,-0.00000,0.70960,1.49802,-0.00240,0.00000
109180000000,-11.68583,4.56843,0.02073,0.70468,0.00000,-0.00000,0.70952,1.49811,-0.00243,0.00000
109200000000,-11.68598,4.59840,0.02073,0.70477,0.00000,-0.00000,0.70944,1.49816,-0.00246,0.00000
109220000000,-11.68613,4.62836,0.02073,0.70485,0.00000,-0.00000,0.70935,1.49827,-0.00249,0.00000
109240000000,-11.68626,4.65833,0.02073,0.70494,0.00000,-0.00000,0.70927,1.49830,-0.00252,0.00000
109260000000,-11.68639,4.68829,0.02073,0.70503,0.00000,-0.00000,0.70918,1.49837,-0.00254,0.00000
109280000000,-11.68651,4.71826,0.02073,0.70511,0.00000,-0.00000,0.70910,1.49842,-0.00257,0.00000
109300000000,-11.68663,4.74823,0.02073,0.70520,0.00000,-0.00000,0.70901,1.49851,-0.00259,0.00000
109320000000,-11.68673,4.77820,0.02073,0.70529,0.00000,-0.00000,0.70892,1.49865,-0.00261,0.00000
109340000000,-11.68683,4.80818,0.02073,0.70538,0.00000,-0.00000,0.70883,1.49868,-0.00263,0.00000
109360000000,-11.68692,4.83815,0.02073,0.70547,0.00000,-0.00000,0.70874,1.49874,-0.00265,0.00000
109380000000,-11.68700,4.86813,0.02073,0.70556,0.00000,-0.00000,0.70865,1.49888,-0.00267,0.00000
109400000000,-11.68707,4.89810,0.02073,0.70565,0.00000,-0.00000,0.70856,1.49889,-0.00268,0.00000
109420000000,-11.68714,4.92808,0.02073,0.70574,0.00000,-0.00000,0.70847,1.49897,-0.00269,0.00000
109440000000,-11.68720,4.95806,0.02073,0.70584,0.00000,-0.00000,0.70838,1.49898,-0.00271,0.00000
109460000000,-11.68724,4.98804,0.02073,0.70593,0.00000,-0.00000,0.70828,1.49912,-0.00272,0.00000
109480000000,-11.68729,5.01803,0.02073,0.70602,0.00000,-0.00000,0.70819,1.49914,-0.00273,0.00000
109500000000,-11.68732,5.04801,0.02073,0.70611,0.00000,-0.00000,0.70810,1.49928,-0.00274,0.00000
109520000000,-11.68734,5.07800,0.02073,0.70621,0.00000,-0.00000,0.70801,1.49942,-0.00274,0.00000
109540000000,-11.68736,5.10799,0.02073,0.70630,0.00000,-0.00000,0.70791,1.49944,-0.00274,0.00000
109560000000,-11.68737,5.13798,0.02073,0.70639,0.00000,-0.00000,0.70782,1.49958,-0.00274,0.00000
109580000000,-11.68737,5.16797,0.02073,0.70649,0.00000,-0.00000,0.70773,1.49958,-0.00274,0.00000
109600000000,-11.68737,5.19796,0.02073,0.70658,0.00000,-0.00000,0.70763,1.49966,-0.00274,0.00000
109620000000,-11.68735,5.22796,0.02073,0.70667,0.00000,-0.00000,0.70754,1.49966,-0.00273,0.00000
109640000000,-11.68733,5.25795,0.02073,0.70676,0.00000,-0.00000,0.70745,1.49982,-0.00273,0.00000
109660000000,-11.68730,5.28795,0.02073,0.70686,0.00000,-0.00000,0.70736,1.49990,-0.00273,0.00000
109680000000,-11.68726,5.31795,0.02073,0.70695,0.00000,-0.00000,0.70726,1.49998,-0.00272,0.00000
109700000000,-11.68722,5.34795,0.02073,0.70704,0.00000,-0.00000,0.70717,1.50013,-0.00271,0.00000
109720000000,-11.68717,5.37795,0.02073,0.70713,0.00000,-0.00000,0.70708,1.50014,-0.00270,0.00000
109740000000,-11.68711,5.40796,0.02073,0.70722,0.00000,-0.00000,0.70699,1.50030,-0.00269,0.00000
109760000000,-11.68704,5.43797,0.02073,0.70731,0.00000,-0.00000,0.70690,1.50032,-0.00267,0.00000
109780000000,-11.68696,5.46797,0.02073,0.70740,0.00000,-0.00000,0.70681,1.50037,-0.00266,0.00000
109800000000,-11.68688,5.49798,0.02073,0.70749,0.00000,-0.00000,0.70672,1.50054,-0.00264,0.00000
109820000000,-11.68679,5.52799,0.02073,0.70758,0.00000,-0.00000,0.70663,1.50052,-0.00262,0.00000
109840000000,-11.68670,5.55800,0.02073,0.70767,0.00000,-0.00000,0.70654,1.50060,-0.00260,0.00000
109860000000,-11.68659,5.58802,0.02073,0.70776,0.00000,-0.00000,0.70645,1.50063,-0.00258,0.00000
109880000000,-11.68648,5.61803,0.02073,0.70785,0.00000,-0.00000,0.70637,1.50075,-0.00256,0.00000
109900000000,-11.68636,5.64805,0.02073,0.70793,0.00000,-0.00000,0.70628,1.50091,-0.00254,0.00000
109920000000,-11.68624,5.67806,0.02073,0.70802,0.00000,-0.00000,0.70619,1.50089,-0.00251,0.00000
109940000000,-11.68611,5.70808,0.02073,0.70810,0.00000,-0.00000,0.70611,1.50097,-0.00249,0.00000
109960000000,-11.68597,5.73810,0.02073,0.70819,0.00000,-0.00000,0.70603,1.50098,-0.00246,0.00000
109980000000,-11.68583,5.76813,0.02073,0.70827,0.00000,-0.00000,0.70594,1.50111,-0.00243,0.00000
110000000000,-11.68568,5.79815,0.02073,0.70835,0.00000,-0.00000,0.70586,1.50126,-0.00240,0.00000
110020000000,-11.68552,5.82817,0.02073,0.70843,0.00000,-0.00000,0.70578,1.50125,-0.00237,0.00000
110040000000,-11.68536,5.85820,0.02073,0.70851,0.00000,-0.00000,0.70570,1.50132,-0.00233,0.00000
110060000000,-11.68519,5.88822,0.02073,0.70859,0.00000,-0.00000,0.70562,1.50135,-0.00230,0.00000
110080000000,-11.68501,5.91825,0.02073,0.70866,0.00000,-0.00000,0.70555,1.50145,-0.00227,0.00000
110100000000,-11.68483,5.94828,0.02073,0.70874,0.00000,-0.00000,0.70547,1.50161,-0.00223,0.00000
110120000000,-11.68465,5.97831,0.02073,0.70881,0.00000,-0.00000,0.70539,1.50158,-0.00219,0.00000
110140000000,-11.68445,6.00835,0.02073,0.70889,0.00000,-0.00000,0.70532,1.50183,-0.00215,0.00000
110160000000,-11.68426,6.03838,0.02073,0.70896,0.00000,-0.00000,0.70525,1.50179,-0.00211,0.00000
110180000000,-11.68406,6.06842,0.02073,0.70903,0.00000,-0.00000,0.70518,1.50176,-0.00207,0.00000
110200000000,-11.68385,6.09845,0.02073,0.70910,0.00000,-0.00000,0.70511,1.50172,-0.00203,0.00000
110220000000,-11.68364,6.12849,0.02073,0.70917,0.00000,-0.00000,0.70504,1.50169,-0.00199,0.00000
110240000000,-11.68342,6.15852,0.02073,0.70923,0.00000,-0.00000,0.70498,1.50204,-0.00194,0.00000
110260000000,-11.68320,6.18856,0.02073,0.70930,0.00000,-0.00000,0.70491,1.50200,-0.00190,0.00000
110280000000,-11.68297,6.21860,0.02073,0.70936,0.00000,-0.00000,0.70485,1.50205,-0.00185,0.00000
110300000000,-11.68274,6.24864,0.02073,0.70942,0.00000,-0.00000,0.70478,1.50209,-0.00181,0.00000
110320000000,-11.68250,6.27869,0.02073,0.70948,0.00000,-0.00000,0.70472,1.50216,-0.00176,0.00000
110340000000,-11.68227,6.30873,0.02073,0.70954,0.00000,-0.00000,0.70467,1.50230,-0.00171,0.00000
110360000000,-11.68202,6.33877,0.02073,0.70960,0.00000,-0.00000,0.70461,1.50226,-0.00166,0.00000
110380000000,-11.68178,6.36882,0.02073,0.70965,0.00000,-0.00000,0.70455,1.50230,-0.00161,0.00000
110400000000,-11.68153,6.39886,0.02073,0.70970,0.00000,-0.00000,0.70450,1.50233,-0.00156,0.00000
110420000000,-11.68127,6.42891,0.02073,0.70975,0.00000,-0.00000,0.70445,1.50239,-0.00150,0.00000
110440000000,-11.68101,6.45896,0.02073,0.70980,0.00000,-0.00000,0.70440,1.50249,-0.00145,0.00000
110460000000,-11.68075,6.48901,0.02073,0.70985,0.00000,-0.00000,0.70435,1.50248,-0.00140,0.00000
110480000000,-11.68049,6.51906,0.02073,0.70990,0.00000,-0.00000,0.70431,1.50260,-0.00134,0.00000
110500000000,-11.68023,6.54911,0.02073,0.70994,0.00000,-0.00000,0.70426,1.50256,-0.00129,0.00000
110520000000,-11.67996,6.57916,0.02073,0.70998,0.00000,-0.00000,0.70422,1.50259,-0.00123,0.00000
110540000000,-11.67969,6.60921,0.02073,0.71002,0.00000,-0.00000,0.70418,1.50263,-0.00118,0.00000
110560000000,-11.67941,6.63926,0.02073,0.71006,0.00000,-0.00000,0.70414,1.50266,-0.00112,0.00000
110580000000,-11.67914,6.66931,0.02073,0.71010,0.00000,-0.00000,0.70410,1.50277,-0.00106,0.00000
110600000000,-11.67886,6.69937,0.02073,0.71013,0.00000,-0.00000,0.70407,1.50272,-0.00101,0.00000
110620000000,-11.67858,6.72942,0.02073,0.71017,0.00000,-0.00000,0.70404,1.50275,-0.00095,0.00000
110640000000,-11.67830,6.75947,0.02073,0.71020,0.00000,-0.00000,0.70400,1.50270,-0.00089,0.00000
110660000000,-11.67802,6.78953,0.02073,0.71022,0.00000,-0.00000,0.70398,1.50280,-0.00083,0.00000
110680000000,-11.67774,6.81958,0.02073,0.71025,0.00000,-0.00000,0.70395,1.50277,-0.00078,0.00000
110700000000,-11.67746,6.84964,0.02073,0.71028,0.00000,-0.00000,0.70392,1.50285,-0.00072,0.00000
110720000000,-11.67717,6.87970,0.02073,0.71030,0.00000,-0.00000,0.70390,1.50293,-0.00066,0.00000
110740000000,-11.67689,6.90975,0.02073,0.71032,0.00000,-0.00000,0.70388,1.50288,-0.00060,0.00000
110760000000,-11.67660,6.93981,0.02073,0.71034,0.00000,-0.00000,0.70386,1.50290,-0.00054,0.00000
110780000000,-11.67632,6.96987,0.02073,0.71035,0.00000,-0.00000,0.70384,1.50294,-0.00048,0.00000
110800000000,-11.67603,6.99992,0.02073,0.71037,0.00000,-0.00000,0.70383,1.50293,-0.00042,0.00000
110820000000,-11.67574,7.02998,0.02073,0.71038,0.00000,-0.00000,0.70382,1.50300,-0.00036,0.00000
110840000000,-11.67546,7.06004,0.02073,0.71039,0.00000,-0.00000,0.70381,1.50296,-0.00030,0.00000
110860000000,-11.67517,7.09010,0.02073,0.71040,0.00000,-0.00000,0.70380,1.50295,-0.00024,0.00000
110880000000,-11.67489,7.12015,0.02073,0.71041,0.00000,-0.00000,0.70379,1.50254,-0.00018,0.00000
110900000000,-11.67460,7.15020,0.02073,0.71041,0.00000,-0.00000,0.70379,1.50235,-0.00013,0.00000
110920000000,-11.67432,7.18024,0.02073,0.71042,0.00000,-0.00000,0.70378,1.50210,-0.00009,0.00000
110940000000,-11.67404,7.21027,0.02073,0.71042,0.00000,-0.00000,0.70378,1.50136,-0.00005,0.00000
110960000000,-11.67375,7.24030,0.02073,0.71042,0.00000,-0.00000,0.70378,1.50133,-0.00002,0.00000
110980000000,-11.67347,7.27031,0.02073,0.71042,0.00000,-0.00000,0.70378,1.50057,-0.00001,0.00000
111000000000,-11.67319,7.30031,0.02073,0.71042,0.00000,-0.00000,0.70378,1.50007,0.00000,0.00000
111020000000,-11.67291,7.33029,0.02073,0.71042,0.00000,-0.00000,0.70378,1.49901,-0.00002,0.00000
111040000000,-11.67263,7.36025,0.02073,0.71042,0.00000,-0.00000,0.70378,1.49748,-0.00004,0.00000
111060000000,-11.67234,7.39020,0.02073,0.71042,0.00000,-0.00000,0.70378,1.49749,-0.00009,0.00000
111080000000,-11.67206,7.42014,0.02073,0.71043,0.00000,-0.00000,0.70377,1.49675,-0.00015,0.00000
111100000000,-11.67177,7.45008,0.02073,0.71043,0.00000,-0.00000,0.70376,1.49680,-0.00021,0.00000
111120000000,-11.67148,7.47999,0.02073,0.71044,0.00000,-0.00000,0.70375,1.49529,-0.00029,0.00000
111140000000,-11.67119,7.50990,0.02073,0.71046,0.00000,-0.00000,0.70374,1.49537,-0.00038,0.00000
111160000000,-11.67090,7.53978,0.02073,0.71047,0.00000,-0.00000,0.70373,1.49390,-0.00049,0.00000
111180000000,-11.67060,7.56964,0.02073,0.71049,0.00000,-0.00000,0.70371,1.49304,-0.00061,0.00000
111200000000,-11.67030,7.59949,0.02073,0.71051,0.00000,-0.00000,0.70368,1.49258,-0.00075,0.00000
111220000000,-11.67000,7.62933,0.02073,0.71054,0.00000,-0.00000,0.70365,1.49129,-0.00090,0.00000
111240000000,-11.66968,7.65915,0.02073,0.71058,0.00000,-0.00000,0.70362,1.49132,-0.00107,0.00000
111260000000,-11.66936,7.68897,0.02073,0.71062,0.00000,-0.00000,0.70358,1.49071,-0.00124,0.00000
111280000000,-11.66904,7.71879,0.02073,0.71067,0.00000,-0.00000,0.70353,1.49079,-0.00142,0.00000
111300000000,-11.66870,7.74857,0.02073,0.71072,0.00000,-0.00000,0.70348,1.48953,-0.00162,0.00000
111320000000,-11.66836,7.77835,0.02073,0.71078,0.00000,-0.00000,0.70342,1.48825,-0.00183,0.00000
111340000000,-11.66801,7.80811,0.02073,0.71085,0.00000,-0.00000,0.70335,1.48822,-0.00205,0.00000
111360000000,-11.66764,7.83787,0.02073,0.71092,0.00000,-0.00000,0.70327,1.48790,-0.00228,0.00000
111380000000,-11.66727,7.86760,0.02073,0.71100,0.00000,-0.00000,0.70319,1.48671,-0.00253,0.00000
111400000000,-11.66688,7.89734,0.02073,0.71109,0.00000,-0.00000,0.70310,1.48667,-0.00278,0.00000
111420000000,-11.66648,7.92706,0.02073,0.71120,0.00000,-0.00000,0.70299,1.48649,-0.00304,0.00000
111440000000,-11.66607,7.95678,0.02073,0.71130,0.00000,-0.00000,0.70288,1.48544,-0.00330,0.00000
111460000000,-11.66564,7.98649,0.02073,0.71142,0.00000,-0.00000,0.70276,1.48567,-0.00358,0.00000
111480000000,-11.66519,8.01619,0.02073,0.71155,0.00000,-0.00000,0.70264,1.48529,-0.00385,0.00000
111500000000,-11.66473,8.04590,0.02073,0.71169,0.00000,-0.00000,0.70250,1.48546,-0.00413,0.00000
111520000000,-11.66425,8.07558,0.02073,0.71183,0.00000,-0.00000,0.70235,1.48456,-0.00442,0.00000
111540000000,-11.66376,8.10526,0.02073,0.71199,0.00000,-0.00000,0.70219,1.48365,-0.00471,0.00000
111560000000,-11.66324,8.13493,0.02073,0.71216,0.00000,-0.00000,0.70202,1.48364,-0.00502,0.00000
111580000000,-11.66270,8.16460,0.02073,0.71233,0.00000,-0.00000,0.70184,1.48363,-0.00533,0.00000
111600000000,-11.66214,8.19425,0.02073,0.71252,0.00000,-0.00000,0.70165,1.48283,-0.00564,0.00000
111620000000,-11.66156,8.22391,0.02073,0.71272,0.00000,-0.00000,0.70145,1.48310,-0.00596,0.00000
111640000000,-11.66095,8.25356,0.02073,0.71293,0.00000,-0.00000,0.70124,1.48286,-0.00627,0.00000
111660000000,-11.66032,8.28321,0.02073,0.71314,0.00000,-0.00000,0.70102,1.48288,-0.00659,0.00000
111680000000,-11.65967,8.31285,0.02073,0.71337,0.00000,-0.00000,0.70078,1.48246,-0.00691,0.00000
111700000000,-11.65899,8.34249,0.02073,0.71361,0.00000,-0.00000,0.70054,1.48206,-0.00724,0.00000
111720000000,-11.65828,8.37212,0.02073,0.71387,0.00000,-0.00000,0.70028,1.48214,-0.00757,0.00000
111740000000,-11.65754,8.40175,0.02073,0.71413,0.00000,-0.00000,0.70001,1.48165,-0.00790,0.00000
111760000000,-11.65677,8.43137,0.02073,0.71440,0.00000,-0.00000,0.69974,1.48164,-0.00824,0.00000
111780000000,-11.65598,8.46100,0.02073,0.71469,0.00000,-0.00000,0.69944,1.48185,-0.00857,0.00000
111800000000,-11.65515,8.49062,0.02073,0.71498,0.00000,-0.00000,0.69914,1.48182,-0.00890,0.00000
111820000000,-11.65429,8.52025,0.02073,0.71529,0.00000,-0.00000,0.69883,1.48192,-0.00923,0.00000
111840000000,-11.65339,8.54987,0.02073,0.71561,0.00000,-0.00000,0.69850,1.48178,-0.00956,0.00000
111860000000,-11.65247,8.57949,0.02073,0.71594,0.00000,-0.00000,0.69817,1.48160,-0.00989,0.00000
111880000000,-11.65150,8.60911,0.02073,0.71627,0.00000,-0.00000,0.69782,1.48188,-0.01022,0.00000
111900000000,-11.65051,8.63874,0.02073,0.71663,0.00000,-0.00000,0.69746,1.48196,-0.01055,0.00000
111920000000,-11.64947,8.66836,0.02073,0.71699,0.00000,-0.00000,0.69709,1.48223,-0.01087,0.00000
111940000000,-11.64840,8.69799,0.02073,0.71736,0.00000,-0.00000,0.69671,1.48221,-0.01119,0.00000
111960000000,-11.64729,8.72761,0.02073,0.71774,0.00000,-0.00000,0.69631,1.48247,-0.01150,0.00000
111980000000,-11.64614,8.75724,0.02073,0.71813,0.00000,-0.00000,0.69591,1.48255,-0.01181,0.00000
112000000000,-11.64495,8.78687,0.02073,0.71853,0.00000,-0.00000,0.69549,1.48279,-0.01212,0.00000
112020000000,-11.64372,8.81651,0.02073,0.71894,0.00000,-0.00000,0.69507,1.48299,-0.01242,0.00000
112040000000,-11.64244,8.84615,0.02073,0.71936,0.00000,-0.00000,0.69463,1.48327,-0.01271,0.00000
112060000000,-11.64113,8.87579,0.02073,0.71980,0.00000,-0.00000,0.69419,1.48353,-0.01300,0.00000
112080000000,-11.63977,8.90543,0.02073,0.72023,0.00000,-0.00000,0.69373,1.48391,-0.01328,0.00000
112100000000,-11.63837,8.93508,0.02073,0.72068,0.00000,-0.00000,0.69326,1.48414,-0.01356,0.00000
112120000000,-11.63692,8.96474,0.02073,0.72114,0.00000,-0.00000,0.69279,1.48447,-0.01383,0.00000
112140000000,-11.63543,8.99439,0.02073,0.72161,0.00000,-0.00000,0.69230,1.48475,-0.01409,0.00000
112160000000,-11.63389,9.02406,0.02073,0.72208,0.00000,-0.00000,0.69181,1.48519,-0.01434,0.00000
112180000000,-11.63231,9.05373,0.02073,0.72256,0.00000,-0.00000,0.69131,1.48576,-0.01459,0.00000
112200000000,-11.63068,9.08340,0.02073,0.72305,0.00000,-0.00000,0.69079,1.48602,-0.01483,0.00000
112220000000,-11.62900,9.11308,0.02073,0.72355,0.00000,-0.00000,0.69027,1.48636,-0.01505,0.00000
112240000000,-11.62727,9.14277,0.02073,0.72405,0.00000,-0.00000,0.68975,1.48693,-0.01528,0.00000
112260000000,-11.62550,9.17246,0.02073,0.72456,0.00000,-0.00000,0.68921,1.48720,-0.01548,0.00000
112280000000,-11.62368,9.20216,0.02073,0.72508,0.00000,-0.00000,0.68867,1.48791,-0.01569,0.00000
112300000000,-11.62181,9.23187,0.02073,0.72560,0.00000,-0.00000,0.68811,1.48822,-0.01588,0.00000
112320000000,-11.61988,9.26158,0.02073,0.72613,0.00000,-0.00000,0.68756,1.48851,-0.01606,0.00000
112340000000,-11.61791,9.29129,0.02073,0.72666,0.00000,-0.00000,0.68699,1.48917,-0.01624,0.00000
112360000000,-11.61589,9.32101,0.02073,0.72720,0.00000,-0.00000,0.68642,1.48943,-0.01640,0.00000
112380000000,-11.61382,9.35074,0.02073,0.72775,0.00000,-0.00000,0.68585,1.49018,-0.01656,0.00000
112400000000,-11.61170,9.38047,0.02073,0.72829,0.00000,-0.00000,0.68526,1.49037,-0.01670,0.00000
112420000000,-11.60952,9.41021,0.02073,0.72885,0.00000,-0.00000,0.68468,1.49122,-0.01684,0.00000
112440000000,-11.60730,9.43996,0.02073,0.72940,0.00000,-0.00000,0.68409,1.49144,-0.01696,0.00000
112460000000,-11.60502,9.46971,0.02073,0.72996,0.00000,-0.00000,0.68349,1.49181,-0.01707,0.00000
112480000000,-11.60269,9.49947,0.02073,0.73052,0.00000,-0.00000,0.68289,1.49271,-0.01718,0.00000
112500000000,-11.60031,9.52923,0.02073,0.73109,0.00000,-0.00000,0.68228,1.49283,-0.01727,0.00000
112520000000,-11.59788,9.55900,0.02073,0.73166,0.00000,-0.00000,0.68167,1.49328,-0.01736,0.00000
112540000000,-11.59539,9.58877,0.02073,0.73222,0.00000,-0.00000,0.68106,1.49376,-0.01744,0.00000
112560000000,-11.59286,9.61855,0.02073,0.73280,0.00000,-0.00000,0.68045,1.49427,-0.01751,0.00000
112580000000,-11.59027,9.64833,0.02073,0.73337,0.00000,-0.00000,0.67983,1.49474,-0.01757,0.00000
112600000000,-11.58763,9.67812,0.02073,0.73394,0.00000,-0.00000,0.67921,1.49526,-0.01762,0.00000
112620000000,-11.58494,9.70791,0.02073,0.73452,0.00000,-0.00000,0.67859,1.49600,-0.01766,0.00000
112640000000,-11.58219,9.73772,0.02073,0.73509,0.00000,-0.00000,0.67797,1.49623,-0.01768,0.00000
112660000000,-11.57940,9.76752,0.02073,0.73567,0.00000,-0.00000,0.67734,1.49723,-0.01771,0.00000
112680000000,-11.57655,9.79734,0.02073,0.73624,0.00000,-0.00000,0.67672,1.49740,-0.01766,0.00000
112700000000,-11.57366,9.82715,0.02073,0.73681,0.00000,-0.00000,0.67610,1.49764,-0.01757,0.00000
112720000000,-11.57071,9.85697,0.02073,0.73738,0.00000,-0.00000,0.67548,1.49872,-0.01757,0.00000
112740000000,-11.56771,9.88680,0.02073,0.73795,0.00000,-0.00000,0.67486,1.49895,-0.01755,0.00000
112760000000,-11.56466,9.91668,0.02073,0.73852,0.00000,-0.00000,0.67424,1.50187,-0.01750,0.00000
112780000000,-11.56156,9.94657,0.02073,0.73908,0.00000,-0.00000,0.67362,1.50247,-0.01741,0.00000
112800000000,-11.55841,9.97645,0.02073,0.73964,0.00000,-0.00000,0.67300,1.50238,-0.01731,0.00000
112820000000,-11.55521,10.00634,0.02073,0.74019,0.00000,-0.00000,0.67239,1.50264,-0.01721,0.00000
112840000000,-11.55196,10.03622,0.02073,0.74075,0.00000,-0.00000,0.67178,1.50295,-0.01711,0.00000
112860000000,-11.54867,10.06610,0.02073,0.74130,0.00000,-0.00000,0.67118,1.50316,-0.01699,0.00000
112880000000,-11.54533,10.09599,0.02073,0.74184,0.00000,-0.00000,0.67058,1.50379,-0.01688,0.00000
112900000000,-11.54194,10.12588,0.02073,0.74238,0.00000,-0.00000,0.66998,1.50376,-0.01675,0.00000
112920000000,-11.53851,10.15576,0.02073,0.74291,0.00000,-0.00000,0.66939,1.50394,-0.01662,0.00000
112940000000,-11.53503,10.18564,0.02073,0.74344,0.00000,-0.00000,0.66880,1.50432,-0.01650,0.00000
112960000000,-11.53151,10.21553,0.02073,0.74397,0.00000,-0.00000,0.66821,1.50446,-0.01636,0.00000
112980000000,-11.52794,10.24541,0.02073,0.74449,0.00000,-0.00000,0.66763,1.50507,-0.01623,0.00000
113000000000,-11.52433,10.27530,0.02073,0.74501,0.00000,-0.00000,0.66706,1.50498,-0.01607,0.00000
113020000000,-11.52068,10.30518,0.02073,0.74552,0.00000,-0.00000,0.66649,1.50513,-0.01592,0.00000
113040000000,-11.51698,10.33505,0.02073,0.74602,0.00000,-0.00000,0.66592,1.50500,-0.01577,0.00000
113060000000,-11.51324,10.36492,0.02073,0.74652,0.00000,-0.00000,0.66536,1.50511,-0.01562,0.00000
113080000000,-11.50946,10.39478,0.02073,0.74702,0.00000,-0.00000,0.66481,1.50453,-0.01547,0.00000
113100000000,-11.50564,10.42463,0.02073,0.74751,0.00000,-0.00000,0.66425,1.50422,-0.01533,0.00000
113120000000,-11.50178,10.45444,0.02073,0.74799,0.00000,-0.00000,0.66371,1.50267,-0.01520,0.00000
113140000000,-11.49788,10.48424,0.02073,0.74847,0.00000,-0.00000,0.66317,1.50259,-0.01510,0.00000
113160000000,-11.49395,10.51402,0.02073,0.74895,0.00000,-0.00000,0.66263,1.50153,-0.01500,0.00000
113180000000,-11.48997,10.54376,0.02073,0.74943,0.00000,-0.00000,0.66209,1.49907,-0.01491,0.00000
113200000000,-11.48596,10.57346,0.02073,0.74990,0.00000,-0.00000,0.66155,1.49834,-0.01491,0.00000
113220000000,-11.48190,10.60313,0.02073,0.75037,0.00000,-0.00000,0.66101,1.49716,-0.01497,0.00000
113240000000,-11.47781,10.63276,0.02073,0.75085,0.00000,-0.00000,0.66047,1.49382,-0.01494,0.00000
113260000000,-11.47368,10.66234,0.02073,0.75132,0.00000,-0.00000,0.65993,1.49322,-0.01506,0.00000
113280000000,-11.46951,10.69187,0.02073,0.75180,0.00000,-0.00000,0.65939,1.49105,-0.01515,0.00000
113300000000,-11.46530,10.72138,0.02073,0.75229,0.00000,-0.00000,0.65884,1.48965,-0.01519,0.00000
113320000000,-11.46106,10.75080,0.02073,0.75277,0.00000,-0.00000,0.65828,1.48580,-0.01546,0.00000
113340000000,-11.45677,10.78018,0.02073,0.75327,0.00000,-0.00000,0.65771,1.48302,-0.01566,0.00000
113360000000,-11.45243,10.80951,0.02073,0.75377,0.00000,-0.00000,0.65714,1.48202,-0.01591,0.00000
113380000000,-11.44806,10.83874,0.02073,0.75428,0.00000,-0.00000,0.65655,1.47632,-0.01627,0.00000
113400000000,-11.44364,10.86789,0.02073,0.75481,0.00000,-0.00000,0.65594,1.47254,-0.01649,0.00000
113420000000,-11.43919,10.89691,0.02073,0.75535,0.00000,-0.00000,0.65532,1.46703,-0.01715,0.00000
113440000000,-11.43468,10.92585,0.02073,0.75591,0.00000,-0.00000,0.65468,1.46387,-0.01783,0.00000
113460000000,-11.43012,10.95471,0.02073,0.75648,0.00000,-0.00000,0.65401,1.45954,-0.01847,0.00000
113480000000,-11.42550,10.98357,0.02073,0.75709,0.00000,-0.00000,0.65331,1.46179,-0.01876,-0.00000
113500000000,-11.42082,11.01235,0.02073,0.75773,0.00000,-0.00000,0.65257,1.45692,-0.01950,-0.00000
113520000000,-11.41608,11.04103,0.02073,0.75840,0.00000,-0.00000,0.65178,1.45229,-0.02041,-0.00000
113540000000,-11.41127,11.06962,0.02073,0.75911,0.00000,-0.00000,0.65096,1.44785,-0.02123,-0.00000
113560000000,-11.40640,11.09810,0.02073,0.75986,0.00000,-0.00000,0.65008,1.44358,-0.02190,-0.00000
113580000000,-11.40145,11.12649,0.02073,0.76067,0.00000,-0.00000,0.64914,1.43968,-0.02332,-0.00000
113600000000,-11.39642,11.15478,0.02073,0.76152,0.00000,-0.00000,0.64814,1.43600,-0.02451,-0.00000
113620000000,-11.39129,11.18300,0.02073,0.76242,0.00000,-0.00000,0.64708,1.43264,-0.02593,-0.00000
113640000000,-11.38607,11.21113,0.02073,0.76338,0.00000,-0.00000,0.64594,1.42951,-0.02711,-0.00000
113660000000,-11.38074,11.23918,0.02073,0.76442,0.00000,-0.00000,0.64472,1.42677,-0.02874,-0.00000
113680000000,-11.37529,11.26717,0.02073,0.76551,0.00000,-0.00000,0.64342,1.42586,-0.03022,0.00000
113700000000,-11.36971,11.29514,0.02073,0.76669,0.00000,-0.00000,0.64202,1.42514,-0.03197,-0.00000
113720000000,-11.36400,11.32304,0.02073,0.76793,0.00000,-0.00000,0.64053,1.42293,-0.03395,-0.00000
113740000000,-11.35814,11.35087,0.02073,0.76925,0.00000,-0.00000,0.63895,1.42105,-0.03585,-0.00000
113760000000,-11.35213,11.37864,0.02073,0.77064,0.00000,-0.00000,0.63727,1.41954,-0.03791,-0.00000
113780000000,-11.34608,11.40573,0.02073,0.77196,0.00000,-0.00000,0.63567,1.37177,-0.04155,-0.00000
113800000000,-11.33989,11.43245,0.02073,0.77332,0.00000,-0.00000,0.63401,1.37098,-0.04512,-0.00000
113820000000,-11.33354,11.45913,0.02073,0.77477,0.00000,-0.00000,0.63225,1.37000,-0.04708,-0.00000
113840000000,-11.32703,11.48575,0.02073,0.77628,0.00000,-0.00000,0.63039,1.36942,-0.04930,-0.00000
113860000000,-11.32034,11.51232,0.02073,0.77787,0.00000,-0.00000,0.62843,1.36921,-0.05150,-0.00000
113880000000,-11.31347,11.53886,0.02073,0.77953,0.00000,-0.00000,0.62636,1.36940,-0.05380,-0.00000
113900000000,-11.30641,11.56535,0.02073,0.78127,0.00000,-0.00000,0.62419,1.36999,-0.05606,-0.00000
113920000000,-11.29915,11.59181,0.02073,0.78309,0.00000,-0.00000,0.62191,1.37097,-0.05821,-0.00000
113940000000,-11.29169,11.61824,0.02073,0.78498,0.00000,-0.00000,0.61952,1.37242,-0.06054,-0.00000
113960000000,-11.28400,11.64467,0.02072,0.78696,-0.00001,-0.00001,0.61700,1.37586,-0.06231,-0.00059
113980000000,-11.27607,11.67117,0.02072,0.78904,-0.00001,-0.00001,0.61435,1.38167,-0.06451,0.00005
114000000000,-11.26791,11.69763,0.02072,0.79119,-0.00001,-0.00001,0.61157,1.38352,-0.06696,0.00004
114020000000,-11.25950,11.72406,0.02072,0.79342,-0.00001,-0.00001,0.60868,1.38612,-0.06916,0.00003
114040000000,-11.25083,11.75049,0.02072,0.79572,-0.00001,-0.00000,0.60567,1.38954,-0.07143,0.00003
114060000000,-11.24190,11.77691,0.02072,0.79810,-0.00000,-0.00000,0.60252,1.39373,-0.07366,0.00002
114080000000,-11.23268,11.80334,0.02072,0.80056,-0.00000,-0.00000,0.59925,1.39870,-0.07584,0.00002
114100000000,-11.22317,11.82978,0.02072,0.80310,-0.00000,-0.00000,0.59585,1.40441,-0.07789,0.00001
114120000000,-11.21336,11.85625,0.02072,0.80571,-0.00000,-0.00000,0.59230,1.41087,-0.07981,0.00001
114140000000,-11.20323,11.88275,0.02072,0.80842,-0.00000,-0.00000,0.58861,1.41808,-0.08159,0.00001
114160000000,-11.19278,11.90929,0.02072,0.81120,-0.00000,-0.00000,0.58476,1.42604,-0.08322,0.00001
114180000000,-11.18199,11.93589,0.02072,0.81408,-0.00000,-0.00000,0.58075,1.43477,-0.08469,0.00001
114200000000,-11.17084,11.96254,0.02072,0.81705,-0.00000,-0.00000,0.57657,1.44429,-0.08599,0.00001
114220000000,-11.15932,11.98925,0.02073,0.82011,-0.00000,-0.00000,0.57221,1.45461,-0.08711,0.00000
114240000000,-11.14742,12.01604,0.02073,0.82327,-0.00000,-0.00000,0.56765,1.46576,-0.08803,0.00000
114260000000,-11.13511,12.04290,0.02073,0.82653,-0.00000,-0.00000,0.56289,1.47776,-0.08873,0.00000
114280000000,-11.12239,12.06985,0.02073,0.82990,-0.00000,-0.00000,0.55791,1.49066,-0.08920,0.00000
114300000000,-11.10922,12.09689,0.02073,0.83338,-0.00000,-0.00000,0.55270,1.50446,-0.08940,0.00000
114320000000,-11.09560,12.12402,0.02073,0.83698,-0.00000,-0.00000,0.54724,1.51922,-0.08932,0.00000
114340000000,-11.08154,12.15111,0.02073,0.84065,-0.00000,-0.00000,0.54158,1.52313,-0.09031,0.00000
114360000000,-11.06710,12.17796,0.02073,0.84433,-0.00000,-0.00000,0.53583,1.52041,-0.09203,0.00000
114380000000,-11.05229,12.20453,0.02073,0.84801,-0.00000,-0.00000,0.52998,1.51775,-0.09373,0.00000
114400000000,-11.03711,12.23084,0.02073,0.85169,-0.00000,-0.00000,0.52405,1.51516,-0.09540,0.00000
114420000000,-11.02155,12.25687,0.02073,0.85536,-0.00000,-0.00000,0.51804,1.51264,-0.09706,0.00000
114440000000,-11.00561,12.28262,0.02073,0.85902,-0.00000,-0.00000,0.51193,1.51018,-0.09869,0.00000
114460000000,-10.98931,12.30808,0.02073,0.86268,-0.00000,-0.00000,0.50575,1.50779,-0.10031,0.00000
114480000000,-10.97264,12.33324,0.02073,0.86632,-0.00000,-0.00000,0.49948,1.50545,-0.10191,0.00000
114500000000,-10.95559,12.35811,0.02073,0.86995,-0.00000,-0.00000,0.49313,1.50318,-0.10349,0.00000
114520000000,-10.93818,12.38267,0.02073,0.87356,-0.00000,-0.00000,0.48671,1.50097,-0.10505,0.00000
114540000000,-10.92040,12.40691,0.02073,0.87716,-0.00000,-0.00000,0.48021,1.49882,-0.10660,0.00000
114560000000,-10.90227,12.43083,0.02073,0.88072,-0.00000,-0.00000,0.47363,1.49672,-0.10813,0.00000
114580000000,-10.88377,12.45443,0.02073,0.88427,-0.00000,-0.00000,0.46698,1.49468,-0.10965,0.00000
114600000000,-10.86491,12.47769,0.02073,0.88779,0.00000,-0.00000,0.46025,1.49270,-0.11115,0.00000
114620000000,-10.84571,12.50062,0.02073,0.89128,0.00000,-0.00000,0.45346,1.49077,-0.11263,0.00000
114640000000,-10.82615,12.52320,0.02073,0.89473,0.00000,-0.00000,0.44660,1.48889,-0.11410,0.00000
114660000000,-10.80624,12.54543,0.02073,0.89816,0.00000,-0.00000,0.43967,1.48706,-0.11556,0.00000
114680000000,-10.78600,12.56730,0.02073,0.90155,0.00000,-0.00000,0.43267,1.48529,-0.11700,0.00000
114700000000,-10.76541,12.58881,0.02073,0.90490,0.00000,-0.00000,0.42562,1.48352,-0.11863,0.00000
114720000000,-10.74448,12.60994,0.02073,0.90821,0.00000,-0.00000,0.41852,1.48177,-0.12051,0.00000
114740000000,-10.72322,12.63070,0.02073,0.91147,0.00000,-0.00000,0.41137,1.48015,-0.12230,0.00000
114760000000,-10.70163,12.65106,0.02073,0.91467,0.00000,-0.00000,0.40420,1.47862,-0.12415,0.00000
114780000000,-10.67970,12.67104,0.02073,0.91782,0.00000,-0.00000,0.39699,1.47721,-0.12651,0.00000
114800000000,-10.65746,12.69062,0.02073,0.92092,0.00000,-0.00000,0.38976,1.47595,-0.12829,0.00000
114820000000,-10.63491,12.70981,0.02073,0.92396,0.00000,-0.00000,0.38249,1.47473,-0.12947,0.00000
114840000000,-10.61205,12.72861,0.02073,0.92695,0.00000,-0.00000,0.37519,1.47365,-0.13118,0.00000
114860000000,-10.58889,12.74700,0.02073,0.92988,0.00000,-0.00000,0.36785,1.47275,-0.13318,0.00000
114880000000,-10.56543,12.76499,0.02073,0.93276,0.00000,-0.00000,0.36051,1.47185,-0.13463,0.00000
114900000000,-10.54168,12.78257,0.02073,0.93557,0.00000,-0.00000,0.35313,1.47112,-0.13633,0.00000
114920000000,-10.51765,12.79975,0.02073,0.93833,0.00000,-0.00000,0.34573,1.47023,-0.13726,0.00000
114940000000,-10.49333,12.81651,0.02073,0.94103,0.00000,-0.00000,0.33832,1.47004,-0.13969,0.00000
114960000000,-10.46875,12.83286,0.02073,0.94367,0.00000,-0.00000,0.33089,1.46929,-0.14051,0.00000
114980000000,-10.44389,12.84878,0.02073,0.94624,0.00000,-0.00000,0.32347,1.46945,-0.14294,0.00000
115000000000,-10.41877,12.86429,0.02073,0.94875,0.00000,-0.00000,0.31603,1.46884,-0.14365,0.00000
115020000000,-10.39338,12.87937,0.02073,0.95119,0.00000,-0.00000,0.30860,1.46937,-0.14606,0.00000
115040000000,-10.36776,12.89404,0.02073,0.95358,0.00000,-0.00000,0.30115,1.46899,-0.14679,0.00000
115060000000,-10.34186,12.90827,0.02073,0.95589,0.00000,-0.00000,0.29373,1.46981,-0.14900,0.00000
115080000000,-10.31574,12.92209,0.02073,0.95814,0.00000,-0.00000,0.28630,1.47018,-0.15037,0.00000
115100000000,-10.28938,12.93548,0.02073,0.96032,0.00000,-0.00000,0.27890,1.47075,-0.15175,0.00000
115120000000,-10.26279,12.94845,0.02073,0.96244,0.00000,-0.00000,0.27149,1.47141,-0.15305,0.00000
115140000000,-10.23600,12.96100,0.02073,0.96450,0.00000,-0.00000,0.26407,1.47121,-0.15329,0.00000
115160000000,-10.20899,12.97312,0.02073,0.96650,0.00000,-0.00000,0.25667,1.47310,-0.15554,0.00000
115180000000,-10.18177,12.98481,0.02073,0.96843,0.00000,-0.00000,0.24928,1.47302,-0.15567,0.00000
115200000000,-10.15433,12.99608,0.02073,0.97030,0.00000,-0.00000,0.24192,1.47538,-0.15787,0.00000
115220000000,-10.12670,13.00693,0.02073,0.97210,0.00000,-0.00000,0.23457,1.47544,-0.15756,0.00000
115240000000,-10.09895,13.01745,0.02073,0.97380,0.00000,-0.00000,0.22742,1.47631,-0.15271,0.00000
115260000000,-10.07104,13.02758,0.02073,0.97543,0.00000,-0.00000,0.22030,1.47707,-0.15277,0.00000
115280000000,-10.04293,13.03730,0.02073,0.97700,0.00000,-0.00000,0.21324,1.47909,-0.15364,0.00000
115300000000,-10.01466,13.04662,0.02073,0.97851,0.00000,-0.00000,0.20620,1.48148,-0.15476,0.00000
115320000000,-9.98622,13.05554,0.02073,0.97996,0.00000,-0.00000,0.19920,1.48232,-0.15483,0.00000
115340000000,-9.95763,13.06405,0.02073,0.98135,0.00000,-0.00000,0.19222,1.48409,-0.15532,0.00000
115360000000,-9.92890,13.07217,0.02073,0.98269,0.00000,-0.00000,0.18524,1.48500,-0.15529,0.00000
115380000000,-9.89999,13.07988,0.02073,0.98397,0.00000,-0.00000,0.17833,1.48796,-0.15612,0.00000
115400000000,-9.87093,13.08719,0.02073,0.98520,0.00000,-0.00000,0.17144,1.49145,-0.15704,0.00000
115420000000,-9.84173,13.09410,0.02073,0.98636,0.00000,-0.00000,0.16458,1.49222,-0.15655,0.00000
115440000000,-9.81240,13.10063,0.02073,0.98748,0.00000,-0.00000,0.15776,1.49443,-0.15663,0.00000
115460000000,-9.78297,13.10676,0.02073,0.98854,0.00000,-0.00000,0.15094,1.49584,-0.15630,0.00000
115480000000,-9.75337,13.11250,0.02073,0.98955,0.00000,-0.00000,0.14418,1.49924,-0.15662,0.00000
115500000000,-9.72365,13.11786,0.02073,0.99051,0.00000,-0.00000,0.13746,1.50379,-0.15722,0.00000
115520000000,-9.69381,13.12283,0.02073,0.99141,0.00000,-0.00000,0.13076,1.50445,-0.15622,0.00000
115540000000,-9.66386,13.12741,0.02073,0.99227,0.00000,-0.00000,0.12410,1.50698,-0.15582,0.00000
115560000000,-9.63385,13.13162,0.02073,0.99308,0.00000,-0.00000,0.11745,1.50767,-0.15476,0.00000
115580000000,-9.60369,13.13545,0.02073,0.99384,0.00000,-0.00000,0.11085,1.51258,-0.15493,0.00000
115600000000,-9.57347,13.13890,0.02073,0.99455,0.00000,-0.00000,0.10426,1.51352,-0.15376,0.00000
115620000000,-9.54311,13.14198,0.02073,0.99521,0.00000,-0.00000,0.09772,1.51843,-0.15362,0.00000
115640000000,-9.51268,13.14468,0.02073,0.99583,0.00000,-0.00000,0.09121,1.52143,-0.15283,0.00000
115660000000,-9.48212,13.14702,0.02073,0.99640,0.00000,-0.00000,0.08473,1.52454,-0.15188,0.00000
115680000000,-9.45151,13.14899,0.02073,0.99693,0.00000,-0.00000,0.07828,1.52764,-0.15085,0.00000
115700000000,-9.42085,13.15060,0.02073,0.99742,0.00000,-0.00000,0.07185,1.52783,-0.14906,0.00000
115720000000,-9.39008,13.15184,0.02073,0.99786,0.00000,-0.00000,0.06546,1.53405,-0.14852,0.00000
115740000000,-9.35924,13.15272,0.02073,0.99825,0.00000,-0.00000,0.05909,1.53696,-0.14715,0.00000
115760000000,-9.32830,13.15325,0.02073,0.99861,0.00000,-0.00000,0.05276,1.54063,-0.14567,0.00000
115780000000,-9.29730,13.15342,0.02073,0.99892,0.00000,-0.00000,0.04645,1.54395,-0.14407,0.00000
115800000000,-9.26629,13.15325,0.02073,0.99919,0.00000,-0.00000,0.04017,1.54440,-0.14192,0.00000
115820000000,-9.23518,13.15272,0.02073,0.99942,0.00000,-0.00000,0.03391,1.55066,-0.14057,0.00000
115840000000,-9.20404,13.15184,0.02073,0.99962,0.00000,-0.00000,0.02768,1.55262,-0.13847,0.00000
115860000000,-9.17280,13.15063,0.02073,0.99977,0.00000,-0.00000,0.02147,1.55760,-0.13655,0.00000
115880000000,-9.14153,13.14907,0.02073,0.99988,0.00000,-0.00000,0.01529,1.56076,-0.13432,0.00000
115900000000,-9.11026,13.14717,0.02073,0.99996,0.00000,-0.00000,0.00913,1.56160,-0.13177,0.00000
115920000000,-9.07890,13.14494,0.02073,1.00000,0.00000,-0.00000,0.00299,1.56758,-0.12956,0.00000
115940000000,-9.04751,13.14237,0.02073,1.00000,0.00000,0.00000,-0.00312,1.57103,-0.12722,0.00000
115960000000,-9.01607,13.13946,0.02073,0.99996,0.00000,0.00000,-0.00917,1.57380,-0.12548,0.00000
115980000000,-8.98462,13.13620,0.02073,0.99989,0.00000,0.00000,-0.01512,1.57592,-0.12366,0.00000
116000000000,-8.95324,13.13261,0.02073,0.99978,0.00000,0.00000,-0.02098,1.57487,-0.12162,0.00000
116020000000,-8.92182,13.12869,0.02073,0.99964,0.00000,0.00000,-0.02675,1.57969,-0.11993,0.00000
116040000000,-8.89040,13.12445,0.02073,0.99947,0.00000,0.00000,-0.03243,1.58189,-0.11806,0.00000
116060000000,-8.85894,13.11988,0.02073,0.99928,0.00000,0.00000,-0.03801,1.58569,-0.11607,0.00000
116080000000,-8.82749,13.11500,0.02073,0.99905,0.00000,0.00000,-0.04350,1.58713,-0.11391,0.00000
116100000000,-8.79608,13.10982,0.02073,0.99880,0.00000,0.00000,-0.04888,1.58884,-0.11192,0.00000
116120000000,-8.76465,13.10435,0.02073,0.99853,0.00000,0.00000,-0.05416,1.59160,-0.10964,0.00000
116140000000,-8.73324,13.09858,0.02073,0.99824,0.00000,0.00000,-0.05933,1.59311,-0.10735,0.00000
116160000000,-8.70189,13.09255,0.02073,0.99793,0.00000,0.00000,-0.06438,1.59321,-0.10518,0.00000
116180000000,-8.67055,13.08623,0.02073,0.99759,0.00000,0.00000,-0.06931,1.59600,-0.10277,0.00000
116200000000,-8.63925,13.07966,0.02073,0.99725,0.00000,0.00000,-0.07414,1.59641,-0.10044,0.00000
116220000000,-8.60798,13.07283,0.02073,0.99689,0.00000,0.00000,-0.07885,1.59642,-0.09788,0.00000
116240000000,-8.57680,13.06576,0.02073,0.99651,0.00000,0.00000,-0.08344,1.59606,-0.09571,0.00000
116260000000,-8.54565,13.05845,0.02073,0.99613,0.00000,0.00000,-0.08790,1.59781,-0.09319,0.00000
116280000000,-8.51452,13.05090,0.02073,0.99574,0.00000,0.00000,-0.09225,1.59937,-0.09102,0.00000
116300000000,-8.48342,13.04313,0.02073,0.99534,0.00000,0.00000,-0.09648,1.60059,-0.08831,0.00000
116320000000,-8.45235,13.03515,0.02073,0.99493,0.00000,0.00000,-0.10058,1.60167,-0.08611,0.00000
116340000000,-8.42133,13.02696,0.02073,0.99452,0.00000,0.00000,-0.10455,1.60239,-0.08333,0.00000
116360000000,-8.39034,13.01857,0.02073,0.99411,0.00000,0.00000,-0.10838,1.60302,-0.08104,0.00000
116380000000,-8.35940,13.01000,0.02073,0.99370,0.00000,0.00000,-0.11208,1.60331,-0.07827,0.00000
116400000000,-8.32851,13.00124,0.02073,0.99329,0.00000,0.00000,-0.11564,1.60349,-0.07585,0.00000
116420000000,-8.29767,12.99232,0.02073,0.99289,0.00000,0.00000,-0.11906,1.60346,-0.07341,0.00000
116440000000,-8.26689,12.98325,0.02073,0.99249,0.00000,0.00000,-0.12233,1.60314,-0.07055,0.00000
116460000000,-8.23615,12.97403,0.02073,0.99210,0.00000,0.00000,-0.12547,1.60267,-0.06793,0.00000
116480000000,-8.20548,12.96468,0.02073,0.99171,0.00000,0.00000,-0.12847,1.60193,-0.06498,0.00000
116500000000,-8.17486,12.95521,0.02073,0.99134,0.00000,0.00000,-0.13133,1.60120,-0.06274,0.00000
116520000000,-8.14430,12.94561,0.02073,0.99098,0.00000,0.00000,-0.13404,1.60014,-0.05988,0.00000
116540000000,-8.11380,12.93591,0.02073,0.99063,0.00000,0.00000,-0.13659,1.59908,-0.05753,0.00000
116560000000,-8.08335,12.92611,0.02073,0.99029,0.00000,0.00000,-0.13900,1.59782,-0.05506,0.00000
116580000000,-8.05297,12.91623,0.02073,0.98997,0.00000,0.00000,-0.14125,1.59636,-0.05229,0.00000
116600000000,-8.02264,12.90627,0.02073,0.98967,0.00000,0.00000,-0.14335,1.59481,-0.04969,0.00000
116620000000,-7.99237,12.89625,0.02073,0.98939,0.00000,0.00000,-0.14531,1.59311,-0.04703,0.00000
116640000000,-7.96216,12.88617,0.02073,0.98912,0.00000,0.00000,-0.14711,1.59137,-0.04456,0.00000
116660000000,-7.93200,12.87604,0.02073,0.98887,0.00000,0.00000,-0.14876,1.58958,-0.04227,0.00000
116680000000,-7.90190,12.86588,0.02073,0.98865,0.00000,0.00000,-0.15026,1.58754,-0.03945,0.00000
116700000000,-7.87185,12.85570,0.02073,0.98844,0.00000,0.00000,-0.15161,1.58550,-0.03691,0.00000
116720000000,-7.84185,12.84550,0.02073,0.98825,0.00000,0.00000,-0.15284,1.58323,-0.03392,0.00000
116740000000,-7.81190,12.83531,0.02073,0.98807,0.00000,0.00000,-0.15398,1.58071,-0.03049,0.00000
116760000000,-7.78201,12.82512,0.02073,0.98792,0.00000,0.00000,-0.15499,1.57861,-0.02867,0.00000
116780000000,-7.75216,12.81492,0.02073,0.98778,0.00000,0.00000,-0.15586,1.57632,-0.02635,0.00000
116800000000,-7.72236,12.80473,0.02073,0.98766,0.00000,0.00000,-0.15661,1.57403,-0.02413,0.00000
116820000000,-7.69260,12.79455,0.02073,0.98756,0.00000,0.00000,-0.15723,1.57172,-0.02197,0.00000
116840000000,-7.66288,12.78439,0.02073,0.98748,0.00000,0.00000,-0.15771,1.56946,-0.01998,0.00000
116860000000,-7.63321,12.77427,0.02073,0.98743,0.00000,0.00000,-0.15807,1.56720,-0.01800,0.00000
116880000000,-7.60357,12.76417,0.02073,0.98739,0.00000,0.00000,-0.15830,1.56488,-0.01583,0.00000
116900000000,-7.57396,12.75412,0.02073,0.98737,0.00000,0.00000,-0.15841,1.56258,-0.01378,0.00000
116920000000,-7.54439,12.74413,0.02073,0.98738,0.00000,0.00000,-0.15840,1.56022,-0.01153,0.00000
116940000000,-7.51484,12.73419,0.02073,0.98740,0.00000,0.00000,-0.15826,1.55802,-0.00971,0.00000
116960000000,-7.48532,12.72432,0.02073,0.98744,0.00000,0.00000,-0.15801,1.55573,-0.00752,0.00000
116980000000,-7.45583,12.71451,0.02073,0.98750,0.00000,0.00000,-0.15764,1.55359,-0.00565,0.00000
117000000000,-7.42635,12.70478,0.02073,0.98757,0.00000,0.00000,-0.15715,1.55141,-0.00352,0.00000
117020000000,-7.39689,12.69514,0.02073,0.98767,0.00000,0.00000,-0.15655,1.54938,-0.00161,0.00000
117040000000,-7.36745,12.68559,0.02073,0.98778,0.00000,0.00000,-0.15584,1.54740,0.00036,0.00000
117060000000,-7.33801,12.67613,0.02073,0.98791,0.00000,0.00000,-0.15502,1.54551,0.00244,0.00000
117080000000,-7.30858,12.66677,0.02073,0.98806,0.00000,0.00000,-0.15410,1.54379,0.00436,0.00000
117100000000,-7.27914,12.65752,0.02073,0.98821,0.00000,0.00000,-0.15307,1.54215,0.00650,0.00000
117120000000,-7.24971,12.64838,0.02073,0.98839,0.00000,0.00000,-0.15195,1.54069,0.00853,0.00000
117140000000,-7.22026,12.63936,0.02073,0.98857,0.00000,0.00000,-0.15074,1.53941,0.01053,0.00000
117160000000,-7.19081,12.63046,0.02073,0.98877,0.00000,0.00000,-0.14943,1.53830,0.01259,0.00000
117180000000,-7.16133,12.62169,0.02073,0.98898,0.00000,0.00000,-0.14803,1.53739,0.01458,0.00000
117200000000,-7.13183,12.61304,0.02073,0.98920,0.00000,0.00000,-0.14655,1.53667,0.01664,0.00000
117220000000,-7.10231,12.60453,0.02073,0.98943,0.00000,0.00000,-0.14499,1.53615,0.01873,0.00000
117240000000,-7.07275,12.59616,0.02073,0.98967,0.00000,0.00000,-0.14335,1.53587,0.02078,0.00000
117260000000,-7.04316,12.58792,0.02073,0.98992,0.00000,0.00000,-0.14163,1.53581,0.02286,0.00000
117280000000,-7.01352,12.57983,0.02073,0.99017,0.00000,0.00000,-0.13985,1.53600,0.02490,0.00000
117300000000,-6.98383,12.57189,0.02073,0.99043,0.00000,0.00000,-0.13799,1.53645,0.02697,0.00000
117320000000,-6.95409,12.56410,0.02073,0.99070,0.00000,0.00000,-0.13606,1.53715,0.02905,0.00000
117340000000,-6.92429,12.55646,0.02073,0.99097,0.00000,0.00000,-0.13407,1.53812,0.03113,0.00000
117360000000,-6.89443,12.54897,0.02073,0.99125,0.00000,0.00000,-0.13202,1.53938,0.03322,0.00000
117380000000,-6.86449,12.54165,0.02073,0.99153,0.00000,0.00000,-0.12991,1.54092,0.03531,0.00000
117400000000,-6.83448,12.53448,0.02073,0.99181,0.00000,0.00000,-0.12774,1.54275,0.03743,0.00000
117420000000,-6.80439,12.52748,0.02073,0.99209,0.00000,0.00000,-0.12552,1.54489,0.03951,0.00000
117440000000,-6.77421,12.52065,0.02073,0.99238,0.00000,0.00000,-0.12325,1.54733,0.04162,0.00000
117460000000,-6.74393,12.51398,0.02073,0.99266,0.00000,0.00000,-0.12093,1.55010,0.04373,0.00000
117480000000,-6.71356,12.50748,0.02073,0.99295,0.00000,0.00000,-0.11856,1.55318,0.04583,0.00000
117500000000,-6.68308,12.50115,0.02073,0.99323,0.00000,0.00000,-0.11615,1.55658,0.04798,0.00000
117520000000,-6.65249,12.49500,0.02073,0.99352,0.00000,0.00000,-0.11369,1.56034,0.05004,0.00000
117540000000,-6.62178,12.48902,0.02073,0.99380,0.00000,0.00000,-0.11119,1.56443,0.05214,0.00000
117560000000,-6.59099,12.48323,0.02073,0.99408,0.00000,0.00000,-0.10864,1.56552,0.05375,0.00000
117580000000,-6.56019,12.47762,0.02073,0.99436,0.00000,0.00000,-0.10603,1.56395,0.05494,0.00000
117600000000,-6.52939,12.47221,0.02073,0.99464,0.00000,0.00000,-0.10337,1.56188,0.05608,0.00000
117620000000,-6.49859,12.46699,0.02073,0.99492,0.00000,0.00000,-0.10065,1.56092,0.05721,0.00000
117640000000,-6.46778,12.46197,0.02073,0.99520,0.00000,0.00000,-0.09788,1.55941,0.05829,0.00000
117660000000,-6.43696,12.45714,0.02073,0.99547,0.00000,0.00000,-0.09506,1.55818,0.05935,0.00000
117680000000,-6.40615,12.45253,0.02073,0.99574,0.00000,0.00000,-0.09219,1.55634,0.06034,0.00000
117700000000,-6.37534,12.44811,0.02073,0.99601,0.00000,0.00000,-0.08928,1.55402,0.06127,0.00000
117720000000,-6.34453,12.44390,0.02073,0.99627,0.00000,0.00000,-0.08631,1.55319,0.06221,0.00000
117740000000,-6.31373,12.43990,0.02073,0.99652,0.00000,0.00000,-0.08331,1.55161,0.06308,0.00000
117760000000,-6.28292,12.43611,0.02073,0.99677,0.00000,0.00000,-0.08026,1.55015,0.06394,0.00000
117780000000,-6.25213,12.43252,0.02073,0.99702,0.00000,0.00000,-0.07718,1.54838,0.06472,0.00000
117800000000,-6.22134,12.42915,0.02073,0.99725,0.00000,0.00000,-0.07405,1.54674,0.06549,0.00000
117820000000,-6.19057,12.42600,0.02073,0.99748,0.00000,0.00000,-0.07089,1.54509,0.06619,0.00000
117840000000,-6.15979,12.42305,0.02073,0.99771,0.00000,0.00000,-0.06770,1.54410,0.06691,0.00000
117860000000,-6.12905,12.42032,0.02073,0.99792,0.00000,0.00000,-0.06448,1.54173,0.06751,0.00000
117880000000,-6.09829,12.41781,0.02073,0.99812,0.00000,0.00000,-0.06122,1.54111,0.06816,0.00000
117900000000,-6.06758,12.41552,0.02073,0.99832,0.00000,0.00000,-0.05794,1.53829,0.06867,0.00000
117920000000,-6.03689,12.41344,0.02073,0.99851,0.00000,0.00000,-0.05463,1.53525,0.06911,0.00000
117940000000,-6.00623,12.41158,0.02073,0.99868,0.00000,0.00000,-0.05131,1.53381,0.06958,0.00000
117960000000,-5.97557,12.40994,0.02073,0.99885,0.00000,0.00000,-0.04796,1.53305,0.07003,0.00000
117980000000,-5.94494,12.40851,0.02073,0.99901,0.00000,0.00000,-0.04459,1.53125,0.07042,0.00000
118000000000,-5.91432,12.40730,0.02073,0.99915,0.00000,0.00000,-0.04120,1.53029,0.07081,0.00000
118020000000,-5.88375,12.40631,0.02073,0.99929,0.00000,0.00000,-0.03780,1.52759,0.07107,0.00000
118040000000,-5.85319,12.40553,0.02073,0.99941,0.00000,0.00000,-0.03438,1.52607,0.07135,0.00000
118060000000,-5.82269,12.40498,0.02073,0.99952,0.00000,0.00000,-0.03095,1.52388,0.07154,0.00000
118080000000,-5.79220,12.40463,0.02073,0.99962,0.00000,0.00000,-0.02751,1.52205,0.07173,0.00000
118100000000,-5.76176,12.40450,0.02073,0.99971,0.00000,0.00000,-0.02407,1.52004,0.07184,0.00000
118120000000,-5.73135,12.40459,0.02073,0.99979,0.00000,0.00000,-0.02062,1.51753,0.07191,0.00000
118140000000,-5.70100,12.40489,0.02073,0.99985,0.00000,0.00000,-0.01717,1.51618,0.07197,0.00000
118160000000,-5.67067,12.40539,0.02073,0.99991,0.00000,0.00000,-0.01372,1.51419,0.07198,0.00000
118180000000,-5.64036,12.40611,0.02073,0.99995,0.00000,0.00000,-0.01027,1.51407,0.07204,0.00000
118200000000,-5.61012,12.40702,0.02073,0.99998,0.00000,0.00000,-0.00686,1.51106,0.07080,0.00000
118220000000,-5.57989,12.40810,0.02073,0.99999,0.00000,0.00000,-0.00352,1.51065,0.06821,0.00000
118240000000,-5.54967,12.40932,0.02073,1.00000,0.00000,0.00000,-0.00033,1.51039,0.06653,0.00000
118260000000,-5.51948,12.41071,0.02073,1.00000,0.00000,0.00000,0.00280,1.50951,0.06493,0.00000
118280000000,-5.48931,12.41227,0.02073,0.99998,0.00000,0.00000,0.00591,1.50916,0.06492,0.00000
118300000000,-5.45922,12.41402,0.02073,0.99996,0.00000,0.00000,0.00901,1.50540,0.06475,0.00000
118320000000,-5.42919,12.41595,0.02073,0.99993,0.00000,0.00000,0.01210,1.50170,0.06459,0.00000
118340000000,-5.39920,12.41807,0.02073,0.99988,0.00000,0.00000,0.01517,1.50153,0.06446,0.00000
118360000000,-5.36926,12.42036,0.02073,0.99983,0.00000,-0.00000,0.01822,1.49960,0.06430,0.00000
118380000000,-5.33934,12.42283,0.02073,0.99977,0.00000,-0.00000,0.02126,1.49977,0.06415,0.00000
118400000000,-5.30951,12.42548,0.02073,0.99971,0.00000,-0.00000,0.02427,1.49581,0.06395,0.00000
118420000000,-5.27970,12.42830,0.02073,0.99963,0.00000,-0.00000,0.02726,1.49526,0.06374,0.00000
118440000000,-5.24998,12.43128,0.02073,0.99954,0.00000,-0.00000,0.03021,1.49206,0.06349,0.00000
118460000000,-5.22032,12.43444,0.02073,0.99945,0.00000,-0.00000,0.03313,1.48881,0.06326,0.00000
118480000000,-5.19071,12.43776,0.02073,0.99935,0.00000,-0.00000,0.03601,1.48814,0.06292,0.00000
118500000000,-5.16116,12.44124,0.02073,0.99925,0.00000,-0.00000,0.03885,1.48674,0.06258,0.00000
118520000000,-5.13164,12.44487,0.02073,0.99913,0.00000,-0.00000,0.04165,1.48394,0.06230,0.00000
118540000000,-5.10220,12.44866,0.02073,0.99901,0.00000,-0.00000,0.04440,1.48333,0.06187,0.00000
118560000000,-5.07279,12.45260,0.02073,0.99889,0.00000,-0.00000,0.04712,1.48168,0.06148,0.00000
118580000000,-5.04340,12.45669,0.02073,0.99876,0.00000,-0.00000,0.04980,1.48230,0.06097,0.00000
118600000000,-5.01410,12.46093,0.02073,0.99863,0.00000,-0.00000,0.05242,1.47847,0.06068,0.00000
118620000000,-4.98482,12.46530,0.02073,0.99849,0.00000,-0.00000,0.05499,1.47915,0.06008,0.00000
118640000000,-4.95561,12.46981,0.02073,0.99834,0.00000,-0.00000,0.05751,1.47542,0.05976,0.00000
118660000000,-4.92645,12.47445,0.02073,0.99820,0.00000,-0.00000,0.05997,1.47464,0.05921,0.00000
118680000000,-4.89737,12.47922,0.02073,0.99805,0.00000,-0.00000,0.06237,1.47258,0.05869,0.00000
118700000000,-4.86831,12.48411,0.02073,0.99790,0.00000,-0.00000,0.06471,1.47102,0.05814,0.00000
118720000000,-4.83932,12.48912,0.02073,0.99775,0.00000,-0.00000,0.06699,1.46993,0.05748,0.00000
118740000000,-4.81037,12.49425,0.02073,0.99760,0.00000,-0.00000,0.06920,1.46768,0.05695,0.00000
118760000000,-4.78148,12.49948,0.02073,0.99745,0.00000,-0.00000,0.07135,1.46750,0.05615,0.00000
118780000000,-4.75264,12.50482,0.02073,0.99730,0.00000,-0.00000,0.07343,1.46397,0.05569,0.00000
118800000000,-4.72383,12.51026,0.02073,0.99715,0.00000,-0.00000,0.07544,1.46479,0.05471,0.00000
118820000000,-4.69509,12.51579,0.02073,0.99700,0.00000,-0.00000,0.07738,1.46237,0.05407,0.00000
118840000000,-4.66637,12.52142,0.02073,0.99686,0.00000,-0.00000,0.07925,1.46125,0.05327,0.00000
118860000000,-4.63770,12.52713,0.02073,0.99671,0.00000,-0.00000,0.08104,1.46103,0.05231,0.00000
118880000000,-4.60905,12.53292,0.02073,0.99657,0.00000,-0.00000,0.08278,1.46037,0.05141,0.00000
118900000000,-4.58040,12.53879,0.02073,0.99643,0.00000,-0.00000,0.08446,1.46133,0.05028,0.00000
118920000000,-4.55180,12.54473,0.02073,0.99629,0.00000,-0.00000,0.08606,1.45914,0.04957,0.00000
118940000000,-4.52322,12.55074,0.02073,0.99616,0.00000,-0.00000,0.08760,1.45980,0.04844,0.00000
118960000000,-4.49468,12.55682,0.02073,0.99603,0.00000,-0.00000,0.08907,1.45800,0.04763,0.00000
118980000000,-4.46616,12.56296,0.02073,0.99590,0.00000,-0.00000,0.09047,1.45791,0.04657,0.00000
119000000000,-4.43768,12.56915,0.02073,0.99578,0.00000,-0.00000,0.09179,1.45696,0.04559,0.00000
119020000000,-4.40921,12.57540,0.02073,0.99566,0.00000,-0.00000,0.09305,1.45573,0.04467,0.00000
119040000000,-4.38077,12.58169,0.02073,0.99555,0.00000,-0.00000,0.09424,1.45603,0.04345,0.00000
119060000000,-4.35233,12.58802,0.02073,0.99544,0.00000,-0.00000,0.09536,1.45559,0.04237,0.00000
119080000000,-4.32390,12.59440,0.02073,0.99534,0.00000,-0.00000,0.09643,1.45654,0.04105,0.00000
119100000000,-4.29551,12.60081,0.02073,0.99524,0.00000,-0.00000,0.09741,1.45478,0.04017,0.00000
119120000000,-4.26711,12.60725,0.02073,0.99515,0.00000,-0.00000,0.09834,1.45522,0.03890,0.00000
119140000000,-4.23875,12.61371,0.02073,0.99507,0.00000,-0.00000,0.09919,1.45406,0.03788,0.00000
119160000000,-4.21041,12.62020,0.02073,0.99499,0.00000,-0.00000,0.09997,1.45266,0.03691,0.00000
119180000000,-4.18207,12.62671,0.02073,0.99492,0.00000,-0.00000,0.10068,1.45344,0.03550,0.00000
119200000000,-4.15374,12.63323,0.02073,0.99485,0.00000,-0.00000,0.10134,1.45317,0.03429,0.00000
119220000000,-4.12540,12.63976,0.02073,0.99479,0.00000,-0.00000,0.10193,1.45377,0.03293,0.00000
119240000000,-4.09709,12.64630,0.02073,0.99474,0.00000,-0.00000,0.10245,1.45267,0.03186,0.00000
119260000000,-4.06877,12.65284,0.02073,0.99469,0.00000,-0.00000,0.10291,1.45263,0.03060,0.00000
119280000000,-4.04047,12.65938,0.02073,0.99465,0.00000,-0.00000,0.10330,1.45226,0.02937,0.00000
119300000000,-4.01218,12.66591,0.02073,0.99462,0.00000,-0.00000,0.10362,1.45109,0.02830,0.00000
119320000000,-3.98388,12.67244,0.02073,0.99459,0.00000,-0.00000,0.10388,1.45195,0.02681,0.00000
119340000000,-3.95558,12.67895,0.02073,0.99457,0.00000,-0.00000,0.10408,1.45182,0.02552,0.00000
119360000000,-3.92728,12.68545,0.02073,0.99455,0.00000,-0.00000,0.10422,1.45125,0.02433,0.00000
119380000000,-3.89898,12.69192,0.02073,0.99455,0.00000,-0.00000,0.10430,1.45163,0.02292,0.00000
119400000000,-3.87067,12.69838,0.02073,0.99454,0.00000,-0.00000,0.10432,1.45156,0.02161,0.00000
119420000000,-3.84235,12.70480,0.02073,0.99455,0.00000,-0.00000,0.10428,1.45173,0.02027,0.00000
119440000000,-3.81404,12.71120,0.02073,0.99456,0.00000,-0.00000,0.10418,1.45148,0.01899,0.00000
119460000000,-3.78571,12.71756,0.02073,0.99457,0.00000,-0.00000,0.10403,1.45134,0.01771,0.00000
119480000000,-3.75738,12.72389,0.02073,0.99460,0.00000,-0.00000,0.10381,1.45148,0.01635,0.00000
119500000000,-3.72904,12.73018,0.02073,0.99463,0.00000,-0.00000,0.10354,1.45086,0.01516,0.00000
119520000000,-3.70069,12.73642,0.02073,0.99466,0.00000,-0.00000,0.10321,1.45156,0.01369,0.00000
119540000000,-3.67233,12.74262,0.02073,0.99470,0.00000,-0.00000,0.10283,1.45163,0.01236,0.00000
119560000000,-3.64395,12.74877,0.02073,0.99474,0.00000,-0.00000,0.10240,1.45115,0.01115,0.00000
119580000000,-3.61557,12.75487,0.02073,0.99479,0.00000,-0.00000,0.10191,1.45184,0.00969,0.00000
119600000000,-3.58717,12.76091,0.02073,0.99485,0.00000,-0.00000,0.10137,1.45196,0.00836,0.00000
119620000000,-3.55874,12.76689,0.02073,0.99491,0.00000,-0.00000,0.10078,1.45260,0.00695,0.00000
119640000000,-3.53031,12.77282,0.02073,0.99497,0.00000,-0.00000,0.10014,1.45227,0.00573,0.00000
119660000000,-3.50185,12.77868,0.02073,0.99504,0.00000,-0.00000,0.09946,1.45270,0.00438,0.00000
119680000000,-3.47339,12.78448,0.02073,0.99512,0.00000,-0.00000,0.09872,1.45266,0.00312,0.00000
119700000000,-3.44490,12.79020,0.02073,0.99519,0.00000,-0.00000,0.09794,1.45276,0.00184,0.00000
119720000000,-3.41640,12.79586,0.02073,0.99527,0.00000,-0.00000,0.09711,1.45312,0.00052,0.00000
119740000000,-3.38787,12.80144,0.02073,0.99536,0.00000,-0.00000,0.09623,1.45339,-0.00077,0.00000
119760000000,-3.35932,12.80695,0.02073,0.99545,0.00000,-0.00000,0.09532,1.45399,-0.00211,0.00000
119780000000,-3.33076,12.81238,0.02073,0.99554,0.00000,-0.00000,0.09435,1.45396,-0.00331,0.00000
119800000000,-3.30217,12.81773,0.02073,0.99563,0.00000,-0.00000,0.09335,1.45440,-0.00459,0.00000
119820000000,-3.27356,12.82300,0.02073,0.99573,0.00000,-0.00000,0.09230,1.45462,-0.00582,0.00000
119840000000,-3.24493,12.82818,0.02073,0.99583,0.00000,-0.00000,0.09122,1.45481,-0.00703,0.00000
119860000000,-3.21627,12.83328,0.02073,0.99593,0.00000,-0.00000,0.09009,1.45536,-0.00829,0.00000
119880000000,-3.18759,12.83829,0.02073,0.99604,0.00000,-0.00000,0.08892,1.45564,-0.00948,0.00000
119900000000,-3.15889,12.84321,0.02073,0.99615,0.00000,-0.00000,0.08772,1.45617,-0.01071,0.00000
119920000000,-3.13016,12.84803,0.02073,0.99625,0.00000,-0.00000,0.08648,1.45661,-0.01189,0.00000
119940000000,-3.10141,12.85276,0.02073,0.99636,0.00000,-0.00000,0.08521,1.45712,-0.01307,0.00000
119960000000,-3.07263,12.85740,0.02073,0.99647,0.00000,-0.00000,0.08390,1.45754,-0.01422,0.00000
119980000000,-3.04382,12.86193,0.02073,0.99659,0.00000,-0.00000,0.08255,1.45804,-0.01536,0.00000
120000000000,-3.01499,12.86637,0.02073,0.99670,0.00000,-0.00000,0.08117,1.45855,-0.01648,0.00000
120020000000,-2.98613,12.87071,0.02073,0.99681,0.00000,-0.00000,0.07976,1.45918,-0.01760,0.00000
120040000000,-2.95725,12.87494,0.02073,0.99693,0.00000,-0.00000,0.07832,1.45963,-0.01867,0.00000
120060000000,-2.92834,12.87908,0.02073,0.99704,0.00000,-0.00000,0.07685,1.46020,-0.01973,0.00000
120080000000,-2.89940,12.88310,0.02073,0.99716,0.00000,-0.00000,0.07535,1.46087,-0.02080,0.00000
120100000000,-2.87044,12.88702,0.02073,0.99727,0.00000,-0.00000,0.07383,1.46140,-0.02181,0.00000
120120000000,-2.84144,12.89083,0.02073,0.99739,0.00000,-0.00000,0.07227,1.46225,-0.02286,0.00000
120140000000,-2.81242,12.89453,0.02073,0.99750,0.00000,-0.00000,0.07069,1.46266,-0.02380,0.00000
120160000000,-2.78338,12.89813,0.02073,0.99761,0.00000,-0.00000,0.06908,1.46332,-0.02476,0.00000
120180000000,-2.75430,12.90161,0.02073,0.99772,0.00000,-0.00000,0.06745,1.46389,-0.02569,0.00000
120200000000,-2.72520,12.90498,0.02073,0.99783,0.00000,-0.00000,0.06579,1.46470,-0.02663,0.00000
120220000000,-2.69608,12.90823,0.02073,0.99794,0.00000,-0.00000,0.06411,1.46527,-0.02751,0.00000
120240000000,-2.66692,12.91137,0.02073,0.99805,0.00000,-0.00000,0.06241,1.46614,-0.02840,0.00000
120260000000,-2.63773,12.91440,0.02073,0.99816,0.00000,-0.00000,0.06069,1.46731,-0.02932,0.00000
120280000000,-2.60852,12.91731,0.02073,0.99826,0.00000,-0.00000,0.05894,1.46769,-0.03008,0.00000
120300000000,-2.57928,12.92010,0.02073,0.99836,0.00000,-0.00000,0.05718,1.46842,-0.03087,0.00000
120320000000,-2.55001,12.92277,0.02073,0.99846,0.00000,-0.00000,0.05540,1.46967,-0.03171,0.00000
120340000000,-2.52072,12.92533,0.02073,0.99856,0.00000,-0.00000,0.05360,1.47001,-0.03239,0.00000
120360000000,-2.49140,12.92777,0.02073,0.99866,0.00000,-0.00000,0.05178,1.47084,-0.03311,0.00000
120380000000,-2.46206,12.93008,0.02073,0.99875,0.00000,-0.00000,0.04994,1.47112,-0.03374,0.00000
120400000000,-2.43269,12.93228,0.02073,0.99884,0.00000,-0.00000,0.04809,1.47253,-0.03449,0.00000
120420000000,-2.40330,12.93436,0.02073,0.99893,0.00000,-0.00000,0.04623,1.47279,-0.03507,0.00000
120440000000,-2.37387,12.93631,0.02073,0.99902,0.00000,-0.00000,0.04435,1.47429,-0.03576,0.00000
120460000000,-2.34442,12.93815,0.02073,0.99910,0.00000,-0.00000,0.04245,1.47577,-0.03642,0.00000
120480000000,-2.31494,12.93986,0.02073,0.99918,0.00000,-0.00000,0.04055,1.47608,-0.03691,0.00000
120500000000,-2.28544,12.94145,0.02073,0.99925,0.00000,-0.00000,0.03863,1.47700,-0.03744,0.00000
120520000000,-2.25591,12.94292,0.02073,0.99933,0.00000,-0.00000,0.03670,1.47783,-0.03794,0.00000
120540000000,-2.22636,12.94426,0.02073,0.99940,0.00000,-0.00000,0.03476,1.47888,-0.03842,0.00000
120560000000,-2.19678,12.94548,0.02073,0.99946,0.00000,-0.00000,0.03281,1.48062,-0.03895,0.00000
120580000000,-2.16717,12.94658,0.02073,0.99952,0.00000,-0.00000,0.03085,1.48082,-0.03928,0.00000
120600000000,-2.13754,12.94756,0.02073,0.99958,0.00000,-0.00000,0.02889,1.48182,-0.03967,0.00000
120620000000,-2.10790,12.94841,0.02073,0.99964,0.00000,-0.00000,0.02691,1.48268,-0.04003,0.00000
120640000000,-2.07822,12.94914,0.02073,0.99969,0.00000,-0.00000,0.02493,1.48386,-0.04037,0.00000
120660000000,-2.04851,12.94975,0.02073,0.99974,0.00000,-0.00000,0.02294,1.48587,-0.04074,0.00000
120680000000,-2.01879,12.95023,0.02073,0.99978,0.00000,-0.00000,0.02095,1.48597,-0.04093,0.00000
120700000000,-1.98904,12.95060,0.02073,0.99982,0.00000,-0.00000,0.01895,1.48705,-0.04118,0.00000
120720000000,-1.95929,12.95084,0.02073,0.99986,0.00000,-0.00000,0.01695,1.48713,-0.04134,0.00000
120740000000,-1.92950,12.95095,0.02073,0.99989,0.00000,-0.00000,0.01494,1.48929,-0.04159,0.00000
120760000000,-1.89970,12.95095,0.02073,0.99992,0.00000,-0.00000,0.01293,1.48934,-0.04169,0.00000
120780000000,-1.86986,12.95082,0.02073,0.99994,0.00000,-0.00000,0.01092,1.49160,-0.04187,0.00000
120800000000,-1.84001,12.95057,0.02073,0.99996,0.00000,-0.00000,0.00891,1.49238,-0.04184,0.00000
120820000000,-1.81013,12.95021,0.02073,0.99998,0.00000,-0.00000,0.00692,1.49354,-0.04149,0.00000
120840000000,-1.78024,12.94976,0.02073,0.99999,0.00000,0.00000,0.00499,1.49428,-0.03950,0.00000
120860000000,-1.75035,12.94921,0.02073,1.00000,0.00000,0.00000,0.00310,1.49433,-0.03949,0.00000
120880000000,-1.72034,12.94854,0.02073,1.00000,0.00000,0.00000,0.00120,1.50353,-0.03967,0.00000
120900000000,-1.69010,12.94776,0.02073,1.00000,0.00000,0.00000,-0.00070,1.51458,-0.03959,0.00000
120920000000,-1.65965,12.94687,0.02073,1.00000,0.00000,0.00000,-0.00259,1.52546,-0.03928,0.00000
120940000000,-1.62900,12.94587,0.02073,0.99999,0.00000,0.00000,-0.00445,1.53414,-0.03870,0.00000
120960000000,-1.59834,12.94478,0.02073,0.99998,0.00000,0.00000,-0.00628,1.53383,-0.03788,0.00000
120980000000,-1.56765,12.94359,0.02073,0.99997,0.00000,0.00000,-0.00806,1.53496,-0.03707,0.00000
121000000000,-1.53697,12.94231,0.02073,0.99995,0.00000,0.00000,-0.00981,1.53543,-0.03625,0.00000
121020000000,-1.50627,12.94094,0.02073,0.99993,0.00000,0.00000,-0.01152,1.53563,-0.03541,0.00000
121040000000,-1.47557,12.93948,0.02073,0.99991,0.00000,0.00000,-0.01319,1.53691,-0.03459,0.00000
121060000000,-1.44487,12.93794,0.02073,0.99989,0.00000,0.00000,-0.01482,1.53617,-0.03371,0.00000
121080000000,-1.41418,12.93632,0.02073,0.99987,0.00000,0.00000,-0.01640,1.53637,-0.03286,0.00000
121100000000,-1.38350,12.93462,0.02073,0.99984,0.00000,0.00000,-0.01795,1.53632,-0.03202,0.00000
121120000000,-1.35280,12.93284,0.02073,0.99981,0.00000,0.00000,-0.01945,1.53670,-0.03116,0.00000
121140000000,-1.32212,12.93098,0.02073,0.99978,0.00000,0.00000,-0.02092,1.53730,-0.03033,0.00000
121160000000,-1.29143,12.92906,0.02073,0.99975,0.00000,0.00000,-0.02234,1.53691,-0.02945,0.00000
121180000000,-1.26074,12.92707,0.02073,0.99972,0.00000,0.00000,-0.02372,1.53773,-0.02861,0.00000
121200000000,-1.23006,12.92500,0.02073,0.99969,0.00000,0.00000,-0.02506,1.53726,-0.02774,0.00000
121220000000,-1.19939,12.92288,0.02073,0.99965,0.00000,0.00000,-0.02636,1.53699,-0.02688,0.00000
121240000000,-1.16871,12.92069,0.02073,0.99962,0.00000,0.00000,-0.02762,1.53766,-0.02604,0.00000
121260000000,-1.13805,12.91845,0.02073,0.99958,0.00000,0.00000,-0.02884,1.53693,-0.02518,0.00000
121280000000,-1.10739,12.91615,0.02073,0.99955,0.00000,0.00000,-0.03002,1.53686,-0.02434,0.00000
121300000000,-1.07675,12.91380,0.02073,0.99951,0.00000,0.00000,-0.03115,1.53615,-0.02350,0.00000
121320000000,-1.04611,12.91139,0.02073,0.99948,0.00000,0.00000,-0.03225,1.53670,-0.02268,0.00000
121340000000,-1.01548,12.90893,0.02073,0.99945,0.00000,0.00000,-0.03331,1.53638,-0.02186,0.00000
121360000000,-0.98485,12.90643,0.02073,0.99941,0.00000,0.00000,-0.03433,1.53646,-0.02103,0.00000
121380000000,-0.95422,12.90388,0.02073,0.99938,0.00000,0.00000,-0.03531,1.53685,-0.02022,0.00000
121400000000,-0.92360,12.90129,0.02073,0.99934,0.00000,0.00000,-0.03625,1.53615,-0.01939,0.00000
121420000000,-0.89298,12.89866,0.02073,0.99931,0.00000,0.00000,-0.03715,1.53597,-0.01858,0.00000
121440000000,-0.86239,12.89600,0.02073,0.99928,0.00000,0.00000,-0.03801,1.53544,-0.01778,0.00000
121460000000,-0.83179,12.89330,0.02073,0.99925,0.00000,0.00000,-0.03883,1.53559,-0.01699,0.00000
121480000000,-0.80120,12.89056,0.02073,0.99921,0.00000,0.00000,-0.03962,1.53559,-0.01621,0.00000
121500000000,-0.77062,12.88779,0.02073,0.99918,0.00000,0.00000,-0.04037,1.53514,-0.01542,0.00000
121520000000,-0.74004,12.88500,0.02073,0.99916,0.00000,0.00000,-0.04108,1.53529,-0.01464,0.00000
121540000000,-0.70947,12.88218,0.02073,0.99913,0.00000,0.00000,-0.04175,1.53463,-0.01387,0.00000
121560000000,-0.67891,12.87933,0.02073,0.99910,0.00000,0.00000,-0.04239,1.53437,-0.01311,0.00000
121580000000,-0.64837,12.87646,0.02073,0.99908,0.00000,0.00000,-0.04299,1.53385,-0.01236,0.00000
121600000000,-0.61782,12.87357,0.02073,0.99905,0.00000,0.00000,-0.04356,1.53380,-0.01162,0.00000
121620000000,-0.58729,12.87066,0.02073,0.99903,0.00000,0.00000,-0.04409,1.53341,-0.01089,0.00000
121640000000,-0.55676,12.86774,0.02073,0.99901,0.00000,0.00000,-0.04458,1.53318,-0.01016,0.00000
121660000000,-0.52624,12.86480,0.02073,0.99899,0.00000,0.00000,-0.04504,1.53301,-0.00945,0.00000
121680000000,-0.49573,12.86185,0.02073,0.99897,0.00000,0.00000,-0.04547,1.53252,-0.00874,0.00000
121700000000,-0.46523,12.85889,0.02073,0.99895,0.00000,0.00000,-0.04587,1.53239,-0.00804,0.00000
121720000000,-0.43473,12.85592,0.02073,0.99893,0.00000,0.00000,-0.04623,1.53189,-0.00735,0.00000
121740000000,-0.40424,12.85295,0.02073,0.99892,0.00000,0.00000,-0.04655,1.53144,-0.00668,0.00000
121760000000,-0.37377,12.84997,0.02073,0.99890,0.00000,0.00000,-0.04685,1.53122,-0.00601,0.00000
121780000000,-0.34330,12.84698,0.02073,0.99889,0.00000,0.00000,-0.04711,1.53066,-0.00535,0.00000
121800000000,-0.31283,12.84400,0.02073,0.99888,0.00000,0.00000,-0.04735,1.53026,-0.00471,0.00000
121820000000,-0.28238,12.84101,0.02073,0.99887,0.00000,0.00000,-0.04755,1.52977,-0.00407,0.00000
121840000000,-0.25194,12.83803,0.02073,0.99886,0.00000,0.00000,-0.04772,1.52943,-0.00345,0.00000
121860000000,-0.22150,12.83505,0.02073,0.99885,0.00000,0.00000,-0.04787,1.52907,-0.00283,0.00000
121880000000,-0.19107,12.83207,0.02073,0.99885,0.00000,0.00000,-0.04798,1.52855,-0.00223,0.00000
121900000000,-0.16065,12.82911,0.02073,0.99884,0.00000,0.00000,-0.04807,1.52814,-0.00164,0.00000
121920000000,-0.13024,12.82615,0.02073,0.99884,0.00000,0.00000,-0.04812,1.52764,-0.00106,0.00000
121940000000,-0.09984,12.82320,0.02073,0.99884,0.00000,0.00000,-0.04815,1.52718,-0.00050,0.00000
121960000000,-0.06944,12.82026,0.02073,0.99884,0.00000,0.00000,-0.04816,1.52670,0.00006,0.00000
121980000000,-0.03906,12.81733,0.02073,0.99884,0.00000,0.00000,-0.04813,1.52622,0.00060,0.00000
122000000000,-0.00868,12.81442,0.02073,0.99884,0.00000,0.00000,-0.04809,1.52574,0.00113,0.00000
122020000000,0.02169,12.81152,0.02073,0.99885,0.00000,0.00000,-0.04801,1.52522,0.00165,0.00000
122040000000,0.05205,12.80864,0.02073,0.99885,0.00000,0.00000,-0.04792,1.52470,0.00216,0.00000
122060000000,0.08240,12.80577,0.02073,0.99886,0.00000,0.00000,-0.04780,1.52419,0.00265,0.00000
122080000000,0.11275,12.80293,0.02073,0.99886,0.00000,0.00000,-0.04765,1.52358,0.00313,0.00000
122100000000,0.14308,12.80010,0.02073,0.99887,0.00000,0.00000,-0.04748,1.52314,0.00360,0.00000
122120000000,0.17340,12.79730,0.02073,0.99888,0.00000,0.00000,-0.04729,1.52260,0.00406,0.00000
122140000000,0.20372,12.79452,0.02073,0.99889,0.00000,0.00000,-0.04708,1.52211,0.00450,0.00000
122160000000,0.23403,12.79176,0.02073,0.99890,0.00000,0.00000,-0.04685,1.52150,0.00493,0.00000
122180000000,0.26433,12.78902,0.02073,0.99891,0.00000,0.00000,-0.04660,1.52073,0.00535,0.00000
122200000000,0.29461,12.78631,0.02073,0.99893,0.00000,0.00000,-0.04633,1.52039,0.00575,0.00000
122220000000,0.32489,12.78363,0.02073,0.99894,0.00000,0.00000,-0.04604,1.51982,0.00614,0.00000
122240000000,0.35517,12.78097,0.02073,0.99895,0.00000,0.00000,-0.04573,1.51919,0.00652,0.00000
122260000000,0.38543,12.77834,0.02073,0.99897,0.00000,0.00000,-0.04541,1.51867,0.00688,0.00000
122280000000,0.41568,12.77574,0.02073,0.99898,0.00000,0.00000,-0.04507,1.51785,0.00723,0.00000
122300000000,0.44592,12.77316,0.02073,0.99900,0.00000,0.00000,-0.04471,1.51751,0.00756,0.00000
122320000000,0.47616,12.77062,0.02073,0.99902,0.00000,0.00000,-0.04433,1.51692,0.00789,0.00000
122340000000,0.50639,12.76811,0.02073,0.99903,0.00000,0.00000,-0.04394,1.51659,0.00820,0.00000
122360000000,0.53660,12.76563,0.02073,0.99905,0.00000,0.00000,-0.04354,1.51573,0.00850,0.00000
122380000000,0.56681,12.76318,0.02073,0.99907,0.00000,0.00000,-0.04312,1.51491,0.00878,0.00000
122400000000,0.59700,12.76076,0.02073,0.99909,0.00000,0.00000,-0.04269,1.51453,0.00905,0.00000
122420000000,0.62719,12.75837,0.02073,0.99911,0.00000,0.00000,-0.04225,1.51367,0.00930,0.00000
122440000000,0.65737,12.75602,0.02073,0.99913,0.00000,0.00000,-0.04180,1.51346,0.00955,0.00000
122460000000,0.68755,12.75370,0.02073,0.99915,0.00000,0.00000,-0.04133,1.51314,0.00979,0.00000
122480000000,0.71772,12.75142,0.02073,0.99917,0.00000,0.00000,-0.04085,1.51294,0.01002,0.00000
122500000000,0.74789,12.74917,0.02073,0.99919,0.00000,0.00000,-0.04036,1.51298,0.01025,0.00000
122520000000,0.77807,12.74695,0.02073,0.99921,0.00000,0.00000,-0.03986,1.51278,0.01048,0.00000
122540000000,0.80826,12.74477,0.02073,0.99923,0.00000,0.00000,-0.03935,1.51328,0.01071,0.00000
122560000000,0.83845,12.74262,0.02073,0.99925,0.00000,0.00000,-0.03883,1.51357,0.01095,0.00000
122580000000,0.86865,12.74051,0.02073,0.99927,0.00000,0.00000,-0.03830,1.51360,0.01119,0.00000
122600000000,0.89885,12.73844,0.02073,0.99929,0.00000,0.00000,-0.03775,1.51377,0.01144,0.00000
122620000000,0.92906,12.73640,0.02073,0.99931,0.00000,0.00000,-0.03720,1.51393,0.01168,0.00000
122640000000,0.95928,12.73441,0.02073,0.99933,0.00000,0.00000,-0.03663,1.51413,0.01194,0.00000
122660000000,0.98950,12.73245,0.02073,0.99935,0.00000,0.00000,-0.03605,1.51447,0.01219,0.00000
122680000000,1.01973,12.73053,0.02073,0.99937,0.00000,0.00000,-0.03545,1.51453,0.01245,0.00000
122700000000,1.04997,12.72866,0.02073,0.99939,0.00000,0.00000,-0.03485,1.51518,0.01271,0.00000
122720000000,1.08022,12.72682,0.02073,0.99941,0.00000,0.00000,-0.03423,1.51495,0.01298,0.00000
122740000000,1.11047,12.72503,0.02073,0.99944,0.00000,0.00000,-0.03360,1.51518,0.01324,0.00000
122760000000,1.14072,12.72329,0.02073,0.99946,0.00000,0.00000,-0.03295,1.51496,0.01351,0.00000
122780000000,1.17098,12.72159,0.02073,0.99948,0.00000,0.00000,-0.03229,1.51569,0.01378,0.00000
122800000000,1.20125,12.71993,0.02073,0.99950,0.00000,0.00000,-0.03162,1.51545,0.01406,0.00000
122820000000,1.23153,12.71832,0.02073,0.99952,0.00000,0.00000,-0.03094,1.51624,0.01434,0.00000
122840000000,1.26181,12.71676,0.02073,0.99954,0.00000,0.00000,-0.03024,1.51600,0.01462,0.00000
122860000000,1.29210,12.71524,0.02073,0.99956,0.00000,0.00000,-0.02953,1.51685,0.01492,0.00000
122880000000,1.32240,12.71378,0.02073,0.99959,0.00000,0.00000,-0.02880,1.51666,0.01521,0.00000
122900000000,1.35272,12.71236,0.02073,0.99961,0.00000,0.00000,-0.02806,1.51751,0.01552,0.00000
122920000000,1.38305,12.71100,0.02073,0.99963,0.00000,0.00000,-0.02731,1.51845,0.01585,0.00000
122940000000,1.41339,12.70968,0.02073,0.99965,0.00000,0.00000,-0.02654,1.51824,0.01617,0.00000
122960000000,1.44374,12.70843,0.02073,0.99967,0.00000,0.00000,-0.02575,1.51864,0.01650,0.00000
122980000000,1.47409,12.70722,0.02073,0.99969,0.00000,0.00000,-0.02495,1.51898,0.01684,0.00000
123000000000,1.50447,12.70607,0.02073,0.99971,0.00000,0.00000,-0.02413,1.51951,0.01719,0.00000
123020000000,1.53485,12.70498,0.02073,0.99973,0.00000,0.00000,-0.02329,1.52079,0.01756,0.00000
123040000000,1.56525,12.70395,0.02073,0.99975,0.00000,0.00000,-0.02243,1.52048,0.01792,0.00000
123060000000,1.59565,12.70298,0.02073,0.99977,0.00000,0.00000,-0.02156,1.52102,0.01830,0.00000
123080000000,1.62606,12.70206,0.02073,0.99979,0.00000,0.00000,-0.02067,1.52070,0.01867,0.00000
123100000000,1.65649,12.70121,0.02073,0.99980,0.00000,0.00000,-0.01976,1.52221,0.01907,0.00000
123120000000,1.68683,12.70043,0.02073,0.99982,0.00000,0.00000,-0.01884,1.51281,0.01890,0.00000
123140000000,1.71620,12.69971,0.02073,0.99984,0.00000,0.00000,-0.01797,1.45437,0.01827,0.00000
123160000000,1.74486,12.69908,0.02073,0.99985,0.00000,0.00000,-0.01708,1.42171,0.01809,0.00000
123180000000,1.77248,12.69852,0.02073,0.99987,0.00000,0.00000,-0.01621,1.36995,0.01828,0.00000
123200000000,1.79920,12.69803,0.02073,0.99988,0.00000,0.00000,-0.01537,1.32137,0.01742,0.00000
123220000000,1.82487,12.69761,0.02073,0.99989,0.00000,0.00000,-0.01454,1.27178,0.01710,0.00000
123240000000,1.84946,12.69725,0.02073,0.99991,0.00000,0.00000,-0.01373,1.21706,0.01695,0.00000
123260000000,1.87301,12.69695,0.02073,0.99992,0.00000,0.00000,-0.01295,1.16263,0.01612,0.00000
123280000000,1.89575,12.69671,0.02073,0.99993,0.00000,0.00000,-0.01217,1.13276,0.01627,0.00000
123300000000,1.91754,12.69650,0.02073,0.99993,0.00000,0.00000,-0.01143,1.07461,0.01543,0.00000
123320000000,1.93875,12.69635,0.02073,0.99994,0.00000,0.00000,-0.01067,1.05831,0.01570,0.00000
123340000000,1.95907,12.69623,0.02073,0.99995,0.00000,0.00000,-0.00996,1.00098,0.01474,0.00000
123360000000,1.97873,12.69615,0.02073,0.99996,0.00000,0.00000,-0.00924,0.97788,0.01480,0.00000
123380000000,1.99741,12.69610,0.02073,0.99996,0.00000,0.00000,-0.00857,0.91958,0.01400,0.00000
123400000000,2.01584,12.69609,0.02073,0.99997,0.00000,0.00000,-0.00788,0.93078,0.01428,0.00000
123420000000,2.03461,12.69609,0.02073,0.99997,0.00000,0.00000,-0.00720,0.93916,0.01429,0.00000
123440000000,2.05384,12.69612,0.02073,0.99998,0.00000,0.00000,-0.00650,0.96264,0.01438,0.00000
123460000000,2.07323,12.69616,0.02073,0.99998,0.00000,0.00000,-0.00583,0.97801,0.01415,0.00000
123480000000,2.09297,12.69622,0.02073,0.99999,0.00000,0.00000,-0.00517,0.98530,0.01360,0.00000
123500000000,2.11311,12.69629,0.02073,0.99999,0.00000,0.00000,-0.00453,1.01454,0.01317,0.00000
123520000000,2.13337,12.69637,0.02073,0.99999,0.00000,0.00000,-0.00394,1.01577,0.01217,0.00000
123540000000,2.15412,12.69645,0.02073,0.99999,0.00000,0.00000,-0.00339,1.03812,0.01127,0.00000
123560000000,2.17514,12.69653,0.02073,1.00000,0.00000,0.00000,-0.00289,1.06113,0.01016,0.00000
123580000000,2.19645,12.69660,0.02073,1.00000,0.00000,0.00000,-0.00245,1.06620,0.00869,0.00000
123600000000,2.21823,12.69665,0.02073,1.00000,0.00000,0.00000,-0.00209,1.09102,0.00719,-0.00000
123620000000,2.24021,12.69668,0.02073,1.00000,0.00000,-0.00000,-0.00181,1.10762,0.00544,0.00000
123640000000,2.26256,12.69669,0.02073,1.00000,0.00000,-0.00000,-0.00162,1.11609,0.00349,-0.00000
123660000000,2.28521,12.69666,0.02073,1.00000,0.00000,-0.00000,-0.00152,1.14342,0.00146,0.00000
123680000000,2.30811,12.69658,0.02073,1.00000,0.00000,-0.00000,-0.00153,1.14401,-0.00078,-0.00000
123700000000,2.33141,12.69646,0.02073,1.00000,0.00000,-0.00000,-0.00165,1.17469,-0.00314,-0.00000
123720000000,2.35496,12.69627,0.02073,1.00000,0.00000,-0.00000,-0.00189,1.18325,-0.00565,-0.00000
123740000000,2.37900,12.69602,0.02073,1.00000,0.00000,-0.00000,-0.00226,1.20088,-0.00833,-0.00000
123760000000,2.40349,12.69569,0.02073,1.00000,0.00000,-0.00000,-0.00277,1.23073,-0.01132,-0.00000
123780000000,2.42830,12.69526,0.02073,0.99999,0.00000,-0.00000,-0.00342,1.25127,-0.01444,-0.00000
123800000000,2.45344,12.69473,0.02073,0.99999,0.00000,-0.00000,-0.00422,1.25625,-0.01752,-0.00000
123820000000,2.47904,12.69409,0.02073,0.99999,0.00000,-0.00000,-0.00519,1.28817,-0.02110,-0.00000
123840000000,2.50484,12.69332,0.02073,0.99998,0.00000,-0.00000,-0.00632,1.29488,-0.02445,-0.00000
123860000000,2.53114,12.69240,0.02073,0.99997,0.00000,-0.00000,-0.00763,1.31514,-0.02813,-0.00000
123880000000,2.55745,12.69135,0.02073,0.99996,0.00000,-0.00000,-0.00910,1.31682,-0.03153,-0.00000
123900000000,2.58381,12.69014,0.02073,0.99994,0.00000,-0.00000,-0.01073,1.31967,-0.03488,-0.00000
123920000000,2.61022,12.68878,0.02073,0.99992,0.00000,0.00000,-0.01252,1.32247,-0.03816,-0.00000
123940000000,2.63668,12.68725,0.02073,0.99990,0.00000,0.00000,-0.01446,1.32521,-0.04138,-0.00000
123960000000,2.66318,12.68555,0.02073,0.99986,0.00000,0.00000,-0.01656,1.32789,-0.04454,-0.00000
123980000000,2.68973,12.68367,0.02073,0.99982,0.00000,0.00000,-0.01880,1.33053,-0.04763,-0.00000
124000000000,2.71632,12.68161,0.02073,0.99978,0.00000,0.00000,-0.02119,1.33311,-0.05066,-0.00000
124020000000,2.74294,12.67935,0.02073,0.99972,0.00000,0.00000,-0.02373,1.33564,-0.05363,-0.00000
124040000000,2.76960,12.67689,0.02073,0.99965,0.00000,0.00000,-0.02640,1.33811,-0.05654,-0.00000
124060000000,2.79629,12.67423,0.02073,0.99957,0.00000,0.00000,-0.02921,1.34054,-0.05940,-0.00000
124080000000,2.82302,12.67135,0.02073,0.99948,0.00000,0.00000,-0.03216,1.34333,-0.06221,-0.00000
124100000000,2.84978,12.66825,0.02073,0.99938,0.00000,0.00000,-0.03524,1.34610,-0.06496,-0.00000
124120000000,2.87655,12.66492,0.02073,0.99926,0.00000,0.00000,-0.03845,1.34753,-0.06760,-0.00000
124140000000,2.90334,12.66137,0.02073,0.99913,0.00000,0.00000,-0.04178,1.34978,-0.07024,0.00000
124160000000,2.93014,12.65758,0.02073,0.99898,0.00000,0.00000,-0.04523,1.35198,-0.07282,0.00000
124180000000,2.95695,12.65354,0.02073,0.99881,0.00000,0.00000,-0.04881,1.35414,-0.07536,0.00000
124200000000,2.98377,12.64926,0.02073,0.99862,0.00000,0.00000,-0.05251,1.35625,-0.07784,0.00000
124220000000,3.01059,12.64472,0.02073,0.99841,0.00000,0.00000,-0.05632,1.35833,-0.08028,0.00000
124240000000,3.03741,12.63992,0.02073,0.99818,0.00000,0.00000,-0.06025,1.36036,-0.08267,0.00000
124260000000,3.06422,12.63485,0.02073,0.99793,0.00000,0.00000,-0.06429,1.36236,-0.08501,0.00000
124280000000,3.09103,12.62952,0.02073,0.99766,0.00000,0.00000,-0.06844,1.36432,-0.08731,0.00000
124300000000,3.11782,12.62390,0.02073,0.99735,0.00000,0.00000,-0.07269,1.36624,-0.08956,0.00000
124320000000,3.14459,12.61801,0.02073,0.99703,0.00000,0.00000,-0.07705,1.36812,-0.09177,0.00000
124340000000,3.17134,12.61183,0.02073,0.99667,0.00000,0.00000,-0.08151,1.36997,-0.09394,0.00000
124360000000,3.19806,12.60536,0.02073,0.99629,0.00000,0.00000,-0.08608,1.37179,-0.09606,0.00000
124380000000,3.22476,12.59859,0.02073,0.99587,0.00000,0.00000,-0.09074,1.37404,-0.09814,0.00000
124400000000,3.25143,12.59153,0.02073,0.99543,0.00000,0.00000,-0.09551,1.37685,-0.10016,0.00000
124420000000,3.27808,12.58415,0.02073,0.99495,0.00000,0.00000,-0.10037,1.37954,-0.10214,0.00000
124440000000,3.30471,12.57646,0.02073,0.99444,0.00000,0.00000,-0.10535,1.38293,-0.10406,0.00000
124460000000,3.33133,12.56845,0.02073,0.99388,0.00000,0.00000,-0.11043,1.38703,-0.10590,0.00000
124480000000,3.35795,12.56011,0.02073,0.99329,0.00000,0.00000,-0.11562,1.39186,-0.10767,0.00000
124500000000,3.38457,12.55142,0.02073,0.99266,0.00000,0.00000,-0.12093,1.39745,-0.10935,0.00000
124520000000,3.41121,12.54239,0.02073,0.99198,0.00000,0.00000,-0.12637,1.40381,-0.11094,0.00000
124540000000,3.43788,12.53300,0.02073,0.99126,0.00000,0.00000,-0.13194,1.41096,-0.11241,0.00000
124560000000,3.46458,12.52324,0.02073,0.99048,0.00000,0.00000,-0.13765,1.41892,-0.11377,0.00000
124580000000,3.49132,12.51309,0.02073,0.98965,0.00000,0.00000,-0.14351,1.42770,-0.11499,0.00000
124600000000,3.51811,12.50255,0.02073,0.98876,0.00000,0.00000,-0.14953,1.43734,-0.11607,0.00000
124620000000,3.54496,12.49159,0.02073,0.98780,0.00000,0.00000,-0.15572,1.44784,-0.11698,0.00000
124640000000,3.57187,12.48021,0.02073,0.98678,0.00000,0.00000,-0.16210,1.45925,-0.11771,-0.00000
124660000000,3.59886,12.46839,0.02073,0.98567,0.00000,0.00000,-0.16866,1.47157,-0.11824,-0.00000
124680000000,3.62593,12.45611,0.02073,0.98449,0.00000,0.00000,-0.17544,1.48484,-0.11854,-0.00000
124700000000,3.65308,12.44335,0.02073,0.98322,0.00000,0.00000,-0.18244,1.49908,-0.11859,-0.00000
124720000000,3.68032,12.43009,0.02073,0.98185,0.00000,0.00000,-0.18967,1.51353,-0.11843,-0.00000
124740000000,3.70742,12.41640,0.02073,0.98040,0.00000,0.00000,-0.19702,1.51276,-0.11943,0.00000
124760000000,3.73424,12.40229,0.02073,0.97889,0.00000,0.00000,-0.20441,1.51020,-0.12073,0.00000
124780000000,3.76080,12.38777,0.02073,0.97730,0.00000,0.00000,-0.21184,1.50780,-0.12199,0.00000
124800000000,3.78707,12.37285,0.02073,0.97566,0.00000,0.00000,-0.21927,1.50483,-0.12364,0.00000
124820000000,3.81304,12.35753,0.02073,0.97396,0.00000,0.00000,-0.22673,1.50179,-0.12544,0.00000
124840000000,3.83864,12.34179,0.02073,0.97222,0.00000,0.00000,-0.23407,1.49537,-0.12979,0.00000
124860000000,3.86386,12.32565,0.02073,0.97046,0.00000,0.00000,-0.24125,1.48963,-0.13402,0.00000
124880000000,3.88871,12.30913,0.02073,0.96869,0.00000,0.00000,-0.24828,1.48453,-0.13811,0.00000
124900000000,3.91320,12.29222,0.02073,0.96691,0.00000,0.00000,-0.25513,1.48030,-0.14181,0.00000
124920000000,3.93741,12.27497,0.02073,0.96509,0.00000,0.00000,-0.26192,1.47962,-0.14238,0.00000
124940000000,3.96136,12.25737,0.02073,0.96323,0.00000,0.00000,-0.26868,1.47905,-0.14288,0.00000
124960000000,3.98505,12.23944,0.02073,0.96133,0.00000,0.00000,-0.27541,1.47840,-0.14356,0.00000
124980000000,4.00848,12.22117,0.02073,0.95938,0.00000,0.00000,-0.28211,1.47831,-0.14360,0.00000
125000000000,4.03164,12.20258,0.02073,0.95739,0.00000,0.00000,-0.28878,1.47799,-0.14397,0.00000
125020000000,4.05454,12.18367,0.02073,0.95536,0.00000,0.00000,-0.29544,1.47781,-0.14416,0.00000
125040000000,4.07716,12.16444,0.02073,0.95329,0.00000,0.00000,-0.30204,1.47760,-0.14435,0.00000
125060000000,4.09954,12.14493,0.02073,0.95121,0.00000,0.00000,-0.30855,1.47795,-0.14209,0.00000
125080000000,4.12167,12.12512,0.02073,0.94909,0.00000,0.00000,-0.31501,1.47807,-0.14133,0.00000
125100000000,4.14354,12.10503,0.02073,0.94694,0.00000,0.00000,-0.32141,1.47813,-0.14092,0.00000
125120000000,4.16516,12.08467,0.02073,0.94477,0.00000,0.00000,-0.32773,1.47846,-0.13880,0.00000
125140000000,4.18652,12.06403,0.02073,0.94257,0.00000,0.00000,-0.33401,1.47852,-0.13841,0.00000
125160000000,4.20761,12.04313,0.02073,0.94034,0.00000,0.00000,-0.34022,1.47863,-0.13769,0.00000
125180000000,4.22845,12.02196,0.02073,0.93810,0.00000,0.00000,-0.34637,1.47897,-0.13553,0.00000
125200000000,4.24902,12.00054,0.02073,0.93583,0.00000,0.00000,-0.35246,1.47897,-0.13553,0.00000
125220000000,4.26933,11.97886,0.02073,0.93353,0.00000,0.00000,-0.35850,1.47907,-0.13491,0.00000
125240000000,4.28935,11.95692,0.02073,0.93120,0.00000,0.00000,-0.36452,1.47908,-0.13487,0.00000
125260000000,4.30909,11.93471,0.02073,0.92884,0.00000,0.00000,-0.37049,1.47913,-0.13541,0.00000
125280000000,4.32853,11.91225,0.02073,0.92644,0.00000,0.00000,-0.37643,1.47924,-0.13580,0.00000
125300000000,4.34769,11.88954,0.02073,0.92402,0.00000,0.00000,-0.38233,1.47934,-0.13579,0.00000
125320000000,4.36655,11.86658,0.02073,0.92158,0.00000,0.00000,-0.38819,1.47956,-0.13630,0.00000
125340000000,4.38512,11.84338,0.02073,0.91910,0.00000,0.00000,-0.39402,1.47973,-0.13626,0.00000
125360000000,4.40340,11.81994,0.02073,0.91660,0.00000,0.00000,-0.39981,1.47991,-0.13624,0.00000
125380000000,4.42138,11.79627,0.02073,0.91407,0.00000,0.00000,-0.40556,1.48023,-0.13655,0.00000
125400000000,4.43907,11.77237,0.02073,0.91151,0.00000,0.00000,-0.41128,1.48045,-0.13644,0.00000
125420000000,4.45646,11.74824,0.02073,0.90893,0.00000,0.00000,-0.41695,1.48077,-0.13652,0.00000
125440000000,4.47355,11.72390,0.02073,0.90632,0.00000,0.00000,-0.42260,1.48108,-0.13650,0.00000
125460000000,4.49034,11.69934,0.02073,0.90369,0.00000,0.00000,-0.42819,1.48152,-0.13666,0.00000
125480000000,4.50684,11.67456,0.02073,0.90104,0.00000,0.00000,-0.43374,1.48231,-0.13727,0.00000
125500000000,4.52303,11.64957,0.02073,0.89837,0.00000,0.00000,-0.43924,1.48262,-0.13699,0.00000
125520000000,4.53892,11.62437,0.02073,0.89568,0.00000,0.00000,-0.44469,1.48310,-0.13692,0.00000
125540000000,4.55451,11.59898,0.02073,0.89298,0.00000,0.00000,-0.45010,1.48392,-0.13724,0.00000
125560000000,4.56981,11.57339,0.02073,0.89025,0.00000,0.00000,-0.45547,1.48423,-0.13682,0.00000
125580000000,4.58480,11.54762,0.02073,0.88751,0.00000,0.00000,-0.46079,1.48484,-0.13674,0.00000
125600000000,4.59949,11.52166,0.02073,0.88474,0.00000,0.00000,-0.46608,1.48519,-0.13633,0.00000
125620000000,4.61388,11.49551,0.02073,0.88196,0.00000,0.00000,-0.47132,1.48618,-0.13655,0.00000
125640000000,4.62798,11.46919,0.02073,0.87917,0.00000,0.00000,-0.47651,1.48682,-0.13634,0.00000
125660000000,4.64177,11.44269,0.02073,0.87636,0.00000,0.00000,-0.48165,1.48763,-0.13623,0.00000
125680000000,4.65526,11.41602,0.02073,0.87355,0.00000,0.00000,-0.48674,1.48894,-0.13652,0.00000
125700000000,4.66846,11.38918,0.02073,0.87072,0.00000,0.00000,-0.49178,1.48929,-0.13587,0.00000
125720000000,4.68136,11.36218,0.02073,0.86788,0.00000,0.00000,-0.49678,1.49005,-0.13556,0.00000
125740000000,4.69396,11.33502,0.02073,0.86502,0.00000,0.00000,-0.50174,1.49118,-0.13550,0.00000
125760000000,4.70626,11.30771,0.02073,0.86216,0.00000,0.00000,-0.50664,1.49181,-0.13499,0.00000
125780000000,4.71827,11.28023,0.02073,0.85929,0.00000,0.00000,-0.51149,1.49343,-0.13516,0.00000
125800000000,4.72998,11.25262,0.02073,0.85642,0.00000,0.00000,-0.51629,1.49414,-0.13460,0.00000
125820000000,4.74140,11.22486,0.02073,0.85353,0.00000,0.00000,-0.52105,1.49467,-0.13390,0.00000
125840000000,4.75253,11.19697,0.02073,0.85064,0.00000,0.00000,-0.52576,1.49643,-0.13399,0.00000
125860000000,4.76337,11.16894,0.02073,0.84774,0.00000,0.00000,-0.53042,1.49672,-0.13306,0.00000
125880000000,4.77392,11.14078,0.02073,0.84483,0.00000,0.00000,-0.53504,1.49780,-0.13262,0.00000
125900000000,4.78418,11.11251,0.02073,0.84191,0.00000,0.00000,-0.53962,1.49804,-0.13165,0.00000
125920000000,4.79415,11.08411,0.02073,0.83899,0.00000,0.00000,-0.54415,1.50005,-0.13169,0.00000
125940000000,4.80384,11.05559,0.02073,0.83606,0.00000,0.00000,-0.54864,1.50027,-0.13066,0.00000
125960000000,4.81324,11.02694,0.02073,0.83314,0.00000,0.00000,-0.55307,1.50243,-0.13064,0.00000
125980000000,4.82235,10.99818,0.02073,0.83021,0.00000,0.00000,-0.55745,1.50317,-0.12982,0.00000
126000000000,4.83118,10.96929,0.02073,0.82729,0.00000,0.00000,-0.56178,1.50490,-0.12943,0.00000
126020000000,4.83973,10.94029,0.02073,0.82437,0.00000,0.00000,-0.56605,1.50707,-0.12921,0.00000
126040000000,4.84801,10.91119,0.02073,0.82145,0.00000,0.00000,-0.57028,1.50745,-0.12807,0.00000
126060000000,4.85601,10.88199,0.02073,0.81853,0.00000,0.00000,-0.57446,1.50878,-0.12736,0.00000
126080000000,4.86373,10.85271,0.02073,0.81561,0.00000,0.00000,-0.57861,1.50896,-0.12612,0.00000
126100000000,4.87119,10.82331,0.02073,0.81269,0.00000,0.00000,-0.58269,1.51149,-0.12585,0.00000
126120000000,4.87837,10.79382,0.02073,0.80978,0.00000,0.00000,-0.58673,1.51326,-0.12520,0.00000
126140000000,4.88528,10.76423,0.02073,0.80688,0.00000,0.00000,-0.59071,1.51428,-0.12417,0.00000
126160000000,4.89193,10.73455,0.02073,0.80398,0.00000,0.00000,-0.59465,1.51570,-0.12328,0.00000
126180000000,4.89832,10.70484,0.02073,0.80108,0.00000,0.00000,-0.59856,1.51376,-0.12114,0.00000
126200000000,4.90445,10.67517,0.02073,0.79813,0.00000,0.00000,-0.60249,1.50986,-0.11853,0.00000
126220000000,4.91030,10.64542,0.02073,0.79518,0.00000,0.00000,-0.60637,1.51274,-0.11837,0.00000
126240000000,4.91589,10.61559,0.02073,0.79223,0.00000,0.00000,-0.61022,1.51288,-0.11721,0.00000
126260000000,4.92121,10.58568,0.02073,0.78929,0.00000,0.00000,-0.61402,1.51440,-0.11648,0.00000
126280000000,4.92627,10.55571,0.02073,0.78635,0.00000,0.00000,-0.61778,1.51606,-0.11577,0.00000
126300000000,4.93107,10.52565,0.02073,0.78342,0.00000,0.00000,-0.62149,1.51762,-0.11494,0.00000
126320000000,4.93560,10.49552,0.02073,0.78050,0.00000,0.00000,-0.62516,1.52072,-0.11452,0.00000
126340000000,4.93988,10.46532,0.02073,0.77758,0.00000,0.00000,-0.62878,1.52092,-0.11320,0.00000
126360000000,4.94391,10.43505,0.02073,0.77467,0.00000,0.00000,-0.63236,1.52261,-0.11227,0.00000
126380000000,4.94768,10.40475,0.02073,0.77177,0.00000,0.00000,-0.63591,1.52281,-0.11094,0.00000
126400000000,4.95120,10.37436,0.02073,0.76887,0.00000,0.00000,-0.63940,1.52605,-0.11031,0.00000
126420000000,4.95447,10.34393,0.02073,0.76598,0.00000,0.00000,-0.64286,1.52670,-0.10901,0.00000
126440000000,4.95749,10.31341,0.02073,0.76311,0.00000,0.00000,-0.64627,1.52956,-0.10815,0.00000
126460000000,4.96028,10.28283,0.02073,0.76024,0.00000,0.00000,-0.64964,1.53313,-0.10738,0.00000
126480000000,4.96282,10.25218,0.02073,0.75740,0.00000,0.00000,-0.65296,1.53465,-0.10607,0.00000
126500000000,4.96513,10.22150,0.02073,0.75456,0.00000,0.00000,-0.65623,1.53485,-0.10446,0.00000
126520000000,4.96720,10.19074,0.02073,0.75173,0.00000,0.00000,-0.65947,1.53875,-0.10353,0.00000
126540000000,4.96904,10.15996,0.02073,0.74892,0.00000,0.00000,-0.66266,1.53846,-0.10175,0.00000
126560000000,4.97066,10.12913,0.02073,0.74612,0.00000,0.00000,-0.66581,1.54019,-0.10033,0.00000
126580000000,4.97205,10.09830,0.02073,0.74334,0.00000,0.00000,-0.66892,1.53998,-0.09859,0.00000
126600000000,4.97321,10.06739,0.02073,0.74057,0.00000,0.00000,-0.67198,1.54382,-0.09744,0.00000
126620000000,4.97415,10.03646,0.02073,0.73781,0.00000,0.00000,-0.67501,1.54461,-0.09577,0.00000
126640000000,4.97488,10.00546,0.02073,0.73507,0.00000,0.00000,-0.67799,1.54744,-0.09432,0.00000
126660000000,4.97539,9.97441,0.02073,0.73235,0.00000,0.00000,-0.68093,1.55151,-0.09297,0.00000
126680000000,4.97569,9.94333,0.02073,0.72965,0.00000,0.00000,-0.68383,1.55099,-0.09096,0.00000
126700000000,4.97578,9.91223,0.02073,0.72696,0.00000,0.00000,-0.68668,1.55276,-0.08922,0.00000
126720000000,4.97567,9.88112,0.02073,0.72429,0.00000,0.00000,-0.68949,1.55295,-0.08732,0.00000
126740000000,4.97536,9.84995,0.02073,0.72165,0.00000,0.00000,-0.69226,1.55630,-0.08566,0.00000
126760000000,4.97484,9.81876,0.02073,0.71902,0.00000,0.00000,-0.69499,1.55850,-0.08385,0.00000
126780000000,4.97413,9.78753,0.02073,0.71641,0.00000,0.00000,-0.69768,1.55976,-0.08188,0.00000
126800000000,4.97323,9.75628,0.02073,0.71383,0.00000,0.00000,-0.70032,1.56146,-0.07993,0.00000
126820000000,4.97214,9.72504,0.02073,0.71127,0.00000,0.00000,-0.70292,1.56064,-0.07781,0.00000
126840000000,4.97086,9.69377,0.02073,0.70873,0.00000,0.00000,-0.70548,1.56473,-0.07597,0.00000
126860000000,4.96940,9.66249,0.02073,0.70622,0.00000,0.00000,-0.70800,1.56371,-0.07385,0.00000
126880000000,4.96776,9.63132,0.02073,0.70375,0.00000,0.00000,-0.71045,1.55836,-0.07209,0.00000
126900000000,4.96593,9.60018,0.02073,0.70132,0.00000,0.00000,-0.71284,1.55815,-0.07065,0.00000
126920000000,4.96392,9.56899,0.02073,0.69894,0.00000,0.00000,-0.71518,1.56095,-0.06928,0.00000
126940000000,4.96173,9.53781,0.02073,0.69660,0.00000,0.00000,-0.71746,1.56280,-0.06787,0.00000
126960000000,4.95937,9.50659,0.02073,0.69429,0.00000,0.00000,-0.71969,1.56352,-0.06633,0.00000
126980000000,4.95684,9.47537,0.02073,0.69204,0.00000,0.00000,-0.72186,1.56453,-0.06480,0.00000
127000000000,4.95415,9.44417,0.02073,0.68983,0.00000,0.00000,-0.72397,1.56574,-0.06330,0.00000
127020000000,4.95130,9.41293,0.02073,0.68767,0.00000,0.00000,-0.72602,1.56676,-0.06170,0.00000
127040000000,4.94829,9.38170,0.02073,0.68556,0.00000,0.00000,-0.72801,1.56783,-0.06013,0.00000
127060000000,4.94514,9.35050,0.02073,0.68350,0.00000,0.00000,-0.72995,1.56641,-0.05846,0.00000
127080000000,4.94185,9.31928,0.02073,0.68149,0.00000,0.00000,-0.73182,1.56974,-0.05696,0.00000
127100000000,4.93842,9.28807,0.02073,0.67954,0.00000,0.00000,-0.73364,1.56887,-0.05527,0.00000
127120000000,4.93485,9.25682,0.02073,0.67763,0.00000,0.00000,-0.73540,1.57176,-0.05367,0.00000
127140000000,4.93116,9.22560,0.02073,0.67578,0.00000,0.00000,-0.73710,1.57146,-0.05199,0.00000
127160000000,4.92734,9.19434,0.02073,0.67398,0.00000,0.00000,-0.73875,1.57345,-0.05029,0.00000
127180000000,4.92340,9.16308,0.02073,0.67225,0.00000,0.00000,-0.74033,1.57587,-0.04864,0.00000
127200000000,4.91936,9.13182,0.02073,0.67057,0.00000,0.00000,-0.74185,1.57495,-0.04680,0.00000
127220000000,4.91521,9.10057,0.02073,0.66894,0.00000,0.00000,-0.74331,1.57565,-0.04505,0.00000
127240000000,4.91096,9.06935,0.02073,0.66738,0.00000,0.00000,-0.74471,1.57423,-0.04325,0.00000
127260000000,4.90662,9.03811,0.02073,0.66588,0.00000,0.00000,-0.74606,1.57694,-0.04154,0.00000
127280000000,4.90219,9.00689,0.02073,0.66445,0.00000,0.00000,-0.74734,1.57648,-0.03978,0.00000
127300000000,4.89767,8.97564,0.02073,0.66307,0.00000,0.00000,-0.74856,1.57802,-0.03796,0.00000
127320000000,4.89307,8.94438,0.02073,0.66175,0.00000,0.00000,-0.74972,1.58016,-0.03620,0.00000
127340000000,4.88840,8.91313,0.02073,0.66050,0.00000,0.00000,-0.75083,1.57892,-0.03431,0.00000
127360000000,4.88367,8.88189,0.02073,0.65931,0.00000,0.00000,-0.75187,1.57925,-0.03248,0.00000
127380000000,4.87888,8.85068,0.02073,0.65819,0.00000,0.00000,-0.75285,1.57847,-0.03069,0.00000
127400000000,4.87403,8.81945,0.02073,0.65713,0.00000,0.00000,-0.75378,1.57987,-0.02884,0.00000
127420000000,4.86913,8.78822,0.02073,0.65614,0.00000,0.00000,-0.75464,1.58137,-0.02706,0.00000
127440000000,4.86419,8.75699,0.02073,0.65521,0.00000,0.00000,-0.75545,1.58027,-0.02516,0.00000
127460000000,4.85921,8.72577,0.02073,0.65435,0.00000,0.00000,-0.75620,1.58041,-0.02332,0.00000
127480000000,4.85420,8.69457,0.02073,0.65355,0.00000,0.00000,-0.75688,1.57961,-0.02153,0.00000
127500000000,4.84917,8.66336,0.02073,0.65282,0.00000,0.00000,-0.75751,1.58055,-0.01967,0.00000
127520000000,4.84411,8.63214,0.02073,0.65215,0.00000,0.00000,-0.75809,1.58190,-0.01787,0.00000
127540000000,4.83903,8.60093,0.02073,0.65156,0.00000,0.00000,-0.75860,1.58048,-0.01600,0.00000
127560000000,4.83394,8.56973,0.02073,0.65102,0.00000,0.00000,-0.75906,1.58039,-0.01419,0.00000
127580000000,4.82886,8.53855,0.02073,0.65055,0.00000,0.00000,-0.75946,1.57907,-0.01240,0.00000
127600000000,4.82376,8.50731,0.02073,0.65016,0.00000,0.00000,-0.75980,1.58402,-0.01092,0.00000
127620000000,4.81864,8.47596,0.02073,0.64986,0.00000,0.00000,-0.76006,1.58971,-0.00911,0.00000
127640000000,4.81354,8.44449,0.02073,0.64962,0.00000,0.00000,-0.76026,1.59528,-0.00640,0.00000
127660000000,4.80846,8.41297,0.02073,0.64945,0.00000,0.00000,-0.76041,1.59601,-0.00411,0.00000
127680000000,4.80342,8.38148,0.02073,0.64936,0.00000,0.00000,-0.76049,1.59442,-0.00198,0.00000
127700000000,4.79841,8.34998,0.02073,0.64934,0.00000,0.00000,-0.76050,1.59408,0.00016,0.00000
127720000000,4.79345,8.31851,0.02073,0.64940,0.00000,0.00000,-0.76044,1.59297,0.00223,0.00000
127740000000,4.78855,8.28704,0.02073,0.64954,0.00000,0.00000,-0.76033,1.59197,0.00430,0.00000
127760000000,4.78370,8.25558,0.02073,0.64976,0.00000,0.00000,-0.76014,1.59135,0.00633,0.00000
127780000000,4.77892,8.22414,0.02073,0.65004,0.00000,0.00000,-0.75990,1.59001,0.00833,0.00000
127800000000,4.77420,8.19271,0.02073,0.65040,0.00000,0.00000,-0.75959,1.58844,0.01028,0.00000
127820000000,4.76956,8.16130,0.02073,0.65082,0.00000,0.00000,-0.75923,1.58749,0.01220,0.00000
127840000000,4.76500,8.12990,0.02073,0.65132,0.00000,0.00000,-0.75880,1.58589,0.01407,0.00000
127860000000,4.76053,8.09852,0.02073,0.65188,0.00000,0.00000,-0.75832,1.58457,0.01591,0.00000
127880000000,4.75614,8.06715,0.02073,0.65251,0.00000,0.00000,-0.75778,1.58304,0.01770,0.00000
127900000000,4.75185,8.03580,0.02073,0.65320,0.00000,0.00000,-0.75718,1.58181,0.01946,0.00000
127920000000,4.74766,8.00446,0.02073,0.65396,0.00000,0.00000,-0.75653,1.58035,0.02117,0.00000
127940000000,4.74357,7.97314,0.02073,0.65477,0.00000,0.00000,-0.75583,1.57892,0.02285,0.00000
127960000000,4.73958,7.94183,0.02073,0.65564,0.00000,0.00000,-0.75507,1.57730,0.02448,0.00000
127980000000,4.73571,7.91054,0.02073,0.65657,0.00000,0.00000,-0.75426,1.57592,0.02607,0.00000
128000000000,4.73195,7.87927,0.02073,0.65756,0.00000,0.00000,-0.75341,1.57408,0.02761,0.00000
128020000000,4.72831,7.84802,0.02073,0.65859,0.00000,0.00000,-0.75250,1.57280,0.02911,0.00000
128040000000,4.72479,7.81678,0.02073,0.65968,0.00000,0.00000,-0.75154,1.57120,0.03057,0.00000
128060000000,4.72140,7.78556,0.02073,0.66082,0.00000,0.00000,-0.75054,1.56922,0.03198,0.00000
128080000000,4.71813,7.75436,0.02073,0.66201,0.00000,0.00000,-0.74949,1.56788,0.03335,0.00000
128100000000,4.71500,7.72317,0.02073,0.66325,0.00000,0.00000,-0.74840,1.56627,0.03468,0.00000
128120000000,4.71200,7.69201,0.02073,0.66452,0.00000,0.00000,-0.74727,1.56436,0.03596,0.00000
128140000000,4.70914,7.66087,0.02073,0.66585,0.00000,0.00000,-0.74609,1.56286,0.03719,0.00000
128160000000,4.70642,7.62975,0.02073,0.66721,0.00000,0.00000,-0.74487,1.56037,0.03836,0.00000
128180000000,4.70384,7.59866,0.02073,0.66861,0.00000,0.00000,-0.74362,1.55938,0.03952,0.00000
128200000000,4.70140,7.56758,0.02073,0.67005,0.00000,0.00000,-0.74232,1.55761,0.04061,0.00000
128220000000,4.69911,7.53652,0.02073,0.67152,0.00000,0.00000,-0.74099,1.55632,0.04169,0.00000
128240000000,4.69697,7.50550,0.02073,0.67303,0.00000,0.00000,-0.73962,1.55401,0.04268,0.00000
128260000000,4.69498,7.47450,0.02073,0.67457,0.00000,0.00000,-0.73822,1.55138,0.04362,0.00000
128280000000,4.69315,7.44354,0.02073,0.67613,0.00000,0.00000,-0.73678,1.54974,0.04453,0.00000
128300000000,4.69147,7.41275,0.02073,0.67772,0.00000,0.00000,-0.73532,1.53769,0.04499,0.00000
128320000000,4.68995,7.38220,0.02073,0.67931,0.00000,0.00000,-0.73385,1.52658,0.04520,0.00000
128340000000,4.68857,7.35169,0.02073,0.68091,0.00000,0.00000,-0.73237,1.52602,0.04559,0.00000
128360000000,4.68734,7.32121,0.02073,0.68252,0.00000,0.00000,-0.73087,1.52455,0.04593,0.00000
128380000000,4.68625,7.29073,0.02073,0.68414,0.00000,0.00000,-0.72935,1.52387,0.04627,0.00000
128400000000,4.68530,7.26027,0.02073,0.68576,0.00000,0.00000,-0.72783,1.52334,0.04660,0.00000
128420000000,4.68450,7.22981,0.02073,0.68739,0.00000,0.00000,-0.72628,1.52207,0.04690,0.00000
128440000000,4.68384,7.19937,0.02073,0.68903,0.00000,0.00000,-0.72473,1.52147,0.04718,0.00000
128460000000,4.68332,7.16895,0.02073,0.69068,0.00000,0.00000,-0.72316,1.51978,0.04742,0.00000
128480000000,4.68295,7.13855,0.02073,0.69233,0.00000,0.00000,-0.72158,1.51954,0.04767,0.00000
128500000000,4.68272,7.10816,0.02073,0.69398,0.00000,0.00000,-0.71999,1.51856,0.04789,0.00000
128520000000,4.68264,7.07777,0.02073,0.69564,0.00000,0.00000,-0.71839,1.51818,0.04811,0.00000
128540000000,4.68270,7.04743,0.02073,0.69730,0.00000,0.00000,-0.71678,1.51655,0.04827,0.00000
128560000000,4.68291,7.01709,0.02073,0.69896,0.00000,0.00000,-0.71516,1.51551,0.04842,0.00000
128580000000,4.68326,6.98679,0.02073,0.70062,0.00000,0.00000,-0.71353,1.51451,0.04854,0.00000
128600000000,4.68375,6.95651,0.02073,0.70229,0.00000,0.00000,-0.71189,1.51259,0.04862,0.00000
128620000000,4.68439,6.92625,0.02073,0.70395,0.00000,0.00000,-0.71025,1.51244,0.04872,0.00000
128640000000,4.68517,6.89602,0.02073,0.70561,0.00000,0.00000,-0.70860,1.51039,0.04875,0.00000
128660000000,4.68609,6.86581,0.02073,0.70726,0.00000,0.00000,-0.70695,1.51033,0.04881,0.00000
128680000000,4.68716,6.83563,0.02073,0.70892,0.00000,0.00000,-0.70529,1.50927,0.04881,0.00000
128700000000,4.68836,6.80545,0.02073,0.71057,0.00000,0.00000,-0.70363,1.50905,0.04884,0.00000
128720000000,4.68970,6.77532,0.02073,0.71219,0.00000,0.00000,-0.70198,1.50754,0.04829,0.00000
128740000000,4.69115,6.74519,0.02073,0.71379,0.00000,0.00000,-0.70036,1.50727,0.04656,0.00000
128760000000,4.69272,6.71507,0.02073,0.71533,0.00000,0.00000,-0.69878,1.50719,0.04603,0.00000
128780000000,4.69438,6.68497,0.02073,0.71683,0.00000,0.00000,-0.69725,1.50657,0.04406,0.00000
128800000000,4.69616,6.65488,0.02073,0.71830,0.00000,0.00000,-0.69573,1.50652,0.04406,0.00000
128820000000,4.69807,6.62482,0.02073,0.71977,0.00000,0.00000,-0.69422,1.50553,0.04405,0.00000
128840000000,4.70011,6.59477,0.02073,0.72123,0.00000,0.00000,-0.69270,1.50458,0.04403,0.00000
128860000000,4.70226,6.56476,0.02073,0.72268,0.00000,0.00000,-0.69119,1.50355,0.04399,0.00000
128880000000,4.70455,6.53478,0.02073,0.72412,0.00000,0.00000,-0.68967,1.50187,0.04396,0.00000
128900000000,4.70695,6.50484,0.02073,0.72555,0.00000,0.00000,-0.68817,1.50140,0.04388,0.00000
128920000000,4.70948,6.47493,0.02073,0.72697,0.00000,0.00000,-0.68667,1.49934,0.04382,0.00000
128940000000,4.71212,6.44505,0.02073,0.72838,0.00000,0.00000,-0.68517,1.49939,0.04369,0.00000
128960000000,4.71489,6.41518,0.02073,0.72978,0.00000,0.00000,-0.68368,1.49930,0.04357,0.00000
128980000000,4.71777,6.38533,0.02073,0.73117,0.00000,0.00000,-0.68219,1.49872,0.04345,0.00000
129000000000,4.72078,6.35549,0.02073,0.73255,0.00000,0.00000,-0.68071,1.49881,0.04331,0.00000
129020000000,4.72390,6.32567,0.02073,0.73392,0.00000,0.00000,-0.67923,1.49867,0.04317,0.00000
129040000000,4.72714,6.29586,0.02073,0.73528,0.00000,0.00000,-0.67776,1.49821,0.04305,0.00000
129060000000,4.73049,6.26607,0.02073,0.73663,0.00000,0.00000,-0.67629,1.49820,0.04290,0.00000
129080000000,4.73396,6.23631,0.02073,0.73797,0.00000,0.00000,-0.67483,1.49751,0.04278,0.00000
129100000000,4.73754,6.20656,0.02073,0.73930,0.00000,0.00000,-0.67338,1.49770,0.04260,0.00000
129120000000,4.74124,6.17683,0.02073,0.74061,0.00000,0.00000,-0.67193,1.49743,0.04245,0.00000
129140000000,4.74505,6.14711,0.02073,0.74192,0.00000,0.00000,-0.67049,1.49717,0.04230,0.00000
129160000000,4.74897,6.11742,0.02073,0.74321,0.00000,0.00000,-0.66906,1.49685,0.04214,0.00000
129180000000,4.75300,6.08775,0.02073,0.74449,0.00000,0.00000,-0.66764,1.49601,0.04202,0.00000
129200000000,4.75714,6.05810,0.02073,0.74575,0.00000,0.00000,-0.66622,1.49622,0.04181,0.00000
129220000000,4.76138,6.02848,0.02073,0.74701,0.00000,0.00000,-0.66481,1.49588,0.04164,0.00000
129240000000,4.76574,5.99887,0.02073,0.74825,0.00000,0.00000,-0.66341,1.49546,0.04147,0.00000
129260000000,4.77020,5.96929,0.02073,0.74948,0.00000,0.00000,-0.66203,1.49515,0.04128,0.00000
129280000000,4.77476,5.93974,0.02073,0.75069,0.00000,0.00000,-0.66065,1.49409,0.04116,0.00000
129300000000,4.77943,5.91021,0.02073,0.75189,0.00000,0.00000,-0.65929,1.49434,0.04090,0.00000
129320000000,4.78420,5.88070,0.02073,0.75308,0.00000,0.00000,-0.65793,1.49390,0.04071,0.00000
129340000000,4.78907,5.85121,0.02073,0.75425,0.00000,0.00000,-0.65659,1.49415,0.04043,0.00000
129360000000,4.79404,5.82175,0.02073,0.75541,0.00000,0.00000,-0.65526,1.49294,0.04031,0.00000
129380000000,4.79910,5.79232,0.02073,0.75655,0.00000,0.00000,-0.65394,1.49273,0.04007,0.00000
129400000000,4.80426,5.76292,0.02073,0.75767,0.00000,0.00000,-0.65264,1.49186,0.03988,0.00000
129420000000,4.80952,5.73355,0.02073,0.75877,0.00000,0.00000,-0.65136,1.49037,0.03977,0.00000
129440000000,4.81487,5.70422,0.02073,0.75986,0.00000,0.00000,-0.65009,1.49066,0.03941,0.00000
129460000000,4.82031,5.67491,0.02073,0.76092,0.00000,0.00000,-0.64884,1.49000,0.03916,0.00000
129480000000,4.82583,5.64562,0.02073,0.76197,0.00000,0.00000,-0.64761,1.48874,0.03900,0.00000
129500000000,4.83145,5.61638,0.02073,0.76300,0.00000,0.00000,-0.64640,1.48854,0.03865,0.00000
129520000000,4.83714,5.58717,0.02073,0.76400,0.00000,0.00000,-0.64521,1.48649,0.03856,0.00000
129540000000,4.84292,5.55800,0.02073,0.76499,0.00000,0.00000,-0.64405,1.48659,0.03813,0.00000
129560000000,4.84878,5.52885,0.02073,0.76594,0.00000,0.00000,-0.64291,1.48595,0.03780,0.00000
129580000000,4.85469,5.49978,0.02073,0.76690,0.00000,0.00000,-0.64177,1.47955,0.03641,0.00000
129600000000,4.86055,5.47116,0.02073,0.76789,0.00000,0.00000,-0.64058,1.45319,0.03295,0.00000
129620000000,4.86632,5.44329,0.02073,0.76886,0.00000,0.00000,-0.63941,1.40791,0.03131,0.00000
129640000000,4.87195,5.41650,0.02073,0.76979,0.00000,0.00000,-0.63830,1.35824,0.02984,0.00000
129660000000,4.87741,5.39080,0.02073,0.77065,0.00000,0.00000,-0.63725,1.29954,0.02828,0.00000
129680000000,4.88277,5.36588,0.02073,0.77148,0.00000,0.00000,-0.63625,1.26296,0.02698,0.00000
129700000000,4.88797,5.34197,0.02073,0.77226,0.00000,0.00000,-0.63531,1.21331,0.02622,0.00000
129720000000,4.89305,5.31883,0.02073,0.77301,0.00000,0.00000,-0.63440,1.17046,0.02436,0.00000
129740000000,4.89798,5.29663,0.02073,0.77370,0.00000,0.00000,-0.63355,1.13008,0.02388,0.00000
129760000000,4.90276,5.27528,0.02073,0.77438,0.00000,0.00000,-0.63272,1.07829,0.02188,0.00000
129780000000,4.90740,5.25474,0.02073,0.77500,0.00000,0.00000,-0.63196,1.04607,0.02135,0.00000
129800000000,4.91186,5.23512,0.02073,0.77560,0.00000,0.00000,-0.63122,0.99174,0.01977,0.00000
129820000000,4.91622,5.21618,0.02073,0.77613,0.00000,0.00000,-0.63057,0.96535,0.02033,0.00000
129840000000,4.92043,5.19793,0.02073,0.77668,0.00000,0.00000,-0.62990,0.92199,0.01780,0.00000
129860000000,4.92451,5.18043,0.02073,0.77716,0.00000,0.00000,-0.62931,0.89308,0.01847,0.00000
129880000000,4.92845,5.16358,0.02073,0.77764,0.00000,0.00000,-0.62870,0.85094,0.01600,0.00000
129900000000,4.93223,5.14752,0.02073,0.77808,0.00000,0.00000,-0.62817,0.81881,0.01648,0.00000
129920000000,4.93585,5.13216,0.02073,0.77851,0.00000,0.00000,-0.62763,0.77441,0.01421,0.00000
129940000000,4.93931,5.11762,0.02073,0.77890,0.00000,0.00000,-0.62715,0.74123,0.01424,0.00000
129960000000,4.94258,5.10390,0.02073,0.77927,0.00000,0.00000,-0.62668,0.68988,0.01243,0.00000
129980000000,4.94565,5.09107,0.02073,0.77962,0.00000,0.00000,-0.62625,0.64630,0.01144,0.00000
130000000000,4.94849,5.07926,0.02073,0.77993,0.00000,0.00000,-0.62587,0.59837,0.01109,0.00000
130020000000,4.95112,5.06830,0.02073,0.78022,0.00000,0.00000,-0.62551,0.54859,0.00948,0.00000
130040000000,4.95355,5.05827,0.02073,0.78048,0.00000,0.00000,-0.62518,0.50606,0.00865,0.00000
130060000000,4.95573,5.04926,0.02073,0.78071,0.00000,0.00000,-0.62490,0.45128,0.00790,0.00000
130080000000,4.95769,5.04119,0.02073,0.78091,0.00000,0.00000,-0.62464,0.39943,0.00666,0.00000
130100000000,4.95943,5.03402,0.02073,0.78109,0.00000,0.00000,-0.62442,0.36223,0.00607,0.00000
130120000000,4.96094,5.02783,0.02073,0.78124,0.00000,0.00000,-0.62423,0.30484,0.00513,0.00000
130140000000,4.96226,5.02244,0.02073,0.78137,0.00000,0.00000,-0.62407,0.26273,0.00423,0.00000
130160000000,4.96334,5.01801,0.02073,0.78148,0.00000,0.00000,-0.62394,0.22235,0.00377,0.00000
130180000000,4.96421,5.01444,0.02073,0.78156,0.00000,0.00000,-0.62383,0.16845,0.00265,0.00000
130200000000,4.96489,5.01165,0.02073,0.78163,0.00000,0.00000,-0.62375,0.13805,0.00218,0.00000
130220000000,4.96534,5.00982,0.02073,0.78167,0.00000,0.00000,-0.62370,0.07980,0.00126,0.00000
130240000000,4.96553,5.00902,0.02073,0.78169,0.00000,0.00000,-0.62367,0.02595,0.00039,-0.00000
130260000000,4.96554,5.00901,0.02073,0.78169,0.00000,0.00000,-0.62367,0.00000,0.00000,0.00000
130280000000,4.96554,5.00901,0.02073,0.78169,0.00000,0.00000,-0.62367,0.00000,0.00000,0.00000
130300000000,4.96554,5.00901,0.02073,0.78169,0.00000,0.00000,-0.62367,0.00000,0.00000,0.00000
130320000000,4.96554,5.00901,0.02073,0.78169,0.00000,0.00000,-0.62367,0.00000,0.00000,0.00000
130340000000,4.96554,5.00901,0.02073,0.78169,0.00000,0.00000,-0.62367,0.00000,0.00000,0.00000
130360000000,4.96554,5.00901,0.02073,0.78169,0.00000,0.00000,-0.62367,0.00000,0.00000,0.00000
130380000000,4.96554,5.00901,0.02073,0.78169,0.00000,0.00000,-0.62367,0.00000,0.00000,0.00000
130400000000,4.96554,5.00901,0.02073,0.78169,0.00000,0.00000,-0.62367,0.00000,0.00000,0.00000
130420000000,4.96554,5.00901,0.02073,0.78169,0.00000,0.00000,-0.62367,0.00000,0.00000,0.00000
130440000000,4.96554,5.00901,0.02073,0.78169,0.00000,0.00000,-0.62367,0.00000,0.00000,0.00000
130460000000,4.96554,5.00901,0.02073,0.78169,0.00000,0.00000,-0.62367,0.00000,0.00000,0.00000
130480000000,4.96554,5.00901,0.02073,0.78169,0.00000,0.00000,-0.62367,0.00000,0.00000,0.00000
130500000000,4.96554,5.00901,0.02073,0.78169,0.00000,0.00000,-0.62367,0.00000,0.00000,0.00000
130520000000,4.96554,5.00901,0.02073,0.78169,0.00000,0.00000,-0.62367,0.00000,0.00000,0.00000
130540000000,4.96554,5.00901,0.02073,0.78169,0.00000,0.00000,-0.62367,0.00000,0.00000,0.00000
130560000000,4.96554,5.00901,0.02073,0.78169,0.00000,0.00000,-0.62367,0.00000,0.00000,0.00000
130580000000,4.96554,5.00901,0.02073,0.78169,0.00000,0.00000,-0.62367,0.00000,0.00000,0.00000
130600000000,4.96554,5.00901,0.02073,0.78169,0.00000,0.00000,-0.62367,0.00000,0.00000,0.00000
130620000000,4.96554,5.00901,0.02073,0.78169,0.00000,0.00000,-0.62367,0.00000,0.00000,0.00000
130640000000,4.96554,5.00901,0.02073,0.78169,0.00000,0.00000,-0.62367,0.00000,0.00000,0.00000
130660000000,4.96554,5.00901,0.02073,0.78169,0.00000,0.00000,-0.62367,0.00000,0.00000,0.00000
130680000000,4.96554,5.00901,0.02073,0.78169,0.00000,0.00000,-0.62367,0.00000,0.00000,0.00000
130700000000,4.96554,5.00901,0.02073,0.78169,0.00000,0.00000,-0.62367,0.00000,0.00000,0.00000
130720000000,4.96554,5.00901,0.02073,0.78169,0.00000,0.00000,-0.62367,0.00000,0.00000,0.00000
130740000000,4.96554,5.00901,0.02073,0.78169,0.00000,0.00000,-0.62367,0.00000,0.00000,0.00000
130760000000,4.96554,5.00901,0.02073,0.78169,0.00000,0.00000,-0.62367,0.00000,0.00000,0.00000
130780000000,4.96554,5.00901,0.02073,0.78169,0.00000,0.00000,-0.62367,0.00000,0.00000,0.00000
130800000000,4.96554,5.00901,0.02073,0.78169,0.00000,0.00000,-0.62367,0.00000,0.00000,0.00000
130820000000,4.96554,5.00901,0.02073,0.78169,0.00000,0.00000,-0.62367,0.00000,0.00000,0.00000
130840000000,4.96554,5.00901,0.02073,0.78169,0.00000,0.00000,-0.62367,0.00000,0.00000,0.00000
130860000000,4.96554,5.00901,0.02073,0.78169,0.00000,0.00000,-0.62367,0.00000,0.00000,0.00000
130880000000,4.96554,5.00901,0.02073,0.78169,0.00000,0.00000,-0.62367,0.00000,0.00000,0.00000
130900000000,4.96554,5.00901,0.02073,0.78169,0.00000,0.00000,-0.62367,0.00000,0.00000,0.00000
130920000000,4.96554,5.00901,0.02073,0.78169,0.00000,0.00000,-0.62367,0.00000,0.00000,0.00000
130940000000,4.96554,5.00901,0.02073,0.78169,0.00000,0.00000,-0.62367,0.00000,0.00000,0.00000
130960000000,4.96554,5.00901,0.02073,0.78169,0.00000,0.00000,-0.62367,0.00000,0.00000,0.00000
130980000000,4.96554,5.00901,0.02073,0.78169,0.00000,0.00000,-0.62367,0.00000,0.00000,0.00000
131000000000,4.96554,5.00901,0.02073,0.78169,0.00000,0.00000,-0.62367,0.00000,0.00000,0.00000
131020000000,4.96554,5.00901,0.02073,0.78169,0.00000,0.00000,-0.62367,0.00000,0.00000,0.00000
131040000000,4.96554,5.00901,0.02073,0.78169,0.00000,0.00000,-0.62367,0.00000,0.00000,0.00000
131060000000,4.96554,5.00901,0.02073,0.78169,0.00000,0.00000,-0.62367,0.00000,0.00000,0.00000
131080000000,4.96554,5.00901,0.02073,0.78169,0.00000,0.00000,-0.62367,0.00000,0.00000,0.00000
131100000000,4.96554,5.00901,0.02073,0.78169,0.00000,0.00000,-0.62367,0.00000,0.00000,0.00000
131120000000,4.96554,5.00901,0.02073,0.78169,0.00000,0.00000,-0.62367,0.00000,0.00000,0.00000
131140000000,4.96554,5.00901,0.02073,0.78169,0.00000,0.00000,-0.62367,0.00000,0.00000,0.00000
131160000000,4.96554,5.00901,0.02073,0.78169,0.00000,0.00000,-0.62367,0.00000,0.00000,0.00000
131180000000,4.96554,5.00901,0.02073,0.78169,0.00000,0.00000,-0.62367,0.00000,0.00000,0.00000
131200000000,4.96554,5.00901,0.02073,0.78169,0.00000,0.00000,-0.62367,0.00000,0.00000,0.00000
131220000000,4.96554,5.00901,0.02073,0.78169,0.00000,0.00000,-0.62367,0.00000,0.00000,0.00000
131240000000,4.96554,5.00901,0.02073,0.78169,0.00000,0.00000,-0.62367,0.00000,0.00000,0.00000
131260000000,4.96554,5.00901,0.02073,0.78169,0.00000,0.00000,-0.62367,0.00000,0.00000,0.00000
131280000000,4.96554,5.00901,0.02073,0.78169,0.00000,0.00000,-0.62367,0.00000,0.00000,0.00000
131300000000,4.96554,5.00901,0.02073,0.78169,0.00000,0.00000,-0.62367,0.00000,0.00000,0.00000
131320000000,4.96554,5.00901,0.02073,0.78169,0.00000,0.00000,-0.62367,0.00000,0.00000,0.00000
131340000000,4.96554,5.00901,0.02073,0.78169,0.00000,0.00000,-0.62367,0.00000,0.00000,0.00000
131360000000,4.96554,5.00901,0.02073,0.78169,0.00000,0.00000,-0.62367,0.00000,0.00000,0.00000
131380000000,4.96554,5.00901,0.02073,0.78169,0.00000,0.00000,-0.62367,0.00000,0.00000,0.00000
131400000000,4.96554,5.00901,0.02073,0.78169,0.00000,0.00000,-0.62367,0.00000,0.00000,0.00000
131420000000,4.96554,5.00901,0.02073,0.78169,0.00000,0.00000,-0.62367,0.00000,0.00000,0.00000
131440000000,4.96554,5.00901,0.02073,0.78169,0.00000,0.00000,-0.62367,0.00000,0.00000,0.00000
131460000000,4.96554,5.00901,0.02073,0.78169,0.00000,0.00000,-0.62367,0.00000,0.00000,0.00000
131480000000,4.96554,5.00901,0.02073,0.78169,0.00000,0.00000,-0.62367,0.00000,0.00000,0.00000
131500000000,4.96554,5.00901,0.02073,0.78169,0.00000,0.00000,-0.62367,0.00000,0.00000,0.00000
131520000000,4.96554,5.00901,0.02073,0.78169,0.00000,0.00000,-0.62367,0.00000,0.00000,0.00000
131540000000,4.96554,5.00901,0.02073,0.78169,0.00000,0.00000,-0.62367,0.00000,0.00000,0.00000
131560000000,4.96554,5.00901,0.02073,0.78169,0.00000,0.00000,-0.62367,0.00000,0.00000,0.00000
