
[1;36m==> ORB-SLAM3 @ 5c2b00f7[0m
    disk: 1574 MB free

[1;36m==>   patches[0m

[1;36m==>   Thirdparty/DBoW2[0m
CMake Deprecation Warning at CMakeLists.txt:1 (cmake_minimum_required):
  Compatibility with CMake < 2.8.12 will be removed from a future version of
  CMake.

  Update the VERSION argument <min> value or use a ...<max> suffix to tell
  CMake that the project does not need compatibility with older versions.


-- Configuring done
-- Generating done
-- Build files have been written to: /home/ambushee/wil_project/thirdparty/ORB_SLAM3/Thirdparty/DBoW2/build
Consolidate compiler generated dependencies of target DBoW2
[100%] Built target DBoW2

[1;36m==>   libORB_SLAM3.so[0m
CMake Deprecation Warning at CMakeLists.txt:1 (cmake_minimum_required):
  Compatibility with CMake < 2.8.12 will be removed from a future version of
  CMake.

  Update the VERSION argument <min> value or use a ...<max> suffix to tell
  CMake that the project does not need compatibility with older versions.


Build type: Release
-- Using flag -std=c++11.
OPENCV VERSION:
4.5.4
CMake Warning at CMakeLists.txt:43 (find_package):
  By not providing "Findrealsense2.cmake" in CMAKE_MODULE_PATH this project
  has asked CMake to find a package configuration file provided by
  "realsense2", but CMake did not find one.

  Could not find a package configuration file provided by "realsense2" with
  any of the following names:

    realsense2Config.cmake
    realsense2-config.cmake

  Add the installation prefix of "realsense2" to CMAKE_PREFIX_PATH or set
  "realsense2_DIR" to a directory containing one of the above files.  If
  "realsense2" provides a separate development package or SDK, be sure it has
  been installed.


CMake Deprecation Warning at Thirdparty/g2o/CMakeLists.txt:1 (CMAKE_MINIMUM_REQUIRED):
  Compatibility with CMake < 2.8.12 will be removed from a future version of
  CMake.

  Update the VERSION argument <min> value or use a ...<max> suffix to tell
  CMake that the project does not need compatibility with older versions.


-- BUILD TYPE:Release
-- Compiling on Unix
-- Configuring done
-- Generating done
-- Build files have been written to: /home/ambushee/wil_project/thirdparty/ORB_SLAM3/build
Consolidate compiler generated dependencies of target g2o
[ 51%] Built target g2o
Consolidate compiler generated dependencies of target ORB_SLAM3
[ 53%] Building CXX object CMakeFiles/ORB_SLAM3.dir/src/Tracking.cc.o
[ 55%] Building CXX object CMakeFiles/ORB_SLAM3.dir/src/Optimizer.cc.o
[ 56%] Building CXX object CMakeFiles/ORB_SLAM3.dir/src/LoopClosing.cc.o
[ 58%] Building CXX object CMakeFiles/ORB_SLAM3.dir/src/KeyFrameDatabase.cc.o
[ 60%] Building CXX object CMakeFiles/ORB_SLAM3.dir/src/Frame.cc.o
[ 61%] Building CXX object CMakeFiles/ORB_SLAM3.dir/src/Sim3Solver.cc.o
[ 63%] Building CXX object CMakeFiles/ORB_SLAM3.dir/src/Viewer.cc.o
[ 65%] Building CXX object CMakeFiles/ORB_SLAM3.dir/src/ImuTypes.cc.o
In file included from /home/ambushee/wil_project/thirdparty/ORB_SLAM3/src/ImuTypes.cc:19:
/home/ambushee/wil_project/thirdparty/ORB_SLAM3/include/ImuTypes.h: In member function ‘void ORB_SLAM3::IMU::Preintegrated::printMeasurements() const’:
/home/ambushee/wil_project/thirdparty/ORB_SLAM3/include/ImuTypes.h:204:23: warning: comparison of integer expressions of different signedness: ‘int’ and ‘std::vector<ORB_SLAM3::IMU::Preintegrated::integrable>::size_type’ {aka ‘long unsigned int’} [-Wsign-compare]
  204 |         for(int i=0; i<mvMeasurements.size(); i++){
      |                      ~^~~~~~~~~~~~~~~~~~~~~~
In file included from /home/ambushee/wil_project/thirdparty/ORB_SLAM3/Thirdparty/g2o/g2o/types/types_six_dof_expmap.h:37,
                 from /home/ambushee/wil_project/thirdparty/ORB_SLAM3/include/Converter.h:26,
                 from /home/ambushee/wil_project/thirdparty/ORB_SLAM3/src/ImuTypes.cc:20:
/home/ambushee/wil_project/thirdparty/ORB_SLAM3/Thirdparty/g2o/g2o/types/../core/base_vertex.h: At global scope:
/home/ambushee/wil_project/thirdparty/ORB_SLAM3/Thirdparty/g2o/g2o/types/../core/base_vertex.h:62:74: warning: ‘Eigen::AlignedBit’ is deprecated [-Wdeprecated-declarations]
   62 |     typedef Eigen::Map<Matrix<double, D, D>, Matrix<double,D,D>::Flags & AlignedBit ? Aligned : Unaligned >  HessianBlockType;
      |                                                                          ^~~~~~~~~~
In file included from /usr/include/eigen3/Eigen/Core:161,
                 from /home/ambushee/wil_project/thirdparty/ORB_SLAM3/include/ImuTypes.h:26,
                 from /home/ambushee/wil_project/thirdparty/ORB_SLAM3/src/ImuTypes.cc:19:
/usr/include/eigen3/Eigen/src/Core/util/Constants.h:167:37: note: declared here
  167 | EIGEN_DEPRECATED const unsigned int AlignedBit = 0x80;
      |                                     ^~~~~~~~~~
In file included from /home/ambushee/wil_project/thirdparty/ORB_SLAM3/Thirdparty/g2o/g2o/types/types_six_dof_expmap.h:38,
                 from /home/ambushee/wil_project/thirdparty/ORB_SLAM3/include/Converter.h:26,
                 from /home/ambushee/wil_project/thirdparty/ORB_SLAM3/src/ImuTypes.cc:20:
/home/ambushee/wil_project/thirdparty/ORB_SLAM3/Thirdparty/g2o/g2o/types/../core/base_binary_edge.h:59:82: warning: ‘Eigen::AlignedBit’ is deprecated [-Wdeprecated-declarations]
   59 |       typedef Eigen::Map<Matrix<double, Di, Dj>, Matrix<double, Di, Dj>::Flags & AlignedBit ? Aligned : Unaligned > HessianBlockType;
      |                                                                                  ^~~~~~~~~~
In file included from /usr/include/eigen3/Eigen/Core:161,
                 from /home/ambushee/wil_project/thirdparty/ORB_SLAM3/include/ImuTypes.h:26,
                 from /home/ambushee/wil_project/thirdparty/ORB_SLAM3/src/ImuTypes.cc:19:
/usr/include/eigen3/Eigen/src/Core/util/Constants.h:167:37: note: declared here
  167 | EIGEN_DEPRECATED const unsigned int AlignedBit = 0x80;
      |                                     ^~~~~~~~~~
In file included from /home/ambushee/wil_project/thirdparty/ORB_SLAM3/Thirdparty/g2o/g2o/types/types_six_dof_expmap.h:38,
                 from /home/ambushee/wil_project/thirdparty/ORB_SLAM3/include/Converter.h:26,
                 from /home/ambushee/wil_project/thirdparty/ORB_SLAM3/src/ImuTypes.cc:20:
/home/ambushee/wil_project/thirdparty/ORB_SLAM3/Thirdparty/g2o/g2o/types/../core/base_binary_edge.h:60:82: warning: ‘Eigen::AlignedBit’ is deprecated [-Wdeprecated-declarations]
   60 |       typedef Eigen::Map<Matrix<double, Dj, Di>, Matrix<double, Dj, Di>::Flags & AlignedBit ? Aligned : Unaligned > HessianBlockTransposedType;
      |                                                                                  ^~~~~~~~~~
In file included from /usr/include/eigen3/Eigen/Core:161,
                 from /home/ambushee/wil_project/thirdparty/ORB_SLAM3/include/ImuTypes.h:26,
                 from /home/ambushee/wil_project/thirdparty/ORB_SLAM3/src/ImuTypes.cc:19:
/usr/include/eigen3/Eigen/src/Core/util/Constants.h:167:37: note: declared here
  167 | EIGEN_DEPRECATED const unsigned int AlignedBit = 0x80;
      |                                     ^~~~~~~~~~
In file included from /home/ambushee/wil_project/thirdparty/ORB_SLAM3/include/Frame.h:30,
                 from /home/ambushee/wil_project/thirdparty/ORB_SLAM3/include/MapPoint.h:24,
                 from /home/ambushee/wil_project/thirdparty/ORB_SLAM3/include/KeyFrame.h:23,
                 from /home/ambushee/wil_project/thirdparty/ORB_SLAM3/include/KeyFrameDatabase.h:27,
                 from /home/ambushee/wil_project/thirdparty/ORB_SLAM3/src/KeyFrameDatabase.cc:20:
/home/ambushee/wil_project/thirdparty/ORB_SLAM3/include/ImuTypes.h: In member function ‘void ORB_SLAM3::IMU::Preintegrated::printMeasurements() const’:
/home/ambushee/wil_project/thirdparty/ORB_SLAM3/include/ImuTypes.h:204:23: warning: comparison of integer expressions of different signedness: ‘int’ and ‘std::vector<ORB_SLAM3::IMU::Preintegrated::integrable>::size_type’ {aka ‘long unsigned int’} [-Wsign-compare]
  204 |         for(int i=0; i<mvMeasurements.size(); i++){
      |                      ~^~~~~~~~~~~~~~~~~~~~~~
In file included from /home/ambushee/wil_project/thirdparty/ORB_SLAM3/include/Frame.h:30,
                 from /home/ambushee/wil_project/thirdparty/ORB_SLAM3/src/Frame.cc:19:
/home/ambushee/wil_project/thirdparty/ORB_SLAM3/include/ImuTypes.h: In member function ‘void ORB_SLAM3::IMU::Preintegrated::printMeasurements() const’:
/home/ambushee/wil_project/thirdparty/ORB_SLAM3/include/ImuTypes.h:204:23: warning: comparison of integer expressions of different signedness: ‘int’ and ‘std::vector<ORB_SLAM3::IMU::Preintegrated::integrable>::size_type’ {aka ‘long unsigned int’} [-Wsign-compare]
  204 |         for(int i=0; i<mvMeasurements.size(); i++){
      |                      ~^~~~~~~~~~~~~~~~~~~~~~
In file included from /home/ambushee/wil_project/thirdparty/ORB_SLAM3/Thirdparty/g2o/g2o/types/types_six_dof_expmap.h:37,
                 from /home/ambushee/wil_project/thirdparty/ORB_SLAM3/include/Converter.h:26,
                 from /home/ambushee/wil_project/thirdparty/ORB_SLAM3/include/Frame.h:33,
                 from /home/ambushee/wil_project/thirdparty/ORB_SLAM3/include/MapPoint.h:24,
                 from /home/ambushee/wil_project/thirdparty/ORB_SLAM3/include/KeyFrame.h:23,
                 from /home/ambushee/wil_project/thirdparty/ORB_SLAM3/include/KeyFrameDatabase.h:27,
                 from /home/ambushee/wil_project/thirdparty/ORB_SLAM3/src/KeyFrameDatabase.cc:20:
/home/ambushee/wil_project/thirdparty/ORB_SLAM3/Thirdparty/g2o/g2o/types/../core/base_vertex.h: At global scope:
/home/ambushee/wil_project/thirdparty/ORB_SLAM3/Thirdparty/g2o/g2o/types/../core/base_vertex.h:62:74: warning: ‘Eigen::AlignedBit’ is deprecated [-Wdeprecated-declarations]
   62 |     typedef Eigen::Map<Matrix<double, D, D>, Matrix<double,D,D>::Flags & AlignedBit ? Aligned : Unaligned >  HessianBlockType;
      |                                                                          ^~~~~~~~~~
In file included from /usr/include/eigen3/Eigen/Core:161,
                 from /usr/include/eigen3/Eigen/LU:11,
                 from /home/ambushee/wil_project/thirdparty/ORB_SLAM3/Thirdparty/Sophus/sophus/so2.hpp:12,
                 from /home/ambushee/wil_project/thirdparty/ORB_SLAM3/Thirdparty/Sophus/sophus/se2.hpp:7,
                 from /home/ambushee/wil_project/thirdparty/ORB_SLAM3/Thirdparty/Sophus/sophus/geometry.hpp:7,
                 from /home/ambushee/wil_project/thirdparty/ORB_SLAM3/include/Frame.h:28,
                 from /home/ambushee/wil_project/thirdparty/ORB_SLAM3/include/MapPoint.h:24,
                 from /home/ambushee/wil_project/thirdparty/ORB_SLAM3/include/KeyFrame.h:23,
                 from /home/ambushee/wil_project/thirdparty/ORB_SLAM3/include/KeyFrameDatabase.h:27,
                 from /home/ambushee/wil_project/thirdparty/ORB_SLAM3/src/KeyFrameDatabase.cc:20:
/usr/include/eigen3/Eigen/src/Core/util/Constants.h:167:37: note: declared here
  167 | EIGEN_DEPRECATED const unsigned int AlignedBit = 0x80;
      |                                     ^~~~~~~~~~
In file included from /home/ambushee/wil_project/thirdparty/ORB_SLAM3/Thirdparty/g2o/g2o/types/types_six_dof_expmap.h:38,
                 from /home/ambushee/wil_project/thirdparty/ORB_SLAM3/include/Converter.h:26,
                 from /home/ambushee/wil_project/thirdparty/ORB_SLAM3/include/Frame.h:33,
                 from /home/ambushee/wil_project/thirdparty/ORB_SLAM3/include/MapPoint.h:24,
                 from /home/ambushee/wil_project/thirdparty/ORB_SLAM3/include/KeyFrame.h:23,
                 from /home/ambushee/wil_project/thirdparty/ORB_SLAM3/include/KeyFrameDatabase.h:27,
                 from /home/ambushee/wil_project/thirdparty/ORB_SLAM3/src/KeyFrameDatabase.cc:20:
/home/ambushee/wil_project/thirdparty/ORB_SLAM3/Thirdparty/g2o/g2o/types/../core/base_binary_edge.h:59:82: warning: ‘Eigen::AlignedBit’ is deprecated [-Wdeprecated-declarations]
   59 |       typedef Eigen::Map<Matrix<double, Di, Dj>, Matrix<double, Di, Dj>::Flags & AlignedBit ? Aligned : Unaligned > HessianBlockType;
      |                                                                                  ^~~~~~~~~~
In file included from /usr/include/eigen3/Eigen/Core:161,
                 from /usr/include/eigen3/Eigen/LU:11,
                 from /home/ambushee/wil_project/thirdparty/ORB_SLAM3/Thirdparty/Sophus/sophus/so2.hpp:12,
                 from /home/ambushee/wil_project/thirdparty/ORB_SLAM3/Thirdparty/Sophus/sophus/se2.hpp:7,
                 from /home/ambushee/wil_project/thirdparty/ORB_SLAM3/Thirdparty/Sophus/sophus/geometry.hpp:7,
                 from /home/ambushee/wil_project/thirdparty/ORB_SLAM3/include/Frame.h:28,
                 from /home/ambushee/wil_project/thirdparty/ORB_SLAM3/include/MapPoint.h:24,
                 from /home/ambushee/wil_project/thirdparty/ORB_SLAM3/include/KeyFrame.h:23,
                 from /home/ambushee/wil_project/thirdparty/ORB_SLAM3/include/KeyFrameDatabase.h:27,
                 from /home/ambushee/wil_project/thirdparty/ORB_SLAM3/src/KeyFrameDatabase.cc:20:
/usr/include/eigen3/Eigen/src/Core/util/Constants.h:167:37: note: declared here
  167 | EIGEN_DEPRECATED const unsigned int AlignedBit = 0x80;
      |                                     ^~~~~~~~~~
In file included from /home/ambushee/wil_project/thirdparty/ORB_SLAM3/Thirdparty/g2o/g2o/types/types_six_dof_expmap.h:38,
                 from /home/ambushee/wil_project/thirdparty/ORB_SLAM3/include/Converter.h:26,
                 from /home/ambushee/wil_project/thirdparty/ORB_SLAM3/include/Frame.h:33,
                 from /home/ambushee/wil_project/thirdparty/ORB_SLAM3/include/MapPoint.h:24,
                 from /home/ambushee/wil_project/thirdparty/ORB_SLAM3/include/KeyFrame.h:23,
                 from /home/ambushee/wil_project/thirdparty/ORB_SLAM3/include/KeyFrameDatabase.h:27,
                 from /home/ambushee/wil_project/thirdparty/ORB_SLAM3/src/KeyFrameDatabase.cc:20:
/home/ambushee/wil_project/thirdparty/ORB_SLAM3/Thirdparty/g2o/g2o/types/../core/base_binary_edge.h:60:82: warning: ‘Eigen::AlignedBit’ is deprecated [-Wdeprecated-declarations]
   60 |       typedef Eigen::Map<Matrix<double, Dj, Di>, Matrix<double, Dj, Di>::Flags & AlignedBit ? Aligned : Unaligned > HessianBlockTransposedType;
      |                                                                                  ^~~~~~~~~~
In file included from /usr/include/eigen3/Eigen/Core:161,
                 from /usr/include/eigen3/Eigen/LU:11,
                 from /home/ambushee/wil_project/thirdparty/ORB_SLAM3/Thirdparty/Sophus/sophus/so2.hpp:12,
                 from /home/ambushee/wil_project/thirdparty/ORB_SLAM3/Thirdparty/Sophus/sophus/se2.hpp:7,
                 from /home/ambushee/wil_project/thirdparty/ORB_SLAM3/Thirdparty/Sophus/sophus/geometry.hpp:7,
                 from /home/ambushee/wil_project/thirdparty/ORB_SLAM3/include/Frame.h:28,
                 from /home/ambushee/wil_project/thirdparty/ORB_SLAM3/include/MapPoint.h:24,
                 from /home/ambushee/wil_project/thirdparty/ORB_SLAM3/include/KeyFrame.h:23,
                 from /home/ambushee/wil_project/thirdparty/ORB_SLAM3/include/KeyFrameDatabase.h:27,
                 from /home/ambushee/wil_project/thirdparty/ORB_SLAM3/src/KeyFrameDatabase.cc:20:
/usr/include/eigen3/Eigen/src/Core/util/Constants.h:167:37: note: declared here
  167 | EIGEN_DEPRECATED const unsigned int AlignedBit = 0x80;
      |                                     ^~~~~~~~~~
In file included from /home/ambushee/wil_project/thirdparty/ORB_SLAM3/Thirdparty/g2o/g2o/types/types_six_dof_expmap.h:37,
                 from /home/ambushee/wil_project/thirdparty/ORB_SLAM3/include/Converter.h:26,
                 from /home/ambushee/wil_project/thirdparty/ORB_SLAM3/include/Frame.h:33,
                 from /home/ambushee/wil_project/thirdparty/ORB_SLAM3/src/Frame.cc:19:
/home/ambushee/wil_project/thirdparty/ORB_SLAM3/Thirdparty/g2o/g2o/types/../core/base_vertex.h: At global scope:
/home/ambushee/wil_project/thirdparty/ORB_SLAM3/Thirdparty/g2o/g2o/types/../core/base_vertex.h:62:74: warning: ‘Eigen::AlignedBit’ is deprecated [-Wdeprecated-declarations]
   62 |     typedef Eigen::Map<Matrix<double, D, D>, Matrix<double,D,D>::Flags & AlignedBit ? Aligned : Unaligned >  HessianBlockType;
      |                                                                          ^~~~~~~~~~
In file included from /usr/include/eigen3/Eigen/Core:161,
                 from /usr/include/eigen3/Eigen/LU:11,
                 from /home/ambushee/wil_project/thirdparty/ORB_SLAM3/Thirdparty/Sophus/sophus/so2.hpp:12,
                 from /home/ambushee/wil_project/thirdparty/ORB_SLAM3/Thirdparty/Sophus/sophus/se2.hpp:7,
                 from /home/ambushee/wil_project/thirdparty/ORB_SLAM3/Thirdparty/Sophus/sophus/geometry.hpp:7,
                 from /home/ambushee/wil_project/thirdparty/ORB_SLAM3/include/Frame.h:28,
                 from /home/ambushee/wil_project/thirdparty/ORB_SLAM3/src/Frame.cc:19:
/usr/include/eigen3/Eigen/src/Core/util/Constants.h:167:37: note: declared here
  167 | EIGEN_DEPRECATED const unsigned int AlignedBit = 0x80;
      |                                     ^~~~~~~~~~
In file included from /home/ambushee/wil_project/thirdparty/ORB_SLAM3/Thirdparty/g2o/g2o/types/types_six_dof_expmap.h:38,
                 from /home/ambushee/wil_project/thirdparty/ORB_SLAM3/include/Converter.h:26,
                 from /home/ambushee/wil_project/thirdparty/ORB_SLAM3/include/Frame.h:33,
                 from /home/ambushee/wil_project/thirdparty/ORB_SLAM3/src/Frame.cc:19:
/home/ambushee/wil_project/thirdparty/ORB_SLAM3/Thirdparty/g2o/g2o/types/../core/base_binary_edge.h:59:82: warning: ‘Eigen::AlignedBit’ is deprecated [-Wdeprecated-declarations]
   59 |       typedef Eigen::Map<Matrix<double, Di, Dj>, Matrix<double, Di, Dj>::Flags & AlignedBit ? Aligned : Unaligned > HessianBlockType;
      |                                                                                  ^~~~~~~~~~
In file included from /usr/include/eigen3/Eigen/Core:161,
                 from /usr/include/eigen3/Eigen/LU:11,
                 from /home/ambushee/wil_project/thirdparty/ORB_SLAM3/Thirdparty/Sophus/sophus/so2.hpp:12,
                 from /home/ambushee/wil_project/thirdparty/ORB_SLAM3/Thirdparty/Sophus/sophus/se2.hpp:7,
                 from /home/ambushee/wil_project/thirdparty/ORB_SLAM3/Thirdparty/Sophus/sophus/geometry.hpp:7,
                 from /home/ambushee/wil_project/thirdparty/ORB_SLAM3/include/Frame.h:28,
                 from /home/ambushee/wil_project/thirdparty/ORB_SLAM3/src/Frame.cc:19:
/usr/include/eigen3/Eigen/src/Core/util/Constants.h:167:37: note: declared here
  167 | EIGEN_DEPRECATED const unsigned int AlignedBit = 0x80;
      |                                     ^~~~~~~~~~
In file included from /home/ambushee/wil_project/thirdparty/ORB_SLAM3/Thirdparty/g2o/g2o/types/types_six_dof_expmap.h:38,
                 from /home/ambushee/wil_project/thirdparty/ORB_SLAM3/include/Converter.h:26,
                 from /home/ambushee/wil_project/thirdparty/ORB_SLAM3/include/Frame.h:33,
                 from /home/ambushee/wil_project/thirdparty/ORB_SLAM3/src/Frame.cc:19:
/home/ambushee/wil_project/thirdparty/ORB_SLAM3/Thirdparty/g2o/g2o/types/../core/base_binary_edge.h:60:82: warning: ‘Eigen::AlignedBit’ is deprecated [-Wdeprecated-declarations]
   60 |       typedef Eigen::Map<Matrix<double, Dj, Di>, Matrix<double, Dj, Di>::Flags & AlignedBit ? Aligned : Unaligned > HessianBlockTransposedType;
      |                                                                                  ^~~~~~~~~~
In file included from /usr/include/eigen3/Eigen/Core:161,
                 from /usr/include/eigen3/Eigen/LU:11,
                 from /home/ambushee/wil_project/thirdparty/ORB_SLAM3/Thirdparty/Sophus/sophus/so2.hpp:12,
                 from /home/ambushee/wil_project/thirdparty/ORB_SLAM3/Thirdparty/Sophus/sophus/se2.hpp:7,
                 from /home/ambushee/wil_project/thirdparty/ORB_SLAM3/Thirdparty/Sophus/sophus/geometry.hpp:7,
                 from /home/ambushee/wil_project/thirdparty/ORB_SLAM3/include/Frame.h:28,
                 from /home/ambushee/wil_project/thirdparty/ORB_SLAM3/src/Frame.cc:19:
/usr/include/eigen3/Eigen/src/Core/util/Constants.h:167:37: note: declared here
  167 | EIGEN_DEPRECATED const unsigned int AlignedBit = 0x80;
      |                                     ^~~~~~~~~~
In file included from /home/ambushee/wil_project/thirdparty/ORB_SLAM3/Thirdparty/g2o/g2o/types/types_six_dof_expmap.h:37,
                 from /home/ambushee/wil_project/thirdparty/ORB_SLAM3/include/Converter.h:26,
                 from /home/ambushee/wil_project/thirdparty/ORB_SLAM3/src/ImuTypes.cc:20:
/home/ambushee/wil_project/thirdparty/ORB_SLAM3/Thirdparty/g2o/g2o/types/../core/base_vertex.h: In instantiation of ‘class g2o::BaseVertex<3, Eigen::Matrix<double, 3, 1> >’:
/home/ambushee/wil_project/thirdparty/ORB_SLAM3/Thirdparty/g2o/g2o/types/types_sba.h:40:35:   required from here
/home/ambushee/wil_project/thirdparty/ORB_SLAM3/Thirdparty/g2o/g2o/types/../core/base_vertex.h:62:72: warning: ‘Eigen::AlignedBit’ is deprecated [-Wdeprecated-declarations]
   62 |     typedef Eigen::Map<Matrix<double, D, D>, Matrix<double,D,D>::Flags & AlignedBit ? Aligned : Unaligned >  HessianBlockType;
      |                                                                  ~~~~~~^~~~~~~~~~~~
In file included from /usr/include/eigen3/Eigen/Core:161,
                 from /home/ambushee/wil_project/thirdparty/ORB_SLAM3/include/ImuTypes.h:26,
                 from /home/ambushee/wil_project/thirdparty/ORB_SLAM3/src/ImuTypes.cc:19:
/usr/include/eigen3/Eigen/src/Core/util/Constants.h:167:37: note: declared here
  167 | EIGEN_DEPRECATED const unsigned int AlignedBit = 0x80;
      |                                     ^~~~~~~~~~
In file included from /home/ambushee/wil_project/thirdparty/ORB_SLAM3/Thirdparty/g2o/g2o/types/types_six_dof_expmap.h:37,
                 from /home/ambushee/wil_project/thirdparty/ORB_SLAM3/include/Converter.h:26,
                 from /home/ambushee/wil_project/thirdparty/ORB_SLAM3/src/ImuTypes.cc:20:
/home/ambushee/wil_project/thirdparty/ORB_SLAM3/Thirdparty/g2o/g2o/types/../core/base_vertex.h: In instantiation of ‘class g2o::BaseVertex<6, g2o::SE3Quat>’:
/home/ambushee/wil_project/thirdparty/ORB_SLAM3/Thirdparty/g2o/g2o/types/types_six_dof_expmap.h:59:33:   required from here
/home/ambushee/wil_project/thirdparty/ORB_SLAM3/Thirdparty/g2o/g2o/types/../core/base_vertex.h:62:72: warning: ‘Eigen::AlignedBit’ is deprecated [-Wdeprecated-declarations]
   62 |     typedef Eigen::Map<Matrix<double, D, D>, Matrix<double,D,D>::Flags & AlignedBit ? Aligned : Unaligned >  HessianBlockType;
      |                                                                  ~~~~~~^~~~~~~~~~~~
In file included from /usr/include/eigen3/Eigen/Core:161,
                 from /home/ambushee/wil_project/thirdparty/ORB_SLAM3/include/ImuTypes.h:26,
                 from /home/ambushee/wil_project/thirdparty/ORB_SLAM3/src/ImuTypes.cc:19:
/usr/include/eigen3/Eigen/src/Core/util/Constants.h:167:37: note: declared here
  167 | EIGEN_DEPRECATED const unsigned int AlignedBit = 0x80;
      |                                     ^~~~~~~~~~
In file included from /home/ambushee/wil_project/thirdparty/ORB_SLAM3/Thirdparty/g2o/g2o/types/types_six_dof_expmap.h:38,
                 from /home/ambushee/wil_project/thirdparty/ORB_SLAM3/include/Converter.h:26,
                 from /home/ambushee/wil_project/thirdparty/ORB_SLAM3/src/ImuTypes.cc:20:
/home/ambushee/wil_project/thirdparty/ORB_SLAM3/Thirdparty/g2o/g2o/types/../core/base_binary_edge.h: In instantiation of ‘class g2o::BaseBinaryEdge<6, g2o::SE3Quat, g2o::VertexSE3Expmap, g2o::VertexSE3Expmap>’:
/home/ambushee/wil_project/thirdparty/ORB_SLAM3/Thirdparty/g2o/g2o/types/types_six_dof_expmap.h:83:24:   required from here
/home/ambushee/wil_project/thirdparty/ORB_SLAM3/Thirdparty/g2o/g2o/types/../core/base_binary_edge.h:59:80: warning: ‘Eigen::AlignedBit’ is deprecated [-Wdeprecated-declarations]
   59 |       typedef Eigen::Map<Matrix<double, Di, Dj>, Matrix<double, Di, Dj>::Flags & AlignedBit ? Aligned : Unaligned > HessianBlockType;
      |                                                                          ~~~~~~^~~~~~~~~~~~
In file included from /usr/include/eigen3/Eigen/Core:161,
                 from /home/ambushee/wil_project/thirdparty/ORB_SLAM3/include/ImuTypes.h:26,
                 from /home/ambushee/wil_project/thirdparty/ORB_SLAM3/src/ImuTypes.cc:19:
/usr/include/eigen3/Eigen/src/Core/util/Constants.h:167:37: note: declared here
  167 | EIGEN_DEPRECATED const unsigned int AlignedBit = 0x80;
      |                                     ^~~~~~~~~~
In file included from /home/ambushee/wil_project/thirdparty/ORB_SLAM3/Thirdparty/g2o/g2o/types/types_six_dof_expmap.h:38,
                 from /home/ambushee/wil_project/thirdparty/ORB_SLAM3/include/Converter.h:26,
                 from /home/ambushee/wil_project/thirdparty/ORB_SLAM3/src/ImuTypes.cc:20:
/home/ambushee/wil_project/thirdparty/ORB_SLAM3/Thirdparty/g2o/g2o/types/../core/base_binary_edge.h:60:80: warning: ‘Eigen::AlignedBit’ is deprecated [-Wdeprecated-declarations]
   60 |       typedef Eigen::Map<Matrix<double, Dj, Di>, Matrix<double, Dj, Di>::Flags & AlignedBit ? Aligned : Unaligned > HessianBlockTransposedType;
      |                                                                          ~~~~~~^~~~~~~~~~~~
In file included from /usr/include/eigen3/Eigen/Core:161,
                 from /home/ambushee/wil_project/thirdparty/ORB_SLAM3/include/ImuTypes.h:26,
                 from /home/ambushee/wil_project/thirdparty/ORB_SLAM3/src/ImuTypes.cc:19:
/usr/include/eigen3/Eigen/src/Core/util/Constants.h:167:37: note: declared here
  167 | EIGEN_DEPRECATED const unsigned int AlignedBit = 0x80;
      |                                     ^~~~~~~~~~
In file included from /home/ambushee/wil_project/thirdparty/ORB_SLAM3/Thirdparty/g2o/g2o/types/types_six_dof_expmap.h:38,
                 from /home/ambushee/wil_project/thirdparty/ORB_SLAM3/include/Converter.h:26,
                 from /home/ambushee/wil_project/thirdparty/ORB_SLAM3/src/ImuTypes.cc:20:
/home/ambushee/wil_project/thirdparty/ORB_SLAM3/Thirdparty/g2o/g2o/types/../core/base_binary_edge.h: In instantiation of ‘class g2o::BaseBinaryEdge<2, Eigen::Matrix<double, 2, 1>, g2o::VertexSBAPointXYZ, g2o::VertexSE3Expmap>’:
/home/ambushee/wil_project/thirdparty/ORB_SLAM3/Thirdparty/g2o/g2o/types/types_six_dof_expmap.h:114:35:   required from here
/home/ambushee/wil_project/thirdparty/ORB_SLAM3/Thirdparty/g2o/g2o/types/../core/base_binary_edge.h:59:80: warning: ‘Eigen::AlignedBit’ is deprecated [-Wdeprecated-declarations]
   59 |       typedef Eigen::Map<Matrix<double, Di, Dj>, Matrix<double, Di, Dj>::Flags & AlignedBit ? Aligned : Unaligned > HessianBlockType;
      |                                                                          ~~~~~~^~~~~~~~~~~~
In file included from /usr/include/eigen3/Eigen/Core:161,
                 from /home/ambushee/wil_project/thirdparty/ORB_SLAM3/include/ImuTypes.h:26,
                 from /home/ambushee/wil_project/thirdparty/ORB_SLAM3/src/ImuTypes.cc:19:
/usr/include/eigen3/Eigen/src/Core/util/Constants.h:167:37: note: declared here
  167 | EIGEN_DEPRECATED const unsigned int AlignedBit = 0x80;
      |                                     ^~~~~~~~~~
In file included from /home/ambushee/wil_project/thirdparty/ORB_SLAM3/Thirdparty/g2o/g2o/types/types_six_dof_expmap.h:38,
                 from /home/ambushee/wil_project/thirdparty/ORB_SLAM3/include/Converter.h:26,
                 from /home/ambushee/wil_project/thirdparty/ORB_SLAM3/src/ImuTypes.cc:20:
/home/ambushee/wil_project/thirdparty/ORB_SLAM3/Thirdparty/g2o/g2o/types/../core/base_binary_edge.h:60:80: warning: ‘Eigen::AlignedBit’ is deprecated [-Wdeprecated-declarations]
   60 |       typedef Eigen::Map<Matrix<double, Dj, Di>, Matrix<double, Dj, Di>::Flags & AlignedBit ? Aligned : Unaligned > HessianBlockTransposedType;
      |                                                                          ~~~~~~^~~~~~~~~~~~
In file included from /usr/include/eigen3/Eigen/Core:161,
                 from /home/ambushee/wil_project/thirdparty/ORB_SLAM3/include/ImuTypes.h:26,
                 from /home/ambushee/wil_project/thirdparty/ORB_SLAM3/src/ImuTypes.cc:19:
/usr/include/eigen3/Eigen/src/Core/util/Constants.h:167:37: note: declared here
  167 | EIGEN_DEPRECATED const unsigned int AlignedBit = 0x80;
      |                                     ^~~~~~~~~~
In file included from /home/ambushee/wil_project/thirdparty/ORB_SLAM3/include/Frame.h:30,
                 from /home/ambushee/wil_project/thirdparty/ORB_SLAM3/include/MapPoint.h:24,
                 from /home/ambushee/wil_project/thirdparty/ORB_SLAM3/include/KeyFrame.h:23,
                 from /home/ambushee/wil_project/thirdparty/ORB_SLAM3/include/Sim3Solver.h:26,
                 from /home/ambushee/wil_project/thirdparty/ORB_SLAM3/src/Sim3Solver.cc:20:
/home/ambushee/wil_project/thirdparty/ORB_SLAM3/include/ImuTypes.h: In member function ‘void ORB_SLAM3::IMU::Preintegrated::printMeasurements() const’:
/home/ambushee/wil_project/thirdparty/ORB_SLAM3/include/ImuTypes.h:204:23: warning: comparison of integer expressions of different signedness: ‘int’ and ‘std::vector<ORB_SLAM3::IMU::Preintegrated::integrable>::size_type’ {aka ‘long unsigned int’} [-Wsign-compare]
  204 |         for(int i=0; i<mvMeasurements.size(); i++){
      |                      ~^~~~~~~~~~~~~~~~~~~~~~
In file included from /home/ambushee/wil_project/thirdparty/ORB_SLAM3/Thirdparty/g2o/g2o/types/types_six_dof_expmap.h:38,
                 from /home/ambushee/wil_project/thirdparty/ORB_SLAM3/include/Converter.h:26,
                 from /home/ambushee/wil_project/thirdparty/ORB_SLAM3/src/ImuTypes.cc:20:
/home/ambushee/wil_project/thirdparty/ORB_SLAM3/Thirdparty/g2o/g2o/types/../core/base_binary_edge.h: In instantiation of ‘class g2o::BaseBinaryEdge<3, Eigen::Matrix<double, 3, 1>, g2o::VertexSBAPointXYZ, g2o::VertexSE3Expmap>’:
/home/ambushee/wil_project/thirdparty/ORB_SLAM3/Thirdparty/g2o/g2o/types/types_six_dof_expmap.h:146:41:   required from here
/home/ambushee/wil_project/thirdparty/ORB_SLAM3/Thirdparty/g2o/g2o/types/../core/base_binary_edge.h:59:80: warning: ‘Eigen::AlignedBit’ is deprecated [-Wdeprecated-declarations]
   59 |       typedef Eigen::Map<Matrix<double, Di, Dj>, Matrix<double, Di, Dj>::Flags & AlignedBit ? Aligned : Unaligned > HessianBlockType;
      |                                                                          ~~~~~~^~~~~~~~~~~~
In file included from /usr/include/eigen3/Eigen/Core:161,
                 from /home/ambushee/wil_project/thirdparty/ORB_SLAM3/include/ImuTypes.h:26,
                 from /home/ambushee/wil_project/thirdparty/ORB_SLAM3/src/ImuTypes.cc:19:
/usr/include/eigen3/Eigen/src/Core/util/Constants.h:167:37: note: declared here
  167 | EIGEN_DEPRECATED const unsigned int AlignedBit = 0x80;
      |                                     ^~~~~~~~~~
In file included from /home/ambushee/wil_project/thirdparty/ORB_SLAM3/Thirdparty/g2o/g2o/types/types_six_dof_expmap.h:38,
                 from /home/ambushee/wil_project/thirdparty/ORB_SLAM3/include/Converter.h:26,
                 from /home/ambushee/wil_project/thirdparty/ORB_SLAM3/src/ImuTypes.cc:20:
/home/ambushee/wil_project/thirdparty/ORB_SLAM3/Thirdparty/g2o/g2o/types/../core/base_binary_edge.h:60:80: warning: ‘Eigen::AlignedBit’ is deprecated [-Wdeprecated-declarations]
   60 |       typedef Eigen::Map<Matrix<double, Dj, Di>, Matrix<double, Dj, Di>::Flags & AlignedBit ? Aligned : Unaligned > HessianBlockTransposedType;
      |                                                                          ~~~~~~^~~~~~~~~~~~
In file included from /usr/include/eigen3/Eigen/Core:161,
                 from /home/ambushee/wil_project/thirdparty/ORB_SLAM3/include/ImuTypes.h:26,
                 from /home/ambushee/wil_project/thirdparty/ORB_SLAM3/src/ImuTypes.cc:19:
/usr/include/eigen3/Eigen/src/Core/util/Constants.h:167:37: note: declared here
  167 | EIGEN_DEPRECATED const unsigned int AlignedBit = 0x80;
      |                                     ^~~~~~~~~~
In file included from /home/ambushee/wil_project/thirdparty/ORB_SLAM3/include/Frame.h:30,
                 from /home/ambushee/wil_project/thirdparty/ORB_SLAM3/include/MapPoint.h:24,
                 from /home/ambushee/wil_project/thirdparty/ORB_SLAM3/include/KeyFrame.h:23,
                 from /home/ambushee/wil_project/thirdparty/ORB_SLAM3/include/LoopClosing.h:23,
                 from /home/ambushee/wil_project/thirdparty/ORB_SLAM3/src/LoopClosing.cc:20:
/home/ambushee/wil_project/thirdparty/ORB_SLAM3/include/ImuTypes.h: In member function ‘void ORB_SLAM3::IMU::Preintegrated::printMeasurements() const’:
/home/ambushee/wil_project/thirdparty/ORB_SLAM3/include/ImuTypes.h:204:23: warning: comparison of integer expressions of different signedness: ‘int’ and ‘std::vector<ORB_SLAM3::IMU::Preintegrated::integrable>::size_type’ {aka ‘long unsigned int’} [-Wsign-compare]
  204 |         for(int i=0; i<mvMeasurements.size(); i++){
      |                      ~^~~~~~~~~~~~~~~~~~~~~~
In file included from /home/ambushee/wil_project/thirdparty/ORB_SLAM3/Thirdparty/g2o/g2o/types/types_six_dof_expmap.h:37,
                 from /home/ambushee/wil_project/thirdparty/ORB_SLAM3/include/Converter.h:26,
                 from /home/ambushee/wil_project/thirdparty/ORB_SLAM3/include/Frame.h:33,
                 from /home/ambushee/wil_project/thirdparty/ORB_SLAM3/include/MapPoint.h:24,
                 from /home/ambushee/wil_project/thirdparty/ORB_SLAM3/include/KeyFrame.h:23,
                 from /home/ambushee/wil_project/thirdparty/ORB_SLAM3/include/Sim3Solver.h:26,
                 from /home/ambushee/wil_project/thirdparty/ORB_SLAM3/src/Sim3Solver.cc:20:
/home/ambushee/wil_project/thirdparty/ORB_SLAM3/Thirdparty/g2o/g2o/types/../core/base_vertex.h: At global scope:
/home/ambushee/wil_project/thirdparty/ORB_SLAM3/Thirdparty/g2o/g2o/types/../core/base_vertex.h:62:74: warning: ‘Eigen::AlignedBit’ is deprecated [-Wdeprecated-declarations]
   62 |     typedef Eigen::Map<Matrix<double, D, D>, Matrix<double,D,D>::Flags & AlignedBit ? Aligned : Unaligned >  HessianBlockType;
      |                                                                          ^~~~~~~~~~
In file included from /usr/include/eigen3/Eigen/Core:161,
                 from /usr/include/eigen3/Eigen/LU:11,
                 from /home/ambushee/wil_project/thirdparty/ORB_SLAM3/Thirdparty/Sophus/sophus/so2.hpp:12,
                 from /home/ambushee/wil_project/thirdparty/ORB_SLAM3/Thirdparty/Sophus/sophus/se2.hpp:7,
                 from /home/ambushee/wil_project/thirdparty/ORB_SLAM3/Thirdparty/Sophus/sophus/geometry.hpp:7,
                 from /home/ambushee/wil_project/thirdparty/ORB_SLAM3/include/Frame.h:28,
                 from /home/ambushee/wil_project/thirdparty/ORB_SLAM3/include/MapPoint.h:24,
                 from /home/ambushee/wil_project/thirdparty/ORB_SLAM3/include/KeyFrame.h:23,
                 from /home/ambushee/wil_project/thirdparty/ORB_SLAM3/include/Sim3Solver.h:26,
                 from /home/ambushee/wil_project/thirdparty/ORB_SLAM3/src/Sim3Solver.cc:20:
/usr/include/eigen3/Eigen/src/Core/util/Constants.h:167:37: note: declared here
  167 | EIGEN_DEPRECATED const unsigned int AlignedBit = 0x80;
      |                                     ^~~~~~~~~~
In file included from /home/ambushee/wil_project/thirdparty/ORB_SLAM3/Thirdparty/g2o/g2o/types/types_six_dof_expmap.h:38,
                 from /home/ambushee/wil_project/thirdparty/ORB_SLAM3/include/Converter.h:26,
                 from /home/ambushee/wil_project/thirdparty/ORB_SLAM3/include/Frame.h:33,
                 from /home/ambushee/wil_project/thirdparty/ORB_SLAM3/include/MapPoint.h:24,
                 from /home/ambushee/wil_project/thirdparty/ORB_SLAM3/include/KeyFrame.h:23,
                 from /home/ambushee/wil_project/thirdparty/ORB_SLAM3/include/Sim3Solver.h:26,
                 from /home/ambushee/wil_project/thirdparty/ORB_SLAM3/src/Sim3Solver.cc:20:
/home/ambushee/wil_project/thirdparty/ORB_SLAM3/Thirdparty/g2o/g2o/types/../core/base_binary_edge.h:59:82: warning: ‘Eigen::AlignedBit’ is deprecated [-Wdeprecated-declarations]
   59 |       typedef Eigen::Map<Matrix<double, Di, Dj>, Matrix<double, Di, Dj>::Flags & AlignedBit ? Aligned : Unaligned > HessianBlockType;
      |                                                                                  ^~~~~~~~~~
In file included from /usr/include/eigen3/Eigen/Core:161,
                 from /usr/include/eigen3/Eigen/LU:11,
                 from /home/ambushee/wil_project/thirdparty/ORB_SLAM3/Thirdparty/Sophus/sophus/so2.hpp:12,
                 from /home/ambushee/wil_project/thirdparty/ORB_SLAM3/Thirdparty/Sophus/sophus/se2.hpp:7,
                 from /home/ambushee/wil_project/thirdparty/ORB_SLAM3/Thirdparty/Sophus/sophus/geometry.hpp:7,
                 from /home/ambushee/wil_project/thirdparty/ORB_SLAM3/include/Frame.h:28,
                 from /home/ambushee/wil_project/thirdparty/ORB_SLAM3/include/MapPoint.h:24,
                 from /home/ambushee/wil_project/thirdparty/ORB_SLAM3/include/KeyFrame.h:23,
                 from /home/ambushee/wil_project/thirdparty/ORB_SLAM3/include/Sim3Solver.h:26,
                 from /home/ambushee/wil_project/thirdparty/ORB_SLAM3/src/Sim3Solver.cc:20:
/usr/include/eigen3/Eigen/src/Core/util/Constants.h:167:37: note: declared here
  167 | EIGEN_DEPRECATED const unsigned int AlignedBit = 0x80;
      |                                     ^~~~~~~~~~
In file included from /home/ambushee/wil_project/thirdparty/ORB_SLAM3/Thirdparty/g2o/g2o/types/types_six_dof_expmap.h:38,
                 from /home/ambushee/wil_project/thirdparty/ORB_SLAM3/include/Converter.h:26,
                 from /home/ambushee/wil_project/thirdparty/ORB_SLAM3/include/Frame.h:33,
                 from /home/ambushee/wil_project/thirdparty/ORB_SLAM3/include/MapPoint.h:24,
                 from /home/ambushee/wil_project/thirdparty/ORB_SLAM3/include/KeyFrame.h:23,
                 from /home/ambushee/wil_project/thirdparty/ORB_SLAM3/include/Sim3Solver.h:26,
                 from /home/ambushee/wil_project/thirdparty/ORB_SLAM3/src/Sim3Solver.cc:20:
/home/ambushee/wil_project/thirdparty/ORB_SLAM3/Thirdparty/g2o/g2o/types/../core/base_binary_edge.h:60:82: warning: ‘Eigen::AlignedBit’ is deprecated [-Wdeprecated-declarations]
   60 |       typedef Eigen::Map<Matrix<double, Dj, Di>, Matrix<double, Dj, Di>::Flags & AlignedBit ? Aligned : Unaligned > HessianBlockTransposedType;
      |                                                                                  ^~~~~~~~~~
In file included from /usr/include/eigen3/Eigen/Core:161,
                 from /usr/include/eigen3/Eigen/LU:11,
                 from /home/ambushee/wil_project/thirdparty/ORB_SLAM3/Thirdparty/Sophus/sophus/so2.hpp:12,
                 from /home/ambushee/wil_project/thirdparty/ORB_SLAM3/Thirdparty/Sophus/sophus/se2.hpp:7,
                 from /home/ambushee/wil_project/thirdparty/ORB_SLAM3/Thirdparty/Sophus/sophus/geometry.hpp:7,
                 from /home/ambushee/wil_project/thirdparty/ORB_SLAM3/include/Frame.h:28,
                 from /home/ambushee/wil_project/thirdparty/ORB_SLAM3/include/MapPoint.h:24,
                 from /home/ambushee/wil_project/thirdparty/ORB_SLAM3/include/KeyFrame.h:23,
                 from /home/ambushee/wil_project/thirdparty/ORB_SLAM3/include/Sim3Solver.h:26,
                 from /home/ambushee/wil_project/thirdparty/ORB_SLAM3/src/Sim3Solver.cc:20:
/usr/include/eigen3/Eigen/src/Core/util/Constants.h:167:37: note: declared here
  167 | EIGEN_DEPRECATED const unsigned int AlignedBit = 0x80;
      |                                     ^~~~~~~~~~
In file included from /home/ambushee/wil_project/thirdparty/ORB_SLAM3/Thirdparty/g2o/g2o/types/types_six_dof_expmap.h:37,
                 from /home/ambushee/wil_project/thirdparty/ORB_SLAM3/include/Converter.h:26,
                 from /home/ambushee/wil_project/thirdparty/ORB_SLAM3/include/Frame.h:33,
                 from /home/ambushee/wil_project/thirdparty/ORB_SLAM3/include/MapPoint.h:24,
                 from /home/ambushee/wil_project/thirdparty/ORB_SLAM3/include/KeyFrame.h:23,
                 from /home/ambushee/wil_project/thirdparty/ORB_SLAM3/include/KeyFrameDatabase.h:27,
                 from /home/ambushee/wil_project/thirdparty/ORB_SLAM3/src/KeyFrameDatabase.cc:20:
/home/ambushee/wil_project/thirdparty/ORB_SLAM3/Thirdparty/g2o/g2o/types/../core/base_vertex.h: In instantiation of ‘class g2o::BaseVertex<3, Eigen::Matrix<double, 3, 1> >’:
/home/ambushee/wil_project/thirdparty/ORB_SLAM3/Thirdparty/g2o/g2o/types/types_sba.h:40:35:   required from here
/home/ambushee/wil_project/thirdparty/ORB_SLAM3/Thirdparty/g2o/g2o/types/../core/base_vertex.h:62:72: warning: ‘Eigen::AlignedBit’ is deprecated [-Wdeprecated-declarations]
   62 |     typedef Eigen::Map<Matrix<double, D, D>, Matrix<double,D,D>::Flags & AlignedBit ? Aligned : Unaligned >  HessianBlockType;
      |                                                                  ~~~~~~^~~~~~~~~~~~
In file included from /usr/include/eigen3/Eigen/Core:161,
                 from /usr/include/eigen3/Eigen/LU:11,
                 from /home/ambushee/wil_project/thirdparty/ORB_SLAM3/Thirdparty/Sophus/sophus/so2.hpp:12,
                 from /home/ambushee/wil_project/thirdparty/ORB_SLAM3/Thirdparty/Sophus/sophus/se2.hpp:7,
                 from /home/ambushee/wil_project/thirdparty/ORB_SLAM3/Thirdparty/Sophus/sophus/geometry.hpp:7,
                 from /home/ambushee/wil_project/thirdparty/ORB_SLAM3/include/Frame.h:28,
                 from /home/ambushee/wil_project/thirdparty/ORB_SLAM3/include/MapPoint.h:24,
                 from /home/ambushee/wil_project/thirdparty/ORB_SLAM3/include/KeyFrame.h:23,
                 from /home/ambushee/wil_project/thirdparty/ORB_SLAM3/include/KeyFrameDatabase.h:27,
                 from /home/ambushee/wil_project/thirdparty/ORB_SLAM3/src/KeyFrameDatabase.cc:20:
/usr/include/eigen3/Eigen/src/Core/util/Constants.h:167:37: note: declared here
  167 | EIGEN_DEPRECATED const unsigned int AlignedBit = 0x80;
      |                                     ^~~~~~~~~~
In file included from /home/ambushee/wil_project/thirdparty/ORB_SLAM3/Thirdparty/g2o/g2o/types/types_six_dof_expmap.h:37,
                 from /home/ambushee/wil_project/thirdparty/ORB_SLAM3/include/Converter.h:26,
                 from /home/ambushee/wil_project/thirdparty/ORB_SLAM3/include/Frame.h:33,
                 from /home/ambushee/wil_project/thirdparty/ORB_SLAM3/include/MapPoint.h:24,
                 from /home/ambushee/wil_project/thirdparty/ORB_SLAM3/include/KeyFrame.h:23,
                 from /home/ambushee/wil_project/thirdparty/ORB_SLAM3/include/KeyFrameDatabase.h:27,
                 from /home/ambushee/wil_project/thirdparty/ORB_SLAM3/src/KeyFrameDatabase.cc:20:
/home/ambushee/wil_project/thirdparty/ORB_SLAM3/Thirdparty/g2o/g2o/types/../core/base_vertex.h: In instantiation of ‘class g2o::BaseVertex<6, g2o::SE3Quat>’:
/home/ambushee/wil_project/thirdparty/ORB_SLAM3/Thirdparty/g2o/g2o/types/types_six_dof_expmap.h:59:33:   required from here
/home/ambushee/wil_project/thirdparty/ORB_SLAM3/Thirdparty/g2o/g2o/types/../core/base_vertex.h:62:72: warning: ‘Eigen::AlignedBit’ is deprecated [-Wdeprecated-declarations]
   62 |     typedef Eigen::Map<Matrix<double, D, D>, Matrix<double,D,D>::Flags & AlignedBit ? Aligned : Unaligned >  HessianBlockType;
      |                                                                  ~~~~~~^~~~~~~~~~~~
In file included from /usr/include/eigen3/Eigen/Core:161,
                 from /usr/include/eigen3/Eigen/LU:11,
                 from /home/ambushee/wil_project/thirdparty/ORB_SLAM3/Thirdparty/Sophus/sophus/so2.hpp:12,
                 from /home/ambushee/wil_project/thirdparty/ORB_SLAM3/Thirdparty/Sophus/sophus/se2.hpp:7,
                 from /home/ambushee/wil_project/thirdparty/ORB_SLAM3/Thirdparty/Sophus/sophus/geometry.hpp:7,
                 from /home/ambushee/wil_project/thirdparty/ORB_SLAM3/include/Frame.h:28,
                 from /home/ambushee/wil_project/thirdparty/ORB_SLAM3/include/MapPoint.h:24,
                 from /home/ambushee/wil_project/thirdparty/ORB_SLAM3/include/KeyFrame.h:23,
                 from /home/ambushee/wil_project/thirdparty/ORB_SLAM3/include/KeyFrameDatabase.h:27,
                 from /home/ambushee/wil_project/thirdparty/ORB_SLAM3/src/KeyFrameDatabase.cc:20:
/usr/include/eigen3/Eigen/src/Core/util/Constants.h:167:37: note: declared here
  167 | EIGEN_DEPRECATED const unsigned int AlignedBit = 0x80;
      |                                     ^~~~~~~~~~
In file included from /home/ambushee/wil_project/thirdparty/ORB_SLAM3/Thirdparty/g2o/g2o/types/types_six_dof_expmap.h:38,
                 from /home/ambushee/wil_project/thirdparty/ORB_SLAM3/include/Converter.h:26,
                 from /home/ambushee/wil_project/thirdparty/ORB_SLAM3/include/Frame.h:33,
                 from /home/ambushee/wil_project/thirdparty/ORB_SLAM3/include/MapPoint.h:24,
                 from /home/ambushee/wil_project/thirdparty/ORB_SLAM3/include/KeyFrame.h:23,
                 from /home/ambushee/wil_project/thirdparty/ORB_SLAM3/include/KeyFrameDatabase.h:27,
                 from /home/ambushee/wil_project/thirdparty/ORB_SLAM3/src/KeyFrameDatabase.cc:20:
/home/ambushee/wil_project/thirdparty/ORB_SLAM3/Thirdparty/g2o/g2o/types/../core/base_binary_edge.h: In instantiation of ‘class g2o::BaseBinaryEdge<6, g2o::SE3Quat, g2o::VertexSE3Expmap, g2o::VertexSE3Expmap>’:
/home/ambushee/wil_project/thirdparty/ORB_SLAM3/Thirdparty/g2o/g2o/types/types_six_dof_expmap.h:83:24:   required from here
/home/ambushee/wil_project/thirdparty/ORB_SLAM3/Thirdparty/g2o/g2o/types/../core/base_binary_edge.h:59:80: warning: ‘Eigen::AlignedBit’ is deprecated [-Wdeprecated-declarations]
   59 |       typedef Eigen::Map<Matrix<double, Di, Dj>, Matrix<double, Di, Dj>::Flags & AlignedBit ? Aligned : Unaligned > HessianBlockType;
      |                                                                          ~~~~~~^~~~~~~~~~~~
In file included from /usr/include/eigen3/Eigen/Core:161,
                 from /usr/include/eigen3/Eigen/LU:11,
                 from /home/ambushee/wil_project/thirdparty/ORB_SLAM3/Thirdparty/Sophus/sophus/so2.hpp:12,
                 from /home/ambushee/wil_project/thirdparty/ORB_SLAM3/Thirdparty/Sophus/sophus/se2.hpp:7,
                 from /home/ambushee/wil_project/thirdparty/ORB_SLAM3/Thirdparty/Sophus/sophus/geometry.hpp:7,
                 from /home/ambushee/wil_project/thirdparty/ORB_SLAM3/include/Frame.h:28,
                 from /home/ambushee/wil_project/thirdparty/ORB_SLAM3/include/MapPoint.h:24,
                 from /home/ambushee/wil_project/thirdparty/ORB_SLAM3/include/KeyFrame.h:23,
                 from /home/ambushee/wil_project/thirdparty/ORB_SLAM3/include/KeyFrameDatabase.h:27,
                 from /home/ambushee/wil_project/thirdparty/ORB_SLAM3/src/KeyFrameDatabase.cc:20:
/usr/include/eigen3/Eigen/src/Core/util/Constants.h:167:37: note: declared here
  167 | EIGEN_DEPRECATED const unsigned int AlignedBit = 0x80;
      |                                     ^~~~~~~~~~
In file included from /home/ambushee/wil_project/thirdparty/ORB_SLAM3/Thirdparty/g2o/g2o/types/types_six_dof_expmap.h:38,
                 from /home/ambushee/wil_project/thirdparty/ORB_SLAM3/include/Converter.h:26,
                 from /home/ambushee/wil_project/thirdparty/ORB_SLAM3/include/Frame.h:33,
                 from /home/ambushee/wil_project/thirdparty/ORB_SLAM3/include/MapPoint.h:24,
                 from /home/ambushee/wil_project/thirdparty/ORB_SLAM3/include/KeyFrame.h:23,
                 from /home/ambushee/wil_project/thirdparty/ORB_SLAM3/include/KeyFrameDatabase.h:27,
                 from /home/ambushee/wil_project/thirdparty/ORB_SLAM3/src/KeyFrameDatabase.cc:20:
/home/ambushee/wil_project/thirdparty/ORB_SLAM3/Thirdparty/g2o/g2o/types/../core/base_binary_edge.h:60:80: warning: ‘Eigen::AlignedBit’ is deprecated [-Wdeprecated-declarations]
   60 |       typedef Eigen::Map<Matrix<double, Dj, Di>, Matrix<double, Dj, Di>::Flags & AlignedBit ? Aligned : Unaligned > HessianBlockTransposedType;
      |                                                                          ~~~~~~^~~~~~~~~~~~
In file included from /usr/include/eigen3/Eigen/Core:161,
                 from /usr/include/eigen3/Eigen/LU:11,
                 from /home/ambushee/wil_project/thirdparty/ORB_SLAM3/Thirdparty/Sophus/sophus/so2.hpp:12,
                 from /home/ambushee/wil_project/thirdparty/ORB_SLAM3/Thirdparty/Sophus/sophus/se2.hpp:7,
                 from /home/ambushee/wil_project/thirdparty/ORB_SLAM3/Thirdparty/Sophus/sophus/geometry.hpp:7,
                 from /home/ambushee/wil_project/thirdparty/ORB_SLAM3/include/Frame.h:28,
                 from /home/ambushee/wil_project/thirdparty/ORB_SLAM3/include/MapPoint.h:24,
                 from /home/ambushee/wil_project/thirdparty/ORB_SLAM3/include/KeyFrame.h:23,
                 from /home/ambushee/wil_project/thirdparty/ORB_SLAM3/include/KeyFrameDatabase.h:27,
                 from /home/ambushee/wil_project/thirdparty/ORB_SLAM3/src/KeyFrameDatabase.cc:20:
/usr/include/eigen3/Eigen/src/Core/util/Constants.h:167:37: note: declared here
  167 | EIGEN_DEPRECATED const unsigned int AlignedBit = 0x80;
      |                                     ^~~~~~~~~~
In file included from /home/ambushee/wil_project/thirdparty/ORB_SLAM3/Thirdparty/g2o/g2o/types/types_six_dof_expmap.h:37,
                 from /home/ambushee/wil_project/thirdparty/ORB_SLAM3/include/Converter.h:26,
                 from /home/ambushee/wil_project/thirdparty/ORB_SLAM3/include/Frame.h:33,
                 from /home/ambushee/wil_project/thirdparty/ORB_SLAM3/include/MapPoint.h:24,
                 from /home/ambushee/wil_project/thirdparty/ORB_SLAM3/include/KeyFrame.h:23,
                 from /home/ambushee/wil_project/thirdparty/ORB_SLAM3/include/LoopClosing.h:23,
                 from /home/ambushee/wil_project/thirdparty/ORB_SLAM3/src/LoopClosing.cc:20:
/home/ambushee/wil_project/thirdparty/ORB_SLAM3/Thirdparty/g2o/g2o/types/../core/base_vertex.h: At global scope:
/home/ambushee/wil_project/thirdparty/ORB_SLAM3/Thirdparty/g2o/g2o/types/../core/base_vertex.h:62:74: warning: ‘Eigen::AlignedBit’ is deprecated [-Wdeprecated-declarations]
   62 |     typedef Eigen::Map<Matrix<double, D, D>, Matrix<double,D,D>::Flags & AlignedBit ? Aligned : Unaligned >  HessianBlockType;
      |                                                                          ^~~~~~~~~~
In file included from /usr/include/eigen3/Eigen/Core:161,
                 from /usr/include/eigen3/Eigen/LU:11,
                 from /home/ambushee/wil_project/thirdparty/ORB_SLAM3/Thirdparty/Sophus/sophus/so2.hpp:12,
                 from /home/ambushee/wil_project/thirdparty/ORB_SLAM3/Thirdparty/Sophus/sophus/se2.hpp:7,
                 from /home/ambushee/wil_project/thirdparty/ORB_SLAM3/Thirdparty/Sophus/sophus/geometry.hpp:7,
                 from /home/ambushee/wil_project/thirdparty/ORB_SLAM3/include/Frame.h:28,
                 from /home/ambushee/wil_project/thirdparty/ORB_SLAM3/include/MapPoint.h:24,
                 from /home/ambushee/wil_project/thirdparty/ORB_SLAM3/include/KeyFrame.h:23,
                 from /home/ambushee/wil_project/thirdparty/ORB_SLAM3/include/LoopClosing.h:23,
                 from /home/ambushee/wil_project/thirdparty/ORB_SLAM3/src/LoopClosing.cc:20:
/usr/include/eigen3/Eigen/src/Core/util/Constants.h:167:37: note: declared here
  167 | EIGEN_DEPRECATED const unsigned int AlignedBit = 0x80;
      |                                     ^~~~~~~~~~
In file included from /home/ambushee/wil_project/thirdparty/ORB_SLAM3/Thirdparty/g2o/g2o/types/types_six_dof_expmap.h:37,
                 from /home/ambushee/wil_project/thirdparty/ORB_SLAM3/include/Converter.h:26,
                 from /home/ambushee/wil_project/thirdparty/ORB_SLAM3/src/ImuTypes.cc:20:
/home/ambushee/wil_project/thirdparty/ORB_SLAM3/Thirdparty/g2o/g2o/types/../core/base_vertex.h: In instantiation of ‘class g2o::BaseVertex<7, g2o::Sim3>’:
/home/ambushee/wil_project/thirdparty/ORB_SLAM3/Thirdparty/g2o/g2o/types/types_seven_dof_expmap.h:48:35:   required from here
/home/ambushee/wil_project/thirdparty/ORB_SLAM3/Thirdparty/g2o/g2o/types/../core/base_vertex.h:62:72: warning: ‘Eigen::AlignedBit’ is deprecated [-Wdeprecated-declarations]
   62 |     typedef Eigen::Map<Matrix<double, D, D>, Matrix<double,D,D>::Flags & AlignedBit ? Aligned : Unaligned >  HessianBlockType;
      |                                                                  ~~~~~~^~~~~~~~~~~~
In file included from /usr/include/eigen3/Eigen/Core:161,
                 from /home/ambushee/wil_project/thirdparty/ORB_SLAM3/include/ImuTypes.h:26,
                 from /home/ambushee/wil_project/thirdparty/ORB_SLAM3/src/ImuTypes.cc:19:
/usr/include/eigen3/Eigen/src/Core/util/Constants.h:167:37: note: declared here
  167 | EIGEN_DEPRECATED const unsigned int AlignedBit = 0x80;
      |                                     ^~~~~~~~~~
In file included from /home/ambushee/wil_project/thirdparty/ORB_SLAM3/Thirdparty/g2o/g2o/types/types_six_dof_expmap.h:37,
                 from /home/ambushee/wil_project/thirdparty/ORB_SLAM3/include/Converter.h:26,
                 from /home/ambushee/wil_project/thirdparty/ORB_SLAM3/include/Frame.h:33,
                 from /home/ambushee/wil_project/thirdparty/ORB_SLAM3/src/Frame.cc:19:
/home/ambushee/wil_project/thirdparty/ORB_SLAM3/Thirdparty/g2o/g2o/types/../core/base_vertex.h: In instantiation of ‘class g2o::BaseVertex<3, Eigen::Matrix<double, 3, 1> >’:
/home/ambushee/wil_project/thirdparty/ORB_SLAM3/Thirdparty/g2o/g2o/types/types_sba.h:40:35:   required from here
/home/ambushee/wil_project/thirdparty/ORB_SLAM3/Thirdparty/g2o/g2o/types/../core/base_vertex.h:62:72: warning: ‘Eigen::AlignedBit’ is deprecated [-Wdeprecated-declarations]
   62 |     typedef Eigen::Map<Matrix<double, D, D>, Matrix<double,D,D>::Flags & AlignedBit ? Aligned : Unaligned >  HessianBlockType;
      |                                                                  ~~~~~~^~~~~~~~~~~~
In file included from /usr/include/eigen3/Eigen/Core:161,
                 from /usr/include/eigen3/Eigen/LU:11,
                 from /home/ambushee/wil_project/thirdparty/ORB_SLAM3/Thirdparty/Sophus/sophus/so2.hpp:12,
                 from /home/ambushee/wil_project/thirdparty/ORB_SLAM3/Thirdparty/Sophus/sophus/se2.hpp:7,
                 from /home/ambushee/wil_project/thirdparty/ORB_SLAM3/Thirdparty/Sophus/sophus/geometry.hpp:7,
                 from /home/ambushee/wil_project/thirdparty/ORB_SLAM3/include/Frame.h:28,
                 from /home/ambushee/wil_project/thirdparty/ORB_SLAM3/src/Frame.cc:19:
/usr/include/eigen3/Eigen/src/Core/util/Constants.h:167:37: note: declared here
  167 | EIGEN_DEPRECATED const unsigned int AlignedBit = 0x80;
      |                                     ^~~~~~~~~~
In file included from /home/ambushee/wil_project/thirdparty/ORB_SLAM3/Thirdparty/g2o/g2o/types/types_six_dof_expmap.h:38,
                 from /home/ambushee/wil_project/thirdparty/ORB_SLAM3/include/Converter.h:26,
                 from /home/ambushee/wil_project/thirdparty/ORB_SLAM3/include/Frame.h:33,
                 from /home/ambushee/wil_project/thirdparty/ORB_SLAM3/include/MapPoint.h:24,
                 from /home/ambushee/wil_project/thirdparty/ORB_SLAM3/include/KeyFrame.h:23,
                 from /home/ambushee/wil_project/thirdparty/ORB_SLAM3/include/LoopClosing.h:23,
                 from /home/ambushee/wil_project/thirdparty/ORB_SLAM3/src/LoopClosing.cc:20:
/home/ambushee/wil_project/thirdparty/ORB_SLAM3/Thirdparty/g2o/g2o/types/../core/base_binary_edge.h:59:82: warning: ‘Eigen::AlignedBit’ is deprecated [-Wdeprecated-declarations]
   59 |       typedef Eigen::Map<Matrix<double, Di, Dj>, Matrix<double, Di, Dj>::Flags & AlignedBit ? Aligned : Unaligned > HessianBlockType;
      |                                                                                  ^~~~~~~~~~
In file included from /usr/include/eigen3/Eigen/Core:161,
                 from /usr/include/eigen3/Eigen/LU:11,
                 from /home/ambushee/wil_project/thirdparty/ORB_SLAM3/Thirdparty/Sophus/sophus/so2.hpp:12,
                 from /home/ambushee/wil_project/thirdparty/ORB_SLAM3/Thirdparty/Sophus/sophus/se2.hpp:7,
                 from /home/ambushee/wil_project/thirdparty/ORB_SLAM3/Thirdparty/Sophus/sophus/geometry.hpp:7,
                 from /home/ambushee/wil_project/thirdparty/ORB_SLAM3/include/Frame.h:28,
                 from /home/ambushee/wil_project/thirdparty/ORB_SLAM3/include/MapPoint.h:24,
                 from /home/ambushee/wil_project/thirdparty/ORB_SLAM3/include/KeyFrame.h:23,
                 from /home/ambushee/wil_project/thirdparty/ORB_SLAM3/include/LoopClosing.h:23,
                 from /home/ambushee/wil_project/thirdparty/ORB_SLAM3/src/LoopClosing.cc:20:
/usr/include/eigen3/Eigen/src/Core/util/Constants.h:167:37: note: declared here
  167 | EIGEN_DEPRECATED const unsigned int AlignedBit = 0x80;
      |                                     ^~~~~~~~~~
In file included from /home/ambushee/wil_project/thirdparty/ORB_SLAM3/Thirdparty/g2o/g2o/types/types_six_dof_expmap.h:38,
                 from /home/ambushee/wil_project/thirdparty/ORB_SLAM3/include/Converter.h:26,
                 from /home/ambushee/wil_project/thirdparty/ORB_SLAM3/include/Frame.h:33,
                 from /home/ambushee/wil_project/thirdparty/ORB_SLAM3/include/MapPoint.h:24,
                 from /home/ambushee/wil_project/thirdparty/ORB_SLAM3/include/KeyFrame.h:23,
                 from /home/ambushee/wil_project/thirdparty/ORB_SLAM3/include/LoopClosing.h:23,
                 from /home/ambushee/wil_project/thirdparty/ORB_SLAM3/src/LoopClosing.cc:20:
/home/ambushee/wil_project/thirdparty/ORB_SLAM3/Thirdparty/g2o/g2o/types/../core/base_binary_edge.h:60:82: warning: ‘Eigen::AlignedBit’ is deprecated [-Wdeprecated-declarations]
   60 |       typedef Eigen::Map<Matrix<double, Dj, Di>, Matrix<double, Dj, Di>::Flags & AlignedBit ? Aligned : Unaligned > HessianBlockTransposedType;
      |                                                                                  ^~~~~~~~~~
In file included from /usr/include/eigen3/Eigen/Core:161,
                 from /usr/include/eigen3/Eigen/LU:11,
                 from /home/ambushee/wil_project/thirdparty/ORB_SLAM3/Thirdparty/Sophus/sophus/so2.hpp:12,
                 from /home/ambushee/wil_project/thirdparty/ORB_SLAM3/Thirdparty/Sophus/sophus/se2.hpp:7,
                 from /home/ambushee/wil_project/thirdparty/ORB_SLAM3/Thirdparty/Sophus/sophus/geometry.hpp:7,
                 from /home/ambushee/wil_project/thirdparty/ORB_SLAM3/include/Frame.h:28,
                 from /home/ambushee/wil_project/thirdparty/ORB_SLAM3/include/MapPoint.h:24,
                 from /home/ambushee/wil_project/thirdparty/ORB_SLAM3/include/KeyFrame.h:23,
                 from /home/ambushee/wil_project/thirdparty/ORB_SLAM3/include/LoopClosing.h:23,
                 from /home/ambushee/wil_project/thirdparty/ORB_SLAM3/src/LoopClosing.cc:20:
/usr/include/eigen3/Eigen/src/Core/util/Constants.h:167:37: note: declared here
  167 | EIGEN_DEPRECATED const unsigned int AlignedBit = 0x80;
      |                                     ^~~~~~~~~~
In file included from /home/ambushee/wil_project/thirdparty/ORB_SLAM3/Thirdparty/g2o/g2o/types/types_six_dof_expmap.h:38,
                 from /home/ambushee/wil_project/thirdparty/ORB_SLAM3/include/Converter.h:26,
                 from /home/ambushee/wil_project/thirdparty/ORB_SLAM3/src/ImuTypes.cc:20:
/home/ambushee/wil_project/thirdparty/ORB_SLAM3/Thirdparty/g2o/g2o/types/../core/base_binary_edge.h: In instantiation of ‘class g2o::BaseBinaryEdge<7, g2o::Sim3, g2o::VertexSim3Expmap, g2o::VertexSim3Expmap>’:
/home/ambushee/wil_project/thirdparty/ORB_SLAM3/Thirdparty/g2o/g2o/types/types_seven_dof_expmap.h:99:27:   required from here
/home/ambushee/wil_project/thirdparty/ORB_SLAM3/Thirdparty/g2o/g2o/types/../core/base_binary_edge.h:59:80: warning: ‘Eigen::AlignedBit’ is deprecated [-Wdeprecated-declarations]
   59 |       typedef Eigen::Map<Matrix<double, Di, Dj>, Matrix<double, Di, Dj>::Flags & AlignedBit ? Aligned : Unaligned > HessianBlockType;
      |                                                                          ~~~~~~^~~~~~~~~~~~
In file included from /usr/include/eigen3/Eigen/Core:161,
                 from /home/ambushee/wil_project/thirdparty/ORB_SLAM3/include/ImuTypes.h:26,
                 from /home/ambushee/wil_project/thirdparty/ORB_SLAM3/src/ImuTypes.cc:19:
/usr/include/eigen3/Eigen/src/Core/util/Constants.h:167:37: note: declared here
  167 | EIGEN_DEPRECATED const unsigned int AlignedBit = 0x80;
      |                                     ^~~~~~~~~~
In file included from /home/ambushee/wil_project/thirdparty/ORB_SLAM3/Thirdparty/g2o/g2o/types/types_six_dof_expmap.h:38,
                 from /home/ambushee/wil_project/thirdparty/ORB_SLAM3/include/Converter.h:26,
                 from /home/ambushee/wil_project/thirdparty/ORB_SLAM3/src/ImuTypes.cc:20:
/home/ambushee/wil_project/thirdparty/ORB_SLAM3/Thirdparty/g2o/g2o/types/../core/base_binary_edge.h:60:80: warning: ‘Eigen::AlignedBit’ is deprecated [-Wdeprecated-declarations]
   60 |       typedef Eigen::Map<Matrix<double, Dj, Di>, Matrix<double, Dj, Di>::Flags & AlignedBit ? Aligned : Unaligned > HessianBlockTransposedType;
      |                                                                          ~~~~~~^~~~~~~~~~~~
In file included from /usr/include/eigen3/Eigen/Core:161,
                 from /home/ambushee/wil_project/thirdparty/ORB_SLAM3/include/ImuTypes.h:26,
                 from /home/ambushee/wil_project/thirdparty/ORB_SLAM3/src/ImuTypes.cc:19:
/usr/include/eigen3/Eigen/src/Core/util/Constants.h:167:37: note: declared here
  167 | EIGEN_DEPRECATED const unsigned int AlignedBit = 0x80;
      |                                     ^~~~~~~~~~
In file included from /home/ambushee/wil_project/thirdparty/ORB_SLAM3/Thirdparty/g2o/g2o/types/types_six_dof_expmap.h:37,
                 from /home/ambushee/wil_project/thirdparty/ORB_SLAM3/include/Converter.h:26,
                 from /home/ambushee/wil_project/thirdparty/ORB_SLAM3/include/Frame.h:33,
                 from /home/ambushee/wil_project/thirdparty/ORB_SLAM3/src/Frame.cc:19:
/home/ambushee/wil_project/thirdparty/ORB_SLAM3/Thirdparty/g2o/g2o/types/../core/base_vertex.h: In instantiation of ‘class g2o::BaseVertex<6, g2o::SE3Quat>’:
/home/ambushee/wil_project/thirdparty/ORB_SLAM3/Thirdparty/g2o/g2o/types/types_six_dof_expmap.h:59:33:   required from here
/home/ambushee/wil_project/thirdparty/ORB_SLAM3/Thirdparty/g2o/g2o/types/../core/base_vertex.h:62:72: warning: ‘Eigen::AlignedBit’ is deprecated [-Wdeprecated-declarations]
   62 |     typedef Eigen::Map<Matrix<double, D, D>, Matrix<double,D,D>::Flags & AlignedBit ? Aligned : Unaligned >  HessianBlockType;
      |                                                                  ~~~~~~^~~~~~~~~~~~
In file included from /usr/include/eigen3/Eigen/Core:161,
                 from /usr/include/eigen3/Eigen/LU:11,
                 from /home/ambushee/wil_project/thirdparty/ORB_SLAM3/Thirdparty/Sophus/sophus/so2.hpp:12,
                 from /home/ambushee/wil_project/thirdparty/ORB_SLAM3/Thirdparty/Sophus/sophus/se2.hpp:7,
                 from /home/ambushee/wil_project/thirdparty/ORB_SLAM3/Thirdparty/Sophus/sophus/geometry.hpp:7,
                 from /home/ambushee/wil_project/thirdparty/ORB_SLAM3/include/Frame.h:28,
                 from /home/ambushee/wil_project/thirdparty/ORB_SLAM3/src/Frame.cc:19:
/usr/include/eigen3/Eigen/src/Core/util/Constants.h:167:37: note: declared here
  167 | EIGEN_DEPRECATED const unsigned int AlignedBit = 0x80;
      |                                     ^~~~~~~~~~
In file included from /home/ambushee/wil_project/thirdparty/ORB_SLAM3/Thirdparty/g2o/g2o/types/types_six_dof_expmap.h:38,
                 from /home/ambushee/wil_project/thirdparty/ORB_SLAM3/include/Converter.h:26,
                 from /home/ambushee/wil_project/thirdparty/ORB_SLAM3/include/Frame.h:33,
                 from /home/ambushee/wil_project/thirdparty/ORB_SLAM3/include/MapPoint.h:24,
                 from /home/ambushee/wil_project/thirdparty/ORB_SLAM3/include/KeyFrame.h:23,
                 from /home/ambushee/wil_project/thirdparty/ORB_SLAM3/include/KeyFrameDatabase.h:27,
                 from /home/ambushee/wil_project/thirdparty/ORB_SLAM3/src/KeyFrameDatabase.cc:20:
/home/ambushee/wil_project/thirdparty/ORB_SLAM3/Thirdparty/g2o/g2o/types/../core/base_binary_edge.h: In instantiation of ‘class g2o::BaseBinaryEdge<2, Eigen::Matrix<double, 2, 1>, g2o::VertexSBAPointXYZ, g2o::VertexSE3Expmap>’:
/home/ambushee/wil_project/thirdparty/ORB_SLAM3/Thirdparty/g2o/g2o/types/types_six_dof_expmap.h:114:35:   required from here
/home/ambushee/wil_project/thirdparty/ORB_SLAM3/Thirdparty/g2o/g2o/types/../core/base_binary_edge.h:59:80: warning: ‘Eigen::AlignedBit’ is deprecated [-Wdeprecated-declarations]
   59 |       typedef Eigen::Map<Matrix<double, Di, Dj>, Matrix<double, Di, Dj>::Flags & AlignedBit ? Aligned : Unaligned > HessianBlockType;
      |                                                                          ~~~~~~^~~~~~~~~~~~
In file included from /usr/include/eigen3/Eigen/Core:161,
                 from /usr/include/eigen3/Eigen/LU:11,
                 from /home/ambushee/wil_project/thirdparty/ORB_SLAM3/Thirdparty/Sophus/sophus/so2.hpp:12,
                 from /home/ambushee/wil_project/thirdparty/ORB_SLAM3/Thirdparty/Sophus/sophus/se2.hpp:7,
                 from /home/ambushee/wil_project/thirdparty/ORB_SLAM3/Thirdparty/Sophus/sophus/geometry.hpp:7,
                 from /home/ambushee/wil_project/thirdparty/ORB_SLAM3/include/Frame.h:28,
                 from /home/ambushee/wil_project/thirdparty/ORB_SLAM3/include/MapPoint.h:24,
                 from /home/ambushee/wil_project/thirdparty/ORB_SLAM3/include/KeyFrame.h:23,
                 from /home/ambushee/wil_project/thirdparty/ORB_SLAM3/include/KeyFrameDatabase.h:27,
                 from /home/ambushee/wil_project/thirdparty/ORB_SLAM3/src/KeyFrameDatabase.cc:20:
/usr/include/eigen3/Eigen/src/Core/util/Constants.h:167:37: note: declared here
  167 | EIGEN_DEPRECATED const unsigned int AlignedBit = 0x80;
      |                                     ^~~~~~~~~~
In file included from /home/ambushee/wil_project/thirdparty/ORB_SLAM3/Thirdparty/g2o/g2o/types/types_six_dof_expmap.h:38,
                 from /home/ambushee/wil_project/thirdparty/ORB_SLAM3/include/Converter.h:26,
                 from /home/ambushee/wil_project/thirdparty/ORB_SLAM3/include/Frame.h:33,
                 from /home/ambushee/wil_project/thirdparty/ORB_SLAM3/src/Frame.cc:19:
/home/ambushee/wil_project/thirdparty/ORB_SLAM3/Thirdparty/g2o/g2o/types/../core/base_binary_edge.h: In instantiation of ‘class g2o::BaseBinaryEdge<6, g2o::SE3Quat, g2o::VertexSE3Expmap, g2o::VertexSE3Expmap>’:
/home/ambushee/wil_project/thirdparty/ORB_SLAM3/Thirdparty/g2o/g2o/types/types_six_dof_expmap.h:83:24:   required from here
/home/ambushee/wil_project/thirdparty/ORB_SLAM3/Thirdparty/g2o/g2o/types/../core/base_binary_edge.h:59:80: warning: ‘Eigen::AlignedBit’ is deprecated [-Wdeprecated-declarations]
   59 |       typedef Eigen::Map<Matrix<double, Di, Dj>, Matrix<double, Di, Dj>::Flags & AlignedBit ? Aligned : Unaligned > HessianBlockType;
      |                                                                          ~~~~~~^~~~~~~~~~~~
In file included from /usr/include/eigen3/Eigen/Core:161,
                 from /usr/include/eigen3/Eigen/LU:11,
                 from /home/ambushee/wil_project/thirdparty/ORB_SLAM3/Thirdparty/Sophus/sophus/so2.hpp:12,
                 from /home/ambushee/wil_project/thirdparty/ORB_SLAM3/Thirdparty/Sophus/sophus/se2.hpp:7,
                 from /home/ambushee/wil_project/thirdparty/ORB_SLAM3/Thirdparty/Sophus/sophus/geometry.hpp:7,
                 from /home/ambushee/wil_project/thirdparty/ORB_SLAM3/include/Frame.h:28,
                 from /home/ambushee/wil_project/thirdparty/ORB_SLAM3/src/Frame.cc:19:
/usr/include/eigen3/Eigen/src/Core/util/Constants.h:167:37: note: declared here
  167 | EIGEN_DEPRECATED const unsigned int AlignedBit = 0x80;
      |                                     ^~~~~~~~~~
In file included from /home/ambushee/wil_project/thirdparty/ORB_SLAM3/Thirdparty/g2o/g2o/types/types_six_dof_expmap.h:38,
                 from /home/ambushee/wil_project/thirdparty/ORB_SLAM3/include/Converter.h:26,
                 from /home/ambushee/wil_project/thirdparty/ORB_SLAM3/include/Frame.h:33,
                 from /home/ambushee/wil_project/thirdparty/ORB_SLAM3/src/Frame.cc:19:
/home/ambushee/wil_project/thirdparty/ORB_SLAM3/Thirdparty/g2o/g2o/types/../core/base_binary_edge.h:60:80: warning: ‘Eigen::AlignedBit’ is deprecated [-Wdeprecated-declarations]
   60 |       typedef Eigen::Map<Matrix<double, Dj, Di>, Matrix<double, Dj, Di>::Flags & AlignedBit ? Aligned : Unaligned > HessianBlockTransposedType;
      |                                                                          ~~~~~~^~~~~~~~~~~~
In file included from /usr/include/eigen3/Eigen/Core:161,
                 from /usr/include/eigen3/Eigen/LU:11,
                 from /home/ambushee/wil_project/thirdparty/ORB_SLAM3/Thirdparty/Sophus/sophus/so2.hpp:12,
                 from /home/ambushee/wil_project/thirdparty/ORB_SLAM3/Thirdparty/Sophus/sophus/se2.hpp:7,
                 from /home/ambushee/wil_project/thirdparty/ORB_SLAM3/Thirdparty/Sophus/sophus/geometry.hpp:7,
                 from /home/ambushee/wil_project/thirdparty/ORB_SLAM3/include/Frame.h:28,
                 from /home/ambushee/wil_project/thirdparty/ORB_SLAM3/src/Frame.cc:19:
/usr/include/eigen3/Eigen/src/Core/util/Constants.h:167:37: note: declared here
  167 | EIGEN_DEPRECATED const unsigned int AlignedBit = 0x80;
      |                                     ^~~~~~~~~~
In file included from /home/ambushee/wil_project/thirdparty/ORB_SLAM3/Thirdparty/g2o/g2o/types/types_six_dof_expmap.h:38,
                 from /home/ambushee/wil_project/thirdparty/ORB_SLAM3/include/Converter.h:26,
                 from /home/ambushee/wil_project/thirdparty/ORB_SLAM3/include/Frame.h:33,
                 from /home/ambushee/wil_project/thirdparty/ORB_SLAM3/include/MapPoint.h:24,
                 from /home/ambushee/wil_project/thirdparty/ORB_SLAM3/include/KeyFrame.h:23,
                 from /home/ambushee/wil_project/thirdparty/ORB_SLAM3/include/KeyFrameDatabase.h:27,
                 from /home/ambushee/wil_project/thirdparty/ORB_SLAM3/src/KeyFrameDatabase.cc:20:
/home/ambushee/wil_project/thirdparty/ORB_SLAM3/Thirdparty/g2o/g2o/types/../core/base_binary_edge.h:60:80: warning: ‘Eigen::AlignedBit’ is deprecated [-Wdeprecated-declarations]
   60 |       typedef Eigen::Map<Matrix<double, Dj, Di>, Matrix<double, Dj, Di>::Flags & AlignedBit ? Aligned : Unaligned > HessianBlockTransposedType;
      |                                                                          ~~~~~~^~~~~~~~~~~~
In file included from /usr/include/eigen3/Eigen/Core:161,
                 from /usr/include/eigen3/Eigen/LU:11,
                 from /home/ambushee/wil_project/thirdparty/ORB_SLAM3/Thirdparty/Sophus/sophus/so2.hpp:12,
                 from /home/ambushee/wil_project/thirdparty/ORB_SLAM3/Thirdparty/Sophus/sophus/se2.hpp:7,
                 from /home/ambushee/wil_project/thirdparty/ORB_SLAM3/Thirdparty/Sophus/sophus/geometry.hpp:7,
                 from /home/ambushee/wil_project/thirdparty/ORB_SLAM3/include/Frame.h:28,
                 from /home/ambushee/wil_project/thirdparty/ORB_SLAM3/include/MapPoint.h:24,
                 from /home/ambushee/wil_project/thirdparty/ORB_SLAM3/include/KeyFrame.h:23,
                 from /home/ambushee/wil_project/thirdparty/ORB_SLAM3/include/KeyFrameDatabase.h:27,
                 from /home/ambushee/wil_project/thirdparty/ORB_SLAM3/src/KeyFrameDatabase.cc:20:
/usr/include/eigen3/Eigen/src/Core/util/Constants.h:167:37: note: declared here
  167 | EIGEN_DEPRECATED const unsigned int AlignedBit = 0x80;
      |                                     ^~~~~~~~~~
In file included from /home/ambushee/wil_project/thirdparty/ORB_SLAM3/Thirdparty/g2o/g2o/types/types_six_dof_expmap.h:38,
                 from /home/ambushee/wil_project/thirdparty/ORB_SLAM3/include/Converter.h:26,
                 from /home/ambushee/wil_project/thirdparty/ORB_SLAM3/src/ImuTypes.cc:20:
/home/ambushee/wil_project/thirdparty/ORB_SLAM3/Thirdparty/g2o/g2o/types/../core/base_binary_edge.h: In instantiation of ‘class g2o::BaseBinaryEdge<2, Eigen::Matrix<double, 2, 1>, g2o::VertexSBAPointXYZ, g2o::VertexSim3Expmap>’:
/home/ambushee/wil_project/thirdparty/ORB_SLAM3/Thirdparty/g2o/g2o/types/types_seven_dof_expmap.h:130:36:   required from here
/home/ambushee/wil_project/thirdparty/ORB_SLAM3/Thirdparty/g2o/g2o/types/../core/base_binary_edge.h:59:80: warning: ‘Eigen::AlignedBit’ is deprecated [-Wdeprecated-declarations]
   59 |       typedef Eigen::Map<Matrix<double, Di, Dj>, Matrix<double, Di, Dj>::Flags & AlignedBit ? Aligned : Unaligned > HessianBlockType;
      |                                                                          ~~~~~~^~~~~~~~~~~~
In file included from /usr/include/eigen3/Eigen/Core:161,
                 from /home/ambushee/wil_project/thirdparty/ORB_SLAM3/include/ImuTypes.h:26,
                 from /home/ambushee/wil_project/thirdparty/ORB_SLAM3/src/ImuTypes.cc:19:
/usr/include/eigen3/Eigen/src/Core/util/Constants.h:167:37: note: declared here
  167 | EIGEN_DEPRECATED const unsigned int AlignedBit = 0x80;
      |                                     ^~~~~~~~~~
In file included from /home/ambushee/wil_project/thirdparty/ORB_SLAM3/Thirdparty/g2o/g2o/types/types_six_dof_expmap.h:38,
                 from /home/ambushee/wil_project/thirdparty/ORB_SLAM3/include/Converter.h:26,
                 from /home/ambushee/wil_project/thirdparty/ORB_SLAM3/src/ImuTypes.cc:20:
/home/ambushee/wil_project/thirdparty/ORB_SLAM3/Thirdparty/g2o/g2o/types/../core/base_binary_edge.h:60:80: warning: ‘Eigen::AlignedBit’ is deprecated [-Wdeprecated-declarations]
   60 |       typedef Eigen::Map<Matrix<double, Dj, Di>, Matrix<double, Dj, Di>::Flags & AlignedBit ? Aligned : Unaligned > HessianBlockTransposedType;
      |                                                                          ~~~~~~^~~~~~~~~~~~
In file included from /usr/include/eigen3/Eigen/Core:161,
                 from /home/ambushee/wil_project/thirdparty/ORB_SLAM3/include/ImuTypes.h:26,
                 from /home/ambushee/wil_project/thirdparty/ORB_SLAM3/src/ImuTypes.cc:19:
/usr/include/eigen3/Eigen/src/Core/util/Constants.h:167:37: note: declared here
  167 | EIGEN_DEPRECATED const unsigned int AlignedBit = 0x80;
      |                                     ^~~~~~~~~~
In file included from /home/ambushee/wil_project/thirdparty/ORB_SLAM3/Thirdparty/g2o/g2o/types/types_six_dof_expmap.h:38,
                 from /home/ambushee/wil_project/thirdparty/ORB_SLAM3/include/Converter.h:26,
                 from /home/ambushee/wil_project/thirdparty/ORB_SLAM3/include/Frame.h:33,
                 from /home/ambushee/wil_project/thirdparty/ORB_SLAM3/include/MapPoint.h:24,
                 from /home/ambushee/wil_project/thirdparty/ORB_SLAM3/include/KeyFrame.h:23,
                 from /home/ambushee/wil_project/thirdparty/ORB_SLAM3/include/KeyFrameDatabase.h:27,
                 from /home/ambushee/wil_project/thirdparty/ORB_SLAM3/src/KeyFrameDatabase.cc:20:
/home/ambushee/wil_project/thirdparty/ORB_SLAM3/Thirdparty/g2o/g2o/types/../core/base_binary_edge.h: In instantiation of ‘class g2o::BaseBinaryEdge<3, Eigen::Matrix<double, 3, 1>, g2o::VertexSBAPointXYZ, g2o::VertexSE3Expmap>’:
/home/ambushee/wil_project/thirdparty/ORB_SLAM3/Thirdparty/g2o/g2o/types/types_six_dof_expmap.h:146:41:   required from here
/home/ambushee/wil_project/thirdparty/ORB_SLAM3/Thirdparty/g2o/g2o/types/../core/base_binary_edge.h:59:80: warning: ‘Eigen::AlignedBit’ is deprecated [-Wdeprecated-declarations]
   59 |       typedef Eigen::Map<Matrix<double, Di, Dj>, Matrix<double, Di, Dj>::Flags & AlignedBit ? Aligned : Unaligned > HessianBlockType;
      |                                                                          ~~~~~~^~~~~~~~~~~~
In file included from /usr/include/eigen3/Eigen/Core:161,
                 from /usr/include/eigen3/Eigen/LU:11,
                 from /home/ambushee/wil_project/thirdparty/ORB_SLAM3/Thirdparty/Sophus/sophus/so2.hpp:12,
                 from /home/ambushee/wil_project/thirdparty/ORB_SLAM3/Thirdparty/Sophus/sophus/se2.hpp:7,
                 from /home/ambushee/wil_project/thirdparty/ORB_SLAM3/Thirdparty/Sophus/sophus/geometry.hpp:7,
                 from /home/ambushee/wil_project/thirdparty/ORB_SLAM3/include/Frame.h:28,
                 from /home/ambushee/wil_project/thirdparty/ORB_SLAM3/include/MapPoint.h:24,
                 from /home/ambushee/wil_project/thirdparty/ORB_SLAM3/include/KeyFrame.h:23,
                 from /home/ambushee/wil_project/thirdparty/ORB_SLAM3/include/KeyFrameDatabase.h:27,
                 from /home/ambushee/wil_project/thirdparty/ORB_SLAM3/src/KeyFrameDatabase.cc:20:
/usr/include/eigen3/Eigen/src/Core/util/Constants.h:167:37: note: declared here
  167 | EIGEN_DEPRECATED const unsigned int AlignedBit = 0x80;
      |                                     ^~~~~~~~~~
In file included from /home/ambushee/wil_project/thirdparty/ORB_SLAM3/Thirdparty/g2o/g2o/types/types_six_dof_expmap.h:38,
                 from /home/ambushee/wil_project/thirdparty/ORB_SLAM3/include/Converter.h:26,
                 from /home/ambushee/wil_project/thirdparty/ORB_SLAM3/include/Frame.h:33,
                 from /home/ambushee/wil_project/thirdparty/ORB_SLAM3/include/MapPoint.h:24,
                 from /home/ambushee/wil_project/thirdparty/ORB_SLAM3/include/KeyFrame.h:23,
                 from /home/ambushee/wil_project/thirdparty/ORB_SLAM3/include/KeyFrameDatabase.h:27,
                 from /home/ambushee/wil_project/thirdparty/ORB_SLAM3/src/KeyFrameDatabase.cc:20:
/home/ambushee/wil_project/thirdparty/ORB_SLAM3/Thirdparty/g2o/g2o/types/../core/base_binary_edge.h:60:80: warning: ‘Eigen::AlignedBit’ is deprecated [-Wdeprecated-declarations]
   60 |       typedef Eigen::Map<Matrix<double, Dj, Di>, Matrix<double, Dj, Di>::Flags & AlignedBit ? Aligned : Unaligned > HessianBlockTransposedType;
      |                                                                          ~~~~~~^~~~~~~~~~~~
In file included from /usr/include/eigen3/Eigen/Core:161,
                 from /usr/include/eigen3/Eigen/LU:11,
                 from /home/ambushee/wil_project/thirdparty/ORB_SLAM3/Thirdparty/Sophus/sophus/so2.hpp:12,
                 from /home/ambushee/wil_project/thirdparty/ORB_SLAM3/Thirdparty/Sophus/sophus/se2.hpp:7,
                 from /home/ambushee/wil_project/thirdparty/ORB_SLAM3/Thirdparty/Sophus/sophus/geometry.hpp:7,
                 from /home/ambushee/wil_project/thirdparty/ORB_SLAM3/include/Frame.h:28,
                 from /home/ambushee/wil_project/thirdparty/ORB_SLAM3/include/MapPoint.h:24,
                 from /home/ambushee/wil_project/thirdparty/ORB_SLAM3/include/KeyFrame.h:23,
                 from /home/ambushee/wil_project/thirdparty/ORB_SLAM3/include/KeyFrameDatabase.h:27,
                 from /home/ambushee/wil_project/thirdparty/ORB_SLAM3/src/KeyFrameDatabase.cc:20:
/usr/include/eigen3/Eigen/src/Core/util/Constants.h:167:37: note: declared here
  167 | EIGEN_DEPRECATED const unsigned int AlignedBit = 0x80;
      |                                     ^~~~~~~~~~
In file included from /home/ambushee/wil_project/thirdparty/ORB_SLAM3/Thirdparty/g2o/g2o/types/types_six_dof_expmap.h:38,
                 from /home/ambushee/wil_project/thirdparty/ORB_SLAM3/include/Converter.h:26,
                 from /home/ambushee/wil_project/thirdparty/ORB_SLAM3/include/Frame.h:33,
                 from /home/ambushee/wil_project/thirdparty/ORB_SLAM3/src/Frame.cc:19:
/home/ambushee/wil_project/thirdparty/ORB_SLAM3/Thirdparty/g2o/g2o/types/../core/base_binary_edge.h: In instantiation of ‘class g2o::BaseBinaryEdge<2, Eigen::Matrix<double, 2, 1>, g2o::VertexSBAPointXYZ, g2o::VertexSE3Expmap>’:
/home/ambushee/wil_project/thirdparty/ORB_SLAM3/Thirdparty/g2o/g2o/types/types_six_dof_expmap.h:114:35:   required from here
/home/ambushee/wil_project/thirdparty/ORB_SLAM3/Thirdparty/g2o/g2o/types/../core/base_binary_edge.h:59:80: warning: ‘Eigen::AlignedBit’ is deprecated [-Wdeprecated-declarations]
   59 |       typedef Eigen::Map<Matrix<double, Di, Dj>, Matrix<double, Di, Dj>::Flags & AlignedBit ? Aligned : Unaligned > HessianBlockType;
      |                                                                          ~~~~~~^~~~~~~~~~~~
In file included from /usr/include/eigen3/Eigen/Core:161,
                 from /usr/include/eigen3/Eigen/LU:11,
                 from /home/ambushee/wil_project/thirdparty/ORB_SLAM3/Thirdparty/Sophus/sophus/so2.hpp:12,
                 from /home/ambushee/wil_project/thirdparty/ORB_SLAM3/Thirdparty/Sophus/sophus/se2.hpp:7,
                 from /home/ambushee/wil_project/thirdparty/ORB_SLAM3/Thirdparty/Sophus/sophus/geometry.hpp:7,
                 from /home/ambushee/wil_project/thirdparty/ORB_SLAM3/include/Frame.h:28,
                 from /home/ambushee/wil_project/thirdparty/ORB_SLAM3/src/Frame.cc:19:
/usr/include/eigen3/Eigen/src/Core/util/Constants.h:167:37: note: declared here
  167 | EIGEN_DEPRECATED const unsigned int AlignedBit = 0x80;
      |                                     ^~~~~~~~~~
In file included from /home/ambushee/wil_project/thirdparty/ORB_SLAM3/Thirdparty/g2o/g2o/types/types_six_dof_expmap.h:38,
                 from /home/ambushee/wil_project/thirdparty/ORB_SLAM3/include/Converter.h:26,
                 from /home/ambushee/wil_project/thirdparty/ORB_SLAM3/include/Frame.h:33,
                 from /home/ambushee/wil_project/thirdparty/ORB_SLAM3/src/Frame.cc:19:
/home/ambushee/wil_project/thirdparty/ORB_SLAM3/Thirdparty/g2o/g2o/types/../core/base_binary_edge.h:60:80: warning: ‘Eigen::AlignedBit’ is deprecated [-Wdeprecated-declarations]
   60 |       typedef Eigen::Map<Matrix<double, Dj, Di>, Matrix<double, Dj, Di>::Flags & AlignedBit ? Aligned : Unaligned > HessianBlockTransposedType;
      |                                                                          ~~~~~~^~~~~~~~~~~~
In file included from /usr/include/eigen3/Eigen/Core:161,
                 from /usr/include/eigen3/Eigen/LU:11,
                 from /home/ambushee/wil_project/thirdparty/ORB_SLAM3/Thirdparty/Sophus/sophus/so2.hpp:12,
                 from /home/ambushee/wil_project/thirdparty/ORB_SLAM3/Thirdparty/Sophus/sophus/se2.hpp:7,
                 from /home/ambushee/wil_project/thirdparty/ORB_SLAM3/Thirdparty/Sophus/sophus/geometry.hpp:7,
                 from /home/ambushee/wil_project/thirdparty/ORB_SLAM3/include/Frame.h:28,
                 from /home/ambushee/wil_project/thirdparty/ORB_SLAM3/src/Frame.cc:19:
/usr/include/eigen3/Eigen/src/Core/util/Constants.h:167:37: note: declared here
  167 | EIGEN_DEPRECATED const unsigned int AlignedBit = 0x80;
      |                                     ^~~~~~~~~~
In file included from /home/ambushee/wil_project/thirdparty/ORB_SLAM3/Thirdparty/g2o/g2o/types/types_six_dof_expmap.h:38,
                 from /home/ambushee/wil_project/thirdparty/ORB_SLAM3/include/Converter.h:26,
                 from /home/ambushee/wil_project/thirdparty/ORB_SLAM3/include/Frame.h:33,
                 from /home/ambushee/wil_project/thirdparty/ORB_SLAM3/src/Frame.cc:19:
/home/ambushee/wil_project/thirdparty/ORB_SLAM3/Thirdparty/g2o/g2o/types/../core/base_binary_edge.h: In instantiation of ‘class g2o::BaseBinaryEdge<3, Eigen::Matrix<double, 3, 1>, g2o::VertexSBAPointXYZ, g2o::VertexSE3Expmap>’:
/home/ambushee/wil_project/thirdparty/ORB_SLAM3/Thirdparty/g2o/g2o/types/types_six_dof_expmap.h:146:41:   required from here
/home/ambushee/wil_project/thirdparty/ORB_SLAM3/Thirdparty/g2o/g2o/types/../core/base_binary_edge.h:59:80: warning: ‘Eigen::AlignedBit’ is deprecated [-Wdeprecated-declarations]
   59 |       typedef Eigen::Map<Matrix<double, Di, Dj>, Matrix<double, Di, Dj>::Flags & AlignedBit ? Aligned : Unaligned > HessianBlockType;
      |                                                                          ~~~~~~^~~~~~~~~~~~
In file included from /usr/include/eigen3/Eigen/Core:161,
                 from /usr/include/eigen3/Eigen/LU:11,
                 from /home/ambushee/wil_project/thirdparty/ORB_SLAM3/Thirdparty/Sophus/sophus/so2.hpp:12,
                 from /home/ambushee/wil_project/thirdparty/ORB_SLAM3/Thirdparty/Sophus/sophus/se2.hpp:7,
                 from /home/ambushee/wil_project/thirdparty/ORB_SLAM3/Thirdparty/Sophus/sophus/geometry.hpp:7,
                 from /home/ambushee/wil_project/thirdparty/ORB_SLAM3/include/Frame.h:28,
                 from /home/ambushee/wil_project/thirdparty/ORB_SLAM3/src/Frame.cc:19:
/usr/include/eigen3/Eigen/src/Core/util/Constants.h:167:37: note: declared here
  167 | EIGEN_DEPRECATED const unsigned int AlignedBit = 0x80;
      |                                     ^~~~~~~~~~
In file included from /home/ambushee/wil_project/thirdparty/ORB_SLAM3/Thirdparty/g2o/g2o/types/types_six_dof_expmap.h:38,
                 from /home/ambushee/wil_project/thirdparty/ORB_SLAM3/include/Converter.h:26,
                 from /home/ambushee/wil_project/thirdparty/ORB_SLAM3/include/Frame.h:33,
                 from /home/ambushee/wil_project/thirdparty/ORB_SLAM3/src/Frame.cc:19:
/home/ambushee/wil_project/thirdparty/ORB_SLAM3/Thirdparty/g2o/g2o/types/../core/base_binary_edge.h:60:80: warning: ‘Eigen::AlignedBit’ is deprecated [-Wdeprecated-declarations]
   60 |       typedef Eigen::Map<Matrix<double, Dj, Di>, Matrix<double, Dj, Di>::Flags & AlignedBit ? Aligned : Unaligned > HessianBlockTransposedType;
      |                                                                          ~~~~~~^~~~~~~~~~~~
In file included from /usr/include/eigen3/Eigen/Core:161,
                 from /usr/include/eigen3/Eigen/LU:11,
                 from /home/ambushee/wil_project/thirdparty/ORB_SLAM3/Thirdparty/Sophus/sophus/so2.hpp:12,
                 from /home/ambushee/wil_project/thirdparty/ORB_SLAM3/Thirdparty/Sophus/sophus/se2.hpp:7,
                 from /home/ambushee/wil_project/thirdparty/ORB_SLAM3/Thirdparty/Sophus/sophus/geometry.hpp:7,
                 from /home/ambushee/wil_project/thirdparty/ORB_SLAM3/include/Frame.h:28,
                 from /home/ambushee/wil_project/thirdparty/ORB_SLAM3/src/Frame.cc:19:
/usr/include/eigen3/Eigen/src/Core/util/Constants.h:167:37: note: declared here
  167 | EIGEN_DEPRECATED const unsigned int AlignedBit = 0x80;
      |                                     ^~~~~~~~~~
In file included from /home/ambushee/wil_project/thirdparty/ORB_SLAM3/Thirdparty/g2o/g2o/types/types_six_dof_expmap.h:37,
                 from /home/ambushee/wil_project/thirdparty/ORB_SLAM3/include/Converter.h:26,
                 from /home/ambushee/wil_project/thirdparty/ORB_SLAM3/include/Frame.h:33,
                 from /home/ambushee/wil_project/thirdparty/ORB_SLAM3/include/MapPoint.h:24,
                 from /home/ambushee/wil_project/thirdparty/ORB_SLAM3/include/KeyFrame.h:23,
                 from /home/ambushee/wil_project/thirdparty/ORB_SLAM3/include/Sim3Solver.h:26,
                 from /home/ambushee/wil_project/thirdparty/ORB_SLAM3/src/Sim3Solver.cc:20:
/home/ambushee/wil_project/thirdparty/ORB_SLAM3/Thirdparty/g2o/g2o/types/../core/base_vertex.h: In instantiation of ‘class g2o::BaseVertex<3, Eigen::Matrix<double, 3, 1> >’:
/home/ambushee/wil_project/thirdparty/ORB_SLAM3/Thirdparty/g2o/g2o/types/types_sba.h:40:35:   required from here
/home/ambushee/wil_project/thirdparty/ORB_SLAM3/Thirdparty/g2o/g2o/types/../core/base_vertex.h:62:72: warning: ‘Eigen::AlignedBit’ is deprecated [-Wdeprecated-declarations]
   62 |     typedef Eigen::Map<Matrix<double, D, D>, Matrix<double,D,D>::Flags & AlignedBit ? Aligned : Unaligned >  HessianBlockType;
      |                                                                  ~~~~~~^~~~~~~~~~~~
In file included from /usr/include/eigen3/Eigen/Core:161,
                 from /usr/include/eigen3/Eigen/LU:11,
                 from /home/ambushee/wil_project/thirdparty/ORB_SLAM3/Thirdparty/Sophus/sophus/so2.hpp:12,
                 from /home/ambushee/wil_project/thirdparty/ORB_SLAM3/Thirdparty/Sophus/sophus/se2.hpp:7,
                 from /home/ambushee/wil_project/thirdparty/ORB_SLAM3/Thirdparty/Sophus/sophus/geometry.hpp:7,
                 from /home/ambushee/wil_project/thirdparty/ORB_SLAM3/include/Frame.h:28,
                 from /home/ambushee/wil_project/thirdparty/ORB_SLAM3/include/MapPoint.h:24,
                 from /home/ambushee/wil_project/thirdparty/ORB_SLAM3/include/KeyFrame.h:23,
                 from /home/ambushee/wil_project/thirdparty/ORB_SLAM3/include/Sim3Solver.h:26,
                 from /home/ambushee/wil_project/thirdparty/ORB_SLAM3/src/Sim3Solver.cc:20:
/usr/include/eigen3/Eigen/src/Core/util/Constants.h:167:37: note: declared here
  167 | EIGEN_DEPRECATED const unsigned int AlignedBit = 0x80;
      |                                     ^~~~~~~~~~
In file included from /home/ambushee/wil_project/thirdparty/ORB_SLAM3/include/Frame.h:30,
                 from /home/ambushee/wil_project/thirdparty/ORB_SLAM3/include/KeyFrame.h:28,
                 from /home/ambushee/wil_project/thirdparty/ORB_SLAM3/include/MapPoint.h:23,
                 from /home/ambushee/wil_project/thirdparty/ORB_SLAM3/include/Map.h:23,
                 from /home/ambushee/wil_project/thirdparty/ORB_SLAM3/include/Atlas.h:22,
                 from /home/ambushee/wil_project/thirdparty/ORB_SLAM3/include/Tracking.h:28,
                 from /home/ambushee/wil_project/thirdparty/ORB_SLAM3/include/FrameDrawer.h:23,
                 from /home/ambushee/wil_project/thirdparty/ORB_SLAM3/include/Viewer.h:23,
                 from /home/ambushee/wil_project/thirdparty/ORB_SLAM3/src/Viewer.cc:20:
/home/ambushee/wil_project/thirdparty/ORB_SLAM3/include/ImuTypes.h: In member function ‘void ORB_SLAM3::IMU::Preintegrated::printMeasurements() const’:
/home/ambushee/wil_project/thirdparty/ORB_SLAM3/include/ImuTypes.h:204:23: warning: comparison of integer expressions of different signedness: ‘int’ and ‘std::vector<ORB_SLAM3::IMU::Preintegrated::integrable>::size_type’ {aka ‘long unsigned int’} [-Wsign-compare]
  204 |         for(int i=0; i<mvMeasurements.size(); i++){
      |                      ~^~~~~~~~~~~~~~~~~~~~~~
In file included from /home/ambushee/wil_project/thirdparty/ORB_SLAM3/Thirdparty/g2o/g2o/types/types_six_dof_expmap.h:37,
                 from /home/ambushee/wil_project/thirdparty/ORB_SLAM3/include/Converter.h:26,
                 from /home/ambushee/wil_project/thirdparty/ORB_SLAM3/include/Frame.h:33,
                 from /home/ambushee/wil_project/thirdparty/ORB_SLAM3/include/MapPoint.h:24,
                 from /home/ambushee/wil_project/thirdparty/ORB_SLAM3/include/KeyFrame.h:23,
                 from /home/ambushee/wil_project/thirdparty/ORB_SLAM3/include/Sim3Solver.h:26,
                 from /home/ambushee/wil_project/thirdparty/ORB_SLAM3/src/Sim3Solver.cc:20:
/home/ambushee/wil_project/thirdparty/ORB_SLAM3/Thirdparty/g2o/g2o/types/../core/base_vertex.h: In instantiation of ‘class g2o::BaseVertex<6, g2o::SE3Quat>’:
/home/ambushee/wil_project/thirdparty/ORB_SLAM3/Thirdparty/g2o/g2o/types/types_six_dof_expmap.h:59:33:   required from here
/home/ambushee/wil_project/thirdparty/ORB_SLAM3/Thirdparty/g2o/g2o/types/../core/base_vertex.h:62:72: warning: ‘Eigen::AlignedBit’ is deprecated [-Wdeprecated-declarations]
   62 |     typedef Eigen::Map<Matrix<double, D, D>, Matrix<double,D,D>::Flags & AlignedBit ? Aligned : Unaligned >  HessianBlockType;
      |                                                                  ~~~~~~^~~~~~~~~~~~
In file included from /usr/include/eigen3/Eigen/Core:161,
                 from /usr/include/eigen3/Eigen/LU:11,
                 from /home/ambushee/wil_project/thirdparty/ORB_SLAM3/Thirdparty/Sophus/sophus/so2.hpp:12,
                 from /home/ambushee/wil_project/thirdparty/ORB_SLAM3/Thirdparty/Sophus/sophus/se2.hpp:7,
                 from /home/ambushee/wil_project/thirdparty/ORB_SLAM3/Thirdparty/Sophus/sophus/geometry.hpp:7,
                 from /home/ambushee/wil_project/thirdparty/ORB_SLAM3/include/Frame.h:28,
                 from /home/ambushee/wil_project/thirdparty/ORB_SLAM3/include/MapPoint.h:24,
                 from /home/ambushee/wil_project/thirdparty/ORB_SLAM3/include/KeyFrame.h:23,
                 from /home/ambushee/wil_project/thirdparty/ORB_SLAM3/include/Sim3Solver.h:26,
                 from /home/ambushee/wil_project/thirdparty/ORB_SLAM3/src/Sim3Solver.cc:20:
/usr/include/eigen3/Eigen/src/Core/util/Constants.h:167:37: note: declared here
  167 | EIGEN_DEPRECATED const unsigned int AlignedBit = 0x80;
      |                                     ^~~~~~~~~~
In file included from /home/ambushee/wil_project/thirdparty/ORB_SLAM3/Thirdparty/g2o/g2o/types/types_six_dof_expmap.h:37,
                 from /home/ambushee/wil_project/thirdparty/ORB_SLAM3/include/Converter.h:26,
                 from /home/ambushee/wil_project/thirdparty/ORB_SLAM3/include/Frame.h:33,
                 from /home/ambushee/wil_project/thirdparty/ORB_SLAM3/include/MapPoint.h:24,
                 from /home/ambushee/wil_project/thirdparty/ORB_SLAM3/include/KeyFrame.h:23,
                 from /home/ambushee/wil_project/thirdparty/ORB_SLAM3/include/KeyFrameDatabase.h:27,
                 from /home/ambushee/wil_project/thirdparty/ORB_SLAM3/src/KeyFrameDatabase.cc:20:
/home/ambushee/wil_project/thirdparty/ORB_SLAM3/Thirdparty/g2o/g2o/types/../core/base_vertex.h: In instantiation of ‘class g2o::BaseVertex<7, g2o::Sim3>’:
/home/ambushee/wil_project/thirdparty/ORB_SLAM3/Thirdparty/g2o/g2o/types/types_seven_dof_expmap.h:48:35:   required from here
/home/ambushee/wil_project/thirdparty/ORB_SLAM3/Thirdparty/g2o/g2o/types/../core/base_vertex.h:62:72: warning: ‘Eigen::AlignedBit’ is deprecated [-Wdeprecated-declarations]
   62 |     typedef Eigen::Map<Matrix<double, D, D>, Matrix<double,D,D>::Flags & AlignedBit ? Aligned : Unaligned >  HessianBlockType;
      |                                                                  ~~~~~~^~~~~~~~~~~~
In file included from /usr/include/eigen3/Eigen/Core:161,
                 from /usr/include/eigen3/Eigen/LU:11,
                 from /home/ambushee/wil_project/thirdparty/ORB_SLAM3/Thirdparty/Sophus/sophus/so2.hpp:12,
                 from /home/ambushee/wil_project/thirdparty/ORB_SLAM3/Thirdparty/Sophus/sophus/se2.hpp:7,
                 from /home/ambushee/wil_project/thirdparty/ORB_SLAM3/Thirdparty/Sophus/sophus/geometry.hpp:7,
                 from /home/ambushee/wil_project/thirdparty/ORB_SLAM3/include/Frame.h:28,
                 from /home/ambushee/wil_project/thirdparty/ORB_SLAM3/include/MapPoint.h:24,
                 from /home/ambushee/wil_project/thirdparty/ORB_SLAM3/include/KeyFrame.h:23,
                 from /home/ambushee/wil_project/thirdparty/ORB_SLAM3/include/KeyFrameDatabase.h:27,
                 from /home/ambushee/wil_project/thirdparty/ORB_SLAM3/src/KeyFrameDatabase.cc:20:
/usr/include/eigen3/Eigen/src/Core/util/Constants.h:167:37: note: declared here
  167 | EIGEN_DEPRECATED const unsigned int AlignedBit = 0x80;
      |                                     ^~~~~~~~~~
In file included from /home/ambushee/wil_project/thirdparty/ORB_SLAM3/include/Frame.h:30,
                 from /home/ambushee/wil_project/thirdparty/ORB_SLAM3/include/KeyFrame.h:28,
                 from /home/ambushee/wil_project/thirdparty/ORB_SLAM3/include/MapPoint.h:23,
                 from /home/ambushee/wil_project/thirdparty/ORB_SLAM3/include/FrameDrawer.h:24,
                 from /home/ambushee/wil_project/thirdparty/ORB_SLAM3/include/Viewer.h:23,
                 from /home/ambushee/wil_project/thirdparty/ORB_SLAM3/include/Tracking.h:26,
                 from /home/ambushee/wil_project/thirdparty/ORB_SLAM3/src/Tracking.cc:20:
/home/ambushee/wil_project/thirdparty/ORB_SLAM3/include/ImuTypes.h: In member function ‘void ORB_SLAM3::IMU::Preintegrated::printMeasurements() const’:
/home/ambushee/wil_project/thirdparty/ORB_SLAM3/include/ImuTypes.h:204:23: warning: comparison of integer expressions of different signedness: ‘int’ and ‘std::vector<ORB_SLAM3::IMU::Preintegrated::integrable>::size_type’ {aka ‘long unsigned int’} [-Wsign-compare]
  204 |         for(int i=0; i<mvMeasurements.size(); i++){
      |                      ~^~~~~~~~~~~~~~~~~~~~~~
In file included from /home/ambushee/wil_project/thirdparty/ORB_SLAM3/Thirdparty/g2o/g2o/types/types_six_dof_expmap.h:38,
                 from /home/ambushee/wil_project/thirdparty/ORB_SLAM3/include/Converter.h:26,
                 from /home/ambushee/wil_project/thirdparty/ORB_SLAM3/include/Frame.h:33,
                 from /home/ambushee/wil_project/thirdparty/ORB_SLAM3/include/MapPoint.h:24,
                 from /home/ambushee/wil_project/thirdparty/ORB_SLAM3/include/KeyFrame.h:23,
                 from /home/ambushee/wil_project/thirdparty/ORB_SLAM3/include/Sim3Solver.h:26,
                 from /home/ambushee/wil_project/thirdparty/ORB_SLAM3/src/Sim3Solver.cc:20:
/home/ambushee/wil_project/thirdparty/ORB_SLAM3/Thirdparty/g2o/g2o/types/../core/base_binary_edge.h: In instantiation of ‘class g2o::BaseBinaryEdge<6, g2o::SE3Quat, g2o::VertexSE3Expmap, g2o::VertexSE3Expmap>’:
/home/ambushee/wil_project/thirdparty/ORB_SLAM3/Thirdparty/g2o/g2o/types/types_six_dof_expmap.h:83:24:   required from here
/home/ambushee/wil_project/thirdparty/ORB_SLAM3/Thirdparty/g2o/g2o/types/../core/base_binary_edge.h:59:80: warning: ‘Eigen::AlignedBit’ is deprecated [-Wdeprecated-declarations]
   59 |       typedef Eigen::Map<Matrix<double, Di, Dj>, Matrix<double, Di, Dj>::Flags & AlignedBit ? Aligned : Unaligned > HessianBlockType;
      |                                                                          ~~~~~~^~~~~~~~~~~~
In file included from /usr/include/eigen3/Eigen/Core:161,
                 from /usr/include/eigen3/Eigen/LU:11,
                 from /home/ambushee/wil_project/thirdparty/ORB_SLAM3/Thirdparty/Sophus/sophus/so2.hpp:12,
                 from /home/ambushee/wil_project/thirdparty/ORB_SLAM3/Thirdparty/Sophus/sophus/se2.hpp:7,
                 from /home/ambushee/wil_project/thirdparty/ORB_SLAM3/Thirdparty/Sophus/sophus/geometry.hpp:7,
                 from /home/ambushee/wil_project/thirdparty/ORB_SLAM3/include/Frame.h:28,
                 from /home/ambushee/wil_project/thirdparty/ORB_SLAM3/include/MapPoint.h:24,
                 from /home/ambushee/wil_project/thirdparty/ORB_SLAM3/include/KeyFrame.h:23,
                 from /home/ambushee/wil_project/thirdparty/ORB_SLAM3/include/Sim3Solver.h:26,
                 from /home/ambushee/wil_project/thirdparty/ORB_SLAM3/src/Sim3Solver.cc:20:
/usr/include/eigen3/Eigen/src/Core/util/Constants.h:167:37: note: declared here
  167 | EIGEN_DEPRECATED const unsigned int AlignedBit = 0x80;
      |                                     ^~~~~~~~~~
In file included from /home/ambushee/wil_project/thirdparty/ORB_SLAM3/Thirdparty/g2o/g2o/types/types_six_dof_expmap.h:38,
                 from /home/ambushee/wil_project/thirdparty/ORB_SLAM3/include/Converter.h:26,
                 from /home/ambushee/wil_project/thirdparty/ORB_SLAM3/include/Frame.h:33,
                 from /home/ambushee/wil_project/thirdparty/ORB_SLAM3/include/MapPoint.h:24,
                 from /home/ambushee/wil_project/thirdparty/ORB_SLAM3/include/KeyFrame.h:23,
                 from /home/ambushee/wil_project/thirdparty/ORB_SLAM3/include/Sim3Solver.h:26,
                 from /home/ambushee/wil_project/thirdparty/ORB_SLAM3/src/Sim3Solver.cc:20:
/home/ambushee/wil_project/thirdparty/ORB_SLAM3/Thirdparty/g2o/g2o/types/../core/base_binary_edge.h:60:80: warning: ‘Eigen::AlignedBit’ is deprecated [-Wdeprecated-declarations]
   60 |       typedef Eigen::Map<Matrix<double, Dj, Di>, Matrix<double, Dj, Di>::Flags & AlignedBit ? Aligned : Unaligned > HessianBlockTransposedType;
      |                                                                          ~~~~~~^~~~~~~~~~~~
In file included from /usr/include/eigen3/Eigen/Core:161,
                 from /usr/include/eigen3/Eigen/LU:11,
                 from /home/ambushee/wil_project/thirdparty/ORB_SLAM3/Thirdparty/Sophus/sophus/so2.hpp:12,
                 from /home/ambushee/wil_project/thirdparty/ORB_SLAM3/Thirdparty/Sophus/sophus/se2.hpp:7,
                 from /home/ambushee/wil_project/thirdparty/ORB_SLAM3/Thirdparty/Sophus/sophus/geometry.hpp:7,
                 from /home/ambushee/wil_project/thirdparty/ORB_SLAM3/include/Frame.h:28,
                 from /home/ambushee/wil_project/thirdparty/ORB_SLAM3/include/MapPoint.h:24,
                 from /home/ambushee/wil_project/thirdparty/ORB_SLAM3/include/KeyFrame.h:23,
                 from /home/ambushee/wil_project/thirdparty/ORB_SLAM3/include/Sim3Solver.h:26,
                 from /home/ambushee/wil_project/thirdparty/ORB_SLAM3/src/Sim3Solver.cc:20:
/usr/include/eigen3/Eigen/src/Core/util/Constants.h:167:37: note: declared here
  167 | EIGEN_DEPRECATED const unsigned int AlignedBit = 0x80;
      |                                     ^~~~~~~~~~
In file included from /home/ambushee/wil_project/thirdparty/ORB_SLAM3/Thirdparty/g2o/g2o/types/types_six_dof_expmap.h:38,
                 from /home/ambushee/wil_project/thirdparty/ORB_SLAM3/include/Converter.h:26,
                 from /home/ambushee/wil_project/thirdparty/ORB_SLAM3/include/Frame.h:33,
                 from /home/ambushee/wil_project/thirdparty/ORB_SLAM3/include/MapPoint.h:24,
                 from /home/ambushee/wil_project/thirdparty/ORB_SLAM3/include/KeyFrame.h:23,
                 from /home/ambushee/wil_project/thirdparty/ORB_SLAM3/include/KeyFrameDatabase.h:27,
                 from /home/ambushee/wil_project/thirdparty/ORB_SLAM3/src/KeyFrameDatabase.cc:20:
/home/ambushee/wil_project/thirdparty/ORB_SLAM3/Thirdparty/g2o/g2o/types/../core/base_binary_edge.h: In instantiation of ‘class g2o::BaseBinaryEdge<7, g2o::Sim3, g2o::VertexSim3Expmap, g2o::VertexSim3Expmap>’:
/home/ambushee/wil_project/thirdparty/ORB_SLAM3/Thirdparty/g2o/g2o/types/types_seven_dof_expmap.h:99:27:   required from here
/home/ambushee/wil_project/thirdparty/ORB_SLAM3/Thirdparty/g2o/g2o/types/../core/base_binary_edge.h:59:80: warning: ‘Eigen::AlignedBit’ is deprecated [-Wdeprecated-declarations]
   59 |       typedef Eigen::Map<Matrix<double, Di, Dj>, Matrix<double, Di, Dj>::Flags & AlignedBit ? Aligned : Unaligned > HessianBlockType;
      |                                                                          ~~~~~~^~~~~~~~~~~~
In file included from /usr/include/eigen3/Eigen/Core:161,
                 from /usr/include/eigen3/Eigen/LU:11,
                 from /home/ambushee/wil_project/thirdparty/ORB_SLAM3/Thirdparty/Sophus/sophus/so2.hpp:12,
                 from /home/ambushee/wil_project/thirdparty/ORB_SLAM3/Thirdparty/Sophus/sophus/se2.hpp:7,
                 from /home/ambushee/wil_project/thirdparty/ORB_SLAM3/Thirdparty/Sophus/sophus/geometry.hpp:7,
                 from /home/ambushee/wil_project/thirdparty/ORB_SLAM3/include/Frame.h:28,
                 from /home/ambushee/wil_project/thirdparty/ORB_SLAM3/include/MapPoint.h:24,
                 from /home/ambushee/wil_project/thirdparty/ORB_SLAM3/include/KeyFrame.h:23,
                 from /home/ambushee/wil_project/thirdparty/ORB_SLAM3/include/KeyFrameDatabase.h:27,
                 from /home/ambushee/wil_project/thirdparty/ORB_SLAM3/src/KeyFrameDatabase.cc:20:
/usr/include/eigen3/Eigen/src/Core/util/Constants.h:167:37: note: declared here
  167 | EIGEN_DEPRECATED const unsigned int AlignedBit = 0x80;
      |                                     ^~~~~~~~~~
In file included from /home/ambushee/wil_project/thirdparty/ORB_SLAM3/Thirdparty/g2o/g2o/types/types_six_dof_expmap.h:38,
                 from /home/ambushee/wil_project/thirdparty/ORB_SLAM3/include/Converter.h:26,
                 from /home/ambushee/wil_project/thirdparty/ORB_SLAM3/include/Frame.h:33,
                 from /home/ambushee/wil_project/thirdparty/ORB_SLAM3/include/MapPoint.h:24,
                 from /home/ambushee/wil_project/thirdparty/ORB_SLAM3/include/KeyFrame.h:23,
                 from /home/ambushee/wil_project/thirdparty/ORB_SLAM3/include/KeyFrameDatabase.h:27,
                 from /home/ambushee/wil_project/thirdparty/ORB_SLAM3/src/KeyFrameDatabase.cc:20:
/home/ambushee/wil_project/thirdparty/ORB_SLAM3/Thirdparty/g2o/g2o/types/../core/base_binary_edge.h:60:80: warning: ‘Eigen::AlignedBit’ is deprecated [-Wdeprecated-declarations]
   60 |       typedef Eigen::Map<Matrix<double, Dj, Di>, Matrix<double, Dj, Di>::Flags & AlignedBit ? Aligned : Unaligned > HessianBlockTransposedType;
      |                                                                          ~~~~~~^~~~~~~~~~~~
In file included from /usr/include/eigen3/Eigen/Core:161,
                 from /usr/include/eigen3/Eigen/LU:11,
                 from /home/ambushee/wil_project/thirdparty/ORB_SLAM3/Thirdparty/Sophus/sophus/so2.hpp:12,
                 from /home/ambushee/wil_project/thirdparty/ORB_SLAM3/Thirdparty/Sophus/sophus/se2.hpp:7,
                 from /home/ambushee/wil_project/thirdparty/ORB_SLAM3/Thirdparty/Sophus/sophus/geometry.hpp:7,
                 from /home/ambushee/wil_project/thirdparty/ORB_SLAM3/include/Frame.h:28,
                 from /home/ambushee/wil_project/thirdparty/ORB_SLAM3/include/MapPoint.h:24,
                 from /home/ambushee/wil_project/thirdparty/ORB_SLAM3/include/KeyFrame.h:23,
                 from /home/ambushee/wil_project/thirdparty/ORB_SLAM3/include/KeyFrameDatabase.h:27,
                 from /home/ambushee/wil_project/thirdparty/ORB_SLAM3/src/KeyFrameDatabase.cc:20:
/usr/include/eigen3/Eigen/src/Core/util/Constants.h:167:37: note: declared here
  167 | EIGEN_DEPRECATED const unsigned int AlignedBit = 0x80;
      |                                     ^~~~~~~~~~
In file included from /home/ambushee/wil_project/thirdparty/ORB_SLAM3/Thirdparty/g2o/g2o/types/types_six_dof_expmap.h:37,
                 from /home/ambushee/wil_project/thirdparty/ORB_SLAM3/include/Converter.h:26,
                 from /home/ambushee/wil_project/thirdparty/ORB_SLAM3/include/Frame.h:33,
                 from /home/ambushee/wil_project/thirdparty/ORB_SLAM3/include/KeyFrame.h:28,
                 from /home/ambushee/wil_project/thirdparty/ORB_SLAM3/include/MapPoint.h:23,
                 from /home/ambushee/wil_project/thirdparty/ORB_SLAM3/include/Map.h:23,
                 from /home/ambushee/wil_project/thirdparty/ORB_SLAM3/include/Atlas.h:22,
                 from /home/ambushee/wil_project/thirdparty/ORB_SLAM3/include/Tracking.h:28,
                 from /home/ambushee/wil_project/thirdparty/ORB_SLAM3/include/FrameDrawer.h:23,
                 from /home/ambushee/wil_project/thirdparty/ORB_SLAM3/include/Viewer.h:23,
                 from /home/ambushee/wil_project/thirdparty/ORB_SLAM3/src/Viewer.cc:20:
/home/ambushee/wil_project/thirdparty/ORB_SLAM3/Thirdparty/g2o/g2o/types/../core/base_vertex.h: At global scope:
/home/ambushee/wil_project/thirdparty/ORB_SLAM3/Thirdparty/g2o/g2o/types/../core/base_vertex.h:62:74: warning: ‘Eigen::AlignedBit’ is deprecated [-Wdeprecated-declarations]
   62 |     typedef Eigen::Map<Matrix<double, D, D>, Matrix<double,D,D>::Flags & AlignedBit ? Aligned : Unaligned >  HessianBlockType;
      |                                                                          ^~~~~~~~~~
In file included from /usr/include/eigen3/Eigen/Core:161,
                 from /usr/include/eigen3/Eigen/LU:11,
                 from /home/ambushee/wil_project/thirdparty/ORB_SLAM3/Thirdparty/Sophus/sophus/so2.hpp:12,
                 from /home/ambushee/wil_project/thirdparty/ORB_SLAM3/Thirdparty/Sophus/sophus/se2.hpp:7,
                 from /home/ambushee/wil_project/thirdparty/ORB_SLAM3/Thirdparty/Sophus/sophus/geometry.hpp:7,
                 from /home/ambushee/wil_project/thirdparty/ORB_SLAM3/include/Frame.h:28,
                 from /home/ambushee/wil_project/thirdparty/ORB_SLAM3/include/KeyFrame.h:28,
                 from /home/ambushee/wil_project/thirdparty/ORB_SLAM3/include/MapPoint.h:23,
                 from /home/ambushee/wil_project/thirdparty/ORB_SLAM3/include/Map.h:23,
                 from /home/ambushee/wil_project/thirdparty/ORB_SLAM3/include/Atlas.h:22,
                 from /home/ambushee/wil_project/thirdparty/ORB_SLAM3/include/Tracking.h:28,
                 from /home/ambushee/wil_project/thirdparty/ORB_SLAM3/include/FrameDrawer.h:23,
                 from /home/ambushee/wil_project/thirdparty/ORB_SLAM3/include/Viewer.h:23,
                 from /home/ambushee/wil_project/thirdparty/ORB_SLAM3/src/Viewer.cc:20:
/usr/include/eigen3/Eigen/src/Core/util/Constants.h:167:37: note: declared here
  167 | EIGEN_DEPRECATED const unsigned int AlignedBit = 0x80;
      |                                     ^~~~~~~~~~
In file included from /home/ambushee/wil_project/thirdparty/ORB_SLAM3/Thirdparty/g2o/g2o/types/types_six_dof_expmap.h:37,
                 from /home/ambushee/wil_project/thirdparty/ORB_SLAM3/include/Converter.h:26,
                 from /home/ambushee/wil_project/thirdparty/ORB_SLAM3/include/Frame.h:33,
                 from /home/ambushee/wil_project/thirdparty/ORB_SLAM3/include/MapPoint.h:24,
                 from /home/ambushee/wil_project/thirdparty/ORB_SLAM3/include/KeyFrame.h:23,
                 from /home/ambushee/wil_project/thirdparty/ORB_SLAM3/include/LoopClosing.h:23,
                 from /home/ambushee/wil_project/thirdparty/ORB_SLAM3/src/LoopClosing.cc:20:
/home/ambushee/wil_project/thirdparty/ORB_SLAM3/Thirdparty/g2o/g2o/types/../core/base_vertex.h: In instantiation of ‘class g2o::BaseVertex<3, Eigen::Matrix<double, 3, 1> >’:
/home/ambushee/wil_project/thirdparty/ORB_SLAM3/Thirdparty/g2o/g2o/types/types_sba.h:40:35:   required from here
/home/ambushee/wil_project/thirdparty/ORB_SLAM3/Thirdparty/g2o/g2o/types/../core/base_vertex.h:62:72: warning: ‘Eigen::AlignedBit’ is deprecated [-Wdeprecated-declarations]
   62 |     typedef Eigen::Map<Matrix<double, D, D>, Matrix<double,D,D>::Flags & AlignedBit ? Aligned : Unaligned >  HessianBlockType;
      |                                                                  ~~~~~~^~~~~~~~~~~~
In file included from /usr/include/eigen3/Eigen/Core:161,
                 from /usr/include/eigen3/Eigen/LU:11,
                 from /home/ambushee/wil_project/thirdparty/ORB_SLAM3/Thirdparty/Sophus/sophus/so2.hpp:12,
                 from /home/ambushee/wil_project/thirdparty/ORB_SLAM3/Thirdparty/Sophus/sophus/se2.hpp:7,
                 from /home/ambushee/wil_project/thirdparty/ORB_SLAM3/Thirdparty/Sophus/sophus/geometry.hpp:7,
                 from /home/ambushee/wil_project/thirdparty/ORB_SLAM3/include/Frame.h:28,
                 from /home/ambushee/wil_project/thirdparty/ORB_SLAM3/include/MapPoint.h:24,
                 from /home/ambushee/wil_project/thirdparty/ORB_SLAM3/include/KeyFrame.h:23,
                 from /home/ambushee/wil_project/thirdparty/ORB_SLAM3/include/LoopClosing.h:23,
                 from /home/ambushee/wil_project/thirdparty/ORB_SLAM3/src/LoopClosing.cc:20:
/usr/include/eigen3/Eigen/src/Core/util/Constants.h:167:37: note: declared here
  167 | EIGEN_DEPRECATED const unsigned int AlignedBit = 0x80;
      |                                     ^~~~~~~~~~
In file included from /home/ambushee/wil_project/thirdparty/ORB_SLAM3/include/Frame.h:30,
                 from /home/ambushee/wil_project/thirdparty/ORB_SLAM3/include/KeyFrame.h:28,
                 from /home/ambushee/wil_project/thirdparty/ORB_SLAM3/include/MapPoint.h:23,
                 from /home/ambushee/wil_project/thirdparty/ORB_SLAM3/include/Map.h:23,
                 from /home/ambushee/wil_project/thirdparty/ORB_SLAM3/include/Optimizer.h:23,
                 from /home/ambushee/wil_project/thirdparty/ORB_SLAM3/src/Optimizer.cc:20:
/home/ambushee/wil_project/thirdparty/ORB_SLAM3/include/ImuTypes.h: In member function ‘void ORB_SLAM3::IMU::Preintegrated::printMeasurements() const’:
/home/ambushee/wil_project/thirdparty/ORB_SLAM3/include/ImuTypes.h:204:23: warning: comparison of integer expressions of different signedness: ‘int’ and ‘std::vector<ORB_SLAM3::IMU::Preintegrated::integrable>::size_type’ {aka ‘long unsigned int’} [-Wsign-compare]
  204 |         for(int i=0; i<mvMeasurements.size(); i++){
      |                      ~^~~~~~~~~~~~~~~~~~~~~~
In file included from /home/ambushee/wil_project/thirdparty/ORB_SLAM3/Thirdparty/g2o/g2o/types/types_six_dof_expmap.h:38,
                 from /home/ambushee/wil_project/thirdparty/ORB_SLAM3/include/Converter.h:26,
                 from /home/ambushee/wil_project/thirdparty/ORB_SLAM3/include/Frame.h:33,
                 from /home/ambushee/wil_project/thirdparty/ORB_SLAM3/include/KeyFrame.h:28,
                 from /home/ambushee/wil_project/thirdparty/ORB_SLAM3/include/MapPoint.h:23,
                 from /home/ambushee/wil_project/thirdparty/ORB_SLAM3/include/Map.h:23,
                 from /home/ambushee/wil_project/thirdparty/ORB_SLAM3/include/Atlas.h:22,
                 from /home/ambushee/wil_project/thirdparty/ORB_SLAM3/include/Tracking.h:28,
                 from /home/ambushee/wil_project/thirdparty/ORB_SLAM3/include/FrameDrawer.h:23,
                 from /home/ambushee/wil_project/thirdparty/ORB_SLAM3/include/Viewer.h:23,
                 from /home/ambushee/wil_project/thirdparty/ORB_SLAM3/src/Viewer.cc:20:
/home/ambushee/wil_project/thirdparty/ORB_SLAM3/Thirdparty/g2o/g2o/types/../core/base_binary_edge.h:59:82: warning: ‘Eigen::AlignedBit’ is deprecated [-Wdeprecated-declarations]
   59 |       typedef Eigen::Map<Matrix<double, Di, Dj>, Matrix<double, Di, Dj>::Flags & AlignedBit ? Aligned : Unaligned > HessianBlockType;
      |                                                                                  ^~~~~~~~~~
In file included from /usr/include/eigen3/Eigen/Core:161,
                 from /usr/include/eigen3/Eigen/LU:11,
                 from /home/ambushee/wil_project/thirdparty/ORB_SLAM3/Thirdparty/Sophus/sophus/so2.hpp:12,
                 from /home/ambushee/wil_project/thirdparty/ORB_SLAM3/Thirdparty/Sophus/sophus/se2.hpp:7,
                 from /home/ambushee/wil_project/thirdparty/ORB_SLAM3/Thirdparty/Sophus/sophus/geometry.hpp:7,
                 from /home/ambushee/wil_project/thirdparty/ORB_SLAM3/include/Frame.h:28,
                 from /home/ambushee/wil_project/thirdparty/ORB_SLAM3/include/KeyFrame.h:28,
                 from /home/ambushee/wil_project/thirdparty/ORB_SLAM3/include/MapPoint.h:23,
                 from /home/ambushee/wil_project/thirdparty/ORB_SLAM3/include/Map.h:23,
                 from /home/ambushee/wil_project/thirdparty/ORB_SLAM3/include/Atlas.h:22,
                 from /home/ambushee/wil_project/thirdparty/ORB_SLAM3/include/Tracking.h:28,
                 from /home/ambushee/wil_project/thirdparty/ORB_SLAM3/include/FrameDrawer.h:23,
                 from /home/ambushee/wil_project/thirdparty/ORB_SLAM3/include/Viewer.h:23,
                 from /home/ambushee/wil_project/thirdparty/ORB_SLAM3/src/Viewer.cc:20:
/usr/include/eigen3/Eigen/src/Core/util/Constants.h:167:37: note: declared here
  167 | EIGEN_DEPRECATED const unsigned int AlignedBit = 0x80;
      |                                     ^~~~~~~~~~
In file included from /home/ambushee/wil_project/thirdparty/ORB_SLAM3/Thirdparty/g2o/g2o/types/types_six_dof_expmap.h:38,
                 from /home/ambushee/wil_project/thirdparty/ORB_SLAM3/include/Converter.h:26,
                 from /home/ambushee/wil_project/thirdparty/ORB_SLAM3/include/Frame.h:33,
                 from /home/ambushee/wil_project/thirdparty/ORB_SLAM3/include/KeyFrame.h:28,
                 from /home/ambushee/wil_project/thirdparty/ORB_SLAM3/include/MapPoint.h:23,
                 from /home/ambushee/wil_project/thirdparty/ORB_SLAM3/include/Map.h:23,
                 from /home/ambushee/wil_project/thirdparty/ORB_SLAM3/include/Atlas.h:22,
                 from /home/ambushee/wil_project/thirdparty/ORB_SLAM3/include/Tracking.h:28,
                 from /home/ambushee/wil_project/thirdparty/ORB_SLAM3/include/FrameDrawer.h:23,
                 from /home/ambushee/wil_project/thirdparty/ORB_SLAM3/include/Viewer.h:23,
                 from /home/ambushee/wil_project/thirdparty/ORB_SLAM3/src/Viewer.cc:20:
/home/ambushee/wil_project/thirdparty/ORB_SLAM3/Thirdparty/g2o/g2o/types/../core/base_binary_edge.h:60:82: warning: ‘Eigen::AlignedBit’ is deprecated [-Wdeprecated-declarations]
   60 |       typedef Eigen::Map<Matrix<double, Dj, Di>, Matrix<double, Dj, Di>::Flags & AlignedBit ? Aligned : Unaligned > HessianBlockTransposedType;
      |                                                                                  ^~~~~~~~~~
In file included from /usr/include/eigen3/Eigen/Core:161,
                 from /usr/include/eigen3/Eigen/LU:11,
                 from /home/ambushee/wil_project/thirdparty/ORB_SLAM3/Thirdparty/Sophus/sophus/so2.hpp:12,
                 from /home/ambushee/wil_project/thirdparty/ORB_SLAM3/Thirdparty/Sophus/sophus/se2.hpp:7,
                 from /home/ambushee/wil_project/thirdparty/ORB_SLAM3/Thirdparty/Sophus/sophus/geometry.hpp:7,
                 from /home/ambushee/wil_project/thirdparty/ORB_SLAM3/include/Frame.h:28,
                 from /home/ambushee/wil_project/thirdparty/ORB_SLAM3/include/KeyFrame.h:28,
                 from /home/ambushee/wil_project/thirdparty/ORB_SLAM3/include/MapPoint.h:23,
                 from /home/ambushee/wil_project/thirdparty/ORB_SLAM3/include/Map.h:23,
                 from /home/ambushee/wil_project/thirdparty/ORB_SLAM3/include/Atlas.h:22,
                 from /home/ambushee/wil_project/thirdparty/ORB_SLAM3/include/Tracking.h:28,
                 from /home/ambushee/wil_project/thirdparty/ORB_SLAM3/include/FrameDrawer.h:23,
                 from /home/ambushee/wil_project/thirdparty/ORB_SLAM3/include/Viewer.h:23,
                 from /home/ambushee/wil_project/thirdparty/ORB_SLAM3/src/Viewer.cc:20:
/usr/include/eigen3/Eigen/src/Core/util/Constants.h:167:37: note: declared here
  167 | EIGEN_DEPRECATED const unsigned int AlignedBit = 0x80;
      |                                     ^~~~~~~~~~
In file included from /home/ambushee/wil_project/thirdparty/ORB_SLAM3/Thirdparty/g2o/g2o/types/types_six_dof_expmap.h:38,
                 from /home/ambushee/wil_project/thirdparty/ORB_SLAM3/include/Converter.h:26,
                 from /home/ambushee/wil_project/thirdparty/ORB_SLAM3/include/Frame.h:33,
                 from /home/ambushee/wil_project/thirdparty/ORB_SLAM3/include/MapPoint.h:24,
                 from /home/ambushee/wil_project/thirdparty/ORB_SLAM3/include/KeyFrame.h:23,
                 from /home/ambushee/wil_project/thirdparty/ORB_SLAM3/include/Sim3Solver.h:26,
                 from /home/ambushee/wil_project/thirdparty/ORB_SLAM3/src/Sim3Solver.cc:20:
/home/ambushee/wil_project/thirdparty/ORB_SLAM3/Thirdparty/g2o/g2o/types/../core/base_binary_edge.h: In instantiation of ‘class g2o::BaseBinaryEdge<2, Eigen::Matrix<double, 2, 1>, g2o::VertexSBAPointXYZ, g2o::VertexSE3Expmap>’:
/home/ambushee/wil_project/thirdparty/ORB_SLAM3/Thirdparty/g2o/g2o/types/types_six_dof_expmap.h:114:35:   required from here
/home/ambushee/wil_project/thirdparty/ORB_SLAM3/Thirdparty/g2o/g2o/types/../core/base_binary_edge.h:59:80: warning: ‘Eigen::AlignedBit’ is deprecated [-Wdeprecated-declarations]
   59 |       typedef Eigen::Map<Matrix<double, Di, Dj>, Matrix<double, Di, Dj>::Flags & AlignedBit ? Aligned : Unaligned > HessianBlockType;
      |                                                                          ~~~~~~^~~~~~~~~~~~
In file included from /usr/include/eigen3/Eigen/Core:161,
                 from /usr/include/eigen3/Eigen/LU:11,
                 from /home/ambushee/wil_project/thirdparty/ORB_SLAM3/Thirdparty/Sophus/sophus/so2.hpp:12,
                 from /home/ambushee/wil_project/thirdparty/ORB_SLAM3/Thirdparty/Sophus/sophus/se2.hpp:7,
                 from /home/ambushee/wil_project/thirdparty/ORB_SLAM3/Thirdparty/Sophus/sophus/geometry.hpp:7,
                 from /home/ambushee/wil_project/thirdparty/ORB_SLAM3/include/Frame.h:28,
                 from /home/ambushee/wil_project/thirdparty/ORB_SLAM3/include/MapPoint.h:24,
                 from /home/ambushee/wil_project/thirdparty/ORB_SLAM3/include/KeyFrame.h:23,
                 from /home/ambushee/wil_project/thirdparty/ORB_SLAM3/include/Sim3Solver.h:26,
                 from /home/ambushee/wil_project/thirdparty/ORB_SLAM3/src/Sim3Solver.cc:20:
/usr/include/eigen3/Eigen/src/Core/util/Constants.h:167:37: note: declared here
  167 | EIGEN_DEPRECATED const unsigned int AlignedBit = 0x80;
      |                                     ^~~~~~~~~~
In file included from /home/ambushee/wil_project/thirdparty/ORB_SLAM3/Thirdparty/g2o/g2o/types/types_six_dof_expmap.h:37,
                 from /home/ambushee/wil_project/thirdparty/ORB_SLAM3/include/Converter.h:26,
                 from /home/ambushee/wil_project/thirdparty/ORB_SLAM3/include/Frame.h:33,
                 from /home/ambushee/wil_project/thirdparty/ORB_SLAM3/include/MapPoint.h:24,
                 from /home/ambushee/wil_project/thirdparty/ORB_SLAM3/include/KeyFrame.h:23,
                 from /home/ambushee/wil_project/thirdparty/ORB_SLAM3/include/LoopClosing.h:23,
                 from /home/ambushee/wil_project/thirdparty/ORB_SLAM3/src/LoopClosing.cc:20:
/home/ambushee/wil_project/thirdparty/ORB_SLAM3/Thirdparty/g2o/g2o/types/../core/base_vertex.h: In instantiation of ‘class g2o::BaseVertex<6, g2o::SE3Quat>’:
/home/ambushee/wil_project/thirdparty/ORB_SLAM3/Thirdparty/g2o/g2o/types/types_six_dof_expmap.h:59:33:   required from here
/home/ambushee/wil_project/thirdparty/ORB_SLAM3/Thirdparty/g2o/g2o/types/../core/base_vertex.h:62:72: warning: ‘Eigen::AlignedBit’ is deprecated [-Wdeprecated-declarations]
   62 |     typedef Eigen::Map<Matrix<double, D, D>, Matrix<double,D,D>::Flags & AlignedBit ? Aligned : Unaligned >  HessianBlockType;
      |                                                                  ~~~~~~^~~~~~~~~~~~
In file included from /usr/include/eigen3/Eigen/Core:161,
                 from /usr/include/eigen3/Eigen/LU:11,
                 from /home/ambushee/wil_project/thirdparty/ORB_SLAM3/Thirdparty/Sophus/sophus/so2.hpp:12,
                 from /home/ambushee/wil_project/thirdparty/ORB_SLAM3/Thirdparty/Sophus/sophus/se2.hpp:7,
                 from /home/ambushee/wil_project/thirdparty/ORB_SLAM3/Thirdparty/Sophus/sophus/geometry.hpp:7,
                 from /home/ambushee/wil_project/thirdparty/ORB_SLAM3/include/Frame.h:28,
                 from /home/ambushee/wil_project/thirdparty/ORB_SLAM3/include/MapPoint.h:24,
                 from /home/ambushee/wil_project/thirdparty/ORB_SLAM3/include/KeyFrame.h:23,
                 from /home/ambushee/wil_project/thirdparty/ORB_SLAM3/include/LoopClosing.h:23,
                 from /home/ambushee/wil_project/thirdparty/ORB_SLAM3/src/LoopClosing.cc:20:
/usr/include/eigen3/Eigen/src/Core/util/Constants.h:167:37: note: declared here
  167 | EIGEN_DEPRECATED const unsigned int AlignedBit = 0x80;
      |                                     ^~~~~~~~~~
In file included from /home/ambushee/wil_project/thirdparty/ORB_SLAM3/Thirdparty/g2o/g2o/types/types_six_dof_expmap.h:37,
                 from /home/ambushee/wil_project/thirdparty/ORB_SLAM3/include/Converter.h:26,
                 from /home/ambushee/wil_project/thirdparty/ORB_SLAM3/include/Frame.h:33,
                 from /home/ambushee/wil_project/thirdparty/ORB_SLAM3/include/KeyFrame.h:28,
                 from /home/ambushee/wil_project/thirdparty/ORB_SLAM3/include/MapPoint.h:23,
                 from /home/ambushee/wil_project/thirdparty/ORB_SLAM3/include/FrameDrawer.h:24,
                 from /home/ambushee/wil_project/thirdparty/ORB_SLAM3/include/Viewer.h:23,
                 from /home/ambushee/wil_project/thirdparty/ORB_SLAM3/include/Tracking.h:26,
                 from /home/ambushee/wil_project/thirdparty/ORB_SLAM3/src/Tracking.cc:20:
/home/ambushee/wil_project/thirdparty/ORB_SLAM3/Thirdparty/g2o/g2o/types/../core/base_vertex.h: At global scope:
/home/ambushee/wil_project/thirdparty/ORB_SLAM3/Thirdparty/g2o/g2o/types/../core/base_vertex.h:62:74: warning: ‘Eigen::AlignedBit’ is deprecated [-Wdeprecated-declarations]
   62 |     typedef Eigen::Map<Matrix<double, D, D>, Matrix<double,D,D>::Flags & AlignedBit ? Aligned : Unaligned >  HessianBlockType;
      |                                                                          ^~~~~~~~~~
In file included from /usr/include/eigen3/Eigen/Core:161,
                 from /usr/include/eigen3/Eigen/LU:11,
                 from /home/ambushee/wil_project/thirdparty/ORB_SLAM3/Thirdparty/Sophus/sophus/so2.hpp:12,
                 from /home/ambushee/wil_project/thirdparty/ORB_SLAM3/Thirdparty/Sophus/sophus/se2.hpp:7,
                 from /home/ambushee/wil_project/thirdparty/ORB_SLAM3/Thirdparty/Sophus/sophus/geometry.hpp:7,
                 from /home/ambushee/wil_project/thirdparty/ORB_SLAM3/include/Frame.h:28,
                 from /home/ambushee/wil_project/thirdparty/ORB_SLAM3/include/KeyFrame.h:28,
                 from /home/ambushee/wil_project/thirdparty/ORB_SLAM3/include/MapPoint.h:23,
                 from /home/ambushee/wil_project/thirdparty/ORB_SLAM3/include/FrameDrawer.h:24,
                 from /home/ambushee/wil_project/thirdparty/ORB_SLAM3/include/Viewer.h:23,
                 from /home/ambushee/wil_project/thirdparty/ORB_SLAM3/include/Tracking.h:26,
                 from /home/ambushee/wil_project/thirdparty/ORB_SLAM3/src/Tracking.cc:20:
/usr/include/eigen3/Eigen/src/Core/util/Constants.h:167:37: note: declared here
  167 | EIGEN_DEPRECATED const unsigned int AlignedBit = 0x80;
      |                                     ^~~~~~~~~~
In file included from /home/ambushee/wil_project/thirdparty/ORB_SLAM3/Thirdparty/g2o/g2o/types/types_six_dof_expmap.h:38,
                 from /home/ambushee/wil_project/thirdparty/ORB_SLAM3/include/Converter.h:26,
                 from /home/ambushee/wil_project/thirdparty/ORB_SLAM3/include/Frame.h:33,
                 from /home/ambushee/wil_project/thirdparty/ORB_SLAM3/include/MapPoint.h:24,
                 from /home/ambushee/wil_project/thirdparty/ORB_SLAM3/include/KeyFrame.h:23,
                 from /home/ambushee/wil_project/thirdparty/ORB_SLAM3/include/KeyFrameDatabase.h:27,
                 from /home/ambushee/wil_project/thirdparty/ORB_SLAM3/src/KeyFrameDatabase.cc:20:
/home/ambushee/wil_project/thirdparty/ORB_SLAM3/Thirdparty/g2o/g2o/types/../core/base_binary_edge.h: In instantiation of ‘class g2o::BaseBinaryEdge<2, Eigen::Matrix<double, 2, 1>, g2o::VertexSBAPointXYZ, g2o::VertexSim3Expmap>’:
/home/ambushee/wil_project/thirdparty/ORB_SLAM3/Thirdparty/g2o/g2o/types/types_seven_dof_expmap.h:130:36:   required from here
/home/ambushee/wil_project/thirdparty/ORB_SLAM3/Thirdparty/g2o/g2o/types/../core/base_binary_edge.h:59:80: warning: ‘Eigen::AlignedBit’ is deprecated [-Wdeprecated-declarations]
   59 |       typedef Eigen::Map<Matrix<double, Di, Dj>, Matrix<double, Di, Dj>::Flags & AlignedBit ? Aligned : Unaligned > HessianBlockType;
      |                                                                          ~~~~~~^~~~~~~~~~~~
In file included from /usr/include/eigen3/Eigen/Core:161,
                 from /usr/include/eigen3/Eigen/LU:11,
                 from /home/ambushee/wil_project/thirdparty/ORB_SLAM3/Thirdparty/Sophus/sophus/so2.hpp:12,
                 from /home/ambushee/wil_project/thirdparty/ORB_SLAM3/Thirdparty/Sophus/sophus/se2.hpp:7,
                 from /home/ambushee/wil_project/thirdparty/ORB_SLAM3/Thirdparty/Sophus/sophus/geometry.hpp:7,
                 from /home/ambushee/wil_project/thirdparty/ORB_SLAM3/include/Frame.h:28,
                 from /home/ambushee/wil_project/thirdparty/ORB_SLAM3/include/MapPoint.h:24,
                 from /home/ambushee/wil_project/thirdparty/ORB_SLAM3/include/KeyFrame.h:23,
                 from /home/ambushee/wil_project/thirdparty/ORB_SLAM3/include/KeyFrameDatabase.h:27,
                 from /home/ambushee/wil_project/thirdparty/ORB_SLAM3/src/KeyFrameDatabase.cc:20:
/usr/include/eigen3/Eigen/src/Core/util/Constants.h:167:37: note: declared here
  167 | EIGEN_DEPRECATED const unsigned int AlignedBit = 0x80;
      |                                     ^~~~~~~~~~
In file included from /home/ambushee/wil_project/thirdparty/ORB_SLAM3/Thirdparty/g2o/g2o/types/types_six_dof_expmap.h:37,
                 from /home/ambushee/wil_project/thirdparty/ORB_SLAM3/include/Converter.h:26,
                 from /home/ambushee/wil_project/thirdparty/ORB_SLAM3/include/Frame.h:33,
                 from /home/ambushee/wil_project/thirdparty/ORB_SLAM3/src/Frame.cc:19:
/home/ambushee/wil_project/thirdparty/ORB_SLAM3/Thirdparty/g2o/g2o/types/../core/base_vertex.h: In instantiation of ‘class g2o::BaseVertex<7, g2o::Sim3>’:
/home/ambushee/wil_project/thirdparty/ORB_SLAM3/Thirdparty/g2o/g2o/types/types_seven_dof_expmap.h:48:35:   required from here
/home/ambushee/wil_project/thirdparty/ORB_SLAM3/Thirdparty/g2o/g2o/types/../core/base_vertex.h:62:72: warning: ‘Eigen::AlignedBit’ is deprecated [-Wdeprecated-declarations]
   62 |     typedef Eigen::Map<Matrix<double, D, D>, Matrix<double,D,D>::Flags & AlignedBit ? Aligned : Unaligned >  HessianBlockType;
      |                                                                  ~~~~~~^~~~~~~~~~~~
In file included from /usr/include/eigen3/Eigen/Core:161,
                 from /usr/include/eigen3/Eigen/LU:11,
                 from /home/ambushee/wil_project/thirdparty/ORB_SLAM3/Thirdparty/Sophus/sophus/so2.hpp:12,
                 from /home/ambushee/wil_project/thirdparty/ORB_SLAM3/Thirdparty/Sophus/sophus/se2.hpp:7,
                 from /home/ambushee/wil_project/thirdparty/ORB_SLAM3/Thirdparty/Sophus/sophus/geometry.hpp:7,
                 from /home/ambushee/wil_project/thirdparty/ORB_SLAM3/include/Frame.h:28,
                 from /home/ambushee/wil_project/thirdparty/ORB_SLAM3/src/Frame.cc:19:
/usr/include/eigen3/Eigen/src/Core/util/Constants.h:167:37: note: declared here
  167 | EIGEN_DEPRECATED const unsigned int AlignedBit = 0x80;
      |                                     ^~~~~~~~~~
In file included from /home/ambushee/wil_project/thirdparty/ORB_SLAM3/Thirdparty/g2o/g2o/types/types_six_dof_expmap.h:38,
                 from /home/ambushee/wil_project/thirdparty/ORB_SLAM3/include/Converter.h:26,
                 from /home/ambushee/wil_project/thirdparty/ORB_SLAM3/include/Frame.h:33,
                 from /home/ambushee/wil_project/thirdparty/ORB_SLAM3/include/MapPoint.h:24,
                 from /home/ambushee/wil_project/thirdparty/ORB_SLAM3/include/KeyFrame.h:23,
                 from /home/ambushee/wil_project/thirdparty/ORB_SLAM3/include/Sim3Solver.h:26,
                 from /home/ambushee/wil_project/thirdparty/ORB_SLAM3/src/Sim3Solver.cc:20:
/home/ambushee/wil_project/thirdparty/ORB_SLAM3/Thirdparty/g2o/g2o/types/../core/base_binary_edge.h:60:80: warning: ‘Eigen::AlignedBit’ is deprecated [-Wdeprecated-declarations]
   60 |       typedef Eigen::Map<Matrix<double, Dj, Di>, Matrix<double, Dj, Di>::Flags & AlignedBit ? Aligned : Unaligned > HessianBlockTransposedType;
      |                                                                          ~~~~~~^~~~~~~~~~~~
In file included from /usr/include/eigen3/Eigen/Core:161,
                 from /usr/include/eigen3/Eigen/LU:11,
                 from /home/ambushee/wil_project/thirdparty/ORB_SLAM3/Thirdparty/Sophus/sophus/so2.hpp:12,
                 from /home/ambushee/wil_project/thirdparty/ORB_SLAM3/Thirdparty/Sophus/sophus/se2.hpp:7,
                 from /home/ambushee/wil_project/thirdparty/ORB_SLAM3/Thirdparty/Sophus/sophus/geometry.hpp:7,
                 from /home/ambushee/wil_project/thirdparty/ORB_SLAM3/include/Frame.h:28,
                 from /home/ambushee/wil_project/thirdparty/ORB_SLAM3/include/MapPoint.h:24,
                 from /home/ambushee/wil_project/thirdparty/ORB_SLAM3/include/KeyFrame.h:23,
                 from /home/ambushee/wil_project/thirdparty/ORB_SLAM3/include/Sim3Solver.h:26,
                 from /home/ambushee/wil_project/thirdparty/ORB_SLAM3/src/Sim3Solver.cc:20:
/usr/include/eigen3/Eigen/src/Core/util/Constants.h:167:37: note: declared here
  167 | EIGEN_DEPRECATED const unsigned int AlignedBit = 0x80;
      |                                     ^~~~~~~~~~
In file included from /home/ambushee/wil_project/thirdparty/ORB_SLAM3/Thirdparty/g2o/g2o/types/types_six_dof_expmap.h:38,
                 from /home/ambushee/wil_project/thirdparty/ORB_SLAM3/include/Converter.h:26,
                 from /home/ambushee/wil_project/thirdparty/ORB_SLAM3/include/Frame.h:33,
                 from /home/ambushee/wil_project/thirdparty/ORB_SLAM3/include/MapPoint.h:24,
                 from /home/ambushee/wil_project/thirdparty/ORB_SLAM3/include/KeyFrame.h:23,
                 from /home/ambushee/wil_project/thirdparty/ORB_SLAM3/include/KeyFrameDatabase.h:27,
                 from /home/ambushee/wil_project/thirdparty/ORB_SLAM3/src/KeyFrameDatabase.cc:20:
/home/ambushee/wil_project/thirdparty/ORB_SLAM3/Thirdparty/g2o/g2o/types/../core/base_binary_edge.h:60:80: warning: ‘Eigen::AlignedBit’ is deprecated [-Wdeprecated-declarations]
   60 |       typedef Eigen::Map<Matrix<double, Dj, Di>, Matrix<double, Dj, Di>::Flags & AlignedBit ? Aligned : Unaligned > HessianBlockTransposedType;
      |                                                                          ~~~~~~^~~~~~~~~~~~
In file included from /usr/include/eigen3/Eigen/Core:161,
                 from /usr/include/eigen3/Eigen/LU:11,
                 from /home/ambushee/wil_project/thirdparty/ORB_SLAM3/Thirdparty/Sophus/sophus/so2.hpp:12,
                 from /home/ambushee/wil_project/thirdparty/ORB_SLAM3/Thirdparty/Sophus/sophus/se2.hpp:7,
                 from /home/ambushee/wil_project/thirdparty/ORB_SLAM3/Thirdparty/Sophus/sophus/geometry.hpp:7,
                 from /home/ambushee/wil_project/thirdparty/ORB_SLAM3/include/Frame.h:28,
                 from /home/ambushee/wil_project/thirdparty/ORB_SLAM3/include/MapPoint.h:24,
                 from /home/ambushee/wil_project/thirdparty/ORB_SLAM3/include/KeyFrame.h:23,
                 from /home/ambushee/wil_project/thirdparty/ORB_SLAM3/include/KeyFrameDatabase.h:27,
                 from /home/ambushee/wil_project/thirdparty/ORB_SLAM3/src/KeyFrameDatabase.cc:20:
/usr/include/eigen3/Eigen/src/Core/util/Constants.h:167:37: note: declared here
  167 | EIGEN_DEPRECATED const unsigned int AlignedBit = 0x80;
      |                                     ^~~~~~~~~~
In file included from /home/ambushee/wil_project/thirdparty/ORB_SLAM3/Thirdparty/g2o/g2o/types/types_six_dof_expmap.h:38,
                 from /home/ambushee/wil_project/thirdparty/ORB_SLAM3/include/Converter.h:26,
                 from /home/ambushee/wil_project/thirdparty/ORB_SLAM3/include/Frame.h:33,
                 from /home/ambushee/wil_project/thirdparty/ORB_SLAM3/include/KeyFrame.h:28,
                 from /home/ambushee/wil_project/thirdparty/ORB_SLAM3/include/MapPoint.h:23,
                 from /home/ambushee/wil_project/thirdparty/ORB_SLAM3/include/FrameDrawer.h:24,
                 from /home/ambushee/wil_project/thirdparty/ORB_SLAM3/include/Viewer.h:23,
                 from /home/ambushee/wil_project/thirdparty/ORB_SLAM3/include/Tracking.h:26,
                 from /home/ambushee/wil_project/thirdparty/ORB_SLAM3/src/Tracking.cc:20:
/home/ambushee/wil_project/thirdparty/ORB_SLAM3/Thirdparty/g2o/g2o/types/../core/base_binary_edge.h:59:82: warning: ‘Eigen::AlignedBit’ is deprecated [-Wdeprecated-declarations]
   59 |       typedef Eigen::Map<Matrix<double, Di, Dj>, Matrix<double, Di, Dj>::Flags & AlignedBit ? Aligned : Unaligned > HessianBlockType;
      |                                                                                  ^~~~~~~~~~
In file included from /usr/include/eigen3/Eigen/Core:161,
                 from /usr/include/eigen3/Eigen/LU:11,
                 from /home/ambushee/wil_project/thirdparty/ORB_SLAM3/Thirdparty/Sophus/sophus/so2.hpp:12,
                 from /home/ambushee/wil_project/thirdparty/ORB_SLAM3/Thirdparty/Sophus/sophus/se2.hpp:7,
                 from /home/ambushee/wil_project/thirdparty/ORB_SLAM3/Thirdparty/Sophus/sophus/geometry.hpp:7,
                 from /home/ambushee/wil_project/thirdparty/ORB_SLAM3/include/Frame.h:28,
                 from /home/ambushee/wil_project/thirdparty/ORB_SLAM3/include/KeyFrame.h:28,
                 from /home/ambushee/wil_project/thirdparty/ORB_SLAM3/include/MapPoint.h:23,
                 from /home/ambushee/wil_project/thirdparty/ORB_SLAM3/include/FrameDrawer.h:24,
                 from /home/ambushee/wil_project/thirdparty/ORB_SLAM3/include/Viewer.h:23,
                 from /home/ambushee/wil_project/thirdparty/ORB_SLAM3/include/Tracking.h:26,
                 from /home/ambushee/wil_project/thirdparty/ORB_SLAM3/src/Tracking.cc:20:
/usr/include/eigen3/Eigen/src/Core/util/Constants.h:167:37: note: declared here
  167 | EIGEN_DEPRECATED const unsigned int AlignedBit = 0x80;
      |                                     ^~~~~~~~~~
In file included from /home/ambushee/wil_project/thirdparty/ORB_SLAM3/Thirdparty/g2o/g2o/types/types_six_dof_expmap.h:38,
                 from /home/ambushee/wil_project/thirdparty/ORB_SLAM3/include/Converter.h:26,
                 from /home/ambushee/wil_project/thirdparty/ORB_SLAM3/include/Frame.h:33,
                 from /home/ambushee/wil_project/thirdparty/ORB_SLAM3/include/KeyFrame.h:28,
                 from /home/ambushee/wil_project/thirdparty/ORB_SLAM3/include/MapPoint.h:23,
                 from /home/ambushee/wil_project/thirdparty/ORB_SLAM3/include/FrameDrawer.h:24,
                 from /home/ambushee/wil_project/thirdparty/ORB_SLAM3/include/Viewer.h:23,
                 from /home/ambushee/wil_project/thirdparty/ORB_SLAM3/include/Tracking.h:26,
                 from /home/ambushee/wil_project/thirdparty/ORB_SLAM3/src/Tracking.cc:20:
/home/ambushee/wil_project/thirdparty/ORB_SLAM3/Thirdparty/g2o/g2o/types/../core/base_binary_edge.h:60:82: warning: ‘Eigen::AlignedBit’ is deprecated [-Wdeprecated-declarations]
   60 |       typedef Eigen::Map<Matrix<double, Dj, Di>, Matrix<double, Dj, Di>::Flags & AlignedBit ? Aligned : Unaligned > HessianBlockTransposedType;
      |                                                                                  ^~~~~~~~~~
In file included from /usr/include/eigen3/Eigen/Core:161,
                 from /usr/include/eigen3/Eigen/LU:11,
                 from /home/ambushee/wil_project/thirdparty/ORB_SLAM3/Thirdparty/Sophus/sophus/so2.hpp:12,
                 from /home/ambushee/wil_project/thirdparty/ORB_SLAM3/Thirdparty/Sophus/sophus/se2.hpp:7,
                 from /home/ambushee/wil_project/thirdparty/ORB_SLAM3/Thirdparty/Sophus/sophus/geometry.hpp:7,
                 from /home/ambushee/wil_project/thirdparty/ORB_SLAM3/include/Frame.h:28,
                 from /home/ambushee/wil_project/thirdparty/ORB_SLAM3/include/KeyFrame.h:28,
                 from /home/ambushee/wil_project/thirdparty/ORB_SLAM3/include/MapPoint.h:23,
                 from /home/ambushee/wil_project/thirdparty/ORB_SLAM3/include/FrameDrawer.h:24,
                 from /home/ambushee/wil_project/thirdparty/ORB_SLAM3/include/Viewer.h:23,
                 from /home/ambushee/wil_project/thirdparty/ORB_SLAM3/include/Tracking.h:26,
                 from /home/ambushee/wil_project/thirdparty/ORB_SLAM3/src/Tracking.cc:20:
/usr/include/eigen3/Eigen/src/Core/util/Constants.h:167:37: note: declared here
  167 | EIGEN_DEPRECATED const unsigned int AlignedBit = 0x80;
      |                                     ^~~~~~~~~~
In file included from /home/ambushee/wil_project/thirdparty/ORB_SLAM3/Thirdparty/g2o/g2o/types/types_six_dof_expmap.h:38,
                 from /home/ambushee/wil_project/thirdparty/ORB_SLAM3/include/Converter.h:26,
                 from /home/ambushee/wil_project/thirdparty/ORB_SLAM3/include/Frame.h:33,
                 from /home/ambushee/wil_project/thirdparty/ORB_SLAM3/include/MapPoint.h:24,
                 from /home/ambushee/wil_project/thirdparty/ORB_SLAM3/include/KeyFrame.h:23,
                 from /home/ambushee/wil_project/thirdparty/ORB_SLAM3/include/LoopClosing.h:23,
                 from /home/ambushee/wil_project/thirdparty/ORB_SLAM3/src/LoopClosing.cc:20:
/home/ambushee/wil_project/thirdparty/ORB_SLAM3/Thirdparty/g2o/g2o/types/../core/base_binary_edge.h: In instantiation of ‘class g2o::BaseBinaryEdge<6, g2o::SE3Quat, g2o::VertexSE3Expmap, g2o::VertexSE3Expmap>’:
/home/ambushee/wil_project/thirdparty/ORB_SLAM3/Thirdparty/g2o/g2o/types/types_six_dof_expmap.h:83:24:   required from here
/home/ambushee/wil_project/thirdparty/ORB_SLAM3/Thirdparty/g2o/g2o/types/../core/base_binary_edge.h:59:80: warning: ‘Eigen::AlignedBit’ is deprecated [-Wdeprecated-declarations]
   59 |       typedef Eigen::Map<Matrix<double, Di, Dj>, Matrix<double, Di, Dj>::Flags & AlignedBit ? Aligned : Unaligned > HessianBlockType;
      |                                                                          ~~~~~~^~~~~~~~~~~~
In file included from /usr/include/eigen3/Eigen/Core:161,
                 from /usr/include/eigen3/Eigen/LU:11,
                 from /home/ambushee/wil_project/thirdparty/ORB_SLAM3/Thirdparty/Sophus/sophus/so2.hpp:12,
                 from /home/ambushee/wil_project/thirdparty/ORB_SLAM3/Thirdparty/Sophus/sophus/se2.hpp:7,
                 from /home/ambushee/wil_project/thirdparty/ORB_SLAM3/Thirdparty/Sophus/sophus/geometry.hpp:7,
                 from /home/ambushee/wil_project/thirdparty/ORB_SLAM3/include/Frame.h:28,
                 from /home/ambushee/wil_project/thirdparty/ORB_SLAM3/include/MapPoint.h:24,
                 from /home/ambushee/wil_project/thirdparty/ORB_SLAM3/include/KeyFrame.h:23,
                 from /home/ambushee/wil_project/thirdparty/ORB_SLAM3/include/LoopClosing.h:23,
                 from /home/ambushee/wil_project/thirdparty/ORB_SLAM3/src/LoopClosing.cc:20:
/usr/include/eigen3/Eigen/src/Core/util/Constants.h:167:37: note: declared here
  167 | EIGEN_DEPRECATED const unsigned int AlignedBit = 0x80;
      |                                     ^~~~~~~~~~
In file included from /home/ambushee/wil_project/thirdparty/ORB_SLAM3/Thirdparty/g2o/g2o/types/types_six_dof_expmap.h:38,
                 from /home/ambushee/wil_project/thirdparty/ORB_SLAM3/include/Converter.h:26,
                 from /home/ambushee/wil_project/thirdparty/ORB_SLAM3/include/Frame.h:33,
                 from /home/ambushee/wil_project/thirdparty/ORB_SLAM3/include/MapPoint.h:24,
                 from /home/ambushee/wil_project/thirdparty/ORB_SLAM3/include/KeyFrame.h:23,
                 from /home/ambushee/wil_project/thirdparty/ORB_SLAM3/include/LoopClosing.h:23,
                 from /home/ambushee/wil_project/thirdparty/ORB_SLAM3/src/LoopClosing.cc:20:
/home/ambushee/wil_project/thirdparty/ORB_SLAM3/Thirdparty/g2o/g2o/types/../core/base_binary_edge.h:60:80: warning: ‘Eigen::AlignedBit’ is deprecated [-Wdeprecated-declarations]
   60 |       typedef Eigen::Map<Matrix<double, Dj, Di>, Matrix<double, Dj, Di>::Flags & AlignedBit ? Aligned : Unaligned > HessianBlockTransposedType;
      |                                                                          ~~~~~~^~~~~~~~~~~~
In file included from /usr/include/eigen3/Eigen/Core:161,
                 from /usr/include/eigen3/Eigen/LU:11,
                 from /home/ambushee/wil_project/thirdparty/ORB_SLAM3/Thirdparty/Sophus/sophus/so2.hpp:12,
                 from /home/ambushee/wil_project/thirdparty/ORB_SLAM3/Thirdparty/Sophus/sophus/se2.hpp:7,
                 from /home/ambushee/wil_project/thirdparty/ORB_SLAM3/Thirdparty/Sophus/sophus/geometry.hpp:7,
                 from /home/ambushee/wil_project/thirdparty/ORB_SLAM3/include/Frame.h:28,
                 from /home/ambushee/wil_project/thirdparty/ORB_SLAM3/include/MapPoint.h:24,
                 from /home/ambushee/wil_project/thirdparty/ORB_SLAM3/include/KeyFrame.h:23,
                 from /home/ambushee/wil_project/thirdparty/ORB_SLAM3/include/LoopClosing.h:23,
                 from /home/ambushee/wil_project/thirdparty/ORB_SLAM3/src/LoopClosing.cc:20:
/usr/include/eigen3/Eigen/src/Core/util/Constants.h:167:37: note: declared here
  167 | EIGEN_DEPRECATED const unsigned int AlignedBit = 0x80;
      |                                     ^~~~~~~~~~
In file included from /home/ambushee/wil_project/thirdparty/ORB_SLAM3/Thirdparty/g2o/g2o/types/types_six_dof_expmap.h:38,
                 from /home/ambushee/wil_project/thirdparty/ORB_SLAM3/include/Converter.h:26,
                 from /home/ambushee/wil_project/thirdparty/ORB_SLAM3/include/Frame.h:33,
                 from /home/ambushee/wil_project/thirdparty/ORB_SLAM3/src/Frame.cc:19:
/home/ambushee/wil_project/thirdparty/ORB_SLAM3/Thirdparty/g2o/g2o/types/../core/base_binary_edge.h: In instantiation of ‘class g2o::BaseBinaryEdge<7, g2o::Sim3, g2o::VertexSim3Expmap, g2o::VertexSim3Expmap>’:
/home/ambushee/wil_project/thirdparty/ORB_SLAM3/Thirdparty/g2o/g2o/types/types_seven_dof_expmap.h:99:27:   required from here
/home/ambushee/wil_project/thirdparty/ORB_SLAM3/Thirdparty/g2o/g2o/types/../core/base_binary_edge.h:59:80: warning: ‘Eigen::AlignedBit’ is deprecated [-Wdeprecated-declarations]
   59 |       typedef Eigen::Map<Matrix<double, Di, Dj>, Matrix<double, Di, Dj>::Flags & AlignedBit ? Aligned : Unaligned > HessianBlockType;
      |                                                                          ~~~~~~^~~~~~~~~~~~
In file included from /usr/include/eigen3/Eigen/Core:161,
                 from /usr/include/eigen3/Eigen/LU:11,
                 from /home/ambushee/wil_project/thirdparty/ORB_SLAM3/Thirdparty/Sophus/sophus/so2.hpp:12,
                 from /home/ambushee/wil_project/thirdparty/ORB_SLAM3/Thirdparty/Sophus/sophus/se2.hpp:7,
                 from /home/ambushee/wil_project/thirdparty/ORB_SLAM3/Thirdparty/Sophus/sophus/geometry.hpp:7,
                 from /home/ambushee/wil_project/thirdparty/ORB_SLAM3/include/Frame.h:28,
                 from /home/ambushee/wil_project/thirdparty/ORB_SLAM3/src/Frame.cc:19:
/usr/include/eigen3/Eigen/src/Core/util/Constants.h:167:37: note: declared here
  167 | EIGEN_DEPRECATED const unsigned int AlignedBit = 0x80;
      |                                     ^~~~~~~~~~
In file included from /home/ambushee/wil_project/thirdparty/ORB_SLAM3/Thirdparty/g2o/g2o/types/types_six_dof_expmap.h:38,
                 from /home/ambushee/wil_project/thirdparty/ORB_SLAM3/include/Converter.h:26,
                 from /home/ambushee/wil_project/thirdparty/ORB_SLAM3/include/Frame.h:33,
                 from /home/ambushee/wil_project/thirdparty/ORB_SLAM3/src/Frame.cc:19:
/home/ambushee/wil_project/thirdparty/ORB_SLAM3/Thirdparty/g2o/g2o/types/../core/base_binary_edge.h:60:80: warning: ‘Eigen::AlignedBit’ is deprecated [-Wdeprecated-declarations]
   60 |       typedef Eigen::Map<Matrix<double, Dj, Di>, Matrix<double, Dj, Di>::Flags & AlignedBit ? Aligned : Unaligned > HessianBlockTransposedType;
      |                                                                          ~~~~~~^~~~~~~~~~~~
In file included from /usr/include/eigen3/Eigen/Core:161,
                 from /usr/include/eigen3/Eigen/LU:11,
                 from /home/ambushee/wil_project/thirdparty/ORB_SLAM3/Thirdparty/Sophus/sophus/so2.hpp:12,
                 from /home/ambushee/wil_project/thirdparty/ORB_SLAM3/Thirdparty/Sophus/sophus/se2.hpp:7,
                 from /home/ambushee/wil_project/thirdparty/ORB_SLAM3/Thirdparty/Sophus/sophus/geometry.hpp:7,
                 from /home/ambushee/wil_project/thirdparty/ORB_SLAM3/include/Frame.h:28,
                 from /home/ambushee/wil_project/thirdparty/ORB_SLAM3/src/Frame.cc:19:
/usr/include/eigen3/Eigen/src/Core/util/Constants.h:167:37: note: declared here
  167 | EIGEN_DEPRECATED const unsigned int AlignedBit = 0x80;
      |                                     ^~~~~~~~~~
In file included from /home/ambushee/wil_project/thirdparty/ORB_SLAM3/Thirdparty/g2o/g2o/types/types_six_dof_expmap.h:37,
                 from /home/ambushee/wil_project/thirdparty/ORB_SLAM3/include/Converter.h:26,
                 from /home/ambushee/wil_project/thirdparty/ORB_SLAM3/include/Frame.h:33,
                 from /home/ambushee/wil_project/thirdparty/ORB_SLAM3/include/KeyFrame.h:28,
                 from /home/ambushee/wil_project/thirdparty/ORB_SLAM3/include/MapPoint.h:23,
                 from /home/ambushee/wil_project/thirdparty/ORB_SLAM3/include/Map.h:23,
                 from /home/ambushee/wil_project/thirdparty/ORB_SLAM3/include/Optimizer.h:23,
                 from /home/ambushee/wil_project/thirdparty/ORB_SLAM3/src/Optimizer.cc:20:
/home/ambushee/wil_project/thirdparty/ORB_SLAM3/Thirdparty/g2o/g2o/types/../core/base_vertex.h: At global scope:
/home/ambushee/wil_project/thirdparty/ORB_SLAM3/Thirdparty/g2o/g2o/types/../core/base_vertex.h:62:74: warning: ‘Eigen::AlignedBit’ is deprecated [-Wdeprecated-declarations]
   62 |     typedef Eigen::Map<Matrix<double, D, D>, Matrix<double,D,D>::Flags & AlignedBit ? Aligned : Unaligned >  HessianBlockType;
      |                                                                          ^~~~~~~~~~
In file included from /usr/include/eigen3/Eigen/Core:161,
                 from /usr/include/eigen3/Eigen/LU:11,
                 from /home/ambushee/wil_project/thirdparty/ORB_SLAM3/Thirdparty/Sophus/sophus/so2.hpp:12,
                 from /home/ambushee/wil_project/thirdparty/ORB_SLAM3/Thirdparty/Sophus/sophus/se2.hpp:7,
                 from /home/ambushee/wil_project/thirdparty/ORB_SLAM3/Thirdparty/Sophus/sophus/geometry.hpp:7,
                 from /home/ambushee/wil_project/thirdparty/ORB_SLAM3/include/Frame.h:28,
                 from /home/ambushee/wil_project/thirdparty/ORB_SLAM3/include/KeyFrame.h:28,
                 from /home/ambushee/wil_project/thirdparty/ORB_SLAM3/include/MapPoint.h:23,
                 from /home/ambushee/wil_project/thirdparty/ORB_SLAM3/include/Map.h:23,
                 from /home/ambushee/wil_project/thirdparty/ORB_SLAM3/include/Optimizer.h:23,
                 from /home/ambushee/wil_project/thirdparty/ORB_SLAM3/src/Optimizer.cc:20:
/usr/include/eigen3/Eigen/src/Core/util/Constants.h:167:37: note: declared here
  167 | EIGEN_DEPRECATED const unsigned int AlignedBit = 0x80;
      |                                     ^~~~~~~~~~
In file included from /home/ambushee/wil_project/thirdparty/ORB_SLAM3/Thirdparty/g2o/g2o/types/types_six_dof_expmap.h:38,
                 from /home/ambushee/wil_project/thirdparty/ORB_SLAM3/include/Converter.h:26,
                 from /home/ambushee/wil_project/thirdparty/ORB_SLAM3/include/Frame.h:33,
                 from /home/ambushee/wil_project/thirdparty/ORB_SLAM3/include/MapPoint.h:24,
                 from /home/ambushee/wil_project/thirdparty/ORB_SLAM3/include/KeyFrame.h:23,
                 from /home/ambushee/wil_project/thirdparty/ORB_SLAM3/include/Sim3Solver.h:26,
                 from /home/ambushee/wil_project/thirdparty/ORB_SLAM3/src/Sim3Solver.cc:20:
/home/ambushee/wil_project/thirdparty/ORB_SLAM3/Thirdparty/g2o/g2o/types/../core/base_binary_edge.h: In instantiation of ‘class g2o::BaseBinaryEdge<3, Eigen::Matrix<double, 3, 1>, g2o::VertexSBAPointXYZ, g2o::VertexSE3Expmap>’:
/home/ambushee/wil_project/thirdparty/ORB_SLAM3/Thirdparty/g2o/g2o/types/types_six_dof_expmap.h:146:41:   required from here
/home/ambushee/wil_project/thirdparty/ORB_SLAM3/Thirdparty/g2o/g2o/types/../core/base_binary_edge.h:59:80: warning: ‘Eigen::AlignedBit’ is deprecated [-Wdeprecated-declarations]
   59 |       typedef Eigen::Map<Matrix<double, Di, Dj>, Matrix<double, Di, Dj>::Flags & AlignedBit ? Aligned : Unaligned > HessianBlockType;
      |                                                                          ~~~~~~^~~~~~~~~~~~
In file included from /usr/include/eigen3/Eigen/Core:161,
                 from /usr/include/eigen3/Eigen/LU:11,
                 from /home/ambushee/wil_project/thirdparty/ORB_SLAM3/Thirdparty/Sophus/sophus/so2.hpp:12,
                 from /home/ambushee/wil_project/thirdparty/ORB_SLAM3/Thirdparty/Sophus/sophus/se2.hpp:7,
                 from /home/ambushee/wil_project/thirdparty/ORB_SLAM3/Thirdparty/Sophus/sophus/geometry.hpp:7,
                 from /home/ambushee/wil_project/thirdparty/ORB_SLAM3/include/Frame.h:28,
                 from /home/ambushee/wil_project/thirdparty/ORB_SLAM3/include/MapPoint.h:24,
                 from /home/ambushee/wil_project/thirdparty/ORB_SLAM3/include/KeyFrame.h:23,
                 from /home/ambushee/wil_project/thirdparty/ORB_SLAM3/include/Sim3Solver.h:26,
                 from /home/ambushee/wil_project/thirdparty/ORB_SLAM3/src/Sim3Solver.cc:20:
/usr/include/eigen3/Eigen/src/Core/util/Constants.h:167:37: note: declared here
  167 | EIGEN_DEPRECATED const unsigned int AlignedBit = 0x80;
      |                                     ^~~~~~~~~~
In file included from /home/ambushee/wil_project/thirdparty/ORB_SLAM3/Thirdparty/g2o/g2o/types/types_six_dof_expmap.h:38,
                 from /home/ambushee/wil_project/thirdparty/ORB_SLAM3/include/Converter.h:26,
                 from /home/ambushee/wil_project/thirdparty/ORB_SLAM3/include/Frame.h:33,
                 from /home/ambushee/wil_project/thirdparty/ORB_SLAM3/include/MapPoint.h:24,
                 from /home/ambushee/wil_project/thirdparty/ORB_SLAM3/include/KeyFrame.h:23,
                 from /home/ambushee/wil_project/thirdparty/ORB_SLAM3/include/Sim3Solver.h:26,
                 from /home/ambushee/wil_project/thirdparty/ORB_SLAM3/src/Sim3Solver.cc:20:
/home/ambushee/wil_project/thirdparty/ORB_SLAM3/Thirdparty/g2o/g2o/types/../core/base_binary_edge.h:60:80: warning: ‘Eigen::AlignedBit’ is deprecated [-Wdeprecated-declarations]
   60 |       typedef Eigen::Map<Matrix<double, Dj, Di>, Matrix<double, Dj, Di>::Flags & AlignedBit ? Aligned : Unaligned > HessianBlockTransposedType;
      |                                                                          ~~~~~~^~~~~~~~~~~~
In file included from /usr/include/eigen3/Eigen/Core:161,
                 from /usr/include/eigen3/Eigen/LU:11,
                 from /home/ambushee/wil_project/thirdparty/ORB_SLAM3/Thirdparty/Sophus/sophus/so2.hpp:12,
                 from /home/ambushee/wil_project/thirdparty/ORB_SLAM3/Thirdparty/Sophus/sophus/se2.hpp:7,
                 from /home/ambushee/wil_project/thirdparty/ORB_SLAM3/Thirdparty/Sophus/sophus/geometry.hpp:7,
                 from /home/ambushee/wil_project/thirdparty/ORB_SLAM3/include/Frame.h:28,
                 from /home/ambushee/wil_project/thirdparty/ORB_SLAM3/include/MapPoint.h:24,
                 from /home/ambushee/wil_project/thirdparty/ORB_SLAM3/include/KeyFrame.h:23,
                 from /home/ambushee/wil_project/thirdparty/ORB_SLAM3/include/Sim3Solver.h:26,
                 from /home/ambushee/wil_project/thirdparty/ORB_SLAM3/src/Sim3Solver.cc:20:
/usr/include/eigen3/Eigen/src/Core/util/Constants.h:167:37: note: declared here
  167 | EIGEN_DEPRECATED const unsigned int AlignedBit = 0x80;
      |                                     ^~~~~~~~~~
In file included from /home/ambushee/wil_project/thirdparty/ORB_SLAM3/Thirdparty/g2o/g2o/types/types_six_dof_expmap.h:38,
                 from /home/ambushee/wil_project/thirdparty/ORB_SLAM3/include/Converter.h:26,
                 from /home/ambushee/wil_project/thirdparty/ORB_SLAM3/include/Frame.h:33,
                 from /home/ambushee/wil_project/thirdparty/ORB_SLAM3/include/KeyFrame.h:28,
                 from /home/ambushee/wil_project/thirdparty/ORB_SLAM3/include/MapPoint.h:23,
                 from /home/ambushee/wil_project/thirdparty/ORB_SLAM3/include/Map.h:23,
                 from /home/ambushee/wil_project/thirdparty/ORB_SLAM3/include/Optimizer.h:23,
                 from /home/ambushee/wil_project/thirdparty/ORB_SLAM3/src/Optimizer.cc:20:
/home/ambushee/wil_project/thirdparty/ORB_SLAM3/Thirdparty/g2o/g2o/types/../core/base_binary_edge.h:59:82: warning: ‘Eigen::AlignedBit’ is deprecated [-Wdeprecated-declarations]
   59 |       typedef Eigen::Map<Matrix<double, Di, Dj>, Matrix<double, Di, Dj>::Flags & AlignedBit ? Aligned : Unaligned > HessianBlockType;
      |                                                                                  ^~~~~~~~~~
In file included from /usr/include/eigen3/Eigen/Core:161,
                 from /usr/include/eigen3/Eigen/LU:11,
                 from /home/ambushee/wil_project/thirdparty/ORB_SLAM3/Thirdparty/Sophus/sophus/so2.hpp:12,
                 from /home/ambushee/wil_project/thirdparty/ORB_SLAM3/Thirdparty/Sophus/sophus/se2.hpp:7,
                 from /home/ambushee/wil_project/thirdparty/ORB_SLAM3/Thirdparty/Sophus/sophus/geometry.hpp:7,
                 from /home/ambushee/wil_project/thirdparty/ORB_SLAM3/include/Frame.h:28,
                 from /home/ambushee/wil_project/thirdparty/ORB_SLAM3/include/KeyFrame.h:28,
                 from /home/ambushee/wil_project/thirdparty/ORB_SLAM3/include/MapPoint.h:23,
                 from /home/ambushee/wil_project/thirdparty/ORB_SLAM3/include/Map.h:23,
                 from /home/ambushee/wil_project/thirdparty/ORB_SLAM3/include/Optimizer.h:23,
                 from /home/ambushee/wil_project/thirdparty/ORB_SLAM3/src/Optimizer.cc:20:
/usr/include/eigen3/Eigen/src/Core/util/Constants.h:167:37: note: declared here
  167 | EIGEN_DEPRECATED const unsigned int AlignedBit = 0x80;
      |                                     ^~~~~~~~~~
In file included from /home/ambushee/wil_project/thirdparty/ORB_SLAM3/Thirdparty/g2o/g2o/types/types_six_dof_expmap.h:38,
                 from /home/ambushee/wil_project/thirdparty/ORB_SLAM3/include/Converter.h:26,
                 from /home/ambushee/wil_project/thirdparty/ORB_SLAM3/include/Frame.h:33,
                 from /home/ambushee/wil_project/thirdparty/ORB_SLAM3/include/KeyFrame.h:28,
                 from /home/ambushee/wil_project/thirdparty/ORB_SLAM3/include/MapPoint.h:23,
                 from /home/ambushee/wil_project/thirdparty/ORB_SLAM3/include/Map.h:23,
                 from /home/ambushee/wil_project/thirdparty/ORB_SLAM3/include/Optimizer.h:23,
                 from /home/ambushee/wil_project/thirdparty/ORB_SLAM3/src/Optimizer.cc:20:
/home/ambushee/wil_project/thirdparty/ORB_SLAM3/Thirdparty/g2o/g2o/types/../core/base_binary_edge.h:60:82: warning: ‘Eigen::AlignedBit’ is deprecated [-Wdeprecated-declarations]
   60 |       typedef Eigen::Map<Matrix<double, Dj, Di>, Matrix<double, Dj, Di>::Flags & AlignedBit ? Aligned : Unaligned > HessianBlockTransposedType;
      |                                                                                  ^~~~~~~~~~
In file included from /usr/include/eigen3/Eigen/Core:161,
                 from /usr/include/eigen3/Eigen/LU:11,
                 from /home/ambushee/wil_project/thirdparty/ORB_SLAM3/Thirdparty/Sophus/sophus/so2.hpp:12,
                 from /home/ambushee/wil_project/thirdparty/ORB_SLAM3/Thirdparty/Sophus/sophus/se2.hpp:7,
                 from /home/ambushee/wil_project/thirdparty/ORB_SLAM3/Thirdparty/Sophus/sophus/geometry.hpp:7,
                 from /home/ambushee/wil_project/thirdparty/ORB_SLAM3/include/Frame.h:28,
                 from /home/ambushee/wil_project/thirdparty/ORB_SLAM3/include/KeyFrame.h:28,
                 from /home/ambushee/wil_project/thirdparty/ORB_SLAM3/include/MapPoint.h:23,
                 from /home/ambushee/wil_project/thirdparty/ORB_SLAM3/include/Map.h:23,
                 from /home/ambushee/wil_project/thirdparty/ORB_SLAM3/include/Optimizer.h:23,
                 from /home/ambushee/wil_project/thirdparty/ORB_SLAM3/src/Optimizer.cc:20:
/usr/include/eigen3/Eigen/src/Core/util/Constants.h:167:37: note: declared here
  167 | EIGEN_DEPRECATED const unsigned int AlignedBit = 0x80;
      |                                     ^~~~~~~~~~
In file included from /home/ambushee/wil_project/thirdparty/ORB_SLAM3/Thirdparty/g2o/g2o/types/types_six_dof_expmap.h:38,
                 from /home/ambushee/wil_project/thirdparty/ORB_SLAM3/include/Converter.h:26,
                 from /home/ambushee/wil_project/thirdparty/ORB_SLAM3/include/Frame.h:33,
                 from /home/ambushee/wil_project/thirdparty/ORB_SLAM3/include/MapPoint.h:24,
                 from /home/ambushee/wil_project/thirdparty/ORB_SLAM3/include/KeyFrame.h:23,
                 from /home/ambushee/wil_project/thirdparty/ORB_SLAM3/include/LoopClosing.h:23,
                 from /home/ambushee/wil_project/thirdparty/ORB_SLAM3/src/LoopClosing.cc:20:
/home/ambushee/wil_project/thirdparty/ORB_SLAM3/Thirdparty/g2o/g2o/types/../core/base_binary_edge.h: In instantiation of ‘class g2o::BaseBinaryEdge<2, Eigen::Matrix<double, 2, 1>, g2o::VertexSBAPointXYZ, g2o::VertexSE3Expmap>’:
/home/ambushee/wil_project/thirdparty/ORB_SLAM3/Thirdparty/g2o/g2o/types/types_six_dof_expmap.h:114:35:   required from here
/home/ambushee/wil_project/thirdparty/ORB_SLAM3/Thirdparty/g2o/g2o/types/../core/base_binary_edge.h:59:80: warning: ‘Eigen::AlignedBit’ is deprecated [-Wdeprecated-declarations]
   59 |       typedef Eigen::Map<Matrix<double, Di, Dj>, Matrix<double, Di, Dj>::Flags & AlignedBit ? Aligned : Unaligned > HessianBlockType;
      |                                                                          ~~~~~~^~~~~~~~~~~~
In file included from /usr/include/eigen3/Eigen/Core:161,
                 from /usr/include/eigen3/Eigen/LU:11,
                 from /home/ambushee/wil_project/thirdparty/ORB_SLAM3/Thirdparty/Sophus/sophus/so2.hpp:12,
                 from /home/ambushee/wil_project/thirdparty/ORB_SLAM3/Thirdparty/Sophus/sophus/se2.hpp:7,
                 from /home/ambushee/wil_project/thirdparty/ORB_SLAM3/Thirdparty/Sophus/sophus/geometry.hpp:7,
                 from /home/ambushee/wil_project/thirdparty/ORB_SLAM3/include/Frame.h:28,
                 from /home/ambushee/wil_project/thirdparty/ORB_SLAM3/include/MapPoint.h:24,
                 from /home/ambushee/wil_project/thirdparty/ORB_SLAM3/include/KeyFrame.h:23,
                 from /home/ambushee/wil_project/thirdparty/ORB_SLAM3/include/LoopClosing.h:23,
                 from /home/ambushee/wil_project/thirdparty/ORB_SLAM3/src/LoopClosing.cc:20:
/usr/include/eigen3/Eigen/src/Core/util/Constants.h:167:37: note: declared here
  167 | EIGEN_DEPRECATED const unsigned int AlignedBit = 0x80;
      |                                     ^~~~~~~~~~
In file included from /home/ambushee/wil_project/thirdparty/ORB_SLAM3/Thirdparty/g2o/g2o/types/types_six_dof_expmap.h:38,
                 from /home/ambushee/wil_project/thirdparty/ORB_SLAM3/include/Converter.h:26,
                 from /home/ambushee/wil_project/thirdparty/ORB_SLAM3/include/Frame.h:33,
                 from /home/ambushee/wil_project/thirdparty/ORB_SLAM3/src/Frame.cc:19:
/home/ambushee/wil_project/thirdparty/ORB_SLAM3/Thirdparty/g2o/g2o/types/../core/base_binary_edge.h: In instantiation of ‘class g2o::BaseBinaryEdge<2, Eigen::Matrix<double, 2, 1>, g2o::VertexSBAPointXYZ, g2o::VertexSim3Expmap>’:
/home/ambushee/wil_project/thirdparty/ORB_SLAM3/Thirdparty/g2o/g2o/types/types_seven_dof_expmap.h:130:36:   required from here
/home/ambushee/wil_project/thirdparty/ORB_SLAM3/Thirdparty/g2o/g2o/types/../core/base_binary_edge.h:59:80: warning: ‘Eigen::AlignedBit’ is deprecated [-Wdeprecated-declarations]
   59 |       typedef Eigen::Map<Matrix<double, Di, Dj>, Matrix<double, Di, Dj>::Flags & AlignedBit ? Aligned : Unaligned > HessianBlockType;
      |                                                                          ~~~~~~^~~~~~~~~~~~
In file included from /usr/include/eigen3/Eigen/Core:161,
                 from /usr/include/eigen3/Eigen/LU:11,
                 from /home/ambushee/wil_project/thirdparty/ORB_SLAM3/Thirdparty/Sophus/sophus/so2.hpp:12,
                 from /home/ambushee/wil_project/thirdparty/ORB_SLAM3/Thirdparty/Sophus/sophus/se2.hpp:7,
                 from /home/ambushee/wil_project/thirdparty/ORB_SLAM3/Thirdparty/Sophus/sophus/geometry.hpp:7,
                 from /home/ambushee/wil_project/thirdparty/ORB_SLAM3/include/Frame.h:28,
                 from /home/ambushee/wil_project/thirdparty/ORB_SLAM3/src/Frame.cc:19:
/usr/include/eigen3/Eigen/src/Core/util/Constants.h:167:37: note: declared here
  167 | EIGEN_DEPRECATED const unsigned int AlignedBit = 0x80;
      |                                     ^~~~~~~~~~
In file included from /home/ambushee/wil_project/thirdparty/ORB_SLAM3/Thirdparty/g2o/g2o/types/types_six_dof_expmap.h:38,
                 from /home/ambushee/wil_project/thirdparty/ORB_SLAM3/include/Converter.h:26,
                 from /home/ambushee/wil_project/thirdparty/ORB_SLAM3/include/Frame.h:33,
                 from /home/ambushee/wil_project/thirdparty/ORB_SLAM3/include/MapPoint.h:24,
                 from /home/ambushee/wil_project/thirdparty/ORB_SLAM3/include/KeyFrame.h:23,
                 from /home/ambushee/wil_project/thirdparty/ORB_SLAM3/include/LoopClosing.h:23,
                 from /home/ambushee/wil_project/thirdparty/ORB_SLAM3/src/LoopClosing.cc:20:
/home/ambushee/wil_project/thirdparty/ORB_SLAM3/Thirdparty/g2o/g2o/types/../core/base_binary_edge.h:60:80: warning: ‘Eigen::AlignedBit’ is deprecated [-Wdeprecated-declarations]
   60 |       typedef Eigen::Map<Matrix<double, Dj, Di>, Matrix<double, Dj, Di>::Flags & AlignedBit ? Aligned : Unaligned > HessianBlockTransposedType;
      |                                                                          ~~~~~~^~~~~~~~~~~~
In file included from /usr/include/eigen3/Eigen/Core:161,
                 from /usr/include/eigen3/Eigen/LU:11,
                 from /home/ambushee/wil_project/thirdparty/ORB_SLAM3/Thirdparty/Sophus/sophus/so2.hpp:12,
                 from /home/ambushee/wil_project/thirdparty/ORB_SLAM3/Thirdparty/Sophus/sophus/se2.hpp:7,
                 from /home/ambushee/wil_project/thirdparty/ORB_SLAM3/Thirdparty/Sophus/sophus/geometry.hpp:7,
                 from /home/ambushee/wil_project/thirdparty/ORB_SLAM3/include/Frame.h:28,
                 from /home/ambushee/wil_project/thirdparty/ORB_SLAM3/include/MapPoint.h:24,
                 from /home/ambushee/wil_project/thirdparty/ORB_SLAM3/include/KeyFrame.h:23,
                 from /home/ambushee/wil_project/thirdparty/ORB_SLAM3/include/LoopClosing.h:23,
                 from /home/ambushee/wil_project/thirdparty/ORB_SLAM3/src/LoopClosing.cc:20:
/usr/include/eigen3/Eigen/src/Core/util/Constants.h:167:37: note: declared here
  167 | EIGEN_DEPRECATED const unsigned int AlignedBit = 0x80;
      |                                     ^~~~~~~~~~
In file included from /home/ambushee/wil_project/thirdparty/ORB_SLAM3/Thirdparty/g2o/g2o/types/types_six_dof_expmap.h:38,
                 from /home/ambushee/wil_project/thirdparty/ORB_SLAM3/include/Converter.h:26,
                 from /home/ambushee/wil_project/thirdparty/ORB_SLAM3/include/Frame.h:33,
                 from /home/ambushee/wil_project/thirdparty/ORB_SLAM3/src/Frame.cc:19:
/home/ambushee/wil_project/thirdparty/ORB_SLAM3/Thirdparty/g2o/g2o/types/../core/base_binary_edge.h:60:80: warning: ‘Eigen::AlignedBit’ is deprecated [-Wdeprecated-declarations]
   60 |       typedef Eigen::Map<Matrix<double, Dj, Di>, Matrix<double, Dj, Di>::Flags & AlignedBit ? Aligned : Unaligned > HessianBlockTransposedType;
      |                                                                          ~~~~~~^~~~~~~~~~~~
In file included from /usr/include/eigen3/Eigen/Core:161,
                 from /usr/include/eigen3/Eigen/LU:11,
                 from /home/ambushee/wil_project/thirdparty/ORB_SLAM3/Thirdparty/Sophus/sophus/so2.hpp:12,
                 from /home/ambushee/wil_project/thirdparty/ORB_SLAM3/Thirdparty/Sophus/sophus/se2.hpp:7,
                 from /home/ambushee/wil_project/thirdparty/ORB_SLAM3/Thirdparty/Sophus/sophus/geometry.hpp:7,
                 from /home/ambushee/wil_project/thirdparty/ORB_SLAM3/include/Frame.h:28,
                 from /home/ambushee/wil_project/thirdparty/ORB_SLAM3/src/Frame.cc:19:
/usr/include/eigen3/Eigen/src/Core/util/Constants.h:167:37: note: declared here
  167 | EIGEN_DEPRECATED const unsigned int AlignedBit = 0x80;
      |                                     ^~~~~~~~~~
In file included from /home/ambushee/wil_project/thirdparty/ORB_SLAM3/Thirdparty/g2o/g2o/types/types_six_dof_expmap.h:38,
                 from /home/ambushee/wil_project/thirdparty/ORB_SLAM3/include/Converter.h:26,
                 from /home/ambushee/wil_project/thirdparty/ORB_SLAM3/include/Frame.h:33,
                 from /home/ambushee/wil_project/thirdparty/ORB_SLAM3/include/MapPoint.h:24,
                 from /home/ambushee/wil_project/thirdparty/ORB_SLAM3/include/KeyFrame.h:23,
                 from /home/ambushee/wil_project/thirdparty/ORB_SLAM3/include/LoopClosing.h:23,
                 from /home/ambushee/wil_project/thirdparty/ORB_SLAM3/src/LoopClosing.cc:20:
/home/ambushee/wil_project/thirdparty/ORB_SLAM3/Thirdparty/g2o/g2o/types/../core/base_binary_edge.h: In instantiation of ‘class g2o::BaseBinaryEdge<3, Eigen::Matrix<double, 3, 1>, g2o::VertexSBAPointXYZ, g2o::VertexSE3Expmap>’:
/home/ambushee/wil_project/thirdparty/ORB_SLAM3/Thirdparty/g2o/g2o/types/types_six_dof_expmap.h:146:41:   required from here
/home/ambushee/wil_project/thirdparty/ORB_SLAM3/Thirdparty/g2o/g2o/types/../core/base_binary_edge.h:59:80: warning: ‘Eigen::AlignedBit’ is deprecated [-Wdeprecated-declarations]
   59 |       typedef Eigen::Map<Matrix<double, Di, Dj>, Matrix<double, Di, Dj>::Flags & AlignedBit ? Aligned : Unaligned > HessianBlockType;
      |                                                                          ~~~~~~^~~~~~~~~~~~
In file included from /usr/include/eigen3/Eigen/Core:161,
                 from /usr/include/eigen3/Eigen/LU:11,
                 from /home/ambushee/wil_project/thirdparty/ORB_SLAM3/Thirdparty/Sophus/sophus/so2.hpp:12,
                 from /home/ambushee/wil_project/thirdparty/ORB_SLAM3/Thirdparty/Sophus/sophus/se2.hpp:7,
                 from /home/ambushee/wil_project/thirdparty/ORB_SLAM3/Thirdparty/Sophus/sophus/geometry.hpp:7,
                 from /home/ambushee/wil_project/thirdparty/ORB_SLAM3/include/Frame.h:28,
                 from /home/ambushee/wil_project/thirdparty/ORB_SLAM3/include/MapPoint.h:24,
                 from /home/ambushee/wil_project/thirdparty/ORB_SLAM3/include/KeyFrame.h:23,
                 from /home/ambushee/wil_project/thirdparty/ORB_SLAM3/include/LoopClosing.h:23,
                 from /home/ambushee/wil_project/thirdparty/ORB_SLAM3/src/LoopClosing.cc:20:
/usr/include/eigen3/Eigen/src/Core/util/Constants.h:167:37: note: declared here
  167 | EIGEN_DEPRECATED const unsigned int AlignedBit = 0x80;
      |                                     ^~~~~~~~~~
In file included from /home/ambushee/wil_project/thirdparty/ORB_SLAM3/Thirdparty/g2o/g2o/types/types_six_dof_expmap.h:38,
                 from /home/ambushee/wil_project/thirdparty/ORB_SLAM3/include/Converter.h:26,
                 from /home/ambushee/wil_project/thirdparty/ORB_SLAM3/include/Frame.h:33,
                 from /home/ambushee/wil_project/thirdparty/ORB_SLAM3/include/MapPoint.h:24,
                 from /home/ambushee/wil_project/thirdparty/ORB_SLAM3/include/KeyFrame.h:23,
                 from /home/ambushee/wil_project/thirdparty/ORB_SLAM3/include/LoopClosing.h:23,
                 from /home/ambushee/wil_project/thirdparty/ORB_SLAM3/src/LoopClosing.cc:20:
/home/ambushee/wil_project/thirdparty/ORB_SLAM3/Thirdparty/g2o/g2o/types/../core/base_binary_edge.h:60:80: warning: ‘Eigen::AlignedBit’ is deprecated [-Wdeprecated-declarations]
   60 |       typedef Eigen::Map<Matrix<double, Dj, Di>, Matrix<double, Dj, Di>::Flags & AlignedBit ? Aligned : Unaligned > HessianBlockTransposedType;
      |                                                                          ~~~~~~^~~~~~~~~~~~
In file included from /usr/include/eigen3/Eigen/Core:161,
                 from /usr/include/eigen3/Eigen/LU:11,
                 from /home/ambushee/wil_project/thirdparty/ORB_SLAM3/Thirdparty/Sophus/sophus/so2.hpp:12,
                 from /home/ambushee/wil_project/thirdparty/ORB_SLAM3/Thirdparty/Sophus/sophus/se2.hpp:7,
                 from /home/ambushee/wil_project/thirdparty/ORB_SLAM3/Thirdparty/Sophus/sophus/geometry.hpp:7,
                 from /home/ambushee/wil_project/thirdparty/ORB_SLAM3/include/Frame.h:28,
                 from /home/ambushee/wil_project/thirdparty/ORB_SLAM3/include/MapPoint.h:24,
                 from /home/ambushee/wil_project/thirdparty/ORB_SLAM3/include/KeyFrame.h:23,
                 from /home/ambushee/wil_project/thirdparty/ORB_SLAM3/include/LoopClosing.h:23,
                 from /home/ambushee/wil_project/thirdparty/ORB_SLAM3/src/LoopClosing.cc:20:
/usr/include/eigen3/Eigen/src/Core/util/Constants.h:167:37: note: declared here
  167 | EIGEN_DEPRECATED const unsigned int AlignedBit = 0x80;
      |                                     ^~~~~~~~~~
In file included from /home/ambushee/wil_project/thirdparty/ORB_SLAM3/Thirdparty/g2o/g2o/types/types_six_dof_expmap.h:37,
                 from /home/ambushee/wil_project/thirdparty/ORB_SLAM3/include/Converter.h:26,
                 from /home/ambushee/wil_project/thirdparty/ORB_SLAM3/include/Frame.h:33,
                 from /home/ambushee/wil_project/thirdparty/ORB_SLAM3/include/MapPoint.h:24,
                 from /home/ambushee/wil_project/thirdparty/ORB_SLAM3/include/KeyFrame.h:23,
                 from /home/ambushee/wil_project/thirdparty/ORB_SLAM3/include/Sim3Solver.h:26,
                 from /home/ambushee/wil_project/thirdparty/ORB_SLAM3/src/Sim3Solver.cc:20:
/home/ambushee/wil_project/thirdparty/ORB_SLAM3/Thirdparty/g2o/g2o/types/../core/base_vertex.h: In instantiation of ‘class g2o::BaseVertex<7, g2o::Sim3>’:
/home/ambushee/wil_project/thirdparty/ORB_SLAM3/Thirdparty/g2o/g2o/types/types_seven_dof_expmap.h:48:35:   required from here
/home/ambushee/wil_project/thirdparty/ORB_SLAM3/Thirdparty/g2o/g2o/types/../core/base_vertex.h:62:72: warning: ‘Eigen::AlignedBit’ is deprecated [-Wdeprecated-declarations]
   62 |     typedef Eigen::Map<Matrix<double, D, D>, Matrix<double,D,D>::Flags & AlignedBit ? Aligned : Unaligned >  HessianBlockType;
      |                                                                  ~~~~~~^~~~~~~~~~~~
In file included from /usr/include/eigen3/Eigen/Core:161,
                 from /usr/include/eigen3/Eigen/LU:11,
                 from /home/ambushee/wil_project/thirdparty/ORB_SLAM3/Thirdparty/Sophus/sophus/so2.hpp:12,
                 from /home/ambushee/wil_project/thirdparty/ORB_SLAM3/Thirdparty/Sophus/sophus/se2.hpp:7,
                 from /home/ambushee/wil_project/thirdparty/ORB_SLAM3/Thirdparty/Sophus/sophus/geometry.hpp:7,
                 from /home/ambushee/wil_project/thirdparty/ORB_SLAM3/include/Frame.h:28,
                 from /home/ambushee/wil_project/thirdparty/ORB_SLAM3/include/MapPoint.h:24,
                 from /home/ambushee/wil_project/thirdparty/ORB_SLAM3/include/KeyFrame.h:23,
                 from /home/ambushee/wil_project/thirdparty/ORB_SLAM3/include/Sim3Solver.h:26,
                 from /home/ambushee/wil_project/thirdparty/ORB_SLAM3/src/Sim3Solver.cc:20:
/usr/include/eigen3/Eigen/src/Core/util/Constants.h:167:37: note: declared here
  167 | EIGEN_DEPRECATED const unsigned int AlignedBit = 0x80;
      |                                     ^~~~~~~~~~
In file included from /home/ambushee/wil_project/thirdparty/ORB_SLAM3/Thirdparty/g2o/g2o/types/types_six_dof_expmap.h:37,
                 from /home/ambushee/wil_project/thirdparty/ORB_SLAM3/include/Converter.h:26,
                 from /home/ambushee/wil_project/thirdparty/ORB_SLAM3/include/Frame.h:33,
                 from /home/ambushee/wil_project/thirdparty/ORB_SLAM3/include/KeyFrame.h:28,
                 from /home/ambushee/wil_project/thirdparty/ORB_SLAM3/include/MapPoint.h:23,
                 from /home/ambushee/wil_project/thirdparty/ORB_SLAM3/include/Map.h:23,
                 from /home/ambushee/wil_project/thirdparty/ORB_SLAM3/include/Atlas.h:22,
                 from /home/ambushee/wil_project/thirdparty/ORB_SLAM3/include/Tracking.h:28,
                 from /home/ambushee/wil_project/thirdparty/ORB_SLAM3/include/FrameDrawer.h:23,
                 from /home/ambushee/wil_project/thirdparty/ORB_SLAM3/include/Viewer.h:23,
                 from /home/ambushee/wil_project/thirdparty/ORB_SLAM3/src/Viewer.cc:20:
/home/ambushee/wil_project/thirdparty/ORB_SLAM3/Thirdparty/g2o/g2o/types/../core/base_vertex.h: In instantiation of ‘class g2o::BaseVertex<3, Eigen::Matrix<double, 3, 1> >’:
/home/ambushee/wil_project/thirdparty/ORB_SLAM3/Thirdparty/g2o/g2o/types/types_sba.h:40:35:   required from here
/home/ambushee/wil_project/thirdparty/ORB_SLAM3/Thirdparty/g2o/g2o/types/../core/base_vertex.h:62:72: warning: ‘Eigen::AlignedBit’ is deprecated [-Wdeprecated-declarations]
   62 |     typedef Eigen::Map<Matrix<double, D, D>, Matrix<double,D,D>::Flags & AlignedBit ? Aligned : Unaligned >  HessianBlockType;
      |                                                                  ~~~~~~^~~~~~~~~~~~
In file included from /usr/include/eigen3/Eigen/Core:161,
                 from /usr/include/eigen3/Eigen/LU:11,
                 from /home/ambushee/wil_project/thirdparty/ORB_SLAM3/Thirdparty/Sophus/sophus/so2.hpp:12,
                 from /home/ambushee/wil_project/thirdparty/ORB_SLAM3/Thirdparty/Sophus/sophus/se2.hpp:7,
                 from /home/ambushee/wil_project/thirdparty/ORB_SLAM3/Thirdparty/Sophus/sophus/geometry.hpp:7,
                 from /home/ambushee/wil_project/thirdparty/ORB_SLAM3/include/Frame.h:28,
                 from /home/ambushee/wil_project/thirdparty/ORB_SLAM3/include/KeyFrame.h:28,
                 from /home/ambushee/wil_project/thirdparty/ORB_SLAM3/include/MapPoint.h:23,
                 from /home/ambushee/wil_project/thirdparty/ORB_SLAM3/include/Map.h:23,
                 from /home/ambushee/wil_project/thirdparty/ORB_SLAM3/include/Atlas.h:22,
                 from /home/ambushee/wil_project/thirdparty/ORB_SLAM3/include/Tracking.h:28,
                 from /home/ambushee/wil_project/thirdparty/ORB_SLAM3/include/FrameDrawer.h:23,
                 from /home/ambushee/wil_project/thirdparty/ORB_SLAM3/include/Viewer.h:23,
                 from /home/ambushee/wil_project/thirdparty/ORB_SLAM3/src/Viewer.cc:20:
/usr/include/eigen3/Eigen/src/Core/util/Constants.h:167:37: note: declared here
  167 | EIGEN_DEPRECATED const unsigned int AlignedBit = 0x80;
      |                                     ^~~~~~~~~~
In file included from /home/ambushee/wil_project/thirdparty/ORB_SLAM3/Thirdparty/g2o/g2o/types/types_six_dof_expmap.h:37,
                 from /home/ambushee/wil_project/thirdparty/ORB_SLAM3/include/Converter.h:26,
                 from /home/ambushee/wil_project/thirdparty/ORB_SLAM3/include/Frame.h:33,
                 from /home/ambushee/wil_project/thirdparty/ORB_SLAM3/include/KeyFrame.h:28,
                 from /home/ambushee/wil_project/thirdparty/ORB_SLAM3/include/MapPoint.h:23,
                 from /home/ambushee/wil_project/thirdparty/ORB_SLAM3/include/Map.h:23,
                 from /home/ambushee/wil_project/thirdparty/ORB_SLAM3/include/Atlas.h:22,
                 from /home/ambushee/wil_project/thirdparty/ORB_SLAM3/include/Tracking.h:28,
                 from /home/ambushee/wil_project/thirdparty/ORB_SLAM3/include/FrameDrawer.h:23,
                 from /home/ambushee/wil_project/thirdparty/ORB_SLAM3/include/Viewer.h:23,
                 from /home/ambushee/wil_project/thirdparty/ORB_SLAM3/src/Viewer.cc:20:
/home/ambushee/wil_project/thirdparty/ORB_SLAM3/Thirdparty/g2o/g2o/types/../core/base_vertex.h: In instantiation of ‘class g2o::BaseVertex<6, g2o::SE3Quat>’:
/home/ambushee/wil_project/thirdparty/ORB_SLAM3/Thirdparty/g2o/g2o/types/types_six_dof_expmap.h:59:33:   required from here
/home/ambushee/wil_project/thirdparty/ORB_SLAM3/Thirdparty/g2o/g2o/types/../core/base_vertex.h:62:72: warning: ‘Eigen::AlignedBit’ is deprecated [-Wdeprecated-declarations]
   62 |     typedef Eigen::Map<Matrix<double, D, D>, Matrix<double,D,D>::Flags & AlignedBit ? Aligned : Unaligned >  HessianBlockType;
      |                                                                  ~~~~~~^~~~~~~~~~~~
In file included from /usr/include/eigen3/Eigen/Core:161,
                 from /usr/include/eigen3/Eigen/LU:11,
                 from /home/ambushee/wil_project/thirdparty/ORB_SLAM3/Thirdparty/Sophus/sophus/so2.hpp:12,
                 from /home/ambushee/wil_project/thirdparty/ORB_SLAM3/Thirdparty/Sophus/sophus/se2.hpp:7,
                 from /home/ambushee/wil_project/thirdparty/ORB_SLAM3/Thirdparty/Sophus/sophus/geometry.hpp:7,
                 from /home/ambushee/wil_project/thirdparty/ORB_SLAM3/include/Frame.h:28,
                 from /home/ambushee/wil_project/thirdparty/ORB_SLAM3/include/KeyFrame.h:28,
                 from /home/ambushee/wil_project/thirdparty/ORB_SLAM3/include/MapPoint.h:23,
                 from /home/ambushee/wil_project/thirdparty/ORB_SLAM3/include/Map.h:23,
                 from /home/ambushee/wil_project/thirdparty/ORB_SLAM3/include/Atlas.h:22,
                 from /home/ambushee/wil_project/thirdparty/ORB_SLAM3/include/Tracking.h:28,
                 from /home/ambushee/wil_project/thirdparty/ORB_SLAM3/include/FrameDrawer.h:23,
                 from /home/ambushee/wil_project/thirdparty/ORB_SLAM3/include/Viewer.h:23,
                 from /home/ambushee/wil_project/thirdparty/ORB_SLAM3/src/Viewer.cc:20:
/usr/include/eigen3/Eigen/src/Core/util/Constants.h:167:37: note: declared here
  167 | EIGEN_DEPRECATED const unsigned int AlignedBit = 0x80;
      |                                     ^~~~~~~~~~
In file included from /home/ambushee/wil_project/thirdparty/ORB_SLAM3/Thirdparty/g2o/g2o/types/types_six_dof_expmap.h:38,
                 from /home/ambushee/wil_project/thirdparty/ORB_SLAM3/include/Converter.h:26,
                 from /home/ambushee/wil_project/thirdparty/ORB_SLAM3/include/Frame.h:33,
                 from /home/ambushee/wil_project/thirdparty/ORB_SLAM3/include/MapPoint.h:24,
                 from /home/ambushee/wil_project/thirdparty/ORB_SLAM3/include/KeyFrame.h:23,
                 from /home/ambushee/wil_project/thirdparty/ORB_SLAM3/include/Sim3Solver.h:26,
                 from /home/ambushee/wil_project/thirdparty/ORB_SLAM3/src/Sim3Solver.cc:20:
/home/ambushee/wil_project/thirdparty/ORB_SLAM3/Thirdparty/g2o/g2o/types/../core/base_binary_edge.h: In instantiation of ‘class g2o::BaseBinaryEdge<7, g2o::Sim3, g2o::VertexSim3Expmap, g2o::VertexSim3Expmap>’:
/home/ambushee/wil_project/thirdparty/ORB_SLAM3/Thirdparty/g2o/g2o/types/types_seven_dof_expmap.h:99:27:   required from here
/home/ambushee/wil_project/thirdparty/ORB_SLAM3/Thirdparty/g2o/g2o/types/../core/base_binary_edge.h:59:80: warning: ‘Eigen::AlignedBit’ is deprecated [-Wdeprecated-declarations]
   59 |       typedef Eigen::Map<Matrix<double, Di, Dj>, Matrix<double, Di, Dj>::Flags & AlignedBit ? Aligned : Unaligned > HessianBlockType;
      |                                                                          ~~~~~~^~~~~~~~~~~~
In file included from /usr/include/eigen3/Eigen/Core:161,
                 from /usr/include/eigen3/Eigen/LU:11,
                 from /home/ambushee/wil_project/thirdparty/ORB_SLAM3/Thirdparty/Sophus/sophus/so2.hpp:12,
                 from /home/ambushee/wil_project/thirdparty/ORB_SLAM3/Thirdparty/Sophus/sophus/se2.hpp:7,
                 from /home/ambushee/wil_project/thirdparty/ORB_SLAM3/Thirdparty/Sophus/sophus/geometry.hpp:7,
                 from /home/ambushee/wil_project/thirdparty/ORB_SLAM3/include/Frame.h:28,
                 from /home/ambushee/wil_project/thirdparty/ORB_SLAM3/include/MapPoint.h:24,
                 from /home/ambushee/wil_project/thirdparty/ORB_SLAM3/include/KeyFrame.h:23,
                 from /home/ambushee/wil_project/thirdparty/ORB_SLAM3/include/Sim3Solver.h:26,
                 from /home/ambushee/wil_project/thirdparty/ORB_SLAM3/src/Sim3Solver.cc:20:
/usr/include/eigen3/Eigen/src/Core/util/Constants.h:167:37: note: declared here
  167 | EIGEN_DEPRECATED const unsigned int AlignedBit = 0x80;
      |                                     ^~~~~~~~~~
In file included from /home/ambushee/wil_project/thirdparty/ORB_SLAM3/Thirdparty/g2o/g2o/types/types_six_dof_expmap.h:38,
                 from /home/ambushee/wil_project/thirdparty/ORB_SLAM3/include/Converter.h:26,
                 from /home/ambushee/wil_project/thirdparty/ORB_SLAM3/include/Frame.h:33,
                 from /home/ambushee/wil_project/thirdparty/ORB_SLAM3/include/MapPoint.h:24,
                 from /home/ambushee/wil_project/thirdparty/ORB_SLAM3/include/KeyFrame.h:23,
                 from /home/ambushee/wil_project/thirdparty/ORB_SLAM3/include/Sim3Solver.h:26,
                 from /home/ambushee/wil_project/thirdparty/ORB_SLAM3/src/Sim3Solver.cc:20:
/home/ambushee/wil_project/thirdparty/ORB_SLAM3/Thirdparty/g2o/g2o/types/../core/base_binary_edge.h:60:80: warning: ‘Eigen::AlignedBit’ is deprecated [-Wdeprecated-declarations]
   60 |       typedef Eigen::Map<Matrix<double, Dj, Di>, Matrix<double, Dj, Di>::Flags & AlignedBit ? Aligned : Unaligned > HessianBlockTransposedType;
      |                                                                          ~~~~~~^~~~~~~~~~~~
In file included from /usr/include/eigen3/Eigen/Core:161,
                 from /usr/include/eigen3/Eigen/LU:11,
                 from /home/ambushee/wil_project/thirdparty/ORB_SLAM3/Thirdparty/Sophus/sophus/so2.hpp:12,
                 from /home/ambushee/wil_project/thirdparty/ORB_SLAM3/Thirdparty/Sophus/sophus/se2.hpp:7,
                 from /home/ambushee/wil_project/thirdparty/ORB_SLAM3/Thirdparty/Sophus/sophus/geometry.hpp:7,
                 from /home/ambushee/wil_project/thirdparty/ORB_SLAM3/include/Frame.h:28,
                 from /home/ambushee/wil_project/thirdparty/ORB_SLAM3/include/MapPoint.h:24,
                 from /home/ambushee/wil_project/thirdparty/ORB_SLAM3/include/KeyFrame.h:23,
                 from /home/ambushee/wil_project/thirdparty/ORB_SLAM3/include/Sim3Solver.h:26,
                 from /home/ambushee/wil_project/thirdparty/ORB_SLAM3/src/Sim3Solver.cc:20:
/usr/include/eigen3/Eigen/src/Core/util/Constants.h:167:37: note: declared here
  167 | EIGEN_DEPRECATED const unsigned int AlignedBit = 0x80;
      |                                     ^~~~~~~~~~
In file included from /home/ambushee/wil_project/thirdparty/ORB_SLAM3/Thirdparty/g2o/g2o/types/types_six_dof_expmap.h:37,
                 from /home/ambushee/wil_project/thirdparty/ORB_SLAM3/include/Converter.h:26,
                 from /home/ambushee/wil_project/thirdparty/ORB_SLAM3/include/Frame.h:33,
                 from /home/ambushee/wil_project/thirdparty/ORB_SLAM3/include/MapPoint.h:24,
                 from /home/ambushee/wil_project/thirdparty/ORB_SLAM3/include/KeyFrame.h:23,
                 from /home/ambushee/wil_project/thirdparty/ORB_SLAM3/include/LoopClosing.h:23,
                 from /home/ambushee/wil_project/thirdparty/ORB_SLAM3/src/LoopClosing.cc:20:
/home/ambushee/wil_project/thirdparty/ORB_SLAM3/Thirdparty/g2o/g2o/types/../core/base_vertex.h: In instantiation of ‘class g2o::BaseVertex<7, g2o::Sim3>’:
/home/ambushee/wil_project/thirdparty/ORB_SLAM3/Thirdparty/g2o/g2o/types/types_seven_dof_expmap.h:48:35:   required from here
/home/ambushee/wil_project/thirdparty/ORB_SLAM3/Thirdparty/g2o/g2o/types/../core/base_vertex.h:62:72: warning: ‘Eigen::AlignedBit’ is deprecated [-Wdeprecated-declarations]
   62 |     typedef Eigen::Map<Matrix<double, D, D>, Matrix<double,D,D>::Flags & AlignedBit ? Aligned : Unaligned >  HessianBlockType;
      |                                                                  ~~~~~~^~~~~~~~~~~~
In file included from /usr/include/eigen3/Eigen/Core:161,
                 from /usr/include/eigen3/Eigen/LU:11,
                 from /home/ambushee/wil_project/thirdparty/ORB_SLAM3/Thirdparty/Sophus/sophus/so2.hpp:12,
                 from /home/ambushee/wil_project/thirdparty/ORB_SLAM3/Thirdparty/Sophus/sophus/se2.hpp:7,
                 from /home/ambushee/wil_project/thirdparty/ORB_SLAM3/Thirdparty/Sophus/sophus/geometry.hpp:7,
                 from /home/ambushee/wil_project/thirdparty/ORB_SLAM3/include/Frame.h:28,
                 from /home/ambushee/wil_project/thirdparty/ORB_SLAM3/include/MapPoint.h:24,
                 from /home/ambushee/wil_project/thirdparty/ORB_SLAM3/include/KeyFrame.h:23,
                 from /home/ambushee/wil_project/thirdparty/ORB_SLAM3/include/LoopClosing.h:23,
                 from /home/ambushee/wil_project/thirdparty/ORB_SLAM3/src/LoopClosing.cc:20:
/usr/include/eigen3/Eigen/src/Core/util/Constants.h:167:37: note: declared here
  167 | EIGEN_DEPRECATED const unsigned int AlignedBit = 0x80;
      |                                     ^~~~~~~~~~
In file included from /home/ambushee/wil_project/thirdparty/ORB_SLAM3/Thirdparty/g2o/g2o/types/types_six_dof_expmap.h:37,
                 from /home/ambushee/wil_project/thirdparty/ORB_SLAM3/include/Converter.h:26,
                 from /home/ambushee/wil_project/thirdparty/ORB_SLAM3/include/Frame.h:33,
                 from /home/ambushee/wil_project/thirdparty/ORB_SLAM3/include/KeyFrame.h:28,
                 from /home/ambushee/wil_project/thirdparty/ORB_SLAM3/include/MapPoint.h:23,
                 from /home/ambushee/wil_project/thirdparty/ORB_SLAM3/include/FrameDrawer.h:24,
                 from /home/ambushee/wil_project/thirdparty/ORB_SLAM3/include/Viewer.h:23,
                 from /home/ambushee/wil_project/thirdparty/ORB_SLAM3/include/Tracking.h:26,
                 from /home/ambushee/wil_project/thirdparty/ORB_SLAM3/src/Tracking.cc:20:
/home/ambushee/wil_project/thirdparty/ORB_SLAM3/Thirdparty/g2o/g2o/types/../core/base_vertex.h: In instantiation of ‘class g2o::BaseVertex<3, Eigen::Matrix<double, 3, 1> >’:
/home/ambushee/wil_project/thirdparty/ORB_SLAM3/Thirdparty/g2o/g2o/types/types_sba.h:40:35:   required from here
/home/ambushee/wil_project/thirdparty/ORB_SLAM3/Thirdparty/g2o/g2o/types/../core/base_vertex.h:62:72: warning: ‘Eigen::AlignedBit’ is deprecated [-Wdeprecated-declarations]
   62 |     typedef Eigen::Map<Matrix<double, D, D>, Matrix<double,D,D>::Flags & AlignedBit ? Aligned : Unaligned >  HessianBlockType;
      |                                                                  ~~~~~~^~~~~~~~~~~~
In file included from /usr/include/eigen3/Eigen/Core:161,
                 from /usr/include/eigen3/Eigen/LU:11,
                 from /home/ambushee/wil_project/thirdparty/ORB_SLAM3/Thirdparty/Sophus/sophus/so2.hpp:12,
                 from /home/ambushee/wil_project/thirdparty/ORB_SLAM3/Thirdparty/Sophus/sophus/se2.hpp:7,
                 from /home/ambushee/wil_project/thirdparty/ORB_SLAM3/Thirdparty/Sophus/sophus/geometry.hpp:7,
                 from /home/ambushee/wil_project/thirdparty/ORB_SLAM3/include/Frame.h:28,
                 from /home/ambushee/wil_project/thirdparty/ORB_SLAM3/include/KeyFrame.h:28,
                 from /home/ambushee/wil_project/thirdparty/ORB_SLAM3/include/MapPoint.h:23,
                 from /home/ambushee/wil_project/thirdparty/ORB_SLAM3/include/FrameDrawer.h:24,
                 from /home/ambushee/wil_project/thirdparty/ORB_SLAM3/include/Viewer.h:23,
                 from /home/ambushee/wil_project/thirdparty/ORB_SLAM3/include/Tracking.h:26,
                 from /home/ambushee/wil_project/thirdparty/ORB_SLAM3/src/Tracking.cc:20:
/usr/include/eigen3/Eigen/src/Core/util/Constants.h:167:37: note: declared here
  167 | EIGEN_DEPRECATED const unsigned int AlignedBit = 0x80;
      |                                     ^~~~~~~~~~
In file included from /home/ambushee/wil_project/thirdparty/ORB_SLAM3/Thirdparty/g2o/g2o/types/types_six_dof_expmap.h:37,
                 from /home/ambushee/wil_project/thirdparty/ORB_SLAM3/include/Converter.h:26,
                 from /home/ambushee/wil_project/thirdparty/ORB_SLAM3/include/Frame.h:33,
                 from /home/ambushee/wil_project/thirdparty/ORB_SLAM3/include/KeyFrame.h:28,
                 from /home/ambushee/wil_project/thirdparty/ORB_SLAM3/include/MapPoint.h:23,
                 from /home/ambushee/wil_project/thirdparty/ORB_SLAM3/include/FrameDrawer.h:24,
                 from /home/ambushee/wil_project/thirdparty/ORB_SLAM3/include/Viewer.h:23,
                 from /home/ambushee/wil_project/thirdparty/ORB_SLAM3/include/Tracking.h:26,
                 from /home/ambushee/wil_project/thirdparty/ORB_SLAM3/src/Tracking.cc:20:
/home/ambushee/wil_project/thirdparty/ORB_SLAM3/Thirdparty/g2o/g2o/types/../core/base_vertex.h: In instantiation of ‘class g2o::BaseVertex<6, g2o::SE3Quat>’:
/home/ambushee/wil_project/thirdparty/ORB_SLAM3/Thirdparty/g2o/g2o/types/types_six_dof_expmap.h:59:33:   required from here
/home/ambushee/wil_project/thirdparty/ORB_SLAM3/Thirdparty/g2o/g2o/types/../core/base_vertex.h:62:72: warning: ‘Eigen::AlignedBit’ is deprecated [-Wdeprecated-declarations]
   62 |     typedef Eigen::Map<Matrix<double, D, D>, Matrix<double,D,D>::Flags & AlignedBit ? Aligned : Unaligned >  HessianBlockType;
      |                                                                  ~~~~~~^~~~~~~~~~~~
In file included from /usr/include/eigen3/Eigen/Core:161,
                 from /usr/include/eigen3/Eigen/LU:11,
                 from /home/ambushee/wil_project/thirdparty/ORB_SLAM3/Thirdparty/Sophus/sophus/so2.hpp:12,
                 from /home/ambushee/wil_project/thirdparty/ORB_SLAM3/Thirdparty/Sophus/sophus/se2.hpp:7,
                 from /home/ambushee/wil_project/thirdparty/ORB_SLAM3/Thirdparty/Sophus/sophus/geometry.hpp:7,
                 from /home/ambushee/wil_project/thirdparty/ORB_SLAM3/include/Frame.h:28,
                 from /home/ambushee/wil_project/thirdparty/ORB_SLAM3/include/KeyFrame.h:28,
                 from /home/ambushee/wil_project/thirdparty/ORB_SLAM3/include/MapPoint.h:23,
                 from /home/ambushee/wil_project/thirdparty/ORB_SLAM3/include/FrameDrawer.h:24,
                 from /home/ambushee/wil_project/thirdparty/ORB_SLAM3/include/Viewer.h:23,
                 from /home/ambushee/wil_project/thirdparty/ORB_SLAM3/include/Tracking.h:26,
                 from /home/ambushee/wil_project/thirdparty/ORB_SLAM3/src/Tracking.cc:20:
/usr/include/eigen3/Eigen/src/Core/util/Constants.h:167:37: note: declared here
  167 | EIGEN_DEPRECATED const unsigned int AlignedBit = 0x80;
      |                                     ^~~~~~~~~~
In file included from /home/ambushee/wil_project/thirdparty/ORB_SLAM3/Thirdparty/g2o/g2o/types/types_six_dof_expmap.h:38,
                 from /home/ambushee/wil_project/thirdparty/ORB_SLAM3/include/Converter.h:26,
                 from /home/ambushee/wil_project/thirdparty/ORB_SLAM3/include/Frame.h:33,
                 from /home/ambushee/wil_project/thirdparty/ORB_SLAM3/include/MapPoint.h:24,
                 from /home/ambushee/wil_project/thirdparty/ORB_SLAM3/include/KeyFrame.h:23,
                 from /home/ambushee/wil_project/thirdparty/ORB_SLAM3/include/Sim3Solver.h:26,
                 from /home/ambushee/wil_project/thirdparty/ORB_SLAM3/src/Sim3Solver.cc:20:
/home/ambushee/wil_project/thirdparty/ORB_SLAM3/Thirdparty/g2o/g2o/types/../core/base_binary_edge.h: In instantiation of ‘class g2o::BaseBinaryEdge<2, Eigen::Matrix<double, 2, 1>, g2o::VertexSBAPointXYZ, g2o::VertexSim3Expmap>’:
/home/ambushee/wil_project/thirdparty/ORB_SLAM3/Thirdparty/g2o/g2o/types/types_seven_dof_expmap.h:130:36:   required from here
/home/ambushee/wil_project/thirdparty/ORB_SLAM3/Thirdparty/g2o/g2o/types/../core/base_binary_edge.h:59:80: warning: ‘Eigen::AlignedBit’ is deprecated [-Wdeprecated-declarations]
   59 |       typedef Eigen::Map<Matrix<double, Di, Dj>, Matrix<double, Di, Dj>::Flags & AlignedBit ? Aligned : Unaligned > HessianBlockType;
      |                                                                          ~~~~~~^~~~~~~~~~~~
In file included from /usr/include/eigen3/Eigen/Core:161,
                 from /usr/include/eigen3/Eigen/LU:11,
                 from /home/ambushee/wil_project/thirdparty/ORB_SLAM3/Thirdparty/Sophus/sophus/so2.hpp:12,
                 from /home/ambushee/wil_project/thirdparty/ORB_SLAM3/Thirdparty/Sophus/sophus/se2.hpp:7,
                 from /home/ambushee/wil_project/thirdparty/ORB_SLAM3/Thirdparty/Sophus/sophus/geometry.hpp:7,
                 from /home/ambushee/wil_project/thirdparty/ORB_SLAM3/include/Frame.h:28,
                 from /home/ambushee/wil_project/thirdparty/ORB_SLAM3/include/MapPoint.h:24,
                 from /home/ambushee/wil_project/thirdparty/ORB_SLAM3/include/KeyFrame.h:23,
                 from /home/ambushee/wil_project/thirdparty/ORB_SLAM3/include/Sim3Solver.h:26,
                 from /home/ambushee/wil_project/thirdparty/ORB_SLAM3/src/Sim3Solver.cc:20:
/usr/include/eigen3/Eigen/src/Core/util/Constants.h:167:37: note: declared here
  167 | EIGEN_DEPRECATED const unsigned int AlignedBit = 0x80;
      |                                     ^~~~~~~~~~
In file included from /home/ambushee/wil_project/thirdparty/ORB_SLAM3/Thirdparty/g2o/g2o/types/types_six_dof_expmap.h:38,
                 from /home/ambushee/wil_project/thirdparty/ORB_SLAM3/include/Converter.h:26,
                 from /home/ambushee/wil_project/thirdparty/ORB_SLAM3/include/Frame.h:33,
                 from /home/ambushee/wil_project/thirdparty/ORB_SLAM3/include/KeyFrame.h:28,
                 from /home/ambushee/wil_project/thirdparty/ORB_SLAM3/include/MapPoint.h:23,
                 from /home/ambushee/wil_project/thirdparty/ORB_SLAM3/include/Map.h:23,
                 from /home/ambushee/wil_project/thirdparty/ORB_SLAM3/include/Atlas.h:22,
                 from /home/ambushee/wil_project/thirdparty/ORB_SLAM3/include/Tracking.h:28,
                 from /home/ambushee/wil_project/thirdparty/ORB_SLAM3/include/FrameDrawer.h:23,
                 from /home/ambushee/wil_project/thirdparty/ORB_SLAM3/include/Viewer.h:23,
                 from /home/ambushee/wil_project/thirdparty/ORB_SLAM3/src/Viewer.cc:20:
/home/ambushee/wil_project/thirdparty/ORB_SLAM3/Thirdparty/g2o/g2o/types/../core/base_binary_edge.h: In instantiation of ‘class g2o::BaseBinaryEdge<6, g2o::SE3Quat, g2o::VertexSE3Expmap, g2o::VertexSE3Expmap>’:
/home/ambushee/wil_project/thirdparty/ORB_SLAM3/Thirdparty/g2o/g2o/types/types_six_dof_expmap.h:83:24:   required from here
/home/ambushee/wil_project/thirdparty/ORB_SLAM3/Thirdparty/g2o/g2o/types/../core/base_binary_edge.h:59:80: warning: ‘Eigen::AlignedBit’ is deprecated [-Wdeprecated-declarations]
   59 |       typedef Eigen::Map<Matrix<double, Di, Dj>, Matrix<double, Di, Dj>::Flags & AlignedBit ? Aligned : Unaligned > HessianBlockType;
      |                                                                          ~~~~~~^~~~~~~~~~~~
In file included from /usr/include/eigen3/Eigen/Core:161,
                 from /usr/include/eigen3/Eigen/LU:11,
                 from /home/ambushee/wil_project/thirdparty/ORB_SLAM3/Thirdparty/Sophus/sophus/so2.hpp:12,
                 from /home/ambushee/wil_project/thirdparty/ORB_SLAM3/Thirdparty/Sophus/sophus/se2.hpp:7,
                 from /home/ambushee/wil_project/thirdparty/ORB_SLAM3/Thirdparty/Sophus/sophus/geometry.hpp:7,
                 from /home/ambushee/wil_project/thirdparty/ORB_SLAM3/include/Frame.h:28,
                 from /home/ambushee/wil_project/thirdparty/ORB_SLAM3/include/KeyFrame.h:28,
                 from /home/ambushee/wil_project/thirdparty/ORB_SLAM3/include/MapPoint.h:23,
                 from /home/ambushee/wil_project/thirdparty/ORB_SLAM3/include/Map.h:23,
                 from /home/ambushee/wil_project/thirdparty/ORB_SLAM3/include/Atlas.h:22,
                 from /home/ambushee/wil_project/thirdparty/ORB_SLAM3/include/Tracking.h:28,
                 from /home/ambushee/wil_project/thirdparty/ORB_SLAM3/include/FrameDrawer.h:23,
                 from /home/ambushee/wil_project/thirdparty/ORB_SLAM3/include/Viewer.h:23,
                 from /home/ambushee/wil_project/thirdparty/ORB_SLAM3/src/Viewer.cc:20:
/usr/include/eigen3/Eigen/src/Core/util/Constants.h:167:37: note: declared here
  167 | EIGEN_DEPRECATED const unsigned int AlignedBit = 0x80;
      |                                     ^~~~~~~~~~
In file included from /home/ambushee/wil_project/thirdparty/ORB_SLAM3/Thirdparty/g2o/g2o/types/types_six_dof_expmap.h:38,
                 from /home/ambushee/wil_project/thirdparty/ORB_SLAM3/include/Converter.h:26,
                 from /home/ambushee/wil_project/thirdparty/ORB_SLAM3/include/Frame.h:33,
                 from /home/ambushee/wil_project/thirdparty/ORB_SLAM3/include/KeyFrame.h:28,
                 from /home/ambushee/wil_project/thirdparty/ORB_SLAM3/include/MapPoint.h:23,
                 from /home/ambushee/wil_project/thirdparty/ORB_SLAM3/include/Map.h:23,
                 from /home/ambushee/wil_project/thirdparty/ORB_SLAM3/include/Atlas.h:22,
                 from /home/ambushee/wil_project/thirdparty/ORB_SLAM3/include/Tracking.h:28,
                 from /home/ambushee/wil_project/thirdparty/ORB_SLAM3/include/FrameDrawer.h:23,
                 from /home/ambushee/wil_project/thirdparty/ORB_SLAM3/include/Viewer.h:23,
                 from /home/ambushee/wil_project/thirdparty/ORB_SLAM3/src/Viewer.cc:20:
/home/ambushee/wil_project/thirdparty/ORB_SLAM3/Thirdparty/g2o/g2o/types/../core/base_binary_edge.h:60:80: warning: ‘Eigen::AlignedBit’ is deprecated [-Wdeprecated-declarations]
   60 |       typedef Eigen::Map<Matrix<double, Dj, Di>, Matrix<double, Dj, Di>::Flags & AlignedBit ? Aligned : Unaligned > HessianBlockTransposedType;
      |                                                                          ~~~~~~^~~~~~~~~~~~
In file included from /usr/include/eigen3/Eigen/Core:161,
                 from /usr/include/eigen3/Eigen/LU:11,
                 from /home/ambushee/wil_project/thirdparty/ORB_SLAM3/Thirdparty/Sophus/sophus/so2.hpp:12,
                 from /home/ambushee/wil_project/thirdparty/ORB_SLAM3/Thirdparty/Sophus/sophus/se2.hpp:7,
                 from /home/ambushee/wil_project/thirdparty/ORB_SLAM3/Thirdparty/Sophus/sophus/geometry.hpp:7,
                 from /home/ambushee/wil_project/thirdparty/ORB_SLAM3/include/Frame.h:28,
                 from /home/ambushee/wil_project/thirdparty/ORB_SLAM3/include/KeyFrame.h:28,
                 from /home/ambushee/wil_project/thirdparty/ORB_SLAM3/include/MapPoint.h:23,
                 from /home/ambushee/wil_project/thirdparty/ORB_SLAM3/include/Map.h:23,
                 from /home/ambushee/wil_project/thirdparty/ORB_SLAM3/include/Atlas.h:22,
                 from /home/ambushee/wil_project/thirdparty/ORB_SLAM3/include/Tracking.h:28,
                 from /home/ambushee/wil_project/thirdparty/ORB_SLAM3/include/FrameDrawer.h:23,
                 from /home/ambushee/wil_project/thirdparty/ORB_SLAM3/include/Viewer.h:23,
                 from /home/ambushee/wil_project/thirdparty/ORB_SLAM3/src/Viewer.cc:20:
/usr/include/eigen3/Eigen/src/Core/util/Constants.h:167:37: note: declared here
  167 | EIGEN_DEPRECATED const unsigned int AlignedBit = 0x80;
      |                                     ^~~~~~~~~~
In file included from /home/ambushee/wil_project/thirdparty/ORB_SLAM3/Thirdparty/g2o/g2o/types/types_six_dof_expmap.h:38,
                 from /home/ambushee/wil_project/thirdparty/ORB_SLAM3/include/Converter.h:26,
                 from /home/ambushee/wil_project/thirdparty/ORB_SLAM3/include/Frame.h:33,
                 from /home/ambushee/wil_project/thirdparty/ORB_SLAM3/include/MapPoint.h:24,
                 from /home/ambushee/wil_project/thirdparty/ORB_SLAM3/include/KeyFrame.h:23,
                 from /home/ambushee/wil_project/thirdparty/ORB_SLAM3/include/Sim3Solver.h:26,
                 from /home/ambushee/wil_project/thirdparty/ORB_SLAM3/src/Sim3Solver.cc:20:
/home/ambushee/wil_project/thirdparty/ORB_SLAM3/Thirdparty/g2o/g2o/types/../core/base_binary_edge.h:60:80: warning: ‘Eigen::AlignedBit’ is deprecated [-Wdeprecated-declarations]
   60 |       typedef Eigen::Map<Matrix<double, Dj, Di>, Matrix<double, Dj, Di>::Flags & AlignedBit ? Aligned : Unaligned > HessianBlockTransposedType;
      |                                                                          ~~~~~~^~~~~~~~~~~~
In file included from /usr/include/eigen3/Eigen/Core:161,
                 from /usr/include/eigen3/Eigen/LU:11,
                 from /home/ambushee/wil_project/thirdparty/ORB_SLAM3/Thirdparty/Sophus/sophus/so2.hpp:12,
                 from /home/ambushee/wil_project/thirdparty/ORB_SLAM3/Thirdparty/Sophus/sophus/se2.hpp:7,
                 from /home/ambushee/wil_project/thirdparty/ORB_SLAM3/Thirdparty/Sophus/sophus/geometry.hpp:7,
                 from /home/ambushee/wil_project/thirdparty/ORB_SLAM3/include/Frame.h:28,
                 from /home/ambushee/wil_project/thirdparty/ORB_SLAM3/include/MapPoint.h:24,
                 from /home/ambushee/wil_project/thirdparty/ORB_SLAM3/include/KeyFrame.h:23,
                 from /home/ambushee/wil_project/thirdparty/ORB_SLAM3/include/Sim3Solver.h:26,
                 from /home/ambushee/wil_project/thirdparty/ORB_SLAM3/src/Sim3Solver.cc:20:
/usr/include/eigen3/Eigen/src/Core/util/Constants.h:167:37: note: declared here
  167 | EIGEN_DEPRECATED const unsigned int AlignedBit = 0x80;
      |                                     ^~~~~~~~~~
In file included from /home/ambushee/wil_project/thirdparty/ORB_SLAM3/Thirdparty/g2o/g2o/types/types_six_dof_expmap.h:38,
                 from /home/ambushee/wil_project/thirdparty/ORB_SLAM3/include/Converter.h:26,
                 from /home/ambushee/wil_project/thirdparty/ORB_SLAM3/include/Frame.h:33,
                 from /home/ambushee/wil_project/thirdparty/ORB_SLAM3/include/MapPoint.h:24,
                 from /home/ambushee/wil_project/thirdparty/ORB_SLAM3/include/KeyFrame.h:23,
                 from /home/ambushee/wil_project/thirdparty/ORB_SLAM3/include/LoopClosing.h:23,
                 from /home/ambushee/wil_project/thirdparty/ORB_SLAM3/src/LoopClosing.cc:20:
/home/ambushee/wil_project/thirdparty/ORB_SLAM3/Thirdparty/g2o/g2o/types/../core/base_binary_edge.h: In instantiation of ‘class g2o::BaseBinaryEdge<7, g2o::Sim3, g2o::VertexSim3Expmap, g2o::VertexSim3Expmap>’:
/home/ambushee/wil_project/thirdparty/ORB_SLAM3/Thirdparty/g2o/g2o/types/types_seven_dof_expmap.h:99:27:   required from here
/home/ambushee/wil_project/thirdparty/ORB_SLAM3/Thirdparty/g2o/g2o/types/../core/base_binary_edge.h:59:80: warning: ‘Eigen::AlignedBit’ is deprecated [-Wdeprecated-declarations]
   59 |       typedef Eigen::Map<Matrix<double, Di, Dj>, Matrix<double, Di, Dj>::Flags & AlignedBit ? Aligned : Unaligned > HessianBlockType;
      |                                                                          ~~~~~~^~~~~~~~~~~~
In file included from /usr/include/eigen3/Eigen/Core:161,
                 from /usr/include/eigen3/Eigen/LU:11,
                 from /home/ambushee/wil_project/thirdparty/ORB_SLAM3/Thirdparty/Sophus/sophus/so2.hpp:12,
                 from /home/ambushee/wil_project/thirdparty/ORB_SLAM3/Thirdparty/Sophus/sophus/se2.hpp:7,
                 from /home/ambushee/wil_project/thirdparty/ORB_SLAM3/Thirdparty/Sophus/sophus/geometry.hpp:7,
                 from /home/ambushee/wil_project/thirdparty/ORB_SLAM3/include/Frame.h:28,
                 from /home/ambushee/wil_project/thirdparty/ORB_SLAM3/include/MapPoint.h:24,
                 from /home/ambushee/wil_project/thirdparty/ORB_SLAM3/include/KeyFrame.h:23,
                 from /home/ambushee/wil_project/thirdparty/ORB_SLAM3/include/LoopClosing.h:23,
                 from /home/ambushee/wil_project/thirdparty/ORB_SLAM3/src/LoopClosing.cc:20:
/usr/include/eigen3/Eigen/src/Core/util/Constants.h:167:37: note: declared here
  167 | EIGEN_DEPRECATED const unsigned int AlignedBit = 0x80;
      |                                     ^~~~~~~~~~
In file included from /home/ambushee/wil_project/thirdparty/ORB_SLAM3/Thirdparty/g2o/g2o/types/types_six_dof_expmap.h:38,
                 from /home/ambushee/wil_project/thirdparty/ORB_SLAM3/include/Converter.h:26,
                 from /home/ambushee/wil_project/thirdparty/ORB_SLAM3/include/Frame.h:33,
                 from /home/ambushee/wil_project/thirdparty/ORB_SLAM3/include/MapPoint.h:24,
                 from /home/ambushee/wil_project/thirdparty/ORB_SLAM3/include/KeyFrame.h:23,
                 from /home/ambushee/wil_project/thirdparty/ORB_SLAM3/include/LoopClosing.h:23,
                 from /home/ambushee/wil_project/thirdparty/ORB_SLAM3/src/LoopClosing.cc:20:
/home/ambushee/wil_project/thirdparty/ORB_SLAM3/Thirdparty/g2o/g2o/types/../core/base_binary_edge.h:60:80: warning: ‘Eigen::AlignedBit’ is deprecated [-Wdeprecated-declarations]
   60 |       typedef Eigen::Map<Matrix<double, Dj, Di>, Matrix<double, Dj, Di>::Flags & AlignedBit ? Aligned : Unaligned > HessianBlockTransposedType;
      |                                                                          ~~~~~~^~~~~~~~~~~~
In file included from /usr/include/eigen3/Eigen/Core:161,
                 from /usr/include/eigen3/Eigen/LU:11,
                 from /home/ambushee/wil_project/thirdparty/ORB_SLAM3/Thirdparty/Sophus/sophus/so2.hpp:12,
                 from /home/ambushee/wil_project/thirdparty/ORB_SLAM3/Thirdparty/Sophus/sophus/se2.hpp:7,
                 from /home/ambushee/wil_project/thirdparty/ORB_SLAM3/Thirdparty/Sophus/sophus/geometry.hpp:7,
                 from /home/ambushee/wil_project/thirdparty/ORB_SLAM3/include/Frame.h:28,
                 from /home/ambushee/wil_project/thirdparty/ORB_SLAM3/include/MapPoint.h:24,
                 from /home/ambushee/wil_project/thirdparty/ORB_SLAM3/include/KeyFrame.h:23,
                 from /home/ambushee/wil_project/thirdparty/ORB_SLAM3/include/LoopClosing.h:23,
                 from /home/ambushee/wil_project/thirdparty/ORB_SLAM3/src/LoopClosing.cc:20:
/usr/include/eigen3/Eigen/src/Core/util/Constants.h:167:37: note: declared here
  167 | EIGEN_DEPRECATED const unsigned int AlignedBit = 0x80;
      |                                     ^~~~~~~~~~
In file included from /home/ambushee/wil_project/thirdparty/ORB_SLAM3/Thirdparty/g2o/g2o/types/types_six_dof_expmap.h:37,
                 from /home/ambushee/wil_project/thirdparty/ORB_SLAM3/include/Converter.h:26,
                 from /home/ambushee/wil_project/thirdparty/ORB_SLAM3/include/Frame.h:33,
                 from /home/ambushee/wil_project/thirdparty/ORB_SLAM3/include/KeyFrame.h:28,
                 from /home/ambushee/wil_project/thirdparty/ORB_SLAM3/include/MapPoint.h:23,
                 from /home/ambushee/wil_project/thirdparty/ORB_SLAM3/include/Map.h:23,
                 from /home/ambushee/wil_project/thirdparty/ORB_SLAM3/include/Optimizer.h:23,
                 from /home/ambushee/wil_project/thirdparty/ORB_SLAM3/src/Optimizer.cc:20:
/home/ambushee/wil_project/thirdparty/ORB_SLAM3/Thirdparty/g2o/g2o/types/../core/base_vertex.h: In instantiation of ‘class g2o::BaseVertex<3, Eigen::Matrix<double, 3, 1> >’:
/home/ambushee/wil_project/thirdparty/ORB_SLAM3/Thirdparty/g2o/g2o/types/types_sba.h:40:35:   required from here
/home/ambushee/wil_project/thirdparty/ORB_SLAM3/Thirdparty/g2o/g2o/types/../core/base_vertex.h:62:72: warning: ‘Eigen::AlignedBit’ is deprecated [-Wdeprecated-declarations]
   62 |     typedef Eigen::Map<Matrix<double, D, D>, Matrix<double,D,D>::Flags & AlignedBit ? Aligned : Unaligned >  HessianBlockType;
      |                                                                  ~~~~~~^~~~~~~~~~~~
In file included from /usr/include/eigen3/Eigen/Core:161,
                 from /usr/include/eigen3/Eigen/LU:11,
                 from /home/ambushee/wil_project/thirdparty/ORB_SLAM3/Thirdparty/Sophus/sophus/so2.hpp:12,
                 from /home/ambushee/wil_project/thirdparty/ORB_SLAM3/Thirdparty/Sophus/sophus/se2.hpp:7,
                 from /home/ambushee/wil_project/thirdparty/ORB_SLAM3/Thirdparty/Sophus/sophus/geometry.hpp:7,
                 from /home/ambushee/wil_project/thirdparty/ORB_SLAM3/include/Frame.h:28,
                 from /home/ambushee/wil_project/thirdparty/ORB_SLAM3/include/KeyFrame.h:28,
                 from /home/ambushee/wil_project/thirdparty/ORB_SLAM3/include/MapPoint.h:23,
                 from /home/ambushee/wil_project/thirdparty/ORB_SLAM3/include/Map.h:23,
                 from /home/ambushee/wil_project/thirdparty/ORB_SLAM3/include/Optimizer.h:23,
                 from /home/ambushee/wil_project/thirdparty/ORB_SLAM3/src/Optimizer.cc:20:
/usr/include/eigen3/Eigen/src/Core/util/Constants.h:167:37: note: declared here
  167 | EIGEN_DEPRECATED const unsigned int AlignedBit = 0x80;
      |                                     ^~~~~~~~~~
In file included from /home/ambushee/wil_project/thirdparty/ORB_SLAM3/Thirdparty/g2o/g2o/types/types_six_dof_expmap.h:38,
                 from /home/ambushee/wil_project/thirdparty/ORB_SLAM3/include/Converter.h:26,
                 from /home/ambushee/wil_project/thirdparty/ORB_SLAM3/include/Frame.h:33,
                 from /home/ambushee/wil_project/thirdparty/ORB_SLAM3/include/KeyFrame.h:28,
                 from /home/ambushee/wil_project/thirdparty/ORB_SLAM3/include/MapPoint.h:23,
                 from /home/ambushee/wil_project/thirdparty/ORB_SLAM3/include/FrameDrawer.h:24,
                 from /home/ambushee/wil_project/thirdparty/ORB_SLAM3/include/Viewer.h:23,
                 from /home/ambushee/wil_project/thirdparty/ORB_SLAM3/include/Tracking.h:26,
                 from /home/ambushee/wil_project/thirdparty/ORB_SLAM3/src/Tracking.cc:20:
/home/ambushee/wil_project/thirdparty/ORB_SLAM3/Thirdparty/g2o/g2o/types/../core/base_binary_edge.h: In instantiation of ‘class g2o::BaseBinaryEdge<6, g2o::SE3Quat, g2o::VertexSE3Expmap, g2o::VertexSE3Expmap>’:
/home/ambushee/wil_project/thirdparty/ORB_SLAM3/Thirdparty/g2o/g2o/types/types_six_dof_expmap.h:83:24:   required from here
/home/ambushee/wil_project/thirdparty/ORB_SLAM3/Thirdparty/g2o/g2o/types/../core/base_binary_edge.h:59:80: warning: ‘Eigen::AlignedBit’ is deprecated [-Wdeprecated-declarations]
   59 |       typedef Eigen::Map<Matrix<double, Di, Dj>, Matrix<double, Di, Dj>::Flags & AlignedBit ? Aligned : Unaligned > HessianBlockType;
      |                                                                          ~~~~~~^~~~~~~~~~~~
In file included from /usr/include/eigen3/Eigen/Core:161,
                 from /usr/include/eigen3/Eigen/LU:11,
                 from /home/ambushee/wil_project/thirdparty/ORB_SLAM3/Thirdparty/Sophus/sophus/so2.hpp:12,
                 from /home/ambushee/wil_project/thirdparty/ORB_SLAM3/Thirdparty/Sophus/sophus/se2.hpp:7,
                 from /home/ambushee/wil_project/thirdparty/ORB_SLAM3/Thirdparty/Sophus/sophus/geometry.hpp:7,
                 from /home/ambushee/wil_project/thirdparty/ORB_SLAM3/include/Frame.h:28,
                 from /home/ambushee/wil_project/thirdparty/ORB_SLAM3/include/KeyFrame.h:28,
                 from /home/ambushee/wil_project/thirdparty/ORB_SLAM3/include/MapPoint.h:23,
                 from /home/ambushee/wil_project/thirdparty/ORB_SLAM3/include/FrameDrawer.h:24,
                 from /home/ambushee/wil_project/thirdparty/ORB_SLAM3/include/Viewer.h:23,
                 from /home/ambushee/wil_project/thirdparty/ORB_SLAM3/include/Tracking.h:26,
                 from /home/ambushee/wil_project/thirdparty/ORB_SLAM3/src/Tracking.cc:20:
/usr/include/eigen3/Eigen/src/Core/util/Constants.h:167:37: note: declared here
  167 | EIGEN_DEPRECATED const unsigned int AlignedBit = 0x80;
      |                                     ^~~~~~~~~~
In file included from /home/ambushee/wil_project/thirdparty/ORB_SLAM3/Thirdparty/g2o/g2o/types/types_six_dof_expmap.h:38,
                 from /home/ambushee/wil_project/thirdparty/ORB_SLAM3/include/Converter.h:26,
                 from /home/ambushee/wil_project/thirdparty/ORB_SLAM3/include/Frame.h:33,
                 from /home/ambushee/wil_project/thirdparty/ORB_SLAM3/include/KeyFrame.h:28,
                 from /home/ambushee/wil_project/thirdparty/ORB_SLAM3/include/MapPoint.h:23,
                 from /home/ambushee/wil_project/thirdparty/ORB_SLAM3/include/FrameDrawer.h:24,
                 from /home/ambushee/wil_project/thirdparty/ORB_SLAM3/include/Viewer.h:23,
                 from /home/ambushee/wil_project/thirdparty/ORB_SLAM3/include/Tracking.h:26,
                 from /home/ambushee/wil_project/thirdparty/ORB_SLAM3/src/Tracking.cc:20:
/home/ambushee/wil_project/thirdparty/ORB_SLAM3/Thirdparty/g2o/g2o/types/../core/base_binary_edge.h:60:80: warning: ‘Eigen::AlignedBit’ is deprecated [-Wdeprecated-declarations]
   60 |       typedef Eigen::Map<Matrix<double, Dj, Di>, Matrix<double, Dj, Di>::Flags & AlignedBit ? Aligned : Unaligned > HessianBlockTransposedType;
      |                                                                          ~~~~~~^~~~~~~~~~~~
In file included from /usr/include/eigen3/Eigen/Core:161,
                 from /usr/include/eigen3/Eigen/LU:11,
                 from /home/ambushee/wil_project/thirdparty/ORB_SLAM3/Thirdparty/Sophus/sophus/so2.hpp:12,
                 from /home/ambushee/wil_project/thirdparty/ORB_SLAM3/Thirdparty/Sophus/sophus/se2.hpp:7,
                 from /home/ambushee/wil_project/thirdparty/ORB_SLAM3/Thirdparty/Sophus/sophus/geometry.hpp:7,
                 from /home/ambushee/wil_project/thirdparty/ORB_SLAM3/include/Frame.h:28,
                 from /home/ambushee/wil_project/thirdparty/ORB_SLAM3/include/KeyFrame.h:28,
                 from /home/ambushee/wil_project/thirdparty/ORB_SLAM3/include/MapPoint.h:23,
                 from /home/ambushee/wil_project/thirdparty/ORB_SLAM3/include/FrameDrawer.h:24,
                 from /home/ambushee/wil_project/thirdparty/ORB_SLAM3/include/Viewer.h:23,
                 from /home/ambushee/wil_project/thirdparty/ORB_SLAM3/include/Tracking.h:26,
                 from /home/ambushee/wil_project/thirdparty/ORB_SLAM3/src/Tracking.cc:20:
/usr/include/eigen3/Eigen/src/Core/util/Constants.h:167:37: note: declared here
  167 | EIGEN_DEPRECATED const unsigned int AlignedBit = 0x80;
      |                                     ^~~~~~~~~~
In file included from /home/ambushee/wil_project/thirdparty/ORB_SLAM3/Thirdparty/g2o/g2o/types/types_six_dof_expmap.h:37,
                 from /home/ambushee/wil_project/thirdparty/ORB_SLAM3/include/Converter.h:26,
                 from /home/ambushee/wil_project/thirdparty/ORB_SLAM3/include/Frame.h:33,
                 from /home/ambushee/wil_project/thirdparty/ORB_SLAM3/include/KeyFrame.h:28,
                 from /home/ambushee/wil_project/thirdparty/ORB_SLAM3/include/MapPoint.h:23,
                 from /home/ambushee/wil_project/thirdparty/ORB_SLAM3/include/Map.h:23,
                 from /home/ambushee/wil_project/thirdparty/ORB_SLAM3/include/Optimizer.h:23,
                 from /home/ambushee/wil_project/thirdparty/ORB_SLAM3/src/Optimizer.cc:20:
/home/ambushee/wil_project/thirdparty/ORB_SLAM3/Thirdparty/g2o/g2o/types/../core/base_vertex.h: In instantiation of ‘class g2o::BaseVertex<6, g2o::SE3Quat>’:
/home/ambushee/wil_project/thirdparty/ORB_SLAM3/Thirdparty/g2o/g2o/types/types_six_dof_expmap.h:59:33:   required from here
/home/ambushee/wil_project/thirdparty/ORB_SLAM3/Thirdparty/g2o/g2o/types/../core/base_vertex.h:62:72: warning: ‘Eigen::AlignedBit’ is deprecated [-Wdeprecated-declarations]
   62 |     typedef Eigen::Map<Matrix<double, D, D>, Matrix<double,D,D>::Flags & AlignedBit ? Aligned : Unaligned >  HessianBlockType;
      |                                                                  ~~~~~~^~~~~~~~~~~~
In file included from /usr/include/eigen3/Eigen/Core:161,
                 from /usr/include/eigen3/Eigen/LU:11,
                 from /home/ambushee/wil_project/thirdparty/ORB_SLAM3/Thirdparty/Sophus/sophus/so2.hpp:12,
                 from /home/ambushee/wil_project/thirdparty/ORB_SLAM3/Thirdparty/Sophus/sophus/se2.hpp:7,
                 from /home/ambushee/wil_project/thirdparty/ORB_SLAM3/Thirdparty/Sophus/sophus/geometry.hpp:7,
                 from /home/ambushee/wil_project/thirdparty/ORB_SLAM3/include/Frame.h:28,
                 from /home/ambushee/wil_project/thirdparty/ORB_SLAM3/include/KeyFrame.h:28,
                 from /home/ambushee/wil_project/thirdparty/ORB_SLAM3/include/MapPoint.h:23,
                 from /home/ambushee/wil_project/thirdparty/ORB_SLAM3/include/Map.h:23,
                 from /home/ambushee/wil_project/thirdparty/ORB_SLAM3/include/Optimizer.h:23,
                 from /home/ambushee/wil_project/thirdparty/ORB_SLAM3/src/Optimizer.cc:20:
/usr/include/eigen3/Eigen/src/Core/util/Constants.h:167:37: note: declared here
  167 | EIGEN_DEPRECATED const unsigned int AlignedBit = 0x80;
      |                                     ^~~~~~~~~~
In file included from /home/ambushee/wil_project/thirdparty/ORB_SLAM3/Thirdparty/g2o/g2o/types/types_six_dof_expmap.h:38,
                 from /home/ambushee/wil_project/thirdparty/ORB_SLAM3/include/Converter.h:26,
                 from /home/ambushee/wil_project/thirdparty/ORB_SLAM3/include/Frame.h:33,
                 from /home/ambushee/wil_project/thirdparty/ORB_SLAM3/include/MapPoint.h:24,
                 from /home/ambushee/wil_project/thirdparty/ORB_SLAM3/include/KeyFrame.h:23,
                 from /home/ambushee/wil_project/thirdparty/ORB_SLAM3/include/LoopClosing.h:23,
                 from /home/ambushee/wil_project/thirdparty/ORB_SLAM3/src/LoopClosing.cc:20:
/home/ambushee/wil_project/thirdparty/ORB_SLAM3/Thirdparty/g2o/g2o/types/../core/base_binary_edge.h: In instantiation of ‘class g2o::BaseBinaryEdge<2, Eigen::Matrix<double, 2, 1>, g2o::VertexSBAPointXYZ, g2o::VertexSim3Expmap>’:
/home/ambushee/wil_project/thirdparty/ORB_SLAM3/Thirdparty/g2o/g2o/types/types_seven_dof_expmap.h:130:36:   required from here
/home/ambushee/wil_project/thirdparty/ORB_SLAM3/Thirdparty/g2o/g2o/types/../core/base_binary_edge.h:59:80: warning: ‘Eigen::AlignedBit’ is deprecated [-Wdeprecated-declarations]
   59 |       typedef Eigen::Map<Matrix<double, Di, Dj>, Matrix<double, Di, Dj>::Flags & AlignedBit ? Aligned : Unaligned > HessianBlockType;
      |                                                                          ~~~~~~^~~~~~~~~~~~
In file included from /usr/include/eigen3/Eigen/Core:161,
                 from /usr/include/eigen3/Eigen/LU:11,
                 from /home/ambushee/wil_project/thirdparty/ORB_SLAM3/Thirdparty/Sophus/sophus/so2.hpp:12,
                 from /home/ambushee/wil_project/thirdparty/ORB_SLAM3/Thirdparty/Sophus/sophus/se2.hpp:7,
                 from /home/ambushee/wil_project/thirdparty/ORB_SLAM3/Thirdparty/Sophus/sophus/geometry.hpp:7,
                 from /home/ambushee/wil_project/thirdparty/ORB_SLAM3/include/Frame.h:28,
                 from /home/ambushee/wil_project/thirdparty/ORB_SLAM3/include/MapPoint.h:24,
                 from /home/ambushee/wil_project/thirdparty/ORB_SLAM3/include/KeyFrame.h:23,
                 from /home/ambushee/wil_project/thirdparty/ORB_SLAM3/include/LoopClosing.h:23,
                 from /home/ambushee/wil_project/thirdparty/ORB_SLAM3/src/LoopClosing.cc:20:
/usr/include/eigen3/Eigen/src/Core/util/Constants.h:167:37: note: declared here
  167 | EIGEN_DEPRECATED const unsigned int AlignedBit = 0x80;
      |                                     ^~~~~~~~~~
In file included from /home/ambushee/wil_project/thirdparty/ORB_SLAM3/Thirdparty/g2o/g2o/types/types_six_dof_expmap.h:38,
                 from /home/ambushee/wil_project/thirdparty/ORB_SLAM3/include/Converter.h:26,
                 from /home/ambushee/wil_project/thirdparty/ORB_SLAM3/include/Frame.h:33,
                 from /home/ambushee/wil_project/thirdparty/ORB_SLAM3/include/KeyFrame.h:28,
                 from /home/ambushee/wil_project/thirdparty/ORB_SLAM3/include/MapPoint.h:23,
                 from /home/ambushee/wil_project/thirdparty/ORB_SLAM3/include/Map.h:23,
                 from /home/ambushee/wil_project/thirdparty/ORB_SLAM3/include/Optimizer.h:23,
                 from /home/ambushee/wil_project/thirdparty/ORB_SLAM3/src/Optimizer.cc:20:
/home/ambushee/wil_project/thirdparty/ORB_SLAM3/Thirdparty/g2o/g2o/types/../core/base_binary_edge.h: In instantiation of ‘class g2o::BaseBinaryEdge<6, g2o::SE3Quat, g2o::VertexSE3Expmap, g2o::VertexSE3Expmap>’:
/home/ambushee/wil_project/thirdparty/ORB_SLAM3/Thirdparty/g2o/g2o/types/types_six_dof_expmap.h:83:24:   required from here
/home/ambushee/wil_project/thirdparty/ORB_SLAM3/Thirdparty/g2o/g2o/types/../core/base_binary_edge.h:59:80: warning: ‘Eigen::AlignedBit’ is deprecated [-Wdeprecated-declarations]
   59 |       typedef Eigen::Map<Matrix<double, Di, Dj>, Matrix<double, Di, Dj>::Flags & AlignedBit ? Aligned : Unaligned > HessianBlockType;
      |                                                                          ~~~~~~^~~~~~~~~~~~
In file included from /usr/include/eigen3/Eigen/Core:161,
                 from /usr/include/eigen3/Eigen/LU:11,
                 from /home/ambushee/wil_project/thirdparty/ORB_SLAM3/Thirdparty/Sophus/sophus/so2.hpp:12,
                 from /home/ambushee/wil_project/thirdparty/ORB_SLAM3/Thirdparty/Sophus/sophus/se2.hpp:7,
                 from /home/ambushee/wil_project/thirdparty/ORB_SLAM3/Thirdparty/Sophus/sophus/geometry.hpp:7,
                 from /home/ambushee/wil_project/thirdparty/ORB_SLAM3/include/Frame.h:28,
                 from /home/ambushee/wil_project/thirdparty/ORB_SLAM3/include/KeyFrame.h:28,
                 from /home/ambushee/wil_project/thirdparty/ORB_SLAM3/include/MapPoint.h:23,
                 from /home/ambushee/wil_project/thirdparty/ORB_SLAM3/include/Map.h:23,
                 from /home/ambushee/wil_project/thirdparty/ORB_SLAM3/include/Optimizer.h:23,
                 from /home/ambushee/wil_project/thirdparty/ORB_SLAM3/src/Optimizer.cc:20:
/usr/include/eigen3/Eigen/src/Core/util/Constants.h:167:37: note: declared here
  167 | EIGEN_DEPRECATED const unsigned int AlignedBit = 0x80;
      |                                     ^~~~~~~~~~
In file included from /home/ambushee/wil_project/thirdparty/ORB_SLAM3/Thirdparty/g2o/g2o/types/types_six_dof_expmap.h:38,
                 from /home/ambushee/wil_project/thirdparty/ORB_SLAM3/include/Converter.h:26,
                 from /home/ambushee/wil_project/thirdparty/ORB_SLAM3/include/Frame.h:33,
                 from /home/ambushee/wil_project/thirdparty/ORB_SLAM3/include/KeyFrame.h:28,
                 from /home/ambushee/wil_project/thirdparty/ORB_SLAM3/include/MapPoint.h:23,
                 from /home/ambushee/wil_project/thirdparty/ORB_SLAM3/include/Map.h:23,
                 from /home/ambushee/wil_project/thirdparty/ORB_SLAM3/include/Optimizer.h:23,
                 from /home/ambushee/wil_project/thirdparty/ORB_SLAM3/src/Optimizer.cc:20:
/home/ambushee/wil_project/thirdparty/ORB_SLAM3/Thirdparty/g2o/g2o/types/../core/base_binary_edge.h:60:80: warning: ‘Eigen::AlignedBit’ is deprecated [-Wdeprecated-declarations]
   60 |       typedef Eigen::Map<Matrix<double, Dj, Di>, Matrix<double, Dj, Di>::Flags & AlignedBit ? Aligned : Unaligned > HessianBlockTransposedType;
      |                                                                          ~~~~~~^~~~~~~~~~~~
In file included from /usr/include/eigen3/Eigen/Core:161,
                 from /usr/include/eigen3/Eigen/LU:11,
                 from /home/ambushee/wil_project/thirdparty/ORB_SLAM3/Thirdparty/Sophus/sophus/so2.hpp:12,
                 from /home/ambushee/wil_project/thirdparty/ORB_SLAM3/Thirdparty/Sophus/sophus/se2.hpp:7,
                 from /home/ambushee/wil_project/thirdparty/ORB_SLAM3/Thirdparty/Sophus/sophus/geometry.hpp:7,
                 from /home/ambushee/wil_project/thirdparty/ORB_SLAM3/include/Frame.h:28,
                 from /home/ambushee/wil_project/thirdparty/ORB_SLAM3/include/KeyFrame.h:28,
                 from /home/ambushee/wil_project/thirdparty/ORB_SLAM3/include/MapPoint.h:23,
                 from /home/ambushee/wil_project/thirdparty/ORB_SLAM3/include/Map.h:23,
                 from /home/ambushee/wil_project/thirdparty/ORB_SLAM3/include/Optimizer.h:23,
                 from /home/ambushee/wil_project/thirdparty/ORB_SLAM3/src/Optimizer.cc:20:
/usr/include/eigen3/Eigen/src/Core/util/Constants.h:167:37: note: declared here
  167 | EIGEN_DEPRECATED const unsigned int AlignedBit = 0x80;
      |                                     ^~~~~~~~~~
In file included from /home/ambushee/wil_project/thirdparty/ORB_SLAM3/Thirdparty/g2o/g2o/types/types_six_dof_expmap.h:38,
                 from /home/ambushee/wil_project/thirdparty/ORB_SLAM3/include/Converter.h:26,
                 from /home/ambushee/wil_project/thirdparty/ORB_SLAM3/include/Frame.h:33,
                 from /home/ambushee/wil_project/thirdparty/ORB_SLAM3/include/MapPoint.h:24,
                 from /home/ambushee/wil_project/thirdparty/ORB_SLAM3/include/KeyFrame.h:23,
                 from /home/ambushee/wil_project/thirdparty/ORB_SLAM3/include/LoopClosing.h:23,
                 from /home/ambushee/wil_project/thirdparty/ORB_SLAM3/src/LoopClosing.cc:20:
/home/ambushee/wil_project/thirdparty/ORB_SLAM3/Thirdparty/g2o/g2o/types/../core/base_binary_edge.h:60:80: warning: ‘Eigen::AlignedBit’ is deprecated [-Wdeprecated-declarations]
   60 |       typedef Eigen::Map<Matrix<double, Dj, Di>, Matrix<double, Dj, Di>::Flags & AlignedBit ? Aligned : Unaligned > HessianBlockTransposedType;
      |                                                                          ~~~~~~^~~~~~~~~~~~
In file included from /usr/include/eigen3/Eigen/Core:161,
                 from /usr/include/eigen3/Eigen/LU:11,
                 from /home/ambushee/wil_project/thirdparty/ORB_SLAM3/Thirdparty/Sophus/sophus/so2.hpp:12,
                 from /home/ambushee/wil_project/thirdparty/ORB_SLAM3/Thirdparty/Sophus/sophus/se2.hpp:7,
                 from /home/ambushee/wil_project/thirdparty/ORB_SLAM3/Thirdparty/Sophus/sophus/geometry.hpp:7,
                 from /home/ambushee/wil_project/thirdparty/ORB_SLAM3/include/Frame.h:28,
                 from /home/ambushee/wil_project/thirdparty/ORB_SLAM3/include/MapPoint.h:24,
                 from /home/ambushee/wil_project/thirdparty/ORB_SLAM3/include/KeyFrame.h:23,
                 from /home/ambushee/wil_project/thirdparty/ORB_SLAM3/include/LoopClosing.h:23,
                 from /home/ambushee/wil_project/thirdparty/ORB_SLAM3/src/LoopClosing.cc:20:
/usr/include/eigen3/Eigen/src/Core/util/Constants.h:167:37: note: declared here
  167 | EIGEN_DEPRECATED const unsigned int AlignedBit = 0x80;
      |                                     ^~~~~~~~~~
In file included from /home/ambushee/wil_project/thirdparty/ORB_SLAM3/Thirdparty/g2o/g2o/types/types_six_dof_expmap.h:38,
                 from /home/ambushee/wil_project/thirdparty/ORB_SLAM3/include/Converter.h:26,
                 from /home/ambushee/wil_project/thirdparty/ORB_SLAM3/include/Frame.h:33,
                 from /home/ambushee/wil_project/thirdparty/ORB_SLAM3/include/KeyFrame.h:28,
                 from /home/ambushee/wil_project/thirdparty/ORB_SLAM3/include/MapPoint.h:23,
                 from /home/ambushee/wil_project/thirdparty/ORB_SLAM3/include/Map.h:23,
                 from /home/ambushee/wil_project/thirdparty/ORB_SLAM3/include/Atlas.h:22,
                 from /home/ambushee/wil_project/thirdparty/ORB_SLAM3/include/Tracking.h:28,
                 from /home/ambushee/wil_project/thirdparty/ORB_SLAM3/include/FrameDrawer.h:23,
                 from /home/ambushee/wil_project/thirdparty/ORB_SLAM3/include/Viewer.h:23,
                 from /home/ambushee/wil_project/thirdparty/ORB_SLAM3/src/Viewer.cc:20:
/home/ambushee/wil_project/thirdparty/ORB_SLAM3/Thirdparty/g2o/g2o/types/../core/base_binary_edge.h: In instantiation of ‘class g2o::BaseBinaryEdge<2, Eigen::Matrix<double, 2, 1>, g2o::VertexSBAPointXYZ, g2o::VertexSE3Expmap>’:
/home/ambushee/wil_project/thirdparty/ORB_SLAM3/Thirdparty/g2o/g2o/types/types_six_dof_expmap.h:114:35:   required from here
/home/ambushee/wil_project/thirdparty/ORB_SLAM3/Thirdparty/g2o/g2o/types/../core/base_binary_edge.h:59:80: warning: ‘Eigen::AlignedBit’ is deprecated [-Wdeprecated-declarations]
   59 |       typedef Eigen::Map<Matrix<double, Di, Dj>, Matrix<double, Di, Dj>::Flags & AlignedBit ? Aligned : Unaligned > HessianBlockType;
      |                                                                          ~~~~~~^~~~~~~~~~~~
In file included from /usr/include/eigen3/Eigen/Core:161,
                 from /usr/include/eigen3/Eigen/LU:11,
                 from /home/ambushee/wil_project/thirdparty/ORB_SLAM3/Thirdparty/Sophus/sophus/so2.hpp:12,
                 from /home/ambushee/wil_project/thirdparty/ORB_SLAM3/Thirdparty/Sophus/sophus/se2.hpp:7,
                 from /home/ambushee/wil_project/thirdparty/ORB_SLAM3/Thirdparty/Sophus/sophus/geometry.hpp:7,
                 from /home/ambushee/wil_project/thirdparty/ORB_SLAM3/include/Frame.h:28,
                 from /home/ambushee/wil_project/thirdparty/ORB_SLAM3/include/KeyFrame.h:28,
                 from /home/ambushee/wil_project/thirdparty/ORB_SLAM3/include/MapPoint.h:23,
                 from /home/ambushee/wil_project/thirdparty/ORB_SLAM3/include/Map.h:23,
                 from /home/ambushee/wil_project/thirdparty/ORB_SLAM3/include/Atlas.h:22,
                 from /home/ambushee/wil_project/thirdparty/ORB_SLAM3/include/Tracking.h:28,
                 from /home/ambushee/wil_project/thirdparty/ORB_SLAM3/include/FrameDrawer.h:23,
                 from /home/ambushee/wil_project/thirdparty/ORB_SLAM3/include/Viewer.h:23,
                 from /home/ambushee/wil_project/thirdparty/ORB_SLAM3/src/Viewer.cc:20:
/usr/include/eigen3/Eigen/src/Core/util/Constants.h:167:37: note: declared here
  167 | EIGEN_DEPRECATED const unsigned int AlignedBit = 0x80;
      |                                     ^~~~~~~~~~
In file included from /home/ambushee/wil_project/thirdparty/ORB_SLAM3/Thirdparty/g2o/g2o/types/types_six_dof_expmap.h:38,
                 from /home/ambushee/wil_project/thirdparty/ORB_SLAM3/include/Converter.h:26,
                 from /home/ambushee/wil_project/thirdparty/ORB_SLAM3/include/Frame.h:33,
                 from /home/ambushee/wil_project/thirdparty/ORB_SLAM3/include/KeyFrame.h:28,
                 from /home/ambushee/wil_project/thirdparty/ORB_SLAM3/include/MapPoint.h:23,
                 from /home/ambushee/wil_project/thirdparty/ORB_SLAM3/include/FrameDrawer.h:24,
                 from /home/ambushee/wil_project/thirdparty/ORB_SLAM3/include/Viewer.h:23,
                 from /home/ambushee/wil_project/thirdparty/ORB_SLAM3/include/Tracking.h:26,
                 from /home/ambushee/wil_project/thirdparty/ORB_SLAM3/src/Tracking.cc:20:
/home/ambushee/wil_project/thirdparty/ORB_SLAM3/Thirdparty/g2o/g2o/types/../core/base_binary_edge.h: In instantiation of ‘class g2o::BaseBinaryEdge<2, Eigen::Matrix<double, 2, 1>, g2o::VertexSBAPointXYZ, g2o::VertexSE3Expmap>’:
/home/ambushee/wil_project/thirdparty/ORB_SLAM3/Thirdparty/g2o/g2o/types/types_six_dof_expmap.h:114:35:   required from here
/home/ambushee/wil_project/thirdparty/ORB_SLAM3/Thirdparty/g2o/g2o/types/../core/base_binary_edge.h:59:80: warning: ‘Eigen::AlignedBit’ is deprecated [-Wdeprecated-declarations]
   59 |       typedef Eigen::Map<Matrix<double, Di, Dj>, Matrix<double, Di, Dj>::Flags & AlignedBit ? Aligned : Unaligned > HessianBlockType;
      |                                                                          ~~~~~~^~~~~~~~~~~~
In file included from /usr/include/eigen3/Eigen/Core:161,
                 from /usr/include/eigen3/Eigen/LU:11,
                 from /home/ambushee/wil_project/thirdparty/ORB_SLAM3/Thirdparty/Sophus/sophus/so2.hpp:12,
                 from /home/ambushee/wil_project/thirdparty/ORB_SLAM3/Thirdparty/Sophus/sophus/se2.hpp:7,
                 from /home/ambushee/wil_project/thirdparty/ORB_SLAM3/Thirdparty/Sophus/sophus/geometry.hpp:7,
                 from /home/ambushee/wil_project/thirdparty/ORB_SLAM3/include/Frame.h:28,
                 from /home/ambushee/wil_project/thirdparty/ORB_SLAM3/include/KeyFrame.h:28,
                 from /home/ambushee/wil_project/thirdparty/ORB_SLAM3/include/MapPoint.h:23,
                 from /home/ambushee/wil_project/thirdparty/ORB_SLAM3/include/FrameDrawer.h:24,
                 from /home/ambushee/wil_project/thirdparty/ORB_SLAM3/include/Viewer.h:23,
                 from /home/ambushee/wil_project/thirdparty/ORB_SLAM3/include/Tracking.h:26,
                 from /home/ambushee/wil_project/thirdparty/ORB_SLAM3/src/Tracking.cc:20:
/usr/include/eigen3/Eigen/src/Core/util/Constants.h:167:37: note: declared here
  167 | EIGEN_DEPRECATED const unsigned int AlignedBit = 0x80;
      |                                     ^~~~~~~~~~
In file included from /home/ambushee/wil_project/thirdparty/ORB_SLAM3/Thirdparty/g2o/g2o/types/types_six_dof_expmap.h:38,
                 from /home/ambushee/wil_project/thirdparty/ORB_SLAM3/include/Converter.h:26,
                 from /home/ambushee/wil_project/thirdparty/ORB_SLAM3/include/Frame.h:33,
                 from /home/ambushee/wil_project/thirdparty/ORB_SLAM3/include/KeyFrame.h:28,
                 from /home/ambushee/wil_project/thirdparty/ORB_SLAM3/include/MapPoint.h:23,
                 from /home/ambushee/wil_project/thirdparty/ORB_SLAM3/include/Map.h:23,
                 from /home/ambushee/wil_project/thirdparty/ORB_SLAM3/include/Atlas.h:22,
                 from /home/ambushee/wil_project/thirdparty/ORB_SLAM3/include/Tracking.h:28,
                 from /home/ambushee/wil_project/thirdparty/ORB_SLAM3/include/FrameDrawer.h:23,
                 from /home/ambushee/wil_project/thirdparty/ORB_SLAM3/include/Viewer.h:23,
                 from /home/ambushee/wil_project/thirdparty/ORB_SLAM3/src/Viewer.cc:20:
/home/ambushee/wil_project/thirdparty/ORB_SLAM3/Thirdparty/g2o/g2o/types/../core/base_binary_edge.h:60:80: warning: ‘Eigen::AlignedBit’ is deprecated [-Wdeprecated-declarations]
   60 |       typedef Eigen::Map<Matrix<double, Dj, Di>, Matrix<double, Dj, Di>::Flags & AlignedBit ? Aligned : Unaligned > HessianBlockTransposedType;
      |                                                                          ~~~~~~^~~~~~~~~~~~
In file included from /usr/include/eigen3/Eigen/Core:161,
                 from /usr/include/eigen3/Eigen/LU:11,
                 from /home/ambushee/wil_project/thirdparty/ORB_SLAM3/Thirdparty/Sophus/sophus/so2.hpp:12,
                 from /home/ambushee/wil_project/thirdparty/ORB_SLAM3/Thirdparty/Sophus/sophus/se2.hpp:7,
                 from /home/ambushee/wil_project/thirdparty/ORB_SLAM3/Thirdparty/Sophus/sophus/geometry.hpp:7,
                 from /home/ambushee/wil_project/thirdparty/ORB_SLAM3/include/Frame.h:28,
                 from /home/ambushee/wil_project/thirdparty/ORB_SLAM3/include/KeyFrame.h:28,
                 from /home/ambushee/wil_project/thirdparty/ORB_SLAM3/include/MapPoint.h:23,
                 from /home/ambushee/wil_project/thirdparty/ORB_SLAM3/include/Map.h:23,
                 from /home/ambushee/wil_project/thirdparty/ORB_SLAM3/include/Atlas.h:22,
                 from /home/ambushee/wil_project/thirdparty/ORB_SLAM3/include/Tracking.h:28,
                 from /home/ambushee/wil_project/thirdparty/ORB_SLAM3/include/FrameDrawer.h:23,
                 from /home/ambushee/wil_project/thirdparty/ORB_SLAM3/include/Viewer.h:23,
                 from /home/ambushee/wil_project/thirdparty/ORB_SLAM3/src/Viewer.cc:20:
/usr/include/eigen3/Eigen/src/Core/util/Constants.h:167:37: note: declared here
  167 | EIGEN_DEPRECATED const unsigned int AlignedBit = 0x80;
      |                                     ^~~~~~~~~~
In file included from /home/ambushee/wil_project/thirdparty/ORB_SLAM3/Thirdparty/g2o/g2o/types/types_six_dof_expmap.h:38,
                 from /home/ambushee/wil_project/thirdparty/ORB_SLAM3/include/Converter.h:26,
                 from /home/ambushee/wil_project/thirdparty/ORB_SLAM3/include/Frame.h:33,
                 from /home/ambushee/wil_project/thirdparty/ORB_SLAM3/include/KeyFrame.h:28,
                 from /home/ambushee/wil_project/thirdparty/ORB_SLAM3/include/MapPoint.h:23,
                 from /home/ambushee/wil_project/thirdparty/ORB_SLAM3/include/FrameDrawer.h:24,
                 from /home/ambushee/wil_project/thirdparty/ORB_SLAM3/include/Viewer.h:23,
                 from /home/ambushee/wil_project/thirdparty/ORB_SLAM3/include/Tracking.h:26,
                 from /home/ambushee/wil_project/thirdparty/ORB_SLAM3/src/Tracking.cc:20:
/home/ambushee/wil_project/thirdparty/ORB_SLAM3/Thirdparty/g2o/g2o/types/../core/base_binary_edge.h:60:80: warning: ‘Eigen::AlignedBit’ is deprecated [-Wdeprecated-declarations]
   60 |       typedef Eigen::Map<Matrix<double, Dj, Di>, Matrix<double, Dj, Di>::Flags & AlignedBit ? Aligned : Unaligned > HessianBlockTransposedType;
      |                                                                          ~~~~~~^~~~~~~~~~~~
In file included from /usr/include/eigen3/Eigen/Core:161,
                 from /usr/include/eigen3/Eigen/LU:11,
                 from /home/ambushee/wil_project/thirdparty/ORB_SLAM3/Thirdparty/Sophus/sophus/so2.hpp:12,
                 from /home/ambushee/wil_project/thirdparty/ORB_SLAM3/Thirdparty/Sophus/sophus/se2.hpp:7,
                 from /home/ambushee/wil_project/thirdparty/ORB_SLAM3/Thirdparty/Sophus/sophus/geometry.hpp:7,
                 from /home/ambushee/wil_project/thirdparty/ORB_SLAM3/include/Frame.h:28,
                 from /home/ambushee/wil_project/thirdparty/ORB_SLAM3/include/KeyFrame.h:28,
                 from /home/ambushee/wil_project/thirdparty/ORB_SLAM3/include/MapPoint.h:23,
                 from /home/ambushee/wil_project/thirdparty/ORB_SLAM3/include/FrameDrawer.h:24,
                 from /home/ambushee/wil_project/thirdparty/ORB_SLAM3/include/Viewer.h:23,
                 from /home/ambushee/wil_project/thirdparty/ORB_SLAM3/include/Tracking.h:26,
                 from /home/ambushee/wil_project/thirdparty/ORB_SLAM3/src/Tracking.cc:20:
/usr/include/eigen3/Eigen/src/Core/util/Constants.h:167:37: note: declared here
  167 | EIGEN_DEPRECATED const unsigned int AlignedBit = 0x80;
      |                                     ^~~~~~~~~~
In file included from /home/ambushee/wil_project/thirdparty/ORB_SLAM3/Thirdparty/g2o/g2o/types/types_six_dof_expmap.h:38,
                 from /home/ambushee/wil_project/thirdparty/ORB_SLAM3/include/Converter.h:26,
                 from /home/ambushee/wil_project/thirdparty/ORB_SLAM3/include/Frame.h:33,
                 from /home/ambushee/wil_project/thirdparty/ORB_SLAM3/include/KeyFrame.h:28,
                 from /home/ambushee/wil_project/thirdparty/ORB_SLAM3/include/MapPoint.h:23,
                 from /home/ambushee/wil_project/thirdparty/ORB_SLAM3/include/Map.h:23,
                 from /home/ambushee/wil_project/thirdparty/ORB_SLAM3/include/Optimizer.h:23,
                 from /home/ambushee/wil_project/thirdparty/ORB_SLAM3/src/Optimizer.cc:20:
/home/ambushee/wil_project/thirdparty/ORB_SLAM3/Thirdparty/g2o/g2o/types/../core/base_binary_edge.h: In instantiation of ‘class g2o::BaseBinaryEdge<2, Eigen::Matrix<double, 2, 1>, g2o::VertexSBAPointXYZ, g2o::VertexSE3Expmap>’:
/home/ambushee/wil_project/thirdparty/ORB_SLAM3/Thirdparty/g2o/g2o/types/types_six_dof_expmap.h:114:35:   required from here
/home/ambushee/wil_project/thirdparty/ORB_SLAM3/Thirdparty/g2o/g2o/types/../core/base_binary_edge.h:59:80: warning: ‘Eigen::AlignedBit’ is deprecated [-Wdeprecated-declarations]
   59 |       typedef Eigen::Map<Matrix<double, Di, Dj>, Matrix<double, Di, Dj>::Flags & AlignedBit ? Aligned : Unaligned > HessianBlockType;
      |                                                                          ~~~~~~^~~~~~~~~~~~
In file included from /usr/include/eigen3/Eigen/Core:161,
                 from /usr/include/eigen3/Eigen/LU:11,
                 from /home/ambushee/wil_project/thirdparty/ORB_SLAM3/Thirdparty/Sophus/sophus/so2.hpp:12,
                 from /home/ambushee/wil_project/thirdparty/ORB_SLAM3/Thirdparty/Sophus/sophus/se2.hpp:7,
                 from /home/ambushee/wil_project/thirdparty/ORB_SLAM3/Thirdparty/Sophus/sophus/geometry.hpp:7,
                 from /home/ambushee/wil_project/thirdparty/ORB_SLAM3/include/Frame.h:28,
                 from /home/ambushee/wil_project/thirdparty/ORB_SLAM3/include/KeyFrame.h:28,
                 from /home/ambushee/wil_project/thirdparty/ORB_SLAM3/include/MapPoint.h:23,
                 from /home/ambushee/wil_project/thirdparty/ORB_SLAM3/include/Map.h:23,
                 from /home/ambushee/wil_project/thirdparty/ORB_SLAM3/include/Optimizer.h:23,
                 from /home/ambushee/wil_project/thirdparty/ORB_SLAM3/src/Optimizer.cc:20:
/usr/include/eigen3/Eigen/src/Core/util/Constants.h:167:37: note: declared here
  167 | EIGEN_DEPRECATED const unsigned int AlignedBit = 0x80;
      |                                     ^~~~~~~~~~
In file included from /home/ambushee/wil_project/thirdparty/ORB_SLAM3/Thirdparty/g2o/g2o/types/types_six_dof_expmap.h:38,
                 from /home/ambushee/wil_project/thirdparty/ORB_SLAM3/include/Converter.h:26,
                 from /home/ambushee/wil_project/thirdparty/ORB_SLAM3/include/Frame.h:33,
                 from /home/ambushee/wil_project/thirdparty/ORB_SLAM3/include/KeyFrame.h:28,
                 from /home/ambushee/wil_project/thirdparty/ORB_SLAM3/include/MapPoint.h:23,
                 from /home/ambushee/wil_project/thirdparty/ORB_SLAM3/include/Map.h:23,
                 from /home/ambushee/wil_project/thirdparty/ORB_SLAM3/include/Optimizer.h:23,
                 from /home/ambushee/wil_project/thirdparty/ORB_SLAM3/src/Optimizer.cc:20:
/home/ambushee/wil_project/thirdparty/ORB_SLAM3/Thirdparty/g2o/g2o/types/../core/base_binary_edge.h:60:80: warning: ‘Eigen::AlignedBit’ is deprecated [-Wdeprecated-declarations]
   60 |       typedef Eigen::Map<Matrix<double, Dj, Di>, Matrix<double, Dj, Di>::Flags & AlignedBit ? Aligned : Unaligned > HessianBlockTransposedType;
      |                                                                          ~~~~~~^~~~~~~~~~~~
In file included from /usr/include/eigen3/Eigen/Core:161,
                 from /usr/include/eigen3/Eigen/LU:11,
                 from /home/ambushee/wil_project/thirdparty/ORB_SLAM3/Thirdparty/Sophus/sophus/so2.hpp:12,
                 from /home/ambushee/wil_project/thirdparty/ORB_SLAM3/Thirdparty/Sophus/sophus/se2.hpp:7,
                 from /home/ambushee/wil_project/thirdparty/ORB_SLAM3/Thirdparty/Sophus/sophus/geometry.hpp:7,
                 from /home/ambushee/wil_project/thirdparty/ORB_SLAM3/include/Frame.h:28,
                 from /home/ambushee/wil_project/thirdparty/ORB_SLAM3/include/KeyFrame.h:28,
                 from /home/ambushee/wil_project/thirdparty/ORB_SLAM3/include/MapPoint.h:23,
                 from /home/ambushee/wil_project/thirdparty/ORB_SLAM3/include/Map.h:23,
                 from /home/ambushee/wil_project/thirdparty/ORB_SLAM3/include/Optimizer.h:23,
                 from /home/ambushee/wil_project/thirdparty/ORB_SLAM3/src/Optimizer.cc:20:
/usr/include/eigen3/Eigen/src/Core/util/Constants.h:167:37: note: declared here
  167 | EIGEN_DEPRECATED const unsigned int AlignedBit = 0x80;
      |                                     ^~~~~~~~~~
In file included from /home/ambushee/wil_project/thirdparty/ORB_SLAM3/Thirdparty/g2o/g2o/types/types_six_dof_expmap.h:38,
                 from /home/ambushee/wil_project/thirdparty/ORB_SLAM3/include/Converter.h:26,
                 from /home/ambushee/wil_project/thirdparty/ORB_SLAM3/include/Frame.h:33,
                 from /home/ambushee/wil_project/thirdparty/ORB_SLAM3/include/KeyFrame.h:28,
                 from /home/ambushee/wil_project/thirdparty/ORB_SLAM3/include/MapPoint.h:23,
                 from /home/ambushee/wil_project/thirdparty/ORB_SLAM3/include/Map.h:23,
                 from /home/ambushee/wil_project/thirdparty/ORB_SLAM3/include/Atlas.h:22,
                 from /home/ambushee/wil_project/thirdparty/ORB_SLAM3/include/Tracking.h:28,
                 from /home/ambushee/wil_project/thirdparty/ORB_SLAM3/include/FrameDrawer.h:23,
                 from /home/ambushee/wil_project/thirdparty/ORB_SLAM3/include/Viewer.h:23,
                 from /home/ambushee/wil_project/thirdparty/ORB_SLAM3/src/Viewer.cc:20:
/home/ambushee/wil_project/thirdparty/ORB_SLAM3/Thirdparty/g2o/g2o/types/../core/base_binary_edge.h: In instantiation of ‘class g2o::BaseBinaryEdge<3, Eigen::Matrix<double, 3, 1>, g2o::VertexSBAPointXYZ, g2o::VertexSE3Expmap>’:
/home/ambushee/wil_project/thirdparty/ORB_SLAM3/Thirdparty/g2o/g2o/types/types_six_dof_expmap.h:146:41:   required from here
/home/ambushee/wil_project/thirdparty/ORB_SLAM3/Thirdparty/g2o/g2o/types/../core/base_binary_edge.h:59:80: warning: ‘Eigen::AlignedBit’ is deprecated [-Wdeprecated-declarations]
   59 |       typedef Eigen::Map<Matrix<double, Di, Dj>, Matrix<double, Di, Dj>::Flags & AlignedBit ? Aligned : Unaligned > HessianBlockType;
      |                                                                          ~~~~~~^~~~~~~~~~~~
In file included from /usr/include/eigen3/Eigen/Core:161,
                 from /usr/include/eigen3/Eigen/LU:11,
                 from /home/ambushee/wil_project/thirdparty/ORB_SLAM3/Thirdparty/Sophus/sophus/so2.hpp:12,
                 from /home/ambushee/wil_project/thirdparty/ORB_SLAM3/Thirdparty/Sophus/sophus/se2.hpp:7,
                 from /home/ambushee/wil_project/thirdparty/ORB_SLAM3/Thirdparty/Sophus/sophus/geometry.hpp:7,
                 from /home/ambushee/wil_project/thirdparty/ORB_SLAM3/include/Frame.h:28,
                 from /home/ambushee/wil_project/thirdparty/ORB_SLAM3/include/KeyFrame.h:28,
                 from /home/ambushee/wil_project/thirdparty/ORB_SLAM3/include/MapPoint.h:23,
                 from /home/ambushee/wil_project/thirdparty/ORB_SLAM3/include/Map.h:23,
                 from /home/ambushee/wil_project/thirdparty/ORB_SLAM3/include/Atlas.h:22,
                 from /home/ambushee/wil_project/thirdparty/ORB_SLAM3/include/Tracking.h:28,
                 from /home/ambushee/wil_project/thirdparty/ORB_SLAM3/include/FrameDrawer.h:23,
                 from /home/ambushee/wil_project/thirdparty/ORB_SLAM3/include/Viewer.h:23,
                 from /home/ambushee/wil_project/thirdparty/ORB_SLAM3/src/Viewer.cc:20:
/usr/include/eigen3/Eigen/src/Core/util/Constants.h:167:37: note: declared here
  167 | EIGEN_DEPRECATED const unsigned int AlignedBit = 0x80;
      |                                     ^~~~~~~~~~
In file included from /home/ambushee/wil_project/thirdparty/ORB_SLAM3/Thirdparty/g2o/g2o/types/types_six_dof_expmap.h:38,
                 from /home/ambushee/wil_project/thirdparty/ORB_SLAM3/include/Converter.h:26,
                 from /home/ambushee/wil_project/thirdparty/ORB_SLAM3/include/Frame.h:33,
                 from /home/ambushee/wil_project/thirdparty/ORB_SLAM3/include/KeyFrame.h:28,
                 from /home/ambushee/wil_project/thirdparty/ORB_SLAM3/include/MapPoint.h:23,
                 from /home/ambushee/wil_project/thirdparty/ORB_SLAM3/include/Map.h:23,
                 from /home/ambushee/wil_project/thirdparty/ORB_SLAM3/include/Atlas.h:22,
                 from /home/ambushee/wil_project/thirdparty/ORB_SLAM3/include/Tracking.h:28,
                 from /home/ambushee/wil_project/thirdparty/ORB_SLAM3/include/FrameDrawer.h:23,
                 from /home/ambushee/wil_project/thirdparty/ORB_SLAM3/include/Viewer.h:23,
                 from /home/ambushee/wil_project/thirdparty/ORB_SLAM3/src/Viewer.cc:20:
/home/ambushee/wil_project/thirdparty/ORB_SLAM3/Thirdparty/g2o/g2o/types/../core/base_binary_edge.h:60:80: warning: ‘Eigen::AlignedBit’ is deprecated [-Wdeprecated-declarations]
   60 |       typedef Eigen::Map<Matrix<double, Dj, Di>, Matrix<double, Dj, Di>::Flags & AlignedBit ? Aligned : Unaligned > HessianBlockTransposedType;
      |                                                                          ~~~~~~^~~~~~~~~~~~
In file included from /usr/include/eigen3/Eigen/Core:161,
                 from /usr/include/eigen3/Eigen/LU:11,
                 from /home/ambushee/wil_project/thirdparty/ORB_SLAM3/Thirdparty/Sophus/sophus/so2.hpp:12,
                 from /home/ambushee/wil_project/thirdparty/ORB_SLAM3/Thirdparty/Sophus/sophus/se2.hpp:7,
                 from /home/ambushee/wil_project/thirdparty/ORB_SLAM3/Thirdparty/Sophus/sophus/geometry.hpp:7,
                 from /home/ambushee/wil_project/thirdparty/ORB_SLAM3/include/Frame.h:28,
                 from /home/ambushee/wil_project/thirdparty/ORB_SLAM3/include/KeyFrame.h:28,
                 from /home/ambushee/wil_project/thirdparty/ORB_SLAM3/include/MapPoint.h:23,
                 from /home/ambushee/wil_project/thirdparty/ORB_SLAM3/include/Map.h:23,
                 from /home/ambushee/wil_project/thirdparty/ORB_SLAM3/include/Atlas.h:22,
                 from /home/ambushee/wil_project/thirdparty/ORB_SLAM3/include/Tracking.h:28,
                 from /home/ambushee/wil_project/thirdparty/ORB_SLAM3/include/FrameDrawer.h:23,
                 from /home/ambushee/wil_project/thirdparty/ORB_SLAM3/include/Viewer.h:23,
                 from /home/ambushee/wil_project/thirdparty/ORB_SLAM3/src/Viewer.cc:20:
/usr/include/eigen3/Eigen/src/Core/util/Constants.h:167:37: note: declared here
  167 | EIGEN_DEPRECATED const unsigned int AlignedBit = 0x80;
      |                                     ^~~~~~~~~~
In file included from /home/ambushee/wil_project/thirdparty/ORB_SLAM3/Thirdparty/g2o/g2o/types/types_six_dof_expmap.h:38,
                 from /home/ambushee/wil_project/thirdparty/ORB_SLAM3/include/Converter.h:26,
                 from /home/ambushee/wil_project/thirdparty/ORB_SLAM3/include/Frame.h:33,
                 from /home/ambushee/wil_project/thirdparty/ORB_SLAM3/include/KeyFrame.h:28,
                 from /home/ambushee/wil_project/thirdparty/ORB_SLAM3/include/MapPoint.h:23,
                 from /home/ambushee/wil_project/thirdparty/ORB_SLAM3/include/FrameDrawer.h:24,
                 from /home/ambushee/wil_project/thirdparty/ORB_SLAM3/include/Viewer.h:23,
                 from /home/ambushee/wil_project/thirdparty/ORB_SLAM3/include/Tracking.h:26,
                 from /home/ambushee/wil_project/thirdparty/ORB_SLAM3/src/Tracking.cc:20:
/home/ambushee/wil_project/thirdparty/ORB_SLAM3/Thirdparty/g2o/g2o/types/../core/base_binary_edge.h: In instantiation of ‘class g2o::BaseBinaryEdge<3, Eigen::Matrix<double, 3, 1>, g2o::VertexSBAPointXYZ, g2o::VertexSE3Expmap>’:
/home/ambushee/wil_project/thirdparty/ORB_SLAM3/Thirdparty/g2o/g2o/types/types_six_dof_expmap.h:146:41:   required from here
/home/ambushee/wil_project/thirdparty/ORB_SLAM3/Thirdparty/g2o/g2o/types/../core/base_binary_edge.h:59:80: warning: ‘Eigen::AlignedBit’ is deprecated [-Wdeprecated-declarations]
   59 |       typedef Eigen::Map<Matrix<double, Di, Dj>, Matrix<double, Di, Dj>::Flags & AlignedBit ? Aligned : Unaligned > HessianBlockType;
      |                                                                          ~~~~~~^~~~~~~~~~~~
In file included from /usr/include/eigen3/Eigen/Core:161,
                 from /usr/include/eigen3/Eigen/LU:11,
                 from /home/ambushee/wil_project/thirdparty/ORB_SLAM3/Thirdparty/Sophus/sophus/so2.hpp:12,
                 from /home/ambushee/wil_project/thirdparty/ORB_SLAM3/Thirdparty/Sophus/sophus/se2.hpp:7,
                 from /home/ambushee/wil_project/thirdparty/ORB_SLAM3/Thirdparty/Sophus/sophus/geometry.hpp:7,
                 from /home/ambushee/wil_project/thirdparty/ORB_SLAM3/include/Frame.h:28,
                 from /home/ambushee/wil_project/thirdparty/ORB_SLAM3/include/KeyFrame.h:28,
                 from /home/ambushee/wil_project/thirdparty/ORB_SLAM3/include/MapPoint.h:23,
                 from /home/ambushee/wil_project/thirdparty/ORB_SLAM3/include/FrameDrawer.h:24,
                 from /home/ambushee/wil_project/thirdparty/ORB_SLAM3/include/Viewer.h:23,
                 from /home/ambushee/wil_project/thirdparty/ORB_SLAM3/include/Tracking.h:26,
                 from /home/ambushee/wil_project/thirdparty/ORB_SLAM3/src/Tracking.cc:20:
/usr/include/eigen3/Eigen/src/Core/util/Constants.h:167:37: note: declared here
  167 | EIGEN_DEPRECATED const unsigned int AlignedBit = 0x80;
      |                                     ^~~~~~~~~~
In file included from /home/ambushee/wil_project/thirdparty/ORB_SLAM3/Thirdparty/g2o/g2o/types/types_six_dof_expmap.h:38,
                 from /home/ambushee/wil_project/thirdparty/ORB_SLAM3/include/Converter.h:26,
                 from /home/ambushee/wil_project/thirdparty/ORB_SLAM3/include/Frame.h:33,
                 from /home/ambushee/wil_project/thirdparty/ORB_SLAM3/include/KeyFrame.h:28,
                 from /home/ambushee/wil_project/thirdparty/ORB_SLAM3/include/MapPoint.h:23,
                 from /home/ambushee/wil_project/thirdparty/ORB_SLAM3/include/FrameDrawer.h:24,
                 from /home/ambushee/wil_project/thirdparty/ORB_SLAM3/include/Viewer.h:23,
                 from /home/ambushee/wil_project/thirdparty/ORB_SLAM3/include/Tracking.h:26,
                 from /home/ambushee/wil_project/thirdparty/ORB_SLAM3/src/Tracking.cc:20:
/home/ambushee/wil_project/thirdparty/ORB_SLAM3/Thirdparty/g2o/g2o/types/../core/base_binary_edge.h:60:80: warning: ‘Eigen::AlignedBit’ is deprecated [-Wdeprecated-declarations]
   60 |       typedef Eigen::Map<Matrix<double, Dj, Di>, Matrix<double, Dj, Di>::Flags & AlignedBit ? Aligned : Unaligned > HessianBlockTransposedType;
      |                                                                          ~~~~~~^~~~~~~~~~~~
In file included from /usr/include/eigen3/Eigen/Core:161,
                 from /usr/include/eigen3/Eigen/LU:11,
                 from /home/ambushee/wil_project/thirdparty/ORB_SLAM3/Thirdparty/Sophus/sophus/so2.hpp:12,
                 from /home/ambushee/wil_project/thirdparty/ORB_SLAM3/Thirdparty/Sophus/sophus/se2.hpp:7,
                 from /home/ambushee/wil_project/thirdparty/ORB_SLAM3/Thirdparty/Sophus/sophus/geometry.hpp:7,
                 from /home/ambushee/wil_project/thirdparty/ORB_SLAM3/include/Frame.h:28,
                 from /home/ambushee/wil_project/thirdparty/ORB_SLAM3/include/KeyFrame.h:28,
                 from /home/ambushee/wil_project/thirdparty/ORB_SLAM3/include/MapPoint.h:23,
                 from /home/ambushee/wil_project/thirdparty/ORB_SLAM3/include/FrameDrawer.h:24,
                 from /home/ambushee/wil_project/thirdparty/ORB_SLAM3/include/Viewer.h:23,
                 from /home/ambushee/wil_project/thirdparty/ORB_SLAM3/include/Tracking.h:26,
                 from /home/ambushee/wil_project/thirdparty/ORB_SLAM3/src/Tracking.cc:20:
/usr/include/eigen3/Eigen/src/Core/util/Constants.h:167:37: note: declared here
  167 | EIGEN_DEPRECATED const unsigned int AlignedBit = 0x80;
      |                                     ^~~~~~~~~~
In file included from /home/ambushee/wil_project/thirdparty/ORB_SLAM3/Thirdparty/g2o/g2o/types/types_six_dof_expmap.h:38,
                 from /home/ambushee/wil_project/thirdparty/ORB_SLAM3/include/Converter.h:26,
                 from /home/ambushee/wil_project/thirdparty/ORB_SLAM3/include/Frame.h:33,
                 from /home/ambushee/wil_project/thirdparty/ORB_SLAM3/include/KeyFrame.h:28,
                 from /home/ambushee/wil_project/thirdparty/ORB_SLAM3/include/MapPoint.h:23,
                 from /home/ambushee/wil_project/thirdparty/ORB_SLAM3/include/Map.h:23,
                 from /home/ambushee/wil_project/thirdparty/ORB_SLAM3/include/Optimizer.h:23,
                 from /home/ambushee/wil_project/thirdparty/ORB_SLAM3/src/Optimizer.cc:20:
/home/ambushee/wil_project/thirdparty/ORB_SLAM3/Thirdparty/g2o/g2o/types/../core/base_binary_edge.h: In instantiation of ‘class g2o::BaseBinaryEdge<3, Eigen::Matrix<double, 3, 1>, g2o::VertexSBAPointXYZ, g2o::VertexSE3Expmap>’:
/home/ambushee/wil_project/thirdparty/ORB_SLAM3/Thirdparty/g2o/g2o/types/types_six_dof_expmap.h:146:41:   required from here
/home/ambushee/wil_project/thirdparty/ORB_SLAM3/Thirdparty/g2o/g2o/types/../core/base_binary_edge.h:59:80: warning: ‘Eigen::AlignedBit’ is deprecated [-Wdeprecated-declarations]
   59 |       typedef Eigen::Map<Matrix<double, Di, Dj>, Matrix<double, Di, Dj>::Flags & AlignedBit ? Aligned : Unaligned > HessianBlockType;
      |                                                                          ~~~~~~^~~~~~~~~~~~
In file included from /usr/include/eigen3/Eigen/Core:161,
                 from /usr/include/eigen3/Eigen/LU:11,
                 from /home/ambushee/wil_project/thirdparty/ORB_SLAM3/Thirdparty/Sophus/sophus/so2.hpp:12,
                 from /home/ambushee/wil_project/thirdparty/ORB_SLAM3/Thirdparty/Sophus/sophus/se2.hpp:7,
                 from /home/ambushee/wil_project/thirdparty/ORB_SLAM3/Thirdparty/Sophus/sophus/geometry.hpp:7,
                 from /home/ambushee/wil_project/thirdparty/ORB_SLAM3/include/Frame.h:28,
                 from /home/ambushee/wil_project/thirdparty/ORB_SLAM3/include/KeyFrame.h:28,
                 from /home/ambushee/wil_project/thirdparty/ORB_SLAM3/include/MapPoint.h:23,
                 from /home/ambushee/wil_project/thirdparty/ORB_SLAM3/include/Map.h:23,
                 from /home/ambushee/wil_project/thirdparty/ORB_SLAM3/include/Optimizer.h:23,
                 from /home/ambushee/wil_project/thirdparty/ORB_SLAM3/src/Optimizer.cc:20:
/usr/include/eigen3/Eigen/src/Core/util/Constants.h:167:37: note: declared here
  167 | EIGEN_DEPRECATED const unsigned int AlignedBit = 0x80;
      |                                     ^~~~~~~~~~
In file included from /home/ambushee/wil_project/thirdparty/ORB_SLAM3/Thirdparty/g2o/g2o/types/types_six_dof_expmap.h:38,
                 from /home/ambushee/wil_project/thirdparty/ORB_SLAM3/include/Converter.h:26,
                 from /home/ambushee/wil_project/thirdparty/ORB_SLAM3/include/Frame.h:33,
                 from /home/ambushee/wil_project/thirdparty/ORB_SLAM3/include/KeyFrame.h:28,
                 from /home/ambushee/wil_project/thirdparty/ORB_SLAM3/include/MapPoint.h:23,
                 from /home/ambushee/wil_project/thirdparty/ORB_SLAM3/include/Map.h:23,
                 from /home/ambushee/wil_project/thirdparty/ORB_SLAM3/include/Optimizer.h:23,
                 from /home/ambushee/wil_project/thirdparty/ORB_SLAM3/src/Optimizer.cc:20:
/home/ambushee/wil_project/thirdparty/ORB_SLAM3/Thirdparty/g2o/g2o/types/../core/base_binary_edge.h:60:80: warning: ‘Eigen::AlignedBit’ is deprecated [-Wdeprecated-declarations]
   60 |       typedef Eigen::Map<Matrix<double, Dj, Di>, Matrix<double, Dj, Di>::Flags & AlignedBit ? Aligned : Unaligned > HessianBlockTransposedType;
      |                                                                          ~~~~~~^~~~~~~~~~~~
In file included from /usr/include/eigen3/Eigen/Core:161,
                 from /usr/include/eigen3/Eigen/LU:11,
                 from /home/ambushee/wil_project/thirdparty/ORB_SLAM3/Thirdparty/Sophus/sophus/so2.hpp:12,
                 from /home/ambushee/wil_project/thirdparty/ORB_SLAM3/Thirdparty/Sophus/sophus/se2.hpp:7,
                 from /home/ambushee/wil_project/thirdparty/ORB_SLAM3/Thirdparty/Sophus/sophus/geometry.hpp:7,
                 from /home/ambushee/wil_project/thirdparty/ORB_SLAM3/include/Frame.h:28,
                 from /home/ambushee/wil_project/thirdparty/ORB_SLAM3/include/KeyFrame.h:28,
                 from /home/ambushee/wil_project/thirdparty/ORB_SLAM3/include/MapPoint.h:23,
                 from /home/ambushee/wil_project/thirdparty/ORB_SLAM3/include/Map.h:23,
                 from /home/ambushee/wil_project/thirdparty/ORB_SLAM3/include/Optimizer.h:23,
                 from /home/ambushee/wil_project/thirdparty/ORB_SLAM3/src/Optimizer.cc:20:
/usr/include/eigen3/Eigen/src/Core/util/Constants.h:167:37: note: declared here
  167 | EIGEN_DEPRECATED const unsigned int AlignedBit = 0x80;
      |                                     ^~~~~~~~~~
In file included from /home/ambushee/wil_project/thirdparty/ORB_SLAM3/include/G2oTypes.h:25,
                 from /home/ambushee/wil_project/thirdparty/ORB_SLAM3/src/Frame.cc:21:
/home/ambushee/wil_project/thirdparty/ORB_SLAM3/Thirdparty/g2o/g2o/core/base_multi_edge.h:69:54: warning: ‘Eigen::AlignedBit’ is deprecated [-Wdeprecated-declarations]
   69 |       typedef Eigen::Map<MatrixXd, MatrixXd::Flags & AlignedBit ? Aligned : Unaligned > HessianBlockType;
      |                                                      ^~~~~~~~~~
In file included from /usr/include/eigen3/Eigen/Core:161,
                 from /usr/include/eigen3/Eigen/LU:11,
                 from /home/ambushee/wil_project/thirdparty/ORB_SLAM3/Thirdparty/Sophus/sophus/so2.hpp:12,
                 from /home/ambushee/wil_project/thirdparty/ORB_SLAM3/Thirdparty/Sophus/sophus/se2.hpp:7,
                 from /home/ambushee/wil_project/thirdparty/ORB_SLAM3/Thirdparty/Sophus/sophus/geometry.hpp:7,
                 from /home/ambushee/wil_project/thirdparty/ORB_SLAM3/include/Frame.h:28,
                 from /home/ambushee/wil_project/thirdparty/ORB_SLAM3/src/Frame.cc:19:
/usr/include/eigen3/Eigen/src/Core/util/Constants.h:167:37: note: declared here
  167 | EIGEN_DEPRECATED const unsigned int AlignedBit = 0x80;
      |                                     ^~~~~~~~~~
In file included from /home/ambushee/wil_project/thirdparty/ORB_SLAM3/Thirdparty/g2o/g2o/types/types_six_dof_expmap.h:37,
                 from /home/ambushee/wil_project/thirdparty/ORB_SLAM3/include/Converter.h:26,
                 from /home/ambushee/wil_project/thirdparty/ORB_SLAM3/include/Frame.h:33,
                 from /home/ambushee/wil_project/thirdparty/ORB_SLAM3/include/KeyFrame.h:28,
                 from /home/ambushee/wil_project/thirdparty/ORB_SLAM3/include/MapPoint.h:23,
                 from /home/ambushee/wil_project/thirdparty/ORB_SLAM3/include/Map.h:23,
                 from /home/ambushee/wil_project/thirdparty/ORB_SLAM3/include/Atlas.h:22,
                 from /home/ambushee/wil_project/thirdparty/ORB_SLAM3/include/Tracking.h:28,
                 from /home/ambushee/wil_project/thirdparty/ORB_SLAM3/include/FrameDrawer.h:23,
                 from /home/ambushee/wil_project/thirdparty/ORB_SLAM3/include/Viewer.h:23,
                 from /home/ambushee/wil_project/thirdparty/ORB_SLAM3/src/Viewer.cc:20:
/home/ambushee/wil_project/thirdparty/ORB_SLAM3/Thirdparty/g2o/g2o/types/../core/base_vertex.h: In instantiation of ‘class g2o::BaseVertex<7, g2o::Sim3>’:
/home/ambushee/wil_project/thirdparty/ORB_SLAM3/Thirdparty/g2o/g2o/types/types_seven_dof_expmap.h:48:35:   required from here
/home/ambushee/wil_project/thirdparty/ORB_SLAM3/Thirdparty/g2o/g2o/types/../core/base_vertex.h:62:72: warning: ‘Eigen::AlignedBit’ is deprecated [-Wdeprecated-declarations]
   62 |     typedef Eigen::Map<Matrix<double, D, D>, Matrix<double,D,D>::Flags & AlignedBit ? Aligned : Unaligned >  HessianBlockType;
      |                                                                  ~~~~~~^~~~~~~~~~~~
In file included from /usr/include/eigen3/Eigen/Core:161,
                 from /usr/include/eigen3/Eigen/LU:11,
                 from /home/ambushee/wil_project/thirdparty/ORB_SLAM3/Thirdparty/Sophus/sophus/so2.hpp:12,
                 from /home/ambushee/wil_project/thirdparty/ORB_SLAM3/Thirdparty/Sophus/sophus/se2.hpp:7,
                 from /home/ambushee/wil_project/thirdparty/ORB_SLAM3/Thirdparty/Sophus/sophus/geometry.hpp:7,
                 from /home/ambushee/wil_project/thirdparty/ORB_SLAM3/include/Frame.h:28,
                 from /home/ambushee/wil_project/thirdparty/ORB_SLAM3/include/KeyFrame.h:28,
                 from /home/ambushee/wil_project/thirdparty/ORB_SLAM3/include/MapPoint.h:23,
                 from /home/ambushee/wil_project/thirdparty/ORB_SLAM3/include/Map.h:23,
                 from /home/ambushee/wil_project/thirdparty/ORB_SLAM3/include/Atlas.h:22,
                 from /home/ambushee/wil_project/thirdparty/ORB_SLAM3/include/Tracking.h:28,
                 from /home/ambushee/wil_project/thirdparty/ORB_SLAM3/include/FrameDrawer.h:23,
                 from /home/ambushee/wil_project/thirdparty/ORB_SLAM3/include/Viewer.h:23,
                 from /home/ambushee/wil_project/thirdparty/ORB_SLAM3/src/Viewer.cc:20:
/usr/include/eigen3/Eigen/src/Core/util/Constants.h:167:37: note: declared here
  167 | EIGEN_DEPRECATED const unsigned int AlignedBit = 0x80;
      |                                     ^~~~~~~~~~
In file included from /home/ambushee/wil_project/thirdparty/ORB_SLAM3/Thirdparty/g2o/g2o/types/types_six_dof_expmap.h:37,
                 from /home/ambushee/wil_project/thirdparty/ORB_SLAM3/include/Converter.h:26,
                 from /home/ambushee/wil_project/thirdparty/ORB_SLAM3/include/Frame.h:33,
                 from /home/ambushee/wil_project/thirdparty/ORB_SLAM3/include/KeyFrame.h:28,
                 from /home/ambushee/wil_project/thirdparty/ORB_SLAM3/include/MapPoint.h:23,
                 from /home/ambushee/wil_project/thirdparty/ORB_SLAM3/include/FrameDrawer.h:24,
                 from /home/ambushee/wil_project/thirdparty/ORB_SLAM3/include/Viewer.h:23,
                 from /home/ambushee/wil_project/thirdparty/ORB_SLAM3/include/Tracking.h:26,
                 from /home/ambushee/wil_project/thirdparty/ORB_SLAM3/src/Tracking.cc:20:
/home/ambushee/wil_project/thirdparty/ORB_SLAM3/Thirdparty/g2o/g2o/types/../core/base_vertex.h: In instantiation of ‘class g2o::BaseVertex<7, g2o::Sim3>’:
/home/ambushee/wil_project/thirdparty/ORB_SLAM3/Thirdparty/g2o/g2o/types/types_seven_dof_expmap.h:48:35:   required from here
/home/ambushee/wil_project/thirdparty/ORB_SLAM3/Thirdparty/g2o/g2o/types/../core/base_vertex.h:62:72: warning: ‘Eigen::AlignedBit’ is deprecated [-Wdeprecated-declarations]
   62 |     typedef Eigen::Map<Matrix<double, D, D>, Matrix<double,D,D>::Flags & AlignedBit ? Aligned : Unaligned >  HessianBlockType;
      |                                                                  ~~~~~~^~~~~~~~~~~~
In file included from /usr/include/eigen3/Eigen/Core:161,
                 from /usr/include/eigen3/Eigen/LU:11,
                 from /home/ambushee/wil_project/thirdparty/ORB_SLAM3/Thirdparty/Sophus/sophus/so2.hpp:12,
                 from /home/ambushee/wil_project/thirdparty/ORB_SLAM3/Thirdparty/Sophus/sophus/se2.hpp:7,
                 from /home/ambushee/wil_project/thirdparty/ORB_SLAM3/Thirdparty/Sophus/sophus/geometry.hpp:7,
                 from /home/ambushee/wil_project/thirdparty/ORB_SLAM3/include/Frame.h:28,
                 from /home/ambushee/wil_project/thirdparty/ORB_SLAM3/include/KeyFrame.h:28,
                 from /home/ambushee/wil_project/thirdparty/ORB_SLAM3/include/MapPoint.h:23,
                 from /home/ambushee/wil_project/thirdparty/ORB_SLAM3/include/FrameDrawer.h:24,
                 from /home/ambushee/wil_project/thirdparty/ORB_SLAM3/include/Viewer.h:23,
                 from /home/ambushee/wil_project/thirdparty/ORB_SLAM3/include/Tracking.h:26,
                 from /home/ambushee/wil_project/thirdparty/ORB_SLAM3/src/Tracking.cc:20:
/usr/include/eigen3/Eigen/src/Core/util/Constants.h:167:37: note: declared here
  167 | EIGEN_DEPRECATED const unsigned int AlignedBit = 0x80;
      |                                     ^~~~~~~~~~
In file included from /home/ambushee/wil_project/thirdparty/ORB_SLAM3/Thirdparty/g2o/g2o/types/types_six_dof_expmap.h:38,
                 from /home/ambushee/wil_project/thirdparty/ORB_SLAM3/include/Converter.h:26,
                 from /home/ambushee/wil_project/thirdparty/ORB_SLAM3/include/Frame.h:33,
                 from /home/ambushee/wil_project/thirdparty/ORB_SLAM3/include/KeyFrame.h:28,
                 from /home/ambushee/wil_project/thirdparty/ORB_SLAM3/include/MapPoint.h:23,
                 from /home/ambushee/wil_project/thirdparty/ORB_SLAM3/include/Map.h:23,
                 from /home/ambushee/wil_project/thirdparty/ORB_SLAM3/include/Atlas.h:22,
                 from /home/ambushee/wil_project/thirdparty/ORB_SLAM3/include/Tracking.h:28,
                 from /home/ambushee/wil_project/thirdparty/ORB_SLAM3/include/FrameDrawer.h:23,
                 from /home/ambushee/wil_project/thirdparty/ORB_SLAM3/include/Viewer.h:23,
                 from /home/ambushee/wil_project/thirdparty/ORB_SLAM3/src/Viewer.cc:20:
/home/ambushee/wil_project/thirdparty/ORB_SLAM3/Thirdparty/g2o/g2o/types/../core/base_binary_edge.h: In instantiation of ‘class g2o::BaseBinaryEdge<7, g2o::Sim3, g2o::VertexSim3Expmap, g2o::VertexSim3Expmap>’:
/home/ambushee/wil_project/thirdparty/ORB_SLAM3/Thirdparty/g2o/g2o/types/types_seven_dof_expmap.h:99:27:   required from here
/home/ambushee/wil_project/thirdparty/ORB_SLAM3/Thirdparty/g2o/g2o/types/../core/base_binary_edge.h:59:80: warning: ‘Eigen::AlignedBit’ is deprecated [-Wdeprecated-declarations]
   59 |       typedef Eigen::Map<Matrix<double, Di, Dj>, Matrix<double, Di, Dj>::Flags & AlignedBit ? Aligned : Unaligned > HessianBlockType;
      |                                                                          ~~~~~~^~~~~~~~~~~~
In file included from /usr/include/eigen3/Eigen/Core:161,
                 from /usr/include/eigen3/Eigen/LU:11,
                 from /home/ambushee/wil_project/thirdparty/ORB_SLAM3/Thirdparty/Sophus/sophus/so2.hpp:12,
                 from /home/ambushee/wil_project/thirdparty/ORB_SLAM3/Thirdparty/Sophus/sophus/se2.hpp:7,
                 from /home/ambushee/wil_project/thirdparty/ORB_SLAM3/Thirdparty/Sophus/sophus/geometry.hpp:7,
                 from /home/ambushee/wil_project/thirdparty/ORB_SLAM3/include/Frame.h:28,
                 from /home/ambushee/wil_project/thirdparty/ORB_SLAM3/include/KeyFrame.h:28,
                 from /home/ambushee/wil_project/thirdparty/ORB_SLAM3/include/MapPoint.h:23,
                 from /home/ambushee/wil_project/thirdparty/ORB_SLAM3/include/Map.h:23,
                 from /home/ambushee/wil_project/thirdparty/ORB_SLAM3/include/Atlas.h:22,
                 from /home/ambushee/wil_project/thirdparty/ORB_SLAM3/include/Tracking.h:28,
                 from /home/ambushee/wil_project/thirdparty/ORB_SLAM3/include/FrameDrawer.h:23,
                 from /home/ambushee/wil_project/thirdparty/ORB_SLAM3/include/Viewer.h:23,
                 from /home/ambushee/wil_project/thirdparty/ORB_SLAM3/src/Viewer.cc:20:
/usr/include/eigen3/Eigen/src/Core/util/Constants.h:167:37: note: declared here
  167 | EIGEN_DEPRECATED const unsigned int AlignedBit = 0x80;
      |                                     ^~~~~~~~~~
In file included from /home/ambushee/wil_project/thirdparty/ORB_SLAM3/Thirdparty/g2o/g2o/types/types_six_dof_expmap.h:38,
                 from /home/ambushee/wil_project/thirdparty/ORB_SLAM3/include/Converter.h:26,
                 from /home/ambushee/wil_project/thirdparty/ORB_SLAM3/include/Frame.h:33,
                 from /home/ambushee/wil_project/thirdparty/ORB_SLAM3/include/KeyFrame.h:28,
                 from /home/ambushee/wil_project/thirdparty/ORB_SLAM3/include/MapPoint.h:23,
                 from /home/ambushee/wil_project/thirdparty/ORB_SLAM3/include/Map.h:23,
                 from /home/ambushee/wil_project/thirdparty/ORB_SLAM3/include/Atlas.h:22,
                 from /home/ambushee/wil_project/thirdparty/ORB_SLAM3/include/Tracking.h:28,
                 from /home/ambushee/wil_project/thirdparty/ORB_SLAM3/include/FrameDrawer.h:23,
                 from /home/ambushee/wil_project/thirdparty/ORB_SLAM3/include/Viewer.h:23,
                 from /home/ambushee/wil_project/thirdparty/ORB_SLAM3/src/Viewer.cc:20:
/home/ambushee/wil_project/thirdparty/ORB_SLAM3/Thirdparty/g2o/g2o/types/../core/base_binary_edge.h:60:80: warning: ‘Eigen::AlignedBit’ is deprecated [-Wdeprecated-declarations]
   60 |       typedef Eigen::Map<Matrix<double, Dj, Di>, Matrix<double, Dj, Di>::Flags & AlignedBit ? Aligned : Unaligned > HessianBlockTransposedType;
      |                                                                          ~~~~~~^~~~~~~~~~~~
In file included from /usr/include/eigen3/Eigen/Core:161,
                 from /usr/include/eigen3/Eigen/LU:11,
                 from /home/ambushee/wil_project/thirdparty/ORB_SLAM3/Thirdparty/Sophus/sophus/so2.hpp:12,
                 from /home/ambushee/wil_project/thirdparty/ORB_SLAM3/Thirdparty/Sophus/sophus/se2.hpp:7,
                 from /home/ambushee/wil_project/thirdparty/ORB_SLAM3/Thirdparty/Sophus/sophus/geometry.hpp:7,
                 from /home/ambushee/wil_project/thirdparty/ORB_SLAM3/include/Frame.h:28,
                 from /home/ambushee/wil_project/thirdparty/ORB_SLAM3/include/KeyFrame.h:28,
                 from /home/ambushee/wil_project/thirdparty/ORB_SLAM3/include/MapPoint.h:23,
                 from /home/ambushee/wil_project/thirdparty/ORB_SLAM3/include/Map.h:23,
                 from /home/ambushee/wil_project/thirdparty/ORB_SLAM3/include/Atlas.h:22,
                 from /home/ambushee/wil_project/thirdparty/ORB_SLAM3/include/Tracking.h:28,
                 from /home/ambushee/wil_project/thirdparty/ORB_SLAM3/include/FrameDrawer.h:23,
                 from /home/ambushee/wil_project/thirdparty/ORB_SLAM3/include/Viewer.h:23,
                 from /home/ambushee/wil_project/thirdparty/ORB_SLAM3/src/Viewer.cc:20:
/usr/include/eigen3/Eigen/src/Core/util/Constants.h:167:37: note: declared here
  167 | EIGEN_DEPRECATED const unsigned int AlignedBit = 0x80;
      |                                     ^~~~~~~~~~
In file included from /home/ambushee/wil_project/thirdparty/ORB_SLAM3/Thirdparty/g2o/g2o/types/types_six_dof_expmap.h:38,
                 from /home/ambushee/wil_project/thirdparty/ORB_SLAM3/include/Converter.h:26,
                 from /home/ambushee/wil_project/thirdparty/ORB_SLAM3/include/Frame.h:33,
                 from /home/ambushee/wil_project/thirdparty/ORB_SLAM3/include/KeyFrame.h:28,
                 from /home/ambushee/wil_project/thirdparty/ORB_SLAM3/include/MapPoint.h:23,
                 from /home/ambushee/wil_project/thirdparty/ORB_SLAM3/include/FrameDrawer.h:24,
                 from /home/ambushee/wil_project/thirdparty/ORB_SLAM3/include/Viewer.h:23,
                 from /home/ambushee/wil_project/thirdparty/ORB_SLAM3/include/Tracking.h:26,
                 from /home/ambushee/wil_project/thirdparty/ORB_SLAM3/src/Tracking.cc:20:
/home/ambushee/wil_project/thirdparty/ORB_SLAM3/Thirdparty/g2o/g2o/types/../core/base_binary_edge.h: In instantiation of ‘class g2o::BaseBinaryEdge<7, g2o::Sim3, g2o::VertexSim3Expmap, g2o::VertexSim3Expmap>’:
/home/ambushee/wil_project/thirdparty/ORB_SLAM3/Thirdparty/g2o/g2o/types/types_seven_dof_expmap.h:99:27:   required from here
/home/ambushee/wil_project/thirdparty/ORB_SLAM3/Thirdparty/g2o/g2o/types/../core/base_binary_edge.h:59:80: warning: ‘Eigen::AlignedBit’ is deprecated [-Wdeprecated-declarations]
   59 |       typedef Eigen::Map<Matrix<double, Di, Dj>, Matrix<double, Di, Dj>::Flags & AlignedBit ? Aligned : Unaligned > HessianBlockType;
      |                                                                          ~~~~~~^~~~~~~~~~~~
In file included from /usr/include/eigen3/Eigen/Core:161,
                 from /usr/include/eigen3/Eigen/LU:11,
                 from /home/ambushee/wil_project/thirdparty/ORB_SLAM3/Thirdparty/Sophus/sophus/so2.hpp:12,
                 from /home/ambushee/wil_project/thirdparty/ORB_SLAM3/Thirdparty/Sophus/sophus/se2.hpp:7,
                 from /home/ambushee/wil_project/thirdparty/ORB_SLAM3/Thirdparty/Sophus/sophus/geometry.hpp:7,
                 from /home/ambushee/wil_project/thirdparty/ORB_SLAM3/include/Frame.h:28,
                 from /home/ambushee/wil_project/thirdparty/ORB_SLAM3/include/KeyFrame.h:28,
                 from /home/ambushee/wil_project/thirdparty/ORB_SLAM3/include/MapPoint.h:23,
                 from /home/ambushee/wil_project/thirdparty/ORB_SLAM3/include/FrameDrawer.h:24,
                 from /home/ambushee/wil_project/thirdparty/ORB_SLAM3/include/Viewer.h:23,
                 from /home/ambushee/wil_project/thirdparty/ORB_SLAM3/include/Tracking.h:26,
                 from /home/ambushee/wil_project/thirdparty/ORB_SLAM3/src/Tracking.cc:20:
/usr/include/eigen3/Eigen/src/Core/util/Constants.h:167:37: note: declared here
  167 | EIGEN_DEPRECATED const unsigned int AlignedBit = 0x80;
      |                                     ^~~~~~~~~~
In file included from /home/ambushee/wil_project/thirdparty/ORB_SLAM3/Thirdparty/g2o/g2o/types/types_six_dof_expmap.h:38,
                 from /home/ambushee/wil_project/thirdparty/ORB_SLAM3/include/Converter.h:26,
                 from /home/ambushee/wil_project/thirdparty/ORB_SLAM3/include/Frame.h:33,
                 from /home/ambushee/wil_project/thirdparty/ORB_SLAM3/include/KeyFrame.h:28,
                 from /home/ambushee/wil_project/thirdparty/ORB_SLAM3/include/MapPoint.h:23,
                 from /home/ambushee/wil_project/thirdparty/ORB_SLAM3/include/FrameDrawer.h:24,
                 from /home/ambushee/wil_project/thirdparty/ORB_SLAM3/include/Viewer.h:23,
                 from /home/ambushee/wil_project/thirdparty/ORB_SLAM3/include/Tracking.h:26,
                 from /home/ambushee/wil_project/thirdparty/ORB_SLAM3/src/Tracking.cc:20:
/home/ambushee/wil_project/thirdparty/ORB_SLAM3/Thirdparty/g2o/g2o/types/../core/base_binary_edge.h:60:80: warning: ‘Eigen::AlignedBit’ is deprecated [-Wdeprecated-declarations]
   60 |       typedef Eigen::Map<Matrix<double, Dj, Di>, Matrix<double, Dj, Di>::Flags & AlignedBit ? Aligned : Unaligned > HessianBlockTransposedType;
      |                                                                          ~~~~~~^~~~~~~~~~~~
In file included from /usr/include/eigen3/Eigen/Core:161,
                 from /usr/include/eigen3/Eigen/LU:11,
                 from /home/ambushee/wil_project/thirdparty/ORB_SLAM3/Thirdparty/Sophus/sophus/so2.hpp:12,
                 from /home/ambushee/wil_project/thirdparty/ORB_SLAM3/Thirdparty/Sophus/sophus/se2.hpp:7,
                 from /home/ambushee/wil_project/thirdparty/ORB_SLAM3/Thirdparty/Sophus/sophus/geometry.hpp:7,
                 from /home/ambushee/wil_project/thirdparty/ORB_SLAM3/include/Frame.h:28,
                 from /home/ambushee/wil_project/thirdparty/ORB_SLAM3/include/KeyFrame.h:28,
                 from /home/ambushee/wil_project/thirdparty/ORB_SLAM3/include/MapPoint.h:23,
                 from /home/ambushee/wil_project/thirdparty/ORB_SLAM3/include/FrameDrawer.h:24,
                 from /home/ambushee/wil_project/thirdparty/ORB_SLAM3/include/Viewer.h:23,
                 from /home/ambushee/wil_project/thirdparty/ORB_SLAM3/include/Tracking.h:26,
                 from /home/ambushee/wil_project/thirdparty/ORB_SLAM3/src/Tracking.cc:20:
/usr/include/eigen3/Eigen/src/Core/util/Constants.h:167:37: note: declared here
  167 | EIGEN_DEPRECATED const unsigned int AlignedBit = 0x80;
      |                                     ^~~~~~~~~~
In file included from /home/ambushee/wil_project/thirdparty/ORB_SLAM3/Thirdparty/g2o/g2o/types/types_six_dof_expmap.h:37,
                 from /home/ambushee/wil_project/thirdparty/ORB_SLAM3/include/Converter.h:26,
                 from /home/ambushee/wil_project/thirdparty/ORB_SLAM3/include/Frame.h:33,
                 from /home/ambushee/wil_project/thirdparty/ORB_SLAM3/include/KeyFrame.h:28,
                 from /home/ambushee/wil_project/thirdparty/ORB_SLAM3/include/MapPoint.h:23,
                 from /home/ambushee/wil_project/thirdparty/ORB_SLAM3/include/Map.h:23,
                 from /home/ambushee/wil_project/thirdparty/ORB_SLAM3/include/Optimizer.h:23,
                 from /home/ambushee/wil_project/thirdparty/ORB_SLAM3/src/Optimizer.cc:20:
/home/ambushee/wil_project/thirdparty/ORB_SLAM3/Thirdparty/g2o/g2o/types/../core/base_vertex.h: In instantiation of ‘class g2o::BaseVertex<7, g2o::Sim3>’:
/home/ambushee/wil_project/thirdparty/ORB_SLAM3/Thirdparty/g2o/g2o/types/types_seven_dof_expmap.h:48:35:   required from here
/home/ambushee/wil_project/thirdparty/ORB_SLAM3/Thirdparty/g2o/g2o/types/../core/base_vertex.h:62:72: warning: ‘Eigen::AlignedBit’ is deprecated [-Wdeprecated-declarations]
   62 |     typedef Eigen::Map<Matrix<double, D, D>, Matrix<double,D,D>::Flags & AlignedBit ? Aligned : Unaligned >  HessianBlockType;
      |                                                                  ~~~~~~^~~~~~~~~~~~
In file included from /usr/include/eigen3/Eigen/Core:161,
                 from /usr/include/eigen3/Eigen/LU:11,
                 from /home/ambushee/wil_project/thirdparty/ORB_SLAM3/Thirdparty/Sophus/sophus/so2.hpp:12,
                 from /home/ambushee/wil_project/thirdparty/ORB_SLAM3/Thirdparty/Sophus/sophus/se2.hpp:7,
                 from /home/ambushee/wil_project/thirdparty/ORB_SLAM3/Thirdparty/Sophus/sophus/geometry.hpp:7,
                 from /home/ambushee/wil_project/thirdparty/ORB_SLAM3/include/Frame.h:28,
                 from /home/ambushee/wil_project/thirdparty/ORB_SLAM3/include/KeyFrame.h:28,
                 from /home/ambushee/wil_project/thirdparty/ORB_SLAM3/include/MapPoint.h:23,
                 from /home/ambushee/wil_project/thirdparty/ORB_SLAM3/include/Map.h:23,
                 from /home/ambushee/wil_project/thirdparty/ORB_SLAM3/include/Optimizer.h:23,
                 from /home/ambushee/wil_project/thirdparty/ORB_SLAM3/src/Optimizer.cc:20:
/usr/include/eigen3/Eigen/src/Core/util/Constants.h:167:37: note: declared here
  167 | EIGEN_DEPRECATED const unsigned int AlignedBit = 0x80;
      |                                     ^~~~~~~~~~
In file included from /home/ambushee/wil_project/thirdparty/ORB_SLAM3/Thirdparty/g2o/g2o/types/types_six_dof_expmap.h:38,
                 from /home/ambushee/wil_project/thirdparty/ORB_SLAM3/include/Converter.h:26,
                 from /home/ambushee/wil_project/thirdparty/ORB_SLAM3/include/Frame.h:33,
                 from /home/ambushee/wil_project/thirdparty/ORB_SLAM3/include/KeyFrame.h:28,
                 from /home/ambushee/wil_project/thirdparty/ORB_SLAM3/include/MapPoint.h:23,
                 from /home/ambushee/wil_project/thirdparty/ORB_SLAM3/include/Map.h:23,
                 from /home/ambushee/wil_project/thirdparty/ORB_SLAM3/include/Atlas.h:22,
                 from /home/ambushee/wil_project/thirdparty/ORB_SLAM3/include/Tracking.h:28,
                 from /home/ambushee/wil_project/thirdparty/ORB_SLAM3/include/FrameDrawer.h:23,
                 from /home/ambushee/wil_project/thirdparty/ORB_SLAM3/include/Viewer.h:23,
                 from /home/ambushee/wil_project/thirdparty/ORB_SLAM3/src/Viewer.cc:20:
/home/ambushee/wil_project/thirdparty/ORB_SLAM3/Thirdparty/g2o/g2o/types/../core/base_binary_edge.h: In instantiation of ‘class g2o::BaseBinaryEdge<2, Eigen::Matrix<double, 2, 1>, g2o::VertexSBAPointXYZ, g2o::VertexSim3Expmap>’:
/home/ambushee/wil_project/thirdparty/ORB_SLAM3/Thirdparty/g2o/g2o/types/types_seven_dof_expmap.h:130:36:   required from here
/home/ambushee/wil_project/thirdparty/ORB_SLAM3/Thirdparty/g2o/g2o/types/../core/base_binary_edge.h:59:80: warning: ‘Eigen::AlignedBit’ is deprecated [-Wdeprecated-declarations]
   59 |       typedef Eigen::Map<Matrix<double, Di, Dj>, Matrix<double, Di, Dj>::Flags & AlignedBit ? Aligned : Unaligned > HessianBlockType;
      |                                                                          ~~~~~~^~~~~~~~~~~~
In file included from /usr/include/eigen3/Eigen/Core:161,
                 from /usr/include/eigen3/Eigen/LU:11,
                 from /home/ambushee/wil_project/thirdparty/ORB_SLAM3/Thirdparty/Sophus/sophus/so2.hpp:12,
                 from /home/ambushee/wil_project/thirdparty/ORB_SLAM3/Thirdparty/Sophus/sophus/se2.hpp:7,
                 from /home/ambushee/wil_project/thirdparty/ORB_SLAM3/Thirdparty/Sophus/sophus/geometry.hpp:7,
                 from /home/ambushee/wil_project/thirdparty/ORB_SLAM3/include/Frame.h:28,
                 from /home/ambushee/wil_project/thirdparty/ORB_SLAM3/include/KeyFrame.h:28,
                 from /home/ambushee/wil_project/thirdparty/ORB_SLAM3/include/MapPoint.h:23,
                 from /home/ambushee/wil_project/thirdparty/ORB_SLAM3/include/Map.h:23,
                 from /home/ambushee/wil_project/thirdparty/ORB_SLAM3/include/Atlas.h:22,
                 from /home/ambushee/wil_project/thirdparty/ORB_SLAM3/include/Tracking.h:28,
                 from /home/ambushee/wil_project/thirdparty/ORB_SLAM3/include/FrameDrawer.h:23,
                 from /home/ambushee/wil_project/thirdparty/ORB_SLAM3/include/Viewer.h:23,
                 from /home/ambushee/wil_project/thirdparty/ORB_SLAM3/src/Viewer.cc:20:
/usr/include/eigen3/Eigen/src/Core/util/Constants.h:167:37: note: declared here
  167 | EIGEN_DEPRECATED const unsigned int AlignedBit = 0x80;
      |                                     ^~~~~~~~~~
In file included from /home/ambushee/wil_project/thirdparty/ORB_SLAM3/Thirdparty/g2o/g2o/types/types_six_dof_expmap.h:38,
                 from /home/ambushee/wil_project/thirdparty/ORB_SLAM3/include/Converter.h:26,
                 from /home/ambushee/wil_project/thirdparty/ORB_SLAM3/include/Frame.h:33,
                 from /home/ambushee/wil_project/thirdparty/ORB_SLAM3/include/KeyFrame.h:28,
                 from /home/ambushee/wil_project/thirdparty/ORB_SLAM3/include/MapPoint.h:23,
                 from /home/ambushee/wil_project/thirdparty/ORB_SLAM3/include/FrameDrawer.h:24,
                 from /home/ambushee/wil_project/thirdparty/ORB_SLAM3/include/Viewer.h:23,
                 from /home/ambushee/wil_project/thirdparty/ORB_SLAM3/include/Tracking.h:26,
                 from /home/ambushee/wil_project/thirdparty/ORB_SLAM3/src/Tracking.cc:20:
/home/ambushee/wil_project/thirdparty/ORB_SLAM3/Thirdparty/g2o/g2o/types/../core/base_binary_edge.h: In instantiation of ‘class g2o::BaseBinaryEdge<2, Eigen::Matrix<double, 2, 1>, g2o::VertexSBAPointXYZ, g2o::VertexSim3Expmap>’:
/home/ambushee/wil_project/thirdparty/ORB_SLAM3/Thirdparty/g2o/g2o/types/types_seven_dof_expmap.h:130:36:   required from here
/home/ambushee/wil_project/thirdparty/ORB_SLAM3/Thirdparty/g2o/g2o/types/../core/base_binary_edge.h:59:80: warning: ‘Eigen::AlignedBit’ is deprecated [-Wdeprecated-declarations]
   59 |       typedef Eigen::Map<Matrix<double, Di, Dj>, Matrix<double, Di, Dj>::Flags & AlignedBit ? Aligned : Unaligned > HessianBlockType;
      |                                                                          ~~~~~~^~~~~~~~~~~~
In file included from /usr/include/eigen3/Eigen/Core:161,
                 from /usr/include/eigen3/Eigen/LU:11,
                 from /home/ambushee/wil_project/thirdparty/ORB_SLAM3/Thirdparty/Sophus/sophus/so2.hpp:12,
                 from /home/ambushee/wil_project/thirdparty/ORB_SLAM3/Thirdparty/Sophus/sophus/se2.hpp:7,
                 from /home/ambushee/wil_project/thirdparty/ORB_SLAM3/Thirdparty/Sophus/sophus/geometry.hpp:7,
                 from /home/ambushee/wil_project/thirdparty/ORB_SLAM3/include/Frame.h:28,
                 from /home/ambushee/wil_project/thirdparty/ORB_SLAM3/include/KeyFrame.h:28,
                 from /home/ambushee/wil_project/thirdparty/ORB_SLAM3/include/MapPoint.h:23,
                 from /home/ambushee/wil_project/thirdparty/ORB_SLAM3/include/FrameDrawer.h:24,
                 from /home/ambushee/wil_project/thirdparty/ORB_SLAM3/include/Viewer.h:23,
                 from /home/ambushee/wil_project/thirdparty/ORB_SLAM3/include/Tracking.h:26,
                 from /home/ambushee/wil_project/thirdparty/ORB_SLAM3/src/Tracking.cc:20:
/usr/include/eigen3/Eigen/src/Core/util/Constants.h:167:37: note: declared here
  167 | EIGEN_DEPRECATED const unsigned int AlignedBit = 0x80;
      |                                     ^~~~~~~~~~
In file included from /home/ambushee/wil_project/thirdparty/ORB_SLAM3/Thirdparty/g2o/g2o/types/types_six_dof_expmap.h:38,
                 from /home/ambushee/wil_project/thirdparty/ORB_SLAM3/include/Converter.h:26,
                 from /home/ambushee/wil_project/thirdparty/ORB_SLAM3/include/Frame.h:33,
                 from /home/ambushee/wil_project/thirdparty/ORB_SLAM3/include/KeyFrame.h:28,
                 from /home/ambushee/wil_project/thirdparty/ORB_SLAM3/include/MapPoint.h:23,
                 from /home/ambushee/wil_project/thirdparty/ORB_SLAM3/include/Map.h:23,
                 from /home/ambushee/wil_project/thirdparty/ORB_SLAM3/include/Atlas.h:22,
                 from /home/ambushee/wil_project/thirdparty/ORB_SLAM3/include/Tracking.h:28,
                 from /home/ambushee/wil_project/thirdparty/ORB_SLAM3/include/FrameDrawer.h:23,
                 from /home/ambushee/wil_project/thirdparty/ORB_SLAM3/include/Viewer.h:23,
                 from /home/ambushee/wil_project/thirdparty/ORB_SLAM3/src/Viewer.cc:20:
/home/ambushee/wil_project/thirdparty/ORB_SLAM3/Thirdparty/g2o/g2o/types/../core/base_binary_edge.h:60:80: warning: ‘Eigen::AlignedBit’ is deprecated [-Wdeprecated-declarations]
   60 |       typedef Eigen::Map<Matrix<double, Dj, Di>, Matrix<double, Dj, Di>::Flags & AlignedBit ? Aligned : Unaligned > HessianBlockTransposedType;
      |                                                                          ~~~~~~^~~~~~~~~~~~
In file included from /usr/include/eigen3/Eigen/Core:161,
                 from /usr/include/eigen3/Eigen/LU:11,
                 from /home/ambushee/wil_project/thirdparty/ORB_SLAM3/Thirdparty/Sophus/sophus/so2.hpp:12,
                 from /home/ambushee/wil_project/thirdparty/ORB_SLAM3/Thirdparty/Sophus/sophus/se2.hpp:7,
                 from /home/ambushee/wil_project/thirdparty/ORB_SLAM3/Thirdparty/Sophus/sophus/geometry.hpp:7,
                 from /home/ambushee/wil_project/thirdparty/ORB_SLAM3/include/Frame.h:28,
                 from /home/ambushee/wil_project/thirdparty/ORB_SLAM3/include/KeyFrame.h:28,
                 from /home/ambushee/wil_project/thirdparty/ORB_SLAM3/include/MapPoint.h:23,
                 from /home/ambushee/wil_project/thirdparty/ORB_SLAM3/include/Map.h:23,
                 from /home/ambushee/wil_project/thirdparty/ORB_SLAM3/include/Atlas.h:22,
                 from /home/ambushee/wil_project/thirdparty/ORB_SLAM3/include/Tracking.h:28,
                 from /home/ambushee/wil_project/thirdparty/ORB_SLAM3/include/FrameDrawer.h:23,
                 from /home/ambushee/wil_project/thirdparty/ORB_SLAM3/include/Viewer.h:23,
                 from /home/ambushee/wil_project/thirdparty/ORB_SLAM3/src/Viewer.cc:20:
/usr/include/eigen3/Eigen/src/Core/util/Constants.h:167:37: note: declared here
  167 | EIGEN_DEPRECATED const unsigned int AlignedBit = 0x80;
      |                                     ^~~~~~~~~~
In file included from /home/ambushee/wil_project/thirdparty/ORB_SLAM3/Thirdparty/g2o/g2o/types/types_six_dof_expmap.h:38,
                 from /home/ambushee/wil_project/thirdparty/ORB_SLAM3/include/Converter.h:26,
                 from /home/ambushee/wil_project/thirdparty/ORB_SLAM3/include/Frame.h:33,
                 from /home/ambushee/wil_project/thirdparty/ORB_SLAM3/include/KeyFrame.h:28,
                 from /home/ambushee/wil_project/thirdparty/ORB_SLAM3/include/MapPoint.h:23,
                 from /home/ambushee/wil_project/thirdparty/ORB_SLAM3/include/Map.h:23,
                 from /home/ambushee/wil_project/thirdparty/ORB_SLAM3/include/Optimizer.h:23,
                 from /home/ambushee/wil_project/thirdparty/ORB_SLAM3/src/Optimizer.cc:20:
/home/ambushee/wil_project/thirdparty/ORB_SLAM3/Thirdparty/g2o/g2o/types/../core/base_binary_edge.h: In instantiation of ‘class g2o::BaseBinaryEdge<7, g2o::Sim3, g2o::VertexSim3Expmap, g2o::VertexSim3Expmap>’:
/home/ambushee/wil_project/thirdparty/ORB_SLAM3/Thirdparty/g2o/g2o/types/types_seven_dof_expmap.h:99:27:   required from here
/home/ambushee/wil_project/thirdparty/ORB_SLAM3/Thirdparty/g2o/g2o/types/../core/base_binary_edge.h:59:80: warning: ‘Eigen::AlignedBit’ is deprecated [-Wdeprecated-declarations]
   59 |       typedef Eigen::Map<Matrix<double, Di, Dj>, Matrix<double, Di, Dj>::Flags & AlignedBit ? Aligned : Unaligned > HessianBlockType;
      |                                                                          ~~~~~~^~~~~~~~~~~~
In file included from /usr/include/eigen3/Eigen/Core:161,
                 from /usr/include/eigen3/Eigen/LU:11,
                 from /home/ambushee/wil_project/thirdparty/ORB_SLAM3/Thirdparty/Sophus/sophus/so2.hpp:12,
                 from /home/ambushee/wil_project/thirdparty/ORB_SLAM3/Thirdparty/Sophus/sophus/se2.hpp:7,
                 from /home/ambushee/wil_project/thirdparty/ORB_SLAM3/Thirdparty/Sophus/sophus/geometry.hpp:7,
                 from /home/ambushee/wil_project/thirdparty/ORB_SLAM3/include/Frame.h:28,
                 from /home/ambushee/wil_project/thirdparty/ORB_SLAM3/include/KeyFrame.h:28,
                 from /home/ambushee/wil_project/thirdparty/ORB_SLAM3/include/MapPoint.h:23,
                 from /home/ambushee/wil_project/thirdparty/ORB_SLAM3/include/Map.h:23,
                 from /home/ambushee/wil_project/thirdparty/ORB_SLAM3/include/Optimizer.h:23,
                 from /home/ambushee/wil_project/thirdparty/ORB_SLAM3/src/Optimizer.cc:20:
/usr/include/eigen3/Eigen/src/Core/util/Constants.h:167:37: note: declared here
  167 | EIGEN_DEPRECATED const unsigned int AlignedBit = 0x80;
      |                                     ^~~~~~~~~~
In file included from /home/ambushee/wil_project/thirdparty/ORB_SLAM3/Thirdparty/g2o/g2o/types/types_six_dof_expmap.h:38,
                 from /home/ambushee/wil_project/thirdparty/ORB_SLAM3/include/Converter.h:26,
                 from /home/ambushee/wil_project/thirdparty/ORB_SLAM3/include/Frame.h:33,
                 from /home/ambushee/wil_project/thirdparty/ORB_SLAM3/include/KeyFrame.h:28,
                 from /home/ambushee/wil_project/thirdparty/ORB_SLAM3/include/MapPoint.h:23,
                 from /home/ambushee/wil_project/thirdparty/ORB_SLAM3/include/Map.h:23,
                 from /home/ambushee/wil_project/thirdparty/ORB_SLAM3/include/Optimizer.h:23,
                 from /home/ambushee/wil_project/thirdparty/ORB_SLAM3/src/Optimizer.cc:20:
/home/ambushee/wil_project/thirdparty/ORB_SLAM3/Thirdparty/g2o/g2o/types/../core/base_binary_edge.h:60:80: warning: ‘Eigen::AlignedBit’ is deprecated [-Wdeprecated-declarations]
   60 |       typedef Eigen::Map<Matrix<double, Dj, Di>, Matrix<double, Dj, Di>::Flags & AlignedBit ? Aligned : Unaligned > HessianBlockTransposedType;
      |                                                                          ~~~~~~^~~~~~~~~~~~
In file included from /usr/include/eigen3/Eigen/Core:161,
                 from /usr/include/eigen3/Eigen/LU:11,
                 from /home/ambushee/wil_project/thirdparty/ORB_SLAM3/Thirdparty/Sophus/sophus/so2.hpp:12,
                 from /home/ambushee/wil_project/thirdparty/ORB_SLAM3/Thirdparty/Sophus/sophus/se2.hpp:7,
                 from /home/ambushee/wil_project/thirdparty/ORB_SLAM3/Thirdparty/Sophus/sophus/geometry.hpp:7,
                 from /home/ambushee/wil_project/thirdparty/ORB_SLAM3/include/Frame.h:28,
                 from /home/ambushee/wil_project/thirdparty/ORB_SLAM3/include/KeyFrame.h:28,
                 from /home/ambushee/wil_project/thirdparty/ORB_SLAM3/include/MapPoint.h:23,
                 from /home/ambushee/wil_project/thirdparty/ORB_SLAM3/include/Map.h:23,
                 from /home/ambushee/wil_project/thirdparty/ORB_SLAM3/include/Optimizer.h:23,
                 from /home/ambushee/wil_project/thirdparty/ORB_SLAM3/src/Optimizer.cc:20:
/usr/include/eigen3/Eigen/src/Core/util/Constants.h:167:37: note: declared here
  167 | EIGEN_DEPRECATED const unsigned int AlignedBit = 0x80;
      |                                     ^~~~~~~~~~
In file included from /home/ambushee/wil_project/thirdparty/ORB_SLAM3/Thirdparty/g2o/g2o/types/types_six_dof_expmap.h:38,
                 from /home/ambushee/wil_project/thirdparty/ORB_SLAM3/include/Converter.h:26,
                 from /home/ambushee/wil_project/thirdparty/ORB_SLAM3/include/Frame.h:33,
                 from /home/ambushee/wil_project/thirdparty/ORB_SLAM3/include/KeyFrame.h:28,
                 from /home/ambushee/wil_project/thirdparty/ORB_SLAM3/include/MapPoint.h:23,
                 from /home/ambushee/wil_project/thirdparty/ORB_SLAM3/include/FrameDrawer.h:24,
                 from /home/ambushee/wil_project/thirdparty/ORB_SLAM3/include/Viewer.h:23,
                 from /home/ambushee/wil_project/thirdparty/ORB_SLAM3/include/Tracking.h:26,
                 from /home/ambushee/wil_project/thirdparty/ORB_SLAM3/src/Tracking.cc:20:
/home/ambushee/wil_project/thirdparty/ORB_SLAM3/Thirdparty/g2o/g2o/types/../core/base_binary_edge.h:60:80: warning: ‘Eigen::AlignedBit’ is deprecated [-Wdeprecated-declarations]
   60 |       typedef Eigen::Map<Matrix<double, Dj, Di>, Matrix<double, Dj, Di>::Flags & AlignedBit ? Aligned : Unaligned > HessianBlockTransposedType;
      |                                                                          ~~~~~~^~~~~~~~~~~~
In file included from /usr/include/eigen3/Eigen/Core:161,
                 from /usr/include/eigen3/Eigen/LU:11,
                 from /home/ambushee/wil_project/thirdparty/ORB_SLAM3/Thirdparty/Sophus/sophus/so2.hpp:12,
                 from /home/ambushee/wil_project/thirdparty/ORB_SLAM3/Thirdparty/Sophus/sophus/se2.hpp:7,
                 from /home/ambushee/wil_project/thirdparty/ORB_SLAM3/Thirdparty/Sophus/sophus/geometry.hpp:7,
                 from /home/ambushee/wil_project/thirdparty/ORB_SLAM3/include/Frame.h:28,
                 from /home/ambushee/wil_project/thirdparty/ORB_SLAM3/include/KeyFrame.h:28,
                 from /home/ambushee/wil_project/thirdparty/ORB_SLAM3/include/MapPoint.h:23,
                 from /home/ambushee/wil_project/thirdparty/ORB_SLAM3/include/FrameDrawer.h:24,
                 from /home/ambushee/wil_project/thirdparty/ORB_SLAM3/include/Viewer.h:23,
                 from /home/ambushee/wil_project/thirdparty/ORB_SLAM3/include/Tracking.h:26,
                 from /home/ambushee/wil_project/thirdparty/ORB_SLAM3/src/Tracking.cc:20:
/usr/include/eigen3/Eigen/src/Core/util/Constants.h:167:37: note: declared here
  167 | EIGEN_DEPRECATED const unsigned int AlignedBit = 0x80;
      |                                     ^~~~~~~~~~
In file included from /home/ambushee/wil_project/thirdparty/ORB_SLAM3/Thirdparty/g2o/g2o/types/types_six_dof_expmap.h:38,
                 from /home/ambushee/wil_project/thirdparty/ORB_SLAM3/include/Converter.h:26,
                 from /home/ambushee/wil_project/thirdparty/ORB_SLAM3/include/Frame.h:33,
                 from /home/ambushee/wil_project/thirdparty/ORB_SLAM3/include/KeyFrame.h:28,
                 from /home/ambushee/wil_project/thirdparty/ORB_SLAM3/include/MapPoint.h:23,
                 from /home/ambushee/wil_project/thirdparty/ORB_SLAM3/include/Map.h:23,
                 from /home/ambushee/wil_project/thirdparty/ORB_SLAM3/include/Optimizer.h:23,
                 from /home/ambushee/wil_project/thirdparty/ORB_SLAM3/src/Optimizer.cc:20:
/home/ambushee/wil_project/thirdparty/ORB_SLAM3/Thirdparty/g2o/g2o/types/../core/base_binary_edge.h: In instantiation of ‘class g2o::BaseBinaryEdge<2, Eigen::Matrix<double, 2, 1>, g2o::VertexSBAPointXYZ, g2o::VertexSim3Expmap>’:
/home/ambushee/wil_project/thirdparty/ORB_SLAM3/Thirdparty/g2o/g2o/types/types_seven_dof_expmap.h:130:36:   required from here
/home/ambushee/wil_project/thirdparty/ORB_SLAM3/Thirdparty/g2o/g2o/types/../core/base_binary_edge.h:59:80: warning: ‘Eigen::AlignedBit’ is deprecated [-Wdeprecated-declarations]
   59 |       typedef Eigen::Map<Matrix<double, Di, Dj>, Matrix<double, Di, Dj>::Flags & AlignedBit ? Aligned : Unaligned > HessianBlockType;
      |                                                                          ~~~~~~^~~~~~~~~~~~
In file included from /usr/include/eigen3/Eigen/Core:161,
                 from /usr/include/eigen3/Eigen/LU:11,
                 from /home/ambushee/wil_project/thirdparty/ORB_SLAM3/Thirdparty/Sophus/sophus/so2.hpp:12,
                 from /home/ambushee/wil_project/thirdparty/ORB_SLAM3/Thirdparty/Sophus/sophus/se2.hpp:7,
                 from /home/ambushee/wil_project/thirdparty/ORB_SLAM3/Thirdparty/Sophus/sophus/geometry.hpp:7,
                 from /home/ambushee/wil_project/thirdparty/ORB_SLAM3/include/Frame.h:28,
                 from /home/ambushee/wil_project/thirdparty/ORB_SLAM3/include/KeyFrame.h:28,
                 from /home/ambushee/wil_project/thirdparty/ORB_SLAM3/include/MapPoint.h:23,
                 from /home/ambushee/wil_project/thirdparty/ORB_SLAM3/include/Map.h:23,
                 from /home/ambushee/wil_project/thirdparty/ORB_SLAM3/include/Optimizer.h:23,
                 from /home/ambushee/wil_project/thirdparty/ORB_SLAM3/src/Optimizer.cc:20:
/usr/include/eigen3/Eigen/src/Core/util/Constants.h:167:37: note: declared here
  167 | EIGEN_DEPRECATED const unsigned int AlignedBit = 0x80;
      |                                     ^~~~~~~~~~
In file included from /home/ambushee/wil_project/thirdparty/ORB_SLAM3/Thirdparty/g2o/g2o/types/types_six_dof_expmap.h:38,
                 from /home/ambushee/wil_project/thirdparty/ORB_SLAM3/include/Converter.h:26,
                 from /home/ambushee/wil_project/thirdparty/ORB_SLAM3/include/Frame.h:33,
                 from /home/ambushee/wil_project/thirdparty/ORB_SLAM3/include/KeyFrame.h:28,
                 from /home/ambushee/wil_project/thirdparty/ORB_SLAM3/include/MapPoint.h:23,
                 from /home/ambushee/wil_project/thirdparty/ORB_SLAM3/include/Map.h:23,
                 from /home/ambushee/wil_project/thirdparty/ORB_SLAM3/include/Optimizer.h:23,
                 from /home/ambushee/wil_project/thirdparty/ORB_SLAM3/src/Optimizer.cc:20:
/home/ambushee/wil_project/thirdparty/ORB_SLAM3/Thirdparty/g2o/g2o/types/../core/base_binary_edge.h:60:80: warning: ‘Eigen::AlignedBit’ is deprecated [-Wdeprecated-declarations]
   60 |       typedef Eigen::Map<Matrix<double, Dj, Di>, Matrix<double, Dj, Di>::Flags & AlignedBit ? Aligned : Unaligned > HessianBlockTransposedType;
      |                                                                          ~~~~~~^~~~~~~~~~~~
In file included from /usr/include/eigen3/Eigen/Core:161,
                 from /usr/include/eigen3/Eigen/LU:11,
                 from /home/ambushee/wil_project/thirdparty/ORB_SLAM3/Thirdparty/Sophus/sophus/so2.hpp:12,
                 from /home/ambushee/wil_project/thirdparty/ORB_SLAM3/Thirdparty/Sophus/sophus/se2.hpp:7,
                 from /home/ambushee/wil_project/thirdparty/ORB_SLAM3/Thirdparty/Sophus/sophus/geometry.hpp:7,
                 from /home/ambushee/wil_project/thirdparty/ORB_SLAM3/include/Frame.h:28,
                 from /home/ambushee/wil_project/thirdparty/ORB_SLAM3/include/KeyFrame.h:28,
                 from /home/ambushee/wil_project/thirdparty/ORB_SLAM3/include/MapPoint.h:23,
                 from /home/ambushee/wil_project/thirdparty/ORB_SLAM3/include/Map.h:23,
                 from /home/ambushee/wil_project/thirdparty/ORB_SLAM3/include/Optimizer.h:23,
                 from /home/ambushee/wil_project/thirdparty/ORB_SLAM3/src/Optimizer.cc:20:
/usr/include/eigen3/Eigen/src/Core/util/Constants.h:167:37: note: declared here
  167 | EIGEN_DEPRECATED const unsigned int AlignedBit = 0x80;
      |                                     ^~~~~~~~~~
/home/ambushee/wil_project/thirdparty/ORB_SLAM3/src/KeyFrameDatabase.cc: In member function ‘void ORB_SLAM3::KeyFrameDatabase::DetectNBestCandidates(ORB_SLAM3::KeyFrame*, std::vector<ORB_SLAM3::KeyFrame*>&, std::vector<ORB_SLAM3::KeyFrame*>&, int)’:
/home/ambushee/wil_project/thirdparty/ORB_SLAM3/src/KeyFrameDatabase.cc:709:13: warning: comparison of integer expressions of different signedness: ‘int’ and ‘std::__cxx11::list<std::pair<float, ORB_SLAM3::KeyFrame*> >::size_type’ {aka ‘long unsigned int’} [-Wsign-compare]
  709 |     while(i < lAccScoreAndMatch.size() && (vpLoopCand.size() < nNumCandidates || vpMergeCand.size() < nNumCandidates))
      |           ~~^~~~~~~~~~~~~~~~~~~~~~~~~~
/home/ambushee/wil_project/thirdparty/ORB_SLAM3/src/KeyFrameDatabase.cc:709:62: warning: comparison of integer expressions of different signedness: ‘std::vector<ORB_SLAM3::KeyFrame*>::size_type’ {aka ‘long unsigned int’} and ‘int’ [-Wsign-compare]
  709 |     while(i < lAccScoreAndMatch.size() && (vpLoopCand.size() < nNumCandidates || vpMergeCand.size() < nNumCandidates))
      |                                            ~~~~~~~~~~~~~~~~~~^~~~~~~~~~~~~~~~
/home/ambushee/wil_project/thirdparty/ORB_SLAM3/src/KeyFrameDatabase.cc:709:101: warning: comparison of integer expressions of different signedness: ‘std::vector<ORB_SLAM3::KeyFrame*>::size_type’ {aka ‘long unsigned int’} and ‘int’ [-Wsign-compare]
  709 |     while(i < lAccScoreAndMatch.size() && (vpLoopCand.size() < nNumCandidates || vpMergeCand.size() < nNumCandidates))
      |                                                                                  ~~~~~~~~~~~~~~~~~~~^~~~~~~~~~~~~~~~
/home/ambushee/wil_project/thirdparty/ORB_SLAM3/src/KeyFrameDatabase.cc:717:69: warning: comparison of integer expressions of different signedness: ‘std::vector<ORB_SLAM3::KeyFrame*>::size_type’ {aka ‘long unsigned int’} and ‘int’ [-Wsign-compare]
  717 |             if(pKF->GetMap() == pKFi->GetMap() && vpLoopCand.size() < nNumCandidates)
      |                                                   ~~~~~~~~~~~~~~~~~~^~~~~~~~~~~~~~~~
/home/ambushee/wil_project/thirdparty/ORB_SLAM3/src/KeyFrameDatabase.cc:721:75: warning: comparison of integer expressions of different signedness: ‘std::vector<ORB_SLAM3::KeyFrame*>::size_type’ {aka ‘long unsigned int’} and ‘int’ [-Wsign-compare]
  721 |             else if(pKF->GetMap() != pKFi->GetMap() && vpMergeCand.size() < nNumCandidates && !pKFi->GetMap()->IsBad())
      |                                                        ~~~~~~~~~~~~~~~~~~~^~~~~~~~~~~~~~~~
In file included from /home/ambushee/wil_project/thirdparty/ORB_SLAM3/Thirdparty/g2o/g2o/types/types_six_dof_expmap.h:37,
                 from /home/ambushee/wil_project/thirdparty/ORB_SLAM3/include/Converter.h:26,
                 from /home/ambushee/wil_project/thirdparty/ORB_SLAM3/include/Frame.h:33,
                 from /home/ambushee/wil_project/thirdparty/ORB_SLAM3/src/Frame.cc:19:
/home/ambushee/wil_project/thirdparty/ORB_SLAM3/Thirdparty/g2o/g2o/types/../core/base_vertex.h: In instantiation of ‘class g2o::BaseVertex<6, ORB_SLAM3::ImuCamPose>’:
/home/ambushee/wil_project/thirdparty/ORB_SLAM3/include/G2oTypes.h:130:32:   required from here
/home/ambushee/wil_project/thirdparty/ORB_SLAM3/Thirdparty/g2o/g2o/types/../core/base_vertex.h:62:72: warning: ‘Eigen::AlignedBit’ is deprecated [-Wdeprecated-declarations]
   62 |     typedef Eigen::Map<Matrix<double, D, D>, Matrix<double,D,D>::Flags & AlignedBit ? Aligned : Unaligned >  HessianBlockType;
      |                                                                  ~~~~~~^~~~~~~~~~~~
In file included from /usr/include/eigen3/Eigen/Core:161,
                 from /usr/include/eigen3/Eigen/LU:11,
                 from /home/ambushee/wil_project/thirdparty/ORB_SLAM3/Thirdparty/Sophus/sophus/so2.hpp:12,
                 from /home/ambushee/wil_project/thirdparty/ORB_SLAM3/Thirdparty/Sophus/sophus/se2.hpp:7,
                 from /home/ambushee/wil_project/thirdparty/ORB_SLAM3/Thirdparty/Sophus/sophus/geometry.hpp:7,
                 from /home/ambushee/wil_project/thirdparty/ORB_SLAM3/include/Frame.h:28,
                 from /home/ambushee/wil_project/thirdparty/ORB_SLAM3/src/Frame.cc:19:
/usr/include/eigen3/Eigen/src/Core/util/Constants.h:167:37: note: declared here
  167 | EIGEN_DEPRECATED const unsigned int AlignedBit = 0x80;
      |                                     ^~~~~~~~~~
In file included from /home/ambushee/wil_project/thirdparty/ORB_SLAM3/Thirdparty/g2o/g2o/types/types_six_dof_expmap.h:37,
                 from /home/ambushee/wil_project/thirdparty/ORB_SLAM3/include/Converter.h:26,
                 from /home/ambushee/wil_project/thirdparty/ORB_SLAM3/include/Frame.h:33,
                 from /home/ambushee/wil_project/thirdparty/ORB_SLAM3/src/Frame.cc:19:
/home/ambushee/wil_project/thirdparty/ORB_SLAM3/Thirdparty/g2o/g2o/types/../core/base_vertex.h: In instantiation of ‘class g2o::BaseVertex<4, ORB_SLAM3::ImuCamPose>’:
/home/ambushee/wil_project/thirdparty/ORB_SLAM3/include/G2oTypes.h:155:36:   required from here
/home/ambushee/wil_project/thirdparty/ORB_SLAM3/Thirdparty/g2o/g2o/types/../core/base_vertex.h:62:72: warning: ‘Eigen::AlignedBit’ is deprecated [-Wdeprecated-declarations]
   62 |     typedef Eigen::Map<Matrix<double, D, D>, Matrix<double,D,D>::Flags & AlignedBit ? Aligned : Unaligned >  HessianBlockType;
      |                                                                  ~~~~~~^~~~~~~~~~~~
In file included from /usr/include/eigen3/Eigen/Core:161,
                 from /usr/include/eigen3/Eigen/LU:11,
                 from /home/ambushee/wil_project/thirdparty/ORB_SLAM3/Thirdparty/Sophus/sophus/so2.hpp:12,
                 from /home/ambushee/wil_project/thirdparty/ORB_SLAM3/Thirdparty/Sophus/sophus/se2.hpp:7,
                 from /home/ambushee/wil_project/thirdparty/ORB_SLAM3/Thirdparty/Sophus/sophus/geometry.hpp:7,
                 from /home/ambushee/wil_project/thirdparty/ORB_SLAM3/include/Frame.h:28,
                 from /home/ambushee/wil_project/thirdparty/ORB_SLAM3/src/Frame.cc:19:
/usr/include/eigen3/Eigen/src/Core/util/Constants.h:167:37: note: declared here
  167 | EIGEN_DEPRECATED const unsigned int AlignedBit = 0x80;
      |                                     ^~~~~~~~~~
In file included from /home/ambushee/wil_project/thirdparty/ORB_SLAM3/Thirdparty/g2o/g2o/types/types_six_dof_expmap.h:37,
                 from /home/ambushee/wil_project/thirdparty/ORB_SLAM3/include/Converter.h:26,
                 from /home/ambushee/wil_project/thirdparty/ORB_SLAM3/include/Frame.h:33,
                 from /home/ambushee/wil_project/thirdparty/ORB_SLAM3/src/Frame.cc:19:
/home/ambushee/wil_project/thirdparty/ORB_SLAM3/Thirdparty/g2o/g2o/types/../core/base_vertex.h: In instantiation of ‘class g2o::BaseVertex<2, ORB_SLAM3::GDirection>’:
/home/ambushee/wil_project/thirdparty/ORB_SLAM3/include/G2oTypes.h:274:32:   required from here
/home/ambushee/wil_project/thirdparty/ORB_SLAM3/Thirdparty/g2o/g2o/types/../core/base_vertex.h:62:72: warning: ‘Eigen::AlignedBit’ is deprecated [-Wdeprecated-declarations]
   62 |     typedef Eigen::Map<Matrix<double, D, D>, Matrix<double,D,D>::Flags & AlignedBit ? Aligned : Unaligned >  HessianBlockType;
      |                                                                  ~~~~~~^~~~~~~~~~~~
In file included from /usr/include/eigen3/Eigen/Core:161,
                 from /usr/include/eigen3/Eigen/LU:11,
                 from /home/ambushee/wil_project/thirdparty/ORB_SLAM3/Thirdparty/Sophus/sophus/so2.hpp:12,
                 from /home/ambushee/wil_project/thirdparty/ORB_SLAM3/Thirdparty/Sophus/sophus/se2.hpp:7,
                 from /home/ambushee/wil_project/thirdparty/ORB_SLAM3/Thirdparty/Sophus/sophus/geometry.hpp:7,
                 from /home/ambushee/wil_project/thirdparty/ORB_SLAM3/include/Frame.h:28,
                 from /home/ambushee/wil_project/thirdparty/ORB_SLAM3/src/Frame.cc:19:
/usr/include/eigen3/Eigen/src/Core/util/Constants.h:167:37: note: declared here
  167 | EIGEN_DEPRECATED const unsigned int AlignedBit = 0x80;
      |                                     ^~~~~~~~~~
In file included from /home/ambushee/wil_project/thirdparty/ORB_SLAM3/Thirdparty/g2o/g2o/types/types_six_dof_expmap.h:37,
                 from /home/ambushee/wil_project/thirdparty/ORB_SLAM3/include/Converter.h:26,
                 from /home/ambushee/wil_project/thirdparty/ORB_SLAM3/include/Frame.h:33,
                 from /home/ambushee/wil_project/thirdparty/ORB_SLAM3/src/Frame.cc:19:
/home/ambushee/wil_project/thirdparty/ORB_SLAM3/Thirdparty/g2o/g2o/types/../core/base_vertex.h: In instantiation of ‘class g2o::BaseVertex<1, double>’:
/home/ambushee/wil_project/thirdparty/ORB_SLAM3/include/G2oTypes.h:296:33:   required from here
/home/ambushee/wil_project/thirdparty/ORB_SLAM3/Thirdparty/g2o/g2o/types/../core/base_vertex.h:62:72: warning: ‘Eigen::AlignedBit’ is deprecated [-Wdeprecated-declarations]
   62 |     typedef Eigen::Map<Matrix<double, D, D>, Matrix<double,D,D>::Flags & AlignedBit ? Aligned : Unaligned >  HessianBlockType;
      |                                                                  ~~~~~~^~~~~~~~~~~~
In file included from /usr/include/eigen3/Eigen/Core:161,
                 from /usr/include/eigen3/Eigen/LU:11,
                 from /home/ambushee/wil_project/thirdparty/ORB_SLAM3/Thirdparty/Sophus/sophus/so2.hpp:12,
                 from /home/ambushee/wil_project/thirdparty/ORB_SLAM3/Thirdparty/Sophus/sophus/se2.hpp:7,
                 from /home/ambushee/wil_project/thirdparty/ORB_SLAM3/Thirdparty/Sophus/sophus/geometry.hpp:7,
                 from /home/ambushee/wil_project/thirdparty/ORB_SLAM3/include/Frame.h:28,
                 from /home/ambushee/wil_project/thirdparty/ORB_SLAM3/src/Frame.cc:19:
/usr/include/eigen3/Eigen/src/Core/util/Constants.h:167:37: note: declared here
  167 | EIGEN_DEPRECATED const unsigned int AlignedBit = 0x80;
      |                                     ^~~~~~~~~~
In file included from /home/ambushee/wil_project/thirdparty/ORB_SLAM3/Thirdparty/g2o/g2o/types/types_six_dof_expmap.h:37,
                 from /home/ambushee/wil_project/thirdparty/ORB_SLAM3/include/Converter.h:26,
                 from /home/ambushee/wil_project/thirdparty/ORB_SLAM3/include/Frame.h:33,
                 from /home/ambushee/wil_project/thirdparty/ORB_SLAM3/src/Frame.cc:19:
/home/ambushee/wil_project/thirdparty/ORB_SLAM3/Thirdparty/g2o/g2o/types/../core/base_vertex.h: In instantiation of ‘class g2o::BaseVertex<1, ORB_SLAM3::InvDepthPoint>’:
/home/ambushee/wil_project/thirdparty/ORB_SLAM3/include/G2oTypes.h:321:36:   required from here
/home/ambushee/wil_project/thirdparty/ORB_SLAM3/Thirdparty/g2o/g2o/types/../core/base_vertex.h:62:72: warning: ‘Eigen::AlignedBit’ is deprecated [-Wdeprecated-declarations]
   62 |     typedef Eigen::Map<Matrix<double, D, D>, Matrix<double,D,D>::Flags & AlignedBit ? Aligned : Unaligned >  HessianBlockType;
      |                                                                  ~~~~~~^~~~~~~~~~~~
In file included from /usr/include/eigen3/Eigen/Core:161,
                 from /usr/include/eigen3/Eigen/LU:11,
                 from /home/ambushee/wil_project/thirdparty/ORB_SLAM3/Thirdparty/Sophus/sophus/so2.hpp:12,
                 from /home/ambushee/wil_project/thirdparty/ORB_SLAM3/Thirdparty/Sophus/sophus/se2.hpp:7,
                 from /home/ambushee/wil_project/thirdparty/ORB_SLAM3/Thirdparty/Sophus/sophus/geometry.hpp:7,
                 from /home/ambushee/wil_project/thirdparty/ORB_SLAM3/include/Frame.h:28,
                 from /home/ambushee/wil_project/thirdparty/ORB_SLAM3/src/Frame.cc:19:
/usr/include/eigen3/Eigen/src/Core/util/Constants.h:167:37: note: declared here
  167 | EIGEN_DEPRECATED const unsigned int AlignedBit = 0x80;
      |                                     ^~~~~~~~~~
In file included from /home/ambushee/wil_project/thirdparty/ORB_SLAM3/Thirdparty/g2o/g2o/types/types_six_dof_expmap.h:38,
                 from /home/ambushee/wil_project/thirdparty/ORB_SLAM3/include/Converter.h:26,
                 from /home/ambushee/wil_project/thirdparty/ORB_SLAM3/include/Frame.h:33,
                 from /home/ambushee/wil_project/thirdparty/ORB_SLAM3/src/Frame.cc:19:
/home/ambushee/wil_project/thirdparty/ORB_SLAM3/Thirdparty/g2o/g2o/types/../core/base_binary_edge.h: In instantiation of ‘class g2o::BaseBinaryEdge<2, Eigen::Matrix<double, 2, 1>, g2o::VertexSBAPointXYZ, ORB_SLAM3::VertexPose>’:
/home/ambushee/wil_project/thirdparty/ORB_SLAM3/include/G2oTypes.h:342:30:   required from here
/home/ambushee/wil_project/thirdparty/ORB_SLAM3/Thirdparty/g2o/g2o/types/../core/base_binary_edge.h:59:80: warning: ‘Eigen::AlignedBit’ is deprecated [-Wdeprecated-declarations]
   59 |       typedef Eigen::Map<Matrix<double, Di, Dj>, Matrix<double, Di, Dj>::Flags & AlignedBit ? Aligned : Unaligned > HessianBlockType;
      |                                                                          ~~~~~~^~~~~~~~~~~~
In file included from /usr/include/eigen3/Eigen/Core:161,
                 from /usr/include/eigen3/Eigen/LU:11,
                 from /home/ambushee/wil_project/thirdparty/ORB_SLAM3/Thirdparty/Sophus/sophus/so2.hpp:12,
                 from /home/ambushee/wil_project/thirdparty/ORB_SLAM3/Thirdparty/Sophus/sophus/se2.hpp:7,
                 from /home/ambushee/wil_project/thirdparty/ORB_SLAM3/Thirdparty/Sophus/sophus/geometry.hpp:7,
                 from /home/ambushee/wil_project/thirdparty/ORB_SLAM3/include/Frame.h:28,
                 from /home/ambushee/wil_project/thirdparty/ORB_SLAM3/src/Frame.cc:19:
/usr/include/eigen3/Eigen/src/Core/util/Constants.h:167:37: note: declared here
  167 | EIGEN_DEPRECATED const unsigned int AlignedBit = 0x80;
      |                                     ^~~~~~~~~~
In file included from /home/ambushee/wil_project/thirdparty/ORB_SLAM3/Thirdparty/g2o/g2o/types/types_six_dof_expmap.h:38,
                 from /home/ambushee/wil_project/thirdparty/ORB_SLAM3/include/Converter.h:26,
                 from /home/ambushee/wil_project/thirdparty/ORB_SLAM3/include/Frame.h:33,
                 from /home/ambushee/wil_project/thirdparty/ORB_SLAM3/src/Frame.cc:19:
/home/ambushee/wil_project/thirdparty/ORB_SLAM3/Thirdparty/g2o/g2o/types/../core/base_binary_edge.h:60:80: warning: ‘Eigen::AlignedBit’ is deprecated [-Wdeprecated-declarations]
   60 |       typedef Eigen::Map<Matrix<double, Dj, Di>, Matrix<double, Dj, Di>::Flags & AlignedBit ? Aligned : Unaligned > HessianBlockTransposedType;
      |                                                                          ~~~~~~^~~~~~~~~~~~
In file included from /usr/include/eigen3/Eigen/Core:161,
                 from /usr/include/eigen3/Eigen/LU:11,
                 from /home/ambushee/wil_project/thirdparty/ORB_SLAM3/Thirdparty/Sophus/sophus/so2.hpp:12,
                 from /home/ambushee/wil_project/thirdparty/ORB_SLAM3/Thirdparty/Sophus/sophus/se2.hpp:7,
                 from /home/ambushee/wil_project/thirdparty/ORB_SLAM3/Thirdparty/Sophus/sophus/geometry.hpp:7,
                 from /home/ambushee/wil_project/thirdparty/ORB_SLAM3/include/Frame.h:28,
                 from /home/ambushee/wil_project/thirdparty/ORB_SLAM3/src/Frame.cc:19:
/usr/include/eigen3/Eigen/src/Core/util/Constants.h:167:37: note: declared here
  167 | EIGEN_DEPRECATED const unsigned int AlignedBit = 0x80;
      |                                     ^~~~~~~~~~
In file included from /home/ambushee/wil_project/thirdparty/ORB_SLAM3/include/Atlas.h:27,
                 from /home/ambushee/wil_project/thirdparty/ORB_SLAM3/include/FrameDrawer.h:25,
                 from /home/ambushee/wil_project/thirdparty/ORB_SLAM3/include/Viewer.h:23,
                 from /home/ambushee/wil_project/thirdparty/ORB_SLAM3/include/Tracking.h:26,
                 from /home/ambushee/wil_project/thirdparty/ORB_SLAM3/src/Tracking.cc:20:
/home/ambushee/wil_project/thirdparty/ORB_SLAM3/include/CameraModels/KannalaBrandt8.h: In constructor ‘ORB_SLAM3::KannalaBrandt8::KannalaBrandt8(std::vector<float>)’:
/home/ambushee/wil_project/thirdparty/ORB_SLAM3/include/CameraModels/KannalaBrandt8.h:102:21: warning: ‘ORB_SLAM3::KannalaBrandt8::precision’ will be initialized after [-Wreorder]
  102 |         const float precision;
      |                     ^~~~~~~~~
/home/ambushee/wil_project/thirdparty/ORB_SLAM3/include/CameraModels/KannalaBrandt8.h:88:26: warning:   ‘std::vector<int> ORB_SLAM3::KannalaBrandt8::mvLappingArea’ [-Wreorder]
   88 |         std::vector<int> mvLappingArea;
      |                          ^~~~~~~~~~~~~
In file included from /home/ambushee/wil_project/thirdparty/ORB_SLAM3/include/Atlas.h:27,
                 from /home/ambushee/wil_project/thirdparty/ORB_SLAM3/include/FrameDrawer.h:25,
                 from /home/ambushee/wil_project/thirdparty/ORB_SLAM3/include/Viewer.h:23,
                 from /home/ambushee/wil_project/thirdparty/ORB_SLAM3/include/Tracking.h:26,
                 from /home/ambushee/wil_project/thirdparty/ORB_SLAM3/src/Tracking.cc:20:
/home/ambushee/wil_project/thirdparty/ORB_SLAM3/include/CameraModels/KannalaBrandt8.h:47:9: warning:   when initialized here [-Wreorder]
   47 |         KannalaBrandt8(const std::vector<float> _vParameters) : GeometricCamera(_vParameters), precision(1e-6), mvLappingArea(2,0) ,tvr(nullptr) {
      |         ^~~~~~~~~~~~~~
In file included from /home/ambushee/wil_project/thirdparty/ORB_SLAM3/include/Atlas.h:27,
                 from /home/ambushee/wil_project/thirdparty/ORB_SLAM3/include/FrameDrawer.h:25,
                 from /home/ambushee/wil_project/thirdparty/ORB_SLAM3/include/Viewer.h:23,
                 from /home/ambushee/wil_project/thirdparty/ORB_SLAM3/include/Tracking.h:26,
                 from /home/ambushee/wil_project/thirdparty/ORB_SLAM3/src/Tracking.cc:20:
/home/ambushee/wil_project/thirdparty/ORB_SLAM3/include/CameraModels/KannalaBrandt8.h: In constructor ‘ORB_SLAM3::KannalaBrandt8::KannalaBrandt8(std::vector<float>, float)’:
/home/ambushee/wil_project/thirdparty/ORB_SLAM3/include/CameraModels/KannalaBrandt8.h:102:21: warning: ‘ORB_SLAM3::KannalaBrandt8::precision’ will be initialized after [-Wreorder]
  102 |         const float precision;
      |                     ^~~~~~~~~
/home/ambushee/wil_project/thirdparty/ORB_SLAM3/include/CameraModels/KannalaBrandt8.h:88:26: warning:   ‘std::vector<int> ORB_SLAM3::KannalaBrandt8::mvLappingArea’ [-Wreorder]
   88 |         std::vector<int> mvLappingArea;
      |                          ^~~~~~~~~~~~~
/home/ambushee/wil_project/thirdparty/ORB_SLAM3/include/CameraModels/KannalaBrandt8.h:53:9: warning:   when initialized here [-Wreorder]
   53 |         KannalaBrandt8(const std::vector<float> _vParameters, const float _precision) : GeometricCamera(_vParameters),
      |         ^~~~~~~~~~~~~~
/home/ambushee/wil_project/thirdparty/ORB_SLAM3/include/CameraModels/KannalaBrandt8.h: In constructor ‘ORB_SLAM3::KannalaBrandt8::KannalaBrandt8(ORB_SLAM3::KannalaBrandt8*)’:
/home/ambushee/wil_project/thirdparty/ORB_SLAM3/include/CameraModels/KannalaBrandt8.h:102:21: warning: ‘ORB_SLAM3::KannalaBrandt8::precision’ will be initialized after [-Wreorder]
  102 |         const float precision;
      |                     ^~~~~~~~~
/home/ambushee/wil_project/thirdparty/ORB_SLAM3/include/CameraModels/KannalaBrandt8.h:88:26: warning:   ‘std::vector<int> ORB_SLAM3::KannalaBrandt8::mvLappingArea’ [-Wreorder]
   88 |         std::vector<int> mvLappingArea;
      |                          ^~~~~~~~~~~~~
/home/ambushee/wil_project/thirdparty/ORB_SLAM3/include/CameraModels/KannalaBrandt8.h:59:9: warning:   when initialized here [-Wreorder]
   59 |         KannalaBrandt8(KannalaBrandt8* pKannala) : GeometricCamera(pKannala->mvParameters), precision(pKannala->precision), mvLappingArea(2,0) ,tvr(nullptr) {
      |         ^~~~~~~~~~~~~~
In file included from /home/ambushee/wil_project/thirdparty/ORB_SLAM3/include/Atlas.h:27,
                 from /home/ambushee/wil_project/thirdparty/ORB_SLAM3/include/LocalMapping.h:24,
                 from /home/ambushee/wil_project/thirdparty/ORB_SLAM3/include/LoopClosing.h:24,
                 from /home/ambushee/wil_project/thirdparty/ORB_SLAM3/src/LoopClosing.cc:20:
/home/ambushee/wil_project/thirdparty/ORB_SLAM3/include/CameraModels/KannalaBrandt8.h: In constructor ‘ORB_SLAM3::KannalaBrandt8::KannalaBrandt8(std::vector<float>)’:
/home/ambushee/wil_project/thirdparty/ORB_SLAM3/include/CameraModels/KannalaBrandt8.h:102:21: warning: ‘ORB_SLAM3::KannalaBrandt8::precision’ will be initialized after [-Wreorder]
  102 |         const float precision;
      |                     ^~~~~~~~~
/home/ambushee/wil_project/thirdparty/ORB_SLAM3/include/CameraModels/KannalaBrandt8.h:88:26: warning:   ‘std::vector<int> ORB_SLAM3::KannalaBrandt8::mvLappingArea’ [-Wreorder]
   88 |         std::vector<int> mvLappingArea;
      |                          ^~~~~~~~~~~~~
In file included from /home/ambushee/wil_project/thirdparty/ORB_SLAM3/include/Atlas.h:27,
                 from /home/ambushee/wil_project/thirdparty/ORB_SLAM3/include/LocalMapping.h:24,
                 from /home/ambushee/wil_project/thirdparty/ORB_SLAM3/include/LoopClosing.h:24,
                 from /home/ambushee/wil_project/thirdparty/ORB_SLAM3/src/LoopClosing.cc:20:
/home/ambushee/wil_project/thirdparty/ORB_SLAM3/include/CameraModels/KannalaBrandt8.h:47:9: warning:   when initialized here [-Wreorder]
   47 |         KannalaBrandt8(const std::vector<float> _vParameters) : GeometricCamera(_vParameters), precision(1e-6), mvLappingArea(2,0) ,tvr(nullptr) {
      |         ^~~~~~~~~~~~~~
In file included from /home/ambushee/wil_project/thirdparty/ORB_SLAM3/include/Atlas.h:27,
                 from /home/ambushee/wil_project/thirdparty/ORB_SLAM3/include/LocalMapping.h:24,
                 from /home/ambushee/wil_project/thirdparty/ORB_SLAM3/include/LoopClosing.h:24,
                 from /home/ambushee/wil_project/thirdparty/ORB_SLAM3/src/LoopClosing.cc:20:
/home/ambushee/wil_project/thirdparty/ORB_SLAM3/include/CameraModels/KannalaBrandt8.h: In constructor ‘ORB_SLAM3::KannalaBrandt8::KannalaBrandt8(std::vector<float>, float)’:
/home/ambushee/wil_project/thirdparty/ORB_SLAM3/include/CameraModels/KannalaBrandt8.h:102:21: warning: ‘ORB_SLAM3::KannalaBrandt8::precision’ will be initialized after [-Wreorder]
  102 |         const float precision;
      |                     ^~~~~~~~~
/home/ambushee/wil_project/thirdparty/ORB_SLAM3/include/CameraModels/KannalaBrandt8.h:88:26: warning:   ‘std::vector<int> ORB_SLAM3::KannalaBrandt8::mvLappingArea’ [-Wreorder]
   88 |         std::vector<int> mvLappingArea;
      |                          ^~~~~~~~~~~~~
/home/ambushee/wil_project/thirdparty/ORB_SLAM3/include/CameraModels/KannalaBrandt8.h:53:9: warning:   when initialized here [-Wreorder]
   53 |         KannalaBrandt8(const std::vector<float> _vParameters, const float _precision) : GeometricCamera(_vParameters),
      |         ^~~~~~~~~~~~~~
/home/ambushee/wil_project/thirdparty/ORB_SLAM3/include/CameraModels/KannalaBrandt8.h: In constructor ‘ORB_SLAM3::KannalaBrandt8::KannalaBrandt8(ORB_SLAM3::KannalaBrandt8*)’:
/home/ambushee/wil_project/thirdparty/ORB_SLAM3/include/CameraModels/KannalaBrandt8.h:102:21: warning: ‘ORB_SLAM3::KannalaBrandt8::precision’ will be initialized after [-Wreorder]
  102 |         const float precision;
      |                     ^~~~~~~~~
/home/ambushee/wil_project/thirdparty/ORB_SLAM3/include/CameraModels/KannalaBrandt8.h:88:26: warning:   ‘std::vector<int> ORB_SLAM3::KannalaBrandt8::mvLappingArea’ [-Wreorder]
   88 |         std::vector<int> mvLappingArea;
      |                          ^~~~~~~~~~~~~
/home/ambushee/wil_project/thirdparty/ORB_SLAM3/include/CameraModels/KannalaBrandt8.h:59:9: warning:   when initialized here [-Wreorder]
   59 |         KannalaBrandt8(KannalaBrandt8* pKannala) : GeometricCamera(pKannala->mvParameters), precision(pKannala->precision), mvLappingArea(2,0) ,tvr(nullptr) {
      |         ^~~~~~~~~~~~~~
In file included from /home/ambushee/wil_project/thirdparty/ORB_SLAM3/Thirdparty/g2o/g2o/types/types_six_dof_expmap.h:38,
                 from /home/ambushee/wil_project/thirdparty/ORB_SLAM3/include/Converter.h:26,
                 from /home/ambushee/wil_project/thirdparty/ORB_SLAM3/include/Frame.h:33,
                 from /home/ambushee/wil_project/thirdparty/ORB_SLAM3/src/Frame.cc:19:
/home/ambushee/wil_project/thirdparty/ORB_SLAM3/Thirdparty/g2o/g2o/types/../core/base_binary_edge.h: In instantiation of ‘class g2o::BaseBinaryEdge<3, Eigen::Matrix<double, 3, 1>, g2o::VertexSBAPointXYZ, ORB_SLAM3::VertexPose>’:
/home/ambushee/wil_project/thirdparty/ORB_SLAM3/include/G2oTypes.h:425:32:   required from here
/home/ambushee/wil_project/thirdparty/ORB_SLAM3/Thirdparty/g2o/g2o/types/../core/base_binary_edge.h:59:80: warning: ‘Eigen::AlignedBit’ is deprecated [-Wdeprecated-declarations]
   59 |       typedef Eigen::Map<Matrix<double, Di, Dj>, Matrix<double, Di, Dj>::Flags & AlignedBit ? Aligned : Unaligned > HessianBlockType;
      |                                                                          ~~~~~~^~~~~~~~~~~~
In file included from /usr/include/eigen3/Eigen/Core:161,
                 from /usr/include/eigen3/Eigen/LU:11,
                 from /home/ambushee/wil_project/thirdparty/ORB_SLAM3/Thirdparty/Sophus/sophus/so2.hpp:12,
                 from /home/ambushee/wil_project/thirdparty/ORB_SLAM3/Thirdparty/Sophus/sophus/se2.hpp:7,
                 from /home/ambushee/wil_project/thirdparty/ORB_SLAM3/Thirdparty/Sophus/sophus/geometry.hpp:7,
                 from /home/ambushee/wil_project/thirdparty/ORB_SLAM3/include/Frame.h:28,
                 from /home/ambushee/wil_project/thirdparty/ORB_SLAM3/src/Frame.cc:19:
/usr/include/eigen3/Eigen/src/Core/util/Constants.h:167:37: note: declared here
  167 | EIGEN_DEPRECATED const unsigned int AlignedBit = 0x80;
      |                                     ^~~~~~~~~~
In file included from /home/ambushee/wil_project/thirdparty/ORB_SLAM3/Thirdparty/g2o/g2o/types/types_six_dof_expmap.h:38,
                 from /home/ambushee/wil_project/thirdparty/ORB_SLAM3/include/Converter.h:26,
                 from /home/ambushee/wil_project/thirdparty/ORB_SLAM3/include/Frame.h:33,
                 from /home/ambushee/wil_project/thirdparty/ORB_SLAM3/src/Frame.cc:19:
/home/ambushee/wil_project/thirdparty/ORB_SLAM3/Thirdparty/g2o/g2o/types/../core/base_binary_edge.h:60:80: warning: ‘Eigen::AlignedBit’ is deprecated [-Wdeprecated-declarations]
   60 |       typedef Eigen::Map<Matrix<double, Dj, Di>, Matrix<double, Dj, Di>::Flags & AlignedBit ? Aligned : Unaligned > HessianBlockTransposedType;
      |                                                                          ~~~~~~^~~~~~~~~~~~
In file included from /usr/include/eigen3/Eigen/Core:161,
                 from /usr/include/eigen3/Eigen/LU:11,
                 from /home/ambushee/wil_project/thirdparty/ORB_SLAM3/Thirdparty/Sophus/sophus/so2.hpp:12,
                 from /home/ambushee/wil_project/thirdparty/ORB_SLAM3/Thirdparty/Sophus/sophus/se2.hpp:7,
                 from /home/ambushee/wil_project/thirdparty/ORB_SLAM3/Thirdparty/Sophus/sophus/geometry.hpp:7,
                 from /home/ambushee/wil_project/thirdparty/ORB_SLAM3/include/Frame.h:28,
                 from /home/ambushee/wil_project/thirdparty/ORB_SLAM3/src/Frame.cc:19:
/usr/include/eigen3/Eigen/src/Core/util/Constants.h:167:37: note: declared here
  167 | EIGEN_DEPRECATED const unsigned int AlignedBit = 0x80;
      |                                     ^~~~~~~~~~
In file included from /home/ambushee/wil_project/thirdparty/ORB_SLAM3/include/Atlas.h:27,
                 from /home/ambushee/wil_project/thirdparty/ORB_SLAM3/include/Tracking.h:28,
                 from /home/ambushee/wil_project/thirdparty/ORB_SLAM3/include/FrameDrawer.h:23,
                 from /home/ambushee/wil_project/thirdparty/ORB_SLAM3/include/Viewer.h:23,
                 from /home/ambushee/wil_project/thirdparty/ORB_SLAM3/src/Viewer.cc:20:
/home/ambushee/wil_project/thirdparty/ORB_SLAM3/include/CameraModels/KannalaBrandt8.h: In constructor ‘ORB_SLAM3::KannalaBrandt8::KannalaBrandt8(std::vector<float>)’:
/home/ambushee/wil_project/thirdparty/ORB_SLAM3/include/CameraModels/KannalaBrandt8.h:102:21: warning: ‘ORB_SLAM3::KannalaBrandt8::precision’ will be initialized after [-Wreorder]
  102 |         const float precision;
      |                     ^~~~~~~~~
/home/ambushee/wil_project/thirdparty/ORB_SLAM3/include/CameraModels/KannalaBrandt8.h:88:26: warning:   ‘std::vector<int> ORB_SLAM3::KannalaBrandt8::mvLappingArea’ [-Wreorder]
   88 |         std::vector<int> mvLappingArea;
      |                          ^~~~~~~~~~~~~
In file included from /home/ambushee/wil_project/thirdparty/ORB_SLAM3/include/Atlas.h:27,
                 from /home/ambushee/wil_project/thirdparty/ORB_SLAM3/include/Tracking.h:28,
                 from /home/ambushee/wil_project/thirdparty/ORB_SLAM3/include/FrameDrawer.h:23,
                 from /home/ambushee/wil_project/thirdparty/ORB_SLAM3/include/Viewer.h:23,
                 from /home/ambushee/wil_project/thirdparty/ORB_SLAM3/src/Viewer.cc:20:
/home/ambushee/wil_project/thirdparty/ORB_SLAM3/include/CameraModels/KannalaBrandt8.h:47:9: warning:   when initialized here [-Wreorder]
   47 |         KannalaBrandt8(const std::vector<float> _vParameters) : GeometricCamera(_vParameters), precision(1e-6), mvLappingArea(2,0) ,tvr(nullptr) {
      |         ^~~~~~~~~~~~~~
In file included from /home/ambushee/wil_project/thirdparty/ORB_SLAM3/include/Atlas.h:27,
                 from /home/ambushee/wil_project/thirdparty/ORB_SLAM3/include/Tracking.h:28,
                 from /home/ambushee/wil_project/thirdparty/ORB_SLAM3/include/FrameDrawer.h:23,
                 from /home/ambushee/wil_project/thirdparty/ORB_SLAM3/include/Viewer.h:23,
                 from /home/ambushee/wil_project/thirdparty/ORB_SLAM3/src/Viewer.cc:20:
/home/ambushee/wil_project/thirdparty/ORB_SLAM3/include/CameraModels/KannalaBrandt8.h: In constructor ‘ORB_SLAM3::KannalaBrandt8::KannalaBrandt8(std::vector<float>, float)’:
/home/ambushee/wil_project/thirdparty/ORB_SLAM3/include/CameraModels/KannalaBrandt8.h:102:21: warning: ‘ORB_SLAM3::KannalaBrandt8::precision’ will be initialized after [-Wreorder]
  102 |         const float precision;
      |                     ^~~~~~~~~
/home/ambushee/wil_project/thirdparty/ORB_SLAM3/include/CameraModels/KannalaBrandt8.h:88:26: warning:   ‘std::vector<int> ORB_SLAM3::KannalaBrandt8::mvLappingArea’ [-Wreorder]
   88 |         std::vector<int> mvLappingArea;
      |                          ^~~~~~~~~~~~~
/home/ambushee/wil_project/thirdparty/ORB_SLAM3/include/CameraModels/KannalaBrandt8.h:53:9: warning:   when initialized here [-Wreorder]
   53 |         KannalaBrandt8(const std::vector<float> _vParameters, const float _precision) : GeometricCamera(_vParameters),
      |         ^~~~~~~~~~~~~~
/home/ambushee/wil_project/thirdparty/ORB_SLAM3/include/CameraModels/KannalaBrandt8.h: In constructor ‘ORB_SLAM3::KannalaBrandt8::KannalaBrandt8(ORB_SLAM3::KannalaBrandt8*)’:
/home/ambushee/wil_project/thirdparty/ORB_SLAM3/include/CameraModels/KannalaBrandt8.h:102:21: warning: ‘ORB_SLAM3::KannalaBrandt8::precision’ will be initialized after [-Wreorder]
  102 |         const float precision;
      |                     ^~~~~~~~~
/home/ambushee/wil_project/thirdparty/ORB_SLAM3/include/CameraModels/KannalaBrandt8.h:88:26: warning:   ‘std::vector<int> ORB_SLAM3::KannalaBrandt8::mvLappingArea’ [-Wreorder]
   88 |         std::vector<int> mvLappingArea;
      |                          ^~~~~~~~~~~~~
/home/ambushee/wil_project/thirdparty/ORB_SLAM3/include/CameraModels/KannalaBrandt8.h:59:9: warning:   when initialized here [-Wreorder]
   59 |         KannalaBrandt8(KannalaBrandt8* pKannala) : GeometricCamera(pKannala->mvParameters), precision(pKannala->precision), mvLappingArea(2,0) ,tvr(nullptr) {
      |         ^~~~~~~~~~~~~~
In file included from /home/ambushee/wil_project/thirdparty/ORB_SLAM3/include/Atlas.h:27,
                 from /home/ambushee/wil_project/thirdparty/ORB_SLAM3/include/LocalMapping.h:24,
                 from /home/ambushee/wil_project/thirdparty/ORB_SLAM3/include/LoopClosing.h:24,
                 from /home/ambushee/wil_project/thirdparty/ORB_SLAM3/include/Optimizer.h:26,
                 from /home/ambushee/wil_project/thirdparty/ORB_SLAM3/src/Optimizer.cc:20:
/home/ambushee/wil_project/thirdparty/ORB_SLAM3/include/CameraModels/KannalaBrandt8.h: In constructor ‘ORB_SLAM3::KannalaBrandt8::KannalaBrandt8(std::vector<float>)’:
/home/ambushee/wil_project/thirdparty/ORB_SLAM3/include/CameraModels/KannalaBrandt8.h:102:21: warning: ‘ORB_SLAM3::KannalaBrandt8::precision’ will be initialized after [-Wreorder]
  102 |         const float precision;
      |                     ^~~~~~~~~
/home/ambushee/wil_project/thirdparty/ORB_SLAM3/include/CameraModels/KannalaBrandt8.h:88:26: warning:   ‘std::vector<int> ORB_SLAM3::KannalaBrandt8::mvLappingArea’ [-Wreorder]
   88 |         std::vector<int> mvLappingArea;
      |                          ^~~~~~~~~~~~~
In file included from /home/ambushee/wil_project/thirdparty/ORB_SLAM3/include/Atlas.h:27,
                 from /home/ambushee/wil_project/thirdparty/ORB_SLAM3/include/LocalMapping.h:24,
                 from /home/ambushee/wil_project/thirdparty/ORB_SLAM3/include/LoopClosing.h:24,
                 from /home/ambushee/wil_project/thirdparty/ORB_SLAM3/include/Optimizer.h:26,
                 from /home/ambushee/wil_project/thirdparty/ORB_SLAM3/src/Optimizer.cc:20:
/home/ambushee/wil_project/thirdparty/ORB_SLAM3/include/CameraModels/KannalaBrandt8.h:47:9: warning:   when initialized here [-Wreorder]
   47 |         KannalaBrandt8(const std::vector<float> _vParameters) : GeometricCamera(_vParameters), precision(1e-6), mvLappingArea(2,0) ,tvr(nullptr) {
      |         ^~~~~~~~~~~~~~
In file included from /home/ambushee/wil_project/thirdparty/ORB_SLAM3/include/Atlas.h:27,
                 from /home/ambushee/wil_project/thirdparty/ORB_SLAM3/include/LocalMapping.h:24,
                 from /home/ambushee/wil_project/thirdparty/ORB_SLAM3/include/LoopClosing.h:24,
                 from /home/ambushee/wil_project/thirdparty/ORB_SLAM3/include/Optimizer.h:26,
                 from /home/ambushee/wil_project/thirdparty/ORB_SLAM3/src/Optimizer.cc:20:
/home/ambushee/wil_project/thirdparty/ORB_SLAM3/include/CameraModels/KannalaBrandt8.h: In constructor ‘ORB_SLAM3::KannalaBrandt8::KannalaBrandt8(std::vector<float>, float)’:
/home/ambushee/wil_project/thirdparty/ORB_SLAM3/include/CameraModels/KannalaBrandt8.h:102:21: warning: ‘ORB_SLAM3::KannalaBrandt8::precision’ will be initialized after [-Wreorder]
  102 |         const float precision;
      |                     ^~~~~~~~~
/home/ambushee/wil_project/thirdparty/ORB_SLAM3/include/CameraModels/KannalaBrandt8.h:88:26: warning:   ‘std::vector<int> ORB_SLAM3::KannalaBrandt8::mvLappingArea’ [-Wreorder]
   88 |         std::vector<int> mvLappingArea;
      |                          ^~~~~~~~~~~~~
/home/ambushee/wil_project/thirdparty/ORB_SLAM3/include/CameraModels/KannalaBrandt8.h:53:9: warning:   when initialized here [-Wreorder]
   53 |         KannalaBrandt8(const std::vector<float> _vParameters, const float _precision) : GeometricCamera(_vParameters),
      |         ^~~~~~~~~~~~~~
/home/ambushee/wil_project/thirdparty/ORB_SLAM3/include/CameraModels/KannalaBrandt8.h: In constructor ‘ORB_SLAM3::KannalaBrandt8::KannalaBrandt8(ORB_SLAM3::KannalaBrandt8*)’:
/home/ambushee/wil_project/thirdparty/ORB_SLAM3/include/CameraModels/KannalaBrandt8.h:102:21: warning: ‘ORB_SLAM3::KannalaBrandt8::precision’ will be initialized after [-Wreorder]
  102 |         const float precision;
      |                     ^~~~~~~~~
/home/ambushee/wil_project/thirdparty/ORB_SLAM3/include/CameraModels/KannalaBrandt8.h:88:26: warning:   ‘std::vector<int> ORB_SLAM3::KannalaBrandt8::mvLappingArea’ [-Wreorder]
   88 |         std::vector<int> mvLappingArea;
      |                          ^~~~~~~~~~~~~
/home/ambushee/wil_project/thirdparty/ORB_SLAM3/include/CameraModels/KannalaBrandt8.h:59:9: warning:   when initialized here [-Wreorder]
   59 |         KannalaBrandt8(KannalaBrandt8* pKannala) : GeometricCamera(pKannala->mvParameters), precision(pKannala->precision), mvLappingArea(2,0) ,tvr(nullptr) {
      |         ^~~~~~~~~~~~~~
In file included from /home/ambushee/wil_project/thirdparty/ORB_SLAM3/include/G2oTypes.h:25,
                 from /home/ambushee/wil_project/thirdparty/ORB_SLAM3/src/Tracking.cc:25:
/home/ambushee/wil_project/thirdparty/ORB_SLAM3/Thirdparty/g2o/g2o/core/base_multi_edge.h: At global scope:
/home/ambushee/wil_project/thirdparty/ORB_SLAM3/Thirdparty/g2o/g2o/core/base_multi_edge.h:69:54: warning: ‘Eigen::AlignedBit’ is deprecated [-Wdeprecated-declarations]
   69 |       typedef Eigen::Map<MatrixXd, MatrixXd::Flags & AlignedBit ? Aligned : Unaligned > HessianBlockType;
      |                                                      ^~~~~~~~~~
In file included from /usr/include/eigen3/Eigen/Core:161,
                 from /usr/include/eigen3/Eigen/LU:11,
                 from /home/ambushee/wil_project/thirdparty/ORB_SLAM3/Thirdparty/Sophus/sophus/so2.hpp:12,
                 from /home/ambushee/wil_project/thirdparty/ORB_SLAM3/Thirdparty/Sophus/sophus/se2.hpp:7,
                 from /home/ambushee/wil_project/thirdparty/ORB_SLAM3/Thirdparty/Sophus/sophus/geometry.hpp:7,
                 from /home/ambushee/wil_project/thirdparty/ORB_SLAM3/include/Frame.h:28,
                 from /home/ambushee/wil_project/thirdparty/ORB_SLAM3/include/KeyFrame.h:28,
                 from /home/ambushee/wil_project/thirdparty/ORB_SLAM3/include/MapPoint.h:23,
                 from /home/ambushee/wil_project/thirdparty/ORB_SLAM3/include/FrameDrawer.h:24,
                 from /home/ambushee/wil_project/thirdparty/ORB_SLAM3/include/Viewer.h:23,
                 from /home/ambushee/wil_project/thirdparty/ORB_SLAM3/include/Tracking.h:26,
                 from /home/ambushee/wil_project/thirdparty/ORB_SLAM3/src/Tracking.cc:20:
/usr/include/eigen3/Eigen/src/Core/util/Constants.h:167:37: note: declared here
  167 | EIGEN_DEPRECATED const unsigned int AlignedBit = 0x80;
      |                                     ^~~~~~~~~~
In file included from /home/ambushee/wil_project/thirdparty/ORB_SLAM3/Thirdparty/g2o/g2o/types/types_six_dof_expmap.h:37,
                 from /home/ambushee/wil_project/thirdparty/ORB_SLAM3/include/Converter.h:26,
                 from /home/ambushee/wil_project/thirdparty/ORB_SLAM3/include/Frame.h:33,
                 from /home/ambushee/wil_project/thirdparty/ORB_SLAM3/include/KeyFrame.h:28,
                 from /home/ambushee/wil_project/thirdparty/ORB_SLAM3/include/MapPoint.h:23,
                 from /home/ambushee/wil_project/thirdparty/ORB_SLAM3/include/FrameDrawer.h:24,
                 from /home/ambushee/wil_project/thirdparty/ORB_SLAM3/include/Viewer.h:23,
                 from /home/ambushee/wil_project/thirdparty/ORB_SLAM3/include/Tracking.h:26,
                 from /home/ambushee/wil_project/thirdparty/ORB_SLAM3/src/Tracking.cc:20:
/home/ambushee/wil_project/thirdparty/ORB_SLAM3/Thirdparty/g2o/g2o/types/../core/base_vertex.h: In instantiation of ‘class g2o::BaseVertex<6, ORB_SLAM3::ImuCamPose>’:
/home/ambushee/wil_project/thirdparty/ORB_SLAM3/include/G2oTypes.h:130:32:   required from here
/home/ambushee/wil_project/thirdparty/ORB_SLAM3/Thirdparty/g2o/g2o/types/../core/base_vertex.h:62:72: warning: ‘Eigen::AlignedBit’ is deprecated [-Wdeprecated-declarations]
   62 |     typedef Eigen::Map<Matrix<double, D, D>, Matrix<double,D,D>::Flags & AlignedBit ? Aligned : Unaligned >  HessianBlockType;
      |                                                                  ~~~~~~^~~~~~~~~~~~
In file included from /usr/include/eigen3/Eigen/Core:161,
                 from /usr/include/eigen3/Eigen/LU:11,
                 from /home/ambushee/wil_project/thirdparty/ORB_SLAM3/Thirdparty/Sophus/sophus/so2.hpp:12,
                 from /home/ambushee/wil_project/thirdparty/ORB_SLAM3/Thirdparty/Sophus/sophus/se2.hpp:7,
                 from /home/ambushee/wil_project/thirdparty/ORB_SLAM3/Thirdparty/Sophus/sophus/geometry.hpp:7,
                 from /home/ambushee/wil_project/thirdparty/ORB_SLAM3/include/Frame.h:28,
                 from /home/ambushee/wil_project/thirdparty/ORB_SLAM3/include/KeyFrame.h:28,
                 from /home/ambushee/wil_project/thirdparty/ORB_SLAM3/include/MapPoint.h:23,
                 from /home/ambushee/wil_project/thirdparty/ORB_SLAM3/include/FrameDrawer.h:24,
                 from /home/ambushee/wil_project/thirdparty/ORB_SLAM3/include/Viewer.h:23,
                 from /home/ambushee/wil_project/thirdparty/ORB_SLAM3/include/Tracking.h:26,
                 from /home/ambushee/wil_project/thirdparty/ORB_SLAM3/src/Tracking.cc:20:
/usr/include/eigen3/Eigen/src/Core/util/Constants.h:167:37: note: declared here
  167 | EIGEN_DEPRECATED const unsigned int AlignedBit = 0x80;
      |                                     ^~~~~~~~~~
In file included from /home/ambushee/wil_project/thirdparty/ORB_SLAM3/Thirdparty/g2o/g2o/types/types_six_dof_expmap.h:37,
                 from /home/ambushee/wil_project/thirdparty/ORB_SLAM3/include/Converter.h:26,
                 from /home/ambushee/wil_project/thirdparty/ORB_SLAM3/include/Frame.h:33,
                 from /home/ambushee/wil_project/thirdparty/ORB_SLAM3/include/KeyFrame.h:28,
                 from /home/ambushee/wil_project/thirdparty/ORB_SLAM3/include/MapPoint.h:23,
                 from /home/ambushee/wil_project/thirdparty/ORB_SLAM3/include/FrameDrawer.h:24,
                 from /home/ambushee/wil_project/thirdparty/ORB_SLAM3/include/Viewer.h:23,
                 from /home/ambushee/wil_project/thirdparty/ORB_SLAM3/include/Tracking.h:26,
                 from /home/ambushee/wil_project/thirdparty/ORB_SLAM3/src/Tracking.cc:20:
/home/ambushee/wil_project/thirdparty/ORB_SLAM3/Thirdparty/g2o/g2o/types/../core/base_vertex.h: In instantiation of ‘class g2o::BaseVertex<4, ORB_SLAM3::ImuCamPose>’:
/home/ambushee/wil_project/thirdparty/ORB_SLAM3/include/G2oTypes.h:155:36:   required from here
/home/ambushee/wil_project/thirdparty/ORB_SLAM3/Thirdparty/g2o/g2o/types/../core/base_vertex.h:62:72: warning: ‘Eigen::AlignedBit’ is deprecated [-Wdeprecated-declarations]
   62 |     typedef Eigen::Map<Matrix<double, D, D>, Matrix<double,D,D>::Flags & AlignedBit ? Aligned : Unaligned >  HessianBlockType;
      |                                                                  ~~~~~~^~~~~~~~~~~~
In file included from /usr/include/eigen3/Eigen/Core:161,
                 from /usr/include/eigen3/Eigen/LU:11,
                 from /home/ambushee/wil_project/thirdparty/ORB_SLAM3/Thirdparty/Sophus/sophus/so2.hpp:12,
                 from /home/ambushee/wil_project/thirdparty/ORB_SLAM3/Thirdparty/Sophus/sophus/se2.hpp:7,
                 from /home/ambushee/wil_project/thirdparty/ORB_SLAM3/Thirdparty/Sophus/sophus/geometry.hpp:7,
                 from /home/ambushee/wil_project/thirdparty/ORB_SLAM3/include/Frame.h:28,
                 from /home/ambushee/wil_project/thirdparty/ORB_SLAM3/include/KeyFrame.h:28,
                 from /home/ambushee/wil_project/thirdparty/ORB_SLAM3/include/MapPoint.h:23,
                 from /home/ambushee/wil_project/thirdparty/ORB_SLAM3/include/FrameDrawer.h:24,
                 from /home/ambushee/wil_project/thirdparty/ORB_SLAM3/include/Viewer.h:23,
                 from /home/ambushee/wil_project/thirdparty/ORB_SLAM3/include/Tracking.h:26,
                 from /home/ambushee/wil_project/thirdparty/ORB_SLAM3/src/Tracking.cc:20:
/usr/include/eigen3/Eigen/src/Core/util/Constants.h:167:37: note: declared here
  167 | EIGEN_DEPRECATED const unsigned int AlignedBit = 0x80;
      |                                     ^~~~~~~~~~
In file included from /home/ambushee/wil_project/thirdparty/ORB_SLAM3/Thirdparty/g2o/g2o/types/types_six_dof_expmap.h:37,
                 from /home/ambushee/wil_project/thirdparty/ORB_SLAM3/include/Converter.h:26,
                 from /home/ambushee/wil_project/thirdparty/ORB_SLAM3/include/Frame.h:33,
                 from /home/ambushee/wil_project/thirdparty/ORB_SLAM3/include/KeyFrame.h:28,
                 from /home/ambushee/wil_project/thirdparty/ORB_SLAM3/include/MapPoint.h:23,
                 from /home/ambushee/wil_project/thirdparty/ORB_SLAM3/include/FrameDrawer.h:24,
                 from /home/ambushee/wil_project/thirdparty/ORB_SLAM3/include/Viewer.h:23,
                 from /home/ambushee/wil_project/thirdparty/ORB_SLAM3/include/Tracking.h:26,
                 from /home/ambushee/wil_project/thirdparty/ORB_SLAM3/src/Tracking.cc:20:
/home/ambushee/wil_project/thirdparty/ORB_SLAM3/Thirdparty/g2o/g2o/types/../core/base_vertex.h: In instantiation of ‘class g2o::BaseVertex<2, ORB_SLAM3::GDirection>’:
/home/ambushee/wil_project/thirdparty/ORB_SLAM3/include/G2oTypes.h:274:32:   required from here
/home/ambushee/wil_project/thirdparty/ORB_SLAM3/Thirdparty/g2o/g2o/types/../core/base_vertex.h:62:72: warning: ‘Eigen::AlignedBit’ is deprecated [-Wdeprecated-declarations]
   62 |     typedef Eigen::Map<Matrix<double, D, D>, Matrix<double,D,D>::Flags & AlignedBit ? Aligned : Unaligned >  HessianBlockType;
      |                                                                  ~~~~~~^~~~~~~~~~~~
In file included from /usr/include/eigen3/Eigen/Core:161,
                 from /usr/include/eigen3/Eigen/LU:11,
                 from /home/ambushee/wil_project/thirdparty/ORB_SLAM3/Thirdparty/Sophus/sophus/so2.hpp:12,
                 from /home/ambushee/wil_project/thirdparty/ORB_SLAM3/Thirdparty/Sophus/sophus/se2.hpp:7,
                 from /home/ambushee/wil_project/thirdparty/ORB_SLAM3/Thirdparty/Sophus/sophus/geometry.hpp:7,
                 from /home/ambushee/wil_project/thirdparty/ORB_SLAM3/include/Frame.h:28,
                 from /home/ambushee/wil_project/thirdparty/ORB_SLAM3/include/KeyFrame.h:28,
                 from /home/ambushee/wil_project/thirdparty/ORB_SLAM3/include/MapPoint.h:23,
                 from /home/ambushee/wil_project/thirdparty/ORB_SLAM3/include/FrameDrawer.h:24,
                 from /home/ambushee/wil_project/thirdparty/ORB_SLAM3/include/Viewer.h:23,
                 from /home/ambushee/wil_project/thirdparty/ORB_SLAM3/include/Tracking.h:26,
                 from /home/ambushee/wil_project/thirdparty/ORB_SLAM3/src/Tracking.cc:20:
/usr/include/eigen3/Eigen/src/Core/util/Constants.h:167:37: note: declared here
  167 | EIGEN_DEPRECATED const unsigned int AlignedBit = 0x80;
      |                                     ^~~~~~~~~~
In file included from /home/ambushee/wil_project/thirdparty/ORB_SLAM3/Thirdparty/g2o/g2o/types/types_six_dof_expmap.h:37,
                 from /home/ambushee/wil_project/thirdparty/ORB_SLAM3/include/Converter.h:26,
                 from /home/ambushee/wil_project/thirdparty/ORB_SLAM3/include/Frame.h:33,
                 from /home/ambushee/wil_project/thirdparty/ORB_SLAM3/include/KeyFrame.h:28,
                 from /home/ambushee/wil_project/thirdparty/ORB_SLAM3/include/MapPoint.h:23,
                 from /home/ambushee/wil_project/thirdparty/ORB_SLAM3/include/FrameDrawer.h:24,
                 from /home/ambushee/wil_project/thirdparty/ORB_SLAM3/include/Viewer.h:23,
                 from /home/ambushee/wil_project/thirdparty/ORB_SLAM3/include/Tracking.h:26,
                 from /home/ambushee/wil_project/thirdparty/ORB_SLAM3/src/Tracking.cc:20:
/home/ambushee/wil_project/thirdparty/ORB_SLAM3/Thirdparty/g2o/g2o/types/../core/base_vertex.h: In instantiation of ‘class g2o::BaseVertex<1, double>’:
/home/ambushee/wil_project/thirdparty/ORB_SLAM3/include/G2oTypes.h:296:33:   required from here
/home/ambushee/wil_project/thirdparty/ORB_SLAM3/Thirdparty/g2o/g2o/types/../core/base_vertex.h:62:72: warning: ‘Eigen::AlignedBit’ is deprecated [-Wdeprecated-declarations]
   62 |     typedef Eigen::Map<Matrix<double, D, D>, Matrix<double,D,D>::Flags & AlignedBit ? Aligned : Unaligned >  HessianBlockType;
      |                                                                  ~~~~~~^~~~~~~~~~~~
In file included from /usr/include/eigen3/Eigen/Core:161,
                 from /usr/include/eigen3/Eigen/LU:11,
                 from /home/ambushee/wil_project/thirdparty/ORB_SLAM3/Thirdparty/Sophus/sophus/so2.hpp:12,
                 from /home/ambushee/wil_project/thirdparty/ORB_SLAM3/Thirdparty/Sophus/sophus/se2.hpp:7,
                 from /home/ambushee/wil_project/thirdparty/ORB_SLAM3/Thirdparty/Sophus/sophus/geometry.hpp:7,
                 from /home/ambushee/wil_project/thirdparty/ORB_SLAM3/include/Frame.h:28,
                 from /home/ambushee/wil_project/thirdparty/ORB_SLAM3/include/KeyFrame.h:28,
                 from /home/ambushee/wil_project/thirdparty/ORB_SLAM3/include/MapPoint.h:23,
                 from /home/ambushee/wil_project/thirdparty/ORB_SLAM3/include/FrameDrawer.h:24,
                 from /home/ambushee/wil_project/thirdparty/ORB_SLAM3/include/Viewer.h:23,
                 from /home/ambushee/wil_project/thirdparty/ORB_SLAM3/include/Tracking.h:26,
                 from /home/ambushee/wil_project/thirdparty/ORB_SLAM3/src/Tracking.cc:20:
/usr/include/eigen3/Eigen/src/Core/util/Constants.h:167:37: note: declared here
  167 | EIGEN_DEPRECATED const unsigned int AlignedBit = 0x80;
      |                                     ^~~~~~~~~~
In file included from /home/ambushee/wil_project/thirdparty/ORB_SLAM3/Thirdparty/g2o/g2o/types/types_six_dof_expmap.h:37,
                 from /home/ambushee/wil_project/thirdparty/ORB_SLAM3/include/Converter.h:26,
                 from /home/ambushee/wil_project/thirdparty/ORB_SLAM3/include/Frame.h:33,
                 from /home/ambushee/wil_project/thirdparty/ORB_SLAM3/include/KeyFrame.h:28,
                 from /home/ambushee/wil_project/thirdparty/ORB_SLAM3/include/MapPoint.h:23,
                 from /home/ambushee/wil_project/thirdparty/ORB_SLAM3/include/FrameDrawer.h:24,
                 from /home/ambushee/wil_project/thirdparty/ORB_SLAM3/include/Viewer.h:23,
                 from /home/ambushee/wil_project/thirdparty/ORB_SLAM3/include/Tracking.h:26,
                 from /home/ambushee/wil_project/thirdparty/ORB_SLAM3/src/Tracking.cc:20:
/home/ambushee/wil_project/thirdparty/ORB_SLAM3/Thirdparty/g2o/g2o/types/../core/base_vertex.h: In instantiation of ‘class g2o::BaseVertex<1, ORB_SLAM3::InvDepthPoint>’:
/home/ambushee/wil_project/thirdparty/ORB_SLAM3/include/G2oTypes.h:321:36:   required from here
/home/ambushee/wil_project/thirdparty/ORB_SLAM3/Thirdparty/g2o/g2o/types/../core/base_vertex.h:62:72: warning: ‘Eigen::AlignedBit’ is deprecated [-Wdeprecated-declarations]
   62 |     typedef Eigen::Map<Matrix<double, D, D>, Matrix<double,D,D>::Flags & AlignedBit ? Aligned : Unaligned >  HessianBlockType;
      |                                                                  ~~~~~~^~~~~~~~~~~~
In file included from /usr/include/eigen3/Eigen/Core:161,
                 from /usr/include/eigen3/Eigen/LU:11,
                 from /home/ambushee/wil_project/thirdparty/ORB_SLAM3/Thirdparty/Sophus/sophus/so2.hpp:12,
                 from /home/ambushee/wil_project/thirdparty/ORB_SLAM3/Thirdparty/Sophus/sophus/se2.hpp:7,
                 from /home/ambushee/wil_project/thirdparty/ORB_SLAM3/Thirdparty/Sophus/sophus/geometry.hpp:7,
                 from /home/ambushee/wil_project/thirdparty/ORB_SLAM3/include/Frame.h:28,
                 from /home/ambushee/wil_project/thirdparty/ORB_SLAM3/include/KeyFrame.h:28,
                 from /home/ambushee/wil_project/thirdparty/ORB_SLAM3/include/MapPoint.h:23,
                 from /home/ambushee/wil_project/thirdparty/ORB_SLAM3/include/FrameDrawer.h:24,
                 from /home/ambushee/wil_project/thirdparty/ORB_SLAM3/include/Viewer.h:23,
                 from /home/ambushee/wil_project/thirdparty/ORB_SLAM3/include/Tracking.h:26,
                 from /home/ambushee/wil_project/thirdparty/ORB_SLAM3/src/Tracking.cc:20:
/usr/include/eigen3/Eigen/src/Core/util/Constants.h:167:37: note: declared here
  167 | EIGEN_DEPRECATED const unsigned int AlignedBit = 0x80;
      |                                     ^~~~~~~~~~
In file included from /home/ambushee/wil_project/thirdparty/ORB_SLAM3/Thirdparty/g2o/g2o/types/types_six_dof_expmap.h:38,
                 from /home/ambushee/wil_project/thirdparty/ORB_SLAM3/include/Converter.h:26,
                 from /home/ambushee/wil_project/thirdparty/ORB_SLAM3/include/Frame.h:33,
                 from /home/ambushee/wil_project/thirdparty/ORB_SLAM3/include/KeyFrame.h:28,
                 from /home/ambushee/wil_project/thirdparty/ORB_SLAM3/include/MapPoint.h:23,
                 from /home/ambushee/wil_project/thirdparty/ORB_SLAM3/include/FrameDrawer.h:24,
                 from /home/ambushee/wil_project/thirdparty/ORB_SLAM3/include/Viewer.h:23,
                 from /home/ambushee/wil_project/thirdparty/ORB_SLAM3/include/Tracking.h:26,
                 from /home/ambushee/wil_project/thirdparty/ORB_SLAM3/src/Tracking.cc:20:
/home/ambushee/wil_project/thirdparty/ORB_SLAM3/Thirdparty/g2o/g2o/types/../core/base_binary_edge.h: In instantiation of ‘class g2o::BaseBinaryEdge<2, Eigen::Matrix<double, 2, 1>, g2o::VertexSBAPointXYZ, ORB_SLAM3::VertexPose>’:
/home/ambushee/wil_project/thirdparty/ORB_SLAM3/include/G2oTypes.h:342:30:   required from here
/home/ambushee/wil_project/thirdparty/ORB_SLAM3/Thirdparty/g2o/g2o/types/../core/base_binary_edge.h:59:80: warning: ‘Eigen::AlignedBit’ is deprecated [-Wdeprecated-declarations]
   59 |       typedef Eigen::Map<Matrix<double, Di, Dj>, Matrix<double, Di, Dj>::Flags & AlignedBit ? Aligned : Unaligned > HessianBlockType;
      |                                                                          ~~~~~~^~~~~~~~~~~~
In file included from /usr/include/eigen3/Eigen/Core:161,
                 from /usr/include/eigen3/Eigen/LU:11,
                 from /home/ambushee/wil_project/thirdparty/ORB_SLAM3/Thirdparty/Sophus/sophus/so2.hpp:12,
                 from /home/ambushee/wil_project/thirdparty/ORB_SLAM3/Thirdparty/Sophus/sophus/se2.hpp:7,
                 from /home/ambushee/wil_project/thirdparty/ORB_SLAM3/Thirdparty/Sophus/sophus/geometry.hpp:7,
                 from /home/ambushee/wil_project/thirdparty/ORB_SLAM3/include/Frame.h:28,
                 from /home/ambushee/wil_project/thirdparty/ORB_SLAM3/include/KeyFrame.h:28,
                 from /home/ambushee/wil_project/thirdparty/ORB_SLAM3/include/MapPoint.h:23,
                 from /home/ambushee/wil_project/thirdparty/ORB_SLAM3/include/FrameDrawer.h:24,
                 from /home/ambushee/wil_project/thirdparty/ORB_SLAM3/include/Viewer.h:23,
                 from /home/ambushee/wil_project/thirdparty/ORB_SLAM3/include/Tracking.h:26,
                 from /home/ambushee/wil_project/thirdparty/ORB_SLAM3/src/Tracking.cc:20:
/usr/include/eigen3/Eigen/src/Core/util/Constants.h:167:37: note: declared here
  167 | EIGEN_DEPRECATED const unsigned int AlignedBit = 0x80;
      |                                     ^~~~~~~~~~
In file included from /home/ambushee/wil_project/thirdparty/ORB_SLAM3/Thirdparty/g2o/g2o/types/types_six_dof_expmap.h:38,
                 from /home/ambushee/wil_project/thirdparty/ORB_SLAM3/include/Converter.h:26,
                 from /home/ambushee/wil_project/thirdparty/ORB_SLAM3/include/Frame.h:33,
                 from /home/ambushee/wil_project/thirdparty/ORB_SLAM3/include/KeyFrame.h:28,
                 from /home/ambushee/wil_project/thirdparty/ORB_SLAM3/include/MapPoint.h:23,
                 from /home/ambushee/wil_project/thirdparty/ORB_SLAM3/include/FrameDrawer.h:24,
                 from /home/ambushee/wil_project/thirdparty/ORB_SLAM3/include/Viewer.h:23,
                 from /home/ambushee/wil_project/thirdparty/ORB_SLAM3/include/Tracking.h:26,
                 from /home/ambushee/wil_project/thirdparty/ORB_SLAM3/src/Tracking.cc:20:
/home/ambushee/wil_project/thirdparty/ORB_SLAM3/Thirdparty/g2o/g2o/types/../core/base_binary_edge.h:60:80: warning: ‘Eigen::AlignedBit’ is deprecated [-Wdeprecated-declarations]
   60 |       typedef Eigen::Map<Matrix<double, Dj, Di>, Matrix<double, Dj, Di>::Flags & AlignedBit ? Aligned : Unaligned > HessianBlockTransposedType;
      |                                                                          ~~~~~~^~~~~~~~~~~~
In file included from /usr/include/eigen3/Eigen/Core:161,
                 from /usr/include/eigen3/Eigen/LU:11,
                 from /home/ambushee/wil_project/thirdparty/ORB_SLAM3/Thirdparty/Sophus/sophus/so2.hpp:12,
                 from /home/ambushee/wil_project/thirdparty/ORB_SLAM3/Thirdparty/Sophus/sophus/se2.hpp:7,
                 from /home/ambushee/wil_project/thirdparty/ORB_SLAM3/Thirdparty/Sophus/sophus/geometry.hpp:7,
                 from /home/ambushee/wil_project/thirdparty/ORB_SLAM3/include/Frame.h:28,
                 from /home/ambushee/wil_project/thirdparty/ORB_SLAM3/include/KeyFrame.h:28,
                 from /home/ambushee/wil_project/thirdparty/ORB_SLAM3/include/MapPoint.h:23,
                 from /home/ambushee/wil_project/thirdparty/ORB_SLAM3/include/FrameDrawer.h:24,
                 from /home/ambushee/wil_project/thirdparty/ORB_SLAM3/include/Viewer.h:23,
                 from /home/ambushee/wil_project/thirdparty/ORB_SLAM3/include/Tracking.h:26,
                 from /home/ambushee/wil_project/thirdparty/ORB_SLAM3/src/Tracking.cc:20:
/usr/include/eigen3/Eigen/src/Core/util/Constants.h:167:37: note: declared here
  167 | EIGEN_DEPRECATED const unsigned int AlignedBit = 0x80;
      |                                     ^~~~~~~~~~
In file included from /home/ambushee/wil_project/thirdparty/ORB_SLAM3/Thirdparty/g2o/g2o/types/types_six_dof_expmap.h:38,
                 from /home/ambushee/wil_project/thirdparty/ORB_SLAM3/include/Converter.h:26,
                 from /home/ambushee/wil_project/thirdparty/ORB_SLAM3/include/Frame.h:33,
                 from /home/ambushee/wil_project/thirdparty/ORB_SLAM3/include/KeyFrame.h:28,
                 from /home/ambushee/wil_project/thirdparty/ORB_SLAM3/include/MapPoint.h:23,
                 from /home/ambushee/wil_project/thirdparty/ORB_SLAM3/include/FrameDrawer.h:24,
                 from /home/ambushee/wil_project/thirdparty/ORB_SLAM3/include/Viewer.h:23,
                 from /home/ambushee/wil_project/thirdparty/ORB_SLAM3/include/Tracking.h:26,
                 from /home/ambushee/wil_project/thirdparty/ORB_SLAM3/src/Tracking.cc:20:
/home/ambushee/wil_project/thirdparty/ORB_SLAM3/Thirdparty/g2o/g2o/types/../core/base_binary_edge.h: In instantiation of ‘class g2o::BaseBinaryEdge<3, Eigen::Matrix<double, 3, 1>, g2o::VertexSBAPointXYZ, ORB_SLAM3::VertexPose>’:
/home/ambushee/wil_project/thirdparty/ORB_SLAM3/include/G2oTypes.h:425:32:   required from here
/home/ambushee/wil_project/thirdparty/ORB_SLAM3/Thirdparty/g2o/g2o/types/../core/base_binary_edge.h:59:80: warning: ‘Eigen::AlignedBit’ is deprecated [-Wdeprecated-declarations]
   59 |       typedef Eigen::Map<Matrix<double, Di, Dj>, Matrix<double, Di, Dj>::Flags & AlignedBit ? Aligned : Unaligned > HessianBlockType;
      |                                                                          ~~~~~~^~~~~~~~~~~~
In file included from /usr/include/eigen3/Eigen/Core:161,
                 from /usr/include/eigen3/Eigen/LU:11,
                 from /home/ambushee/wil_project/thirdparty/ORB_SLAM3/Thirdparty/Sophus/sophus/so2.hpp:12,
                 from /home/ambushee/wil_project/thirdparty/ORB_SLAM3/Thirdparty/Sophus/sophus/se2.hpp:7,
                 from /home/ambushee/wil_project/thirdparty/ORB_SLAM3/Thirdparty/Sophus/sophus/geometry.hpp:7,
                 from /home/ambushee/wil_project/thirdparty/ORB_SLAM3/include/Frame.h:28,
                 from /home/ambushee/wil_project/thirdparty/ORB_SLAM3/include/KeyFrame.h:28,
                 from /home/ambushee/wil_project/thirdparty/ORB_SLAM3/include/MapPoint.h:23,
                 from /home/ambushee/wil_project/thirdparty/ORB_SLAM3/include/FrameDrawer.h:24,
                 from /home/ambushee/wil_project/thirdparty/ORB_SLAM3/include/Viewer.h:23,
                 from /home/ambushee/wil_project/thirdparty/ORB_SLAM3/include/Tracking.h:26,
                 from /home/ambushee/wil_project/thirdparty/ORB_SLAM3/src/Tracking.cc:20:
/usr/include/eigen3/Eigen/src/Core/util/Constants.h:167:37: note: declared here
  167 | EIGEN_DEPRECATED const unsigned int AlignedBit = 0x80;
      |                                     ^~~~~~~~~~
In file included from /home/ambushee/wil_project/thirdparty/ORB_SLAM3/Thirdparty/g2o/g2o/types/types_six_dof_expmap.h:38,
                 from /home/ambushee/wil_project/thirdparty/ORB_SLAM3/include/Converter.h:26,
                 from /home/ambushee/wil_project/thirdparty/ORB_SLAM3/include/Frame.h:33,
                 from /home/ambushee/wil_project/thirdparty/ORB_SLAM3/include/KeyFrame.h:28,
                 from /home/ambushee/wil_project/thirdparty/ORB_SLAM3/include/MapPoint.h:23,
                 from /home/ambushee/wil_project/thirdparty/ORB_SLAM3/include/FrameDrawer.h:24,
                 from /home/ambushee/wil_project/thirdparty/ORB_SLAM3/include/Viewer.h:23,
                 from /home/ambushee/wil_project/thirdparty/ORB_SLAM3/include/Tracking.h:26,
                 from /home/ambushee/wil_project/thirdparty/ORB_SLAM3/src/Tracking.cc:20:
/home/ambushee/wil_project/thirdparty/ORB_SLAM3/Thirdparty/g2o/g2o/types/../core/base_binary_edge.h:60:80: warning: ‘Eigen::AlignedBit’ is deprecated [-Wdeprecated-declarations]
   60 |       typedef Eigen::Map<Matrix<double, Dj, Di>, Matrix<double, Dj, Di>::Flags & AlignedBit ? Aligned : Unaligned > HessianBlockTransposedType;
      |                                                                          ~~~~~~^~~~~~~~~~~~
In file included from /usr/include/eigen3/Eigen/Core:161,
                 from /usr/include/eigen3/Eigen/LU:11,
                 from /home/ambushee/wil_project/thirdparty/ORB_SLAM3/Thirdparty/Sophus/sophus/so2.hpp:12,
                 from /home/ambushee/wil_project/thirdparty/ORB_SLAM3/Thirdparty/Sophus/sophus/se2.hpp:7,
                 from /home/ambushee/wil_project/thirdparty/ORB_SLAM3/Thirdparty/Sophus/sophus/geometry.hpp:7,
                 from /home/ambushee/wil_project/thirdparty/ORB_SLAM3/include/Frame.h:28,
                 from /home/ambushee/wil_project/thirdparty/ORB_SLAM3/include/KeyFrame.h:28,
                 from /home/ambushee/wil_project/thirdparty/ORB_SLAM3/include/MapPoint.h:23,
                 from /home/ambushee/wil_project/thirdparty/ORB_SLAM3/include/FrameDrawer.h:24,
                 from /home/ambushee/wil_project/thirdparty/ORB_SLAM3/include/Viewer.h:23,
                 from /home/ambushee/wil_project/thirdparty/ORB_SLAM3/include/Tracking.h:26,
                 from /home/ambushee/wil_project/thirdparty/ORB_SLAM3/src/Tracking.cc:20:
/usr/include/eigen3/Eigen/src/Core/util/Constants.h:167:37: note: declared here
  167 | EIGEN_DEPRECATED const unsigned int AlignedBit = 0x80;
      |                                     ^~~~~~~~~~
In file included from /home/ambushee/wil_project/thirdparty/ORB_SLAM3/include/G2oTypes.h:25,
                 from /home/ambushee/wil_project/thirdparty/ORB_SLAM3/src/LoopClosing.cc:26:
/home/ambushee/wil_project/thirdparty/ORB_SLAM3/Thirdparty/g2o/g2o/core/base_multi_edge.h: At global scope:
/home/ambushee/wil_project/thirdparty/ORB_SLAM3/Thirdparty/g2o/g2o/core/base_multi_edge.h:69:54: warning: ‘Eigen::AlignedBit’ is deprecated [-Wdeprecated-declarations]
   69 |       typedef Eigen::Map<MatrixXd, MatrixXd::Flags & AlignedBit ? Aligned : Unaligned > HessianBlockType;
      |                                                      ^~~~~~~~~~
In file included from /usr/include/eigen3/Eigen/Core:161,
                 from /usr/include/eigen3/Eigen/LU:11,
                 from /home/ambushee/wil_project/thirdparty/ORB_SLAM3/Thirdparty/Sophus/sophus/so2.hpp:12,
                 from /home/ambushee/wil_project/thirdparty/ORB_SLAM3/Thirdparty/Sophus/sophus/se2.hpp:7,
                 from /home/ambushee/wil_project/thirdparty/ORB_SLAM3/Thirdparty/Sophus/sophus/geometry.hpp:7,
                 from /home/ambushee/wil_project/thirdparty/ORB_SLAM3/include/Frame.h:28,
                 from /home/ambushee/wil_project/thirdparty/ORB_SLAM3/include/MapPoint.h:24,
                 from /home/ambushee/wil_project/thirdparty/ORB_SLAM3/include/KeyFrame.h:23,
                 from /home/ambushee/wil_project/thirdparty/ORB_SLAM3/include/LoopClosing.h:23,
                 from /home/ambushee/wil_project/thirdparty/ORB_SLAM3/src/LoopClosing.cc:20:
/usr/include/eigen3/Eigen/src/Core/util/Constants.h:167:37: note: declared here
  167 | EIGEN_DEPRECATED const unsigned int AlignedBit = 0x80;
      |                                     ^~~~~~~~~~
In file included from /home/ambushee/wil_project/thirdparty/ORB_SLAM3/Thirdparty/g2o/g2o/types/types_six_dof_expmap.h:37,
                 from /home/ambushee/wil_project/thirdparty/ORB_SLAM3/include/Converter.h:26,
                 from /home/ambushee/wil_project/thirdparty/ORB_SLAM3/include/Frame.h:33,
                 from /home/ambushee/wil_project/thirdparty/ORB_SLAM3/include/MapPoint.h:24,
                 from /home/ambushee/wil_project/thirdparty/ORB_SLAM3/include/KeyFrame.h:23,
                 from /home/ambushee/wil_project/thirdparty/ORB_SLAM3/include/LoopClosing.h:23,
                 from /home/ambushee/wil_project/thirdparty/ORB_SLAM3/src/LoopClosing.cc:20:
/home/ambushee/wil_project/thirdparty/ORB_SLAM3/Thirdparty/g2o/g2o/types/../core/base_vertex.h: In instantiation of ‘class g2o::BaseVertex<6, ORB_SLAM3::ImuCamPose>’:
/home/ambushee/wil_project/thirdparty/ORB_SLAM3/include/G2oTypes.h:130:32:   required from here
/home/ambushee/wil_project/thirdparty/ORB_SLAM3/Thirdparty/g2o/g2o/types/../core/base_vertex.h:62:72: warning: ‘Eigen::AlignedBit’ is deprecated [-Wdeprecated-declarations]
   62 |     typedef Eigen::Map<Matrix<double, D, D>, Matrix<double,D,D>::Flags & AlignedBit ? Aligned : Unaligned >  HessianBlockType;
      |                                                                  ~~~~~~^~~~~~~~~~~~
In file included from /usr/include/eigen3/Eigen/Core:161,
                 from /usr/include/eigen3/Eigen/LU:11,
                 from /home/ambushee/wil_project/thirdparty/ORB_SLAM3/Thirdparty/Sophus/sophus/so2.hpp:12,
                 from /home/ambushee/wil_project/thirdparty/ORB_SLAM3/Thirdparty/Sophus/sophus/se2.hpp:7,
                 from /home/ambushee/wil_project/thirdparty/ORB_SLAM3/Thirdparty/Sophus/sophus/geometry.hpp:7,
                 from /home/ambushee/wil_project/thirdparty/ORB_SLAM3/include/Frame.h:28,
                 from /home/ambushee/wil_project/thirdparty/ORB_SLAM3/include/MapPoint.h:24,
                 from /home/ambushee/wil_project/thirdparty/ORB_SLAM3/include/KeyFrame.h:23,
                 from /home/ambushee/wil_project/thirdparty/ORB_SLAM3/include/LoopClosing.h:23,
                 from /home/ambushee/wil_project/thirdparty/ORB_SLAM3/src/LoopClosing.cc:20:
/usr/include/eigen3/Eigen/src/Core/util/Constants.h:167:37: note: declared here
  167 | EIGEN_DEPRECATED const unsigned int AlignedBit = 0x80;
      |                                     ^~~~~~~~~~
In file included from /home/ambushee/wil_project/thirdparty/ORB_SLAM3/Thirdparty/g2o/g2o/types/types_six_dof_expmap.h:37,
                 from /home/ambushee/wil_project/thirdparty/ORB_SLAM3/include/Converter.h:26,
                 from /home/ambushee/wil_project/thirdparty/ORB_SLAM3/include/Frame.h:33,
                 from /home/ambushee/wil_project/thirdparty/ORB_SLAM3/include/MapPoint.h:24,
                 from /home/ambushee/wil_project/thirdparty/ORB_SLAM3/include/KeyFrame.h:23,
                 from /home/ambushee/wil_project/thirdparty/ORB_SLAM3/include/LoopClosing.h:23,
                 from /home/ambushee/wil_project/thirdparty/ORB_SLAM3/src/LoopClosing.cc:20:
/home/ambushee/wil_project/thirdparty/ORB_SLAM3/Thirdparty/g2o/g2o/types/../core/base_vertex.h: In instantiation of ‘class g2o::BaseVertex<4, ORB_SLAM3::ImuCamPose>’:
/home/ambushee/wil_project/thirdparty/ORB_SLAM3/include/G2oTypes.h:155:36:   required from here
/home/ambushee/wil_project/thirdparty/ORB_SLAM3/Thirdparty/g2o/g2o/types/../core/base_vertex.h:62:72: warning: ‘Eigen::AlignedBit’ is deprecated [-Wdeprecated-declarations]
   62 |     typedef Eigen::Map<Matrix<double, D, D>, Matrix<double,D,D>::Flags & AlignedBit ? Aligned : Unaligned >  HessianBlockType;
      |                                                                  ~~~~~~^~~~~~~~~~~~
In file included from /usr/include/eigen3/Eigen/Core:161,
                 from /usr/include/eigen3/Eigen/LU:11,
                 from /home/ambushee/wil_project/thirdparty/ORB_SLAM3/Thirdparty/Sophus/sophus/so2.hpp:12,
                 from /home/ambushee/wil_project/thirdparty/ORB_SLAM3/Thirdparty/Sophus/sophus/se2.hpp:7,
                 from /home/ambushee/wil_project/thirdparty/ORB_SLAM3/Thirdparty/Sophus/sophus/geometry.hpp:7,
                 from /home/ambushee/wil_project/thirdparty/ORB_SLAM3/include/Frame.h:28,
                 from /home/ambushee/wil_project/thirdparty/ORB_SLAM3/include/MapPoint.h:24,
                 from /home/ambushee/wil_project/thirdparty/ORB_SLAM3/include/KeyFrame.h:23,
                 from /home/ambushee/wil_project/thirdparty/ORB_SLAM3/include/LoopClosing.h:23,
                 from /home/ambushee/wil_project/thirdparty/ORB_SLAM3/src/LoopClosing.cc:20:
/usr/include/eigen3/Eigen/src/Core/util/Constants.h:167:37: note: declared here
  167 | EIGEN_DEPRECATED const unsigned int AlignedBit = 0x80;
      |                                     ^~~~~~~~~~
In file included from /home/ambushee/wil_project/thirdparty/ORB_SLAM3/Thirdparty/g2o/g2o/types/types_six_dof_expmap.h:37,
                 from /home/ambushee/wil_project/thirdparty/ORB_SLAM3/include/Converter.h:26,
                 from /home/ambushee/wil_project/thirdparty/ORB_SLAM3/include/Frame.h:33,
                 from /home/ambushee/wil_project/thirdparty/ORB_SLAM3/include/MapPoint.h:24,
                 from /home/ambushee/wil_project/thirdparty/ORB_SLAM3/include/KeyFrame.h:23,
                 from /home/ambushee/wil_project/thirdparty/ORB_SLAM3/include/LoopClosing.h:23,
                 from /home/ambushee/wil_project/thirdparty/ORB_SLAM3/src/LoopClosing.cc:20:
/home/ambushee/wil_project/thirdparty/ORB_SLAM3/Thirdparty/g2o/g2o/types/../core/base_vertex.h: In instantiation of ‘class g2o::BaseVertex<2, ORB_SLAM3::GDirection>’:
/home/ambushee/wil_project/thirdparty/ORB_SLAM3/include/G2oTypes.h:274:32:   required from here
/home/ambushee/wil_project/thirdparty/ORB_SLAM3/Thirdparty/g2o/g2o/types/../core/base_vertex.h:62:72: warning: ‘Eigen::AlignedBit’ is deprecated [-Wdeprecated-declarations]
   62 |     typedef Eigen::Map<Matrix<double, D, D>, Matrix<double,D,D>::Flags & AlignedBit ? Aligned : Unaligned >  HessianBlockType;
      |                                                                  ~~~~~~^~~~~~~~~~~~
In file included from /usr/include/eigen3/Eigen/Core:161,
                 from /usr/include/eigen3/Eigen/LU:11,
                 from /home/ambushee/wil_project/thirdparty/ORB_SLAM3/Thirdparty/Sophus/sophus/so2.hpp:12,
                 from /home/ambushee/wil_project/thirdparty/ORB_SLAM3/Thirdparty/Sophus/sophus/se2.hpp:7,
                 from /home/ambushee/wil_project/thirdparty/ORB_SLAM3/Thirdparty/Sophus/sophus/geometry.hpp:7,
                 from /home/ambushee/wil_project/thirdparty/ORB_SLAM3/include/Frame.h:28,
                 from /home/ambushee/wil_project/thirdparty/ORB_SLAM3/include/MapPoint.h:24,
                 from /home/ambushee/wil_project/thirdparty/ORB_SLAM3/include/KeyFrame.h:23,
                 from /home/ambushee/wil_project/thirdparty/ORB_SLAM3/include/LoopClosing.h:23,
                 from /home/ambushee/wil_project/thirdparty/ORB_SLAM3/src/LoopClosing.cc:20:
/usr/include/eigen3/Eigen/src/Core/util/Constants.h:167:37: note: declared here
  167 | EIGEN_DEPRECATED const unsigned int AlignedBit = 0x80;
      |                                     ^~~~~~~~~~
In file included from /home/ambushee/wil_project/thirdparty/ORB_SLAM3/Thirdparty/g2o/g2o/types/types_six_dof_expmap.h:37,
                 from /home/ambushee/wil_project/thirdparty/ORB_SLAM3/include/Converter.h:26,
                 from /home/ambushee/wil_project/thirdparty/ORB_SLAM3/include/Frame.h:33,
                 from /home/ambushee/wil_project/thirdparty/ORB_SLAM3/include/MapPoint.h:24,
                 from /home/ambushee/wil_project/thirdparty/ORB_SLAM3/include/KeyFrame.h:23,
                 from /home/ambushee/wil_project/thirdparty/ORB_SLAM3/include/LoopClosing.h:23,
                 from /home/ambushee/wil_project/thirdparty/ORB_SLAM3/src/LoopClosing.cc:20:
/home/ambushee/wil_project/thirdparty/ORB_SLAM3/Thirdparty/g2o/g2o/types/../core/base_vertex.h: In instantiation of ‘class g2o::BaseVertex<1, double>’:
/home/ambushee/wil_project/thirdparty/ORB_SLAM3/include/G2oTypes.h:296:33:   required from here
/home/ambushee/wil_project/thirdparty/ORB_SLAM3/Thirdparty/g2o/g2o/types/../core/base_vertex.h:62:72: warning: ‘Eigen::AlignedBit’ is deprecated [-Wdeprecated-declarations]
   62 |     typedef Eigen::Map<Matrix<double, D, D>, Matrix<double,D,D>::Flags & AlignedBit ? Aligned : Unaligned >  HessianBlockType;
      |                                                                  ~~~~~~^~~~~~~~~~~~
In file included from /usr/include/eigen3/Eigen/Core:161,
                 from /usr/include/eigen3/Eigen/LU:11,
                 from /home/ambushee/wil_project/thirdparty/ORB_SLAM3/Thirdparty/Sophus/sophus/so2.hpp:12,
                 from /home/ambushee/wil_project/thirdparty/ORB_SLAM3/Thirdparty/Sophus/sophus/se2.hpp:7,
                 from /home/ambushee/wil_project/thirdparty/ORB_SLAM3/Thirdparty/Sophus/sophus/geometry.hpp:7,
                 from /home/ambushee/wil_project/thirdparty/ORB_SLAM3/include/Frame.h:28,
                 from /home/ambushee/wil_project/thirdparty/ORB_SLAM3/include/MapPoint.h:24,
                 from /home/ambushee/wil_project/thirdparty/ORB_SLAM3/include/KeyFrame.h:23,
                 from /home/ambushee/wil_project/thirdparty/ORB_SLAM3/include/LoopClosing.h:23,
                 from /home/ambushee/wil_project/thirdparty/ORB_SLAM3/src/LoopClosing.cc:20:
/usr/include/eigen3/Eigen/src/Core/util/Constants.h:167:37: note: declared here
  167 | EIGEN_DEPRECATED const unsigned int AlignedBit = 0x80;
      |                                     ^~~~~~~~~~
In file included from /home/ambushee/wil_project/thirdparty/ORB_SLAM3/Thirdparty/g2o/g2o/types/types_six_dof_expmap.h:37,
                 from /home/ambushee/wil_project/thirdparty/ORB_SLAM3/include/Converter.h:26,
                 from /home/ambushee/wil_project/thirdparty/ORB_SLAM3/include/Frame.h:33,
                 from /home/ambushee/wil_project/thirdparty/ORB_SLAM3/include/MapPoint.h:24,
                 from /home/ambushee/wil_project/thirdparty/ORB_SLAM3/include/KeyFrame.h:23,
                 from /home/ambushee/wil_project/thirdparty/ORB_SLAM3/include/LoopClosing.h:23,
                 from /home/ambushee/wil_project/thirdparty/ORB_SLAM3/src/LoopClosing.cc:20:
/home/ambushee/wil_project/thirdparty/ORB_SLAM3/Thirdparty/g2o/g2o/types/../core/base_vertex.h: In instantiation of ‘class g2o::BaseVertex<1, ORB_SLAM3::InvDepthPoint>’:
/home/ambushee/wil_project/thirdparty/ORB_SLAM3/include/G2oTypes.h:321:36:   required from here
/home/ambushee/wil_project/thirdparty/ORB_SLAM3/Thirdparty/g2o/g2o/types/../core/base_vertex.h:62:72: warning: ‘Eigen::AlignedBit’ is deprecated [-Wdeprecated-declarations]
   62 |     typedef Eigen::Map<Matrix<double, D, D>, Matrix<double,D,D>::Flags & AlignedBit ? Aligned : Unaligned >  HessianBlockType;
      |                                                                  ~~~~~~^~~~~~~~~~~~
In file included from /usr/include/eigen3/Eigen/Core:161,
                 from /usr/include/eigen3/Eigen/LU:11,
                 from /home/ambushee/wil_project/thirdparty/ORB_SLAM3/Thirdparty/Sophus/sophus/so2.hpp:12,
                 from /home/ambushee/wil_project/thirdparty/ORB_SLAM3/Thirdparty/Sophus/sophus/se2.hpp:7,
                 from /home/ambushee/wil_project/thirdparty/ORB_SLAM3/Thirdparty/Sophus/sophus/geometry.hpp:7,
                 from /home/ambushee/wil_project/thirdparty/ORB_SLAM3/include/Frame.h:28,
                 from /home/ambushee/wil_project/thirdparty/ORB_SLAM3/include/MapPoint.h:24,
                 from /home/ambushee/wil_project/thirdparty/ORB_SLAM3/include/KeyFrame.h:23,
                 from /home/ambushee/wil_project/thirdparty/ORB_SLAM3/include/LoopClosing.h:23,
                 from /home/ambushee/wil_project/thirdparty/ORB_SLAM3/src/LoopClosing.cc:20:
/usr/include/eigen3/Eigen/src/Core/util/Constants.h:167:37: note: declared here
  167 | EIGEN_DEPRECATED const unsigned int AlignedBit = 0x80;
      |                                     ^~~~~~~~~~
In file included from /home/ambushee/wil_project/thirdparty/ORB_SLAM3/Thirdparty/g2o/g2o/types/types_six_dof_expmap.h:38,
                 from /home/ambushee/wil_project/thirdparty/ORB_SLAM3/include/Converter.h:26,
                 from /home/ambushee/wil_project/thirdparty/ORB_SLAM3/include/Frame.h:33,
                 from /home/ambushee/wil_project/thirdparty/ORB_SLAM3/include/MapPoint.h:24,
                 from /home/ambushee/wil_project/thirdparty/ORB_SLAM3/include/KeyFrame.h:23,
                 from /home/ambushee/wil_project/thirdparty/ORB_SLAM3/include/LoopClosing.h:23,
                 from /home/ambushee/wil_project/thirdparty/ORB_SLAM3/src/LoopClosing.cc:20:
/home/ambushee/wil_project/thirdparty/ORB_SLAM3/Thirdparty/g2o/g2o/types/../core/base_binary_edge.h: In instantiation of ‘class g2o::BaseBinaryEdge<2, Eigen::Matrix<double, 2, 1>, g2o::VertexSBAPointXYZ, ORB_SLAM3::VertexPose>’:
/home/ambushee/wil_project/thirdparty/ORB_SLAM3/include/G2oTypes.h:342:30:   required from here
/home/ambushee/wil_project/thirdparty/ORB_SLAM3/Thirdparty/g2o/g2o/types/../core/base_binary_edge.h:59:80: warning: ‘Eigen::AlignedBit’ is deprecated [-Wdeprecated-declarations]
   59 |       typedef Eigen::Map<Matrix<double, Di, Dj>, Matrix<double, Di, Dj>::Flags & AlignedBit ? Aligned : Unaligned > HessianBlockType;
      |                                                                          ~~~~~~^~~~~~~~~~~~
In file included from /usr/include/eigen3/Eigen/Core:161,
                 from /usr/include/eigen3/Eigen/LU:11,
                 from /home/ambushee/wil_project/thirdparty/ORB_SLAM3/Thirdparty/Sophus/sophus/so2.hpp:12,
                 from /home/ambushee/wil_project/thirdparty/ORB_SLAM3/Thirdparty/Sophus/sophus/se2.hpp:7,
                 from /home/ambushee/wil_project/thirdparty/ORB_SLAM3/Thirdparty/Sophus/sophus/geometry.hpp:7,
                 from /home/ambushee/wil_project/thirdparty/ORB_SLAM3/include/Frame.h:28,
                 from /home/ambushee/wil_project/thirdparty/ORB_SLAM3/include/MapPoint.h:24,
                 from /home/ambushee/wil_project/thirdparty/ORB_SLAM3/include/KeyFrame.h:23,
                 from /home/ambushee/wil_project/thirdparty/ORB_SLAM3/include/LoopClosing.h:23,
                 from /home/ambushee/wil_project/thirdparty/ORB_SLAM3/src/LoopClosing.cc:20:
/usr/include/eigen3/Eigen/src/Core/util/Constants.h:167:37: note: declared here
  167 | EIGEN_DEPRECATED const unsigned int AlignedBit = 0x80;
      |                                     ^~~~~~~~~~
In file included from /home/ambushee/wil_project/thirdparty/ORB_SLAM3/Thirdparty/g2o/g2o/types/types_six_dof_expmap.h:38,
                 from /home/ambushee/wil_project/thirdparty/ORB_SLAM3/include/Converter.h:26,
                 from /home/ambushee/wil_project/thirdparty/ORB_SLAM3/include/Frame.h:33,
                 from /home/ambushee/wil_project/thirdparty/ORB_SLAM3/include/MapPoint.h:24,
                 from /home/ambushee/wil_project/thirdparty/ORB_SLAM3/include/KeyFrame.h:23,
                 from /home/ambushee/wil_project/thirdparty/ORB_SLAM3/include/LoopClosing.h:23,
                 from /home/ambushee/wil_project/thirdparty/ORB_SLAM3/src/LoopClosing.cc:20:
/home/ambushee/wil_project/thirdparty/ORB_SLAM3/Thirdparty/g2o/g2o/types/../core/base_binary_edge.h:60:80: warning: ‘Eigen::AlignedBit’ is deprecated [-Wdeprecated-declarations]
   60 |       typedef Eigen::Map<Matrix<double, Dj, Di>, Matrix<double, Dj, Di>::Flags & AlignedBit ? Aligned : Unaligned > HessianBlockTransposedType;
      |                                                                          ~~~~~~^~~~~~~~~~~~
In file included from /usr/include/eigen3/Eigen/Core:161,
                 from /usr/include/eigen3/Eigen/LU:11,
                 from /home/ambushee/wil_project/thirdparty/ORB_SLAM3/Thirdparty/Sophus/sophus/so2.hpp:12,
                 from /home/ambushee/wil_project/thirdparty/ORB_SLAM3/Thirdparty/Sophus/sophus/se2.hpp:7,
                 from /home/ambushee/wil_project/thirdparty/ORB_SLAM3/Thirdparty/Sophus/sophus/geometry.hpp:7,
                 from /home/ambushee/wil_project/thirdparty/ORB_SLAM3/include/Frame.h:28,
                 from /home/ambushee/wil_project/thirdparty/ORB_SLAM3/include/MapPoint.h:24,
                 from /home/ambushee/wil_project/thirdparty/ORB_SLAM3/include/KeyFrame.h:23,
                 from /home/ambushee/wil_project/thirdparty/ORB_SLAM3/include/LoopClosing.h:23,
                 from /home/ambushee/wil_project/thirdparty/ORB_SLAM3/src/LoopClosing.cc:20:
/usr/include/eigen3/Eigen/src/Core/util/Constants.h:167:37: note: declared here
  167 | EIGEN_DEPRECATED const unsigned int AlignedBit = 0x80;
      |                                     ^~~~~~~~~~
In file included from /home/ambushee/wil_project/thirdparty/ORB_SLAM3/include/G2oTypes.h:25,
                 from /home/ambushee/wil_project/thirdparty/ORB_SLAM3/src/Optimizer.cc:37:
/home/ambushee/wil_project/thirdparty/ORB_SLAM3/Thirdparty/g2o/g2o/core/base_multi_edge.h: At global scope:
/home/ambushee/wil_project/thirdparty/ORB_SLAM3/Thirdparty/g2o/g2o/core/base_multi_edge.h:69:54: warning: ‘Eigen::AlignedBit’ is deprecated [-Wdeprecated-declarations]
   69 |       typedef Eigen::Map<MatrixXd, MatrixXd::Flags & AlignedBit ? Aligned : Unaligned > HessianBlockType;
      |                                                      ^~~~~~~~~~
In file included from /usr/include/eigen3/Eigen/Core:161,
                 from /usr/include/eigen3/Eigen/LU:11,
                 from /home/ambushee/wil_project/thirdparty/ORB_SLAM3/Thirdparty/Sophus/sophus/so2.hpp:12,
                 from /home/ambushee/wil_project/thirdparty/ORB_SLAM3/Thirdparty/Sophus/sophus/se2.hpp:7,
                 from /home/ambushee/wil_project/thirdparty/ORB_SLAM3/Thirdparty/Sophus/sophus/geometry.hpp:7,
                 from /home/ambushee/wil_project/thirdparty/ORB_SLAM3/include/Frame.h:28,
                 from /home/ambushee/wil_project/thirdparty/ORB_SLAM3/include/KeyFrame.h:28,
                 from /home/ambushee/wil_project/thirdparty/ORB_SLAM3/include/MapPoint.h:23,
                 from /home/ambushee/wil_project/thirdparty/ORB_SLAM3/include/Map.h:23,
                 from /home/ambushee/wil_project/thirdparty/ORB_SLAM3/include/Optimizer.h:23,
                 from /home/ambushee/wil_project/thirdparty/ORB_SLAM3/src/Optimizer.cc:20:
/usr/include/eigen3/Eigen/src/Core/util/Constants.h:167:37: note: declared here
  167 | EIGEN_DEPRECATED const unsigned int AlignedBit = 0x80;
      |                                     ^~~~~~~~~~
In file included from /home/ambushee/wil_project/thirdparty/ORB_SLAM3/Thirdparty/g2o/g2o/types/types_six_dof_expmap.h:37,
                 from /home/ambushee/wil_project/thirdparty/ORB_SLAM3/include/Converter.h:26,
                 from /home/ambushee/wil_project/thirdparty/ORB_SLAM3/include/Frame.h:33,
                 from /home/ambushee/wil_project/thirdparty/ORB_SLAM3/include/KeyFrame.h:28,
                 from /home/ambushee/wil_project/thirdparty/ORB_SLAM3/include/MapPoint.h:23,
                 from /home/ambushee/wil_project/thirdparty/ORB_SLAM3/include/Map.h:23,
                 from /home/ambushee/wil_project/thirdparty/ORB_SLAM3/include/Optimizer.h:23,
                 from /home/ambushee/wil_project/thirdparty/ORB_SLAM3/src/Optimizer.cc:20:
/home/ambushee/wil_project/thirdparty/ORB_SLAM3/Thirdparty/g2o/g2o/types/../core/base_vertex.h: In instantiation of ‘class g2o::BaseVertex<6, ORB_SLAM3::ImuCamPose>’:
/home/ambushee/wil_project/thirdparty/ORB_SLAM3/include/G2oTypes.h:130:32:   required from here
/home/ambushee/wil_project/thirdparty/ORB_SLAM3/Thirdparty/g2o/g2o/types/../core/base_vertex.h:62:72: warning: ‘Eigen::AlignedBit’ is deprecated [-Wdeprecated-declarations]
   62 |     typedef Eigen::Map<Matrix<double, D, D>, Matrix<double,D,D>::Flags & AlignedBit ? Aligned : Unaligned >  HessianBlockType;
      |                                                                  ~~~~~~^~~~~~~~~~~~
In file included from /usr/include/eigen3/Eigen/Core:161,
                 from /usr/include/eigen3/Eigen/LU:11,
                 from /home/ambushee/wil_project/thirdparty/ORB_SLAM3/Thirdparty/Sophus/sophus/so2.hpp:12,
                 from /home/ambushee/wil_project/thirdparty/ORB_SLAM3/Thirdparty/Sophus/sophus/se2.hpp:7,
                 from /home/ambushee/wil_project/thirdparty/ORB_SLAM3/Thirdparty/Sophus/sophus/geometry.hpp:7,
                 from /home/ambushee/wil_project/thirdparty/ORB_SLAM3/include/Frame.h:28,
                 from /home/ambushee/wil_project/thirdparty/ORB_SLAM3/include/KeyFrame.h:28,
                 from /home/ambushee/wil_project/thirdparty/ORB_SLAM3/include/MapPoint.h:23,
                 from /home/ambushee/wil_project/thirdparty/ORB_SLAM3/include/Map.h:23,
                 from /home/ambushee/wil_project/thirdparty/ORB_SLAM3/include/Optimizer.h:23,
                 from /home/ambushee/wil_project/thirdparty/ORB_SLAM3/src/Optimizer.cc:20:
/usr/include/eigen3/Eigen/src/Core/util/Constants.h:167:37: note: declared here
  167 | EIGEN_DEPRECATED const unsigned int AlignedBit = 0x80;
      |                                     ^~~~~~~~~~
In file included from /home/ambushee/wil_project/thirdparty/ORB_SLAM3/Thirdparty/g2o/g2o/types/types_six_dof_expmap.h:37,
                 from /home/ambushee/wil_project/thirdparty/ORB_SLAM3/include/Converter.h:26,
                 from /home/ambushee/wil_project/thirdparty/ORB_SLAM3/include/Frame.h:33,
                 from /home/ambushee/wil_project/thirdparty/ORB_SLAM3/include/KeyFrame.h:28,
                 from /home/ambushee/wil_project/thirdparty/ORB_SLAM3/include/MapPoint.h:23,
                 from /home/ambushee/wil_project/thirdparty/ORB_SLAM3/include/Map.h:23,
                 from /home/ambushee/wil_project/thirdparty/ORB_SLAM3/include/Optimizer.h:23,
                 from /home/ambushee/wil_project/thirdparty/ORB_SLAM3/src/Optimizer.cc:20:
/home/ambushee/wil_project/thirdparty/ORB_SLAM3/Thirdparty/g2o/g2o/types/../core/base_vertex.h: In instantiation of ‘class g2o::BaseVertex<4, ORB_SLAM3::ImuCamPose>’:
/home/ambushee/wil_project/thirdparty/ORB_SLAM3/include/G2oTypes.h:155:36:   required from here
/home/ambushee/wil_project/thirdparty/ORB_SLAM3/Thirdparty/g2o/g2o/types/../core/base_vertex.h:62:72: warning: ‘Eigen::AlignedBit’ is deprecated [-Wdeprecated-declarations]
   62 |     typedef Eigen::Map<Matrix<double, D, D>, Matrix<double,D,D>::Flags & AlignedBit ? Aligned : Unaligned >  HessianBlockType;
      |                                                                  ~~~~~~^~~~~~~~~~~~
In file included from /usr/include/eigen3/Eigen/Core:161,
                 from /usr/include/eigen3/Eigen/LU:11,
                 from /home/ambushee/wil_project/thirdparty/ORB_SLAM3/Thirdparty/Sophus/sophus/so2.hpp:12,
                 from /home/ambushee/wil_project/thirdparty/ORB_SLAM3/Thirdparty/Sophus/sophus/se2.hpp:7,
                 from /home/ambushee/wil_project/thirdparty/ORB_SLAM3/Thirdparty/Sophus/sophus/geometry.hpp:7,
                 from /home/ambushee/wil_project/thirdparty/ORB_SLAM3/include/Frame.h:28,
                 from /home/ambushee/wil_project/thirdparty/ORB_SLAM3/include/KeyFrame.h:28,
                 from /home/ambushee/wil_project/thirdparty/ORB_SLAM3/include/MapPoint.h:23,
                 from /home/ambushee/wil_project/thirdparty/ORB_SLAM3/include/Map.h:23,
                 from /home/ambushee/wil_project/thirdparty/ORB_SLAM3/include/Optimizer.h:23,
                 from /home/ambushee/wil_project/thirdparty/ORB_SLAM3/src/Optimizer.cc:20:
/usr/include/eigen3/Eigen/src/Core/util/Constants.h:167:37: note: declared here
  167 | EIGEN_DEPRECATED const unsigned int AlignedBit = 0x80;
      |                                     ^~~~~~~~~~
In file included from /home/ambushee/wil_project/thirdparty/ORB_SLAM3/Thirdparty/g2o/g2o/types/types_six_dof_expmap.h:37,
                 from /home/ambushee/wil_project/thirdparty/ORB_SLAM3/include/Converter.h:26,
                 from /home/ambushee/wil_project/thirdparty/ORB_SLAM3/include/Frame.h:33,
                 from /home/ambushee/wil_project/thirdparty/ORB_SLAM3/include/KeyFrame.h:28,
                 from /home/ambushee/wil_project/thirdparty/ORB_SLAM3/include/MapPoint.h:23,
                 from /home/ambushee/wil_project/thirdparty/ORB_SLAM3/include/Map.h:23,
                 from /home/ambushee/wil_project/thirdparty/ORB_SLAM3/include/Optimizer.h:23,
                 from /home/ambushee/wil_project/thirdparty/ORB_SLAM3/src/Optimizer.cc:20:
/home/ambushee/wil_project/thirdparty/ORB_SLAM3/Thirdparty/g2o/g2o/types/../core/base_vertex.h: In instantiation of ‘class g2o::BaseVertex<2, ORB_SLAM3::GDirection>’:
/home/ambushee/wil_project/thirdparty/ORB_SLAM3/include/G2oTypes.h:274:32:   required from here
/home/ambushee/wil_project/thirdparty/ORB_SLAM3/Thirdparty/g2o/g2o/types/../core/base_vertex.h:62:72: warning: ‘Eigen::AlignedBit’ is deprecated [-Wdeprecated-declarations]
   62 |     typedef Eigen::Map<Matrix<double, D, D>, Matrix<double,D,D>::Flags & AlignedBit ? Aligned : Unaligned >  HessianBlockType;
      |                                                                  ~~~~~~^~~~~~~~~~~~
In file included from /usr/include/eigen3/Eigen/Core:161,
                 from /usr/include/eigen3/Eigen/LU:11,
                 from /home/ambushee/wil_project/thirdparty/ORB_SLAM3/Thirdparty/Sophus/sophus/so2.hpp:12,
                 from /home/ambushee/wil_project/thirdparty/ORB_SLAM3/Thirdparty/Sophus/sophus/se2.hpp:7,
                 from /home/ambushee/wil_project/thirdparty/ORB_SLAM3/Thirdparty/Sophus/sophus/geometry.hpp:7,
                 from /home/ambushee/wil_project/thirdparty/ORB_SLAM3/include/Frame.h:28,
                 from /home/ambushee/wil_project/thirdparty/ORB_SLAM3/include/KeyFrame.h:28,
                 from /home/ambushee/wil_project/thirdparty/ORB_SLAM3/include/MapPoint.h:23,
                 from /home/ambushee/wil_project/thirdparty/ORB_SLAM3/include/Map.h:23,
                 from /home/ambushee/wil_project/thirdparty/ORB_SLAM3/include/Optimizer.h:23,
                 from /home/ambushee/wil_project/thirdparty/ORB_SLAM3/src/Optimizer.cc:20:
/usr/include/eigen3/Eigen/src/Core/util/Constants.h:167:37: note: declared here
  167 | EIGEN_DEPRECATED const unsigned int AlignedBit = 0x80;
      |                                     ^~~~~~~~~~
In file included from /home/ambushee/wil_project/thirdparty/ORB_SLAM3/Thirdparty/g2o/g2o/types/types_six_dof_expmap.h:37,
                 from /home/ambushee/wil_project/thirdparty/ORB_SLAM3/include/Converter.h:26,
                 from /home/ambushee/wil_project/thirdparty/ORB_SLAM3/include/Frame.h:33,
                 from /home/ambushee/wil_project/thirdparty/ORB_SLAM3/include/KeyFrame.h:28,
                 from /home/ambushee/wil_project/thirdparty/ORB_SLAM3/include/MapPoint.h:23,
                 from /home/ambushee/wil_project/thirdparty/ORB_SLAM3/include/Map.h:23,
                 from /home/ambushee/wil_project/thirdparty/ORB_SLAM3/include/Optimizer.h:23,
                 from /home/ambushee/wil_project/thirdparty/ORB_SLAM3/src/Optimizer.cc:20:
/home/ambushee/wil_project/thirdparty/ORB_SLAM3/Thirdparty/g2o/g2o/types/../core/base_vertex.h: In instantiation of ‘class g2o::BaseVertex<1, double>’:
/home/ambushee/wil_project/thirdparty/ORB_SLAM3/include/G2oTypes.h:296:33:   required from here
/home/ambushee/wil_project/thirdparty/ORB_SLAM3/Thirdparty/g2o/g2o/types/../core/base_vertex.h:62:72: warning: ‘Eigen::AlignedBit’ is deprecated [-Wdeprecated-declarations]
   62 |     typedef Eigen::Map<Matrix<double, D, D>, Matrix<double,D,D>::Flags & AlignedBit ? Aligned : Unaligned >  HessianBlockType;
      |                                                                  ~~~~~~^~~~~~~~~~~~
In file included from /usr/include/eigen3/Eigen/Core:161,
                 from /usr/include/eigen3/Eigen/LU:11,
                 from /home/ambushee/wil_project/thirdparty/ORB_SLAM3/Thirdparty/Sophus/sophus/so2.hpp:12,
                 from /home/ambushee/wil_project/thirdparty/ORB_SLAM3/Thirdparty/Sophus/sophus/se2.hpp:7,
                 from /home/ambushee/wil_project/thirdparty/ORB_SLAM3/Thirdparty/Sophus/sophus/geometry.hpp:7,
                 from /home/ambushee/wil_project/thirdparty/ORB_SLAM3/include/Frame.h:28,
                 from /home/ambushee/wil_project/thirdparty/ORB_SLAM3/include/KeyFrame.h:28,
                 from /home/ambushee/wil_project/thirdparty/ORB_SLAM3/include/MapPoint.h:23,
                 from /home/ambushee/wil_project/thirdparty/ORB_SLAM3/include/Map.h:23,
                 from /home/ambushee/wil_project/thirdparty/ORB_SLAM3/include/Optimizer.h:23,
                 from /home/ambushee/wil_project/thirdparty/ORB_SLAM3/src/Optimizer.cc:20:
/usr/include/eigen3/Eigen/src/Core/util/Constants.h:167:37: note: declared here
  167 | EIGEN_DEPRECATED const unsigned int AlignedBit = 0x80;
      |                                     ^~~~~~~~~~
In file included from /home/ambushee/wil_project/thirdparty/ORB_SLAM3/Thirdparty/g2o/g2o/types/types_six_dof_expmap.h:37,
                 from /home/ambushee/wil_project/thirdparty/ORB_SLAM3/include/Converter.h:26,
                 from /home/ambushee/wil_project/thirdparty/ORB_SLAM3/include/Frame.h:33,
                 from /home/ambushee/wil_project/thirdparty/ORB_SLAM3/include/KeyFrame.h:28,
                 from /home/ambushee/wil_project/thirdparty/ORB_SLAM3/include/MapPoint.h:23,
                 from /home/ambushee/wil_project/thirdparty/ORB_SLAM3/include/Map.h:23,
                 from /home/ambushee/wil_project/thirdparty/ORB_SLAM3/include/Optimizer.h:23,
                 from /home/ambushee/wil_project/thirdparty/ORB_SLAM3/src/Optimizer.cc:20:
/home/ambushee/wil_project/thirdparty/ORB_SLAM3/Thirdparty/g2o/g2o/types/../core/base_vertex.h: In instantiation of ‘class g2o::BaseVertex<1, ORB_SLAM3::InvDepthPoint>’:
/home/ambushee/wil_project/thirdparty/ORB_SLAM3/include/G2oTypes.h:321:36:   required from here
/home/ambushee/wil_project/thirdparty/ORB_SLAM3/Thirdparty/g2o/g2o/types/../core/base_vertex.h:62:72: warning: ‘Eigen::AlignedBit’ is deprecated [-Wdeprecated-declarations]
   62 |     typedef Eigen::Map<Matrix<double, D, D>, Matrix<double,D,D>::Flags & AlignedBit ? Aligned : Unaligned >  HessianBlockType;
      |                                                                  ~~~~~~^~~~~~~~~~~~
In file included from /usr/include/eigen3/Eigen/Core:161,
                 from /usr/include/eigen3/Eigen/LU:11,
                 from /home/ambushee/wil_project/thirdparty/ORB_SLAM3/Thirdparty/Sophus/sophus/so2.hpp:12,
                 from /home/ambushee/wil_project/thirdparty/ORB_SLAM3/Thirdparty/Sophus/sophus/se2.hpp:7,
                 from /home/ambushee/wil_project/thirdparty/ORB_SLAM3/Thirdparty/Sophus/sophus/geometry.hpp:7,
                 from /home/ambushee/wil_project/thirdparty/ORB_SLAM3/include/Frame.h:28,
                 from /home/ambushee/wil_project/thirdparty/ORB_SLAM3/include/KeyFrame.h:28,
                 from /home/ambushee/wil_project/thirdparty/ORB_SLAM3/include/MapPoint.h:23,
                 from /home/ambushee/wil_project/thirdparty/ORB_SLAM3/include/Map.h:23,
                 from /home/ambushee/wil_project/thirdparty/ORB_SLAM3/include/Optimizer.h:23,
                 from /home/ambushee/wil_project/thirdparty/ORB_SLAM3/src/Optimizer.cc:20:
/usr/include/eigen3/Eigen/src/Core/util/Constants.h:167:37: note: declared here
  167 | EIGEN_DEPRECATED const unsigned int AlignedBit = 0x80;
      |                                     ^~~~~~~~~~
In file included from /home/ambushee/wil_project/thirdparty/ORB_SLAM3/Thirdparty/g2o/g2o/types/types_six_dof_expmap.h:38,
                 from /home/ambushee/wil_project/thirdparty/ORB_SLAM3/include/Converter.h:26,
                 from /home/ambushee/wil_project/thirdparty/ORB_SLAM3/include/Frame.h:33,
                 from /home/ambushee/wil_project/thirdparty/ORB_SLAM3/include/KeyFrame.h:28,
                 from /home/ambushee/wil_project/thirdparty/ORB_SLAM3/include/MapPoint.h:23,
                 from /home/ambushee/wil_project/thirdparty/ORB_SLAM3/include/Map.h:23,
                 from /home/ambushee/wil_project/thirdparty/ORB_SLAM3/include/Optimizer.h:23,
                 from /home/ambushee/wil_project/thirdparty/ORB_SLAM3/src/Optimizer.cc:20:
/home/ambushee/wil_project/thirdparty/ORB_SLAM3/Thirdparty/g2o/g2o/types/../core/base_binary_edge.h: In instantiation of ‘class g2o::BaseBinaryEdge<2, Eigen::Matrix<double, 2, 1>, g2o::VertexSBAPointXYZ, ORB_SLAM3::VertexPose>’:
/home/ambushee/wil_project/thirdparty/ORB_SLAM3/include/G2oTypes.h:342:30:   required from here
/home/ambushee/wil_project/thirdparty/ORB_SLAM3/Thirdparty/g2o/g2o/types/../core/base_binary_edge.h:59:80: warning: ‘Eigen::AlignedBit’ is deprecated [-Wdeprecated-declarations]
   59 |       typedef Eigen::Map<Matrix<double, Di, Dj>, Matrix<double, Di, Dj>::Flags & AlignedBit ? Aligned : Unaligned > HessianBlockType;
      |                                                                          ~~~~~~^~~~~~~~~~~~
In file included from /usr/include/eigen3/Eigen/Core:161,
                 from /usr/include/eigen3/Eigen/LU:11,
                 from /home/ambushee/wil_project/thirdparty/ORB_SLAM3/Thirdparty/Sophus/sophus/so2.hpp:12,
                 from /home/ambushee/wil_project/thirdparty/ORB_SLAM3/Thirdparty/Sophus/sophus/se2.hpp:7,
                 from /home/ambushee/wil_project/thirdparty/ORB_SLAM3/Thirdparty/Sophus/sophus/geometry.hpp:7,
                 from /home/ambushee/wil_project/thirdparty/ORB_SLAM3/include/Frame.h:28,
                 from /home/ambushee/wil_project/thirdparty/ORB_SLAM3/include/KeyFrame.h:28,
                 from /home/ambushee/wil_project/thirdparty/ORB_SLAM3/include/MapPoint.h:23,
                 from /home/ambushee/wil_project/thirdparty/ORB_SLAM3/include/Map.h:23,
                 from /home/ambushee/wil_project/thirdparty/ORB_SLAM3/include/Optimizer.h:23,
                 from /home/ambushee/wil_project/thirdparty/ORB_SLAM3/src/Optimizer.cc:20:
/usr/include/eigen3/Eigen/src/Core/util/Constants.h:167:37: note: declared here
  167 | EIGEN_DEPRECATED const unsigned int AlignedBit = 0x80;
      |                                     ^~~~~~~~~~
In file included from /home/ambushee/wil_project/thirdparty/ORB_SLAM3/Thirdparty/g2o/g2o/types/types_six_dof_expmap.h:38,
                 from /home/ambushee/wil_project/thirdparty/ORB_SLAM3/include/Converter.h:26,
                 from /home/ambushee/wil_project/thirdparty/ORB_SLAM3/include/Frame.h:33,
                 from /home/ambushee/wil_project/thirdparty/ORB_SLAM3/include/KeyFrame.h:28,
                 from /home/ambushee/wil_project/thirdparty/ORB_SLAM3/include/MapPoint.h:23,
                 from /home/ambushee/wil_project/thirdparty/ORB_SLAM3/include/Map.h:23,
                 from /home/ambushee/wil_project/thirdparty/ORB_SLAM3/include/Optimizer.h:23,
                 from /home/ambushee/wil_project/thirdparty/ORB_SLAM3/src/Optimizer.cc:20:
/home/ambushee/wil_project/thirdparty/ORB_SLAM3/Thirdparty/g2o/g2o/types/../core/base_binary_edge.h:60:80: warning: ‘Eigen::AlignedBit’ is deprecated [-Wdeprecated-declarations]
   60 |       typedef Eigen::Map<Matrix<double, Dj, Di>, Matrix<double, Dj, Di>::Flags & AlignedBit ? Aligned : Unaligned > HessianBlockTransposedType;
      |                                                                          ~~~~~~^~~~~~~~~~~~
In file included from /usr/include/eigen3/Eigen/Core:161,
                 from /usr/include/eigen3/Eigen/LU:11,
                 from /home/ambushee/wil_project/thirdparty/ORB_SLAM3/Thirdparty/Sophus/sophus/so2.hpp:12,
                 from /home/ambushee/wil_project/thirdparty/ORB_SLAM3/Thirdparty/Sophus/sophus/se2.hpp:7,
                 from /home/ambushee/wil_project/thirdparty/ORB_SLAM3/Thirdparty/Sophus/sophus/geometry.hpp:7,
                 from /home/ambushee/wil_project/thirdparty/ORB_SLAM3/include/Frame.h:28,
                 from /home/ambushee/wil_project/thirdparty/ORB_SLAM3/include/KeyFrame.h:28,
                 from /home/ambushee/wil_project/thirdparty/ORB_SLAM3/include/MapPoint.h:23,
                 from /home/ambushee/wil_project/thirdparty/ORB_SLAM3/include/Map.h:23,
                 from /home/ambushee/wil_project/thirdparty/ORB_SLAM3/include/Optimizer.h:23,
                 from /home/ambushee/wil_project/thirdparty/ORB_SLAM3/src/Optimizer.cc:20:
/usr/include/eigen3/Eigen/src/Core/util/Constants.h:167:37: note: declared here
  167 | EIGEN_DEPRECATED const unsigned int AlignedBit = 0x80;
      |                                     ^~~~~~~~~~
In file included from /home/ambushee/wil_project/thirdparty/ORB_SLAM3/Thirdparty/g2o/g2o/types/types_six_dof_expmap.h:38,
                 from /home/ambushee/wil_project/thirdparty/ORB_SLAM3/include/Converter.h:26,
                 from /home/ambushee/wil_project/thirdparty/ORB_SLAM3/include/Frame.h:33,
                 from /home/ambushee/wil_project/thirdparty/ORB_SLAM3/src/Frame.cc:19:
/home/ambushee/wil_project/thirdparty/ORB_SLAM3/Thirdparty/g2o/g2o/types/../core/base_binary_edge.h: In instantiation of ‘class g2o::BaseBinaryEdge<3, Eigen::Matrix<double, 3, 1>, ORB_SLAM3::VertexGyroBias, ORB_SLAM3::VertexGyroBias>’:
/home/ambushee/wil_project/thirdparty/ORB_SLAM3/include/G2oTypes.h:635:32:   required from here
/home/ambushee/wil_project/thirdparty/ORB_SLAM3/Thirdparty/g2o/g2o/types/../core/base_binary_edge.h:59:80: warning: ‘Eigen::AlignedBit’ is deprecated [-Wdeprecated-declarations]
   59 |       typedef Eigen::Map<Matrix<double, Di, Dj>, Matrix<double, Di, Dj>::Flags & AlignedBit ? Aligned : Unaligned > HessianBlockType;
      |                                                                          ~~~~~~^~~~~~~~~~~~
In file included from /usr/include/eigen3/Eigen/Core:161,
                 from /usr/include/eigen3/Eigen/LU:11,
                 from /home/ambushee/wil_project/thirdparty/ORB_SLAM3/Thirdparty/Sophus/sophus/so2.hpp:12,
                 from /home/ambushee/wil_project/thirdparty/ORB_SLAM3/Thirdparty/Sophus/sophus/se2.hpp:7,
                 from /home/ambushee/wil_project/thirdparty/ORB_SLAM3/Thirdparty/Sophus/sophus/geometry.hpp:7,
                 from /home/ambushee/wil_project/thirdparty/ORB_SLAM3/include/Frame.h:28,
                 from /home/ambushee/wil_project/thirdparty/ORB_SLAM3/src/Frame.cc:19:
/usr/include/eigen3/Eigen/src/Core/util/Constants.h:167:37: note: declared here
  167 | EIGEN_DEPRECATED const unsigned int AlignedBit = 0x80;
      |                                     ^~~~~~~~~~
In file included from /home/ambushee/wil_project/thirdparty/ORB_SLAM3/Thirdparty/g2o/g2o/types/types_six_dof_expmap.h:38,
                 from /home/ambushee/wil_project/thirdparty/ORB_SLAM3/include/Converter.h:26,
                 from /home/ambushee/wil_project/thirdparty/ORB_SLAM3/include/Frame.h:33,
                 from /home/ambushee/wil_project/thirdparty/ORB_SLAM3/src/Frame.cc:19:
/home/ambushee/wil_project/thirdparty/ORB_SLAM3/Thirdparty/g2o/g2o/types/../core/base_binary_edge.h:60:80: warning: ‘Eigen::AlignedBit’ is deprecated [-Wdeprecated-declarations]
   60 |       typedef Eigen::Map<Matrix<double, Dj, Di>, Matrix<double, Dj, Di>::Flags & AlignedBit ? Aligned : Unaligned > HessianBlockTransposedType;
      |                                                                          ~~~~~~^~~~~~~~~~~~
In file included from /usr/include/eigen3/Eigen/Core:161,
                 from /usr/include/eigen3/Eigen/LU:11,
                 from /home/ambushee/wil_project/thirdparty/ORB_SLAM3/Thirdparty/Sophus/sophus/so2.hpp:12,
                 from /home/ambushee/wil_project/thirdparty/ORB_SLAM3/Thirdparty/Sophus/sophus/se2.hpp:7,
                 from /home/ambushee/wil_project/thirdparty/ORB_SLAM3/Thirdparty/Sophus/sophus/geometry.hpp:7,
                 from /home/ambushee/wil_project/thirdparty/ORB_SLAM3/include/Frame.h:28,
                 from /home/ambushee/wil_project/thirdparty/ORB_SLAM3/src/Frame.cc:19:
/usr/include/eigen3/Eigen/src/Core/util/Constants.h:167:37: note: declared here
  167 | EIGEN_DEPRECATED const unsigned int AlignedBit = 0x80;
      |                                     ^~~~~~~~~~
In file included from /home/ambushee/wil_project/thirdparty/ORB_SLAM3/Thirdparty/g2o/g2o/types/types_six_dof_expmap.h:38,
                 from /home/ambushee/wil_project/thirdparty/ORB_SLAM3/include/Converter.h:26,
                 from /home/ambushee/wil_project/thirdparty/ORB_SLAM3/include/Frame.h:33,
                 from /home/ambushee/wil_project/thirdparty/ORB_SLAM3/include/MapPoint.h:24,
                 from /home/ambushee/wil_project/thirdparty/ORB_SLAM3/include/KeyFrame.h:23,
                 from /home/ambushee/wil_project/thirdparty/ORB_SLAM3/include/LoopClosing.h:23,
                 from /home/ambushee/wil_project/thirdparty/ORB_SLAM3/src/LoopClosing.cc:20:
/home/ambushee/wil_project/thirdparty/ORB_SLAM3/Thirdparty/g2o/g2o/types/../core/base_binary_edge.h: In instantiation of ‘class g2o::BaseBinaryEdge<3, Eigen::Matrix<double, 3, 1>, g2o::VertexSBAPointXYZ, ORB_SLAM3::VertexPose>’:
/home/ambushee/wil_project/thirdparty/ORB_SLAM3/include/G2oTypes.h:425:32:   required from here
/home/ambushee/wil_project/thirdparty/ORB_SLAM3/Thirdparty/g2o/g2o/types/../core/base_binary_edge.h:59:80: warning: ‘Eigen::AlignedBit’ is deprecated [-Wdeprecated-declarations]
   59 |       typedef Eigen::Map<Matrix<double, Di, Dj>, Matrix<double, Di, Dj>::Flags & AlignedBit ? Aligned : Unaligned > HessianBlockType;
      |                                                                          ~~~~~~^~~~~~~~~~~~
In file included from /usr/include/eigen3/Eigen/Core:161,
                 from /usr/include/eigen3/Eigen/LU:11,
                 from /home/ambushee/wil_project/thirdparty/ORB_SLAM3/Thirdparty/Sophus/sophus/so2.hpp:12,
                 from /home/ambushee/wil_project/thirdparty/ORB_SLAM3/Thirdparty/Sophus/sophus/se2.hpp:7,
                 from /home/ambushee/wil_project/thirdparty/ORB_SLAM3/Thirdparty/Sophus/sophus/geometry.hpp:7,
                 from /home/ambushee/wil_project/thirdparty/ORB_SLAM3/include/Frame.h:28,
                 from /home/ambushee/wil_project/thirdparty/ORB_SLAM3/include/MapPoint.h:24,
                 from /home/ambushee/wil_project/thirdparty/ORB_SLAM3/include/KeyFrame.h:23,
                 from /home/ambushee/wil_project/thirdparty/ORB_SLAM3/include/LoopClosing.h:23,
                 from /home/ambushee/wil_project/thirdparty/ORB_SLAM3/src/LoopClosing.cc:20:
/usr/include/eigen3/Eigen/src/Core/util/Constants.h:167:37: note: declared here
  167 | EIGEN_DEPRECATED const unsigned int AlignedBit = 0x80;
      |                                     ^~~~~~~~~~
In file included from /home/ambushee/wil_project/thirdparty/ORB_SLAM3/Thirdparty/g2o/g2o/types/types_six_dof_expmap.h:38,
                 from /home/ambushee/wil_project/thirdparty/ORB_SLAM3/include/Converter.h:26,
                 from /home/ambushee/wil_project/thirdparty/ORB_SLAM3/include/Frame.h:33,
                 from /home/ambushee/wil_project/thirdparty/ORB_SLAM3/include/MapPoint.h:24,
                 from /home/ambushee/wil_project/thirdparty/ORB_SLAM3/include/KeyFrame.h:23,
                 from /home/ambushee/wil_project/thirdparty/ORB_SLAM3/include/LoopClosing.h:23,
                 from /home/ambushee/wil_project/thirdparty/ORB_SLAM3/src/LoopClosing.cc:20:
/home/ambushee/wil_project/thirdparty/ORB_SLAM3/Thirdparty/g2o/g2o/types/../core/base_binary_edge.h:60:80: warning: ‘Eigen::AlignedBit’ is deprecated [-Wdeprecated-declarations]
   60 |       typedef Eigen::Map<Matrix<double, Dj, Di>, Matrix<double, Dj, Di>::Flags & AlignedBit ? Aligned : Unaligned > HessianBlockTransposedType;
      |                                                                          ~~~~~~^~~~~~~~~~~~
In file included from /usr/include/eigen3/Eigen/Core:161,
                 from /usr/include/eigen3/Eigen/LU:11,
                 from /home/ambushee/wil_project/thirdparty/ORB_SLAM3/Thirdparty/Sophus/sophus/so2.hpp:12,
                 from /home/ambushee/wil_project/thirdparty/ORB_SLAM3/Thirdparty/Sophus/sophus/se2.hpp:7,
                 from /home/ambushee/wil_project/thirdparty/ORB_SLAM3/Thirdparty/Sophus/sophus/geometry.hpp:7,
                 from /home/ambushee/wil_project/thirdparty/ORB_SLAM3/include/Frame.h:28,
                 from /home/ambushee/wil_project/thirdparty/ORB_SLAM3/include/MapPoint.h:24,
                 from /home/ambushee/wil_project/thirdparty/ORB_SLAM3/include/KeyFrame.h:23,
                 from /home/ambushee/wil_project/thirdparty/ORB_SLAM3/include/LoopClosing.h:23,
                 from /home/ambushee/wil_project/thirdparty/ORB_SLAM3/src/LoopClosing.cc:20:
/usr/include/eigen3/Eigen/src/Core/util/Constants.h:167:37: note: declared here
  167 | EIGEN_DEPRECATED const unsigned int AlignedBit = 0x80;
      |                                     ^~~~~~~~~~
In file included from /home/ambushee/wil_project/thirdparty/ORB_SLAM3/Thirdparty/g2o/g2o/types/types_six_dof_expmap.h:38,
                 from /home/ambushee/wil_project/thirdparty/ORB_SLAM3/include/Converter.h:26,
                 from /home/ambushee/wil_project/thirdparty/ORB_SLAM3/include/Frame.h:33,
                 from /home/ambushee/wil_project/thirdparty/ORB_SLAM3/src/Frame.cc:19:
/home/ambushee/wil_project/thirdparty/ORB_SLAM3/Thirdparty/g2o/g2o/types/../core/base_binary_edge.h: In instantiation of ‘class g2o::BaseBinaryEdge<3, Eigen::Matrix<double, 3, 1>, ORB_SLAM3::VertexAccBias, ORB_SLAM3::VertexAccBias>’:
/home/ambushee/wil_project/thirdparty/ORB_SLAM3/include/G2oTypes.h:671:31:   required from here
/home/ambushee/wil_project/thirdparty/ORB_SLAM3/Thirdparty/g2o/g2o/types/../core/base_binary_edge.h:59:80: warning: ‘Eigen::AlignedBit’ is deprecated [-Wdeprecated-declarations]
   59 |       typedef Eigen::Map<Matrix<double, Di, Dj>, Matrix<double, Di, Dj>::Flags & AlignedBit ? Aligned : Unaligned > HessianBlockType;
      |                                                                          ~~~~~~^~~~~~~~~~~~
In file included from /usr/include/eigen3/Eigen/Core:161,
                 from /usr/include/eigen3/Eigen/LU:11,
                 from /home/ambushee/wil_project/thirdparty/ORB_SLAM3/Thirdparty/Sophus/sophus/so2.hpp:12,
                 from /home/ambushee/wil_project/thirdparty/ORB_SLAM3/Thirdparty/Sophus/sophus/se2.hpp:7,
                 from /home/ambushee/wil_project/thirdparty/ORB_SLAM3/Thirdparty/Sophus/sophus/geometry.hpp:7,
                 from /home/ambushee/wil_project/thirdparty/ORB_SLAM3/include/Frame.h:28,
                 from /home/ambushee/wil_project/thirdparty/ORB_SLAM3/src/Frame.cc:19:
/usr/include/eigen3/Eigen/src/Core/util/Constants.h:167:37: note: declared here
  167 | EIGEN_DEPRECATED const unsigned int AlignedBit = 0x80;
      |                                     ^~~~~~~~~~
In file included from /home/ambushee/wil_project/thirdparty/ORB_SLAM3/Thirdparty/g2o/g2o/types/types_six_dof_expmap.h:38,
                 from /home/ambushee/wil_project/thirdparty/ORB_SLAM3/include/Converter.h:26,
                 from /home/ambushee/wil_project/thirdparty/ORB_SLAM3/include/Frame.h:33,
                 from /home/ambushee/wil_project/thirdparty/ORB_SLAM3/src/Frame.cc:19:
/home/ambushee/wil_project/thirdparty/ORB_SLAM3/Thirdparty/g2o/g2o/types/../core/base_binary_edge.h:60:80: warning: ‘Eigen::AlignedBit’ is deprecated [-Wdeprecated-declarations]
   60 |       typedef Eigen::Map<Matrix<double, Dj, Di>, Matrix<double, Dj, Di>::Flags & AlignedBit ? Aligned : Unaligned > HessianBlockTransposedType;
      |                                                                          ~~~~~~^~~~~~~~~~~~
In file included from /usr/include/eigen3/Eigen/Core:161,
                 from /usr/include/eigen3/Eigen/LU:11,
                 from /home/ambushee/wil_project/thirdparty/ORB_SLAM3/Thirdparty/Sophus/sophus/so2.hpp:12,
                 from /home/ambushee/wil_project/thirdparty/ORB_SLAM3/Thirdparty/Sophus/sophus/se2.hpp:7,
                 from /home/ambushee/wil_project/thirdparty/ORB_SLAM3/Thirdparty/Sophus/sophus/geometry.hpp:7,
                 from /home/ambushee/wil_project/thirdparty/ORB_SLAM3/include/Frame.h:28,
                 from /home/ambushee/wil_project/thirdparty/ORB_SLAM3/src/Frame.cc:19:
/usr/include/eigen3/Eigen/src/Core/util/Constants.h:167:37: note: declared here
  167 | EIGEN_DEPRECATED const unsigned int AlignedBit = 0x80;
      |                                     ^~~~~~~~~~
In file included from /home/ambushee/wil_project/thirdparty/ORB_SLAM3/Thirdparty/g2o/g2o/types/types_six_dof_expmap.h:38,
                 from /home/ambushee/wil_project/thirdparty/ORB_SLAM3/include/Converter.h:26,
                 from /home/ambushee/wil_project/thirdparty/ORB_SLAM3/include/Frame.h:33,
                 from /home/ambushee/wil_project/thirdparty/ORB_SLAM3/include/KeyFrame.h:28,
                 from /home/ambushee/wil_project/thirdparty/ORB_SLAM3/include/MapPoint.h:23,
                 from /home/ambushee/wil_project/thirdparty/ORB_SLAM3/include/Map.h:23,
                 from /home/ambushee/wil_project/thirdparty/ORB_SLAM3/include/Optimizer.h:23,
                 from /home/ambushee/wil_project/thirdparty/ORB_SLAM3/src/Optimizer.cc:20:
/home/ambushee/wil_project/thirdparty/ORB_SLAM3/Thirdparty/g2o/g2o/types/../core/base_binary_edge.h: In instantiation of ‘class g2o::BaseBinaryEdge<3, Eigen::Matrix<double, 3, 1>, g2o::VertexSBAPointXYZ, ORB_SLAM3::VertexPose>’:
/home/ambushee/wil_project/thirdparty/ORB_SLAM3/include/G2oTypes.h:425:32:   required from here
/home/ambushee/wil_project/thirdparty/ORB_SLAM3/Thirdparty/g2o/g2o/types/../core/base_binary_edge.h:59:80: warning: ‘Eigen::AlignedBit’ is deprecated [-Wdeprecated-declarations]
   59 |       typedef Eigen::Map<Matrix<double, Di, Dj>, Matrix<double, Di, Dj>::Flags & AlignedBit ? Aligned : Unaligned > HessianBlockType;
      |                                                                          ~~~~~~^~~~~~~~~~~~
In file included from /usr/include/eigen3/Eigen/Core:161,
                 from /usr/include/eigen3/Eigen/LU:11,
                 from /home/ambushee/wil_project/thirdparty/ORB_SLAM3/Thirdparty/Sophus/sophus/so2.hpp:12,
                 from /home/ambushee/wil_project/thirdparty/ORB_SLAM3/Thirdparty/Sophus/sophus/se2.hpp:7,
                 from /home/ambushee/wil_project/thirdparty/ORB_SLAM3/Thirdparty/Sophus/sophus/geometry.hpp:7,
                 from /home/ambushee/wil_project/thirdparty/ORB_SLAM3/include/Frame.h:28,
                 from /home/ambushee/wil_project/thirdparty/ORB_SLAM3/include/KeyFrame.h:28,
                 from /home/ambushee/wil_project/thirdparty/ORB_SLAM3/include/MapPoint.h:23,
                 from /home/ambushee/wil_project/thirdparty/ORB_SLAM3/include/Map.h:23,
                 from /home/ambushee/wil_project/thirdparty/ORB_SLAM3/include/Optimizer.h:23,
                 from /home/ambushee/wil_project/thirdparty/ORB_SLAM3/src/Optimizer.cc:20:
/usr/include/eigen3/Eigen/src/Core/util/Constants.h:167:37: note: declared here
  167 | EIGEN_DEPRECATED const unsigned int AlignedBit = 0x80;
      |                                     ^~~~~~~~~~
In file included from /home/ambushee/wil_project/thirdparty/ORB_SLAM3/Thirdparty/g2o/g2o/types/types_six_dof_expmap.h:38,
                 from /home/ambushee/wil_project/thirdparty/ORB_SLAM3/include/Converter.h:26,
                 from /home/ambushee/wil_project/thirdparty/ORB_SLAM3/include/Frame.h:33,
                 from /home/ambushee/wil_project/thirdparty/ORB_SLAM3/include/KeyFrame.h:28,
                 from /home/ambushee/wil_project/thirdparty/ORB_SLAM3/include/MapPoint.h:23,
                 from /home/ambushee/wil_project/thirdparty/ORB_SLAM3/include/Map.h:23,
                 from /home/ambushee/wil_project/thirdparty/ORB_SLAM3/include/Optimizer.h:23,
                 from /home/ambushee/wil_project/thirdparty/ORB_SLAM3/src/Optimizer.cc:20:
/home/ambushee/wil_project/thirdparty/ORB_SLAM3/Thirdparty/g2o/g2o/types/../core/base_binary_edge.h:60:80: warning: ‘Eigen::AlignedBit’ is deprecated [-Wdeprecated-declarations]
   60 |       typedef Eigen::Map<Matrix<double, Dj, Di>, Matrix<double, Dj, Di>::Flags & AlignedBit ? Aligned : Unaligned > HessianBlockTransposedType;
      |                                                                          ~~~~~~^~~~~~~~~~~~
In file included from /usr/include/eigen3/Eigen/Core:161,
                 from /usr/include/eigen3/Eigen/LU:11,
                 from /home/ambushee/wil_project/thirdparty/ORB_SLAM3/Thirdparty/Sophus/sophus/so2.hpp:12,
                 from /home/ambushee/wil_project/thirdparty/ORB_SLAM3/Thirdparty/Sophus/sophus/se2.hpp:7,
                 from /home/ambushee/wil_project/thirdparty/ORB_SLAM3/Thirdparty/Sophus/sophus/geometry.hpp:7,
                 from /home/ambushee/wil_project/thirdparty/ORB_SLAM3/include/Frame.h:28,
                 from /home/ambushee/wil_project/thirdparty/ORB_SLAM3/include/KeyFrame.h:28,
                 from /home/ambushee/wil_project/thirdparty/ORB_SLAM3/include/MapPoint.h:23,
                 from /home/ambushee/wil_project/thirdparty/ORB_SLAM3/include/Map.h:23,
                 from /home/ambushee/wil_project/thirdparty/ORB_SLAM3/include/Optimizer.h:23,
                 from /home/ambushee/wil_project/thirdparty/ORB_SLAM3/src/Optimizer.cc:20:
/usr/include/eigen3/Eigen/src/Core/util/Constants.h:167:37: note: declared here
  167 | EIGEN_DEPRECATED const unsigned int AlignedBit = 0x80;
      |                                     ^~~~~~~~~~
In file included from /home/ambushee/wil_project/thirdparty/ORB_SLAM3/Thirdparty/g2o/g2o/types/types_six_dof_expmap.h:38,
                 from /home/ambushee/wil_project/thirdparty/ORB_SLAM3/include/Converter.h:26,
                 from /home/ambushee/wil_project/thirdparty/ORB_SLAM3/include/Frame.h:33,
                 from /home/ambushee/wil_project/thirdparty/ORB_SLAM3/include/KeyFrame.h:28,
                 from /home/ambushee/wil_project/thirdparty/ORB_SLAM3/include/MapPoint.h:23,
                 from /home/ambushee/wil_project/thirdparty/ORB_SLAM3/include/FrameDrawer.h:24,
                 from /home/ambushee/wil_project/thirdparty/ORB_SLAM3/include/Viewer.h:23,
                 from /home/ambushee/wil_project/thirdparty/ORB_SLAM3/include/Tracking.h:26,
                 from /home/ambushee/wil_project/thirdparty/ORB_SLAM3/src/Tracking.cc:20:
/home/ambushee/wil_project/thirdparty/ORB_SLAM3/Thirdparty/g2o/g2o/types/../core/base_binary_edge.h: In instantiation of ‘class g2o::BaseBinaryEdge<3, Eigen::Matrix<double, 3, 1>, ORB_SLAM3::VertexGyroBias, ORB_SLAM3::VertexGyroBias>’:
/home/ambushee/wil_project/thirdparty/ORB_SLAM3/include/G2oTypes.h:635:32:   required from here
/home/ambushee/wil_project/thirdparty/ORB_SLAM3/Thirdparty/g2o/g2o/types/../core/base_binary_edge.h:59:80: warning: ‘Eigen::AlignedBit’ is deprecated [-Wdeprecated-declarations]
   59 |       typedef Eigen::Map<Matrix<double, Di, Dj>, Matrix<double, Di, Dj>::Flags & AlignedBit ? Aligned : Unaligned > HessianBlockType;
      |                                                                          ~~~~~~^~~~~~~~~~~~
In file included from /usr/include/eigen3/Eigen/Core:161,
                 from /usr/include/eigen3/Eigen/LU:11,
                 from /home/ambushee/wil_project/thirdparty/ORB_SLAM3/Thirdparty/Sophus/sophus/so2.hpp:12,
                 from /home/ambushee/wil_project/thirdparty/ORB_SLAM3/Thirdparty/Sophus/sophus/se2.hpp:7,
                 from /home/ambushee/wil_project/thirdparty/ORB_SLAM3/Thirdparty/Sophus/sophus/geometry.hpp:7,
                 from /home/ambushee/wil_project/thirdparty/ORB_SLAM3/include/Frame.h:28,
                 from /home/ambushee/wil_project/thirdparty/ORB_SLAM3/include/KeyFrame.h:28,
                 from /home/ambushee/wil_project/thirdparty/ORB_SLAM3/include/MapPoint.h:23,
                 from /home/ambushee/wil_project/thirdparty/ORB_SLAM3/include/FrameDrawer.h:24,
                 from /home/ambushee/wil_project/thirdparty/ORB_SLAM3/include/Viewer.h:23,
                 from /home/ambushee/wil_project/thirdparty/ORB_SLAM3/include/Tracking.h:26,
                 from /home/ambushee/wil_project/thirdparty/ORB_SLAM3/src/Tracking.cc:20:
/usr/include/eigen3/Eigen/src/Core/util/Constants.h:167:37: note: declared here
  167 | EIGEN_DEPRECATED const unsigned int AlignedBit = 0x80;
      |                                     ^~~~~~~~~~
In file included from /home/ambushee/wil_project/thirdparty/ORB_SLAM3/Thirdparty/g2o/g2o/types/types_six_dof_expmap.h:38,
                 from /home/ambushee/wil_project/thirdparty/ORB_SLAM3/include/Converter.h:26,
                 from /home/ambushee/wil_project/thirdparty/ORB_SLAM3/include/Frame.h:33,
                 from /home/ambushee/wil_project/thirdparty/ORB_SLAM3/include/KeyFrame.h:28,
                 from /home/ambushee/wil_project/thirdparty/ORB_SLAM3/include/MapPoint.h:23,
                 from /home/ambushee/wil_project/thirdparty/ORB_SLAM3/include/FrameDrawer.h:24,
                 from /home/ambushee/wil_project/thirdparty/ORB_SLAM3/include/Viewer.h:23,
                 from /home/ambushee/wil_project/thirdparty/ORB_SLAM3/include/Tracking.h:26,
                 from /home/ambushee/wil_project/thirdparty/ORB_SLAM3/src/Tracking.cc:20:
/home/ambushee/wil_project/thirdparty/ORB_SLAM3/Thirdparty/g2o/g2o/types/../core/base_binary_edge.h:60:80: warning: ‘Eigen::AlignedBit’ is deprecated [-Wdeprecated-declarations]
   60 |       typedef Eigen::Map<Matrix<double, Dj, Di>, Matrix<double, Dj, Di>::Flags & AlignedBit ? Aligned : Unaligned > HessianBlockTransposedType;
      |                                                                          ~~~~~~^~~~~~~~~~~~
In file included from /usr/include/eigen3/Eigen/Core:161,
                 from /usr/include/eigen3/Eigen/LU:11,
                 from /home/ambushee/wil_project/thirdparty/ORB_SLAM3/Thirdparty/Sophus/sophus/so2.hpp:12,
                 from /home/ambushee/wil_project/thirdparty/ORB_SLAM3/Thirdparty/Sophus/sophus/se2.hpp:7,
                 from /home/ambushee/wil_project/thirdparty/ORB_SLAM3/Thirdparty/Sophus/sophus/geometry.hpp:7,
                 from /home/ambushee/wil_project/thirdparty/ORB_SLAM3/include/Frame.h:28,
                 from /home/ambushee/wil_project/thirdparty/ORB_SLAM3/include/KeyFrame.h:28,
                 from /home/ambushee/wil_project/thirdparty/ORB_SLAM3/include/MapPoint.h:23,
                 from /home/ambushee/wil_project/thirdparty/ORB_SLAM3/include/FrameDrawer.h:24,
                 from /home/ambushee/wil_project/thirdparty/ORB_SLAM3/include/Viewer.h:23,
                 from /home/ambushee/wil_project/thirdparty/ORB_SLAM3/include/Tracking.h:26,
                 from /home/ambushee/wil_project/thirdparty/ORB_SLAM3/src/Tracking.cc:20:
/usr/include/eigen3/Eigen/src/Core/util/Constants.h:167:37: note: declared here
  167 | EIGEN_DEPRECATED const unsigned int AlignedBit = 0x80;
      |                                     ^~~~~~~~~~
In file included from /home/ambushee/wil_project/thirdparty/ORB_SLAM3/Thirdparty/g2o/g2o/types/types_six_dof_expmap.h:38,
                 from /home/ambushee/wil_project/thirdparty/ORB_SLAM3/include/Converter.h:26,
                 from /home/ambushee/wil_project/thirdparty/ORB_SLAM3/include/Frame.h:33,
                 from /home/ambushee/wil_project/thirdparty/ORB_SLAM3/src/Frame.cc:19:
/home/ambushee/wil_project/thirdparty/ORB_SLAM3/Thirdparty/g2o/g2o/types/../core/base_binary_edge.h: In instantiation of ‘class g2o::BaseBinaryEdge<6, Eigen::Matrix<double, 6, 1, 0, 6, 1>, ORB_SLAM3::VertexPose4DoF, ORB_SLAM3::VertexPose4DoF>’:
/home/ambushee/wil_project/thirdparty/ORB_SLAM3/include/G2oTypes.h:817:30:   required from here
/home/ambushee/wil_project/thirdparty/ORB_SLAM3/Thirdparty/g2o/g2o/types/../core/base_binary_edge.h:59:80: warning: ‘Eigen::AlignedBit’ is deprecated [-Wdeprecated-declarations]
   59 |       typedef Eigen::Map<Matrix<double, Di, Dj>, Matrix<double, Di, Dj>::Flags & AlignedBit ? Aligned : Unaligned > HessianBlockType;
      |                                                                          ~~~~~~^~~~~~~~~~~~
In file included from /usr/include/eigen3/Eigen/Core:161,
                 from /usr/include/eigen3/Eigen/LU:11,
                 from /home/ambushee/wil_project/thirdparty/ORB_SLAM3/Thirdparty/Sophus/sophus/so2.hpp:12,
                 from /home/ambushee/wil_project/thirdparty/ORB_SLAM3/Thirdparty/Sophus/sophus/se2.hpp:7,
                 from /home/ambushee/wil_project/thirdparty/ORB_SLAM3/Thirdparty/Sophus/sophus/geometry.hpp:7,
                 from /home/ambushee/wil_project/thirdparty/ORB_SLAM3/include/Frame.h:28,
                 from /home/ambushee/wil_project/thirdparty/ORB_SLAM3/src/Frame.cc:19:
/usr/include/eigen3/Eigen/src/Core/util/Constants.h:167:37: note: declared here
  167 | EIGEN_DEPRECATED const unsigned int AlignedBit = 0x80;
      |                                     ^~~~~~~~~~
In file included from /home/ambushee/wil_project/thirdparty/ORB_SLAM3/Thirdparty/g2o/g2o/types/types_six_dof_expmap.h:38,
                 from /home/ambushee/wil_project/thirdparty/ORB_SLAM3/include/Converter.h:26,
                 from /home/ambushee/wil_project/thirdparty/ORB_SLAM3/include/Frame.h:33,
                 from /home/ambushee/wil_project/thirdparty/ORB_SLAM3/src/Frame.cc:19:
/home/ambushee/wil_project/thirdparty/ORB_SLAM3/Thirdparty/g2o/g2o/types/../core/base_binary_edge.h:60:80: warning: ‘Eigen::AlignedBit’ is deprecated [-Wdeprecated-declarations]
   60 |       typedef Eigen::Map<Matrix<double, Dj, Di>, Matrix<double, Dj, Di>::Flags & AlignedBit ? Aligned : Unaligned > HessianBlockTransposedType;
      |                                                                          ~~~~~~^~~~~~~~~~~~
In file included from /usr/include/eigen3/Eigen/Core:161,
                 from /usr/include/eigen3/Eigen/LU:11,
                 from /home/ambushee/wil_project/thirdparty/ORB_SLAM3/Thirdparty/Sophus/sophus/so2.hpp:12,
                 from /home/ambushee/wil_project/thirdparty/ORB_SLAM3/Thirdparty/Sophus/sophus/se2.hpp:7,
                 from /home/ambushee/wil_project/thirdparty/ORB_SLAM3/Thirdparty/Sophus/sophus/geometry.hpp:7,
                 from /home/ambushee/wil_project/thirdparty/ORB_SLAM3/include/Frame.h:28,
                 from /home/ambushee/wil_project/thirdparty/ORB_SLAM3/src/Frame.cc:19:
/usr/include/eigen3/Eigen/src/Core/util/Constants.h:167:37: note: declared here
  167 | EIGEN_DEPRECATED const unsigned int AlignedBit = 0x80;
      |                                     ^~~~~~~~~~
In file included from /home/ambushee/wil_project/thirdparty/ORB_SLAM3/Thirdparty/g2o/g2o/types/types_six_dof_expmap.h:38,
                 from /home/ambushee/wil_project/thirdparty/ORB_SLAM3/include/Converter.h:26,
                 from /home/ambushee/wil_project/thirdparty/ORB_SLAM3/include/Frame.h:33,
                 from /home/ambushee/wil_project/thirdparty/ORB_SLAM3/include/KeyFrame.h:28,
                 from /home/ambushee/wil_project/thirdparty/ORB_SLAM3/include/MapPoint.h:23,
                 from /home/ambushee/wil_project/thirdparty/ORB_SLAM3/include/FrameDrawer.h:24,
                 from /home/ambushee/wil_project/thirdparty/ORB_SLAM3/include/Viewer.h:23,
                 from /home/ambushee/wil_project/thirdparty/ORB_SLAM3/include/Tracking.h:26,
                 from /home/ambushee/wil_project/thirdparty/ORB_SLAM3/src/Tracking.cc:20:
/home/ambushee/wil_project/thirdparty/ORB_SLAM3/Thirdparty/g2o/g2o/types/../core/base_binary_edge.h: In instantiation of ‘class g2o::BaseBinaryEdge<3, Eigen::Matrix<double, 3, 1>, ORB_SLAM3::VertexAccBias, ORB_SLAM3::VertexAccBias>’:
/home/ambushee/wil_project/thirdparty/ORB_SLAM3/include/G2oTypes.h:671:31:   required from here
/home/ambushee/wil_project/thirdparty/ORB_SLAM3/Thirdparty/g2o/g2o/types/../core/base_binary_edge.h:59:80: warning: ‘Eigen::AlignedBit’ is deprecated [-Wdeprecated-declarations]
   59 |       typedef Eigen::Map<Matrix<double, Di, Dj>, Matrix<double, Di, Dj>::Flags & AlignedBit ? Aligned : Unaligned > HessianBlockType;
      |                                                                          ~~~~~~^~~~~~~~~~~~
In file included from /usr/include/eigen3/Eigen/Core:161,
                 from /usr/include/eigen3/Eigen/LU:11,
                 from /home/ambushee/wil_project/thirdparty/ORB_SLAM3/Thirdparty/Sophus/sophus/so2.hpp:12,
                 from /home/ambushee/wil_project/thirdparty/ORB_SLAM3/Thirdparty/Sophus/sophus/se2.hpp:7,
                 from /home/ambushee/wil_project/thirdparty/ORB_SLAM3/Thirdparty/Sophus/sophus/geometry.hpp:7,
                 from /home/ambushee/wil_project/thirdparty/ORB_SLAM3/include/Frame.h:28,
                 from /home/ambushee/wil_project/thirdparty/ORB_SLAM3/include/KeyFrame.h:28,
                 from /home/ambushee/wil_project/thirdparty/ORB_SLAM3/include/MapPoint.h:23,
                 from /home/ambushee/wil_project/thirdparty/ORB_SLAM3/include/FrameDrawer.h:24,
                 from /home/ambushee/wil_project/thirdparty/ORB_SLAM3/include/Viewer.h:23,
                 from /home/ambushee/wil_project/thirdparty/ORB_SLAM3/include/Tracking.h:26,
                 from /home/ambushee/wil_project/thirdparty/ORB_SLAM3/src/Tracking.cc:20:
/usr/include/eigen3/Eigen/src/Core/util/Constants.h:167:37: note: declared here
  167 | EIGEN_DEPRECATED const unsigned int AlignedBit = 0x80;
      |                                     ^~~~~~~~~~
In file included from /home/ambushee/wil_project/thirdparty/ORB_SLAM3/Thirdparty/g2o/g2o/types/types_six_dof_expmap.h:38,
                 from /home/ambushee/wil_project/thirdparty/ORB_SLAM3/include/Converter.h:26,
                 from /home/ambushee/wil_project/thirdparty/ORB_SLAM3/include/Frame.h:33,
                 from /home/ambushee/wil_project/thirdparty/ORB_SLAM3/include/KeyFrame.h:28,
                 from /home/ambushee/wil_project/thirdparty/ORB_SLAM3/include/MapPoint.h:23,
                 from /home/ambushee/wil_project/thirdparty/ORB_SLAM3/include/FrameDrawer.h:24,
                 from /home/ambushee/wil_project/thirdparty/ORB_SLAM3/include/Viewer.h:23,
                 from /home/ambushee/wil_project/thirdparty/ORB_SLAM3/include/Tracking.h:26,
                 from /home/ambushee/wil_project/thirdparty/ORB_SLAM3/src/Tracking.cc:20:
/home/ambushee/wil_project/thirdparty/ORB_SLAM3/Thirdparty/g2o/g2o/types/../core/base_binary_edge.h:60:80: warning: ‘Eigen::AlignedBit’ is deprecated [-Wdeprecated-declarations]
   60 |       typedef Eigen::Map<Matrix<double, Dj, Di>, Matrix<double, Dj, Di>::Flags & AlignedBit ? Aligned : Unaligned > HessianBlockTransposedType;
      |                                                                          ~~~~~~^~~~~~~~~~~~
In file included from /usr/include/eigen3/Eigen/Core:161,
                 from /usr/include/eigen3/Eigen/LU:11,
                 from /home/ambushee/wil_project/thirdparty/ORB_SLAM3/Thirdparty/Sophus/sophus/so2.hpp:12,
                 from /home/ambushee/wil_project/thirdparty/ORB_SLAM3/Thirdparty/Sophus/sophus/se2.hpp:7,
                 from /home/ambushee/wil_project/thirdparty/ORB_SLAM3/Thirdparty/Sophus/sophus/geometry.hpp:7,
                 from /home/ambushee/wil_project/thirdparty/ORB_SLAM3/include/Frame.h:28,
                 from /home/ambushee/wil_project/thirdparty/ORB_SLAM3/include/KeyFrame.h:28,
                 from /home/ambushee/wil_project/thirdparty/ORB_SLAM3/include/MapPoint.h:23,
                 from /home/ambushee/wil_project/thirdparty/ORB_SLAM3/include/FrameDrawer.h:24,
                 from /home/ambushee/wil_project/thirdparty/ORB_SLAM3/include/Viewer.h:23,
                 from /home/ambushee/wil_project/thirdparty/ORB_SLAM3/include/Tracking.h:26,
                 from /home/ambushee/wil_project/thirdparty/ORB_SLAM3/src/Tracking.cc:20:
/usr/include/eigen3/Eigen/src/Core/util/Constants.h:167:37: note: declared here
  167 | EIGEN_DEPRECATED const unsigned int AlignedBit = 0x80;
      |                                     ^~~~~~~~~~
In file included from /home/ambushee/wil_project/thirdparty/ORB_SLAM3/src/Frame.cc:31:
/home/ambushee/wil_project/thirdparty/ORB_SLAM3/include/CameraModels/KannalaBrandt8.h: In constructor ‘ORB_SLAM3::KannalaBrandt8::KannalaBrandt8(std::vector<float>)’:
/home/ambushee/wil_project/thirdparty/ORB_SLAM3/include/CameraModels/KannalaBrandt8.h:102:21: warning: ‘ORB_SLAM3::KannalaBrandt8::precision’ will be initialized after [-Wreorder]
  102 |         const float precision;
      |                     ^~~~~~~~~
/home/ambushee/wil_project/thirdparty/ORB_SLAM3/include/CameraModels/KannalaBrandt8.h:88:26: warning:   ‘std::vector<int> ORB_SLAM3::KannalaBrandt8::mvLappingArea’ [-Wreorder]
   88 |         std::vector<int> mvLappingArea;
      |                          ^~~~~~~~~~~~~
In file included from /home/ambushee/wil_project/thirdparty/ORB_SLAM3/src/Frame.cc:31:
/home/ambushee/wil_project/thirdparty/ORB_SLAM3/include/CameraModels/KannalaBrandt8.h:47:9: warning:   when initialized here [-Wreorder]
   47 |         KannalaBrandt8(const std::vector<float> _vParameters) : GeometricCamera(_vParameters), precision(1e-6), mvLappingArea(2,0) ,tvr(nullptr) {
      |         ^~~~~~~~~~~~~~
In file included from /home/ambushee/wil_project/thirdparty/ORB_SLAM3/src/Frame.cc:31:
/home/ambushee/wil_project/thirdparty/ORB_SLAM3/include/CameraModels/KannalaBrandt8.h: In constructor ‘ORB_SLAM3::KannalaBrandt8::KannalaBrandt8(std::vector<float>, float)’:
/home/ambushee/wil_project/thirdparty/ORB_SLAM3/include/CameraModels/KannalaBrandt8.h:102:21: warning: ‘ORB_SLAM3::KannalaBrandt8::precision’ will be initialized after [-Wreorder]
  102 |         const float precision;
      |                     ^~~~~~~~~
/home/ambushee/wil_project/thirdparty/ORB_SLAM3/include/CameraModels/KannalaBrandt8.h:88:26: warning:   ‘std::vector<int> ORB_SLAM3::KannalaBrandt8::mvLappingArea’ [-Wreorder]
   88 |         std::vector<int> mvLappingArea;
      |                          ^~~~~~~~~~~~~
/home/ambushee/wil_project/thirdparty/ORB_SLAM3/include/CameraModels/KannalaBrandt8.h:53:9: warning:   when initialized here [-Wreorder]
   53 |         KannalaBrandt8(const std::vector<float> _vParameters, const float _precision) : GeometricCamera(_vParameters),
      |         ^~~~~~~~~~~~~~
/home/ambushee/wil_project/thirdparty/ORB_SLAM3/include/CameraModels/KannalaBrandt8.h: In constructor ‘ORB_SLAM3::KannalaBrandt8::KannalaBrandt8(ORB_SLAM3::KannalaBrandt8*)’:
/home/ambushee/wil_project/thirdparty/ORB_SLAM3/include/CameraModels/KannalaBrandt8.h:102:21: warning: ‘ORB_SLAM3::KannalaBrandt8::precision’ will be initialized after [-Wreorder]
  102 |         const float precision;
      |                     ^~~~~~~~~
/home/ambushee/wil_project/thirdparty/ORB_SLAM3/include/CameraModels/KannalaBrandt8.h:88:26: warning:   ‘std::vector<int> ORB_SLAM3::KannalaBrandt8::mvLappingArea’ [-Wreorder]
   88 |         std::vector<int> mvLappingArea;
      |                          ^~~~~~~~~~~~~
/home/ambushee/wil_project/thirdparty/ORB_SLAM3/include/CameraModels/KannalaBrandt8.h:59:9: warning:   when initialized here [-Wreorder]
   59 |         KannalaBrandt8(KannalaBrandt8* pKannala) : GeometricCamera(pKannala->mvParameters), precision(pKannala->precision), mvLappingArea(2,0) ,tvr(nullptr) {
      |         ^~~~~~~~~~~~~~
In file included from /home/ambushee/wil_project/thirdparty/ORB_SLAM3/src/Frame.cc:19:
/home/ambushee/wil_project/thirdparty/ORB_SLAM3/include/Frame.h: In constructor ‘ORB_SLAM3::Frame::Frame()’:
/home/ambushee/wil_project/thirdparty/ORB_SLAM3/include/Frame.h:325:10: warning: ‘ORB_SLAM3::Frame::mbImuPreintegrated’ will be initialized after [-Wreorder]
  325 |     bool mbImuPreintegrated;
      |          ^~~~~~~~~~~~~~~~~~
/home/ambushee/wil_project/thirdparty/ORB_SLAM3/include/Frame.h:178:10: warning:   ‘bool ORB_SLAM3::Frame::mbHasPose’ [-Wreorder]
  178 |     bool mbHasPose;
      |          ^~~~~~~~~
/home/ambushee/wil_project/thirdparty/ORB_SLAM3/src/Frame.cc:45:1: warning:   when initialized here [-Wreorder]
   45 | Frame::Frame(): mpcpi(NULL), mpImuPreintegrated(NULL), mpPrevFrame(NULL), mpImuPreintegratedFrame(NULL), mpReferenceKF(static_cast<KeyFrame*>(NULL)), mbIsSet(false), mbImuPreintegrated(false), mbHasPose(false), mbHasVelocity(false)
      | ^~~~~
In file included from /home/ambushee/wil_project/thirdparty/ORB_SLAM3/src/Frame.cc:19:
/home/ambushee/wil_project/thirdparty/ORB_SLAM3/include/Frame.h: In copy constructor ‘ORB_SLAM3::Frame::Frame(const ORB_SLAM3::Frame&)’:
/home/ambushee/wil_project/thirdparty/ORB_SLAM3/include/Frame.h:246:27: warning: ‘ORB_SLAM3::Frame::mDescriptorsRight’ will be initialized after [-Wreorder]
  246 |     cv::Mat mDescriptors, mDescriptorsRight;
      |                           ^~~~~~~~~~~~~~~~~
/home/ambushee/wil_project/thirdparty/ORB_SLAM3/include/Frame.h:236:28: warning:   ‘std::vector<ORB_SLAM3::MapPoint*> ORB_SLAM3::Frame::mvpMapPoints’ [-Wreorder]
  236 |     std::vector<MapPoint*> mvpMapPoints;
      |                            ^~~~~~~~~~~~
/home/ambushee/wil_project/thirdparty/ORB_SLAM3/src/Frame.cc:55:1: warning:   when initialized here [-Wreorder]
   55 | Frame::Frame(const Frame &frame)
      | ^~~~~
In file included from /home/ambushee/wil_project/thirdparty/ORB_SLAM3/src/Frame.cc:19:
/home/ambushee/wil_project/thirdparty/ORB_SLAM3/include/Frame.h:264:16: warning: ‘ORB_SLAM3::Frame::mImuCalib’ will be initialized after [-Wreorder]
  264 |     IMU::Calib mImuCalib;
      |                ^~~~~~~~~
/home/ambushee/wil_project/thirdparty/ORB_SLAM3/include/Frame.h:251:9: warning:   ‘int ORB_SLAM3::Frame::mnCloseMPs’ [-Wreorder]
  251 |     int mnCloseMPs;
      |         ^~~~~~~~~~
/home/ambushee/wil_project/thirdparty/ORB_SLAM3/src/Frame.cc:55:1: warning:   when initialized here [-Wreorder]
   55 | Frame::Frame(const Frame &frame)
      | ^~~~~
In file included from /home/ambushee/wil_project/thirdparty/ORB_SLAM3/src/Frame.cc:19:
/home/ambushee/wil_project/thirdparty/ORB_SLAM3/include/Frame.h:272:25: warning: ‘ORB_SLAM3::Frame::mpImuPreintegratedFrame’ will be initialized after [-Wreorder]
  272 |     IMU::Preintegrated* mpImuPreintegratedFrame;
      |                         ^~~~~~~~~~~~~~~~~~~~~~~
/home/ambushee/wil_project/thirdparty/ORB_SLAM3/include/Frame.h:261:15: warning:   ‘ORB_SLAM3::IMU::Bias ORB_SLAM3::Frame::mImuBias’ [-Wreorder]
  261 |     IMU::Bias mImuBias;
      |               ^~~~~~~~
/home/ambushee/wil_project/thirdparty/ORB_SLAM3/src/Frame.cc:55:1: warning:   when initialized here [-Wreorder]
   55 | Frame::Frame(const Frame &frame)
      | ^~~~~
In file included from /home/ambushee/wil_project/thirdparty/ORB_SLAM3/src/Frame.cc:19:
/home/ambushee/wil_project/thirdparty/ORB_SLAM3/include/Frame.h:303:9: warning: ‘ORB_SLAM3::Frame::mnDataset’ will be initialized after [-Wreorder]
  303 |     int mnDataset;
      |         ^~~~~~~~~
/home/ambushee/wil_project/thirdparty/ORB_SLAM3/include/Frame.h:287:19: warning:   ‘std::vector<float> ORB_SLAM3::Frame::mvLevelSigma2’ [-Wreorder]
  287 |     vector<float> mvLevelSigma2;
      |                   ^~~~~~~~~~~~~
/home/ambushee/wil_project/thirdparty/ORB_SLAM3/src/Frame.cc:55:1: warning:   when initialized here [-Wreorder]
   55 | Frame::Frame(const Frame &frame)
      | ^~~~~
In file included from /home/ambushee/wil_project/thirdparty/ORB_SLAM3/src/Frame.cc:19:
/home/ambushee/wil_project/thirdparty/ORB_SLAM3/include/Frame.h:288:19: warning: ‘ORB_SLAM3::Frame::mvInvLevelSigma2’ will be initialized after [-Wreorder]
  288 |     vector<float> mvInvLevelSigma2;
      |                   ^~~~~~~~~~~~~~~~
/home/ambushee/wil_project/thirdparty/ORB_SLAM3/include/Frame.h:271:12: warning:   ‘ORB_SLAM3::Frame* ORB_SLAM3::Frame::mpPrevFrame’ [-Wreorder]
  271 |     Frame* mpPrevFrame;
      |            ^~~~~~~~~~~
/home/ambushee/wil_project/thirdparty/ORB_SLAM3/src/Frame.cc:55:1: warning:   when initialized here [-Wreorder]
   55 | Frame::Frame(const Frame &frame)
      | ^~~~~
In file included from /home/ambushee/wil_project/thirdparty/ORB_SLAM3/src/Frame.cc:19:
/home/ambushee/wil_project/thirdparty/ORB_SLAM3/include/Frame.h:271:12: warning: ‘ORB_SLAM3::Frame::mpPrevFrame’ will be initialized after [-Wreorder]
  271 |     Frame* mpPrevFrame;
      |            ^~~~~~~~~~~
/home/ambushee/wil_project/thirdparty/ORB_SLAM3/include/Frame.h:268:15: warning:   ‘ORB_SLAM3::KeyFrame* ORB_SLAM3::Frame::mpLastKeyFrame’ [-Wreorder]
  268 |     KeyFrame* mpLastKeyFrame;
      |               ^~~~~~~~~~~~~~
/home/ambushee/wil_project/thirdparty/ORB_SLAM3/src/Frame.cc:55:1: warning:   when initialized here [-Wreorder]
   55 | Frame::Frame(const Frame &frame)
      | ^~~~~
In file included from /home/ambushee/wil_project/thirdparty/ORB_SLAM3/src/Frame.cc:19:
/home/ambushee/wil_project/thirdparty/ORB_SLAM3/include/Frame.h:345:34: warning: ‘ORB_SLAM3::Frame::mvStereo3Dpoints’ will be initialized after [-Wreorder]
  345 |     std::vector<Eigen::Vector3f> mvStereo3Dpoints;
      |                                  ^~~~~~~~~~~~~~~~
/home/ambushee/wil_project/thirdparty/ORB_SLAM3/include/Frame.h:184:24: warning:   ‘Sophus::SE3<float> ORB_SLAM3::Frame::mTlr’ [-Wreorder]
  184 |     Sophus::SE3<float> mTlr, mTrl;
      |                        ^~~~
/home/ambushee/wil_project/thirdparty/ORB_SLAM3/src/Frame.cc:55:1: warning:   when initialized here [-Wreorder]
   55 | Frame::Frame(const Frame &frame)
      | ^~~~~
In file included from /home/ambushee/wil_project/thirdparty/ORB_SLAM3/src/Frame.cc:19:
/home/ambushee/wil_project/thirdparty/ORB_SLAM3/include/Frame.h:186:21: warning: ‘ORB_SLAM3::Frame::mtlr’ will be initialized after [-Wreorder]
  186 |     Eigen::Vector3f mtlr;
      |                     ^~~~
/home/ambushee/wil_project/thirdparty/ORB_SLAM3/include/Frame.h:184:30: warning:   ‘Sophus::SE3<float> ORB_SLAM3::Frame::mTrl’ [-Wreorder]
  184 |     Sophus::SE3<float> mTlr, mTrl;
      |                              ^~~~
/home/ambushee/wil_project/thirdparty/ORB_SLAM3/src/Frame.cc:55:1: warning:   when initialized here [-Wreorder]
   55 | Frame::Frame(const Frame &frame)
      | ^~~~~
In file included from /home/ambushee/wil_project/thirdparty/ORB_SLAM3/src/Frame.cc:19:
/home/ambushee/wil_project/thirdparty/ORB_SLAM3/include/Frame.h:184:30: warning: ‘ORB_SLAM3::Frame::mTrl’ will be initialized after [-Wreorder]
  184 |     Sophus::SE3<float> mTlr, mTrl;
      |                              ^~~~
/home/ambushee/wil_project/thirdparty/ORB_SLAM3/include/Frame.h:173:24: warning:   ‘Sophus::SE3<float> ORB_SLAM3::Frame::mTcw’ [-Wreorder]
  173 |     Sophus::SE3<float> mTcw;
      |                        ^~~~
/home/ambushee/wil_project/thirdparty/ORB_SLAM3/src/Frame.cc:55:1: warning:   when initialized here [-Wreorder]
   55 | Frame::Frame(const Frame &frame)
      | ^~~~~
In file included from /home/ambushee/wil_project/thirdparty/ORB_SLAM3/src/Frame.cc:19:
/home/ambushee/wil_project/thirdparty/ORB_SLAM3/include/Frame.h: In constructor ‘ORB_SLAM3::Frame::Frame(const cv::Mat&, const cv::Mat&, const double&, ORB_SLAM3::ORBextractor*, ORB_SLAM3::ORBextractor*, ORB_SLAM3::ORBVocabulary*, cv::Mat&, cv::Mat&, const float&, const float&, ORB_SLAM3::GeometricCamera*, ORB_SLAM3::Frame*, const ORB_SLAM3::IMU::Calib&, const cv::Mat&, const cv::Mat&)’:
/home/ambushee/wil_project/thirdparty/ORB_SLAM3/include/Frame.h:330:33: warning: ‘ORB_SLAM3::Frame::mpCamera2’ will be initialized after [-Wreorder]
  330 |     GeometricCamera* mpCamera, *mpCamera2;
      |                                 ^~~~~~~~~
/home/ambushee/wil_project/thirdparty/ORB_SLAM3/include/Frame.h:178:10: warning:   ‘bool ORB_SLAM3::Frame::mbHasPose’ [-Wreorder]
  178 |     bool mbHasPose;
      |          ^~~~~~~~~
/home/ambushee/wil_project/thirdparty/ORB_SLAM3/src/Frame.cc:101:1: warning:   when initialized here [-Wreorder]
  101 | Frame::Frame(const cv::Mat &imLeft, const cv::Mat &imRight, const double &timeStamp, ORBextractor* extractorLeft, ORBextractor* extractorRight, ORBVocabulary* voc, cv::Mat &K, cv::Mat &distCoef, const float &bf, const float &thDepth, GeometricCamera* pCamera, Frame* pPrevF, const IMU::Calib &ImuCalib, const cv::Mat &maskLeft, const cv::Mat &maskRight)
      | ^~~~~
In file included from /home/ambushee/wil_project/thirdparty/ORB_SLAM3/src/Frame.cc:19:
/home/ambushee/wil_project/thirdparty/ORB_SLAM3/include/Frame.h: In constructor ‘ORB_SLAM3::Frame::Frame(const cv::Mat&, const cv::Mat&, const double&, ORB_SLAM3::ORBextractor*, ORB_SLAM3::ORBVocabulary*, cv::Mat&, cv::Mat&, const float&, const float&, ORB_SLAM3::GeometricCamera*, ORB_SLAM3::Frame*, const ORB_SLAM3::IMU::Calib&)’:
/home/ambushee/wil_project/thirdparty/ORB_SLAM3/include/Frame.h:330:33: warning: ‘ORB_SLAM3::Frame::mpCamera2’ will be initialized after [-Wreorder]
  330 |     GeometricCamera* mpCamera, *mpCamera2;
      |                                 ^~~~~~~~~
/home/ambushee/wil_project/thirdparty/ORB_SLAM3/include/Frame.h:178:10: warning:   ‘bool ORB_SLAM3::Frame::mbHasPose’ [-Wreorder]
  178 |     bool mbHasPose;
      |          ^~~~~~~~~
/home/ambushee/wil_project/thirdparty/ORB_SLAM3/src/Frame.cc:202:1: warning:   when initialized here [-Wreorder]
  202 | Frame::Frame(const cv::Mat &imGray, const cv::Mat &imDepth, const double &timeStamp, ORBextractor* extractor,ORBVocabulary* voc, cv::Mat &K, cv::Mat &distCoef, const float &bf, const float &thDepth, GeometricCamera* pCamera,Frame* pPrevF, const IMU::Calib &ImuCalib)
      | ^~~~~
In file included from /home/ambushee/wil_project/thirdparty/ORB_SLAM3/src/Frame.cc:19:
/home/ambushee/wil_project/thirdparty/ORB_SLAM3/include/Frame.h: In constructor ‘ORB_SLAM3::Frame::Frame(const cv::Mat&, const double&, ORB_SLAM3::ORBextractor*, ORB_SLAM3::ORBVocabulary*, ORB_SLAM3::GeometricCamera*, cv::Mat&, const float&, const float&, ORB_SLAM3::Frame*, const ORB_SLAM3::IMU::Calib&)’:
/home/ambushee/wil_project/thirdparty/ORB_SLAM3/include/Frame.h:330:33: warning: ‘ORB_SLAM3::Frame::mpCamera2’ will be initialized after [-Wreorder]
  330 |     GeometricCamera* mpCamera, *mpCamera2;
      |                                 ^~~~~~~~~
/home/ambushee/wil_project/thirdparty/ORB_SLAM3/include/Frame.h:178:10: warning:   ‘bool ORB_SLAM3::Frame::mbHasPose’ [-Wreorder]
  178 |     bool mbHasPose;
      |          ^~~~~~~~~
/home/ambushee/wil_project/thirdparty/ORB_SLAM3/src/Frame.cc:291:1: warning:   when initialized here [-Wreorder]
  291 | Frame::Frame(const cv::Mat &imGray, const double &timeStamp, ORBextractor* extractor,ORBVocabulary* voc, GeometricCamera* pCamera, cv::Mat &distCoef, const float &bf, const float &thDepth, Frame* pPrevF, const IMU::Calib &ImuCalib)
      | ^~~~~
In file included from /home/ambushee/wil_project/thirdparty/ORB_SLAM3/Thirdparty/g2o/g2o/types/types_six_dof_expmap.h:38,
                 from /home/ambushee/wil_project/thirdparty/ORB_SLAM3/include/Converter.h:26,
                 from /home/ambushee/wil_project/thirdparty/ORB_SLAM3/include/Frame.h:33,
                 from /home/ambushee/wil_project/thirdparty/ORB_SLAM3/include/MapPoint.h:24,
                 from /home/ambushee/wil_project/thirdparty/ORB_SLAM3/include/KeyFrame.h:23,
                 from /home/ambushee/wil_project/thirdparty/ORB_SLAM3/include/LoopClosing.h:23,
                 from /home/ambushee/wil_project/thirdparty/ORB_SLAM3/src/LoopClosing.cc:20:
/home/ambushee/wil_project/thirdparty/ORB_SLAM3/Thirdparty/g2o/g2o/types/../core/base_binary_edge.h: In instantiation of ‘class g2o::BaseBinaryEdge<3, Eigen::Matrix<double, 3, 1>, ORB_SLAM3::VertexGyroBias, ORB_SLAM3::VertexGyroBias>’:
/home/ambushee/wil_project/thirdparty/ORB_SLAM3/include/G2oTypes.h:635:32:   required from here
/home/ambushee/wil_project/thirdparty/ORB_SLAM3/Thirdparty/g2o/g2o/types/../core/base_binary_edge.h:59:80: warning: ‘Eigen::AlignedBit’ is deprecated [-Wdeprecated-declarations]
   59 |       typedef Eigen::Map<Matrix<double, Di, Dj>, Matrix<double, Di, Dj>::Flags & AlignedBit ? Aligned : Unaligned > HessianBlockType;
      |                                                                          ~~~~~~^~~~~~~~~~~~
In file included from /usr/include/eigen3/Eigen/Core:161,
                 from /usr/include/eigen3/Eigen/LU:11,
                 from /home/ambushee/wil_project/thirdparty/ORB_SLAM3/Thirdparty/Sophus/sophus/so2.hpp:12,
                 from /home/ambushee/wil_project/thirdparty/ORB_SLAM3/Thirdparty/Sophus/sophus/se2.hpp:7,
                 from /home/ambushee/wil_project/thirdparty/ORB_SLAM3/Thirdparty/Sophus/sophus/geometry.hpp:7,
                 from /home/ambushee/wil_project/thirdparty/ORB_SLAM3/include/Frame.h:28,
                 from /home/ambushee/wil_project/thirdparty/ORB_SLAM3/include/MapPoint.h:24,
                 from /home/ambushee/wil_project/thirdparty/ORB_SLAM3/include/KeyFrame.h:23,
                 from /home/ambushee/wil_project/thirdparty/ORB_SLAM3/include/LoopClosing.h:23,
                 from /home/ambushee/wil_project/thirdparty/ORB_SLAM3/src/LoopClosing.cc:20:
/usr/include/eigen3/Eigen/src/Core/util/Constants.h:167:37: note: declared here
  167 | EIGEN_DEPRECATED const unsigned int AlignedBit = 0x80;
      |                                     ^~~~~~~~~~
In file included from /home/ambushee/wil_project/thirdparty/ORB_SLAM3/Thirdparty/g2o/g2o/types/types_six_dof_expmap.h:38,
                 from /home/ambushee/wil_project/thirdparty/ORB_SLAM3/include/Converter.h:26,
                 from /home/ambushee/wil_project/thirdparty/ORB_SLAM3/include/Frame.h:33,
                 from /home/ambushee/wil_project/thirdparty/ORB_SLAM3/include/MapPoint.h:24,
                 from /home/ambushee/wil_project/thirdparty/ORB_SLAM3/include/KeyFrame.h:23,
                 from /home/ambushee/wil_project/thirdparty/ORB_SLAM3/include/LoopClosing.h:23,
                 from /home/ambushee/wil_project/thirdparty/ORB_SLAM3/src/LoopClosing.cc:20:
/home/ambushee/wil_project/thirdparty/ORB_SLAM3/Thirdparty/g2o/g2o/types/../core/base_binary_edge.h:60:80: warning: ‘Eigen::AlignedBit’ is deprecated [-Wdeprecated-declarations]
   60 |       typedef Eigen::Map<Matrix<double, Dj, Di>, Matrix<double, Dj, Di>::Flags & AlignedBit ? Aligned : Unaligned > HessianBlockTransposedType;
      |                                                                          ~~~~~~^~~~~~~~~~~~
In file included from /usr/include/eigen3/Eigen/Core:161,
                 from /usr/include/eigen3/Eigen/LU:11,
                 from /home/ambushee/wil_project/thirdparty/ORB_SLAM3/Thirdparty/Sophus/sophus/so2.hpp:12,
                 from /home/ambushee/wil_project/thirdparty/ORB_SLAM3/Thirdparty/Sophus/sophus/se2.hpp:7,
                 from /home/ambushee/wil_project/thirdparty/ORB_SLAM3/Thirdparty/Sophus/sophus/geometry.hpp:7,
                 from /home/ambushee/wil_project/thirdparty/ORB_SLAM3/include/Frame.h:28,
                 from /home/ambushee/wil_project/thirdparty/ORB_SLAM3/include/MapPoint.h:24,
                 from /home/ambushee/wil_project/thirdparty/ORB_SLAM3/include/KeyFrame.h:23,
                 from /home/ambushee/wil_project/thirdparty/ORB_SLAM3/include/LoopClosing.h:23,
                 from /home/ambushee/wil_project/thirdparty/ORB_SLAM3/src/LoopClosing.cc:20:
/usr/include/eigen3/Eigen/src/Core/util/Constants.h:167:37: note: declared here
  167 | EIGEN_DEPRECATED const unsigned int AlignedBit = 0x80;
      |                                     ^~~~~~~~~~
In file included from /home/ambushee/wil_project/thirdparty/ORB_SLAM3/src/Frame.cc:19:
/home/ambushee/wil_project/thirdparty/ORB_SLAM3/include/Frame.h: In constructor ‘ORB_SLAM3::Frame::Frame(const cv::Mat&, const cv::Mat&, const double&, ORB_SLAM3::ORBextractor*, ORB_SLAM3::ORBextractor*, ORB_SLAM3::ORBVocabulary*, cv::Mat&, cv::Mat&, const float&, const float&, ORB_SLAM3::GeometricCamera*, ORB_SLAM3::GeometricCamera*, Sophus::SE3f&, ORB_SLAM3::Frame*, const ORB_SLAM3::IMU::Calib&)’:
/home/ambushee/wil_project/thirdparty/ORB_SLAM3/include/Frame.h:330:33: warning: ‘ORB_SLAM3::Frame::mpCamera2’ will be initialized after [-Wreorder]
  330 |     GeometricCamera* mpCamera, *mpCamera2;
      |                                 ^~~~~~~~~
/home/ambushee/wil_project/thirdparty/ORB_SLAM3/include/Frame.h:178:10: warning:   ‘bool ORB_SLAM3::Frame::mbHasPose’ [-Wreorder]
  178 |     bool mbHasPose;
      |          ^~~~~~~~~
/home/ambushee/wil_project/thirdparty/ORB_SLAM3/src/Frame.cc:1036:1: warning:   when initialized here [-Wreorder]
 1036 | Frame::Frame(const cv::Mat &imLeft, const cv::Mat &imRight, const double &timeStamp, ORBextractor* extractorLeft, ORBextractor* extractorRight, ORBVocabulary* voc, cv::Mat &K, cv::Mat &distCoef, const float &bf, const float &thDepth, GeometricCamera* pCamera, GeometricCamera* pCamera2, Sophus::SE3f& Tlr,Frame* pPrevF, const IMU::Calib &ImuCalib)
      | ^~~~~
In file included from /home/ambushee/wil_project/thirdparty/ORB_SLAM3/Thirdparty/g2o/g2o/types/types_six_dof_expmap.h:38,
                 from /home/ambushee/wil_project/thirdparty/ORB_SLAM3/include/Converter.h:26,
                 from /home/ambushee/wil_project/thirdparty/ORB_SLAM3/include/Frame.h:33,
                 from /home/ambushee/wil_project/thirdparty/ORB_SLAM3/include/KeyFrame.h:28,
                 from /home/ambushee/wil_project/thirdparty/ORB_SLAM3/include/MapPoint.h:23,
                 from /home/ambushee/wil_project/thirdparty/ORB_SLAM3/include/FrameDrawer.h:24,
                 from /home/ambushee/wil_project/thirdparty/ORB_SLAM3/include/Viewer.h:23,
                 from /home/ambushee/wil_project/thirdparty/ORB_SLAM3/include/Tracking.h:26,
                 from /home/ambushee/wil_project/thirdparty/ORB_SLAM3/src/Tracking.cc:20:
/home/ambushee/wil_project/thirdparty/ORB_SLAM3/Thirdparty/g2o/g2o/types/../core/base_binary_edge.h: In instantiation of ‘class g2o::BaseBinaryEdge<6, Eigen::Matrix<double, 6, 1, 0, 6, 1>, ORB_SLAM3::VertexPose4DoF, ORB_SLAM3::VertexPose4DoF>’:
/home/ambushee/wil_project/thirdparty/ORB_SLAM3/include/G2oTypes.h:817:30:   required from here
/home/ambushee/wil_project/thirdparty/ORB_SLAM3/Thirdparty/g2o/g2o/types/../core/base_binary_edge.h:59:80: warning: ‘Eigen::AlignedBit’ is deprecated [-Wdeprecated-declarations]
   59 |       typedef Eigen::Map<Matrix<double, Di, Dj>, Matrix<double, Di, Dj>::Flags & AlignedBit ? Aligned : Unaligned > HessianBlockType;
      |                                                                          ~~~~~~^~~~~~~~~~~~
In file included from /usr/include/eigen3/Eigen/Core:161,
                 from /usr/include/eigen3/Eigen/LU:11,
                 from /home/ambushee/wil_project/thirdparty/ORB_SLAM3/Thirdparty/Sophus/sophus/so2.hpp:12,
                 from /home/ambushee/wil_project/thirdparty/ORB_SLAM3/Thirdparty/Sophus/sophus/se2.hpp:7,
                 from /home/ambushee/wil_project/thirdparty/ORB_SLAM3/Thirdparty/Sophus/sophus/geometry.hpp:7,
                 from /home/ambushee/wil_project/thirdparty/ORB_SLAM3/include/Frame.h:28,
                 from /home/ambushee/wil_project/thirdparty/ORB_SLAM3/include/KeyFrame.h:28,
                 from /home/ambushee/wil_project/thirdparty/ORB_SLAM3/include/MapPoint.h:23,
                 from /home/ambushee/wil_project/thirdparty/ORB_SLAM3/include/FrameDrawer.h:24,
                 from /home/ambushee/wil_project/thirdparty/ORB_SLAM3/include/Viewer.h:23,
                 from /home/ambushee/wil_project/thirdparty/ORB_SLAM3/include/Tracking.h:26,
                 from /home/ambushee/wil_project/thirdparty/ORB_SLAM3/src/Tracking.cc:20:
/usr/include/eigen3/Eigen/src/Core/util/Constants.h:167:37: note: declared here
  167 | EIGEN_DEPRECATED const unsigned int AlignedBit = 0x80;
      |                                     ^~~~~~~~~~
In file included from /home/ambushee/wil_project/thirdparty/ORB_SLAM3/Thirdparty/g2o/g2o/types/types_six_dof_expmap.h:38,
                 from /home/ambushee/wil_project/thirdparty/ORB_SLAM3/include/Converter.h:26,
                 from /home/ambushee/wil_project/thirdparty/ORB_SLAM3/include/Frame.h:33,
                 from /home/ambushee/wil_project/thirdparty/ORB_SLAM3/include/KeyFrame.h:28,
                 from /home/ambushee/wil_project/thirdparty/ORB_SLAM3/include/MapPoint.h:23,
                 from /home/ambushee/wil_project/thirdparty/ORB_SLAM3/include/FrameDrawer.h:24,
                 from /home/ambushee/wil_project/thirdparty/ORB_SLAM3/include/Viewer.h:23,
                 from /home/ambushee/wil_project/thirdparty/ORB_SLAM3/include/Tracking.h:26,
                 from /home/ambushee/wil_project/thirdparty/ORB_SLAM3/src/Tracking.cc:20:
/home/ambushee/wil_project/thirdparty/ORB_SLAM3/Thirdparty/g2o/g2o/types/../core/base_binary_edge.h:60:80: warning: ‘Eigen::AlignedBit’ is deprecated [-Wdeprecated-declarations]
   60 |       typedef Eigen::Map<Matrix<double, Dj, Di>, Matrix<double, Dj, Di>::Flags & AlignedBit ? Aligned : Unaligned > HessianBlockTransposedType;
      |                                                                          ~~~~~~^~~~~~~~~~~~
In file included from /usr/include/eigen3/Eigen/Core:161,
                 from /usr/include/eigen3/Eigen/LU:11,
                 from /home/ambushee/wil_project/thirdparty/ORB_SLAM3/Thirdparty/Sophus/sophus/so2.hpp:12,
                 from /home/ambushee/wil_project/thirdparty/ORB_SLAM3/Thirdparty/Sophus/sophus/se2.hpp:7,
                 from /home/ambushee/wil_project/thirdparty/ORB_SLAM3/Thirdparty/Sophus/sophus/geometry.hpp:7,
                 from /home/ambushee/wil_project/thirdparty/ORB_SLAM3/include/Frame.h:28,
                 from /home/ambushee/wil_project/thirdparty/ORB_SLAM3/include/KeyFrame.h:28,
                 from /home/ambushee/wil_project/thirdparty/ORB_SLAM3/include/MapPoint.h:23,
                 from /home/ambushee/wil_project/thirdparty/ORB_SLAM3/include/FrameDrawer.h:24,
                 from /home/ambushee/wil_project/thirdparty/ORB_SLAM3/include/Viewer.h:23,
                 from /home/ambushee/wil_project/thirdparty/ORB_SLAM3/include/Tracking.h:26,
                 from /home/ambushee/wil_project/thirdparty/ORB_SLAM3/src/Tracking.cc:20:
/usr/include/eigen3/Eigen/src/Core/util/Constants.h:167:37: note: declared here
  167 | EIGEN_DEPRECATED const unsigned int AlignedBit = 0x80;
      |                                     ^~~~~~~~~~
In file included from /home/ambushee/wil_project/thirdparty/ORB_SLAM3/Thirdparty/g2o/g2o/types/types_six_dof_expmap.h:38,
                 from /home/ambushee/wil_project/thirdparty/ORB_SLAM3/include/Converter.h:26,
                 from /home/ambushee/wil_project/thirdparty/ORB_SLAM3/include/Frame.h:33,
                 from /home/ambushee/wil_project/thirdparty/ORB_SLAM3/include/MapPoint.h:24,
                 from /home/ambushee/wil_project/thirdparty/ORB_SLAM3/include/KeyFrame.h:23,
                 from /home/ambushee/wil_project/thirdparty/ORB_SLAM3/include/LoopClosing.h:23,
                 from /home/ambushee/wil_project/thirdparty/ORB_SLAM3/src/LoopClosing.cc:20:
/home/ambushee/wil_project/thirdparty/ORB_SLAM3/Thirdparty/g2o/g2o/types/../core/base_binary_edge.h: In instantiation of ‘class g2o::BaseBinaryEdge<3, Eigen::Matrix<double, 3, 1>, ORB_SLAM3::VertexAccBias, ORB_SLAM3::VertexAccBias>’:
/home/ambushee/wil_project/thirdparty/ORB_SLAM3/include/G2oTypes.h:671:31:   required from here
/home/ambushee/wil_project/thirdparty/ORB_SLAM3/Thirdparty/g2o/g2o/types/../core/base_binary_edge.h:59:80: warning: ‘Eigen::AlignedBit’ is deprecated [-Wdeprecated-declarations]
   59 |       typedef Eigen::Map<Matrix<double, Di, Dj>, Matrix<double, Di, Dj>::Flags & AlignedBit ? Aligned : Unaligned > HessianBlockType;
      |                                                                          ~~~~~~^~~~~~~~~~~~
In file included from /usr/include/eigen3/Eigen/Core:161,
                 from /usr/include/eigen3/Eigen/LU:11,
                 from /home/ambushee/wil_project/thirdparty/ORB_SLAM3/Thirdparty/Sophus/sophus/so2.hpp:12,
                 from /home/ambushee/wil_project/thirdparty/ORB_SLAM3/Thirdparty/Sophus/sophus/se2.hpp:7,
                 from /home/ambushee/wil_project/thirdparty/ORB_SLAM3/Thirdparty/Sophus/sophus/geometry.hpp:7,
                 from /home/ambushee/wil_project/thirdparty/ORB_SLAM3/include/Frame.h:28,
                 from /home/ambushee/wil_project/thirdparty/ORB_SLAM3/include/MapPoint.h:24,
                 from /home/ambushee/wil_project/thirdparty/ORB_SLAM3/include/KeyFrame.h:23,
                 from /home/ambushee/wil_project/thirdparty/ORB_SLAM3/include/LoopClosing.h:23,
                 from /home/ambushee/wil_project/thirdparty/ORB_SLAM3/src/LoopClosing.cc:20:
/usr/include/eigen3/Eigen/src/Core/util/Constants.h:167:37: note: declared here
  167 | EIGEN_DEPRECATED const unsigned int AlignedBit = 0x80;
      |                                     ^~~~~~~~~~
In file included from /home/ambushee/wil_project/thirdparty/ORB_SLAM3/Thirdparty/g2o/g2o/types/types_six_dof_expmap.h:38,
                 from /home/ambushee/wil_project/thirdparty/ORB_SLAM3/include/Converter.h:26,
                 from /home/ambushee/wil_project/thirdparty/ORB_SLAM3/include/Frame.h:33,
                 from /home/ambushee/wil_project/thirdparty/ORB_SLAM3/include/MapPoint.h:24,
                 from /home/ambushee/wil_project/thirdparty/ORB_SLAM3/include/KeyFrame.h:23,
                 from /home/ambushee/wil_project/thirdparty/ORB_SLAM3/include/LoopClosing.h:23,
                 from /home/ambushee/wil_project/thirdparty/ORB_SLAM3/src/LoopClosing.cc:20:
/home/ambushee/wil_project/thirdparty/ORB_SLAM3/Thirdparty/g2o/g2o/types/../core/base_binary_edge.h:60:80: warning: ‘Eigen::AlignedBit’ is deprecated [-Wdeprecated-declarations]
   60 |       typedef Eigen::Map<Matrix<double, Dj, Di>, Matrix<double, Dj, Di>::Flags & AlignedBit ? Aligned : Unaligned > HessianBlockTransposedType;
      |                                                                          ~~~~~~^~~~~~~~~~~~
In file included from /usr/include/eigen3/Eigen/Core:161,
                 from /usr/include/eigen3/Eigen/LU:11,
                 from /home/ambushee/wil_project/thirdparty/ORB_SLAM3/Thirdparty/Sophus/sophus/so2.hpp:12,
                 from /home/ambushee/wil_project/thirdparty/ORB_SLAM3/Thirdparty/Sophus/sophus/se2.hpp:7,
                 from /home/ambushee/wil_project/thirdparty/ORB_SLAM3/Thirdparty/Sophus/sophus/geometry.hpp:7,
                 from /home/ambushee/wil_project/thirdparty/ORB_SLAM3/include/Frame.h:28,
                 from /home/ambushee/wil_project/thirdparty/ORB_SLAM3/include/MapPoint.h:24,
                 from /home/ambushee/wil_project/thirdparty/ORB_SLAM3/include/KeyFrame.h:23,
                 from /home/ambushee/wil_project/thirdparty/ORB_SLAM3/include/LoopClosing.h:23,
                 from /home/ambushee/wil_project/thirdparty/ORB_SLAM3/src/LoopClosing.cc:20:
/usr/include/eigen3/Eigen/src/Core/util/Constants.h:167:37: note: declared here
  167 | EIGEN_DEPRECATED const unsigned int AlignedBit = 0x80;
      |                                     ^~~~~~~~~~
In file included from /home/ambushee/wil_project/thirdparty/ORB_SLAM3/Thirdparty/g2o/g2o/types/types_six_dof_expmap.h:38,
                 from /home/ambushee/wil_project/thirdparty/ORB_SLAM3/include/Converter.h:26,
                 from /home/ambushee/wil_project/thirdparty/ORB_SLAM3/include/Frame.h:33,
                 from /home/ambushee/wil_project/thirdparty/ORB_SLAM3/include/KeyFrame.h:28,
                 from /home/ambushee/wil_project/thirdparty/ORB_SLAM3/include/MapPoint.h:23,
                 from /home/ambushee/wil_project/thirdparty/ORB_SLAM3/include/Map.h:23,
                 from /home/ambushee/wil_project/thirdparty/ORB_SLAM3/include/Optimizer.h:23,
                 from /home/ambushee/wil_project/thirdparty/ORB_SLAM3/src/Optimizer.cc:20:
/home/ambushee/wil_project/thirdparty/ORB_SLAM3/Thirdparty/g2o/g2o/types/../core/base_binary_edge.h: In instantiation of ‘class g2o::BaseBinaryEdge<3, Eigen::Matrix<double, 3, 1>, ORB_SLAM3::VertexGyroBias, ORB_SLAM3::VertexGyroBias>’:
/home/ambushee/wil_project/thirdparty/ORB_SLAM3/include/G2oTypes.h:635:32:   required from here
/home/ambushee/wil_project/thirdparty/ORB_SLAM3/Thirdparty/g2o/g2o/types/../core/base_binary_edge.h:59:80: warning: ‘Eigen::AlignedBit’ is deprecated [-Wdeprecated-declarations]
   59 |       typedef Eigen::Map<Matrix<double, Di, Dj>, Matrix<double, Di, Dj>::Flags & AlignedBit ? Aligned : Unaligned > HessianBlockType;
      |                                                                          ~~~~~~^~~~~~~~~~~~
In file included from /usr/include/eigen3/Eigen/Core:161,
                 from /usr/include/eigen3/Eigen/LU:11,
                 from /home/ambushee/wil_project/thirdparty/ORB_SLAM3/Thirdparty/Sophus/sophus/so2.hpp:12,
                 from /home/ambushee/wil_project/thirdparty/ORB_SLAM3/Thirdparty/Sophus/sophus/se2.hpp:7,
                 from /home/ambushee/wil_project/thirdparty/ORB_SLAM3/Thirdparty/Sophus/sophus/geometry.hpp:7,
                 from /home/ambushee/wil_project/thirdparty/ORB_SLAM3/include/Frame.h:28,
                 from /home/ambushee/wil_project/thirdparty/ORB_SLAM3/include/KeyFrame.h:28,
                 from /home/ambushee/wil_project/thirdparty/ORB_SLAM3/include/MapPoint.h:23,
                 from /home/ambushee/wil_project/thirdparty/ORB_SLAM3/include/Map.h:23,
                 from /home/ambushee/wil_project/thirdparty/ORB_SLAM3/include/Optimizer.h:23,
                 from /home/ambushee/wil_project/thirdparty/ORB_SLAM3/src/Optimizer.cc:20:
/usr/include/eigen3/Eigen/src/Core/util/Constants.h:167:37: note: declared here
  167 | EIGEN_DEPRECATED const unsigned int AlignedBit = 0x80;
      |                                     ^~~~~~~~~~
In file included from /home/ambushee/wil_project/thirdparty/ORB_SLAM3/Thirdparty/g2o/g2o/types/types_six_dof_expmap.h:38,
                 from /home/ambushee/wil_project/thirdparty/ORB_SLAM3/include/Converter.h:26,
                 from /home/ambushee/wil_project/thirdparty/ORB_SLAM3/include/Frame.h:33,
                 from /home/ambushee/wil_project/thirdparty/ORB_SLAM3/include/KeyFrame.h:28,
                 from /home/ambushee/wil_project/thirdparty/ORB_SLAM3/include/MapPoint.h:23,
                 from /home/ambushee/wil_project/thirdparty/ORB_SLAM3/include/Map.h:23,
                 from /home/ambushee/wil_project/thirdparty/ORB_SLAM3/include/Optimizer.h:23,
                 from /home/ambushee/wil_project/thirdparty/ORB_SLAM3/src/Optimizer.cc:20:
/home/ambushee/wil_project/thirdparty/ORB_SLAM3/Thirdparty/g2o/g2o/types/../core/base_binary_edge.h:60:80: warning: ‘Eigen::AlignedBit’ is deprecated [-Wdeprecated-declarations]
   60 |       typedef Eigen::Map<Matrix<double, Dj, Di>, Matrix<double, Dj, Di>::Flags & AlignedBit ? Aligned : Unaligned > HessianBlockTransposedType;
      |                                                                          ~~~~~~^~~~~~~~~~~~
In file included from /usr/include/eigen3/Eigen/Core:161,
                 from /usr/include/eigen3/Eigen/LU:11,
                 from /home/ambushee/wil_project/thirdparty/ORB_SLAM3/Thirdparty/Sophus/sophus/so2.hpp:12,
                 from /home/ambushee/wil_project/thirdparty/ORB_SLAM3/Thirdparty/Sophus/sophus/se2.hpp:7,
                 from /home/ambushee/wil_project/thirdparty/ORB_SLAM3/Thirdparty/Sophus/sophus/geometry.hpp:7,
                 from /home/ambushee/wil_project/thirdparty/ORB_SLAM3/include/Frame.h:28,
                 from /home/ambushee/wil_project/thirdparty/ORB_SLAM3/include/KeyFrame.h:28,
                 from /home/ambushee/wil_project/thirdparty/ORB_SLAM3/include/MapPoint.h:23,
                 from /home/ambushee/wil_project/thirdparty/ORB_SLAM3/include/Map.h:23,
                 from /home/ambushee/wil_project/thirdparty/ORB_SLAM3/include/Optimizer.h:23,
                 from /home/ambushee/wil_project/thirdparty/ORB_SLAM3/src/Optimizer.cc:20:
/usr/include/eigen3/Eigen/src/Core/util/Constants.h:167:37: note: declared here
  167 | EIGEN_DEPRECATED const unsigned int AlignedBit = 0x80;
      |                                     ^~~~~~~~~~
In file included from /home/ambushee/wil_project/thirdparty/ORB_SLAM3/Thirdparty/g2o/g2o/types/types_six_dof_expmap.h:38,
                 from /home/ambushee/wil_project/thirdparty/ORB_SLAM3/include/Converter.h:26,
                 from /home/ambushee/wil_project/thirdparty/ORB_SLAM3/include/Frame.h:33,
                 from /home/ambushee/wil_project/thirdparty/ORB_SLAM3/include/KeyFrame.h:28,
                 from /home/ambushee/wil_project/thirdparty/ORB_SLAM3/include/MapPoint.h:23,
                 from /home/ambushee/wil_project/thirdparty/ORB_SLAM3/include/Map.h:23,
                 from /home/ambushee/wil_project/thirdparty/ORB_SLAM3/include/Optimizer.h:23,
                 from /home/ambushee/wil_project/thirdparty/ORB_SLAM3/src/Optimizer.cc:20:
/home/ambushee/wil_project/thirdparty/ORB_SLAM3/Thirdparty/g2o/g2o/types/../core/base_binary_edge.h: In instantiation of ‘class g2o::BaseBinaryEdge<3, Eigen::Matrix<double, 3, 1>, ORB_SLAM3::VertexAccBias, ORB_SLAM3::VertexAccBias>’:
/home/ambushee/wil_project/thirdparty/ORB_SLAM3/include/G2oTypes.h:671:31:   required from here
/home/ambushee/wil_project/thirdparty/ORB_SLAM3/Thirdparty/g2o/g2o/types/../core/base_binary_edge.h:59:80: warning: ‘Eigen::AlignedBit’ is deprecated [-Wdeprecated-declarations]
   59 |       typedef Eigen::Map<Matrix<double, Di, Dj>, Matrix<double, Di, Dj>::Flags & AlignedBit ? Aligned : Unaligned > HessianBlockType;
      |                                                                          ~~~~~~^~~~~~~~~~~~
In file included from /usr/include/eigen3/Eigen/Core:161,
                 from /usr/include/eigen3/Eigen/LU:11,
                 from /home/ambushee/wil_project/thirdparty/ORB_SLAM3/Thirdparty/Sophus/sophus/so2.hpp:12,
                 from /home/ambushee/wil_project/thirdparty/ORB_SLAM3/Thirdparty/Sophus/sophus/se2.hpp:7,
                 from /home/ambushee/wil_project/thirdparty/ORB_SLAM3/Thirdparty/Sophus/sophus/geometry.hpp:7,
                 from /home/ambushee/wil_project/thirdparty/ORB_SLAM3/include/Frame.h:28,
                 from /home/ambushee/wil_project/thirdparty/ORB_SLAM3/include/KeyFrame.h:28,
                 from /home/ambushee/wil_project/thirdparty/ORB_SLAM3/include/MapPoint.h:23,
                 from /home/ambushee/wil_project/thirdparty/ORB_SLAM3/include/Map.h:23,
                 from /home/ambushee/wil_project/thirdparty/ORB_SLAM3/include/Optimizer.h:23,
                 from /home/ambushee/wil_project/thirdparty/ORB_SLAM3/src/Optimizer.cc:20:
/usr/include/eigen3/Eigen/src/Core/util/Constants.h:167:37: note: declared here
  167 | EIGEN_DEPRECATED const unsigned int AlignedBit = 0x80;
      |                                     ^~~~~~~~~~
In file included from /home/ambushee/wil_project/thirdparty/ORB_SLAM3/Thirdparty/g2o/g2o/types/types_six_dof_expmap.h:38,
                 from /home/ambushee/wil_project/thirdparty/ORB_SLAM3/include/Converter.h:26,
                 from /home/ambushee/wil_project/thirdparty/ORB_SLAM3/include/Frame.h:33,
                 from /home/ambushee/wil_project/thirdparty/ORB_SLAM3/include/KeyFrame.h:28,
                 from /home/ambushee/wil_project/thirdparty/ORB_SLAM3/include/MapPoint.h:23,
                 from /home/ambushee/wil_project/thirdparty/ORB_SLAM3/include/Map.h:23,
                 from /home/ambushee/wil_project/thirdparty/ORB_SLAM3/include/Optimizer.h:23,
                 from /home/ambushee/wil_project/thirdparty/ORB_SLAM3/src/Optimizer.cc:20:
/home/ambushee/wil_project/thirdparty/ORB_SLAM3/Thirdparty/g2o/g2o/types/../core/base_binary_edge.h:60:80: warning: ‘Eigen::AlignedBit’ is deprecated [-Wdeprecated-declarations]
   60 |       typedef Eigen::Map<Matrix<double, Dj, Di>, Matrix<double, Dj, Di>::Flags & AlignedBit ? Aligned : Unaligned > HessianBlockTransposedType;
      |                                                                          ~~~~~~^~~~~~~~~~~~
In file included from /usr/include/eigen3/Eigen/Core:161,
                 from /usr/include/eigen3/Eigen/LU:11,
                 from /home/ambushee/wil_project/thirdparty/ORB_SLAM3/Thirdparty/Sophus/sophus/so2.hpp:12,
                 from /home/ambushee/wil_project/thirdparty/ORB_SLAM3/Thirdparty/Sophus/sophus/se2.hpp:7,
                 from /home/ambushee/wil_project/thirdparty/ORB_SLAM3/Thirdparty/Sophus/sophus/geometry.hpp:7,
                 from /home/ambushee/wil_project/thirdparty/ORB_SLAM3/include/Frame.h:28,
                 from /home/ambushee/wil_project/thirdparty/ORB_SLAM3/include/KeyFrame.h:28,
                 from /home/ambushee/wil_project/thirdparty/ORB_SLAM3/include/MapPoint.h:23,
                 from /home/ambushee/wil_project/thirdparty/ORB_SLAM3/include/Map.h:23,
                 from /home/ambushee/wil_project/thirdparty/ORB_SLAM3/include/Optimizer.h:23,
                 from /home/ambushee/wil_project/thirdparty/ORB_SLAM3/src/Optimizer.cc:20:
/usr/include/eigen3/Eigen/src/Core/util/Constants.h:167:37: note: declared here
  167 | EIGEN_DEPRECATED const unsigned int AlignedBit = 0x80;
      |                                     ^~~~~~~~~~
In file included from /home/ambushee/wil_project/thirdparty/ORB_SLAM3/Thirdparty/g2o/g2o/types/types_six_dof_expmap.h:38,
                 from /home/ambushee/wil_project/thirdparty/ORB_SLAM3/include/Converter.h:26,
                 from /home/ambushee/wil_project/thirdparty/ORB_SLAM3/include/Frame.h:33,
                 from /home/ambushee/wil_project/thirdparty/ORB_SLAM3/include/MapPoint.h:24,
                 from /home/ambushee/wil_project/thirdparty/ORB_SLAM3/include/KeyFrame.h:23,
                 from /home/ambushee/wil_project/thirdparty/ORB_SLAM3/include/LoopClosing.h:23,
                 from /home/ambushee/wil_project/thirdparty/ORB_SLAM3/src/LoopClosing.cc:20:
/home/ambushee/wil_project/thirdparty/ORB_SLAM3/Thirdparty/g2o/g2o/types/../core/base_binary_edge.h: In instantiation of ‘class g2o::BaseBinaryEdge<6, Eigen::Matrix<double, 6, 1, 0, 6, 1>, ORB_SLAM3::VertexPose4DoF, ORB_SLAM3::VertexPose4DoF>’:
/home/ambushee/wil_project/thirdparty/ORB_SLAM3/include/G2oTypes.h:817:30:   required from here
/home/ambushee/wil_project/thirdparty/ORB_SLAM3/Thirdparty/g2o/g2o/types/../core/base_binary_edge.h:59:80: warning: ‘Eigen::AlignedBit’ is deprecated [-Wdeprecated-declarations]
   59 |       typedef Eigen::Map<Matrix<double, Di, Dj>, Matrix<double, Di, Dj>::Flags & AlignedBit ? Aligned : Unaligned > HessianBlockType;
      |                                                                          ~~~~~~^~~~~~~~~~~~
In file included from /usr/include/eigen3/Eigen/Core:161,
                 from /usr/include/eigen3/Eigen/LU:11,
                 from /home/ambushee/wil_project/thirdparty/ORB_SLAM3/Thirdparty/Sophus/sophus/so2.hpp:12,
                 from /home/ambushee/wil_project/thirdparty/ORB_SLAM3/Thirdparty/Sophus/sophus/se2.hpp:7,
                 from /home/ambushee/wil_project/thirdparty/ORB_SLAM3/Thirdparty/Sophus/sophus/geometry.hpp:7,
                 from /home/ambushee/wil_project/thirdparty/ORB_SLAM3/include/Frame.h:28,
                 from /home/ambushee/wil_project/thirdparty/ORB_SLAM3/include/MapPoint.h:24,
                 from /home/ambushee/wil_project/thirdparty/ORB_SLAM3/include/KeyFrame.h:23,
                 from /home/ambushee/wil_project/thirdparty/ORB_SLAM3/include/LoopClosing.h:23,
                 from /home/ambushee/wil_project/thirdparty/ORB_SLAM3/src/LoopClosing.cc:20:
/usr/include/eigen3/Eigen/src/Core/util/Constants.h:167:37: note: declared here
  167 | EIGEN_DEPRECATED const unsigned int AlignedBit = 0x80;
      |                                     ^~~~~~~~~~
In file included from /home/ambushee/wil_project/thirdparty/ORB_SLAM3/Thirdparty/g2o/g2o/types/types_six_dof_expmap.h:38,
                 from /home/ambushee/wil_project/thirdparty/ORB_SLAM3/include/Converter.h:26,
                 from /home/ambushee/wil_project/thirdparty/ORB_SLAM3/include/Frame.h:33,
                 from /home/ambushee/wil_project/thirdparty/ORB_SLAM3/include/MapPoint.h:24,
                 from /home/ambushee/wil_project/thirdparty/ORB_SLAM3/include/KeyFrame.h:23,
                 from /home/ambushee/wil_project/thirdparty/ORB_SLAM3/include/LoopClosing.h:23,
                 from /home/ambushee/wil_project/thirdparty/ORB_SLAM3/src/LoopClosing.cc:20:
/home/ambushee/wil_project/thirdparty/ORB_SLAM3/Thirdparty/g2o/g2o/types/../core/base_binary_edge.h:60:80: warning: ‘Eigen::AlignedBit’ is deprecated [-Wdeprecated-declarations]
   60 |       typedef Eigen::Map<Matrix<double, Dj, Di>, Matrix<double, Dj, Di>::Flags & AlignedBit ? Aligned : Unaligned > HessianBlockTransposedType;
      |                                                                          ~~~~~~^~~~~~~~~~~~
In file included from /usr/include/eigen3/Eigen/Core:161,
                 from /usr/include/eigen3/Eigen/LU:11,
                 from /home/ambushee/wil_project/thirdparty/ORB_SLAM3/Thirdparty/Sophus/sophus/so2.hpp:12,
                 from /home/ambushee/wil_project/thirdparty/ORB_SLAM3/Thirdparty/Sophus/sophus/se2.hpp:7,
                 from /home/ambushee/wil_project/thirdparty/ORB_SLAM3/Thirdparty/Sophus/sophus/geometry.hpp:7,
                 from /home/ambushee/wil_project/thirdparty/ORB_SLAM3/include/Frame.h:28,
                 from /home/ambushee/wil_project/thirdparty/ORB_SLAM3/include/MapPoint.h:24,
                 from /home/ambushee/wil_project/thirdparty/ORB_SLAM3/include/KeyFrame.h:23,
                 from /home/ambushee/wil_project/thirdparty/ORB_SLAM3/include/LoopClosing.h:23,
                 from /home/ambushee/wil_project/thirdparty/ORB_SLAM3/src/LoopClosing.cc:20:
/usr/include/eigen3/Eigen/src/Core/util/Constants.h:167:37: note: declared here
  167 | EIGEN_DEPRECATED const unsigned int AlignedBit = 0x80;
      |                                     ^~~~~~~~~~
In file included from /home/ambushee/wil_project/thirdparty/ORB_SLAM3/Thirdparty/g2o/g2o/types/types_six_dof_expmap.h:38,
                 from /home/ambushee/wil_project/thirdparty/ORB_SLAM3/include/Converter.h:26,
                 from /home/ambushee/wil_project/thirdparty/ORB_SLAM3/include/Frame.h:33,
                 from /home/ambushee/wil_project/thirdparty/ORB_SLAM3/include/KeyFrame.h:28,
                 from /home/ambushee/wil_project/thirdparty/ORB_SLAM3/include/MapPoint.h:23,
                 from /home/ambushee/wil_project/thirdparty/ORB_SLAM3/include/Map.h:23,
                 from /home/ambushee/wil_project/thirdparty/ORB_SLAM3/include/Optimizer.h:23,
                 from /home/ambushee/wil_project/thirdparty/ORB_SLAM3/src/Optimizer.cc:20:
/home/ambushee/wil_project/thirdparty/ORB_SLAM3/Thirdparty/g2o/g2o/types/../core/base_binary_edge.h: In instantiation of ‘class g2o::BaseBinaryEdge<6, Eigen::Matrix<double, 6, 1, 0, 6, 1>, ORB_SLAM3::VertexPose4DoF, ORB_SLAM3::VertexPose4DoF>’:
/home/ambushee/wil_project/thirdparty/ORB_SLAM3/include/G2oTypes.h:817:30:   required from here
/home/ambushee/wil_project/thirdparty/ORB_SLAM3/Thirdparty/g2o/g2o/types/../core/base_binary_edge.h:59:80: warning: ‘Eigen::AlignedBit’ is deprecated [-Wdeprecated-declarations]
   59 |       typedef Eigen::Map<Matrix<double, Di, Dj>, Matrix<double, Di, Dj>::Flags & AlignedBit ? Aligned : Unaligned > HessianBlockType;
      |                                                                          ~~~~~~^~~~~~~~~~~~
In file included from /usr/include/eigen3/Eigen/Core:161,
                 from /usr/include/eigen3/Eigen/LU:11,
                 from /home/ambushee/wil_project/thirdparty/ORB_SLAM3/Thirdparty/Sophus/sophus/so2.hpp:12,
                 from /home/ambushee/wil_project/thirdparty/ORB_SLAM3/Thirdparty/Sophus/sophus/se2.hpp:7,
                 from /home/ambushee/wil_project/thirdparty/ORB_SLAM3/Thirdparty/Sophus/sophus/geometry.hpp:7,
                 from /home/ambushee/wil_project/thirdparty/ORB_SLAM3/include/Frame.h:28,
                 from /home/ambushee/wil_project/thirdparty/ORB_SLAM3/include/KeyFrame.h:28,
                 from /home/ambushee/wil_project/thirdparty/ORB_SLAM3/include/MapPoint.h:23,
                 from /home/ambushee/wil_project/thirdparty/ORB_SLAM3/include/Map.h:23,
                 from /home/ambushee/wil_project/thirdparty/ORB_SLAM3/include/Optimizer.h:23,
                 from /home/ambushee/wil_project/thirdparty/ORB_SLAM3/src/Optimizer.cc:20:
/usr/include/eigen3/Eigen/src/Core/util/Constants.h:167:37: note: declared here
  167 | EIGEN_DEPRECATED const unsigned int AlignedBit = 0x80;
      |                                     ^~~~~~~~~~
In file included from /home/ambushee/wil_project/thirdparty/ORB_SLAM3/Thirdparty/g2o/g2o/types/types_six_dof_expmap.h:38,
                 from /home/ambushee/wil_project/thirdparty/ORB_SLAM3/include/Converter.h:26,
                 from /home/ambushee/wil_project/thirdparty/ORB_SLAM3/include/Frame.h:33,
                 from /home/ambushee/wil_project/thirdparty/ORB_SLAM3/include/KeyFrame.h:28,
                 from /home/ambushee/wil_project/thirdparty/ORB_SLAM3/include/MapPoint.h:23,
                 from /home/ambushee/wil_project/thirdparty/ORB_SLAM3/include/Map.h:23,
                 from /home/ambushee/wil_project/thirdparty/ORB_SLAM3/include/Optimizer.h:23,
                 from /home/ambushee/wil_project/thirdparty/ORB_SLAM3/src/Optimizer.cc:20:
/home/ambushee/wil_project/thirdparty/ORB_SLAM3/Thirdparty/g2o/g2o/types/../core/base_binary_edge.h:60:80: warning: ‘Eigen::AlignedBit’ is deprecated [-Wdeprecated-declarations]
   60 |       typedef Eigen::Map<Matrix<double, Dj, Di>, Matrix<double, Dj, Di>::Flags & AlignedBit ? Aligned : Unaligned > HessianBlockTransposedType;
      |                                                                          ~~~~~~^~~~~~~~~~~~
In file included from /usr/include/eigen3/Eigen/Core:161,
                 from /usr/include/eigen3/Eigen/LU:11,
                 from /home/ambushee/wil_project/thirdparty/ORB_SLAM3/Thirdparty/Sophus/sophus/so2.hpp:12,
                 from /home/ambushee/wil_project/thirdparty/ORB_SLAM3/Thirdparty/Sophus/sophus/se2.hpp:7,
                 from /home/ambushee/wil_project/thirdparty/ORB_SLAM3/Thirdparty/Sophus/sophus/geometry.hpp:7,
                 from /home/ambushee/wil_project/thirdparty/ORB_SLAM3/include/Frame.h:28,
                 from /home/ambushee/wil_project/thirdparty/ORB_SLAM3/include/KeyFrame.h:28,
                 from /home/ambushee/wil_project/thirdparty/ORB_SLAM3/include/MapPoint.h:23,
                 from /home/ambushee/wil_project/thirdparty/ORB_SLAM3/include/Map.h:23,
                 from /home/ambushee/wil_project/thirdparty/ORB_SLAM3/include/Optimizer.h:23,
                 from /home/ambushee/wil_project/thirdparty/ORB_SLAM3/src/Optimizer.cc:20:
/usr/include/eigen3/Eigen/src/Core/util/Constants.h:167:37: note: declared here
  167 | EIGEN_DEPRECATED const unsigned int AlignedBit = 0x80;
      |                                     ^~~~~~~~~~
In file included from /home/ambushee/wil_project/thirdparty/ORB_SLAM3/src/LoopClosing.cc:20:
/home/ambushee/wil_project/thirdparty/ORB_SLAM3/include/LoopClosing.h: In constructor ‘ORB_SLAM3::LoopClosing::LoopClosing(ORB_SLAM3::Atlas*, ORB_SLAM3::KeyFrameDatabase*, ORB_SLAM3::ORBVocabulary*, bool, bool)’:
/home/ambushee/wil_project/thirdparty/ORB_SLAM3/include/LoopClosing.h:226:10: warning: ‘ORB_SLAM3::LoopClosing::mnFullBAIdx’ will be initialized after [-Wreorder]
  226 |     bool mnFullBAIdx;
      |          ^~~~~~~~~~~
/home/ambushee/wil_project/thirdparty/ORB_SLAM3/include/LoopClosing.h:190:9: warning:   ‘int ORB_SLAM3::LoopClosing::mnLoopNumCoincidences’ [-Wreorder]
  190 |     int mnLoopNumCoincidences;
      |         ^~~~~~~~~~~~~~~~~~~~~
/home/ambushee/wil_project/thirdparty/ORB_SLAM3/src/LoopClosing.cc:35:1: warning:   when initialized here [-Wreorder]
   35 | LoopClosing::LoopClosing(Atlas *pAtlas, KeyFrameDatabase *pDB, ORBVocabulary *pVoc, const bool bFixScale, const bool bActiveLC):
      | ^~~~~~~~~~~
In file included from /home/ambushee/wil_project/thirdparty/ORB_SLAM3/src/LoopClosing.cc:20:
/home/ambushee/wil_project/thirdparty/ORB_SLAM3/include/LoopClosing.h:199:9: warning: ‘ORB_SLAM3::LoopClosing::mnMergeNumCoincidences’ will be initialized after [-Wreorder]
  199 |     int mnMergeNumCoincidences;
      |         ^~~~~~~~~~~~~~~~~~~~~~
/home/ambushee/wil_project/thirdparty/ORB_SLAM3/include/LoopClosing.h:189:10: warning:   ‘bool ORB_SLAM3::LoopClosing::mbLoopDetected’ [-Wreorder]
  189 |     bool mbLoopDetected;
      |          ^~~~~~~~~~~~~~
/home/ambushee/wil_project/thirdparty/ORB_SLAM3/src/LoopClosing.cc:35:1: warning:   when initialized here [-Wreorder]
   35 | LoopClosing::LoopClosing(Atlas *pAtlas, KeyFrameDatabase *pDB, ORBVocabulary *pVoc, const bool bFixScale, const bool bActiveLC):
      | ^~~~~~~~~~~
In file included from /home/ambushee/wil_project/thirdparty/ORB_SLAM3/src/LoopClosing.cc:20:
/home/ambushee/wil_project/thirdparty/ORB_SLAM3/include/LoopClosing.h:198:10: warning: ‘ORB_SLAM3::LoopClosing::mbMergeDetected’ will be initialized after [-Wreorder]
  198 |     bool mbMergeDetected;
      |          ^~~~~~~~~~~~~~~
/home/ambushee/wil_project/thirdparty/ORB_SLAM3/include/LoopClosing.h:191:9: warning:   ‘int ORB_SLAM3::LoopClosing::mnLoopNumNotFound’ [-Wreorder]
  191 |     int mnLoopNumNotFound;
      |         ^~~~~~~~~~~~~~~~~
/home/ambushee/wil_project/thirdparty/ORB_SLAM3/src/LoopClosing.cc:35:1: warning:   when initialized here [-Wreorder]
   35 | LoopClosing::LoopClosing(Atlas *pAtlas, KeyFrameDatabase *pDB, ORBVocabulary *pVoc, const bool bFixScale, const bool bActiveLC):
      | ^~~~~~~~~~~
/home/ambushee/wil_project/thirdparty/ORB_SLAM3/src/LoopClosing.cc: In member function ‘void ORB_SLAM3::LoopClosing::Run()’:
/home/ambushee/wil_project/thirdparty/ORB_SLAM3/src/LoopClosing.cc:136:35: warning: variable ‘gSw1m’ set but not used [-Wunused-but-set-variable]
  136 |                         g2o::Sim3 gSw1m = mg2oMergeSlw;
      |                                   ^~~~~
/home/ambushee/wil_project/thirdparty/ORB_SLAM3/src/LoopClosing.cc: In member function ‘bool ORB_SLAM3::LoopClosing::NewDetectCommonRegions()’:
/home/ambushee/wil_project/thirdparty/ORB_SLAM3/src/LoopClosing.cc:369:10: warning: variable ‘bCheckSpatial’ set but not used [-Wunused-but-set-variable]
  369 |     bool bCheckSpatial = false;
      |          ^~~~~~~~~~~~~
/home/ambushee/wil_project/thirdparty/ORB_SLAM3/src/LoopClosing.cc: In member function ‘bool ORB_SLAM3::LoopClosing::DetectCommonRegionsFromBoW(std::vector<ORB_SLAM3::KeyFrame*>&, ORB_SLAM3::KeyFrame*&, ORB_SLAM3::KeyFrame*&, g2o::Sim3&, int&, std::vector<ORB_SLAM3::MapPoint*>&, std::vector<ORB_SLAM3::MapPoint*>&)’:
/home/ambushee/wil_project/thirdparty/ORB_SLAM3/src/LoopClosing.cc:629:23: warning: comparison of integer expressions of different signedness: ‘int’ and ‘std::vector<ORB_SLAM3::KeyFrame*>::size_type’ {aka ‘long unsigned int’} [-Wsign-compare]
  629 |         for(int j=0; j<vpCovKFi.size(); ++j)
      |                      ~^~~~~~~~~~~~~~~~
/home/ambushee/wil_project/thirdparty/ORB_SLAM3/src/LoopClosing.cc:657:23: warning: comparison of integer expressions of different signedness: ‘int’ and ‘std::vector<ORB_SLAM3::KeyFrame*>::size_type’ {aka ‘long unsigned int’} [-Wsign-compare]
  657 |         for(int j=0; j<vpCovKFi.size(); ++j)
      |                      ~^~~~~~~~~~~~~~~~
/home/ambushee/wil_project/thirdparty/ORB_SLAM3/src/LoopClosing.cc:670:23: warning: comparison of integer expressions of different signedness: ‘int’ and ‘std::vector<ORB_SLAM3::KeyFrame*>::size_type’ {aka ‘long unsigned int’} [-Wsign-compare]
  670 |         for(int j=0; j<vpCovKFi.size(); ++j)
      |                      ~^~~~~~~~~~~~~~~~
/home/ambushee/wil_project/thirdparty/ORB_SLAM3/src/LoopClosing.cc:672:28: warning: comparison of integer expressions of different signedness: ‘int’ and ‘std::vector<ORB_SLAM3::MapPoint*>::size_type’ {aka ‘long unsigned int’} [-Wsign-compare]
  672 |             for(int k=0; k < vvpMatchedMPs[j].size(); ++k)
      |                          ~~^~~~~~~~~~~~~~~~~~~~~~~~~
/home/ambushee/wil_project/thirdparty/ORB_SLAM3/src/LoopClosing.cc:822:51: warning: comparison of integer expressions of different signedness: ‘int’ and ‘std::vector<ORB_SLAM3::KeyFrame*>::size_type’ {aka ‘long unsigned int’} [-Wsign-compare]
  822 |                             while(nNumKFs < 3 && j<vpCurrentCovKFs.size())
      |                                                  ~^~~~~~~~~~~~~~~~~~~~~~~
/home/ambushee/wil_project/thirdparty/ORB_SLAM3/src/LoopClosing.cc:837:53: warning: variable ‘vector_dist’ set but not used [-Wunused-but-set-variable]
  837 |                                     Eigen::Vector3f vector_dist = Tc_cj.translation();
      |                                                     ^~~~~~~~~~~
/home/ambushee/wil_project/thirdparty/ORB_SLAM3/src/LoopClosing.cc:763:26: warning: variable ‘bFixedScale’ set but not used [-Wunused-but-set-variable]
  763 |                     bool bFixedScale = mbFixScale;
      |                          ^~~~~~~~~~~
/home/ambushee/wil_project/thirdparty/ORB_SLAM3/src/LoopClosing.cc:656:13: warning: variable ‘nIndexMostBoWMatchesKF’ set but not used [-Wunused-but-set-variable]
  656 |         int nIndexMostBoWMatchesKF=0;
      |             ^~~~~~~~~~~~~~~~~~~~~~
/home/ambushee/wil_project/thirdparty/ORB_SLAM3/src/LoopClosing.cc:886:23: warning: comparison of integer expressions of different signedness: ‘int’ and ‘std::vector<int>::size_type’ {aka ‘long unsigned int’} [-Wsign-compare]
  886 |         for(int i=0; i<vnStage.size(); ++i)
      |                      ~^~~~~~~~~~~~~~~
/home/ambushee/wil_project/thirdparty/ORB_SLAM3/src/LoopClosing.cc:885:13: warning: variable ‘maxMatched’ set but not used [-Wunused-but-set-variable]
  885 |         int maxMatched;
      |             ^~~~~~~~~~
/home/ambushee/wil_project/thirdparty/ORB_SLAM3/src/LoopClosing.cc: In member function ‘int ORB_SLAM3::LoopClosing::FindMatchesByProjection(ORB_SLAM3::KeyFrame*, ORB_SLAM3::KeyFrame*, g2o::Sim3&, std::set<ORB_SLAM3::MapPoint*>&, std::vector<ORB_SLAM3::MapPoint*>&, std::vector<ORB_SLAM3::MapPoint*>&)’:
/home/ambushee/wil_project/thirdparty/ORB_SLAM3/src/LoopClosing.cc:930:21: warning: comparison of integer expressions of different signedness: ‘int’ and ‘std::vector<ORB_SLAM3::KeyFrame*>::size_type’ {aka ‘long unsigned int’} [-Wsign-compare]
  930 |             while(j < vpKFs.size() && nInserted < nNumCovisibles)
      |                   ~~^~~~~~~~~~~~~~
/home/ambushee/wil_project/thirdparty/ORB_SLAM3/src/LoopClosing.cc: In member function ‘void ORB_SLAM3::LoopClosing::MergeLocal()’:
/home/ambushee/wil_project/thirdparty/ORB_SLAM3/src/LoopClosing.cc:1312:35: warning: comparison of integer expressions of different signedness: ‘std::set<ORB_SLAM3::KeyFrame*>::size_type’ {aka ‘long unsigned int’} and ‘int’ [-Wsign-compare]
 1312 |     while(spLocalWindowKFs.size() < numTemporalKFs && nNumTries < nMaxTries)
      |           ~~~~~~~~~~~~~~~~~~~~~~~~^~~~~~~~~~~~~~~~
/home/ambushee/wil_project/thirdparty/ORB_SLAM3/src/LoopClosing.cc:1315:26: warning: ignoring return value of ‘bool std::vector<_Tp, _Alloc>::empty() const [with _Tp = ORB_SLAM3::KeyFrame*; _Alloc = std::allocator<ORB_SLAM3::KeyFrame*>]’, declared with attribute ‘nodiscard’ [-Wunused-result]
 1315 |         vpNewCovKFs.empty();
      |         ~~~~~~~~~~~~~~~~~^~
In file included from /usr/include/c++/11/vector:67,
                 from /home/ambushee/wil_project/thirdparty/ORB_SLAM3/include/Frame.h:23,
                 from /home/ambushee/wil_project/thirdparty/ORB_SLAM3/include/MapPoint.h:24,
                 from /home/ambushee/wil_project/thirdparty/ORB_SLAM3/include/KeyFrame.h:23,
                 from /home/ambushee/wil_project/thirdparty/ORB_SLAM3/include/LoopClosing.h:23,
                 from /home/ambushee/wil_project/thirdparty/ORB_SLAM3/src/LoopClosing.cc:20:
/usr/include/c++/11/bits/stl_vector.h:1007:7: note: declared here
 1007 |       empty() const _GLIBCXX_NOEXCEPT
      |       ^~~~~
/home/ambushee/wil_project/thirdparty/ORB_SLAM3/src/LoopClosing.cc:1371:38: warning: comparison of integer expressions of different signedness: ‘std::set<ORB_SLAM3::KeyFrame*>::size_type’ {aka ‘long unsigned int’} and ‘int’ [-Wsign-compare]
 1371 |     while(spMergeConnectedKFs.size() < numTemporalKFs && nNumTries < nMaxTries)
      |           ~~~~~~~~~~~~~~~~~~~~~~~~~~~^~~~~~~~~~~~~~~~
In file included from /home/ambushee/wil_project/thirdparty/ORB_SLAM3/src/Tracking.cc:20:
/home/ambushee/wil_project/thirdparty/ORB_SLAM3/include/Tracking.h: In constructor ‘ORB_SLAM3::Tracking::Tracking(ORB_SLAM3::System*, ORB_SLAM3::ORBVocabulary*, ORB_SLAM3::FrameDrawer*, ORB_SLAM3::MapDrawer*, ORB_SLAM3::Atlas*, ORB_SLAM3::KeyFrameDatabase*, const string&, int, ORB_SLAM3::Settings*, const string&)’:
/home/ambushee/wil_project/thirdparty/ORB_SLAM3/include/Tracking.h:286:10: warning: ‘ORB_SLAM3::Tracking::bStepByStep’ will be initialized after [-Wreorder]
  286 |     bool bStepByStep;
      |          ^~~~~~~~~~~
/home/ambushee/wil_project/thirdparty/ORB_SLAM3/include/Tracking.h:284:18: warning:   ‘ORB_SLAM3::FrameDrawer* ORB_SLAM3::Tracking::mpFrameDrawer’ [-Wreorder]
  284 |     FrameDrawer* mpFrameDrawer;
      |                  ^~~~~~~~~~~~~
/home/ambushee/wil_project/thirdparty/ORB_SLAM3/src/Tracking.cc:44:1: warning:   when initialized here [-Wreorder]
   44 | Tracking::Tracking(System *pSys, ORBVocabulary* pVoc, FrameDrawer *pFrameDrawer, MapDrawer *pMapDrawer, Atlas *pAtlas, KeyFrameDatabase* pKFDB, const string &strSettingPath, const int sensor, Settings* settings, const string &_nameSeq):
      | ^~~~~~~~
In file included from /home/ambushee/wil_project/thirdparty/ORB_SLAM3/src/Tracking.cc:20:
/home/ambushee/wil_project/thirdparty/ORB_SLAM3/include/Tracking.h:331:10: warning: ‘ORB_SLAM3::Tracking::mbCreatedMap’ will be initialized after [-Wreorder]
  331 |     bool mbCreatedMap;
      |          ^~~~~~~~~~~~
/home/ambushee/wil_project/thirdparty/ORB_SLAM3/include/Tracking.h:327:18: warning:   ‘unsigned int ORB_SLAM3::Tracking::mnFirstFrameId’ [-Wreorder]
  327 |     unsigned int mnFirstFrameId;
      |                  ^~~~~~~~~~~~~~
/home/ambushee/wil_project/thirdparty/ORB_SLAM3/src/Tracking.cc:44:1: warning:   when initialized here [-Wreorder]
   44 | Tracking::Tracking(System *pSys, ORBVocabulary* pVoc, FrameDrawer *pFrameDrawer, MapDrawer *pMapDrawer, Atlas *pAtlas, KeyFrameDatabase* pKFDB, const string &strSettingPath, const int sensor, Settings* settings, const string &_nameSeq):
      | ^~~~~~~~
In file included from /home/ambushee/wil_project/thirdparty/ORB_SLAM3/src/Tracking.cc:20:
/home/ambushee/wil_project/thirdparty/ORB_SLAM3/include/Tracking.h:354:33: warning: ‘ORB_SLAM3::Tracking::mpCamera2’ will be initialized after [-Wreorder]
  354 |     GeometricCamera* mpCamera, *mpCamera2;
      |                                 ^~~~~~~~~
/home/ambushee/wil_project/thirdparty/ORB_SLAM3/include/Tracking.h:321:15: warning:   ‘ORB_SLAM3::KeyFrame* ORB_SLAM3::Tracking::mpLastKeyFrame’ [-Wreorder]
  321 |     KeyFrame* mpLastKeyFrame;
      |               ^~~~~~~~~~~~~~
/home/ambushee/wil_project/thirdparty/ORB_SLAM3/src/Tracking.cc:44:1: warning:   when initialized here [-Wreorder]
   44 | Tracking::Tracking(System *pSys, ORBVocabulary* pVoc, FrameDrawer *pFrameDrawer, MapDrawer *pMapDrawer, Atlas *pAtlas, KeyFrameDatabase* pKFDB, const string &strSettingPath, const int sensor, Settings* settings, const string &_nameSeq):
      | ^~~~~~~~
/home/ambushee/wil_project/thirdparty/ORB_SLAM3/src/LoopClosing.cc: In member function ‘void ORB_SLAM3::LoopClosing::MergeLocal2()’:
/home/ambushee/wil_project/thirdparty/ORB_SLAM3/src/LoopClosing.cc:1842:47: warning: variable ‘t2’ set but not used [-Wunused-but-set-variable]
 1842 |         std::chrono::steady_clock::time_point t2 = std::chrono::steady_clock::now();
      |                                               ^~
/home/ambushee/wil_project/thirdparty/ORB_SLAM3/src/LoopClosing.cc:1852:47: warning: variable ‘t3’ set but not used [-Wunused-but-set-variable]
 1852 |         std::chrono::steady_clock::time_point t3 = std::chrono::steady_clock::now();
      |                                               ^~
/home/ambushee/wil_project/thirdparty/ORB_SLAM3/src/LoopClosing.cc:1787:9: warning: unused variable ‘numTemporalKFs’ [-Wunused-variable]
 1787 |     int numTemporalKFs = 11; //TODO (set by parameter): Temporal KFs in the local window if the map is inertial.
      |         ^~~~~~~~~~~~~~
/home/ambushee/wil_project/thirdparty/ORB_SLAM3/src/LoopClosing.cc:1800:10: warning: variable ‘bRelaunchBA’ set but not used [-Wunused-but-set-variable]
 1800 |     bool bRelaunchBA = false;
      |          ^~~~~~~~~~~
In file included from /home/ambushee/wil_project/thirdparty/ORB_SLAM3/Thirdparty/g2o/g2o/types/types_six_dof_expmap.h:38,
                 from /home/ambushee/wil_project/thirdparty/ORB_SLAM3/include/Converter.h:26,
                 from /home/ambushee/wil_project/thirdparty/ORB_SLAM3/include/Frame.h:33,
                 from /home/ambushee/wil_project/thirdparty/ORB_SLAM3/include/KeyFrame.h:28,
                 from /home/ambushee/wil_project/thirdparty/ORB_SLAM3/include/MapPoint.h:23,
                 from /home/ambushee/wil_project/thirdparty/ORB_SLAM3/include/Map.h:23,
                 from /home/ambushee/wil_project/thirdparty/ORB_SLAM3/include/Optimizer.h:23,
                 from /home/ambushee/wil_project/thirdparty/ORB_SLAM3/src/Optimizer.cc:20:
/home/ambushee/wil_project/thirdparty/ORB_SLAM3/Thirdparty/g2o/g2o/types/../core/base_binary_edge.h: In instantiation of ‘class g2o::BaseBinaryEdge<2, Eigen::Matrix<double, 2, 1>, g2o::VertexSBAPointXYZ, ORB_SLAM3::VertexSim3Expmap>’:
/home/ambushee/wil_project/thirdparty/ORB_SLAM3/include/OptimizableTypes.h:175:41:   required from here
/home/ambushee/wil_project/thirdparty/ORB_SLAM3/Thirdparty/g2o/g2o/types/../core/base_binary_edge.h:59:80: warning: ‘Eigen::AlignedBit’ is deprecated [-Wdeprecated-declarations]
   59 |       typedef Eigen::Map<Matrix<double, Di, Dj>, Matrix<double, Di, Dj>::Flags & AlignedBit ? Aligned : Unaligned > HessianBlockType;
      |                                                                          ~~~~~~^~~~~~~~~~~~
In file included from /usr/include/eigen3/Eigen/Core:161,
                 from /usr/include/eigen3/Eigen/LU:11,
                 from /home/ambushee/wil_project/thirdparty/ORB_SLAM3/Thirdparty/Sophus/sophus/so2.hpp:12,
                 from /home/ambushee/wil_project/thirdparty/ORB_SLAM3/Thirdparty/Sophus/sophus/se2.hpp:7,
                 from /home/ambushee/wil_project/thirdparty/ORB_SLAM3/Thirdparty/Sophus/sophus/geometry.hpp:7,
                 from /home/ambushee/wil_project/thirdparty/ORB_SLAM3/include/Frame.h:28,
                 from /home/ambushee/wil_project/thirdparty/ORB_SLAM3/include/KeyFrame.h:28,
                 from /home/ambushee/wil_project/thirdparty/ORB_SLAM3/include/MapPoint.h:23,
                 from /home/ambushee/wil_project/thirdparty/ORB_SLAM3/include/Map.h:23,
                 from /home/ambushee/wil_project/thirdparty/ORB_SLAM3/include/Optimizer.h:23,
                 from /home/ambushee/wil_project/thirdparty/ORB_SLAM3/src/Optimizer.cc:20:
/usr/include/eigen3/Eigen/src/Core/util/Constants.h:167:37: note: declared here
  167 | EIGEN_DEPRECATED const unsigned int AlignedBit = 0x80;
      |                                     ^~~~~~~~~~
In file included from /home/ambushee/wil_project/thirdparty/ORB_SLAM3/Thirdparty/g2o/g2o/types/types_six_dof_expmap.h:38,
                 from /home/ambushee/wil_project/thirdparty/ORB_SLAM3/include/Converter.h:26,
                 from /home/ambushee/wil_project/thirdparty/ORB_SLAM3/include/Frame.h:33,
                 from /home/ambushee/wil_project/thirdparty/ORB_SLAM3/include/KeyFrame.h:28,
                 from /home/ambushee/wil_project/thirdparty/ORB_SLAM3/include/MapPoint.h:23,
                 from /home/ambushee/wil_project/thirdparty/ORB_SLAM3/include/Map.h:23,
                 from /home/ambushee/wil_project/thirdparty/ORB_SLAM3/include/Optimizer.h:23,
                 from /home/ambushee/wil_project/thirdparty/ORB_SLAM3/src/Optimizer.cc:20:
/home/ambushee/wil_project/thirdparty/ORB_SLAM3/Thirdparty/g2o/g2o/types/../core/base_binary_edge.h:60:80: warning: ‘Eigen::AlignedBit’ is deprecated [-Wdeprecated-declarations]
   60 |       typedef Eigen::Map<Matrix<double, Dj, Di>, Matrix<double, Dj, Di>::Flags & AlignedBit ? Aligned : Unaligned > HessianBlockTransposedType;
      |                                                                          ~~~~~~^~~~~~~~~~~~
In file included from /usr/include/eigen3/Eigen/Core:161,
                 from /usr/include/eigen3/Eigen/LU:11,
                 from /home/ambushee/wil_project/thirdparty/ORB_SLAM3/Thirdparty/Sophus/sophus/so2.hpp:12,
                 from /home/ambushee/wil_project/thirdparty/ORB_SLAM3/Thirdparty/Sophus/sophus/se2.hpp:7,
                 from /home/ambushee/wil_project/thirdparty/ORB_SLAM3/Thirdparty/Sophus/sophus/geometry.hpp:7,
                 from /home/ambushee/wil_project/thirdparty/ORB_SLAM3/include/Frame.h:28,
                 from /home/ambushee/wil_project/thirdparty/ORB_SLAM3/include/KeyFrame.h:28,
                 from /home/ambushee/wil_project/thirdparty/ORB_SLAM3/include/MapPoint.h:23,
                 from /home/ambushee/wil_project/thirdparty/ORB_SLAM3/include/Map.h:23,
                 from /home/ambushee/wil_project/thirdparty/ORB_SLAM3/include/Optimizer.h:23,
                 from /home/ambushee/wil_project/thirdparty/ORB_SLAM3/src/Optimizer.cc:20:
/usr/include/eigen3/Eigen/src/Core/util/Constants.h:167:37: note: declared here
  167 | EIGEN_DEPRECATED const unsigned int AlignedBit = 0x80;
      |                                     ^~~~~~~~~~
/home/ambushee/wil_project/thirdparty/ORB_SLAM3/src/LoopClosing.cc: In member function ‘void ORB_SLAM3::LoopClosing::SearchAndFuse(const KeyFrameAndPose&, std::vector<ORB_SLAM3::MapPoint*>&)’:
/home/ambushee/wil_project/thirdparty/ORB_SLAM3/src/LoopClosing.cc:2133:13: warning: unused variable ‘numFused’ [-Wunused-variable]
 2133 |         int numFused = matcher.Fuse(pKFi,Scw,vpMapPoints,4,vpReplacePoints);
      |             ^~~~~~~~
/home/ambushee/wil_project/thirdparty/ORB_SLAM3/src/LoopClosing.cc: In member function ‘void ORB_SLAM3::LoopClosing::SearchAndFuse(const std::vector<ORB_SLAM3::KeyFrame*>&, std::vector<ORB_SLAM3::MapPoint*>&)’:
/home/ambushee/wil_project/thirdparty/ORB_SLAM3/src/LoopClosing.cc:2161:9: warning: unused variable ‘total_replaces’ [-Wunused-variable]
 2161 |     int total_replaces = 0;
      |         ^~~~~~~~~~~~~~
/home/ambushee/wil_project/thirdparty/ORB_SLAM3/src/Optimizer.cc: In static member function ‘static void ORB_SLAM3::Optimizer::BundleAdjustment(const std::vector<ORB_SLAM3::KeyFrame*>&, const std::vector<ORB_SLAM3::MapPoint*>&, int, bool*, long unsigned int, bool)’:
/home/ambushee/wil_project/thirdparty/ORB_SLAM3/src/Optimizer.cc:232:51: warning: comparison of integer expressions of different signedness: ‘int’ and ‘std::vector<cv::KeyPoint>::size_type’ {aka ‘long unsigned int’} [-Wsign-compare]
  232 |                 if(rightIndex != -1 && rightIndex < pKF->mvKeysRight.size()){
      |                                        ~~~~~~~~~~~^~~~~~~~~~~~~~~~~~~~~~~~~
/home/ambushee/wil_project/thirdparty/ORB_SLAM3/src/Optimizer.cc: In static member function ‘static void ORB_SLAM3::Optimizer::FullInertialBA(ORB_SLAM3::Map*, int, bool, long unsigned int, bool*, bool, float, float, Eigen::VectorXd*, bool*)’:
/home/ambushee/wil_project/thirdparty/ORB_SLAM3/src/Optimizer.cc:684:55: warning: comparison of integer expressions of different signedness: ‘int’ and ‘std::vector<cv::KeyPoint>::size_type’ {aka ‘long unsigned int’} [-Wsign-compare]
  684 |                     if(rightIndex != -1 && rightIndex < pKFi->mvKeysRight.size()){
      |                                            ~~~~~~~~~~~^~~~~~~~~~~~~~~~~~~~~~~~~~
/home/ambushee/wil_project/thirdparty/ORB_SLAM3/src/Tracking.cc: In member function ‘void ORB_SLAM3::Tracking::Track()’:
/home/ambushee/wil_project/thirdparty/ORB_SLAM3/src/Tracking.cc:2177:96: warning: comparison of integer expressions of different signedness: ‘long unsigned int’ and ‘int’ [-Wsign-compare]
 2177 |         if((mCurrentFrame.mnId<(mnLastRelocFrameId+mnFramesToResetIMU)) && (mCurrentFrame.mnId > mnFramesToResetIMU) &&
      |                                                                             ~~~~~~~~~~~~~~~~~~~^~~~~~~~~~~~~~~~~~~~
/home/ambushee/wil_project/thirdparty/ORB_SLAM3/src/Tracking.cc: In member function ‘bool ORB_SLAM3::Tracking::TrackLocalMap()’:
/home/ambushee/wil_project/thirdparty/ORB_SLAM3/src/Tracking.cc:2979:9: warning: variable ‘inliers’ set but not used [-Wunused-but-set-variable]
 2979 |     int inliers;
      |         ^~~~~~~
/home/ambushee/wil_project/thirdparty/ORB_SLAM3/src/Tracking.cc: In member function ‘void ORB_SLAM3::Tracking::SearchLocalPoints()’:
/home/ambushee/wil_project/thirdparty/ORB_SLAM3/src/Tracking.cc:3423:13: warning: unused variable ‘matches’ [-Wunused-variable]
 3423 |         int matches = matcher.SearchByProjection(mCurrentFrame, mvpLocalMapPoints, th, mpLocalMapper->mbFarPoints, mpLocalMapper->mThFarPoints);
      |             ^~~~~~~
/home/ambushee/wil_project/thirdparty/ORB_SLAM3/src/Tracking.cc: In member function ‘void ORB_SLAM3::Tracking::UpdateFrameIMU(float, const ORB_SLAM3::IMU::Bias&, ORB_SLAM3::KeyFrame*)’:
/home/ambushee/wil_project/thirdparty/ORB_SLAM3/src/Tracking.cc:3993:18: warning: unused variable ‘index’ [-Wunused-variable]
 3993 |     unsigned int index = mnFirstFrameId;
      |                  ^~~~~
/home/ambushee/wil_project/thirdparty/ORB_SLAM3/src/Optimizer.cc: In static member function ‘static void ORB_SLAM3::Optimizer::LocalInertialBA(ORB_SLAM3::KeyFrame*, bool*, ORB_SLAM3::Map*, int&, int&, int&, int&, bool, bool)’:
/home/ambushee/wil_project/thirdparty/ORB_SLAM3/src/Optimizer.cc:2504:10: warning: unused variable ‘bNonFixed’ [-Wunused-variable]
 2504 |     bool bNonFixed = (lFixedKeyFrames.size() == 0);
      |          ^~~~~~~~~
/home/ambushee/wil_project/thirdparty/ORB_SLAM3/src/Optimizer.cc: In static member function ‘static void ORB_SLAM3::Optimizer::InertialOptimization(ORB_SLAM3::Map*, Eigen::Matrix3d&, double&, Eigen::Vector3d&, Eigen::Vector3d&, bool, Eigen::MatrixXd&, bool, bool, float, float)’:
/home/ambushee/wil_project/thirdparty/ORB_SLAM3/src/Optimizer.cc:3203:22: warning: comparison of integer expressions of different signedness: ‘size_t’ {aka ‘long unsigned int’} and ‘const int’ [-Wsign-compare]
 3203 |     for(size_t i=0; i<N; i++)
      |                     ~^~
/home/ambushee/wil_project/thirdparty/ORB_SLAM3/src/Optimizer.cc: In static member function ‘static void ORB_SLAM3::Optimizer::InertialOptimization(ORB_SLAM3::Map*, Eigen::Vector3d&, Eigen::Vector3d&, float, float)’:
/home/ambushee/wil_project/thirdparty/ORB_SLAM3/src/Optimizer.cc:3368:22: warning: comparison of integer expressions of different signedness: ‘size_t’ {aka ‘long unsigned int’} and ‘const int’ [-Wsign-compare]
 3368 |     for(size_t i=0; i<N; i++)
      |                     ~^~
/home/ambushee/wil_project/thirdparty/ORB_SLAM3/src/Optimizer.cc: In static member function ‘static void ORB_SLAM3::Optimizer::InertialOptimization(ORB_SLAM3::Map*, Eigen::Matrix3d&, double&)’:
/home/ambushee/wil_project/thirdparty/ORB_SLAM3/src/Optimizer.cc:3489:11: warning: unused variable ‘err’ [-Wunused-variable]
 3489 |     float err = optimizer.activeRobustChi2();
      |           ^~~
/home/ambushee/wil_project/thirdparty/ORB_SLAM3/src/Optimizer.cc:3492:11: warning: unused variable ‘err_end’ [-Wunused-variable]
 3492 |     float err_end = optimizer.activeRobustChi2();
      |           ^~~~~~~
/home/ambushee/wil_project/thirdparty/ORB_SLAM3/src/Optimizer.cc: In static member function ‘static void ORB_SLAM3::Optimizer::LocalBundleAdjustment(ORB_SLAM3::KeyFrame*, std::vector<ORB_SLAM3::KeyFrame*>, std::vector<ORB_SLAM3::KeyFrame*>, bool*)’:
/home/ambushee/wil_project/thirdparty/ORB_SLAM3/src/Optimizer.cc:3500:10: warning: unused variable ‘bShowImages’ [-Wunused-variable]
 3500 |     bool bShowImages = false;
      |          ^~~~~~~~~~~
/home/ambushee/wil_project/thirdparty/ORB_SLAM3/src/Optimizer.cc: In static member function ‘static void ORB_SLAM3::Optimizer::MergeInertialBA(ORB_SLAM3::KeyFrame*, ORB_SLAM3::KeyFrame*, bool*, ORB_SLAM3::Map*, ORB_SLAM3::LoopClosing::KeyFrameAndPose&)’:
/home/ambushee/wil_project/thirdparty/ORB_SLAM3/src/Optimizer.cc:4048:19: warning: suggest explicit braces to avoid ambiguous ‘else’ [-Wdangling-else]
 4048 |                 if(!pMP->isBad())
      |                   ^
/home/ambushee/wil_project/thirdparty/ORB_SLAM3/src/Optimizer.cc: In static member function ‘static void ORB_SLAM3::Optimizer::OptimizeEssentialGraph4DoF(ORB_SLAM3::Map*, ORB_SLAM3::KeyFrame*, ORB_SLAM3::KeyFrame*, const KeyFrameAndPose&, const KeyFrameAndPose&, const std::map<ORB_SLAM3::KeyFrame*, std::set<ORB_SLAM3::KeyFrame*> >&)’:
/home/ambushee/wil_project/thirdparty/ORB_SLAM3/src/Optimizer.cc:5369:15: warning: variable ‘e_loop’ set but not used [-Wunused-but-set-variable]
 5369 |     Edge4DoF* e_loop;
      |               ^~~~~~
/home/ambushee/wil_project/thirdparty/ORB_SLAM3/src/Optimizer.cc:5297:62: warning: typedef ‘BlockSolver_4_4’ locally defined but not used [-Wunused-local-typedefs]
 5297 |     typedef g2o::BlockSolver< g2o::BlockSolverTraits<4, 4> > BlockSolver_4_4;
      |                                                              ^~~~~~~~~~~~~~~
[ 66%] Building CXX object CMakeFiles/ORB_SLAM3.dir/src/G2oTypes.cc.o
In file included from /home/ambushee/wil_project/thirdparty/ORB_SLAM3/include/G2oTypes.h:22,
                 from /home/ambushee/wil_project/thirdparty/ORB_SLAM3/src/G2oTypes.cc:19:
/home/ambushee/wil_project/thirdparty/ORB_SLAM3/Thirdparty/g2o/g2o/core/base_vertex.h:62:74: warning: ‘Eigen::AlignedBit’ is deprecated [-Wdeprecated-declarations]
   62 |     typedef Eigen::Map<Matrix<double, D, D>, Matrix<double,D,D>::Flags & AlignedBit ? Aligned : Unaligned >  HessianBlockType;
      |                                                                          ^~~~~~~~~~
In file included from /usr/include/eigen3/Eigen/Core:161,
                 from /home/ambushee/wil_project/thirdparty/ORB_SLAM3/Thirdparty/g2o/g2o/core/jacobian_workspace.h:30,
                 from /home/ambushee/wil_project/thirdparty/ORB_SLAM3/Thirdparty/g2o/g2o/core/optimizable_graph.h:41,
                 from /home/ambushee/wil_project/thirdparty/ORB_SLAM3/Thirdparty/g2o/g2o/core/base_vertex.h:30,
                 from /home/ambushee/wil_project/thirdparty/ORB_SLAM3/include/G2oTypes.h:22,
                 from /home/ambushee/wil_project/thirdparty/ORB_SLAM3/src/G2oTypes.cc:19:
/usr/include/eigen3/Eigen/src/Core/util/Constants.h:167:37: note: declared here
  167 | EIGEN_DEPRECATED const unsigned int AlignedBit = 0x80;
      |                                     ^~~~~~~~~~
In file included from /home/ambushee/wil_project/thirdparty/ORB_SLAM3/include/G2oTypes.h:23,
                 from /home/ambushee/wil_project/thirdparty/ORB_SLAM3/src/G2oTypes.cc:19:
/home/ambushee/wil_project/thirdparty/ORB_SLAM3/Thirdparty/g2o/g2o/core/base_binary_edge.h:59:82: warning: ‘Eigen::AlignedBit’ is deprecated [-Wdeprecated-declarations]
   59 |       typedef Eigen::Map<Matrix<double, Di, Dj>, Matrix<double, Di, Dj>::Flags & AlignedBit ? Aligned : Unaligned > HessianBlockType;
      |                                                                                  ^~~~~~~~~~
In file included from /usr/include/eigen3/Eigen/Core:161,
                 from /home/ambushee/wil_project/thirdparty/ORB_SLAM3/Thirdparty/g2o/g2o/core/jacobian_workspace.h:30,
                 from /home/ambushee/wil_project/thirdparty/ORB_SLAM3/Thirdparty/g2o/g2o/core/optimizable_graph.h:41,
                 from /home/ambushee/wil_project/thirdparty/ORB_SLAM3/Thirdparty/g2o/g2o/core/base_vertex.h:30,
                 from /home/ambushee/wil_project/thirdparty/ORB_SLAM3/include/G2oTypes.h:22,
                 from /home/ambushee/wil_project/thirdparty/ORB_SLAM3/src/G2oTypes.cc:19:
/usr/include/eigen3/Eigen/src/Core/util/Constants.h:167:37: note: declared here
  167 | EIGEN_DEPRECATED const unsigned int AlignedBit = 0x80;
      |                                     ^~~~~~~~~~
In file included from /home/ambushee/wil_project/thirdparty/ORB_SLAM3/include/G2oTypes.h:23,
                 from /home/ambushee/wil_project/thirdparty/ORB_SLAM3/src/G2oTypes.cc:19:
/home/ambushee/wil_project/thirdparty/ORB_SLAM3/Thirdparty/g2o/g2o/core/base_binary_edge.h:60:82: warning: ‘Eigen::AlignedBit’ is deprecated [-Wdeprecated-declarations]
   60 |       typedef Eigen::Map<Matrix<double, Dj, Di>, Matrix<double, Dj, Di>::Flags & AlignedBit ? Aligned : Unaligned > HessianBlockTransposedType;
      |                                                                                  ^~~~~~~~~~
In file included from /usr/include/eigen3/Eigen/Core:161,
                 from /home/ambushee/wil_project/thirdparty/ORB_SLAM3/Thirdparty/g2o/g2o/core/jacobian_workspace.h:30,
                 from /home/ambushee/wil_project/thirdparty/ORB_SLAM3/Thirdparty/g2o/g2o/core/optimizable_graph.h:41,
                 from /home/ambushee/wil_project/thirdparty/ORB_SLAM3/Thirdparty/g2o/g2o/core/base_vertex.h:30,
                 from /home/ambushee/wil_project/thirdparty/ORB_SLAM3/include/G2oTypes.h:22,
                 from /home/ambushee/wil_project/thirdparty/ORB_SLAM3/src/G2oTypes.cc:19:
/usr/include/eigen3/Eigen/src/Core/util/Constants.h:167:37: note: declared here
  167 | EIGEN_DEPRECATED const unsigned int AlignedBit = 0x80;
      |                                     ^~~~~~~~~~
In file included from /home/ambushee/wil_project/thirdparty/ORB_SLAM3/include/G2oTypes.h:22,
                 from /home/ambushee/wil_project/thirdparty/ORB_SLAM3/src/G2oTypes.cc:19:
/home/ambushee/wil_project/thirdparty/ORB_SLAM3/Thirdparty/g2o/g2o/core/base_vertex.h: In instantiation of ‘class g2o::BaseVertex<3, Eigen::Matrix<double, 3, 1> >’:
/home/ambushee/wil_project/thirdparty/ORB_SLAM3/Thirdparty/g2o/g2o/types/types_sba.h:40:35:   required from here
/home/ambushee/wil_project/thirdparty/ORB_SLAM3/Thirdparty/g2o/g2o/core/base_vertex.h:62:72: warning: ‘Eigen::AlignedBit’ is deprecated [-Wdeprecated-declarations]
   62 |     typedef Eigen::Map<Matrix<double, D, D>, Matrix<double,D,D>::Flags & AlignedBit ? Aligned : Unaligned >  HessianBlockType;
      |                                                                  ~~~~~~^~~~~~~~~~~~
In file included from /usr/include/eigen3/Eigen/Core:161,
                 from /home/ambushee/wil_project/thirdparty/ORB_SLAM3/Thirdparty/g2o/g2o/core/jacobian_workspace.h:30,
                 from /home/ambushee/wil_project/thirdparty/ORB_SLAM3/Thirdparty/g2o/g2o/core/optimizable_graph.h:41,
                 from /home/ambushee/wil_project/thirdparty/ORB_SLAM3/Thirdparty/g2o/g2o/core/base_vertex.h:30,
                 from /home/ambushee/wil_project/thirdparty/ORB_SLAM3/include/G2oTypes.h:22,
                 from /home/ambushee/wil_project/thirdparty/ORB_SLAM3/src/G2oTypes.cc:19:
/usr/include/eigen3/Eigen/src/Core/util/Constants.h:167:37: note: declared here
  167 | EIGEN_DEPRECATED const unsigned int AlignedBit = 0x80;
      |                                     ^~~~~~~~~~
[ 68%] Building CXX object CMakeFiles/ORB_SLAM3.dir/src/CameraModels/Pinhole.cpp.o
In file included from /home/ambushee/wil_project/thirdparty/ORB_SLAM3/include/G2oTypes.h:25,
                 from /home/ambushee/wil_project/thirdparty/ORB_SLAM3/src/G2oTypes.cc:19:
/home/ambushee/wil_project/thirdparty/ORB_SLAM3/Thirdparty/g2o/g2o/core/base_multi_edge.h:69:54: warning: ‘Eigen::AlignedBit’ is deprecated [-Wdeprecated-declarations]
   69 |       typedef Eigen::Map<MatrixXd, MatrixXd::Flags & AlignedBit ? Aligned : Unaligned > HessianBlockType;
      |                                                      ^~~~~~~~~~
In file included from /usr/include/eigen3/Eigen/Core:161,
                 from /home/ambushee/wil_project/thirdparty/ORB_SLAM3/Thirdparty/g2o/g2o/core/jacobian_workspace.h:30,
                 from /home/ambushee/wil_project/thirdparty/ORB_SLAM3/Thirdparty/g2o/g2o/core/optimizable_graph.h:41,
                 from /home/ambushee/wil_project/thirdparty/ORB_SLAM3/Thirdparty/g2o/g2o/core/base_vertex.h:30,
                 from /home/ambushee/wil_project/thirdparty/ORB_SLAM3/include/G2oTypes.h:22,
                 from /home/ambushee/wil_project/thirdparty/ORB_SLAM3/src/G2oTypes.cc:19:
/usr/include/eigen3/Eigen/src/Core/util/Constants.h:167:37: note: declared here
  167 | EIGEN_DEPRECATED const unsigned int AlignedBit = 0x80;
      |                                     ^~~~~~~~~~
In file included from /home/ambushee/wil_project/thirdparty/ORB_SLAM3/include/Frame.h:30,
                 from /home/ambushee/wil_project/thirdparty/ORB_SLAM3/include/G2oTypes.h:34,
                 from /home/ambushee/wil_project/thirdparty/ORB_SLAM3/src/G2oTypes.cc:19:
/home/ambushee/wil_project/thirdparty/ORB_SLAM3/include/ImuTypes.h: In member function ‘void ORB_SLAM3::IMU::Preintegrated::printMeasurements() const’:
/home/ambushee/wil_project/thirdparty/ORB_SLAM3/include/ImuTypes.h:204:23: warning: comparison of integer expressions of different signedness: ‘int’ and ‘std::vector<ORB_SLAM3::IMU::Preintegrated::integrable>::size_type’ {aka ‘long unsigned int’} [-Wsign-compare]
  204 |         for(int i=0; i<mvMeasurements.size(); i++){
      |                      ~^~~~~~~~~~~~~~~~~~~~~~
In file included from /home/ambushee/wil_project/thirdparty/ORB_SLAM3/include/G2oTypes.h:22,
                 from /home/ambushee/wil_project/thirdparty/ORB_SLAM3/src/G2oTypes.cc:19:
/home/ambushee/wil_project/thirdparty/ORB_SLAM3/Thirdparty/g2o/g2o/core/base_vertex.h: In instantiation of ‘class g2o::BaseVertex<6, g2o::SE3Quat>’:
/home/ambushee/wil_project/thirdparty/ORB_SLAM3/Thirdparty/g2o/g2o/types/types_six_dof_expmap.h:59:33:   required from here
/home/ambushee/wil_project/thirdparty/ORB_SLAM3/Thirdparty/g2o/g2o/core/base_vertex.h:62:72: warning: ‘Eigen::AlignedBit’ is deprecated [-Wdeprecated-declarations]
   62 |     typedef Eigen::Map<Matrix<double, D, D>, Matrix<double,D,D>::Flags & AlignedBit ? Aligned : Unaligned >  HessianBlockType;
      |                                                                  ~~~~~~^~~~~~~~~~~~
In file included from /usr/include/eigen3/Eigen/Core:161,
                 from /home/ambushee/wil_project/thirdparty/ORB_SLAM3/Thirdparty/g2o/g2o/core/jacobian_workspace.h:30,
                 from /home/ambushee/wil_project/thirdparty/ORB_SLAM3/Thirdparty/g2o/g2o/core/optimizable_graph.h:41,
                 from /home/ambushee/wil_project/thirdparty/ORB_SLAM3/Thirdparty/g2o/g2o/core/base_vertex.h:30,
                 from /home/ambushee/wil_project/thirdparty/ORB_SLAM3/include/G2oTypes.h:22,
                 from /home/ambushee/wil_project/thirdparty/ORB_SLAM3/src/G2oTypes.cc:19:
/usr/include/eigen3/Eigen/src/Core/util/Constants.h:167:37: note: declared here
  167 | EIGEN_DEPRECATED const unsigned int AlignedBit = 0x80;
      |                                     ^~~~~~~~~~
In file included from /home/ambushee/wil_project/thirdparty/ORB_SLAM3/include/G2oTypes.h:23,
                 from /home/ambushee/wil_project/thirdparty/ORB_SLAM3/src/G2oTypes.cc:19:
/home/ambushee/wil_project/thirdparty/ORB_SLAM3/Thirdparty/g2o/g2o/core/base_binary_edge.h: In instantiation of ‘class g2o::BaseBinaryEdge<6, g2o::SE3Quat, g2o::VertexSE3Expmap, g2o::VertexSE3Expmap>’:
/home/ambushee/wil_project/thirdparty/ORB_SLAM3/Thirdparty/g2o/g2o/types/types_six_dof_expmap.h:83:24:   required from here
/home/ambushee/wil_project/thirdparty/ORB_SLAM3/Thirdparty/g2o/g2o/core/base_binary_edge.h:59:80: warning: ‘Eigen::AlignedBit’ is deprecated [-Wdeprecated-declarations]
   59 |       typedef Eigen::Map<Matrix<double, Di, Dj>, Matrix<double, Di, Dj>::Flags & AlignedBit ? Aligned : Unaligned > HessianBlockType;
      |                                                                          ~~~~~~^~~~~~~~~~~~
In file included from /usr/include/eigen3/Eigen/Core:161,
                 from /home/ambushee/wil_project/thirdparty/ORB_SLAM3/Thirdparty/g2o/g2o/core/jacobian_workspace.h:30,
                 from /home/ambushee/wil_project/thirdparty/ORB_SLAM3/Thirdparty/g2o/g2o/core/optimizable_graph.h:41,
                 from /home/ambushee/wil_project/thirdparty/ORB_SLAM3/Thirdparty/g2o/g2o/core/base_vertex.h:30,
                 from /home/ambushee/wil_project/thirdparty/ORB_SLAM3/include/G2oTypes.h:22,
                 from /home/ambushee/wil_project/thirdparty/ORB_SLAM3/src/G2oTypes.cc:19:
/usr/include/eigen3/Eigen/src/Core/util/Constants.h:167:37: note: declared here
  167 | EIGEN_DEPRECATED const unsigned int AlignedBit = 0x80;
      |                                     ^~~~~~~~~~
In file included from /home/ambushee/wil_project/thirdparty/ORB_SLAM3/include/G2oTypes.h:23,
                 from /home/ambushee/wil_project/thirdparty/ORB_SLAM3/src/G2oTypes.cc:19:
/home/ambushee/wil_project/thirdparty/ORB_SLAM3/Thirdparty/g2o/g2o/core/base_binary_edge.h:60:80: warning: ‘Eigen::AlignedBit’ is deprecated [-Wdeprecated-declarations]
   60 |       typedef Eigen::Map<Matrix<double, Dj, Di>, Matrix<double, Dj, Di>::Flags & AlignedBit ? Aligned : Unaligned > HessianBlockTransposedType;
      |                                                                          ~~~~~~^~~~~~~~~~~~
In file included from /usr/include/eigen3/Eigen/Core:161,
                 from /home/ambushee/wil_project/thirdparty/ORB_SLAM3/Thirdparty/g2o/g2o/core/jacobian_workspace.h:30,
                 from /home/ambushee/wil_project/thirdparty/ORB_SLAM3/Thirdparty/g2o/g2o/core/optimizable_graph.h:41,
                 from /home/ambushee/wil_project/thirdparty/ORB_SLAM3/Thirdparty/g2o/g2o/core/base_vertex.h:30,
                 from /home/ambushee/wil_project/thirdparty/ORB_SLAM3/include/G2oTypes.h:22,
                 from /home/ambushee/wil_project/thirdparty/ORB_SLAM3/src/G2oTypes.cc:19:
/usr/include/eigen3/Eigen/src/Core/util/Constants.h:167:37: note: declared here
  167 | EIGEN_DEPRECATED const unsigned int AlignedBit = 0x80;
      |                                     ^~~~~~~~~~
In file included from /home/ambushee/wil_project/thirdparty/ORB_SLAM3/include/G2oTypes.h:23,
                 from /home/ambushee/wil_project/thirdparty/ORB_SLAM3/src/G2oTypes.cc:19:
/home/ambushee/wil_project/thirdparty/ORB_SLAM3/Thirdparty/g2o/g2o/core/base_binary_edge.h: In instantiation of ‘class g2o::BaseBinaryEdge<2, Eigen::Matrix<double, 2, 1>, g2o::VertexSBAPointXYZ, g2o::VertexSE3Expmap>’:
/home/ambushee/wil_project/thirdparty/ORB_SLAM3/Thirdparty/g2o/g2o/types/types_six_dof_expmap.h:114:35:   required from here
/home/ambushee/wil_project/thirdparty/ORB_SLAM3/Thirdparty/g2o/g2o/core/base_binary_edge.h:59:80: warning: ‘Eigen::AlignedBit’ is deprecated [-Wdeprecated-declarations]
   59 |       typedef Eigen::Map<Matrix<double, Di, Dj>, Matrix<double, Di, Dj>::Flags & AlignedBit ? Aligned : Unaligned > HessianBlockType;
      |                                                                          ~~~~~~^~~~~~~~~~~~
In file included from /usr/include/eigen3/Eigen/Core:161,
                 from /home/ambushee/wil_project/thirdparty/ORB_SLAM3/Thirdparty/g2o/g2o/core/jacobian_workspace.h:30,
                 from /home/ambushee/wil_project/thirdparty/ORB_SLAM3/Thirdparty/g2o/g2o/core/optimizable_graph.h:41,
                 from /home/ambushee/wil_project/thirdparty/ORB_SLAM3/Thirdparty/g2o/g2o/core/base_vertex.h:30,
                 from /home/ambushee/wil_project/thirdparty/ORB_SLAM3/include/G2oTypes.h:22,
                 from /home/ambushee/wil_project/thirdparty/ORB_SLAM3/src/G2oTypes.cc:19:
/usr/include/eigen3/Eigen/src/Core/util/Constants.h:167:37: note: declared here
  167 | EIGEN_DEPRECATED const unsigned int AlignedBit = 0x80;
      |                                     ^~~~~~~~~~
In file included from /home/ambushee/wil_project/thirdparty/ORB_SLAM3/include/G2oTypes.h:23,
                 from /home/ambushee/wil_project/thirdparty/ORB_SLAM3/src/G2oTypes.cc:19:
/home/ambushee/wil_project/thirdparty/ORB_SLAM3/Thirdparty/g2o/g2o/core/base_binary_edge.h:60:80: warning: ‘Eigen::AlignedBit’ is deprecated [-Wdeprecated-declarations]
   60 |       typedef Eigen::Map<Matrix<double, Dj, Di>, Matrix<double, Dj, Di>::Flags & AlignedBit ? Aligned : Unaligned > HessianBlockTransposedType;
      |                                                                          ~~~~~~^~~~~~~~~~~~
In file included from /usr/include/eigen3/Eigen/Core:161,
                 from /home/ambushee/wil_project/thirdparty/ORB_SLAM3/Thirdparty/g2o/g2o/core/jacobian_workspace.h:30,
                 from /home/ambushee/wil_project/thirdparty/ORB_SLAM3/Thirdparty/g2o/g2o/core/optimizable_graph.h:41,
                 from /home/ambushee/wil_project/thirdparty/ORB_SLAM3/Thirdparty/g2o/g2o/core/base_vertex.h:30,
                 from /home/ambushee/wil_project/thirdparty/ORB_SLAM3/include/G2oTypes.h:22,
                 from /home/ambushee/wil_project/thirdparty/ORB_SLAM3/src/G2oTypes.cc:19:
/usr/include/eigen3/Eigen/src/Core/util/Constants.h:167:37: note: declared here
  167 | EIGEN_DEPRECATED const unsigned int AlignedBit = 0x80;
      |                                     ^~~~~~~~~~
In file included from /home/ambushee/wil_project/thirdparty/ORB_SLAM3/include/G2oTypes.h:23,
                 from /home/ambushee/wil_project/thirdparty/ORB_SLAM3/src/G2oTypes.cc:19:
/home/ambushee/wil_project/thirdparty/ORB_SLAM3/Thirdparty/g2o/g2o/core/base_binary_edge.h: In instantiation of ‘class g2o::BaseBinaryEdge<3, Eigen::Matrix<double, 3, 1>, g2o::VertexSBAPointXYZ, g2o::VertexSE3Expmap>’:
/home/ambushee/wil_project/thirdparty/ORB_SLAM3/Thirdparty/g2o/g2o/types/types_six_dof_expmap.h:146:41:   required from here
/home/ambushee/wil_project/thirdparty/ORB_SLAM3/Thirdparty/g2o/g2o/core/base_binary_edge.h:59:80: warning: ‘Eigen::AlignedBit’ is deprecated [-Wdeprecated-declarations]
   59 |       typedef Eigen::Map<Matrix<double, Di, Dj>, Matrix<double, Di, Dj>::Flags & AlignedBit ? Aligned : Unaligned > HessianBlockType;
      |                                                                          ~~~~~~^~~~~~~~~~~~
In file included from /usr/include/eigen3/Eigen/Core:161,
                 from /home/ambushee/wil_project/thirdparty/ORB_SLAM3/Thirdparty/g2o/g2o/core/jacobian_workspace.h:30,
                 from /home/ambushee/wil_project/thirdparty/ORB_SLAM3/Thirdparty/g2o/g2o/core/optimizable_graph.h:41,
                 from /home/ambushee/wil_project/thirdparty/ORB_SLAM3/Thirdparty/g2o/g2o/core/base_vertex.h:30,
                 from /home/ambushee/wil_project/thirdparty/ORB_SLAM3/include/G2oTypes.h:22,
                 from /home/ambushee/wil_project/thirdparty/ORB_SLAM3/src/G2oTypes.cc:19:
/usr/include/eigen3/Eigen/src/Core/util/Constants.h:167:37: note: declared here
  167 | EIGEN_DEPRECATED const unsigned int AlignedBit = 0x80;
      |                                     ^~~~~~~~~~
In file included from /home/ambushee/wil_project/thirdparty/ORB_SLAM3/include/G2oTypes.h:23,
                 from /home/ambushee/wil_project/thirdparty/ORB_SLAM3/src/G2oTypes.cc:19:
/home/ambushee/wil_project/thirdparty/ORB_SLAM3/Thirdparty/g2o/g2o/core/base_binary_edge.h:60:80: warning: ‘Eigen::AlignedBit’ is deprecated [-Wdeprecated-declarations]
   60 |       typedef Eigen::Map<Matrix<double, Dj, Di>, Matrix<double, Dj, Di>::Flags & AlignedBit ? Aligned : Unaligned > HessianBlockTransposedType;
      |                                                                          ~~~~~~^~~~~~~~~~~~
In file included from /usr/include/eigen3/Eigen/Core:161,
                 from /home/ambushee/wil_project/thirdparty/ORB_SLAM3/Thirdparty/g2o/g2o/core/jacobian_workspace.h:30,
                 from /home/ambushee/wil_project/thirdparty/ORB_SLAM3/Thirdparty/g2o/g2o/core/optimizable_graph.h:41,
                 from /home/ambushee/wil_project/thirdparty/ORB_SLAM3/Thirdparty/g2o/g2o/core/base_vertex.h:30,
                 from /home/ambushee/wil_project/thirdparty/ORB_SLAM3/include/G2oTypes.h:22,
                 from /home/ambushee/wil_project/thirdparty/ORB_SLAM3/src/G2oTypes.cc:19:
/usr/include/eigen3/Eigen/src/Core/util/Constants.h:167:37: note: declared here
  167 | EIGEN_DEPRECATED const unsigned int AlignedBit = 0x80;
      |                                     ^~~~~~~~~~
In file included from /home/ambushee/wil_project/thirdparty/ORB_SLAM3/include/G2oTypes.h:22,
                 from /home/ambushee/wil_project/thirdparty/ORB_SLAM3/src/G2oTypes.cc:19:
/home/ambushee/wil_project/thirdparty/ORB_SLAM3/Thirdparty/g2o/g2o/core/base_vertex.h: In instantiation of ‘class g2o::BaseVertex<7, g2o::Sim3>’:
/home/ambushee/wil_project/thirdparty/ORB_SLAM3/Thirdparty/g2o/g2o/types/types_seven_dof_expmap.h:48:35:   required from here
/home/ambushee/wil_project/thirdparty/ORB_SLAM3/Thirdparty/g2o/g2o/core/base_vertex.h:62:72: warning: ‘Eigen::AlignedBit’ is deprecated [-Wdeprecated-declarations]
   62 |     typedef Eigen::Map<Matrix<double, D, D>, Matrix<double,D,D>::Flags & AlignedBit ? Aligned : Unaligned >  HessianBlockType;
      |                                                                  ~~~~~~^~~~~~~~~~~~
In file included from /usr/include/eigen3/Eigen/Core:161,
                 from /home/ambushee/wil_project/thirdparty/ORB_SLAM3/Thirdparty/g2o/g2o/core/jacobian_workspace.h:30,
                 from /home/ambushee/wil_project/thirdparty/ORB_SLAM3/Thirdparty/g2o/g2o/core/optimizable_graph.h:41,
                 from /home/ambushee/wil_project/thirdparty/ORB_SLAM3/Thirdparty/g2o/g2o/core/base_vertex.h:30,
                 from /home/ambushee/wil_project/thirdparty/ORB_SLAM3/include/G2oTypes.h:22,
                 from /home/ambushee/wil_project/thirdparty/ORB_SLAM3/src/G2oTypes.cc:19:
/usr/include/eigen3/Eigen/src/Core/util/Constants.h:167:37: note: declared here
  167 | EIGEN_DEPRECATED const unsigned int AlignedBit = 0x80;
      |                                     ^~~~~~~~~~
In file included from /home/ambushee/wil_project/thirdparty/ORB_SLAM3/include/G2oTypes.h:23,
                 from /home/ambushee/wil_project/thirdparty/ORB_SLAM3/src/G2oTypes.cc:19:
/home/ambushee/wil_project/thirdparty/ORB_SLAM3/Thirdparty/g2o/g2o/core/base_binary_edge.h: In instantiation of ‘class g2o::BaseBinaryEdge<7, g2o::Sim3, g2o::VertexSim3Expmap, g2o::VertexSim3Expmap>’:
/home/ambushee/wil_project/thirdparty/ORB_SLAM3/Thirdparty/g2o/g2o/types/types_seven_dof_expmap.h:99:27:   required from here
/home/ambushee/wil_project/thirdparty/ORB_SLAM3/Thirdparty/g2o/g2o/core/base_binary_edge.h:59:80: warning: ‘Eigen::AlignedBit’ is deprecated [-Wdeprecated-declarations]
   59 |       typedef Eigen::Map<Matrix<double, Di, Dj>, Matrix<double, Di, Dj>::Flags & AlignedBit ? Aligned : Unaligned > HessianBlockType;
      |                                                                          ~~~~~~^~~~~~~~~~~~
In file included from /usr/include/eigen3/Eigen/Core:161,
                 from /home/ambushee/wil_project/thirdparty/ORB_SLAM3/Thirdparty/g2o/g2o/core/jacobian_workspace.h:30,
                 from /home/ambushee/wil_project/thirdparty/ORB_SLAM3/Thirdparty/g2o/g2o/core/optimizable_graph.h:41,
                 from /home/ambushee/wil_project/thirdparty/ORB_SLAM3/Thirdparty/g2o/g2o/core/base_vertex.h:30,
                 from /home/ambushee/wil_project/thirdparty/ORB_SLAM3/include/G2oTypes.h:22,
                 from /home/ambushee/wil_project/thirdparty/ORB_SLAM3/src/G2oTypes.cc:19:
/usr/include/eigen3/Eigen/src/Core/util/Constants.h:167:37: note: declared here
  167 | EIGEN_DEPRECATED const unsigned int AlignedBit = 0x80;
      |                                     ^~~~~~~~~~
In file included from /home/ambushee/wil_project/thirdparty/ORB_SLAM3/include/G2oTypes.h:23,
                 from /home/ambushee/wil_project/thirdparty/ORB_SLAM3/src/G2oTypes.cc:19:
/home/ambushee/wil_project/thirdparty/ORB_SLAM3/Thirdparty/g2o/g2o/core/base_binary_edge.h:60:80: warning: ‘Eigen::AlignedBit’ is deprecated [-Wdeprecated-declarations]
   60 |       typedef Eigen::Map<Matrix<double, Dj, Di>, Matrix<double, Dj, Di>::Flags & AlignedBit ? Aligned : Unaligned > HessianBlockTransposedType;
      |                                                                          ~~~~~~^~~~~~~~~~~~
In file included from /usr/include/eigen3/Eigen/Core:161,
                 from /home/ambushee/wil_project/thirdparty/ORB_SLAM3/Thirdparty/g2o/g2o/core/jacobian_workspace.h:30,
                 from /home/ambushee/wil_project/thirdparty/ORB_SLAM3/Thirdparty/g2o/g2o/core/optimizable_graph.h:41,
                 from /home/ambushee/wil_project/thirdparty/ORB_SLAM3/Thirdparty/g2o/g2o/core/base_vertex.h:30,
                 from /home/ambushee/wil_project/thirdparty/ORB_SLAM3/include/G2oTypes.h:22,
                 from /home/ambushee/wil_project/thirdparty/ORB_SLAM3/src/G2oTypes.cc:19:
/usr/include/eigen3/Eigen/src/Core/util/Constants.h:167:37: note: declared here
  167 | EIGEN_DEPRECATED const unsigned int AlignedBit = 0x80;
      |                                     ^~~~~~~~~~
In file included from /home/ambushee/wil_project/thirdparty/ORB_SLAM3/include/G2oTypes.h:23,
                 from /home/ambushee/wil_project/thirdparty/ORB_SLAM3/src/G2oTypes.cc:19:
/home/ambushee/wil_project/thirdparty/ORB_SLAM3/Thirdparty/g2o/g2o/core/base_binary_edge.h: In instantiation of ‘class g2o::BaseBinaryEdge<2, Eigen::Matrix<double, 2, 1>, g2o::VertexSBAPointXYZ, g2o::VertexSim3Expmap>’:
/home/ambushee/wil_project/thirdparty/ORB_SLAM3/Thirdparty/g2o/g2o/types/types_seven_dof_expmap.h:130:36:   required from here
/home/ambushee/wil_project/thirdparty/ORB_SLAM3/Thirdparty/g2o/g2o/core/base_binary_edge.h:59:80: warning: ‘Eigen::AlignedBit’ is deprecated [-Wdeprecated-declarations]
   59 |       typedef Eigen::Map<Matrix<double, Di, Dj>, Matrix<double, Di, Dj>::Flags & AlignedBit ? Aligned : Unaligned > HessianBlockType;
      |                                                                          ~~~~~~^~~~~~~~~~~~
In file included from /usr/include/eigen3/Eigen/Core:161,
                 from /home/ambushee/wil_project/thirdparty/ORB_SLAM3/Thirdparty/g2o/g2o/core/jacobian_workspace.h:30,
                 from /home/ambushee/wil_project/thirdparty/ORB_SLAM3/Thirdparty/g2o/g2o/core/optimizable_graph.h:41,
                 from /home/ambushee/wil_project/thirdparty/ORB_SLAM3/Thirdparty/g2o/g2o/core/base_vertex.h:30,
                 from /home/ambushee/wil_project/thirdparty/ORB_SLAM3/include/G2oTypes.h:22,
                 from /home/ambushee/wil_project/thirdparty/ORB_SLAM3/src/G2oTypes.cc:19:
/usr/include/eigen3/Eigen/src/Core/util/Constants.h:167:37: note: declared here
  167 | EIGEN_DEPRECATED const unsigned int AlignedBit = 0x80;
      |                                     ^~~~~~~~~~
In file included from /home/ambushee/wil_project/thirdparty/ORB_SLAM3/include/G2oTypes.h:23,
                 from /home/ambushee/wil_project/thirdparty/ORB_SLAM3/src/G2oTypes.cc:19:
/home/ambushee/wil_project/thirdparty/ORB_SLAM3/Thirdparty/g2o/g2o/core/base_binary_edge.h:60:80: warning: ‘Eigen::AlignedBit’ is deprecated [-Wdeprecated-declarations]
   60 |       typedef Eigen::Map<Matrix<double, Dj, Di>, Matrix<double, Dj, Di>::Flags & AlignedBit ? Aligned : Unaligned > HessianBlockTransposedType;
      |                                                                          ~~~~~~^~~~~~~~~~~~
In file included from /usr/include/eigen3/Eigen/Core:161,
                 from /home/ambushee/wil_project/thirdparty/ORB_SLAM3/Thirdparty/g2o/g2o/core/jacobian_workspace.h:30,
                 from /home/ambushee/wil_project/thirdparty/ORB_SLAM3/Thirdparty/g2o/g2o/core/optimizable_graph.h:41,
                 from /home/ambushee/wil_project/thirdparty/ORB_SLAM3/Thirdparty/g2o/g2o/core/base_vertex.h:30,
                 from /home/ambushee/wil_project/thirdparty/ORB_SLAM3/include/G2oTypes.h:22,
                 from /home/ambushee/wil_project/thirdparty/ORB_SLAM3/src/G2oTypes.cc:19:
/usr/include/eigen3/Eigen/src/Core/util/Constants.h:167:37: note: declared here
  167 | EIGEN_DEPRECATED const unsigned int AlignedBit = 0x80;
      |                                     ^~~~~~~~~~
In file included from /home/ambushee/wil_project/thirdparty/ORB_SLAM3/Thirdparty/g2o/g2o/types/types_six_dof_expmap.h:37,
                 from /home/ambushee/wil_project/thirdparty/ORB_SLAM3/include/Converter.h:26,
                 from /home/ambushee/wil_project/thirdparty/ORB_SLAM3/include/CameraModels/GeometricCamera.h:39,
                 from /home/ambushee/wil_project/thirdparty/ORB_SLAM3/include/CameraModels/Pinhole.h:24,
                 from /home/ambushee/wil_project/thirdparty/ORB_SLAM3/src/CameraModels/Pinhole.cpp:19:
/home/ambushee/wil_project/thirdparty/ORB_SLAM3/Thirdparty/g2o/g2o/types/../core/base_vertex.h:62:74: warning: ‘Eigen::AlignedBit’ is deprecated [-Wdeprecated-declarations]
   62 |     typedef Eigen::Map<Matrix<double, D, D>, Matrix<double,D,D>::Flags & AlignedBit ? Aligned : Unaligned >  HessianBlockType;
      |                                                                          ^~~~~~~~~~
In file included from /usr/include/eigen3/Eigen/Core:161,
                 from /usr/include/eigen3/Eigen/Dense:1,
                 from /home/ambushee/wil_project/thirdparty/ORB_SLAM3/Thirdparty/Sophus/sophus/rotation_matrix.hpp:7,
                 from /home/ambushee/wil_project/thirdparty/ORB_SLAM3/Thirdparty/Sophus/sophus/so3.hpp:7,
                 from /home/ambushee/wil_project/thirdparty/ORB_SLAM3/Thirdparty/Sophus/sophus/se3.hpp:7,
                 from /home/ambushee/wil_project/thirdparty/ORB_SLAM3/include/CameraModels/GeometricCamera.h:35,
                 from /home/ambushee/wil_project/thirdparty/ORB_SLAM3/include/CameraModels/Pinhole.h:24,
                 from /home/ambushee/wil_project/thirdparty/ORB_SLAM3/src/CameraModels/Pinhole.cpp:19:
/usr/include/eigen3/Eigen/src/Core/util/Constants.h:167:37: note: declared here
  167 | EIGEN_DEPRECATED const unsigned int AlignedBit = 0x80;
      |                                     ^~~~~~~~~~
In file included from /home/ambushee/wil_project/thirdparty/ORB_SLAM3/Thirdparty/g2o/g2o/types/types_six_dof_expmap.h:38,
                 from /home/ambushee/wil_project/thirdparty/ORB_SLAM3/include/Converter.h:26,
                 from /home/ambushee/wil_project/thirdparty/ORB_SLAM3/include/CameraModels/GeometricCamera.h:39,
                 from /home/ambushee/wil_project/thirdparty/ORB_SLAM3/include/CameraModels/Pinhole.h:24,
                 from /home/ambushee/wil_project/thirdparty/ORB_SLAM3/src/CameraModels/Pinhole.cpp:19:
/home/ambushee/wil_project/thirdparty/ORB_SLAM3/Thirdparty/g2o/g2o/types/../core/base_binary_edge.h:59:82: warning: ‘Eigen::AlignedBit’ is deprecated [-Wdeprecated-declarations]
   59 |       typedef Eigen::Map<Matrix<double, Di, Dj>, Matrix<double, Di, Dj>::Flags & AlignedBit ? Aligned : Unaligned > HessianBlockType;
      |                                                                                  ^~~~~~~~~~
In file included from /usr/include/eigen3/Eigen/Core:161,
                 from /usr/include/eigen3/Eigen/Dense:1,
                 from /home/ambushee/wil_project/thirdparty/ORB_SLAM3/Thirdparty/Sophus/sophus/rotation_matrix.hpp:7,
                 from /home/ambushee/wil_project/thirdparty/ORB_SLAM3/Thirdparty/Sophus/sophus/so3.hpp:7,
                 from /home/ambushee/wil_project/thirdparty/ORB_SLAM3/Thirdparty/Sophus/sophus/se3.hpp:7,
                 from /home/ambushee/wil_project/thirdparty/ORB_SLAM3/include/CameraModels/GeometricCamera.h:35,
                 from /home/ambushee/wil_project/thirdparty/ORB_SLAM3/include/CameraModels/Pinhole.h:24,
                 from /home/ambushee/wil_project/thirdparty/ORB_SLAM3/src/CameraModels/Pinhole.cpp:19:
/usr/include/eigen3/Eigen/src/Core/util/Constants.h:167:37: note: declared here
  167 | EIGEN_DEPRECATED const unsigned int AlignedBit = 0x80;
      |                                     ^~~~~~~~~~
In file included from /home/ambushee/wil_project/thirdparty/ORB_SLAM3/Thirdparty/g2o/g2o/types/types_six_dof_expmap.h:38,
                 from /home/ambushee/wil_project/thirdparty/ORB_SLAM3/include/Converter.h:26,
                 from /home/ambushee/wil_project/thirdparty/ORB_SLAM3/include/CameraModels/GeometricCamera.h:39,
                 from /home/ambushee/wil_project/thirdparty/ORB_SLAM3/include/CameraModels/Pinhole.h:24,
                 from /home/ambushee/wil_project/thirdparty/ORB_SLAM3/src/CameraModels/Pinhole.cpp:19:
/home/ambushee/wil_project/thirdparty/ORB_SLAM3/Thirdparty/g2o/g2o/types/../core/base_binary_edge.h:60:82: warning: ‘Eigen::AlignedBit’ is deprecated [-Wdeprecated-declarations]
   60 |       typedef Eigen::Map<Matrix<double, Dj, Di>, Matrix<double, Dj, Di>::Flags & AlignedBit ? Aligned : Unaligned > HessianBlockTransposedType;
      |                                                                                  ^~~~~~~~~~
In file included from /usr/include/eigen3/Eigen/Core:161,
                 from /usr/include/eigen3/Eigen/Dense:1,
                 from /home/ambushee/wil_project/thirdparty/ORB_SLAM3/Thirdparty/Sophus/sophus/rotation_matrix.hpp:7,
                 from /home/ambushee/wil_project/thirdparty/ORB_SLAM3/Thirdparty/Sophus/sophus/so3.hpp:7,
                 from /home/ambushee/wil_project/thirdparty/ORB_SLAM3/Thirdparty/Sophus/sophus/se3.hpp:7,
                 from /home/ambushee/wil_project/thirdparty/ORB_SLAM3/include/CameraModels/GeometricCamera.h:35,
                 from /home/ambushee/wil_project/thirdparty/ORB_SLAM3/include/CameraModels/Pinhole.h:24,
                 from /home/ambushee/wil_project/thirdparty/ORB_SLAM3/src/CameraModels/Pinhole.cpp:19:
/usr/include/eigen3/Eigen/src/Core/util/Constants.h:167:37: note: declared here
  167 | EIGEN_DEPRECATED const unsigned int AlignedBit = 0x80;
      |                                     ^~~~~~~~~~
[ 70%] Building CXX object CMakeFiles/ORB_SLAM3.dir/src/CameraModels/KannalaBrandt8.cpp.o
In file included from /home/ambushee/wil_project/thirdparty/ORB_SLAM3/Thirdparty/g2o/g2o/types/types_six_dof_expmap.h:37,
                 from /home/ambushee/wil_project/thirdparty/ORB_SLAM3/include/Converter.h:26,
                 from /home/ambushee/wil_project/thirdparty/ORB_SLAM3/include/CameraModels/GeometricCamera.h:39,
                 from /home/ambushee/wil_project/thirdparty/ORB_SLAM3/include/CameraModels/Pinhole.h:24,
                 from /home/ambushee/wil_project/thirdparty/ORB_SLAM3/src/CameraModels/Pinhole.cpp:19:
/home/ambushee/wil_project/thirdparty/ORB_SLAM3/Thirdparty/g2o/g2o/types/../core/base_vertex.h: In instantiation of ‘class g2o::BaseVertex<3, Eigen::Matrix<double, 3, 1> >’:
/home/ambushee/wil_project/thirdparty/ORB_SLAM3/Thirdparty/g2o/g2o/types/types_sba.h:40:35:   required from here
/home/ambushee/wil_project/thirdparty/ORB_SLAM3/Thirdparty/g2o/g2o/types/../core/base_vertex.h:62:72: warning: ‘Eigen::AlignedBit’ is deprecated [-Wdeprecated-declarations]
   62 |     typedef Eigen::Map<Matrix<double, D, D>, Matrix<double,D,D>::Flags & AlignedBit ? Aligned : Unaligned >  HessianBlockType;
      |                                                                  ~~~~~~^~~~~~~~~~~~
In file included from /usr/include/eigen3/Eigen/Core:161,
                 from /usr/include/eigen3/Eigen/Dense:1,
                 from /home/ambushee/wil_project/thirdparty/ORB_SLAM3/Thirdparty/Sophus/sophus/rotation_matrix.hpp:7,
                 from /home/ambushee/wil_project/thirdparty/ORB_SLAM3/Thirdparty/Sophus/sophus/so3.hpp:7,
                 from /home/ambushee/wil_project/thirdparty/ORB_SLAM3/Thirdparty/Sophus/sophus/se3.hpp:7,
                 from /home/ambushee/wil_project/thirdparty/ORB_SLAM3/include/CameraModels/GeometricCamera.h:35,
                 from /home/ambushee/wil_project/thirdparty/ORB_SLAM3/include/CameraModels/Pinhole.h:24,
                 from /home/ambushee/wil_project/thirdparty/ORB_SLAM3/src/CameraModels/Pinhole.cpp:19:
/usr/include/eigen3/Eigen/src/Core/util/Constants.h:167:37: note: declared here
  167 | EIGEN_DEPRECATED const unsigned int AlignedBit = 0x80;
      |                                     ^~~~~~~~~~
In file included from /home/ambushee/wil_project/thirdparty/ORB_SLAM3/Thirdparty/g2o/g2o/types/types_six_dof_expmap.h:37,
                 from /home/ambushee/wil_project/thirdparty/ORB_SLAM3/include/Converter.h:26,
                 from /home/ambushee/wil_project/thirdparty/ORB_SLAM3/include/CameraModels/GeometricCamera.h:39,
                 from /home/ambushee/wil_project/thirdparty/ORB_SLAM3/include/CameraModels/Pinhole.h:24,
                 from /home/ambushee/wil_project/thirdparty/ORB_SLAM3/src/CameraModels/Pinhole.cpp:19:
/home/ambushee/wil_project/thirdparty/ORB_SLAM3/Thirdparty/g2o/g2o/types/../core/base_vertex.h: In instantiation of ‘class g2o::BaseVertex<6, g2o::SE3Quat>’:
/home/ambushee/wil_project/thirdparty/ORB_SLAM3/Thirdparty/g2o/g2o/types/types_six_dof_expmap.h:59:33:   required from here
/home/ambushee/wil_project/thirdparty/ORB_SLAM3/Thirdparty/g2o/g2o/types/../core/base_vertex.h:62:72: warning: ‘Eigen::AlignedBit’ is deprecated [-Wdeprecated-declarations]
   62 |     typedef Eigen::Map<Matrix<double, D, D>, Matrix<double,D,D>::Flags & AlignedBit ? Aligned : Unaligned >  HessianBlockType;
      |                                                                  ~~~~~~^~~~~~~~~~~~
In file included from /usr/include/eigen3/Eigen/Core:161,
                 from /usr/include/eigen3/Eigen/Dense:1,
                 from /home/ambushee/wil_project/thirdparty/ORB_SLAM3/Thirdparty/Sophus/sophus/rotation_matrix.hpp:7,
                 from /home/ambushee/wil_project/thirdparty/ORB_SLAM3/Thirdparty/Sophus/sophus/so3.hpp:7,
                 from /home/ambushee/wil_project/thirdparty/ORB_SLAM3/Thirdparty/Sophus/sophus/se3.hpp:7,
                 from /home/ambushee/wil_project/thirdparty/ORB_SLAM3/include/CameraModels/GeometricCamera.h:35,
                 from /home/ambushee/wil_project/thirdparty/ORB_SLAM3/include/CameraModels/Pinhole.h:24,
                 from /home/ambushee/wil_project/thirdparty/ORB_SLAM3/src/CameraModels/Pinhole.cpp:19:
/usr/include/eigen3/Eigen/src/Core/util/Constants.h:167:37: note: declared here
  167 | EIGEN_DEPRECATED const unsigned int AlignedBit = 0x80;
      |                                     ^~~~~~~~~~
In file included from /home/ambushee/wil_project/thirdparty/ORB_SLAM3/Thirdparty/g2o/g2o/types/types_six_dof_expmap.h:38,
                 from /home/ambushee/wil_project/thirdparty/ORB_SLAM3/include/Converter.h:26,
                 from /home/ambushee/wil_project/thirdparty/ORB_SLAM3/include/CameraModels/GeometricCamera.h:39,
                 from /home/ambushee/wil_project/thirdparty/ORB_SLAM3/include/CameraModels/Pinhole.h:24,
                 from /home/ambushee/wil_project/thirdparty/ORB_SLAM3/src/CameraModels/Pinhole.cpp:19:
/home/ambushee/wil_project/thirdparty/ORB_SLAM3/Thirdparty/g2o/g2o/types/../core/base_binary_edge.h: In instantiation of ‘class g2o::BaseBinaryEdge<6, g2o::SE3Quat, g2o::VertexSE3Expmap, g2o::VertexSE3Expmap>’:
/home/ambushee/wil_project/thirdparty/ORB_SLAM3/Thirdparty/g2o/g2o/types/types_six_dof_expmap.h:83:24:   required from here
/home/ambushee/wil_project/thirdparty/ORB_SLAM3/Thirdparty/g2o/g2o/types/../core/base_binary_edge.h:59:80: warning: ‘Eigen::AlignedBit’ is deprecated [-Wdeprecated-declarations]
   59 |       typedef Eigen::Map<Matrix<double, Di, Dj>, Matrix<double, Di, Dj>::Flags & AlignedBit ? Aligned : Unaligned > HessianBlockType;
      |                                                                          ~~~~~~^~~~~~~~~~~~
In file included from /usr/include/eigen3/Eigen/Core:161,
                 from /usr/include/eigen3/Eigen/Dense:1,
                 from /home/ambushee/wil_project/thirdparty/ORB_SLAM3/Thirdparty/Sophus/sophus/rotation_matrix.hpp:7,
                 from /home/ambushee/wil_project/thirdparty/ORB_SLAM3/Thirdparty/Sophus/sophus/so3.hpp:7,
                 from /home/ambushee/wil_project/thirdparty/ORB_SLAM3/Thirdparty/Sophus/sophus/se3.hpp:7,
                 from /home/ambushee/wil_project/thirdparty/ORB_SLAM3/include/CameraModels/GeometricCamera.h:35,
                 from /home/ambushee/wil_project/thirdparty/ORB_SLAM3/include/CameraModels/Pinhole.h:24,
                 from /home/ambushee/wil_project/thirdparty/ORB_SLAM3/src/CameraModels/Pinhole.cpp:19:
/usr/include/eigen3/Eigen/src/Core/util/Constants.h:167:37: note: declared here
  167 | EIGEN_DEPRECATED const unsigned int AlignedBit = 0x80;
      |                                     ^~~~~~~~~~
In file included from /home/ambushee/wil_project/thirdparty/ORB_SLAM3/Thirdparty/g2o/g2o/types/types_six_dof_expmap.h:38,
                 from /home/ambushee/wil_project/thirdparty/ORB_SLAM3/include/Converter.h:26,
                 from /home/ambushee/wil_project/thirdparty/ORB_SLAM3/include/CameraModels/GeometricCamera.h:39,
                 from /home/ambushee/wil_project/thirdparty/ORB_SLAM3/include/CameraModels/Pinhole.h:24,
                 from /home/ambushee/wil_project/thirdparty/ORB_SLAM3/src/CameraModels/Pinhole.cpp:19:
/home/ambushee/wil_project/thirdparty/ORB_SLAM3/Thirdparty/g2o/g2o/types/../core/base_binary_edge.h:60:80: warning: ‘Eigen::AlignedBit’ is deprecated [-Wdeprecated-declarations]
   60 |       typedef Eigen::Map<Matrix<double, Dj, Di>, Matrix<double, Dj, Di>::Flags & AlignedBit ? Aligned : Unaligned > HessianBlockTransposedType;
      |                                                                          ~~~~~~^~~~~~~~~~~~
In file included from /usr/include/eigen3/Eigen/Core:161,
                 from /usr/include/eigen3/Eigen/Dense:1,
                 from /home/ambushee/wil_project/thirdparty/ORB_SLAM3/Thirdparty/Sophus/sophus/rotation_matrix.hpp:7,
                 from /home/ambushee/wil_project/thirdparty/ORB_SLAM3/Thirdparty/Sophus/sophus/so3.hpp:7,
                 from /home/ambushee/wil_project/thirdparty/ORB_SLAM3/Thirdparty/Sophus/sophus/se3.hpp:7,
                 from /home/ambushee/wil_project/thirdparty/ORB_SLAM3/include/CameraModels/GeometricCamera.h:35,
                 from /home/ambushee/wil_project/thirdparty/ORB_SLAM3/include/CameraModels/Pinhole.h:24,
                 from /home/ambushee/wil_project/thirdparty/ORB_SLAM3/src/CameraModels/Pinhole.cpp:19:
/usr/include/eigen3/Eigen/src/Core/util/Constants.h:167:37: note: declared here
  167 | EIGEN_DEPRECATED const unsigned int AlignedBit = 0x80;
      |                                     ^~~~~~~~~~
In file included from /home/ambushee/wil_project/thirdparty/ORB_SLAM3/Thirdparty/g2o/g2o/types/types_six_dof_expmap.h:38,
                 from /home/ambushee/wil_project/thirdparty/ORB_SLAM3/include/Converter.h:26,
                 from /home/ambushee/wil_project/thirdparty/ORB_SLAM3/include/CameraModels/GeometricCamera.h:39,
                 from /home/ambushee/wil_project/thirdparty/ORB_SLAM3/include/CameraModels/Pinhole.h:24,
                 from /home/ambushee/wil_project/thirdparty/ORB_SLAM3/src/CameraModels/Pinhole.cpp:19:
/home/ambushee/wil_project/thirdparty/ORB_SLAM3/Thirdparty/g2o/g2o/types/../core/base_binary_edge.h: In instantiation of ‘class g2o::BaseBinaryEdge<2, Eigen::Matrix<double, 2, 1>, g2o::VertexSBAPointXYZ, g2o::VertexSE3Expmap>’:
/home/ambushee/wil_project/thirdparty/ORB_SLAM3/Thirdparty/g2o/g2o/types/types_six_dof_expmap.h:114:35:   required from here
/home/ambushee/wil_project/thirdparty/ORB_SLAM3/Thirdparty/g2o/g2o/types/../core/base_binary_edge.h:59:80: warning: ‘Eigen::AlignedBit’ is deprecated [-Wdeprecated-declarations]
   59 |       typedef Eigen::Map<Matrix<double, Di, Dj>, Matrix<double, Di, Dj>::Flags & AlignedBit ? Aligned : Unaligned > HessianBlockType;
      |                                                                          ~~~~~~^~~~~~~~~~~~
In file included from /usr/include/eigen3/Eigen/Core:161,
                 from /usr/include/eigen3/Eigen/Dense:1,
                 from /home/ambushee/wil_project/thirdparty/ORB_SLAM3/Thirdparty/Sophus/sophus/rotation_matrix.hpp:7,
                 from /home/ambushee/wil_project/thirdparty/ORB_SLAM3/Thirdparty/Sophus/sophus/so3.hpp:7,
                 from /home/ambushee/wil_project/thirdparty/ORB_SLAM3/Thirdparty/Sophus/sophus/se3.hpp:7,
                 from /home/ambushee/wil_project/thirdparty/ORB_SLAM3/include/CameraModels/GeometricCamera.h:35,
                 from /home/ambushee/wil_project/thirdparty/ORB_SLAM3/include/CameraModels/Pinhole.h:24,
                 from /home/ambushee/wil_project/thirdparty/ORB_SLAM3/src/CameraModels/Pinhole.cpp:19:
/usr/include/eigen3/Eigen/src/Core/util/Constants.h:167:37: note: declared here
  167 | EIGEN_DEPRECATED const unsigned int AlignedBit = 0x80;
      |                                     ^~~~~~~~~~
In file included from /home/ambushee/wil_project/thirdparty/ORB_SLAM3/Thirdparty/g2o/g2o/types/types_six_dof_expmap.h:38,
                 from /home/ambushee/wil_project/thirdparty/ORB_SLAM3/include/Converter.h:26,
                 from /home/ambushee/wil_project/thirdparty/ORB_SLAM3/include/CameraModels/GeometricCamera.h:39,
                 from /home/ambushee/wil_project/thirdparty/ORB_SLAM3/include/CameraModels/Pinhole.h:24,
                 from /home/ambushee/wil_project/thirdparty/ORB_SLAM3/src/CameraModels/Pinhole.cpp:19:
/home/ambushee/wil_project/thirdparty/ORB_SLAM3/Thirdparty/g2o/g2o/types/../core/base_binary_edge.h:60:80: warning: ‘Eigen::AlignedBit’ is deprecated [-Wdeprecated-declarations]
   60 |       typedef Eigen::Map<Matrix<double, Dj, Di>, Matrix<double, Dj, Di>::Flags & AlignedBit ? Aligned : Unaligned > HessianBlockTransposedType;
      |                                                                          ~~~~~~^~~~~~~~~~~~
In file included from /usr/include/eigen3/Eigen/Core:161,
                 from /usr/include/eigen3/Eigen/Dense:1,
                 from /home/ambushee/wil_project/thirdparty/ORB_SLAM3/Thirdparty/Sophus/sophus/rotation_matrix.hpp:7,
                 from /home/ambushee/wil_project/thirdparty/ORB_SLAM3/Thirdparty/Sophus/sophus/so3.hpp:7,
                 from /home/ambushee/wil_project/thirdparty/ORB_SLAM3/Thirdparty/Sophus/sophus/se3.hpp:7,
                 from /home/ambushee/wil_project/thirdparty/ORB_SLAM3/include/CameraModels/GeometricCamera.h:35,
                 from /home/ambushee/wil_project/thirdparty/ORB_SLAM3/include/CameraModels/Pinhole.h:24,
                 from /home/ambushee/wil_project/thirdparty/ORB_SLAM3/src/CameraModels/Pinhole.cpp:19:
/usr/include/eigen3/Eigen/src/Core/util/Constants.h:167:37: note: declared here
  167 | EIGEN_DEPRECATED const unsigned int AlignedBit = 0x80;
      |                                     ^~~~~~~~~~
In file included from /home/ambushee/wil_project/thirdparty/ORB_SLAM3/Thirdparty/g2o/g2o/types/types_six_dof_expmap.h:38,
                 from /home/ambushee/wil_project/thirdparty/ORB_SLAM3/include/Converter.h:26,
                 from /home/ambushee/wil_project/thirdparty/ORB_SLAM3/include/CameraModels/GeometricCamera.h:39,
                 from /home/ambushee/wil_project/thirdparty/ORB_SLAM3/include/CameraModels/Pinhole.h:24,
                 from /home/ambushee/wil_project/thirdparty/ORB_SLAM3/src/CameraModels/Pinhole.cpp:19:
/home/ambushee/wil_project/thirdparty/ORB_SLAM3/Thirdparty/g2o/g2o/types/../core/base_binary_edge.h: In instantiation of ‘class g2o::BaseBinaryEdge<3, Eigen::Matrix<double, 3, 1>, g2o::VertexSBAPointXYZ, g2o::VertexSE3Expmap>’:
/home/ambushee/wil_project/thirdparty/ORB_SLAM3/Thirdparty/g2o/g2o/types/types_six_dof_expmap.h:146:41:   required from here
/home/ambushee/wil_project/thirdparty/ORB_SLAM3/Thirdparty/g2o/g2o/types/../core/base_binary_edge.h:59:80: warning: ‘Eigen::AlignedBit’ is deprecated [-Wdeprecated-declarations]
   59 |       typedef Eigen::Map<Matrix<double, Di, Dj>, Matrix<double, Di, Dj>::Flags & AlignedBit ? Aligned : Unaligned > HessianBlockType;
      |                                                                          ~~~~~~^~~~~~~~~~~~
In file included from /usr/include/eigen3/Eigen/Core:161,
                 from /usr/include/eigen3/Eigen/Dense:1,
                 from /home/ambushee/wil_project/thirdparty/ORB_SLAM3/Thirdparty/Sophus/sophus/rotation_matrix.hpp:7,
                 from /home/ambushee/wil_project/thirdparty/ORB_SLAM3/Thirdparty/Sophus/sophus/so3.hpp:7,
                 from /home/ambushee/wil_project/thirdparty/ORB_SLAM3/Thirdparty/Sophus/sophus/se3.hpp:7,
                 from /home/ambushee/wil_project/thirdparty/ORB_SLAM3/include/CameraModels/GeometricCamera.h:35,
                 from /home/ambushee/wil_project/thirdparty/ORB_SLAM3/include/CameraModels/Pinhole.h:24,
                 from /home/ambushee/wil_project/thirdparty/ORB_SLAM3/src/CameraModels/Pinhole.cpp:19:
/usr/include/eigen3/Eigen/src/Core/util/Constants.h:167:37: note: declared here
  167 | EIGEN_DEPRECATED const unsigned int AlignedBit = 0x80;
      |                                     ^~~~~~~~~~
In file included from /home/ambushee/wil_project/thirdparty/ORB_SLAM3/Thirdparty/g2o/g2o/types/types_six_dof_expmap.h:38,
                 from /home/ambushee/wil_project/thirdparty/ORB_SLAM3/include/Converter.h:26,
                 from /home/ambushee/wil_project/thirdparty/ORB_SLAM3/include/CameraModels/GeometricCamera.h:39,
                 from /home/ambushee/wil_project/thirdparty/ORB_SLAM3/include/CameraModels/Pinhole.h:24,
                 from /home/ambushee/wil_project/thirdparty/ORB_SLAM3/src/CameraModels/Pinhole.cpp:19:
/home/ambushee/wil_project/thirdparty/ORB_SLAM3/Thirdparty/g2o/g2o/types/../core/base_binary_edge.h:60:80: warning: ‘Eigen::AlignedBit’ is deprecated [-Wdeprecated-declarations]
   60 |       typedef Eigen::Map<Matrix<double, Dj, Di>, Matrix<double, Dj, Di>::Flags & AlignedBit ? Aligned : Unaligned > HessianBlockTransposedType;
      |                                                                          ~~~~~~^~~~~~~~~~~~
In file included from /usr/include/eigen3/Eigen/Core:161,
                 from /usr/include/eigen3/Eigen/Dense:1,
                 from /home/ambushee/wil_project/thirdparty/ORB_SLAM3/Thirdparty/Sophus/sophus/rotation_matrix.hpp:7,
                 from /home/ambushee/wil_project/thirdparty/ORB_SLAM3/Thirdparty/Sophus/sophus/so3.hpp:7,
                 from /home/ambushee/wil_project/thirdparty/ORB_SLAM3/Thirdparty/Sophus/sophus/se3.hpp:7,
                 from /home/ambushee/wil_project/thirdparty/ORB_SLAM3/include/CameraModels/GeometricCamera.h:35,
                 from /home/ambushee/wil_project/thirdparty/ORB_SLAM3/include/CameraModels/Pinhole.h:24,
                 from /home/ambushee/wil_project/thirdparty/ORB_SLAM3/src/CameraModels/Pinhole.cpp:19:
/usr/include/eigen3/Eigen/src/Core/util/Constants.h:167:37: note: declared here
  167 | EIGEN_DEPRECATED const unsigned int AlignedBit = 0x80;
      |                                     ^~~~~~~~~~
In file included from /home/ambushee/wil_project/thirdparty/ORB_SLAM3/include/G2oTypes.h:22,
                 from /home/ambushee/wil_project/thirdparty/ORB_SLAM3/src/G2oTypes.cc:19:
/home/ambushee/wil_project/thirdparty/ORB_SLAM3/Thirdparty/g2o/g2o/core/base_vertex.h: In instantiation of ‘class g2o::BaseVertex<6, ORB_SLAM3::ImuCamPose>’:
/home/ambushee/wil_project/thirdparty/ORB_SLAM3/include/G2oTypes.h:130:32:   required from here
/home/ambushee/wil_project/thirdparty/ORB_SLAM3/Thirdparty/g2o/g2o/core/base_vertex.h:62:72: warning: ‘Eigen::AlignedBit’ is deprecated [-Wdeprecated-declarations]
   62 |     typedef Eigen::Map<Matrix<double, D, D>, Matrix<double,D,D>::Flags & AlignedBit ? Aligned : Unaligned >  HessianBlockType;
      |                                                                  ~~~~~~^~~~~~~~~~~~
In file included from /usr/include/eigen3/Eigen/Core:161,
                 from /home/ambushee/wil_project/thirdparty/ORB_SLAM3/Thirdparty/g2o/g2o/core/jacobian_workspace.h:30,
                 from /home/ambushee/wil_project/thirdparty/ORB_SLAM3/Thirdparty/g2o/g2o/core/optimizable_graph.h:41,
                 from /home/ambushee/wil_project/thirdparty/ORB_SLAM3/Thirdparty/g2o/g2o/core/base_vertex.h:30,
                 from /home/ambushee/wil_project/thirdparty/ORB_SLAM3/include/G2oTypes.h:22,
                 from /home/ambushee/wil_project/thirdparty/ORB_SLAM3/src/G2oTypes.cc:19:
/usr/include/eigen3/Eigen/src/Core/util/Constants.h:167:37: note: declared here
  167 | EIGEN_DEPRECATED const unsigned int AlignedBit = 0x80;
      |                                     ^~~~~~~~~~
In file included from /home/ambushee/wil_project/thirdparty/ORB_SLAM3/include/G2oTypes.h:22,
                 from /home/ambushee/wil_project/thirdparty/ORB_SLAM3/src/G2oTypes.cc:19:
/home/ambushee/wil_project/thirdparty/ORB_SLAM3/Thirdparty/g2o/g2o/core/base_vertex.h: In instantiation of ‘class g2o::BaseVertex<4, ORB_SLAM3::ImuCamPose>’:
/home/ambushee/wil_project/thirdparty/ORB_SLAM3/include/G2oTypes.h:155:36:   required from here
/home/ambushee/wil_project/thirdparty/ORB_SLAM3/Thirdparty/g2o/g2o/core/base_vertex.h:62:72: warning: ‘Eigen::AlignedBit’ is deprecated [-Wdeprecated-declarations]
   62 |     typedef Eigen::Map<Matrix<double, D, D>, Matrix<double,D,D>::Flags & AlignedBit ? Aligned : Unaligned >  HessianBlockType;
      |                                                                  ~~~~~~^~~~~~~~~~~~
In file included from /usr/include/eigen3/Eigen/Core:161,
                 from /home/ambushee/wil_project/thirdparty/ORB_SLAM3/Thirdparty/g2o/g2o/core/jacobian_workspace.h:30,
                 from /home/ambushee/wil_project/thirdparty/ORB_SLAM3/Thirdparty/g2o/g2o/core/optimizable_graph.h:41,
                 from /home/ambushee/wil_project/thirdparty/ORB_SLAM3/Thirdparty/g2o/g2o/core/base_vertex.h:30,
                 from /home/ambushee/wil_project/thirdparty/ORB_SLAM3/include/G2oTypes.h:22,
                 from /home/ambushee/wil_project/thirdparty/ORB_SLAM3/src/G2oTypes.cc:19:
/usr/include/eigen3/Eigen/src/Core/util/Constants.h:167:37: note: declared here
  167 | EIGEN_DEPRECATED const unsigned int AlignedBit = 0x80;
      |                                     ^~~~~~~~~~
In file included from /home/ambushee/wil_project/thirdparty/ORB_SLAM3/include/G2oTypes.h:22,
                 from /home/ambushee/wil_project/thirdparty/ORB_SLAM3/src/G2oTypes.cc:19:
/home/ambushee/wil_project/thirdparty/ORB_SLAM3/Thirdparty/g2o/g2o/core/base_vertex.h: In instantiation of ‘class g2o::BaseVertex<2, ORB_SLAM3::GDirection>’:
/home/ambushee/wil_project/thirdparty/ORB_SLAM3/include/G2oTypes.h:274:32:   required from here
/home/ambushee/wil_project/thirdparty/ORB_SLAM3/Thirdparty/g2o/g2o/core/base_vertex.h:62:72: warning: ‘Eigen::AlignedBit’ is deprecated [-Wdeprecated-declarations]
   62 |     typedef Eigen::Map<Matrix<double, D, D>, Matrix<double,D,D>::Flags & AlignedBit ? Aligned : Unaligned >  HessianBlockType;
      |                                                                  ~~~~~~^~~~~~~~~~~~
In file included from /usr/include/eigen3/Eigen/Core:161,
                 from /home/ambushee/wil_project/thirdparty/ORB_SLAM3/Thirdparty/g2o/g2o/core/jacobian_workspace.h:30,
                 from /home/ambushee/wil_project/thirdparty/ORB_SLAM3/Thirdparty/g2o/g2o/core/optimizable_graph.h:41,
                 from /home/ambushee/wil_project/thirdparty/ORB_SLAM3/Thirdparty/g2o/g2o/core/base_vertex.h:30,
                 from /home/ambushee/wil_project/thirdparty/ORB_SLAM3/include/G2oTypes.h:22,
                 from /home/ambushee/wil_project/thirdparty/ORB_SLAM3/src/G2oTypes.cc:19:
/usr/include/eigen3/Eigen/src/Core/util/Constants.h:167:37: note: declared here
  167 | EIGEN_DEPRECATED const unsigned int AlignedBit = 0x80;
      |                                     ^~~~~~~~~~
In file included from /home/ambushee/wil_project/thirdparty/ORB_SLAM3/include/G2oTypes.h:22,
                 from /home/ambushee/wil_project/thirdparty/ORB_SLAM3/src/G2oTypes.cc:19:
/home/ambushee/wil_project/thirdparty/ORB_SLAM3/Thirdparty/g2o/g2o/core/base_vertex.h: In instantiation of ‘class g2o::BaseVertex<1, double>’:
/home/ambushee/wil_project/thirdparty/ORB_SLAM3/include/G2oTypes.h:296:33:   required from here
/home/ambushee/wil_project/thirdparty/ORB_SLAM3/Thirdparty/g2o/g2o/core/base_vertex.h:62:72: warning: ‘Eigen::AlignedBit’ is deprecated [-Wdeprecated-declarations]
   62 |     typedef Eigen::Map<Matrix<double, D, D>, Matrix<double,D,D>::Flags & AlignedBit ? Aligned : Unaligned >  HessianBlockType;
      |                                                                  ~~~~~~^~~~~~~~~~~~
In file included from /usr/include/eigen3/Eigen/Core:161,
                 from /home/ambushee/wil_project/thirdparty/ORB_SLAM3/Thirdparty/g2o/g2o/core/jacobian_workspace.h:30,
                 from /home/ambushee/wil_project/thirdparty/ORB_SLAM3/Thirdparty/g2o/g2o/core/optimizable_graph.h:41,
                 from /home/ambushee/wil_project/thirdparty/ORB_SLAM3/Thirdparty/g2o/g2o/core/base_vertex.h:30,
                 from /home/ambushee/wil_project/thirdparty/ORB_SLAM3/include/G2oTypes.h:22,
                 from /home/ambushee/wil_project/thirdparty/ORB_SLAM3/src/G2oTypes.cc:19:
/usr/include/eigen3/Eigen/src/Core/util/Constants.h:167:37: note: declared here
  167 | EIGEN_DEPRECATED const unsigned int AlignedBit = 0x80;
      |                                     ^~~~~~~~~~
In file included from /home/ambushee/wil_project/thirdparty/ORB_SLAM3/include/G2oTypes.h:22,
                 from /home/ambushee/wil_project/thirdparty/ORB_SLAM3/src/G2oTypes.cc:19:
/home/ambushee/wil_project/thirdparty/ORB_SLAM3/Thirdparty/g2o/g2o/core/base_vertex.h: In instantiation of ‘class g2o::BaseVertex<1, ORB_SLAM3::InvDepthPoint>’:
/home/ambushee/wil_project/thirdparty/ORB_SLAM3/include/G2oTypes.h:321:36:   required from here
/home/ambushee/wil_project/thirdparty/ORB_SLAM3/Thirdparty/g2o/g2o/core/base_vertex.h:62:72: warning: ‘Eigen::AlignedBit’ is deprecated [-Wdeprecated-declarations]
   62 |     typedef Eigen::Map<Matrix<double, D, D>, Matrix<double,D,D>::Flags & AlignedBit ? Aligned : Unaligned >  HessianBlockType;
      |                                                                  ~~~~~~^~~~~~~~~~~~
In file included from /usr/include/eigen3/Eigen/Core:161,
                 from /home/ambushee/wil_project/thirdparty/ORB_SLAM3/Thirdparty/g2o/g2o/core/jacobian_workspace.h:30,
                 from /home/ambushee/wil_project/thirdparty/ORB_SLAM3/Thirdparty/g2o/g2o/core/optimizable_graph.h:41,
                 from /home/ambushee/wil_project/thirdparty/ORB_SLAM3/Thirdparty/g2o/g2o/core/base_vertex.h:30,
                 from /home/ambushee/wil_project/thirdparty/ORB_SLAM3/include/G2oTypes.h:22,
                 from /home/ambushee/wil_project/thirdparty/ORB_SLAM3/src/G2oTypes.cc:19:
/usr/include/eigen3/Eigen/src/Core/util/Constants.h:167:37: note: declared here
  167 | EIGEN_DEPRECATED const unsigned int AlignedBit = 0x80;
      |                                     ^~~~~~~~~~
In file included from /home/ambushee/wil_project/thirdparty/ORB_SLAM3/include/G2oTypes.h:23,
                 from /home/ambushee/wil_project/thirdparty/ORB_SLAM3/src/G2oTypes.cc:19:
/home/ambushee/wil_project/thirdparty/ORB_SLAM3/Thirdparty/g2o/g2o/core/base_binary_edge.h: In instantiation of ‘class g2o::BaseBinaryEdge<2, Eigen::Matrix<double, 2, 1>, g2o::VertexSBAPointXYZ, ORB_SLAM3::VertexPose>’:
/home/ambushee/wil_project/thirdparty/ORB_SLAM3/include/G2oTypes.h:342:30:   required from here
/home/ambushee/wil_project/thirdparty/ORB_SLAM3/Thirdparty/g2o/g2o/core/base_binary_edge.h:59:80: warning: ‘Eigen::AlignedBit’ is deprecated [-Wdeprecated-declarations]
   59 |       typedef Eigen::Map<Matrix<double, Di, Dj>, Matrix<double, Di, Dj>::Flags & AlignedBit ? Aligned : Unaligned > HessianBlockType;
      |                                                                          ~~~~~~^~~~~~~~~~~~
In file included from /usr/include/eigen3/Eigen/Core:161,
                 from /home/ambushee/wil_project/thirdparty/ORB_SLAM3/Thirdparty/g2o/g2o/core/jacobian_workspace.h:30,
                 from /home/ambushee/wil_project/thirdparty/ORB_SLAM3/Thirdparty/g2o/g2o/core/optimizable_graph.h:41,
                 from /home/ambushee/wil_project/thirdparty/ORB_SLAM3/Thirdparty/g2o/g2o/core/base_vertex.h:30,
                 from /home/ambushee/wil_project/thirdparty/ORB_SLAM3/include/G2oTypes.h:22,
                 from /home/ambushee/wil_project/thirdparty/ORB_SLAM3/src/G2oTypes.cc:19:
/usr/include/eigen3/Eigen/src/Core/util/Constants.h:167:37: note: declared here
  167 | EIGEN_DEPRECATED const unsigned int AlignedBit = 0x80;
      |                                     ^~~~~~~~~~
In file included from /home/ambushee/wil_project/thirdparty/ORB_SLAM3/include/G2oTypes.h:23,
                 from /home/ambushee/wil_project/thirdparty/ORB_SLAM3/src/G2oTypes.cc:19:
/home/ambushee/wil_project/thirdparty/ORB_SLAM3/Thirdparty/g2o/g2o/core/base_binary_edge.h:60:80: warning: ‘Eigen::AlignedBit’ is deprecated [-Wdeprecated-declarations]
   60 |       typedef Eigen::Map<Matrix<double, Dj, Di>, Matrix<double, Dj, Di>::Flags & AlignedBit ? Aligned : Unaligned > HessianBlockTransposedType;
      |                                                                          ~~~~~~^~~~~~~~~~~~
In file included from /usr/include/eigen3/Eigen/Core:161,
                 from /home/ambushee/wil_project/thirdparty/ORB_SLAM3/Thirdparty/g2o/g2o/core/jacobian_workspace.h:30,
                 from /home/ambushee/wil_project/thirdparty/ORB_SLAM3/Thirdparty/g2o/g2o/core/optimizable_graph.h:41,
                 from /home/ambushee/wil_project/thirdparty/ORB_SLAM3/Thirdparty/g2o/g2o/core/base_vertex.h:30,
                 from /home/ambushee/wil_project/thirdparty/ORB_SLAM3/include/G2oTypes.h:22,
                 from /home/ambushee/wil_project/thirdparty/ORB_SLAM3/src/G2oTypes.cc:19:
/usr/include/eigen3/Eigen/src/Core/util/Constants.h:167:37: note: declared here
  167 | EIGEN_DEPRECATED const unsigned int AlignedBit = 0x80;
      |                                     ^~~~~~~~~~
In file included from /home/ambushee/wil_project/thirdparty/ORB_SLAM3/Thirdparty/g2o/g2o/types/types_six_dof_expmap.h:37,
                 from /home/ambushee/wil_project/thirdparty/ORB_SLAM3/include/Converter.h:26,
                 from /home/ambushee/wil_project/thirdparty/ORB_SLAM3/include/CameraModels/GeometricCamera.h:39,
                 from /home/ambushee/wil_project/thirdparty/ORB_SLAM3/include/CameraModels/Pinhole.h:24,
                 from /home/ambushee/wil_project/thirdparty/ORB_SLAM3/src/CameraModels/Pinhole.cpp:19:
/home/ambushee/wil_project/thirdparty/ORB_SLAM3/Thirdparty/g2o/g2o/types/../core/base_vertex.h: In instantiation of ‘class g2o::BaseVertex<7, g2o::Sim3>’:
/home/ambushee/wil_project/thirdparty/ORB_SLAM3/Thirdparty/g2o/g2o/types/types_seven_dof_expmap.h:48:35:   required from here
/home/ambushee/wil_project/thirdparty/ORB_SLAM3/Thirdparty/g2o/g2o/types/../core/base_vertex.h:62:72: warning: ‘Eigen::AlignedBit’ is deprecated [-Wdeprecated-declarations]
   62 |     typedef Eigen::Map<Matrix<double, D, D>, Matrix<double,D,D>::Flags & AlignedBit ? Aligned : Unaligned >  HessianBlockType;
      |                                                                  ~~~~~~^~~~~~~~~~~~
In file included from /usr/include/eigen3/Eigen/Core:161,
                 from /usr/include/eigen3/Eigen/Dense:1,
                 from /home/ambushee/wil_project/thirdparty/ORB_SLAM3/Thirdparty/Sophus/sophus/rotation_matrix.hpp:7,
                 from /home/ambushee/wil_project/thirdparty/ORB_SLAM3/Thirdparty/Sophus/sophus/so3.hpp:7,
                 from /home/ambushee/wil_project/thirdparty/ORB_SLAM3/Thirdparty/Sophus/sophus/se3.hpp:7,
                 from /home/ambushee/wil_project/thirdparty/ORB_SLAM3/include/CameraModels/GeometricCamera.h:35,
                 from /home/ambushee/wil_project/thirdparty/ORB_SLAM3/include/CameraModels/Pinhole.h:24,
                 from /home/ambushee/wil_project/thirdparty/ORB_SLAM3/src/CameraModels/Pinhole.cpp:19:
/usr/include/eigen3/Eigen/src/Core/util/Constants.h:167:37: note: declared here
  167 | EIGEN_DEPRECATED const unsigned int AlignedBit = 0x80;
      |                                     ^~~~~~~~~~
In file included from /home/ambushee/wil_project/thirdparty/ORB_SLAM3/Thirdparty/g2o/g2o/types/types_six_dof_expmap.h:38,
                 from /home/ambushee/wil_project/thirdparty/ORB_SLAM3/include/Converter.h:26,
                 from /home/ambushee/wil_project/thirdparty/ORB_SLAM3/include/CameraModels/GeometricCamera.h:39,
                 from /home/ambushee/wil_project/thirdparty/ORB_SLAM3/include/CameraModels/Pinhole.h:24,
                 from /home/ambushee/wil_project/thirdparty/ORB_SLAM3/src/CameraModels/Pinhole.cpp:19:
/home/ambushee/wil_project/thirdparty/ORB_SLAM3/Thirdparty/g2o/g2o/types/../core/base_binary_edge.h: In instantiation of ‘class g2o::BaseBinaryEdge<7, g2o::Sim3, g2o::VertexSim3Expmap, g2o::VertexSim3Expmap>’:
/home/ambushee/wil_project/thirdparty/ORB_SLAM3/Thirdparty/g2o/g2o/types/types_seven_dof_expmap.h:99:27:   required from here
/home/ambushee/wil_project/thirdparty/ORB_SLAM3/Thirdparty/g2o/g2o/types/../core/base_binary_edge.h:59:80: warning: ‘Eigen::AlignedBit’ is deprecated [-Wdeprecated-declarations]
   59 |       typedef Eigen::Map<Matrix<double, Di, Dj>, Matrix<double, Di, Dj>::Flags & AlignedBit ? Aligned : Unaligned > HessianBlockType;
      |                                                                          ~~~~~~^~~~~~~~~~~~
In file included from /usr/include/eigen3/Eigen/Core:161,
                 from /usr/include/eigen3/Eigen/Dense:1,
                 from /home/ambushee/wil_project/thirdparty/ORB_SLAM3/Thirdparty/Sophus/sophus/rotation_matrix.hpp:7,
                 from /home/ambushee/wil_project/thirdparty/ORB_SLAM3/Thirdparty/Sophus/sophus/so3.hpp:7,
                 from /home/ambushee/wil_project/thirdparty/ORB_SLAM3/Thirdparty/Sophus/sophus/se3.hpp:7,
                 from /home/ambushee/wil_project/thirdparty/ORB_SLAM3/include/CameraModels/GeometricCamera.h:35,
                 from /home/ambushee/wil_project/thirdparty/ORB_SLAM3/include/CameraModels/Pinhole.h:24,
                 from /home/ambushee/wil_project/thirdparty/ORB_SLAM3/src/CameraModels/Pinhole.cpp:19:
/usr/include/eigen3/Eigen/src/Core/util/Constants.h:167:37: note: declared here
  167 | EIGEN_DEPRECATED const unsigned int AlignedBit = 0x80;
      |                                     ^~~~~~~~~~
In file included from /home/ambushee/wil_project/thirdparty/ORB_SLAM3/Thirdparty/g2o/g2o/types/types_six_dof_expmap.h:38,
                 from /home/ambushee/wil_project/thirdparty/ORB_SLAM3/include/Converter.h:26,
                 from /home/ambushee/wil_project/thirdparty/ORB_SLAM3/include/CameraModels/GeometricCamera.h:39,
                 from /home/ambushee/wil_project/thirdparty/ORB_SLAM3/include/CameraModels/Pinhole.h:24,
                 from /home/ambushee/wil_project/thirdparty/ORB_SLAM3/src/CameraModels/Pinhole.cpp:19:
/home/ambushee/wil_project/thirdparty/ORB_SLAM3/Thirdparty/g2o/g2o/types/../core/base_binary_edge.h:60:80: warning: ‘Eigen::AlignedBit’ is deprecated [-Wdeprecated-declarations]
   60 |       typedef Eigen::Map<Matrix<double, Dj, Di>, Matrix<double, Dj, Di>::Flags & AlignedBit ? Aligned : Unaligned > HessianBlockTransposedType;
      |                                                                          ~~~~~~^~~~~~~~~~~~
In file included from /usr/include/eigen3/Eigen/Core:161,
                 from /usr/include/eigen3/Eigen/Dense:1,
                 from /home/ambushee/wil_project/thirdparty/ORB_SLAM3/Thirdparty/Sophus/sophus/rotation_matrix.hpp:7,
                 from /home/ambushee/wil_project/thirdparty/ORB_SLAM3/Thirdparty/Sophus/sophus/so3.hpp:7,
                 from /home/ambushee/wil_project/thirdparty/ORB_SLAM3/Thirdparty/Sophus/sophus/se3.hpp:7,
                 from /home/ambushee/wil_project/thirdparty/ORB_SLAM3/include/CameraModels/GeometricCamera.h:35,
                 from /home/ambushee/wil_project/thirdparty/ORB_SLAM3/include/CameraModels/Pinhole.h:24,
                 from /home/ambushee/wil_project/thirdparty/ORB_SLAM3/src/CameraModels/Pinhole.cpp:19:
/usr/include/eigen3/Eigen/src/Core/util/Constants.h:167:37: note: declared here
  167 | EIGEN_DEPRECATED const unsigned int AlignedBit = 0x80;
      |                                     ^~~~~~~~~~
In file included from /home/ambushee/wil_project/thirdparty/ORB_SLAM3/Thirdparty/g2o/g2o/types/types_six_dof_expmap.h:38,
                 from /home/ambushee/wil_project/thirdparty/ORB_SLAM3/include/Converter.h:26,
                 from /home/ambushee/wil_project/thirdparty/ORB_SLAM3/include/CameraModels/GeometricCamera.h:39,
                 from /home/ambushee/wil_project/thirdparty/ORB_SLAM3/include/CameraModels/Pinhole.h:24,
                 from /home/ambushee/wil_project/thirdparty/ORB_SLAM3/src/CameraModels/Pinhole.cpp:19:
/home/ambushee/wil_project/thirdparty/ORB_SLAM3/Thirdparty/g2o/g2o/types/../core/base_binary_edge.h: In instantiation of ‘class g2o::BaseBinaryEdge<2, Eigen::Matrix<double, 2, 1>, g2o::VertexSBAPointXYZ, g2o::VertexSim3Expmap>’:
/home/ambushee/wil_project/thirdparty/ORB_SLAM3/Thirdparty/g2o/g2o/types/types_seven_dof_expmap.h:130:36:   required from here
/home/ambushee/wil_project/thirdparty/ORB_SLAM3/Thirdparty/g2o/g2o/types/../core/base_binary_edge.h:59:80: warning: ‘Eigen::AlignedBit’ is deprecated [-Wdeprecated-declarations]
   59 |       typedef Eigen::Map<Matrix<double, Di, Dj>, Matrix<double, Di, Dj>::Flags & AlignedBit ? Aligned : Unaligned > HessianBlockType;
      |                                                                          ~~~~~~^~~~~~~~~~~~
In file included from /usr/include/eigen3/Eigen/Core:161,
                 from /usr/include/eigen3/Eigen/Dense:1,
                 from /home/ambushee/wil_project/thirdparty/ORB_SLAM3/Thirdparty/Sophus/sophus/rotation_matrix.hpp:7,
                 from /home/ambushee/wil_project/thirdparty/ORB_SLAM3/Thirdparty/Sophus/sophus/so3.hpp:7,
                 from /home/ambushee/wil_project/thirdparty/ORB_SLAM3/Thirdparty/Sophus/sophus/se3.hpp:7,
                 from /home/ambushee/wil_project/thirdparty/ORB_SLAM3/include/CameraModels/GeometricCamera.h:35,
                 from /home/ambushee/wil_project/thirdparty/ORB_SLAM3/include/CameraModels/Pinhole.h:24,
                 from /home/ambushee/wil_project/thirdparty/ORB_SLAM3/src/CameraModels/Pinhole.cpp:19:
/usr/include/eigen3/Eigen/src/Core/util/Constants.h:167:37: note: declared here
  167 | EIGEN_DEPRECATED const unsigned int AlignedBit = 0x80;
      |                                     ^~~~~~~~~~
In file included from /home/ambushee/wil_project/thirdparty/ORB_SLAM3/Thirdparty/g2o/g2o/types/types_six_dof_expmap.h:38,
                 from /home/ambushee/wil_project/thirdparty/ORB_SLAM3/include/Converter.h:26,
                 from /home/ambushee/wil_project/thirdparty/ORB_SLAM3/include/CameraModels/GeometricCamera.h:39,
                 from /home/ambushee/wil_project/thirdparty/ORB_SLAM3/include/CameraModels/Pinhole.h:24,
                 from /home/ambushee/wil_project/thirdparty/ORB_SLAM3/src/CameraModels/Pinhole.cpp:19:
/home/ambushee/wil_project/thirdparty/ORB_SLAM3/Thirdparty/g2o/g2o/types/../core/base_binary_edge.h:60:80: warning: ‘Eigen::AlignedBit’ is deprecated [-Wdeprecated-declarations]
   60 |       typedef Eigen::Map<Matrix<double, Dj, Di>, Matrix<double, Dj, Di>::Flags & AlignedBit ? Aligned : Unaligned > HessianBlockTransposedType;
      |                                                                          ~~~~~~^~~~~~~~~~~~
In file included from /usr/include/eigen3/Eigen/Core:161,
                 from /usr/include/eigen3/Eigen/Dense:1,
                 from /home/ambushee/wil_project/thirdparty/ORB_SLAM3/Thirdparty/Sophus/sophus/rotation_matrix.hpp:7,
                 from /home/ambushee/wil_project/thirdparty/ORB_SLAM3/Thirdparty/Sophus/sophus/so3.hpp:7,
                 from /home/ambushee/wil_project/thirdparty/ORB_SLAM3/Thirdparty/Sophus/sophus/se3.hpp:7,
                 from /home/ambushee/wil_project/thirdparty/ORB_SLAM3/include/CameraModels/GeometricCamera.h:35,
                 from /home/ambushee/wil_project/thirdparty/ORB_SLAM3/include/CameraModels/Pinhole.h:24,
                 from /home/ambushee/wil_project/thirdparty/ORB_SLAM3/src/CameraModels/Pinhole.cpp:19:
/usr/include/eigen3/Eigen/src/Core/util/Constants.h:167:37: note: declared here
  167 | EIGEN_DEPRECATED const unsigned int AlignedBit = 0x80;
      |                                     ^~~~~~~~~~
In file included from /home/ambushee/wil_project/thirdparty/ORB_SLAM3/include/G2oTypes.h:23,
                 from /home/ambushee/wil_project/thirdparty/ORB_SLAM3/src/G2oTypes.cc:19:
/home/ambushee/wil_project/thirdparty/ORB_SLAM3/Thirdparty/g2o/g2o/core/base_binary_edge.h: In instantiation of ‘class g2o::BaseBinaryEdge<3, Eigen::Matrix<double, 3, 1>, g2o::VertexSBAPointXYZ, ORB_SLAM3::VertexPose>’:
/home/ambushee/wil_project/thirdparty/ORB_SLAM3/include/G2oTypes.h:425:32:   required from here
/home/ambushee/wil_project/thirdparty/ORB_SLAM3/Thirdparty/g2o/g2o/core/base_binary_edge.h:59:80: warning: ‘Eigen::AlignedBit’ is deprecated [-Wdeprecated-declarations]
   59 |       typedef Eigen::Map<Matrix<double, Di, Dj>, Matrix<double, Di, Dj>::Flags & AlignedBit ? Aligned : Unaligned > HessianBlockType;
      |                                                                          ~~~~~~^~~~~~~~~~~~
In file included from /usr/include/eigen3/Eigen/Core:161,
                 from /home/ambushee/wil_project/thirdparty/ORB_SLAM3/Thirdparty/g2o/g2o/core/jacobian_workspace.h:30,
                 from /home/ambushee/wil_project/thirdparty/ORB_SLAM3/Thirdparty/g2o/g2o/core/optimizable_graph.h:41,
                 from /home/ambushee/wil_project/thirdparty/ORB_SLAM3/Thirdparty/g2o/g2o/core/base_vertex.h:30,
                 from /home/ambushee/wil_project/thirdparty/ORB_SLAM3/include/G2oTypes.h:22,
                 from /home/ambushee/wil_project/thirdparty/ORB_SLAM3/src/G2oTypes.cc:19:
/usr/include/eigen3/Eigen/src/Core/util/Constants.h:167:37: note: declared here
  167 | EIGEN_DEPRECATED const unsigned int AlignedBit = 0x80;
      |                                     ^~~~~~~~~~
In file included from /home/ambushee/wil_project/thirdparty/ORB_SLAM3/include/G2oTypes.h:23,
                 from /home/ambushee/wil_project/thirdparty/ORB_SLAM3/src/G2oTypes.cc:19:
/home/ambushee/wil_project/thirdparty/ORB_SLAM3/Thirdparty/g2o/g2o/core/base_binary_edge.h:60:80: warning: ‘Eigen::AlignedBit’ is deprecated [-Wdeprecated-declarations]
   60 |       typedef Eigen::Map<Matrix<double, Dj, Di>, Matrix<double, Dj, Di>::Flags & AlignedBit ? Aligned : Unaligned > HessianBlockTransposedType;
      |                                                                          ~~~~~~^~~~~~~~~~~~
In file included from /usr/include/eigen3/Eigen/Core:161,
                 from /home/ambushee/wil_project/thirdparty/ORB_SLAM3/Thirdparty/g2o/g2o/core/jacobian_workspace.h:30,
                 from /home/ambushee/wil_project/thirdparty/ORB_SLAM3/Thirdparty/g2o/g2o/core/optimizable_graph.h:41,
                 from /home/ambushee/wil_project/thirdparty/ORB_SLAM3/Thirdparty/g2o/g2o/core/base_vertex.h:30,
                 from /home/ambushee/wil_project/thirdparty/ORB_SLAM3/include/G2oTypes.h:22,
                 from /home/ambushee/wil_project/thirdparty/ORB_SLAM3/src/G2oTypes.cc:19:
/usr/include/eigen3/Eigen/src/Core/util/Constants.h:167:37: note: declared here
  167 | EIGEN_DEPRECATED const unsigned int AlignedBit = 0x80;
      |                                     ^~~~~~~~~~
In file included from /home/ambushee/wil_project/thirdparty/ORB_SLAM3/include/G2oTypes.h:23,
                 from /home/ambushee/wil_project/thirdparty/ORB_SLAM3/src/G2oTypes.cc:19:
/home/ambushee/wil_project/thirdparty/ORB_SLAM3/Thirdparty/g2o/g2o/core/base_binary_edge.h: In instantiation of ‘class g2o::BaseBinaryEdge<3, Eigen::Matrix<double, 3, 1>, ORB_SLAM3::VertexGyroBias, ORB_SLAM3::VertexGyroBias>’:
/home/ambushee/wil_project/thirdparty/ORB_SLAM3/include/G2oTypes.h:635:32:   required from here
/home/ambushee/wil_project/thirdparty/ORB_SLAM3/Thirdparty/g2o/g2o/core/base_binary_edge.h:59:80: warning: ‘Eigen::AlignedBit’ is deprecated [-Wdeprecated-declarations]
   59 |       typedef Eigen::Map<Matrix<double, Di, Dj>, Matrix<double, Di, Dj>::Flags & AlignedBit ? Aligned : Unaligned > HessianBlockType;
      |                                                                          ~~~~~~^~~~~~~~~~~~
In file included from /usr/include/eigen3/Eigen/Core:161,
                 from /home/ambushee/wil_project/thirdparty/ORB_SLAM3/Thirdparty/g2o/g2o/core/jacobian_workspace.h:30,
                 from /home/ambushee/wil_project/thirdparty/ORB_SLAM3/Thirdparty/g2o/g2o/core/optimizable_graph.h:41,
                 from /home/ambushee/wil_project/thirdparty/ORB_SLAM3/Thirdparty/g2o/g2o/core/base_vertex.h:30,
                 from /home/ambushee/wil_project/thirdparty/ORB_SLAM3/include/G2oTypes.h:22,
                 from /home/ambushee/wil_project/thirdparty/ORB_SLAM3/src/G2oTypes.cc:19:
/usr/include/eigen3/Eigen/src/Core/util/Constants.h:167:37: note: declared here
  167 | EIGEN_DEPRECATED const unsigned int AlignedBit = 0x80;
      |                                     ^~~~~~~~~~
In file included from /home/ambushee/wil_project/thirdparty/ORB_SLAM3/include/G2oTypes.h:23,
                 from /home/ambushee/wil_project/thirdparty/ORB_SLAM3/src/G2oTypes.cc:19:
/home/ambushee/wil_project/thirdparty/ORB_SLAM3/Thirdparty/g2o/g2o/core/base_binary_edge.h:60:80: warning: ‘Eigen::AlignedBit’ is deprecated [-Wdeprecated-declarations]
   60 |       typedef Eigen::Map<Matrix<double, Dj, Di>, Matrix<double, Dj, Di>::Flags & AlignedBit ? Aligned : Unaligned > HessianBlockTransposedType;
      |                                                                          ~~~~~~^~~~~~~~~~~~
In file included from /usr/include/eigen3/Eigen/Core:161,
                 from /home/ambushee/wil_project/thirdparty/ORB_SLAM3/Thirdparty/g2o/g2o/core/jacobian_workspace.h:30,
                 from /home/ambushee/wil_project/thirdparty/ORB_SLAM3/Thirdparty/g2o/g2o/core/optimizable_graph.h:41,
                 from /home/ambushee/wil_project/thirdparty/ORB_SLAM3/Thirdparty/g2o/g2o/core/base_vertex.h:30,
                 from /home/ambushee/wil_project/thirdparty/ORB_SLAM3/include/G2oTypes.h:22,
                 from /home/ambushee/wil_project/thirdparty/ORB_SLAM3/src/G2oTypes.cc:19:
/usr/include/eigen3/Eigen/src/Core/util/Constants.h:167:37: note: declared here
  167 | EIGEN_DEPRECATED const unsigned int AlignedBit = 0x80;
      |                                     ^~~~~~~~~~
In file included from /home/ambushee/wil_project/thirdparty/ORB_SLAM3/include/G2oTypes.h:23,
                 from /home/ambushee/wil_project/thirdparty/ORB_SLAM3/src/G2oTypes.cc:19:
/home/ambushee/wil_project/thirdparty/ORB_SLAM3/Thirdparty/g2o/g2o/core/base_binary_edge.h: In instantiation of ‘class g2o::BaseBinaryEdge<3, Eigen::Matrix<double, 3, 1>, ORB_SLAM3::VertexAccBias, ORB_SLAM3::VertexAccBias>’:
/home/ambushee/wil_project/thirdparty/ORB_SLAM3/include/G2oTypes.h:671:31:   required from here
/home/ambushee/wil_project/thirdparty/ORB_SLAM3/Thirdparty/g2o/g2o/core/base_binary_edge.h:59:80: warning: ‘Eigen::AlignedBit’ is deprecated [-Wdeprecated-declarations]
   59 |       typedef Eigen::Map<Matrix<double, Di, Dj>, Matrix<double, Di, Dj>::Flags & AlignedBit ? Aligned : Unaligned > HessianBlockType;
      |                                                                          ~~~~~~^~~~~~~~~~~~
In file included from /usr/include/eigen3/Eigen/Core:161,
                 from /home/ambushee/wil_project/thirdparty/ORB_SLAM3/Thirdparty/g2o/g2o/core/jacobian_workspace.h:30,
                 from /home/ambushee/wil_project/thirdparty/ORB_SLAM3/Thirdparty/g2o/g2o/core/optimizable_graph.h:41,
                 from /home/ambushee/wil_project/thirdparty/ORB_SLAM3/Thirdparty/g2o/g2o/core/base_vertex.h:30,
                 from /home/ambushee/wil_project/thirdparty/ORB_SLAM3/include/G2oTypes.h:22,
                 from /home/ambushee/wil_project/thirdparty/ORB_SLAM3/src/G2oTypes.cc:19:
/usr/include/eigen3/Eigen/src/Core/util/Constants.h:167:37: note: declared here
  167 | EIGEN_DEPRECATED const unsigned int AlignedBit = 0x80;
      |                                     ^~~~~~~~~~
In file included from /home/ambushee/wil_project/thirdparty/ORB_SLAM3/include/G2oTypes.h:23,
                 from /home/ambushee/wil_project/thirdparty/ORB_SLAM3/src/G2oTypes.cc:19:
/home/ambushee/wil_project/thirdparty/ORB_SLAM3/Thirdparty/g2o/g2o/core/base_binary_edge.h:60:80: warning: ‘Eigen::AlignedBit’ is deprecated [-Wdeprecated-declarations]
   60 |       typedef Eigen::Map<Matrix<double, Dj, Di>, Matrix<double, Dj, Di>::Flags & AlignedBit ? Aligned : Unaligned > HessianBlockTransposedType;
      |                                                                          ~~~~~~^~~~~~~~~~~~
In file included from /usr/include/eigen3/Eigen/Core:161,
                 from /home/ambushee/wil_project/thirdparty/ORB_SLAM3/Thirdparty/g2o/g2o/core/jacobian_workspace.h:30,
                 from /home/ambushee/wil_project/thirdparty/ORB_SLAM3/Thirdparty/g2o/g2o/core/optimizable_graph.h:41,
                 from /home/ambushee/wil_project/thirdparty/ORB_SLAM3/Thirdparty/g2o/g2o/core/base_vertex.h:30,
                 from /home/ambushee/wil_project/thirdparty/ORB_SLAM3/include/G2oTypes.h:22,
                 from /home/ambushee/wil_project/thirdparty/ORB_SLAM3/src/G2oTypes.cc:19:
/usr/include/eigen3/Eigen/src/Core/util/Constants.h:167:37: note: declared here
  167 | EIGEN_DEPRECATED const unsigned int AlignedBit = 0x80;
      |                                     ^~~~~~~~~~
In file included from /home/ambushee/wil_project/thirdparty/ORB_SLAM3/include/G2oTypes.h:23,
                 from /home/ambushee/wil_project/thirdparty/ORB_SLAM3/src/G2oTypes.cc:19:
/home/ambushee/wil_project/thirdparty/ORB_SLAM3/Thirdparty/g2o/g2o/core/base_binary_edge.h: In instantiation of ‘class g2o::BaseBinaryEdge<6, Eigen::Matrix<double, 6, 1, 0, 6, 1>, ORB_SLAM3::VertexPose4DoF, ORB_SLAM3::VertexPose4DoF>’:
/home/ambushee/wil_project/thirdparty/ORB_SLAM3/include/G2oTypes.h:817:30:   required from here
/home/ambushee/wil_project/thirdparty/ORB_SLAM3/Thirdparty/g2o/g2o/core/base_binary_edge.h:59:80: warning: ‘Eigen::AlignedBit’ is deprecated [-Wdeprecated-declarations]
   59 |       typedef Eigen::Map<Matrix<double, Di, Dj>, Matrix<double, Di, Dj>::Flags & AlignedBit ? Aligned : Unaligned > HessianBlockType;
      |                                                                          ~~~~~~^~~~~~~~~~~~
In file included from /usr/include/eigen3/Eigen/Core:161,
                 from /home/ambushee/wil_project/thirdparty/ORB_SLAM3/Thirdparty/g2o/g2o/core/jacobian_workspace.h:30,
                 from /home/ambushee/wil_project/thirdparty/ORB_SLAM3/Thirdparty/g2o/g2o/core/optimizable_graph.h:41,
                 from /home/ambushee/wil_project/thirdparty/ORB_SLAM3/Thirdparty/g2o/g2o/core/base_vertex.h:30,
                 from /home/ambushee/wil_project/thirdparty/ORB_SLAM3/include/G2oTypes.h:22,
                 from /home/ambushee/wil_project/thirdparty/ORB_SLAM3/src/G2oTypes.cc:19:
/usr/include/eigen3/Eigen/src/Core/util/Constants.h:167:37: note: declared here
  167 | EIGEN_DEPRECATED const unsigned int AlignedBit = 0x80;
      |                                     ^~~~~~~~~~
In file included from /home/ambushee/wil_project/thirdparty/ORB_SLAM3/include/G2oTypes.h:23,
                 from /home/ambushee/wil_project/thirdparty/ORB_SLAM3/src/G2oTypes.cc:19:
/home/ambushee/wil_project/thirdparty/ORB_SLAM3/Thirdparty/g2o/g2o/core/base_binary_edge.h:60:80: warning: ‘Eigen::AlignedBit’ is deprecated [-Wdeprecated-declarations]
   60 |       typedef Eigen::Map<Matrix<double, Dj, Di>, Matrix<double, Dj, Di>::Flags & AlignedBit ? Aligned : Unaligned > HessianBlockTransposedType;
      |                                                                          ~~~~~~^~~~~~~~~~~~
In file included from /usr/include/eigen3/Eigen/Core:161,
                 from /home/ambushee/wil_project/thirdparty/ORB_SLAM3/Thirdparty/g2o/g2o/core/jacobian_workspace.h:30,
                 from /home/ambushee/wil_project/thirdparty/ORB_SLAM3/Thirdparty/g2o/g2o/core/optimizable_graph.h:41,
                 from /home/ambushee/wil_project/thirdparty/ORB_SLAM3/Thirdparty/g2o/g2o/core/base_vertex.h:30,
                 from /home/ambushee/wil_project/thirdparty/ORB_SLAM3/include/G2oTypes.h:22,
                 from /home/ambushee/wil_project/thirdparty/ORB_SLAM3/src/G2oTypes.cc:19:
/usr/include/eigen3/Eigen/src/Core/util/Constants.h:167:37: note: declared here
  167 | EIGEN_DEPRECATED const unsigned int AlignedBit = 0x80;
      |                                     ^~~~~~~~~~
In file included from /home/ambushee/wil_project/thirdparty/ORB_SLAM3/Thirdparty/g2o/g2o/types/types_six_dof_expmap.h:37,
                 from /home/ambushee/wil_project/thirdparty/ORB_SLAM3/include/Converter.h:26,
                 from /home/ambushee/wil_project/thirdparty/ORB_SLAM3/include/CameraModels/GeometricCamera.h:39,
                 from /home/ambushee/wil_project/thirdparty/ORB_SLAM3/include/CameraModels/KannalaBrandt8.h:25,
                 from /home/ambushee/wil_project/thirdparty/ORB_SLAM3/src/CameraModels/KannalaBrandt8.cpp:19:
/home/ambushee/wil_project/thirdparty/ORB_SLAM3/Thirdparty/g2o/g2o/types/../core/base_vertex.h:62:74: warning: ‘Eigen::AlignedBit’ is deprecated [-Wdeprecated-declarations]
   62 |     typedef Eigen::Map<Matrix<double, D, D>, Matrix<double,D,D>::Flags & AlignedBit ? Aligned : Unaligned >  HessianBlockType;
      |                                                                          ^~~~~~~~~~
In file included from /usr/include/eigen3/Eigen/Core:161,
                 from /usr/include/eigen3/Eigen/Dense:1,
                 from /home/ambushee/wil_project/thirdparty/ORB_SLAM3/Thirdparty/Sophus/sophus/rotation_matrix.hpp:7,
                 from /home/ambushee/wil_project/thirdparty/ORB_SLAM3/Thirdparty/Sophus/sophus/so3.hpp:7,
                 from /home/ambushee/wil_project/thirdparty/ORB_SLAM3/Thirdparty/Sophus/sophus/se3.hpp:7,
                 from /home/ambushee/wil_project/thirdparty/ORB_SLAM3/include/CameraModels/GeometricCamera.h:35,
                 from /home/ambushee/wil_project/thirdparty/ORB_SLAM3/include/CameraModels/KannalaBrandt8.h:25,
                 from /home/ambushee/wil_project/thirdparty/ORB_SLAM3/src/CameraModels/KannalaBrandt8.cpp:19:
/usr/include/eigen3/Eigen/src/Core/util/Constants.h:167:37: note: declared here
  167 | EIGEN_DEPRECATED const unsigned int AlignedBit = 0x80;
      |                                     ^~~~~~~~~~
In file included from /home/ambushee/wil_project/thirdparty/ORB_SLAM3/Thirdparty/g2o/g2o/types/types_six_dof_expmap.h:38,
                 from /home/ambushee/wil_project/thirdparty/ORB_SLAM3/include/Converter.h:26,
                 from /home/ambushee/wil_project/thirdparty/ORB_SLAM3/include/CameraModels/GeometricCamera.h:39,
                 from /home/ambushee/wil_project/thirdparty/ORB_SLAM3/include/CameraModels/KannalaBrandt8.h:25,
                 from /home/ambushee/wil_project/thirdparty/ORB_SLAM3/src/CameraModels/KannalaBrandt8.cpp:19:
/home/ambushee/wil_project/thirdparty/ORB_SLAM3/Thirdparty/g2o/g2o/types/../core/base_binary_edge.h:59:82: warning: ‘Eigen::AlignedBit’ is deprecated [-Wdeprecated-declarations]
   59 |       typedef Eigen::Map<Matrix<double, Di, Dj>, Matrix<double, Di, Dj>::Flags & AlignedBit ? Aligned : Unaligned > HessianBlockType;
      |                                                                                  ^~~~~~~~~~
In file included from /usr/include/eigen3/Eigen/Core:161,
                 from /usr/include/eigen3/Eigen/Dense:1,
                 from /home/ambushee/wil_project/thirdparty/ORB_SLAM3/Thirdparty/Sophus/sophus/rotation_matrix.hpp:7,
                 from /home/ambushee/wil_project/thirdparty/ORB_SLAM3/Thirdparty/Sophus/sophus/so3.hpp:7,
                 from /home/ambushee/wil_project/thirdparty/ORB_SLAM3/Thirdparty/Sophus/sophus/se3.hpp:7,
                 from /home/ambushee/wil_project/thirdparty/ORB_SLAM3/include/CameraModels/GeometricCamera.h:35,
                 from /home/ambushee/wil_project/thirdparty/ORB_SLAM3/include/CameraModels/KannalaBrandt8.h:25,
                 from /home/ambushee/wil_project/thirdparty/ORB_SLAM3/src/CameraModels/KannalaBrandt8.cpp:19:
/usr/include/eigen3/Eigen/src/Core/util/Constants.h:167:37: note: declared here
  167 | EIGEN_DEPRECATED const unsigned int AlignedBit = 0x80;
      |                                     ^~~~~~~~~~
In file included from /home/ambushee/wil_project/thirdparty/ORB_SLAM3/Thirdparty/g2o/g2o/types/types_six_dof_expmap.h:38,
                 from /home/ambushee/wil_project/thirdparty/ORB_SLAM3/include/Converter.h:26,
                 from /home/ambushee/wil_project/thirdparty/ORB_SLAM3/include/CameraModels/GeometricCamera.h:39,
                 from /home/ambushee/wil_project/thirdparty/ORB_SLAM3/include/CameraModels/KannalaBrandt8.h:25,
                 from /home/ambushee/wil_project/thirdparty/ORB_SLAM3/src/CameraModels/KannalaBrandt8.cpp:19:
/home/ambushee/wil_project/thirdparty/ORB_SLAM3/Thirdparty/g2o/g2o/types/../core/base_binary_edge.h:60:82: warning: ‘Eigen::AlignedBit’ is deprecated [-Wdeprecated-declarations]
   60 |       typedef Eigen::Map<Matrix<double, Dj, Di>, Matrix<double, Dj, Di>::Flags & AlignedBit ? Aligned : Unaligned > HessianBlockTransposedType;
      |                                                                                  ^~~~~~~~~~
In file included from /usr/include/eigen3/Eigen/Core:161,
                 from /usr/include/eigen3/Eigen/Dense:1,
                 from /home/ambushee/wil_project/thirdparty/ORB_SLAM3/Thirdparty/Sophus/sophus/rotation_matrix.hpp:7,
                 from /home/ambushee/wil_project/thirdparty/ORB_SLAM3/Thirdparty/Sophus/sophus/so3.hpp:7,
                 from /home/ambushee/wil_project/thirdparty/ORB_SLAM3/Thirdparty/Sophus/sophus/se3.hpp:7,
                 from /home/ambushee/wil_project/thirdparty/ORB_SLAM3/include/CameraModels/GeometricCamera.h:35,
                 from /home/ambushee/wil_project/thirdparty/ORB_SLAM3/include/CameraModels/KannalaBrandt8.h:25,
                 from /home/ambushee/wil_project/thirdparty/ORB_SLAM3/src/CameraModels/KannalaBrandt8.cpp:19:
/usr/include/eigen3/Eigen/src/Core/util/Constants.h:167:37: note: declared here
  167 | EIGEN_DEPRECATED const unsigned int AlignedBit = 0x80;
      |                                     ^~~~~~~~~~
/home/ambushee/wil_project/thirdparty/ORB_SLAM3/src/G2oTypes.cc: In member function ‘void ORB_SLAM3::ImuCamPose::SetParam(const std::vector<Eigen::Matrix<double, 3, 3> >&, const std::vector<Eigen::Matrix<double, 3, 1> >&, const std::vector<Eigen::Matrix<double, 3, 3> >&, const std::vector<Eigen::Matrix<double, 3, 1> >&, const double&)’:
/home/ambushee/wil_project/thirdparty/ORB_SLAM3/src/G2oTypes.cc:159:19: warning: comparison of integer expressions of different signedness: ‘int’ and ‘std::vector<Eigen::Matrix<double, 3, 1> >::size_type’ {aka ‘long unsigned int’} [-Wsign-compare]
  159 |     for(int i=0; i<tcb.size(); i++)
      |                  ~^~~~~~~~~~~
/home/ambushee/wil_project/thirdparty/ORB_SLAM3/src/G2oTypes.cc: In member function ‘void ORB_SLAM3::ImuCamPose::Update(const double*)’:
/home/ambushee/wil_project/thirdparty/ORB_SLAM3/src/G2oTypes.cc:214:19: warning: comparison of integer expressions of different signedness: ‘int’ and ‘std::vector<ORB_SLAM3::GeometricCamera*>::size_type’ {aka ‘long unsigned int’} [-Wsign-compare]
  214 |     for(int i=0; i<pCamera.size(); i++)
      |                  ~^~~~~~~~~~~~~~~
/home/ambushee/wil_project/thirdparty/ORB_SLAM3/src/G2oTypes.cc: In member function ‘void ORB_SLAM3::ImuCamPose::UpdateW(const double*)’:
/home/ambushee/wil_project/thirdparty/ORB_SLAM3/src/G2oTypes.cc:251:19: warning: comparison of integer expressions of different signedness: ‘int’ and ‘std::vector<ORB_SLAM3::GeometricCamera*>::size_type’ {aka ‘long unsigned int’} [-Wsign-compare]
  251 |     for(int i=0; i<pCamera.size(); i++)
      |                  ~^~~~~~~~~~~~~~~
In file included from /home/ambushee/wil_project/thirdparty/ORB_SLAM3/src/G2oTypes.cc:19:
/home/ambushee/wil_project/thirdparty/ORB_SLAM3/include/G2oTypes.h: In constructor ‘ORB_SLAM3::InvDepthPoint::InvDepthPoint(double, double, double, ORB_SLAM3::KeyFrame*)’:
/home/ambushee/wil_project/thirdparty/ORB_SLAM3/include/G2oTypes.h:122:15: warning: ‘ORB_SLAM3::InvDepthPoint::v’ will be initialized after [-Wreorder]
  122 |     double u, v; // they are not variables, observation in the host frame
      |               ^
/home/ambushee/wil_project/thirdparty/ORB_SLAM3/include/G2oTypes.h:121:12: warning:   ‘double ORB_SLAM3::InvDepthPoint::rho’ [-Wreorder]
  121 |     double rho;
      |            ^~~
/home/ambushee/wil_project/thirdparty/ORB_SLAM3/src/G2oTypes.cc:258:1: warning:   when initialized here [-Wreorder]
  258 | InvDepthPoint::InvDepthPoint(double _rho, double _u, double _v, KeyFrame* pHostKF): u(_u), v(_v), rho(_rho),
      | ^~~~~~~~~~~~~
In file included from /home/ambushee/wil_project/thirdparty/ORB_SLAM3/Thirdparty/g2o/g2o/types/types_six_dof_expmap.h:37,
                 from /home/ambushee/wil_project/thirdparty/ORB_SLAM3/include/Converter.h:26,
                 from /home/ambushee/wil_project/thirdparty/ORB_SLAM3/include/CameraModels/GeometricCamera.h:39,
                 from /home/ambushee/wil_project/thirdparty/ORB_SLAM3/include/CameraModels/KannalaBrandt8.h:25,
                 from /home/ambushee/wil_project/thirdparty/ORB_SLAM3/src/CameraModels/KannalaBrandt8.cpp:19:
/home/ambushee/wil_project/thirdparty/ORB_SLAM3/Thirdparty/g2o/g2o/types/../core/base_vertex.h: In instantiation of ‘class g2o::BaseVertex<3, Eigen::Matrix<double, 3, 1> >’:
/home/ambushee/wil_project/thirdparty/ORB_SLAM3/Thirdparty/g2o/g2o/types/types_sba.h:40:35:   required from here
/home/ambushee/wil_project/thirdparty/ORB_SLAM3/Thirdparty/g2o/g2o/types/../core/base_vertex.h:62:72: warning: ‘Eigen::AlignedBit’ is deprecated [-Wdeprecated-declarations]
   62 |     typedef Eigen::Map<Matrix<double, D, D>, Matrix<double,D,D>::Flags & AlignedBit ? Aligned : Unaligned >  HessianBlockType;
      |                                                                  ~~~~~~^~~~~~~~~~~~
In file included from /usr/include/eigen3/Eigen/Core:161,
                 from /usr/include/eigen3/Eigen/Dense:1,
                 from /home/ambushee/wil_project/thirdparty/ORB_SLAM3/Thirdparty/Sophus/sophus/rotation_matrix.hpp:7,
                 from /home/ambushee/wil_project/thirdparty/ORB_SLAM3/Thirdparty/Sophus/sophus/so3.hpp:7,
                 from /home/ambushee/wil_project/thirdparty/ORB_SLAM3/Thirdparty/Sophus/sophus/se3.hpp:7,
                 from /home/ambushee/wil_project/thirdparty/ORB_SLAM3/include/CameraModels/GeometricCamera.h:35,
                 from /home/ambushee/wil_project/thirdparty/ORB_SLAM3/include/CameraModels/KannalaBrandt8.h:25,
                 from /home/ambushee/wil_project/thirdparty/ORB_SLAM3/src/CameraModels/KannalaBrandt8.cpp:19:
/usr/include/eigen3/Eigen/src/Core/util/Constants.h:167:37: note: declared here
  167 | EIGEN_DEPRECATED const unsigned int AlignedBit = 0x80;
      |                                     ^~~~~~~~~~
In file included from /home/ambushee/wil_project/thirdparty/ORB_SLAM3/Thirdparty/g2o/g2o/types/types_six_dof_expmap.h:37,
                 from /home/ambushee/wil_project/thirdparty/ORB_SLAM3/include/Converter.h:26,
                 from /home/ambushee/wil_project/thirdparty/ORB_SLAM3/include/CameraModels/GeometricCamera.h:39,
                 from /home/ambushee/wil_project/thirdparty/ORB_SLAM3/include/CameraModels/KannalaBrandt8.h:25,
                 from /home/ambushee/wil_project/thirdparty/ORB_SLAM3/src/CameraModels/KannalaBrandt8.cpp:19:
/home/ambushee/wil_project/thirdparty/ORB_SLAM3/Thirdparty/g2o/g2o/types/../core/base_vertex.h: In instantiation of ‘class g2o::BaseVertex<6, g2o::SE3Quat>’:
/home/ambushee/wil_project/thirdparty/ORB_SLAM3/Thirdparty/g2o/g2o/types/types_six_dof_expmap.h:59:33:   required from here
/home/ambushee/wil_project/thirdparty/ORB_SLAM3/Thirdparty/g2o/g2o/types/../core/base_vertex.h:62:72: warning: ‘Eigen::AlignedBit’ is deprecated [-Wdeprecated-declarations]
   62 |     typedef Eigen::Map<Matrix<double, D, D>, Matrix<double,D,D>::Flags & AlignedBit ? Aligned : Unaligned >  HessianBlockType;
      |                                                                  ~~~~~~^~~~~~~~~~~~
In file included from /usr/include/eigen3/Eigen/Core:161,
                 from /usr/include/eigen3/Eigen/Dense:1,
                 from /home/ambushee/wil_project/thirdparty/ORB_SLAM3/Thirdparty/Sophus/sophus/rotation_matrix.hpp:7,
                 from /home/ambushee/wil_project/thirdparty/ORB_SLAM3/Thirdparty/Sophus/sophus/so3.hpp:7,
                 from /home/ambushee/wil_project/thirdparty/ORB_SLAM3/Thirdparty/Sophus/sophus/se3.hpp:7,
                 from /home/ambushee/wil_project/thirdparty/ORB_SLAM3/include/CameraModels/GeometricCamera.h:35,
                 from /home/ambushee/wil_project/thirdparty/ORB_SLAM3/include/CameraModels/KannalaBrandt8.h:25,
                 from /home/ambushee/wil_project/thirdparty/ORB_SLAM3/src/CameraModels/KannalaBrandt8.cpp:19:
/usr/include/eigen3/Eigen/src/Core/util/Constants.h:167:37: note: declared here
  167 | EIGEN_DEPRECATED const unsigned int AlignedBit = 0x80;
      |                                     ^~~~~~~~~~
In file included from /home/ambushee/wil_project/thirdparty/ORB_SLAM3/Thirdparty/g2o/g2o/types/types_six_dof_expmap.h:38,
                 from /home/ambushee/wil_project/thirdparty/ORB_SLAM3/include/Converter.h:26,
                 from /home/ambushee/wil_project/thirdparty/ORB_SLAM3/include/CameraModels/GeometricCamera.h:39,
                 from /home/ambushee/wil_project/thirdparty/ORB_SLAM3/include/CameraModels/KannalaBrandt8.h:25,
                 from /home/ambushee/wil_project/thirdparty/ORB_SLAM3/src/CameraModels/KannalaBrandt8.cpp:19:
/home/ambushee/wil_project/thirdparty/ORB_SLAM3/Thirdparty/g2o/g2o/types/../core/base_binary_edge.h: In instantiation of ‘class g2o::BaseBinaryEdge<6, g2o::SE3Quat, g2o::VertexSE3Expmap, g2o::VertexSE3Expmap>’:
/home/ambushee/wil_project/thirdparty/ORB_SLAM3/Thirdparty/g2o/g2o/types/types_six_dof_expmap.h:83:24:   required from here
/home/ambushee/wil_project/thirdparty/ORB_SLAM3/Thirdparty/g2o/g2o/types/../core/base_binary_edge.h:59:80: warning: ‘Eigen::AlignedBit’ is deprecated [-Wdeprecated-declarations]
   59 |       typedef Eigen::Map<Matrix<double, Di, Dj>, Matrix<double, Di, Dj>::Flags & AlignedBit ? Aligned : Unaligned > HessianBlockType;
      |                                                                          ~~~~~~^~~~~~~~~~~~
In file included from /usr/include/eigen3/Eigen/Core:161,
                 from /usr/include/eigen3/Eigen/Dense:1,
                 from /home/ambushee/wil_project/thirdparty/ORB_SLAM3/Thirdparty/Sophus/sophus/rotation_matrix.hpp:7,
                 from /home/ambushee/wil_project/thirdparty/ORB_SLAM3/Thirdparty/Sophus/sophus/so3.hpp:7,
                 from /home/ambushee/wil_project/thirdparty/ORB_SLAM3/Thirdparty/Sophus/sophus/se3.hpp:7,
                 from /home/ambushee/wil_project/thirdparty/ORB_SLAM3/include/CameraModels/GeometricCamera.h:35,
                 from /home/ambushee/wil_project/thirdparty/ORB_SLAM3/include/CameraModels/KannalaBrandt8.h:25,
                 from /home/ambushee/wil_project/thirdparty/ORB_SLAM3/src/CameraModels/KannalaBrandt8.cpp:19:
/usr/include/eigen3/Eigen/src/Core/util/Constants.h:167:37: note: declared here
  167 | EIGEN_DEPRECATED const unsigned int AlignedBit = 0x80;
      |                                     ^~~~~~~~~~
In file included from /home/ambushee/wil_project/thirdparty/ORB_SLAM3/Thirdparty/g2o/g2o/types/types_six_dof_expmap.h:38,
                 from /home/ambushee/wil_project/thirdparty/ORB_SLAM3/include/Converter.h:26,
                 from /home/ambushee/wil_project/thirdparty/ORB_SLAM3/include/CameraModels/GeometricCamera.h:39,
                 from /home/ambushee/wil_project/thirdparty/ORB_SLAM3/include/CameraModels/KannalaBrandt8.h:25,
                 from /home/ambushee/wil_project/thirdparty/ORB_SLAM3/src/CameraModels/KannalaBrandt8.cpp:19:
/home/ambushee/wil_project/thirdparty/ORB_SLAM3/Thirdparty/g2o/g2o/types/../core/base_binary_edge.h:60:80: warning: ‘Eigen::AlignedBit’ is deprecated [-Wdeprecated-declarations]
   60 |       typedef Eigen::Map<Matrix<double, Dj, Di>, Matrix<double, Dj, Di>::Flags & AlignedBit ? Aligned : Unaligned > HessianBlockTransposedType;
      |                                                                          ~~~~~~^~~~~~~~~~~~
In file included from /usr/include/eigen3/Eigen/Core:161,
                 from /usr/include/eigen3/Eigen/Dense:1,
                 from /home/ambushee/wil_project/thirdparty/ORB_SLAM3/Thirdparty/Sophus/sophus/rotation_matrix.hpp:7,
                 from /home/ambushee/wil_project/thirdparty/ORB_SLAM3/Thirdparty/Sophus/sophus/so3.hpp:7,
                 from /home/ambushee/wil_project/thirdparty/ORB_SLAM3/Thirdparty/Sophus/sophus/se3.hpp:7,
                 from /home/ambushee/wil_project/thirdparty/ORB_SLAM3/include/CameraModels/GeometricCamera.h:35,
                 from /home/ambushee/wil_project/thirdparty/ORB_SLAM3/include/CameraModels/KannalaBrandt8.h:25,
                 from /home/ambushee/wil_project/thirdparty/ORB_SLAM3/src/CameraModels/KannalaBrandt8.cpp:19:
/usr/include/eigen3/Eigen/src/Core/util/Constants.h:167:37: note: declared here
  167 | EIGEN_DEPRECATED const unsigned int AlignedBit = 0x80;
      |                                     ^~~~~~~~~~
In file included from /home/ambushee/wil_project/thirdparty/ORB_SLAM3/Thirdparty/g2o/g2o/types/types_six_dof_expmap.h:38,
                 from /home/ambushee/wil_project/thirdparty/ORB_SLAM3/include/Converter.h:26,
                 from /home/ambushee/wil_project/thirdparty/ORB_SLAM3/include/CameraModels/GeometricCamera.h:39,
                 from /home/ambushee/wil_project/thirdparty/ORB_SLAM3/include/CameraModels/KannalaBrandt8.h:25,
                 from /home/ambushee/wil_project/thirdparty/ORB_SLAM3/src/CameraModels/KannalaBrandt8.cpp:19:
/home/ambushee/wil_project/thirdparty/ORB_SLAM3/Thirdparty/g2o/g2o/types/../core/base_binary_edge.h: In instantiation of ‘class g2o::BaseBinaryEdge<2, Eigen::Matrix<double, 2, 1>, g2o::VertexSBAPointXYZ, g2o::VertexSE3Expmap>’:
/home/ambushee/wil_project/thirdparty/ORB_SLAM3/Thirdparty/g2o/g2o/types/types_six_dof_expmap.h:114:35:   required from here
/home/ambushee/wil_project/thirdparty/ORB_SLAM3/Thirdparty/g2o/g2o/types/../core/base_binary_edge.h:59:80: warning: ‘Eigen::AlignedBit’ is deprecated [-Wdeprecated-declarations]
   59 |       typedef Eigen::Map<Matrix<double, Di, Dj>, Matrix<double, Di, Dj>::Flags & AlignedBit ? Aligned : Unaligned > HessianBlockType;
      |                                                                          ~~~~~~^~~~~~~~~~~~
In file included from /usr/include/eigen3/Eigen/Core:161,
                 from /usr/include/eigen3/Eigen/Dense:1,
                 from /home/ambushee/wil_project/thirdparty/ORB_SLAM3/Thirdparty/Sophus/sophus/rotation_matrix.hpp:7,
                 from /home/ambushee/wil_project/thirdparty/ORB_SLAM3/Thirdparty/Sophus/sophus/so3.hpp:7,
                 from /home/ambushee/wil_project/thirdparty/ORB_SLAM3/Thirdparty/Sophus/sophus/se3.hpp:7,
                 from /home/ambushee/wil_project/thirdparty/ORB_SLAM3/include/CameraModels/GeometricCamera.h:35,
                 from /home/ambushee/wil_project/thirdparty/ORB_SLAM3/include/CameraModels/KannalaBrandt8.h:25,
                 from /home/ambushee/wil_project/thirdparty/ORB_SLAM3/src/CameraModels/KannalaBrandt8.cpp:19:
/usr/include/eigen3/Eigen/src/Core/util/Constants.h:167:37: note: declared here
  167 | EIGEN_DEPRECATED const unsigned int AlignedBit = 0x80;
      |                                     ^~~~~~~~~~
In file included from /home/ambushee/wil_project/thirdparty/ORB_SLAM3/Thirdparty/g2o/g2o/types/types_six_dof_expmap.h:38,
                 from /home/ambushee/wil_project/thirdparty/ORB_SLAM3/include/Converter.h:26,
                 from /home/ambushee/wil_project/thirdparty/ORB_SLAM3/include/CameraModels/GeometricCamera.h:39,
                 from /home/ambushee/wil_project/thirdparty/ORB_SLAM3/include/CameraModels/KannalaBrandt8.h:25,
                 from /home/ambushee/wil_project/thirdparty/ORB_SLAM3/src/CameraModels/KannalaBrandt8.cpp:19:
/home/ambushee/wil_project/thirdparty/ORB_SLAM3/Thirdparty/g2o/g2o/types/../core/base_binary_edge.h:60:80: warning: ‘Eigen::AlignedBit’ is deprecated [-Wdeprecated-declarations]
   60 |       typedef Eigen::Map<Matrix<double, Dj, Di>, Matrix<double, Dj, Di>::Flags & AlignedBit ? Aligned : Unaligned > HessianBlockTransposedType;
      |                                                                          ~~~~~~^~~~~~~~~~~~
In file included from /usr/include/eigen3/Eigen/Core:161,
                 from /usr/include/eigen3/Eigen/Dense:1,
                 from /home/ambushee/wil_project/thirdparty/ORB_SLAM3/Thirdparty/Sophus/sophus/rotation_matrix.hpp:7,
                 from /home/ambushee/wil_project/thirdparty/ORB_SLAM3/Thirdparty/Sophus/sophus/so3.hpp:7,
                 from /home/ambushee/wil_project/thirdparty/ORB_SLAM3/Thirdparty/Sophus/sophus/se3.hpp:7,
                 from /home/ambushee/wil_project/thirdparty/ORB_SLAM3/include/CameraModels/GeometricCamera.h:35,
                 from /home/ambushee/wil_project/thirdparty/ORB_SLAM3/include/CameraModels/KannalaBrandt8.h:25,
                 from /home/ambushee/wil_project/thirdparty/ORB_SLAM3/src/CameraModels/KannalaBrandt8.cpp:19:
/usr/include/eigen3/Eigen/src/Core/util/Constants.h:167:37: note: declared here
  167 | EIGEN_DEPRECATED const unsigned int AlignedBit = 0x80;
      |                                     ^~~~~~~~~~
In file included from /home/ambushee/wil_project/thirdparty/ORB_SLAM3/Thirdparty/g2o/g2o/types/types_six_dof_expmap.h:38,
                 from /home/ambushee/wil_project/thirdparty/ORB_SLAM3/include/Converter.h:26,
                 from /home/ambushee/wil_project/thirdparty/ORB_SLAM3/include/CameraModels/GeometricCamera.h:39,
                 from /home/ambushee/wil_project/thirdparty/ORB_SLAM3/include/CameraModels/KannalaBrandt8.h:25,
                 from /home/ambushee/wil_project/thirdparty/ORB_SLAM3/src/CameraModels/KannalaBrandt8.cpp:19:
/home/ambushee/wil_project/thirdparty/ORB_SLAM3/Thirdparty/g2o/g2o/types/../core/base_binary_edge.h: In instantiation of ‘class g2o::BaseBinaryEdge<3, Eigen::Matrix<double, 3, 1>, g2o::VertexSBAPointXYZ, g2o::VertexSE3Expmap>’:
/home/ambushee/wil_project/thirdparty/ORB_SLAM3/Thirdparty/g2o/g2o/types/types_six_dof_expmap.h:146:41:   required from here
/home/ambushee/wil_project/thirdparty/ORB_SLAM3/Thirdparty/g2o/g2o/types/../core/base_binary_edge.h:59:80: warning: ‘Eigen::AlignedBit’ is deprecated [-Wdeprecated-declarations]
   59 |       typedef Eigen::Map<Matrix<double, Di, Dj>, Matrix<double, Di, Dj>::Flags & AlignedBit ? Aligned : Unaligned > HessianBlockType;
      |                                                                          ~~~~~~^~~~~~~~~~~~
In file included from /usr/include/eigen3/Eigen/Core:161,
                 from /usr/include/eigen3/Eigen/Dense:1,
                 from /home/ambushee/wil_project/thirdparty/ORB_SLAM3/Thirdparty/Sophus/sophus/rotation_matrix.hpp:7,
                 from /home/ambushee/wil_project/thirdparty/ORB_SLAM3/Thirdparty/Sophus/sophus/so3.hpp:7,
                 from /home/ambushee/wil_project/thirdparty/ORB_SLAM3/Thirdparty/Sophus/sophus/se3.hpp:7,
                 from /home/ambushee/wil_project/thirdparty/ORB_SLAM3/include/CameraModels/GeometricCamera.h:35,
                 from /home/ambushee/wil_project/thirdparty/ORB_SLAM3/include/CameraModels/KannalaBrandt8.h:25,
                 from /home/ambushee/wil_project/thirdparty/ORB_SLAM3/src/CameraModels/KannalaBrandt8.cpp:19:
/usr/include/eigen3/Eigen/src/Core/util/Constants.h:167:37: note: declared here
  167 | EIGEN_DEPRECATED const unsigned int AlignedBit = 0x80;
      |                                     ^~~~~~~~~~
In file included from /home/ambushee/wil_project/thirdparty/ORB_SLAM3/Thirdparty/g2o/g2o/types/types_six_dof_expmap.h:38,
                 from /home/ambushee/wil_project/thirdparty/ORB_SLAM3/include/Converter.h:26,
                 from /home/ambushee/wil_project/thirdparty/ORB_SLAM3/include/CameraModels/GeometricCamera.h:39,
                 from /home/ambushee/wil_project/thirdparty/ORB_SLAM3/include/CameraModels/KannalaBrandt8.h:25,
                 from /home/ambushee/wil_project/thirdparty/ORB_SLAM3/src/CameraModels/KannalaBrandt8.cpp:19:
/home/ambushee/wil_project/thirdparty/ORB_SLAM3/Thirdparty/g2o/g2o/types/../core/base_binary_edge.h:60:80: warning: ‘Eigen::AlignedBit’ is deprecated [-Wdeprecated-declarations]
   60 |       typedef Eigen::Map<Matrix<double, Dj, Di>, Matrix<double, Dj, Di>::Flags & AlignedBit ? Aligned : Unaligned > HessianBlockTransposedType;
      |                                                                          ~~~~~~^~~~~~~~~~~~
In file included from /usr/include/eigen3/Eigen/Core:161,
                 from /usr/include/eigen3/Eigen/Dense:1,
                 from /home/ambushee/wil_project/thirdparty/ORB_SLAM3/Thirdparty/Sophus/sophus/rotation_matrix.hpp:7,
                 from /home/ambushee/wil_project/thirdparty/ORB_SLAM3/Thirdparty/Sophus/sophus/so3.hpp:7,
                 from /home/ambushee/wil_project/thirdparty/ORB_SLAM3/Thirdparty/Sophus/sophus/se3.hpp:7,
                 from /home/ambushee/wil_project/thirdparty/ORB_SLAM3/include/CameraModels/GeometricCamera.h:35,
                 from /home/ambushee/wil_project/thirdparty/ORB_SLAM3/include/CameraModels/KannalaBrandt8.h:25,
                 from /home/ambushee/wil_project/thirdparty/ORB_SLAM3/src/CameraModels/KannalaBrandt8.cpp:19:
/usr/include/eigen3/Eigen/src/Core/util/Constants.h:167:37: note: declared here
  167 | EIGEN_DEPRECATED const unsigned int AlignedBit = 0x80;
      |                                     ^~~~~~~~~~
In file included from /home/ambushee/wil_project/thirdparty/ORB_SLAM3/Thirdparty/g2o/g2o/types/types_six_dof_expmap.h:37,
                 from /home/ambushee/wil_project/thirdparty/ORB_SLAM3/include/Converter.h:26,
                 from /home/ambushee/wil_project/thirdparty/ORB_SLAM3/include/CameraModels/GeometricCamera.h:39,
                 from /home/ambushee/wil_project/thirdparty/ORB_SLAM3/include/CameraModels/KannalaBrandt8.h:25,
                 from /home/ambushee/wil_project/thirdparty/ORB_SLAM3/src/CameraModels/KannalaBrandt8.cpp:19:
/home/ambushee/wil_project/thirdparty/ORB_SLAM3/Thirdparty/g2o/g2o/types/../core/base_vertex.h: In instantiation of ‘class g2o::BaseVertex<7, g2o::Sim3>’:
/home/ambushee/wil_project/thirdparty/ORB_SLAM3/Thirdparty/g2o/g2o/types/types_seven_dof_expmap.h:48:35:   required from here
/home/ambushee/wil_project/thirdparty/ORB_SLAM3/Thirdparty/g2o/g2o/types/../core/base_vertex.h:62:72: warning: ‘Eigen::AlignedBit’ is deprecated [-Wdeprecated-declarations]
   62 |     typedef Eigen::Map<Matrix<double, D, D>, Matrix<double,D,D>::Flags & AlignedBit ? Aligned : Unaligned >  HessianBlockType;
      |                                                                  ~~~~~~^~~~~~~~~~~~
In file included from /usr/include/eigen3/Eigen/Core:161,
                 from /usr/include/eigen3/Eigen/Dense:1,
                 from /home/ambushee/wil_project/thirdparty/ORB_SLAM3/Thirdparty/Sophus/sophus/rotation_matrix.hpp:7,
                 from /home/ambushee/wil_project/thirdparty/ORB_SLAM3/Thirdparty/Sophus/sophus/so3.hpp:7,
                 from /home/ambushee/wil_project/thirdparty/ORB_SLAM3/Thirdparty/Sophus/sophus/se3.hpp:7,
                 from /home/ambushee/wil_project/thirdparty/ORB_SLAM3/include/CameraModels/GeometricCamera.h:35,
                 from /home/ambushee/wil_project/thirdparty/ORB_SLAM3/include/CameraModels/KannalaBrandt8.h:25,
                 from /home/ambushee/wil_project/thirdparty/ORB_SLAM3/src/CameraModels/KannalaBrandt8.cpp:19:
/usr/include/eigen3/Eigen/src/Core/util/Constants.h:167:37: note: declared here
  167 | EIGEN_DEPRECATED const unsigned int AlignedBit = 0x80;
      |                                     ^~~~~~~~~~
In file included from /home/ambushee/wil_project/thirdparty/ORB_SLAM3/Thirdparty/g2o/g2o/types/types_six_dof_expmap.h:38,
                 from /home/ambushee/wil_project/thirdparty/ORB_SLAM3/include/Converter.h:26,
                 from /home/ambushee/wil_project/thirdparty/ORB_SLAM3/include/CameraModels/GeometricCamera.h:39,
                 from /home/ambushee/wil_project/thirdparty/ORB_SLAM3/include/CameraModels/KannalaBrandt8.h:25,
                 from /home/ambushee/wil_project/thirdparty/ORB_SLAM3/src/CameraModels/KannalaBrandt8.cpp:19:
/home/ambushee/wil_project/thirdparty/ORB_SLAM3/Thirdparty/g2o/g2o/types/../core/base_binary_edge.h: In instantiation of ‘class g2o::BaseBinaryEdge<7, g2o::Sim3, g2o::VertexSim3Expmap, g2o::VertexSim3Expmap>’:
/home/ambushee/wil_project/thirdparty/ORB_SLAM3/Thirdparty/g2o/g2o/types/types_seven_dof_expmap.h:99:27:   required from here
/home/ambushee/wil_project/thirdparty/ORB_SLAM3/Thirdparty/g2o/g2o/types/../core/base_binary_edge.h:59:80: warning: ‘Eigen::AlignedBit’ is deprecated [-Wdeprecated-declarations]
   59 |       typedef Eigen::Map<Matrix<double, Di, Dj>, Matrix<double, Di, Dj>::Flags & AlignedBit ? Aligned : Unaligned > HessianBlockType;
      |                                                                          ~~~~~~^~~~~~~~~~~~
In file included from /usr/include/eigen3/Eigen/Core:161,
                 from /usr/include/eigen3/Eigen/Dense:1,
                 from /home/ambushee/wil_project/thirdparty/ORB_SLAM3/Thirdparty/Sophus/sophus/rotation_matrix.hpp:7,
                 from /home/ambushee/wil_project/thirdparty/ORB_SLAM3/Thirdparty/Sophus/sophus/so3.hpp:7,
                 from /home/ambushee/wil_project/thirdparty/ORB_SLAM3/Thirdparty/Sophus/sophus/se3.hpp:7,
                 from /home/ambushee/wil_project/thirdparty/ORB_SLAM3/include/CameraModels/GeometricCamera.h:35,
                 from /home/ambushee/wil_project/thirdparty/ORB_SLAM3/include/CameraModels/KannalaBrandt8.h:25,
                 from /home/ambushee/wil_project/thirdparty/ORB_SLAM3/src/CameraModels/KannalaBrandt8.cpp:19:
/usr/include/eigen3/Eigen/src/Core/util/Constants.h:167:37: note: declared here
  167 | EIGEN_DEPRECATED const unsigned int AlignedBit = 0x80;
      |                                     ^~~~~~~~~~
In file included from /home/ambushee/wil_project/thirdparty/ORB_SLAM3/Thirdparty/g2o/g2o/types/types_six_dof_expmap.h:38,
                 from /home/ambushee/wil_project/thirdparty/ORB_SLAM3/include/Converter.h:26,
                 from /home/ambushee/wil_project/thirdparty/ORB_SLAM3/include/CameraModels/GeometricCamera.h:39,
                 from /home/ambushee/wil_project/thirdparty/ORB_SLAM3/include/CameraModels/KannalaBrandt8.h:25,
                 from /home/ambushee/wil_project/thirdparty/ORB_SLAM3/src/CameraModels/KannalaBrandt8.cpp:19:
/home/ambushee/wil_project/thirdparty/ORB_SLAM3/Thirdparty/g2o/g2o/types/../core/base_binary_edge.h:60:80: warning: ‘Eigen::AlignedBit’ is deprecated [-Wdeprecated-declarations]
   60 |       typedef Eigen::Map<Matrix<double, Dj, Di>, Matrix<double, Dj, Di>::Flags & AlignedBit ? Aligned : Unaligned > HessianBlockTransposedType;
      |                                                                          ~~~~~~^~~~~~~~~~~~
In file included from /usr/include/eigen3/Eigen/Core:161,
                 from /usr/include/eigen3/Eigen/Dense:1,
                 from /home/ambushee/wil_project/thirdparty/ORB_SLAM3/Thirdparty/Sophus/sophus/rotation_matrix.hpp:7,
                 from /home/ambushee/wil_project/thirdparty/ORB_SLAM3/Thirdparty/Sophus/sophus/so3.hpp:7,
                 from /home/ambushee/wil_project/thirdparty/ORB_SLAM3/Thirdparty/Sophus/sophus/se3.hpp:7,
                 from /home/ambushee/wil_project/thirdparty/ORB_SLAM3/include/CameraModels/GeometricCamera.h:35,
                 from /home/ambushee/wil_project/thirdparty/ORB_SLAM3/include/CameraModels/KannalaBrandt8.h:25,
                 from /home/ambushee/wil_project/thirdparty/ORB_SLAM3/src/CameraModels/KannalaBrandt8.cpp:19:
/usr/include/eigen3/Eigen/src/Core/util/Constants.h:167:37: note: declared here
  167 | EIGEN_DEPRECATED const unsigned int AlignedBit = 0x80;
      |                                     ^~~~~~~~~~
In file included from /home/ambushee/wil_project/thirdparty/ORB_SLAM3/Thirdparty/g2o/g2o/types/types_six_dof_expmap.h:38,
                 from /home/ambushee/wil_project/thirdparty/ORB_SLAM3/include/Converter.h:26,
                 from /home/ambushee/wil_project/thirdparty/ORB_SLAM3/include/CameraModels/GeometricCamera.h:39,
                 from /home/ambushee/wil_project/thirdparty/ORB_SLAM3/include/CameraModels/KannalaBrandt8.h:25,
                 from /home/ambushee/wil_project/thirdparty/ORB_SLAM3/src/CameraModels/KannalaBrandt8.cpp:19:
/home/ambushee/wil_project/thirdparty/ORB_SLAM3/Thirdparty/g2o/g2o/types/../core/base_binary_edge.h: In instantiation of ‘class g2o::BaseBinaryEdge<2, Eigen::Matrix<double, 2, 1>, g2o::VertexSBAPointXYZ, g2o::VertexSim3Expmap>’:
/home/ambushee/wil_project/thirdparty/ORB_SLAM3/Thirdparty/g2o/g2o/types/types_seven_dof_expmap.h:130:36:   required from here
/home/ambushee/wil_project/thirdparty/ORB_SLAM3/Thirdparty/g2o/g2o/types/../core/base_binary_edge.h:59:80: warning: ‘Eigen::AlignedBit’ is deprecated [-Wdeprecated-declarations]
   59 |       typedef Eigen::Map<Matrix<double, Di, Dj>, Matrix<double, Di, Dj>::Flags & AlignedBit ? Aligned : Unaligned > HessianBlockType;
      |                                                                          ~~~~~~^~~~~~~~~~~~
In file included from /usr/include/eigen3/Eigen/Core:161,
                 from /usr/include/eigen3/Eigen/Dense:1,
                 from /home/ambushee/wil_project/thirdparty/ORB_SLAM3/Thirdparty/Sophus/sophus/rotation_matrix.hpp:7,
                 from /home/ambushee/wil_project/thirdparty/ORB_SLAM3/Thirdparty/Sophus/sophus/so3.hpp:7,
                 from /home/ambushee/wil_project/thirdparty/ORB_SLAM3/Thirdparty/Sophus/sophus/se3.hpp:7,
                 from /home/ambushee/wil_project/thirdparty/ORB_SLAM3/include/CameraModels/GeometricCamera.h:35,
                 from /home/ambushee/wil_project/thirdparty/ORB_SLAM3/include/CameraModels/KannalaBrandt8.h:25,
                 from /home/ambushee/wil_project/thirdparty/ORB_SLAM3/src/CameraModels/KannalaBrandt8.cpp:19:
/usr/include/eigen3/Eigen/src/Core/util/Constants.h:167:37: note: declared here
  167 | EIGEN_DEPRECATED const unsigned int AlignedBit = 0x80;
      |                                     ^~~~~~~~~~
In file included from /home/ambushee/wil_project/thirdparty/ORB_SLAM3/Thirdparty/g2o/g2o/types/types_six_dof_expmap.h:38,
                 from /home/ambushee/wil_project/thirdparty/ORB_SLAM3/include/Converter.h:26,
                 from /home/ambushee/wil_project/thirdparty/ORB_SLAM3/include/CameraModels/GeometricCamera.h:39,
                 from /home/ambushee/wil_project/thirdparty/ORB_SLAM3/include/CameraModels/KannalaBrandt8.h:25,
                 from /home/ambushee/wil_project/thirdparty/ORB_SLAM3/src/CameraModels/KannalaBrandt8.cpp:19:
/home/ambushee/wil_project/thirdparty/ORB_SLAM3/Thirdparty/g2o/g2o/types/../core/base_binary_edge.h:60:80: warning: ‘Eigen::AlignedBit’ is deprecated [-Wdeprecated-declarations]
   60 |       typedef Eigen::Map<Matrix<double, Dj, Di>, Matrix<double, Dj, Di>::Flags & AlignedBit ? Aligned : Unaligned > HessianBlockTransposedType;
      |                                                                          ~~~~~~^~~~~~~~~~~~
In file included from /usr/include/eigen3/Eigen/Core:161,
                 from /usr/include/eigen3/Eigen/Dense:1,
                 from /home/ambushee/wil_project/thirdparty/ORB_SLAM3/Thirdparty/Sophus/sophus/rotation_matrix.hpp:7,
                 from /home/ambushee/wil_project/thirdparty/ORB_SLAM3/Thirdparty/Sophus/sophus/so3.hpp:7,
                 from /home/ambushee/wil_project/thirdparty/ORB_SLAM3/Thirdparty/Sophus/sophus/se3.hpp:7,
                 from /home/ambushee/wil_project/thirdparty/ORB_SLAM3/include/CameraModels/GeometricCamera.h:35,
                 from /home/ambushee/wil_project/thirdparty/ORB_SLAM3/include/CameraModels/KannalaBrandt8.h:25,
                 from /home/ambushee/wil_project/thirdparty/ORB_SLAM3/src/CameraModels/KannalaBrandt8.cpp:19:
/usr/include/eigen3/Eigen/src/Core/util/Constants.h:167:37: note: declared here
  167 | EIGEN_DEPRECATED const unsigned int AlignedBit = 0x80;
      |                                     ^~~~~~~~~~
In file included from /home/ambushee/wil_project/thirdparty/ORB_SLAM3/src/CameraModels/KannalaBrandt8.cpp:19:
/home/ambushee/wil_project/thirdparty/ORB_SLAM3/include/CameraModels/KannalaBrandt8.h: In constructor ‘ORB_SLAM3::KannalaBrandt8::KannalaBrandt8(std::vector<float>)’:
/home/ambushee/wil_project/thirdparty/ORB_SLAM3/include/CameraModels/KannalaBrandt8.h:102:21: warning: ‘ORB_SLAM3::KannalaBrandt8::precision’ will be initialized after [-Wreorder]
  102 |         const float precision;
      |                     ^~~~~~~~~
/home/ambushee/wil_project/thirdparty/ORB_SLAM3/include/CameraModels/KannalaBrandt8.h:88:26: warning:   ‘std::vector<int> ORB_SLAM3::KannalaBrandt8::mvLappingArea’ [-Wreorder]
   88 |         std::vector<int> mvLappingArea;
      |                          ^~~~~~~~~~~~~
In file included from /home/ambushee/wil_project/thirdparty/ORB_SLAM3/src/CameraModels/KannalaBrandt8.cpp:19:
/home/ambushee/wil_project/thirdparty/ORB_SLAM3/include/CameraModels/KannalaBrandt8.h:47:9: warning:   when initialized here [-Wreorder]
   47 |         KannalaBrandt8(const std::vector<float> _vParameters) : GeometricCamera(_vParameters), precision(1e-6), mvLappingArea(2,0) ,tvr(nullptr) {
      |         ^~~~~~~~~~~~~~
In file included from /home/ambushee/wil_project/thirdparty/ORB_SLAM3/src/CameraModels/KannalaBrandt8.cpp:19:
/home/ambushee/wil_project/thirdparty/ORB_SLAM3/include/CameraModels/KannalaBrandt8.h: In constructor ‘ORB_SLAM3::KannalaBrandt8::KannalaBrandt8(std::vector<float>, float)’:
/home/ambushee/wil_project/thirdparty/ORB_SLAM3/include/CameraModels/KannalaBrandt8.h:102:21: warning: ‘ORB_SLAM3::KannalaBrandt8::precision’ will be initialized after [-Wreorder]
  102 |         const float precision;
      |                     ^~~~~~~~~
/home/ambushee/wil_project/thirdparty/ORB_SLAM3/include/CameraModels/KannalaBrandt8.h:88:26: warning:   ‘std::vector<int> ORB_SLAM3::KannalaBrandt8::mvLappingArea’ [-Wreorder]
   88 |         std::vector<int> mvLappingArea;
      |                          ^~~~~~~~~~~~~
/home/ambushee/wil_project/thirdparty/ORB_SLAM3/include/CameraModels/KannalaBrandt8.h:53:9: warning:   when initialized here [-Wreorder]
   53 |         KannalaBrandt8(const std::vector<float> _vParameters, const float _precision) : GeometricCamera(_vParameters),
      |         ^~~~~~~~~~~~~~
/home/ambushee/wil_project/thirdparty/ORB_SLAM3/include/CameraModels/KannalaBrandt8.h: In constructor ‘ORB_SLAM3::KannalaBrandt8::KannalaBrandt8(ORB_SLAM3::KannalaBrandt8*)’:
/home/ambushee/wil_project/thirdparty/ORB_SLAM3/include/CameraModels/KannalaBrandt8.h:102:21: warning: ‘ORB_SLAM3::KannalaBrandt8::precision’ will be initialized after [-Wreorder]
  102 |         const float precision;
      |                     ^~~~~~~~~
/home/ambushee/wil_project/thirdparty/ORB_SLAM3/include/CameraModels/KannalaBrandt8.h:88:26: warning:   ‘std::vector<int> ORB_SLAM3::KannalaBrandt8::mvLappingArea’ [-Wreorder]
   88 |         std::vector<int> mvLappingArea;
      |                          ^~~~~~~~~~~~~
/home/ambushee/wil_project/thirdparty/ORB_SLAM3/include/CameraModels/KannalaBrandt8.h:59:9: warning:   when initialized here [-Wreorder]
   59 |         KannalaBrandt8(KannalaBrandt8* pKannala) : GeometricCamera(pKannala->mvParameters), precision(pKannala->precision), mvLappingArea(2,0) ,tvr(nullptr) {
      |         ^~~~~~~~~~~~~~
[ 71%] Building CXX object CMakeFiles/ORB_SLAM3.dir/src/OptimizableTypes.cpp.o
[ 73%] Building CXX object CMakeFiles/ORB_SLAM3.dir/src/MLPnPsolver.cpp.o
In file included from /home/ambushee/wil_project/thirdparty/ORB_SLAM3/Thirdparty/g2o/g2o/types/types_six_dof_expmap.h:37,
                 from /home/ambushee/wil_project/thirdparty/ORB_SLAM3/include/OptimizableTypes.h:23,
                 from /home/ambushee/wil_project/thirdparty/ORB_SLAM3/src/OptimizableTypes.cpp:19:
/home/ambushee/wil_project/thirdparty/ORB_SLAM3/Thirdparty/g2o/g2o/types/../core/base_vertex.h:62:74: warning: ‘Eigen::AlignedBit’ is deprecated [-Wdeprecated-declarations]
   62 |     typedef Eigen::Map<Matrix<double, D, D>, Matrix<double,D,D>::Flags & AlignedBit ? Aligned : Unaligned >  HessianBlockType;
      |                                                                          ^~~~~~~~~~
In file included from /usr/include/eigen3/Eigen/Core:161,
                 from /home/ambushee/wil_project/thirdparty/ORB_SLAM3/Thirdparty/g2o/g2o/core/base_edge.h:33,
                 from /home/ambushee/wil_project/thirdparty/ORB_SLAM3/Thirdparty/g2o/g2o/core/base_unary_edge.h:34,
                 from /home/ambushee/wil_project/thirdparty/ORB_SLAM3/include/OptimizableTypes.h:22,
                 from /home/ambushee/wil_project/thirdparty/ORB_SLAM3/src/OptimizableTypes.cpp:19:
/usr/include/eigen3/Eigen/src/Core/util/Constants.h:167:37: note: declared here
  167 | EIGEN_DEPRECATED const unsigned int AlignedBit = 0x80;
      |                                     ^~~~~~~~~~
In file included from /home/ambushee/wil_project/thirdparty/ORB_SLAM3/Thirdparty/g2o/g2o/types/types_six_dof_expmap.h:38,
                 from /home/ambushee/wil_project/thirdparty/ORB_SLAM3/include/OptimizableTypes.h:23,
                 from /home/ambushee/wil_project/thirdparty/ORB_SLAM3/src/OptimizableTypes.cpp:19:
/home/ambushee/wil_project/thirdparty/ORB_SLAM3/Thirdparty/g2o/g2o/types/../core/base_binary_edge.h:59:82: warning: ‘Eigen::AlignedBit’ is deprecated [-Wdeprecated-declarations]
   59 |       typedef Eigen::Map<Matrix<double, Di, Dj>, Matrix<double, Di, Dj>::Flags & AlignedBit ? Aligned : Unaligned > HessianBlockType;
      |                                                                                  ^~~~~~~~~~
In file included from /usr/include/eigen3/Eigen/Core:161,
                 from /home/ambushee/wil_project/thirdparty/ORB_SLAM3/Thirdparty/g2o/g2o/core/base_edge.h:33,
                 from /home/ambushee/wil_project/thirdparty/ORB_SLAM3/Thirdparty/g2o/g2o/core/base_unary_edge.h:34,
                 from /home/ambushee/wil_project/thirdparty/ORB_SLAM3/include/OptimizableTypes.h:22,
                 from /home/ambushee/wil_project/thirdparty/ORB_SLAM3/src/OptimizableTypes.cpp:19:
/usr/include/eigen3/Eigen/src/Core/util/Constants.h:167:37: note: declared here
  167 | EIGEN_DEPRECATED const unsigned int AlignedBit = 0x80;
      |                                     ^~~~~~~~~~
In file included from /home/ambushee/wil_project/thirdparty/ORB_SLAM3/Thirdparty/g2o/g2o/types/types_six_dof_expmap.h:38,
                 from /home/ambushee/wil_project/thirdparty/ORB_SLAM3/include/OptimizableTypes.h:23,
                 from /home/ambushee/wil_project/thirdparty/ORB_SLAM3/src/OptimizableTypes.cpp:19:
/home/ambushee/wil_project/thirdparty/ORB_SLAM3/Thirdparty/g2o/g2o/types/../core/base_binary_edge.h:60:82: warning: ‘Eigen::AlignedBit’ is deprecated [-Wdeprecated-declarations]
   60 |       typedef Eigen::Map<Matrix<double, Dj, Di>, Matrix<double, Dj, Di>::Flags & AlignedBit ? Aligned : Unaligned > HessianBlockTransposedType;
      |                                                                                  ^~~~~~~~~~
In file included from /usr/include/eigen3/Eigen/Core:161,
                 from /home/ambushee/wil_project/thirdparty/ORB_SLAM3/Thirdparty/g2o/g2o/core/base_edge.h:33,
                 from /home/ambushee/wil_project/thirdparty/ORB_SLAM3/Thirdparty/g2o/g2o/core/base_unary_edge.h:34,
                 from /home/ambushee/wil_project/thirdparty/ORB_SLAM3/include/OptimizableTypes.h:22,
                 from /home/ambushee/wil_project/thirdparty/ORB_SLAM3/src/OptimizableTypes.cpp:19:
/usr/include/eigen3/Eigen/src/Core/util/Constants.h:167:37: note: declared here
  167 | EIGEN_DEPRECATED const unsigned int AlignedBit = 0x80;
      |                                     ^~~~~~~~~~
In file included from /home/ambushee/wil_project/thirdparty/ORB_SLAM3/Thirdparty/g2o/g2o/types/types_six_dof_expmap.h:37,
                 from /home/ambushee/wil_project/thirdparty/ORB_SLAM3/include/OptimizableTypes.h:23,
                 from /home/ambushee/wil_project/thirdparty/ORB_SLAM3/src/OptimizableTypes.cpp:19:
/home/ambushee/wil_project/thirdparty/ORB_SLAM3/Thirdparty/g2o/g2o/types/../core/base_vertex.h: In instantiation of ‘class g2o::BaseVertex<3, Eigen::Matrix<double, 3, 1> >’:
/home/ambushee/wil_project/thirdparty/ORB_SLAM3/Thirdparty/g2o/g2o/types/types_sba.h:40:35:   required from here
/home/ambushee/wil_project/thirdparty/ORB_SLAM3/Thirdparty/g2o/g2o/types/../core/base_vertex.h:62:72: warning: ‘Eigen::AlignedBit’ is deprecated [-Wdeprecated-declarations]
   62 |     typedef Eigen::Map<Matrix<double, D, D>, Matrix<double,D,D>::Flags & AlignedBit ? Aligned : Unaligned >  HessianBlockType;
      |                                                                  ~~~~~~^~~~~~~~~~~~
In file included from /usr/include/eigen3/Eigen/Core:161,
                 from /home/ambushee/wil_project/thirdparty/ORB_SLAM3/Thirdparty/g2o/g2o/core/base_edge.h:33,
                 from /home/ambushee/wil_project/thirdparty/ORB_SLAM3/Thirdparty/g2o/g2o/core/base_unary_edge.h:34,
                 from /home/ambushee/wil_project/thirdparty/ORB_SLAM3/include/OptimizableTypes.h:22,
                 from /home/ambushee/wil_project/thirdparty/ORB_SLAM3/src/OptimizableTypes.cpp:19:
/usr/include/eigen3/Eigen/src/Core/util/Constants.h:167:37: note: declared here
  167 | EIGEN_DEPRECATED const unsigned int AlignedBit = 0x80;
      |                                     ^~~~~~~~~~
In file included from /home/ambushee/wil_project/thirdparty/ORB_SLAM3/Thirdparty/g2o/g2o/types/types_six_dof_expmap.h:37,
                 from /home/ambushee/wil_project/thirdparty/ORB_SLAM3/include/OptimizableTypes.h:23,
                 from /home/ambushee/wil_project/thirdparty/ORB_SLAM3/src/OptimizableTypes.cpp:19:
/home/ambushee/wil_project/thirdparty/ORB_SLAM3/Thirdparty/g2o/g2o/types/../core/base_vertex.h: In instantiation of ‘class g2o::BaseVertex<6, g2o::SE3Quat>’:
/home/ambushee/wil_project/thirdparty/ORB_SLAM3/Thirdparty/g2o/g2o/types/types_six_dof_expmap.h:59:33:   required from here
/home/ambushee/wil_project/thirdparty/ORB_SLAM3/Thirdparty/g2o/g2o/types/../core/base_vertex.h:62:72: warning: ‘Eigen::AlignedBit’ is deprecated [-Wdeprecated-declarations]
   62 |     typedef Eigen::Map<Matrix<double, D, D>, Matrix<double,D,D>::Flags & AlignedBit ? Aligned : Unaligned >  HessianBlockType;
      |                                                                  ~~~~~~^~~~~~~~~~~~
In file included from /usr/include/eigen3/Eigen/Core:161,
                 from /home/ambushee/wil_project/thirdparty/ORB_SLAM3/Thirdparty/g2o/g2o/core/base_edge.h:33,
                 from /home/ambushee/wil_project/thirdparty/ORB_SLAM3/Thirdparty/g2o/g2o/core/base_unary_edge.h:34,
                 from /home/ambushee/wil_project/thirdparty/ORB_SLAM3/include/OptimizableTypes.h:22,
                 from /home/ambushee/wil_project/thirdparty/ORB_SLAM3/src/OptimizableTypes.cpp:19:
/usr/include/eigen3/Eigen/src/Core/util/Constants.h:167:37: note: declared here
  167 | EIGEN_DEPRECATED const unsigned int AlignedBit = 0x80;
      |                                     ^~~~~~~~~~
In file included from /home/ambushee/wil_project/thirdparty/ORB_SLAM3/Thirdparty/g2o/g2o/types/types_six_dof_expmap.h:38,
                 from /home/ambushee/wil_project/thirdparty/ORB_SLAM3/include/OptimizableTypes.h:23,
                 from /home/ambushee/wil_project/thirdparty/ORB_SLAM3/src/OptimizableTypes.cpp:19:
/home/ambushee/wil_project/thirdparty/ORB_SLAM3/Thirdparty/g2o/g2o/types/../core/base_binary_edge.h: In instantiation of ‘class g2o::BaseBinaryEdge<6, g2o::SE3Quat, g2o::VertexSE3Expmap, g2o::VertexSE3Expmap>’:
/home/ambushee/wil_project/thirdparty/ORB_SLAM3/Thirdparty/g2o/g2o/types/types_six_dof_expmap.h:83:24:   required from here
/home/ambushee/wil_project/thirdparty/ORB_SLAM3/Thirdparty/g2o/g2o/types/../core/base_binary_edge.h:59:80: warning: ‘Eigen::AlignedBit’ is deprecated [-Wdeprecated-declarations]
   59 |       typedef Eigen::Map<Matrix<double, Di, Dj>, Matrix<double, Di, Dj>::Flags & AlignedBit ? Aligned : Unaligned > HessianBlockType;
      |                                                                          ~~~~~~^~~~~~~~~~~~
In file included from /usr/include/eigen3/Eigen/Core:161,
                 from /home/ambushee/wil_project/thirdparty/ORB_SLAM3/Thirdparty/g2o/g2o/core/base_edge.h:33,
                 from /home/ambushee/wil_project/thirdparty/ORB_SLAM3/Thirdparty/g2o/g2o/core/base_unary_edge.h:34,
                 from /home/ambushee/wil_project/thirdparty/ORB_SLAM3/include/OptimizableTypes.h:22,
                 from /home/ambushee/wil_project/thirdparty/ORB_SLAM3/src/OptimizableTypes.cpp:19:
/usr/include/eigen3/Eigen/src/Core/util/Constants.h:167:37: note: declared here
  167 | EIGEN_DEPRECATED const unsigned int AlignedBit = 0x80;
      |                                     ^~~~~~~~~~
In file included from /home/ambushee/wil_project/thirdparty/ORB_SLAM3/Thirdparty/g2o/g2o/types/types_six_dof_expmap.h:38,
                 from /home/ambushee/wil_project/thirdparty/ORB_SLAM3/include/OptimizableTypes.h:23,
                 from /home/ambushee/wil_project/thirdparty/ORB_SLAM3/src/OptimizableTypes.cpp:19:
/home/ambushee/wil_project/thirdparty/ORB_SLAM3/Thirdparty/g2o/g2o/types/../core/base_binary_edge.h:60:80: warning: ‘Eigen::AlignedBit’ is deprecated [-Wdeprecated-declarations]
   60 |       typedef Eigen::Map<Matrix<double, Dj, Di>, Matrix<double, Dj, Di>::Flags & AlignedBit ? Aligned : Unaligned > HessianBlockTransposedType;
      |                                                                          ~~~~~~^~~~~~~~~~~~
In file included from /usr/include/eigen3/Eigen/Core:161,
                 from /home/ambushee/wil_project/thirdparty/ORB_SLAM3/Thirdparty/g2o/g2o/core/base_edge.h:33,
                 from /home/ambushee/wil_project/thirdparty/ORB_SLAM3/Thirdparty/g2o/g2o/core/base_unary_edge.h:34,
                 from /home/ambushee/wil_project/thirdparty/ORB_SLAM3/include/OptimizableTypes.h:22,
                 from /home/ambushee/wil_project/thirdparty/ORB_SLAM3/src/OptimizableTypes.cpp:19:
/usr/include/eigen3/Eigen/src/Core/util/Constants.h:167:37: note: declared here
  167 | EIGEN_DEPRECATED const unsigned int AlignedBit = 0x80;
      |                                     ^~~~~~~~~~
In file included from /home/ambushee/wil_project/thirdparty/ORB_SLAM3/Thirdparty/g2o/g2o/types/types_six_dof_expmap.h:38,
                 from /home/ambushee/wil_project/thirdparty/ORB_SLAM3/include/OptimizableTypes.h:23,
                 from /home/ambushee/wil_project/thirdparty/ORB_SLAM3/src/OptimizableTypes.cpp:19:
/home/ambushee/wil_project/thirdparty/ORB_SLAM3/Thirdparty/g2o/g2o/types/../core/base_binary_edge.h: In instantiation of ‘class g2o::BaseBinaryEdge<2, Eigen::Matrix<double, 2, 1>, g2o::VertexSBAPointXYZ, g2o::VertexSE3Expmap>’:
/home/ambushee/wil_project/thirdparty/ORB_SLAM3/Thirdparty/g2o/g2o/types/types_six_dof_expmap.h:114:35:   required from here
/home/ambushee/wil_project/thirdparty/ORB_SLAM3/Thirdparty/g2o/g2o/types/../core/base_binary_edge.h:59:80: warning: ‘Eigen::AlignedBit’ is deprecated [-Wdeprecated-declarations]
   59 |       typedef Eigen::Map<Matrix<double, Di, Dj>, Matrix<double, Di, Dj>::Flags & AlignedBit ? Aligned : Unaligned > HessianBlockType;
      |                                                                          ~~~~~~^~~~~~~~~~~~
In file included from /usr/include/eigen3/Eigen/Core:161,
                 from /home/ambushee/wil_project/thirdparty/ORB_SLAM3/Thirdparty/g2o/g2o/core/base_edge.h:33,
                 from /home/ambushee/wil_project/thirdparty/ORB_SLAM3/Thirdparty/g2o/g2o/core/base_unary_edge.h:34,
                 from /home/ambushee/wil_project/thirdparty/ORB_SLAM3/include/OptimizableTypes.h:22,
                 from /home/ambushee/wil_project/thirdparty/ORB_SLAM3/src/OptimizableTypes.cpp:19:
/usr/include/eigen3/Eigen/src/Core/util/Constants.h:167:37: note: declared here
  167 | EIGEN_DEPRECATED const unsigned int AlignedBit = 0x80;
      |                                     ^~~~~~~~~~
In file included from /home/ambushee/wil_project/thirdparty/ORB_SLAM3/Thirdparty/g2o/g2o/types/types_six_dof_expmap.h:38,
                 from /home/ambushee/wil_project/thirdparty/ORB_SLAM3/include/OptimizableTypes.h:23,
                 from /home/ambushee/wil_project/thirdparty/ORB_SLAM3/src/OptimizableTypes.cpp:19:
/home/ambushee/wil_project/thirdparty/ORB_SLAM3/Thirdparty/g2o/g2o/types/../core/base_binary_edge.h:60:80: warning: ‘Eigen::AlignedBit’ is deprecated [-Wdeprecated-declarations]
   60 |       typedef Eigen::Map<Matrix<double, Dj, Di>, Matrix<double, Dj, Di>::Flags & AlignedBit ? Aligned : Unaligned > HessianBlockTransposedType;
      |                                                                          ~~~~~~^~~~~~~~~~~~
In file included from /usr/include/eigen3/Eigen/Core:161,
                 from /home/ambushee/wil_project/thirdparty/ORB_SLAM3/Thirdparty/g2o/g2o/core/base_edge.h:33,
                 from /home/ambushee/wil_project/thirdparty/ORB_SLAM3/Thirdparty/g2o/g2o/core/base_unary_edge.h:34,
                 from /home/ambushee/wil_project/thirdparty/ORB_SLAM3/include/OptimizableTypes.h:22,
                 from /home/ambushee/wil_project/thirdparty/ORB_SLAM3/src/OptimizableTypes.cpp:19:
/usr/include/eigen3/Eigen/src/Core/util/Constants.h:167:37: note: declared here
  167 | EIGEN_DEPRECATED const unsigned int AlignedBit = 0x80;
      |                                     ^~~~~~~~~~
In file included from /home/ambushee/wil_project/thirdparty/ORB_SLAM3/Thirdparty/g2o/g2o/types/types_six_dof_expmap.h:38,
                 from /home/ambushee/wil_project/thirdparty/ORB_SLAM3/include/OptimizableTypes.h:23,
                 from /home/ambushee/wil_project/thirdparty/ORB_SLAM3/src/OptimizableTypes.cpp:19:
/home/ambushee/wil_project/thirdparty/ORB_SLAM3/Thirdparty/g2o/g2o/types/../core/base_binary_edge.h: In instantiation of ‘class g2o::BaseBinaryEdge<3, Eigen::Matrix<double, 3, 1>, g2o::VertexSBAPointXYZ, g2o::VertexSE3Expmap>’:
/home/ambushee/wil_project/thirdparty/ORB_SLAM3/Thirdparty/g2o/g2o/types/types_six_dof_expmap.h:146:41:   required from here
/home/ambushee/wil_project/thirdparty/ORB_SLAM3/Thirdparty/g2o/g2o/types/../core/base_binary_edge.h:59:80: warning: ‘Eigen::AlignedBit’ is deprecated [-Wdeprecated-declarations]
   59 |       typedef Eigen::Map<Matrix<double, Di, Dj>, Matrix<double, Di, Dj>::Flags & AlignedBit ? Aligned : Unaligned > HessianBlockType;
      |                                                                          ~~~~~~^~~~~~~~~~~~
In file included from /usr/include/eigen3/Eigen/Core:161,
                 from /home/ambushee/wil_project/thirdparty/ORB_SLAM3/Thirdparty/g2o/g2o/core/base_edge.h:33,
                 from /home/ambushee/wil_project/thirdparty/ORB_SLAM3/Thirdparty/g2o/g2o/core/base_unary_edge.h:34,
                 from /home/ambushee/wil_project/thirdparty/ORB_SLAM3/include/OptimizableTypes.h:22,
                 from /home/ambushee/wil_project/thirdparty/ORB_SLAM3/src/OptimizableTypes.cpp:19:
/usr/include/eigen3/Eigen/src/Core/util/Constants.h:167:37: note: declared here
  167 | EIGEN_DEPRECATED const unsigned int AlignedBit = 0x80;
      |                                     ^~~~~~~~~~
In file included from /home/ambushee/wil_project/thirdparty/ORB_SLAM3/Thirdparty/g2o/g2o/types/types_six_dof_expmap.h:38,
                 from /home/ambushee/wil_project/thirdparty/ORB_SLAM3/include/OptimizableTypes.h:23,
                 from /home/ambushee/wil_project/thirdparty/ORB_SLAM3/src/OptimizableTypes.cpp:19:
/home/ambushee/wil_project/thirdparty/ORB_SLAM3/Thirdparty/g2o/g2o/types/../core/base_binary_edge.h:60:80: warning: ‘Eigen::AlignedBit’ is deprecated [-Wdeprecated-declarations]
   60 |       typedef Eigen::Map<Matrix<double, Dj, Di>, Matrix<double, Dj, Di>::Flags & AlignedBit ? Aligned : Unaligned > HessianBlockTransposedType;
      |                                                                          ~~~~~~^~~~~~~~~~~~
In file included from /usr/include/eigen3/Eigen/Core:161,
                 from /home/ambushee/wil_project/thirdparty/ORB_SLAM3/Thirdparty/g2o/g2o/core/base_edge.h:33,
                 from /home/ambushee/wil_project/thirdparty/ORB_SLAM3/Thirdparty/g2o/g2o/core/base_unary_edge.h:34,
                 from /home/ambushee/wil_project/thirdparty/ORB_SLAM3/include/OptimizableTypes.h:22,
                 from /home/ambushee/wil_project/thirdparty/ORB_SLAM3/src/OptimizableTypes.cpp:19:
/usr/include/eigen3/Eigen/src/Core/util/Constants.h:167:37: note: declared here
  167 | EIGEN_DEPRECATED const unsigned int AlignedBit = 0x80;
      |                                     ^~~~~~~~~~
In file included from /home/ambushee/wil_project/thirdparty/ORB_SLAM3/Thirdparty/g2o/g2o/types/types_six_dof_expmap.h:37,
                 from /home/ambushee/wil_project/thirdparty/ORB_SLAM3/include/OptimizableTypes.h:23,
                 from /home/ambushee/wil_project/thirdparty/ORB_SLAM3/src/OptimizableTypes.cpp:19:
/home/ambushee/wil_project/thirdparty/ORB_SLAM3/Thirdparty/g2o/g2o/types/../core/base_vertex.h: In instantiation of ‘class g2o::BaseVertex<7, g2o::Sim3>’:
/home/ambushee/wil_project/thirdparty/ORB_SLAM3/Thirdparty/g2o/g2o/types/types_seven_dof_expmap.h:48:35:   required from here
/home/ambushee/wil_project/thirdparty/ORB_SLAM3/Thirdparty/g2o/g2o/types/../core/base_vertex.h:62:72: warning: ‘Eigen::AlignedBit’ is deprecated [-Wdeprecated-declarations]
   62 |     typedef Eigen::Map<Matrix<double, D, D>, Matrix<double,D,D>::Flags & AlignedBit ? Aligned : Unaligned >  HessianBlockType;
      |                                                                  ~~~~~~^~~~~~~~~~~~
In file included from /usr/include/eigen3/Eigen/Core:161,
                 from /home/ambushee/wil_project/thirdparty/ORB_SLAM3/Thirdparty/g2o/g2o/core/base_edge.h:33,
                 from /home/ambushee/wil_project/thirdparty/ORB_SLAM3/Thirdparty/g2o/g2o/core/base_unary_edge.h:34,
                 from /home/ambushee/wil_project/thirdparty/ORB_SLAM3/include/OptimizableTypes.h:22,
                 from /home/ambushee/wil_project/thirdparty/ORB_SLAM3/src/OptimizableTypes.cpp:19:
/usr/include/eigen3/Eigen/src/Core/util/Constants.h:167:37: note: declared here
  167 | EIGEN_DEPRECATED const unsigned int AlignedBit = 0x80;
      |                                     ^~~~~~~~~~
In file included from /home/ambushee/wil_project/thirdparty/ORB_SLAM3/Thirdparty/g2o/g2o/types/types_six_dof_expmap.h:38,
                 from /home/ambushee/wil_project/thirdparty/ORB_SLAM3/include/OptimizableTypes.h:23,
                 from /home/ambushee/wil_project/thirdparty/ORB_SLAM3/src/OptimizableTypes.cpp:19:
/home/ambushee/wil_project/thirdparty/ORB_SLAM3/Thirdparty/g2o/g2o/types/../core/base_binary_edge.h: In instantiation of ‘class g2o::BaseBinaryEdge<7, g2o::Sim3, g2o::VertexSim3Expmap, g2o::VertexSim3Expmap>’:
/home/ambushee/wil_project/thirdparty/ORB_SLAM3/Thirdparty/g2o/g2o/types/types_seven_dof_expmap.h:99:27:   required from here
/home/ambushee/wil_project/thirdparty/ORB_SLAM3/Thirdparty/g2o/g2o/types/../core/base_binary_edge.h:59:80: warning: ‘Eigen::AlignedBit’ is deprecated [-Wdeprecated-declarations]
   59 |       typedef Eigen::Map<Matrix<double, Di, Dj>, Matrix<double, Di, Dj>::Flags & AlignedBit ? Aligned : Unaligned > HessianBlockType;
      |                                                                          ~~~~~~^~~~~~~~~~~~
In file included from /usr/include/eigen3/Eigen/Core:161,
                 from /home/ambushee/wil_project/thirdparty/ORB_SLAM3/Thirdparty/g2o/g2o/core/base_edge.h:33,
                 from /home/ambushee/wil_project/thirdparty/ORB_SLAM3/Thirdparty/g2o/g2o/core/base_unary_edge.h:34,
                 from /home/ambushee/wil_project/thirdparty/ORB_SLAM3/include/OptimizableTypes.h:22,
                 from /home/ambushee/wil_project/thirdparty/ORB_SLAM3/src/OptimizableTypes.cpp:19:
/usr/include/eigen3/Eigen/src/Core/util/Constants.h:167:37: note: declared here
  167 | EIGEN_DEPRECATED const unsigned int AlignedBit = 0x80;
      |                                     ^~~~~~~~~~
In file included from /home/ambushee/wil_project/thirdparty/ORB_SLAM3/Thirdparty/g2o/g2o/types/types_six_dof_expmap.h:38,
                 from /home/ambushee/wil_project/thirdparty/ORB_SLAM3/include/OptimizableTypes.h:23,
                 from /home/ambushee/wil_project/thirdparty/ORB_SLAM3/src/OptimizableTypes.cpp:19:
/home/ambushee/wil_project/thirdparty/ORB_SLAM3/Thirdparty/g2o/g2o/types/../core/base_binary_edge.h:60:80: warning: ‘Eigen::AlignedBit’ is deprecated [-Wdeprecated-declarations]
   60 |       typedef Eigen::Map<Matrix<double, Dj, Di>, Matrix<double, Dj, Di>::Flags & AlignedBit ? Aligned : Unaligned > HessianBlockTransposedType;
      |                                                                          ~~~~~~^~~~~~~~~~~~
In file included from /usr/include/eigen3/Eigen/Core:161,
                 from /home/ambushee/wil_project/thirdparty/ORB_SLAM3/Thirdparty/g2o/g2o/core/base_edge.h:33,
                 from /home/ambushee/wil_project/thirdparty/ORB_SLAM3/Thirdparty/g2o/g2o/core/base_unary_edge.h:34,
                 from /home/ambushee/wil_project/thirdparty/ORB_SLAM3/include/OptimizableTypes.h:22,
                 from /home/ambushee/wil_project/thirdparty/ORB_SLAM3/src/OptimizableTypes.cpp:19:
/usr/include/eigen3/Eigen/src/Core/util/Constants.h:167:37: note: declared here
  167 | EIGEN_DEPRECATED const unsigned int AlignedBit = 0x80;
      |                                     ^~~~~~~~~~
In file included from /home/ambushee/wil_project/thirdparty/ORB_SLAM3/Thirdparty/g2o/g2o/types/types_six_dof_expmap.h:38,
                 from /home/ambushee/wil_project/thirdparty/ORB_SLAM3/include/OptimizableTypes.h:23,
                 from /home/ambushee/wil_project/thirdparty/ORB_SLAM3/src/OptimizableTypes.cpp:19:
/home/ambushee/wil_project/thirdparty/ORB_SLAM3/Thirdparty/g2o/g2o/types/../core/base_binary_edge.h: In instantiation of ‘class g2o::BaseBinaryEdge<2, Eigen::Matrix<double, 2, 1>, g2o::VertexSBAPointXYZ, g2o::VertexSim3Expmap>’:
/home/ambushee/wil_project/thirdparty/ORB_SLAM3/Thirdparty/g2o/g2o/types/types_seven_dof_expmap.h:130:36:   required from here
/home/ambushee/wil_project/thirdparty/ORB_SLAM3/Thirdparty/g2o/g2o/types/../core/base_binary_edge.h:59:80: warning: ‘Eigen::AlignedBit’ is deprecated [-Wdeprecated-declarations]
   59 |       typedef Eigen::Map<Matrix<double, Di, Dj>, Matrix<double, Di, Dj>::Flags & AlignedBit ? Aligned : Unaligned > HessianBlockType;
      |                                                                          ~~~~~~^~~~~~~~~~~~
In file included from /usr/include/eigen3/Eigen/Core:161,
                 from /home/ambushee/wil_project/thirdparty/ORB_SLAM3/Thirdparty/g2o/g2o/core/base_edge.h:33,
                 from /home/ambushee/wil_project/thirdparty/ORB_SLAM3/Thirdparty/g2o/g2o/core/base_unary_edge.h:34,
                 from /home/ambushee/wil_project/thirdparty/ORB_SLAM3/include/OptimizableTypes.h:22,
                 from /home/ambushee/wil_project/thirdparty/ORB_SLAM3/src/OptimizableTypes.cpp:19:
/usr/include/eigen3/Eigen/src/Core/util/Constants.h:167:37: note: declared here
  167 | EIGEN_DEPRECATED const unsigned int AlignedBit = 0x80;
      |                                     ^~~~~~~~~~
In file included from /home/ambushee/wil_project/thirdparty/ORB_SLAM3/Thirdparty/g2o/g2o/types/types_six_dof_expmap.h:38,
                 from /home/ambushee/wil_project/thirdparty/ORB_SLAM3/include/OptimizableTypes.h:23,
                 from /home/ambushee/wil_project/thirdparty/ORB_SLAM3/src/OptimizableTypes.cpp:19:
/home/ambushee/wil_project/thirdparty/ORB_SLAM3/Thirdparty/g2o/g2o/types/../core/base_binary_edge.h:60:80: warning: ‘Eigen::AlignedBit’ is deprecated [-Wdeprecated-declarations]
   60 |       typedef Eigen::Map<Matrix<double, Dj, Di>, Matrix<double, Dj, Di>::Flags & AlignedBit ? Aligned : Unaligned > HessianBlockTransposedType;
      |                                                                          ~~~~~~^~~~~~~~~~~~
In file included from /usr/include/eigen3/Eigen/Core:161,
                 from /home/ambushee/wil_project/thirdparty/ORB_SLAM3/Thirdparty/g2o/g2o/core/base_edge.h:33,
                 from /home/ambushee/wil_project/thirdparty/ORB_SLAM3/Thirdparty/g2o/g2o/core/base_unary_edge.h:34,
                 from /home/ambushee/wil_project/thirdparty/ORB_SLAM3/include/OptimizableTypes.h:22,
                 from /home/ambushee/wil_project/thirdparty/ORB_SLAM3/src/OptimizableTypes.cpp:19:
/usr/include/eigen3/Eigen/src/Core/util/Constants.h:167:37: note: declared here
  167 | EIGEN_DEPRECATED const unsigned int AlignedBit = 0x80;
      |                                     ^~~~~~~~~~
In file included from /home/ambushee/wil_project/thirdparty/ORB_SLAM3/Thirdparty/g2o/g2o/types/types_six_dof_expmap.h:38,
                 from /home/ambushee/wil_project/thirdparty/ORB_SLAM3/include/OptimizableTypes.h:23,
                 from /home/ambushee/wil_project/thirdparty/ORB_SLAM3/src/OptimizableTypes.cpp:19:
/home/ambushee/wil_project/thirdparty/ORB_SLAM3/Thirdparty/g2o/g2o/types/../core/base_binary_edge.h: In instantiation of ‘class g2o::BaseBinaryEdge<2, Eigen::Matrix<double, 2, 1>, g2o::VertexSBAPointXYZ, ORB_SLAM3::VertexSim3Expmap>’:
/home/ambushee/wil_project/thirdparty/ORB_SLAM3/include/OptimizableTypes.h:175:41:   required from here
/home/ambushee/wil_project/thirdparty/ORB_SLAM3/Thirdparty/g2o/g2o/types/../core/base_binary_edge.h:59:80: warning: ‘Eigen::AlignedBit’ is deprecated [-Wdeprecated-declarations]
   59 |       typedef Eigen::Map<Matrix<double, Di, Dj>, Matrix<double, Di, Dj>::Flags & AlignedBit ? Aligned : Unaligned > HessianBlockType;
      |                                                                          ~~~~~~^~~~~~~~~~~~
In file included from /usr/include/eigen3/Eigen/Core:161,
                 from /home/ambushee/wil_project/thirdparty/ORB_SLAM3/Thirdparty/g2o/g2o/core/base_edge.h:33,
                 from /home/ambushee/wil_project/thirdparty/ORB_SLAM3/Thirdparty/g2o/g2o/core/base_unary_edge.h:34,
                 from /home/ambushee/wil_project/thirdparty/ORB_SLAM3/include/OptimizableTypes.h:22,
                 from /home/ambushee/wil_project/thirdparty/ORB_SLAM3/src/OptimizableTypes.cpp:19:
/usr/include/eigen3/Eigen/src/Core/util/Constants.h:167:37: note: declared here
  167 | EIGEN_DEPRECATED const unsigned int AlignedBit = 0x80;
      |                                     ^~~~~~~~~~
In file included from /home/ambushee/wil_project/thirdparty/ORB_SLAM3/Thirdparty/g2o/g2o/types/types_six_dof_expmap.h:38,
                 from /home/ambushee/wil_project/thirdparty/ORB_SLAM3/include/OptimizableTypes.h:23,
                 from /home/ambushee/wil_project/thirdparty/ORB_SLAM3/src/OptimizableTypes.cpp:19:
/home/ambushee/wil_project/thirdparty/ORB_SLAM3/Thirdparty/g2o/g2o/types/../core/base_binary_edge.h:60:80: warning: ‘Eigen::AlignedBit’ is deprecated [-Wdeprecated-declarations]
   60 |       typedef Eigen::Map<Matrix<double, Dj, Di>, Matrix<double, Dj, Di>::Flags & AlignedBit ? Aligned : Unaligned > HessianBlockTransposedType;
      |                                                                          ~~~~~~^~~~~~~~~~~~
In file included from /usr/include/eigen3/Eigen/Core:161,
                 from /home/ambushee/wil_project/thirdparty/ORB_SLAM3/Thirdparty/g2o/g2o/core/base_edge.h:33,
                 from /home/ambushee/wil_project/thirdparty/ORB_SLAM3/Thirdparty/g2o/g2o/core/base_unary_edge.h:34,
                 from /home/ambushee/wil_project/thirdparty/ORB_SLAM3/include/OptimizableTypes.h:22,
                 from /home/ambushee/wil_project/thirdparty/ORB_SLAM3/src/OptimizableTypes.cpp:19:
/usr/include/eigen3/Eigen/src/Core/util/Constants.h:167:37: note: declared here
  167 | EIGEN_DEPRECATED const unsigned int AlignedBit = 0x80;
      |                                     ^~~~~~~~~~
[ 75%] Building CXX object CMakeFiles/ORB_SLAM3.dir/src/GeometricTools.cc.o
In file included from /home/ambushee/wil_project/thirdparty/ORB_SLAM3/include/Frame.h:30,
                 from /home/ambushee/wil_project/thirdparty/ORB_SLAM3/include/KeyFrame.h:28,
                 from /home/ambushee/wil_project/thirdparty/ORB_SLAM3/include/MapPoint.h:23,
                 from /home/ambushee/wil_project/thirdparty/ORB_SLAM3/include/MLPnPsolver.h:52,
                 from /home/ambushee/wil_project/thirdparty/ORB_SLAM3/src/MLPnPsolver.cpp:49:
/home/ambushee/wil_project/thirdparty/ORB_SLAM3/include/ImuTypes.h: In member function ‘void ORB_SLAM3::IMU::Preintegrated::printMeasurements() const’:
/home/ambushee/wil_project/thirdparty/ORB_SLAM3/include/ImuTypes.h:204:23: warning: comparison of integer expressions of different signedness: ‘int’ and ‘std::vector<ORB_SLAM3::IMU::Preintegrated::integrable>::size_type’ {aka ‘long unsigned int’} [-Wsign-compare]
  204 |         for(int i=0; i<mvMeasurements.size(); i++){
      |                      ~^~~~~~~~~~~~~~~~~~~~~~
In file included from /home/ambushee/wil_project/thirdparty/ORB_SLAM3/Thirdparty/g2o/g2o/types/types_six_dof_expmap.h:37,
                 from /home/ambushee/wil_project/thirdparty/ORB_SLAM3/include/Converter.h:26,
                 from /home/ambushee/wil_project/thirdparty/ORB_SLAM3/include/Frame.h:33,
                 from /home/ambushee/wil_project/thirdparty/ORB_SLAM3/include/KeyFrame.h:28,
                 from /home/ambushee/wil_project/thirdparty/ORB_SLAM3/include/MapPoint.h:23,
                 from /home/ambushee/wil_project/thirdparty/ORB_SLAM3/include/MLPnPsolver.h:52,
                 from /home/ambushee/wil_project/thirdparty/ORB_SLAM3/src/MLPnPsolver.cpp:49:
/home/ambushee/wil_project/thirdparty/ORB_SLAM3/Thirdparty/g2o/g2o/types/../core/base_vertex.h: At global scope:
/home/ambushee/wil_project/thirdparty/ORB_SLAM3/Thirdparty/g2o/g2o/types/../core/base_vertex.h:62:74: warning: ‘Eigen::AlignedBit’ is deprecated [-Wdeprecated-declarations]
   62 |     typedef Eigen::Map<Matrix<double, D, D>, Matrix<double,D,D>::Flags & AlignedBit ? Aligned : Unaligned >  HessianBlockType;
      |                                                                          ^~~~~~~~~~
In file included from /usr/include/eigen3/Eigen/Core:161,
                 from /usr/include/eigen3/Eigen/LU:11,
                 from /home/ambushee/wil_project/thirdparty/ORB_SLAM3/Thirdparty/Sophus/sophus/so2.hpp:12,
                 from /home/ambushee/wil_project/thirdparty/ORB_SLAM3/Thirdparty/Sophus/sophus/se2.hpp:7,
                 from /home/ambushee/wil_project/thirdparty/ORB_SLAM3/Thirdparty/Sophus/sophus/geometry.hpp:7,
                 from /home/ambushee/wil_project/thirdparty/ORB_SLAM3/include/Frame.h:28,
                 from /home/ambushee/wil_project/thirdparty/ORB_SLAM3/include/KeyFrame.h:28,
                 from /home/ambushee/wil_project/thirdparty/ORB_SLAM3/include/MapPoint.h:23,
                 from /home/ambushee/wil_project/thirdparty/ORB_SLAM3/include/MLPnPsolver.h:52,
                 from /home/ambushee/wil_project/thirdparty/ORB_SLAM3/src/MLPnPsolver.cpp:49:
/usr/include/eigen3/Eigen/src/Core/util/Constants.h:167:37: note: declared here
  167 | EIGEN_DEPRECATED const unsigned int AlignedBit = 0x80;
      |                                     ^~~~~~~~~~
In file included from /home/ambushee/wil_project/thirdparty/ORB_SLAM3/Thirdparty/g2o/g2o/types/types_six_dof_expmap.h:38,
                 from /home/ambushee/wil_project/thirdparty/ORB_SLAM3/include/Converter.h:26,
                 from /home/ambushee/wil_project/thirdparty/ORB_SLAM3/include/Frame.h:33,
                 from /home/ambushee/wil_project/thirdparty/ORB_SLAM3/include/KeyFrame.h:28,
                 from /home/ambushee/wil_project/thirdparty/ORB_SLAM3/include/MapPoint.h:23,
                 from /home/ambushee/wil_project/thirdparty/ORB_SLAM3/include/MLPnPsolver.h:52,
                 from /home/ambushee/wil_project/thirdparty/ORB_SLAM3/src/MLPnPsolver.cpp:49:
/home/ambushee/wil_project/thirdparty/ORB_SLAM3/Thirdparty/g2o/g2o/types/../core/base_binary_edge.h:59:82: warning: ‘Eigen::AlignedBit’ is deprecated [-Wdeprecated-declarations]
   59 |       typedef Eigen::Map<Matrix<double, Di, Dj>, Matrix<double, Di, Dj>::Flags & AlignedBit ? Aligned : Unaligned > HessianBlockType;
      |                                                                                  ^~~~~~~~~~
In file included from /usr/include/eigen3/Eigen/Core:161,
                 from /usr/include/eigen3/Eigen/LU:11,
                 from /home/ambushee/wil_project/thirdparty/ORB_SLAM3/Thirdparty/Sophus/sophus/so2.hpp:12,
                 from /home/ambushee/wil_project/thirdparty/ORB_SLAM3/Thirdparty/Sophus/sophus/se2.hpp:7,
                 from /home/ambushee/wil_project/thirdparty/ORB_SLAM3/Thirdparty/Sophus/sophus/geometry.hpp:7,
                 from /home/ambushee/wil_project/thirdparty/ORB_SLAM3/include/Frame.h:28,
                 from /home/ambushee/wil_project/thirdparty/ORB_SLAM3/include/KeyFrame.h:28,
                 from /home/ambushee/wil_project/thirdparty/ORB_SLAM3/include/MapPoint.h:23,
                 from /home/ambushee/wil_project/thirdparty/ORB_SLAM3/include/MLPnPsolver.h:52,
                 from /home/ambushee/wil_project/thirdparty/ORB_SLAM3/src/MLPnPsolver.cpp:49:
/usr/include/eigen3/Eigen/src/Core/util/Constants.h:167:37: note: declared here
  167 | EIGEN_DEPRECATED const unsigned int AlignedBit = 0x80;
      |                                     ^~~~~~~~~~
In file included from /home/ambushee/wil_project/thirdparty/ORB_SLAM3/Thirdparty/g2o/g2o/types/types_six_dof_expmap.h:38,
                 from /home/ambushee/wil_project/thirdparty/ORB_SLAM3/include/Converter.h:26,
                 from /home/ambushee/wil_project/thirdparty/ORB_SLAM3/include/Frame.h:33,
                 from /home/ambushee/wil_project/thirdparty/ORB_SLAM3/include/KeyFrame.h:28,
                 from /home/ambushee/wil_project/thirdparty/ORB_SLAM3/include/MapPoint.h:23,
                 from /home/ambushee/wil_project/thirdparty/ORB_SLAM3/include/MLPnPsolver.h:52,
                 from /home/ambushee/wil_project/thirdparty/ORB_SLAM3/src/MLPnPsolver.cpp:49:
/home/ambushee/wil_project/thirdparty/ORB_SLAM3/Thirdparty/g2o/g2o/types/../core/base_binary_edge.h:60:82: warning: ‘Eigen::AlignedBit’ is deprecated [-Wdeprecated-declarations]
   60 |       typedef Eigen::Map<Matrix<double, Dj, Di>, Matrix<double, Dj, Di>::Flags & AlignedBit ? Aligned : Unaligned > HessianBlockTransposedType;
      |                                                                                  ^~~~~~~~~~
In file included from /usr/include/eigen3/Eigen/Core:161,
                 from /usr/include/eigen3/Eigen/LU:11,
                 from /home/ambushee/wil_project/thirdparty/ORB_SLAM3/Thirdparty/Sophus/sophus/so2.hpp:12,
                 from /home/ambushee/wil_project/thirdparty/ORB_SLAM3/Thirdparty/Sophus/sophus/se2.hpp:7,
                 from /home/ambushee/wil_project/thirdparty/ORB_SLAM3/Thirdparty/Sophus/sophus/geometry.hpp:7,
                 from /home/ambushee/wil_project/thirdparty/ORB_SLAM3/include/Frame.h:28,
                 from /home/ambushee/wil_project/thirdparty/ORB_SLAM3/include/KeyFrame.h:28,
                 from /home/ambushee/wil_project/thirdparty/ORB_SLAM3/include/MapPoint.h:23,
                 from /home/ambushee/wil_project/thirdparty/ORB_SLAM3/include/MLPnPsolver.h:52,
                 from /home/ambushee/wil_project/thirdparty/ORB_SLAM3/src/MLPnPsolver.cpp:49:
/usr/include/eigen3/Eigen/src/Core/util/Constants.h:167:37: note: declared here
  167 | EIGEN_DEPRECATED const unsigned int AlignedBit = 0x80;
      |                                     ^~~~~~~~~~
In file included from /home/ambushee/wil_project/thirdparty/ORB_SLAM3/Thirdparty/g2o/g2o/types/types_six_dof_expmap.h:37,
                 from /home/ambushee/wil_project/thirdparty/ORB_SLAM3/include/Converter.h:26,
                 from /home/ambushee/wil_project/thirdparty/ORB_SLAM3/include/Frame.h:33,
                 from /home/ambushee/wil_project/thirdparty/ORB_SLAM3/include/KeyFrame.h:28,
                 from /home/ambushee/wil_project/thirdparty/ORB_SLAM3/include/MapPoint.h:23,
                 from /home/ambushee/wil_project/thirdparty/ORB_SLAM3/include/MLPnPsolver.h:52,
                 from /home/ambushee/wil_project/thirdparty/ORB_SLAM3/src/MLPnPsolver.cpp:49:
/home/ambushee/wil_project/thirdparty/ORB_SLAM3/Thirdparty/g2o/g2o/types/../core/base_vertex.h: In instantiation of ‘class g2o::BaseVertex<3, Eigen::Matrix<double, 3, 1> >’:
/home/ambushee/wil_project/thirdparty/ORB_SLAM3/Thirdparty/g2o/g2o/types/types_sba.h:40:35:   required from here
/home/ambushee/wil_project/thirdparty/ORB_SLAM3/Thirdparty/g2o/g2o/types/../core/base_vertex.h:62:72: warning: ‘Eigen::AlignedBit’ is deprecated [-Wdeprecated-declarations]
   62 |     typedef Eigen::Map<Matrix<double, D, D>, Matrix<double,D,D>::Flags & AlignedBit ? Aligned : Unaligned >  HessianBlockType;
      |                                                                  ~~~~~~^~~~~~~~~~~~
In file included from /usr/include/eigen3/Eigen/Core:161,
                 from /usr/include/eigen3/Eigen/LU:11,
                 from /home/ambushee/wil_project/thirdparty/ORB_SLAM3/Thirdparty/Sophus/sophus/so2.hpp:12,
                 from /home/ambushee/wil_project/thirdparty/ORB_SLAM3/Thirdparty/Sophus/sophus/se2.hpp:7,
                 from /home/ambushee/wil_project/thirdparty/ORB_SLAM3/Thirdparty/Sophus/sophus/geometry.hpp:7,
                 from /home/ambushee/wil_project/thirdparty/ORB_SLAM3/include/Frame.h:28,
                 from /home/ambushee/wil_project/thirdparty/ORB_SLAM3/include/KeyFrame.h:28,
                 from /home/ambushee/wil_project/thirdparty/ORB_SLAM3/include/MapPoint.h:23,
                 from /home/ambushee/wil_project/thirdparty/ORB_SLAM3/include/MLPnPsolver.h:52,
                 from /home/ambushee/wil_project/thirdparty/ORB_SLAM3/src/MLPnPsolver.cpp:49:
/usr/include/eigen3/Eigen/src/Core/util/Constants.h:167:37: note: declared here
  167 | EIGEN_DEPRECATED const unsigned int AlignedBit = 0x80;
      |                                     ^~~~~~~~~~
In file included from /home/ambushee/wil_project/thirdparty/ORB_SLAM3/Thirdparty/g2o/g2o/types/types_six_dof_expmap.h:37,
                 from /home/ambushee/wil_project/thirdparty/ORB_SLAM3/include/Converter.h:26,
                 from /home/ambushee/wil_project/thirdparty/ORB_SLAM3/include/Frame.h:33,
                 from /home/ambushee/wil_project/thirdparty/ORB_SLAM3/include/KeyFrame.h:28,
                 from /home/ambushee/wil_project/thirdparty/ORB_SLAM3/include/MapPoint.h:23,
                 from /home/ambushee/wil_project/thirdparty/ORB_SLAM3/include/MLPnPsolver.h:52,
                 from /home/ambushee/wil_project/thirdparty/ORB_SLAM3/src/MLPnPsolver.cpp:49:
/home/ambushee/wil_project/thirdparty/ORB_SLAM3/Thirdparty/g2o/g2o/types/../core/base_vertex.h: In instantiation of ‘class g2o::BaseVertex<6, g2o::SE3Quat>’:
/home/ambushee/wil_project/thirdparty/ORB_SLAM3/Thirdparty/g2o/g2o/types/types_six_dof_expmap.h:59:33:   required from here
/home/ambushee/wil_project/thirdparty/ORB_SLAM3/Thirdparty/g2o/g2o/types/../core/base_vertex.h:62:72: warning: ‘Eigen::AlignedBit’ is deprecated [-Wdeprecated-declarations]
   62 |     typedef Eigen::Map<Matrix<double, D, D>, Matrix<double,D,D>::Flags & AlignedBit ? Aligned : Unaligned >  HessianBlockType;
      |                                                                  ~~~~~~^~~~~~~~~~~~
In file included from /usr/include/eigen3/Eigen/Core:161,
                 from /usr/include/eigen3/Eigen/LU:11,
                 from /home/ambushee/wil_project/thirdparty/ORB_SLAM3/Thirdparty/Sophus/sophus/so2.hpp:12,
                 from /home/ambushee/wil_project/thirdparty/ORB_SLAM3/Thirdparty/Sophus/sophus/se2.hpp:7,
                 from /home/ambushee/wil_project/thirdparty/ORB_SLAM3/Thirdparty/Sophus/sophus/geometry.hpp:7,
                 from /home/ambushee/wil_project/thirdparty/ORB_SLAM3/include/Frame.h:28,
                 from /home/ambushee/wil_project/thirdparty/ORB_SLAM3/include/KeyFrame.h:28,
                 from /home/ambushee/wil_project/thirdparty/ORB_SLAM3/include/MapPoint.h:23,
                 from /home/ambushee/wil_project/thirdparty/ORB_SLAM3/include/MLPnPsolver.h:52,
                 from /home/ambushee/wil_project/thirdparty/ORB_SLAM3/src/MLPnPsolver.cpp:49:
/usr/include/eigen3/Eigen/src/Core/util/Constants.h:167:37: note: declared here
  167 | EIGEN_DEPRECATED const unsigned int AlignedBit = 0x80;
      |                                     ^~~~~~~~~~
In file included from /home/ambushee/wil_project/thirdparty/ORB_SLAM3/Thirdparty/g2o/g2o/types/types_six_dof_expmap.h:38,
                 from /home/ambushee/wil_project/thirdparty/ORB_SLAM3/include/Converter.h:26,
                 from /home/ambushee/wil_project/thirdparty/ORB_SLAM3/include/Frame.h:33,
                 from /home/ambushee/wil_project/thirdparty/ORB_SLAM3/include/KeyFrame.h:28,
                 from /home/ambushee/wil_project/thirdparty/ORB_SLAM3/include/MapPoint.h:23,
                 from /home/ambushee/wil_project/thirdparty/ORB_SLAM3/include/MLPnPsolver.h:52,
                 from /home/ambushee/wil_project/thirdparty/ORB_SLAM3/src/MLPnPsolver.cpp:49:
/home/ambushee/wil_project/thirdparty/ORB_SLAM3/Thirdparty/g2o/g2o/types/../core/base_binary_edge.h: In instantiation of ‘class g2o::BaseBinaryEdge<6, g2o::SE3Quat, g2o::VertexSE3Expmap, g2o::VertexSE3Expmap>’:
/home/ambushee/wil_project/thirdparty/ORB_SLAM3/Thirdparty/g2o/g2o/types/types_six_dof_expmap.h:83:24:   required from here
/home/ambushee/wil_project/thirdparty/ORB_SLAM3/Thirdparty/g2o/g2o/types/../core/base_binary_edge.h:59:80: warning: ‘Eigen::AlignedBit’ is deprecated [-Wdeprecated-declarations]
   59 |       typedef Eigen::Map<Matrix<double, Di, Dj>, Matrix<double, Di, Dj>::Flags & AlignedBit ? Aligned : Unaligned > HessianBlockType;
      |                                                                          ~~~~~~^~~~~~~~~~~~
In file included from /usr/include/eigen3/Eigen/Core:161,
                 from /usr/include/eigen3/Eigen/LU:11,
                 from /home/ambushee/wil_project/thirdparty/ORB_SLAM3/Thirdparty/Sophus/sophus/so2.hpp:12,
                 from /home/ambushee/wil_project/thirdparty/ORB_SLAM3/Thirdparty/Sophus/sophus/se2.hpp:7,
                 from /home/ambushee/wil_project/thirdparty/ORB_SLAM3/Thirdparty/Sophus/sophus/geometry.hpp:7,
                 from /home/ambushee/wil_project/thirdparty/ORB_SLAM3/include/Frame.h:28,
                 from /home/ambushee/wil_project/thirdparty/ORB_SLAM3/include/KeyFrame.h:28,
                 from /home/ambushee/wil_project/thirdparty/ORB_SLAM3/include/MapPoint.h:23,
                 from /home/ambushee/wil_project/thirdparty/ORB_SLAM3/include/MLPnPsolver.h:52,
                 from /home/ambushee/wil_project/thirdparty/ORB_SLAM3/src/MLPnPsolver.cpp:49:
/usr/include/eigen3/Eigen/src/Core/util/Constants.h:167:37: note: declared here
  167 | EIGEN_DEPRECATED const unsigned int AlignedBit = 0x80;
      |                                     ^~~~~~~~~~
In file included from /home/ambushee/wil_project/thirdparty/ORB_SLAM3/Thirdparty/g2o/g2o/types/types_six_dof_expmap.h:38,
                 from /home/ambushee/wil_project/thirdparty/ORB_SLAM3/include/Converter.h:26,
                 from /home/ambushee/wil_project/thirdparty/ORB_SLAM3/include/Frame.h:33,
                 from /home/ambushee/wil_project/thirdparty/ORB_SLAM3/include/KeyFrame.h:28,
                 from /home/ambushee/wil_project/thirdparty/ORB_SLAM3/include/MapPoint.h:23,
                 from /home/ambushee/wil_project/thirdparty/ORB_SLAM3/include/MLPnPsolver.h:52,
                 from /home/ambushee/wil_project/thirdparty/ORB_SLAM3/src/MLPnPsolver.cpp:49:
/home/ambushee/wil_project/thirdparty/ORB_SLAM3/Thirdparty/g2o/g2o/types/../core/base_binary_edge.h:60:80: warning: ‘Eigen::AlignedBit’ is deprecated [-Wdeprecated-declarations]
   60 |       typedef Eigen::Map<Matrix<double, Dj, Di>, Matrix<double, Dj, Di>::Flags & AlignedBit ? Aligned : Unaligned > HessianBlockTransposedType;
      |                                                                          ~~~~~~^~~~~~~~~~~~
In file included from /usr/include/eigen3/Eigen/Core:161,
                 from /usr/include/eigen3/Eigen/LU:11,
                 from /home/ambushee/wil_project/thirdparty/ORB_SLAM3/Thirdparty/Sophus/sophus/so2.hpp:12,
                 from /home/ambushee/wil_project/thirdparty/ORB_SLAM3/Thirdparty/Sophus/sophus/se2.hpp:7,
                 from /home/ambushee/wil_project/thirdparty/ORB_SLAM3/Thirdparty/Sophus/sophus/geometry.hpp:7,
                 from /home/ambushee/wil_project/thirdparty/ORB_SLAM3/include/Frame.h:28,
                 from /home/ambushee/wil_project/thirdparty/ORB_SLAM3/include/KeyFrame.h:28,
                 from /home/ambushee/wil_project/thirdparty/ORB_SLAM3/include/MapPoint.h:23,
                 from /home/ambushee/wil_project/thirdparty/ORB_SLAM3/include/MLPnPsolver.h:52,
                 from /home/ambushee/wil_project/thirdparty/ORB_SLAM3/src/MLPnPsolver.cpp:49:
/usr/include/eigen3/Eigen/src/Core/util/Constants.h:167:37: note: declared here
  167 | EIGEN_DEPRECATED const unsigned int AlignedBit = 0x80;
      |                                     ^~~~~~~~~~
In file included from /home/ambushee/wil_project/thirdparty/ORB_SLAM3/Thirdparty/g2o/g2o/types/types_six_dof_expmap.h:38,
                 from /home/ambushee/wil_project/thirdparty/ORB_SLAM3/include/Converter.h:26,
                 from /home/ambushee/wil_project/thirdparty/ORB_SLAM3/include/Frame.h:33,
                 from /home/ambushee/wil_project/thirdparty/ORB_SLAM3/include/KeyFrame.h:28,
                 from /home/ambushee/wil_project/thirdparty/ORB_SLAM3/include/MapPoint.h:23,
                 from /home/ambushee/wil_project/thirdparty/ORB_SLAM3/include/MLPnPsolver.h:52,
                 from /home/ambushee/wil_project/thirdparty/ORB_SLAM3/src/MLPnPsolver.cpp:49:
/home/ambushee/wil_project/thirdparty/ORB_SLAM3/Thirdparty/g2o/g2o/types/../core/base_binary_edge.h: In instantiation of ‘class g2o::BaseBinaryEdge<2, Eigen::Matrix<double, 2, 1>, g2o::VertexSBAPointXYZ, g2o::VertexSE3Expmap>’:
/home/ambushee/wil_project/thirdparty/ORB_SLAM3/Thirdparty/g2o/g2o/types/types_six_dof_expmap.h:114:35:   required from here
/home/ambushee/wil_project/thirdparty/ORB_SLAM3/Thirdparty/g2o/g2o/types/../core/base_binary_edge.h:59:80: warning: ‘Eigen::AlignedBit’ is deprecated [-Wdeprecated-declarations]
   59 |       typedef Eigen::Map<Matrix<double, Di, Dj>, Matrix<double, Di, Dj>::Flags & AlignedBit ? Aligned : Unaligned > HessianBlockType;
      |                                                                          ~~~~~~^~~~~~~~~~~~
In file included from /usr/include/eigen3/Eigen/Core:161,
                 from /usr/include/eigen3/Eigen/LU:11,
                 from /home/ambushee/wil_project/thirdparty/ORB_SLAM3/Thirdparty/Sophus/sophus/so2.hpp:12,
                 from /home/ambushee/wil_project/thirdparty/ORB_SLAM3/Thirdparty/Sophus/sophus/se2.hpp:7,
                 from /home/ambushee/wil_project/thirdparty/ORB_SLAM3/Thirdparty/Sophus/sophus/geometry.hpp:7,
                 from /home/ambushee/wil_project/thirdparty/ORB_SLAM3/include/Frame.h:28,
                 from /home/ambushee/wil_project/thirdparty/ORB_SLAM3/include/KeyFrame.h:28,
                 from /home/ambushee/wil_project/thirdparty/ORB_SLAM3/include/MapPoint.h:23,
                 from /home/ambushee/wil_project/thirdparty/ORB_SLAM3/include/MLPnPsolver.h:52,
                 from /home/ambushee/wil_project/thirdparty/ORB_SLAM3/src/MLPnPsolver.cpp:49:
/usr/include/eigen3/Eigen/src/Core/util/Constants.h:167:37: note: declared here
  167 | EIGEN_DEPRECATED const unsigned int AlignedBit = 0x80;
      |                                     ^~~~~~~~~~
In file included from /home/ambushee/wil_project/thirdparty/ORB_SLAM3/Thirdparty/g2o/g2o/types/types_six_dof_expmap.h:38,
                 from /home/ambushee/wil_project/thirdparty/ORB_SLAM3/include/Converter.h:26,
                 from /home/ambushee/wil_project/thirdparty/ORB_SLAM3/include/Frame.h:33,
                 from /home/ambushee/wil_project/thirdparty/ORB_SLAM3/include/KeyFrame.h:28,
                 from /home/ambushee/wil_project/thirdparty/ORB_SLAM3/include/MapPoint.h:23,
                 from /home/ambushee/wil_project/thirdparty/ORB_SLAM3/include/MLPnPsolver.h:52,
                 from /home/ambushee/wil_project/thirdparty/ORB_SLAM3/src/MLPnPsolver.cpp:49:
/home/ambushee/wil_project/thirdparty/ORB_SLAM3/Thirdparty/g2o/g2o/types/../core/base_binary_edge.h:60:80: warning: ‘Eigen::AlignedBit’ is deprecated [-Wdeprecated-declarations]
   60 |       typedef Eigen::Map<Matrix<double, Dj, Di>, Matrix<double, Dj, Di>::Flags & AlignedBit ? Aligned : Unaligned > HessianBlockTransposedType;
      |                                                                          ~~~~~~^~~~~~~~~~~~
In file included from /usr/include/eigen3/Eigen/Core:161,
                 from /usr/include/eigen3/Eigen/LU:11,
                 from /home/ambushee/wil_project/thirdparty/ORB_SLAM3/Thirdparty/Sophus/sophus/so2.hpp:12,
                 from /home/ambushee/wil_project/thirdparty/ORB_SLAM3/Thirdparty/Sophus/sophus/se2.hpp:7,
                 from /home/ambushee/wil_project/thirdparty/ORB_SLAM3/Thirdparty/Sophus/sophus/geometry.hpp:7,
                 from /home/ambushee/wil_project/thirdparty/ORB_SLAM3/include/Frame.h:28,
                 from /home/ambushee/wil_project/thirdparty/ORB_SLAM3/include/KeyFrame.h:28,
                 from /home/ambushee/wil_project/thirdparty/ORB_SLAM3/include/MapPoint.h:23,
                 from /home/ambushee/wil_project/thirdparty/ORB_SLAM3/include/MLPnPsolver.h:52,
                 from /home/ambushee/wil_project/thirdparty/ORB_SLAM3/src/MLPnPsolver.cpp:49:
/usr/include/eigen3/Eigen/src/Core/util/Constants.h:167:37: note: declared here
  167 | EIGEN_DEPRECATED const unsigned int AlignedBit = 0x80;
      |                                     ^~~~~~~~~~
In file included from /home/ambushee/wil_project/thirdparty/ORB_SLAM3/Thirdparty/g2o/g2o/types/types_six_dof_expmap.h:38,
                 from /home/ambushee/wil_project/thirdparty/ORB_SLAM3/include/Converter.h:26,
                 from /home/ambushee/wil_project/thirdparty/ORB_SLAM3/include/Frame.h:33,
                 from /home/ambushee/wil_project/thirdparty/ORB_SLAM3/include/KeyFrame.h:28,
                 from /home/ambushee/wil_project/thirdparty/ORB_SLAM3/include/MapPoint.h:23,
                 from /home/ambushee/wil_project/thirdparty/ORB_SLAM3/include/MLPnPsolver.h:52,
                 from /home/ambushee/wil_project/thirdparty/ORB_SLAM3/src/MLPnPsolver.cpp:49:
/home/ambushee/wil_project/thirdparty/ORB_SLAM3/Thirdparty/g2o/g2o/types/../core/base_binary_edge.h: In instantiation of ‘class g2o::BaseBinaryEdge<3, Eigen::Matrix<double, 3, 1>, g2o::VertexSBAPointXYZ, g2o::VertexSE3Expmap>’:
/home/ambushee/wil_project/thirdparty/ORB_SLAM3/Thirdparty/g2o/g2o/types/types_six_dof_expmap.h:146:41:   required from here
/home/ambushee/wil_project/thirdparty/ORB_SLAM3/Thirdparty/g2o/g2o/types/../core/base_binary_edge.h:59:80: warning: ‘Eigen::AlignedBit’ is deprecated [-Wdeprecated-declarations]
   59 |       typedef Eigen::Map<Matrix<double, Di, Dj>, Matrix<double, Di, Dj>::Flags & AlignedBit ? Aligned : Unaligned > HessianBlockType;
      |                                                                          ~~~~~~^~~~~~~~~~~~
In file included from /usr/include/eigen3/Eigen/Core:161,
                 from /usr/include/eigen3/Eigen/LU:11,
                 from /home/ambushee/wil_project/thirdparty/ORB_SLAM3/Thirdparty/Sophus/sophus/so2.hpp:12,
                 from /home/ambushee/wil_project/thirdparty/ORB_SLAM3/Thirdparty/Sophus/sophus/se2.hpp:7,
                 from /home/ambushee/wil_project/thirdparty/ORB_SLAM3/Thirdparty/Sophus/sophus/geometry.hpp:7,
                 from /home/ambushee/wil_project/thirdparty/ORB_SLAM3/include/Frame.h:28,
                 from /home/ambushee/wil_project/thirdparty/ORB_SLAM3/include/KeyFrame.h:28,
                 from /home/ambushee/wil_project/thirdparty/ORB_SLAM3/include/MapPoint.h:23,
                 from /home/ambushee/wil_project/thirdparty/ORB_SLAM3/include/MLPnPsolver.h:52,
                 from /home/ambushee/wil_project/thirdparty/ORB_SLAM3/src/MLPnPsolver.cpp:49:
/usr/include/eigen3/Eigen/src/Core/util/Constants.h:167:37: note: declared here
  167 | EIGEN_DEPRECATED const unsigned int AlignedBit = 0x80;
      |                                     ^~~~~~~~~~
In file included from /home/ambushee/wil_project/thirdparty/ORB_SLAM3/Thirdparty/g2o/g2o/types/types_six_dof_expmap.h:38,
                 from /home/ambushee/wil_project/thirdparty/ORB_SLAM3/include/Converter.h:26,
                 from /home/ambushee/wil_project/thirdparty/ORB_SLAM3/include/Frame.h:33,
                 from /home/ambushee/wil_project/thirdparty/ORB_SLAM3/include/KeyFrame.h:28,
                 from /home/ambushee/wil_project/thirdparty/ORB_SLAM3/include/MapPoint.h:23,
                 from /home/ambushee/wil_project/thirdparty/ORB_SLAM3/include/MLPnPsolver.h:52,
                 from /home/ambushee/wil_project/thirdparty/ORB_SLAM3/src/MLPnPsolver.cpp:49:
/home/ambushee/wil_project/thirdparty/ORB_SLAM3/Thirdparty/g2o/g2o/types/../core/base_binary_edge.h:60:80: warning: ‘Eigen::AlignedBit’ is deprecated [-Wdeprecated-declarations]
   60 |       typedef Eigen::Map<Matrix<double, Dj, Di>, Matrix<double, Dj, Di>::Flags & AlignedBit ? Aligned : Unaligned > HessianBlockTransposedType;
      |                                                                          ~~~~~~^~~~~~~~~~~~
In file included from /usr/include/eigen3/Eigen/Core:161,
                 from /usr/include/eigen3/Eigen/LU:11,
                 from /home/ambushee/wil_project/thirdparty/ORB_SLAM3/Thirdparty/Sophus/sophus/so2.hpp:12,
                 from /home/ambushee/wil_project/thirdparty/ORB_SLAM3/Thirdparty/Sophus/sophus/se2.hpp:7,
                 from /home/ambushee/wil_project/thirdparty/ORB_SLAM3/Thirdparty/Sophus/sophus/geometry.hpp:7,
                 from /home/ambushee/wil_project/thirdparty/ORB_SLAM3/include/Frame.h:28,
                 from /home/ambushee/wil_project/thirdparty/ORB_SLAM3/include/KeyFrame.h:28,
                 from /home/ambushee/wil_project/thirdparty/ORB_SLAM3/include/MapPoint.h:23,
                 from /home/ambushee/wil_project/thirdparty/ORB_SLAM3/include/MLPnPsolver.h:52,
                 from /home/ambushee/wil_project/thirdparty/ORB_SLAM3/src/MLPnPsolver.cpp:49:
/usr/include/eigen3/Eigen/src/Core/util/Constants.h:167:37: note: declared here
  167 | EIGEN_DEPRECATED const unsigned int AlignedBit = 0x80;
      |                                     ^~~~~~~~~~
In file included from /home/ambushee/wil_project/thirdparty/ORB_SLAM3/Thirdparty/g2o/g2o/types/types_six_dof_expmap.h:37,
                 from /home/ambushee/wil_project/thirdparty/ORB_SLAM3/include/Converter.h:26,
                 from /home/ambushee/wil_project/thirdparty/ORB_SLAM3/include/Frame.h:33,
                 from /home/ambushee/wil_project/thirdparty/ORB_SLAM3/include/KeyFrame.h:28,
                 from /home/ambushee/wil_project/thirdparty/ORB_SLAM3/include/MapPoint.h:23,
                 from /home/ambushee/wil_project/thirdparty/ORB_SLAM3/include/MLPnPsolver.h:52,
                 from /home/ambushee/wil_project/thirdparty/ORB_SLAM3/src/MLPnPsolver.cpp:49:
/home/ambushee/wil_project/thirdparty/ORB_SLAM3/Thirdparty/g2o/g2o/types/../core/base_vertex.h: In instantiation of ‘class g2o::BaseVertex<7, g2o::Sim3>’:
/home/ambushee/wil_project/thirdparty/ORB_SLAM3/Thirdparty/g2o/g2o/types/types_seven_dof_expmap.h:48:35:   required from here
/home/ambushee/wil_project/thirdparty/ORB_SLAM3/Thirdparty/g2o/g2o/types/../core/base_vertex.h:62:72: warning: ‘Eigen::AlignedBit’ is deprecated [-Wdeprecated-declarations]
   62 |     typedef Eigen::Map<Matrix<double, D, D>, Matrix<double,D,D>::Flags & AlignedBit ? Aligned : Unaligned >  HessianBlockType;
      |                                                                  ~~~~~~^~~~~~~~~~~~
In file included from /usr/include/eigen3/Eigen/Core:161,
                 from /usr/include/eigen3/Eigen/LU:11,
                 from /home/ambushee/wil_project/thirdparty/ORB_SLAM3/Thirdparty/Sophus/sophus/so2.hpp:12,
                 from /home/ambushee/wil_project/thirdparty/ORB_SLAM3/Thirdparty/Sophus/sophus/se2.hpp:7,
                 from /home/ambushee/wil_project/thirdparty/ORB_SLAM3/Thirdparty/Sophus/sophus/geometry.hpp:7,
                 from /home/ambushee/wil_project/thirdparty/ORB_SLAM3/include/Frame.h:28,
                 from /home/ambushee/wil_project/thirdparty/ORB_SLAM3/include/KeyFrame.h:28,
                 from /home/ambushee/wil_project/thirdparty/ORB_SLAM3/include/MapPoint.h:23,
                 from /home/ambushee/wil_project/thirdparty/ORB_SLAM3/include/MLPnPsolver.h:52,
                 from /home/ambushee/wil_project/thirdparty/ORB_SLAM3/src/MLPnPsolver.cpp:49:
/usr/include/eigen3/Eigen/src/Core/util/Constants.h:167:37: note: declared here
  167 | EIGEN_DEPRECATED const unsigned int AlignedBit = 0x80;
      |                                     ^~~~~~~~~~
In file included from /home/ambushee/wil_project/thirdparty/ORB_SLAM3/Thirdparty/g2o/g2o/types/types_six_dof_expmap.h:38,
                 from /home/ambushee/wil_project/thirdparty/ORB_SLAM3/include/Converter.h:26,
                 from /home/ambushee/wil_project/thirdparty/ORB_SLAM3/include/Frame.h:33,
                 from /home/ambushee/wil_project/thirdparty/ORB_SLAM3/include/KeyFrame.h:28,
                 from /home/ambushee/wil_project/thirdparty/ORB_SLAM3/include/MapPoint.h:23,
                 from /home/ambushee/wil_project/thirdparty/ORB_SLAM3/include/MLPnPsolver.h:52,
                 from /home/ambushee/wil_project/thirdparty/ORB_SLAM3/src/MLPnPsolver.cpp:49:
/home/ambushee/wil_project/thirdparty/ORB_SLAM3/Thirdparty/g2o/g2o/types/../core/base_binary_edge.h: In instantiation of ‘class g2o::BaseBinaryEdge<7, g2o::Sim3, g2o::VertexSim3Expmap, g2o::VertexSim3Expmap>’:
/home/ambushee/wil_project/thirdparty/ORB_SLAM3/Thirdparty/g2o/g2o/types/types_seven_dof_expmap.h:99:27:   required from here
/home/ambushee/wil_project/thirdparty/ORB_SLAM3/Thirdparty/g2o/g2o/types/../core/base_binary_edge.h:59:80: warning: ‘Eigen::AlignedBit’ is deprecated [-Wdeprecated-declarations]
   59 |       typedef Eigen::Map<Matrix<double, Di, Dj>, Matrix<double, Di, Dj>::Flags & AlignedBit ? Aligned : Unaligned > HessianBlockType;
      |                                                                          ~~~~~~^~~~~~~~~~~~
In file included from /usr/include/eigen3/Eigen/Core:161,
                 from /usr/include/eigen3/Eigen/LU:11,
                 from /home/ambushee/wil_project/thirdparty/ORB_SLAM3/Thirdparty/Sophus/sophus/so2.hpp:12,
                 from /home/ambushee/wil_project/thirdparty/ORB_SLAM3/Thirdparty/Sophus/sophus/se2.hpp:7,
                 from /home/ambushee/wil_project/thirdparty/ORB_SLAM3/Thirdparty/Sophus/sophus/geometry.hpp:7,
                 from /home/ambushee/wil_project/thirdparty/ORB_SLAM3/include/Frame.h:28,
                 from /home/ambushee/wil_project/thirdparty/ORB_SLAM3/include/KeyFrame.h:28,
                 from /home/ambushee/wil_project/thirdparty/ORB_SLAM3/include/MapPoint.h:23,
                 from /home/ambushee/wil_project/thirdparty/ORB_SLAM3/include/MLPnPsolver.h:52,
                 from /home/ambushee/wil_project/thirdparty/ORB_SLAM3/src/MLPnPsolver.cpp:49:
/usr/include/eigen3/Eigen/src/Core/util/Constants.h:167:37: note: declared here
  167 | EIGEN_DEPRECATED const unsigned int AlignedBit = 0x80;
      |                                     ^~~~~~~~~~
In file included from /home/ambushee/wil_project/thirdparty/ORB_SLAM3/Thirdparty/g2o/g2o/types/types_six_dof_expmap.h:38,
                 from /home/ambushee/wil_project/thirdparty/ORB_SLAM3/include/Converter.h:26,
                 from /home/ambushee/wil_project/thirdparty/ORB_SLAM3/include/Frame.h:33,
                 from /home/ambushee/wil_project/thirdparty/ORB_SLAM3/include/KeyFrame.h:28,
                 from /home/ambushee/wil_project/thirdparty/ORB_SLAM3/include/MapPoint.h:23,
                 from /home/ambushee/wil_project/thirdparty/ORB_SLAM3/include/MLPnPsolver.h:52,
                 from /home/ambushee/wil_project/thirdparty/ORB_SLAM3/src/MLPnPsolver.cpp:49:
/home/ambushee/wil_project/thirdparty/ORB_SLAM3/Thirdparty/g2o/g2o/types/../core/base_binary_edge.h:60:80: warning: ‘Eigen::AlignedBit’ is deprecated [-Wdeprecated-declarations]
   60 |       typedef Eigen::Map<Matrix<double, Dj, Di>, Matrix<double, Dj, Di>::Flags & AlignedBit ? Aligned : Unaligned > HessianBlockTransposedType;
      |                                                                          ~~~~~~^~~~~~~~~~~~
In file included from /usr/include/eigen3/Eigen/Core:161,
                 from /usr/include/eigen3/Eigen/LU:11,
                 from /home/ambushee/wil_project/thirdparty/ORB_SLAM3/Thirdparty/Sophus/sophus/so2.hpp:12,
                 from /home/ambushee/wil_project/thirdparty/ORB_SLAM3/Thirdparty/Sophus/sophus/se2.hpp:7,
                 from /home/ambushee/wil_project/thirdparty/ORB_SLAM3/Thirdparty/Sophus/sophus/geometry.hpp:7,
                 from /home/ambushee/wil_project/thirdparty/ORB_SLAM3/include/Frame.h:28,
                 from /home/ambushee/wil_project/thirdparty/ORB_SLAM3/include/KeyFrame.h:28,
                 from /home/ambushee/wil_project/thirdparty/ORB_SLAM3/include/MapPoint.h:23,
                 from /home/ambushee/wil_project/thirdparty/ORB_SLAM3/include/MLPnPsolver.h:52,
                 from /home/ambushee/wil_project/thirdparty/ORB_SLAM3/src/MLPnPsolver.cpp:49:
/usr/include/eigen3/Eigen/src/Core/util/Constants.h:167:37: note: declared here
  167 | EIGEN_DEPRECATED const unsigned int AlignedBit = 0x80;
      |                                     ^~~~~~~~~~
In file included from /home/ambushee/wil_project/thirdparty/ORB_SLAM3/Thirdparty/g2o/g2o/types/types_six_dof_expmap.h:38,
                 from /home/ambushee/wil_project/thirdparty/ORB_SLAM3/include/Converter.h:26,
                 from /home/ambushee/wil_project/thirdparty/ORB_SLAM3/include/Frame.h:33,
                 from /home/ambushee/wil_project/thirdparty/ORB_SLAM3/include/KeyFrame.h:28,
                 from /home/ambushee/wil_project/thirdparty/ORB_SLAM3/include/MapPoint.h:23,
                 from /home/ambushee/wil_project/thirdparty/ORB_SLAM3/include/MLPnPsolver.h:52,
                 from /home/ambushee/wil_project/thirdparty/ORB_SLAM3/src/MLPnPsolver.cpp:49:
/home/ambushee/wil_project/thirdparty/ORB_SLAM3/Thirdparty/g2o/g2o/types/../core/base_binary_edge.h: In instantiation of ‘class g2o::BaseBinaryEdge<2, Eigen::Matrix<double, 2, 1>, g2o::VertexSBAPointXYZ, g2o::VertexSim3Expmap>’:
/home/ambushee/wil_project/thirdparty/ORB_SLAM3/Thirdparty/g2o/g2o/types/types_seven_dof_expmap.h:130:36:   required from here
/home/ambushee/wil_project/thirdparty/ORB_SLAM3/Thirdparty/g2o/g2o/types/../core/base_binary_edge.h:59:80: warning: ‘Eigen::AlignedBit’ is deprecated [-Wdeprecated-declarations]
   59 |       typedef Eigen::Map<Matrix<double, Di, Dj>, Matrix<double, Di, Dj>::Flags & AlignedBit ? Aligned : Unaligned > HessianBlockType;
      |                                                                          ~~~~~~^~~~~~~~~~~~
In file included from /usr/include/eigen3/Eigen/Core:161,
                 from /usr/include/eigen3/Eigen/LU:11,
                 from /home/ambushee/wil_project/thirdparty/ORB_SLAM3/Thirdparty/Sophus/sophus/so2.hpp:12,
                 from /home/ambushee/wil_project/thirdparty/ORB_SLAM3/Thirdparty/Sophus/sophus/se2.hpp:7,
                 from /home/ambushee/wil_project/thirdparty/ORB_SLAM3/Thirdparty/Sophus/sophus/geometry.hpp:7,
                 from /home/ambushee/wil_project/thirdparty/ORB_SLAM3/include/Frame.h:28,
                 from /home/ambushee/wil_project/thirdparty/ORB_SLAM3/include/KeyFrame.h:28,
                 from /home/ambushee/wil_project/thirdparty/ORB_SLAM3/include/MapPoint.h:23,
                 from /home/ambushee/wil_project/thirdparty/ORB_SLAM3/include/MLPnPsolver.h:52,
                 from /home/ambushee/wil_project/thirdparty/ORB_SLAM3/src/MLPnPsolver.cpp:49:
/usr/include/eigen3/Eigen/src/Core/util/Constants.h:167:37: note: declared here
  167 | EIGEN_DEPRECATED const unsigned int AlignedBit = 0x80;
      |                                     ^~~~~~~~~~
In file included from /home/ambushee/wil_project/thirdparty/ORB_SLAM3/Thirdparty/g2o/g2o/types/types_six_dof_expmap.h:38,
                 from /home/ambushee/wil_project/thirdparty/ORB_SLAM3/include/Converter.h:26,
                 from /home/ambushee/wil_project/thirdparty/ORB_SLAM3/include/Frame.h:33,
                 from /home/ambushee/wil_project/thirdparty/ORB_SLAM3/include/KeyFrame.h:28,
                 from /home/ambushee/wil_project/thirdparty/ORB_SLAM3/include/MapPoint.h:23,
                 from /home/ambushee/wil_project/thirdparty/ORB_SLAM3/include/MLPnPsolver.h:52,
                 from /home/ambushee/wil_project/thirdparty/ORB_SLAM3/src/MLPnPsolver.cpp:49:
/home/ambushee/wil_project/thirdparty/ORB_SLAM3/Thirdparty/g2o/g2o/types/../core/base_binary_edge.h:60:80: warning: ‘Eigen::AlignedBit’ is deprecated [-Wdeprecated-declarations]
   60 |       typedef Eigen::Map<Matrix<double, Dj, Di>, Matrix<double, Dj, Di>::Flags & AlignedBit ? Aligned : Unaligned > HessianBlockTransposedType;
      |                                                                          ~~~~~~^~~~~~~~~~~~
In file included from /usr/include/eigen3/Eigen/Core:161,
                 from /usr/include/eigen3/Eigen/LU:11,
                 from /home/ambushee/wil_project/thirdparty/ORB_SLAM3/Thirdparty/Sophus/sophus/so2.hpp:12,
                 from /home/ambushee/wil_project/thirdparty/ORB_SLAM3/Thirdparty/Sophus/sophus/se2.hpp:7,
                 from /home/ambushee/wil_project/thirdparty/ORB_SLAM3/Thirdparty/Sophus/sophus/geometry.hpp:7,
                 from /home/ambushee/wil_project/thirdparty/ORB_SLAM3/include/Frame.h:28,
                 from /home/ambushee/wil_project/thirdparty/ORB_SLAM3/include/KeyFrame.h:28,
                 from /home/ambushee/wil_project/thirdparty/ORB_SLAM3/include/MapPoint.h:23,
                 from /home/ambushee/wil_project/thirdparty/ORB_SLAM3/include/MLPnPsolver.h:52,
                 from /home/ambushee/wil_project/thirdparty/ORB_SLAM3/src/MLPnPsolver.cpp:49:
/usr/include/eigen3/Eigen/src/Core/util/Constants.h:167:37: note: declared here
  167 | EIGEN_DEPRECATED const unsigned int AlignedBit = 0x80;
      |                                     ^~~~~~~~~~
In file included from /home/ambushee/wil_project/thirdparty/ORB_SLAM3/include/Frame.h:30,
                 from /home/ambushee/wil_project/thirdparty/ORB_SLAM3/include/MapPoint.h:24,
                 from /home/ambushee/wil_project/thirdparty/ORB_SLAM3/include/KeyFrame.h:23,
                 from /home/ambushee/wil_project/thirdparty/ORB_SLAM3/src/GeometricTools.cc:21:
/home/ambushee/wil_project/thirdparty/ORB_SLAM3/include/ImuTypes.h: In member function ‘void ORB_SLAM3::IMU::Preintegrated::printMeasurements() const’:
/home/ambushee/wil_project/thirdparty/ORB_SLAM3/include/ImuTypes.h:204:23: warning: comparison of integer expressions of different signedness: ‘int’ and ‘std::vector<ORB_SLAM3::IMU::Preintegrated::integrable>::size_type’ {aka ‘long unsigned int’} [-Wsign-compare]
  204 |         for(int i=0; i<mvMeasurements.size(); i++){
      |                      ~^~~~~~~~~~~~~~~~~~~~~~
In file included from /home/ambushee/wil_project/thirdparty/ORB_SLAM3/Thirdparty/g2o/g2o/types/types_six_dof_expmap.h:37,
                 from /home/ambushee/wil_project/thirdparty/ORB_SLAM3/include/Converter.h:26,
                 from /home/ambushee/wil_project/thirdparty/ORB_SLAM3/include/Frame.h:33,
                 from /home/ambushee/wil_project/thirdparty/ORB_SLAM3/include/MapPoint.h:24,
                 from /home/ambushee/wil_project/thirdparty/ORB_SLAM3/include/KeyFrame.h:23,
                 from /home/ambushee/wil_project/thirdparty/ORB_SLAM3/src/GeometricTools.cc:21:
/home/ambushee/wil_project/thirdparty/ORB_SLAM3/Thirdparty/g2o/g2o/types/../core/base_vertex.h: At global scope:
/home/ambushee/wil_project/thirdparty/ORB_SLAM3/Thirdparty/g2o/g2o/types/../core/base_vertex.h:62:74: warning: ‘Eigen::AlignedBit’ is deprecated [-Wdeprecated-declarations]
   62 |     typedef Eigen::Map<Matrix<double, D, D>, Matrix<double,D,D>::Flags & AlignedBit ? Aligned : Unaligned >  HessianBlockType;
      |                                                                          ^~~~~~~~~~
In file included from /usr/include/eigen3/Eigen/Core:161,
                 from /usr/include/eigen3/Eigen/Dense:1,
                 from /home/ambushee/wil_project/thirdparty/ORB_SLAM3/Thirdparty/Sophus/sophus/rotation_matrix.hpp:7,
                 from /home/ambushee/wil_project/thirdparty/ORB_SLAM3/Thirdparty/Sophus/sophus/so3.hpp:7,
                 from /home/ambushee/wil_project/thirdparty/ORB_SLAM3/Thirdparty/Sophus/sophus/se3.hpp:7,
                 from /home/ambushee/wil_project/thirdparty/ORB_SLAM3/include/GeometricTools.h:24,
                 from /home/ambushee/wil_project/thirdparty/ORB_SLAM3/src/GeometricTools.cc:19:
/usr/include/eigen3/Eigen/src/Core/util/Constants.h:167:37: note: declared here
  167 | EIGEN_DEPRECATED const unsigned int AlignedBit = 0x80;
      |                                     ^~~~~~~~~~
In file included from /home/ambushee/wil_project/thirdparty/ORB_SLAM3/Thirdparty/g2o/g2o/types/types_six_dof_expmap.h:38,
                 from /home/ambushee/wil_project/thirdparty/ORB_SLAM3/include/Converter.h:26,
                 from /home/ambushee/wil_project/thirdparty/ORB_SLAM3/include/Frame.h:33,
                 from /home/ambushee/wil_project/thirdparty/ORB_SLAM3/include/MapPoint.h:24,
                 from /home/ambushee/wil_project/thirdparty/ORB_SLAM3/include/KeyFrame.h:23,
                 from /home/ambushee/wil_project/thirdparty/ORB_SLAM3/src/GeometricTools.cc:21:
/home/ambushee/wil_project/thirdparty/ORB_SLAM3/Thirdparty/g2o/g2o/types/../core/base_binary_edge.h:59:82: warning: ‘Eigen::AlignedBit’ is deprecated [-Wdeprecated-declarations]
   59 |       typedef Eigen::Map<Matrix<double, Di, Dj>, Matrix<double, Di, Dj>::Flags & AlignedBit ? Aligned : Unaligned > HessianBlockType;
      |                                                                                  ^~~~~~~~~~
In file included from /usr/include/eigen3/Eigen/Core:161,
                 from /usr/include/eigen3/Eigen/Dense:1,
                 from /home/ambushee/wil_project/thirdparty/ORB_SLAM3/Thirdparty/Sophus/sophus/rotation_matrix.hpp:7,
                 from /home/ambushee/wil_project/thirdparty/ORB_SLAM3/Thirdparty/Sophus/sophus/so3.hpp:7,
                 from /home/ambushee/wil_project/thirdparty/ORB_SLAM3/Thirdparty/Sophus/sophus/se3.hpp:7,
                 from /home/ambushee/wil_project/thirdparty/ORB_SLAM3/include/GeometricTools.h:24,
                 from /home/ambushee/wil_project/thirdparty/ORB_SLAM3/src/GeometricTools.cc:19:
/usr/include/eigen3/Eigen/src/Core/util/Constants.h:167:37: note: declared here
  167 | EIGEN_DEPRECATED const unsigned int AlignedBit = 0x80;
      |                                     ^~~~~~~~~~
In file included from /home/ambushee/wil_project/thirdparty/ORB_SLAM3/Thirdparty/g2o/g2o/types/types_six_dof_expmap.h:38,
                 from /home/ambushee/wil_project/thirdparty/ORB_SLAM3/include/Converter.h:26,
                 from /home/ambushee/wil_project/thirdparty/ORB_SLAM3/include/Frame.h:33,
                 from /home/ambushee/wil_project/thirdparty/ORB_SLAM3/include/MapPoint.h:24,
                 from /home/ambushee/wil_project/thirdparty/ORB_SLAM3/include/KeyFrame.h:23,
                 from /home/ambushee/wil_project/thirdparty/ORB_SLAM3/src/GeometricTools.cc:21:
/home/ambushee/wil_project/thirdparty/ORB_SLAM3/Thirdparty/g2o/g2o/types/../core/base_binary_edge.h:60:82: warning: ‘Eigen::AlignedBit’ is deprecated [-Wdeprecated-declarations]
   60 |       typedef Eigen::Map<Matrix<double, Dj, Di>, Matrix<double, Dj, Di>::Flags & AlignedBit ? Aligned : Unaligned > HessianBlockTransposedType;
      |                                                                                  ^~~~~~~~~~
In file included from /usr/include/eigen3/Eigen/Core:161,
                 from /usr/include/eigen3/Eigen/Dense:1,
                 from /home/ambushee/wil_project/thirdparty/ORB_SLAM3/Thirdparty/Sophus/sophus/rotation_matrix.hpp:7,
                 from /home/ambushee/wil_project/thirdparty/ORB_SLAM3/Thirdparty/Sophus/sophus/so3.hpp:7,
                 from /home/ambushee/wil_project/thirdparty/ORB_SLAM3/Thirdparty/Sophus/sophus/se3.hpp:7,
                 from /home/ambushee/wil_project/thirdparty/ORB_SLAM3/include/GeometricTools.h:24,
                 from /home/ambushee/wil_project/thirdparty/ORB_SLAM3/src/GeometricTools.cc:19:
/usr/include/eigen3/Eigen/src/Core/util/Constants.h:167:37: note: declared here
  167 | EIGEN_DEPRECATED const unsigned int AlignedBit = 0x80;
      |                                     ^~~~~~~~~~
In file included from /home/ambushee/wil_project/thirdparty/ORB_SLAM3/Thirdparty/g2o/g2o/types/types_six_dof_expmap.h:37,
                 from /home/ambushee/wil_project/thirdparty/ORB_SLAM3/include/Converter.h:26,
                 from /home/ambushee/wil_project/thirdparty/ORB_SLAM3/include/Frame.h:33,
                 from /home/ambushee/wil_project/thirdparty/ORB_SLAM3/include/MapPoint.h:24,
                 from /home/ambushee/wil_project/thirdparty/ORB_SLAM3/include/KeyFrame.h:23,
                 from /home/ambushee/wil_project/thirdparty/ORB_SLAM3/src/GeometricTools.cc:21:
/home/ambushee/wil_project/thirdparty/ORB_SLAM3/Thirdparty/g2o/g2o/types/../core/base_vertex.h: In instantiation of ‘class g2o::BaseVertex<3, Eigen::Matrix<double, 3, 1> >’:
/home/ambushee/wil_project/thirdparty/ORB_SLAM3/Thirdparty/g2o/g2o/types/types_sba.h:40:35:   required from here
/home/ambushee/wil_project/thirdparty/ORB_SLAM3/Thirdparty/g2o/g2o/types/../core/base_vertex.h:62:72: warning: ‘Eigen::AlignedBit’ is deprecated [-Wdeprecated-declarations]
   62 |     typedef Eigen::Map<Matrix<double, D, D>, Matrix<double,D,D>::Flags & AlignedBit ? Aligned : Unaligned >  HessianBlockType;
      |                                                                  ~~~~~~^~~~~~~~~~~~
In file included from /usr/include/eigen3/Eigen/Core:161,
                 from /usr/include/eigen3/Eigen/Dense:1,
                 from /home/ambushee/wil_project/thirdparty/ORB_SLAM3/Thirdparty/Sophus/sophus/rotation_matrix.hpp:7,
                 from /home/ambushee/wil_project/thirdparty/ORB_SLAM3/Thirdparty/Sophus/sophus/so3.hpp:7,
                 from /home/ambushee/wil_project/thirdparty/ORB_SLAM3/Thirdparty/Sophus/sophus/se3.hpp:7,
                 from /home/ambushee/wil_project/thirdparty/ORB_SLAM3/include/GeometricTools.h:24,
                 from /home/ambushee/wil_project/thirdparty/ORB_SLAM3/src/GeometricTools.cc:19:
/usr/include/eigen3/Eigen/src/Core/util/Constants.h:167:37: note: declared here
  167 | EIGEN_DEPRECATED const unsigned int AlignedBit = 0x80;
      |                                     ^~~~~~~~~~
In file included from /home/ambushee/wil_project/thirdparty/ORB_SLAM3/Thirdparty/g2o/g2o/types/types_six_dof_expmap.h:37,
                 from /home/ambushee/wil_project/thirdparty/ORB_SLAM3/include/Converter.h:26,
                 from /home/ambushee/wil_project/thirdparty/ORB_SLAM3/include/Frame.h:33,
                 from /home/ambushee/wil_project/thirdparty/ORB_SLAM3/include/MapPoint.h:24,
                 from /home/ambushee/wil_project/thirdparty/ORB_SLAM3/include/KeyFrame.h:23,
                 from /home/ambushee/wil_project/thirdparty/ORB_SLAM3/src/GeometricTools.cc:21:
/home/ambushee/wil_project/thirdparty/ORB_SLAM3/Thirdparty/g2o/g2o/types/../core/base_vertex.h: In instantiation of ‘class g2o::BaseVertex<6, g2o::SE3Quat>’:
/home/ambushee/wil_project/thirdparty/ORB_SLAM3/Thirdparty/g2o/g2o/types/types_six_dof_expmap.h:59:33:   required from here
/home/ambushee/wil_project/thirdparty/ORB_SLAM3/Thirdparty/g2o/g2o/types/../core/base_vertex.h:62:72: warning: ‘Eigen::AlignedBit’ is deprecated [-Wdeprecated-declarations]
   62 |     typedef Eigen::Map<Matrix<double, D, D>, Matrix<double,D,D>::Flags & AlignedBit ? Aligned : Unaligned >  HessianBlockType;
      |                                                                  ~~~~~~^~~~~~~~~~~~
In file included from /usr/include/eigen3/Eigen/Core:161,
                 from /usr/include/eigen3/Eigen/Dense:1,
                 from /home/ambushee/wil_project/thirdparty/ORB_SLAM3/Thirdparty/Sophus/sophus/rotation_matrix.hpp:7,
                 from /home/ambushee/wil_project/thirdparty/ORB_SLAM3/Thirdparty/Sophus/sophus/so3.hpp:7,
                 from /home/ambushee/wil_project/thirdparty/ORB_SLAM3/Thirdparty/Sophus/sophus/se3.hpp:7,
                 from /home/ambushee/wil_project/thirdparty/ORB_SLAM3/include/GeometricTools.h:24,
                 from /home/ambushee/wil_project/thirdparty/ORB_SLAM3/src/GeometricTools.cc:19:
/usr/include/eigen3/Eigen/src/Core/util/Constants.h:167:37: note: declared here
  167 | EIGEN_DEPRECATED const unsigned int AlignedBit = 0x80;
      |                                     ^~~~~~~~~~
In file included from /home/ambushee/wil_project/thirdparty/ORB_SLAM3/Thirdparty/g2o/g2o/types/types_six_dof_expmap.h:38,
                 from /home/ambushee/wil_project/thirdparty/ORB_SLAM3/include/Converter.h:26,
                 from /home/ambushee/wil_project/thirdparty/ORB_SLAM3/include/Frame.h:33,
                 from /home/ambushee/wil_project/thirdparty/ORB_SLAM3/include/MapPoint.h:24,
                 from /home/ambushee/wil_project/thirdparty/ORB_SLAM3/include/KeyFrame.h:23,
                 from /home/ambushee/wil_project/thirdparty/ORB_SLAM3/src/GeometricTools.cc:21:
/home/ambushee/wil_project/thirdparty/ORB_SLAM3/Thirdparty/g2o/g2o/types/../core/base_binary_edge.h: In instantiation of ‘class g2o::BaseBinaryEdge<6, g2o::SE3Quat, g2o::VertexSE3Expmap, g2o::VertexSE3Expmap>’:
/home/ambushee/wil_project/thirdparty/ORB_SLAM3/Thirdparty/g2o/g2o/types/types_six_dof_expmap.h:83:24:   required from here
/home/ambushee/wil_project/thirdparty/ORB_SLAM3/Thirdparty/g2o/g2o/types/../core/base_binary_edge.h:59:80: warning: ‘Eigen::AlignedBit’ is deprecated [-Wdeprecated-declarations]
   59 |       typedef Eigen::Map<Matrix<double, Di, Dj>, Matrix<double, Di, Dj>::Flags & AlignedBit ? Aligned : Unaligned > HessianBlockType;
      |                                                                          ~~~~~~^~~~~~~~~~~~
In file included from /usr/include/eigen3/Eigen/Core:161,
                 from /usr/include/eigen3/Eigen/Dense:1,
                 from /home/ambushee/wil_project/thirdparty/ORB_SLAM3/Thirdparty/Sophus/sophus/rotation_matrix.hpp:7,
                 from /home/ambushee/wil_project/thirdparty/ORB_SLAM3/Thirdparty/Sophus/sophus/so3.hpp:7,
                 from /home/ambushee/wil_project/thirdparty/ORB_SLAM3/Thirdparty/Sophus/sophus/se3.hpp:7,
                 from /home/ambushee/wil_project/thirdparty/ORB_SLAM3/include/GeometricTools.h:24,
                 from /home/ambushee/wil_project/thirdparty/ORB_SLAM3/src/GeometricTools.cc:19:
/usr/include/eigen3/Eigen/src/Core/util/Constants.h:167:37: note: declared here
  167 | EIGEN_DEPRECATED const unsigned int AlignedBit = 0x80;
      |                                     ^~~~~~~~~~
In file included from /home/ambushee/wil_project/thirdparty/ORB_SLAM3/Thirdparty/g2o/g2o/types/types_six_dof_expmap.h:38,
                 from /home/ambushee/wil_project/thirdparty/ORB_SLAM3/include/Converter.h:26,
                 from /home/ambushee/wil_project/thirdparty/ORB_SLAM3/include/Frame.h:33,
                 from /home/ambushee/wil_project/thirdparty/ORB_SLAM3/include/MapPoint.h:24,
                 from /home/ambushee/wil_project/thirdparty/ORB_SLAM3/include/KeyFrame.h:23,
                 from /home/ambushee/wil_project/thirdparty/ORB_SLAM3/src/GeometricTools.cc:21:
/home/ambushee/wil_project/thirdparty/ORB_SLAM3/Thirdparty/g2o/g2o/types/../core/base_binary_edge.h:60:80: warning: ‘Eigen::AlignedBit’ is deprecated [-Wdeprecated-declarations]
   60 |       typedef Eigen::Map<Matrix<double, Dj, Di>, Matrix<double, Dj, Di>::Flags & AlignedBit ? Aligned : Unaligned > HessianBlockTransposedType;
      |                                                                          ~~~~~~^~~~~~~~~~~~
In file included from /usr/include/eigen3/Eigen/Core:161,
                 from /usr/include/eigen3/Eigen/Dense:1,
                 from /home/ambushee/wil_project/thirdparty/ORB_SLAM3/Thirdparty/Sophus/sophus/rotation_matrix.hpp:7,
                 from /home/ambushee/wil_project/thirdparty/ORB_SLAM3/Thirdparty/Sophus/sophus/so3.hpp:7,
                 from /home/ambushee/wil_project/thirdparty/ORB_SLAM3/Thirdparty/Sophus/sophus/se3.hpp:7,
                 from /home/ambushee/wil_project/thirdparty/ORB_SLAM3/include/GeometricTools.h:24,
                 from /home/ambushee/wil_project/thirdparty/ORB_SLAM3/src/GeometricTools.cc:19:
/usr/include/eigen3/Eigen/src/Core/util/Constants.h:167:37: note: declared here
  167 | EIGEN_DEPRECATED const unsigned int AlignedBit = 0x80;
      |                                     ^~~~~~~~~~
In file included from /home/ambushee/wil_project/thirdparty/ORB_SLAM3/Thirdparty/g2o/g2o/types/types_six_dof_expmap.h:38,
                 from /home/ambushee/wil_project/thirdparty/ORB_SLAM3/include/Converter.h:26,
                 from /home/ambushee/wil_project/thirdparty/ORB_SLAM3/include/Frame.h:33,
                 from /home/ambushee/wil_project/thirdparty/ORB_SLAM3/include/MapPoint.h:24,
                 from /home/ambushee/wil_project/thirdparty/ORB_SLAM3/include/KeyFrame.h:23,
                 from /home/ambushee/wil_project/thirdparty/ORB_SLAM3/src/GeometricTools.cc:21:
/home/ambushee/wil_project/thirdparty/ORB_SLAM3/Thirdparty/g2o/g2o/types/../core/base_binary_edge.h: In instantiation of ‘class g2o::BaseBinaryEdge<2, Eigen::Matrix<double, 2, 1>, g2o::VertexSBAPointXYZ, g2o::VertexSE3Expmap>’:
/home/ambushee/wil_project/thirdparty/ORB_SLAM3/Thirdparty/g2o/g2o/types/types_six_dof_expmap.h:114:35:   required from here
/home/ambushee/wil_project/thirdparty/ORB_SLAM3/Thirdparty/g2o/g2o/types/../core/base_binary_edge.h:59:80: warning: ‘Eigen::AlignedBit’ is deprecated [-Wdeprecated-declarations]
   59 |       typedef Eigen::Map<Matrix<double, Di, Dj>, Matrix<double, Di, Dj>::Flags & AlignedBit ? Aligned : Unaligned > HessianBlockType;
      |                                                                          ~~~~~~^~~~~~~~~~~~
In file included from /usr/include/eigen3/Eigen/Core:161,
                 from /usr/include/eigen3/Eigen/Dense:1,
                 from /home/ambushee/wil_project/thirdparty/ORB_SLAM3/Thirdparty/Sophus/sophus/rotation_matrix.hpp:7,
                 from /home/ambushee/wil_project/thirdparty/ORB_SLAM3/Thirdparty/Sophus/sophus/so3.hpp:7,
                 from /home/ambushee/wil_project/thirdparty/ORB_SLAM3/Thirdparty/Sophus/sophus/se3.hpp:7,
                 from /home/ambushee/wil_project/thirdparty/ORB_SLAM3/include/GeometricTools.h:24,
                 from /home/ambushee/wil_project/thirdparty/ORB_SLAM3/src/GeometricTools.cc:19:
/usr/include/eigen3/Eigen/src/Core/util/Constants.h:167:37: note: declared here
  167 | EIGEN_DEPRECATED const unsigned int AlignedBit = 0x80;
      |                                     ^~~~~~~~~~
In file included from /home/ambushee/wil_project/thirdparty/ORB_SLAM3/Thirdparty/g2o/g2o/types/types_six_dof_expmap.h:38,
                 from /home/ambushee/wil_project/thirdparty/ORB_SLAM3/include/Converter.h:26,
                 from /home/ambushee/wil_project/thirdparty/ORB_SLAM3/include/Frame.h:33,
                 from /home/ambushee/wil_project/thirdparty/ORB_SLAM3/include/MapPoint.h:24,
                 from /home/ambushee/wil_project/thirdparty/ORB_SLAM3/include/KeyFrame.h:23,
                 from /home/ambushee/wil_project/thirdparty/ORB_SLAM3/src/GeometricTools.cc:21:
/home/ambushee/wil_project/thirdparty/ORB_SLAM3/Thirdparty/g2o/g2o/types/../core/base_binary_edge.h:60:80: warning: ‘Eigen::AlignedBit’ is deprecated [-Wdeprecated-declarations]
   60 |       typedef Eigen::Map<Matrix<double, Dj, Di>, Matrix<double, Dj, Di>::Flags & AlignedBit ? Aligned : Unaligned > HessianBlockTransposedType;
      |                                                                          ~~~~~~^~~~~~~~~~~~
In file included from /usr/include/eigen3/Eigen/Core:161,
                 from /usr/include/eigen3/Eigen/Dense:1,
                 from /home/ambushee/wil_project/thirdparty/ORB_SLAM3/Thirdparty/Sophus/sophus/rotation_matrix.hpp:7,
                 from /home/ambushee/wil_project/thirdparty/ORB_SLAM3/Thirdparty/Sophus/sophus/so3.hpp:7,
                 from /home/ambushee/wil_project/thirdparty/ORB_SLAM3/Thirdparty/Sophus/sophus/se3.hpp:7,
                 from /home/ambushee/wil_project/thirdparty/ORB_SLAM3/include/GeometricTools.h:24,
                 from /home/ambushee/wil_project/thirdparty/ORB_SLAM3/src/GeometricTools.cc:19:
/usr/include/eigen3/Eigen/src/Core/util/Constants.h:167:37: note: declared here
  167 | EIGEN_DEPRECATED const unsigned int AlignedBit = 0x80;
      |                                     ^~~~~~~~~~
In file included from /home/ambushee/wil_project/thirdparty/ORB_SLAM3/Thirdparty/g2o/g2o/types/types_six_dof_expmap.h:38,
                 from /home/ambushee/wil_project/thirdparty/ORB_SLAM3/include/Converter.h:26,
                 from /home/ambushee/wil_project/thirdparty/ORB_SLAM3/include/Frame.h:33,
                 from /home/ambushee/wil_project/thirdparty/ORB_SLAM3/include/MapPoint.h:24,
                 from /home/ambushee/wil_project/thirdparty/ORB_SLAM3/include/KeyFrame.h:23,
                 from /home/ambushee/wil_project/thirdparty/ORB_SLAM3/src/GeometricTools.cc:21:
/home/ambushee/wil_project/thirdparty/ORB_SLAM3/Thirdparty/g2o/g2o/types/../core/base_binary_edge.h: In instantiation of ‘class g2o::BaseBinaryEdge<3, Eigen::Matrix<double, 3, 1>, g2o::VertexSBAPointXYZ, g2o::VertexSE3Expmap>’:
/home/ambushee/wil_project/thirdparty/ORB_SLAM3/Thirdparty/g2o/g2o/types/types_six_dof_expmap.h:146:41:   required from here
/home/ambushee/wil_project/thirdparty/ORB_SLAM3/Thirdparty/g2o/g2o/types/../core/base_binary_edge.h:59:80: warning: ‘Eigen::AlignedBit’ is deprecated [-Wdeprecated-declarations]
   59 |       typedef Eigen::Map<Matrix<double, Di, Dj>, Matrix<double, Di, Dj>::Flags & AlignedBit ? Aligned : Unaligned > HessianBlockType;
      |                                                                          ~~~~~~^~~~~~~~~~~~
In file included from /usr/include/eigen3/Eigen/Core:161,
                 from /usr/include/eigen3/Eigen/Dense:1,
                 from /home/ambushee/wil_project/thirdparty/ORB_SLAM3/Thirdparty/Sophus/sophus/rotation_matrix.hpp:7,
                 from /home/ambushee/wil_project/thirdparty/ORB_SLAM3/Thirdparty/Sophus/sophus/so3.hpp:7,
                 from /home/ambushee/wil_project/thirdparty/ORB_SLAM3/Thirdparty/Sophus/sophus/se3.hpp:7,
                 from /home/ambushee/wil_project/thirdparty/ORB_SLAM3/include/GeometricTools.h:24,
                 from /home/ambushee/wil_project/thirdparty/ORB_SLAM3/src/GeometricTools.cc:19:
/usr/include/eigen3/Eigen/src/Core/util/Constants.h:167:37: note: declared here
  167 | EIGEN_DEPRECATED const unsigned int AlignedBit = 0x80;
      |                                     ^~~~~~~~~~
In file included from /home/ambushee/wil_project/thirdparty/ORB_SLAM3/Thirdparty/g2o/g2o/types/types_six_dof_expmap.h:38,
                 from /home/ambushee/wil_project/thirdparty/ORB_SLAM3/include/Converter.h:26,
                 from /home/ambushee/wil_project/thirdparty/ORB_SLAM3/include/Frame.h:33,
                 from /home/ambushee/wil_project/thirdparty/ORB_SLAM3/include/MapPoint.h:24,
                 from /home/ambushee/wil_project/thirdparty/ORB_SLAM3/include/KeyFrame.h:23,
                 from /home/ambushee/wil_project/thirdparty/ORB_SLAM3/src/GeometricTools.cc:21:
/home/ambushee/wil_project/thirdparty/ORB_SLAM3/Thirdparty/g2o/g2o/types/../core/base_binary_edge.h:60:80: warning: ‘Eigen::AlignedBit’ is deprecated [-Wdeprecated-declarations]
   60 |       typedef Eigen::Map<Matrix<double, Dj, Di>, Matrix<double, Dj, Di>::Flags & AlignedBit ? Aligned : Unaligned > HessianBlockTransposedType;
      |                                                                          ~~~~~~^~~~~~~~~~~~
In file included from /usr/include/eigen3/Eigen/Core:161,
                 from /usr/include/eigen3/Eigen/Dense:1,
                 from /home/ambushee/wil_project/thirdparty/ORB_SLAM3/Thirdparty/Sophus/sophus/rotation_matrix.hpp:7,
                 from /home/ambushee/wil_project/thirdparty/ORB_SLAM3/Thirdparty/Sophus/sophus/so3.hpp:7,
                 from /home/ambushee/wil_project/thirdparty/ORB_SLAM3/Thirdparty/Sophus/sophus/se3.hpp:7,
                 from /home/ambushee/wil_project/thirdparty/ORB_SLAM3/include/GeometricTools.h:24,
                 from /home/ambushee/wil_project/thirdparty/ORB_SLAM3/src/GeometricTools.cc:19:
/usr/include/eigen3/Eigen/src/Core/util/Constants.h:167:37: note: declared here
  167 | EIGEN_DEPRECATED const unsigned int AlignedBit = 0x80;
      |                                     ^~~~~~~~~~
In file included from /home/ambushee/wil_project/thirdparty/ORB_SLAM3/Thirdparty/g2o/g2o/types/types_six_dof_expmap.h:37,
                 from /home/ambushee/wil_project/thirdparty/ORB_SLAM3/include/Converter.h:26,
                 from /home/ambushee/wil_project/thirdparty/ORB_SLAM3/include/Frame.h:33,
                 from /home/ambushee/wil_project/thirdparty/ORB_SLAM3/include/MapPoint.h:24,
                 from /home/ambushee/wil_project/thirdparty/ORB_SLAM3/include/KeyFrame.h:23,
                 from /home/ambushee/wil_project/thirdparty/ORB_SLAM3/src/GeometricTools.cc:21:
/home/ambushee/wil_project/thirdparty/ORB_SLAM3/Thirdparty/g2o/g2o/types/../core/base_vertex.h: In instantiation of ‘class g2o::BaseVertex<7, g2o::Sim3>’:
/home/ambushee/wil_project/thirdparty/ORB_SLAM3/Thirdparty/g2o/g2o/types/types_seven_dof_expmap.h:48:35:   required from here
/home/ambushee/wil_project/thirdparty/ORB_SLAM3/Thirdparty/g2o/g2o/types/../core/base_vertex.h:62:72: warning: ‘Eigen::AlignedBit’ is deprecated [-Wdeprecated-declarations]
   62 |     typedef Eigen::Map<Matrix<double, D, D>, Matrix<double,D,D>::Flags & AlignedBit ? Aligned : Unaligned >  HessianBlockType;
      |                                                                  ~~~~~~^~~~~~~~~~~~
In file included from /usr/include/eigen3/Eigen/Core:161,
                 from /usr/include/eigen3/Eigen/Dense:1,
                 from /home/ambushee/wil_project/thirdparty/ORB_SLAM3/Thirdparty/Sophus/sophus/rotation_matrix.hpp:7,
                 from /home/ambushee/wil_project/thirdparty/ORB_SLAM3/Thirdparty/Sophus/sophus/so3.hpp:7,
                 from /home/ambushee/wil_project/thirdparty/ORB_SLAM3/Thirdparty/Sophus/sophus/se3.hpp:7,
                 from /home/ambushee/wil_project/thirdparty/ORB_SLAM3/include/GeometricTools.h:24,
                 from /home/ambushee/wil_project/thirdparty/ORB_SLAM3/src/GeometricTools.cc:19:
/usr/include/eigen3/Eigen/src/Core/util/Constants.h:167:37: note: declared here
  167 | EIGEN_DEPRECATED const unsigned int AlignedBit = 0x80;
      |                                     ^~~~~~~~~~
In file included from /home/ambushee/wil_project/thirdparty/ORB_SLAM3/Thirdparty/g2o/g2o/types/types_six_dof_expmap.h:38,
                 from /home/ambushee/wil_project/thirdparty/ORB_SLAM3/include/Converter.h:26,
                 from /home/ambushee/wil_project/thirdparty/ORB_SLAM3/include/Frame.h:33,
                 from /home/ambushee/wil_project/thirdparty/ORB_SLAM3/include/MapPoint.h:24,
                 from /home/ambushee/wil_project/thirdparty/ORB_SLAM3/include/KeyFrame.h:23,
                 from /home/ambushee/wil_project/thirdparty/ORB_SLAM3/src/GeometricTools.cc:21:
/home/ambushee/wil_project/thirdparty/ORB_SLAM3/Thirdparty/g2o/g2o/types/../core/base_binary_edge.h: In instantiation of ‘class g2o::BaseBinaryEdge<7, g2o::Sim3, g2o::VertexSim3Expmap, g2o::VertexSim3Expmap>’:
/home/ambushee/wil_project/thirdparty/ORB_SLAM3/Thirdparty/g2o/g2o/types/types_seven_dof_expmap.h:99:27:   required from here
/home/ambushee/wil_project/thirdparty/ORB_SLAM3/Thirdparty/g2o/g2o/types/../core/base_binary_edge.h:59:80: warning: ‘Eigen::AlignedBit’ is deprecated [-Wdeprecated-declarations]
   59 |       typedef Eigen::Map<Matrix<double, Di, Dj>, Matrix<double, Di, Dj>::Flags & AlignedBit ? Aligned : Unaligned > HessianBlockType;
      |                                                                          ~~~~~~^~~~~~~~~~~~
In file included from /usr/include/eigen3/Eigen/Core:161,
                 from /usr/include/eigen3/Eigen/Dense:1,
                 from /home/ambushee/wil_project/thirdparty/ORB_SLAM3/Thirdparty/Sophus/sophus/rotation_matrix.hpp:7,
                 from /home/ambushee/wil_project/thirdparty/ORB_SLAM3/Thirdparty/Sophus/sophus/so3.hpp:7,
                 from /home/ambushee/wil_project/thirdparty/ORB_SLAM3/Thirdparty/Sophus/sophus/se3.hpp:7,
                 from /home/ambushee/wil_project/thirdparty/ORB_SLAM3/include/GeometricTools.h:24,
                 from /home/ambushee/wil_project/thirdparty/ORB_SLAM3/src/GeometricTools.cc:19:
/usr/include/eigen3/Eigen/src/Core/util/Constants.h:167:37: note: declared here
  167 | EIGEN_DEPRECATED const unsigned int AlignedBit = 0x80;
      |                                     ^~~~~~~~~~
In file included from /home/ambushee/wil_project/thirdparty/ORB_SLAM3/Thirdparty/g2o/g2o/types/types_six_dof_expmap.h:38,
                 from /home/ambushee/wil_project/thirdparty/ORB_SLAM3/include/Converter.h:26,
                 from /home/ambushee/wil_project/thirdparty/ORB_SLAM3/include/Frame.h:33,
                 from /home/ambushee/wil_project/thirdparty/ORB_SLAM3/include/MapPoint.h:24,
                 from /home/ambushee/wil_project/thirdparty/ORB_SLAM3/include/KeyFrame.h:23,
                 from /home/ambushee/wil_project/thirdparty/ORB_SLAM3/src/GeometricTools.cc:21:
/home/ambushee/wil_project/thirdparty/ORB_SLAM3/Thirdparty/g2o/g2o/types/../core/base_binary_edge.h:60:80: warning: ‘Eigen::AlignedBit’ is deprecated [-Wdeprecated-declarations]
   60 |       typedef Eigen::Map<Matrix<double, Dj, Di>, Matrix<double, Dj, Di>::Flags & AlignedBit ? Aligned : Unaligned > HessianBlockTransposedType;
      |                                                                          ~~~~~~^~~~~~~~~~~~
In file included from /usr/include/eigen3/Eigen/Core:161,
                 from /usr/include/eigen3/Eigen/Dense:1,
                 from /home/ambushee/wil_project/thirdparty/ORB_SLAM3/Thirdparty/Sophus/sophus/rotation_matrix.hpp:7,
                 from /home/ambushee/wil_project/thirdparty/ORB_SLAM3/Thirdparty/Sophus/sophus/so3.hpp:7,
                 from /home/ambushee/wil_project/thirdparty/ORB_SLAM3/Thirdparty/Sophus/sophus/se3.hpp:7,
                 from /home/ambushee/wil_project/thirdparty/ORB_SLAM3/include/GeometricTools.h:24,
                 from /home/ambushee/wil_project/thirdparty/ORB_SLAM3/src/GeometricTools.cc:19:
/usr/include/eigen3/Eigen/src/Core/util/Constants.h:167:37: note: declared here
  167 | EIGEN_DEPRECATED const unsigned int AlignedBit = 0x80;
      |                                     ^~~~~~~~~~
In file included from /home/ambushee/wil_project/thirdparty/ORB_SLAM3/Thirdparty/g2o/g2o/types/types_six_dof_expmap.h:38,
                 from /home/ambushee/wil_project/thirdparty/ORB_SLAM3/include/Converter.h:26,
                 from /home/ambushee/wil_project/thirdparty/ORB_SLAM3/include/Frame.h:33,
                 from /home/ambushee/wil_project/thirdparty/ORB_SLAM3/include/MapPoint.h:24,
                 from /home/ambushee/wil_project/thirdparty/ORB_SLAM3/include/KeyFrame.h:23,
                 from /home/ambushee/wil_project/thirdparty/ORB_SLAM3/src/GeometricTools.cc:21:
/home/ambushee/wil_project/thirdparty/ORB_SLAM3/Thirdparty/g2o/g2o/types/../core/base_binary_edge.h: In instantiation of ‘class g2o::BaseBinaryEdge<2, Eigen::Matrix<double, 2, 1>, g2o::VertexSBAPointXYZ, g2o::VertexSim3Expmap>’:
/home/ambushee/wil_project/thirdparty/ORB_SLAM3/Thirdparty/g2o/g2o/types/types_seven_dof_expmap.h:130:36:   required from here
/home/ambushee/wil_project/thirdparty/ORB_SLAM3/Thirdparty/g2o/g2o/types/../core/base_binary_edge.h:59:80: warning: ‘Eigen::AlignedBit’ is deprecated [-Wdeprecated-declarations]
   59 |       typedef Eigen::Map<Matrix<double, Di, Dj>, Matrix<double, Di, Dj>::Flags & AlignedBit ? Aligned : Unaligned > HessianBlockType;
      |                                                                          ~~~~~~^~~~~~~~~~~~
In file included from /usr/include/eigen3/Eigen/Core:161,
                 from /usr/include/eigen3/Eigen/Dense:1,
                 from /home/ambushee/wil_project/thirdparty/ORB_SLAM3/Thirdparty/Sophus/sophus/rotation_matrix.hpp:7,
                 from /home/ambushee/wil_project/thirdparty/ORB_SLAM3/Thirdparty/Sophus/sophus/so3.hpp:7,
                 from /home/ambushee/wil_project/thirdparty/ORB_SLAM3/Thirdparty/Sophus/sophus/se3.hpp:7,
                 from /home/ambushee/wil_project/thirdparty/ORB_SLAM3/include/GeometricTools.h:24,
                 from /home/ambushee/wil_project/thirdparty/ORB_SLAM3/src/GeometricTools.cc:19:
/usr/include/eigen3/Eigen/src/Core/util/Constants.h:167:37: note: declared here
  167 | EIGEN_DEPRECATED const unsigned int AlignedBit = 0x80;
      |                                     ^~~~~~~~~~
In file included from /home/ambushee/wil_project/thirdparty/ORB_SLAM3/Thirdparty/g2o/g2o/types/types_six_dof_expmap.h:38,
                 from /home/ambushee/wil_project/thirdparty/ORB_SLAM3/include/Converter.h:26,
                 from /home/ambushee/wil_project/thirdparty/ORB_SLAM3/include/Frame.h:33,
                 from /home/ambushee/wil_project/thirdparty/ORB_SLAM3/include/MapPoint.h:24,
                 from /home/ambushee/wil_project/thirdparty/ORB_SLAM3/include/KeyFrame.h:23,
                 from /home/ambushee/wil_project/thirdparty/ORB_SLAM3/src/GeometricTools.cc:21:
/home/ambushee/wil_project/thirdparty/ORB_SLAM3/Thirdparty/g2o/g2o/types/../core/base_binary_edge.h:60:80: warning: ‘Eigen::AlignedBit’ is deprecated [-Wdeprecated-declarations]
   60 |       typedef Eigen::Map<Matrix<double, Dj, Di>, Matrix<double, Dj, Di>::Flags & AlignedBit ? Aligned : Unaligned > HessianBlockTransposedType;
      |                                                                          ~~~~~~^~~~~~~~~~~~
In file included from /usr/include/eigen3/Eigen/Core:161,
                 from /usr/include/eigen3/Eigen/Dense:1,
                 from /home/ambushee/wil_project/thirdparty/ORB_SLAM3/Thirdparty/Sophus/sophus/rotation_matrix.hpp:7,
                 from /home/ambushee/wil_project/thirdparty/ORB_SLAM3/Thirdparty/Sophus/sophus/so3.hpp:7,
                 from /home/ambushee/wil_project/thirdparty/ORB_SLAM3/Thirdparty/Sophus/sophus/se3.hpp:7,
                 from /home/ambushee/wil_project/thirdparty/ORB_SLAM3/include/GeometricTools.h:24,
                 from /home/ambushee/wil_project/thirdparty/ORB_SLAM3/src/GeometricTools.cc:19:
/usr/include/eigen3/Eigen/src/Core/util/Constants.h:167:37: note: declared here
  167 | EIGEN_DEPRECATED const unsigned int AlignedBit = 0x80;
      |                                     ^~~~~~~~~~
/home/ambushee/wil_project/thirdparty/ORB_SLAM3/src/MLPnPsolver.cpp: In member function ‘void ORB_SLAM3::MLPnPsolver::mlpnp_residuals_and_jacs(const VectorXd&, const points_t&, const std::vector<Eigen::Matrix<double, -1, -1> >&, Eigen::VectorXd&, Eigen::MatrixXd&, bool)’:
/home/ambushee/wil_project/thirdparty/ORB_SLAM3/src/MLPnPsolver.cpp:771:27: warning: comparison of integer expressions of different signedness: ‘int’ and ‘std::vector<Eigen::Matrix<double, 3, 1>, Eigen::aligned_allocator<Eigen::Matrix<double, 3, 1> > >::size_type’ {aka ‘long unsigned int’} [-Wsign-compare]
  771 |         for (int i = 0; i < pts.size(); ++i)
      |                         ~~^~~~~~~~~~~~
/home/ambushee/wil_project/thirdparty/ORB_SLAM3/src/OptimizableTypes.cpp: In member function ‘virtual bool ORB_SLAM3::EdgeSE3ProjectXYZOnlyPose::read(std::istream&)’:
/home/ambushee/wil_project/thirdparty/ORB_SLAM3/src/OptimizableTypes.cpp:28:36: warning: iteration 2 invokes undefined behavior [-Waggressive-loop-optimizations]
   28 |                 is >> information()(i,j);
      |                       ~~~~~~~~~~~~~^~~~~
/home/ambushee/wil_project/thirdparty/ORB_SLAM3/src/OptimizableTypes.cpp:27:28: note: within this loop
   27 |             for (int j=i; j<2; j++) {
      |                           ~^~
[ 76%] Building CXX object CMakeFiles/ORB_SLAM3.dir/src/TwoViewReconstruction.cc.o
[ 78%] Building CXX object CMakeFiles/ORB_SLAM3.dir/src/Config.cc.o
[ 80%] Building CXX object CMakeFiles/ORB_SLAM3.dir/src/Settings.cc.o
In file included from /home/ambushee/wil_project/thirdparty/ORB_SLAM3/Thirdparty/g2o/g2o/types/types_six_dof_expmap.h:37,
                 from /home/ambushee/wil_project/thirdparty/ORB_SLAM3/include/Converter.h:26,
                 from /home/ambushee/wil_project/thirdparty/ORB_SLAM3/src/TwoViewReconstruction.cc:21:
/home/ambushee/wil_project/thirdparty/ORB_SLAM3/Thirdparty/g2o/g2o/types/../core/base_vertex.h:62:74: warning: ‘Eigen::AlignedBit’ is deprecated [-Wdeprecated-declarations]
   62 |     typedef Eigen::Map<Matrix<double, D, D>, Matrix<double,D,D>::Flags & AlignedBit ? Aligned : Unaligned >  HessianBlockType;
      |                                                                          ^~~~~~~~~~
In file included from /usr/include/eigen3/Eigen/Core:161,
                 from /home/ambushee/wil_project/thirdparty/ORB_SLAM3/include/TwoViewReconstruction.h:23,
                 from /home/ambushee/wil_project/thirdparty/ORB_SLAM3/src/TwoViewReconstruction.cc:19:
/usr/include/eigen3/Eigen/src/Core/util/Constants.h:167:37: note: declared here
  167 | EIGEN_DEPRECATED const unsigned int AlignedBit = 0x80;
      |                                     ^~~~~~~~~~
In file included from /home/ambushee/wil_project/thirdparty/ORB_SLAM3/Thirdparty/g2o/g2o/types/types_six_dof_expmap.h:38,
                 from /home/ambushee/wil_project/thirdparty/ORB_SLAM3/include/Converter.h:26,
                 from /home/ambushee/wil_project/thirdparty/ORB_SLAM3/src/TwoViewReconstruction.cc:21:
/home/ambushee/wil_project/thirdparty/ORB_SLAM3/Thirdparty/g2o/g2o/types/../core/base_binary_edge.h:59:82: warning: ‘Eigen::AlignedBit’ is deprecated [-Wdeprecated-declarations]
   59 |       typedef Eigen::Map<Matrix<double, Di, Dj>, Matrix<double, Di, Dj>::Flags & AlignedBit ? Aligned : Unaligned > HessianBlockType;
      |                                                                                  ^~~~~~~~~~
In file included from /usr/include/eigen3/Eigen/Core:161,
                 from /home/ambushee/wil_project/thirdparty/ORB_SLAM3/include/TwoViewReconstruction.h:23,
                 from /home/ambushee/wil_project/thirdparty/ORB_SLAM3/src/TwoViewReconstruction.cc:19:
/usr/include/eigen3/Eigen/src/Core/util/Constants.h:167:37: note: declared here
  167 | EIGEN_DEPRECATED const unsigned int AlignedBit = 0x80;
      |                                     ^~~~~~~~~~
In file included from /home/ambushee/wil_project/thirdparty/ORB_SLAM3/Thirdparty/g2o/g2o/types/types_six_dof_expmap.h:38,
                 from /home/ambushee/wil_project/thirdparty/ORB_SLAM3/include/Converter.h:26,
                 from /home/ambushee/wil_project/thirdparty/ORB_SLAM3/src/TwoViewReconstruction.cc:21:
/home/ambushee/wil_project/thirdparty/ORB_SLAM3/Thirdparty/g2o/g2o/types/../core/base_binary_edge.h:60:82: warning: ‘Eigen::AlignedBit’ is deprecated [-Wdeprecated-declarations]
   60 |       typedef Eigen::Map<Matrix<double, Dj, Di>, Matrix<double, Dj, Di>::Flags & AlignedBit ? Aligned : Unaligned > HessianBlockTransposedType;
      |                                                                                  ^~~~~~~~~~
In file included from /usr/include/eigen3/Eigen/Core:161,
                 from /home/ambushee/wil_project/thirdparty/ORB_SLAM3/include/TwoViewReconstruction.h:23,
                 from /home/ambushee/wil_project/thirdparty/ORB_SLAM3/src/TwoViewReconstruction.cc:19:
/usr/include/eigen3/Eigen/src/Core/util/Constants.h:167:37: note: declared here
  167 | EIGEN_DEPRECATED const unsigned int AlignedBit = 0x80;
      |                                     ^~~~~~~~~~
In file included from /home/ambushee/wil_project/thirdparty/ORB_SLAM3/Thirdparty/g2o/g2o/types/types_six_dof_expmap.h:37,
                 from /home/ambushee/wil_project/thirdparty/ORB_SLAM3/include/Converter.h:26,
                 from /home/ambushee/wil_project/thirdparty/ORB_SLAM3/src/TwoViewReconstruction.cc:21:
/home/ambushee/wil_project/thirdparty/ORB_SLAM3/Thirdparty/g2o/g2o/types/../core/base_vertex.h: In instantiation of ‘class g2o::BaseVertex<3, Eigen::Matrix<double, 3, 1> >’:
/home/ambushee/wil_project/thirdparty/ORB_SLAM3/Thirdparty/g2o/g2o/types/types_sba.h:40:35:   required from here
/home/ambushee/wil_project/thirdparty/ORB_SLAM3/Thirdparty/g2o/g2o/types/../core/base_vertex.h:62:72: warning: ‘Eigen::AlignedBit’ is deprecated [-Wdeprecated-declarations]
   62 |     typedef Eigen::Map<Matrix<double, D, D>, Matrix<double,D,D>::Flags & AlignedBit ? Aligned : Unaligned >  HessianBlockType;
      |                                                                  ~~~~~~^~~~~~~~~~~~
In file included from /usr/include/eigen3/Eigen/Core:161,
                 from /home/ambushee/wil_project/thirdparty/ORB_SLAM3/include/TwoViewReconstruction.h:23,
                 from /home/ambushee/wil_project/thirdparty/ORB_SLAM3/src/TwoViewReconstruction.cc:19:
/usr/include/eigen3/Eigen/src/Core/util/Constants.h:167:37: note: declared here
  167 | EIGEN_DEPRECATED const unsigned int AlignedBit = 0x80;
      |                                     ^~~~~~~~~~
In file included from /home/ambushee/wil_project/thirdparty/ORB_SLAM3/Thirdparty/g2o/g2o/types/types_six_dof_expmap.h:37,
                 from /home/ambushee/wil_project/thirdparty/ORB_SLAM3/include/Converter.h:26,
                 from /home/ambushee/wil_project/thirdparty/ORB_SLAM3/src/TwoViewReconstruction.cc:21:
/home/ambushee/wil_project/thirdparty/ORB_SLAM3/Thirdparty/g2o/g2o/types/../core/base_vertex.h: In instantiation of ‘class g2o::BaseVertex<6, g2o::SE3Quat>’:
/home/ambushee/wil_project/thirdparty/ORB_SLAM3/Thirdparty/g2o/g2o/types/types_six_dof_expmap.h:59:33:   required from here
/home/ambushee/wil_project/thirdparty/ORB_SLAM3/Thirdparty/g2o/g2o/types/../core/base_vertex.h:62:72: warning: ‘Eigen::AlignedBit’ is deprecated [-Wdeprecated-declarations]
   62 |     typedef Eigen::Map<Matrix<double, D, D>, Matrix<double,D,D>::Flags & AlignedBit ? Aligned : Unaligned >  HessianBlockType;
      |                                                                  ~~~~~~^~~~~~~~~~~~
In file included from /usr/include/eigen3/Eigen/Core:161,
                 from /home/ambushee/wil_project/thirdparty/ORB_SLAM3/include/TwoViewReconstruction.h:23,
                 from /home/ambushee/wil_project/thirdparty/ORB_SLAM3/src/TwoViewReconstruction.cc:19:
/usr/include/eigen3/Eigen/src/Core/util/Constants.h:167:37: note: declared here
  167 | EIGEN_DEPRECATED const unsigned int AlignedBit = 0x80;
      |                                     ^~~~~~~~~~
In file included from /home/ambushee/wil_project/thirdparty/ORB_SLAM3/Thirdparty/g2o/g2o/types/types_six_dof_expmap.h:38,
                 from /home/ambushee/wil_project/thirdparty/ORB_SLAM3/include/Converter.h:26,
                 from /home/ambushee/wil_project/thirdparty/ORB_SLAM3/src/TwoViewReconstruction.cc:21:
/home/ambushee/wil_project/thirdparty/ORB_SLAM3/Thirdparty/g2o/g2o/types/../core/base_binary_edge.h: In instantiation of ‘class g2o::BaseBinaryEdge<6, g2o::SE3Quat, g2o::VertexSE3Expmap, g2o::VertexSE3Expmap>’:
/home/ambushee/wil_project/thirdparty/ORB_SLAM3/Thirdparty/g2o/g2o/types/types_six_dof_expmap.h:83:24:   required from here
/home/ambushee/wil_project/thirdparty/ORB_SLAM3/Thirdparty/g2o/g2o/types/../core/base_binary_edge.h:59:80: warning: ‘Eigen::AlignedBit’ is deprecated [-Wdeprecated-declarations]
   59 |       typedef Eigen::Map<Matrix<double, Di, Dj>, Matrix<double, Di, Dj>::Flags & AlignedBit ? Aligned : Unaligned > HessianBlockType;
      |                                                                          ~~~~~~^~~~~~~~~~~~
In file included from /usr/include/eigen3/Eigen/Core:161,
                 from /home/ambushee/wil_project/thirdparty/ORB_SLAM3/include/TwoViewReconstruction.h:23,
                 from /home/ambushee/wil_project/thirdparty/ORB_SLAM3/src/TwoViewReconstruction.cc:19:
/usr/include/eigen3/Eigen/src/Core/util/Constants.h:167:37: note: declared here
  167 | EIGEN_DEPRECATED const unsigned int AlignedBit = 0x80;
      |                                     ^~~~~~~~~~
In file included from /home/ambushee/wil_project/thirdparty/ORB_SLAM3/Thirdparty/g2o/g2o/types/types_six_dof_expmap.h:38,
                 from /home/ambushee/wil_project/thirdparty/ORB_SLAM3/include/Converter.h:26,
                 from /home/ambushee/wil_project/thirdparty/ORB_SLAM3/src/TwoViewReconstruction.cc:21:
/home/ambushee/wil_project/thirdparty/ORB_SLAM3/Thirdparty/g2o/g2o/types/../core/base_binary_edge.h:60:80: warning: ‘Eigen::AlignedBit’ is deprecated [-Wdeprecated-declarations]
   60 |       typedef Eigen::Map<Matrix<double, Dj, Di>, Matrix<double, Dj, Di>::Flags & AlignedBit ? Aligned : Unaligned > HessianBlockTransposedType;
      |                                                                          ~~~~~~^~~~~~~~~~~~
In file included from /usr/include/eigen3/Eigen/Core:161,
                 from /home/ambushee/wil_project/thirdparty/ORB_SLAM3/include/TwoViewReconstruction.h:23,
                 from /home/ambushee/wil_project/thirdparty/ORB_SLAM3/src/TwoViewReconstruction.cc:19:
/usr/include/eigen3/Eigen/src/Core/util/Constants.h:167:37: note: declared here
  167 | EIGEN_DEPRECATED const unsigned int AlignedBit = 0x80;
      |                                     ^~~~~~~~~~
In file included from /home/ambushee/wil_project/thirdparty/ORB_SLAM3/Thirdparty/g2o/g2o/types/types_six_dof_expmap.h:38,
                 from /home/ambushee/wil_project/thirdparty/ORB_SLAM3/include/Converter.h:26,
                 from /home/ambushee/wil_project/thirdparty/ORB_SLAM3/src/TwoViewReconstruction.cc:21:
/home/ambushee/wil_project/thirdparty/ORB_SLAM3/Thirdparty/g2o/g2o/types/../core/base_binary_edge.h: In instantiation of ‘class g2o::BaseBinaryEdge<2, Eigen::Matrix<double, 2, 1>, g2o::VertexSBAPointXYZ, g2o::VertexSE3Expmap>’:
/home/ambushee/wil_project/thirdparty/ORB_SLAM3/Thirdparty/g2o/g2o/types/types_six_dof_expmap.h:114:35:   required from here
/home/ambushee/wil_project/thirdparty/ORB_SLAM3/Thirdparty/g2o/g2o/types/../core/base_binary_edge.h:59:80: warning: ‘Eigen::AlignedBit’ is deprecated [-Wdeprecated-declarations]
   59 |       typedef Eigen::Map<Matrix<double, Di, Dj>, Matrix<double, Di, Dj>::Flags & AlignedBit ? Aligned : Unaligned > HessianBlockType;
      |                                                                          ~~~~~~^~~~~~~~~~~~
In file included from /usr/include/eigen3/Eigen/Core:161,
                 from /home/ambushee/wil_project/thirdparty/ORB_SLAM3/include/TwoViewReconstruction.h:23,
                 from /home/ambushee/wil_project/thirdparty/ORB_SLAM3/src/TwoViewReconstruction.cc:19:
/usr/include/eigen3/Eigen/src/Core/util/Constants.h:167:37: note: declared here
  167 | EIGEN_DEPRECATED const unsigned int AlignedBit = 0x80;
      |                                     ^~~~~~~~~~
In file included from /home/ambushee/wil_project/thirdparty/ORB_SLAM3/Thirdparty/g2o/g2o/types/types_six_dof_expmap.h:38,
                 from /home/ambushee/wil_project/thirdparty/ORB_SLAM3/include/Converter.h:26,
                 from /home/ambushee/wil_project/thirdparty/ORB_SLAM3/src/TwoViewReconstruction.cc:21:
/home/ambushee/wil_project/thirdparty/ORB_SLAM3/Thirdparty/g2o/g2o/types/../core/base_binary_edge.h:60:80: warning: ‘Eigen::AlignedBit’ is deprecated [-Wdeprecated-declarations]
   60 |       typedef Eigen::Map<Matrix<double, Dj, Di>, Matrix<double, Dj, Di>::Flags & AlignedBit ? Aligned : Unaligned > HessianBlockTransposedType;
      |                                                                          ~~~~~~^~~~~~~~~~~~
In file included from /usr/include/eigen3/Eigen/Core:161,
                 from /home/ambushee/wil_project/thirdparty/ORB_SLAM3/include/TwoViewReconstruction.h:23,
                 from /home/ambushee/wil_project/thirdparty/ORB_SLAM3/src/TwoViewReconstruction.cc:19:
/usr/include/eigen3/Eigen/src/Core/util/Constants.h:167:37: note: declared here
  167 | EIGEN_DEPRECATED const unsigned int AlignedBit = 0x80;
      |                                     ^~~~~~~~~~
In file included from /home/ambushee/wil_project/thirdparty/ORB_SLAM3/Thirdparty/g2o/g2o/types/types_six_dof_expmap.h:38,
                 from /home/ambushee/wil_project/thirdparty/ORB_SLAM3/include/Converter.h:26,
                 from /home/ambushee/wil_project/thirdparty/ORB_SLAM3/src/TwoViewReconstruction.cc:21:
/home/ambushee/wil_project/thirdparty/ORB_SLAM3/Thirdparty/g2o/g2o/types/../core/base_binary_edge.h: In instantiation of ‘class g2o::BaseBinaryEdge<3, Eigen::Matrix<double, 3, 1>, g2o::VertexSBAPointXYZ, g2o::VertexSE3Expmap>’:
/home/ambushee/wil_project/thirdparty/ORB_SLAM3/Thirdparty/g2o/g2o/types/types_six_dof_expmap.h:146:41:   required from here
/home/ambushee/wil_project/thirdparty/ORB_SLAM3/Thirdparty/g2o/g2o/types/../core/base_binary_edge.h:59:80: warning: ‘Eigen::AlignedBit’ is deprecated [-Wdeprecated-declarations]
   59 |       typedef Eigen::Map<Matrix<double, Di, Dj>, Matrix<double, Di, Dj>::Flags & AlignedBit ? Aligned : Unaligned > HessianBlockType;
      |                                                                          ~~~~~~^~~~~~~~~~~~
In file included from /usr/include/eigen3/Eigen/Core:161,
                 from /home/ambushee/wil_project/thirdparty/ORB_SLAM3/include/TwoViewReconstruction.h:23,
                 from /home/ambushee/wil_project/thirdparty/ORB_SLAM3/src/TwoViewReconstruction.cc:19:
/usr/include/eigen3/Eigen/src/Core/util/Constants.h:167:37: note: declared here
  167 | EIGEN_DEPRECATED const unsigned int AlignedBit = 0x80;
      |                                     ^~~~~~~~~~
In file included from /home/ambushee/wil_project/thirdparty/ORB_SLAM3/Thirdparty/g2o/g2o/types/types_six_dof_expmap.h:38,
                 from /home/ambushee/wil_project/thirdparty/ORB_SLAM3/include/Converter.h:26,
                 from /home/ambushee/wil_project/thirdparty/ORB_SLAM3/src/TwoViewReconstruction.cc:21:
/home/ambushee/wil_project/thirdparty/ORB_SLAM3/Thirdparty/g2o/g2o/types/../core/base_binary_edge.h:60:80: warning: ‘Eigen::AlignedBit’ is deprecated [-Wdeprecated-declarations]
   60 |       typedef Eigen::Map<Matrix<double, Dj, Di>, Matrix<double, Dj, Di>::Flags & AlignedBit ? Aligned : Unaligned > HessianBlockTransposedType;
      |                                                                          ~~~~~~^~~~~~~~~~~~
In file included from /usr/include/eigen3/Eigen/Core:161,
                 from /home/ambushee/wil_project/thirdparty/ORB_SLAM3/include/TwoViewReconstruction.h:23,
                 from /home/ambushee/wil_project/thirdparty/ORB_SLAM3/src/TwoViewReconstruction.cc:19:
/usr/include/eigen3/Eigen/src/Core/util/Constants.h:167:37: note: declared here
  167 | EIGEN_DEPRECATED const unsigned int AlignedBit = 0x80;
      |                                     ^~~~~~~~~~
In file included from /home/ambushee/wil_project/thirdparty/ORB_SLAM3/Thirdparty/g2o/g2o/types/types_six_dof_expmap.h:37,
                 from /home/ambushee/wil_project/thirdparty/ORB_SLAM3/include/Converter.h:26,
                 from /home/ambushee/wil_project/thirdparty/ORB_SLAM3/include/CameraModels/GeometricCamera.h:39,
                 from /home/ambushee/wil_project/thirdparty/ORB_SLAM3/include/Settings.h:26,
                 from /home/ambushee/wil_project/thirdparty/ORB_SLAM3/src/Settings.cc:19:
/home/ambushee/wil_project/thirdparty/ORB_SLAM3/Thirdparty/g2o/g2o/types/../core/base_vertex.h:62:74: warning: ‘Eigen::AlignedBit’ is deprecated [-Wdeprecated-declarations]
   62 |     typedef Eigen::Map<Matrix<double, D, D>, Matrix<double,D,D>::Flags & AlignedBit ? Aligned : Unaligned >  HessianBlockType;
      |                                                                          ^~~~~~~~~~
In file included from /usr/include/eigen3/Eigen/Core:161,
                 from /usr/include/eigen3/Eigen/Dense:1,
                 from /home/ambushee/wil_project/thirdparty/ORB_SLAM3/Thirdparty/Sophus/sophus/rotation_matrix.hpp:7,
                 from /home/ambushee/wil_project/thirdparty/ORB_SLAM3/Thirdparty/Sophus/sophus/so3.hpp:7,
                 from /home/ambushee/wil_project/thirdparty/ORB_SLAM3/Thirdparty/Sophus/sophus/se3.hpp:7,
                 from /home/ambushee/wil_project/thirdparty/ORB_SLAM3/include/CameraModels/GeometricCamera.h:35,
                 from /home/ambushee/wil_project/thirdparty/ORB_SLAM3/include/Settings.h:26,
                 from /home/ambushee/wil_project/thirdparty/ORB_SLAM3/src/Settings.cc:19:
/usr/include/eigen3/Eigen/src/Core/util/Constants.h:167:37: note: declared here
  167 | EIGEN_DEPRECATED const unsigned int AlignedBit = 0x80;
      |                                     ^~~~~~~~~~
In file included from /home/ambushee/wil_project/thirdparty/ORB_SLAM3/Thirdparty/g2o/g2o/types/types_six_dof_expmap.h:38,
                 from /home/ambushee/wil_project/thirdparty/ORB_SLAM3/include/Converter.h:26,
                 from /home/ambushee/wil_project/thirdparty/ORB_SLAM3/include/CameraModels/GeometricCamera.h:39,
                 from /home/ambushee/wil_project/thirdparty/ORB_SLAM3/include/Settings.h:26,
                 from /home/ambushee/wil_project/thirdparty/ORB_SLAM3/src/Settings.cc:19:
/home/ambushee/wil_project/thirdparty/ORB_SLAM3/Thirdparty/g2o/g2o/types/../core/base_binary_edge.h:59:82: warning: ‘Eigen::AlignedBit’ is deprecated [-Wdeprecated-declarations]
   59 |       typedef Eigen::Map<Matrix<double, Di, Dj>, Matrix<double, Di, Dj>::Flags & AlignedBit ? Aligned : Unaligned > HessianBlockType;
      |                                                                                  ^~~~~~~~~~
In file included from /usr/include/eigen3/Eigen/Core:161,
                 from /usr/include/eigen3/Eigen/Dense:1,
                 from /home/ambushee/wil_project/thirdparty/ORB_SLAM3/Thirdparty/Sophus/sophus/rotation_matrix.hpp:7,
                 from /home/ambushee/wil_project/thirdparty/ORB_SLAM3/Thirdparty/Sophus/sophus/so3.hpp:7,
                 from /home/ambushee/wil_project/thirdparty/ORB_SLAM3/Thirdparty/Sophus/sophus/se3.hpp:7,
                 from /home/ambushee/wil_project/thirdparty/ORB_SLAM3/include/CameraModels/GeometricCamera.h:35,
                 from /home/ambushee/wil_project/thirdparty/ORB_SLAM3/include/Settings.h:26,
                 from /home/ambushee/wil_project/thirdparty/ORB_SLAM3/src/Settings.cc:19:
/usr/include/eigen3/Eigen/src/Core/util/Constants.h:167:37: note: declared here
  167 | EIGEN_DEPRECATED const unsigned int AlignedBit = 0x80;
      |                                     ^~~~~~~~~~
In file included from /home/ambushee/wil_project/thirdparty/ORB_SLAM3/Thirdparty/g2o/g2o/types/types_six_dof_expmap.h:38,
                 from /home/ambushee/wil_project/thirdparty/ORB_SLAM3/include/Converter.h:26,
                 from /home/ambushee/wil_project/thirdparty/ORB_SLAM3/include/CameraModels/GeometricCamera.h:39,
                 from /home/ambushee/wil_project/thirdparty/ORB_SLAM3/include/Settings.h:26,
                 from /home/ambushee/wil_project/thirdparty/ORB_SLAM3/src/Settings.cc:19:
/home/ambushee/wil_project/thirdparty/ORB_SLAM3/Thirdparty/g2o/g2o/types/../core/base_binary_edge.h:60:82: warning: ‘Eigen::AlignedBit’ is deprecated [-Wdeprecated-declarations]
   60 |       typedef Eigen::Map<Matrix<double, Dj, Di>, Matrix<double, Dj, Di>::Flags & AlignedBit ? Aligned : Unaligned > HessianBlockTransposedType;
      |                                                                                  ^~~~~~~~~~
In file included from /usr/include/eigen3/Eigen/Core:161,
                 from /usr/include/eigen3/Eigen/Dense:1,
                 from /home/ambushee/wil_project/thirdparty/ORB_SLAM3/Thirdparty/Sophus/sophus/rotation_matrix.hpp:7,
                 from /home/ambushee/wil_project/thirdparty/ORB_SLAM3/Thirdparty/Sophus/sophus/so3.hpp:7,
                 from /home/ambushee/wil_project/thirdparty/ORB_SLAM3/Thirdparty/Sophus/sophus/se3.hpp:7,
                 from /home/ambushee/wil_project/thirdparty/ORB_SLAM3/include/CameraModels/GeometricCamera.h:35,
                 from /home/ambushee/wil_project/thirdparty/ORB_SLAM3/include/Settings.h:26,
                 from /home/ambushee/wil_project/thirdparty/ORB_SLAM3/src/Settings.cc:19:
/usr/include/eigen3/Eigen/src/Core/util/Constants.h:167:37: note: declared here
  167 | EIGEN_DEPRECATED const unsigned int AlignedBit = 0x80;
      |                                     ^~~~~~~~~~
In file included from /home/ambushee/wil_project/thirdparty/ORB_SLAM3/Thirdparty/g2o/g2o/types/types_six_dof_expmap.h:37,
                 from /home/ambushee/wil_project/thirdparty/ORB_SLAM3/include/Converter.h:26,
                 from /home/ambushee/wil_project/thirdparty/ORB_SLAM3/src/TwoViewReconstruction.cc:21:
/home/ambushee/wil_project/thirdparty/ORB_SLAM3/Thirdparty/g2o/g2o/types/../core/base_vertex.h: In instantiation of ‘class g2o::BaseVertex<7, g2o::Sim3>’:
/home/ambushee/wil_project/thirdparty/ORB_SLAM3/Thirdparty/g2o/g2o/types/types_seven_dof_expmap.h:48:35:   required from here
/home/ambushee/wil_project/thirdparty/ORB_SLAM3/Thirdparty/g2o/g2o/types/../core/base_vertex.h:62:72: warning: ‘Eigen::AlignedBit’ is deprecated [-Wdeprecated-declarations]
   62 |     typedef Eigen::Map<Matrix<double, D, D>, Matrix<double,D,D>::Flags & AlignedBit ? Aligned : Unaligned >  HessianBlockType;
      |                                                                  ~~~~~~^~~~~~~~~~~~
In file included from /usr/include/eigen3/Eigen/Core:161,
                 from /home/ambushee/wil_project/thirdparty/ORB_SLAM3/include/TwoViewReconstruction.h:23,
                 from /home/ambushee/wil_project/thirdparty/ORB_SLAM3/src/TwoViewReconstruction.cc:19:
/usr/include/eigen3/Eigen/src/Core/util/Constants.h:167:37: note: declared here
  167 | EIGEN_DEPRECATED const unsigned int AlignedBit = 0x80;
      |                                     ^~~~~~~~~~
In file included from /home/ambushee/wil_project/thirdparty/ORB_SLAM3/Thirdparty/g2o/g2o/types/types_six_dof_expmap.h:38,
                 from /home/ambushee/wil_project/thirdparty/ORB_SLAM3/include/Converter.h:26,
                 from /home/ambushee/wil_project/thirdparty/ORB_SLAM3/src/TwoViewReconstruction.cc:21:
/home/ambushee/wil_project/thirdparty/ORB_SLAM3/Thirdparty/g2o/g2o/types/../core/base_binary_edge.h: In instantiation of ‘class g2o::BaseBinaryEdge<7, g2o::Sim3, g2o::VertexSim3Expmap, g2o::VertexSim3Expmap>’:
/home/ambushee/wil_project/thirdparty/ORB_SLAM3/Thirdparty/g2o/g2o/types/types_seven_dof_expmap.h:99:27:   required from here
/home/ambushee/wil_project/thirdparty/ORB_SLAM3/Thirdparty/g2o/g2o/types/../core/base_binary_edge.h:59:80: warning: ‘Eigen::AlignedBit’ is deprecated [-Wdeprecated-declarations]
   59 |       typedef Eigen::Map<Matrix<double, Di, Dj>, Matrix<double, Di, Dj>::Flags & AlignedBit ? Aligned : Unaligned > HessianBlockType;
      |                                                                          ~~~~~~^~~~~~~~~~~~
In file included from /usr/include/eigen3/Eigen/Core:161,
                 from /home/ambushee/wil_project/thirdparty/ORB_SLAM3/include/TwoViewReconstruction.h:23,
                 from /home/ambushee/wil_project/thirdparty/ORB_SLAM3/src/TwoViewReconstruction.cc:19:
/usr/include/eigen3/Eigen/src/Core/util/Constants.h:167:37: note: declared here
  167 | EIGEN_DEPRECATED const unsigned int AlignedBit = 0x80;
      |                                     ^~~~~~~~~~
In file included from /home/ambushee/wil_project/thirdparty/ORB_SLAM3/Thirdparty/g2o/g2o/types/types_six_dof_expmap.h:38,
                 from /home/ambushee/wil_project/thirdparty/ORB_SLAM3/include/Converter.h:26,
                 from /home/ambushee/wil_project/thirdparty/ORB_SLAM3/src/TwoViewReconstruction.cc:21:
/home/ambushee/wil_project/thirdparty/ORB_SLAM3/Thirdparty/g2o/g2o/types/../core/base_binary_edge.h:60:80: warning: ‘Eigen::AlignedBit’ is deprecated [-Wdeprecated-declarations]
   60 |       typedef Eigen::Map<Matrix<double, Dj, Di>, Matrix<double, Dj, Di>::Flags & AlignedBit ? Aligned : Unaligned > HessianBlockTransposedType;
      |                                                                          ~~~~~~^~~~~~~~~~~~
In file included from /usr/include/eigen3/Eigen/Core:161,
                 from /home/ambushee/wil_project/thirdparty/ORB_SLAM3/include/TwoViewReconstruction.h:23,
                 from /home/ambushee/wil_project/thirdparty/ORB_SLAM3/src/TwoViewReconstruction.cc:19:
/usr/include/eigen3/Eigen/src/Core/util/Constants.h:167:37: note: declared here
  167 | EIGEN_DEPRECATED const unsigned int AlignedBit = 0x80;
      |                                     ^~~~~~~~~~
In file included from /home/ambushee/wil_project/thirdparty/ORB_SLAM3/Thirdparty/g2o/g2o/types/types_six_dof_expmap.h:38,
                 from /home/ambushee/wil_project/thirdparty/ORB_SLAM3/include/Converter.h:26,
                 from /home/ambushee/wil_project/thirdparty/ORB_SLAM3/src/TwoViewReconstruction.cc:21:
/home/ambushee/wil_project/thirdparty/ORB_SLAM3/Thirdparty/g2o/g2o/types/../core/base_binary_edge.h: In instantiation of ‘class g2o::BaseBinaryEdge<2, Eigen::Matrix<double, 2, 1>, g2o::VertexSBAPointXYZ, g2o::VertexSim3Expmap>’:
/home/ambushee/wil_project/thirdparty/ORB_SLAM3/Thirdparty/g2o/g2o/types/types_seven_dof_expmap.h:130:36:   required from here
/home/ambushee/wil_project/thirdparty/ORB_SLAM3/Thirdparty/g2o/g2o/types/../core/base_binary_edge.h:59:80: warning: ‘Eigen::AlignedBit’ is deprecated [-Wdeprecated-declarations]
   59 |       typedef Eigen::Map<Matrix<double, Di, Dj>, Matrix<double, Di, Dj>::Flags & AlignedBit ? Aligned : Unaligned > HessianBlockType;
      |                                                                          ~~~~~~^~~~~~~~~~~~
In file included from /usr/include/eigen3/Eigen/Core:161,
                 from /home/ambushee/wil_project/thirdparty/ORB_SLAM3/include/TwoViewReconstruction.h:23,
                 from /home/ambushee/wil_project/thirdparty/ORB_SLAM3/src/TwoViewReconstruction.cc:19:
/usr/include/eigen3/Eigen/src/Core/util/Constants.h:167:37: note: declared here
  167 | EIGEN_DEPRECATED const unsigned int AlignedBit = 0x80;
      |                                     ^~~~~~~~~~
In file included from /home/ambushee/wil_project/thirdparty/ORB_SLAM3/Thirdparty/g2o/g2o/types/types_six_dof_expmap.h:38,
                 from /home/ambushee/wil_project/thirdparty/ORB_SLAM3/include/Converter.h:26,
                 from /home/ambushee/wil_project/thirdparty/ORB_SLAM3/src/TwoViewReconstruction.cc:21:
/home/ambushee/wil_project/thirdparty/ORB_SLAM3/Thirdparty/g2o/g2o/types/../core/base_binary_edge.h:60:80: warning: ‘Eigen::AlignedBit’ is deprecated [-Wdeprecated-declarations]
   60 |       typedef Eigen::Map<Matrix<double, Dj, Di>, Matrix<double, Dj, Di>::Flags & AlignedBit ? Aligned : Unaligned > HessianBlockTransposedType;
      |                                                                          ~~~~~~^~~~~~~~~~~~
In file included from /usr/include/eigen3/Eigen/Core:161,
                 from /home/ambushee/wil_project/thirdparty/ORB_SLAM3/include/TwoViewReconstruction.h:23,
                 from /home/ambushee/wil_project/thirdparty/ORB_SLAM3/src/TwoViewReconstruction.cc:19:
/usr/include/eigen3/Eigen/src/Core/util/Constants.h:167:37: note: declared here
  167 | EIGEN_DEPRECATED const unsigned int AlignedBit = 0x80;
      |                                     ^~~~~~~~~~
In file included from /home/ambushee/wil_project/thirdparty/ORB_SLAM3/Thirdparty/g2o/g2o/types/types_six_dof_expmap.h:37,
                 from /home/ambushee/wil_project/thirdparty/ORB_SLAM3/include/Converter.h:26,
                 from /home/ambushee/wil_project/thirdparty/ORB_SLAM3/include/CameraModels/GeometricCamera.h:39,
                 from /home/ambushee/wil_project/thirdparty/ORB_SLAM3/include/Settings.h:26,
                 from /home/ambushee/wil_project/thirdparty/ORB_SLAM3/src/Settings.cc:19:
/home/ambushee/wil_project/thirdparty/ORB_SLAM3/Thirdparty/g2o/g2o/types/../core/base_vertex.h: In instantiation of ‘class g2o::BaseVertex<3, Eigen::Matrix<double, 3, 1> >’:
/home/ambushee/wil_project/thirdparty/ORB_SLAM3/Thirdparty/g2o/g2o/types/types_sba.h:40:35:   required from here
/home/ambushee/wil_project/thirdparty/ORB_SLAM3/Thirdparty/g2o/g2o/types/../core/base_vertex.h:62:72: warning: ‘Eigen::AlignedBit’ is deprecated [-Wdeprecated-declarations]
   62 |     typedef Eigen::Map<Matrix<double, D, D>, Matrix<double,D,D>::Flags & AlignedBit ? Aligned : Unaligned >  HessianBlockType;
      |                                                                  ~~~~~~^~~~~~~~~~~~
In file included from /usr/include/eigen3/Eigen/Core:161,
                 from /usr/include/eigen3/Eigen/Dense:1,
                 from /home/ambushee/wil_project/thirdparty/ORB_SLAM3/Thirdparty/Sophus/sophus/rotation_matrix.hpp:7,
                 from /home/ambushee/wil_project/thirdparty/ORB_SLAM3/Thirdparty/Sophus/sophus/so3.hpp:7,
                 from /home/ambushee/wil_project/thirdparty/ORB_SLAM3/Thirdparty/Sophus/sophus/se3.hpp:7,
                 from /home/ambushee/wil_project/thirdparty/ORB_SLAM3/include/CameraModels/GeometricCamera.h:35,
                 from /home/ambushee/wil_project/thirdparty/ORB_SLAM3/include/Settings.h:26,
                 from /home/ambushee/wil_project/thirdparty/ORB_SLAM3/src/Settings.cc:19:
/usr/include/eigen3/Eigen/src/Core/util/Constants.h:167:37: note: declared here
  167 | EIGEN_DEPRECATED const unsigned int AlignedBit = 0x80;
      |                                     ^~~~~~~~~~
In file included from /home/ambushee/wil_project/thirdparty/ORB_SLAM3/Thirdparty/g2o/g2o/types/types_six_dof_expmap.h:37,
                 from /home/ambushee/wil_project/thirdparty/ORB_SLAM3/include/Converter.h:26,
                 from /home/ambushee/wil_project/thirdparty/ORB_SLAM3/include/CameraModels/GeometricCamera.h:39,
                 from /home/ambushee/wil_project/thirdparty/ORB_SLAM3/include/Settings.h:26,
                 from /home/ambushee/wil_project/thirdparty/ORB_SLAM3/src/Settings.cc:19:
/home/ambushee/wil_project/thirdparty/ORB_SLAM3/Thirdparty/g2o/g2o/types/../core/base_vertex.h: In instantiation of ‘class g2o::BaseVertex<6, g2o::SE3Quat>’:
/home/ambushee/wil_project/thirdparty/ORB_SLAM3/Thirdparty/g2o/g2o/types/types_six_dof_expmap.h:59:33:   required from here
/home/ambushee/wil_project/thirdparty/ORB_SLAM3/Thirdparty/g2o/g2o/types/../core/base_vertex.h:62:72: warning: ‘Eigen::AlignedBit’ is deprecated [-Wdeprecated-declarations]
   62 |     typedef Eigen::Map<Matrix<double, D, D>, Matrix<double,D,D>::Flags & AlignedBit ? Aligned : Unaligned >  HessianBlockType;
      |                                                                  ~~~~~~^~~~~~~~~~~~
In file included from /usr/include/eigen3/Eigen/Core:161,
                 from /usr/include/eigen3/Eigen/Dense:1,
                 from /home/ambushee/wil_project/thirdparty/ORB_SLAM3/Thirdparty/Sophus/sophus/rotation_matrix.hpp:7,
                 from /home/ambushee/wil_project/thirdparty/ORB_SLAM3/Thirdparty/Sophus/sophus/so3.hpp:7,
                 from /home/ambushee/wil_project/thirdparty/ORB_SLAM3/Thirdparty/Sophus/sophus/se3.hpp:7,
                 from /home/ambushee/wil_project/thirdparty/ORB_SLAM3/include/CameraModels/GeometricCamera.h:35,
                 from /home/ambushee/wil_project/thirdparty/ORB_SLAM3/include/Settings.h:26,
                 from /home/ambushee/wil_project/thirdparty/ORB_SLAM3/src/Settings.cc:19:
/usr/include/eigen3/Eigen/src/Core/util/Constants.h:167:37: note: declared here
  167 | EIGEN_DEPRECATED const unsigned int AlignedBit = 0x80;
      |                                     ^~~~~~~~~~
In file included from /home/ambushee/wil_project/thirdparty/ORB_SLAM3/Thirdparty/g2o/g2o/types/types_six_dof_expmap.h:38,
                 from /home/ambushee/wil_project/thirdparty/ORB_SLAM3/include/Converter.h:26,
                 from /home/ambushee/wil_project/thirdparty/ORB_SLAM3/include/CameraModels/GeometricCamera.h:39,
                 from /home/ambushee/wil_project/thirdparty/ORB_SLAM3/include/Settings.h:26,
                 from /home/ambushee/wil_project/thirdparty/ORB_SLAM3/src/Settings.cc:19:
/home/ambushee/wil_project/thirdparty/ORB_SLAM3/Thirdparty/g2o/g2o/types/../core/base_binary_edge.h: In instantiation of ‘class g2o::BaseBinaryEdge<6, g2o::SE3Quat, g2o::VertexSE3Expmap, g2o::VertexSE3Expmap>’:
/home/ambushee/wil_project/thirdparty/ORB_SLAM3/Thirdparty/g2o/g2o/types/types_six_dof_expmap.h:83:24:   required from here
/home/ambushee/wil_project/thirdparty/ORB_SLAM3/Thirdparty/g2o/g2o/types/../core/base_binary_edge.h:59:80: warning: ‘Eigen::AlignedBit’ is deprecated [-Wdeprecated-declarations]
   59 |       typedef Eigen::Map<Matrix<double, Di, Dj>, Matrix<double, Di, Dj>::Flags & AlignedBit ? Aligned : Unaligned > HessianBlockType;
      |                                                                          ~~~~~~^~~~~~~~~~~~
In file included from /usr/include/eigen3/Eigen/Core:161,
                 from /usr/include/eigen3/Eigen/Dense:1,
                 from /home/ambushee/wil_project/thirdparty/ORB_SLAM3/Thirdparty/Sophus/sophus/rotation_matrix.hpp:7,
                 from /home/ambushee/wil_project/thirdparty/ORB_SLAM3/Thirdparty/Sophus/sophus/so3.hpp:7,
                 from /home/ambushee/wil_project/thirdparty/ORB_SLAM3/Thirdparty/Sophus/sophus/se3.hpp:7,
                 from /home/ambushee/wil_project/thirdparty/ORB_SLAM3/include/CameraModels/GeometricCamera.h:35,
                 from /home/ambushee/wil_project/thirdparty/ORB_SLAM3/include/Settings.h:26,
                 from /home/ambushee/wil_project/thirdparty/ORB_SLAM3/src/Settings.cc:19:
/usr/include/eigen3/Eigen/src/Core/util/Constants.h:167:37: note: declared here
  167 | EIGEN_DEPRECATED const unsigned int AlignedBit = 0x80;
      |                                     ^~~~~~~~~~
In file included from /home/ambushee/wil_project/thirdparty/ORB_SLAM3/Thirdparty/g2o/g2o/types/types_six_dof_expmap.h:38,
                 from /home/ambushee/wil_project/thirdparty/ORB_SLAM3/include/Converter.h:26,
                 from /home/ambushee/wil_project/thirdparty/ORB_SLAM3/include/CameraModels/GeometricCamera.h:39,
                 from /home/ambushee/wil_project/thirdparty/ORB_SLAM3/include/Settings.h:26,
                 from /home/ambushee/wil_project/thirdparty/ORB_SLAM3/src/Settings.cc:19:
/home/ambushee/wil_project/thirdparty/ORB_SLAM3/Thirdparty/g2o/g2o/types/../core/base_binary_edge.h:60:80: warning: ‘Eigen::AlignedBit’ is deprecated [-Wdeprecated-declarations]
   60 |       typedef Eigen::Map<Matrix<double, Dj, Di>, Matrix<double, Dj, Di>::Flags & AlignedBit ? Aligned : Unaligned > HessianBlockTransposedType;
      |                                                                          ~~~~~~^~~~~~~~~~~~
In file included from /usr/include/eigen3/Eigen/Core:161,
                 from /usr/include/eigen3/Eigen/Dense:1,
                 from /home/ambushee/wil_project/thirdparty/ORB_SLAM3/Thirdparty/Sophus/sophus/rotation_matrix.hpp:7,
                 from /home/ambushee/wil_project/thirdparty/ORB_SLAM3/Thirdparty/Sophus/sophus/so3.hpp:7,
                 from /home/ambushee/wil_project/thirdparty/ORB_SLAM3/Thirdparty/Sophus/sophus/se3.hpp:7,
                 from /home/ambushee/wil_project/thirdparty/ORB_SLAM3/include/CameraModels/GeometricCamera.h:35,
                 from /home/ambushee/wil_project/thirdparty/ORB_SLAM3/include/Settings.h:26,
                 from /home/ambushee/wil_project/thirdparty/ORB_SLAM3/src/Settings.cc:19:
/usr/include/eigen3/Eigen/src/Core/util/Constants.h:167:37: note: declared here
  167 | EIGEN_DEPRECATED const unsigned int AlignedBit = 0x80;
      |                                     ^~~~~~~~~~
In file included from /home/ambushee/wil_project/thirdparty/ORB_SLAM3/Thirdparty/g2o/g2o/types/types_six_dof_expmap.h:38,
                 from /home/ambushee/wil_project/thirdparty/ORB_SLAM3/include/Converter.h:26,
                 from /home/ambushee/wil_project/thirdparty/ORB_SLAM3/include/CameraModels/GeometricCamera.h:39,
                 from /home/ambushee/wil_project/thirdparty/ORB_SLAM3/include/Settings.h:26,
                 from /home/ambushee/wil_project/thirdparty/ORB_SLAM3/src/Settings.cc:19:
/home/ambushee/wil_project/thirdparty/ORB_SLAM3/Thirdparty/g2o/g2o/types/../core/base_binary_edge.h: In instantiation of ‘class g2o::BaseBinaryEdge<2, Eigen::Matrix<double, 2, 1>, g2o::VertexSBAPointXYZ, g2o::VertexSE3Expmap>’:
/home/ambushee/wil_project/thirdparty/ORB_SLAM3/Thirdparty/g2o/g2o/types/types_six_dof_expmap.h:114:35:   required from here
/home/ambushee/wil_project/thirdparty/ORB_SLAM3/Thirdparty/g2o/g2o/types/../core/base_binary_edge.h:59:80: warning: ‘Eigen::AlignedBit’ is deprecated [-Wdeprecated-declarations]
   59 |       typedef Eigen::Map<Matrix<double, Di, Dj>, Matrix<double, Di, Dj>::Flags & AlignedBit ? Aligned : Unaligned > HessianBlockType;
      |                                                                          ~~~~~~^~~~~~~~~~~~
In file included from /usr/include/eigen3/Eigen/Core:161,
                 from /usr/include/eigen3/Eigen/Dense:1,
                 from /home/ambushee/wil_project/thirdparty/ORB_SLAM3/Thirdparty/Sophus/sophus/rotation_matrix.hpp:7,
                 from /home/ambushee/wil_project/thirdparty/ORB_SLAM3/Thirdparty/Sophus/sophus/so3.hpp:7,
                 from /home/ambushee/wil_project/thirdparty/ORB_SLAM3/Thirdparty/Sophus/sophus/se3.hpp:7,
                 from /home/ambushee/wil_project/thirdparty/ORB_SLAM3/include/CameraModels/GeometricCamera.h:35,
                 from /home/ambushee/wil_project/thirdparty/ORB_SLAM3/include/Settings.h:26,
                 from /home/ambushee/wil_project/thirdparty/ORB_SLAM3/src/Settings.cc:19:
/usr/include/eigen3/Eigen/src/Core/util/Constants.h:167:37: note: declared here
  167 | EIGEN_DEPRECATED const unsigned int AlignedBit = 0x80;
      |                                     ^~~~~~~~~~
In file included from /home/ambushee/wil_project/thirdparty/ORB_SLAM3/Thirdparty/g2o/g2o/types/types_six_dof_expmap.h:38,
                 from /home/ambushee/wil_project/thirdparty/ORB_SLAM3/include/Converter.h:26,
                 from /home/ambushee/wil_project/thirdparty/ORB_SLAM3/include/CameraModels/GeometricCamera.h:39,
                 from /home/ambushee/wil_project/thirdparty/ORB_SLAM3/include/Settings.h:26,
                 from /home/ambushee/wil_project/thirdparty/ORB_SLAM3/src/Settings.cc:19:
/home/ambushee/wil_project/thirdparty/ORB_SLAM3/Thirdparty/g2o/g2o/types/../core/base_binary_edge.h:60:80: warning: ‘Eigen::AlignedBit’ is deprecated [-Wdeprecated-declarations]
   60 |       typedef Eigen::Map<Matrix<double, Dj, Di>, Matrix<double, Dj, Di>::Flags & AlignedBit ? Aligned : Unaligned > HessianBlockTransposedType;
      |                                                                          ~~~~~~^~~~~~~~~~~~
In file included from /usr/include/eigen3/Eigen/Core:161,
                 from /usr/include/eigen3/Eigen/Dense:1,
                 from /home/ambushee/wil_project/thirdparty/ORB_SLAM3/Thirdparty/Sophus/sophus/rotation_matrix.hpp:7,
                 from /home/ambushee/wil_project/thirdparty/ORB_SLAM3/Thirdparty/Sophus/sophus/so3.hpp:7,
                 from /home/ambushee/wil_project/thirdparty/ORB_SLAM3/Thirdparty/Sophus/sophus/se3.hpp:7,
                 from /home/ambushee/wil_project/thirdparty/ORB_SLAM3/include/CameraModels/GeometricCamera.h:35,
                 from /home/ambushee/wil_project/thirdparty/ORB_SLAM3/include/Settings.h:26,
                 from /home/ambushee/wil_project/thirdparty/ORB_SLAM3/src/Settings.cc:19:
/usr/include/eigen3/Eigen/src/Core/util/Constants.h:167:37: note: declared here
  167 | EIGEN_DEPRECATED const unsigned int AlignedBit = 0x80;
      |                                     ^~~~~~~~~~
In file included from /home/ambushee/wil_project/thirdparty/ORB_SLAM3/Thirdparty/g2o/g2o/types/types_six_dof_expmap.h:38,
                 from /home/ambushee/wil_project/thirdparty/ORB_SLAM3/include/Converter.h:26,
                 from /home/ambushee/wil_project/thirdparty/ORB_SLAM3/include/CameraModels/GeometricCamera.h:39,
                 from /home/ambushee/wil_project/thirdparty/ORB_SLAM3/include/Settings.h:26,
                 from /home/ambushee/wil_project/thirdparty/ORB_SLAM3/src/Settings.cc:19:
/home/ambushee/wil_project/thirdparty/ORB_SLAM3/Thirdparty/g2o/g2o/types/../core/base_binary_edge.h: In instantiation of ‘class g2o::BaseBinaryEdge<3, Eigen::Matrix<double, 3, 1>, g2o::VertexSBAPointXYZ, g2o::VertexSE3Expmap>’:
/home/ambushee/wil_project/thirdparty/ORB_SLAM3/Thirdparty/g2o/g2o/types/types_six_dof_expmap.h:146:41:   required from here
/home/ambushee/wil_project/thirdparty/ORB_SLAM3/Thirdparty/g2o/g2o/types/../core/base_binary_edge.h:59:80: warning: ‘Eigen::AlignedBit’ is deprecated [-Wdeprecated-declarations]
   59 |       typedef Eigen::Map<Matrix<double, Di, Dj>, Matrix<double, Di, Dj>::Flags & AlignedBit ? Aligned : Unaligned > HessianBlockType;
      |                                                                          ~~~~~~^~~~~~~~~~~~
In file included from /usr/include/eigen3/Eigen/Core:161,
                 from /usr/include/eigen3/Eigen/Dense:1,
                 from /home/ambushee/wil_project/thirdparty/ORB_SLAM3/Thirdparty/Sophus/sophus/rotation_matrix.hpp:7,
                 from /home/ambushee/wil_project/thirdparty/ORB_SLAM3/Thirdparty/Sophus/sophus/so3.hpp:7,
                 from /home/ambushee/wil_project/thirdparty/ORB_SLAM3/Thirdparty/Sophus/sophus/se3.hpp:7,
                 from /home/ambushee/wil_project/thirdparty/ORB_SLAM3/include/CameraModels/GeometricCamera.h:35,
                 from /home/ambushee/wil_project/thirdparty/ORB_SLAM3/include/Settings.h:26,
                 from /home/ambushee/wil_project/thirdparty/ORB_SLAM3/src/Settings.cc:19:
/usr/include/eigen3/Eigen/src/Core/util/Constants.h:167:37: note: declared here
  167 | EIGEN_DEPRECATED const unsigned int AlignedBit = 0x80;
      |                                     ^~~~~~~~~~
In file included from /home/ambushee/wil_project/thirdparty/ORB_SLAM3/Thirdparty/g2o/g2o/types/types_six_dof_expmap.h:38,
                 from /home/ambushee/wil_project/thirdparty/ORB_SLAM3/include/Converter.h:26,
                 from /home/ambushee/wil_project/thirdparty/ORB_SLAM3/include/CameraModels/GeometricCamera.h:39,
                 from /home/ambushee/wil_project/thirdparty/ORB_SLAM3/include/Settings.h:26,
                 from /home/ambushee/wil_project/thirdparty/ORB_SLAM3/src/Settings.cc:19:
/home/ambushee/wil_project/thirdparty/ORB_SLAM3/Thirdparty/g2o/g2o/types/../core/base_binary_edge.h:60:80: warning: ‘Eigen::AlignedBit’ is deprecated [-Wdeprecated-declarations]
   60 |       typedef Eigen::Map<Matrix<double, Dj, Di>, Matrix<double, Dj, Di>::Flags & AlignedBit ? Aligned : Unaligned > HessianBlockTransposedType;
      |                                                                          ~~~~~~^~~~~~~~~~~~
In file included from /usr/include/eigen3/Eigen/Core:161,
                 from /usr/include/eigen3/Eigen/Dense:1,
                 from /home/ambushee/wil_project/thirdparty/ORB_SLAM3/Thirdparty/Sophus/sophus/rotation_matrix.hpp:7,
                 from /home/ambushee/wil_project/thirdparty/ORB_SLAM3/Thirdparty/Sophus/sophus/so3.hpp:7,
                 from /home/ambushee/wil_project/thirdparty/ORB_SLAM3/Thirdparty/Sophus/sophus/se3.hpp:7,
                 from /home/ambushee/wil_project/thirdparty/ORB_SLAM3/include/CameraModels/GeometricCamera.h:35,
                 from /home/ambushee/wil_project/thirdparty/ORB_SLAM3/include/Settings.h:26,
                 from /home/ambushee/wil_project/thirdparty/ORB_SLAM3/src/Settings.cc:19:
/usr/include/eigen3/Eigen/src/Core/util/Constants.h:167:37: note: declared here
  167 | EIGEN_DEPRECATED const unsigned int AlignedBit = 0x80;
      |                                     ^~~~~~~~~~
In file included from /home/ambushee/wil_project/thirdparty/ORB_SLAM3/Thirdparty/g2o/g2o/types/types_six_dof_expmap.h:37,
                 from /home/ambushee/wil_project/thirdparty/ORB_SLAM3/include/Converter.h:26,
                 from /home/ambushee/wil_project/thirdparty/ORB_SLAM3/include/CameraModels/GeometricCamera.h:39,
                 from /home/ambushee/wil_project/thirdparty/ORB_SLAM3/include/Settings.h:26,
                 from /home/ambushee/wil_project/thirdparty/ORB_SLAM3/src/Settings.cc:19:
/home/ambushee/wil_project/thirdparty/ORB_SLAM3/Thirdparty/g2o/g2o/types/../core/base_vertex.h: In instantiation of ‘class g2o::BaseVertex<7, g2o::Sim3>’:
/home/ambushee/wil_project/thirdparty/ORB_SLAM3/Thirdparty/g2o/g2o/types/types_seven_dof_expmap.h:48:35:   required from here
/home/ambushee/wil_project/thirdparty/ORB_SLAM3/Thirdparty/g2o/g2o/types/../core/base_vertex.h:62:72: warning: ‘Eigen::AlignedBit’ is deprecated [-Wdeprecated-declarations]
   62 |     typedef Eigen::Map<Matrix<double, D, D>, Matrix<double,D,D>::Flags & AlignedBit ? Aligned : Unaligned >  HessianBlockType;
      |                                                                  ~~~~~~^~~~~~~~~~~~
In file included from /usr/include/eigen3/Eigen/Core:161,
                 from /usr/include/eigen3/Eigen/Dense:1,
                 from /home/ambushee/wil_project/thirdparty/ORB_SLAM3/Thirdparty/Sophus/sophus/rotation_matrix.hpp:7,
                 from /home/ambushee/wil_project/thirdparty/ORB_SLAM3/Thirdparty/Sophus/sophus/so3.hpp:7,
                 from /home/ambushee/wil_project/thirdparty/ORB_SLAM3/Thirdparty/Sophus/sophus/se3.hpp:7,
                 from /home/ambushee/wil_project/thirdparty/ORB_SLAM3/include/CameraModels/GeometricCamera.h:35,
                 from /home/ambushee/wil_project/thirdparty/ORB_SLAM3/include/Settings.h:26,
                 from /home/ambushee/wil_project/thirdparty/ORB_SLAM3/src/Settings.cc:19:
/usr/include/eigen3/Eigen/src/Core/util/Constants.h:167:37: note: declared here
  167 | EIGEN_DEPRECATED const unsigned int AlignedBit = 0x80;
      |                                     ^~~~~~~~~~
In file included from /home/ambushee/wil_project/thirdparty/ORB_SLAM3/Thirdparty/g2o/g2o/types/types_six_dof_expmap.h:38,
                 from /home/ambushee/wil_project/thirdparty/ORB_SLAM3/include/Converter.h:26,
                 from /home/ambushee/wil_project/thirdparty/ORB_SLAM3/include/CameraModels/GeometricCamera.h:39,
                 from /home/ambushee/wil_project/thirdparty/ORB_SLAM3/include/Settings.h:26,
                 from /home/ambushee/wil_project/thirdparty/ORB_SLAM3/src/Settings.cc:19:
/home/ambushee/wil_project/thirdparty/ORB_SLAM3/Thirdparty/g2o/g2o/types/../core/base_binary_edge.h: In instantiation of ‘class g2o::BaseBinaryEdge<7, g2o::Sim3, g2o::VertexSim3Expmap, g2o::VertexSim3Expmap>’:
/home/ambushee/wil_project/thirdparty/ORB_SLAM3/Thirdparty/g2o/g2o/types/types_seven_dof_expmap.h:99:27:   required from here
/home/ambushee/wil_project/thirdparty/ORB_SLAM3/Thirdparty/g2o/g2o/types/../core/base_binary_edge.h:59:80: warning: ‘Eigen::AlignedBit’ is deprecated [-Wdeprecated-declarations]
   59 |       typedef Eigen::Map<Matrix<double, Di, Dj>, Matrix<double, Di, Dj>::Flags & AlignedBit ? Aligned : Unaligned > HessianBlockType;
      |                                                                          ~~~~~~^~~~~~~~~~~~
In file included from /usr/include/eigen3/Eigen/Core:161,
                 from /usr/include/eigen3/Eigen/Dense:1,
                 from /home/ambushee/wil_project/thirdparty/ORB_SLAM3/Thirdparty/Sophus/sophus/rotation_matrix.hpp:7,
                 from /home/ambushee/wil_project/thirdparty/ORB_SLAM3/Thirdparty/Sophus/sophus/so3.hpp:7,
                 from /home/ambushee/wil_project/thirdparty/ORB_SLAM3/Thirdparty/Sophus/sophus/se3.hpp:7,
                 from /home/ambushee/wil_project/thirdparty/ORB_SLAM3/include/CameraModels/GeometricCamera.h:35,
                 from /home/ambushee/wil_project/thirdparty/ORB_SLAM3/include/Settings.h:26,
                 from /home/ambushee/wil_project/thirdparty/ORB_SLAM3/src/Settings.cc:19:
/usr/include/eigen3/Eigen/src/Core/util/Constants.h:167:37: note: declared here
  167 | EIGEN_DEPRECATED const unsigned int AlignedBit = 0x80;
      |                                     ^~~~~~~~~~
In file included from /home/ambushee/wil_project/thirdparty/ORB_SLAM3/Thirdparty/g2o/g2o/types/types_six_dof_expmap.h:38,
                 from /home/ambushee/wil_project/thirdparty/ORB_SLAM3/include/Converter.h:26,
                 from /home/ambushee/wil_project/thirdparty/ORB_SLAM3/include/CameraModels/GeometricCamera.h:39,
                 from /home/ambushee/wil_project/thirdparty/ORB_SLAM3/include/Settings.h:26,
                 from /home/ambushee/wil_project/thirdparty/ORB_SLAM3/src/Settings.cc:19:
/home/ambushee/wil_project/thirdparty/ORB_SLAM3/Thirdparty/g2o/g2o/types/../core/base_binary_edge.h:60:80: warning: ‘Eigen::AlignedBit’ is deprecated [-Wdeprecated-declarations]
   60 |       typedef Eigen::Map<Matrix<double, Dj, Di>, Matrix<double, Dj, Di>::Flags & AlignedBit ? Aligned : Unaligned > HessianBlockTransposedType;
      |                                                                          ~~~~~~^~~~~~~~~~~~
In file included from /usr/include/eigen3/Eigen/Core:161,
                 from /usr/include/eigen3/Eigen/Dense:1,
                 from /home/ambushee/wil_project/thirdparty/ORB_SLAM3/Thirdparty/Sophus/sophus/rotation_matrix.hpp:7,
                 from /home/ambushee/wil_project/thirdparty/ORB_SLAM3/Thirdparty/Sophus/sophus/so3.hpp:7,
                 from /home/ambushee/wil_project/thirdparty/ORB_SLAM3/Thirdparty/Sophus/sophus/se3.hpp:7,
                 from /home/ambushee/wil_project/thirdparty/ORB_SLAM3/include/CameraModels/GeometricCamera.h:35,
                 from /home/ambushee/wil_project/thirdparty/ORB_SLAM3/include/Settings.h:26,
                 from /home/ambushee/wil_project/thirdparty/ORB_SLAM3/src/Settings.cc:19:
/usr/include/eigen3/Eigen/src/Core/util/Constants.h:167:37: note: declared here
  167 | EIGEN_DEPRECATED const unsigned int AlignedBit = 0x80;
      |                                     ^~~~~~~~~~
In file included from /home/ambushee/wil_project/thirdparty/ORB_SLAM3/Thirdparty/g2o/g2o/types/types_six_dof_expmap.h:38,
                 from /home/ambushee/wil_project/thirdparty/ORB_SLAM3/include/Converter.h:26,
                 from /home/ambushee/wil_project/thirdparty/ORB_SLAM3/include/CameraModels/GeometricCamera.h:39,
                 from /home/ambushee/wil_project/thirdparty/ORB_SLAM3/include/Settings.h:26,
                 from /home/ambushee/wil_project/thirdparty/ORB_SLAM3/src/Settings.cc:19:
/home/ambushee/wil_project/thirdparty/ORB_SLAM3/Thirdparty/g2o/g2o/types/../core/base_binary_edge.h: In instantiation of ‘class g2o::BaseBinaryEdge<2, Eigen::Matrix<double, 2, 1>, g2o::VertexSBAPointXYZ, g2o::VertexSim3Expmap>’:
/home/ambushee/wil_project/thirdparty/ORB_SLAM3/Thirdparty/g2o/g2o/types/types_seven_dof_expmap.h:130:36:   required from here
/home/ambushee/wil_project/thirdparty/ORB_SLAM3/Thirdparty/g2o/g2o/types/../core/base_binary_edge.h:59:80: warning: ‘Eigen::AlignedBit’ is deprecated [-Wdeprecated-declarations]
   59 |       typedef Eigen::Map<Matrix<double, Di, Dj>, Matrix<double, Di, Dj>::Flags & AlignedBit ? Aligned : Unaligned > HessianBlockType;
      |                                                                          ~~~~~~^~~~~~~~~~~~
In file included from /usr/include/eigen3/Eigen/Core:161,
                 from /usr/include/eigen3/Eigen/Dense:1,
                 from /home/ambushee/wil_project/thirdparty/ORB_SLAM3/Thirdparty/Sophus/sophus/rotation_matrix.hpp:7,
                 from /home/ambushee/wil_project/thirdparty/ORB_SLAM3/Thirdparty/Sophus/sophus/so3.hpp:7,
                 from /home/ambushee/wil_project/thirdparty/ORB_SLAM3/Thirdparty/Sophus/sophus/se3.hpp:7,
                 from /home/ambushee/wil_project/thirdparty/ORB_SLAM3/include/CameraModels/GeometricCamera.h:35,
                 from /home/ambushee/wil_project/thirdparty/ORB_SLAM3/include/Settings.h:26,
                 from /home/ambushee/wil_project/thirdparty/ORB_SLAM3/src/Settings.cc:19:
/usr/include/eigen3/Eigen/src/Core/util/Constants.h:167:37: note: declared here
  167 | EIGEN_DEPRECATED const unsigned int AlignedBit = 0x80;
      |                                     ^~~~~~~~~~
In file included from /home/ambushee/wil_project/thirdparty/ORB_SLAM3/Thirdparty/g2o/g2o/types/types_six_dof_expmap.h:38,
                 from /home/ambushee/wil_project/thirdparty/ORB_SLAM3/include/Converter.h:26,
                 from /home/ambushee/wil_project/thirdparty/ORB_SLAM3/include/CameraModels/GeometricCamera.h:39,
                 from /home/ambushee/wil_project/thirdparty/ORB_SLAM3/include/Settings.h:26,
                 from /home/ambushee/wil_project/thirdparty/ORB_SLAM3/src/Settings.cc:19:
/home/ambushee/wil_project/thirdparty/ORB_SLAM3/Thirdparty/g2o/g2o/types/../core/base_binary_edge.h:60:80: warning: ‘Eigen::AlignedBit’ is deprecated [-Wdeprecated-declarations]
   60 |       typedef Eigen::Map<Matrix<double, Dj, Di>, Matrix<double, Dj, Di>::Flags & AlignedBit ? Aligned : Unaligned > HessianBlockTransposedType;
      |                                                                          ~~~~~~^~~~~~~~~~~~
In file included from /usr/include/eigen3/Eigen/Core:161,
                 from /usr/include/eigen3/Eigen/Dense:1,
                 from /home/ambushee/wil_project/thirdparty/ORB_SLAM3/Thirdparty/Sophus/sophus/rotation_matrix.hpp:7,
                 from /home/ambushee/wil_project/thirdparty/ORB_SLAM3/Thirdparty/Sophus/sophus/so3.hpp:7,
                 from /home/ambushee/wil_project/thirdparty/ORB_SLAM3/Thirdparty/Sophus/sophus/se3.hpp:7,
                 from /home/ambushee/wil_project/thirdparty/ORB_SLAM3/include/CameraModels/GeometricCamera.h:35,
                 from /home/ambushee/wil_project/thirdparty/ORB_SLAM3/include/Settings.h:26,
                 from /home/ambushee/wil_project/thirdparty/ORB_SLAM3/src/Settings.cc:19:
/usr/include/eigen3/Eigen/src/Core/util/Constants.h:167:37: note: declared here
  167 | EIGEN_DEPRECATED const unsigned int AlignedBit = 0x80;
      |                                     ^~~~~~~~~~
In file included from /home/ambushee/wil_project/thirdparty/ORB_SLAM3/src/Settings.cc:22:
/home/ambushee/wil_project/thirdparty/ORB_SLAM3/include/CameraModels/KannalaBrandt8.h: In constructor ‘ORB_SLAM3::KannalaBrandt8::KannalaBrandt8(std::vector<float>)’:
/home/ambushee/wil_project/thirdparty/ORB_SLAM3/include/CameraModels/KannalaBrandt8.h:102:21: warning: ‘ORB_SLAM3::KannalaBrandt8::precision’ will be initialized after [-Wreorder]
  102 |         const float precision;
      |                     ^~~~~~~~~
/home/ambushee/wil_project/thirdparty/ORB_SLAM3/include/CameraModels/KannalaBrandt8.h:88:26: warning:   ‘std::vector<int> ORB_SLAM3::KannalaBrandt8::mvLappingArea’ [-Wreorder]
   88 |         std::vector<int> mvLappingArea;
      |                          ^~~~~~~~~~~~~
In file included from /home/ambushee/wil_project/thirdparty/ORB_SLAM3/src/Settings.cc:22:
/home/ambushee/wil_project/thirdparty/ORB_SLAM3/include/CameraModels/KannalaBrandt8.h:47:9: warning:   when initialized here [-Wreorder]
   47 |         KannalaBrandt8(const std::vector<float> _vParameters) : GeometricCamera(_vParameters), precision(1e-6), mvLappingArea(2,0) ,tvr(nullptr) {
      |         ^~~~~~~~~~~~~~
In file included from /home/ambushee/wil_project/thirdparty/ORB_SLAM3/src/Settings.cc:22:
/home/ambushee/wil_project/thirdparty/ORB_SLAM3/include/CameraModels/KannalaBrandt8.h: In constructor ‘ORB_SLAM3::KannalaBrandt8::KannalaBrandt8(std::vector<float>, float)’:
/home/ambushee/wil_project/thirdparty/ORB_SLAM3/include/CameraModels/KannalaBrandt8.h:102:21: warning: ‘ORB_SLAM3::KannalaBrandt8::precision’ will be initialized after [-Wreorder]
  102 |         const float precision;
      |                     ^~~~~~~~~
/home/ambushee/wil_project/thirdparty/ORB_SLAM3/include/CameraModels/KannalaBrandt8.h:88:26: warning:   ‘std::vector<int> ORB_SLAM3::KannalaBrandt8::mvLappingArea’ [-Wreorder]
   88 |         std::vector<int> mvLappingArea;
      |                          ^~~~~~~~~~~~~
/home/ambushee/wil_project/thirdparty/ORB_SLAM3/include/CameraModels/KannalaBrandt8.h:53:9: warning:   when initialized here [-Wreorder]
   53 |         KannalaBrandt8(const std::vector<float> _vParameters, const float _precision) : GeometricCamera(_vParameters),
      |         ^~~~~~~~~~~~~~
/home/ambushee/wil_project/thirdparty/ORB_SLAM3/include/CameraModels/KannalaBrandt8.h: In constructor ‘ORB_SLAM3::KannalaBrandt8::KannalaBrandt8(ORB_SLAM3::KannalaBrandt8*)’:
/home/ambushee/wil_project/thirdparty/ORB_SLAM3/include/CameraModels/KannalaBrandt8.h:102:21: warning: ‘ORB_SLAM3::KannalaBrandt8::precision’ will be initialized after [-Wreorder]
  102 |         const float precision;
      |                     ^~~~~~~~~
/home/ambushee/wil_project/thirdparty/ORB_SLAM3/include/CameraModels/KannalaBrandt8.h:88:26: warning:   ‘std::vector<int> ORB_SLAM3::KannalaBrandt8::mvLappingArea’ [-Wreorder]
   88 |         std::vector<int> mvLappingArea;
      |                          ^~~~~~~~~~~~~
/home/ambushee/wil_project/thirdparty/ORB_SLAM3/include/CameraModels/KannalaBrandt8.h:59:9: warning:   when initialized here [-Wreorder]
   59 |         KannalaBrandt8(KannalaBrandt8* pKannala) : GeometricCamera(pKannala->mvParameters), precision(pKannala->precision), mvLappingArea(2,0) ,tvr(nullptr) {
      |         ^~~~~~~~~~~~~~
In file included from /home/ambushee/wil_project/thirdparty/ORB_SLAM3/include/Frame.h:30,
                 from /home/ambushee/wil_project/thirdparty/ORB_SLAM3/include/KeyFrame.h:28,
                 from /home/ambushee/wil_project/thirdparty/ORB_SLAM3/include/MapPoint.h:23,
                 from /home/ambushee/wil_project/thirdparty/ORB_SLAM3/include/FrameDrawer.h:24,
                 from /home/ambushee/wil_project/thirdparty/ORB_SLAM3/include/Viewer.h:23,
                 from /home/ambushee/wil_project/thirdparty/ORB_SLAM3/include/Tracking.h:26,
                 from /home/ambushee/wil_project/thirdparty/ORB_SLAM3/include/System.h:31,
                 from /home/ambushee/wil_project/thirdparty/ORB_SLAM3/src/Settings.cc:24:
/home/ambushee/wil_project/thirdparty/ORB_SLAM3/include/ImuTypes.h: In member function ‘void ORB_SLAM3::IMU::Preintegrated::printMeasurements() const’:
/home/ambushee/wil_project/thirdparty/ORB_SLAM3/include/ImuTypes.h:204:23: warning: comparison of integer expressions of different signedness: ‘int’ and ‘std::vector<ORB_SLAM3::IMU::Preintegrated::integrable>::size_type’ {aka ‘long unsigned int’} [-Wsign-compare]
  204 |         for(int i=0; i<mvMeasurements.size(); i++){
      |                      ~^~~~~~~~~~~~~~~~~~~~~~
/home/ambushee/wil_project/thirdparty/ORB_SLAM3/src/Tracking.cc: In member function ‘bool ORB_SLAM3::Tracking::ParseORBParamFile(cv::FileStorage&)’:
/home/ambushee/wil_project/thirdparty/ORB_SLAM3/src/Tracking.cc:1289:100: warning: ‘nLevels’ may be used uninitialized in this function [-Wmaybe-uninitialized]
 1289 |         mpIniORBextractor = new ORBextractor(5*nFeatures,fScaleFactor,nLevels,fIniThFAST,fMinThFAST);
      |                                                                                                    ^
/home/ambushee/wil_project/thirdparty/ORB_SLAM3/src/Tracking.cc:1289:100: warning: ‘fScaleFactor’ may be used uninitialized in this function [-Wmaybe-uninitialized]
/home/ambushee/wil_project/thirdparty/ORB_SLAM3/src/Tracking.cc:1292:41: warning: ‘nFeatures’ may be used uninitialized in this function [-Wmaybe-uninitialized]
 1292 |     cout << "- Number of Features: " << nFeatures << endl;
      |                                         ^~~~~~~~~
/home/ambushee/wil_project/thirdparty/ORB_SLAM3/src/Tracking.cc: In member function ‘bool ORB_SLAM3::Tracking::ParseCamParamFile(cv::FileStorage&)’:
/home/ambushee/wil_project/thirdparty/ORB_SLAM3/src/Tracking.cc:785:27: warning: ‘k4’ may be used uninitialized in this function [-Wmaybe-uninitialized]
  785 |         float k1, k2, k3, k4;
      |                           ^~
/home/ambushee/wil_project/thirdparty/ORB_SLAM3/src/Tracking.cc:785:23: warning: ‘k3’ may be used uninitialized in this function [-Wmaybe-uninitialized]
  785 |         float k1, k2, k3, k4;
      |                       ^~
/home/ambushee/wil_project/thirdparty/ORB_SLAM3/src/Tracking.cc:785:19: warning: ‘k2’ may be used uninitialized in this function [-Wmaybe-uninitialized]
  785 |         float k1, k2, k3, k4;
      |                   ^~
/home/ambushee/wil_project/thirdparty/ORB_SLAM3/src/Tracking.cc:785:15: warning: ‘k1’ may be used uninitialized in this function [-Wmaybe-uninitialized]
  785 |         float k1, k2, k3, k4;
      |               ^~
/home/ambushee/wil_project/thirdparty/ORB_SLAM3/src/Tracking.cc:890:20: warning: ‘cy’ may be used uninitialized in this function [-Wmaybe-uninitialized]
  890 |                 cy = cy * mImageScale;
      |                 ~~~^~~~~~~~~~~~~~~~~~
/home/ambushee/wil_project/thirdparty/ORB_SLAM3/src/Tracking.cc:889:20: warning: ‘cx’ may be used uninitialized in this function [-Wmaybe-uninitialized]
  889 |                 cx = cx * mImageScale;
      |                 ~~~^~~~~~~~~~~~~~~~~~
/home/ambushee/wil_project/thirdparty/ORB_SLAM3/src/Tracking.cc:888:20: warning: ‘fy’ may be used uninitialized in this function [-Wmaybe-uninitialized]
  888 |                 fy = fy * mImageScale;
      |                 ~~~^~~~~~~~~~~~~~~~~~
/home/ambushee/wil_project/thirdparty/ORB_SLAM3/src/Tracking.cc:887:20: warning: ‘fx’ may be used uninitialized in this function [-Wmaybe-uninitialized]
  887 |                 fx = fx * mImageScale;
      |                 ~~~^~~~~~~~~~~~~~~~~~
/home/ambushee/wil_project/thirdparty/ORB_SLAM3/src/Tracking.cc:628:27: warning: ‘cy’ may be used uninitialized in this function [-Wmaybe-uninitialized]
  628 |         float fx, fy, cx, cy;
      |                           ^~
/home/ambushee/wil_project/thirdparty/ORB_SLAM3/src/Tracking.cc:628:23: warning: ‘cx’ may be used uninitialized in this function [-Wmaybe-uninitialized]
  628 |         float fx, fy, cx, cy;
      |                       ^~
/home/ambushee/wil_project/thirdparty/ORB_SLAM3/src/Tracking.cc:628:19: warning: ‘fy’ may be used uninitialized in this function [-Wmaybe-uninitialized]
  628 |         float fx, fy, cx, cy;
      |                   ^~
/home/ambushee/wil_project/thirdparty/ORB_SLAM3/src/Tracking.cc:628:15: warning: ‘fx’ may be used uninitialized in this function [-Wmaybe-uninitialized]
  628 |         float fx, fy, cx, cy;
      |               ^~
/home/ambushee/wil_project/thirdparty/ORB_SLAM3/src/Tracking.cc: In member function ‘bool ORB_SLAM3::Tracking::ParseIMUParamFile(cv::FileStorage&)’:
/home/ambushee/wil_project/thirdparty/ORB_SLAM3/src/Tracking.cc:1419:59: warning: ‘Naw’ may be used uninitialized in this function [-Wmaybe-uninitialized]
 1419 |     mpImuCalib = new IMU::Calib(Tbc,Ng*sf,Na*sf,Ngw/sf,Naw/sf);
      |                                                        ~~~^~~
/home/ambushee/wil_project/thirdparty/ORB_SLAM3/src/Tracking.cc:1419:52: warning: ‘Ngw’ may be used uninitialized in this function [-Wmaybe-uninitialized]
 1419 |     mpImuCalib = new IMU::Calib(Tbc,Ng*sf,Na*sf,Ngw/sf,Naw/sf);
      |                                                 ~~~^~~
/home/ambushee/wil_project/thirdparty/ORB_SLAM3/src/Tracking.cc:1419:45: warning: ‘Na’ may be used uninitialized in this function [-Wmaybe-uninitialized]
 1419 |     mpImuCalib = new IMU::Calib(Tbc,Ng*sf,Na*sf,Ngw/sf,Naw/sf);
      |                                           ~~^~~
/home/ambushee/wil_project/thirdparty/ORB_SLAM3/src/Tracking.cc:1419:39: warning: ‘Ng’ may be used uninitialized in this function [-Wmaybe-uninitialized]
 1419 |     mpImuCalib = new IMU::Calib(Tbc,Ng*sf,Na*sf,Ngw/sf,Naw/sf);
      |                                     ~~^~~
/home/ambushee/wil_project/thirdparty/ORB_SLAM3/src/Tracking.cc: In member function ‘void ORB_SLAM3::Tracking::Track()’:
/home/ambushee/wil_project/thirdparty/ORB_SLAM3/src/Tracking.cc:2135:13: warning: ‘bOK’ may be used uninitialized in this function [-Wmaybe-uninitialized]
 2135 |             if(bOK)
      |             ^~
/home/ambushee/wil_project/thirdparty/ORB_SLAM3/src/Optimizer.cc: In static member function ‘static void ORB_SLAM3::Optimizer::FullInertialBA(ORB_SLAM3::Map*, int, bool, long unsigned int, bool*, bool, float, float, Eigen::VectorXd*, bool*)’:
/home/ambushee/wil_project/thirdparty/ORB_SLAM3/src/Optimizer.cc:498:42: warning: ‘VA2’ may be used uninitialized in this function [-Wmaybe-uninitialized]
  498 |                 g2o::HyperGraph::Vertex* VA2;
      |                                          ^~~
/home/ambushee/wil_project/thirdparty/ORB_SLAM3/src/Optimizer.cc:497:42: warning: ‘VG2’ may be used uninitialized in this function [-Wmaybe-uninitialized]
  497 |                 g2o::HyperGraph::Vertex* VG2;
      |                                          ^~~
/home/ambushee/wil_project/thirdparty/ORB_SLAM3/src/Optimizer.cc:462:53: warning: ‘pIncKF’ may be used uninitialized in this function [-Wmaybe-uninitialized]
  462 |         VertexAccBias* VA = new VertexAccBias(pIncKF);
      |                                                     ^
In file included from /home/ambushee/wil_project/thirdparty/ORB_SLAM3/src/Optimizer.cc:37:
In member function ‘ORB_SLAM3::GDirection& ORB_SLAM3::GDirection::operator=(const ORB_SLAM3::GDirection&)’,
    inlined from ‘void g2o::BaseVertex<D, T>::setEstimate(const EstimateType&) [with int D = 2; T = ORB_SLAM3::GDirection]’ at /home/ambushee/wil_project/thirdparty/ORB_SLAM3/Thirdparty/g2o/g2o/types/../core/base_vertex.h:104:58,
    inlined from ‘ORB_SLAM3::VertexGDir::VertexGDir(Eigen::Matrix3d)’ at /home/ambushee/wil_project/thirdparty/ORB_SLAM3/include/G2oTypes.h:280:20,
    inlined from ‘static void ORB_SLAM3::Optimizer::InertialOptimization(ORB_SLAM3::Map*, Eigen::Matrix3d&, double&, Eigen::Vector3d&, Eigen::Vector3d&, bool, Eigen::MatrixXd&, bool, bool, float, float)’ at /home/ambushee/wil_project/thirdparty/ORB_SLAM3/src/Optimizer.cc:3117:43:
/home/ambushee/wil_project/thirdparty/ORB_SLAM3/include/G2oTypes.h:257:7: warning: ‘<anonymous>.ORB_SLAM3::GDirection::its’ may be used uninitialized [-Wmaybe-uninitialized]
  257 | class GDirection
      |       ^~~~~~~~~~
/home/ambushee/wil_project/thirdparty/ORB_SLAM3/include/G2oTypes.h: In static member function ‘static void ORB_SLAM3::Optimizer::InertialOptimization(ORB_SLAM3::Map*, Eigen::Matrix3d&, double&, Eigen::Vector3d&, Eigen::Vector3d&, bool, Eigen::MatrixXd&, bool, bool, float, float)’:
/home/ambushee/wil_project/thirdparty/ORB_SLAM3/include/G2oTypes.h:280:36: note: ‘<anonymous>’ declared here
  280 |         setEstimate(GDirection(pRwg));
      |                                    ^
In member function ‘ORB_SLAM3::GDirection& ORB_SLAM3::GDirection::operator=(const ORB_SLAM3::GDirection&)’,
    inlined from ‘void g2o::BaseVertex<D, T>::setEstimate(const EstimateType&) [with int D = 2; T = ORB_SLAM3::GDirection]’ at /home/ambushee/wil_project/thirdparty/ORB_SLAM3/Thirdparty/g2o/g2o/types/../core/base_vertex.h:104:58,
    inlined from ‘ORB_SLAM3::VertexGDir::VertexGDir(Eigen::Matrix3d)’ at /home/ambushee/wil_project/thirdparty/ORB_SLAM3/include/G2oTypes.h:280:20,
    inlined from ‘static void ORB_SLAM3::Optimizer::InertialOptimization(ORB_SLAM3::Map*, Eigen::Vector3d&, Eigen::Vector3d&, float, float)’ at /home/ambushee/wil_project/thirdparty/ORB_SLAM3/src/Optimizer.cc:3291:67:
/home/ambushee/wil_project/thirdparty/ORB_SLAM3/include/G2oTypes.h:257:7: warning: ‘<anonymous>.ORB_SLAM3::GDirection::its’ may be used uninitialized [-Wmaybe-uninitialized]
  257 | class GDirection
      |       ^~~~~~~~~~
/home/ambushee/wil_project/thirdparty/ORB_SLAM3/include/G2oTypes.h: In static member function ‘static void ORB_SLAM3::Optimizer::InertialOptimization(ORB_SLAM3::Map*, Eigen::Vector3d&, Eigen::Vector3d&, float, float)’:
/home/ambushee/wil_project/thirdparty/ORB_SLAM3/include/G2oTypes.h:280:36: note: ‘<anonymous>’ declared here
  280 |         setEstimate(GDirection(pRwg));
      |                                    ^
In member function ‘ORB_SLAM3::GDirection& ORB_SLAM3::GDirection::operator=(const ORB_SLAM3::GDirection&)’,
    inlined from ‘void g2o::BaseVertex<D, T>::setEstimate(const EstimateType&) [with int D = 2; T = ORB_SLAM3::GDirection]’ at /home/ambushee/wil_project/thirdparty/ORB_SLAM3/Thirdparty/g2o/g2o/types/../core/base_vertex.h:104:58,
    inlined from ‘ORB_SLAM3::VertexGDir::VertexGDir(Eigen::Matrix3d)’ at /home/ambushee/wil_project/thirdparty/ORB_SLAM3/include/G2oTypes.h:280:20,
    inlined from ‘static void ORB_SLAM3::Optimizer::InertialOptimization(ORB_SLAM3::Map*, Eigen::Matrix3d&, double&)’ at /home/ambushee/wil_project/thirdparty/ORB_SLAM3/src/Optimizer.cc:3434:43:
/home/ambushee/wil_project/thirdparty/ORB_SLAM3/include/G2oTypes.h:257:7: warning: ‘<anonymous>.ORB_SLAM3::GDirection::its’ may be used uninitialized [-Wmaybe-uninitialized]
  257 | class GDirection
      |       ^~~~~~~~~~
/home/ambushee/wil_project/thirdparty/ORB_SLAM3/include/G2oTypes.h: In static member function ‘static void ORB_SLAM3::Optimizer::InertialOptimization(ORB_SLAM3::Map*, Eigen::Matrix3d&, double&)’:
/home/ambushee/wil_project/thirdparty/ORB_SLAM3/include/G2oTypes.h:280:36: note: ‘<anonymous>’ declared here
  280 |         setEstimate(GDirection(pRwg));
      |                                    ^
[ 81%] Linking CXX shared library ../lib/libORB_SLAM3.so
[100%] Built target ORB_SLAM3
    built /home/ambushee/wil_project/thirdparty/ORB_SLAM3/lib/libORB_SLAM3.so

[1;36m==> done[0m
