65869000000,-0.00356,0.00482,0.00175,1.00000,0.00023,-0.00109,-0.00097,-0.00886,0.01592,0.00634
65902000000,-0.00104,0.00328,0.00064,1.00000,0.00047,-0.00104,-0.00062,-0.00117,0.00974,0.00235
65935000000,-0.00106,0.00310,0.00067,1.00000,0.00042,-0.00113,-0.00059,-0.00156,0.00866,0.00300
65968000000,-0.00100,0.00304,0.00068,1.00000,0.00039,-0.00118,-0.00056,-0.00167,0.00867,0.00255
66001000000,-0.00085,0.00281,0.00066,1.00000,0.00043,-0.00119,-0.00051,-0.00262,0.00816,0.00144
66034000000,-0.00086,0.00264,0.00061,1.00000,0.00052,-0.00118,-0.00046,-0.00177,0.00764,0.00075
66067000000,-0.00082,0.00260,0.00058,1.00000,0.00064,-0.00115,-0.00045,-0.00105,0.00585,0.00062
66100000000,-0.00073,0.00242,0.00052,1.00000,0.00078,-0.00112,-0.00043,-0.00103,0.00575,-0.00054
66133000000,-0.00076,0.00208,0.00053,1.00000,0.00087,-0.00108,-0.00034,-0.00071,0.00490,0.00057
66166000000,-0.00075,0.00208,0.00054,1.00000,0.00088,-0.00110,-0.00035,-0.00012,0.00482,0.00061
66199000000,-0.00072,0.00198,0.00052,1.00000,0.00100,-0.00111,-0.00030,0.00066,0.00354,0.00198
66232000000,-0.00073,0.00191,0.00051,1.00000,0.00103,-0.00112,-0.00032,0.00107,0.00376,0.00277
66265000000,-0.00074,0.00191,0.00053,1.00000,0.00107,-0.00113,-0.00032,0.00056,0.00343,0.00223
66298000000,-0.00070,0.00169,0.00047,1.00000,0.00103,-0.00117,-0.00027,0.00057,0.00389,0.00289
66331000000,-0.00066,0.00163,0.00047,1.00000,0.00106,-0.00118,-0.00025,0.00009,0.00350,0.00288
66364000000,-0.00065,0.00158,0.00046,1.00000,0.00113,-0.00116,-0.00022,-0.00116,0.00326,0.00242
66397000000,-0.00052,0.00116,0.00048,1.00000,0.00123,-0.00112,-0.00015,0.00057,0.00200,0.00258
66430000000,-0.00049,0.00112,0.00051,1.00000,0.00124,-0.00108,-0.00015,0.00087,0.00130,0.00384
66463000000,-0.00048,0.00108,0.00052,1.00000,0.00128,-0.00108,-0.00013,0.00021,0.00100,0.00331
66496000000,-0.00048,0.00109,0.00050,1.00000,0.00125,-0.00112,-0.00018,0.00032,0.00111,0.00320
66529000000,-0.00047,0.00108,0.00049,1.00000,0.00125,-0.00114,-0.00017,0.00195,-0.00037,0.00314
66562000000,-0.00043,0.00104,0.00049,1.00000,0.00122,-0.00117,-0.00015,0.00242,0.00011,0.00369
66595000000,-0.00041,0.00103,0.00048,1.00000,0.00122,-0.00118,-0.00015,0.00305,-0.00025,0.00344
66628000000,-0.00040,0.00102,0.00048,1.00000,0.00123,-0.00118,-0.00014,0.00295,0.00014,0.00322
66661000000,-0.00041,0.00102,0.00050,1.00000,0.00122,-0.00119,-0.00016,0.00129,0.00029,0.00427
66694000000,-0.00043,0.00101,0.00049,1.00000,0.00119,-0.00119,-0.00014,0.00076,-0.00007,0.00297
66727000000,-0.00043,0.00099,0.00050,1.00000,0.00119,-0.00117,-0.00016,0.00026,-0.00068,0.00410
66760000000,-0.00038,0.00076,0.00045,1.00000,0.00120,-0.00121,-0.00009,-0.00030,-0.00072,0.00456
66793000000,-0.00037,0.00077,0.00044,1.00000,0.00120,-0.00124,-0.00013,0.00057,0.00039,0.00366
66826000000,-0.00036,0.00076,0.00043,1.00000,0.00122,-0.00120,-0.00011,0.00005,0.00000,0.00325
66859000000,-0.00036,0.00075,0.00044,1.00000,0.00122,-0.00119,-0.00011,0.00100,-0.00094,0.00404
66892000000,-0.00036,0.00075,0.00044,1.00000,0.00119,-0.00122,-0.00012,-0.00016,0.00012,0.00293
66925000000,-0.00036,0.00074,0.00041,1.00000,0.00118,-0.00123,-0.00011,0.00036,0.00010,0.00251
66958000000,-0.00027,0.00045,0.00039,1.00000,0.00119,-0.00123,-0.00004,0.00190,-0.00039,0.00396
66991000000,-0.00025,0.00043,0.00040,1.00000,0.00117,-0.00125,-0.00005,0.00043,-0.00109,0.00494
67024000000,-0.00027,0.00044,0.00042,1.00000,0.00118,-0.00124,-0.00006,-0.00032,-0.00196,0.00544
67057000000,-0.00027,0.00044,0.00042,1.00000,0.00113,-0.00123,-0.00008,0.00028,-0.00222,0.00446
67090000000,-0.00026,0.00044,0.00042,1.00000,0.00113,-0.00123,-0.00009,-0.00014,-0.00165,0.00448
67123000000,-0.00258,0.00061,0.00078,1.00000,0.00092,-0.00143,0.00015,-0.00416,0.00158,0.00437
67156000000,-0.00696,0.00005,0.00165,1.00000,0.00085,-0.00169,0.00079,-0.00882,0.00253,0.00566
67189000000,-0.00696,-0.00029,0.00162,1.00000,0.00088,-0.00174,0.00085,-0.01036,0.00109,0.00305
67222000000,-0.00695,-0.00037,0.00160,1.00000,0.00089,-0.00174,0.00086,-0.00893,0.00147,0.00212
67255000000,-0.00191,-0.00077,0.00062,1.00000,0.00107,-0.00147,0.00035,-0.00109,-0.00137,-0.00008
67288000000,0.00002,0.00011,0.00028,1.00000,0.00096,-0.00140,-0.00004,0.00173,-0.00094,0.00010
67321000000,0.00004,0.00010,0.00027,1.00000,0.00101,-0.00143,-0.00004,0.00315,-0.00168,-0.00112
67354000000,0.00006,0.00010,0.00026,1.00000,0.00098,-0.00143,-0.00004,0.00318,-0.00160,-0.00136
67387000000,0.00007,0.00011,0.00026,1.00000,0.00096,-0.00145,-0.00006,0.00261,-0.00082,-0.00101
67420000000,0.00005,0.00011,0.00026,1.00000,0.00093,-0.00145,-0.00005,0.00321,-0.00060,0.00032
67453000000,0.00006,0.00011,0.00027,1.00000,0.00093,-0.00145,-0.00006,0.00307,-0.00003,0.00171
67486000000,0.00004,0.00010,0.00026,1.00000,0.00093,-0.00150,-0.00003,0.00184,0.00051,0.00108
67519000000,0.00003,0.00011,0.00027,1.00000,0.00091,-0.00151,-0.00002,0.00247,0.00052,0.00119
67552000000,0.00003,0.00012,0.00030,1.00000,0.00092,-0.00151,-0.00004,0.00262,0.00017,0.00215
67585000000,0.00005,0.00011,0.00031,1.00000,0.00089,-0.00156,-0.00004,0.00278,-0.00089,0.00297
67618000000,0.00005,0.00011,0.00032,1.00000,0.00084,-0.00154,-0.00004,0.00405,-0.00168,0.00294
67651000000,0.00007,0.00010,0.00031,1.00000,0.00084,-0.00161,-0.00004,0.00357,-0.00111,0.00262
67684000000,0.00005,0.00003,0.00030,1.00000,0.00085,-0.00163,-0.00000,0.00379,-0.00180,0.00212
67717000000,0.00003,-0.00006,0.00009,1.00000,0.00084,-0.00168,-0.00001,0.00307,-0.00205,0.00209
67750000000,0.00003,-0.00004,0.00010,1.00000,0.00079,-0.00167,-0.00003,0.00335,-0.00143,0.00159
67783000000,-0.00000,-0.00002,0.00031,1.00000,0.00083,-0.00166,-0.00002,0.00395,-0.00179,0.00225
67816000000,0.00001,-0.00003,0.00031,1.00000,0.00082,-0.00168,-0.00001,0.00479,-0.00166,0.00224
67849000000,0.00001,-0.00002,0.00032,1.00000,0.00083,-0.00168,-0.00001,0.00393,-0.00078,0.00354
67882000000,0.00001,-0.00001,0.00035,1.00000,0.00084,-0.00171,-0.00000,0.00365,-0.00057,0.00464
67915000000,0.00053,-0.00007,0.00028,1.00000,0.00055,-0.00221,0.00002,0.03426,-0.00151,0.00486
67948000000,0.00156,-0.00010,0.00011,1.00000,0.00023,-0.00271,-0.00001,0.06313,-0.00191,0.00599
67981000000,0.00295,-0.00031,-0.00000,0.99999,-0.00018,-0.00333,0.00005,0.09013,-0.00226,0.00627
68014000000,0.00500,-0.00017,0.00025,0.99999,-0.00045,-0.00372,0.00003,0.11620,-0.00286,0.00667
68047000000,0.00849,-0.00013,0.00020,0.99999,-0.00047,-0.00376,0.00001,0.12895,-0.00171,0.00559
68080000000,0.01301,0.00010,0.00001,0.99999,-0.00054,-0.00377,0.00001,0.15896,-0.00114,0.00587
68113000000,0.01853,0.00104,0.00017,0.99999,-0.00067,-0.00371,-0.00009,0.17903,-0.00033,0.00640
68146000000,0.02511,0.00145,0.00042,0.99999,-0.00067,-0.00368,-0.00013,0.20706,-0.00125,0.00712
68179000000,0.03284,0.00164,0.00063,0.99999,-0.00072,-0.00367,-0.00010,0.22911,-0.00180,0.00805
68212000000,0.04028,0.00253,0.00106,0.99999,-0.00074,-0.00361,-0.00018,0.25289,-0.00059,0.01040
68245000000,0.05047,0.00142,0.00083,0.99999,-0.00076,-0.00367,-0.00012,0.29105,-0.00191,0.00999
68278000000,0.06071,0.00099,0.00083,0.99999,-0.00075,-0.00373,-0.00015,0.30353,-0.00252,0.01121
68311000000,0.07141,0.00087,0.00083,0.99999,-0.00074,-0.00378,-0.00015,0.33131,-0.00148,0.00909
68344000000,0.08144,0.00196,0.00109,0.99999,-0.00090,-0.00380,-0.00012,0.35786,-0.00079,0.01038
68377000000,0.09492,0.00101,0.00066,0.99999,-0.00094,-0.00387,-0.00015,0.37282,-0.00179,0.00833
68410000000,0.10990,-0.00029,0.00012,0.99999,-0.00091,-0.00388,-0.00020,0.40480,-0.00203,0.00909
68443000000,0.12364,-0.00019,0.00052,0.99999,-0.00114,-0.00438,-0.00021,0.43183,-0.00374,0.01054
68476000000,0.14032,-0.00219,-0.00025,0.99999,-0.00110,-0.00439,-0.00018,0.44946,-0.00528,0.01067
68509000000,0.15615,-0.00200,-0.00019,0.99999,-0.00113,-0.00435,-0.00019,0.48181,-0.00474,0.01079
68542000000,0.17092,-0.00036,0.00066,0.99999,-0.00121,-0.00437,-0.00029,0.51123,-0.00376,0.01198
68575000000,0.18795,-0.00041,0.00116,0.99999,-0.00144,-0.00471,-0.00029,0.54213,-0.00351,0.01352
68608000000,0.23666,0.00535,-0.01998,0.98411,0.16652,0.06063,-0.01114,0.76431,0.02893,-0.09351
68641000000,0.23227,-0.00076,-0.02221,0.98762,0.15123,0.04120,-0.00676,0.63306,0.01373,-0.05326
68674000000,0.25321,-0.00071,-0.01838,0.99075,0.13225,0.03019,-0.00445,0.65847,0.00933,-0.04159
68707000000,0.27401,-0.00062,-0.01472,0.99334,0.11315,0.02138,-0.00285,0.67995,0.00656,-0.03012
68740000000,0.29504,-0.00072,-0.01024,0.99556,0.09319,0.01283,-0.00159,0.68680,0.00212,-0.01635
68773000000,0.31599,-0.00061,-0.00621,0.99720,0.07443,0.00658,-0.00092,0.69357,-0.00016,-0.00634
68806000000,0.33690,-0.00087,-0.00203,0.99836,0.05724,0.00051,-0.00044,0.71299,-0.00209,0.00093
68839000000,0.35983,-0.00112,0.00127,0.99907,0.04285,-0.00378,-0.00025,0.75678,-0.00253,0.00827
68872000000,0.38392,-0.00134,0.00338,0.99941,0.03394,-0.00604,-0.00017,0.76973,-0.00252,0.01376
68905000000,0.40952,-0.00248,0.00626,0.99970,0.02263,-0.00926,-0.00016,0.79650,-0.00159,0.01930
68938000000,0.43562,-0.00236,0.00701,0.99983,0.01616,-0.00907,-0.00021,0.82632,-0.00130,0.01965
68971000000,0.46281,-0.00245,0.00744,0.99989,0.01167,-0.00873,-0.00026,0.84276,-0.00031,0.02006
69004000000,0.49094,-0.00246,0.00814,0.99992,0.00853,-0.00894,-0.00030,0.87750,0.00005,0.02098
69037000000,0.52009,-0.00279,0.00975,0.99993,0.00679,-0.01004,-0.00026,0.90657,0.00013,0.02383
69070000000,0.55040,-0.00299,0.01044,0.99993,0.00678,-0.01018,-0.00027,0.92984,-0.00050,0.02453
69103000000,0.58029,-0.00292,0.01189,0.99993,0.00500,-0.01101,-0.00032,0.95082,0.00028,0.02547
69136000000,0.61235,-0.00341,0.01253,0.99993,0.00464,-0.01098,-0.00030,0.96664,-0.00011,0.02486
69169000000,0.64497,-0.00341,0.01338,0.99993,0.00453,-0.01103,-0.00033,1.00325,-0.00007,0.02515
69202000000,0.67872,-0.00342,0.01433,0.99993,0.00480,-0.01121,-0.00035,1.02892,0.00062,0.02490
69235000000,0.71302,-0.00331,0.01545,0.99992,0.00511,-0.01150,-0.00036,1.05802,0.00079,0.02541
69268000000,0.74776,-0.00295,0.01692,0.99991,0.00578,-0.01195,-0.00035,1.06273,0.00167,0.02615
69301000000,0.78300,-0.00293,0.01864,0.99991,0.00531,-0.01260,-0.00037,1.10583,0.00270,0.02723
69334000000,0.82059,-0.00295,0.01953,0.99991,0.00555,-0.01252,-0.00034,1.13948,0.00316,0.02861
69367000000,0.85842,-0.00285,0.02112,0.99990,0.00603,-0.01289,-0.00035,1.15375,0.00389,0.02999
69400000000,0.89701,-0.00302,0.02253,0.99989,0.00631,-0.01306,-0.00034,1.17603,0.00366,0.03195
69433000000,0.93467,-0.00420,0.02023,0.99992,0.00561,-0.01151,-0.00027,1.19634,0.00161,0.02838
69466000000,0.97458,-0.00422,0.01984,0.99993,0.00511,-0.01084,-0.00027,1.22593,-0.00058,0.02778
69499000000,1.01573,-0.00392,0.02126,0.99993,0.00511,-0.01101,-0.00033,1.25587,0.00026,0.02873
69532000000,1.05680,-0.00400,0.02214,0.99993,0.00501,-0.01102,-0.00031,1.25912,0.00078,0.02834
69565000000,1.09844,-0.00441,0.02203,0.99993,0.00421,-0.01064,-0.00032,1.30462,-0.00008,0.02964
69598000000,1.14174,-0.00414,0.02318,0.99994,0.00369,-0.01076,-0.00032,1.33232,-0.00046,0.03099
69631000000,1.18590,-0.00401,0.02436,0.99994,0.00356,-0.01071,-0.00028,1.34892,0.00000,0.03173
69664000000,1.23100,-0.00399,0.02525,0.99994,0.00340,-0.01066,-0.00026,1.38148,-0.00005,0.03170
69697000000,1.27619,-0.00463,0.02382,0.99995,0.00327,-0.00976,-0.00031,1.40495,-0.00115,0.02898
69730000000,1.32282,-0.00426,0.02627,0.99994,0.00355,-0.01025,-0.00033,1.41229,-0.00151,0.03107
69763000000,1.36954,-0.00415,0.02805,0.99994,0.00354,-0.01047,-0.00034,1.45393,-0.00169,0.03171
69796000000,1.41645,-0.00412,0.02688,0.99994,0.00447,-0.00993,-0.00032,1.47366,-0.00130,0.02827
69829000000,1.46545,-0.00403,0.02776,0.99994,0.00421,-0.00988,-0.00032,1.47998,-0.00039,0.02786
69862000000,1.51501,-0.00396,0.02837,0.99994,0.00414,-0.00970,-0.00033,1.52144,-0.00078,0.02760
69895000000,1.56175,-0.00208,0.02778,0.99995,0.00449,-0.00909,-0.00037,1.51662,-0.00170,0.02549
69928000000,1.61089,-0.00249,0.02914,0.99995,0.00450,-0.00928,-0.00036,1.51495,-0.00236,0.02617
69961000000,1.66002,-0.00248,0.03067,0.99995,0.00434,-0.00946,-0.00037,1.51369,-0.00254,0.02680
69994000000,1.70704,-0.00193,0.03162,0.99995,0.00447,-0.00947,-0.00038,1.51061,-0.00198,0.02679
70027000000,1.75728,-0.00195,0.03343,0.99994,0.00479,-0.00979,-0.00043,1.51013,-0.00116,0.02883
70060000000,1.80475,-0.00138,0.03534,0.99994,0.00485,-0.01016,-0.00047,1.50777,-0.00083,0.02981
70093000000,1.85450,-0.00145,0.03602,0.99994,0.00482,-0.01011,-0.00048,1.50713,-0.00010,0.02985
70126000000,1.90405,-0.00163,0.03598,0.99994,0.00489,-0.00976,-0.00050,1.50734,0.00068,0.02802
70159000000,1.95266,-0.00141,0.03829,0.99993,0.00564,-0.01025,-0.00047,1.50583,0.00119,0.02961
70192000000,2.00248,-0.00176,0.03703,0.99994,0.00553,-0.00946,-0.00049,1.50597,0.00068,0.02811
70225000000,2.05223,-0.00186,0.03721,0.99994,0.00548,-0.00917,-0.00051,1.50548,0.00144,0.02790
70258000000,2.10086,-0.00153,0.03932,0.99994,0.00557,-0.00973,-0.00050,1.50476,0.00123,0.02880
70291000000,2.15082,-0.00160,0.03970,0.99994,0.00540,-0.00947,-0.00044,1.50477,0.00103,0.02780
70324000000,2.20135,-0.00208,0.03807,0.99995,0.00474,-0.00849,-0.00045,1.50449,0.00074,0.02537
70357000000,2.25122,-0.00255,0.03689,0.99996,0.00380,-0.00777,-0.00047,1.50476,0.00023,0.02326
70390000000,2.29955,-0.00217,0.03979,0.99995,0.00530,-0.00857,-0.00047,1.50289,0.00191,0.02700
70423000000,2.34871,-0.00183,0.04103,0.99995,0.00526,-0.00877,-0.00042,1.50174,0.00344,0.02746
70456000000,2.39811,-0.00160,0.04173,0.99995,0.00513,-0.00878,-0.00039,1.50189,0.00358,0.02724
70489000000,2.44769,-0.00149,0.04260,0.99995,0.00505,-0.00885,-0.00042,1.50186,0.00362,0.02596
70522000000,2.49809,-0.00237,0.04089,0.99996,0.00463,-0.00789,-0.00040,1.50350,0.00173,0.02310
70555000000,2.54650,-0.00187,0.04275,0.99995,0.00506,-0.00832,-0.00039,1.50052,0.00189,0.02331
70588000000,2.59599,-0.00177,0.04345,0.99995,0.00517,-0.00823,-0.00043,1.50050,0.00183,0.02306
70621000000,2.64895,-0.00354,0.04214,0.99996,0.00491,-0.00738,-0.00041,1.50364,-0.00201,0.02028
70654000000,2.69589,-0.00276,0.04370,0.99996,0.00540,-0.00769,-0.00038,1.49980,0.00011,0.02204
70687000000,2.74763,-0.00408,0.04324,0.99996,0.00585,-0.00711,-0.00037,1.50234,-0.00299,0.02034
70720000000,2.79403,-0.00343,0.04448,0.99995,0.00674,-0.00739,-0.00031,1.49734,-0.00137,0.02159
70753000000,2.84333,-0.00346,0.04507,0.99995,0.00660,-0.00737,-0.00031,1.49754,-0.00167,0.02165
70786000000,2.89315,-0.00432,0.04730,0.99993,0.00820,-0.00818,-0.00029,1.49553,-0.00302,0.02381
70819000000,2.94190,-0.00440,0.04698,0.99994,0.00810,-0.00778,-0.00030,1.49430,-0.00458,0.02309
70852000000,2.99087,-0.00447,0.04755,0.99994,0.00793,-0.00775,-0.00034,1.49352,-0.00446,0.02125
70885000000,3.04498,-0.00630,0.04873,0.99994,0.00781,-0.00806,-0.00033,1.49814,-0.00707,0.02274
70918000000,3.09010,-0.00535,0.04955,0.99993,0.00836,-0.00806,-0.00034,1.49259,-0.00503,0.02207
70951000000,3.13909,-0.00542,0.05018,0.99993,0.00869,-0.00793,-0.00033,1.49138,-0.00455,0.02313
70984000000,3.18834,-0.00525,0.05323,0.99991,0.00954,-0.00893,-0.00034,1.48943,-0.00354,0.02586
71017000000,3.23618,-0.00499,0.05415,0.99991,0.01024,-0.00901,-0.00029,1.48546,-0.00240,0.02681
71050000000,3.28535,-0.00512,0.05450,0.99991,0.00984,-0.00884,-0.00026,1.48411,-0.00283,0.02557
71083000000,3.33921,-0.00605,0.05711,0.99991,0.00988,-0.00960,-0.00028,1.48806,-0.00363,0.02754
71116000000,3.38528,-0.00527,0.05779,0.99990,0.01004,-0.00961,-0.00032,1.48391,-0.00198,0.02707
71149000000,3.43447,-0.00516,0.05952,0.99990,0.01036,-0.00990,-0.00030,1.48369,-0.00133,0.02675
71182000000,3.48587,-0.00510,0.06091,0.99990,0.00990,-0.01013,-0.00029,1.48641,-0.00061,0.02836
71215000000,3.53411,-0.00483,0.06217,0.99990,0.01029,-0.01018,-0.00028,1.48416,-0.00064,0.02961
71248000000,3.58156,-0.00468,0.06291,0.99989,0.01066,-0.01011,-0.00033,1.48105,0.00071,0.02857
71281000000,3.63430,-0.00522,0.06401,0.99990,0.01020,-0.01014,-0.00037,1.48382,0.00128,0.02867
71314000000,3.67827,-0.00428,0.06471,0.99989,0.01093,-0.01000,-0.00039,1.47862,0.00130,0.02783
71347000000,3.72475,-0.00400,0.06533,0.99989,0.01148,-0.00983,-0.00040,1.47647,0.00095,0.02769
71380000000,3.77076,-0.00420,0.06247,0.99990,0.01189,-0.00813,-0.00045,1.47524,0.00096,0.02246
71413000000,3.81866,-0.00442,0.06455,0.99989,0.01234,-0.00867,-0.00044,1.47378,-0.00012,0.02507
71446000000,3.86761,-0.00467,0.06439,0.99989,0.01195,-0.00829,-0.00049,1.47409,-0.00131,0.02395
71479000000,3.91982,-0.00530,0.05484,0.99993,0.01094,-0.00407,-0.00053,1.48297,0.00018,0.01153
71512000000,3.96820,-0.00518,0.05312,0.99993,0.01130,-0.00323,-0.00060,1.48188,0.00035,0.00909
71545000000,4.01799,-0.00519,0.05118,0.99993,0.01137,-0.00241,-0.00059,1.48301,0.00030,0.00562
71578000000,4.07125,-0.00487,0.04100,0.99994,0.01055,0.00181,-0.00062,1.49020,0.00299,-0.00565
71611000000,4.11988,-0.00476,0.04118,0.99994,0.01039,0.00162,-0.00063,1.48898,0.00225,-0.00489
71644000000,4.16990,-0.00445,0.03995,0.99995,0.01003,0.00197,-0.00063,1.48910,0.00473,-0.00644
71677000000,4.22011,-0.00448,0.03624,0.99995,0.00964,0.00348,-0.00058,1.48961,0.00407,-0.01121
71710000000,4.26895,-0.00428,0.03657,0.99995,0.00958,0.00316,-0.00058,1.48967,0.00570,-0.01175
71743000000,4.31802,-0.00385,0.03572,0.99995,0.00977,0.00334,-0.00061,1.48894,0.00645,-0.01243
71776000000,4.36824,-0.00345,0.03247,0.99994,0.00967,0.00465,-0.00056,1.49089,0.00710,-0.01417
71809000000,4.41733,-0.00331,0.03167,0.99994,0.00948,0.00477,-0.00053,1.49008,0.00822,-0.01459
71842000000,4.46636,-0.00302,0.03117,0.99994,0.00942,0.00475,-0.00051,1.49060,0.00914,-0.01455
71875000000,4.51755,-0.00245,0.02826,0.99994,0.00911,0.00587,-0.00048,1.49316,0.01011,-0.01879
71908000000,4.56670,-0.00218,0.02673,0.99994,0.00867,0.00617,-0.00051,1.49129,0.01176,-0.02076
71941000000,4.61601,-0.00162,0.02537,0.99994,0.00866,0.00648,-0.00049,1.49084,0.01395,-0.02190
71974000000,4.66694,-0.00133,0.02181,0.99994,0.00805,0.00776,-0.00048,1.49093,0.01288,-0.02570
72007000000,4.71692,-0.00041,0.02060,0.99994,0.00756,0.00785,-0.00050,1.49229,0.01290,-0.02731
72040000000,4.76667,0.00014,0.01925,0.99994,0.00734,0.00805,-0.00050,1.49265,0.01355,-0.02767
72073000000,4.81643,-0.00034,0.01771,0.99994,0.00705,0.00840,-0.00046,1.49143,0.01123,-0.02762
72106000000,4.86596,0.00036,0.01641,0.99994,0.00691,0.00857,-0.00049,1.49225,0.01155,-0.02746
72139000000,4.91467,0.00077,0.01533,0.99994,0.00717,0.00869,-0.00050,1.49109,0.01282,-0.02657
72172000000,4.96585,0.00049,0.01285,0.99994,0.00625,0.00946,-0.00043,1.49395,0.01157,-0.02795
72205000000,5.01544,0.00069,0.01156,0.99994,0.00596,0.00964,-0.00042,1.49556,0.01116,-0.02934
72238000000,5.06549,0.00117,0.00981,0.99993,0.00569,0.00997,-0.00042,1.49617,0.01192,-0.03099
72271000000,5.11684,0.00043,0.00691,0.99993,0.00437,0.01084,-0.00044,1.49837,0.01030,-0.03360
72304000000,5.16605,0.00054,0.00568,0.99993,0.00435,0.01090,-0.00041,1.49881,0.00945,-0.03276
72337000000,5.21564,0.00063,0.00435,0.99993,0.00426,0.01101,-0.00046,1.49807,0.00912,-0.03264
72370000000,5.26881,0.00018,0.00114,0.99993,0.00242,0.01192,-0.00041,1.50321,0.00780,-0.03506
72403000000,5.31850,0.00011,0.00021,0.99993,0.00224,0.01178,-0.00042,1.50195,0.00776,-0.03474
72436000000,5.36746,0.00079,-0.00063,0.99993,0.00257,0.01166,-0.00037,1.50186,0.00978,-0.03383
72469000000,5.42069,0.00084,-0.00326,0.99992,0.00114,0.01238,-0.00033,1.50604,0.00957,-0.03569
72502000000,5.47018,0.00093,-0.00421,0.99992,0.00099,0.01227,-0.00034,1.50640,0.00858,-0.03539
72535000000,5.51991,0.00091,-0.00533,0.99992,0.00093,0.01227,-0.00034,1.50654,0.00887,-0.03648
72568000000,5.56991,0.00116,-0.00647,0.99992,0.00081,0.01223,-0.00036,1.50652,0.00853,-0.03580
72601000000,5.62306,0.00128,-0.00783,0.99992,-0.00021,0.01224,-0.00036,1.51067,0.00883,-0.03504
72634000000,5.67305,0.00139,-0.00904,0.99992,-0.00029,0.01228,-0.00035,1.51131,0.00923,-0.03421
72667000000,5.72307,0.00179,-0.01023,0.99992,-0.00036,0.01230,-0.00034,1.51215,0.00981,-0.03341
72700000000,5.77511,0.00153,-0.01076,0.99993,-0.00080,0.01194,-0.00030,1.51517,0.00868,-0.03385
72733000000,5.82512,0.00213,-0.01174,0.99993,-0.00079,0.01184,-0.00033,1.51607,0.00891,-0.03399
72766000000,5.87592,0.00226,-0.01324,0.99993,-0.00115,0.01201,-0.00039,1.51775,0.00799,-0.03461
72799000000,5.92751,0.00247,-0.01416,0.99993,-0.00141,0.01188,-0.00035,1.52001,0.00789,-0.03508
72832000000,5.97747,0.00259,-0.01507,0.99993,-0.00124,0.01167,-0.00038,1.52137,0.00804,-0.03576
72865000000,6.02822,0.00311,-0.01631,0.99993,-0.00134,0.01167,-0.00040,1.52290,0.00852,-0.03680
72898000000,6.08049,0.00323,-0.01716,0.99993,-0.00151,0.01151,-0.00034,1.52796,0.00880,-0.03646
72931000000,6.13211,0.00374,-0.01874,0.99993,-0.00201,0.01174,-0.00033,1.53141,0.01021,-0.03598
72964000000,6.18285,0.00446,-0.02025,0.99993,-0.00227,0.01196,-0.00032,1.53222,0.01306,-0.03477
72997000000,6.23521,0.00463,-0.02125,0.99993,-0.00259,0.01190,-0.00034,1.53448,0.01290,-0.03381
73030000000,6.28597,0.00465,-0.02239,0.99992,-0.00270,0.01195,-0.00036,1.53550,0.01143,-0.03402
73063000000,6.33673,0.00448,-0.02339,0.99993,-0.00273,0.01191,-0.00039,1.53673,0.01045,-0.03204
73096000000,6.39034,0.00463,-0.02423,0.99992,-0.00323,0.01183,-0.00038,1.54222,0.00938,-0.03152
73129000000,6.44152,0.00507,-0.02547,0.99992,-0.00343,0.01189,-0.00038,1.54365,0.00934,-0.03151
73162000000,6.49290,0.00548,-0.02624,0.99993,-0.00333,0.01172,-0.00040,1.54519,0.00893,-0.03162
73195000000,6.54622,0.00573,-0.02678,0.99993,-0.00340,0.01143,-0.00043,1.54828,0.00875,-0.03227
73228000000,6.59705,0.00602,-0.02792,0.99993,-0.00342,0.01146,-0.00044,1.54765,0.00892,-0.03138
73261000000,6.64846,0.00616,-0.02884,0.99993,-0.00343,0.01142,-0.00041,1.54853,0.00877,-0.03103
73294000000,6.70207,0.00597,-0.02921,0.99993,-0.00341,0.01107,-0.00043,1.55293,0.00822,-0.03086
73327000000,6.75303,0.00629,-0.03027,0.99993,-0.00341,0.01108,-0.00042,1.55318,0.00959,-0.03157
73360000000,6.80447,0.00672,-0.03141,0.99993,-0.00347,0.01116,-0.00044,1.55430,0.01105,-0.03114
73393000000,6.85767,0.00663,-0.03191,0.99994,-0.00323,0.01085,-0.00039,1.55758,0.00971,-0.03063
73426000000,6.90846,0.00700,-0.03301,0.99994,-0.00320,0.01092,-0.00040,1.55800,0.00942,-0.03105
73459000000,6.95960,0.00724,-0.03409,0.99994,-0.00315,0.01095,-0.00041,1.55865,0.00943,-0.03052
73492000000,7.01324,0.00680,-0.03483,0.99994,-0.00326,0.01081,-0.00036,1.56336,0.00808,-0.02974
73525000000,7.06518,0.00729,-0.03587,0.99994,-0.00340,0.01087,-0.00037,1.56547,0.00888,-0.03019
73558000000,7.11649,0.00734,-0.03677,0.99994,-0.00330,0.01083,-0.00044,1.56646,0.00772,-0.02924
73591000000,7.16907,0.00666,-0.03752,0.99994,-0.00320,0.01076,-0.00044,1.56950,0.00663,-0.02908
73624000000,7.22115,0.00726,-0.03858,0.99994,-0.00334,0.01080,-0.00041,1.57193,0.00692,-0.03023
73657000000,7.27287,0.00730,-0.03955,0.99994,-0.00331,0.01079,-0.00042,1.57380,0.00719,-0.03033
73690000000,7.32524,0.00662,-0.04056,0.99994,-0.00344,0.01086,-0.00039,1.57452,0.00722,-0.03064
73723000000,7.37630,0.00686,-0.04170,0.99993,-0.00344,0.01093,-0.00040,1.57395,0.00765,-0.03130
73756000000,7.42809,0.00711,-0.04270,0.99993,-0.00334,0.01095,-0.00041,1.57429,0.00806,-0.03155
73789000000,7.47982,0.00686,-0.04370,0.99993,-0.00329,0.01096,-0.00041,1.57459,0.00668,-0.02993
73822000000,7.53059,0.00690,-0.04483,0.99993,-0.00324,0.01106,-0.00046,1.57346,0.00647,-0.03028
73855000000,7.58246,0.00712,-0.04590,0.99993,-0.00334,0.01110,-0.00047,1.57553,0.00604,-0.02969
73888000000,7.63341,0.00666,-0.04693,0.99993,-0.00319,0.01113,-0.00042,1.57588,0.00526,-0.03050
73921000000,7.68410,0.00690,-0.04799,0.99993,-0.00302,0.01116,-0.00042,1.57587,0.00703,-0.03022
73954000000,7.73690,0.00719,-0.04895,0.99993,-0.00310,0.01111,-0.00048,1.57866,0.00758,-0.03070
73987000000,7.78922,0.00738,-0.04993,0.99993,-0.00315,0.01110,-0.00053,1.57872,0.00769,-0.03073
74020000000,7.83900,0.00715,-0.05103,0.99993,-0.00284,0.01108,-0.00055,1.57659,0.00704,-0.03099
74053000000,7.89062,0.00741,-0.05211,0.99993,-0.00280,0.01111,-0.00053,1.57621,0.00820,-0.03237
74086000000,7.94251,0.00739,-0.05319,0.99993,-0.00292,0.01121,-0.00052,1.57637,0.00877,-0.03255
74119000000,7.99275,0.00754,-0.05441,0.99993,-0.00278,0.01126,-0.00046,1.57519,0.00862,-0.03311
74152000000,8.04591,0.00800,-0.05549,0.99993,-0.00293,0.01127,-0.00045,1.57660,0.00960,-0.03354
74185000000,8.09738,0.00801,-0.05666,0.99993,-0.00302,0.01134,-0.00041,1.57708,0.00871,-0.03300
74218000000,8.14679,0.00775,-0.05784,0.99993,-0.00269,0.01135,-0.00042,1.57386,0.00986,-0.03283
74251000000,8.19790,0.00831,-0.05902,0.99993,-0.00261,0.01147,-0.00048,1.57306,0.01070,-0.03210
74284000000,8.24867,0.00831,-0.06014,0.99993,-0.00261,0.01163,-0.00048,1.57080,0.00999,-0.03101
74317000000,8.29839,0.00817,-0.06127,0.99993,-0.00235,0.01169,-0.00045,1.56889,0.00924,-0.03142
74350000000,8.34995,0.00824,-0.06232,0.99993,-0.00223,0.01166,-0.00052,1.56904,0.00934,-0.03256
74383000000,8.40063,0.00848,-0.06349,0.99993,-0.00219,0.01169,-0.00051,1.56777,0.00962,-0.03299
74416000000,8.44978,0.00794,-0.06460,0.99993,-0.00188,0.01171,-0.00051,1.56441,0.00806,-0.03283
74449000000,8.49771,0.00746,-0.06583,0.99993,-0.00152,0.01184,-0.00050,1.55904,0.00741,-0.03218
74482000000,8.54948,0.00785,-0.06690,0.99993,-0.00154,0.01185,-0.00047,1.56078,0.00719,-0.03174
74515000000,8.59808,0.00755,-0.06807,0.99993,-0.00129,0.01191,-0.00045,1.55760,0.00543,-0.03161
74548000000,8.64952,0.00775,-0.06913,0.99993,-0.00123,0.01190,-0.00044,1.55765,0.00605,-0.03170
74581000000,8.70063,0.00789,-0.07015,0.99993,-0.00115,0.01182,-0.00042,1.55669,0.00594,-0.03041
74614000000,8.75107,0.00773,-0.07115,0.99993,-0.00090,0.01178,-0.00040,1.55593,0.00592,-0.03031
74647000000,8.79962,0.00788,-0.07224,0.99993,-0.00059,0.01177,-0.00036,1.55204,0.00601,-0.02995
74680000000,8.85174,0.00802,-0.07313,0.99993,-0.00064,0.01171,-0.00037,1.55334,0.00633,-0.02889
74713000000,8.90038,0.00767,-0.07413,0.99993,-0.00027,0.01160,-0.00046,1.55082,0.00525,-0.02824
74746000000,8.95108,0.00768,-0.07507,0.99993,-0.00019,0.01161,-0.00047,1.55184,0.00538,-0.02808
74779000000,9.00222,0.00774,-0.07591,0.99993,-0.00004,0.01143,-0.00047,1.55112,0.00388,-0.02773
74812000000,9.05040,0.00733,-0.07693,0.99993,0.00022,0.01152,-0.00047,1.54733,0.00262,-0.02666
74845000000,9.09760,0.00686,-0.07795,0.99993,0.00069,0.01143,-0.00044,1.54116,0.00138,-0.02750
74878000000,9.14806,0.00664,-0.07885,0.99993,0.00073,0.01141,-0.00047,1.54052,-0.00083,-0.02698
74911000000,9.19941,0.00652,-0.07963,0.99994,0.00073,0.01131,-0.00051,1.54184,-0.00214,-0.02554
74944000000,9.24925,0.00617,-0.08044,0.99994,0.00092,0.01100,-0.00053,1.53986,-0.00243,-0.02551
74977000000,9.29806,0.00598,-0.08134,0.99994,0.00103,0.01106,-0.00059,1.53778,-0.00373,-0.02500
75010000000,9.34908,0.00625,-0.08216,0.99994,0.00118,0.01070,-0.00063,1.53906,-0.00342,-0.02571
75043000000,9.39726,0.00588,-0.08312,0.99994,0.00133,0.01084,-0.00069,1.53488,-0.00581,-0.02658
75076000000,9.44616,0.00606,-0.08405,0.99994,0.00154,0.01066,-0.00069,1.53166,-0.00458,-0.02598
75109000000,9.49653,0.00607,-0.08492,0.99994,0.00156,0.01083,-0.00066,1.53211,-0.00518,-0.02590
75142000000,9.54738,0.00585,-0.08573,0.99994,0.00156,0.01085,-0.00068,1.53332,-0.00583,-0.02484
75175000000,9.59895,0.00634,-0.08655,0.99994,0.00155,0.01064,-0.00067,1.53595,-0.00453,-0.02577
75208000000,9.64800,0.00590,-0.08742,0.99994,0.00163,0.01068,-0.00069,1.53411,-0.00565,-0.02402
75241000000,9.70080,0.00679,-0.08817,0.99994,0.00150,0.01045,-0.00073,1.53818,-0.00440,-0.02479
75274000000,9.74755,0.00612,-0.08907,0.99994,0.00173,0.01051,-0.00071,1.53202,-0.00565,-0.02493
75307000000,9.79813,0.00603,-0.08990,0.99994,0.00177,0.01045,-0.00074,1.53211,-0.00576,-0.02495
75340000000,9.84845,0.00665,-0.09077,0.99995,0.00179,0.01024,-0.00070,1.53179,-0.00605,-0.02566
75373000000,9.89874,0.00630,-0.09163,0.99995,0.00183,0.01025,-0.00069,1.53023,-0.00665,-0.02648
75406000000,9.95434,0.00747,-0.09242,0.99995,0.00159,0.01000,-0.00067,1.53920,-0.00458,-0.02685
75439000000,9.99911,0.00616,-0.09339,0.99995,0.00186,0.01002,-0.00066,1.53104,-0.00840,-0.02527
75472000000,10.04984,0.00574,-0.09421,0.99995,0.00189,0.01004,-0.00066,1.53099,-0.00894,-0.02533
75505000000,10.09960,0.00622,-0.09511,0.99995,0.00191,0.00987,-0.00066,1.53057,-0.00826,-0.02502
75538000000,10.14985,0.00576,-0.09592,0.99995,0.00192,0.00995,-0.00065,1.53081,-0.00886,-0.02498
75571000000,10.20458,0.00672,-0.09670,0.99995,0.00170,0.00980,-0.00060,1.53834,-0.00621,-0.02520
75604000000,10.25003,0.00573,-0.09763,0.99995,0.00193,0.00982,-0.00065,1.53034,-0.00832,-0.02558
75637000000,10.30008,0.00615,-0.09851,0.99995,0.00191,0.00970,-0.00063,1.52895,-0.00743,-0.02497
75670000000,10.35086,0.00593,-0.09931,0.99995,0.00191,0.00970,-0.00061,1.52969,-0.00772,-0.02465
75703000000,10.40179,0.00588,-0.10007,0.99995,0.00195,0.00976,-0.00061,1.53033,-0.00725,-0.02212
75736000000,10.45176,0.00600,-0.10080,0.99995,0.00201,0.00967,-0.00060,1.52995,-0.00752,-0.02178
75769000000,10.50190,0.00572,-0.10150,0.99995,0.00204,0.00962,-0.00067,1.53069,-0.00804,-0.02057
75802000000,10.55619,0.00654,-0.10214,0.99995,0.00190,0.00944,-0.00065,1.53694,-0.00582,-0.02009
75835000000,10.60261,0.00575,-0.10290,0.99995,0.00204,0.00942,-0.00068,1.52960,-0.00620,-0.02092
75868000000,10.65364,0.00571,-0.10357,0.99995,0.00199,0.00939,-0.00070,1.53087,-0.00610,-0.02085
75901000000,10.70542,0.00637,-0.10428,0.99996,0.00200,0.00923,-0.00063,1.53401,-0.00448,-0.02021
75934000000,10.75510,0.00609,-0.10496,0.99996,0.00196,0.00917,-0.00058,1.53376,-0.00565,-0.02054
75967000000,10.80558,0.00593,-0.10565,0.99996,0.00191,0.00916,-0.00058,1.53334,-0.00676,-0.02127
76000000000,10.86156,0.00719,-0.10632,0.99996,0.00179,0.00893,-0.00052,1.54098,-0.00558,-0.02105
76033000000,10.90701,0.00594,-0.10709,0.99996,0.00190,0.00902,-0.00050,1.53372,-0.00762,-0.02197
76066000000,10.95641,0.00599,-0.10787,0.99996,0.00196,0.00891,-0.00050,1.53121,-0.00675,-0.02218
76099000000,11.00702,0.00575,-0.10857,0.99996,0.00197,0.00898,-0.00045,1.53173,-0.00839,-0.02187
76132000000,11.05835,0.00572,-0.10927,0.99996,0.00193,0.00902,-0.00049,1.53350,-0.00834,-0.02219
76165000000,11.10837,0.00609,-0.11006,0.99996,0.00197,0.00896,-0.00044,1.53263,-0.00639,-0.02220
76198000000,11.15877,0.00578,-0.11080,0.99996,0.00196,0.00889,-0.00035,1.53218,-0.00819,-0.02185
76231000000,11.20973,0.00554,-0.11151,0.99996,0.00200,0.00895,-0.00036,1.53419,-0.00880,-0.02234
76264000000,11.26439,0.00653,-0.11226,0.99996,0.00197,0.00883,-0.00031,1.54069,-0.00713,-0.02191
76297000000,11.31096,0.00535,-0.11302,0.99996,0.00196,0.00877,-0.00032,1.53423,-0.00960,-0.02218
76330000000,11.36175,0.00481,-0.11375,0.99996,0.00199,0.00874,-0.00030,1.53364,-0.00996,-0.02292
76363000000,11.41356,0.00533,-0.11462,0.99996,0.00206,0.00860,-0.00026,1.53437,-0.00792,-0.02334
76396000000,11.46294,0.00497,-0.11544,0.99996,0.00209,0.00857,-0.00026,1.53276,-0.00886,-0.02545
76429000000,11.51361,0.00473,-0.11630,0.99996,0.00209,0.00856,-0.00027,1.53392,-0.00871,-0.02680
76462000000,11.56890,0.00548,-0.11729,0.99996,0.00210,0.00843,-0.00023,1.54249,-0.00711,-0.02696
76495000000,11.61450,0.00449,-0.11822,0.99996,0.00212,0.00841,-0.00025,1.53617,-0.00885,-0.02819
76528000000,11.66762,0.00483,-0.11930,0.99996,0.00212,0.00831,-0.00028,1.54007,-0.00851,-0.03009
76561000000,11.71631,0.00449,-0.12031,0.99996,0.00217,0.00833,-0.00030,1.53743,-0.00929,-0.03146
76594000000,11.76753,0.00448,-0.12134,0.99996,0.00218,0.00841,-0.00029,1.53809,-0.00976,-0.03192
76627000000,11.82019,0.00461,-0.12250,0.99996,0.00221,0.00843,-0.00026,1.54149,-0.00982,-0.03267
76660000000,11.86846,0.00402,-0.12356,0.99996,0.00225,0.00847,-0.00028,1.53849,-0.00996,-0.03330
76693000000,11.92340,0.00469,-0.12474,0.99996,0.00230,0.00856,-0.00031,1.54520,-0.00809,-0.03259
76726000000,11.97047,0.00415,-0.12580,0.99996,0.00229,0.00860,-0.00032,1.53856,-0.00987,-0.03321
76759000000,12.02073,0.00374,-0.12692,0.99996,0.00233,0.00859,-0.00033,1.53696,-0.01036,-0.03298
76792000000,12.07212,0.00396,-0.12803,0.99996,0.00241,0.00871,-0.00036,1.53693,-0.01023,-0.03401
76825000000,12.12215,0.00357,-0.12917,0.99996,0.00242,0.00872,-0.00036,1.53643,-0.01023,-0.03424
76858000000,12.17283,0.00419,-0.13032,0.99996,0.00246,0.00887,-0.00034,1.53621,-0.00919,-0.03489
76891000000,12.22216,0.00368,-0.13145,0.99996,0.00255,0.00879,-0.00033,1.53484,-0.01050,-0.03466
76924000000,12.27137,0.00417,-0.13255,0.99996,0.00266,0.00895,-0.00030,1.53395,-0.00971,-0.03506
76957000000,12.32245,0.00386,-0.13373,0.99996,0.00268,0.00897,-0.00029,1.53457,-0.00985,-0.03571
76990000000,12.37330,0.00314,-0.13497,0.99996,0.00260,0.00893,-0.00026,1.53510,-0.01099,-0.03678
77023000000,12.42362,0.00374,-0.13609,0.99995,0.00272,0.00912,-0.00023,1.53551,-0.00928,-0.03711
77056000000,12.47419,0.00349,-0.13734,0.99995,0.00275,0.00918,-0.00028,1.53487,-0.00985,-0.03771
77089000000,12.52486,0.00336,-0.13860,0.99995,0.00279,0.00920,-0.00026,1.53672,-0.00993,-0.03745
77122000000,12.57624,0.00417,-0.13981,0.99995,0.00297,0.00947,-0.00021,1.53861,-0.00807,-0.03824
77155000000,12.62602,0.00346,-0.14105,0.99995,0.00300,0.00947,-0.00023,1.53781,-0.00923,-0.03780
77188000000,12.67742,0.00343,-0.14233,0.99995,0.00299,0.00950,-0.00026,1.54000,-0.00936,-0.03838
77221000000,12.72721,0.00426,-0.14353,0.99995,0.00318,0.00974,-0.00026,1.53907,-0.00806,-0.03919
77254000000,12.77814,0.00400,-0.14487,0.99995,0.00320,0.00980,-0.00029,1.54019,-0.00828,-0.04111
77287000000,12.82862,0.00386,-0.14625,0.99994,0.00338,0.00994,-0.00021,1.54053,-0.00819,-0.04049
77320000000,12.87995,0.00451,-0.14758,0.99994,0.00384,0.01030,-0.00024,1.54170,-0.00686,-0.04129
77353000000,12.92964,0.00424,-0.14894,0.99994,0.00392,0.01040,-0.00026,1.53971,-0.00699,-0.04202
77386000000,12.98071,0.00380,-0.15040,0.99994,0.00404,0.01048,-0.00027,1.53978,-0.00774,-0.04289
77419000000,13.03191,0.00451,-0.15195,0.99993,0.00473,0.01083,-0.00022,1.54057,-0.00569,-0.04402
77452000000,13.08157,0.00432,-0.15335,0.99993,0.00465,0.01078,-0.00027,1.53942,-0.00549,-0.04376
77485000000,13.13235,0.00426,-0.15487,0.99993,0.00488,0.01087,-0.00026,1.54003,-0.00507,-0.04399
77518000000,13.18414,0.00464,-0.15648,0.99992,0.00548,0.01119,-0.00023,1.54122,-0.00352,-0.04310
77551000000,13.23371,0.00423,-0.15783,0.99992,0.00546,0.01113,-0.00021,1.53990,-0.00399,-0.04324
77584000000,13.28470,0.00422,-0.15927,0.99992,0.00539,0.01109,-0.00019,1.53966,-0.00319,-0.04312
77617000000,13.33582,0.00533,-0.16085,0.99991,0.00635,0.01155,-0.00020,1.53967,-0.00157,-0.04265
77650000000,13.38559,0.00551,-0.16221,0.99991,0.00616,0.01152,-0.00019,1.53911,0.00033,-0.04348
77683000000,13.43643,0.00566,-0.16374,0.99991,0.00639,0.01164,-0.00019,1.53900,0.00056,-0.04454
77716000000,13.48703,0.00906,-0.16518,0.99991,0.00661,0.01187,-0.00023,1.54035,0.00696,-0.04543
77749000000,13.53663,0.00609,-0.16697,0.99989,0.00806,0.01222,-0.00018,1.53870,0.00120,-0.04564
77782000000,13.58706,0.00634,-0.16853,0.99989,0.00826,0.01229,-0.00027,1.53896,0.00156,-0.04499
77815000000,13.63783,0.00678,-0.17032,0.99986,0.01020,0.01290,-0.00025,1.53918,0.00313,-0.04558
77848000000,13.68726,0.00662,-0.17176,0.99987,0.01019,0.01284,-0.00025,1.53674,0.00267,-0.04535
77881000000,13.73901,0.00697,-0.17346,0.99985,0.01159,0.01322,-0.00026,1.53843,0.00341,-0.04515
77914000000,13.78749,0.00676,-0.17484,0.99985,0.01157,0.01318,-0.00030,1.53585,0.00416,-0.04582
77947000000,13.83776,0.00671,-0.17636,0.99985,0.01159,0.01318,-0.00034,1.53537,0.00495,-0.04626
77980000000,13.88843,0.00727,-0.17797,0.99983,0.01284,0.01354,-0.00029,1.53645,0.00572,-0.04666
78013000000,13.93748,0.00710,-0.17946,0.99982,0.01295,0.01360,-0.00026,1.53517,0.00458,-0.04599
78046000000,13.98995,0.00730,-0.18109,0.99981,0.01366,0.01387,-0.00026,1.53832,0.00560,-0.04519
78079000000,14.03705,0.00701,-0.18237,0.99981,0.01360,0.01377,-0.00024,1.53338,0.00441,-0.04494
78112000000,14.08780,0.00710,-0.18389,0.99981,0.01379,0.01384,-0.00027,1.53393,0.00442,-0.04452
78145000000,14.13712,0.00689,-0.18526,0.99980,0.01449,0.01393,-0.00025,1.53265,0.00379,-0.04444
78178000000,14.18739,0.00683,-0.18675,0.99980,0.01455,0.01390,-0.00026,1.53164,0.00495,-0.04569
78211000000,14.23911,0.00699,-0.18833,0.99979,0.01516,0.01412,-0.00029,1.51921,0.00479,-0.04557
78244000000,14.28466,0.00687,-0.18951,0.99978,0.01538,0.01400,-0.00031,1.49301,0.00341,-0.04326
78277000000,14.33292,0.00693,-0.19086,0.99977,0.01596,0.01408,-0.00045,1.48113,0.00044,-0.04393
78310000000,14.38179,0.00675,-0.19231,0.99978,0.01582,0.01405,-0.00069,1.46478,-0.00426,-0.04336
78343000000,14.42878,0.00627,-0.19358,0.99977,0.01626,0.01413,-0.00113,1.45177,-0.01066,-0.04143
78376000000,14.47583,0.00558,-0.19490,0.99977,0.01629,0.01416,-0.00173,1.43653,-0.01966,-0.04092
78409000000,14.52515,0.00468,-0.19640,0.99976,0.01632,0.01426,-0.00253,1.42853,-0.02873,-0.04025
78442000000,14.56803,0.00298,-0.19739,0.99976,0.01659,0.01420,-0.00356,1.41021,-0.04103,-0.03975
78475000000,14.61458,0.00108,-0.19872,0.99975,0.01659,0.01423,-0.00479,1.39440,-0.05354,-0.03935
78508000000,14.65858,-0.00118,-0.19986,0.99974,0.01673,0.01423,-0.00634,1.37411,-0.06959,-0.03770
78541000000,14.70318,-0.00410,-0.20098,0.99972,0.01698,0.01430,-0.00823,1.36044,-0.08696,-0.03638
78574000000,14.74785,-0.00723,-0.20220,0.99970,0.01691,0.01426,-0.01045,1.37236,-0.10616,-0.03685
78607000000,14.79646,-0.01087,-0.20365,0.99967,0.01658,0.01439,-0.01304,1.39836,-0.12325,-0.03696
78640000000,14.83878,-0.01552,-0.20454,0.99963,0.01678,0.01429,-0.01598,1.41438,-0.14150,-0.03708
78673000000,14.88801,-0.02044,-0.20599,0.99958,0.01632,0.01434,-0.01912,1.44143,-0.15858,-0.03802
78706000000,14.93395,-0.02611,-0.20705,0.99951,0.01650,0.01439,-0.02249,1.45922,-0.17466,-0.03822
78739000000,14.98215,-0.03230,-0.20831,0.99943,0.01607,0.01435,-0.02604,1.47861,-0.18925,-0.03765
78772000000,15.03087,-0.03873,-0.20954,0.99933,0.01595,0.01434,-0.02962,1.49576,-0.19045,-0.03823
78805000000,15.08363,-0.04523,-0.21120,0.99924,0.01547,0.01444,-0.03287,1.51391,-0.19918,-0.03987
78838000000,15.13027,-0.05233,-0.21211,0.99913,0.01548,0.01425,-0.03607,1.51837,-0.20964,-0.03946
78871000000,15.18229,-0.05930,-0.21374,0.99901,0.01514,0.01432,-0.03923,1.53302,-0.21703,-0.04193
78904000000,15.23062,-0.06682,-0.21481,0.99889,0.01508,0.01424,-0.04230,1.52656,-0.22362,-0.04057
78937000000,15.28163,-0.07412,-0.21632,0.99876,0.01467,0.01424,-0.04529,1.52639,-0.22880,-0.04074
78970000000,15.33108,-0.08174,-0.21754,0.99863,0.01453,0.01416,-0.04816,1.50659,-0.23115,-0.03873
79003000000,15.38187,-0.08905,-0.21919,0.99850,0.01413,0.01428,-0.05095,1.48940,-0.23650,-0.03858
79036000000,15.42963,-0.09728,-0.22026,0.99835,0.01402,0.01423,-0.05386,1.48441,-0.25221,-0.03858
79069000000,15.47998,-0.10536,-0.22205,0.99818,0.01382,0.01446,-0.05684,1.47724,-0.25970,-0.03916
79102000000,15.52633,-0.11454,-0.22278,0.99801,0.01344,0.01418,-0.05992,1.46171,-0.27053,-0.03825
79135000000,15.57430,-0.12346,-0.22421,0.99782,0.01301,0.01418,-0.06307,1.45222,-0.27978,-0.03809
79168000000,15.62189,-0.13310,-0.22522,0.99762,0.01291,0.01407,-0.06629,1.46451,-0.29210,-0.03776
79201000000,15.67237,-0.14251,-0.22708,0.99740,0.01299,0.01433,-0.06942,1.48156,-0.29454,-0.03843
79234000000,15.71892,-0.15287,-0.22747,0.99720,0.01234,0.01386,-0.07239,1.48324,-0.30256,-0.03634
79267000000,15.76899,-0.16305,-0.22886,0.99699,0.01235,0.01390,-0.07528,1.49284,-0.30869,-0.03627
79300000000,15.81697,-0.17350,-0.22955,0.99679,0.01179,0.01365,-0.07805,1.49738,-0.31556,-0.03474
79333000000,15.86635,-0.18433,-0.23057,0.99658,0.01127,0.01337,-0.08079,1.50338,-0.32160,-0.03447
79366000000,15.91544,-0.19492,-0.23153,0.99636,0.01095,0.01332,-0.08345,1.50216,-0.32540,-0.03452
79399000000,15.96519,-0.20601,-0.23262,0.99614,0.01099,0.01325,-0.08606,1.50153,-0.32848,-0.03241
79432000000,16.01381,-0.21695,-0.23325,0.99592,0.01075,0.01312,-0.08858,1.49922,-0.33283,-0.03181
79465000000,16.06331,-0.22847,-0.23418,0.99571,0.01064,0.01285,-0.09102,1.49714,-0.33719,-0.03056
79498000000,16.11156,-0.23997,-0.23451,0.99550,0.01004,0.01247,-0.09337,1.49298,-0.34160,-0.02825
79531000000,16.16044,-0.25167,-0.23539,0.99530,0.00964,0.01218,-0.09563,1.49017,-0.34469,-0.02867
79564000000,16.20934,-0.26362,-0.23573,0.99509,0.00939,0.01177,-0.09782,1.48793,-0.34868,-0.02793
79597000000,16.25852,-0.27611,-0.23639,0.99488,0.00916,0.01129,-0.09999,1.48740,-0.35397,-0.02793
79630000000,16.30647,-0.28799,-0.23671,0.99468,0.00865,0.01098,-0.10206,1.48302,-0.35588,-0.02604
79663000000,16.35544,-0.30061,-0.23736,0.99449,0.00845,0.01055,-0.10400,1.48220,-0.36045,-0.02573
79696000000,16.40358,-0.31276,-0.23771,0.99429,0.00800,0.01032,-0.10589,1.47898,-0.36273,-0.02453
79729000000,16.45392,-0.32575,-0.23863,0.99409,0.00858,0.01010,-0.10775,1.48053,-0.36739,-0.02543
79762000000,16.50153,-0.33764,-0.23906,0.99390,0.00799,0.00996,-0.10951,1.47650,-0.36811,-0.02396
79795000000,16.55161,-0.35086,-0.24004,0.99371,0.00836,0.00967,-0.11125,1.48070,-0.37180,-0.02431
79828000000,16.59922,-0.36277,-0.24066,0.99352,0.00777,0.00969,-0.11293,1.47810,-0.37437,-0.02382
79861000000,16.64922,-0.37634,-0.24153,0.99334,0.00830,0.00938,-0.11451,1.48053,-0.37880,-0.02407
79894000000,16.69628,-0.38819,-0.24209,0.99317,0.00750,0.00939,-0.11605,1.47603,-0.37961,-0.02369
79927000000,16.74667,-0.40182,-0.24313,0.99299,0.00828,0.00918,-0.11757,1.47923,-0.38436,-0.02558
79960000000,16.79327,-0.41465,-0.24307,0.99283,0.00719,0.00879,-0.11900,1.47377,-0.38703,-0.02359
79993000000,16.84456,-0.42894,-0.24424,0.99265,0.00833,0.00853,-0.12041,1.47963,-0.39287,-0.02480
80026000000,16.89038,-0.44204,-0.24384,0.99250,0.00695,0.00800,-0.12176,1.46469,-0.39330,-0.02188
80059000000,16.94295,-0.45651,-0.24529,0.99232,0.00883,0.00796,-0.12310,1.46715,-0.40206,-0.02435
80092000000,16.98731,-0.46976,-0.24501,0.99216,0.00703,0.00747,-0.12456,1.45371,-0.41301,-0.02145
80125000000,17.03832,-0.48489,-0.24607,0.99193,0.00827,0.00726,-0.12630,1.45840,-0.42262,-0.02273
80158000000,17.08349,-0.49812,-0.24644,0.99170,0.00700,0.00725,-0.12818,1.44911,-0.42993,-0.02263
80191000000,17.13750,-0.51399,-0.24825,0.99140,0.00959,0.00748,-0.13032,1.46056,-0.44339,-0.02427
80224000000,17.17964,-0.52806,-0.24773,0.99109,0.00705,0.00702,-0.13281,1.44546,-0.45516,-0.02093
80257000000,17.23585,-0.54529,-0.24987,0.99067,0.01050,0.00732,-0.13564,1.46398,-0.47463,-0.02400
80290000000,17.27997,-0.56121,-0.24990,0.99025,0.00862,0.00684,-0.13888,1.45193,-0.49382,-0.02144
80323000000,17.33040,-0.57902,-0.25113,0.98972,0.00965,0.00671,-0.14250,1.45607,-0.51778,-0.02261
80356000000,17.37170,-0.59494,-0.25076,0.98915,0.00698,0.00647,-0.14660,1.43726,-0.53838,-0.02096
80389000000,17.42018,-0.61392,-0.25177,0.98844,0.00744,0.00635,-0.15129,1.43617,-0.56772,-0.02143
80422000000,17.46786,-0.63391,-0.25270,0.98765,0.00746,0.00611,-0.15638,1.43562,-0.59701,-0.02169
80455000000,17.51348,-0.65352,-0.25313,0.98679,0.00677,0.00614,-0.16175,1.43285,-0.62331,-0.02200
80488000000,17.56594,-0.67584,-0.25497,0.98586,0.00878,0.00640,-0.16720,1.43728,-0.64741,-0.02461
80521000000,17.60760,-0.69603,-0.25460,0.98499,0.00669,0.00622,-0.17240,1.40576,-0.65529,-0.02056
80554000000,17.65682,-0.71849,-0.25590,0.98410,0.00786,0.00642,-0.17733,1.39726,-0.66441,-0.02248
80587000000,17.71327,-0.74442,-0.25774,0.98322,0.01227,0.00641,-0.18187,1.41459,-0.67721,-0.02632
80620000000,17.74989,-0.76284,-0.25746,0.98255,0.00786,0.00659,-0.18574,1.38248,-0.66290,-0.02227
80653000000,17.79295,-0.78403,-0.25773,0.98190,0.00688,0.00649,-0.18917,1.36669,-0.66145,-0.01994
80686000000,17.83727,-0.80574,-0.25821,0.98133,0.00664,0.00637,-0.19212,1.35718,-0.65982,-0.01940
80719000000,17.88096,-0.82734,-0.25866,0.98079,0.00609,0.00632,-0.19485,1.35485,-0.66318,-0.01756
80752000000,17.92578,-0.84950,-0.25919,0.98022,0.00607,0.00627,-0.19770,1.36044,-0.67476,-0.01772
80785000000,17.96949,-0.87209,-0.25914,0.97960,0.00559,0.00603,-0.20080,1.35968,-0.68721,-0.01514
80818000000,18.01450,-0.89510,-0.25970,0.97888,0.00567,0.00600,-0.20425,1.35762,-0.70946,-0.01482
80851000000,18.05800,-0.91893,-0.25975,0.97803,0.00516,0.00577,-0.20833,1.35483,-0.72897,-0.01444
80884000000,18.10210,-0.94310,-0.26005,0.97710,0.00496,0.00575,-0.21267,1.34764,-0.74167,-0.01423
80917000000,18.14489,-0.96807,-0.26001,0.97608,0.00437,0.00543,-0.21729,1.34169,-0.76127,-0.01350
80950000000,18.18934,-0.99338,-0.26058,0.97496,0.00444,0.00547,-0.22227,1.33721,-0.78111,-0.01232
80983000000,18.23204,-1.01981,-0.26063,0.97369,0.00399,0.00524,-0.22777,1.32742,-0.80602,-0.01178
81016000000,18.27548,-1.04675,-0.26098,0.97226,0.00388,0.00523,-0.23383,1.31567,-0.83118,-0.01183
81049000000,18.31733,-1.07496,-0.26098,0.97070,0.00351,0.00499,-0.24023,1.29978,-0.85729,-0.01111
81082000000,18.35691,-1.10345,-0.26056,0.96894,0.00263,0.00465,-0.24724,1.27700,-0.88552,-0.00921
81115000000,18.39686,-1.13338,-0.26029,0.96697,0.00206,0.00424,-0.25485,1.25277,-0.91635,-0.00643
81148000000,18.43645,-1.16436,-0.26009,0.96476,0.00167,0.00398,-0.26309,1.22550,-0.95022,-0.00477
81181000000,18.47489,-1.19639,-0.25979,0.96230,0.00124,0.00373,-0.27196,1.19315,-0.98404,-0.00311
81214000000,18.51268,-1.22984,-0.25940,0.95961,0.00092,0.00342,-0.28132,1.16056,-1.02019,-0.00159
81247000000,18.54921,-1.26433,-0.25899,0.95656,0.00055,0.00310,-0.29151,1.12480,-1.05611,0.00058
81280000000,18.58444,-1.29981,-0.25860,0.95323,0.00023,0.00287,-0.30224,1.08322,-1.08900,0.00208
81313000000,18.61945,-1.33660,-0.25852,0.94955,0.00016,0.00273,-0.31360,1.04272,-1.12490,0.00234
81346000000,18.65271,-1.37435,-0.25840,0.94558,-0.00002,0.00259,-0.32539,0.99839,-1.15347,0.00228
81379000000,18.68493,-1.41310,-0.25839,0.94153,-0.00003,0.00246,-0.33691,0.95744,-1.17949,0.00104
81412000000,18.71591,-1.45265,-0.25843,0.93745,0.00000,0.00242,-0.34812,0.91995,-1.20242,0.00127
81445000000,18.74543,-1.49264,-0.25839,0.93335,-0.00010,0.00242,-0.35897,0.88353,-1.22300,0.00233
81478000000,18.77407,-1.53346,-0.25836,0.92924,-0.00007,0.00236,-0.36947,0.85227,-1.24208,0.00266
81511000000,18.80185,-1.57492,-0.25837,0.92518,0.00001,0.00232,-0.37953,0.82413,-1.25909,0.00166
81544000000,18.82879,-1.61690,-0.25843,0.92116,0.00011,0.00236,-0.38917,0.79893,-1.27508,0.00067
81577000000,18.85482,-1.65935,-0.25846,0.91728,0.00007,0.00229,-0.39824,0.77751,-1.28831,0.00170
81610000000,18.88086,-1.70207,-0.25847,0.91368,0.00020,0.00220,-0.40643,0.77808,-1.28650,0.00364
81643000000,18.90625,-1.74493,-0.25839,0.91028,0.00018,0.00209,-0.41399,0.76341,-1.29730,0.00419
81676000000,18.93141,-1.78828,-0.25834,0.90704,0.00025,0.00201,-0.42104,0.75396,-1.30849,0.00424
81709000000,18.95600,-1.83173,-0.25824,0.90405,0.00020,0.00193,-0.42743,0.74551,-1.31524,0.00367
81742000000,18.98048,-1.87560,-0.25818,0.90127,0.00024,0.00175,-0.43326,0.73953,-1.32205,0.00385
81775000000,19.00460,-1.91956,-0.25807,0.89865,0.00025,0.00166,-0.43866,0.72680,-1.32717,0.00471
81808000000,19.02821,-1.96333,-0.25786,0.89594,0.00018,0.00168,-0.44418,0.71136,-1.33062,0.00470
81841000000,19.05114,-2.00754,-0.25771,0.89310,0.00006,0.00157,-0.44985,0.69353,-1.33722,0.00582
81874000000,19.07367,-2.05180,-0.25751,0.89008,0.00006,0.00152,-0.45580,0.67203,-1.34347,0.00538
81907000000,19.09548,-2.09706,-0.25741,0.88685,0.00012,0.00129,-0.46206,0.64878,-1.35196,0.00633
81940000000,19.11626,-2.14129,-0.25718,0.88341,0.00002,0.00136,-0.46861,0.62562,-1.35785,0.00536
81973000000,19.13595,-2.18698,-0.25704,0.87967,-0.00001,0.00123,-0.47558,0.58451,-1.37403,0.00590
82006000000,19.15467,-2.23217,-0.25681,0.87563,-0.00009,0.00125,-0.48299,0.56023,-1.38272,0.00527
82039000000,19.17311,-2.27878,-0.25675,0.87180,-0.00001,0.00110,-0.48986,0.55713,-1.38957,0.00474
82072000000,19.19120,-2.32550,-0.25662,0.86826,0.00001,0.00098,-0.49611,0.54472,-1.40257,0.00550
82105000000,19.20909,-2.37272,-0.25656,0.86491,0.00010,0.00086,-0.50193,0.53471,-1.41569,0.00693
82138000000,19.22670,-2.42010,-0.25655,0.86185,0.00010,0.00080,-0.50717,0.52695,-1.42613,0.00547
82171000000,19.24387,-2.46680,-0.25637,0.85903,0.00000,0.00084,-0.51192,0.52328,-1.43321,0.00588
82204000000,19.26146,-2.51508,-0.25650,0.85648,0.00008,0.00082,-0.51619,0.51884,-1.43954,0.00495
82237000000,19.27822,-2.56220,-0.25628,0.85397,0.00003,0.00085,-0.52033,0.51048,-1.43949,0.00453
82270000000,19.29525,-2.61030,-0.25645,0.85150,0.00015,0.00083,-0.52435,0.50353,-1.44154,0.00349
82303000000,19.31167,-2.65777,-0.25628,0.84910,0.00016,0.00083,-0.52823,0.49475,-1.44269,0.00422
82336000000,19.32837,-2.70640,-0.25641,0.84673,0.00035,0.00085,-0.53202,0.48824,-1.44606,0.00465
82369000000,19.34412,-2.75355,-0.25619,0.84443,0.00025,0.00087,-0.53567,0.48135,-1.44497,0.00436
82402000000,19.36038,-2.80198,-0.25640,0.84220,0.00037,0.00091,-0.53917,0.47504,-1.44758,0.00419
82435000000,19.37583,-2.84945,-0.25619,0.84001,0.00034,0.00093,-0.54257,0.46833,-1.44776,0.00413
82468000000,19.39123,-2.89729,-0.25631,0.83786,0.00036,0.00091,-0.54589,0.46194,-1.44911,0.00406
82501000000,19.40622,-2.94502,-0.25620,0.83576,0.00031,0.00088,-0.54910,0.45592,-1.44955,0.00417
82534000000,19.42122,-2.99333,-0.25635,0.83374,0.00035,0.00085,-0.55215,0.44898,-1.45018,0.00433
82567000000,19.43589,-3.04078,-0.25618,0.83179,0.00031,0.00091,-0.55510,0.44294,-1.45059,0.00472
82600000000,19.45061,-3.08947,-0.25636,0.82989,0.00041,0.00080,-0.55793,0.43810,-1.45365,0.00350
82633000000,19.46476,-3.13664,-0.25620,0.82799,0.00037,0.00084,-0.56075,0.43295,-1.45246,0.00472
82666000000,19.47909,-3.18481,-0.25636,0.82613,0.00043,0.00088,-0.56347,0.42718,-1.45351,0.00415
82699000000,19.49306,-3.23255,-0.25631,0.82436,0.00044,0.00089,-0.56606,0.42104,-1.45381,0.00394
82732000000,19.50712,-3.28103,-0.25649,0.82262,0.00050,0.00090,-0.56859,0.41615,-1.45489,0.00475
82765000000,19.52096,-3.32959,-0.25637,0.82091,0.00052,0.00087,-0.57106,0.41208,-1.45637,0.00435
82798000000,19.53438,-3.37805,-0.25645,0.81925,0.00051,0.00086,-0.57344,0.40807,-1.45678,0.00494
82831000000,19.54789,-3.42611,-0.25636,0.81763,0.00052,0.00087,-0.57574,0.40562,-1.45671,0.00380
82864000000,19.56140,-3.47470,-0.25653,0.81610,0.00053,0.00084,-0.57790,0.40205,-1.45772,0.00380
82897000000,19.57429,-3.52207,-0.25635,0.81458,0.00043,0.00088,-0.58005,0.39572,-1.45649,0.00480
82930000000,19.58725,-3.57028,-0.25656,0.81308,0.00047,0.00086,-0.58215,0.39179,-1.45718,0.00372
82963000000,19.60000,-3.61802,-0.25636,0.81162,0.00046,0.00092,-0.58418,0.38705,-1.45663,0.00481
82996000000,19.61282,-3.66671,-0.25646,0.81022,0.00056,0.00095,-0.58612,0.38312,-1.45861,0.00524
83029000000,19.62524,-3.71466,-0.25624,0.80886,0.00050,0.00095,-0.58800,0.37895,-1.45826,0.00622
83062000000,19.63768,-3.76333,-0.25632,0.80752,0.00054,0.00098,-0.58984,0.37439,-1.45859,0.00506
83095000000,19.65007,-3.81128,-0.25622,0.80621,0.00055,0.00103,-0.59163,0.37097,-1.45771,0.00461
83128000000,19.66232,-3.85982,-0.25622,0.80495,0.00056,0.00103,-0.59334,0.36846,-1.45832,0.00532
83161000000,19.67443,-3.90771,-0.25599,0.80371,0.00049,0.00107,-0.59502,0.36561,-1.45840,0.00584
83194000000,19.68667,-3.95662,-0.25591,0.80254,0.00053,0.00106,-0.59659,0.36184,-1.45929,0.00623
83227000000,19.69840,-4.00449,-0.25577,0.80140,0.00050,0.00107,-0.59812,0.35697,-1.45810,0.00604
83260000000,19.71007,-4.05260,-0.25567,0.80030,0.00047,0.00108,-0.59960,0.35336,-1.45847,0.00562
83293000000,19.72174,-4.10067,-0.25559,0.79920,0.00041,0.00109,-0.60107,0.35044,-1.45790,0.00503
83326000000,19.73344,-4.14934,-0.25562,0.79815,0.00046,0.00108,-0.60245,0.34824,-1.45886,0.00454
83359000000,19.74486,-4.19728,-0.25544,0.79713,0.00045,0.00112,-0.60381,0.34396,-1.45964,0.00379
83392000000,19.75622,-4.24565,-0.25546,0.79613,0.00048,0.00121,-0.60513,0.34052,-1.45891,0.00440
83425000000,19.76727,-4.29381,-0.25514,0.79513,0.00047,0.00117,-0.60643,0.33787,-1.45905,0.00488
83458000000,19.77845,-4.34282,-0.25515,0.79421,0.00053,0.00117,-0.60764,0.33555,-1.46064,0.00406
83491000000,19.78951,-4.39116,-0.25512,0.79332,0.00054,0.00112,-0.60880,0.33320,-1.46126,0.00260
83524000000,19.80070,-4.44027,-0.25537,0.79243,0.00056,0.00109,-0.60996,0.33016,-1.46246,0.00245
83557000000,19.81132,-4.48794,-0.25514,0.79157,0.00052,0.00110,-0.61108,0.32614,-1.46012,0.00214
83590000000,19.82206,-4.53663,-0.25538,0.79072,0.00057,0.00107,-0.61218,0.32379,-1.46073,0.00067
83623000000,19.83279,-4.58486,-0.25535,0.78991,0.00061,0.00111,-0.61322,0.32205,-1.45990,0.00150
83656000000,19.84344,-4.63399,-0.25557,0.78912,0.00071,0.00112,-0.61424,0.31936,-1.46260,0.00148
83689000000,19.85400,-4.68213,-0.25561,0.78837,0.00071,0.00110,-0.61519,0.31709,-1.46357,0.00086
83722000000,19.86462,-4.73148,-0.25592,0.78766,0.00074,0.00110,-0.61611,0.31795,-1.47087,-0.00001
83755000000,19.87506,-4.77962,-0.25587,0.78712,0.00067,0.00109,-0.61679,0.32284,-1.48140,0.00034
83788000000,19.88583,-4.82929,-0.25616,0.78677,0.00070,0.00100,-0.61725,0.32715,-1.48919,-0.00041
83821000000,19.89671,-4.87845,-0.25622,0.78654,0.00065,0.00103,-0.61754,0.33368,-1.49396,-0.00167
83854000000,19.90799,-4.92873,-0.25648,0.78650,0.00071,0.00099,-0.61759,0.34367,-1.50572,-0.00160
83887000000,19.91957,-4.97839,-0.25646,0.78673,0.00072,0.00101,-0.61730,0.35682,-1.51300,-0.00137
83920000000,19.93171,-5.02908,-0.25663,0.78721,0.00079,0.00101,-0.61668,0.37050,-1.51968,0.00036
83953000000,19.94434,-5.07949,-0.25663,0.78797,0.00076,0.00103,-0.61572,0.38912,-1.52802,-0.00002
83986000000,19.95776,-5.13105,-0.25691,0.78909,0.00081,0.00104,-0.61428,0.40467,-1.52465,0.00005
84019000000,19.97089,-5.18003,-0.25673,0.79018,0.00079,0.00107,-0.61287,0.40982,-1.50160,0.00206
84052000000,19.98459,-5.22973,-0.25668,0.79126,0.00085,0.00112,-0.61148,0.41391,-1.48364,0.00330
84085000000,19.99825,-5.27810,-0.25655,0.79220,0.00087,0.00114,-0.61026,0.41587,-1.46534,0.00392
84118000000,20.01211,-5.32650,-0.25639,0.79297,0.00090,0.00112,-0.60926,0.41546,-1.44948,0.00503
84151000000,20.02564,-5.37398,-0.25626,0.79353,0.00090,0.00114,-0.60854,0.40119,-1.44000,0.00561
84184000000,20.03925,-5.42186,-0.25616,0.79380,0.00089,0.00116,-0.60817,0.40885,-1.43820,0.00652
84217000000,20.05267,-5.46848,-0.25595,0.79437,0.00087,0.00114,-0.60743,0.41519,-1.44037,0.00661
84250000000,20.06669,-5.51620,-0.25594,0.79505,0.00087,0.00113,-0.60655,0.42652,-1.44866,0.00483
84283000000,20.08095,-5.56345,-0.25579,0.79594,0.00087,0.00121,-0.60537,0.43827,-1.45589,0.00445
84316000000,20.09593,-5.61164,-0.25598,0.79703,0.00088,0.00122,-0.60394,0.45097,-1.46007,0.00370
84349000000,20.11097,-5.65972,-0.25585,0.79834,0.00091,0.00127,-0.60221,0.46596,-1.46603,0.00300
84382000000,20.12704,-5.70857,-0.25608,0.79984,0.00096,0.00124,-0.60021,0.48184,-1.46661,0.00175
84415000000,20.14325,-5.75672,-0.25595,0.80160,0.00097,0.00123,-0.59786,0.50386,-1.47129,0.00270
84448000000,20.16033,-5.80535,-0.25606,0.80364,0.00095,0.00120,-0.59511,0.52073,-1.46215,0.00285
84481000000,20.17776,-5.85298,-0.25597,0.80564,0.00093,0.00121,-0.59241,0.52990,-1.44233,0.00394
84514000000,20.19560,-5.90050,-0.25626,0.80754,0.00093,0.00122,-0.58981,0.53550,-1.42439,0.00269
84547000000,20.21317,-5.94709,-0.25616,0.80922,0.00092,0.00123,-0.58751,0.53842,-1.40772,0.00186
84580000000,20.23143,-5.99335,-0.25654,0.81068,0.00089,0.00121,-0.58549,0.53626,-1.39566,0.00155
84613000000,20.24885,-6.03879,-0.25646,0.81177,0.00082,0.00121,-0.58398,0.52913,-1.38324,0.00197
84646000000,20.26674,-6.08437,-0.25688,0.81267,0.00081,0.00117,-0.58272,0.52878,-1.37795,0.00210
84679000000,20.28411,-6.12978,-0.25683,0.81351,0.00080,0.00115,-0.58156,0.53098,-1.37805,0.00347
84712000000,20.30229,-6.17528,-0.25709,0.81432,0.00078,0.00117,-0.58041,0.53542,-1.37820,0.00344
84745000000,20.31975,-6.22042,-0.25689,0.81511,0.00084,0.00112,-0.57931,0.53732,-1.37728,0.00395
84778000000,20.33800,-6.26611,-0.25700,0.81582,0.00082,0.00115,-0.57831,0.53978,-1.37710,0.00458
84811000000,20.35575,-6.31115,-0.25670,0.81650,0.00082,0.00117,-0.57735,0.54122,-1.37544,0.00693
84844000000,20.37391,-6.35674,-0.25657,0.81721,0.00080,0.00118,-0.57634,0.54259,-1.37466,0.00736
84877000000,20.39163,-6.40150,-0.25625,0.81785,0.00073,0.00116,-0.57543,0.54348,-1.37309,0.00783
84910000000,20.40991,-6.44700,-0.25631,0.81848,0.00071,0.00117,-0.57453,0.54493,-1.37364,0.00795
84943000000,20.42779,-6.49203,-0.25600,0.81911,0.00071,0.00114,-0.57363,0.54640,-1.37351,0.00763
84976000000,20.44617,-6.53754,-0.25609,0.81972,0.00069,0.00107,-0.57276,0.54797,-1.37301,0.00668
85009000000,20.46420,-6.58240,-0.25586,0.82026,0.00070,0.00108,-0.57199,0.54895,-1.37063,0.00728
85042000000,20.48262,-6.62776,-0.25589,0.82082,0.00066,0.00104,-0.57119,0.54931,-1.36898,0.00800
85075000000,20.50054,-6.67254,-0.25560,0.82137,0.00069,0.00101,-0.57040,0.54949,-1.36778,0.00851
85108000000,20.51890,-6.71772,-0.25556,0.82190,0.00070,0.00101,-0.56963,0.55040,-1.36731,0.00910
85141000000,20.53690,-6.76269,-0.25534,0.82241,0.00070,0.00091,-0.56890,0.55170,-1.36571,0.00859
85174000000,20.55533,-6.80775,-0.25538,0.82289,0.00072,0.00088,-0.56820,0.55447,-1.36539,0.00778
85207000000,20.57345,-6.85240,-0.25514,0.82334,0.00075,0.00087,-0.56755,0.55514,-1.36463,0.00864
85240000000,20.59191,-6.89748,-0.25501,0.82383,0.00078,0.00092,-0.56684,0.55595,-1.36624,0.00820
85273000000,20.60989,-6.94218,-0.25460,0.82428,0.00080,0.00088,-0.56618,0.55513,-1.36358,0.00849
85306000000,20.62848,-6.98700,-0.25450,0.82471,0.00081,0.00090,-0.56555,0.55557,-1.36243,0.00985
85339000000,20.64668,-7.03143,-0.25411,0.82511,0.00075,0.00089,-0.56498,0.55585,-1.36067,0.01155
85372000000,20.66522,-7.07702,-0.25420,0.82549,0.00077,0.00089,-0.56441,0.55691,-1.36173,0.00989
85405000000,20.68347,-7.12138,-0.25377,0.82587,0.00080,0.00088,-0.56386,0.55845,-1.36010,0.01083
85438000000,20.70176,-7.16677,-0.25397,0.82623,0.00086,0.00090,-0.56333,0.55797,-1.35987,0.00967
85471000000,20.72006,-7.21123,-0.25361,0.82658,0.00083,0.00092,-0.56282,0.55745,-1.35965,0.00910
85504000000,20.73856,-7.25642,-0.25371,0.82692,0.00087,0.00093,-0.56232,0.55679,-1.35960,0.00773
85537000000,20.75664,-7.30102,-0.25340,0.82727,0.00087,0.00095,-0.56180,0.55680,-1.35809,0.00886
85570000000,20.77542,-7.34620,-0.25334,0.82763,0.00084,0.00095,-0.56127,0.55603,-1.35920,0.00974
85603000000,20.79363,-7.39069,-0.25309,0.82794,0.00079,0.00094,-0.56082,0.55574,-1.35700,0.00961
85636000000,20.81219,-7.43550,-0.25286,0.82825,0.00076,0.00095,-0.56035,0.55668,-1.35614,0.01002
85669000000,20.83048,-7.48008,-0.25268,0.82855,0.00076,0.00093,-0.55991,0.55690,-1.35625,0.01023
85702000000,20.84927,-7.52519,-0.25273,0.82885,0.00076,0.00095,-0.55946,0.55673,-1.35707,0.00990
85735000000,20.86766,-7.56937,-0.25222,0.82911,0.00070,0.00098,-0.55908,0.55695,-1.35383,0.01136
85768000000,20.88676,-7.61458,-0.25226,0.82936,0.00064,0.00098,-0.55871,0.55973,-1.35448,0.01003
85801000000,20.90501,-7.65911,-0.25195,0.82962,0.00061,0.00100,-0.55833,0.55896,-1.35332,0.00922
85834000000,20.92361,-7.70373,-0.25171,0.82986,0.00062,0.00094,-0.55796,0.55935,-1.35225,0.01014
85867000000,20.94315,-7.74908,-0.25195,0.83010,0.00057,0.00096,-0.55762,0.56217,-1.35310,0.00893
85900000000,20.96172,-7.79318,-0.25163,0.83033,0.00055,0.00099,-0.55727,0.56225,-1.35251,0.01006
85933000000,20.98177,-7.83900,-0.25167,0.83058,0.00052,0.00103,-0.55690,0.56475,-1.35335,0.00984
85966000000,20.99942,-7.88260,-0.25114,0.83079,0.00050,0.00102,-0.55658,0.56224,-1.35218,0.01035
85999000000,21.01902,-7.92771,-0.25125,0.83103,0.00049,0.00102,-0.55623,0.56418,-1.35308,0.01048
86032000000,21.03767,-7.97244,-0.25108,0.83124,0.00049,0.00101,-0.55591,0.56467,-1.35290,0.01040
86065000000,21.05749,-8.01775,-0.25143,0.83141,0.00051,0.00105,-0.55565,0.56632,-1.35315,0.00903
86098000000,21.07610,-8.06218,-0.25115,0.83158,0.00046,0.00103,-0.55541,0.56577,-1.35333,0.00887
86131000000,21.09626,-8.10808,-0.25172,0.83177,0.00043,0.00105,-0.55512,0.56849,-1.35495,0.00745
86164000000,21.11466,-8.15232,-0.25144,0.83192,0.00048,0.00104,-0.55489,0.56778,-1.35492,0.00765
86197000000,21.13441,-8.19795,-0.25195,0.83207,0.00045,0.00105,-0.55466,0.56989,-1.35606,0.00679
86230000000,21.15305,-8.24227,-0.25148,0.83223,0.00044,0.00104,-0.55444,0.56886,-1.35457,0.00744
86263000000,21.17227,-8.28747,-0.25172,0.83239,0.00046,0.00102,-0.55418,0.56904,-1.35431,0.00827
86296000000,21.19098,-8.33187,-0.25137,0.83255,0.00053,0.00099,-0.55395,0.56886,-1.35284,0.00826
86329000000,21.21087,-8.37736,-0.25202,0.83270,0.00053,0.00106,-0.55372,0.57108,-1.35347,0.00644
86362000000,21.22964,-8.42184,-0.25166,0.83285,0.00052,0.00108,-0.55349,0.57101,-1.35357,0.00812
86395000000,21.24909,-8.46722,-0.25203,0.83299,0.00056,0.00106,-0.55329,0.57190,-1.35576,0.00853
86428000000,21.26802,-8.51153,-0.25154,0.83312,0.00055,0.00102,-0.55309,0.57080,-1.35473,0.00914
86461000000,21.28790,-8.55733,-0.25183,0.83324,0.00055,0.00099,-0.55292,0.57259,-1.35550,0.00936
86494000000,21.30658,-8.60118,-0.25129,0.83336,0.00052,0.00092,-0.55272,0.57181,-1.35349,0.00934
86527000000,21.32679,-8.64699,-0.25146,0.83351,0.00051,0.00096,-0.55250,0.57478,-1.35523,0.00928
86560000000,21.34550,-8.69151,-0.25103,0.83360,0.00051,0.00089,-0.55237,0.57342,-1.35433,0.00968
86593000000,21.36564,-8.73685,-0.25110,0.83370,0.00047,0.00092,-0.55221,0.57496,-1.35433,0.00901
86626000000,21.38440,-8.78168,-0.25084,0.83380,0.00040,0.00088,-0.55206,0.57397,-1.35453,0.01148
86659000000,21.40474,-8.82738,-0.25094,0.83391,0.00037,0.00094,-0.55190,0.57623,-1.35530,0.01095
86692000000,21.42344,-8.87163,-0.25060,0.83401,0.00034,0.00087,-0.55176,0.57495,-1.35369,0.01119
86725000000,21.44356,-8.91708,-0.25070,0.83412,0.00027,0.00089,-0.55158,0.57824,-1.35517,0.00978
86758000000,21.46235,-8.96088,-0.24987,0.83422,0.00022,0.00089,-0.55143,0.57763,-1.35370,0.01223
86791000000,21.48259,-9.00648,-0.24998,0.83433,0.00016,0.00095,-0.55127,0.58078,-1.35551,0.01136
86824000000,21.50160,-9.05094,-0.24965,0.83443,0.00017,0.00098,-0.55112,0.58161,-1.35500,0.01184
86857000000,21.52184,-9.09622,-0.24988,0.83453,0.00013,0.00100,-0.55097,0.58299,-1.35617,0.01121
86890000000,21.54061,-9.14065,-0.24940,0.83460,0.00010,0.00097,-0.55086,0.58262,-1.35454,0.01327
86923000000,21.56084,-9.18600,-0.24965,0.83471,0.00007,0.00102,-0.55069,0.58539,-1.35553,0.01416
86956000000,21.57975,-9.22998,-0.24899,0.83478,0.00004,0.00100,-0.55058,0.57892,-1.34067,0.01667
86989000000,21.59984,-9.27471,-0.24931,0.83491,0.00005,0.00103,-0.55039,0.57381,-1.32655,0.01575
87022000000,21.61832,-9.31746,-0.24867,0.83496,0.00001,0.00103,-0.55031,0.56698,-1.31174,0.01662
87055000000,21.63770,-9.36108,-0.24913,0.83504,0.00002,0.00102,-0.55019,0.55555,-1.28525,0.01431
87088000000,21.65545,-9.40225,-0.24860,0.83510,-0.00001,0.00099,-0.55010,0.54300,-1.25383,0.01394
87121000000,21.67416,-9.44409,-0.24897,0.83518,0.00003,0.00104,-0.54998,0.53610,-1.23601,0.01235
87154000000,21.69139,-9.48309,-0.24824,0.83520,-0.00003,0.00100,-0.54994,0.51940,-1.19399,0.01423
87187000000,21.70914,-9.52270,-0.24846,0.83528,-0.00007,0.00103,-0.54982,0.51039,-1.16997,0.01374
87220000000,21.72526,-9.56040,-0.24792,0.83531,-0.00006,0.00100,-0.54978,0.49726,-1.14346,0.01374
87253000000,21.74222,-9.59852,-0.24816,0.83536,-0.00008,0.00104,-0.54971,0.48886,-1.12293,0.01263
87286000000,21.75763,-9.63472,-0.24773,0.83542,-0.00002,0.00105,-0.54961,0.47528,-1.09365,0.01483
87319000000,21.77361,-9.67163,-0.24804,0.83549,-0.00001,0.00106,-0.54950,0.46679,-1.07588,0.01294
87352000000,21.78857,-9.70594,-0.24761,0.83554,-0.00007,0.00103,-0.54942,0.44972,-1.03711,0.01331
87385000000,21.80428,-9.74203,-0.24815,0.83559,-0.00006,0.00114,-0.54936,0.44537,-1.02699,0.01205
87418000000,21.81856,-9.77504,-0.24775,0.83563,-0.00008,0.00112,-0.54929,0.43541,-1.00781,0.01253
87451000000,21.83376,-9.80965,-0.24836,0.83571,0.00000,0.00119,-0.54917,0.42617,-0.98441,0.00995
87484000000,21.84716,-9.84040,-0.24782,0.83576,0.00001,0.00113,-0.54909,0.41128,-0.95138,0.01003
87517000000,21.86179,-9.87294,-0.24845,0.83583,-0.00003,0.00121,-0.54899,0.40567,-0.93582,0.00897
87550000000,21.87471,-9.90255,-0.24808,0.83585,-0.00003,0.00113,-0.54895,0.38821,-0.89622,0.00941
87583000000,21.88892,-9.93387,-0.24877,0.83590,-0.00004,0.00122,-0.54888,0.38788,-0.88883,0.00744
87616000000,21.90115,-9.96153,-0.24844,0.83594,-0.00007,0.00110,-0.54882,0.37420,-0.85702,0.00781
87649000000,21.91429,-9.99089,-0.24910,0.83597,-0.00008,0.00120,-0.54877,0.36058,-0.82491,0.00522
87682000000,21.92542,-10.01694,-0.24880,0.83599,-0.00007,0.00116,-0.54875,0.33098,-0.75720,0.00497
87715000000,21.93644,-10.04170,-0.24937,0.83604,-0.00007,0.00116,-0.54867,0.29375,-0.66883,0.00309
87748000000,21.94555,-10.06232,-0.24928,0.83605,-0.00004,0.00115,-0.54865,0.25474,-0.57682,0.00319
87781000000,21.95445,-10.08219,-0.25001,0.83607,-0.00004,0.00120,-0.54862,0.21810,-0.49014,0.00158
87814000000,21.96056,-10.09608,-0.24979,0.83608,-0.00006,0.00118,-0.54860,0.17812,-0.39689,0.00124
87847000000,21.96602,-10.10805,-0.24974,0.83608,-0.00007,0.00124,-0.54861,0.13908,-0.30685,0.00195
87880000000,21.97111,-10.11981,-0.25045,0.83613,-0.00002,0.00138,-0.54853,0.10229,-0.22157,0.00112
87913000000,21.97346,-10.12521,-0.25024,0.83615,-0.00002,0.00132,-0.54849,0.06307,-0.12941,0.00280
87946000000,21.97521,-10.12906,-0.25024,0.83618,-0.00001,0.00138,-0.54846,0.02433,-0.04045,0.00261
87979000000,21.97562,-10.12999,-0.25022,0.83618,0.00004,0.00141,-0.54845,-0.00739,0.03071,0.00147
88012000000,21.97574,-10.13029,-0.25023,0.83619,0.00006,0.00144,-0.54843,-0.00650,0.02835,0.00170
88045000000,21.97516,-10.13056,-0.25056,0.83622,0.00017,0.00138,-0.54840,-0.00701,0.02619,0.00279
88078000000,21.97604,-10.13198,-0.25061,0.83618,0.00015,0.00147,-0.54845,-0.00474,0.02164,0.00266
88111000000,21.97617,-10.13226,-0.25070,0.83620,0.00012,0.00146,-0.54842,-0.00392,0.01905,0.00204
88144000000,21.97611,-10.13246,-0.25068,0.83621,0.00016,0.00146,-0.54841,-0.00300,0.01823,0.00343
88177000000,21.97620,-10.13279,-0.25066,0.83620,0.00016,0.00151,-0.54842,-0.00355,0.01708,0.00398
88210000000,21.97642,-10.13328,-0.25064,0.83618,0.00019,0.00156,-0.54845,-0.00169,0.01630,0.00400
88243000000,21.97655,-10.13371,-0.25061,0.83619,0.00021,0.00161,-0.54844,-0.00231,0.01507,0.00374
88276000000,21.97661,-10.13412,-0.25057,0.83618,0.00026,0.00159,-0.54845,0.00238,0.00477,0.00482
88309000000,21.97692,-10.13504,-0.25049,0.83620,0.00029,0.00160,-0.54842,0.01179,-0.01717,0.00667
88342000000,21.97736,-10.13694,-0.25033,0.83620,0.00033,0.00166,-0.54842,0.02351,-0.04527,0.00697
88375000000,21.97840,-10.13928,-0.25021,0.83620,0.00031,0.00169,-0.54842,0.03017,-0.06184,0.00580
88408000000,21.97973,-10.14241,-0.25021,0.83617,0.00027,0.00170,-0.54846,0.04320,-0.09041,0.00517
88441000000,21.98096,-10.14557,-0.24997,0.83618,0.00032,0.00174,-0.54846,0.04836,-0.10582,0.00585
88474000000,21.98248,-10.14966,-0.24975,0.83619,0.00033,0.00173,-0.54844,0.06715,-0.15077,0.00716
88507000000,21.98583,-10.15977,-0.25086,0.83622,0.00051,0.00185,-0.54839,0.06861,-0.15744,0.00655
88540000000,21.98829,-10.16301,-0.25046,0.83618,0.00040,0.00181,-0.54845,0.08061,-0.18111,0.00651
88573000000,22.04415,-10.31322,-0.27596,0.83607,0.00258,0.00731,-0.54857,0.17762,-0.42614,-0.02828
88606000000,21.99249,-10.17484,-0.24952,0.83619,0.00035,0.00154,-0.54844,0.09888,-0.23004,0.00656
88639000000,21.99637,-10.18421,-0.24966,0.83616,0.00034,0.00158,-0.54848,0.10795,-0.24959,0.00631
88672000000,22.00221,-10.19676,-0.25031,0.83617,0.00032,0.00178,-0.54846,0.13043,-0.29547,0.00589
88705000000,22.00534,-10.20727,-0.25002,0.83616,0.00048,0.00174,-0.54848,0.13003,-0.30317,0.00709
88738000000,22.01024,-10.21720,-0.24974,0.83613,0.00038,0.00173,-0.54854,0.14512,-0.33219,0.00823
88771000000,22.01508,-10.22913,-0.25014,0.83615,0.00039,0.00179,-0.54850,0.15039,-0.34690,0.00685
88804000000,22.02146,-10.24220,-0.25040,0.83618,0.00032,0.00183,-0.54846,0.16535,-0.37628,0.00699
88837000000,22.02622,-10.25414,-0.25010,0.83619,0.00034,0.00177,-0.54844,0.16981,-0.39056,0.00762
88870000000,22.03126,-10.26818,-0.25017,0.83618,0.00045,0.00179,-0.54846,0.17922,-0.42120,0.00754
88903000000,22.03796,-10.28208,-0.25014,0.83617,0.00038,0.00182,-0.54847,0.19423,-0.44819,0.00729
88936000000,22.04495,-10.29761,-0.25044,0.83617,0.00039,0.00186,-0.54846,0.20270,-0.46522,0.00534
88969000000,22.05242,-10.31419,-0.25064,0.83618,0.00035,0.00201,-0.54845,0.21899,-0.49771,0.00306
89002000000,22.05855,-10.33042,-0.25057,0.83620,0.00043,0.00187,-0.54842,0.22672,-0.52518,0.00248
89035000000,22.06782,-10.34938,-0.25045,0.83619,0.00037,0.00220,-0.54844,0.24487,-0.55822,0.00282
89068000000,22.07440,-10.36608,-0.25090,0.83621,0.00039,0.00191,-0.54841,0.24201,-0.55788,0.00109
89101000000,22.08269,-10.38506,-0.25087,0.83621,0.00035,0.00191,-0.54841,0.25389,-0.58503,0.00237
89134000000,22.09624,-10.41103,-0.25283,0.83617,0.00031,0.00288,-0.54847,0.28560,-0.63619,-0.00315
89167000000,22.09977,-10.42633,-0.25111,0.83623,0.00049,0.00185,-0.54838,0.27388,-0.64035,0.00230
89200000000,22.10911,-10.44687,-0.25120,0.83626,0.00042,0.00175,-0.54834,0.27551,-0.63805,0.00174
89233000000,22.11785,-10.46736,-0.25123,0.83625,0.00041,0.00172,-0.54834,0.26863,-0.62367,0.00200
89266000000,22.12661,-10.48748,-0.25114,0.83626,0.00042,0.00172,-0.54833,0.25972,-0.60138,0.00264
89299000000,22.13454,-10.50672,-0.25112,0.83630,0.00044,0.00165,-0.54826,0.24723,-0.57477,0.00372
89332000000,22.14223,-10.52583,-0.25111,0.83629,0.00052,0.00166,-0.54828,0.23884,-0.55993,0.00469
89365000000,22.14989,-10.54250,-0.25109,0.83634,0.00039,0.00158,-0.54822,0.22713,-0.52776,0.00357
89398000000,22.15688,-10.55881,-0.25102,0.83633,0.00037,0.00151,-0.54822,0.21351,-0.49391,0.00484
89431000000,22.16381,-10.57479,-0.25091,0.83634,0.00042,0.00152,-0.54822,0.20255,-0.46458,0.00390
89464000000,22.16996,-10.58967,-0.25098,0.83635,0.00044,0.00144,-0.54820,0.19789,-0.45682,0.00320
89497000000,22.17629,-10.60394,-0.25088,0.83636,0.00036,0.00147,-0.54819,0.18365,-0.42288,0.00389
89530000000,22.18672,-10.62494,-0.25213,0.83629,0.00058,0.00254,-0.54829,0.18835,-0.42026,0.00193
89563000000,22.18712,-10.62942,-0.25083,0.83636,0.00039,0.00140,-0.54818,0.16310,-0.37463,0.00537
89596000000,22.19176,-10.64081,-0.25091,0.83636,0.00037,0.00128,-0.54818,0.15145,-0.34954,0.00473
89629000000,22.19670,-10.65203,-0.25077,0.83634,0.00038,0.00130,-0.54821,0.14187,-0.32433,0.00633
89662000000,22.20031,-10.66117,-0.25076,0.83631,0.00046,0.00119,-0.54825,0.12792,-0.29226,0.00741
89695000000,22.20474,-10.67053,-0.25062,0.83629,0.00038,0.00129,-0.54828,0.12298,-0.27801,0.00735
89728000000,22.20774,-10.67937,-0.25072,0.83627,0.00045,0.00129,-0.54832,0.10794,-0.25026,0.00602
89761000000,22.21155,-10.68622,-0.25056,0.83629,0.00032,0.00122,-0.54829,0.09638,-0.21990,0.00769
89794000000,22.21410,-10.69217,-0.25074,0.83629,0.00036,0.00111,-0.54829,0.08944,-0.20153,0.00661
89827000000,22.21682,-10.69829,-0.25049,0.83630,0.00033,0.00112,-0.54827,0.07772,-0.17348,0.00756
89860000000,22.21869,-10.70284,-0.25065,0.83629,0.00030,0.00100,-0.54829,0.06646,-0.14993,0.00643
89893000000,22.22098,-10.70754,-0.25048,0.83626,0.00024,0.00104,-0.54834,0.05895,-0.12966,0.00622
89926000000,22.22142,-10.70963,-0.25048,0.83630,0.00030,0.00078,-0.54827,0.04318,-0.09777,0.00428
89959000000,22.22368,-10.71363,-0.25060,0.83628,0.00029,0.00094,-0.54830,0.03812,-0.08105,0.00406
89992000000,22.22465,-10.71572,-0.25050,0.83628,0.00031,0.00101,-0.54831,0.03352,-0.06934,0.00439
90025000000,22.22463,-10.71657,-0.25053,0.83625,0.00034,0.00083,-0.54835,0.03498,-0.07850,0.00418
90058000000,22.22667,-10.72031,-0.25062,0.83625,0.00037,0.00091,-0.54835,0.04747,-0.10396,0.00481
90091000000,22.22675,-10.72253,-0.25044,0.83628,0.00049,0.00065,-0.54830,0.05432,-0.12747,0.00643
90124000000,22.22995,-10.72772,-0.25073,0.83625,0.00040,0.00081,-0.54835,0.06219,-0.13991,0.00529
90157000000,22.23161,-10.73186,-0.25093,0.83628,0.00041,0.00070,-0.54830,0.07013,-0.16159,0.00493
90190000000,22.23412,-10.73757,-0.25082,0.83631,0.00043,0.00071,-0.54826,0.07825,-0.18266,0.00513
90223000000,22.23553,-10.74247,-0.25053,0.83629,0.00048,0.00048,-0.54828,0.08247,-0.19842,0.00627
90256000000,22.23890,-10.75019,-0.25092,0.83626,0.00053,0.00050,-0.54834,0.09573,-0.22643,0.00543
90289000000,22.24247,-10.75755,-0.25108,0.83625,0.00045,0.00050,-0.54834,0.10236,-0.23650,0.00633
90322000000,22.24617,-10.76589,-0.25111,0.83625,0.00047,0.00056,-0.54835,0.11429,-0.25974,0.00565
90355000000,22.25014,-10.77474,-0.25088,0.83625,0.00047,0.00055,-0.54835,0.12141,-0.27337,0.00568
90388000000,22.25421,-10.78434,-0.25074,0.83624,0.00050,0.00050,-0.54837,0.13414,-0.30193,0.00741
90421000000,22.25871,-10.79527,-0.25065,0.83624,0.00062,0.00052,-0.54836,0.14405,-0.33048,0.00671
90454000000,22.26432,-10.80661,-0.25073,0.83626,0.00056,0.00063,-0.54833,0.15164,-0.34402,0.00526
90487000000,22.26970,-10.81871,-0.25072,0.83625,0.00057,0.00067,-0.54835,0.16345,-0.37204,0.00563
90520000000,22.27542,-10.83142,-0.25051,0.83626,0.00050,0.00069,-0.54834,0.17592,-0.39957,0.00761
90553000000,22.28145,-10.84548,-0.25043,0.83627,0.00050,0.00076,-0.54832,0.18398,-0.41952,0.00693
90586000000,22.28782,-10.86071,-0.25046,0.83630,0.00056,0.00080,-0.54827,0.19696,-0.44974,0.00733
90619000000,22.29502,-10.87620,-0.25040,0.83631,0.00051,0.00081,-0.54826,0.20653,-0.46802,0.00677
90652000000,22.30240,-10.89275,-0.25043,0.83631,0.00046,0.00091,-0.54825,0.22441,-0.50704,0.00707
90685000000,22.30987,-10.90954,-0.25023,0.83632,0.00041,0.00086,-0.54823,0.23020,-0.52032,0.00682
90718000000,22.31755,-10.92769,-0.25030,0.83633,0.00052,0.00091,-0.54822,0.23958,-0.54594,0.00620
90751000000,22.32539,-10.94700,-0.25045,0.83635,0.00061,0.00092,-0.54820,0.25035,-0.57611,0.00496
90784000000,22.33409,-10.96565,-0.25053,0.83635,0.00042,0.00090,-0.54820,0.25861,-0.58904,0.00500
90817000000,22.34276,-10.98577,-0.25067,0.83633,0.00046,0.00088,-0.54823,0.26527,-0.60260,0.00358
90850000000,22.35184,-11.00613,-0.25056,0.83629,0.00043,0.00086,-0.54828,0.28105,-0.63650,0.00307
90883000000,22.36115,-11.02800,-0.25077,0.83627,0.00046,0.00089,-0.54831,0.29197,-0.66111,0.00301
90916000000,22.37084,-11.05105,-0.25104,0.83629,0.00054,0.00091,-0.54829,0.30225,-0.69046,0.00134
90949000000,22.38116,-11.07309,-0.25127,0.83627,0.00042,0.00084,-0.54832,0.30951,-0.70107,-0.00038
90982000000,22.39161,-11.09673,-0.25153,0.83626,0.00041,0.00087,-0.54834,0.32232,-0.73013,-0.00085
91015000000,22.40240,-11.12155,-0.25168,0.83627,0.00047,0.00090,-0.54832,0.32818,-0.74603,0.00008
91048000000,22.41332,-11.14733,-0.25179,0.83627,0.00052,0.00093,-0.54832,0.34187,-0.78048,0.00002
91081000000,22.42505,-11.17313,-0.25194,0.83626,0.00045,0.00091,-0.54833,0.35299,-0.80510,-0.00062
91114000000,22.43684,-11.19994,-0.25205,0.83626,0.00046,0.00096,-0.54833,0.35993,-0.81925,-0.00113
91147000000,22.44894,-11.22736,-0.25204,0.83628,0.00049,0.00096,-0.54830,0.37311,-0.84581,-0.00011
91180000000,22.46130,-11.25606,-0.25209,0.83627,0.00054,0.00101,-0.54832,0.38569,-0.87453,-0.00065
91213000000,22.47400,-11.28593,-0.25212,0.83626,0.00068,0.00102,-0.54833,0.39744,-0.90429,0.00080
91246000000,22.48718,-11.31512,-0.25210,0.83626,0.00057,0.00094,-0.54833,0.40479,-0.91554,-0.00010
91279000000,22.50062,-11.34576,-0.25212,0.83625,0.00055,0.00093,-0.54834,0.41519,-0.94304,-0.00133
91312000000,22.51450,-11.37724,-0.25217,0.83622,0.00053,0.00089,-0.54840,0.42614,-0.96944,-0.00050
91345000000,22.52840,-11.40946,-0.25217,0.83621,0.00058,0.00087,-0.54841,0.43048,-0.98272,-0.00037
91378000000,22.54278,-11.44206,-0.25222,0.83619,0.00056,0.00088,-0.54844,0.44139,-1.00932,-0.00070
91411000000,22.55718,-11.47660,-0.25224,0.83619,0.00073,0.00097,-0.54843,0.44995,-1.03320,0.00000
91444000000,22.57231,-11.50989,-0.25228,0.83616,0.00060,0.00091,-0.54849,0.45566,-1.04283,-0.00034
91477000000,22.58736,-11.54481,-0.25233,0.83617,0.00063,0.00088,-0.54848,0.46499,-1.06622,-0.00042
91510000000,22.60286,-11.58008,-0.25236,0.83615,0.00060,0.00090,-0.54849,0.47110,-1.07917,-0.00011
91543000000,22.61846,-11.61617,-0.25239,0.83616,0.00056,0.00090,-0.54848,0.47919,-1.09742,-0.00033
91576000000,22.63454,-11.65280,-0.25243,0.83618,0.00052,0.00091,-0.54846,0.49496,-1.13633,-0.00003
91609000000,22.65113,-11.69097,-0.25254,0.83616,0.00055,0.00094,-0.54849,0.50079,-1.15137,-0.00059
91642000000,22.66786,-11.72896,-0.25248,0.83615,0.00055,0.00095,-0.54849,0.51353,-1.17698,-0.00079
91675000000,22.68514,-11.76811,-0.25262,0.83616,0.00049,0.00093,-0.54848,0.52617,-1.20414,-0.00064
91708000000,22.70241,-11.80826,-0.25274,0.83617,0.00051,0.00093,-0.54847,0.53166,-1.21755,-0.00144
91741000000,22.72016,-11.84897,-0.25297,0.83616,0.00052,0.00099,-0.54849,0.54025,-1.24036,-0.00226
91774000000,22.73807,-11.88988,-0.25299,0.83614,0.00047,0.00101,-0.54852,0.54695,-1.25323,-0.00189
91807000000,22.75662,-11.93220,-0.25327,0.83615,0.00053,0.00103,-0.54851,0.55975,-1.28194,-0.00144
91840000000,22.77512,-11.97458,-0.25320,0.83614,0.00052,0.00097,-0.54852,0.57208,-1.30788,-0.00182
91873000000,22.79445,-12.01825,-0.25330,0.83614,0.00050,0.00097,-0.54852,0.57924,-1.32112,-0.00093
91906000000,22.81351,-12.06212,-0.25334,0.83614,0.00048,0.00091,-0.54851,0.59289,-1.35002,-0.00154
91939000000,22.83339,-12.10759,-0.25328,0.83613,0.00049,0.00095,-0.54853,0.59955,-1.36978,-0.00145
91972000000,22.85323,-12.15253,-0.25340,0.83613,0.00054,0.00090,-0.54853,0.59937,-1.36924,-0.00093
92005000000,22.87360,-12.19835,-0.25346,0.83616,0.00052,0.00095,-0.54848,0.60057,-1.37072,-0.00035
92038000000,22.89299,-12.24308,-0.25349,0.83619,0.00054,0.00090,-0.54844,0.59984,-1.36884,0.00022
92071000000,22.91318,-12.28855,-0.25349,0.83618,0.00055,0.00096,-0.54846,0.60126,-1.36934,-0.00016
92104000000,22.93282,-12.33355,-0.25346,0.83616,0.00052,0.00094,-0.54848,0.60038,-1.36954,0.00035
92137000000,22.95294,-12.37886,-0.25355,0.83618,0.00052,0.00101,-0.54846,0.60037,-1.36909,0.00071
92170000000,22.97262,-12.42393,-0.25360,0.83619,0.00055,0.00099,-0.54843,0.60065,-1.36865,-0.00055
92203000000,22.99315,-12.46991,-0.25375,0.83620,0.00061,0.00106,-0.54842,0.60202,-1.37125,-0.00093
92236000000,23.01239,-12.51445,-0.25372,0.83618,0.00067,0.00102,-0.54845,0.60024,-1.37016,-0.00012
92269000000,23.03262,-12.56023,-0.25384,0.83620,0.00069,0.00111,-0.54842,0.60235,-1.37170,0.00015
92302000000,23.05216,-12.60506,-0.25377,0.83620,0.00070,0.00109,-0.54842,0.60254,-1.37162,0.00123
92335000000,23.07238,-12.65099,-0.25379,0.83625,0.00072,0.00114,-0.54835,0.60379,-1.37376,0.00149
92368000000,23.09195,-12.69583,-0.25380,0.83624,0.00070,0.00110,-0.54835,0.60388,-1.37297,0.00064
92401000000,23.11225,-12.74185,-0.25393,0.83627,0.00071,0.00118,-0.54832,0.60569,-1.37357,-0.00138
92434000000,23.13162,-12.78645,-0.25391,0.83626,0.00076,0.00107,-0.54833,0.60539,-1.37266,-0.00227
92467000000,23.15159,-12.83207,-0.25406,0.83625,0.00079,0.00113,-0.54834,0.60672,-1.37309,-0.00231
92500000000,23.17134,-12.87710,-0.25408,0.83625,0.00081,0.00116,-0.54834,0.60659,-1.37085,-0.00249
92533000000,23.19151,-12.92287,-0.25420,0.83625,0.00077,0.00115,-0.54835,0.60666,-1.37311,-0.00324
92566000000,23.21106,-12.96767,-0.25432,0.83627,0.00079,0.00111,-0.54831,0.60601,-1.37204,-0.00330
92599000000,23.23136,-13.01360,-0.25445,0.83626,0.00085,0.00117,-0.54833,0.60665,-1.37405,-0.00330
92632000000,23.25079,-13.05813,-0.25455,0.83627,0.00087,0.00110,-0.54831,0.60543,-1.37296,-0.00398
92665000000,23.27100,-13.10401,-0.25468,0.83627,0.00089,0.00110,-0.54831,0.60549,-1.37381,-0.00442
92698000000,23.29059,-13.14894,-0.25484,0.83631,0.00091,0.00110,-0.54826,0.60541,-1.37154,-0.00504
92731000000,23.31103,-13.19516,-0.25504,0.83631,0.00091,0.00113,-0.54826,0.60701,-1.37293,-0.00615
92764000000,23.33062,-13.23989,-0.25519,0.83634,0.00087,0.00111,-0.54821,0.60568,-1.37210,-0.00479
92797000000,23.35079,-13.28578,-0.25538,0.83634,0.00087,0.00116,-0.54821,0.60752,-1.37346,-0.00387
92830000000,23.37060,-13.33048,-0.25565,0.83635,0.00086,0.00109,-0.54820,0.60686,-1.37358,-0.00442
92863000000,23.39052,-13.37626,-0.25585,0.83637,0.00092,0.00111,-0.54816,0.60705,-1.37506,-0.00482
92896000000,23.41021,-13.42125,-0.25607,0.83635,0.00089,0.00108,-0.54820,0.60816,-1.37482,-0.00522
92929000000,23.43009,-13.46709,-0.25609,0.83635,0.00091,0.00111,-0.54819,0.60820,-1.37608,-0.00406
92962000000,23.44969,-13.51202,-0.25617,0.83635,0.00092,0.00110,-0.54820,0.60703,-1.37579,-0.00432
92995000000,23.46973,-13.55805,-0.25624,0.83635,0.00095,0.00112,-0.54820,0.60635,-1.37667,-0.00578
93028000000,23.48868,-13.60248,-0.25627,0.83634,0.00100,0.00106,-0.54821,0.60469,-1.37416,-0.00594
93061000000,23.50821,-13.64812,-0.25628,0.83633,0.00099,0.00106,-0.54822,0.60335,-1.37420,-0.00528
93094000000,23.52793,-13.69319,-0.25641,0.83633,0.00098,0.00110,-0.54822,0.60306,-1.37286,-0.00607
93127000000,23.54798,-13.73933,-0.25634,0.83629,0.00105,0.00115,-0.54828,0.60403,-1.37525,-0.00522
93160000000,23.56745,-13.78405,-0.25652,0.83631,0.00101,0.00113,-0.54826,0.60373,-1.37476,-0.00577
93193000000,23.58757,-13.83042,-0.25657,0.83627,0.00100,0.00112,-0.54832,0.60450,-1.37682,-0.00552
93226000000,23.60702,-13.87507,-0.25679,0.83625,0.00096,0.00112,-0.54834,0.60358,-1.37613,-0.00542
93259000000,23.62672,-13.92112,-0.25666,0.83627,0.00104,0.00112,-0.54832,0.60345,-1.37687,-0.00407
93292000000,23.64624,-13.96595,-0.25681,0.83626,0.00108,0.00106,-0.54833,0.60230,-1.37811,-0.00602
93325000000,23.66646,-14.01231,-0.25681,0.83629,0.00104,0.00113,-0.54828,0.60378,-1.38028,-0.00630
93358000000,23.68604,-14.05716,-0.25700,0.83630,0.00102,0.00104,-0.54828,0.60321,-1.37820,-0.00642
93391000000,23.70674,-14.10431,-0.25714,0.83627,0.00103,0.00115,-0.54831,0.60498,-1.38206,-0.00764
93424000000,23.72603,-14.14831,-0.25738,0.83626,0.00100,0.00106,-0.54832,0.60346,-1.37871,-0.00780
93457000000,23.74568,-14.19417,-0.25719,0.83629,0.00098,0.00108,-0.54828,0.60319,-1.38073,-0.00697
93490000000,23.76538,-14.24011,-0.25708,0.83630,0.00105,0.00107,-0.54828,0.60310,-1.38351,-0.00761
93523000000,23.78484,-14.28595,-0.25701,0.83629,0.00106,0.00101,-0.54828,0.60206,-1.38399,-0.00661
93556000000,23.80420,-14.33041,-0.25713,0.83626,0.00101,0.00093,-0.54833,0.60137,-1.38239,-0.00675
93589000000,23.82354,-14.37587,-0.25710,0.83628,0.00105,0.00085,-0.54831,0.60062,-1.38226,-0.00764
93622000000,23.84401,-14.42212,-0.25727,0.83629,0.00105,0.00093,-0.54829,0.60275,-1.38544,-0.00657
93655000000,23.86385,-14.46738,-0.25727,0.83626,0.00104,0.00090,-0.54833,0.60245,-1.38474,-0.00645
93688000000,23.88361,-14.51276,-0.25731,0.83640,0.00103,0.00088,-0.54812,0.60865,-1.39012,-0.00538
93721000000,23.90386,-14.55846,-0.25734,0.83667,0.00098,0.00085,-0.54771,0.61494,-1.39285,-0.00569
93754000000,23.92420,-14.60426,-0.25739,0.83716,0.00097,0.00082,-0.54695,0.62698,-1.39659,-0.00573
93787000000,23.94489,-14.64996,-0.25744,0.83787,0.00097,0.00081,-0.54587,0.63675,-1.39448,-0.00603
93820000000,23.96605,-14.69588,-0.25762,0.83873,0.00095,0.00082,-0.54454,0.65143,-1.39565,-0.00593
93853000000,23.98750,-14.74148,-0.25766,0.83989,0.00091,0.00078,-0.54275,0.66870,-1.39449,-0.00593
93886000000,24.00991,-14.78760,-0.25784,0.84134,0.00092,0.00079,-0.54050,0.68885,-1.39358,-0.00542
93919000000,24.03274,-14.83308,-0.25795,0.84310,0.00096,0.00080,-0.53776,0.70817,-1.38893,-0.00467
93952000000,24.05622,-14.87872,-0.25793,0.84513,0.00099,0.00079,-0.53457,0.73220,-1.38371,-0.00329
93985000000,24.08077,-14.92420,-0.25801,0.84755,0.00101,0.00080,-0.53071,0.76185,-1.37530,-0.00354
94018000000,24.10627,-14.96925,-0.25818,0.85007,0.00097,0.00088,-0.52667,0.77693,-1.35432,-0.00448
94051000000,24.13197,-15.01362,-0.25818,0.85255,0.00099,0.00091,-0.52265,0.79088,-1.33591,-0.00410
94084000000,24.15846,-15.05771,-0.25834,0.85485,0.00098,0.00089,-0.51888,0.80124,-1.31892,-0.00406
94117000000,24.18468,-15.10064,-0.25828,0.85696,0.00097,0.00081,-0.51538,0.80762,-1.30012,-0.00381
94150000000,24.21138,-15.14331,-0.25834,0.85887,0.00096,0.00081,-0.51219,0.81272,-1.28706,-0.00293
94183000000,24.23831,-15.18537,-0.25865,0.86053,0.00093,0.00078,-0.50940,0.81480,-1.27461,-0.00396
94216000000,24.26496,-15.22751,-0.25873,0.86187,0.00100,0.00077,-0.50712,0.80844,-1.27038,-0.00307
94249000000,24.29168,-15.26971,-0.25858,0.86320,0.00102,0.00082,-0.50486,0.82128,-1.26827,-0.00155
94282000000,24.31932,-15.31130,-0.25862,0.86472,0.00103,0.00079,-0.50225,0.84558,-1.25871,-0.00034
94315000000,24.34725,-15.35290,-0.25864,0.86642,0.00107,0.00084,-0.49931,0.85672,-1.25554,0.00098
94348000000,24.37591,-15.39434,-0.25861,0.86831,0.00109,0.00083,-0.49602,0.87527,-1.25221,0.00104
94381000000,24.40492,-15.43574,-0.25869,0.87040,0.00114,0.00074,-0.49235,0.89461,-1.24621,0.00072
94414000000,24.43482,-15.47676,-0.25860,0.87278,0.00114,0.00076,-0.48811,0.91643,-1.23812,0.00135
94447000000,24.46503,-15.51757,-0.25858,0.87532,0.00116,0.00075,-0.48354,0.93930,-1.22637,0.00082
94480000000,24.49618,-15.55807,-0.25873,0.87816,0.00118,0.00077,-0.47836,0.96210,-1.21300,0.00039
94513000000,24.52819,-15.59810,-0.25881,0.88116,0.00120,0.00077,-0.47281,0.98680,-1.19817,-0.00012
94546000000,24.56099,-15.63749,-0.25895,0.88443,0.00124,0.00079,-0.46668,1.01533,-1.17994,-0.00019
94579000000,24.59485,-15.67638,-0.25910,0.88793,0.00127,0.00076,-0.45997,1.04278,-1.16019,-0.00071
94612000000,24.62960,-15.71450,-0.25925,0.89148,0.00128,0.00078,-0.45306,1.06278,-1.13537,-0.00150
94645000000,24.66479,-15.75147,-0.25933,0.89483,0.00133,0.00078,-0.44640,1.07649,-1.11153,-0.00116
94678000000,24.70053,-15.78786,-0.25951,0.89799,0.00136,0.00083,-0.44002,1.08868,-1.08963,-0.00098
94711000000,24.73652,-15.82338,-0.25954,0.90092,0.00143,0.00077,-0.43399,1.09949,-1.07065,-0.00111
94744000000,24.77287,-15.85834,-0.25959,0.90361,0.00148,0.00076,-0.42834,1.10666,-1.05372,-0.00096
94777000000,24.80927,-15.89286,-0.25959,0.90604,0.00149,0.00074,-0.42319,1.10119,-1.05116,-0.00020
94810000000,24.84585,-15.92713,-0.25957,0.90831,0.00152,0.00073,-0.41830,1.12532,-1.02982,-0.00013
94843000000,24.88328,-15.96077,-0.25956,0.91079,0.00154,0.00071,-0.41288,1.13947,-1.01553,0.00005
94876000000,24.92123,-15.99394,-0.25955,0.91333,0.00153,0.00071,-0.40722,1.15682,-1.00048,0.00101
94909000000,24.95971,-16.02645,-0.25947,0.91601,0.00150,0.00069,-0.40114,1.17405,-0.98107,0.00262
94942000000,24.99879,-16.05841,-0.25938,0.91888,0.00147,0.00071,-0.39454,1.19423,-0.96030,0.00279
94975000000,25.03837,-16.08946,-0.25926,0.92194,0.00144,0.00068,-0.38733,1.21430,-0.93562,0.00272
95008000000,25.07870,-16.11958,-0.25917,0.92513,0.00141,0.00065,-0.37964,1.23422,-0.90679,0.00315
95041000000,25.11959,-16.14875,-0.25912,0.92842,0.00145,0.00062,-0.37152,1.25386,-0.87553,0.00304
95074000000,25.16132,-16.17696,-0.25917,0.93186,0.00145,0.00059,-0.36282,1.27421,-0.84248,0.00236
95107000000,25.20370,-16.20400,-0.25916,0.93539,0.00143,0.00061,-0.35362,1.29590,-0.80595,0.00103
95140000000,25.24675,-16.22969,-0.25917,0.93907,0.00141,0.00057,-0.34372,1.31709,-0.76526,-0.00004
95173000000,25.29056,-16.25393,-0.25922,0.94287,0.00140,0.00048,-0.33315,1.33829,-0.72166,-0.00047
95206000000,25.33523,-16.27664,-0.25934,0.94676,0.00131,0.00050,-0.32195,1.36010,-0.67354,-0.00067
95239000000,25.38050,-16.29782,-0.25945,0.95069,0.00126,0.00049,-0.31015,1.37874,-0.62261,-0.00192
95272000000,25.42639,-16.31728,-0.25952,0.95466,0.00122,0.00044,-0.29768,1.39665,-0.57118,-0.00182
95305000000,25.47287,-16.33502,-0.25958,0.95863,0.00115,0.00042,-0.28466,1.41262,-0.51472,-0.00213
95338000000,25.51984,-16.35098,-0.25962,0.96257,0.00120,0.00042,-0.27104,1.42980,-0.46023,-0.00213
95371000000,25.56737,-16.36522,-0.25961,0.96629,0.00119,0.00038,-0.25746,1.44896,-0.41040,-0.00121
95404000000,25.61559,-16.37785,-0.25960,0.96977,0.00117,0.00042,-0.24403,1.46837,-0.36228,-0.00158
95437000000,25.66430,-16.38892,-0.25960,0.97300,0.00116,0.00039,-0.23082,1.48623,-0.31627,-0.00170
95470000000,25.71371,-16.39863,-0.25965,0.97598,0.00113,0.00042,-0.21787,1.50209,-0.27495,-0.00175
95503000000,25.76365,-16.40716,-0.25962,0.97874,0.00117,0.00043,-0.20509,1.52015,-0.23426,-0.00055
95536000000,25.81419,-16.41434,-0.25962,0.98128,0.00120,0.00047,-0.19260,1.53650,-0.19758,-0.00086
95569000000,25.86525,-16.42028,-0.25958,0.98360,0.00115,0.00048,-0.18035,1.55342,-0.16089,-0.00022
95602000000,25.91674,-16.42517,-0.25955,0.98570,0.00115,0.00051,-0.16851,1.55409,-0.14445,-0.00117
95635000000,25.96779,-16.42936,-0.25958,0.98754,0.00116,0.00047,-0.15738,1.53765,-0.10834,-0.00155
95668000000,26.01833,-16.43237,-0.25967,0.98923,0.00121,0.00048,-0.14638,1.51873,-0.07565,-0.00210
95701000000,26.06828,-16.43447,-0.25979,0.99076,0.00122,0.00049,-0.13564,1.50110,-0.04741,-0.00250
95734000000,26.11768,-16.43567,-0.25993,0.99214,0.00124,0.00053,-0.12514,1.48302,-0.02087,-0.00322
95767000000,26.16663,-16.43605,-0.26006,0.99337,0.00120,0.00058,-0.11496,1.46473,0.00162,-0.00348
95800000000,26.21497,-16.43579,-0.26023,0.99446,0.00116,0.00061,-0.10512,1.44685,0.02079,-0.00425
95833000000,26.26265,-16.43491,-0.26040,0.99541,0.00119,0.00068,-0.09574,1.42648,0.03689,-0.00537
95866000000,26.30973,-16.43358,-0.26059,0.99623,0.00118,0.00074,-0.08677,1.40848,0.04835,-0.00609
95899000000,26.35613,-16.43193,-0.26078,0.99693,0.00121,0.00076,-0.07826,1.38996,0.05792,-0.00615
95932000000,26.40187,-16.43003,-0.26097,0.99753,0.00123,0.00076,-0.07023,1.37251,0.06423,-0.00683
95965000000,26.44717,-16.42789,-0.26113,0.99803,0.00128,0.00075,-0.06279,1.36514,0.06814,-0.00642
95998000000,26.49210,-16.42557,-0.26123,0.99844,0.00132,0.00078,-0.05580,1.35035,0.06887,-0.00563
96031000000,26.53651,-16.42323,-0.26131,0.99878,0.00134,0.00076,-0.04941,1.33525,0.06841,-0.00592
96064000000,26.58055,-16.42089,-0.26137,0.99905,0.00132,0.00074,-0.04352,1.32510,0.06621,-0.00480
96097000000,26.62398,-16.41883,-0.26154,0.99927,0.00130,0.00075,-0.03826,1.30815,0.06083,-0.00561
96130000000,26.66699,-16.41677,-0.26156,0.99943,0.00129,0.00074,-0.03358,1.29883,0.05423,-0.00622
96163000000,26.70988,-16.41518,-0.26176,0.99956,0.00133,0.00076,-0.02949,1.29350,0.04505,-0.00679
96196000000,26.75223,-16.41372,-0.26174,0.99966,0.00133,0.00070,-0.02599,1.28097,0.03262,-0.00626
96229000000,26.79495,-16.41277,-0.26195,0.99973,0.00132,0.00062,-0.02311,1.30661,0.02099,-0.00656
96262000000,26.83840,-16.41209,-0.26188,0.99979,0.00132,0.00057,-0.02067,1.33244,0.01107,-0.00512
96295000000,26.88287,-16.41191,-0.26213,0.99982,0.00132,0.00058,-0.01866,1.35583,0.00148,-0.00527
96328000000,26.92801,-16.41181,-0.26199,0.99985,0.00135,0.00060,-0.01704,1.37865,-0.00566,-0.00343
96361000000,26.97393,-16.41207,-0.26214,0.99988,0.00136,0.00059,-0.01568,1.40248,-0.01382,-0.00427
96394000000,27.02070,-16.41245,-0.26229,0.99989,0.00135,0.00057,-0.01454,1.42613,-0.01938,-0.00517
96427000000,27.06808,-16.41264,-0.26209,0.99991,0.00124,0.00053,-0.01362,1.44861,-0.02182,-0.00487
96460000000,27.11639,-16.41334,-0.26226,0.99992,0.00121,0.00055,-0.01283,1.47041,-0.02366,-0.00489
96493000000,27.16539,-16.41392,-0.26235,0.99993,0.00118,0.00053,-0.01209,1.49174,-0.02360,-0.00438
96526000000,27.21486,-16.41403,-0.26201,0.99993,0.00112,0.00049,-0.01138,1.49499,-0.02225,-0.00328
96559000000,27.26439,-16.41474,-0.26224,0.99994,0.00112,0.00041,-0.01064,1.49477,-0.02210,-0.00305
96592000000,27.31389,-16.41478,-0.26188,0.99995,0.00103,0.00038,-0.00995,1.49548,-0.01999,-0.00222
96625000000,27.36327,-16.41533,-0.26193,0.99996,0.00101,0.00038,-0.00929,1.49548,-0.01885,-0.00326
96658000000,27.41272,-16.41538,-0.26168,0.99996,0.00093,0.00037,-0.00867,1.49521,-0.01757,-0.00258
96691000000,27.46206,-16.41609,-0.26181,0.99997,0.00095,0.00041,-0.00805,1.49528,-0.01801,-0.00280
96724000000,27.51157,-16.41614,-0.26161,0.99997,0.00093,0.00039,-0.00745,1.49611,-0.01734,-0.00366
96757000000,27.56106,-16.41671,-0.26181,0.99998,0.00095,0.00042,-0.00684,1.49513,-0.01652,-0.00432
96790000000,27.61056,-16.41668,-0.26178,0.99998,0.00093,0.00045,-0.00637,1.49661,-0.01443,-0.00408
96823000000,27.65995,-16.41725,-0.26188,0.99998,0.00093,0.00044,-0.00588,1.49655,-0.01376,-0.00402
96856000000,27.70887,-16.41727,-0.26172,0.99998,0.00095,0.00039,-0.00541,1.49410,-0.01288,-0.00448
96889000000,27.75827,-16.41759,-0.26188,0.99999,0.00094,0.00036,-0.00495,1.49373,-0.01301,-0.00506
96922000000,27.80709,-16.41731,-0.26173,0.99999,0.00095,0.00026,-0.00451,1.49316,-0.01023,-0.00646
96955000000,27.85640,-16.41775,-0.26201,0.99999,0.00088,0.00032,-0.00403,1.49289,-0.01074,-0.00846
96988000000,27.90514,-16.41725,-0.26195,0.99999,0.00082,0.00024,-0.00357,1.49108,-0.00808,-0.00911
97021000000,27.95455,-16.41752,-0.26225,0.99999,0.00083,0.00027,-0.00312,1.49045,-0.00871,-0.00935
97054000000,28.00323,-16.41721,-0.26221,1.00000,0.00083,0.00025,-0.00269,1.48993,-0.00867,-0.00917
97087000000,28.05246,-16.41743,-0.26245,1.00000,0.00082,0.00024,-0.00234,1.49050,-0.00748,-0.00952
97120000000,28.10144,-16.41686,-0.26232,1.00000,0.00076,0.00015,-0.00197,1.48997,-0.00513,-0.00723
97153000000,28.15097,-16.41689,-0.26259,1.00000,0.00070,0.00015,-0.00158,1.49008,-0.00507,-0.00773
97186000000,28.20037,-16.41614,-0.26227,1.00000,0.00070,0.00010,-0.00120,1.49102,-0.00278,-0.00709
97219000000,28.24945,-16.41616,-0.26247,1.00000,0.00067,0.00011,-0.00086,1.48989,-0.00235,-0.00729
97252000000,28.29879,-16.41538,-0.26225,1.00000,0.00065,0.00004,-0.00055,1.48945,0.00044,-0.00559
97285000000,28.34798,-16.41543,-0.26252,1.00000,0.00065,0.00002,-0.00021,1.48978,0.00024,-0.00557
97318000000,28.39746,-16.41477,-0.26233,1.00000,0.00061,-0.00000,0.00011,1.49070,0.00106,-0.00474
97351000000,28.44658,-16.41473,-0.26255,1.00000,0.00062,-0.00004,0.00043,1.49043,0.00126,-0.00600
97384000000,28.49609,-16.41408,-0.26247,1.00000,0.00060,-0.00005,0.00079,1.49133,0.00161,-0.00401
97417000000,28.54529,-16.41390,-0.26246,1.00000,0.00063,-0.00004,0.00108,1.49099,0.00303,-0.00289
97450000000,28.59423,-16.41343,-0.26211,1.00000,0.00061,-0.00003,0.00137,1.49051,0.00379,-0.00238
97483000000,28.64357,-16.41329,-0.26225,1.00000,0.00062,-0.00004,0.00169,1.48992,0.00406,-0.00256
97516000000,28.69231,-16.41284,-0.26192,1.00000,0.00055,-0.00012,0.00195,1.48869,0.00524,-0.00289
97549000000,28.74144,-16.41258,-0.26204,1.00000,0.00052,-0.00007,0.00219,1.48762,0.00602,-0.00489
97582000000,28.79086,-16.41214,-0.26196,1.00000,0.00049,-0.00005,0.00244,1.48854,0.00527,-0.00501
97615000000,28.84008,-16.41196,-0.26220,1.00000,0.00050,-0.00010,0.00269,1.48874,0.00568,-0.00458
97648000000,28.88914,-16.41119,-0.26210,1.00000,0.00048,-0.00007,0.00291,1.48841,0.00631,-0.00530
97681000000,28.93807,-16.41106,-0.26226,0.99999,0.00049,-0.00006,0.00313,1.48825,0.00777,-0.00590
97714000000,28.98696,-16.41015,-0.26215,0.99999,0.00048,-0.00010,0.00334,1.48698,0.00939,-0.00568
97747000000,29.03612,-16.40972,-0.26234,0.99999,0.00045,-0.00013,0.00358,1.48666,0.01024,-0.00623
97813000000,29.13392,-16.40858,-0.26252,0.99999,0.00046,-0.00017,0.00393,1.48503,0.01128,-0.00550
97846000000,29.18253,-16.40854,-0.26277,0.99999,0.00050,-0.00020,0.00411,1.48471,0.01052,-0.00602
97879000000,29.23137,-16.40750,-0.26271,0.99999,0.00049,-0.00023,0.00429,1.48379,0.01106,-0.00491
97912000000,29.28045,-16.40708,-0.26285,0.99999,0.00050,-0.00023,0.00446,1.48384,0.01021,-0.00588
97945000000,29.32976,-16.40596,-0.26280,0.99999,0.00048,-0.00028,0.00459,1.48380,0.01094,-0.00487
97978000000,29.37892,-16.40547,-0.26288,0.99999,0.00044,-0.00028,0.00469,1.48399,0.01010,-0.00411
98011000000,29.42830,-16.40450,-0.26263,0.99999,0.00039,-0.00026,0.00486,1.48314,0.01107,-0.00176
98044000000,29.47724,-16.40405,-0.26270,0.99999,0.00040,-0.00029,0.00495,1.48363,0.01069,-0.00190
98077000000,29.52660,-16.40292,-0.26240,0.99999,0.00039,-0.00025,0.00514,1.48435,0.01302,-0.00019
98110000000,29.57575,-16.40238,-0.26254,0.99999,0.00036,-0.00024,0.00526,1.48500,0.01418,-0.00043
98143000000,29.62497,-16.40127,-0.26221,0.99999,0.00029,-0.00030,0.00541,1.48507,0.01483,-0.00009
98176000000,29.67384,-16.40082,-0.26224,0.99998,0.00035,-0.00030,0.00559,1.48490,0.01496,0.00054
98209000000,29.72294,-16.39947,-0.26208,0.99998,0.00028,-0.00035,0.00567,1.48564,0.01545,0.00176
98242000000,29.77183,-16.39895,-0.26188,0.99998,0.00028,-0.00035,0.00578,1.48522,0.01627,0.00192
98275000000,29.82113,-16.39774,-0.26158,0.99998,0.00021,-0.00031,0.00596,1.48583,0.01686,0.00389
98308000000,29.87047,-16.39721,-0.26143,0.99998,0.00020,-0.00031,0.00610,1.48505,0.01647,0.00335
98341000000,29.91939,-16.39625,-0.26108,0.99998,0.00015,-0.00029,0.00620,1.48541,0.01631,0.00471
98374000000,29.96850,-16.39564,-0.26100,0.99998,0.00014,-0.00034,0.00628,1.48585,0.01617,0.00449
98407000000,30.01767,-16.39467,-0.26073,0.99998,0.00015,-0.00034,0.00637,1.48601,0.01770,0.00460
98440000000,30.06668,-16.39408,-0.26057,0.99998,0.00012,-0.00029,0.00647,1.48608,0.01748,0.00421
98473000000,30.11586,-16.39313,-0.26034,0.99998,0.00015,-0.00028,0.00658,1.48549,0.01783,0.00398
98506000000,30.16482,-16.39263,-0.26017,0.99998,0.00018,-0.00027,0.00667,1.48544,0.01689,0.00494
98539000000,30.21431,-16.39138,-0.25993,0.99998,0.00009,-0.00029,0.00677,1.48587,0.01881,0.00533
98572000000,30.26341,-16.39064,-0.25985,0.99998,0.00005,-0.00032,0.00687,1.48654,0.02009,0.00525
98605000000,30.31275,-16.38960,-0.25973,0.99998,0.00004,-0.00031,0.00700,1.48679,0.02082,0.00481
98671000000,30.41097,-16.38837,-0.25939,0.99997,0.00008,-0.00028,0.00721,1.48665,0.02107,0.00554
98704000000,30.46003,-16.38765,-0.25928,0.99997,0.00011,-0.00029,0.00728,1.48680,0.02147,0.00509
98770000000,30.55812,-16.38626,-0.25900,0.99997,0.00010,-0.00037,0.00743,1.48683,0.02134,0.00430
98803000000,30.60703,-16.38557,-0.25884,0.99997,0.00011,-0.00036,0.00746,1.48658,0.02216,0.00549
98836000000,30.65590,-16.38483,-0.25866,0.99997,0.00008,-0.00035,0.00748,1.48667,0.02222,0.00597
98869000000,30.70505,-16.38402,-0.25846,0.99997,0.00001,-0.00038,0.00753,1.48691,0.02285,0.00672
98902000000,30.75386,-16.38317,-0.25831,0.99997,0.00002,-0.00035,0.00758,1.48594,0.02333,0.00651
98935000000,30.80266,-16.38236,-0.25810,0.99997,0.00003,-0.00038,0.00765,1.48531,0.02507,0.00498
98968000000,30.85152,-16.38130,-0.25804,0.99997,-0.00003,-0.00038,0.00777,1.48487,0.02717,0.00466
99001000000,30.90080,-16.38041,-0.25798,0.99997,-0.00000,-0.00039,0.00781,1.48477,0.02821,0.00401
99034000000,30.95009,-16.37940,-0.25793,0.99997,-0.00004,-0.00044,0.00790,1.48476,0.02877,0.00461
99067000000,30.99932,-16.37843,-0.25790,0.99997,-0.00004,-0.00048,0.00793,1.48488,0.03057,0.00501
99100000000,31.04860,-16.37728,-0.25794,0.99997,-0.00009,-0.00051,0.00797,1.48643,0.03057,0.00487
99133000000,31.09773,-16.37616,-0.25778,0.99997,-0.00016,-0.00045,0.00801,1.48558,0.03244,0.00601
99166000000,31.14729,-16.37497,-0.25778,0.99997,-0.00017,-0.00047,0.00805,1.48727,0.03381,0.00608
99199000000,31.19647,-16.37381,-0.25759,0.99997,-0.00017,-0.00047,0.00807,1.48725,0.03449,0.00694
99232000000,31.24577,-16.37270,-0.25754,0.99997,-0.00015,-0.00043,0.00812,1.48692,0.03389,0.00657
99265000000,31.29487,-16.37172,-0.25740,0.99997,-0.00010,-0.00044,0.00816,1.48760,0.03370,0.00700
99298000000,31.34368,-16.37064,-0.25747,0.99997,-0.00009,-0.00044,0.00824,1.48763,0.03341,0.00653
99331000000,31.39287,-16.36969,-0.25723,0.99997,-0.00012,-0.00042,0.00830,1.48689,0.03413,0.00753
99364000000,31.44224,-16.36878,-0.25718,0.99997,-0.00007,-0.00043,0.00834,1.48828,0.03446,0.00769
99397000000,31.49149,-16.36789,-0.25694,0.99996,-0.00001,-0.00040,0.00839,1.48742,0.03327,0.00979
99430000000,31.54091,-16.36721,-0.25691,0.99996,0.00000,-0.00039,0.00841,1.48867,0.03223,0.01030
99463000000,31.59012,-16.36598,-0.25660,0.99996,-0.00004,-0.00042,0.00848,1.48967,0.03255,0.01062
99529000000,31.68895,-16.36408,-0.25625,0.99996,-0.00001,-0.00042,0.00856,1.49040,0.03301,0.01139
99562000000,31.73803,-16.36304,-0.25583,0.99996,0.00002,-0.00042,0.00862,1.48965,0.03272,0.01298
99595000000,31.78757,-16.36232,-0.25579,0.99996,0.00000,-0.00041,0.00862,1.49131,0.03110,0.01355
99628000000,31.83670,-16.36126,-0.25529,0.99996,0.00002,-0.00044,0.00865,1.49004,0.03066,0.01383
99661000000,31.88633,-16.36065,-0.25532,0.99996,0.00005,-0.00046,0.00869,1.49013,0.02979,0.01181
99694000000,31.93529,-16.35972,-0.25499,0.99996,0.00006,-0.00051,0.00870,1.48960,0.03042,0.01334
99727000000,31.98483,-16.35895,-0.25501,0.99996,0.00005,-0.00048,0.00871,1.49022,0.03027,0.01358
99760000000,32.03400,-16.35793,-0.25444,0.99996,0.00009,-0.00048,0.00872,1.49042,0.03084,0.01429
99793000000,32.08290,-16.35713,-0.25451,0.99996,0.00007,-0.00047,0.00876,1.48945,0.03023,0.01404
99826000000,32.13214,-16.35608,-0.25402,0.99996,0.00004,-0.00044,0.00880,1.49004,0.03001,0.01505
99859000000,32.18131,-16.35520,-0.25416,0.99996,0.00007,-0.00045,0.00880,1.48913,0.03042,0.01415
99892000000,32.23056,-16.35419,-0.25376,0.99996,0.00004,-0.00044,0.00883,1.48877,0.03068,0.01340
99925000000,32.27950,-16.35333,-0.25388,0.99996,0.00003,-0.00041,0.00885,1.48961,0.03036,0.01231
99958000000,32.32857,-16.35243,-0.25335,0.99996,0.00006,-0.00040,0.00888,1.48969,0.02996,0.01404
99991000000,32.37746,-16.35165,-0.25342,0.99996,0.00003,-0.00041,0.00886,1.48913,0.02884,0.01434
100024000000,32.42661,-16.35064,-0.25296,0.99996,0.00008,-0.00040,0.00887,1.48950,0.02922,0.01461
100057000000,32.47556,-16.34974,-0.25299,0.99996,0.00010,-0.00039,0.00885,1.48839,0.02906,0.01411
100090000000,32.52475,-16.34879,-0.25253,0.99996,0.00008,-0.00036,0.00882,1.48926,0.02989,0.01451
100123000000,32.57363,-16.34792,-0.25251,0.99996,0.00009,-0.00038,0.00887,1.48847,0.02973,0.01293
100156000000,32.62292,-16.34693,-0.25206,0.99996,0.00013,-0.00038,0.00886,1.48801,0.03013,0.01311
100189000000,32.67223,-16.34603,-0.25223,0.99996,0.00015,-0.00037,0.00889,1.48776,0.02966,0.01146
100222000000,32.72136,-16.34498,-0.25190,0.99996,0.00015,-0.00036,0.00891,1.48678,0.03034,0.01145
100255000000,32.77045,-16.34405,-0.25209,0.99996,0.00021,-0.00036,0.00887,1.48792,0.02885,0.01078
100288000000,32.81964,-16.34311,-0.25168,0.99996,0.00024,-0.00037,0.00892,1.48763,0.02838,0.01206
100321000000,32.86922,-16.34217,-0.25171,0.99996,0.00023,-0.00030,0.00887,1.48895,0.02880,0.01038
100354000000,32.91836,-16.34124,-0.25143,0.99996,0.00028,-0.00031,0.00890,1.48948,0.02878,0.01035
100387000000,32.96763,-16.34035,-0.25141,0.99996,0.00029,-0.00030,0.00894,1.48925,0.02845,0.01016
100420000000,33.01683,-16.33945,-0.25101,0.99996,0.00027,-0.00028,0.00896,1.48920,0.02593,0.01046
100453000000,33.06644,-16.33861,-0.25106,0.99996,0.00028,-0.00025,0.00900,1.48900,0.02591,0.00964
100486000000,33.11549,-16.33774,-0.25082,0.99996,0.00030,-0.00033,0.00903,1.48853,0.02534,0.00971
100519000000,33.16528,-16.33705,-0.25095,0.99996,0.00026,-0.00025,0.00909,1.49115,0.02492,0.00728
100552000000,33.21454,-16.33614,-0.25062,0.99996,0.00026,-0.00026,0.00908,1.49167,0.02492,0.00770
100585000000,33.26390,-16.33522,-0.25078,0.99996,0.00030,-0.00024,0.00905,1.49300,0.02572,0.00672
100618000000,33.31319,-16.33431,-0.25053,0.99996,0.00026,-0.00018,0.00905,1.49333,0.02677,0.00747
100651000000,33.36259,-16.33332,-0.25059,0.99996,0.00019,-0.00022,0.00910,1.49388,0.02688,0.00736
100684000000,33.41185,-16.33236,-0.25038,0.99996,0.00017,-0.00020,0.00910,1.49360,0.02718,0.00618
100717000000,33.46117,-16.33140,-0.25053,0.99996,0.00014,-0.00023,0.00908,1.49480,0.02801,0.00630
100750000000,33.51038,-16.33048,-0.25031,0.99996,0.00015,-0.00027,0.00905,1.49480,0.02612,0.00658
100783000000,33.55946,-16.32952,-0.25035,0.99996,0.00009,-0.00023,0.00903,1.49410,0.02598,0.00636
100816000000,33.60879,-16.32857,-0.25014,0.99996,0.00009,-0.00026,0.00911,1.49358,0.02602,0.00775
100849000000,33.65772,-16.32742,-0.25017,0.99996,0.00009,-0.00027,0.00913,1.49331,0.02674,0.00783
100882000000,33.70711,-16.32656,-0.24986,0.99996,0.00005,-0.00026,0.00917,1.49394,0.02642,0.00880
100915000000,33.75617,-16.32550,-0.24989,0.99996,-0.00003,-0.00024,0.00916,1.49392,0.02661,0.00738
100948000000,33.80542,-16.32472,-0.24965,0.99996,-0.00000,-0.00026,0.00917,1.49386,0.02778,0.00628
100981000000,33.85434,-16.32337,-0.24965,0.99996,0.00002,-0.00026,0.00914,1.49342,0.02840,0.00604
101014000000,33.90365,-16.32249,-0.24942,0.99996,0.00001,-0.00023,0.00915,1.49420,0.02750,0.00525
101047000000,33.95259,-16.32136,-0.24940,0.99996,0.00002,-0.00023,0.00915,1.49355,0.02783,0.00562
101080000000,34.00180,-16.32048,-0.24924,0.99996,0.00004,-0.00026,0.00922,1.49286,0.02761,0.00536
101113000000,34.05061,-16.31940,-0.24920,0.99996,0.00007,-0.00026,0.00924,1.49172,0.02725,0.00442
101146000000,34.09986,-16.31854,-0.24899,0.99996,0.00012,-0.00019,0.00921,1.49166,0.02669,0.00465
101179000000,34.14856,-16.31768,-0.24887,0.99996,0.00008,-0.00019,0.00917,1.49081,0.02659,0.00487
101212000000,34.19778,-16.31675,-0.24867,0.99996,0.00009,-0.00009,0.00913,1.49214,0.02548,0.00455
101245000000,34.24673,-16.31571,-0.24860,0.99996,0.00006,-0.00010,0.00909,1.49104,0.02695,0.00481
101278000000,34.29611,-16.31476,-0.24845,0.99996,0.00008,-0.00014,0.00911,1.49169,0.02633,0.00511
101311000000,34.34546,-16.31372,-0.24844,0.99996,0.00001,-0.00014,0.00906,1.49225,0.02582,0.00578
101344000000,34.39473,-16.31286,-0.24826,0.99996,-0.00001,-0.00016,0.00905,1.49229,0.02524,0.00510
101377000000,34.44356,-16.31202,-0.24818,0.99996,-0.00000,-0.00021,0.00901,1.49155,0.02491,0.00561
101410000000,34.49280,-16.31113,-0.24800,0.99996,-0.00005,-0.00017,0.00896,1.49082,0.02429,0.00698
101443000000,34.54211,-16.31016,-0.24780,0.99996,-0.00005,-0.00015,0.00894,1.49109,0.02583,0.00712
101476000000,34.59131,-16.30926,-0.24756,0.99996,-0.00008,-0.00011,0.00899,1.49073,0.02569,0.00827
101509000000,34.64051,-16.30850,-0.24723,0.99996,-0.00003,-0.00005,0.00894,1.49201,0.02522,0.00889
101542000000,34.68968,-16.30764,-0.24696,0.99996,-0.00000,-0.00005,0.00897,1.49116,0.02614,0.00774
101575000000,34.73882,-16.30674,-0.24672,0.99996,-0.00005,-0.00009,0.00895,1.49186,0.02538,0.00779
101608000000,34.78808,-16.30574,-0.24653,0.99996,-0.00004,-0.00008,0.00894,1.49308,0.02504,0.00825
101641000000,34.83733,-16.30472,-0.24640,0.99996,-0.00007,-0.00007,0.00892,1.49305,0.02527,0.00812
101674000000,34.88677,-16.30380,-0.24616,0.99996,-0.00008,-0.00008,0.00890,1.49398,0.02597,0.00797
101707000000,34.93616,-16.30268,-0.24621,0.99996,-0.00008,-0.00007,0.00888,1.49428,0.02667,0.00720
101740000000,34.98541,-16.30160,-0.24618,0.99996,-0.00007,-0.00009,0.00886,1.49469,0.02703,0.00557
101773000000,35.03485,-16.30048,-0.24612,0.99996,-0.00014,-0.00002,0.00884,1.49563,0.02817,0.00589
101806000000,35.08434,-16.29942,-0.24615,0.99996,-0.00018,-0.00007,0.00884,1.49516,0.02898,0.00651
101839000000,35.13375,-16.29831,-0.24617,0.99996,-0.00021,-0.00008,0.00885,1.49494,0.02971,0.00422
101872000000,35.18314,-16.29719,-0.24622,0.99996,-0.00020,-0.00013,0.00883,1.49552,0.03003,0.00433
101905000000,35.23273,-16.29604,-0.24624,0.99996,-0.00020,-0.00011,0.00889,1.49659,0.03097,0.00427
101938000000,35.28238,-16.29490,-0.24623,0.99996,-0.00023,-0.00010,0.00887,1.49829,0.03207,0.00401
101971000000,35.33190,-16.29384,-0.24617,0.99996,-0.00021,-0.00008,0.00889,1.49690,0.03100,0.00498
102004000000,35.38147,-16.29288,-0.24608,0.99996,-0.00022,-0.00006,0.00888,1.49789,0.02942,0.00657
102037000000,35.43097,-16.29199,-0.24593,0.99996,-0.00020,-0.00001,0.00890,1.49765,0.02841,0.00711
102070000000,35.48048,-16.29113,-0.24579,0.99996,-0.00017,-0.00003,0.00882,1.49808,0.02791,0.00666
102103000000,35.53001,-16.29029,-0.24570,0.99996,-0.00015,-0.00007,0.00877,1.49869,0.02767,0.00701
102136000000,35.57949,-16.28935,-0.24558,0.99996,-0.00018,-0.00004,0.00874,1.49935,0.02961,0.00648
102169000000,35.62902,-16.28834,-0.24548,0.99996,-0.00015,-0.00004,0.00878,1.49976,0.03012,0.00544
102202000000,35.67849,-16.28736,-0.24539,0.99996,-0.00010,0.00002,0.00877,1.49953,0.03034,0.00505
102235000000,35.72794,-16.28633,-0.24531,0.99996,-0.00012,-0.00003,0.00873,1.50012,0.03056,0.00485
102268000000,35.77737,-16.28538,-0.24523,0.99996,-0.00014,0.00002,0.00873,1.49962,0.03031,0.00407
102301000000,35.82680,-16.28442,-0.24513,0.99996,-0.00013,0.00004,0.00875,1.49995,0.03015,0.00444
102334000000,35.87625,-16.28342,-0.24504,0.99996,-0.00022,0.00001,0.00874,1.49981,0.03037,0.00408
102367000000,35.92575,-16.28242,-0.24499,0.99996,-0.00022,-0.00003,0.00875,1.49969,0.02953,0.00415
102400000000,35.97507,-16.28156,-0.24489,0.99996,-0.00018,-0.00002,0.00872,1.49884,0.02909,0.00502
102433000000,36.02442,-16.28072,-0.24477,0.99996,-0.00018,-0.00001,0.00865,1.49800,0.02922,0.00467
102466000000,36.07365,-16.27990,-0.24466,0.99996,-0.00015,-0.00002,0.00868,1.49670,0.02875,0.00411
102499000000,36.12286,-16.27908,-0.24451,0.99996,-0.00011,-0.00003,0.00869,1.49551,0.02888,0.00441
102532000000,36.17213,-16.27822,-0.24436,0.99996,-0.00011,-0.00005,0.00865,1.49654,0.02793,0.00482
102565000000,36.22134,-16.27740,-0.24418,0.99996,-0.00006,-0.00003,0.00866,1.49581,0.02834,0.00503
102598000000,36.27072,-16.27654,-0.24406,0.99996,0.00001,0.00002,0.00865,1.49723,0.02829,0.00453
102631000000,36.32011,-16.27564,-0.24398,0.99996,-0.00003,0.00003,0.00864,1.49714,0.02959,0.00485
102664000000,36.36954,-16.27472,-0.24390,0.99996,-0.00003,0.00002,0.00861,1.49829,0.02928,0.00529
102697000000,36.41893,-16.27377,-0.24376,0.99996,-0.00000,0.00003,0.00864,1.49866,0.02909,0.00538
102730000000,36.46834,-16.27284,-0.24363,0.99996,0.00001,0.00002,0.00864,1.49879,0.02959,0.00598
102763000000,36.51773,-16.27192,-0.24347,0.99996,0.00006,-0.00002,0.00860,1.49928,0.02935,0.00685
102796000000,36.56718,-16.27095,-0.24331,0.99996,0.00006,0.00000,0.00866,1.49920,0.02950,0.00710
102829000000,36.61662,-16.27001,-0.24320,0.99996,0.00004,0.00003,0.00865,1.49910,0.02917,0.00678
102862000000,36.66603,-16.26911,-0.24305,0.99996,0.00002,0.00000,0.00862,1.50011,0.02914,0.00684
102895000000,36.71544,-16.26821,-0.24292,0.99996,-0.00001,0.00001,0.00859,1.49900,0.02884,0.00689
102928000000,36.76482,-16.26726,-0.24282,0.99996,0.00001,0.00002,0.00855,1.49810,0.02948,0.00633
102961000000,36.81409,-16.26635,-0.24274,0.99996,0.00004,0.00003,0.00859,1.49831,0.02890,0.00537
102994000000,36.86333,-16.26548,-0.24264,0.99996,0.00004,0.00005,0.00857,1.49870,0.02751,0.00473
103027000000,36.91261,-16.26465,-0.24255,0.99996,0.00003,-0.00002,0.00855,1.49833,0.02696,0.00574
103060000000,36.96196,-16.26379,-0.24242,0.99996,0.00006,0.00000,0.00853,1.49814,0.02669,0.00708
103093000000,37.01128,-16.26294,-0.24227,0.99996,0.00004,-0.00001,0.00851,1.49737,0.02665,0.00732
103126000000,37.06061,-16.26202,-0.24213,0.99996,-0.00002,-0.00004,0.00849,1.49744,0.02663,0.00690
103159000000,37.11022,-16.26109,-0.24205,0.99996,-0.00007,-0.00003,0.00847,1.50961,0.02523,0.00711
103192000000,37.16024,-16.26008,-0.24197,0.99996,-0.00015,-0.00006,0.00852,1.52490,0.02837,0.00555
103225000000,37.21062,-16.25898,-0.24195,0.99996,-0.00022,-0.00004,0.00868,1.53475,0.03173,0.00537
103258000000,37.26151,-16.25771,-0.24192,0.99996,-0.00027,-0.00005,0.00896,1.54706,0.03804,0.00488
103291000000,37.31274,-16.25605,-0.24189,0.99996,-0.00037,-0.00006,0.00938,1.56307,0.04648,0.00418
103324000000,37.36439,-16.25413,-0.24185,0.99995,-0.00038,-0.00004,0.01009,1.57449,0.05694,0.00443
103357000000,37.41656,-16.25186,-0.24177,0.99994,-0.00035,-0.00003,0.01108,1.58500,0.06939,0.00514
103390000000,37.46905,-16.24919,-0.24166,0.99992,-0.00036,0.00000,0.01236,1.59796,0.08286,0.00560
103423000000,37.52194,-16.24612,-0.24153,0.99990,-0.00033,0.00004,0.01399,1.61196,0.09937,0.00589
103489000000,37.62907,-16.23813,-0.24119,0.99983,-0.00029,-0.00010,0.01853,1.63162,0.14466,0.00686
103522000000,37.68300,-16.23292,-0.24107,0.99977,-0.00026,-0.00013,0.02153,1.64069,0.17091,0.00668
103555000000,37.73736,-16.22674,-0.24098,0.99968,-0.00031,-0.00015,0.02514,1.65049,0.20051,0.00524
103588000000,37.79200,-16.21961,-0.24098,0.99957,-0.00028,-0.00018,0.02936,1.66034,0.23314,0.00496
103621000000,37.84692,-16.21136,-0.24099,0.99941,-0.00023,-0.00017,0.03431,1.66241,0.26990,0.00516
103654000000,37.90190,-16.20181,-0.24102,0.99920,-0.00017,-0.00013,0.04004,1.66430,0.31208,0.00587
103687000000,37.95677,-16.19087,-0.24101,0.99892,-0.00017,-0.00010,0.04656,1.65826,0.35364,0.00507
103720000000,38.01131,-16.17846,-0.24089,0.99855,-0.00018,-0.00018,0.05386,1.66019,0.40261,0.00606
103753000000,38.06580,-16.16433,-0.24080,0.99807,-0.00020,-0.00022,0.06206,1.65494,0.45515,0.00474
103786000000,38.12008,-16.14832,-0.24075,0.99746,-0.00024,-0.00022,0.07126,1.64432,0.51094,0.00524
103819000000,38.17407,-16.13029,-0.24063,0.99666,-0.00028,-0.00023,0.08160,1.63460,0.57188,0.00580
103852000000,38.22767,-16.11025,-0.24047,0.99566,-0.00029,-0.00023,0.09302,1.62093,0.63905,0.00719
103885000000,38.28083,-16.08798,-0.24032,0.99441,-0.00028,-0.00022,0.10554,1.60113,0.70896,0.00792
103918000000,38.33319,-16.06335,-0.24015,0.99287,-0.00029,-0.00024,0.11921,1.57271,0.78039,0.00896
103951000000,38.38460,-16.03628,-0.24001,0.99097,-0.00027,-0.00027,0.13410,1.54174,0.85664,0.00805
103984000000,38.43476,-16.00674,-0.23987,0.98866,-0.00030,-0.00031,0.15020,1.50061,0.92935,0.00737
104017000000,38.48341,-15.97477,-0.23981,0.98591,-0.00029,-0.00029,0.16727,1.45041,1.00305,0.00713
104050000000,38.53019,-15.94042,-0.23981,0.98270,-0.00028,-0.00033,0.18520,1.39025,1.07232,0.00628
104083000000,38.57484,-15.90410,-0.23982,0.97905,-0.00031,-0.00036,0.20362,1.31969,1.12741,0.00592
104116000000,38.61716,-15.86605,-0.23992,0.97503,-0.00031,-0.00036,0.22206,1.24877,1.17967,0.00448
104182000000,38.69501,-15.78520,-0.23985,0.96590,-0.00040,-0.00039,0.25892,1.11315,1.26783,0.00368
104215000000,38.73057,-15.74262,-0.23992,0.96084,-0.00043,-0.00038,0.27710,1.04881,1.30756,0.00419
104248000000,38.76413,-15.69896,-0.23997,0.95555,-0.00044,-0.00044,0.29482,0.99328,1.33294,0.00293
104314000000,38.82595,-15.60923,-0.23992,0.94452,-0.00046,-0.00043,0.32846,0.88272,1.38800,0.00306
104347000000,38.85403,-15.56284,-0.24000,0.93871,-0.00052,-0.00044,0.34472,0.82430,1.42029,0.00271
104380000000,38.88005,-15.51540,-0.24001,0.93274,-0.00053,-0.00042,0.36056,0.76578,1.45300,0.00260
104446000000,38.92847,-15.41951,-0.23991,0.92093,-0.00059,-0.00045,0.38972,0.71908,1.44364,0.00396
104479000000,38.95165,-15.37168,-0.23981,0.91528,-0.00061,-0.00038,0.40282,0.67900,1.45443,0.00465
104512000000,38.97343,-15.32353,-0.23975,0.90965,-0.00059,-0.00040,0.41537,0.64189,1.46379,0.00478
104545000000,38.99399,-15.27520,-0.23973,0.90408,-0.00056,-0.00041,0.42737,0.60523,1.46949,0.00342
104578000000,39.01335,-15.22671,-0.23975,0.89855,-0.00052,-0.00045,0.43888,0.57107,1.47274,0.00352
104611000000,39.03155,-15.17815,-0.23968,0.89309,-0.00053,-0.00041,0.44989,0.54054,1.47568,0.00423
104644000000,39.04882,-15.12960,-0.23964,0.88771,-0.00048,-0.00039,0.46040,0.51137,1.47451,0.00389
104677000000,39.06526,-15.08107,-0.23959,0.88246,-0.00048,-0.00040,0.47039,0.48665,1.47201,0.00365
104710000000,39.08098,-15.03269,-0.23956,0.87738,-0.00045,-0.00034,0.47979,0.46552,1.46797,0.00336
104776000000,39.11062,-14.93623,-0.23945,0.86761,-0.00050,-0.00029,0.49725,0.42741,1.46110,0.00394
104809000000,39.12455,-14.88828,-0.23943,0.86279,-0.00054,-0.00029,0.50555,0.40830,1.45830,0.00387
104842000000,39.13781,-14.84049,-0.23948,0.85798,-0.00052,-0.00026,0.51368,0.38798,1.45471,0.00327
104875000000,39.15036,-14.79283,-0.23946,0.85319,-0.00045,-0.00016,0.52160,0.36787,1.45018,0.00322
104908000000,39.16234,-14.74526,-0.23945,0.84840,-0.00041,-0.00013,0.52936,0.34953,1.44531,0.00244
104941000000,39.17369,-14.69791,-0.23942,0.84367,-0.00036,-0.00009,0.53687,0.33166,1.43986,0.00216
104974000000,39.18442,-14.65073,-0.23939,0.83896,-0.00037,-0.00010,0.54419,0.31374,1.43261,0.00282
105040000000,39.20410,-14.55651,-0.23927,0.82964,-0.00031,-0.00003,0.55830,0.28370,1.43468,0.00319
105073000000,39.21322,-14.50933,-0.23923,0.82510,-0.00026,-0.00004,0.56498,0.26998,1.43847,0.00266
105106000000,39.22186,-14.46210,-0.23919,0.82068,-0.00024,-0.00009,0.57139,0.25654,1.44222,0.00215
105139000000,39.23004,-14.41464,-0.23921,0.81637,-0.00019,-0.00011,0.57753,0.24531,1.45552,0.00087
105172000000,39.23793,-14.36663,-0.23926,0.81207,-0.00010,-0.00015,0.58356,0.23422,1.47817,0.00150
105205000000,39.24540,-14.31780,-0.23927,0.80778,-0.00009,-0.00013,0.58949,0.21943,1.50078,0.00207
105238000000,39.25222,-14.26833,-0.23927,0.80342,-0.00008,-0.00020,0.59541,0.20161,1.52071,0.00273
105304000000,39.26402,-14.16762,-0.23910,0.79458,0.00000,-0.00018,0.60715,0.15858,1.52718,0.00333
105337000000,39.26883,-14.11791,-0.23904,0.79024,0.00001,-0.00019,0.61280,0.13838,1.51129,0.00279
105370000000,39.27302,-14.06876,-0.23897,0.78594,-0.00004,-0.00024,0.61830,0.11947,1.49342,0.00345
105403000000,39.27669,-14.02011,-0.23889,0.78173,-0.00003,-0.00020,0.62362,0.10486,1.47439,0.00369
105436000000,39.27990,-13.97213,-0.23878,0.77768,0.00005,-0.00020,0.62866,0.08993,1.46370,0.00399
105469000000,39.28271,-13.92382,-0.23863,0.77369,0.00002,-0.00020,0.63356,0.08063,1.46527,0.00491
105502000000,39.28525,-13.87578,-0.23854,0.76987,0.00010,-0.00018,0.63820,0.07050,1.46650,0.00426
105535000000,39.28739,-13.82745,-0.23839,0.76611,0.00008,-0.00018,0.64271,0.06151,1.46742,0.00528
105568000000,39.28927,-13.77920,-0.23829,0.76249,0.00002,-0.00019,0.64700,0.05150,1.46919,0.00494
105601000000,39.29082,-13.73089,-0.23807,0.75894,-0.00004,-0.00020,0.65116,0.04293,1.47085,0.00460
105634000000,39.29207,-13.68286,-0.23789,0.75550,-0.00001,-0.00015,0.65515,0.03280,1.47290,0.00632
105667000000,39.29300,-13.63418,-0.23771,0.75214,-0.00003,-0.00015,0.65900,0.02450,1.47512,0.00586
105700000000,39.29375,-13.58618,-0.23757,0.74887,-0.00001,-0.00021,0.66272,0.01689,1.47552,0.00641
105733000000,39.29414,-13.53734,-0.23742,0.74569,-0.00000,-0.00017,0.66630,0.00927,1.47733,0.00676
105766000000,39.29423,-13.48903,-0.23728,0.74260,0.00001,-0.00018,0.66973,0.00128,1.47792,0.00668
105832000000,39.29377,-13.39146,-0.23678,0.73673,-0.00000,-0.00017,0.67619,-0.01363,1.47998,0.00684
105865000000,39.29302,-13.34326,-0.23657,0.73391,-0.00000,-0.00022,0.67925,-0.02102,1.47956,0.00718
105898000000,39.29211,-13.29519,-0.23635,0.73115,0.00007,-0.00022,0.68222,-0.02823,1.47958,0.00788
105931000000,39.29104,-13.24640,-0.23613,0.72845,0.00007,-0.00026,0.68510,-0.03587,1.47889,0.00839
105964000000,39.28957,-13.19844,-0.23598,0.72587,0.00015,-0.00033,0.68784,-0.04435,1.47833,0.00790
105997000000,39.28800,-13.14961,-0.23575,0.72334,0.00012,-0.00033,0.69049,-0.05061,1.47914,0.00789
106030000000,39.28604,-13.10153,-0.23554,0.72089,0.00013,-0.00034,0.69304,-0.05747,1.48003,0.00810
106063000000,39.28402,-13.05244,-0.23521,0.71850,0.00011,-0.00038,0.69553,-0.06684,1.50130,0.00936
106096000000,39.28149,-13.00313,-0.23518,0.71608,0.00008,-0.00036,0.69801,-0.07712,1.51581,0.00931
106162000000,39.27576,-12.90313,-0.23452,0.71099,0.00010,-0.00037,0.70320,-0.08933,1.51026,0.00977
106195000000,39.27238,-12.85413,-0.23466,0.70857,0.00014,-0.00041,0.70564,-0.09837,1.49449,0.00863
106228000000,39.26882,-12.80566,-0.23483,0.70620,0.00017,-0.00044,0.70802,-0.10356,1.47307,0.00624
106261000000,39.26512,-12.75711,-0.23456,0.70396,0.00021,-0.00045,0.71023,-0.10870,1.47113,0.00697
106294000000,39.26091,-12.70892,-0.23470,0.70178,0.00019,-0.00051,0.71239,-0.11579,1.47187,0.00589
106327000000,39.25693,-12.66022,-0.23449,0.69968,0.00021,-0.00049,0.71446,-0.12176,1.47270,0.00662
106360000000,39.25227,-12.61163,-0.23469,0.69759,0.00022,-0.00053,0.71650,-0.12976,1.47431,0.00410
106393000000,39.24804,-12.56306,-0.23455,0.69562,0.00025,-0.00049,0.71841,-0.13326,1.46512,0.00380
106426000000,39.24323,-12.51554,-0.23474,0.69382,0.00026,-0.00050,0.72015,-0.13422,1.44530,0.00316
106459000000,39.23880,-12.46793,-0.23467,0.69219,0.00029,-0.00051,0.72171,-0.13215,1.43144,0.00257
106492000000,39.23414,-12.42138,-0.23487,0.69076,0.00028,-0.00054,0.72308,-0.13109,1.42291,0.00228
106525000000,39.22987,-12.37461,-0.23477,0.68956,0.00027,-0.00051,0.72423,-0.12894,1.42064,0.00233
106558000000,39.22536,-12.32791,-0.23485,0.68848,0.00027,-0.00057,0.72526,-0.13034,1.44101,0.00252
106591000000,39.22089,-12.28002,-0.23478,0.68749,0.00027,-0.00058,0.72619,-0.13411,1.46092,0.00196
106624000000,39.21613,-12.23188,-0.23483,0.68645,0.00023,-0.00066,0.72718,-0.14001,1.48002,0.00101
106657000000,39.21160,-12.18313,-0.23479,0.68542,0.00025,-0.00061,0.72815,-0.14367,1.47872,0.00096
106690000000,39.20676,-12.13460,-0.23480,0.68441,0.00025,-0.00060,0.72910,-0.14668,1.47943,0.00140
106723000000,39.20194,-12.08570,-0.23473,0.68341,0.00025,-0.00056,0.73003,-0.14926,1.48087,0.00200
106756000000,39.19693,-12.03693,-0.23476,0.68244,0.00021,-0.00056,0.73094,-0.15266,1.48056,0.00216
106789000000,39.19188,-11.98813,-0.23471,0.68155,0.00023,-0.00059,0.73177,-0.15525,1.48120,0.00186
106822000000,39.18682,-11.93916,-0.23477,0.68067,0.00024,-0.00056,0.73259,-0.15826,1.48173,0.00263
106855000000,39.18156,-11.89016,-0.23479,0.67982,0.00026,-0.00054,0.73338,-0.16064,1.48135,0.00132
106888000000,39.17658,-11.84157,-0.23491,0.67906,0.00024,-0.00053,0.73408,-0.15962,1.47030,0.00091
106921000000,39.17133,-11.79321,-0.23482,0.67840,0.00021,-0.00047,0.73469,-0.15824,1.45769,0.00218
106954000000,39.16656,-11.74516,-0.23486,0.67785,0.00018,-0.00036,0.73520,-0.15289,1.44430,0.00097
106987000000,39.16168,-11.69797,-0.23477,0.67752,0.00017,-0.00036,0.73550,-0.14555,1.42689,-0.00019
107020000000,39.15742,-11.65058,-0.23475,0.67733,0.00019,-0.00034,0.73568,-0.14219,1.44261,-0.00019
107053000000,39.15261,-11.60294,-0.23468,0.67721,0.00020,-0.00037,0.73579,-0.14269,1.46114,-0.00047
107086000000,39.14828,-11.55451,-0.23458,0.67698,0.00023,-0.00037,0.73600,-0.14389,1.48064,-0.00033
107119000000,39.14338,-11.50545,-0.23456,0.67671,0.00018,-0.00037,0.73625,-0.14551,1.48760,-0.00007
107152000000,39.13890,-11.45649,-0.23442,0.67641,0.00017,-0.00034,0.73653,-0.14562,1.48671,0.00066
107185000000,39.13407,-11.40758,-0.23438,0.67617,0.00017,-0.00034,0.73674,-0.14578,1.48666,-0.00011
107218000000,39.12961,-11.35884,-0.23417,0.67594,0.00016,-0.00035,0.73695,-0.14509,1.48581,-0.00027
107251000000,39.12479,-11.30975,-0.23423,0.67569,0.00019,-0.00040,0.73719,-0.14653,1.48645,0.00033
107284000000,39.12014,-11.26106,-0.23397,0.67548,0.00015,-0.00037,0.73738,-0.14754,1.48620,0.00206
107317000000,39.11527,-11.21197,-0.23388,0.67527,0.00011,-0.00038,0.73757,-0.14862,1.48663,0.00314
107350000000,39.11051,-11.16307,-0.23359,0.67504,0.00013,-0.00037,0.73778,-0.14977,1.48720,0.00400
107383000000,39.10552,-11.11394,-0.23356,0.67479,0.00017,-0.00037,0.73801,-0.15182,1.48689,0.00409
107416000000,39.10065,-11.06499,-0.23328,0.67460,0.00016,-0.00044,0.73818,-0.15174,1.48701,0.00269
107449000000,39.09560,-11.01587,-0.23334,0.67445,0.00017,-0.00045,0.73832,-0.15267,1.48661,0.00194
107482000000,39.09065,-10.96669,-0.23320,0.67428,0.00017,-0.00043,0.73848,-0.15471,1.48669,0.00177
107515000000,39.08552,-10.91750,-0.23310,0.67408,0.00016,-0.00041,0.73866,-0.15580,1.48685,0.00206
107548000000,39.08061,-10.86830,-0.23309,0.67392,0.00016,-0.00039,0.73880,-0.15732,1.48687,0.00254
107581000000,39.07546,-10.81970,-0.23299,0.67374,0.00009,-0.00039,0.73896,-0.15891,1.48592,0.00345
107614000000,39.07045,-10.77043,-0.23294,0.67361,0.00015,-0.00036,0.73909,-0.15872,1.48170,0.00364
107647000000,39.06539,-10.72205,-0.23287,0.67352,0.00017,-0.00039,0.73917,-0.15471,1.46335,0.00456
107680000000,39.06073,-10.67390,-0.23283,0.67354,0.00018,-0.00040,0.73915,-0.15037,1.45377,0.00419
107713000000,39.05595,-10.62647,-0.23265,0.67375,0.00017,-0.00040,0.73896,-0.14322,1.44019,0.00481
107746000000,39.05172,-10.57904,-0.23269,0.67410,0.00021,-0.00036,0.73864,-0.13469,1.42957,0.00451
107779000000,39.04736,-10.53197,-0.23252,0.67466,0.00023,-0.00034,0.73813,-0.12499,1.41577,0.00432
107812000000,39.04408,-10.48499,-0.23271,0.67542,0.00028,-0.00027,0.73744,-0.11140,1.39975,0.00295
107845000000,39.04060,-10.43922,-0.23248,0.67641,0.00028,-0.00026,0.73652,-0.09690,1.38751,0.00283
107878000000,39.03836,-10.39316,-0.23267,0.67762,0.00030,-0.00018,0.73541,-0.08060,1.38335,0.00169
107911000000,39.03606,-10.34765,-0.23252,0.67901,0.00028,-0.00013,0.73413,-0.06680,1.39053,0.00242
107944000000,39.03480,-10.30123,-0.23273,0.68051,0.00032,-0.00010,0.73274,-0.05359,1.41301,0.00120
107977000000,39.03316,-10.25436,-0.23267,0.68208,0.00029,-0.00012,0.73128,-0.04389,1.43444,0.00013
108010000000,39.03244,-10.20625,-0.23293,0.68367,0.00031,-0.00009,0.72979,-0.03386,1.45721,-0.00057
108043000000,39.03131,-10.15776,-0.23287,0.68528,0.00030,-0.00015,0.72828,-0.02672,1.47777,-0.00069
108076000000,39.03103,-10.10786,-0.23293,0.68686,0.00028,-0.00011,0.72679,-0.03471,1.49372,-0.00098
108109000000,39.03004,-10.05842,-0.23299,0.68811,0.00028,-0.00009,0.72561,-0.03306,1.51115,-0.00114
108142000000,39.02956,-10.00827,-0.23303,0.68930,0.00026,-0.00000,0.72448,-0.02973,1.51131,-0.00119
108175000000,39.02867,-9.95853,-0.23309,0.69041,0.00029,-0.00001,0.72342,-0.02752,1.51026,-0.00003
108208000000,39.02834,-9.90856,-0.23315,0.69150,0.00029,0.00003,0.72238,-0.02298,1.50958,0.00017
108241000000,39.02770,-9.85900,-0.23310,0.69258,0.00021,0.00003,0.72134,-0.01954,1.50829,-0.00149
108274000000,39.02748,-9.80956,-0.23307,0.69362,0.00016,0.00002,0.72034,-0.01649,1.50788,-0.00153
108307000000,39.02691,-9.75986,-0.23308,0.69465,0.00013,0.00003,0.71934,-0.01441,1.50566,-0.00144
108340000000,39.02682,-9.71023,-0.23294,0.69564,0.00007,0.00004,0.71839,-0.01126,1.50533,-0.00100
108373000000,39.02658,-9.66052,-0.23294,0.69659,0.00008,0.00008,0.71747,-0.00854,1.50452,-0.00089
108406000000,39.02663,-9.61083,-0.23271,0.69754,0.00011,0.00011,0.71655,-0.00538,1.50488,-0.00084
108472000000,39.02634,-9.51170,-0.23285,0.69925,0.00007,0.00014,0.71488,-0.00085,1.50393,-0.00008
108505000000,39.02661,-9.46187,-0.23263,0.70007,0.00018,0.00017,0.71407,0.00101,1.50389,0.00037
108538000000,39.02696,-9.41207,-0.23241,0.70087,0.00018,0.00021,0.71329,0.00405,1.50264,0.00074
108571000000,39.02704,-9.36247,-0.23242,0.70162,0.00021,0.00016,0.71255,0.00524,1.50161,0.00092
108604000000,39.02755,-9.31276,-0.23214,0.70234,0.00018,0.00019,0.71184,0.00759,1.50073,0.00228
108637000000,39.02794,-9.26331,-0.23207,0.70306,0.00017,0.00016,0.71113,0.00831,1.50162,0.00163
108670000000,39.02867,-9.21376,-0.23182,0.70377,0.00020,0.00021,0.71042,0.01010,1.50079,0.00075
108703000000,39.02894,-9.16429,-0.23185,0.70448,0.00018,0.00022,0.70972,0.01143,1.49998,0.00033
108736000000,39.02961,-9.11491,-0.23164,0.70517,0.00016,0.00022,0.70904,0.01393,1.49912,0.00002
108769000000,39.03014,-9.06536,-0.23166,0.70579,0.00019,0.00018,0.70843,0.01648,1.49898,0.00026
108802000000,39.03097,-9.01560,-0.23152,0.70641,0.00017,0.00022,0.70780,0.01892,1.49873,0.00051
108835000000,39.03167,-8.96630,-0.23149,0.70699,0.00021,0.00027,0.70722,0.02093,1.49846,0.00082
108868000000,39.03267,-8.91661,-0.23143,0.70759,0.00022,0.00028,0.70662,0.02316,1.49953,0.00114
108901000000,39.03343,-8.86711,-0.23137,0.70817,0.00015,0.00033,0.70604,0.02412,1.49911,0.00121
108934000000,39.03441,-8.81728,-0.23136,0.70877,0.00016,0.00033,0.70544,0.02610,1.50024,0.00062
108967000000,39.03522,-8.76776,-0.23140,0.70931,0.00013,0.00034,0.70490,0.02695,1.50083,-0.00076
109000000000,39.03634,-8.71779,-0.23142,0.70981,0.00010,0.00043,0.70439,0.02926,1.50162,-0.00020
109033000000,39.03727,-8.66828,-0.23136,0.71026,0.00007,0.00042,0.70394,0.03030,1.50169,0.00026
109066000000,39.03842,-8.61839,-0.23132,0.71073,0.00007,0.00048,0.70347,0.03292,1.50310,0.00133
109099000000,39.03952,-8.56877,-0.23136,0.71117,0.00007,0.00045,0.70302,0.03529,1.50264,0.00109
109132000000,39.04075,-8.51876,-0.23128,0.71161,0.00010,0.00047,0.70257,0.03714,1.50249,0.00074
109165000000,39.04188,-8.46936,-0.23125,0.71208,0.00012,0.00044,0.70210,0.03682,1.50149,0.00083
109198000000,39.04308,-8.41920,-0.23122,0.71251,0.00008,0.00047,0.70167,0.03839,1.50237,0.00080
109231000000,39.04438,-8.36970,-0.23112,0.71290,0.00007,0.00054,0.70127,0.03886,1.50143,0.00086
109264000000,39.04558,-8.31923,-0.23119,0.71331,0.00007,0.00057,0.70085,0.03843,1.50377,0.00117
109297000000,39.04684,-8.26962,-0.23121,0.71373,0.00010,0.00059,0.70042,0.03944,1.50367,0.00056
109330000000,39.04799,-8.21922,-0.23137,0.71411,0.00007,0.00059,0.70003,0.04033,1.50459,0.00098
109363000000,39.04937,-8.16976,-0.23128,0.71450,0.00004,0.00059,0.69963,0.04152,1.50279,0.00117
109396000000,39.05060,-8.11976,-0.23134,0.71484,0.00005,0.00063,0.69929,0.04173,1.50177,0.00056
109429000000,39.05201,-8.07019,-0.23134,0.71517,0.00008,0.00066,0.69895,0.04378,1.50159,0.00085
109462000000,39.05352,-8.02011,-0.23140,0.71546,0.00003,0.00066,0.69865,0.04519,1.50252,0.00101
109495000000,39.05498,-7.97097,-0.23137,0.71580,0.00005,0.00065,0.69831,0.04575,1.48186,0.00020
109528000000,39.05669,-7.92222,-0.23147,0.71622,0.00002,0.00063,0.69787,0.04877,1.46265,0.00001
109561000000,39.05834,-7.87438,-0.23157,0.71665,0.00008,0.00061,0.69743,0.05286,1.44322,0.00029
109594000000,39.06048,-7.82670,-0.23179,0.71724,0.00009,0.00062,0.69683,0.06069,1.43680,0.00036
109627000000,39.06264,-7.77961,-0.23173,0.71787,0.00004,0.00058,0.69618,0.06826,1.41705,-0.00071
109660000000,39.06527,-7.73236,-0.23189,0.71862,0.00001,0.00059,0.69540,0.08028,1.43065,0.00016
109693000000,39.06813,-7.68476,-0.23185,0.71948,-0.00001,0.00060,0.69451,0.09050,1.45249,0.00084
109726000000,39.07124,-7.63608,-0.23183,0.72043,-0.00006,0.00062,0.69352,0.09885,1.47466,0.00008
109759000000,39.07449,-7.58716,-0.23186,0.72143,-0.00001,0.00052,0.69249,0.09798,1.49361,-0.00048
109792000000,39.07803,-7.53745,-0.23195,0.72236,0.00001,0.00049,0.69152,0.10345,1.50892,0.00018
109825000000,39.08140,-7.48763,-0.23192,0.72326,-0.00003,0.00049,0.69057,0.10534,1.50747,0.00073
109858000000,39.08524,-7.43779,-0.23198,0.72414,-0.00001,0.00058,0.68965,0.10807,1.50590,-0.00119
109891000000,39.08892,-7.38802,-0.23195,0.72496,-0.00007,0.00057,0.68879,0.11077,1.50724,-0.00096
109924000000,39.09286,-7.33817,-0.23191,0.72578,-0.00009,0.00058,0.68793,0.11331,1.50698,-0.00022
109957000000,39.09660,-7.28849,-0.23186,0.72659,-0.00013,0.00062,0.68707,0.11544,1.50502,0.00043
109990000000,39.10064,-7.23868,-0.23175,0.72737,-0.00012,0.00066,0.68625,0.11846,1.50531,0.00084
110023000000,39.10463,-7.18907,-0.23171,0.72804,-0.00010,0.00064,0.68553,0.11965,1.50501,0.00142
110056000000,39.10884,-7.13925,-0.23156,0.72870,-0.00011,0.00070,0.68484,0.12186,1.50343,0.00182
110089000000,39.11295,-7.08958,-0.23154,0.72940,-0.00009,0.00064,0.68409,0.12404,1.50342,0.00161
110122000000,39.11730,-7.03970,-0.23147,0.73006,-0.00004,0.00062,0.68338,0.12802,1.50407,0.00231
110155000000,39.12156,-6.98981,-0.23140,0.73067,-0.00005,0.00063,0.68273,0.13074,1.52049,0.00292
110188000000,39.12609,-6.93909,-0.23131,0.73126,-0.00004,0.00066,0.68209,0.13347,1.53759,0.00328
110221000000,39.13047,-6.88802,-0.23133,0.73173,-0.00002,0.00060,0.68159,0.13399,1.55482,0.00185
110254000000,39.13510,-6.83631,-0.23136,0.73212,-0.00002,0.00060,0.68118,0.13136,1.56505,0.00122
110287000000,39.13931,-6.78456,-0.23127,0.73236,-0.00008,0.00062,0.68091,0.12653,1.57787,0.00179
110320000000,39.14356,-6.73240,-0.23144,0.73247,-0.00009,0.00067,0.68080,0.12095,1.56742,0.00117
110353000000,39.14728,-6.68116,-0.23136,0.73243,-0.00008,0.00066,0.68084,0.11322,1.54424,0.00044
110386000000,39.15093,-6.63068,-0.23133,0.73232,-0.00008,0.00063,0.68096,0.10821,1.52241,0.00080
110419000000,39.15439,-6.58085,-0.23131,0.73219,-0.00009,0.00064,0.68110,0.10672,1.49998,0.00098
110452000000,39.15802,-6.53166,-0.23128,0.73212,-0.00012,0.00060,0.68118,0.11381,1.49594,-0.00046
110485000000,39.16169,-6.48233,-0.23132,0.73207,-0.00005,0.00060,0.68122,0.11446,1.49601,-0.00018
110518000000,39.16527,-6.43304,-0.23140,0.73203,-0.00004,0.00051,0.68127,0.11330,1.49558,-0.00043
110551000000,39.16894,-6.38373,-0.23143,0.73200,-0.00008,0.00048,0.68131,0.11221,1.49496,-0.00014
110584000000,39.17225,-6.33466,-0.23150,0.73194,-0.00010,0.00049,0.68136,0.11060,1.49432,-0.00037
110617000000,39.17586,-6.28532,-0.23153,0.73189,-0.00010,0.00050,0.68142,0.11101,1.49404,-0.00108
110650000000,39.17890,-6.23611,-0.23161,0.73185,-0.00016,0.00042,0.68147,0.11008,1.49469,-0.00095
110716000000,39.18636,-6.13732,-0.23182,0.73175,-0.00017,0.00042,0.68157,0.11015,1.49700,-0.00141
110749000000,39.18938,-6.08796,-0.23201,0.73171,-0.00023,0.00033,0.68162,0.10419,1.49980,-0.00150
110782000000,39.19231,-6.03837,-0.23220,0.73157,-0.00029,0.00028,0.68177,0.10314,1.50934,-0.00240
110815000000,39.19554,-5.98846,-0.23225,0.73141,-0.00034,0.00027,0.68194,0.10008,1.51959,-0.00228
110881000000,39.20149,-5.88703,-0.23244,0.73092,-0.00036,0.00024,0.68246,0.09217,1.55584,-0.00297
110914000000,39.20444,-5.83567,-0.23252,0.73052,-0.00031,0.00024,0.68289,0.08460,1.56438,-0.00311
110980000000,39.20914,-5.73137,-0.23296,0.72931,-0.00033,0.00021,0.68418,0.06273,1.58833,-0.00557
111013000000,39.21121,-5.67925,-0.23314,0.72848,-0.00037,0.00017,0.68507,0.04838,1.57262,-0.00448
111046000000,39.21238,-5.62771,-0.23349,0.72747,-0.00042,0.00017,0.68613,0.03680,1.55292,-0.00483
111079000000,39.21343,-5.57683,-0.23354,0.72640,-0.00034,0.00017,0.68727,0.02720,1.53090,-0.00450
111145000000,39.21471,-5.47646,-0.23414,0.72410,-0.00032,0.00019,0.68969,0.01214,1.50338,-0.00462
111178000000,39.21481,-5.42742,-0.23409,0.72304,-0.00036,0.00017,0.69081,0.00755,1.48259,-0.00540
111244000000,39.21535,-5.32961,-0.23460,0.72104,-0.00038,0.00024,0.69289,0.00136,1.47900,-0.00723
111310000000,39.21559,-5.23216,-0.23516,0.71917,-0.00031,0.00023,0.69483,-0.00408,1.47884,-0.00730
111376000000,39.21578,-5.13381,-0.23562,0.71743,-0.00030,0.00027,0.69663,-0.00861,1.48121,-0.00737
111442000000,39.21541,-5.03524,-0.23606,0.71580,-0.00036,0.00039,0.69831,-0.01237,1.48386,-0.00534
111475000000,39.21537,-4.98587,-0.23604,0.71503,-0.00033,0.00044,0.69909,-0.01444,1.48495,-0.00606
111541000000,39.21479,-4.88727,-0.23602,0.71354,-0.00035,0.00054,0.70062,-0.01773,1.48758,-0.00501
111574000000,39.21477,-4.83767,-0.23588,0.71284,-0.00035,0.00058,0.70133,-0.01857,1.48838,-0.00479
111607000000,39.21468,-4.78815,-0.23582,0.71214,-0.00034,0.00062,0.70203,-0.01949,1.49030,-0.00496
111640000000,39.21409,-4.73907,-0.23604,0.71148,-0.00034,0.00063,0.70270,-0.02077,1.49074,-0.00455
111673000000,39.21437,-4.68929,-0.23594,0.71082,-0.00035,0.00061,0.70337,-0.01855,1.49221,-0.00339
111706000000,39.21375,-4.64038,-0.23598,0.71021,-0.00034,0.00061,0.70399,-0.01951,1.49244,-0.00317
111739000000,39.21388,-4.59097,-0.23579,0.70960,-0.00036,0.00065,0.70460,-0.01946,1.49377,-0.00271
111772000000,39.21316,-4.54170,-0.23590,0.70902,-0.00039,0.00064,0.70519,-0.02186,1.49517,-0.00180
111805000000,39.21291,-4.49253,-0.23584,0.70843,-0.00033,0.00067,0.70578,-0.02252,1.49582,-0.00110
111871000000,39.21124,-4.39394,-0.23591,0.70733,-0.00026,0.00074,0.70688,-0.02620,1.49548,-0.00004
111904000000,39.21074,-4.34444,-0.23586,0.70688,-0.00023,0.00079,0.70733,-0.02726,1.49703,-0.00017
111970000000,39.20910,-4.24579,-0.23579,0.70593,-0.00020,0.00082,0.70828,-0.02846,1.49899,0.00066
112003000000,39.20831,-4.19653,-0.23584,0.70547,-0.00023,0.00079,0.70874,-0.02993,1.49880,0.00014
112069000000,39.20643,-4.09788,-0.23581,0.70457,-0.00018,0.00081,0.70963,-0.03229,1.50107,-0.00019
112102000000,39.20541,-4.04828,-0.23584,0.70415,-0.00021,0.00084,0.71005,-0.03194,1.50176,0.00072
112168000000,39.20336,-3.94910,-0.23604,0.70336,-0.00008,0.00082,0.71084,-0.03390,1.50255,-0.00142
112201000000,39.20217,-3.89987,-0.23608,0.70298,-0.00006,0.00080,0.71121,-0.03468,1.50216,-0.00118
112234000000,39.20128,-3.85029,-0.23634,0.70260,-0.00013,0.00083,0.71159,-0.03455,1.50354,-0.00240
112267000000,39.20006,-3.80082,-0.23634,0.70228,-0.00007,0.00080,0.71191,-0.03574,1.50420,-0.00007
112300000000,39.19922,-3.75137,-0.23643,0.70193,-0.00004,0.00077,0.71224,-0.03575,1.50430,0.00009
112333000000,39.19796,-3.70181,-0.23644,0.70158,-0.00005,0.00082,0.71259,-0.03602,1.50374,-0.00020
112366000000,39.19702,-3.65262,-0.23663,0.70130,-0.00000,0.00086,0.71287,-0.03568,1.50300,0.00091
112399000000,39.19569,-3.60326,-0.23662,0.70100,-0.00002,0.00082,0.71317,-0.03693,1.50240,0.00125
112465000000,39.19329,-3.50411,-0.23672,0.70039,-0.00004,0.00085,0.71376,-0.03988,1.50319,0.00146
112498000000,39.19181,-3.45456,-0.23661,0.70011,-0.00006,0.00083,0.71403,-0.04274,1.51800,0.00139
112531000000,39.19046,-3.40486,-0.23676,0.69976,-0.00010,0.00082,0.71438,-0.04599,1.52508,0.00065
112564000000,39.18879,-3.35437,-0.23668,0.69933,-0.00010,0.00082,0.71480,-0.05006,1.54042,0.00020
112597000000,39.18682,-3.30402,-0.23674,0.69886,-0.00010,0.00081,0.71525,-0.05600,1.55309,-0.00082
112630000000,39.18480,-3.25257,-0.23675,0.69824,-0.00006,0.00086,0.71587,-0.06295,1.56841,-0.00086
112663000000,39.18239,-3.20137,-0.23682,0.69744,-0.00009,0.00086,0.71664,-0.07325,1.57569,-0.00094
112696000000,39.17952,-3.14956,-0.23672,0.69647,-0.00018,0.00085,0.71759,-0.08790,1.58967,0.00034
112729000000,39.17603,-3.09790,-0.23663,0.69530,-0.00018,0.00080,0.71872,-0.10398,1.59656,0.00087
112762000000,39.17219,-3.04507,-0.23657,0.69387,-0.00020,0.00079,0.72010,-0.12142,1.60585,0.00167
112795000000,39.16751,-2.99277,-0.23626,0.69209,-0.00022,0.00075,0.72181,-0.14246,1.61768,0.00361
112828000000,39.16239,-2.93950,-0.23615,0.69006,-0.00021,0.00072,0.72375,-0.16474,1.62244,0.00364
112861000000,39.15617,-2.88710,-0.23588,0.68762,-0.00020,0.00068,0.72607,-0.18726,1.60700,0.00513
112894000000,39.14961,-2.83458,-0.23572,0.68500,-0.00022,0.00069,0.72854,-0.20538,1.58349,0.00557
112927000000,39.14218,-2.78374,-0.23534,0.68224,-0.00024,0.00061,0.73113,-0.22300,1.55774,0.00765
112960000000,39.13459,-2.73255,-0.23522,0.67943,-0.00023,0.00054,0.73374,-0.23659,1.53583,0.00725
112993000000,39.12644,-2.68284,-0.23495,0.67661,-0.00019,0.00049,0.73634,-0.24777,1.51351,0.00790
113026000000,39.11816,-2.63339,-0.23473,0.67391,-0.00016,0.00054,0.73881,-0.25432,1.49226,0.00778
113059000000,39.10956,-2.58536,-0.23444,0.67146,-0.00018,0.00051,0.74104,-0.25250,1.47426,0.00909
113092000000,39.10105,-2.53650,-0.23414,0.66914,-0.00018,0.00057,0.74313,-0.26152,1.48030,0.00892
113125000000,39.09188,-2.48827,-0.23385,0.66670,-0.00020,0.00056,0.74533,-0.28226,1.48437,0.00958
113158000000,39.08265,-2.43939,-0.23359,0.66415,-0.00020,0.00056,0.74760,-0.27968,1.47752,0.00964
113191000000,39.07314,-2.39165,-0.23332,0.66187,-0.00017,0.00049,0.74962,-0.28367,1.46078,0.01049
113224000000,39.06350,-2.34364,-0.23304,0.65965,-0.00019,0.00050,0.75157,-0.28722,1.45056,0.01074
113257000000,39.05369,-2.29667,-0.23283,0.65758,-0.00018,0.00050,0.75339,-0.29032,1.44478,0.01078
113290000000,39.04411,-2.24890,-0.23251,0.65566,-0.00020,0.00051,0.75505,-0.29443,1.44420,0.01214
113323000000,39.03414,-2.20200,-0.23246,0.65378,-0.00013,0.00048,0.75669,-0.29859,1.44321,0.01136
113356000000,39.02421,-2.15432,-0.23211,0.65196,-0.00015,0.00045,0.75825,-0.30316,1.44428,0.01039
113389000000,39.01390,-2.10704,-0.23231,0.65024,-0.00017,0.00043,0.75973,-0.30814,1.44245,0.00907
113422000000,39.00367,-2.05949,-0.23204,0.64856,-0.00014,0.00043,0.76116,-0.31307,1.44211,0.00812
113455000000,38.99279,-2.01214,-0.23236,0.64695,-0.00017,0.00038,0.76253,-0.31716,1.44186,0.00656
113488000000,38.98230,-1.96474,-0.23205,0.64537,-0.00016,0.00036,0.76387,-0.31956,1.44144,0.00512
113521000000,38.97132,-1.91762,-0.23235,0.64380,-0.00012,0.00033,0.76519,-0.32388,1.44083,0.00473
113554000000,38.96054,-1.86980,-0.23217,0.64230,-0.00013,0.00035,0.76645,-0.32721,1.44153,0.00637
113587000000,38.94940,-1.82208,-0.23238,0.64086,-0.00015,0.00032,0.76766,-0.33132,1.44212,0.00536
113620000000,38.93861,-1.77503,-0.23212,0.63951,-0.00013,0.00029,0.76878,-0.33379,1.44131,0.00591
113653000000,38.92751,-1.72751,-0.23228,0.63819,-0.00014,0.00035,0.76988,-0.33651,1.44139,0.00578
113686000000,38.91627,-1.67968,-0.23213,0.63686,-0.00017,0.00033,0.77098,-0.34497,1.45179,0.00628
113719000000,38.90449,-1.63168,-0.23238,0.63530,-0.00018,0.00031,0.77227,-0.36638,1.46082,0.00508
113752000000,38.89235,-1.58346,-0.23218,0.63353,-0.00018,0.00030,0.77372,-0.37502,1.46236,0.00486
113785000000,38.87990,-1.53557,-0.23218,0.63161,-0.00015,0.00025,0.77529,-0.39024,1.47269,0.00471
113818000000,38.86687,-1.48673,-0.23206,0.62946,-0.00016,0.00028,0.77703,-0.40390,1.47738,0.00463
113851000000,38.85329,-1.43823,-0.23210,0.62701,-0.00017,0.00026,0.77901,-0.42251,1.48799,0.00326
113884000000,38.83905,-1.38890,-0.23199,0.62425,-0.00019,0.00028,0.78123,-0.43961,1.48967,0.00489
113917000000,38.82434,-1.34024,-0.23189,0.62120,-0.00014,0.00025,0.78365,-0.46048,1.49216,0.00537
113950000000,38.80886,-1.29107,-0.23181,0.61774,-0.00011,0.00026,0.78638,-0.48698,1.49518,0.00557
113983000000,38.79281,-1.24214,-0.23177,0.61402,-0.00010,0.00030,0.78929,-0.50414,1.47711,0.00547
114016000000,38.77598,-1.19368,-0.23158,0.61030,-0.00009,0.00030,0.79217,-0.51718,1.45514,0.00560
114049000000,38.75900,-1.14585,-0.23150,0.60666,-0.00006,0.00032,0.79496,-0.53199,1.44646,0.00630
114082000000,38.74101,-1.09824,-0.23131,0.60287,-0.00006,0.00031,0.79784,-0.55350,1.44351,0.00640
114115000000,38.72246,-1.05105,-0.23125,0.59873,-0.00001,0.00029,0.80095,-0.57738,1.44188,0.00589
114148000000,38.70284,-1.00351,-0.23105,0.59416,-0.00002,0.00031,0.80435,-0.60718,1.44171,0.00630
114214000000,38.66076,-0.90890,-0.23081,0.58360,-0.00011,0.00033,0.81204,-0.66854,1.42844,0.00623
114247000000,38.63805,-0.86211,-0.23051,0.57764,-0.00011,0.00031,0.81629,-0.70420,1.41818,0.00675
114280000000,38.61398,-0.81566,-0.23055,0.57107,-0.00009,0.00032,0.82090,-0.74257,1.40635,0.00680
114313000000,38.58853,-0.76953,-0.23060,0.56388,-0.00012,0.00030,0.82586,-0.78505,1.39257,0.00602
114346000000,38.56167,-0.72410,-0.23059,0.55610,-0.00011,0.00029,0.83112,-0.82751,1.37274,0.00624
114379000000,38.53328,-0.67936,-0.23054,0.54750,-0.00014,0.00022,0.83680,-0.87341,1.34868,0.00644
114412000000,38.50325,-0.63525,-0.23049,0.53824,-0.00017,0.00023,0.84279,-0.92327,1.32208,0.00709
114445000000,38.47173,-0.59216,-0.23038,0.52814,-0.00015,0.00028,0.84916,-0.97537,1.29197,0.00744
114478000000,38.43840,-0.55024,-0.23019,0.51718,-0.00019,0.00029,0.85588,-1.02647,1.25555,0.00788
114511000000,38.40343,-0.50924,-0.23002,0.50544,-0.00020,0.00029,0.86286,-1.07902,1.21624,0.00776
114544000000,38.36679,-0.46973,-0.22982,0.49276,-0.00024,0.00030,0.87016,-1.12945,1.16981,0.00846
114577000000,38.32872,-0.43169,-0.22969,0.47975,-0.00029,0.00025,0.87741,-1.16580,1.11620,0.00779
114610000000,38.28938,-0.39544,-0.22951,0.46675,-0.00037,0.00030,0.88439,-1.20131,1.06520,0.00820
114643000000,38.24920,-0.36078,-0.22933,0.45383,-0.00038,0.00037,0.89109,-1.23247,1.01617,0.00820
114676000000,38.20806,-0.32770,-0.22915,0.44107,-0.00034,0.00047,0.89747,-1.26061,0.97059,0.00785
114709000000,38.16601,-0.29618,-0.22901,0.42845,-0.00031,0.00051,0.90357,-1.28532,0.92852,0.00739
114742000000,38.12316,-0.26616,-0.22886,0.41606,-0.00029,0.00057,0.90934,-1.30777,0.88782,0.00834
114775000000,38.07958,-0.23730,-0.22872,0.40406,-0.00028,0.00057,0.91473,-1.32900,0.85062,0.00727
114808000000,38.03541,-0.20965,-0.22857,0.39234,-0.00030,0.00060,0.91982,-1.34839,0.81482,0.00677
114841000000,37.99068,-0.18310,-0.22846,0.38106,-0.00032,0.00062,0.92455,-1.35532,0.79279,0.00651
114874000000,37.94617,-0.15684,-0.22829,0.37078,-0.00032,0.00061,0.92872,-1.35033,0.78330,0.00710
114907000000,37.90140,-0.13132,-0.22812,0.36106,-0.00030,0.00061,0.93254,-1.36223,0.76081,0.00775
114940000000,37.85637,-0.10652,-0.22784,0.35190,-0.00035,0.00058,0.93604,-1.37177,0.74216,0.01022
114973000000,37.81112,-0.08227,-0.22750,0.34324,-0.00036,0.00060,0.93925,-1.37918,0.72601,0.01069
115006000000,37.76571,-0.05852,-0.22714,0.33519,-0.00033,0.00064,0.94215,-1.38390,0.71314,0.01115
115039000000,37.72001,-0.03519,-0.22676,0.32776,-0.00033,0.00063,0.94476,-1.38751,0.70194,0.01236
115072000000,37.67407,-0.01229,-0.22635,0.32089,-0.00035,0.00060,0.94711,-1.39451,0.69216,0.01267
115105000000,37.62792,0.01024,-0.22594,0.31412,-0.00033,0.00055,0.94938,-1.39997,0.67924,0.01258
115138000000,37.58157,0.03222,-0.22551,0.30709,-0.00031,0.00050,0.95168,-1.40638,0.65823,0.01427
115171000000,37.53529,0.05348,-0.22506,0.29967,-0.00029,0.00050,0.95404,-1.41241,0.63445,0.01478
115204000000,37.48874,0.07395,-0.22463,0.29181,-0.00023,0.00044,0.95648,-1.42059,0.60957,0.01549
115237000000,37.44191,0.09337,-0.22421,0.28349,-0.00020,0.00042,0.95897,-1.42742,0.57975,0.01583
115270000000,37.39461,0.11172,-0.22377,0.27488,-0.00022,0.00037,0.96148,-1.44248,0.54163,0.01644
115303000000,37.34721,0.12893,-0.22335,0.26598,-0.00023,0.00037,0.96398,-1.43985,0.52679,0.01686
115336000000,37.29965,0.14542,-0.22298,0.25751,-0.00024,0.00032,0.96628,-1.44210,0.50214,0.01627
115369000000,37.25208,0.16113,-0.22263,0.24939,-0.00022,0.00030,0.96840,-1.44298,0.47960,0.01669
115402000000,37.20437,0.17620,-0.22230,0.24166,-0.00019,0.00026,0.97036,-1.44376,0.46001,0.01717
115435000000,37.15703,0.19075,-0.22193,0.23436,-0.00014,0.00025,0.97215,-1.44046,0.44384,0.01701
115468000000,37.10945,0.20480,-0.22160,0.22741,-0.00013,0.00019,0.97380,-1.43754,0.43003,0.01592
115501000000,37.06213,0.21851,-0.22126,0.22084,-0.00011,0.00011,0.97531,-1.43526,0.41581,0.01599
115534000000,37.01489,0.23194,-0.22070,0.21424,-0.00011,0.00011,0.97678,-1.43491,0.40007,0.01526
115567000000,36.96729,0.24447,-0.22044,0.20749,-0.00009,0.00009,0.97824,-1.43590,0.38015,0.01522
115600000000,36.92020,0.25689,-0.21995,0.20058,-0.00012,0.00013,0.97968,-1.43395,0.36242,0.01628
115633000000,36.87288,0.26815,-0.21964,0.19355,-0.00012,0.00010,0.98109,-1.44352,0.34378,0.01639
115666000000,36.82502,0.27930,-0.21901,0.18650,-0.00014,0.00015,0.98245,-1.46141,0.32865,0.01731
115699000000,36.77674,0.28947,-0.21885,0.17937,-0.00009,0.00010,0.98378,-1.46379,0.30716,0.01601
115732000000,36.72866,0.29918,-0.21830,0.17250,-0.00012,0.00012,0.98501,-1.45663,0.28873,0.01535
115765000000,36.68053,0.30789,-0.21832,0.16591,-0.00008,0.00006,0.98614,-1.44802,0.27179,0.01416
115798000000,36.63334,0.31674,-0.21768,0.15960,-0.00004,0.00009,0.98718,-1.43869,0.25802,0.01461
115831000000,36.58599,0.32469,-0.21773,0.15355,-0.00007,-0.00001,0.98814,-1.42927,0.24355,0.01269
115864000000,36.53915,0.33282,-0.21722,0.14759,-0.00004,0.00009,0.98905,-1.42094,0.23004,0.01416
115897000000,36.49231,0.34006,-0.21731,0.14169,-0.00006,0.00008,0.98991,-1.41570,0.21613,0.01298
115930000000,36.44570,0.34712,-0.21693,0.13601,-0.00005,0.00009,0.99071,-1.41754,0.20673,0.01362
115963000000,36.39827,0.35363,-0.21715,0.13047,-0.00007,0.00004,0.99145,-1.42125,0.19606,0.01286
115996000000,36.35194,0.36023,-0.21649,0.12515,-0.00008,0.00007,0.99214,-1.42895,0.18729,0.01332
116029000000,36.30426,0.36628,-0.21653,0.11991,-0.00006,0.00003,0.99278,-1.44622,0.17844,0.01295
116062000000,36.25631,0.37206,-0.21619,0.11468,-0.00011,0.00003,0.99340,-1.46714,0.16813,0.01310
116095000000,36.20729,0.37729,-0.21639,0.10948,-0.00017,0.00010,0.99399,-1.47875,0.15542,0.01130
116128000000,36.15863,0.38221,-0.21599,0.10425,-0.00014,0.00003,0.99455,-1.48840,0.13889,0.01149
116161000000,36.10858,0.38600,-0.21629,0.09859,-0.00022,-0.00002,0.99513,-1.50500,0.09828,0.01021
116194000000,36.05920,0.38897,-0.21591,0.09262,-0.00026,-0.00003,0.99570,-1.51943,0.07949,0.01120
116227000000,36.00892,0.39146,-0.21645,0.08659,-0.00028,-0.00006,0.99624,-1.51349,0.05957,0.00897
116260000000,35.95929,0.39337,-0.21612,0.08073,-0.00026,-0.00004,0.99674,-1.49720,0.05914,0.00936
116293000000,35.90964,0.39539,-0.21667,0.07534,-0.00031,-0.00003,0.99716,-1.47903,0.04404,0.00822
116326000000,35.86149,0.39673,-0.21628,0.07009,-0.00034,-0.00002,0.99754,-1.45951,0.03076,0.00854
116359000000,35.81312,0.39810,-0.21673,0.06504,-0.00031,0.00001,0.99788,-1.44230,0.02169,0.00781
116392000000,35.76597,0.39860,-0.21647,0.06019,-0.00030,-0.00000,0.99819,-1.43787,0.01252,0.00763
116425000000,35.71817,0.39959,-0.21692,0.05549,-0.00031,-0.00000,0.99846,-1.44009,0.00546,0.00590
116458000000,35.67084,0.39962,-0.21664,0.05091,-0.00027,-0.00000,0.99870,-1.44125,-0.00265,0.00659
116491000000,35.62282,0.39992,-0.21701,0.04655,-0.00025,-0.00001,0.99892,-1.44352,-0.00980,0.00588
116524000000,35.57557,0.39942,-0.21681,0.04231,-0.00017,-0.00002,0.99910,-1.44342,-0.01827,0.00619
116557000000,35.52719,0.39904,-0.21731,0.03822,-0.00020,-0.00006,0.99927,-1.44456,-0.02543,0.00487
116590000000,35.47981,0.39807,-0.21705,0.03423,-0.00019,-0.00007,0.99941,-1.44530,-0.03206,0.00582
116623000000,35.43112,0.39713,-0.21749,0.03038,-0.00023,-0.00012,0.99954,-1.44992,-0.04023,0.00433
116656000000,35.38342,0.39570,-0.21727,0.02670,-0.00016,-0.00010,0.99964,-1.45061,-0.04661,0.00433
116689000000,35.33434,0.39419,-0.21787,0.02309,-0.00020,-0.00011,0.99973,-1.45363,-0.05137,0.00309
116722000000,35.28649,0.39240,-0.21771,0.01957,-0.00020,-0.00015,0.99981,-1.45555,-0.05862,0.00389
116755000000,35.23690,0.39068,-0.21830,0.01621,-0.00023,-0.00017,0.99987,-1.45974,-0.06340,0.00306
116788000000,35.18916,0.38850,-0.21813,0.01294,-0.00014,-0.00012,0.99992,-1.46045,-0.06850,0.00449
116821000000,35.13966,0.38651,-0.21873,0.00980,-0.00018,-0.00015,0.99995,-1.46425,-0.07327,0.00410
116854000000,35.09169,0.38396,-0.21847,0.00670,-0.00018,-0.00016,0.99998,-1.46411,-0.07789,0.00520
116887000000,35.04270,0.38164,-0.21889,0.00372,-0.00025,-0.00018,0.99999,-1.46681,-0.08407,0.00487
116920000000,34.99436,0.37875,-0.21864,0.00084,-0.00023,-0.00019,1.00000,-1.46688,-0.08971,0.00744
116953000000,34.94499,0.37620,-0.21895,-0.00188,-0.00028,-0.00017,1.00000,-1.46929,-0.09427,0.00658
116986000000,34.89665,0.37315,-0.21871,-0.00457,-0.00023,-0.00012,0.99999,-1.46956,-0.09889,0.00718
117019000000,34.84824,0.36989,-0.21851,-0.00711,-0.00029,-0.00008,0.99997,-1.47044,-0.10300,0.00648
117052000000,34.79879,0.36699,-0.21897,-0.00953,-0.00029,-0.00004,0.99995,-1.47370,-0.10663,0.00492
117085000000,34.75052,0.36336,-0.21872,-0.01190,-0.00025,-0.00000,0.99993,-1.47415,-0.11161,0.00524
117118000000,34.70189,0.35958,-0.21853,-0.01418,-0.00023,0.00006,0.99990,-1.47467,-0.11687,0.00630
117151000000,34.65316,0.35578,-0.21874,-0.01633,-0.00024,0.00006,0.99987,-1.47462,-0.12128,0.00729
117184000000,34.60504,0.35163,-0.21838,-0.01839,-0.00020,0.00010,0.99983,-1.47386,-0.12735,0.00914
117217000000,34.55635,0.34741,-0.21804,-0.02043,-0.00015,0.00008,0.99979,-1.47390,-0.13129,0.01153
117250000000,34.50708,0.34314,-0.21827,-0.02236,-0.00016,0.00009,0.99975,-1.47626,-0.13477,0.01088
117283000000,34.45870,0.33851,-0.21794,-0.02429,-0.00015,0.00012,0.99970,-1.47658,-0.13742,0.01121
117316000000,34.41015,0.33412,-0.21760,-0.02616,-0.00016,0.00016,0.99966,-1.47645,-0.13974,0.01103
117349000000,34.36064,0.32973,-0.21790,-0.02789,-0.00019,0.00019,0.99961,-1.47835,-0.14301,0.01278
117382000000,34.31227,0.32497,-0.21745,-0.02963,-0.00019,0.00021,0.99956,-1.47766,-0.14541,0.01367
117415000000,34.26358,0.32035,-0.21687,-0.03131,-0.00019,0.00017,0.99951,-1.47811,-0.14780,0.01432
117448000000,34.21471,0.31565,-0.21692,-0.03287,-0.00019,0.00013,0.99946,-1.47851,-0.15103,0.01329
117481000000,34.16626,0.31063,-0.21651,-0.03437,-0.00017,0.00016,0.99941,-1.47902,-0.15377,0.01383
117514000000,34.11794,0.30531,-0.21604,-0.03581,-0.00013,0.00019,0.99936,-1.47816,-0.15700,0.01421
117547000000,34.06791,0.30041,-0.21634,-0.03725,-0.00020,0.00017,0.99931,-1.48125,-0.15872,0.01376
117580000000,34.01967,0.29505,-0.21579,-0.03861,-0.00020,0.00014,0.99925,-1.48176,-0.16196,0.01338
117613000000,33.97107,0.28964,-0.21542,-0.03989,-0.00019,0.00017,0.99920,-1.47248,-0.16207,0.01412
117646000000,33.92150,0.28455,-0.21572,-0.04096,-0.00025,0.00010,0.99916,-1.45988,-0.15858,0.01275
117679000000,33.87408,0.27920,-0.21530,-0.04180,-0.00027,0.00012,0.99913,-1.45075,-0.15625,0.01384
117712000000,33.82686,0.27386,-0.21481,-0.04244,-0.00027,0.00015,0.99910,-1.43637,-0.15174,0.01478
117745000000,33.77933,0.26892,-0.21511,-0.04277,-0.00029,0.00013,0.99908,-1.42867,-0.14519,0.01326
117778000000,33.73247,0.26422,-0.21466,-0.04305,-0.00032,0.00014,0.99907,-1.44165,-0.14331,0.01429
117811000000,33.68446,0.25945,-0.21417,-0.04322,-0.00032,0.00012,0.99907,-1.46166,-0.14186,0.01521
117844000000,33.63537,0.25492,-0.21447,-0.04347,-0.00032,0.00012,0.99905,-1.48146,-0.14294,0.01413
117877000000,33.58736,0.25011,-0.21394,-0.04384,-0.00033,0.00014,0.99904,-1.48938,-0.14407,0.01391
117910000000,33.53836,0.24549,-0.21352,-0.04422,-0.00029,0.00011,0.99902,-1.48940,-0.14388,0.01481
117943000000,33.48805,0.24140,-0.21378,-0.04453,-0.00032,0.00007,0.99901,-1.49143,-0.14428,0.01433
117976000000,33.44039,0.23615,-0.21322,-0.04488,-0.00027,0.00003,0.99899,-1.48935,-0.14552,0.01517
118009000000,33.39126,0.23134,-0.21281,-0.04524,-0.00029,0.00003,0.99898,-1.48923,-0.14615,0.01594
118042000000,33.34141,0.22668,-0.21320,-0.04549,-0.00030,0.00002,0.99896,-1.49135,-0.14519,0.01615
118075000000,33.29279,0.22185,-0.21269,-0.04588,-0.00024,-0.00000,0.99895,-1.49052,-0.14649,0.01617
118108000000,33.24376,0.21752,-0.21215,-0.04621,-0.00031,-0.00002,0.99893,-1.49112,-0.14566,0.01559
118141000000,33.19359,0.21341,-0.21234,-0.04644,-0.00029,-0.00002,0.99892,-1.49296,-0.14449,0.01473
118174000000,33.14590,0.20799,-0.21178,-0.04672,-0.00029,-0.00007,0.99891,-1.49171,-0.14605,0.01492
118207000000,33.09665,0.20298,-0.21113,-0.04699,-0.00028,-0.00006,0.99890,-1.49159,-0.14753,0.01845
118240000000,33.04790,0.19827,-0.21115,-0.04726,-0.00029,-0.00005,0.99888,-1.49069,-0.14643,0.01766
118273000000,32.99955,0.19320,-0.21061,-0.04748,-0.00025,-0.00012,0.99887,-1.49072,-0.14734,0.01802
118306000000,32.95055,0.18851,-0.21009,-0.04773,-0.00029,-0.00011,0.99886,-1.48999,-0.14732,0.01917
118339000000,32.90231,0.18447,-0.21019,-0.04786,-0.00027,-0.00005,0.99885,-1.47216,-0.14152,0.01907
118372000000,32.85497,0.17916,-0.20972,-0.04784,-0.00028,-0.00006,0.99886,-1.45654,-0.13748,0.01950
118405000000,32.80699,0.17470,-0.20919,-0.04754,-0.00031,-0.00004,0.99887,-1.44797,-0.13162,0.02042
118438000000,32.75910,0.17009,-0.20947,-0.04701,-0.00034,-0.00008,0.99889,-1.43243,-0.12204,0.01844
118471000000,32.71297,0.16586,-0.20885,-0.04627,-0.00026,-0.00011,0.99893,-1.42016,-0.11221,0.01803
118504000000,32.66574,0.16219,-0.20837,-0.04528,-0.00020,-0.00014,0.99897,-1.44001,-0.10674,0.01688
118537000000,32.61720,0.15854,-0.20916,-0.04430,-0.00022,-0.00019,0.99902,-1.46072,-0.10191,0.01527
118570000000,32.57016,0.15500,-0.20854,-0.04346,-0.00022,-0.00022,0.99905,-1.47824,-0.10039,0.01559
118603000000,32.52100,0.15188,-0.20909,-0.04268,-0.00023,-0.00019,0.99909,-1.49466,-0.10798,0.01410
118636000000,32.47274,0.14836,-0.20864,-0.04221,-0.00018,-0.00017,0.99911,-1.49659,-0.10766,0.01507
118669000000,32.42460,0.14455,-0.20904,-0.04175,-0.00012,-0.00011,0.99913,-1.49433,-0.10835,0.01503
118702000000,32.37530,0.14063,-0.20851,-0.04127,-0.00012,-0.00015,0.99915,-1.49340,-0.10744,0.01652
118735000000,32.32534,0.13698,-0.20870,-0.04076,-0.00013,-0.00011,0.99917,-1.49496,-0.10641,0.01675
118768000000,32.27761,0.13357,-0.20793,-0.04037,-0.00014,-0.00013,0.99918,-1.49208,-0.10616,0.01735
118801000000,32.22676,0.12993,-0.20830,-0.03996,-0.00019,-0.00020,0.99920,-1.49423,-0.10560,0.01638
118834000000,32.17916,0.12631,-0.20768,-0.03953,-0.00012,-0.00019,0.99922,-1.49183,-0.10473,0.01784
118867000000,32.12876,0.12302,-0.20809,-0.03912,-0.00018,-0.00016,0.99923,-1.49386,-0.10420,0.01681
118900000000,32.08013,0.11923,-0.20739,-0.03873,-0.00009,-0.00017,0.99925,-1.49212,-0.10389,0.01832
118933000000,32.02769,0.11563,-0.20772,-0.03830,-0.00016,-0.00018,0.99927,-1.49727,-0.10406,0.01676
118966000000,31.97964,0.11204,-0.20689,-0.03797,-0.00014,-0.00014,0.99928,-1.49593,-0.10378,0.01814
118999000000,31.92739,0.10834,-0.20705,-0.03760,-0.00023,-0.00018,0.99929,-1.50104,-0.10415,0.01733
119032000000,31.87913,0.10484,-0.20632,-0.03726,-0.00024,-0.00016,0.99931,-1.49854,-0.10486,0.01816
119065000000,31.82856,0.10131,-0.20613,-0.03696,-0.00028,-0.00016,0.99932,-1.50116,-0.10444,0.01769
119098000000,31.77943,0.09788,-0.20556,-0.03661,-0.00021,-0.00015,0.99933,-1.50083,-0.10359,0.01714
119131000000,31.72855,0.09476,-0.20549,-0.03632,-0.00029,-0.00017,0.99934,-1.50330,-0.10242,0.01759
119164000000,31.68008,0.09140,-0.20483,-0.03603,-0.00025,-0.00015,0.99935,-1.50104,-0.10270,0.01699
119197000000,31.62895,0.08846,-0.20487,-0.03573,-0.00029,-0.00015,0.99936,-1.50417,-0.10014,0.01775
119230000000,31.58107,0.08493,-0.20418,-0.03548,-0.00023,-0.00018,0.99937,-1.50226,-0.10104,0.01808
119263000000,31.53163,0.08157,-0.20370,-0.03524,-0.00022,-0.00020,0.99938,-1.50170,-0.09928,0.01753
119296000000,31.48014,0.07873,-0.20367,-0.03496,-0.00031,-0.00017,0.99939,-1.50408,-0.09825,0.01709
119329000000,31.43163,0.07545,-0.20303,-0.03468,-0.00028,-0.00021,0.99940,-1.49951,-0.09684,0.01734
119362000000,31.37939,0.07310,-0.20311,-0.03432,-0.00038,-0.00019,0.99941,-1.49183,-0.08829,0.01604
119395000000,31.33385,0.07017,-0.20235,-0.03388,-0.00024,-0.00021,0.99943,-1.47666,-0.08323,0.01723
119428000000,31.28507,0.06774,-0.20248,-0.03321,-0.00024,-0.00018,0.99945,-1.46308,-0.07475,0.01531
119461000000,31.23686,0.06522,-0.20202,-0.03250,-0.00024,-0.00021,0.99947,-1.47626,-0.07124,0.01383
119494000000,31.18730,0.06285,-0.20217,-0.03181,-0.00027,-0.00018,0.99949,-1.49611,-0.06913,0.01275
119527000000,31.13847,0.06045,-0.20175,-0.03130,-0.00020,-0.00017,0.99951,-1.50348,-0.06903,0.01235
119560000000,31.08659,0.05833,-0.20195,-0.03073,-0.00025,-0.00016,0.99953,-1.50866,-0.06803,0.01252
119593000000,31.03969,0.05596,-0.20137,-0.03025,-0.00017,-0.00021,0.99954,-1.50409,-0.06740,0.01348
119626000000,30.98948,0.05389,-0.20158,-0.02981,-0.00023,-0.00016,0.99956,-1.50682,-0.06628,0.01197
119659000000,30.94061,0.05137,-0.20113,-0.02938,-0.00016,-0.00021,0.99957,-1.50545,-0.06502,0.01337
119692000000,30.89073,0.04888,-0.20081,-0.02895,-0.00017,-0.00025,0.99958,-1.50579,-0.06450,0.01254
119725000000,30.84040,0.04654,-0.20133,-0.02852,-0.00019,-0.00025,0.99959,-1.50655,-0.06441,0.01109
119758000000,30.79151,0.04436,-0.20101,-0.02807,-0.00011,-0.00023,0.99961,-1.50439,-0.06325,0.01117
119791000000,30.74168,0.04205,-0.20070,-0.02767,-0.00015,-0.00023,0.99962,-1.50483,-0.06239,0.01039
119824000000,30.69027,0.03950,-0.20131,-0.02725,-0.00023,-0.00023,0.99963,-1.50797,-0.06233,0.00960
119857000000,30.64269,0.03758,-0.20073,-0.02689,-0.00014,-0.00021,0.99964,-1.50549,-0.06074,0.00995
119890000000,30.59168,0.03548,-0.20115,-0.02658,-0.00015,-0.00019,0.99965,-1.50723,-0.05957,0.00911
119923000000,30.54231,0.03369,-0.20082,-0.02625,-0.00012,-0.00018,0.99966,-1.50786,-0.05851,0.00871
119956000000,30.49236,0.03170,-0.20062,-0.02594,-0.00012,-0.00022,0.99966,-1.50861,-0.05744,0.00847
119989000000,30.44119,0.02946,-0.20109,-0.02561,-0.00019,-0.00025,0.99967,-1.51083,-0.05702,0.00770
120022000000,30.39174,0.02746,-0.20071,-0.02527,-0.00019,-0.00025,0.99968,-1.51186,-0.05590,0.00839
120055000000,30.33903,0.02504,-0.20128,-0.02496,-0.00024,-0.00030,0.99969,-1.51652,-0.05561,0.00893
120088000000,30.29118,0.02310,-0.20073,-0.02467,-0.00017,-0.00032,0.99970,-1.51284,-0.05491,0.00994
120121000000,30.24029,0.02078,-0.20081,-0.02438,-0.00024,-0.00034,0.99970,-1.51516,-0.05423,0.01067
120154000000,30.19007,0.01902,-0.20051,-0.02413,-0.00023,-0.00037,0.99971,-1.51450,-0.05392,0.00994
120187000000,30.13999,0.01725,-0.20019,-0.02387,-0.00025,-0.00041,0.99972,-1.51429,-0.05329,0.01123
120220000000,30.08850,0.01481,-0.20044,-0.02360,-0.00031,-0.00046,0.99972,-1.51599,-0.05294,0.01090
120253000000,30.03947,0.01312,-0.19995,-0.02340,-0.00024,-0.00048,0.99973,-1.51542,-0.05388,0.01157
120286000000,29.98967,0.01167,-0.19950,-0.02321,-0.00029,-0.00044,0.99973,-1.51653,-0.05345,0.01232
120319000000,29.93839,0.00955,-0.19958,-0.02292,-0.00037,-0.00042,0.99974,-1.51887,-0.05267,0.01215
120352000000,29.89002,0.00782,-0.19909,-0.02275,-0.00029,-0.00044,0.99974,-1.51555,-0.05273,0.01308
120385000000,29.83987,0.00602,-0.19875,-0.02256,-0.00026,-0.00041,0.99975,-1.51567,-0.05165,0.01427
120418000000,29.78988,0.00400,-0.19877,-0.02234,-0.00027,-0.00046,0.99975,-1.51606,-0.05192,0.01453
120451000000,29.74052,0.00217,-0.19824,-0.02214,-0.00026,-0.00047,0.99975,-1.51580,-0.05085,0.01645
120484000000,29.69021,0.00044,-0.19771,-0.02193,-0.00029,-0.00046,0.99976,-1.51459,-0.05102,0.01771
120517000000,29.64024,-0.00152,-0.19771,-0.02173,-0.00023,-0.00043,0.99976,-1.51424,-0.05069,0.01676
120550000000,29.59108,-0.00311,-0.19711,-0.02161,-0.00026,-0.00041,0.99977,-1.51147,-0.05008,0.01667
120583000000,29.54118,-0.00478,-0.19667,-0.02143,-0.00025,-0.00041,0.99977,-1.51181,-0.04998,0.01715
120616000000,29.49164,-0.00679,-0.19677,-0.02125,-0.00027,-0.00040,0.99977,-1.50340,-0.04946,0.01639
120649000000,29.44216,-0.00808,-0.19611,-0.02094,-0.00030,-0.00037,0.99978,-1.48454,-0.04443,0.01645
120682000000,29.39322,-0.00942,-0.19560,-0.02055,-0.00031,-0.00033,0.99979,-1.47068,-0.04018,0.01660
120715000000,29.34474,-0.01136,-0.19570,-0.01995,-0.00033,-0.00041,0.99980,-1.46243,-0.03399,0.01513
120748000000,29.29707,-0.01210,-0.19516,-0.01927,-0.00030,-0.00039,0.99981,-1.45374,-0.02558,0.01426
120781000000,29.24934,-0.01255,-0.19481,-0.01836,-0.00028,-0.00034,0.99983,-1.43594,-0.01587,0.01384
120814000000,29.20095,-0.01362,-0.19545,-0.01727,-0.00034,-0.00034,0.99985,-1.44647,-0.00690,0.01299
120847000000,29.15284,-0.01375,-0.19499,-0.01603,-0.00032,-0.00038,0.99987,-1.46751,0.00101,0.01299
120880000000,29.10389,-0.01360,-0.19452,-0.01477,-0.00033,-0.00039,0.99989,-1.48912,0.00772,0.01365
120913000000,29.05270,-0.01434,-0.19538,-0.01347,-0.00038,-0.00039,0.99991,-1.51189,0.00938,0.01253
120946000000,29.00313,-0.01413,-0.19493,-0.01230,-0.00038,-0.00039,0.99992,-1.52842,0.01063,0.01297
120979000000,28.95153,-0.01435,-0.19550,-0.01115,-0.00044,-0.00038,0.99994,-1.52924,0.01239,0.01144
121012000000,28.90091,-0.01399,-0.19503,-0.01006,-0.00041,-0.00037,0.99995,-1.52914,0.01498,0.01295
121045000000,28.84931,-0.01399,-0.19544,-0.00901,-0.00044,-0.00039,0.99996,-1.53056,0.01540,0.01163
121078000000,28.79860,-0.01342,-0.19502,-0.00800,-0.00049,-0.00039,0.99997,-1.53055,0.01672,0.01137
121111000000,28.74574,-0.01355,-0.19552,-0.00699,-0.00056,-0.00044,0.99998,-1.53456,0.01650,0.01074
121144000000,28.69531,-0.01308,-0.19501,-0.00606,-0.00052,-0.00046,0.99998,-1.53390,0.01869,0.01135
121177000000,28.64364,-0.01278,-0.19534,-0.00514,-0.00057,-0.00043,0.99999,-1.53557,0.02068,0.01016
121210000000,28.59329,-0.01214,-0.19503,-0.00422,-0.00056,-0.00043,0.99999,-1.53471,0.02215,0.01049
121243000000,28.54203,-0.01213,-0.19520,-0.00334,-0.00057,-0.00045,0.99999,-1.53617,0.02259,0.00951
121276000000,28.49145,-0.01129,-0.19494,-0.00247,-0.00058,-0.00045,1.00000,-1.53538,0.02308,0.01052
121309000000,28.44061,-0.01050,-0.19483,-0.00168,-0.00058,-0.00044,1.00000,-1.53661,0.02492,0.01094
121342000000,28.38852,-0.01019,-0.19522,-0.00092,-0.00060,-0.00047,1.00000,-1.53880,0.02649,0.00900
121375000000,28.33761,-0.00911,-0.19481,-0.00016,-0.00060,-0.00049,1.00000,-1.53852,0.02908,0.00934
121408000000,28.28625,-0.00840,-0.19504,0.00059,-0.00063,-0.00048,1.00000,-1.53848,0.03026,0.00858
121441000000,28.23514,-0.00741,-0.19474,0.00126,-0.00061,-0.00049,1.00000,-1.54017,0.03121,0.00914
121474000000,28.18398,-0.00644,-0.19513,0.00189,-0.00063,-0.00054,1.00000,-1.54025,0.03244,0.00873
121507000000,28.13346,-0.00535,-0.19468,0.00258,-0.00059,-0.00054,1.00000,-1.53953,0.03402,0.00954
121540000000,28.08260,-0.00434,-0.19425,0.00324,-0.00058,-0.00057,0.99999,-1.53950,0.03455,0.01098
121573000000,28.02928,-0.00351,-0.19465,0.00383,-0.00070,-0.00056,0.99999,-1.54562,0.03576,0.01001
121606000000,27.97888,-0.00198,-0.19421,0.00441,-0.00062,-0.00051,0.99999,-1.54465,0.03897,0.01022
121639000000,27.92805,-0.00064,-0.19396,0.00499,-0.00068,-0.00048,0.99999,-1.54353,0.03920,0.01007
121672000000,27.87486,0.00046,-0.19468,0.00561,-0.00082,-0.00043,0.99998,-1.54553,0.03954,0.00782
121705000000,27.82437,0.00187,-0.19430,0.00615,-0.00082,-0.00041,0.99998,-1.54487,0.04085,0.00765
121738000000,27.77318,0.00321,-0.19402,0.00666,-0.00080,-0.00040,0.99998,-1.54640,0.04200,0.00872
121771000000,27.71979,0.00426,-0.19467,0.00720,-0.00084,-0.00036,0.99997,-1.55094,0.04264,0.00719
121804000000,27.66912,0.00569,-0.19432,0.00765,-0.00081,-0.00041,0.99997,-1.55113,0.04306,0.00730
121837000000,27.61534,0.00686,-0.19503,0.00810,-0.00091,-0.00045,0.99997,-1.55564,0.04395,0.00538
121870000000,27.56413,0.00823,-0.19478,0.00863,-0.00091,-0.00049,0.99996,-1.55415,0.04554,0.00551
121903000000,27.51108,0.00924,-0.19551,0.00911,-0.00097,-0.00051,0.99996,-1.55639,0.04780,0.00317
121936000000,27.46004,0.01082,-0.19534,0.00953,-0.00096,-0.00051,0.99995,-1.55701,0.04940,0.00278
121969000000,27.40918,0.01263,-0.19519,0.00997,-0.00093,-0.00048,0.99995,-1.55497,0.05208,0.00294
122002000000,27.35664,0.01397,-0.19591,0.01036,-0.00098,-0.00047,0.99995,-1.55703,0.05228,0.00148
122035000000,27.30529,0.01548,-0.19580,0.01074,-0.00097,-0.00045,0.99994,-1.55765,0.05369,0.00179
122068000000,27.25405,0.01722,-0.19577,0.01111,-0.00097,-0.00044,0.99994,-1.55843,0.05446,0.00257
122101000000,27.20224,0.01852,-0.19646,0.01147,-0.00098,-0.00043,0.99993,-1.55951,0.05524,0.00212
122134000000,27.15042,0.02027,-0.19628,0.01182,-0.00102,-0.00043,0.99993,-1.55983,0.05528,0.00263
122167000000,27.09870,0.02188,-0.19681,0.01216,-0.00100,-0.00045,0.99993,-1.56096,0.05571,0.00191
122200000000,27.04791,0.02353,-0.19657,0.01249,-0.00100,-0.00040,0.99992,-1.55963,0.05638,0.00321
122233000000,26.99609,0.02536,-0.19649,0.01284,-0.00099,-0.00036,0.99992,-1.56002,0.05699,0.00271
122266000000,26.94496,0.02698,-0.19680,0.01321,-0.00099,-0.00033,0.99991,-1.56111,0.05774,0.00167
122299000000,26.89420,0.02869,-0.19666,0.01353,-0.00095,-0.00033,0.99991,-1.55954,0.05863,0.00319
122332000000,26.84271,0.03053,-0.19660,0.01381,-0.00098,-0.00031,0.99990,-1.55896,0.05914,0.00349
122365000000,26.79213,0.03211,-0.19702,0.01410,-0.00096,-0.00038,0.99990,-1.55757,0.05905,0.00247
122398000000,26.74165,0.03399,-0.19664,0.01438,-0.00093,-0.00035,0.99990,-1.55704,0.05977,0.00360
122431000000,26.69149,0.03540,-0.19691,0.01463,-0.00083,-0.00037,0.99989,-1.55447,0.05864,0.00344
122464000000,26.63996,0.03742,-0.19683,0.01487,-0.00084,-0.00031,0.99989,-1.55607,0.05932,0.00423
122497000000,26.59038,0.03899,-0.19684,0.01507,-0.00077,-0.00030,0.99989,-1.55316,0.05923,0.00362
122530000000,26.53926,0.04088,-0.19673,0.01531,-0.00073,-0.00035,0.99988,-1.55363,0.05964,0.00484
122563000000,26.48840,0.04242,-0.19681,0.01554,-0.00069,-0.00040,0.99988,-1.55435,0.05958,0.00512
122596000000,26.43810,0.04443,-0.19660,0.01579,-0.00069,-0.00034,0.99988,-1.55232,0.05991,0.00562
122629000000,26.38798,0.04633,-0.19658,0.01600,-0.00064,-0.00036,0.99987,-1.54985,0.06162,0.00462
122662000000,26.33705,0.04838,-0.19636,0.01622,-0.00066,-0.00036,0.99987,-1.54765,0.06209,0.00548
122695000000,26.28724,0.05041,-0.19625,0.01650,-0.00072,-0.00038,0.99986,-1.54531,0.06253,0.00559
122728000000,26.23612,0.05243,-0.19604,0.01667,-0.00074,-0.00038,0.99986,-1.55526,0.06428,0.00537
122761000000,26.18460,0.05480,-0.19593,0.01682,-0.00077,-0.00039,0.99986,-1.57227,0.06468,0.00471
122794000000,26.13326,0.05672,-0.19569,0.01697,-0.00074,-0.00043,0.99986,-1.57877,0.06266,0.00480
122827000000,26.08109,0.05875,-0.19563,0.01705,-0.00077,-0.00046,0.99985,-1.59233,0.06039,0.00358
122860000000,26.02868,0.06052,-0.19551,0.01693,-0.00074,-0.00049,0.99986,-1.60431,0.05533,0.00411
122893000000,25.97566,0.06217,-0.19543,0.01661,-0.00075,-0.00049,0.99986,-1.61412,0.04784,0.00496
122926000000,25.92309,0.06343,-0.19544,0.01603,-0.00070,-0.00050,0.99987,-1.62970,0.03891,0.00459
122959000000,25.86976,0.06437,-0.19528,0.01523,-0.00070,-0.00046,0.99988,-1.63785,0.02780,0.00440
122992000000,25.81590,0.06507,-0.19542,0.01409,-0.00069,-0.00043,0.99990,-1.65602,0.01555,0.00372
123025000000,25.76242,0.06508,-0.19519,0.01269,-0.00067,-0.00051,0.99992,-1.65890,-0.00039,0.00471
123058000000,25.70911,0.06467,-0.19510,0.01097,-0.00066,-0.00052,0.99994,-1.63390,-0.01610,0.00490
123091000000,25.65586,0.06377,-0.19497,0.00898,-0.00063,-0.00056,0.99996,-1.61463,-0.02892,0.00503
123124000000,25.60321,0.06212,-0.19518,0.00678,-0.00065,-0.00060,0.99998,-1.59142,-0.04165,0.00477
123157000000,25.55225,0.06016,-0.19489,0.00452,-0.00063,-0.00067,0.99999,-1.56832,-0.05246,0.00491
123190000000,25.50172,0.05754,-0.19506,0.00221,-0.00060,-0.00068,1.00000,-1.54591,-0.06265,0.00533
123223000000,25.45143,0.05557,-0.19472,0.00009,-0.00062,-0.00069,1.00000,-1.52618,-0.06081,0.00624
123256000000,25.40173,0.05300,-0.19476,-0.00196,-0.00061,-0.00071,1.00000,-1.51032,-0.06581,0.00650
123289000000,25.35242,0.05054,-0.19445,-0.00396,-0.00067,-0.00071,0.99999,-1.51022,-0.06989,0.00677
123322000000,25.30368,0.04764,-0.19460,-0.00585,-0.00063,-0.00072,0.99998,-1.50955,-0.07379,0.00603
123355000000,25.25410,0.04500,-0.19438,-0.00764,-0.00063,-0.00073,0.99997,-1.50926,-0.07790,0.00633
123388000000,25.20499,0.04201,-0.19452,-0.00932,-0.00060,-0.00077,0.99996,-1.50951,-0.08136,0.00624
123421000000,25.15580,0.03900,-0.19434,-0.01094,-0.00047,-0.00078,0.99994,-1.51001,-0.08564,0.00626
123454000000,25.10622,0.03596,-0.19449,-0.01255,-0.00046,-0.00082,0.99992,-1.50884,-0.08771,0.00537
123487000000,25.05698,0.03278,-0.19421,-0.01410,-0.00043,-0.00079,0.99990,-1.50901,-0.09185,0.00622
123520000000,25.00812,0.02946,-0.19418,-0.01560,-0.00037,-0.00080,0.99988,-1.50737,-0.09579,0.00551
123553000000,24.95871,0.02616,-0.19399,-0.01712,-0.00036,-0.00080,0.99985,-1.51478,-0.10049,0.00479
123586000000,24.90892,0.02247,-0.19404,-0.01859,-0.00038,-0.00079,0.99983,-1.52260,-0.10734,0.00480
123619000000,24.85854,0.01817,-0.19386,-0.02030,-0.00041,-0.00080,0.99979,-1.54194,-0.13595,0.00596
123652000000,24.80773,0.01360,-0.19382,-0.02217,-0.00035,-0.00072,0.99975,-1.55580,-0.14450,0.00640
123685000000,24.75662,0.00876,-0.19376,-0.02412,-0.00035,-0.00066,0.99971,-1.56399,-0.15523,0.00523
123718000000,24.70447,0.00376,-0.19386,-0.02628,-0.00036,-0.00061,0.99965,-1.57761,-0.16847,0.00491
123751000000,24.65324,-0.00209,-0.19361,-0.02868,-0.00028,-0.00063,0.99959,-1.58554,-0.18483,0.00592
123784000000,24.60157,-0.00810,-0.19370,-0.03139,-0.00026,-0.00056,0.99951,-1.59610,-0.20275,0.00544
123817000000,24.54867,-0.01526,-0.19349,-0.03445,-0.00027,-0.00060,0.99941,-1.60437,-0.22199,0.00700
123850000000,24.49580,-0.02236,-0.19358,-0.03788,-0.00026,-0.00060,0.99928,-1.60404,-0.24164,0.00756
123883000000,24.44347,-0.03060,-0.19316,-0.04169,-0.00024,-0.00055,0.99913,-1.61078,-0.26912,0.00852
123916000000,24.38896,-0.03959,-0.19330,-0.04588,-0.00033,-0.00052,0.99895,-1.63785,-0.29199,0.00891
123949000000,24.33601,-0.04987,-0.19292,-0.05005,-0.00028,-0.00053,0.99875,-1.62955,-0.32642,0.00881
123982000000,24.28273,-0.06093,-0.19312,-0.05540,-0.00031,-0.00058,0.99846,-1.60712,-0.35454,0.00752
124015000000,24.23034,-0.07314,-0.19284,-0.06104,-0.00031,-0.00056,0.99814,-1.58877,-0.38044,0.00809
124048000000,24.17753,-0.08549,-0.19308,-0.06683,-0.00040,-0.00048,0.99776,-1.56412,-0.40020,0.00717
124081000000,24.12791,-0.09904,-0.19275,-0.07260,-0.00033,-0.00047,0.99736,-1.53641,-0.41865,0.00836
124114000000,24.07699,-0.11243,-0.19296,-0.07833,-0.00035,-0.00042,0.99693,-1.51246,-0.43328,0.00792
124147000000,24.02877,-0.12689,-0.19251,-0.08389,-0.00027,-0.00042,0.99647,-1.48760,-0.44613,0.00829
124180000000,23.98050,-0.14091,-0.19257,-0.08921,-0.00027,-0.00038,0.99601,-1.47023,-0.44352,0.00817
124213000000,23.93255,-0.15554,-0.19229,-0.09384,-0.00021,-0.00041,0.99559,-1.47296,-0.44602,0.00879
124279000000,23.83620,-0.18438,-0.19231,-0.10203,-0.00022,-0.00045,0.99478,-1.43816,-0.44700,0.00826
124312000000,23.78998,-0.19920,-0.19197,-0.10565,-0.00025,-0.00051,0.99440,-1.43446,-0.45042,0.00895
124345000000,23.74289,-0.21347,-0.19227,-0.10915,-0.00021,-0.00037,0.99402,-1.44063,-0.45735,0.00879
124378000000,23.69551,-0.22892,-0.19190,-0.11285,-0.00023,-0.00044,0.99361,-1.44772,-0.47125,0.00889
124411000000,23.64766,-0.24444,-0.19193,-0.11672,-0.00028,-0.00044,0.99316,-1.45571,-0.48629,0.00883
124444000000,23.60024,-0.26092,-0.19168,-0.12087,-0.00028,-0.00039,0.99267,-1.45620,-0.51015,0.00909
124477000000,23.55211,-0.27806,-0.19201,-0.12559,-0.00026,-0.00040,0.99208,-1.46457,-0.53208,0.00704
124510000000,23.50425,-0.29564,-0.19146,-0.13062,-0.00031,-0.00043,0.99143,-1.46755,-0.55444,0.00827
124543000000,23.45607,-0.31401,-0.19176,-0.13598,-0.00029,-0.00045,0.99071,-1.46273,-0.57399,0.00764
124576000000,23.40858,-0.33359,-0.19151,-0.14155,-0.00029,-0.00045,0.98993,-1.46054,-0.59719,0.00806
124609000000,23.36042,-0.35336,-0.19188,-0.14752,-0.00025,-0.00039,0.98906,-1.46227,-0.62560,0.00888
124642000000,23.31255,-0.37449,-0.19142,-0.15405,-0.00024,-0.00045,0.98806,-1.45813,-0.65552,0.00959
124675000000,23.26431,-0.39633,-0.19187,-0.16112,-0.00024,-0.00044,0.98694,-1.45119,-0.68851,0.00823
124708000000,23.21748,-0.41918,-0.19212,-0.16878,-0.00016,-0.00042,0.98565,-1.43747,-0.72030,0.00782
124741000000,23.16993,-0.44315,-0.19214,-0.17694,-0.00017,-0.00040,0.98422,-1.42649,-0.75760,0.00770
124774000000,23.12332,-0.46861,-0.19201,-0.18573,-0.00021,-0.00043,0.98260,-1.40997,-0.79445,0.00813
124840000000,23.03184,-0.52391,-0.19160,-0.20509,-0.00021,-0.00043,0.97874,-1.36941,-0.87829,0.00890
124906000000,22.94356,-0.58510,-0.19116,-0.22734,-0.00022,-0.00045,0.97381,-1.31663,-0.97275,0.00961
124939000000,22.90112,-0.61823,-0.19095,-0.23970,-0.00017,-0.00044,0.97085,-1.28202,-1.02367,0.01073
124972000000,22.86011,-0.65290,-0.19082,-0.25294,-0.00017,-0.00040,0.96748,-1.24016,-1.07526,0.00931
125005000000,22.82062,-0.68919,-0.19066,-0.26698,-0.00012,-0.00041,0.96370,-1.19399,-1.12812,0.00834
125038000000,22.78263,-0.72713,-0.19043,-0.28189,-0.00010,-0.00040,0.95945,-1.14153,-1.17890,0.00922
125071000000,22.74662,-0.76656,-0.19018,-0.29707,-0.00006,-0.00039,0.95486,-1.08148,-1.21594,0.01022
125104000000,22.71262,-0.80732,-0.18996,-0.31212,-0.00003,-0.00040,0.95004,-1.02494,-1.24780,0.00948
125137000000,22.68032,-0.84902,-0.18968,-0.32679,0.00008,-0.00038,0.94510,-0.96729,-1.28078,0.01092
125170000000,22.64992,-0.89178,-0.18937,-0.34126,0.00013,-0.00042,0.93997,-0.91311,-1.31149,0.01087
125203000000,22.62105,-0.93555,-0.18909,-0.35539,0.00015,-0.00042,0.93472,-0.86233,-1.33781,0.01026
125236000000,22.59388,-0.98011,-0.18884,-0.36910,0.00017,-0.00046,0.92939,-0.81501,-1.36182,0.01128
125302000000,22.54321,-1.07134,-0.18814,-0.39511,0.00024,-0.00052,0.91863,-0.72995,-1.40290,0.01391
125368000000,22.49733,-1.16454,-0.18738,-0.41888,0.00021,-0.00052,0.90804,-0.68494,-1.40822,0.01584
125401000000,22.47546,-1.21110,-0.18714,-0.42950,0.00021,-0.00053,0.90307,-0.65327,-1.41768,0.01519
125434000000,22.45441,-1.25801,-0.18694,-0.43959,0.00022,-0.00054,0.89820,-0.62490,-1.42298,0.01531
125467000000,22.43427,-1.30503,-0.18673,-0.44920,0.00025,-0.00054,0.89343,-0.59846,-1.42692,0.01549
125500000000,22.41494,-1.35208,-0.18655,-0.45828,0.00029,-0.00059,0.88881,-0.57509,-1.42927,0.01629
125533000000,22.39638,-1.39924,-0.18633,-0.46683,0.00025,-0.00060,0.88435,-0.55359,-1.42956,0.01615
125566000000,22.37848,-1.44644,-0.18613,-0.47482,0.00029,-0.00056,0.88008,-0.53598,-1.42822,0.01648
125599000000,22.36105,-1.49362,-0.18599,-0.48227,0.00033,-0.00056,0.87602,-0.52082,-1.42658,0.01579
125665000000,22.32754,-1.58788,-0.18536,-0.49610,0.00033,-0.00057,0.86826,-0.49015,-1.42965,0.01563
125698000000,22.31152,-1.63507,-0.18527,0.50269,-0.00032,0.00055,-0.86447,-0.47435,-1.43033,0.01428
125764000000,22.28095,-1.72954,-0.18471,0.51540,-0.00031,0.00055,-0.85695,-0.44642,-1.42875,0.01539
125830000000,22.25234,-1.82373,-0.18366,0.52745,-0.00035,0.00057,-0.84958,-0.41840,-1.42645,0.01683
125896000000,22.22516,-1.91790,-0.18340,0.53886,-0.00030,0.00066,-0.84239,-0.39089,-1.42171,0.01523
125929000000,22.21194,-1.96498,-0.18378,0.54438,-0.00026,0.00063,-0.83884,-0.37896,-1.41926,0.01311
125962000000,22.19927,-2.01203,-0.18408,0.54972,-0.00017,0.00067,-0.83535,-0.36610,-1.41656,0.01295
125995000000,22.18755,-2.05870,-0.18354,0.55501,-0.00016,0.00063,-0.83184,-0.35214,-1.41285,0.01340
126028000000,22.17564,-2.10564,-0.18388,0.56014,-0.00010,0.00064,-0.82839,-0.34142,-1.40922,0.01245
126061000000,22.16457,-2.15197,-0.18341,0.56509,-0.00013,0.00066,-0.82503,-0.32760,-1.40456,0.01259
126094000000,22.15344,-2.19863,-0.18378,0.57000,-0.00006,0.00072,-0.82164,-0.31502,-1.40025,0.01225
126127000000,22.14326,-2.24475,-0.18332,0.57473,-0.00002,0.00070,-0.81834,-0.30421,-1.40209,0.01294
126160000000,22.13303,-2.29155,-0.18370,0.57932,-0.00001,0.00066,-0.81510,-0.29525,-1.40580,0.01116
126193000000,22.12350,-2.33781,-0.18328,0.58372,0.00001,0.00066,-0.81195,-0.28525,-1.40883,0.01153
126226000000,22.11394,-2.38476,-0.18368,0.58798,0.00001,0.00064,-0.80888,-0.27706,-1.41289,0.01057
126259000000,22.10491,-2.43135,-0.18327,0.59207,0.00002,0.00068,-0.80589,-0.26951,-1.41598,0.01140
126292000000,22.09583,-2.47839,-0.18364,0.59599,-0.00000,0.00070,-0.80299,-0.26094,-1.41773,0.01045
126325000000,22.08742,-2.52509,-0.18325,0.59978,0.00001,0.00073,-0.80017,-0.25331,-1.41364,0.01186
126391000000,22.07073,-2.61776,-0.18306,0.60672,0.00010,0.00067,-0.79492,-0.24084,-1.39100,0.01283
126424000000,22.06292,-2.66351,-0.18271,0.60992,0.00007,0.00066,-0.79246,-0.23674,-1.38132,0.01408
126457000000,22.05483,-2.70921,-0.18303,0.61282,0.00010,0.00067,-0.79023,-0.23316,-1.36970,0.01271
126490000000,22.04721,-2.75407,-0.18257,0.61549,0.00009,0.00064,-0.78814,-0.23290,-1.35630,0.01347
126523000000,22.03929,-2.79918,-0.18297,0.61782,0.00012,0.00064,-0.78632,-0.23411,-1.34441,0.01169
126556000000,22.03149,-2.84314,-0.18256,0.61990,0.00009,0.00064,-0.78468,-0.23821,-1.32982,0.01253
126589000000,22.02344,-2.88673,-0.18221,0.62163,0.00014,0.00068,-0.78331,-0.24339,-1.31621,0.01194
126622000000,22.01531,-2.93069,-0.18271,0.62305,0.00016,0.00070,-0.78218,-0.24938,-1.30361,0.01165
126655000000,22.00703,-2.97339,-0.18229,0.62416,0.00018,0.00070,-0.78130,-0.25931,-1.30253,0.01284
126688000000,21.99838,-3.01694,-0.18196,0.62497,0.00021,0.00071,-0.78065,-0.27194,-1.32402,0.01217
126721000000,21.98911,-3.06171,-0.18223,0.62556,0.00028,0.00072,-0.78018,-0.28635,-1.34647,0.01009
126754000000,21.97944,-3.10635,-0.18178,0.62588,0.00029,0.00072,-0.77992,-0.29950,-1.36696,0.01178
126787000000,21.96964,-3.15202,-0.18150,0.62607,0.00024,0.00074,-0.77977,-0.30809,-1.38843,0.01270
126820000000,21.95938,-3.19939,-0.18208,0.62614,0.00024,0.00076,-0.77971,-0.31554,-1.41194,0.01159
126853000000,21.94888,-3.24624,-0.18183,0.62608,0.00024,0.00076,-0.77976,-0.32109,-1.43292,0.01162
126886000000,21.93828,-3.29469,-0.18217,0.62603,0.00026,0.00082,-0.77980,-0.32302,-1.43909,0.01158
126919000000,21.92765,-3.34182,-0.18179,0.62589,0.00022,0.00083,-0.77991,-0.32321,-1.42861,0.01178
126952000000,21.91692,-3.38944,-0.18201,0.62564,0.00025,0.00085,-0.78011,-0.32620,-1.42034,0.01150
126985000000,21.90615,-3.43633,-0.18161,0.62528,0.00023,0.00085,-0.78040,-0.32954,-1.41167,0.01088
127018000000,21.89526,-3.48348,-0.18191,0.62478,0.00019,0.00091,-0.78080,-0.33502,-1.40543,0.01046
127051000000,21.88411,-3.52957,-0.18161,0.62417,0.00015,0.00085,-0.78129,-0.34292,-1.39768,0.01082
127084000000,21.87273,-3.57593,-0.18196,0.62332,0.00022,0.00086,-0.78197,-0.35260,-1.38961,0.01004
127117000000,21.86105,-3.62181,-0.18164,0.62232,0.00025,0.00089,-0.78276,-0.36162,-1.38254,0.01045
127150000000,21.84898,-3.66741,-0.18170,0.62133,0.00030,0.00088,-0.78355,-0.36949,-1.37892,0.00842
127183000000,21.83673,-3.71339,-0.18145,0.62021,0.00027,0.00088,-0.78444,-0.38327,-1.39916,0.00891
127249000000,21.81062,-3.80722,-0.18121,0.61769,0.00026,0.00086,-0.78642,-0.39874,-1.43766,0.00906
127282000000,21.79799,-3.85478,-0.18095,0.61700,0.00022,0.00085,-0.78696,-0.37888,-1.44522,0.00977
127315000000,21.78538,-3.90261,-0.18126,0.61645,0.00026,0.00084,-0.78739,-0.38182,-1.44795,0.00988
127348000000,21.77267,-3.95023,-0.18087,0.61595,0.00028,0.00088,-0.78779,-0.38415,-1.44975,0.00947
127381000000,21.75998,-3.99831,-0.18126,0.61545,0.00032,0.00086,-0.78818,-0.38617,-1.45244,0.00971
127414000000,21.74730,-4.04640,-0.18103,0.61498,0.00028,0.00086,-0.78854,-0.38725,-1.45241,0.01040
127447000000,21.73451,-4.09469,-0.18128,0.61451,0.00033,0.00082,-0.78891,-0.38865,-1.45281,0.00946
127480000000,21.72175,-4.14269,-0.18110,0.61399,0.00027,0.00080,-0.78931,-0.39000,-1.45242,0.00910
127513000000,21.70880,-4.19084,-0.18144,0.61353,0.00030,0.00080,-0.78967,-0.39132,-1.45079,0.00913
127546000000,21.69606,-4.23850,-0.18124,0.61299,0.00023,0.00080,-0.79009,-0.40262,-1.43713,0.00932
127579000000,21.68260,-4.28597,-0.18146,0.61194,0.00030,0.00078,-0.79090,-0.40650,-1.43372,0.00981
127612000000,21.66902,-4.33324,-0.18115,0.61086,0.00032,0.00082,-0.79174,-0.41222,-1.42907,0.00918
127645000000,21.65522,-4.38039,-0.18138,0.60956,0.00029,0.00087,-0.79274,-0.41925,-1.42458,0.00879
127678000000,21.64125,-4.42715,-0.18103,0.60807,0.00032,0.00086,-0.79389,-0.42898,-1.42042,0.01015
127711000000,21.62673,-4.47405,-0.18119,0.60637,0.00032,0.00085,-0.79518,-0.44201,-1.41611,0.00939
127744000000,21.61185,-4.52063,-0.18086,0.60439,0.00026,0.00086,-0.79669,-0.45618,-1.41246,0.01067
127777000000,21.59633,-4.56714,-0.18112,0.60235,0.00029,0.00087,-0.79823,-0.46873,-1.41036,0.01039
127810000000,21.58074,-4.61347,-0.18073,0.60026,0.00031,0.00090,-0.79981,-0.47398,-1.39381,0.01121
127843000000,21.56507,-4.65911,-0.18091,0.59824,0.00036,0.00088,-0.80132,-0.47098,-1.36543,0.01082
127876000000,21.54981,-4.70380,-0.18053,0.59661,0.00037,0.00091,-0.80253,-0.44719,-1.32627,0.01215
127909000000,21.53484,-4.74702,-0.18071,0.59537,0.00035,0.00089,-0.80345,-0.44082,-1.29908,0.01100
127942000000,21.52042,-4.78951,-0.18034,0.59414,0.00037,0.00088,-0.80436,-0.43526,-1.27305,0.01156
127975000000,21.50571,-4.83111,-0.18067,0.59299,0.00029,0.00085,-0.80521,-0.43068,-1.24988,0.00954
128008000000,21.49178,-4.87138,-0.18036,0.59190,0.00031,0.00083,-0.80601,-0.41822,-1.20402,0.01000
128041000000,21.47734,-4.91153,-0.18066,0.59092,0.00030,0.00076,-0.80673,-0.42041,-1.19787,0.00872
128074000000,21.46370,-4.95045,-0.18036,0.58995,0.00036,0.00073,-0.80744,-0.41435,-1.17306,0.00955
128107000000,21.44959,-4.98891,-0.18063,0.58903,0.00042,0.00076,-0.80811,-0.40614,-1.14302,0.00988
128140000000,21.43626,-5.02623,-0.18030,0.58811,0.00046,0.00072,-0.80878,-0.39803,-1.11438,0.01061
128173000000,21.42273,-5.06301,-0.18045,0.58729,0.00053,0.00069,-0.80938,-0.39324,-1.09504,0.01139
128206000000,21.40999,-5.09861,-0.18009,0.58648,0.00055,0.00072,-0.80996,-0.38330,-1.06341,0.01121
128239000000,21.39711,-5.13353,-0.18045,0.58577,0.00053,0.00074,-0.81048,-0.37284,-1.02943,0.00916
128272000000,21.38493,-5.16728,-0.18021,0.58510,0.00051,0.00079,-0.81096,-0.36595,-1.00791,0.00991
128305000000,21.37270,-5.20105,-0.18060,0.58443,0.00052,0.00078,-0.81144,-0.36261,-0.99444,0.00711
128338000000,21.36092,-5.23342,-0.18036,0.58382,0.00053,0.00076,-0.81189,-0.35338,-0.96631,0.00640
128371000000,21.34908,-5.26570,-0.18074,0.58322,0.00059,0.00079,-0.81231,-0.34873,-0.95047,0.00745
128404000000,21.33778,-5.29640,-0.18050,0.58264,0.00060,0.00070,-0.81273,-0.33819,-0.91883,0.00799
128437000000,21.32682,-5.32627,-0.18034,0.58210,0.00056,0.00069,-0.81312,-0.33173,-0.89892,0.00798
128470000000,21.31585,-5.35607,-0.18086,0.58161,0.00058,0.00072,-0.81346,-0.32033,-0.86828,0.00690
128503000000,21.30575,-5.38404,-0.18061,0.58115,0.00057,0.00075,-0.81380,-0.30905,-0.83780,0.00745
128536000000,21.29542,-5.41263,-0.18098,0.58069,0.00055,0.00079,-0.81413,-0.30469,-0.82601,0.00691
128569000000,21.28578,-5.43910,-0.18079,0.58031,0.00056,0.00076,-0.81439,-0.29361,-0.79451,0.00702
128602000000,21.27627,-5.46569,-0.18108,0.57991,0.00055,0.00077,-0.81468,-0.28292,-0.76900,0.00568
128635000000,21.26700,-5.49068,-0.18082,0.57959,0.00056,0.00077,-0.81491,-0.27678,-0.75188,0.00520
128668000000,21.25790,-5.51521,-0.18061,0.57921,0.00058,0.00072,-0.81518,-0.26883,-0.72392,0.00640
128701000000,21.24907,-5.53966,-0.18091,0.57893,0.00060,0.00073,-0.81538,-0.26099,-0.70022,0.00567
128734000000,21.24098,-5.56190,-0.18074,0.57865,0.00052,0.00076,-0.81558,-0.25136,-0.67340,0.00601
128767000000,21.23233,-5.58540,-0.18113,0.57840,0.00059,0.00077,-0.81575,-0.24292,-0.64949,0.00547
128800000000,21.22516,-5.60534,-0.18087,0.57817,0.00049,0.00085,-0.81591,-0.23420,-0.62952,0.00618
128833000000,21.21727,-5.62677,-0.18113,0.57794,0.00052,0.00087,-0.81608,-0.22359,-0.60275,0.00492
128866000000,21.21033,-5.64589,-0.18098,0.57774,0.00048,0.00089,-0.81622,-0.21717,-0.58668,0.00455
128899000000,21.20296,-5.66562,-0.18118,0.57752,0.00051,0.00089,-0.81638,-0.21182,-0.57017,0.00391
128932000000,21.19652,-5.68353,-0.18104,0.57733,0.00050,0.00089,-0.81651,-0.19905,-0.53698,0.00338
128965000000,21.19001,-5.70104,-0.18122,0.57715,0.00051,0.00089,-0.81664,-0.19205,-0.51920,0.00265
128998000000,21.18403,-5.71745,-0.18112,0.57705,0.00048,0.00087,-0.81671,-0.18004,-0.48842,0.00337
129031000000,21.17811,-5.73340,-0.18137,0.57692,0.00051,0.00088,-0.81680,-0.17400,-0.47039,0.00322
129064000000,21.17272,-5.74802,-0.18125,0.57682,0.00048,0.00091,-0.81687,-0.15580,-0.42337,0.00434
129097000000,21.16754,-5.76217,-0.18146,0.57674,0.00046,0.00089,-0.81692,-0.14585,-0.39907,0.00318
129130000000,21.16295,-5.77524,-0.18131,0.57663,0.00050,0.00090,-0.81701,-0.13849,-0.38219,0.00348
129163000000,21.15864,-5.78722,-0.18117,0.57655,0.00053,0.00094,-0.81706,-0.12684,-0.35067,0.00441
129196000000,21.15440,-5.79871,-0.18127,0.57648,0.00051,0.00095,-0.81711,-0.12516,-0.34959,0.00383
129229000000,21.15045,-5.80974,-0.18114,0.57641,0.00052,0.00095,-0.81716,-0.10792,-0.30512,0.00532
129262000000,21.14671,-5.82007,-0.18126,0.57636,0.00056,0.00098,-0.81720,-0.10221,-0.29332,0.00549
129295000000,21.14375,-5.82883,-0.18111,0.57631,0.00048,0.00101,-0.81723,-0.08987,-0.26097,0.00520
129328000000,21.14062,-5.83719,-0.18124,0.57625,0.00053,0.00101,-0.81727,-0.08124,-0.23602,0.00575
129361000000,21.13816,-5.84460,-0.18106,0.57619,0.00052,0.00098,-0.81732,-0.07056,-0.20586,0.00618
129394000000,21.13590,-5.85126,-0.18091,0.57612,0.00054,0.00092,-0.81737,-0.06728,-0.19996,0.00597
129427000000,21.13390,-5.85705,-0.18079,0.57606,0.00061,0.00093,-0.81741,-0.05247,-0.15955,0.00564
129460000000,21.13195,-5.86210,-0.18095,0.57607,0.00058,0.00095,-0.81740,-0.04118,-0.12922,0.00563
129493000000,21.13046,-5.86636,-0.18079,0.57604,0.00064,0.00095,-0.81742,-0.04108,-0.12913,0.00594
129526000000,21.12829,-5.87024,-0.18091,0.57605,0.00071,0.00091,-0.81742,-0.03033,-0.09105,0.00653
129559000000,21.12816,-5.87251,-0.18063,0.57601,0.00068,0.00099,-0.81744,-0.02266,-0.07351,0.00745
129592000000,21.12751,-5.87432,-0.18048,0.57602,0.00068,0.00094,-0.81744,-0.01007,-0.03909,0.00720
129625000000,21.12638,-5.87498,-0.18007,0.57600,0.00066,0.00084,-0.81745,-0.00798,-0.02427,0.00839
129658000000,21.12689,-5.87551,-0.18051,0.57595,0.00059,0.00083,-0.81748,-0.00148,-0.01161,0.00802
129691000000,21.12512,-5.87754,-0.18181,0.57597,0.00072,0.00080,-0.81747,-0.00457,-0.01469,0.00487
129724000000,21.12577,-5.87683,-0.18108,0.57596,0.00065,0.00082,-0.81748,-0.00386,-0.01279,0.00600
129757000000,21.12513,-5.87723,-0.18117,0.57601,0.00066,0.00075,-0.81744,-0.00697,-0.01240,0.00549
129790000000,21.12476,-5.87781,-0.18220,0.57601,0.00059,0.00069,-0.81744,-0.00795,-0.01215,0.00393
129823000000,21.12525,-5.87712,-0.18136,0.57596,0.00056,0.00065,-0.81748,-0.00657,-0.01037,0.00661
129856000000,21.12494,-5.87781,-0.18176,0.57593,0.00056,0.00064,-0.81750,-0.00621,-0.01091,0.00515
129889000000,21.12491,-5.87779,-0.18181,0.57593,0.00051,0.00064,-0.81750,-0.00551,-0.00926,0.00434
129922000000,21.12487,-5.87726,-0.18152,0.57593,0.00046,0.00057,-0.81750,-0.00534,-0.00570,0.00610
129955000000,21.12476,-5.87719,-0.18153,0.57594,0.00050,0.00049,-0.81749,-0.00502,-0.00485,0.00586
129988000000,21.12468,-5.87710,-0.18151,0.57599,0.00047,0.00048,-0.81746,-0.00602,-0.00345,0.00586
130021000000,21.12401,-5.87756,-0.18216,0.57601,0.00055,0.00047,-0.81744,-0.00836,-0.00432,0.00283
130054000000,21.12402,-5.87645,-0.18252,0.57599,0.00038,0.00039,-0.81745,-0.00772,0.00025,0.00118
130087000000,21.12392,-5.87692,-0.18261,0.57597,0.00044,0.00045,-0.81747,-0.00688,-0.00111,0.00103
130120000000,21.12377,-5.87681,-0.18257,0.57600,0.00048,0.00047,-0.81745,-0.00699,-0.00058,0.00238
130153000000,21.12317,-5.87741,-0.18253,0.57604,0.00060,0.00047,-0.81742,-0.00824,-0.00237,0.00299
130186000000,21.12382,-5.87701,-0.18126,0.57604,0.00057,0.00055,-0.81742,-0.00488,-0.00080,0.00732
130219000000,21.12373,-5.87701,-0.18102,0.57602,0.00056,0.00060,-0.81744,-0.00443,-0.00046,0.00589
130252000000,21.12352,-5.87694,-0.18099,0.57606,0.00052,0.00054,-0.81741,-0.00463,-0.00010,0.00432
130285000000,21.12363,-5.87690,-0.18096,0.57607,0.00046,0.00056,-0.81740,-0.00391,0.00005,0.00539
130318000000,21.12279,-5.87771,-0.18180,0.57608,0.00054,0.00061,-0.81740,-0.00612,-0.00163,0.00253
130351000000,21.12368,-5.87681,-0.18084,0.57609,0.00044,0.00066,-0.81739,-0.00163,-0.00040,0.00553
130384000000,21.12371,-5.87685,-0.18076,0.57605,0.00046,0.00069,-0.81741,-0.00117,-0.00174,0.00506
130417000000,21.12381,-5.87682,-0.18068,0.57605,0.00041,0.00069,-0.81741,-0.00093,-0.00186,0.00485
130450000000,21.12374,-5.87689,-0.18051,0.57606,0.00042,0.00068,-0.81741,-0.00140,-0.00279,0.00381
130483000000,21.12377,-5.87675,-0.18058,0.57610,0.00039,0.00072,-0.81738,-0.00114,-0.00183,0.00321
130516000000,21.12385,-5.87690,-0.18045,0.57608,0.00043,0.00076,-0.81739,-0.00036,-0.00238,0.00310
130549000000,21.12363,-5.87697,-0.18052,0.57609,0.00045,0.00070,-0.81739,-0.00156,-0.00333,0.00351
130582000000,21.12381,-5.87712,-0.18044,0.57608,0.00045,0.00067,-0.81739,-0.00148,-0.00359,0.00446
130615000000,21.12355,-5.87810,-0.18150,0.57608,0.00049,0.00070,-0.81739,-0.00198,-0.00664,0.00201
130648000000,21.11057,-5.89833,-0.18441,0.57608,0.00306,0.00161,-0.81739,-0.04301,-0.07280,-0.00344
130681000000,21.10218,-5.91927,-0.18836,0.57600,0.00484,0.00285,-0.81743,-0.06474,-0.13475,-0.01235
130714000000,21.09683,-5.93069,-0.19030,0.57600,0.00564,0.00335,-0.81743,-0.07774,-0.16067,-0.01710
130747000000,21.11866,-5.88609,-0.18229,0.57603,0.00062,0.00074,-0.81743,-0.00662,-0.01006,0.00456
130780000000,21.11929,-5.88502,-0.18128,0.57602,0.00050,0.00067,-0.81744,-0.00282,-0.00615,0.00608
130813000000,21.11950,-5.88496,-0.18101,0.57604,0.00046,0.00068,-0.81742,-0.00190,-0.00448,0.00762
130846000000,21.11834,-5.88563,-0.18279,0.57603,0.00055,0.00057,-0.81743,-0.00562,-0.00498,0.00068
130879000000,21.11781,-5.88677,-0.18162,0.57602,0.00067,0.00065,-0.81743,-0.00789,-0.00873,0.00472
130912000000,21.09675,-5.92569,-0.18710,0.57591,0.00510,0.00276,-0.81749,-0.08068,-0.14391,-0.01218
130945000000,21.11631,-5.88882,-0.18335,0.57600,0.00045,0.00063,-0.81745,-0.00565,-0.00258,0.00015
130978000000,21.11649,-5.88942,-0.18091,0.57602,0.00056,0.00070,-0.81743,-0.00529,-0.00452,0.00873
131011000000,21.11593,-5.88807,-0.18281,0.57605,0.00041,0.00051,-0.81742,-0.00693,0.00070,0.00128
131044000000,21.11633,-5.88943,-0.18053,0.57603,0.00047,0.00077,-0.81743,-0.00455,-0.00403,0.01069
131077000000,21.11618,-5.88953,-0.18020,0.57603,0.00052,0.00078,-0.81743,-0.00477,-0.00315,0.01181
131110000000,21.11610,-5.88942,-0.17984,0.57606,0.00053,0.00073,-0.81741,-0.00433,-0.00249,0.01263
131143000000,21.11529,-5.88835,-0.18276,0.57605,0.00036,0.00052,-0.81741,-0.00668,0.00168,0.00101
131176000000,21.11605,-5.88923,-0.17944,0.57605,0.00042,0.00076,-0.81742,-0.00272,-0.00194,0.01277
131209000000,21.11589,-5.88919,-0.17906,0.57605,0.00042,0.00074,-0.81742,-0.00359,-0.00105,0.01429
131242000000,21.11591,-5.88896,-0.17881,0.57602,0.00043,0.00067,-0.81743,-0.00296,0.00107,0.01335
131275000000,21.11606,-5.88874,-0.17844,0.57603,0.00041,0.00067,-0.81743,-0.00198,0.00101,0.01443
131308000000,21.11717,-5.88796,-0.17825,0.57603,0.00023,0.00073,-0.81743,0.00297,0.00340,0.01246
131341000000,21.11634,-5.88835,-0.17788,0.57602,0.00031,0.00074,-0.81743,0.00030,0.00188,0.01297
131374000000,21.11583,-5.88826,-0.17788,0.57603,0.00034,0.00071,-0.81743,-0.00083,0.00047,0.01195
131407000000,21.11669,-5.88803,-0.17741,0.57602,0.00026,0.00075,-0.81744,0.00222,0.00098,0.01343
131440000000,21.11527,-5.88825,-0.17730,0.57605,0.00038,0.00069,-0.81741,-0.00423,-0.00790,0.01326
131473000000,21.11655,-5.88918,-0.17672,0.57602,0.00032,0.00074,-0.81743,-0.01101,-0.04363,0.01486
131506000000,21.11557,-5.89093,-0.17687,0.57607,0.00033,0.00069,-0.81740,-0.02320,-0.07060,0.01432
131539000000,21.11512,-5.89337,-0.17644,0.57606,0.00027,0.00068,-0.81741,-0.02952,-0.08897,0.01522
131572000000,21.11387,-5.89684,-0.17612,0.57605,0.00028,0.00068,-0.81742,-0.03857,-0.11253,0.01539
131605000000,21.11164,-5.90094,-0.17658,0.57606,0.00029,0.00061,-0.81741,-0.05041,-0.14030,0.01383
131638000000,21.11061,-5.90590,-0.17614,0.57608,0.00023,0.00059,-0.81740,-0.05780,-0.16574,0.01393
131671000000,21.08699,-5.95238,-0.18666,0.57632,0.00284,0.00173,-0.81722,-0.11127,-0.27549,-0.01006
131704000000,21.10625,-5.91777,-0.17598,0.57618,0.00026,0.00056,-0.81732,-0.07194,-0.20645,0.01222
131737000000,21.10344,-5.92453,-0.17649,0.57623,0.00027,0.00054,-0.81729,-0.07821,-0.22344,0.01014
131770000000,21.10079,-5.93271,-0.17613,0.57620,0.00026,0.00056,-0.81731,-0.08772,-0.25378,0.01019
131803000000,21.09768,-5.94163,-0.17594,0.57621,0.00025,0.00055,-0.81730,-0.09713,-0.28381,0.00947
131836000000,21.09437,-5.95112,-0.17577,0.57619,0.00027,0.00050,-0.81732,-0.10263,-0.29872,0.00979
131869000000,21.08774,-5.96600,-0.17685,0.57631,0.00054,0.00057,-0.81723,-0.11620,-0.32640,0.00739
131902000000,21.08703,-5.97104,-0.17637,0.57621,0.00022,0.00047,-0.81730,-0.10031,-0.28503,0.00831
131935000000,21.08312,-5.97897,-0.17705,0.57628,0.00022,0.00043,-0.81725,-0.08897,-0.24609,0.00704
131968000000,21.08100,-5.98727,-0.17696,0.57621,0.00021,0.00046,-0.81730,-0.07850,-0.22133,0.00669
132001000000,21.07849,-5.99389,-0.17767,0.57623,0.00017,0.00046,-0.81729,-0.06894,-0.19200,0.00489
132034000000,21.07625,-6.00007,-0.17753,0.57620,0.00017,0.00045,-0.81731,-0.06240,-0.17186,0.00485
132067000000,21.07445,-6.00511,-0.17744,0.57620,0.00013,0.00050,-0.81731,-0.05335,-0.14851,0.00583
132100000000,21.07284,-6.00951,-0.17737,0.57620,0.00010,0.00050,-0.81731,-0.04954,-0.13244,0.00584
132133000000,21.07093,-6.01247,-0.17809,0.57621,0.00011,0.00045,-0.81730,-0.04693,-0.11548,0.00520
132166000000,21.07012,-6.01625,-0.17806,0.57620,0.00007,0.00050,-0.81731,-0.03207,-0.07949,0.00511
132199000000,21.06938,-6.01814,-0.17803,0.57621,0.00006,0.00048,-0.81730,-0.02292,-0.05454,0.00380
132232000000,21.06897,-6.01923,-0.17798,0.57621,0.00003,0.00051,-0.81730,-0.01309,-0.02619,0.00441
132265000000,21.06832,-6.01762,-0.17852,0.57633,-0.00005,0.00042,-0.81722,-0.00360,0.00530,0.00429
132298000000,21.06902,-6.01868,-0.17868,0.57629,-0.00009,0.00051,-0.81725,-0.00287,0.00291,0.00373
132331000000,21.06904,-6.01850,-0.17865,0.57631,-0.00010,0.00054,-0.81723,-0.00189,0.00354,0.00346
132364000000,21.06909,-6.01830,-0.17863,0.57630,-0.00010,0.00048,-0.81724,-0.00137,0.00370,0.00485
132397000000,21.06910,-6.01810,-0.17861,0.57634,-0.00009,0.00050,-0.81721,-0.00196,0.00389,0.00475
132430000000,21.06909,-6.01794,-0.17858,0.57635,-0.00011,0.00051,-0.81720,-0.00271,0.00299,0.00382
132463000000,21.06909,-6.01778,-0.17859,0.57638,-0.00009,0.00047,-0.81718,-0.00158,0.00285,0.00397
132496000000,21.06909,-6.01766,-0.17860,0.57638,-0.00008,0.00049,-0.81718,-0.00179,0.00265,0.00302
132529000000,21.06906,-6.01752,-0.17866,0.57643,-0.00009,0.00042,-0.81715,-0.00139,0.00315,0.00206
132562000000,21.06793,-6.01511,-0.17901,0.57654,-0.00002,0.00032,-0.81707,-0.00368,0.00700,0.00267
132595000000,21.06925,-6.01674,-0.17900,0.57650,-0.00003,0.00046,-0.81710,0.00032,0.00373,0.00297
132628000000,21.06925,-6.01672,-0.17893,0.57649,-0.00002,0.00051,-0.81711,0.00142,0.00393,0.00271
132661000000,21.06928,-6.01669,-0.17887,0.57648,0.00002,0.00049,-0.81711,0.00087,0.00450,0.00309
132694000000,21.06924,-6.01667,-0.17887,0.57650,0.00003,0.00046,-0.81710,-0.00009,0.00356,0.00227
132727000000,21.06921,-6.01666,-0.17891,0.57650,0.00004,0.00043,-0.81710,-0.00097,0.00361,0.00127
132760000000,21.06922,-6.01664,-0.17894,0.57648,0.00006,0.00041,-0.81711,-0.00039,0.00327,0.00211
132793000000,21.06925,-6.01666,-0.17899,0.57648,0.00005,0.00038,-0.81711,0.00007,0.00209,0.00200
132826000000,21.06924,-6.01667,-0.17897,0.57647,0.00011,0.00038,-0.81712,-0.00064,0.00221,0.00313
132859000000,21.06825,-6.01483,-0.17912,0.57660,0.00018,0.00027,-0.81703,-0.00360,0.00550,0.00127
132892000000,21.06913,-6.01640,-0.17915,0.57652,0.00012,0.00042,-0.81708,-0.00010,0.00184,0.00149
132925000000,21.06913,-6.01643,-0.17914,0.57654,0.00014,0.00045,-0.81707,0.00129,0.00092,0.00088
132958000000,21.06916,-6.01646,-0.17914,0.57653,0.00011,0.00048,-0.81708,0.00250,0.00082,-0.00037
132991000000,21.06920,-6.01650,-0.17917,0.57653,0.00010,0.00046,-0.81708,0.00244,-0.00100,-0.00009
133024000000,21.06922,-6.01653,-0.17916,0.57653,0.00010,0.00054,-0.81708,0.00254,0.00026,-0.00053
133057000000,21.06923,-6.01656,-0.17911,0.57652,0.00014,0.00052,-0.81708,0.00205,0.00117,-0.00062
133090000000,21.06932,-6.01660,-0.17904,0.57646,0.00016,0.00058,-0.81712,0.00210,0.00095,0.00069
133123000000,21.06944,-6.01663,-0.17896,0.57646,0.00018,0.00059,-0.81713,0.00281,0.00060,0.00067
133156000000,21.06944,-6.01667,-0.17895,0.57647,0.00016,0.00058,-0.81712,0.00215,-0.00079,0.00159
133189000000,21.06939,-6.01670,-0.17894,0.57649,0.00015,0.00061,-0.81710,0.00162,-0.00139,0.00136
133222000000,21.06936,-6.01672,-0.17892,0.57649,0.00014,0.00060,-0.81710,0.00101,-0.00094,0.00207
133255000000,21.06931,-6.01673,-0.17894,0.57651,0.00016,0.00059,-0.81709,-0.00010,-0.00023,0.00134
133288000000,21.06930,-6.01673,-0.17895,0.57650,0.00011,0.00061,-0.81710,-0.00013,-0.00030,0.00170
133321000000,21.06922,-6.01675,-0.17896,0.57654,0.00019,0.00055,-0.81707,-0.00078,-0.00091,0.00130
133354000000,21.06914,-6.01675,-0.17897,0.57654,0.00016,0.00056,-0.81707,-0.00107,-0.00053,0.00163
133387000000,21.06909,-6.01674,-0.17897,0.57657,0.00016,0.00058,-0.81705,-0.00082,-0.00002,0.00205
133420000000,21.06903,-6.01676,-0.17889,0.57657,0.00022,0.00059,-0.81705,0.00021,-0.00120,0.00177
133453000000,21.06903,-6.01679,-0.17875,0.57656,0.00028,0.00061,-0.81706,0.00069,-0.00119,0.00204
133486000000,21.06909,-6.01680,-0.17866,0.57653,0.00026,0.00064,-0.81708,0.00049,-0.00057,0.00207
133519000000,21.06920,-6.01678,-0.17860,0.57651,0.00027,0.00066,-0.81709,0.00132,0.00121,0.00337
133552000000,21.06919,-6.01678,-0.17860,0.57654,0.00025,0.00063,-0.81707,0.00180,0.00073,0.00287
133585000000,21.06914,-6.01679,-0.17852,0.57654,0.00034,0.00065,-0.81707,0.00313,0.00082,0.00463
133618000000,21.06916,-6.01677,-0.17840,0.57653,0.00033,0.00066,-0.81707,0.00395,0.00136,0.00458
133651000000,21.06751,-6.01422,-0.17868,0.57674,0.00037,0.00041,-0.81693,0.00084,0.00643,0.00482
133684000000,21.06917,-6.01664,-0.17831,0.57660,0.00038,0.00061,-0.81702,0.00475,0.00189,0.00562
133717000000,21.06920,-6.01663,-0.17821,0.57660,0.00043,0.00065,-0.81703,0.00455,0.00099,0.00552
133750000000,21.06921,-6.01661,-0.17806,0.57662,0.00048,0.00065,-0.81702,0.00393,0.00079,0.00512
133783000000,21.06919,-6.01658,-0.17794,0.57665,0.00047,0.00066,-0.81699,0.00288,0.00074,0.00652
133816000000,21.06925,-6.01645,-0.17784,0.57662,0.00044,0.00064,-0.81701,0.00235,0.00028,0.00733
133849000000,21.06944,-6.01628,-0.17764,0.57663,0.00048,0.00063,-0.81701,0.00200,-0.00198,0.00830
133882000000,21.06943,-6.01626,-0.17751,0.57661,0.00051,0.00059,-0.81702,0.00218,-0.00061,0.00948
133915000000,21.06818,-6.01670,-0.17793,0.57667,0.00061,0.00050,-0.81698,-0.00080,-0.00100,0.00821
133948000000,21.06948,-6.01642,-0.17733,0.57663,0.00050,0.00062,-0.81700,0.00397,-0.00257,0.00878
133981000000,21.06922,-6.01690,-0.17758,0.57669,0.00047,0.00054,-0.81696,0.00301,-0.00447,0.00816
134014000000,21.06959,-6.01667,-0.17727,0.57672,0.00043,0.00054,-0.81694,0.00411,-0.00414,0.00872
134047000000,21.06965,-6.01668,-0.17710,0.57674,0.00045,0.00054,-0.81693,0.00373,-0.00519,0.00846
134080000000,21.06976,-6.01673,-0.17691,0.57671,0.00047,0.00056,-0.81695,0.00439,-0.00507,0.00841
134113000000,21.06988,-6.01675,-0.17670,0.57673,0.00045,0.00054,-0.81693,0.00485,-0.00568,0.00866
134146000000,21.06999,-6.01673,-0.17652,0.57675,0.00042,0.00052,-0.81692,0.00481,-0.00448,0.00904
134179000000,21.07010,-6.01665,-0.17637,0.57677,0.00039,0.00049,-0.81691,0.00425,-0.00475,0.00951
134212000000,21.07027,-6.01661,-0.17613,0.57679,0.00040,0.00046,-0.81690,0.00466,-0.00526,0.00906
134245000000,21.07050,-6.01669,-0.17583,0.57673,0.00039,0.00046,-0.81693,0.00473,-0.00645,0.00850
134278000000,21.07038,-6.01652,-0.17646,0.57673,0.00036,0.00040,-0.81693,0.00415,-0.00591,0.00821
134311000000,21.04983,-6.06908,-0.18290,0.57621,0.00340,0.00244,-0.81729,-0.04022,-0.12075,-0.00967
134344000000,21.04076,-6.12637,-0.18613,0.57546,0.00587,0.00543,-0.81779,-0.05391,-0.24504,-0.01771
134377000000,21.04968,-6.07510,-0.18014,0.57603,0.00352,0.00275,-0.81741,-0.03848,-0.13693,-0.00842
134410000000,21.07450,-6.00523,-0.16889,0.57643,0.00023,0.00032,-0.81715,0.00506,-0.00666,0.00868
134443000000,21.07276,-6.00640,-0.17327,0.57647,0.00024,0.00019,-0.81712,0.00147,-0.00773,-0.00235
134476000000,21.07382,-6.00720,-0.17071,0.57648,0.00033,0.00034,-0.81711,0.00331,-0.01008,0.00447
134509000000,21.07528,-6.00554,-0.16989,0.57647,0.00021,0.00032,-0.81712,0.00586,-0.00671,0.00584
134542000000,21.07567,-6.00444,-0.17103,0.57648,0.00011,0.00025,-0.81711,0.00668,-0.00187,0.00064
134575000000,21.07476,-6.00659,-0.17015,0.57648,0.00038,0.00032,-0.81711,0.00233,-0.01026,0.00494
134608000000,21.07498,-6.00664,-0.17010,0.57649,0.00037,0.00028,-0.81711,0.00263,-0.00875,0.00389
134641000000,21.07582,-6.00637,-0.17023,0.57646,0.00031,0.00031,-0.81713,0.00472,-0.00720,0.00404
134674000000,21.07506,-6.00686,-0.16990,0.57644,0.00039,0.00025,-0.81714,0.00132,-0.00874,0.00579
134707000000,21.07516,-6.00689,-0.16983,0.57644,0.00036,0.00022,-0.81714,0.00160,-0.00703,0.00562
134740000000,21.07488,-6.00702,-0.16973,0.57643,0.00037,0.00019,-0.81714,0.00001,-0.00772,0.00409
134773000000,21.07475,-6.00676,-0.16973,0.57643,0.00039,0.00014,-0.81714,-0.00173,-0.00631,0.00416
134806000000,21.07486,-6.00692,-0.16986,0.57641,0.00038,0.00014,-0.81716,-0.00047,-0.00691,0.00138
134839000000,21.07493,-6.00687,-0.16990,0.57642,0.00030,0.00010,-0.81716,-0.00095,-0.00705,0.00183
134872000000,21.07494,-6.00691,-0.16993,0.57644,0.00028,0.00004,-0.81714,0.00102,-0.00783,0.00190
134905000000,21.07592,-6.00585,-0.17043,0.57645,0.00015,-0.00007,-0.81713,0.00335,-0.00309,0.00044
134938000000,21.07602,-6.00592,-0.17043,0.57647,0.00013,-0.00004,-0.81712,0.00403,-0.00389,0.00029
134971000000,21.07606,-6.00603,-0.17043,0.57643,0.00013,-0.00005,-0.81715,0.00317,-0.00379,0.00028
135004000000,21.07620,-6.00618,-0.17042,0.57640,0.00013,-0.00003,-0.81716,0.00265,-0.00410,0.00057
135037000000,21.07613,-6.00626,-0.17039,0.57642,0.00018,-0.00004,-0.81715,0.00178,-0.00311,0.00205
135070000000,21.07621,-6.00635,-0.17033,0.57643,0.00017,-0.00007,-0.81715,0.00158,-0.00378,0.00192
135103000000,21.07629,-6.00643,-0.17027,0.57643,0.00019,-0.00004,-0.81715,0.00172,-0.00492,0.00229
135136000000,21.07626,-6.00656,-0.17017,0.57642,0.00023,-0.00005,-0.81716,0.00067,-0.00506,0.00335
135169000000,21.07632,-6.00673,-0.17006,0.57641,0.00021,-0.00004,-0.81716,0.00135,-0.00511,0.00437
135202000000,21.07610,-6.00679,-0.16993,0.57646,0.00022,-0.00009,-0.81713,0.00024,-0.00461,0.00388
135235000000,21.07630,-6.00696,-0.16981,0.57646,0.00016,-0.00011,-0.81712,0.00075,-0.00465,0.00389
135268000000,21.07578,-6.00697,-0.16972,0.57650,0.00016,-0.00014,-0.81710,-0.00067,-0.00405,0.00365
135301000000,21.07608,-6.00704,-0.16962,0.57647,0.00013,-0.00004,-0.81712,-0.00151,-0.00415,0.00390
135334000000,21.06170,-6.04996,-0.16912,0.57636,0.00532,0.00429,-0.81716,-0.04774,-0.17082,0.00511
135367000000,21.07605,-6.00738,-0.16931,0.57653,0.00008,-0.00007,-0.81708,-0.00224,-0.00477,0.00475
135400000000,21.07576,-6.00750,-0.16918,0.57651,0.00013,-0.00014,-0.81709,-0.00334,-0.00505,0.00413
135433000000,21.07570,-6.00775,-0.16905,0.57650,0.00015,-0.00015,-0.81710,-0.00477,-0.00548,0.00523
135466000000,21.07559,-6.00780,-0.16887,0.57645,0.00014,-0.00018,-0.81714,-0.00640,-0.00391,0.00649
135499000000,21.07528,-6.00784,-0.16871,0.57646,0.00015,-0.00018,-0.81713,-0.00748,-0.00310,0.00718
135532000000,21.07500,-6.00800,-0.16853,0.57649,0.00014,-0.00014,-0.81711,-0.00920,-0.00277,0.00772
135565000000,21.07474,-6.00803,-0.16836,0.57648,0.00013,-0.00010,-0.81711,-0.01082,-0.00358,0.00731
135598000000,21.07458,-6.00807,-0.16814,0.57647,0.00010,-0.00012,-0.81712,-0.01105,-0.00260,0.00764
135631000000,21.07432,-6.00810,-0.16800,0.57646,0.00009,-0.00014,-0.81713,-0.01121,-0.00193,0.00784
135664000000,21.07377,-6.00795,-0.16806,0.57649,0.00012,-0.00010,-0.81710,-0.01231,-0.00052,0.00683
135697000000,21.07372,-6.00810,-0.16760,0.57651,0.00012,0.00004,-0.81709,-0.01283,-0.00227,0.00912
135730000000,21.07233,-6.00944,-0.16881,0.57651,0.00028,0.00004,-0.81709,-0.01668,-0.00534,0.00525
135763000000,21.07256,-6.00875,-0.16793,0.57652,0.00018,0.00004,-0.81708,-0.01577,-0.00264,0.00869
135796000000,21.07216,-6.00776,-0.16791,0.57654,0.00010,-0.00008,-0.81707,-0.01542,0.00069,0.00872
135829000000,21.07254,-6.00813,-0.16694,0.57649,0.00004,-0.00002,-0.81710,-0.01287,-0.00062,0.01104
135862000000,21.07248,-6.00803,-0.16691,0.57651,0.00006,-0.00005,-0.81709,-0.01246,-0.00001,0.01070
135895000000,21.07260,-6.00794,-0.16692,0.57648,0.00000,-0.00005,-0.81711,-0.01043,-0.00006,0.00889
135928000000,21.07224,-6.00798,-0.16659,0.57646,0.00004,-0.00002,-0.81713,-0.01041,-0.00022,0.00899
135961000000,21.07270,-6.00658,-0.16891,0.57647,-0.00013,-0.00011,-0.81711,-0.00772,0.00332,0.00190
135994000000,21.07285,-6.00778,-0.16697,0.57652,0.00004,0.00001,-0.81708,-0.00639,-0.00111,0.00775
136027000000,21.07333,-6.00768,-0.16698,0.57654,0.00002,0.00006,-0.81707,-0.00440,-0.00121,0.00718
136060000000,21.07270,-6.00904,-0.16840,0.57656,0.00010,0.00017,-0.81706,-0.00707,-0.00531,0.00226
136093000000,21.07296,-6.00844,-0.16763,0.57657,0.00005,0.00011,-0.81705,-0.00606,-0.00305,0.00533
136126000000,21.07351,-6.00781,-0.16689,0.57654,0.00001,0.00013,-0.81707,-0.00437,-0.00091,0.00608
136159000000,21.07351,-6.00781,-0.16698,0.57652,0.00002,0.00013,-0.81708,-0.00418,-0.00058,0.00554
136192000000,21.07323,-6.00864,-0.16704,0.57656,0.00001,0.00013,-0.81706,-0.01459,-0.02914,0.00544
136225000000,21.07285,-6.00996,-0.16692,0.57658,-0.00005,0.00013,-0.81704,-0.02471,-0.05899,0.00501
136258000000,21.07085,-6.01312,-0.16759,0.57657,0.00003,0.00015,-0.81705,-0.03720,-0.08643,0.00181
136291000000,21.05118,-6.03734,-0.17404,0.57642,0.00273,0.00094,-0.81715,-0.10125,-0.17493,-0.01565
136324000000,21.06956,-6.01871,-0.16670,0.57658,-0.00006,0.00013,-0.81704,-0.04329,-0.11468,0.00426
136357000000,21.06747,-6.02325,-0.16678,0.57658,0.00001,0.00011,-0.81704,-0.05752,-0.14601,0.00333
136390000000,21.06540,-6.02850,-0.16655,0.57658,0.00005,0.00007,-0.81704,-0.07106,-0.18201,0.00342
136423000000,21.06344,-6.03460,-0.16658,0.57658,-0.00004,0.00012,-0.81704,-0.07266,-0.18988,0.00367
136456000000,21.06140,-6.04122,-0.16653,0.57654,-0.00013,0.00018,-0.81707,-0.08515,-0.22602,0.00513
136489000000,21.05874,-6.04861,-0.16646,0.57654,-0.00015,0.00018,-0.81707,-0.08673,-0.23164,0.00514
136522000000,21.05574,-6.05680,-0.16622,0.57654,-0.00019,0.00017,-0.81707,-0.09955,-0.26525,0.00691
136555000000,21.03815,-6.08137,-0.16952,0.57650,0.00166,0.00065,-0.81709,-0.14651,-0.32975,-0.00185
136588000000,21.04890,-6.07555,-0.16588,0.57656,-0.00022,0.00012,-0.81706,-0.11648,-0.31209,0.00760
136621000000,21.02819,-6.10207,-0.17035,0.57653,0.00164,0.00045,-0.81707,-0.16736,-0.37191,-0.00400
136654000000,21.04099,-6.09717,-0.16545,0.57659,-0.00024,0.00019,-0.81703,-0.13435,-0.35801,0.00970
136687000000,21.03285,-6.11296,-0.16611,0.57662,0.00016,0.00029,-0.81702,-0.14699,-0.37868,0.00802
136720000000,21.03190,-6.12211,-0.16497,0.57663,-0.00028,0.00022,-0.81700,-0.15342,-0.41228,0.00974
136753000000,21.02664,-6.13610,-0.16489,0.57666,-0.00027,0.00020,-0.81698,-0.16382,-0.43790,0.00884
136786000000,21.02171,-6.15044,-0.16446,0.57663,-0.00032,0.00022,-0.81700,-0.16634,-0.44736,0.01037
136819000000,21.01436,-6.16785,-0.16477,0.57672,-0.00017,0.00034,-0.81694,-0.18093,-0.48107,0.00964
136852000000,21.01055,-6.18136,-0.16406,0.57668,-0.00040,0.00024,-0.81697,-0.18278,-0.49103,0.01043
136885000000,21.00070,-6.20560,-0.16654,0.57671,0.00013,0.00063,-0.81695,-0.19819,-0.53353,0.00307
136918000000,20.99823,-6.21541,-0.16377,0.57673,-0.00037,0.00031,-0.81693,-0.19667,-0.53457,0.01063
136951000000,20.99149,-6.23347,-0.16384,0.57680,-0.00037,0.00028,-0.81689,-0.20747,-0.56335,0.00975
136984000000,20.98493,-6.25233,-0.16352,0.57676,-0.00040,0.00027,-0.81691,-0.21445,-0.58420,0.01108
137017000000,20.97772,-6.27223,-0.16368,0.57680,-0.00040,0.00022,-0.81688,-0.22935,-0.62238,0.01081
137050000000,20.97034,-6.29294,-0.16338,0.57679,-0.00044,0.00023,-0.81690,-0.23321,-0.63657,0.01157
137083000000,20.96249,-6.31479,-0.16359,0.57682,-0.00043,0.00024,-0.81687,-0.24412,-0.66614,0.01063
137116000000,20.95468,-6.33680,-0.16309,0.57682,-0.00047,0.00022,-0.81687,-0.24828,-0.68001,0.01133
137149000000,20.94650,-6.36040,-0.16324,0.57687,-0.00048,0.00030,-0.81683,-0.25898,-0.71455,0.01105
137182000000,20.93814,-6.38362,-0.16281,0.57687,-0.00049,0.00026,-0.81683,-0.26727,-0.73735,0.01160
137215000000,20.92928,-6.40832,-0.16245,0.57682,-0.00051,0.00028,-0.81687,-0.27384,-0.75095,0.01383
137248000000,20.92044,-6.43319,-0.16253,0.57674,-0.00052,0.00031,-0.81693,-0.27883,-0.76397,0.01253
137281000000,20.91148,-6.45861,-0.16211,0.57661,-0.00049,0.00033,-0.81702,-0.28341,-0.77283,0.01502
137314000000,20.90190,-6.48531,-0.16230,0.57647,-0.00045,0.00034,-0.81712,-0.29307,-0.78775,0.01347
137347000000,20.89209,-6.51088,-0.16174,0.57617,-0.00048,0.00032,-0.81733,-0.31161,-0.82024,0.01506
137380000000,20.88214,-6.53841,-0.16203,0.57577,-0.00046,0.00040,-0.81761,-0.31828,-0.82510,0.01402
137413000000,20.87155,-6.56545,-0.16147,0.57522,-0.00055,0.00036,-0.81800,-0.33100,-0.83861,0.01431
137446000000,20.86076,-6.59373,-0.16180,0.57462,-0.00057,0.00044,-0.81842,-0.34498,-0.85256,0.01279
137479000000,20.84921,-6.62146,-0.16131,0.57370,-0.00057,0.00039,-0.81907,-0.35736,-0.85531,0.01329
137512000000,20.83716,-6.65098,-0.16189,0.57264,-0.00052,0.00048,-0.81981,-0.37385,-0.87463,0.01103
137545000000,20.82495,-6.67883,-0.16136,0.57140,-0.00057,0.00048,-0.82067,-0.39140,-0.88578,0.01147
137578000000,20.81205,-6.70879,-0.16190,0.56989,-0.00060,0.00052,-0.82172,-0.40725,-0.89106,0.00993
137611000000,20.79840,-6.73764,-0.16142,0.56814,-0.00064,0.00051,-0.82293,-0.42831,-0.90355,0.01252
137644000000,20.78388,-6.76844,-0.16175,0.56618,-0.00059,0.00058,-0.82428,-0.45870,-0.93417,0.01028
137677000000,20.76841,-6.79894,-0.16121,0.56391,-0.00065,0.00059,-0.82584,-0.49536,-0.97386,0.01207
137710000000,20.75171,-6.83169,-0.16147,0.56136,-0.00064,0.00056,-0.82757,-0.52551,-1.00450,0.01172
137743000000,20.73396,-6.86520,-0.16108,0.55849,-0.00066,0.00054,-0.82951,-0.56229,-1.04635,0.01287
137776000000,20.71518,-6.90072,-0.16134,0.55543,-0.00066,0.00055,-0.83156,-0.59636,-1.09022,0.01215
137809000000,20.69518,-6.93659,-0.16080,0.55232,-0.00070,0.00051,-0.83363,-0.61141,-1.11228,0.01205
137842000000,20.67493,-6.97420,-0.16115,0.54969,-0.00066,0.00048,-0.83537,-0.62317,-1.12955,0.01114
137875000000,20.65458,-7.01091,-0.16069,0.54743,-0.00067,0.00049,-0.83685,-0.62708,-1.13358,0.01248
137908000000,20.63394,-7.04912,-0.16092,0.54541,-0.00070,0.00056,-0.83817,-0.64475,-1.15951,0.01177
137941000000,20.61259,-7.08724,-0.16048,0.54310,-0.00069,0.00052,-0.83967,-0.66194,-1.17659,0.01212
137974000000,20.59063,-7.12727,-0.16063,0.54069,-0.00073,0.00056,-0.84122,-0.68175,-1.20496,0.01123
138007000000,20.56805,-7.16685,-0.16012,0.53858,-0.00078,0.00053,-0.84257,-0.69665,-1.22723,0.01213
138040000000,20.54499,-7.20828,-0.16010,0.53661,-0.00080,0.00050,-0.84383,-0.70882,-1.24176,0.01172
138073000000,20.52164,-7.24874,-0.15968,0.53467,-0.00084,0.00042,-0.84506,-0.72092,-1.25421,0.01165
138106000000,20.49778,-7.29079,-0.15973,0.53283,-0.00083,0.00045,-0.84622,-0.73531,-1.27493,0.01321
138139000000,20.47331,-7.33329,-0.15925,0.53109,-0.00087,0.00041,-0.84731,-0.75507,-1.31099,0.01528
138172000000,20.44864,-7.37682,-0.15918,0.52967,-0.00090,0.00044,-0.84820,-0.75539,-1.31114,0.01446
138205000000,20.42400,-7.41976,-0.15863,0.52857,-0.00096,0.00049,-0.84889,-0.74808,-1.30825,0.01601
138238000000,20.39980,-7.46350,-0.15854,0.52792,-0.00099,0.00050,-0.84929,-0.73803,-1.30827,0.01475
138271000000,20.37581,-7.50625,-0.15799,0.52766,-0.00102,0.00052,-0.84945,-0.73069,-1.30910,0.01565
138304000000,20.35256,-7.54975,-0.15802,0.52786,-0.00104,0.00057,-0.84933,-0.71619,-1.31049,0.01452
138337000000,20.32941,-7.59256,-0.15753,0.52852,-0.00109,0.00051,-0.84892,-0.70094,-1.31061,0.01491
138370000000,20.30728,-7.63599,-0.15745,0.52980,-0.00116,0.00059,-0.84812,-0.68186,-1.31483,0.01299
138403000000,20.28540,-7.67935,-0.15707,0.53151,-0.00112,0.00056,-0.84705,-0.66268,-1.32079,0.01260
138436000000,20.26469,-7.72364,-0.15722,0.53370,-0.00124,0.00066,-0.84568,-0.63804,-1.32626,0.01244
138469000000,20.24436,-7.76628,-0.15654,0.53643,-0.00126,0.00061,-0.84394,-0.61414,-1.33023,0.01282
138502000000,20.22542,-7.81117,-0.15689,0.53967,-0.00127,0.00070,-0.84188,-0.58564,-1.33922,0.01097
138535000000,20.20697,-7.85409,-0.15632,0.54328,-0.00136,0.00071,-0.83955,-0.55986,-1.34499,0.01255
138568000000,20.19025,-7.89833,-0.15645,0.54709,-0.00144,0.00077,-0.83707,-0.53774,-1.36256,0.01358
138601000000,20.17316,-7.94311,-0.15597,0.55079,-0.00146,0.00075,-0.83464,-0.52250,-1.38025,0.01418
138634000000,20.15783,-7.98865,-0.15616,0.55425,-0.00151,0.00082,-0.83235,-0.50610,-1.39763,0.01358
138667000000,20.14156,-8.03418,-0.15560,0.55754,-0.00152,0.00081,-0.83015,-0.49568,-1.41244,0.01328
138700000000,20.12667,-8.08133,-0.15556,0.56059,-0.00158,0.00089,-0.82809,-0.48295,-1.42984,0.01286
138733000000,20.11115,-8.12724,-0.15504,0.56339,-0.00161,0.00080,-0.82619,-0.47664,-1.44118,0.01387
138766000000,20.09730,-8.17403,-0.15489,0.56593,-0.00169,0.00082,-0.82445,-0.46748,-1.45238,0.01397
138799000000,20.08173,-8.22178,-0.15442,0.56803,-0.00170,0.00084,-0.82301,-0.48822,-1.44835,0.01472
138832000000,20.06669,-8.26914,-0.15418,0.56938,-0.00171,0.00091,-0.82207,-0.48918,-1.44567,0.01460
138865000000,20.05084,-8.31612,-0.15368,0.57060,-0.00171,0.00088,-0.82122,-0.48637,-1.44632,0.01458
138898000000,20.03553,-8.36402,-0.15364,0.57177,-0.00174,0.00088,-0.82041,-0.48282,-1.44723,0.01385
138931000000,20.02002,-8.41022,-0.15308,0.57291,-0.00176,0.00081,-0.81962,-0.47983,-1.44561,0.01381
138964000000,20.00514,-8.45704,-0.15293,0.57397,-0.00179,0.00082,-0.81888,-0.47714,-1.44422,0.01354
138997000000,19.98956,-8.50452,-0.15247,0.57506,-0.00181,0.00081,-0.81811,-0.47384,-1.44464,0.01444
139030000000,19.97459,-8.55155,-0.15233,0.57610,-0.00185,0.00078,-0.81738,-0.47120,-1.44378,0.01341
139063000000,19.95898,-8.59904,-0.15192,0.57708,-0.00186,0.00077,-0.81669,-0.46919,-1.44385,0.01318
139096000000,19.94390,-8.64724,-0.15191,0.57803,-0.00185,0.00083,-0.81602,-0.46716,-1.44680,0.01239
139129000000,19.92860,-8.69374,-0.15144,0.57893,-0.00190,0.00080,-0.81537,-0.46511,-1.44456,0.01248
139162000000,19.91373,-8.74118,-0.15136,0.57986,-0.00191,0.00084,-0.81471,-0.46170,-1.44563,0.01278
139195000000,19.89856,-8.78856,-0.15098,0.58075,-0.00188,0.00084,-0.81408,-0.46011,-1.44681,0.01314
139228000000,19.88373,-8.83647,-0.15110,0.58157,-0.00187,0.00083,-0.81349,-0.45702,-1.44730,0.01316
139261000000,19.86887,-8.88377,-0.15059,0.58237,-0.00189,0.00082,-0.81292,-0.45468,-1.44699,0.01435
139294000000,19.85386,-8.93233,-0.15066,0.58319,-0.00190,0.00081,-0.81234,-0.45107,-1.44948,0.01474
139327000000,19.83929,-8.97890,-0.15010,0.58393,-0.00195,0.00072,-0.81180,-0.44740,-1.44749,0.01610
139360000000,19.82479,-9.02665,-0.14998,0.58469,-0.00197,0.00071,-0.81125,-0.44529,-1.44779,0.01559
139393000000,19.81007,-9.07413,-0.14951,0.58545,-0.00198,0.00067,-0.81071,-0.44587,-1.44740,0.01656
139426000000,19.79544,-9.12181,-0.14957,0.58611,-0.00196,0.00067,-0.81023,-0.44442,-1.44744,0.01490
139459000000,19.78098,-9.16933,-0.14904,0.58684,-0.00200,0.00076,-0.80970,-0.44085,-1.44664,0.01479
139492000000,19.76669,-9.21683,-0.14905,0.58755,-0.00203,0.00069,-0.80919,-0.43752,-1.44626,0.01366
139525000000,19.75235,-9.26415,-0.14860,0.58822,-0.00205,0.00069,-0.80869,-0.43441,-1.44383,0.01472
139558000000,19.73816,-9.31159,-0.14858,0.58890,-0.00202,0.00065,-0.80820,-0.43119,-1.44420,0.01499
139591000000,19.72389,-9.35908,-0.14817,0.58956,-0.00208,0.00059,-0.80772,-0.42802,-1.44398,0.01548
139624000000,19.70972,-9.40664,-0.14821,0.59022,-0.00213,0.00058,-0.80724,-0.42705,-1.44329,0.01637
139657000000,19.69569,-9.45405,-0.14766,0.59084,-0.00210,0.00056,-0.80679,-0.42583,-1.44312,0.01794
139690000000,19.68144,-9.50135,-0.14767,0.59146,-0.00210,0.00048,-0.80633,-0.42530,-1.44358,0.01743
139723000000,19.66752,-9.54927,-0.14719,0.59223,-0.00209,0.00050,-0.80577,-0.40947,-1.45871,0.01818
139756000000,19.65376,-9.59718,-0.14722,0.59326,-0.00208,0.00039,-0.80501,-0.40435,-1.46186,0.01756
139789000000,19.64068,-9.64539,-0.14663,0.59440,-0.00206,0.00039,-0.80417,-0.39727,-1.46503,0.01820
139822000000,19.62747,-9.69420,-0.14677,0.59575,-0.00202,0.00037,-0.80317,-0.38826,-1.46977,0.01606
139855000000,19.61497,-9.74200,-0.14624,0.59714,-0.00208,0.00037,-0.80213,-0.38034,-1.47041,0.01596
139888000000,19.60236,-9.79040,-0.14639,0.59841,-0.00202,0.00040,-0.80119,-0.37570,-1.47214,0.01503
139921000000,19.58992,-9.83854,-0.14586,0.59937,-0.00204,0.00037,-0.80047,-0.37965,-1.46331,0.01500
139954000000,19.57729,-9.88683,-0.14596,0.60021,-0.00204,0.00035,-0.79984,-0.37748,-1.46123,0.01429
139987000000,19.56486,-9.93499,-0.14544,0.60102,-0.00205,0.00032,-0.79923,-0.37383,-1.45863,0.01508
140020000000,19.55230,-9.98292,-0.14562,0.60182,-0.00204,0.00033,-0.79863,-0.37170,-1.45570,0.01417
140053000000,19.54003,-10.03051,-0.14516,0.60262,-0.00204,0.00030,-0.79802,-0.37023,-1.45663,0.01536
140086000000,19.52760,-10.07810,-0.14525,0.60344,-0.00202,0.00031,-0.79741,-0.36932,-1.45669,0.01483
140119000000,19.51542,-10.12601,-0.14477,0.60413,-0.00205,0.00028,-0.79688,-0.36955,-1.45703,0.01495
140152000000,19.50286,-10.17396,-0.14510,0.60489,-0.00208,0.00026,-0.79631,-0.36885,-1.45657,0.01393
140185000000,19.49054,-10.22160,-0.14458,0.60559,-0.00207,0.00027,-0.79577,-0.36796,-1.45619,0.01490
140218000000,19.47787,-10.26957,-0.14474,0.60626,-0.00210,0.00022,-0.79526,-0.36718,-1.45793,0.01422
140251000000,19.46588,-10.31738,-0.14433,0.60691,-0.00211,0.00019,-0.79477,-0.36628,-1.45812,0.01405
140284000000,19.45338,-10.36544,-0.14438,0.60753,-0.00209,0.00019,-0.79430,-0.36632,-1.45776,0.01300
140317000000,19.44151,-10.41329,-0.14395,0.60809,-0.00207,0.00016,-0.79387,-0.36410,-1.45690,0.01299
140350000000,19.42910,-10.46121,-0.14398,0.60872,-0.00211,0.00014,-0.79338,-0.36486,-1.45661,0.01162
140383000000,19.41731,-10.50920,-0.14355,0.60927,-0.00215,0.00014,-0.79296,-0.36366,-1.45724,0.01262
140416000000,19.40511,-10.55724,-0.14350,0.60990,-0.00211,0.00011,-0.79247,-0.36363,-1.45748,0.01192
140449000000,19.39308,-10.60545,-0.14298,0.61044,-0.00206,0.00014,-0.79206,-0.36316,-1.45798,0.01478
140482000000,19.38109,-10.65335,-0.14279,0.61097,-0.00204,0.00014,-0.79165,-0.36139,-1.45881,0.01584
140515000000,19.36924,-10.70144,-0.14236,0.61148,-0.00208,0.00017,-0.79125,-0.36113,-1.45955,0.01631
140548000000,19.35739,-10.74958,-0.14215,0.61198,-0.00212,0.00016,-0.79087,-0.35979,-1.46013,0.01605
140581000000,19.34566,-10.79747,-0.14168,0.61244,-0.00217,0.00014,-0.79051,-0.35859,-1.45862,0.01629
140614000000,19.33402,-10.84538,-0.14169,0.61290,-0.00221,0.00010,-0.79016,-0.35701,-1.45756,0.01494
140647000000,19.32234,-10.89310,-0.14114,0.61333,-0.00227,0.00010,-0.78983,-0.35504,-1.45821,0.01665
140680000000,19.31093,-10.94093,-0.14109,0.61376,-0.00232,0.00017,-0.78949,-0.35271,-1.45935,0.01731
140713000000,19.29926,-10.98889,-0.14057,0.61415,-0.00225,0.00015,-0.78919,-0.35170,-1.45887,0.01889
140746000000,19.28767,-11.03685,-0.14063,0.61455,-0.00229,0.00015,-0.78888,-0.35304,-1.45889,0.01711
140779000000,19.27608,-11.08500,-0.14006,0.61494,-0.00233,0.00018,-0.78857,-0.35189,-1.45941,0.01737
140812000000,19.26451,-11.13302,-0.14007,0.61532,-0.00233,0.00016,-0.78828,-0.35007,-1.46102,0.01676
140845000000,19.25295,-11.18088,-0.13941,0.61571,-0.00234,0.00012,-0.78797,-0.34874,-1.46068,0.01912
140878000000,19.24142,-11.22887,-0.13948,0.61605,-0.00234,0.00010,-0.78770,-0.34769,-1.46017,0.01838
140911000000,19.23002,-11.27695,-0.13885,0.61638,-0.00234,0.00009,-0.78744,-0.34629,-1.46051,0.01856
140944000000,19.21864,-11.32513,-0.13880,0.61670,-0.00242,0.00011,-0.78719,-0.34532,-1.46151,0.01847
140977000000,19.20741,-11.37296,-0.13818,0.61698,-0.00245,0.00013,-0.78697,-0.34484,-1.46141,0.01876
141010000000,19.19617,-11.42144,-0.13823,0.61725,-0.00247,0.00013,-0.78676,-0.34374,-1.46138,0.01875
141043000000,19.18493,-11.46904,-0.13754,0.61753,-0.00246,0.00012,-0.78655,-0.34175,-1.46179,0.01921
141076000000,19.17393,-11.51704,-0.13763,0.61782,-0.00254,0.00009,-0.78632,-0.33981,-1.46273,0.01872
141109000000,19.16262,-11.56512,-0.13711,0.61811,-0.00259,0.00007,-0.78609,-0.33913,-1.46255,0.01995
141142000000,19.15139,-11.61371,-0.13709,0.61839,-0.00259,0.00015,-0.78587,-0.33853,-1.46327,0.02051
141175000000,19.14043,-11.66148,-0.13641,0.61865,-0.00262,0.00016,-0.78566,-0.33744,-1.46188,0.02172
141208000000,19.12925,-11.70965,-0.13644,0.61893,-0.00264,0.00018,-0.78544,-0.33702,-1.46237,0.02159
141241000000,19.11819,-11.75778,-0.13568,0.61917,-0.00262,0.00012,-0.78525,-0.33585,-1.46295,0.02107
141274000000,19.10706,-11.80564,-0.13581,0.61941,-0.00265,0.00009,-0.78506,-0.33509,-1.46429,0.01982
141307000000,19.09601,-11.85391,-0.13520,0.61965,-0.00267,0.00011,-0.78487,-0.33492,-1.46380,0.02023
141340000000,19.08478,-11.90197,-0.13552,0.61990,-0.00268,0.00014,-0.78468,-0.33448,-1.46357,0.01978
141373000000,19.07383,-11.95026,-0.13482,0.62006,-0.00270,0.00020,-0.78455,-0.33398,-1.46508,0.01909
141406000000,19.06260,-11.99850,-0.13518,0.62029,-0.00272,0.00019,-0.78437,-0.33277,-1.46497,0.01734
141439000000,19.05181,-12.04663,-0.13459,0.62050,-0.00274,0.00015,-0.78420,-0.33183,-1.46401,0.01842
141472000000,19.04085,-12.09503,-0.13486,0.62068,-0.00273,0.00015,-0.78406,-0.33113,-1.46416,0.01707
141505000000,19.02991,-12.14309,-0.13426,0.62088,-0.00278,0.00013,-0.78390,-0.33151,-1.46330,0.01921
141538000000,19.01901,-12.19113,-0.13439,0.62104,-0.00284,0.00016,-0.78378,-0.33034,-1.46354,0.01792
141571000000,19.00814,-12.23928,-0.13373,0.62117,-0.00285,0.00020,-0.78367,-0.32870,-1.46331,0.01981
141604000000,18.99725,-12.28760,-0.13377,0.62137,-0.00286,0.00017,-0.78351,-0.32777,-1.46420,0.01900
141637000000,18.98638,-12.33565,-0.13316,0.62151,-0.00284,0.00013,-0.78340,-0.32729,-1.46491,0.01918
141670000000,18.97533,-12.38415,-0.13323,0.62170,-0.00282,0.00016,-0.78325,-0.32741,-1.46538,0.01950
141703000000,18.96454,-12.43243,-0.13255,0.62185,-0.00284,0.00013,-0.78313,-0.32548,-1.46370,0.02025
141736000000,18.95379,-12.48105,-0.13255,0.62200,-0.00286,0.00013,-0.78301,-0.32374,-1.46498,0.01967
141769000000,18.94342,-12.52926,-0.13178,0.62212,-0.00286,0.00016,-0.78292,-0.32066,-1.46556,0.02057
141802000000,18.93250,-12.57805,-0.13191,0.62230,-0.00286,0.00013,-0.78278,-0.32019,-1.46737,0.02085
141835000000,18.92178,-12.62592,-0.13113,0.62241,-0.00295,0.00013,-0.78268,-0.32143,-1.46655,0.02138
141868000000,18.91077,-12.67447,-0.13114,0.62258,-0.00293,0.00014,-0.78255,-0.32083,-1.46656,0.02145
141901000000,18.90020,-12.72275,-0.13044,0.62273,-0.00289,0.00014,-0.78243,-0.32083,-1.46724,0.02124
141934000000,18.88924,-12.77174,-0.13054,0.62292,-0.00292,0.00014,-0.78228,-0.32232,-1.46850,0.02022
141967000000,18.87863,-12.81988,-0.12976,0.62301,-0.00294,0.00014,-0.78221,-0.32154,-1.46704,0.02122
142000000000,18.86763,-12.86883,-0.12992,0.62313,-0.00290,0.00016,-0.78211,-0.32227,-1.46922,0.01881
142033000000,18.85704,-12.91709,-0.12932,0.62323,-0.00294,0.00012,-0.78204,-0.32140,-1.46868,0.01972
142066000000,18.84583,-12.96612,-0.12951,0.62339,-0.00298,0.00010,-0.78190,-0.32210,-1.47053,0.01888
142099000000,18.83516,-13.01435,-0.12878,0.62352,-0.00301,0.00002,-0.78180,-0.32189,-1.46906,0.01962
142132000000,18.82401,-13.06303,-0.12876,0.62365,-0.00295,-0.00005,-0.78170,-0.32189,-1.46941,0.01884
142165000000,18.81357,-13.11145,-0.12803,0.62374,-0.00297,-0.00008,-0.78162,-0.32080,-1.46920,0.01964
142198000000,18.80245,-13.16035,-0.12801,0.62388,-0.00295,-0.00010,-0.78152,-0.32266,-1.47020,0.01979
142231000000,18.79183,-13.20831,-0.12726,0.62396,-0.00297,-0.00013,-0.78145,-0.32274,-1.46903,0.02085
142264000000,18.78103,-13.25724,-0.12723,0.62407,-0.00296,-0.00014,-0.78136,-0.32408,-1.46860,0.01956
142297000000,18.77018,-13.30507,-0.12648,0.62417,-0.00299,-0.00017,-0.78128,-0.32454,-1.46699,0.01957
142330000000,18.75918,-13.35381,-0.12646,0.62430,-0.00299,-0.00024,-0.78118,-0.32434,-1.46793,0.01918
142363000000,18.74851,-13.40183,-0.12577,0.62437,-0.00300,-0.00030,-0.78112,-0.32288,-1.46693,0.01932
142396000000,18.73748,-13.44998,-0.12550,0.62450,-0.00298,-0.00033,-0.78102,-0.32266,-1.46594,0.01877
142429000000,18.72668,-13.49813,-0.12494,0.62458,-0.00299,-0.00037,-0.78095,-0.32349,-1.46497,0.01952
142462000000,18.71581,-13.54658,-0.12464,0.62467,-0.00299,-0.00043,-0.78088,-0.32366,-1.46471,0.01974
142495000000,18.70514,-13.59455,-0.12400,0.62476,-0.00304,-0.00048,-0.78081,-0.32329,-1.46316,0.02012
142528000000,18.69424,-13.64283,-0.12361,0.62482,-0.00302,-0.00052,-0.78076,-0.32332,-1.46272,0.02018
142561000000,18.68376,-13.69042,-0.12278,0.62485,-0.00308,-0.00053,-0.78074,-0.32242,-1.46126,0.02192
142594000000,18.67292,-13.73863,-0.12255,0.62490,-0.00303,-0.00057,-0.78070,-0.32283,-1.46079,0.02157
142627000000,18.66236,-13.78643,-0.12174,0.62497,-0.00309,-0.00057,-0.78064,-0.32184,-1.45939,0.02201
142660000000,18.65156,-13.83493,-0.12152,0.62503,-0.00307,-0.00056,-0.78059,-0.32112,-1.45894,0.02111
142693000000,18.64122,-13.88241,-0.12067,0.62512,-0.00310,-0.00057,-0.78052,-0.32064,-1.45852,0.02169
142726000000,18.63076,-13.93044,-0.12019,0.62517,-0.00307,-0.00056,-0.78048,-0.32008,-1.45676,0.02074
142759000000,18.62028,-13.97846,-0.11935,0.62523,-0.00311,-0.00058,-0.78044,-0.32057,-1.45747,0.02222
142792000000,18.60972,-14.02673,-0.11894,0.62528,-0.00308,-0.00057,-0.78040,-0.31997,-1.45751,0.02214
142825000000,18.59936,-14.07489,-0.11864,0.62536,-0.00309,-0.00056,-0.78033,-0.31982,-1.45695,0.02088
142858000000,18.58901,-14.12227,-0.11819,0.62544,-0.00313,-0.00059,-0.78026,-0.31962,-1.45410,0.02010
142891000000,18.57844,-14.17019,-0.11793,0.62551,-0.00313,-0.00063,-0.78021,-0.31981,-1.45327,0.01906
142924000000,18.56827,-14.21777,-0.11756,0.62556,-0.00322,-0.00067,-0.78017,-0.31824,-1.45129,0.01897
142957000000,18.55807,-14.26570,-0.11721,0.62557,-0.00319,-0.00068,-0.78016,-0.31797,-1.45117,0.01812
142990000000,18.54747,-14.31352,-0.11682,0.62562,-0.00320,-0.00069,-0.78012,-0.31840,-1.45048,0.01778
143023000000,18.53694,-14.36093,-0.11630,0.62562,-0.00329,-0.00071,-0.78012,-0.31810,-1.44432,0.01845
143056000000,18.52641,-14.40838,-0.11578,0.62554,-0.00330,-0.00069,-0.78018,-0.31959,-1.43644,0.01941
143089000000,18.51575,-14.45556,-0.11525,0.62544,-0.00332,-0.00066,-0.78026,-0.32254,-1.42916,0.01905
143122000000,18.50502,-14.50253,-0.11473,0.62532,-0.00336,-0.00070,-0.78036,-0.32447,-1.42156,0.02079
143155000000,18.49419,-14.54937,-0.11418,0.62504,-0.00333,-0.00070,-0.78058,-0.32952,-1.41344,0.02131
143188000000,18.48315,-14.59583,-0.11359,0.62453,-0.00334,-0.00072,-0.78099,-0.33733,-1.40507,0.02140
143221000000,18.47168,-14.64242,-0.11315,0.62383,-0.00334,-0.00070,-0.78155,-0.34824,-1.39831,0.02116
143254000000,18.46006,-14.68843,-0.11257,0.62289,-0.00331,-0.00064,-0.78231,-0.35931,-1.38963,0.02008
143287000000,18.44800,-14.73429,-0.11203,0.62164,-0.00330,-0.00057,-0.78330,-0.37300,-1.38140,0.02120
143320000000,18.43551,-14.77982,-0.11150,0.62008,-0.00328,-0.00052,-0.78453,-0.38937,-1.37204,0.02094
143353000000,18.42247,-14.82520,-0.11094,0.61820,-0.00328,-0.00050,-0.78602,-0.40641,-1.36514,0.02123
143386000000,18.40879,-14.87008,-0.11022,0.61596,-0.00327,-0.00053,-0.78777,-0.42574,-1.35647,0.02185
143419000000,18.39446,-14.91521,-0.10980,0.61331,-0.00327,-0.00046,-0.78984,-0.44915,-1.35000,0.02179
143452000000,18.37917,-14.95939,-0.10902,0.61018,-0.00326,-0.00056,-0.79226,-0.47593,-1.34268,0.02324
143485000000,18.36282,-15.00407,-0.10883,0.60663,-0.00326,-0.00055,-0.79497,-0.50498,-1.33567,0.02231
143518000000,18.34575,-15.04765,-0.10795,0.60255,-0.00323,-0.00061,-0.79807,-0.53536,-1.32689,0.02374
143551000000,18.32744,-15.09186,-0.10771,0.59783,-0.00325,-0.00060,-0.80162,-0.57149,-1.31909,0.02305
143584000000,18.30819,-15.13555,-0.10745,0.59246,-0.00326,-0.00056,-0.80559,-0.61054,-1.31089,0.02267
143617000000,18.28748,-15.17907,-0.10726,0.58637,-0.00328,-0.00060,-0.81004,-0.65318,-1.30313,0.02225
143650000000,18.26531,-15.22250,-0.10707,0.57945,-0.00325,-0.00064,-0.81500,-0.70107,-1.29545,0.02109
143683000000,18.24137,-15.26565,-0.10679,0.57161,-0.00318,-0.00061,-0.82052,-0.75494,-1.28563,0.02151
143716000000,18.21547,-15.30828,-0.10655,0.56278,-0.00316,-0.00064,-0.82660,-0.81490,-1.27365,0.02039
143749000000,18.18743,-15.35041,-0.10618,0.55273,-0.00314,-0.00064,-0.83335,-0.88114,-1.25926,0.02056
143782000000,18.15715,-15.39192,-0.10572,0.54140,-0.00313,-0.00070,-0.84076,-0.95284,-1.24210,0.02287
143815000000,18.12441,-15.43319,-0.10519,0.52871,-0.00316,-0.00067,-0.84879,-1.03246,-1.22318,0.02479
143848000000,18.08919,-15.47345,-0.10457,0.51456,-0.00312,-0.00071,-0.85745,-1.09653,-1.17710,0.02496
143881000000,18.05231,-15.51184,-0.10395,-0.49985,0.00307,0.00075,0.86611,-1.13768,-1.11294,0.02612
143914000000,18.01419,-15.54800,-0.10326,-0.48489,0.00302,0.00078,0.87457,-1.17478,-1.05216,0.02641
143947000000,17.97448,-15.58287,-0.10276,-0.46991,0.00300,0.00080,0.88271,-1.21062,-0.99573,0.02632
143980000000,17.93431,-15.61437,-0.10191,-0.45493,0.00300,0.00093,0.89052,-1.24014,-0.93562,0.02697
144013000000,17.89297,-15.64452,-0.10124,-0.44003,0.00304,0.00099,0.89798,-1.26962,-0.87968,0.02697
144046000000,17.85074,-15.67277,-0.10056,-0.42519,0.00308,0.00105,0.90510,-1.29581,-0.82604,0.02638
144079000000,17.80770,-15.69930,-0.09993,-0.41053,0.00305,0.00111,0.91184,-1.32083,-0.77540,0.02572
144112000000,17.76382,-15.72413,-0.09932,-0.39586,0.00310,0.00113,0.91830,-1.34666,-0.72391,0.02490
144145000000,17.71912,-15.74714,-0.09872,-0.38053,0.00315,0.00120,0.92476,-1.37240,-0.66876,0.02427
144178000000,17.67361,-15.76812,-0.09817,-0.36452,0.00317,0.00122,0.93119,-1.39481,-0.60716,0.02380
144211000000,17.62731,-15.78713,-0.09762,-0.34792,0.00316,0.00127,0.93752,-1.41494,-0.54483,0.02370
144244000000,17.58032,-15.80436,-0.09712,-0.33137,0.00313,0.00133,0.94350,-1.43613,-0.48760,0.02234
144277000000,17.53262,-15.81965,-0.09655,-0.31503,0.00311,0.00136,0.94908,-1.45653,-0.43235,0.02299
144310000000,17.48424,-15.83350,-0.09596,-0.29901,0.00312,0.00136,0.95424,-1.47491,-0.38055,0.02334
144343000000,17.43527,-15.84577,-0.09535,-0.28321,0.00312,0.00147,0.95905,-1.49256,-0.33293,0.02343
144376000000,17.38571,-15.85666,-0.09475,-0.26774,0.00307,0.00145,0.96349,-1.50914,-0.28781,0.02413
144409000000,17.33583,-15.86592,-0.09408,-0.25270,0.00300,0.00148,0.96754,-1.50953,-0.26533,0.02502
144442000000,17.28614,-15.87531,-0.09347,-0.23890,0.00299,0.00148,0.97104,-1.50644,-0.25479,0.02514
144475000000,17.23618,-15.88341,-0.09279,-0.22566,0.00302,0.00150,0.97420,-1.52144,-0.22102,0.02462
144508000000,17.18562,-15.89092,-0.09232,-0.21283,0.00299,0.00152,0.97708,-1.53567,-0.19068,0.02443
144541000000,17.13468,-15.89719,-0.09179,-0.20042,0.00297,0.00150,0.97970,-1.54811,-0.16206,0.02410
144574000000,17.08315,-15.90298,-0.09137,-0.18848,0.00290,0.00147,0.98207,-1.56170,-0.13686,0.02470
144607000000,17.03127,-15.90768,-0.09091,-0.17696,0.00283,0.00148,0.98421,-1.57587,-0.11216,0.02404
144640000000,16.97883,-15.91163,-0.09054,-0.16589,0.00279,0.00146,0.98614,-1.58947,-0.09036,0.02411
144673000000,16.92601,-15.91477,-0.09010,-0.15526,0.00274,0.00139,0.98787,-1.60274,-0.06999,0.02320
144706000000,16.87264,-15.91741,-0.08969,-0.14516,0.00269,0.00131,0.98940,-1.61564,-0.05353,0.02375
144739000000,16.81906,-15.91937,-0.08928,-0.13544,0.00258,0.00126,0.99078,-1.61713,-0.03459,0.02334
144772000000,16.76547,-15.92068,-0.08886,-0.12590,0.00255,0.00125,0.99204,-1.61662,-0.01514,0.02279
144805000000,16.71206,-15.92122,-0.08837,-0.11652,0.00251,0.00124,0.99318,-1.61515,0.00318,0.02232
144838000000,16.65851,-15.92127,-0.08790,-0.10735,0.00250,0.00119,0.99422,-1.61282,0.02199,0.02233
144871000000,16.60515,-15.92063,-0.08744,-0.09830,0.00248,0.00117,0.99515,-1.60940,0.03966,0.02221
144904000000,16.55198,-15.91943,-0.08704,-0.08948,0.00246,0.00119,0.99598,-1.60539,0.05736,0.02178
144937000000,16.49888,-15.91769,-0.08670,-0.08084,0.00239,0.00121,0.99672,-1.60254,0.07530,0.02219
144970000000,16.44583,-15.91539,-0.08633,-0.07236,0.00229,0.00118,0.99738,-1.59876,0.09292,0.02170
145003000000,16.39290,-15.91259,-0.08597,-0.06407,0.00224,0.00116,0.99794,-1.59513,0.11009,0.02082
145036000000,16.34012,-15.90917,-0.08558,-0.05599,0.00220,0.00112,0.99843,-1.59104,0.12659,0.02094
145069000000,16.28751,-15.90515,-0.08522,-0.04800,0.00213,0.00113,0.99884,-1.58791,0.14300,0.02122
145102000000,16.23508,-15.90059,-0.08480,-0.04018,0.00211,0.00114,0.99919,-1.58301,0.15905,0.02197
145135000000,16.18280,-15.89551,-0.08435,-0.03261,0.00202,0.00105,0.99947,-1.57779,0.17486,0.02171
145168000000,16.13067,-15.88992,-0.08384,-0.02518,0.00196,0.00102,0.99968,-1.57316,0.19143,0.02064
145201000000,16.07858,-15.88374,-0.08335,-0.01790,0.00194,0.00101,0.99984,-1.56907,0.20656,0.02094
145234000000,16.02673,-15.87701,-0.08287,-0.01074,0.00190,0.00103,0.99994,-1.56336,0.22106,0.02060
145267000000,15.97514,-15.86986,-0.08241,-0.00376,0.00189,0.00102,0.99999,-1.55916,0.23491,0.02052
145300000000,15.92368,-15.86227,-0.08199,0.00312,0.00191,0.00095,0.99999,-1.55360,0.24811,0.02079
145333000000,15.87200,-15.85423,-0.08160,0.00977,0.00187,0.00091,0.99995,-1.56280,0.26258,0.02086
145366000000,15.82007,-15.84573,-0.08120,0.01625,0.00178,0.00088,0.99987,-1.57055,0.27534,0.02067
145399000000,15.76783,-15.83689,-0.08079,0.02246,0.00177,0.00084,0.99975,-1.57976,0.28452,0.02033
145432000000,15.71530,-15.82786,-0.08032,0.02828,0.00172,0.00081,0.99960,-1.58730,0.29165,0.02043
145465000000,15.66227,-15.81864,-0.07990,0.03374,0.00166,0.00074,0.99943,-1.59651,0.29585,0.02040
145498000000,15.60915,-15.80930,-0.07945,0.03877,0.00163,0.00075,0.99925,-1.60590,0.29803,0.01994
145531000000,15.55618,-15.79934,-0.07874,0.04340,0.00162,0.00077,0.99906,-1.61386,0.29976,0.02139
145564000000,15.50230,-15.78996,-0.07833,0.04752,0.00162,0.00071,0.99887,-1.62428,0.29714,0.02106
145597000000,15.44868,-15.78018,-0.07762,0.05112,0.00160,0.00069,0.99869,-1.63285,0.29453,0.02203
145630000000,15.39406,-15.77136,-0.07743,0.05409,0.00152,0.00062,0.99853,-1.64300,0.28501,0.02102
145663000000,15.34044,-15.76204,-0.07665,0.05657,0.00160,0.00059,0.99840,-1.61890,0.27299,0.02150
145696000000,15.28675,-15.75407,-0.07655,0.05852,0.00155,0.00052,0.99828,-1.59447,0.25954,0.02072
145729000000,15.23495,-15.74562,-0.07579,0.06003,0.00161,0.00051,0.99820,-1.56858,0.25137,0.02113
145762000000,15.18293,-15.73842,-0.07582,0.06125,0.00155,0.00050,0.99812,-1.54591,0.23936,0.02051
145795000000,15.13255,-15.73073,-0.07508,0.06229,0.00151,0.00045,0.99806,-1.52325,0.23345,0.02291
145828000000,15.08188,-15.72398,-0.07516,0.06311,0.00144,0.00042,0.99801,-1.50231,0.22650,0.02241
145861000000,15.03311,-15.71647,-0.07429,0.06383,0.00138,0.00043,0.99796,-1.47908,0.22445,0.02399
145894000000,14.98353,-15.71020,-0.07455,0.06441,0.00130,0.00035,0.99792,-1.48096,0.22217,0.02245
145927000000,14.93517,-15.70252,-0.07358,0.06505,0.00134,0.00040,0.99788,-1.48933,0.22466,0.02436
145960000000,14.88530,-15.69565,-0.07370,0.06552,0.00130,0.00042,0.99785,-1.50053,0.22285,0.02337
145993000000,14.83610,-15.68817,-0.07279,0.06590,0.00134,0.00044,0.99782,-1.50927,0.22152,0.02409
146026000000,14.78530,-15.68148,-0.07275,0.06609,0.00129,0.00038,0.99781,-1.52127,0.21730,0.02413
146059000000,14.73554,-15.67439,-0.07173,0.06611,0.00136,0.00040,0.99781,-1.53050,0.21271,0.02514
146092000000,14.68398,-15.66781,-0.07185,0.06585,0.00134,0.00037,0.99783,-1.54452,0.20611,0.02398
146125000000,14.63363,-15.66121,-0.07108,0.06546,0.00139,0.00035,0.99785,-1.53272,0.19745,0.02532
146158000000,14.58267,-15.65529,-0.07115,0.06483,0.00134,0.00032,0.99790,-1.51252,0.18688,0.02473
146191000000,14.53389,-15.64932,-0.07024,0.06417,0.00145,0.00032,0.99794,-1.49017,0.18132,0.02626
146224000000,14.48383,-15.64394,-0.07044,0.06349,0.00134,0.00028,0.99798,-1.47323,0.18610,0.02502
146257000000,14.43659,-15.63711,-0.06922,0.06350,0.00135,0.00036,0.99798,-1.46744,0.20196,0.02530
146290000000,14.38735,-15.63102,-0.06944,0.06351,0.00131,0.00033,0.99798,-1.46893,0.20138,0.02451
146323000000,14.33975,-15.62429,-0.06851,0.06352,0.00136,0.00041,0.99798,-1.46681,0.20399,0.02678
146356000000,14.29077,-15.61845,-0.06867,0.06347,0.00131,0.00035,0.99798,-1.46719,0.20229,0.02495
146389000000,14.24273,-15.61183,-0.06788,0.06349,0.00132,0.00039,0.99798,-1.46547,0.20322,0.02557
146422000000,14.19277,-15.60618,-0.06822,0.06351,0.00119,0.00028,0.99798,-1.46813,0.20096,0.02344
146455000000,14.14586,-15.59949,-0.06715,0.06350,0.00130,0.00028,0.99798,-1.46310,0.20206,0.02463
146488000000,14.09562,-15.59393,-0.06755,0.06349,0.00115,0.00017,0.99798,-1.46599,0.19943,0.02363
146521000000,14.04881,-15.58725,-0.06662,0.06349,0.00122,0.00016,0.99798,-1.46233,0.20068,0.02470
146554000000,13.99948,-15.58166,-0.06694,0.06345,0.00118,0.00012,0.99798,-1.46343,0.19919,0.02409
146587000000,13.95203,-15.57467,-0.06580,0.06342,0.00120,0.00010,0.99799,-1.46121,0.20139,0.02546
146620000000,13.90198,-15.56882,-0.06619,0.06345,0.00110,0.00004,0.99798,-1.46510,0.19981,0.02378
146653000000,13.85527,-15.56228,-0.06519,0.06344,0.00117,0.00003,0.99798,-1.46013,0.20001,0.02544
146686000000,13.80364,-15.55687,-0.06562,0.06341,0.00100,-0.00008,0.99799,-1.46655,0.19798,0.02429
146719000000,13.75802,-15.55016,-0.06448,0.06345,0.00109,-0.00011,0.99798,-1.46171,0.19785,0.02618
146752000000,13.70802,-15.54455,-0.06498,0.06348,0.00103,-0.00018,0.99798,-1.46533,0.19525,0.02358
146785000000,13.66089,-15.53827,-0.06394,0.06356,0.00109,-0.00014,0.99798,-1.46233,0.19690,0.02602
146818000000,13.60850,-15.53245,-0.06440,0.06355,0.00091,-0.00020,0.99798,-1.47074,0.19501,0.02445
146851000000,13.56407,-15.52629,-0.06310,0.06344,0.00105,-0.00016,0.99799,-1.46802,0.18014,0.02461
146884000000,13.51169,-15.52123,-0.06360,0.06305,0.00091,-0.00021,0.99801,-1.48675,0.17811,0.02270
146917000000,13.46616,-15.51516,-0.06238,0.06262,0.00104,-0.00019,0.99804,-1.49267,0.17686,0.02346
146950000000,13.41412,-15.51006,-0.06277,0.06207,0.00101,-0.00021,0.99807,-1.51179,0.17093,0.02239
146983000000,13.36648,-15.50412,-0.06155,0.06142,0.00103,-0.00017,0.99811,-1.51562,0.16719,0.02489
147016000000,13.31430,-15.49928,-0.06165,0.06056,0.00097,-0.00025,0.99816,-1.53546,0.15896,0.02419
147049000000,13.26322,-15.49458,-0.06142,0.05951,0.00099,-0.00033,0.99823,-1.55197,0.14996,0.02527
147082000000,13.21102,-15.49012,-0.06127,0.05823,0.00094,-0.00032,0.99830,-1.56897,0.13820,0.02519
147115000000,13.16041,-15.48612,-0.06088,0.05663,0.00104,-0.00035,0.99839,-1.58110,0.12395,0.02546
147148000000,13.10715,-15.48238,-0.06072,0.05475,0.00101,-0.00035,0.99850,-1.59895,0.10608,0.02415
147181000000,13.05435,-15.47924,-0.06039,0.05243,0.00098,-0.00030,0.99862,-1.58895,0.08668,0.02500
147214000000,13.00216,-15.47693,-0.06001,0.04987,0.00096,-0.00034,0.99876,-1.56701,0.06826,0.02573
147247000000,12.95121,-15.47488,-0.05908,0.04716,0.00102,-0.00034,0.99889,-1.54417,0.05293,0.02732
147280000000,12.89955,-15.47357,-0.05892,0.04427,0.00097,-0.00042,0.99902,-1.52620,0.03837,0.02507
147313000000,12.85000,-15.47241,-0.05800,0.04136,0.00098,-0.00040,0.99914,-1.50262,0.02663,0.02675
147346000000,12.79817,-15.47175,-0.05823,0.03853,0.00090,-0.00045,0.99926,-1.49242,0.03013,0.02496
147379000000,12.75028,-15.47069,-0.05798,0.03634,0.00096,-0.00050,0.99934,-1.47078,0.03378,0.02472
147412000000,12.70130,-15.46974,-0.05790,0.03415,0.00094,-0.00050,0.99942,-1.46153,0.02940,0.02417
147445000000,12.65368,-15.46893,-0.05688,0.03203,0.00101,-0.00049,0.99949,-1.45968,0.02447,0.02645
147478000000,12.60523,-15.46837,-0.05675,0.02999,0.00103,-0.00053,0.99955,-1.45984,0.01873,0.02548
147511000000,12.55457,-15.46786,-0.05687,0.02796,0.00089,-0.00058,0.99961,-1.46689,0.01432,0.02357
147544000000,12.50717,-15.46735,-0.05663,0.02601,0.00094,-0.00060,0.99966,-1.46444,0.01224,0.02372
147577000000,12.45849,-15.46686,-0.05655,0.02416,0.00090,-0.00055,0.99971,-1.46479,0.00984,0.02354
147610000000,12.41035,-15.46664,-0.05571,0.02243,0.00092,-0.00057,0.99975,-1.46397,0.00615,0.02346
147643000000,12.36150,-15.46653,-0.05554,0.02072,0.00093,-0.00056,0.99978,-1.46784,0.00193,0.02173
147676000000,12.31162,-15.46656,-0.05552,0.01902,0.00081,-0.00061,0.99982,-1.47335,-0.00197,0.02104
147709000000,12.26431,-15.46658,-0.05474,0.01745,0.00092,-0.00059,0.99985,-1.47055,-0.00396,0.02238
147742000000,12.21521,-15.46672,-0.05489,0.01584,0.00090,-0.00057,0.99987,-1.47251,-0.00695,0.01939
147775000000,12.16648,-15.46695,-0.05487,0.01429,0.00092,-0.00060,0.99990,-1.47342,-0.01026,0.01862
147808000000,12.11708,-15.46725,-0.05493,0.01281,0.00088,-0.00058,0.99992,-1.47527,-0.01416,0.01757
147841000000,12.06886,-15.46758,-0.05475,0.01134,0.00090,-0.00059,0.99994,-1.47378,-0.01559,0.01786
147874000000,12.01994,-15.46795,-0.05460,0.00992,0.00095,-0.00051,0.99995,-1.47477,-0.01787,0.01764
147907000000,11.97132,-15.46851,-0.05399,0.00857,0.00096,-0.00044,0.99996,-1.47530,-0.02020,0.01887
147940000000,11.92244,-15.46898,-0.05381,0.00734,0.00094,-0.00040,0.99997,-1.47619,-0.02053,0.01862
147973000000,11.87369,-15.46972,-0.05324,0.00610,0.00091,-0.00038,0.99998,-1.47678,-0.02232,0.01895
148006000000,11.82487,-15.47033,-0.05309,0.00485,0.00090,-0.00041,0.99999,-1.47699,-0.02338,0.01987
148039000000,11.77603,-15.47117,-0.05244,0.00368,0.00087,-0.00038,0.99999,-1.47911,-0.02503,0.02086
148072000000,11.72708,-15.47181,-0.05238,0.00256,0.00087,-0.00035,1.00000,-1.47885,-0.02630,0.02088
148105000000,11.67822,-15.47271,-0.05170,0.00149,0.00085,-0.00030,1.00000,-1.47960,-0.02655,0.02207
148138000000,11.62929,-15.47347,-0.05160,0.00044,0.00085,-0.00032,1.00000,-1.47871,-0.02682,0.02202
148171000000,11.58052,-15.47437,-0.05095,-0.00060,0.00083,-0.00030,1.00000,-1.47949,-0.02836,0.02286
148204000000,11.53166,-15.47532,-0.05098,-0.00154,0.00084,-0.00031,1.00000,-1.47920,-0.02871,0.02164
148237000000,11.48288,-15.47634,-0.05026,-0.00247,0.00089,-0.00035,1.00000,-1.47822,-0.03073,0.02156
148270000000,11.43391,-15.47755,-0.05043,-0.00345,0.00090,-0.00040,0.99999,-1.47972,-0.03209,0.02061
148303000000,11.38512,-15.47868,-0.04966,-0.00433,0.00091,-0.00045,0.99999,-1.47868,-0.03211,0.02205
148336000000,11.33632,-15.48004,-0.04976,-0.00519,0.00091,-0.00049,0.99999,-1.47831,-0.03375,0.02113
148369000000,11.28760,-15.48126,-0.04901,-0.00602,0.00097,-0.00051,0.99998,-1.47791,-0.03594,0.02171
148402000000,11.23894,-15.48293,-0.04927,-0.00682,0.00098,-0.00055,0.99998,-1.47727,-0.03860,0.02024
148435000000,11.19008,-15.48423,-0.04861,-0.00758,0.00101,-0.00054,0.99997,-1.47752,-0.03981,0.02160
148468000000,11.14135,-15.48627,-0.04877,-0.00832,0.00110,-0.00058,0.99996,-1.47794,-0.04320,0.02118
148501000000,11.09260,-15.48769,-0.04793,-0.00903,0.00110,-0.00053,0.99996,-1.47693,-0.04562,0.02248
148534000000,11.04391,-15.48986,-0.04805,-0.00974,0.00111,-0.00062,0.99995,-1.47727,-0.04993,0.02116
148567000000,10.99515,-15.49143,-0.04734,-0.01041,0.00112,-0.00060,0.99995,-1.47765,-0.04996,0.02192
148600000000,10.94619,-15.49379,-0.04758,-0.01113,0.00112,-0.00064,0.99994,-1.47713,-0.05289,0.02047
148633000000,10.89740,-15.49557,-0.04689,-0.01172,0.00113,-0.00066,0.99993,-1.47638,-0.05242,0.02149
148666000000,10.84847,-15.49791,-0.04724,-0.01237,0.00116,-0.00070,0.99992,-1.47540,-0.05530,0.01992
148699000000,10.79977,-15.49967,-0.04650,-0.01298,0.00111,-0.00067,0.99991,-1.47477,-0.05569,0.02038
148732000000,10.75108,-15.50177,-0.04669,-0.01353,0.00112,-0.00069,0.99991,-1.47434,-0.05599,0.01958
148765000000,10.70267,-15.50360,-0.04587,-0.01407,0.00111,-0.00070,0.99990,-1.47402,-0.05550,0.02110
148798000000,10.65402,-15.50591,-0.04610,-0.01465,0.00116,-0.00077,0.99989,-1.47300,-0.05722,0.01940
148831000000,10.60534,-15.50782,-0.04552,-0.01513,0.00120,-0.00077,0.99988,-1.47291,-0.05838,0.02012
148864000000,10.55651,-15.51023,-0.04583,-0.01569,0.00114,-0.00085,0.99988,-1.47390,-0.06000,0.01711
148897000000,10.50781,-15.51225,-0.04517,-0.01610,0.00116,-0.00090,0.99987,-1.47390,-0.06150,0.01851
148930000000,10.45856,-15.51477,-0.04555,-0.01662,0.00114,-0.00098,0.99986,-1.47407,-0.06321,0.01798
148963000000,10.41003,-15.51676,-0.04492,-0.01710,0.00120,-0.00104,0.99985,-1.47325,-0.06378,0.01781
148996000000,10.36107,-15.51939,-0.04529,-0.01750,0.00113,-0.00104,0.99985,-1.47408,-0.06611,0.01672
149029000000,10.31241,-15.52161,-0.04476,-0.01786,0.00116,-0.00098,0.99984,-1.47416,-0.06724,0.01744
149062000000,10.26322,-15.52431,-0.04515,-0.01826,0.00115,-0.00102,0.99983,-1.47533,-0.06988,0.01594
149095000000,10.21468,-15.52651,-0.04463,-0.01865,0.00115,-0.00099,0.99982,-1.47446,-0.07008,0.01810
149128000000,10.16559,-15.52919,-0.04495,-0.01903,0.00111,-0.00103,0.99982,-1.47566,-0.07290,0.01612
149161000000,10.11674,-15.53158,-0.04441,-0.01933,0.00108,-0.00104,0.99981,-1.47604,-0.07341,0.01761
149194000000,10.06767,-15.53433,-0.04456,-0.01971,0.00106,-0.00111,0.99980,-1.47646,-0.07572,0.01728
149227000000,10.01909,-15.53692,-0.04388,-0.02000,0.00111,-0.00108,0.99980,-1.47656,-0.07649,0.01806
149260000000,9.96988,-15.53973,-0.04403,-0.02031,0.00108,-0.00110,0.99979,-1.47723,-0.07795,0.01767
149293000000,9.92115,-15.54225,-0.04338,-0.02061,0.00112,-0.00112,0.99979,-1.47822,-0.07800,0.01996
149326000000,9.87218,-15.54491,-0.04354,-0.02096,0.00111,-0.00114,0.99978,-1.47864,-0.07800,0.01984
149359000000,9.82334,-15.54734,-0.04288,-0.02125,0.00110,-0.00110,0.99977,-1.47974,-0.07841,0.02212
149392000000,9.77415,-15.54975,-0.04305,-0.02152,0.00112,-0.00107,0.99977,-1.48201,-0.07844,0.02158
149425000000,9.72515,-15.55236,-0.04228,-0.02183,0.00111,-0.00113,0.99976,-1.48156,-0.07893,0.02159
149458000000,9.67550,-15.55477,-0.04244,-0.02213,0.00109,-0.00115,0.99975,-1.48192,-0.07921,0.02011
149491000000,9.62675,-15.55752,-0.04175,-0.02240,0.00117,-0.00117,0.99975,-1.48047,-0.08031,0.02069
149524000000,9.57762,-15.55987,-0.04182,-0.02267,0.00119,-0.00120,0.99974,-1.48144,-0.08114,0.02032
149557000000,9.52871,-15.56258,-0.04114,-0.02285,0.00123,-0.00120,0.99974,-1.48130,-0.08186,0.02188
149590000000,9.47958,-15.56530,-0.04121,-0.02313,0.00123,-0.00119,0.99973,-1.48220,-0.08323,0.02117
149623000000,9.43059,-15.56804,-0.04056,-0.02335,0.00123,-0.00120,0.99973,-1.48238,-0.08547,0.02215
149656000000,9.38137,-15.57060,-0.04082,-0.02358,0.00124,-0.00119,0.99972,-1.48222,-0.08602,0.02177
149689000000,9.33254,-15.57361,-0.03998,-0.02377,0.00123,-0.00123,0.99972,-1.48132,-0.08796,0.02296
149722000000,9.28351,-15.57636,-0.04016,-0.02397,0.00119,-0.00120,0.99971,-1.48230,-0.08793,0.02233
149755000000,9.23454,-15.57932,-0.03942,-0.02418,0.00122,-0.00125,0.99971,-1.48218,-0.08841,0.02292
149788000000,9.18559,-15.58213,-0.03965,-0.02436,0.00123,-0.00118,0.99970,-1.47814,-0.08851,0.02017
149821000000,9.13679,-15.58495,-0.03915,-0.02457,0.00130,-0.00114,0.99970,-1.47940,-0.08813,0.02020
149854000000,9.08749,-15.58789,-0.03968,-0.02475,0.00128,-0.00118,0.99969,-1.47979,-0.08867,0.01833
149887000000,9.03855,-15.59065,-0.03914,-0.02487,0.00126,-0.00117,0.99969,-1.47936,-0.08889,0.01895
149920000000,8.98926,-15.59350,-0.03951,-0.02499,0.00121,-0.00120,0.99969,-1.48074,-0.08904,0.01753
149953000000,8.94025,-15.59637,-0.03885,-0.02518,0.00114,-0.00117,0.99968,-1.48153,-0.08921,0.01758
149986000000,8.89090,-15.59915,-0.03920,-0.02531,0.00113,-0.00112,0.99968,-1.48238,-0.08870,0.01766
150019000000,8.84181,-15.60216,-0.03845,-0.02551,0.00112,-0.00109,0.99967,-1.48377,-0.08912,0.01733
150052000000,8.79233,-15.60483,-0.03885,-0.02571,0.00109,-0.00103,0.99967,-1.48511,-0.08941,0.01631
150085000000,8.74330,-15.60770,-0.03827,-0.02591,0.00110,-0.00109,0.99966,-1.48585,-0.08830,0.01718
150118000000,8.69387,-15.61025,-0.03864,-0.02608,0.00108,-0.00107,0.99966,-1.48607,-0.08735,0.01603
150151000000,8.64490,-15.61309,-0.03804,-0.02631,0.00109,-0.00107,0.99965,-1.48641,-0.08858,0.01631
150184000000,8.59524,-15.61555,-0.03839,-0.02652,0.00110,-0.00100,0.99965,-1.48697,-0.08947,0.01491
150217000000,8.54633,-15.61860,-0.03786,-0.02669,0.00109,-0.00100,0.99964,-1.48526,-0.09032,0.01574
150250000000,8.49682,-15.62121,-0.03814,-0.02687,0.00109,-0.00097,0.99964,-1.48976,-0.08365,0.01465
150283000000,8.44788,-15.62407,-0.03752,-0.02697,0.00113,-0.00097,0.99964,-1.49041,-0.08446,0.01642
150316000000,8.39876,-15.62662,-0.03766,-0.02711,0.00115,-0.00102,0.99963,-1.48145,-0.08332,0.01737
150349000000,8.35023,-15.62924,-0.03708,-0.02711,0.00118,-0.00099,0.99963,-1.46651,-0.07920,0.01719
150382000000,8.30204,-15.63164,-0.03709,-0.02701,0.00118,-0.00098,0.99963,-1.45405,-0.07626,0.01668
150415000000,8.25415,-15.63412,-0.03654,-0.02669,0.00119,-0.00100,0.99964,-1.44451,-0.07057,0.01811
150448000000,8.20652,-15.63620,-0.03644,-0.02624,0.00121,-0.00102,0.99965,-1.43212,-0.06147,0.01843
150481000000,8.15948,-15.63815,-0.03580,-0.02554,0.00119,-0.00101,0.99967,-1.41699,-0.05255,0.01961
150514000000,8.11289,-15.63964,-0.03580,-0.02465,0.00119,-0.00104,0.99969,-1.40193,-0.04144,0.01966
150547000000,8.06681,-15.64075,-0.03520,-0.02344,0.00114,-0.00101,0.99972,-1.38348,-0.02886,0.02018
150580000000,8.02134,-15.64145,-0.03526,-0.02197,0.00113,-0.00108,0.99976,-1.36843,-0.01418,0.01942
150613000000,7.97643,-15.64162,-0.03466,-0.02017,0.00111,-0.00107,0.99980,-1.35803,0.00195,0.01947
150646000000,7.93167,-15.64136,-0.03468,-0.01806,0.00110,-0.00107,0.99984,-1.34896,0.01687,0.01881
150679000000,7.88715,-15.64048,-0.03415,-0.01559,0.00114,-0.00103,0.99988,-1.34955,0.03527,0.01947
150712000000,7.84308,-15.63903,-0.03433,-0.01279,0.00119,-0.00104,0.99992,-1.33201,0.05301,0.01844
150745000000,7.79943,-15.63703,-0.03376,-0.00970,0.00122,-0.00100,0.99995,-1.31779,0.07377,0.01911
150778000000,7.75623,-15.63412,-0.03390,-0.00628,0.00124,-0.00099,0.99998,-1.30900,0.09586,0.01886
150811000000,7.71302,-15.63062,-0.03331,-0.00258,0.00127,-0.00094,1.00000,-1.31586,0.11940,0.01967
150844000000,7.66972,-15.62630,-0.03361,0.00153,0.00128,-0.00095,1.00000,-1.33074,0.14489,0.01840
150877000000,7.62518,-15.62101,-0.03380,0.00596,0.00121,-0.00093,0.99998,-1.35423,0.17093,0.01775
150910000000,7.57978,-15.61496,-0.03392,0.01075,0.00122,-0.00097,0.99994,-1.37772,0.19693,0.01730
150943000000,7.53372,-15.60806,-0.03387,0.01587,0.00123,-0.00098,0.99987,-1.39970,0.22341,0.01794
150976000000,7.48696,-15.60025,-0.03375,0.02129,0.00122,-0.00096,0.99977,-1.42065,0.24795,0.01795
151009000000,7.43935,-15.59188,-0.03361,0.02698,0.00120,-0.00099,0.99963,-1.43988,0.27077,0.01820
151042000000,7.39120,-15.58269,-0.03337,0.03277,0.00116,-0.00101,0.99946,-1.46083,0.29262,0.01791
151075000000,7.34262,-15.57327,-0.03305,0.03824,0.00116,-0.00098,0.99927,-1.46925,0.28793,0.01810
151108000000,7.29370,-15.56360,-0.03272,0.04343,0.00113,-0.00097,0.99906,-1.47658,0.30276,0.01629
151141000000,7.24457,-15.55355,-0.03242,0.04850,0.00114,-0.00096,0.99882,-1.48368,0.31380,0.01587
151174000000,7.19533,-15.54310,-0.03209,0.05341,0.00115,-0.00098,0.99857,-1.49015,0.32644,0.01635
151207000000,7.14605,-15.53219,-0.03180,0.05837,0.00117,-0.00102,0.99829,-1.48899,0.33915,0.01579
151240000000,7.09702,-15.52095,-0.03159,0.06318,0.00121,-0.00104,0.99800,-1.47179,0.34760,0.01471
151273000000,7.04865,-15.50943,-0.03136,0.06789,0.00122,-0.00105,0.99769,-1.45510,0.35912,0.01448
151306000000,7.00071,-15.49686,-0.03118,0.07303,0.00123,-0.00105,0.99733,-1.44432,0.39641,0.01421
151339000000,6.95307,-15.48354,-0.03099,0.07839,0.00118,-0.00107,0.99692,-1.43634,0.41296,0.01481
151372000000,6.90565,-15.46973,-0.03076,0.08381,0.00118,-0.00105,0.99648,-1.42924,0.43142,0.01413
151405000000,6.85839,-15.45534,-0.03054,0.08947,0.00118,-0.00103,0.99599,-1.42302,0.45037,0.01373
151438000000,6.81143,-15.44030,-0.03031,0.09531,0.00116,-0.00108,0.99545,-1.41623,0.47142,0.01306
151471000000,6.76466,-15.42459,-0.03012,0.10146,0.00114,-0.00109,0.99484,-1.40916,0.49418,0.01322
151504000000,6.71812,-15.40807,-0.02990,0.10788,0.00122,-0.00110,0.99416,-1.40366,0.51944,0.01306
151537000000,6.67172,-15.39071,-0.02967,0.11471,0.00125,-0.00119,0.99340,-1.39883,0.54706,0.01252
151570000000,6.62551,-15.37240,-0.02950,0.12207,0.00124,-0.00125,0.99252,-1.39217,0.57875,0.01114
151603000000,6.57953,-15.35297,-0.02931,0.12999,0.00124,-0.00130,0.99151,-1.38546,0.61284,0.01165
151636000000,6.53387,-15.33226,-0.02912,0.13846,0.00129,-0.00130,0.99037,-1.37860,0.65163,0.01167
151669000000,6.48852,-15.31012,-0.02906,0.14765,0.00131,-0.00136,0.98904,-1.37125,0.69528,0.01180
151702000000,6.44342,-15.28639,-0.02889,0.15759,0.00135,-0.00136,0.98750,-1.36511,0.74389,0.01447
151735000000,6.39864,-15.26091,-0.02865,0.16845,0.00135,-0.00135,0.98571,-1.35593,0.79789,0.01466
151768000000,6.35431,-15.23345,-0.02846,0.18036,0.00141,-0.00128,0.98360,-1.34226,0.85808,0.01436
151801000000,6.31064,-15.20387,-0.02818,0.19335,0.00144,-0.00119,0.98113,-1.31957,0.91938,0.01561
151834000000,6.26794,-15.17245,-0.02787,0.20730,0.00145,-0.00119,0.97828,-1.27943,0.97177,0.01427
151867000000,6.22661,-15.13934,-0.02752,0.22211,0.00153,-0.00112,0.97502,-1.23675,1.02764,0.01364
151900000000,6.18674,-15.10438,-0.02725,0.23781,0.00157,-0.00105,0.97131,-1.18743,1.08412,0.01210
151933000000,6.14867,-15.06761,-0.02699,0.25443,0.00160,-0.00099,0.96709,-1.13170,1.13707,0.01189
151966000000,6.11247,-15.02916,-0.02673,0.27173,0.00160,-0.00097,0.96237,-1.07035,1.18905,0.01188
151999000000,6.07832,-14.98900,-0.02643,0.28991,0.00164,-0.00096,0.95705,-1.00372,1.24104,0.01341
152032000000,6.04650,-14.94728,-0.02607,0.30870,0.00168,-0.00095,0.95116,-0.93007,1.28392,0.01443
152065000000,6.01704,-14.90426,-0.02571,0.32783,0.00174,-0.00099,0.94474,-0.85532,1.32234,0.01540
152098000000,5.99015,-14.86005,-0.02528,0.34718,0.00176,-0.00094,0.93780,-0.77746,1.35637,0.01552
152131000000,5.96580,-14.81474,-0.02487,0.36673,0.00176,-0.00092,0.93033,-0.70014,1.38746,0.01501
152164000000,5.94395,-14.76851,-0.02442,0.38595,0.00178,-0.00087,0.92252,-0.62656,1.41424,0.01641
152197000000,5.92450,-14.72144,-0.02391,0.40479,0.00182,-0.00079,0.91441,-0.55455,1.43733,0.01751
152230000000,5.90738,-14.67360,-0.02342,0.42318,0.00181,-0.00073,0.90604,-0.48448,1.45997,0.01781
152263000000,5.89253,-14.62510,-0.02294,0.44117,0.00187,-0.00070,0.89742,-0.41833,1.47975,0.01730
152296000000,5.87978,-14.57595,-0.02247,0.45867,0.00188,-0.00069,0.88861,-0.35446,1.49851,0.01869
152329000000,5.86910,-14.52622,-0.02200,0.47564,0.00191,-0.00070,0.87964,-0.29387,1.51563,0.01929
152362000000,5.86035,-14.47588,-0.02168,0.49219,0.00191,-0.00068,0.87049,-0.23378,1.53290,0.01892
152395000000,5.85347,-14.42498,-0.02105,0.50827,0.00191,-0.00068,0.86120,-0.17606,1.54993,0.02028
152428000000,5.84771,-14.37249,-0.02053,0.52390,0.00173,-0.00058,0.85178,-0.12336,1.56846,0.02056
152461000000,5.84476,-14.32170,-0.02005,0.53868,0.00186,-0.00065,0.84251,-0.10188,1.55785,0.02030
152494000000,5.84167,-14.27013,-0.01962,0.55236,0.00184,-0.00058,0.83360,-0.06741,1.56495,0.02074
152527000000,5.83987,-14.21812,-0.01929,0.56551,0.00183,-0.00058,0.82474,-0.02537,1.57724,0.01883
152560000000,5.83927,-14.16557,-0.01904,0.57819,0.00182,-0.00056,0.81590,0.01450,1.59192,0.01983
152593000000,5.84006,-14.11257,-0.01870,0.59041,0.00175,-0.00049,0.80710,0.05328,1.60538,0.02056
152626000000,5.84220,-14.05932,-0.01831,0.60224,0.00171,-0.00044,0.79831,0.09100,1.61595,0.02070
152659000000,5.84557,-14.00575,-0.01790,0.61374,0.00166,-0.00048,0.78951,0.12809,1.62378,0.02051
152692000000,5.85013,-13.95200,-0.01750,0.62487,0.00160,-0.00047,0.78073,0.16250,1.63007,0.02051
152725000000,5.85582,-13.89809,-0.01703,0.63566,0.00163,-0.00044,0.77196,0.19567,1.63522,0.02123
152758000000,5.86257,-13.84404,-0.01660,0.64612,0.00160,-0.00043,0.76324,0.22623,1.63837,0.02044
152791000000,5.87031,-13.78989,-0.01621,0.65620,0.00159,-0.00039,0.75458,0.25499,1.64126,0.02087
152824000000,5.87904,-13.73569,-0.01587,0.66600,0.00155,-0.00036,0.74595,0.28484,1.64232,0.01993
152857000000,5.88880,-13.68154,-0.01550,0.67556,0.00156,-0.00037,0.73730,0.31457,1.64148,0.01943
152890000000,5.89956,-13.62737,-0.01514,0.68490,0.00155,-0.00034,0.72863,0.34490,1.64131,0.01998
152923000000,5.91129,-13.57314,-0.01485,0.69403,0.00155,-0.00040,0.71994,0.37536,1.63920,0.01908
152956000000,5.92407,-13.51894,-0.01462,0.70299,0.00150,-0.00041,0.71120,0.40608,1.63648,0.01819
152989000000,5.93781,-13.46490,-0.01440,0.71176,0.00147,-0.00039,0.70242,0.43246,1.63378,0.01800
153022000000,5.95238,-13.41098,-0.01420,0.72009,0.00149,-0.00034,0.69388,0.45591,1.62934,0.01792
153055000000,5.96769,-13.35717,-0.01399,0.72797,0.00143,-0.00035,0.68561,0.47521,1.62420,0.01752
153088000000,5.98360,-13.30351,-0.01376,0.73538,0.00146,-0.00032,0.67765,0.49222,1.61941,0.01683
153121000000,6.00002,-13.24993,-0.01355,0.74226,0.00144,-0.00030,0.67011,0.50595,1.61656,0.01675
153154000000,6.01679,-13.19646,-0.01334,0.74861,0.00139,-0.00028,0.66300,0.51480,1.61348,0.01730
153187000000,6.03375,-13.14303,-0.01311,0.75445,0.00136,-0.00027,0.65636,0.51990,1.61123,0.01664
153220000000,6.05080,-13.08966,-0.01286,0.75971,0.00130,-0.00026,0.65026,0.52255,1.60944,0.01627
153253000000,6.06786,-13.03634,-0.01258,0.76441,0.00128,-0.00034,0.64472,0.52065,1.60993,0.01626
153286000000,6.08478,-12.98298,-0.01228,0.76855,0.00129,-0.00027,0.63979,0.51537,1.61022,0.01629
153319000000,6.10155,-12.92970,-0.01196,0.77214,0.00127,-0.00027,0.63545,0.50775,1.61059,0.01710
153352000000,6.11798,-12.87632,-0.01167,0.77517,0.00131,-0.00028,0.63175,0.49655,1.61423,0.01724
153385000000,6.13413,-12.82296,-0.01108,0.77758,0.00131,-0.00029,0.62879,0.48194,1.61809,0.01809
153418000000,6.14949,-12.76922,-0.01085,0.77939,0.00126,-0.00027,0.62653,0.46317,1.62290,0.01800
153451000000,6.16439,-12.71561,-0.01017,0.78058,0.00123,-0.00030,0.62505,0.44061,1.62831,0.02048
153484000000,6.17823,-12.66148,-0.00997,0.78114,0.00122,-0.00032,0.62436,0.41461,1.63452,0.01958
153517000000,6.19157,-12.60748,-0.00935,0.78117,0.00121,-0.00035,0.62431,0.38615,1.64078,0.02009
153550000000,6.20343,-12.55294,-0.00928,0.78061,0.00114,-0.00036,0.62501,0.35264,1.64947,0.01958
153583000000,6.21448,-12.49838,-0.00857,0.77944,0.00119,-0.00035,0.62647,0.31763,1.65936,0.02115
153616000000,6.22389,-12.44314,-0.00860,0.77762,0.00120,-0.00038,0.62873,0.27631,1.67101,0.02036
153649000000,6.23224,-12.38790,-0.00787,0.77514,0.00123,-0.00039,0.63178,0.23309,1.68016,0.02141
153682000000,6.23848,-12.33214,-0.00807,0.77204,0.00124,-0.00043,0.63557,0.18264,1.69119,0.01991
153715000000,6.24382,-12.27618,-0.00727,0.76826,0.00118,-0.00043,0.64014,0.13065,1.70415,0.02083
153748000000,6.24664,-12.21966,-0.00746,0.76386,0.00114,-0.00043,0.64539,0.07333,1.71799,0.01972
153781000000,6.24764,-12.16277,-0.00760,0.75885,0.00109,-0.00048,0.65126,0.01658,1.73082,0.01814
153814000000,6.24676,-12.10547,-0.00780,0.75331,0.00109,-0.00059,0.65766,-0.04146,1.74376,0.01618
153847000000,6.24411,-12.04786,-0.00792,0.74729,0.00107,-0.00065,0.66450,-0.09863,1.75677,0.01515
153880000000,6.23954,-11.99047,-0.00785,0.74079,0.00104,-0.00071,0.67173,-0.15411,1.73533,0.01409
153913000000,6.23302,-11.93403,-0.00782,0.73390,0.00107,-0.00078,0.67926,-0.20660,1.70616,0.01302
153946000000,6.22494,-11.87864,-0.00775,0.72663,0.00105,-0.00084,0.68702,-0.25580,1.67451,0.01350
153979000000,6.21537,-11.82420,-0.00758,0.71912,0.00108,-0.00087,0.69488,-0.30184,1.64427,0.01332
154012000000,6.20435,-11.77078,-0.00733,0.71142,0.00106,-0.00097,0.70277,-0.34621,1.61290,0.01276
154045000000,6.19195,-11.71836,-0.00708,0.70349,0.00098,-0.00100,0.71070,-0.38704,1.58072,0.01276
154078000000,6.17829,-11.66706,-0.00677,0.69542,0.00099,-0.00106,0.71860,-0.42358,1.54768,0.01404
154111000000,6.16349,-11.61683,-0.00647,0.68722,0.00095,-0.00118,0.72645,-0.45744,1.51546,0.01399
154144000000,6.14766,-11.56759,-0.00613,0.67903,0.00095,-0.00126,0.73411,-0.48891,1.48427,0.01507
154177000000,6.13139,-11.51891,-0.00585,0.67120,0.00092,-0.00128,0.74127,-0.48044,1.47019,0.01422
154210000000,6.11588,-11.47059,-0.00557,0.66455,0.00087,-0.00130,0.74724,-0.45293,1.46338,0.01339
154243000000,6.10133,-11.42235,-0.00528,0.65896,0.00087,-0.00135,0.75217,-0.42877,1.45563,0.01401
154276000000,6.08696,-11.37455,-0.00499,0.65391,0.00087,-0.00135,0.75657,-0.44068,1.43242,0.01391
154309000000,6.07224,-11.32747,-0.00471,0.64908,0.00083,-0.00134,0.76072,-0.44917,1.41235,0.01290
154342000000,6.05736,-11.28100,-0.00443,0.64456,0.00085,-0.00133,0.76455,-0.45452,1.39426,0.01316
154375000000,6.04237,-11.23514,-0.00420,0.64041,0.00086,-0.00131,0.76803,-0.45499,1.37595,0.01398
154408000000,6.02723,-11.18953,-0.00411,0.63650,0.00082,-0.00135,0.77127,-0.46165,1.37348,0.01290
154441000000,6.01214,-11.14423,-0.00373,0.63269,0.00081,-0.00132,0.77440,-0.46667,1.37223,0.01357
154474000000,5.99669,-11.09875,-0.00347,0.62908,0.00089,-0.00131,0.77734,-0.47500,1.37188,0.01394
154507000000,5.98098,-11.05335,-0.00319,0.62560,0.00084,-0.00132,0.78014,-0.48217,1.37046,0.01336
154540000000,5.96499,-11.00794,-0.00292,0.62221,0.00084,-0.00133,0.78285,-0.49041,1.37014,0.01426
154573000000,5.94879,-10.96252,-0.00267,0.61895,0.00080,-0.00131,0.78543,-0.49669,1.36889,0.01426
154606000000,5.93234,-10.91738,-0.00217,0.61579,0.00087,-0.00129,0.78791,-0.50294,1.36736,0.01506
154639000000,5.91576,-10.87198,-0.00194,0.61274,0.00086,-0.00130,0.79028,-0.50951,1.36711,0.01449
154672000000,5.89896,-10.82659,-0.00174,0.60982,0.00086,-0.00131,0.79254,-0.51438,1.36801,0.01447
154705000000,5.88193,-10.78156,-0.00126,0.60696,0.00093,-0.00137,0.79473,-0.51896,1.36509,0.01555
154738000000,5.86481,-10.73624,-0.00112,0.60423,0.00099,-0.00134,0.79681,-0.52448,1.36394,0.01356
154771000000,5.84760,-10.69148,-0.00063,0.60175,0.00105,-0.00132,0.79868,-0.51962,1.35057,0.01451
154804000000,5.83065,-10.64676,-0.00054,0.59966,0.00108,-0.00130,0.80025,-0.51478,1.34125,0.01436
154837000000,5.81372,-10.60266,-0.00005,0.59792,0.00112,-0.00133,0.80155,-0.51069,1.33749,0.01528
154870000000,5.79723,-10.55823,-0.00007,0.59658,0.00111,-0.00125,0.80255,-0.49892,1.32876,0.01449
154903000000,5.78087,-10.51456,0.00048,0.59566,0.00107,-0.00126,0.80324,-0.48901,1.32493,0.01481
154936000000,5.76505,-10.47052,0.00035,0.59521,0.00110,-0.00124,0.80357,-0.47349,1.31884,0.01308
154969000000,5.74952,-10.42700,0.00082,0.59515,0.00111,-0.00131,0.80361,-0.46357,1.32148,0.01329
155002000000,5.73456,-10.38306,0.00074,0.59550,0.00109,-0.00130,0.80335,-0.44431,1.31661,0.01341
155035000000,5.72032,-10.33980,0.00122,0.59638,0.00112,-0.00129,0.80270,-0.42024,1.31051,0.01526
155068000000,5.70685,-10.29625,0.00121,0.59779,0.00114,-0.00128,0.80165,-0.39901,1.31154,0.01497
155101000000,5.69405,-10.25301,0.00164,0.59961,0.00113,-0.00125,0.80029,-0.37799,1.31271,0.01580
155134000000,5.68187,-10.20905,0.00160,0.60158,0.00116,-0.00120,0.79881,-0.36632,1.33243,0.01555
155167000000,5.66998,-10.16473,0.00212,0.60344,0.00118,-0.00121,0.79740,-0.35606,1.35197,0.01696
155200000000,5.65826,-10.11935,0.00204,0.60525,0.00117,-0.00119,0.79603,-0.34786,1.37143,0.01567
155233000000,5.64679,-10.07385,0.00263,0.60693,0.00120,-0.00125,0.79475,-0.34082,1.38795,0.01781
155266000000,5.63550,-10.02741,0.00261,0.60842,0.00117,-0.00120,0.79362,-0.33613,1.40505,0.01697
155299000000,5.62441,-9.98076,0.00318,0.60977,0.00123,-0.00115,0.79257,-0.33484,1.42188,0.01802
155332000000,5.61328,-9.93327,0.00326,0.61090,0.00126,-0.00115,0.79171,-0.33498,1.43721,0.01737
155365000000,5.60181,-9.88579,0.00381,0.61155,0.00123,-0.00118,0.79120,-0.36961,1.43525,0.01707
155398000000,5.58925,-9.83820,0.00391,0.61154,0.00119,-0.00119,0.79121,-0.37336,1.43453,0.01810
155431000000,5.57694,-9.79102,0.00462,0.61150,0.00115,-0.00120,0.79124,-0.37415,1.43377,0.01910
155464000000,5.56427,-9.74340,0.00479,0.61148,0.00115,-0.00118,0.79126,-0.37533,1.43512,0.01956
155497000000,5.55205,-9.69611,0.00546,0.61149,0.00117,-0.00118,0.79125,-0.37338,1.43456,0.02062
155530000000,5.53930,-9.64822,0.00556,0.61146,0.00114,-0.00117,0.79127,-0.37392,1.43585,0.01996
155563000000,5.52721,-9.60117,0.00627,0.61143,0.00121,-0.00118,0.79130,-0.37270,1.43440,0.02111
155596000000,5.51462,-9.55344,0.00633,0.61144,0.00123,-0.00117,0.79129,-0.37285,1.43513,0.02043
155629000000,5.50235,-9.50612,0.00707,0.61144,0.00119,-0.00117,0.79129,-0.37248,1.43423,0.02137
155662000000,5.48989,-9.45838,0.00710,0.61149,0.00116,-0.00116,0.79125,-0.37265,1.43552,0.02095
155695000000,5.47753,-9.41104,0.00767,0.61149,0.00115,-0.00122,0.79125,-0.37117,1.43326,0.02111
155728000000,5.46519,-9.36324,0.00762,0.61153,0.00113,-0.00119,0.79122,-0.36986,1.43494,0.02056
155761000000,5.45300,-9.31600,0.00827,0.61148,0.00116,-0.00117,0.79126,-0.36904,1.43513,0.02101
155794000000,5.44068,-9.26813,0.00820,0.61151,0.00114,-0.00116,0.79124,-0.36939,1.43633,0.01957
155827000000,5.42842,-9.22094,0.00888,0.61149,0.00112,-0.00119,0.79125,-0.37020,1.43672,0.01969
155860000000,5.41593,-9.17303,0.00881,0.61147,0.00108,-0.00114,0.79127,-0.37061,1.43789,0.01858
155893000000,5.40373,-9.12575,0.00945,0.61146,0.00110,-0.00111,0.79128,-0.36774,1.43816,0.01878
155926000000,5.39192,-9.07798,0.00947,0.61193,0.00106,-0.00107,0.79091,-0.34927,1.44018,0.01637
155959000000,5.38056,-9.03079,0.01003,0.61260,0.00110,-0.00108,0.79039,-0.34091,1.42780,0.01642
155992000000,5.36922,-8.98375,0.00983,0.61351,0.00105,-0.00104,0.78968,-0.32906,1.41777,0.01487
156025000000,5.35858,-8.93719,0.01036,0.61473,0.00105,-0.00097,0.78874,-0.31472,1.40624,0.01484
156058000000,5.34801,-8.89038,0.01016,0.61618,0.00100,-0.00093,0.78760,-0.30403,1.40341,0.01483
156091000000,5.33822,-8.84431,0.01068,0.61789,0.00098,-0.00094,0.78627,-0.28719,1.39538,0.01492
156124000000,5.32846,-8.79781,0.01049,0.61984,0.00093,-0.00095,0.78473,-0.27246,1.39361,0.01483
156157000000,5.31980,-8.75206,0.01099,0.62200,0.00094,-0.00095,0.78301,-0.25285,1.38510,0.01536
156190000000,5.31132,-8.70608,0.01090,0.62443,0.00098,-0.00098,0.78108,-0.23555,1.38624,0.01615
156223000000,5.30383,-8.66043,0.01140,0.62718,0.00103,-0.00100,0.77887,-0.21379,1.37621,0.01672
156256000000,5.29702,-8.61470,0.01149,0.63021,0.00105,-0.00101,0.77642,-0.19545,1.38723,0.01547
156289000000,5.29073,-8.56861,0.01193,0.63317,0.00102,-0.00102,0.77401,-0.18255,1.40931,0.01610
156322000000,5.28468,-8.52129,0.01190,0.63610,0.00100,-0.00101,0.77161,-0.17064,1.43177,0.01435
156355000000,5.27903,-8.47367,0.01230,0.63890,0.00106,-0.00103,0.76929,-0.16053,1.45106,0.01591
156388000000,5.27352,-8.42511,0.01230,0.64158,0.00104,-0.00099,0.76705,-0.15221,1.47057,0.01554
156421000000,5.26851,-8.37644,0.01280,0.64404,0.00105,-0.00103,0.76499,-0.15761,1.48188,0.01507
156454000000,5.26245,-8.32719,0.01275,0.64578,0.00107,-0.00106,0.76352,-0.17352,1.49245,0.01470
156487000000,5.25674,-8.27770,0.01323,0.64729,0.00108,-0.00105,0.76225,-0.17259,1.50446,0.01408
156520000000,5.25050,-8.22751,0.01305,0.64872,0.00101,-0.00102,0.76102,-0.17091,1.50549,0.01334
156553000000,5.24501,-8.17810,0.01356,0.65013,0.00103,-0.00105,0.75982,-0.16765,1.50563,0.01439
156586000000,5.23904,-8.12799,0.01348,0.65146,0.00095,-0.00111,0.75868,-0.16588,1.50607,0.01252
156619000000,5.23376,-8.07835,0.01402,0.65278,0.00097,-0.00109,0.75755,-0.16092,1.50628,0.01495
156652000000,5.22832,-8.02836,0.01388,0.65405,0.00093,-0.00103,0.75645,-0.15759,1.50843,0.01454
156685000000,5.22319,-7.97861,0.01431,0.65528,0.00098,-0.00099,0.75538,-0.15393,1.50946,0.01442
156718000000,5.21799,-7.92856,0.01424,0.65644,0.00094,-0.00099,0.75437,-0.15056,1.51092,0.01484
156751000000,5.21309,-7.87881,0.01480,0.65759,0.00093,-0.00103,0.75337,-0.14795,1.51149,0.01457
156784000000,5.20793,-7.82865,0.01474,0.65866,0.00089,-0.00103,0.75244,-0.14636,1.51299,0.01489
156817000000,5.20306,-7.77868,0.01524,0.65978,0.00093,-0.00105,0.75146,-0.14362,1.51382,0.01468
156850000000,5.19820,-7.72863,0.01532,0.66081,0.00092,-0.00103,0.75055,-0.14015,1.51466,0.01368
156883000000,5.19357,-7.67865,0.01575,0.66185,0.00092,-0.00103,0.74964,-0.13839,1.51552,0.01505
156916000000,5.18887,-7.62848,0.01576,0.66282,0.00094,-0.00104,0.74878,-0.13557,1.51599,0.01494
156949000000,5.18442,-7.57850,0.01622,0.66374,0.00093,-0.00102,0.74797,-0.13292,1.51703,0.01623
156982000000,5.17983,-7.52810,0.01637,0.66463,0.00087,-0.00097,0.74717,-0.13100,1.51753,0.01502
157015000000,5.17560,-7.47825,0.01695,0.66554,0.00088,-0.00089,0.74636,-0.12843,1.51717,0.01563
157048000000,5.17115,-7.42788,0.01713,0.66639,0.00083,-0.00087,0.74561,-0.12712,1.51795,0.01619
157081000000,5.16695,-7.37780,0.01760,0.66725,0.00081,-0.00088,0.74484,-0.12668,1.51817,0.01543
157114000000,5.16263,-7.32717,0.01768,0.66802,0.00081,-0.00084,0.74414,-0.12334,1.51939,0.01523
157147000000,5.15860,-7.27704,0.01812,0.66881,0.00079,-0.00079,0.74343,-0.12205,1.52081,0.01604
157180000000,5.15455,-7.22646,0.01831,0.66957,0.00077,-0.00075,0.74275,-0.11977,1.52341,0.01669
157213000000,5.15064,-7.17639,0.01889,0.67031,0.00078,-0.00078,0.74208,-0.11650,1.52464,0.01797
157246000000,5.14652,-7.12563,0.01904,0.67102,0.00073,-0.00076,0.74144,-0.11480,1.52602,0.01803
157279000000,5.14272,-7.07555,0.01962,0.67170,0.00079,-0.00075,0.74082,-0.11319,1.52607,0.01794
157312000000,5.13855,-7.02484,0.01952,0.67234,0.00075,-0.00076,0.74024,-0.11346,1.52789,0.01579
157345000000,5.13502,-6.97467,0.02012,0.67297,0.00073,-0.00077,0.73966,-0.10949,1.52685,0.01485
157378000000,5.13105,-6.92380,0.02001,0.67360,0.00071,-0.00081,0.73910,-0.10990,1.52866,0.01504
157411000000,5.12740,-6.87352,0.02053,0.67424,0.00072,-0.00082,0.73851,-0.10803,1.52929,0.01553
157444000000,5.12349,-6.82281,0.02038,0.67485,0.00069,-0.00082,0.73795,-0.10763,1.52854,0.01348
157477000000,5.11993,-6.77251,0.02082,0.67541,0.00070,-0.00086,0.73744,-0.10613,1.52876,0.01505
157510000000,5.11606,-6.72145,0.02068,0.67591,0.00064,-0.00090,0.73698,-0.10518,1.52965,0.01319
157543000000,5.11274,-6.67114,0.02109,0.67642,0.00065,-0.00092,0.73652,-0.10395,1.52934,0.01361
157576000000,5.10889,-6.62011,0.02090,0.67688,0.00061,-0.00093,0.73609,-0.10290,1.53168,0.01302
157609000000,5.10547,-6.56970,0.02132,0.67740,0.00066,-0.00097,0.73561,-0.10094,1.53218,0.01295
157642000000,5.10180,-6.51882,0.02115,0.67785,0.00061,-0.00098,0.73520,-0.10148,1.53242,0.01193
157675000000,5.09857,-6.46854,0.02162,0.67830,0.00061,-0.00099,0.73478,-0.10029,1.53165,0.01364
157708000000,5.09514,-6.41803,0.02146,0.67870,0.00059,-0.00101,0.73441,-0.09960,1.53244,0.01274
157741000000,5.09195,-6.36770,0.02190,0.67913,0.00063,-0.00103,0.73402,-0.09814,1.53162,0.01476
157774000000,5.08859,-6.31753,0.02173,0.67953,0.00064,-0.00102,0.73365,-0.09571,1.53141,0.01522
157807000000,5.08542,-6.26709,0.02231,0.67992,0.00065,-0.00095,0.73328,-0.09470,1.53094,0.01663
157840000000,5.08238,-6.21676,0.02283,0.68030,0.00062,-0.00093,0.73294,-0.09334,1.52911,0.01659
157873000000,5.07920,-6.16668,0.02274,0.68067,0.00060,-0.00100,0.73259,-0.09302,1.52886,0.01649
157906000000,5.07612,-6.11625,0.02334,0.68098,0.00057,-0.00095,0.73230,-0.09200,1.52891,0.01732
157939000000,5.07314,-6.06578,0.02395,0.68134,0.00049,-0.00091,0.73197,-0.09139,1.52936,0.01756
157972000000,5.06997,-6.01598,0.02404,0.68170,0.00050,-0.00097,0.73164,-0.08959,1.52839,0.01703
158005000000,5.06701,-5.96545,0.02454,0.68203,0.00050,-0.00092,0.73132,-0.08873,1.52924,0.01674
158038000000,5.06404,-5.91510,0.02505,0.68229,0.00051,-0.00098,0.73108,-0.08736,1.52843,0.01792
158071000000,5.06108,-5.86544,0.02511,0.68256,0.00046,-0.00099,0.73083,-0.08601,1.52765,0.01761
158104000000,5.05806,-5.81496,0.02564,0.68288,0.00043,-0.00104,0.73053,-0.08532,1.52882,0.01854
158137000000,5.05517,-5.76451,0.02623,0.68317,0.00045,-0.00101,0.73026,-0.08461,1.53048,0.01916
158170000000,5.05227,-5.71502,0.02624,0.68345,0.00050,-0.00102,0.73000,-0.08319,1.52835,0.01980
158203000000,5.04973,-5.66460,0.02689,0.68368,0.00050,-0.00099,0.72978,-0.08208,1.52925,0.02112
158236000000,5.04705,-5.61418,0.02753,0.68394,0.00053,-0.00098,0.72954,-0.08079,1.53089,0.02273
158269000000,5.04454,-5.56464,0.02751,0.68422,0.00054,-0.00102,0.72927,-0.07967,1.52863,0.02218
158302000000,5.04175,-5.51430,0.02827,0.68454,0.00052,-0.00101,0.72898,-0.08031,1.52908,0.02247
158335000000,5.03925,-5.46393,0.02898,0.68478,0.00053,-0.00097,0.72875,-0.07923,1.52897,0.02318
158368000000,5.03687,-5.41417,0.02868,0.68501,0.00055,-0.00099,0.72853,-0.07788,1.52841,0.02125
158401000000,5.03398,-5.36423,0.02942,0.68526,0.00057,-0.00101,0.72830,-0.07880,1.52746,0.02142
158434000000,5.03136,-5.31375,0.03005,0.68550,0.00053,-0.00107,0.72807,-0.07876,1.52754,0.02361
158467000000,5.02872,-5.26428,0.02977,0.68569,0.00055,-0.00110,0.72789,-0.07898,1.52591,0.02361
158500000000,5.02608,-5.21385,0.03055,0.68587,0.00053,-0.00110,0.72772,-0.07725,1.52724,0.02610
158533000000,5.02371,-5.16320,0.03135,0.68606,0.00056,-0.00107,0.72754,-0.07639,1.52864,0.02572
158566000000,5.02122,-5.11397,0.03082,0.68621,0.00061,-0.00115,0.72740,-0.07612,1.52688,0.02389
158599000000,5.01901,-5.06367,0.03169,0.68645,0.00064,-0.00109,0.72717,-0.06624,1.51713,0.02319
158632000000,5.01696,-5.01388,0.03258,0.68685,0.00057,-0.00110,0.72680,-0.06173,1.49864,0.02361
158665000000,5.01503,-4.96583,0.03206,0.68728,0.00065,-0.00113,0.72640,-0.05490,1.47900,0.02177
158698000000,5.01347,-4.91744,0.03292,0.68789,0.00065,-0.00112,0.72582,-0.04607,1.46271,0.02300
158731000000,5.01175,-4.86910,0.03379,0.68866,0.00057,-0.00114,0.72509,-0.03768,1.45723,0.02348
158764000000,5.01032,-4.82181,0.03310,0.68949,0.00060,-0.00115,0.72430,-0.02997,1.47688,0.02211
158797000000,5.00942,-4.77282,0.03379,0.69037,0.00057,-0.00119,0.72346,-0.02456,1.49907,0.02302
158830000000,5.00872,-4.72308,0.03449,0.69123,0.00065,-0.00122,0.72263,-0.01960,1.52111,0.02317
158863000000,5.00760,-4.67398,0.03394,0.69198,0.00067,-0.00123,0.72192,-0.02478,1.53654,0.02195
158896000000,5.00678,-4.62295,0.03453,0.69270,0.00068,-0.00120,0.72122,-0.02258,1.53565,0.02311
158929000000,5.00618,-4.57217,0.03525,0.69339,0.00067,-0.00118,0.72056,-0.02020,1.53466,0.02465
158962000000,5.00493,-4.52301,0.03455,0.69404,0.00071,-0.00127,0.71993,-0.01954,1.53327,0.02169
158995000000,5.00409,-4.47206,0.03538,0.69472,0.00064,-0.00129,0.71928,-0.01900,1.53379,0.02258
159028000000,5.00356,-4.42156,0.03622,0.69533,0.00064,-0.00135,0.71869,-0.01787,1.53408,0.02287
159061000000,5.00299,-4.37182,0.03567,0.69594,0.00063,-0.00137,0.71810,-0.01579,1.53269,0.02087
159094000000,5.00288,-4.32131,0.03651,0.69656,0.00060,-0.00138,0.71750,-0.01387,1.53316,0.02136
159127000000,5.00222,-4.27045,0.03719,0.69713,0.00054,-0.00140,0.71694,-0.01251,1.53284,0.02351
159160000000,5.00142,-4.22085,0.03655,0.69765,0.00057,-0.00139,0.71644,-0.01135,1.53059,0.02138
159193000000,5.00103,-4.17030,0.03736,0.69818,0.00058,-0.00141,0.71593,-0.00935,1.53042,0.02254
159226000000,5.00047,-4.11971,0.03793,0.69869,0.00053,-0.00143,0.71542,-0.00843,1.52986,0.02387
159259000000,4.99983,-4.06932,0.03725,0.69919,0.00051,-0.00147,0.71493,-0.00763,1.53023,0.02298
159292000000,4.99917,-4.01930,0.03811,0.69969,0.00051,-0.00152,0.71444,-0.00754,1.53050,0.02503
159325000000,4.99886,-3.96842,0.03880,0.70018,0.00047,-0.00153,0.71397,-0.00693,1.53212,0.02686
159358000000,4.99786,-3.91933,0.03815,0.70064,0.00041,-0.00157,0.71351,-0.00870,1.53062,0.02466
159391000000,4.99740,-3.86892,0.03892,0.70110,0.00046,-0.00159,0.71307,-0.00806,1.53019,0.02491
159424000000,4.99725,-3.81829,0.03964,0.70149,0.00045,-0.00161,0.71268,-0.00589,1.52953,0.02598
159457000000,4.99661,-3.76909,0.03905,0.70193,0.00044,-0.00166,0.71225,-0.00516,1.52968,0.02364
159490000000,4.99643,-3.71867,0.03973,0.70232,0.00043,-0.00167,0.71186,-0.00461,1.53054,0.02301
159523000000,4.99623,-3.66784,0.04029,0.70273,0.00049,-0.00165,0.71145,-0.00519,1.53070,0.02239
159556000000,4.99578,-3.61951,0.03976,0.70309,0.00056,-0.00169,0.71110,-0.00295,1.52704,0.02052
159589000000,4.99575,-3.56927,0.04036,0.70345,0.00056,-0.00170,0.71075,-0.00148,1.52565,0.02037
159622000000,4.99566,-3.52062,0.03971,0.70378,0.00053,-0.00179,0.71041,-0.00133,1.52244,0.01726
159655000000,4.99563,-3.47037,0.04034,0.70415,0.00055,-0.00177,0.71005,-0.00136,1.52240,0.01755
159688000000,4.99542,-3.42096,0.03988,0.70449,0.00057,-0.00179,0.70971,-0.00016,1.52154,0.01616
159721000000,4.99529,-3.37048,0.04052,0.70482,0.00057,-0.00181,0.70938,0.00158,1.52208,0.01634
159754000000,4.99539,-3.32034,0.04102,0.70513,0.00055,-0.00182,0.70907,0.00129,1.52272,0.01690
159787000000,4.99545,-3.27108,0.04072,0.70541,0.00057,-0.00186,0.70879,0.00202,1.52082,0.01664
159820000000,4.99539,-3.22108,0.04160,0.70569,0.00054,-0.00189,0.70852,0.00350,1.51859,0.01796
159853000000,4.99572,-3.17137,0.04222,0.70592,0.00049,-0.00184,0.70829,0.00509,1.51784,0.01832
159886000000,4.99619,-3.12270,0.04226,0.70623,0.00056,-0.00189,0.70798,0.00560,1.51506,0.01871
159919000000,4.99616,-3.07236,0.04269,0.70648,0.00054,-0.00192,0.70773,0.00537,1.51598,0.02026
159952000000,4.99627,-3.02229,0.04333,0.70674,0.00053,-0.00194,0.70747,0.00546,1.51620,0.02105
159985000000,4.99672,-2.97386,0.04352,0.70697,0.00059,-0.00197,0.70724,0.00666,1.51280,0.02114
160018000000,4.99702,-2.92410,0.04406,0.70720,0.00057,-0.00194,0.70701,0.00677,1.51163,0.02197
160051000000,4.99713,-2.87514,0.04412,0.70743,0.00060,-0.00192,0.70678,0.00586,1.50924,0.02167
160084000000,4.99737,-2.82559,0.04473,0.70766,0.00057,-0.00188,0.70655,0.00589,1.50922,0.02355
160117000000,4.99757,-2.77665,0.04475,0.70785,0.00063,-0.00193,0.70636,0.00593,1.50743,0.02352
160150000000,4.99806,-2.72703,0.04540,0.70802,0.00072,-0.00187,0.70618,0.00648,1.50703,0.02403
160183000000,4.99843,-2.67820,0.04560,0.70820,0.00075,-0.00192,0.70601,0.00630,1.50573,0.02436
160216000000,4.99870,-2.62819,0.04614,0.70841,0.00068,-0.00199,0.70579,0.00584,1.50490,0.02401
160249000000,4.99896,-2.57844,0.04646,0.70863,0.00070,-0.00197,0.70558,0.00708,1.49768,0.02474
160282000000,4.99938,-2.52968,0.04716,0.70880,0.00072,-0.00208,0.70540,0.00866,1.47692,0.02604
160315000000,5.00007,-2.48107,0.04724,0.70906,0.00081,-0.00207,0.70514,0.01299,1.45618,0.02697
160348000000,5.00079,-2.43371,0.04829,0.70937,0.00082,-0.00207,0.70484,0.01852,1.44166,0.02846
160381000000,5.00215,-2.38685,0.04865,0.70976,0.00087,-0.00205,0.70444,0.02710,1.43258,0.02856
160414000000,5.00307,-2.33953,0.04946,0.71030,0.00088,-0.00204,0.70389,0.03414,1.42064,0.02887
160447000000,5.00453,-2.29326,0.04972,0.71098,0.00085,-0.00198,0.70320,0.04414,1.40579,0.02748
160480000000,5.00621,-2.24742,0.05058,0.71177,0.00087,-0.00194,0.70241,0.05411,1.38768,0.02889
160513000000,5.00835,-2.20171,0.05078,0.71279,0.00090,-0.00192,0.70137,0.06693,1.38194,0.02896
160546000000,5.01087,-2.15601,0.05169,0.71398,0.00090,-0.00192,0.70017,0.08111,1.40393,0.02931
160579000000,5.01410,-2.11005,0.05187,0.71532,0.00096,-0.00199,0.69880,0.09478,1.42522,0.02965
160612000000,5.01739,-2.06249,0.05281,0.71682,0.00093,-0.00199,0.69726,0.10671,1.44631,0.03173
160645000000,5.02123,-2.01495,0.05316,0.71847,0.00096,-0.00201,0.69556,0.11777,1.46607,0.03143
160678000000,5.02525,-1.96656,0.05432,0.72011,0.00097,-0.00206,0.69386,0.12683,1.48529,0.03291
160711000000,5.02936,-1.91703,0.05449,0.72164,0.00098,-0.00204,0.69226,0.13159,1.50009,0.03092
160744000000,5.03394,-1.86797,0.05570,0.72317,0.00101,-0.00204,0.69066,0.13783,1.50946,0.03374
160777000000,5.03815,-1.81818,0.05620,0.72464,0.00098,-0.00208,0.68913,0.14077,1.50792,0.03398
160810000000,5.04303,-1.76846,0.05726,0.72607,0.00104,-0.00205,0.68762,0.14495,1.50677,0.03577
160843000000,5.04776,-1.71829,0.05759,0.72743,0.00100,-0.00207,0.68618,0.14851,1.50513,0.03480
160876000000,5.05263,-1.66859,0.05885,0.72871,0.00094,-0.00205,0.68482,0.15069,1.48865,0.03596
160909000000,5.05755,-1.61977,0.05915,0.73003,0.00090,-0.00207,0.68342,0.16048,1.47409,0.03423
160942000000,5.06289,-1.57100,0.06044,0.73140,0.00093,-0.00208,0.68194,0.16504,1.46057,0.03610
160975000000,5.06827,-1.52331,0.06094,0.73279,0.00093,-0.00211,0.68045,0.17097,1.44511,0.03646
161008000000,5.07388,-1.47585,0.06134,0.73424,0.00094,-0.00214,0.67889,0.17871,1.42890,0.03619
161041000000,5.07991,-1.42899,0.06186,0.73578,0.00092,-0.00209,0.67722,0.18822,1.41285,0.03584
161074000000,5.08648,-1.38226,0.06247,0.73737,0.00087,-0.00207,0.67548,0.20187,1.42318,0.03484
161107000000,5.09364,-1.33520,0.06302,0.73907,0.00089,-0.00210,0.67363,0.21640,1.44194,0.03319
161140000000,5.10094,-1.28742,0.06416,0.74083,0.00089,-0.00211,0.67169,0.22748,1.45647,0.03482
161173000000,5.10872,-1.23921,0.06470,0.74257,0.00086,-0.00207,0.66977,0.22917,1.46997,0.03508
161206000000,5.11670,-1.19026,0.06512,0.74424,0.00091,-0.00210,0.66791,0.23621,1.46799,0.03438
161239000000,5.12494,-1.14181,0.06569,0.74598,0.00091,-0.00209,0.66596,0.25076,1.45439,0.03442
161272000000,5.13358,-1.09401,0.06619,0.74776,0.00096,-0.00210,0.66397,0.26037,1.44299,0.03305
161305000000,5.14243,-1.04670,0.06728,0.74958,0.00096,-0.00217,0.66190,0.26984,1.43026,0.03238
161338000000,5.15177,-0.99967,0.06748,0.75150,0.00095,-0.00221,0.65973,0.28028,1.41789,0.03021
161371000000,5.16129,-0.95332,0.06858,0.75348,0.00099,-0.00220,0.65746,0.29257,1.40550,0.03095
161404000000,5.17152,-0.90694,0.06850,0.75562,0.00097,-0.00214,0.65500,0.30757,1.39485,0.02921
161437000000,5.18190,-0.86124,0.06955,0.75786,0.00095,-0.00211,0.65241,0.32235,1.38305,0.02949
161470000000,5.19313,-0.81578,0.06945,0.76028,0.00093,-0.00205,0.64959,0.34048,1.37220,0.02730
161503000000,5.20480,-0.77075,0.07044,0.76283,0.00094,-0.00200,0.64659,0.36058,1.36129,0.02806
161536000000,5.21735,-0.72590,0.07013,0.76557,0.00096,-0.00199,0.64335,0.38257,1.35202,0.02597
161569000000,5.23041,-0.68152,0.07100,0.76848,0.00095,-0.00205,0.63987,0.40715,1.34293,0.02640
161602000000,5.24441,-0.63721,0.07067,0.77173,0.00092,-0.00200,0.63595,0.43404,1.33466,0.02475
161635000000,5.25904,-0.59311,0.07158,0.77522,0.00089,-0.00202,0.63168,0.46223,1.32610,0.02449
161668000000,5.27504,-0.54878,0.07092,0.77909,0.00091,-0.00198,0.62691,0.49507,1.31886,0.02146
161701000000,5.29193,-0.50550,0.07170,0.78329,0.00096,-0.00204,0.62166,0.52975,1.31143,0.02128
161734000000,5.31019,-0.46196,0.07099,0.78788,0.00091,-0.00208,0.61583,0.56920,1.30430,0.02001
161767000000,5.32925,-0.41880,0.07067,0.79286,0.00094,-0.00207,0.60939,0.60968,1.29644,0.01844
161800000000,5.34997,-0.37577,0.07083,0.79822,0.00089,-0.00205,0.60236,0.65275,1.29132,0.01765
161833000000,5.37209,-0.33274,0.07109,0.80383,0.00089,-0.00209,0.59486,0.69443,1.28759,0.01828
161866000000,5.39551,-0.28998,0.07136,0.80964,0.00086,-0.00204,0.58692,0.73747,1.28533,0.01690
161899000000,5.42051,-0.24712,0.07152,0.81561,0.00090,-0.00197,0.57860,0.78307,1.28388,0.01695
161932000000,5.44696,-0.20400,0.07170,0.82172,0.00087,-0.00194,0.56989,0.82925,1.28486,0.01656
161965000000,5.47484,-0.16108,0.07193,0.82792,0.00078,-0.00195,0.56084,0.86604,1.27182,0.01705
161998000000,5.50402,-0.11859,0.07223,0.83423,0.00075,-0.00192,0.55141,0.90490,1.25442,0.01673
162031000000,5.53432,-0.07720,0.07272,0.84066,0.00072,-0.00192,0.54156,0.94093,1.23047,0.01810
162064000000,5.56590,-0.03650,0.07327,0.84723,0.00067,-0.00192,0.53122,0.97798,1.20457,0.01956
162097000000,5.59872,0.00316,0.07387,0.85391,0.00062,-0.00191,0.52042,1.01835,1.17559,0.02074
162130000000,5.63300,0.04168,0.07451,0.86081,0.00061,-0.00197,0.50892,1.06176,1.14256,0.02260
162163000000,5.66875,0.07906,0.07518,0.86793,0.00062,-0.00191,0.49668,1.10482,1.10607,0.02421
162196000000,5.70583,0.11480,0.07594,0.87523,0.00066,-0.00190,0.48370,1.14619,1.06174,0.02590
162229000000,5.74435,0.14898,0.07671,0.88271,0.00073,-0.00189,0.46992,1.18981,1.01302,0.02732
162262000000,5.78431,0.18167,0.07753,0.89031,0.00078,-0.00185,0.45535,1.23186,0.95856,0.02829
162295000000,5.82559,0.21211,0.07831,0.89800,0.00080,-0.00186,0.44000,1.26988,0.89862,0.02837
162328000000,5.86823,0.24057,0.07904,0.90579,0.00084,-0.00183,0.42373,1.30833,0.83381,0.02999
162361000000,5.91212,0.26681,0.07981,0.91362,0.00094,-0.00181,0.40657,1.34464,0.76307,0.03126
162394000000,5.95696,0.29069,0.08059,0.92139,0.00095,-0.00179,0.38863,1.37496,0.68839,0.03095
162427000000,6.00285,0.31226,0.08134,0.92909,0.00093,-0.00172,0.36985,1.40246,0.61057,0.03219
162460000000,6.04951,0.33133,0.08209,0.93655,0.00092,-0.00173,0.35053,1.42501,0.53196,0.03336
162493000000,6.09672,0.34768,0.08290,0.94368,0.00094,-0.00174,0.33084,1.44257,0.45464,0.03436
162526000000,6.14448,0.36145,0.08373,0.95047,0.00098,-0.00167,0.31082,1.45708,0.37672,0.03433
162559000000,6.19247,0.37262,0.08456,0.95687,0.00099,-0.00168,0.29052,1.46685,0.29784,0.03326
162592000000,6.24077,0.38110,0.08528,0.96286,0.00103,-0.00170,0.27000,1.47328,0.21788,0.03290
162625000000,6.28929,0.38706,0.08602,0.96844,0.00104,-0.00166,0.24922,1.47654,0.14021,0.03278
162658000000,6.33787,0.39041,0.08672,0.97358,0.00109,-0.00165,0.22834,1.47621,0.06201,0.03262
162691000000,6.38634,0.39110,0.08742,0.97827,0.00115,-0.00164,0.20731,1.47099,-0.01506,0.03151
162724000000,6.43456,0.38927,0.08813,0.98251,0.00119,-0.00157,0.18621,1.46177,-0.09160,0.03160
162757000000,6.48235,0.38487,0.08876,0.98628,0.00125,-0.00159,0.16507,1.44921,-0.16712,0.03012
162790000000,6.52991,0.37802,0.08940,0.98957,0.00128,-0.00158,0.14401,1.44726,-0.24243,0.03055
162823000000,6.57762,0.36880,0.09001,0.99240,0.00128,-0.00155,0.12304,1.44891,-0.31686,0.02956
162856000000,6.62531,0.35718,0.09059,0.99477,0.00128,-0.00156,0.10210,1.45119,-0.39000,0.02869
162889000000,6.67310,0.34318,0.09119,0.99669,0.00130,-0.00153,0.08125,1.45321,-0.46328,0.02808
162922000000,6.72106,0.32690,0.09179,0.99817,0.00131,-0.00152,0.06036,1.45329,-0.53603,0.02794
162955000000,6.76900,0.30824,0.09239,0.99922,0.00129,-0.00148,0.03937,1.45163,-0.60848,0.02690
162988000000,6.81692,0.28722,0.09298,0.99983,0.00128,-0.00145,0.01820,1.44854,-0.68310,0.02696
163021000000,6.86474,0.26385,0.09363,0.99999,0.00123,-0.00144,-0.00316,1.43981,-0.74144,0.02677
163054000000,6.91197,0.23962,0.09424,0.99972,0.00121,-0.00139,-0.02356,1.41095,-0.76136,0.02725
163087000000,6.95808,0.21395,0.09486,0.99905,0.00124,-0.00137,-0.04343,1.37463,-0.81048,0.02683
163120000000,7.00304,0.18679,0.09546,0.99802,0.00125,-0.00129,-0.06292,1.33737,-0.85289,0.02730
163153000000,7.04650,0.15810,0.09617,0.99664,0.00125,-0.00127,-0.08191,1.29803,-0.88915,0.02807
163186000000,7.08894,0.12851,0.09678,0.99496,0.00127,-0.00122,-0.10027,1.25902,-0.92019,0.02763
163219000000,7.13025,0.09814,0.09732,0.99303,0.00131,-0.00117,-0.11783,1.22217,-0.94461,0.02696
163252000000,7.17045,0.06714,0.09781,0.99092,0.00129,-0.00116,-0.13444,1.18658,-0.96108,0.02640
163285000000,7.20946,0.03564,0.09820,0.98868,0.00129,-0.00107,-0.15002,1.15740,-0.97723,0.02468
163318000000,7.24776,0.00372,0.09851,0.98633,0.00126,-0.00098,-0.16478,1.13389,-0.99137,0.02366
163351000000,7.28541,-0.02856,0.09878,0.98392,0.00122,-0.00086,-0.17858,1.11333,-1.00414,0.02402
163384000000,7.32217,-0.06132,0.09906,0.98151,0.00122,-0.00082,-0.19139,1.09561,-1.01282,0.02237
163417000000,7.35822,-0.09444,0.09939,0.97913,0.00120,-0.00078,-0.20321,1.07950,-1.01999,0.02301
163450000000,7.39405,-0.12762,0.09961,0.97683,0.00114,-0.00080,-0.21400,1.06909,-1.02293,0.02206
163483000000,7.42951,-0.16091,0.09986,0.97462,0.00114,-0.00076,-0.22386,1.06239,-1.02364,0.02300
163516000000,7.46480,-0.19417,0.10012,0.97255,0.00111,-0.00068,-0.23268,1.05808,-1.01926,0.02268
163549000000,7.49986,-0.22724,0.10043,0.97065,0.00109,-0.00058,-0.24051,1.05669,-1.01521,0.02269
163582000000,7.53503,-0.26007,0.10075,0.96893,0.00102,-0.00054,-0.24732,1.05791,-1.00538,0.02375
163615000000,7.56982,-0.29301,0.10158,0.96744,0.00098,-0.00051,-0.25311,1.06096,-0.99496,0.02381
163648000000,7.60525,-0.32509,0.10184,0.96617,0.00098,-0.00046,-0.25790,1.06843,-0.98622,0.02212
163681000000,7.64021,-0.35735,0.10270,0.96508,0.00100,-0.00046,-0.26195,1.07345,-0.97121,0.02386
163714000000,7.67644,-0.38837,0.10269,0.96430,0.00093,-0.00042,-0.26482,1.08453,-0.95183,0.02256
163747000000,7.71167,-0.41949,0.10370,0.96376,0.00089,-0.00045,-0.26676,1.09401,-0.93199,0.02471
163780000000,7.74861,-0.44924,0.10362,0.96351,0.00080,-0.00040,-0.26766,1.11131,-0.90957,0.02382
163813000000,7.78469,-0.47878,0.10488,0.96349,0.00080,-0.00048,-0.26775,1.12338,-0.88520,0.02673
163846000000,7.82257,-0.50658,0.10496,0.96374,0.00070,-0.00043,-0.26682,1.14035,-0.85571,0.02574
163879000000,7.85972,-0.53452,0.10611,0.96421,0.00071,-0.00045,-0.26515,1.15700,-0.83400,0.02752
163912000000,7.90041,-0.56094,0.10562,0.96471,0.00058,-0.00026,-0.26332,1.18027,-0.81324,0.02582
163945000000,7.93722,-0.58757,0.10734,0.96521,0.00057,-0.00042,-0.26147,1.19182,-0.80072,0.02865
163978000000,7.97828,-0.61285,0.10708,0.96570,0.00046,-0.00035,-0.25964,1.21221,-0.78746,0.02754
164011000000,8.01914,-0.63968,0.10723,0.96616,0.00053,-0.00039,-0.25793,1.22869,-0.78103,0.02555
164044000000,8.05814,-0.66304,0.10768,0.96657,0.00038,-0.00056,-0.25639,1.23801,-0.76877,0.02597
164077000000,8.09879,-0.68837,0.10871,0.96689,0.00040,-0.00060,-0.25518,1.24856,-0.76424,0.02685
164110000000,8.14019,-0.71362,0.10960,0.96716,0.00040,-0.00059,-0.25419,1.26051,-0.76249,0.02794
164143000000,8.18207,-0.73828,0.10958,0.96734,0.00036,-0.00059,-0.25347,1.26882,-0.75930,0.02740
164176000000,8.22759,-0.76346,0.10868,0.96758,0.00033,-0.00038,-0.25257,1.27996,-0.74726,0.02292
164209000000,8.26586,-0.78712,0.10983,0.96796,0.00035,-0.00061,-0.25110,1.27415,-0.73094,0.02532
164242000000,8.30788,-0.81073,0.11016,0.96847,0.00036,-0.00062,-0.24911,1.27857,-0.71298,0.02639
164275000000,8.34994,-0.83374,0.11113,0.96917,0.00033,-0.00065,-0.24641,1.28359,-0.68977,0.02826
164308000000,8.39243,-0.85609,0.11204,0.97001,0.00036,-0.00067,-0.24305,1.29041,-0.66580,0.02979
164341000000,8.43487,-0.87735,0.11250,0.97101,0.00035,-0.00074,-0.23905,1.29830,-0.63931,0.03004
164374000000,8.47776,-0.89805,0.11367,0.97210,0.00033,-0.00075,-0.23457,1.30602,-0.61161,0.03160
164407000000,8.52114,-0.91697,0.11380,0.97333,0.00023,-0.00073,-0.22939,1.31498,-0.57954,0.03088
164440000000,8.56424,-0.93561,0.11499,0.97468,0.00023,-0.00072,-0.22359,1.32072,-0.54484,0.03189
164473000000,8.60793,-0.95269,0.11525,0.97612,0.00023,-0.00070,-0.21721,1.32869,-0.50842,0.03124
164506000000,8.65177,-0.96875,0.11639,0.97767,0.00022,-0.00067,-0.21016,1.33473,-0.46913,0.03345
164539000000,8.69600,-0.98308,0.11655,0.97931,0.00017,-0.00068,-0.20236,1.34072,-0.42590,0.03209
164572000000,8.74021,-0.99644,0.11773,0.98101,0.00016,-0.00072,-0.19398,1.34786,-0.38362,0.03372
164605000000,8.78520,-1.00764,0.11783,0.98274,0.00009,-0.00068,-0.18497,1.35275,-0.33569,0.03320
164638000000,8.82962,-1.01749,0.11800,0.98451,0.00013,-0.00070,-0.17530,1.35408,-0.28736,0.03321
164671000000,8.87437,-1.02577,0.11821,0.98627,0.00009,-0.00071,-0.16516,1.35779,-0.23927,0.03056
164704000000,8.91924,-1.03274,0.11860,0.98799,0.00008,-0.00070,-0.15449,1.35885,-0.19004,0.02979
164737000000,8.96445,-1.03816,0.11903,0.98966,0.00005,-0.00068,-0.14342,1.36307,-0.14022,0.02748
164770000000,9.00958,-1.04170,0.11953,0.99123,-0.00001,-0.00069,-0.13217,1.37972,-0.09567,0.02669
164803000000,9.05564,-1.04378,0.11985,0.99266,-0.00002,-0.00068,-0.12091,1.39935,-0.05287,0.02487
164836000000,9.10250,-1.04452,0.12013,0.99397,-0.00005,-0.00069,-0.10967,1.41164,-0.00842,0.02446
164869000000,9.14948,-1.04401,0.12045,0.99516,-0.00004,-0.00070,-0.09829,1.42113,0.03647,0.02291
164902000000,9.19660,-1.04203,0.12087,0.99624,-0.00009,-0.00066,-0.08661,1.43288,0.08454,0.02295
164935000000,9.24427,-1.03845,0.12134,0.99721,-0.00014,-0.00062,-0.07461,1.44616,0.13501,0.02312
164968000000,9.29231,-1.03317,0.12191,0.99806,-0.00017,-0.00056,-0.06228,1.45913,0.18873,0.02398
165001000000,9.34085,-1.02601,0.12246,0.99877,-0.00018,-0.00053,-0.04954,1.47495,0.24573,0.02462
165034000000,9.38982,-1.01681,0.12306,0.99934,-0.00023,-0.00055,-0.03631,1.49142,0.30896,0.02412
165067000000,9.43953,-1.00531,0.12357,0.99975,-0.00026,-0.00057,-0.02254,1.50817,0.37688,0.02411
165100000000,9.48949,-0.99155,0.12416,0.99997,-0.00030,-0.00062,-0.00821,1.52331,0.44784,0.02387
165133000000,9.54008,-0.97522,0.12461,0.99998,-0.00034,-0.00064,0.00675,1.53945,0.52254,0.02311
165166000000,9.59126,-0.95643,0.12510,0.99974,-0.00043,-0.00066,0.02268,1.55657,0.60233,0.02336
165199000000,9.64329,-0.93483,0.12551,0.99921,-0.00052,-0.00061,0.03968,1.57401,0.68882,0.02400
165232000000,9.69502,-0.91066,0.12595,0.99834,-0.00054,-0.00062,0.05757,1.54758,0.75667,0.02269
165265000000,9.74541,-0.88460,0.12635,0.99713,-0.00058,-0.00057,0.07566,1.49820,0.81093,0.02198
165298000000,9.79414,-0.85689,0.12677,0.99560,-0.00063,-0.00059,0.09367,1.44910,0.86145,0.02036
165331000000,9.84120,-0.82754,0.12715,0.99377,-0.00069,-0.00059,0.11148,1.40058,0.90792,0.01918
165364000000,9.88687,-0.79676,0.12752,0.99165,-0.00079,-0.00054,0.12896,1.35523,0.95034,0.01944
165397000000,9.93077,-0.76463,0.12785,0.98927,-0.00079,-0.00052,0.14606,1.31561,0.97839,0.01928
165430000000,9.97376,-0.73231,0.12830,0.98682,-0.00082,-0.00050,0.16179,1.29794,0.96761,0.02025
165463000000,10.01630,-0.70043,0.12863,0.98440,-0.00082,-0.00044,0.17595,1.28296,0.95552,0.01951
165496000000,10.05821,-0.66838,0.12897,0.98198,-0.00085,-0.00041,0.18899,1.25075,0.97831,0.01832
165529000000,10.10040,-0.63531,0.12874,0.97951,-0.00084,-0.00038,0.20141,1.22633,0.99958,0.01713
165562000000,10.13993,-0.60230,0.12934,0.97700,-0.00079,-0.00042,0.21322,1.19820,1.01394,0.01788
165595000000,10.18008,-0.56835,0.12907,0.97452,-0.00083,-0.00037,0.22431,1.17871,1.02693,0.01647
165628000000,10.21845,-0.53455,0.12960,0.97208,-0.00079,-0.00035,0.23464,1.15788,1.03479,0.01680
165661000000,10.25722,-0.50008,0.12959,0.96972,-0.00076,-0.00034,0.24422,1.14311,1.04230,0.01773
165694000000,10.29472,-0.46578,0.12972,0.96745,-0.00075,-0.00039,0.25305,1.12773,1.04582,0.01881
165727000000,10.33195,-0.43132,0.12979,0.96533,-0.00075,-0.00040,0.26102,1.11563,1.04727,0.01766
165760000000,10.36898,-0.39701,0.12990,0.96337,-0.00076,-0.00035,0.26817,1.10758,1.04323,0.01719
165793000000,10.40572,-0.36289,0.12989,0.96160,-0.00069,-0.00034,0.27445,1.10359,1.03873,0.01426
165826000000,10.44221,-0.32899,0.12984,0.96005,-0.00066,-0.00036,0.27982,1.10160,1.03065,0.01346
165859000000,10.47856,-0.29538,0.12985,0.95875,-0.00065,-0.00038,0.28427,1.10268,1.01883,0.01240
165892000000,10.51489,-0.26202,0.12990,0.95760,-0.00058,-0.00041,0.28812,1.10655,1.01612,0.01133
165925000000,10.55138,-0.22848,0.12999,0.95642,-0.00058,-0.00046,0.29200,1.11064,1.02279,0.01219
165958000000,10.58819,-0.19455,0.12991,0.95516,-0.00061,-0.00049,0.29610,1.11256,1.03333,0.01141
165991000000,10.62451,-0.16049,0.13034,0.95378,-0.00062,-0.00048,0.30050,1.11082,1.04478,0.01262
166024000000,10.66100,-0.12606,0.13056,0.95240,-0.00062,-0.00047,0.30484,1.10739,1.04729,0.01341
166057000000,10.69749,-0.09150,0.13083,0.95110,-0.00064,-0.00046,0.30887,1.10590,1.04860,0.01326
166090000000,10.73387,-0.05696,0.13127,0.94996,-0.00070,-0.00041,0.31237,1.10380,1.04276,0.01375
166123000000,10.77024,-0.02270,0.13153,0.94908,-0.00074,-0.00043,0.31504,1.10489,1.03497,0.01379
166156000000,10.80659,0.01129,0.13182,0.94840,-0.00073,-0.00046,0.31708,1.10687,1.02514,0.01346
166189000000,10.84311,0.04497,0.13204,0.94798,-0.00074,-0.00047,0.31834,1.11356,1.01490,0.01339
166222000000,10.87995,0.07826,0.13252,0.94781,-0.00073,-0.00045,0.31883,1.12200,1.00054,0.01508
166255000000,10.91704,0.11114,0.13273,0.94784,-0.00071,-0.00049,0.31873,1.13215,0.98692,0.01472
166288000000,10.95450,0.14338,0.13325,0.94811,-0.00076,-0.00052,0.31795,1.14223,0.96670,0.01589
166321000000,10.99238,0.17502,0.13336,0.94859,-0.00082,-0.00054,0.31650,1.15474,0.94813,0.01673
166354000000,11.03066,0.20596,0.13394,0.94931,-0.00080,-0.00058,0.31435,1.16754,0.92479,0.01846
166387000000,11.06930,0.23615,0.13405,0.95026,-0.00087,-0.00060,0.31145,1.18234,0.89837,0.01762
166420000000,11.10845,0.26515,0.13474,0.95151,-0.00089,-0.00059,0.30763,1.19716,0.86791,0.01854
166453000000,11.14917,0.29387,0.13390,0.95295,-0.00090,-0.00056,0.30312,1.21437,0.83722,0.01555
166486000000,11.18820,0.32054,0.13555,0.95459,-0.00092,-0.00061,0.29793,1.22880,0.80544,0.01936
166519000000,11.22869,0.34616,0.13551,0.95642,-0.00088,-0.00061,0.29198,1.24288,0.76624,0.01900
166552000000,11.26994,0.37033,0.13631,0.95846,-0.00085,-0.00060,0.28522,1.25866,0.72401,0.02067
166585000000,11.31135,0.39296,0.13639,0.96069,-0.00082,-0.00060,0.27764,1.27425,0.67851,0.02055
166618000000,11.35333,0.41405,0.13656,0.96309,-0.00078,-0.00062,0.26916,1.28840,0.62994,0.02042
166651000000,11.39560,0.43346,0.13687,0.96559,-0.00080,-0.00067,0.26008,1.30174,0.58266,0.02025
166684000000,11.43851,0.45147,0.13724,0.96821,-0.00074,-0.00065,0.25014,1.31286,0.53053,0.02079
166717000000,11.48180,0.46756,0.13753,0.97090,-0.00067,-0.00063,0.23949,1.32126,0.47575,0.02153
166750000000,11.52539,0.48177,0.13785,0.97363,-0.00065,-0.00065,0.22815,1.33043,0.42091,0.02040
166783000000,11.56908,0.49421,0.13827,0.97635,-0.00059,-0.00066,0.21620,1.33321,0.36145,0.02061
166816000000,11.61271,0.50450,0.13865,0.97906,-0.00057,-0.00077,0.20356,1.33389,0.30056,0.02076
166849000000,11.65611,0.51273,0.13902,0.98172,-0.00050,-0.00079,0.19031,1.32839,0.23788,0.02088
166882000000,11.69957,0.51914,0.13938,0.98429,-0.00042,-0.00082,0.17656,1.33056,0.17930,0.02158
166915000000,11.74294,0.52352,0.13979,0.98669,-0.00037,-0.00082,0.16261,1.33354,0.12197,0.02212
166948000000,11.78638,0.52595,0.14019,0.98892,-0.00030,-0.00087,0.14847,1.33324,0.06359,0.02066
166981000000,11.82978,0.52640,0.14057,0.99096,-0.00026,-0.00094,0.13419,1.33114,0.00538,0.02008
167014000000,11.87278,0.52476,0.14097,0.99280,-0.00018,-0.00101,0.11978,1.32403,-0.05235,0.02094
167047000000,11.91547,0.52123,0.14130,0.99444,-0.00006,-0.00105,0.10530,1.32352,-0.10891,0.02008
167080000000,11.95849,0.51599,0.14166,0.99586,0.00003,-0.00108,0.09088,1.33399,-0.16630,0.01937
167113000000,12.00205,0.50910,0.14203,0.99707,0.00005,-0.00112,0.07643,1.34522,-0.22170,0.02062
167146000000,12.04607,0.50051,0.14247,0.99808,0.00008,-0.00114,0.06199,1.35644,-0.27631,0.02038
167179000000,12.09057,0.49021,0.14286,0.99887,0.00017,-0.00117,0.04744,1.36870,-0.33110,0.02017
167212000000,12.13555,0.47818,0.14334,0.99946,0.00024,-0.00120,0.03277,1.37968,-0.38514,0.02076
167245000000,12.18099,0.46442,0.14371,0.99984,0.00028,-0.00121,0.01796,1.38908,-0.44111,0.01982
167278000000,12.22665,0.44883,0.14413,0.99999,0.00025,-0.00119,0.00293,1.39755,-0.49681,0.01930
167311000000,12.27269,0.43145,0.14455,0.99992,0.00031,-0.00125,-0.01239,1.40642,-0.55446,0.01869
167344000000,12.31904,0.41220,0.14501,0.99960,0.00033,-0.00126,-0.02809,1.41212,-0.61216,0.01809
167377000000,12.36552,0.39111,0.14545,0.99903,0.00031,-0.00129,-0.04405,1.41311,-0.66964,0.01837
167410000000,12.41187,0.36868,0.14598,0.99820,0.00028,-0.00136,-0.05989,1.40443,-0.68148,0.02039
167443000000,12.45789,0.34649,0.14661,0.99725,0.00030,-0.00133,-0.07415,1.39511,-0.66928,0.02140
167476000000,12.50368,0.32478,0.14724,0.99623,0.00034,-0.00131,-0.08677,1.38805,-0.65635,0.02153
167509000000,12.54901,0.30280,0.14785,0.99512,0.00039,-0.00129,-0.09865,1.36422,-0.68105,0.02054
167542000000,12.59347,0.28005,0.14851,0.99392,0.00035,-0.00132,-0.11012,1.33988,-0.70152,0.02002
167575000000,12.63704,0.25668,0.14910,0.99264,0.00032,-0.00132,-0.12106,1.31585,-0.71751,0.02012
167608000000,12.67974,0.23280,0.14961,0.99133,0.00034,-0.00136,-0.13135,1.29091,-0.73045,0.02002
167641000000,12.72166,0.20864,0.14999,0.99000,0.00034,-0.00135,-0.14103,1.26854,-0.73798,0.01829
167674000000,12.76313,0.18431,0.15030,0.98870,0.00037,-0.00139,-0.14993,1.25126,-0.74378,0.01661
167707000000,12.80415,0.15980,0.15060,0.98743,0.00037,-0.00138,-0.15804,1.24006,-0.74891,0.01655
167740000000,12.84510,0.13520,0.15092,0.98621,0.00041,-0.00132,-0.16549,1.23271,-0.75121,0.01594
167773000000,12.88573,0.11057,0.15121,0.98507,0.00044,-0.00124,-0.17215,1.22529,-0.74860,0.01513
167806000000,12.92622,0.08596,0.15148,0.98401,0.00045,-0.00131,-0.17808,1.22484,-0.75177,0.01408
167839000000,12.96654,0.06121,0.15193,0.98302,0.00051,-0.00130,-0.18348,1.22031,-0.74679,0.01349
167872000000,13.00663,0.03684,0.15221,0.98216,0.00053,-0.00131,-0.18802,1.21645,-0.73848,0.01332
167905000000,13.04682,0.01263,0.15266,0.98142,0.00054,-0.00135,-0.19184,1.21864,-0.73301,0.01354
167938000000,13.08705,-0.01102,0.15292,0.98080,0.00053,-0.00132,-0.19499,1.22015,-0.72029,0.01223
167971000000,13.12728,-0.03460,0.15334,0.98034,0.00051,-0.00131,-0.19731,1.22316,-0.70914,0.01228
168004000000,13.16768,-0.05719,0.15363,0.98002,0.00042,-0.00131,-0.19887,1.22562,-0.68963,0.01290
168037000000,13.20808,-0.07969,0.15414,0.97986,0.00041,-0.00139,-0.19967,1.22938,-0.67224,0.01297
168070000000,13.24882,-0.10157,0.15456,0.97987,0.00040,-0.00138,-0.19964,1.23672,-0.65169,0.01387
168103000000,13.28954,-0.12209,0.15499,0.98003,0.00037,-0.00141,-0.19883,1.24290,-0.62666,0.01372
168136000000,13.33089,-0.14248,0.15528,0.98031,0.00038,-0.00142,-0.19744,1.25477,-0.60815,0.01403
168169000000,13.37242,-0.16229,0.15568,0.98070,0.00037,-0.00150,-0.19552,1.26357,-0.58340,0.01439
168202000000,13.41427,-0.18081,0.15612,0.98124,0.00032,-0.00149,-0.19277,1.26903,-0.55185,0.01407
168235000000,13.45644,-0.19755,0.15606,0.98194,0.00023,-0.00150,-0.18917,1.27417,-0.51477,0.01450
168268000000,13.49836,-0.21381,0.15671,0.98279,0.00018,-0.00153,-0.18474,1.27898,-0.47864,0.01535
168301000000,13.54047,-0.22791,0.15669,0.98378,0.00011,-0.00157,-0.17939,1.28422,-0.43742,0.01448
168334000000,13.58293,-0.24217,0.15729,0.98487,0.00007,-0.00157,-0.17330,1.29202,-0.40040,0.01462
168367000000,13.62569,-0.25409,0.15707,0.98605,0.00004,-0.00155,-0.16645,1.29595,-0.35627,0.01369
168400000000,13.66883,-0.26443,0.15697,0.98730,-0.00005,-0.00146,-0.15885,1.29894,-0.30946,0.01278
168433000000,13.71173,-0.27324,0.15713,0.98860,-0.00011,-0.00148,-0.15056,1.30066,-0.26103,0.01322
168466000000,13.75503,-0.28079,0.15703,0.98992,-0.00024,-0.00151,-0.14159,1.30370,-0.21188,0.01296
168499000000,13.79828,-0.28688,0.15703,0.99125,-0.00026,-0.00145,-0.13201,1.30783,-0.16220,0.01213
168532000000,13.84164,-0.29109,0.15727,0.99254,-0.00033,-0.00141,-0.12188,1.31154,-0.11264,0.01313
168565000000,13.88479,-0.29361,0.15759,0.99378,-0.00035,-0.00140,-0.11138,1.31599,-0.06176,0.01361
168598000000,13.92800,-0.29426,0.15791,0.99493,-0.00042,-0.00144,-0.10059,1.32070,-0.01089,0.01376
168631000000,13.97128,-0.29324,0.15820,0.99597,-0.00051,-0.00148,-0.08968,1.32561,0.03892,0.01282
168664000000,14.01524,-0.29085,0.15841,0.99690,-0.00057,-0.00146,-0.07864,1.34504,0.08611,0.01291
168697000000,14.05989,-0.28696,0.15868,0.99772,-0.00057,-0.00145,-0.06751,1.36413,0.13342,0.01214
168730000000,14.10528,-0.28157,0.15886,0.99841,-0.00058,-0.00144,-0.05627,1.38183,0.18052,0.01132
168763000000,14.15109,-0.27456,0.15907,0.99899,-0.00062,-0.00142,-0.04495,1.39807,0.22784,0.01053
168796000000,14.19764,-0.26612,0.15923,0.99944,-0.00066,-0.00143,-0.03349,1.41586,0.27403,0.00994
168829000000,14.24474,-0.25614,0.15935,0.99976,-0.00072,-0.00136,-0.02185,1.43300,0.31911,0.00941
168862000000,14.29245,-0.24470,0.15942,0.99995,-0.00075,-0.00128,-0.01004,1.45126,0.36636,0.00818
168895000000,14.34090,-0.23176,0.15947,1.00000,-0.00081,-0.00127,0.00205,1.47241,0.41520,0.00756
168928000000,14.38995,-0.21725,0.15954,0.99989,-0.00086,-0.00124,0.01449,1.48023,0.46073,0.00720
168961000000,14.43826,-0.20169,0.15961,0.99964,-0.00087,-0.00122,0.02688,1.43690,0.48750,0.00649
168994000000,14.48434,-0.18555,0.15965,0.99924,-0.00083,-0.00121,0.03888,1.36320,0.49839,0.00672
169027000000,14.52927,-0.16951,0.15974,0.99876,-0.00083,-0.00122,0.04982,1.33019,0.47168,0.00680
169060000000,14.57253,-0.15449,0.15986,0.99825,-0.00088,-0.00122,0.05913,1.28673,0.43786,0.00599
169093000000,14.61457,-0.14075,0.15993,0.99777,-0.00088,-0.00120,0.06679,1.25422,0.40455,0.00524
169126000000,14.65546,-0.12741,0.16000,0.99729,-0.00089,-0.00119,0.07356,1.21754,0.40852,0.00558
169159000000,14.69626,-0.11358,0.16010,0.99678,-0.00088,-0.00115,0.08014,1.23097,0.42555,0.00606
169192000000,14.73705,-0.09944,0.16016,0.99626,-0.00087,-0.00114,0.08637,1.23467,0.44007,0.00694
169225000000,14.77815,-0.08485,0.16029,0.99573,-0.00088,-0.00119,0.09226,1.23659,0.44525,0.00682
169258000000,14.81853,-0.07024,0.16051,0.99523,-0.00090,-0.00123,0.09759,1.20464,0.43880,0.00749
169291000000,14.85773,-0.05616,0.16062,0.99476,-0.00090,-0.00124,0.10220,1.16797,0.42399,0.00724
169324000000,14.89563,-0.04238,0.16088,0.99436,-0.00091,-0.00119,0.10607,1.12729,0.40749,0.00808
169357000000,14.93238,-0.02936,0.16097,0.99403,-0.00094,-0.00120,0.10908,1.09861,0.39014,0.00827
169390000000,14.96776,-0.01688,0.16128,0.99376,-0.00092,-0.00122,0.11153,1.05224,0.36562,0.00890
169423000000,15.00192,-0.00542,0.16136,0.99358,-0.00092,-0.00120,0.11310,1.01953,0.34047,0.00906
169456000000,15.03511,0.00547,0.16164,0.99347,-0.00098,-0.00121,0.11410,0.99610,0.32400,0.00924
169489000000,15.06787,0.01591,0.16172,0.99336,-0.00095,-0.00122,0.11506,0.99371,0.31719,0.00939
169522000000,15.10064,0.02614,0.16205,0.99324,-0.00096,-0.00117,0.11605,0.98014,0.30923,0.00994
169555000000,15.13324,0.03620,0.16209,0.99312,-0.00092,-0.00121,0.11710,0.97856,0.30683,0.01013
169588000000,15.16547,0.04628,0.16244,0.99298,-0.00090,-0.00116,0.11825,0.98081,0.30831,0.01100
169621000000,15.19719,0.05628,0.16279,0.99282,-0.00093,-0.00116,0.11961,0.96064,0.30434,0.01040
169654000000,15.22869,0.06590,0.16278,0.99265,-0.00092,-0.00116,0.12105,0.93300,0.29533,0.00920
169687000000,15.25950,0.07557,0.16305,0.99249,-0.00095,-0.00119,0.12230,0.94588,0.29913,0.00969
169720000000,15.29092,0.08531,0.16333,0.99237,-0.00095,-0.00116,0.12332,0.96386,0.30125,0.01035
169753000000,15.32348,0.09495,0.16320,0.99227,-0.00095,-0.00115,0.12408,0.98084,0.30176,0.00874
169786000000,15.35576,0.10471,0.16363,0.99221,-0.00093,-0.00109,0.12459,1.00021,0.30459,0.00904
169819000000,15.38890,0.11458,0.16390,0.99218,-0.00099,-0.00110,0.12480,1.01675,0.30027,0.00929
169852000000,15.42263,0.12405,0.16383,0.99219,-0.00097,-0.00112,0.12470,1.02188,0.29325,0.00881
169885000000,15.45679,0.13369,0.16407,0.99224,-0.00094,-0.00115,0.12436,1.05150,0.29267,0.00937
169918000000,15.49161,0.14323,0.16442,0.99234,-0.00097,-0.00116,0.12349,1.05374,0.28220,0.00966
169951000000,15.52708,0.15205,0.16450,0.99249,-0.00096,-0.00111,0.12229,1.09122,0.27652,0.00956
169984000000,15.56310,0.16093,0.16484,0.99270,-0.00094,-0.00115,0.12058,1.09583,0.26373,0.00980
170017000000,15.59998,0.16918,0.16498,0.99295,-0.00095,-0.00118,0.11849,1.12382,0.25433,0.00963
170050000000,15.63691,0.17715,0.16526,0.99325,-0.00096,-0.00117,0.11595,1.09965,0.23269,0.01026
170083000000,15.67304,0.18428,0.16528,0.99355,-0.00093,-0.00120,0.11339,1.09488,0.21966,0.00975
170116000000,15.70901,0.19111,0.16556,0.99383,-0.00093,-0.00122,0.11092,1.07841,0.20519,0.00940
170149000000,15.74514,0.19716,0.16536,0.99408,-0.00086,-0.00123,0.10863,1.08077,0.19698,0.00881
170182000000,15.78058,0.20341,0.16570,0.99432,-0.00081,-0.00124,0.10645,1.06577,0.18811,0.00886
170215000000,15.81629,0.20895,0.16555,0.99452,-0.00076,-0.00118,0.10452,1.06618,0.18102,0.00734
170248000000,15.85125,0.21491,0.16581,0.99469,-0.00073,-0.00117,0.10292,1.05498,0.19300,0.00831
170281000000,15.88543,0.22160,0.16566,0.99474,-0.00070,-0.00114,0.10244,1.01964,0.22874,0.00825
170314000000,15.91858,0.22909,0.16594,0.99474,-0.00074,-0.00110,0.10246,0.99202,0.22215,0.00834
170347000000,15.95119,0.23619,0.16614,0.99473,-0.00072,-0.00114,0.10254,0.98916,0.22143,0.00790
170380000000,15.98273,0.24272,0.16591,0.99473,-0.00071,-0.00113,0.10256,0.92356,0.20775,0.00694
170413000000,16.01298,0.24952,0.16617,0.99472,-0.00072,-0.00116,0.10261,0.90501,0.20437,0.00726
170446000000,16.04206,0.25584,0.16646,0.99472,-0.00075,-0.00114,0.10263,0.86556,0.19451,0.00786
170479000000,16.07055,0.26129,0.16626,0.99472,-0.00069,-0.00110,0.10262,0.83223,0.18637,0.00657
170512000000,16.09760,0.26714,0.16655,0.99472,-0.00067,-0.00103,0.10262,0.81618,0.18383,0.00661
170545000000,16.12419,0.27311,0.16683,0.99472,-0.00066,-0.00106,0.10262,0.78034,0.17626,0.00663
170578000000,16.15078,0.27797,0.16669,0.99472,-0.00056,-0.00102,0.10263,0.76572,0.17107,0.00540
170611000000,16.17526,0.28345,0.16688,0.99472,-0.00057,-0.00102,0.10261,0.73744,0.16686,0.00625
170644000000,16.19924,0.28866,0.16711,0.99472,-0.00057,-0.00100,0.10261,0.70857,0.16080,0.00765
170677000000,16.22344,0.29309,0.16704,0.99472,-0.00055,-0.00094,0.10261,0.68498,0.15389,0.00850
170710000000,16.24523,0.29803,0.16741,0.99472,-0.00051,-0.00097,0.10263,0.66489,0.14965,0.00956
170743000000,16.26709,0.30276,0.16762,0.99472,-0.00047,-0.00096,0.10266,0.63693,0.14436,0.00874
170776000000,16.28945,0.30644,0.16763,0.99472,-0.00034,-0.00084,0.10266,0.62116,0.13862,0.00800
170809000000,16.30981,0.31079,0.16795,0.99471,-0.00033,-0.00083,0.10273,0.59538,0.13253,0.00613
170842000000,16.32920,0.31493,0.16806,0.99471,-0.00035,-0.00088,0.10270,0.58213,0.12889,0.00519
170875000000,16.34932,0.31831,0.16800,0.99471,-0.00027,-0.00087,0.10272,0.54736,0.12036,0.00616
170908000000,16.36668,0.32217,0.16829,0.99471,-0.00029,-0.00091,0.10275,0.53493,0.11804,0.00659
170941000000,16.38375,0.32587,0.16841,0.99471,-0.00023,-0.00092,0.10273,0.47878,0.10599,0.00623
170974000000,16.39983,0.32943,0.16843,0.99471,-0.00027,-0.00093,0.10273,0.47371,0.10468,0.00582
171007000000,16.41716,0.33180,0.16812,0.99472,-0.00019,-0.00085,0.10267,0.43314,0.09413,0.00476
171040000000,16.43087,0.33501,0.16845,0.99471,-0.00021,-0.00090,0.10269,0.40403,0.08983,0.00610
171073000000,16.44451,0.33790,0.16866,0.99471,-0.00018,-0.00089,0.10268,0.38877,0.08762,0.00674
171106000000,16.45731,0.34068,0.16873,0.99471,-0.00019,-0.00094,0.10268,0.37680,0.08439,0.00587
171139000000,16.47004,0.34342,0.16874,0.99471,-0.00019,-0.00096,0.10269,0.37748,0.08398,0.00464
171172000000,16.48525,0.34535,0.16806,0.99471,-0.00013,-0.00086,0.10268,0.33551,0.07333,0.00330
171205000000,16.49446,0.34771,0.16830,0.99471,-0.00013,-0.00089,0.10270,0.30281,0.06930,0.00319
171238000000,16.50431,0.34973,0.16835,0.99471,-0.00007,-0.00086,0.10268,0.26981,0.06200,0.00360
171271000000,16.51313,0.35158,0.16839,0.99471,-0.00002,-0.00086,0.10270,0.24609,0.05750,0.00282
171304000000,16.52116,0.35327,0.16852,0.99471,-0.00001,-0.00082,0.10272,0.22798,0.05319,0.00306
171337000000,16.53102,0.35414,0.16793,0.99472,0.00005,-0.00076,0.10266,0.20387,0.04574,0.00242
171370000000,16.53635,0.35583,0.16799,0.99471,-0.00001,-0.00081,0.10271,0.17379,0.04147,0.00168
171403000000,16.54204,0.35714,0.16795,0.99471,0.00001,-0.00083,0.10268,0.14148,0.03457,0.00172
171436000000,16.54668,0.35803,0.16796,0.99471,0.00007,-0.00084,0.10269,0.14320,0.03379,0.00276
171469000000,16.55081,0.35881,0.16807,0.99471,0.00009,-0.00081,0.10272,0.10093,0.02430,0.00362
171502000000,16.55400,0.35944,0.16816,0.99471,0.00014,-0.00083,0.10273,0.10131,0.02452,0.00396
171535000000,16.55612,0.35979,0.16825,0.99471,0.00016,-0.00081,0.10273,0.05732,0.01377,0.00428
171568000000,16.55754,0.36006,0.16836,0.99471,0.00015,-0.00081,0.10276,0.03901,0.01081,0.00475
171601000000,16.55790,0.35995,0.16840,0.99470,0.00015,-0.00084,0.10285,0.01293,0.00378,0.00477
171634000000,16.55812,0.35978,0.16845,0.99469,0.00012,-0.00082,0.10288,0.01349,0.00378,0.00509
171667000000,16.56068,0.35700,0.16802,0.99470,0.00032,-0.00072,0.10285,0.01764,-0.00214,0.00505
171700000000,16.55904,0.35881,0.16816,0.99470,0.00019,-0.00079,0.10285,0.01472,0.00240,0.00616
171733000000,16.55904,0.35876,0.16827,0.99469,0.00015,-0.00078,0.10289,0.01437,0.00302,0.00729
171766000000,16.55901,0.35864,0.16845,0.99469,0.00010,-0.00074,0.10292,0.01323,0.00182,0.00847
171799000000,16.55888,0.35850,0.16856,0.99469,0.00010,-0.00083,0.10294,0.01245,0.00110,0.00898
171832000000,16.55867,0.35838,0.16861,0.99469,0.00009,-0.00083,0.10294,0.01076,0.00241,0.00873
171865000000,16.55845,0.35831,0.16871,0.99469,0.00008,-0.00082,0.10294,0.01006,0.00207,0.00876
